 GCCcore/13.2.0 loaded.
 zlib/1.2.13 loaded.
 binutils/2.40 loaded.
 GCC/13.2.0 loaded.
 libcxi/1.0.2 loaded.
 libfabric/2.2.0rc1 loaded.
 CUDA/12.4.0 loaded.
 OpenMPI/5.0.3 loaded.
 OpenBLAS/0.3.24 loaded.
 FlexiBLAS/3.3.1 loaded.
 FFTW/3.3.10 loaded.
 FFTW.MPI/3.3.10 loaded.
 ScaLAPACK/2.2.0-fb loaded.
 foss/2023b loaded.
 numactl/2.0.16 loaded.
 XZ/5.4.4 loaded.
 libxml2/2.11.5 loaded.
 libpciaccess/0.17 loaded.
 hwloc/2.9.2 loaded.
 ncurses/6.4 loaded.
 GMP/6.3.0 loaded.
 bzip2/1.0.8 loaded.
 libreadline/8.2 loaded.
 Tcl/8.6.13 loaded.
 SQLite/3.43.1 loaded.
 libffi/3.4.4 loaded.
 OpenSSL/1.1 loaded.
 Python/3.11.5 loaded.
 Z3/4.13.0 loaded.
 Clang/17.0.6-CUDA-12.4.0 loaded.
 magma/2.7.2-CUDA-12.4.0 loaded.
 cuDNN/9.2.1.18-CUDA-12.4.0 loaded.
 NCCL/2.20.5-CUDA-12.4.0 loaded.
 NASM/2.16.01 loaded.
 libjpeg-turbo/3.0.1 loaded.
 libpng/1.6.40 loaded.
 x264/20231019 loaded.
 LAME/3.100 loaded.
 x265/3.5 loaded.
 expat/2.5.0 loaded.
 Brotli/1.1.0 loaded.
 freetype/2.13.2 loaded.
 util-linux/2.39 loaded.
 fontconfig/2.14.2 loaded.
 xorg-macros/1.20.0 loaded.
 X11/20231019 loaded.
 FriBidi/1.0.13 loaded.
 SDL2/2.28.5 loaded.
 FFmpeg/6.0 loaded.
 libogg/1.3.5 loaded.
 FLAC/1.4.2 loaded.
 libvorbis/1.3.7 loaded.
 libopus/1.4 loaded.
 mpg123/1.32.10 loaded.
 libsndfile/1.2.2 loaded.
 cuSPARSELt/0.6.1.0-CUDA-12.4.0 loaded.
 Szip/2.1.1 loaded.
 HDF5/1.14.3 loaded.
---------------------------WARNING-----------------------
Due to performance issues OMP_NUM_THREADS is set to 1
If you see performance drop, carefully test larger values
--------------------------------------------------------- 
 ML-bundle/24.06a loaded.
warning: Using incompatible environment (`/net/scratch/hscra/plgrid/plgsmendowski12/.venv_ts2img`) due to `--no-sync` (The project environment's Python version does not satisfy the request: `Python 3.10.13`)
2026-02-08 16:05:54.431 | INFO     | src.pipelines.transform_time_series_to_images:run_pipeline:33 - Loading configuration from configs/default.yaml
2026-02-08 16:05:54.454 | INFO     | src.pipelines.transform_time_series_to_images:run_pipeline:45 - Loading data from data/TSB-AD/TSB-AD-U/170_MITDB_id_1_Medical_tr_17675_1st_17775.csv
2026-02-08 16:05:54.519 | INFO     | src.time_series.loaders:load_tsb_ad_u:91 - Found optimal window_len=42
2026-02-08 16:05:54.521 | INFO     | src.pipelines.transform_time_series_to_images:run_pipeline:68 - Transforming 170_MITDB_id_1_Medical_tr_17675_1st_17775 using RN
2026-02-08 16:05:54.524 | INFO     | src.pipelines.transform_time_series_to_images:run_pipeline:86 - window_len=42, stride=42, resolution=64x64
2026-02-08 16:05:54.524 | INFO     | src.images.creators:create_png_image_dataset:126 - Running with n_workers: 15 for train=True set
2026-02-08 16:05:56.511 | INFO     | src.images.creators:create_png_image_dataset:126 - Running with n_workers: 15 for train=False set
2026-02-08 16:06:37.930 | INFO     | src.pipelines.transform_time_series_to_images:run_pipeline:166 - Saved metadata to /net/scratch/hscra/plgrid/plgsmendowski12/ts2i_images/MITDB/170_MITDB_id_1_Medical_tr_17675_1st_17775_ts2i_RN_metadata.json
2026-02-08 16:06:46.364 | INFO     | src.pipelines.transform_time_series_to_images:run_pipeline:169 - Saved to /net/scratch/hscra/plgrid/plgsmendowski12/ts2i_images/MITDB/170_MITDB_id_1_Medical_tr_17675_1st_17775_ts2i_RN.zip
2026-02-08 16:06:49.204 | INFO     | src.pipelines.transform_time_series_to_images:run_pipeline:68 - Transforming 170_MITDB_id_1_Medical_tr_17675_1st_17775 using SG
2026-02-08 16:06:49.207 | INFO     | src.pipelines.transform_time_series_to_images:run_pipeline:86 - window_len=42, stride=42, resolution=64x64
2026-02-08 16:06:49.207 | INFO     | src.images.creators:create_png_image_dataset:126 - Running with n_workers: 15 for train=True set
2026-02-08 16:06:50.724 | INFO     | src.images.creators:create_png_image_dataset:126 - Running with n_workers: 15 for train=False set
2026-02-08 16:07:24.302 | INFO     | src.pipelines.transform_time_series_to_images:run_pipeline:166 - Saved metadata to /net/scratch/hscra/plgrid/plgsmendowski12/ts2i_images/MITDB/170_MITDB_id_1_Medical_tr_17675_1st_17775_ts2i_SG_metadata.json
2026-02-08 16:07:31.427 | INFO     | src.pipelines.transform_time_series_to_images:run_pipeline:169 - Saved to /net/scratch/hscra/plgrid/plgsmendowski12/ts2i_images/MITDB/170_MITDB_id_1_Medical_tr_17675_1st_17775_ts2i_SG.zip
2026-02-08 16:07:34.143 | INFO     | src.pipelines.transform_time_series_to_images:run_pipeline:68 - Transforming 170_MITDB_id_1_Medical_tr_17675_1st_17775 using LP
2026-02-08 16:07:34.146 | INFO     | src.pipelines.transform_time_series_to_images:run_pipeline:86 - window_len=42, stride=42, resolution=64x64
2026-02-08 16:07:34.146 | INFO     | src.images.creators:create_png_image_dataset:126 - Running with n_workers: 15 for train=True set
2026-02-08 16:07:37.015 | INFO     | src.images.creators:create_png_image_dataset:126 - Running with n_workers: 15 for train=False set
2026-02-08 16:08:49.226 | INFO     | src.pipelines.transform_time_series_to_images:run_pipeline:166 - Saved metadata to /net/scratch/hscra/plgrid/plgsmendowski12/ts2i_images/MITDB/170_MITDB_id_1_Medical_tr_17675_1st_17775_ts2i_LP_metadata.json
2026-02-08 16:08:56.366 | INFO     | src.pipelines.transform_time_series_to_images:run_pipeline:169 - Saved to /net/scratch/hscra/plgrid/plgsmendowski12/ts2i_images/MITDB/170_MITDB_id_1_Medical_tr_17675_1st_17775_ts2i_LP.zip
2026-02-08 16:08:59.037 | INFO     | src.pipelines.transform_time_series_to_images:run_pipeline:68 - Transforming 170_MITDB_id_1_Medical_tr_17675_1st_17775 using GASF
2026-02-08 16:08:59.039 | INFO     | src.pipelines.transform_time_series_to_images:run_pipeline:86 - window_len=42, stride=42, resolution=64x64
2026-02-08 16:08:59.039 | INFO     | src.images.creators:create_png_image_dataset:126 - Running with n_workers: 15 for train=True set
2026-02-08 16:10:30.288 | INFO     | src.images.creators:create_png_image_dataset:126 - Running with n_workers: 15 for train=False set
2026-02-08 16:12:46.755 | INFO     | src.pipelines.transform_time_series_to_images:run_pipeline:166 - Saved metadata to /net/scratch/hscra/plgrid/plgsmendowski12/ts2i_images/MITDB/170_MITDB_id_1_Medical_tr_17675_1st_17775_ts2i_GASF_metadata.json
2026-02-08 16:12:55.077 | INFO     | src.pipelines.transform_time_series_to_images:run_pipeline:169 - Saved to /net/scratch/hscra/plgrid/plgsmendowski12/ts2i_images/MITDB/170_MITDB_id_1_Medical_tr_17675_1st_17775_ts2i_GASF.zip
2026-02-08 16:12:57.320 | INFO     | src.pipelines.transform_time_series_to_images:run_pipeline:68 - Transforming 170_MITDB_id_1_Medical_tr_17675_1st_17775 using GADF
2026-02-08 16:12:57.322 | INFO     | src.pipelines.transform_time_series_to_images:run_pipeline:86 - window_len=42, stride=42, resolution=64x64
2026-02-08 16:12:57.322 | INFO     | src.images.creators:create_png_image_dataset:126 - Running with n_workers: 15 for train=True set
2026-02-08 16:14:29.426 | INFO     | src.images.creators:create_png_image_dataset:126 - Running with n_workers: 15 for train=False set
2026-02-08 16:16:46.076 | INFO     | src.pipelines.transform_time_series_to_images:run_pipeline:166 - Saved metadata to /net/scratch/hscra/plgrid/plgsmendowski12/ts2i_images/MITDB/170_MITDB_id_1_Medical_tr_17675_1st_17775_ts2i_GADF_metadata.json
2026-02-08 16:16:53.997 | INFO     | src.pipelines.transform_time_series_to_images:run_pipeline:169 - Saved to /net/scratch/hscra/plgrid/plgsmendowski12/ts2i_images/MITDB/170_MITDB_id_1_Medical_tr_17675_1st_17775_ts2i_GADF.zip
2026-02-08 16:16:56.513 | INFO     | src.pipelines.transform_time_series_to_images:run_pipeline:68 - Transforming 170_MITDB_id_1_Medical_tr_17675_1st_17775 using MTF
2026-02-08 16:16:56.515 | INFO     | src.pipelines.transform_time_series_to_images:run_pipeline:86 - window_len=42, stride=42, resolution=64x64
2026-02-08 16:16:56.515 | INFO     | src.images.creators:create_png_image_dataset:126 - Running with n_workers: 15 for train=True set
2026-02-08 16:18:08.138 | INFO     | src.images.creators:create_png_image_dataset:126 - Running with n_workers: 15 for train=False set
2026-02-08 16:20:02.092 | INFO     | src.pipelines.transform_time_series_to_images:run_pipeline:166 - Saved metadata to /net/scratch/hscra/plgrid/plgsmendowski12/ts2i_images/MITDB/170_MITDB_id_1_Medical_tr_17675_1st_17775_ts2i_MTF_metadata.json
2026-02-08 16:20:10.266 | INFO     | src.pipelines.transform_time_series_to_images:run_pipeline:169 - Saved to /net/scratch/hscra/plgrid/plgsmendowski12/ts2i_images/MITDB/170_MITDB_id_1_Medical_tr_17675_1st_17775_ts2i_MTF.zip
2026-02-08 16:20:12.800 | INFO     | src.pipelines.transform_time_series_to_images:run_pipeline:68 - Transforming 170_MITDB_id_1_Medical_tr_17675_1st_17775 using RP
2026-02-08 16:20:12.803 | INFO     | src.pipelines.transform_time_series_to_images:run_pipeline:86 - window_len=42, stride=42, resolution=64x64
2026-02-08 16:20:12.803 | INFO     | src.images.creators:create_png_image_dataset:126 - Running with n_workers: 15 for train=True set
2026-02-08 16:20:14.523 | INFO     | src.images.creators:create_png_image_dataset:126 - Running with n_workers: 15 for train=False set
2026-02-08 16:20:53.396 | INFO     | src.pipelines.transform_time_series_to_images:run_pipeline:166 - Saved metadata to /net/scratch/hscra/plgrid/plgsmendowski12/ts2i_images/MITDB/170_MITDB_id_1_Medical_tr_17675_1st_17775_ts2i_RP_metadata.json
2026-02-08 16:21:00.374 | INFO     | src.pipelines.transform_time_series_to_images:run_pipeline:169 - Saved to /net/scratch/hscra/plgrid/plgsmendowski12/ts2i_images/MITDB/170_MITDB_id_1_Medical_tr_17675_1st_17775_ts2i_RP.zip
2026-02-08 16:21:02.946 | INFO     | src.pipelines.transform_time_series_to_images:run_pipeline:68 - Transforming 170_MITDB_id_1_Medical_tr_17675_1st_17775 using RWT
2026-02-08 16:21:02.948 | INFO     | src.pipelines.transform_time_series_to_images:run_pipeline:86 - window_len=42, stride=42, resolution=64x64
2026-02-08 16:21:02.948 | INFO     | src.images.creators:create_png_image_dataset:126 - Running with n_workers: 15 for train=True set
2026-02-08 16:21:05.135 | INFO     | src.images.creators:create_png_image_dataset:126 - Running with n_workers: 15 for train=False set
2026-02-08 16:21:57.048 | INFO     | src.pipelines.transform_time_series_to_images:run_pipeline:166 - Saved metadata to /net/scratch/hscra/plgrid/plgsmendowski12/ts2i_images/MITDB/170_MITDB_id_1_Medical_tr_17675_1st_17775_ts2i_RWT_metadata.json
2026-02-08 16:22:04.495 | INFO     | src.pipelines.transform_time_series_to_images:run_pipeline:169 - Saved to /net/scratch/hscra/plgrid/plgsmendowski12/ts2i_images/MITDB/170_MITDB_id_1_Medical_tr_17675_1st_17775_ts2i_RWT.zip
2026-02-08 16:22:06.814 | INFO     | src.pipelines.transform_time_series_to_images:run_pipeline:68 - Transforming 170_MITDB_id_1_Medical_tr_17675_1st_17775 using MWT
2026-02-08 16:22:06.816 | INFO     | src.pipelines.transform_time_series_to_images:run_pipeline:86 - window_len=42, stride=42, resolution=64x64
2026-02-08 16:22:06.816 | INFO     | src.images.creators:create_png_image_dataset:126 - Running with n_workers: 15 for train=True set
2026-02-08 16:22:09.409 | INFO     | src.images.creators:create_png_image_dataset:126 - Running with n_workers: 15 for train=False set
2026-02-08 16:22:59.505 | INFO     | src.pipelines.transform_time_series_to_images:run_pipeline:166 - Saved metadata to /net/scratch/hscra/plgrid/plgsmendowski12/ts2i_images/MITDB/170_MITDB_id_1_Medical_tr_17675_1st_17775_ts2i_MWT_metadata.json
2026-02-08 16:23:06.952 | INFO     | src.pipelines.transform_time_series_to_images:run_pipeline:169 - Saved to /net/scratch/hscra/plgrid/plgsmendowski12/ts2i_images/MITDB/170_MITDB_id_1_Medical_tr_17675_1st_17775_ts2i_MWT.zip
2026-02-08 16:23:09.579 | INFO     | src.pipelines.transform_time_series_to_images:run_pipeline:68 - Transforming 170_MITDB_id_1_Medical_tr_17675_1st_17775 using SPIRAL
2026-02-08 16:23:09.582 | INFO     | src.pipelines.transform_time_series_to_images:run_pipeline:86 - window_len=42, stride=42, resolution=64x64
2026-02-08 16:23:09.582 | INFO     | src.images.creators:create_png_image_dataset:126 - Running with n_workers: 15 for train=True set
2026-02-08 16:23:11.304 | INFO     | src.images.creators:create_png_image_dataset:126 - Running with n_workers: 15 for train=False set
2026-02-08 16:23:51.963 | INFO     | src.pipelines.transform_time_series_to_images:run_pipeline:166 - Saved metadata to /net/scratch/hscra/plgrid/plgsmendowski12/ts2i_images/MITDB/170_MITDB_id_1_Medical_tr_17675_1st_17775_ts2i_SPIRAL_metadata.json
2026-02-08 16:23:59.954 | INFO     | src.pipelines.transform_time_series_to_images:run_pipeline:169 - Saved to /net/scratch/hscra/plgrid/plgsmendowski12/ts2i_images/MITDB/170_MITDB_id_1_Medical_tr_17675_1st_17775_ts2i_SPIRAL.zip
2026-02-08 16:24:02.207 | INFO     | src.pipelines.transform_time_series_to_images:run_pipeline:45 - Loading data from data/TSB-AD/TSB-AD-U/171_MITDB_id_2_Medical_tr_50000_1st_88864.csv
2026-02-08 16:24:02.290 | INFO     | src.time_series.loaders:load_tsb_ad_u:91 - Found optimal window_len=10
2026-02-08 16:24:02.292 | INFO     | src.pipelines.transform_time_series_to_images:run_pipeline:68 - Transforming 171_MITDB_id_2_Medical_tr_50000_1st_88864 using RN
2026-02-08 16:24:02.295 | INFO     | src.pipelines.transform_time_series_to_images:run_pipeline:86 - window_len=10, stride=10, resolution=64x64
2026-02-08 16:24:02.295 | INFO     | src.images.creators:create_png_image_dataset:126 - Running with n_workers: 15 for train=True set
2026-02-08 16:24:20.541 | INFO     | src.images.creators:create_png_image_dataset:126 - Running with n_workers: 15 for train=False set
2026-02-08 16:28:02.080 | INFO     | src.pipelines.transform_time_series_to_images:run_pipeline:166 - Saved metadata to /net/scratch/hscra/plgrid/plgsmendowski12/ts2i_images/MITDB/171_MITDB_id_2_Medical_tr_50000_1st_88864_ts2i_RN_metadata.json
2026-02-08 16:28:48.573 | INFO     | src.pipelines.transform_time_series_to_images:run_pipeline:169 - Saved to /net/scratch/hscra/plgrid/plgsmendowski12/ts2i_images/MITDB/171_MITDB_id_2_Medical_tr_50000_1st_88864_ts2i_RN.zip
2026-02-08 16:29:03.524 | INFO     | src.pipelines.transform_time_series_to_images:run_pipeline:68 - Transforming 171_MITDB_id_2_Medical_tr_50000_1st_88864 using SG
2026-02-08 16:29:03.527 | INFO     | src.pipelines.transform_time_series_to_images:run_pipeline:86 - window_len=10, stride=10, resolution=64x64
2026-02-08 16:29:03.527 | INFO     | src.images.creators:create_png_image_dataset:126 - Running with n_workers: 15 for train=True set
2026-02-08 16:29:18.086 | INFO     | src.images.creators:create_png_image_dataset:126 - Running with n_workers: 15 for train=False set
2026-02-08 16:32:06.722 | INFO     | src.pipelines.transform_time_series_to_images:run_pipeline:166 - Saved metadata to /net/scratch/hscra/plgrid/plgsmendowski12/ts2i_images/MITDB/171_MITDB_id_2_Medical_tr_50000_1st_88864_ts2i_SG_metadata.json
2026-02-08 16:32:43.229 | INFO     | src.pipelines.transform_time_series_to_images:run_pipeline:169 - Saved to /net/scratch/hscra/plgrid/plgsmendowski12/ts2i_images/MITDB/171_MITDB_id_2_Medical_tr_50000_1st_88864_ts2i_SG.zip
2026-02-08 16:32:57.904 | INFO     | src.pipelines.transform_time_series_to_images:run_pipeline:68 - Transforming 171_MITDB_id_2_Medical_tr_50000_1st_88864 using LP
2026-02-08 16:32:57.906 | INFO     | src.pipelines.transform_time_series_to_images:run_pipeline:86 - window_len=10, stride=10, resolution=64x64
2026-02-08 16:32:57.906 | INFO     | src.images.creators:create_png_image_dataset:126 - Running with n_workers: 15 for train=True set
2026-02-08 16:33:29.059 | INFO     | src.images.creators:create_png_image_dataset:126 - Running with n_workers: 15 for train=False set
2026-02-08 16:39:43.984 | INFO     | src.pipelines.transform_time_series_to_images:run_pipeline:166 - Saved metadata to /net/scratch/hscra/plgrid/plgsmendowski12/ts2i_images/MITDB/171_MITDB_id_2_Medical_tr_50000_1st_88864_ts2i_LP_metadata.json
2026-02-08 16:40:20.796 | INFO     | src.pipelines.transform_time_series_to_images:run_pipeline:169 - Saved to /net/scratch/hscra/plgrid/plgsmendowski12/ts2i_images/MITDB/171_MITDB_id_2_Medical_tr_50000_1st_88864_ts2i_LP.zip
2026-02-08 16:40:35.892 | INFO     | src.pipelines.transform_time_series_to_images:run_pipeline:68 - Transforming 171_MITDB_id_2_Medical_tr_50000_1st_88864 using GASF
2026-02-08 16:40:35.895 | INFO     | src.pipelines.transform_time_series_to_images:run_pipeline:86 - window_len=10, stride=10, resolution=64x64
2026-02-08 16:40:35.895 | INFO     | src.images.creators:create_png_image_dataset:126 - Running with n_workers: 15 for train=True set
2026-02-08 16:42:22.910 | INFO     | src.images.creators:create_png_image_dataset:126 - Running with n_workers: 15 for train=False set
2026-02-08 16:47:53.753 | INFO     | src.pipelines.transform_time_series_to_images:run_pipeline:166 - Saved metadata to /net/scratch/hscra/plgrid/plgsmendowski12/ts2i_images/MITDB/171_MITDB_id_2_Medical_tr_50000_1st_88864_ts2i_GASF_metadata.json
2026-02-08 16:48:35.669 | INFO     | src.pipelines.transform_time_series_to_images:run_pipeline:169 - Saved to /net/scratch/hscra/plgrid/plgsmendowski12/ts2i_images/MITDB/171_MITDB_id_2_Medical_tr_50000_1st_88864_ts2i_GASF.zip
2026-02-08 16:48:50.236 | INFO     | src.pipelines.transform_time_series_to_images:run_pipeline:68 - Transforming 171_MITDB_id_2_Medical_tr_50000_1st_88864 using GADF
2026-02-08 16:48:50.238 | INFO     | src.pipelines.transform_time_series_to_images:run_pipeline:86 - window_len=10, stride=10, resolution=64x64
2026-02-08 16:48:50.238 | INFO     | src.images.creators:create_png_image_dataset:126 - Running with n_workers: 15 for train=True set
2026-02-08 16:50:37.366 | INFO     | src.images.creators:create_png_image_dataset:126 - Running with n_workers: 15 for train=False set
2026-02-08 16:56:04.588 | INFO     | src.pipelines.transform_time_series_to_images:run_pipeline:166 - Saved metadata to /net/scratch/hscra/plgrid/plgsmendowski12/ts2i_images/MITDB/171_MITDB_id_2_Medical_tr_50000_1st_88864_ts2i_GADF_metadata.json
2026-02-08 16:56:47.137 | INFO     | src.pipelines.transform_time_series_to_images:run_pipeline:169 - Saved to /net/scratch/hscra/plgrid/plgsmendowski12/ts2i_images/MITDB/171_MITDB_id_2_Medical_tr_50000_1st_88864_ts2i_GADF.zip
2026-02-08 16:57:01.774 | INFO     | src.pipelines.transform_time_series_to_images:run_pipeline:68 - Transforming 171_MITDB_id_2_Medical_tr_50000_1st_88864 using MTF
2026-02-08 16:57:01.776 | INFO     | src.pipelines.transform_time_series_to_images:run_pipeline:86 - window_len=10, stride=10, resolution=64x64
2026-02-08 16:57:01.776 | INFO     | src.images.creators:create_png_image_dataset:126 - Running with n_workers: 15 for train=True set
2026-02-08 16:58:26.718 | INFO     | src.images.creators:create_png_image_dataset:126 - Running with n_workers: 15 for train=False set
2026-02-08 17:03:20.055 | INFO     | src.pipelines.transform_time_series_to_images:run_pipeline:166 - Saved metadata to /net/scratch/hscra/plgrid/plgsmendowski12/ts2i_images/MITDB/171_MITDB_id_2_Medical_tr_50000_1st_88864_ts2i_MTF_metadata.json
2026-02-08 17:24:53.246 | INFO     | src.pipelines.transform_time_series_to_images:run_pipeline:169 - Saved to /net/scratch/hscra/plgrid/plgsmendowski12/ts2i_images/MITDB/171_MITDB_id_2_Medical_tr_50000_1st_88864_ts2i_MTF.zip
2026-02-08 17:25:08.229 | INFO     | src.pipelines.transform_time_series_to_images:run_pipeline:68 - Transforming 171_MITDB_id_2_Medical_tr_50000_1st_88864 using RP
2026-02-08 17:25:08.231 | INFO     | src.pipelines.transform_time_series_to_images:run_pipeline:86 - window_len=10, stride=10, resolution=64x64
2026-02-08 17:25:08.231 | INFO     | src.images.creators:create_png_image_dataset:126 - Running with n_workers: 15 for train=True set
2026-02-08 17:25:22.138 | INFO     | src.images.creators:create_png_image_dataset:126 - Running with n_workers: 15 for train=False set
2026-02-08 17:28:05.953 | INFO     | src.pipelines.transform_time_series_to_images:run_pipeline:166 - Saved metadata to /net/scratch/hscra/plgrid/plgsmendowski12/ts2i_images/MITDB/171_MITDB_id_2_Medical_tr_50000_1st_88864_ts2i_RP_metadata.json
2026-02-08 17:28:41.841 | INFO     | src.pipelines.transform_time_series_to_images:run_pipeline:169 - Saved to /net/scratch/hscra/plgrid/plgsmendowski12/ts2i_images/MITDB/171_MITDB_id_2_Medical_tr_50000_1st_88864_ts2i_RP.zip
2026-02-08 17:28:55.637 | INFO     | src.pipelines.transform_time_series_to_images:run_pipeline:68 - Transforming 171_MITDB_id_2_Medical_tr_50000_1st_88864 using RWT
2026-02-08 17:28:55.640 | INFO     | src.pipelines.transform_time_series_to_images:run_pipeline:86 - window_len=10, stride=10, resolution=64x64
2026-02-08 17:28:55.640 | INFO     | src.images.creators:create_png_image_dataset:126 - Running with n_workers: 15 for train=True set
2026-02-08 17:29:14.959 | INFO     | src.images.creators:create_png_image_dataset:126 - Running with n_workers: 15 for train=False set
2026-02-08 17:32:58.676 | INFO     | src.pipelines.transform_time_series_to_images:run_pipeline:166 - Saved metadata to /net/scratch/hscra/plgrid/plgsmendowski12/ts2i_images/MITDB/171_MITDB_id_2_Medical_tr_50000_1st_88864_ts2i_RWT_metadata.json
2026-02-08 17:33:37.649 | INFO     | src.pipelines.transform_time_series_to_images:run_pipeline:169 - Saved to /net/scratch/hscra/plgrid/plgsmendowski12/ts2i_images/MITDB/171_MITDB_id_2_Medical_tr_50000_1st_88864_ts2i_RWT.zip
2026-02-08 17:33:51.371 | INFO     | src.pipelines.transform_time_series_to_images:run_pipeline:68 - Transforming 171_MITDB_id_2_Medical_tr_50000_1st_88864 using MWT
2026-02-08 17:33:51.374 | INFO     | src.pipelines.transform_time_series_to_images:run_pipeline:86 - window_len=10, stride=10, resolution=64x64
2026-02-08 17:33:51.374 | INFO     | src.images.creators:create_png_image_dataset:126 - Running with n_workers: 15 for train=True set
2026-02-08 17:34:10.684 | INFO     | src.images.creators:create_png_image_dataset:126 - Running with n_workers: 15 for train=False set
2026-02-08 17:37:55.661 | INFO     | src.pipelines.transform_time_series_to_images:run_pipeline:166 - Saved metadata to /net/scratch/hscra/plgrid/plgsmendowski12/ts2i_images/MITDB/171_MITDB_id_2_Medical_tr_50000_1st_88864_ts2i_MWT_metadata.json
2026-02-08 17:38:35.601 | INFO     | src.pipelines.transform_time_series_to_images:run_pipeline:169 - Saved to /net/scratch/hscra/plgrid/plgsmendowski12/ts2i_images/MITDB/171_MITDB_id_2_Medical_tr_50000_1st_88864_ts2i_MWT.zip
2026-02-08 17:38:49.459 | INFO     | src.pipelines.transform_time_series_to_images:run_pipeline:68 - Transforming 171_MITDB_id_2_Medical_tr_50000_1st_88864 using SPIRAL
2026-02-08 17:38:49.462 | INFO     | src.pipelines.transform_time_series_to_images:run_pipeline:86 - window_len=10, stride=10, resolution=64x64
2026-02-08 17:38:49.462 | INFO     | src.images.creators:create_png_image_dataset:126 - Running with n_workers: 15 for train=True set
2026-02-08 17:39:02.300 | INFO     | src.images.creators:create_png_image_dataset:126 - Running with n_workers: 15 for train=False set
2026-02-08 17:41:40.004 | INFO     | src.pipelines.transform_time_series_to_images:run_pipeline:166 - Saved metadata to /net/scratch/hscra/plgrid/plgsmendowski12/ts2i_images/MITDB/171_MITDB_id_2_Medical_tr_50000_1st_88864_ts2i_SPIRAL_metadata.json
2026-02-08 17:42:19.440 | INFO     | src.pipelines.transform_time_series_to_images:run_pipeline:169 - Saved to /net/scratch/hscra/plgrid/plgsmendowski12/ts2i_images/MITDB/171_MITDB_id_2_Medical_tr_50000_1st_88864_ts2i_SPIRAL.zip
warning: Using incompatible environment (`/net/scratch/hscra/plgrid/plgsmendowski12/.venv_ts2img`) due to `--no-sync` (The project environment's Python version does not satisfy the request: `Python 3.10.13`)
2026-02-08 17:42:47.698 | INFO     | src.pipelines.train_vision_backbones:run_pipeline:39 - Loading configuration from configs/default.yaml
2026-02-08 17:42:47.722 | INFO     | src.pipelines.train_vision_backbones:run_pipeline:70 - Using zip: /net/scratch/hscra/plgrid/plgsmendowski12/ts2i_images/MITDB/170_MITDB_id_1_Medical_tr_17675_1st_17775_ts2i_RN.zip for transformation RN
2026-02-08 17:43:03.147 | INFO     | src.pipelines.train_vision_backbones:run_pipeline:170 - Train images: 336
2026-02-08 17:43:03.147 | INFO     | src.pipelines.train_vision_backbones:run_pipeline:171 - Test images: 11483
2026-02-08 17:43:03.158 | INFO     | src.pipelines.train_vision_backbones:run_pipeline:176 - Training cnn_autoencoder on RN
2026-02-08 17:43:03.688 | INFO     | src.models.cnn_autoencoder.training:train_autoencoder:22 - Device: cuda | Model on: cuda:0
2026-02-08 17:43:54.137 | INFO     | src.pipelines.train_vision_backbones:run_pipeline:193 - Evaluating cnn_autoencoder on RN
2026-02-08 17:44:03.575 | INFO     | src.models.evaluation:evaluate_tsb_ad_nonoverlapping:65 - Normal (459480) reconstruction error: mean=0.9231, std=0.1893
2026-02-08 17:44:03.575 | INFO     | src.models.evaluation:evaluate_tsb_ad_nonoverlapping:66 - Anomaly (22845) reconstruction error: mean=0.9471, std=0.1190
2026-02-08 17:44:03.575 | INFO     | src.models.evaluation:evaluate_tsb_ad_nonoverlapping:67 - Overlap? Normal max=1.0000, Anomaly min=0.0024
2026-02-08 17:54:06.162 | INFO     | src.models.evaluation:evaluate_tsb_ad_nonoverlapping:83 - {'AUC-PR': 0.04769688834446893, 'AUC-ROC': 0.5170336862287614, 'VUS-PR': np.float64(0.0600044507820957), 'VUS-ROC': np.float64(0.559299313821807), 'Standard-F1': np.float64(0.09611728185985256), 'PA-F1': 0.2728030303030303, 'Event-based-F1': np.float64(0.09905338396629638), 'R-based-F1': 0.08528859022694671, 'Affiliation-F': 0.6889980956317985}
2026-02-08 17:54:06.324 | INFO     | src.pipelines.train_vision_backbones:run_pipeline:170 - Train images: 336
2026-02-08 17:54:06.324 | INFO     | src.pipelines.train_vision_backbones:run_pipeline:171 - Test images: 11483
2026-02-08 17:54:06.580 | INFO     | src.pipelines.train_vision_backbones:run_pipeline:176 - Training resnet18_autoencoder_frozen on RN
2026-02-08 17:54:06.593 | INFO     | src.models.resnet18_autoencoder.training:train_autoencoder_frozen:25 - Device: cuda | Model on: cuda:0
2026-02-08 17:54:52.755 | INFO     | src.pipelines.train_vision_backbones:run_pipeline:193 - Evaluating resnet18_autoencoder_frozen on RN
2026-02-08 17:55:02.829 | INFO     | src.models.evaluation:evaluate_tsb_ad_nonoverlapping:65 - Normal (459480) reconstruction error: mean=0.7806, std=0.1630
2026-02-08 17:55:02.829 | INFO     | src.models.evaluation:evaluate_tsb_ad_nonoverlapping:66 - Anomaly (22845) reconstruction error: mean=0.8013, std=0.1063
2026-02-08 17:55:02.830 | INFO     | src.models.evaluation:evaluate_tsb_ad_nonoverlapping:67 - Overlap? Normal max=1.0000, Anomaly min=0.0031
2026-02-08 18:03:52.579 | INFO     | src.models.evaluation:evaluate_tsb_ad_nonoverlapping:83 - {'AUC-PR': 0.05075877460367932, 'AUC-ROC': 0.509649410555802, 'VUS-PR': np.float64(0.06059648484713813), 'VUS-ROC': np.float64(0.5596919362265906), 'Standard-F1': np.float64(0.09685015591103997), 'PA-F1': 0.3578704353658727, 'Event-based-F1': np.float64(0.13161232139334283), 'R-based-F1': 0.1634784048686995, 'Affiliation-F': 0.696714858257897}
2026-02-08 18:03:52.744 | INFO     | src.pipelines.train_vision_backbones:run_pipeline:170 - Train images: 336
2026-02-08 18:03:52.744 | INFO     | src.pipelines.train_vision_backbones:run_pipeline:171 - Test images: 11483
2026-02-08 18:03:52.959 | INFO     | src.pipelines.train_vision_backbones:run_pipeline:176 - Training resnet18_autoencoder_progressive_unfreeze on RN
2026-02-08 18:03:52.973 | INFO     | src.models.resnet18_autoencoder.training:train_autoencoder_progressive_unfreeze:133 - Device: cuda | Model on: cuda:0
2026-02-08 18:04:46.758 | INFO     | src.pipelines.train_vision_backbones:run_pipeline:193 - Evaluating resnet18_autoencoder_progressive_unfreeze on RN
2026-02-08 18:04:57.316 | INFO     | src.models.evaluation:evaluate_tsb_ad_nonoverlapping:65 - Normal (459480) reconstruction error: mean=0.8348, std=0.1730
2026-02-08 18:04:57.316 | INFO     | src.models.evaluation:evaluate_tsb_ad_nonoverlapping:66 - Anomaly (22845) reconstruction error: mean=0.8615, std=0.1129
2026-02-08 18:04:57.316 | INFO     | src.models.evaluation:evaluate_tsb_ad_nonoverlapping:67 - Overlap? Normal max=1.0000, Anomaly min=0.0012
2026-02-08 18:14:13.632 | INFO     | src.models.evaluation:evaluate_tsb_ad_nonoverlapping:83 - {'AUC-PR': 0.06648720916922476, 'AUC-ROC': 0.53683249159274, 'VUS-PR': np.float64(0.07709861915205612), 'VUS-ROC': np.float64(0.5957063512422747), 'Standard-F1': np.float64(0.11626416464551563), 'PA-F1': 0.47127683961182854, 'Event-based-F1': np.float64(0.1947879018451584), 'R-based-F1': 0.11780337393072303, 'Affiliation-F': 0.6889980956317985}
2026-02-08 18:14:13.801 | INFO     | src.pipelines.train_vision_backbones:run_pipeline:170 - Train images: 336
2026-02-08 18:14:13.801 | INFO     | src.pipelines.train_vision_backbones:run_pipeline:171 - Test images: 11483
2026-02-08 18:14:14.010 | INFO     | src.pipelines.train_vision_backbones:run_pipeline:176 - Training resnet18_autoencoder_differential_lr on RN
2026-02-08 18:14:14.022 | INFO     | src.models.resnet18_autoencoder.training:train_autoencoder_differential_lr:271 - Device: cuda | Model on: cuda:0
2026-02-08 18:15:03.672 | INFO     | src.pipelines.train_vision_backbones:run_pipeline:193 - Evaluating resnet18_autoencoder_differential_lr on RN
2026-02-08 18:15:13.761 | INFO     | src.models.evaluation:evaluate_tsb_ad_nonoverlapping:65 - Normal (459480) reconstruction error: mean=0.8120, std=0.1852
2026-02-08 18:15:13.761 | INFO     | src.models.evaluation:evaluate_tsb_ad_nonoverlapping:66 - Anomaly (22845) reconstruction error: mean=0.8361, std=0.1305
2026-02-08 18:15:13.761 | INFO     | src.models.evaluation:evaluate_tsb_ad_nonoverlapping:67 - Overlap? Normal max=1.0000, Anomaly min=0.0010
2026-02-08 18:24:25.479 | INFO     | src.models.evaluation:evaluate_tsb_ad_nonoverlapping:83 - {'AUC-PR': 0.04863832069753869, 'AUC-ROC': 0.5194979515511583, 'VUS-PR': np.float64(0.060956036929753585), 'VUS-ROC': np.float64(0.5714370089900523), 'Standard-F1': np.float64(0.0964276291439963), 'PA-F1': 0.3714829484080037, 'Event-based-F1': np.float64(0.09783259562500765), 'R-based-F1': 0.08926810862037973, 'Affiliation-F': 0.6930687562872087}
2026-02-08 18:24:25.638 | INFO     | src.pipelines.train_vision_backbones:run_pipeline:170 - Train images: 336
2026-02-08 18:24:25.638 | INFO     | src.pipelines.train_vision_backbones:run_pipeline:171 - Test images: 11483
2026-02-08 18:24:26.681 | INFO     | src.pipelines.train_vision_backbones:run_pipeline:176 - Training pvt_autoencoder_frozen on RN
2026-02-08 18:24:26.704 | INFO     | src.models.pvt_autoencoder.training:train_pvt_autoencoder_frozen:24 - Device: cuda | Model on: cuda:0
2026-02-08 18:25:18.193 | INFO     | src.pipelines.train_vision_backbones:run_pipeline:193 - Evaluating pvt_autoencoder_frozen on RN
2026-02-08 18:25:30.250 | INFO     | src.models.evaluation:evaluate_tsb_ad_nonoverlapping:65 - Normal (459480) reconstruction error: mean=0.8197, std=0.1703
2026-02-08 18:25:30.251 | INFO     | src.models.evaluation:evaluate_tsb_ad_nonoverlapping:66 - Anomaly (22845) reconstruction error: mean=0.8413, std=0.1098
2026-02-08 18:25:30.251 | INFO     | src.models.evaluation:evaluate_tsb_ad_nonoverlapping:67 - Overlap? Normal max=1.0000, Anomaly min=0.0024
2026-02-08 18:34:38.316 | INFO     | src.models.evaluation:evaluate_tsb_ad_nonoverlapping:83 - {'AUC-PR': 0.04989254884723325, 'AUC-ROC': 0.5213313581352433, 'VUS-PR': np.float64(0.0638983026817051), 'VUS-ROC': np.float64(0.5767379101358486), 'Standard-F1': np.float64(0.09717645776318458), 'PA-F1': 0.3292145607183065, 'Event-based-F1': np.float64(0.09886521115160583), 'R-based-F1': 0.18355277522945365, 'Affiliation-F': 0.6889682240084021}
2026-02-08 18:34:38.542 | INFO     | src.pipelines.train_vision_backbones:run_pipeline:170 - Train images: 336
2026-02-08 18:34:38.542 | INFO     | src.pipelines.train_vision_backbones:run_pipeline:171 - Test images: 11483
2026-02-08 18:34:39.510 | INFO     | src.pipelines.train_vision_backbones:run_pipeline:176 - Training pvt_autoencoder_progressive_unfreeze on RN
2026-02-08 18:34:39.536 | INFO     | src.models.pvt_autoencoder.training:train_pvt_autoencoder_progressive_unfreeze:132 - Device: cuda | Model on: cuda:0
2026-02-08 18:36:02.535 | INFO     | src.pipelines.train_vision_backbones:run_pipeline:193 - Evaluating pvt_autoencoder_progressive_unfreeze on RN
2026-02-08 18:36:13.733 | INFO     | src.models.evaluation:evaluate_tsb_ad_nonoverlapping:65 - Normal (459480) reconstruction error: mean=0.8820, std=0.1816
2026-02-08 18:36:13.734 | INFO     | src.models.evaluation:evaluate_tsb_ad_nonoverlapping:66 - Anomaly (22845) reconstruction error: mean=0.9049, std=0.1153
2026-02-08 18:36:13.734 | INFO     | src.models.evaluation:evaluate_tsb_ad_nonoverlapping:67 - Overlap? Normal max=1.0000, Anomaly min=0.0023
2026-02-08 18:45:59.441 | INFO     | src.models.evaluation:evaluate_tsb_ad_nonoverlapping:83 - {'AUC-PR': 0.0505230000814534, 'AUC-ROC': 0.5084143485790354, 'VUS-PR': np.float64(0.06171336337131963), 'VUS-ROC': np.float64(0.5569131263793479), 'Standard-F1': np.float64(0.09569904762373993), 'PA-F1': 0.38439913753104615, 'Event-based-F1': np.float64(0.11979747969583317), 'R-based-F1': 0.1490709035331251, 'Affiliation-F': 0.6890098295950837}
2026-02-08 18:45:59.605 | INFO     | src.pipelines.train_vision_backbones:run_pipeline:170 - Train images: 336
2026-02-08 18:45:59.605 | INFO     | src.pipelines.train_vision_backbones:run_pipeline:171 - Test images: 11483
2026-02-08 18:46:00.602 | INFO     | src.pipelines.train_vision_backbones:run_pipeline:176 - Training pvt_autoencoder_differential_lr on RN
2026-02-08 18:46:00.625 | INFO     | src.models.pvt_autoencoder.training:train_pvt_autoencoder_differential_lr:267 - Device: cuda | Model on: cuda:0
2026-02-08 18:47:07.459 | INFO     | src.pipelines.train_vision_backbones:run_pipeline:193 - Evaluating pvt_autoencoder_differential_lr on RN
2026-02-08 18:47:19.580 | INFO     | src.models.evaluation:evaluate_tsb_ad_nonoverlapping:65 - Normal (459480) reconstruction error: mean=0.8689, std=0.1785
2026-02-08 18:47:19.580 | INFO     | src.models.evaluation:evaluate_tsb_ad_nonoverlapping:66 - Anomaly (22845) reconstruction error: mean=0.8894, std=0.1132
2026-02-08 18:47:19.580 | INFO     | src.models.evaluation:evaluate_tsb_ad_nonoverlapping:67 - Overlap? Normal max=1.0000, Anomaly min=0.0071
2026-02-08 18:56:55.121 | INFO     | src.models.evaluation:evaluate_tsb_ad_nonoverlapping:83 - {'AUC-PR': 0.047615654022755305, 'AUC-ROC': 0.4824830348629565, 'VUS-PR': np.float64(0.057884559547518234), 'VUS-ROC': np.float64(0.5308117123966621), 'Standard-F1': np.float64(0.09382526730667337), 'PA-F1': 0.3121168985852482, 'Event-based-F1': np.float64(0.10757136946628011), 'R-based-F1': 0.12176910307503201, 'Affiliation-F': 0.6889571110995962}
2026-02-08 18:56:58.238 | INFO     | src.pipelines.train_vision_backbones:run_pipeline:70 - Using zip: /net/scratch/hscra/plgrid/plgsmendowski12/ts2i_images/MITDB/170_MITDB_id_1_Medical_tr_17675_1st_17775_ts2i_LP.zip for transformation LP
2026-02-08 18:57:13.188 | INFO     | src.pipelines.train_vision_backbones:run_pipeline:170 - Train images: 336
2026-02-08 18:57:13.188 | INFO     | src.pipelines.train_vision_backbones:run_pipeline:171 - Test images: 11483
2026-02-08 18:57:13.216 | INFO     | src.pipelines.train_vision_backbones:run_pipeline:176 - Training cnn_autoencoder on LP
2026-02-08 18:57:13.223 | INFO     | src.models.cnn_autoencoder.training:train_autoencoder:22 - Device: cuda | Model on: cuda:0
2026-02-08 18:58:04.320 | INFO     | src.pipelines.train_vision_backbones:run_pipeline:193 - Evaluating cnn_autoencoder on LP
2026-02-08 18:58:13.603 | INFO     | src.models.evaluation:evaluate_tsb_ad_nonoverlapping:65 - Normal (459480) reconstruction error: mean=0.2038, std=0.1886
2026-02-08 18:58:13.604 | INFO     | src.models.evaluation:evaluate_tsb_ad_nonoverlapping:66 - Anomaly (22845) reconstruction error: mean=0.2232, std=0.1711
2026-02-08 18:58:13.604 | INFO     | src.models.evaluation:evaluate_tsb_ad_nonoverlapping:67 - Overlap? Normal max=1.0000, Anomaly min=0.0199
2026-02-08 19:01:54.421 | INFO     | src.models.evaluation:evaluate_tsb_ad_nonoverlapping:83 - {'AUC-PR': 0.054718196512081346, 'AUC-ROC': 0.5818039163687335, 'VUS-PR': np.float64(0.0705007016597585), 'VUS-ROC': np.float64(0.6514826976331609), 'Standard-F1': np.float64(0.11109716849455682), 'PA-F1': 0.42993530161052324, 'Event-based-F1': np.float64(0.1177660810718435), 'R-based-F1': 0.10382420140183149, 'Affiliation-F': 0.7045509594151855}
2026-02-08 19:01:54.583 | INFO     | src.pipelines.train_vision_backbones:run_pipeline:170 - Train images: 336
2026-02-08 19:01:54.583 | INFO     | src.pipelines.train_vision_backbones:run_pipeline:171 - Test images: 11483
2026-02-08 19:01:54.792 | INFO     | src.pipelines.train_vision_backbones:run_pipeline:176 - Training resnet18_autoencoder_frozen on LP
2026-02-08 19:01:54.804 | INFO     | src.models.resnet18_autoencoder.training:train_autoencoder_frozen:25 - Device: cuda | Model on: cuda:0
2026-02-08 19:02:30.567 | INFO     | src.pipelines.train_vision_backbones:run_pipeline:193 - Evaluating resnet18_autoencoder_frozen on LP
2026-02-08 19:02:40.309 | INFO     | src.models.evaluation:evaluate_tsb_ad_nonoverlapping:65 - Normal (459480) reconstruction error: mean=0.2667, std=0.1807
2026-02-08 19:02:40.310 | INFO     | src.models.evaluation:evaluate_tsb_ad_nonoverlapping:66 - Anomaly (22845) reconstruction error: mean=0.2944, std=0.1619
2026-02-08 19:02:40.310 | INFO     | src.models.evaluation:evaluate_tsb_ad_nonoverlapping:67 - Overlap? Normal max=1.0000, Anomaly min=0.0656
2026-02-08 19:06:59.527 | INFO     | src.models.evaluation:evaluate_tsb_ad_nonoverlapping:83 - {'AUC-PR': 0.054835762811397945, 'AUC-ROC': 0.5857004759612638, 'VUS-PR': np.float64(0.0708739182661078), 'VUS-ROC': np.float64(0.6550780798305985), 'Standard-F1': np.float64(0.11540885035525696), 'PA-F1': 0.4446681295673706, 'Event-based-F1': np.float64(0.11811390168172416), 'R-based-F1': 0.09901129216669695, 'Affiliation-F': 0.712547132617333}
2026-02-08 19:06:59.686 | INFO     | src.pipelines.train_vision_backbones:run_pipeline:170 - Train images: 336
2026-02-08 19:06:59.686 | INFO     | src.pipelines.train_vision_backbones:run_pipeline:171 - Test images: 11483
2026-02-08 19:06:59.893 | INFO     | src.pipelines.train_vision_backbones:run_pipeline:176 - Training resnet18_autoencoder_progressive_unfreeze on LP
2026-02-08 19:06:59.907 | INFO     | src.models.resnet18_autoencoder.training:train_autoencoder_progressive_unfreeze:133 - Device: cuda | Model on: cuda:0
2026-02-08 19:07:35.502 | INFO     | src.pipelines.train_vision_backbones:run_pipeline:193 - Evaluating resnet18_autoencoder_progressive_unfreeze on LP
2026-02-08 19:07:45.388 | INFO     | src.models.evaluation:evaluate_tsb_ad_nonoverlapping:65 - Normal (459480) reconstruction error: mean=0.2247, std=0.1846
2026-02-08 19:07:45.388 | INFO     | src.models.evaluation:evaluate_tsb_ad_nonoverlapping:66 - Anomaly (22845) reconstruction error: mean=0.2518, std=0.1681
2026-02-08 19:07:45.388 | INFO     | src.models.evaluation:evaluate_tsb_ad_nonoverlapping:67 - Overlap? Normal max=1.0000, Anomaly min=0.0373
2026-02-08 19:11:38.348 | INFO     | src.models.evaluation:evaluate_tsb_ad_nonoverlapping:83 - {'AUC-PR': 0.057317709722879626, 'AUC-ROC': 0.5974941036431546, 'VUS-PR': np.float64(0.07305054902531566), 'VUS-ROC': np.float64(0.6634601390014326), 'Standard-F1': np.float64(0.1213282516099531), 'PA-F1': 0.4534871784343113, 'Event-based-F1': np.float64(0.12631726851201333), 'R-based-F1': 0.10186993962011641, 'Affiliation-F': 0.7098804062198847}
2026-02-08 19:11:38.509 | INFO     | src.pipelines.train_vision_backbones:run_pipeline:170 - Train images: 336
2026-02-08 19:11:38.510 | INFO     | src.pipelines.train_vision_backbones:run_pipeline:171 - Test images: 11483
2026-02-08 19:11:38.723 | INFO     | src.pipelines.train_vision_backbones:run_pipeline:176 - Training resnet18_autoencoder_differential_lr on LP
2026-02-08 19:11:38.736 | INFO     | src.models.resnet18_autoencoder.training:train_autoencoder_differential_lr:271 - Device: cuda | Model on: cuda:0
2026-02-08 19:12:27.024 | INFO     | src.pipelines.train_vision_backbones:run_pipeline:193 - Evaluating resnet18_autoencoder_differential_lr on LP
2026-02-08 19:12:36.920 | INFO     | src.models.evaluation:evaluate_tsb_ad_nonoverlapping:65 - Normal (459480) reconstruction error: mean=0.2035, std=0.1734
2026-02-08 19:12:36.920 | INFO     | src.models.evaluation:evaluate_tsb_ad_nonoverlapping:66 - Anomaly (22845) reconstruction error: mean=0.2333, std=0.1600
2026-02-08 19:12:36.920 | INFO     | src.models.evaluation:evaluate_tsb_ad_nonoverlapping:67 - Overlap? Normal max=1.0000, Anomaly min=0.0377
2026-02-08 19:16:17.009 | INFO     | src.models.evaluation:evaluate_tsb_ad_nonoverlapping:83 - {'AUC-PR': 0.05874389037880798, 'AUC-ROC': 0.6078242416089306, 'VUS-PR': np.float64(0.07501201503328125), 'VUS-ROC': np.float64(0.6726348715942506), 'Standard-F1': np.float64(0.12163745654937214), 'PA-F1': 0.45001597614229416, 'Event-based-F1': np.float64(0.13074192864518852), 'R-based-F1': 0.10584139848159198, 'Affiliation-F': 0.7118957479223545}
2026-02-08 19:16:17.170 | INFO     | src.pipelines.train_vision_backbones:run_pipeline:170 - Train images: 336
2026-02-08 19:16:17.171 | INFO     | src.pipelines.train_vision_backbones:run_pipeline:171 - Test images: 11483
2026-02-08 19:16:18.115 | INFO     | src.pipelines.train_vision_backbones:run_pipeline:176 - Training pvt_autoencoder_frozen on LP
2026-02-08 19:16:18.139 | INFO     | src.models.pvt_autoencoder.training:train_pvt_autoencoder_frozen:24 - Device: cuda | Model on: cuda:0
2026-02-08 19:16:58.589 | INFO     | src.pipelines.train_vision_backbones:run_pipeline:193 - Evaluating pvt_autoencoder_frozen on LP
2026-02-08 19:17:09.409 | INFO     | src.models.evaluation:evaluate_tsb_ad_nonoverlapping:65 - Normal (459480) reconstruction error: mean=0.2042, std=0.1803
2026-02-08 19:17:09.409 | INFO     | src.models.evaluation:evaluate_tsb_ad_nonoverlapping:66 - Anomaly (22845) reconstruction error: mean=0.2315, std=0.1660
2026-02-08 19:17:09.409 | INFO     | src.models.evaluation:evaluate_tsb_ad_nonoverlapping:67 - Overlap? Normal max=1.0000, Anomaly min=0.0086
2026-02-08 19:20:50.634 | INFO     | src.models.evaluation:evaluate_tsb_ad_nonoverlapping:83 - {'AUC-PR': 0.058091821791537414, 'AUC-ROC': 0.600573450640854, 'VUS-PR': np.float64(0.07432540826977377), 'VUS-ROC': np.float64(0.6674482763736528), 'Standard-F1': np.float64(0.12082741443376706), 'PA-F1': 0.45918411583647634, 'Event-based-F1': np.float64(0.12790059886942395), 'R-based-F1': 0.1010178074619775, 'Affiliation-F': 0.7095037931015935}
2026-02-08 19:20:50.800 | INFO     | src.pipelines.train_vision_backbones:run_pipeline:170 - Train images: 336
2026-02-08 19:20:50.800 | INFO     | src.pipelines.train_vision_backbones:run_pipeline:171 - Test images: 11483
2026-02-08 19:20:51.737 | INFO     | src.pipelines.train_vision_backbones:run_pipeline:176 - Training pvt_autoencoder_progressive_unfreeze on LP
2026-02-08 19:20:51.760 | INFO     | src.models.pvt_autoencoder.training:train_pvt_autoencoder_progressive_unfreeze:132 - Device: cuda | Model on: cuda:0
2026-02-08 19:21:33.845 | INFO     | src.pipelines.train_vision_backbones:run_pipeline:193 - Evaluating pvt_autoencoder_progressive_unfreeze on LP
2026-02-08 19:21:44.741 | INFO     | src.models.evaluation:evaluate_tsb_ad_nonoverlapping:65 - Normal (459480) reconstruction error: mean=0.2079, std=0.1917
2026-02-08 19:21:44.741 | INFO     | src.models.evaluation:evaluate_tsb_ad_nonoverlapping:66 - Anomaly (22845) reconstruction error: mean=0.2279, std=0.1710
2026-02-08 19:21:44.741 | INFO     | src.models.evaluation:evaluate_tsb_ad_nonoverlapping:67 - Overlap? Normal max=1.0000, Anomaly min=0.0305
2026-02-08 19:25:30.064 | INFO     | src.models.evaluation:evaluate_tsb_ad_nonoverlapping:83 - {'AUC-PR': 0.056286039001431504, 'AUC-ROC': 0.5900467888819592, 'VUS-PR': np.float64(0.0721160265002045), 'VUS-ROC': np.float64(0.6592754878275483), 'Standard-F1': np.float64(0.12138112509568617), 'PA-F1': 0.4532917419142998, 'Event-based-F1': np.float64(0.12612972886507223), 'R-based-F1': 0.10728627327254239, 'Affiliation-F': 0.7113169801377945}
2026-02-08 19:25:30.231 | INFO     | src.pipelines.train_vision_backbones:run_pipeline:170 - Train images: 336
2026-02-08 19:25:30.231 | INFO     | src.pipelines.train_vision_backbones:run_pipeline:171 - Test images: 11483
2026-02-08 19:25:31.258 | INFO     | src.pipelines.train_vision_backbones:run_pipeline:176 - Training pvt_autoencoder_differential_lr on LP
2026-02-08 19:25:31.281 | INFO     | src.models.pvt_autoencoder.training:train_pvt_autoencoder_differential_lr:267 - Device: cuda | Model on: cuda:0
2026-02-08 19:26:01.283 | INFO     | src.pipelines.train_vision_backbones:run_pipeline:193 - Evaluating pvt_autoencoder_differential_lr on LP
2026-02-08 19:26:12.014 | INFO     | src.models.evaluation:evaluate_tsb_ad_nonoverlapping:65 - Normal (459480) reconstruction error: mean=0.1545, std=0.1962
2026-02-08 19:26:12.014 | INFO     | src.models.evaluation:evaluate_tsb_ad_nonoverlapping:66 - Anomaly (22845) reconstruction error: mean=0.1624, std=0.1743
2026-02-08 19:26:12.014 | INFO     | src.models.evaluation:evaluate_tsb_ad_nonoverlapping:67 - Overlap? Normal max=1.0000, Anomaly min=0.0109
2026-02-08 19:29:24.941 | INFO     | src.models.evaluation:evaluate_tsb_ad_nonoverlapping:83 - {'AUC-PR': 0.05139353555490524, 'AUC-ROC': 0.555623549525082, 'VUS-PR': np.float64(0.06763167898152675), 'VUS-ROC': np.float64(0.631434337173016), 'Standard-F1': np.float64(0.10623409230897274), 'PA-F1': 0.44057045975865167, 'Event-based-F1': np.float64(0.11068453458891694), 'R-based-F1': 0.10448275380220992, 'Affiliation-F': 0.6991640609279463}
2026-02-08 19:29:27.691 | INFO     | src.pipelines.train_vision_backbones:run_pipeline:70 - Using zip: /net/scratch/hscra/plgrid/plgsmendowski12/ts2i_images/MITDB/170_MITDB_id_1_Medical_tr_17675_1st_17775_ts2i_SG.zip for transformation SG
2026-02-08 19:29:42.558 | INFO     | src.pipelines.train_vision_backbones:run_pipeline:170 - Train images: 336
2026-02-08 19:29:42.559 | INFO     | src.pipelines.train_vision_backbones:run_pipeline:171 - Test images: 11483
2026-02-08 19:29:42.565 | INFO     | src.pipelines.train_vision_backbones:run_pipeline:176 - Training cnn_autoencoder on SG
2026-02-08 19:29:42.569 | INFO     | src.models.cnn_autoencoder.training:train_autoencoder:22 - Device: cuda | Model on: cuda:0
2026-02-08 19:30:11.478 | INFO     | src.pipelines.train_vision_backbones:run_pipeline:193 - Evaluating cnn_autoencoder on SG
2026-02-08 19:30:20.327 | INFO     | src.models.evaluation:evaluate_tsb_ad_nonoverlapping:65 - Normal (459480) reconstruction error: mean=0.0455, std=0.1203
2026-02-08 19:30:20.327 | INFO     | src.models.evaluation:evaluate_tsb_ad_nonoverlapping:66 - Anomaly (22845) reconstruction error: mean=0.0382, std=0.0869
2026-02-08 19:30:20.327 | INFO     | src.models.evaluation:evaluate_tsb_ad_nonoverlapping:67 - Overlap? Normal max=1.0000, Anomaly min=0.0003
2026-02-08 19:32:26.725 | INFO     | src.models.evaluation:evaluate_tsb_ad_nonoverlapping:83 - {'AUC-PR': 0.05263299860961024, 'AUC-ROC': 0.5515410350539858, 'VUS-PR': np.float64(0.06819685082295739), 'VUS-ROC': np.float64(0.6220335662074986), 'Standard-F1': np.float64(0.11217039362804022), 'PA-F1': 0.41521206409048067, 'Event-based-F1': np.float64(0.11558099085451372), 'R-based-F1': 0.09923341371406649, 'Affiliation-F': 0.6978255778129652}
2026-02-08 19:32:27.070 | INFO     | src.pipelines.train_vision_backbones:run_pipeline:170 - Train images: 336
2026-02-08 19:32:27.070 | INFO     | src.pipelines.train_vision_backbones:run_pipeline:171 - Test images: 11483
2026-02-08 19:32:27.277 | INFO     | src.pipelines.train_vision_backbones:run_pipeline:176 - Training resnet18_autoencoder_frozen on SG
2026-02-08 19:32:27.290 | INFO     | src.models.resnet18_autoencoder.training:train_autoencoder_frozen:25 - Device: cuda | Model on: cuda:0
2026-02-08 19:33:01.488 | INFO     | src.pipelines.train_vision_backbones:run_pipeline:193 - Evaluating resnet18_autoencoder_frozen on SG
2026-02-08 19:33:11.250 | INFO     | src.models.evaluation:evaluate_tsb_ad_nonoverlapping:65 - Normal (459480) reconstruction error: mean=0.0225, std=0.0631
2026-02-08 19:33:11.251 | INFO     | src.models.evaluation:evaluate_tsb_ad_nonoverlapping:66 - Anomaly (22845) reconstruction error: mean=0.0275, std=0.0593
2026-02-08 19:33:11.251 | INFO     | src.models.evaluation:evaluate_tsb_ad_nonoverlapping:67 - Overlap? Normal max=1.0000, Anomaly min=0.0002
2026-02-08 19:35:02.898 | INFO     | src.models.evaluation:evaluate_tsb_ad_nonoverlapping:83 - {'AUC-PR': 0.059163857884053726, 'AUC-ROC': 0.5883429635350728, 'VUS-PR': np.float64(0.07680279308858785), 'VUS-ROC': np.float64(0.6579737140509433), 'Standard-F1': np.float64(0.11213980990105002), 'PA-F1': 0.5210587830869715, 'Event-based-F1': np.float64(0.1248223980377786), 'R-based-F1': 0.10311601103357175, 'Affiliation-F': 0.708191716400213}
2026-02-08 19:35:03.054 | INFO     | src.pipelines.train_vision_backbones:run_pipeline:170 - Train images: 336
2026-02-08 19:35:03.054 | INFO     | src.pipelines.train_vision_backbones:run_pipeline:171 - Test images: 11483
2026-02-08 19:35:03.260 | INFO     | src.pipelines.train_vision_backbones:run_pipeline:176 - Training resnet18_autoencoder_progressive_unfreeze on SG
2026-02-08 19:35:03.273 | INFO     | src.models.resnet18_autoencoder.training:train_autoencoder_progressive_unfreeze:133 - Device: cuda | Model on: cuda:0
2026-02-08 19:35:27.634 | INFO     | src.pipelines.train_vision_backbones:run_pipeline:193 - Evaluating resnet18_autoencoder_progressive_unfreeze on SG
2026-02-08 19:35:37.081 | INFO     | src.models.evaluation:evaluate_tsb_ad_nonoverlapping:65 - Normal (459480) reconstruction error: mean=0.0257, std=0.0651
2026-02-08 19:35:37.082 | INFO     | src.models.evaluation:evaluate_tsb_ad_nonoverlapping:66 - Anomaly (22845) reconstruction error: mean=0.0286, std=0.0590
2026-02-08 19:35:37.082 | INFO     | src.models.evaluation:evaluate_tsb_ad_nonoverlapping:67 - Overlap? Normal max=1.0000, Anomaly min=0.0004
2026-02-08 19:37:30.747 | INFO     | src.models.evaluation:evaluate_tsb_ad_nonoverlapping:83 - {'AUC-PR': 0.055078103919226865, 'AUC-ROC': 0.5667941871370079, 'VUS-PR': np.float64(0.07206191144822184), 'VUS-ROC': np.float64(0.6401184842314664), 'Standard-F1': np.float64(0.10568023377729396), 'PA-F1': 0.4787903973404085, 'Event-based-F1': np.float64(0.11275373595441324), 'R-based-F1': 0.09869449769879823, 'Affiliation-F': 0.7033015264323665}
2026-02-08 19:37:30.911 | INFO     | src.pipelines.train_vision_backbones:run_pipeline:170 - Train images: 336
2026-02-08 19:37:30.911 | INFO     | src.pipelines.train_vision_backbones:run_pipeline:171 - Test images: 11483
2026-02-08 19:37:31.125 | INFO     | src.pipelines.train_vision_backbones:run_pipeline:176 - Training resnet18_autoencoder_differential_lr on SG
2026-02-08 19:37:31.138 | INFO     | src.models.resnet18_autoencoder.training:train_autoencoder_differential_lr:271 - Device: cuda | Model on: cuda:0
2026-02-08 19:38:10.322 | INFO     | src.pipelines.train_vision_backbones:run_pipeline:193 - Evaluating resnet18_autoencoder_differential_lr on SG
2026-02-08 19:38:20.054 | INFO     | src.models.evaluation:evaluate_tsb_ad_nonoverlapping:65 - Normal (459480) reconstruction error: mean=0.0174, std=0.0423
2026-02-08 19:38:20.054 | INFO     | src.models.evaluation:evaluate_tsb_ad_nonoverlapping:66 - Anomaly (22845) reconstruction error: mean=0.0212, std=0.0484
2026-02-08 19:38:20.054 | INFO     | src.models.evaluation:evaluate_tsb_ad_nonoverlapping:67 - Overlap? Normal max=1.0000, Anomaly min=0.0005
2026-02-08 19:40:06.642 | INFO     | src.models.evaluation:evaluate_tsb_ad_nonoverlapping:83 - {'AUC-PR': 0.060654395052591736, 'AUC-ROC': 0.5981286423529045, 'VUS-PR': np.float64(0.07757536353952495), 'VUS-ROC': np.float64(0.666594437506065), 'Standard-F1': np.float64(0.11870648528412701), 'PA-F1': 0.45028842095389954, 'Event-based-F1': np.float64(0.12256857855361583), 'R-based-F1': 0.10235746380096199, 'Affiliation-F': 0.7025775830283929}
2026-02-08 19:40:06.809 | INFO     | src.pipelines.train_vision_backbones:run_pipeline:170 - Train images: 336
2026-02-08 19:40:06.810 | INFO     | src.pipelines.train_vision_backbones:run_pipeline:171 - Test images: 11483
2026-02-08 19:40:07.768 | INFO     | src.pipelines.train_vision_backbones:run_pipeline:176 - Training pvt_autoencoder_frozen on SG
2026-02-08 19:40:07.795 | INFO     | src.models.pvt_autoencoder.training:train_pvt_autoencoder_frozen:24 - Device: cuda | Model on: cuda:0
2026-02-08 19:40:40.956 | INFO     | src.pipelines.train_vision_backbones:run_pipeline:193 - Evaluating pvt_autoencoder_frozen on SG
2026-02-08 19:40:52.599 | INFO     | src.models.evaluation:evaluate_tsb_ad_nonoverlapping:65 - Normal (459480) reconstruction error: mean=0.0621, std=0.0784
2026-02-08 19:40:52.599 | INFO     | src.models.evaluation:evaluate_tsb_ad_nonoverlapping:66 - Anomaly (22845) reconstruction error: mean=0.0735, std=0.0863
2026-02-08 19:40:52.600 | INFO     | src.models.evaluation:evaluate_tsb_ad_nonoverlapping:67 - Overlap? Normal max=1.0000, Anomaly min=0.0001
2026-02-08 19:43:06.675 | INFO     | src.models.evaluation:evaluate_tsb_ad_nonoverlapping:83 - {'AUC-PR': 0.055989988015756414, 'AUC-ROC': 0.5557350927289354, 'VUS-PR': np.float64(0.07345836612548047), 'VUS-ROC': np.float64(0.6312216039814701), 'Standard-F1': np.float64(0.10204234708597573), 'PA-F1': 0.42907633064303424, 'Event-based-F1': np.float64(0.11643242054327485), 'R-based-F1': 0.1023008929540723, 'Affiliation-F': 0.7045536565397069}
2026-02-08 19:43:06.834 | INFO     | src.pipelines.train_vision_backbones:run_pipeline:170 - Train images: 336
2026-02-08 19:43:06.834 | INFO     | src.pipelines.train_vision_backbones:run_pipeline:171 - Test images: 11483
2026-02-08 19:43:07.781 | INFO     | src.pipelines.train_vision_backbones:run_pipeline:176 - Training pvt_autoencoder_progressive_unfreeze on SG
2026-02-08 19:43:07.803 | INFO     | src.models.pvt_autoencoder.training:train_pvt_autoencoder_progressive_unfreeze:132 - Device: cuda | Model on: cuda:0
2026-02-08 19:43:23.473 | INFO     | src.pipelines.train_vision_backbones:run_pipeline:193 - Evaluating pvt_autoencoder_progressive_unfreeze on SG
2026-02-08 19:43:34.859 | INFO     | src.models.evaluation:evaluate_tsb_ad_nonoverlapping:65 - Normal (459480) reconstruction error: mean=0.1042, std=0.1378
2026-02-08 19:43:34.859 | INFO     | src.models.evaluation:evaluate_tsb_ad_nonoverlapping:66 - Anomaly (22845) reconstruction error: mean=0.1188, std=0.1290
2026-02-08 19:43:34.859 | INFO     | src.models.evaluation:evaluate_tsb_ad_nonoverlapping:67 - Overlap? Normal max=1.0000, Anomaly min=0.0012
2026-02-08 19:46:15.577 | INFO     | src.models.evaluation:evaluate_tsb_ad_nonoverlapping:83 - {'AUC-PR': 0.05444190636614978, 'AUC-ROC': 0.5678927400645486, 'VUS-PR': np.float64(0.0709152924878827), 'VUS-ROC': np.float64(0.6400830924666002), 'Standard-F1': np.float64(0.10790380583750085), 'PA-F1': 0.40501442100243, 'Event-based-F1': np.float64(0.11570431662254377), 'R-based-F1': 0.09390156443942771, 'Affiliation-F': 0.7028340418067455}
2026-02-08 19:46:15.739 | INFO     | src.pipelines.train_vision_backbones:run_pipeline:170 - Train images: 336
2026-02-08 19:46:15.739 | INFO     | src.pipelines.train_vision_backbones:run_pipeline:171 - Test images: 11483
2026-02-08 19:46:16.692 | INFO     | src.pipelines.train_vision_backbones:run_pipeline:176 - Training pvt_autoencoder_differential_lr on SG
2026-02-08 19:46:16.715 | INFO     | src.models.pvt_autoencoder.training:train_pvt_autoencoder_differential_lr:267 - Device: cuda | Model on: cuda:0
2026-02-08 19:47:12.398 | INFO     | src.pipelines.train_vision_backbones:run_pipeline:193 - Evaluating pvt_autoencoder_differential_lr on SG
2026-02-08 19:47:23.376 | INFO     | src.models.evaluation:evaluate_tsb_ad_nonoverlapping:65 - Normal (459480) reconstruction error: mean=0.0274, std=0.0656
2026-02-08 19:47:23.376 | INFO     | src.models.evaluation:evaluate_tsb_ad_nonoverlapping:66 - Anomaly (22845) reconstruction error: mean=0.0376, std=0.0879
2026-02-08 19:47:23.376 | INFO     | src.models.evaluation:evaluate_tsb_ad_nonoverlapping:67 - Overlap? Normal max=0.9769, Anomaly min=0.0008
2026-02-08 19:49:18.382 | INFO     | src.models.evaluation:evaluate_tsb_ad_nonoverlapping:83 - {'AUC-PR': 0.06292639091746394, 'AUC-ROC': 0.5907514865501273, 'VUS-PR': np.float64(0.07831814599710793), 'VUS-ROC': np.float64(0.6605724634301017), 'Standard-F1': np.float64(0.11328474975582796), 'PA-F1': 0.5617121505110572, 'Event-based-F1': np.float64(0.14921333107765136), 'R-based-F1': 0.11067864757893048, 'Affiliation-F': 0.7112989773618107}
2026-02-08 19:49:21.124 | INFO     | src.pipelines.train_vision_backbones:run_pipeline:70 - Using zip: /net/scratch/hscra/plgrid/plgsmendowski12/ts2i_images/MITDB/170_MITDB_id_1_Medical_tr_17675_1st_17775_ts2i_GASF.zip for transformation GASF
2026-02-08 19:49:36.088 | INFO     | src.pipelines.train_vision_backbones:run_pipeline:170 - Train images: 336
2026-02-08 19:49:36.089 | INFO     | src.pipelines.train_vision_backbones:run_pipeline:171 - Test images: 11483
2026-02-08 19:49:36.095 | INFO     | src.pipelines.train_vision_backbones:run_pipeline:176 - Training cnn_autoencoder on GASF
2026-02-08 19:49:36.099 | INFO     | src.models.cnn_autoencoder.training:train_autoencoder:22 - Device: cuda | Model on: cuda:0
2026-02-08 19:50:27.760 | INFO     | src.pipelines.train_vision_backbones:run_pipeline:193 - Evaluating cnn_autoencoder on GASF
2026-02-08 19:50:37.903 | INFO     | src.models.evaluation:evaluate_tsb_ad_nonoverlapping:65 - Normal (459480) reconstruction error: mean=0.1825, std=0.1205
2026-02-08 19:50:37.903 | INFO     | src.models.evaluation:evaluate_tsb_ad_nonoverlapping:66 - Anomaly (22845) reconstruction error: mean=0.1684, std=0.1025
2026-02-08 19:50:37.904 | INFO     | src.models.evaluation:evaluate_tsb_ad_nonoverlapping:67 - Overlap? Normal max=1.0000, Anomaly min=0.0023
2026-02-08 19:54:03.797 | INFO     | src.models.evaluation:evaluate_tsb_ad_nonoverlapping:83 - {'AUC-PR': 0.04237499206383797, 'AUC-ROC': 0.4724279584715395, 'VUS-PR': np.float64(0.05554489774450267), 'VUS-ROC': np.float64(0.5489184964685181), 'Standard-F1': np.float64(0.09335735021866765), 'PA-F1': 0.3598461742474473, 'Event-based-F1': np.float64(0.09318228719764514), 'R-based-F1': 0.10539967177407558, 'Affiliation-F': 0.6894385530965134}
2026-02-08 19:54:03.956 | INFO     | src.pipelines.train_vision_backbones:run_pipeline:170 - Train images: 336
2026-02-08 19:54:03.956 | INFO     | src.pipelines.train_vision_backbones:run_pipeline:171 - Test images: 11483
2026-02-08 19:54:04.163 | INFO     | src.pipelines.train_vision_backbones:run_pipeline:176 - Training resnet18_autoencoder_frozen on GASF
2026-02-08 19:54:04.177 | INFO     | src.models.resnet18_autoencoder.training:train_autoencoder_frozen:25 - Device: cuda | Model on: cuda:0
2026-02-08 19:54:18.466 | INFO     | src.pipelines.train_vision_backbones:run_pipeline:193 - Evaluating resnet18_autoencoder_frozen on GASF
2026-02-08 19:54:29.447 | INFO     | src.models.evaluation:evaluate_tsb_ad_nonoverlapping:65 - Normal (459480) reconstruction error: mean=0.1315, std=0.0819
2026-02-08 19:54:29.447 | INFO     | src.models.evaluation:evaluate_tsb_ad_nonoverlapping:66 - Anomaly (22845) reconstruction error: mean=0.1554, std=0.1070
2026-02-08 19:54:29.447 | INFO     | src.models.evaluation:evaluate_tsb_ad_nonoverlapping:67 - Overlap? Normal max=0.8496, Anomaly min=0.0022
2026-02-08 19:57:26.219 | INFO     | src.models.evaluation:evaluate_tsb_ad_nonoverlapping:83 - {'AUC-PR': 0.06743148610893578, 'AUC-ROC': 0.5659586984367438, 'VUS-PR': np.float64(0.07635218518253939), 'VUS-ROC': np.float64(0.6293260102960883), 'Standard-F1': np.float64(0.10581518829673392), 'PA-F1': 0.544373972280949, 'Event-based-F1': np.float64(0.1914430746918053), 'R-based-F1': 0.12283034890655152, 'Affiliation-F': 0.7067451937028059}
2026-02-08 19:57:26.379 | INFO     | src.pipelines.train_vision_backbones:run_pipeline:170 - Train images: 336
2026-02-08 19:57:26.379 | INFO     | src.pipelines.train_vision_backbones:run_pipeline:171 - Test images: 11483
2026-02-08 19:57:26.585 | INFO     | src.pipelines.train_vision_backbones:run_pipeline:176 - Training resnet18_autoencoder_progressive_unfreeze on GASF
2026-02-08 19:57:26.599 | INFO     | src.models.resnet18_autoencoder.training:train_autoencoder_progressive_unfreeze:133 - Device: cuda | Model on: cuda:0
2026-02-08 19:57:59.236 | INFO     | src.pipelines.train_vision_backbones:run_pipeline:193 - Evaluating resnet18_autoencoder_progressive_unfreeze on GASF
2026-02-08 19:58:10.230 | INFO     | src.models.evaluation:evaluate_tsb_ad_nonoverlapping:65 - Normal (459480) reconstruction error: mean=0.1878, std=0.1126
2026-02-08 19:58:10.230 | INFO     | src.models.evaluation:evaluate_tsb_ad_nonoverlapping:66 - Anomaly (22845) reconstruction error: mean=0.1866, std=0.1128
2026-02-08 19:58:10.230 | INFO     | src.models.evaluation:evaluate_tsb_ad_nonoverlapping:67 - Overlap? Normal max=0.9074, Anomaly min=0.0049
2026-02-08 20:01:40.042 | INFO     | src.models.evaluation:evaluate_tsb_ad_nonoverlapping:83 - {'AUC-PR': 0.04828132661488402, 'AUC-ROC': 0.4945526006703401, 'VUS-PR': np.float64(0.059042532745260654), 'VUS-ROC': np.float64(0.5656881847046559), 'Standard-F1': np.float64(0.09319662840739856), 'PA-F1': 0.43312615400618937, 'Event-based-F1': np.float64(0.0932447130948439), 'R-based-F1': 0.10189870826947289, 'Affiliation-F': 0.6893362043796191}
2026-02-08 20:01:40.204 | INFO     | src.pipelines.train_vision_backbones:run_pipeline:170 - Train images: 336
2026-02-08 20:01:40.204 | INFO     | src.pipelines.train_vision_backbones:run_pipeline:171 - Test images: 11483
2026-02-08 20:01:40.435 | INFO     | src.pipelines.train_vision_backbones:run_pipeline:176 - Training resnet18_autoencoder_differential_lr on GASF
2026-02-08 20:01:40.448 | INFO     | src.models.resnet18_autoencoder.training:train_autoencoder_differential_lr:271 - Device: cuda | Model on: cuda:0
2026-02-08 20:02:22.428 | INFO     | src.pipelines.train_vision_backbones:run_pipeline:193 - Evaluating resnet18_autoencoder_differential_lr on GASF
2026-02-08 20:02:33.313 | INFO     | src.models.evaluation:evaluate_tsb_ad_nonoverlapping:65 - Normal (459480) reconstruction error: mean=0.1915, std=0.1280
2026-02-08 20:02:33.313 | INFO     | src.models.evaluation:evaluate_tsb_ad_nonoverlapping:66 - Anomaly (22845) reconstruction error: mean=0.1942, std=0.1330
2026-02-08 20:02:33.313 | INFO     | src.models.evaluation:evaluate_tsb_ad_nonoverlapping:67 - Overlap? Normal max=1.0000, Anomaly min=0.0028
2026-02-08 20:06:06.207 | INFO     | src.models.evaluation:evaluate_tsb_ad_nonoverlapping:83 - {'AUC-PR': 0.04918409097769839, 'AUC-ROC': 0.5006646774071761, 'VUS-PR': np.float64(0.06287475963291334), 'VUS-ROC': np.float64(0.5754666272739732), 'Standard-F1': np.float64(0.09203768069916958), 'PA-F1': 0.44139387539598735, 'Event-based-F1': np.float64(0.10894530360952183), 'R-based-F1': 0.09820611884238477, 'Affiliation-F': 0.6894576213265811}
2026-02-08 20:06:06.447 | INFO     | src.pipelines.train_vision_backbones:run_pipeline:170 - Train images: 336
2026-02-08 20:06:06.447 | INFO     | src.pipelines.train_vision_backbones:run_pipeline:171 - Test images: 11483
2026-02-08 20:06:07.470 | INFO     | src.pipelines.train_vision_backbones:run_pipeline:176 - Training pvt_autoencoder_frozen on GASF
2026-02-08 20:06:07.493 | INFO     | src.models.pvt_autoencoder.training:train_pvt_autoencoder_frozen:24 - Device: cuda | Model on: cuda:0
2026-02-08 20:06:28.263 | INFO     | src.pipelines.train_vision_backbones:run_pipeline:193 - Evaluating pvt_autoencoder_frozen on GASF
2026-02-08 20:06:40.330 | INFO     | src.models.evaluation:evaluate_tsb_ad_nonoverlapping:65 - Normal (459480) reconstruction error: mean=0.1819, std=0.0996
2026-02-08 20:06:40.331 | INFO     | src.models.evaluation:evaluate_tsb_ad_nonoverlapping:66 - Anomaly (22845) reconstruction error: mean=0.2071, std=0.1233
2026-02-08 20:06:40.331 | INFO     | src.models.evaluation:evaluate_tsb_ad_nonoverlapping:67 - Overlap? Normal max=1.0000, Anomaly min=0.0063
2026-02-08 20:10:05.138 | INFO     | src.models.evaluation:evaluate_tsb_ad_nonoverlapping:83 - {'AUC-PR': 0.06426092774935634, 'AUC-ROC': 0.5585561280812973, 'VUS-PR': np.float64(0.07678764190771167), 'VUS-ROC': np.float64(0.6305276348832876), 'Standard-F1': np.float64(0.10749967008510893), 'PA-F1': 0.535166012138522, 'Event-based-F1': np.float64(0.1784424961320264), 'R-based-F1': 0.12175053139862861, 'Affiliation-F': 0.7170853753714046}
2026-02-08 20:10:05.303 | INFO     | src.pipelines.train_vision_backbones:run_pipeline:170 - Train images: 336
2026-02-08 20:10:05.303 | INFO     | src.pipelines.train_vision_backbones:run_pipeline:171 - Test images: 11483
2026-02-08 20:10:06.235 | INFO     | src.pipelines.train_vision_backbones:run_pipeline:176 - Training pvt_autoencoder_progressive_unfreeze on GASF
2026-02-08 20:10:06.258 | INFO     | src.models.pvt_autoencoder.training:train_pvt_autoencoder_progressive_unfreeze:132 - Device: cuda | Model on: cuda:0
2026-02-08 20:10:42.099 | INFO     | src.pipelines.train_vision_backbones:run_pipeline:193 - Evaluating pvt_autoencoder_progressive_unfreeze on GASF
2026-02-08 20:10:53.823 | INFO     | src.models.evaluation:evaluate_tsb_ad_nonoverlapping:65 - Normal (459480) reconstruction error: mean=0.1869, std=0.1258
2026-02-08 20:10:53.823 | INFO     | src.models.evaluation:evaluate_tsb_ad_nonoverlapping:66 - Anomaly (22845) reconstruction error: mean=0.1975, std=0.1358
2026-02-08 20:10:53.824 | INFO     | src.models.evaluation:evaluate_tsb_ad_nonoverlapping:67 - Overlap? Normal max=1.0000, Anomaly min=0.0006
2026-02-08 20:14:22.607 | INFO     | src.models.evaluation:evaluate_tsb_ad_nonoverlapping:83 - {'AUC-PR': 0.052733434284582464, 'AUC-ROC': 0.5182170954222082, 'VUS-PR': np.float64(0.06534532093202074), 'VUS-ROC': np.float64(0.5895615504992712), 'Standard-F1': np.float64(0.09326632238106199), 'PA-F1': 0.5076103247293922, 'Event-based-F1': np.float64(0.13249819320645584), 'R-based-F1': 0.09809943930262939, 'Affiliation-F': 0.6963431965830668}
2026-02-08 20:14:22.770 | INFO     | src.pipelines.train_vision_backbones:run_pipeline:170 - Train images: 336
2026-02-08 20:14:22.771 | INFO     | src.pipelines.train_vision_backbones:run_pipeline:171 - Test images: 11483
Warning: You are sending unauthenticated requests to the HF Hub. Please set a HF_TOKEN to enable higher rate limits and faster downloads.
2026-02-08 20:14:23.738 | INFO     | src.pipelines.train_vision_backbones:run_pipeline:176 - Training pvt_autoencoder_differential_lr on GASF
2026-02-08 20:14:23.762 | INFO     | src.models.pvt_autoencoder.training:train_pvt_autoencoder_differential_lr:267 - Device: cuda | Model on: cuda:0
2026-02-08 20:15:14.517 | INFO     | src.pipelines.train_vision_backbones:run_pipeline:193 - Evaluating pvt_autoencoder_differential_lr on GASF
2026-02-08 20:15:26.560 | INFO     | src.models.evaluation:evaluate_tsb_ad_nonoverlapping:65 - Normal (459480) reconstruction error: mean=0.1898, std=0.1232
2026-02-08 20:15:26.561 | INFO     | src.models.evaluation:evaluate_tsb_ad_nonoverlapping:66 - Anomaly (22845) reconstruction error: mean=0.1935, std=0.1232
2026-02-08 20:15:26.561 | INFO     | src.models.evaluation:evaluate_tsb_ad_nonoverlapping:67 - Overlap? Normal max=1.0000, Anomaly min=0.0027
2026-02-08 20:18:56.222 | INFO     | src.models.evaluation:evaluate_tsb_ad_nonoverlapping:83 - {'AUC-PR': 0.04887043727468593, 'AUC-ROC': 0.5095080320320993, 'VUS-PR': np.float64(0.06281595220754181), 'VUS-ROC': np.float64(0.5853776479703742), 'Standard-F1': np.float64(0.09297866538896529), 'PA-F1': 0.44641936364463586, 'Event-based-F1': np.float64(0.10567780055857783), 'R-based-F1': 0.09292377724433061, 'Affiliation-F': 0.6903742297839242}
2026-02-08 20:18:59.064 | INFO     | src.pipelines.train_vision_backbones:run_pipeline:70 - Using zip: /net/scratch/hscra/plgrid/plgsmendowski12/ts2i_images/MITDB/170_MITDB_id_1_Medical_tr_17675_1st_17775_ts2i_GADF.zip for transformation GADF
2026-02-08 20:19:14.061 | INFO     | src.pipelines.train_vision_backbones:run_pipeline:170 - Train images: 336
2026-02-08 20:19:14.061 | INFO     | src.pipelines.train_vision_backbones:run_pipeline:171 - Test images: 11483
2026-02-08 20:19:14.067 | INFO     | src.pipelines.train_vision_backbones:run_pipeline:176 - Training cnn_autoencoder on GADF
2026-02-08 20:19:14.071 | INFO     | src.models.cnn_autoencoder.training:train_autoencoder:22 - Device: cuda | Model on: cuda:0
2026-02-08 20:19:59.393 | INFO     | src.pipelines.train_vision_backbones:run_pipeline:193 - Evaluating cnn_autoencoder on GADF
2026-02-08 20:20:09.348 | INFO     | src.models.evaluation:evaluate_tsb_ad_nonoverlapping:65 - Normal (459480) reconstruction error: mean=0.2099, std=0.1279
2026-02-08 20:20:09.348 | INFO     | src.models.evaluation:evaluate_tsb_ad_nonoverlapping:66 - Anomaly (22845) reconstruction error: mean=0.1784, std=0.1016
2026-02-08 20:20:09.348 | INFO     | src.models.evaluation:evaluate_tsb_ad_nonoverlapping:67 - Overlap? Normal max=1.0000, Anomaly min=0.0016
2026-02-08 20:23:51.479 | INFO     | src.models.evaluation:evaluate_tsb_ad_nonoverlapping:83 - {'AUC-PR': 0.038254357075351, 'AUC-ROC': 0.4314267027198693, 'VUS-PR': np.float64(0.04969513077070471), 'VUS-ROC': np.float64(0.5103858174113289), 'Standard-F1': np.float64(0.09111103843589516), 'PA-F1': 0.3206286023261968, 'Event-based-F1': np.float64(0.09079724209620169), 'R-based-F1': 0.11094669250961986, 'Affiliation-F': 0.6890674908495287}
2026-02-08 20:23:51.640 | INFO     | src.pipelines.train_vision_backbones:run_pipeline:170 - Train images: 336
2026-02-08 20:23:51.640 | INFO     | src.pipelines.train_vision_backbones:run_pipeline:171 - Test images: 11483
2026-02-08 20:23:51.853 | INFO     | src.pipelines.train_vision_backbones:run_pipeline:176 - Training resnet18_autoencoder_frozen on GADF
2026-02-08 20:23:51.867 | INFO     | src.models.resnet18_autoencoder.training:train_autoencoder_frozen:25 - Device: cuda | Model on: cuda:0
2026-02-08 20:24:10.392 | INFO     | src.pipelines.train_vision_backbones:run_pipeline:193 - Evaluating resnet18_autoencoder_frozen on GADF
2026-02-08 20:24:21.801 | INFO     | src.models.evaluation:evaluate_tsb_ad_nonoverlapping:65 - Normal (459480) reconstruction error: mean=0.2362, std=0.1794
2026-02-08 20:24:21.801 | INFO     | src.models.evaluation:evaluate_tsb_ad_nonoverlapping:66 - Anomaly (22845) reconstruction error: mean=0.2244, std=0.1824
2026-02-08 20:24:21.801 | INFO     | src.models.evaluation:evaluate_tsb_ad_nonoverlapping:67 - Overlap? Normal max=0.9954, Anomaly min=0.0000
2026-02-08 20:28:23.995 | INFO     | src.models.evaluation:evaluate_tsb_ad_nonoverlapping:83 - {'AUC-PR': 0.049047637006198075, 'AUC-ROC': 0.47540442317362275, 'VUS-PR': np.float64(0.058529175675809814), 'VUS-ROC': np.float64(0.5546187846485925), 'Standard-F1': np.float64(0.09058144410150543), 'PA-F1': 0.38587327357003365, 'Event-based-F1': np.float64(0.13333333333333303), 'R-based-F1': 0.11134489445292836, 'Affiliation-F': 0.6890491661623283}
2026-02-08 20:28:24.159 | INFO     | src.pipelines.train_vision_backbones:run_pipeline:170 - Train images: 336
2026-02-08 20:28:24.159 | INFO     | src.pipelines.train_vision_backbones:run_pipeline:171 - Test images: 11483
2026-02-08 20:28:24.371 | INFO     | src.pipelines.train_vision_backbones:run_pipeline:176 - Training resnet18_autoencoder_progressive_unfreeze on GADF
2026-02-08 20:28:24.385 | INFO     | src.models.resnet18_autoencoder.training:train_autoencoder_progressive_unfreeze:133 - Device: cuda | Model on: cuda:0
2026-02-08 20:29:10.146 | INFO     | src.pipelines.train_vision_backbones:run_pipeline:193 - Evaluating resnet18_autoencoder_progressive_unfreeze on GADF
2026-02-08 20:29:21.326 | INFO     | src.models.evaluation:evaluate_tsb_ad_nonoverlapping:65 - Normal (459480) reconstruction error: mean=0.1349, std=0.1054
2026-02-08 20:29:21.326 | INFO     | src.models.evaluation:evaluate_tsb_ad_nonoverlapping:66 - Anomaly (22845) reconstruction error: mean=0.1341, std=0.1072
2026-02-08 20:29:21.327 | INFO     | src.models.evaluation:evaluate_tsb_ad_nonoverlapping:67 - Overlap? Normal max=1.0000, Anomaly min=0.0016
2026-02-08 20:32:18.774 | INFO     | src.models.evaluation:evaluate_tsb_ad_nonoverlapping:83 - {'AUC-PR': 0.0474626725778825, 'AUC-ROC': 0.4924073142204602, 'VUS-PR': np.float64(0.060638787224072774), 'VUS-ROC': np.float64(0.5647491560082574), 'Standard-F1': np.float64(0.09239947130190279), 'PA-F1': 0.40701080207137336, 'Event-based-F1': np.float64(0.11174384115053171), 'R-based-F1': 0.10409283146517995, 'Affiliation-F': 0.689301577762027}
2026-02-08 20:32:18.934 | INFO     | src.pipelines.train_vision_backbones:run_pipeline:170 - Train images: 336
2026-02-08 20:32:18.934 | INFO     | src.pipelines.train_vision_backbones:run_pipeline:171 - Test images: 11483
2026-02-08 20:32:19.141 | INFO     | src.pipelines.train_vision_backbones:run_pipeline:176 - Training resnet18_autoencoder_differential_lr on GADF
2026-02-08 20:32:19.154 | INFO     | src.models.resnet18_autoencoder.training:train_autoencoder_differential_lr:271 - Device: cuda | Model on: cuda:0
2026-02-08 20:33:10.457 | INFO     | src.pipelines.train_vision_backbones:run_pipeline:193 - Evaluating resnet18_autoencoder_differential_lr on GADF
2026-02-08 20:33:22.093 | INFO     | src.models.evaluation:evaluate_tsb_ad_nonoverlapping:65 - Normal (459480) reconstruction error: mean=0.1185, std=0.0878
2026-02-08 20:33:22.094 | INFO     | src.models.evaluation:evaluate_tsb_ad_nonoverlapping:66 - Anomaly (22845) reconstruction error: mean=0.1172, std=0.0828
2026-02-08 20:33:22.094 | INFO     | src.models.evaluation:evaluate_tsb_ad_nonoverlapping:67 - Overlap? Normal max=1.0000, Anomaly min=0.0024
2026-02-08 20:36:10.129 | INFO     | src.models.evaluation:evaluate_tsb_ad_nonoverlapping:83 - {'AUC-PR': 0.04733439536816894, 'AUC-ROC': 0.4959254023546902, 'VUS-PR': np.float64(0.06213021511098939), 'VUS-ROC': np.float64(0.5685846704205189), 'Standard-F1': np.float64(0.09227624327331256), 'PA-F1': 0.4364288499025341, 'Event-based-F1': np.float64(0.09954253932527529), 'R-based-F1': 0.10195321979537925, 'Affiliation-F': 0.6890620416336742}
2026-02-08 20:36:10.290 | INFO     | src.pipelines.train_vision_backbones:run_pipeline:170 - Train images: 336
2026-02-08 20:36:10.291 | INFO     | src.pipelines.train_vision_backbones:run_pipeline:171 - Test images: 11483
2026-02-08 20:36:11.261 | INFO     | src.pipelines.train_vision_backbones:run_pipeline:176 - Training pvt_autoencoder_frozen on GADF
2026-02-08 20:36:11.285 | INFO     | src.models.pvt_autoencoder.training:train_pvt_autoencoder_frozen:24 - Device: cuda | Model on: cuda:0
2026-02-08 20:36:32.897 | INFO     | src.pipelines.train_vision_backbones:run_pipeline:193 - Evaluating pvt_autoencoder_frozen on GADF
2026-02-08 20:36:44.699 | INFO     | src.models.evaluation:evaluate_tsb_ad_nonoverlapping:65 - Normal (459480) reconstruction error: mean=0.1639, std=0.1355
2026-02-08 20:36:44.699 | INFO     | src.models.evaluation:evaluate_tsb_ad_nonoverlapping:66 - Anomaly (22845) reconstruction error: mean=0.1749, std=0.1665
2026-02-08 20:36:44.699 | INFO     | src.models.evaluation:evaluate_tsb_ad_nonoverlapping:67 - Overlap? Normal max=0.8162, Anomaly min=0.0000
2026-02-08 20:40:01.851 | INFO     | src.models.evaluation:evaluate_tsb_ad_nonoverlapping:83 - {'AUC-PR': 0.06850738655514389, 'AUC-ROC': 0.5016048483766599, 'VUS-PR': np.float64(0.06616387292724074), 'VUS-ROC': np.float64(0.5768459709559142), 'Standard-F1': np.float64(0.09151859495856078), 'PA-F1': 0.5080698462784896, 'Event-based-F1': np.float64(0.2763915547024949), 'R-based-F1': 0.11881571392288583, 'Affiliation-F': 0.6890491661623283}
2026-02-08 20:40:02.028 | INFO     | src.pipelines.train_vision_backbones:run_pipeline:170 - Train images: 336
2026-02-08 20:40:02.028 | INFO     | src.pipelines.train_vision_backbones:run_pipeline:171 - Test images: 11483
2026-02-08 20:40:02.991 | INFO     | src.pipelines.train_vision_backbones:run_pipeline:176 - Training pvt_autoencoder_progressive_unfreeze on GADF
2026-02-08 20:40:03.016 | INFO     | src.models.pvt_autoencoder.training:train_pvt_autoencoder_progressive_unfreeze:132 - Device: cuda | Model on: cuda:0
2026-02-08 20:40:50.356 | INFO     | src.pipelines.train_vision_backbones:run_pipeline:193 - Evaluating pvt_autoencoder_progressive_unfreeze on GADF
2026-02-08 20:41:03.395 | INFO     | src.models.evaluation:evaluate_tsb_ad_nonoverlapping:65 - Normal (459480) reconstruction error: mean=0.0916, std=0.0679
2026-02-08 20:41:03.395 | INFO     | src.models.evaluation:evaluate_tsb_ad_nonoverlapping:66 - Anomaly (22845) reconstruction error: mean=0.0932, std=0.0725
2026-02-08 20:41:03.396 | INFO     | src.models.evaluation:evaluate_tsb_ad_nonoverlapping:67 - Overlap? Normal max=1.0000, Anomaly min=0.0013
2026-02-08 20:43:37.365 | INFO     | src.models.evaluation:evaluate_tsb_ad_nonoverlapping:83 - {'AUC-PR': 0.049548154503331124, 'AUC-ROC': 0.49604638956104485, 'VUS-PR': np.float64(0.06489158575114778), 'VUS-ROC': np.float64(0.5747504244165031), 'Standard-F1': np.float64(0.09255296465547676), 'PA-F1': 0.43054660264421496, 'Event-based-F1': np.float64(0.13138686131386818), 'R-based-F1': 0.10538636754127084, 'Affiliation-F': 0.6890579065400614}
2026-02-08 20:43:37.533 | INFO     | src.pipelines.train_vision_backbones:run_pipeline:170 - Train images: 336
2026-02-08 20:43:37.533 | INFO     | src.pipelines.train_vision_backbones:run_pipeline:171 - Test images: 11483
2026-02-08 20:43:38.481 | INFO     | src.pipelines.train_vision_backbones:run_pipeline:176 - Training pvt_autoencoder_differential_lr on GADF
2026-02-08 20:43:38.504 | INFO     | src.models.pvt_autoencoder.training:train_pvt_autoencoder_differential_lr:267 - Device: cuda | Model on: cuda:0
2026-02-08 20:44:45.434 | INFO     | src.pipelines.train_vision_backbones:run_pipeline:193 - Evaluating pvt_autoencoder_differential_lr on GADF
2026-02-08 20:44:58.607 | INFO     | src.models.evaluation:evaluate_tsb_ad_nonoverlapping:65 - Normal (459480) reconstruction error: mean=0.0922, std=0.0665
2026-02-08 20:44:58.608 | INFO     | src.models.evaluation:evaluate_tsb_ad_nonoverlapping:66 - Anomaly (22845) reconstruction error: mean=0.0926, std=0.0698
2026-02-08 20:44:58.608 | INFO     | src.models.evaluation:evaluate_tsb_ad_nonoverlapping:67 - Overlap? Normal max=1.0000, Anomaly min=0.0015
2026-02-08 20:47:31.467 | INFO     | src.models.evaluation:evaluate_tsb_ad_nonoverlapping:83 - {'AUC-PR': 0.048759322469393226, 'AUC-ROC': 0.4914519057799273, 'VUS-PR': np.float64(0.06424148328469502), 'VUS-ROC': np.float64(0.5699938234452915), 'Standard-F1': np.float64(0.09240777816647959), 'PA-F1': 0.5123986230235136, 'Event-based-F1': np.float64(0.12945778920114126), 'R-based-F1': 0.10738014171840363, 'Affiliation-F': 0.6890674908495287}
2026-02-08 20:47:34.409 | INFO     | src.pipelines.train_vision_backbones:run_pipeline:70 - Using zip: /net/scratch/hscra/plgrid/plgsmendowski12/ts2i_images/MITDB/170_MITDB_id_1_Medical_tr_17675_1st_17775_ts2i_MTF.zip for transformation MTF
2026-02-08 20:47:49.921 | INFO     | src.pipelines.train_vision_backbones:run_pipeline:170 - Train images: 336
2026-02-08 20:47:49.921 | INFO     | src.pipelines.train_vision_backbones:run_pipeline:171 - Test images: 11483
2026-02-08 20:47:49.927 | INFO     | src.pipelines.train_vision_backbones:run_pipeline:176 - Training cnn_autoencoder on MTF
2026-02-08 20:47:49.935 | INFO     | src.models.cnn_autoencoder.training:train_autoencoder:22 - Device: cuda | Model on: cuda:0
2026-02-08 20:48:20.346 | INFO     | src.pipelines.train_vision_backbones:run_pipeline:193 - Evaluating cnn_autoencoder on MTF
2026-02-08 20:48:30.338 | INFO     | src.models.evaluation:evaluate_tsb_ad_nonoverlapping:65 - Normal (459480) reconstruction error: mean=0.2168, std=0.0918
2026-02-08 20:48:30.339 | INFO     | src.models.evaluation:evaluate_tsb_ad_nonoverlapping:66 - Anomaly (22845) reconstruction error: mean=0.2168, std=0.0875
2026-02-08 20:48:30.339 | INFO     | src.models.evaluation:evaluate_tsb_ad_nonoverlapping:67 - Overlap? Normal max=1.0000, Anomaly min=0.0428
2026-02-08 20:52:20.077 | INFO     | src.models.evaluation:evaluate_tsb_ad_nonoverlapping:83 - {'AUC-PR': 0.047209746676173885, 'AUC-ROC': 0.5009000723990652, 'VUS-PR': np.float64(0.05973920197375726), 'VUS-ROC': np.float64(0.5714051935928491), 'Standard-F1': np.float64(0.09212296558753724), 'PA-F1': 0.38495198209256987, 'Event-based-F1': np.float64(0.09275464003420401), 'R-based-F1': 0.0845908917010982, 'Affiliation-F': 0.6909574410812062}
2026-02-08 20:52:20.245 | INFO     | src.pipelines.train_vision_backbones:run_pipeline:170 - Train images: 336
2026-02-08 20:52:20.245 | INFO     | src.pipelines.train_vision_backbones:run_pipeline:171 - Test images: 11483
2026-02-08 20:52:20.450 | INFO     | src.pipelines.train_vision_backbones:run_pipeline:176 - Training resnet18_autoencoder_frozen on MTF
2026-02-08 20:52:20.463 | INFO     | src.models.resnet18_autoencoder.training:train_autoencoder_frozen:25 - Device: cuda | Model on: cuda:0
2026-02-08 20:52:38.381 | INFO     | src.pipelines.train_vision_backbones:run_pipeline:193 - Evaluating resnet18_autoencoder_frozen on MTF
2026-02-08 20:52:50.354 | INFO     | src.models.evaluation:evaluate_tsb_ad_nonoverlapping:65 - Normal (459480) reconstruction error: mean=0.2037, std=0.0926
2026-02-08 20:52:50.355 | INFO     | src.models.evaluation:evaluate_tsb_ad_nonoverlapping:66 - Anomaly (22845) reconstruction error: mean=0.2219, std=0.0873
2026-02-08 20:52:50.355 | INFO     | src.models.evaluation:evaluate_tsb_ad_nonoverlapping:67 - Overlap? Normal max=1.0000, Anomaly min=0.0454
2026-02-08 20:56:31.579 | INFO     | src.models.evaluation:evaluate_tsb_ad_nonoverlapping:83 - {'AUC-PR': 0.055627761316699775, 'AUC-ROC': 0.5640645723239284, 'VUS-PR': np.float64(0.06749452876030772), 'VUS-ROC': np.float64(0.6229979742065492), 'Standard-F1': np.float64(0.10586665317654119), 'PA-F1': 0.41345624257181784, 'Event-based-F1': np.float64(0.11983586284044848), 'R-based-F1': 0.09619704906134585, 'Affiliation-F': 0.7098091528054269}
2026-02-08 20:56:31.750 | INFO     | src.pipelines.train_vision_backbones:run_pipeline:170 - Train images: 336
2026-02-08 20:56:31.750 | INFO     | src.pipelines.train_vision_backbones:run_pipeline:171 - Test images: 11483
2026-02-08 20:56:31.961 | INFO     | src.pipelines.train_vision_backbones:run_pipeline:176 - Training resnet18_autoencoder_progressive_unfreeze on MTF
2026-02-08 20:56:31.979 | INFO     | src.models.resnet18_autoencoder.training:train_autoencoder_progressive_unfreeze:133 - Device: cuda | Model on: cuda:0
2026-02-08 20:57:02.783 | INFO     | src.pipelines.train_vision_backbones:run_pipeline:193 - Evaluating resnet18_autoencoder_progressive_unfreeze on MTF
2026-02-08 20:57:14.343 | INFO     | src.models.evaluation:evaluate_tsb_ad_nonoverlapping:65 - Normal (459480) reconstruction error: mean=0.1884, std=0.0864
2026-02-08 20:57:14.344 | INFO     | src.models.evaluation:evaluate_tsb_ad_nonoverlapping:66 - Anomaly (22845) reconstruction error: mean=0.2012, std=0.0850
2026-02-08 20:57:14.344 | INFO     | src.models.evaluation:evaluate_tsb_ad_nonoverlapping:67 - Overlap? Normal max=1.0000, Anomaly min=0.0513
2026-02-08 21:00:42.510 | INFO     | src.models.evaluation:evaluate_tsb_ad_nonoverlapping:83 - {'AUC-PR': 0.054117795599313734, 'AUC-ROC': 0.5483056599538341, 'VUS-PR': np.float64(0.06598246994049285), 'VUS-ROC': np.float64(0.6103633966054902), 'Standard-F1': np.float64(0.10181661475827258), 'PA-F1': 0.38938313359311816, 'Event-based-F1': np.float64(0.10883953177306584), 'R-based-F1': 0.09061460082098445, 'Affiliation-F': 0.7060135313740387}
2026-02-08 21:00:42.674 | INFO     | src.pipelines.train_vision_backbones:run_pipeline:170 - Train images: 336
2026-02-08 21:00:42.674 | INFO     | src.pipelines.train_vision_backbones:run_pipeline:171 - Test images: 11483
2026-02-08 21:00:42.889 | INFO     | src.pipelines.train_vision_backbones:run_pipeline:176 - Training resnet18_autoencoder_differential_lr on MTF
2026-02-08 21:00:42.903 | INFO     | src.models.resnet18_autoencoder.training:train_autoencoder_differential_lr:271 - Device: cuda | Model on: cuda:0
2026-02-08 21:01:08.362 | INFO     | src.pipelines.train_vision_backbones:run_pipeline:193 - Evaluating resnet18_autoencoder_differential_lr on MTF
2026-02-08 21:01:19.671 | INFO     | src.models.evaluation:evaluate_tsb_ad_nonoverlapping:65 - Normal (459480) reconstruction error: mean=0.2001, std=0.0919
2026-02-08 21:01:19.672 | INFO     | src.models.evaluation:evaluate_tsb_ad_nonoverlapping:66 - Anomaly (22845) reconstruction error: mean=0.2167, std=0.0885
2026-02-08 21:01:19.672 | INFO     | src.models.evaluation:evaluate_tsb_ad_nonoverlapping:67 - Overlap? Normal max=1.0000, Anomaly min=0.0428
2026-02-08 21:04:56.210 | INFO     | src.models.evaluation:evaluate_tsb_ad_nonoverlapping:83 - {'AUC-PR': 0.05533449513142384, 'AUC-ROC': 0.5608056518085105, 'VUS-PR': np.float64(0.06719538295835205), 'VUS-ROC': np.float64(0.6209470827365388), 'Standard-F1': np.float64(0.10524774733518288), 'PA-F1': 0.41695024537020453, 'Event-based-F1': np.float64(0.11210167101558208), 'R-based-F1': 0.0896265525756558, 'Affiliation-F': 0.716196509394146}
2026-02-08 21:04:56.386 | INFO     | src.pipelines.train_vision_backbones:run_pipeline:170 - Train images: 336
2026-02-08 21:04:56.387 | INFO     | src.pipelines.train_vision_backbones:run_pipeline:171 - Test images: 11483
2026-02-08 21:04:57.404 | INFO     | src.pipelines.train_vision_backbones:run_pipeline:176 - Training pvt_autoencoder_frozen on MTF
2026-02-08 21:04:57.433 | INFO     | src.models.pvt_autoencoder.training:train_pvt_autoencoder_frozen:24 - Device: cuda | Model on: cuda:0
2026-02-08 21:05:17.631 | INFO     | src.pipelines.train_vision_backbones:run_pipeline:193 - Evaluating pvt_autoencoder_frozen on MTF
2026-02-08 21:05:31.010 | INFO     | src.models.evaluation:evaluate_tsb_ad_nonoverlapping:65 - Normal (459480) reconstruction error: mean=0.2246, std=0.1004
2026-02-08 21:05:31.011 | INFO     | src.models.evaluation:evaluate_tsb_ad_nonoverlapping:66 - Anomaly (22845) reconstruction error: mean=0.2456, std=0.0990
2026-02-08 21:05:31.011 | INFO     | src.models.evaluation:evaluate_tsb_ad_nonoverlapping:67 - Overlap? Normal max=1.0000, Anomaly min=0.0532
2026-02-08 21:09:21.866 | INFO     | src.models.evaluation:evaluate_tsb_ad_nonoverlapping:83 - {'AUC-PR': 0.05677759437723253, 'AUC-ROC': 0.5637377162090396, 'VUS-PR': np.float64(0.06954799913961505), 'VUS-ROC': np.float64(0.6263891837706531), 'Standard-F1': np.float64(0.10364328973278567), 'PA-F1': 0.4548137644478887, 'Event-based-F1': np.float64(0.13225263944688376), 'R-based-F1': 0.0979419348571497, 'Affiliation-F': 0.7235712453766262}
2026-02-08 21:09:22.167 | INFO     | src.pipelines.train_vision_backbones:run_pipeline:170 - Train images: 336
2026-02-08 21:09:22.167 | INFO     | src.pipelines.train_vision_backbones:run_pipeline:171 - Test images: 11483
2026-02-08 21:09:23.241 | INFO     | src.pipelines.train_vision_backbones:run_pipeline:176 - Training pvt_autoencoder_progressive_unfreeze on MTF
2026-02-08 21:09:23.270 | INFO     | src.models.pvt_autoencoder.training:train_pvt_autoencoder_progressive_unfreeze:132 - Device: cuda | Model on: cuda:0
2026-02-08 21:09:55.936 | INFO     | src.pipelines.train_vision_backbones:run_pipeline:193 - Evaluating pvt_autoencoder_progressive_unfreeze on MTF
2026-02-08 21:13:47.177 | INFO     | src.models.evaluation:evaluate_tsb_ad_nonoverlapping:65 - Normal (459480) reconstruction error: mean=0.2093, std=0.1005
2026-02-08 21:13:47.178 | INFO     | src.models.evaluation:evaluate_tsb_ad_nonoverlapping:66 - Anomaly (22845) reconstruction error: mean=0.2205, std=0.0974
2026-02-08 21:13:47.178 | INFO     | src.models.evaluation:evaluate_tsb_ad_nonoverlapping:67 - Overlap? Normal max=1.0000, Anomaly min=0.0427
2026-02-08 21:17:28.026 | INFO     | src.models.evaluation:evaluate_tsb_ad_nonoverlapping:83 - {'AUC-PR': 0.05196609695254016, 'AUC-ROC': 0.5371737066269381, 'VUS-PR': np.float64(0.06386953700657576), 'VUS-ROC': np.float64(0.6015525504163136), 'Standard-F1': np.float64(0.09708937765978838), 'PA-F1': 0.40464557468962753, 'Event-based-F1': np.float64(0.10363384997513547), 'R-based-F1': 0.08997615693784951, 'Affiliation-F': 0.7042309637101196}
2026-02-08 21:17:28.190 | INFO     | src.pipelines.train_vision_backbones:run_pipeline:170 - Train images: 336
2026-02-08 21:17:28.190 | INFO     | src.pipelines.train_vision_backbones:run_pipeline:171 - Test images: 11483
2026-02-08 21:17:29.172 | INFO     | src.pipelines.train_vision_backbones:run_pipeline:176 - Training pvt_autoencoder_differential_lr on MTF
2026-02-08 21:17:29.196 | INFO     | src.models.pvt_autoencoder.training:train_pvt_autoencoder_differential_lr:267 - Device: cuda | Model on: cuda:0
2026-02-08 21:18:13.531 | INFO     | src.pipelines.train_vision_backbones:run_pipeline:193 - Evaluating pvt_autoencoder_differential_lr on MTF
2026-02-08 21:18:25.963 | INFO     | src.models.evaluation:evaluate_tsb_ad_nonoverlapping:65 - Normal (459480) reconstruction error: mean=0.1859, std=0.0922
2026-02-08 21:18:25.964 | INFO     | src.models.evaluation:evaluate_tsb_ad_nonoverlapping:66 - Anomaly (22845) reconstruction error: mean=0.1989, std=0.0895
2026-02-08 21:18:25.964 | INFO     | src.models.evaluation:evaluate_tsb_ad_nonoverlapping:67 - Overlap? Normal max=1.0000, Anomaly min=0.0215
2026-02-08 21:21:55.274 | INFO     | src.models.evaluation:evaluate_tsb_ad_nonoverlapping:83 - {'AUC-PR': 0.05339756241226254, 'AUC-ROC': 0.5487089875099894, 'VUS-PR': np.float64(0.0661188420486209), 'VUS-ROC': np.float64(0.6129501758422651), 'Standard-F1': np.float64(0.10221384794988504), 'PA-F1': 0.419592314029819, 'Event-based-F1': np.float64(0.11193498466709062), 'R-based-F1': 0.0921667114427722, 'Affiliation-F': 0.701314061836576}
2026-02-08 21:21:57.879 | INFO     | src.pipelines.train_vision_backbones:run_pipeline:70 - Using zip: /net/scratch/hscra/plgrid/plgsmendowski12/ts2i_images/MITDB/170_MITDB_id_1_Medical_tr_17675_1st_17775_ts2i_RP.zip for transformation RP
2026-02-08 21:22:12.654 | INFO     | src.pipelines.train_vision_backbones:run_pipeline:170 - Train images: 336
2026-02-08 21:22:12.654 | INFO     | src.pipelines.train_vision_backbones:run_pipeline:171 - Test images: 11483
2026-02-08 21:22:12.660 | INFO     | src.pipelines.train_vision_backbones:run_pipeline:176 - Training cnn_autoencoder on RP
2026-02-08 21:22:12.665 | INFO     | src.models.cnn_autoencoder.training:train_autoencoder:22 - Device: cuda | Model on: cuda:0
2026-02-08 21:22:57.981 | INFO     | src.pipelines.train_vision_backbones:run_pipeline:193 - Evaluating cnn_autoencoder on RP
2026-02-08 21:23:07.715 | INFO     | src.models.evaluation:evaluate_tsb_ad_nonoverlapping:65 - Normal (459480) reconstruction error: mean=0.2858, std=0.3177
2026-02-08 21:23:07.716 | INFO     | src.models.evaluation:evaluate_tsb_ad_nonoverlapping:66 - Anomaly (22845) reconstruction error: mean=0.4089, std=0.2938
2026-02-08 21:23:07.716 | INFO     | src.models.evaluation:evaluate_tsb_ad_nonoverlapping:67 - Overlap? Normal max=1.0000, Anomaly min=0.0000
2026-02-08 21:27:48.869 | INFO     | src.models.evaluation:evaluate_tsb_ad_nonoverlapping:83 - {'AUC-PR': 0.05697266641822815, 'AUC-ROC': 0.6028120583484107, 'VUS-PR': np.float64(0.07037686315344473), 'VUS-ROC': np.float64(0.6403518965559141), 'Standard-F1': np.float64(0.12630441901853842), 'PA-F1': 0.4190349978916933, 'Event-based-F1': np.float64(0.12973269009286167), 'R-based-F1': 0.09569755000461454, 'Affiliation-F': 0.7106562498744369}
2026-02-08 21:27:49.162 | INFO     | src.pipelines.train_vision_backbones:run_pipeline:170 - Train images: 336
2026-02-08 21:27:49.162 | INFO     | src.pipelines.train_vision_backbones:run_pipeline:171 - Test images: 11483
2026-02-08 21:27:49.418 | INFO     | src.pipelines.train_vision_backbones:run_pipeline:176 - Training resnet18_autoencoder_frozen on RP
2026-02-08 21:27:49.430 | INFO     | src.models.resnet18_autoencoder.training:train_autoencoder_frozen:25 - Device: cuda | Model on: cuda:0
2026-02-08 21:28:14.138 | INFO     | src.pipelines.train_vision_backbones:run_pipeline:193 - Evaluating resnet18_autoencoder_frozen on RP
2026-02-08 21:28:24.355 | INFO     | src.models.evaluation:evaluate_tsb_ad_nonoverlapping:65 - Normal (459480) reconstruction error: mean=0.2511, std=0.2784
2026-02-08 21:28:24.355 | INFO     | src.models.evaluation:evaluate_tsb_ad_nonoverlapping:66 - Anomaly (22845) reconstruction error: mean=0.3534, std=0.2542
2026-02-08 21:28:24.355 | INFO     | src.models.evaluation:evaluate_tsb_ad_nonoverlapping:67 - Overlap? Normal max=1.0000, Anomaly min=0.0000
2026-02-08 21:32:39.773 | INFO     | src.models.evaluation:evaluate_tsb_ad_nonoverlapping:83 - {'AUC-PR': 0.05582589296350865, 'AUC-ROC': 0.5947958830505305, 'VUS-PR': np.float64(0.07082362325178743), 'VUS-ROC': np.float64(0.6362555875985977), 'Standard-F1': np.float64(0.12630441901853842), 'PA-F1': 0.47454499968728503, 'Event-based-F1': np.float64(0.12973269009286167), 'R-based-F1': 0.09142336989715305, 'Affiliation-F': 0.7106562498744369}
2026-02-08 21:32:39.935 | INFO     | src.pipelines.train_vision_backbones:run_pipeline:170 - Train images: 336
2026-02-08 21:32:39.935 | INFO     | src.pipelines.train_vision_backbones:run_pipeline:171 - Test images: 11483
2026-02-08 21:32:40.143 | INFO     | src.pipelines.train_vision_backbones:run_pipeline:176 - Training resnet18_autoencoder_progressive_unfreeze on RP
2026-02-08 21:32:40.156 | INFO     | src.models.resnet18_autoencoder.training:train_autoencoder_progressive_unfreeze:133 - Device: cuda | Model on: cuda:0
2026-02-08 21:32:59.673 | INFO     | src.pipelines.train_vision_backbones:run_pipeline:193 - Evaluating resnet18_autoencoder_progressive_unfreeze on RP
2026-02-08 21:33:09.874 | INFO     | src.models.evaluation:evaluate_tsb_ad_nonoverlapping:65 - Normal (459480) reconstruction error: mean=0.2755, std=0.3038
2026-02-08 21:33:09.874 | INFO     | src.models.evaluation:evaluate_tsb_ad_nonoverlapping:66 - Anomaly (22845) reconstruction error: mean=0.3920, std=0.2807
2026-02-08 21:33:09.874 | INFO     | src.models.evaluation:evaluate_tsb_ad_nonoverlapping:67 - Overlap? Normal max=1.0000, Anomaly min=0.0000
2026-02-08 21:37:39.067 | INFO     | src.models.evaluation:evaluate_tsb_ad_nonoverlapping:83 - {'AUC-PR': 0.05859768802492139, 'AUC-ROC': 0.5982885366260332, 'VUS-PR': np.float64(0.07103745731027893), 'VUS-ROC': np.float64(0.6375807325873026), 'Standard-F1': np.float64(0.12630441901853842), 'PA-F1': 0.4538568419165434, 'Event-based-F1': np.float64(0.12973269009286167), 'R-based-F1': 0.09385634252975449, 'Affiliation-F': 0.7106562498744369}
2026-02-08 21:37:39.228 | INFO     | src.pipelines.train_vision_backbones:run_pipeline:170 - Train images: 336
2026-02-08 21:37:39.228 | INFO     | src.pipelines.train_vision_backbones:run_pipeline:171 - Test images: 11483
2026-02-08 21:37:39.436 | INFO     | src.pipelines.train_vision_backbones:run_pipeline:176 - Training resnet18_autoencoder_differential_lr on RP
2026-02-08 21:37:39.450 | INFO     | src.models.resnet18_autoencoder.training:train_autoencoder_differential_lr:271 - Device: cuda | Model on: cuda:0
2026-02-08 21:38:05.854 | INFO     | src.pipelines.train_vision_backbones:run_pipeline:193 - Evaluating resnet18_autoencoder_differential_lr on RP
2026-02-08 21:38:16.024 | INFO     | src.models.evaluation:evaluate_tsb_ad_nonoverlapping:65 - Normal (459480) reconstruction error: mean=0.2594, std=0.2858
2026-02-08 21:38:16.025 | INFO     | src.models.evaluation:evaluate_tsb_ad_nonoverlapping:66 - Anomaly (22845) reconstruction error: mean=0.3693, std=0.2634
2026-02-08 21:38:16.025 | INFO     | src.models.evaluation:evaluate_tsb_ad_nonoverlapping:67 - Overlap? Normal max=1.0000, Anomaly min=0.0000
2026-02-08 21:42:38.830 | INFO     | src.models.evaluation:evaluate_tsb_ad_nonoverlapping:83 - {'AUC-PR': 0.05694629116521946, 'AUC-ROC': 0.5916412898397062, 'VUS-PR': np.float64(0.07097862161316804), 'VUS-ROC': np.float64(0.6377900613669242), 'Standard-F1': np.float64(0.12506393044688222), 'PA-F1': 0.45176366477233443, 'Event-based-F1': np.float64(0.1286518780496873), 'R-based-F1': 0.5959127259675255, 'Affiliation-F': 0.7104703207644331}
2026-02-08 21:42:38.994 | INFO     | src.pipelines.train_vision_backbones:run_pipeline:170 - Train images: 336
2026-02-08 21:42:38.994 | INFO     | src.pipelines.train_vision_backbones:run_pipeline:171 - Test images: 11483
2026-02-08 21:42:39.995 | INFO     | src.pipelines.train_vision_backbones:run_pipeline:176 - Training pvt_autoencoder_frozen on RP
2026-02-08 21:42:40.019 | INFO     | src.models.pvt_autoencoder.training:train_pvt_autoencoder_frozen:24 - Device: cuda | Model on: cuda:0
2026-02-08 21:43:06.984 | INFO     | src.pipelines.train_vision_backbones:run_pipeline:193 - Evaluating pvt_autoencoder_frozen on RP
2026-02-08 21:43:17.954 | INFO     | src.models.evaluation:evaluate_tsb_ad_nonoverlapping:65 - Normal (459480) reconstruction error: mean=0.2569, std=0.2833
2026-02-08 21:43:17.954 | INFO     | src.models.evaluation:evaluate_tsb_ad_nonoverlapping:66 - Anomaly (22845) reconstruction error: mean=0.3668, std=0.2620
2026-02-08 21:43:17.954 | INFO     | src.models.evaluation:evaluate_tsb_ad_nonoverlapping:67 - Overlap? Normal max=1.0000, Anomaly min=0.0000
2026-02-08 21:47:44.574 | INFO     | src.models.evaluation:evaluate_tsb_ad_nonoverlapping:83 - {'AUC-PR': 0.05767666348477017, 'AUC-ROC': 0.5928974342002186, 'VUS-PR': np.float64(0.07279359891983996), 'VUS-ROC': np.float64(0.6391803795897697), 'Standard-F1': np.float64(0.1253521401438618), 'PA-F1': 0.5080304444831242, 'Event-based-F1': np.float64(0.12887044705626188), 'R-based-F1': 0.5959127259675255, 'Affiliation-F': 0.710423076284777}
2026-02-08 21:47:44.734 | INFO     | src.pipelines.train_vision_backbones:run_pipeline:170 - Train images: 336
2026-02-08 21:47:44.734 | INFO     | src.pipelines.train_vision_backbones:run_pipeline:171 - Test images: 11483
2026-02-08 21:47:45.720 | INFO     | src.pipelines.train_vision_backbones:run_pipeline:176 - Training pvt_autoencoder_progressive_unfreeze on RP
2026-02-08 21:47:45.744 | INFO     | src.models.pvt_autoencoder.training:train_pvt_autoencoder_progressive_unfreeze:132 - Device: cuda | Model on: cuda:0
2026-02-08 21:48:21.363 | INFO     | src.pipelines.train_vision_backbones:run_pipeline:193 - Evaluating pvt_autoencoder_progressive_unfreeze on RP
2026-02-08 21:48:32.894 | INFO     | src.models.evaluation:evaluate_tsb_ad_nonoverlapping:65 - Normal (459480) reconstruction error: mean=0.2637, std=0.2904
2026-02-08 21:48:32.894 | INFO     | src.models.evaluation:evaluate_tsb_ad_nonoverlapping:66 - Anomaly (22845) reconstruction error: mean=0.3767, std=0.2682
2026-02-08 21:48:32.894 | INFO     | src.models.evaluation:evaluate_tsb_ad_nonoverlapping:67 - Overlap? Normal max=1.0000, Anomaly min=0.0000
2026-02-08 21:52:59.733 | INFO     | src.models.evaluation:evaluate_tsb_ad_nonoverlapping:83 - {'AUC-PR': 0.05814715789050806, 'AUC-ROC': 0.5932411302713889, 'VUS-PR': np.float64(0.07067364984616085), 'VUS-ROC': np.float64(0.6381777930544136), 'Standard-F1': np.float64(0.12514240719464692), 'PA-F1': 0.4661947766658531, 'Event-based-F1': np.float64(0.1286273793157869), 'R-based-F1': 0.5959127259675255, 'Affiliation-F': 0.7104064096727115}
2026-02-08 21:52:59.899 | INFO     | src.pipelines.train_vision_backbones:run_pipeline:170 - Train images: 336
2026-02-08 21:52:59.899 | INFO     | src.pipelines.train_vision_backbones:run_pipeline:171 - Test images: 11483
2026-02-08 21:53:00.885 | INFO     | src.pipelines.train_vision_backbones:run_pipeline:176 - Training pvt_autoencoder_differential_lr on RP
2026-02-08 21:53:00.909 | INFO     | src.models.pvt_autoencoder.training:train_pvt_autoencoder_differential_lr:267 - Device: cuda | Model on: cuda:0
2026-02-08 21:53:49.160 | INFO     | src.pipelines.train_vision_backbones:run_pipeline:193 - Evaluating pvt_autoencoder_differential_lr on RP
2026-02-08 21:54:00.701 | INFO     | src.models.evaluation:evaluate_tsb_ad_nonoverlapping:65 - Normal (459480) reconstruction error: mean=0.2789, std=0.3073
2026-02-08 21:54:00.701 | INFO     | src.models.evaluation:evaluate_tsb_ad_nonoverlapping:66 - Anomaly (22845) reconstruction error: mean=0.3985, std=0.2853
2026-02-08 21:54:00.702 | INFO     | src.models.evaluation:evaluate_tsb_ad_nonoverlapping:67 - Overlap? Normal max=1.0000, Anomaly min=0.0000
2026-02-08 21:58:34.102 | INFO     | src.models.evaluation:evaluate_tsb_ad_nonoverlapping:83 - {'AUC-PR': 0.05894683476073066, 'AUC-ROC': 0.5932700110164786, 'VUS-PR': np.float64(0.0713731609483488), 'VUS-ROC': np.float64(0.637477069650675), 'Standard-F1': np.float64(0.12469409390493229), 'PA-F1': 0.4532421570391698, 'Event-based-F1': np.float64(0.128511349880823), 'R-based-F1': 0.5959127259675255, 'Affiliation-F': 0.7104326823452672}
2026-02-08 21:58:36.640 | INFO     | src.pipelines.train_vision_backbones:run_pipeline:70 - Using zip: /net/scratch/hscra/plgrid/plgsmendowski12/ts2i_images/MITDB/170_MITDB_id_1_Medical_tr_17675_1st_17775_ts2i_RWT.zip for transformation RWT
2026-02-08 21:58:51.222 | INFO     | src.pipelines.train_vision_backbones:run_pipeline:170 - Train images: 336
2026-02-08 21:58:51.222 | INFO     | src.pipelines.train_vision_backbones:run_pipeline:171 - Test images: 11483
2026-02-08 21:58:51.228 | INFO     | src.pipelines.train_vision_backbones:run_pipeline:176 - Training cnn_autoencoder on RWT
2026-02-08 21:58:51.233 | INFO     | src.models.cnn_autoencoder.training:train_autoencoder:22 - Device: cuda | Model on: cuda:0
2026-02-08 21:59:27.329 | INFO     | src.pipelines.train_vision_backbones:run_pipeline:193 - Evaluating cnn_autoencoder on RWT
2026-02-08 21:59:36.754 | INFO     | src.models.evaluation:evaluate_tsb_ad_nonoverlapping:65 - Normal (459480) reconstruction error: mean=0.0624, std=0.1011
2026-02-08 21:59:36.754 | INFO     | src.models.evaluation:evaluate_tsb_ad_nonoverlapping:66 - Anomaly (22845) reconstruction error: mean=0.0793, std=0.1286
2026-02-08 21:59:36.755 | INFO     | src.models.evaluation:evaluate_tsb_ad_nonoverlapping:67 - Overlap? Normal max=1.0000, Anomaly min=0.0000
2026-02-08 22:01:54.276 | INFO     | src.models.evaluation:evaluate_tsb_ad_nonoverlapping:83 - {'AUC-PR': 0.05734982128142836, 'AUC-ROC': 0.5323227351813558, 'VUS-PR': np.float64(0.07533691071542759), 'VUS-ROC': np.float64(0.6137818022252965), 'Standard-F1': np.float64(0.10238109469469041), 'PA-F1': 0.5771301868862845, 'Event-based-F1': np.float64(0.16472203157172233), 'R-based-F1': 0.1209488307249741, 'Affiliation-F': 0.7121884459819461}
2026-02-08 22:01:54.437 | INFO     | src.pipelines.train_vision_backbones:run_pipeline:170 - Train images: 336
2026-02-08 22:01:54.437 | INFO     | src.pipelines.train_vision_backbones:run_pipeline:171 - Test images: 11483
2026-02-08 22:01:54.645 | INFO     | src.pipelines.train_vision_backbones:run_pipeline:176 - Training resnet18_autoencoder_frozen on RWT
2026-02-08 22:01:54.658 | INFO     | src.models.resnet18_autoencoder.training:train_autoencoder_frozen:25 - Device: cuda | Model on: cuda:0
2026-02-08 22:02:17.973 | INFO     | src.pipelines.train_vision_backbones:run_pipeline:193 - Evaluating resnet18_autoencoder_frozen on RWT
2026-02-08 22:02:28.326 | INFO     | src.models.evaluation:evaluate_tsb_ad_nonoverlapping:65 - Normal (459480) reconstruction error: mean=0.0222, std=0.0607
2026-02-08 22:02:28.326 | INFO     | src.models.evaluation:evaluate_tsb_ad_nonoverlapping:66 - Anomaly (22845) reconstruction error: mean=0.0337, std=0.0875
2026-02-08 22:02:28.326 | INFO     | src.models.evaluation:evaluate_tsb_ad_nonoverlapping:67 - Overlap? Normal max=1.0000, Anomaly min=0.0000
2026-02-08 22:04:21.318 | INFO     | src.models.evaluation:evaluate_tsb_ad_nonoverlapping:83 - {'AUC-PR': 0.06459303295364598, 'AUC-ROC': 0.5956315682388628, 'VUS-PR': np.float64(0.08133412872416539), 'VUS-ROC': np.float64(0.6660494431984383), 'Standard-F1': np.float64(0.11991766751798921), 'PA-F1': 0.5418553816560286, 'Event-based-F1': np.float64(0.16616957818491648), 'R-based-F1': 0.11127669052265711, 'Affiliation-F': 0.7165021494568427}
2026-02-08 22:04:21.477 | INFO     | src.pipelines.train_vision_backbones:run_pipeline:170 - Train images: 336
2026-02-08 22:04:21.478 | INFO     | src.pipelines.train_vision_backbones:run_pipeline:171 - Test images: 11483
2026-02-08 22:04:21.697 | INFO     | src.pipelines.train_vision_backbones:run_pipeline:176 - Training resnet18_autoencoder_progressive_unfreeze on RWT
2026-02-08 22:04:21.710 | INFO     | src.models.resnet18_autoencoder.training:train_autoencoder_progressive_unfreeze:133 - Device: cuda | Model on: cuda:0
2026-02-08 22:04:47.870 | INFO     | src.pipelines.train_vision_backbones:run_pipeline:193 - Evaluating resnet18_autoencoder_progressive_unfreeze on RWT
2026-02-08 22:04:58.527 | INFO     | src.models.evaluation:evaluate_tsb_ad_nonoverlapping:65 - Normal (459480) reconstruction error: mean=0.0363, std=0.0876
2026-02-08 22:04:58.528 | INFO     | src.models.evaluation:evaluate_tsb_ad_nonoverlapping:66 - Anomaly (22845) reconstruction error: mean=0.0495, std=0.1087
2026-02-08 22:04:58.528 | INFO     | src.models.evaluation:evaluate_tsb_ad_nonoverlapping:67 - Overlap? Normal max=1.0000, Anomaly min=0.0007
2026-02-08 22:06:59.592 | INFO     | src.models.evaluation:evaluate_tsb_ad_nonoverlapping:83 - {'AUC-PR': 0.06230805534349844, 'AUC-ROC': 0.5912624515560455, 'VUS-PR': np.float64(0.07970194065223432), 'VUS-ROC': np.float64(0.6628430423268673), 'Standard-F1': np.float64(0.11863456308877764), 'PA-F1': 0.5290677213386737, 'Event-based-F1': np.float64(0.16981132075471647), 'R-based-F1': 0.10225288516362425, 'Affiliation-F': 0.7127993265649843}
2026-02-08 22:06:59.782 | INFO     | src.pipelines.train_vision_backbones:run_pipeline:170 - Train images: 336
2026-02-08 22:06:59.782 | INFO     | src.pipelines.train_vision_backbones:run_pipeline:171 - Test images: 11483
2026-02-08 22:06:59.989 | INFO     | src.pipelines.train_vision_backbones:run_pipeline:176 - Training resnet18_autoencoder_differential_lr on RWT
2026-02-08 22:07:00.002 | INFO     | src.models.resnet18_autoencoder.training:train_autoencoder_differential_lr:271 - Device: cuda | Model on: cuda:0
2026-02-08 22:07:27.636 | INFO     | src.pipelines.train_vision_backbones:run_pipeline:193 - Evaluating resnet18_autoencoder_differential_lr on RWT
2026-02-08 22:07:38.727 | INFO     | src.models.evaluation:evaluate_tsb_ad_nonoverlapping:65 - Normal (459480) reconstruction error: mean=0.0422, std=0.1064
2026-02-08 22:07:38.727 | INFO     | src.models.evaluation:evaluate_tsb_ad_nonoverlapping:66 - Anomaly (22845) reconstruction error: mean=0.0608, std=0.1394
2026-02-08 22:07:38.728 | INFO     | src.models.evaluation:evaluate_tsb_ad_nonoverlapping:67 - Overlap? Normal max=1.0000, Anomaly min=0.0002
2026-02-08 22:09:44.577 | INFO     | src.models.evaluation:evaluate_tsb_ad_nonoverlapping:83 - {'AUC-PR': 0.06265427121099539, 'AUC-ROC': 0.5788282847760587, 'VUS-PR': np.float64(0.08014630562688413), 'VUS-ROC': np.float64(0.6521161680811706), 'Standard-F1': np.float64(0.11518399926416419), 'PA-F1': 0.550334000847792, 'Event-based-F1': np.float64(0.19707524594522693), 'R-based-F1': 0.11581304188177927, 'Affiliation-F': 0.7138961587003697}
2026-02-08 22:09:44.738 | INFO     | src.pipelines.train_vision_backbones:run_pipeline:170 - Train images: 336
2026-02-08 22:09:44.738 | INFO     | src.pipelines.train_vision_backbones:run_pipeline:171 - Test images: 11483
2026-02-08 22:09:45.708 | INFO     | src.pipelines.train_vision_backbones:run_pipeline:176 - Training pvt_autoencoder_frozen on RWT
2026-02-08 22:09:45.731 | INFO     | src.models.pvt_autoencoder.training:train_pvt_autoencoder_frozen:24 - Device: cuda | Model on: cuda:0
2026-02-08 22:10:13.424 | INFO     | src.pipelines.train_vision_backbones:run_pipeline:193 - Evaluating pvt_autoencoder_frozen on RWT
2026-02-08 22:10:25.276 | INFO     | src.models.evaluation:evaluate_tsb_ad_nonoverlapping:65 - Normal (459480) reconstruction error: mean=0.0277, std=0.0619
2026-02-08 22:10:25.276 | INFO     | src.models.evaluation:evaluate_tsb_ad_nonoverlapping:66 - Anomaly (22845) reconstruction error: mean=0.0389, std=0.0837
2026-02-08 22:10:25.276 | INFO     | src.models.evaluation:evaluate_tsb_ad_nonoverlapping:67 - Overlap? Normal max=1.0000, Anomaly min=0.0001
2026-02-08 22:12:20.092 | INFO     | src.models.evaluation:evaluate_tsb_ad_nonoverlapping:83 - {'AUC-PR': 0.06194772864165855, 'AUC-ROC': 0.5635433073420346, 'VUS-PR': np.float64(0.07720207505963046), 'VUS-ROC': np.float64(0.6389694831536492), 'Standard-F1': np.float64(0.10529362997082323), 'PA-F1': 0.6021864161215261, 'Event-based-F1': np.float64(0.21030772780488607), 'R-based-F1': 0.13617877577034965, 'Affiliation-F': 0.7086474638483539}
2026-02-08 22:12:20.252 | INFO     | src.pipelines.train_vision_backbones:run_pipeline:170 - Train images: 336
2026-02-08 22:12:20.253 | INFO     | src.pipelines.train_vision_backbones:run_pipeline:171 - Test images: 11483
2026-02-08 22:12:21.218 | INFO     | src.pipelines.train_vision_backbones:run_pipeline:176 - Training pvt_autoencoder_progressive_unfreeze on RWT
2026-02-08 22:12:21.241 | INFO     | src.models.pvt_autoencoder.training:train_pvt_autoencoder_progressive_unfreeze:132 - Device: cuda | Model on: cuda:0
2026-02-08 22:12:47.863 | INFO     | src.pipelines.train_vision_backbones:run_pipeline:193 - Evaluating pvt_autoencoder_progressive_unfreeze on RWT
2026-02-08 22:12:59.590 | INFO     | src.models.evaluation:evaluate_tsb_ad_nonoverlapping:65 - Normal (459480) reconstruction error: mean=0.0492, std=0.1101
2026-02-08 22:12:59.590 | INFO     | src.models.evaluation:evaluate_tsb_ad_nonoverlapping:66 - Anomaly (22845) reconstruction error: mean=0.0680, std=0.1415
2026-02-08 22:12:59.590 | INFO     | src.models.evaluation:evaluate_tsb_ad_nonoverlapping:67 - Overlap? Normal max=0.9599, Anomaly min=0.0004
2026-02-08 22:15:08.892 | INFO     | src.models.evaluation:evaluate_tsb_ad_nonoverlapping:83 - {'AUC-PR': 0.06938497427755325, 'AUC-ROC': 0.6215431274018345, 'VUS-PR': np.float64(0.08110058421724449), 'VUS-ROC': np.float64(0.6829173512103989), 'Standard-F1': np.float64(0.12133196132172852), 'PA-F1': 0.5490720565031182, 'Event-based-F1': np.float64(0.18823529411764656), 'R-based-F1': 0.11086774670562112, 'Affiliation-F': 0.7208623361815583}
2026-02-08 22:15:09.187 | INFO     | src.pipelines.train_vision_backbones:run_pipeline:170 - Train images: 336
2026-02-08 22:15:09.187 | INFO     | src.pipelines.train_vision_backbones:run_pipeline:171 - Test images: 11483
2026-02-08 22:15:10.220 | INFO     | src.pipelines.train_vision_backbones:run_pipeline:176 - Training pvt_autoencoder_differential_lr on RWT
2026-02-08 22:15:10.250 | INFO     | src.models.pvt_autoencoder.training:train_pvt_autoencoder_differential_lr:267 - Device: cuda | Model on: cuda:0
2026-02-08 22:15:53.048 | INFO     | src.pipelines.train_vision_backbones:run_pipeline:193 - Evaluating pvt_autoencoder_differential_lr on RWT
2026-02-08 22:16:05.223 | INFO     | src.models.evaluation:evaluate_tsb_ad_nonoverlapping:65 - Normal (459480) reconstruction error: mean=0.0482, std=0.1171
2026-02-08 22:16:05.223 | INFO     | src.models.evaluation:evaluate_tsb_ad_nonoverlapping:66 - Anomaly (22845) reconstruction error: mean=0.0716, std=0.1609
2026-02-08 22:16:05.223 | INFO     | src.models.evaluation:evaluate_tsb_ad_nonoverlapping:67 - Overlap? Normal max=0.9469, Anomaly min=0.0003
2026-02-08 22:18:18.279 | INFO     | src.models.evaluation:evaluate_tsb_ad_nonoverlapping:83 - {'AUC-PR': 0.06709507060266241, 'AUC-ROC': 0.6012166862697453, 'VUS-PR': np.float64(0.08187608574479997), 'VUS-ROC': np.float64(0.6677410937712523), 'Standard-F1': np.float64(0.11489175330745217), 'PA-F1': 0.5972001513431706, 'Event-based-F1': np.float64(0.18201018291533055), 'R-based-F1': 0.12900682631607474, 'Affiliation-F': 0.7338474589071564}
2026-02-08 22:18:20.842 | INFO     | src.pipelines.train_vision_backbones:run_pipeline:70 - Using zip: /net/scratch/hscra/plgrid/plgsmendowski12/ts2i_images/MITDB/170_MITDB_id_1_Medical_tr_17675_1st_17775_ts2i_MWT.zip for transformation MWT
2026-02-08 22:18:35.271 | INFO     | src.pipelines.train_vision_backbones:run_pipeline:170 - Train images: 336
2026-02-08 22:18:35.271 | INFO     | src.pipelines.train_vision_backbones:run_pipeline:171 - Test images: 11483
2026-02-08 22:18:35.277 | INFO     | src.pipelines.train_vision_backbones:run_pipeline:176 - Training cnn_autoencoder on MWT
2026-02-08 22:18:35.281 | INFO     | src.models.cnn_autoencoder.training:train_autoencoder:22 - Device: cuda | Model on: cuda:0
2026-02-08 22:19:17.871 | INFO     | src.pipelines.train_vision_backbones:run_pipeline:193 - Evaluating cnn_autoencoder on MWT
2026-02-08 22:19:27.222 | INFO     | src.models.evaluation:evaluate_tsb_ad_nonoverlapping:65 - Normal (459480) reconstruction error: mean=0.0193, std=0.0518
2026-02-08 22:19:27.222 | INFO     | src.models.evaluation:evaluate_tsb_ad_nonoverlapping:66 - Anomaly (22845) reconstruction error: mean=0.0286, std=0.0692
2026-02-08 22:19:27.222 | INFO     | src.models.evaluation:evaluate_tsb_ad_nonoverlapping:67 - Overlap? Normal max=1.0000, Anomaly min=0.0004
2026-02-08 22:21:17.970 | INFO     | src.models.evaluation:evaluate_tsb_ad_nonoverlapping:83 - {'AUC-PR': 0.061821678963831034, 'AUC-ROC': 0.5832601967590072, 'VUS-PR': np.float64(0.07807619650350106), 'VUS-ROC': np.float64(0.651298735703068), 'Standard-F1': np.float64(0.11371664660490549), 'PA-F1': 0.5388101751663876, 'Event-based-F1': np.float64(0.17546328876378106), 'R-based-F1': 0.11723347980522802, 'Affiliation-F': 0.7022194368300441}
2026-02-08 22:21:18.131 | INFO     | src.pipelines.train_vision_backbones:run_pipeline:170 - Train images: 336
2026-02-08 22:21:18.131 | INFO     | src.pipelines.train_vision_backbones:run_pipeline:171 - Test images: 11483
2026-02-08 22:21:18.343 | INFO     | src.pipelines.train_vision_backbones:run_pipeline:176 - Training resnet18_autoencoder_frozen on MWT
2026-02-08 22:21:18.356 | INFO     | src.models.resnet18_autoencoder.training:train_autoencoder_frozen:25 - Device: cuda | Model on: cuda:0
2026-02-08 22:21:40.921 | INFO     | src.pipelines.train_vision_backbones:run_pipeline:193 - Evaluating resnet18_autoencoder_frozen on MWT
2026-02-08 22:21:51.567 | INFO     | src.models.evaluation:evaluate_tsb_ad_nonoverlapping:65 - Normal (459480) reconstruction error: mean=0.0256, std=0.0769
2026-02-08 22:21:51.567 | INFO     | src.models.evaluation:evaluate_tsb_ad_nonoverlapping:66 - Anomaly (22845) reconstruction error: mean=0.0338, std=0.0874
2026-02-08 22:21:51.567 | INFO     | src.models.evaluation:evaluate_tsb_ad_nonoverlapping:67 - Overlap? Normal max=1.0000, Anomaly min=0.0003
2026-02-08 22:23:46.803 | INFO     | src.models.evaluation:evaluate_tsb_ad_nonoverlapping:83 - {'AUC-PR': 0.0567807855544021, 'AUC-ROC': 0.5659953975492351, 'VUS-PR': np.float64(0.07442790695911673), 'VUS-ROC': np.float64(0.6380537838266859), 'Standard-F1': np.float64(0.10514465830626248), 'PA-F1': 0.5419643119616663, 'Event-based-F1': np.float64(0.13452946981250533), 'R-based-F1': 0.10695194693632135, 'Affiliation-F': 0.7134393120504576}
2026-02-08 22:23:46.966 | INFO     | src.pipelines.train_vision_backbones:run_pipeline:170 - Train images: 336
2026-02-08 22:23:46.966 | INFO     | src.pipelines.train_vision_backbones:run_pipeline:171 - Test images: 11483
2026-02-08 22:23:47.172 | INFO     | src.pipelines.train_vision_backbones:run_pipeline:176 - Training resnet18_autoencoder_progressive_unfreeze on MWT
2026-02-08 22:23:47.186 | INFO     | src.models.resnet18_autoencoder.training:train_autoencoder_progressive_unfreeze:133 - Device: cuda | Model on: cuda:0
2026-02-08 22:24:13.974 | INFO     | src.pipelines.train_vision_backbones:run_pipeline:193 - Evaluating resnet18_autoencoder_progressive_unfreeze on MWT
2026-02-08 22:24:24.489 | INFO     | src.models.evaluation:evaluate_tsb_ad_nonoverlapping:65 - Normal (459480) reconstruction error: mean=0.0254, std=0.0724
2026-02-08 22:24:24.489 | INFO     | src.models.evaluation:evaluate_tsb_ad_nonoverlapping:66 - Anomaly (22845) reconstruction error: mean=0.0339, std=0.0826
2026-02-08 22:24:24.490 | INFO     | src.models.evaluation:evaluate_tsb_ad_nonoverlapping:67 - Overlap? Normal max=1.0000, Anomaly min=0.0003
2026-02-08 22:26:18.968 | INFO     | src.models.evaluation:evaluate_tsb_ad_nonoverlapping:83 - {'AUC-PR': 0.05985923418552776, 'AUC-ROC': 0.5911215720405854, 'VUS-PR': np.float64(0.0774998471824307), 'VUS-ROC': np.float64(0.6583914215223765), 'Standard-F1': np.float64(0.11466793338464246), 'PA-F1': 0.5620686919965099, 'Event-based-F1': np.float64(0.15279965558284986), 'R-based-F1': 0.1192392247648538, 'Affiliation-F': 0.6979447627271366}
2026-02-08 22:26:19.129 | INFO     | src.pipelines.train_vision_backbones:run_pipeline:170 - Train images: 336
2026-02-08 22:26:19.129 | INFO     | src.pipelines.train_vision_backbones:run_pipeline:171 - Test images: 11483
2026-02-08 22:26:19.345 | INFO     | src.pipelines.train_vision_backbones:run_pipeline:176 - Training resnet18_autoencoder_differential_lr on MWT
2026-02-08 22:26:19.358 | INFO     | src.models.resnet18_autoencoder.training:train_autoencoder_differential_lr:271 - Device: cuda | Model on: cuda:0
2026-02-08 22:26:47.839 | INFO     | src.pipelines.train_vision_backbones:run_pipeline:193 - Evaluating resnet18_autoencoder_differential_lr on MWT
2026-02-08 22:26:58.328 | INFO     | src.models.evaluation:evaluate_tsb_ad_nonoverlapping:65 - Normal (459480) reconstruction error: mean=0.0254, std=0.0793
2026-02-08 22:26:58.328 | INFO     | src.models.evaluation:evaluate_tsb_ad_nonoverlapping:66 - Anomaly (22845) reconstruction error: mean=0.0359, std=0.0952
2026-02-08 22:26:58.328 | INFO     | src.models.evaluation:evaluate_tsb_ad_nonoverlapping:67 - Overlap? Normal max=1.0000, Anomaly min=0.0004
2026-02-08 22:28:52.740 | INFO     | src.models.evaluation:evaluate_tsb_ad_nonoverlapping:83 - {'AUC-PR': 0.06091938676850414, 'AUC-ROC': 0.5940297589252883, 'VUS-PR': np.float64(0.07850631435891846), 'VUS-ROC': np.float64(0.6618310330416564), 'Standard-F1': np.float64(0.11503008628071684), 'PA-F1': 0.5564006289913674, 'Event-based-F1': np.float64(0.1491541011815139), 'R-based-F1': 0.11619115566872275, 'Affiliation-F': 0.7022437226899916}
2026-02-08 22:28:52.901 | INFO     | src.pipelines.train_vision_backbones:run_pipeline:170 - Train images: 336
2026-02-08 22:28:52.901 | INFO     | src.pipelines.train_vision_backbones:run_pipeline:171 - Test images: 11483
2026-02-08 22:28:53.930 | INFO     | src.pipelines.train_vision_backbones:run_pipeline:176 - Training pvt_autoencoder_frozen on MWT
2026-02-08 22:28:53.954 | INFO     | src.models.pvt_autoencoder.training:train_pvt_autoencoder_frozen:24 - Device: cuda | Model on: cuda:0
2026-02-08 22:29:34.768 | INFO     | src.pipelines.train_vision_backbones:run_pipeline:193 - Evaluating pvt_autoencoder_frozen on MWT
2026-02-08 22:29:46.080 | INFO     | src.models.evaluation:evaluate_tsb_ad_nonoverlapping:65 - Normal (459480) reconstruction error: mean=0.0107, std=0.0332
2026-02-08 22:29:46.081 | INFO     | src.models.evaluation:evaluate_tsb_ad_nonoverlapping:66 - Anomaly (22845) reconstruction error: mean=0.0156, std=0.0377
2026-02-08 22:29:46.081 | INFO     | src.models.evaluation:evaluate_tsb_ad_nonoverlapping:67 - Overlap? Normal max=1.0000, Anomaly min=0.0002
2026-02-08 22:31:29.611 | INFO     | src.models.evaluation:evaluate_tsb_ad_nonoverlapping:83 - {'AUC-PR': 0.060572180166344, 'AUC-ROC': 0.5768887506279758, 'VUS-PR': np.float64(0.07831852702278051), 'VUS-ROC': np.float64(0.6474122951025254), 'Standard-F1': np.float64(0.11040882248057458), 'PA-F1': 0.5536686582099656, 'Event-based-F1': np.float64(0.16621492346938752), 'R-based-F1': 0.12189556139120795, 'Affiliation-F': 0.7067263320160944}
2026-02-08 22:31:29.770 | INFO     | src.pipelines.train_vision_backbones:run_pipeline:170 - Train images: 336
2026-02-08 22:31:29.771 | INFO     | src.pipelines.train_vision_backbones:run_pipeline:171 - Test images: 11483
2026-02-08 22:31:30.738 | INFO     | src.pipelines.train_vision_backbones:run_pipeline:176 - Training pvt_autoencoder_progressive_unfreeze on MWT
2026-02-08 22:31:30.762 | INFO     | src.models.pvt_autoencoder.training:train_pvt_autoencoder_progressive_unfreeze:132 - Device: cuda | Model on: cuda:0
2026-02-08 22:32:18.706 | INFO     | src.pipelines.train_vision_backbones:run_pipeline:193 - Evaluating pvt_autoencoder_progressive_unfreeze on MWT
2026-02-08 22:32:30.380 | INFO     | src.models.evaluation:evaluate_tsb_ad_nonoverlapping:65 - Normal (459480) reconstruction error: mean=0.0109, std=0.0321
2026-02-08 22:32:30.380 | INFO     | src.models.evaluation:evaluate_tsb_ad_nonoverlapping:66 - Anomaly (22845) reconstruction error: mean=0.0161, std=0.0408
2026-02-08 22:32:30.381 | INFO     | src.models.evaluation:evaluate_tsb_ad_nonoverlapping:67 - Overlap? Normal max=1.0000, Anomaly min=0.0002
2026-02-08 22:34:14.481 | INFO     | src.models.evaluation:evaluate_tsb_ad_nonoverlapping:83 - {'AUC-PR': 0.06300951516131595, 'AUC-ROC': 0.5977137189998274, 'VUS-PR': np.float64(0.07964499842141326), 'VUS-ROC': np.float64(0.6644545959194722), 'Standard-F1': np.float64(0.11635598863498267), 'PA-F1': 0.5412333129402168, 'Event-based-F1': np.float64(0.15839433955655155), 'R-based-F1': 0.11324495637814037, 'Affiliation-F': 0.6985709006105293}
2026-02-08 22:34:14.648 | INFO     | src.pipelines.train_vision_backbones:run_pipeline:170 - Train images: 336
2026-02-08 22:34:14.648 | INFO     | src.pipelines.train_vision_backbones:run_pipeline:171 - Test images: 11483
2026-02-08 22:34:15.617 | INFO     | src.pipelines.train_vision_backbones:run_pipeline:176 - Training pvt_autoencoder_differential_lr on MWT
2026-02-08 22:34:15.644 | INFO     | src.models.pvt_autoencoder.training:train_pvt_autoencoder_differential_lr:267 - Device: cuda | Model on: cuda:0
2026-02-08 22:34:54.564 | INFO     | src.pipelines.train_vision_backbones:run_pipeline:193 - Evaluating pvt_autoencoder_differential_lr on MWT
2026-02-08 22:35:06.572 | INFO     | src.models.evaluation:evaluate_tsb_ad_nonoverlapping:65 - Normal (459480) reconstruction error: mean=0.0126, std=0.0330
2026-02-08 22:35:06.572 | INFO     | src.models.evaluation:evaluate_tsb_ad_nonoverlapping:66 - Anomaly (22845) reconstruction error: mean=0.0191, std=0.0438
2026-02-08 22:35:06.572 | INFO     | src.models.evaluation:evaluate_tsb_ad_nonoverlapping:67 - Overlap? Normal max=1.0000, Anomaly min=0.0002
2026-02-08 22:36:52.915 | INFO     | src.models.evaluation:evaluate_tsb_ad_nonoverlapping:83 - {'AUC-PR': 0.06385636982301568, 'AUC-ROC': 0.5858083606287412, 'VUS-PR': np.float64(0.08091036003375236), 'VUS-ROC': np.float64(0.6550905604940741), 'Standard-F1': np.float64(0.11237106564674676), 'PA-F1': 0.5754313756529998, 'Event-based-F1': np.float64(0.21140901741059642), 'R-based-F1': 0.1315379152160093, 'Affiliation-F': 0.7023601523127088}
2026-02-08 22:36:55.555 | INFO     | src.pipelines.train_vision_backbones:run_pipeline:70 - Using zip: /net/scratch/hscra/plgrid/plgsmendowski12/ts2i_images/MITDB/170_MITDB_id_1_Medical_tr_17675_1st_17775_ts2i_SPIRAL.zip for transformation SPIRAL
2026-02-08 22:37:09.857 | INFO     | src.pipelines.train_vision_backbones:run_pipeline:170 - Train images: 336
2026-02-08 22:37:09.857 | INFO     | src.pipelines.train_vision_backbones:run_pipeline:171 - Test images: 11483
2026-02-08 22:37:09.863 | INFO     | src.pipelines.train_vision_backbones:run_pipeline:176 - Training cnn_autoencoder on SPIRAL
2026-02-08 22:37:09.868 | INFO     | src.models.cnn_autoencoder.training:train_autoencoder:22 - Device: cuda | Model on: cuda:0
2026-02-08 22:37:56.371 | INFO     | src.pipelines.train_vision_backbones:run_pipeline:193 - Evaluating cnn_autoencoder on SPIRAL
2026-02-08 22:38:05.878 | INFO     | src.models.evaluation:evaluate_tsb_ad_nonoverlapping:65 - Normal (459480) reconstruction error: mean=0.0600, std=0.0924
2026-02-08 22:38:05.879 | INFO     | src.models.evaluation:evaluate_tsb_ad_nonoverlapping:66 - Anomaly (22845) reconstruction error: mean=0.0683, std=0.1003
2026-02-08 22:38:05.879 | INFO     | src.models.evaluation:evaluate_tsb_ad_nonoverlapping:67 - Overlap? Normal max=1.0000, Anomaly min=0.0023
2026-02-08 22:40:20.902 | INFO     | src.models.evaluation:evaluate_tsb_ad_nonoverlapping:83 - {'AUC-PR': 0.051278517489721925, 'AUC-ROC': 0.5091294928390031, 'VUS-PR': np.float64(0.06863088386132346), 'VUS-ROC': np.float64(0.5927014723272978), 'Standard-F1': np.float64(0.0957434059696478), 'PA-F1': 0.4852563582799535, 'Event-based-F1': np.float64(0.12821651475043438), 'R-based-F1': 0.10979139837059922, 'Affiliation-F': 0.7102619343489658}
2026-02-08 22:40:21.392 | INFO     | src.pipelines.train_vision_backbones:run_pipeline:170 - Train images: 336
2026-02-08 22:40:21.392 | INFO     | src.pipelines.train_vision_backbones:run_pipeline:171 - Test images: 11483
2026-02-08 22:40:21.673 | INFO     | src.pipelines.train_vision_backbones:run_pipeline:176 - Training resnet18_autoencoder_frozen on SPIRAL
2026-02-08 22:40:21.691 | INFO     | src.models.resnet18_autoencoder.training:train_autoencoder_frozen:25 - Device: cuda | Model on: cuda:0
2026-02-08 22:40:59.273 | INFO     | src.pipelines.train_vision_backbones:run_pipeline:193 - Evaluating resnet18_autoencoder_frozen on SPIRAL
2026-02-08 22:44:32.472 | INFO     | src.models.evaluation:evaluate_tsb_ad_nonoverlapping:65 - Normal (459480) reconstruction error: mean=0.0404, std=0.0780
2026-02-08 22:44:32.473 | INFO     | src.models.evaluation:evaluate_tsb_ad_nonoverlapping:66 - Anomaly (22845) reconstruction error: mean=0.0550, std=0.0997
2026-02-08 22:44:32.473 | INFO     | src.models.evaluation:evaluate_tsb_ad_nonoverlapping:67 - Overlap? Normal max=1.0000, Anomaly min=0.0010
2026-02-08 22:46:35.476 | INFO     | src.models.evaluation:evaluate_tsb_ad_nonoverlapping:83 - {'AUC-PR': 0.06313020240983269, 'AUC-ROC': 0.6026401790176351, 'VUS-PR': np.float64(0.07903000898788096), 'VUS-ROC': np.float64(0.6704242439196232), 'Standard-F1': np.float64(0.11683521342474378), 'PA-F1': 0.46469441984056686, 'Event-based-F1': np.float64(0.16400911161731158), 'R-based-F1': 0.10246144614097258, 'Affiliation-F': 0.7092155329776582}
2026-02-08 22:46:35.757 | INFO     | src.pipelines.train_vision_backbones:run_pipeline:170 - Train images: 336
2026-02-08 22:46:35.757 | INFO     | src.pipelines.train_vision_backbones:run_pipeline:171 - Test images: 11483
2026-02-08 22:46:36.045 | INFO     | src.pipelines.train_vision_backbones:run_pipeline:176 - Training resnet18_autoencoder_progressive_unfreeze on SPIRAL
2026-02-08 22:46:36.064 | INFO     | src.models.resnet18_autoencoder.training:train_autoencoder_progressive_unfreeze:133 - Device: cuda | Model on: cuda:0
2026-02-08 22:47:02.252 | INFO     | src.pipelines.train_vision_backbones:run_pipeline:193 - Evaluating resnet18_autoencoder_progressive_unfreeze on SPIRAL
2026-02-08 22:50:40.524 | INFO     | src.models.evaluation:evaluate_tsb_ad_nonoverlapping:65 - Normal (459480) reconstruction error: mean=0.0325, std=0.0687
2026-02-08 22:50:40.524 | INFO     | src.models.evaluation:evaluate_tsb_ad_nonoverlapping:66 - Anomaly (22845) reconstruction error: mean=0.0397, std=0.0722
2026-02-08 22:50:40.524 | INFO     | src.models.evaluation:evaluate_tsb_ad_nonoverlapping:67 - Overlap? Normal max=1.0000, Anomaly min=0.0011
2026-02-08 22:52:37.676 | INFO     | src.models.evaluation:evaluate_tsb_ad_nonoverlapping:83 - {'AUC-PR': 0.05776643118707503, 'AUC-ROC': 0.5737337124252652, 'VUS-PR': np.float64(0.07631624069541099), 'VUS-ROC': np.float64(0.6496082955162149), 'Standard-F1': np.float64(0.11506841614725444), 'PA-F1': 0.4959872749620418, 'Event-based-F1': np.float64(0.12183127369058842), 'R-based-F1': 0.10377624866477594, 'Affiliation-F': 0.7070674852316562}
2026-02-08 22:52:38.074 | INFO     | src.pipelines.train_vision_backbones:run_pipeline:170 - Train images: 336
2026-02-08 22:52:38.074 | INFO     | src.pipelines.train_vision_backbones:run_pipeline:171 - Test images: 11483
2026-02-08 22:52:38.336 | INFO     | src.pipelines.train_vision_backbones:run_pipeline:176 - Training resnet18_autoencoder_differential_lr on SPIRAL
2026-02-08 22:52:38.350 | INFO     | src.models.resnet18_autoencoder.training:train_autoencoder_differential_lr:271 - Device: cuda | Model on: cuda:0
2026-02-08 22:53:23.484 | INFO     | src.pipelines.train_vision_backbones:run_pipeline:193 - Evaluating resnet18_autoencoder_differential_lr on SPIRAL
2026-02-08 22:56:55.169 | INFO     | src.models.evaluation:evaluate_tsb_ad_nonoverlapping:65 - Normal (459480) reconstruction error: mean=0.0420, std=0.0863
2026-02-08 22:56:55.169 | INFO     | src.models.evaluation:evaluate_tsb_ad_nonoverlapping:66 - Anomaly (22845) reconstruction error: mean=0.0544, std=0.1013
2026-02-08 22:56:55.170 | INFO     | src.models.evaluation:evaluate_tsb_ad_nonoverlapping:67 - Overlap? Normal max=1.0000, Anomaly min=0.0008
2026-02-08 22:59:00.146 | INFO     | src.models.evaluation:evaluate_tsb_ad_nonoverlapping:83 - {'AUC-PR': 0.05998915744826526, 'AUC-ROC': 0.5841005340702878, 'VUS-PR': np.float64(0.07728578455848092), 'VUS-ROC': np.float64(0.6547919746897282), 'Standard-F1': np.float64(0.11040433849590926), 'PA-F1': 0.5309599605434246, 'Event-based-F1': np.float64(0.14446227929373948), 'R-based-F1': 0.1079869895143423, 'Affiliation-F': 0.7064705565920538}
2026-02-08 22:59:00.529 | INFO     | src.pipelines.train_vision_backbones:run_pipeline:170 - Train images: 336
2026-02-08 22:59:00.530 | INFO     | src.pipelines.train_vision_backbones:run_pipeline:171 - Test images: 11483
2026-02-08 22:59:01.564 | INFO     | src.pipelines.train_vision_backbones:run_pipeline:176 - Training pvt_autoencoder_frozen on SPIRAL
2026-02-08 22:59:02.047 | INFO     | src.models.pvt_autoencoder.training:train_pvt_autoencoder_frozen:24 - Device: cuda | Model on: cuda:0
2026-02-08 22:59:49.309 | INFO     | src.pipelines.train_vision_backbones:run_pipeline:193 - Evaluating pvt_autoencoder_frozen on SPIRAL
2026-02-08 23:03:09.825 | INFO     | src.models.evaluation:evaluate_tsb_ad_nonoverlapping:65 - Normal (459480) reconstruction error: mean=0.0426, std=0.0582
2026-02-08 23:03:09.825 | INFO     | src.models.evaluation:evaluate_tsb_ad_nonoverlapping:66 - Anomaly (22845) reconstruction error: mean=0.0520, std=0.0616
2026-02-08 23:03:09.825 | INFO     | src.models.evaluation:evaluate_tsb_ad_nonoverlapping:67 - Overlap? Normal max=1.0000, Anomaly min=0.0013
2026-02-08 23:05:12.471 | INFO     | src.models.evaluation:evaluate_tsb_ad_nonoverlapping:83 - {'AUC-PR': 0.05753668111309998, 'AUC-ROC': 0.5645107614299896, 'VUS-PR': np.float64(0.076491227291424), 'VUS-ROC': np.float64(0.6403855760199492), 'Standard-F1': np.float64(0.10400956119078499), 'PA-F1': 0.43479205125420783, 'Event-based-F1': np.float64(0.11990316099628562), 'R-based-F1': 0.0973545507367231, 'Affiliation-F': 0.7004842399967735}
2026-02-08 23:05:12.802 | INFO     | src.pipelines.train_vision_backbones:run_pipeline:170 - Train images: 336
2026-02-08 23:05:12.802 | INFO     | src.pipelines.train_vision_backbones:run_pipeline:171 - Test images: 11483
2026-02-08 23:05:13.815 | INFO     | src.pipelines.train_vision_backbones:run_pipeline:176 - Training pvt_autoencoder_progressive_unfreeze on SPIRAL
2026-02-08 23:05:13.838 | INFO     | src.models.pvt_autoencoder.training:train_pvt_autoencoder_progressive_unfreeze:132 - Device: cuda | Model on: cuda:0
2026-02-08 23:05:50.356 | INFO     | src.pipelines.train_vision_backbones:run_pipeline:193 - Evaluating pvt_autoencoder_progressive_unfreeze on SPIRAL
2026-02-08 23:06:01.383 | INFO     | src.models.evaluation:evaluate_tsb_ad_nonoverlapping:65 - Normal (459480) reconstruction error: mean=0.0235, std=0.0480
2026-02-08 23:06:01.383 | INFO     | src.models.evaluation:evaluate_tsb_ad_nonoverlapping:66 - Anomaly (22845) reconstruction error: mean=0.0317, std=0.0588
2026-02-08 23:06:01.383 | INFO     | src.models.evaluation:evaluate_tsb_ad_nonoverlapping:67 - Overlap? Normal max=1.0000, Anomaly min=0.0005
2026-02-08 23:07:52.499 | INFO     | src.models.evaluation:evaluate_tsb_ad_nonoverlapping:83 - {'AUC-PR': 0.06110548836481311, 'AUC-ROC': 0.5769220461384279, 'VUS-PR': np.float64(0.08088484618102255), 'VUS-ROC': np.float64(0.6542885657188809), 'Standard-F1': np.float64(0.11497249813127612), 'PA-F1': 0.5816506128196103, 'Event-based-F1': np.float64(0.15622613488525103), 'R-based-F1': 0.12479441158483756, 'Affiliation-F': 0.7315679082582834}
2026-02-08 23:07:52.664 | INFO     | src.pipelines.train_vision_backbones:run_pipeline:170 - Train images: 336
2026-02-08 23:07:52.664 | INFO     | src.pipelines.train_vision_backbones:run_pipeline:171 - Test images: 11483
2026-02-08 23:07:53.629 | INFO     | src.pipelines.train_vision_backbones:run_pipeline:176 - Training pvt_autoencoder_differential_lr on SPIRAL
2026-02-08 23:07:53.652 | INFO     | src.models.pvt_autoencoder.training:train_pvt_autoencoder_differential_lr:267 - Device: cuda | Model on: cuda:0
2026-02-08 23:08:42.351 | INFO     | src.pipelines.train_vision_backbones:run_pipeline:193 - Evaluating pvt_autoencoder_differential_lr on SPIRAL
2026-02-08 23:08:54.272 | INFO     | src.models.evaluation:evaluate_tsb_ad_nonoverlapping:65 - Normal (459480) reconstruction error: mean=0.0441, std=0.0714
2026-02-08 23:08:54.273 | INFO     | src.models.evaluation:evaluate_tsb_ad_nonoverlapping:66 - Anomaly (22845) reconstruction error: mean=0.0547, std=0.0835
2026-02-08 23:08:54.273 | INFO     | src.models.evaluation:evaluate_tsb_ad_nonoverlapping:67 - Overlap? Normal max=1.0000, Anomaly min=0.0007
2026-02-08 23:10:59.394 | INFO     | src.models.evaluation:evaluate_tsb_ad_nonoverlapping:83 - {'AUC-PR': 0.05645471440144844, 'AUC-ROC': 0.5396487226332134, 'VUS-PR': np.float64(0.07747741829846927), 'VUS-ROC': np.float64(0.6230370583160997), 'Standard-F1': np.float64(0.10085391168462435), 'PA-F1': 0.5540917877854944, 'Event-based-F1': np.float64(0.15436669488717908), 'R-based-F1': 0.11997464157131518, 'Affiliation-F': 0.7214877342743063}
2026-02-08 23:11:01.933 | INFO     | src.pipelines.train_vision_backbones:run_pipeline:70 - Using zip: /net/scratch/hscra/plgrid/plgsmendowski12/ts2i_images/MITDB/171_MITDB_id_2_Medical_tr_50000_1st_88864_ts2i_RN.zip for transformation RN
2026-02-08 23:12:45.200 | INFO     | src.pipelines.train_vision_backbones:run_pipeline:170 - Train images: 3999
2026-02-08 23:12:45.200 | INFO     | src.pipelines.train_vision_backbones:run_pipeline:171 - Test images: 59999
2026-02-08 23:12:45.207 | INFO     | src.pipelines.train_vision_backbones:run_pipeline:176 - Training cnn_autoencoder on RN
2026-02-08 23:12:45.211 | INFO     | src.models.cnn_autoencoder.training:train_autoencoder:22 - Device: cuda | Model on: cuda:0
2026-02-08 23:18:37.148 | INFO     | src.pipelines.train_vision_backbones:run_pipeline:193 - Evaluating cnn_autoencoder on RN
2026-02-08 23:19:27.570 | INFO     | src.models.evaluation:evaluate_tsb_ad_nonoverlapping:65 - Normal (580343) reconstruction error: mean=0.8555, std=0.2558
2026-02-08 23:19:27.570 | INFO     | src.models.evaluation:evaluate_tsb_ad_nonoverlapping:66 - Anomaly (19657) reconstruction error: mean=0.9197, std=0.1144
2026-02-08 23:19:27.570 | INFO     | src.models.evaluation:evaluate_tsb_ad_nonoverlapping:67 - Overlap? Normal max=1.0000, Anomaly min=0.0130
2026-02-08 23:29:40.096 | INFO     | src.models.evaluation:evaluate_tsb_ad_nonoverlapping:83 - {'AUC-PR': 0.03651446655284918, 'AUC-ROC': 0.532138815498312, 'VUS-PR': np.float64(0.0445280675703306), 'VUS-ROC': np.float64(0.5773960948528299), 'Standard-F1': np.float64(0.06881579114602218), 'PA-F1': 0.46380615234375, 'Event-based-F1': np.float64(0.09101516919486546), 'R-based-F1': 0.07899950041887911, 'Affiliation-F': 0.7083841199162757}
2026-02-08 23:29:40.363 | INFO     | src.pipelines.train_vision_backbones:run_pipeline:170 - Train images: 3999
2026-02-08 23:29:40.363 | INFO     | src.pipelines.train_vision_backbones:run_pipeline:171 - Test images: 59999
2026-02-08 23:29:40.619 | INFO     | src.pipelines.train_vision_backbones:run_pipeline:176 - Training resnet18_autoencoder_frozen on RN
2026-02-08 23:29:40.631 | INFO     | src.models.resnet18_autoencoder.training:train_autoencoder_frozen:25 - Device: cuda | Model on: cuda:0
2026-02-08 23:33:42.673 | INFO     | src.pipelines.train_vision_backbones:run_pipeline:193 - Evaluating resnet18_autoencoder_frozen on RN
2026-02-08 23:34:36.446 | INFO     | src.models.evaluation:evaluate_tsb_ad_nonoverlapping:65 - Normal (580343) reconstruction error: mean=0.7771, std=0.2361
2026-02-08 23:34:36.446 | INFO     | src.models.evaluation:evaluate_tsb_ad_nonoverlapping:66 - Anomaly (19657) reconstruction error: mean=0.8381, std=0.1104
2026-02-08 23:34:36.447 | INFO     | src.models.evaluation:evaluate_tsb_ad_nonoverlapping:67 - Overlap? Normal max=1.0000, Anomaly min=0.0096
2026-02-08 23:44:07.276 | INFO     | src.models.evaluation:evaluate_tsb_ad_nonoverlapping:83 - {'AUC-PR': 0.039278776006805044, 'AUC-ROC': 0.5489424253525096, 'VUS-PR': np.float64(0.044833475330406616), 'VUS-ROC': np.float64(0.5906691980937273), 'Standard-F1': np.float64(0.0712183808893588), 'PA-F1': 0.4972963791297455, 'Event-based-F1': np.float64(0.14083411142234623), 'R-based-F1': 0.07304694635393687, 'Affiliation-F': 0.7052983234242194}
2026-02-08 23:44:07.546 | INFO     | src.pipelines.train_vision_backbones:run_pipeline:170 - Train images: 3999
2026-02-08 23:44:07.546 | INFO     | src.pipelines.train_vision_backbones:run_pipeline:171 - Test images: 59999
2026-02-08 23:44:07.761 | INFO     | src.pipelines.train_vision_backbones:run_pipeline:176 - Training resnet18_autoencoder_progressive_unfreeze on RN
2026-02-08 23:44:07.774 | INFO     | src.models.resnet18_autoencoder.training:train_autoencoder_progressive_unfreeze:133 - Device: cuda | Model on: cuda:0
2026-02-08 23:50:12.379 | INFO     | src.pipelines.train_vision_backbones:run_pipeline:193 - Evaluating resnet18_autoencoder_progressive_unfreeze on RN
2026-02-08 23:51:06.810 | INFO     | src.models.evaluation:evaluate_tsb_ad_nonoverlapping:65 - Normal (580343) reconstruction error: mean=0.8028, std=0.2443
2026-02-08 23:51:06.811 | INFO     | src.models.evaluation:evaluate_tsb_ad_nonoverlapping:66 - Anomaly (19657) reconstruction error: mean=0.8664, std=0.1121
2026-02-08 23:51:06.811 | INFO     | src.models.evaluation:evaluate_tsb_ad_nonoverlapping:67 - Overlap? Normal max=1.0000, Anomaly min=0.0028
2026-02-09 00:00:57.881 | INFO     | src.models.evaluation:evaluate_tsb_ad_nonoverlapping:83 - {'AUC-PR': 0.040769956529966705, 'AUC-ROC': 0.5562820072828241, 'VUS-PR': np.float64(0.045970501066594074), 'VUS-ROC': np.float64(0.6008033167320407), 'Standard-F1': np.float64(0.07384822130719637), 'PA-F1': 0.5046007973278741, 'Event-based-F1': np.float64(0.1161825726141076), 'R-based-F1': 0.07049834652982387, 'Affiliation-F': 0.7043615342225724}
2026-02-09 00:00:58.156 | INFO     | src.pipelines.train_vision_backbones:run_pipeline:170 - Train images: 3999
2026-02-09 00:00:58.156 | INFO     | src.pipelines.train_vision_backbones:run_pipeline:171 - Test images: 59999
2026-02-09 00:00:58.365 | INFO     | src.pipelines.train_vision_backbones:run_pipeline:176 - Training resnet18_autoencoder_differential_lr on RN
2026-02-09 00:00:58.378 | INFO     | src.models.resnet18_autoencoder.training:train_autoencoder_differential_lr:271 - Device: cuda | Model on: cuda:0
2026-02-09 00:05:04.912 | INFO     | src.pipelines.train_vision_backbones:run_pipeline:193 - Evaluating resnet18_autoencoder_differential_lr on RN
2026-02-09 00:05:58.772 | INFO     | src.models.evaluation:evaluate_tsb_ad_nonoverlapping:65 - Normal (580343) reconstruction error: mean=0.7995, std=0.2419
2026-02-09 00:05:58.772 | INFO     | src.models.evaluation:evaluate_tsb_ad_nonoverlapping:66 - Anomaly (19657) reconstruction error: mean=0.8603, std=0.1100
2026-02-09 00:05:58.772 | INFO     | src.models.evaluation:evaluate_tsb_ad_nonoverlapping:67 - Overlap? Normal max=1.0000, Anomaly min=0.0000
2026-02-09 00:15:40.603 | INFO     | src.models.evaluation:evaluate_tsb_ad_nonoverlapping:83 - {'AUC-PR': 0.03590958592806691, 'AUC-ROC': 0.5366470405198907, 'VUS-PR': np.float64(0.04269234728241874), 'VUS-ROC': np.float64(0.5797154903753765), 'Standard-F1': np.float64(0.07043876821602671), 'PA-F1': 0.4273940869875117, 'Event-based-F1': np.float64(0.08852479837429333), 'R-based-F1': 0.09749095985739165, 'Affiliation-F': 0.7021162624078187}
2026-02-09 00:15:40.959 | INFO     | src.pipelines.train_vision_backbones:run_pipeline:170 - Train images: 3999
2026-02-09 00:15:40.959 | INFO     | src.pipelines.train_vision_backbones:run_pipeline:171 - Test images: 59999
2026-02-09 00:15:41.940 | INFO     | src.pipelines.train_vision_backbones:run_pipeline:176 - Training pvt_autoencoder_frozen on RN
2026-02-09 00:15:41.972 | INFO     | src.models.pvt_autoencoder.training:train_pvt_autoencoder_frozen:24 - Device: cuda | Model on: cuda:0
2026-02-09 00:19:56.188 | INFO     | src.pipelines.train_vision_backbones:run_pipeline:193 - Evaluating pvt_autoencoder_frozen on RN
2026-02-09 00:22:12.366 | INFO     | src.models.evaluation:evaluate_tsb_ad_nonoverlapping:65 - Normal (580343) reconstruction error: mean=0.8486, std=0.2562
2026-02-09 00:22:12.367 | INFO     | src.models.evaluation:evaluate_tsb_ad_nonoverlapping:66 - Anomaly (19657) reconstruction error: mean=0.9108, std=0.1148
2026-02-09 00:22:12.367 | INFO     | src.models.evaluation:evaluate_tsb_ad_nonoverlapping:67 - Overlap? Normal max=1.0000, Anomaly min=0.0093
2026-02-09 00:32:20.125 | INFO     | src.models.evaluation:evaluate_tsb_ad_nonoverlapping:83 - {'AUC-PR': 0.03375142155377538, 'AUC-ROC': 0.5051346028970133, 'VUS-PR': np.float64(0.040659720381178), 'VUS-ROC': np.float64(0.5503890386305483), 'Standard-F1': np.float64(0.06850719123311509), 'PA-F1': 0.5616382806163828, 'Event-based-F1': np.float64(0.09241088063594569), 'R-based-F1': 0.08287517836769757, 'Affiliation-F': 0.6997092198437748}
2026-02-09 00:32:20.394 | INFO     | src.pipelines.train_vision_backbones:run_pipeline:170 - Train images: 3999
2026-02-09 00:32:20.394 | INFO     | src.pipelines.train_vision_backbones:run_pipeline:171 - Test images: 59999
2026-02-09 00:32:21.370 | INFO     | src.pipelines.train_vision_backbones:run_pipeline:176 - Training pvt_autoencoder_progressive_unfreeze on RN
2026-02-09 00:32:21.393 | INFO     | src.models.pvt_autoencoder.training:train_pvt_autoencoder_progressive_unfreeze:132 - Device: cuda | Model on: cuda:0
2026-02-09 00:33:46.868 | INFO     | src.pipelines.train_vision_backbones:run_pipeline:193 - Evaluating pvt_autoencoder_progressive_unfreeze on RN
2026-02-09 00:34:46.673 | INFO     | src.models.evaluation:evaluate_tsb_ad_nonoverlapping:65 - Normal (580343) reconstruction error: mean=0.8262, std=0.2433
2026-02-09 00:34:46.673 | INFO     | src.models.evaluation:evaluate_tsb_ad_nonoverlapping:66 - Anomaly (19657) reconstruction error: mean=0.8855, std=0.1098
2026-02-09 00:34:46.673 | INFO     | src.models.evaluation:evaluate_tsb_ad_nonoverlapping:67 - Overlap? Normal max=1.0000, Anomaly min=0.0175
2026-02-09 00:44:42.568 | INFO     | src.models.evaluation:evaluate_tsb_ad_nonoverlapping:83 - {'AUC-PR': 0.03370738709000359, 'AUC-ROC': 0.5196108433611132, 'VUS-PR': np.float64(0.04103312761428402), 'VUS-ROC': np.float64(0.5650212841290839), 'Standard-F1': np.float64(0.06824005807205505), 'PA-F1': 0.4684604999767236, 'Event-based-F1': np.float64(0.07310961529012905), 'R-based-F1': 0.15641585699887572, 'Affiliation-F': 0.7072098321060103}
2026-02-09 00:44:42.844 | INFO     | src.pipelines.train_vision_backbones:run_pipeline:170 - Train images: 3999
2026-02-09 00:44:42.844 | INFO     | src.pipelines.train_vision_backbones:run_pipeline:171 - Test images: 59999
2026-02-09 00:44:43.777 | INFO     | src.pipelines.train_vision_backbones:run_pipeline:176 - Training pvt_autoencoder_differential_lr on RN
2026-02-09 00:44:43.800 | INFO     | src.models.pvt_autoencoder.training:train_pvt_autoencoder_differential_lr:267 - Device: cuda | Model on: cuda:0
2026-02-09 00:49:34.638 | INFO     | src.pipelines.train_vision_backbones:run_pipeline:193 - Evaluating pvt_autoencoder_differential_lr on RN
2026-02-09 00:50:35.824 | INFO     | src.models.evaluation:evaluate_tsb_ad_nonoverlapping:65 - Normal (580343) reconstruction error: mean=0.8293, std=0.2465
2026-02-09 00:50:35.824 | INFO     | src.models.evaluation:evaluate_tsb_ad_nonoverlapping:66 - Anomaly (19657) reconstruction error: mean=0.8902, std=0.1131
2026-02-09 00:50:35.824 | INFO     | src.models.evaluation:evaluate_tsb_ad_nonoverlapping:67 - Overlap? Normal max=1.0000, Anomaly min=0.0156
2026-02-09 01:00:42.053 | INFO     | src.models.evaluation:evaluate_tsb_ad_nonoverlapping:83 - {'AUC-PR': 0.0359352121179122, 'AUC-ROC': 0.5374605109600746, 'VUS-PR': np.float64(0.04279359298168364), 'VUS-ROC': np.float64(0.5812652781149534), 'Standard-F1': np.float64(0.07078212932763993), 'PA-F1': 0.42720763723150357, 'Event-based-F1': np.float64(0.07248755855891297), 'R-based-F1': 0.2499652233093576, 'Affiliation-F': 0.6993368945787608}
2026-02-09 01:00:57.213 | INFO     | src.pipelines.train_vision_backbones:run_pipeline:70 - Using zip: /net/scratch/hscra/plgrid/plgsmendowski12/ts2i_images/MITDB/171_MITDB_id_2_Medical_tr_50000_1st_88864_ts2i_LP.zip for transformation LP
2026-02-09 01:02:37.284 | INFO     | src.pipelines.train_vision_backbones:run_pipeline:170 - Train images: 3999
2026-02-09 01:02:37.284 | INFO     | src.pipelines.train_vision_backbones:run_pipeline:171 - Test images: 59999
2026-02-09 01:02:37.290 | INFO     | src.pipelines.train_vision_backbones:run_pipeline:176 - Training cnn_autoencoder on LP
2026-02-09 01:02:37.295 | INFO     | src.models.cnn_autoencoder.training:train_autoencoder:22 - Device: cuda | Model on: cuda:0
2026-02-09 01:04:59.825 | INFO     | src.pipelines.train_vision_backbones:run_pipeline:193 - Evaluating cnn_autoencoder on LP
2026-02-09 01:05:48.100 | INFO     | src.models.evaluation:evaluate_tsb_ad_nonoverlapping:65 - Normal (580343) reconstruction error: mean=0.0682, std=0.1672
2026-02-09 01:05:48.101 | INFO     | src.models.evaluation:evaluate_tsb_ad_nonoverlapping:66 - Anomaly (19657) reconstruction error: mean=0.3213, std=0.3121
2026-02-09 01:05:48.101 | INFO     | src.models.evaluation:evaluate_tsb_ad_nonoverlapping:67 - Overlap? Normal max=1.0000, Anomaly min=0.0000
2026-02-09 01:08:20.911 | INFO     | src.models.evaluation:evaluate_tsb_ad_nonoverlapping:83 - {'AUC-PR': 0.12483158257386913, 'AUC-ROC': 0.7136434100110751, 'VUS-PR': np.float64(0.14194075966865655), 'VUS-ROC': np.float64(0.7639817508281129), 'Standard-F1': np.float64(0.3219414881506417), 'PA-F1': 0.7404781199351702, 'Event-based-F1': np.float64(0.40821131813590894), 'R-based-F1': 0.16997162635576452, 'Affiliation-F': 0.7789654278226207}
2026-02-09 01:08:21.179 | INFO     | src.pipelines.train_vision_backbones:run_pipeline:170 - Train images: 3999
2026-02-09 01:08:21.179 | INFO     | src.pipelines.train_vision_backbones:run_pipeline:171 - Test images: 59999
2026-02-09 01:08:21.385 | INFO     | src.pipelines.train_vision_backbones:run_pipeline:176 - Training resnet18_autoencoder_frozen on LP
2026-02-09 01:08:21.398 | INFO     | src.models.resnet18_autoencoder.training:train_autoencoder_frozen:25 - Device: cuda | Model on: cuda:0
2026-02-09 01:10:40.694 | INFO     | src.pipelines.train_vision_backbones:run_pipeline:193 - Evaluating resnet18_autoencoder_frozen on LP
2026-02-09 01:11:31.810 | INFO     | src.models.evaluation:evaluate_tsb_ad_nonoverlapping:65 - Normal (580343) reconstruction error: mean=0.2350, std=0.1932
2026-02-09 01:11:31.810 | INFO     | src.models.evaluation:evaluate_tsb_ad_nonoverlapping:66 - Anomaly (19657) reconstruction error: mean=0.4408, std=0.2724
2026-02-09 01:11:31.810 | INFO     | src.models.evaluation:evaluate_tsb_ad_nonoverlapping:67 - Overlap? Normal max=1.0000, Anomaly min=0.0000
2026-02-09 01:16:06.623 | INFO     | src.models.evaluation:evaluate_tsb_ad_nonoverlapping:83 - {'AUC-PR': 0.12781678298468593, 'AUC-ROC': 0.7071518511883096, 'VUS-PR': np.float64(0.13616939693506078), 'VUS-ROC': np.float64(0.7572380077466142), 'Standard-F1': np.float64(0.2631054126507522), 'PA-F1': 0.8321549737135162, 'Event-based-F1': np.float64(0.36848310191249634), 'R-based-F1': 0.19140801019247008, 'Affiliation-F': 0.7936607298756103}
2026-02-09 01:16:06.957 | INFO     | src.pipelines.train_vision_backbones:run_pipeline:170 - Train images: 3999
2026-02-09 01:16:06.958 | INFO     | src.pipelines.train_vision_backbones:run_pipeline:171 - Test images: 59999
2026-02-09 01:16:07.174 | INFO     | src.pipelines.train_vision_backbones:run_pipeline:176 - Training resnet18_autoencoder_progressive_unfreeze on LP
2026-02-09 01:16:07.187 | INFO     | src.models.resnet18_autoencoder.training:train_autoencoder_progressive_unfreeze:133 - Device: cuda | Model on: cuda:0
2026-02-09 01:18:11.694 | INFO     | src.pipelines.train_vision_backbones:run_pipeline:193 - Evaluating resnet18_autoencoder_progressive_unfreeze on LP
2026-02-09 01:19:03.102 | INFO     | src.models.evaluation:evaluate_tsb_ad_nonoverlapping:65 - Normal (580343) reconstruction error: mean=0.1231, std=0.1841
2026-02-09 01:19:03.102 | INFO     | src.models.evaluation:evaluate_tsb_ad_nonoverlapping:66 - Anomaly (19657) reconstruction error: mean=0.3650, std=0.3096
2026-02-09 01:19:03.102 | INFO     | src.models.evaluation:evaluate_tsb_ad_nonoverlapping:67 - Overlap? Normal max=1.0000, Anomaly min=0.0000
2026-02-09 01:22:17.516 | INFO     | src.models.evaluation:evaluate_tsb_ad_nonoverlapping:83 - {'AUC-PR': 0.12702970058909785, 'AUC-ROC': 0.7106294920852455, 'VUS-PR': np.float64(0.14115470963230162), 'VUS-ROC': np.float64(0.759422786709244), 'Standard-F1': np.float64(0.2700683476868794), 'PA-F1': 0.8007766378925826, 'Event-based-F1': np.float64(0.3541762958071967), 'R-based-F1': 0.212141215126265, 'Affiliation-F': 0.8192487741724277}
2026-02-09 01:22:17.821 | INFO     | src.pipelines.train_vision_backbones:run_pipeline:170 - Train images: 3999
2026-02-09 01:22:17.821 | INFO     | src.pipelines.train_vision_backbones:run_pipeline:171 - Test images: 59999
2026-02-09 01:22:18.051 | INFO     | src.pipelines.train_vision_backbones:run_pipeline:176 - Training resnet18_autoencoder_differential_lr on LP
2026-02-09 01:22:18.069 | INFO     | src.models.resnet18_autoencoder.training:train_autoencoder_differential_lr:271 - Device: cuda | Model on: cuda:0
2026-02-09 01:24:54.832 | INFO     | src.pipelines.train_vision_backbones:run_pipeline:193 - Evaluating resnet18_autoencoder_differential_lr on LP
2026-02-09 01:25:45.887 | INFO     | src.models.evaluation:evaluate_tsb_ad_nonoverlapping:65 - Normal (580343) reconstruction error: mean=0.1141, std=0.1725
2026-02-09 01:25:45.887 | INFO     | src.models.evaluation:evaluate_tsb_ad_nonoverlapping:66 - Anomaly (19657) reconstruction error: mean=0.3705, std=0.3340
2026-02-09 01:25:45.887 | INFO     | src.models.evaluation:evaluate_tsb_ad_nonoverlapping:67 - Overlap? Normal max=1.0000, Anomaly min=0.0000
2026-02-09 01:28:54.721 | INFO     | src.models.evaluation:evaluate_tsb_ad_nonoverlapping:83 - {'AUC-PR': 0.14997071899455566, 'AUC-ROC': 0.7093300709045568, 'VUS-PR': np.float64(0.16343557981575582), 'VUS-ROC': np.float64(0.7588559792254503), 'Standard-F1': np.float64(0.28244331214643464), 'PA-F1': 0.8341451978431321, 'Event-based-F1': np.float64(0.45134498574439025), 'R-based-F1': 0.24344195153462897, 'Affiliation-F': 0.8403157959932362}
2026-02-09 01:28:54.990 | INFO     | src.pipelines.train_vision_backbones:run_pipeline:170 - Train images: 3999
2026-02-09 01:28:54.991 | INFO     | src.pipelines.train_vision_backbones:run_pipeline:171 - Test images: 59999
2026-02-09 01:28:56.009 | INFO     | src.pipelines.train_vision_backbones:run_pipeline:176 - Training pvt_autoencoder_frozen on LP
2026-02-09 01:28:56.032 | INFO     | src.models.pvt_autoencoder.training:train_pvt_autoencoder_frozen:24 - Device: cuda | Model on: cuda:0
2026-02-09 01:31:25.797 | INFO     | src.pipelines.train_vision_backbones:run_pipeline:193 - Evaluating pvt_autoencoder_frozen on LP
2026-02-09 01:32:23.139 | INFO     | src.models.evaluation:evaluate_tsb_ad_nonoverlapping:65 - Normal (580343) reconstruction error: mean=0.2080, std=0.1953
2026-02-09 01:32:23.139 | INFO     | src.models.evaluation:evaluate_tsb_ad_nonoverlapping:66 - Anomaly (19657) reconstruction error: mean=0.4503, std=0.3069
2026-02-09 01:32:23.139 | INFO     | src.models.evaluation:evaluate_tsb_ad_nonoverlapping:67 - Overlap? Normal max=1.0000, Anomaly min=0.0000
2026-02-09 01:36:38.148 | INFO     | src.models.evaluation:evaluate_tsb_ad_nonoverlapping:83 - {'AUC-PR': 0.13336109530131307, 'AUC-ROC': 0.7104321192757664, 'VUS-PR': np.float64(0.14740618301948452), 'VUS-ROC': np.float64(0.7595647720605987), 'Standard-F1': np.float64(0.2851769409888786), 'PA-F1': 0.8047022957180471, 'Event-based-F1': np.float64(0.3806063033805916), 'R-based-F1': 0.18987277451753642, 'Affiliation-F': 0.7897847595524483}
2026-02-09 01:36:38.419 | INFO     | src.pipelines.train_vision_backbones:run_pipeline:170 - Train images: 3999
2026-02-09 01:36:38.419 | INFO     | src.pipelines.train_vision_backbones:run_pipeline:171 - Test images: 59999
2026-02-09 01:36:39.348 | INFO     | src.pipelines.train_vision_backbones:run_pipeline:176 - Training pvt_autoencoder_progressive_unfreeze on LP
2026-02-09 01:36:39.371 | INFO     | src.models.pvt_autoencoder.training:train_pvt_autoencoder_progressive_unfreeze:132 - Device: cuda | Model on: cuda:0
2026-02-09 01:40:15.226 | INFO     | src.pipelines.train_vision_backbones:run_pipeline:193 - Evaluating pvt_autoencoder_progressive_unfreeze on LP
2026-02-09 01:41:11.758 | INFO     | src.models.evaluation:evaluate_tsb_ad_nonoverlapping:65 - Normal (580343) reconstruction error: mean=0.1177, std=0.1765
2026-02-09 01:41:11.759 | INFO     | src.models.evaluation:evaluate_tsb_ad_nonoverlapping:66 - Anomaly (19657) reconstruction error: mean=0.3704, std=0.3196
2026-02-09 01:41:11.759 | INFO     | src.models.evaluation:evaluate_tsb_ad_nonoverlapping:67 - Overlap? Normal max=1.0000, Anomaly min=0.0000
2026-02-09 01:44:19.847 | INFO     | src.models.evaluation:evaluate_tsb_ad_nonoverlapping:83 - {'AUC-PR': 0.13225401609707818, 'AUC-ROC': 0.7109490707286887, 'VUS-PR': np.float64(0.14871393467253882), 'VUS-ROC': np.float64(0.7605104002979433), 'Standard-F1': np.float64(0.30443694268096955), 'PA-F1': 0.7793933428775949, 'Event-based-F1': np.float64(0.3699645406260935), 'R-based-F1': 0.23575044594174271, 'Affiliation-F': 0.8199309874447904}
2026-02-09 01:44:20.123 | INFO     | src.pipelines.train_vision_backbones:run_pipeline:170 - Train images: 3999
2026-02-09 01:44:20.123 | INFO     | src.pipelines.train_vision_backbones:run_pipeline:171 - Test images: 59999
2026-02-09 01:44:21.093 | INFO     | src.pipelines.train_vision_backbones:run_pipeline:176 - Training pvt_autoencoder_differential_lr on LP
2026-02-09 01:44:21.116 | INFO     | src.models.pvt_autoencoder.training:train_pvt_autoencoder_differential_lr:267 - Device: cuda | Model on: cuda:0
2026-02-09 01:49:57.083 | INFO     | src.pipelines.train_vision_backbones:run_pipeline:193 - Evaluating pvt_autoencoder_differential_lr on LP
2026-02-09 01:50:54.957 | INFO     | src.models.evaluation:evaluate_tsb_ad_nonoverlapping:65 - Normal (580343) reconstruction error: mean=0.1176, std=0.1846
2026-02-09 01:50:54.957 | INFO     | src.models.evaluation:evaluate_tsb_ad_nonoverlapping:66 - Anomaly (19657) reconstruction error: mean=0.4177, std=0.3688
2026-02-09 01:50:54.957 | INFO     | src.models.evaluation:evaluate_tsb_ad_nonoverlapping:67 - Overlap? Normal max=1.0000, Anomaly min=0.0000
2026-02-09 01:54:03.170 | INFO     | src.models.evaluation:evaluate_tsb_ad_nonoverlapping:83 - {'AUC-PR': 0.2113169145244711, 'AUC-ROC': 0.719707857647121, 'VUS-PR': np.float64(0.20662442199306794), 'VUS-ROC': np.float64(0.7670302219811104), 'Standard-F1': np.float64(0.3219678470360141), 'PA-F1': 0.8689078761745056, 'Event-based-F1': np.float64(0.6135909753332969), 'R-based-F1': 0.2572928160402877, 'Affiliation-F': 0.8059111084343548}
2026-02-09 01:54:17.774 | INFO     | src.pipelines.train_vision_backbones:run_pipeline:70 - Using zip: /net/scratch/hscra/plgrid/plgsmendowski12/ts2i_images/MITDB/171_MITDB_id_2_Medical_tr_50000_1st_88864_ts2i_SG.zip for transformation SG
2026-02-09 01:55:56.179 | INFO     | src.pipelines.train_vision_backbones:run_pipeline:170 - Train images: 3999
2026-02-09 01:55:56.179 | INFO     | src.pipelines.train_vision_backbones:run_pipeline:171 - Test images: 59999
2026-02-09 01:55:56.186 | INFO     | src.pipelines.train_vision_backbones:run_pipeline:176 - Training cnn_autoencoder on SG
2026-02-09 01:55:56.190 | INFO     | src.models.cnn_autoencoder.training:train_autoencoder:22 - Device: cuda | Model on: cuda:0
2026-02-09 01:57:30.502 | INFO     | src.pipelines.train_vision_backbones:run_pipeline:193 - Evaluating cnn_autoencoder on SG
2026-02-09 01:58:16.450 | INFO     | src.models.evaluation:evaluate_tsb_ad_nonoverlapping:65 - Normal (580343) reconstruction error: mean=0.0017, std=0.0079
2026-02-09 01:58:16.450 | INFO     | src.models.evaluation:evaluate_tsb_ad_nonoverlapping:66 - Anomaly (19657) reconstruction error: mean=0.0143, std=0.0476
2026-02-09 01:58:16.450 | INFO     | src.models.evaluation:evaluate_tsb_ad_nonoverlapping:67 - Overlap? Normal max=0.5661, Anomaly min=0.0000
2026-02-09 01:59:41.800 | INFO     | src.models.evaluation:evaluate_tsb_ad_nonoverlapping:83 - {'AUC-PR': 0.15648505370424648, 'AUC-ROC': 0.7254650164739692, 'VUS-PR': np.float64(0.15515991012187447), 'VUS-ROC': np.float64(0.774029233296978), 'Standard-F1': np.float64(0.24626542988337066), 'PA-F1': 0.9305970711612368, 'Event-based-F1': np.float64(0.6315789473684205), 'R-based-F1': 0.24944059066937865, 'Affiliation-F': 0.8556685056263003}
2026-02-09 01:59:42.071 | INFO     | src.pipelines.train_vision_backbones:run_pipeline:170 - Train images: 3999
2026-02-09 01:59:42.071 | INFO     | src.pipelines.train_vision_backbones:run_pipeline:171 - Test images: 59999
2026-02-09 01:59:42.274 | INFO     | src.pipelines.train_vision_backbones:run_pipeline:176 - Training resnet18_autoencoder_frozen on SG
2026-02-09 01:59:42.287 | INFO     | src.models.resnet18_autoencoder.training:train_autoencoder_frozen:25 - Device: cuda | Model on: cuda:0
2026-02-09 02:00:38.815 | INFO     | src.pipelines.train_vision_backbones:run_pipeline:193 - Evaluating resnet18_autoencoder_frozen on SG
2026-02-09 02:01:30.279 | INFO     | src.models.evaluation:evaluate_tsb_ad_nonoverlapping:65 - Normal (580343) reconstruction error: mean=0.0019, std=0.0109
2026-02-09 02:01:30.279 | INFO     | src.models.evaluation:evaluate_tsb_ad_nonoverlapping:66 - Anomaly (19657) reconstruction error: mean=0.0517, std=0.1040
2026-02-09 02:01:30.280 | INFO     | src.models.evaluation:evaluate_tsb_ad_nonoverlapping:67 - Overlap? Normal max=0.8435, Anomaly min=0.0000
2026-02-09 02:02:56.723 | INFO     | src.models.evaluation:evaluate_tsb_ad_nonoverlapping:83 - {'AUC-PR': 0.3140244734036735, 'AUC-ROC': 0.7194749161989579, 'VUS-PR': np.float64(0.29934102333566787), 'VUS-ROC': np.float64(0.7682314449002352), 'Standard-F1': np.float64(0.359861898622437), 'PA-F1': 0.9314043005043802, 'Event-based-F1': np.float64(0.837384677095868), 'R-based-F1': 0.3317598510064949, 'Affiliation-F': 0.8630682212959578}
2026-02-09 02:02:56.992 | INFO     | src.pipelines.train_vision_backbones:run_pipeline:170 - Train images: 3999
2026-02-09 02:02:56.993 | INFO     | src.pipelines.train_vision_backbones:run_pipeline:171 - Test images: 59999
2026-02-09 02:02:57.196 | INFO     | src.pipelines.train_vision_backbones:run_pipeline:176 - Training resnet18_autoencoder_progressive_unfreeze on SG
2026-02-09 02:02:57.209 | INFO     | src.models.resnet18_autoencoder.training:train_autoencoder_progressive_unfreeze:133 - Device: cuda | Model on: cuda:0
2026-02-09 02:03:40.677 | INFO     | src.pipelines.train_vision_backbones:run_pipeline:193 - Evaluating resnet18_autoencoder_progressive_unfreeze on SG
2026-02-09 02:04:31.197 | INFO     | src.models.evaluation:evaluate_tsb_ad_nonoverlapping:65 - Normal (580343) reconstruction error: mean=0.0019, std=0.0088
2026-02-09 02:04:31.197 | INFO     | src.models.evaluation:evaluate_tsb_ad_nonoverlapping:66 - Anomaly (19657) reconstruction error: mean=0.0436, std=0.0851
2026-02-09 02:04:31.198 | INFO     | src.models.evaluation:evaluate_tsb_ad_nonoverlapping:67 - Overlap? Normal max=0.6283, Anomaly min=0.0000
2026-02-09 02:05:57.542 | INFO     | src.models.evaluation:evaluate_tsb_ad_nonoverlapping:83 - {'AUC-PR': 0.319539575459754, 'AUC-ROC': 0.7239775731016258, 'VUS-PR': np.float64(0.30221940192164326), 'VUS-ROC': np.float64(0.7712712022736047), 'Standard-F1': np.float64(0.383810764428115), 'PA-F1': 0.9261551827116251, 'Event-based-F1': np.float64(0.8339538346984358), 'R-based-F1': 0.32889070868045095, 'Affiliation-F': 0.8599151183212966}
2026-02-09 02:05:57.812 | INFO     | src.pipelines.train_vision_backbones:run_pipeline:170 - Train images: 3999
2026-02-09 02:05:57.812 | INFO     | src.pipelines.train_vision_backbones:run_pipeline:171 - Test images: 59999
2026-02-09 02:05:58.022 | INFO     | src.pipelines.train_vision_backbones:run_pipeline:176 - Training resnet18_autoencoder_differential_lr on SG
2026-02-09 02:05:58.035 | INFO     | src.models.resnet18_autoencoder.training:train_autoencoder_differential_lr:271 - Device: cuda | Model on: cuda:0
2026-02-09 02:06:41.106 | INFO     | src.pipelines.train_vision_backbones:run_pipeline:193 - Evaluating resnet18_autoencoder_differential_lr on SG
2026-02-09 02:07:32.509 | INFO     | src.models.evaluation:evaluate_tsb_ad_nonoverlapping:65 - Normal (580343) reconstruction error: mean=0.0024, std=0.0104
2026-02-09 02:07:32.509 | INFO     | src.models.evaluation:evaluate_tsb_ad_nonoverlapping:66 - Anomaly (19657) reconstruction error: mean=0.0632, std=0.1069
2026-02-09 02:07:32.509 | INFO     | src.models.evaluation:evaluate_tsb_ad_nonoverlapping:67 - Overlap? Normal max=0.3780, Anomaly min=0.0000
2026-02-09 02:09:00.643 | INFO     | src.models.evaluation:evaluate_tsb_ad_nonoverlapping:83 - {'AUC-PR': 0.3480885489469496, 'AUC-ROC': 0.7156542232504883, 'VUS-PR': np.float64(0.3271869512364838), 'VUS-ROC': np.float64(0.7645490988705422), 'Standard-F1': np.float64(0.41403326164074356), 'PA-F1': 0.9284353449432474, 'Event-based-F1': np.float64(0.8426812585499311), 'R-based-F1': 0.37463163824268997, 'Affiliation-F': 0.8987941106318609}
2026-02-09 02:09:00.919 | INFO     | src.pipelines.train_vision_backbones:run_pipeline:170 - Train images: 3999
2026-02-09 02:09:00.919 | INFO     | src.pipelines.train_vision_backbones:run_pipeline:171 - Test images: 59999
2026-02-09 02:09:01.889 | INFO     | src.pipelines.train_vision_backbones:run_pipeline:176 - Training pvt_autoencoder_frozen on SG
2026-02-09 02:09:01.912 | INFO     | src.models.pvt_autoencoder.training:train_pvt_autoencoder_frozen:24 - Device: cuda | Model on: cuda:0
2026-02-09 02:09:55.085 | INFO     | src.pipelines.train_vision_backbones:run_pipeline:193 - Evaluating pvt_autoencoder_frozen on SG
2026-02-09 02:10:51.296 | INFO     | src.models.evaluation:evaluate_tsb_ad_nonoverlapping:65 - Normal (580343) reconstruction error: mean=0.0009, std=0.0085
2026-02-09 02:10:51.297 | INFO     | src.models.evaluation:evaluate_tsb_ad_nonoverlapping:66 - Anomaly (19657) reconstruction error: mean=0.0274, std=0.0671
2026-02-09 02:10:51.297 | INFO     | src.models.evaluation:evaluate_tsb_ad_nonoverlapping:67 - Overlap? Normal max=0.8169, Anomaly min=0.0000
2026-02-09 02:12:17.210 | INFO     | src.models.evaluation:evaluate_tsb_ad_nonoverlapping:83 - {'AUC-PR': 0.31121636032197625, 'AUC-ROC': 0.7307997661590973, 'VUS-PR': np.float64(0.3088551587813077), 'VUS-ROC': np.float64(0.7796291385345736), 'Standard-F1': np.float64(0.41182955033207985), 'PA-F1': 0.9483161226713714, 'Event-based-F1': np.float64(0.8556876061120536), 'R-based-F1': 0.34064635085241657, 'Affiliation-F': 0.8997881682063958}
2026-02-09 02:12:17.481 | INFO     | src.pipelines.train_vision_backbones:run_pipeline:170 - Train images: 3999
2026-02-09 02:12:17.481 | INFO     | src.pipelines.train_vision_backbones:run_pipeline:171 - Test images: 59999
2026-02-09 02:12:18.411 | INFO     | src.pipelines.train_vision_backbones:run_pipeline:176 - Training pvt_autoencoder_progressive_unfreeze on SG
2026-02-09 02:12:18.437 | INFO     | src.models.pvt_autoencoder.training:train_pvt_autoencoder_progressive_unfreeze:132 - Device: cuda | Model on: cuda:0
2026-02-09 02:13:21.653 | INFO     | src.pipelines.train_vision_backbones:run_pipeline:193 - Evaluating pvt_autoencoder_progressive_unfreeze on SG
2026-02-09 02:14:17.935 | INFO     | src.models.evaluation:evaluate_tsb_ad_nonoverlapping:65 - Normal (580343) reconstruction error: mean=0.0009, std=0.0093
2026-02-09 02:14:17.935 | INFO     | src.models.evaluation:evaluate_tsb_ad_nonoverlapping:66 - Anomaly (19657) reconstruction error: mean=0.0305, std=0.0714
2026-02-09 02:14:17.936 | INFO     | src.models.evaluation:evaluate_tsb_ad_nonoverlapping:67 - Overlap? Normal max=0.8088, Anomaly min=0.0000
2026-02-09 02:15:43.216 | INFO     | src.models.evaluation:evaluate_tsb_ad_nonoverlapping:83 - {'AUC-PR': 0.32734442848842077, 'AUC-ROC': 0.724783119140841, 'VUS-PR': np.float64(0.32484259550711364), 'VUS-ROC': np.float64(0.7720542222503552), 'Standard-F1': np.float64(0.4367873364267911), 'PA-F1': 0.9478242829728748, 'Event-based-F1': np.float64(0.8540925266903909), 'R-based-F1': 0.34502685548225587, 'Affiliation-F': 0.8964421162186597}
2026-02-09 02:15:43.599 | INFO     | src.pipelines.train_vision_backbones:run_pipeline:170 - Train images: 3999
2026-02-09 02:15:43.600 | INFO     | src.pipelines.train_vision_backbones:run_pipeline:171 - Test images: 59999
2026-02-09 02:15:44.550 | INFO     | src.pipelines.train_vision_backbones:run_pipeline:176 - Training pvt_autoencoder_differential_lr on SG
2026-02-09 02:15:44.574 | INFO     | src.models.pvt_autoencoder.training:train_pvt_autoencoder_differential_lr:267 - Device: cuda | Model on: cuda:0
2026-02-09 02:16:44.986 | INFO     | src.pipelines.train_vision_backbones:run_pipeline:193 - Evaluating pvt_autoencoder_differential_lr on SG
2026-02-09 02:17:40.930 | INFO     | src.models.evaluation:evaluate_tsb_ad_nonoverlapping:65 - Normal (580343) reconstruction error: mean=0.0019, std=0.0072
2026-02-09 02:17:40.931 | INFO     | src.models.evaluation:evaluate_tsb_ad_nonoverlapping:66 - Anomaly (19657) reconstruction error: mean=0.0325, std=0.0643
2026-02-09 02:17:40.931 | INFO     | src.models.evaluation:evaluate_tsb_ad_nonoverlapping:67 - Overlap? Normal max=0.3849, Anomaly min=0.0001
2026-02-09 02:19:06.556 | INFO     | src.models.evaluation:evaluate_tsb_ad_nonoverlapping:83 - {'AUC-PR': 0.28803567498046145, 'AUC-ROC': 0.6925582200157459, 'VUS-PR': np.float64(0.27754776393396213), 'VUS-ROC': np.float64(0.7449156010754789), 'Standard-F1': np.float64(0.34015258909253343), 'PA-F1': 0.9485783424077435, 'Event-based-F1': np.float64(0.876092544987146), 'R-based-F1': 0.3583142944625999, 'Affiliation-F': 0.9012665392541136}
2026-02-09 02:19:21.117 | INFO     | src.pipelines.train_vision_backbones:run_pipeline:70 - Using zip: /net/scratch/hscra/plgrid/plgsmendowski12/ts2i_images/MITDB/171_MITDB_id_2_Medical_tr_50000_1st_88864_ts2i_GASF.zip for transformation GASF
2026-02-09 02:20:59.719 | INFO     | src.pipelines.train_vision_backbones:run_pipeline:170 - Train images: 3999
2026-02-09 02:20:59.720 | INFO     | src.pipelines.train_vision_backbones:run_pipeline:171 - Test images: 59999
2026-02-09 02:20:59.726 | INFO     | src.pipelines.train_vision_backbones:run_pipeline:176 - Training cnn_autoencoder on GASF
2026-02-09 02:20:59.731 | INFO     | src.models.cnn_autoencoder.training:train_autoencoder:22 - Device: cuda | Model on: cuda:0
2026-02-09 02:22:51.548 | INFO     | src.pipelines.train_vision_backbones:run_pipeline:193 - Evaluating cnn_autoencoder on GASF
2026-02-09 02:23:41.473 | INFO     | src.models.evaluation:evaluate_tsb_ad_nonoverlapping:65 - Normal (580343) reconstruction error: mean=0.0269, std=0.0317
2026-02-09 02:23:41.473 | INFO     | src.models.evaluation:evaluate_tsb_ad_nonoverlapping:66 - Anomaly (19657) reconstruction error: mean=0.0194, std=0.0261
2026-02-09 02:23:41.474 | INFO     | src.models.evaluation:evaluate_tsb_ad_nonoverlapping:67 - Overlap? Normal max=1.0000, Anomaly min=0.0008
2026-02-09 02:25:25.460 | INFO     | src.models.evaluation:evaluate_tsb_ad_nonoverlapping:83 - {'AUC-PR': 0.023800754329042717, 'AUC-ROC': 0.34586341208428606, 'VUS-PR': np.float64(0.029566940818851913), 'VUS-ROC': np.float64(0.42008942335374094), 'Standard-F1': np.float64(0.06363767933301999), 'PA-F1': 0.6094203403208208, 'Event-based-F1': np.float64(0.06344580059291817), 'R-based-F1': 0.06354542290686135, 'Affiliation-F': 0.6973639058918027}
2026-02-09 02:25:25.728 | INFO     | src.pipelines.train_vision_backbones:run_pipeline:170 - Train images: 3999
2026-02-09 02:25:25.728 | INFO     | src.pipelines.train_vision_backbones:run_pipeline:171 - Test images: 59999
2026-02-09 02:25:25.932 | INFO     | src.pipelines.train_vision_backbones:run_pipeline:176 - Training resnet18_autoencoder_frozen on GASF
2026-02-09 02:25:25.944 | INFO     | src.models.resnet18_autoencoder.training:train_autoencoder_frozen:25 - Device: cuda | Model on: cuda:0
2026-02-09 02:27:07.919 | INFO     | src.pipelines.train_vision_backbones:run_pipeline:193 - Evaluating resnet18_autoencoder_frozen on GASF
2026-02-09 02:28:02.716 | INFO     | src.models.evaluation:evaluate_tsb_ad_nonoverlapping:65 - Normal (580343) reconstruction error: mean=0.0677, std=0.0714
2026-02-09 02:28:02.716 | INFO     | src.models.evaluation:evaluate_tsb_ad_nonoverlapping:66 - Anomaly (19657) reconstruction error: mean=0.0507, std=0.0638
2026-02-09 02:28:02.716 | INFO     | src.models.evaluation:evaluate_tsb_ad_nonoverlapping:67 - Overlap? Normal max=1.0000, Anomaly min=0.0004
2026-02-09 02:30:27.638 | INFO     | src.models.evaluation:evaluate_tsb_ad_nonoverlapping:83 - {'AUC-PR': 0.02613192233763386, 'AUC-ROC': 0.4042329818324532, 'VUS-PR': np.float64(0.03227617472962966), 'VUS-ROC': np.float64(0.4712645384977236), 'Standard-F1': np.float64(0.064468445348232), 'PA-F1': 0.5075859263778727, 'Event-based-F1': np.float64(0.06344580059291817), 'R-based-F1': 0.0931317300995052, 'Affiliation-F': 0.6973682619443847}
2026-02-09 02:30:27.930 | INFO     | src.pipelines.train_vision_backbones:run_pipeline:170 - Train images: 3999
2026-02-09 02:30:27.930 | INFO     | src.pipelines.train_vision_backbones:run_pipeline:171 - Test images: 59999
2026-02-09 02:30:28.160 | INFO     | src.pipelines.train_vision_backbones:run_pipeline:176 - Training resnet18_autoencoder_progressive_unfreeze on GASF
2026-02-09 02:30:28.174 | INFO     | src.models.resnet18_autoencoder.training:train_autoencoder_progressive_unfreeze:133 - Device: cuda | Model on: cuda:0
2026-02-09 02:34:51.975 | INFO     | src.pipelines.train_vision_backbones:run_pipeline:193 - Evaluating resnet18_autoencoder_progressive_unfreeze on GASF
2026-02-09 02:35:45.315 | INFO     | src.models.evaluation:evaluate_tsb_ad_nonoverlapping:65 - Normal (580343) reconstruction error: mean=0.0161, std=0.0394
2026-02-09 02:35:45.315 | INFO     | src.models.evaluation:evaluate_tsb_ad_nonoverlapping:66 - Anomaly (19657) reconstruction error: mean=0.0106, std=0.0320
2026-02-09 02:35:45.316 | INFO     | src.models.evaluation:evaluate_tsb_ad_nonoverlapping:67 - Overlap? Normal max=1.0000, Anomaly min=0.0001
2026-02-09 02:37:23.760 | INFO     | src.models.evaluation:evaluate_tsb_ad_nonoverlapping:83 - {'AUC-PR': 0.024657335543704882, 'AUC-ROC': 0.3746550070728868, 'VUS-PR': np.float64(0.03055994958659954), 'VUS-ROC': np.float64(0.4462317675915395), 'Standard-F1': np.float64(0.06370913083244092), 'PA-F1': 0.5584111628736376, 'Event-based-F1': np.float64(0.06344580059291817), 'R-based-F1': 0.04249807492806231, 'Affiliation-F': 0.6973695214166284}
2026-02-09 02:37:24.034 | INFO     | src.pipelines.train_vision_backbones:run_pipeline:170 - Train images: 3999
2026-02-09 02:37:24.034 | INFO     | src.pipelines.train_vision_backbones:run_pipeline:171 - Test images: 59999
2026-02-09 02:37:24.237 | INFO     | src.pipelines.train_vision_backbones:run_pipeline:176 - Training resnet18_autoencoder_differential_lr on GASF
2026-02-09 02:37:24.249 | INFO     | src.models.resnet18_autoencoder.training:train_autoencoder_differential_lr:271 - Device: cuda | Model on: cuda:0
2026-02-09 02:40:31.871 | INFO     | src.pipelines.train_vision_backbones:run_pipeline:193 - Evaluating resnet18_autoencoder_differential_lr on GASF
2026-02-09 02:41:25.635 | INFO     | src.models.evaluation:evaluate_tsb_ad_nonoverlapping:65 - Normal (580343) reconstruction error: mean=0.0076, std=0.0263
2026-02-09 02:41:25.636 | INFO     | src.models.evaluation:evaluate_tsb_ad_nonoverlapping:66 - Anomaly (19657) reconstruction error: mean=0.0053, std=0.0202
2026-02-09 02:41:25.636 | INFO     | src.models.evaluation:evaluate_tsb_ad_nonoverlapping:67 - Overlap? Normal max=1.0000, Anomaly min=0.0001
2026-02-09 02:42:55.795 | INFO     | src.models.evaluation:evaluate_tsb_ad_nonoverlapping:83 - {'AUC-PR': 0.02505984303650549, 'AUC-ROC': 0.3820237041640169, 'VUS-PR': np.float64(0.030906940437735075), 'VUS-ROC': np.float64(0.4513705140203074), 'Standard-F1': np.float64(0.0639128061789443), 'PA-F1': 0.5586575055554136, 'Event-based-F1': np.float64(0.06344580059291817), 'R-based-F1': 0.04565334644289119, 'Affiliation-F': 0.6973673675565131}
2026-02-09 02:42:56.071 | INFO     | src.pipelines.train_vision_backbones:run_pipeline:170 - Train images: 3999
2026-02-09 02:42:56.071 | INFO     | src.pipelines.train_vision_backbones:run_pipeline:171 - Test images: 59999
2026-02-09 02:42:57.013 | INFO     | src.pipelines.train_vision_backbones:run_pipeline:176 - Training pvt_autoencoder_frozen on GASF
2026-02-09 02:42:57.036 | INFO     | src.models.pvt_autoencoder.training:train_pvt_autoencoder_frozen:24 - Device: cuda | Model on: cuda:0
2026-02-09 02:44:42.954 | INFO     | src.pipelines.train_vision_backbones:run_pipeline:193 - Evaluating pvt_autoencoder_frozen on GASF
2026-02-09 02:45:42.683 | INFO     | src.models.evaluation:evaluate_tsb_ad_nonoverlapping:65 - Normal (580343) reconstruction error: mean=0.0375, std=0.0528
2026-02-09 02:45:42.683 | INFO     | src.models.evaluation:evaluate_tsb_ad_nonoverlapping:66 - Anomaly (19657) reconstruction error: mean=0.0267, std=0.0468
2026-02-09 02:45:42.683 | INFO     | src.models.evaluation:evaluate_tsb_ad_nonoverlapping:67 - Overlap? Normal max=1.0000, Anomaly min=0.0001
2026-02-09 02:47:39.824 | INFO     | src.models.evaluation:evaluate_tsb_ad_nonoverlapping:83 - {'AUC-PR': 0.025701894440744593, 'AUC-ROC': 0.39571525887317677, 'VUS-PR': np.float64(0.031423334744440555), 'VUS-ROC': np.float64(0.4616351598305319), 'Standard-F1': np.float64(0.06588432016411812), 'PA-F1': 0.5838583428789614, 'Event-based-F1': np.float64(0.06344580059291817), 'R-based-F1': 0.05354097138147512, 'Affiliation-F': 0.6973683031207699}
2026-02-09 02:47:40.094 | INFO     | src.pipelines.train_vision_backbones:run_pipeline:170 - Train images: 3999
2026-02-09 02:47:40.094 | INFO     | src.pipelines.train_vision_backbones:run_pipeline:171 - Test images: 59999
2026-02-09 02:47:41.029 | INFO     | src.pipelines.train_vision_backbones:run_pipeline:176 - Training pvt_autoencoder_progressive_unfreeze on GASF
2026-02-09 02:47:41.052 | INFO     | src.models.pvt_autoencoder.training:train_pvt_autoencoder_progressive_unfreeze:132 - Device: cuda | Model on: cuda:0
2026-02-09 02:51:16.027 | INFO     | src.pipelines.train_vision_backbones:run_pipeline:193 - Evaluating pvt_autoencoder_progressive_unfreeze on GASF
2026-02-09 02:52:14.588 | INFO     | src.models.evaluation:evaluate_tsb_ad_nonoverlapping:65 - Normal (580343) reconstruction error: mean=0.0138, std=0.0406
2026-02-09 02:52:14.588 | INFO     | src.models.evaluation:evaluate_tsb_ad_nonoverlapping:66 - Anomaly (19657) reconstruction error: mean=0.0097, std=0.0370
2026-02-09 02:52:14.588 | INFO     | src.models.evaluation:evaluate_tsb_ad_nonoverlapping:67 - Overlap? Normal max=1.0000, Anomaly min=0.0000
2026-02-09 02:53:51.638 | INFO     | src.models.evaluation:evaluate_tsb_ad_nonoverlapping:83 - {'AUC-PR': 0.025217851819771424, 'AUC-ROC': 0.3849099340430885, 'VUS-PR': np.float64(0.03096866937905869), 'VUS-ROC': np.float64(0.4544898225646148), 'Standard-F1': np.float64(0.063488215035636), 'PA-F1': 0.6091912265564688, 'Event-based-F1': np.float64(0.06639004149377577), 'R-based-F1': 0.05152658023598315, 'Affiliation-F': 0.6973900580996228}
2026-02-09 02:53:51.918 | INFO     | src.pipelines.train_vision_backbones:run_pipeline:170 - Train images: 3999
2026-02-09 02:53:51.918 | INFO     | src.pipelines.train_vision_backbones:run_pipeline:171 - Test images: 59999
2026-02-09 02:53:52.880 | INFO     | src.pipelines.train_vision_backbones:run_pipeline:176 - Training pvt_autoencoder_differential_lr on GASF
2026-02-09 02:53:52.902 | INFO     | src.models.pvt_autoencoder.training:train_pvt_autoencoder_differential_lr:267 - Device: cuda | Model on: cuda:0
2026-02-09 02:56:16.667 | INFO     | src.pipelines.train_vision_backbones:run_pipeline:193 - Evaluating pvt_autoencoder_differential_lr on GASF
2026-02-09 02:57:16.765 | INFO     | src.models.evaluation:evaluate_tsb_ad_nonoverlapping:65 - Normal (580343) reconstruction error: mean=0.0073, std=0.0238
2026-02-09 02:57:16.766 | INFO     | src.models.evaluation:evaluate_tsb_ad_nonoverlapping:66 - Anomaly (19657) reconstruction error: mean=0.0052, std=0.0186
2026-02-09 02:57:16.766 | INFO     | src.models.evaluation:evaluate_tsb_ad_nonoverlapping:67 - Overlap? Normal max=1.0000, Anomaly min=0.0000
2026-02-09 02:58:45.533 | INFO     | src.models.evaluation:evaluate_tsb_ad_nonoverlapping:83 - {'AUC-PR': 0.02447395790866743, 'AUC-ROC': 0.3578678039720886, 'VUS-PR': np.float64(0.030433600429174416), 'VUS-ROC': np.float64(0.4327864642712512), 'Standard-F1': np.float64(0.06351386133689335), 'PA-F1': 0.5545331903559445, 'Event-based-F1': np.float64(0.06399999999999972), 'R-based-F1': 0.043137266498805824, 'Affiliation-F': 0.6973648253699337}
2026-02-09 02:59:00.175 | INFO     | src.pipelines.train_vision_backbones:run_pipeline:70 - Using zip: /net/scratch/hscra/plgrid/plgsmendowski12/ts2i_images/MITDB/171_MITDB_id_2_Medical_tr_50000_1st_88864_ts2i_GADF.zip for transformation GADF
2026-02-09 03:00:38.852 | INFO     | src.pipelines.train_vision_backbones:run_pipeline:170 - Train images: 3999
2026-02-09 03:00:38.853 | INFO     | src.pipelines.train_vision_backbones:run_pipeline:171 - Test images: 59999
2026-02-09 03:00:38.859 | INFO     | src.pipelines.train_vision_backbones:run_pipeline:176 - Training cnn_autoencoder on GADF
2026-02-09 03:00:38.863 | INFO     | src.models.cnn_autoencoder.training:train_autoencoder:22 - Device: cuda | Model on: cuda:0
2026-02-09 03:02:28.537 | INFO     | src.pipelines.train_vision_backbones:run_pipeline:193 - Evaluating cnn_autoencoder on GADF
2026-02-09 03:03:19.297 | INFO     | src.models.evaluation:evaluate_tsb_ad_nonoverlapping:65 - Normal (580343) reconstruction error: mean=0.1169, std=0.0717
2026-02-09 03:03:19.297 | INFO     | src.models.evaluation:evaluate_tsb_ad_nonoverlapping:66 - Anomaly (19657) reconstruction error: mean=0.0911, std=0.0664
2026-02-09 03:03:19.297 | INFO     | src.models.evaluation:evaluate_tsb_ad_nonoverlapping:67 - Overlap? Normal max=1.0000, Anomaly min=0.0270
2026-02-09 03:06:13.305 | INFO     | src.models.evaluation:evaluate_tsb_ad_nonoverlapping:83 - {'AUC-PR': 0.023817893292224987, 'AUC-ROC': 0.3442028358911563, 'VUS-PR': np.float64(0.029617770737332037), 'VUS-ROC': np.float64(0.419046849231948), 'Standard-F1': np.float64(0.06350979328990171), 'PA-F1': 0.6057085628442664, 'Event-based-F1': np.float64(0.06350474902406779), 'R-based-F1': 0.13807998160299784, 'Affiliation-F': 0.69741941152461}
2026-02-09 03:06:13.572 | INFO     | src.pipelines.train_vision_backbones:run_pipeline:170 - Train images: 3999
2026-02-09 03:06:13.572 | INFO     | src.pipelines.train_vision_backbones:run_pipeline:171 - Test images: 59999
2026-02-09 03:06:13.772 | INFO     | src.pipelines.train_vision_backbones:run_pipeline:176 - Training resnet18_autoencoder_frozen on GADF
2026-02-09 03:06:13.784 | INFO     | src.models.resnet18_autoencoder.training:train_autoencoder_frozen:25 - Device: cuda | Model on: cuda:0
2026-02-09 03:08:03.473 | INFO     | src.pipelines.train_vision_backbones:run_pipeline:193 - Evaluating resnet18_autoencoder_frozen on GADF
2026-02-09 03:08:57.137 | INFO     | src.models.evaluation:evaluate_tsb_ad_nonoverlapping:65 - Normal (580343) reconstruction error: mean=0.0746, std=0.0922
2026-02-09 03:08:57.137 | INFO     | src.models.evaluation:evaluate_tsb_ad_nonoverlapping:66 - Anomaly (19657) reconstruction error: mean=0.0511, std=0.0849
2026-02-09 03:08:57.137 | INFO     | src.models.evaluation:evaluate_tsb_ad_nonoverlapping:67 - Overlap? Normal max=1.0000, Anomaly min=0.0002
2026-02-09 03:11:29.328 | INFO     | src.models.evaluation:evaluate_tsb_ad_nonoverlapping:83 - {'AUC-PR': 0.024885484634992787, 'AUC-ROC': 0.36577427379202676, 'VUS-PR': np.float64(0.030704247834824925), 'VUS-ROC': np.float64(0.43730041005294656), 'Standard-F1': np.float64(0.06476713289419142), 'PA-F1': 0.5884967600278477, 'Event-based-F1': np.float64(0.08955223880596967), 'R-based-F1': 0.09369414471132799, 'Affiliation-F': 0.697367067427146}
2026-02-09 03:11:29.594 | INFO     | src.pipelines.train_vision_backbones:run_pipeline:170 - Train images: 3999
2026-02-09 03:11:29.594 | INFO     | src.pipelines.train_vision_backbones:run_pipeline:171 - Test images: 59999
2026-02-09 03:11:29.795 | INFO     | src.pipelines.train_vision_backbones:run_pipeline:176 - Training resnet18_autoencoder_progressive_unfreeze on GADF
2026-02-09 03:11:29.808 | INFO     | src.models.resnet18_autoencoder.training:train_autoencoder_progressive_unfreeze:133 - Device: cuda | Model on: cuda:0
2026-02-09 03:15:54.752 | INFO     | src.pipelines.train_vision_backbones:run_pipeline:193 - Evaluating resnet18_autoencoder_progressive_unfreeze on GADF
2026-02-09 03:16:48.951 | INFO     | src.models.evaluation:evaluate_tsb_ad_nonoverlapping:65 - Normal (580343) reconstruction error: mean=0.0323, std=0.0648
2026-02-09 03:16:48.951 | INFO     | src.models.evaluation:evaluate_tsb_ad_nonoverlapping:66 - Anomaly (19657) reconstruction error: mean=0.0225, std=0.0595
2026-02-09 03:16:48.951 | INFO     | src.models.evaluation:evaluate_tsb_ad_nonoverlapping:67 - Overlap? Normal max=1.0000, Anomaly min=0.0004
2026-02-09 03:18:42.949 | INFO     | src.models.evaluation:evaluate_tsb_ad_nonoverlapping:83 - {'AUC-PR': 0.025030659795685556, 'AUC-ROC': 0.3770266531768034, 'VUS-PR': np.float64(0.030666551476691572), 'VUS-ROC': np.float64(0.44600890411649985), 'Standard-F1': np.float64(0.0642003756994161), 'PA-F1': 0.6227458869171636, 'Event-based-F1': np.float64(0.08695652173912997), 'R-based-F1': 0.04669057023621574, 'Affiliation-F': 0.697372311806899}
2026-02-09 03:18:43.222 | INFO     | src.pipelines.train_vision_backbones:run_pipeline:170 - Train images: 3999
2026-02-09 03:18:43.222 | INFO     | src.pipelines.train_vision_backbones:run_pipeline:171 - Test images: 59999
2026-02-09 03:18:43.424 | INFO     | src.pipelines.train_vision_backbones:run_pipeline:176 - Training resnet18_autoencoder_differential_lr on GADF
2026-02-09 03:18:43.436 | INFO     | src.models.resnet18_autoencoder.training:train_autoencoder_differential_lr:271 - Device: cuda | Model on: cuda:0
2026-02-09 03:21:28.562 | INFO     | src.pipelines.train_vision_backbones:run_pipeline:193 - Evaluating resnet18_autoencoder_differential_lr on GADF
2026-02-09 03:22:22.161 | INFO     | src.models.evaluation:evaluate_tsb_ad_nonoverlapping:65 - Normal (580343) reconstruction error: mean=0.0105, std=0.0261
2026-02-09 03:22:22.161 | INFO     | src.models.evaluation:evaluate_tsb_ad_nonoverlapping:66 - Anomaly (19657) reconstruction error: mean=0.0076, std=0.0292
2026-02-09 03:22:22.161 | INFO     | src.models.evaluation:evaluate_tsb_ad_nonoverlapping:67 - Overlap? Normal max=0.7886, Anomaly min=0.0001
2026-02-09 03:23:53.413 | INFO     | src.models.evaluation:evaluate_tsb_ad_nonoverlapping:83 - {'AUC-PR': 0.025039828800536956, 'AUC-ROC': 0.3661436595746994, 'VUS-PR': np.float64(0.030338854552529604), 'VUS-ROC': np.float64(0.4377539946969053), 'Standard-F1': np.float64(0.06346362169227857), 'PA-F1': 0.6278581733922092, 'Event-based-F1': np.float64(0.06344580059291817), 'R-based-F1': 0.04314279986119602, 'Affiliation-F': 0.6973655488809904}
2026-02-09 03:23:53.907 | INFO     | src.pipelines.train_vision_backbones:run_pipeline:170 - Train images: 3999
2026-02-09 03:23:53.907 | INFO     | src.pipelines.train_vision_backbones:run_pipeline:171 - Test images: 59999
2026-02-09 03:23:54.858 | INFO     | src.pipelines.train_vision_backbones:run_pipeline:176 - Training pvt_autoencoder_frozen on GADF
2026-02-09 03:23:54.881 | INFO     | src.models.pvt_autoencoder.training:train_pvt_autoencoder_frozen:24 - Device: cuda | Model on: cuda:0
2026-02-09 03:25:00.341 | INFO     | src.pipelines.train_vision_backbones:run_pipeline:193 - Evaluating pvt_autoencoder_frozen on GADF
2026-02-09 03:25:59.178 | INFO     | src.models.evaluation:evaluate_tsb_ad_nonoverlapping:65 - Normal (580343) reconstruction error: mean=0.0522, std=0.0706
2026-02-09 03:25:59.178 | INFO     | src.models.evaluation:evaluate_tsb_ad_nonoverlapping:66 - Anomaly (19657) reconstruction error: mean=0.0418, std=0.0858
2026-02-09 03:25:59.179 | INFO     | src.models.evaluation:evaluate_tsb_ad_nonoverlapping:67 - Overlap? Normal max=0.9966, Anomaly min=0.0002
2026-02-09 03:28:09.225 | INFO     | src.models.evaluation:evaluate_tsb_ad_nonoverlapping:83 - {'AUC-PR': 0.029046153822240788, 'AUC-ROC': 0.3857699182624978, 'VUS-PR': np.float64(0.032388689453382996), 'VUS-ROC': np.float64(0.45686997268568263), 'Standard-F1': np.float64(0.06366205741340548), 'PA-F1': 0.6098421286942228, 'Event-based-F1': np.float64(0.22535211267605598), 'R-based-F1': 0.08563544140017984, 'Affiliation-F': 0.6973662444378451}
2026-02-09 03:28:09.494 | INFO     | src.pipelines.train_vision_backbones:run_pipeline:170 - Train images: 3999
2026-02-09 03:28:09.495 | INFO     | src.pipelines.train_vision_backbones:run_pipeline:171 - Test images: 59999
2026-02-09 03:28:10.457 | INFO     | src.pipelines.train_vision_backbones:run_pipeline:176 - Training pvt_autoencoder_progressive_unfreeze on GADF
2026-02-09 03:28:10.480 | INFO     | src.models.pvt_autoencoder.training:train_pvt_autoencoder_progressive_unfreeze:132 - Device: cuda | Model on: cuda:0
2026-02-09 03:32:47.168 | INFO     | src.pipelines.train_vision_backbones:run_pipeline:193 - Evaluating pvt_autoencoder_progressive_unfreeze on GADF
2026-02-09 03:33:46.620 | INFO     | src.models.evaluation:evaluate_tsb_ad_nonoverlapping:65 - Normal (580343) reconstruction error: mean=0.0196, std=0.0527
2026-02-09 03:33:46.620 | INFO     | src.models.evaluation:evaluate_tsb_ad_nonoverlapping:66 - Anomaly (19657) reconstruction error: mean=0.0134, std=0.0488
2026-02-09 03:33:46.621 | INFO     | src.models.evaluation:evaluate_tsb_ad_nonoverlapping:67 - Overlap? Normal max=1.0000, Anomaly min=0.0001
2026-02-09 03:35:28.076 | INFO     | src.models.evaluation:evaluate_tsb_ad_nonoverlapping:83 - {'AUC-PR': 0.024153405861531058, 'AUC-ROC': 0.354784000105438, 'VUS-PR': np.float64(0.02979199473795041), 'VUS-ROC': np.float64(0.4278828370523345), 'Standard-F1': np.float64(0.06357874884250017), 'PA-F1': 0.5880772807108172, 'Event-based-F1': np.float64(0.07317073170731657), 'R-based-F1': 0.04498021611201274, 'Affiliation-F': 0.6973672580357092}
2026-02-09 03:35:28.402 | INFO     | src.pipelines.train_vision_backbones:run_pipeline:170 - Train images: 3999
2026-02-09 03:35:28.402 | INFO     | src.pipelines.train_vision_backbones:run_pipeline:171 - Test images: 59999
2026-02-09 03:35:29.410 | INFO     | src.pipelines.train_vision_backbones:run_pipeline:176 - Training pvt_autoencoder_differential_lr on GADF
2026-02-09 03:35:29.437 | INFO     | src.models.pvt_autoencoder.training:train_pvt_autoencoder_differential_lr:267 - Device: cuda | Model on: cuda:0
2026-02-09 03:38:32.165 | INFO     | src.pipelines.train_vision_backbones:run_pipeline:193 - Evaluating pvt_autoencoder_differential_lr on GADF
2026-02-09 03:39:31.605 | INFO     | src.models.evaluation:evaluate_tsb_ad_nonoverlapping:65 - Normal (580343) reconstruction error: mean=0.0127, std=0.0340
2026-02-09 03:39:31.605 | INFO     | src.models.evaluation:evaluate_tsb_ad_nonoverlapping:66 - Anomaly (19657) reconstruction error: mean=0.0090, std=0.0335
2026-02-09 03:39:31.605 | INFO     | src.models.evaluation:evaluate_tsb_ad_nonoverlapping:67 - Overlap? Normal max=1.0000, Anomaly min=0.0000
2026-02-09 03:41:05.207 | INFO     | src.models.evaluation:evaluate_tsb_ad_nonoverlapping:83 - {'AUC-PR': 0.024280524922921008, 'AUC-ROC': 0.3516748052834493, 'VUS-PR': np.float64(0.029836262066940674), 'VUS-ROC': np.float64(0.4260449179293312), 'Standard-F1': np.float64(0.06344518626770874), 'PA-F1': 0.5774311692571199, 'Event-based-F1': np.float64(0.06344580059291817), 'R-based-F1': 0.0407261468976567, 'Affiliation-F': 0.6973655587900744}
2026-02-09 03:41:20.034 | INFO     | src.pipelines.train_vision_backbones:run_pipeline:70 - Using zip: /net/scratch/hscra/plgrid/plgsmendowski12/ts2i_images/MITDB/171_MITDB_id_2_Medical_tr_50000_1st_88864_ts2i_MTF.zip for transformation MTF
2026-02-09 03:42:57.359 | INFO     | src.pipelines.train_vision_backbones:run_pipeline:170 - Train images: 3999
2026-02-09 03:42:57.359 | INFO     | src.pipelines.train_vision_backbones:run_pipeline:171 - Test images: 59999
2026-02-09 03:42:57.366 | INFO     | src.pipelines.train_vision_backbones:run_pipeline:176 - Training cnn_autoencoder on MTF
2026-02-09 03:42:57.370 | INFO     | src.models.cnn_autoencoder.training:train_autoencoder:22 - Device: cuda | Model on: cuda:0
2026-02-09 03:47:42.498 | INFO     | src.pipelines.train_vision_backbones:run_pipeline:193 - Evaluating cnn_autoencoder on MTF
2026-02-09 03:48:31.976 | INFO     | src.models.evaluation:evaluate_tsb_ad_nonoverlapping:65 - Normal (580343) reconstruction error: mean=0.0242, std=0.0272
2026-02-09 03:48:31.976 | INFO     | src.models.evaluation:evaluate_tsb_ad_nonoverlapping:66 - Anomaly (19657) reconstruction error: mean=0.0274, std=0.0206
2026-02-09 03:48:31.976 | INFO     | src.models.evaluation:evaluate_tsb_ad_nonoverlapping:67 - Overlap? Normal max=1.0000, Anomaly min=0.0006
2026-02-09 03:50:16.197 | INFO     | src.models.evaluation:evaluate_tsb_ad_nonoverlapping:83 - {'AUC-PR': 0.040676388492657596, 'AUC-ROC': 0.576611878266228, 'VUS-PR': np.float64(0.04753314838268498), 'VUS-ROC': np.float64(0.6308399700930428), 'Standard-F1': np.float64(0.10145471597540878), 'PA-F1': 0.4899073213160973, 'Event-based-F1': np.float64(0.10193305685861254), 'R-based-F1': 0.05368265653980334, 'Affiliation-F': 0.7149840513714157}
2026-02-09 03:50:16.468 | INFO     | src.pipelines.train_vision_backbones:run_pipeline:170 - Train images: 3999
2026-02-09 03:50:16.468 | INFO     | src.pipelines.train_vision_backbones:run_pipeline:171 - Test images: 59999
2026-02-09 03:50:16.673 | INFO     | src.pipelines.train_vision_backbones:run_pipeline:176 - Training resnet18_autoencoder_frozen on MTF
2026-02-09 03:50:16.685 | INFO     | src.models.resnet18_autoencoder.training:train_autoencoder_frozen:25 - Device: cuda | Model on: cuda:0
2026-02-09 03:51:48.034 | INFO     | src.pipelines.train_vision_backbones:run_pipeline:193 - Evaluating resnet18_autoencoder_frozen on MTF
2026-02-09 03:52:41.181 | INFO     | src.models.evaluation:evaluate_tsb_ad_nonoverlapping:65 - Normal (580343) reconstruction error: mean=0.0255, std=0.0322
2026-02-09 03:52:41.181 | INFO     | src.models.evaluation:evaluate_tsb_ad_nonoverlapping:66 - Anomaly (19657) reconstruction error: mean=0.0148, std=0.0267
2026-02-09 03:52:41.181 | INFO     | src.models.evaluation:evaluate_tsb_ad_nonoverlapping:67 - Overlap? Normal max=1.0000, Anomaly min=0.0000
2026-02-09 03:54:27.599 | INFO     | src.models.evaluation:evaluate_tsb_ad_nonoverlapping:83 - {'AUC-PR': 0.023962933687072602, 'AUC-ROC': 0.32011814003596245, 'VUS-PR': np.float64(0.029533836160054262), 'VUS-ROC': np.float64(0.3978841552310605), 'Standard-F1': np.float64(0.06344416239149345), 'PA-F1': 0.5565098457268137, 'Event-based-F1': np.float64(0.04772736422561289), 'R-based-F1': 0.23218511352704327, 'Affiliation-F': 0.6848463890365674}
2026-02-09 03:54:27.870 | INFO     | src.pipelines.train_vision_backbones:run_pipeline:170 - Train images: 3999
2026-02-09 03:54:27.870 | INFO     | src.pipelines.train_vision_backbones:run_pipeline:171 - Test images: 59999
2026-02-09 03:54:28.071 | INFO     | src.pipelines.train_vision_backbones:run_pipeline:176 - Training resnet18_autoencoder_progressive_unfreeze on MTF
2026-02-09 03:54:28.084 | INFO     | src.models.resnet18_autoencoder.training:train_autoencoder_progressive_unfreeze:133 - Device: cuda | Model on: cuda:0
2026-02-09 03:58:03.995 | INFO     | src.pipelines.train_vision_backbones:run_pipeline:193 - Evaluating resnet18_autoencoder_progressive_unfreeze on MTF
2026-02-09 03:58:57.314 | INFO     | src.models.evaluation:evaluate_tsb_ad_nonoverlapping:65 - Normal (580343) reconstruction error: mean=0.0565, std=0.0963
2026-02-09 03:58:57.314 | INFO     | src.models.evaluation:evaluate_tsb_ad_nonoverlapping:66 - Anomaly (19657) reconstruction error: mean=0.0351, std=0.0845
2026-02-09 03:58:57.314 | INFO     | src.models.evaluation:evaluate_tsb_ad_nonoverlapping:67 - Overlap? Normal max=1.0000, Anomaly min=0.0000
2026-02-09 04:01:19.657 | INFO     | src.models.evaluation:evaluate_tsb_ad_nonoverlapping:83 - {'AUC-PR': 0.024579411941797576, 'AUC-ROC': 0.3239851626791215, 'VUS-PR': np.float64(0.029972189940397635), 'VUS-ROC': np.float64(0.39973748501068046), 'Standard-F1': np.float64(0.06344416239149345), 'PA-F1': 0.6221180980778447, 'Event-based-F1': np.float64(0.0694020078568308), 'R-based-F1': 0.746296665674784, 'Affiliation-F': 0.6973512607525226}
2026-02-09 04:01:19.931 | INFO     | src.pipelines.train_vision_backbones:run_pipeline:170 - Train images: 3999
2026-02-09 04:01:19.931 | INFO     | src.pipelines.train_vision_backbones:run_pipeline:171 - Test images: 59999
2026-02-09 04:01:20.131 | INFO     | src.pipelines.train_vision_backbones:run_pipeline:176 - Training resnet18_autoencoder_differential_lr on MTF
2026-02-09 04:01:20.144 | INFO     | src.models.resnet18_autoencoder.training:train_autoencoder_differential_lr:271 - Device: cuda | Model on: cuda:0
2026-02-09 04:03:24.448 | INFO     | src.pipelines.train_vision_backbones:run_pipeline:193 - Evaluating resnet18_autoencoder_differential_lr on MTF
2026-02-09 04:04:17.712 | INFO     | src.models.evaluation:evaluate_tsb_ad_nonoverlapping:65 - Normal (580343) reconstruction error: mean=0.0470, std=0.0887
2026-02-09 04:04:17.712 | INFO     | src.models.evaluation:evaluate_tsb_ad_nonoverlapping:66 - Anomaly (19657) reconstruction error: mean=0.0292, std=0.0752
2026-02-09 04:04:17.712 | INFO     | src.models.evaluation:evaluate_tsb_ad_nonoverlapping:67 - Overlap? Normal max=1.0000, Anomaly min=0.0000
2026-02-09 04:06:30.802 | INFO     | src.models.evaluation:evaluate_tsb_ad_nonoverlapping:83 - {'AUC-PR': 0.024443846070927484, 'AUC-ROC': 0.32375731073007613, 'VUS-PR': np.float64(0.029760870098464304), 'VUS-ROC': np.float64(0.39911499460934263), 'Standard-F1': np.float64(0.06344416239149345), 'PA-F1': 0.5894297842762456, 'Event-based-F1': np.float64(0.06326337248622756), 'R-based-F1': 0.746296665674784, 'Affiliation-F': 0.6973512607525226}
2026-02-09 04:06:31.079 | INFO     | src.pipelines.train_vision_backbones:run_pipeline:170 - Train images: 3999
2026-02-09 04:06:31.079 | INFO     | src.pipelines.train_vision_backbones:run_pipeline:171 - Test images: 59999
2026-02-09 04:06:32.058 | INFO     | src.pipelines.train_vision_backbones:run_pipeline:176 - Training pvt_autoencoder_frozen on MTF
2026-02-09 04:06:32.081 | INFO     | src.models.pvt_autoencoder.training:train_pvt_autoencoder_frozen:24 - Device: cuda | Model on: cuda:0
2026-02-09 04:08:40.148 | INFO     | src.pipelines.train_vision_backbones:run_pipeline:193 - Evaluating pvt_autoencoder_frozen on MTF
2026-02-09 04:09:39.064 | INFO     | src.models.evaluation:evaluate_tsb_ad_nonoverlapping:65 - Normal (580343) reconstruction error: mean=0.0186, std=0.0263
2026-02-09 04:09:39.065 | INFO     | src.models.evaluation:evaluate_tsb_ad_nonoverlapping:66 - Anomaly (19657) reconstruction error: mean=0.0114, std=0.0226
2026-02-09 04:09:39.065 | INFO     | src.models.evaluation:evaluate_tsb_ad_nonoverlapping:67 - Overlap? Normal max=1.0000, Anomaly min=0.0000
2026-02-09 04:11:19.010 | INFO     | src.models.evaluation:evaluate_tsb_ad_nonoverlapping:83 - {'AUC-PR': 0.024502957090006616, 'AUC-ROC': 0.3236517329892508, 'VUS-PR': np.float64(0.030055694937919316), 'VUS-ROC': np.float64(0.40045790903753575), 'Standard-F1': np.float64(0.06344416239149345), 'PA-F1': 0.537769206043073, 'Event-based-F1': np.float64(0.06326337248622756), 'R-based-F1': 0.746296665674784, 'Affiliation-F': 0.6973512607525226}
2026-02-09 04:11:19.281 | INFO     | src.pipelines.train_vision_backbones:run_pipeline:170 - Train images: 3999
2026-02-09 04:11:19.281 | INFO     | src.pipelines.train_vision_backbones:run_pipeline:171 - Test images: 59999
2026-02-09 04:11:20.210 | INFO     | src.pipelines.train_vision_backbones:run_pipeline:176 - Training pvt_autoencoder_progressive_unfreeze on MTF
2026-02-09 04:11:20.233 | INFO     | src.models.pvt_autoencoder.training:train_pvt_autoencoder_progressive_unfreeze:132 - Device: cuda | Model on: cuda:0
2026-02-09 04:14:39.899 | INFO     | src.pipelines.train_vision_backbones:run_pipeline:193 - Evaluating pvt_autoencoder_progressive_unfreeze on MTF
2026-02-09 04:15:37.181 | INFO     | src.models.evaluation:evaluate_tsb_ad_nonoverlapping:65 - Normal (580343) reconstruction error: mean=0.0199, std=0.0352
2026-02-09 04:15:37.182 | INFO     | src.models.evaluation:evaluate_tsb_ad_nonoverlapping:66 - Anomaly (19657) reconstruction error: mean=0.0124, std=0.0307
2026-02-09 04:15:37.182 | INFO     | src.models.evaluation:evaluate_tsb_ad_nonoverlapping:67 - Overlap? Normal max=1.0000, Anomaly min=0.0000
2026-02-09 04:17:20.932 | INFO     | src.models.evaluation:evaluate_tsb_ad_nonoverlapping:83 - {'AUC-PR': 0.024587217792812747, 'AUC-ROC': 0.3236607943313762, 'VUS-PR': np.float64(0.029887155387296215), 'VUS-ROC': np.float64(0.39901038514765136), 'Standard-F1': np.float64(0.06344416239149345), 'PA-F1': 0.5691368431808312, 'Event-based-F1': np.float64(0.0555555555555554), 'R-based-F1': 0.23218511352704327, 'Affiliation-F': 0.6848463890365674}
2026-02-09 04:17:21.212 | INFO     | src.pipelines.train_vision_backbones:run_pipeline:170 - Train images: 3999
2026-02-09 04:17:21.212 | INFO     | src.pipelines.train_vision_backbones:run_pipeline:171 - Test images: 59999
2026-02-09 04:17:22.148 | INFO     | src.pipelines.train_vision_backbones:run_pipeline:176 - Training pvt_autoencoder_differential_lr on MTF
2026-02-09 04:17:22.171 | INFO     | src.models.pvt_autoencoder.training:train_pvt_autoencoder_differential_lr:267 - Device: cuda | Model on: cuda:0
2026-02-09 04:20:32.962 | INFO     | src.pipelines.train_vision_backbones:run_pipeline:193 - Evaluating pvt_autoencoder_differential_lr on MTF
2026-02-09 04:21:31.438 | INFO     | src.models.evaluation:evaluate_tsb_ad_nonoverlapping:65 - Normal (580343) reconstruction error: mean=0.0294, std=0.0569
2026-02-09 04:21:31.438 | INFO     | src.models.evaluation:evaluate_tsb_ad_nonoverlapping:66 - Anomaly (19657) reconstruction error: mean=0.0183, std=0.0485
2026-02-09 04:21:31.438 | INFO     | src.models.evaluation:evaluate_tsb_ad_nonoverlapping:67 - Overlap? Normal max=1.0000, Anomaly min=0.0000
2026-02-09 04:23:25.347 | INFO     | src.models.evaluation:evaluate_tsb_ad_nonoverlapping:83 - {'AUC-PR': 0.024475396163919534, 'AUC-ROC': 0.3239102981282008, 'VUS-PR': np.float64(0.02979179664474863), 'VUS-ROC': np.float64(0.3989958713954405), 'Standard-F1': np.float64(0.06344416239149345), 'PA-F1': 0.562874251497006, 'Event-based-F1': np.float64(0.0691642651296827), 'R-based-F1': 0.23218511352704327, 'Affiliation-F': 0.6848463890365674}
2026-02-09 04:23:39.627 | INFO     | src.pipelines.train_vision_backbones:run_pipeline:70 - Using zip: /net/scratch/hscra/plgrid/plgsmendowski12/ts2i_images/MITDB/171_MITDB_id_2_Medical_tr_50000_1st_88864_ts2i_RP.zip for transformation RP
2026-02-09 04:25:17.391 | INFO     | src.pipelines.train_vision_backbones:run_pipeline:170 - Train images: 3999
2026-02-09 04:25:17.392 | INFO     | src.pipelines.train_vision_backbones:run_pipeline:171 - Test images: 59999
2026-02-09 04:25:17.398 | INFO     | src.pipelines.train_vision_backbones:run_pipeline:176 - Training cnn_autoencoder on RP
2026-02-09 04:25:17.403 | INFO     | src.models.cnn_autoencoder.training:train_autoencoder:22 - Device: cuda | Model on: cuda:0
2026-02-09 04:27:34.845 | INFO     | src.pipelines.train_vision_backbones:run_pipeline:193 - Evaluating cnn_autoencoder on RP
2026-02-09 04:28:21.763 | INFO     | src.models.evaluation:evaluate_tsb_ad_nonoverlapping:65 - Normal (580343) reconstruction error: mean=0.0799, std=0.2711
2026-02-09 04:28:21.763 | INFO     | src.models.evaluation:evaluate_tsb_ad_nonoverlapping:66 - Anomaly (19657) reconstruction error: mean=0.2871, std=0.4524
2026-02-09 04:28:21.763 | INFO     | src.models.evaluation:evaluate_tsb_ad_nonoverlapping:67 - Overlap? Normal max=1.0000, Anomaly min=0.0000
2026-02-09 04:31:12.717 | INFO     | src.models.evaluation:evaluate_tsb_ad_nonoverlapping:83 - {'AUC-PR': 0.05390233108703987, 'AUC-ROC': 0.5979341288203566, 'VUS-PR': np.float64(0.06157205604027081), 'VUS-ROC': np.float64(0.6100855226762855), 'Standard-F1': np.float64(0.15749633271920954), 'PA-F1': 0.45889507534638324, 'Event-based-F1': np.float64(0.19579133632878212), 'R-based-F1': 0.8271626991552752, 'Affiliation-F': 0.7335394317161305}
2026-02-09 04:31:13.061 | INFO     | src.pipelines.train_vision_backbones:run_pipeline:170 - Train images: 3999
2026-02-09 04:31:13.061 | INFO     | src.pipelines.train_vision_backbones:run_pipeline:171 - Test images: 59999
2026-02-09 04:31:13.274 | INFO     | src.pipelines.train_vision_backbones:run_pipeline:176 - Training resnet18_autoencoder_frozen on RP
2026-02-09 04:31:13.287 | INFO     | src.models.resnet18_autoencoder.training:train_autoencoder_frozen:25 - Device: cuda | Model on: cuda:0
2026-02-09 04:32:15.442 | INFO     | src.pipelines.train_vision_backbones:run_pipeline:193 - Evaluating resnet18_autoencoder_frozen on RP
2026-02-09 04:33:06.387 | INFO     | src.models.evaluation:evaluate_tsb_ad_nonoverlapping:65 - Normal (580343) reconstruction error: mean=0.0798, std=0.2707
2026-02-09 04:33:06.387 | INFO     | src.models.evaluation:evaluate_tsb_ad_nonoverlapping:66 - Anomaly (19657) reconstruction error: mean=0.2866, std=0.4517
2026-02-09 04:33:06.387 | INFO     | src.models.evaluation:evaluate_tsb_ad_nonoverlapping:67 - Overlap? Normal max=0.9985, Anomaly min=0.0000
2026-02-09 04:35:49.564 | INFO     | src.models.evaluation:evaluate_tsb_ad_nonoverlapping:83 - {'AUC-PR': 0.05864205889160647, 'AUC-ROC': 0.6092605548947593, 'VUS-PR': np.float64(0.06258182238667569), 'VUS-ROC': np.float64(0.6123065040529779), 'Standard-F1': np.float64(0.1635355349094569), 'PA-F1': 0.45889507534638324, 'Event-based-F1': np.float64(0.20230905555842307), 'R-based-F1': 0.12390885591402019, 'Affiliation-F': 0.73423560595298}
2026-02-09 04:35:49.838 | INFO     | src.pipelines.train_vision_backbones:run_pipeline:170 - Train images: 3999
2026-02-09 04:35:49.838 | INFO     | src.pipelines.train_vision_backbones:run_pipeline:171 - Test images: 59999
2026-02-09 04:35:50.040 | INFO     | src.pipelines.train_vision_backbones:run_pipeline:176 - Training resnet18_autoencoder_progressive_unfreeze on RP
2026-02-09 04:35:50.052 | INFO     | src.models.resnet18_autoencoder.training:train_autoencoder_progressive_unfreeze:133 - Device: cuda | Model on: cuda:0
2026-02-09 04:36:59.439 | INFO     | src.pipelines.train_vision_backbones:run_pipeline:193 - Evaluating resnet18_autoencoder_progressive_unfreeze on RP
2026-02-09 04:37:49.452 | INFO     | src.models.evaluation:evaluate_tsb_ad_nonoverlapping:65 - Normal (580343) reconstruction error: mean=0.0796, std=0.2700
2026-02-09 04:37:49.452 | INFO     | src.models.evaluation:evaluate_tsb_ad_nonoverlapping:66 - Anomaly (19657) reconstruction error: mean=0.2859, std=0.4506
2026-02-09 04:37:49.452 | INFO     | src.models.evaluation:evaluate_tsb_ad_nonoverlapping:67 - Overlap? Normal max=0.9959, Anomaly min=0.0000
2026-02-09 04:40:41.040 | INFO     | src.models.evaluation:evaluate_tsb_ad_nonoverlapping:83 - {'AUC-PR': 0.057417651870554344, 'AUC-ROC': 0.5982185823811877, 'VUS-PR': np.float64(0.062313743516810814), 'VUS-ROC': np.float64(0.612128606947619), 'Standard-F1': np.float64(0.15749633271920954), 'PA-F1': 0.45889507534638324, 'Event-based-F1': np.float64(0.19579133632878212), 'R-based-F1': 0.8271626991552752, 'Affiliation-F': 0.7335394317161305}
2026-02-09 04:40:41.353 | INFO     | src.pipelines.train_vision_backbones:run_pipeline:170 - Train images: 3999
2026-02-09 04:40:41.353 | INFO     | src.pipelines.train_vision_backbones:run_pipeline:171 - Test images: 59999
2026-02-09 04:40:41.583 | INFO     | src.pipelines.train_vision_backbones:run_pipeline:176 - Training resnet18_autoencoder_differential_lr on RP
2026-02-09 04:40:41.601 | INFO     | src.models.resnet18_autoencoder.training:train_autoencoder_differential_lr:271 - Device: cuda | Model on: cuda:0
2026-02-09 04:41:38.877 | INFO     | src.pipelines.train_vision_backbones:run_pipeline:193 - Evaluating resnet18_autoencoder_differential_lr on RP
2026-02-09 04:42:30.568 | INFO     | src.models.evaluation:evaluate_tsb_ad_nonoverlapping:65 - Normal (580343) reconstruction error: mean=0.0798, std=0.2708
2026-02-09 04:42:30.568 | INFO     | src.models.evaluation:evaluate_tsb_ad_nonoverlapping:66 - Anomaly (19657) reconstruction error: mean=0.2867, std=0.4519
2026-02-09 04:42:30.568 | INFO     | src.models.evaluation:evaluate_tsb_ad_nonoverlapping:67 - Overlap? Normal max=0.9988, Anomaly min=0.0000
2026-02-09 04:45:20.795 | INFO     | src.models.evaluation:evaluate_tsb_ad_nonoverlapping:83 - {'AUC-PR': 0.057417651870554344, 'AUC-ROC': 0.5982185823811877, 'VUS-PR': np.float64(0.062313743516810814), 'VUS-ROC': np.float64(0.612128606947619), 'Standard-F1': np.float64(0.15749633271920954), 'PA-F1': 0.45889507534638324, 'Event-based-F1': np.float64(0.19579133632878212), 'R-based-F1': 0.8271626991552752, 'Affiliation-F': 0.7335394317161305}
2026-02-09 04:45:21.069 | INFO     | src.pipelines.train_vision_backbones:run_pipeline:170 - Train images: 3999
2026-02-09 04:45:21.069 | INFO     | src.pipelines.train_vision_backbones:run_pipeline:171 - Test images: 59999
2026-02-09 04:45:22.053 | INFO     | src.pipelines.train_vision_backbones:run_pipeline:176 - Training pvt_autoencoder_frozen on RP
2026-02-09 04:45:22.076 | INFO     | src.models.pvt_autoencoder.training:train_pvt_autoencoder_frozen:24 - Device: cuda | Model on: cuda:0
2026-02-09 04:46:25.914 | INFO     | src.pipelines.train_vision_backbones:run_pipeline:193 - Evaluating pvt_autoencoder_frozen on RP
2026-02-09 04:47:22.354 | INFO     | src.models.evaluation:evaluate_tsb_ad_nonoverlapping:65 - Normal (580343) reconstruction error: mean=0.0799, std=0.2711
2026-02-09 04:47:22.354 | INFO     | src.models.evaluation:evaluate_tsb_ad_nonoverlapping:66 - Anomaly (19657) reconstruction error: mean=0.2871, std=0.4524
2026-02-09 04:47:22.355 | INFO     | src.models.evaluation:evaluate_tsb_ad_nonoverlapping:67 - Overlap? Normal max=1.0000, Anomaly min=0.0000
2026-02-09 04:50:12.260 | INFO     | src.models.evaluation:evaluate_tsb_ad_nonoverlapping:83 - {'AUC-PR': 0.05390233108703987, 'AUC-ROC': 0.5979341288203566, 'VUS-PR': np.float64(0.06157205604027081), 'VUS-ROC': np.float64(0.6100855226762855), 'Standard-F1': np.float64(0.15749633271920954), 'PA-F1': 0.45889507534638324, 'Event-based-F1': np.float64(0.19579133632878212), 'R-based-F1': 0.8271626991552752, 'Affiliation-F': 0.7335394317161305}
2026-02-09 04:50:12.533 | INFO     | src.pipelines.train_vision_backbones:run_pipeline:170 - Train images: 3999
2026-02-09 04:50:12.533 | INFO     | src.pipelines.train_vision_backbones:run_pipeline:171 - Test images: 59999
2026-02-09 04:50:13.496 | INFO     | src.pipelines.train_vision_backbones:run_pipeline:176 - Training pvt_autoencoder_progressive_unfreeze on RP
2026-02-09 04:50:13.519 | INFO     | src.models.pvt_autoencoder.training:train_pvt_autoencoder_progressive_unfreeze:132 - Device: cuda | Model on: cuda:0
2026-02-09 04:51:37.752 | INFO     | src.pipelines.train_vision_backbones:run_pipeline:193 - Evaluating pvt_autoencoder_progressive_unfreeze on RP
2026-02-09 04:52:34.385 | INFO     | src.models.evaluation:evaluate_tsb_ad_nonoverlapping:65 - Normal (580343) reconstruction error: mean=0.0799, std=0.2711
2026-02-09 04:52:34.385 | INFO     | src.models.evaluation:evaluate_tsb_ad_nonoverlapping:66 - Anomaly (19657) reconstruction error: mean=0.2871, std=0.4524
2026-02-09 04:52:34.385 | INFO     | src.models.evaluation:evaluate_tsb_ad_nonoverlapping:67 - Overlap? Normal max=1.0000, Anomaly min=0.0000
2026-02-09 04:55:18.097 | INFO     | src.models.evaluation:evaluate_tsb_ad_nonoverlapping:83 - {'AUC-PR': 0.05864205889160647, 'AUC-ROC': 0.6092605548947593, 'VUS-PR': np.float64(0.06258182238667569), 'VUS-ROC': np.float64(0.6123065040529779), 'Standard-F1': np.float64(0.1635355349094569), 'PA-F1': 0.45889507534638324, 'Event-based-F1': np.float64(0.20230905555842307), 'R-based-F1': 0.12390885591402019, 'Affiliation-F': 0.73423560595298}
2026-02-09 04:55:18.370 | INFO     | src.pipelines.train_vision_backbones:run_pipeline:170 - Train images: 3999
2026-02-09 04:55:18.370 | INFO     | src.pipelines.train_vision_backbones:run_pipeline:171 - Test images: 59999
2026-02-09 04:55:19.336 | INFO     | src.pipelines.train_vision_backbones:run_pipeline:176 - Training pvt_autoencoder_differential_lr on RP
2026-02-09 04:55:19.359 | INFO     | src.models.pvt_autoencoder.training:train_pvt_autoencoder_differential_lr:267 - Device: cuda | Model on: cuda:0
2026-02-09 04:57:00.814 | INFO     | src.pipelines.train_vision_backbones:run_pipeline:193 - Evaluating pvt_autoencoder_differential_lr on RP
2026-02-09 04:57:57.455 | INFO     | src.models.evaluation:evaluate_tsb_ad_nonoverlapping:65 - Normal (580343) reconstruction error: mean=0.0799, std=0.2711
2026-02-09 04:57:57.456 | INFO     | src.models.evaluation:evaluate_tsb_ad_nonoverlapping:66 - Anomaly (19657) reconstruction error: mean=0.2871, std=0.4524
2026-02-09 04:57:57.456 | INFO     | src.models.evaluation:evaluate_tsb_ad_nonoverlapping:67 - Overlap? Normal max=1.0000, Anomaly min=0.0000
2026-02-09 05:00:43.005 | INFO     | src.models.evaluation:evaluate_tsb_ad_nonoverlapping:83 - {'AUC-PR': 0.055126738108092, 'AUC-ROC': 0.6089761013339281, 'VUS-PR': np.float64(0.06184170641374076), 'VUS-ROC': np.float64(0.6102634121434631), 'Standard-F1': np.float64(0.1635355349094569), 'PA-F1': 0.45889507534638324, 'Event-based-F1': np.float64(0.20230905555842307), 'R-based-F1': 0.12390885591402019, 'Affiliation-F': 0.73423560595298}
2026-02-09 05:00:57.584 | INFO     | src.pipelines.train_vision_backbones:run_pipeline:70 - Using zip: /net/scratch/hscra/plgrid/plgsmendowski12/ts2i_images/MITDB/171_MITDB_id_2_Medical_tr_50000_1st_88864_ts2i_RWT.zip for transformation RWT
2026-02-09 05:02:33.259 | INFO     | src.pipelines.train_vision_backbones:run_pipeline:170 - Train images: 3999
2026-02-09 05:02:33.259 | INFO     | src.pipelines.train_vision_backbones:run_pipeline:171 - Test images: 59999
2026-02-09 05:02:33.265 | INFO     | src.pipelines.train_vision_backbones:run_pipeline:176 - Training cnn_autoencoder on RWT
2026-02-09 05:02:33.270 | INFO     | src.models.cnn_autoencoder.training:train_autoencoder:22 - Device: cuda | Model on: cuda:0
2026-02-09 05:04:10.568 | INFO     | src.pipelines.train_vision_backbones:run_pipeline:193 - Evaluating cnn_autoencoder on RWT
2026-02-09 05:04:59.041 | INFO     | src.models.evaluation:evaluate_tsb_ad_nonoverlapping:65 - Normal (580343) reconstruction error: mean=0.0010, std=0.0210
2026-02-09 05:04:59.041 | INFO     | src.models.evaluation:evaluate_tsb_ad_nonoverlapping:66 - Anomaly (19657) reconstruction error: mean=0.0129, std=0.0754
2026-02-09 05:04:59.041 | INFO     | src.models.evaluation:evaluate_tsb_ad_nonoverlapping:67 - Overlap? Normal max=1.0000, Anomaly min=0.0000
2026-02-09 05:06:30.319 | INFO     | src.models.evaluation:evaluate_tsb_ad_nonoverlapping:83 - {'AUC-PR': 0.08660073838161131, 'AUC-ROC': 0.7042326951602355, 'VUS-PR': np.float64(0.09314715539899225), 'VUS-ROC': np.float64(0.7583045243014737), 'Standard-F1': np.float64(0.16928121685764533), 'PA-F1': 0.8397636426833507, 'Event-based-F1': np.float64(0.4395024500565393), 'R-based-F1': 0.20378002893961317, 'Affiliation-F': 0.7432053548979999}
2026-02-09 05:06:30.591 | INFO     | src.pipelines.train_vision_backbones:run_pipeline:170 - Train images: 3999
2026-02-09 05:06:30.591 | INFO     | src.pipelines.train_vision_backbones:run_pipeline:171 - Test images: 59999
2026-02-09 05:06:30.802 | INFO     | src.pipelines.train_vision_backbones:run_pipeline:176 - Training resnet18_autoencoder_frozen on RWT
2026-02-09 05:06:30.815 | INFO     | src.models.resnet18_autoencoder.training:train_autoencoder_frozen:25 - Device: cuda | Model on: cuda:0
2026-02-09 05:07:11.339 | INFO     | src.pipelines.train_vision_backbones:run_pipeline:193 - Evaluating resnet18_autoencoder_frozen on RWT
2026-02-09 05:08:04.251 | INFO     | src.models.evaluation:evaluate_tsb_ad_nonoverlapping:65 - Normal (580343) reconstruction error: mean=0.0018, std=0.0252
2026-02-09 05:08:04.251 | INFO     | src.models.evaluation:evaluate_tsb_ad_nonoverlapping:66 - Anomaly (19657) reconstruction error: mean=0.0219, std=0.0992
2026-02-09 05:08:04.252 | INFO     | src.models.evaluation:evaluate_tsb_ad_nonoverlapping:67 - Overlap? Normal max=1.0000, Anomaly min=0.0000
2026-02-09 05:09:30.378 | INFO     | src.models.evaluation:evaluate_tsb_ad_nonoverlapping:83 - {'AUC-PR': 0.10817448377460535, 'AUC-ROC': 0.7169339289773956, 'VUS-PR': np.float64(0.11573938458442755), 'VUS-ROC': np.float64(0.7697876741506333), 'Standard-F1': np.float64(0.1907492643191841), 'PA-F1': 0.8629313583427253, 'Event-based-F1': np.float64(0.489021213248976), 'R-based-F1': 0.2197355313115096, 'Affiliation-F': 0.7829875126519158}
2026-02-09 05:09:30.647 | INFO     | src.pipelines.train_vision_backbones:run_pipeline:170 - Train images: 3999
2026-02-09 05:09:30.647 | INFO     | src.pipelines.train_vision_backbones:run_pipeline:171 - Test images: 59999
2026-02-09 05:09:30.848 | INFO     | src.pipelines.train_vision_backbones:run_pipeline:176 - Training resnet18_autoencoder_progressive_unfreeze on RWT
2026-02-09 05:09:30.861 | INFO     | src.models.resnet18_autoencoder.training:train_autoencoder_progressive_unfreeze:133 - Device: cuda | Model on: cuda:0
2026-02-09 05:10:30.160 | INFO     | src.pipelines.train_vision_backbones:run_pipeline:193 - Evaluating resnet18_autoencoder_progressive_unfreeze on RWT
2026-02-09 05:11:23.252 | INFO     | src.models.evaluation:evaluate_tsb_ad_nonoverlapping:65 - Normal (580343) reconstruction error: mean=0.0017, std=0.0257
2026-02-09 05:11:23.253 | INFO     | src.models.evaluation:evaluate_tsb_ad_nonoverlapping:66 - Anomaly (19657) reconstruction error: mean=0.0231, std=0.1059
2026-02-09 05:11:23.253 | INFO     | src.models.evaluation:evaluate_tsb_ad_nonoverlapping:67 - Overlap? Normal max=1.0000, Anomaly min=0.0000
2026-02-09 05:12:49.180 | INFO     | src.models.evaluation:evaluate_tsb_ad_nonoverlapping:83 - {'AUC-PR': 0.12062441110880999, 'AUC-ROC': 0.7249589961361, 'VUS-PR': np.float64(0.1278969372181814), 'VUS-ROC': np.float64(0.7757650951601894), 'Standard-F1': np.float64(0.22096726031880481), 'PA-F1': 0.8687594553706506, 'Event-based-F1': np.float64(0.5077007700770072), 'R-based-F1': 0.22401124588414517, 'Affiliation-F': 0.7788755589195993}
2026-02-09 05:12:49.453 | INFO     | src.pipelines.train_vision_backbones:run_pipeline:170 - Train images: 3999
2026-02-09 05:12:49.454 | INFO     | src.pipelines.train_vision_backbones:run_pipeline:171 - Test images: 59999
2026-02-09 05:12:49.654 | INFO     | src.pipelines.train_vision_backbones:run_pipeline:176 - Training resnet18_autoencoder_differential_lr on RWT
2026-02-09 05:12:49.667 | INFO     | src.models.resnet18_autoencoder.training:train_autoencoder_differential_lr:271 - Device: cuda | Model on: cuda:0
2026-02-09 05:13:37.939 | INFO     | src.pipelines.train_vision_backbones:run_pipeline:193 - Evaluating resnet18_autoencoder_differential_lr on RWT
2026-02-09 05:14:30.181 | INFO     | src.models.evaluation:evaluate_tsb_ad_nonoverlapping:65 - Normal (580343) reconstruction error: mean=0.0012, std=0.0196
2026-02-09 05:14:30.181 | INFO     | src.models.evaluation:evaluate_tsb_ad_nonoverlapping:66 - Anomaly (19657) reconstruction error: mean=0.0130, std=0.0698
2026-02-09 05:14:30.181 | INFO     | src.models.evaluation:evaluate_tsb_ad_nonoverlapping:67 - Overlap? Normal max=1.0000, Anomaly min=0.0000
2026-02-09 05:15:56.674 | INFO     | src.models.evaluation:evaluate_tsb_ad_nonoverlapping:83 - {'AUC-PR': 0.10676843685994182, 'AUC-ROC': 0.7123531045212795, 'VUS-PR': np.float64(0.11414013909314354), 'VUS-ROC': np.float64(0.7655536787452178), 'Standard-F1': np.float64(0.19090169986020936), 'PA-F1': 0.8393148232275994, 'Event-based-F1': np.float64(0.4180327868852455), 'R-based-F1': 0.20152326203442342, 'Affiliation-F': 0.7667828541574095}
2026-02-09 05:15:57.118 | INFO     | src.pipelines.train_vision_backbones:run_pipeline:170 - Train images: 3999
2026-02-09 05:15:57.119 | INFO     | src.pipelines.train_vision_backbones:run_pipeline:171 - Test images: 59999
2026-02-09 05:15:58.057 | INFO     | src.pipelines.train_vision_backbones:run_pipeline:176 - Training pvt_autoencoder_frozen on RWT
2026-02-09 05:15:58.079 | INFO     | src.models.pvt_autoencoder.training:train_pvt_autoencoder_frozen:24 - Device: cuda | Model on: cuda:0
2026-02-09 05:16:52.916 | INFO     | src.pipelines.train_vision_backbones:run_pipeline:193 - Evaluating pvt_autoencoder_frozen on RWT
2026-02-09 05:17:51.300 | INFO     | src.models.evaluation:evaluate_tsb_ad_nonoverlapping:65 - Normal (580343) reconstruction error: mean=0.0013, std=0.0230
2026-02-09 05:17:51.300 | INFO     | src.models.evaluation:evaluate_tsb_ad_nonoverlapping:66 - Anomaly (19657) reconstruction error: mean=0.0176, std=0.0968
2026-02-09 05:17:51.300 | INFO     | src.models.evaluation:evaluate_tsb_ad_nonoverlapping:67 - Overlap? Normal max=1.0000, Anomaly min=0.0000
2026-02-09 05:19:17.460 | INFO     | src.models.evaluation:evaluate_tsb_ad_nonoverlapping:83 - {'AUC-PR': 0.0901369585493679, 'AUC-ROC': 0.7087357658148122, 'VUS-PR': np.float64(0.09565402008900503), 'VUS-ROC': np.float64(0.7634384061592135), 'Standard-F1': np.float64(0.16945259709488047), 'PA-F1': 0.8458700277396246, 'Event-based-F1': np.float64(0.44979919678714814), 'R-based-F1': 0.20749689799822726, 'Affiliation-F': 0.7492462936809258}
2026-02-09 05:19:17.732 | INFO     | src.pipelines.train_vision_backbones:run_pipeline:170 - Train images: 3999
2026-02-09 05:19:17.732 | INFO     | src.pipelines.train_vision_backbones:run_pipeline:171 - Test images: 59999
2026-02-09 05:19:18.688 | INFO     | src.pipelines.train_vision_backbones:run_pipeline:176 - Training pvt_autoencoder_progressive_unfreeze on RWT
2026-02-09 05:19:18.710 | INFO     | src.models.pvt_autoencoder.training:train_pvt_autoencoder_progressive_unfreeze:132 - Device: cuda | Model on: cuda:0
2026-02-09 05:20:28.752 | INFO     | src.pipelines.train_vision_backbones:run_pipeline:193 - Evaluating pvt_autoencoder_progressive_unfreeze on RWT
2026-02-09 05:21:26.836 | INFO     | src.models.evaluation:evaluate_tsb_ad_nonoverlapping:65 - Normal (580343) reconstruction error: mean=0.0013, std=0.0229
2026-02-09 05:21:26.836 | INFO     | src.models.evaluation:evaluate_tsb_ad_nonoverlapping:66 - Anomaly (19657) reconstruction error: mean=0.0171, std=0.0965
2026-02-09 05:21:26.836 | INFO     | src.models.evaluation:evaluate_tsb_ad_nonoverlapping:67 - Overlap? Normal max=1.0000, Anomaly min=0.0000
2026-02-09 05:22:52.865 | INFO     | src.models.evaluation:evaluate_tsb_ad_nonoverlapping:83 - {'AUC-PR': 0.09010471216199727, 'AUC-ROC': 0.7084826447568595, 'VUS-PR': np.float64(0.09527437114170607), 'VUS-ROC': np.float64(0.7629727145535555), 'Standard-F1': np.float64(0.16433289661443956), 'PA-F1': 0.8420149593844669, 'Event-based-F1': np.float64(0.43888354186717954), 'R-based-F1': 0.20628028475041657, 'Affiliation-F': 0.745564416038633}
2026-02-09 05:22:53.140 | INFO     | src.pipelines.train_vision_backbones:run_pipeline:170 - Train images: 3999
2026-02-09 05:22:53.140 | INFO     | src.pipelines.train_vision_backbones:run_pipeline:171 - Test images: 59999
2026-02-09 05:22:54.073 | INFO     | src.pipelines.train_vision_backbones:run_pipeline:176 - Training pvt_autoencoder_differential_lr on RWT
2026-02-09 05:22:54.096 | INFO     | src.models.pvt_autoencoder.training:train_pvt_autoencoder_differential_lr:267 - Device: cuda | Model on: cuda:0
2026-02-09 05:24:22.349 | INFO     | src.pipelines.train_vision_backbones:run_pipeline:193 - Evaluating pvt_autoencoder_differential_lr on RWT
2026-02-09 05:25:20.786 | INFO     | src.models.evaluation:evaluate_tsb_ad_nonoverlapping:65 - Normal (580343) reconstruction error: mean=0.0012, std=0.0218
2026-02-09 05:25:20.787 | INFO     | src.models.evaluation:evaluate_tsb_ad_nonoverlapping:66 - Anomaly (19657) reconstruction error: mean=0.0155, std=0.0854
2026-02-09 05:25:20.787 | INFO     | src.models.evaluation:evaluate_tsb_ad_nonoverlapping:67 - Overlap? Normal max=1.0000, Anomaly min=0.0000
2026-02-09 05:26:46.586 | INFO     | src.models.evaluation:evaluate_tsb_ad_nonoverlapping:83 - {'AUC-PR': 0.10069591636232991, 'AUC-ROC': 0.6997887327352066, 'VUS-PR': np.float64(0.10618432207945323), 'VUS-ROC': np.float64(0.7499052747114486), 'Standard-F1': np.float64(0.18374922902886792), 'PA-F1': 0.849071395744911, 'Event-based-F1': np.float64(0.4499523355576735), 'R-based-F1': 0.20946679227591186, 'Affiliation-F': 0.7504280673218788}
2026-02-09 05:27:00.143 | INFO     | src.pipelines.train_vision_backbones:run_pipeline:70 - Using zip: /net/scratch/hscra/plgrid/plgsmendowski12/ts2i_images/MITDB/171_MITDB_id_2_Medical_tr_50000_1st_88864_ts2i_MWT.zip for transformation MWT
2026-02-09 05:28:38.890 | INFO     | src.pipelines.train_vision_backbones:run_pipeline:170 - Train images: 3999
2026-02-09 05:28:38.891 | INFO     | src.pipelines.train_vision_backbones:run_pipeline:171 - Test images: 59999
2026-02-09 05:28:38.897 | INFO     | src.pipelines.train_vision_backbones:run_pipeline:176 - Training cnn_autoencoder on MWT
2026-02-09 05:28:38.902 | INFO     | src.models.cnn_autoencoder.training:train_autoencoder:22 - Device: cuda | Model on: cuda:0
2026-02-09 05:30:22.994 | INFO     | src.pipelines.train_vision_backbones:run_pipeline:193 - Evaluating cnn_autoencoder on MWT
2026-02-09 05:31:13.511 | INFO     | src.models.evaluation:evaluate_tsb_ad_nonoverlapping:65 - Normal (580343) reconstruction error: mean=0.0027, std=0.0132
2026-02-09 05:31:13.512 | INFO     | src.models.evaluation:evaluate_tsb_ad_nonoverlapping:66 - Anomaly (19657) reconstruction error: mean=0.0095, std=0.0251
2026-02-09 05:31:13.512 | INFO     | src.models.evaluation:evaluate_tsb_ad_nonoverlapping:67 - Overlap? Normal max=1.0000, Anomaly min=0.0001
2026-02-09 05:32:39.771 | INFO     | src.models.evaluation:evaluate_tsb_ad_nonoverlapping:83 - {'AUC-PR': 0.08060451962266572, 'AUC-ROC': 0.6848100817433246, 'VUS-PR': np.float64(0.09076402212300069), 'VUS-ROC': np.float64(0.7402522424275734), 'Standard-F1': np.float64(0.13400665766832534), 'PA-F1': 0.8410398577257036, 'Event-based-F1': np.float64(0.4065979381443295), 'R-based-F1': 0.22268608749995977, 'Affiliation-F': 0.7809362480774856}
2026-02-09 05:32:40.108 | INFO     | src.pipelines.train_vision_backbones:run_pipeline:170 - Train images: 3999
2026-02-09 05:32:40.108 | INFO     | src.pipelines.train_vision_backbones:run_pipeline:171 - Test images: 59999
2026-02-09 05:32:40.312 | INFO     | src.pipelines.train_vision_backbones:run_pipeline:176 - Training resnet18_autoencoder_frozen on MWT
2026-02-09 05:32:40.324 | INFO     | src.models.resnet18_autoencoder.training:train_autoencoder_frozen:25 - Device: cuda | Model on: cuda:0
2026-02-09 05:33:48.888 | INFO     | src.pipelines.train_vision_backbones:run_pipeline:193 - Evaluating resnet18_autoencoder_frozen on MWT
2026-02-09 05:34:42.935 | INFO     | src.models.evaluation:evaluate_tsb_ad_nonoverlapping:65 - Normal (580343) reconstruction error: mean=0.0053, std=0.0338
2026-02-09 05:34:42.936 | INFO     | src.models.evaluation:evaluate_tsb_ad_nonoverlapping:66 - Anomaly (19657) reconstruction error: mean=0.0254, std=0.0871
2026-02-09 05:34:42.936 | INFO     | src.models.evaluation:evaluate_tsb_ad_nonoverlapping:67 - Overlap? Normal max=1.0000, Anomaly min=0.0000
2026-02-09 05:36:11.354 | INFO     | src.models.evaluation:evaluate_tsb_ad_nonoverlapping:83 - {'AUC-PR': 0.07753733209832676, 'AUC-ROC': 0.679035274030757, 'VUS-PR': np.float64(0.0878523838252662), 'VUS-ROC': np.float64(0.735007008261005), 'Standard-F1': np.float64(0.13473056069156653), 'PA-F1': 0.8337853355811283, 'Event-based-F1': np.float64(0.3393784744372547), 'R-based-F1': 0.2120574830429438, 'Affiliation-F': 0.7988325522307361}
2026-02-09 05:36:11.623 | INFO     | src.pipelines.train_vision_backbones:run_pipeline:170 - Train images: 3999
2026-02-09 05:36:11.623 | INFO     | src.pipelines.train_vision_backbones:run_pipeline:171 - Test images: 59999
2026-02-09 05:36:11.826 | INFO     | src.pipelines.train_vision_backbones:run_pipeline:176 - Training resnet18_autoencoder_progressive_unfreeze on MWT
2026-02-09 05:36:11.839 | INFO     | src.models.resnet18_autoencoder.training:train_autoencoder_progressive_unfreeze:133 - Device: cuda | Model on: cuda:0
2026-02-09 05:37:37.542 | INFO     | src.pipelines.train_vision_backbones:run_pipeline:193 - Evaluating resnet18_autoencoder_progressive_unfreeze on MWT
2026-02-09 05:38:30.842 | INFO     | src.models.evaluation:evaluate_tsb_ad_nonoverlapping:65 - Normal (580343) reconstruction error: mean=0.0041, std=0.0290
2026-02-09 05:38:30.842 | INFO     | src.models.evaluation:evaluate_tsb_ad_nonoverlapping:66 - Anomaly (19657) reconstruction error: mean=0.0240, std=0.0911
2026-02-09 05:38:30.842 | INFO     | src.models.evaluation:evaluate_tsb_ad_nonoverlapping:67 - Overlap? Normal max=1.0000, Anomaly min=0.0000
2026-02-09 05:39:58.435 | INFO     | src.models.evaluation:evaluate_tsb_ad_nonoverlapping:83 - {'AUC-PR': 0.08898561797378515, 'AUC-ROC': 0.7036323293062987, 'VUS-PR': np.float64(0.09804508047514375), 'VUS-ROC': np.float64(0.7587629802766863), 'Standard-F1': np.float64(0.14898914068916966), 'PA-F1': 0.845426028410395, 'Event-based-F1': np.float64(0.3836851813896286), 'R-based-F1': 0.21258634883759275, 'Affiliation-F': 0.7964001608290829}
2026-02-09 05:39:58.715 | INFO     | src.pipelines.train_vision_backbones:run_pipeline:170 - Train images: 3999
2026-02-09 05:39:58.715 | INFO     | src.pipelines.train_vision_backbones:run_pipeline:171 - Test images: 59999
2026-02-09 05:39:58.926 | INFO     | src.pipelines.train_vision_backbones:run_pipeline:176 - Training resnet18_autoencoder_differential_lr on MWT
2026-02-09 05:39:58.939 | INFO     | src.models.resnet18_autoencoder.training:train_autoencoder_differential_lr:271 - Device: cuda | Model on: cuda:0
2026-02-09 05:41:13.768 | INFO     | src.pipelines.train_vision_backbones:run_pipeline:193 - Evaluating resnet18_autoencoder_differential_lr on MWT
2026-02-09 05:42:07.805 | INFO     | src.models.evaluation:evaluate_tsb_ad_nonoverlapping:65 - Normal (580343) reconstruction error: mean=0.0027, std=0.0193
2026-02-09 05:42:07.806 | INFO     | src.models.evaluation:evaluate_tsb_ad_nonoverlapping:66 - Anomaly (19657) reconstruction error: mean=0.0143, std=0.0469
2026-02-09 05:42:07.806 | INFO     | src.models.evaluation:evaluate_tsb_ad_nonoverlapping:67 - Overlap? Normal max=1.0000, Anomaly min=0.0001
2026-02-09 05:43:33.412 | INFO     | src.models.evaluation:evaluate_tsb_ad_nonoverlapping:83 - {'AUC-PR': 0.0901489969521348, 'AUC-ROC': 0.7012275988283381, 'VUS-PR': np.float64(0.10152230273271692), 'VUS-ROC': np.float64(0.7563703630831544), 'Standard-F1': np.float64(0.14107832305695509), 'PA-F1': 0.8564630397005748, 'Event-based-F1': np.float64(0.44914705247246767), 'R-based-F1': 0.23428390330059828, 'Affiliation-F': 0.8059838578300204}
2026-02-09 05:43:33.687 | INFO     | src.pipelines.train_vision_backbones:run_pipeline:170 - Train images: 3999
2026-02-09 05:43:33.687 | INFO     | src.pipelines.train_vision_backbones:run_pipeline:171 - Test images: 59999
2026-02-09 05:43:34.622 | INFO     | src.pipelines.train_vision_backbones:run_pipeline:176 - Training pvt_autoencoder_frozen on MWT
2026-02-09 05:43:34.645 | INFO     | src.models.pvt_autoencoder.training:train_pvt_autoencoder_frozen:24 - Device: cuda | Model on: cuda:0
2026-02-09 05:44:44.031 | INFO     | src.pipelines.train_vision_backbones:run_pipeline:193 - Evaluating pvt_autoencoder_frozen on MWT
2026-02-09 05:45:43.843 | INFO     | src.models.evaluation:evaluate_tsb_ad_nonoverlapping:65 - Normal (580343) reconstruction error: mean=0.0034, std=0.0287
2026-02-09 05:45:43.844 | INFO     | src.models.evaluation:evaluate_tsb_ad_nonoverlapping:66 - Anomaly (19657) reconstruction error: mean=0.0347, std=0.1337
2026-02-09 05:45:43.844 | INFO     | src.models.evaluation:evaluate_tsb_ad_nonoverlapping:67 - Overlap? Normal max=1.0000, Anomaly min=0.0000
2026-02-09 05:47:11.725 | INFO     | src.models.evaluation:evaluate_tsb_ad_nonoverlapping:83 - {'AUC-PR': 0.11535215887272339, 'AUC-ROC': 0.7175315550398248, 'VUS-PR': np.float64(0.11590834083265067), 'VUS-ROC': np.float64(0.7722949730594355), 'Standard-F1': np.float64(0.18433635357651565), 'PA-F1': 0.8568247243495736, 'Event-based-F1': np.float64(0.5270318653777295), 'R-based-F1': 0.22702349518951326, 'Affiliation-F': 0.8099961215330894}
2026-02-09 05:47:12.030 | INFO     | src.pipelines.train_vision_backbones:run_pipeline:170 - Train images: 3999
2026-02-09 05:47:12.030 | INFO     | src.pipelines.train_vision_backbones:run_pipeline:171 - Test images: 59999
2026-02-09 05:47:13.004 | INFO     | src.pipelines.train_vision_backbones:run_pipeline:176 - Training pvt_autoencoder_progressive_unfreeze on MWT
2026-02-09 05:47:13.031 | INFO     | src.models.pvt_autoencoder.training:train_pvt_autoencoder_progressive_unfreeze:132 - Device: cuda | Model on: cuda:0
2026-02-09 05:48:14.822 | INFO     | src.pipelines.train_vision_backbones:run_pipeline:193 - Evaluating pvt_autoencoder_progressive_unfreeze on MWT
2026-02-09 05:49:14.847 | INFO     | src.models.evaluation:evaluate_tsb_ad_nonoverlapping:65 - Normal (580343) reconstruction error: mean=0.0037, std=0.0266
2026-02-09 05:49:14.847 | INFO     | src.models.evaluation:evaluate_tsb_ad_nonoverlapping:66 - Anomaly (19657) reconstruction error: mean=0.0310, std=0.1226
2026-02-09 05:49:14.848 | INFO     | src.models.evaluation:evaluate_tsb_ad_nonoverlapping:67 - Overlap? Normal max=0.9760, Anomaly min=0.0000
2026-02-09 05:50:42.012 | INFO     | src.models.evaluation:evaluate_tsb_ad_nonoverlapping:83 - {'AUC-PR': 0.10303163321403158, 'AUC-ROC': 0.704185775080142, 'VUS-PR': np.float64(0.10131627643084373), 'VUS-ROC': np.float64(0.7603989582577335), 'Standard-F1': np.float64(0.1469428973599078), 'PA-F1': 0.8535793517666793, 'Event-based-F1': np.float64(0.4768331084120553), 'R-based-F1': 0.21513106775568103, 'Affiliation-F': 0.7937365785870162}
2026-02-09 05:50:42.290 | INFO     | src.pipelines.train_vision_backbones:run_pipeline:170 - Train images: 3999
2026-02-09 05:50:42.290 | INFO     | src.pipelines.train_vision_backbones:run_pipeline:171 - Test images: 59999
2026-02-09 05:50:43.229 | INFO     | src.pipelines.train_vision_backbones:run_pipeline:176 - Training pvt_autoencoder_differential_lr on MWT
2026-02-09 05:50:43.252 | INFO     | src.models.pvt_autoencoder.training:train_pvt_autoencoder_differential_lr:267 - Device: cuda | Model on: cuda:0
2026-02-09 05:52:25.333 | INFO     | src.pipelines.train_vision_backbones:run_pipeline:193 - Evaluating pvt_autoencoder_differential_lr on MWT
2026-02-09 05:53:25.041 | INFO     | src.models.evaluation:evaluate_tsb_ad_nonoverlapping:65 - Normal (580343) reconstruction error: mean=0.0024, std=0.0168
2026-02-09 05:53:25.042 | INFO     | src.models.evaluation:evaluate_tsb_ad_nonoverlapping:66 - Anomaly (19657) reconstruction error: mean=0.0182, std=0.0664
2026-02-09 05:53:25.042 | INFO     | src.models.evaluation:evaluate_tsb_ad_nonoverlapping:67 - Overlap? Normal max=1.0000, Anomaly min=0.0000
2026-02-09 05:54:50.681 | INFO     | src.models.evaluation:evaluate_tsb_ad_nonoverlapping:83 - {'AUC-PR': 0.11315970989422522, 'AUC-ROC': 0.7114589585949954, 'VUS-PR': np.float64(0.11830859921844246), 'VUS-ROC': np.float64(0.7634646054840056), 'Standard-F1': np.float64(0.19728966129684847), 'PA-F1': 0.8570574812561121, 'Event-based-F1': np.float64(0.49321824907521516), 'R-based-F1': 0.22643358393777652, 'Affiliation-F': 0.7918976518054587}
2026-02-09 05:55:04.832 | INFO     | src.pipelines.train_vision_backbones:run_pipeline:70 - Using zip: /net/scratch/hscra/plgrid/plgsmendowski12/ts2i_images/MITDB/171_MITDB_id_2_Medical_tr_50000_1st_88864_ts2i_SPIRAL.zip for transformation SPIRAL
2026-02-09 05:56:40.665 | INFO     | src.pipelines.train_vision_backbones:run_pipeline:170 - Train images: 3999
2026-02-09 05:56:40.665 | INFO     | src.pipelines.train_vision_backbones:run_pipeline:171 - Test images: 59999
2026-02-09 05:56:40.672 | INFO     | src.pipelines.train_vision_backbones:run_pipeline:176 - Training cnn_autoencoder on SPIRAL
2026-02-09 05:56:40.676 | INFO     | src.models.cnn_autoencoder.training:train_autoencoder:22 - Device: cuda | Model on: cuda:0
2026-02-09 06:00:41.182 | INFO     | src.pipelines.train_vision_backbones:run_pipeline:193 - Evaluating cnn_autoencoder on SPIRAL
2026-02-09 06:01:28.320 | INFO     | src.models.evaluation:evaluate_tsb_ad_nonoverlapping:65 - Normal (580343) reconstruction error: mean=0.0052, std=0.0235
2026-02-09 06:01:28.320 | INFO     | src.models.evaluation:evaluate_tsb_ad_nonoverlapping:66 - Anomaly (19657) reconstruction error: mean=0.0172, std=0.0460
2026-02-09 06:01:28.320 | INFO     | src.models.evaluation:evaluate_tsb_ad_nonoverlapping:67 - Overlap? Normal max=0.5269, Anomaly min=0.0000
2026-02-09 06:02:57.191 | INFO     | src.models.evaluation:evaluate_tsb_ad_nonoverlapping:83 - {'AUC-PR': 0.0972111803710741, 'AUC-ROC': 0.6930059679555189, 'VUS-PR': np.float64(0.10687904846447822), 'VUS-ROC': np.float64(0.7391411435577698), 'Standard-F1': np.float64(0.2550381534479279), 'PA-F1': 0.6439905469277515, 'Event-based-F1': np.float64(0.2900045911104209), 'R-based-F1': 0.10026357816712225, 'Affiliation-F': 0.7564409700283456}
2026-02-09 06:02:57.461 | INFO     | src.pipelines.train_vision_backbones:run_pipeline:170 - Train images: 3999
2026-02-09 06:02:57.461 | INFO     | src.pipelines.train_vision_backbones:run_pipeline:171 - Test images: 59999
2026-02-09 06:02:57.674 | INFO     | src.pipelines.train_vision_backbones:run_pipeline:176 - Training resnet18_autoencoder_frozen on SPIRAL
2026-02-09 06:02:57.686 | INFO     | src.models.resnet18_autoencoder.training:train_autoencoder_frozen:25 - Device: cuda | Model on: cuda:0
2026-02-09 06:04:02.220 | INFO     | src.pipelines.train_vision_backbones:run_pipeline:193 - Evaluating resnet18_autoencoder_frozen on SPIRAL
2026-02-09 06:04:53.674 | INFO     | src.models.evaluation:evaluate_tsb_ad_nonoverlapping:65 - Normal (580343) reconstruction error: mean=0.0014, std=0.0054
2026-02-09 06:04:53.674 | INFO     | src.models.evaluation:evaluate_tsb_ad_nonoverlapping:66 - Anomaly (19657) reconstruction error: mean=0.0399, std=0.0760
2026-02-09 06:04:53.674 | INFO     | src.models.evaluation:evaluate_tsb_ad_nonoverlapping:67 - Overlap? Normal max=0.2870, Anomaly min=0.0000
2026-02-09 06:06:19.292 | INFO     | src.models.evaluation:evaluate_tsb_ad_nonoverlapping:83 - {'AUC-PR': 0.3761004139779816, 'AUC-ROC': 0.7095766942166932, 'VUS-PR': np.float64(0.34833291675948225), 'VUS-ROC': np.float64(0.757186630931731), 'Standard-F1': np.float64(0.4399991333336252), 'PA-F1': 0.9351279317697229, 'Event-based-F1': np.float64(0.8575359217364715), 'R-based-F1': 0.3566625923427615, 'Affiliation-F': 0.8773987764726013}
2026-02-09 06:06:19.614 | INFO     | src.pipelines.train_vision_backbones:run_pipeline:170 - Train images: 3999
2026-02-09 06:06:19.614 | INFO     | src.pipelines.train_vision_backbones:run_pipeline:171 - Test images: 59999
2026-02-09 06:06:19.816 | INFO     | src.pipelines.train_vision_backbones:run_pipeline:176 - Training resnet18_autoencoder_progressive_unfreeze on SPIRAL
2026-02-09 06:06:19.828 | INFO     | src.models.resnet18_autoencoder.training:train_autoencoder_progressive_unfreeze:133 - Device: cuda | Model on: cuda:0
2026-02-09 06:07:41.052 | INFO     | src.pipelines.train_vision_backbones:run_pipeline:193 - Evaluating resnet18_autoencoder_progressive_unfreeze on SPIRAL
2026-02-09 06:08:31.851 | INFO     | src.models.evaluation:evaluate_tsb_ad_nonoverlapping:65 - Normal (580343) reconstruction error: mean=0.0010, std=0.0040
2026-02-09 06:08:31.851 | INFO     | src.models.evaluation:evaluate_tsb_ad_nonoverlapping:66 - Anomaly (19657) reconstruction error: mean=0.0436, std=0.0954
2026-02-09 06:08:31.851 | INFO     | src.models.evaluation:evaluate_tsb_ad_nonoverlapping:67 - Overlap? Normal max=0.2020, Anomaly min=0.0000
2026-02-09 06:09:57.477 | INFO     | src.models.evaluation:evaluate_tsb_ad_nonoverlapping:83 - {'AUC-PR': 0.36904673466607935, 'AUC-ROC': 0.7086379551265071, 'VUS-PR': np.float64(0.34540239820585006), 'VUS-ROC': np.float64(0.7580515404349021), 'Standard-F1': np.float64(0.4528458880189372), 'PA-F1': 0.9376269374665954, 'Event-based-F1': np.float64(0.8691259758150921), 'R-based-F1': 0.3724092288259998, 'Affiliation-F': 0.8847399306531731}
2026-02-09 06:09:57.753 | INFO     | src.pipelines.train_vision_backbones:run_pipeline:170 - Train images: 3999
2026-02-09 06:09:57.753 | INFO     | src.pipelines.train_vision_backbones:run_pipeline:171 - Test images: 59999
2026-02-09 06:09:57.956 | INFO     | src.pipelines.train_vision_backbones:run_pipeline:176 - Training resnet18_autoencoder_differential_lr on SPIRAL
2026-02-09 06:09:57.969 | INFO     | src.models.resnet18_autoencoder.training:train_autoencoder_differential_lr:271 - Device: cuda | Model on: cuda:0
2026-02-09 06:11:09.207 | INFO     | src.pipelines.train_vision_backbones:run_pipeline:193 - Evaluating resnet18_autoencoder_differential_lr on SPIRAL
2026-02-09 06:12:00.219 | INFO     | src.models.evaluation:evaluate_tsb_ad_nonoverlapping:65 - Normal (580343) reconstruction error: mean=0.0020, std=0.0067
2026-02-09 06:12:00.219 | INFO     | src.models.evaluation:evaluate_tsb_ad_nonoverlapping:66 - Anomaly (19657) reconstruction error: mean=0.0468, std=0.0884
2026-02-09 06:12:00.219 | INFO     | src.models.evaluation:evaluate_tsb_ad_nonoverlapping:67 - Overlap? Normal max=0.3037, Anomaly min=0.0000
2026-02-09 06:13:26.916 | INFO     | src.models.evaluation:evaluate_tsb_ad_nonoverlapping:83 - {'AUC-PR': 0.32925801611142813, 'AUC-ROC': 0.6853144321714765, 'VUS-PR': np.float64(0.3076112686012922), 'VUS-ROC': np.float64(0.7335854457080925), 'Standard-F1': np.float64(0.3781689586073495), 'PA-F1': 0.9520842683280973, 'Event-based-F1': np.float64(0.8988970588235289), 'R-based-F1': 0.3841818012075263, 'Affiliation-F': 0.9024834328458937}
2026-02-09 06:13:27.189 | INFO     | src.pipelines.train_vision_backbones:run_pipeline:170 - Train images: 3999
2026-02-09 06:13:27.189 | INFO     | src.pipelines.train_vision_backbones:run_pipeline:171 - Test images: 59999
2026-02-09 06:13:28.194 | INFO     | src.pipelines.train_vision_backbones:run_pipeline:176 - Training pvt_autoencoder_frozen on SPIRAL
2026-02-09 06:13:28.216 | INFO     | src.models.pvt_autoencoder.training:train_pvt_autoencoder_frozen:24 - Device: cuda | Model on: cuda:0
2026-02-09 06:14:51.246 | INFO     | src.pipelines.train_vision_backbones:run_pipeline:193 - Evaluating pvt_autoencoder_frozen on SPIRAL
2026-02-09 06:15:47.642 | INFO     | src.models.evaluation:evaluate_tsb_ad_nonoverlapping:65 - Normal (580343) reconstruction error: mean=0.0013, std=0.0052
2026-02-09 06:15:47.642 | INFO     | src.models.evaluation:evaluate_tsb_ad_nonoverlapping:66 - Anomaly (19657) reconstruction error: mean=0.0358, std=0.0784
2026-02-09 06:15:47.642 | INFO     | src.models.evaluation:evaluate_tsb_ad_nonoverlapping:67 - Overlap? Normal max=0.5028, Anomaly min=0.0000
2026-02-09 06:17:13.015 | INFO     | src.models.evaluation:evaluate_tsb_ad_nonoverlapping:83 - {'AUC-PR': 0.351119005633868, 'AUC-ROC': 0.6988708521761099, 'VUS-PR': np.float64(0.3399371251732798), 'VUS-ROC': np.float64(0.7501366984906717), 'Standard-F1': np.float64(0.43673696885298713), 'PA-F1': 0.9587944311285634, 'Event-based-F1': np.float64(0.882602545968882), 'R-based-F1': 0.36704312247805476, 'Affiliation-F': 0.920629817270312}
2026-02-09 06:17:13.288 | INFO     | src.pipelines.train_vision_backbones:run_pipeline:170 - Train images: 3999
2026-02-09 06:17:13.288 | INFO     | src.pipelines.train_vision_backbones:run_pipeline:171 - Test images: 59999
2026-02-09 06:17:14.227 | INFO     | src.pipelines.train_vision_backbones:run_pipeline:176 - Training pvt_autoencoder_progressive_unfreeze on SPIRAL
2026-02-09 06:17:14.252 | INFO     | src.models.pvt_autoencoder.training:train_pvt_autoencoder_progressive_unfreeze:132 - Device: cuda | Model on: cuda:0
2026-02-09 06:18:08.210 | INFO     | src.pipelines.train_vision_backbones:run_pipeline:193 - Evaluating pvt_autoencoder_progressive_unfreeze on SPIRAL
2026-02-09 06:19:05.513 | INFO     | src.models.evaluation:evaluate_tsb_ad_nonoverlapping:65 - Normal (580343) reconstruction error: mean=0.0019, std=0.0064
2026-02-09 06:19:05.514 | INFO     | src.models.evaluation:evaluate_tsb_ad_nonoverlapping:66 - Anomaly (19657) reconstruction error: mean=0.0336, std=0.0786
2026-02-09 06:19:05.514 | INFO     | src.models.evaluation:evaluate_tsb_ad_nonoverlapping:67 - Overlap? Normal max=0.6015, Anomaly min=0.0000
2026-02-09 06:20:32.510 | INFO     | src.models.evaluation:evaluate_tsb_ad_nonoverlapping:83 - {'AUC-PR': 0.30637587917334597, 'AUC-ROC': 0.6884625459707003, 'VUS-PR': np.float64(0.2976806095195076), 'VUS-ROC': np.float64(0.7388376586885383), 'Standard-F1': np.float64(0.39966469862772896), 'PA-F1': 0.9530907264991146, 'Event-based-F1': np.float64(0.8946648426812581), 'R-based-F1': 0.3539408573363845, 'Affiliation-F': 0.8939860305043784}
2026-02-09 06:20:32.786 | INFO     | src.pipelines.train_vision_backbones:run_pipeline:170 - Train images: 3999
2026-02-09 06:20:32.787 | INFO     | src.pipelines.train_vision_backbones:run_pipeline:171 - Test images: 59999
2026-02-09 06:20:33.727 | INFO     | src.pipelines.train_vision_backbones:run_pipeline:176 - Training pvt_autoencoder_differential_lr on SPIRAL
2026-02-09 06:20:33.750 | INFO     | src.models.pvt_autoencoder.training:train_pvt_autoencoder_differential_lr:267 - Device: cuda | Model on: cuda:0
2026-02-09 06:22:41.631 | INFO     | src.pipelines.train_vision_backbones:run_pipeline:193 - Evaluating pvt_autoencoder_differential_lr on SPIRAL
2026-02-09 06:23:39.134 | INFO     | src.models.evaluation:evaluate_tsb_ad_nonoverlapping:65 - Normal (580343) reconstruction error: mean=0.0006, std=0.0023
2026-02-09 06:23:39.135 | INFO     | src.models.evaluation:evaluate_tsb_ad_nonoverlapping:66 - Anomaly (19657) reconstruction error: mean=0.0289, std=0.0748
2026-02-09 06:23:39.135 | INFO     | src.models.evaluation:evaluate_tsb_ad_nonoverlapping:67 - Overlap? Normal max=0.1491, Anomaly min=0.0000
2026-02-09 06:25:03.550 | INFO     | src.models.evaluation:evaluate_tsb_ad_nonoverlapping:83 - {'AUC-PR': 0.31901890247748416, 'AUC-ROC': 0.6938941951256813, 'VUS-PR': np.float64(0.297972092007177), 'VUS-ROC': np.float64(0.7427699286733671), 'Standard-F1': np.float64(0.3609004313881982), 'PA-F1': 0.9470836944247486, 'Event-based-F1': np.float64(0.885001066780456), 'R-based-F1': 0.37432368108862374, 'Affiliation-F': 0.8879697729758097}
