 GCCcore/13.2.0 loaded.
 zlib/1.2.13 loaded.
 binutils/2.40 loaded.
 GCC/13.2.0 loaded.
 libcxi/1.0.2 loaded.
 libfabric/2.2.0rc1 loaded.
 CUDA/12.4.0 loaded.
 OpenMPI/5.0.3 loaded.
 OpenBLAS/0.3.24 loaded.
 FlexiBLAS/3.3.1 loaded.
 FFTW/3.3.10 loaded.
 FFTW.MPI/3.3.10 loaded.
 ScaLAPACK/2.2.0-fb loaded.
 foss/2023b loaded.
 numactl/2.0.16 loaded.
 XZ/5.4.4 loaded.
 libxml2/2.11.5 loaded.
 libpciaccess/0.17 loaded.
 hwloc/2.9.2 loaded.
 ncurses/6.4 loaded.
 GMP/6.3.0 loaded.
 bzip2/1.0.8 loaded.
 libreadline/8.2 loaded.
 Tcl/8.6.13 loaded.
 SQLite/3.43.1 loaded.
 libffi/3.4.4 loaded.
 OpenSSL/1.1 loaded.
 Python/3.11.5 loaded.
 Z3/4.13.0 loaded.
 Clang/17.0.6-CUDA-12.4.0 loaded.
 magma/2.7.2-CUDA-12.4.0 loaded.
 cuDNN/9.2.1.18-CUDA-12.4.0 loaded.
 NCCL/2.20.5-CUDA-12.4.0 loaded.
 NASM/2.16.01 loaded.
 libjpeg-turbo/3.0.1 loaded.
 libpng/1.6.40 loaded.
 x264/20231019 loaded.
 LAME/3.100 loaded.
 x265/3.5 loaded.
 expat/2.5.0 loaded.
 Brotli/1.1.0 loaded.
 freetype/2.13.2 loaded.
 util-linux/2.39 loaded.
 fontconfig/2.14.2 loaded.
 xorg-macros/1.20.0 loaded.
 X11/20231019 loaded.
 FriBidi/1.0.13 loaded.
 SDL2/2.28.5 loaded.
 FFmpeg/6.0 loaded.
 libogg/1.3.5 loaded.
 FLAC/1.4.2 loaded.
 libvorbis/1.3.7 loaded.
 libopus/1.4 loaded.
 mpg123/1.32.10 loaded.
 libsndfile/1.2.2 loaded.
 cuSPARSELt/0.6.1.0-CUDA-12.4.0 loaded.
 Szip/2.1.1 loaded.
 HDF5/1.14.3 loaded.
---------------------------WARNING-----------------------
Due to performance issues OMP_NUM_THREADS is set to 1
If you see performance drop, carefully test larger values
--------------------------------------------------------- 
 ML-bundle/24.06a loaded.
warning: Using incompatible environment (`/net/scratch/hscra/plgrid/plgsmendowski12/.venv_ts2img`) due to `--no-sync` (The project environment's Python version does not satisfy the request: `Python 3.10.13`)
2026-02-08 15:20:56.416 | INFO     | src.pipelines.transform_time_series_to_images:run_pipeline:33 - Loading configuration from configs/default.yaml
2026-02-08 15:20:56.442 | INFO     | src.pipelines.transform_time_series_to_images:run_pipeline:45 - Loading data from data/TSB-AD/TSB-AD-U/185_SMD_id_8_Facility_tr_5000_1st_15144.csv
2026-02-08 15:20:56.454 | INFO     | src.time_series.loaders:load_tsb_ad_u:91 - Found optimal window_len=50
2026-02-08 15:20:56.455 | INFO     | src.pipelines.transform_time_series_to_images:run_pipeline:68 - Transforming 185_SMD_id_8_Facility_tr_5000_1st_15144 using RN
2026-02-08 15:20:56.458 | INFO     | src.pipelines.transform_time_series_to_images:run_pipeline:86 - window_len=50, stride=50, resolution=64x64
2026-02-08 15:20:56.458 | INFO     | src.images.creators:create_png_image_dataset:126 - Running with n_workers: 15 for train=True set
2026-02-08 15:20:56.726 | INFO     | src.images.creators:create_png_image_dataset:126 - Running with n_workers: 15 for train=False set
2026-02-08 15:20:57.872 | INFO     | src.pipelines.transform_time_series_to_images:run_pipeline:166 - Saved metadata to /net/scratch/hscra/plgrid/plgsmendowski12/ts2i_images/SMD/185_SMD_id_8_Facility_tr_5000_1st_15144_ts2i_RN_metadata.json
2026-02-08 15:20:58.143 | INFO     | src.pipelines.transform_time_series_to_images:run_pipeline:169 - Saved to /net/scratch/hscra/plgrid/plgsmendowski12/ts2i_images/SMD/185_SMD_id_8_Facility_tr_5000_1st_15144_ts2i_RN.zip
2026-02-08 15:20:58.218 | INFO     | src.pipelines.transform_time_series_to_images:run_pipeline:68 - Transforming 185_SMD_id_8_Facility_tr_5000_1st_15144 using SG
2026-02-08 15:20:58.220 | INFO     | src.pipelines.transform_time_series_to_images:run_pipeline:86 - window_len=50, stride=50, resolution=64x64
2026-02-08 15:20:58.220 | INFO     | src.images.creators:create_png_image_dataset:126 - Running with n_workers: 15 for train=True set
2026-02-08 15:20:58.400 | INFO     | src.images.creators:create_png_image_dataset:126 - Running with n_workers: 15 for train=False set
2026-02-08 15:20:59.353 | INFO     | src.pipelines.transform_time_series_to_images:run_pipeline:166 - Saved metadata to /net/scratch/hscra/plgrid/plgsmendowski12/ts2i_images/SMD/185_SMD_id_8_Facility_tr_5000_1st_15144_ts2i_SG_metadata.json
2026-02-08 15:20:59.557 | INFO     | src.pipelines.transform_time_series_to_images:run_pipeline:169 - Saved to /net/scratch/hscra/plgrid/plgsmendowski12/ts2i_images/SMD/185_SMD_id_8_Facility_tr_5000_1st_15144_ts2i_SG.zip
2026-02-08 15:20:59.634 | INFO     | src.pipelines.transform_time_series_to_images:run_pipeline:68 - Transforming 185_SMD_id_8_Facility_tr_5000_1st_15144 using LP
2026-02-08 15:20:59.636 | INFO     | src.pipelines.transform_time_series_to_images:run_pipeline:86 - window_len=50, stride=50, resolution=64x64
2026-02-08 15:20:59.636 | INFO     | src.images.creators:create_png_image_dataset:126 - Running with n_workers: 15 for train=True set
2026-02-08 15:21:00.125 | INFO     | src.images.creators:create_png_image_dataset:126 - Running with n_workers: 15 for train=False set
2026-02-08 15:21:02.254 | INFO     | src.pipelines.transform_time_series_to_images:run_pipeline:166 - Saved metadata to /net/scratch/hscra/plgrid/plgsmendowski12/ts2i_images/SMD/185_SMD_id_8_Facility_tr_5000_1st_15144_ts2i_LP_metadata.json
2026-02-08 15:21:02.451 | INFO     | src.pipelines.transform_time_series_to_images:run_pipeline:169 - Saved to /net/scratch/hscra/plgrid/plgsmendowski12/ts2i_images/SMD/185_SMD_id_8_Facility_tr_5000_1st_15144_ts2i_LP.zip
2026-02-08 15:21:02.527 | INFO     | src.pipelines.transform_time_series_to_images:run_pipeline:68 - Transforming 185_SMD_id_8_Facility_tr_5000_1st_15144 using GASF
2026-02-08 15:21:02.529 | INFO     | src.pipelines.transform_time_series_to_images:run_pipeline:86 - window_len=50, stride=50, resolution=64x64
2026-02-08 15:21:02.529 | INFO     | src.images.creators:create_png_image_dataset:126 - Running with n_workers: 15 for train=True set
2026-02-08 15:21:09.002 | INFO     | src.images.creators:create_png_image_dataset:126 - Running with n_workers: 15 for train=False set
2026-02-08 15:21:10.301 | INFO     | src.pipelines.transform_time_series_to_images:run_pipeline:166 - Saved metadata to /net/scratch/hscra/plgrid/plgsmendowski12/ts2i_images/SMD/185_SMD_id_8_Facility_tr_5000_1st_15144_ts2i_GASF_metadata.json
2026-02-08 15:21:10.551 | INFO     | src.pipelines.transform_time_series_to_images:run_pipeline:169 - Saved to /net/scratch/hscra/plgrid/plgsmendowski12/ts2i_images/SMD/185_SMD_id_8_Facility_tr_5000_1st_15144_ts2i_GASF.zip
2026-02-08 15:21:10.630 | INFO     | src.pipelines.transform_time_series_to_images:run_pipeline:68 - Transforming 185_SMD_id_8_Facility_tr_5000_1st_15144 using GADF
2026-02-08 15:21:10.633 | INFO     | src.pipelines.transform_time_series_to_images:run_pipeline:86 - window_len=50, stride=50, resolution=64x64
2026-02-08 15:21:10.633 | INFO     | src.images.creators:create_png_image_dataset:126 - Running with n_workers: 15 for train=True set
2026-02-08 15:21:12.222 | INFO     | src.images.creators:create_png_image_dataset:126 - Running with n_workers: 15 for train=False set
2026-02-08 15:21:13.496 | INFO     | src.pipelines.transform_time_series_to_images:run_pipeline:166 - Saved metadata to /net/scratch/hscra/plgrid/plgsmendowski12/ts2i_images/SMD/185_SMD_id_8_Facility_tr_5000_1st_15144_ts2i_GADF_metadata.json
2026-02-08 15:21:13.750 | INFO     | src.pipelines.transform_time_series_to_images:run_pipeline:169 - Saved to /net/scratch/hscra/plgrid/plgsmendowski12/ts2i_images/SMD/185_SMD_id_8_Facility_tr_5000_1st_15144_ts2i_GADF.zip
2026-02-08 15:21:13.829 | INFO     | src.pipelines.transform_time_series_to_images:run_pipeline:68 - Transforming 185_SMD_id_8_Facility_tr_5000_1st_15144 using MTF
2026-02-08 15:21:13.831 | INFO     | src.pipelines.transform_time_series_to_images:run_pipeline:86 - window_len=50, stride=50, resolution=64x64
2026-02-08 15:21:13.831 | INFO     | src.images.creators:create_png_image_dataset:126 - Running with n_workers: 15 for train=True set
2026-02-08 15:21:16.590 | INFO     | src.images.creators:create_png_image_dataset:126 - Running with n_workers: 15 for train=False set
2026-02-08 15:21:17.789 | INFO     | src.pipelines.transform_time_series_to_images:run_pipeline:166 - Saved metadata to /net/scratch/hscra/plgrid/plgsmendowski12/ts2i_images/SMD/185_SMD_id_8_Facility_tr_5000_1st_15144_ts2i_MTF_metadata.json
2026-02-08 15:21:18.035 | INFO     | src.pipelines.transform_time_series_to_images:run_pipeline:169 - Saved to /net/scratch/hscra/plgrid/plgsmendowski12/ts2i_images/SMD/185_SMD_id_8_Facility_tr_5000_1st_15144_ts2i_MTF.zip
2026-02-08 15:21:18.112 | INFO     | src.pipelines.transform_time_series_to_images:run_pipeline:68 - Transforming 185_SMD_id_8_Facility_tr_5000_1st_15144 using RP
2026-02-08 15:21:18.114 | INFO     | src.pipelines.transform_time_series_to_images:run_pipeline:86 - window_len=50, stride=50, resolution=64x64
2026-02-08 15:21:18.114 | INFO     | src.images.creators:create_png_image_dataset:126 - Running with n_workers: 15 for train=True set
2026-02-08 15:21:18.324 | INFO     | src.images.creators:create_png_image_dataset:126 - Running with n_workers: 15 for train=False set
2026-02-08 15:21:19.342 | INFO     | src.pipelines.transform_time_series_to_images:run_pipeline:166 - Saved metadata to /net/scratch/hscra/plgrid/plgsmendowski12/ts2i_images/SMD/185_SMD_id_8_Facility_tr_5000_1st_15144_ts2i_RP_metadata.json
2026-02-08 15:21:19.574 | INFO     | src.pipelines.transform_time_series_to_images:run_pipeline:169 - Saved to /net/scratch/hscra/plgrid/plgsmendowski12/ts2i_images/SMD/185_SMD_id_8_Facility_tr_5000_1st_15144_ts2i_RP.zip
2026-02-08 15:21:19.653 | INFO     | src.pipelines.transform_time_series_to_images:run_pipeline:68 - Transforming 185_SMD_id_8_Facility_tr_5000_1st_15144 using RWT
2026-02-08 15:21:19.655 | INFO     | src.pipelines.transform_time_series_to_images:run_pipeline:86 - window_len=50, stride=50, resolution=64x64
2026-02-08 15:21:19.655 | INFO     | src.images.creators:create_png_image_dataset:126 - Running with n_workers: 15 for train=True set
2026-02-08 15:21:19.986 | INFO     | src.images.creators:create_png_image_dataset:126 - Running with n_workers: 15 for train=False set
2026-02-08 15:21:21.591 | INFO     | src.pipelines.transform_time_series_to_images:run_pipeline:166 - Saved metadata to /net/scratch/hscra/plgrid/plgsmendowski12/ts2i_images/SMD/185_SMD_id_8_Facility_tr_5000_1st_15144_ts2i_RWT_metadata.json
2026-02-08 15:21:21.835 | INFO     | src.pipelines.transform_time_series_to_images:run_pipeline:169 - Saved to /net/scratch/hscra/plgrid/plgsmendowski12/ts2i_images/SMD/185_SMD_id_8_Facility_tr_5000_1st_15144_ts2i_RWT.zip
2026-02-08 15:21:21.915 | INFO     | src.pipelines.transform_time_series_to_images:run_pipeline:68 - Transforming 185_SMD_id_8_Facility_tr_5000_1st_15144 using MWT
2026-02-08 15:21:21.918 | INFO     | src.pipelines.transform_time_series_to_images:run_pipeline:86 - window_len=50, stride=50, resolution=64x64
2026-02-08 15:21:21.918 | INFO     | src.images.creators:create_png_image_dataset:126 - Running with n_workers: 15 for train=True set
2026-02-08 15:21:22.235 | INFO     | src.images.creators:create_png_image_dataset:126 - Running with n_workers: 15 for train=False set
2026-02-08 15:21:23.608 | INFO     | src.pipelines.transform_time_series_to_images:run_pipeline:166 - Saved metadata to /net/scratch/hscra/plgrid/plgsmendowski12/ts2i_images/SMD/185_SMD_id_8_Facility_tr_5000_1st_15144_ts2i_MWT_metadata.json
2026-02-08 15:21:23.844 | INFO     | src.pipelines.transform_time_series_to_images:run_pipeline:169 - Saved to /net/scratch/hscra/plgrid/plgsmendowski12/ts2i_images/SMD/185_SMD_id_8_Facility_tr_5000_1st_15144_ts2i_MWT.zip
2026-02-08 15:21:23.922 | INFO     | src.pipelines.transform_time_series_to_images:run_pipeline:68 - Transforming 185_SMD_id_8_Facility_tr_5000_1st_15144 using SPIRAL
2026-02-08 15:21:23.924 | INFO     | src.pipelines.transform_time_series_to_images:run_pipeline:86 - window_len=50, stride=50, resolution=64x64
2026-02-08 15:21:23.924 | INFO     | src.images.creators:create_png_image_dataset:126 - Running with n_workers: 15 for train=True set
2026-02-08 15:21:24.143 | INFO     | src.images.creators:create_png_image_dataset:126 - Running with n_workers: 15 for train=False set
2026-02-08 15:21:25.146 | INFO     | src.pipelines.transform_time_series_to_images:run_pipeline:166 - Saved metadata to /net/scratch/hscra/plgrid/plgsmendowski12/ts2i_images/SMD/185_SMD_id_8_Facility_tr_5000_1st_15144_ts2i_SPIRAL_metadata.json
2026-02-08 15:21:25.378 | INFO     | src.pipelines.transform_time_series_to_images:run_pipeline:169 - Saved to /net/scratch/hscra/plgrid/plgsmendowski12/ts2i_images/SMD/185_SMD_id_8_Facility_tr_5000_1st_15144_ts2i_SPIRAL.zip
2026-02-08 15:21:25.460 | INFO     | src.pipelines.transform_time_series_to_images:run_pipeline:45 - Loading data from data/TSB-AD/TSB-AD-U/187_SMD_id_10_Facility_tr_5000_1st_15849.csv
2026-02-08 15:21:25.470 | INFO     | src.time_series.loaders:load_tsb_ad_u:91 - Found optimal window_len=50
2026-02-08 15:21:25.471 | INFO     | src.pipelines.transform_time_series_to_images:run_pipeline:68 - Transforming 187_SMD_id_10_Facility_tr_5000_1st_15849 using RN
2026-02-08 15:21:25.473 | INFO     | src.pipelines.transform_time_series_to_images:run_pipeline:86 - window_len=50, stride=50, resolution=64x64
2026-02-08 15:21:25.473 | INFO     | src.images.creators:create_png_image_dataset:126 - Running with n_workers: 15 for train=True set
2026-02-08 15:21:25.700 | INFO     | src.images.creators:create_png_image_dataset:126 - Running with n_workers: 15 for train=False set
2026-02-08 15:21:26.998 | INFO     | src.pipelines.transform_time_series_to_images:run_pipeline:166 - Saved metadata to /net/scratch/hscra/plgrid/plgsmendowski12/ts2i_images/SMD/187_SMD_id_10_Facility_tr_5000_1st_15849_ts2i_RN_metadata.json
2026-02-08 15:21:27.263 | INFO     | src.pipelines.transform_time_series_to_images:run_pipeline:169 - Saved to /net/scratch/hscra/plgrid/plgsmendowski12/ts2i_images/SMD/187_SMD_id_10_Facility_tr_5000_1st_15849_ts2i_RN.zip
2026-02-08 15:21:27.340 | INFO     | src.pipelines.transform_time_series_to_images:run_pipeline:68 - Transforming 187_SMD_id_10_Facility_tr_5000_1st_15849 using SG
2026-02-08 15:21:27.342 | INFO     | src.pipelines.transform_time_series_to_images:run_pipeline:86 - window_len=50, stride=50, resolution=64x64
2026-02-08 15:21:27.342 | INFO     | src.images.creators:create_png_image_dataset:126 - Running with n_workers: 15 for train=True set
2026-02-08 15:21:27.519 | INFO     | src.images.creators:create_png_image_dataset:126 - Running with n_workers: 15 for train=False set
2026-02-08 15:21:28.403 | INFO     | src.pipelines.transform_time_series_to_images:run_pipeline:166 - Saved metadata to /net/scratch/hscra/plgrid/plgsmendowski12/ts2i_images/SMD/187_SMD_id_10_Facility_tr_5000_1st_15849_ts2i_SG_metadata.json
2026-02-08 15:21:28.614 | INFO     | src.pipelines.transform_time_series_to_images:run_pipeline:169 - Saved to /net/scratch/hscra/plgrid/plgsmendowski12/ts2i_images/SMD/187_SMD_id_10_Facility_tr_5000_1st_15849_ts2i_SG.zip
2026-02-08 15:21:28.690 | INFO     | src.pipelines.transform_time_series_to_images:run_pipeline:68 - Transforming 187_SMD_id_10_Facility_tr_5000_1st_15849 using LP
2026-02-08 15:21:28.692 | INFO     | src.pipelines.transform_time_series_to_images:run_pipeline:86 - window_len=50, stride=50, resolution=64x64
2026-02-08 15:21:28.692 | INFO     | src.images.creators:create_png_image_dataset:126 - Running with n_workers: 15 for train=True set
2026-02-08 15:21:29.162 | INFO     | src.images.creators:create_png_image_dataset:126 - Running with n_workers: 15 for train=False set
2026-02-08 15:21:31.274 | INFO     | src.pipelines.transform_time_series_to_images:run_pipeline:166 - Saved metadata to /net/scratch/hscra/plgrid/plgsmendowski12/ts2i_images/SMD/187_SMD_id_10_Facility_tr_5000_1st_15849_ts2i_LP_metadata.json
2026-02-08 15:21:31.495 | INFO     | src.pipelines.transform_time_series_to_images:run_pipeline:169 - Saved to /net/scratch/hscra/plgrid/plgsmendowski12/ts2i_images/SMD/187_SMD_id_10_Facility_tr_5000_1st_15849_ts2i_LP.zip
2026-02-08 15:21:31.578 | INFO     | src.pipelines.transform_time_series_to_images:run_pipeline:68 - Transforming 187_SMD_id_10_Facility_tr_5000_1st_15849 using GASF
2026-02-08 15:21:31.580 | INFO     | src.pipelines.transform_time_series_to_images:run_pipeline:86 - window_len=50, stride=50, resolution=64x64
2026-02-08 15:21:31.580 | INFO     | src.images.creators:create_png_image_dataset:126 - Running with n_workers: 15 for train=True set
2026-02-08 15:21:31.870 | INFO     | src.images.creators:create_png_image_dataset:126 - Running with n_workers: 15 for train=False set
2026-02-08 15:21:33.183 | INFO     | src.pipelines.transform_time_series_to_images:run_pipeline:166 - Saved metadata to /net/scratch/hscra/plgrid/plgsmendowski12/ts2i_images/SMD/187_SMD_id_10_Facility_tr_5000_1st_15849_ts2i_GASF_metadata.json
2026-02-08 15:21:33.458 | INFO     | src.pipelines.transform_time_series_to_images:run_pipeline:169 - Saved to /net/scratch/hscra/plgrid/plgsmendowski12/ts2i_images/SMD/187_SMD_id_10_Facility_tr_5000_1st_15849_ts2i_GASF.zip
2026-02-08 15:21:33.540 | INFO     | src.pipelines.transform_time_series_to_images:run_pipeline:68 - Transforming 187_SMD_id_10_Facility_tr_5000_1st_15849 using GADF
2026-02-08 15:21:33.542 | INFO     | src.pipelines.transform_time_series_to_images:run_pipeline:86 - window_len=50, stride=50, resolution=64x64
2026-02-08 15:21:33.542 | INFO     | src.images.creators:create_png_image_dataset:126 - Running with n_workers: 15 for train=True set
2026-02-08 15:21:33.824 | INFO     | src.images.creators:create_png_image_dataset:126 - Running with n_workers: 15 for train=False set
2026-02-08 15:21:35.130 | INFO     | src.pipelines.transform_time_series_to_images:run_pipeline:166 - Saved metadata to /net/scratch/hscra/plgrid/plgsmendowski12/ts2i_images/SMD/187_SMD_id_10_Facility_tr_5000_1st_15849_ts2i_GADF_metadata.json
2026-02-08 15:21:35.399 | INFO     | src.pipelines.transform_time_series_to_images:run_pipeline:169 - Saved to /net/scratch/hscra/plgrid/plgsmendowski12/ts2i_images/SMD/187_SMD_id_10_Facility_tr_5000_1st_15849_ts2i_GADF.zip
2026-02-08 15:21:35.477 | INFO     | src.pipelines.transform_time_series_to_images:run_pipeline:68 - Transforming 187_SMD_id_10_Facility_tr_5000_1st_15849 using MTF
2026-02-08 15:21:35.479 | INFO     | src.pipelines.transform_time_series_to_images:run_pipeline:86 - window_len=50, stride=50, resolution=64x64
2026-02-08 15:21:35.479 | INFO     | src.images.creators:create_png_image_dataset:126 - Running with n_workers: 15 for train=True set
2026-02-08 15:21:35.747 | INFO     | src.images.creators:create_png_image_dataset:126 - Running with n_workers: 15 for train=False set
2026-02-08 15:21:37.228 | INFO     | src.pipelines.transform_time_series_to_images:run_pipeline:166 - Saved metadata to /net/scratch/hscra/plgrid/plgsmendowski12/ts2i_images/SMD/187_SMD_id_10_Facility_tr_5000_1st_15849_ts2i_MTF_metadata.json
2026-02-08 15:21:37.492 | INFO     | src.pipelines.transform_time_series_to_images:run_pipeline:169 - Saved to /net/scratch/hscra/plgrid/plgsmendowski12/ts2i_images/SMD/187_SMD_id_10_Facility_tr_5000_1st_15849_ts2i_MTF.zip
2026-02-08 15:21:37.571 | INFO     | src.pipelines.transform_time_series_to_images:run_pipeline:68 - Transforming 187_SMD_id_10_Facility_tr_5000_1st_15849 using RP
2026-02-08 15:21:37.573 | INFO     | src.pipelines.transform_time_series_to_images:run_pipeline:86 - window_len=50, stride=50, resolution=64x64
2026-02-08 15:21:37.573 | INFO     | src.images.creators:create_png_image_dataset:126 - Running with n_workers: 15 for train=True set
2026-02-08 15:21:37.800 | INFO     | src.images.creators:create_png_image_dataset:126 - Running with n_workers: 15 for train=False set
2026-02-08 15:21:38.870 | INFO     | src.pipelines.transform_time_series_to_images:run_pipeline:166 - Saved metadata to /net/scratch/hscra/plgrid/plgsmendowski12/ts2i_images/SMD/187_SMD_id_10_Facility_tr_5000_1st_15849_ts2i_RP_metadata.json
2026-02-08 15:21:39.112 | INFO     | src.pipelines.transform_time_series_to_images:run_pipeline:169 - Saved to /net/scratch/hscra/plgrid/plgsmendowski12/ts2i_images/SMD/187_SMD_id_10_Facility_tr_5000_1st_15849_ts2i_RP.zip
2026-02-08 15:21:39.190 | INFO     | src.pipelines.transform_time_series_to_images:run_pipeline:68 - Transforming 187_SMD_id_10_Facility_tr_5000_1st_15849 using RWT
2026-02-08 15:21:39.192 | INFO     | src.pipelines.transform_time_series_to_images:run_pipeline:86 - window_len=50, stride=50, resolution=64x64
2026-02-08 15:21:39.192 | INFO     | src.images.creators:create_png_image_dataset:126 - Running with n_workers: 15 for train=True set
2026-02-08 15:21:39.510 | INFO     | src.images.creators:create_png_image_dataset:126 - Running with n_workers: 15 for train=False set
2026-02-08 15:21:40.868 | INFO     | src.pipelines.transform_time_series_to_images:run_pipeline:166 - Saved metadata to /net/scratch/hscra/plgrid/plgsmendowski12/ts2i_images/SMD/187_SMD_id_10_Facility_tr_5000_1st_15849_ts2i_RWT_metadata.json
2026-02-08 15:21:41.380 | INFO     | src.pipelines.transform_time_series_to_images:run_pipeline:169 - Saved to /net/scratch/hscra/plgrid/plgsmendowski12/ts2i_images/SMD/187_SMD_id_10_Facility_tr_5000_1st_15849_ts2i_RWT.zip
2026-02-08 15:21:41.462 | INFO     | src.pipelines.transform_time_series_to_images:run_pipeline:68 - Transforming 187_SMD_id_10_Facility_tr_5000_1st_15849 using MWT
2026-02-08 15:21:41.464 | INFO     | src.pipelines.transform_time_series_to_images:run_pipeline:86 - window_len=50, stride=50, resolution=64x64
2026-02-08 15:21:41.464 | INFO     | src.images.creators:create_png_image_dataset:126 - Running with n_workers: 15 for train=True set
2026-02-08 15:21:41.779 | INFO     | src.images.creators:create_png_image_dataset:126 - Running with n_workers: 15 for train=False set
2026-02-08 15:21:43.138 | INFO     | src.pipelines.transform_time_series_to_images:run_pipeline:166 - Saved metadata to /net/scratch/hscra/plgrid/plgsmendowski12/ts2i_images/SMD/187_SMD_id_10_Facility_tr_5000_1st_15849_ts2i_MWT_metadata.json
2026-02-08 15:21:43.384 | INFO     | src.pipelines.transform_time_series_to_images:run_pipeline:169 - Saved to /net/scratch/hscra/plgrid/plgsmendowski12/ts2i_images/SMD/187_SMD_id_10_Facility_tr_5000_1st_15849_ts2i_MWT.zip
2026-02-08 15:21:43.462 | INFO     | src.pipelines.transform_time_series_to_images:run_pipeline:68 - Transforming 187_SMD_id_10_Facility_tr_5000_1st_15849 using SPIRAL
2026-02-08 15:21:43.465 | INFO     | src.pipelines.transform_time_series_to_images:run_pipeline:86 - window_len=50, stride=50, resolution=64x64
2026-02-08 15:21:43.465 | INFO     | src.images.creators:create_png_image_dataset:126 - Running with n_workers: 15 for train=True set
2026-02-08 15:21:43.677 | INFO     | src.images.creators:create_png_image_dataset:126 - Running with n_workers: 15 for train=False set
2026-02-08 15:21:44.656 | INFO     | src.pipelines.transform_time_series_to_images:run_pipeline:166 - Saved metadata to /net/scratch/hscra/plgrid/plgsmendowski12/ts2i_images/SMD/187_SMD_id_10_Facility_tr_5000_1st_15849_ts2i_SPIRAL_metadata.json
2026-02-08 15:21:44.887 | INFO     | src.pipelines.transform_time_series_to_images:run_pipeline:169 - Saved to /net/scratch/hscra/plgrid/plgsmendowski12/ts2i_images/SMD/187_SMD_id_10_Facility_tr_5000_1st_15849_ts2i_SPIRAL.zip
2026-02-08 15:21:44.966 | INFO     | src.pipelines.transform_time_series_to_images:run_pipeline:45 - Loading data from data/TSB-AD/TSB-AD-U/188_SMD_id_11_Facility_tr_500_1st_392.csv
2026-02-08 15:21:44.974 | INFO     | src.time_series.loaders:load_tsb_ad_u:91 - Found optimal window_len=10
2026-02-08 15:21:44.975 | INFO     | src.pipelines.transform_time_series_to_images:run_pipeline:68 - Transforming 188_SMD_id_11_Facility_tr_500_1st_392 using RN
2026-02-08 15:21:44.978 | INFO     | src.pipelines.transform_time_series_to_images:run_pipeline:86 - window_len=10, stride=10, resolution=64x64
2026-02-08 15:21:44.978 | INFO     | src.images.creators:create_png_image_dataset:126 - Running with n_workers: 15 for train=True set
2026-02-08 15:21:45.085 | INFO     | src.images.creators:create_png_image_dataset:126 - Running with n_workers: 15 for train=False set
2026-02-08 15:21:51.976 | INFO     | src.pipelines.transform_time_series_to_images:run_pipeline:166 - Saved metadata to /net/scratch/hscra/plgrid/plgsmendowski12/ts2i_images/SMD/188_SMD_id_11_Facility_tr_500_1st_392_ts2i_RN_metadata.json
2026-02-08 15:21:53.455 | INFO     | src.pipelines.transform_time_series_to_images:run_pipeline:169 - Saved to /net/scratch/hscra/plgrid/plgsmendowski12/ts2i_images/SMD/188_SMD_id_11_Facility_tr_500_1st_392_ts2i_RN.zip
2026-02-08 15:21:53.899 | INFO     | src.pipelines.transform_time_series_to_images:run_pipeline:68 - Transforming 188_SMD_id_11_Facility_tr_500_1st_392 using SG
2026-02-08 15:21:53.901 | INFO     | src.pipelines.transform_time_series_to_images:run_pipeline:86 - window_len=10, stride=10, resolution=64x64
2026-02-08 15:21:53.901 | INFO     | src.images.creators:create_png_image_dataset:126 - Running with n_workers: 15 for train=True set
2026-02-08 15:21:53.982 | INFO     | src.images.creators:create_png_image_dataset:126 - Running with n_workers: 15 for train=False set
2026-02-08 15:21:59.493 | INFO     | src.pipelines.transform_time_series_to_images:run_pipeline:166 - Saved metadata to /net/scratch/hscra/plgrid/plgsmendowski12/ts2i_images/SMD/188_SMD_id_11_Facility_tr_500_1st_392_ts2i_SG_metadata.json
2026-02-08 15:22:00.667 | INFO     | src.pipelines.transform_time_series_to_images:run_pipeline:169 - Saved to /net/scratch/hscra/plgrid/plgsmendowski12/ts2i_images/SMD/188_SMD_id_11_Facility_tr_500_1st_392_ts2i_SG.zip
2026-02-08 15:22:01.441 | INFO     | src.pipelines.transform_time_series_to_images:run_pipeline:68 - Transforming 188_SMD_id_11_Facility_tr_500_1st_392 using LP
2026-02-08 15:22:01.443 | INFO     | src.pipelines.transform_time_series_to_images:run_pipeline:86 - window_len=10, stride=10, resolution=64x64
2026-02-08 15:22:01.443 | INFO     | src.images.creators:create_png_image_dataset:126 - Running with n_workers: 15 for train=True set
2026-02-08 15:22:01.672 | INFO     | src.images.creators:create_png_image_dataset:126 - Running with n_workers: 15 for train=False set
2026-02-08 15:22:14.897 | INFO     | src.pipelines.transform_time_series_to_images:run_pipeline:166 - Saved metadata to /net/scratch/hscra/plgrid/plgsmendowski12/ts2i_images/SMD/188_SMD_id_11_Facility_tr_500_1st_392_ts2i_LP_metadata.json
2026-02-08 15:22:16.062 | INFO     | src.pipelines.transform_time_series_to_images:run_pipeline:169 - Saved to /net/scratch/hscra/plgrid/plgsmendowski12/ts2i_images/SMD/188_SMD_id_11_Facility_tr_500_1st_392_ts2i_LP.zip
2026-02-08 15:22:16.812 | INFO     | src.pipelines.transform_time_series_to_images:run_pipeline:68 - Transforming 188_SMD_id_11_Facility_tr_500_1st_392 using GASF
2026-02-08 15:22:16.816 | INFO     | src.pipelines.transform_time_series_to_images:run_pipeline:86 - window_len=10, stride=10, resolution=64x64
2026-02-08 15:22:16.816 | INFO     | src.images.creators:create_png_image_dataset:126 - Running with n_workers: 15 for train=True set
2026-02-08 15:22:16.924 | INFO     | src.images.creators:create_png_image_dataset:126 - Running with n_workers: 15 for train=False set
2026-02-08 15:22:23.572 | INFO     | src.pipelines.transform_time_series_to_images:run_pipeline:166 - Saved metadata to /net/scratch/hscra/plgrid/plgsmendowski12/ts2i_images/SMD/188_SMD_id_11_Facility_tr_500_1st_392_ts2i_GASF_metadata.json
2026-02-08 15:22:24.780 | INFO     | src.pipelines.transform_time_series_to_images:run_pipeline:169 - Saved to /net/scratch/hscra/plgrid/plgsmendowski12/ts2i_images/SMD/188_SMD_id_11_Facility_tr_500_1st_392_ts2i_GASF.zip
2026-02-08 15:22:25.234 | INFO     | src.pipelines.transform_time_series_to_images:run_pipeline:68 - Transforming 188_SMD_id_11_Facility_tr_500_1st_392 using GADF
2026-02-08 15:22:25.236 | INFO     | src.pipelines.transform_time_series_to_images:run_pipeline:86 - window_len=10, stride=10, resolution=64x64
2026-02-08 15:22:25.237 | INFO     | src.images.creators:create_png_image_dataset:126 - Running with n_workers: 15 for train=True set
2026-02-08 15:22:25.339 | INFO     | src.images.creators:create_png_image_dataset:126 - Running with n_workers: 15 for train=False set
2026-02-08 15:22:33.281 | INFO     | src.pipelines.transform_time_series_to_images:run_pipeline:166 - Saved metadata to /net/scratch/hscra/plgrid/plgsmendowski12/ts2i_images/SMD/188_SMD_id_11_Facility_tr_500_1st_392_ts2i_GADF_metadata.json
2026-02-08 15:22:34.446 | INFO     | src.pipelines.transform_time_series_to_images:run_pipeline:169 - Saved to /net/scratch/hscra/plgrid/plgsmendowski12/ts2i_images/SMD/188_SMD_id_11_Facility_tr_500_1st_392_ts2i_GADF.zip
2026-02-08 15:22:34.906 | INFO     | src.pipelines.transform_time_series_to_images:run_pipeline:68 - Transforming 188_SMD_id_11_Facility_tr_500_1st_392 using MTF
2026-02-08 15:22:34.908 | INFO     | src.pipelines.transform_time_series_to_images:run_pipeline:86 - window_len=10, stride=10, resolution=64x64
2026-02-08 15:22:34.908 | INFO     | src.images.creators:create_png_image_dataset:126 - Running with n_workers: 15 for train=True set
2026-02-08 15:22:35.019 | INFO     | src.images.creators:create_png_image_dataset:126 - Running with n_workers: 15 for train=False set
2026-02-08 15:22:42.189 | INFO     | src.pipelines.transform_time_series_to_images:run_pipeline:166 - Saved metadata to /net/scratch/hscra/plgrid/plgsmendowski12/ts2i_images/SMD/188_SMD_id_11_Facility_tr_500_1st_392_ts2i_MTF_metadata.json
2026-02-08 15:22:43.350 | INFO     | src.pipelines.transform_time_series_to_images:run_pipeline:169 - Saved to /net/scratch/hscra/plgrid/plgsmendowski12/ts2i_images/SMD/188_SMD_id_11_Facility_tr_500_1st_392_ts2i_MTF.zip
2026-02-08 15:22:43.825 | INFO     | src.pipelines.transform_time_series_to_images:run_pipeline:68 - Transforming 188_SMD_id_11_Facility_tr_500_1st_392 using RP
2026-02-08 15:22:43.827 | INFO     | src.pipelines.transform_time_series_to_images:run_pipeline:86 - window_len=10, stride=10, resolution=64x64
2026-02-08 15:22:43.827 | INFO     | src.images.creators:create_png_image_dataset:126 - Running with n_workers: 15 for train=True set
2026-02-08 15:22:43.918 | INFO     | src.images.creators:create_png_image_dataset:126 - Running with n_workers: 15 for train=False set
2026-02-08 15:22:49.617 | INFO     | src.pipelines.transform_time_series_to_images:run_pipeline:166 - Saved metadata to /net/scratch/hscra/plgrid/plgsmendowski12/ts2i_images/SMD/188_SMD_id_11_Facility_tr_500_1st_392_ts2i_RP_metadata.json
2026-02-08 15:22:50.768 | INFO     | src.pipelines.transform_time_series_to_images:run_pipeline:169 - Saved to /net/scratch/hscra/plgrid/plgsmendowski12/ts2i_images/SMD/188_SMD_id_11_Facility_tr_500_1st_392_ts2i_RP.zip
2026-02-08 15:22:51.499 | INFO     | src.pipelines.transform_time_series_to_images:run_pipeline:68 - Transforming 188_SMD_id_11_Facility_tr_500_1st_392 using RWT
2026-02-08 15:22:51.501 | INFO     | src.pipelines.transform_time_series_to_images:run_pipeline:86 - window_len=10, stride=10, resolution=64x64
2026-02-08 15:22:51.501 | INFO     | src.images.creators:create_png_image_dataset:126 - Running with n_workers: 15 for train=True set
2026-02-08 15:22:51.614 | INFO     | src.images.creators:create_png_image_dataset:126 - Running with n_workers: 15 for train=False set
2026-02-08 15:22:58.159 | INFO     | src.pipelines.transform_time_series_to_images:run_pipeline:166 - Saved metadata to /net/scratch/hscra/plgrid/plgsmendowski12/ts2i_images/SMD/188_SMD_id_11_Facility_tr_500_1st_392_ts2i_RWT_metadata.json
2026-02-08 15:22:59.300 | INFO     | src.pipelines.transform_time_series_to_images:run_pipeline:169 - Saved to /net/scratch/hscra/plgrid/plgsmendowski12/ts2i_images/SMD/188_SMD_id_11_Facility_tr_500_1st_392_ts2i_RWT.zip
2026-02-08 15:22:59.761 | INFO     | src.pipelines.transform_time_series_to_images:run_pipeline:68 - Transforming 188_SMD_id_11_Facility_tr_500_1st_392 using MWT
2026-02-08 15:22:59.763 | INFO     | src.pipelines.transform_time_series_to_images:run_pipeline:86 - window_len=10, stride=10, resolution=64x64
2026-02-08 15:22:59.763 | INFO     | src.images.creators:create_png_image_dataset:126 - Running with n_workers: 15 for train=True set
2026-02-08 15:22:59.879 | INFO     | src.images.creators:create_png_image_dataset:126 - Running with n_workers: 15 for train=False set
2026-02-08 15:23:07.075 | INFO     | src.pipelines.transform_time_series_to_images:run_pipeline:166 - Saved metadata to /net/scratch/hscra/plgrid/plgsmendowski12/ts2i_images/SMD/188_SMD_id_11_Facility_tr_500_1st_392_ts2i_MWT_metadata.json
2026-02-08 15:23:08.352 | INFO     | src.pipelines.transform_time_series_to_images:run_pipeline:169 - Saved to /net/scratch/hscra/plgrid/plgsmendowski12/ts2i_images/SMD/188_SMD_id_11_Facility_tr_500_1st_392_ts2i_MWT.zip
2026-02-08 15:23:08.811 | INFO     | src.pipelines.transform_time_series_to_images:run_pipeline:68 - Transforming 188_SMD_id_11_Facility_tr_500_1st_392 using SPIRAL
2026-02-08 15:23:08.813 | INFO     | src.pipelines.transform_time_series_to_images:run_pipeline:86 - window_len=10, stride=10, resolution=64x64
2026-02-08 15:23:08.813 | INFO     | src.images.creators:create_png_image_dataset:126 - Running with n_workers: 15 for train=True set
2026-02-08 15:23:08.891 | INFO     | src.images.creators:create_png_image_dataset:126 - Running with n_workers: 15 for train=False set
2026-02-08 15:23:14.002 | INFO     | src.pipelines.transform_time_series_to_images:run_pipeline:166 - Saved metadata to /net/scratch/hscra/plgrid/plgsmendowski12/ts2i_images/SMD/188_SMD_id_11_Facility_tr_500_1st_392_ts2i_SPIRAL_metadata.json
2026-02-08 15:23:15.139 | INFO     | src.pipelines.transform_time_series_to_images:run_pipeline:169 - Saved to /net/scratch/hscra/plgrid/plgsmendowski12/ts2i_images/SMD/188_SMD_id_11_Facility_tr_500_1st_392_ts2i_SPIRAL.zip
2026-02-08 15:23:15.615 | INFO     | src.pipelines.transform_time_series_to_images:run_pipeline:45 - Loading data from data/TSB-AD/TSB-AD-U/189_SMD_id_12_Facility_tr_5925_1st_17580.csv
2026-02-08 15:23:15.625 | INFO     | src.time_series.loaders:load_tsb_ad_u:91 - Found optimal window_len=50
2026-02-08 15:23:15.626 | INFO     | src.pipelines.transform_time_series_to_images:run_pipeline:68 - Transforming 189_SMD_id_12_Facility_tr_5925_1st_17580 using RN
2026-02-08 15:23:15.628 | INFO     | src.pipelines.transform_time_series_to_images:run_pipeline:86 - window_len=50, stride=50, resolution=64x64
2026-02-08 15:23:15.628 | INFO     | src.images.creators:create_png_image_dataset:126 - Running with n_workers: 15 for train=True set
2026-02-08 15:23:16.139 | INFO     | src.images.creators:create_png_image_dataset:126 - Running with n_workers: 15 for train=False set
2026-02-08 15:23:17.465 | INFO     | src.pipelines.transform_time_series_to_images:run_pipeline:166 - Saved metadata to /net/scratch/hscra/plgrid/plgsmendowski12/ts2i_images/SMD/189_SMD_id_12_Facility_tr_5925_1st_17580_ts2i_RN_metadata.json
2026-02-08 15:23:17.768 | INFO     | src.pipelines.transform_time_series_to_images:run_pipeline:169 - Saved to /net/scratch/hscra/plgrid/plgsmendowski12/ts2i_images/SMD/189_SMD_id_12_Facility_tr_5925_1st_17580_ts2i_RN.zip
2026-02-08 15:23:17.865 | INFO     | src.pipelines.transform_time_series_to_images:run_pipeline:68 - Transforming 189_SMD_id_12_Facility_tr_5925_1st_17580 using SG
2026-02-08 15:23:17.867 | INFO     | src.pipelines.transform_time_series_to_images:run_pipeline:86 - window_len=50, stride=50, resolution=64x64
2026-02-08 15:23:17.867 | INFO     | src.images.creators:create_png_image_dataset:126 - Running with n_workers: 15 for train=True set
2026-02-08 15:23:18.336 | INFO     | src.images.creators:create_png_image_dataset:126 - Running with n_workers: 15 for train=False set
2026-02-08 15:23:19.348 | INFO     | src.pipelines.transform_time_series_to_images:run_pipeline:166 - Saved metadata to /net/scratch/hscra/plgrid/plgsmendowski12/ts2i_images/SMD/189_SMD_id_12_Facility_tr_5925_1st_17580_ts2i_SG_metadata.json
2026-02-08 15:23:19.599 | INFO     | src.pipelines.transform_time_series_to_images:run_pipeline:169 - Saved to /net/scratch/hscra/plgrid/plgsmendowski12/ts2i_images/SMD/189_SMD_id_12_Facility_tr_5925_1st_17580_ts2i_SG.zip
2026-02-08 15:23:19.692 | INFO     | src.pipelines.transform_time_series_to_images:run_pipeline:68 - Transforming 189_SMD_id_12_Facility_tr_5925_1st_17580 using LP
2026-02-08 15:23:19.694 | INFO     | src.pipelines.transform_time_series_to_images:run_pipeline:86 - window_len=50, stride=50, resolution=64x64
2026-02-08 15:23:19.694 | INFO     | src.images.creators:create_png_image_dataset:126 - Running with n_workers: 15 for train=True set
2026-02-08 15:23:20.526 | INFO     | src.images.creators:create_png_image_dataset:126 - Running with n_workers: 15 for train=False set
2026-02-08 15:23:22.911 | INFO     | src.pipelines.transform_time_series_to_images:run_pipeline:166 - Saved metadata to /net/scratch/hscra/plgrid/plgsmendowski12/ts2i_images/SMD/189_SMD_id_12_Facility_tr_5925_1st_17580_ts2i_LP_metadata.json
2026-02-08 15:23:23.155 | INFO     | src.pipelines.transform_time_series_to_images:run_pipeline:169 - Saved to /net/scratch/hscra/plgrid/plgsmendowski12/ts2i_images/SMD/189_SMD_id_12_Facility_tr_5925_1st_17580_ts2i_LP.zip
2026-02-08 15:23:23.249 | INFO     | src.pipelines.transform_time_series_to_images:run_pipeline:68 - Transforming 189_SMD_id_12_Facility_tr_5925_1st_17580 using GASF
2026-02-08 15:23:23.252 | INFO     | src.pipelines.transform_time_series_to_images:run_pipeline:86 - window_len=50, stride=50, resolution=64x64
2026-02-08 15:23:23.252 | INFO     | src.images.creators:create_png_image_dataset:126 - Running with n_workers: 15 for train=True set
2026-02-08 15:23:23.883 | INFO     | src.images.creators:create_png_image_dataset:126 - Running with n_workers: 15 for train=False set
2026-02-08 15:23:25.366 | INFO     | src.pipelines.transform_time_series_to_images:run_pipeline:166 - Saved metadata to /net/scratch/hscra/plgrid/plgsmendowski12/ts2i_images/SMD/189_SMD_id_12_Facility_tr_5925_1st_17580_ts2i_GASF_metadata.json
2026-02-08 15:23:25.697 | INFO     | src.pipelines.transform_time_series_to_images:run_pipeline:169 - Saved to /net/scratch/hscra/plgrid/plgsmendowski12/ts2i_images/SMD/189_SMD_id_12_Facility_tr_5925_1st_17580_ts2i_GASF.zip
2026-02-08 15:23:25.793 | INFO     | src.pipelines.transform_time_series_to_images:run_pipeline:68 - Transforming 189_SMD_id_12_Facility_tr_5925_1st_17580 using GADF
2026-02-08 15:23:25.796 | INFO     | src.pipelines.transform_time_series_to_images:run_pipeline:86 - window_len=50, stride=50, resolution=64x64
2026-02-08 15:23:25.796 | INFO     | src.images.creators:create_png_image_dataset:126 - Running with n_workers: 15 for train=True set
2026-02-08 15:23:26.700 | INFO     | src.images.creators:create_png_image_dataset:126 - Running with n_workers: 15 for train=False set
2026-02-08 15:23:28.116 | INFO     | src.pipelines.transform_time_series_to_images:run_pipeline:166 - Saved metadata to /net/scratch/hscra/plgrid/plgsmendowski12/ts2i_images/SMD/189_SMD_id_12_Facility_tr_5925_1st_17580_ts2i_GADF_metadata.json
2026-02-08 15:23:28.427 | INFO     | src.pipelines.transform_time_series_to_images:run_pipeline:169 - Saved to /net/scratch/hscra/plgrid/plgsmendowski12/ts2i_images/SMD/189_SMD_id_12_Facility_tr_5925_1st_17580_ts2i_GADF.zip
2026-02-08 15:23:28.516 | INFO     | src.pipelines.transform_time_series_to_images:run_pipeline:68 - Transforming 189_SMD_id_12_Facility_tr_5925_1st_17580 using MTF
2026-02-08 15:23:28.518 | INFO     | src.pipelines.transform_time_series_to_images:run_pipeline:86 - window_len=50, stride=50, resolution=64x64
2026-02-08 15:23:28.518 | INFO     | src.images.creators:create_png_image_dataset:126 - Running with n_workers: 15 for train=True set
2026-02-08 15:23:29.120 | INFO     | src.images.creators:create_png_image_dataset:126 - Running with n_workers: 15 for train=False set
2026-02-08 15:23:30.492 | INFO     | src.pipelines.transform_time_series_to_images:run_pipeline:166 - Saved metadata to /net/scratch/hscra/plgrid/plgsmendowski12/ts2i_images/SMD/189_SMD_id_12_Facility_tr_5925_1st_17580_ts2i_MTF_metadata.json
2026-02-08 15:23:30.821 | INFO     | src.pipelines.transform_time_series_to_images:run_pipeline:169 - Saved to /net/scratch/hscra/plgrid/plgsmendowski12/ts2i_images/SMD/189_SMD_id_12_Facility_tr_5925_1st_17580_ts2i_MTF.zip
2026-02-08 15:23:30.917 | INFO     | src.pipelines.transform_time_series_to_images:run_pipeline:68 - Transforming 189_SMD_id_12_Facility_tr_5925_1st_17580 using RP
2026-02-08 15:23:30.919 | INFO     | src.pipelines.transform_time_series_to_images:run_pipeline:86 - window_len=50, stride=50, resolution=64x64
2026-02-08 15:23:30.920 | INFO     | src.images.creators:create_png_image_dataset:126 - Running with n_workers: 15 for train=True set
2026-02-08 15:23:31.741 | INFO     | src.images.creators:create_png_image_dataset:126 - Running with n_workers: 15 for train=False set
2026-02-08 15:23:32.959 | INFO     | src.pipelines.transform_time_series_to_images:run_pipeline:166 - Saved metadata to /net/scratch/hscra/plgrid/plgsmendowski12/ts2i_images/SMD/189_SMD_id_12_Facility_tr_5925_1st_17580_ts2i_RP_metadata.json
2026-02-08 15:23:33.249 | INFO     | src.pipelines.transform_time_series_to_images:run_pipeline:169 - Saved to /net/scratch/hscra/plgrid/plgsmendowski12/ts2i_images/SMD/189_SMD_id_12_Facility_tr_5925_1st_17580_ts2i_RP.zip
2026-02-08 15:23:33.345 | INFO     | src.pipelines.transform_time_series_to_images:run_pipeline:68 - Transforming 189_SMD_id_12_Facility_tr_5925_1st_17580 using RWT
2026-02-08 15:23:33.347 | INFO     | src.pipelines.transform_time_series_to_images:run_pipeline:86 - window_len=50, stride=50, resolution=64x64
2026-02-08 15:23:33.347 | INFO     | src.images.creators:create_png_image_dataset:126 - Running with n_workers: 15 for train=True set
2026-02-08 15:23:34.032 | INFO     | src.images.creators:create_png_image_dataset:126 - Running with n_workers: 15 for train=False set
2026-02-08 15:23:35.615 | INFO     | src.pipelines.transform_time_series_to_images:run_pipeline:166 - Saved metadata to /net/scratch/hscra/plgrid/plgsmendowski12/ts2i_images/SMD/189_SMD_id_12_Facility_tr_5925_1st_17580_ts2i_RWT_metadata.json
2026-02-08 15:23:35.876 | INFO     | src.pipelines.transform_time_series_to_images:run_pipeline:169 - Saved to /net/scratch/hscra/plgrid/plgsmendowski12/ts2i_images/SMD/189_SMD_id_12_Facility_tr_5925_1st_17580_ts2i_RWT.zip
2026-02-08 15:23:35.965 | INFO     | src.pipelines.transform_time_series_to_images:run_pipeline:68 - Transforming 189_SMD_id_12_Facility_tr_5925_1st_17580 using MWT
2026-02-08 15:23:35.967 | INFO     | src.pipelines.transform_time_series_to_images:run_pipeline:86 - window_len=50, stride=50, resolution=64x64
2026-02-08 15:23:35.967 | INFO     | src.images.creators:create_png_image_dataset:126 - Running with n_workers: 15 for train=True set
2026-02-08 15:23:37.199 | INFO     | src.images.creators:create_png_image_dataset:126 - Running with n_workers: 15 for train=False set
2026-02-08 15:23:38.744 | INFO     | src.pipelines.transform_time_series_to_images:run_pipeline:166 - Saved metadata to /net/scratch/hscra/plgrid/plgsmendowski12/ts2i_images/SMD/189_SMD_id_12_Facility_tr_5925_1st_17580_ts2i_MWT_metadata.json
2026-02-08 15:23:39.045 | INFO     | src.pipelines.transform_time_series_to_images:run_pipeline:169 - Saved to /net/scratch/hscra/plgrid/plgsmendowski12/ts2i_images/SMD/189_SMD_id_12_Facility_tr_5925_1st_17580_ts2i_MWT.zip
2026-02-08 15:23:39.137 | INFO     | src.pipelines.transform_time_series_to_images:run_pipeline:68 - Transforming 189_SMD_id_12_Facility_tr_5925_1st_17580 using SPIRAL
2026-02-08 15:23:39.139 | INFO     | src.pipelines.transform_time_series_to_images:run_pipeline:86 - window_len=50, stride=50, resolution=64x64
2026-02-08 15:23:39.139 | INFO     | src.images.creators:create_png_image_dataset:126 - Running with n_workers: 15 for train=True set
2026-02-08 15:23:39.629 | INFO     | src.images.creators:create_png_image_dataset:126 - Running with n_workers: 15 for train=False set
2026-02-08 15:23:40.727 | INFO     | src.pipelines.transform_time_series_to_images:run_pipeline:166 - Saved metadata to /net/scratch/hscra/plgrid/plgsmendowski12/ts2i_images/SMD/189_SMD_id_12_Facility_tr_5925_1st_17580_ts2i_SPIRAL_metadata.json
2026-02-08 15:23:40.994 | INFO     | src.pipelines.transform_time_series_to_images:run_pipeline:169 - Saved to /net/scratch/hscra/plgrid/plgsmendowski12/ts2i_images/SMD/189_SMD_id_12_Facility_tr_5925_1st_17580_ts2i_SPIRAL.zip
2026-02-08 15:23:41.105 | INFO     | src.pipelines.transform_time_series_to_images:run_pipeline:45 - Loading data from data/TSB-AD/TSB-AD-U/190_SMD_id_13_Facility_tr_7119_1st_15849.csv
2026-02-08 15:23:41.116 | INFO     | src.time_series.loaders:load_tsb_ad_u:91 - Found optimal window_len=50
2026-02-08 15:23:41.117 | INFO     | src.pipelines.transform_time_series_to_images:run_pipeline:68 - Transforming 190_SMD_id_13_Facility_tr_7119_1st_15849 using RN
2026-02-08 15:23:41.119 | INFO     | src.pipelines.transform_time_series_to_images:run_pipeline:86 - window_len=50, stride=50, resolution=64x64
2026-02-08 15:23:41.119 | INFO     | src.images.creators:create_png_image_dataset:126 - Running with n_workers: 15 for train=True set
2026-02-08 15:23:42.019 | INFO     | src.images.creators:create_png_image_dataset:126 - Running with n_workers: 15 for train=False set
2026-02-08 15:23:43.389 | INFO     | src.pipelines.transform_time_series_to_images:run_pipeline:166 - Saved metadata to /net/scratch/hscra/plgrid/plgsmendowski12/ts2i_images/SMD/190_SMD_id_13_Facility_tr_7119_1st_15849_ts2i_RN_metadata.json
2026-02-08 15:23:43.771 | INFO     | src.pipelines.transform_time_series_to_images:run_pipeline:169 - Saved to /net/scratch/hscra/plgrid/plgsmendowski12/ts2i_images/SMD/190_SMD_id_13_Facility_tr_7119_1st_15849_ts2i_RN.zip
2026-02-08 15:23:43.888 | INFO     | src.pipelines.transform_time_series_to_images:run_pipeline:68 - Transforming 190_SMD_id_13_Facility_tr_7119_1st_15849 using SG
2026-02-08 15:23:43.890 | INFO     | src.pipelines.transform_time_series_to_images:run_pipeline:86 - window_len=50, stride=50, resolution=64x64
2026-02-08 15:23:43.890 | INFO     | src.images.creators:create_png_image_dataset:126 - Running with n_workers: 15 for train=True set
2026-02-08 15:23:44.411 | INFO     | src.images.creators:create_png_image_dataset:126 - Running with n_workers: 15 for train=False set
2026-02-08 15:23:45.578 | INFO     | src.pipelines.transform_time_series_to_images:run_pipeline:166 - Saved metadata to /net/scratch/hscra/plgrid/plgsmendowski12/ts2i_images/SMD/190_SMD_id_13_Facility_tr_7119_1st_15849_ts2i_SG_metadata.json
2026-02-08 15:23:45.869 | INFO     | src.pipelines.transform_time_series_to_images:run_pipeline:169 - Saved to /net/scratch/hscra/plgrid/plgsmendowski12/ts2i_images/SMD/190_SMD_id_13_Facility_tr_7119_1st_15849_ts2i_SG.zip
2026-02-08 15:23:45.980 | INFO     | src.pipelines.transform_time_series_to_images:run_pipeline:68 - Transforming 190_SMD_id_13_Facility_tr_7119_1st_15849 using LP
2026-02-08 15:23:45.982 | INFO     | src.pipelines.transform_time_series_to_images:run_pipeline:86 - window_len=50, stride=50, resolution=64x64
2026-02-08 15:23:45.982 | INFO     | src.images.creators:create_png_image_dataset:126 - Running with n_workers: 15 for train=True set
2026-02-08 15:23:47.227 | INFO     | src.images.creators:create_png_image_dataset:126 - Running with n_workers: 15 for train=False set
2026-02-08 15:23:49.756 | INFO     | src.pipelines.transform_time_series_to_images:run_pipeline:166 - Saved metadata to /net/scratch/hscra/plgrid/plgsmendowski12/ts2i_images/SMD/190_SMD_id_13_Facility_tr_7119_1st_15849_ts2i_LP_metadata.json
2026-02-08 15:23:50.048 | INFO     | src.pipelines.transform_time_series_to_images:run_pipeline:169 - Saved to /net/scratch/hscra/plgrid/plgsmendowski12/ts2i_images/SMD/190_SMD_id_13_Facility_tr_7119_1st_15849_ts2i_LP.zip
2026-02-08 15:23:50.156 | INFO     | src.pipelines.transform_time_series_to_images:run_pipeline:68 - Transforming 190_SMD_id_13_Facility_tr_7119_1st_15849 using GASF
2026-02-08 15:23:50.158 | INFO     | src.pipelines.transform_time_series_to_images:run_pipeline:86 - window_len=50, stride=50, resolution=64x64
2026-02-08 15:23:50.158 | INFO     | src.images.creators:create_png_image_dataset:126 - Running with n_workers: 15 for train=True set
2026-02-08 15:23:50.856 | INFO     | src.images.creators:create_png_image_dataset:126 - Running with n_workers: 15 for train=False set
2026-02-08 15:23:52.840 | INFO     | src.pipelines.transform_time_series_to_images:run_pipeline:166 - Saved metadata to /net/scratch/hscra/plgrid/plgsmendowski12/ts2i_images/SMD/190_SMD_id_13_Facility_tr_7119_1st_15849_ts2i_GASF_metadata.json
2026-02-08 15:23:53.211 | INFO     | src.pipelines.transform_time_series_to_images:run_pipeline:169 - Saved to /net/scratch/hscra/plgrid/plgsmendowski12/ts2i_images/SMD/190_SMD_id_13_Facility_tr_7119_1st_15849_ts2i_GASF.zip
2026-02-08 15:23:53.325 | INFO     | src.pipelines.transform_time_series_to_images:run_pipeline:68 - Transforming 190_SMD_id_13_Facility_tr_7119_1st_15849 using GADF
2026-02-08 15:23:53.327 | INFO     | src.pipelines.transform_time_series_to_images:run_pipeline:86 - window_len=50, stride=50, resolution=64x64
2026-02-08 15:23:53.328 | INFO     | src.images.creators:create_png_image_dataset:126 - Running with n_workers: 15 for train=True set
2026-02-08 15:23:54.014 | INFO     | src.images.creators:create_png_image_dataset:126 - Running with n_workers: 15 for train=False set
2026-02-08 15:23:55.639 | INFO     | src.pipelines.transform_time_series_to_images:run_pipeline:166 - Saved metadata to /net/scratch/hscra/plgrid/plgsmendowski12/ts2i_images/SMD/190_SMD_id_13_Facility_tr_7119_1st_15849_ts2i_GADF_metadata.json
2026-02-08 15:23:56.020 | INFO     | src.pipelines.transform_time_series_to_images:run_pipeline:169 - Saved to /net/scratch/hscra/plgrid/plgsmendowski12/ts2i_images/SMD/190_SMD_id_13_Facility_tr_7119_1st_15849_ts2i_GADF.zip
2026-02-08 15:23:56.132 | INFO     | src.pipelines.transform_time_series_to_images:run_pipeline:68 - Transforming 190_SMD_id_13_Facility_tr_7119_1st_15849 using MTF
2026-02-08 15:23:56.134 | INFO     | src.pipelines.transform_time_series_to_images:run_pipeline:86 - window_len=50, stride=50, resolution=64x64
2026-02-08 15:23:56.134 | INFO     | src.images.creators:create_png_image_dataset:126 - Running with n_workers: 15 for train=True set
2026-02-08 15:23:57.152 | INFO     | src.images.creators:create_png_image_dataset:126 - Running with n_workers: 15 for train=False set
2026-02-08 15:23:58.856 | INFO     | src.pipelines.transform_time_series_to_images:run_pipeline:166 - Saved metadata to /net/scratch/hscra/plgrid/plgsmendowski12/ts2i_images/SMD/190_SMD_id_13_Facility_tr_7119_1st_15849_ts2i_MTF_metadata.json
2026-02-08 15:23:59.222 | INFO     | src.pipelines.transform_time_series_to_images:run_pipeline:169 - Saved to /net/scratch/hscra/plgrid/plgsmendowski12/ts2i_images/SMD/190_SMD_id_13_Facility_tr_7119_1st_15849_ts2i_MTF.zip
2026-02-08 15:23:59.335 | INFO     | src.pipelines.transform_time_series_to_images:run_pipeline:68 - Transforming 190_SMD_id_13_Facility_tr_7119_1st_15849 using RP
2026-02-08 15:23:59.337 | INFO     | src.pipelines.transform_time_series_to_images:run_pipeline:86 - window_len=50, stride=50, resolution=64x64
2026-02-08 15:23:59.337 | INFO     | src.images.creators:create_png_image_dataset:126 - Running with n_workers: 15 for train=True set
2026-02-08 15:23:59.888 | INFO     | src.images.creators:create_png_image_dataset:126 - Running with n_workers: 15 for train=False set
2026-02-08 15:24:01.151 | INFO     | src.pipelines.transform_time_series_to_images:run_pipeline:166 - Saved metadata to /net/scratch/hscra/plgrid/plgsmendowski12/ts2i_images/SMD/190_SMD_id_13_Facility_tr_7119_1st_15849_ts2i_RP_metadata.json
2026-02-08 15:24:01.439 | INFO     | src.pipelines.transform_time_series_to_images:run_pipeline:169 - Saved to /net/scratch/hscra/plgrid/plgsmendowski12/ts2i_images/SMD/190_SMD_id_13_Facility_tr_7119_1st_15849_ts2i_RP.zip
2026-02-08 15:24:01.846 | INFO     | src.pipelines.transform_time_series_to_images:run_pipeline:68 - Transforming 190_SMD_id_13_Facility_tr_7119_1st_15849 using RWT
2026-02-08 15:24:01.849 | INFO     | src.pipelines.transform_time_series_to_images:run_pipeline:86 - window_len=50, stride=50, resolution=64x64
2026-02-08 15:24:01.849 | INFO     | src.images.creators:create_png_image_dataset:126 - Running with n_workers: 15 for train=True set
2026-02-08 15:24:02.610 | INFO     | src.images.creators:create_png_image_dataset:126 - Running with n_workers: 15 for train=False set
2026-02-08 15:24:04.475 | INFO     | src.pipelines.transform_time_series_to_images:run_pipeline:166 - Saved metadata to /net/scratch/hscra/plgrid/plgsmendowski12/ts2i_images/SMD/190_SMD_id_13_Facility_tr_7119_1st_15849_ts2i_RWT_metadata.json
2026-02-08 15:24:04.797 | INFO     | src.pipelines.transform_time_series_to_images:run_pipeline:169 - Saved to /net/scratch/hscra/plgrid/plgsmendowski12/ts2i_images/SMD/190_SMD_id_13_Facility_tr_7119_1st_15849_ts2i_RWT.zip
2026-02-08 15:24:04.908 | INFO     | src.pipelines.transform_time_series_to_images:run_pipeline:68 - Transforming 190_SMD_id_13_Facility_tr_7119_1st_15849 using MWT
2026-02-08 15:24:04.910 | INFO     | src.pipelines.transform_time_series_to_images:run_pipeline:86 - window_len=50, stride=50, resolution=64x64
2026-02-08 15:24:04.911 | INFO     | src.images.creators:create_png_image_dataset:126 - Running with n_workers: 15 for train=True set
2026-02-08 15:24:05.656 | INFO     | src.images.creators:create_png_image_dataset:126 - Running with n_workers: 15 for train=False set
2026-02-08 15:24:08.316 | INFO     | src.pipelines.transform_time_series_to_images:run_pipeline:166 - Saved metadata to /net/scratch/hscra/plgrid/plgsmendowski12/ts2i_images/SMD/190_SMD_id_13_Facility_tr_7119_1st_15849_ts2i_MWT_metadata.json
2026-02-08 15:24:08.651 | INFO     | src.pipelines.transform_time_series_to_images:run_pipeline:169 - Saved to /net/scratch/hscra/plgrid/plgsmendowski12/ts2i_images/SMD/190_SMD_id_13_Facility_tr_7119_1st_15849_ts2i_MWT.zip
2026-02-08 15:24:08.758 | INFO     | src.pipelines.transform_time_series_to_images:run_pipeline:68 - Transforming 190_SMD_id_13_Facility_tr_7119_1st_15849 using SPIRAL
2026-02-08 15:24:08.760 | INFO     | src.pipelines.transform_time_series_to_images:run_pipeline:86 - window_len=50, stride=50, resolution=64x64
2026-02-08 15:24:08.760 | INFO     | src.images.creators:create_png_image_dataset:126 - Running with n_workers: 15 for train=True set
2026-02-08 15:24:09.319 | INFO     | src.images.creators:create_png_image_dataset:126 - Running with n_workers: 15 for train=False set
2026-02-08 15:24:10.624 | INFO     | src.pipelines.transform_time_series_to_images:run_pipeline:166 - Saved metadata to /net/scratch/hscra/plgrid/plgsmendowski12/ts2i_images/SMD/190_SMD_id_13_Facility_tr_7119_1st_15849_ts2i_SPIRAL_metadata.json
2026-02-08 15:24:10.951 | INFO     | src.pipelines.transform_time_series_to_images:run_pipeline:169 - Saved to /net/scratch/hscra/plgrid/plgsmendowski12/ts2i_images/SMD/190_SMD_id_13_Facility_tr_7119_1st_15849_ts2i_SPIRAL.zip
2026-02-08 15:24:11.061 | INFO     | src.pipelines.transform_time_series_to_images:run_pipeline:45 - Loading data from data/TSB-AD/TSB-AD-U/191_SMD_id_14_Facility_tr_4596_1st_4696.csv
2026-02-08 15:24:11.071 | INFO     | src.time_series.loaders:load_tsb_ad_u:91 - Found optimal window_len=50
2026-02-08 15:24:11.072 | INFO     | src.pipelines.transform_time_series_to_images:run_pipeline:68 - Transforming 191_SMD_id_14_Facility_tr_4596_1st_4696 using RN
2026-02-08 15:24:11.075 | INFO     | src.pipelines.transform_time_series_to_images:run_pipeline:86 - window_len=50, stride=50, resolution=64x64
2026-02-08 15:24:11.075 | INFO     | src.images.creators:create_png_image_dataset:126 - Running with n_workers: 15 for train=True set
2026-02-08 15:24:11.288 | INFO     | src.images.creators:create_png_image_dataset:126 - Running with n_workers: 15 for train=False set
2026-02-08 15:24:12.715 | INFO     | src.pipelines.transform_time_series_to_images:run_pipeline:166 - Saved metadata to /net/scratch/hscra/plgrid/plgsmendowski12/ts2i_images/SMD/191_SMD_id_14_Facility_tr_4596_1st_4696_ts2i_RN_metadata.json
2026-02-08 15:24:13.001 | INFO     | src.pipelines.transform_time_series_to_images:run_pipeline:169 - Saved to /net/scratch/hscra/plgrid/plgsmendowski12/ts2i_images/SMD/191_SMD_id_14_Facility_tr_4596_1st_4696_ts2i_RN.zip
2026-02-08 15:24:13.087 | INFO     | src.pipelines.transform_time_series_to_images:run_pipeline:68 - Transforming 191_SMD_id_14_Facility_tr_4596_1st_4696 using SG
2026-02-08 15:24:13.089 | INFO     | src.pipelines.transform_time_series_to_images:run_pipeline:86 - window_len=50, stride=50, resolution=64x64
2026-02-08 15:24:13.089 | INFO     | src.images.creators:create_png_image_dataset:126 - Running with n_workers: 15 for train=True set
2026-02-08 15:24:13.250 | INFO     | src.images.creators:create_png_image_dataset:126 - Running with n_workers: 15 for train=False set
2026-02-08 15:24:14.233 | INFO     | src.pipelines.transform_time_series_to_images:run_pipeline:166 - Saved metadata to /net/scratch/hscra/plgrid/plgsmendowski12/ts2i_images/SMD/191_SMD_id_14_Facility_tr_4596_1st_4696_ts2i_SG_metadata.json
2026-02-08 15:24:14.468 | INFO     | src.pipelines.transform_time_series_to_images:run_pipeline:169 - Saved to /net/scratch/hscra/plgrid/plgsmendowski12/ts2i_images/SMD/191_SMD_id_14_Facility_tr_4596_1st_4696_ts2i_SG.zip
2026-02-08 15:24:14.561 | INFO     | src.pipelines.transform_time_series_to_images:run_pipeline:68 - Transforming 191_SMD_id_14_Facility_tr_4596_1st_4696 using LP
2026-02-08 15:24:14.563 | INFO     | src.pipelines.transform_time_series_to_images:run_pipeline:86 - window_len=50, stride=50, resolution=64x64
2026-02-08 15:24:14.563 | INFO     | src.images.creators:create_png_image_dataset:126 - Running with n_workers: 15 for train=True set
2026-02-08 15:24:15.002 | INFO     | src.images.creators:create_png_image_dataset:126 - Running with n_workers: 15 for train=False set
2026-02-08 15:24:17.454 | INFO     | src.pipelines.transform_time_series_to_images:run_pipeline:166 - Saved metadata to /net/scratch/hscra/plgrid/plgsmendowski12/ts2i_images/SMD/191_SMD_id_14_Facility_tr_4596_1st_4696_ts2i_LP_metadata.json
2026-02-08 15:24:17.692 | INFO     | src.pipelines.transform_time_series_to_images:run_pipeline:169 - Saved to /net/scratch/hscra/plgrid/plgsmendowski12/ts2i_images/SMD/191_SMD_id_14_Facility_tr_4596_1st_4696_ts2i_LP.zip
2026-02-08 15:24:17.784 | INFO     | src.pipelines.transform_time_series_to_images:run_pipeline:68 - Transforming 191_SMD_id_14_Facility_tr_4596_1st_4696 using GASF
2026-02-08 15:24:17.786 | INFO     | src.pipelines.transform_time_series_to_images:run_pipeline:86 - window_len=50, stride=50, resolution=64x64
2026-02-08 15:24:17.786 | INFO     | src.images.creators:create_png_image_dataset:126 - Running with n_workers: 15 for train=True set
2026-02-08 15:24:18.049 | INFO     | src.images.creators:create_png_image_dataset:126 - Running with n_workers: 15 for train=False set
2026-02-08 15:24:19.543 | INFO     | src.pipelines.transform_time_series_to_images:run_pipeline:166 - Saved metadata to /net/scratch/hscra/plgrid/plgsmendowski12/ts2i_images/SMD/191_SMD_id_14_Facility_tr_4596_1st_4696_ts2i_GASF_metadata.json
2026-02-08 15:24:19.832 | INFO     | src.pipelines.transform_time_series_to_images:run_pipeline:169 - Saved to /net/scratch/hscra/plgrid/plgsmendowski12/ts2i_images/SMD/191_SMD_id_14_Facility_tr_4596_1st_4696_ts2i_GASF.zip
2026-02-08 15:24:19.924 | INFO     | src.pipelines.transform_time_series_to_images:run_pipeline:68 - Transforming 191_SMD_id_14_Facility_tr_4596_1st_4696 using GADF
2026-02-08 15:24:19.927 | INFO     | src.pipelines.transform_time_series_to_images:run_pipeline:86 - window_len=50, stride=50, resolution=64x64
2026-02-08 15:24:19.927 | INFO     | src.images.creators:create_png_image_dataset:126 - Running with n_workers: 15 for train=True set
2026-02-08 15:24:20.197 | INFO     | src.images.creators:create_png_image_dataset:126 - Running with n_workers: 15 for train=False set
2026-02-08 15:24:21.933 | INFO     | src.pipelines.transform_time_series_to_images:run_pipeline:166 - Saved metadata to /net/scratch/hscra/plgrid/plgsmendowski12/ts2i_images/SMD/191_SMD_id_14_Facility_tr_4596_1st_4696_ts2i_GADF_metadata.json
2026-02-08 15:24:22.207 | INFO     | src.pipelines.transform_time_series_to_images:run_pipeline:169 - Saved to /net/scratch/hscra/plgrid/plgsmendowski12/ts2i_images/SMD/191_SMD_id_14_Facility_tr_4596_1st_4696_ts2i_GADF.zip
2026-02-08 15:24:22.291 | INFO     | src.pipelines.transform_time_series_to_images:run_pipeline:68 - Transforming 191_SMD_id_14_Facility_tr_4596_1st_4696 using MTF
2026-02-08 15:24:22.294 | INFO     | src.pipelines.transform_time_series_to_images:run_pipeline:86 - window_len=50, stride=50, resolution=64x64
2026-02-08 15:24:22.294 | INFO     | src.images.creators:create_png_image_dataset:126 - Running with n_workers: 15 for train=True set
2026-02-08 15:24:22.519 | INFO     | src.images.creators:create_png_image_dataset:126 - Running with n_workers: 15 for train=False set
2026-02-08 15:24:23.819 | INFO     | src.pipelines.transform_time_series_to_images:run_pipeline:166 - Saved metadata to /net/scratch/hscra/plgrid/plgsmendowski12/ts2i_images/SMD/191_SMD_id_14_Facility_tr_4596_1st_4696_ts2i_MTF_metadata.json
2026-02-08 15:24:24.125 | INFO     | src.pipelines.transform_time_series_to_images:run_pipeline:169 - Saved to /net/scratch/hscra/plgrid/plgsmendowski12/ts2i_images/SMD/191_SMD_id_14_Facility_tr_4596_1st_4696_ts2i_MTF.zip
2026-02-08 15:24:24.211 | INFO     | src.pipelines.transform_time_series_to_images:run_pipeline:68 - Transforming 191_SMD_id_14_Facility_tr_4596_1st_4696 using RP
2026-02-08 15:24:24.213 | INFO     | src.pipelines.transform_time_series_to_images:run_pipeline:86 - window_len=50, stride=50, resolution=64x64
2026-02-08 15:24:24.213 | INFO     | src.images.creators:create_png_image_dataset:126 - Running with n_workers: 15 for train=True set
2026-02-08 15:24:24.416 | INFO     | src.images.creators:create_png_image_dataset:126 - Running with n_workers: 15 for train=False set
2026-02-08 15:24:25.627 | INFO     | src.pipelines.transform_time_series_to_images:run_pipeline:166 - Saved metadata to /net/scratch/hscra/plgrid/plgsmendowski12/ts2i_images/SMD/191_SMD_id_14_Facility_tr_4596_1st_4696_ts2i_RP_metadata.json
2026-02-08 15:24:25.907 | INFO     | src.pipelines.transform_time_series_to_images:run_pipeline:169 - Saved to /net/scratch/hscra/plgrid/plgsmendowski12/ts2i_images/SMD/191_SMD_id_14_Facility_tr_4596_1st_4696_ts2i_RP.zip
2026-02-08 15:24:25.998 | INFO     | src.pipelines.transform_time_series_to_images:run_pipeline:68 - Transforming 191_SMD_id_14_Facility_tr_4596_1st_4696 using RWT
2026-02-08 15:24:26.000 | INFO     | src.pipelines.transform_time_series_to_images:run_pipeline:86 - window_len=50, stride=50, resolution=64x64
2026-02-08 15:24:26.000 | INFO     | src.images.creators:create_png_image_dataset:126 - Running with n_workers: 15 for train=True set
2026-02-08 15:24:26.287 | INFO     | src.images.creators:create_png_image_dataset:126 - Running with n_workers: 15 for train=False set
2026-02-08 15:24:28.162 | INFO     | src.pipelines.transform_time_series_to_images:run_pipeline:166 - Saved metadata to /net/scratch/hscra/plgrid/plgsmendowski12/ts2i_images/SMD/191_SMD_id_14_Facility_tr_4596_1st_4696_ts2i_RWT_metadata.json
2026-02-08 15:24:28.442 | INFO     | src.pipelines.transform_time_series_to_images:run_pipeline:169 - Saved to /net/scratch/hscra/plgrid/plgsmendowski12/ts2i_images/SMD/191_SMD_id_14_Facility_tr_4596_1st_4696_ts2i_RWT.zip
2026-02-08 15:24:28.533 | INFO     | src.pipelines.transform_time_series_to_images:run_pipeline:68 - Transforming 191_SMD_id_14_Facility_tr_4596_1st_4696 using MWT
2026-02-08 15:24:28.535 | INFO     | src.pipelines.transform_time_series_to_images:run_pipeline:86 - window_len=50, stride=50, resolution=64x64
2026-02-08 15:24:28.535 | INFO     | src.images.creators:create_png_image_dataset:126 - Running with n_workers: 15 for train=True set
2026-02-08 15:24:28.826 | INFO     | src.images.creators:create_png_image_dataset:126 - Running with n_workers: 15 for train=False set
2026-02-08 15:24:30.394 | INFO     | src.pipelines.transform_time_series_to_images:run_pipeline:166 - Saved metadata to /net/scratch/hscra/plgrid/plgsmendowski12/ts2i_images/SMD/191_SMD_id_14_Facility_tr_4596_1st_4696_ts2i_MWT_metadata.json
2026-02-08 15:24:30.661 | INFO     | src.pipelines.transform_time_series_to_images:run_pipeline:169 - Saved to /net/scratch/hscra/plgrid/plgsmendowski12/ts2i_images/SMD/191_SMD_id_14_Facility_tr_4596_1st_4696_ts2i_MWT.zip
2026-02-08 15:24:30.754 | INFO     | src.pipelines.transform_time_series_to_images:run_pipeline:68 - Transforming 191_SMD_id_14_Facility_tr_4596_1st_4696 using SPIRAL
2026-02-08 15:24:30.756 | INFO     | src.pipelines.transform_time_series_to_images:run_pipeline:86 - window_len=50, stride=50, resolution=64x64
2026-02-08 15:24:30.756 | INFO     | src.images.creators:create_png_image_dataset:126 - Running with n_workers: 15 for train=True set
2026-02-08 15:24:30.963 | INFO     | src.images.creators:create_png_image_dataset:126 - Running with n_workers: 15 for train=False set
2026-02-08 15:24:32.363 | INFO     | src.pipelines.transform_time_series_to_images:run_pipeline:166 - Saved metadata to /net/scratch/hscra/plgrid/plgsmendowski12/ts2i_images/SMD/191_SMD_id_14_Facility_tr_4596_1st_4696_ts2i_SPIRAL_metadata.json
2026-02-08 15:24:32.628 | INFO     | src.pipelines.transform_time_series_to_images:run_pipeline:169 - Saved to /net/scratch/hscra/plgrid/plgsmendowski12/ts2i_images/SMD/191_SMD_id_14_Facility_tr_4596_1st_4696_ts2i_SPIRAL.zip
warning: Using incompatible environment (`/net/scratch/hscra/plgrid/plgsmendowski12/.venv_ts2img`) due to `--no-sync` (The project environment's Python version does not satisfy the request: `Python 3.10.13`)
2026-02-08 15:24:43.157 | INFO     | src.pipelines.train_vision_backbones:run_pipeline:39 - Loading configuration from configs/default.yaml
2026-02-08 15:24:43.178 | INFO     | src.pipelines.train_vision_backbones:run_pipeline:70 - Using zip: /net/scratch/hscra/plgrid/plgsmendowski12/ts2i_images/SMD/185_SMD_id_8_Facility_tr_5000_1st_15144_ts2i_RN.zip for transformation RN
2026-02-08 15:24:43.647 | INFO     | src.pipelines.train_vision_backbones:run_pipeline:170 - Train images: 79
2026-02-08 15:24:43.647 | INFO     | src.pipelines.train_vision_backbones:run_pipeline:171 - Test images: 299
2026-02-08 15:24:43.658 | INFO     | src.pipelines.train_vision_backbones:run_pipeline:176 - Training cnn_autoencoder on RN
2026-02-08 15:24:44.493 | INFO     | src.models.cnn_autoencoder.training:train_autoencoder:22 - Device: cuda | Model on: cuda:0
2026-02-08 15:24:53.166 | INFO     | src.pipelines.train_vision_backbones:run_pipeline:193 - Evaluating cnn_autoencoder on RN
2026-02-08 15:24:53.431 | INFO     | src.models.evaluation:evaluate_tsb_ad_nonoverlapping:65 - Normal (14092) reconstruction error: mean=0.5418, std=0.2872
2026-02-08 15:24:53.432 | INFO     | src.models.evaluation:evaluate_tsb_ad_nonoverlapping:66 - Anomaly (908) reconstruction error: mean=0.3336, std=0.1959
2026-02-08 15:24:53.432 | INFO     | src.models.evaluation:evaluate_tsb_ad_nonoverlapping:67 - Overlap? Normal max=1.0000, Anomaly min=0.0139
2026-02-08 15:24:58.261 | INFO     | src.models.evaluation:evaluate_tsb_ad_nonoverlapping:83 - {'AUC-PR': 0.046283327372300107, 'AUC-ROC': 0.2676826511996059, 'VUS-PR': np.float64(0.057708167490553734), 'VUS-ROC': np.float64(0.2612397110145106), 'Standard-F1': np.float64(0.1198035973075197), 'PA-F1': 0.14687803299902943, 'Event-based-F1': np.float64(0.11980472357830836), 'R-based-F1': 0.2227882815703199, 'Affiliation-F': 0.7093813717784749}
2026-02-08 15:24:58.409 | INFO     | src.pipelines.train_vision_backbones:run_pipeline:170 - Train images: 79
2026-02-08 15:24:58.409 | INFO     | src.pipelines.train_vision_backbones:run_pipeline:171 - Test images: 299
2026-02-08 15:24:58.685 | INFO     | src.pipelines.train_vision_backbones:run_pipeline:176 - Training resnet18_autoencoder_frozen on RN
2026-02-08 15:24:58.699 | INFO     | src.models.resnet18_autoencoder.training:train_autoencoder_frozen:25 - Device: cuda | Model on: cuda:0
2026-02-08 15:25:09.004 | INFO     | src.pipelines.train_vision_backbones:run_pipeline:193 - Evaluating resnet18_autoencoder_frozen on RN
2026-02-08 15:25:09.292 | INFO     | src.models.evaluation:evaluate_tsb_ad_nonoverlapping:65 - Normal (14092) reconstruction error: mean=0.5447, std=0.2576
2026-02-08 15:25:09.293 | INFO     | src.models.evaluation:evaluate_tsb_ad_nonoverlapping:66 - Anomaly (908) reconstruction error: mean=0.3328, std=0.2039
2026-02-08 15:25:09.293 | INFO     | src.models.evaluation:evaluate_tsb_ad_nonoverlapping:67 - Overlap? Normal max=1.0000, Anomaly min=0.0000
2026-02-08 15:25:14.136 | INFO     | src.models.evaluation:evaluate_tsb_ad_nonoverlapping:83 - {'AUC-PR': 0.04588982348648624, 'AUC-ROC': 0.25353513912977155, 'VUS-PR': np.float64(0.05237040664341659), 'VUS-ROC': np.float64(0.2686716852034824), 'Standard-F1': np.float64(0.11415532290052582), 'PA-F1': 0.1748339270241648, 'Event-based-F1': np.float64(0.10632627296956085), 'R-based-F1': 0.4013914227095215, 'Affiliation-F': 0.6900146446751144}
2026-02-08 15:25:14.289 | INFO     | src.pipelines.train_vision_backbones:run_pipeline:170 - Train images: 79
2026-02-08 15:25:14.289 | INFO     | src.pipelines.train_vision_backbones:run_pipeline:171 - Test images: 299
2026-02-08 15:25:14.493 | INFO     | src.pipelines.train_vision_backbones:run_pipeline:176 - Training resnet18_autoencoder_progressive_unfreeze on RN
2026-02-08 15:25:14.506 | INFO     | src.models.resnet18_autoencoder.training:train_autoencoder_progressive_unfreeze:133 - Device: cuda | Model on: cuda:0
2026-02-08 15:25:23.777 | INFO     | src.pipelines.train_vision_backbones:run_pipeline:193 - Evaluating resnet18_autoencoder_progressive_unfreeze on RN
2026-02-08 15:25:24.040 | INFO     | src.models.evaluation:evaluate_tsb_ad_nonoverlapping:65 - Normal (14092) reconstruction error: mean=0.5350, std=0.2462
2026-02-08 15:25:24.041 | INFO     | src.models.evaluation:evaluate_tsb_ad_nonoverlapping:66 - Anomaly (908) reconstruction error: mean=0.3418, std=0.1909
2026-02-08 15:25:24.041 | INFO     | src.models.evaluation:evaluate_tsb_ad_nonoverlapping:67 - Overlap? Normal max=1.0000, Anomaly min=0.0000
2026-02-08 15:25:28.850 | INFO     | src.models.evaluation:evaluate_tsb_ad_nonoverlapping:83 - {'AUC-PR': 0.04794580775844749, 'AUC-ROC': 0.2802651643510674, 'VUS-PR': np.float64(0.05722631298279218), 'VUS-ROC': np.float64(0.3122149753829586), 'Standard-F1': np.float64(0.11862966535982415), 'PA-F1': 0.18844038601224447, 'Event-based-F1': np.float64(0.1186307812908282), 'R-based-F1': 0.25774284378619, 'Affiliation-F': 0.7006630298053753}
2026-02-08 15:25:29.000 | INFO     | src.pipelines.train_vision_backbones:run_pipeline:170 - Train images: 79
2026-02-08 15:25:29.000 | INFO     | src.pipelines.train_vision_backbones:run_pipeline:171 - Test images: 299
2026-02-08 15:25:29.211 | INFO     | src.pipelines.train_vision_backbones:run_pipeline:176 - Training resnet18_autoencoder_differential_lr on RN
2026-02-08 15:25:29.226 | INFO     | src.models.resnet18_autoencoder.training:train_autoencoder_differential_lr:271 - Device: cuda | Model on: cuda:0
2026-02-08 15:25:40.905 | INFO     | src.pipelines.train_vision_backbones:run_pipeline:193 - Evaluating resnet18_autoencoder_differential_lr on RN
2026-02-08 15:25:41.117 | INFO     | src.models.evaluation:evaluate_tsb_ad_nonoverlapping:65 - Normal (14092) reconstruction error: mean=0.5333, std=0.2492
2026-02-08 15:25:41.117 | INFO     | src.models.evaluation:evaluate_tsb_ad_nonoverlapping:66 - Anomaly (908) reconstruction error: mean=0.3308, std=0.1897
2026-02-08 15:25:41.117 | INFO     | src.models.evaluation:evaluate_tsb_ad_nonoverlapping:67 - Overlap? Normal max=1.0000, Anomaly min=0.0000
2026-02-08 15:25:45.931 | INFO     | src.models.evaluation:evaluate_tsb_ad_nonoverlapping:83 - {'AUC-PR': 0.04608736788033512, 'AUC-ROC': 0.25460191741869975, 'VUS-PR': np.float64(0.053276884583493826), 'VUS-ROC': np.float64(0.28054951234268644), 'Standard-F1': np.float64(0.11415532290052582), 'PA-F1': 0.18844038601224447, 'Event-based-F1': np.float64(0.10632627296956085), 'R-based-F1': 0.4013914227095215, 'Affiliation-F': 0.6900146446751144}
2026-02-08 15:25:46.077 | INFO     | src.pipelines.train_vision_backbones:run_pipeline:170 - Train images: 79
2026-02-08 15:25:46.077 | INFO     | src.pipelines.train_vision_backbones:run_pipeline:171 - Test images: 299
2026-02-08 15:25:47.111 | INFO     | src.pipelines.train_vision_backbones:run_pipeline:176 - Training pvt_autoencoder_frozen on RN
2026-02-08 15:25:47.135 | INFO     | src.models.pvt_autoencoder.training:train_pvt_autoencoder_frozen:24 - Device: cuda | Model on: cuda:0
2026-02-08 15:26:00.773 | INFO     | src.pipelines.train_vision_backbones:run_pipeline:193 - Evaluating pvt_autoencoder_frozen on RN
2026-02-08 15:26:00.971 | INFO     | src.models.evaluation:evaluate_tsb_ad_nonoverlapping:65 - Normal (14092) reconstruction error: mean=0.5078, std=0.2472
2026-02-08 15:26:00.971 | INFO     | src.models.evaluation:evaluate_tsb_ad_nonoverlapping:66 - Anomaly (908) reconstruction error: mean=0.2998, std=0.1677
2026-02-08 15:26:00.971 | INFO     | src.models.evaluation:evaluate_tsb_ad_nonoverlapping:67 - Overlap? Normal max=1.0000, Anomaly min=0.0000
2026-02-08 15:26:05.702 | INFO     | src.models.evaluation:evaluate_tsb_ad_nonoverlapping:83 - {'AUC-PR': 0.04542880444239933, 'AUC-ROC': 0.23968655943760386, 'VUS-PR': np.float64(0.053590487890330336), 'VUS-ROC': np.float64(0.2692503627831207), 'Standard-F1': np.float64(0.11415532290052582), 'PA-F1': 0.1748339270241648, 'Event-based-F1': np.float64(0.10632627296956085), 'R-based-F1': 0.25774284378619, 'Affiliation-F': 0.6895175326201363}
2026-02-08 15:26:05.847 | INFO     | src.pipelines.train_vision_backbones:run_pipeline:170 - Train images: 79
2026-02-08 15:26:05.847 | INFO     | src.pipelines.train_vision_backbones:run_pipeline:171 - Test images: 299
Warning: You are sending unauthenticated requests to the HF Hub. Please set a HF_TOKEN to enable higher rate limits and faster downloads.
2026-02-08 15:26:06.892 | INFO     | src.pipelines.train_vision_backbones:run_pipeline:176 - Training pvt_autoencoder_progressive_unfreeze on RN
2026-02-08 15:26:06.914 | INFO     | src.models.pvt_autoencoder.training:train_pvt_autoencoder_progressive_unfreeze:132 - Device: cuda | Model on: cuda:0
2026-02-08 15:26:20.710 | INFO     | src.pipelines.train_vision_backbones:run_pipeline:193 - Evaluating pvt_autoencoder_progressive_unfreeze on RN
2026-02-08 15:26:20.896 | INFO     | src.models.evaluation:evaluate_tsb_ad_nonoverlapping:65 - Normal (14092) reconstruction error: mean=0.5255, std=0.2514
2026-02-08 15:26:20.896 | INFO     | src.models.evaluation:evaluate_tsb_ad_nonoverlapping:66 - Anomaly (908) reconstruction error: mean=0.3128, std=0.1848
2026-02-08 15:26:20.896 | INFO     | src.models.evaluation:evaluate_tsb_ad_nonoverlapping:67 - Overlap? Normal max=1.0000, Anomaly min=0.0000
2026-02-08 15:26:25.658 | INFO     | src.models.evaluation:evaluate_tsb_ad_nonoverlapping:83 - {'AUC-PR': 0.04682853609710701, 'AUC-ROC': 0.2598420261566221, 'VUS-PR': np.float64(0.05238585559467514), 'VUS-ROC': np.float64(0.292149521799234), 'Standard-F1': np.float64(0.11862966535982415), 'PA-F1': 0.20066298342541436, 'Event-based-F1': np.float64(0.1186307812908282), 'R-based-F1': 0.25774284378619, 'Affiliation-F': 0.7006630298053753}
2026-02-08 15:26:25.810 | INFO     | src.pipelines.train_vision_backbones:run_pipeline:170 - Train images: 79
2026-02-08 15:26:25.810 | INFO     | src.pipelines.train_vision_backbones:run_pipeline:171 - Test images: 299
2026-02-08 15:26:26.755 | INFO     | src.pipelines.train_vision_backbones:run_pipeline:176 - Training pvt_autoencoder_differential_lr on RN
2026-02-08 15:26:26.779 | INFO     | src.models.pvt_autoencoder.training:train_pvt_autoencoder_differential_lr:267 - Device: cuda | Model on: cuda:0
2026-02-08 15:26:40.944 | INFO     | src.pipelines.train_vision_backbones:run_pipeline:193 - Evaluating pvt_autoencoder_differential_lr on RN
2026-02-08 15:26:41.126 | INFO     | src.models.evaluation:evaluate_tsb_ad_nonoverlapping:65 - Normal (14092) reconstruction error: mean=0.5145, std=0.2526
2026-02-08 15:26:41.126 | INFO     | src.models.evaluation:evaluate_tsb_ad_nonoverlapping:66 - Anomaly (908) reconstruction error: mean=0.3051, std=0.1841
2026-02-08 15:26:41.126 | INFO     | src.models.evaluation:evaluate_tsb_ad_nonoverlapping:67 - Overlap? Normal max=1.0000, Anomaly min=0.0000
2026-02-08 15:26:45.842 | INFO     | src.models.evaluation:evaluate_tsb_ad_nonoverlapping:83 - {'AUC-PR': 0.045480933941952614, 'AUC-ROC': 0.24287907907882875, 'VUS-PR': np.float64(0.051983269140991946), 'VUS-ROC': np.float64(0.2612651249558075), 'Standard-F1': np.float64(0.11862966535982415), 'PA-F1': 0.1748339270241648, 'Event-based-F1': np.float64(0.1186307812908282), 'R-based-F1': 0.25774284378619, 'Affiliation-F': 0.7006630298053753}
2026-02-08 15:26:46.137 | INFO     | src.pipelines.train_vision_backbones:run_pipeline:70 - Using zip: /net/scratch/hscra/plgrid/plgsmendowski12/ts2i_images/SMD/185_SMD_id_8_Facility_tr_5000_1st_15144_ts2i_LP.zip for transformation LP
2026-02-08 15:26:46.591 | INFO     | src.pipelines.train_vision_backbones:run_pipeline:170 - Train images: 79
2026-02-08 15:26:46.591 | INFO     | src.pipelines.train_vision_backbones:run_pipeline:171 - Test images: 299
2026-02-08 15:26:46.598 | INFO     | src.pipelines.train_vision_backbones:run_pipeline:176 - Training cnn_autoencoder on LP
2026-02-08 15:26:46.602 | INFO     | src.models.cnn_autoencoder.training:train_autoencoder:22 - Device: cuda | Model on: cuda:0
2026-02-08 15:27:12.172 | INFO     | src.pipelines.train_vision_backbones:run_pipeline:193 - Evaluating cnn_autoencoder on LP
2026-02-08 15:27:12.407 | INFO     | src.models.evaluation:evaluate_tsb_ad_nonoverlapping:65 - Normal (14092) reconstruction error: mean=0.2240, std=0.1731
2026-02-08 15:27:12.407 | INFO     | src.models.evaluation:evaluate_tsb_ad_nonoverlapping:66 - Anomaly (908) reconstruction error: mean=0.6480, std=0.1446
2026-02-08 15:27:12.407 | INFO     | src.models.evaluation:evaluate_tsb_ad_nonoverlapping:67 - Overlap? Normal max=1.0000, Anomaly min=0.4734
2026-02-08 15:27:16.025 | INFO     | src.models.evaluation:evaluate_tsb_ad_nonoverlapping:83 - {'AUC-PR': 0.4645396090654083, 'AUC-ROC': 0.9540763278693445, 'VUS-PR': np.float64(0.5042713159270364), 'VUS-ROC': np.float64(0.9583116070651267), 'Standard-F1': np.float64(0.5704745086110968), 'PA-F1': 0.8465266558966075, 'Event-based-F1': np.float64(0.6435160065111227), 'R-based-F1': 0.5114407125155653, 'Affiliation-F': 0.919144687661323}
2026-02-08 15:27:16.198 | INFO     | src.pipelines.train_vision_backbones:run_pipeline:170 - Train images: 79
2026-02-08 15:27:16.198 | INFO     | src.pipelines.train_vision_backbones:run_pipeline:171 - Test images: 299
2026-02-08 15:27:16.406 | INFO     | src.pipelines.train_vision_backbones:run_pipeline:176 - Training resnet18_autoencoder_frozen on LP
2026-02-08 15:27:16.419 | INFO     | src.models.resnet18_autoencoder.training:train_autoencoder_frozen:25 - Device: cuda | Model on: cuda:0
2026-02-08 15:27:44.196 | INFO     | src.pipelines.train_vision_backbones:run_pipeline:193 - Evaluating resnet18_autoencoder_frozen on LP
2026-02-08 15:27:44.443 | INFO     | src.models.evaluation:evaluate_tsb_ad_nonoverlapping:65 - Normal (14092) reconstruction error: mean=0.2109, std=0.1594
2026-02-08 15:27:44.443 | INFO     | src.models.evaluation:evaluate_tsb_ad_nonoverlapping:66 - Anomaly (908) reconstruction error: mean=0.5413, std=0.1773
2026-02-08 15:27:44.443 | INFO     | src.models.evaluation:evaluate_tsb_ad_nonoverlapping:67 - Overlap? Normal max=1.0000, Anomaly min=0.2838
2026-02-08 15:27:47.978 | INFO     | src.models.evaluation:evaluate_tsb_ad_nonoverlapping:83 - {'AUC-PR': 0.4356123909229047, 'AUC-ROC': 0.914937678265295, 'VUS-PR': np.float64(0.5271514475702425), 'VUS-ROC': np.float64(0.939928820164987), 'Standard-F1': np.float64(0.4862662279501483), 'PA-F1': 0.8947068867387592, 'Event-based-F1': np.float64(0.7312572087658588), 'R-based-F1': 0.3906316338109512, 'Affiliation-F': 0.9024055524705913}
2026-02-08 15:27:48.129 | INFO     | src.pipelines.train_vision_backbones:run_pipeline:170 - Train images: 79
2026-02-08 15:27:48.129 | INFO     | src.pipelines.train_vision_backbones:run_pipeline:171 - Test images: 299
2026-02-08 15:27:48.341 | INFO     | src.pipelines.train_vision_backbones:run_pipeline:176 - Training resnet18_autoencoder_progressive_unfreeze on LP
2026-02-08 15:27:48.354 | INFO     | src.models.resnet18_autoencoder.training:train_autoencoder_progressive_unfreeze:133 - Device: cuda | Model on: cuda:0
2026-02-08 15:28:20.611 | INFO     | src.pipelines.train_vision_backbones:run_pipeline:193 - Evaluating resnet18_autoencoder_progressive_unfreeze on LP
2026-02-08 15:28:20.860 | INFO     | src.models.evaluation:evaluate_tsb_ad_nonoverlapping:65 - Normal (14092) reconstruction error: mean=0.2563, std=0.1709
2026-02-08 15:28:20.860 | INFO     | src.models.evaluation:evaluate_tsb_ad_nonoverlapping:66 - Anomaly (908) reconstruction error: mean=0.6121, std=0.1289
2026-02-08 15:28:20.860 | INFO     | src.models.evaluation:evaluate_tsb_ad_nonoverlapping:67 - Overlap? Normal max=1.0000, Anomaly min=0.4471
2026-02-08 15:28:24.625 | INFO     | src.models.evaluation:evaluate_tsb_ad_nonoverlapping:83 - {'AUC-PR': 0.445052053610859, 'AUC-ROC': 0.9388757141553117, 'VUS-PR': np.float64(0.5748908302163419), 'VUS-ROC': np.float64(0.9537092932713939), 'Standard-F1': np.float64(0.4976948476551535), 'PA-F1': 0.9317598768599281, 'Event-based-F1': np.float64(0.8005997001499245), 'R-based-F1': 0.420585738323878, 'Affiliation-F': 0.9418123938561562}
2026-02-08 15:28:24.778 | INFO     | src.pipelines.train_vision_backbones:run_pipeline:170 - Train images: 79
2026-02-08 15:28:24.778 | INFO     | src.pipelines.train_vision_backbones:run_pipeline:171 - Test images: 299
2026-02-08 15:28:24.989 | INFO     | src.pipelines.train_vision_backbones:run_pipeline:176 - Training resnet18_autoencoder_differential_lr on LP
2026-02-08 15:28:25.003 | INFO     | src.models.resnet18_autoencoder.training:train_autoencoder_differential_lr:271 - Device: cuda | Model on: cuda:0
2026-02-08 15:28:55.081 | INFO     | src.pipelines.train_vision_backbones:run_pipeline:193 - Evaluating resnet18_autoencoder_differential_lr on LP
2026-02-08 15:28:55.560 | INFO     | src.models.evaluation:evaluate_tsb_ad_nonoverlapping:65 - Normal (14092) reconstruction error: mean=0.2123, std=0.1599
2026-02-08 15:28:55.560 | INFO     | src.models.evaluation:evaluate_tsb_ad_nonoverlapping:66 - Anomaly (908) reconstruction error: mean=0.5434, std=0.1888
2026-02-08 15:28:55.560 | INFO     | src.models.evaluation:evaluate_tsb_ad_nonoverlapping:67 - Overlap? Normal max=1.0000, Anomaly min=0.2868
2026-02-08 15:28:59.149 | INFO     | src.models.evaluation:evaluate_tsb_ad_nonoverlapping:83 - {'AUC-PR': 0.42041877409551226, 'AUC-ROC': 0.9116318378534514, 'VUS-PR': np.float64(0.48721853386666036), 'VUS-ROC': np.float64(0.9348297869923973), 'Standard-F1': np.float64(0.4525404093655098), 'PA-F1': 0.8947068867387592, 'Event-based-F1': np.float64(0.7231121281464525), 'R-based-F1': 0.3467545468717368, 'Affiliation-F': 0.9116806778418366}
2026-02-08 15:28:59.301 | INFO     | src.pipelines.train_vision_backbones:run_pipeline:170 - Train images: 79
2026-02-08 15:28:59.301 | INFO     | src.pipelines.train_vision_backbones:run_pipeline:171 - Test images: 299
2026-02-08 15:29:00.243 | INFO     | src.pipelines.train_vision_backbones:run_pipeline:176 - Training pvt_autoencoder_frozen on LP
2026-02-08 15:29:00.266 | INFO     | src.models.pvt_autoencoder.training:train_pvt_autoencoder_frozen:24 - Device: cuda | Model on: cuda:0
2026-02-08 15:29:33.855 | INFO     | src.pipelines.train_vision_backbones:run_pipeline:193 - Evaluating pvt_autoencoder_frozen on LP
2026-02-08 15:29:34.033 | INFO     | src.models.evaluation:evaluate_tsb_ad_nonoverlapping:65 - Normal (14092) reconstruction error: mean=0.1869, std=0.1627
2026-02-08 15:29:34.033 | INFO     | src.models.evaluation:evaluate_tsb_ad_nonoverlapping:66 - Anomaly (908) reconstruction error: mean=0.5110, std=0.2166
2026-02-08 15:29:34.034 | INFO     | src.models.evaluation:evaluate_tsb_ad_nonoverlapping:67 - Overlap? Normal max=1.0000, Anomaly min=0.1799
2026-02-08 15:29:37.490 | INFO     | src.models.evaluation:evaluate_tsb_ad_nonoverlapping:83 - {'AUC-PR': 0.40795476562803484, 'AUC-ROC': 0.8790110863663703, 'VUS-PR': np.float64(0.49044358969693197), 'VUS-ROC': np.float64(0.9189981948530316), 'Standard-F1': np.float64(0.4602404025492444), 'PA-F1': 0.8947068867387592, 'Event-based-F1': np.float64(0.7069876688197293), 'R-based-F1': 0.36065636073868235, 'Affiliation-F': 0.901194716175496}
2026-02-08 15:29:37.641 | INFO     | src.pipelines.train_vision_backbones:run_pipeline:170 - Train images: 79
2026-02-08 15:29:37.641 | INFO     | src.pipelines.train_vision_backbones:run_pipeline:171 - Test images: 299
2026-02-08 15:29:38.582 | INFO     | src.pipelines.train_vision_backbones:run_pipeline:176 - Training pvt_autoencoder_progressive_unfreeze on LP
2026-02-08 15:29:38.608 | INFO     | src.models.pvt_autoencoder.training:train_pvt_autoencoder_progressive_unfreeze:132 - Device: cuda | Model on: cuda:0
2026-02-08 15:30:13.414 | INFO     | src.pipelines.train_vision_backbones:run_pipeline:193 - Evaluating pvt_autoencoder_progressive_unfreeze on LP
2026-02-08 15:30:13.591 | INFO     | src.models.evaluation:evaluate_tsb_ad_nonoverlapping:65 - Normal (14092) reconstruction error: mean=0.1887, std=0.1713
2026-02-08 15:30:13.592 | INFO     | src.models.evaluation:evaluate_tsb_ad_nonoverlapping:66 - Anomaly (908) reconstruction error: mean=0.5212, std=0.2120
2026-02-08 15:30:13.592 | INFO     | src.models.evaluation:evaluate_tsb_ad_nonoverlapping:67 - Overlap? Normal max=1.0000, Anomaly min=0.1860
2026-02-08 15:30:17.009 | INFO     | src.models.evaluation:evaluate_tsb_ad_nonoverlapping:83 - {'AUC-PR': 0.4055320050047721, 'AUC-ROC': 0.885497723581099, 'VUS-PR': np.float64(0.47005638288984203), 'VUS-ROC': np.float64(0.9202022925053388), 'Standard-F1': np.float64(0.4602404025492444), 'PA-F1': 0.8947068867387592, 'Event-based-F1': np.float64(0.7069876688197293), 'R-based-F1': 0.3607356941265033, 'Affiliation-F': 0.9097017492484102}
2026-02-08 15:30:17.166 | INFO     | src.pipelines.train_vision_backbones:run_pipeline:170 - Train images: 79
2026-02-08 15:30:17.166 | INFO     | src.pipelines.train_vision_backbones:run_pipeline:171 - Test images: 299
2026-02-08 15:30:18.111 | INFO     | src.pipelines.train_vision_backbones:run_pipeline:176 - Training pvt_autoencoder_differential_lr on LP
2026-02-08 15:30:18.137 | INFO     | src.models.pvt_autoencoder.training:train_pvt_autoencoder_differential_lr:267 - Device: cuda | Model on: cuda:0
2026-02-08 15:30:54.471 | INFO     | src.pipelines.train_vision_backbones:run_pipeline:193 - Evaluating pvt_autoencoder_differential_lr on LP
2026-02-08 15:30:54.649 | INFO     | src.models.evaluation:evaluate_tsb_ad_nonoverlapping:65 - Normal (14092) reconstruction error: mean=0.2138, std=0.1665
2026-02-08 15:30:54.650 | INFO     | src.models.evaluation:evaluate_tsb_ad_nonoverlapping:66 - Anomaly (908) reconstruction error: mean=0.5495, std=0.1847
2026-02-08 15:30:54.650 | INFO     | src.models.evaluation:evaluate_tsb_ad_nonoverlapping:67 - Overlap? Normal max=1.0000, Anomaly min=0.3107
2026-02-08 15:30:58.226 | INFO     | src.models.evaluation:evaluate_tsb_ad_nonoverlapping:83 - {'AUC-PR': 0.40804491824448597, 'AUC-ROC': 0.907310018118819, 'VUS-PR': np.float64(0.4689271086950544), 'VUS-ROC': np.float64(0.9298500790202396), 'Standard-F1': np.float64(0.4602404025492444), 'PA-F1': 0.8947068867387592, 'Event-based-F1': np.float64(0.7069876688197293), 'R-based-F1': 0.34733010421105, 'Affiliation-F': 0.9031133613855031}
2026-02-08 15:30:58.537 | INFO     | src.pipelines.train_vision_backbones:run_pipeline:70 - Using zip: /net/scratch/hscra/plgrid/plgsmendowski12/ts2i_images/SMD/185_SMD_id_8_Facility_tr_5000_1st_15144_ts2i_SG.zip for transformation SG
2026-02-08 15:30:59.049 | INFO     | src.pipelines.train_vision_backbones:run_pipeline:170 - Train images: 79
2026-02-08 15:30:59.049 | INFO     | src.pipelines.train_vision_backbones:run_pipeline:171 - Test images: 299
2026-02-08 15:30:59.055 | INFO     | src.pipelines.train_vision_backbones:run_pipeline:176 - Training cnn_autoencoder on SG
2026-02-08 15:30:59.059 | INFO     | src.models.cnn_autoencoder.training:train_autoencoder:22 - Device: cuda | Model on: cuda:0
2026-02-08 15:31:20.335 | INFO     | src.pipelines.train_vision_backbones:run_pipeline:193 - Evaluating cnn_autoencoder on SG
2026-02-08 15:31:20.746 | INFO     | src.models.evaluation:evaluate_tsb_ad_nonoverlapping:65 - Normal (14092) reconstruction error: mean=0.0359, std=0.0892
2026-02-08 15:31:20.746 | INFO     | src.models.evaluation:evaluate_tsb_ad_nonoverlapping:66 - Anomaly (908) reconstruction error: mean=0.4438, std=0.3789
2026-02-08 15:31:20.746 | INFO     | src.models.evaluation:evaluate_tsb_ad_nonoverlapping:67 - Overlap? Normal max=0.9852, Anomaly min=0.0048
2026-02-08 15:31:23.524 | INFO     | src.models.evaluation:evaluate_tsb_ad_nonoverlapping:83 - {'AUC-PR': 0.5703318072972797, 'AUC-ROC': 0.7380361401038611, 'VUS-PR': np.float64(0.6284160660441453), 'VUS-ROC': np.float64(0.8167830480024758), 'Standard-F1': np.float64(0.6593241521238487), 'PA-F1': 0.9732047159699893, 'Event-based-F1': np.float64(0.9333333333333328), 'R-based-F1': 0.6980961576674849, 'Affiliation-F': 0.9614257182797056}
2026-02-08 15:31:23.677 | INFO     | src.pipelines.train_vision_backbones:run_pipeline:170 - Train images: 79
2026-02-08 15:31:23.677 | INFO     | src.pipelines.train_vision_backbones:run_pipeline:171 - Test images: 299
2026-02-08 15:31:23.883 | INFO     | src.pipelines.train_vision_backbones:run_pipeline:176 - Training resnet18_autoencoder_frozen on SG
2026-02-08 15:31:23.895 | INFO     | src.models.resnet18_autoencoder.training:train_autoencoder_frozen:25 - Device: cuda | Model on: cuda:0
2026-02-08 15:31:39.486 | INFO     | src.pipelines.train_vision_backbones:run_pipeline:193 - Evaluating resnet18_autoencoder_frozen on SG
2026-02-08 15:31:39.745 | INFO     | src.models.evaluation:evaluate_tsb_ad_nonoverlapping:65 - Normal (14092) reconstruction error: mean=0.0280, std=0.0790
2026-02-08 15:31:39.745 | INFO     | src.models.evaluation:evaluate_tsb_ad_nonoverlapping:66 - Anomaly (908) reconstruction error: mean=0.4098, std=0.3496
2026-02-08 15:31:39.745 | INFO     | src.models.evaluation:evaluate_tsb_ad_nonoverlapping:67 - Overlap? Normal max=0.9595, Anomaly min=0.0039
2026-02-08 15:31:42.526 | INFO     | src.models.evaluation:evaluate_tsb_ad_nonoverlapping:83 - {'AUC-PR': 0.6466795785121443, 'AUC-ROC': 0.9012532183098856, 'VUS-PR': np.float64(0.7128999244432391), 'VUS-ROC': np.float64(0.9538652548547568), 'Standard-F1': np.float64(0.6358647228498361), 'PA-F1': 0.9732047159699893, 'Event-based-F1': np.float64(0.9333333333333328), 'R-based-F1': 0.7048199593861559, 'Affiliation-F': 0.9652954347225521}
2026-02-08 15:31:42.676 | INFO     | src.pipelines.train_vision_backbones:run_pipeline:170 - Train images: 79
2026-02-08 15:31:42.676 | INFO     | src.pipelines.train_vision_backbones:run_pipeline:171 - Test images: 299
2026-02-08 15:31:42.888 | INFO     | src.pipelines.train_vision_backbones:run_pipeline:176 - Training resnet18_autoencoder_progressive_unfreeze on SG
2026-02-08 15:31:42.902 | INFO     | src.models.resnet18_autoencoder.training:train_autoencoder_progressive_unfreeze:133 - Device: cuda | Model on: cuda:0
2026-02-08 15:32:01.593 | INFO     | src.pipelines.train_vision_backbones:run_pipeline:193 - Evaluating resnet18_autoencoder_progressive_unfreeze on SG
2026-02-08 15:32:01.843 | INFO     | src.models.evaluation:evaluate_tsb_ad_nonoverlapping:65 - Normal (14092) reconstruction error: mean=0.0286, std=0.0934
2026-02-08 15:32:01.843 | INFO     | src.models.evaluation:evaluate_tsb_ad_nonoverlapping:66 - Anomaly (908) reconstruction error: mean=0.4452, std=0.3763
2026-02-08 15:32:01.843 | INFO     | src.models.evaluation:evaluate_tsb_ad_nonoverlapping:67 - Overlap? Normal max=0.9867, Anomaly min=0.0140
2026-02-08 15:32:04.577 | INFO     | src.models.evaluation:evaluate_tsb_ad_nonoverlapping:83 - {'AUC-PR': 0.6124030758834164, 'AUC-ROC': 0.9326782402862999, 'VUS-PR': np.float64(0.669654906189328), 'VUS-ROC': np.float64(0.9551248228897932), 'Standard-F1': np.float64(0.64248736545797), 'PA-F1': 0.9732047159699893, 'Event-based-F1': np.float64(0.9333333333333328), 'R-based-F1': 0.6980961576674849, 'Affiliation-F': 0.9605622149094285}
2026-02-08 15:32:04.730 | INFO     | src.pipelines.train_vision_backbones:run_pipeline:170 - Train images: 79
2026-02-08 15:32:04.730 | INFO     | src.pipelines.train_vision_backbones:run_pipeline:171 - Test images: 299
2026-02-08 15:32:04.935 | INFO     | src.pipelines.train_vision_backbones:run_pipeline:176 - Training resnet18_autoencoder_differential_lr on SG
2026-02-08 15:32:04.947 | INFO     | src.models.resnet18_autoencoder.training:train_autoencoder_differential_lr:271 - Device: cuda | Model on: cuda:0
2026-02-08 15:32:23.412 | INFO     | src.pipelines.train_vision_backbones:run_pipeline:193 - Evaluating resnet18_autoencoder_differential_lr on SG
2026-02-08 15:32:23.615 | INFO     | src.models.evaluation:evaluate_tsb_ad_nonoverlapping:65 - Normal (14092) reconstruction error: mean=0.0294, std=0.0933
2026-02-08 15:32:23.615 | INFO     | src.models.evaluation:evaluate_tsb_ad_nonoverlapping:66 - Anomaly (908) reconstruction error: mean=0.4455, std=0.3771
2026-02-08 15:32:23.615 | INFO     | src.models.evaluation:evaluate_tsb_ad_nonoverlapping:67 - Overlap? Normal max=0.9859, Anomaly min=0.0023
2026-02-08 15:32:26.379 | INFO     | src.models.evaluation:evaluate_tsb_ad_nonoverlapping:83 - {'AUC-PR': 0.5916742599658338, 'AUC-ROC': 0.863036765321906, 'VUS-PR': np.float64(0.6581850702024525), 'VUS-ROC': np.float64(0.9281701645258028), 'Standard-F1': np.float64(0.6593241521238487), 'PA-F1': 0.9732047159699893, 'Event-based-F1': np.float64(0.9333333333333328), 'R-based-F1': 0.6980961576674849, 'Affiliation-F': 0.9605622149094285}
2026-02-08 15:32:26.529 | INFO     | src.pipelines.train_vision_backbones:run_pipeline:170 - Train images: 79
2026-02-08 15:32:26.529 | INFO     | src.pipelines.train_vision_backbones:run_pipeline:171 - Test images: 299
2026-02-08 15:32:27.466 | INFO     | src.pipelines.train_vision_backbones:run_pipeline:176 - Training pvt_autoencoder_frozen on SG
2026-02-08 15:32:27.492 | INFO     | src.models.pvt_autoencoder.training:train_pvt_autoencoder_frozen:24 - Device: cuda | Model on: cuda:0
2026-02-08 15:32:56.067 | INFO     | src.pipelines.train_vision_backbones:run_pipeline:193 - Evaluating pvt_autoencoder_frozen on SG
2026-02-08 15:32:56.243 | INFO     | src.models.evaluation:evaluate_tsb_ad_nonoverlapping:65 - Normal (14092) reconstruction error: mean=0.0161, std=0.0592
2026-02-08 15:32:56.243 | INFO     | src.models.evaluation:evaluate_tsb_ad_nonoverlapping:66 - Anomaly (908) reconstruction error: mean=0.3323, std=0.3422
2026-02-08 15:32:56.243 | INFO     | src.models.evaluation:evaluate_tsb_ad_nonoverlapping:67 - Overlap? Normal max=0.5547, Anomaly min=0.0051
2026-02-08 15:32:58.905 | INFO     | src.models.evaluation:evaluate_tsb_ad_nonoverlapping:83 - {'AUC-PR': 0.6247545086920606, 'AUC-ROC': 0.9455889929112777, 'VUS-PR': np.float64(0.6765747792842131), 'VUS-ROC': np.float64(0.963491362891234), 'Standard-F1': np.float64(0.64225647872139), 'PA-F1': 1.0, 'Event-based-F1': np.float64(0.9999999999999996), 'R-based-F1': 0.6845710727491411, 'Affiliation-F': 0.9564454001727014}
2026-02-08 15:32:59.056 | INFO     | src.pipelines.train_vision_backbones:run_pipeline:170 - Train images: 79
2026-02-08 15:32:59.056 | INFO     | src.pipelines.train_vision_backbones:run_pipeline:171 - Test images: 299
2026-02-08 15:32:59.991 | INFO     | src.pipelines.train_vision_backbones:run_pipeline:176 - Training pvt_autoencoder_progressive_unfreeze on SG
2026-02-08 15:33:00.014 | INFO     | src.models.pvt_autoencoder.training:train_pvt_autoencoder_progressive_unfreeze:132 - Device: cuda | Model on: cuda:0
2026-02-08 15:33:16.150 | INFO     | src.pipelines.train_vision_backbones:run_pipeline:193 - Evaluating pvt_autoencoder_progressive_unfreeze on SG
2026-02-08 15:33:16.326 | INFO     | src.models.evaluation:evaluate_tsb_ad_nonoverlapping:65 - Normal (14092) reconstruction error: mean=0.0340, std=0.0952
2026-02-08 15:33:16.327 | INFO     | src.models.evaluation:evaluate_tsb_ad_nonoverlapping:66 - Anomaly (908) reconstruction error: mean=0.4600, std=0.3596
2026-02-08 15:33:16.327 | INFO     | src.models.evaluation:evaluate_tsb_ad_nonoverlapping:67 - Overlap? Normal max=0.9834, Anomaly min=0.0404
2026-02-08 15:33:19.164 | INFO     | src.models.evaluation:evaluate_tsb_ad_nonoverlapping:83 - {'AUC-PR': 0.6409714584771491, 'AUC-ROC': 0.9572454018338896, 'VUS-PR': np.float64(0.7017962461452202), 'VUS-ROC': np.float64(0.970598280019816), 'Standard-F1': np.float64(0.6516804195943012), 'PA-F1': 0.9732047159699893, 'Event-based-F1': np.float64(0.9333333333333328), 'R-based-F1': 0.6980961576674849, 'Affiliation-F': 0.9505576885431387}
2026-02-08 15:33:19.319 | INFO     | src.pipelines.train_vision_backbones:run_pipeline:170 - Train images: 79
2026-02-08 15:33:19.319 | INFO     | src.pipelines.train_vision_backbones:run_pipeline:171 - Test images: 299
2026-02-08 15:33:20.268 | INFO     | src.pipelines.train_vision_backbones:run_pipeline:176 - Training pvt_autoencoder_differential_lr on SG
2026-02-08 15:33:20.292 | INFO     | src.models.pvt_autoencoder.training:train_pvt_autoencoder_differential_lr:267 - Device: cuda | Model on: cuda:0
2026-02-08 15:33:44.838 | INFO     | src.pipelines.train_vision_backbones:run_pipeline:193 - Evaluating pvt_autoencoder_differential_lr on SG
2026-02-08 15:33:45.015 | INFO     | src.models.evaluation:evaluate_tsb_ad_nonoverlapping:65 - Normal (14092) reconstruction error: mean=0.0300, std=0.0941
2026-02-08 15:33:45.015 | INFO     | src.models.evaluation:evaluate_tsb_ad_nonoverlapping:66 - Anomaly (908) reconstruction error: mean=0.4524, std=0.3698
2026-02-08 15:33:45.016 | INFO     | src.models.evaluation:evaluate_tsb_ad_nonoverlapping:67 - Overlap? Normal max=0.9763, Anomaly min=0.0176
2026-02-08 15:33:47.761 | INFO     | src.models.evaluation:evaluate_tsb_ad_nonoverlapping:83 - {'AUC-PR': 0.6358408668229167, 'AUC-ROC': 0.9512862923444552, 'VUS-PR': np.float64(0.6892587135907765), 'VUS-ROC': np.float64(0.9658964072643295), 'Standard-F1': np.float64(0.6567876718922697), 'PA-F1': 0.9732047159699893, 'Event-based-F1': np.float64(0.9333333333333328), 'R-based-F1': 0.7031040435966426, 'Affiliation-F': 0.9608956426342221}
2026-02-08 15:33:48.057 | INFO     | src.pipelines.train_vision_backbones:run_pipeline:70 - Using zip: /net/scratch/hscra/plgrid/plgsmendowski12/ts2i_images/SMD/185_SMD_id_8_Facility_tr_5000_1st_15144_ts2i_GASF.zip for transformation GASF
2026-02-08 15:33:48.491 | INFO     | src.pipelines.train_vision_backbones:run_pipeline:170 - Train images: 79
2026-02-08 15:33:48.491 | INFO     | src.pipelines.train_vision_backbones:run_pipeline:171 - Test images: 299
2026-02-08 15:33:48.497 | INFO     | src.pipelines.train_vision_backbones:run_pipeline:176 - Training cnn_autoencoder on GASF
2026-02-08 15:33:48.501 | INFO     | src.models.cnn_autoencoder.training:train_autoencoder:22 - Device: cuda | Model on: cuda:0
2026-02-08 15:34:06.015 | INFO     | src.pipelines.train_vision_backbones:run_pipeline:193 - Evaluating cnn_autoencoder on GASF
2026-02-08 15:34:06.271 | INFO     | src.models.evaluation:evaluate_tsb_ad_nonoverlapping:65 - Normal (14092) reconstruction error: mean=0.1791, std=0.1329
2026-02-08 15:34:06.271 | INFO     | src.models.evaluation:evaluate_tsb_ad_nonoverlapping:66 - Anomaly (908) reconstruction error: mean=0.1400, std=0.1156
2026-02-08 15:34:06.271 | INFO     | src.models.evaluation:evaluate_tsb_ad_nonoverlapping:67 - Overlap? Normal max=1.0000, Anomaly min=0.0168
2026-02-08 15:34:09.614 | INFO     | src.models.evaluation:evaluate_tsb_ad_nonoverlapping:83 - {'AUC-PR': 0.05252453593968597, 'AUC-ROC': 0.4049160582253061, 'VUS-PR': np.float64(0.06835168523522815), 'VUS-ROC': np.float64(0.46830068483763027), 'Standard-F1': np.float64(0.1190934260031136), 'PA-F1': 0.4058146577831617, 'Event-based-F1': np.float64(0.1637426900584793), 'R-based-F1': 0.2627818023589472, 'Affiliation-F': 0.7014904610733513}
2026-02-08 15:34:09.769 | INFO     | src.pipelines.train_vision_backbones:run_pipeline:170 - Train images: 79
2026-02-08 15:34:09.769 | INFO     | src.pipelines.train_vision_backbones:run_pipeline:171 - Test images: 299
2026-02-08 15:34:09.973 | INFO     | src.pipelines.train_vision_backbones:run_pipeline:176 - Training resnet18_autoencoder_frozen on GASF
2026-02-08 15:34:09.986 | INFO     | src.models.resnet18_autoencoder.training:train_autoencoder_frozen:25 - Device: cuda | Model on: cuda:0
2026-02-08 15:34:19.819 | INFO     | src.pipelines.train_vision_backbones:run_pipeline:193 - Evaluating resnet18_autoencoder_frozen on GASF
2026-02-08 15:34:20.093 | INFO     | src.models.evaluation:evaluate_tsb_ad_nonoverlapping:65 - Normal (14092) reconstruction error: mean=0.1503, std=0.1479
2026-02-08 15:34:20.093 | INFO     | src.models.evaluation:evaluate_tsb_ad_nonoverlapping:66 - Anomaly (908) reconstruction error: mean=0.1368, std=0.1278
2026-02-08 15:34:20.093 | INFO     | src.models.evaluation:evaluate_tsb_ad_nonoverlapping:67 - Overlap? Normal max=1.0000, Anomaly min=0.0297
2026-02-08 15:34:23.278 | INFO     | src.models.evaluation:evaluate_tsb_ad_nonoverlapping:83 - {'AUC-PR': 0.06047729208284512, 'AUC-ROC': 0.4887851513215234, 'VUS-PR': np.float64(0.08152884580961832), 'VUS-ROC': np.float64(0.5633020398223754), 'Standard-F1': np.float64(0.13018853704529204), 'PA-F1': 0.5325513196480939, 'Event-based-F1': np.float64(0.13129830740632017), 'R-based-F1': 0.14590212336243497, 'Affiliation-F': 0.7370319879897442}
2026-02-08 15:34:23.431 | INFO     | src.pipelines.train_vision_backbones:run_pipeline:170 - Train images: 79
2026-02-08 15:34:23.431 | INFO     | src.pipelines.train_vision_backbones:run_pipeline:171 - Test images: 299
2026-02-08 15:34:23.634 | INFO     | src.pipelines.train_vision_backbones:run_pipeline:176 - Training resnet18_autoencoder_progressive_unfreeze on GASF
2026-02-08 15:34:23.647 | INFO     | src.models.resnet18_autoencoder.training:train_autoencoder_progressive_unfreeze:133 - Device: cuda | Model on: cuda:0
2026-02-08 15:34:32.996 | INFO     | src.pipelines.train_vision_backbones:run_pipeline:193 - Evaluating resnet18_autoencoder_progressive_unfreeze on GASF
2026-02-08 15:34:33.272 | INFO     | src.models.evaluation:evaluate_tsb_ad_nonoverlapping:65 - Normal (14092) reconstruction error: mean=0.1411, std=0.1214
2026-02-08 15:34:33.272 | INFO     | src.models.evaluation:evaluate_tsb_ad_nonoverlapping:66 - Anomaly (908) reconstruction error: mean=0.1344, std=0.1109
2026-02-08 15:34:33.272 | INFO     | src.models.evaluation:evaluate_tsb_ad_nonoverlapping:67 - Overlap? Normal max=1.0000, Anomaly min=0.0463
2026-02-08 15:34:36.421 | INFO     | src.models.evaluation:evaluate_tsb_ad_nonoverlapping:83 - {'AUC-PR': 0.06251360489387822, 'AUC-ROC': 0.49519754389343285, 'VUS-PR': np.float64(0.08398590061503451), 'VUS-ROC': np.float64(0.5574811228141449), 'Standard-F1': np.float64(0.1281975405587244), 'PA-F1': 0.4184884447220487, 'Event-based-F1': np.float64(0.18142548596112287), 'R-based-F1': 0.15024035155612842, 'Affiliation-F': 0.721837412605917}
2026-02-08 15:34:36.804 | INFO     | src.pipelines.train_vision_backbones:run_pipeline:170 - Train images: 79
2026-02-08 15:34:36.804 | INFO     | src.pipelines.train_vision_backbones:run_pipeline:171 - Test images: 299
2026-02-08 15:34:37.015 | INFO     | src.pipelines.train_vision_backbones:run_pipeline:176 - Training resnet18_autoencoder_differential_lr on GASF
2026-02-08 15:34:37.029 | INFO     | src.models.resnet18_autoencoder.training:train_autoencoder_differential_lr:271 - Device: cuda | Model on: cuda:0
2026-02-08 15:34:50.199 | INFO     | src.pipelines.train_vision_backbones:run_pipeline:193 - Evaluating resnet18_autoencoder_differential_lr on GASF
2026-02-08 15:34:50.427 | INFO     | src.models.evaluation:evaluate_tsb_ad_nonoverlapping:65 - Normal (14092) reconstruction error: mean=0.1432, std=0.1404
2026-02-08 15:34:50.427 | INFO     | src.models.evaluation:evaluate_tsb_ad_nonoverlapping:66 - Anomaly (908) reconstruction error: mean=0.1438, std=0.1337
2026-02-08 15:34:50.427 | INFO     | src.models.evaluation:evaluate_tsb_ad_nonoverlapping:67 - Overlap? Normal max=1.0000, Anomaly min=0.0217
2026-02-08 15:34:53.592 | INFO     | src.models.evaluation:evaluate_tsb_ad_nonoverlapping:83 - {'AUC-PR': 0.06783588249360943, 'AUC-ROC': 0.5227383987665698, 'VUS-PR': np.float64(0.09869203082888392), 'VUS-ROC': np.float64(0.5982268274263378), 'Standard-F1': np.float64(0.14136261018044038), 'PA-F1': 0.7382113821138211, 'Event-based-F1': np.float64(0.18142548596112287), 'R-based-F1': 0.2534380006053695, 'Affiliation-F': 0.726806315956022}
2026-02-08 15:34:53.748 | INFO     | src.pipelines.train_vision_backbones:run_pipeline:170 - Train images: 79
2026-02-08 15:34:53.748 | INFO     | src.pipelines.train_vision_backbones:run_pipeline:171 - Test images: 299
2026-02-08 15:34:54.702 | INFO     | src.pipelines.train_vision_backbones:run_pipeline:176 - Training pvt_autoencoder_frozen on GASF
2026-02-08 15:34:54.725 | INFO     | src.models.pvt_autoencoder.training:train_pvt_autoencoder_frozen:24 - Device: cuda | Model on: cuda:0
2026-02-08 15:35:14.210 | INFO     | src.pipelines.train_vision_backbones:run_pipeline:193 - Evaluating pvt_autoencoder_frozen on GASF
2026-02-08 15:35:14.404 | INFO     | src.models.evaluation:evaluate_tsb_ad_nonoverlapping:65 - Normal (14092) reconstruction error: mean=0.1826, std=0.1426
2026-02-08 15:35:14.404 | INFO     | src.models.evaluation:evaluate_tsb_ad_nonoverlapping:66 - Anomaly (908) reconstruction error: mean=0.1943, std=0.1192
2026-02-08 15:35:14.404 | INFO     | src.models.evaluation:evaluate_tsb_ad_nonoverlapping:67 - Overlap? Normal max=1.0000, Anomaly min=0.0169
2026-02-08 15:35:17.729 | INFO     | src.models.evaluation:evaluate_tsb_ad_nonoverlapping:83 - {'AUC-PR': 0.07292665087573669, 'AUC-ROC': 0.5583719197069978, 'VUS-PR': np.float64(0.10241905233758933), 'VUS-ROC': np.float64(0.6330521838272327), 'Standard-F1': np.float64(0.14764472365847978), 'PA-F1': 0.6957854406130268, 'Event-based-F1': np.float64(0.2107355864811131), 'R-based-F1': 0.18328205462901231, 'Affiliation-F': 0.7385066573861987}
2026-02-08 15:35:17.876 | INFO     | src.pipelines.train_vision_backbones:run_pipeline:170 - Train images: 79
2026-02-08 15:35:17.877 | INFO     | src.pipelines.train_vision_backbones:run_pipeline:171 - Test images: 299
2026-02-08 15:35:18.815 | INFO     | src.pipelines.train_vision_backbones:run_pipeline:176 - Training pvt_autoencoder_progressive_unfreeze on GASF
2026-02-08 15:35:18.839 | INFO     | src.models.pvt_autoencoder.training:train_pvt_autoencoder_progressive_unfreeze:132 - Device: cuda | Model on: cuda:0
2026-02-08 15:35:35.677 | INFO     | src.pipelines.train_vision_backbones:run_pipeline:193 - Evaluating pvt_autoencoder_progressive_unfreeze on GASF
2026-02-08 15:35:35.878 | INFO     | src.models.evaluation:evaluate_tsb_ad_nonoverlapping:65 - Normal (14092) reconstruction error: mean=0.1845, std=0.1498
2026-02-08 15:35:35.878 | INFO     | src.models.evaluation:evaluate_tsb_ad_nonoverlapping:66 - Anomaly (908) reconstruction error: mean=0.1539, std=0.0869
2026-02-08 15:35:35.878 | INFO     | src.models.evaluation:evaluate_tsb_ad_nonoverlapping:67 - Overlap? Normal max=1.0000, Anomaly min=0.0450
2026-02-08 15:35:39.215 | INFO     | src.models.evaluation:evaluate_tsb_ad_nonoverlapping:83 - {'AUC-PR': 0.057114027022880334, 'AUC-ROC': 0.47719907942895085, 'VUS-PR': np.float64(0.07182959288277815), 'VUS-ROC': np.float64(0.5328522523783428), 'Standard-F1': np.float64(0.12325555800814608), 'PA-F1': 0.29117774880486746, 'Event-based-F1': np.float64(0.12842852533075172), 'R-based-F1': 0.11588045355851284, 'Affiliation-F': 0.7199073720566845}
2026-02-08 15:35:39.377 | INFO     | src.pipelines.train_vision_backbones:run_pipeline:170 - Train images: 79
2026-02-08 15:35:39.377 | INFO     | src.pipelines.train_vision_backbones:run_pipeline:171 - Test images: 299
2026-02-08 15:35:40.316 | INFO     | src.pipelines.train_vision_backbones:run_pipeline:176 - Training pvt_autoencoder_differential_lr on GASF
2026-02-08 15:35:40.341 | INFO     | src.models.pvt_autoencoder.training:train_pvt_autoencoder_differential_lr:267 - Device: cuda | Model on: cuda:0
2026-02-08 15:35:54.590 | INFO     | src.pipelines.train_vision_backbones:run_pipeline:193 - Evaluating pvt_autoencoder_differential_lr on GASF
2026-02-08 15:35:54.790 | INFO     | src.models.evaluation:evaluate_tsb_ad_nonoverlapping:65 - Normal (14092) reconstruction error: mean=0.1577, std=0.1394
2026-02-08 15:35:54.790 | INFO     | src.models.evaluation:evaluate_tsb_ad_nonoverlapping:66 - Anomaly (908) reconstruction error: mean=0.1612, std=0.1514
2026-02-08 15:35:54.790 | INFO     | src.models.evaluation:evaluate_tsb_ad_nonoverlapping:67 - Overlap? Normal max=1.0000, Anomaly min=0.0427
2026-02-08 15:35:58.007 | INFO     | src.models.evaluation:evaluate_tsb_ad_nonoverlapping:83 - {'AUC-PR': 0.06844057543671961, 'AUC-ROC': 0.5089406180405416, 'VUS-PR': np.float64(0.09688312050293128), 'VUS-ROC': np.float64(0.570122841134478), 'Standard-F1': np.float64(0.13197918050965654), 'PA-F1': 0.709375, 'Event-based-F1': np.float64(0.21621621621621578), 'R-based-F1': 0.16499571738021088, 'Affiliation-F': 0.7321439004296082}
2026-02-08 15:35:58.309 | INFO     | src.pipelines.train_vision_backbones:run_pipeline:70 - Using zip: /net/scratch/hscra/plgrid/plgsmendowski12/ts2i_images/SMD/185_SMD_id_8_Facility_tr_5000_1st_15144_ts2i_GADF.zip for transformation GADF
2026-02-08 15:35:58.775 | INFO     | src.pipelines.train_vision_backbones:run_pipeline:170 - Train images: 79
2026-02-08 15:35:58.775 | INFO     | src.pipelines.train_vision_backbones:run_pipeline:171 - Test images: 299
2026-02-08 15:35:58.781 | INFO     | src.pipelines.train_vision_backbones:run_pipeline:176 - Training cnn_autoencoder on GADF
2026-02-08 15:35:58.786 | INFO     | src.models.cnn_autoencoder.training:train_autoencoder:22 - Device: cuda | Model on: cuda:0
2026-02-08 15:36:22.504 | INFO     | src.pipelines.train_vision_backbones:run_pipeline:193 - Evaluating cnn_autoencoder on GADF
2026-02-08 15:36:22.771 | INFO     | src.models.evaluation:evaluate_tsb_ad_nonoverlapping:65 - Normal (14092) reconstruction error: mean=0.2818, std=0.1561
2026-02-08 15:36:22.771 | INFO     | src.models.evaluation:evaluate_tsb_ad_nonoverlapping:66 - Anomaly (908) reconstruction error: mean=0.1865, std=0.1058
2026-02-08 15:36:22.771 | INFO     | src.models.evaluation:evaluate_tsb_ad_nonoverlapping:67 - Overlap? Normal max=1.0000, Anomaly min=0.0000
2026-02-08 15:36:26.480 | INFO     | src.models.evaluation:evaluate_tsb_ad_nonoverlapping:83 - {'AUC-PR': 0.043364793357906405, 'AUC-ROC': 0.3213087751853459, 'VUS-PR': np.float64(0.048763703816213026), 'VUS-ROC': np.float64(0.3559956229309561), 'Standard-F1': np.float64(0.11415532290052582), 'PA-F1': 0.2917737789203085, 'Event-based-F1': np.float64(0.10855263157894726), 'R-based-F1': 0.3545226360533721, 'Affiliation-F': 0.7104362360007654}
2026-02-08 15:36:26.631 | INFO     | src.pipelines.train_vision_backbones:run_pipeline:170 - Train images: 79
2026-02-08 15:36:26.631 | INFO     | src.pipelines.train_vision_backbones:run_pipeline:171 - Test images: 299
2026-02-08 15:36:26.842 | INFO     | src.pipelines.train_vision_backbones:run_pipeline:176 - Training resnet18_autoencoder_frozen on GADF
2026-02-08 15:36:26.858 | INFO     | src.models.resnet18_autoencoder.training:train_autoencoder_frozen:25 - Device: cuda | Model on: cuda:0
2026-02-08 15:36:35.241 | INFO     | src.pipelines.train_vision_backbones:run_pipeline:193 - Evaluating resnet18_autoencoder_frozen on GADF
2026-02-08 15:36:35.512 | INFO     | src.models.evaluation:evaluate_tsb_ad_nonoverlapping:65 - Normal (14092) reconstruction error: mean=0.4809, std=0.2073
2026-02-08 15:36:35.512 | INFO     | src.models.evaluation:evaluate_tsb_ad_nonoverlapping:66 - Anomaly (908) reconstruction error: mean=0.6645, std=0.1819
2026-02-08 15:36:35.513 | INFO     | src.models.evaluation:evaluate_tsb_ad_nonoverlapping:67 - Overlap? Normal max=1.0000, Anomaly min=0.3265
2026-02-08 15:36:40.218 | INFO     | src.models.evaluation:evaluate_tsb_ad_nonoverlapping:83 - {'AUC-PR': 0.17110671756160376, 'AUC-ROC': 0.7514822356796933, 'VUS-PR': np.float64(0.22008089576573783), 'VUS-ROC': np.float64(0.8119772430555894), 'Standard-F1': np.float64(0.26764484388063914), 'PA-F1': 0.813984760197221, 'Event-based-F1': np.float64(0.3999999999999995), 'R-based-F1': 0.2923329491624357, 'Affiliation-F': 0.8035577015824862}
2026-02-08 15:36:40.372 | INFO     | src.pipelines.train_vision_backbones:run_pipeline:170 - Train images: 79
2026-02-08 15:36:40.372 | INFO     | src.pipelines.train_vision_backbones:run_pipeline:171 - Test images: 299
2026-02-08 15:36:40.578 | INFO     | src.pipelines.train_vision_backbones:run_pipeline:176 - Training resnet18_autoencoder_progressive_unfreeze on GADF
2026-02-08 15:36:40.592 | INFO     | src.models.resnet18_autoencoder.training:train_autoencoder_progressive_unfreeze:133 - Device: cuda | Model on: cuda:0
2026-02-08 15:36:56.954 | INFO     | src.pipelines.train_vision_backbones:run_pipeline:193 - Evaluating resnet18_autoencoder_progressive_unfreeze on GADF
2026-02-08 15:36:57.241 | INFO     | src.models.evaluation:evaluate_tsb_ad_nonoverlapping:65 - Normal (14092) reconstruction error: mean=0.2919, std=0.1714
2026-02-08 15:36:57.241 | INFO     | src.models.evaluation:evaluate_tsb_ad_nonoverlapping:66 - Anomaly (908) reconstruction error: mean=0.2949, std=0.2394
2026-02-08 15:36:57.241 | INFO     | src.models.evaluation:evaluate_tsb_ad_nonoverlapping:67 - Overlap? Normal max=0.8639, Anomaly min=0.0029
2026-02-08 15:37:01.126 | INFO     | src.models.evaluation:evaluate_tsb_ad_nonoverlapping:83 - {'AUC-PR': 0.11936543682629536, 'AUC-ROC': 0.45607061712772323, 'VUS-PR': np.float64(0.08886392188532388), 'VUS-ROC': np.float64(0.42571943597075984), 'Standard-F1': np.float64(0.15321259540727064), 'PA-F1': 0.6432078559738135, 'Event-based-F1': np.float64(0.4999999999999996), 'R-based-F1': 0.22893569844789358, 'Affiliation-F': 0.7916182187288012}
2026-02-08 15:37:01.277 | INFO     | src.pipelines.train_vision_backbones:run_pipeline:170 - Train images: 79
2026-02-08 15:37:01.277 | INFO     | src.pipelines.train_vision_backbones:run_pipeline:171 - Test images: 299
2026-02-08 15:37:01.488 | INFO     | src.pipelines.train_vision_backbones:run_pipeline:176 - Training resnet18_autoencoder_differential_lr on GADF
2026-02-08 15:37:01.502 | INFO     | src.models.resnet18_autoencoder.training:train_autoencoder_differential_lr:271 - Device: cuda | Model on: cuda:0
2026-02-08 15:37:07.108 | INFO     | src.pipelines.train_vision_backbones:run_pipeline:193 - Evaluating resnet18_autoencoder_differential_lr on GADF
2026-02-08 15:37:07.343 | INFO     | src.models.evaluation:evaluate_tsb_ad_nonoverlapping:65 - Normal (14092) reconstruction error: mean=0.4800, std=0.2070
2026-02-08 15:37:07.344 | INFO     | src.models.evaluation:evaluate_tsb_ad_nonoverlapping:66 - Anomaly (908) reconstruction error: mean=0.6631, std=0.1815
2026-02-08 15:37:07.344 | INFO     | src.models.evaluation:evaluate_tsb_ad_nonoverlapping:67 - Overlap? Normal max=1.0000, Anomaly min=0.3249
2026-02-08 15:37:12.043 | INFO     | src.models.evaluation:evaluate_tsb_ad_nonoverlapping:83 - {'AUC-PR': 0.1718407811372593, 'AUC-ROC': 0.7509039089882596, 'VUS-PR': np.float64(0.22136125106205518), 'VUS-ROC': np.float64(0.8117576517521853), 'Standard-F1': np.float64(0.26764484388063914), 'PA-F1': 0.813984760197221, 'Event-based-F1': np.float64(0.3999999999999995), 'R-based-F1': 0.2923329491624357, 'Affiliation-F': 0.8046988273114736}
2026-02-08 15:37:12.193 | INFO     | src.pipelines.train_vision_backbones:run_pipeline:170 - Train images: 79
2026-02-08 15:37:12.193 | INFO     | src.pipelines.train_vision_backbones:run_pipeline:171 - Test images: 299
2026-02-08 15:37:13.143 | INFO     | src.pipelines.train_vision_backbones:run_pipeline:176 - Training pvt_autoencoder_frozen on GADF
2026-02-08 15:37:13.167 | INFO     | src.models.pvt_autoencoder.training:train_pvt_autoencoder_frozen:24 - Device: cuda | Model on: cuda:0
2026-02-08 15:37:15.667 | INFO     | src.pipelines.train_vision_backbones:run_pipeline:193 - Evaluating pvt_autoencoder_frozen on GADF
2026-02-08 15:37:15.870 | INFO     | src.models.evaluation:evaluate_tsb_ad_nonoverlapping:65 - Normal (14092) reconstruction error: mean=0.4808, std=0.2072
2026-02-08 15:37:15.870 | INFO     | src.models.evaluation:evaluate_tsb_ad_nonoverlapping:66 - Anomaly (908) reconstruction error: mean=0.6642, std=0.1817
2026-02-08 15:37:15.870 | INFO     | src.models.evaluation:evaluate_tsb_ad_nonoverlapping:67 - Overlap? Normal max=1.0000, Anomaly min=0.3266
2026-02-08 15:37:20.618 | INFO     | src.models.evaluation:evaluate_tsb_ad_nonoverlapping:83 - {'AUC-PR': 0.17179916783275184, 'AUC-ROC': 0.7516463554164514, 'VUS-PR': np.float64(0.2210552725662545), 'VUS-ROC': np.float64(0.8118784139778504), 'Standard-F1': np.float64(0.26764484388063914), 'PA-F1': 0.813984760197221, 'Event-based-F1': np.float64(0.3999999999999995), 'R-based-F1': 0.2923329491624357, 'Affiliation-F': 0.8036721847900713}
2026-02-08 15:37:20.767 | INFO     | src.pipelines.train_vision_backbones:run_pipeline:170 - Train images: 79
2026-02-08 15:37:20.767 | INFO     | src.pipelines.train_vision_backbones:run_pipeline:171 - Test images: 299
2026-02-08 15:37:21.703 | INFO     | src.pipelines.train_vision_backbones:run_pipeline:176 - Training pvt_autoencoder_progressive_unfreeze on GADF
2026-02-08 15:37:21.726 | INFO     | src.models.pvt_autoencoder.training:train_pvt_autoencoder_progressive_unfreeze:132 - Device: cuda | Model on: cuda:0
2026-02-08 15:37:24.186 | INFO     | src.pipelines.train_vision_backbones:run_pipeline:193 - Evaluating pvt_autoencoder_progressive_unfreeze on GADF
2026-02-08 15:37:24.380 | INFO     | src.models.evaluation:evaluate_tsb_ad_nonoverlapping:65 - Normal (14092) reconstruction error: mean=0.4808, std=0.2072
2026-02-08 15:37:24.380 | INFO     | src.models.evaluation:evaluate_tsb_ad_nonoverlapping:66 - Anomaly (908) reconstruction error: mean=0.6642, std=0.1818
2026-02-08 15:37:24.380 | INFO     | src.models.evaluation:evaluate_tsb_ad_nonoverlapping:67 - Overlap? Normal max=1.0000, Anomaly min=0.3259
2026-02-08 15:37:29.109 | INFO     | src.models.evaluation:evaluate_tsb_ad_nonoverlapping:83 - {'AUC-PR': 0.17086539981524618, 'AUC-ROC': 0.7510055069205386, 'VUS-PR': np.float64(0.21961558252372962), 'VUS-ROC': np.float64(0.8113888632123608), 'Standard-F1': np.float64(0.26764484388063914), 'PA-F1': 0.813984760197221, 'Event-based-F1': np.float64(0.3999999999999995), 'R-based-F1': 0.2923329491624357, 'Affiliation-F': 0.8036721847900713}
2026-02-08 15:37:29.256 | INFO     | src.pipelines.train_vision_backbones:run_pipeline:170 - Train images: 79
2026-02-08 15:37:29.256 | INFO     | src.pipelines.train_vision_backbones:run_pipeline:171 - Test images: 299
2026-02-08 15:37:30.193 | INFO     | src.pipelines.train_vision_backbones:run_pipeline:176 - Training pvt_autoencoder_differential_lr on GADF
2026-02-08 15:37:30.218 | INFO     | src.models.pvt_autoencoder.training:train_pvt_autoencoder_differential_lr:267 - Device: cuda | Model on: cuda:0
2026-02-08 15:37:33.334 | INFO     | src.pipelines.train_vision_backbones:run_pipeline:193 - Evaluating pvt_autoencoder_differential_lr on GADF
2026-02-08 15:37:33.532 | INFO     | src.models.evaluation:evaluate_tsb_ad_nonoverlapping:65 - Normal (14092) reconstruction error: mean=0.4807, std=0.2072
2026-02-08 15:37:33.532 | INFO     | src.models.evaluation:evaluate_tsb_ad_nonoverlapping:66 - Anomaly (908) reconstruction error: mean=0.6641, std=0.1818
2026-02-08 15:37:33.533 | INFO     | src.models.evaluation:evaluate_tsb_ad_nonoverlapping:67 - Overlap? Normal max=1.0000, Anomaly min=0.3256
2026-02-08 15:37:38.192 | INFO     | src.models.evaluation:evaluate_tsb_ad_nonoverlapping:83 - {'AUC-PR': 0.17169974816934808, 'AUC-ROC': 0.751591648837532, 'VUS-PR': np.float64(0.2206391713194253), 'VUS-ROC': np.float64(0.8118908089532252), 'Standard-F1': np.float64(0.26764484388063914), 'PA-F1': 0.813984760197221, 'Event-based-F1': np.float64(0.3999999999999995), 'R-based-F1': 0.2923329491624357, 'Affiliation-F': 0.8036721847900713}
2026-02-08 15:37:38.467 | INFO     | src.pipelines.train_vision_backbones:run_pipeline:70 - Using zip: /net/scratch/hscra/plgrid/plgsmendowski12/ts2i_images/SMD/185_SMD_id_8_Facility_tr_5000_1st_15144_ts2i_MTF.zip for transformation MTF
2026-02-08 15:37:38.907 | INFO     | src.pipelines.train_vision_backbones:run_pipeline:170 - Train images: 79
2026-02-08 15:37:38.907 | INFO     | src.pipelines.train_vision_backbones:run_pipeline:171 - Test images: 299
2026-02-08 15:37:38.913 | INFO     | src.pipelines.train_vision_backbones:run_pipeline:176 - Training cnn_autoencoder on MTF
2026-02-08 15:37:38.918 | INFO     | src.models.cnn_autoencoder.training:train_autoencoder:22 - Device: cuda | Model on: cuda:0
2026-02-08 15:38:01.998 | INFO     | src.pipelines.train_vision_backbones:run_pipeline:193 - Evaluating cnn_autoencoder on MTF
2026-02-08 15:38:02.332 | INFO     | src.models.evaluation:evaluate_tsb_ad_nonoverlapping:65 - Normal (14092) reconstruction error: mean=0.1596, std=0.1074
2026-02-08 15:38:02.332 | INFO     | src.models.evaluation:evaluate_tsb_ad_nonoverlapping:66 - Anomaly (908) reconstruction error: mean=0.1057, std=0.0434
2026-02-08 15:38:02.332 | INFO     | src.models.evaluation:evaluate_tsb_ad_nonoverlapping:67 - Overlap? Normal max=1.0000, Anomaly min=0.0242
2026-02-08 15:38:05.567 | INFO     | src.models.evaluation:evaluate_tsb_ad_nonoverlapping:83 - {'AUC-PR': 0.043500667597940135, 'AUC-ROC': 0.3258220679461963, 'VUS-PR': np.float64(0.051578428118783), 'VUS-ROC': np.float64(0.37901542687234013), 'Standard-F1': np.float64(0.11487745972029995), 'PA-F1': 0.22814070351758794, 'Event-based-F1': np.float64(0.11487854251012133), 'R-based-F1': 0.23553028842744225, 'Affiliation-F': 0.7060943757018777}
2026-02-08 15:38:05.719 | INFO     | src.pipelines.train_vision_backbones:run_pipeline:170 - Train images: 79
2026-02-08 15:38:05.719 | INFO     | src.pipelines.train_vision_backbones:run_pipeline:171 - Test images: 299
2026-02-08 15:38:05.925 | INFO     | src.pipelines.train_vision_backbones:run_pipeline:176 - Training resnet18_autoencoder_frozen on MTF
2026-02-08 15:38:05.937 | INFO     | src.models.resnet18_autoencoder.training:train_autoencoder_frozen:25 - Device: cuda | Model on: cuda:0
2026-02-08 15:38:25.242 | INFO     | src.pipelines.train_vision_backbones:run_pipeline:193 - Evaluating resnet18_autoencoder_frozen on MTF
2026-02-08 15:38:25.524 | INFO     | src.models.evaluation:evaluate_tsb_ad_nonoverlapping:65 - Normal (14092) reconstruction error: mean=0.1825, std=0.1114
2026-02-08 15:38:25.525 | INFO     | src.models.evaluation:evaluate_tsb_ad_nonoverlapping:66 - Anomaly (908) reconstruction error: mean=0.1609, std=0.0680
2026-02-08 15:38:25.525 | INFO     | src.models.evaluation:evaluate_tsb_ad_nonoverlapping:67 - Overlap? Normal max=1.0000, Anomaly min=0.0583
2026-02-08 15:38:28.867 | INFO     | src.models.evaluation:evaluate_tsb_ad_nonoverlapping:83 - {'AUC-PR': 0.05495087039091781, 'AUC-ROC': 0.44590691628705514, 'VUS-PR': np.float64(0.07483339799716573), 'VUS-ROC': np.float64(0.523996951236253), 'Standard-F1': np.float64(0.123282201566389), 'PA-F1': 0.4034658964674517, 'Event-based-F1': np.float64(0.12617114303560262), 'R-based-F1': 0.25188165516284555, 'Affiliation-F': 0.7066976503413775}
2026-02-08 15:38:29.038 | INFO     | src.pipelines.train_vision_backbones:run_pipeline:170 - Train images: 79
2026-02-08 15:38:29.038 | INFO     | src.pipelines.train_vision_backbones:run_pipeline:171 - Test images: 299
2026-02-08 15:38:29.249 | INFO     | src.pipelines.train_vision_backbones:run_pipeline:176 - Training resnet18_autoencoder_progressive_unfreeze on MTF
2026-02-08 15:38:29.263 | INFO     | src.models.resnet18_autoencoder.training:train_autoencoder_progressive_unfreeze:133 - Device: cuda | Model on: cuda:0
2026-02-08 15:38:43.996 | INFO     | src.pipelines.train_vision_backbones:run_pipeline:193 - Evaluating resnet18_autoencoder_progressive_unfreeze on MTF
2026-02-08 15:38:44.258 | INFO     | src.models.evaluation:evaluate_tsb_ad_nonoverlapping:65 - Normal (14092) reconstruction error: mean=0.1676, std=0.1057
2026-02-08 15:38:44.258 | INFO     | src.models.evaluation:evaluate_tsb_ad_nonoverlapping:66 - Anomaly (908) reconstruction error: mean=0.1251, std=0.0485
2026-02-08 15:38:44.258 | INFO     | src.models.evaluation:evaluate_tsb_ad_nonoverlapping:67 - Overlap? Normal max=1.0000, Anomaly min=0.0413
2026-02-08 15:38:47.471 | INFO     | src.models.evaluation:evaluate_tsb_ad_nonoverlapping:83 - {'AUC-PR': 0.045727209227303625, 'AUC-ROC': 0.3641791949942542, 'VUS-PR': np.float64(0.05590659729375899), 'VUS-ROC': np.float64(0.4335651178855388), 'Standard-F1': np.float64(0.12077583056950064), 'PA-F1': 0.36707238949391413, 'Event-based-F1': np.float64(0.12077702702702688), 'R-based-F1': 0.22392155653541365, 'Affiliation-F': 0.7051144235921487}
2026-02-08 15:38:47.628 | INFO     | src.pipelines.train_vision_backbones:run_pipeline:170 - Train images: 79
2026-02-08 15:38:47.628 | INFO     | src.pipelines.train_vision_backbones:run_pipeline:171 - Test images: 299
2026-02-08 15:38:47.840 | INFO     | src.pipelines.train_vision_backbones:run_pipeline:176 - Training resnet18_autoencoder_differential_lr on MTF
2026-02-08 15:38:47.856 | INFO     | src.models.resnet18_autoencoder.training:train_autoencoder_differential_lr:271 - Device: cuda | Model on: cuda:0
2026-02-08 15:39:10.517 | INFO     | src.pipelines.train_vision_backbones:run_pipeline:193 - Evaluating resnet18_autoencoder_differential_lr on MTF
2026-02-08 15:39:16.013 | INFO     | src.models.evaluation:evaluate_tsb_ad_nonoverlapping:65 - Normal (14092) reconstruction error: mean=0.1599, std=0.1008
2026-02-08 15:39:16.013 | INFO     | src.models.evaluation:evaluate_tsb_ad_nonoverlapping:66 - Anomaly (908) reconstruction error: mean=0.1256, std=0.0501
2026-02-08 15:39:16.013 | INFO     | src.models.evaluation:evaluate_tsb_ad_nonoverlapping:67 - Overlap? Normal max=1.0000, Anomaly min=0.0461
2026-02-08 15:39:19.303 | INFO     | src.models.evaluation:evaluate_tsb_ad_nonoverlapping:83 - {'AUC-PR': 0.04863835757293462, 'AUC-ROC': 0.39817151856710026, 'VUS-PR': np.float64(0.06124011082335005), 'VUS-ROC': np.float64(0.46952610688383967), 'Standard-F1': np.float64(0.12020008813790603), 'PA-F1': 0.34085335948994605, 'Event-based-F1': np.float64(0.12094294499487517), 'R-based-F1': 0.22392155653541365, 'Affiliation-F': 0.704163425961704}
2026-02-08 15:39:19.474 | INFO     | src.pipelines.train_vision_backbones:run_pipeline:170 - Train images: 79
2026-02-08 15:39:19.474 | INFO     | src.pipelines.train_vision_backbones:run_pipeline:171 - Test images: 299
2026-02-08 15:39:20.489 | INFO     | src.pipelines.train_vision_backbones:run_pipeline:176 - Training pvt_autoencoder_frozen on MTF
2026-02-08 15:39:20.513 | INFO     | src.models.pvt_autoencoder.training:train_pvt_autoencoder_frozen:24 - Device: cuda | Model on: cuda:0
2026-02-08 15:39:35.672 | INFO     | src.pipelines.train_vision_backbones:run_pipeline:193 - Evaluating pvt_autoencoder_frozen on MTF
2026-02-08 15:39:35.980 | INFO     | src.models.evaluation:evaluate_tsb_ad_nonoverlapping:65 - Normal (14092) reconstruction error: mean=0.1776, std=0.1002
2026-02-08 15:39:35.980 | INFO     | src.models.evaluation:evaluate_tsb_ad_nonoverlapping:66 - Anomaly (908) reconstruction error: mean=0.1665, std=0.0634
2026-02-08 15:39:35.980 | INFO     | src.models.evaluation:evaluate_tsb_ad_nonoverlapping:67 - Overlap? Normal max=1.0000, Anomaly min=0.0857
2026-02-08 15:39:39.273 | INFO     | src.models.evaluation:evaluate_tsb_ad_nonoverlapping:83 - {'AUC-PR': 0.059877995003001186, 'AUC-ROC': 0.4816967417386814, 'VUS-PR': np.float64(0.08305906542600414), 'VUS-ROC': np.float64(0.563311931385206), 'Standard-F1': np.float64(0.1296389932389981), 'PA-F1': 0.5585973546601046, 'Event-based-F1': np.float64(0.12692200167738313), 'R-based-F1': 0.13090335535427275, 'Affiliation-F': 0.7056572154364681}
2026-02-08 15:39:39.425 | INFO     | src.pipelines.train_vision_backbones:run_pipeline:170 - Train images: 79
2026-02-08 15:39:39.425 | INFO     | src.pipelines.train_vision_backbones:run_pipeline:171 - Test images: 299
2026-02-08 15:39:40.363 | INFO     | src.pipelines.train_vision_backbones:run_pipeline:176 - Training pvt_autoencoder_progressive_unfreeze on MTF
2026-02-08 15:39:40.387 | INFO     | src.models.pvt_autoencoder.training:train_pvt_autoencoder_progressive_unfreeze:132 - Device: cuda | Model on: cuda:0
2026-02-08 15:39:58.956 | INFO     | src.pipelines.train_vision_backbones:run_pipeline:193 - Evaluating pvt_autoencoder_progressive_unfreeze on MTF
2026-02-08 15:39:59.271 | INFO     | src.models.evaluation:evaluate_tsb_ad_nonoverlapping:65 - Normal (14092) reconstruction error: mean=0.1693, std=0.1077
2026-02-08 15:39:59.271 | INFO     | src.models.evaluation:evaluate_tsb_ad_nonoverlapping:66 - Anomaly (908) reconstruction error: mean=0.1210, std=0.0437
2026-02-08 15:39:59.271 | INFO     | src.models.evaluation:evaluate_tsb_ad_nonoverlapping:67 - Overlap? Normal max=1.0000, Anomaly min=0.0641
2026-02-08 15:40:02.525 | INFO     | src.models.evaluation:evaluate_tsb_ad_nonoverlapping:83 - {'AUC-PR': 0.044120859009306054, 'AUC-ROC': 0.34045217019435525, 'VUS-PR': np.float64(0.05236222714510738), 'VUS-ROC': np.float64(0.3996369859624837), 'Standard-F1': np.float64(0.12517114534906482), 'PA-F1': 0.32722731057452126, 'Event-based-F1': np.float64(0.12389139036703495), 'R-based-F1': 0.33572188063427494, 'Affiliation-F': 0.7048900031224616}
2026-02-08 15:40:02.690 | INFO     | src.pipelines.train_vision_backbones:run_pipeline:170 - Train images: 79
2026-02-08 15:40:02.690 | INFO     | src.pipelines.train_vision_backbones:run_pipeline:171 - Test images: 299
2026-02-08 15:40:03.638 | INFO     | src.pipelines.train_vision_backbones:run_pipeline:176 - Training pvt_autoencoder_differential_lr on MTF
2026-02-08 15:40:03.662 | INFO     | src.models.pvt_autoencoder.training:train_pvt_autoencoder_differential_lr:267 - Device: cuda | Model on: cuda:0
2026-02-08 15:40:27.638 | INFO     | src.pipelines.train_vision_backbones:run_pipeline:193 - Evaluating pvt_autoencoder_differential_lr on MTF
2026-02-08 15:40:27.955 | INFO     | src.models.evaluation:evaluate_tsb_ad_nonoverlapping:65 - Normal (14092) reconstruction error: mean=0.1930, std=0.1176
2026-02-08 15:40:27.955 | INFO     | src.models.evaluation:evaluate_tsb_ad_nonoverlapping:66 - Anomaly (908) reconstruction error: mean=0.1434, std=0.0549
2026-02-08 15:40:27.955 | INFO     | src.models.evaluation:evaluate_tsb_ad_nonoverlapping:67 - Overlap? Normal max=1.0000, Anomaly min=0.0606
2026-02-08 15:40:31.320 | INFO     | src.models.evaluation:evaluate_tsb_ad_nonoverlapping:83 - {'AUC-PR': 0.04558846080220341, 'AUC-ROC': 0.3621433287358966, 'VUS-PR': np.float64(0.05542603517410369), 'VUS-ROC': np.float64(0.43085574636134694), 'Standard-F1': np.float64(0.12140546480359639), 'PA-F1': 0.3452471482889734, 'Event-based-F1': np.float64(0.11941083640189361), 'R-based-F1': 0.17463364342575555, 'Affiliation-F': 0.704641880646647}
2026-02-08 15:40:31.591 | INFO     | src.pipelines.train_vision_backbones:run_pipeline:70 - Using zip: /net/scratch/hscra/plgrid/plgsmendowski12/ts2i_images/SMD/185_SMD_id_8_Facility_tr_5000_1st_15144_ts2i_RP.zip for transformation RP
2026-02-08 15:40:32.346 | INFO     | src.pipelines.train_vision_backbones:run_pipeline:170 - Train images: 79
2026-02-08 15:40:32.347 | INFO     | src.pipelines.train_vision_backbones:run_pipeline:171 - Test images: 299
2026-02-08 15:40:32.353 | INFO     | src.pipelines.train_vision_backbones:run_pipeline:176 - Training cnn_autoencoder on RP
2026-02-08 15:40:32.358 | INFO     | src.models.cnn_autoencoder.training:train_autoencoder:22 - Device: cuda | Model on: cuda:0
2026-02-08 15:40:58.138 | INFO     | src.pipelines.train_vision_backbones:run_pipeline:193 - Evaluating cnn_autoencoder on RP
2026-02-08 15:40:58.393 | INFO     | src.models.evaluation:evaluate_tsb_ad_nonoverlapping:65 - Normal (14092) reconstruction error: mean=0.4922, std=0.3642
2026-02-08 15:40:58.393 | INFO     | src.models.evaluation:evaluate_tsb_ad_nonoverlapping:66 - Anomaly (908) reconstruction error: mean=0.8326, std=0.0667
2026-02-08 15:40:58.393 | INFO     | src.models.evaluation:evaluate_tsb_ad_nonoverlapping:67 - Overlap? Normal max=1.0000, Anomaly min=0.7176
2026-02-08 15:41:03.215 | INFO     | src.models.evaluation:evaluate_tsb_ad_nonoverlapping:83 - {'AUC-PR': 0.2566967843895534, 'AUC-ROC': 0.8366916399594359, 'VUS-PR': np.float64(0.3263188433253249), 'VUS-ROC': np.float64(0.8718186517321627), 'Standard-F1': np.float64(0.35830883739075864), 'PA-F1': 0.8606635071090047, 'Event-based-F1': np.float64(0.5533453887884263), 'R-based-F1': 0.2847925924800956, 'Affiliation-F': 0.826772153511239}
2026-02-08 15:41:03.382 | INFO     | src.pipelines.train_vision_backbones:run_pipeline:170 - Train images: 79
2026-02-08 15:41:03.382 | INFO     | src.pipelines.train_vision_backbones:run_pipeline:171 - Test images: 299
2026-02-08 15:41:03.646 | INFO     | src.pipelines.train_vision_backbones:run_pipeline:176 - Training resnet18_autoencoder_frozen on RP
2026-02-08 15:41:03.660 | INFO     | src.models.resnet18_autoencoder.training:train_autoencoder_frozen:25 - Device: cuda | Model on: cuda:0
2026-02-08 15:41:30.629 | INFO     | src.pipelines.train_vision_backbones:run_pipeline:193 - Evaluating resnet18_autoencoder_frozen on RP
2026-02-08 15:41:30.956 | INFO     | src.models.evaluation:evaluate_tsb_ad_nonoverlapping:65 - Normal (14092) reconstruction error: mean=0.4669, std=0.3501
2026-02-08 15:41:30.957 | INFO     | src.models.evaluation:evaluate_tsb_ad_nonoverlapping:66 - Anomaly (908) reconstruction error: mean=0.8071, std=0.0839
2026-02-08 15:41:30.957 | INFO     | src.models.evaluation:evaluate_tsb_ad_nonoverlapping:67 - Overlap? Normal max=1.0000, Anomaly min=0.6806
2026-02-08 15:41:35.688 | INFO     | src.models.evaluation:evaluate_tsb_ad_nonoverlapping:83 - {'AUC-PR': 0.1958411988619224, 'AUC-ROC': 0.8321119177813262, 'VUS-PR': np.float64(0.2748392890502516), 'VUS-ROC': np.float64(0.8689774444638934), 'Standard-F1': np.float64(0.30560764524829276), 'PA-F1': 0.8794188861985472, 'Event-based-F1': np.float64(0.4639016897081409), 'R-based-F1': 0.2996559661011174, 'Affiliation-F': 0.828693713806622}
2026-02-08 15:41:35.840 | INFO     | src.pipelines.train_vision_backbones:run_pipeline:170 - Train images: 79
2026-02-08 15:41:35.840 | INFO     | src.pipelines.train_vision_backbones:run_pipeline:171 - Test images: 299
2026-02-08 15:41:36.053 | INFO     | src.pipelines.train_vision_backbones:run_pipeline:176 - Training resnet18_autoencoder_progressive_unfreeze on RP
2026-02-08 15:41:36.066 | INFO     | src.models.resnet18_autoencoder.training:train_autoencoder_progressive_unfreeze:133 - Device: cuda | Model on: cuda:0
2026-02-08 15:41:56.930 | INFO     | src.pipelines.train_vision_backbones:run_pipeline:193 - Evaluating resnet18_autoencoder_progressive_unfreeze on RP
2026-02-08 15:41:57.194 | INFO     | src.models.evaluation:evaluate_tsb_ad_nonoverlapping:65 - Normal (14092) reconstruction error: mean=0.4697, std=0.3516
2026-02-08 15:41:57.194 | INFO     | src.models.evaluation:evaluate_tsb_ad_nonoverlapping:66 - Anomaly (908) reconstruction error: mean=0.8165, std=0.0787
2026-02-08 15:41:57.195 | INFO     | src.models.evaluation:evaluate_tsb_ad_nonoverlapping:67 - Overlap? Normal max=1.0000, Anomaly min=0.7032
2026-02-08 15:42:01.914 | INFO     | src.models.evaluation:evaluate_tsb_ad_nonoverlapping:83 - {'AUC-PR': 0.2301195523232611, 'AUC-ROC': 0.8474336674915377, 'VUS-PR': np.float64(0.32077970165926495), 'VUS-ROC': np.float64(0.8819254448273671), 'Standard-F1': np.float64(0.3283149876848463), 'PA-F1': 0.8794188861985472, 'Event-based-F1': np.float64(0.46994535519125646), 'R-based-F1': 0.2907910552436152, 'Affiliation-F': 0.8298884213886334}
2026-02-08 15:42:02.073 | INFO     | src.pipelines.train_vision_backbones:run_pipeline:170 - Train images: 79
2026-02-08 15:42:02.073 | INFO     | src.pipelines.train_vision_backbones:run_pipeline:171 - Test images: 299
2026-02-08 15:42:02.278 | INFO     | src.pipelines.train_vision_backbones:run_pipeline:176 - Training resnet18_autoencoder_differential_lr on RP
2026-02-08 15:42:02.291 | INFO     | src.models.resnet18_autoencoder.training:train_autoencoder_differential_lr:271 - Device: cuda | Model on: cuda:0
2026-02-08 15:42:32.379 | INFO     | src.pipelines.train_vision_backbones:run_pipeline:193 - Evaluating resnet18_autoencoder_differential_lr on RP
2026-02-08 15:42:32.585 | INFO     | src.models.evaluation:evaluate_tsb_ad_nonoverlapping:65 - Normal (14092) reconstruction error: mean=0.4393, std=0.3280
2026-02-08 15:42:32.585 | INFO     | src.models.evaluation:evaluate_tsb_ad_nonoverlapping:66 - Anomaly (908) reconstruction error: mean=0.7585, std=0.0838
2026-02-08 15:42:32.585 | INFO     | src.models.evaluation:evaluate_tsb_ad_nonoverlapping:67 - Overlap? Normal max=1.0000, Anomaly min=0.6371
2026-02-08 15:42:37.113 | INFO     | src.models.evaluation:evaluate_tsb_ad_nonoverlapping:83 - {'AUC-PR': 0.23251376797228407, 'AUC-ROC': 0.8354177581931699, 'VUS-PR': np.float64(0.36985572060588373), 'VUS-ROC': np.float64(0.8722090133674532), 'Standard-F1': np.float64(0.3338212441876454), 'PA-F1': 0.9483028720626632, 'Event-based-F1': np.float64(0.5754985754985751), 'R-based-F1': 0.32436778697008467, 'Affiliation-F': 0.8386878474535315}
2026-02-08 15:42:37.269 | INFO     | src.pipelines.train_vision_backbones:run_pipeline:170 - Train images: 79
2026-02-08 15:42:37.269 | INFO     | src.pipelines.train_vision_backbones:run_pipeline:171 - Test images: 299
2026-02-08 15:42:38.238 | INFO     | src.pipelines.train_vision_backbones:run_pipeline:176 - Training pvt_autoencoder_frozen on RP
2026-02-08 15:42:38.262 | INFO     | src.models.pvt_autoencoder.training:train_pvt_autoencoder_frozen:24 - Device: cuda | Model on: cuda:0
2026-02-08 15:43:08.169 | INFO     | src.pipelines.train_vision_backbones:run_pipeline:193 - Evaluating pvt_autoencoder_frozen on RP
2026-02-08 15:43:08.350 | INFO     | src.models.evaluation:evaluate_tsb_ad_nonoverlapping:65 - Normal (14092) reconstruction error: mean=0.4473, std=0.3350
2026-02-08 15:43:08.350 | INFO     | src.models.evaluation:evaluate_tsb_ad_nonoverlapping:66 - Anomaly (908) reconstruction error: mean=0.7668, std=0.0824
2026-02-08 15:43:08.350 | INFO     | src.models.evaluation:evaluate_tsb_ad_nonoverlapping:67 - Overlap? Normal max=1.0000, Anomaly min=0.6267
2026-02-08 15:43:12.983 | INFO     | src.models.evaluation:evaluate_tsb_ad_nonoverlapping:83 - {'AUC-PR': 0.20113149933741595, 'AUC-ROC': 0.8244021977664711, 'VUS-PR': np.float64(0.30002410902958565), 'VUS-ROC': np.float64(0.867498243175189), 'Standard-F1': np.float64(0.28087153982484997), 'PA-F1': 0.8537846732487071, 'Event-based-F1': np.float64(0.5486211901306236), 'R-based-F1': 0.36366089740763263, 'Affiliation-F': 0.8690664789309815}
2026-02-08 15:43:13.136 | INFO     | src.pipelines.train_vision_backbones:run_pipeline:170 - Train images: 79
2026-02-08 15:43:13.136 | INFO     | src.pipelines.train_vision_backbones:run_pipeline:171 - Test images: 299
2026-02-08 15:43:14.109 | INFO     | src.pipelines.train_vision_backbones:run_pipeline:176 - Training pvt_autoencoder_progressive_unfreeze on RP
2026-02-08 15:43:14.134 | INFO     | src.models.pvt_autoencoder.training:train_pvt_autoencoder_progressive_unfreeze:132 - Device: cuda | Model on: cuda:0
2026-02-08 15:43:46.302 | INFO     | src.pipelines.train_vision_backbones:run_pipeline:193 - Evaluating pvt_autoencoder_progressive_unfreeze on RP
2026-02-08 15:43:46.496 | INFO     | src.models.evaluation:evaluate_tsb_ad_nonoverlapping:65 - Normal (14092) reconstruction error: mean=0.4700, std=0.3514
2026-02-08 15:43:46.497 | INFO     | src.models.evaluation:evaluate_tsb_ad_nonoverlapping:66 - Anomaly (908) reconstruction error: mean=0.8147, std=0.0870
2026-02-08 15:43:46.497 | INFO     | src.models.evaluation:evaluate_tsb_ad_nonoverlapping:67 - Overlap? Normal max=1.0000, Anomaly min=0.6934
2026-02-08 15:43:51.207 | INFO     | src.models.evaluation:evaluate_tsb_ad_nonoverlapping:83 - {'AUC-PR': 0.23424478826873615, 'AUC-ROC': 0.8437995876061777, 'VUS-PR': np.float64(0.33210826965714874), 'VUS-ROC': np.float64(0.8799472465307412), 'Standard-F1': np.float64(0.38496478631758124), 'PA-F1': 0.8198645598194131, 'Event-based-F1': np.float64(0.5536062378167637), 'R-based-F1': 0.3069713169181335, 'Affiliation-F': 0.8539968827779915}
2026-02-08 15:43:51.367 | INFO     | src.pipelines.train_vision_backbones:run_pipeline:170 - Train images: 79
2026-02-08 15:43:51.367 | INFO     | src.pipelines.train_vision_backbones:run_pipeline:171 - Test images: 299
2026-02-08 15:43:52.344 | INFO     | src.pipelines.train_vision_backbones:run_pipeline:176 - Training pvt_autoencoder_differential_lr on RP
2026-02-08 15:43:52.369 | INFO     | src.models.pvt_autoencoder.training:train_pvt_autoencoder_differential_lr:267 - Device: cuda | Model on: cuda:0
2026-02-08 15:44:29.547 | INFO     | src.pipelines.train_vision_backbones:run_pipeline:193 - Evaluating pvt_autoencoder_differential_lr on RP
2026-02-08 15:44:29.730 | INFO     | src.models.evaluation:evaluate_tsb_ad_nonoverlapping:65 - Normal (14092) reconstruction error: mean=0.4384, std=0.3274
2026-02-08 15:44:29.730 | INFO     | src.models.evaluation:evaluate_tsb_ad_nonoverlapping:66 - Anomaly (908) reconstruction error: mean=0.7644, std=0.0813
2026-02-08 15:44:29.731 | INFO     | src.models.evaluation:evaluate_tsb_ad_nonoverlapping:67 - Overlap? Normal max=1.0000, Anomaly min=0.6576
2026-02-08 15:44:34.242 | INFO     | src.models.evaluation:evaluate_tsb_ad_nonoverlapping:83 - {'AUC-PR': 0.23852598194310465, 'AUC-ROC': 0.8511068235046972, 'VUS-PR': np.float64(0.3814329035781224), 'VUS-ROC': np.float64(0.8852111085159142), 'Standard-F1': np.float64(0.3306110996954775), 'PA-F1': 0.9483028720626632, 'Event-based-F1': np.float64(0.5754985754985751), 'R-based-F1': 0.32436778697008467, 'Affiliation-F': 0.8386878474535315}
2026-02-08 15:44:34.533 | INFO     | src.pipelines.train_vision_backbones:run_pipeline:70 - Using zip: /net/scratch/hscra/plgrid/plgsmendowski12/ts2i_images/SMD/185_SMD_id_8_Facility_tr_5000_1st_15144_ts2i_RWT.zip for transformation RWT
2026-02-08 15:44:34.973 | INFO     | src.pipelines.train_vision_backbones:run_pipeline:170 - Train images: 79
2026-02-08 15:44:34.973 | INFO     | src.pipelines.train_vision_backbones:run_pipeline:171 - Test images: 299
2026-02-08 15:44:34.979 | INFO     | src.pipelines.train_vision_backbones:run_pipeline:176 - Training cnn_autoencoder on RWT
2026-02-08 15:44:34.984 | INFO     | src.models.cnn_autoencoder.training:train_autoencoder:22 - Device: cuda | Model on: cuda:0
2026-02-08 15:44:59.236 | INFO     | src.pipelines.train_vision_backbones:run_pipeline:193 - Evaluating cnn_autoencoder on RWT
2026-02-08 15:44:59.488 | INFO     | src.models.evaluation:evaluate_tsb_ad_nonoverlapping:65 - Normal (14092) reconstruction error: mean=0.0700, std=0.1198
2026-02-08 15:44:59.488 | INFO     | src.models.evaluation:evaluate_tsb_ad_nonoverlapping:66 - Anomaly (908) reconstruction error: mean=0.0976, std=0.1528
2026-02-08 15:44:59.488 | INFO     | src.models.evaluation:evaluate_tsb_ad_nonoverlapping:67 - Overlap? Normal max=1.0000, Anomaly min=0.0091
2026-02-08 15:45:02.324 | INFO     | src.models.evaluation:evaluate_tsb_ad_nonoverlapping:83 - {'AUC-PR': 0.09302884917843829, 'AUC-ROC': 0.6295842550089344, 'VUS-PR': np.float64(0.12858646150136718), 'VUS-ROC': np.float64(0.6979258134225241), 'Standard-F1': np.float64(0.1808726970781581), 'PA-F1': 0.5325513196480939, 'Event-based-F1': np.float64(0.32653061224489743), 'R-based-F1': 0.182965030778279, 'Affiliation-F': 0.7146846847588813}
2026-02-08 15:45:02.477 | INFO     | src.pipelines.train_vision_backbones:run_pipeline:170 - Train images: 79
2026-02-08 15:45:02.477 | INFO     | src.pipelines.train_vision_backbones:run_pipeline:171 - Test images: 299
2026-02-08 15:45:02.690 | INFO     | src.pipelines.train_vision_backbones:run_pipeline:176 - Training resnet18_autoencoder_frozen on RWT
2026-02-08 15:45:02.703 | INFO     | src.models.resnet18_autoencoder.training:train_autoencoder_frozen:25 - Device: cuda | Model on: cuda:0
2026-02-08 15:45:20.643 | INFO     | src.pipelines.train_vision_backbones:run_pipeline:193 - Evaluating resnet18_autoencoder_frozen on RWT
2026-02-08 15:45:20.915 | INFO     | src.models.evaluation:evaluate_tsb_ad_nonoverlapping:65 - Normal (14092) reconstruction error: mean=0.1168, std=0.1464
2026-02-08 15:45:20.916 | INFO     | src.models.evaluation:evaluate_tsb_ad_nonoverlapping:66 - Anomaly (908) reconstruction error: mean=0.1290, std=0.1057
2026-02-08 15:45:20.916 | INFO     | src.models.evaluation:evaluate_tsb_ad_nonoverlapping:67 - Overlap? Normal max=1.0000, Anomaly min=0.0136
2026-02-08 15:45:23.954 | INFO     | src.models.evaluation:evaluate_tsb_ad_nonoverlapping:83 - {'AUC-PR': 0.07845378452273823, 'AUC-ROC': 0.6064003883854494, 'VUS-PR': np.float64(0.11099077142627385), 'VUS-ROC': np.float64(0.6832431568403825), 'Standard-F1': np.float64(0.1665405667060844), 'PA-F1': 0.6210902591599643, 'Event-based-F1': np.float64(0.18243015819589345), 'R-based-F1': 0.13554290011589898, 'Affiliation-F': 0.7151254079268978}
2026-02-08 15:45:24.106 | INFO     | src.pipelines.train_vision_backbones:run_pipeline:170 - Train images: 79
2026-02-08 15:45:24.107 | INFO     | src.pipelines.train_vision_backbones:run_pipeline:171 - Test images: 299
2026-02-08 15:45:24.318 | INFO     | src.pipelines.train_vision_backbones:run_pipeline:176 - Training resnet18_autoencoder_progressive_unfreeze on RWT
2026-02-08 15:45:24.332 | INFO     | src.models.resnet18_autoencoder.training:train_autoencoder_progressive_unfreeze:133 - Device: cuda | Model on: cuda:0
2026-02-08 15:45:48.701 | INFO     | src.pipelines.train_vision_backbones:run_pipeline:193 - Evaluating resnet18_autoencoder_progressive_unfreeze on RWT
2026-02-08 15:45:48.976 | INFO     | src.models.evaluation:evaluate_tsb_ad_nonoverlapping:65 - Normal (14092) reconstruction error: mean=0.1119, std=0.1409
2026-02-08 15:45:48.976 | INFO     | src.models.evaluation:evaluate_tsb_ad_nonoverlapping:66 - Anomaly (908) reconstruction error: mean=0.1666, std=0.1590
2026-02-08 15:45:48.976 | INFO     | src.models.evaluation:evaluate_tsb_ad_nonoverlapping:67 - Overlap? Normal max=1.0000, Anomaly min=0.0119
2026-02-08 15:45:51.995 | INFO     | src.models.evaluation:evaluate_tsb_ad_nonoverlapping:83 - {'AUC-PR': 0.09995230512926966, 'AUC-ROC': 0.6255867671350384, 'VUS-PR': np.float64(0.155580786127018), 'VUS-ROC': np.float64(0.7056440914600899), 'Standard-F1': np.float64(0.18809607284794438), 'PA-F1': 0.858628841607565, 'Event-based-F1': np.float64(0.25436408977556085), 'R-based-F1': 0.2015483282294854, 'Affiliation-F': 0.7101985232905439}
2026-02-08 15:45:52.161 | INFO     | src.pipelines.train_vision_backbones:run_pipeline:170 - Train images: 79
2026-02-08 15:45:52.161 | INFO     | src.pipelines.train_vision_backbones:run_pipeline:171 - Test images: 299
2026-02-08 15:45:52.367 | INFO     | src.pipelines.train_vision_backbones:run_pipeline:176 - Training resnet18_autoencoder_differential_lr on RWT
2026-02-08 15:45:52.380 | INFO     | src.models.resnet18_autoencoder.training:train_autoencoder_differential_lr:271 - Device: cuda | Model on: cuda:0
2026-02-08 15:46:12.346 | INFO     | src.pipelines.train_vision_backbones:run_pipeline:193 - Evaluating resnet18_autoencoder_differential_lr on RWT
2026-02-08 15:46:12.577 | INFO     | src.models.evaluation:evaluate_tsb_ad_nonoverlapping:65 - Normal (14092) reconstruction error: mean=0.1438, std=0.1722
2026-02-08 15:46:12.577 | INFO     | src.models.evaluation:evaluate_tsb_ad_nonoverlapping:66 - Anomaly (908) reconstruction error: mean=0.2316, std=0.2065
2026-02-08 15:46:12.577 | INFO     | src.models.evaluation:evaluate_tsb_ad_nonoverlapping:67 - Overlap? Normal max=1.0000, Anomaly min=0.0347
2026-02-08 15:46:15.776 | INFO     | src.models.evaluation:evaluate_tsb_ad_nonoverlapping:83 - {'AUC-PR': 0.11243501831782328, 'AUC-ROC': 0.6693520302705569, 'VUS-PR': np.float64(0.14355580318699462), 'VUS-ROC': np.float64(0.7231296486603723), 'Standard-F1': np.float64(0.19251477634012343), 'PA-F1': 0.48118706942236356, 'Event-based-F1': np.float64(0.28035538005922966), 'R-based-F1': 0.23135553964711336, 'Affiliation-F': 0.7173779115379931}
2026-02-08 15:46:15.936 | INFO     | src.pipelines.train_vision_backbones:run_pipeline:170 - Train images: 79
2026-02-08 15:46:15.936 | INFO     | src.pipelines.train_vision_backbones:run_pipeline:171 - Test images: 299
2026-02-08 15:46:16.870 | INFO     | src.pipelines.train_vision_backbones:run_pipeline:176 - Training pvt_autoencoder_frozen on RWT
2026-02-08 15:46:16.894 | INFO     | src.models.pvt_autoencoder.training:train_pvt_autoencoder_frozen:24 - Device: cuda | Model on: cuda:0
2026-02-08 15:46:38.678 | INFO     | src.pipelines.train_vision_backbones:run_pipeline:193 - Evaluating pvt_autoencoder_frozen on RWT
2026-02-08 15:46:38.883 | INFO     | src.models.evaluation:evaluate_tsb_ad_nonoverlapping:65 - Normal (14092) reconstruction error: mean=0.1402, std=0.1895
2026-02-08 15:46:38.883 | INFO     | src.models.evaluation:evaluate_tsb_ad_nonoverlapping:66 - Anomaly (908) reconstruction error: mean=0.1514, std=0.1252
2026-02-08 15:46:38.883 | INFO     | src.models.evaluation:evaluate_tsb_ad_nonoverlapping:67 - Overlap? Normal max=1.0000, Anomaly min=0.0209
2026-02-08 15:46:42.087 | INFO     | src.models.evaluation:evaluate_tsb_ad_nonoverlapping:83 - {'AUC-PR': 0.08143020117913351, 'AUC-ROC': 0.6275171278483371, 'VUS-PR': np.float64(0.10754265529832822), 'VUS-ROC': np.float64(0.6934952006236226), 'Standard-F1': np.float64(0.18441367822339685), 'PA-F1': 0.4896198436236182, 'Event-based-F1': np.float64(0.19142450721398072), 'R-based-F1': 0.1410379505883896, 'Affiliation-F': 0.7066996381440015}
2026-02-08 15:46:42.240 | INFO     | src.pipelines.train_vision_backbones:run_pipeline:170 - Train images: 79
2026-02-08 15:46:42.240 | INFO     | src.pipelines.train_vision_backbones:run_pipeline:171 - Test images: 299
2026-02-08 15:46:43.182 | INFO     | src.pipelines.train_vision_backbones:run_pipeline:176 - Training pvt_autoencoder_progressive_unfreeze on RWT
2026-02-08 15:46:43.206 | INFO     | src.models.pvt_autoencoder.training:train_pvt_autoencoder_progressive_unfreeze:132 - Device: cuda | Model on: cuda:0
2026-02-08 15:47:09.950 | INFO     | src.pipelines.train_vision_backbones:run_pipeline:193 - Evaluating pvt_autoencoder_progressive_unfreeze on RWT
2026-02-08 15:47:10.146 | INFO     | src.models.evaluation:evaluate_tsb_ad_nonoverlapping:65 - Normal (14092) reconstruction error: mean=0.1120, std=0.1416
2026-02-08 15:47:10.146 | INFO     | src.models.evaluation:evaluate_tsb_ad_nonoverlapping:66 - Anomaly (908) reconstruction error: mean=0.1789, std=0.1753
2026-02-08 15:47:10.146 | INFO     | src.models.evaluation:evaluate_tsb_ad_nonoverlapping:67 - Overlap? Normal max=1.0000, Anomaly min=0.0057
2026-02-08 15:47:13.214 | INFO     | src.models.evaluation:evaluate_tsb_ad_nonoverlapping:83 - {'AUC-PR': 0.10967080855201922, 'AUC-ROC': 0.645980598233634, 'VUS-PR': np.float64(0.14821086641607442), 'VUS-ROC': np.float64(0.7226755365998522), 'Standard-F1': np.float64(0.20904906214912505), 'PA-F1': 0.6005291005291006, 'Event-based-F1': np.float64(0.32653061224489743), 'R-based-F1': 0.20440437613209286, 'Affiliation-F': 0.752593101497969}
2026-02-08 15:47:13.369 | INFO     | src.pipelines.train_vision_backbones:run_pipeline:170 - Train images: 79
2026-02-08 15:47:13.369 | INFO     | src.pipelines.train_vision_backbones:run_pipeline:171 - Test images: 299
2026-02-08 15:47:14.308 | INFO     | src.pipelines.train_vision_backbones:run_pipeline:176 - Training pvt_autoencoder_differential_lr on RWT
2026-02-08 15:47:14.332 | INFO     | src.models.pvt_autoencoder.training:train_pvt_autoencoder_differential_lr:267 - Device: cuda | Model on: cuda:0
2026-02-08 15:47:41.046 | INFO     | src.pipelines.train_vision_backbones:run_pipeline:193 - Evaluating pvt_autoencoder_differential_lr on RWT
2026-02-08 15:47:41.242 | INFO     | src.models.evaluation:evaluate_tsb_ad_nonoverlapping:65 - Normal (14092) reconstruction error: mean=0.1083, std=0.1416
2026-02-08 15:47:41.242 | INFO     | src.models.evaluation:evaluate_tsb_ad_nonoverlapping:66 - Anomaly (908) reconstruction error: mean=0.1479, std=0.1691
2026-02-08 15:47:41.242 | INFO     | src.models.evaluation:evaluate_tsb_ad_nonoverlapping:67 - Overlap? Normal max=1.0000, Anomaly min=0.0209
2026-02-08 15:47:44.286 | INFO     | src.models.evaluation:evaluate_tsb_ad_nonoverlapping:83 - {'AUC-PR': 0.0938176660646376, 'AUC-ROC': 0.6026100039888911, 'VUS-PR': np.float64(0.13025634439830885), 'VUS-ROC': np.float64(0.6711688768333811), 'Standard-F1': np.float64(0.19890075731164297), 'PA-F1': 0.48764769065520946, 'Event-based-F1': np.float64(0.32653061224489743), 'R-based-F1': 0.16499571738021088, 'Affiliation-F': 0.710214861957585}
2026-02-08 15:47:44.577 | INFO     | src.pipelines.train_vision_backbones:run_pipeline:70 - Using zip: /net/scratch/hscra/plgrid/plgsmendowski12/ts2i_images/SMD/185_SMD_id_8_Facility_tr_5000_1st_15144_ts2i_MWT.zip for transformation MWT
2026-02-08 15:47:45.322 | INFO     | src.pipelines.train_vision_backbones:run_pipeline:170 - Train images: 79
2026-02-08 15:47:45.323 | INFO     | src.pipelines.train_vision_backbones:run_pipeline:171 - Test images: 299
2026-02-08 15:47:45.330 | INFO     | src.pipelines.train_vision_backbones:run_pipeline:176 - Training cnn_autoencoder on MWT
2026-02-08 15:47:45.335 | INFO     | src.models.cnn_autoencoder.training:train_autoencoder:22 - Device: cuda | Model on: cuda:0
2026-02-08 15:48:13.261 | INFO     | src.pipelines.train_vision_backbones:run_pipeline:193 - Evaluating cnn_autoencoder on MWT
2026-02-08 15:48:13.522 | INFO     | src.models.evaluation:evaluate_tsb_ad_nonoverlapping:65 - Normal (14092) reconstruction error: mean=0.1793, std=0.1682
2026-02-08 15:48:13.522 | INFO     | src.models.evaluation:evaluate_tsb_ad_nonoverlapping:66 - Anomaly (908) reconstruction error: mean=0.0825, std=0.0800
2026-02-08 15:48:13.522 | INFO     | src.models.evaluation:evaluate_tsb_ad_nonoverlapping:67 - Overlap? Normal max=1.0000, Anomaly min=0.0190
2026-02-08 15:48:16.828 | INFO     | src.models.evaluation:evaluate_tsb_ad_nonoverlapping:83 - {'AUC-PR': 0.041205741121934016, 'AUC-ROC': 0.27272542549214035, 'VUS-PR': np.float64(0.04472429555215563), 'VUS-ROC': np.float64(0.27829072964923796), 'Standard-F1': np.float64(0.11862966535982415), 'PA-F1': 0.19216931216931216, 'Event-based-F1': np.float64(0.11524305114862281), 'R-based-F1': 0.21003181648687202, 'Affiliation-F': 0.7030344572829573}
2026-02-08 15:48:16.981 | INFO     | src.pipelines.train_vision_backbones:run_pipeline:170 - Train images: 79
2026-02-08 15:48:16.981 | INFO     | src.pipelines.train_vision_backbones:run_pipeline:171 - Test images: 299
2026-02-08 15:48:17.189 | INFO     | src.pipelines.train_vision_backbones:run_pipeline:176 - Training resnet18_autoencoder_frozen on MWT
2026-02-08 15:48:17.201 | INFO     | src.models.resnet18_autoencoder.training:train_autoencoder_frozen:25 - Device: cuda | Model on: cuda:0
2026-02-08 15:48:32.491 | INFO     | src.pipelines.train_vision_backbones:run_pipeline:193 - Evaluating resnet18_autoencoder_frozen on MWT
2026-02-08 15:48:32.779 | INFO     | src.models.evaluation:evaluate_tsb_ad_nonoverlapping:65 - Normal (14092) reconstruction error: mean=0.3700, std=0.2266
2026-02-08 15:48:32.780 | INFO     | src.models.evaluation:evaluate_tsb_ad_nonoverlapping:66 - Anomaly (908) reconstruction error: mean=0.2443, std=0.1415
2026-02-08 15:48:32.780 | INFO     | src.models.evaluation:evaluate_tsb_ad_nonoverlapping:67 - Overlap? Normal max=1.0000, Anomaly min=0.0375
2026-02-08 15:48:36.946 | INFO     | src.models.evaluation:evaluate_tsb_ad_nonoverlapping:83 - {'AUC-PR': 0.044473748086718244, 'AUC-ROC': 0.3415971007388827, 'VUS-PR': np.float64(0.049835350010673275), 'VUS-ROC': np.float64(0.36572130361417865), 'Standard-F1': np.float64(0.11597795971713766), 'PA-F1': 0.27852586817859676, 'Event-based-F1': np.float64(0.11524305114862281), 'R-based-F1': 0.18811525706076973, 'Affiliation-F': 0.7031431997533856}
2026-02-08 15:48:37.101 | INFO     | src.pipelines.train_vision_backbones:run_pipeline:170 - Train images: 79
2026-02-08 15:48:37.102 | INFO     | src.pipelines.train_vision_backbones:run_pipeline:171 - Test images: 299
2026-02-08 15:48:37.312 | INFO     | src.pipelines.train_vision_backbones:run_pipeline:176 - Training resnet18_autoencoder_progressive_unfreeze on MWT
2026-02-08 15:48:37.326 | INFO     | src.models.resnet18_autoencoder.training:train_autoencoder_progressive_unfreeze:133 - Device: cuda | Model on: cuda:0
2026-02-08 15:48:56.632 | INFO     | src.pipelines.train_vision_backbones:run_pipeline:193 - Evaluating resnet18_autoencoder_progressive_unfreeze on MWT
2026-02-08 15:48:56.928 | INFO     | src.models.evaluation:evaluate_tsb_ad_nonoverlapping:65 - Normal (14092) reconstruction error: mean=0.2660, std=0.2050
2026-02-08 15:48:56.928 | INFO     | src.models.evaluation:evaluate_tsb_ad_nonoverlapping:66 - Anomaly (908) reconstruction error: mean=0.1144, std=0.0935
2026-02-08 15:48:56.928 | INFO     | src.models.evaluation:evaluate_tsb_ad_nonoverlapping:67 - Overlap? Normal max=1.0000, Anomaly min=0.0138
2026-02-08 15:49:00.608 | INFO     | src.models.evaluation:evaluate_tsb_ad_nonoverlapping:83 - {'AUC-PR': 0.03918039832737096, 'AUC-ROC': 0.24487977682216674, 'VUS-PR': np.float64(0.04445594455831823), 'VUS-ROC': np.float64(0.26060569265813716), 'Standard-F1': np.float64(0.11634949363303665), 'PA-F1': 0.16274976705663113, 'Event-based-F1': np.float64(0.11560988031576255), 'R-based-F1': 0.20349765697791047, 'Affiliation-F': 0.7008183488351656}
2026-02-08 15:49:00.761 | INFO     | src.pipelines.train_vision_backbones:run_pipeline:170 - Train images: 79
2026-02-08 15:49:00.761 | INFO     | src.pipelines.train_vision_backbones:run_pipeline:171 - Test images: 299
2026-02-08 15:49:00.972 | INFO     | src.pipelines.train_vision_backbones:run_pipeline:176 - Training resnet18_autoencoder_differential_lr on MWT
2026-02-08 15:49:00.986 | INFO     | src.models.resnet18_autoencoder.training:train_autoencoder_differential_lr:271 - Device: cuda | Model on: cuda:0
2026-02-08 15:49:19.424 | INFO     | src.pipelines.train_vision_backbones:run_pipeline:193 - Evaluating resnet18_autoencoder_differential_lr on MWT
2026-02-08 15:49:19.657 | INFO     | src.models.evaluation:evaluate_tsb_ad_nonoverlapping:65 - Normal (14092) reconstruction error: mean=0.2070, std=0.1537
2026-02-08 15:49:19.657 | INFO     | src.models.evaluation:evaluate_tsb_ad_nonoverlapping:66 - Anomaly (908) reconstruction error: mean=0.1001, std=0.0653
2026-02-08 15:49:19.657 | INFO     | src.models.evaluation:evaluate_tsb_ad_nonoverlapping:67 - Overlap? Normal max=1.0000, Anomaly min=0.0032
2026-02-08 15:49:23.040 | INFO     | src.models.evaluation:evaluate_tsb_ad_nonoverlapping:83 - {'AUC-PR': 0.0402658578209189, 'AUC-ROC': 0.26955244391481525, 'VUS-PR': np.float64(0.04520880822756143), 'VUS-ROC': np.float64(0.2835780525026345), 'Standard-F1': np.float64(0.11451525286730334), 'PA-F1': 0.19184769343422017, 'Event-based-F1': np.float64(0.11451633245049807), 'R-based-F1': 0.10691307404338427, 'Affiliation-F': 0.7012078817989549}
2026-02-08 15:49:23.195 | INFO     | src.pipelines.train_vision_backbones:run_pipeline:170 - Train images: 79
2026-02-08 15:49:23.195 | INFO     | src.pipelines.train_vision_backbones:run_pipeline:171 - Test images: 299
2026-02-08 15:49:24.166 | INFO     | src.pipelines.train_vision_backbones:run_pipeline:176 - Training pvt_autoencoder_frozen on MWT
2026-02-08 15:49:24.190 | INFO     | src.models.pvt_autoencoder.training:train_pvt_autoencoder_frozen:24 - Device: cuda | Model on: cuda:0
2026-02-08 15:49:40.534 | INFO     | src.pipelines.train_vision_backbones:run_pipeline:193 - Evaluating pvt_autoencoder_frozen on MWT
2026-02-08 15:49:40.736 | INFO     | src.models.evaluation:evaluate_tsb_ad_nonoverlapping:65 - Normal (14092) reconstruction error: mean=0.2804, std=0.1882
2026-02-08 15:49:40.736 | INFO     | src.models.evaluation:evaluate_tsb_ad_nonoverlapping:66 - Anomaly (908) reconstruction error: mean=0.1539, std=0.1087
2026-02-08 15:49:40.736 | INFO     | src.models.evaluation:evaluate_tsb_ad_nonoverlapping:67 - Overlap? Normal max=1.0000, Anomaly min=0.0000
2026-02-08 15:49:44.493 | INFO     | src.models.evaluation:evaluate_tsb_ad_nonoverlapping:83 - {'AUC-PR': 0.041604252966305356, 'AUC-ROC': 0.28986030753225184, 'VUS-PR': np.float64(0.050085025584025035), 'VUS-ROC': np.float64(0.3575004775043481), 'Standard-F1': np.float64(0.11415532290052582), 'PA-F1': 0.44437340153452687, 'Event-based-F1': np.float64(0.1095925405543491), 'R-based-F1': 0.15374240957687615, 'Affiliation-F': 0.6969881251494074}
2026-02-08 15:49:44.645 | INFO     | src.pipelines.train_vision_backbones:run_pipeline:170 - Train images: 79
2026-02-08 15:49:44.645 | INFO     | src.pipelines.train_vision_backbones:run_pipeline:171 - Test images: 299
2026-02-08 15:49:45.656 | INFO     | src.pipelines.train_vision_backbones:run_pipeline:176 - Training pvt_autoencoder_progressive_unfreeze on MWT
2026-02-08 15:49:45.679 | INFO     | src.models.pvt_autoencoder.training:train_pvt_autoencoder_progressive_unfreeze:132 - Device: cuda | Model on: cuda:0
2026-02-08 15:50:04.924 | INFO     | src.pipelines.train_vision_backbones:run_pipeline:193 - Evaluating pvt_autoencoder_progressive_unfreeze on MWT
2026-02-08 15:50:05.129 | INFO     | src.models.evaluation:evaluate_tsb_ad_nonoverlapping:65 - Normal (14092) reconstruction error: mean=0.2016, std=0.1836
2026-02-08 15:50:05.129 | INFO     | src.models.evaluation:evaluate_tsb_ad_nonoverlapping:66 - Anomaly (908) reconstruction error: mean=0.0946, std=0.0791
2026-02-08 15:50:05.129 | INFO     | src.models.evaluation:evaluate_tsb_ad_nonoverlapping:67 - Overlap? Normal max=1.0000, Anomaly min=0.0131
2026-02-08 15:50:08.547 | INFO     | src.models.evaluation:evaluate_tsb_ad_nonoverlapping:83 - {'AUC-PR': 0.04137344869231635, 'AUC-ROC': 0.28074775452939216, 'VUS-PR': np.float64(0.04862279860128078), 'VUS-ROC': np.float64(0.32812017796489024), 'Standard-F1': np.float64(0.11709974873850167), 'PA-F1': 0.29770491803278687, 'Event-based-F1': np.float64(0.11560988031576255), 'R-based-F1': 0.25094354827919985, 'Affiliation-F': 0.7018763350702998}
2026-02-08 15:50:08.702 | INFO     | src.pipelines.train_vision_backbones:run_pipeline:170 - Train images: 79
2026-02-08 15:50:08.703 | INFO     | src.pipelines.train_vision_backbones:run_pipeline:171 - Test images: 299
2026-02-08 15:50:09.685 | INFO     | src.pipelines.train_vision_backbones:run_pipeline:176 - Training pvt_autoencoder_differential_lr on MWT
2026-02-08 15:50:09.709 | INFO     | src.models.pvt_autoencoder.training:train_pvt_autoencoder_differential_lr:267 - Device: cuda | Model on: cuda:0
2026-02-08 15:50:36.567 | INFO     | src.pipelines.train_vision_backbones:run_pipeline:193 - Evaluating pvt_autoencoder_differential_lr on MWT
2026-02-08 15:50:36.767 | INFO     | src.models.evaluation:evaluate_tsb_ad_nonoverlapping:65 - Normal (14092) reconstruction error: mean=0.2213, std=0.1895
2026-02-08 15:50:36.767 | INFO     | src.models.evaluation:evaluate_tsb_ad_nonoverlapping:66 - Anomaly (908) reconstruction error: mean=0.1000, std=0.0703
2026-02-08 15:50:36.767 | INFO     | src.models.evaluation:evaluate_tsb_ad_nonoverlapping:67 - Overlap? Normal max=1.0000, Anomaly min=0.0310
2026-02-08 15:50:40.252 | INFO     | src.models.evaluation:evaluate_tsb_ad_nonoverlapping:83 - {'AUC-PR': 0.0414963831420186, 'AUC-ROC': 0.2910833903323784, 'VUS-PR': np.float64(0.04644999782023326), 'VUS-ROC': np.float64(0.31425332519709437), 'Standard-F1': np.float64(0.12020008813790603), 'PA-F1': 0.19846994535519125, 'Event-based-F1': np.float64(0.11980472357830836), 'R-based-F1': 0.14981516750702953, 'Affiliation-F': 0.7041968722013727}
2026-02-08 15:50:40.707 | INFO     | src.pipelines.train_vision_backbones:run_pipeline:70 - Using zip: /net/scratch/hscra/plgrid/plgsmendowski12/ts2i_images/SMD/185_SMD_id_8_Facility_tr_5000_1st_15144_ts2i_SPIRAL.zip for transformation SPIRAL
2026-02-08 15:50:41.172 | INFO     | src.pipelines.train_vision_backbones:run_pipeline:170 - Train images: 79
2026-02-08 15:50:41.172 | INFO     | src.pipelines.train_vision_backbones:run_pipeline:171 - Test images: 299
2026-02-08 15:50:41.179 | INFO     | src.pipelines.train_vision_backbones:run_pipeline:176 - Training cnn_autoencoder on SPIRAL
2026-02-08 15:50:41.183 | INFO     | src.models.cnn_autoencoder.training:train_autoencoder:22 - Device: cuda | Model on: cuda:0
2026-02-08 15:51:05.318 | INFO     | src.pipelines.train_vision_backbones:run_pipeline:193 - Evaluating cnn_autoencoder on SPIRAL
2026-02-08 15:51:05.802 | INFO     | src.models.evaluation:evaluate_tsb_ad_nonoverlapping:65 - Normal (14092) reconstruction error: mean=0.0280, std=0.0966
2026-02-08 15:51:05.803 | INFO     | src.models.evaluation:evaluate_tsb_ad_nonoverlapping:66 - Anomaly (908) reconstruction error: mean=0.4627, std=0.3726
2026-02-08 15:51:05.803 | INFO     | src.models.evaluation:evaluate_tsb_ad_nonoverlapping:67 - Overlap? Normal max=0.9801, Anomaly min=0.0078
2026-02-08 15:51:08.595 | INFO     | src.models.evaluation:evaluate_tsb_ad_nonoverlapping:83 - {'AUC-PR': 0.6278460817602307, 'AUC-ROC': 0.9404153135906148, 'VUS-PR': np.float64(0.6812594992855792), 'VUS-ROC': np.float64(0.9625642146816212), 'Standard-F1': np.float64(0.6593241521238487), 'PA-F1': 0.9732047159699893, 'Event-based-F1': np.float64(0.9333333333333328), 'R-based-F1': 0.6980961576674849, 'Affiliation-F': 0.9614257182797056}
2026-02-08 15:51:08.747 | INFO     | src.pipelines.train_vision_backbones:run_pipeline:170 - Train images: 79
2026-02-08 15:51:08.748 | INFO     | src.pipelines.train_vision_backbones:run_pipeline:171 - Test images: 299
2026-02-08 15:51:08.953 | INFO     | src.pipelines.train_vision_backbones:run_pipeline:176 - Training resnet18_autoencoder_frozen on SPIRAL
2026-02-08 15:51:08.965 | INFO     | src.models.resnet18_autoencoder.training:train_autoencoder_frozen:25 - Device: cuda | Model on: cuda:0
2026-02-08 15:51:34.940 | INFO     | src.pipelines.train_vision_backbones:run_pipeline:193 - Evaluating resnet18_autoencoder_frozen on SPIRAL
2026-02-08 15:51:35.216 | INFO     | src.models.evaluation:evaluate_tsb_ad_nonoverlapping:65 - Normal (14092) reconstruction error: mean=0.0326, std=0.1049
2026-02-08 15:51:35.217 | INFO     | src.models.evaluation:evaluate_tsb_ad_nonoverlapping:66 - Anomaly (908) reconstruction error: mean=0.4017, std=0.2718
2026-02-08 15:51:35.217 | INFO     | src.models.evaluation:evaluate_tsb_ad_nonoverlapping:67 - Overlap? Normal max=1.0000, Anomaly min=0.0262
2026-02-08 15:51:37.975 | INFO     | src.models.evaluation:evaluate_tsb_ad_nonoverlapping:83 - {'AUC-PR': 0.5702300715094077, 'AUC-ROC': 0.9609928024898684, 'VUS-PR': np.float64(0.6120047666909565), 'VUS-ROC': np.float64(0.9711914412720688), 'Standard-F1': np.float64(0.62487359201353), 'PA-F1': 0.9237029501525941, 'Event-based-F1': np.float64(0.8235294117647053), 'R-based-F1': 0.6426235470427284, 'Affiliation-F': 0.9549271366188233}
2026-02-08 15:51:38.129 | INFO     | src.pipelines.train_vision_backbones:run_pipeline:170 - Train images: 79
2026-02-08 15:51:38.129 | INFO     | src.pipelines.train_vision_backbones:run_pipeline:171 - Test images: 299
2026-02-08 15:51:38.342 | INFO     | src.pipelines.train_vision_backbones:run_pipeline:176 - Training resnet18_autoencoder_progressive_unfreeze on SPIRAL
2026-02-08 15:51:38.356 | INFO     | src.models.resnet18_autoencoder.training:train_autoencoder_progressive_unfreeze:133 - Device: cuda | Model on: cuda:0
2026-02-08 15:51:50.383 | INFO     | src.pipelines.train_vision_backbones:run_pipeline:193 - Evaluating resnet18_autoencoder_progressive_unfreeze on SPIRAL
2026-02-08 15:51:50.954 | INFO     | src.models.evaluation:evaluate_tsb_ad_nonoverlapping:65 - Normal (14092) reconstruction error: mean=0.0376, std=0.1002
2026-02-08 15:51:50.954 | INFO     | src.models.evaluation:evaluate_tsb_ad_nonoverlapping:66 - Anomaly (908) reconstruction error: mean=0.4723, std=0.3582
2026-02-08 15:51:50.954 | INFO     | src.models.evaluation:evaluate_tsb_ad_nonoverlapping:67 - Overlap? Normal max=0.9744, Anomaly min=0.0210
2026-02-08 15:51:53.730 | INFO     | src.models.evaluation:evaluate_tsb_ad_nonoverlapping:83 - {'AUC-PR': 0.6339951931237434, 'AUC-ROC': 0.95174739065249, 'VUS-PR': np.float64(0.6971396550324132), 'VUS-ROC': np.float64(0.9682796348812823), 'Standard-F1': np.float64(0.649397436189603), 'PA-F1': 0.9732047159699893, 'Event-based-F1': np.float64(0.9333333333333328), 'R-based-F1': 0.6980961576674849, 'Affiliation-F': 0.9495632693287077}
2026-02-08 15:51:53.888 | INFO     | src.pipelines.train_vision_backbones:run_pipeline:170 - Train images: 79
2026-02-08 15:51:53.889 | INFO     | src.pipelines.train_vision_backbones:run_pipeline:171 - Test images: 299
2026-02-08 15:51:54.100 | INFO     | src.pipelines.train_vision_backbones:run_pipeline:176 - Training resnet18_autoencoder_differential_lr on SPIRAL
2026-02-08 15:51:54.114 | INFO     | src.models.resnet18_autoencoder.training:train_autoencoder_differential_lr:271 - Device: cuda | Model on: cuda:0
2026-02-08 15:52:24.030 | INFO     | src.pipelines.train_vision_backbones:run_pipeline:193 - Evaluating resnet18_autoencoder_differential_lr on SPIRAL
2026-02-08 15:52:29.589 | INFO     | src.models.evaluation:evaluate_tsb_ad_nonoverlapping:65 - Normal (14092) reconstruction error: mean=0.0308, std=0.0995
2026-02-08 15:52:29.589 | INFO     | src.models.evaluation:evaluate_tsb_ad_nonoverlapping:66 - Anomaly (908) reconstruction error: mean=0.4657, std=0.3667
2026-02-08 15:52:29.589 | INFO     | src.models.evaluation:evaluate_tsb_ad_nonoverlapping:67 - Overlap? Normal max=0.9807, Anomaly min=0.0188
2026-02-08 15:52:32.370 | INFO     | src.models.evaluation:evaluate_tsb_ad_nonoverlapping:83 - {'AUC-PR': 0.6270433316767456, 'AUC-ROC': 0.9498170299391913, 'VUS-PR': np.float64(0.6841593853259543), 'VUS-ROC': np.float64(0.9652286641347779), 'Standard-F1': np.float64(0.6567876718922697), 'PA-F1': 0.9732047159699893, 'Event-based-F1': np.float64(0.9333333333333328), 'R-based-F1': 0.6980961576674849, 'Affiliation-F': 0.9520020924927449}
2026-02-08 15:52:32.606 | INFO     | src.pipelines.train_vision_backbones:run_pipeline:170 - Train images: 79
2026-02-08 15:52:32.606 | INFO     | src.pipelines.train_vision_backbones:run_pipeline:171 - Test images: 299
2026-02-08 15:52:34.212 | INFO     | src.pipelines.train_vision_backbones:run_pipeline:176 - Training pvt_autoencoder_frozen on SPIRAL
2026-02-08 15:52:34.235 | INFO     | src.models.pvt_autoencoder.training:train_pvt_autoencoder_frozen:24 - Device: cuda | Model on: cuda:0
2026-02-08 15:53:04.227 | INFO     | src.pipelines.train_vision_backbones:run_pipeline:193 - Evaluating pvt_autoencoder_frozen on SPIRAL
2026-02-08 15:53:04.525 | INFO     | src.models.evaluation:evaluate_tsb_ad_nonoverlapping:65 - Normal (14092) reconstruction error: mean=0.0374, std=0.1065
2026-02-08 15:53:04.525 | INFO     | src.models.evaluation:evaluate_tsb_ad_nonoverlapping:66 - Anomaly (908) reconstruction error: mean=0.4702, std=0.3311
2026-02-08 15:53:04.526 | INFO     | src.models.evaluation:evaluate_tsb_ad_nonoverlapping:67 - Overlap? Normal max=1.0000, Anomaly min=0.0391
2026-02-08 15:53:07.303 | INFO     | src.models.evaluation:evaluate_tsb_ad_nonoverlapping:83 - {'AUC-PR': 0.5984217121989167, 'AUC-ROC': 0.957659608788565, 'VUS-PR': np.float64(0.6484099006514018), 'VUS-ROC': np.float64(0.9691675150195274), 'Standard-F1': np.float64(0.6567876718922697), 'PA-F1': 0.9478079331941545, 'Event-based-F1': np.float64(0.8749999999999996), 'R-based-F1': 0.6599067284295392, 'Affiliation-F': 0.9621983132168941}
2026-02-08 15:53:07.458 | INFO     | src.pipelines.train_vision_backbones:run_pipeline:170 - Train images: 79
2026-02-08 15:53:07.458 | INFO     | src.pipelines.train_vision_backbones:run_pipeline:171 - Test images: 299
2026-02-08 15:53:08.403 | INFO     | src.pipelines.train_vision_backbones:run_pipeline:176 - Training pvt_autoencoder_progressive_unfreeze on SPIRAL
2026-02-08 15:53:08.426 | INFO     | src.models.pvt_autoencoder.training:train_pvt_autoencoder_progressive_unfreeze:132 - Device: cuda | Model on: cuda:0
2026-02-08 15:53:35.723 | INFO     | src.pipelines.train_vision_backbones:run_pipeline:193 - Evaluating pvt_autoencoder_progressive_unfreeze on SPIRAL
2026-02-08 15:53:36.027 | INFO     | src.models.evaluation:evaluate_tsb_ad_nonoverlapping:65 - Normal (14092) reconstruction error: mean=0.0289, std=0.0932
2026-02-08 15:53:36.027 | INFO     | src.models.evaluation:evaluate_tsb_ad_nonoverlapping:66 - Anomaly (908) reconstruction error: mean=0.4563, std=0.3521
2026-02-08 15:53:36.027 | INFO     | src.models.evaluation:evaluate_tsb_ad_nonoverlapping:67 - Overlap? Normal max=0.9882, Anomaly min=0.0369
2026-02-08 15:53:38.793 | INFO     | src.models.evaluation:evaluate_tsb_ad_nonoverlapping:83 - {'AUC-PR': 0.6610624486508199, 'AUC-ROC': 0.9644744854768099, 'VUS-PR': np.float64(0.7151922326417717), 'VUS-ROC': np.float64(0.9742911689963676), 'Standard-F1': np.float64(0.6567876718922697), 'PA-F1': 0.9732047159699893, 'Event-based-F1': np.float64(0.9333333333333328), 'R-based-F1': 0.6980961576674849, 'Affiliation-F': 0.9595043965771463}
2026-02-08 15:53:38.953 | INFO     | src.pipelines.train_vision_backbones:run_pipeline:170 - Train images: 79
2026-02-08 15:53:38.954 | INFO     | src.pipelines.train_vision_backbones:run_pipeline:171 - Test images: 299
2026-02-08 15:53:39.899 | INFO     | src.pipelines.train_vision_backbones:run_pipeline:176 - Training pvt_autoencoder_differential_lr on SPIRAL
2026-02-08 15:53:39.923 | INFO     | src.models.pvt_autoencoder.training:train_pvt_autoencoder_differential_lr:267 - Device: cuda | Model on: cuda:0
2026-02-08 15:54:15.251 | INFO     | src.pipelines.train_vision_backbones:run_pipeline:193 - Evaluating pvt_autoencoder_differential_lr on SPIRAL
2026-02-08 15:54:15.806 | INFO     | src.models.evaluation:evaluate_tsb_ad_nonoverlapping:65 - Normal (14092) reconstruction error: mean=0.0307, std=0.0975
2026-02-08 15:54:15.806 | INFO     | src.models.evaluation:evaluate_tsb_ad_nonoverlapping:66 - Anomaly (908) reconstruction error: mean=0.4640, std=0.3587
2026-02-08 15:54:15.806 | INFO     | src.models.evaluation:evaluate_tsb_ad_nonoverlapping:67 - Overlap? Normal max=0.9765, Anomaly min=0.0279
2026-02-08 15:54:18.611 | INFO     | src.models.evaluation:evaluate_tsb_ad_nonoverlapping:83 - {'AUC-PR': 0.6497383873540258, 'AUC-ROC': 0.96265353792135, 'VUS-PR': np.float64(0.7048373961940944), 'VUS-ROC': np.float64(0.9732525422091242), 'Standard-F1': np.float64(0.6567876718922697), 'PA-F1': 0.9732047159699893, 'Event-based-F1': np.float64(0.9333333333333328), 'R-based-F1': 0.6980961576674849, 'Affiliation-F': 0.9520020924927449}
2026-02-08 15:54:18.868 | INFO     | src.pipelines.train_vision_backbones:run_pipeline:70 - Using zip: /net/scratch/hscra/plgrid/plgsmendowski12/ts2i_images/SMD/187_SMD_id_10_Facility_tr_5000_1st_15849_ts2i_RN.zip for transformation RN
2026-02-08 15:54:19.338 | INFO     | src.pipelines.train_vision_backbones:run_pipeline:170 - Train images: 79
2026-02-08 15:54:19.339 | INFO     | src.pipelines.train_vision_backbones:run_pipeline:171 - Test images: 299
2026-02-08 15:54:19.345 | INFO     | src.pipelines.train_vision_backbones:run_pipeline:176 - Training cnn_autoencoder on RN
2026-02-08 15:54:19.349 | INFO     | src.models.cnn_autoencoder.training:train_autoencoder:22 - Device: cuda | Model on: cuda:0
2026-02-08 15:54:27.957 | INFO     | src.pipelines.train_vision_backbones:run_pipeline:193 - Evaluating cnn_autoencoder on RN
2026-02-08 15:54:28.208 | INFO     | src.models.evaluation:evaluate_tsb_ad_nonoverlapping:65 - Normal (12810) reconstruction error: mean=0.4586, std=0.2366
2026-02-08 15:54:28.208 | INFO     | src.models.evaluation:evaluate_tsb_ad_nonoverlapping:66 - Anomaly (2190) reconstruction error: mean=0.4657, std=0.1027
2026-02-08 15:54:28.209 | INFO     | src.models.evaluation:evaluate_tsb_ad_nonoverlapping:67 - Overlap? Normal max=1.0000, Anomaly min=0.2414
2026-02-08 15:54:34.053 | INFO     | src.models.evaluation:evaluate_tsb_ad_nonoverlapping:83 - {'AUC-PR': 0.1404984533125257, 'AUC-ROC': 0.49585440883442233, 'VUS-PR': np.float64(0.15337491121784919), 'VUS-ROC': np.float64(0.512138650838053), 'Standard-F1': np.float64(0.31421274812916566), 'PA-F1': 0.5351651946352634, 'Event-based-F1': np.float64(0.32122275119017757), 'R-based-F1': 0.19964724361492556, 'Affiliation-F': 0.7746688899007079}
2026-02-08 15:54:34.207 | INFO     | src.pipelines.train_vision_backbones:run_pipeline:170 - Train images: 79
2026-02-08 15:54:34.207 | INFO     | src.pipelines.train_vision_backbones:run_pipeline:171 - Test images: 299
2026-02-08 15:54:34.473 | INFO     | src.pipelines.train_vision_backbones:run_pipeline:176 - Training resnet18_autoencoder_frozen on RN
2026-02-08 15:54:34.485 | INFO     | src.models.resnet18_autoencoder.training:train_autoencoder_frozen:25 - Device: cuda | Model on: cuda:0
2026-02-08 15:54:45.501 | INFO     | src.pipelines.train_vision_backbones:run_pipeline:193 - Evaluating resnet18_autoencoder_frozen on RN
2026-02-08 15:54:45.777 | INFO     | src.models.evaluation:evaluate_tsb_ad_nonoverlapping:65 - Normal (12810) reconstruction error: mean=0.5228, std=0.2532
2026-02-08 15:54:45.777 | INFO     | src.models.evaluation:evaluate_tsb_ad_nonoverlapping:66 - Anomaly (2190) reconstruction error: mean=0.5515, std=0.1200
2026-02-08 15:54:45.777 | INFO     | src.models.evaluation:evaluate_tsb_ad_nonoverlapping:67 - Overlap? Normal max=1.0000, Anomaly min=0.2965
2026-02-08 15:54:52.018 | INFO     | src.models.evaluation:evaluate_tsb_ad_nonoverlapping:83 - {'AUC-PR': 0.15075222544481648, 'AUC-ROC': 0.526624640424326, 'VUS-PR': np.float64(0.16009892551562643), 'VUS-ROC': np.float64(0.5422954000891699), 'Standard-F1': np.float64(0.3359469175437006), 'PA-F1': 0.527308687053096, 'Event-based-F1': np.float64(0.3372734436564221), 'R-based-F1': 0.22750720832618423, 'Affiliation-F': 0.7832387543887943}
2026-02-08 15:54:52.172 | INFO     | src.pipelines.train_vision_backbones:run_pipeline:170 - Train images: 79
2026-02-08 15:54:52.173 | INFO     | src.pipelines.train_vision_backbones:run_pipeline:171 - Test images: 299
2026-02-08 15:54:52.381 | INFO     | src.pipelines.train_vision_backbones:run_pipeline:176 - Training resnet18_autoencoder_progressive_unfreeze on RN
2026-02-08 15:54:52.394 | INFO     | src.models.resnet18_autoencoder.training:train_autoencoder_progressive_unfreeze:133 - Device: cuda | Model on: cuda:0
2026-02-08 15:55:05.570 | INFO     | src.pipelines.train_vision_backbones:run_pipeline:193 - Evaluating resnet18_autoencoder_progressive_unfreeze on RN
2026-02-08 15:55:06.112 | INFO     | src.models.evaluation:evaluate_tsb_ad_nonoverlapping:65 - Normal (12810) reconstruction error: mean=0.5187, std=0.2514
2026-02-08 15:55:06.112 | INFO     | src.models.evaluation:evaluate_tsb_ad_nonoverlapping:66 - Anomaly (2190) reconstruction error: mean=0.5469, std=0.1226
2026-02-08 15:55:06.112 | INFO     | src.models.evaluation:evaluate_tsb_ad_nonoverlapping:67 - Overlap? Normal max=1.0000, Anomaly min=0.3085
2026-02-08 15:55:12.276 | INFO     | src.models.evaluation:evaluate_tsb_ad_nonoverlapping:83 - {'AUC-PR': 0.1512823212913983, 'AUC-ROC': 0.529522633216772, 'VUS-PR': np.float64(0.16038253018333865), 'VUS-ROC': np.float64(0.5413451036180251), 'Standard-F1': np.float64(0.34683662670672205), 'PA-F1': 0.527308687053096, 'Event-based-F1': np.float64(0.3372734436564221), 'R-based-F1': 0.21553233376719874, 'Affiliation-F': 0.7782387497563821}
2026-02-08 15:55:12.439 | INFO     | src.pipelines.train_vision_backbones:run_pipeline:170 - Train images: 79
2026-02-08 15:55:12.439 | INFO     | src.pipelines.train_vision_backbones:run_pipeline:171 - Test images: 299
2026-02-08 15:55:12.644 | INFO     | src.pipelines.train_vision_backbones:run_pipeline:176 - Training resnet18_autoencoder_differential_lr on RN
2026-02-08 15:55:12.656 | INFO     | src.models.resnet18_autoencoder.training:train_autoencoder_differential_lr:271 - Device: cuda | Model on: cuda:0
2026-02-08 15:55:23.496 | INFO     | src.pipelines.train_vision_backbones:run_pipeline:193 - Evaluating resnet18_autoencoder_differential_lr on RN
2026-02-08 15:55:25.725 | INFO     | src.models.evaluation:evaluate_tsb_ad_nonoverlapping:65 - Normal (12810) reconstruction error: mean=0.5347, std=0.2502
2026-02-08 15:55:25.725 | INFO     | src.models.evaluation:evaluate_tsb_ad_nonoverlapping:66 - Anomaly (2190) reconstruction error: mean=0.5639, std=0.1174
2026-02-08 15:55:25.725 | INFO     | src.models.evaluation:evaluate_tsb_ad_nonoverlapping:67 - Overlap? Normal max=1.0000, Anomaly min=0.2946
2026-02-08 15:55:32.029 | INFO     | src.models.evaluation:evaluate_tsb_ad_nonoverlapping:83 - {'AUC-PR': 0.14666404330607216, 'AUC-ROC': 0.5148277066646705, 'VUS-PR': np.float64(0.15629346226201352), 'VUS-ROC': np.float64(0.5263790361071943), 'Standard-F1': np.float64(0.3177541799754075), 'PA-F1': 0.4798560155060224, 'Event-based-F1': np.float64(0.31845238095238065), 'R-based-F1': 0.20859143113337789, 'Affiliation-F': 0.7782387497563821}
2026-02-08 15:55:32.185 | INFO     | src.pipelines.train_vision_backbones:run_pipeline:170 - Train images: 79
2026-02-08 15:55:32.185 | INFO     | src.pipelines.train_vision_backbones:run_pipeline:171 - Test images: 299
2026-02-08 15:55:33.213 | INFO     | src.pipelines.train_vision_backbones:run_pipeline:176 - Training pvt_autoencoder_frozen on RN
2026-02-08 15:55:33.237 | INFO     | src.models.pvt_autoencoder.training:train_pvt_autoencoder_frozen:24 - Device: cuda | Model on: cuda:0
2026-02-08 15:55:48.024 | INFO     | src.pipelines.train_vision_backbones:run_pipeline:193 - Evaluating pvt_autoencoder_frozen on RN
2026-02-08 15:55:50.090 | INFO     | src.models.evaluation:evaluate_tsb_ad_nonoverlapping:65 - Normal (12810) reconstruction error: mean=0.5432, std=0.2561
2026-02-08 15:55:50.090 | INFO     | src.models.evaluation:evaluate_tsb_ad_nonoverlapping:66 - Anomaly (2190) reconstruction error: mean=0.5768, std=0.1195
2026-02-08 15:55:50.090 | INFO     | src.models.evaluation:evaluate_tsb_ad_nonoverlapping:67 - Overlap? Normal max=1.0000, Anomaly min=0.3067
2026-02-08 15:55:56.352 | INFO     | src.models.evaluation:evaluate_tsb_ad_nonoverlapping:83 - {'AUC-PR': 0.14690608062659125, 'AUC-ROC': 0.5143607484164412, 'VUS-PR': np.float64(0.15674769791777216), 'VUS-ROC': np.float64(0.5255892185038145), 'Standard-F1': np.float64(0.3359469175437006), 'PA-F1': 0.47774869109947643, 'Event-based-F1': np.float64(0.3372734436564221), 'R-based-F1': 0.197362290511129, 'Affiliation-F': 0.7823745609110725}
2026-02-08 15:55:56.507 | INFO     | src.pipelines.train_vision_backbones:run_pipeline:170 - Train images: 79
2026-02-08 15:55:56.508 | INFO     | src.pipelines.train_vision_backbones:run_pipeline:171 - Test images: 299
2026-02-08 15:55:57.465 | INFO     | src.pipelines.train_vision_backbones:run_pipeline:176 - Training pvt_autoencoder_progressive_unfreeze on RN
2026-02-08 15:55:57.489 | INFO     | src.models.pvt_autoencoder.training:train_pvt_autoencoder_progressive_unfreeze:132 - Device: cuda | Model on: cuda:0
2026-02-08 15:56:11.735 | INFO     | src.pipelines.train_vision_backbones:run_pipeline:193 - Evaluating pvt_autoencoder_progressive_unfreeze on RN
2026-02-08 15:56:14.622 | INFO     | src.models.evaluation:evaluate_tsb_ad_nonoverlapping:65 - Normal (12810) reconstruction error: mean=0.5178, std=0.2531
2026-02-08 15:56:14.622 | INFO     | src.models.evaluation:evaluate_tsb_ad_nonoverlapping:66 - Anomaly (2190) reconstruction error: mean=0.5423, std=0.1203
2026-02-08 15:56:14.622 | INFO     | src.models.evaluation:evaluate_tsb_ad_nonoverlapping:67 - Overlap? Normal max=1.0000, Anomaly min=0.3097
2026-02-08 15:56:20.783 | INFO     | src.models.evaluation:evaluate_tsb_ad_nonoverlapping:83 - {'AUC-PR': 0.1540765402023205, 'AUC-ROC': 0.5415993854686871, 'VUS-PR': np.float64(0.16436255228864494), 'VUS-ROC': np.float64(0.5530594536607724), 'Standard-F1': np.float64(0.33857082443827813), 'PA-F1': 0.49048152295632697, 'Event-based-F1': np.float64(0.3372734436564221), 'R-based-F1': 0.20138708930877328, 'Affiliation-F': 0.7985732233358008}
2026-02-08 15:56:20.942 | INFO     | src.pipelines.train_vision_backbones:run_pipeline:170 - Train images: 79
2026-02-08 15:56:20.942 | INFO     | src.pipelines.train_vision_backbones:run_pipeline:171 - Test images: 299
2026-02-08 15:56:21.882 | INFO     | src.pipelines.train_vision_backbones:run_pipeline:176 - Training pvt_autoencoder_differential_lr on RN
2026-02-08 15:56:21.905 | INFO     | src.models.pvt_autoencoder.training:train_pvt_autoencoder_differential_lr:267 - Device: cuda | Model on: cuda:0
2026-02-08 15:56:38.881 | INFO     | src.pipelines.train_vision_backbones:run_pipeline:193 - Evaluating pvt_autoencoder_differential_lr on RN
2026-02-08 15:56:41.319 | INFO     | src.models.evaluation:evaluate_tsb_ad_nonoverlapping:65 - Normal (12810) reconstruction error: mean=0.5278, std=0.2561
2026-02-08 15:56:41.320 | INFO     | src.models.evaluation:evaluate_tsb_ad_nonoverlapping:66 - Anomaly (2190) reconstruction error: mean=0.5547, std=0.1153
2026-02-08 15:56:41.320 | INFO     | src.models.evaluation:evaluate_tsb_ad_nonoverlapping:67 - Overlap? Normal max=1.0000, Anomaly min=0.2749
2026-02-08 15:56:47.513 | INFO     | src.models.evaluation:evaluate_tsb_ad_nonoverlapping:83 - {'AUC-PR': 0.1517282682744129, 'AUC-ROC': 0.5327485661530126, 'VUS-PR': np.float64(0.16254536620838514), 'VUS-ROC': np.float64(0.5430995256108117), 'Standard-F1': np.float64(0.3359469175437006), 'PA-F1': 0.47655712910765846, 'Event-based-F1': np.float64(0.3372734436564221), 'R-based-F1': 0.20598865049736778, 'Affiliation-F': 0.7782387497563821}
2026-02-08 15:56:47.820 | INFO     | src.pipelines.train_vision_backbones:run_pipeline:70 - Using zip: /net/scratch/hscra/plgrid/plgsmendowski12/ts2i_images/SMD/187_SMD_id_10_Facility_tr_5000_1st_15849_ts2i_LP.zip for transformation LP
2026-02-08 15:56:48.287 | INFO     | src.pipelines.train_vision_backbones:run_pipeline:170 - Train images: 79
2026-02-08 15:56:48.287 | INFO     | src.pipelines.train_vision_backbones:run_pipeline:171 - Test images: 299
2026-02-08 15:56:48.294 | INFO     | src.pipelines.train_vision_backbones:run_pipeline:176 - Training cnn_autoencoder on LP
2026-02-08 15:56:48.298 | INFO     | src.models.cnn_autoencoder.training:train_autoencoder:22 - Device: cuda | Model on: cuda:0
2026-02-08 15:57:15.942 | INFO     | src.pipelines.train_vision_backbones:run_pipeline:193 - Evaluating cnn_autoencoder on LP
2026-02-08 15:57:16.185 | INFO     | src.models.evaluation:evaluate_tsb_ad_nonoverlapping:65 - Normal (12810) reconstruction error: mean=0.2930, std=0.1648
2026-02-08 15:57:16.185 | INFO     | src.models.evaluation:evaluate_tsb_ad_nonoverlapping:66 - Anomaly (2190) reconstruction error: mean=0.3807, std=0.2508
2026-02-08 15:57:16.185 | INFO     | src.models.evaluation:evaluate_tsb_ad_nonoverlapping:67 - Overlap? Normal max=0.8780, Anomaly min=0.0000
2026-02-08 15:57:21.307 | INFO     | src.models.evaluation:evaluate_tsb_ad_nonoverlapping:83 - {'AUC-PR': 0.3013638247191067, 'AUC-ROC': 0.5932508492580354, 'VUS-PR': np.float64(0.3101616626694124), 'VUS-ROC': np.float64(0.6303755759411479), 'Standard-F1': np.float64(0.4090859543151852), 'PA-F1': 0.8825307273826315, 'Event-based-F1': np.float64(0.705882352941176), 'R-based-F1': 0.6529778312792807, 'Affiliation-F': 0.8674556917864055}
2026-02-08 15:57:21.463 | INFO     | src.pipelines.train_vision_backbones:run_pipeline:170 - Train images: 79
2026-02-08 15:57:21.463 | INFO     | src.pipelines.train_vision_backbones:run_pipeline:171 - Test images: 299
2026-02-08 15:57:21.668 | INFO     | src.pipelines.train_vision_backbones:run_pipeline:176 - Training resnet18_autoencoder_frozen on LP
2026-02-08 15:57:21.681 | INFO     | src.models.resnet18_autoencoder.training:train_autoencoder_frozen:25 - Device: cuda | Model on: cuda:0
2026-02-08 15:57:49.040 | INFO     | src.pipelines.train_vision_backbones:run_pipeline:193 - Evaluating resnet18_autoencoder_frozen on LP
2026-02-08 15:57:49.895 | INFO     | src.models.evaluation:evaluate_tsb_ad_nonoverlapping:65 - Normal (12810) reconstruction error: mean=0.3760, std=0.1597
2026-02-08 15:57:49.895 | INFO     | src.models.evaluation:evaluate_tsb_ad_nonoverlapping:66 - Anomaly (2190) reconstruction error: mean=0.3564, std=0.2185
2026-02-08 15:57:49.896 | INFO     | src.models.evaluation:evaluate_tsb_ad_nonoverlapping:67 - Overlap? Normal max=1.0000, Anomaly min=0.0269
2026-02-08 15:57:55.221 | INFO     | src.models.evaluation:evaluate_tsb_ad_nonoverlapping:83 - {'AUC-PR': 0.16359526084721138, 'AUC-ROC': 0.41135278873882064, 'VUS-PR': np.float64(0.18166911806114408), 'VUS-ROC': np.float64(0.4528175718542388), 'Standard-F1': np.float64(0.2577964594540318), 'PA-F1': 0.8406500121270919, 'Event-based-F1': np.float64(0.5999999999999994), 'R-based-F1': 0.29158639251475943, 'Affiliation-F': 0.830850124461741}
2026-02-08 15:57:55.376 | INFO     | src.pipelines.train_vision_backbones:run_pipeline:170 - Train images: 79
2026-02-08 15:57:55.376 | INFO     | src.pipelines.train_vision_backbones:run_pipeline:171 - Test images: 299
2026-02-08 15:57:55.586 | INFO     | src.pipelines.train_vision_backbones:run_pipeline:176 - Training resnet18_autoencoder_progressive_unfreeze on LP
2026-02-08 15:57:55.600 | INFO     | src.models.resnet18_autoencoder.training:train_autoencoder_progressive_unfreeze:133 - Device: cuda | Model on: cuda:0
2026-02-08 15:58:25.045 | INFO     | src.pipelines.train_vision_backbones:run_pipeline:193 - Evaluating resnet18_autoencoder_progressive_unfreeze on LP
2026-02-08 15:58:26.359 | INFO     | src.models.evaluation:evaluate_tsb_ad_nonoverlapping:65 - Normal (12810) reconstruction error: mean=0.2967, std=0.1802
2026-02-08 15:58:26.359 | INFO     | src.models.evaluation:evaluate_tsb_ad_nonoverlapping:66 - Anomaly (2190) reconstruction error: mean=0.3464, std=0.2411
2026-02-08 15:58:26.359 | INFO     | src.models.evaluation:evaluate_tsb_ad_nonoverlapping:67 - Overlap? Normal max=0.9484, Anomaly min=0.0086
2026-02-08 15:58:31.338 | INFO     | src.models.evaluation:evaluate_tsb_ad_nonoverlapping:83 - {'AUC-PR': 0.2262346901743992, 'AUC-ROC': 0.5520462395602751, 'VUS-PR': np.float64(0.23090710115191845), 'VUS-ROC': np.float64(0.5912498762594173), 'Standard-F1': np.float64(0.31228457220473), 'PA-F1': 0.8305775221663072, 'Event-based-F1': np.float64(0.571428571428571), 'R-based-F1': 0.4028365315095784, 'Affiliation-F': 0.8385750520202039}
2026-02-08 15:58:31.497 | INFO     | src.pipelines.train_vision_backbones:run_pipeline:170 - Train images: 79
2026-02-08 15:58:31.497 | INFO     | src.pipelines.train_vision_backbones:run_pipeline:171 - Test images: 299
2026-02-08 15:58:31.704 | INFO     | src.pipelines.train_vision_backbones:run_pipeline:176 - Training resnet18_autoencoder_differential_lr on LP
2026-02-08 15:58:31.717 | INFO     | src.models.resnet18_autoencoder.training:train_autoencoder_differential_lr:271 - Device: cuda | Model on: cuda:0
2026-02-08 15:59:01.773 | INFO     | src.pipelines.train_vision_backbones:run_pipeline:193 - Evaluating resnet18_autoencoder_differential_lr on LP
2026-02-08 15:59:04.944 | INFO     | src.models.evaluation:evaluate_tsb_ad_nonoverlapping:65 - Normal (12810) reconstruction error: mean=0.2870, std=0.1676
2026-02-08 15:59:04.944 | INFO     | src.models.evaluation:evaluate_tsb_ad_nonoverlapping:66 - Anomaly (2190) reconstruction error: mean=0.3389, std=0.2281
2026-02-08 15:59:04.944 | INFO     | src.models.evaluation:evaluate_tsb_ad_nonoverlapping:67 - Overlap? Normal max=0.9097, Anomaly min=0.0277
2026-02-08 15:59:09.820 | INFO     | src.models.evaluation:evaluate_tsb_ad_nonoverlapping:83 - {'AUC-PR': 0.23007212132635804, 'AUC-ROC': 0.551354713604882, 'VUS-PR': np.float64(0.23887314964481202), 'VUS-ROC': np.float64(0.5897443828951427), 'Standard-F1': np.float64(0.2859484758665425), 'PA-F1': 0.8509698011293887, 'Event-based-F1': np.float64(0.5999999999999994), 'R-based-F1': 0.31339337652037247, 'Affiliation-F': 0.8382585825914006}
2026-02-08 15:59:09.979 | INFO     | src.pipelines.train_vision_backbones:run_pipeline:170 - Train images: 79
2026-02-08 15:59:09.980 | INFO     | src.pipelines.train_vision_backbones:run_pipeline:171 - Test images: 299
2026-02-08 15:59:10.934 | INFO     | src.pipelines.train_vision_backbones:run_pipeline:176 - Training pvt_autoencoder_frozen on LP
2026-02-08 15:59:10.958 | INFO     | src.models.pvt_autoencoder.training:train_pvt_autoencoder_frozen:24 - Device: cuda | Model on: cuda:0
2026-02-08 15:59:43.128 | INFO     | src.pipelines.train_vision_backbones:run_pipeline:193 - Evaluating pvt_autoencoder_frozen on LP
2026-02-08 15:59:47.084 | INFO     | src.models.evaluation:evaluate_tsb_ad_nonoverlapping:65 - Normal (12810) reconstruction error: mean=0.3536, std=0.1502
2026-02-08 15:59:47.084 | INFO     | src.models.evaluation:evaluate_tsb_ad_nonoverlapping:66 - Anomaly (2190) reconstruction error: mean=0.3297, std=0.2231
2026-02-08 15:59:47.084 | INFO     | src.models.evaluation:evaluate_tsb_ad_nonoverlapping:67 - Overlap? Normal max=1.0000, Anomaly min=0.0333
2026-02-08 15:59:52.321 | INFO     | src.models.evaluation:evaluate_tsb_ad_nonoverlapping:83 - {'AUC-PR': 0.17431860636124086, 'AUC-ROC': 0.41707926527149525, 'VUS-PR': np.float64(0.1927947961191028), 'VUS-ROC': np.float64(0.4586441729090971), 'Standard-F1': np.float64(0.25704001347171357), 'PA-F1': 0.8406500121270919, 'Event-based-F1': np.float64(0.5581395348837204), 'R-based-F1': 0.2907833158709593, 'Affiliation-F': 0.8000923154217361}
2026-02-08 15:59:52.476 | INFO     | src.pipelines.train_vision_backbones:run_pipeline:170 - Train images: 79
2026-02-08 15:59:52.476 | INFO     | src.pipelines.train_vision_backbones:run_pipeline:171 - Test images: 299
2026-02-08 15:59:53.452 | INFO     | src.pipelines.train_vision_backbones:run_pipeline:176 - Training pvt_autoencoder_progressive_unfreeze on LP
2026-02-08 15:59:53.475 | INFO     | src.models.pvt_autoencoder.training:train_pvt_autoencoder_progressive_unfreeze:132 - Device: cuda | Model on: cuda:0
2026-02-08 16:00:43.954 | INFO     | src.pipelines.train_vision_backbones:run_pipeline:193 - Evaluating pvt_autoencoder_progressive_unfreeze on LP
2026-02-08 16:00:48.020 | INFO     | src.models.evaluation:evaluate_tsb_ad_nonoverlapping:65 - Normal (12810) reconstruction error: mean=0.3072, std=0.1812
2026-02-08 16:00:48.021 | INFO     | src.models.evaluation:evaluate_tsb_ad_nonoverlapping:66 - Anomaly (2190) reconstruction error: mean=0.3751, std=0.2538
2026-02-08 16:00:48.021 | INFO     | src.models.evaluation:evaluate_tsb_ad_nonoverlapping:67 - Overlap? Normal max=0.9660, Anomaly min=0.0000
2026-02-08 16:00:53.118 | INFO     | src.models.evaluation:evaluate_tsb_ad_nonoverlapping:83 - {'AUC-PR': 0.26103694141922723, 'AUC-ROC': 0.568070749521457, 'VUS-PR': np.float64(0.2720947318752717), 'VUS-ROC': np.float64(0.6092114296017612), 'Standard-F1': np.float64(0.31441272030312345), 'PA-F1': 0.8835075197552893, 'Event-based-F1': np.float64(0.8571428571428567), 'R-based-F1': 0.6529778312792807, 'Affiliation-F': 0.8315457866911404}
2026-02-08 16:00:53.282 | INFO     | src.pipelines.train_vision_backbones:run_pipeline:170 - Train images: 79
2026-02-08 16:00:53.282 | INFO     | src.pipelines.train_vision_backbones:run_pipeline:171 - Test images: 299
2026-02-08 16:00:54.225 | INFO     | src.pipelines.train_vision_backbones:run_pipeline:176 - Training pvt_autoencoder_differential_lr on LP
2026-02-08 16:00:54.248 | INFO     | src.models.pvt_autoencoder.training:train_pvt_autoencoder_differential_lr:267 - Device: cuda | Model on: cuda:0
2026-02-08 16:01:32.396 | INFO     | src.pipelines.train_vision_backbones:run_pipeline:193 - Evaluating pvt_autoencoder_differential_lr on LP
2026-02-08 16:01:36.495 | INFO     | src.models.evaluation:evaluate_tsb_ad_nonoverlapping:65 - Normal (12810) reconstruction error: mean=0.3018, std=0.1488
2026-02-08 16:01:36.495 | INFO     | src.models.evaluation:evaluate_tsb_ad_nonoverlapping:66 - Anomaly (2190) reconstruction error: mean=0.2630, std=0.2468
2026-02-08 16:01:36.495 | INFO     | src.models.evaluation:evaluate_tsb_ad_nonoverlapping:67 - Overlap? Normal max=1.0000, Anomaly min=0.0000
2026-02-08 16:01:41.401 | INFO     | src.models.evaluation:evaluate_tsb_ad_nonoverlapping:83 - {'AUC-PR': 0.1653911743501289, 'AUC-ROC': 0.37589782525780735, 'VUS-PR': np.float64(0.1798345226169523), 'VUS-ROC': np.float64(0.41689635662018837), 'Standard-F1': np.float64(0.2547970785595239), 'PA-F1': 0.8305775221663072, 'Event-based-F1': np.float64(0.5581395348837204), 'R-based-F1': 0.6523651948732441, 'Affiliation-F': 0.7959396244848063}
2026-02-08 16:01:41.748 | INFO     | src.pipelines.train_vision_backbones:run_pipeline:70 - Using zip: /net/scratch/hscra/plgrid/plgsmendowski12/ts2i_images/SMD/187_SMD_id_10_Facility_tr_5000_1st_15849_ts2i_SG.zip for transformation SG
2026-02-08 16:01:42.198 | INFO     | src.pipelines.train_vision_backbones:run_pipeline:170 - Train images: 79
2026-02-08 16:01:42.198 | INFO     | src.pipelines.train_vision_backbones:run_pipeline:171 - Test images: 299
2026-02-08 16:01:42.205 | INFO     | src.pipelines.train_vision_backbones:run_pipeline:176 - Training cnn_autoencoder on SG
2026-02-08 16:01:42.209 | INFO     | src.models.cnn_autoencoder.training:train_autoencoder:22 - Device: cuda | Model on: cuda:0
2026-02-08 16:01:58.665 | INFO     | src.pipelines.train_vision_backbones:run_pipeline:193 - Evaluating cnn_autoencoder on SG
2026-02-08 16:01:58.914 | INFO     | src.models.evaluation:evaluate_tsb_ad_nonoverlapping:65 - Normal (12810) reconstruction error: mean=0.1549, std=0.2111
2026-02-08 16:01:58.914 | INFO     | src.models.evaluation:evaluate_tsb_ad_nonoverlapping:66 - Anomaly (2190) reconstruction error: mean=0.3951, std=0.3793
2026-02-08 16:01:58.914 | INFO     | src.models.evaluation:evaluate_tsb_ad_nonoverlapping:67 - Overlap? Normal max=1.0000, Anomaly min=0.0482
2026-02-08 16:02:03.331 | INFO     | src.models.evaluation:evaluate_tsb_ad_nonoverlapping:83 - {'AUC-PR': 0.363135178868471, 'AUC-ROC': 0.7310177907528008, 'VUS-PR': np.float64(0.3902551445881893), 'VUS-ROC': np.float64(0.7594854116879328), 'Standard-F1': np.float64(0.4009496642813685), 'PA-F1': 0.9449838187702265, 'Event-based-F1': np.float64(0.7951807228915657), 'R-based-F1': 0.5619344591280715, 'Affiliation-F': 0.8692111651149782}
2026-02-08 16:02:03.488 | INFO     | src.pipelines.train_vision_backbones:run_pipeline:170 - Train images: 79
2026-02-08 16:02:03.488 | INFO     | src.pipelines.train_vision_backbones:run_pipeline:171 - Test images: 299
2026-02-08 16:02:03.702 | INFO     | src.pipelines.train_vision_backbones:run_pipeline:176 - Training resnet18_autoencoder_frozen on SG
2026-02-08 16:02:03.716 | INFO     | src.models.resnet18_autoencoder.training:train_autoencoder_frozen:25 - Device: cuda | Model on: cuda:0
2026-02-08 16:02:09.155 | INFO     | src.pipelines.train_vision_backbones:run_pipeline:193 - Evaluating resnet18_autoencoder_frozen on SG
2026-02-08 16:02:09.414 | INFO     | src.models.evaluation:evaluate_tsb_ad_nonoverlapping:65 - Normal (12810) reconstruction error: mean=0.1037, std=0.1734
2026-02-08 16:02:09.414 | INFO     | src.models.evaluation:evaluate_tsb_ad_nonoverlapping:66 - Anomaly (2190) reconstruction error: mean=0.3080, std=0.3188
2026-02-08 16:02:09.414 | INFO     | src.models.evaluation:evaluate_tsb_ad_nonoverlapping:67 - Overlap? Normal max=1.0000, Anomaly min=0.0168
2026-02-08 16:02:13.512 | INFO     | src.models.evaluation:evaluate_tsb_ad_nonoverlapping:83 - {'AUC-PR': 0.3808202396427993, 'AUC-ROC': 0.7280912814261119, 'VUS-PR': np.float64(0.4122126886023983), 'VUS-ROC': np.float64(0.7509563924437601), 'Standard-F1': np.float64(0.4340611407666139), 'PA-F1': 0.9668874172185431, 'Event-based-F1': np.float64(0.8571428571428567), 'R-based-F1': 0.5138585919150126, 'Affiliation-F': 0.88040589114669}
2026-02-08 16:02:13.666 | INFO     | src.pipelines.train_vision_backbones:run_pipeline:170 - Train images: 79
2026-02-08 16:02:13.666 | INFO     | src.pipelines.train_vision_backbones:run_pipeline:171 - Test images: 299
2026-02-08 16:02:13.878 | INFO     | src.pipelines.train_vision_backbones:run_pipeline:176 - Training resnet18_autoencoder_progressive_unfreeze on SG
2026-02-08 16:02:13.893 | INFO     | src.models.resnet18_autoencoder.training:train_autoencoder_progressive_unfreeze:133 - Device: cuda | Model on: cuda:0
2026-02-08 16:02:28.291 | INFO     | src.pipelines.train_vision_backbones:run_pipeline:193 - Evaluating resnet18_autoencoder_progressive_unfreeze on SG
2026-02-08 16:02:28.675 | INFO     | src.models.evaluation:evaluate_tsb_ad_nonoverlapping:65 - Normal (12810) reconstruction error: mean=0.0657, std=0.2074
2026-02-08 16:02:28.675 | INFO     | src.models.evaluation:evaluate_tsb_ad_nonoverlapping:66 - Anomaly (2190) reconstruction error: mean=0.3054, std=0.4208
2026-02-08 16:02:28.675 | INFO     | src.models.evaluation:evaluate_tsb_ad_nonoverlapping:67 - Overlap? Normal max=0.9964, Anomaly min=0.0001
2026-02-08 16:02:32.623 | INFO     | src.models.evaluation:evaluate_tsb_ad_nonoverlapping:83 - {'AUC-PR': 0.4032675232059591, 'AUC-ROC': 0.6568961891216551, 'VUS-PR': np.float64(0.4151459732481084), 'VUS-ROC': np.float64(0.6937429858452245), 'Standard-F1': np.float64(0.4107529714078646), 'PA-F1': 0.9348986125933831, 'Event-based-F1': np.float64(0.7644787644787641), 'R-based-F1': 0.5024921225878958, 'Affiliation-F': 0.8779587945959093}
2026-02-08 16:02:32.780 | INFO     | src.pipelines.train_vision_backbones:run_pipeline:170 - Train images: 79
2026-02-08 16:02:32.780 | INFO     | src.pipelines.train_vision_backbones:run_pipeline:171 - Test images: 299
2026-02-08 16:02:32.983 | INFO     | src.pipelines.train_vision_backbones:run_pipeline:176 - Training resnet18_autoencoder_differential_lr on SG
2026-02-08 16:02:32.996 | INFO     | src.models.resnet18_autoencoder.training:train_autoencoder_differential_lr:271 - Device: cuda | Model on: cuda:0
2026-02-08 16:02:38.891 | INFO     | src.pipelines.train_vision_backbones:run_pipeline:193 - Evaluating resnet18_autoencoder_differential_lr on SG
2026-02-08 16:02:39.104 | INFO     | src.models.evaluation:evaluate_tsb_ad_nonoverlapping:65 - Normal (12810) reconstruction error: mean=0.1160, std=0.2070
2026-02-08 16:02:39.104 | INFO     | src.models.evaluation:evaluate_tsb_ad_nonoverlapping:66 - Anomaly (2190) reconstruction error: mean=0.3660, std=0.3868
2026-02-08 16:02:39.105 | INFO     | src.models.evaluation:evaluate_tsb_ad_nonoverlapping:67 - Overlap? Normal max=1.0000, Anomaly min=0.0197
2026-02-08 16:02:43.291 | INFO     | src.models.evaluation:evaluate_tsb_ad_nonoverlapping:83 - {'AUC-PR': 0.442103381959801, 'AUC-ROC': 0.7728372882201762, 'VUS-PR': np.float64(0.45179396147522694), 'VUS-ROC': np.float64(0.794257600979888), 'Standard-F1': np.float64(0.4107231982360328), 'PA-F1': 0.9348986125933831, 'Event-based-F1': np.float64(0.7813620071684584), 'R-based-F1': 0.5855370538998474, 'Affiliation-F': 0.8708919061723576}
2026-02-08 16:02:43.446 | INFO     | src.pipelines.train_vision_backbones:run_pipeline:170 - Train images: 79
2026-02-08 16:02:43.446 | INFO     | src.pipelines.train_vision_backbones:run_pipeline:171 - Test images: 299
2026-02-08 16:02:45.193 | INFO     | src.pipelines.train_vision_backbones:run_pipeline:176 - Training pvt_autoencoder_frozen on SG
2026-02-08 16:02:45.216 | INFO     | src.models.pvt_autoencoder.training:train_pvt_autoencoder_frozen:24 - Device: cuda | Model on: cuda:0
2026-02-08 16:02:57.149 | INFO     | src.pipelines.train_vision_backbones:run_pipeline:193 - Evaluating pvt_autoencoder_frozen on SG
2026-02-08 16:02:57.334 | INFO     | src.models.evaluation:evaluate_tsb_ad_nonoverlapping:65 - Normal (12810) reconstruction error: mean=0.0512, std=0.1484
2026-02-08 16:02:57.334 | INFO     | src.models.evaluation:evaluate_tsb_ad_nonoverlapping:66 - Anomaly (2190) reconstruction error: mean=0.2395, std=0.3604
2026-02-08 16:02:57.334 | INFO     | src.models.evaluation:evaluate_tsb_ad_nonoverlapping:67 - Overlap? Normal max=1.0000, Anomaly min=0.0005
2026-02-08 16:03:01.156 | INFO     | src.models.evaluation:evaluate_tsb_ad_nonoverlapping:83 - {'AUC-PR': 0.3304335072974325, 'AUC-ROC': 0.6262337856768577, 'VUS-PR': np.float64(0.3523409919448035), 'VUS-ROC': np.float64(0.6604853611260658), 'Standard-F1': np.float64(0.4101332493335979), 'PA-F1': 0.9348986125933831, 'Event-based-F1': np.float64(0.7644787644787641), 'R-based-F1': 0.4977577464733212, 'Affiliation-F': 0.8680676411733151}
2026-02-08 16:03:01.312 | INFO     | src.pipelines.train_vision_backbones:run_pipeline:170 - Train images: 79
2026-02-08 16:03:01.313 | INFO     | src.pipelines.train_vision_backbones:run_pipeline:171 - Test images: 299
2026-02-08 16:03:02.261 | INFO     | src.pipelines.train_vision_backbones:run_pipeline:176 - Training pvt_autoencoder_progressive_unfreeze on SG
2026-02-08 16:03:02.284 | INFO     | src.models.pvt_autoencoder.training:train_pvt_autoencoder_progressive_unfreeze:132 - Device: cuda | Model on: cuda:0
2026-02-08 16:03:23.918 | INFO     | src.pipelines.train_vision_backbones:run_pipeline:193 - Evaluating pvt_autoencoder_progressive_unfreeze on SG
2026-02-08 16:03:27.784 | INFO     | src.models.evaluation:evaluate_tsb_ad_nonoverlapping:65 - Normal (12810) reconstruction error: mean=0.0763, std=0.2100
2026-02-08 16:03:27.784 | INFO     | src.models.evaluation:evaluate_tsb_ad_nonoverlapping:66 - Anomaly (2190) reconstruction error: mean=0.3224, std=0.4190
2026-02-08 16:03:27.784 | INFO     | src.models.evaluation:evaluate_tsb_ad_nonoverlapping:67 - Overlap? Normal max=1.0000, Anomaly min=0.0002
2026-02-08 16:03:31.728 | INFO     | src.models.evaluation:evaluate_tsb_ad_nonoverlapping:83 - {'AUC-PR': 0.4009103359514691, 'AUC-ROC': 0.6208423784215386, 'VUS-PR': np.float64(0.4176878847246933), 'VUS-ROC': np.float64(0.6644714474071008), 'Standard-F1': np.float64(0.4168816647628559), 'PA-F1': 0.9348986125933831, 'Event-based-F1': np.float64(0.7813620071684584), 'R-based-F1': 0.5138585919150126, 'Affiliation-F': 0.8790253543806318}
2026-02-08 16:03:31.891 | INFO     | src.pipelines.train_vision_backbones:run_pipeline:170 - Train images: 79
2026-02-08 16:03:31.891 | INFO     | src.pipelines.train_vision_backbones:run_pipeline:171 - Test images: 299
2026-02-08 16:03:33.863 | INFO     | src.pipelines.train_vision_backbones:run_pipeline:176 - Training pvt_autoencoder_differential_lr on SG
2026-02-08 16:03:33.887 | INFO     | src.models.pvt_autoencoder.training:train_pvt_autoencoder_differential_lr:267 - Device: cuda | Model on: cuda:0
2026-02-08 16:03:53.641 | INFO     | src.pipelines.train_vision_backbones:run_pipeline:193 - Evaluating pvt_autoencoder_differential_lr on SG
2026-02-08 16:03:56.251 | INFO     | src.models.evaluation:evaluate_tsb_ad_nonoverlapping:65 - Normal (12810) reconstruction error: mean=0.0800, std=0.2157
2026-02-08 16:03:56.251 | INFO     | src.models.evaluation:evaluate_tsb_ad_nonoverlapping:66 - Anomaly (2190) reconstruction error: mean=0.3322, std=0.4219
2026-02-08 16:03:56.251 | INFO     | src.models.evaluation:evaluate_tsb_ad_nonoverlapping:67 - Overlap? Normal max=1.0000, Anomaly min=0.0059
2026-02-08 16:04:00.309 | INFO     | src.models.evaluation:evaluate_tsb_ad_nonoverlapping:83 - {'AUC-PR': 0.41653210352861364, 'AUC-ROC': 0.7784354403487572, 'VUS-PR': np.float64(0.4405306197904692), 'VUS-ROC': np.float64(0.794502393758642), 'Standard-F1': np.float64(0.41709918011890224), 'PA-F1': 0.9449838187702265, 'Event-based-F1': np.float64(0.7951807228915657), 'R-based-F1': 0.5138585919150126, 'Affiliation-F': 0.8790253543806318}
2026-02-08 16:04:00.622 | INFO     | src.pipelines.train_vision_backbones:run_pipeline:70 - Using zip: /net/scratch/hscra/plgrid/plgsmendowski12/ts2i_images/SMD/187_SMD_id_10_Facility_tr_5000_1st_15849_ts2i_GASF.zip for transformation GASF
2026-02-08 16:04:01.086 | INFO     | src.pipelines.train_vision_backbones:run_pipeline:170 - Train images: 79
2026-02-08 16:04:01.087 | INFO     | src.pipelines.train_vision_backbones:run_pipeline:171 - Test images: 299
2026-02-08 16:04:01.093 | INFO     | src.pipelines.train_vision_backbones:run_pipeline:176 - Training cnn_autoencoder on GASF
2026-02-08 16:04:01.097 | INFO     | src.models.cnn_autoencoder.training:train_autoencoder:22 - Device: cuda | Model on: cuda:0
2026-02-08 16:04:25.007 | INFO     | src.pipelines.train_vision_backbones:run_pipeline:193 - Evaluating cnn_autoencoder on GASF
2026-02-08 16:04:25.274 | INFO     | src.models.evaluation:evaluate_tsb_ad_nonoverlapping:65 - Normal (12810) reconstruction error: mean=0.2192, std=0.1022
2026-02-08 16:04:25.274 | INFO     | src.models.evaluation:evaluate_tsb_ad_nonoverlapping:66 - Anomaly (2190) reconstruction error: mean=0.2608, std=0.2240
2026-02-08 16:04:25.274 | INFO     | src.models.evaluation:evaluate_tsb_ad_nonoverlapping:67 - Overlap? Normal max=0.6150, Anomaly min=0.0000
2026-02-08 16:04:29.848 | INFO     | src.models.evaluation:evaluate_tsb_ad_nonoverlapping:83 - {'AUC-PR': 0.2614393730725902, 'AUC-ROC': 0.47872666545471393, 'VUS-PR': np.float64(0.2423961661592828), 'VUS-ROC': np.float64(0.4903936988226262), 'Standard-F1': np.float64(0.2547970785595239), 'PA-F1': 0.8310648518815053, 'Event-based-F1': np.float64(0.8571428571428567), 'R-based-F1': 0.5549578612470789, 'Affiliation-F': 0.7646345814090844}
2026-02-08 16:04:30.008 | INFO     | src.pipelines.train_vision_backbones:run_pipeline:170 - Train images: 79
2026-02-08 16:04:30.008 | INFO     | src.pipelines.train_vision_backbones:run_pipeline:171 - Test images: 299
2026-02-08 16:04:30.213 | INFO     | src.pipelines.train_vision_backbones:run_pipeline:176 - Training resnet18_autoencoder_frozen on GASF
2026-02-08 16:04:30.225 | INFO     | src.models.resnet18_autoencoder.training:train_autoencoder_frozen:25 - Device: cuda | Model on: cuda:0
2026-02-08 16:04:49.024 | INFO     | src.pipelines.train_vision_backbones:run_pipeline:193 - Evaluating resnet18_autoencoder_frozen on GASF
2026-02-08 16:04:49.309 | INFO     | src.models.evaluation:evaluate_tsb_ad_nonoverlapping:65 - Normal (12810) reconstruction error: mean=0.1503, std=0.0989
2026-02-08 16:04:49.309 | INFO     | src.models.evaluation:evaluate_tsb_ad_nonoverlapping:66 - Anomaly (2190) reconstruction error: mean=0.2209, std=0.2404
2026-02-08 16:04:49.310 | INFO     | src.models.evaluation:evaluate_tsb_ad_nonoverlapping:67 - Overlap? Normal max=1.0000, Anomaly min=0.0277
2026-02-08 16:04:53.571 | INFO     | src.models.evaluation:evaluate_tsb_ad_nonoverlapping:83 - {'AUC-PR': 0.255732156330634, 'AUC-ROC': 0.5236633765715283, 'VUS-PR': np.float64(0.2689013108453106), 'VUS-ROC': np.float64(0.5576433361915559), 'Standard-F1': np.float64(0.2584471744679659), 'PA-F1': 0.8130548302872063, 'Event-based-F1': np.float64(0.7706645056726088), 'R-based-F1': 0.42906467558288003, 'Affiliation-F': 0.8168973806687955}
2026-02-08 16:04:53.730 | INFO     | src.pipelines.train_vision_backbones:run_pipeline:170 - Train images: 79
2026-02-08 16:04:53.730 | INFO     | src.pipelines.train_vision_backbones:run_pipeline:171 - Test images: 299
2026-02-08 16:04:53.943 | INFO     | src.pipelines.train_vision_backbones:run_pipeline:176 - Training resnet18_autoencoder_progressive_unfreeze on GASF
2026-02-08 16:04:53.957 | INFO     | src.models.resnet18_autoencoder.training:train_autoencoder_progressive_unfreeze:133 - Device: cuda | Model on: cuda:0
2026-02-08 16:05:15.496 | INFO     | src.pipelines.train_vision_backbones:run_pipeline:193 - Evaluating resnet18_autoencoder_progressive_unfreeze on GASF
2026-02-08 16:05:18.750 | INFO     | src.models.evaluation:evaluate_tsb_ad_nonoverlapping:65 - Normal (12810) reconstruction error: mean=0.1772, std=0.1055
2026-02-08 16:05:18.751 | INFO     | src.models.evaluation:evaluate_tsb_ad_nonoverlapping:66 - Anomaly (2190) reconstruction error: mean=0.2305, std=0.2222
2026-02-08 16:05:18.751 | INFO     | src.models.evaluation:evaluate_tsb_ad_nonoverlapping:67 - Overlap? Normal max=0.5762, Anomaly min=0.0000
2026-02-08 16:05:23.110 | INFO     | src.models.evaluation:evaluate_tsb_ad_nonoverlapping:83 - {'AUC-PR': 0.2732738462113726, 'AUC-ROC': 0.5248236430585409, 'VUS-PR': np.float64(0.2587545895376696), 'VUS-ROC': np.float64(0.5465148474291949), 'Standard-F1': np.float64(0.2765702889060924), 'PA-F1': 0.8310648518815053, 'Event-based-F1': np.float64(0.8571428571428567), 'R-based-F1': 0.6538799484743644, 'Affiliation-F': 0.7844931697542242}
2026-02-08 16:05:23.270 | INFO     | src.pipelines.train_vision_backbones:run_pipeline:170 - Train images: 79
2026-02-08 16:05:23.270 | INFO     | src.pipelines.train_vision_backbones:run_pipeline:171 - Test images: 299
2026-02-08 16:05:23.477 | INFO     | src.pipelines.train_vision_backbones:run_pipeline:176 - Training resnet18_autoencoder_differential_lr on GASF
2026-02-08 16:05:23.490 | INFO     | src.models.resnet18_autoencoder.training:train_autoencoder_differential_lr:271 - Device: cuda | Model on: cuda:0
2026-02-08 16:05:33.977 | INFO     | src.pipelines.train_vision_backbones:run_pipeline:193 - Evaluating resnet18_autoencoder_differential_lr on GASF
2026-02-08 16:05:35.076 | INFO     | src.models.evaluation:evaluate_tsb_ad_nonoverlapping:65 - Normal (12810) reconstruction error: mean=0.1000, std=0.0747
2026-02-08 16:05:35.076 | INFO     | src.models.evaluation:evaluate_tsb_ad_nonoverlapping:66 - Anomaly (2190) reconstruction error: mean=0.1901, std=0.2376
2026-02-08 16:05:35.076 | INFO     | src.models.evaluation:evaluate_tsb_ad_nonoverlapping:67 - Overlap? Normal max=0.5857, Anomaly min=0.0135
2026-02-08 16:05:39.001 | INFO     | src.models.evaluation:evaluate_tsb_ad_nonoverlapping:83 - {'AUC-PR': 0.31292705770206397, 'AUC-ROC': 0.5964749999108858, 'VUS-PR': np.float64(0.3124470029554859), 'VUS-ROC': np.float64(0.6300235758401935), 'Standard-F1': np.float64(0.2869530737409015), 'PA-F1': 0.8825307273826315, 'Event-based-F1': np.float64(0.8140243902439018), 'R-based-F1': 0.3907323928377129, 'Affiliation-F': 0.8829097178486487}
2026-02-08 16:05:39.157 | INFO     | src.pipelines.train_vision_backbones:run_pipeline:170 - Train images: 79
2026-02-08 16:05:39.157 | INFO     | src.pipelines.train_vision_backbones:run_pipeline:171 - Test images: 299
2026-02-08 16:05:40.099 | INFO     | src.pipelines.train_vision_backbones:run_pipeline:176 - Training pvt_autoencoder_frozen on GASF
2026-02-08 16:05:40.122 | INFO     | src.models.pvt_autoencoder.training:train_pvt_autoencoder_frozen:24 - Device: cuda | Model on: cuda:0
2026-02-08 16:06:01.619 | INFO     | src.pipelines.train_vision_backbones:run_pipeline:193 - Evaluating pvt_autoencoder_frozen on GASF
2026-02-08 16:06:05.497 | INFO     | src.models.evaluation:evaluate_tsb_ad_nonoverlapping:65 - Normal (12810) reconstruction error: mean=0.1479, std=0.0935
2026-02-08 16:06:05.497 | INFO     | src.models.evaluation:evaluate_tsb_ad_nonoverlapping:66 - Anomaly (2190) reconstruction error: mean=0.2354, std=0.2397
2026-02-08 16:06:05.497 | INFO     | src.models.evaluation:evaluate_tsb_ad_nonoverlapping:67 - Overlap? Normal max=0.8098, Anomaly min=0.0000
2026-02-08 16:06:09.768 | INFO     | src.models.evaluation:evaluate_tsb_ad_nonoverlapping:83 - {'AUC-PR': 0.29673646537720627, 'AUC-ROC': 0.5773190180331433, 'VUS-PR': np.float64(0.30151666274615835), 'VUS-ROC': np.float64(0.6064046878398448), 'Standard-F1': np.float64(0.2894704150017303), 'PA-F1': 0.905894519131334, 'Event-based-F1': np.float64(0.7894736842105257), 'R-based-F1': 0.4063835222047585, 'Affiliation-F': 0.8599777078412151}
2026-02-08 16:06:09.930 | INFO     | src.pipelines.train_vision_backbones:run_pipeline:170 - Train images: 79
2026-02-08 16:06:09.931 | INFO     | src.pipelines.train_vision_backbones:run_pipeline:171 - Test images: 299
2026-02-08 16:06:10.888 | INFO     | src.pipelines.train_vision_backbones:run_pipeline:176 - Training pvt_autoencoder_progressive_unfreeze on GASF
2026-02-08 16:06:10.910 | INFO     | src.models.pvt_autoencoder.training:train_pvt_autoencoder_progressive_unfreeze:132 - Device: cuda | Model on: cuda:0
2026-02-08 16:06:46.789 | INFO     | src.pipelines.train_vision_backbones:run_pipeline:193 - Evaluating pvt_autoencoder_progressive_unfreeze on GASF
2026-02-08 16:06:52.030 | INFO     | src.models.evaluation:evaluate_tsb_ad_nonoverlapping:65 - Normal (12810) reconstruction error: mean=0.1212, std=0.0691
2026-02-08 16:06:52.031 | INFO     | src.models.evaluation:evaluate_tsb_ad_nonoverlapping:66 - Anomaly (2190) reconstruction error: mean=0.1903, std=0.2358
2026-02-08 16:06:52.031 | INFO     | src.models.evaluation:evaluate_tsb_ad_nonoverlapping:67 - Overlap? Normal max=0.3723, Anomaly min=0.0076
2026-02-08 16:06:56.250 | INFO     | src.models.evaluation:evaluate_tsb_ad_nonoverlapping:83 - {'AUC-PR': 0.28151807807335943, 'AUC-ROC': 0.524948402895854, 'VUS-PR': np.float64(0.2687296457907796), 'VUS-ROC': np.float64(0.5442093915472442), 'Standard-F1': np.float64(0.2654377653046842), 'PA-F1': 0.8310648518815053, 'Event-based-F1': np.float64(0.8571428571428567), 'R-based-F1': 0.41123127857906067, 'Affiliation-F': 0.7966395763244883}
2026-02-08 16:06:56.410 | INFO     | src.pipelines.train_vision_backbones:run_pipeline:170 - Train images: 79
2026-02-08 16:06:56.411 | INFO     | src.pipelines.train_vision_backbones:run_pipeline:171 - Test images: 299
2026-02-08 16:06:57.365 | INFO     | src.pipelines.train_vision_backbones:run_pipeline:176 - Training pvt_autoencoder_differential_lr on GASF
2026-02-08 16:06:57.389 | INFO     | src.models.pvt_autoencoder.training:train_pvt_autoencoder_differential_lr:267 - Device: cuda | Model on: cuda:0
2026-02-08 16:07:22.126 | INFO     | src.pipelines.train_vision_backbones:run_pipeline:193 - Evaluating pvt_autoencoder_differential_lr on GASF
2026-02-08 16:07:27.360 | INFO     | src.models.evaluation:evaluate_tsb_ad_nonoverlapping:65 - Normal (12810) reconstruction error: mean=0.1640, std=0.0911
2026-02-08 16:07:27.361 | INFO     | src.models.evaluation:evaluate_tsb_ad_nonoverlapping:66 - Anomaly (2190) reconstruction error: mean=0.2181, std=0.2077
2026-02-08 16:07:27.361 | INFO     | src.models.evaluation:evaluate_tsb_ad_nonoverlapping:67 - Overlap? Normal max=0.5382, Anomaly min=0.0066
2026-02-08 16:07:31.736 | INFO     | src.models.evaluation:evaluate_tsb_ad_nonoverlapping:83 - {'AUC-PR': 0.28120054350117607, 'AUC-ROC': 0.5277180712842064, 'VUS-PR': np.float64(0.26411605773112784), 'VUS-ROC': np.float64(0.545589440341783), 'Standard-F1': np.float64(0.2833814344158646), 'PA-F1': 0.8310648518815053, 'Event-based-F1': np.float64(0.8571428571428567), 'R-based-F1': 0.48517679009581555, 'Affiliation-F': 0.7940042289495355}
2026-02-08 16:07:32.046 | INFO     | src.pipelines.train_vision_backbones:run_pipeline:70 - Using zip: /net/scratch/hscra/plgrid/plgsmendowski12/ts2i_images/SMD/187_SMD_id_10_Facility_tr_5000_1st_15849_ts2i_GADF.zip for transformation GADF
2026-02-08 16:07:32.558 | INFO     | src.pipelines.train_vision_backbones:run_pipeline:170 - Train images: 79
2026-02-08 16:07:32.558 | INFO     | src.pipelines.train_vision_backbones:run_pipeline:171 - Test images: 299
2026-02-08 16:07:32.565 | INFO     | src.pipelines.train_vision_backbones:run_pipeline:176 - Training cnn_autoencoder on GADF
2026-02-08 16:07:32.569 | INFO     | src.models.cnn_autoencoder.training:train_autoencoder:22 - Device: cuda | Model on: cuda:0
2026-02-08 16:08:01.390 | INFO     | src.pipelines.train_vision_backbones:run_pipeline:193 - Evaluating cnn_autoencoder on GADF
2026-02-08 16:08:01.664 | INFO     | src.models.evaluation:evaluate_tsb_ad_nonoverlapping:65 - Normal (12810) reconstruction error: mean=0.3845, std=0.1967
2026-02-08 16:08:01.665 | INFO     | src.models.evaluation:evaluate_tsb_ad_nonoverlapping:66 - Anomaly (2190) reconstruction error: mean=0.2941, std=0.2015
2026-02-08 16:08:01.665 | INFO     | src.models.evaluation:evaluate_tsb_ad_nonoverlapping:67 - Overlap? Normal max=1.0000, Anomaly min=0.0000
2026-02-08 16:08:07.135 | INFO     | src.models.evaluation:evaluate_tsb_ad_nonoverlapping:83 - {'AUC-PR': 0.12020666665225027, 'AUC-ROC': 0.3614827171979654, 'VUS-PR': np.float64(0.11933748119174199), 'VUS-ROC': np.float64(0.3671783575334578), 'Standard-F1': np.float64(0.2547970785595239), 'PA-F1': 0.657310828750237, 'Event-based-F1': np.float64(0.28571428571428525), 'R-based-F1': 0.6544251199846968, 'Affiliation-F': 0.7429166700673175}
2026-02-08 16:08:07.290 | INFO     | src.pipelines.train_vision_backbones:run_pipeline:170 - Train images: 79
2026-02-08 16:08:07.291 | INFO     | src.pipelines.train_vision_backbones:run_pipeline:171 - Test images: 299
2026-02-08 16:08:07.504 | INFO     | src.pipelines.train_vision_backbones:run_pipeline:176 - Training resnet18_autoencoder_frozen on GADF
2026-02-08 16:08:07.519 | INFO     | src.models.resnet18_autoencoder.training:train_autoencoder_frozen:25 - Device: cuda | Model on: cuda:0
2026-02-08 16:08:20.176 | INFO     | src.pipelines.train_vision_backbones:run_pipeline:193 - Evaluating resnet18_autoencoder_frozen on GADF
2026-02-08 16:08:20.600 | INFO     | src.models.evaluation:evaluate_tsb_ad_nonoverlapping:65 - Normal (12810) reconstruction error: mean=0.2949, std=0.1579
2026-02-08 16:08:20.600 | INFO     | src.models.evaluation:evaluate_tsb_ad_nonoverlapping:66 - Anomaly (2190) reconstruction error: mean=0.2831, std=0.1471
2026-02-08 16:08:20.601 | INFO     | src.models.evaluation:evaluate_tsb_ad_nonoverlapping:67 - Overlap? Normal max=1.0000, Anomaly min=0.0000
2026-02-08 16:08:25.633 | INFO     | src.models.evaluation:evaluate_tsb_ad_nonoverlapping:83 - {'AUC-PR': 0.14923518250683282, 'AUC-ROC': 0.486985766684846, 'VUS-PR': np.float64(0.16626154915875313), 'VUS-ROC': np.float64(0.5174059287904196), 'Standard-F1': np.float64(0.2547970785595239), 'PA-F1': 0.6793857608189856, 'Event-based-F1': np.float64(0.30952380952380926), 'R-based-F1': 0.26821620872954444, 'Affiliation-F': 0.7734446934470711}
2026-02-08 16:08:25.790 | INFO     | src.pipelines.train_vision_backbones:run_pipeline:170 - Train images: 79
2026-02-08 16:08:25.790 | INFO     | src.pipelines.train_vision_backbones:run_pipeline:171 - Test images: 299
2026-02-08 16:08:26.002 | INFO     | src.pipelines.train_vision_backbones:run_pipeline:176 - Training resnet18_autoencoder_progressive_unfreeze on GADF
2026-02-08 16:08:26.016 | INFO     | src.models.resnet18_autoencoder.training:train_autoencoder_progressive_unfreeze:133 - Device: cuda | Model on: cuda:0
2026-02-08 16:08:42.956 | INFO     | src.pipelines.train_vision_backbones:run_pipeline:193 - Evaluating resnet18_autoencoder_progressive_unfreeze on GADF
2026-02-08 16:08:45.647 | INFO     | src.models.evaluation:evaluate_tsb_ad_nonoverlapping:65 - Normal (12810) reconstruction error: mean=0.3302, std=0.1655
2026-02-08 16:08:45.647 | INFO     | src.models.evaluation:evaluate_tsb_ad_nonoverlapping:66 - Anomaly (2190) reconstruction error: mean=0.2832, std=0.1712
2026-02-08 16:08:45.647 | INFO     | src.models.evaluation:evaluate_tsb_ad_nonoverlapping:67 - Overlap? Normal max=1.0000, Anomaly min=0.0014
2026-02-08 16:08:50.774 | INFO     | src.models.evaluation:evaluate_tsb_ad_nonoverlapping:83 - {'AUC-PR': 0.13140247885181164, 'AUC-ROC': 0.41462149647642577, 'VUS-PR': np.float64(0.1323299900820862), 'VUS-ROC': np.float64(0.4188637230269436), 'Standard-F1': np.float64(0.2562879937442324), 'PA-F1': 0.6455416359616801, 'Event-based-F1': np.float64(0.30769230769230727), 'R-based-F1': 0.5747693420578988, 'Affiliation-F': 0.7542407583251448}
2026-02-08 16:08:50.930 | INFO     | src.pipelines.train_vision_backbones:run_pipeline:170 - Train images: 79
2026-02-08 16:08:50.930 | INFO     | src.pipelines.train_vision_backbones:run_pipeline:171 - Test images: 299
2026-02-08 16:08:51.139 | INFO     | src.pipelines.train_vision_backbones:run_pipeline:176 - Training resnet18_autoencoder_differential_lr on GADF
2026-02-08 16:08:51.152 | INFO     | src.models.resnet18_autoencoder.training:train_autoencoder_differential_lr:271 - Device: cuda | Model on: cuda:0
2026-02-08 16:09:13.478 | INFO     | src.pipelines.train_vision_backbones:run_pipeline:193 - Evaluating resnet18_autoencoder_differential_lr on GADF
2026-02-08 16:09:16.530 | INFO     | src.models.evaluation:evaluate_tsb_ad_nonoverlapping:65 - Normal (12810) reconstruction error: mean=0.4241, std=0.1733
2026-02-08 16:09:16.530 | INFO     | src.models.evaluation:evaluate_tsb_ad_nonoverlapping:66 - Anomaly (2190) reconstruction error: mean=0.3706, std=0.2161
2026-02-08 16:09:16.530 | INFO     | src.models.evaluation:evaluate_tsb_ad_nonoverlapping:67 - Overlap? Normal max=1.0000, Anomaly min=0.0000
2026-02-08 16:09:22.238 | INFO     | src.models.evaluation:evaluate_tsb_ad_nonoverlapping:83 - {'AUC-PR': 0.1412228895554867, 'AUC-ROC': 0.42035510214266114, 'VUS-PR': np.float64(0.14479781932281263), 'VUS-ROC': np.float64(0.4399437144939208), 'Standard-F1': np.float64(0.2547970785595239), 'PA-F1': 0.6551982049364248, 'Event-based-F1': np.float64(0.3656716417910443), 'R-based-F1': 0.4555384085090891, 'Affiliation-F': 0.7464059529010834}
2026-02-08 16:09:22.393 | INFO     | src.pipelines.train_vision_backbones:run_pipeline:170 - Train images: 79
2026-02-08 16:09:22.394 | INFO     | src.pipelines.train_vision_backbones:run_pipeline:171 - Test images: 299
2026-02-08 16:09:23.337 | INFO     | src.pipelines.train_vision_backbones:run_pipeline:176 - Training pvt_autoencoder_frozen on GADF
2026-02-08 16:09:23.363 | INFO     | src.models.pvt_autoencoder.training:train_pvt_autoencoder_frozen:24 - Device: cuda | Model on: cuda:0
2026-02-08 16:09:26.567 | INFO     | src.pipelines.train_vision_backbones:run_pipeline:193 - Evaluating pvt_autoencoder_frozen on GADF
2026-02-08 16:09:28.078 | INFO     | src.models.evaluation:evaluate_tsb_ad_nonoverlapping:65 - Normal (12810) reconstruction error: mean=0.4099, std=0.1934
2026-02-08 16:09:28.078 | INFO     | src.models.evaluation:evaluate_tsb_ad_nonoverlapping:66 - Anomaly (2190) reconstruction error: mean=0.4867, std=0.1997
2026-02-08 16:09:28.078 | INFO     | src.models.evaluation:evaluate_tsb_ad_nonoverlapping:67 - Overlap? Normal max=1.0000, Anomaly min=0.1479
2026-02-08 16:09:33.767 | INFO     | src.models.evaluation:evaluate_tsb_ad_nonoverlapping:83 - {'AUC-PR': 0.20937448881251075, 'AUC-ROC': 0.6117580799817494, 'VUS-PR': np.float64(0.2469865933677706), 'VUS-ROC': np.float64(0.6591268746812776), 'Standard-F1': np.float64(0.3088300940678558), 'PA-F1': 0.905894519131334, 'Event-based-F1': np.float64(0.44660194174757234), 'R-based-F1': 0.2816194348623881, 'Affiliation-F': 0.8179434392117391}
2026-02-08 16:09:33.919 | INFO     | src.pipelines.train_vision_backbones:run_pipeline:170 - Train images: 79
2026-02-08 16:09:33.919 | INFO     | src.pipelines.train_vision_backbones:run_pipeline:171 - Test images: 299
2026-02-08 16:09:34.869 | INFO     | src.pipelines.train_vision_backbones:run_pipeline:176 - Training pvt_autoencoder_progressive_unfreeze on GADF
2026-02-08 16:09:34.896 | INFO     | src.models.pvt_autoencoder.training:train_pvt_autoencoder_progressive_unfreeze:132 - Device: cuda | Model on: cuda:0
2026-02-08 16:09:37.948 | INFO     | src.pipelines.train_vision_backbones:run_pipeline:193 - Evaluating pvt_autoencoder_progressive_unfreeze on GADF
2026-02-08 16:09:38.803 | INFO     | src.models.evaluation:evaluate_tsb_ad_nonoverlapping:65 - Normal (12810) reconstruction error: mean=0.4097, std=0.1936
2026-02-08 16:09:38.804 | INFO     | src.models.evaluation:evaluate_tsb_ad_nonoverlapping:66 - Anomaly (2190) reconstruction error: mean=0.4867, std=0.1998
2026-02-08 16:09:38.804 | INFO     | src.models.evaluation:evaluate_tsb_ad_nonoverlapping:67 - Overlap? Normal max=1.0000, Anomaly min=0.1470
2026-02-08 16:09:44.486 | INFO     | src.models.evaluation:evaluate_tsb_ad_nonoverlapping:83 - {'AUC-PR': 0.20951037234572029, 'AUC-ROC': 0.6119452197377192, 'VUS-PR': np.float64(0.24699958185826848), 'VUS-ROC': np.float64(0.6593438396933176), 'Standard-F1': np.float64(0.3088300940678558), 'PA-F1': 0.905894519131334, 'Event-based-F1': np.float64(0.44660194174757234), 'R-based-F1': 0.2816194348623881, 'Affiliation-F': 0.8179434392117391}
2026-02-08 16:09:44.636 | INFO     | src.pipelines.train_vision_backbones:run_pipeline:170 - Train images: 79
2026-02-08 16:09:44.636 | INFO     | src.pipelines.train_vision_backbones:run_pipeline:171 - Test images: 299
2026-02-08 16:09:45.584 | INFO     | src.pipelines.train_vision_backbones:run_pipeline:176 - Training pvt_autoencoder_differential_lr on GADF
2026-02-08 16:09:45.609 | INFO     | src.models.pvt_autoencoder.training:train_pvt_autoencoder_differential_lr:267 - Device: cuda | Model on: cuda:0
2026-02-08 16:10:16.904 | INFO     | src.pipelines.train_vision_backbones:run_pipeline:193 - Evaluating pvt_autoencoder_differential_lr on GADF
2026-02-08 16:10:22.553 | INFO     | src.models.evaluation:evaluate_tsb_ad_nonoverlapping:65 - Normal (12810) reconstruction error: mean=0.4352, std=0.2160
2026-02-08 16:10:22.554 | INFO     | src.models.evaluation:evaluate_tsb_ad_nonoverlapping:66 - Anomaly (2190) reconstruction error: mean=0.3517, std=0.2279
2026-02-08 16:10:22.554 | INFO     | src.models.evaluation:evaluate_tsb_ad_nonoverlapping:67 - Overlap? Normal max=1.0000, Anomaly min=0.0000
2026-02-08 16:10:28.203 | INFO     | src.models.evaluation:evaluate_tsb_ad_nonoverlapping:83 - {'AUC-PR': 0.12405053746244418, 'AUC-ROC': 0.3957435508075525, 'VUS-PR': np.float64(0.12477103480654143), 'VUS-ROC': np.float64(0.40452879288352467), 'Standard-F1': np.float64(0.2547970785595239), 'PA-F1': 0.6701097482246611, 'Event-based-F1': np.float64(0.2504388531304854), 'R-based-F1': 0.5459395548509574, 'Affiliation-F': 0.7429166700673175}
2026-02-08 16:10:28.520 | INFO     | src.pipelines.train_vision_backbones:run_pipeline:70 - Using zip: /net/scratch/hscra/plgrid/plgsmendowski12/ts2i_images/SMD/187_SMD_id_10_Facility_tr_5000_1st_15849_ts2i_MTF.zip for transformation MTF
2026-02-08 16:10:29.021 | INFO     | src.pipelines.train_vision_backbones:run_pipeline:170 - Train images: 79
2026-02-08 16:10:29.021 | INFO     | src.pipelines.train_vision_backbones:run_pipeline:171 - Test images: 299
2026-02-08 16:10:29.029 | INFO     | src.pipelines.train_vision_backbones:run_pipeline:176 - Training cnn_autoencoder on MTF
2026-02-08 16:10:29.034 | INFO     | src.models.cnn_autoencoder.training:train_autoencoder:22 - Device: cuda | Model on: cuda:0
2026-02-08 16:10:58.582 | INFO     | src.pipelines.train_vision_backbones:run_pipeline:193 - Evaluating cnn_autoencoder on MTF
2026-02-08 16:10:59.111 | INFO     | src.models.evaluation:evaluate_tsb_ad_nonoverlapping:65 - Normal (12810) reconstruction error: mean=0.2211, std=0.1629
2026-02-08 16:10:59.111 | INFO     | src.models.evaluation:evaluate_tsb_ad_nonoverlapping:66 - Anomaly (2190) reconstruction error: mean=0.3873, std=0.2503
2026-02-08 16:10:59.111 | INFO     | src.models.evaluation:evaluate_tsb_ad_nonoverlapping:67 - Overlap? Normal max=0.9413, Anomaly min=0.0438
2026-02-08 16:11:03.836 | INFO     | src.models.evaluation:evaluate_tsb_ad_nonoverlapping:83 - {'AUC-PR': 0.3586764452980912, 'AUC-ROC': 0.7104876683812233, 'VUS-PR': np.float64(0.3755702913091937), 'VUS-ROC': np.float64(0.743771865390946), 'Standard-F1': np.float64(0.4129385177632388), 'PA-F1': 0.7945904567491707, 'Event-based-F1': np.float64(0.6998577524893308), 'R-based-F1': 0.3482889317720728, 'Affiliation-F': 0.8976576186026056}
2026-02-08 16:11:04.400 | INFO     | src.pipelines.train_vision_backbones:run_pipeline:170 - Train images: 79
2026-02-08 16:11:04.400 | INFO     | src.pipelines.train_vision_backbones:run_pipeline:171 - Test images: 299
2026-02-08 16:11:04.608 | INFO     | src.pipelines.train_vision_backbones:run_pipeline:176 - Training resnet18_autoencoder_frozen on MTF
2026-02-08 16:11:04.621 | INFO     | src.models.resnet18_autoencoder.training:train_autoencoder_frozen:25 - Device: cuda | Model on: cuda:0
2026-02-08 16:11:33.987 | INFO     | src.pipelines.train_vision_backbones:run_pipeline:193 - Evaluating resnet18_autoencoder_frozen on MTF
2026-02-08 16:11:36.266 | INFO     | src.models.evaluation:evaluate_tsb_ad_nonoverlapping:65 - Normal (12810) reconstruction error: mean=0.1918, std=0.1603
2026-02-08 16:11:36.267 | INFO     | src.models.evaluation:evaluate_tsb_ad_nonoverlapping:66 - Anomaly (2190) reconstruction error: mean=0.3428, std=0.2386
2026-02-08 16:11:36.267 | INFO     | src.models.evaluation:evaluate_tsb_ad_nonoverlapping:67 - Overlap? Normal max=1.0000, Anomaly min=0.0549
2026-02-08 16:11:40.800 | INFO     | src.models.evaluation:evaluate_tsb_ad_nonoverlapping:83 - {'AUC-PR': 0.321548470150058, 'AUC-ROC': 0.7151198229123223, 'VUS-PR': np.float64(0.36279389732322276), 'VUS-ROC': np.float64(0.7501717298236485), 'Standard-F1': np.float64(0.39318985501322223), 'PA-F1': 0.8521400778210116, 'Event-based-F1': np.float64(0.6448598130841117), 'R-based-F1': 0.359495650723323, 'Affiliation-F': 0.8781717283543014}
2026-02-08 16:11:40.955 | INFO     | src.pipelines.train_vision_backbones:run_pipeline:170 - Train images: 79
2026-02-08 16:11:40.956 | INFO     | src.pipelines.train_vision_backbones:run_pipeline:171 - Test images: 299
2026-02-08 16:11:41.173 | INFO     | src.pipelines.train_vision_backbones:run_pipeline:176 - Training resnet18_autoencoder_progressive_unfreeze on MTF
2026-02-08 16:11:41.189 | INFO     | src.models.resnet18_autoencoder.training:train_autoencoder_progressive_unfreeze:133 - Device: cuda | Model on: cuda:0
2026-02-08 16:12:07.315 | INFO     | src.pipelines.train_vision_backbones:run_pipeline:193 - Evaluating resnet18_autoencoder_progressive_unfreeze on MTF
2026-02-08 16:12:11.326 | INFO     | src.models.evaluation:evaluate_tsb_ad_nonoverlapping:65 - Normal (12810) reconstruction error: mean=0.1935, std=0.1363
2026-02-08 16:12:11.326 | INFO     | src.models.evaluation:evaluate_tsb_ad_nonoverlapping:66 - Anomaly (2190) reconstruction error: mean=0.3308, std=0.2144
2026-02-08 16:12:11.326 | INFO     | src.models.evaluation:evaluate_tsb_ad_nonoverlapping:67 - Overlap? Normal max=0.8233, Anomaly min=0.0602
2026-02-08 16:12:15.914 | INFO     | src.models.evaluation:evaluate_tsb_ad_nonoverlapping:83 - {'AUC-PR': 0.3438693555879576, 'AUC-ROC': 0.7081867405244904, 'VUS-PR': np.float64(0.35744251162145974), 'VUS-ROC': np.float64(0.7387232546590694), 'Standard-F1': np.float64(0.40076583475705063), 'PA-F1': 0.7845804988662132, 'Event-based-F1': np.float64(0.6438356164383555), 'R-based-F1': 0.33207165543339484, 'Affiliation-F': 0.8577986389600443}
2026-02-08 16:12:16.073 | INFO     | src.pipelines.train_vision_backbones:run_pipeline:170 - Train images: 79
2026-02-08 16:12:16.073 | INFO     | src.pipelines.train_vision_backbones:run_pipeline:171 - Test images: 299
2026-02-08 16:12:16.291 | INFO     | src.pipelines.train_vision_backbones:run_pipeline:176 - Training resnet18_autoencoder_differential_lr on MTF
2026-02-08 16:12:16.308 | INFO     | src.models.resnet18_autoencoder.training:train_autoencoder_differential_lr:271 - Device: cuda | Model on: cuda:0
2026-02-08 16:12:45.093 | INFO     | src.pipelines.train_vision_backbones:run_pipeline:193 - Evaluating resnet18_autoencoder_differential_lr on MTF
2026-02-08 16:12:47.884 | INFO     | src.models.evaluation:evaluate_tsb_ad_nonoverlapping:65 - Normal (12810) reconstruction error: mean=0.2051, std=0.1443
2026-02-08 16:12:47.884 | INFO     | src.models.evaluation:evaluate_tsb_ad_nonoverlapping:66 - Anomaly (2190) reconstruction error: mean=0.3560, std=0.2294
2026-02-08 16:12:47.885 | INFO     | src.models.evaluation:evaluate_tsb_ad_nonoverlapping:67 - Overlap? Normal max=0.8876, Anomaly min=0.0652
2026-02-08 16:12:52.476 | INFO     | src.models.evaluation:evaluate_tsb_ad_nonoverlapping:83 - {'AUC-PR': 0.36857681158782535, 'AUC-ROC': 0.7125568993972318, 'VUS-PR': np.float64(0.40063212941564064), 'VUS-ROC': np.float64(0.7480828629295129), 'Standard-F1': np.float64(0.39398711345854937), 'PA-F1': 0.9049586776859504, 'Event-based-F1': np.float64(0.7499999999999994), 'R-based-F1': 0.39530049214896, 'Affiliation-F': 0.8782684564201552}
2026-02-08 16:12:52.630 | INFO     | src.pipelines.train_vision_backbones:run_pipeline:170 - Train images: 79
2026-02-08 16:12:52.630 | INFO     | src.pipelines.train_vision_backbones:run_pipeline:171 - Test images: 299
2026-02-08 16:12:53.614 | INFO     | src.pipelines.train_vision_backbones:run_pipeline:176 - Training pvt_autoencoder_frozen on MTF
2026-02-08 16:12:53.641 | INFO     | src.models.pvt_autoencoder.training:train_pvt_autoencoder_frozen:24 - Device: cuda | Model on: cuda:0
2026-02-08 16:13:22.097 | INFO     | src.pipelines.train_vision_backbones:run_pipeline:193 - Evaluating pvt_autoencoder_frozen on MTF
2026-02-08 16:13:25.138 | INFO     | src.models.evaluation:evaluate_tsb_ad_nonoverlapping:65 - Normal (12810) reconstruction error: mean=0.2124, std=0.1517
2026-02-08 16:13:25.138 | INFO     | src.models.evaluation:evaluate_tsb_ad_nonoverlapping:66 - Anomaly (2190) reconstruction error: mean=0.3776, std=0.2446
2026-02-08 16:13:25.138 | INFO     | src.models.evaluation:evaluate_tsb_ad_nonoverlapping:67 - Overlap? Normal max=1.0000, Anomaly min=0.0656
2026-02-08 16:13:29.775 | INFO     | src.models.evaluation:evaluate_tsb_ad_nonoverlapping:83 - {'AUC-PR': 0.3623782818770912, 'AUC-ROC': 0.7179447420857705, 'VUS-PR': np.float64(0.39801407242997866), 'VUS-ROC': np.float64(0.7528973943153914), 'Standard-F1': np.float64(0.40823486202763337), 'PA-F1': 0.8866396761133604, 'Event-based-F1': np.float64(0.695652173913043), 'R-based-F1': 0.3947117180900111, 'Affiliation-F': 0.873363551648119}
2026-02-08 16:13:29.924 | INFO     | src.pipelines.train_vision_backbones:run_pipeline:170 - Train images: 79
2026-02-08 16:13:29.925 | INFO     | src.pipelines.train_vision_backbones:run_pipeline:171 - Test images: 299
2026-02-08 16:13:30.878 | INFO     | src.pipelines.train_vision_backbones:run_pipeline:176 - Training pvt_autoencoder_progressive_unfreeze on MTF
2026-02-08 16:13:30.903 | INFO     | src.models.pvt_autoencoder.training:train_pvt_autoencoder_progressive_unfreeze:132 - Device: cuda | Model on: cuda:0
2026-02-08 16:14:02.173 | INFO     | src.pipelines.train_vision_backbones:run_pipeline:193 - Evaluating pvt_autoencoder_progressive_unfreeze on MTF
2026-02-08 16:14:05.505 | INFO     | src.models.evaluation:evaluate_tsb_ad_nonoverlapping:65 - Normal (12810) reconstruction error: mean=0.1785, std=0.1281
2026-02-08 16:14:05.505 | INFO     | src.models.evaluation:evaluate_tsb_ad_nonoverlapping:66 - Anomaly (2190) reconstruction error: mean=0.3325, std=0.2315
2026-02-08 16:14:05.505 | INFO     | src.models.evaluation:evaluate_tsb_ad_nonoverlapping:67 - Overlap? Normal max=0.8077, Anomaly min=0.0562
2026-02-08 16:14:10.024 | INFO     | src.models.evaluation:evaluate_tsb_ad_nonoverlapping:83 - {'AUC-PR': 0.40385651046851706, 'AUC-ROC': 0.7179144432681374, 'VUS-PR': np.float64(0.4309142424279456), 'VUS-ROC': np.float64(0.7508506124019734), 'Standard-F1': np.float64(0.4090859543151852), 'PA-F1': 0.9144050104384134, 'Event-based-F1': np.float64(0.8571428571428567), 'R-based-F1': 0.4059300869522383, 'Affiliation-F': 0.878718738362095}
2026-02-08 16:14:10.180 | INFO     | src.pipelines.train_vision_backbones:run_pipeline:170 - Train images: 79
2026-02-08 16:14:10.180 | INFO     | src.pipelines.train_vision_backbones:run_pipeline:171 - Test images: 299
2026-02-08 16:14:11.138 | INFO     | src.pipelines.train_vision_backbones:run_pipeline:176 - Training pvt_autoencoder_differential_lr on MTF
2026-02-08 16:14:11.166 | INFO     | src.models.pvt_autoencoder.training:train_pvt_autoencoder_differential_lr:267 - Device: cuda | Model on: cuda:0
2026-02-08 16:14:52.932 | INFO     | src.pipelines.train_vision_backbones:run_pipeline:193 - Evaluating pvt_autoencoder_differential_lr on MTF
2026-02-08 16:14:58.272 | INFO     | src.models.evaluation:evaluate_tsb_ad_nonoverlapping:65 - Normal (12810) reconstruction error: mean=0.1898, std=0.1385
2026-02-08 16:14:58.272 | INFO     | src.models.evaluation:evaluate_tsb_ad_nonoverlapping:66 - Anomaly (2190) reconstruction error: mean=0.3396, std=0.2357
2026-02-08 16:14:58.273 | INFO     | src.models.evaluation:evaluate_tsb_ad_nonoverlapping:67 - Overlap? Normal max=0.8821, Anomaly min=0.0662
2026-02-08 16:15:02.797 | INFO     | src.models.evaluation:evaluate_tsb_ad_nonoverlapping:83 - {'AUC-PR': 0.3669864873492765, 'AUC-ROC': 0.7114019797603899, 'VUS-PR': np.float64(0.3944347874842346), 'VUS-ROC': np.float64(0.7436233761573977), 'Standard-F1': np.float64(0.40490302990721977), 'PA-F1': 0.8358778625954199, 'Event-based-F1': np.float64(0.7305061559507519), 'R-based-F1': 0.359495650723323, 'Affiliation-F': 0.8758037952505074}
2026-02-08 16:15:03.099 | INFO     | src.pipelines.train_vision_backbones:run_pipeline:70 - Using zip: /net/scratch/hscra/plgrid/plgsmendowski12/ts2i_images/SMD/187_SMD_id_10_Facility_tr_5000_1st_15849_ts2i_RP.zip for transformation RP
2026-02-08 16:15:03.572 | INFO     | src.pipelines.train_vision_backbones:run_pipeline:170 - Train images: 79
2026-02-08 16:15:03.572 | INFO     | src.pipelines.train_vision_backbones:run_pipeline:171 - Test images: 299
2026-02-08 16:15:03.579 | INFO     | src.pipelines.train_vision_backbones:run_pipeline:176 - Training cnn_autoencoder on RP
2026-02-08 16:15:03.584 | INFO     | src.models.cnn_autoencoder.training:train_autoencoder:22 - Device: cuda | Model on: cuda:0
2026-02-08 16:15:31.055 | INFO     | src.pipelines.train_vision_backbones:run_pipeline:193 - Evaluating cnn_autoencoder on RP
2026-02-08 16:15:31.320 | INFO     | src.models.evaluation:evaluate_tsb_ad_nonoverlapping:65 - Normal (12810) reconstruction error: mean=0.2248, std=0.1237
2026-02-08 16:15:31.320 | INFO     | src.models.evaluation:evaluate_tsb_ad_nonoverlapping:66 - Anomaly (2190) reconstruction error: mean=0.3012, std=0.1850
2026-02-08 16:15:31.320 | INFO     | src.models.evaluation:evaluate_tsb_ad_nonoverlapping:67 - Overlap? Normal max=0.9258, Anomaly min=0.0050
2026-02-08 16:15:36.167 | INFO     | src.models.evaluation:evaluate_tsb_ad_nonoverlapping:83 - {'AUC-PR': 0.2747297528284893, 'AUC-ROC': 0.6260733801717409, 'VUS-PR': np.float64(0.29369670182827), 'VUS-ROC': np.float64(0.6631497600985576), 'Standard-F1': np.float64(0.33332877764485747), 'PA-F1': 0.9283594743535396, 'Event-based-F1': np.float64(0.651079136690647), 'R-based-F1': 0.34616890321256705, 'Affiliation-F': 0.8582355454937522}
2026-02-08 16:15:36.320 | INFO     | src.pipelines.train_vision_backbones:run_pipeline:170 - Train images: 79
2026-02-08 16:15:36.320 | INFO     | src.pipelines.train_vision_backbones:run_pipeline:171 - Test images: 299
2026-02-08 16:15:36.538 | INFO     | src.pipelines.train_vision_backbones:run_pipeline:176 - Training resnet18_autoencoder_frozen on RP
2026-02-08 16:15:36.554 | INFO     | src.models.resnet18_autoencoder.training:train_autoencoder_frozen:25 - Device: cuda | Model on: cuda:0
2026-02-08 16:16:05.520 | INFO     | src.pipelines.train_vision_backbones:run_pipeline:193 - Evaluating resnet18_autoencoder_frozen on RP
2026-02-08 16:16:08.085 | INFO     | src.models.evaluation:evaluate_tsb_ad_nonoverlapping:65 - Normal (12810) reconstruction error: mean=0.2117, std=0.1055
2026-02-08 16:16:08.085 | INFO     | src.models.evaluation:evaluate_tsb_ad_nonoverlapping:66 - Anomaly (2190) reconstruction error: mean=0.3064, std=0.1747
2026-02-08 16:16:08.085 | INFO     | src.models.evaluation:evaluate_tsb_ad_nonoverlapping:67 - Overlap? Normal max=0.8153, Anomaly min=0.0276
2026-02-08 16:16:12.791 | INFO     | src.models.evaluation:evaluate_tsb_ad_nonoverlapping:83 - {'AUC-PR': 0.3287098405068478, 'AUC-ROC': 0.694657427309572, 'VUS-PR': np.float64(0.3558099324851835), 'VUS-ROC': np.float64(0.7330029403050494), 'Standard-F1': np.float64(0.3858949900954571), 'PA-F1': 0.9144050104384134, 'Event-based-F1': np.float64(0.6573033707865162), 'R-based-F1': 0.35775116985756805, 'Affiliation-F': 0.8813281617258474}
2026-02-08 16:16:12.946 | INFO     | src.pipelines.train_vision_backbones:run_pipeline:170 - Train images: 79
2026-02-08 16:16:12.946 | INFO     | src.pipelines.train_vision_backbones:run_pipeline:171 - Test images: 299
2026-02-08 16:16:13.154 | INFO     | src.pipelines.train_vision_backbones:run_pipeline:176 - Training resnet18_autoencoder_progressive_unfreeze on RP
2026-02-08 16:16:13.168 | INFO     | src.models.resnet18_autoencoder.training:train_autoencoder_progressive_unfreeze:133 - Device: cuda | Model on: cuda:0
2026-02-08 16:16:31.774 | INFO     | src.pipelines.train_vision_backbones:run_pipeline:193 - Evaluating resnet18_autoencoder_progressive_unfreeze on RP
2026-02-08 16:16:33.890 | INFO     | src.models.evaluation:evaluate_tsb_ad_nonoverlapping:65 - Normal (12810) reconstruction error: mean=0.1979, std=0.1045
2026-02-08 16:16:33.890 | INFO     | src.models.evaluation:evaluate_tsb_ad_nonoverlapping:66 - Anomaly (2190) reconstruction error: mean=0.3000, std=0.1748
2026-02-08 16:16:33.890 | INFO     | src.models.evaluation:evaluate_tsb_ad_nonoverlapping:67 - Overlap? Normal max=0.8341, Anomaly min=0.0252
2026-02-08 16:16:38.403 | INFO     | src.models.evaluation:evaluate_tsb_ad_nonoverlapping:83 - {'AUC-PR': 0.3427895237755563, 'AUC-ROC': 0.7102185435893049, 'VUS-PR': np.float64(0.36820490861905797), 'VUS-ROC': np.float64(0.7479326175255354), 'Standard-F1': np.float64(0.4120934466928954), 'PA-F1': 0.9305289993626513, 'Event-based-F1': np.float64(0.6952469711090394), 'R-based-F1': 0.379558918252436, 'Affiliation-F': 0.9054740786863059}
2026-02-08 16:16:38.559 | INFO     | src.pipelines.train_vision_backbones:run_pipeline:170 - Train images: 79
2026-02-08 16:16:38.559 | INFO     | src.pipelines.train_vision_backbones:run_pipeline:171 - Test images: 299
2026-02-08 16:16:38.776 | INFO     | src.pipelines.train_vision_backbones:run_pipeline:176 - Training resnet18_autoencoder_differential_lr on RP
2026-02-08 16:16:38.792 | INFO     | src.models.resnet18_autoencoder.training:train_autoencoder_differential_lr:271 - Device: cuda | Model on: cuda:0
2026-02-08 16:17:12.771 | INFO     | src.pipelines.train_vision_backbones:run_pipeline:193 - Evaluating resnet18_autoencoder_differential_lr on RP
2026-02-08 16:17:16.519 | INFO     | src.models.evaluation:evaluate_tsb_ad_nonoverlapping:65 - Normal (12810) reconstruction error: mean=0.2088, std=0.1016
2026-02-08 16:17:16.519 | INFO     | src.models.evaluation:evaluate_tsb_ad_nonoverlapping:66 - Anomaly (2190) reconstruction error: mean=0.3052, std=0.1757
2026-02-08 16:17:16.519 | INFO     | src.models.evaluation:evaluate_tsb_ad_nonoverlapping:67 - Overlap? Normal max=0.8359, Anomaly min=0.0287
2026-02-08 16:17:21.095 | INFO     | src.models.evaluation:evaluate_tsb_ad_nonoverlapping:83 - {'AUC-PR': 0.34297298857582303, 'AUC-ROC': 0.6925578974759303, 'VUS-PR': np.float64(0.3721899300812438), 'VUS-ROC': np.float64(0.7323133713347523), 'Standard-F1': np.float64(0.3806297519245592), 'PA-F1': 0.9507271543303668, 'Event-based-F1': np.float64(0.771929824561403), 'R-based-F1': 0.39560100027419404, 'Affiliation-F': 0.8800914847130056}
2026-02-08 16:17:21.247 | INFO     | src.pipelines.train_vision_backbones:run_pipeline:170 - Train images: 79
2026-02-08 16:17:21.248 | INFO     | src.pipelines.train_vision_backbones:run_pipeline:171 - Test images: 299
2026-02-08 16:17:22.197 | INFO     | src.pipelines.train_vision_backbones:run_pipeline:176 - Training pvt_autoencoder_frozen on RP
2026-02-08 16:17:22.223 | INFO     | src.models.pvt_autoencoder.training:train_pvt_autoencoder_frozen:24 - Device: cuda | Model on: cuda:0
2026-02-08 16:17:54.292 | INFO     | src.pipelines.train_vision_backbones:run_pipeline:193 - Evaluating pvt_autoencoder_frozen on RP
2026-02-08 16:17:58.611 | INFO     | src.models.evaluation:evaluate_tsb_ad_nonoverlapping:65 - Normal (12810) reconstruction error: mean=0.2102, std=0.0996
2026-02-08 16:17:58.611 | INFO     | src.models.evaluation:evaluate_tsb_ad_nonoverlapping:66 - Anomaly (2190) reconstruction error: mean=0.2994, std=0.1703
2026-02-08 16:17:58.611 | INFO     | src.models.evaluation:evaluate_tsb_ad_nonoverlapping:67 - Overlap? Normal max=0.7241, Anomaly min=0.0488
2026-02-08 16:18:03.207 | INFO     | src.models.evaluation:evaluate_tsb_ad_nonoverlapping:83 - {'AUC-PR': 0.32630208351448853, 'AUC-ROC': 0.6814132794370837, 'VUS-PR': np.float64(0.3615535935452098), 'VUS-ROC': np.float64(0.7218731304476166), 'Standard-F1': np.float64(0.42364071445711976), 'PA-F1': 0.9240506329113924, 'Event-based-F1': np.float64(0.7305061559507519), 'R-based-F1': 0.36703242357175564, 'Affiliation-F': 0.8634858341010568}
2026-02-08 16:18:03.358 | INFO     | src.pipelines.train_vision_backbones:run_pipeline:170 - Train images: 79
2026-02-08 16:18:03.358 | INFO     | src.pipelines.train_vision_backbones:run_pipeline:171 - Test images: 299
2026-02-08 16:18:04.386 | INFO     | src.pipelines.train_vision_backbones:run_pipeline:176 - Training pvt_autoencoder_progressive_unfreeze on RP
2026-02-08 16:18:04.412 | INFO     | src.models.pvt_autoencoder.training:train_pvt_autoencoder_progressive_unfreeze:132 - Device: cuda | Model on: cuda:0
2026-02-08 16:18:35.984 | INFO     | src.pipelines.train_vision_backbones:run_pipeline:193 - Evaluating pvt_autoencoder_progressive_unfreeze on RP
2026-02-08 16:18:38.891 | INFO     | src.models.evaluation:evaluate_tsb_ad_nonoverlapping:65 - Normal (12810) reconstruction error: mean=0.1708, std=0.0798
2026-02-08 16:18:38.891 | INFO     | src.models.evaluation:evaluate_tsb_ad_nonoverlapping:66 - Anomaly (2190) reconstruction error: mean=0.2531, std=0.1755
2026-02-08 16:18:38.891 | INFO     | src.models.evaluation:evaluate_tsb_ad_nonoverlapping:67 - Overlap? Normal max=0.5927, Anomaly min=0.0193
2026-02-08 16:18:43.479 | INFO     | src.models.evaluation:evaluate_tsb_ad_nonoverlapping:83 - {'AUC-PR': 0.3414463421463794, 'AUC-ROC': 0.6786453933321215, 'VUS-PR': np.float64(0.36884343651822477), 'VUS-ROC': np.float64(0.7193961825894233), 'Standard-F1': np.float64(0.35442540865809063), 'PA-F1': 0.9729009329187028, 'Event-based-F1': np.float64(0.820058997050147), 'R-based-F1': 0.4083717176969946, 'Affiliation-F': 0.8371013502412704}
2026-02-08 16:18:43.635 | INFO     | src.pipelines.train_vision_backbones:run_pipeline:170 - Train images: 79
2026-02-08 16:18:43.635 | INFO     | src.pipelines.train_vision_backbones:run_pipeline:171 - Test images: 299
2026-02-08 16:18:44.617 | INFO     | src.pipelines.train_vision_backbones:run_pipeline:176 - Training pvt_autoencoder_differential_lr on RP
2026-02-08 16:18:44.644 | INFO     | src.models.pvt_autoencoder.training:train_pvt_autoencoder_differential_lr:267 - Device: cuda | Model on: cuda:0
2026-02-08 16:19:24.726 | INFO     | src.pipelines.train_vision_backbones:run_pipeline:193 - Evaluating pvt_autoencoder_differential_lr on RP
2026-02-08 16:19:28.854 | INFO     | src.models.evaluation:evaluate_tsb_ad_nonoverlapping:65 - Normal (12810) reconstruction error: mean=0.1717, std=0.0817
2026-02-08 16:19:28.855 | INFO     | src.models.evaluation:evaluate_tsb_ad_nonoverlapping:66 - Anomaly (2190) reconstruction error: mean=0.2581, std=0.1688
2026-02-08 16:19:28.855 | INFO     | src.models.evaluation:evaluate_tsb_ad_nonoverlapping:67 - Overlap? Normal max=0.6183, Anomaly min=0.0257
2026-02-08 16:19:33.250 | INFO     | src.models.evaluation:evaluate_tsb_ad_nonoverlapping:83 - {'AUC-PR': 0.35137629439221285, 'AUC-ROC': 0.6999044696102859, 'VUS-PR': np.float64(0.38126281476302454), 'VUS-ROC': np.float64(0.7411625177962405), 'Standard-F1': np.float64(0.43205102986859095), 'PA-F1': 0.9622144112478032, 'Event-based-F1': np.float64(0.7637362637362632), 'R-based-F1': 0.3883667156113826, 'Affiliation-F': 0.8684392289128039}
2026-02-08 16:19:33.555 | INFO     | src.pipelines.train_vision_backbones:run_pipeline:70 - Using zip: /net/scratch/hscra/plgrid/plgsmendowski12/ts2i_images/SMD/187_SMD_id_10_Facility_tr_5000_1st_15849_ts2i_RWT.zip for transformation RWT
2026-02-08 16:19:34.018 | INFO     | src.pipelines.train_vision_backbones:run_pipeline:170 - Train images: 79
2026-02-08 16:19:34.018 | INFO     | src.pipelines.train_vision_backbones:run_pipeline:171 - Test images: 299
2026-02-08 16:19:34.024 | INFO     | src.pipelines.train_vision_backbones:run_pipeline:176 - Training cnn_autoencoder on RWT
2026-02-08 16:19:34.029 | INFO     | src.models.cnn_autoencoder.training:train_autoencoder:22 - Device: cuda | Model on: cuda:0
2026-02-08 16:20:01.432 | INFO     | src.pipelines.train_vision_backbones:run_pipeline:193 - Evaluating cnn_autoencoder on RWT
2026-02-08 16:20:01.707 | INFO     | src.models.evaluation:evaluate_tsb_ad_nonoverlapping:65 - Normal (12810) reconstruction error: mean=0.0161, std=0.0265
2026-02-08 16:20:01.707 | INFO     | src.models.evaluation:evaluate_tsb_ad_nonoverlapping:66 - Anomaly (2190) reconstruction error: mean=0.0681, std=0.1512
2026-02-08 16:20:01.707 | INFO     | src.models.evaluation:evaluate_tsb_ad_nonoverlapping:67 - Overlap? Normal max=0.1788, Anomaly min=0.0031
2026-02-08 16:20:05.232 | INFO     | src.models.evaluation:evaluate_tsb_ad_nonoverlapping:83 - {'AUC-PR': 0.39892248967998856, 'AUC-ROC': 0.7902466323755342, 'VUS-PR': np.float64(0.40364253830848046), 'VUS-ROC': np.float64(0.807294167195654), 'Standard-F1': np.float64(0.45916347923756323), 'PA-F1': 0.7990762124711316, 'Event-based-F1': np.float64(0.6666666666666662), 'R-based-F1': 0.4099262240147538, 'Affiliation-F': 0.9278663404297313}
2026-02-08 16:20:05.387 | INFO     | src.pipelines.train_vision_backbones:run_pipeline:170 - Train images: 79
2026-02-08 16:20:05.388 | INFO     | src.pipelines.train_vision_backbones:run_pipeline:171 - Test images: 299
2026-02-08 16:20:05.606 | INFO     | src.pipelines.train_vision_backbones:run_pipeline:176 - Training resnet18_autoencoder_frozen on RWT
2026-02-08 16:20:05.622 | INFO     | src.models.resnet18_autoencoder.training:train_autoencoder_frozen:25 - Device: cuda | Model on: cuda:0
2026-02-08 16:20:25.844 | INFO     | src.pipelines.train_vision_backbones:run_pipeline:193 - Evaluating resnet18_autoencoder_frozen on RWT
2026-02-08 16:20:26.629 | INFO     | src.models.evaluation:evaluate_tsb_ad_nonoverlapping:65 - Normal (12810) reconstruction error: mean=0.0395, std=0.0734
2026-02-08 16:20:26.629 | INFO     | src.models.evaluation:evaluate_tsb_ad_nonoverlapping:66 - Anomaly (2190) reconstruction error: mean=0.1354, std=0.1782
2026-02-08 16:20:26.629 | INFO     | src.models.evaluation:evaluate_tsb_ad_nonoverlapping:67 - Overlap? Normal max=0.5948, Anomaly min=0.0005
2026-02-08 16:20:30.286 | INFO     | src.models.evaluation:evaluate_tsb_ad_nonoverlapping:83 - {'AUC-PR': 0.3937705467938148, 'AUC-ROC': 0.7866285970934522, 'VUS-PR': np.float64(0.4264590930920708), 'VUS-ROC': np.float64(0.8115896760237509), 'Standard-F1': np.float64(0.4486517598156061), 'PA-F1': 0.8957055214723927, 'Event-based-F1': np.float64(0.7301587301587296), 'R-based-F1': 0.4314059986544493, 'Affiliation-F': 0.9159134307357147}
2026-02-08 16:20:30.444 | INFO     | src.pipelines.train_vision_backbones:run_pipeline:170 - Train images: 79
2026-02-08 16:20:30.444 | INFO     | src.pipelines.train_vision_backbones:run_pipeline:171 - Test images: 299
2026-02-08 16:20:30.651 | INFO     | src.pipelines.train_vision_backbones:run_pipeline:176 - Training resnet18_autoencoder_progressive_unfreeze on RWT
2026-02-08 16:20:30.665 | INFO     | src.models.resnet18_autoencoder.training:train_autoencoder_progressive_unfreeze:133 - Device: cuda | Model on: cuda:0
2026-02-08 16:20:49.706 | INFO     | src.pipelines.train_vision_backbones:run_pipeline:193 - Evaluating resnet18_autoencoder_progressive_unfreeze on RWT
2026-02-08 16:20:51.588 | INFO     | src.models.evaluation:evaluate_tsb_ad_nonoverlapping:65 - Normal (12810) reconstruction error: mean=0.0318, std=0.0574
2026-02-08 16:20:51.588 | INFO     | src.models.evaluation:evaluate_tsb_ad_nonoverlapping:66 - Anomaly (2190) reconstruction error: mean=0.1194, std=0.1716
2026-02-08 16:20:51.588 | INFO     | src.models.evaluation:evaluate_tsb_ad_nonoverlapping:67 - Overlap? Normal max=0.4269, Anomaly min=0.0020
2026-02-08 16:20:55.251 | INFO     | src.models.evaluation:evaluate_tsb_ad_nonoverlapping:83 - {'AUC-PR': 0.4144640858386789, 'AUC-ROC': 0.8142825061756119, 'VUS-PR': np.float64(0.41995043345666216), 'VUS-ROC': np.float64(0.8285716479546542), 'Standard-F1': np.float64(0.493145997476062), 'PA-F1': 0.7990762124711316, 'Event-based-F1': np.float64(0.6998577524893308), 'R-based-F1': 0.3869923025198722, 'Affiliation-F': 0.931048905248173}
2026-02-08 16:20:55.410 | INFO     | src.pipelines.train_vision_backbones:run_pipeline:170 - Train images: 79
2026-02-08 16:20:55.410 | INFO     | src.pipelines.train_vision_backbones:run_pipeline:171 - Test images: 299
2026-02-08 16:20:55.617 | INFO     | src.pipelines.train_vision_backbones:run_pipeline:176 - Training resnet18_autoencoder_differential_lr on RWT
2026-02-08 16:20:55.632 | INFO     | src.models.resnet18_autoencoder.training:train_autoencoder_differential_lr:271 - Device: cuda | Model on: cuda:0
2026-02-08 16:21:21.167 | INFO     | src.pipelines.train_vision_backbones:run_pipeline:193 - Evaluating resnet18_autoencoder_differential_lr on RWT
2026-02-08 16:21:25.061 | INFO     | src.models.evaluation:evaluate_tsb_ad_nonoverlapping:65 - Normal (12810) reconstruction error: mean=0.0244, std=0.0452
2026-02-08 16:21:25.062 | INFO     | src.models.evaluation:evaluate_tsb_ad_nonoverlapping:66 - Anomaly (2190) reconstruction error: mean=0.0859, std=0.1570
2026-02-08 16:21:25.062 | INFO     | src.models.evaluation:evaluate_tsb_ad_nonoverlapping:67 - Overlap? Normal max=0.4146, Anomaly min=0.0035
2026-02-08 16:21:28.650 | INFO     | src.models.evaluation:evaluate_tsb_ad_nonoverlapping:83 - {'AUC-PR': 0.3846931700262186, 'AUC-ROC': 0.7711013441981329, 'VUS-PR': np.float64(0.4134178370806399), 'VUS-ROC': np.float64(0.7937298168299765), 'Standard-F1': np.float64(0.41911283695237195), 'PA-F1': 0.8690476190476191, 'Event-based-F1': np.float64(0.6764705882352936), 'R-based-F1': 0.6113759601797388, 'Affiliation-F': 0.9260842056088292}
2026-02-08 16:21:28.805 | INFO     | src.pipelines.train_vision_backbones:run_pipeline:170 - Train images: 79
2026-02-08 16:21:28.805 | INFO     | src.pipelines.train_vision_backbones:run_pipeline:171 - Test images: 299
2026-02-08 16:21:29.788 | INFO     | src.pipelines.train_vision_backbones:run_pipeline:176 - Training pvt_autoencoder_frozen on RWT
2026-02-08 16:21:29.813 | INFO     | src.models.pvt_autoencoder.training:train_pvt_autoencoder_frozen:24 - Device: cuda | Model on: cuda:0
2026-02-08 16:21:57.428 | INFO     | src.pipelines.train_vision_backbones:run_pipeline:193 - Evaluating pvt_autoencoder_frozen on RWT
2026-02-08 16:22:00.526 | INFO     | src.models.evaluation:evaluate_tsb_ad_nonoverlapping:65 - Normal (12810) reconstruction error: mean=0.0260, std=0.0476
2026-02-08 16:22:00.526 | INFO     | src.models.evaluation:evaluate_tsb_ad_nonoverlapping:66 - Anomaly (2190) reconstruction error: mean=0.0901, std=0.1572
2026-02-08 16:22:00.526 | INFO     | src.models.evaluation:evaluate_tsb_ad_nonoverlapping:67 - Overlap? Normal max=0.5013, Anomaly min=0.0048
2026-02-08 16:22:04.108 | INFO     | src.models.evaluation:evaluate_tsb_ad_nonoverlapping:83 - {'AUC-PR': 0.3846203758301522, 'AUC-ROC': 0.7848766125208972, 'VUS-PR': np.float64(0.4032193760646113), 'VUS-ROC': np.float64(0.8030250146764781), 'Standard-F1': np.float64(0.4548786226375268), 'PA-F1': 0.8358778625954199, 'Event-based-F1': np.float64(0.6870483602001107), 'R-based-F1': 0.3556049269739014, 'Affiliation-F': 0.9223405054011361}
2026-02-08 16:22:04.261 | INFO     | src.pipelines.train_vision_backbones:run_pipeline:170 - Train images: 79
2026-02-08 16:22:04.261 | INFO     | src.pipelines.train_vision_backbones:run_pipeline:171 - Test images: 299
2026-02-08 16:22:05.249 | INFO     | src.pipelines.train_vision_backbones:run_pipeline:176 - Training pvt_autoencoder_progressive_unfreeze on RWT
2026-02-08 16:22:05.276 | INFO     | src.models.pvt_autoencoder.training:train_pvt_autoencoder_progressive_unfreeze:132 - Device: cuda | Model on: cuda:0
2026-02-08 16:22:32.450 | INFO     | src.pipelines.train_vision_backbones:run_pipeline:193 - Evaluating pvt_autoencoder_progressive_unfreeze on RWT
2026-02-08 16:22:35.729 | INFO     | src.models.evaluation:evaluate_tsb_ad_nonoverlapping:65 - Normal (12810) reconstruction error: mean=0.0361, std=0.0491
2026-02-08 16:22:35.729 | INFO     | src.models.evaluation:evaluate_tsb_ad_nonoverlapping:66 - Anomaly (2190) reconstruction error: mean=0.1099, std=0.1671
2026-02-08 16:22:35.729 | INFO     | src.models.evaluation:evaluate_tsb_ad_nonoverlapping:67 - Overlap? Normal max=0.3848, Anomaly min=0.0098
2026-02-08 16:22:39.386 | INFO     | src.models.evaluation:evaluate_tsb_ad_nonoverlapping:83 - {'AUC-PR': 0.3734360649956481, 'AUC-ROC': 0.755285361393603, 'VUS-PR': np.float64(0.39362755751465256), 'VUS-ROC': np.float64(0.7769408232589722), 'Standard-F1': np.float64(0.4160256690884224), 'PA-F1': 0.8130548302872063, 'Event-based-F1': np.float64(0.7436974789915962), 'R-based-F1': 0.37483450820121045, 'Affiliation-F': 0.919898311812667}
2026-02-08 16:22:39.552 | INFO     | src.pipelines.train_vision_backbones:run_pipeline:170 - Train images: 79
2026-02-08 16:22:39.552 | INFO     | src.pipelines.train_vision_backbones:run_pipeline:171 - Test images: 299
2026-02-08 16:22:40.540 | INFO     | src.pipelines.train_vision_backbones:run_pipeline:176 - Training pvt_autoencoder_differential_lr on RWT
2026-02-08 16:22:40.566 | INFO     | src.models.pvt_autoencoder.training:train_pvt_autoencoder_differential_lr:267 - Device: cuda | Model on: cuda:0
2026-02-08 16:23:12.610 | INFO     | src.pipelines.train_vision_backbones:run_pipeline:193 - Evaluating pvt_autoencoder_differential_lr on RWT
2026-02-08 16:23:17.222 | INFO     | src.models.evaluation:evaluate_tsb_ad_nonoverlapping:65 - Normal (12810) reconstruction error: mean=0.0288, std=0.0416
2026-02-08 16:23:17.222 | INFO     | src.models.evaluation:evaluate_tsb_ad_nonoverlapping:66 - Anomaly (2190) reconstruction error: mean=0.0931, std=0.1535
2026-02-08 16:23:17.222 | INFO     | src.models.evaluation:evaluate_tsb_ad_nonoverlapping:67 - Overlap? Normal max=0.3137, Anomaly min=0.0056
2026-02-08 16:23:20.834 | INFO     | src.models.evaluation:evaluate_tsb_ad_nonoverlapping:83 - {'AUC-PR': 0.38279010666396224, 'AUC-ROC': 0.7568020845586532, 'VUS-PR': np.float64(0.3977074022553677), 'VUS-ROC': np.float64(0.7819051104096819), 'Standard-F1': np.float64(0.4971049484256976), 'PA-F1': 0.7906137184115524, 'Event-based-F1': np.float64(0.6346153846153841), 'R-based-F1': 0.3705769569214619, 'Affiliation-F': 0.9212482581856035}
2026-02-08 16:23:21.155 | INFO     | src.pipelines.train_vision_backbones:run_pipeline:70 - Using zip: /net/scratch/hscra/plgrid/plgsmendowski12/ts2i_images/SMD/187_SMD_id_10_Facility_tr_5000_1st_15849_ts2i_MWT.zip for transformation MWT
2026-02-08 16:23:21.614 | INFO     | src.pipelines.train_vision_backbones:run_pipeline:170 - Train images: 79
2026-02-08 16:23:21.614 | INFO     | src.pipelines.train_vision_backbones:run_pipeline:171 - Test images: 299
2026-02-08 16:23:21.621 | INFO     | src.pipelines.train_vision_backbones:run_pipeline:176 - Training cnn_autoencoder on MWT
2026-02-08 16:23:21.626 | INFO     | src.models.cnn_autoencoder.training:train_autoencoder:22 - Device: cuda | Model on: cuda:0
2026-02-08 16:23:46.763 | INFO     | src.pipelines.train_vision_backbones:run_pipeline:193 - Evaluating cnn_autoencoder on MWT
2026-02-08 16:23:47.036 | INFO     | src.models.evaluation:evaluate_tsb_ad_nonoverlapping:65 - Normal (12810) reconstruction error: mean=0.0362, std=0.0703
2026-02-08 16:23:47.036 | INFO     | src.models.evaluation:evaluate_tsb_ad_nonoverlapping:66 - Anomaly (2190) reconstruction error: mean=0.0836, std=0.1564
2026-02-08 16:23:47.036 | INFO     | src.models.evaluation:evaluate_tsb_ad_nonoverlapping:67 - Overlap? Normal max=0.7622, Anomaly min=0.0072
2026-02-08 16:23:50.703 | INFO     | src.models.evaluation:evaluate_tsb_ad_nonoverlapping:83 - {'AUC-PR': 0.2852231645567662, 'AUC-ROC': 0.7059232406189514, 'VUS-PR': np.float64(0.2848581818171972), 'VUS-ROC': np.float64(0.7214454764970007), 'Standard-F1': np.float64(0.3749663448425871), 'PA-F1': 0.9163179916317992, 'Event-based-F1': np.float64(0.5555555555555551), 'R-based-F1': 0.40477930183879873, 'Affiliation-F': 0.9082593981804936}
2026-02-08 16:23:50.856 | INFO     | src.pipelines.train_vision_backbones:run_pipeline:170 - Train images: 79
2026-02-08 16:23:50.857 | INFO     | src.pipelines.train_vision_backbones:run_pipeline:171 - Test images: 299
2026-02-08 16:23:51.064 | INFO     | src.pipelines.train_vision_backbones:run_pipeline:176 - Training resnet18_autoencoder_frozen on MWT
2026-02-08 16:23:51.077 | INFO     | src.models.resnet18_autoencoder.training:train_autoencoder_frozen:25 - Device: cuda | Model on: cuda:0
2026-02-08 16:24:19.715 | INFO     | src.pipelines.train_vision_backbones:run_pipeline:193 - Evaluating resnet18_autoencoder_frozen on MWT
2026-02-08 16:24:21.896 | INFO     | src.models.evaluation:evaluate_tsb_ad_nonoverlapping:65 - Normal (12810) reconstruction error: mean=0.0739, std=0.1140
2026-02-08 16:24:21.896 | INFO     | src.models.evaluation:evaluate_tsb_ad_nonoverlapping:66 - Anomaly (2190) reconstruction error: mean=0.1466, std=0.1545
2026-02-08 16:24:21.896 | INFO     | src.models.evaluation:evaluate_tsb_ad_nonoverlapping:67 - Overlap? Normal max=1.0000, Anomaly min=0.0123
2026-02-08 16:24:25.746 | INFO     | src.models.evaluation:evaluate_tsb_ad_nonoverlapping:83 - {'AUC-PR': 0.2922579128217639, 'AUC-ROC': 0.7512271021141446, 'VUS-PR': np.float64(0.29858493972569183), 'VUS-ROC': np.float64(0.7679747954753495), 'Standard-F1': np.float64(0.40390420566705487), 'PA-F1': 0.8975409836065574, 'Event-based-F1': np.float64(0.5454545454545449), 'R-based-F1': 0.40518760162848405, 'Affiliation-F': 0.9139224330717297}
2026-02-08 16:24:25.899 | INFO     | src.pipelines.train_vision_backbones:run_pipeline:170 - Train images: 79
2026-02-08 16:24:25.899 | INFO     | src.pipelines.train_vision_backbones:run_pipeline:171 - Test images: 299
2026-02-08 16:24:26.117 | INFO     | src.pipelines.train_vision_backbones:run_pipeline:176 - Training resnet18_autoencoder_progressive_unfreeze on MWT
2026-02-08 16:24:26.133 | INFO     | src.models.resnet18_autoencoder.training:train_autoencoder_progressive_unfreeze:133 - Device: cuda | Model on: cuda:0
2026-02-08 16:24:49.368 | INFO     | src.pipelines.train_vision_backbones:run_pipeline:193 - Evaluating resnet18_autoencoder_progressive_unfreeze on MWT
2026-02-08 16:24:52.544 | INFO     | src.models.evaluation:evaluate_tsb_ad_nonoverlapping:65 - Normal (12810) reconstruction error: mean=0.0529, std=0.0766
2026-02-08 16:24:52.544 | INFO     | src.models.evaluation:evaluate_tsb_ad_nonoverlapping:66 - Anomaly (2190) reconstruction error: mean=0.1202, std=0.1660
2026-02-08 16:24:52.544 | INFO     | src.models.evaluation:evaluate_tsb_ad_nonoverlapping:67 - Overlap? Normal max=0.5980, Anomaly min=0.0180
2026-02-08 16:24:56.264 | INFO     | src.models.evaluation:evaluate_tsb_ad_nonoverlapping:83 - {'AUC-PR': 0.3102425703653395, 'AUC-ROC': 0.7408274785323965, 'VUS-PR': np.float64(0.31165805452086953), 'VUS-ROC': np.float64(0.7557792473813779), 'Standard-F1': np.float64(0.39563614015225956), 'PA-F1': 0.9358974358974359, 'Event-based-F1': np.float64(0.6249999999999994), 'R-based-F1': 0.5855370538998474, 'Affiliation-F': 0.9093932613335367}
2026-02-08 16:24:56.420 | INFO     | src.pipelines.train_vision_backbones:run_pipeline:170 - Train images: 79
2026-02-08 16:24:56.420 | INFO     | src.pipelines.train_vision_backbones:run_pipeline:171 - Test images: 299
2026-02-08 16:24:56.638 | INFO     | src.pipelines.train_vision_backbones:run_pipeline:176 - Training resnet18_autoencoder_differential_lr on MWT
2026-02-08 16:24:56.654 | INFO     | src.models.resnet18_autoencoder.training:train_autoencoder_differential_lr:271 - Device: cuda | Model on: cuda:0
2026-02-08 16:25:28.366 | INFO     | src.pipelines.train_vision_backbones:run_pipeline:193 - Evaluating resnet18_autoencoder_differential_lr on MWT
2026-02-08 16:25:30.482 | INFO     | src.models.evaluation:evaluate_tsb_ad_nonoverlapping:65 - Normal (12810) reconstruction error: mean=0.0740, std=0.1058
2026-02-08 16:25:30.482 | INFO     | src.models.evaluation:evaluate_tsb_ad_nonoverlapping:66 - Anomaly (2190) reconstruction error: mean=0.1448, std=0.1736
2026-02-08 16:25:30.482 | INFO     | src.models.evaluation:evaluate_tsb_ad_nonoverlapping:67 - Overlap? Normal max=0.7794, Anomaly min=0.0132
2026-02-08 16:25:34.369 | INFO     | src.models.evaluation:evaluate_tsb_ad_nonoverlapping:83 - {'AUC-PR': 0.28654140615007556, 'AUC-ROC': 0.7232274300542882, 'VUS-PR': np.float64(0.2841806052764867), 'VUS-ROC': np.float64(0.7415753186064286), 'Standard-F1': np.float64(0.3919426096020486), 'PA-F1': 0.8884381338742393, 'Event-based-F1': np.float64(0.571428571428571), 'R-based-F1': 0.5619344591280715, 'Affiliation-F': 0.9112587661999957}
2026-02-08 16:25:34.527 | INFO     | src.pipelines.train_vision_backbones:run_pipeline:170 - Train images: 79
2026-02-08 16:25:34.527 | INFO     | src.pipelines.train_vision_backbones:run_pipeline:171 - Test images: 299
2026-02-08 16:25:35.514 | INFO     | src.pipelines.train_vision_backbones:run_pipeline:176 - Training pvt_autoencoder_frozen on MWT
2026-02-08 16:25:35.539 | INFO     | src.models.pvt_autoencoder.training:train_pvt_autoencoder_frozen:24 - Device: cuda | Model on: cuda:0
2026-02-08 16:26:07.559 | INFO     | src.pipelines.train_vision_backbones:run_pipeline:193 - Evaluating pvt_autoencoder_frozen on MWT
2026-02-08 16:26:12.731 | INFO     | src.models.evaluation:evaluate_tsb_ad_nonoverlapping:65 - Normal (12810) reconstruction error: mean=0.0650, std=0.1057
2026-02-08 16:26:12.731 | INFO     | src.models.evaluation:evaluate_tsb_ad_nonoverlapping:66 - Anomaly (2190) reconstruction error: mean=0.1340, std=0.1358
2026-02-08 16:26:12.731 | INFO     | src.models.evaluation:evaluate_tsb_ad_nonoverlapping:67 - Overlap? Normal max=1.0000, Anomaly min=0.0148
2026-02-08 16:26:16.625 | INFO     | src.models.evaluation:evaluate_tsb_ad_nonoverlapping:83 - {'AUC-PR': 0.3055704611442856, 'AUC-ROC': 0.7573635038265625, 'VUS-PR': np.float64(0.3140023798538206), 'VUS-ROC': np.float64(0.7672228506813442), 'Standard-F1': np.float64(0.41939156748268924), 'PA-F1': 0.8613569321533924, 'Event-based-F1': np.float64(0.5590778097982705), 'R-based-F1': 0.39846580548741933, 'Affiliation-F': 0.9247377053993963}
2026-02-08 16:26:16.779 | INFO     | src.pipelines.train_vision_backbones:run_pipeline:170 - Train images: 79
2026-02-08 16:26:16.779 | INFO     | src.pipelines.train_vision_backbones:run_pipeline:171 - Test images: 299
2026-02-08 16:26:17.778 | INFO     | src.pipelines.train_vision_backbones:run_pipeline:176 - Training pvt_autoencoder_progressive_unfreeze on MWT
2026-02-08 16:26:17.804 | INFO     | src.models.pvt_autoencoder.training:train_pvt_autoencoder_progressive_unfreeze:132 - Device: cuda | Model on: cuda:0
2026-02-08 16:26:42.861 | INFO     | src.pipelines.train_vision_backbones:run_pipeline:193 - Evaluating pvt_autoencoder_progressive_unfreeze on MWT
2026-02-08 16:26:44.613 | INFO     | src.models.evaluation:evaluate_tsb_ad_nonoverlapping:65 - Normal (12810) reconstruction error: mean=0.0486, std=0.0700
2026-02-08 16:26:44.613 | INFO     | src.models.evaluation:evaluate_tsb_ad_nonoverlapping:66 - Anomaly (2190) reconstruction error: mean=0.1124, std=0.1632
2026-02-08 16:26:44.614 | INFO     | src.models.evaluation:evaluate_tsb_ad_nonoverlapping:67 - Overlap? Normal max=0.5085, Anomaly min=0.0114
2026-02-08 16:26:48.356 | INFO     | src.models.evaluation:evaluate_tsb_ad_nonoverlapping:83 - {'AUC-PR': 0.3050536973625421, 'AUC-ROC': 0.7233682304421132, 'VUS-PR': np.float64(0.30587711705702364), 'VUS-ROC': np.float64(0.7374995145244105), 'Standard-F1': np.float64(0.3759569827660029), 'PA-F1': 0.9260042283298098, 'Event-based-F1': np.float64(0.6243386243386239), 'R-based-F1': 0.3790292726174613, 'Affiliation-F': 0.9094023527273787}
2026-02-08 16:26:48.516 | INFO     | src.pipelines.train_vision_backbones:run_pipeline:170 - Train images: 79
2026-02-08 16:26:48.516 | INFO     | src.pipelines.train_vision_backbones:run_pipeline:171 - Test images: 299
2026-02-08 16:26:49.674 | INFO     | src.pipelines.train_vision_backbones:run_pipeline:176 - Training pvt_autoencoder_differential_lr on MWT
2026-02-08 16:26:49.699 | INFO     | src.models.pvt_autoencoder.training:train_pvt_autoencoder_differential_lr:267 - Device: cuda | Model on: cuda:0
2026-02-08 16:27:21.941 | INFO     | src.pipelines.train_vision_backbones:run_pipeline:193 - Evaluating pvt_autoencoder_differential_lr on MWT
2026-02-08 16:27:26.781 | INFO     | src.models.evaluation:evaluate_tsb_ad_nonoverlapping:65 - Normal (12810) reconstruction error: mean=0.0599, std=0.0839
2026-02-08 16:27:26.781 | INFO     | src.models.evaluation:evaluate_tsb_ad_nonoverlapping:66 - Anomaly (2190) reconstruction error: mean=0.1346, std=0.1816
2026-02-08 16:27:26.781 | INFO     | src.models.evaluation:evaluate_tsb_ad_nonoverlapping:67 - Overlap? Normal max=0.6500, Anomaly min=0.0151
2026-02-08 16:27:30.554 | INFO     | src.models.evaluation:evaluate_tsb_ad_nonoverlapping:83 - {'AUC-PR': 0.30803565789883836, 'AUC-ROC': 0.708505769251334, 'VUS-PR': np.float64(0.3057738493272673), 'VUS-ROC': np.float64(0.7252125953736046), 'Standard-F1': np.float64(0.3547363950796922), 'PA-F1': 0.9460043196544277, 'Event-based-F1': np.float64(0.6666666666666662), 'R-based-F1': 0.5402913356853748, 'Affiliation-F': 0.9020667415576736}
2026-02-08 16:27:30.845 | INFO     | src.pipelines.train_vision_backbones:run_pipeline:70 - Using zip: /net/scratch/hscra/plgrid/plgsmendowski12/ts2i_images/SMD/187_SMD_id_10_Facility_tr_5000_1st_15849_ts2i_SPIRAL.zip for transformation SPIRAL
2026-02-08 16:27:31.285 | INFO     | src.pipelines.train_vision_backbones:run_pipeline:170 - Train images: 79
2026-02-08 16:27:31.285 | INFO     | src.pipelines.train_vision_backbones:run_pipeline:171 - Test images: 299
2026-02-08 16:27:31.292 | INFO     | src.pipelines.train_vision_backbones:run_pipeline:176 - Training cnn_autoencoder on SPIRAL
2026-02-08 16:27:31.296 | INFO     | src.models.cnn_autoencoder.training:train_autoencoder:22 - Device: cuda | Model on: cuda:0
2026-02-08 16:27:59.486 | INFO     | src.pipelines.train_vision_backbones:run_pipeline:193 - Evaluating cnn_autoencoder on SPIRAL
2026-02-08 16:27:59.755 | INFO     | src.models.evaluation:evaluate_tsb_ad_nonoverlapping:65 - Normal (12810) reconstruction error: mean=0.0846, std=0.2200
2026-02-08 16:27:59.756 | INFO     | src.models.evaluation:evaluate_tsb_ad_nonoverlapping:66 - Anomaly (2190) reconstruction error: mean=0.3351, std=0.4261
2026-02-08 16:27:59.756 | INFO     | src.models.evaluation:evaluate_tsb_ad_nonoverlapping:67 - Overlap? Normal max=1.0000, Anomaly min=0.0001
2026-02-08 16:28:03.948 | INFO     | src.models.evaluation:evaluate_tsb_ad_nonoverlapping:83 - {'AUC-PR': 0.32601870873899785, 'AUC-ROC': 0.5610966746156506, 'VUS-PR': np.float64(0.35243845973223076), 'VUS-ROC': np.float64(0.6025212339445482), 'Standard-F1': np.float64(0.4149134171792106), 'PA-F1': 0.9449838187702265, 'Event-based-F1': np.float64(0.7951807228915657), 'R-based-F1': 0.5138585919150126, 'Affiliation-F': 0.8788723326083451}
2026-02-08 16:28:04.109 | INFO     | src.pipelines.train_vision_backbones:run_pipeline:170 - Train images: 79
2026-02-08 16:28:04.109 | INFO     | src.pipelines.train_vision_backbones:run_pipeline:171 - Test images: 299
2026-02-08 16:28:04.334 | INFO     | src.pipelines.train_vision_backbones:run_pipeline:176 - Training resnet18_autoencoder_frozen on SPIRAL
2026-02-08 16:28:04.349 | INFO     | src.models.resnet18_autoencoder.training:train_autoencoder_frozen:25 - Device: cuda | Model on: cuda:0
2026-02-08 16:28:26.717 | INFO     | src.pipelines.train_vision_backbones:run_pipeline:193 - Evaluating resnet18_autoencoder_frozen on SPIRAL
2026-02-08 16:28:28.016 | INFO     | src.models.evaluation:evaluate_tsb_ad_nonoverlapping:65 - Normal (12810) reconstruction error: mean=0.0767, std=0.1902
2026-02-08 16:28:28.016 | INFO     | src.models.evaluation:evaluate_tsb_ad_nonoverlapping:66 - Anomaly (2190) reconstruction error: mean=0.3013, std=0.3865
2026-02-08 16:28:28.017 | INFO     | src.models.evaluation:evaluate_tsb_ad_nonoverlapping:67 - Overlap? Normal max=0.8825, Anomaly min=0.0000
2026-02-08 16:28:32.040 | INFO     | src.models.evaluation:evaluate_tsb_ad_nonoverlapping:83 - {'AUC-PR': 0.42065556017479705, 'AUC-ROC': 0.6094945800762105, 'VUS-PR': np.float64(0.4437425600874424), 'VUS-ROC': np.float64(0.6489797991689443), 'Standard-F1': np.float64(0.4061647452040402), 'PA-F1': 0.9563318777292577, 'Event-based-F1': np.float64(0.8181818181818177), 'R-based-F1': 0.6526726522686789, 'Affiliation-F': 0.878575615064804}
2026-02-08 16:28:32.192 | INFO     | src.pipelines.train_vision_backbones:run_pipeline:170 - Train images: 79
2026-02-08 16:28:32.192 | INFO     | src.pipelines.train_vision_backbones:run_pipeline:171 - Test images: 299
2026-02-08 16:28:32.412 | INFO     | src.pipelines.train_vision_backbones:run_pipeline:176 - Training resnet18_autoencoder_progressive_unfreeze on SPIRAL
2026-02-08 16:28:32.427 | INFO     | src.models.resnet18_autoencoder.training:train_autoencoder_progressive_unfreeze:133 - Device: cuda | Model on: cuda:0
2026-02-08 16:28:53.681 | INFO     | src.pipelines.train_vision_backbones:run_pipeline:193 - Evaluating resnet18_autoencoder_progressive_unfreeze on SPIRAL
2026-02-08 16:28:57.927 | INFO     | src.models.evaluation:evaluate_tsb_ad_nonoverlapping:65 - Normal (12810) reconstruction error: mean=0.0850, std=0.2197
2026-02-08 16:28:57.927 | INFO     | src.models.evaluation:evaluate_tsb_ad_nonoverlapping:66 - Anomaly (2190) reconstruction error: mean=0.3375, std=0.4239
2026-02-08 16:28:57.927 | INFO     | src.models.evaluation:evaluate_tsb_ad_nonoverlapping:67 - Overlap? Normal max=1.0000, Anomaly min=0.0003
2026-02-08 16:29:01.988 | INFO     | src.models.evaluation:evaluate_tsb_ad_nonoverlapping:83 - {'AUC-PR': 0.3946508781172555, 'AUC-ROC': 0.6148931164650904, 'VUS-PR': np.float64(0.4083124868021453), 'VUS-ROC': np.float64(0.6556173531513787), 'Standard-F1': np.float64(0.4149134171792106), 'PA-F1': 0.9449838187702265, 'Event-based-F1': np.float64(0.7951807228915657), 'R-based-F1': 0.5138585919150126, 'Affiliation-F': 0.8788723326083451}
2026-02-08 16:29:02.144 | INFO     | src.pipelines.train_vision_backbones:run_pipeline:170 - Train images: 79
2026-02-08 16:29:02.144 | INFO     | src.pipelines.train_vision_backbones:run_pipeline:171 - Test images: 299
2026-02-08 16:29:02.352 | INFO     | src.pipelines.train_vision_backbones:run_pipeline:176 - Training resnet18_autoencoder_differential_lr on SPIRAL
2026-02-08 16:29:02.365 | INFO     | src.models.resnet18_autoencoder.training:train_autoencoder_differential_lr:271 - Device: cuda | Model on: cuda:0
2026-02-08 16:29:25.097 | INFO     | src.pipelines.train_vision_backbones:run_pipeline:193 - Evaluating resnet18_autoencoder_differential_lr on SPIRAL
2026-02-08 16:29:28.327 | INFO     | src.models.evaluation:evaluate_tsb_ad_nonoverlapping:65 - Normal (12810) reconstruction error: mean=0.0851, std=0.2153
2026-02-08 16:29:28.327 | INFO     | src.models.evaluation:evaluate_tsb_ad_nonoverlapping:66 - Anomaly (2190) reconstruction error: mean=0.3353, std=0.4213
2026-02-08 16:29:28.327 | INFO     | src.models.evaluation:evaluate_tsb_ad_nonoverlapping:67 - Overlap? Normal max=1.0000, Anomaly min=0.0010
2026-02-08 16:29:32.411 | INFO     | src.models.evaluation:evaluate_tsb_ad_nonoverlapping:83 - {'AUC-PR': 0.385440516880459, 'AUC-ROC': 0.5724141741433455, 'VUS-PR': np.float64(0.3983562176914286), 'VUS-ROC': np.float64(0.6110780733117235), 'Standard-F1': np.float64(0.42824101375174656), 'PA-F1': 0.9449838187702265, 'Event-based-F1': np.float64(0.7951807228915657), 'R-based-F1': 0.5138585919150126, 'Affiliation-F': 0.8788723326083451}
2026-02-08 16:29:32.566 | INFO     | src.pipelines.train_vision_backbones:run_pipeline:170 - Train images: 79
2026-02-08 16:29:32.566 | INFO     | src.pipelines.train_vision_backbones:run_pipeline:171 - Test images: 299
2026-02-08 16:29:33.650 | INFO     | src.pipelines.train_vision_backbones:run_pipeline:176 - Training pvt_autoencoder_frozen on SPIRAL
2026-02-08 16:29:33.676 | INFO     | src.models.pvt_autoencoder.training:train_pvt_autoencoder_frozen:24 - Device: cuda | Model on: cuda:0
2026-02-08 16:29:55.446 | INFO     | src.pipelines.train_vision_backbones:run_pipeline:193 - Evaluating pvt_autoencoder_frozen on SPIRAL
2026-02-08 16:29:58.714 | INFO     | src.models.evaluation:evaluate_tsb_ad_nonoverlapping:65 - Normal (12810) reconstruction error: mean=0.0565, std=0.1572
2026-02-08 16:29:58.714 | INFO     | src.models.evaluation:evaluate_tsb_ad_nonoverlapping:66 - Anomaly (2190) reconstruction error: mean=0.2555, std=0.3510
2026-02-08 16:29:58.714 | INFO     | src.models.evaluation:evaluate_tsb_ad_nonoverlapping:67 - Overlap? Normal max=1.0000, Anomaly min=0.0000
2026-02-08 16:30:02.687 | INFO     | src.models.evaluation:evaluate_tsb_ad_nonoverlapping:83 - {'AUC-PR': 0.3256620883165389, 'AUC-ROC': 0.5783242258652095, 'VUS-PR': np.float64(0.35357198116046296), 'VUS-ROC': np.float64(0.6213946121959164), 'Standard-F1': np.float64(0.40958106717172144), 'PA-F1': 0.9358974358974359, 'Event-based-F1': np.float64(0.7813620071684584), 'R-based-F1': 0.5024921225878958, 'Affiliation-F': 0.8788723326083451}
2026-02-08 16:30:02.840 | INFO     | src.pipelines.train_vision_backbones:run_pipeline:170 - Train images: 79
2026-02-08 16:30:02.840 | INFO     | src.pipelines.train_vision_backbones:run_pipeline:171 - Test images: 299
2026-02-08 16:30:03.831 | INFO     | src.pipelines.train_vision_backbones:run_pipeline:176 - Training pvt_autoencoder_progressive_unfreeze on SPIRAL
2026-02-08 16:30:03.861 | INFO     | src.models.pvt_autoencoder.training:train_pvt_autoencoder_progressive_unfreeze:132 - Device: cuda | Model on: cuda:0
2026-02-08 16:30:29.223 | INFO     | src.pipelines.train_vision_backbones:run_pipeline:193 - Evaluating pvt_autoencoder_progressive_unfreeze on SPIRAL
2026-02-08 16:30:33.163 | INFO     | src.models.evaluation:evaluate_tsb_ad_nonoverlapping:65 - Normal (12810) reconstruction error: mean=0.0840, std=0.2182
2026-02-08 16:30:33.163 | INFO     | src.models.evaluation:evaluate_tsb_ad_nonoverlapping:66 - Anomaly (2190) reconstruction error: mean=0.3361, std=0.4232
2026-02-08 16:30:33.163 | INFO     | src.models.evaluation:evaluate_tsb_ad_nonoverlapping:67 - Overlap? Normal max=1.0000, Anomaly min=0.0009
2026-02-08 16:30:37.304 | INFO     | src.models.evaluation:evaluate_tsb_ad_nonoverlapping:83 - {'AUC-PR': 0.34285731336378206, 'AUC-ROC': 0.6289909780814789, 'VUS-PR': np.float64(0.37102661655275), 'VUS-ROC': np.float64(0.6696164827854916), 'Standard-F1': np.float64(0.4149134171792106), 'PA-F1': 0.9449838187702265, 'Event-based-F1': np.float64(0.7951807228915657), 'R-based-F1': 0.5138585919150126, 'Affiliation-F': 0.8788723326083451}
2026-02-08 16:30:37.460 | INFO     | src.pipelines.train_vision_backbones:run_pipeline:170 - Train images: 79
2026-02-08 16:30:37.460 | INFO     | src.pipelines.train_vision_backbones:run_pipeline:171 - Test images: 299
2026-02-08 16:30:38.467 | INFO     | src.pipelines.train_vision_backbones:run_pipeline:176 - Training pvt_autoencoder_differential_lr on SPIRAL
2026-02-08 16:30:38.493 | INFO     | src.models.pvt_autoencoder.training:train_pvt_autoencoder_differential_lr:267 - Device: cuda | Model on: cuda:0
2026-02-08 16:31:05.111 | INFO     | src.pipelines.train_vision_backbones:run_pipeline:193 - Evaluating pvt_autoencoder_differential_lr on SPIRAL
2026-02-08 16:31:07.240 | INFO     | src.models.evaluation:evaluate_tsb_ad_nonoverlapping:65 - Normal (12810) reconstruction error: mean=0.0882, std=0.2170
2026-02-08 16:31:07.240 | INFO     | src.models.evaluation:evaluate_tsb_ad_nonoverlapping:66 - Anomaly (2190) reconstruction error: mean=0.3398, std=0.4205
2026-02-08 16:31:07.240 | INFO     | src.models.evaluation:evaluate_tsb_ad_nonoverlapping:67 - Overlap? Normal max=1.0000, Anomaly min=0.0002
2026-02-08 16:31:11.459 | INFO     | src.models.evaluation:evaluate_tsb_ad_nonoverlapping:83 - {'AUC-PR': 0.39484119011765506, 'AUC-ROC': 0.6021676130591468, 'VUS-PR': np.float64(0.4098315342732621), 'VUS-ROC': np.float64(0.6450207193262657), 'Standard-F1': np.float64(0.4149134171792106), 'PA-F1': 0.9449838187702265, 'Event-based-F1': np.float64(0.7951807228915657), 'R-based-F1': 0.5024921225878958, 'Affiliation-F': 0.8788723326083451}
2026-02-08 16:31:11.761 | INFO     | src.pipelines.train_vision_backbones:run_pipeline:70 - Using zip: /net/scratch/hscra/plgrid/plgsmendowski12/ts2i_images/SMD/188_SMD_id_11_Facility_tr_500_1st_392_ts2i_RN.zip for transformation RN
2026-02-08 16:31:14.544 | INFO     | src.pipelines.train_vision_backbones:run_pipeline:170 - Train images: 36
2026-02-08 16:31:14.544 | INFO     | src.pipelines.train_vision_backbones:run_pipeline:171 - Test images: 2320
2026-02-08 16:31:14.551 | INFO     | src.pipelines.train_vision_backbones:run_pipeline:176 - Training cnn_autoencoder on RN
2026-02-08 16:31:14.556 | INFO     | src.models.cnn_autoencoder.training:train_autoencoder:22 - Device: cuda | Model on: cuda:0
2026-02-08 16:31:29.891 | INFO     | src.pipelines.train_vision_backbones:run_pipeline:193 - Evaluating cnn_autoencoder on RN
2026-02-08 16:31:32.201 | INFO     | src.models.evaluation:evaluate_tsb_ad_nonoverlapping:65 - Normal (22410) reconstruction error: mean=0.4475, std=0.2009
2026-02-08 16:31:32.202 | INFO     | src.models.evaluation:evaluate_tsb_ad_nonoverlapping:66 - Anomaly (793) reconstruction error: mean=0.4304, std=0.1826
2026-02-08 16:31:32.202 | INFO     | src.models.evaluation:evaluate_tsb_ad_nonoverlapping:67 - Overlap? Normal max=1.0000, Anomaly min=0.1125
2026-02-08 16:31:37.853 | INFO     | src.models.evaluation:evaluate_tsb_ad_nonoverlapping:83 - {'AUC-PR': 0.033108475321565564, 'AUC-ROC': 0.4780838641099356, 'VUS-PR': np.float64(0.03459944771617975), 'VUS-ROC': np.float64(0.4694664131645893), 'Standard-F1': np.float64(0.0743441751641655), 'PA-F1': 0.28544600938967135, 'Event-based-F1': np.float64(0.0865428878318243), 'R-based-F1': 0.09072501744629827, 'Affiliation-F': 0.6769781757930287}
2026-02-08 16:31:38.010 | INFO     | src.pipelines.train_vision_backbones:run_pipeline:170 - Train images: 36
2026-02-08 16:31:38.010 | INFO     | src.pipelines.train_vision_backbones:run_pipeline:171 - Test images: 2320
2026-02-08 16:31:38.228 | INFO     | src.pipelines.train_vision_backbones:run_pipeline:176 - Training resnet18_autoencoder_frozen on RN
2026-02-08 16:31:38.244 | INFO     | src.models.resnet18_autoencoder.training:train_autoencoder_frozen:25 - Device: cuda | Model on: cuda:0
2026-02-08 16:31:50.387 | INFO     | src.pipelines.train_vision_backbones:run_pipeline:193 - Evaluating resnet18_autoencoder_frozen on RN
2026-02-08 16:31:52.880 | INFO     | src.models.evaluation:evaluate_tsb_ad_nonoverlapping:65 - Normal (22410) reconstruction error: mean=0.4471, std=0.2032
2026-02-08 16:31:52.880 | INFO     | src.models.evaluation:evaluate_tsb_ad_nonoverlapping:66 - Anomaly (793) reconstruction error: mean=0.4199, std=0.2065
2026-02-08 16:31:52.880 | INFO     | src.models.evaluation:evaluate_tsb_ad_nonoverlapping:67 - Overlap? Normal max=1.0000, Anomaly min=0.0837
2026-02-08 16:31:58.477 | INFO     | src.models.evaluation:evaluate_tsb_ad_nonoverlapping:83 - {'AUC-PR': 0.033095142706848706, 'AUC-ROC': 0.4549052029893428, 'VUS-PR': np.float64(0.034299779364592865), 'VUS-ROC': np.float64(0.45019613069126724), 'Standard-F1': np.float64(0.06837319720437274), 'PA-F1': 0.26971677559912854, 'Event-based-F1': np.float64(0.07602199378436504), 'R-based-F1': 0.09460220523449421, 'Affiliation-F': 0.6800429898369065}
2026-02-08 16:31:58.633 | INFO     | src.pipelines.train_vision_backbones:run_pipeline:170 - Train images: 36
2026-02-08 16:31:58.633 | INFO     | src.pipelines.train_vision_backbones:run_pipeline:171 - Test images: 2320
2026-02-08 16:31:58.842 | INFO     | src.pipelines.train_vision_backbones:run_pipeline:176 - Training resnet18_autoencoder_progressive_unfreeze on RN
2026-02-08 16:31:58.856 | INFO     | src.models.resnet18_autoencoder.training:train_autoencoder_progressive_unfreeze:133 - Device: cuda | Model on: cuda:0
2026-02-08 16:32:09.488 | INFO     | src.pipelines.train_vision_backbones:run_pipeline:193 - Evaluating resnet18_autoencoder_progressive_unfreeze on RN
2026-02-08 16:32:11.973 | INFO     | src.models.evaluation:evaluate_tsb_ad_nonoverlapping:65 - Normal (22410) reconstruction error: mean=0.4274, std=0.1889
2026-02-08 16:32:11.973 | INFO     | src.models.evaluation:evaluate_tsb_ad_nonoverlapping:66 - Anomaly (793) reconstruction error: mean=0.4004, std=0.2053
2026-02-08 16:32:11.973 | INFO     | src.models.evaluation:evaluate_tsb_ad_nonoverlapping:67 - Overlap? Normal max=1.0000, Anomaly min=0.0734
2026-02-08 16:32:17.396 | INFO     | src.models.evaluation:evaluate_tsb_ad_nonoverlapping:83 - {'AUC-PR': 0.0357057681872459, 'AUC-ROC': 0.4528394930429297, 'VUS-PR': np.float64(0.036003318870955175), 'VUS-ROC': np.float64(0.4492781663961237), 'Standard-F1': np.float64(0.08508662741259616), 'PA-F1': 0.3311190597853858, 'Event-based-F1': np.float64(0.10714285714285683), 'R-based-F1': 0.11608965664636542, 'Affiliation-F': 0.6748015574081669}
2026-02-08 16:32:17.553 | INFO     | src.pipelines.train_vision_backbones:run_pipeline:170 - Train images: 36
2026-02-08 16:32:17.553 | INFO     | src.pipelines.train_vision_backbones:run_pipeline:171 - Test images: 2320
2026-02-08 16:32:17.770 | INFO     | src.pipelines.train_vision_backbones:run_pipeline:176 - Training resnet18_autoencoder_differential_lr on RN
2026-02-08 16:32:17.786 | INFO     | src.models.resnet18_autoencoder.training:train_autoencoder_differential_lr:271 - Device: cuda | Model on: cuda:0
2026-02-08 16:32:29.861 | INFO     | src.pipelines.train_vision_backbones:run_pipeline:193 - Evaluating resnet18_autoencoder_differential_lr on RN
2026-02-08 16:32:32.887 | INFO     | src.models.evaluation:evaluate_tsb_ad_nonoverlapping:65 - Normal (22410) reconstruction error: mean=0.4474, std=0.1971
2026-02-08 16:32:32.888 | INFO     | src.models.evaluation:evaluate_tsb_ad_nonoverlapping:66 - Anomaly (793) reconstruction error: mean=0.4287, std=0.1996
2026-02-08 16:32:32.888 | INFO     | src.models.evaluation:evaluate_tsb_ad_nonoverlapping:67 - Overlap? Normal max=1.0000, Anomaly min=0.1062
2026-02-08 16:32:38.519 | INFO     | src.models.evaluation:evaluate_tsb_ad_nonoverlapping:83 - {'AUC-PR': 0.03525091069522638, 'AUC-ROC': 0.4692723253951774, 'VUS-PR': np.float64(0.03662020510957929), 'VUS-ROC': np.float64(0.45361492815493754), 'Standard-F1': np.float64(0.08540323770025585), 'PA-F1': 0.3076923076923077, 'Event-based-F1': np.float64(0.0956877113866966), 'R-based-F1': 0.09286045104222883, 'Affiliation-F': 0.6908399698693592}
2026-02-08 16:32:38.678 | INFO     | src.pipelines.train_vision_backbones:run_pipeline:170 - Train images: 36
2026-02-08 16:32:38.678 | INFO     | src.pipelines.train_vision_backbones:run_pipeline:171 - Test images: 2320
2026-02-08 16:32:39.626 | INFO     | src.pipelines.train_vision_backbones:run_pipeline:176 - Training pvt_autoencoder_frozen on RN
2026-02-08 16:32:39.650 | INFO     | src.models.pvt_autoencoder.training:train_pvt_autoencoder_frozen:24 - Device: cuda | Model on: cuda:0
2026-02-08 16:33:01.931 | INFO     | src.pipelines.train_vision_backbones:run_pipeline:193 - Evaluating pvt_autoencoder_frozen on RN
2026-02-08 16:33:06.348 | INFO     | src.models.evaluation:evaluate_tsb_ad_nonoverlapping:65 - Normal (22410) reconstruction error: mean=0.4697, std=0.2093
2026-02-08 16:33:06.348 | INFO     | src.models.evaluation:evaluate_tsb_ad_nonoverlapping:66 - Anomaly (793) reconstruction error: mean=0.4423, std=0.2214
2026-02-08 16:33:06.348 | INFO     | src.models.evaluation:evaluate_tsb_ad_nonoverlapping:67 - Overlap? Normal max=1.0000, Anomaly min=0.0000
2026-02-08 16:33:12.170 | INFO     | src.models.evaluation:evaluate_tsb_ad_nonoverlapping:83 - {'AUC-PR': 0.034603975402709514, 'AUC-ROC': 0.463205181662618, 'VUS-PR': np.float64(0.036770536609301935), 'VUS-ROC': np.float64(0.44906102911758855), 'Standard-F1': np.float64(0.08772744521576517), 'PA-F1': 0.2955209347614411, 'Event-based-F1': np.float64(0.09662145895192989), 'R-based-F1': 0.10214297244364395, 'Affiliation-F': 0.7160468677686452}
2026-02-08 16:33:12.325 | INFO     | src.pipelines.train_vision_backbones:run_pipeline:170 - Train images: 36
2026-02-08 16:33:12.325 | INFO     | src.pipelines.train_vision_backbones:run_pipeline:171 - Test images: 2320
2026-02-08 16:33:13.274 | INFO     | src.pipelines.train_vision_backbones:run_pipeline:176 - Training pvt_autoencoder_progressive_unfreeze on RN
2026-02-08 16:33:13.300 | INFO     | src.models.pvt_autoencoder.training:train_pvt_autoencoder_progressive_unfreeze:132 - Device: cuda | Model on: cuda:0
2026-02-08 16:33:31.273 | INFO     | src.pipelines.train_vision_backbones:run_pipeline:193 - Evaluating pvt_autoencoder_progressive_unfreeze on RN
2026-02-08 16:33:48.156 | INFO     | src.models.evaluation:evaluate_tsb_ad_nonoverlapping:65 - Normal (22410) reconstruction error: mean=0.4343, std=0.2106
2026-02-08 16:33:48.156 | INFO     | src.models.evaluation:evaluate_tsb_ad_nonoverlapping:66 - Anomaly (793) reconstruction error: mean=0.4092, std=0.2132
2026-02-08 16:33:48.156 | INFO     | src.models.evaluation:evaluate_tsb_ad_nonoverlapping:67 - Overlap? Normal max=1.0000, Anomaly min=0.0370
2026-02-08 16:33:53.757 | INFO     | src.models.evaluation:evaluate_tsb_ad_nonoverlapping:83 - {'AUC-PR': 0.033535959152832376, 'AUC-ROC': 0.46322380737747115, 'VUS-PR': np.float64(0.03629252615976899), 'VUS-ROC': np.float64(0.4574965225202691), 'Standard-F1': np.float64(0.07866777750064204), 'PA-F1': 0.2744872532106575, 'Event-based-F1': np.float64(0.0879173962924943), 'R-based-F1': 0.11175109891048944, 'Affiliation-F': 0.6954565248783892}
2026-02-08 16:33:53.915 | INFO     | src.pipelines.train_vision_backbones:run_pipeline:170 - Train images: 36
2026-02-08 16:33:53.916 | INFO     | src.pipelines.train_vision_backbones:run_pipeline:171 - Test images: 2320
2026-02-08 16:33:54.951 | INFO     | src.pipelines.train_vision_backbones:run_pipeline:176 - Training pvt_autoencoder_differential_lr on RN
2026-02-08 16:33:54.978 | INFO     | src.models.pvt_autoencoder.training:train_pvt_autoencoder_differential_lr:267 - Device: cuda | Model on: cuda:0
2026-02-08 16:34:18.438 | INFO     | src.pipelines.train_vision_backbones:run_pipeline:193 - Evaluating pvt_autoencoder_differential_lr on RN
2026-02-08 16:34:39.568 | INFO     | src.models.evaluation:evaluate_tsb_ad_nonoverlapping:65 - Normal (22410) reconstruction error: mean=0.5046, std=0.2170
2026-02-08 16:34:39.569 | INFO     | src.models.evaluation:evaluate_tsb_ad_nonoverlapping:66 - Anomaly (793) reconstruction error: mean=0.4665, std=0.2328
2026-02-08 16:34:39.569 | INFO     | src.models.evaluation:evaluate_tsb_ad_nonoverlapping:67 - Overlap? Normal max=1.0000, Anomaly min=0.0915
2026-02-08 16:34:45.648 | INFO     | src.models.evaluation:evaluate_tsb_ad_nonoverlapping:83 - {'AUC-PR': 0.03373311008060753, 'AUC-ROC': 0.45105513830578015, 'VUS-PR': np.float64(0.03575865985749301), 'VUS-ROC': np.float64(0.4411934089805019), 'Standard-F1': np.float64(0.08496916835415998), 'PA-F1': 0.270859123545432, 'Event-based-F1': np.float64(0.09767862526379242), 'R-based-F1': 0.11384098657563467, 'Affiliation-F': 0.7139109629216484}
2026-02-08 16:34:46.639 | INFO     | src.pipelines.train_vision_backbones:run_pipeline:70 - Using zip: /net/scratch/hscra/plgrid/plgsmendowski12/ts2i_images/SMD/188_SMD_id_11_Facility_tr_500_1st_392_ts2i_LP.zip for transformation LP
2026-02-08 16:34:49.646 | INFO     | src.pipelines.train_vision_backbones:run_pipeline:170 - Train images: 36
2026-02-08 16:34:49.646 | INFO     | src.pipelines.train_vision_backbones:run_pipeline:171 - Test images: 2320
2026-02-08 16:34:49.653 | INFO     | src.pipelines.train_vision_backbones:run_pipeline:176 - Training cnn_autoencoder on LP
2026-02-08 16:34:49.658 | INFO     | src.models.cnn_autoencoder.training:train_autoencoder:22 - Device: cuda | Model on: cuda:0
2026-02-08 16:35:12.556 | INFO     | src.pipelines.train_vision_backbones:run_pipeline:193 - Evaluating cnn_autoencoder on LP
2026-02-08 16:35:14.732 | INFO     | src.models.evaluation:evaluate_tsb_ad_nonoverlapping:65 - Normal (22410) reconstruction error: mean=0.0070, std=0.0344
2026-02-08 16:35:14.732 | INFO     | src.models.evaluation:evaluate_tsb_ad_nonoverlapping:66 - Anomaly (793) reconstruction error: mean=0.2441, std=0.3154
2026-02-08 16:35:14.732 | INFO     | src.models.evaluation:evaluate_tsb_ad_nonoverlapping:67 - Overlap? Normal max=0.5642, Anomaly min=0.0000
2026-02-08 16:35:16.721 | INFO     | src.models.evaluation:evaluate_tsb_ad_nonoverlapping:83 - {'AUC-PR': 0.43237517407887516, 'AUC-ROC': 0.6904496506412366, 'VUS-PR': np.float64(0.3346598548778813), 'VUS-ROC': np.float64(0.6698458876603259), 'Standard-F1': np.float64(0.5462442099623805), 'PA-F1': 0.8783592644978784, 'Event-based-F1': np.float64(0.7361593699328232), 'R-based-F1': 0.5213888640237497, 'Affiliation-F': 0.8385254769332647}
2026-02-08 16:35:16.879 | INFO     | src.pipelines.train_vision_backbones:run_pipeline:170 - Train images: 36
2026-02-08 16:35:16.879 | INFO     | src.pipelines.train_vision_backbones:run_pipeline:171 - Test images: 2320
2026-02-08 16:35:17.100 | INFO     | src.pipelines.train_vision_backbones:run_pipeline:176 - Training resnet18_autoencoder_frozen on LP
2026-02-08 16:35:17.116 | INFO     | src.models.resnet18_autoencoder.training:train_autoencoder_frozen:25 - Device: cuda | Model on: cuda:0
2026-02-08 16:35:46.750 | INFO     | src.pipelines.train_vision_backbones:run_pipeline:193 - Evaluating resnet18_autoencoder_frozen on LP
2026-02-08 16:36:05.213 | INFO     | src.models.evaluation:evaluate_tsb_ad_nonoverlapping:65 - Normal (22410) reconstruction error: mean=0.0055, std=0.0327
2026-02-08 16:36:05.213 | INFO     | src.models.evaluation:evaluate_tsb_ad_nonoverlapping:66 - Anomaly (793) reconstruction error: mean=0.2261, std=0.2965
2026-02-08 16:36:05.213 | INFO     | src.models.evaluation:evaluate_tsb_ad_nonoverlapping:67 - Overlap? Normal max=0.5536, Anomaly min=0.0000
2026-02-08 16:36:07.170 | INFO     | src.models.evaluation:evaluate_tsb_ad_nonoverlapping:83 - {'AUC-PR': 0.42230120389686265, 'AUC-ROC': 0.6905554401999198, 'VUS-PR': np.float64(0.3165319005220029), 'VUS-ROC': np.float64(0.6686657415937776), 'Standard-F1': np.float64(0.5278331410316723), 'PA-F1': 0.8783592644978784, 'Event-based-F1': np.float64(0.7327823691460049), 'R-based-F1': 0.5243870158024554, 'Affiliation-F': 0.8410904021538385}
2026-02-08 16:36:07.330 | INFO     | src.pipelines.train_vision_backbones:run_pipeline:170 - Train images: 36
2026-02-08 16:36:07.330 | INFO     | src.pipelines.train_vision_backbones:run_pipeline:171 - Test images: 2320
2026-02-08 16:36:07.544 | INFO     | src.pipelines.train_vision_backbones:run_pipeline:176 - Training resnet18_autoencoder_progressive_unfreeze on LP
2026-02-08 16:36:07.560 | INFO     | src.models.resnet18_autoencoder.training:train_autoencoder_progressive_unfreeze:133 - Device: cuda | Model on: cuda:0
2026-02-08 16:36:52.870 | INFO     | src.pipelines.train_vision_backbones:run_pipeline:193 - Evaluating resnet18_autoencoder_progressive_unfreeze on LP
2026-02-08 16:37:23.786 | INFO     | src.models.evaluation:evaluate_tsb_ad_nonoverlapping:65 - Normal (22410) reconstruction error: mean=0.0068, std=0.0384
2026-02-08 16:37:23.787 | INFO     | src.models.evaluation:evaluate_tsb_ad_nonoverlapping:66 - Anomaly (793) reconstruction error: mean=0.2533, std=0.3124
2026-02-08 16:37:23.787 | INFO     | src.models.evaluation:evaluate_tsb_ad_nonoverlapping:67 - Overlap? Normal max=0.6290, Anomaly min=0.0000
2026-02-08 16:37:25.765 | INFO     | src.models.evaluation:evaluate_tsb_ad_nonoverlapping:83 - {'AUC-PR': 0.4317279933877578, 'AUC-ROC': 0.6904310811974252, 'VUS-PR': np.float64(0.33687670407340425), 'VUS-ROC': np.float64(0.6698128294945959), 'Standard-F1': np.float64(0.5345638662945299), 'PA-F1': 0.8857743517869656, 'Event-based-F1': np.float64(0.7621776504297988), 'R-based-F1': 0.5269316278680332, 'Affiliation-F': 0.8146759793020177}
2026-02-08 16:37:25.923 | INFO     | src.pipelines.train_vision_backbones:run_pipeline:170 - Train images: 36
2026-02-08 16:37:25.923 | INFO     | src.pipelines.train_vision_backbones:run_pipeline:171 - Test images: 2320
2026-02-08 16:37:26.129 | INFO     | src.pipelines.train_vision_backbones:run_pipeline:176 - Training resnet18_autoencoder_differential_lr on LP
2026-02-08 16:37:26.143 | INFO     | src.models.resnet18_autoencoder.training:train_autoencoder_differential_lr:271 - Device: cuda | Model on: cuda:0
2026-02-08 16:37:57.932 | INFO     | src.pipelines.train_vision_backbones:run_pipeline:193 - Evaluating resnet18_autoencoder_differential_lr on LP
2026-02-08 16:38:30.254 | INFO     | src.models.evaluation:evaluate_tsb_ad_nonoverlapping:65 - Normal (22410) reconstruction error: mean=0.0194, std=0.0913
2026-02-08 16:38:30.254 | INFO     | src.models.evaluation:evaluate_tsb_ad_nonoverlapping:66 - Anomaly (793) reconstruction error: mean=0.2584, std=0.2964
2026-02-08 16:38:30.254 | INFO     | src.models.evaluation:evaluate_tsb_ad_nonoverlapping:67 - Overlap? Normal max=0.7072, Anomaly min=0.0000
2026-02-08 16:38:32.449 | INFO     | src.models.evaluation:evaluate_tsb_ad_nonoverlapping:83 - {'AUC-PR': 0.29276077478822304, 'AUC-ROC': 0.685351437978339, 'VUS-PR': np.float64(0.21546979448082262), 'VUS-ROC': np.float64(0.6648965391741734), 'Standard-F1': np.float64(0.41947684199743046), 'PA-F1': 0.8327183271832719, 'Event-based-F1': np.float64(0.593616007622677), 'R-based-F1': 0.3759066632104156, 'Affiliation-F': 0.8074585874362147}
2026-02-08 16:38:32.607 | INFO     | src.pipelines.train_vision_backbones:run_pipeline:170 - Train images: 36
2026-02-08 16:38:32.607 | INFO     | src.pipelines.train_vision_backbones:run_pipeline:171 - Test images: 2320
2026-02-08 16:38:33.541 | INFO     | src.pipelines.train_vision_backbones:run_pipeline:176 - Training pvt_autoencoder_frozen on LP
2026-02-08 16:38:33.565 | INFO     | src.models.pvt_autoencoder.training:train_pvt_autoencoder_frozen:24 - Device: cuda | Model on: cuda:0
2026-02-08 16:39:06.959 | INFO     | src.pipelines.train_vision_backbones:run_pipeline:193 - Evaluating pvt_autoencoder_frozen on LP
2026-02-08 16:39:40.954 | INFO     | src.models.evaluation:evaluate_tsb_ad_nonoverlapping:65 - Normal (22410) reconstruction error: mean=0.0075, std=0.0371
2026-02-08 16:39:40.954 | INFO     | src.models.evaluation:evaluate_tsb_ad_nonoverlapping:66 - Anomaly (793) reconstruction error: mean=0.2396, std=0.3020
2026-02-08 16:39:40.954 | INFO     | src.models.evaluation:evaluate_tsb_ad_nonoverlapping:67 - Overlap? Normal max=0.5443, Anomaly min=0.0000
2026-02-08 16:39:42.898 | INFO     | src.models.evaluation:evaluate_tsb_ad_nonoverlapping:83 - {'AUC-PR': 0.4494144618046817, 'AUC-ROC': 0.776642256288711, 'VUS-PR': np.float64(0.37054202973201344), 'VUS-ROC': np.float64(0.7751668078568961), 'Standard-F1': np.float64(0.5347120331561158), 'PA-F1': 0.8831710709318498, 'Event-based-F1': np.float64(0.7603833865814691), 'R-based-F1': 0.5369855148732947, 'Affiliation-F': 0.8196398757843633}
2026-02-08 16:39:43.063 | INFO     | src.pipelines.train_vision_backbones:run_pipeline:170 - Train images: 36
2026-02-08 16:39:43.064 | INFO     | src.pipelines.train_vision_backbones:run_pipeline:171 - Test images: 2320
2026-02-08 16:39:44.009 | INFO     | src.pipelines.train_vision_backbones:run_pipeline:176 - Training pvt_autoencoder_progressive_unfreeze on LP
2026-02-08 16:39:44.035 | INFO     | src.models.pvt_autoencoder.training:train_pvt_autoencoder_progressive_unfreeze:132 - Device: cuda | Model on: cuda:0
2026-02-08 16:40:36.475 | INFO     | src.pipelines.train_vision_backbones:run_pipeline:193 - Evaluating pvt_autoencoder_progressive_unfreeze on LP
2026-02-08 16:41:11.990 | INFO     | src.models.evaluation:evaluate_tsb_ad_nonoverlapping:65 - Normal (22410) reconstruction error: mean=0.0068, std=0.0360
2026-02-08 16:41:11.990 | INFO     | src.models.evaluation:evaluate_tsb_ad_nonoverlapping:66 - Anomaly (793) reconstruction error: mean=0.2456, std=0.3082
2026-02-08 16:41:11.990 | INFO     | src.models.evaluation:evaluate_tsb_ad_nonoverlapping:67 - Overlap? Normal max=0.6338, Anomaly min=0.0000
2026-02-08 16:41:13.925 | INFO     | src.models.evaluation:evaluate_tsb_ad_nonoverlapping:83 - {'AUC-PR': 0.4517027657000021, 'AUC-ROC': 0.7768285134372435, 'VUS-PR': np.float64(0.360460288035516), 'VUS-ROC': np.float64(0.7747783326118198), 'Standard-F1': np.float64(0.5240439115323563), 'PA-F1': 0.8851540616246498, 'Event-based-F1': np.float64(0.7486631016042775), 'R-based-F1': 0.5245758944072174, 'Affiliation-F': 0.8196398757843633}
2026-02-08 16:41:14.085 | INFO     | src.pipelines.train_vision_backbones:run_pipeline:170 - Train images: 36
2026-02-08 16:41:14.085 | INFO     | src.pipelines.train_vision_backbones:run_pipeline:171 - Test images: 2320
2026-02-08 16:41:15.025 | INFO     | src.pipelines.train_vision_backbones:run_pipeline:176 - Training pvt_autoencoder_differential_lr on LP
2026-02-08 16:41:15.051 | INFO     | src.models.pvt_autoencoder.training:train_pvt_autoencoder_differential_lr:267 - Device: cuda | Model on: cuda:0
2026-02-08 16:41:50.374 | INFO     | src.pipelines.train_vision_backbones:run_pipeline:193 - Evaluating pvt_autoencoder_differential_lr on LP
2026-02-08 16:42:19.958 | INFO     | src.models.evaluation:evaluate_tsb_ad_nonoverlapping:65 - Normal (22410) reconstruction error: mean=0.0071, std=0.0353
2026-02-08 16:42:19.958 | INFO     | src.models.evaluation:evaluate_tsb_ad_nonoverlapping:66 - Anomaly (793) reconstruction error: mean=0.2231, std=0.2785
2026-02-08 16:42:19.958 | INFO     | src.models.evaluation:evaluate_tsb_ad_nonoverlapping:67 - Overlap? Normal max=0.5491, Anomaly min=0.0000
2026-02-08 16:42:21.931 | INFO     | src.models.evaluation:evaluate_tsb_ad_nonoverlapping:83 - {'AUC-PR': 0.42513680911453156, 'AUC-ROC': 0.6907748972631453, 'VUS-PR': np.float64(0.34195286841433625), 'VUS-ROC': np.float64(0.6706255745776756), 'Standard-F1': np.float64(0.5390138843888848), 'PA-F1': 0.883785664578984, 'Event-based-F1': np.float64(0.7540029112081508), 'R-based-F1': 0.5041114328452585, 'Affiliation-F': 0.8142086061885921}
2026-02-08 16:42:22.610 | INFO     | src.pipelines.train_vision_backbones:run_pipeline:70 - Using zip: /net/scratch/hscra/plgrid/plgsmendowski12/ts2i_images/SMD/188_SMD_id_11_Facility_tr_500_1st_392_ts2i_SG.zip for transformation SG
2026-02-08 16:42:25.565 | INFO     | src.pipelines.train_vision_backbones:run_pipeline:170 - Train images: 36
2026-02-08 16:42:25.566 | INFO     | src.pipelines.train_vision_backbones:run_pipeline:171 - Test images: 2320
2026-02-08 16:42:25.572 | INFO     | src.pipelines.train_vision_backbones:run_pipeline:176 - Training cnn_autoencoder on SG
2026-02-08 16:42:25.577 | INFO     | src.models.cnn_autoencoder.training:train_autoencoder:22 - Device: cuda | Model on: cuda:0
2026-02-08 16:42:48.620 | INFO     | src.pipelines.train_vision_backbones:run_pipeline:193 - Evaluating cnn_autoencoder on SG
2026-02-08 16:42:50.801 | INFO     | src.models.evaluation:evaluate_tsb_ad_nonoverlapping:65 - Normal (22410) reconstruction error: mean=0.0094, std=0.0022
2026-02-08 16:42:50.802 | INFO     | src.models.evaluation:evaluate_tsb_ad_nonoverlapping:66 - Anomaly (793) reconstruction error: mean=0.0750, std=0.2147
2026-02-08 16:42:50.802 | INFO     | src.models.evaluation:evaluate_tsb_ad_nonoverlapping:67 - Overlap? Normal max=0.0844, Anomaly min=0.0000
2026-02-08 16:42:52.614 | INFO     | src.models.evaluation:evaluate_tsb_ad_nonoverlapping:83 - {'AUC-PR': 0.3705415059488189, 'AUC-ROC': 0.6398575386033416, 'VUS-PR': np.float64(0.21841515507130474), 'VUS-ROC': np.float64(0.561089743064055), 'Standard-F1': np.float64(0.4859165392604669), 'PA-F1': 0.8721910112359551, 'Event-based-F1': np.float64(0.6457717327025424), 'R-based-F1': 0.4143484173292646, 'Affiliation-F': 0.7166193915766295}
2026-02-08 16:42:52.778 | INFO     | src.pipelines.train_vision_backbones:run_pipeline:170 - Train images: 36
2026-02-08 16:42:52.778 | INFO     | src.pipelines.train_vision_backbones:run_pipeline:171 - Test images: 2320
2026-02-08 16:42:53.001 | INFO     | src.pipelines.train_vision_backbones:run_pipeline:176 - Training resnet18_autoencoder_frozen on SG
2026-02-08 16:42:53.016 | INFO     | src.models.resnet18_autoencoder.training:train_autoencoder_frozen:25 - Device: cuda | Model on: cuda:0
2026-02-08 16:43:22.695 | INFO     | src.pipelines.train_vision_backbones:run_pipeline:193 - Evaluating resnet18_autoencoder_frozen on SG
2026-02-08 16:43:36.808 | INFO     | src.models.evaluation:evaluate_tsb_ad_nonoverlapping:65 - Normal (22410) reconstruction error: mean=0.0020, std=0.0036
2026-02-08 16:43:36.808 | INFO     | src.models.evaluation:evaluate_tsb_ad_nonoverlapping:66 - Anomaly (793) reconstruction error: mean=0.0715, std=0.2143
2026-02-08 16:43:36.808 | INFO     | src.models.evaluation:evaluate_tsb_ad_nonoverlapping:67 - Overlap? Normal max=0.1201, Anomaly min=0.0017
2026-02-08 16:43:38.623 | INFO     | src.models.evaluation:evaluate_tsb_ad_nonoverlapping:83 - {'AUC-PR': 0.4103022360242011, 'AUC-ROC': 0.7008316578630621, 'VUS-PR': np.float64(0.3119259728339412), 'VUS-ROC': np.float64(0.6616549221663299), 'Standard-F1': np.float64(0.5395369073788369), 'PA-F1': 0.8791348600508906, 'Event-based-F1': np.float64(0.7377683914114744), 'R-based-F1': 0.5375032724618037, 'Affiliation-F': 0.8411244465464721}
2026-02-08 16:43:38.777 | INFO     | src.pipelines.train_vision_backbones:run_pipeline:170 - Train images: 36
2026-02-08 16:43:38.777 | INFO     | src.pipelines.train_vision_backbones:run_pipeline:171 - Test images: 2320
2026-02-08 16:43:38.993 | INFO     | src.pipelines.train_vision_backbones:run_pipeline:176 - Training resnet18_autoencoder_progressive_unfreeze on SG
2026-02-08 16:43:39.008 | INFO     | src.models.resnet18_autoencoder.training:train_autoencoder_progressive_unfreeze:133 - Device: cuda | Model on: cuda:0
2026-02-08 16:44:24.764 | INFO     | src.pipelines.train_vision_backbones:run_pipeline:193 - Evaluating resnet18_autoencoder_progressive_unfreeze on SG
2026-02-08 16:44:52.500 | INFO     | src.models.evaluation:evaluate_tsb_ad_nonoverlapping:65 - Normal (22410) reconstruction error: mean=0.0010, std=0.0034
2026-02-08 16:44:52.501 | INFO     | src.models.evaluation:evaluate_tsb_ad_nonoverlapping:66 - Anomaly (793) reconstruction error: mean=0.0735, std=0.2144
2026-02-08 16:44:52.501 | INFO     | src.models.evaluation:evaluate_tsb_ad_nonoverlapping:67 - Overlap? Normal max=0.0958, Anomaly min=0.0006
2026-02-08 16:44:54.338 | INFO     | src.models.evaluation:evaluate_tsb_ad_nonoverlapping:83 - {'AUC-PR': 0.4106672986871594, 'AUC-ROC': 0.6848599104277556, 'VUS-PR': np.float64(0.2980205249756885), 'VUS-ROC': np.float64(0.6319598521037257), 'Standard-F1': np.float64(0.5355784060785469), 'PA-F1': 0.871578947368421, 'Event-based-F1': np.float64(0.732350659425911), 'R-based-F1': 0.5530365128706423, 'Affiliation-F': 0.8383014183413111}
2026-02-08 16:44:54.493 | INFO     | src.pipelines.train_vision_backbones:run_pipeline:170 - Train images: 36
2026-02-08 16:44:54.493 | INFO     | src.pipelines.train_vision_backbones:run_pipeline:171 - Test images: 2320
2026-02-08 16:44:54.707 | INFO     | src.pipelines.train_vision_backbones:run_pipeline:176 - Training resnet18_autoencoder_differential_lr on SG
2026-02-08 16:44:54.723 | INFO     | src.models.resnet18_autoencoder.training:train_autoencoder_differential_lr:271 - Device: cuda | Model on: cuda:0
2026-02-08 16:45:25.656 | INFO     | src.pipelines.train_vision_backbones:run_pipeline:193 - Evaluating resnet18_autoencoder_differential_lr on SG
2026-02-08 16:45:48.902 | INFO     | src.models.evaluation:evaluate_tsb_ad_nonoverlapping:65 - Normal (22410) reconstruction error: mean=0.0033, std=0.0044
2026-02-08 16:45:48.902 | INFO     | src.models.evaluation:evaluate_tsb_ad_nonoverlapping:66 - Anomaly (793) reconstruction error: mean=0.0765, std=0.2164
2026-02-08 16:45:48.902 | INFO     | src.models.evaluation:evaluate_tsb_ad_nonoverlapping:67 - Overlap? Normal max=0.1601, Anomaly min=0.0020
2026-02-08 16:45:50.717 | INFO     | src.models.evaluation:evaluate_tsb_ad_nonoverlapping:83 - {'AUC-PR': 0.444631898608086, 'AUC-ROC': 0.7855856380545302, 'VUS-PR': np.float64(0.3621040434134646), 'VUS-ROC': np.float64(0.7695599470981533), 'Standard-F1': np.float64(0.5476320893850863), 'PA-F1': 0.8636678200692042, 'Event-based-F1': np.float64(0.7006598680263942), 'R-based-F1': 0.5026576217306354, 'Affiliation-F': 0.8387122277494665}
2026-02-08 16:45:50.873 | INFO     | src.pipelines.train_vision_backbones:run_pipeline:170 - Train images: 36
2026-02-08 16:45:50.874 | INFO     | src.pipelines.train_vision_backbones:run_pipeline:171 - Test images: 2320
2026-02-08 16:45:51.823 | INFO     | src.pipelines.train_vision_backbones:run_pipeline:176 - Training pvt_autoencoder_frozen on SG
2026-02-08 16:45:51.853 | INFO     | src.models.pvt_autoencoder.training:train_pvt_autoencoder_frozen:24 - Device: cuda | Model on: cuda:0
2026-02-08 16:46:25.002 | INFO     | src.pipelines.train_vision_backbones:run_pipeline:193 - Evaluating pvt_autoencoder_frozen on SG
2026-02-08 16:46:55.462 | INFO     | src.models.evaluation:evaluate_tsb_ad_nonoverlapping:65 - Normal (22410) reconstruction error: mean=0.0029, std=0.0032
2026-02-08 16:46:55.463 | INFO     | src.models.evaluation:evaluate_tsb_ad_nonoverlapping:66 - Anomaly (793) reconstruction error: mean=0.0713, std=0.2117
2026-02-08 16:46:55.463 | INFO     | src.models.evaluation:evaluate_tsb_ad_nonoverlapping:67 - Overlap? Normal max=0.1031, Anomaly min=0.0020
2026-02-08 16:46:57.281 | INFO     | src.models.evaluation:evaluate_tsb_ad_nonoverlapping:83 - {'AUC-PR': 0.4054035275505365, 'AUC-ROC': 0.6832221980256743, 'VUS-PR': np.float64(0.29200494706806857), 'VUS-ROC': np.float64(0.6295125243496636), 'Standard-F1': np.float64(0.5355784060785469), 'PA-F1': 0.8780177890724269, 'Event-based-F1': np.float64(0.7349823321554766), 'R-based-F1': 0.5255566893827399, 'Affiliation-F': 0.8397333517330247}
2026-02-08 16:46:57.438 | INFO     | src.pipelines.train_vision_backbones:run_pipeline:170 - Train images: 36
2026-02-08 16:46:57.438 | INFO     | src.pipelines.train_vision_backbones:run_pipeline:171 - Test images: 2320
2026-02-08 16:46:58.384 | INFO     | src.pipelines.train_vision_backbones:run_pipeline:176 - Training pvt_autoencoder_progressive_unfreeze on SG
2026-02-08 16:46:58.410 | INFO     | src.models.pvt_autoencoder.training:train_pvt_autoencoder_progressive_unfreeze:132 - Device: cuda | Model on: cuda:0
2026-02-08 16:47:48.171 | INFO     | src.pipelines.train_vision_backbones:run_pipeline:193 - Evaluating pvt_autoencoder_progressive_unfreeze on SG
2026-02-08 16:48:22.222 | INFO     | src.models.evaluation:evaluate_tsb_ad_nonoverlapping:65 - Normal (22410) reconstruction error: mean=0.0009, std=0.0039
2026-02-08 16:48:22.222 | INFO     | src.models.evaluation:evaluate_tsb_ad_nonoverlapping:66 - Anomaly (793) reconstruction error: mean=0.0774, std=0.2167
2026-02-08 16:48:22.222 | INFO     | src.models.evaluation:evaluate_tsb_ad_nonoverlapping:67 - Overlap? Normal max=0.1089, Anomaly min=0.0005
2026-02-08 16:48:24.036 | INFO     | src.models.evaluation:evaluate_tsb_ad_nonoverlapping:83 - {'AUC-PR': 0.4096651207620959, 'AUC-ROC': 0.6793096724856552, 'VUS-PR': np.float64(0.29785960319525884), 'VUS-ROC': np.float64(0.6250670753094234), 'Standard-F1': np.float64(0.5336379482061385), 'PA-F1': 0.859515570934256, 'Event-based-F1': np.float64(0.6999999999999995), 'R-based-F1': 0.5191129079164327, 'Affiliation-F': 0.8356352546691036}
2026-02-08 16:48:24.305 | INFO     | src.pipelines.train_vision_backbones:run_pipeline:170 - Train images: 36
2026-02-08 16:48:24.305 | INFO     | src.pipelines.train_vision_backbones:run_pipeline:171 - Test images: 2320
2026-02-08 16:48:25.255 | INFO     | src.pipelines.train_vision_backbones:run_pipeline:176 - Training pvt_autoencoder_differential_lr on SG
2026-02-08 16:48:25.281 | INFO     | src.models.pvt_autoencoder.training:train_pvt_autoencoder_differential_lr:267 - Device: cuda | Model on: cuda:0
2026-02-08 16:49:02.012 | INFO     | src.pipelines.train_vision_backbones:run_pipeline:193 - Evaluating pvt_autoencoder_differential_lr on SG
2026-02-08 16:49:34.897 | INFO     | src.models.evaluation:evaluate_tsb_ad_nonoverlapping:65 - Normal (22410) reconstruction error: mean=0.0027, std=0.0034
2026-02-08 16:49:34.897 | INFO     | src.models.evaluation:evaluate_tsb_ad_nonoverlapping:66 - Anomaly (793) reconstruction error: mean=0.0726, std=0.2161
2026-02-08 16:49:34.898 | INFO     | src.models.evaluation:evaluate_tsb_ad_nonoverlapping:67 - Overlap? Normal max=0.1081, Anomaly min=0.0014
2026-02-08 16:49:36.715 | INFO     | src.models.evaluation:evaluate_tsb_ad_nonoverlapping:83 - {'AUC-PR': 0.4014751429622097, 'AUC-ROC': 0.6871006233143305, 'VUS-PR': np.float64(0.2755819747743498), 'VUS-ROC': np.float64(0.6230265230011033), 'Standard-F1': np.float64(0.5278331410316723), 'PA-F1': 0.8724747474747475, 'Event-based-F1': np.float64(0.7247386759581878), 'R-based-F1': 0.5136982321829807, 'Affiliation-F': 0.8402224222921524}
2026-02-08 16:49:37.386 | INFO     | src.pipelines.train_vision_backbones:run_pipeline:70 - Using zip: /net/scratch/hscra/plgrid/plgsmendowski12/ts2i_images/SMD/188_SMD_id_11_Facility_tr_500_1st_392_ts2i_GASF.zip for transformation GASF
2026-02-08 16:49:40.046 | INFO     | src.pipelines.train_vision_backbones:run_pipeline:170 - Train images: 36
2026-02-08 16:49:40.046 | INFO     | src.pipelines.train_vision_backbones:run_pipeline:171 - Test images: 2320
2026-02-08 16:49:40.053 | INFO     | src.pipelines.train_vision_backbones:run_pipeline:176 - Training cnn_autoencoder on GASF
2026-02-08 16:49:40.058 | INFO     | src.models.cnn_autoencoder.training:train_autoencoder:22 - Device: cuda | Model on: cuda:0
2026-02-08 16:50:03.884 | INFO     | src.pipelines.train_vision_backbones:run_pipeline:193 - Evaluating cnn_autoencoder on GASF
2026-02-08 16:50:06.680 | INFO     | src.models.evaluation:evaluate_tsb_ad_nonoverlapping:65 - Normal (22410) reconstruction error: mean=0.0107, std=0.0596
2026-02-08 16:50:06.680 | INFO     | src.models.evaluation:evaluate_tsb_ad_nonoverlapping:66 - Anomaly (793) reconstruction error: mean=0.1968, std=0.2622
2026-02-08 16:50:06.681 | INFO     | src.models.evaluation:evaluate_tsb_ad_nonoverlapping:67 - Overlap? Normal max=0.6843, Anomaly min=0.0000
2026-02-08 16:50:08.682 | INFO     | src.models.evaluation:evaluate_tsb_ad_nonoverlapping:83 - {'AUC-PR': 0.3326981596367088, 'AUC-ROC': 0.7722854708732647, 'VUS-PR': np.float64(0.24817796831652775), 'VUS-ROC': np.float64(0.7683413110324122), 'Standard-F1': np.float64(0.42769853039584227), 'PA-F1': 0.876499647141849, 'Event-based-F1': np.float64(0.6195715112912561), 'R-based-F1': 0.31298226384652467, 'Affiliation-F': 0.8196398757843633}
2026-02-08 16:50:08.839 | INFO     | src.pipelines.train_vision_backbones:run_pipeline:170 - Train images: 36
2026-02-08 16:50:08.839 | INFO     | src.pipelines.train_vision_backbones:run_pipeline:171 - Test images: 2320
2026-02-08 16:50:09.059 | INFO     | src.pipelines.train_vision_backbones:run_pipeline:176 - Training resnet18_autoencoder_frozen on GASF
2026-02-08 16:50:09.074 | INFO     | src.models.resnet18_autoencoder.training:train_autoencoder_frozen:25 - Device: cuda | Model on: cuda:0
2026-02-08 16:50:37.060 | INFO     | src.pipelines.train_vision_backbones:run_pipeline:193 - Evaluating resnet18_autoencoder_frozen on GASF
2026-02-08 16:50:42.118 | INFO     | src.models.evaluation:evaluate_tsb_ad_nonoverlapping:65 - Normal (22410) reconstruction error: mean=0.0103, std=0.0629
2026-02-08 16:50:42.118 | INFO     | src.models.evaluation:evaluate_tsb_ad_nonoverlapping:66 - Anomaly (793) reconstruction error: mean=0.2574, std=0.3154
2026-02-08 16:50:42.118 | INFO     | src.models.evaluation:evaluate_tsb_ad_nonoverlapping:67 - Overlap? Normal max=0.8734, Anomaly min=0.0000
2026-02-08 16:50:44.104 | INFO     | src.models.evaluation:evaluate_tsb_ad_nonoverlapping:83 - {'AUC-PR': 0.35851829338741725, 'AUC-ROC': 0.7738934721652478, 'VUS-PR': np.float64(0.2731430205977396), 'VUS-ROC': np.float64(0.7696025895746458), 'Standard-F1': np.float64(0.4836346189544748), 'PA-F1': 0.8616223585548739, 'Event-based-F1': np.float64(0.6567164179104472), 'R-based-F1': 0.3998056890625752, 'Affiliation-F': 0.8196398757843633}
2026-02-08 16:50:44.260 | INFO     | src.pipelines.train_vision_backbones:run_pipeline:170 - Train images: 36
2026-02-08 16:50:44.261 | INFO     | src.pipelines.train_vision_backbones:run_pipeline:171 - Test images: 2320
2026-02-08 16:50:44.474 | INFO     | src.pipelines.train_vision_backbones:run_pipeline:176 - Training resnet18_autoencoder_progressive_unfreeze on GASF
2026-02-08 16:50:44.489 | INFO     | src.models.resnet18_autoencoder.training:train_autoencoder_progressive_unfreeze:133 - Device: cuda | Model on: cuda:0
2026-02-08 16:51:25.630 | INFO     | src.pipelines.train_vision_backbones:run_pipeline:193 - Evaluating resnet18_autoencoder_progressive_unfreeze on GASF
2026-02-08 16:51:53.560 | INFO     | src.models.evaluation:evaluate_tsb_ad_nonoverlapping:65 - Normal (22410) reconstruction error: mean=0.0098, std=0.0570
2026-02-08 16:51:53.561 | INFO     | src.models.evaluation:evaluate_tsb_ad_nonoverlapping:66 - Anomaly (793) reconstruction error: mean=0.2337, std=0.2906
2026-02-08 16:51:53.561 | INFO     | src.models.evaluation:evaluate_tsb_ad_nonoverlapping:67 - Overlap? Normal max=0.8238, Anomaly min=0.0000
2026-02-08 16:51:55.569 | INFO     | src.models.evaluation:evaluate_tsb_ad_nonoverlapping:83 - {'AUC-PR': 0.3692555692228598, 'AUC-ROC': 0.7607931797246434, 'VUS-PR': np.float64(0.26497907892068484), 'VUS-ROC': np.float64(0.6769696464743999), 'Standard-F1': np.float64(0.45619691942340673), 'PA-F1': 0.8717241379310345, 'Event-based-F1': np.float64(0.6700507614213193), 'R-based-F1': 0.42831092561495887, 'Affiliation-F': 0.7607498402945868}
2026-02-08 16:51:55.725 | INFO     | src.pipelines.train_vision_backbones:run_pipeline:170 - Train images: 36
2026-02-08 16:51:55.725 | INFO     | src.pipelines.train_vision_backbones:run_pipeline:171 - Test images: 2320
2026-02-08 16:51:55.933 | INFO     | src.pipelines.train_vision_backbones:run_pipeline:176 - Training resnet18_autoencoder_differential_lr on GASF
2026-02-08 16:51:55.947 | INFO     | src.models.resnet18_autoencoder.training:train_autoencoder_differential_lr:271 - Device: cuda | Model on: cuda:0
2026-02-08 16:52:25.728 | INFO     | src.pipelines.train_vision_backbones:run_pipeline:193 - Evaluating resnet18_autoencoder_differential_lr on GASF
2026-02-08 16:52:58.788 | INFO     | src.models.evaluation:evaluate_tsb_ad_nonoverlapping:65 - Normal (22410) reconstruction error: mean=0.0109, std=0.0554
2026-02-08 16:52:58.789 | INFO     | src.models.evaluation:evaluate_tsb_ad_nonoverlapping:66 - Anomaly (793) reconstruction error: mean=0.2341, std=0.2933
2026-02-08 16:52:58.789 | INFO     | src.models.evaluation:evaluate_tsb_ad_nonoverlapping:67 - Overlap? Normal max=0.8055, Anomaly min=0.0000
2026-02-08 16:53:00.799 | INFO     | src.models.evaluation:evaluate_tsb_ad_nonoverlapping:83 - {'AUC-PR': 0.37838955602111957, 'AUC-ROC': 0.7589366292407969, 'VUS-PR': np.float64(0.2673054229202821), 'VUS-ROC': np.float64(0.6747122239049723), 'Standard-F1': np.float64(0.4859165392604669), 'PA-F1': 0.8657534246575342, 'Event-based-F1': np.float64(0.6537785588752191), 'R-based-F1': 0.43921426095117766, 'Affiliation-F': 0.7621236179090656}
2026-02-08 16:53:00.960 | INFO     | src.pipelines.train_vision_backbones:run_pipeline:170 - Train images: 36
2026-02-08 16:53:00.960 | INFO     | src.pipelines.train_vision_backbones:run_pipeline:171 - Test images: 2320
2026-02-08 16:53:01.938 | INFO     | src.pipelines.train_vision_backbones:run_pipeline:176 - Training pvt_autoencoder_frozen on GASF
2026-02-08 16:53:01.964 | INFO     | src.models.pvt_autoencoder.training:train_pvt_autoencoder_frozen:24 - Device: cuda | Model on: cuda:0
2026-02-08 16:53:33.354 | INFO     | src.pipelines.train_vision_backbones:run_pipeline:193 - Evaluating pvt_autoencoder_frozen on GASF
2026-02-08 16:54:00.582 | INFO     | src.models.evaluation:evaluate_tsb_ad_nonoverlapping:65 - Normal (22410) reconstruction error: mean=0.0158, std=0.0730
2026-02-08 16:54:00.582 | INFO     | src.models.evaluation:evaluate_tsb_ad_nonoverlapping:66 - Anomaly (793) reconstruction error: mean=0.2645, std=0.3193
2026-02-08 16:54:00.582 | INFO     | src.models.evaluation:evaluate_tsb_ad_nonoverlapping:67 - Overlap? Normal max=0.8242, Anomaly min=0.0000
2026-02-08 16:54:02.636 | INFO     | src.models.evaluation:evaluate_tsb_ad_nonoverlapping:83 - {'AUC-PR': 0.3122178943826519, 'AUC-ROC': 0.6714324018787776, 'VUS-PR': np.float64(0.18518544044618268), 'VUS-ROC': np.float64(0.5625752369659535), 'Standard-F1': np.float64(0.45199822107118626), 'PA-F1': 0.8703573931324456, 'Event-based-F1': np.float64(0.5834186284544519), 'R-based-F1': 0.32327731389125924, 'Affiliation-F': 0.7332227831212684}
2026-02-08 16:54:02.793 | INFO     | src.pipelines.train_vision_backbones:run_pipeline:170 - Train images: 36
2026-02-08 16:54:02.793 | INFO     | src.pipelines.train_vision_backbones:run_pipeline:171 - Test images: 2320
2026-02-08 16:54:03.741 | INFO     | src.pipelines.train_vision_backbones:run_pipeline:176 - Training pvt_autoencoder_progressive_unfreeze on GASF
2026-02-08 16:54:03.766 | INFO     | src.models.pvt_autoencoder.training:train_pvt_autoencoder_progressive_unfreeze:132 - Device: cuda | Model on: cuda:0
2026-02-08 16:54:54.001 | INFO     | src.pipelines.train_vision_backbones:run_pipeline:193 - Evaluating pvt_autoencoder_progressive_unfreeze on GASF
2026-02-08 16:55:24.612 | INFO     | src.models.evaluation:evaluate_tsb_ad_nonoverlapping:65 - Normal (22410) reconstruction error: mean=0.0106, std=0.0704
2026-02-08 16:55:24.612 | INFO     | src.models.evaluation:evaluate_tsb_ad_nonoverlapping:66 - Anomaly (793) reconstruction error: mean=0.2431, std=0.3171
2026-02-08 16:55:24.612 | INFO     | src.models.evaluation:evaluate_tsb_ad_nonoverlapping:67 - Overlap? Normal max=0.8178, Anomaly min=0.0000
2026-02-08 16:55:26.602 | INFO     | src.models.evaluation:evaluate_tsb_ad_nonoverlapping:83 - {'AUC-PR': 0.3386976426943299, 'AUC-ROC': 0.7724390345464808, 'VUS-PR': np.float64(0.25292334288414514), 'VUS-ROC': np.float64(0.7687410148850649), 'Standard-F1': np.float64(0.42769853039584227), 'PA-F1': 0.8721910112359551, 'Event-based-F1': np.float64(0.5982905982905977), 'R-based-F1': 0.295158911095556, 'Affiliation-F': 0.8196398757843633}
2026-02-08 16:55:26.763 | INFO     | src.pipelines.train_vision_backbones:run_pipeline:170 - Train images: 36
2026-02-08 16:55:26.764 | INFO     | src.pipelines.train_vision_backbones:run_pipeline:171 - Test images: 2320
2026-02-08 16:55:27.713 | INFO     | src.pipelines.train_vision_backbones:run_pipeline:176 - Training pvt_autoencoder_differential_lr on GASF
2026-02-08 16:55:27.738 | INFO     | src.models.pvt_autoencoder.training:train_pvt_autoencoder_differential_lr:267 - Device: cuda | Model on: cuda:0
2026-02-08 16:56:04.223 | INFO     | src.pipelines.train_vision_backbones:run_pipeline:193 - Evaluating pvt_autoencoder_differential_lr on GASF
2026-02-08 16:56:35.095 | INFO     | src.models.evaluation:evaluate_tsb_ad_nonoverlapping:65 - Normal (22410) reconstruction error: mean=0.0096, std=0.0623
2026-02-08 16:56:35.095 | INFO     | src.models.evaluation:evaluate_tsb_ad_nonoverlapping:66 - Anomaly (793) reconstruction error: mean=0.2322, std=0.2986
2026-02-08 16:56:35.095 | INFO     | src.models.evaluation:evaluate_tsb_ad_nonoverlapping:67 - Overlap? Normal max=0.7653, Anomaly min=0.0000
2026-02-08 16:56:37.109 | INFO     | src.models.evaluation:evaluate_tsb_ad_nonoverlapping:83 - {'AUC-PR': 0.33518141882787117, 'AUC-ROC': 0.7606759671444641, 'VUS-PR': np.float64(0.24635807101763288), 'VUS-ROC': np.float64(0.7608798310515553), 'Standard-F1': np.float64(0.45011913317936947), 'PA-F1': 0.8657534246575342, 'Event-based-F1': np.float64(0.6467065868263469), 'R-based-F1': 0.3864069128094218, 'Affiliation-F': 0.7279395348108026}
2026-02-08 16:56:37.774 | INFO     | src.pipelines.train_vision_backbones:run_pipeline:70 - Using zip: /net/scratch/hscra/plgrid/plgsmendowski12/ts2i_images/SMD/188_SMD_id_11_Facility_tr_500_1st_392_ts2i_GADF.zip for transformation GADF
2026-02-08 16:56:40.529 | INFO     | src.pipelines.train_vision_backbones:run_pipeline:170 - Train images: 36
2026-02-08 16:56:40.530 | INFO     | src.pipelines.train_vision_backbones:run_pipeline:171 - Test images: 2320
2026-02-08 16:56:40.536 | INFO     | src.pipelines.train_vision_backbones:run_pipeline:176 - Training cnn_autoencoder on GADF
2026-02-08 16:56:40.541 | INFO     | src.models.cnn_autoencoder.training:train_autoencoder:22 - Device: cuda | Model on: cuda:0
2026-02-08 16:56:42.977 | INFO     | src.pipelines.train_vision_backbones:run_pipeline:193 - Evaluating cnn_autoencoder on GADF
2026-02-08 16:56:45.249 | INFO     | src.models.evaluation:evaluate_tsb_ad_nonoverlapping:65 - Normal (22410) reconstruction error: mean=0.0010, std=0.0237
2026-02-08 16:56:45.250 | INFO     | src.models.evaluation:evaluate_tsb_ad_nonoverlapping:66 - Anomaly (793) reconstruction error: mean=0.1395, std=0.2871
2026-02-08 16:56:45.250 | INFO     | src.models.evaluation:evaluate_tsb_ad_nonoverlapping:67 - Overlap? Normal max=0.8632, Anomaly min=0.0000
2026-02-08 16:56:47.119 | INFO     | src.models.evaluation:evaluate_tsb_ad_nonoverlapping:83 - {'AUC-PR': 0.22097950468488595, 'AUC-ROC': 0.5403672979714853, 'VUS-PR': np.float64(0.1082947830869127), 'VUS-ROC': np.float64(0.47946408228202525), 'Standard-F1': np.float64(0.3499476385616957), 'PA-F1': 0.8721910112359551, 'Event-based-F1': np.float64(0.609137055837563), 'R-based-F1': 0.3283754799702953, 'Affiliation-F': 0.666183592739935}
2026-02-08 16:56:47.271 | INFO     | src.pipelines.train_vision_backbones:run_pipeline:170 - Train images: 36
2026-02-08 16:56:47.272 | INFO     | src.pipelines.train_vision_backbones:run_pipeline:171 - Test images: 2320
2026-02-08 16:56:47.490 | INFO     | src.pipelines.train_vision_backbones:run_pipeline:176 - Training resnet18_autoencoder_frozen on GADF
2026-02-08 16:56:47.506 | INFO     | src.models.resnet18_autoencoder.training:train_autoencoder_frozen:25 - Device: cuda | Model on: cuda:0
2026-02-08 16:56:49.434 | INFO     | src.pipelines.train_vision_backbones:run_pipeline:193 - Evaluating resnet18_autoencoder_frozen on GADF
2026-02-08 16:56:51.574 | INFO     | src.models.evaluation:evaluate_tsb_ad_nonoverlapping:65 - Normal (22410) reconstruction error: mean=0.0010, std=0.0237
2026-02-08 16:56:51.575 | INFO     | src.models.evaluation:evaluate_tsb_ad_nonoverlapping:66 - Anomaly (793) reconstruction error: mean=0.1396, std=0.2871
2026-02-08 16:56:51.575 | INFO     | src.models.evaluation:evaluate_tsb_ad_nonoverlapping:67 - Overlap? Normal max=0.8632, Anomaly min=0.0000
2026-02-08 16:56:53.389 | INFO     | src.models.evaluation:evaluate_tsb_ad_nonoverlapping:83 - {'AUC-PR': 0.3360631600240335, 'AUC-ROC': 0.683245212881792, 'VUS-PR': np.float64(0.22939794986936057), 'VUS-ROC': np.float64(0.6184748139056357), 'Standard-F1': np.float64(0.5082350807375668), 'PA-F1': 0.8888888888888888, 'Event-based-F1': np.float64(0.7142608392826043), 'R-based-F1': 0.5049578513158287, 'Affiliation-F': 0.7999655854480032}
2026-02-08 16:56:53.647 | INFO     | src.pipelines.train_vision_backbones:run_pipeline:170 - Train images: 36
2026-02-08 16:56:53.648 | INFO     | src.pipelines.train_vision_backbones:run_pipeline:171 - Test images: 2320
2026-02-08 16:56:53.866 | INFO     | src.pipelines.train_vision_backbones:run_pipeline:176 - Training resnet18_autoencoder_progressive_unfreeze on GADF
2026-02-08 16:56:53.881 | INFO     | src.models.resnet18_autoencoder.training:train_autoencoder_progressive_unfreeze:133 - Device: cuda | Model on: cuda:0
2026-02-08 16:56:55.817 | INFO     | src.pipelines.train_vision_backbones:run_pipeline:193 - Evaluating resnet18_autoencoder_progressive_unfreeze on GADF
2026-02-08 16:56:57.932 | INFO     | src.models.evaluation:evaluate_tsb_ad_nonoverlapping:65 - Normal (22410) reconstruction error: mean=0.0010, std=0.0237
2026-02-08 16:56:57.933 | INFO     | src.models.evaluation:evaluate_tsb_ad_nonoverlapping:66 - Anomaly (793) reconstruction error: mean=0.1395, std=0.2871
2026-02-08 16:56:57.933 | INFO     | src.models.evaluation:evaluate_tsb_ad_nonoverlapping:67 - Overlap? Normal max=0.8631, Anomaly min=0.0000
2026-02-08 16:56:59.805 | INFO     | src.models.evaluation:evaluate_tsb_ad_nonoverlapping:83 - {'AUC-PR': 0.22097950468488595, 'AUC-ROC': 0.5403672979714853, 'VUS-PR': np.float64(0.1082947830869127), 'VUS-ROC': np.float64(0.47946408228202525), 'Standard-F1': np.float64(0.3499476385616957), 'PA-F1': 0.8721910112359551, 'Event-based-F1': np.float64(0.609137055837563), 'R-based-F1': 0.3283754799702953, 'Affiliation-F': 0.666183592739935}
2026-02-08 16:56:59.958 | INFO     | src.pipelines.train_vision_backbones:run_pipeline:170 - Train images: 36
2026-02-08 16:56:59.958 | INFO     | src.pipelines.train_vision_backbones:run_pipeline:171 - Test images: 2320
2026-02-08 16:57:00.177 | INFO     | src.pipelines.train_vision_backbones:run_pipeline:176 - Training resnet18_autoencoder_differential_lr on GADF
2026-02-08 16:57:00.192 | INFO     | src.models.resnet18_autoencoder.training:train_autoencoder_differential_lr:271 - Device: cuda | Model on: cuda:0
2026-02-08 16:57:02.341 | INFO     | src.pipelines.train_vision_backbones:run_pipeline:193 - Evaluating resnet18_autoencoder_differential_lr on GADF
2026-02-08 16:57:04.453 | INFO     | src.models.evaluation:evaluate_tsb_ad_nonoverlapping:65 - Normal (22410) reconstruction error: mean=0.0010, std=0.0237
2026-02-08 16:57:04.453 | INFO     | src.models.evaluation:evaluate_tsb_ad_nonoverlapping:66 - Anomaly (793) reconstruction error: mean=0.1395, std=0.2871
2026-02-08 16:57:04.453 | INFO     | src.models.evaluation:evaluate_tsb_ad_nonoverlapping:67 - Overlap? Normal max=0.8633, Anomaly min=0.0000
2026-02-08 16:57:06.258 | INFO     | src.models.evaluation:evaluate_tsb_ad_nonoverlapping:83 - {'AUC-PR': 0.3367462201333231, 'AUC-ROC': 0.6832508399859772, 'VUS-PR': np.float64(0.22939794986936057), 'VUS-ROC': np.float64(0.6184748139056357), 'Standard-F1': np.float64(0.5082350807375668), 'PA-F1': 0.8888888888888888, 'Event-based-F1': np.float64(0.7142608392826043), 'R-based-F1': 0.5049578513158287, 'Affiliation-F': 0.7999655854480032}
2026-02-08 16:57:06.412 | INFO     | src.pipelines.train_vision_backbones:run_pipeline:170 - Train images: 36
2026-02-08 16:57:06.412 | INFO     | src.pipelines.train_vision_backbones:run_pipeline:171 - Test images: 2320
2026-02-08 16:57:07.368 | INFO     | src.pipelines.train_vision_backbones:run_pipeline:176 - Training pvt_autoencoder_frozen on GADF
2026-02-08 16:57:07.395 | INFO     | src.models.pvt_autoencoder.training:train_pvt_autoencoder_frozen:24 - Device: cuda | Model on: cuda:0
2026-02-08 16:57:09.642 | INFO     | src.pipelines.train_vision_backbones:run_pipeline:193 - Evaluating pvt_autoencoder_frozen on GADF
2026-02-08 16:57:11.384 | INFO     | src.models.evaluation:evaluate_tsb_ad_nonoverlapping:65 - Normal (22410) reconstruction error: mean=0.0010, std=0.0238
2026-02-08 16:57:11.384 | INFO     | src.models.evaluation:evaluate_tsb_ad_nonoverlapping:66 - Anomaly (793) reconstruction error: mean=0.1396, std=0.2871
2026-02-08 16:57:11.384 | INFO     | src.models.evaluation:evaluate_tsb_ad_nonoverlapping:67 - Overlap? Normal max=0.8634, Anomaly min=0.0000
2026-02-08 16:57:13.223 | INFO     | src.models.evaluation:evaluate_tsb_ad_nonoverlapping:83 - {'AUC-PR': 0.3360631600240335, 'AUC-ROC': 0.683245212881792, 'VUS-PR': np.float64(0.22939794986936057), 'VUS-ROC': np.float64(0.6184748139056357), 'Standard-F1': np.float64(0.5082350807375668), 'PA-F1': 0.8888888888888888, 'Event-based-F1': np.float64(0.7142608392826043), 'R-based-F1': 0.5049578513158287, 'Affiliation-F': 0.7999655854480032}
2026-02-08 16:57:13.379 | INFO     | src.pipelines.train_vision_backbones:run_pipeline:170 - Train images: 36
2026-02-08 16:57:13.379 | INFO     | src.pipelines.train_vision_backbones:run_pipeline:171 - Test images: 2320
2026-02-08 16:57:14.335 | INFO     | src.pipelines.train_vision_backbones:run_pipeline:176 - Training pvt_autoencoder_progressive_unfreeze on GADF
2026-02-08 16:57:14.361 | INFO     | src.models.pvt_autoencoder.training:train_pvt_autoencoder_progressive_unfreeze:132 - Device: cuda | Model on: cuda:0
2026-02-08 16:57:17.301 | INFO     | src.pipelines.train_vision_backbones:run_pipeline:193 - Evaluating pvt_autoencoder_progressive_unfreeze on GADF
2026-02-08 16:57:18.886 | INFO     | src.models.evaluation:evaluate_tsb_ad_nonoverlapping:65 - Normal (22410) reconstruction error: mean=0.0010, std=0.0238
2026-02-08 16:57:18.887 | INFO     | src.models.evaluation:evaluate_tsb_ad_nonoverlapping:66 - Anomaly (793) reconstruction error: mean=0.1396, std=0.2872
2026-02-08 16:57:18.887 | INFO     | src.models.evaluation:evaluate_tsb_ad_nonoverlapping:67 - Overlap? Normal max=0.8631, Anomaly min=0.0000
2026-02-08 16:57:20.681 | INFO     | src.models.evaluation:evaluate_tsb_ad_nonoverlapping:83 - {'AUC-PR': 0.3360631600240335, 'AUC-ROC': 0.683245212881792, 'VUS-PR': np.float64(0.22939794986936057), 'VUS-ROC': np.float64(0.6184748139056357), 'Standard-F1': np.float64(0.5082350807375668), 'PA-F1': 0.8888888888888888, 'Event-based-F1': np.float64(0.7142608392826043), 'R-based-F1': 0.5049578513158287, 'Affiliation-F': 0.7999655854480032}
2026-02-08 16:57:20.832 | INFO     | src.pipelines.train_vision_backbones:run_pipeline:170 - Train images: 36
2026-02-08 16:57:20.832 | INFO     | src.pipelines.train_vision_backbones:run_pipeline:171 - Test images: 2320
2026-02-08 16:57:21.799 | INFO     | src.pipelines.train_vision_backbones:run_pipeline:176 - Training pvt_autoencoder_differential_lr on GADF
2026-02-08 16:57:21.826 | INFO     | src.models.pvt_autoencoder.training:train_pvt_autoencoder_differential_lr:267 - Device: cuda | Model on: cuda:0
2026-02-08 16:57:24.455 | INFO     | src.pipelines.train_vision_backbones:run_pipeline:193 - Evaluating pvt_autoencoder_differential_lr on GADF
2026-02-08 16:57:25.999 | INFO     | src.models.evaluation:evaluate_tsb_ad_nonoverlapping:65 - Normal (22410) reconstruction error: mean=0.0010, std=0.0237
2026-02-08 16:57:25.999 | INFO     | src.models.evaluation:evaluate_tsb_ad_nonoverlapping:66 - Anomaly (793) reconstruction error: mean=0.1396, std=0.2871
2026-02-08 16:57:26.000 | INFO     | src.models.evaluation:evaluate_tsb_ad_nonoverlapping:67 - Overlap? Normal max=0.8633, Anomaly min=0.0000
2026-02-08 16:57:27.870 | INFO     | src.models.evaluation:evaluate_tsb_ad_nonoverlapping:83 - {'AUC-PR': 0.22097950468488595, 'AUC-ROC': 0.5403672979714853, 'VUS-PR': np.float64(0.1082947830869127), 'VUS-ROC': np.float64(0.47946408228202525), 'Standard-F1': np.float64(0.3499476385616957), 'PA-F1': 0.8721910112359551, 'Event-based-F1': np.float64(0.609137055837563), 'R-based-F1': 0.3283754799702953, 'Affiliation-F': 0.666183592739935}
2026-02-08 16:57:29.071 | INFO     | src.pipelines.train_vision_backbones:run_pipeline:70 - Using zip: /net/scratch/hscra/plgrid/plgsmendowski12/ts2i_images/SMD/188_SMD_id_11_Facility_tr_500_1st_392_ts2i_MTF.zip for transformation MTF
2026-02-08 16:57:31.665 | INFO     | src.pipelines.train_vision_backbones:run_pipeline:170 - Train images: 36
2026-02-08 16:57:31.665 | INFO     | src.pipelines.train_vision_backbones:run_pipeline:171 - Test images: 2320
2026-02-08 16:57:31.672 | INFO     | src.pipelines.train_vision_backbones:run_pipeline:176 - Training cnn_autoencoder on MTF
2026-02-08 16:57:31.677 | INFO     | src.models.cnn_autoencoder.training:train_autoencoder:22 - Device: cuda | Model on: cuda:0
2026-02-08 16:57:54.712 | INFO     | src.pipelines.train_vision_backbones:run_pipeline:193 - Evaluating cnn_autoencoder on MTF
2026-02-08 16:57:56.657 | INFO     | src.models.evaluation:evaluate_tsb_ad_nonoverlapping:65 - Normal (22410) reconstruction error: mean=0.0098, std=0.0331
2026-02-08 16:57:56.658 | INFO     | src.models.evaluation:evaluate_tsb_ad_nonoverlapping:66 - Anomaly (793) reconstruction error: mean=0.1642, std=0.2471
2026-02-08 16:57:56.658 | INFO     | src.models.evaluation:evaluate_tsb_ad_nonoverlapping:67 - Overlap? Normal max=0.5318, Anomaly min=0.0032
2026-02-08 16:57:58.631 | INFO     | src.models.evaluation:evaluate_tsb_ad_nonoverlapping:83 - {'AUC-PR': 0.3593915624433938, 'AUC-ROC': 0.7752842109646376, 'VUS-PR': np.float64(0.2427528034169155), 'VUS-ROC': np.float64(0.7484118556618976), 'Standard-F1': np.float64(0.4197702065041053), 'PA-F1': 0.8601108033240997, 'Event-based-F1': np.float64(0.6131386861313863), 'R-based-F1': 0.33481738715015036, 'Affiliation-F': 0.8147080843798599}
2026-02-08 16:57:58.790 | INFO     | src.pipelines.train_vision_backbones:run_pipeline:170 - Train images: 36
2026-02-08 16:57:58.790 | INFO     | src.pipelines.train_vision_backbones:run_pipeline:171 - Test images: 2320
2026-02-08 16:57:59.012 | INFO     | src.pipelines.train_vision_backbones:run_pipeline:176 - Training resnet18_autoencoder_frozen on MTF
2026-02-08 16:57:59.028 | INFO     | src.models.resnet18_autoencoder.training:train_autoencoder_frozen:25 - Device: cuda | Model on: cuda:0
2026-02-08 16:58:12.484 | INFO     | src.pipelines.train_vision_backbones:run_pipeline:193 - Evaluating resnet18_autoencoder_frozen on MTF
2026-02-08 16:58:14.622 | INFO     | src.models.evaluation:evaluate_tsb_ad_nonoverlapping:65 - Normal (22410) reconstruction error: mean=0.2430, std=0.0389
2026-02-08 16:58:14.622 | INFO     | src.models.evaluation:evaluate_tsb_ad_nonoverlapping:66 - Anomaly (793) reconstruction error: mean=0.2887, std=0.1567
2026-02-08 16:58:14.622 | INFO     | src.models.evaluation:evaluate_tsb_ad_nonoverlapping:67 - Overlap? Normal max=0.4533, Anomaly min=0.0000
2026-02-08 16:58:18.076 | INFO     | src.models.evaluation:evaluate_tsb_ad_nonoverlapping:83 - {'AUC-PR': 0.23660403571152624, 'AUC-ROC': 0.533457607929265, 'VUS-PR': np.float64(0.13418465358964038), 'VUS-ROC': np.float64(0.4575378713819907), 'Standard-F1': np.float64(0.3657477928066245), 'PA-F1': 0.8426051560379919, 'Event-based-F1': np.float64(0.5821495577593133), 'R-based-F1': 0.33615347486990677, 'Affiliation-F': 0.7287577941784806}
2026-02-08 16:58:18.231 | INFO     | src.pipelines.train_vision_backbones:run_pipeline:170 - Train images: 36
2026-02-08 16:58:18.231 | INFO     | src.pipelines.train_vision_backbones:run_pipeline:171 - Test images: 2320
2026-02-08 16:58:18.449 | INFO     | src.pipelines.train_vision_backbones:run_pipeline:176 - Training resnet18_autoencoder_progressive_unfreeze on MTF
2026-02-08 16:58:18.464 | INFO     | src.models.resnet18_autoencoder.training:train_autoencoder_progressive_unfreeze:133 - Device: cuda | Model on: cuda:0
2026-02-08 16:59:00.791 | INFO     | src.pipelines.train_vision_backbones:run_pipeline:193 - Evaluating resnet18_autoencoder_progressive_unfreeze on MTF
2026-02-08 16:59:10.963 | INFO     | src.models.evaluation:evaluate_tsb_ad_nonoverlapping:65 - Normal (22410) reconstruction error: mean=0.0069, std=0.0248
2026-02-08 16:59:10.964 | INFO     | src.models.evaluation:evaluate_tsb_ad_nonoverlapping:66 - Anomaly (793) reconstruction error: mean=0.1581, std=0.2382
2026-02-08 16:59:10.964 | INFO     | src.models.evaluation:evaluate_tsb_ad_nonoverlapping:67 - Overlap? Normal max=0.5251, Anomaly min=0.0000
2026-02-08 16:59:12.872 | INFO     | src.models.evaluation:evaluate_tsb_ad_nonoverlapping:83 - {'AUC-PR': 0.3523991205059732, 'AUC-ROC': 0.6407520230846322, 'VUS-PR': np.float64(0.1942594050689322), 'VUS-ROC': np.float64(0.5151314271097892), 'Standard-F1': np.float64(0.45399394179230623), 'PA-F1': 0.8721910112359551, 'Event-based-F1': np.float64(0.618266978922716), 'R-based-F1': 0.3341064386452936, 'Affiliation-F': 0.7639980335499442}
2026-02-08 16:59:13.029 | INFO     | src.pipelines.train_vision_backbones:run_pipeline:170 - Train images: 36
2026-02-08 16:59:13.029 | INFO     | src.pipelines.train_vision_backbones:run_pipeline:171 - Test images: 2320
2026-02-08 16:59:13.246 | INFO     | src.pipelines.train_vision_backbones:run_pipeline:176 - Training resnet18_autoencoder_differential_lr on MTF
2026-02-08 16:59:13.262 | INFO     | src.models.resnet18_autoencoder.training:train_autoencoder_differential_lr:271 - Device: cuda | Model on: cuda:0
2026-02-08 16:59:44.773 | INFO     | src.pipelines.train_vision_backbones:run_pipeline:193 - Evaluating resnet18_autoencoder_differential_lr on MTF
2026-02-08 17:00:07.128 | INFO     | src.models.evaluation:evaluate_tsb_ad_nonoverlapping:65 - Normal (22410) reconstruction error: mean=0.0124, std=0.0210
2026-02-08 17:00:07.128 | INFO     | src.models.evaluation:evaluate_tsb_ad_nonoverlapping:66 - Anomaly (793) reconstruction error: mean=0.1702, std=0.2554
2026-02-08 17:00:07.128 | INFO     | src.models.evaluation:evaluate_tsb_ad_nonoverlapping:67 - Overlap? Normal max=0.4933, Anomaly min=0.0000
2026-02-08 17:00:09.032 | INFO     | src.models.evaluation:evaluate_tsb_ad_nonoverlapping:83 - {'AUC-PR': 0.3799134298850162, 'AUC-ROC': 0.6419125570518025, 'VUS-PR': np.float64(0.2097391209435136), 'VUS-ROC': np.float64(0.5157665608201794), 'Standard-F1': np.float64(0.5095884822589695), 'PA-F1': 0.8783592644978784, 'Event-based-F1': np.float64(0.6525582641307255), 'R-based-F1': 0.40885163219959403, 'Affiliation-F': 0.7554751968561526}
2026-02-08 17:00:09.188 | INFO     | src.pipelines.train_vision_backbones:run_pipeline:170 - Train images: 36
2026-02-08 17:00:09.188 | INFO     | src.pipelines.train_vision_backbones:run_pipeline:171 - Test images: 2320
2026-02-08 17:00:10.133 | INFO     | src.pipelines.train_vision_backbones:run_pipeline:176 - Training pvt_autoencoder_frozen on MTF
2026-02-08 17:00:10.157 | INFO     | src.models.pvt_autoencoder.training:train_pvt_autoencoder_frozen:24 - Device: cuda | Model on: cuda:0
2026-02-08 17:00:43.381 | INFO     | src.pipelines.train_vision_backbones:run_pipeline:193 - Evaluating pvt_autoencoder_frozen on MTF
2026-02-08 17:01:01.172 | INFO     | src.models.evaluation:evaluate_tsb_ad_nonoverlapping:65 - Normal (22410) reconstruction error: mean=0.0170, std=0.0275
2026-02-08 17:01:01.172 | INFO     | src.models.evaluation:evaluate_tsb_ad_nonoverlapping:66 - Anomaly (793) reconstruction error: mean=0.1701, std=0.2485
2026-02-08 17:01:01.173 | INFO     | src.models.evaluation:evaluate_tsb_ad_nonoverlapping:67 - Overlap? Normal max=0.7606, Anomaly min=0.0000
2026-02-08 17:01:03.156 | INFO     | src.models.evaluation:evaluate_tsb_ad_nonoverlapping:83 - {'AUC-PR': 0.38691086790832296, 'AUC-ROC': 0.7273987360398578, 'VUS-PR': np.float64(0.2568417823316522), 'VUS-ROC': np.float64(0.6311031025266213), 'Standard-F1': np.float64(0.48203443039804156), 'PA-F1': 0.8721910112359551, 'Event-based-F1': np.float64(0.6122448979591831), 'R-based-F1': 0.30027775407591634, 'Affiliation-F': 0.7435263249129302}
2026-02-08 17:01:03.313 | INFO     | src.pipelines.train_vision_backbones:run_pipeline:170 - Train images: 36
2026-02-08 17:01:03.313 | INFO     | src.pipelines.train_vision_backbones:run_pipeline:171 - Test images: 2320
2026-02-08 17:01:04.611 | INFO     | src.pipelines.train_vision_backbones:run_pipeline:176 - Training pvt_autoencoder_progressive_unfreeze on MTF
2026-02-08 17:01:04.637 | INFO     | src.models.pvt_autoencoder.training:train_pvt_autoencoder_progressive_unfreeze:132 - Device: cuda | Model on: cuda:0
2026-02-08 17:01:57.193 | INFO     | src.pipelines.train_vision_backbones:run_pipeline:193 - Evaluating pvt_autoencoder_progressive_unfreeze on MTF
2026-02-08 17:02:19.595 | INFO     | src.models.evaluation:evaluate_tsb_ad_nonoverlapping:65 - Normal (22410) reconstruction error: mean=0.0062, std=0.0328
2026-02-08 17:02:19.596 | INFO     | src.models.evaluation:evaluate_tsb_ad_nonoverlapping:66 - Anomaly (793) reconstruction error: mean=0.1966, std=0.2745
2026-02-08 17:02:19.596 | INFO     | src.models.evaluation:evaluate_tsb_ad_nonoverlapping:67 - Overlap? Normal max=0.6613, Anomaly min=0.0000
2026-02-08 17:02:21.552 | INFO     | src.models.evaluation:evaluate_tsb_ad_nonoverlapping:83 - {'AUC-PR': 0.3966509743207531, 'AUC-ROC': 0.6891312764016694, 'VUS-PR': np.float64(0.2599370158347633), 'VUS-ROC': np.float64(0.6644644926432971), 'Standard-F1': np.float64(0.5130594600746957), 'PA-F1': 0.8721910112359551, 'Event-based-F1': np.float64(0.6486486486486481), 'R-based-F1': 0.39681617486227344, 'Affiliation-F': 0.8147080843798599}
2026-02-08 17:02:21.709 | INFO     | src.pipelines.train_vision_backbones:run_pipeline:170 - Train images: 36
2026-02-08 17:02:21.710 | INFO     | src.pipelines.train_vision_backbones:run_pipeline:171 - Test images: 2320
2026-02-08 17:02:22.662 | INFO     | src.pipelines.train_vision_backbones:run_pipeline:176 - Training pvt_autoencoder_differential_lr on MTF
2026-02-08 17:02:22.688 | INFO     | src.models.pvt_autoencoder.training:train_pvt_autoencoder_differential_lr:267 - Device: cuda | Model on: cuda:0
2026-02-08 17:02:58.746 | INFO     | src.pipelines.train_vision_backbones:run_pipeline:193 - Evaluating pvt_autoencoder_differential_lr on MTF
2026-02-08 17:03:19.827 | INFO     | src.models.evaluation:evaluate_tsb_ad_nonoverlapping:65 - Normal (22410) reconstruction error: mean=0.0056, std=0.0214
2026-02-08 17:03:19.828 | INFO     | src.models.evaluation:evaluate_tsb_ad_nonoverlapping:66 - Anomaly (793) reconstruction error: mean=0.1605, std=0.2585
2026-02-08 17:03:19.828 | INFO     | src.models.evaluation:evaluate_tsb_ad_nonoverlapping:67 - Overlap? Normal max=0.6458, Anomaly min=0.0000
2026-02-08 17:03:21.731 | INFO     | src.models.evaluation:evaluate_tsb_ad_nonoverlapping:83 - {'AUC-PR': 0.4130977500628704, 'AUC-ROC': 0.7805891634353023, 'VUS-PR': np.float64(0.2797694345782603), 'VUS-ROC': np.float64(0.7172755867291537), 'Standard-F1': np.float64(0.47275329619751283), 'PA-F1': 0.8721910112359551, 'Event-based-F1': np.float64(0.6601737299289282), 'R-based-F1': 0.38372425172187313, 'Affiliation-F': 0.8040497757826709}
2026-02-08 17:03:22.705 | INFO     | src.pipelines.train_vision_backbones:run_pipeline:70 - Using zip: /net/scratch/hscra/plgrid/plgsmendowski12/ts2i_images/SMD/188_SMD_id_11_Facility_tr_500_1st_392_ts2i_RP.zip for transformation RP
2026-02-08 17:03:26.458 | INFO     | src.pipelines.train_vision_backbones:run_pipeline:170 - Train images: 36
2026-02-08 17:03:26.459 | INFO     | src.pipelines.train_vision_backbones:run_pipeline:171 - Test images: 2320
2026-02-08 17:03:26.465 | INFO     | src.pipelines.train_vision_backbones:run_pipeline:176 - Training cnn_autoencoder on RP
2026-02-08 17:03:26.470 | INFO     | src.models.cnn_autoencoder.training:train_autoencoder:22 - Device: cuda | Model on: cuda:0
2026-02-08 17:03:49.043 | INFO     | src.pipelines.train_vision_backbones:run_pipeline:193 - Evaluating cnn_autoencoder on RP
2026-02-08 17:03:52.430 | INFO     | src.models.evaluation:evaluate_tsb_ad_nonoverlapping:65 - Normal (22410) reconstruction error: mean=0.0000, std=0.0000
2026-02-08 17:03:52.430 | INFO     | src.models.evaluation:evaluate_tsb_ad_nonoverlapping:66 - Anomaly (793) reconstruction error: mean=0.0000, std=0.0000
2026-02-08 17:03:52.430 | INFO     | src.models.evaluation:evaluate_tsb_ad_nonoverlapping:67 - Overlap? Normal max=0.0000, Anomaly min=0.0000
2026-02-08 17:04:00.708 | INFO     | src.models.evaluation:evaluate_tsb_ad_nonoverlapping:83 - {'AUC-PR': 0.02925642611514665, 'AUC-ROC': 0.40956253203932447, 'VUS-PR': np.float64(0.030851573034019673), 'VUS-ROC': np.float64(0.4094195790770438), 'Standard-F1': np.float64(0.06609370996318041), 'PA-F1': 0.05738941018766756, 'Event-based-F1': np.float64(0.05445493786300954), 'R-based-F1': 0.0020958426712634945, 'Affiliation-F': 0.6652419587320745}
2026-02-08 17:04:00.868 | INFO     | src.pipelines.train_vision_backbones:run_pipeline:170 - Train images: 36
2026-02-08 17:04:00.868 | INFO     | src.pipelines.train_vision_backbones:run_pipeline:171 - Test images: 2320
2026-02-08 17:04:01.084 | INFO     | src.pipelines.train_vision_backbones:run_pipeline:176 - Training resnet18_autoencoder_frozen on RP
2026-02-08 17:04:01.100 | INFO     | src.models.resnet18_autoencoder.training:train_autoencoder_frozen:25 - Device: cuda | Model on: cuda:0
2026-02-08 17:04:28.607 | INFO     | src.pipelines.train_vision_backbones:run_pipeline:193 - Evaluating resnet18_autoencoder_frozen on RP
2026-02-08 17:04:47.491 | INFO     | src.models.evaluation:evaluate_tsb_ad_nonoverlapping:65 - Normal (22410) reconstruction error: mean=0.9993, std=0.0267
2026-02-08 17:04:47.491 | INFO     | src.models.evaluation:evaluate_tsb_ad_nonoverlapping:66 - Anomaly (793) reconstruction error: mean=0.8184, std=0.3855
2026-02-08 17:04:47.491 | INFO     | src.models.evaluation:evaluate_tsb_ad_nonoverlapping:67 - Overlap? Normal max=1.0000, Anomaly min=0.0000
2026-02-08 17:04:55.711 | INFO     | src.models.evaluation:evaluate_tsb_ad_nonoverlapping:83 - {'AUC-PR': 0.02925642611514665, 'AUC-ROC': 0.40956253203932447, 'VUS-PR': np.float64(0.030851573034019673), 'VUS-ROC': np.float64(0.4094195790770438), 'Standard-F1': np.float64(0.06609370996318041), 'PA-F1': 0.05738941018766756, 'Event-based-F1': np.float64(0.05445493786300954), 'R-based-F1': 0.0020958426712634945, 'Affiliation-F': 0.6652419587320745}
2026-02-08 17:04:55.869 | INFO     | src.pipelines.train_vision_backbones:run_pipeline:170 - Train images: 36
2026-02-08 17:04:55.869 | INFO     | src.pipelines.train_vision_backbones:run_pipeline:171 - Test images: 2320
2026-02-08 17:04:56.079 | INFO     | src.pipelines.train_vision_backbones:run_pipeline:176 - Training resnet18_autoencoder_progressive_unfreeze on RP
2026-02-08 17:04:56.092 | INFO     | src.models.resnet18_autoencoder.training:train_autoencoder_progressive_unfreeze:133 - Device: cuda | Model on: cuda:0
2026-02-08 17:05:19.131 | INFO     | src.pipelines.train_vision_backbones:run_pipeline:193 - Evaluating resnet18_autoencoder_progressive_unfreeze on RP
2026-02-08 17:05:41.588 | INFO     | src.models.evaluation:evaluate_tsb_ad_nonoverlapping:65 - Normal (22410) reconstruction error: mean=0.9993, std=0.0267
2026-02-08 17:05:41.588 | INFO     | src.models.evaluation:evaluate_tsb_ad_nonoverlapping:66 - Anomaly (793) reconstruction error: mean=0.8184, std=0.3855
2026-02-08 17:05:41.588 | INFO     | src.models.evaluation:evaluate_tsb_ad_nonoverlapping:67 - Overlap? Normal max=1.0000, Anomaly min=0.0000
2026-02-08 17:05:49.788 | INFO     | src.models.evaluation:evaluate_tsb_ad_nonoverlapping:83 - {'AUC-PR': 0.02925642611514665, 'AUC-ROC': 0.40956253203932447, 'VUS-PR': np.float64(0.030851573034019673), 'VUS-ROC': np.float64(0.4094195790770438), 'Standard-F1': np.float64(0.06609370996318041), 'PA-F1': 0.05738941018766756, 'Event-based-F1': np.float64(0.05445493786300954), 'R-based-F1': 0.0020958426712634945, 'Affiliation-F': 0.6652419587320745}
2026-02-08 17:05:49.943 | INFO     | src.pipelines.train_vision_backbones:run_pipeline:170 - Train images: 36
2026-02-08 17:05:49.944 | INFO     | src.pipelines.train_vision_backbones:run_pipeline:171 - Test images: 2320
2026-02-08 17:05:50.149 | INFO     | src.pipelines.train_vision_backbones:run_pipeline:176 - Training resnet18_autoencoder_differential_lr on RP
2026-02-08 17:05:50.162 | INFO     | src.models.resnet18_autoencoder.training:train_autoencoder_differential_lr:271 - Device: cuda | Model on: cuda:0
2026-02-08 17:06:12.531 | INFO     | src.pipelines.train_vision_backbones:run_pipeline:193 - Evaluating resnet18_autoencoder_differential_lr on RP
2026-02-08 17:06:31.887 | INFO     | src.models.evaluation:evaluate_tsb_ad_nonoverlapping:65 - Normal (22410) reconstruction error: mean=0.0007, std=0.0267
2026-02-08 17:06:31.887 | INFO     | src.models.evaluation:evaluate_tsb_ad_nonoverlapping:66 - Anomaly (793) reconstruction error: mean=0.1816, std=0.3855
2026-02-08 17:06:31.887 | INFO     | src.models.evaluation:evaluate_tsb_ad_nonoverlapping:67 - Overlap? Normal max=1.0000, Anomaly min=0.0000
2026-02-08 17:06:33.663 | INFO     | src.models.evaluation:evaluate_tsb_ad_nonoverlapping:83 - {'AUC-PR': 0.19140053366365256, 'AUC-ROC': 0.5904374679606755, 'VUS-PR': np.float64(0.08187371778274866), 'VUS-ROC': np.float64(0.5257804023732251), 'Standard-F1': np.float64(0.30220077363631226), 'PA-F1': 0.3371017471736896, 'Event-based-F1': np.float64(0.4186046511627903), 'R-based-F1': 0.3779074545902852, 'Affiliation-F': 0.42688945958024915}
2026-02-08 17:06:33.821 | INFO     | src.pipelines.train_vision_backbones:run_pipeline:170 - Train images: 36
2026-02-08 17:06:33.821 | INFO     | src.pipelines.train_vision_backbones:run_pipeline:171 - Test images: 2320
2026-02-08 17:06:34.769 | INFO     | src.pipelines.train_vision_backbones:run_pipeline:176 - Training pvt_autoencoder_frozen on RP
2026-02-08 17:06:34.793 | INFO     | src.models.pvt_autoencoder.training:train_pvt_autoencoder_frozen:24 - Device: cuda | Model on: cuda:0
2026-02-08 17:07:08.010 | INFO     | src.pipelines.train_vision_backbones:run_pipeline:193 - Evaluating pvt_autoencoder_frozen on RP
2026-02-08 17:07:26.033 | INFO     | src.models.evaluation:evaluate_tsb_ad_nonoverlapping:65 - Normal (22410) reconstruction error: mean=0.0000, std=0.0000
2026-02-08 17:07:26.033 | INFO     | src.models.evaluation:evaluate_tsb_ad_nonoverlapping:66 - Anomaly (793) reconstruction error: mean=0.0000, std=0.0000
2026-02-08 17:07:26.034 | INFO     | src.models.evaluation:evaluate_tsb_ad_nonoverlapping:67 - Overlap? Normal max=0.0000, Anomaly min=0.0000
2026-02-08 17:07:34.273 | INFO     | src.models.evaluation:evaluate_tsb_ad_nonoverlapping:83 - {'AUC-PR': 0.02925642611514665, 'AUC-ROC': 0.40956253203932447, 'VUS-PR': np.float64(0.030851573034019673), 'VUS-ROC': np.float64(0.4094195790770438), 'Standard-F1': np.float64(0.06609370996318041), 'PA-F1': 0.05738941018766756, 'Event-based-F1': np.float64(0.05445493786300954), 'R-based-F1': 0.0020958426712634945, 'Affiliation-F': 0.6652419587320745}
2026-02-08 17:07:34.429 | INFO     | src.pipelines.train_vision_backbones:run_pipeline:170 - Train images: 36
2026-02-08 17:07:34.429 | INFO     | src.pipelines.train_vision_backbones:run_pipeline:171 - Test images: 2320
2026-02-08 17:07:35.376 | INFO     | src.pipelines.train_vision_backbones:run_pipeline:176 - Training pvt_autoencoder_progressive_unfreeze on RP
2026-02-08 17:07:35.401 | INFO     | src.models.pvt_autoencoder.training:train_pvt_autoencoder_progressive_unfreeze:132 - Device: cuda | Model on: cuda:0
2026-02-08 17:08:27.317 | INFO     | src.pipelines.train_vision_backbones:run_pipeline:193 - Evaluating pvt_autoencoder_progressive_unfreeze on RP
2026-02-08 17:08:49.897 | INFO     | src.models.evaluation:evaluate_tsb_ad_nonoverlapping:65 - Normal (22410) reconstruction error: mean=0.0000, std=0.0000
2026-02-08 17:08:49.898 | INFO     | src.models.evaluation:evaluate_tsb_ad_nonoverlapping:66 - Anomaly (793) reconstruction error: mean=0.0000, std=0.0000
2026-02-08 17:08:49.898 | INFO     | src.models.evaluation:evaluate_tsb_ad_nonoverlapping:67 - Overlap? Normal max=0.0000, Anomaly min=0.0000
2026-02-08 17:08:58.113 | INFO     | src.models.evaluation:evaluate_tsb_ad_nonoverlapping:83 - {'AUC-PR': 0.02925642611514665, 'AUC-ROC': 0.40956253203932447, 'VUS-PR': np.float64(0.030851573034019673), 'VUS-ROC': np.float64(0.4094195790770438), 'Standard-F1': np.float64(0.06609370996318041), 'PA-F1': 0.05738941018766756, 'Event-based-F1': np.float64(0.05445493786300954), 'R-based-F1': 0.0020958426712634945, 'Affiliation-F': 0.6652419587320745}
2026-02-08 17:08:58.272 | INFO     | src.pipelines.train_vision_backbones:run_pipeline:170 - Train images: 36
2026-02-08 17:08:58.272 | INFO     | src.pipelines.train_vision_backbones:run_pipeline:171 - Test images: 2320
2026-02-08 17:08:59.223 | INFO     | src.pipelines.train_vision_backbones:run_pipeline:176 - Training pvt_autoencoder_differential_lr on RP
2026-02-08 17:08:59.249 | INFO     | src.models.pvt_autoencoder.training:train_pvt_autoencoder_differential_lr:267 - Device: cuda | Model on: cuda:0
2026-02-08 17:09:36.029 | INFO     | src.pipelines.train_vision_backbones:run_pipeline:193 - Evaluating pvt_autoencoder_differential_lr on RP
2026-02-08 17:09:57.665 | INFO     | src.models.evaluation:evaluate_tsb_ad_nonoverlapping:65 - Normal (22410) reconstruction error: mean=0.0000, std=0.0000
2026-02-08 17:09:57.665 | INFO     | src.models.evaluation:evaluate_tsb_ad_nonoverlapping:66 - Anomaly (793) reconstruction error: mean=0.0000, std=0.0000
2026-02-08 17:09:57.666 | INFO     | src.models.evaluation:evaluate_tsb_ad_nonoverlapping:67 - Overlap? Normal max=0.0000, Anomaly min=0.0000
2026-02-08 17:09:59.442 | INFO     | src.models.evaluation:evaluate_tsb_ad_nonoverlapping:83 - {'AUC-PR': 0.19140053366365256, 'AUC-ROC': 0.5904374679606755, 'VUS-PR': np.float64(0.08187371778274866), 'VUS-ROC': np.float64(0.5257804023732251), 'Standard-F1': np.float64(0.30220077363631226), 'PA-F1': 0.3371017471736896, 'Event-based-F1': np.float64(0.4186046511627903), 'R-based-F1': 0.3779074545902852, 'Affiliation-F': 0.42688945958024915}
2026-02-08 17:10:00.403 | INFO     | src.pipelines.train_vision_backbones:run_pipeline:70 - Using zip: /net/scratch/hscra/plgrid/plgsmendowski12/ts2i_images/SMD/188_SMD_id_11_Facility_tr_500_1st_392_ts2i_RWT.zip for transformation RWT
2026-02-08 17:10:03.242 | INFO     | src.pipelines.train_vision_backbones:run_pipeline:170 - Train images: 36
2026-02-08 17:10:03.243 | INFO     | src.pipelines.train_vision_backbones:run_pipeline:171 - Test images: 2320
2026-02-08 17:10:03.249 | INFO     | src.pipelines.train_vision_backbones:run_pipeline:176 - Training cnn_autoencoder on RWT
2026-02-08 17:10:03.254 | INFO     | src.models.cnn_autoencoder.training:train_autoencoder:22 - Device: cuda | Model on: cuda:0
2026-02-08 17:10:26.332 | INFO     | src.pipelines.train_vision_backbones:run_pipeline:193 - Evaluating cnn_autoencoder on RWT
2026-02-08 17:10:28.249 | INFO     | src.models.evaluation:evaluate_tsb_ad_nonoverlapping:65 - Normal (22410) reconstruction error: mean=0.1080, std=0.0300
2026-02-08 17:10:28.249 | INFO     | src.models.evaluation:evaluate_tsb_ad_nonoverlapping:66 - Anomaly (793) reconstruction error: mean=0.2540, std=0.2440
2026-02-08 17:10:28.249 | INFO     | src.models.evaluation:evaluate_tsb_ad_nonoverlapping:67 - Overlap? Normal max=0.7048, Anomaly min=0.0029
2026-02-08 17:10:30.824 | INFO     | src.models.evaluation:evaluate_tsb_ad_nonoverlapping:83 - {'AUC-PR': 0.33967798156113527, 'AUC-ROC': 0.612034547043435, 'VUS-PR': np.float64(0.1759926371071695), 'VUS-ROC': np.float64(0.4818737508548127), 'Standard-F1': np.float64(0.46811220942229986), 'PA-F1': 0.8721910112359551, 'Event-based-F1': np.float64(0.6637663144810435), 'R-based-F1': 0.4123002797974694, 'Affiliation-F': 0.7538776560405949}
2026-02-08 17:10:30.980 | INFO     | src.pipelines.train_vision_backbones:run_pipeline:170 - Train images: 36
2026-02-08 17:10:30.980 | INFO     | src.pipelines.train_vision_backbones:run_pipeline:171 - Test images: 2320
2026-02-08 17:10:31.187 | INFO     | src.pipelines.train_vision_backbones:run_pipeline:176 - Training resnet18_autoencoder_frozen on RWT
2026-02-08 17:10:31.200 | INFO     | src.models.resnet18_autoencoder.training:train_autoencoder_frozen:25 - Device: cuda | Model on: cuda:0
2026-02-08 17:10:54.804 | INFO     | src.pipelines.train_vision_backbones:run_pipeline:193 - Evaluating resnet18_autoencoder_frozen on RWT
2026-02-08 17:11:03.470 | INFO     | src.models.evaluation:evaluate_tsb_ad_nonoverlapping:65 - Normal (22410) reconstruction error: mean=0.0073, std=0.0386
2026-02-08 17:11:03.471 | INFO     | src.models.evaluation:evaluate_tsb_ad_nonoverlapping:66 - Anomaly (793) reconstruction error: mean=0.1920, std=0.2886
2026-02-08 17:11:03.471 | INFO     | src.models.evaluation:evaluate_tsb_ad_nonoverlapping:67 - Overlap? Normal max=0.6218, Anomaly min=0.0000
2026-02-08 17:11:05.402 | INFO     | src.models.evaluation:evaluate_tsb_ad_nonoverlapping:83 - {'AUC-PR': 0.3607891887788617, 'AUC-ROC': 0.7714706661872375, 'VUS-PR': np.float64(0.26501674176863443), 'VUS-ROC': np.float64(0.7693157113842397), 'Standard-F1': np.float64(0.390092704556006), 'PA-F1': 0.8691392582225332, 'Event-based-F1': np.float64(0.6077348066298337), 'R-based-F1': 0.3247240666159328, 'Affiliation-F': 0.8196398757843633}
2026-02-08 17:11:05.763 | INFO     | src.pipelines.train_vision_backbones:run_pipeline:170 - Train images: 36
2026-02-08 17:11:05.764 | INFO     | src.pipelines.train_vision_backbones:run_pipeline:171 - Test images: 2320
2026-02-08 17:11:05.981 | INFO     | src.pipelines.train_vision_backbones:run_pipeline:176 - Training resnet18_autoencoder_progressive_unfreeze on RWT
2026-02-08 17:11:05.996 | INFO     | src.models.resnet18_autoencoder.training:train_autoencoder_progressive_unfreeze:133 - Device: cuda | Model on: cuda:0
2026-02-08 17:11:47.529 | INFO     | src.pipelines.train_vision_backbones:run_pipeline:193 - Evaluating resnet18_autoencoder_progressive_unfreeze on RWT
2026-02-08 17:12:07.029 | INFO     | src.models.evaluation:evaluate_tsb_ad_nonoverlapping:65 - Normal (22410) reconstruction error: mean=0.0054, std=0.0182
2026-02-08 17:12:07.029 | INFO     | src.models.evaluation:evaluate_tsb_ad_nonoverlapping:66 - Anomaly (793) reconstruction error: mean=0.1474, std=0.2328
2026-02-08 17:12:07.029 | INFO     | src.models.evaluation:evaluate_tsb_ad_nonoverlapping:67 - Overlap? Normal max=0.3506, Anomaly min=0.0010
2026-02-08 17:12:08.909 | INFO     | src.models.evaluation:evaluate_tsb_ad_nonoverlapping:83 - {'AUC-PR': 0.43240213162755226, 'AUC-ROC': 0.7516062006186437, 'VUS-PR': np.float64(0.28419679741287324), 'VUS-ROC': np.float64(0.652618346482281), 'Standard-F1': np.float64(0.49376628642145765), 'PA-F1': 0.8783592644978784, 'Event-based-F1': np.float64(0.6249999999999994), 'R-based-F1': 0.3951421235735271, 'Affiliation-F': 0.760607321523074}
2026-02-08 17:12:09.064 | INFO     | src.pipelines.train_vision_backbones:run_pipeline:170 - Train images: 36
2026-02-08 17:12:09.064 | INFO     | src.pipelines.train_vision_backbones:run_pipeline:171 - Test images: 2320
2026-02-08 17:12:09.271 | INFO     | src.pipelines.train_vision_backbones:run_pipeline:176 - Training resnet18_autoencoder_differential_lr on RWT
2026-02-08 17:12:09.284 | INFO     | src.models.resnet18_autoencoder.training:train_autoencoder_differential_lr:271 - Device: cuda | Model on: cuda:0
2026-02-08 17:12:40.253 | INFO     | src.pipelines.train_vision_backbones:run_pipeline:193 - Evaluating resnet18_autoencoder_differential_lr on RWT
2026-02-08 17:13:00.667 | INFO     | src.models.evaluation:evaluate_tsb_ad_nonoverlapping:65 - Normal (22410) reconstruction error: mean=0.0162, std=0.0237
2026-02-08 17:13:00.667 | INFO     | src.models.evaluation:evaluate_tsb_ad_nonoverlapping:66 - Anomaly (793) reconstruction error: mean=0.1799, std=0.2604
2026-02-08 17:13:00.667 | INFO     | src.models.evaluation:evaluate_tsb_ad_nonoverlapping:67 - Overlap? Normal max=0.4947, Anomaly min=0.0105
2026-02-08 17:13:02.603 | INFO     | src.models.evaluation:evaluate_tsb_ad_nonoverlapping:83 - {'AUC-PR': 0.41634968062443833, 'AUC-ROC': 0.7508139606203994, 'VUS-PR': np.float64(0.3062660619527247), 'VUS-ROC': np.float64(0.7381015319425516), 'Standard-F1': np.float64(0.480461009751052), 'PA-F1': 0.8783592644978784, 'Event-based-F1': np.float64(0.6525582641307255), 'R-based-F1': 0.41181165703540135, 'Affiliation-F': 0.7867277390938343}
2026-02-08 17:13:02.758 | INFO     | src.pipelines.train_vision_backbones:run_pipeline:170 - Train images: 36
2026-02-08 17:13:02.758 | INFO     | src.pipelines.train_vision_backbones:run_pipeline:171 - Test images: 2320
2026-02-08 17:13:03.719 | INFO     | src.pipelines.train_vision_backbones:run_pipeline:176 - Training pvt_autoencoder_frozen on RWT
2026-02-08 17:13:03.743 | INFO     | src.models.pvt_autoencoder.training:train_pvt_autoencoder_frozen:24 - Device: cuda | Model on: cuda:0
2026-02-08 17:13:35.474 | INFO     | src.pipelines.train_vision_backbones:run_pipeline:193 - Evaluating pvt_autoencoder_frozen on RWT
2026-02-08 17:13:54.368 | INFO     | src.models.evaluation:evaluate_tsb_ad_nonoverlapping:65 - Normal (22410) reconstruction error: mean=0.0154, std=0.0278
2026-02-08 17:13:54.368 | INFO     | src.models.evaluation:evaluate_tsb_ad_nonoverlapping:66 - Anomaly (793) reconstruction error: mean=0.2100, std=0.3001
2026-02-08 17:13:54.368 | INFO     | src.models.evaluation:evaluate_tsb_ad_nonoverlapping:67 - Overlap? Normal max=0.5590, Anomaly min=0.0031
2026-02-08 17:13:56.324 | INFO     | src.models.evaluation:evaluate_tsb_ad_nonoverlapping:83 - {'AUC-PR': 0.37384733565666833, 'AUC-ROC': 0.6452139790773014, 'VUS-PR': np.float64(0.21172147602825167), 'VUS-ROC': np.float64(0.5565083683258412), 'Standard-F1': np.float64(0.4907564195782953), 'PA-F1': 0.8783592644978784, 'Event-based-F1': np.float64(0.6709440879926668), 'R-based-F1': 0.42785516793557354, 'Affiliation-F': 0.7595734874916615}
2026-02-08 17:13:56.513 | INFO     | src.pipelines.train_vision_backbones:run_pipeline:170 - Train images: 36
2026-02-08 17:13:56.513 | INFO     | src.pipelines.train_vision_backbones:run_pipeline:171 - Test images: 2320
2026-02-08 17:13:57.490 | INFO     | src.pipelines.train_vision_backbones:run_pipeline:176 - Training pvt_autoencoder_progressive_unfreeze on RWT
2026-02-08 17:13:57.514 | INFO     | src.models.pvt_autoencoder.training:train_pvt_autoencoder_progressive_unfreeze:132 - Device: cuda | Model on: cuda:0
2026-02-08 17:14:44.203 | INFO     | src.pipelines.train_vision_backbones:run_pipeline:193 - Evaluating pvt_autoencoder_progressive_unfreeze on RWT
2026-02-08 17:15:03.410 | INFO     | src.models.evaluation:evaluate_tsb_ad_nonoverlapping:65 - Normal (22410) reconstruction error: mean=0.0077, std=0.0166
2026-02-08 17:15:03.411 | INFO     | src.models.evaluation:evaluate_tsb_ad_nonoverlapping:66 - Anomaly (793) reconstruction error: mean=0.1429, std=0.2395
2026-02-08 17:15:03.411 | INFO     | src.models.evaluation:evaluate_tsb_ad_nonoverlapping:67 - Overlap? Normal max=0.4197, Anomaly min=0.0009
2026-02-08 17:15:05.255 | INFO     | src.models.evaluation:evaluate_tsb_ad_nonoverlapping:83 - {'AUC-PR': 0.368501266790478, 'AUC-ROC': 0.6411922877160879, 'VUS-PR': np.float64(0.21224427447598285), 'VUS-ROC': np.float64(0.5150869954085552), 'Standard-F1': np.float64(0.4646265859326266), 'PA-F1': 0.8721910112359551, 'Event-based-F1': np.float64(0.6280056577086275), 'R-based-F1': 0.39438224836118807, 'Affiliation-F': 0.7583967895735976}
2026-02-08 17:15:05.425 | INFO     | src.pipelines.train_vision_backbones:run_pipeline:170 - Train images: 36
2026-02-08 17:15:05.425 | INFO     | src.pipelines.train_vision_backbones:run_pipeline:171 - Test images: 2320
2026-02-08 17:15:06.403 | INFO     | src.pipelines.train_vision_backbones:run_pipeline:176 - Training pvt_autoencoder_differential_lr on RWT
2026-02-08 17:15:06.427 | INFO     | src.models.pvt_autoencoder.training:train_pvt_autoencoder_differential_lr:267 - Device: cuda | Model on: cuda:0
2026-02-08 17:15:40.612 | INFO     | src.pipelines.train_vision_backbones:run_pipeline:193 - Evaluating pvt_autoencoder_differential_lr on RWT
2026-02-08 17:15:57.334 | INFO     | src.models.evaluation:evaluate_tsb_ad_nonoverlapping:65 - Normal (22410) reconstruction error: mean=0.1047, std=0.0305
2026-02-08 17:15:57.334 | INFO     | src.models.evaluation:evaluate_tsb_ad_nonoverlapping:66 - Anomaly (793) reconstruction error: mean=0.2415, std=0.2480
2026-02-08 17:15:57.334 | INFO     | src.models.evaluation:evaluate_tsb_ad_nonoverlapping:67 - Overlap? Normal max=0.7865, Anomaly min=0.0000
2026-02-08 17:15:59.864 | INFO     | src.models.evaluation:evaluate_tsb_ad_nonoverlapping:83 - {'AUC-PR': 0.3810564569607619, 'AUC-ROC': 0.6938391368472349, 'VUS-PR': np.float64(0.2714100165210339), 'VUS-ROC': np.float64(0.6032390616180473), 'Standard-F1': np.float64(0.5421040629646827), 'PA-F1': 0.8571428571428571, 'Event-based-F1': np.float64(0.6206896551724133), 'R-based-F1': 0.39511212382993766, 'Affiliation-F': 0.7620015353631926}
2026-02-08 17:16:00.760 | INFO     | src.pipelines.train_vision_backbones:run_pipeline:70 - Using zip: /net/scratch/hscra/plgrid/plgsmendowski12/ts2i_images/SMD/188_SMD_id_11_Facility_tr_500_1st_392_ts2i_MWT.zip for transformation MWT
2026-02-08 17:16:03.386 | INFO     | src.pipelines.train_vision_backbones:run_pipeline:170 - Train images: 36
2026-02-08 17:16:03.387 | INFO     | src.pipelines.train_vision_backbones:run_pipeline:171 - Test images: 2320
2026-02-08 17:16:03.393 | INFO     | src.pipelines.train_vision_backbones:run_pipeline:176 - Training cnn_autoencoder on MWT
2026-02-08 17:16:03.398 | INFO     | src.models.cnn_autoencoder.training:train_autoencoder:22 - Device: cuda | Model on: cuda:0
2026-02-08 17:16:26.005 | INFO     | src.pipelines.train_vision_backbones:run_pipeline:193 - Evaluating cnn_autoencoder on MWT
2026-02-08 17:16:27.789 | INFO     | src.models.evaluation:evaluate_tsb_ad_nonoverlapping:65 - Normal (22410) reconstruction error: mean=0.0530, std=0.0644
2026-02-08 17:16:27.789 | INFO     | src.models.evaluation:evaluate_tsb_ad_nonoverlapping:66 - Anomaly (793) reconstruction error: mean=0.2539, std=0.2734
2026-02-08 17:16:27.790 | INFO     | src.models.evaluation:evaluate_tsb_ad_nonoverlapping:67 - Overlap? Normal max=0.7609, Anomaly min=0.0000
2026-02-08 17:16:30.060 | INFO     | src.models.evaluation:evaluate_tsb_ad_nonoverlapping:83 - {'AUC-PR': 0.3327125131952059, 'AUC-ROC': 0.7246501207295202, 'VUS-PR': np.float64(0.22086534927872714), 'VUS-ROC': np.float64(0.6276607799352251), 'Standard-F1': np.float64(0.48203443039804156), 'PA-F1': 0.7841191066997518, 'Event-based-F1': np.float64(0.5438765670202502), 'R-based-F1': 0.3590355355870082, 'Affiliation-F': 0.7469767963646868}
2026-02-08 17:16:30.219 | INFO     | src.pipelines.train_vision_backbones:run_pipeline:170 - Train images: 36
2026-02-08 17:16:30.220 | INFO     | src.pipelines.train_vision_backbones:run_pipeline:171 - Test images: 2320
2026-02-08 17:16:30.434 | INFO     | src.pipelines.train_vision_backbones:run_pipeline:176 - Training resnet18_autoencoder_frozen on MWT
2026-02-08 17:16:30.448 | INFO     | src.models.resnet18_autoencoder.training:train_autoencoder_frozen:25 - Device: cuda | Model on: cuda:0
2026-02-08 17:16:38.891 | INFO     | src.pipelines.train_vision_backbones:run_pipeline:193 - Evaluating resnet18_autoencoder_frozen on MWT
2026-02-08 17:16:40.969 | INFO     | src.models.evaluation:evaluate_tsb_ad_nonoverlapping:65 - Normal (22410) reconstruction error: mean=0.4667, std=0.0682
2026-02-08 17:16:40.969 | INFO     | src.models.evaluation:evaluate_tsb_ad_nonoverlapping:66 - Anomaly (793) reconstruction error: mean=0.4219, std=0.1659
2026-02-08 17:16:40.970 | INFO     | src.models.evaluation:evaluate_tsb_ad_nonoverlapping:67 - Overlap? Normal max=1.0000, Anomaly min=0.0000
2026-02-08 17:16:45.984 | INFO     | src.models.evaluation:evaluate_tsb_ad_nonoverlapping:83 - {'AUC-PR': 0.040930236183465876, 'AUC-ROC': 0.4100721507298635, 'VUS-PR': np.float64(0.03283340684392133), 'VUS-ROC': np.float64(0.3514700870966205), 'Standard-F1': np.float64(0.16102007946566577), 'PA-F1': 0.5525252525252525, 'Event-based-F1': np.float64(0.21529051987767558), 'R-based-F1': 0.4000485975154686, 'Affiliation-F': 0.7871309441422474}
2026-02-08 17:16:46.144 | INFO     | src.pipelines.train_vision_backbones:run_pipeline:170 - Train images: 36
2026-02-08 17:16:46.144 | INFO     | src.pipelines.train_vision_backbones:run_pipeline:171 - Test images: 2320
2026-02-08 17:16:46.358 | INFO     | src.pipelines.train_vision_backbones:run_pipeline:176 - Training resnet18_autoencoder_progressive_unfreeze on MWT
2026-02-08 17:16:46.373 | INFO     | src.models.resnet18_autoencoder.training:train_autoencoder_progressive_unfreeze:133 - Device: cuda | Model on: cuda:0
2026-02-08 17:17:26.973 | INFO     | src.pipelines.train_vision_backbones:run_pipeline:193 - Evaluating resnet18_autoencoder_progressive_unfreeze on MWT
2026-02-08 17:17:48.915 | INFO     | src.models.evaluation:evaluate_tsb_ad_nonoverlapping:65 - Normal (22410) reconstruction error: mean=0.0358, std=0.1090
2026-02-08 17:17:48.916 | INFO     | src.models.evaluation:evaluate_tsb_ad_nonoverlapping:66 - Anomaly (793) reconstruction error: mean=0.2351, std=0.2742
2026-02-08 17:17:48.916 | INFO     | src.models.evaluation:evaluate_tsb_ad_nonoverlapping:67 - Overlap? Normal max=1.0000, Anomaly min=0.0036
2026-02-08 17:17:51.153 | INFO     | src.models.evaluation:evaluate_tsb_ad_nonoverlapping:83 - {'AUC-PR': 0.18218529041689357, 'AUC-ROC': 0.7219932272174026, 'VUS-PR': np.float64(0.16825239853886467), 'VUS-ROC': np.float64(0.6296741239617039), 'Standard-F1': np.float64(0.48203443039804156), 'PA-F1': 0.7113111986494092, 'Event-based-F1': np.float64(0.46849315068493097), 'R-based-F1': 0.2834301808047602, 'Affiliation-F': 0.7109581320345535}
2026-02-08 17:17:51.315 | INFO     | src.pipelines.train_vision_backbones:run_pipeline:170 - Train images: 36
2026-02-08 17:17:51.315 | INFO     | src.pipelines.train_vision_backbones:run_pipeline:171 - Test images: 2320
2026-02-08 17:17:51.524 | INFO     | src.pipelines.train_vision_backbones:run_pipeline:176 - Training resnet18_autoencoder_differential_lr on MWT
2026-02-08 17:17:51.537 | INFO     | src.models.resnet18_autoencoder.training:train_autoencoder_differential_lr:271 - Device: cuda | Model on: cuda:0
2026-02-08 17:18:20.370 | INFO     | src.pipelines.train_vision_backbones:run_pipeline:193 - Evaluating resnet18_autoencoder_differential_lr on MWT
2026-02-08 17:18:35.941 | INFO     | src.models.evaluation:evaluate_tsb_ad_nonoverlapping:65 - Normal (22410) reconstruction error: mean=0.0272, std=0.1117
2026-02-08 17:18:35.941 | INFO     | src.models.evaluation:evaluate_tsb_ad_nonoverlapping:66 - Anomaly (793) reconstruction error: mean=0.2408, std=0.2924
2026-02-08 17:18:35.941 | INFO     | src.models.evaluation:evaluate_tsb_ad_nonoverlapping:67 - Overlap? Normal max=1.0000, Anomaly min=0.0000
2026-02-08 17:18:38.125 | INFO     | src.models.evaluation:evaluate_tsb_ad_nonoverlapping:83 - {'AUC-PR': 0.15644355991180003, 'AUC-ROC': 0.6525356294169251, 'VUS-PR': np.float64(0.12545698991534582), 'VUS-ROC': np.float64(0.5837242575837849), 'Standard-F1': np.float64(0.43456884111829625), 'PA-F1': 0.7322540473225405, 'Event-based-F1': np.float64(0.4698553948832031), 'R-based-F1': 0.27169549959562883, 'Affiliation-F': 0.7169391169391743}
2026-02-08 17:18:38.284 | INFO     | src.pipelines.train_vision_backbones:run_pipeline:170 - Train images: 36
2026-02-08 17:18:38.284 | INFO     | src.pipelines.train_vision_backbones:run_pipeline:171 - Test images: 2320
2026-02-08 17:18:39.227 | INFO     | src.pipelines.train_vision_backbones:run_pipeline:176 - Training pvt_autoencoder_frozen on MWT
2026-02-08 17:18:39.250 | INFO     | src.models.pvt_autoencoder.training:train_pvt_autoencoder_frozen:24 - Device: cuda | Model on: cuda:0
2026-02-08 17:19:10.877 | INFO     | src.pipelines.train_vision_backbones:run_pipeline:193 - Evaluating pvt_autoencoder_frozen on MWT
2026-02-08 17:19:28.464 | INFO     | src.models.evaluation:evaluate_tsb_ad_nonoverlapping:65 - Normal (22410) reconstruction error: mean=0.0502, std=0.0832
2026-02-08 17:19:28.464 | INFO     | src.models.evaluation:evaluate_tsb_ad_nonoverlapping:66 - Anomaly (793) reconstruction error: mean=0.2335, std=0.2576
2026-02-08 17:19:28.464 | INFO     | src.models.evaluation:evaluate_tsb_ad_nonoverlapping:67 - Overlap? Normal max=0.8626, Anomaly min=0.0022
2026-02-08 17:19:30.691 | INFO     | src.models.evaluation:evaluate_tsb_ad_nonoverlapping:83 - {'AUC-PR': 0.18357265796318678, 'AUC-ROC': 0.6367363527248971, 'VUS-PR': np.float64(0.11369319415735557), 'VUS-ROC': np.float64(0.512266546323845), 'Standard-F1': np.float64(0.4206592097272842), 'PA-F1': 0.7327536231884058, 'Event-based-F1': np.float64(0.46849315068493097), 'R-based-F1': 0.26005018925332696, 'Affiliation-F': 0.7064957467866985}
2026-02-08 17:19:30.870 | INFO     | src.pipelines.train_vision_backbones:run_pipeline:170 - Train images: 36
2026-02-08 17:19:30.870 | INFO     | src.pipelines.train_vision_backbones:run_pipeline:171 - Test images: 2320
2026-02-08 17:19:31.933 | INFO     | src.pipelines.train_vision_backbones:run_pipeline:176 - Training pvt_autoencoder_progressive_unfreeze on MWT
2026-02-08 17:19:31.957 | INFO     | src.models.pvt_autoencoder.training:train_pvt_autoencoder_progressive_unfreeze:132 - Device: cuda | Model on: cuda:0
2026-02-08 17:20:16.907 | INFO     | src.pipelines.train_vision_backbones:run_pipeline:193 - Evaluating pvt_autoencoder_progressive_unfreeze on MWT
2026-02-08 17:20:36.623 | INFO     | src.models.evaluation:evaluate_tsb_ad_nonoverlapping:65 - Normal (22410) reconstruction error: mean=0.0194, std=0.0677
2026-02-08 17:20:36.624 | INFO     | src.models.evaluation:evaluate_tsb_ad_nonoverlapping:66 - Anomaly (793) reconstruction error: mean=0.2497, std=0.3113
2026-02-08 17:20:36.624 | INFO     | src.models.evaluation:evaluate_tsb_ad_nonoverlapping:67 - Overlap? Normal max=1.0000, Anomaly min=0.0002
2026-02-08 17:20:38.691 | INFO     | src.models.evaluation:evaluate_tsb_ad_nonoverlapping:83 - {'AUC-PR': 0.2556555217940634, 'AUC-ROC': 0.6405468588660371, 'VUS-PR': np.float64(0.16241555092428844), 'VUS-ROC': np.float64(0.5148610749634062), 'Standard-F1': np.float64(0.436881063098651), 'PA-F1': 0.8277668631303209, 'Event-based-F1': np.float64(0.6048604860486043), 'R-based-F1': 0.37491835680457153, 'Affiliation-F': 0.746772044294986}
2026-02-08 17:20:38.851 | INFO     | src.pipelines.train_vision_backbones:run_pipeline:170 - Train images: 36
2026-02-08 17:20:38.851 | INFO     | src.pipelines.train_vision_backbones:run_pipeline:171 - Test images: 2320
2026-02-08 17:20:39.793 | INFO     | src.pipelines.train_vision_backbones:run_pipeline:176 - Training pvt_autoencoder_differential_lr on MWT
2026-02-08 17:20:39.817 | INFO     | src.models.pvt_autoencoder.training:train_pvt_autoencoder_differential_lr:267 - Device: cuda | Model on: cuda:0
2026-02-08 17:21:14.143 | INFO     | src.pipelines.train_vision_backbones:run_pipeline:193 - Evaluating pvt_autoencoder_differential_lr on MWT
2026-02-08 17:21:30.405 | INFO     | src.models.evaluation:evaluate_tsb_ad_nonoverlapping:65 - Normal (22410) reconstruction error: mean=0.0853, std=0.0787
2026-02-08 17:21:30.405 | INFO     | src.models.evaluation:evaluate_tsb_ad_nonoverlapping:66 - Anomaly (793) reconstruction error: mean=0.3145, std=0.3187
2026-02-08 17:21:30.405 | INFO     | src.models.evaluation:evaluate_tsb_ad_nonoverlapping:67 - Overlap? Normal max=1.0000, Anomaly min=0.0000
2026-02-08 17:21:32.914 | INFO     | src.models.evaluation:evaluate_tsb_ad_nonoverlapping:83 - {'AUC-PR': 0.24802661819780736, 'AUC-ROC': 0.6385247027060181, 'VUS-PR': np.float64(0.14765283241767524), 'VUS-ROC': np.float64(0.512345694812568), 'Standard-F1': np.float64(0.4206592097272842), 'PA-F1': 0.8387524883875249, 'Event-based-F1': np.float64(0.6021505376344081), 'R-based-F1': 0.3572314531499076, 'Affiliation-F': 0.7362415137886749}
2026-02-08 17:21:33.713 | INFO     | src.pipelines.train_vision_backbones:run_pipeline:70 - Using zip: /net/scratch/hscra/plgrid/plgsmendowski12/ts2i_images/SMD/188_SMD_id_11_Facility_tr_500_1st_392_ts2i_SPIRAL.zip for transformation SPIRAL
2026-02-08 17:21:36.369 | INFO     | src.pipelines.train_vision_backbones:run_pipeline:170 - Train images: 36
2026-02-08 17:21:36.370 | INFO     | src.pipelines.train_vision_backbones:run_pipeline:171 - Test images: 2320
2026-02-08 17:21:36.376 | INFO     | src.pipelines.train_vision_backbones:run_pipeline:176 - Training cnn_autoencoder on SPIRAL
2026-02-08 17:21:36.381 | INFO     | src.models.cnn_autoencoder.training:train_autoencoder:22 - Device: cuda | Model on: cuda:0
2026-02-08 17:21:59.153 | INFO     | src.pipelines.train_vision_backbones:run_pipeline:193 - Evaluating cnn_autoencoder on SPIRAL
2026-02-08 17:22:00.967 | INFO     | src.models.evaluation:evaluate_tsb_ad_nonoverlapping:65 - Normal (22410) reconstruction error: mean=0.0052, std=0.0136
2026-02-08 17:22:00.967 | INFO     | src.models.evaluation:evaluate_tsb_ad_nonoverlapping:66 - Anomaly (793) reconstruction error: mean=0.0830, std=0.2057
2026-02-08 17:22:00.967 | INFO     | src.models.evaluation:evaluate_tsb_ad_nonoverlapping:67 - Overlap? Normal max=0.1513, Anomaly min=0.0022
2026-02-08 17:22:02.819 | INFO     | src.models.evaluation:evaluate_tsb_ad_nonoverlapping:83 - {'AUC-PR': 0.2678900726132052, 'AUC-ROC': 0.6850049771736517, 'VUS-PR': np.float64(0.1792170752955344), 'VUS-ROC': np.float64(0.6592671861234689), 'Standard-F1': np.float64(0.3424019694815023), 'PA-F1': 0.8198019801980198, 'Event-based-F1': np.float64(0.5333333333333329), 'R-based-F1': 0.2847656721453172, 'Affiliation-F': 0.8117833025563096}
2026-02-08 17:22:02.977 | INFO     | src.pipelines.train_vision_backbones:run_pipeline:170 - Train images: 36
2026-02-08 17:22:02.977 | INFO     | src.pipelines.train_vision_backbones:run_pipeline:171 - Test images: 2320
2026-02-08 17:22:03.188 | INFO     | src.pipelines.train_vision_backbones:run_pipeline:176 - Training resnet18_autoencoder_frozen on SPIRAL
2026-02-08 17:22:03.201 | INFO     | src.models.resnet18_autoencoder.training:train_autoencoder_frozen:25 - Device: cuda | Model on: cuda:0
2026-02-08 17:22:30.477 | INFO     | src.pipelines.train_vision_backbones:run_pipeline:193 - Evaluating resnet18_autoencoder_frozen on SPIRAL
2026-02-08 17:22:32.631 | INFO     | src.models.evaluation:evaluate_tsb_ad_nonoverlapping:65 - Normal (22410) reconstruction error: mean=0.0036, std=0.0108
2026-02-08 17:22:32.631 | INFO     | src.models.evaluation:evaluate_tsb_ad_nonoverlapping:66 - Anomaly (793) reconstruction error: mean=0.0867, std=0.2092
2026-02-08 17:22:32.631 | INFO     | src.models.evaluation:evaluate_tsb_ad_nonoverlapping:67 - Overlap? Normal max=0.1750, Anomaly min=0.0000
2026-02-08 17:22:34.459 | INFO     | src.models.evaluation:evaluate_tsb_ad_nonoverlapping:83 - {'AUC-PR': 0.3625302375529475, 'AUC-ROC': 0.7528469770914962, 'VUS-PR': np.float64(0.2589047399646907), 'VUS-ROC': np.float64(0.7169824741610814), 'Standard-F1': np.float64(0.4099683777782837), 'PA-F1': 0.8636678200692042, 'Event-based-F1': np.float64(0.6652977412731), 'R-based-F1': 0.4192888148450233, 'Affiliation-F': 0.7695482318646107}
2026-02-08 17:22:34.616 | INFO     | src.pipelines.train_vision_backbones:run_pipeline:170 - Train images: 36
2026-02-08 17:22:34.617 | INFO     | src.pipelines.train_vision_backbones:run_pipeline:171 - Test images: 2320
2026-02-08 17:22:34.819 | INFO     | src.pipelines.train_vision_backbones:run_pipeline:176 - Training resnet18_autoencoder_progressive_unfreeze on SPIRAL
2026-02-08 17:22:34.832 | INFO     | src.models.resnet18_autoencoder.training:train_autoencoder_progressive_unfreeze:133 - Device: cuda | Model on: cuda:0
2026-02-08 17:23:17.380 | INFO     | src.pipelines.train_vision_backbones:run_pipeline:193 - Evaluating resnet18_autoencoder_progressive_unfreeze on SPIRAL
2026-02-08 17:23:30.577 | INFO     | src.models.evaluation:evaluate_tsb_ad_nonoverlapping:65 - Normal (22410) reconstruction error: mean=0.0052, std=0.0079
2026-02-08 17:23:30.577 | INFO     | src.models.evaluation:evaluate_tsb_ad_nonoverlapping:66 - Anomaly (793) reconstruction error: mean=0.0875, std=0.2042
2026-02-08 17:23:30.577 | INFO     | src.models.evaluation:evaluate_tsb_ad_nonoverlapping:67 - Overlap? Normal max=0.2066, Anomaly min=0.0042
2026-02-08 17:23:32.393 | INFO     | src.models.evaluation:evaluate_tsb_ad_nonoverlapping:83 - {'AUC-PR': 0.41921921121304356, 'AUC-ROC': 0.7633279650759406, 'VUS-PR': np.float64(0.3171106161988085), 'VUS-ROC': np.float64(0.7292143997883216), 'Standard-F1': np.float64(0.5270505821653718), 'PA-F1': 0.8883082952318746, 'Event-based-F1': np.float64(0.7133757961783433), 'R-based-F1': 0.45746026072091217, 'Affiliation-F': 0.8385840154502896}
2026-02-08 17:23:32.552 | INFO     | src.pipelines.train_vision_backbones:run_pipeline:170 - Train images: 36
2026-02-08 17:23:32.553 | INFO     | src.pipelines.train_vision_backbones:run_pipeline:171 - Test images: 2320
2026-02-08 17:23:32.763 | INFO     | src.pipelines.train_vision_backbones:run_pipeline:176 - Training resnet18_autoencoder_differential_lr on SPIRAL
2026-02-08 17:23:32.778 | INFO     | src.models.resnet18_autoencoder.training:train_autoencoder_differential_lr:271 - Device: cuda | Model on: cuda:0
2026-02-08 17:24:01.543 | INFO     | src.pipelines.train_vision_backbones:run_pipeline:193 - Evaluating resnet18_autoencoder_differential_lr on SPIRAL
2026-02-08 17:24:19.754 | INFO     | src.models.evaluation:evaluate_tsb_ad_nonoverlapping:65 - Normal (22410) reconstruction error: mean=0.0023, std=0.0059
2026-02-08 17:24:19.754 | INFO     | src.models.evaluation:evaluate_tsb_ad_nonoverlapping:66 - Anomaly (793) reconstruction error: mean=0.0807, std=0.2059
2026-02-08 17:24:19.754 | INFO     | src.models.evaluation:evaluate_tsb_ad_nonoverlapping:67 - Overlap? Normal max=0.1720, Anomaly min=0.0013
2026-02-08 17:24:21.560 | INFO     | src.models.evaluation:evaluate_tsb_ad_nonoverlapping:83 - {'AUC-PR': 0.401275014990269, 'AUC-ROC': 0.6693907759382776, 'VUS-PR': np.float64(0.3019815822878147), 'VUS-ROC': np.float64(0.6312131184602611), 'Standard-F1': np.float64(0.5316775675746453), 'PA-F1': 0.8751608751608752, 'Event-based-F1': np.float64(0.7258286237971585), 'R-based-F1': 0.5041522697443448, 'Affiliation-F': 0.8428943191015956}
2026-02-08 17:24:21.719 | INFO     | src.pipelines.train_vision_backbones:run_pipeline:170 - Train images: 36
2026-02-08 17:24:21.719 | INFO     | src.pipelines.train_vision_backbones:run_pipeline:171 - Test images: 2320
2026-02-08 17:24:22.653 | INFO     | src.pipelines.train_vision_backbones:run_pipeline:176 - Training pvt_autoencoder_frozen on SPIRAL
2026-02-08 17:24:22.676 | INFO     | src.models.pvt_autoencoder.training:train_pvt_autoencoder_frozen:24 - Device: cuda | Model on: cuda:0
2026-02-08 17:24:53.279 | INFO     | src.pipelines.train_vision_backbones:run_pipeline:193 - Evaluating pvt_autoencoder_frozen on SPIRAL
2026-02-08 17:25:10.154 | INFO     | src.models.evaluation:evaluate_tsb_ad_nonoverlapping:65 - Normal (22410) reconstruction error: mean=0.0047, std=0.0056
2026-02-08 17:25:10.155 | INFO     | src.models.evaluation:evaluate_tsb_ad_nonoverlapping:66 - Anomaly (793) reconstruction error: mean=0.0818, std=0.2056
2026-02-08 17:25:10.155 | INFO     | src.models.evaluation:evaluate_tsb_ad_nonoverlapping:67 - Overlap? Normal max=0.1689, Anomaly min=0.0032
2026-02-08 17:25:11.952 | INFO     | src.models.evaluation:evaluate_tsb_ad_nonoverlapping:83 - {'AUC-PR': 0.39380788881446044, 'AUC-ROC': 0.6721837328295949, 'VUS-PR': np.float64(0.28277751856206473), 'VUS-ROC': np.float64(0.6218264159367833), 'Standard-F1': np.float64(0.5355784060785469), 'PA-F1': 0.8636678200692042, 'Event-based-F1': np.float64(0.705388383484954), 'R-based-F1': 0.5147034591109502, 'Affiliation-F': 0.8420617174130158}
2026-02-08 17:25:12.109 | INFO     | src.pipelines.train_vision_backbones:run_pipeline:170 - Train images: 36
2026-02-08 17:25:12.109 | INFO     | src.pipelines.train_vision_backbones:run_pipeline:171 - Test images: 2320
2026-02-08 17:25:13.081 | INFO     | src.pipelines.train_vision_backbones:run_pipeline:176 - Training pvt_autoencoder_progressive_unfreeze on SPIRAL
2026-02-08 17:25:13.105 | INFO     | src.models.pvt_autoencoder.training:train_pvt_autoencoder_progressive_unfreeze:132 - Device: cuda | Model on: cuda:0
2026-02-08 17:26:00.764 | INFO     | src.pipelines.train_vision_backbones:run_pipeline:193 - Evaluating pvt_autoencoder_progressive_unfreeze on SPIRAL
2026-02-08 17:26:27.011 | INFO     | src.models.evaluation:evaluate_tsb_ad_nonoverlapping:65 - Normal (22410) reconstruction error: mean=0.0006, std=0.0066
2026-02-08 17:26:27.012 | INFO     | src.models.evaluation:evaluate_tsb_ad_nonoverlapping:66 - Anomaly (793) reconstruction error: mean=0.0834, std=0.2066
2026-02-08 17:26:27.012 | INFO     | src.models.evaluation:evaluate_tsb_ad_nonoverlapping:67 - Overlap? Normal max=0.1882, Anomaly min=0.0000
2026-02-08 17:26:28.824 | INFO     | src.models.evaluation:evaluate_tsb_ad_nonoverlapping:83 - {'AUC-PR': 0.4115673223374468, 'AUC-ROC': 0.6911783606332292, 'VUS-PR': np.float64(0.3169399319012021), 'VUS-ROC': np.float64(0.6708907319189547), 'Standard-F1': np.float64(0.5240439115323563), 'PA-F1': 0.8768536428110896, 'Event-based-F1': np.float64(0.7311827956989242), 'R-based-F1': 0.5147034591109502, 'Affiliation-F': 0.8445944569914874}
2026-02-08 17:26:28.983 | INFO     | src.pipelines.train_vision_backbones:run_pipeline:170 - Train images: 36
2026-02-08 17:26:28.983 | INFO     | src.pipelines.train_vision_backbones:run_pipeline:171 - Test images: 2320
2026-02-08 17:26:29.959 | INFO     | src.pipelines.train_vision_backbones:run_pipeline:176 - Training pvt_autoencoder_differential_lr on SPIRAL
2026-02-08 17:26:29.984 | INFO     | src.models.pvt_autoencoder.training:train_pvt_autoencoder_differential_lr:267 - Device: cuda | Model on: cuda:0
2026-02-08 17:27:03.581 | INFO     | src.pipelines.train_vision_backbones:run_pipeline:193 - Evaluating pvt_autoencoder_differential_lr on SPIRAL
2026-02-08 17:27:18.524 | INFO     | src.models.evaluation:evaluate_tsb_ad_nonoverlapping:65 - Normal (22410) reconstruction error: mean=0.0036, std=0.0055
2026-02-08 17:27:18.525 | INFO     | src.models.evaluation:evaluate_tsb_ad_nonoverlapping:66 - Anomaly (793) reconstruction error: mean=0.0795, std=0.2058
2026-02-08 17:27:18.525 | INFO     | src.models.evaluation:evaluate_tsb_ad_nonoverlapping:67 - Overlap? Normal max=0.1628, Anomaly min=0.0016
2026-02-08 17:27:20.333 | INFO     | src.models.evaluation:evaluate_tsb_ad_nonoverlapping:83 - {'AUC-PR': 0.4488243974907064, 'AUC-ROC': 0.7613091851784327, 'VUS-PR': np.float64(0.36235795365996665), 'VUS-ROC': np.float64(0.7319112762784024), 'Standard-F1': np.float64(0.5841600186170516), 'PA-F1': 0.8695652173913043, 'Event-based-F1': np.float64(0.7133757961783433), 'R-based-F1': 0.5257057317570525, 'Affiliation-F': 0.8466667023691933}
2026-02-08 17:27:21.310 | INFO     | src.pipelines.train_vision_backbones:run_pipeline:70 - Using zip: /net/scratch/hscra/plgrid/plgsmendowski12/ts2i_images/SMD/189_SMD_id_12_Facility_tr_5925_1st_17580_ts2i_RN.zip for transformation RN
2026-02-08 17:27:21.879 | INFO     | src.pipelines.train_vision_backbones:run_pipeline:170 - Train images: 94
2026-02-08 17:27:21.879 | INFO     | src.pipelines.train_vision_backbones:run_pipeline:171 - Test images: 355
2026-02-08 17:27:21.886 | INFO     | src.pipelines.train_vision_backbones:run_pipeline:176 - Training cnn_autoencoder on RN
2026-02-08 17:27:21.890 | INFO     | src.models.cnn_autoencoder.training:train_autoencoder:22 - Device: cuda | Model on: cuda:0
2026-02-08 17:27:53.164 | INFO     | src.pipelines.train_vision_backbones:run_pipeline:193 - Evaluating cnn_autoencoder on RN
2026-02-08 17:27:53.466 | INFO     | src.models.evaluation:evaluate_tsb_ad_nonoverlapping:65 - Normal (17617) reconstruction error: mean=0.5666, std=0.4775
2026-02-08 17:27:53.466 | INFO     | src.models.evaluation:evaluate_tsb_ad_nonoverlapping:66 - Anomaly (161) reconstruction error: mean=0.9984, std=0.0010
2026-02-08 17:27:53.466 | INFO     | src.models.evaluation:evaluate_tsb_ad_nonoverlapping:67 - Overlap? Normal max=1.0000, Anomaly min=0.9977
2026-02-08 17:27:56.964 | INFO     | src.models.evaluation:evaluate_tsb_ad_nonoverlapping:83 - {'AUC-PR': 0.06832574189095927, 'AUC-ROC': 0.9051366251612555, 'VUS-PR': np.float64(0.07011884422626491), 'VUS-ROC': np.float64(0.9060138770535707), 'Standard-F1': np.float64(0.13355329533424096), 'PA-F1': 0.0833980833980834, 'Event-based-F1': np.float64(0.08339808339808331), 'R-based-F1': 0.06908388757777302, 'Affiliation-F': 0.8918843202337161}
2026-02-08 17:27:57.118 | INFO     | src.pipelines.train_vision_backbones:run_pipeline:170 - Train images: 94
2026-02-08 17:27:57.118 | INFO     | src.pipelines.train_vision_backbones:run_pipeline:171 - Test images: 355
2026-02-08 17:27:57.326 | INFO     | src.pipelines.train_vision_backbones:run_pipeline:176 - Training resnet18_autoencoder_frozen on RN
2026-02-08 17:27:57.338 | INFO     | src.models.resnet18_autoencoder.training:train_autoencoder_frozen:25 - Device: cuda | Model on: cuda:0
2026-02-08 17:28:29.763 | INFO     | src.pipelines.train_vision_backbones:run_pipeline:193 - Evaluating resnet18_autoencoder_frozen on RN
2026-02-08 17:28:33.513 | INFO     | src.models.evaluation:evaluate_tsb_ad_nonoverlapping:65 - Normal (17617) reconstruction error: mean=0.5482, std=0.4689
2026-02-08 17:28:33.513 | INFO     | src.models.evaluation:evaluate_tsb_ad_nonoverlapping:66 - Anomaly (161) reconstruction error: mean=0.9410, std=0.0038
2026-02-08 17:28:33.513 | INFO     | src.models.evaluation:evaluate_tsb_ad_nonoverlapping:67 - Overlap? Normal max=1.0000, Anomaly min=0.9387
2026-02-08 17:28:36.938 | INFO     | src.models.evaluation:evaluate_tsb_ad_nonoverlapping:83 - {'AUC-PR': 0.01874896544789338, 'AUC-ROC': 0.6406934366402863, 'VUS-PR': np.float64(0.019118541688166193), 'VUS-ROC': np.float64(0.6423402987056103), 'Standard-F1': np.float64(0.043157331391878884), 'PA-F1': 0.04716566573897759, 'Event-based-F1': np.float64(0.039455949025854635), 'R-based-F1': 0.030967937236699383, 'Affiliation-F': 0.8807963226482093}
2026-02-08 17:28:37.096 | INFO     | src.pipelines.train_vision_backbones:run_pipeline:170 - Train images: 94
2026-02-08 17:28:37.096 | INFO     | src.pipelines.train_vision_backbones:run_pipeline:171 - Test images: 355
2026-02-08 17:28:37.299 | INFO     | src.pipelines.train_vision_backbones:run_pipeline:176 - Training resnet18_autoencoder_progressive_unfreeze on RN
2026-02-08 17:28:37.312 | INFO     | src.models.resnet18_autoencoder.training:train_autoencoder_progressive_unfreeze:133 - Device: cuda | Model on: cuda:0
2026-02-08 17:29:26.337 | INFO     | src.pipelines.train_vision_backbones:run_pipeline:193 - Evaluating resnet18_autoencoder_progressive_unfreeze on RN
2026-02-08 17:29:32.974 | INFO     | src.models.evaluation:evaluate_tsb_ad_nonoverlapping:65 - Normal (17617) reconstruction error: mean=0.5420, std=0.4664
2026-02-08 17:29:32.974 | INFO     | src.models.evaluation:evaluate_tsb_ad_nonoverlapping:66 - Anomaly (161) reconstruction error: mean=0.9465, std=0.0077
2026-02-08 17:29:32.974 | INFO     | src.models.evaluation:evaluate_tsb_ad_nonoverlapping:67 - Overlap? Normal max=1.0000, Anomaly min=0.9341
2026-02-08 17:29:36.363 | INFO     | src.models.evaluation:evaluate_tsb_ad_nonoverlapping:83 - {'AUC-PR': 0.042351617767563195, 'AUC-ROC': 0.816056942457825, 'VUS-PR': np.float64(0.042461637615286006), 'VUS-ROC': np.float64(0.8122159820782113), 'Standard-F1': np.float64(0.09058843516906956), 'PA-F1': 0.10202788339670468, 'Event-based-F1': np.float64(0.075668623613829), 'R-based-F1': 0.0672579178804015, 'Affiliation-F': 0.8565166480028225}
2026-02-08 17:29:36.521 | INFO     | src.pipelines.train_vision_backbones:run_pipeline:170 - Train images: 94
2026-02-08 17:29:36.521 | INFO     | src.pipelines.train_vision_backbones:run_pipeline:171 - Test images: 355
2026-02-08 17:29:36.730 | INFO     | src.pipelines.train_vision_backbones:run_pipeline:176 - Training resnet18_autoencoder_differential_lr on RN
2026-02-08 17:29:36.744 | INFO     | src.models.resnet18_autoencoder.training:train_autoencoder_differential_lr:271 - Device: cuda | Model on: cuda:0
2026-02-08 17:30:11.932 | INFO     | src.pipelines.train_vision_backbones:run_pipeline:193 - Evaluating resnet18_autoencoder_differential_lr on RN
2026-02-08 17:30:17.342 | INFO     | src.models.evaluation:evaluate_tsb_ad_nonoverlapping:65 - Normal (17617) reconstruction error: mean=0.5491, std=0.4709
2026-02-08 17:30:17.342 | INFO     | src.models.evaluation:evaluate_tsb_ad_nonoverlapping:66 - Anomaly (161) reconstruction error: mean=0.9259, std=0.0129
2026-02-08 17:30:17.343 | INFO     | src.models.evaluation:evaluate_tsb_ad_nonoverlapping:67 - Overlap? Normal max=1.0000, Anomaly min=0.9178
2026-02-08 17:30:20.782 | INFO     | src.models.evaluation:evaluate_tsb_ad_nonoverlapping:83 - {'AUC-PR': 0.014092900683117086, 'AUC-ROC': 0.5191817827007157, 'VUS-PR': np.float64(0.014372094591485602), 'VUS-ROC': np.float64(0.5213984095944638), 'Standard-F1': np.float64(0.0325611115840899), 'PA-F1': 0.047513649107274604, 'Event-based-F1': np.float64(0.030845866462304784), 'R-based-F1': 0.047213568708895814, 'Affiliation-F': 0.8270988165503027}
2026-02-08 17:30:20.942 | INFO     | src.pipelines.train_vision_backbones:run_pipeline:170 - Train images: 94
2026-02-08 17:30:20.942 | INFO     | src.pipelines.train_vision_backbones:run_pipeline:171 - Test images: 355
2026-02-08 17:30:21.905 | INFO     | src.pipelines.train_vision_backbones:run_pipeline:176 - Training pvt_autoencoder_frozen on RN
2026-02-08 17:30:21.930 | INFO     | src.models.pvt_autoencoder.training:train_pvt_autoencoder_frozen:24 - Device: cuda | Model on: cuda:0
2026-02-08 17:30:59.783 | INFO     | src.pipelines.train_vision_backbones:run_pipeline:193 - Evaluating pvt_autoencoder_frozen on RN
2026-02-08 17:31:05.526 | INFO     | src.models.evaluation:evaluate_tsb_ad_nonoverlapping:65 - Normal (17617) reconstruction error: mean=0.5257, std=0.4495
2026-02-08 17:31:05.526 | INFO     | src.models.evaluation:evaluate_tsb_ad_nonoverlapping:66 - Anomaly (161) reconstruction error: mean=0.9114, std=0.0047
2026-02-08 17:31:05.527 | INFO     | src.models.evaluation:evaluate_tsb_ad_nonoverlapping:67 - Overlap? Normal max=1.0000, Anomaly min=0.9039
2026-02-08 17:31:08.850 | INFO     | src.models.evaluation:evaluate_tsb_ad_nonoverlapping:83 - {'AUC-PR': 0.03427273384420827, 'AUC-ROC': 0.7803982742530242, 'VUS-PR': np.float64(0.03427086514018408), 'VUS-ROC': np.float64(0.7771699594630685), 'Standard-F1': np.float64(0.07225068249504293), 'PA-F1': 0.06068601583113457, 'Event-based-F1': np.float64(0.044478527607361915), 'R-based-F1': 0.062391009494284055, 'Affiliation-F': 0.8563169481340241}
2026-02-08 17:31:09.004 | INFO     | src.pipelines.train_vision_backbones:run_pipeline:170 - Train images: 94
2026-02-08 17:31:09.005 | INFO     | src.pipelines.train_vision_backbones:run_pipeline:171 - Test images: 355
2026-02-08 17:31:10.031 | INFO     | src.pipelines.train_vision_backbones:run_pipeline:176 - Training pvt_autoencoder_progressive_unfreeze on RN
2026-02-08 17:31:10.055 | INFO     | src.models.pvt_autoencoder.training:train_pvt_autoencoder_progressive_unfreeze:132 - Device: cuda | Model on: cuda:0
2026-02-08 17:32:09.702 | INFO     | src.pipelines.train_vision_backbones:run_pipeline:193 - Evaluating pvt_autoencoder_progressive_unfreeze on RN
2026-02-08 17:32:17.000 | INFO     | src.models.evaluation:evaluate_tsb_ad_nonoverlapping:65 - Normal (17617) reconstruction error: mean=0.5332, std=0.4588
2026-02-08 17:32:17.001 | INFO     | src.models.evaluation:evaluate_tsb_ad_nonoverlapping:66 - Anomaly (161) reconstruction error: mean=0.9157, std=0.0022
2026-02-08 17:32:17.001 | INFO     | src.models.evaluation:evaluate_tsb_ad_nonoverlapping:67 - Overlap? Normal max=1.0000, Anomaly min=0.9143
2026-02-08 17:32:20.379 | INFO     | src.models.evaluation:evaluate_tsb_ad_nonoverlapping:83 - {'AUC-PR': 0.02461225048711793, 'AUC-ROC': 0.7208997026799002, 'VUS-PR': np.float64(0.025033335600324245), 'VUS-ROC': np.float64(0.721428075131829), 'Standard-F1': np.float64(0.058662210690000806), 'PA-F1': 0.059574468085106386, 'Event-based-F1': np.float64(0.04742966563558693), 'R-based-F1': 0.03902470038465207, 'Affiliation-F': 0.8807963226482093}
2026-02-08 17:32:20.537 | INFO     | src.pipelines.train_vision_backbones:run_pipeline:170 - Train images: 94
2026-02-08 17:32:20.537 | INFO     | src.pipelines.train_vision_backbones:run_pipeline:171 - Test images: 355
2026-02-08 17:32:21.508 | INFO     | src.pipelines.train_vision_backbones:run_pipeline:176 - Training pvt_autoencoder_differential_lr on RN
2026-02-08 17:32:21.531 | INFO     | src.models.pvt_autoencoder.training:train_pvt_autoencoder_differential_lr:267 - Device: cuda | Model on: cuda:0
2026-02-08 17:33:05.387 | INFO     | src.pipelines.train_vision_backbones:run_pipeline:193 - Evaluating pvt_autoencoder_differential_lr on RN
2026-02-08 17:33:10.421 | INFO     | src.models.evaluation:evaluate_tsb_ad_nonoverlapping:65 - Normal (17617) reconstruction error: mean=0.5380, std=0.4586
2026-02-08 17:33:10.421 | INFO     | src.models.evaluation:evaluate_tsb_ad_nonoverlapping:66 - Anomaly (161) reconstruction error: mean=0.8975, std=0.0155
2026-02-08 17:33:10.421 | INFO     | src.models.evaluation:evaluate_tsb_ad_nonoverlapping:67 - Overlap? Normal max=1.0000, Anomaly min=0.8878
2026-02-08 17:33:13.819 | INFO     | src.models.evaluation:evaluate_tsb_ad_nonoverlapping:83 - {'AUC-PR': 0.0142611117989476, 'AUC-ROC': 0.5357700795074773, 'VUS-PR': np.float64(0.01429253495559718), 'VUS-ROC': np.float64(0.5319705336061478), 'Standard-F1': np.float64(0.03306261764683045), 'PA-F1': 0.04716566573897759, 'Event-based-F1': np.float64(0.030845866462304784), 'R-based-F1': 0.03902470038465207, 'Affiliation-F': 0.8201999060781868}
2026-02-08 17:33:14.140 | INFO     | src.pipelines.train_vision_backbones:run_pipeline:70 - Using zip: /net/scratch/hscra/plgrid/plgsmendowski12/ts2i_images/SMD/189_SMD_id_12_Facility_tr_5925_1st_17580_ts2i_LP.zip for transformation LP
2026-02-08 17:33:14.682 | INFO     | src.pipelines.train_vision_backbones:run_pipeline:170 - Train images: 94
2026-02-08 17:33:14.682 | INFO     | src.pipelines.train_vision_backbones:run_pipeline:171 - Test images: 355
2026-02-08 17:33:14.689 | INFO     | src.pipelines.train_vision_backbones:run_pipeline:176 - Training cnn_autoencoder on LP
2026-02-08 17:33:14.693 | INFO     | src.models.cnn_autoencoder.training:train_autoencoder:22 - Device: cuda | Model on: cuda:0
2026-02-08 17:33:44.844 | INFO     | src.pipelines.train_vision_backbones:run_pipeline:193 - Evaluating cnn_autoencoder on LP
2026-02-08 17:33:45.147 | INFO     | src.models.evaluation:evaluate_tsb_ad_nonoverlapping:65 - Normal (17617) reconstruction error: mean=0.1464, std=0.1151
2026-02-08 17:33:45.147 | INFO     | src.models.evaluation:evaluate_tsb_ad_nonoverlapping:66 - Anomaly (161) reconstruction error: mean=0.6906, std=0.2696
2026-02-08 17:33:45.147 | INFO     | src.models.evaluation:evaluate_tsb_ad_nonoverlapping:67 - Overlap? Normal max=0.7352, Anomaly min=0.1033
2026-02-08 17:33:46.876 | INFO     | src.models.evaluation:evaluate_tsb_ad_nonoverlapping:83 - {'AUC-PR': 0.706331274653641, 'AUC-ROC': 0.9403757381439511, 'VUS-PR': np.float64(0.7041442055609687), 'VUS-ROC': np.float64(0.9437130530991363), 'Standard-F1': np.float64(0.7279646218066501), 'PA-F1': 1.0, 'Event-based-F1': np.float64(0.9999999999999996), 'R-based-F1': 0.6192109777015438, 'Affiliation-F': 0.9995034855290539}
2026-02-08 17:33:47.034 | INFO     | src.pipelines.train_vision_backbones:run_pipeline:170 - Train images: 94
2026-02-08 17:33:47.034 | INFO     | src.pipelines.train_vision_backbones:run_pipeline:171 - Test images: 355
2026-02-08 17:33:47.249 | INFO     | src.pipelines.train_vision_backbones:run_pipeline:176 - Training resnet18_autoencoder_frozen on LP
2026-02-08 17:33:47.263 | INFO     | src.models.resnet18_autoencoder.training:train_autoencoder_frozen:25 - Device: cuda | Model on: cuda:0
2026-02-08 17:34:15.844 | INFO     | src.pipelines.train_vision_backbones:run_pipeline:193 - Evaluating resnet18_autoencoder_frozen on LP
2026-02-08 17:34:17.444 | INFO     | src.models.evaluation:evaluate_tsb_ad_nonoverlapping:65 - Normal (17617) reconstruction error: mean=0.1488, std=0.1156
2026-02-08 17:34:17.444 | INFO     | src.models.evaluation:evaluate_tsb_ad_nonoverlapping:66 - Anomaly (161) reconstruction error: mean=0.6545, std=0.2856
2026-02-08 17:34:17.444 | INFO     | src.models.evaluation:evaluate_tsb_ad_nonoverlapping:67 - Overlap? Normal max=0.7240, Anomaly min=0.1720
2026-02-08 17:34:19.175 | INFO     | src.models.evaluation:evaluate_tsb_ad_nonoverlapping:83 - {'AUC-PR': 0.6534244306418221, 'AUC-ROC': 0.9534559891860523, 'VUS-PR': np.float64(0.6670261344888201), 'VUS-ROC': np.float64(0.9564500418979756), 'Standard-F1': np.float64(0.7279646218066501), 'PA-F1': 1.0, 'Event-based-F1': np.float64(0.9999999999999996), 'R-based-F1': 0.6192109777015438, 'Affiliation-F': 0.9995034855290539}
2026-02-08 17:34:19.330 | INFO     | src.pipelines.train_vision_backbones:run_pipeline:170 - Train images: 94
2026-02-08 17:34:19.331 | INFO     | src.pipelines.train_vision_backbones:run_pipeline:171 - Test images: 355
2026-02-08 17:34:19.544 | INFO     | src.pipelines.train_vision_backbones:run_pipeline:176 - Training resnet18_autoencoder_progressive_unfreeze on LP
2026-02-08 17:34:19.559 | INFO     | src.models.resnet18_autoencoder.training:train_autoencoder_progressive_unfreeze:133 - Device: cuda | Model on: cuda:0
2026-02-08 17:34:47.729 | INFO     | src.pipelines.train_vision_backbones:run_pipeline:193 - Evaluating resnet18_autoencoder_progressive_unfreeze on LP
2026-02-08 17:34:53.065 | INFO     | src.models.evaluation:evaluate_tsb_ad_nonoverlapping:65 - Normal (17617) reconstruction error: mean=0.1432, std=0.1207
2026-02-08 17:34:53.066 | INFO     | src.models.evaluation:evaluate_tsb_ad_nonoverlapping:66 - Anomaly (161) reconstruction error: mean=0.6516, std=0.2826
2026-02-08 17:34:53.066 | INFO     | src.models.evaluation:evaluate_tsb_ad_nonoverlapping:67 - Overlap? Normal max=0.6928, Anomaly min=0.1331
2026-02-08 17:34:54.772 | INFO     | src.models.evaluation:evaluate_tsb_ad_nonoverlapping:83 - {'AUC-PR': 0.6599009975531714, 'AUC-ROC': 0.9472860594492121, 'VUS-PR': np.float64(0.6666946058055069), 'VUS-ROC': np.float64(0.9499794321686887), 'Standard-F1': np.float64(0.7279646218066501), 'PA-F1': 1.0, 'Event-based-F1': np.float64(0.9999999999999996), 'R-based-F1': 0.6192109777015438, 'Affiliation-F': 0.9995034855290539}
2026-02-08 17:34:54.926 | INFO     | src.pipelines.train_vision_backbones:run_pipeline:170 - Train images: 94
2026-02-08 17:34:54.926 | INFO     | src.pipelines.train_vision_backbones:run_pipeline:171 - Test images: 355
2026-02-08 17:34:55.134 | INFO     | src.pipelines.train_vision_backbones:run_pipeline:176 - Training resnet18_autoencoder_differential_lr on LP
2026-02-08 17:34:55.147 | INFO     | src.models.resnet18_autoencoder.training:train_autoencoder_differential_lr:271 - Device: cuda | Model on: cuda:0
2026-02-08 17:35:28.007 | INFO     | src.pipelines.train_vision_backbones:run_pipeline:193 - Evaluating resnet18_autoencoder_differential_lr on LP
2026-02-08 17:35:33.277 | INFO     | src.models.evaluation:evaluate_tsb_ad_nonoverlapping:65 - Normal (17617) reconstruction error: mean=0.1274, std=0.1236
2026-02-08 17:35:33.277 | INFO     | src.models.evaluation:evaluate_tsb_ad_nonoverlapping:66 - Anomaly (161) reconstruction error: mean=0.6631, std=0.2912
2026-02-08 17:35:33.277 | INFO     | src.models.evaluation:evaluate_tsb_ad_nonoverlapping:67 - Overlap? Normal max=0.7538, Anomaly min=0.1313
2026-02-08 17:35:34.917 | INFO     | src.models.evaluation:evaluate_tsb_ad_nonoverlapping:83 - {'AUC-PR': 0.638206286467156, 'AUC-ROC': 0.9468629785529716, 'VUS-PR': np.float64(0.6516985187742365), 'VUS-ROC': np.float64(0.9499913281994221), 'Standard-F1': np.float64(0.7279646218066501), 'PA-F1': 1.0, 'Event-based-F1': np.float64(0.9999999999999996), 'R-based-F1': 0.6192109777015438, 'Affiliation-F': 0.9995034855290539}
2026-02-08 17:35:35.072 | INFO     | src.pipelines.train_vision_backbones:run_pipeline:170 - Train images: 94
2026-02-08 17:35:35.072 | INFO     | src.pipelines.train_vision_backbones:run_pipeline:171 - Test images: 355
2026-02-08 17:35:36.236 | INFO     | src.pipelines.train_vision_backbones:run_pipeline:176 - Training pvt_autoencoder_frozen on LP
2026-02-08 17:35:36.261 | INFO     | src.models.pvt_autoencoder.training:train_pvt_autoencoder_frozen:24 - Device: cuda | Model on: cuda:0
2026-02-08 17:36:09.131 | INFO     | src.pipelines.train_vision_backbones:run_pipeline:193 - Evaluating pvt_autoencoder_frozen on LP
2026-02-08 17:36:13.103 | INFO     | src.models.evaluation:evaluate_tsb_ad_nonoverlapping:65 - Normal (17617) reconstruction error: mean=0.1535, std=0.1227
2026-02-08 17:36:13.104 | INFO     | src.models.evaluation:evaluate_tsb_ad_nonoverlapping:66 - Anomaly (161) reconstruction error: mean=0.6936, std=0.2564
2026-02-08 17:36:13.104 | INFO     | src.models.evaluation:evaluate_tsb_ad_nonoverlapping:67 - Overlap? Normal max=0.7380, Anomaly min=0.1870
2026-02-08 17:36:14.855 | INFO     | src.models.evaluation:evaluate_tsb_ad_nonoverlapping:83 - {'AUC-PR': 0.7286904761904762, 'AUC-ROC': 0.9621291475589818, 'VUS-PR': np.float64(0.7428105935426665), 'VUS-ROC': np.float64(0.9645715092214057), 'Standard-F1': np.float64(0.7279646218066501), 'PA-F1': 1.0, 'Event-based-F1': np.float64(0.9999999999999996), 'R-based-F1': 0.6192109777015438, 'Affiliation-F': 0.9995034855290539}
2026-02-08 17:36:15.006 | INFO     | src.pipelines.train_vision_backbones:run_pipeline:170 - Train images: 94
2026-02-08 17:36:15.007 | INFO     | src.pipelines.train_vision_backbones:run_pipeline:171 - Test images: 355
2026-02-08 17:36:16.057 | INFO     | src.pipelines.train_vision_backbones:run_pipeline:176 - Training pvt_autoencoder_progressive_unfreeze on LP
2026-02-08 17:36:16.081 | INFO     | src.models.pvt_autoencoder.training:train_pvt_autoencoder_progressive_unfreeze:132 - Device: cuda | Model on: cuda:0
2026-02-08 17:36:52.922 | INFO     | src.pipelines.train_vision_backbones:run_pipeline:193 - Evaluating pvt_autoencoder_progressive_unfreeze on LP
2026-02-08 17:36:56.805 | INFO     | src.models.evaluation:evaluate_tsb_ad_nonoverlapping:65 - Normal (17617) reconstruction error: mean=0.1452, std=0.1138
2026-02-08 17:36:56.805 | INFO     | src.models.evaluation:evaluate_tsb_ad_nonoverlapping:66 - Anomaly (161) reconstruction error: mean=0.6785, std=0.2695
2026-02-08 17:36:56.805 | INFO     | src.models.evaluation:evaluate_tsb_ad_nonoverlapping:67 - Overlap? Normal max=0.7286, Anomaly min=0.1502
2026-02-08 17:36:58.524 | INFO     | src.models.evaluation:evaluate_tsb_ad_nonoverlapping:83 - {'AUC-PR': 0.7582756962532559, 'AUC-ROC': 0.9553951099604878, 'VUS-PR': np.float64(0.7726254398639111), 'VUS-ROC': np.float64(0.9587552208132795), 'Standard-F1': np.float64(0.7279646218066501), 'PA-F1': 1.0, 'Event-based-F1': np.float64(0.9999999999999996), 'R-based-F1': 0.6192109777015438, 'Affiliation-F': 0.9995034855290539}
2026-02-08 17:36:58.682 | INFO     | src.pipelines.train_vision_backbones:run_pipeline:170 - Train images: 94
2026-02-08 17:36:58.683 | INFO     | src.pipelines.train_vision_backbones:run_pipeline:171 - Test images: 355
2026-02-08 17:36:59.653 | INFO     | src.pipelines.train_vision_backbones:run_pipeline:176 - Training pvt_autoencoder_differential_lr on LP
2026-02-08 17:36:59.676 | INFO     | src.models.pvt_autoencoder.training:train_pvt_autoencoder_differential_lr:267 - Device: cuda | Model on: cuda:0
2026-02-08 17:37:39.816 | INFO     | src.pipelines.train_vision_backbones:run_pipeline:193 - Evaluating pvt_autoencoder_differential_lr on LP
2026-02-08 17:37:45.088 | INFO     | src.models.evaluation:evaluate_tsb_ad_nonoverlapping:65 - Normal (17617) reconstruction error: mean=0.1387, std=0.1163
2026-02-08 17:37:45.088 | INFO     | src.models.evaluation:evaluate_tsb_ad_nonoverlapping:66 - Anomaly (161) reconstruction error: mean=0.6765, std=0.2635
2026-02-08 17:37:45.088 | INFO     | src.models.evaluation:evaluate_tsb_ad_nonoverlapping:67 - Overlap? Normal max=0.7154, Anomaly min=0.1871
2026-02-08 17:37:46.770 | INFO     | src.models.evaluation:evaluate_tsb_ad_nonoverlapping:83 - {'AUC-PR': 0.6914232169629472, 'AUC-ROC': 0.9637509576612371, 'VUS-PR': np.float64(0.7052685054624191), 'VUS-ROC': np.float64(0.9662941520992558), 'Standard-F1': np.float64(0.7279646218066501), 'PA-F1': 1.0, 'Event-based-F1': np.float64(0.9999999999999996), 'R-based-F1': 0.6192109777015438, 'Affiliation-F': 0.9995034855290539}
2026-02-08 17:37:47.095 | INFO     | src.pipelines.train_vision_backbones:run_pipeline:70 - Using zip: /net/scratch/hscra/plgrid/plgsmendowski12/ts2i_images/SMD/189_SMD_id_12_Facility_tr_5925_1st_17580_ts2i_SG.zip for transformation SG
2026-02-08 17:37:47.635 | INFO     | src.pipelines.train_vision_backbones:run_pipeline:170 - Train images: 94
2026-02-08 17:37:47.635 | INFO     | src.pipelines.train_vision_backbones:run_pipeline:171 - Test images: 355
2026-02-08 17:37:47.642 | INFO     | src.pipelines.train_vision_backbones:run_pipeline:176 - Training cnn_autoencoder on SG
2026-02-08 17:37:47.646 | INFO     | src.models.cnn_autoencoder.training:train_autoencoder:22 - Device: cuda | Model on: cuda:0
2026-02-08 17:38:14.517 | INFO     | src.pipelines.train_vision_backbones:run_pipeline:193 - Evaluating cnn_autoencoder on SG
2026-02-08 17:38:14.808 | INFO     | src.models.evaluation:evaluate_tsb_ad_nonoverlapping:65 - Normal (17617) reconstruction error: mean=0.0439, std=0.0557
2026-02-08 17:38:14.808 | INFO     | src.models.evaluation:evaluate_tsb_ad_nonoverlapping:66 - Anomaly (161) reconstruction error: mean=0.7662, std=0.2602
2026-02-08 17:38:14.808 | INFO     | src.models.evaluation:evaluate_tsb_ad_nonoverlapping:67 - Overlap? Normal max=0.9044, Anomaly min=0.1546
2026-02-08 17:38:16.096 | INFO     | src.models.evaluation:evaluate_tsb_ad_nonoverlapping:83 - {'AUC-PR': 0.8931361011223711, 'AUC-ROC': 0.9955172816206255, 'VUS-PR': np.float64(0.9076987855579496), 'VUS-ROC': np.float64(0.9958562227799306), 'Standard-F1': np.float64(0.932470890526221), 'PA-F1': 1.0, 'Event-based-F1': np.float64(0.9999999999999996), 'R-based-F1': 0.9430170049369172, 'Affiliation-F': 0.9997996447054266}
2026-02-08 17:38:16.256 | INFO     | src.pipelines.train_vision_backbones:run_pipeline:170 - Train images: 94
2026-02-08 17:38:16.257 | INFO     | src.pipelines.train_vision_backbones:run_pipeline:171 - Test images: 355
2026-02-08 17:38:16.472 | INFO     | src.pipelines.train_vision_backbones:run_pipeline:176 - Training resnet18_autoencoder_frozen on SG
2026-02-08 17:38:16.486 | INFO     | src.models.resnet18_autoencoder.training:train_autoencoder_frozen:25 - Device: cuda | Model on: cuda:0
2026-02-08 17:38:34.517 | INFO     | src.pipelines.train_vision_backbones:run_pipeline:193 - Evaluating resnet18_autoencoder_frozen on SG
2026-02-08 17:38:34.832 | INFO     | src.models.evaluation:evaluate_tsb_ad_nonoverlapping:65 - Normal (17617) reconstruction error: mean=0.0544, std=0.1100
2026-02-08 17:38:34.832 | INFO     | src.models.evaluation:evaluate_tsb_ad_nonoverlapping:66 - Anomaly (161) reconstruction error: mean=0.5124, std=0.3152
2026-02-08 17:38:34.832 | INFO     | src.models.evaluation:evaluate_tsb_ad_nonoverlapping:67 - Overlap? Normal max=1.0000, Anomaly min=0.2115
2026-02-08 17:38:36.179 | INFO     | src.models.evaluation:evaluate_tsb_ad_nonoverlapping:83 - {'AUC-PR': 0.3788383838383838, 'AUC-ROC': 0.9730058522664973, 'VUS-PR': np.float64(0.39722256105526094), 'VUS-ROC': np.float64(0.9733133664875655), 'Standard-F1': np.float64(0.42653666811987534), 'PA-F1': 0.8541114058355438, 'Event-based-F1': np.float64(0.6206896551724134), 'R-based-F1': 0.436402417348027, 'Affiliation-F': 0.7365763842358416}
2026-02-08 17:38:36.339 | INFO     | src.pipelines.train_vision_backbones:run_pipeline:170 - Train images: 94
2026-02-08 17:38:36.339 | INFO     | src.pipelines.train_vision_backbones:run_pipeline:171 - Test images: 355
2026-02-08 17:38:36.555 | INFO     | src.pipelines.train_vision_backbones:run_pipeline:176 - Training resnet18_autoencoder_progressive_unfreeze on SG
2026-02-08 17:38:36.571 | INFO     | src.models.resnet18_autoencoder.training:train_autoencoder_progressive_unfreeze:133 - Device: cuda | Model on: cuda:0
2026-02-08 17:38:55.166 | INFO     | src.pipelines.train_vision_backbones:run_pipeline:193 - Evaluating resnet18_autoencoder_progressive_unfreeze on SG
2026-02-08 17:38:58.528 | INFO     | src.models.evaluation:evaluate_tsb_ad_nonoverlapping:65 - Normal (17617) reconstruction error: mean=0.0282, std=0.0554
2026-02-08 17:38:58.528 | INFO     | src.models.evaluation:evaluate_tsb_ad_nonoverlapping:66 - Anomaly (161) reconstruction error: mean=0.6734, std=0.3633
2026-02-08 17:38:58.528 | INFO     | src.models.evaluation:evaluate_tsb_ad_nonoverlapping:67 - Overlap? Normal max=1.0000, Anomaly min=0.1463
2026-02-08 17:38:59.747 | INFO     | src.models.evaluation:evaluate_tsb_ad_nonoverlapping:83 - {'AUC-PR': 0.6965773439810706, 'AUC-ROC': 0.9930316813552127, 'VUS-PR': np.float64(0.704369917375576), 'VUS-ROC': np.float64(0.993045887563595), 'Standard-F1': np.float64(0.7279646218066501), 'PA-F1': 0.9847094801223242, 'Event-based-F1': np.float64(0.9743589743589738), 'R-based-F1': 0.7872104154700363, 'Affiliation-F': 0.9990053491881826}
2026-02-08 17:38:59.905 | INFO     | src.pipelines.train_vision_backbones:run_pipeline:170 - Train images: 94
2026-02-08 17:38:59.905 | INFO     | src.pipelines.train_vision_backbones:run_pipeline:171 - Test images: 355
2026-02-08 17:39:00.121 | INFO     | src.pipelines.train_vision_backbones:run_pipeline:176 - Training resnet18_autoencoder_differential_lr on SG
2026-02-08 17:39:00.135 | INFO     | src.models.resnet18_autoencoder.training:train_autoencoder_differential_lr:271 - Device: cuda | Model on: cuda:0
2026-02-08 17:39:24.348 | INFO     | src.pipelines.train_vision_backbones:run_pipeline:193 - Evaluating resnet18_autoencoder_differential_lr on SG
2026-02-08 17:39:29.183 | INFO     | src.models.evaluation:evaluate_tsb_ad_nonoverlapping:65 - Normal (17617) reconstruction error: mean=0.0282, std=0.0406
2026-02-08 17:39:29.183 | INFO     | src.models.evaluation:evaluate_tsb_ad_nonoverlapping:66 - Anomaly (161) reconstruction error: mean=0.6281, std=0.2987
2026-02-08 17:39:29.183 | INFO     | src.models.evaluation:evaluate_tsb_ad_nonoverlapping:67 - Overlap? Normal max=1.0000, Anomaly min=0.0921
2026-02-08 17:39:30.391 | INFO     | src.models.evaluation:evaluate_tsb_ad_nonoverlapping:83 - {'AUC-PR': 0.8681242236024844, 'AUC-ROC': 0.9965573554905499, 'VUS-PR': np.float64(0.8933182315781923), 'VUS-ROC': np.float64(0.9969896392398309), 'Standard-F1': np.float64(0.932470890526221), 'PA-F1': 0.9847094801223242, 'Event-based-F1': np.float64(0.9830508474576265), 'R-based-F1': 0.9430170049369172, 'Affiliation-F': 0.9997996447054266}
2026-02-08 17:39:30.545 | INFO     | src.pipelines.train_vision_backbones:run_pipeline:170 - Train images: 94
2026-02-08 17:39:30.546 | INFO     | src.pipelines.train_vision_backbones:run_pipeline:171 - Test images: 355
2026-02-08 17:39:31.525 | INFO     | src.pipelines.train_vision_backbones:run_pipeline:176 - Training pvt_autoencoder_frozen on SG
2026-02-08 17:39:31.547 | INFO     | src.models.pvt_autoencoder.training:train_pvt_autoencoder_frozen:24 - Device: cuda | Model on: cuda:0
2026-02-08 17:39:46.843 | INFO     | src.pipelines.train_vision_backbones:run_pipeline:193 - Evaluating pvt_autoencoder_frozen on SG
2026-02-08 17:39:47.802 | INFO     | src.models.evaluation:evaluate_tsb_ad_nonoverlapping:65 - Normal (17617) reconstruction error: mean=0.1004, std=0.1549
2026-02-08 17:39:47.802 | INFO     | src.models.evaluation:evaluate_tsb_ad_nonoverlapping:66 - Anomaly (161) reconstruction error: mean=0.5193, std=0.1081
2026-02-08 17:39:47.803 | INFO     | src.models.evaluation:evaluate_tsb_ad_nonoverlapping:67 - Overlap? Normal max=1.0000, Anomaly min=0.2298
2026-02-08 17:39:49.338 | INFO     | src.models.evaluation:evaluate_tsb_ad_nonoverlapping:83 - {'AUC-PR': 0.1593322159781787, 'AUC-ROC': 0.9615826680680046, 'VUS-PR': np.float64(0.15670904439602734), 'VUS-ROC': np.float64(0.962329182880948), 'Standard-F1': np.float64(0.3109617487847878), 'PA-F1': 0.5176848874598071, 'Event-based-F1': np.float64(0.27751196172248777), 'R-based-F1': 0.21668667466986796, 'Affiliation-F': 0.6670683357870256}
2026-02-08 17:39:49.492 | INFO     | src.pipelines.train_vision_backbones:run_pipeline:170 - Train images: 94
2026-02-08 17:39:49.492 | INFO     | src.pipelines.train_vision_backbones:run_pipeline:171 - Test images: 355
2026-02-08 17:39:50.453 | INFO     | src.pipelines.train_vision_backbones:run_pipeline:176 - Training pvt_autoencoder_progressive_unfreeze on SG
2026-02-08 17:39:50.478 | INFO     | src.models.pvt_autoencoder.training:train_pvt_autoencoder_progressive_unfreeze:132 - Device: cuda | Model on: cuda:0
2026-02-08 17:40:26.711 | INFO     | src.pipelines.train_vision_backbones:run_pipeline:193 - Evaluating pvt_autoencoder_progressive_unfreeze on SG
2026-02-08 17:40:30.777 | INFO     | src.models.evaluation:evaluate_tsb_ad_nonoverlapping:65 - Normal (17617) reconstruction error: mean=0.0306, std=0.0561
2026-02-08 17:40:30.777 | INFO     | src.models.evaluation:evaluate_tsb_ad_nonoverlapping:66 - Anomaly (161) reconstruction error: mean=0.7303, std=0.2787
2026-02-08 17:40:30.777 | INFO     | src.models.evaluation:evaluate_tsb_ad_nonoverlapping:67 - Overlap? Normal max=1.0000, Anomaly min=0.1008
2026-02-08 17:40:32.017 | INFO     | src.models.evaluation:evaluate_tsb_ad_nonoverlapping:83 - {'AUC-PR': 0.860703933747412, 'AUC-ROC': 0.9943009240439341, 'VUS-PR': np.float64(0.8862148691809458), 'VUS-ROC': np.float64(0.9947447383799785), 'Standard-F1': np.float64(0.932470890526221), 'PA-F1': 0.9847094801223242, 'Event-based-F1': np.float64(0.9830508474576265), 'R-based-F1': 0.9430170049369172, 'Affiliation-F': 0.9997996447054266}
2026-02-08 17:40:32.177 | INFO     | src.pipelines.train_vision_backbones:run_pipeline:170 - Train images: 94
2026-02-08 17:40:32.177 | INFO     | src.pipelines.train_vision_backbones:run_pipeline:171 - Test images: 355
2026-02-08 17:40:33.143 | INFO     | src.pipelines.train_vision_backbones:run_pipeline:176 - Training pvt_autoencoder_differential_lr on SG
2026-02-08 17:40:33.168 | INFO     | src.models.pvt_autoencoder.training:train_pvt_autoencoder_differential_lr:267 - Device: cuda | Model on: cuda:0
2026-02-08 17:40:53.638 | INFO     | src.pipelines.train_vision_backbones:run_pipeline:193 - Evaluating pvt_autoencoder_differential_lr on SG
2026-02-08 17:40:55.690 | INFO     | src.models.evaluation:evaluate_tsb_ad_nonoverlapping:65 - Normal (17617) reconstruction error: mean=0.0406, std=0.0449
2026-02-08 17:40:55.690 | INFO     | src.models.evaluation:evaluate_tsb_ad_nonoverlapping:66 - Anomaly (161) reconstruction error: mean=0.7846, std=0.2626
2026-02-08 17:40:55.690 | INFO     | src.models.evaluation:evaluate_tsb_ad_nonoverlapping:67 - Overlap? Normal max=0.9446, Anomaly min=0.1522
2026-02-08 17:40:56.951 | INFO     | src.models.evaluation:evaluate_tsb_ad_nonoverlapping:83 - {'AUC-PR': 0.9029606625258799, 'AUC-ROC': 0.9974916591364144, 'VUS-PR': np.float64(0.9171037308371992), 'VUS-ROC': np.float64(0.9978370172582939), 'Standard-F1': np.float64(0.932470890526221), 'PA-F1': 1.0, 'Event-based-F1': np.float64(0.9999999999999996), 'R-based-F1': 0.9430170049369172, 'Affiliation-F': 0.9997996447054266}
2026-02-08 17:40:57.263 | INFO     | src.pipelines.train_vision_backbones:run_pipeline:70 - Using zip: /net/scratch/hscra/plgrid/plgsmendowski12/ts2i_images/SMD/189_SMD_id_12_Facility_tr_5925_1st_17580_ts2i_GASF.zip for transformation GASF
2026-02-08 17:40:57.815 | INFO     | src.pipelines.train_vision_backbones:run_pipeline:170 - Train images: 94
2026-02-08 17:40:57.816 | INFO     | src.pipelines.train_vision_backbones:run_pipeline:171 - Test images: 355
2026-02-08 17:40:57.822 | INFO     | src.pipelines.train_vision_backbones:run_pipeline:176 - Training cnn_autoencoder on GASF
2026-02-08 17:40:57.827 | INFO     | src.models.cnn_autoencoder.training:train_autoencoder:22 - Device: cuda | Model on: cuda:0
2026-02-08 17:41:30.042 | INFO     | src.pipelines.train_vision_backbones:run_pipeline:193 - Evaluating cnn_autoencoder on GASF
2026-02-08 17:41:30.352 | INFO     | src.models.evaluation:evaluate_tsb_ad_nonoverlapping:65 - Normal (17617) reconstruction error: mean=0.1807, std=0.1618
2026-02-08 17:41:30.352 | INFO     | src.models.evaluation:evaluate_tsb_ad_nonoverlapping:66 - Anomaly (161) reconstruction error: mean=0.4533, std=0.3107
2026-02-08 17:41:30.352 | INFO     | src.models.evaluation:evaluate_tsb_ad_nonoverlapping:67 - Overlap? Normal max=1.0000, Anomaly min=0.1059
2026-02-08 17:41:32.234 | INFO     | src.models.evaluation:evaluate_tsb_ad_nonoverlapping:83 - {'AUC-PR': 0.10579448738897143, 'AUC-ROC': 0.7753741886101686, 'VUS-PR': np.float64(0.09105780352775143), 'VUS-ROC': np.float64(0.7828104511212427), 'Standard-F1': np.float64(0.2770033686933674), 'PA-F1': 0.6822033898305084, 'Event-based-F1': np.float64(0.39999999999999963), 'R-based-F1': 0.3210315695864829, 'Affiliation-F': 0.737187354043817}
2026-02-08 17:41:32.395 | INFO     | src.pipelines.train_vision_backbones:run_pipeline:170 - Train images: 94
2026-02-08 17:41:32.395 | INFO     | src.pipelines.train_vision_backbones:run_pipeline:171 - Test images: 355
2026-02-08 17:41:32.610 | INFO     | src.pipelines.train_vision_backbones:run_pipeline:176 - Training resnet18_autoencoder_frozen on GASF
2026-02-08 17:41:32.623 | INFO     | src.models.resnet18_autoencoder.training:train_autoencoder_frozen:25 - Device: cuda | Model on: cuda:0
2026-02-08 17:41:49.853 | INFO     | src.pipelines.train_vision_backbones:run_pipeline:193 - Evaluating resnet18_autoencoder_frozen on GASF
2026-02-08 17:41:51.171 | INFO     | src.models.evaluation:evaluate_tsb_ad_nonoverlapping:65 - Normal (17617) reconstruction error: mean=0.0919, std=0.0755
2026-02-08 17:41:51.171 | INFO     | src.models.evaluation:evaluate_tsb_ad_nonoverlapping:66 - Anomaly (161) reconstruction error: mean=0.4834, std=0.3942
2026-02-08 17:41:51.171 | INFO     | src.models.evaluation:evaluate_tsb_ad_nonoverlapping:67 - Overlap? Normal max=0.6950, Anomaly min=0.0391
2026-02-08 17:41:52.662 | INFO     | src.models.evaluation:evaluate_tsb_ad_nonoverlapping:83 - {'AUC-PR': 0.4684875196575429, 'AUC-ROC': 0.7605134721297222, 'VUS-PR': np.float64(0.46977831604560993), 'VUS-ROC': np.float64(0.7718844061269412), 'Standard-F1': np.float64(0.5057423995979139), 'PA-F1': 1.0, 'Event-based-F1': np.float64(0.9999999999999996), 'R-based-F1': 0.6192109777015438, 'Affiliation-F': 0.9988840767138231}
2026-02-08 17:41:52.818 | INFO     | src.pipelines.train_vision_backbones:run_pipeline:170 - Train images: 94
2026-02-08 17:41:52.818 | INFO     | src.pipelines.train_vision_backbones:run_pipeline:171 - Test images: 355
2026-02-08 17:41:53.025 | INFO     | src.pipelines.train_vision_backbones:run_pipeline:176 - Training resnet18_autoencoder_progressive_unfreeze on GASF
2026-02-08 17:41:53.038 | INFO     | src.models.resnet18_autoencoder.training:train_autoencoder_progressive_unfreeze:133 - Device: cuda | Model on: cuda:0
2026-02-08 17:42:11.217 | INFO     | src.pipelines.train_vision_backbones:run_pipeline:193 - Evaluating resnet18_autoencoder_progressive_unfreeze on GASF
2026-02-08 17:42:14.489 | INFO     | src.models.evaluation:evaluate_tsb_ad_nonoverlapping:65 - Normal (17617) reconstruction error: mean=0.1029, std=0.0754
2026-02-08 17:42:14.490 | INFO     | src.models.evaluation:evaluate_tsb_ad_nonoverlapping:66 - Anomaly (161) reconstruction error: mean=0.5112, std=0.3889
2026-02-08 17:42:14.490 | INFO     | src.models.evaluation:evaluate_tsb_ad_nonoverlapping:67 - Overlap? Normal max=0.7496, Anomaly min=0.0426
2026-02-08 17:42:16.030 | INFO     | src.models.evaluation:evaluate_tsb_ad_nonoverlapping:83 - {'AUC-PR': 0.5867612273607461, 'AUC-ROC': 0.7689750900545316, 'VUS-PR': np.float64(0.6063096070832871), 'VUS-ROC': np.float64(0.7801433226110999), 'Standard-F1': np.float64(0.7138213728495252), 'PA-F1': 1.0, 'Event-based-F1': np.float64(0.9999999999999996), 'R-based-F1': 0.6192109777015438, 'Affiliation-F': 0.9988840767138231}
2026-02-08 17:42:16.187 | INFO     | src.pipelines.train_vision_backbones:run_pipeline:170 - Train images: 94
2026-02-08 17:42:16.188 | INFO     | src.pipelines.train_vision_backbones:run_pipeline:171 - Test images: 355
2026-02-08 17:42:16.402 | INFO     | src.pipelines.train_vision_backbones:run_pipeline:176 - Training resnet18_autoencoder_differential_lr on GASF
2026-02-08 17:42:16.416 | INFO     | src.models.resnet18_autoencoder.training:train_autoencoder_differential_lr:271 - Device: cuda | Model on: cuda:0
2026-02-08 17:42:42.088 | INFO     | src.pipelines.train_vision_backbones:run_pipeline:193 - Evaluating resnet18_autoencoder_differential_lr on GASF
2026-02-08 17:42:45.366 | INFO     | src.models.evaluation:evaluate_tsb_ad_nonoverlapping:65 - Normal (17617) reconstruction error: mean=0.0841, std=0.0692
2026-02-08 17:42:45.367 | INFO     | src.models.evaluation:evaluate_tsb_ad_nonoverlapping:66 - Anomaly (161) reconstruction error: mean=0.4670, std=0.4013
2026-02-08 17:42:45.367 | INFO     | src.models.evaluation:evaluate_tsb_ad_nonoverlapping:67 - Overlap? Normal max=0.6810, Anomaly min=0.0324
2026-02-08 17:42:46.823 | INFO     | src.models.evaluation:evaluate_tsb_ad_nonoverlapping:83 - {'AUC-PR': 0.48338843195010534, 'AUC-ROC': 0.7692395156146818, 'VUS-PR': np.float64(0.4971920448869253), 'VUS-ROC': np.float64(0.7802309634417337), 'Standard-F1': np.float64(0.5057423995979139), 'PA-F1': 1.0, 'Event-based-F1': np.float64(0.9999999999999996), 'R-based-F1': 0.6192109777015438, 'Affiliation-F': 0.9988840767138231}
2026-02-08 17:42:46.979 | INFO     | src.pipelines.train_vision_backbones:run_pipeline:170 - Train images: 94
2026-02-08 17:42:46.979 | INFO     | src.pipelines.train_vision_backbones:run_pipeline:171 - Test images: 355
2026-02-08 17:42:47.931 | INFO     | src.pipelines.train_vision_backbones:run_pipeline:176 - Training pvt_autoencoder_frozen on GASF
2026-02-08 17:42:47.954 | INFO     | src.models.pvt_autoencoder.training:train_pvt_autoencoder_frozen:24 - Device: cuda | Model on: cuda:0
2026-02-08 17:43:07.798 | INFO     | src.pipelines.train_vision_backbones:run_pipeline:193 - Evaluating pvt_autoencoder_frozen on GASF
2026-02-08 17:43:11.009 | INFO     | src.models.evaluation:evaluate_tsb_ad_nonoverlapping:65 - Normal (17617) reconstruction error: mean=0.1102, std=0.0994
2026-02-08 17:43:11.010 | INFO     | src.models.evaluation:evaluate_tsb_ad_nonoverlapping:66 - Anomaly (161) reconstruction error: mean=0.4376, std=0.3972
2026-02-08 17:43:11.010 | INFO     | src.models.evaluation:evaluate_tsb_ad_nonoverlapping:67 - Overlap? Normal max=0.6854, Anomaly min=0.0401
2026-02-08 17:43:12.575 | INFO     | src.models.evaluation:evaluate_tsb_ad_nonoverlapping:83 - {'AUC-PR': 0.35454814234782084, 'AUC-ROC': 0.7513467193778454, 'VUS-PR': np.float64(0.35531740673288237), 'VUS-ROC': np.float64(0.7611693092424949), 'Standard-F1': np.float64(0.4739300330457194), 'PA-F1': 1.0, 'Event-based-F1': np.float64(0.9999999999999996), 'R-based-F1': 0.6192109777015438, 'Affiliation-F': 0.9988840767138231}
2026-02-08 17:43:12.728 | INFO     | src.pipelines.train_vision_backbones:run_pipeline:170 - Train images: 94
2026-02-08 17:43:12.728 | INFO     | src.pipelines.train_vision_backbones:run_pipeline:171 - Test images: 355
2026-02-08 17:43:13.669 | INFO     | src.pipelines.train_vision_backbones:run_pipeline:176 - Training pvt_autoencoder_progressive_unfreeze on GASF
2026-02-08 17:43:13.693 | INFO     | src.models.pvt_autoencoder.training:train_pvt_autoencoder_progressive_unfreeze:132 - Device: cuda | Model on: cuda:0
2026-02-08 17:43:43.959 | INFO     | src.pipelines.train_vision_backbones:run_pipeline:193 - Evaluating pvt_autoencoder_progressive_unfreeze on GASF
2026-02-08 17:43:47.929 | INFO     | src.models.evaluation:evaluate_tsb_ad_nonoverlapping:65 - Normal (17617) reconstruction error: mean=0.0946, std=0.0697
2026-02-08 17:43:47.929 | INFO     | src.models.evaluation:evaluate_tsb_ad_nonoverlapping:66 - Anomaly (161) reconstruction error: mean=0.4567, std=0.3947
2026-02-08 17:43:47.929 | INFO     | src.models.evaluation:evaluate_tsb_ad_nonoverlapping:67 - Overlap? Normal max=0.5697, Anomaly min=0.0416
2026-02-08 17:43:49.418 | INFO     | src.models.evaluation:evaluate_tsb_ad_nonoverlapping:83 - {'AUC-PR': 0.45754906775087384, 'AUC-ROC': 0.7685343807876144, 'VUS-PR': np.float64(0.4699163868330228), 'VUS-ROC': np.float64(0.7802747729949345), 'Standard-F1': np.float64(0.5057423995979139), 'PA-F1': 1.0, 'Event-based-F1': np.float64(0.9999999999999996), 'R-based-F1': 0.6192109777015438, 'Affiliation-F': 0.9988840767138231}
2026-02-08 17:43:49.575 | INFO     | src.pipelines.train_vision_backbones:run_pipeline:170 - Train images: 94
2026-02-08 17:43:49.575 | INFO     | src.pipelines.train_vision_backbones:run_pipeline:171 - Test images: 355
2026-02-08 17:43:50.513 | INFO     | src.pipelines.train_vision_backbones:run_pipeline:176 - Training pvt_autoencoder_differential_lr on GASF
2026-02-08 17:43:50.537 | INFO     | src.models.pvt_autoencoder.training:train_pvt_autoencoder_differential_lr:267 - Device: cuda | Model on: cuda:0
2026-02-08 17:44:12.152 | INFO     | src.pipelines.train_vision_backbones:run_pipeline:193 - Evaluating pvt_autoencoder_differential_lr on GASF
2026-02-08 17:44:13.237 | INFO     | src.models.evaluation:evaluate_tsb_ad_nonoverlapping:65 - Normal (17617) reconstruction error: mean=0.1757, std=0.1217
2026-02-08 17:44:13.238 | INFO     | src.models.evaluation:evaluate_tsb_ad_nonoverlapping:66 - Anomaly (161) reconstruction error: mean=0.5337, std=0.3713
2026-02-08 17:44:13.238 | INFO     | src.models.evaluation:evaluate_tsb_ad_nonoverlapping:67 - Overlap? Normal max=0.7288, Anomaly min=0.0772
2026-02-08 17:44:15.087 | INFO     | src.models.evaluation:evaluate_tsb_ad_nonoverlapping:83 - {'AUC-PR': 0.46868920553945737, 'AUC-ROC': 0.7728533316034025, 'VUS-PR': np.float64(0.4699746288539806), 'VUS-ROC': np.float64(0.7836309197421318), 'Standard-F1': np.float64(0.5057423995979139), 'PA-F1': 1.0, 'Event-based-F1': np.float64(0.9999999999999996), 'R-based-F1': 0.6192109777015438, 'Affiliation-F': 0.9988840767138231}
2026-02-08 17:44:15.413 | INFO     | src.pipelines.train_vision_backbones:run_pipeline:70 - Using zip: /net/scratch/hscra/plgrid/plgsmendowski12/ts2i_images/SMD/189_SMD_id_12_Facility_tr_5925_1st_17580_ts2i_GADF.zip for transformation GADF
2026-02-08 17:44:15.975 | INFO     | src.pipelines.train_vision_backbones:run_pipeline:170 - Train images: 94
2026-02-08 17:44:15.975 | INFO     | src.pipelines.train_vision_backbones:run_pipeline:171 - Test images: 355
2026-02-08 17:44:15.982 | INFO     | src.pipelines.train_vision_backbones:run_pipeline:176 - Training cnn_autoencoder on GADF
2026-02-08 17:44:15.986 | INFO     | src.models.cnn_autoencoder.training:train_autoencoder:22 - Device: cuda | Model on: cuda:0
2026-02-08 17:44:47.699 | INFO     | src.pipelines.train_vision_backbones:run_pipeline:193 - Evaluating cnn_autoencoder on GADF
2026-02-08 17:44:48.013 | INFO     | src.models.evaluation:evaluate_tsb_ad_nonoverlapping:65 - Normal (17617) reconstruction error: mean=0.3985, std=0.2115
2026-02-08 17:44:48.013 | INFO     | src.models.evaluation:evaluate_tsb_ad_nonoverlapping:66 - Anomaly (161) reconstruction error: mean=0.5047, std=0.1404
2026-02-08 17:44:48.013 | INFO     | src.models.evaluation:evaluate_tsb_ad_nonoverlapping:67 - Overlap? Normal max=1.0000, Anomaly min=0.2185
2026-02-08 17:44:50.823 | INFO     | src.models.evaluation:evaluate_tsb_ad_nonoverlapping:83 - {'AUC-PR': 0.02049986780525349, 'AUC-ROC': 0.6780303257335076, 'VUS-PR': np.float64(0.02075782347522996), 'VUS-ROC': np.float64(0.6812629400495778), 'Standard-F1': np.float64(0.0462734937468777), 'PA-F1': 0.1329479768786127, 'Event-based-F1': np.float64(0.0454545454545454), 'R-based-F1': 0.07421580224315528, 'Affiliation-F': 0.6673370168546094}
2026-02-08 17:44:50.978 | INFO     | src.pipelines.train_vision_backbones:run_pipeline:170 - Train images: 94
2026-02-08 17:44:50.978 | INFO     | src.pipelines.train_vision_backbones:run_pipeline:171 - Test images: 355
2026-02-08 17:44:51.188 | INFO     | src.pipelines.train_vision_backbones:run_pipeline:176 - Training resnet18_autoencoder_frozen on GADF
2026-02-08 17:44:51.201 | INFO     | src.models.resnet18_autoencoder.training:train_autoencoder_frozen:25 - Device: cuda | Model on: cuda:0
2026-02-08 17:45:06.969 | INFO     | src.pipelines.train_vision_backbones:run_pipeline:193 - Evaluating resnet18_autoencoder_frozen on GADF
2026-02-08 17:45:07.318 | INFO     | src.models.evaluation:evaluate_tsb_ad_nonoverlapping:65 - Normal (17617) reconstruction error: mean=0.3289, std=0.1522
2026-02-08 17:45:07.318 | INFO     | src.models.evaluation:evaluate_tsb_ad_nonoverlapping:66 - Anomaly (161) reconstruction error: mean=0.4765, std=0.1109
2026-02-08 17:45:07.318 | INFO     | src.models.evaluation:evaluate_tsb_ad_nonoverlapping:67 - Overlap? Normal max=1.0000, Anomaly min=0.1762
2026-02-08 17:45:09.847 | INFO     | src.models.evaluation:evaluate_tsb_ad_nonoverlapping:83 - {'AUC-PR': 0.039329785322695314, 'AUC-ROC': 0.7980097216938609, 'VUS-PR': np.float64(0.038663650021543615), 'VUS-ROC': np.float64(0.8007081097954237), 'Standard-F1': np.float64(0.09945153547290699), 'PA-F1': 0.19852034525277434, 'Event-based-F1': np.float64(0.0999999999999999), 'R-based-F1': 0.08254258602949582, 'Affiliation-F': 0.6674662121788629}
2026-02-08 17:45:10.006 | INFO     | src.pipelines.train_vision_backbones:run_pipeline:170 - Train images: 94
2026-02-08 17:45:10.006 | INFO     | src.pipelines.train_vision_backbones:run_pipeline:171 - Test images: 355
2026-02-08 17:45:10.222 | INFO     | src.pipelines.train_vision_backbones:run_pipeline:176 - Training resnet18_autoencoder_progressive_unfreeze on GADF
2026-02-08 17:45:10.236 | INFO     | src.models.resnet18_autoencoder.training:train_autoencoder_progressive_unfreeze:133 - Device: cuda | Model on: cuda:0
2026-02-08 17:45:25.174 | INFO     | src.pipelines.train_vision_backbones:run_pipeline:193 - Evaluating resnet18_autoencoder_progressive_unfreeze on GADF
2026-02-08 17:45:28.767 | INFO     | src.models.evaluation:evaluate_tsb_ad_nonoverlapping:65 - Normal (17617) reconstruction error: mean=0.3551, std=0.1475
2026-02-08 17:45:28.767 | INFO     | src.models.evaluation:evaluate_tsb_ad_nonoverlapping:66 - Anomaly (161) reconstruction error: mean=0.4701, std=0.0465
2026-02-08 17:45:28.767 | INFO     | src.models.evaluation:evaluate_tsb_ad_nonoverlapping:67 - Overlap? Normal max=1.0000, Anomaly min=0.4198
2026-02-08 17:45:31.397 | INFO     | src.models.evaluation:evaluate_tsb_ad_nonoverlapping:83 - {'AUC-PR': 0.02791064161352875, 'AUC-ROC': 0.802715791529709, 'VUS-PR': np.float64(0.028196759849855188), 'VUS-ROC': np.float64(0.8039525925010714), 'Standard-F1': np.float64(0.06120450077370473), 'PA-F1': 0.12742382271468145, 'Event-based-F1': np.float64(0.06041335453100152), 'R-based-F1': 0.048341089926437465, 'Affiliation-F': 0.6686671542001941}
2026-02-08 17:45:31.555 | INFO     | src.pipelines.train_vision_backbones:run_pipeline:170 - Train images: 94
2026-02-08 17:45:31.556 | INFO     | src.pipelines.train_vision_backbones:run_pipeline:171 - Test images: 355
2026-02-08 17:45:31.771 | INFO     | src.pipelines.train_vision_backbones:run_pipeline:176 - Training resnet18_autoencoder_differential_lr on GADF
2026-02-08 17:45:31.785 | INFO     | src.models.resnet18_autoencoder.training:train_autoencoder_differential_lr:271 - Device: cuda | Model on: cuda:0
2026-02-08 17:45:49.195 | INFO     | src.pipelines.train_vision_backbones:run_pipeline:193 - Evaluating resnet18_autoencoder_differential_lr on GADF
2026-02-08 17:45:50.892 | INFO     | src.models.evaluation:evaluate_tsb_ad_nonoverlapping:65 - Normal (17617) reconstruction error: mean=0.3124, std=0.1523
2026-02-08 17:45:50.892 | INFO     | src.models.evaluation:evaluate_tsb_ad_nonoverlapping:66 - Anomaly (161) reconstruction error: mean=0.4360, std=0.0377
2026-02-08 17:45:50.892 | INFO     | src.models.evaluation:evaluate_tsb_ad_nonoverlapping:67 - Overlap? Normal max=1.0000, Anomaly min=0.3961
2026-02-08 17:45:53.328 | INFO     | src.models.evaluation:evaluate_tsb_ad_nonoverlapping:83 - {'AUC-PR': 0.028240349176981924, 'AUC-ROC': 0.8075988502071509, 'VUS-PR': np.float64(0.028626100706614577), 'VUS-ROC': np.float64(0.8088618789162286), 'Standard-F1': np.float64(0.06624087362249326), 'PA-F1': 0.13837559088955736, 'Event-based-F1': np.float64(0.06556709427815102), 'R-based-F1': 0.08566749092777547, 'Affiliation-F': 0.6666595043192551}
2026-02-08 17:45:53.484 | INFO     | src.pipelines.train_vision_backbones:run_pipeline:170 - Train images: 94
2026-02-08 17:45:53.484 | INFO     | src.pipelines.train_vision_backbones:run_pipeline:171 - Test images: 355
2026-02-08 17:45:54.430 | INFO     | src.pipelines.train_vision_backbones:run_pipeline:176 - Training pvt_autoencoder_frozen on GADF
2026-02-08 17:45:54.455 | INFO     | src.models.pvt_autoencoder.training:train_pvt_autoencoder_frozen:24 - Device: cuda | Model on: cuda:0
2026-02-08 17:46:12.300 | INFO     | src.pipelines.train_vision_backbones:run_pipeline:193 - Evaluating pvt_autoencoder_frozen on GADF
2026-02-08 17:46:15.504 | INFO     | src.models.evaluation:evaluate_tsb_ad_nonoverlapping:65 - Normal (17617) reconstruction error: mean=0.3375, std=0.1681
2026-02-08 17:46:15.504 | INFO     | src.models.evaluation:evaluate_tsb_ad_nonoverlapping:66 - Anomaly (161) reconstruction error: mean=0.5622, std=0.0972
2026-02-08 17:46:15.504 | INFO     | src.models.evaluation:evaluate_tsb_ad_nonoverlapping:67 - Overlap? Normal max=1.0000, Anomaly min=0.3037
2026-02-08 17:46:18.048 | INFO     | src.models.evaluation:evaluate_tsb_ad_nonoverlapping:83 - {'AUC-PR': 0.05449959471401734, 'AUC-ROC': 0.8701619377387101, 'VUS-PR': np.float64(0.05510446053896004), 'VUS-ROC': np.float64(0.8735473424691139), 'Standard-F1': np.float64(0.11783705432159018), 'PA-F1': 0.2735768903993203, 'Event-based-F1': np.float64(0.1162324649298596), 'R-based-F1': 0.1211829373551992, 'Affiliation-F': 0.6668664885561649}
2026-02-08 17:46:18.201 | INFO     | src.pipelines.train_vision_backbones:run_pipeline:170 - Train images: 94
2026-02-08 17:46:18.201 | INFO     | src.pipelines.train_vision_backbones:run_pipeline:171 - Test images: 355
2026-02-08 17:46:19.145 | INFO     | src.pipelines.train_vision_backbones:run_pipeline:176 - Training pvt_autoencoder_progressive_unfreeze on GADF
2026-02-08 17:46:19.168 | INFO     | src.models.pvt_autoencoder.training:train_pvt_autoencoder_progressive_unfreeze:132 - Device: cuda | Model on: cuda:0
2026-02-08 17:46:44.076 | INFO     | src.pipelines.train_vision_backbones:run_pipeline:193 - Evaluating pvt_autoencoder_progressive_unfreeze on GADF
2026-02-08 17:46:48.862 | INFO     | src.models.evaluation:evaluate_tsb_ad_nonoverlapping:65 - Normal (17617) reconstruction error: mean=0.4224, std=0.2109
2026-02-08 17:46:48.862 | INFO     | src.models.evaluation:evaluate_tsb_ad_nonoverlapping:66 - Anomaly (161) reconstruction error: mean=0.5501, std=0.1196
2026-02-08 17:46:48.862 | INFO     | src.models.evaluation:evaluate_tsb_ad_nonoverlapping:67 - Overlap? Normal max=1.0000, Anomaly min=0.2045
2026-02-08 17:46:51.775 | INFO     | src.models.evaluation:evaluate_tsb_ad_nonoverlapping:83 - {'AUC-PR': 0.02135795882694241, 'AUC-ROC': 0.7134640559284738, 'VUS-PR': np.float64(0.021646313370324053), 'VUS-ROC': np.float64(0.7175912598143811), 'Standard-F1': np.float64(0.05359395229018572), 'PA-F1': 0.09826060421116875, 'Event-based-F1': np.float64(0.05277525022747946), 'R-based-F1': 0.07717849029836675, 'Affiliation-F': 0.6656292657568119}
2026-02-08 17:46:51.932 | INFO     | src.pipelines.train_vision_backbones:run_pipeline:170 - Train images: 94
2026-02-08 17:46:51.932 | INFO     | src.pipelines.train_vision_backbones:run_pipeline:171 - Test images: 355
2026-02-08 17:46:52.876 | INFO     | src.pipelines.train_vision_backbones:run_pipeline:176 - Training pvt_autoencoder_differential_lr on GADF
2026-02-08 17:46:52.901 | INFO     | src.models.pvt_autoencoder.training:train_pvt_autoencoder_differential_lr:267 - Device: cuda | Model on: cuda:0
2026-02-08 17:47:29.710 | INFO     | src.pipelines.train_vision_backbones:run_pipeline:193 - Evaluating pvt_autoencoder_differential_lr on GADF
2026-02-08 17:47:33.705 | INFO     | src.models.evaluation:evaluate_tsb_ad_nonoverlapping:65 - Normal (17617) reconstruction error: mean=0.4016, std=0.2020
2026-02-08 17:47:33.705 | INFO     | src.models.evaluation:evaluate_tsb_ad_nonoverlapping:66 - Anomaly (161) reconstruction error: mean=0.5622, std=0.1022
2026-02-08 17:47:33.705 | INFO     | src.models.evaluation:evaluate_tsb_ad_nonoverlapping:67 - Overlap? Normal max=1.0000, Anomaly min=0.2857
2026-02-08 17:47:36.532 | INFO     | src.models.evaluation:evaluate_tsb_ad_nonoverlapping:83 - {'AUC-PR': 0.02772932647200447, 'AUC-ROC': 0.7734174394650565, 'VUS-PR': np.float64(0.02846898411968157), 'VUS-ROC': np.float64(0.7781591765337694), 'Standard-F1': np.float64(0.0602778814779927), 'PA-F1': 0.15138692994828395, 'Event-based-F1': np.float64(0.058058058058058006), 'R-based-F1': 0.07717849029836675, 'Affiliation-F': 0.7752252588026797}
2026-02-08 17:47:36.856 | INFO     | src.pipelines.train_vision_backbones:run_pipeline:70 - Using zip: /net/scratch/hscra/plgrid/plgsmendowski12/ts2i_images/SMD/189_SMD_id_12_Facility_tr_5925_1st_17580_ts2i_MTF.zip for transformation MTF
2026-02-08 17:47:37.419 | INFO     | src.pipelines.train_vision_backbones:run_pipeline:170 - Train images: 94
2026-02-08 17:47:37.419 | INFO     | src.pipelines.train_vision_backbones:run_pipeline:171 - Test images: 355
2026-02-08 17:47:37.426 | INFO     | src.pipelines.train_vision_backbones:run_pipeline:176 - Training cnn_autoencoder on MTF
2026-02-08 17:47:37.430 | INFO     | src.models.cnn_autoencoder.training:train_autoencoder:22 - Device: cuda | Model on: cuda:0
2026-02-08 17:48:08.329 | INFO     | src.pipelines.train_vision_backbones:run_pipeline:193 - Evaluating cnn_autoencoder on MTF
2026-02-08 17:48:08.642 | INFO     | src.models.evaluation:evaluate_tsb_ad_nonoverlapping:65 - Normal (17617) reconstruction error: mean=0.1378, std=0.0676
2026-02-08 17:48:08.643 | INFO     | src.models.evaluation:evaluate_tsb_ad_nonoverlapping:66 - Anomaly (161) reconstruction error: mean=0.5543, std=0.3110
2026-02-08 17:48:08.643 | INFO     | src.models.evaluation:evaluate_tsb_ad_nonoverlapping:67 - Overlap? Normal max=0.5673, Anomaly min=0.2634
2026-02-08 17:48:10.339 | INFO     | src.models.evaluation:evaluate_tsb_ad_nonoverlapping:83 - {'AUC-PR': 0.5812732919254658, 'AUC-ROC': 0.9837415300085991, 'VUS-PR': np.float64(0.563970595929213), 'VUS-ROC': np.float64(0.984123389257752), 'Standard-F1': np.float64(0.6149535071490778), 'PA-F1': 1.0, 'Event-based-F1': np.float64(0.9999999999999996), 'R-based-F1': 0.6192109777015438, 'Affiliation-F': 0.9988840767138231}
2026-02-08 17:48:10.495 | INFO     | src.pipelines.train_vision_backbones:run_pipeline:170 - Train images: 94
2026-02-08 17:48:10.495 | INFO     | src.pipelines.train_vision_backbones:run_pipeline:171 - Test images: 355
2026-02-08 17:48:10.709 | INFO     | src.pipelines.train_vision_backbones:run_pipeline:176 - Training resnet18_autoencoder_frozen on MTF
2026-02-08 17:48:10.723 | INFO     | src.models.resnet18_autoencoder.training:train_autoencoder_frozen:25 - Device: cuda | Model on: cuda:0
2026-02-08 17:48:40.199 | INFO     | src.pipelines.train_vision_backbones:run_pipeline:193 - Evaluating resnet18_autoencoder_frozen on MTF
2026-02-08 17:48:40.671 | INFO     | src.models.evaluation:evaluate_tsb_ad_nonoverlapping:65 - Normal (17617) reconstruction error: mean=0.1495, std=0.0649
2026-02-08 17:48:40.671 | INFO     | src.models.evaluation:evaluate_tsb_ad_nonoverlapping:66 - Anomaly (161) reconstruction error: mean=0.5422, std=0.3174
2026-02-08 17:48:40.671 | INFO     | src.models.evaluation:evaluate_tsb_ad_nonoverlapping:67 - Overlap? Normal max=0.5418, Anomaly min=0.2548
2026-02-08 17:48:42.421 | INFO     | src.models.evaluation:evaluate_tsb_ad_nonoverlapping:83 - {'AUC-PR': 0.5195652173913043, 'AUC-ROC': 0.9777478839785257, 'VUS-PR': np.float64(0.5324050517685629), 'VUS-ROC': np.float64(0.9791330004143888), 'Standard-F1': np.float64(0.5057423995979139), 'PA-F1': 1.0, 'Event-based-F1': np.float64(0.9999999999999996), 'R-based-F1': 0.6192109777015438, 'Affiliation-F': 0.9988840767138231}
2026-02-08 17:48:42.577 | INFO     | src.pipelines.train_vision_backbones:run_pipeline:170 - Train images: 94
2026-02-08 17:48:42.577 | INFO     | src.pipelines.train_vision_backbones:run_pipeline:171 - Test images: 355
2026-02-08 17:48:42.792 | INFO     | src.pipelines.train_vision_backbones:run_pipeline:176 - Training resnet18_autoencoder_progressive_unfreeze on MTF
2026-02-08 17:48:42.806 | INFO     | src.models.resnet18_autoencoder.training:train_autoencoder_progressive_unfreeze:133 - Device: cuda | Model on: cuda:0
2026-02-08 17:49:12.318 | INFO     | src.pipelines.train_vision_backbones:run_pipeline:193 - Evaluating resnet18_autoencoder_progressive_unfreeze on MTF
2026-02-08 17:49:17.220 | INFO     | src.models.evaluation:evaluate_tsb_ad_nonoverlapping:65 - Normal (17617) reconstruction error: mean=0.1484, std=0.0635
2026-02-08 17:49:17.220 | INFO     | src.models.evaluation:evaluate_tsb_ad_nonoverlapping:66 - Anomaly (161) reconstruction error: mean=0.5403, std=0.3184
2026-02-08 17:49:17.220 | INFO     | src.models.evaluation:evaluate_tsb_ad_nonoverlapping:67 - Overlap? Normal max=0.5381, Anomaly min=0.2540
2026-02-08 17:49:18.959 | INFO     | src.models.evaluation:evaluate_tsb_ad_nonoverlapping:83 - {'AUC-PR': 0.5457029926595144, 'AUC-ROC': 0.9811854162604796, 'VUS-PR': np.float64(0.5595462359359952), 'VUS-ROC': np.float64(0.9828648342275529), 'Standard-F1': np.float64(0.5401412199022158), 'PA-F1': 1.0, 'Event-based-F1': np.float64(0.9999999999999996), 'R-based-F1': 0.6192109777015438, 'Affiliation-F': 0.9988840767138231}
2026-02-08 17:49:19.119 | INFO     | src.pipelines.train_vision_backbones:run_pipeline:170 - Train images: 94
2026-02-08 17:49:19.119 | INFO     | src.pipelines.train_vision_backbones:run_pipeline:171 - Test images: 355
2026-02-08 17:49:19.327 | INFO     | src.pipelines.train_vision_backbones:run_pipeline:176 - Training resnet18_autoencoder_differential_lr on MTF
2026-02-08 17:49:19.340 | INFO     | src.models.resnet18_autoencoder.training:train_autoencoder_differential_lr:271 - Device: cuda | Model on: cuda:0
2026-02-08 17:49:52.630 | INFO     | src.pipelines.train_vision_backbones:run_pipeline:193 - Evaluating resnet18_autoencoder_differential_lr on MTF
2026-02-08 17:49:55.440 | INFO     | src.models.evaluation:evaluate_tsb_ad_nonoverlapping:65 - Normal (17617) reconstruction error: mean=0.0795, std=0.1657
2026-02-08 17:49:55.440 | INFO     | src.models.evaluation:evaluate_tsb_ad_nonoverlapping:66 - Anomaly (161) reconstruction error: mean=0.1369, std=0.0786
2026-02-08 17:49:55.440 | INFO     | src.models.evaluation:evaluate_tsb_ad_nonoverlapping:67 - Overlap? Normal max=1.0000, Anomaly min=0.0646
2026-02-08 17:49:56.878 | INFO     | src.models.evaluation:evaluate_tsb_ad_nonoverlapping:83 - {'AUC-PR': 0.0528517820282319, 'AUC-ROC': 0.9000561287322345, 'VUS-PR': np.float64(0.053270748919460015), 'VUS-ROC': np.float64(0.9003235905396978), 'Standard-F1': np.float64(0.11545247970915497), 'PA-F1': 0.22644163150492264, 'Event-based-F1': np.float64(0.10595590654820652), 'R-based-F1': 0.08609587407584068, 'Affiliation-F': 0.7040310485608128}
2026-02-08 17:49:57.034 | INFO     | src.pipelines.train_vision_backbones:run_pipeline:170 - Train images: 94
2026-02-08 17:49:57.034 | INFO     | src.pipelines.train_vision_backbones:run_pipeline:171 - Test images: 355
2026-02-08 17:49:57.980 | INFO     | src.pipelines.train_vision_backbones:run_pipeline:176 - Training pvt_autoencoder_frozen on MTF
2026-02-08 17:49:58.003 | INFO     | src.models.pvt_autoencoder.training:train_pvt_autoencoder_frozen:24 - Device: cuda | Model on: cuda:0
2026-02-08 17:50:31.568 | INFO     | src.pipelines.train_vision_backbones:run_pipeline:193 - Evaluating pvt_autoencoder_frozen on MTF
2026-02-08 17:50:37.164 | INFO     | src.models.evaluation:evaluate_tsb_ad_nonoverlapping:65 - Normal (17617) reconstruction error: mean=0.1496, std=0.0643
2026-02-08 17:50:37.165 | INFO     | src.models.evaluation:evaluate_tsb_ad_nonoverlapping:66 - Anomaly (161) reconstruction error: mean=0.5466, std=0.3137
2026-02-08 17:50:37.165 | INFO     | src.models.evaluation:evaluate_tsb_ad_nonoverlapping:67 - Overlap? Normal max=0.5212, Anomaly min=0.2558
2026-02-08 17:50:38.894 | INFO     | src.models.evaluation:evaluate_tsb_ad_nonoverlapping:83 - {'AUC-PR': 0.5747515527950311, 'AUC-ROC': 0.9810972744070962, 'VUS-PR': np.float64(0.5576226011563353), 'VUS-ROC': np.float64(0.9816062791973539), 'Standard-F1': np.float64(0.6149535071490778), 'PA-F1': 1.0, 'Event-based-F1': np.float64(0.9999999999999996), 'R-based-F1': 0.6192109777015438, 'Affiliation-F': 0.9988840767138231}
2026-02-08 17:50:39.046 | INFO     | src.pipelines.train_vision_backbones:run_pipeline:170 - Train images: 94
2026-02-08 17:50:39.046 | INFO     | src.pipelines.train_vision_backbones:run_pipeline:171 - Test images: 355
2026-02-08 17:50:39.992 | INFO     | src.pipelines.train_vision_backbones:run_pipeline:176 - Training pvt_autoencoder_progressive_unfreeze on MTF
2026-02-08 17:50:40.016 | INFO     | src.models.pvt_autoencoder.training:train_pvt_autoencoder_progressive_unfreeze:132 - Device: cuda | Model on: cuda:0
2026-02-08 17:51:10.892 | INFO     | src.pipelines.train_vision_backbones:run_pipeline:193 - Evaluating pvt_autoencoder_progressive_unfreeze on MTF
2026-02-08 17:51:13.731 | INFO     | src.models.evaluation:evaluate_tsb_ad_nonoverlapping:65 - Normal (17617) reconstruction error: mean=0.1605, std=0.0679
2026-02-08 17:51:13.731 | INFO     | src.models.evaluation:evaluate_tsb_ad_nonoverlapping:66 - Anomaly (161) reconstruction error: mean=0.5595, std=0.3064
2026-02-08 17:51:13.731 | INFO     | src.models.evaluation:evaluate_tsb_ad_nonoverlapping:67 - Overlap? Normal max=0.5651, Anomaly min=0.2773
2026-02-08 17:51:15.521 | INFO     | src.models.evaluation:evaluate_tsb_ad_nonoverlapping:83 - {'AUC-PR': 0.5788923395445134, 'AUC-ROC': 0.9828601114747649, 'VUS-PR': np.float64(0.5595462359359952), 'VUS-ROC': np.float64(0.9828648342275529), 'Standard-F1': np.float64(0.6149535071490778), 'PA-F1': 1.0, 'Event-based-F1': np.float64(0.9999999999999996), 'R-based-F1': 0.6192109777015438, 'Affiliation-F': 0.9988840767138231}
2026-02-08 17:51:15.678 | INFO     | src.pipelines.train_vision_backbones:run_pipeline:170 - Train images: 94
2026-02-08 17:51:15.678 | INFO     | src.pipelines.train_vision_backbones:run_pipeline:171 - Test images: 355
2026-02-08 17:51:16.667 | INFO     | src.pipelines.train_vision_backbones:run_pipeline:176 - Training pvt_autoencoder_differential_lr on MTF
2026-02-08 17:51:16.690 | INFO     | src.models.pvt_autoencoder.training:train_pvt_autoencoder_differential_lr:267 - Device: cuda | Model on: cuda:0
2026-02-08 17:51:58.268 | INFO     | src.pipelines.train_vision_backbones:run_pipeline:193 - Evaluating pvt_autoencoder_differential_lr on MTF
2026-02-08 17:52:03.128 | INFO     | src.models.evaluation:evaluate_tsb_ad_nonoverlapping:65 - Normal (17617) reconstruction error: mean=0.1591, std=0.0671
2026-02-08 17:52:03.128 | INFO     | src.models.evaluation:evaluate_tsb_ad_nonoverlapping:66 - Anomaly (161) reconstruction error: mean=0.5550, std=0.3090
2026-02-08 17:52:03.128 | INFO     | src.models.evaluation:evaluate_tsb_ad_nonoverlapping:67 - Overlap? Normal max=0.5496, Anomaly min=0.2686
2026-02-08 17:52:04.911 | INFO     | src.models.evaluation:evaluate_tsb_ad_nonoverlapping:83 - {'AUC-PR': 0.5729399585921324, 'AUC-ROC': 0.980215855873262, 'VUS-PR': np.float64(0.554237003944134), 'VUS-ROC': np.float64(0.9803477241671548), 'Standard-F1': np.float64(0.6149535071490778), 'PA-F1': 1.0, 'Event-based-F1': np.float64(0.9999999999999996), 'R-based-F1': 0.6192109777015438, 'Affiliation-F': 0.9988840767138231}
2026-02-08 17:52:05.339 | INFO     | src.pipelines.train_vision_backbones:run_pipeline:70 - Using zip: /net/scratch/hscra/plgrid/plgsmendowski12/ts2i_images/SMD/189_SMD_id_12_Facility_tr_5925_1st_17580_ts2i_RP.zip for transformation RP
2026-02-08 17:52:05.874 | INFO     | src.pipelines.train_vision_backbones:run_pipeline:170 - Train images: 94
2026-02-08 17:52:05.874 | INFO     | src.pipelines.train_vision_backbones:run_pipeline:171 - Test images: 355
2026-02-08 17:52:05.881 | INFO     | src.pipelines.train_vision_backbones:run_pipeline:176 - Training cnn_autoencoder on RP
2026-02-08 17:52:05.886 | INFO     | src.models.cnn_autoencoder.training:train_autoencoder:22 - Device: cuda | Model on: cuda:0
2026-02-08 17:52:27.332 | INFO     | src.pipelines.train_vision_backbones:run_pipeline:193 - Evaluating cnn_autoencoder on RP
2026-02-08 17:52:27.623 | INFO     | src.models.evaluation:evaluate_tsb_ad_nonoverlapping:65 - Normal (17617) reconstruction error: mean=0.3882, std=0.1707
2026-02-08 17:52:27.623 | INFO     | src.models.evaluation:evaluate_tsb_ad_nonoverlapping:66 - Anomaly (161) reconstruction error: mean=0.6084, std=0.2351
2026-02-08 17:52:27.623 | INFO     | src.models.evaluation:evaluate_tsb_ad_nonoverlapping:67 - Overlap? Normal max=1.0000, Anomaly min=0.2670
2026-02-08 17:52:30.438 | INFO     | src.models.evaluation:evaluate_tsb_ad_nonoverlapping:83 - {'AUC-PR': 0.13190564252780745, 'AUC-ROC': 0.7551191907026562, 'VUS-PR': np.float64(0.11931985535796269), 'VUS-ROC': np.float64(0.7650690943053455), 'Standard-F1': np.float64(0.2770033686933674), 'PA-F1': 0.6822033898305084, 'Event-based-F1': np.float64(0.39999999999999963), 'R-based-F1': 0.3210315695864829, 'Affiliation-F': 0.6970684163694698}
2026-02-08 17:52:30.592 | INFO     | src.pipelines.train_vision_backbones:run_pipeline:170 - Train images: 94
2026-02-08 17:52:30.593 | INFO     | src.pipelines.train_vision_backbones:run_pipeline:171 - Test images: 355
2026-02-08 17:52:30.808 | INFO     | src.pipelines.train_vision_backbones:run_pipeline:176 - Training resnet18_autoencoder_frozen on RP
2026-02-08 17:52:30.822 | INFO     | src.models.resnet18_autoencoder.training:train_autoencoder_frozen:25 - Device: cuda | Model on: cuda:0
2026-02-08 17:52:52.948 | INFO     | src.pipelines.train_vision_backbones:run_pipeline:193 - Evaluating resnet18_autoencoder_frozen on RP
2026-02-08 17:52:53.280 | INFO     | src.models.evaluation:evaluate_tsb_ad_nonoverlapping:65 - Normal (17617) reconstruction error: mean=0.3723, std=0.1571
2026-02-08 17:52:53.280 | INFO     | src.models.evaluation:evaluate_tsb_ad_nonoverlapping:66 - Anomaly (161) reconstruction error: mean=0.6859, std=0.2295
2026-02-08 17:52:53.280 | INFO     | src.models.evaluation:evaluate_tsb_ad_nonoverlapping:67 - Overlap? Normal max=1.0000, Anomaly min=0.3543
2026-02-08 17:52:56.004 | INFO     | src.models.evaluation:evaluate_tsb_ad_nonoverlapping:83 - {'AUC-PR': 0.23685471405390066, 'AUC-ROC': 0.822424309946244, 'VUS-PR': np.float64(0.2443290306825011), 'VUS-ROC': np.float64(0.8309480175886521), 'Standard-F1': np.float64(0.46228233913070815), 'PA-F1': 0.7630331753554502, 'Event-based-F1': np.float64(0.550724637681159), 'R-based-F1': 0.3824152542372881, 'Affiliation-F': 0.8009540788807533}
2026-02-08 17:52:56.159 | INFO     | src.pipelines.train_vision_backbones:run_pipeline:170 - Train images: 94
2026-02-08 17:52:56.159 | INFO     | src.pipelines.train_vision_backbones:run_pipeline:171 - Test images: 355
2026-02-08 17:52:56.369 | INFO     | src.pipelines.train_vision_backbones:run_pipeline:176 - Training resnet18_autoencoder_progressive_unfreeze on RP
2026-02-08 17:52:56.383 | INFO     | src.models.resnet18_autoencoder.training:train_autoencoder_progressive_unfreeze:133 - Device: cuda | Model on: cuda:0
2026-02-08 17:53:16.437 | INFO     | src.pipelines.train_vision_backbones:run_pipeline:193 - Evaluating resnet18_autoencoder_progressive_unfreeze on RP
2026-02-08 17:53:16.761 | INFO     | src.models.evaluation:evaluate_tsb_ad_nonoverlapping:65 - Normal (17617) reconstruction error: mean=0.3825, std=0.1718
2026-02-08 17:53:16.761 | INFO     | src.models.evaluation:evaluate_tsb_ad_nonoverlapping:66 - Anomaly (161) reconstruction error: mean=0.6377, std=0.2321
2026-02-08 17:53:16.761 | INFO     | src.models.evaluation:evaluate_tsb_ad_nonoverlapping:67 - Overlap? Normal max=1.0000, Anomaly min=0.2984
2026-02-08 17:53:19.520 | INFO     | src.models.evaluation:evaluate_tsb_ad_nonoverlapping:83 - {'AUC-PR': 0.11032878697534872, 'AUC-ROC': 0.773893405473327, 'VUS-PR': np.float64(0.11081640959089971), 'VUS-ROC': np.float64(0.7835911041235089), 'Standard-F1': np.float64(0.25783668077199956), 'PA-F1': 0.5629370629370629, 'Event-based-F1': np.float64(0.2857142857142854), 'R-based-F1': 0.24301581958936386, 'Affiliation-F': 0.9519610231857442}
2026-02-08 17:53:19.676 | INFO     | src.pipelines.train_vision_backbones:run_pipeline:170 - Train images: 94
2026-02-08 17:53:19.676 | INFO     | src.pipelines.train_vision_backbones:run_pipeline:171 - Test images: 355
2026-02-08 17:53:19.883 | INFO     | src.pipelines.train_vision_backbones:run_pipeline:176 - Training resnet18_autoencoder_differential_lr on RP
2026-02-08 17:53:19.896 | INFO     | src.models.resnet18_autoencoder.training:train_autoencoder_differential_lr:271 - Device: cuda | Model on: cuda:0
2026-02-08 17:53:52.867 | INFO     | src.pipelines.train_vision_backbones:run_pipeline:193 - Evaluating resnet18_autoencoder_differential_lr on RP
2026-02-08 17:53:55.863 | INFO     | src.models.evaluation:evaluate_tsb_ad_nonoverlapping:65 - Normal (17617) reconstruction error: mean=0.3972, std=0.1662
2026-02-08 17:53:55.863 | INFO     | src.models.evaluation:evaluate_tsb_ad_nonoverlapping:66 - Anomaly (161) reconstruction error: mean=0.7185, std=0.2138
2026-02-08 17:53:55.863 | INFO     | src.models.evaluation:evaluate_tsb_ad_nonoverlapping:67 - Overlap? Normal max=1.0000, Anomaly min=0.4076
2026-02-08 17:53:58.705 | INFO     | src.models.evaluation:evaluate_tsb_ad_nonoverlapping:83 - {'AUC-PR': 0.20649686990824115, 'AUC-ROC': 0.8459758131702967, 'VUS-PR': np.float64(0.21628791954420015), 'VUS-ROC': np.float64(0.8530588969496736), 'Standard-F1': np.float64(0.4121429600399658), 'PA-F1': 0.7540983606557377, 'Event-based-F1': np.float64(0.48101265822784767), 'R-based-F1': 0.35124463519313304, 'Affiliation-F': 0.7798972870954954}
2026-02-08 17:53:58.863 | INFO     | src.pipelines.train_vision_backbones:run_pipeline:170 - Train images: 94
2026-02-08 17:53:58.863 | INFO     | src.pipelines.train_vision_backbones:run_pipeline:171 - Test images: 355
2026-02-08 17:53:59.831 | INFO     | src.pipelines.train_vision_backbones:run_pipeline:176 - Training pvt_autoencoder_frozen on RP
2026-02-08 17:53:59.856 | INFO     | src.models.pvt_autoencoder.training:train_pvt_autoencoder_frozen:24 - Device: cuda | Model on: cuda:0
2026-02-08 17:54:33.987 | INFO     | src.pipelines.train_vision_backbones:run_pipeline:193 - Evaluating pvt_autoencoder_frozen on RP
2026-02-08 17:54:38.027 | INFO     | src.models.evaluation:evaluate_tsb_ad_nonoverlapping:65 - Normal (17617) reconstruction error: mean=0.3639, std=0.1642
2026-02-08 17:54:38.027 | INFO     | src.models.evaluation:evaluate_tsb_ad_nonoverlapping:66 - Anomaly (161) reconstruction error: mean=0.6441, std=0.2329
2026-02-08 17:54:38.027 | INFO     | src.models.evaluation:evaluate_tsb_ad_nonoverlapping:67 - Overlap? Normal max=1.0000, Anomaly min=0.3261
2026-02-08 17:54:40.710 | INFO     | src.models.evaluation:evaluate_tsb_ad_nonoverlapping:83 - {'AUC-PR': 0.17983706489428186, 'AUC-ROC': 0.7969160575770791, 'VUS-PR': np.float64(0.18356251194928574), 'VUS-ROC': np.float64(0.8059965470199066), 'Standard-F1': np.float64(0.33867683445198643), 'PA-F1': 0.6822033898305084, 'Event-based-F1': np.float64(0.39999999999999963), 'R-based-F1': 0.3210315695864829, 'Affiliation-F': 0.7691295917332542}
2026-02-08 17:54:40.861 | INFO     | src.pipelines.train_vision_backbones:run_pipeline:170 - Train images: 94
2026-02-08 17:54:40.861 | INFO     | src.pipelines.train_vision_backbones:run_pipeline:171 - Test images: 355
2026-02-08 17:54:41.827 | INFO     | src.pipelines.train_vision_backbones:run_pipeline:176 - Training pvt_autoencoder_progressive_unfreeze on RP
2026-02-08 17:54:41.852 | INFO     | src.models.pvt_autoencoder.training:train_pvt_autoencoder_progressive_unfreeze:132 - Device: cuda | Model on: cuda:0
2026-02-08 17:55:12.652 | INFO     | src.pipelines.train_vision_backbones:run_pipeline:193 - Evaluating pvt_autoencoder_progressive_unfreeze on RP
2026-02-08 17:55:15.883 | INFO     | src.models.evaluation:evaluate_tsb_ad_nonoverlapping:65 - Normal (17617) reconstruction error: mean=0.3869, std=0.1687
2026-02-08 17:55:15.883 | INFO     | src.models.evaluation:evaluate_tsb_ad_nonoverlapping:66 - Anomaly (161) reconstruction error: mean=0.6237, std=0.1930
2026-02-08 17:55:15.883 | INFO     | src.models.evaluation:evaluate_tsb_ad_nonoverlapping:67 - Overlap? Normal max=1.0000, Anomaly min=0.3546
2026-02-08 17:55:18.677 | INFO     | src.models.evaluation:evaluate_tsb_ad_nonoverlapping:83 - {'AUC-PR': 0.09992313556912844, 'AUC-ROC': 0.7984497258259509, 'VUS-PR': np.float64(0.10512420419765349), 'VUS-ROC': np.float64(0.8071944471722088), 'Standard-F1': np.float64(0.218973336752201), 'PA-F1': 0.6110056925996205, 'Event-based-F1': np.float64(0.3050847457627116), 'R-based-F1': 0.25264457707347193, 'Affiliation-F': 0.7741644627883182}
2026-02-08 17:55:18.867 | INFO     | src.pipelines.train_vision_backbones:run_pipeline:170 - Train images: 94
2026-02-08 17:55:18.867 | INFO     | src.pipelines.train_vision_backbones:run_pipeline:171 - Test images: 355
2026-02-08 17:55:19.835 | INFO     | src.pipelines.train_vision_backbones:run_pipeline:176 - Training pvt_autoencoder_differential_lr on RP
2026-02-08 17:55:19.859 | INFO     | src.models.pvt_autoencoder.training:train_pvt_autoencoder_differential_lr:267 - Device: cuda | Model on: cuda:0
2026-02-08 17:55:59.569 | INFO     | src.pipelines.train_vision_backbones:run_pipeline:193 - Evaluating pvt_autoencoder_differential_lr on RP
2026-02-08 17:56:02.928 | INFO     | src.models.evaluation:evaluate_tsb_ad_nonoverlapping:65 - Normal (17617) reconstruction error: mean=0.4087, std=0.1589
2026-02-08 17:56:02.928 | INFO     | src.models.evaluation:evaluate_tsb_ad_nonoverlapping:66 - Anomaly (161) reconstruction error: mean=0.6143, std=0.1618
2026-02-08 17:56:02.928 | INFO     | src.models.evaluation:evaluate_tsb_ad_nonoverlapping:67 - Overlap? Normal max=1.0000, Anomaly min=0.3768
2026-02-08 17:56:05.820 | INFO     | src.models.evaluation:evaluate_tsb_ad_nonoverlapping:83 - {'AUC-PR': 0.08173600409108162, 'AUC-ROC': 0.7971628547665528, 'VUS-PR': np.float64(0.08234961266000433), 'VUS-ROC': np.float64(0.8052976721984865), 'Standard-F1': np.float64(0.22067059483146434), 'PA-F1': 0.4144144144144144, 'Event-based-F1': np.float64(0.23899371069182365), 'R-based-F1': 0.16180308422301304, 'Affiliation-F': 0.7237588518148003}
2026-02-08 17:56:06.146 | INFO     | src.pipelines.train_vision_backbones:run_pipeline:70 - Using zip: /net/scratch/hscra/plgrid/plgsmendowski12/ts2i_images/SMD/189_SMD_id_12_Facility_tr_5925_1st_17580_ts2i_RWT.zip for transformation RWT
2026-02-08 17:56:06.668 | INFO     | src.pipelines.train_vision_backbones:run_pipeline:170 - Train images: 94
2026-02-08 17:56:06.668 | INFO     | src.pipelines.train_vision_backbones:run_pipeline:171 - Test images: 355
2026-02-08 17:56:06.675 | INFO     | src.pipelines.train_vision_backbones:run_pipeline:176 - Training cnn_autoencoder on RWT
2026-02-08 17:56:06.679 | INFO     | src.models.cnn_autoencoder.training:train_autoencoder:22 - Device: cuda | Model on: cuda:0
2026-02-08 17:56:36.699 | INFO     | src.pipelines.train_vision_backbones:run_pipeline:193 - Evaluating cnn_autoencoder on RWT
2026-02-08 17:56:37.014 | INFO     | src.models.evaluation:evaluate_tsb_ad_nonoverlapping:65 - Normal (17617) reconstruction error: mean=0.0087, std=0.0449
2026-02-08 17:56:37.015 | INFO     | src.models.evaluation:evaluate_tsb_ad_nonoverlapping:66 - Anomaly (161) reconstruction error: mean=0.4844, std=0.3468
2026-02-08 17:56:37.015 | INFO     | src.models.evaluation:evaluate_tsb_ad_nonoverlapping:67 - Overlap? Normal max=1.0000, Anomaly min=0.0514
2026-02-08 17:56:38.146 | INFO     | src.models.evaluation:evaluate_tsb_ad_nonoverlapping:83 - {'AUC-PR': 0.6436024844720498, 'AUC-ROC': 0.9971567200935573, 'VUS-PR': np.float64(0.6621807699674231), 'VUS-ROC': np.float64(0.9977783666740275), 'Standard-F1': np.float64(0.7834502223222486), 'PA-F1': 0.9044943820224719, 'Event-based-F1': np.float64(0.8505747126436776), 'R-based-F1': 0.5739750445632799, 'Affiliation-F': 0.9983815128742215}
2026-02-08 17:56:38.296 | INFO     | src.pipelines.train_vision_backbones:run_pipeline:170 - Train images: 94
2026-02-08 17:56:38.297 | INFO     | src.pipelines.train_vision_backbones:run_pipeline:171 - Test images: 355
2026-02-08 17:56:38.511 | INFO     | src.pipelines.train_vision_backbones:run_pipeline:176 - Training resnet18_autoencoder_frozen on RWT
2026-02-08 17:56:38.524 | INFO     | src.models.resnet18_autoencoder.training:train_autoencoder_frozen:25 - Device: cuda | Model on: cuda:0
2026-02-08 17:57:00.674 | INFO     | src.pipelines.train_vision_backbones:run_pipeline:193 - Evaluating resnet18_autoencoder_frozen on RWT
2026-02-08 17:57:02.034 | INFO     | src.models.evaluation:evaluate_tsb_ad_nonoverlapping:65 - Normal (17617) reconstruction error: mean=0.0282, std=0.0499
2026-02-08 17:57:02.034 | INFO     | src.models.evaluation:evaluate_tsb_ad_nonoverlapping:66 - Anomaly (161) reconstruction error: mean=0.6502, std=0.2906
2026-02-08 17:57:02.034 | INFO     | src.models.evaluation:evaluate_tsb_ad_nonoverlapping:67 - Overlap? Normal max=0.9304, Anomaly min=0.3150
2026-02-08 17:57:03.255 | INFO     | src.models.evaluation:evaluate_tsb_ad_nonoverlapping:83 - {'AUC-PR': 0.8329813664596273, 'AUC-ROC': 0.9986375032303989, 'VUS-PR': np.float64(0.7973022844076822), 'VUS-ROC': np.float64(0.9983432033801403), 'Standard-F1': np.float64(0.8919618173860532), 'PA-F1': 1.0, 'Event-based-F1': np.float64(0.9999999999999996), 'R-based-F1': 0.89196675900277, 'Affiliation-F': 0.9989498489528046}
2026-02-08 17:57:03.411 | INFO     | src.pipelines.train_vision_backbones:run_pipeline:170 - Train images: 94
2026-02-08 17:57:03.411 | INFO     | src.pipelines.train_vision_backbones:run_pipeline:171 - Test images: 355
2026-02-08 17:57:03.619 | INFO     | src.pipelines.train_vision_backbones:run_pipeline:176 - Training resnet18_autoencoder_progressive_unfreeze on RWT
2026-02-08 17:57:03.632 | INFO     | src.models.resnet18_autoencoder.training:train_autoencoder_progressive_unfreeze:133 - Device: cuda | Model on: cuda:0
2026-02-08 17:57:28.156 | INFO     | src.pipelines.train_vision_backbones:run_pipeline:193 - Evaluating resnet18_autoencoder_progressive_unfreeze on RWT
2026-02-08 17:57:30.999 | INFO     | src.models.evaluation:evaluate_tsb_ad_nonoverlapping:65 - Normal (17617) reconstruction error: mean=0.0161, std=0.0460
2026-02-08 17:57:30.999 | INFO     | src.models.evaluation:evaluate_tsb_ad_nonoverlapping:66 - Anomaly (161) reconstruction error: mean=0.5175, std=0.2804
2026-02-08 17:57:30.999 | INFO     | src.models.evaluation:evaluate_tsb_ad_nonoverlapping:67 - Overlap? Normal max=1.0000, Anomaly min=0.1645
2026-02-08 17:57:32.155 | INFO     | src.models.evaluation:evaluate_tsb_ad_nonoverlapping:83 - {'AUC-PR': 0.6936024844720498, 'AUC-ROC': 0.9980381386273915, 'VUS-PR': np.float64(0.6621807699674231), 'VUS-ROC': np.float64(0.9977783666740275), 'Standard-F1': np.float64(0.8919618173860532), 'PA-F1': 0.9044943820224719, 'Event-based-F1': np.float64(0.8919667590027696), 'R-based-F1': 0.89196675900277, 'Affiliation-F': 0.9989498489528046}
2026-02-08 17:57:32.310 | INFO     | src.pipelines.train_vision_backbones:run_pipeline:170 - Train images: 94
2026-02-08 17:57:32.310 | INFO     | src.pipelines.train_vision_backbones:run_pipeline:171 - Test images: 355
2026-02-08 17:57:32.524 | INFO     | src.pipelines.train_vision_backbones:run_pipeline:176 - Training resnet18_autoencoder_differential_lr on RWT
2026-02-08 17:57:32.538 | INFO     | src.models.resnet18_autoencoder.training:train_autoencoder_differential_lr:271 - Device: cuda | Model on: cuda:0
2026-02-08 17:57:55.218 | INFO     | src.pipelines.train_vision_backbones:run_pipeline:193 - Evaluating resnet18_autoencoder_differential_lr on RWT
2026-02-08 17:57:57.837 | INFO     | src.models.evaluation:evaluate_tsb_ad_nonoverlapping:65 - Normal (17617) reconstruction error: mean=0.0177, std=0.0462
2026-02-08 17:57:57.837 | INFO     | src.models.evaluation:evaluate_tsb_ad_nonoverlapping:66 - Anomaly (161) reconstruction error: mean=0.5588, std=0.2772
2026-02-08 17:57:57.837 | INFO     | src.models.evaluation:evaluate_tsb_ad_nonoverlapping:67 - Overlap? Normal max=1.0000, Anomaly min=0.1980
2026-02-08 17:57:59.007 | INFO     | src.models.evaluation:evaluate_tsb_ad_nonoverlapping:83 - {'AUC-PR': 0.6936024844720498, 'AUC-ROC': 0.9980381386273915, 'VUS-PR': np.float64(0.6621807699674231), 'VUS-ROC': np.float64(0.9977783666740275), 'Standard-F1': np.float64(0.8919618173860532), 'PA-F1': 0.9044943820224719, 'Event-based-F1': np.float64(0.8919667590027696), 'R-based-F1': 0.89196675900277, 'Affiliation-F': 0.9989498489528046}
2026-02-08 17:57:59.166 | INFO     | src.pipelines.train_vision_backbones:run_pipeline:170 - Train images: 94
2026-02-08 17:57:59.166 | INFO     | src.pipelines.train_vision_backbones:run_pipeline:171 - Test images: 355
2026-02-08 17:58:00.136 | INFO     | src.pipelines.train_vision_backbones:run_pipeline:176 - Training pvt_autoencoder_frozen on RWT
2026-02-08 17:58:00.159 | INFO     | src.models.pvt_autoencoder.training:train_pvt_autoencoder_frozen:24 - Device: cuda | Model on: cuda:0
2026-02-08 17:58:28.621 | INFO     | src.pipelines.train_vision_backbones:run_pipeline:193 - Evaluating pvt_autoencoder_frozen on RWT
2026-02-08 17:58:32.824 | INFO     | src.models.evaluation:evaluate_tsb_ad_nonoverlapping:65 - Normal (17617) reconstruction error: mean=0.0184, std=0.0479
2026-02-08 17:58:32.824 | INFO     | src.models.evaluation:evaluate_tsb_ad_nonoverlapping:66 - Anomaly (161) reconstruction error: mean=0.6699, std=0.3407
2026-02-08 17:58:32.824 | INFO     | src.models.evaluation:evaluate_tsb_ad_nonoverlapping:67 - Overlap? Normal max=1.0000, Anomaly min=0.1882
2026-02-08 17:58:33.992 | INFO     | src.models.evaluation:evaluate_tsb_ad_nonoverlapping:83 - {'AUC-PR': 0.6936024844720498, 'AUC-ROC': 0.9980381386273915, 'VUS-PR': np.float64(0.6621807699674231), 'VUS-ROC': np.float64(0.9977783666740275), 'Standard-F1': np.float64(0.8919618173860532), 'PA-F1': 0.9044943820224719, 'Event-based-F1': np.float64(0.8919667590027696), 'R-based-F1': 0.89196675900277, 'Affiliation-F': 0.9989498489528046}
2026-02-08 17:58:34.146 | INFO     | src.pipelines.train_vision_backbones:run_pipeline:170 - Train images: 94
2026-02-08 17:58:34.147 | INFO     | src.pipelines.train_vision_backbones:run_pipeline:171 - Test images: 355
2026-02-08 17:58:35.107 | INFO     | src.pipelines.train_vision_backbones:run_pipeline:176 - Training pvt_autoencoder_progressive_unfreeze on RWT
2026-02-08 17:58:35.130 | INFO     | src.models.pvt_autoencoder.training:train_pvt_autoencoder_progressive_unfreeze:132 - Device: cuda | Model on: cuda:0
2026-02-08 17:59:06.922 | INFO     | src.pipelines.train_vision_backbones:run_pipeline:193 - Evaluating pvt_autoencoder_progressive_unfreeze on RWT
2026-02-08 17:59:11.009 | INFO     | src.models.evaluation:evaluate_tsb_ad_nonoverlapping:65 - Normal (17617) reconstruction error: mean=0.0159, std=0.0447
2026-02-08 17:59:11.009 | INFO     | src.models.evaluation:evaluate_tsb_ad_nonoverlapping:66 - Anomaly (161) reconstruction error: mean=0.6742, std=0.3538
2026-02-08 17:59:11.009 | INFO     | src.models.evaluation:evaluate_tsb_ad_nonoverlapping:67 - Overlap? Normal max=0.9414, Anomaly min=0.1617
2026-02-08 17:59:12.171 | INFO     | src.models.evaluation:evaluate_tsb_ad_nonoverlapping:83 - {'AUC-PR': 0.8329813664596273, 'AUC-ROC': 0.9986375032303989, 'VUS-PR': np.float64(0.7973022844076822), 'VUS-ROC': np.float64(0.9983432033801403), 'Standard-F1': np.float64(0.8919618173860532), 'PA-F1': 1.0, 'Event-based-F1': np.float64(0.9999999999999996), 'R-based-F1': 0.89196675900277, 'Affiliation-F': 0.9989498489528046}
2026-02-08 17:59:12.330 | INFO     | src.pipelines.train_vision_backbones:run_pipeline:170 - Train images: 94
2026-02-08 17:59:12.330 | INFO     | src.pipelines.train_vision_backbones:run_pipeline:171 - Test images: 355
2026-02-08 17:59:13.296 | INFO     | src.pipelines.train_vision_backbones:run_pipeline:176 - Training pvt_autoencoder_differential_lr on RWT
2026-02-08 17:59:13.320 | INFO     | src.models.pvt_autoencoder.training:train_pvt_autoencoder_differential_lr:267 - Device: cuda | Model on: cuda:0
2026-02-08 17:59:39.974 | INFO     | src.pipelines.train_vision_backbones:run_pipeline:193 - Evaluating pvt_autoencoder_differential_lr on RWT
2026-02-08 17:59:42.296 | INFO     | src.models.evaluation:evaluate_tsb_ad_nonoverlapping:65 - Normal (17617) reconstruction error: mean=0.0186, std=0.0468
2026-02-08 17:59:42.296 | INFO     | src.models.evaluation:evaluate_tsb_ad_nonoverlapping:66 - Anomaly (161) reconstruction error: mean=0.6010, std=0.3659
2026-02-08 17:59:42.296 | INFO     | src.models.evaluation:evaluate_tsb_ad_nonoverlapping:67 - Overlap? Normal max=1.0000, Anomaly min=0.1030
2026-02-08 17:59:43.471 | INFO     | src.models.evaluation:evaluate_tsb_ad_nonoverlapping:83 - {'AUC-PR': 0.6436024844720498, 'AUC-ROC': 0.9971567200935574, 'VUS-PR': np.float64(0.6621807699674231), 'VUS-ROC': np.float64(0.9977783666740275), 'Standard-F1': np.float64(0.7834502223222486), 'PA-F1': 0.9044943820224719, 'Event-based-F1': np.float64(0.8505747126436776), 'R-based-F1': 0.5739750445632799, 'Affiliation-F': 0.9983815128742215}
2026-02-08 17:59:43.794 | INFO     | src.pipelines.train_vision_backbones:run_pipeline:70 - Using zip: /net/scratch/hscra/plgrid/plgsmendowski12/ts2i_images/SMD/189_SMD_id_12_Facility_tr_5925_1st_17580_ts2i_MWT.zip for transformation MWT
2026-02-08 17:59:44.324 | INFO     | src.pipelines.train_vision_backbones:run_pipeline:170 - Train images: 94
2026-02-08 17:59:44.324 | INFO     | src.pipelines.train_vision_backbones:run_pipeline:171 - Test images: 355
2026-02-08 17:59:44.331 | INFO     | src.pipelines.train_vision_backbones:run_pipeline:176 - Training cnn_autoencoder on MWT
2026-02-08 17:59:44.335 | INFO     | src.models.cnn_autoencoder.training:train_autoencoder:22 - Device: cuda | Model on: cuda:0
2026-02-08 18:00:15.327 | INFO     | src.pipelines.train_vision_backbones:run_pipeline:193 - Evaluating cnn_autoencoder on MWT
2026-02-08 18:00:15.970 | INFO     | src.models.evaluation:evaluate_tsb_ad_nonoverlapping:65 - Normal (17617) reconstruction error: mean=0.0722, std=0.0678
2026-02-08 18:00:15.970 | INFO     | src.models.evaluation:evaluate_tsb_ad_nonoverlapping:66 - Anomaly (161) reconstruction error: mean=0.3857, std=0.3839
2026-02-08 18:00:15.970 | INFO     | src.models.evaluation:evaluate_tsb_ad_nonoverlapping:67 - Overlap? Normal max=1.0000, Anomaly min=0.1041
2026-02-08 18:00:17.374 | INFO     | src.models.evaluation:evaluate_tsb_ad_nonoverlapping:83 - {'AUC-PR': 0.2867867698803659, 'AUC-ROC': 0.8892005780695311, 'VUS-PR': np.float64(0.3073463925133775), 'VUS-ROC': np.float64(0.8925574715485776), 'Standard-F1': np.float64(0.42653666811987534), 'PA-F1': 0.9847094801223242, 'Event-based-F1': np.float64(0.9473684210526311), 'R-based-F1': 0.5760675739089629, 'Affiliation-F': 0.9971789806637663}
2026-02-08 18:00:17.531 | INFO     | src.pipelines.train_vision_backbones:run_pipeline:170 - Train images: 94
2026-02-08 18:00:17.531 | INFO     | src.pipelines.train_vision_backbones:run_pipeline:171 - Test images: 355
2026-02-08 18:00:17.739 | INFO     | src.pipelines.train_vision_backbones:run_pipeline:176 - Training resnet18_autoencoder_frozen on MWT
2026-02-08 18:00:17.752 | INFO     | src.models.resnet18_autoencoder.training:train_autoencoder_frozen:25 - Device: cuda | Model on: cuda:0
2026-02-08 18:00:44.912 | INFO     | src.pipelines.train_vision_backbones:run_pipeline:193 - Evaluating resnet18_autoencoder_frozen on MWT
2026-02-08 18:00:45.991 | INFO     | src.models.evaluation:evaluate_tsb_ad_nonoverlapping:65 - Normal (17617) reconstruction error: mean=0.1397, std=0.1018
2026-02-08 18:00:45.991 | INFO     | src.models.evaluation:evaluate_tsb_ad_nonoverlapping:66 - Anomaly (161) reconstruction error: mean=0.4937, std=0.3213
2026-02-08 18:00:45.991 | INFO     | src.models.evaluation:evaluate_tsb_ad_nonoverlapping:67 - Overlap? Normal max=1.0000, Anomaly min=0.2208
2026-02-08 18:00:47.691 | INFO     | src.models.evaluation:evaluate_tsb_ad_nonoverlapping:83 - {'AUC-PR': 0.32935047426452885, 'AUC-ROC': 0.9144796616198991, 'VUS-PR': np.float64(0.3531241608245988), 'VUS-ROC': np.float64(0.9186007825102513), 'Standard-F1': np.float64(0.42653666811987534), 'PA-F1': 0.9847094801223242, 'Event-based-F1': np.float64(0.9473684210526311), 'R-based-F1': 0.5760675739089629, 'Affiliation-F': 0.9971789806637663}
2026-02-08 18:00:47.844 | INFO     | src.pipelines.train_vision_backbones:run_pipeline:170 - Train images: 94
2026-02-08 18:00:47.845 | INFO     | src.pipelines.train_vision_backbones:run_pipeline:171 - Test images: 355
2026-02-08 18:00:48.053 | INFO     | src.pipelines.train_vision_backbones:run_pipeline:176 - Training resnet18_autoencoder_progressive_unfreeze on MWT
2026-02-08 18:00:48.066 | INFO     | src.models.resnet18_autoencoder.training:train_autoencoder_progressive_unfreeze:133 - Device: cuda | Model on: cuda:0
2026-02-08 18:01:14.213 | INFO     | src.pipelines.train_vision_backbones:run_pipeline:193 - Evaluating resnet18_autoencoder_progressive_unfreeze on MWT
2026-02-08 18:01:17.935 | INFO     | src.models.evaluation:evaluate_tsb_ad_nonoverlapping:65 - Normal (17617) reconstruction error: mean=0.1307, std=0.1004
2026-02-08 18:01:17.936 | INFO     | src.models.evaluation:evaluate_tsb_ad_nonoverlapping:66 - Anomaly (161) reconstruction error: mean=0.4994, std=0.3178
2026-02-08 18:01:17.936 | INFO     | src.models.evaluation:evaluate_tsb_ad_nonoverlapping:67 - Overlap? Normal max=1.0000, Anomaly min=0.2310
2026-02-08 18:01:19.595 | INFO     | src.models.evaluation:evaluate_tsb_ad_nonoverlapping:83 - {'AUC-PR': 0.41965749778172134, 'AUC-ROC': 0.930098398039443, 'VUS-PR': np.float64(0.4120016786848393), 'VUS-ROC': np.float64(0.932146360368926), 'Standard-F1': np.float64(0.5263108478759873), 'PA-F1': 0.9847094801223242, 'Event-based-F1': np.float64(0.9473684210526311), 'R-based-F1': 0.5760675739089629, 'Affiliation-F': 0.9971789806637663}
2026-02-08 18:01:19.752 | INFO     | src.pipelines.train_vision_backbones:run_pipeline:170 - Train images: 94
2026-02-08 18:01:19.752 | INFO     | src.pipelines.train_vision_backbones:run_pipeline:171 - Test images: 355
2026-02-08 18:01:19.966 | INFO     | src.pipelines.train_vision_backbones:run_pipeline:176 - Training resnet18_autoencoder_differential_lr on MWT
2026-02-08 18:01:19.980 | INFO     | src.models.resnet18_autoencoder.training:train_autoencoder_differential_lr:271 - Device: cuda | Model on: cuda:0
2026-02-08 18:01:44.210 | INFO     | src.pipelines.train_vision_backbones:run_pipeline:193 - Evaluating resnet18_autoencoder_differential_lr on MWT
2026-02-08 18:01:47.779 | INFO     | src.models.evaluation:evaluate_tsb_ad_nonoverlapping:65 - Normal (17617) reconstruction error: mean=0.1319, std=0.1032
2026-02-08 18:01:47.779 | INFO     | src.models.evaluation:evaluate_tsb_ad_nonoverlapping:66 - Anomaly (161) reconstruction error: mean=0.4761, std=0.3345
2026-02-08 18:01:47.779 | INFO     | src.models.evaluation:evaluate_tsb_ad_nonoverlapping:67 - Overlap? Normal max=1.0000, Anomaly min=0.1743
2026-02-08 18:01:49.436 | INFO     | src.models.evaluation:evaluate_tsb_ad_nonoverlapping:83 - {'AUC-PR': 0.32450649029581774, 'AUC-ROC': 0.8894826320003583, 'VUS-PR': np.float64(0.34099996921822506), 'VUS-ROC': np.float64(0.893802265853105), 'Standard-F1': np.float64(0.42653666811987534), 'PA-F1': 0.9847094801223242, 'Event-based-F1': np.float64(0.9473684210526311), 'R-based-F1': 0.5760675739089629, 'Affiliation-F': 0.9971789806637663}
2026-02-08 18:01:49.593 | INFO     | src.pipelines.train_vision_backbones:run_pipeline:170 - Train images: 94
2026-02-08 18:01:49.594 | INFO     | src.pipelines.train_vision_backbones:run_pipeline:171 - Test images: 355
2026-02-08 18:01:50.561 | INFO     | src.pipelines.train_vision_backbones:run_pipeline:176 - Training pvt_autoencoder_frozen on MWT
2026-02-08 18:01:50.586 | INFO     | src.models.pvt_autoencoder.training:train_pvt_autoencoder_frozen:24 - Device: cuda | Model on: cuda:0
2026-02-08 18:02:12.749 | INFO     | src.pipelines.train_vision_backbones:run_pipeline:193 - Evaluating pvt_autoencoder_frozen on MWT
2026-02-08 18:02:16.455 | INFO     | src.models.evaluation:evaluate_tsb_ad_nonoverlapping:65 - Normal (17617) reconstruction error: mean=0.1394, std=0.1053
2026-02-08 18:02:16.456 | INFO     | src.models.evaluation:evaluate_tsb_ad_nonoverlapping:66 - Anomaly (161) reconstruction error: mean=0.4925, std=0.3317
2026-02-08 18:02:16.456 | INFO     | src.models.evaluation:evaluate_tsb_ad_nonoverlapping:67 - Overlap? Normal max=1.0000, Anomaly min=0.1595
2026-02-08 18:02:18.171 | INFO     | src.models.evaluation:evaluate_tsb_ad_nonoverlapping:83 - {'AUC-PR': 0.35681702355615397, 'AUC-ROC': 0.8695625731357028, 'VUS-PR': np.float64(0.3801814661981686), 'VUS-ROC': np.float64(0.8759558667529582), 'Standard-F1': np.float64(0.42653666811987534), 'PA-F1': 0.9847094801223242, 'Event-based-F1': np.float64(0.9473684210526311), 'R-based-F1': 0.5760675739089629, 'Affiliation-F': 0.9971789806637663}
2026-02-08 18:02:18.328 | INFO     | src.pipelines.train_vision_backbones:run_pipeline:170 - Train images: 94
2026-02-08 18:02:18.328 | INFO     | src.pipelines.train_vision_backbones:run_pipeline:171 - Test images: 355
2026-02-08 18:02:19.300 | INFO     | src.pipelines.train_vision_backbones:run_pipeline:176 - Training pvt_autoencoder_progressive_unfreeze on MWT
2026-02-08 18:02:19.325 | INFO     | src.models.pvt_autoencoder.training:train_pvt_autoencoder_progressive_unfreeze:132 - Device: cuda | Model on: cuda:0
2026-02-08 18:02:47.144 | INFO     | src.pipelines.train_vision_backbones:run_pipeline:193 - Evaluating pvt_autoencoder_progressive_unfreeze on MWT
2026-02-08 18:02:53.797 | INFO     | src.models.evaluation:evaluate_tsb_ad_nonoverlapping:65 - Normal (17617) reconstruction error: mean=0.1316, std=0.0986
2026-02-08 18:02:53.797 | INFO     | src.models.evaluation:evaluate_tsb_ad_nonoverlapping:66 - Anomaly (161) reconstruction error: mean=0.4496, std=0.3526
2026-02-08 18:02:53.797 | INFO     | src.models.evaluation:evaluate_tsb_ad_nonoverlapping:67 - Overlap? Normal max=1.0000, Anomaly min=0.1300
2026-02-08 18:02:55.467 | INFO     | src.models.evaluation:evaluate_tsb_ad_nonoverlapping:83 - {'AUC-PR': 0.3272105201022482, 'AUC-ROC': 0.8337417239206766, 'VUS-PR': np.float64(0.34833153128628597), 'VUS-ROC': np.float64(0.8399293357548875), 'Standard-F1': np.float64(0.42653666811987534), 'PA-F1': 0.9847094801223242, 'Event-based-F1': np.float64(0.9473684210526311), 'R-based-F1': 0.5760675739089629, 'Affiliation-F': 0.9971789806637663}
2026-02-08 18:02:55.637 | INFO     | src.pipelines.train_vision_backbones:run_pipeline:170 - Train images: 94
2026-02-08 18:02:55.638 | INFO     | src.pipelines.train_vision_backbones:run_pipeline:171 - Test images: 355
2026-02-08 18:02:56.602 | INFO     | src.pipelines.train_vision_backbones:run_pipeline:176 - Training pvt_autoencoder_differential_lr on MWT
2026-02-08 18:02:56.626 | INFO     | src.models.pvt_autoencoder.training:train_pvt_autoencoder_differential_lr:267 - Device: cuda | Model on: cuda:0
2026-02-08 18:03:31.377 | INFO     | src.pipelines.train_vision_backbones:run_pipeline:193 - Evaluating pvt_autoencoder_differential_lr on MWT
2026-02-08 18:03:36.385 | INFO     | src.models.evaluation:evaluate_tsb_ad_nonoverlapping:65 - Normal (17617) reconstruction error: mean=0.1309, std=0.1092
2026-02-08 18:03:36.385 | INFO     | src.models.evaluation:evaluate_tsb_ad_nonoverlapping:66 - Anomaly (161) reconstruction error: mean=0.4715, std=0.3462
2026-02-08 18:03:36.385 | INFO     | src.models.evaluation:evaluate_tsb_ad_nonoverlapping:67 - Overlap? Normal max=1.0000, Anomaly min=0.1258
2026-02-08 18:03:38.047 | INFO     | src.models.evaluation:evaluate_tsb_ad_nonoverlapping:83 - {'AUC-PR': 0.3512507963051441, 'AUC-ROC': 0.85186368897631, 'VUS-PR': np.float64(0.37847179250831947), 'VUS-ROC': np.float64(0.858738715313369), 'Standard-F1': np.float64(0.42653666811987534), 'PA-F1': 0.9847094801223242, 'Event-based-F1': np.float64(0.9473684210526311), 'R-based-F1': 0.5760675739089629, 'Affiliation-F': 0.9971789806637663}
2026-02-08 18:03:38.367 | INFO     | src.pipelines.train_vision_backbones:run_pipeline:70 - Using zip: /net/scratch/hscra/plgrid/plgsmendowski12/ts2i_images/SMD/189_SMD_id_12_Facility_tr_5925_1st_17580_ts2i_SPIRAL.zip for transformation SPIRAL
2026-02-08 18:03:39.160 | INFO     | src.pipelines.train_vision_backbones:run_pipeline:170 - Train images: 94
2026-02-08 18:03:39.160 | INFO     | src.pipelines.train_vision_backbones:run_pipeline:171 - Test images: 355
2026-02-08 18:03:39.167 | INFO     | src.pipelines.train_vision_backbones:run_pipeline:176 - Training cnn_autoencoder on SPIRAL
2026-02-08 18:03:39.172 | INFO     | src.models.cnn_autoencoder.training:train_autoencoder:22 - Device: cuda | Model on: cuda:0
2026-02-08 18:04:10.047 | INFO     | src.pipelines.train_vision_backbones:run_pipeline:193 - Evaluating cnn_autoencoder on SPIRAL
2026-02-08 18:04:10.336 | INFO     | src.models.evaluation:evaluate_tsb_ad_nonoverlapping:65 - Normal (17617) reconstruction error: mean=0.0575, std=0.0657
2026-02-08 18:04:10.337 | INFO     | src.models.evaluation:evaluate_tsb_ad_nonoverlapping:66 - Anomaly (161) reconstruction error: mean=0.7862, std=0.2273
2026-02-08 18:04:10.337 | INFO     | src.models.evaluation:evaluate_tsb_ad_nonoverlapping:67 - Overlap? Normal max=1.0000, Anomaly min=0.1676
2026-02-08 18:04:11.698 | INFO     | src.models.evaluation:evaluate_tsb_ad_nonoverlapping:83 - {'AUC-PR': 0.8574575569358178, 'AUC-ROC': 0.9923265465281453, 'VUS-PR': np.float64(0.8831071481321502), 'VUS-ROC': np.float64(0.9928959937095552), 'Standard-F1': np.float64(0.932470890526221), 'PA-F1': 0.9847094801223242, 'Event-based-F1': np.float64(0.9830508474576265), 'R-based-F1': 0.9430170049369172, 'Affiliation-F': 0.9997996447054266}
2026-02-08 18:04:11.862 | INFO     | src.pipelines.train_vision_backbones:run_pipeline:170 - Train images: 94
2026-02-08 18:04:11.862 | INFO     | src.pipelines.train_vision_backbones:run_pipeline:171 - Test images: 355
2026-02-08 18:04:12.077 | INFO     | src.pipelines.train_vision_backbones:run_pipeline:176 - Training resnet18_autoencoder_frozen on SPIRAL
2026-02-08 18:04:12.091 | INFO     | src.models.resnet18_autoencoder.training:train_autoencoder_frozen:25 - Device: cuda | Model on: cuda:0
2026-02-08 18:04:34.817 | INFO     | src.pipelines.train_vision_backbones:run_pipeline:193 - Evaluating resnet18_autoencoder_frozen on SPIRAL
2026-02-08 18:04:35.685 | INFO     | src.models.evaluation:evaluate_tsb_ad_nonoverlapping:65 - Normal (17617) reconstruction error: mean=0.0450, std=0.0789
2026-02-08 18:04:35.685 | INFO     | src.models.evaluation:evaluate_tsb_ad_nonoverlapping:66 - Anomaly (161) reconstruction error: mean=0.5721, std=0.3254
2026-02-08 18:04:35.685 | INFO     | src.models.evaluation:evaluate_tsb_ad_nonoverlapping:67 - Overlap? Normal max=0.5870, Anomaly min=0.0817
2026-02-08 18:04:36.988 | INFO     | src.models.evaluation:evaluate_tsb_ad_nonoverlapping:83 - {'AUC-PR': 0.6569568981742895, 'AUC-ROC': 0.9774305733063455, 'VUS-PR': np.float64(0.6704077270586134), 'VUS-ROC': np.float64(0.9790311341324855), 'Standard-F1': np.float64(0.7279646218066501), 'PA-F1': 1.0, 'Event-based-F1': np.float64(0.9999999999999996), 'R-based-F1': 0.7872104154700363, 'Affiliation-F': 0.9990053491881826}
2026-02-08 18:04:37.151 | INFO     | src.pipelines.train_vision_backbones:run_pipeline:170 - Train images: 94
2026-02-08 18:04:37.151 | INFO     | src.pipelines.train_vision_backbones:run_pipeline:171 - Test images: 355
2026-02-08 18:04:37.364 | INFO     | src.pipelines.train_vision_backbones:run_pipeline:176 - Training resnet18_autoencoder_progressive_unfreeze on SPIRAL
2026-02-08 18:04:37.379 | INFO     | src.models.resnet18_autoencoder.training:train_autoencoder_progressive_unfreeze:133 - Device: cuda | Model on: cuda:0
2026-02-08 18:05:01.719 | INFO     | src.pipelines.train_vision_backbones:run_pipeline:193 - Evaluating resnet18_autoencoder_progressive_unfreeze on SPIRAL
2026-02-08 18:05:06.310 | INFO     | src.models.evaluation:evaluate_tsb_ad_nonoverlapping:65 - Normal (17617) reconstruction error: mean=0.0433, std=0.0533
2026-02-08 18:05:06.310 | INFO     | src.models.evaluation:evaluate_tsb_ad_nonoverlapping:66 - Anomaly (161) reconstruction error: mean=0.8086, std=0.2079
2026-02-08 18:05:06.310 | INFO     | src.models.evaluation:evaluate_tsb_ad_nonoverlapping:67 - Overlap? Normal max=0.9186, Anomaly min=0.3319
2026-02-08 18:05:07.623 | INFO     | src.models.evaluation:evaluate_tsb_ad_nonoverlapping:83 - {'AUC-PR': 0.9562939958592132, 'AUC-ROC': 0.9997480905830302, 'VUS-PR': np.float64(0.9528425228983469), 'VUS-ROC': np.float64(0.9996857619287173), 'Standard-F1': np.float64(0.932470890526221), 'PA-F1': 1.0, 'Event-based-F1': np.float64(0.9999999999999996), 'R-based-F1': 0.9430170049369172, 'Affiliation-F': 0.9997996447054266}
2026-02-08 18:05:07.778 | INFO     | src.pipelines.train_vision_backbones:run_pipeline:170 - Train images: 94
2026-02-08 18:05:07.779 | INFO     | src.pipelines.train_vision_backbones:run_pipeline:171 - Test images: 355
2026-02-08 18:05:07.993 | INFO     | src.pipelines.train_vision_backbones:run_pipeline:176 - Training resnet18_autoencoder_differential_lr on SPIRAL
2026-02-08 18:05:08.008 | INFO     | src.models.resnet18_autoencoder.training:train_autoencoder_differential_lr:271 - Device: cuda | Model on: cuda:0
2026-02-08 18:05:40.102 | INFO     | src.pipelines.train_vision_backbones:run_pipeline:193 - Evaluating resnet18_autoencoder_differential_lr on SPIRAL
2026-02-08 18:05:43.272 | INFO     | src.models.evaluation:evaluate_tsb_ad_nonoverlapping:65 - Normal (17617) reconstruction error: mean=0.0476, std=0.0587
2026-02-08 18:05:43.272 | INFO     | src.models.evaluation:evaluate_tsb_ad_nonoverlapping:66 - Anomaly (161) reconstruction error: mean=0.7892, std=0.2098
2026-02-08 18:05:43.273 | INFO     | src.models.evaluation:evaluate_tsb_ad_nonoverlapping:67 - Overlap? Normal max=1.0000, Anomaly min=0.2258
2026-02-08 18:05:44.586 | INFO     | src.models.evaluation:evaluate_tsb_ad_nonoverlapping:83 - {'AUC-PR': 0.8787908902691511, 'AUC-ROC': 0.9979676251446848, 'VUS-PR': np.float64(0.9035293150242345), 'VUS-ROC': np.float64(0.9981781213393363), 'Standard-F1': np.float64(0.932470890526221), 'PA-F1': 0.9847094801223242, 'Event-based-F1': np.float64(0.9830508474576265), 'R-based-F1': 0.9430170049369172, 'Affiliation-F': 0.9997996447054266}
2026-02-08 18:05:44.740 | INFO     | src.pipelines.train_vision_backbones:run_pipeline:170 - Train images: 94
2026-02-08 18:05:44.740 | INFO     | src.pipelines.train_vision_backbones:run_pipeline:171 - Test images: 355
2026-02-08 18:05:45.687 | INFO     | src.pipelines.train_vision_backbones:run_pipeline:176 - Training pvt_autoencoder_frozen on SPIRAL
2026-02-08 18:05:45.711 | INFO     | src.models.pvt_autoencoder.training:train_pvt_autoencoder_frozen:24 - Device: cuda | Model on: cuda:0
2026-02-08 18:06:09.697 | INFO     | src.pipelines.train_vision_backbones:run_pipeline:193 - Evaluating pvt_autoencoder_frozen on SPIRAL
2026-02-08 18:06:13.536 | INFO     | src.models.evaluation:evaluate_tsb_ad_nonoverlapping:65 - Normal (17617) reconstruction error: mean=0.0312, std=0.0380
2026-02-08 18:06:13.536 | INFO     | src.models.evaluation:evaluate_tsb_ad_nonoverlapping:66 - Anomaly (161) reconstruction error: mean=0.5909, std=0.3421
2026-02-08 18:06:13.536 | INFO     | src.models.evaluation:evaluate_tsb_ad_nonoverlapping:67 - Overlap? Normal max=0.6935, Anomaly min=0.0614
2026-02-08 18:06:14.769 | INFO     | src.models.evaluation:evaluate_tsb_ad_nonoverlapping:83 - {'AUC-PR': 0.8826939958592133, 'AUC-ROC': 0.9867736097649892, 'VUS-PR': np.float64(0.8977026722897189), 'VUS-ROC': np.float64(0.9876689249537698), 'Standard-F1': np.float64(0.932470890526221), 'PA-F1': 1.0, 'Event-based-F1': np.float64(0.9999999999999996), 'R-based-F1': 0.9430170049369172, 'Affiliation-F': 0.9997996447054266}
2026-02-08 18:06:14.933 | INFO     | src.pipelines.train_vision_backbones:run_pipeline:170 - Train images: 94
2026-02-08 18:06:14.933 | INFO     | src.pipelines.train_vision_backbones:run_pipeline:171 - Test images: 355
2026-02-08 18:06:15.878 | INFO     | src.pipelines.train_vision_backbones:run_pipeline:176 - Training pvt_autoencoder_progressive_unfreeze on SPIRAL
2026-02-08 18:06:15.902 | INFO     | src.models.pvt_autoencoder.training:train_pvt_autoencoder_progressive_unfreeze:132 - Device: cuda | Model on: cuda:0
2026-02-08 18:07:04.898 | INFO     | src.pipelines.train_vision_backbones:run_pipeline:193 - Evaluating pvt_autoencoder_progressive_unfreeze on SPIRAL
2026-02-08 18:07:08.982 | INFO     | src.models.evaluation:evaluate_tsb_ad_nonoverlapping:65 - Normal (17617) reconstruction error: mean=0.0349, std=0.0457
2026-02-08 18:07:08.982 | INFO     | src.models.evaluation:evaluate_tsb_ad_nonoverlapping:66 - Anomaly (161) reconstruction error: mean=0.7281, std=0.2590
2026-02-08 18:07:08.982 | INFO     | src.models.evaluation:evaluate_tsb_ad_nonoverlapping:67 - Overlap? Normal max=0.8149, Anomaly min=0.1461
2026-02-08 18:07:10.237 | INFO     | src.models.evaluation:evaluate_tsb_ad_nonoverlapping:83 - {'AUC-PR': 0.8991511387163562, 'AUC-ROC': 0.9969275512747604, 'VUS-PR': np.float64(0.9119981891141781), 'VUS-ROC': np.float64(0.9970446981138267), 'Standard-F1': np.float64(0.932470890526221), 'PA-F1': 1.0, 'Event-based-F1': np.float64(0.9999999999999996), 'R-based-F1': 0.9430170049369172, 'Affiliation-F': 0.9997996447054266}
2026-02-08 18:07:10.394 | INFO     | src.pipelines.train_vision_backbones:run_pipeline:170 - Train images: 94
2026-02-08 18:07:10.394 | INFO     | src.pipelines.train_vision_backbones:run_pipeline:171 - Test images: 355
2026-02-08 18:07:11.337 | INFO     | src.pipelines.train_vision_backbones:run_pipeline:176 - Training pvt_autoencoder_differential_lr on SPIRAL
2026-02-08 18:07:11.360 | INFO     | src.models.pvt_autoencoder.training:train_pvt_autoencoder_differential_lr:267 - Device: cuda | Model on: cuda:0
2026-02-08 18:07:32.088 | INFO     | src.pipelines.train_vision_backbones:run_pipeline:193 - Evaluating pvt_autoencoder_differential_lr on SPIRAL
2026-02-08 18:07:34.823 | INFO     | src.models.evaluation:evaluate_tsb_ad_nonoverlapping:65 - Normal (17617) reconstruction error: mean=0.0738, std=0.1434
2026-02-08 18:07:34.823 | INFO     | src.models.evaluation:evaluate_tsb_ad_nonoverlapping:66 - Anomaly (161) reconstruction error: mean=0.7120, std=0.3080
2026-02-08 18:07:34.823 | INFO     | src.models.evaluation:evaluate_tsb_ad_nonoverlapping:67 - Overlap? Normal max=1.0000, Anomaly min=0.0708
2026-02-08 18:07:36.261 | INFO     | src.models.evaluation:evaluate_tsb_ad_nonoverlapping:83 - {'AUC-PR': 0.6075785531603946, 'AUC-ROC': 0.9701500562168741, 'VUS-PR': np.float64(0.6317681459783135), 'VUS-ROC': np.float64(0.971598940622896), 'Standard-F1': np.float64(0.7279646218066501), 'PA-F1': 0.9847094801223242, 'Event-based-F1': np.float64(0.9743589743589738), 'R-based-F1': 0.7872104154700363, 'Affiliation-F': 0.9990053491881826}
2026-02-08 18:07:36.578 | INFO     | src.pipelines.train_vision_backbones:run_pipeline:70 - Using zip: /net/scratch/hscra/plgrid/plgsmendowski12/ts2i_images/SMD/190_SMD_id_13_Facility_tr_7119_1st_15849_ts2i_RN.zip for transformation RN
2026-02-08 18:07:37.215 | INFO     | src.pipelines.train_vision_backbones:run_pipeline:170 - Train images: 113
2026-02-08 18:07:37.215 | INFO     | src.pipelines.train_vision_backbones:run_pipeline:171 - Test images: 427
2026-02-08 18:07:37.221 | INFO     | src.pipelines.train_vision_backbones:run_pipeline:176 - Training cnn_autoencoder on RN
2026-02-08 18:07:37.226 | INFO     | src.models.cnn_autoencoder.training:train_autoencoder:22 - Device: cuda | Model on: cuda:0
2026-02-08 18:08:10.258 | INFO     | src.pipelines.train_vision_backbones:run_pipeline:193 - Evaluating cnn_autoencoder on RN
2026-02-08 18:08:10.607 | INFO     | src.models.evaluation:evaluate_tsb_ad_nonoverlapping:65 - Normal (18666) reconstruction error: mean=0.5279, std=0.4811
2026-02-08 18:08:10.607 | INFO     | src.models.evaluation:evaluate_tsb_ad_nonoverlapping:66 - Anomaly (2694) reconstruction error: mean=0.8224, std=0.3482
2026-02-08 18:08:10.608 | INFO     | src.models.evaluation:evaluate_tsb_ad_nonoverlapping:67 - Overlap? Normal max=1.0000, Anomaly min=0.0067
2026-02-08 18:08:20.363 | INFO     | src.models.evaluation:evaluate_tsb_ad_nonoverlapping:83 - {'AUC-PR': 0.1961522554695503, 'AUC-ROC': 0.7011263367582886, 'VUS-PR': np.float64(0.23228084120702605), 'VUS-ROC': np.float64(0.7373634049311559), 'Standard-F1': np.float64(0.35347996383266833), 'PA-F1': 0.5866695756517945, 'Event-based-F1': np.float64(0.319110027430661), 'R-based-F1': 0.444753954035764, 'Affiliation-F': 0.7437705598657388}
2026-02-08 18:08:20.516 | INFO     | src.pipelines.train_vision_backbones:run_pipeline:170 - Train images: 113
2026-02-08 18:08:20.516 | INFO     | src.pipelines.train_vision_backbones:run_pipeline:171 - Test images: 427
2026-02-08 18:08:20.721 | INFO     | src.pipelines.train_vision_backbones:run_pipeline:176 - Training resnet18_autoencoder_frozen on RN
2026-02-08 18:08:20.734 | INFO     | src.models.resnet18_autoencoder.training:train_autoencoder_frozen:25 - Device: cuda | Model on: cuda:0
2026-02-08 18:08:55.300 | INFO     | src.pipelines.train_vision_backbones:run_pipeline:193 - Evaluating resnet18_autoencoder_frozen on RN
2026-02-08 18:09:00.238 | INFO     | src.models.evaluation:evaluate_tsb_ad_nonoverlapping:65 - Normal (18666) reconstruction error: mean=0.4993, std=0.4579
2026-02-08 18:09:00.238 | INFO     | src.models.evaluation:evaluate_tsb_ad_nonoverlapping:66 - Anomaly (2694) reconstruction error: mean=0.7964, std=0.3414
2026-02-08 18:09:00.238 | INFO     | src.models.evaluation:evaluate_tsb_ad_nonoverlapping:67 - Overlap? Normal max=1.0000, Anomaly min=0.0033
2026-02-08 18:09:09.658 | INFO     | src.models.evaluation:evaluate_tsb_ad_nonoverlapping:83 - {'AUC-PR': 0.2987181887553053, 'AUC-ROC': 0.7676999639901234, 'VUS-PR': np.float64(0.3327027094723496), 'VUS-ROC': np.float64(0.7939848508946143), 'Standard-F1': np.float64(0.4220093819869344), 'PA-F1': 0.859136337921931, 'Event-based-F1': np.float64(0.5277078085642312), 'R-based-F1': 0.444753954035764, 'Affiliation-F': 0.7552717727925493}
2026-02-08 18:09:09.816 | INFO     | src.pipelines.train_vision_backbones:run_pipeline:170 - Train images: 113
2026-02-08 18:09:09.816 | INFO     | src.pipelines.train_vision_backbones:run_pipeline:171 - Test images: 427
2026-02-08 18:09:10.025 | INFO     | src.pipelines.train_vision_backbones:run_pipeline:176 - Training resnet18_autoencoder_progressive_unfreeze on RN
2026-02-08 18:09:10.039 | INFO     | src.models.resnet18_autoencoder.training:train_autoencoder_progressive_unfreeze:133 - Device: cuda | Model on: cuda:0
2026-02-08 18:10:01.476 | INFO     | src.pipelines.train_vision_backbones:run_pipeline:193 - Evaluating resnet18_autoencoder_progressive_unfreeze on RN
2026-02-08 18:10:08.507 | INFO     | src.models.evaluation:evaluate_tsb_ad_nonoverlapping:65 - Normal (18666) reconstruction error: mean=0.4762, std=0.4388
2026-02-08 18:10:08.507 | INFO     | src.models.evaluation:evaluate_tsb_ad_nonoverlapping:66 - Anomaly (2694) reconstruction error: mean=0.7429, std=0.3210
2026-02-08 18:10:08.507 | INFO     | src.models.evaluation:evaluate_tsb_ad_nonoverlapping:67 - Overlap? Normal max=1.0000, Anomaly min=0.0017
2026-02-08 18:10:17.746 | INFO     | src.models.evaluation:evaluate_tsb_ad_nonoverlapping:83 - {'AUC-PR': 0.23591709604948888, 'AUC-ROC': 0.7297167827581497, 'VUS-PR': np.float64(0.27746096373617696), 'VUS-ROC': np.float64(0.7538093596606583), 'Standard-F1': np.float64(0.4031422285422881), 'PA-F1': 0.7526846191970924, 'Event-based-F1': np.float64(0.4062906160644654), 'R-based-F1': 0.444753954035764, 'Affiliation-F': 0.7458377124412807}
2026-02-08 18:10:17.902 | INFO     | src.pipelines.train_vision_backbones:run_pipeline:170 - Train images: 113
2026-02-08 18:10:17.902 | INFO     | src.pipelines.train_vision_backbones:run_pipeline:171 - Test images: 427
2026-02-08 18:10:18.111 | INFO     | src.pipelines.train_vision_backbones:run_pipeline:176 - Training resnet18_autoencoder_differential_lr on RN
2026-02-08 18:10:18.124 | INFO     | src.models.resnet18_autoencoder.training:train_autoencoder_differential_lr:271 - Device: cuda | Model on: cuda:0
2026-02-08 18:10:55.430 | INFO     | src.pipelines.train_vision_backbones:run_pipeline:193 - Evaluating resnet18_autoencoder_differential_lr on RN
2026-02-08 18:10:59.023 | INFO     | src.models.evaluation:evaluate_tsb_ad_nonoverlapping:65 - Normal (18666) reconstruction error: mean=0.5267, std=0.4824
2026-02-08 18:10:59.023 | INFO     | src.models.evaluation:evaluate_tsb_ad_nonoverlapping:66 - Anomaly (2694) reconstruction error: mean=0.8220, std=0.3507
2026-02-08 18:10:59.023 | INFO     | src.models.evaluation:evaluate_tsb_ad_nonoverlapping:67 - Overlap? Normal max=1.0000, Anomaly min=0.0071
2026-02-08 18:11:08.710 | INFO     | src.models.evaluation:evaluate_tsb_ad_nonoverlapping:83 - {'AUC-PR': 0.25245813540583684, 'AUC-ROC': 0.6883088053335662, 'VUS-PR': np.float64(0.2898016927681601), 'VUS-ROC': np.float64(0.7312887514140735), 'Standard-F1': np.float64(0.313395849270877), 'PA-F1': 0.7307065217391304, 'Event-based-F1': np.float64(0.4223400615805675), 'R-based-F1': 0.444753954035764, 'Affiliation-F': 0.78655693276586}
2026-02-08 18:11:08.866 | INFO     | src.pipelines.train_vision_backbones:run_pipeline:170 - Train images: 113
2026-02-08 18:11:08.866 | INFO     | src.pipelines.train_vision_backbones:run_pipeline:171 - Test images: 427
2026-02-08 18:11:09.803 | INFO     | src.pipelines.train_vision_backbones:run_pipeline:176 - Training pvt_autoencoder_frozen on RN
2026-02-08 18:11:09.826 | INFO     | src.models.pvt_autoencoder.training:train_pvt_autoencoder_frozen:24 - Device: cuda | Model on: cuda:0
2026-02-08 18:11:47.050 | INFO     | src.pipelines.train_vision_backbones:run_pipeline:193 - Evaluating pvt_autoencoder_frozen on RN
2026-02-08 18:11:52.910 | INFO     | src.models.evaluation:evaluate_tsb_ad_nonoverlapping:65 - Normal (18666) reconstruction error: mean=0.5038, std=0.4618
2026-02-08 18:11:52.910 | INFO     | src.models.evaluation:evaluate_tsb_ad_nonoverlapping:66 - Anomaly (2694) reconstruction error: mean=0.7817, std=0.3344
2026-02-08 18:11:52.910 | INFO     | src.models.evaluation:evaluate_tsb_ad_nonoverlapping:67 - Overlap? Normal max=1.0000, Anomaly min=0.0054
2026-02-08 18:12:02.424 | INFO     | src.models.evaluation:evaluate_tsb_ad_nonoverlapping:83 - {'AUC-PR': 0.1866600170737938, 'AUC-ROC': 0.6789467942340607, 'VUS-PR': np.float64(0.21956836655753167), 'VUS-ROC': np.float64(0.7111982428405784), 'Standard-F1': np.float64(0.3375190114053344), 'PA-F1': 0.5410511506381268, 'Event-based-F1': np.float64(0.3327395796223724), 'R-based-F1': 0.444753954035764, 'Affiliation-F': 0.7461452702060468}
2026-02-08 18:12:02.584 | INFO     | src.pipelines.train_vision_backbones:run_pipeline:170 - Train images: 113
2026-02-08 18:12:02.585 | INFO     | src.pipelines.train_vision_backbones:run_pipeline:171 - Test images: 427
2026-02-08 18:12:03.524 | INFO     | src.pipelines.train_vision_backbones:run_pipeline:176 - Training pvt_autoencoder_progressive_unfreeze on RN
2026-02-08 18:12:03.548 | INFO     | src.models.pvt_autoencoder.training:train_pvt_autoencoder_progressive_unfreeze:132 - Device: cuda | Model on: cuda:0
2026-02-08 18:13:03.942 | INFO     | src.pipelines.train_vision_backbones:run_pipeline:193 - Evaluating pvt_autoencoder_progressive_unfreeze on RN
2026-02-08 18:13:10.308 | INFO     | src.models.evaluation:evaluate_tsb_ad_nonoverlapping:65 - Normal (18666) reconstruction error: mean=0.5139, std=0.4734
2026-02-08 18:13:10.309 | INFO     | src.models.evaluation:evaluate_tsb_ad_nonoverlapping:66 - Anomaly (2694) reconstruction error: mean=0.7952, std=0.3431
2026-02-08 18:13:10.309 | INFO     | src.models.evaluation:evaluate_tsb_ad_nonoverlapping:67 - Overlap? Normal max=1.0000, Anomaly min=0.0012
2026-02-08 18:13:19.953 | INFO     | src.models.evaluation:evaluate_tsb_ad_nonoverlapping:83 - {'AUC-PR': 0.17334625042602234, 'AUC-ROC': 0.6648113068944317, 'VUS-PR': np.float64(0.1999902005101251), 'VUS-ROC': np.float64(0.6996869872292658), 'Standard-F1': np.float64(0.38062165804432535), 'PA-F1': 0.5029883979842963, 'Event-based-F1': np.float64(0.3543472433205251), 'R-based-F1': 0.444753954035764, 'Affiliation-F': 0.7469583819627228}
2026-02-08 18:13:20.114 | INFO     | src.pipelines.train_vision_backbones:run_pipeline:170 - Train images: 113
2026-02-08 18:13:20.114 | INFO     | src.pipelines.train_vision_backbones:run_pipeline:171 - Test images: 427
2026-02-08 18:13:21.063 | INFO     | src.pipelines.train_vision_backbones:run_pipeline:176 - Training pvt_autoencoder_differential_lr on RN
2026-02-08 18:13:21.087 | INFO     | src.models.pvt_autoencoder.training:train_pvt_autoencoder_differential_lr:267 - Device: cuda | Model on: cuda:0
2026-02-08 18:14:02.865 | INFO     | src.pipelines.train_vision_backbones:run_pipeline:193 - Evaluating pvt_autoencoder_differential_lr on RN
2026-02-08 18:14:08.262 | INFO     | src.models.evaluation:evaluate_tsb_ad_nonoverlapping:65 - Normal (18666) reconstruction error: mean=0.5367, std=0.4480
2026-02-08 18:14:08.263 | INFO     | src.models.evaluation:evaluate_tsb_ad_nonoverlapping:66 - Anomaly (2694) reconstruction error: mean=0.8366, std=0.2802
2026-02-08 18:14:08.263 | INFO     | src.models.evaluation:evaluate_tsb_ad_nonoverlapping:67 - Overlap? Normal max=1.0000, Anomaly min=0.0754
2026-02-08 18:14:18.001 | INFO     | src.models.evaluation:evaluate_tsb_ad_nonoverlapping:83 - {'AUC-PR': 0.2626922245700925, 'AUC-ROC': 0.7399213708793768, 'VUS-PR': np.float64(0.2737626643187277), 'VUS-ROC': np.float64(0.7305271215238254), 'Standard-F1': np.float64(0.440078630889683), 'PA-F1': 0.7253340531785666, 'Event-based-F1': np.float64(0.4392382731423823), 'R-based-F1': 0.5434791812739038, 'Affiliation-F': 0.7440137001261606}
2026-02-08 18:14:18.306 | INFO     | src.pipelines.train_vision_backbones:run_pipeline:70 - Using zip: /net/scratch/hscra/plgrid/plgsmendowski12/ts2i_images/SMD/190_SMD_id_13_Facility_tr_7119_1st_15849_ts2i_LP.zip for transformation LP
2026-02-08 18:14:19.200 | INFO     | src.pipelines.train_vision_backbones:run_pipeline:170 - Train images: 113
2026-02-08 18:14:19.200 | INFO     | src.pipelines.train_vision_backbones:run_pipeline:171 - Test images: 427
2026-02-08 18:14:19.207 | INFO     | src.pipelines.train_vision_backbones:run_pipeline:176 - Training cnn_autoencoder on LP
2026-02-08 18:14:19.213 | INFO     | src.models.cnn_autoencoder.training:train_autoencoder:22 - Device: cuda | Model on: cuda:0
2026-02-08 18:14:50.867 | INFO     | src.pipelines.train_vision_backbones:run_pipeline:193 - Evaluating cnn_autoencoder on LP
2026-02-08 18:14:51.974 | INFO     | src.models.evaluation:evaluate_tsb_ad_nonoverlapping:65 - Normal (18666) reconstruction error: mean=0.0687, std=0.0385
2026-02-08 18:14:51.974 | INFO     | src.models.evaluation:evaluate_tsb_ad_nonoverlapping:66 - Anomaly (2694) reconstruction error: mean=0.3589, std=0.2977
2026-02-08 18:14:51.974 | INFO     | src.models.evaluation:evaluate_tsb_ad_nonoverlapping:67 - Overlap? Normal max=0.6355, Anomaly min=0.0466
2026-02-08 18:14:58.047 | INFO     | src.models.evaluation:evaluate_tsb_ad_nonoverlapping:83 - {'AUC-PR': 0.6808203515108542, 'AUC-ROC': 0.8628820342056441, 'VUS-PR': np.float64(0.6330805986356992), 'VUS-ROC': np.float64(0.8812501474245656), 'Standard-F1': np.float64(0.6666622189597217), 'PA-F1': 0.9986991265564021, 'Event-based-F1': np.float64(0.7692307692307687), 'R-based-F1': 0.5503235139751702, 'Affiliation-F': 0.8874941050410798}
2026-02-08 18:14:58.201 | INFO     | src.pipelines.train_vision_backbones:run_pipeline:170 - Train images: 113
2026-02-08 18:14:58.201 | INFO     | src.pipelines.train_vision_backbones:run_pipeline:171 - Test images: 427
2026-02-08 18:14:58.416 | INFO     | src.pipelines.train_vision_backbones:run_pipeline:176 - Training resnet18_autoencoder_frozen on LP
2026-02-08 18:14:58.429 | INFO     | src.models.resnet18_autoencoder.training:train_autoencoder_frozen:25 - Device: cuda | Model on: cuda:0
2026-02-08 18:15:30.082 | INFO     | src.pipelines.train_vision_backbones:run_pipeline:193 - Evaluating resnet18_autoencoder_frozen on LP
2026-02-08 18:15:35.067 | INFO     | src.models.evaluation:evaluate_tsb_ad_nonoverlapping:65 - Normal (18666) reconstruction error: mean=0.0908, std=0.0475
2026-02-08 18:15:35.068 | INFO     | src.models.evaluation:evaluate_tsb_ad_nonoverlapping:66 - Anomaly (2694) reconstruction error: mean=0.3770, std=0.2870
2026-02-08 18:15:35.068 | INFO     | src.models.evaluation:evaluate_tsb_ad_nonoverlapping:67 - Overlap? Normal max=0.6611, Anomaly min=0.0594
2026-02-08 18:15:41.311 | INFO     | src.models.evaluation:evaluate_tsb_ad_nonoverlapping:83 - {'AUC-PR': 0.6725130967115425, 'AUC-ROC': 0.8574095590909984, 'VUS-PR': np.float64(0.6199680288284327), 'VUS-ROC': np.float64(0.8757407538898297), 'Standard-F1': np.float64(0.6666622189597217), 'PA-F1': 0.9986991265564021, 'Event-based-F1': np.float64(0.7692307692307687), 'R-based-F1': 0.5503235139751702, 'Affiliation-F': 0.8994108122698263}
2026-02-08 18:15:41.466 | INFO     | src.pipelines.train_vision_backbones:run_pipeline:170 - Train images: 113
2026-02-08 18:15:41.467 | INFO     | src.pipelines.train_vision_backbones:run_pipeline:171 - Test images: 427
2026-02-08 18:15:41.680 | INFO     | src.pipelines.train_vision_backbones:run_pipeline:176 - Training resnet18_autoencoder_progressive_unfreeze on LP
2026-02-08 18:15:41.694 | INFO     | src.models.resnet18_autoencoder.training:train_autoencoder_progressive_unfreeze:133 - Device: cuda | Model on: cuda:0
2026-02-08 18:16:19.933 | INFO     | src.pipelines.train_vision_backbones:run_pipeline:193 - Evaluating resnet18_autoencoder_progressive_unfreeze on LP
2026-02-08 18:16:25.534 | INFO     | src.models.evaluation:evaluate_tsb_ad_nonoverlapping:65 - Normal (18666) reconstruction error: mean=0.0851, std=0.0465
2026-02-08 18:16:25.534 | INFO     | src.models.evaluation:evaluate_tsb_ad_nonoverlapping:66 - Anomaly (2694) reconstruction error: mean=0.3776, std=0.2894
2026-02-08 18:16:25.534 | INFO     | src.models.evaluation:evaluate_tsb_ad_nonoverlapping:67 - Overlap? Normal max=0.6638, Anomaly min=0.0571
2026-02-08 18:16:31.764 | INFO     | src.models.evaluation:evaluate_tsb_ad_nonoverlapping:83 - {'AUC-PR': 0.6865060594788875, 'AUC-ROC': 0.8691233086514146, 'VUS-PR': np.float64(0.6520400714695829), 'VUS-ROC': np.float64(0.8935107257266586), 'Standard-F1': np.float64(0.6666622189597217), 'PA-F1': 0.9986991265564021, 'Event-based-F1': np.float64(0.7692307692307687), 'R-based-F1': 0.5503235139751702, 'Affiliation-F': 0.8809303375949952}
2026-02-08 18:16:32.101 | INFO     | src.pipelines.train_vision_backbones:run_pipeline:170 - Train images: 113
2026-02-08 18:16:32.101 | INFO     | src.pipelines.train_vision_backbones:run_pipeline:171 - Test images: 427
2026-02-08 18:16:32.309 | INFO     | src.pipelines.train_vision_backbones:run_pipeline:176 - Training resnet18_autoencoder_differential_lr on LP
2026-02-08 18:16:32.322 | INFO     | src.models.resnet18_autoencoder.training:train_autoencoder_differential_lr:271 - Device: cuda | Model on: cuda:0
2026-02-08 18:17:06.707 | INFO     | src.pipelines.train_vision_backbones:run_pipeline:193 - Evaluating resnet18_autoencoder_differential_lr on LP
2026-02-08 18:17:10.552 | INFO     | src.models.evaluation:evaluate_tsb_ad_nonoverlapping:65 - Normal (18666) reconstruction error: mean=0.0898, std=0.0622
2026-02-08 18:17:10.552 | INFO     | src.models.evaluation:evaluate_tsb_ad_nonoverlapping:66 - Anomaly (2694) reconstruction error: mean=0.3785, std=0.2962
2026-02-08 18:17:10.552 | INFO     | src.models.evaluation:evaluate_tsb_ad_nonoverlapping:67 - Overlap? Normal max=0.6678, Anomaly min=0.0307
2026-02-08 18:17:16.851 | INFO     | src.models.evaluation:evaluate_tsb_ad_nonoverlapping:83 - {'AUC-PR': 0.6505007043930612, 'AUC-ROC': 0.8242982906405104, 'VUS-PR': np.float64(0.596685186092894), 'VUS-ROC': np.float64(0.8370616973440098), 'Standard-F1': np.float64(0.6680926871116505), 'PA-F1': 0.9986991265564021, 'Event-based-F1': np.float64(0.808755760368663), 'R-based-F1': 0.5942231029204662, 'Affiliation-F': 0.8858780486978854}
2026-02-08 18:17:17.005 | INFO     | src.pipelines.train_vision_backbones:run_pipeline:170 - Train images: 113
2026-02-08 18:17:17.005 | INFO     | src.pipelines.train_vision_backbones:run_pipeline:171 - Test images: 427
2026-02-08 18:17:17.974 | INFO     | src.pipelines.train_vision_backbones:run_pipeline:176 - Training pvt_autoencoder_frozen on LP
2026-02-08 18:17:17.997 | INFO     | src.models.pvt_autoencoder.training:train_pvt_autoencoder_frozen:24 - Device: cuda | Model on: cuda:0
2026-02-08 18:17:53.727 | INFO     | src.pipelines.train_vision_backbones:run_pipeline:193 - Evaluating pvt_autoencoder_frozen on LP
2026-02-08 18:17:59.125 | INFO     | src.models.evaluation:evaluate_tsb_ad_nonoverlapping:65 - Normal (18666) reconstruction error: mean=0.0800, std=0.0468
2026-02-08 18:17:59.125 | INFO     | src.models.evaluation:evaluate_tsb_ad_nonoverlapping:66 - Anomaly (2694) reconstruction error: mean=0.3829, std=0.2988
2026-02-08 18:17:59.125 | INFO     | src.models.evaluation:evaluate_tsb_ad_nonoverlapping:67 - Overlap? Normal max=0.6667, Anomaly min=0.0531
2026-02-08 18:18:05.312 | INFO     | src.models.evaluation:evaluate_tsb_ad_nonoverlapping:83 - {'AUC-PR': 0.683789233895911, 'AUC-ROC': 0.8689455262918633, 'VUS-PR': np.float64(0.6512299640384936), 'VUS-ROC': np.float64(0.891772443575941), 'Standard-F1': np.float64(0.6666622189597217), 'PA-F1': 0.9986991265564021, 'Event-based-F1': np.float64(0.7692307692307687), 'R-based-F1': 0.5503235139751702, 'Affiliation-F': 0.883146387155753}
2026-02-08 18:18:05.464 | INFO     | src.pipelines.train_vision_backbones:run_pipeline:170 - Train images: 113
2026-02-08 18:18:05.464 | INFO     | src.pipelines.train_vision_backbones:run_pipeline:171 - Test images: 427
2026-02-08 18:18:06.430 | INFO     | src.pipelines.train_vision_backbones:run_pipeline:176 - Training pvt_autoencoder_progressive_unfreeze on LP
2026-02-08 18:18:06.453 | INFO     | src.models.pvt_autoencoder.training:train_pvt_autoencoder_progressive_unfreeze:132 - Device: cuda | Model on: cuda:0
2026-02-08 18:18:56.911 | INFO     | src.pipelines.train_vision_backbones:run_pipeline:193 - Evaluating pvt_autoencoder_progressive_unfreeze on LP
2026-02-08 18:19:00.372 | INFO     | src.models.evaluation:evaluate_tsb_ad_nonoverlapping:65 - Normal (18666) reconstruction error: mean=0.0833, std=0.0442
2026-02-08 18:19:00.373 | INFO     | src.models.evaluation:evaluate_tsb_ad_nonoverlapping:66 - Anomaly (2694) reconstruction error: mean=0.3810, std=0.3006
2026-02-08 18:19:00.373 | INFO     | src.models.evaluation:evaluate_tsb_ad_nonoverlapping:67 - Overlap? Normal max=0.6846, Anomaly min=0.0556
2026-02-08 18:19:06.615 | INFO     | src.models.evaluation:evaluate_tsb_ad_nonoverlapping:83 - {'AUC-PR': 0.6693122983941815, 'AUC-ROC': 0.852237762866332, 'VUS-PR': np.float64(0.6257476041509709), 'VUS-ROC': np.float64(0.8731093876903252), 'Standard-F1': np.float64(0.6666622189597217), 'PA-F1': 0.9986991265564021, 'Event-based-F1': np.float64(0.7692307692307687), 'R-based-F1': 0.5503235139751702, 'Affiliation-F': 0.8871314184455743}
2026-02-08 18:19:06.775 | INFO     | src.pipelines.train_vision_backbones:run_pipeline:170 - Train images: 113
2026-02-08 18:19:06.775 | INFO     | src.pipelines.train_vision_backbones:run_pipeline:171 - Test images: 427
2026-02-08 18:19:07.744 | INFO     | src.pipelines.train_vision_backbones:run_pipeline:176 - Training pvt_autoencoder_differential_lr on LP
2026-02-08 18:19:07.770 | INFO     | src.models.pvt_autoencoder.training:train_pvt_autoencoder_differential_lr:267 - Device: cuda | Model on: cuda:0
2026-02-08 18:19:50.226 | INFO     | src.pipelines.train_vision_backbones:run_pipeline:193 - Evaluating pvt_autoencoder_differential_lr on LP
2026-02-08 18:19:56.192 | INFO     | src.models.evaluation:evaluate_tsb_ad_nonoverlapping:65 - Normal (18666) reconstruction error: mean=0.0775, std=0.0464
2026-02-08 18:19:56.192 | INFO     | src.models.evaluation:evaluate_tsb_ad_nonoverlapping:66 - Anomaly (2694) reconstruction error: mean=0.3737, std=0.2983
2026-02-08 18:19:56.192 | INFO     | src.models.evaluation:evaluate_tsb_ad_nonoverlapping:67 - Overlap? Normal max=0.6586, Anomaly min=0.0381
2026-02-08 18:20:02.320 | INFO     | src.models.evaluation:evaluate_tsb_ad_nonoverlapping:83 - {'AUC-PR': 0.6700427411166128, 'AUC-ROC': 0.8550437014494074, 'VUS-PR': np.float64(0.6124791750154119), 'VUS-ROC': np.float64(0.8719527571435748), 'Standard-F1': np.float64(0.6666622189597217), 'PA-F1': 0.9986991265564021, 'Event-based-F1': np.float64(0.7692307692307687), 'R-based-F1': 0.5503235139751702, 'Affiliation-F': 0.8816270306228898}
2026-02-08 18:20:02.711 | INFO     | src.pipelines.train_vision_backbones:run_pipeline:70 - Using zip: /net/scratch/hscra/plgrid/plgsmendowski12/ts2i_images/SMD/190_SMD_id_13_Facility_tr_7119_1st_15849_ts2i_SG.zip for transformation SG
2026-02-08 18:20:03.577 | INFO     | src.pipelines.train_vision_backbones:run_pipeline:170 - Train images: 113
2026-02-08 18:20:03.577 | INFO     | src.pipelines.train_vision_backbones:run_pipeline:171 - Test images: 427
2026-02-08 18:20:03.584 | INFO     | src.pipelines.train_vision_backbones:run_pipeline:176 - Training cnn_autoencoder on SG
2026-02-08 18:20:03.588 | INFO     | src.models.cnn_autoencoder.training:train_autoencoder:22 - Device: cuda | Model on: cuda:0
2026-02-08 18:20:35.592 | INFO     | src.pipelines.train_vision_backbones:run_pipeline:193 - Evaluating cnn_autoencoder on SG
2026-02-08 18:20:35.929 | INFO     | src.models.evaluation:evaluate_tsb_ad_nonoverlapping:65 - Normal (18666) reconstruction error: mean=0.0164, std=0.0214
2026-02-08 18:20:35.929 | INFO     | src.models.evaluation:evaluate_tsb_ad_nonoverlapping:66 - Anomaly (2694) reconstruction error: mean=0.2527, std=0.2914
2026-02-08 18:20:35.930 | INFO     | src.models.evaluation:evaluate_tsb_ad_nonoverlapping:67 - Overlap? Normal max=0.5991, Anomaly min=0.0083
2026-02-08 18:20:41.650 | INFO     | src.models.evaluation:evaluate_tsb_ad_nonoverlapping:83 - {'AUC-PR': 0.6607117902188325, 'AUC-ROC': 0.8580946376465401, 'VUS-PR': np.float64(0.7044834825328927), 'VUS-ROC': np.float64(0.894491572697255), 'Standard-F1': np.float64(0.6272549035466494), 'PA-F1': 0.9986991265564021, 'Event-based-F1': np.float64(0.8629185091598225), 'R-based-F1': 0.5806326772079577, 'Affiliation-F': 0.9474236381393225}
2026-02-08 18:20:41.805 | INFO     | src.pipelines.train_vision_backbones:run_pipeline:170 - Train images: 113
2026-02-08 18:20:41.805 | INFO     | src.pipelines.train_vision_backbones:run_pipeline:171 - Test images: 427
2026-02-08 18:20:42.024 | INFO     | src.pipelines.train_vision_backbones:run_pipeline:176 - Training resnet18_autoencoder_frozen on SG
2026-02-08 18:20:42.038 | INFO     | src.models.resnet18_autoencoder.training:train_autoencoder_frozen:25 - Device: cuda | Model on: cuda:0
2026-02-08 18:21:11.228 | INFO     | src.pipelines.train_vision_backbones:run_pipeline:193 - Evaluating resnet18_autoencoder_frozen on SG
2026-02-08 18:21:15.547 | INFO     | src.models.evaluation:evaluate_tsb_ad_nonoverlapping:65 - Normal (18666) reconstruction error: mean=0.0183, std=0.0255
2026-02-08 18:21:15.547 | INFO     | src.models.evaluation:evaluate_tsb_ad_nonoverlapping:66 - Anomaly (2694) reconstruction error: mean=0.2213, std=0.2722
2026-02-08 18:21:15.547 | INFO     | src.models.evaluation:evaluate_tsb_ad_nonoverlapping:67 - Overlap? Normal max=0.5201, Anomaly min=0.0033
2026-02-08 18:21:21.153 | INFO     | src.models.evaluation:evaluate_tsb_ad_nonoverlapping:83 - {'AUC-PR': 0.6215464137372653, 'AUC-ROC': 0.7990207811271657, 'VUS-PR': np.float64(0.621372584944524), 'VUS-ROC': np.float64(0.8465273052468958), 'Standard-F1': np.float64(0.5985048727925425), 'PA-F1': 0.9986991265564021, 'Event-based-F1': np.float64(0.7746815286624198), 'R-based-F1': 0.4828083413066126, 'Affiliation-F': 0.8740836703076323}
2026-02-08 18:21:21.311 | INFO     | src.pipelines.train_vision_backbones:run_pipeline:170 - Train images: 113
2026-02-08 18:21:21.311 | INFO     | src.pipelines.train_vision_backbones:run_pipeline:171 - Test images: 427
2026-02-08 18:21:21.526 | INFO     | src.pipelines.train_vision_backbones:run_pipeline:176 - Training resnet18_autoencoder_progressive_unfreeze on SG
2026-02-08 18:21:21.541 | INFO     | src.models.resnet18_autoencoder.training:train_autoencoder_progressive_unfreeze:133 - Device: cuda | Model on: cuda:0
2026-02-08 18:21:50.271 | INFO     | src.pipelines.train_vision_backbones:run_pipeline:193 - Evaluating resnet18_autoencoder_progressive_unfreeze on SG
2026-02-08 18:21:54.625 | INFO     | src.models.evaluation:evaluate_tsb_ad_nonoverlapping:65 - Normal (18666) reconstruction error: mean=0.0117, std=0.0175
2026-02-08 18:21:54.626 | INFO     | src.models.evaluation:evaluate_tsb_ad_nonoverlapping:66 - Anomaly (2694) reconstruction error: mean=0.2239, std=0.2753
2026-02-08 18:21:54.626 | INFO     | src.models.evaluation:evaluate_tsb_ad_nonoverlapping:67 - Overlap? Normal max=0.4363, Anomaly min=0.0023
2026-02-08 18:22:00.175 | INFO     | src.models.evaluation:evaluate_tsb_ad_nonoverlapping:83 - {'AUC-PR': 0.6413924566520912, 'AUC-ROC': 0.8126786026640627, 'VUS-PR': np.float64(0.6694386895135749), 'VUS-ROC': np.float64(0.860668615629288), 'Standard-F1': np.float64(0.6418647424300614), 'PA-F1': 0.9986991265564021, 'Event-based-F1': np.float64(0.8148984198645592), 'R-based-F1': 0.5295770324335765, 'Affiliation-F': 0.9309866915990964}
2026-02-08 18:22:00.333 | INFO     | src.pipelines.train_vision_backbones:run_pipeline:170 - Train images: 113
2026-02-08 18:22:00.333 | INFO     | src.pipelines.train_vision_backbones:run_pipeline:171 - Test images: 427
2026-02-08 18:22:00.547 | INFO     | src.pipelines.train_vision_backbones:run_pipeline:176 - Training resnet18_autoencoder_differential_lr on SG
2026-02-08 18:22:00.562 | INFO     | src.models.resnet18_autoencoder.training:train_autoencoder_differential_lr:271 - Device: cuda | Model on: cuda:0
2026-02-08 18:22:34.320 | INFO     | src.pipelines.train_vision_backbones:run_pipeline:193 - Evaluating resnet18_autoencoder_differential_lr on SG
2026-02-08 18:22:40.323 | INFO     | src.models.evaluation:evaluate_tsb_ad_nonoverlapping:65 - Normal (18666) reconstruction error: mean=0.0125, std=0.0187
2026-02-08 18:22:40.323 | INFO     | src.models.evaluation:evaluate_tsb_ad_nonoverlapping:66 - Anomaly (2694) reconstruction error: mean=0.2091, std=0.2642
2026-02-08 18:22:40.323 | INFO     | src.models.evaluation:evaluate_tsb_ad_nonoverlapping:67 - Overlap? Normal max=0.4192, Anomaly min=0.0036
2026-02-08 18:22:45.792 | INFO     | src.models.evaluation:evaluate_tsb_ad_nonoverlapping:83 - {'AUC-PR': 0.6311977120491287, 'AUC-ROC': 0.8030009980470986, 'VUS-PR': np.float64(0.6636563743970713), 'VUS-ROC': np.float64(0.8507451156236345), 'Standard-F1': np.float64(0.6215787752151158), 'PA-F1': 0.9986991265564021, 'Event-based-F1': np.float64(0.7996309653610663), 'R-based-F1': 0.5161805092980526, 'Affiliation-F': 0.9385257910225377}
2026-02-08 18:22:45.946 | INFO     | src.pipelines.train_vision_backbones:run_pipeline:170 - Train images: 113
2026-02-08 18:22:45.946 | INFO     | src.pipelines.train_vision_backbones:run_pipeline:171 - Test images: 427
2026-02-08 18:22:46.926 | INFO     | src.pipelines.train_vision_backbones:run_pipeline:176 - Training pvt_autoencoder_frozen on SG
2026-02-08 18:22:46.951 | INFO     | src.models.pvt_autoencoder.training:train_pvt_autoencoder_frozen:24 - Device: cuda | Model on: cuda:0
2026-02-08 18:23:18.836 | INFO     | src.pipelines.train_vision_backbones:run_pipeline:193 - Evaluating pvt_autoencoder_frozen on SG
2026-02-08 18:23:25.331 | INFO     | src.models.evaluation:evaluate_tsb_ad_nonoverlapping:65 - Normal (18666) reconstruction error: mean=0.0229, std=0.0304
2026-02-08 18:23:25.331 | INFO     | src.models.evaluation:evaluate_tsb_ad_nonoverlapping:66 - Anomaly (2694) reconstruction error: mean=0.2268, std=0.2442
2026-02-08 18:23:25.331 | INFO     | src.models.evaluation:evaluate_tsb_ad_nonoverlapping:67 - Overlap? Normal max=0.4609, Anomaly min=0.0038
2026-02-08 18:23:30.995 | INFO     | src.models.evaluation:evaluate_tsb_ad_nonoverlapping:83 - {'AUC-PR': 0.6391884896703998, 'AUC-ROC': 0.8256853509960704, 'VUS-PR': np.float64(0.6251094284165404), 'VUS-ROC': np.float64(0.8637027989013092), 'Standard-F1': np.float64(0.6182386938560573), 'PA-F1': 0.9986991265564021, 'Event-based-F1': np.float64(0.7692307692307687), 'R-based-F1': 0.47656522165213877, 'Affiliation-F': 0.9095695575194458}
2026-02-08 18:23:31.149 | INFO     | src.pipelines.train_vision_backbones:run_pipeline:170 - Train images: 113
2026-02-08 18:23:31.149 | INFO     | src.pipelines.train_vision_backbones:run_pipeline:171 - Test images: 427
2026-02-08 18:23:32.137 | INFO     | src.pipelines.train_vision_backbones:run_pipeline:176 - Training pvt_autoencoder_progressive_unfreeze on SG
2026-02-08 18:23:32.162 | INFO     | src.models.pvt_autoencoder.training:train_pvt_autoencoder_progressive_unfreeze:132 - Device: cuda | Model on: cuda:0
2026-02-08 18:23:59.682 | INFO     | src.pipelines.train_vision_backbones:run_pipeline:193 - Evaluating pvt_autoencoder_progressive_unfreeze on SG
2026-02-08 18:24:04.202 | INFO     | src.models.evaluation:evaluate_tsb_ad_nonoverlapping:65 - Normal (18666) reconstruction error: mean=0.0138, std=0.0200
2026-02-08 18:24:04.202 | INFO     | src.models.evaluation:evaluate_tsb_ad_nonoverlapping:66 - Anomaly (2694) reconstruction error: mean=0.2564, std=0.3053
2026-02-08 18:24:04.202 | INFO     | src.models.evaluation:evaluate_tsb_ad_nonoverlapping:67 - Overlap? Normal max=0.6185, Anomaly min=0.0065
2026-02-08 18:24:09.771 | INFO     | src.models.evaluation:evaluate_tsb_ad_nonoverlapping:83 - {'AUC-PR': 0.6533219014769293, 'AUC-ROC': 0.8438790090419234, 'VUS-PR': np.float64(0.6979374994238221), 'VUS-ROC': np.float64(0.8828559656107476), 'Standard-F1': np.float64(0.6241220129866653), 'PA-F1': 0.9986991265564021, 'Event-based-F1': np.float64(0.8463873709775345), 'R-based-F1': 0.5806326772079577, 'Affiliation-F': 0.9432137472817871}
2026-02-08 18:24:09.926 | INFO     | src.pipelines.train_vision_backbones:run_pipeline:170 - Train images: 113
2026-02-08 18:24:09.927 | INFO     | src.pipelines.train_vision_backbones:run_pipeline:171 - Test images: 427
2026-02-08 18:24:10.895 | INFO     | src.pipelines.train_vision_backbones:run_pipeline:176 - Training pvt_autoencoder_differential_lr on SG
2026-02-08 18:24:10.919 | INFO     | src.models.pvt_autoencoder.training:train_pvt_autoencoder_differential_lr:267 - Device: cuda | Model on: cuda:0
2026-02-08 18:24:51.110 | INFO     | src.pipelines.train_vision_backbones:run_pipeline:193 - Evaluating pvt_autoencoder_differential_lr on SG
2026-02-08 18:24:57.392 | INFO     | src.models.evaluation:evaluate_tsb_ad_nonoverlapping:65 - Normal (18666) reconstruction error: mean=0.0125, std=0.0193
2026-02-08 18:24:57.393 | INFO     | src.models.evaluation:evaluate_tsb_ad_nonoverlapping:66 - Anomaly (2694) reconstruction error: mean=0.2463, std=0.2966
2026-02-08 18:24:57.393 | INFO     | src.models.evaluation:evaluate_tsb_ad_nonoverlapping:67 - Overlap? Normal max=0.6150, Anomaly min=0.0049
2026-02-08 18:25:03.000 | INFO     | src.models.evaluation:evaluate_tsb_ad_nonoverlapping:83 - {'AUC-PR': 0.6598225472075769, 'AUC-ROC': 0.8504195703457751, 'VUS-PR': np.float64(0.6848001350782572), 'VUS-ROC': np.float64(0.886415814021123), 'Standard-F1': np.float64(0.6345827003220459), 'PA-F1': 0.9986991265564021, 'Event-based-F1': np.float64(0.8295019157088116), 'R-based-F1': 0.5806326772079577, 'Affiliation-F': 0.9405184798496361}
2026-02-08 18:25:03.351 | INFO     | src.pipelines.train_vision_backbones:run_pipeline:70 - Using zip: /net/scratch/hscra/plgrid/plgsmendowski12/ts2i_images/SMD/190_SMD_id_13_Facility_tr_7119_1st_15849_ts2i_GASF.zip for transformation GASF
2026-02-08 18:25:04.259 | INFO     | src.pipelines.train_vision_backbones:run_pipeline:170 - Train images: 113
2026-02-08 18:25:04.260 | INFO     | src.pipelines.train_vision_backbones:run_pipeline:171 - Test images: 427
2026-02-08 18:25:04.267 | INFO     | src.pipelines.train_vision_backbones:run_pipeline:176 - Training cnn_autoencoder on GASF
2026-02-08 18:25:04.273 | INFO     | src.models.cnn_autoencoder.training:train_autoencoder:22 - Device: cuda | Model on: cuda:0
2026-02-08 18:25:37.358 | INFO     | src.pipelines.train_vision_backbones:run_pipeline:193 - Evaluating cnn_autoencoder on GASF
2026-02-08 18:25:37.742 | INFO     | src.models.evaluation:evaluate_tsb_ad_nonoverlapping:65 - Normal (18666) reconstruction error: mean=0.2638, std=0.1901
2026-02-08 18:25:37.742 | INFO     | src.models.evaluation:evaluate_tsb_ad_nonoverlapping:66 - Anomaly (2694) reconstruction error: mean=0.3135, std=0.1510
2026-02-08 18:25:37.742 | INFO     | src.models.evaluation:evaluate_tsb_ad_nonoverlapping:67 - Overlap? Normal max=1.0000, Anomaly min=0.0304
2026-02-08 18:25:45.214 | INFO     | src.models.evaluation:evaluate_tsb_ad_nonoverlapping:83 - {'AUC-PR': 0.15887169267402612, 'AUC-ROC': 0.6162728449337714, 'VUS-PR': np.float64(0.18827800981326204), 'VUS-ROC': np.float64(0.6545792495240406), 'Standard-F1': np.float64(0.2861260931327788), 'PA-F1': 0.6969264686811049, 'Event-based-F1': np.float64(0.32702020202020166), 'R-based-F1': 0.2587917157435218, 'Affiliation-F': 0.7806696989206515}
2026-02-08 18:25:45.371 | INFO     | src.pipelines.train_vision_backbones:run_pipeline:170 - Train images: 113
2026-02-08 18:25:45.372 | INFO     | src.pipelines.train_vision_backbones:run_pipeline:171 - Test images: 427
2026-02-08 18:25:45.589 | INFO     | src.pipelines.train_vision_backbones:run_pipeline:176 - Training resnet18_autoencoder_frozen on GASF
2026-02-08 18:25:45.603 | INFO     | src.models.resnet18_autoencoder.training:train_autoencoder_frozen:25 - Device: cuda | Model on: cuda:0
2026-02-08 18:25:54.204 | INFO     | src.pipelines.train_vision_backbones:run_pipeline:193 - Evaluating resnet18_autoencoder_frozen on GASF
2026-02-08 18:25:55.107 | INFO     | src.models.evaluation:evaluate_tsb_ad_nonoverlapping:65 - Normal (18666) reconstruction error: mean=0.1748, std=0.1237
2026-02-08 18:25:55.107 | INFO     | src.models.evaluation:evaluate_tsb_ad_nonoverlapping:66 - Anomaly (2694) reconstruction error: mean=0.2124, std=0.1636
2026-02-08 18:25:55.108 | INFO     | src.models.evaluation:evaluate_tsb_ad_nonoverlapping:67 - Overlap? Normal max=1.0000, Anomaly min=0.0225
2026-02-08 18:26:01.836 | INFO     | src.models.evaluation:evaluate_tsb_ad_nonoverlapping:83 - {'AUC-PR': 0.17128722676877084, 'AUC-ROC': 0.5713040499139685, 'VUS-PR': np.float64(0.21845770607641188), 'VUS-ROC': np.float64(0.6327936149435271), 'Standard-F1': np.float64(0.2561967031583988), 'PA-F1': 0.8451764705882353, 'Event-based-F1': np.float64(0.49224054316197813), 'R-based-F1': 0.3780417948842596, 'Affiliation-F': 0.84514470043549}
2026-02-08 18:26:01.990 | INFO     | src.pipelines.train_vision_backbones:run_pipeline:170 - Train images: 113
2026-02-08 18:26:01.990 | INFO     | src.pipelines.train_vision_backbones:run_pipeline:171 - Test images: 427
2026-02-08 18:26:02.205 | INFO     | src.pipelines.train_vision_backbones:run_pipeline:176 - Training resnet18_autoencoder_progressive_unfreeze on GASF
2026-02-08 18:26:02.220 | INFO     | src.models.resnet18_autoencoder.training:train_autoencoder_progressive_unfreeze:133 - Device: cuda | Model on: cuda:0
2026-02-08 18:26:11.991 | INFO     | src.pipelines.train_vision_backbones:run_pipeline:193 - Evaluating resnet18_autoencoder_progressive_unfreeze on GASF
2026-02-08 18:26:14.083 | INFO     | src.models.evaluation:evaluate_tsb_ad_nonoverlapping:65 - Normal (18666) reconstruction error: mean=0.1534, std=0.1055
2026-02-08 18:26:14.084 | INFO     | src.models.evaluation:evaluate_tsb_ad_nonoverlapping:66 - Anomaly (2694) reconstruction error: mean=0.1904, std=0.1655
2026-02-08 18:26:14.084 | INFO     | src.models.evaluation:evaluate_tsb_ad_nonoverlapping:67 - Overlap? Normal max=0.7869, Anomaly min=0.0204
2026-02-08 18:26:20.558 | INFO     | src.models.evaluation:evaluate_tsb_ad_nonoverlapping:83 - {'AUC-PR': 0.1839979543788242, 'AUC-ROC': 0.5559722105888129, 'VUS-PR': np.float64(0.21402907400881566), 'VUS-ROC': np.float64(0.6128441030769631), 'Standard-F1': np.float64(0.26094427037060614), 'PA-F1': 0.7268373549456622, 'Event-based-F1': np.float64(0.5035828025477702), 'R-based-F1': 0.4078378307058783, 'Affiliation-F': 0.843780579292101}
2026-02-08 18:26:20.714 | INFO     | src.pipelines.train_vision_backbones:run_pipeline:170 - Train images: 113
2026-02-08 18:26:20.714 | INFO     | src.pipelines.train_vision_backbones:run_pipeline:171 - Test images: 427
2026-02-08 18:26:20.920 | INFO     | src.pipelines.train_vision_backbones:run_pipeline:176 - Training resnet18_autoencoder_differential_lr on GASF
2026-02-08 18:26:20.933 | INFO     | src.models.resnet18_autoencoder.training:train_autoencoder_differential_lr:271 - Device: cuda | Model on: cuda:0
2026-02-08 18:26:44.843 | INFO     | src.pipelines.train_vision_backbones:run_pipeline:193 - Evaluating resnet18_autoencoder_differential_lr on GASF
2026-02-08 18:26:50.249 | INFO     | src.models.evaluation:evaluate_tsb_ad_nonoverlapping:65 - Normal (18666) reconstruction error: mean=0.2498, std=0.1625
2026-02-08 18:26:50.249 | INFO     | src.models.evaluation:evaluate_tsb_ad_nonoverlapping:66 - Anomaly (2694) reconstruction error: mean=0.2880, std=0.1517
2026-02-08 18:26:50.250 | INFO     | src.models.evaluation:evaluate_tsb_ad_nonoverlapping:67 - Overlap? Normal max=1.0000, Anomaly min=0.0092
2026-02-08 18:26:57.555 | INFO     | src.models.evaluation:evaluate_tsb_ad_nonoverlapping:83 - {'AUC-PR': 0.16162702152490624, 'AUC-ROC': 0.5946653280887935, 'VUS-PR': np.float64(0.19082702677925623), 'VUS-ROC': np.float64(0.6498723569930049), 'Standard-F1': np.float64(0.2653536101495717), 'PA-F1': 0.736223164228087, 'Event-based-F1': np.float64(0.3174508636092909), 'R-based-F1': 0.2704046898290984, 'Affiliation-F': 0.7906531860731955}
2026-02-08 18:26:57.712 | INFO     | src.pipelines.train_vision_backbones:run_pipeline:170 - Train images: 113
2026-02-08 18:26:57.712 | INFO     | src.pipelines.train_vision_backbones:run_pipeline:171 - Test images: 427
2026-02-08 18:26:58.782 | INFO     | src.pipelines.train_vision_backbones:run_pipeline:176 - Training pvt_autoencoder_frozen on GASF
2026-02-08 18:26:58.806 | INFO     | src.models.pvt_autoencoder.training:train_pvt_autoencoder_frozen:24 - Device: cuda | Model on: cuda:0
2026-02-08 18:27:09.025 | INFO     | src.pipelines.train_vision_backbones:run_pipeline:193 - Evaluating pvt_autoencoder_frozen on GASF
2026-02-08 18:27:12.792 | INFO     | src.models.evaluation:evaluate_tsb_ad_nonoverlapping:65 - Normal (18666) reconstruction error: mean=0.0765, std=0.0778
2026-02-08 18:27:12.793 | INFO     | src.models.evaluation:evaluate_tsb_ad_nonoverlapping:66 - Anomaly (2694) reconstruction error: mean=0.0836, std=0.0451
2026-02-08 18:27:12.793 | INFO     | src.models.evaluation:evaluate_tsb_ad_nonoverlapping:67 - Overlap? Normal max=1.0000, Anomaly min=0.0263
2026-02-08 18:27:18.607 | INFO     | src.models.evaluation:evaluate_tsb_ad_nonoverlapping:83 - {'AUC-PR': 0.16063722651358192, 'AUC-ROC': 0.591994615461529, 'VUS-PR': np.float64(0.20001796045888323), 'VUS-ROC': np.float64(0.6451651986821666), 'Standard-F1': np.float64(0.2612462471166328), 'PA-F1': 0.7355191256830601, 'Event-based-F1': np.float64(0.3219028162848384), 'R-based-F1': 0.24097007580106386, 'Affiliation-F': 0.8009571245343362}
2026-02-08 18:27:18.761 | INFO     | src.pipelines.train_vision_backbones:run_pipeline:170 - Train images: 113
2026-02-08 18:27:18.761 | INFO     | src.pipelines.train_vision_backbones:run_pipeline:171 - Test images: 427
2026-02-08 18:27:19.731 | INFO     | src.pipelines.train_vision_backbones:run_pipeline:176 - Training pvt_autoencoder_progressive_unfreeze on GASF
2026-02-08 18:27:19.754 | INFO     | src.models.pvt_autoencoder.training:train_pvt_autoencoder_progressive_unfreeze:132 - Device: cuda | Model on: cuda:0
2026-02-08 18:27:51.044 | INFO     | src.pipelines.train_vision_backbones:run_pipeline:193 - Evaluating pvt_autoencoder_progressive_unfreeze on GASF
2026-02-08 18:27:55.659 | INFO     | src.models.evaluation:evaluate_tsb_ad_nonoverlapping:65 - Normal (18666) reconstruction error: mean=0.2766, std=0.2127
2026-02-08 18:27:55.659 | INFO     | src.models.evaluation:evaluate_tsb_ad_nonoverlapping:66 - Anomaly (2694) reconstruction error: mean=0.3444, std=0.1907
2026-02-08 18:27:55.659 | INFO     | src.models.evaluation:evaluate_tsb_ad_nonoverlapping:67 - Overlap? Normal max=1.0000, Anomaly min=0.0319
2026-02-08 18:28:03.276 | INFO     | src.models.evaluation:evaluate_tsb_ad_nonoverlapping:83 - {'AUC-PR': 0.16592553817601505, 'AUC-ROC': 0.6214621409880133, 'VUS-PR': np.float64(0.20757750297210162), 'VUS-ROC': np.float64(0.6768276245546396), 'Standard-F1': np.float64(0.28309060259623053), 'PA-F1': 0.6818642350557245, 'Event-based-F1': np.float64(0.3371891266628106), 'R-based-F1': 0.290418651001804, 'Affiliation-F': 0.7921352933690395}
2026-02-08 18:28:03.432 | INFO     | src.pipelines.train_vision_backbones:run_pipeline:170 - Train images: 113
2026-02-08 18:28:03.432 | INFO     | src.pipelines.train_vision_backbones:run_pipeline:171 - Test images: 427
2026-02-08 18:28:04.431 | INFO     | src.pipelines.train_vision_backbones:run_pipeline:176 - Training pvt_autoencoder_differential_lr on GASF
2026-02-08 18:28:04.456 | INFO     | src.models.pvt_autoencoder.training:train_pvt_autoencoder_differential_lr:267 - Device: cuda | Model on: cuda:0
2026-02-08 18:28:30.441 | INFO     | src.pipelines.train_vision_backbones:run_pipeline:193 - Evaluating pvt_autoencoder_differential_lr on GASF
2026-02-08 18:28:34.142 | INFO     | src.models.evaluation:evaluate_tsb_ad_nonoverlapping:65 - Normal (18666) reconstruction error: mean=0.3005, std=0.2300
2026-02-08 18:28:34.143 | INFO     | src.models.evaluation:evaluate_tsb_ad_nonoverlapping:66 - Anomaly (2694) reconstruction error: mean=0.3847, std=0.2098
2026-02-08 18:28:34.143 | INFO     | src.models.evaluation:evaluate_tsb_ad_nonoverlapping:67 - Overlap? Normal max=1.0000, Anomaly min=0.0403
2026-02-08 18:28:41.992 | INFO     | src.models.evaluation:evaluate_tsb_ad_nonoverlapping:83 - {'AUC-PR': 0.16866216764330993, 'AUC-ROC': 0.6290707884810713, 'VUS-PR': np.float64(0.2065975203355041), 'VUS-ROC': np.float64(0.6832686417698596), 'Standard-F1': np.float64(0.29394897121059566), 'PA-F1': 0.7445719817452634, 'Event-based-F1': np.float64(0.34295756967110186), 'R-based-F1': 0.26203845932291314, 'Affiliation-F': 0.807979617911829}
2026-02-08 18:28:42.344 | INFO     | src.pipelines.train_vision_backbones:run_pipeline:70 - Using zip: /net/scratch/hscra/plgrid/plgsmendowski12/ts2i_images/SMD/190_SMD_id_13_Facility_tr_7119_1st_15849_ts2i_GADF.zip for transformation GADF
2026-02-08 18:28:43.010 | INFO     | src.pipelines.train_vision_backbones:run_pipeline:170 - Train images: 113
2026-02-08 18:28:43.010 | INFO     | src.pipelines.train_vision_backbones:run_pipeline:171 - Test images: 427
2026-02-08 18:28:43.016 | INFO     | src.pipelines.train_vision_backbones:run_pipeline:176 - Training cnn_autoencoder on GADF
2026-02-08 18:28:43.021 | INFO     | src.models.cnn_autoencoder.training:train_autoencoder:22 - Device: cuda | Model on: cuda:0
2026-02-08 18:29:16.237 | INFO     | src.pipelines.train_vision_backbones:run_pipeline:193 - Evaluating cnn_autoencoder on GADF
2026-02-08 18:29:16.619 | INFO     | src.models.evaluation:evaluate_tsb_ad_nonoverlapping:65 - Normal (18666) reconstruction error: mean=0.3581, std=0.1555
2026-02-08 18:29:16.619 | INFO     | src.models.evaluation:evaluate_tsb_ad_nonoverlapping:66 - Anomaly (2694) reconstruction error: mean=0.2958, std=0.1209
2026-02-08 18:29:16.619 | INFO     | src.models.evaluation:evaluate_tsb_ad_nonoverlapping:67 - Overlap? Normal max=1.0000, Anomaly min=0.0543
2026-02-08 18:29:24.677 | INFO     | src.models.evaluation:evaluate_tsb_ad_nonoverlapping:83 - {'AUC-PR': 0.09611535505372212, 'AUC-ROC': 0.37937089067212154, 'VUS-PR': np.float64(0.1134613888729529), 'VUS-ROC': np.float64(0.3831228261502494), 'Standard-F1': np.float64(0.22682294481299245), 'PA-F1': 0.5231697819314641, 'Event-based-F1': np.float64(0.2268249557969182), 'R-based-F1': 0.33181437603804664, 'Affiliation-F': 0.7044713470169115}
2026-02-08 18:29:24.829 | INFO     | src.pipelines.train_vision_backbones:run_pipeline:170 - Train images: 113
2026-02-08 18:29:24.829 | INFO     | src.pipelines.train_vision_backbones:run_pipeline:171 - Test images: 427
2026-02-08 18:29:25.039 | INFO     | src.pipelines.train_vision_backbones:run_pipeline:176 - Training resnet18_autoencoder_frozen on GADF
2026-02-08 18:29:25.052 | INFO     | src.models.resnet18_autoencoder.training:train_autoencoder_frozen:25 - Device: cuda | Model on: cuda:0
2026-02-08 18:29:31.805 | INFO     | src.pipelines.train_vision_backbones:run_pipeline:193 - Evaluating resnet18_autoencoder_frozen on GADF
2026-02-08 18:29:32.222 | INFO     | src.models.evaluation:evaluate_tsb_ad_nonoverlapping:65 - Normal (18666) reconstruction error: mean=0.5182, std=0.1839
2026-02-08 18:29:32.222 | INFO     | src.models.evaluation:evaluate_tsb_ad_nonoverlapping:66 - Anomaly (2694) reconstruction error: mean=0.4631, std=0.1612
2026-02-08 18:29:32.223 | INFO     | src.models.evaluation:evaluate_tsb_ad_nonoverlapping:67 - Overlap? Normal max=1.0000, Anomaly min=0.1093
2026-02-08 18:29:41.548 | INFO     | src.models.evaluation:evaluate_tsb_ad_nonoverlapping:83 - {'AUC-PR': 0.10483724436533526, 'AUC-ROC': 0.39556141481667617, 'VUS-PR': np.float64(0.11714947936268232), 'VUS-ROC': np.float64(0.39058211624903555), 'Standard-F1': np.float64(0.23540959448659873), 'PA-F1': 0.5492194966549857, 'Event-based-F1': np.float64(0.23615160349854206), 'R-based-F1': 0.3867586683177827, 'Affiliation-F': 0.7053872300810079}
2026-02-08 18:29:41.705 | INFO     | src.pipelines.train_vision_backbones:run_pipeline:170 - Train images: 113
2026-02-08 18:29:41.705 | INFO     | src.pipelines.train_vision_backbones:run_pipeline:171 - Test images: 427
2026-02-08 18:29:41.912 | INFO     | src.pipelines.train_vision_backbones:run_pipeline:176 - Training resnet18_autoencoder_progressive_unfreeze on GADF
2026-02-08 18:29:41.925 | INFO     | src.models.resnet18_autoencoder.training:train_autoencoder_progressive_unfreeze:133 - Device: cuda | Model on: cuda:0
2026-02-08 18:29:57.964 | INFO     | src.pipelines.train_vision_backbones:run_pipeline:193 - Evaluating resnet18_autoencoder_progressive_unfreeze on GADF
2026-02-08 18:30:01.817 | INFO     | src.models.evaluation:evaluate_tsb_ad_nonoverlapping:65 - Normal (18666) reconstruction error: mean=0.5479, std=0.1975
2026-02-08 18:30:01.818 | INFO     | src.models.evaluation:evaluate_tsb_ad_nonoverlapping:66 - Anomaly (2694) reconstruction error: mean=0.4980, std=0.1921
2026-02-08 18:30:01.818 | INFO     | src.models.evaluation:evaluate_tsb_ad_nonoverlapping:67 - Overlap? Normal max=1.0000, Anomaly min=0.0569
2026-02-08 18:30:11.358 | INFO     | src.models.evaluation:evaluate_tsb_ad_nonoverlapping:83 - {'AUC-PR': 0.11045411458376306, 'AUC-ROC': 0.424110597013845, 'VUS-PR': np.float64(0.12490887283048388), 'VUS-ROC': np.float64(0.41379225945353687), 'Standard-F1': np.float64(0.2273996887624921), 'PA-F1': 0.6862469671817137, 'Event-based-F1': np.float64(0.2325581395348834), 'R-based-F1': 0.352877140228868, 'Affiliation-F': 0.7048193455688403}
2026-02-08 18:30:11.513 | INFO     | src.pipelines.train_vision_backbones:run_pipeline:170 - Train images: 113
2026-02-08 18:30:11.513 | INFO     | src.pipelines.train_vision_backbones:run_pipeline:171 - Test images: 427
2026-02-08 18:30:11.728 | INFO     | src.pipelines.train_vision_backbones:run_pipeline:176 - Training resnet18_autoencoder_differential_lr on GADF
2026-02-08 18:30:11.742 | INFO     | src.models.resnet18_autoencoder.training:train_autoencoder_differential_lr:271 - Device: cuda | Model on: cuda:0
2026-02-08 18:30:23.535 | INFO     | src.pipelines.train_vision_backbones:run_pipeline:193 - Evaluating resnet18_autoencoder_differential_lr on GADF
2026-02-08 18:30:27.223 | INFO     | src.models.evaluation:evaluate_tsb_ad_nonoverlapping:65 - Normal (18666) reconstruction error: mean=0.5181, std=0.1839
2026-02-08 18:30:27.224 | INFO     | src.models.evaluation:evaluate_tsb_ad_nonoverlapping:66 - Anomaly (2694) reconstruction error: mean=0.4631, std=0.1614
2026-02-08 18:30:27.224 | INFO     | src.models.evaluation:evaluate_tsb_ad_nonoverlapping:67 - Overlap? Normal max=1.0000, Anomaly min=0.1082
2026-02-08 18:30:36.484 | INFO     | src.models.evaluation:evaluate_tsb_ad_nonoverlapping:83 - {'AUC-PR': 0.10486143581726776, 'AUC-ROC': 0.39576027651639806, 'VUS-PR': np.float64(0.11694418424877145), 'VUS-ROC': np.float64(0.390904277124318), 'Standard-F1': np.float64(0.23540959448659873), 'PA-F1': 0.5492194966549857, 'Event-based-F1': np.float64(0.23615160349854206), 'R-based-F1': 0.3867586683177827, 'Affiliation-F': 0.7053872300810079}
2026-02-08 18:30:36.636 | INFO     | src.pipelines.train_vision_backbones:run_pipeline:170 - Train images: 113
2026-02-08 18:30:36.636 | INFO     | src.pipelines.train_vision_backbones:run_pipeline:171 - Test images: 427
2026-02-08 18:30:37.585 | INFO     | src.pipelines.train_vision_backbones:run_pipeline:176 - Training pvt_autoencoder_frozen on GADF
2026-02-08 18:30:37.611 | INFO     | src.models.pvt_autoencoder.training:train_pvt_autoencoder_frozen:24 - Device: cuda | Model on: cuda:0
2026-02-08 18:31:00.700 | INFO     | src.pipelines.train_vision_backbones:run_pipeline:193 - Evaluating pvt_autoencoder_frozen on GADF
2026-02-08 18:31:05.877 | INFO     | src.models.evaluation:evaluate_tsb_ad_nonoverlapping:65 - Normal (18666) reconstruction error: mean=0.5181, std=0.1767
2026-02-08 18:31:05.877 | INFO     | src.models.evaluation:evaluate_tsb_ad_nonoverlapping:66 - Anomaly (2694) reconstruction error: mean=0.4784, std=0.1684
2026-02-08 18:31:05.878 | INFO     | src.models.evaluation:evaluate_tsb_ad_nonoverlapping:67 - Overlap? Normal max=1.0000, Anomaly min=0.0867
2026-02-08 18:31:15.211 | INFO     | src.models.evaluation:evaluate_tsb_ad_nonoverlapping:83 - {'AUC-PR': 0.11753253754169408, 'AUC-ROC': 0.41173344482315666, 'VUS-PR': np.float64(0.12639693561791704), 'VUS-ROC': np.float64(0.41714880751955347), 'Standard-F1': np.float64(0.2329084088131085), 'PA-F1': 0.5686965274282838, 'Event-based-F1': np.float64(0.3076923076923072), 'R-based-F1': 0.42159594806530165, 'Affiliation-F': 0.7051250751194237}
2026-02-08 18:31:15.364 | INFO     | src.pipelines.train_vision_backbones:run_pipeline:170 - Train images: 113
2026-02-08 18:31:15.364 | INFO     | src.pipelines.train_vision_backbones:run_pipeline:171 - Test images: 427
2026-02-08 18:31:16.310 | INFO     | src.pipelines.train_vision_backbones:run_pipeline:176 - Training pvt_autoencoder_progressive_unfreeze on GADF
2026-02-08 18:31:16.335 | INFO     | src.models.pvt_autoencoder.training:train_pvt_autoencoder_progressive_unfreeze:132 - Device: cuda | Model on: cuda:0
2026-02-08 18:31:19.764 | INFO     | src.pipelines.train_vision_backbones:run_pipeline:193 - Evaluating pvt_autoencoder_progressive_unfreeze on GADF
2026-02-08 18:31:20.638 | INFO     | src.models.evaluation:evaluate_tsb_ad_nonoverlapping:65 - Normal (18666) reconstruction error: mean=0.5176, std=0.1837
2026-02-08 18:31:20.638 | INFO     | src.models.evaluation:evaluate_tsb_ad_nonoverlapping:66 - Anomaly (2694) reconstruction error: mean=0.4626, std=0.1612
2026-02-08 18:31:20.638 | INFO     | src.models.evaluation:evaluate_tsb_ad_nonoverlapping:67 - Overlap? Normal max=1.0000, Anomaly min=0.1088
2026-02-08 18:31:30.166 | INFO     | src.models.evaluation:evaluate_tsb_ad_nonoverlapping:83 - {'AUC-PR': 0.10484745808347294, 'AUC-ROC': 0.395691669229994, 'VUS-PR': np.float64(0.11693612216899521), 'VUS-ROC': np.float64(0.39086327767223755), 'Standard-F1': np.float64(0.23540959448659873), 'PA-F1': 0.5492194966549857, 'Event-based-F1': np.float64(0.23615160349854206), 'R-based-F1': 0.3867586683177827, 'Affiliation-F': 0.7053872300810079}
2026-02-08 18:31:30.316 | INFO     | src.pipelines.train_vision_backbones:run_pipeline:170 - Train images: 113
2026-02-08 18:31:30.316 | INFO     | src.pipelines.train_vision_backbones:run_pipeline:171 - Test images: 427
2026-02-08 18:31:31.262 | INFO     | src.pipelines.train_vision_backbones:run_pipeline:176 - Training pvt_autoencoder_differential_lr on GADF
2026-02-08 18:31:31.287 | INFO     | src.models.pvt_autoencoder.training:train_pvt_autoencoder_differential_lr:267 - Device: cuda | Model on: cuda:0
2026-02-08 18:31:43.218 | INFO     | src.pipelines.train_vision_backbones:run_pipeline:193 - Evaluating pvt_autoencoder_differential_lr on GADF
2026-02-08 18:31:47.635 | INFO     | src.models.evaluation:evaluate_tsb_ad_nonoverlapping:65 - Normal (18666) reconstruction error: mean=0.5176, std=0.1836
2026-02-08 18:31:47.635 | INFO     | src.models.evaluation:evaluate_tsb_ad_nonoverlapping:66 - Anomaly (2694) reconstruction error: mean=0.4629, std=0.1610
2026-02-08 18:31:47.635 | INFO     | src.models.evaluation:evaluate_tsb_ad_nonoverlapping:67 - Overlap? Normal max=1.0000, Anomaly min=0.1089
2026-02-08 18:31:57.062 | INFO     | src.models.evaluation:evaluate_tsb_ad_nonoverlapping:83 - {'AUC-PR': 0.10479498099018217, 'AUC-ROC': 0.3956081473161108, 'VUS-PR': np.float64(0.11678186327307327), 'VUS-ROC': np.float64(0.39041701906968984), 'Standard-F1': np.float64(0.23540959448659873), 'PA-F1': 0.5492194966549857, 'Event-based-F1': np.float64(0.23615160349854206), 'R-based-F1': 0.3867586683177827, 'Affiliation-F': 0.7053872300810079}
2026-02-08 18:31:57.413 | INFO     | src.pipelines.train_vision_backbones:run_pipeline:70 - Using zip: /net/scratch/hscra/plgrid/plgsmendowski12/ts2i_images/SMD/190_SMD_id_13_Facility_tr_7119_1st_15849_ts2i_MTF.zip for transformation MTF
2026-02-08 18:31:58.075 | INFO     | src.pipelines.train_vision_backbones:run_pipeline:170 - Train images: 113
2026-02-08 18:31:58.075 | INFO     | src.pipelines.train_vision_backbones:run_pipeline:171 - Test images: 427
2026-02-08 18:31:58.081 | INFO     | src.pipelines.train_vision_backbones:run_pipeline:176 - Training cnn_autoencoder on MTF
2026-02-08 18:31:58.086 | INFO     | src.models.cnn_autoencoder.training:train_autoencoder:22 - Device: cuda | Model on: cuda:0
2026-02-08 18:32:27.400 | INFO     | src.pipelines.train_vision_backbones:run_pipeline:193 - Evaluating cnn_autoencoder on MTF
2026-02-08 18:32:27.769 | INFO     | src.models.evaluation:evaluate_tsb_ad_nonoverlapping:65 - Normal (18666) reconstruction error: mean=0.1327, std=0.1320
2026-02-08 18:32:27.769 | INFO     | src.models.evaluation:evaluate_tsb_ad_nonoverlapping:66 - Anomaly (2694) reconstruction error: mean=0.0979, std=0.0538
2026-02-08 18:32:27.769 | INFO     | src.models.evaluation:evaluate_tsb_ad_nonoverlapping:67 - Overlap? Normal max=1.0000, Anomaly min=0.0218
2026-02-08 18:32:34.017 | INFO     | src.models.evaluation:evaluate_tsb_ad_nonoverlapping:83 - {'AUC-PR': 0.10777841229073332, 'AUC-ROC': 0.4583416556954667, 'VUS-PR': np.float64(0.13763812503334297), 'VUS-ROC': np.float64(0.5322312226931563), 'Standard-F1': np.float64(0.2518290093438984), 'PA-F1': 0.5319520428355256, 'Event-based-F1': np.float64(0.2445683522399536), 'R-based-F1': 0.2508285386213481, 'Affiliation-F': 0.751116162724818}
2026-02-08 18:32:34.172 | INFO     | src.pipelines.train_vision_backbones:run_pipeline:170 - Train images: 113
2026-02-08 18:32:34.173 | INFO     | src.pipelines.train_vision_backbones:run_pipeline:171 - Test images: 427
2026-02-08 18:32:34.380 | INFO     | src.pipelines.train_vision_backbones:run_pipeline:176 - Training resnet18_autoencoder_frozen on MTF
2026-02-08 18:32:34.392 | INFO     | src.models.resnet18_autoencoder.training:train_autoencoder_frozen:25 - Device: cuda | Model on: cuda:0
2026-02-08 18:32:51.371 | INFO     | src.pipelines.train_vision_backbones:run_pipeline:193 - Evaluating resnet18_autoencoder_frozen on MTF
2026-02-08 18:32:51.782 | INFO     | src.models.evaluation:evaluate_tsb_ad_nonoverlapping:65 - Normal (18666) reconstruction error: mean=0.1021, std=0.1223
2026-02-08 18:32:51.782 | INFO     | src.models.evaluation:evaluate_tsb_ad_nonoverlapping:66 - Anomaly (2694) reconstruction error: mean=0.0757, std=0.0443
2026-02-08 18:32:51.782 | INFO     | src.models.evaluation:evaluate_tsb_ad_nonoverlapping:67 - Overlap? Normal max=1.0000, Anomaly min=0.0216
2026-02-08 18:32:57.812 | INFO     | src.models.evaluation:evaluate_tsb_ad_nonoverlapping:83 - {'AUC-PR': 0.12070967374233946, 'AUC-ROC': 0.5193140448620859, 'VUS-PR': np.float64(0.1492051144902439), 'VUS-ROC': np.float64(0.582712273130337), 'Standard-F1': np.float64(0.2682579109873983), 'PA-F1': 0.5888524590163935, 'Event-based-F1': np.float64(0.25942416147224673), 'R-based-F1': 0.2712010425752623, 'Affiliation-F': 0.7927861486951718}
2026-02-08 18:32:57.964 | INFO     | src.pipelines.train_vision_backbones:run_pipeline:170 - Train images: 113
2026-02-08 18:32:57.964 | INFO     | src.pipelines.train_vision_backbones:run_pipeline:171 - Test images: 427
2026-02-08 18:32:58.178 | INFO     | src.pipelines.train_vision_backbones:run_pipeline:176 - Training resnet18_autoencoder_progressive_unfreeze on MTF
2026-02-08 18:32:58.193 | INFO     | src.models.resnet18_autoencoder.training:train_autoencoder_progressive_unfreeze:133 - Device: cuda | Model on: cuda:0
2026-02-08 18:33:14.035 | INFO     | src.pipelines.train_vision_backbones:run_pipeline:193 - Evaluating resnet18_autoencoder_progressive_unfreeze on MTF
2026-02-08 18:33:16.035 | INFO     | src.models.evaluation:evaluate_tsb_ad_nonoverlapping:65 - Normal (18666) reconstruction error: mean=0.1107, std=0.1275
2026-02-08 18:33:16.036 | INFO     | src.models.evaluation:evaluate_tsb_ad_nonoverlapping:66 - Anomaly (2694) reconstruction error: mean=0.0833, std=0.0587
2026-02-08 18:33:16.036 | INFO     | src.models.evaluation:evaluate_tsb_ad_nonoverlapping:67 - Overlap? Normal max=1.0000, Anomaly min=0.0168
2026-02-08 18:33:22.199 | INFO     | src.models.evaluation:evaluate_tsb_ad_nonoverlapping:83 - {'AUC-PR': 0.11475237296679408, 'AUC-ROC': 0.4856869291625194, 'VUS-PR': np.float64(0.14501522785225124), 'VUS-ROC': np.float64(0.5509563972913392), 'Standard-F1': np.float64(0.24547076344819627), 'PA-F1': 0.5617180984153461, 'Event-based-F1': np.float64(0.2461762563729058), 'R-based-F1': 0.26146943126123245, 'Affiliation-F': 0.795079810287285}
2026-02-08 18:33:22.371 | INFO     | src.pipelines.train_vision_backbones:run_pipeline:170 - Train images: 113
2026-02-08 18:33:22.371 | INFO     | src.pipelines.train_vision_backbones:run_pipeline:171 - Test images: 427
2026-02-08 18:33:22.587 | INFO     | src.pipelines.train_vision_backbones:run_pipeline:176 - Training resnet18_autoencoder_differential_lr on MTF
2026-02-08 18:33:22.601 | INFO     | src.models.resnet18_autoencoder.training:train_autoencoder_differential_lr:271 - Device: cuda | Model on: cuda:0
2026-02-08 18:33:40.069 | INFO     | src.pipelines.train_vision_backbones:run_pipeline:193 - Evaluating resnet18_autoencoder_differential_lr on MTF
2026-02-08 18:33:43.643 | INFO     | src.models.evaluation:evaluate_tsb_ad_nonoverlapping:65 - Normal (18666) reconstruction error: mean=0.1363, std=0.1445
2026-02-08 18:33:43.644 | INFO     | src.models.evaluation:evaluate_tsb_ad_nonoverlapping:66 - Anomaly (2694) reconstruction error: mean=0.1076, std=0.0547
2026-02-08 18:33:43.644 | INFO     | src.models.evaluation:evaluate_tsb_ad_nonoverlapping:67 - Overlap? Normal max=1.0000, Anomaly min=0.0220
2026-02-08 18:33:49.932 | INFO     | src.models.evaluation:evaluate_tsb_ad_nonoverlapping:83 - {'AUC-PR': 0.12432767678623818, 'AUC-ROC': 0.5372221375071381, 'VUS-PR': np.float64(0.1533182537337978), 'VUS-ROC': np.float64(0.5991635712461062), 'Standard-F1': np.float64(0.2655346003259721), 'PA-F1': 0.5386922615476905, 'Event-based-F1': np.float64(0.2714238079359784), 'R-based-F1': 0.2682701271288119, 'Affiliation-F': 0.7815254121557241}
2026-02-08 18:33:50.088 | INFO     | src.pipelines.train_vision_backbones:run_pipeline:170 - Train images: 113
2026-02-08 18:33:50.088 | INFO     | src.pipelines.train_vision_backbones:run_pipeline:171 - Test images: 427
2026-02-08 18:33:51.053 | INFO     | src.pipelines.train_vision_backbones:run_pipeline:176 - Training pvt_autoencoder_frozen on MTF
2026-02-08 18:33:51.078 | INFO     | src.models.pvt_autoencoder.training:train_pvt_autoencoder_frozen:24 - Device: cuda | Model on: cuda:0
2026-02-08 18:34:07.484 | INFO     | src.pipelines.train_vision_backbones:run_pipeline:193 - Evaluating pvt_autoencoder_frozen on MTF
2026-02-08 18:34:11.484 | INFO     | src.models.evaluation:evaluate_tsb_ad_nonoverlapping:65 - Normal (18666) reconstruction error: mean=0.1283, std=0.1342
2026-02-08 18:34:11.484 | INFO     | src.models.evaluation:evaluate_tsb_ad_nonoverlapping:66 - Anomaly (2694) reconstruction error: mean=0.1034, std=0.0581
2026-02-08 18:34:11.484 | INFO     | src.models.evaluation:evaluate_tsb_ad_nonoverlapping:67 - Overlap? Normal max=1.0000, Anomaly min=0.0302
2026-02-08 18:34:17.704 | INFO     | src.models.evaluation:evaluate_tsb_ad_nonoverlapping:83 - {'AUC-PR': 0.12121918494424463, 'AUC-ROC': 0.5076464312160052, 'VUS-PR': np.float64(0.15467720791296408), 'VUS-ROC': np.float64(0.5809153193539317), 'Standard-F1': np.float64(0.24244131576104203), 'PA-F1': 0.5470433325353125, 'Event-based-F1': np.float64(0.24833848785944573), 'R-based-F1': 0.2590055413699315, 'Affiliation-F': 0.7640446380440359}
2026-02-08 18:34:17.859 | INFO     | src.pipelines.train_vision_backbones:run_pipeline:170 - Train images: 113
2026-02-08 18:34:17.859 | INFO     | src.pipelines.train_vision_backbones:run_pipeline:171 - Test images: 427
2026-02-08 18:34:18.830 | INFO     | src.pipelines.train_vision_backbones:run_pipeline:176 - Training pvt_autoencoder_progressive_unfreeze on MTF
2026-02-08 18:34:18.853 | INFO     | src.models.pvt_autoencoder.training:train_pvt_autoencoder_progressive_unfreeze:132 - Device: cuda | Model on: cuda:0
2026-02-08 18:34:31.735 | INFO     | src.pipelines.train_vision_backbones:run_pipeline:193 - Evaluating pvt_autoencoder_progressive_unfreeze on MTF
2026-02-08 18:34:35.157 | INFO     | src.models.evaluation:evaluate_tsb_ad_nonoverlapping:65 - Normal (18666) reconstruction error: mean=0.1122, std=0.1193
2026-02-08 18:34:35.157 | INFO     | src.models.evaluation:evaluate_tsb_ad_nonoverlapping:66 - Anomaly (2694) reconstruction error: mean=0.0668, std=0.0415
2026-02-08 18:34:35.157 | INFO     | src.models.evaluation:evaluate_tsb_ad_nonoverlapping:67 - Overlap? Normal max=1.0000, Anomaly min=0.0140
2026-02-08 18:34:41.253 | INFO     | src.models.evaluation:evaluate_tsb_ad_nonoverlapping:83 - {'AUC-PR': 0.09283065152171237, 'AUC-ROC': 0.363172412059578, 'VUS-PR': np.float64(0.11715390100535877), 'VUS-ROC': np.float64(0.43995054119848137), 'Standard-F1': np.float64(0.23312450089770143), 'PA-F1': 0.4794879865701395, 'Event-based-F1': np.float64(0.22601725189509428), 'R-based-F1': 0.24590893573245196, 'Affiliation-F': 0.750279326100468}
2026-02-08 18:34:41.411 | INFO     | src.pipelines.train_vision_backbones:run_pipeline:170 - Train images: 113
2026-02-08 18:34:41.412 | INFO     | src.pipelines.train_vision_backbones:run_pipeline:171 - Test images: 427
2026-02-08 18:34:42.381 | INFO     | src.pipelines.train_vision_backbones:run_pipeline:176 - Training pvt_autoencoder_differential_lr on MTF
2026-02-08 18:34:42.405 | INFO     | src.models.pvt_autoencoder.training:train_pvt_autoencoder_differential_lr:267 - Device: cuda | Model on: cuda:0
2026-02-08 18:35:09.079 | INFO     | src.pipelines.train_vision_backbones:run_pipeline:193 - Evaluating pvt_autoencoder_differential_lr on MTF
2026-02-08 18:35:16.091 | INFO     | src.models.evaluation:evaluate_tsb_ad_nonoverlapping:65 - Normal (18666) reconstruction error: mean=0.1384, std=0.1406
2026-02-08 18:35:16.092 | INFO     | src.models.evaluation:evaluate_tsb_ad_nonoverlapping:66 - Anomaly (2694) reconstruction error: mean=0.0936, std=0.0560
2026-02-08 18:35:16.092 | INFO     | src.models.evaluation:evaluate_tsb_ad_nonoverlapping:67 - Overlap? Normal max=1.0000, Anomaly min=0.0377
2026-02-08 18:35:22.455 | INFO     | src.models.evaluation:evaluate_tsb_ad_nonoverlapping:83 - {'AUC-PR': 0.103315104791621, 'AUC-ROC': 0.4353920212390659, 'VUS-PR': np.float64(0.1295843909466166), 'VUS-ROC': np.float64(0.5045814008583065), 'Standard-F1': np.float64(0.2514729286251533), 'PA-F1': 0.4646670055922725, 'Event-based-F1': np.float64(0.24624910693022126), 'R-based-F1': 0.26135621687331345, 'Affiliation-F': 0.73293832087287}
2026-02-08 18:35:22.816 | INFO     | src.pipelines.train_vision_backbones:run_pipeline:70 - Using zip: /net/scratch/hscra/plgrid/plgsmendowski12/ts2i_images/SMD/190_SMD_id_13_Facility_tr_7119_1st_15849_ts2i_RP.zip for transformation RP
2026-02-08 18:35:23.457 | INFO     | src.pipelines.train_vision_backbones:run_pipeline:170 - Train images: 113
2026-02-08 18:35:23.458 | INFO     | src.pipelines.train_vision_backbones:run_pipeline:171 - Test images: 427
2026-02-08 18:35:23.464 | INFO     | src.pipelines.train_vision_backbones:run_pipeline:176 - Training cnn_autoencoder on RP
2026-02-08 18:35:23.469 | INFO     | src.models.cnn_autoencoder.training:train_autoencoder:22 - Device: cuda | Model on: cuda:0
2026-02-08 18:35:54.867 | INFO     | src.pipelines.train_vision_backbones:run_pipeline:193 - Evaluating cnn_autoencoder on RP
2026-02-08 18:35:55.224 | INFO     | src.models.evaluation:evaluate_tsb_ad_nonoverlapping:65 - Normal (18666) reconstruction error: mean=0.0001, std=0.0083
2026-02-08 18:35:55.224 | INFO     | src.models.evaluation:evaluate_tsb_ad_nonoverlapping:66 - Anomaly (2694) reconstruction error: mean=0.2744, std=0.3954
2026-02-08 18:35:55.224 | INFO     | src.models.evaluation:evaluate_tsb_ad_nonoverlapping:67 - Overlap? Normal max=0.8025, Anomaly min=0.0000
2026-02-08 18:36:00.731 | INFO     | src.models.evaluation:evaluate_tsb_ad_nonoverlapping:83 - {'AUC-PR': 0.41699813311317985, 'AUC-ROC': 0.6666160762502573, 'VUS-PR': np.float64(0.3242636706640048), 'VUS-ROC': np.float64(0.6089316941225955), 'Standard-F1': np.float64(0.49971800434443026), 'PA-F1': 0.9986991265564021, 'Event-based-F1': np.float64(0.7692307692307687), 'R-based-F1': 0.36499366134528866, 'Affiliation-F': 0.7258783365803122}
2026-02-08 18:36:00.887 | INFO     | src.pipelines.train_vision_backbones:run_pipeline:170 - Train images: 113
2026-02-08 18:36:00.887 | INFO     | src.pipelines.train_vision_backbones:run_pipeline:171 - Test images: 427
2026-02-08 18:36:01.093 | INFO     | src.pipelines.train_vision_backbones:run_pipeline:176 - Training resnet18_autoencoder_frozen on RP
2026-02-08 18:36:01.106 | INFO     | src.models.resnet18_autoencoder.training:train_autoencoder_frozen:25 - Device: cuda | Model on: cuda:0
2026-02-08 18:36:17.913 | INFO     | src.pipelines.train_vision_backbones:run_pipeline:193 - Evaluating resnet18_autoencoder_frozen on RP
2026-02-08 18:36:18.510 | INFO     | src.models.evaluation:evaluate_tsb_ad_nonoverlapping:65 - Normal (18666) reconstruction error: mean=0.0001, std=0.0087
2026-02-08 18:36:18.510 | INFO     | src.models.evaluation:evaluate_tsb_ad_nonoverlapping:66 - Anomaly (2694) reconstruction error: mean=0.2851, std=0.4089
2026-02-08 18:36:18.511 | INFO     | src.models.evaluation:evaluate_tsb_ad_nonoverlapping:67 - Overlap? Normal max=0.8394, Anomaly min=0.0000
2026-02-08 18:36:24.036 | INFO     | src.models.evaluation:evaluate_tsb_ad_nonoverlapping:83 - {'AUC-PR': 0.76247462745707, 'AUC-ROC': 0.8920103016724031, 'VUS-PR': np.float64(0.8326545039250591), 'VUS-ROC': np.float64(0.9170712415037674), 'Standard-F1': np.float64(0.8328099412953118), 'PA-F1': 0.9986991265564021, 'Event-based-F1': np.float64(0.9329268292682922), 'R-based-F1': 0.7595736864501638, 'Affiliation-F': 0.9878577777789156}
2026-02-08 18:36:24.194 | INFO     | src.pipelines.train_vision_backbones:run_pipeline:170 - Train images: 113
2026-02-08 18:36:24.194 | INFO     | src.pipelines.train_vision_backbones:run_pipeline:171 - Test images: 427
2026-02-08 18:36:24.411 | INFO     | src.pipelines.train_vision_backbones:run_pipeline:176 - Training resnet18_autoencoder_progressive_unfreeze on RP
2026-02-08 18:36:24.427 | INFO     | src.models.resnet18_autoencoder.training:train_autoencoder_progressive_unfreeze:133 - Device: cuda | Model on: cuda:0
2026-02-08 18:37:12.981 | INFO     | src.pipelines.train_vision_backbones:run_pipeline:193 - Evaluating resnet18_autoencoder_progressive_unfreeze on RP
2026-02-08 18:37:19.514 | INFO     | src.models.evaluation:evaluate_tsb_ad_nonoverlapping:65 - Normal (18666) reconstruction error: mean=0.0001, std=0.0085
2026-02-08 18:37:19.515 | INFO     | src.models.evaluation:evaluate_tsb_ad_nonoverlapping:66 - Anomaly (2694) reconstruction error: mean=0.2797, std=0.4015
2026-02-08 18:37:19.515 | INFO     | src.models.evaluation:evaluate_tsb_ad_nonoverlapping:67 - Overlap? Normal max=0.8203, Anomaly min=0.0000
2026-02-08 18:37:25.042 | INFO     | src.models.evaluation:evaluate_tsb_ad_nonoverlapping:83 - {'AUC-PR': 0.76247462745707, 'AUC-ROC': 0.8920103016724031, 'VUS-PR': np.float64(0.8326545039250591), 'VUS-ROC': np.float64(0.9170712415037674), 'Standard-F1': np.float64(0.8328099412953118), 'PA-F1': 0.9986991265564021, 'Event-based-F1': np.float64(0.9329268292682922), 'R-based-F1': 0.7595736864501638, 'Affiliation-F': 0.9878577777789156}
2026-02-08 18:37:25.201 | INFO     | src.pipelines.train_vision_backbones:run_pipeline:170 - Train images: 113
2026-02-08 18:37:25.201 | INFO     | src.pipelines.train_vision_backbones:run_pipeline:171 - Test images: 427
2026-02-08 18:37:25.410 | INFO     | src.pipelines.train_vision_backbones:run_pipeline:176 - Training resnet18_autoencoder_differential_lr on RP
2026-02-08 18:37:25.423 | INFO     | src.models.resnet18_autoencoder.training:train_autoencoder_differential_lr:271 - Device: cuda | Model on: cuda:0
2026-02-08 18:38:01.242 | INFO     | src.pipelines.train_vision_backbones:run_pipeline:193 - Evaluating resnet18_autoencoder_differential_lr on RP
2026-02-08 18:38:05.222 | INFO     | src.models.evaluation:evaluate_tsb_ad_nonoverlapping:65 - Normal (18666) reconstruction error: mean=0.0001, std=0.0084
2026-02-08 18:38:05.222 | INFO     | src.models.evaluation:evaluate_tsb_ad_nonoverlapping:66 - Anomaly (2694) reconstruction error: mean=0.2771, std=0.3985
2026-02-08 18:38:05.222 | INFO     | src.models.evaluation:evaluate_tsb_ad_nonoverlapping:67 - Overlap? Normal max=0.8116, Anomaly min=0.0000
2026-02-08 18:38:10.863 | INFO     | src.models.evaluation:evaluate_tsb_ad_nonoverlapping:83 - {'AUC-PR': 0.40615314860209517, 'AUC-ROC': 0.44122185082811183, 'VUS-PR': np.float64(0.3020956447396554), 'VUS-ROC': np.float64(0.39851339486918247), 'Standard-F1': np.float64(0.49971800434443026), 'PA-F1': 0.9986991265564021, 'Event-based-F1': np.float64(0.7692307692307687), 'R-based-F1': 0.3659099688845271, 'Affiliation-F': 0.7258783365803122}
2026-02-08 18:38:11.018 | INFO     | src.pipelines.train_vision_backbones:run_pipeline:170 - Train images: 113
2026-02-08 18:38:11.018 | INFO     | src.pipelines.train_vision_backbones:run_pipeline:171 - Test images: 427
2026-02-08 18:38:11.981 | INFO     | src.pipelines.train_vision_backbones:run_pipeline:176 - Training pvt_autoencoder_frozen on RP
2026-02-08 18:38:12.006 | INFO     | src.models.pvt_autoencoder.training:train_pvt_autoencoder_frozen:24 - Device: cuda | Model on: cuda:0
2026-02-08 18:38:50.367 | INFO     | src.pipelines.train_vision_backbones:run_pipeline:193 - Evaluating pvt_autoencoder_frozen on RP
2026-02-08 18:38:55.356 | INFO     | src.models.evaluation:evaluate_tsb_ad_nonoverlapping:65 - Normal (18666) reconstruction error: mean=0.0001, std=0.0085
2026-02-08 18:38:55.356 | INFO     | src.models.evaluation:evaluate_tsb_ad_nonoverlapping:66 - Anomaly (2694) reconstruction error: mean=0.2783, std=0.3994
2026-02-08 18:38:55.356 | INFO     | src.models.evaluation:evaluate_tsb_ad_nonoverlapping:67 - Overlap? Normal max=0.8198, Anomaly min=0.0000
2026-02-08 18:39:00.973 | INFO     | src.models.evaluation:evaluate_tsb_ad_nonoverlapping:83 - {'AUC-PR': 0.40615314860209517, 'AUC-ROC': 0.44122185082811183, 'VUS-PR': np.float64(0.3020956447396554), 'VUS-ROC': np.float64(0.39851339486918247), 'Standard-F1': np.float64(0.49971800434443026), 'PA-F1': 0.9986991265564021, 'Event-based-F1': np.float64(0.7692307692307687), 'R-based-F1': 0.3659099688845271, 'Affiliation-F': 0.7258783365803122}
2026-02-08 18:39:01.127 | INFO     | src.pipelines.train_vision_backbones:run_pipeline:170 - Train images: 113
2026-02-08 18:39:01.127 | INFO     | src.pipelines.train_vision_backbones:run_pipeline:171 - Test images: 427
2026-02-08 18:39:02.096 | INFO     | src.pipelines.train_vision_backbones:run_pipeline:176 - Training pvt_autoencoder_progressive_unfreeze on RP
2026-02-08 18:39:02.121 | INFO     | src.models.pvt_autoencoder.training:train_pvt_autoencoder_progressive_unfreeze:132 - Device: cuda | Model on: cuda:0
2026-02-08 18:40:03.375 | INFO     | src.pipelines.train_vision_backbones:run_pipeline:193 - Evaluating pvt_autoencoder_progressive_unfreeze on RP
2026-02-08 18:40:10.380 | INFO     | src.models.evaluation:evaluate_tsb_ad_nonoverlapping:65 - Normal (18666) reconstruction error: mean=0.0001, std=0.0085
2026-02-08 18:40:10.380 | INFO     | src.models.evaluation:evaluate_tsb_ad_nonoverlapping:66 - Anomaly (2694) reconstruction error: mean=0.2807, std=0.4028
2026-02-08 18:40:10.380 | INFO     | src.models.evaluation:evaluate_tsb_ad_nonoverlapping:67 - Overlap? Normal max=0.8252, Anomaly min=0.0000
2026-02-08 18:40:15.887 | INFO     | src.models.evaluation:evaluate_tsb_ad_nonoverlapping:83 - {'AUC-PR': 0.76247462745707, 'AUC-ROC': 0.8920103016724031, 'VUS-PR': np.float64(0.8326545039250591), 'VUS-ROC': np.float64(0.9170712415037674), 'Standard-F1': np.float64(0.8328099412953118), 'PA-F1': 0.9986991265564021, 'Event-based-F1': np.float64(0.9329268292682922), 'R-based-F1': 0.7595736864501638, 'Affiliation-F': 0.9878577777789156}
2026-02-08 18:40:16.043 | INFO     | src.pipelines.train_vision_backbones:run_pipeline:170 - Train images: 113
2026-02-08 18:40:16.043 | INFO     | src.pipelines.train_vision_backbones:run_pipeline:171 - Test images: 427
2026-02-08 18:40:17.002 | INFO     | src.pipelines.train_vision_backbones:run_pipeline:176 - Training pvt_autoencoder_differential_lr on RP
2026-02-08 18:40:17.028 | INFO     | src.models.pvt_autoencoder.training:train_pvt_autoencoder_differential_lr:267 - Device: cuda | Model on: cuda:0
2026-02-08 18:41:00.663 | INFO     | src.pipelines.train_vision_backbones:run_pipeline:193 - Evaluating pvt_autoencoder_differential_lr on RP
2026-02-08 18:41:05.646 | INFO     | src.models.evaluation:evaluate_tsb_ad_nonoverlapping:65 - Normal (18666) reconstruction error: mean=0.0001, std=0.0086
2026-02-08 18:41:05.647 | INFO     | src.models.evaluation:evaluate_tsb_ad_nonoverlapping:66 - Anomaly (2694) reconstruction error: mean=0.2791, std=0.4006
2026-02-08 18:41:05.647 | INFO     | src.models.evaluation:evaluate_tsb_ad_nonoverlapping:67 - Overlap? Normal max=0.8311, Anomaly min=0.0000
2026-02-08 18:41:11.209 | INFO     | src.models.evaluation:evaluate_tsb_ad_nonoverlapping:83 - {'AUC-PR': 0.40615314860209517, 'AUC-ROC': 0.44122185082811183, 'VUS-PR': np.float64(0.3020956447396554), 'VUS-ROC': np.float64(0.39851339486918247), 'Standard-F1': np.float64(0.49971800434443026), 'PA-F1': 0.9986991265564021, 'Event-based-F1': np.float64(0.7692307692307687), 'R-based-F1': 0.3659099688845271, 'Affiliation-F': 0.7258783365803122}
2026-02-08 18:41:11.743 | INFO     | src.pipelines.train_vision_backbones:run_pipeline:70 - Using zip: /net/scratch/hscra/plgrid/plgsmendowski12/ts2i_images/SMD/190_SMD_id_13_Facility_tr_7119_1st_15849_ts2i_RWT.zip for transformation RWT
2026-02-08 18:41:12.377 | INFO     | src.pipelines.train_vision_backbones:run_pipeline:170 - Train images: 113
2026-02-08 18:41:12.377 | INFO     | src.pipelines.train_vision_backbones:run_pipeline:171 - Test images: 427
2026-02-08 18:41:12.383 | INFO     | src.pipelines.train_vision_backbones:run_pipeline:176 - Training cnn_autoencoder on RWT
2026-02-08 18:41:12.388 | INFO     | src.models.cnn_autoencoder.training:train_autoencoder:22 - Device: cuda | Model on: cuda:0
2026-02-08 18:41:45.532 | INFO     | src.pipelines.train_vision_backbones:run_pipeline:193 - Evaluating cnn_autoencoder on RWT
2026-02-08 18:41:46.166 | INFO     | src.models.evaluation:evaluate_tsb_ad_nonoverlapping:65 - Normal (18666) reconstruction error: mean=0.0081, std=0.0393
2026-02-08 18:41:46.167 | INFO     | src.models.evaluation:evaluate_tsb_ad_nonoverlapping:66 - Anomaly (2694) reconstruction error: mean=0.0929, std=0.1822
2026-02-08 18:41:46.167 | INFO     | src.models.evaluation:evaluate_tsb_ad_nonoverlapping:67 - Overlap? Normal max=0.4796, Anomaly min=0.0003
2026-02-08 18:41:51.576 | INFO     | src.models.evaluation:evaluate_tsb_ad_nonoverlapping:83 - {'AUC-PR': 0.44447461622262313, 'AUC-ROC': 0.7011905690872987, 'VUS-PR': np.float64(0.5341364327586581), 'VUS-ROC': np.float64(0.7708935360692216), 'Standard-F1': np.float64(0.5534772768502493), 'PA-F1': 0.9554253240987391, 'Event-based-F1': np.float64(0.8281249999999996), 'R-based-F1': 0.5585358014923559, 'Affiliation-F': 0.9377887912110275}
2026-02-08 18:41:51.729 | INFO     | src.pipelines.train_vision_backbones:run_pipeline:170 - Train images: 113
2026-02-08 18:41:51.729 | INFO     | src.pipelines.train_vision_backbones:run_pipeline:171 - Test images: 427
2026-02-08 18:41:51.944 | INFO     | src.pipelines.train_vision_backbones:run_pipeline:176 - Training resnet18_autoencoder_frozen on RWT
2026-02-08 18:41:51.958 | INFO     | src.models.resnet18_autoencoder.training:train_autoencoder_frozen:25 - Device: cuda | Model on: cuda:0
2026-02-08 18:42:13.676 | INFO     | src.pipelines.train_vision_backbones:run_pipeline:193 - Evaluating resnet18_autoencoder_frozen on RWT
2026-02-08 18:42:14.094 | INFO     | src.models.evaluation:evaluate_tsb_ad_nonoverlapping:65 - Normal (18666) reconstruction error: mean=0.0328, std=0.0753
2026-02-08 18:42:14.094 | INFO     | src.models.evaluation:evaluate_tsb_ad_nonoverlapping:66 - Anomaly (2694) reconstruction error: mean=0.2106, std=0.2700
2026-02-08 18:42:14.094 | INFO     | src.models.evaluation:evaluate_tsb_ad_nonoverlapping:67 - Overlap? Normal max=0.7842, Anomaly min=0.0014
2026-02-08 18:42:19.784 | INFO     | src.models.evaluation:evaluate_tsb_ad_nonoverlapping:83 - {'AUC-PR': 0.4463723089018876, 'AUC-ROC': 0.7029152966089864, 'VUS-PR': np.float64(0.5244444957383313), 'VUS-ROC': np.float64(0.7687070445279874), 'Standard-F1': np.float64(0.5019775768343769), 'PA-F1': 0.9730511846626877, 'Event-based-F1': np.float64(0.799828546935276), 'R-based-F1': 0.5149274092403181, 'Affiliation-F': 0.9259357607335007}
2026-02-08 18:42:19.942 | INFO     | src.pipelines.train_vision_backbones:run_pipeline:170 - Train images: 113
2026-02-08 18:42:19.942 | INFO     | src.pipelines.train_vision_backbones:run_pipeline:171 - Test images: 427
2026-02-08 18:42:20.160 | INFO     | src.pipelines.train_vision_backbones:run_pipeline:176 - Training resnet18_autoencoder_progressive_unfreeze on RWT
2026-02-08 18:42:20.174 | INFO     | src.models.resnet18_autoencoder.training:train_autoencoder_progressive_unfreeze:133 - Device: cuda | Model on: cuda:0
2026-02-08 18:42:42.130 | INFO     | src.pipelines.train_vision_backbones:run_pipeline:193 - Evaluating resnet18_autoencoder_progressive_unfreeze on RWT
2026-02-08 18:42:46.962 | INFO     | src.models.evaluation:evaluate_tsb_ad_nonoverlapping:65 - Normal (18666) reconstruction error: mean=0.0253, std=0.0748
2026-02-08 18:42:46.962 | INFO     | src.models.evaluation:evaluate_tsb_ad_nonoverlapping:66 - Anomaly (2694) reconstruction error: mean=0.1908, std=0.2421
2026-02-08 18:42:46.962 | INFO     | src.models.evaluation:evaluate_tsb_ad_nonoverlapping:67 - Overlap? Normal max=0.8872, Anomaly min=0.0021
2026-02-08 18:42:52.654 | INFO     | src.models.evaluation:evaluate_tsb_ad_nonoverlapping:83 - {'AUC-PR': 0.454884538452578, 'AUC-ROC': 0.7245321599538515, 'VUS-PR': np.float64(0.5410158576219521), 'VUS-ROC': np.float64(0.7909503521209685), 'Standard-F1': np.float64(0.5337219050022032), 'PA-F1': 0.9815727057106367, 'Event-based-F1': np.float64(0.8073052553112183), 'R-based-F1': 0.519832219050053, 'Affiliation-F': 0.93504266622575}
2026-02-08 18:42:52.811 | INFO     | src.pipelines.train_vision_backbones:run_pipeline:170 - Train images: 113
2026-02-08 18:42:52.811 | INFO     | src.pipelines.train_vision_backbones:run_pipeline:171 - Test images: 427
2026-02-08 18:42:53.028 | INFO     | src.pipelines.train_vision_backbones:run_pipeline:176 - Training resnet18_autoencoder_differential_lr on RWT
2026-02-08 18:42:53.042 | INFO     | src.models.resnet18_autoencoder.training:train_autoencoder_differential_lr:271 - Device: cuda | Model on: cuda:0
2026-02-08 18:43:22.141 | INFO     | src.pipelines.train_vision_backbones:run_pipeline:193 - Evaluating resnet18_autoencoder_differential_lr on RWT
2026-02-08 18:43:26.654 | INFO     | src.models.evaluation:evaluate_tsb_ad_nonoverlapping:65 - Normal (18666) reconstruction error: mean=0.0222, std=0.0621
2026-02-08 18:43:26.654 | INFO     | src.models.evaluation:evaluate_tsb_ad_nonoverlapping:66 - Anomaly (2694) reconstruction error: mean=0.1774, std=0.2279
2026-02-08 18:43:26.655 | INFO     | src.models.evaluation:evaluate_tsb_ad_nonoverlapping:67 - Overlap? Normal max=0.5785, Anomaly min=0.0004
2026-02-08 18:43:32.224 | INFO     | src.models.evaluation:evaluate_tsb_ad_nonoverlapping:83 - {'AUC-PR': 0.4655218681977097, 'AUC-ROC': 0.7240815393422817, 'VUS-PR': np.float64(0.5558570434894881), 'VUS-ROC': np.float64(0.7916082611354293), 'Standard-F1': np.float64(0.5511488281122371), 'PA-F1': 0.9815727057106367, 'Event-based-F1': np.float64(0.8326848249027232), 'R-based-F1': 0.5604325505774581, 'Affiliation-F': 0.9369152585461666}
2026-02-08 18:43:32.381 | INFO     | src.pipelines.train_vision_backbones:run_pipeline:170 - Train images: 113
2026-02-08 18:43:32.381 | INFO     | src.pipelines.train_vision_backbones:run_pipeline:171 - Test images: 427
2026-02-08 18:43:33.345 | INFO     | src.pipelines.train_vision_backbones:run_pipeline:176 - Training pvt_autoencoder_frozen on RWT
2026-02-08 18:43:33.369 | INFO     | src.models.pvt_autoencoder.training:train_pvt_autoencoder_frozen:24 - Device: cuda | Model on: cuda:0
2026-02-08 18:44:05.496 | INFO     | src.pipelines.train_vision_backbones:run_pipeline:193 - Evaluating pvt_autoencoder_frozen on RWT
2026-02-08 18:44:10.856 | INFO     | src.models.evaluation:evaluate_tsb_ad_nonoverlapping:65 - Normal (18666) reconstruction error: mean=0.0316, std=0.0900
2026-02-08 18:44:10.856 | INFO     | src.models.evaluation:evaluate_tsb_ad_nonoverlapping:66 - Anomaly (2694) reconstruction error: mean=0.2175, std=0.2780
2026-02-08 18:44:10.856 | INFO     | src.models.evaluation:evaluate_tsb_ad_nonoverlapping:67 - Overlap? Normal max=1.0000, Anomaly min=0.0022
2026-02-08 18:44:16.602 | INFO     | src.models.evaluation:evaluate_tsb_ad_nonoverlapping:83 - {'AUC-PR': 0.4520753800484315, 'AUC-ROC': 0.7445678739242279, 'VUS-PR': np.float64(0.5386582483013457), 'VUS-ROC': np.float64(0.8128971383633156), 'Standard-F1': np.float64(0.5421471643659712), 'PA-F1': 0.9801203720590917, 'Event-based-F1': np.float64(0.8130311614730873), 'R-based-F1': 0.5485898426220382, 'Affiliation-F': 0.9349091075750641}
2026-02-08 18:44:16.755 | INFO     | src.pipelines.train_vision_backbones:run_pipeline:170 - Train images: 113
2026-02-08 18:44:16.755 | INFO     | src.pipelines.train_vision_backbones:run_pipeline:171 - Test images: 427
2026-02-08 18:44:17.723 | INFO     | src.pipelines.train_vision_backbones:run_pipeline:176 - Training pvt_autoencoder_progressive_unfreeze on RWT
2026-02-08 18:44:17.748 | INFO     | src.models.pvt_autoencoder.training:train_pvt_autoencoder_progressive_unfreeze:132 - Device: cuda | Model on: cuda:0
2026-02-08 18:44:48.983 | INFO     | src.pipelines.train_vision_backbones:run_pipeline:193 - Evaluating pvt_autoencoder_progressive_unfreeze on RWT
2026-02-08 18:44:52.591 | INFO     | src.models.evaluation:evaluate_tsb_ad_nonoverlapping:65 - Normal (18666) reconstruction error: mean=0.0276, std=0.0916
2026-02-08 18:44:52.591 | INFO     | src.models.evaluation:evaluate_tsb_ad_nonoverlapping:66 - Anomaly (2694) reconstruction error: mean=0.1832, std=0.2198
2026-02-08 18:44:52.591 | INFO     | src.models.evaluation:evaluate_tsb_ad_nonoverlapping:67 - Overlap? Normal max=1.0000, Anomaly min=0.0012
2026-02-08 18:44:58.288 | INFO     | src.models.evaluation:evaluate_tsb_ad_nonoverlapping:83 - {'AUC-PR': 0.42278485791591275, 'AUC-ROC': 0.7464047594445586, 'VUS-PR': np.float64(0.5273824281993041), 'VUS-ROC': np.float64(0.8091606769188829), 'Standard-F1': np.float64(0.5607109167520014), 'PA-F1': 0.9554253240987391, 'Event-based-F1': np.float64(0.7997256515775029), 'R-based-F1': 0.5240529571245619, 'Affiliation-F': 0.9314705201926827}
2026-02-08 18:44:58.446 | INFO     | src.pipelines.train_vision_backbones:run_pipeline:170 - Train images: 113
2026-02-08 18:44:58.446 | INFO     | src.pipelines.train_vision_backbones:run_pipeline:171 - Test images: 427
2026-02-08 18:44:59.410 | INFO     | src.pipelines.train_vision_backbones:run_pipeline:176 - Training pvt_autoencoder_differential_lr on RWT
2026-02-08 18:44:59.435 | INFO     | src.models.pvt_autoencoder.training:train_pvt_autoencoder_differential_lr:267 - Device: cuda | Model on: cuda:0
2026-02-08 18:45:28.593 | INFO     | src.pipelines.train_vision_backbones:run_pipeline:193 - Evaluating pvt_autoencoder_differential_lr on RWT
2026-02-08 18:45:33.202 | INFO     | src.models.evaluation:evaluate_tsb_ad_nonoverlapping:65 - Normal (18666) reconstruction error: mean=0.0219, std=0.0634
2026-02-08 18:45:33.202 | INFO     | src.models.evaluation:evaluate_tsb_ad_nonoverlapping:66 - Anomaly (2694) reconstruction error: mean=0.1461, std=0.2030
2026-02-08 18:45:33.202 | INFO     | src.models.evaluation:evaluate_tsb_ad_nonoverlapping:67 - Overlap? Normal max=0.6830, Anomaly min=0.0010
2026-02-08 18:45:38.833 | INFO     | src.models.evaluation:evaluate_tsb_ad_nonoverlapping:83 - {'AUC-PR': 0.44456276518094795, 'AUC-ROC': 0.7345585679921277, 'VUS-PR': np.float64(0.530468387134186), 'VUS-ROC': np.float64(0.8022036286376697), 'Standard-F1': np.float64(0.5394071246786967), 'PA-F1': 0.9643305251837246, 'Event-based-F1': np.float64(0.7996999249812448), 'R-based-F1': 0.5151019502323789, 'Affiliation-F': 0.9314106468830495}
2026-02-08 18:45:39.458 | INFO     | src.pipelines.train_vision_backbones:run_pipeline:70 - Using zip: /net/scratch/hscra/plgrid/plgsmendowski12/ts2i_images/SMD/190_SMD_id_13_Facility_tr_7119_1st_15849_ts2i_MWT.zip for transformation MWT
2026-02-08 18:45:40.080 | INFO     | src.pipelines.train_vision_backbones:run_pipeline:170 - Train images: 113
2026-02-08 18:45:40.081 | INFO     | src.pipelines.train_vision_backbones:run_pipeline:171 - Test images: 427
2026-02-08 18:45:40.088 | INFO     | src.pipelines.train_vision_backbones:run_pipeline:176 - Training cnn_autoencoder on MWT
2026-02-08 18:45:40.092 | INFO     | src.models.cnn_autoencoder.training:train_autoencoder:22 - Device: cuda | Model on: cuda:0
2026-02-08 18:46:12.927 | INFO     | src.pipelines.train_vision_backbones:run_pipeline:193 - Evaluating cnn_autoencoder on MWT
2026-02-08 18:46:13.309 | INFO     | src.models.evaluation:evaluate_tsb_ad_nonoverlapping:65 - Normal (18666) reconstruction error: mean=0.0975, std=0.1518
2026-02-08 18:46:13.310 | INFO     | src.models.evaluation:evaluate_tsb_ad_nonoverlapping:66 - Anomaly (2694) reconstruction error: mean=0.2947, std=0.2965
2026-02-08 18:46:13.310 | INFO     | src.models.evaluation:evaluate_tsb_ad_nonoverlapping:67 - Overlap? Normal max=0.9945, Anomaly min=0.0080
2026-02-08 18:46:19.624 | INFO     | src.models.evaluation:evaluate_tsb_ad_nonoverlapping:83 - {'AUC-PR': 0.34073968345336164, 'AUC-ROC': 0.6679890174251372, 'VUS-PR': np.float64(0.4066794919163759), 'VUS-ROC': np.float64(0.731400892719488), 'Standard-F1': np.float64(0.4696684172126625), 'PA-F1': 0.9318103149878851, 'Event-based-F1': np.float64(0.7092987333951184), 'R-based-F1': 0.5257425804899186, 'Affiliation-F': 0.9240996578109931}
2026-02-08 18:46:19.780 | INFO     | src.pipelines.train_vision_backbones:run_pipeline:170 - Train images: 113
2026-02-08 18:46:19.780 | INFO     | src.pipelines.train_vision_backbones:run_pipeline:171 - Test images: 427
2026-02-08 18:46:19.997 | INFO     | src.pipelines.train_vision_backbones:run_pipeline:176 - Training resnet18_autoencoder_frozen on MWT
2026-02-08 18:46:20.011 | INFO     | src.models.resnet18_autoencoder.training:train_autoencoder_frozen:25 - Device: cuda | Model on: cuda:0
2026-02-08 18:46:49.384 | INFO     | src.pipelines.train_vision_backbones:run_pipeline:193 - Evaluating resnet18_autoencoder_frozen on MWT
2026-02-08 18:46:53.835 | INFO     | src.models.evaluation:evaluate_tsb_ad_nonoverlapping:65 - Normal (18666) reconstruction error: mean=0.1880, std=0.2013
2026-02-08 18:46:53.835 | INFO     | src.models.evaluation:evaluate_tsb_ad_nonoverlapping:66 - Anomaly (2694) reconstruction error: mean=0.3949, std=0.2935
2026-02-08 18:46:53.835 | INFO     | src.models.evaluation:evaluate_tsb_ad_nonoverlapping:67 - Overlap? Normal max=0.9837, Anomaly min=0.0216
2026-02-08 18:47:00.881 | INFO     | src.models.evaluation:evaluate_tsb_ad_nonoverlapping:83 - {'AUC-PR': 0.3073306688543102, 'AUC-ROC': 0.7002229080564522, 'VUS-PR': np.float64(0.36645174506480016), 'VUS-ROC': np.float64(0.7603575619812852), 'Standard-F1': np.float64(0.4321467453231094), 'PA-F1': 0.8713545042125729, 'Event-based-F1': np.float64(0.6104379353115156), 'R-based-F1': 0.4486345022447775, 'Affiliation-F': 0.8966695988417807}
2026-02-08 18:47:01.034 | INFO     | src.pipelines.train_vision_backbones:run_pipeline:170 - Train images: 113
2026-02-08 18:47:01.034 | INFO     | src.pipelines.train_vision_backbones:run_pipeline:171 - Test images: 427
2026-02-08 18:47:01.238 | INFO     | src.pipelines.train_vision_backbones:run_pipeline:176 - Training resnet18_autoencoder_progressive_unfreeze on MWT
2026-02-08 18:47:01.251 | INFO     | src.models.resnet18_autoencoder.training:train_autoencoder_progressive_unfreeze:133 - Device: cuda | Model on: cuda:0
2026-02-08 18:47:24.516 | INFO     | src.pipelines.train_vision_backbones:run_pipeline:193 - Evaluating resnet18_autoencoder_progressive_unfreeze on MWT
2026-02-08 18:47:28.880 | INFO     | src.models.evaluation:evaluate_tsb_ad_nonoverlapping:65 - Normal (18666) reconstruction error: mean=0.1454, std=0.1735
2026-02-08 18:47:28.880 | INFO     | src.models.evaluation:evaluate_tsb_ad_nonoverlapping:66 - Anomaly (2694) reconstruction error: mean=0.3511, std=0.3029
2026-02-08 18:47:28.880 | INFO     | src.models.evaluation:evaluate_tsb_ad_nonoverlapping:67 - Overlap? Normal max=0.8789, Anomaly min=0.0139
2026-02-08 18:47:35.638 | INFO     | src.models.evaluation:evaluate_tsb_ad_nonoverlapping:83 - {'AUC-PR': 0.3332089190504373, 'AUC-ROC': 0.6877847053239492, 'VUS-PR': np.float64(0.403294181003595), 'VUS-ROC': np.float64(0.7509871592735609), 'Standard-F1': np.float64(0.4357814398025957), 'PA-F1': 0.9392245895913378, 'Event-based-F1': np.float64(0.7105831533477317), 'R-based-F1': 0.47927833443006, 'Affiliation-F': 0.9201220927917113}
2026-02-08 18:47:35.795 | INFO     | src.pipelines.train_vision_backbones:run_pipeline:170 - Train images: 113
2026-02-08 18:47:35.795 | INFO     | src.pipelines.train_vision_backbones:run_pipeline:171 - Test images: 427
2026-02-08 18:47:36.004 | INFO     | src.pipelines.train_vision_backbones:run_pipeline:176 - Training resnet18_autoencoder_differential_lr on MWT
2026-02-08 18:47:36.018 | INFO     | src.models.resnet18_autoencoder.training:train_autoencoder_differential_lr:271 - Device: cuda | Model on: cuda:0
2026-02-08 18:48:05.500 | INFO     | src.pipelines.train_vision_backbones:run_pipeline:193 - Evaluating resnet18_autoencoder_differential_lr on MWT
2026-02-08 18:48:11.863 | INFO     | src.models.evaluation:evaluate_tsb_ad_nonoverlapping:65 - Normal (18666) reconstruction error: mean=0.1218, std=0.1528
2026-02-08 18:48:11.864 | INFO     | src.models.evaluation:evaluate_tsb_ad_nonoverlapping:66 - Anomaly (2694) reconstruction error: mean=0.3052, std=0.2848
2026-02-08 18:48:11.864 | INFO     | src.models.evaluation:evaluate_tsb_ad_nonoverlapping:67 - Overlap? Normal max=0.8688, Anomaly min=0.0069
2026-02-08 18:48:18.398 | INFO     | src.models.evaluation:evaluate_tsb_ad_nonoverlapping:83 - {'AUC-PR': 0.3399971670994265, 'AUC-ROC': 0.6736016900380868, 'VUS-PR': np.float64(0.41162614836738093), 'VUS-ROC': np.float64(0.7380175984660531), 'Standard-F1': np.float64(0.43236121364913277), 'PA-F1': 0.9265186714851145, 'Event-based-F1': np.float64(0.6847826086956517), 'R-based-F1': 0.47938378464931103, 'Affiliation-F': 0.9026618846367085}
2026-02-08 18:48:18.556 | INFO     | src.pipelines.train_vision_backbones:run_pipeline:170 - Train images: 113
2026-02-08 18:48:18.556 | INFO     | src.pipelines.train_vision_backbones:run_pipeline:171 - Test images: 427
2026-02-08 18:48:19.518 | INFO     | src.pipelines.train_vision_backbones:run_pipeline:176 - Training pvt_autoencoder_frozen on MWT
2026-02-08 18:48:19.542 | INFO     | src.models.pvt_autoencoder.training:train_pvt_autoencoder_frozen:24 - Device: cuda | Model on: cuda:0
2026-02-08 18:48:44.109 | INFO     | src.pipelines.train_vision_backbones:run_pipeline:193 - Evaluating pvt_autoencoder_frozen on MWT
2026-02-08 18:48:48.978 | INFO     | src.models.evaluation:evaluate_tsb_ad_nonoverlapping:65 - Normal (18666) reconstruction error: mean=0.1089, std=0.1334
2026-02-08 18:48:48.978 | INFO     | src.models.evaluation:evaluate_tsb_ad_nonoverlapping:66 - Anomaly (2694) reconstruction error: mean=0.2740, std=0.2700
2026-02-08 18:48:48.978 | INFO     | src.models.evaluation:evaluate_tsb_ad_nonoverlapping:67 - Overlap? Normal max=0.8074, Anomaly min=0.0154
2026-02-08 18:48:55.286 | INFO     | src.models.evaluation:evaluate_tsb_ad_nonoverlapping:83 - {'AUC-PR': 0.3420550255804493, 'AUC-ROC': 0.6689793486897521, 'VUS-PR': np.float64(0.4013487369257579), 'VUS-ROC': np.float64(0.7324541470730206), 'Standard-F1': np.float64(0.4103422817860653), 'PA-F1': 0.9394521025998953, 'Event-based-F1': np.float64(0.7097748144420677), 'R-based-F1': 0.49890119024213825, 'Affiliation-F': 0.9430045052211312}
2026-02-08 18:48:55.439 | INFO     | src.pipelines.train_vision_backbones:run_pipeline:170 - Train images: 113
2026-02-08 18:48:55.439 | INFO     | src.pipelines.train_vision_backbones:run_pipeline:171 - Test images: 427
2026-02-08 18:48:56.413 | INFO     | src.pipelines.train_vision_backbones:run_pipeline:176 - Training pvt_autoencoder_progressive_unfreeze on MWT
2026-02-08 18:48:56.437 | INFO     | src.models.pvt_autoencoder.training:train_pvt_autoencoder_progressive_unfreeze:132 - Device: cuda | Model on: cuda:0
2026-02-08 18:49:27.545 | INFO     | src.pipelines.train_vision_backbones:run_pipeline:193 - Evaluating pvt_autoencoder_progressive_unfreeze on MWT
2026-02-08 18:49:32.206 | INFO     | src.models.evaluation:evaluate_tsb_ad_nonoverlapping:65 - Normal (18666) reconstruction error: mean=0.0814, std=0.1229
2026-02-08 18:49:32.207 | INFO     | src.models.evaluation:evaluate_tsb_ad_nonoverlapping:66 - Anomaly (2694) reconstruction error: mean=0.2378, std=0.2466
2026-02-08 18:49:32.207 | INFO     | src.models.evaluation:evaluate_tsb_ad_nonoverlapping:67 - Overlap? Normal max=1.0000, Anomaly min=0.0051
2026-02-08 18:49:38.360 | INFO     | src.models.evaluation:evaluate_tsb_ad_nonoverlapping:83 - {'AUC-PR': 0.3378390633524176, 'AUC-ROC': 0.6773593807160311, 'VUS-PR': np.float64(0.41606989345042117), 'VUS-ROC': np.float64(0.7375231840039657), 'Standard-F1': np.float64(0.424952933681545), 'PA-F1': 0.9595437533416503, 'Event-based-F1': np.float64(0.7643678160919535), 'R-based-F1': 0.5180936861535616, 'Affiliation-F': 0.9249589261931347}
2026-02-08 18:49:38.524 | INFO     | src.pipelines.train_vision_backbones:run_pipeline:170 - Train images: 113
2026-02-08 18:49:38.524 | INFO     | src.pipelines.train_vision_backbones:run_pipeline:171 - Test images: 427
2026-02-08 18:49:39.490 | INFO     | src.pipelines.train_vision_backbones:run_pipeline:176 - Training pvt_autoencoder_differential_lr on MWT
2026-02-08 18:49:39.516 | INFO     | src.models.pvt_autoencoder.training:train_pvt_autoencoder_differential_lr:267 - Device: cuda | Model on: cuda:0
2026-02-08 18:50:10.418 | INFO     | src.pipelines.train_vision_backbones:run_pipeline:193 - Evaluating pvt_autoencoder_differential_lr on MWT
2026-02-08 18:50:17.253 | INFO     | src.models.evaluation:evaluate_tsb_ad_nonoverlapping:65 - Normal (18666) reconstruction error: mean=0.0813, std=0.1274
2026-02-08 18:50:17.253 | INFO     | src.models.evaluation:evaluate_tsb_ad_nonoverlapping:66 - Anomaly (2694) reconstruction error: mean=0.2383, std=0.2442
2026-02-08 18:50:17.253 | INFO     | src.models.evaluation:evaluate_tsb_ad_nonoverlapping:67 - Overlap? Normal max=1.0000, Anomaly min=0.0061
2026-02-08 18:50:23.416 | INFO     | src.models.evaluation:evaluate_tsb_ad_nonoverlapping:83 - {'AUC-PR': 0.32264454532605513, 'AUC-ROC': 0.6759126618505544, 'VUS-PR': np.float64(0.3945166931113022), 'VUS-ROC': np.float64(0.7387189936031163), 'Standard-F1': np.float64(0.44372751015225786), 'PA-F1': 0.9394521025998953, 'Event-based-F1': np.float64(0.6999999999999995), 'R-based-F1': 0.5342100583680077, 'Affiliation-F': 0.9295739515269195}
2026-02-08 18:50:23.781 | INFO     | src.pipelines.train_vision_backbones:run_pipeline:70 - Using zip: /net/scratch/hscra/plgrid/plgsmendowski12/ts2i_images/SMD/190_SMD_id_13_Facility_tr_7119_1st_15849_ts2i_SPIRAL.zip for transformation SPIRAL
2026-02-08 18:50:24.673 | INFO     | src.pipelines.train_vision_backbones:run_pipeline:170 - Train images: 113
2026-02-08 18:50:24.673 | INFO     | src.pipelines.train_vision_backbones:run_pipeline:171 - Test images: 427
2026-02-08 18:50:24.680 | INFO     | src.pipelines.train_vision_backbones:run_pipeline:176 - Training cnn_autoencoder on SPIRAL
2026-02-08 18:50:24.684 | INFO     | src.models.cnn_autoencoder.training:train_autoencoder:22 - Device: cuda | Model on: cuda:0
2026-02-08 18:50:56.193 | INFO     | src.pipelines.train_vision_backbones:run_pipeline:193 - Evaluating cnn_autoencoder on SPIRAL
2026-02-08 18:50:56.547 | INFO     | src.models.evaluation:evaluate_tsb_ad_nonoverlapping:65 - Normal (18666) reconstruction error: mean=0.0188, std=0.0188
2026-02-08 18:50:56.547 | INFO     | src.models.evaluation:evaluate_tsb_ad_nonoverlapping:66 - Anomaly (2694) reconstruction error: mean=0.2214, std=0.2471
2026-02-08 18:50:56.547 | INFO     | src.models.evaluation:evaluate_tsb_ad_nonoverlapping:67 - Overlap? Normal max=0.4050, Anomaly min=0.0113
2026-02-08 18:51:02.143 | INFO     | src.models.evaluation:evaluate_tsb_ad_nonoverlapping:83 - {'AUC-PR': 0.6562705928691905, 'AUC-ROC': 0.8420942252869197, 'VUS-PR': np.float64(0.6739765593069527), 'VUS-ROC': np.float64(0.8770298736996006), 'Standard-F1': np.float64(0.6264578719149331), 'PA-F1': 0.9986991265564021, 'Event-based-F1': np.float64(0.8035614913745125), 'R-based-F1': 0.5483833407090856, 'Affiliation-F': 0.9381095015299609}
2026-02-08 18:51:02.300 | INFO     | src.pipelines.train_vision_backbones:run_pipeline:170 - Train images: 113
2026-02-08 18:51:02.300 | INFO     | src.pipelines.train_vision_backbones:run_pipeline:171 - Test images: 427
2026-02-08 18:51:02.516 | INFO     | src.pipelines.train_vision_backbones:run_pipeline:176 - Training resnet18_autoencoder_frozen on SPIRAL
2026-02-08 18:51:02.530 | INFO     | src.models.resnet18_autoencoder.training:train_autoencoder_frozen:25 - Device: cuda | Model on: cuda:0
2026-02-08 18:51:33.004 | INFO     | src.pipelines.train_vision_backbones:run_pipeline:193 - Evaluating resnet18_autoencoder_frozen on SPIRAL
2026-02-08 18:51:37.106 | INFO     | src.models.evaluation:evaluate_tsb_ad_nonoverlapping:65 - Normal (18666) reconstruction error: mean=0.0273, std=0.0286
2026-02-08 18:51:37.106 | INFO     | src.models.evaluation:evaluate_tsb_ad_nonoverlapping:66 - Anomaly (2694) reconstruction error: mean=0.2642, std=0.2888
2026-02-08 18:51:37.106 | INFO     | src.models.evaluation:evaluate_tsb_ad_nonoverlapping:67 - Overlap? Normal max=0.4837, Anomaly min=0.0113
2026-02-08 18:51:42.785 | INFO     | src.models.evaluation:evaluate_tsb_ad_nonoverlapping:83 - {'AUC-PR': 0.642965535193068, 'AUC-ROC': 0.8243328925762622, 'VUS-PR': np.float64(0.68925081792744), 'VUS-ROC': np.float64(0.8711580665598136), 'Standard-F1': np.float64(0.6168406452638223), 'PA-F1': 0.9986991265564021, 'Event-based-F1': np.float64(0.8525143435707048), 'R-based-F1': 0.5506579059361769, 'Affiliation-F': 0.9427819032183277}
2026-02-08 18:51:42.941 | INFO     | src.pipelines.train_vision_backbones:run_pipeline:170 - Train images: 113
2026-02-08 18:51:42.941 | INFO     | src.pipelines.train_vision_backbones:run_pipeline:171 - Test images: 427
2026-02-08 18:51:43.157 | INFO     | src.pipelines.train_vision_backbones:run_pipeline:176 - Training resnet18_autoencoder_progressive_unfreeze on SPIRAL
2026-02-08 18:51:43.172 | INFO     | src.models.resnet18_autoencoder.training:train_autoencoder_progressive_unfreeze:133 - Device: cuda | Model on: cuda:0
2026-02-08 18:52:24.571 | INFO     | src.pipelines.train_vision_backbones:run_pipeline:193 - Evaluating resnet18_autoencoder_progressive_unfreeze on SPIRAL
2026-02-08 18:52:29.158 | INFO     | src.models.evaluation:evaluate_tsb_ad_nonoverlapping:65 - Normal (18666) reconstruction error: mean=0.0220, std=0.0273
2026-02-08 18:52:29.158 | INFO     | src.models.evaluation:evaluate_tsb_ad_nonoverlapping:66 - Anomaly (2694) reconstruction error: mean=0.2716, std=0.3018
2026-02-08 18:52:29.159 | INFO     | src.models.evaluation:evaluate_tsb_ad_nonoverlapping:67 - Overlap? Normal max=0.4509, Anomaly min=0.0083
2026-02-08 18:52:34.834 | INFO     | src.models.evaluation:evaluate_tsb_ad_nonoverlapping:83 - {'AUC-PR': 0.6600452458623817, 'AUC-ROC': 0.8541830280130114, 'VUS-PR': np.float64(0.7116900917687107), 'VUS-ROC': np.float64(0.8987165042518498), 'Standard-F1': np.float64(0.6218728200142599), 'PA-F1': 0.9986991265564021, 'Event-based-F1': np.float64(0.8979736935655878), 'R-based-F1': 0.5906050906227573, 'Affiliation-F': 0.9523571799832439}
2026-02-08 18:52:34.998 | INFO     | src.pipelines.train_vision_backbones:run_pipeline:170 - Train images: 113
2026-02-08 18:52:34.998 | INFO     | src.pipelines.train_vision_backbones:run_pipeline:171 - Test images: 427
2026-02-08 18:52:35.206 | INFO     | src.pipelines.train_vision_backbones:run_pipeline:176 - Training resnet18_autoencoder_differential_lr on SPIRAL
2026-02-08 18:52:35.219 | INFO     | src.models.resnet18_autoencoder.training:train_autoencoder_differential_lr:271 - Device: cuda | Model on: cuda:0
2026-02-08 18:53:07.709 | INFO     | src.pipelines.train_vision_backbones:run_pipeline:193 - Evaluating resnet18_autoencoder_differential_lr on SPIRAL
2026-02-08 18:53:13.168 | INFO     | src.models.evaluation:evaluate_tsb_ad_nonoverlapping:65 - Normal (18666) reconstruction error: mean=0.0952, std=0.1197
2026-02-08 18:53:13.168 | INFO     | src.models.evaluation:evaluate_tsb_ad_nonoverlapping:66 - Anomaly (2694) reconstruction error: mean=0.2876, std=0.2661
2026-02-08 18:53:13.168 | INFO     | src.models.evaluation:evaluate_tsb_ad_nonoverlapping:67 - Overlap? Normal max=0.8224, Anomaly min=0.0013
2026-02-08 18:53:19.428 | INFO     | src.models.evaluation:evaluate_tsb_ad_nonoverlapping:83 - {'AUC-PR': 0.40804812415611436, 'AUC-ROC': 0.669074404582219, 'VUS-PR': np.float64(0.48754765064816913), 'VUS-ROC': np.float64(0.7375024646578977), 'Standard-F1': np.float64(0.4749671913825136), 'PA-F1': 0.9840688518586339, 'Event-based-F1': np.float64(0.8086895585143653), 'R-based-F1': 0.5773272622568675, 'Affiliation-F': 0.9405552485145448}
2026-02-08 18:53:20.059 | INFO     | src.pipelines.train_vision_backbones:run_pipeline:170 - Train images: 113
2026-02-08 18:53:20.059 | INFO     | src.pipelines.train_vision_backbones:run_pipeline:171 - Test images: 427
2026-02-08 18:53:21.029 | INFO     | src.pipelines.train_vision_backbones:run_pipeline:176 - Training pvt_autoencoder_frozen on SPIRAL
2026-02-08 18:53:21.053 | INFO     | src.models.pvt_autoencoder.training:train_pvt_autoencoder_frozen:24 - Device: cuda | Model on: cuda:0
2026-02-08 18:53:55.422 | INFO     | src.pipelines.train_vision_backbones:run_pipeline:193 - Evaluating pvt_autoencoder_frozen on SPIRAL
2026-02-08 18:53:58.886 | INFO     | src.models.evaluation:evaluate_tsb_ad_nonoverlapping:65 - Normal (18666) reconstruction error: mean=0.0257, std=0.0294
2026-02-08 18:53:58.886 | INFO     | src.models.evaluation:evaluate_tsb_ad_nonoverlapping:66 - Anomaly (2694) reconstruction error: mean=0.2834, std=0.3071
2026-02-08 18:53:58.886 | INFO     | src.models.evaluation:evaluate_tsb_ad_nonoverlapping:67 - Overlap? Normal max=0.4763, Anomaly min=0.0078
2026-02-08 18:54:04.705 | INFO     | src.models.evaluation:evaluate_tsb_ad_nonoverlapping:83 - {'AUC-PR': 0.662141549271546, 'AUC-ROC': 0.8363606447605391, 'VUS-PR': np.float64(0.6720239224175384), 'VUS-ROC': np.float64(0.8778542886801003), 'Standard-F1': np.float64(0.6408496705356798), 'PA-F1': 0.9986991265564021, 'Event-based-F1': np.float64(0.7855442046240104), 'R-based-F1': 0.5245885394808887, 'Affiliation-F': 0.913092874207502}
2026-02-08 18:54:04.859 | INFO     | src.pipelines.train_vision_backbones:run_pipeline:170 - Train images: 113
2026-02-08 18:54:04.859 | INFO     | src.pipelines.train_vision_backbones:run_pipeline:171 - Test images: 427
2026-02-08 18:54:05.852 | INFO     | src.pipelines.train_vision_backbones:run_pipeline:176 - Training pvt_autoencoder_progressive_unfreeze on SPIRAL
2026-02-08 18:54:05.875 | INFO     | src.models.pvt_autoencoder.training:train_pvt_autoencoder_progressive_unfreeze:132 - Device: cuda | Model on: cuda:0
2026-02-08 18:54:54.545 | INFO     | src.pipelines.train_vision_backbones:run_pipeline:193 - Evaluating pvt_autoencoder_progressive_unfreeze on SPIRAL
2026-02-08 18:55:00.662 | INFO     | src.models.evaluation:evaluate_tsb_ad_nonoverlapping:65 - Normal (18666) reconstruction error: mean=0.0216, std=0.0238
2026-02-08 18:55:00.662 | INFO     | src.models.evaluation:evaluate_tsb_ad_nonoverlapping:66 - Anomaly (2694) reconstruction error: mean=0.2948, std=0.3296
2026-02-08 18:55:00.662 | INFO     | src.models.evaluation:evaluate_tsb_ad_nonoverlapping:67 - Overlap? Normal max=0.5136, Anomaly min=0.0101
2026-02-08 18:55:06.399 | INFO     | src.models.evaluation:evaluate_tsb_ad_nonoverlapping:83 - {'AUC-PR': 0.6667738208321737, 'AUC-ROC': 0.8591615306655479, 'VUS-PR': np.float64(0.6961400115503218), 'VUS-ROC': np.float64(0.8964343538181101), 'Standard-F1': np.float64(0.6279375219871484), 'PA-F1': 0.9986991265564021, 'Event-based-F1': np.float64(0.8328341954805331), 'R-based-F1': 0.5941090157715453, 'Affiliation-F': 0.9386821794657243}
2026-02-08 18:55:06.557 | INFO     | src.pipelines.train_vision_backbones:run_pipeline:170 - Train images: 113
2026-02-08 18:55:06.558 | INFO     | src.pipelines.train_vision_backbones:run_pipeline:171 - Test images: 427
2026-02-08 18:55:07.765 | INFO     | src.pipelines.train_vision_backbones:run_pipeline:176 - Training pvt_autoencoder_differential_lr on SPIRAL
2026-02-08 18:55:07.791 | INFO     | src.models.pvt_autoencoder.training:train_pvt_autoencoder_differential_lr:267 - Device: cuda | Model on: cuda:0
2026-02-08 18:55:49.435 | INFO     | src.pipelines.train_vision_backbones:run_pipeline:193 - Evaluating pvt_autoencoder_differential_lr on SPIRAL
2026-02-08 18:55:55.202 | INFO     | src.models.evaluation:evaluate_tsb_ad_nonoverlapping:65 - Normal (18666) reconstruction error: mean=0.0224, std=0.0245
2026-02-08 18:55:55.202 | INFO     | src.models.evaluation:evaluate_tsb_ad_nonoverlapping:66 - Anomaly (2694) reconstruction error: mean=0.2898, std=0.3214
2026-02-08 18:55:55.202 | INFO     | src.models.evaluation:evaluate_tsb_ad_nonoverlapping:67 - Overlap? Normal max=0.5136, Anomaly min=0.0093
2026-02-08 18:56:00.901 | INFO     | src.models.evaluation:evaluate_tsb_ad_nonoverlapping:83 - {'AUC-PR': 0.6636029736976936, 'AUC-ROC': 0.8503947126333099, 'VUS-PR': np.float64(0.6905627597832249), 'VUS-ROC': np.float64(0.8895315212065843), 'Standard-F1': np.float64(0.6328557108379365), 'PA-F1': 0.9986991265564021, 'Event-based-F1': np.float64(0.812852311161217), 'R-based-F1': 0.5646742311688923, 'Affiliation-F': 0.938931103254736}
2026-02-08 18:56:01.253 | INFO     | src.pipelines.train_vision_backbones:run_pipeline:70 - Using zip: /net/scratch/hscra/plgrid/plgsmendowski12/ts2i_images/SMD/191_SMD_id_14_Facility_tr_4596_1st_4696_ts2i_RN.zip for transformation RN
2026-02-08 18:56:01.776 | INFO     | src.pipelines.train_vision_backbones:run_pipeline:170 - Train images: 72
2026-02-08 18:56:01.776 | INFO     | src.pipelines.train_vision_backbones:run_pipeline:171 - Test images: 362
2026-02-08 18:56:01.783 | INFO     | src.pipelines.train_vision_backbones:run_pipeline:176 - Training cnn_autoencoder on RN
2026-02-08 18:56:01.787 | INFO     | src.models.cnn_autoencoder.training:train_autoencoder:22 - Device: cuda | Model on: cuda:0
2026-02-08 18:56:12.171 | INFO     | src.pipelines.train_vision_backbones:run_pipeline:193 - Evaluating cnn_autoencoder on RN
2026-02-08 18:56:12.488 | INFO     | src.models.evaluation:evaluate_tsb_ad_nonoverlapping:65 - Normal (17958) reconstruction error: mean=0.3908, std=0.2576
2026-02-08 18:56:12.488 | INFO     | src.models.evaluation:evaluate_tsb_ad_nonoverlapping:66 - Anomaly (146) reconstruction error: mean=0.2680, std=0.0267
2026-02-08 18:56:12.488 | INFO     | src.models.evaluation:evaluate_tsb_ad_nonoverlapping:67 - Overlap? Normal max=1.0000, Anomaly min=0.2185
2026-02-08 18:56:16.376 | INFO     | src.models.evaluation:evaluate_tsb_ad_nonoverlapping:83 - {'AUC-PR': 0.010914434524073612, 'AUC-ROC': 0.4174508403931853, 'VUS-PR': np.float64(0.017231680471105387), 'VUS-ROC': np.float64(0.4332621461858716), 'Standard-F1': np.float64(0.024394271449588167), 'PA-F1': 0.02560729632552837, 'Event-based-F1': np.float64(0.024409517955922357), 'R-based-F1': 0.02011539572560169, 'Affiliation-F': 0.8644263207003052}
2026-02-08 18:56:16.530 | INFO     | src.pipelines.train_vision_backbones:run_pipeline:170 - Train images: 72
2026-02-08 18:56:16.530 | INFO     | src.pipelines.train_vision_backbones:run_pipeline:171 - Test images: 362
2026-02-08 18:56:16.741 | INFO     | src.pipelines.train_vision_backbones:run_pipeline:176 - Training resnet18_autoencoder_frozen on RN
2026-02-08 18:56:16.753 | INFO     | src.models.resnet18_autoencoder.training:train_autoencoder_frozen:25 - Device: cuda | Model on: cuda:0
2026-02-08 18:56:26.751 | INFO     | src.pipelines.train_vision_backbones:run_pipeline:193 - Evaluating resnet18_autoencoder_frozen on RN
2026-02-08 18:56:27.115 | INFO     | src.models.evaluation:evaluate_tsb_ad_nonoverlapping:65 - Normal (17958) reconstruction error: mean=0.5049, std=0.2381
2026-02-08 18:56:27.116 | INFO     | src.models.evaluation:evaluate_tsb_ad_nonoverlapping:66 - Anomaly (146) reconstruction error: mean=0.4922, std=0.0160
2026-02-08 18:56:27.116 | INFO     | src.models.evaluation:evaluate_tsb_ad_nonoverlapping:67 - Overlap? Normal max=1.0000, Anomaly min=0.4557
2026-02-08 18:56:31.487 | INFO     | src.models.evaluation:evaluate_tsb_ad_nonoverlapping:83 - {'AUC-PR': 0.012430806136632916, 'AUC-ROC': 0.4673198650732989, 'VUS-PR': np.float64(0.0182750292069071), 'VUS-ROC': np.float64(0.45736845740957516), 'Standard-F1': np.float64(0.028223189757843097), 'PA-F1': 0.026434908564186132, 'Event-based-F1': np.float64(0.0264349085641861), 'R-based-F1': 0.02011539572560169, 'Affiliation-F': 0.8540153996977159}
2026-02-08 18:56:31.646 | INFO     | src.pipelines.train_vision_backbones:run_pipeline:170 - Train images: 72
2026-02-08 18:56:31.646 | INFO     | src.pipelines.train_vision_backbones:run_pipeline:171 - Test images: 362
2026-02-08 18:56:31.863 | INFO     | src.pipelines.train_vision_backbones:run_pipeline:176 - Training resnet18_autoencoder_progressive_unfreeze on RN
2026-02-08 18:56:31.877 | INFO     | src.models.resnet18_autoencoder.training:train_autoencoder_progressive_unfreeze:133 - Device: cuda | Model on: cuda:0
2026-02-08 18:56:45.576 | INFO     | src.pipelines.train_vision_backbones:run_pipeline:193 - Evaluating resnet18_autoencoder_progressive_unfreeze on RN
2026-02-08 18:56:45.919 | INFO     | src.models.evaluation:evaluate_tsb_ad_nonoverlapping:65 - Normal (17958) reconstruction error: mean=0.4736, std=0.2373
2026-02-08 18:56:45.919 | INFO     | src.models.evaluation:evaluate_tsb_ad_nonoverlapping:66 - Anomaly (146) reconstruction error: mean=0.4637, std=0.0117
2026-02-08 18:56:45.919 | INFO     | src.models.evaluation:evaluate_tsb_ad_nonoverlapping:67 - Overlap? Normal max=1.0000, Anomaly min=0.4387
2026-02-08 18:56:50.098 | INFO     | src.models.evaluation:evaluate_tsb_ad_nonoverlapping:83 - {'AUC-PR': 0.01375920435987472, 'AUC-ROC': 0.5203355012533049, 'VUS-PR': np.float64(0.02080556302672391), 'VUS-ROC': np.float64(0.4957838319558919), 'Standard-F1': np.float64(0.030429045899871037), 'PA-F1': 0.02836052836052836, 'Event-based-F1': np.float64(0.028360528360528325), 'R-based-F1': 0.0960821842674367, 'Affiliation-F': 0.8540153996977159}
2026-02-08 18:56:50.257 | INFO     | src.pipelines.train_vision_backbones:run_pipeline:170 - Train images: 72
2026-02-08 18:56:50.258 | INFO     | src.pipelines.train_vision_backbones:run_pipeline:171 - Test images: 362
2026-02-08 18:56:50.473 | INFO     | src.pipelines.train_vision_backbones:run_pipeline:176 - Training resnet18_autoencoder_differential_lr on RN
2026-02-08 18:56:50.486 | INFO     | src.models.resnet18_autoencoder.training:train_autoencoder_differential_lr:271 - Device: cuda | Model on: cuda:0
2026-02-08 18:57:05.554 | INFO     | src.pipelines.train_vision_backbones:run_pipeline:193 - Evaluating resnet18_autoencoder_differential_lr on RN
2026-02-08 18:57:08.876 | INFO     | src.models.evaluation:evaluate_tsb_ad_nonoverlapping:65 - Normal (17958) reconstruction error: mean=0.4766, std=0.2372
2026-02-08 18:57:08.876 | INFO     | src.models.evaluation:evaluate_tsb_ad_nonoverlapping:66 - Anomaly (146) reconstruction error: mean=0.4409, std=0.0045
2026-02-08 18:57:08.876 | INFO     | src.models.evaluation:evaluate_tsb_ad_nonoverlapping:67 - Overlap? Normal max=1.0000, Anomaly min=0.4311
2026-02-08 18:57:13.071 | INFO     | src.models.evaluation:evaluate_tsb_ad_nonoverlapping:83 - {'AUC-PR': 0.012050838285243243, 'AUC-ROC': 0.4531887188828728, 'VUS-PR': np.float64(0.018077192391790273), 'VUS-ROC': np.float64(0.45561247308166675), 'Standard-F1': np.float64(0.028223189757843097), 'PA-F1': 0.026434908564186132, 'Event-based-F1': np.float64(0.0264349085641861), 'R-based-F1': 0.0960821842674367, 'Affiliation-F': 0.8540153996977159}
2026-02-08 18:57:13.226 | INFO     | src.pipelines.train_vision_backbones:run_pipeline:170 - Train images: 72
2026-02-08 18:57:13.227 | INFO     | src.pipelines.train_vision_backbones:run_pipeline:171 - Test images: 362
2026-02-08 18:57:14.202 | INFO     | src.pipelines.train_vision_backbones:run_pipeline:176 - Training pvt_autoencoder_frozen on RN
2026-02-08 18:57:14.225 | INFO     | src.models.pvt_autoencoder.training:train_pvt_autoencoder_frozen:24 - Device: cuda | Model on: cuda:0
2026-02-08 18:57:28.231 | INFO     | src.pipelines.train_vision_backbones:run_pipeline:193 - Evaluating pvt_autoencoder_frozen on RN
2026-02-08 18:57:30.338 | INFO     | src.models.evaluation:evaluate_tsb_ad_nonoverlapping:65 - Normal (17958) reconstruction error: mean=0.4516, std=0.2320
2026-02-08 18:57:30.338 | INFO     | src.models.evaluation:evaluate_tsb_ad_nonoverlapping:66 - Anomaly (146) reconstruction error: mean=0.4449, std=0.0180
2026-02-08 18:57:30.338 | INFO     | src.models.evaluation:evaluate_tsb_ad_nonoverlapping:67 - Overlap? Normal max=1.0000, Anomaly min=0.3893
2026-02-08 18:57:34.470 | INFO     | src.models.evaluation:evaluate_tsb_ad_nonoverlapping:83 - {'AUC-PR': 0.012498268218590918, 'AUC-ROC': 0.4745284659639616, 'VUS-PR': np.float64(0.01888372700820827), 'VUS-ROC': np.float64(0.48324376398912966), 'Standard-F1': np.float64(0.028091867735428887), 'PA-F1': 0.029486014339089164, 'Event-based-F1': np.float64(0.028112043684902388), 'R-based-F1': 0.02011539572560169, 'Affiliation-F': 0.8540153996977159}
2026-02-08 18:57:34.629 | INFO     | src.pipelines.train_vision_backbones:run_pipeline:170 - Train images: 72
2026-02-08 18:57:34.629 | INFO     | src.pipelines.train_vision_backbones:run_pipeline:171 - Test images: 362
2026-02-08 18:57:35.608 | INFO     | src.pipelines.train_vision_backbones:run_pipeline:176 - Training pvt_autoencoder_progressive_unfreeze on RN
2026-02-08 18:57:35.633 | INFO     | src.models.pvt_autoencoder.training:train_pvt_autoencoder_progressive_unfreeze:132 - Device: cuda | Model on: cuda:0
2026-02-08 18:57:50.043 | INFO     | src.pipelines.train_vision_backbones:run_pipeline:193 - Evaluating pvt_autoencoder_progressive_unfreeze on RN
2026-02-08 18:57:53.718 | INFO     | src.models.evaluation:evaluate_tsb_ad_nonoverlapping:65 - Normal (17958) reconstruction error: mean=0.4883, std=0.2412
2026-02-08 18:57:53.719 | INFO     | src.models.evaluation:evaluate_tsb_ad_nonoverlapping:66 - Anomaly (146) reconstruction error: mean=0.4635, std=0.0067
2026-02-08 18:57:53.719 | INFO     | src.models.evaluation:evaluate_tsb_ad_nonoverlapping:67 - Overlap? Normal max=1.0000, Anomaly min=0.4348
2026-02-08 18:57:57.993 | INFO     | src.models.evaluation:evaluate_tsb_ad_nonoverlapping:83 - {'AUC-PR': 0.012498268218590918, 'AUC-ROC': 0.4773318107547749, 'VUS-PR': np.float64(0.019376266920125007), 'VUS-ROC': np.float64(0.4852818321411999), 'Standard-F1': np.float64(0.028091867735428887), 'PA-F1': 0.02741011921524453, 'Event-based-F1': np.float64(0.0264349085641861), 'R-based-F1': 0.0960821842674367, 'Affiliation-F': 0.8540153996977159}
2026-02-08 18:57:58.153 | INFO     | src.pipelines.train_vision_backbones:run_pipeline:170 - Train images: 72
2026-02-08 18:57:58.153 | INFO     | src.pipelines.train_vision_backbones:run_pipeline:171 - Test images: 362
2026-02-08 18:57:59.127 | INFO     | src.pipelines.train_vision_backbones:run_pipeline:176 - Training pvt_autoencoder_differential_lr on RN
2026-02-08 18:57:59.152 | INFO     | src.models.pvt_autoencoder.training:train_pvt_autoencoder_differential_lr:267 - Device: cuda | Model on: cuda:0
2026-02-08 18:58:16.553 | INFO     | src.pipelines.train_vision_backbones:run_pipeline:193 - Evaluating pvt_autoencoder_differential_lr on RN
2026-02-08 18:58:19.233 | INFO     | src.models.evaluation:evaluate_tsb_ad_nonoverlapping:65 - Normal (17958) reconstruction error: mean=0.4814, std=0.2448
2026-02-08 18:58:19.233 | INFO     | src.models.evaluation:evaluate_tsb_ad_nonoverlapping:66 - Anomaly (146) reconstruction error: mean=0.4790, std=0.0264
2026-02-08 18:58:19.233 | INFO     | src.models.evaluation:evaluate_tsb_ad_nonoverlapping:67 - Overlap? Normal max=1.0000, Anomaly min=0.4244
2026-02-08 18:58:23.414 | INFO     | src.models.evaluation:evaluate_tsb_ad_nonoverlapping:83 - {'AUC-PR': 0.013416476615998183, 'AUC-ROC': 0.5067192551264976, 'VUS-PR': np.float64(0.01806308946828109), 'VUS-ROC': np.float64(0.47202771455459885), 'Standard-F1': np.float64(0.026528454131926046), 'PA-F1': 0.0273134491423577, 'Event-based-F1': np.float64(0.0264349085641861), 'R-based-F1': 0.02011539572560169, 'Affiliation-F': 0.8540153996977159}
2026-02-08 18:58:23.722 | INFO     | src.pipelines.train_vision_backbones:run_pipeline:70 - Using zip: /net/scratch/hscra/plgrid/plgsmendowski12/ts2i_images/SMD/191_SMD_id_14_Facility_tr_4596_1st_4696_ts2i_LP.zip for transformation LP
2026-02-08 18:58:24.230 | INFO     | src.pipelines.train_vision_backbones:run_pipeline:170 - Train images: 72
2026-02-08 18:58:24.230 | INFO     | src.pipelines.train_vision_backbones:run_pipeline:171 - Test images: 362
2026-02-08 18:58:24.237 | INFO     | src.pipelines.train_vision_backbones:run_pipeline:176 - Training cnn_autoencoder on LP
2026-02-08 18:58:24.242 | INFO     | src.models.cnn_autoencoder.training:train_autoencoder:22 - Device: cuda | Model on: cuda:0
2026-02-08 18:58:53.149 | INFO     | src.pipelines.train_vision_backbones:run_pipeline:193 - Evaluating cnn_autoencoder on LP
2026-02-08 18:58:53.445 | INFO     | src.models.evaluation:evaluate_tsb_ad_nonoverlapping:65 - Normal (17958) reconstruction error: mean=0.1934, std=0.0821
2026-02-08 18:58:53.445 | INFO     | src.models.evaluation:evaluate_tsb_ad_nonoverlapping:66 - Anomaly (146) reconstruction error: mean=0.4113, std=0.4248
2026-02-08 18:58:53.445 | INFO     | src.models.evaluation:evaluate_tsb_ad_nonoverlapping:67 - Overlap? Normal max=0.4242, Anomaly min=0.1047
2026-02-08 18:58:56.423 | INFO     | src.models.evaluation:evaluate_tsb_ad_nonoverlapping:83 - {'AUC-PR': 0.3479659253050288, 'AUC-ROC': 0.43590752852546355, 'VUS-PR': np.float64(0.18201114775952323), 'VUS-ROC': np.float64(0.44878225897008045), 'Standard-F1': np.float64(0.5102002811611709), 'PA-F1': 0.922509225092251, 'Event-based-F1': np.float64(0.6666666666666662), 'R-based-F1': 0.41269841269841273, 'Affiliation-F': 0.6803018426603784}
2026-02-08 18:58:56.580 | INFO     | src.pipelines.train_vision_backbones:run_pipeline:170 - Train images: 72
2026-02-08 18:58:56.580 | INFO     | src.pipelines.train_vision_backbones:run_pipeline:171 - Test images: 362
2026-02-08 18:58:56.797 | INFO     | src.pipelines.train_vision_backbones:run_pipeline:176 - Training resnet18_autoencoder_frozen on LP
2026-02-08 18:58:56.811 | INFO     | src.models.resnet18_autoencoder.training:train_autoencoder_frozen:25 - Device: cuda | Model on: cuda:0
2026-02-08 18:59:27.432 | INFO     | src.pipelines.train_vision_backbones:run_pipeline:193 - Evaluating resnet18_autoencoder_frozen on LP
2026-02-08 18:59:27.971 | INFO     | src.models.evaluation:evaluate_tsb_ad_nonoverlapping:65 - Normal (17958) reconstruction error: mean=0.0282, std=0.0535
2026-02-08 18:59:27.971 | INFO     | src.models.evaluation:evaluate_tsb_ad_nonoverlapping:66 - Anomaly (146) reconstruction error: mean=0.1600, std=0.1997
2026-02-08 18:59:27.971 | INFO     | src.models.evaluation:evaluate_tsb_ad_nonoverlapping:67 - Overlap? Normal max=1.0000, Anomaly min=0.0159
2026-02-08 18:59:30.191 | INFO     | src.models.evaluation:evaluate_tsb_ad_nonoverlapping:83 - {'AUC-PR': 0.17839491789406556, 'AUC-ROC': 0.5365609557765685, 'VUS-PR': np.float64(0.2531760953937096), 'VUS-ROC': np.float64(0.633183763002991), 'Standard-F1': np.float64(0.4064992399277212), 'PA-F1': 0.778816199376947, 'Event-based-F1': np.float64(0.49999999999999944), 'R-based-F1': 0.34210526315789475, 'Affiliation-F': 0.8998644453548557}
2026-02-08 18:59:30.348 | INFO     | src.pipelines.train_vision_backbones:run_pipeline:170 - Train images: 72
2026-02-08 18:59:30.348 | INFO     | src.pipelines.train_vision_backbones:run_pipeline:171 - Test images: 362
2026-02-08 18:59:30.563 | INFO     | src.pipelines.train_vision_backbones:run_pipeline:176 - Training resnet18_autoencoder_progressive_unfreeze on LP
2026-02-08 18:59:30.578 | INFO     | src.models.resnet18_autoencoder.training:train_autoencoder_progressive_unfreeze:133 - Device: cuda | Model on: cuda:0
2026-02-08 19:00:06.454 | INFO     | src.pipelines.train_vision_backbones:run_pipeline:193 - Evaluating resnet18_autoencoder_progressive_unfreeze on LP
2026-02-08 19:00:11.584 | INFO     | src.models.evaluation:evaluate_tsb_ad_nonoverlapping:65 - Normal (17958) reconstruction error: mean=0.1972, std=0.0676
2026-02-08 19:00:11.584 | INFO     | src.models.evaluation:evaluate_tsb_ad_nonoverlapping:66 - Anomaly (146) reconstruction error: mean=0.4832, std=0.3730
2026-02-08 19:00:11.584 | INFO     | src.models.evaluation:evaluate_tsb_ad_nonoverlapping:67 - Overlap? Normal max=0.4406, Anomaly min=0.2140
2026-02-08 19:00:14.574 | INFO     | src.models.evaluation:evaluate_tsb_ad_nonoverlapping:83 - {'AUC-PR': 0.3523585811245751, 'AUC-ROC': 0.6729904022628141, 'VUS-PR': np.float64(0.24354225179864897), 'VUS-ROC': np.float64(0.7332666870749704), 'Standard-F1': np.float64(0.5102002811611709), 'PA-F1': 0.922509225092251, 'Event-based-F1': np.float64(0.6666666666666662), 'R-based-F1': 0.41269841269841273, 'Affiliation-F': 0.7128101732353028}
2026-02-08 19:00:14.734 | INFO     | src.pipelines.train_vision_backbones:run_pipeline:170 - Train images: 72
2026-02-08 19:00:14.734 | INFO     | src.pipelines.train_vision_backbones:run_pipeline:171 - Test images: 362
2026-02-08 19:00:14.941 | INFO     | src.pipelines.train_vision_backbones:run_pipeline:176 - Training resnet18_autoencoder_differential_lr on LP
2026-02-08 19:00:14.954 | INFO     | src.models.resnet18_autoencoder.training:train_autoencoder_differential_lr:271 - Device: cuda | Model on: cuda:0
2026-02-08 19:00:48.560 | INFO     | src.pipelines.train_vision_backbones:run_pipeline:193 - Evaluating resnet18_autoencoder_differential_lr on LP
2026-02-08 19:00:52.095 | INFO     | src.models.evaluation:evaluate_tsb_ad_nonoverlapping:65 - Normal (17958) reconstruction error: mean=0.1293, std=0.0330
2026-02-08 19:00:52.096 | INFO     | src.models.evaluation:evaluate_tsb_ad_nonoverlapping:66 - Anomaly (146) reconstruction error: mean=0.4272, std=0.4134
2026-02-08 19:00:52.096 | INFO     | src.models.evaluation:evaluate_tsb_ad_nonoverlapping:67 - Overlap? Normal max=0.3602, Anomaly min=0.1289
2026-02-08 19:00:54.802 | INFO     | src.models.evaluation:evaluate_tsb_ad_nonoverlapping:83 - {'AUC-PR': 0.3531920104078977, 'AUC-ROC': 0.7005981994516887, 'VUS-PR': np.float64(0.20475427788745942), 'VUS-ROC': np.float64(0.7506200288024059), 'Standard-F1': np.float64(0.5102002811611709), 'PA-F1': 0.922509225092251, 'Event-based-F1': np.float64(0.6666666666666662), 'R-based-F1': 0.41269841269841273, 'Affiliation-F': 0.7304926458575944}
2026-02-08 19:00:54.960 | INFO     | src.pipelines.train_vision_backbones:run_pipeline:170 - Train images: 72
2026-02-08 19:00:54.960 | INFO     | src.pipelines.train_vision_backbones:run_pipeline:171 - Test images: 362
2026-02-08 19:00:55.927 | INFO     | src.pipelines.train_vision_backbones:run_pipeline:176 - Training pvt_autoencoder_frozen on LP
2026-02-08 19:00:55.950 | INFO     | src.models.pvt_autoencoder.training:train_pvt_autoencoder_frozen:24 - Device: cuda | Model on: cuda:0
2026-02-08 19:01:30.392 | INFO     | src.pipelines.train_vision_backbones:run_pipeline:193 - Evaluating pvt_autoencoder_frozen on LP
2026-02-08 19:01:34.013 | INFO     | src.models.evaluation:evaluate_tsb_ad_nonoverlapping:65 - Normal (17958) reconstruction error: mean=0.1093, std=0.0407
2026-02-08 19:01:34.013 | INFO     | src.models.evaluation:evaluate_tsb_ad_nonoverlapping:66 - Anomaly (146) reconstruction error: mean=0.4207, std=0.4180
2026-02-08 19:01:34.013 | INFO     | src.models.evaluation:evaluate_tsb_ad_nonoverlapping:67 - Overlap? Normal max=0.3488, Anomaly min=0.1190
2026-02-08 19:01:36.618 | INFO     | src.models.evaluation:evaluate_tsb_ad_nonoverlapping:83 - {'AUC-PR': 0.3580755095222185, 'AUC-ROC': 0.8031205232300024, 'VUS-PR': np.float64(0.2866042147692774), 'VUS-ROC': np.float64(0.8410278419063402), 'Standard-F1': np.float64(0.5102002811611709), 'PA-F1': 0.922509225092251, 'Event-based-F1': np.float64(0.6666666666666662), 'R-based-F1': 0.41269841269841273, 'Affiliation-F': 0.8762532527899668}
2026-02-08 19:01:36.774 | INFO     | src.pipelines.train_vision_backbones:run_pipeline:170 - Train images: 72
2026-02-08 19:01:36.775 | INFO     | src.pipelines.train_vision_backbones:run_pipeline:171 - Test images: 362
2026-02-08 19:01:37.737 | INFO     | src.pipelines.train_vision_backbones:run_pipeline:176 - Training pvt_autoencoder_progressive_unfreeze on LP
2026-02-08 19:01:37.763 | INFO     | src.models.pvt_autoencoder.training:train_pvt_autoencoder_progressive_unfreeze:132 - Device: cuda | Model on: cuda:0
2026-02-08 19:02:25.530 | INFO     | src.pipelines.train_vision_backbones:run_pipeline:193 - Evaluating pvt_autoencoder_progressive_unfreeze on LP
2026-02-08 19:02:30.883 | INFO     | src.models.evaluation:evaluate_tsb_ad_nonoverlapping:65 - Normal (17958) reconstruction error: mean=0.1212, std=0.0406
2026-02-08 19:02:30.883 | INFO     | src.models.evaluation:evaluate_tsb_ad_nonoverlapping:66 - Anomaly (146) reconstruction error: mean=0.4256, std=0.4145
2026-02-08 19:02:30.883 | INFO     | src.models.evaluation:evaluate_tsb_ad_nonoverlapping:67 - Overlap? Normal max=0.3010, Anomaly min=0.1264
2026-02-08 19:02:33.533 | INFO     | src.models.evaluation:evaluate_tsb_ad_nonoverlapping:83 - {'AUC-PR': 0.35077744173634584, 'AUC-ROC': 0.6053988988003973, 'VUS-PR': np.float64(0.18507644542951618), 'VUS-ROC': np.float64(0.5743212153702598), 'Standard-F1': np.float64(0.5102002811611709), 'PA-F1': 0.922509225092251, 'Event-based-F1': np.float64(0.6666666666666662), 'R-based-F1': 0.41269841269841273, 'Affiliation-F': 0.7304926458575944}
2026-02-08 19:02:33.691 | INFO     | src.pipelines.train_vision_backbones:run_pipeline:170 - Train images: 72
2026-02-08 19:02:33.691 | INFO     | src.pipelines.train_vision_backbones:run_pipeline:171 - Test images: 362
2026-02-08 19:02:34.639 | INFO     | src.pipelines.train_vision_backbones:run_pipeline:176 - Training pvt_autoencoder_differential_lr on LP
2026-02-08 19:02:34.663 | INFO     | src.models.pvt_autoencoder.training:train_pvt_autoencoder_differential_lr:267 - Device: cuda | Model on: cuda:0
2026-02-08 19:03:15.463 | INFO     | src.pipelines.train_vision_backbones:run_pipeline:193 - Evaluating pvt_autoencoder_differential_lr on LP
2026-02-08 19:03:19.459 | INFO     | src.models.evaluation:evaluate_tsb_ad_nonoverlapping:65 - Normal (17958) reconstruction error: mean=0.0765, std=0.0281
2026-02-08 19:03:19.459 | INFO     | src.models.evaluation:evaluate_tsb_ad_nonoverlapping:66 - Anomaly (146) reconstruction error: mean=0.3901, std=0.4402
2026-02-08 19:03:19.459 | INFO     | src.models.evaluation:evaluate_tsb_ad_nonoverlapping:67 - Overlap? Normal max=0.2681, Anomaly min=0.0724
2026-02-08 19:03:21.915 | INFO     | src.models.evaluation:evaluate_tsb_ad_nonoverlapping:83 - {'AUC-PR': 0.3504965380992434, 'AUC-ROC': 0.590606392083812, 'VUS-PR': np.float64(0.2766674942917325), 'VUS-ROC': np.float64(0.6759779318140473), 'Standard-F1': np.float64(0.5102002811611709), 'PA-F1': 0.922509225092251, 'Event-based-F1': np.float64(0.6666666666666662), 'R-based-F1': 0.41269841269841273, 'Affiliation-F': 0.7342190176849133}
2026-02-08 19:03:22.241 | INFO     | src.pipelines.train_vision_backbones:run_pipeline:70 - Using zip: /net/scratch/hscra/plgrid/plgsmendowski12/ts2i_images/SMD/191_SMD_id_14_Facility_tr_4596_1st_4696_ts2i_SG.zip for transformation SG
2026-02-08 19:03:22.763 | INFO     | src.pipelines.train_vision_backbones:run_pipeline:170 - Train images: 72
2026-02-08 19:03:22.763 | INFO     | src.pipelines.train_vision_backbones:run_pipeline:171 - Test images: 362
2026-02-08 19:03:22.770 | INFO     | src.pipelines.train_vision_backbones:run_pipeline:176 - Training cnn_autoencoder on SG
2026-02-08 19:03:22.774 | INFO     | src.models.cnn_autoencoder.training:train_autoencoder:22 - Device: cuda | Model on: cuda:0
2026-02-08 19:03:39.413 | INFO     | src.pipelines.train_vision_backbones:run_pipeline:193 - Evaluating cnn_autoencoder on SG
2026-02-08 19:03:39.705 | INFO     | src.models.evaluation:evaluate_tsb_ad_nonoverlapping:65 - Normal (17958) reconstruction error: mean=0.3616, std=0.2178
2026-02-08 19:03:39.705 | INFO     | src.models.evaluation:evaluate_tsb_ad_nonoverlapping:66 - Anomaly (146) reconstruction error: mean=0.6447, std=0.1397
2026-02-08 19:03:39.705 | INFO     | src.models.evaluation:evaluate_tsb_ad_nonoverlapping:67 - Overlap? Normal max=1.0000, Anomaly min=0.5439
2026-02-08 19:03:43.444 | INFO     | src.models.evaluation:evaluate_tsb_ad_nonoverlapping:83 - {'AUC-PR': 0.04907717554497736, 'AUC-ROC': 0.8677309460277939, 'VUS-PR': np.float64(0.04948349697629783), 'VUS-ROC': np.float64(0.842218110901271), 'Standard-F1': np.float64(0.14367484566376243), 'PA-F1': 0.324254215304799, 'Event-based-F1': np.float64(0.15384615384615358), 'R-based-F1': 0.1843971631205674, 'Affiliation-F': 0.8467541912253154}
2026-02-08 19:03:43.603 | INFO     | src.pipelines.train_vision_backbones:run_pipeline:170 - Train images: 72
2026-02-08 19:03:43.603 | INFO     | src.pipelines.train_vision_backbones:run_pipeline:171 - Test images: 362
2026-02-08 19:03:43.821 | INFO     | src.pipelines.train_vision_backbones:run_pipeline:176 - Training resnet18_autoencoder_frozen on SG
2026-02-08 19:03:43.835 | INFO     | src.models.resnet18_autoencoder.training:train_autoencoder_frozen:25 - Device: cuda | Model on: cuda:0
2026-02-08 19:03:46.276 | INFO     | src.pipelines.train_vision_backbones:run_pipeline:193 - Evaluating resnet18_autoencoder_frozen on SG
2026-02-08 19:03:46.595 | INFO     | src.models.evaluation:evaluate_tsb_ad_nonoverlapping:65 - Normal (17958) reconstruction error: mean=0.6089, std=0.3379
2026-02-08 19:03:46.596 | INFO     | src.models.evaluation:evaluate_tsb_ad_nonoverlapping:66 - Anomaly (146) reconstruction error: mean=0.9910, std=0.0125
2026-02-08 19:03:46.596 | INFO     | src.models.evaluation:evaluate_tsb_ad_nonoverlapping:67 - Overlap? Normal max=1.0000, Anomaly min=0.9736
2026-02-08 19:03:51.358 | INFO     | src.models.evaluation:evaluate_tsb_ad_nonoverlapping:83 - {'AUC-PR': 0.05696207250023297, 'AUC-ROC': 0.8863817705544291, 'VUS-PR': np.float64(0.11927974920844393), 'VUS-ROC': np.float64(0.9442215749019801), 'Standard-F1': np.float64(0.1283404846319685), 'PA-F1': 0.062180579216354344, 'Event-based-F1': np.float64(0.05674310143801005), 'R-based-F1': 0.04688580775821779, 'Affiliation-F': 0.7307445672161701}
2026-02-08 19:03:51.515 | INFO     | src.pipelines.train_vision_backbones:run_pipeline:170 - Train images: 72
2026-02-08 19:03:51.515 | INFO     | src.pipelines.train_vision_backbones:run_pipeline:171 - Test images: 362
2026-02-08 19:03:51.722 | INFO     | src.pipelines.train_vision_backbones:run_pipeline:176 - Training resnet18_autoencoder_progressive_unfreeze on SG
2026-02-08 19:03:51.734 | INFO     | src.models.resnet18_autoencoder.training:train_autoencoder_progressive_unfreeze:133 - Device: cuda | Model on: cuda:0
2026-02-08 19:04:08.232 | INFO     | src.pipelines.train_vision_backbones:run_pipeline:193 - Evaluating resnet18_autoencoder_progressive_unfreeze on SG
2026-02-08 19:04:08.560 | INFO     | src.models.evaluation:evaluate_tsb_ad_nonoverlapping:65 - Normal (17958) reconstruction error: mean=0.1063, std=0.0973
2026-02-08 19:04:08.560 | INFO     | src.models.evaluation:evaluate_tsb_ad_nonoverlapping:66 - Anomaly (146) reconstruction error: mean=0.4908, std=0.3675
2026-02-08 19:04:08.560 | INFO     | src.models.evaluation:evaluate_tsb_ad_nonoverlapping:67 - Overlap? Normal max=0.3681, Anomaly min=0.2256
2026-02-08 19:04:11.183 | INFO     | src.models.evaluation:evaluate_tsb_ad_nonoverlapping:83 - {'AUC-PR': 0.3616657534246575, 'AUC-ROC': 0.8452279062103814, 'VUS-PR': np.float64(0.22905390952072577), 'VUS-ROC': np.float64(0.834516296310152), 'Standard-F1': np.float64(0.5102002811611709), 'PA-F1': 0.922509225092251, 'Event-based-F1': np.float64(0.6666666666666662), 'R-based-F1': 0.41269841269841273, 'Affiliation-F': 0.8288449191573506}
2026-02-08 19:04:11.343 | INFO     | src.pipelines.train_vision_backbones:run_pipeline:170 - Train images: 72
2026-02-08 19:04:11.343 | INFO     | src.pipelines.train_vision_backbones:run_pipeline:171 - Test images: 362
2026-02-08 19:04:11.552 | INFO     | src.pipelines.train_vision_backbones:run_pipeline:176 - Training resnet18_autoencoder_differential_lr on SG
2026-02-08 19:04:11.564 | INFO     | src.models.resnet18_autoencoder.training:train_autoencoder_differential_lr:271 - Device: cuda | Model on: cuda:0
2026-02-08 19:04:34.222 | INFO     | src.pipelines.train_vision_backbones:run_pipeline:193 - Evaluating resnet18_autoencoder_differential_lr on SG
2026-02-08 19:04:34.730 | INFO     | src.models.evaluation:evaluate_tsb_ad_nonoverlapping:65 - Normal (17958) reconstruction error: mean=0.2710, std=0.3281
2026-02-08 19:04:34.730 | INFO     | src.models.evaluation:evaluate_tsb_ad_nonoverlapping:66 - Anomaly (146) reconstruction error: mean=0.8411, std=0.0163
2026-02-08 19:04:34.730 | INFO     | src.models.evaluation:evaluate_tsb_ad_nonoverlapping:67 - Overlap? Normal max=1.0000, Anomaly min=0.8294
2026-02-08 19:04:38.090 | INFO     | src.models.evaluation:evaluate_tsb_ad_nonoverlapping:83 - {'AUC-PR': 0.14755192222713212, 'AUC-ROC': 0.9686894992425247, 'VUS-PR': np.float64(0.14125549762247577), 'VUS-ROC': np.float64(0.958689132975636), 'Standard-F1': np.float64(0.2890124629110306), 'PA-F1': 0.5938242280285035, 'Event-based-F1': np.float64(0.33333333333333287), 'R-based-F1': 0.2549019607843137, 'Affiliation-F': 0.9621544923910498}
2026-02-08 19:04:38.245 | INFO     | src.pipelines.train_vision_backbones:run_pipeline:170 - Train images: 72
2026-02-08 19:04:38.245 | INFO     | src.pipelines.train_vision_backbones:run_pipeline:171 - Test images: 362
2026-02-08 19:04:39.219 | INFO     | src.pipelines.train_vision_backbones:run_pipeline:176 - Training pvt_autoencoder_frozen on SG
2026-02-08 19:04:39.243 | INFO     | src.models.pvt_autoencoder.training:train_pvt_autoencoder_frozen:24 - Device: cuda | Model on: cuda:0
2026-02-08 19:04:52.874 | INFO     | src.pipelines.train_vision_backbones:run_pipeline:193 - Evaluating pvt_autoencoder_frozen on SG
2026-02-08 19:04:54.074 | INFO     | src.models.evaluation:evaluate_tsb_ad_nonoverlapping:65 - Normal (17958) reconstruction error: mean=0.2664, std=0.4097
2026-02-08 19:04:54.074 | INFO     | src.models.evaluation:evaluate_tsb_ad_nonoverlapping:66 - Anomaly (146) reconstruction error: mean=0.7208, std=0.3869
2026-02-08 19:04:54.074 | INFO     | src.models.evaluation:evaluate_tsb_ad_nonoverlapping:67 - Overlap? Normal max=1.0000, Anomaly min=0.1846
2026-02-08 19:04:57.392 | INFO     | src.models.evaluation:evaluate_tsb_ad_nonoverlapping:83 - {'AUC-PR': 0.056658980966589806, 'AUC-ROC': 0.883521214645436, 'VUS-PR': np.float64(0.11917461278155622), 'VUS-ROC': np.float64(0.9434004829489716), 'Standard-F1': np.float64(0.1283404846319685), 'PA-F1': 0.07042932947419199, 'Event-based-F1': np.float64(0.05619707467282519), 'R-based-F1': 0.04894454382826476, 'Affiliation-F': 0.728494078797711}
2026-02-08 19:04:57.546 | INFO     | src.pipelines.train_vision_backbones:run_pipeline:170 - Train images: 72
2026-02-08 19:04:57.546 | INFO     | src.pipelines.train_vision_backbones:run_pipeline:171 - Test images: 362
2026-02-08 19:04:58.516 | INFO     | src.pipelines.train_vision_backbones:run_pipeline:176 - Training pvt_autoencoder_progressive_unfreeze on SG
2026-02-08 19:04:58.540 | INFO     | src.models.pvt_autoencoder.training:train_pvt_autoencoder_progressive_unfreeze:132 - Device: cuda | Model on: cuda:0
2026-02-08 19:05:08.494 | INFO     | src.pipelines.train_vision_backbones:run_pipeline:193 - Evaluating pvt_autoencoder_progressive_unfreeze on SG
2026-02-08 19:05:10.733 | INFO     | src.models.evaluation:evaluate_tsb_ad_nonoverlapping:65 - Normal (17958) reconstruction error: mean=0.2819, std=0.4049
2026-02-08 19:05:10.734 | INFO     | src.models.evaluation:evaluate_tsb_ad_nonoverlapping:66 - Anomaly (146) reconstruction error: mean=0.7379, std=0.3632
2026-02-08 19:05:10.734 | INFO     | src.models.evaluation:evaluate_tsb_ad_nonoverlapping:67 - Overlap? Normal max=1.0000, Anomaly min=0.2347
2026-02-08 19:05:14.105 | INFO     | src.models.evaluation:evaluate_tsb_ad_nonoverlapping:83 - {'AUC-PR': 0.056757990867579905, 'AUC-ROC': 0.8844747332817671, 'VUS-PR': np.float64(0.11917745016947862), 'VUS-ROC': np.float64(0.943418223932913), 'Standard-F1': np.float64(0.1283404846319685), 'PA-F1': 0.07042932947419199, 'Event-based-F1': np.float64(0.05674310143801005), 'R-based-F1': 0.04894454382826476, 'Affiliation-F': 0.7236041837151954}
2026-02-08 19:05:14.259 | INFO     | src.pipelines.train_vision_backbones:run_pipeline:170 - Train images: 72
2026-02-08 19:05:14.259 | INFO     | src.pipelines.train_vision_backbones:run_pipeline:171 - Test images: 362
2026-02-08 19:05:15.204 | INFO     | src.pipelines.train_vision_backbones:run_pipeline:176 - Training pvt_autoencoder_differential_lr on SG
2026-02-08 19:05:15.229 | INFO     | src.models.pvt_autoencoder.training:train_pvt_autoencoder_differential_lr:267 - Device: cuda | Model on: cuda:0
2026-02-08 19:05:30.882 | INFO     | src.pipelines.train_vision_backbones:run_pipeline:193 - Evaluating pvt_autoencoder_differential_lr on SG
2026-02-08 19:05:35.841 | INFO     | src.models.evaluation:evaluate_tsb_ad_nonoverlapping:65 - Normal (17958) reconstruction error: mean=0.1776, std=0.1504
2026-02-08 19:05:35.841 | INFO     | src.models.evaluation:evaluate_tsb_ad_nonoverlapping:66 - Anomaly (146) reconstruction error: mean=0.2521, std=0.1566
2026-02-08 19:05:35.841 | INFO     | src.models.evaluation:evaluate_tsb_ad_nonoverlapping:67 - Overlap? Normal max=1.0000, Anomaly min=0.1391
2026-02-08 19:05:38.799 | INFO     | src.models.evaluation:evaluate_tsb_ad_nonoverlapping:83 - {'AUC-PR': 0.028301896018722537, 'AUC-ROC': 0.7161657261158838, 'VUS-PR': np.float64(0.030824519253786428), 'VUS-ROC': np.float64(0.658308786549655), 'Standard-F1': np.float64(0.08360989675632563), 'PA-F1': 0.1966955153422502, 'Event-based-F1': np.float64(0.08695652173913027), 'R-based-F1': 0.10077519379844961, 'Affiliation-F': 0.6688046046328816}
2026-02-08 19:05:39.368 | INFO     | src.pipelines.train_vision_backbones:run_pipeline:70 - Using zip: /net/scratch/hscra/plgrid/plgsmendowski12/ts2i_images/SMD/191_SMD_id_14_Facility_tr_4596_1st_4696_ts2i_GASF.zip for transformation GASF
2026-02-08 19:05:39.895 | INFO     | src.pipelines.train_vision_backbones:run_pipeline:170 - Train images: 72
2026-02-08 19:05:39.895 | INFO     | src.pipelines.train_vision_backbones:run_pipeline:171 - Test images: 362
2026-02-08 19:05:39.902 | INFO     | src.pipelines.train_vision_backbones:run_pipeline:176 - Training cnn_autoencoder on GASF
2026-02-08 19:05:39.907 | INFO     | src.models.cnn_autoencoder.training:train_autoencoder:22 - Device: cuda | Model on: cuda:0
2026-02-08 19:06:01.811 | INFO     | src.pipelines.train_vision_backbones:run_pipeline:193 - Evaluating cnn_autoencoder on GASF
2026-02-08 19:06:02.146 | INFO     | src.models.evaluation:evaluate_tsb_ad_nonoverlapping:65 - Normal (17958) reconstruction error: mean=0.0559, std=0.0664
2026-02-08 19:06:02.146 | INFO     | src.models.evaluation:evaluate_tsb_ad_nonoverlapping:66 - Anomaly (146) reconstruction error: mean=0.2238, std=0.1435
2026-02-08 19:06:02.146 | INFO     | src.models.evaluation:evaluate_tsb_ad_nonoverlapping:67 - Overlap? Normal max=1.0000, Anomaly min=0.0667
2026-02-08 19:06:04.509 | INFO     | src.models.evaluation:evaluate_tsb_ad_nonoverlapping:83 - {'AUC-PR': 0.21187011865094055, 'AUC-ROC': 0.9480362855795944, 'VUS-PR': np.float64(0.5789472023069265), 'VUS-ROC': np.float64(0.9886000061291695), 'Standard-F1': np.float64(0.3939347388571717), 'PA-F1': 0.7053140096618358, 'Event-based-F1': np.float64(0.47560975609756057), 'R-based-F1': 0.4535433070866141, 'Affiliation-F': 0.9917656065189464}
2026-02-08 19:06:04.671 | INFO     | src.pipelines.train_vision_backbones:run_pipeline:170 - Train images: 72
2026-02-08 19:06:04.671 | INFO     | src.pipelines.train_vision_backbones:run_pipeline:171 - Test images: 362
2026-02-08 19:06:04.878 | INFO     | src.pipelines.train_vision_backbones:run_pipeline:176 - Training resnet18_autoencoder_frozen on GASF
2026-02-08 19:06:04.891 | INFO     | src.models.resnet18_autoencoder.training:train_autoencoder_frozen:25 - Device: cuda | Model on: cuda:0
2026-02-08 19:06:21.022 | INFO     | src.pipelines.train_vision_backbones:run_pipeline:193 - Evaluating resnet18_autoencoder_frozen on GASF
2026-02-08 19:06:21.614 | INFO     | src.models.evaluation:evaluate_tsb_ad_nonoverlapping:65 - Normal (17958) reconstruction error: mean=0.0578, std=0.0733
2026-02-08 19:06:21.615 | INFO     | src.models.evaluation:evaluate_tsb_ad_nonoverlapping:66 - Anomaly (146) reconstruction error: mean=0.2550, std=0.1904
2026-02-08 19:06:21.615 | INFO     | src.models.evaluation:evaluate_tsb_ad_nonoverlapping:67 - Overlap? Normal max=1.0000, Anomaly min=0.0878
2026-02-08 19:06:24.030 | INFO     | src.models.evaluation:evaluate_tsb_ad_nonoverlapping:83 - {'AUC-PR': 0.17414860234572332, 'AUC-ROC': 0.9573044867247321, 'VUS-PR': np.float64(0.5357533487870574), 'VUS-ROC': np.float64(0.9852374948863204), 'Standard-F1': np.float64(0.3497713809398399), 'PA-F1': 0.7053140096618358, 'Event-based-F1': np.float64(0.41269841269841234), 'R-based-F1': 0.31219152854511967, 'Affiliation-F': 0.9917656065189464}
2026-02-08 19:06:24.190 | INFO     | src.pipelines.train_vision_backbones:run_pipeline:170 - Train images: 72
2026-02-08 19:06:24.190 | INFO     | src.pipelines.train_vision_backbones:run_pipeline:171 - Test images: 362
2026-02-08 19:06:24.408 | INFO     | src.pipelines.train_vision_backbones:run_pipeline:176 - Training resnet18_autoencoder_progressive_unfreeze on GASF
2026-02-08 19:06:24.423 | INFO     | src.models.resnet18_autoencoder.training:train_autoencoder_progressive_unfreeze:133 - Device: cuda | Model on: cuda:0
2026-02-08 19:06:39.704 | INFO     | src.pipelines.train_vision_backbones:run_pipeline:193 - Evaluating resnet18_autoencoder_progressive_unfreeze on GASF
2026-02-08 19:06:41.270 | INFO     | src.models.evaluation:evaluate_tsb_ad_nonoverlapping:65 - Normal (17958) reconstruction error: mean=0.0490, std=0.0662
2026-02-08 19:06:41.270 | INFO     | src.models.evaluation:evaluate_tsb_ad_nonoverlapping:66 - Anomaly (146) reconstruction error: mean=0.2415, std=0.1567
2026-02-08 19:06:41.271 | INFO     | src.models.evaluation:evaluate_tsb_ad_nonoverlapping:67 - Overlap? Normal max=1.0000, Anomaly min=0.1132
2026-02-08 19:06:43.641 | INFO     | src.models.evaluation:evaluate_tsb_ad_nonoverlapping:83 - {'AUC-PR': 0.25978068354780687, 'AUC-ROC': 0.9833546158692963, 'VUS-PR': np.float64(0.6061803134463323), 'VUS-ROC': np.float64(0.994416413086147), 'Standard-F1': np.float64(0.4295265022164435), 'PA-F1': 0.7053140096618358, 'Event-based-F1': np.float64(0.41269841269841234), 'R-based-F1': 0.31219152854511967, 'Affiliation-F': 0.9917656065189464}
2026-02-08 19:06:43.800 | INFO     | src.pipelines.train_vision_backbones:run_pipeline:170 - Train images: 72
2026-02-08 19:06:43.800 | INFO     | src.pipelines.train_vision_backbones:run_pipeline:171 - Test images: 362
2026-02-08 19:06:44.007 | INFO     | src.pipelines.train_vision_backbones:run_pipeline:176 - Training resnet18_autoencoder_differential_lr on GASF
2026-02-08 19:06:44.020 | INFO     | src.models.resnet18_autoencoder.training:train_autoencoder_differential_lr:271 - Device: cuda | Model on: cuda:0
2026-02-08 19:07:08.322 | INFO     | src.pipelines.train_vision_backbones:run_pipeline:193 - Evaluating resnet18_autoencoder_differential_lr on GASF
2026-02-08 19:07:09.573 | INFO     | src.models.evaluation:evaluate_tsb_ad_nonoverlapping:65 - Normal (17958) reconstruction error: mean=0.0587, std=0.0694
2026-02-08 19:07:09.573 | INFO     | src.models.evaluation:evaluate_tsb_ad_nonoverlapping:66 - Anomaly (146) reconstruction error: mean=0.2288, std=0.1862
2026-02-08 19:07:09.573 | INFO     | src.models.evaluation:evaluate_tsb_ad_nonoverlapping:67 - Overlap? Normal max=1.0000, Anomaly min=0.1175
2026-02-08 19:07:11.947 | INFO     | src.models.evaluation:evaluate_tsb_ad_nonoverlapping:83 - {'AUC-PR': 0.15372097019688713, 'AUC-ROC': 0.9673355027789348, 'VUS-PR': np.float64(0.34842682174490586), 'VUS-ROC': np.float64(0.9820919762497201), 'Standard-F1': np.float64(0.2617412673375357), 'PA-F1': 0.4755700325732899, 'Event-based-F1': np.float64(0.29577464788732355), 'R-based-F1': 0.29577464788732394, 'Affiliation-F': 0.8773002023379725}
2026-02-08 19:07:12.103 | INFO     | src.pipelines.train_vision_backbones:run_pipeline:170 - Train images: 72
2026-02-08 19:07:12.103 | INFO     | src.pipelines.train_vision_backbones:run_pipeline:171 - Test images: 362
2026-02-08 19:07:13.070 | INFO     | src.pipelines.train_vision_backbones:run_pipeline:176 - Training pvt_autoencoder_frozen on GASF
2026-02-08 19:07:13.094 | INFO     | src.models.pvt_autoencoder.training:train_pvt_autoencoder_frozen:24 - Device: cuda | Model on: cuda:0
2026-02-08 19:07:32.606 | INFO     | src.pipelines.train_vision_backbones:run_pipeline:193 - Evaluating pvt_autoencoder_frozen on GASF
2026-02-08 19:07:34.542 | INFO     | src.models.evaluation:evaluate_tsb_ad_nonoverlapping:65 - Normal (17958) reconstruction error: mean=0.0770, std=0.0850
2026-02-08 19:07:34.542 | INFO     | src.models.evaluation:evaluate_tsb_ad_nonoverlapping:66 - Anomaly (146) reconstruction error: mean=0.3220, std=0.2331
2026-02-08 19:07:34.542 | INFO     | src.models.evaluation:evaluate_tsb_ad_nonoverlapping:67 - Overlap? Normal max=1.0000, Anomaly min=0.1049
2026-02-08 19:07:37.034 | INFO     | src.models.evaluation:evaluate_tsb_ad_nonoverlapping:83 - {'AUC-PR': 0.15443633991579195, 'AUC-ROC': 0.9502103080704292, 'VUS-PR': np.float64(0.49125653116586643), 'VUS-ROC': np.float64(0.9848629820547179), 'Standard-F1': np.float64(0.30259761695880866), 'PA-F1': 0.7053140096618358, 'Event-based-F1': np.float64(0.3146067415730334), 'R-based-F1': 0.29577464788732394, 'Affiliation-F': 0.9917656065189464}
2026-02-08 19:07:37.189 | INFO     | src.pipelines.train_vision_backbones:run_pipeline:170 - Train images: 72
2026-02-08 19:07:37.189 | INFO     | src.pipelines.train_vision_backbones:run_pipeline:171 - Test images: 362
2026-02-08 19:07:38.159 | INFO     | src.pipelines.train_vision_backbones:run_pipeline:176 - Training pvt_autoencoder_progressive_unfreeze on GASF
2026-02-08 19:07:38.183 | INFO     | src.models.pvt_autoencoder.training:train_pvt_autoencoder_progressive_unfreeze:132 - Device: cuda | Model on: cuda:0
2026-02-08 19:08:09.303 | INFO     | src.pipelines.train_vision_backbones:run_pipeline:193 - Evaluating pvt_autoencoder_progressive_unfreeze on GASF
2026-02-08 19:08:12.189 | INFO     | src.models.evaluation:evaluate_tsb_ad_nonoverlapping:65 - Normal (17958) reconstruction error: mean=0.0475, std=0.0660
2026-02-08 19:08:12.190 | INFO     | src.models.evaluation:evaluate_tsb_ad_nonoverlapping:66 - Anomaly (146) reconstruction error: mean=0.2146, std=0.1549
2026-02-08 19:08:12.190 | INFO     | src.models.evaluation:evaluate_tsb_ad_nonoverlapping:67 - Overlap? Normal max=1.0000, Anomaly min=0.1046
2026-02-08 19:08:14.651 | INFO     | src.models.evaluation:evaluate_tsb_ad_nonoverlapping:83 - {'AUC-PR': 0.20098466221753894, 'AUC-ROC': 0.9761650853513602, 'VUS-PR': np.float64(0.406395743470941), 'VUS-ROC': np.float64(0.986184973946093), 'Standard-F1': np.float64(0.3243936347149091), 'PA-F1': 0.5604606525911708, 'Event-based-F1': np.float64(0.38274932614555224), 'R-based-F1': 0.36710578842315367, 'Affiliation-F': 0.8756248125974607}
2026-02-08 19:08:14.812 | INFO     | src.pipelines.train_vision_backbones:run_pipeline:170 - Train images: 72
2026-02-08 19:08:14.812 | INFO     | src.pipelines.train_vision_backbones:run_pipeline:171 - Test images: 362
2026-02-08 19:08:15.774 | INFO     | src.pipelines.train_vision_backbones:run_pipeline:176 - Training pvt_autoencoder_differential_lr on GASF
2026-02-08 19:08:15.798 | INFO     | src.models.pvt_autoencoder.training:train_pvt_autoencoder_differential_lr:267 - Device: cuda | Model on: cuda:0
2026-02-08 19:08:44.182 | INFO     | src.pipelines.train_vision_backbones:run_pipeline:193 - Evaluating pvt_autoencoder_differential_lr on GASF
2026-02-08 19:08:46.663 | INFO     | src.models.evaluation:evaluate_tsb_ad_nonoverlapping:65 - Normal (17958) reconstruction error: mean=0.0516, std=0.0667
2026-02-08 19:08:46.663 | INFO     | src.models.evaluation:evaluate_tsb_ad_nonoverlapping:66 - Anomaly (146) reconstruction error: mean=0.2441, std=0.1421
2026-02-08 19:08:46.663 | INFO     | src.models.evaluation:evaluate_tsb_ad_nonoverlapping:67 - Overlap? Normal max=1.0000, Anomaly min=0.0931
2026-02-08 19:08:49.050 | INFO     | src.models.evaluation:evaluate_tsb_ad_nonoverlapping:83 - {'AUC-PR': 0.34502967241022703, 'AUC-ROC': 0.9805131303330298, 'VUS-PR': np.float64(0.6759125000762353), 'VUS-ROC': np.float64(0.995034230284125), 'Standard-F1': np.float64(0.5161248780901477), 'PA-F1': 0.7870619946091644, 'Event-based-F1': np.float64(0.6425339366515832), 'R-based-F1': 0.6736996336996337, 'Affiliation-F': 0.9978013366538232}
2026-02-08 19:08:49.373 | INFO     | src.pipelines.train_vision_backbones:run_pipeline:70 - Using zip: /net/scratch/hscra/plgrid/plgsmendowski12/ts2i_images/SMD/191_SMD_id_14_Facility_tr_4596_1st_4696_ts2i_GADF.zip for transformation GADF
2026-02-08 19:08:49.908 | INFO     | src.pipelines.train_vision_backbones:run_pipeline:170 - Train images: 72
2026-02-08 19:08:49.908 | INFO     | src.pipelines.train_vision_backbones:run_pipeline:171 - Test images: 362
2026-02-08 19:08:49.915 | INFO     | src.pipelines.train_vision_backbones:run_pipeline:176 - Training cnn_autoencoder on GADF
2026-02-08 19:08:49.920 | INFO     | src.models.cnn_autoencoder.training:train_autoencoder:22 - Device: cuda | Model on: cuda:0
2026-02-08 19:09:14.611 | INFO     | src.pipelines.train_vision_backbones:run_pipeline:193 - Evaluating cnn_autoencoder on GADF
2026-02-08 19:09:14.987 | INFO     | src.models.evaluation:evaluate_tsb_ad_nonoverlapping:65 - Normal (17958) reconstruction error: mean=0.2570, std=0.2079
2026-02-08 19:09:14.987 | INFO     | src.models.evaluation:evaluate_tsb_ad_nonoverlapping:66 - Anomaly (146) reconstruction error: mean=0.4325, std=0.1535
2026-02-08 19:09:14.988 | INFO     | src.models.evaluation:evaluate_tsb_ad_nonoverlapping:67 - Overlap? Normal max=1.0000, Anomaly min=0.1390
2026-02-08 19:09:18.332 | INFO     | src.models.evaluation:evaluate_tsb_ad_nonoverlapping:83 - {'AUC-PR': 0.028640310959470158, 'AUC-ROC': 0.7576758250224649, 'VUS-PR': np.float64(0.02352074835746015), 'VUS-ROC': np.float64(0.6505663166940547), 'Standard-F1': np.float64(0.08176502630025219), 'PA-F1': 0.11786892975011787, 'Event-based-F1': np.float64(0.07999999999999985), 'R-based-F1': 0.05148514851485148, 'Affiliation-F': 0.669449261796456}
2026-02-08 19:09:18.487 | INFO     | src.pipelines.train_vision_backbones:run_pipeline:170 - Train images: 72
2026-02-08 19:09:18.488 | INFO     | src.pipelines.train_vision_backbones:run_pipeline:171 - Test images: 362
2026-02-08 19:09:18.704 | INFO     | src.pipelines.train_vision_backbones:run_pipeline:176 - Training resnet18_autoencoder_frozen on GADF
2026-02-08 19:09:18.719 | INFO     | src.models.resnet18_autoencoder.training:train_autoencoder_frozen:25 - Device: cuda | Model on: cuda:0
2026-02-08 19:09:29.796 | INFO     | src.pipelines.train_vision_backbones:run_pipeline:193 - Evaluating resnet18_autoencoder_frozen on GADF
2026-02-08 19:09:33.115 | INFO     | src.models.evaluation:evaluate_tsb_ad_nonoverlapping:65 - Normal (17958) reconstruction error: mean=0.2029, std=0.1896
2026-02-08 19:09:33.115 | INFO     | src.models.evaluation:evaluate_tsb_ad_nonoverlapping:66 - Anomaly (146) reconstruction error: mean=0.3218, std=0.2507
2026-02-08 19:09:33.115 | INFO     | src.models.evaluation:evaluate_tsb_ad_nonoverlapping:67 - Overlap? Normal max=1.0000, Anomaly min=0.0445
2026-02-08 19:09:36.217 | INFO     | src.models.evaluation:evaluate_tsb_ad_nonoverlapping:83 - {'AUC-PR': 0.0391012567055871, 'AUC-ROC': 0.6436159257445455, 'VUS-PR': np.float64(0.037381611342784477), 'VUS-ROC': np.float64(0.6420899630454249), 'Standard-F1': np.float64(0.14367484566376243), 'PA-F1': 0.324254215304799, 'Event-based-F1': np.float64(0.15384615384615358), 'R-based-F1': 0.13471502590673576, 'Affiliation-F': 0.9522948016888984}
2026-02-08 19:09:36.372 | INFO     | src.pipelines.train_vision_backbones:run_pipeline:170 - Train images: 72
2026-02-08 19:09:36.372 | INFO     | src.pipelines.train_vision_backbones:run_pipeline:171 - Test images: 362
2026-02-08 19:09:36.589 | INFO     | src.pipelines.train_vision_backbones:run_pipeline:176 - Training resnet18_autoencoder_progressive_unfreeze on GADF
2026-02-08 19:09:36.604 | INFO     | src.models.resnet18_autoencoder.training:train_autoencoder_progressive_unfreeze:133 - Device: cuda | Model on: cuda:0
2026-02-08 19:09:56.549 | INFO     | src.pipelines.train_vision_backbones:run_pipeline:193 - Evaluating resnet18_autoencoder_progressive_unfreeze on GADF
2026-02-08 19:09:58.698 | INFO     | src.models.evaluation:evaluate_tsb_ad_nonoverlapping:65 - Normal (17958) reconstruction error: mean=0.2207, std=0.2001
2026-02-08 19:09:58.698 | INFO     | src.models.evaluation:evaluate_tsb_ad_nonoverlapping:66 - Anomaly (146) reconstruction error: mean=0.3519, std=0.1188
2026-02-08 19:09:58.698 | INFO     | src.models.evaluation:evaluate_tsb_ad_nonoverlapping:67 - Overlap? Normal max=1.0000, Anomaly min=0.2216
2026-02-08 19:10:01.850 | INFO     | src.models.evaluation:evaluate_tsb_ad_nonoverlapping:83 - {'AUC-PR': 0.019202255976754005, 'AUC-ROC': 0.7398068857776211, 'VUS-PR': np.float64(0.036110383512902466), 'VUS-ROC': np.float64(0.7722277850393697), 'Standard-F1': np.float64(0.0395145396101806), 'PA-F1': 0.1781895937277263, 'Event-based-F1': np.float64(0.038961038961038884), 'R-based-F1': 0.030378619153674836, 'Affiliation-F': 0.7019889173164613}
2026-02-08 19:10:02.487 | INFO     | src.pipelines.train_vision_backbones:run_pipeline:170 - Train images: 72
2026-02-08 19:10:02.487 | INFO     | src.pipelines.train_vision_backbones:run_pipeline:171 - Test images: 362
2026-02-08 19:10:02.697 | INFO     | src.pipelines.train_vision_backbones:run_pipeline:176 - Training resnet18_autoencoder_differential_lr on GADF
2026-02-08 19:10:02.710 | INFO     | src.models.resnet18_autoencoder.training:train_autoencoder_differential_lr:271 - Device: cuda | Model on: cuda:0
2026-02-08 19:10:22.746 | INFO     | src.pipelines.train_vision_backbones:run_pipeline:193 - Evaluating resnet18_autoencoder_differential_lr on GADF
2026-02-08 19:10:25.624 | INFO     | src.models.evaluation:evaluate_tsb_ad_nonoverlapping:65 - Normal (17958) reconstruction error: mean=0.2210, std=0.2034
2026-02-08 19:10:25.624 | INFO     | src.models.evaluation:evaluate_tsb_ad_nonoverlapping:66 - Anomaly (146) reconstruction error: mean=0.4371, std=0.1923
2026-02-08 19:10:25.624 | INFO     | src.models.evaluation:evaluate_tsb_ad_nonoverlapping:67 - Overlap? Normal max=1.0000, Anomaly min=0.1106
2026-02-08 19:10:28.853 | INFO     | src.models.evaluation:evaluate_tsb_ad_nonoverlapping:83 - {'AUC-PR': 0.040679085110631945, 'AUC-ROC': 0.7877879435577992, 'VUS-PR': np.float64(0.05380471640932487), 'VUS-ROC': np.float64(0.7482744090472914), 'Standard-F1': np.float64(0.13001671856416327), 'PA-F1': 0.2334267040149393, 'Event-based-F1': np.float64(0.13127413127413104), 'R-based-F1': 0.10612244897959183, 'Affiliation-F': 0.7709365804428222}
2026-02-08 19:10:29.007 | INFO     | src.pipelines.train_vision_backbones:run_pipeline:170 - Train images: 72
2026-02-08 19:10:29.007 | INFO     | src.pipelines.train_vision_backbones:run_pipeline:171 - Test images: 362
2026-02-08 19:10:29.956 | INFO     | src.pipelines.train_vision_backbones:run_pipeline:176 - Training pvt_autoencoder_frozen on GADF
2026-02-08 19:10:29.981 | INFO     | src.models.pvt_autoencoder.training:train_pvt_autoencoder_frozen:24 - Device: cuda | Model on: cuda:0
2026-02-08 19:10:45.648 | INFO     | src.pipelines.train_vision_backbones:run_pipeline:193 - Evaluating pvt_autoencoder_frozen on GADF
2026-02-08 19:10:47.056 | INFO     | src.models.evaluation:evaluate_tsb_ad_nonoverlapping:65 - Normal (17958) reconstruction error: mean=0.1488, std=0.1646
2026-02-08 19:10:47.056 | INFO     | src.models.evaluation:evaluate_tsb_ad_nonoverlapping:66 - Anomaly (146) reconstruction error: mean=0.2149, std=0.0873
2026-02-08 19:10:47.056 | INFO     | src.models.evaluation:evaluate_tsb_ad_nonoverlapping:67 - Overlap? Normal max=1.0000, Anomaly min=0.1221
2026-02-08 19:10:49.946 | INFO     | src.models.evaluation:evaluate_tsb_ad_nonoverlapping:83 - {'AUC-PR': 0.018853716286043563, 'AUC-ROC': 0.726686469341706, 'VUS-PR': np.float64(0.03192335309325492), 'VUS-ROC': np.float64(0.7372290573506018), 'Standard-F1': np.float64(0.04924399869078374), 'PA-F1': 0.19778481012658228, 'Event-based-F1': np.float64(0.04918032786885237), 'R-based-F1': 0.03110344827586207, 'Affiliation-F': 0.7091204584432153}
2026-02-08 19:10:50.098 | INFO     | src.pipelines.train_vision_backbones:run_pipeline:170 - Train images: 72
2026-02-08 19:10:50.098 | INFO     | src.pipelines.train_vision_backbones:run_pipeline:171 - Test images: 362
2026-02-08 19:10:51.043 | INFO     | src.pipelines.train_vision_backbones:run_pipeline:176 - Training pvt_autoencoder_progressive_unfreeze on GADF
2026-02-08 19:10:51.068 | INFO     | src.models.pvt_autoencoder.training:train_pvt_autoencoder_progressive_unfreeze:132 - Device: cuda | Model on: cuda:0
2026-02-08 19:10:53.799 | INFO     | src.pipelines.train_vision_backbones:run_pipeline:193 - Evaluating pvt_autoencoder_progressive_unfreeze on GADF
2026-02-08 19:10:55.074 | INFO     | src.models.evaluation:evaluate_tsb_ad_nonoverlapping:65 - Normal (17958) reconstruction error: mean=0.7183, std=0.1742
2026-02-08 19:10:55.074 | INFO     | src.models.evaluation:evaluate_tsb_ad_nonoverlapping:66 - Anomaly (146) reconstruction error: mean=0.5911, std=0.2628
2026-02-08 19:10:55.074 | INFO     | src.models.evaluation:evaluate_tsb_ad_nonoverlapping:67 - Overlap? Normal max=1.0000, Anomaly min=0.1473
2026-02-08 19:11:00.415 | INFO     | src.models.evaluation:evaluate_tsb_ad_nonoverlapping:83 - {'AUC-PR': 0.013346985096796677, 'AUC-ROC': 0.36525179757333326, 'VUS-PR': np.float64(0.01440654298138846), 'VUS-ROC': np.float64(0.335104035211896), 'Standard-F1': np.float64(0.04770862761008772), 'PA-F1': 0.09723842862699339, 'Event-based-F1': np.float64(0.040816326530612165), 'R-based-F1': 0.05019305019305019, 'Affiliation-F': 0.6787684618337103}
2026-02-08 19:11:00.564 | INFO     | src.pipelines.train_vision_backbones:run_pipeline:170 - Train images: 72
2026-02-08 19:11:00.564 | INFO     | src.pipelines.train_vision_backbones:run_pipeline:171 - Test images: 362
2026-02-08 19:11:01.513 | INFO     | src.pipelines.train_vision_backbones:run_pipeline:176 - Training pvt_autoencoder_differential_lr on GADF
2026-02-08 19:11:01.540 | INFO     | src.models.pvt_autoencoder.training:train_pvt_autoencoder_differential_lr:267 - Device: cuda | Model on: cuda:0
2026-02-08 19:11:18.248 | INFO     | src.pipelines.train_vision_backbones:run_pipeline:193 - Evaluating pvt_autoencoder_differential_lr on GADF
2026-02-08 19:11:22.838 | INFO     | src.models.evaluation:evaluate_tsb_ad_nonoverlapping:65 - Normal (17958) reconstruction error: mean=0.5430, std=0.2416
2026-02-08 19:11:22.838 | INFO     | src.models.evaluation:evaluate_tsb_ad_nonoverlapping:66 - Anomaly (146) reconstruction error: mean=0.5418, std=0.1763
2026-02-08 19:11:22.839 | INFO     | src.models.evaluation:evaluate_tsb_ad_nonoverlapping:67 - Overlap? Normal max=1.0000, Anomaly min=0.1786
2026-02-08 19:11:27.443 | INFO     | src.models.evaluation:evaluate_tsb_ad_nonoverlapping:83 - {'AUC-PR': 0.010378070522618663, 'AUC-ROC': 0.49945001045056425, 'VUS-PR': np.float64(0.012155255498855183), 'VUS-ROC': np.float64(0.4354914291395312), 'Standard-F1': np.float64(0.025651254235190348), 'PA-F1': 0.04447607187333215, 'Event-based-F1': np.float64(0.024752475247524705), 'R-based-F1': 0.035182679296346414, 'Affiliation-F': 0.6680288146380898}
2026-02-08 19:11:27.766 | INFO     | src.pipelines.train_vision_backbones:run_pipeline:70 - Using zip: /net/scratch/hscra/plgrid/plgsmendowski12/ts2i_images/SMD/191_SMD_id_14_Facility_tr_4596_1st_4696_ts2i_MTF.zip for transformation MTF
2026-02-08 19:11:28.293 | INFO     | src.pipelines.train_vision_backbones:run_pipeline:170 - Train images: 72
2026-02-08 19:11:28.293 | INFO     | src.pipelines.train_vision_backbones:run_pipeline:171 - Test images: 362
2026-02-08 19:11:28.300 | INFO     | src.pipelines.train_vision_backbones:run_pipeline:176 - Training cnn_autoencoder on MTF
2026-02-08 19:11:28.304 | INFO     | src.models.cnn_autoencoder.training:train_autoencoder:22 - Device: cuda | Model on: cuda:0
2026-02-08 19:11:57.974 | INFO     | src.pipelines.train_vision_backbones:run_pipeline:193 - Evaluating cnn_autoencoder on MTF
2026-02-08 19:11:58.363 | INFO     | src.models.evaluation:evaluate_tsb_ad_nonoverlapping:65 - Normal (17958) reconstruction error: mean=0.4140, std=0.1739
2026-02-08 19:11:58.363 | INFO     | src.models.evaluation:evaluate_tsb_ad_nonoverlapping:66 - Anomaly (146) reconstruction error: mean=0.4881, std=0.1267
2026-02-08 19:11:58.363 | INFO     | src.models.evaluation:evaluate_tsb_ad_nonoverlapping:67 - Overlap? Normal max=1.0000, Anomaly min=0.3603
2026-02-08 19:12:02.381 | INFO     | src.models.evaluation:evaluate_tsb_ad_nonoverlapping:83 - {'AUC-PR': 0.014839652957226541, 'AUC-ROC': 0.6307304563006222, 'VUS-PR': np.float64(0.03896683965673586), 'VUS-ROC': np.float64(0.7748354223549578), 'Standard-F1': np.float64(0.036142076510656526), 'PA-F1': 0.20781379883624274, 'Event-based-F1': np.float64(0.03651115618661251), 'R-based-F1': 0.039378123264852856, 'Affiliation-F': 0.6996724662886736}
2026-02-08 19:12:02.536 | INFO     | src.pipelines.train_vision_backbones:run_pipeline:170 - Train images: 72
2026-02-08 19:12:02.536 | INFO     | src.pipelines.train_vision_backbones:run_pipeline:171 - Test images: 362
2026-02-08 19:12:02.755 | INFO     | src.pipelines.train_vision_backbones:run_pipeline:176 - Training resnet18_autoencoder_frozen on MTF
2026-02-08 19:12:02.770 | INFO     | src.models.resnet18_autoencoder.training:train_autoencoder_frozen:25 - Device: cuda | Model on: cuda:0
2026-02-08 19:12:31.395 | INFO     | src.pipelines.train_vision_backbones:run_pipeline:193 - Evaluating resnet18_autoencoder_frozen on MTF
2026-02-08 19:12:34.476 | INFO     | src.models.evaluation:evaluate_tsb_ad_nonoverlapping:65 - Normal (17958) reconstruction error: mean=0.3970, std=0.1967
2026-02-08 19:12:34.476 | INFO     | src.models.evaluation:evaluate_tsb_ad_nonoverlapping:66 - Anomaly (146) reconstruction error: mean=0.4621, std=0.2350
2026-02-08 19:12:34.476 | INFO     | src.models.evaluation:evaluate_tsb_ad_nonoverlapping:67 - Overlap? Normal max=1.0000, Anomaly min=0.1970
2026-02-08 19:12:38.450 | INFO     | src.models.evaluation:evaluate_tsb_ad_nonoverlapping:83 - {'AUC-PR': 0.018320479139900765, 'AUC-ROC': 0.5696800906834363, 'VUS-PR': np.float64(0.0663958761629192), 'VUS-ROC': np.float64(0.7958981457053967), 'Standard-F1': np.float64(0.05622239773395052), 'PA-F1': 0.5387931034482759, 'Event-based-F1': np.float64(0.06542056074766343), 'R-based-F1': 0.06627319744447825, 'Affiliation-F': 0.7732522228526088}
2026-02-08 19:12:38.605 | INFO     | src.pipelines.train_vision_backbones:run_pipeline:170 - Train images: 72
2026-02-08 19:12:38.605 | INFO     | src.pipelines.train_vision_backbones:run_pipeline:171 - Test images: 362
2026-02-08 19:12:38.812 | INFO     | src.pipelines.train_vision_backbones:run_pipeline:176 - Training resnet18_autoencoder_progressive_unfreeze on MTF
2026-02-08 19:12:38.832 | INFO     | src.models.resnet18_autoencoder.training:train_autoencoder_progressive_unfreeze:133 - Device: cuda | Model on: cuda:0
2026-02-08 19:13:08.429 | INFO     | src.pipelines.train_vision_backbones:run_pipeline:193 - Evaluating resnet18_autoencoder_progressive_unfreeze on MTF
2026-02-08 19:13:13.345 | INFO     | src.models.evaluation:evaluate_tsb_ad_nonoverlapping:65 - Normal (17958) reconstruction error: mean=0.4250, std=0.2077
2026-02-08 19:13:13.345 | INFO     | src.models.evaluation:evaluate_tsb_ad_nonoverlapping:66 - Anomaly (146) reconstruction error: mean=0.5766, std=0.2172
2026-02-08 19:13:13.346 | INFO     | src.models.evaluation:evaluate_tsb_ad_nonoverlapping:67 - Overlap? Normal max=1.0000, Anomaly min=0.3266
2026-02-08 19:13:17.399 | INFO     | src.models.evaluation:evaluate_tsb_ad_nonoverlapping:83 - {'AUC-PR': 0.027439161909461624, 'AUC-ROC': 0.6900332129611407, 'VUS-PR': np.float64(0.08982344261656804), 'VUS-ROC': np.float64(0.8378967735180263), 'Standard-F1': np.float64(0.0909044360102211), 'PA-F1': 0.45207956600361665, 'Event-based-F1': np.float64(0.10714285714285694), 'R-based-F1': 0.08691176470588236, 'Affiliation-F': 0.7930188195754948}
2026-02-08 19:13:17.556 | INFO     | src.pipelines.train_vision_backbones:run_pipeline:170 - Train images: 72
2026-02-08 19:13:17.556 | INFO     | src.pipelines.train_vision_backbones:run_pipeline:171 - Test images: 362
2026-02-08 19:13:17.775 | INFO     | src.pipelines.train_vision_backbones:run_pipeline:176 - Training resnet18_autoencoder_differential_lr on MTF
2026-02-08 19:13:17.790 | INFO     | src.models.resnet18_autoencoder.training:train_autoencoder_differential_lr:271 - Device: cuda | Model on: cuda:0
2026-02-08 19:13:49.044 | INFO     | src.pipelines.train_vision_backbones:run_pipeline:193 - Evaluating resnet18_autoencoder_differential_lr on MTF
2026-02-08 19:13:53.181 | INFO     | src.models.evaluation:evaluate_tsb_ad_nonoverlapping:65 - Normal (17958) reconstruction error: mean=0.3864, std=0.1769
2026-02-08 19:13:53.181 | INFO     | src.models.evaluation:evaluate_tsb_ad_nonoverlapping:66 - Anomaly (146) reconstruction error: mean=0.6002, std=0.2591
2026-02-08 19:13:53.181 | INFO     | src.models.evaluation:evaluate_tsb_ad_nonoverlapping:67 - Overlap? Normal max=1.0000, Anomaly min=0.2477
2026-02-08 19:13:57.180 | INFO     | src.models.evaluation:evaluate_tsb_ad_nonoverlapping:83 - {'AUC-PR': 0.09762555493907879, 'AUC-ROC': 0.7162549754602443, 'VUS-PR': np.float64(0.19914061430544258), 'VUS-ROC': np.float64(0.9114975963523165), 'Standard-F1': np.float64(0.2556009773728232), 'PA-F1': 0.6038647342995169, 'Event-based-F1': np.float64(0.2753623188405793), 'R-based-F1': 0.190598111227702, 'Affiliation-F': 0.9092903989683343}
2026-02-08 19:13:57.337 | INFO     | src.pipelines.train_vision_backbones:run_pipeline:170 - Train images: 72
2026-02-08 19:13:57.337 | INFO     | src.pipelines.train_vision_backbones:run_pipeline:171 - Test images: 362
2026-02-08 19:13:58.304 | INFO     | src.pipelines.train_vision_backbones:run_pipeline:176 - Training pvt_autoencoder_frozen on MTF
2026-02-08 19:13:58.329 | INFO     | src.models.pvt_autoencoder.training:train_pvt_autoencoder_frozen:24 - Device: cuda | Model on: cuda:0
2026-02-08 19:14:33.656 | INFO     | src.pipelines.train_vision_backbones:run_pipeline:193 - Evaluating pvt_autoencoder_frozen on MTF
2026-02-08 19:14:38.789 | INFO     | src.models.evaluation:evaluate_tsb_ad_nonoverlapping:65 - Normal (17958) reconstruction error: mean=0.3291, std=0.1652
2026-02-08 19:14:38.790 | INFO     | src.models.evaluation:evaluate_tsb_ad_nonoverlapping:66 - Anomaly (146) reconstruction error: mean=0.4587, std=0.1874
2026-02-08 19:14:38.790 | INFO     | src.models.evaluation:evaluate_tsb_ad_nonoverlapping:67 - Overlap? Normal max=1.0000, Anomaly min=0.2181
2026-02-08 19:14:42.469 | INFO     | src.models.evaluation:evaluate_tsb_ad_nonoverlapping:83 - {'AUC-PR': 0.02885934170089468, 'AUC-ROC': 0.6832632306431903, 'VUS-PR': np.float64(0.12862132932569748), 'VUS-ROC': np.float64(0.8647941932908433), 'Standard-F1': np.float64(0.07739588241522209), 'PA-F1': 0.6038647342995169, 'Event-based-F1': np.float64(0.09090909090909075), 'R-based-F1': 0.0736842105263158, 'Affiliation-F': 0.8990748354042204}
2026-02-08 19:14:42.621 | INFO     | src.pipelines.train_vision_backbones:run_pipeline:170 - Train images: 72
2026-02-08 19:14:42.621 | INFO     | src.pipelines.train_vision_backbones:run_pipeline:171 - Test images: 362
2026-02-08 19:14:43.574 | INFO     | src.pipelines.train_vision_backbones:run_pipeline:176 - Training pvt_autoencoder_progressive_unfreeze on MTF
2026-02-08 19:14:43.599 | INFO     | src.models.pvt_autoencoder.training:train_pvt_autoencoder_progressive_unfreeze:132 - Device: cuda | Model on: cuda:0
2026-02-08 19:15:16.246 | INFO     | src.pipelines.train_vision_backbones:run_pipeline:193 - Evaluating pvt_autoencoder_progressive_unfreeze on MTF
2026-02-08 19:15:18.195 | INFO     | src.models.evaluation:evaluate_tsb_ad_nonoverlapping:65 - Normal (17958) reconstruction error: mean=0.3870, std=0.1902
2026-02-08 19:15:18.195 | INFO     | src.models.evaluation:evaluate_tsb_ad_nonoverlapping:66 - Anomaly (146) reconstruction error: mean=0.5797, std=0.2371
2026-02-08 19:15:18.195 | INFO     | src.models.evaluation:evaluate_tsb_ad_nonoverlapping:67 - Overlap? Normal max=1.0000, Anomaly min=0.2700
2026-02-08 19:15:22.133 | INFO     | src.models.evaluation:evaluate_tsb_ad_nonoverlapping:83 - {'AUC-PR': 0.03918653502662439, 'AUC-ROC': 0.707864011460531, 'VUS-PR': np.float64(0.13323366594199418), 'VUS-ROC': np.float64(0.8954435493852496), 'Standard-F1': np.float64(0.10267584360324276), 'PA-F1': 0.40896358543417366, 'Event-based-F1': np.float64(0.11715481171548105), 'R-based-F1': 0.10064230343300111, 'Affiliation-F': 0.7330246668938664}
2026-02-08 19:15:22.290 | INFO     | src.pipelines.train_vision_backbones:run_pipeline:170 - Train images: 72
2026-02-08 19:15:22.290 | INFO     | src.pipelines.train_vision_backbones:run_pipeline:171 - Test images: 362
2026-02-08 19:15:23.236 | INFO     | src.pipelines.train_vision_backbones:run_pipeline:176 - Training pvt_autoencoder_differential_lr on MTF
2026-02-08 19:15:23.261 | INFO     | src.models.pvt_autoencoder.training:train_pvt_autoencoder_differential_lr:267 - Device: cuda | Model on: cuda:0
2026-02-08 19:16:01.698 | INFO     | src.pipelines.train_vision_backbones:run_pipeline:193 - Evaluating pvt_autoencoder_differential_lr on MTF
2026-02-08 19:16:07.059 | INFO     | src.models.evaluation:evaluate_tsb_ad_nonoverlapping:65 - Normal (17958) reconstruction error: mean=0.3959, std=0.1928
2026-02-08 19:16:07.059 | INFO     | src.models.evaluation:evaluate_tsb_ad_nonoverlapping:66 - Anomaly (146) reconstruction error: mean=0.4549, std=0.1919
2026-02-08 19:16:07.059 | INFO     | src.models.evaluation:evaluate_tsb_ad_nonoverlapping:67 - Overlap? Normal max=1.0000, Anomaly min=0.2513
2026-02-08 19:16:11.017 | INFO     | src.models.evaluation:evaluate_tsb_ad_nonoverlapping:83 - {'AUC-PR': 0.016300191259452708, 'AUC-ROC': 0.5728839133015087, 'VUS-PR': np.float64(0.12803954684800212), 'VUS-ROC': np.float64(0.7829481987307666), 'Standard-F1': np.float64(0.056905744344556156), 'PA-F1': 0.6038647342995169, 'Event-based-F1': np.float64(0.08536585365853644), 'R-based-F1': 0.0706664850488579, 'Affiliation-F': 0.9167874273943223}
2026-02-08 19:16:11.345 | INFO     | src.pipelines.train_vision_backbones:run_pipeline:70 - Using zip: /net/scratch/hscra/plgrid/plgsmendowski12/ts2i_images/SMD/191_SMD_id_14_Facility_tr_4596_1st_4696_ts2i_RP.zip for transformation RP
2026-02-08 19:16:11.856 | INFO     | src.pipelines.train_vision_backbones:run_pipeline:170 - Train images: 72
2026-02-08 19:16:11.856 | INFO     | src.pipelines.train_vision_backbones:run_pipeline:171 - Test images: 362
2026-02-08 19:16:11.863 | INFO     | src.pipelines.train_vision_backbones:run_pipeline:176 - Training cnn_autoencoder on RP
2026-02-08 19:16:11.868 | INFO     | src.models.cnn_autoencoder.training:train_autoencoder:22 - Device: cuda | Model on: cuda:0
2026-02-08 19:16:41.412 | INFO     | src.pipelines.train_vision_backbones:run_pipeline:193 - Evaluating cnn_autoencoder on RP
2026-02-08 19:16:41.719 | INFO     | src.models.evaluation:evaluate_tsb_ad_nonoverlapping:65 - Normal (17958) reconstruction error: mean=0.4740, std=0.2163
2026-02-08 19:16:41.719 | INFO     | src.models.evaluation:evaluate_tsb_ad_nonoverlapping:66 - Anomaly (146) reconstruction error: mean=0.8131, std=0.0883
2026-02-08 19:16:41.719 | INFO     | src.models.evaluation:evaluate_tsb_ad_nonoverlapping:67 - Overlap? Normal max=1.0000, Anomaly min=0.7253
2026-02-08 19:16:45.995 | INFO     | src.models.evaluation:evaluate_tsb_ad_nonoverlapping:83 - {'AUC-PR': 0.10071319599306218, 'AUC-ROC': 0.936136372998183, 'VUS-PR': np.float64(0.10432606009171058), 'VUS-ROC': np.float64(0.9418168815295117), 'Standard-F1': np.float64(0.22421084285429732), 'PA-F1': 0.4798464491362764, 'Event-based-F1': np.float64(0.24999999999999964), 'R-based-F1': 0.20312500000000003, 'Affiliation-F': 0.7967359599852414}
2026-02-08 19:16:46.152 | INFO     | src.pipelines.train_vision_backbones:run_pipeline:170 - Train images: 72
2026-02-08 19:16:46.152 | INFO     | src.pipelines.train_vision_backbones:run_pipeline:171 - Test images: 362
2026-02-08 19:16:46.360 | INFO     | src.pipelines.train_vision_backbones:run_pipeline:176 - Training resnet18_autoencoder_frozen on RP
2026-02-08 19:16:46.372 | INFO     | src.models.resnet18_autoencoder.training:train_autoencoder_frozen:25 - Device: cuda | Model on: cuda:0
2026-02-08 19:17:04.924 | INFO     | src.pipelines.train_vision_backbones:run_pipeline:193 - Evaluating resnet18_autoencoder_frozen on RP
2026-02-08 19:17:05.911 | INFO     | src.models.evaluation:evaluate_tsb_ad_nonoverlapping:65 - Normal (17958) reconstruction error: mean=0.5696, std=0.1846
2026-02-08 19:17:05.911 | INFO     | src.models.evaluation:evaluate_tsb_ad_nonoverlapping:66 - Anomaly (146) reconstruction error: mean=0.7975, std=0.1183
2026-02-08 19:17:05.911 | INFO     | src.models.evaluation:evaluate_tsb_ad_nonoverlapping:67 - Overlap? Normal max=1.0000, Anomaly min=0.6608
2026-02-08 19:17:10.577 | INFO     | src.models.evaluation:evaluate_tsb_ad_nonoverlapping:83 - {'AUC-PR': 0.10802856202630819, 'AUC-ROC': 0.8558882445645624, 'VUS-PR': np.float64(0.08413749993781588), 'VUS-ROC': np.float64(0.8887675027086179), 'Standard-F1': np.float64(0.2890124629110306), 'PA-F1': 0.5938242280285035, 'Event-based-F1': np.float64(0.33333333333333287), 'R-based-F1': 0.2549019607843137, 'Affiliation-F': 0.9341129654688626}
2026-02-08 19:17:10.734 | INFO     | src.pipelines.train_vision_backbones:run_pipeline:170 - Train images: 72
2026-02-08 19:17:10.734 | INFO     | src.pipelines.train_vision_backbones:run_pipeline:171 - Test images: 362
2026-02-08 19:17:10.941 | INFO     | src.pipelines.train_vision_backbones:run_pipeline:176 - Training resnet18_autoencoder_progressive_unfreeze on RP
2026-02-08 19:17:10.954 | INFO     | src.models.resnet18_autoencoder.training:train_autoencoder_progressive_unfreeze:133 - Device: cuda | Model on: cuda:0
2026-02-08 19:17:36.138 | INFO     | src.pipelines.train_vision_backbones:run_pipeline:193 - Evaluating resnet18_autoencoder_progressive_unfreeze on RP
2026-02-08 19:17:39.869 | INFO     | src.models.evaluation:evaluate_tsb_ad_nonoverlapping:65 - Normal (17958) reconstruction error: mean=0.5351, std=0.1767
2026-02-08 19:17:39.869 | INFO     | src.models.evaluation:evaluate_tsb_ad_nonoverlapping:66 - Anomaly (146) reconstruction error: mean=0.7839, std=0.0925
2026-02-08 19:17:39.869 | INFO     | src.models.evaluation:evaluate_tsb_ad_nonoverlapping:67 - Overlap? Normal max=1.0000, Anomaly min=0.6725
2026-02-08 19:17:44.367 | INFO     | src.models.evaluation:evaluate_tsb_ad_nonoverlapping:83 - {'AUC-PR': 0.1335158167316263, 'AUC-ROC': 0.9269253829712251, 'VUS-PR': np.float64(0.14505013168684755), 'VUS-ROC': np.float64(0.9520201661028137), 'Standard-F1': np.float64(0.2890124629110306), 'PA-F1': 0.5938242280285035, 'Event-based-F1': np.float64(0.33333333333333287), 'R-based-F1': 0.2549019607843137, 'Affiliation-F': 0.9341129654688626}
2026-02-08 19:17:44.524 | INFO     | src.pipelines.train_vision_backbones:run_pipeline:170 - Train images: 72
2026-02-08 19:17:44.524 | INFO     | src.pipelines.train_vision_backbones:run_pipeline:171 - Test images: 362
2026-02-08 19:17:44.731 | INFO     | src.pipelines.train_vision_backbones:run_pipeline:176 - Training resnet18_autoencoder_differential_lr on RP
2026-02-08 19:17:44.744 | INFO     | src.models.resnet18_autoencoder.training:train_autoencoder_differential_lr:271 - Device: cuda | Model on: cuda:0
2026-02-08 19:18:07.916 | INFO     | src.pipelines.train_vision_backbones:run_pipeline:193 - Evaluating resnet18_autoencoder_differential_lr on RP
2026-02-08 19:18:09.208 | INFO     | src.models.evaluation:evaluate_tsb_ad_nonoverlapping:65 - Normal (17958) reconstruction error: mean=0.5822, std=0.1857
2026-02-08 19:18:09.208 | INFO     | src.models.evaluation:evaluate_tsb_ad_nonoverlapping:66 - Anomaly (146) reconstruction error: mean=0.8248, std=0.0790
2026-02-08 19:18:09.208 | INFO     | src.models.evaluation:evaluate_tsb_ad_nonoverlapping:67 - Overlap? Normal max=1.0000, Anomaly min=0.7323
2026-02-08 19:18:13.893 | INFO     | src.models.evaluation:evaluate_tsb_ad_nonoverlapping:83 - {'AUC-PR': 0.10163364945556727, 'AUC-ROC': 0.9191065301533106, 'VUS-PR': np.float64(0.11539860936330835), 'VUS-ROC': np.float64(0.9343901462868447), 'Standard-F1': np.float64(0.22421084285429732), 'PA-F1': 0.4798464491362764, 'Event-based-F1': np.float64(0.24999999999999964), 'R-based-F1': 0.20312500000000003, 'Affiliation-F': 0.8361112833440754}
2026-02-08 19:18:14.047 | INFO     | src.pipelines.train_vision_backbones:run_pipeline:170 - Train images: 72
2026-02-08 19:18:14.048 | INFO     | src.pipelines.train_vision_backbones:run_pipeline:171 - Test images: 362
2026-02-08 19:18:14.985 | INFO     | src.pipelines.train_vision_backbones:run_pipeline:176 - Training pvt_autoencoder_frozen on RP
2026-02-08 19:18:15.009 | INFO     | src.models.pvt_autoencoder.training:train_pvt_autoencoder_frozen:24 - Device: cuda | Model on: cuda:0
2026-02-08 19:18:41.129 | INFO     | src.pipelines.train_vision_backbones:run_pipeline:193 - Evaluating pvt_autoencoder_frozen on RP
2026-02-08 19:18:44.383 | INFO     | src.models.evaluation:evaluate_tsb_ad_nonoverlapping:65 - Normal (17958) reconstruction error: mean=0.5850, std=0.1717
2026-02-08 19:18:44.383 | INFO     | src.models.evaluation:evaluate_tsb_ad_nonoverlapping:66 - Anomaly (146) reconstruction error: mean=0.7867, std=0.0777
2026-02-08 19:18:44.383 | INFO     | src.models.evaluation:evaluate_tsb_ad_nonoverlapping:67 - Overlap? Normal max=1.0000, Anomaly min=0.7006
2026-02-08 19:18:49.113 | INFO     | src.models.evaluation:evaluate_tsb_ad_nonoverlapping:83 - {'AUC-PR': 0.06249339244375414, 'AUC-ROC': 0.8779145250638094, 'VUS-PR': np.float64(0.07466190500564186), 'VUS-ROC': np.float64(0.8938557739656112), 'Standard-F1': np.float64(0.16778153582318672), 'PA-F1': 0.34674063800277394, 'Event-based-F1': np.float64(0.1666666666666664), 'R-based-F1': 0.14444444444444446, 'Affiliation-F': 0.9358547976477748}
2026-02-08 19:18:49.266 | INFO     | src.pipelines.train_vision_backbones:run_pipeline:170 - Train images: 72
2026-02-08 19:18:49.266 | INFO     | src.pipelines.train_vision_backbones:run_pipeline:171 - Test images: 362
2026-02-08 19:18:50.212 | INFO     | src.pipelines.train_vision_backbones:run_pipeline:176 - Training pvt_autoencoder_progressive_unfreeze on RP
2026-02-08 19:18:50.237 | INFO     | src.models.pvt_autoencoder.training:train_pvt_autoencoder_progressive_unfreeze:132 - Device: cuda | Model on: cuda:0
2026-02-08 19:19:27.026 | INFO     | src.pipelines.train_vision_backbones:run_pipeline:193 - Evaluating pvt_autoencoder_progressive_unfreeze on RP
2026-02-08 19:19:30.435 | INFO     | src.models.evaluation:evaluate_tsb_ad_nonoverlapping:65 - Normal (17958) reconstruction error: mean=0.5368, std=0.1583
2026-02-08 19:19:30.435 | INFO     | src.models.evaluation:evaluate_tsb_ad_nonoverlapping:66 - Anomaly (146) reconstruction error: mean=0.7872, std=0.1023
2026-02-08 19:19:30.436 | INFO     | src.models.evaluation:evaluate_tsb_ad_nonoverlapping:67 - Overlap? Normal max=1.0000, Anomaly min=0.6753
2026-02-08 19:19:34.941 | INFO     | src.models.evaluation:evaluate_tsb_ad_nonoverlapping:83 - {'AUC-PR': 0.235068837770311, 'AUC-ROC': 0.9425821589797808, 'VUS-PR': np.float64(0.24463186686290805), 'VUS-ROC': np.float64(0.9681307691045348), 'Standard-F1': np.float64(0.4064992399277212), 'PA-F1': 0.778816199376947, 'Event-based-F1': np.float64(0.49999999999999944), 'R-based-F1': 0.34210526315789475, 'Affiliation-F': 0.7939884739221141}
2026-02-08 19:19:35.106 | INFO     | src.pipelines.train_vision_backbones:run_pipeline:170 - Train images: 72
2026-02-08 19:19:35.107 | INFO     | src.pipelines.train_vision_backbones:run_pipeline:171 - Test images: 362
2026-02-08 19:19:36.053 | INFO     | src.pipelines.train_vision_backbones:run_pipeline:176 - Training pvt_autoencoder_differential_lr on RP
2026-02-08 19:19:36.078 | INFO     | src.models.pvt_autoencoder.training:train_pvt_autoencoder_differential_lr:267 - Device: cuda | Model on: cuda:0
2026-02-08 19:20:14.586 | INFO     | src.pipelines.train_vision_backbones:run_pipeline:193 - Evaluating pvt_autoencoder_differential_lr on RP
2026-02-08 19:20:18.644 | INFO     | src.models.evaluation:evaluate_tsb_ad_nonoverlapping:65 - Normal (17958) reconstruction error: mean=0.4660, std=0.1602
2026-02-08 19:20:18.644 | INFO     | src.models.evaluation:evaluate_tsb_ad_nonoverlapping:66 - Anomaly (146) reconstruction error: mean=0.6957, std=0.1282
2026-02-08 19:20:18.644 | INFO     | src.models.evaluation:evaluate_tsb_ad_nonoverlapping:67 - Overlap? Normal max=1.0000, Anomaly min=0.5544
2026-02-08 19:20:22.861 | INFO     | src.models.evaluation:evaluate_tsb_ad_nonoverlapping:83 - {'AUC-PR': 0.11446981937392894, 'AUC-ROC': 0.8813662625273279, 'VUS-PR': np.float64(0.10456803348046662), 'VUS-ROC': np.float64(0.9221310229048651), 'Standard-F1': np.float64(0.2890124629110306), 'PA-F1': 0.5938242280285035, 'Event-based-F1': np.float64(0.33333333333333287), 'R-based-F1': 0.2549019607843137, 'Affiliation-F': 0.862486969871281}
2026-02-08 19:20:23.182 | INFO     | src.pipelines.train_vision_backbones:run_pipeline:70 - Using zip: /net/scratch/hscra/plgrid/plgsmendowski12/ts2i_images/SMD/191_SMD_id_14_Facility_tr_4596_1st_4696_ts2i_RWT.zip for transformation RWT
2026-02-08 19:20:23.695 | INFO     | src.pipelines.train_vision_backbones:run_pipeline:170 - Train images: 72
2026-02-08 19:20:23.695 | INFO     | src.pipelines.train_vision_backbones:run_pipeline:171 - Test images: 362
2026-02-08 19:20:23.702 | INFO     | src.pipelines.train_vision_backbones:run_pipeline:176 - Training cnn_autoencoder on RWT
2026-02-08 19:20:23.706 | INFO     | src.models.cnn_autoencoder.training:train_autoencoder:22 - Device: cuda | Model on: cuda:0
2026-02-08 19:20:53.673 | INFO     | src.pipelines.train_vision_backbones:run_pipeline:193 - Evaluating cnn_autoencoder on RWT
2026-02-08 19:20:53.990 | INFO     | src.models.evaluation:evaluate_tsb_ad_nonoverlapping:65 - Normal (17958) reconstruction error: mean=0.3722, std=0.1321
2026-02-08 19:20:53.990 | INFO     | src.models.evaluation:evaluate_tsb_ad_nonoverlapping:66 - Anomaly (146) reconstruction error: mean=0.8156, std=0.1916
2026-02-08 19:20:53.990 | INFO     | src.models.evaluation:evaluate_tsb_ad_nonoverlapping:67 - Overlap? Normal max=0.6269, Anomaly min=0.5013
2026-02-08 19:20:57.774 | INFO     | src.models.evaluation:evaluate_tsb_ad_nonoverlapping:83 - {'AUC-PR': 0.7828552242814935, 'AUC-ROC': 0.9865202977419153, 'VUS-PR': np.float64(0.5142991844225407), 'VUS-ROC': np.float64(0.9578622756491558), 'Standard-F1': np.float64(0.8130033049397348), 'PA-F1': 0.922509225092251, 'Event-based-F1': np.float64(0.6666666666666662), 'R-based-F1': 0.591549295774648, 'Affiliation-F': 0.708426609039225}
2026-02-08 19:20:57.935 | INFO     | src.pipelines.train_vision_backbones:run_pipeline:170 - Train images: 72
2026-02-08 19:20:57.935 | INFO     | src.pipelines.train_vision_backbones:run_pipeline:171 - Test images: 362
2026-02-08 19:20:58.145 | INFO     | src.pipelines.train_vision_backbones:run_pipeline:176 - Training resnet18_autoencoder_frozen on RWT
2026-02-08 19:20:58.158 | INFO     | src.models.resnet18_autoencoder.training:train_autoencoder_frozen:25 - Device: cuda | Model on: cuda:0
2026-02-08 19:21:20.074 | INFO     | src.pipelines.train_vision_backbones:run_pipeline:193 - Evaluating resnet18_autoencoder_frozen on RWT
2026-02-08 19:21:21.664 | INFO     | src.models.evaluation:evaluate_tsb_ad_nonoverlapping:65 - Normal (17958) reconstruction error: mean=0.0509, std=0.0819
2026-02-08 19:21:21.664 | INFO     | src.models.evaluation:evaluate_tsb_ad_nonoverlapping:66 - Anomaly (146) reconstruction error: mean=0.5345, std=0.3631
2026-02-08 19:21:21.664 | INFO     | src.models.evaluation:evaluate_tsb_ad_nonoverlapping:67 - Overlap? Normal max=0.9263, Anomaly min=0.0713
2026-02-08 19:21:24.122 | INFO     | src.models.evaluation:evaluate_tsb_ad_nonoverlapping:83 - {'AUC-PR': 0.5068420238371142, 'AUC-ROC': 0.9595608932257459, 'VUS-PR': np.float64(0.3087212225602594), 'VUS-ROC': np.float64(0.9255606748139276), 'Standard-F1': np.float64(0.5102002811611709), 'PA-F1': 0.922509225092251, 'Event-based-F1': np.float64(0.6666666666666662), 'R-based-F1': 0.41269841269841273, 'Affiliation-F': 0.7736854642299559}
2026-02-08 19:21:24.279 | INFO     | src.pipelines.train_vision_backbones:run_pipeline:170 - Train images: 72
2026-02-08 19:21:24.279 | INFO     | src.pipelines.train_vision_backbones:run_pipeline:171 - Test images: 362
2026-02-08 19:21:24.495 | INFO     | src.pipelines.train_vision_backbones:run_pipeline:176 - Training resnet18_autoencoder_progressive_unfreeze on RWT
2026-02-08 19:21:24.509 | INFO     | src.models.resnet18_autoencoder.training:train_autoencoder_progressive_unfreeze:133 - Device: cuda | Model on: cuda:0
2026-02-08 19:21:51.898 | INFO     | src.pipelines.train_vision_backbones:run_pipeline:193 - Evaluating resnet18_autoencoder_progressive_unfreeze on RWT
2026-02-08 19:21:54.499 | INFO     | src.models.evaluation:evaluate_tsb_ad_nonoverlapping:65 - Normal (17958) reconstruction error: mean=0.0297, std=0.0337
2026-02-08 19:21:54.499 | INFO     | src.models.evaluation:evaluate_tsb_ad_nonoverlapping:66 - Anomaly (146) reconstruction error: mean=0.6742, std=0.3853
2026-02-08 19:21:54.499 | INFO     | src.models.evaluation:evaluate_tsb_ad_nonoverlapping:67 - Overlap? Normal max=0.3498, Anomaly min=0.0506
2026-02-08 19:21:56.837 | INFO     | src.models.evaluation:evaluate_tsb_ad_nonoverlapping:83 - {'AUC-PR': 0.7528942746750966, 'AUC-ROC': 0.9772520965967776, 'VUS-PR': np.float64(0.4693977684122036), 'VUS-ROC': np.float64(0.9293244292593654), 'Standard-F1': np.float64(0.8130033049397348), 'PA-F1': 0.922509225092251, 'Event-based-F1': np.float64(0.6666666666666662), 'R-based-F1': 0.591549295774648, 'Affiliation-F': 0.7948097020624713}
2026-02-08 19:21:56.992 | INFO     | src.pipelines.train_vision_backbones:run_pipeline:170 - Train images: 72
2026-02-08 19:21:56.993 | INFO     | src.pipelines.train_vision_backbones:run_pipeline:171 - Test images: 362
2026-02-08 19:21:57.208 | INFO     | src.pipelines.train_vision_backbones:run_pipeline:176 - Training resnet18_autoencoder_differential_lr on RWT
2026-02-08 19:21:57.223 | INFO     | src.models.resnet18_autoencoder.training:train_autoencoder_differential_lr:271 - Device: cuda | Model on: cuda:0
2026-02-08 19:22:11.810 | INFO     | src.pipelines.train_vision_backbones:run_pipeline:193 - Evaluating resnet18_autoencoder_differential_lr on RWT
2026-02-08 19:22:13.693 | INFO     | src.models.evaluation:evaluate_tsb_ad_nonoverlapping:65 - Normal (17958) reconstruction error: mean=0.0398, std=0.0402
2026-02-08 19:22:13.694 | INFO     | src.models.evaluation:evaluate_tsb_ad_nonoverlapping:66 - Anomaly (146) reconstruction error: mean=0.6074, std=0.3546
2026-02-08 19:22:13.694 | INFO     | src.models.evaluation:evaluate_tsb_ad_nonoverlapping:67 - Overlap? Normal max=0.4326, Anomaly min=0.0439
2026-02-08 19:22:16.085 | INFO     | src.models.evaluation:evaluate_tsb_ad_nonoverlapping:83 - {'AUC-PR': 0.7570931800818267, 'AUC-ROC': 0.953820711035033, 'VUS-PR': np.float64(0.4590777959107161), 'VUS-ROC': np.float64(0.8761752347900679), 'Standard-F1': np.float64(0.8130033049397348), 'PA-F1': 0.922509225092251, 'Event-based-F1': np.float64(0.6666666666666662), 'R-based-F1': 0.591549295774648, 'Affiliation-F': 0.9317005111004348}
2026-02-08 19:22:16.242 | INFO     | src.pipelines.train_vision_backbones:run_pipeline:170 - Train images: 72
2026-02-08 19:22:16.242 | INFO     | src.pipelines.train_vision_backbones:run_pipeline:171 - Test images: 362
2026-02-08 19:22:17.210 | INFO     | src.pipelines.train_vision_backbones:run_pipeline:176 - Training pvt_autoencoder_frozen on RWT
2026-02-08 19:22:17.235 | INFO     | src.models.pvt_autoencoder.training:train_pvt_autoencoder_frozen:24 - Device: cuda | Model on: cuda:0
2026-02-08 19:22:49.458 | INFO     | src.pipelines.train_vision_backbones:run_pipeline:193 - Evaluating pvt_autoencoder_frozen on RWT
2026-02-08 19:22:55.100 | INFO     | src.models.evaluation:evaluate_tsb_ad_nonoverlapping:65 - Normal (17958) reconstruction error: mean=0.0207, std=0.0344
2026-02-08 19:22:55.100 | INFO     | src.models.evaluation:evaluate_tsb_ad_nonoverlapping:66 - Anomaly (146) reconstruction error: mean=0.6196, std=0.3641
2026-02-08 19:22:55.100 | INFO     | src.models.evaluation:evaluate_tsb_ad_nonoverlapping:67 - Overlap? Normal max=0.3939, Anomaly min=0.0533
2026-02-08 19:22:57.369 | INFO     | src.models.evaluation:evaluate_tsb_ad_nonoverlapping:83 - {'AUC-PR': 0.7538942192150555, 'AUC-ROC': 0.9825155194693249, 'VUS-PR': np.float64(0.4815031810827574), 'VUS-ROC': np.float64(0.9496594551607282), 'Standard-F1': np.float64(0.8130033049397348), 'PA-F1': 0.922509225092251, 'Event-based-F1': np.float64(0.6666666666666662), 'R-based-F1': 0.591549295774648, 'Affiliation-F': 0.8919245959167346}
2026-02-08 19:22:57.525 | INFO     | src.pipelines.train_vision_backbones:run_pipeline:170 - Train images: 72
2026-02-08 19:22:57.525 | INFO     | src.pipelines.train_vision_backbones:run_pipeline:171 - Test images: 362
2026-02-08 19:22:58.497 | INFO     | src.pipelines.train_vision_backbones:run_pipeline:176 - Training pvt_autoencoder_progressive_unfreeze on RWT
2026-02-08 19:22:58.522 | INFO     | src.models.pvt_autoencoder.training:train_pvt_autoencoder_progressive_unfreeze:132 - Device: cuda | Model on: cuda:0
2026-02-08 19:23:09.137 | INFO     | src.pipelines.train_vision_backbones:run_pipeline:193 - Evaluating pvt_autoencoder_progressive_unfreeze on RWT
2026-02-08 19:23:09.508 | INFO     | src.models.evaluation:evaluate_tsb_ad_nonoverlapping:65 - Normal (17958) reconstruction error: mean=0.0352, std=0.0425
2026-02-08 19:23:09.508 | INFO     | src.models.evaluation:evaluate_tsb_ad_nonoverlapping:66 - Anomaly (146) reconstruction error: mean=0.5656, std=0.3842
2026-02-08 19:23:09.508 | INFO     | src.models.evaluation:evaluate_tsb_ad_nonoverlapping:67 - Overlap? Normal max=0.3075, Anomaly min=0.0152
2026-02-08 19:23:11.810 | INFO     | src.models.evaluation:evaluate_tsb_ad_nonoverlapping:83 - {'AUC-PR': 0.7075835131028326, 'AUC-ROC': 0.8881995584827307, 'VUS-PR': np.float64(0.3966587357849393), 'VUS-ROC': np.float64(0.8325114671973366), 'Standard-F1': np.float64(0.8130033049397348), 'PA-F1': 0.922509225092251, 'Event-based-F1': np.float64(0.6666666666666662), 'R-based-F1': 0.591549295774648, 'Affiliation-F': 0.868827945357636}
2026-02-08 19:23:11.967 | INFO     | src.pipelines.train_vision_backbones:run_pipeline:170 - Train images: 72
2026-02-08 19:23:11.967 | INFO     | src.pipelines.train_vision_backbones:run_pipeline:171 - Test images: 362
2026-02-08 19:23:12.934 | INFO     | src.pipelines.train_vision_backbones:run_pipeline:176 - Training pvt_autoencoder_differential_lr on RWT
2026-02-08 19:23:12.959 | INFO     | src.models.pvt_autoencoder.training:train_pvt_autoencoder_differential_lr:267 - Device: cuda | Model on: cuda:0
2026-02-08 19:23:43.853 | INFO     | src.pipelines.train_vision_backbones:run_pipeline:193 - Evaluating pvt_autoencoder_differential_lr on RWT
2026-02-08 19:23:50.638 | INFO     | src.models.evaluation:evaluate_tsb_ad_nonoverlapping:65 - Normal (17958) reconstruction error: mean=0.0248, std=0.0357
2026-02-08 19:23:50.638 | INFO     | src.models.evaluation:evaluate_tsb_ad_nonoverlapping:66 - Anomaly (146) reconstruction error: mean=0.6448, std=0.3778
2026-02-08 19:23:50.638 | INFO     | src.models.evaluation:evaluate_tsb_ad_nonoverlapping:67 - Overlap? Normal max=0.5042, Anomaly min=0.0328
2026-02-08 19:23:52.951 | INFO     | src.models.evaluation:evaluate_tsb_ad_nonoverlapping:83 - {'AUC-PR': 0.7394851994851994, 'AUC-ROC': 0.965352184015366, 'VUS-PR': np.float64(0.4498131260496654), 'VUS-ROC': np.float64(0.9064451728562847), 'Standard-F1': np.float64(0.8130033049397348), 'PA-F1': 0.922509225092251, 'Event-based-F1': np.float64(0.6666666666666662), 'R-based-F1': 0.591549295774648, 'Affiliation-F': 0.7656648930466232}
2026-02-08 19:23:53.286 | INFO     | src.pipelines.train_vision_backbones:run_pipeline:70 - Using zip: /net/scratch/hscra/plgrid/plgsmendowski12/ts2i_images/SMD/191_SMD_id_14_Facility_tr_4596_1st_4696_ts2i_MWT.zip for transformation MWT
2026-02-08 19:23:53.820 | INFO     | src.pipelines.train_vision_backbones:run_pipeline:170 - Train images: 72
2026-02-08 19:23:53.820 | INFO     | src.pipelines.train_vision_backbones:run_pipeline:171 - Test images: 362
2026-02-08 19:23:53.827 | INFO     | src.pipelines.train_vision_backbones:run_pipeline:176 - Training cnn_autoencoder on MWT
2026-02-08 19:23:53.831 | INFO     | src.models.cnn_autoencoder.training:train_autoencoder:22 - Device: cuda | Model on: cuda:0
2026-02-08 19:24:22.974 | INFO     | src.pipelines.train_vision_backbones:run_pipeline:193 - Evaluating cnn_autoencoder on MWT
2026-02-08 19:24:23.296 | INFO     | src.models.evaluation:evaluate_tsb_ad_nonoverlapping:65 - Normal (17958) reconstruction error: mean=0.1618, std=0.0790
2026-02-08 19:24:23.296 | INFO     | src.models.evaluation:evaluate_tsb_ad_nonoverlapping:66 - Anomaly (146) reconstruction error: mean=0.7220, std=0.2619
2026-02-08 19:24:23.296 | INFO     | src.models.evaluation:evaluate_tsb_ad_nonoverlapping:67 - Overlap? Normal max=0.4894, Anomaly min=0.3009
2026-02-08 19:24:26.171 | INFO     | src.models.evaluation:evaluate_tsb_ad_nonoverlapping:83 - {'AUC-PR': 0.8561872146118721, 'AUC-ROC': 0.9978480991415282, 'VUS-PR': np.float64(0.8057170859456859), 'VUS-ROC': np.float64(0.9982304290610512), 'Standard-F1': np.float64(0.8130033049397348), 'PA-F1': 0.922509225092251, 'Event-based-F1': np.float64(0.7804878048780483), 'R-based-F1': 0.7077575543382223, 'Affiliation-F': 0.9978141157505286}
2026-02-08 19:24:26.348 | INFO     | src.pipelines.train_vision_backbones:run_pipeline:170 - Train images: 72
2026-02-08 19:24:26.348 | INFO     | src.pipelines.train_vision_backbones:run_pipeline:171 - Test images: 362
2026-02-08 19:24:26.563 | INFO     | src.pipelines.train_vision_backbones:run_pipeline:176 - Training resnet18_autoencoder_frozen on MWT
2026-02-08 19:24:26.577 | INFO     | src.models.resnet18_autoencoder.training:train_autoencoder_frozen:25 - Device: cuda | Model on: cuda:0
2026-02-08 19:24:47.223 | INFO     | src.pipelines.train_vision_backbones:run_pipeline:193 - Evaluating resnet18_autoencoder_frozen on MWT
2026-02-08 19:24:48.777 | INFO     | src.models.evaluation:evaluate_tsb_ad_nonoverlapping:65 - Normal (17958) reconstruction error: mean=0.0392, std=0.0554
2026-02-08 19:24:48.778 | INFO     | src.models.evaluation:evaluate_tsb_ad_nonoverlapping:66 - Anomaly (146) reconstruction error: mean=0.7205, std=0.3309
2026-02-08 19:24:48.778 | INFO     | src.models.evaluation:evaluate_tsb_ad_nonoverlapping:67 - Overlap? Normal max=0.4019, Anomaly min=0.1850
2026-02-08 19:24:51.132 | INFO     | src.models.evaluation:evaluate_tsb_ad_nonoverlapping:83 - {'AUC-PR': 0.7762043378995434, 'AUC-ROC': 0.9923558317962612, 'VUS-PR': np.float64(0.5642670623349747), 'VUS-ROC': np.float64(0.981791281969768), 'Standard-F1': np.float64(0.8130033049397348), 'PA-F1': 0.922509225092251, 'Event-based-F1': np.float64(0.6666666666666662), 'R-based-F1': 0.591549295774648, 'Affiliation-F': 0.8297021200313502}
2026-02-08 19:24:51.288 | INFO     | src.pipelines.train_vision_backbones:run_pipeline:170 - Train images: 72
2026-02-08 19:24:51.288 | INFO     | src.pipelines.train_vision_backbones:run_pipeline:171 - Test images: 362
2026-02-08 19:24:51.496 | INFO     | src.pipelines.train_vision_backbones:run_pipeline:176 - Training resnet18_autoencoder_progressive_unfreeze on MWT
2026-02-08 19:24:51.509 | INFO     | src.models.resnet18_autoencoder.training:train_autoencoder_progressive_unfreeze:133 - Device: cuda | Model on: cuda:0
2026-02-08 19:25:18.903 | INFO     | src.pipelines.train_vision_backbones:run_pipeline:193 - Evaluating resnet18_autoencoder_progressive_unfreeze on MWT
2026-02-08 19:25:21.221 | INFO     | src.models.evaluation:evaluate_tsb_ad_nonoverlapping:65 - Normal (17958) reconstruction error: mean=0.0298, std=0.0580
2026-02-08 19:25:21.221 | INFO     | src.models.evaluation:evaluate_tsb_ad_nonoverlapping:66 - Anomaly (146) reconstruction error: mean=0.7185, std=0.3932
2026-02-08 19:25:21.221 | INFO     | src.models.evaluation:evaluate_tsb_ad_nonoverlapping:67 - Overlap? Normal max=0.3896, Anomaly min=0.0860
2026-02-08 19:25:23.503 | INFO     | src.models.evaluation:evaluate_tsb_ad_nonoverlapping:83 - {'AUC-PR': 0.7416921069797782, 'AUC-ROC': 0.9781674744876553, 'VUS-PR': np.float64(0.47431744274647625), 'VUS-ROC': np.float64(0.9573444196425063), 'Standard-F1': np.float64(0.8130033049397348), 'PA-F1': 0.922509225092251, 'Event-based-F1': np.float64(0.6666666666666662), 'R-based-F1': 0.591549295774648, 'Affiliation-F': 0.7446212540249079}
2026-02-08 19:25:23.662 | INFO     | src.pipelines.train_vision_backbones:run_pipeline:170 - Train images: 72
2026-02-08 19:25:23.663 | INFO     | src.pipelines.train_vision_backbones:run_pipeline:171 - Test images: 362
2026-02-08 19:25:23.878 | INFO     | src.pipelines.train_vision_backbones:run_pipeline:176 - Training resnet18_autoencoder_differential_lr on MWT
2026-02-08 19:25:23.893 | INFO     | src.models.resnet18_autoencoder.training:train_autoencoder_differential_lr:271 - Device: cuda | Model on: cuda:0
2026-02-08 19:25:46.280 | INFO     | src.pipelines.train_vision_backbones:run_pipeline:193 - Evaluating resnet18_autoencoder_differential_lr on MWT
2026-02-08 19:25:48.787 | INFO     | src.models.evaluation:evaluate_tsb_ad_nonoverlapping:65 - Normal (17958) reconstruction error: mean=0.0279, std=0.0342
2026-02-08 19:25:48.788 | INFO     | src.models.evaluation:evaluate_tsb_ad_nonoverlapping:66 - Anomaly (146) reconstruction error: mean=0.6745, std=0.3737
2026-02-08 19:25:48.788 | INFO     | src.models.evaluation:evaluate_tsb_ad_nonoverlapping:67 - Overlap? Normal max=0.2856, Anomaly min=0.0726
2026-02-08 19:25:51.071 | INFO     | src.models.evaluation:evaluate_tsb_ad_nonoverlapping:83 - {'AUC-PR': 0.7635159817351598, 'AUC-ROC': 0.9864630866237354, 'VUS-PR': np.float64(0.586591745154474), 'VUS-ROC': np.float64(0.9873980273994016), 'Standard-F1': np.float64(0.8130033049397348), 'PA-F1': 0.922509225092251, 'Event-based-F1': np.float64(0.6666666666666662), 'R-based-F1': 0.591549295774648, 'Affiliation-F': 0.8634237577685824}
2026-02-08 19:25:51.229 | INFO     | src.pipelines.train_vision_backbones:run_pipeline:170 - Train images: 72
2026-02-08 19:25:51.229 | INFO     | src.pipelines.train_vision_backbones:run_pipeline:171 - Test images: 362
2026-02-08 19:25:52.194 | INFO     | src.pipelines.train_vision_backbones:run_pipeline:176 - Training pvt_autoencoder_frozen on MWT
2026-02-08 19:25:52.219 | INFO     | src.models.pvt_autoencoder.training:train_pvt_autoencoder_frozen:24 - Device: cuda | Model on: cuda:0
2026-02-08 19:26:16.614 | INFO     | src.pipelines.train_vision_backbones:run_pipeline:193 - Evaluating pvt_autoencoder_frozen on MWT
2026-02-08 19:26:18.503 | INFO     | src.models.evaluation:evaluate_tsb_ad_nonoverlapping:65 - Normal (17958) reconstruction error: mean=0.0350, std=0.0647
2026-02-08 19:26:18.503 | INFO     | src.models.evaluation:evaluate_tsb_ad_nonoverlapping:66 - Anomaly (146) reconstruction error: mean=0.6491, std=0.3521
2026-02-08 19:26:18.503 | INFO     | src.models.evaluation:evaluate_tsb_ad_nonoverlapping:67 - Overlap? Normal max=0.4681, Anomaly min=0.1034
2026-02-08 19:26:20.921 | INFO     | src.models.evaluation:evaluate_tsb_ad_nonoverlapping:83 - {'AUC-PR': 0.7289873324495507, 'AUC-ROC': 0.9815429304602673, 'VUS-PR': np.float64(0.4582621138805759), 'VUS-ROC': np.float64(0.9663771078470378), 'Standard-F1': np.float64(0.8130033049397348), 'PA-F1': 0.922509225092251, 'Event-based-F1': np.float64(0.6666666666666662), 'R-based-F1': 0.591549295774648, 'Affiliation-F': 0.866676102170471}
2026-02-08 19:26:21.075 | INFO     | src.pipelines.train_vision_backbones:run_pipeline:170 - Train images: 72
2026-02-08 19:26:21.075 | INFO     | src.pipelines.train_vision_backbones:run_pipeline:171 - Test images: 362
2026-02-08 19:26:22.079 | INFO     | src.pipelines.train_vision_backbones:run_pipeline:176 - Training pvt_autoencoder_progressive_unfreeze on MWT
2026-02-08 19:26:22.102 | INFO     | src.models.pvt_autoencoder.training:train_pvt_autoencoder_progressive_unfreeze:132 - Device: cuda | Model on: cuda:0
2026-02-08 19:26:57.715 | INFO     | src.pipelines.train_vision_backbones:run_pipeline:193 - Evaluating pvt_autoencoder_progressive_unfreeze on MWT
2026-02-08 19:27:02.051 | INFO     | src.models.evaluation:evaluate_tsb_ad_nonoverlapping:65 - Normal (17958) reconstruction error: mean=0.0262, std=0.0394
2026-02-08 19:27:02.052 | INFO     | src.models.evaluation:evaluate_tsb_ad_nonoverlapping:66 - Anomaly (146) reconstruction error: mean=0.6700, std=0.3586
2026-02-08 19:27:02.052 | INFO     | src.models.evaluation:evaluate_tsb_ad_nonoverlapping:67 - Overlap? Normal max=0.3777, Anomaly min=0.0983
2026-02-08 19:27:04.355 | INFO     | src.models.evaluation:evaluate_tsb_ad_nonoverlapping:83 - {'AUC-PR': 0.7669602087410307, 'AUC-ROC': 0.9901818093054265, 'VUS-PR': np.float64(0.5730540900679878), 'VUS-ROC': np.float64(0.9857191483849495), 'Standard-F1': np.float64(0.8130033049397348), 'PA-F1': 0.922509225092251, 'Event-based-F1': np.float64(0.6666666666666662), 'R-based-F1': 0.591549295774648, 'Affiliation-F': 0.9123814301790899}
2026-02-08 19:27:04.515 | INFO     | src.pipelines.train_vision_backbones:run_pipeline:170 - Train images: 72
2026-02-08 19:27:04.515 | INFO     | src.pipelines.train_vision_backbones:run_pipeline:171 - Test images: 362
2026-02-08 19:27:05.479 | INFO     | src.pipelines.train_vision_backbones:run_pipeline:176 - Training pvt_autoencoder_differential_lr on MWT
2026-02-08 19:27:05.504 | INFO     | src.models.pvt_autoencoder.training:train_pvt_autoencoder_differential_lr:267 - Device: cuda | Model on: cuda:0
2026-02-08 19:27:41.127 | INFO     | src.pipelines.train_vision_backbones:run_pipeline:193 - Evaluating pvt_autoencoder_differential_lr on MWT
2026-02-08 19:27:46.435 | INFO     | src.models.evaluation:evaluate_tsb_ad_nonoverlapping:65 - Normal (17958) reconstruction error: mean=0.0261, std=0.0366
2026-02-08 19:27:46.436 | INFO     | src.models.evaluation:evaluate_tsb_ad_nonoverlapping:66 - Anomaly (146) reconstruction error: mean=0.6480, std=0.3506
2026-02-08 19:27:46.436 | INFO     | src.models.evaluation:evaluate_tsb_ad_nonoverlapping:67 - Overlap? Normal max=0.3909, Anomaly min=0.0872
2026-02-08 19:27:48.663 | INFO     | src.models.evaluation:evaluate_tsb_ad_nonoverlapping:83 - {'AUC-PR': 0.7744456621004566, 'AUC-ROC': 0.9900101759508868, 'VUS-PR': np.float64(0.6271330973354204), 'VUS-ROC': np.float64(0.9903356987546769), 'Standard-F1': np.float64(0.8130033049397348), 'PA-F1': 0.922509225092251, 'Event-based-F1': np.float64(0.6666666666666662), 'R-based-F1': 0.591549295774648, 'Affiliation-F': 0.914299640370217}
2026-02-08 19:27:48.982 | INFO     | src.pipelines.train_vision_backbones:run_pipeline:70 - Using zip: /net/scratch/hscra/plgrid/plgsmendowski12/ts2i_images/SMD/191_SMD_id_14_Facility_tr_4596_1st_4696_ts2i_SPIRAL.zip for transformation SPIRAL
2026-02-08 19:27:49.508 | INFO     | src.pipelines.train_vision_backbones:run_pipeline:170 - Train images: 72
2026-02-08 19:27:49.508 | INFO     | src.pipelines.train_vision_backbones:run_pipeline:171 - Test images: 362
2026-02-08 19:27:49.515 | INFO     | src.pipelines.train_vision_backbones:run_pipeline:176 - Training cnn_autoencoder on SPIRAL
2026-02-08 19:27:49.520 | INFO     | src.models.cnn_autoencoder.training:train_autoencoder:22 - Device: cuda | Model on: cuda:0
2026-02-08 19:28:12.842 | INFO     | src.pipelines.train_vision_backbones:run_pipeline:193 - Evaluating cnn_autoencoder on SPIRAL
2026-02-08 19:28:13.138 | INFO     | src.models.evaluation:evaluate_tsb_ad_nonoverlapping:65 - Normal (17958) reconstruction error: mean=0.2155, std=0.1465
2026-02-08 19:28:13.138 | INFO     | src.models.evaluation:evaluate_tsb_ad_nonoverlapping:66 - Anomaly (146) reconstruction error: mean=0.6061, std=0.2843
2026-02-08 19:28:13.139 | INFO     | src.models.evaluation:evaluate_tsb_ad_nonoverlapping:67 - Overlap? Normal max=0.4076, Anomaly min=0.4009
2026-02-08 19:28:16.244 | INFO     | src.models.evaluation:evaluate_tsb_ad_nonoverlapping:83 - {'AUC-PR': 0.36676955089301194, 'AUC-ROC': 0.9276119163893835, 'VUS-PR': np.float64(0.2171709182921716), 'VUS-ROC': np.float64(0.9114235323027622), 'Standard-F1': np.float64(0.5102002811611709), 'PA-F1': 0.922509225092251, 'Event-based-F1': np.float64(0.6666666666666662), 'R-based-F1': 0.41269841269841273, 'Affiliation-F': 0.7222694157479845}
2026-02-08 19:28:16.539 | INFO     | src.pipelines.train_vision_backbones:run_pipeline:170 - Train images: 72
2026-02-08 19:28:16.539 | INFO     | src.pipelines.train_vision_backbones:run_pipeline:171 - Test images: 362
2026-02-08 19:28:16.751 | INFO     | src.pipelines.train_vision_backbones:run_pipeline:176 - Training resnet18_autoencoder_frozen on SPIRAL
2026-02-08 19:28:16.765 | INFO     | src.models.resnet18_autoencoder.training:train_autoencoder_frozen:25 - Device: cuda | Model on: cuda:0
2026-02-08 19:28:41.926 | INFO     | src.pipelines.train_vision_backbones:run_pipeline:193 - Evaluating resnet18_autoencoder_frozen on SPIRAL
2026-02-08 19:28:45.036 | INFO     | src.models.evaluation:evaluate_tsb_ad_nonoverlapping:65 - Normal (17958) reconstruction error: mean=0.0879, std=0.1004
2026-02-08 19:28:45.036 | INFO     | src.models.evaluation:evaluate_tsb_ad_nonoverlapping:66 - Anomaly (146) reconstruction error: mean=0.1181, std=0.0207
2026-02-08 19:28:45.036 | INFO     | src.models.evaluation:evaluate_tsb_ad_nonoverlapping:67 - Overlap? Normal max=1.0000, Anomaly min=0.1032
2026-02-08 19:28:47.553 | INFO     | src.models.evaluation:evaluate_tsb_ad_nonoverlapping:83 - {'AUC-PR': 0.024265324181357736, 'AUC-ROC': 0.7782970004592147, 'VUS-PR': np.float64(0.03440348505565694), 'VUS-ROC': np.float64(0.7745400643485638), 'Standard-F1': np.float64(0.05078211376875554), 'PA-F1': 0.08862105636299185, 'Event-based-F1': np.float64(0.037037037037036966), 'R-based-F1': 0.04269293924466338, 'Affiliation-F': 0.6956290329460917}
2026-02-08 19:28:47.706 | INFO     | src.pipelines.train_vision_backbones:run_pipeline:170 - Train images: 72
2026-02-08 19:28:47.707 | INFO     | src.pipelines.train_vision_backbones:run_pipeline:171 - Test images: 362
2026-02-08 19:28:47.922 | INFO     | src.pipelines.train_vision_backbones:run_pipeline:176 - Training resnet18_autoencoder_progressive_unfreeze on SPIRAL
2026-02-08 19:28:47.937 | INFO     | src.models.resnet18_autoencoder.training:train_autoencoder_progressive_unfreeze:133 - Device: cuda | Model on: cuda:0
2026-02-08 19:29:11.945 | INFO     | src.pipelines.train_vision_backbones:run_pipeline:193 - Evaluating resnet18_autoencoder_progressive_unfreeze on SPIRAL
2026-02-08 19:29:17.905 | INFO     | src.models.evaluation:evaluate_tsb_ad_nonoverlapping:65 - Normal (17958) reconstruction error: mean=0.1852, std=0.1414
2026-02-08 19:29:17.905 | INFO     | src.models.evaluation:evaluate_tsb_ad_nonoverlapping:66 - Anomaly (146) reconstruction error: mean=0.4904, std=0.2077
2026-02-08 19:29:17.905 | INFO     | src.models.evaluation:evaluate_tsb_ad_nonoverlapping:67 - Overlap? Normal max=1.0000, Anomaly min=0.3406
2026-02-08 19:29:20.862 | INFO     | src.models.evaluation:evaluate_tsb_ad_nonoverlapping:83 - {'AUC-PR': 0.19062681610626814, 'AUC-ROC': 0.846105143355806, 'VUS-PR': np.float64(0.12561940515104952), 'VUS-ROC': np.float64(0.8319407191428422), 'Standard-F1': np.float64(0.4064992399277212), 'PA-F1': 0.778816199376947, 'Event-based-F1': np.float64(0.49999999999999944), 'R-based-F1': 0.34210526315789475, 'Affiliation-F': 0.688307137818522}
2026-02-08 19:29:21.016 | INFO     | src.pipelines.train_vision_backbones:run_pipeline:170 - Train images: 72
2026-02-08 19:29:21.016 | INFO     | src.pipelines.train_vision_backbones:run_pipeline:171 - Test images: 362
2026-02-08 19:29:21.232 | INFO     | src.pipelines.train_vision_backbones:run_pipeline:176 - Training resnet18_autoencoder_differential_lr on SPIRAL
2026-02-08 19:29:21.247 | INFO     | src.models.resnet18_autoencoder.training:train_autoencoder_differential_lr:271 - Device: cuda | Model on: cuda:0
2026-02-08 19:29:36.136 | INFO     | src.pipelines.train_vision_backbones:run_pipeline:193 - Evaluating resnet18_autoencoder_differential_lr on SPIRAL
2026-02-08 19:29:37.367 | INFO     | src.models.evaluation:evaluate_tsb_ad_nonoverlapping:65 - Normal (17958) reconstruction error: mean=0.4449, std=0.3616
2026-02-08 19:29:37.368 | INFO     | src.models.evaluation:evaluate_tsb_ad_nonoverlapping:66 - Anomaly (146) reconstruction error: mean=0.9833, std=0.0121
2026-02-08 19:29:37.368 | INFO     | src.models.evaluation:evaluate_tsb_ad_nonoverlapping:67 - Overlap? Normal max=0.9978, Anomaly min=0.9746
2026-02-08 19:29:41.522 | INFO     | src.models.evaluation:evaluate_tsb_ad_nonoverlapping:83 - {'AUC-PR': 0.36740081835972244, 'AUC-ROC': 0.8873352891907602, 'VUS-PR': np.float64(0.21836411417736226), 'VUS-ROC': np.float64(0.8595091414889028), 'Standard-F1': np.float64(0.5102002811611709), 'PA-F1': 0.778816199376947, 'Event-based-F1': np.float64(0.49999999999999944), 'R-based-F1': 0.34210526315789475, 'Affiliation-F': 0.7278368665513539}
2026-02-08 19:29:41.678 | INFO     | src.pipelines.train_vision_backbones:run_pipeline:170 - Train images: 72
2026-02-08 19:29:41.678 | INFO     | src.pipelines.train_vision_backbones:run_pipeline:171 - Test images: 362
2026-02-08 19:29:42.641 | INFO     | src.pipelines.train_vision_backbones:run_pipeline:176 - Training pvt_autoencoder_frozen on SPIRAL
2026-02-08 19:29:42.666 | INFO     | src.models.pvt_autoencoder.training:train_pvt_autoencoder_frozen:24 - Device: cuda | Model on: cuda:0
2026-02-08 19:30:08.710 | INFO     | src.pipelines.train_vision_backbones:run_pipeline:193 - Evaluating pvt_autoencoder_frozen on SPIRAL
2026-02-08 19:30:13.722 | INFO     | src.models.evaluation:evaluate_tsb_ad_nonoverlapping:65 - Normal (17958) reconstruction error: mean=0.3474, std=0.3680
2026-02-08 19:30:13.722 | INFO     | src.models.evaluation:evaluate_tsb_ad_nonoverlapping:66 - Anomaly (146) reconstruction error: mean=0.9083, std=0.0900
2026-02-08 19:30:13.722 | INFO     | src.models.evaluation:evaluate_tsb_ad_nonoverlapping:67 - Overlap? Normal max=1.0000, Anomaly min=0.7836
2026-02-08 19:30:17.449 | INFO     | src.models.evaluation:evaluate_tsb_ad_nonoverlapping:83 - {'AUC-PR': 0.056992824527071106, 'AUC-ROC': 0.897900275681308, 'VUS-PR': np.float64(0.11571883153253733), 'VUS-ROC': np.float64(0.9453272807572148), 'Standard-F1': np.float64(0.12418975148331694), 'PA-F1': 0.07307307307307308, 'Event-based-F1': np.float64(0.06718821905200177), 'R-based-F1': 0.051192379656404156, 'Affiliation-F': 0.7160929668014416}
2026-02-08 19:30:17.603 | INFO     | src.pipelines.train_vision_backbones:run_pipeline:170 - Train images: 72
2026-02-08 19:30:17.603 | INFO     | src.pipelines.train_vision_backbones:run_pipeline:171 - Test images: 362
2026-02-08 19:30:18.570 | INFO     | src.pipelines.train_vision_backbones:run_pipeline:176 - Training pvt_autoencoder_progressive_unfreeze on SPIRAL
2026-02-08 19:30:18.594 | INFO     | src.models.pvt_autoencoder.training:train_pvt_autoencoder_progressive_unfreeze:132 - Device: cuda | Model on: cuda:0
2026-02-08 19:30:39.500 | INFO     | src.pipelines.train_vision_backbones:run_pipeline:193 - Evaluating pvt_autoencoder_progressive_unfreeze on SPIRAL
2026-02-08 19:30:42.104 | INFO     | src.models.evaluation:evaluate_tsb_ad_nonoverlapping:65 - Normal (17958) reconstruction error: mean=0.2580, std=0.1889
2026-02-08 19:30:42.104 | INFO     | src.models.evaluation:evaluate_tsb_ad_nonoverlapping:66 - Anomaly (146) reconstruction error: mean=0.6586, std=0.2464
2026-02-08 19:30:42.104 | INFO     | src.models.evaluation:evaluate_tsb_ad_nonoverlapping:67 - Overlap? Normal max=0.8339, Anomaly min=0.4807
2026-02-08 19:30:45.387 | INFO     | src.models.evaluation:evaluate_tsb_ad_nonoverlapping:83 - {'AUC-PR': 0.3973228962818004, 'AUC-ROC': 0.9642270320244956, 'VUS-PR': np.float64(0.2749215991354024), 'VUS-ROC': np.float64(0.9565234533072814), 'Standard-F1': np.float64(0.5102002811611709), 'PA-F1': 0.922509225092251, 'Event-based-F1': np.float64(0.6666666666666662), 'R-based-F1': 0.41269841269841273, 'Affiliation-F': 0.6942037107336362}
2026-02-08 19:30:45.549 | INFO     | src.pipelines.train_vision_backbones:run_pipeline:170 - Train images: 72
2026-02-08 19:30:45.550 | INFO     | src.pipelines.train_vision_backbones:run_pipeline:171 - Test images: 362
2026-02-08 19:30:46.516 | INFO     | src.pipelines.train_vision_backbones:run_pipeline:176 - Training pvt_autoencoder_differential_lr on SPIRAL
2026-02-08 19:30:46.542 | INFO     | src.models.pvt_autoencoder.training:train_pvt_autoencoder_differential_lr:267 - Device: cuda | Model on: cuda:0
2026-02-08 19:31:03.287 | INFO     | src.pipelines.train_vision_backbones:run_pipeline:193 - Evaluating pvt_autoencoder_differential_lr on SPIRAL
2026-02-08 19:31:06.957 | INFO     | src.models.evaluation:evaluate_tsb_ad_nonoverlapping:65 - Normal (17958) reconstruction error: mean=0.3825, std=0.3007
2026-02-08 19:31:06.958 | INFO     | src.models.evaluation:evaluate_tsb_ad_nonoverlapping:66 - Anomaly (146) reconstruction error: mean=0.8084, std=0.0475
2026-02-08 19:31:06.958 | INFO     | src.models.evaluation:evaluate_tsb_ad_nonoverlapping:67 - Overlap? Normal max=1.0000, Anomaly min=0.7741
2026-02-08 19:31:10.860 | INFO     | src.models.evaluation:evaluate_tsb_ad_nonoverlapping:83 - {'AUC-PR': 0.19616794164739368, 'AUC-ROC': 0.8863817705544291, 'VUS-PR': np.float64(0.13274767582119792), 'VUS-ROC': np.float64(0.8590323821707376), 'Standard-F1': np.float64(0.4064992399277212), 'PA-F1': 0.778816199376947, 'Event-based-F1': np.float64(0.49999999999999944), 'R-based-F1': 0.34210526315789475, 'Affiliation-F': 0.7261835724839445}
