 GCCcore/13.2.0 loaded.
 zlib/1.2.13 loaded.
 binutils/2.40 loaded.
 GCC/13.2.0 loaded.
 libcxi/1.0.2 loaded.
 libfabric/2.2.0rc1 loaded.
 CUDA/12.4.0 loaded.
 OpenMPI/5.0.3 loaded.
 OpenBLAS/0.3.24 loaded.
 FlexiBLAS/3.3.1 loaded.
 FFTW/3.3.10 loaded.
 FFTW.MPI/3.3.10 loaded.
 ScaLAPACK/2.2.0-fb loaded.
 foss/2023b loaded.
 numactl/2.0.16 loaded.
 XZ/5.4.4 loaded.
 libxml2/2.11.5 loaded.
 libpciaccess/0.17 loaded.
 hwloc/2.9.2 loaded.
 ncurses/6.4 loaded.
 GMP/6.3.0 loaded.
 bzip2/1.0.8 loaded.
 libreadline/8.2 loaded.
 Tcl/8.6.13 loaded.
 SQLite/3.43.1 loaded.
 libffi/3.4.4 loaded.
 OpenSSL/1.1 loaded.
 Python/3.11.5 loaded.
 Z3/4.13.0 loaded.
 Clang/17.0.6-CUDA-12.4.0 loaded.
 magma/2.7.2-CUDA-12.4.0 loaded.
 cuDNN/9.2.1.18-CUDA-12.4.0 loaded.
 NCCL/2.20.5-CUDA-12.4.0 loaded.
 NASM/2.16.01 loaded.
 libjpeg-turbo/3.0.1 loaded.
 libpng/1.6.40 loaded.
 x264/20231019 loaded.
 LAME/3.100 loaded.
 x265/3.5 loaded.
 expat/2.5.0 loaded.
 Brotli/1.1.0 loaded.
 freetype/2.13.2 loaded.
 util-linux/2.39 loaded.
 fontconfig/2.14.2 loaded.
 xorg-macros/1.20.0 loaded.
 X11/20231019 loaded.
 FriBidi/1.0.13 loaded.
 SDL2/2.28.5 loaded.
 FFmpeg/6.0 loaded.
 libogg/1.3.5 loaded.
 FLAC/1.4.2 loaded.
 libvorbis/1.3.7 loaded.
 libopus/1.4 loaded.
 mpg123/1.32.10 loaded.
 libsndfile/1.2.2 loaded.
 cuSPARSELt/0.6.1.0-CUDA-12.4.0 loaded.
 Szip/2.1.1 loaded.
 HDF5/1.14.3 loaded.
---------------------------WARNING-----------------------
Due to performance issues OMP_NUM_THREADS is set to 1
If you see performance drop, carefully test larger values
--------------------------------------------------------- 
 ML-bundle/24.06a loaded.
warning: Using incompatible environment (`/net/scratch/hscra/plgrid/plgsmendowski12/.venv_ts2img`) due to `--no-sync` (The project environment's Python version does not satisfy the request: `Python 3.10.13`)
2026-02-08 13:02:34.098 | INFO     | src.pipelines.transform_time_series_to_images:run_pipeline:33 - Loading configuration from configs/default.yaml
2026-02-08 13:02:34.127 | INFO     | src.pipelines.transform_time_series_to_images:run_pipeline:45 - Loading data from data/TSB-AD/TSB-AD-U/232_MGAB_id_8_Synthetic_tr_25000_1st_32708.csv
2026-02-08 13:02:34.160 | INFO     | src.time_series.loaders:load_tsb_ad_u:91 - Found optimal window_len=38
2026-02-08 13:02:34.161 | INFO     | src.pipelines.transform_time_series_to_images:run_pipeline:68 - Transforming 232_MGAB_id_8_Synthetic_tr_25000_1st_32708 using RN
2026-02-08 13:02:34.164 | INFO     | src.pipelines.transform_time_series_to_images:run_pipeline:86 - window_len=38, stride=38, resolution=64x64
2026-02-08 13:02:34.164 | INFO     | src.images.creators:create_png_image_dataset:126 - Running with n_workers: 15 for train=True set
2026-02-08 13:02:37.643 | INFO     | src.images.creators:create_png_image_dataset:126 - Running with n_workers: 15 for train=False set
2026-02-08 13:02:46.428 | INFO     | src.pipelines.transform_time_series_to_images:run_pipeline:166 - Saved metadata to /net/scratch/hscra/plgrid/plgsmendowski12/ts2i_images/MGAB/232_MGAB_id_8_Synthetic_tr_25000_1st_32708_ts2i_RN_metadata.json
2026-02-08 13:02:48.398 | INFO     | src.pipelines.transform_time_series_to_images:run_pipeline:169 - Saved to /net/scratch/hscra/plgrid/plgsmendowski12/ts2i_images/MGAB/232_MGAB_id_8_Synthetic_tr_25000_1st_32708_ts2i_RN.zip
2026-02-08 13:02:49.060 | INFO     | src.pipelines.transform_time_series_to_images:run_pipeline:68 - Transforming 232_MGAB_id_8_Synthetic_tr_25000_1st_32708 using SG
2026-02-08 13:02:49.063 | INFO     | src.pipelines.transform_time_series_to_images:run_pipeline:86 - window_len=38, stride=38, resolution=64x64
2026-02-08 13:02:49.063 | INFO     | src.images.creators:create_png_image_dataset:126 - Running with n_workers: 15 for train=True set
2026-02-08 13:02:52.070 | INFO     | src.images.creators:create_png_image_dataset:126 - Running with n_workers: 15 for train=False set
2026-02-08 13:02:59.399 | INFO     | src.pipelines.transform_time_series_to_images:run_pipeline:166 - Saved metadata to /net/scratch/hscra/plgrid/plgsmendowski12/ts2i_images/MGAB/232_MGAB_id_8_Synthetic_tr_25000_1st_32708_ts2i_SG_metadata.json
2026-02-08 13:03:01.056 | INFO     | src.pipelines.transform_time_series_to_images:run_pipeline:169 - Saved to /net/scratch/hscra/plgrid/plgsmendowski12/ts2i_images/MGAB/232_MGAB_id_8_Synthetic_tr_25000_1st_32708_ts2i_SG.zip
2026-02-08 13:03:02.345 | INFO     | src.pipelines.transform_time_series_to_images:run_pipeline:68 - Transforming 232_MGAB_id_8_Synthetic_tr_25000_1st_32708 using LP
2026-02-08 13:03:02.348 | INFO     | src.pipelines.transform_time_series_to_images:run_pipeline:86 - window_len=38, stride=38, resolution=64x64
2026-02-08 13:03:02.348 | INFO     | src.images.creators:create_png_image_dataset:126 - Running with n_workers: 15 for train=True set
2026-02-08 13:03:08.777 | INFO     | src.images.creators:create_png_image_dataset:126 - Running with n_workers: 15 for train=False set
2026-02-08 13:03:25.224 | INFO     | src.pipelines.transform_time_series_to_images:run_pipeline:166 - Saved metadata to /net/scratch/hscra/plgrid/plgsmendowski12/ts2i_images/MGAB/232_MGAB_id_8_Synthetic_tr_25000_1st_32708_ts2i_LP_metadata.json
2026-02-08 13:03:27.063 | INFO     | src.pipelines.transform_time_series_to_images:run_pipeline:169 - Saved to /net/scratch/hscra/plgrid/plgsmendowski12/ts2i_images/MGAB/232_MGAB_id_8_Synthetic_tr_25000_1st_32708_ts2i_LP.zip
2026-02-08 13:03:27.613 | INFO     | src.pipelines.transform_time_series_to_images:run_pipeline:68 - Transforming 232_MGAB_id_8_Synthetic_tr_25000_1st_32708 using GASF
2026-02-08 13:03:27.615 | INFO     | src.pipelines.transform_time_series_to_images:run_pipeline:86 - window_len=38, stride=38, resolution=64x64
2026-02-08 13:03:27.616 | INFO     | src.images.creators:create_png_image_dataset:126 - Running with n_workers: 15 for train=True set
2026-02-08 13:05:47.775 | INFO     | src.images.creators:create_png_image_dataset:126 - Running with n_workers: 15 for train=False set
2026-02-08 13:08:14.724 | INFO     | src.pipelines.transform_time_series_to_images:run_pipeline:166 - Saved metadata to /net/scratch/hscra/plgrid/plgsmendowski12/ts2i_images/MGAB/232_MGAB_id_8_Synthetic_tr_25000_1st_32708_ts2i_GASF_metadata.json
2026-02-08 13:08:16.548 | INFO     | src.pipelines.transform_time_series_to_images:run_pipeline:169 - Saved to /net/scratch/hscra/plgrid/plgsmendowski12/ts2i_images/MGAB/232_MGAB_id_8_Synthetic_tr_25000_1st_32708_ts2i_GASF.zip
2026-02-08 13:08:17.534 | INFO     | src.pipelines.transform_time_series_to_images:run_pipeline:68 - Transforming 232_MGAB_id_8_Synthetic_tr_25000_1st_32708 using GADF
2026-02-08 13:08:17.537 | INFO     | src.pipelines.transform_time_series_to_images:run_pipeline:86 - window_len=38, stride=38, resolution=64x64
2026-02-08 13:08:17.537 | INFO     | src.images.creators:create_png_image_dataset:126 - Running with n_workers: 15 for train=True set
2026-02-08 13:10:42.749 | INFO     | src.images.creators:create_png_image_dataset:126 - Running with n_workers: 15 for train=False set
2026-02-08 13:13:11.812 | INFO     | src.pipelines.transform_time_series_to_images:run_pipeline:166 - Saved metadata to /net/scratch/hscra/plgrid/plgsmendowski12/ts2i_images/MGAB/232_MGAB_id_8_Synthetic_tr_25000_1st_32708_ts2i_GADF_metadata.json
2026-02-08 13:13:13.978 | INFO     | src.pipelines.transform_time_series_to_images:run_pipeline:169 - Saved to /net/scratch/hscra/plgrid/plgsmendowski12/ts2i_images/MGAB/232_MGAB_id_8_Synthetic_tr_25000_1st_32708_ts2i_GADF.zip
2026-02-08 13:13:14.554 | INFO     | src.pipelines.transform_time_series_to_images:run_pipeline:68 - Transforming 232_MGAB_id_8_Synthetic_tr_25000_1st_32708 using MTF
2026-02-08 13:13:14.557 | INFO     | src.pipelines.transform_time_series_to_images:run_pipeline:86 - window_len=38, stride=38, resolution=64x64
2026-02-08 13:13:14.557 | INFO     | src.images.creators:create_png_image_dataset:126 - Running with n_workers: 15 for train=True set
2026-02-08 13:14:46.236 | INFO     | src.images.creators:create_png_image_dataset:126 - Running with n_workers: 15 for train=False set
2026-02-08 13:16:25.564 | INFO     | src.pipelines.transform_time_series_to_images:run_pipeline:166 - Saved metadata to /net/scratch/hscra/plgrid/plgsmendowski12/ts2i_images/MGAB/232_MGAB_id_8_Synthetic_tr_25000_1st_32708_ts2i_MTF_metadata.json
2026-02-08 13:16:28.338 | INFO     | src.pipelines.transform_time_series_to_images:run_pipeline:169 - Saved to /net/scratch/hscra/plgrid/plgsmendowski12/ts2i_images/MGAB/232_MGAB_id_8_Synthetic_tr_25000_1st_32708_ts2i_MTF.zip
2026-02-08 13:16:28.904 | INFO     | src.pipelines.transform_time_series_to_images:run_pipeline:68 - Transforming 232_MGAB_id_8_Synthetic_tr_25000_1st_32708 using RP
2026-02-08 13:16:28.908 | INFO     | src.pipelines.transform_time_series_to_images:run_pipeline:86 - window_len=38, stride=38, resolution=64x64
2026-02-08 13:16:28.908 | INFO     | src.images.creators:create_png_image_dataset:126 - Running with n_workers: 15 for train=True set
2026-02-08 13:16:32.461 | INFO     | src.images.creators:create_png_image_dataset:126 - Running with n_workers: 15 for train=False set
2026-02-08 13:16:41.240 | INFO     | src.pipelines.transform_time_series_to_images:run_pipeline:166 - Saved metadata to /net/scratch/hscra/plgrid/plgsmendowski12/ts2i_images/MGAB/232_MGAB_id_8_Synthetic_tr_25000_1st_32708_ts2i_RP_metadata.json
2026-02-08 13:16:43.411 | INFO     | src.pipelines.transform_time_series_to_images:run_pipeline:169 - Saved to /net/scratch/hscra/plgrid/plgsmendowski12/ts2i_images/MGAB/232_MGAB_id_8_Synthetic_tr_25000_1st_32708_ts2i_RP.zip
2026-02-08 13:16:44.048 | INFO     | src.pipelines.transform_time_series_to_images:run_pipeline:68 - Transforming 232_MGAB_id_8_Synthetic_tr_25000_1st_32708 using RWT
2026-02-08 13:16:44.052 | INFO     | src.pipelines.transform_time_series_to_images:run_pipeline:86 - window_len=38, stride=38, resolution=64x64
2026-02-08 13:16:44.052 | INFO     | src.images.creators:create_png_image_dataset:126 - Running with n_workers: 15 for train=True set
2026-02-08 13:16:48.423 | INFO     | src.images.creators:create_png_image_dataset:126 - Running with n_workers: 15 for train=False set
2026-02-08 13:17:00.365 | INFO     | src.pipelines.transform_time_series_to_images:run_pipeline:166 - Saved metadata to /net/scratch/hscra/plgrid/plgsmendowski12/ts2i_images/MGAB/232_MGAB_id_8_Synthetic_tr_25000_1st_32708_ts2i_RWT_metadata.json
2026-02-08 13:17:02.502 | INFO     | src.pipelines.transform_time_series_to_images:run_pipeline:169 - Saved to /net/scratch/hscra/plgrid/plgsmendowski12/ts2i_images/MGAB/232_MGAB_id_8_Synthetic_tr_25000_1st_32708_ts2i_RWT.zip
2026-02-08 13:17:03.092 | INFO     | src.pipelines.transform_time_series_to_images:run_pipeline:68 - Transforming 232_MGAB_id_8_Synthetic_tr_25000_1st_32708 using MWT
2026-02-08 13:17:03.096 | INFO     | src.pipelines.transform_time_series_to_images:run_pipeline:86 - window_len=38, stride=38, resolution=64x64
2026-02-08 13:17:03.096 | INFO     | src.images.creators:create_png_image_dataset:126 - Running with n_workers: 15 for train=True set
2026-02-08 13:17:07.399 | INFO     | src.images.creators:create_png_image_dataset:126 - Running with n_workers: 15 for train=False set
2026-02-08 13:17:19.249 | INFO     | src.pipelines.transform_time_series_to_images:run_pipeline:166 - Saved metadata to /net/scratch/hscra/plgrid/plgsmendowski12/ts2i_images/MGAB/232_MGAB_id_8_Synthetic_tr_25000_1st_32708_ts2i_MWT_metadata.json
2026-02-08 13:17:21.094 | INFO     | src.pipelines.transform_time_series_to_images:run_pipeline:169 - Saved to /net/scratch/hscra/plgrid/plgsmendowski12/ts2i_images/MGAB/232_MGAB_id_8_Synthetic_tr_25000_1st_32708_ts2i_MWT.zip
2026-02-08 13:17:21.723 | INFO     | src.pipelines.transform_time_series_to_images:run_pipeline:68 - Transforming 232_MGAB_id_8_Synthetic_tr_25000_1st_32708 using SPIRAL
2026-02-08 13:17:21.725 | INFO     | src.pipelines.transform_time_series_to_images:run_pipeline:86 - window_len=38, stride=38, resolution=64x64
2026-02-08 13:17:21.725 | INFO     | src.images.creators:create_png_image_dataset:126 - Running with n_workers: 15 for train=True set
2026-02-08 13:17:24.616 | INFO     | src.images.creators:create_png_image_dataset:126 - Running with n_workers: 15 for train=False set
2026-02-08 13:17:33.193 | INFO     | src.pipelines.transform_time_series_to_images:run_pipeline:166 - Saved metadata to /net/scratch/hscra/plgrid/plgsmendowski12/ts2i_images/MGAB/232_MGAB_id_8_Synthetic_tr_25000_1st_32708_ts2i_SPIRAL_metadata.json
2026-02-08 13:17:35.684 | INFO     | src.pipelines.transform_time_series_to_images:run_pipeline:169 - Saved to /net/scratch/hscra/plgrid/plgsmendowski12/ts2i_images/MGAB/232_MGAB_id_8_Synthetic_tr_25000_1st_32708_ts2i_SPIRAL.zip
2026-02-08 13:17:36.277 | INFO     | src.pipelines.transform_time_series_to_images:run_pipeline:45 - Loading data from data/TSB-AD/TSB-AD-U/233_MGAB_id_9_Synthetic_tr_25000_1st_41300.csv
2026-02-08 13:17:36.310 | INFO     | src.time_series.loaders:load_tsb_ad_u:91 - Found optimal window_len=38
2026-02-08 13:17:36.311 | INFO     | src.pipelines.transform_time_series_to_images:run_pipeline:68 - Transforming 233_MGAB_id_9_Synthetic_tr_25000_1st_41300 using RN
2026-02-08 13:17:36.314 | INFO     | src.pipelines.transform_time_series_to_images:run_pipeline:86 - window_len=38, stride=38, resolution=64x64
2026-02-08 13:17:36.314 | INFO     | src.images.creators:create_png_image_dataset:126 - Running with n_workers: 15 for train=True set
2026-02-08 13:17:39.769 | INFO     | src.images.creators:create_png_image_dataset:126 - Running with n_workers: 15 for train=False set
2026-02-08 13:17:48.987 | INFO     | src.pipelines.transform_time_series_to_images:run_pipeline:166 - Saved metadata to /net/scratch/hscra/plgrid/plgsmendowski12/ts2i_images/MGAB/233_MGAB_id_9_Synthetic_tr_25000_1st_41300_ts2i_RN_metadata.json
2026-02-08 13:17:50.948 | INFO     | src.pipelines.transform_time_series_to_images:run_pipeline:169 - Saved to /net/scratch/hscra/plgrid/plgsmendowski12/ts2i_images/MGAB/233_MGAB_id_9_Synthetic_tr_25000_1st_41300_ts2i_RN.zip
2026-02-08 13:17:51.588 | INFO     | src.pipelines.transform_time_series_to_images:run_pipeline:68 - Transforming 233_MGAB_id_9_Synthetic_tr_25000_1st_41300 using SG
2026-02-08 13:17:51.591 | INFO     | src.pipelines.transform_time_series_to_images:run_pipeline:86 - window_len=38, stride=38, resolution=64x64
2026-02-08 13:17:51.591 | INFO     | src.images.creators:create_png_image_dataset:126 - Running with n_workers: 15 for train=True set
2026-02-08 13:17:54.451 | INFO     | src.images.creators:create_png_image_dataset:126 - Running with n_workers: 15 for train=False set
2026-02-08 13:18:02.331 | INFO     | src.pipelines.transform_time_series_to_images:run_pipeline:166 - Saved metadata to /net/scratch/hscra/plgrid/plgsmendowski12/ts2i_images/MGAB/233_MGAB_id_9_Synthetic_tr_25000_1st_41300_ts2i_SG_metadata.json
2026-02-08 13:18:04.007 | INFO     | src.pipelines.transform_time_series_to_images:run_pipeline:169 - Saved to /net/scratch/hscra/plgrid/plgsmendowski12/ts2i_images/MGAB/233_MGAB_id_9_Synthetic_tr_25000_1st_41300_ts2i_SG.zip
2026-02-08 13:18:04.607 | INFO     | src.pipelines.transform_time_series_to_images:run_pipeline:68 - Transforming 233_MGAB_id_9_Synthetic_tr_25000_1st_41300 using LP
2026-02-08 13:18:04.610 | INFO     | src.pipelines.transform_time_series_to_images:run_pipeline:86 - window_len=38, stride=38, resolution=64x64
2026-02-08 13:18:04.610 | INFO     | src.images.creators:create_png_image_dataset:126 - Running with n_workers: 15 for train=True set
2026-02-08 13:18:11.665 | INFO     | src.images.creators:create_png_image_dataset:126 - Running with n_workers: 15 for train=False set
2026-02-08 13:18:29.815 | INFO     | src.pipelines.transform_time_series_to_images:run_pipeline:166 - Saved metadata to /net/scratch/hscra/plgrid/plgsmendowski12/ts2i_images/MGAB/233_MGAB_id_9_Synthetic_tr_25000_1st_41300_ts2i_LP_metadata.json
2026-02-08 13:18:31.464 | INFO     | src.pipelines.transform_time_series_to_images:run_pipeline:169 - Saved to /net/scratch/hscra/plgrid/plgsmendowski12/ts2i_images/MGAB/233_MGAB_id_9_Synthetic_tr_25000_1st_41300_ts2i_LP.zip
2026-02-08 13:18:32.413 | INFO     | src.pipelines.transform_time_series_to_images:run_pipeline:68 - Transforming 233_MGAB_id_9_Synthetic_tr_25000_1st_41300 using GASF
2026-02-08 13:18:32.416 | INFO     | src.pipelines.transform_time_series_to_images:run_pipeline:86 - window_len=38, stride=38, resolution=64x64
2026-02-08 13:18:32.416 | INFO     | src.images.creators:create_png_image_dataset:126 - Running with n_workers: 15 for train=True set
2026-02-08 13:20:56.291 | INFO     | src.images.creators:create_png_image_dataset:126 - Running with n_workers: 15 for train=False set
2026-02-08 13:23:28.685 | INFO     | src.pipelines.transform_time_series_to_images:run_pipeline:166 - Saved metadata to /net/scratch/hscra/plgrid/plgsmendowski12/ts2i_images/MGAB/233_MGAB_id_9_Synthetic_tr_25000_1st_41300_ts2i_GASF_metadata.json
2026-02-08 13:23:30.492 | INFO     | src.pipelines.transform_time_series_to_images:run_pipeline:169 - Saved to /net/scratch/hscra/plgrid/plgsmendowski12/ts2i_images/MGAB/233_MGAB_id_9_Synthetic_tr_25000_1st_41300_ts2i_GASF.zip
2026-02-08 13:23:31.116 | INFO     | src.pipelines.transform_time_series_to_images:run_pipeline:68 - Transforming 233_MGAB_id_9_Synthetic_tr_25000_1st_41300 using GADF
2026-02-08 13:23:31.119 | INFO     | src.pipelines.transform_time_series_to_images:run_pipeline:86 - window_len=38, stride=38, resolution=64x64
2026-02-08 13:23:31.119 | INFO     | src.images.creators:create_png_image_dataset:126 - Running with n_workers: 15 for train=True set
2026-02-08 13:25:59.003 | INFO     | src.images.creators:create_png_image_dataset:126 - Running with n_workers: 15 for train=False set
2026-02-08 13:28:30.328 | INFO     | src.pipelines.transform_time_series_to_images:run_pipeline:166 - Saved metadata to /net/scratch/hscra/plgrid/plgsmendowski12/ts2i_images/MGAB/233_MGAB_id_9_Synthetic_tr_25000_1st_41300_ts2i_GADF_metadata.json
2026-02-08 13:28:32.150 | INFO     | src.pipelines.transform_time_series_to_images:run_pipeline:169 - Saved to /net/scratch/hscra/plgrid/plgsmendowski12/ts2i_images/MGAB/233_MGAB_id_9_Synthetic_tr_25000_1st_41300_ts2i_GADF.zip
2026-02-08 13:28:32.735 | INFO     | src.pipelines.transform_time_series_to_images:run_pipeline:68 - Transforming 233_MGAB_id_9_Synthetic_tr_25000_1st_41300 using MTF
2026-02-08 13:28:32.738 | INFO     | src.pipelines.transform_time_series_to_images:run_pipeline:86 - window_len=38, stride=38, resolution=64x64
2026-02-08 13:28:32.738 | INFO     | src.images.creators:create_png_image_dataset:126 - Running with n_workers: 15 for train=True set
2026-02-08 13:29:52.769 | INFO     | src.images.creators:create_png_image_dataset:126 - Running with n_workers: 15 for train=False set
2026-02-08 13:31:18.889 | INFO     | src.pipelines.transform_time_series_to_images:run_pipeline:166 - Saved metadata to /net/scratch/hscra/plgrid/plgsmendowski12/ts2i_images/MGAB/233_MGAB_id_9_Synthetic_tr_25000_1st_41300_ts2i_MTF_metadata.json
2026-02-08 13:31:20.668 | INFO     | src.pipelines.transform_time_series_to_images:run_pipeline:169 - Saved to /net/scratch/hscra/plgrid/plgsmendowski12/ts2i_images/MGAB/233_MGAB_id_9_Synthetic_tr_25000_1st_41300_ts2i_MTF.zip
2026-02-08 13:31:21.655 | INFO     | src.pipelines.transform_time_series_to_images:run_pipeline:68 - Transforming 233_MGAB_id_9_Synthetic_tr_25000_1st_41300 using RP
2026-02-08 13:31:21.658 | INFO     | src.pipelines.transform_time_series_to_images:run_pipeline:86 - window_len=38, stride=38, resolution=64x64
2026-02-08 13:31:21.658 | INFO     | src.images.creators:create_png_image_dataset:126 - Running with n_workers: 15 for train=True set
2026-02-08 13:31:24.644 | INFO     | src.images.creators:create_png_image_dataset:126 - Running with n_workers: 15 for train=False set
2026-02-08 13:31:34.418 | INFO     | src.pipelines.transform_time_series_to_images:run_pipeline:166 - Saved metadata to /net/scratch/hscra/plgrid/plgsmendowski12/ts2i_images/MGAB/233_MGAB_id_9_Synthetic_tr_25000_1st_41300_ts2i_RP_metadata.json
2026-02-08 13:31:36.521 | INFO     | src.pipelines.transform_time_series_to_images:run_pipeline:169 - Saved to /net/scratch/hscra/plgrid/plgsmendowski12/ts2i_images/MGAB/233_MGAB_id_9_Synthetic_tr_25000_1st_41300_ts2i_RP.zip
2026-02-08 13:31:37.128 | INFO     | src.pipelines.transform_time_series_to_images:run_pipeline:68 - Transforming 233_MGAB_id_9_Synthetic_tr_25000_1st_41300 using RWT
2026-02-08 13:31:37.131 | INFO     | src.pipelines.transform_time_series_to_images:run_pipeline:86 - window_len=38, stride=38, resolution=64x64
2026-02-08 13:31:37.131 | INFO     | src.images.creators:create_png_image_dataset:126 - Running with n_workers: 15 for train=True set
2026-02-08 13:31:41.403 | INFO     | src.images.creators:create_png_image_dataset:126 - Running with n_workers: 15 for train=False set
2026-02-08 13:31:52.708 | INFO     | src.pipelines.transform_time_series_to_images:run_pipeline:166 - Saved metadata to /net/scratch/hscra/plgrid/plgsmendowski12/ts2i_images/MGAB/233_MGAB_id_9_Synthetic_tr_25000_1st_41300_ts2i_RWT_metadata.json
2026-02-08 13:31:54.499 | INFO     | src.pipelines.transform_time_series_to_images:run_pipeline:169 - Saved to /net/scratch/hscra/plgrid/plgsmendowski12/ts2i_images/MGAB/233_MGAB_id_9_Synthetic_tr_25000_1st_41300_ts2i_RWT.zip
2026-02-08 13:31:55.037 | INFO     | src.pipelines.transform_time_series_to_images:run_pipeline:68 - Transforming 233_MGAB_id_9_Synthetic_tr_25000_1st_41300 using MWT
2026-02-08 13:31:55.040 | INFO     | src.pipelines.transform_time_series_to_images:run_pipeline:86 - window_len=38, stride=38, resolution=64x64
2026-02-08 13:31:55.040 | INFO     | src.images.creators:create_png_image_dataset:126 - Running with n_workers: 15 for train=True set
2026-02-08 13:31:59.326 | INFO     | src.images.creators:create_png_image_dataset:126 - Running with n_workers: 15 for train=False set
2026-02-08 13:32:11.617 | INFO     | src.pipelines.transform_time_series_to_images:run_pipeline:166 - Saved metadata to /net/scratch/hscra/plgrid/plgsmendowski12/ts2i_images/MGAB/233_MGAB_id_9_Synthetic_tr_25000_1st_41300_ts2i_MWT_metadata.json
2026-02-08 13:32:13.482 | INFO     | src.pipelines.transform_time_series_to_images:run_pipeline:169 - Saved to /net/scratch/hscra/plgrid/plgsmendowski12/ts2i_images/MGAB/233_MGAB_id_9_Synthetic_tr_25000_1st_41300_ts2i_MWT.zip
2026-02-08 13:32:14.088 | INFO     | src.pipelines.transform_time_series_to_images:run_pipeline:68 - Transforming 233_MGAB_id_9_Synthetic_tr_25000_1st_41300 using SPIRAL
2026-02-08 13:32:14.091 | INFO     | src.pipelines.transform_time_series_to_images:run_pipeline:86 - window_len=38, stride=38, resolution=64x64
2026-02-08 13:32:14.091 | INFO     | src.images.creators:create_png_image_dataset:126 - Running with n_workers: 15 for train=True set
2026-02-08 13:32:17.385 | INFO     | src.images.creators:create_png_image_dataset:126 - Running with n_workers: 15 for train=False set
2026-02-08 13:32:24.876 | INFO     | src.pipelines.transform_time_series_to_images:run_pipeline:166 - Saved metadata to /net/scratch/hscra/plgrid/plgsmendowski12/ts2i_images/MGAB/233_MGAB_id_9_Synthetic_tr_25000_1st_41300_ts2i_SPIRAL_metadata.json
2026-02-08 13:32:26.755 | INFO     | src.pipelines.transform_time_series_to_images:run_pipeline:169 - Saved to /net/scratch/hscra/plgrid/plgsmendowski12/ts2i_images/MGAB/233_MGAB_id_9_Synthetic_tr_25000_1st_41300_ts2i_SPIRAL.zip
warning: Using incompatible environment (`/net/scratch/hscra/plgrid/plgsmendowski12/.venv_ts2img`) due to `--no-sync` (The project environment's Python version does not satisfy the request: `Python 3.10.13`)
2026-02-08 13:32:38.316 | INFO     | src.pipelines.train_vision_backbones:run_pipeline:39 - Loading configuration from configs/default.yaml
2026-02-08 13:32:38.341 | INFO     | src.pipelines.train_vision_backbones:run_pipeline:70 - Using zip: /net/scratch/hscra/plgrid/plgsmendowski12/ts2i_images/MGAB/232_MGAB_id_8_Synthetic_tr_25000_1st_32708_ts2i_RN.zip for transformation RN
2026-02-08 13:32:41.977 | INFO     | src.pipelines.train_vision_backbones:run_pipeline:170 - Train images: 525
2026-02-08 13:32:41.977 | INFO     | src.pipelines.train_vision_backbones:run_pipeline:171 - Test images: 1973
2026-02-08 13:32:41.989 | INFO     | src.pipelines.train_vision_backbones:run_pipeline:176 - Training cnn_autoencoder on RN
2026-02-08 13:32:43.032 | INFO     | src.models.cnn_autoencoder.training:train_autoencoder:22 - Device: cuda | Model on: cuda:0
2026-02-08 13:34:23.559 | INFO     | src.pipelines.train_vision_backbones:run_pipeline:193 - Evaluating cnn_autoencoder on RN
2026-02-08 13:34:25.255 | INFO     | src.models.evaluation:evaluate_tsb_ad_nonoverlapping:65 - Normal (74800) reconstruction error: mean=0.6263, std=0.4581
2026-02-08 13:34:25.255 | INFO     | src.models.evaluation:evaluate_tsb_ad_nonoverlapping:66 - Anomaly (200) reconstruction error: mean=0.6786, std=0.4434
2026-02-08 13:34:25.256 | INFO     | src.models.evaluation:evaluate_tsb_ad_nonoverlapping:67 - Overlap? Normal max=1.0000, Anomaly min=0.0002
2026-02-08 13:34:42.143 | INFO     | src.models.evaluation:evaluate_tsb_ad_nonoverlapping:83 - {'AUC-PR': 0.004921432042051371, 'AUC-ROC': 0.5894593582887702, 'VUS-PR': np.float64(0.00800486306336486), 'VUS-ROC': np.float64(0.5860652529299617), 'Standard-F1': np.float64(0.02094053359620683), 'PA-F1': 0.016129032258064516, 'Event-based-F1': np.float64(0.016129032258064366), 'R-based-F1': 0.01976284584980237, 'Affiliation-F': 0.665491486563939}
2026-02-08 13:34:42.311 | INFO     | src.pipelines.train_vision_backbones:run_pipeline:170 - Train images: 525
2026-02-08 13:34:42.311 | INFO     | src.pipelines.train_vision_backbones:run_pipeline:171 - Test images: 1973
2026-02-08 13:34:42.591 | INFO     | src.pipelines.train_vision_backbones:run_pipeline:176 - Training resnet18_autoencoder_frozen on RN
2026-02-08 13:34:42.604 | INFO     | src.models.resnet18_autoencoder.training:train_autoencoder_frozen:25 - Device: cuda | Model on: cuda:0
2026-02-08 13:36:03.725 | INFO     | src.pipelines.train_vision_backbones:run_pipeline:193 - Evaluating resnet18_autoencoder_frozen on RN
2026-02-08 13:36:05.682 | INFO     | src.models.evaluation:evaluate_tsb_ad_nonoverlapping:65 - Normal (74800) reconstruction error: mean=0.5690, std=0.4164
2026-02-08 13:36:05.683 | INFO     | src.models.evaluation:evaluate_tsb_ad_nonoverlapping:66 - Anomaly (200) reconstruction error: mean=0.6113, std=0.3997
2026-02-08 13:36:05.683 | INFO     | src.models.evaluation:evaluate_tsb_ad_nonoverlapping:67 - Overlap? Normal max=1.0000, Anomaly min=0.0000
2026-02-08 13:36:21.574 | INFO     | src.models.evaluation:evaluate_tsb_ad_nonoverlapping:83 - {'AUC-PR': 0.0043064919515429295, 'AUC-ROC': 0.5004197860962567, 'VUS-PR': np.float64(0.006801512893013934), 'VUS-ROC': np.float64(0.48855245643195855), 'Standard-F1': np.float64(0.029848206943588383), 'PA-F1': 0.029850746268656716, 'Event-based-F1': np.float64(0.029850746268656463), 'R-based-F1': 0.03262642740619902, 'Affiliation-F': 0.6663150302541673}
2026-02-08 13:36:21.744 | INFO     | src.pipelines.train_vision_backbones:run_pipeline:170 - Train images: 525
2026-02-08 13:36:21.744 | INFO     | src.pipelines.train_vision_backbones:run_pipeline:171 - Test images: 1973
2026-02-08 13:36:21.961 | INFO     | src.pipelines.train_vision_backbones:run_pipeline:176 - Training resnet18_autoencoder_progressive_unfreeze on RN
2026-02-08 13:36:21.976 | INFO     | src.models.resnet18_autoencoder.training:train_autoencoder_progressive_unfreeze:133 - Device: cuda | Model on: cuda:0
2026-02-08 13:37:39.377 | INFO     | src.pipelines.train_vision_backbones:run_pipeline:193 - Evaluating resnet18_autoencoder_progressive_unfreeze on RN
2026-02-08 13:37:41.654 | INFO     | src.models.evaluation:evaluate_tsb_ad_nonoverlapping:65 - Normal (74800) reconstruction error: mean=0.5181, std=0.3802
2026-02-08 13:37:41.655 | INFO     | src.models.evaluation:evaluate_tsb_ad_nonoverlapping:66 - Anomaly (200) reconstruction error: mean=0.5625, std=0.3685
2026-02-08 13:37:41.655 | INFO     | src.models.evaluation:evaluate_tsb_ad_nonoverlapping:67 - Overlap? Normal max=1.0000, Anomaly min=0.0007
2026-02-08 13:37:56.659 | INFO     | src.models.evaluation:evaluate_tsb_ad_nonoverlapping:83 - {'AUC-PR': 0.0039814609403551575, 'AUC-ROC': 0.53965628342246, 'VUS-PR': np.float64(0.007741710402446834), 'VUS-ROC': np.float64(0.5592196746931528), 'Standard-F1': np.float64(0.013147289301916165), 'PA-F1': 0.020754064337599448, 'Event-based-F1': np.float64(0.011229946524064153), 'R-based-F1': 0.019122090047594166, 'Affiliation-F': 0.6678408297648316}
2026-02-08 13:37:56.827 | INFO     | src.pipelines.train_vision_backbones:run_pipeline:170 - Train images: 525
2026-02-08 13:37:56.828 | INFO     | src.pipelines.train_vision_backbones:run_pipeline:171 - Test images: 1973
2026-02-08 13:37:57.041 | INFO     | src.pipelines.train_vision_backbones:run_pipeline:176 - Training resnet18_autoencoder_differential_lr on RN
2026-02-08 13:37:57.054 | INFO     | src.models.resnet18_autoencoder.training:train_autoencoder_differential_lr:271 - Device: cuda | Model on: cuda:0
2026-02-08 13:39:27.295 | INFO     | src.pipelines.train_vision_backbones:run_pipeline:193 - Evaluating resnet18_autoencoder_differential_lr on RN
2026-02-08 13:39:29.283 | INFO     | src.models.evaluation:evaluate_tsb_ad_nonoverlapping:65 - Normal (74800) reconstruction error: mean=0.5826, std=0.4239
2026-02-08 13:39:29.284 | INFO     | src.models.evaluation:evaluate_tsb_ad_nonoverlapping:66 - Anomaly (200) reconstruction error: mean=0.6120, std=0.3989
2026-02-08 13:39:29.284 | INFO     | src.models.evaluation:evaluate_tsb_ad_nonoverlapping:67 - Overlap? Normal max=1.0000, Anomaly min=0.0002
2026-02-08 13:39:45.440 | INFO     | src.models.evaluation:evaluate_tsb_ad_nonoverlapping:83 - {'AUC-PR': 0.0025311259799320534, 'AUC-ROC': 0.4440219251336898, 'VUS-PR': np.float64(0.005034356458700302), 'VUS-ROC': np.float64(0.45429279288953167), 'Standard-F1': np.float64(0.0059185764979944), 'PA-F1': 0.029476787030213707, 'Event-based-F1': np.float64(0.005783928940301582), 'R-based-F1': 0.0067180333970117455, 'Affiliation-F': 0.6688505464226088}
2026-02-08 13:39:45.610 | INFO     | src.pipelines.train_vision_backbones:run_pipeline:170 - Train images: 525
2026-02-08 13:39:45.610 | INFO     | src.pipelines.train_vision_backbones:run_pipeline:171 - Test images: 1973
2026-02-08 13:39:46.673 | INFO     | src.pipelines.train_vision_backbones:run_pipeline:176 - Training pvt_autoencoder_frozen on RN
2026-02-08 13:39:46.695 | INFO     | src.models.pvt_autoencoder.training:train_pvt_autoencoder_frozen:24 - Device: cuda | Model on: cuda:0
2026-02-08 13:41:16.147 | INFO     | src.pipelines.train_vision_backbones:run_pipeline:193 - Evaluating pvt_autoencoder_frozen on RN
2026-02-08 13:41:19.271 | INFO     | src.models.evaluation:evaluate_tsb_ad_nonoverlapping:65 - Normal (74800) reconstruction error: mean=0.6135, std=0.4478
2026-02-08 13:41:19.271 | INFO     | src.models.evaluation:evaluate_tsb_ad_nonoverlapping:66 - Anomaly (200) reconstruction error: mean=0.6647, std=0.4338
2026-02-08 13:41:19.271 | INFO     | src.models.evaluation:evaluate_tsb_ad_nonoverlapping:67 - Overlap? Normal max=1.0000, Anomaly min=0.0005
2026-02-08 13:41:36.067 | INFO     | src.models.evaluation:evaluate_tsb_ad_nonoverlapping:83 - {'AUC-PR': 0.00510464940271123, 'AUC-ROC': 0.5605867647058824, 'VUS-PR': np.float64(0.00705182497995881), 'VUS-ROC': np.float64(0.5481217275943797), 'Standard-F1': np.float64(0.029848206943588383), 'PA-F1': 0.022271714922048998, 'Event-based-F1': np.float64(0.022271714922048796), 'R-based-F1': 0.027510316368638238, 'Affiliation-F': 0.6678408297648316}
2026-02-08 13:41:36.384 | INFO     | src.pipelines.train_vision_backbones:run_pipeline:170 - Train images: 525
2026-02-08 13:41:36.384 | INFO     | src.pipelines.train_vision_backbones:run_pipeline:171 - Test images: 1973
2026-02-08 13:41:37.340 | INFO     | src.pipelines.train_vision_backbones:run_pipeline:176 - Training pvt_autoencoder_progressive_unfreeze on RN
2026-02-08 13:41:37.365 | INFO     | src.models.pvt_autoencoder.training:train_pvt_autoencoder_progressive_unfreeze:132 - Device: cuda | Model on: cuda:0
2026-02-08 13:43:44.848 | INFO     | src.pipelines.train_vision_backbones:run_pipeline:193 - Evaluating pvt_autoencoder_progressive_unfreeze on RN
2026-02-08 13:43:48.143 | INFO     | src.models.evaluation:evaluate_tsb_ad_nonoverlapping:65 - Normal (74800) reconstruction error: mean=0.6135, std=0.4480
2026-02-08 13:43:48.143 | INFO     | src.models.evaluation:evaluate_tsb_ad_nonoverlapping:66 - Anomaly (200) reconstruction error: mean=0.6545, std=0.4274
2026-02-08 13:43:48.143 | INFO     | src.models.evaluation:evaluate_tsb_ad_nonoverlapping:67 - Overlap? Normal max=1.0000, Anomaly min=0.0009
2026-02-08 13:44:04.845 | INFO     | src.models.evaluation:evaluate_tsb_ad_nonoverlapping:83 - {'AUC-PR': 0.0026333642444361883, 'AUC-ROC': 0.4652681818181818, 'VUS-PR': np.float64(0.005219370065305924), 'VUS-ROC': np.float64(0.4738797062230896), 'Standard-F1': np.float64(0.0059858905669454895), 'PA-F1': 0.005918660691637778, 'Event-based-F1': np.float64(0.00591866069163777), 'R-based-F1': 0.007456063250054666, 'Affiliation-F': 0.6672228601418263}
2026-02-08 13:44:05.025 | INFO     | src.pipelines.train_vision_backbones:run_pipeline:170 - Train images: 525
2026-02-08 13:44:05.025 | INFO     | src.pipelines.train_vision_backbones:run_pipeline:171 - Test images: 1973
2026-02-08 13:44:05.982 | INFO     | src.pipelines.train_vision_backbones:run_pipeline:176 - Training pvt_autoencoder_differential_lr on RN
2026-02-08 13:44:06.007 | INFO     | src.models.pvt_autoencoder.training:train_pvt_autoencoder_differential_lr:267 - Device: cuda | Model on: cuda:0
2026-02-08 13:45:55.153 | INFO     | src.pipelines.train_vision_backbones:run_pipeline:193 - Evaluating pvt_autoencoder_differential_lr on RN
2026-02-08 13:45:58.932 | INFO     | src.models.evaluation:evaluate_tsb_ad_nonoverlapping:65 - Normal (74800) reconstruction error: mean=0.6165, std=0.4497
2026-02-08 13:45:58.932 | INFO     | src.models.evaluation:evaluate_tsb_ad_nonoverlapping:66 - Anomaly (200) reconstruction error: mean=0.6601, std=0.4314
2026-02-08 13:45:58.933 | INFO     | src.models.evaluation:evaluate_tsb_ad_nonoverlapping:67 - Overlap? Normal max=1.0000, Anomaly min=0.0005
2026-02-08 13:46:15.758 | INFO     | src.models.evaluation:evaluate_tsb_ad_nonoverlapping:83 - {'AUC-PR': 0.0028147856606857394, 'AUC-ROC': 0.4736303475935828, 'VUS-PR': np.float64(0.005622985507025632), 'VUS-ROC': np.float64(0.4740820339831575), 'Standard-F1': np.float64(0.007283008460510734), 'PA-F1': 0.008316584655901309, 'Event-based-F1': np.float64(0.006424146633696163), 'R-based-F1': 0.03483962148554529, 'Affiliation-F': 0.665491486563939}
2026-02-08 13:46:16.742 | INFO     | src.pipelines.train_vision_backbones:run_pipeline:70 - Using zip: /net/scratch/hscra/plgrid/plgsmendowski12/ts2i_images/MGAB/232_MGAB_id_8_Synthetic_tr_25000_1st_32708_ts2i_LP.zip for transformation LP
2026-02-08 13:46:20.140 | INFO     | src.pipelines.train_vision_backbones:run_pipeline:170 - Train images: 525
2026-02-08 13:46:20.141 | INFO     | src.pipelines.train_vision_backbones:run_pipeline:171 - Test images: 1973
2026-02-08 13:46:20.148 | INFO     | src.pipelines.train_vision_backbones:run_pipeline:176 - Training cnn_autoencoder on LP
2026-02-08 13:46:20.153 | INFO     | src.models.cnn_autoencoder.training:train_autoencoder:22 - Device: cuda | Model on: cuda:0
2026-02-08 13:48:04.716 | INFO     | src.pipelines.train_vision_backbones:run_pipeline:193 - Evaluating cnn_autoencoder on LP
2026-02-08 13:48:06.732 | INFO     | src.models.evaluation:evaluate_tsb_ad_nonoverlapping:65 - Normal (74800) reconstruction error: mean=0.2953, std=0.1484
2026-02-08 13:48:06.732 | INFO     | src.models.evaluation:evaluate_tsb_ad_nonoverlapping:66 - Anomaly (200) reconstruction error: mean=0.3901, std=0.1385
2026-02-08 13:48:06.732 | INFO     | src.models.evaluation:evaluate_tsb_ad_nonoverlapping:67 - Overlap? Normal max=1.0000, Anomaly min=0.0000
2026-02-08 13:48:17.989 | INFO     | src.models.evaluation:evaluate_tsb_ad_nonoverlapping:83 - {'AUC-PR': 0.006260699949722193, 'AUC-ROC': 0.6983495989304813, 'VUS-PR': np.float64(0.011715829593489517), 'VUS-ROC': np.float64(0.7525673942809956), 'Standard-F1': np.float64(0.018704887007778705), 'PA-F1': 0.022430954717510165, 'Event-based-F1': np.float64(0.017812963879267646), 'R-based-F1': 0.019031195030868933, 'Affiliation-F': 0.6755071239357908}
2026-02-08 13:48:18.151 | INFO     | src.pipelines.train_vision_backbones:run_pipeline:170 - Train images: 525
2026-02-08 13:48:18.152 | INFO     | src.pipelines.train_vision_backbones:run_pipeline:171 - Test images: 1973
2026-02-08 13:48:18.374 | INFO     | src.pipelines.train_vision_backbones:run_pipeline:176 - Training resnet18_autoencoder_frozen on LP
2026-02-08 13:48:18.388 | INFO     | src.models.resnet18_autoencoder.training:train_autoencoder_frozen:25 - Device: cuda | Model on: cuda:0
2026-02-08 13:48:59.346 | INFO     | src.pipelines.train_vision_backbones:run_pipeline:193 - Evaluating resnet18_autoencoder_frozen on LP
2026-02-08 13:49:01.558 | INFO     | src.models.evaluation:evaluate_tsb_ad_nonoverlapping:65 - Normal (74800) reconstruction error: mean=0.3692, std=0.1811
2026-02-08 13:49:01.558 | INFO     | src.models.evaluation:evaluate_tsb_ad_nonoverlapping:66 - Anomaly (200) reconstruction error: mean=0.4545, std=0.2053
2026-02-08 13:49:01.558 | INFO     | src.models.evaluation:evaluate_tsb_ad_nonoverlapping:67 - Overlap? Normal max=1.0000, Anomaly min=0.0678
2026-02-08 13:49:14.588 | INFO     | src.models.evaluation:evaluate_tsb_ad_nonoverlapping:83 - {'AUC-PR': 0.007835716487603665, 'AUC-ROC': 0.629238770053476, 'VUS-PR': np.float64(0.010438688059391932), 'VUS-ROC': np.float64(0.7233750807041058), 'Standard-F1': np.float64(0.05464083757847107), 'PA-F1': 0.0546448087431694, 'Event-based-F1': np.float64(0.054644808743168995), 'R-based-F1': 0.0546448087431694, 'Affiliation-F': 0.6809738874418706}
2026-02-08 13:49:14.746 | INFO     | src.pipelines.train_vision_backbones:run_pipeline:170 - Train images: 525
2026-02-08 13:49:14.747 | INFO     | src.pipelines.train_vision_backbones:run_pipeline:171 - Test images: 1973
2026-02-08 13:49:14.957 | INFO     | src.pipelines.train_vision_backbones:run_pipeline:176 - Training resnet18_autoencoder_progressive_unfreeze on LP
2026-02-08 13:49:14.971 | INFO     | src.models.resnet18_autoencoder.training:train_autoencoder_progressive_unfreeze:133 - Device: cuda | Model on: cuda:0
2026-02-08 13:50:27.007 | INFO     | src.pipelines.train_vision_backbones:run_pipeline:193 - Evaluating resnet18_autoencoder_progressive_unfreeze on LP
2026-02-08 13:50:28.828 | INFO     | src.models.evaluation:evaluate_tsb_ad_nonoverlapping:65 - Normal (74800) reconstruction error: mean=0.2910, std=0.1631
2026-02-08 13:50:28.828 | INFO     | src.models.evaluation:evaluate_tsb_ad_nonoverlapping:66 - Anomaly (200) reconstruction error: mean=0.4092, std=0.1845
2026-02-08 13:50:28.828 | INFO     | src.models.evaluation:evaluate_tsb_ad_nonoverlapping:67 - Overlap? Normal max=1.0000, Anomaly min=0.0280
2026-02-08 13:50:40.061 | INFO     | src.models.evaluation:evaluate_tsb_ad_nonoverlapping:83 - {'AUC-PR': 0.007594250639162458, 'AUC-ROC': 0.6855151069518717, 'VUS-PR': np.float64(0.013996960481037459), 'VUS-ROC': np.float64(0.7517886510715184), 'Standard-F1': np.float64(0.023253758970137522), 'PA-F1': 0.028208744710860368, 'Event-based-F1': np.float64(0.02198377388118288), 'R-based-F1': 0.023686685733379058, 'Affiliation-F': 0.6742515098955845}
2026-02-08 13:50:40.232 | INFO     | src.pipelines.train_vision_backbones:run_pipeline:170 - Train images: 525
2026-02-08 13:50:40.233 | INFO     | src.pipelines.train_vision_backbones:run_pipeline:171 - Test images: 1973
2026-02-08 13:50:40.453 | INFO     | src.pipelines.train_vision_backbones:run_pipeline:176 - Training resnet18_autoencoder_differential_lr on LP
2026-02-08 13:50:40.467 | INFO     | src.models.resnet18_autoencoder.training:train_autoencoder_differential_lr:271 - Device: cuda | Model on: cuda:0
2026-02-08 13:52:05.144 | INFO     | src.pipelines.train_vision_backbones:run_pipeline:193 - Evaluating resnet18_autoencoder_differential_lr on LP
2026-02-08 13:52:07.620 | INFO     | src.models.evaluation:evaluate_tsb_ad_nonoverlapping:65 - Normal (74800) reconstruction error: mean=0.2800, std=0.1588
2026-02-08 13:52:07.620 | INFO     | src.models.evaluation:evaluate_tsb_ad_nonoverlapping:66 - Anomaly (200) reconstruction error: mean=0.4246, std=0.1898
2026-02-08 13:52:07.620 | INFO     | src.models.evaluation:evaluate_tsb_ad_nonoverlapping:67 - Overlap? Normal max=1.0000, Anomaly min=0.0014
2026-02-08 13:52:18.618 | INFO     | src.models.evaluation:evaluate_tsb_ad_nonoverlapping:83 - {'AUC-PR': 0.0108192771456405, 'AUC-ROC': 0.7235410427807486, 'VUS-PR': np.float64(0.014938034928180924), 'VUS-ROC': np.float64(0.7564653013757068), 'Standard-F1': np.float64(0.04981102010291828), 'PA-F1': 0.049813200498132, 'Event-based-F1': np.float64(0.04981320049813179), 'R-based-F1': 0.049813200498131996, 'Affiliation-F': 0.6753608381926314}
2026-02-08 13:52:18.786 | INFO     | src.pipelines.train_vision_backbones:run_pipeline:170 - Train images: 525
2026-02-08 13:52:18.786 | INFO     | src.pipelines.train_vision_backbones:run_pipeline:171 - Test images: 1973
2026-02-08 13:52:19.772 | INFO     | src.pipelines.train_vision_backbones:run_pipeline:176 - Training pvt_autoencoder_frozen on LP
2026-02-08 13:52:19.796 | INFO     | src.models.pvt_autoencoder.training:train_pvt_autoencoder_frozen:24 - Device: cuda | Model on: cuda:0
2026-02-08 13:53:27.240 | INFO     | src.pipelines.train_vision_backbones:run_pipeline:193 - Evaluating pvt_autoencoder_frozen on LP
2026-02-08 13:53:29.272 | INFO     | src.models.evaluation:evaluate_tsb_ad_nonoverlapping:65 - Normal (74800) reconstruction error: mean=0.3031, std=0.1526
2026-02-08 13:53:29.272 | INFO     | src.models.evaluation:evaluate_tsb_ad_nonoverlapping:66 - Anomaly (200) reconstruction error: mean=0.4647, std=0.2290
2026-02-08 13:53:29.272 | INFO     | src.models.evaluation:evaluate_tsb_ad_nonoverlapping:67 - Overlap? Normal max=1.0000, Anomaly min=0.0642
2026-02-08 13:53:40.725 | INFO     | src.models.evaluation:evaluate_tsb_ad_nonoverlapping:83 - {'AUC-PR': 0.02928108684984775, 'AUC-ROC': 0.71966564171123, 'VUS-PR': np.float64(0.02525372369945257), 'VUS-ROC': np.float64(0.7390479563841977), 'Standard-F1': np.float64(0.15872537177450202), 'PA-F1': 0.15873015873015872, 'Event-based-F1': np.float64(0.15873015873015822), 'R-based-F1': 0.1587301587301587, 'Affiliation-F': 0.6678232484318888}
2026-02-08 13:53:40.888 | INFO     | src.pipelines.train_vision_backbones:run_pipeline:170 - Train images: 525
2026-02-08 13:53:40.888 | INFO     | src.pipelines.train_vision_backbones:run_pipeline:171 - Test images: 1973
2026-02-08 13:53:41.915 | INFO     | src.pipelines.train_vision_backbones:run_pipeline:176 - Training pvt_autoencoder_progressive_unfreeze on LP
2026-02-08 13:53:41.939 | INFO     | src.models.pvt_autoencoder.training:train_pvt_autoencoder_progressive_unfreeze:132 - Device: cuda | Model on: cuda:0
2026-02-08 13:55:15.824 | INFO     | src.pipelines.train_vision_backbones:run_pipeline:193 - Evaluating pvt_autoencoder_progressive_unfreeze on LP
2026-02-08 13:55:18.204 | INFO     | src.models.evaluation:evaluate_tsb_ad_nonoverlapping:65 - Normal (74800) reconstruction error: mean=0.2652, std=0.1304
2026-02-08 13:55:18.204 | INFO     | src.models.evaluation:evaluate_tsb_ad_nonoverlapping:66 - Anomaly (200) reconstruction error: mean=0.4605, std=0.2685
2026-02-08 13:55:18.205 | INFO     | src.models.evaluation:evaluate_tsb_ad_nonoverlapping:67 - Overlap? Normal max=1.0000, Anomaly min=0.0497
2026-02-08 13:55:28.861 | INFO     | src.models.evaluation:evaluate_tsb_ad_nonoverlapping:83 - {'AUC-PR': 0.09594082585145255, 'AUC-ROC': 0.7121260695187166, 'VUS-PR': np.float64(0.05126258853811228), 'VUS-ROC': np.float64(0.7412642486267277), 'Standard-F1': np.float64(0.20689203339237416), 'PA-F1': 0.20689655172413793, 'Event-based-F1': np.float64(0.20689655172413746), 'R-based-F1': 0.20689655172413793, 'Affiliation-F': 0.6973980471325938}
2026-02-08 13:55:29.038 | INFO     | src.pipelines.train_vision_backbones:run_pipeline:170 - Train images: 525
2026-02-08 13:55:29.038 | INFO     | src.pipelines.train_vision_backbones:run_pipeline:171 - Test images: 1973
2026-02-08 13:55:30.023 | INFO     | src.pipelines.train_vision_backbones:run_pipeline:176 - Training pvt_autoencoder_differential_lr on LP
2026-02-08 13:55:30.048 | INFO     | src.models.pvt_autoencoder.training:train_pvt_autoencoder_differential_lr:267 - Device: cuda | Model on: cuda:0
2026-02-08 13:57:11.993 | INFO     | src.pipelines.train_vision_backbones:run_pipeline:193 - Evaluating pvt_autoencoder_differential_lr on LP
2026-02-08 13:57:14.347 | INFO     | src.models.evaluation:evaluate_tsb_ad_nonoverlapping:65 - Normal (74800) reconstruction error: mean=0.2005, std=0.0950
2026-02-08 13:57:14.347 | INFO     | src.models.evaluation:evaluate_tsb_ad_nonoverlapping:66 - Anomaly (200) reconstruction error: mean=0.4296, std=0.2508
2026-02-08 13:57:14.347 | INFO     | src.models.evaluation:evaluate_tsb_ad_nonoverlapping:67 - Overlap? Normal max=1.0000, Anomaly min=0.0322
2026-02-08 13:57:23.618 | INFO     | src.models.evaluation:evaluate_tsb_ad_nonoverlapping:83 - {'AUC-PR': 0.17250390632607535, 'AUC-ROC': 0.8205014705882353, 'VUS-PR': np.float64(0.10836463322667438), 'VUS-ROC': np.float64(0.872264960254221), 'Standard-F1': np.float64(0.3821609802174369), 'PA-F1': 0.3409090909090909, 'Event-based-F1': np.float64(0.34090909090909044), 'R-based-F1': 0.34090909090909094, 'Affiliation-F': 0.7328220297282607}
2026-02-08 13:57:24.605 | INFO     | src.pipelines.train_vision_backbones:run_pipeline:70 - Using zip: /net/scratch/hscra/plgrid/plgsmendowski12/ts2i_images/MGAB/232_MGAB_id_8_Synthetic_tr_25000_1st_32708_ts2i_SG.zip for transformation SG
2026-02-08 13:57:28.328 | INFO     | src.pipelines.train_vision_backbones:run_pipeline:170 - Train images: 525
2026-02-08 13:57:28.328 | INFO     | src.pipelines.train_vision_backbones:run_pipeline:171 - Test images: 1973
2026-02-08 13:57:28.334 | INFO     | src.pipelines.train_vision_backbones:run_pipeline:176 - Training cnn_autoencoder on SG
2026-02-08 13:57:28.339 | INFO     | src.models.cnn_autoencoder.training:train_autoencoder:22 - Device: cuda | Model on: cuda:0
2026-02-08 13:58:04.619 | INFO     | src.pipelines.train_vision_backbones:run_pipeline:193 - Evaluating cnn_autoencoder on SG
2026-02-08 13:58:06.330 | INFO     | src.models.evaluation:evaluate_tsb_ad_nonoverlapping:65 - Normal (74800) reconstruction error: mean=0.0785, std=0.0566
2026-02-08 13:58:06.330 | INFO     | src.models.evaluation:evaluate_tsb_ad_nonoverlapping:66 - Anomaly (200) reconstruction error: mean=0.2310, std=0.2803
2026-02-08 13:58:06.330 | INFO     | src.models.evaluation:evaluate_tsb_ad_nonoverlapping:67 - Overlap? Normal max=1.0000, Anomaly min=0.0225
2026-02-08 13:58:13.265 | INFO     | src.models.evaluation:evaluate_tsb_ad_nonoverlapping:83 - {'AUC-PR': 0.1068176190627006, 'AUC-ROC': 0.7421592245989304, 'VUS-PR': np.float64(0.03676223503084072), 'VUS-ROC': np.float64(0.7438952779294842), 'Standard-F1': np.float64(0.2753583281401719), 'PA-F1': 0.28776978417266186, 'Event-based-F1': np.float64(0.28571428571428537), 'R-based-F1': 0.27745664739884396, 'Affiliation-F': 0.6760570668839979}
2026-02-08 13:58:13.427 | INFO     | src.pipelines.train_vision_backbones:run_pipeline:170 - Train images: 525
2026-02-08 13:58:13.427 | INFO     | src.pipelines.train_vision_backbones:run_pipeline:171 - Test images: 1973
2026-02-08 13:58:13.648 | INFO     | src.pipelines.train_vision_backbones:run_pipeline:176 - Training resnet18_autoencoder_frozen on SG
2026-02-08 13:58:13.662 | INFO     | src.models.resnet18_autoencoder.training:train_autoencoder_frozen:25 - Device: cuda | Model on: cuda:0
2026-02-08 13:58:38.958 | INFO     | src.pipelines.train_vision_backbones:run_pipeline:193 - Evaluating resnet18_autoencoder_frozen on SG
2026-02-08 13:58:41.238 | INFO     | src.models.evaluation:evaluate_tsb_ad_nonoverlapping:65 - Normal (74800) reconstruction error: mean=0.0333, std=0.0534
2026-02-08 13:58:41.238 | INFO     | src.models.evaluation:evaluate_tsb_ad_nonoverlapping:66 - Anomaly (200) reconstruction error: mean=0.0827, std=0.0790
2026-02-08 13:58:41.238 | INFO     | src.models.evaluation:evaluate_tsb_ad_nonoverlapping:67 - Overlap? Normal max=1.0000, Anomaly min=0.0031
2026-02-08 13:58:47.205 | INFO     | src.models.evaluation:evaluate_tsb_ad_nonoverlapping:83 - {'AUC-PR': 0.014719825728496366, 'AUC-ROC': 0.7602848930481284, 'VUS-PR': np.float64(0.019157165668086742), 'VUS-ROC': np.float64(0.8037542179873749), 'Standard-F1': np.float64(0.06889827283253029), 'PA-F1': 0.07428040854224698, 'Event-based-F1': np.float64(0.06987724268177496), 'R-based-F1': 0.07164929339541015, 'Affiliation-F': 0.6772205393931103}
2026-02-08 13:58:47.377 | INFO     | src.pipelines.train_vision_backbones:run_pipeline:170 - Train images: 525
2026-02-08 13:58:47.377 | INFO     | src.pipelines.train_vision_backbones:run_pipeline:171 - Test images: 1973
2026-02-08 13:58:47.592 | INFO     | src.pipelines.train_vision_backbones:run_pipeline:176 - Training resnet18_autoencoder_progressive_unfreeze on SG
2026-02-08 13:58:47.607 | INFO     | src.models.resnet18_autoencoder.training:train_autoencoder_progressive_unfreeze:133 - Device: cuda | Model on: cuda:0
2026-02-08 13:59:30.778 | INFO     | src.pipelines.train_vision_backbones:run_pipeline:193 - Evaluating resnet18_autoencoder_progressive_unfreeze on SG
2026-02-08 13:59:32.617 | INFO     | src.models.evaluation:evaluate_tsb_ad_nonoverlapping:65 - Normal (74800) reconstruction error: mean=0.0234, std=0.0309
2026-02-08 13:59:32.617 | INFO     | src.models.evaluation:evaluate_tsb_ad_nonoverlapping:66 - Anomaly (200) reconstruction error: mean=0.2339, std=0.3223
2026-02-08 13:59:32.617 | INFO     | src.models.evaluation:evaluate_tsb_ad_nonoverlapping:67 - Overlap? Normal max=1.0000, Anomaly min=0.0105
2026-02-08 13:59:38.338 | INFO     | src.models.evaluation:evaluate_tsb_ad_nonoverlapping:83 - {'AUC-PR': 0.16069258731996006, 'AUC-ROC': 0.8625541443850269, 'VUS-PR': np.float64(0.08575994460436938), 'VUS-ROC': np.float64(0.889650957535881), 'Standard-F1': np.float64(0.36942212671618213), 'PA-F1': 0.379746835443038, 'Event-based-F1': np.float64(0.377440347071583), 'R-based-F1': 0.3710454824292349, 'Affiliation-F': 0.6985580477389077}
2026-02-08 13:59:38.504 | INFO     | src.pipelines.train_vision_backbones:run_pipeline:170 - Train images: 525
2026-02-08 13:59:38.504 | INFO     | src.pipelines.train_vision_backbones:run_pipeline:171 - Test images: 1973
2026-02-08 13:59:38.720 | INFO     | src.pipelines.train_vision_backbones:run_pipeline:176 - Training resnet18_autoencoder_differential_lr on SG
2026-02-08 13:59:38.734 | INFO     | src.models.resnet18_autoencoder.training:train_autoencoder_differential_lr:271 - Device: cuda | Model on: cuda:0
2026-02-08 14:00:17.910 | INFO     | src.pipelines.train_vision_backbones:run_pipeline:193 - Evaluating resnet18_autoencoder_differential_lr on SG
2026-02-08 14:00:20.099 | INFO     | src.models.evaluation:evaluate_tsb_ad_nonoverlapping:65 - Normal (74800) reconstruction error: mean=0.0440, std=0.0531
2026-02-08 14:00:20.099 | INFO     | src.models.evaluation:evaluate_tsb_ad_nonoverlapping:66 - Anomaly (200) reconstruction error: mean=0.2026, std=0.2976
2026-02-08 14:00:20.099 | INFO     | src.models.evaluation:evaluate_tsb_ad_nonoverlapping:67 - Overlap? Normal max=1.0000, Anomaly min=0.0165
2026-02-08 14:00:26.321 | INFO     | src.models.evaluation:evaluate_tsb_ad_nonoverlapping:83 - {'AUC-PR': 0.095427499926913, 'AUC-ROC': 0.7557617647058823, 'VUS-PR': np.float64(0.05912226426733214), 'VUS-ROC': np.float64(0.7589459361202536), 'Standard-F1': np.float64(0.2272678203538787), 'PA-F1': 0.22727272727272727, 'Event-based-F1': np.float64(0.22727272727272677), 'R-based-F1': 0.22727272727272727, 'Affiliation-F': 0.6867602506818112}
2026-02-08 14:00:26.489 | INFO     | src.pipelines.train_vision_backbones:run_pipeline:170 - Train images: 525
2026-02-08 14:00:26.489 | INFO     | src.pipelines.train_vision_backbones:run_pipeline:171 - Test images: 1973
Warning: You are sending unauthenticated requests to the HF Hub. Please set a HF_TOKEN to enable higher rate limits and faster downloads.
2026-02-08 14:00:27.471 | INFO     | src.pipelines.train_vision_backbones:run_pipeline:176 - Training pvt_autoencoder_frozen on SG
2026-02-08 14:00:27.495 | INFO     | src.models.pvt_autoencoder.training:train_pvt_autoencoder_frozen:24 - Device: cuda | Model on: cuda:0
2026-02-08 14:01:07.738 | INFO     | src.pipelines.train_vision_backbones:run_pipeline:193 - Evaluating pvt_autoencoder_frozen on SG
2026-02-08 14:01:08.894 | INFO     | src.models.evaluation:evaluate_tsb_ad_nonoverlapping:65 - Normal (74800) reconstruction error: mean=0.0248, std=0.0404
2026-02-08 14:01:08.894 | INFO     | src.models.evaluation:evaluate_tsb_ad_nonoverlapping:66 - Anomaly (200) reconstruction error: mean=0.1987, std=0.2898
2026-02-08 14:01:08.894 | INFO     | src.models.evaluation:evaluate_tsb_ad_nonoverlapping:67 - Overlap? Normal max=1.0000, Anomaly min=0.0080
2026-02-08 14:01:14.665 | INFO     | src.models.evaluation:evaluate_tsb_ad_nonoverlapping:83 - {'AUC-PR': 0.09366791094875063, 'AUC-ROC': 0.848454679144385, 'VUS-PR': np.float64(0.07221162089571456), 'VUS-ROC': np.float64(0.9290339020007007), 'Standard-F1': np.float64(0.18691090938232016), 'PA-F1': 0.18691588785046728, 'Event-based-F1': np.float64(0.18691588785046678), 'R-based-F1': 0.18691588785046728, 'Affiliation-F': 0.6859031222941245}
2026-02-08 14:01:14.824 | INFO     | src.pipelines.train_vision_backbones:run_pipeline:170 - Train images: 525
2026-02-08 14:01:14.824 | INFO     | src.pipelines.train_vision_backbones:run_pipeline:171 - Test images: 1973
2026-02-08 14:01:15.769 | INFO     | src.pipelines.train_vision_backbones:run_pipeline:176 - Training pvt_autoencoder_progressive_unfreeze on SG
2026-02-08 14:01:15.792 | INFO     | src.models.pvt_autoencoder.training:train_pvt_autoencoder_progressive_unfreeze:132 - Device: cuda | Model on: cuda:0
2026-02-08 14:02:08.748 | INFO     | src.pipelines.train_vision_backbones:run_pipeline:193 - Evaluating pvt_autoencoder_progressive_unfreeze on SG
2026-02-08 14:02:10.613 | INFO     | src.models.evaluation:evaluate_tsb_ad_nonoverlapping:65 - Normal (74800) reconstruction error: mean=0.0176, std=0.0223
2026-02-08 14:02:10.613 | INFO     | src.models.evaluation:evaluate_tsb_ad_nonoverlapping:66 - Anomaly (200) reconstruction error: mean=0.1714, std=0.2914
2026-02-08 14:02:10.614 | INFO     | src.models.evaluation:evaluate_tsb_ad_nonoverlapping:67 - Overlap? Normal max=1.0000, Anomaly min=0.0048
2026-02-08 14:02:16.191 | INFO     | src.models.evaluation:evaluate_tsb_ad_nonoverlapping:83 - {'AUC-PR': 0.1657188593918653, 'AUC-ROC': 0.7448137700534759, 'VUS-PR': np.float64(0.09280812464945377), 'VUS-ROC': np.float64(0.8456292339688162), 'Standard-F1': np.float64(0.36942212671618213), 'PA-F1': 0.379746835443038, 'Event-based-F1': np.float64(0.377440347071583), 'R-based-F1': 0.3710454824292349, 'Affiliation-F': 0.6950790050910735}
2026-02-08 14:02:16.351 | INFO     | src.pipelines.train_vision_backbones:run_pipeline:170 - Train images: 525
2026-02-08 14:02:16.351 | INFO     | src.pipelines.train_vision_backbones:run_pipeline:171 - Test images: 1973
2026-02-08 14:02:17.297 | INFO     | src.pipelines.train_vision_backbones:run_pipeline:176 - Training pvt_autoencoder_differential_lr on SG
2026-02-08 14:02:17.321 | INFO     | src.models.pvt_autoencoder.training:train_pvt_autoencoder_differential_lr:267 - Device: cuda | Model on: cuda:0
2026-02-08 14:03:19.638 | INFO     | src.pipelines.train_vision_backbones:run_pipeline:193 - Evaluating pvt_autoencoder_differential_lr on SG
2026-02-08 14:03:21.314 | INFO     | src.models.evaluation:evaluate_tsb_ad_nonoverlapping:65 - Normal (74800) reconstruction error: mean=0.0210, std=0.0293
2026-02-08 14:03:21.314 | INFO     | src.models.evaluation:evaluate_tsb_ad_nonoverlapping:66 - Anomaly (200) reconstruction error: mean=0.1825, std=0.2987
2026-02-08 14:03:21.314 | INFO     | src.models.evaluation:evaluate_tsb_ad_nonoverlapping:67 - Overlap? Normal max=1.0000, Anomaly min=0.0048
2026-02-08 14:03:26.990 | INFO     | src.models.evaluation:evaluate_tsb_ad_nonoverlapping:83 - {'AUC-PR': 0.14805836369207961, 'AUC-ROC': 0.7965513368983957, 'VUS-PR': np.float64(0.08280593296785063), 'VUS-ROC': np.float64(0.8637996163582092), 'Standard-F1': np.float64(0.3295405475937271), 'PA-F1': 0.30612244897959184, 'Event-based-F1': np.float64(0.3026086956521734), 'R-based-F1': 0.2984843144166373, 'Affiliation-F': 0.754850819715038}
2026-02-08 14:03:28.290 | INFO     | src.pipelines.train_vision_backbones:run_pipeline:70 - Using zip: /net/scratch/hscra/plgrid/plgsmendowski12/ts2i_images/MGAB/232_MGAB_id_8_Synthetic_tr_25000_1st_32708_ts2i_GASF.zip for transformation GASF
2026-02-08 14:03:32.122 | INFO     | src.pipelines.train_vision_backbones:run_pipeline:170 - Train images: 525
2026-02-08 14:03:32.123 | INFO     | src.pipelines.train_vision_backbones:run_pipeline:171 - Test images: 1973
2026-02-08 14:03:32.130 | INFO     | src.pipelines.train_vision_backbones:run_pipeline:176 - Training cnn_autoencoder on GASF
2026-02-08 14:03:32.135 | INFO     | src.models.cnn_autoencoder.training:train_autoencoder:22 - Device: cuda | Model on: cuda:0
2026-02-08 14:04:37.779 | INFO     | src.pipelines.train_vision_backbones:run_pipeline:193 - Evaluating cnn_autoencoder on GASF
2026-02-08 14:04:40.008 | INFO     | src.models.evaluation:evaluate_tsb_ad_nonoverlapping:65 - Normal (74800) reconstruction error: mean=0.0694, std=0.0722
2026-02-08 14:04:40.009 | INFO     | src.models.evaluation:evaluate_tsb_ad_nonoverlapping:66 - Anomaly (200) reconstruction error: mean=0.2574, std=0.2766
2026-02-08 14:04:40.009 | INFO     | src.models.evaluation:evaluate_tsb_ad_nonoverlapping:67 - Overlap? Normal max=1.0000, Anomaly min=0.0161
2026-02-08 14:04:46.766 | INFO     | src.models.evaluation:evaluate_tsb_ad_nonoverlapping:83 - {'AUC-PR': 0.046482802865190805, 'AUC-ROC': 0.7370741978609625, 'VUS-PR': np.float64(0.04985232765965974), 'VUS-ROC': np.float64(0.8488032721557505), 'Standard-F1': np.float64(0.15872537177450202), 'PA-F1': 0.15873015873015872, 'Event-based-F1': np.float64(0.15873015873015822), 'R-based-F1': 0.1587301587301587, 'Affiliation-F': 0.7067734643329667}
2026-02-08 14:04:46.927 | INFO     | src.pipelines.train_vision_backbones:run_pipeline:170 - Train images: 525
2026-02-08 14:04:46.927 | INFO     | src.pipelines.train_vision_backbones:run_pipeline:171 - Test images: 1973
2026-02-08 14:04:47.138 | INFO     | src.pipelines.train_vision_backbones:run_pipeline:176 - Training resnet18_autoencoder_frozen on GASF
2026-02-08 14:04:47.151 | INFO     | src.models.resnet18_autoencoder.training:train_autoencoder_frozen:25 - Device: cuda | Model on: cuda:0
2026-02-08 14:05:29.190 | INFO     | src.pipelines.train_vision_backbones:run_pipeline:193 - Evaluating resnet18_autoencoder_frozen on GASF
2026-02-08 14:05:31.136 | INFO     | src.models.evaluation:evaluate_tsb_ad_nonoverlapping:65 - Normal (74800) reconstruction error: mean=0.0471, std=0.0800
2026-02-08 14:05:31.137 | INFO     | src.models.evaluation:evaluate_tsb_ad_nonoverlapping:66 - Anomaly (200) reconstruction error: mean=0.2043, std=0.2986
2026-02-08 14:05:31.137 | INFO     | src.models.evaluation:evaluate_tsb_ad_nonoverlapping:67 - Overlap? Normal max=1.0000, Anomaly min=0.0075
2026-02-08 14:05:37.463 | INFO     | src.models.evaluation:evaluate_tsb_ad_nonoverlapping:83 - {'AUC-PR': 0.0651452337522059, 'AUC-ROC': 0.7199106951871659, 'VUS-PR': np.float64(0.03800772561203108), 'VUS-ROC': np.float64(0.770005563280662), 'Standard-F1': np.float64(0.16806454350728856), 'PA-F1': 0.16806722689075632, 'Event-based-F1': np.float64(0.16806722689075604), 'R-based-F1': 0.16806722689075632, 'Affiliation-F': 0.7276085648897906}
2026-02-08 14:05:37.628 | INFO     | src.pipelines.train_vision_backbones:run_pipeline:170 - Train images: 525
2026-02-08 14:05:37.628 | INFO     | src.pipelines.train_vision_backbones:run_pipeline:171 - Test images: 1973
2026-02-08 14:05:37.849 | INFO     | src.pipelines.train_vision_backbones:run_pipeline:176 - Training resnet18_autoencoder_progressive_unfreeze on GASF
2026-02-08 14:05:37.862 | INFO     | src.models.resnet18_autoencoder.training:train_autoencoder_progressive_unfreeze:133 - Device: cuda | Model on: cuda:0
2026-02-08 14:06:36.849 | INFO     | src.pipelines.train_vision_backbones:run_pipeline:193 - Evaluating resnet18_autoencoder_progressive_unfreeze on GASF
2026-02-08 14:06:40.037 | INFO     | src.models.evaluation:evaluate_tsb_ad_nonoverlapping:65 - Normal (74800) reconstruction error: mean=0.0217, std=0.0484
2026-02-08 14:06:40.038 | INFO     | src.models.evaluation:evaluate_tsb_ad_nonoverlapping:66 - Anomaly (200) reconstruction error: mean=0.1272, std=0.1633
2026-02-08 14:06:40.038 | INFO     | src.models.evaluation:evaluate_tsb_ad_nonoverlapping:67 - Overlap? Normal max=1.0000, Anomaly min=0.0020
2026-02-08 14:06:45.767 | INFO     | src.models.evaluation:evaluate_tsb_ad_nonoverlapping:83 - {'AUC-PR': 0.040360895651505094, 'AUC-ROC': 0.7088148395721924, 'VUS-PR': np.float64(0.03924699956399255), 'VUS-ROC': np.float64(0.8137602598464523), 'Standard-F1': np.float64(0.1768250298457943), 'PA-F1': 0.182370820668693, 'Event-based-F1': np.float64(0.1786447638603692), 'R-based-F1': 0.17719929689461786, 'Affiliation-F': 0.7022417864515402}
2026-02-08 14:06:45.937 | INFO     | src.pipelines.train_vision_backbones:run_pipeline:170 - Train images: 525
2026-02-08 14:06:45.937 | INFO     | src.pipelines.train_vision_backbones:run_pipeline:171 - Test images: 1973
2026-02-08 14:06:46.156 | INFO     | src.pipelines.train_vision_backbones:run_pipeline:176 - Training resnet18_autoencoder_differential_lr on GASF
2026-02-08 14:06:46.170 | INFO     | src.models.resnet18_autoencoder.training:train_autoencoder_differential_lr:271 - Device: cuda | Model on: cuda:0
2026-02-08 14:07:45.899 | INFO     | src.pipelines.train_vision_backbones:run_pipeline:193 - Evaluating resnet18_autoencoder_differential_lr on GASF
2026-02-08 14:07:48.412 | INFO     | src.models.evaluation:evaluate_tsb_ad_nonoverlapping:65 - Normal (74800) reconstruction error: mean=0.0404, std=0.0727
2026-02-08 14:07:48.412 | INFO     | src.models.evaluation:evaluate_tsb_ad_nonoverlapping:66 - Anomaly (200) reconstruction error: mean=0.2175, std=0.2480
2026-02-08 14:07:48.412 | INFO     | src.models.evaluation:evaluate_tsb_ad_nonoverlapping:67 - Overlap? Normal max=1.0000, Anomaly min=0.0071
2026-02-08 14:07:54.565 | INFO     | src.models.evaluation:evaluate_tsb_ad_nonoverlapping:83 - {'AUC-PR': 0.03966326704540915, 'AUC-ROC': 0.7302458556149733, 'VUS-PR': np.float64(0.05536721153078251), 'VUS-ROC': np.float64(0.848436518885868), 'Standard-F1': np.float64(0.15841211654676438), 'PA-F1': 0.18561484918793503, 'Event-based-F1': np.float64(0.15880893300248106), 'R-based-F1': 0.15302288511897982, 'Affiliation-F': 0.7371152684075186}
2026-02-08 14:07:54.745 | INFO     | src.pipelines.train_vision_backbones:run_pipeline:170 - Train images: 525
2026-02-08 14:07:54.746 | INFO     | src.pipelines.train_vision_backbones:run_pipeline:171 - Test images: 1973
2026-02-08 14:07:55.702 | INFO     | src.pipelines.train_vision_backbones:run_pipeline:176 - Training pvt_autoencoder_frozen on GASF
2026-02-08 14:07:55.727 | INFO     | src.models.pvt_autoencoder.training:train_pvt_autoencoder_frozen:24 - Device: cuda | Model on: cuda:0
2026-02-08 14:08:44.105 | INFO     | src.pipelines.train_vision_backbones:run_pipeline:193 - Evaluating pvt_autoencoder_frozen on GASF
2026-02-08 14:08:46.785 | INFO     | src.models.evaluation:evaluate_tsb_ad_nonoverlapping:65 - Normal (74800) reconstruction error: mean=0.0418, std=0.0808
2026-02-08 14:08:46.785 | INFO     | src.models.evaluation:evaluate_tsb_ad_nonoverlapping:66 - Anomaly (200) reconstruction error: mean=0.2087, std=0.2506
2026-02-08 14:08:46.785 | INFO     | src.models.evaluation:evaluate_tsb_ad_nonoverlapping:67 - Overlap? Normal max=1.0000, Anomaly min=0.0018
2026-02-08 14:08:52.960 | INFO     | src.models.evaluation:evaluate_tsb_ad_nonoverlapping:83 - {'AUC-PR': 0.03510595647684422, 'AUC-ROC': 0.7696942513368985, 'VUS-PR': np.float64(0.04680723209481026), 'VUS-ROC': np.float64(0.8499946267804063), 'Standard-F1': np.float64(0.1507888638455922), 'PA-F1': 0.15810276679841898, 'Event-based-F1': np.float64(0.15384615384615338), 'R-based-F1': 0.15141955835962145, 'Affiliation-F': 0.7282204953688307}
2026-02-08 14:08:53.385 | INFO     | src.pipelines.train_vision_backbones:run_pipeline:170 - Train images: 525
2026-02-08 14:08:53.386 | INFO     | src.pipelines.train_vision_backbones:run_pipeline:171 - Test images: 1973
2026-02-08 14:08:54.347 | INFO     | src.pipelines.train_vision_backbones:run_pipeline:176 - Training pvt_autoencoder_progressive_unfreeze on GASF
2026-02-08 14:08:54.371 | INFO     | src.models.pvt_autoencoder.training:train_pvt_autoencoder_progressive_unfreeze:132 - Device: cuda | Model on: cuda:0
2026-02-08 14:09:47.851 | INFO     | src.pipelines.train_vision_backbones:run_pipeline:193 - Evaluating pvt_autoencoder_progressive_unfreeze on GASF
2026-02-08 14:09:50.764 | INFO     | src.models.evaluation:evaluate_tsb_ad_nonoverlapping:65 - Normal (74800) reconstruction error: mean=0.0263, std=0.0560
2026-02-08 14:09:50.764 | INFO     | src.models.evaluation:evaluate_tsb_ad_nonoverlapping:66 - Anomaly (200) reconstruction error: mean=0.1035, std=0.1221
2026-02-08 14:09:50.764 | INFO     | src.models.evaluation:evaluate_tsb_ad_nonoverlapping:67 - Overlap? Normal max=1.0000, Anomaly min=0.0064
2026-02-08 14:09:56.552 | INFO     | src.models.evaluation:evaluate_tsb_ad_nonoverlapping:83 - {'AUC-PR': 0.018925730793137856, 'AUC-ROC': 0.7759024064171124, 'VUS-PR': np.float64(0.02880279524835162), 'VUS-ROC': np.float64(0.858775951882469), 'Standard-F1': np.float64(0.06896099910695505), 'PA-F1': 0.08174386920980926, 'Event-based-F1': np.float64(0.06896551724137885), 'R-based-F1': 0.06896551724137931, 'Affiliation-F': 0.7049371595818325}
2026-02-08 14:09:56.719 | INFO     | src.pipelines.train_vision_backbones:run_pipeline:170 - Train images: 525
2026-02-08 14:09:56.719 | INFO     | src.pipelines.train_vision_backbones:run_pipeline:171 - Test images: 1973
2026-02-08 14:09:57.661 | INFO     | src.pipelines.train_vision_backbones:run_pipeline:176 - Training pvt_autoencoder_differential_lr on GASF
2026-02-08 14:09:57.684 | INFO     | src.models.pvt_autoencoder.training:train_pvt_autoencoder_differential_lr:267 - Device: cuda | Model on: cuda:0
2026-02-08 14:11:07.359 | INFO     | src.pipelines.train_vision_backbones:run_pipeline:193 - Evaluating pvt_autoencoder_differential_lr on GASF
2026-02-08 14:11:10.662 | INFO     | src.models.evaluation:evaluate_tsb_ad_nonoverlapping:65 - Normal (74800) reconstruction error: mean=0.0251, std=0.0692
2026-02-08 14:11:10.662 | INFO     | src.models.evaluation:evaluate_tsb_ad_nonoverlapping:66 - Anomaly (200) reconstruction error: mean=0.1170, std=0.1582
2026-02-08 14:11:10.663 | INFO     | src.models.evaluation:evaluate_tsb_ad_nonoverlapping:67 - Overlap? Normal max=1.0000, Anomaly min=0.0030
2026-02-08 14:11:16.531 | INFO     | src.models.evaluation:evaluate_tsb_ad_nonoverlapping:83 - {'AUC-PR': 0.01888500347783332, 'AUC-ROC': 0.743064705882353, 'VUS-PR': np.float64(0.034251627155156505), 'VUS-ROC': np.float64(0.8648349564887116), 'Standard-F1': np.float64(0.060971371502224835), 'PA-F1': 0.07585335018963338, 'Event-based-F1': np.float64(0.06097560975609713), 'R-based-F1': 0.06097560975609756, 'Affiliation-F': 0.7084425814711149}
2026-02-08 14:11:17.492 | INFO     | src.pipelines.train_vision_backbones:run_pipeline:70 - Using zip: /net/scratch/hscra/plgrid/plgsmendowski12/ts2i_images/MGAB/232_MGAB_id_8_Synthetic_tr_25000_1st_32708_ts2i_GADF.zip for transformation GADF
2026-02-08 14:11:21.299 | INFO     | src.pipelines.train_vision_backbones:run_pipeline:170 - Train images: 525
2026-02-08 14:11:21.299 | INFO     | src.pipelines.train_vision_backbones:run_pipeline:171 - Test images: 1973
2026-02-08 14:11:21.306 | INFO     | src.pipelines.train_vision_backbones:run_pipeline:176 - Training cnn_autoencoder on GADF
2026-02-08 14:11:21.311 | INFO     | src.models.cnn_autoencoder.training:train_autoencoder:22 - Device: cuda | Model on: cuda:0
2026-02-08 14:12:19.057 | INFO     | src.pipelines.train_vision_backbones:run_pipeline:193 - Evaluating cnn_autoencoder on GADF
2026-02-08 14:12:21.194 | INFO     | src.models.evaluation:evaluate_tsb_ad_nonoverlapping:65 - Normal (74800) reconstruction error: mean=0.0632, std=0.0665
2026-02-08 14:12:21.194 | INFO     | src.models.evaluation:evaluate_tsb_ad_nonoverlapping:66 - Anomaly (200) reconstruction error: mean=0.2473, std=0.2864
2026-02-08 14:12:21.194 | INFO     | src.models.evaluation:evaluate_tsb_ad_nonoverlapping:67 - Overlap? Normal max=1.0000, Anomaly min=0.0153
2026-02-08 14:12:27.857 | INFO     | src.models.evaluation:evaluate_tsb_ad_nonoverlapping:83 - {'AUC-PR': 0.07826857569803429, 'AUC-ROC': 0.7545890374331552, 'VUS-PR': np.float64(0.05771987939349048), 'VUS-ROC': np.float64(0.8695313670739414), 'Standard-F1': np.float64(0.16806454350728856), 'PA-F1': 0.16806722689075632, 'Event-based-F1': np.float64(0.16806722689075604), 'R-based-F1': 0.16806722689075632, 'Affiliation-F': 0.7102333988434355}
2026-02-08 14:12:28.024 | INFO     | src.pipelines.train_vision_backbones:run_pipeline:170 - Train images: 525
2026-02-08 14:12:28.024 | INFO     | src.pipelines.train_vision_backbones:run_pipeline:171 - Test images: 1973
2026-02-08 14:12:28.241 | INFO     | src.pipelines.train_vision_backbones:run_pipeline:176 - Training resnet18_autoencoder_frozen on GADF
2026-02-08 14:12:28.254 | INFO     | src.models.resnet18_autoencoder.training:train_autoencoder_frozen:25 - Device: cuda | Model on: cuda:0
2026-02-08 14:13:03.411 | INFO     | src.pipelines.train_vision_backbones:run_pipeline:193 - Evaluating resnet18_autoencoder_frozen on GADF
2026-02-08 14:13:05.708 | INFO     | src.models.evaluation:evaluate_tsb_ad_nonoverlapping:65 - Normal (74800) reconstruction error: mean=0.0255, std=0.0598
2026-02-08 14:13:05.708 | INFO     | src.models.evaluation:evaluate_tsb_ad_nonoverlapping:66 - Anomaly (200) reconstruction error: mean=0.0952, std=0.1439
2026-02-08 14:13:05.708 | INFO     | src.models.evaluation:evaluate_tsb_ad_nonoverlapping:67 - Overlap? Normal max=1.0000, Anomaly min=0.0021
2026-02-08 14:13:11.564 | INFO     | src.models.evaluation:evaluate_tsb_ad_nonoverlapping:83 - {'AUC-PR': 0.016913544477495993, 'AUC-ROC': 0.7127342245989305, 'VUS-PR': np.float64(0.02176168093669296), 'VUS-ROC': np.float64(0.8016082845462015), 'Standard-F1': np.float64(0.0858320104474723), 'PA-F1': 0.08583690987124463, 'Event-based-F1': np.float64(0.08583690987124414), 'R-based-F1': 0.08583690987124463, 'Affiliation-F': 0.695185356789511}
2026-02-08 14:13:11.726 | INFO     | src.pipelines.train_vision_backbones:run_pipeline:170 - Train images: 525
2026-02-08 14:13:11.727 | INFO     | src.pipelines.train_vision_backbones:run_pipeline:171 - Test images: 1973
2026-02-08 14:13:11.947 | INFO     | src.pipelines.train_vision_backbones:run_pipeline:176 - Training resnet18_autoencoder_progressive_unfreeze on GADF
2026-02-08 14:13:11.962 | INFO     | src.models.resnet18_autoencoder.training:train_autoencoder_progressive_unfreeze:133 - Device: cuda | Model on: cuda:0
2026-02-08 14:14:08.102 | INFO     | src.pipelines.train_vision_backbones:run_pipeline:193 - Evaluating resnet18_autoencoder_progressive_unfreeze on GADF
2026-02-08 14:14:11.077 | INFO     | src.models.evaluation:evaluate_tsb_ad_nonoverlapping:65 - Normal (74800) reconstruction error: mean=0.0307, std=0.0678
2026-02-08 14:14:11.077 | INFO     | src.models.evaluation:evaluate_tsb_ad_nonoverlapping:66 - Anomaly (200) reconstruction error: mean=0.1684, std=0.2536
2026-02-08 14:14:11.077 | INFO     | src.models.evaluation:evaluate_tsb_ad_nonoverlapping:67 - Overlap? Normal max=1.0000, Anomaly min=0.0035
2026-02-08 14:14:17.007 | INFO     | src.models.evaluation:evaluate_tsb_ad_nonoverlapping:83 - {'AUC-PR': 0.03163842102111656, 'AUC-ROC': 0.7580911764705882, 'VUS-PR': np.float64(0.030721778169114825), 'VUS-ROC': np.float64(0.8392530772353851), 'Standard-F1': np.float64(0.12738391026567825), 'PA-F1': 0.12738853503184713, 'Event-based-F1': np.float64(0.1273885350318467), 'R-based-F1': 0.12738853503184713, 'Affiliation-F': 0.7383465267632199}
2026-02-08 14:14:17.171 | INFO     | src.pipelines.train_vision_backbones:run_pipeline:170 - Train images: 525
2026-02-08 14:14:17.171 | INFO     | src.pipelines.train_vision_backbones:run_pipeline:171 - Test images: 1973
2026-02-08 14:14:17.391 | INFO     | src.pipelines.train_vision_backbones:run_pipeline:176 - Training resnet18_autoencoder_differential_lr on GADF
2026-02-08 14:14:17.405 | INFO     | src.models.resnet18_autoencoder.training:train_autoencoder_differential_lr:271 - Device: cuda | Model on: cuda:0
2026-02-08 14:15:11.881 | INFO     | src.pipelines.train_vision_backbones:run_pipeline:193 - Evaluating resnet18_autoencoder_differential_lr on GADF
2026-02-08 14:15:14.560 | INFO     | src.models.evaluation:evaluate_tsb_ad_nonoverlapping:65 - Normal (74800) reconstruction error: mean=0.0502, std=0.0739
2026-02-08 14:15:14.560 | INFO     | src.models.evaluation:evaluate_tsb_ad_nonoverlapping:66 - Anomaly (200) reconstruction error: mean=0.2580, std=0.3254
2026-02-08 14:15:14.561 | INFO     | src.models.evaluation:evaluate_tsb_ad_nonoverlapping:67 - Overlap? Normal max=1.0000, Anomaly min=0.0102
2026-02-08 14:15:20.898 | INFO     | src.models.evaluation:evaluate_tsb_ad_nonoverlapping:83 - {'AUC-PR': 0.1005242785851823, 'AUC-ROC': 0.7499602941176471, 'VUS-PR': np.float64(0.0567735443321534), 'VUS-ROC': np.float64(0.8518561309708432), 'Standard-F1': np.float64(0.2547724452135742), 'PA-F1': 0.25477707006369427, 'Event-based-F1': np.float64(0.2547770700636938), 'R-based-F1': 0.25477707006369427, 'Affiliation-F': 0.7030182491424752}
2026-02-08 14:15:21.060 | INFO     | src.pipelines.train_vision_backbones:run_pipeline:170 - Train images: 525
2026-02-08 14:15:21.060 | INFO     | src.pipelines.train_vision_backbones:run_pipeline:171 - Test images: 1973
2026-02-08 14:15:22.014 | INFO     | src.pipelines.train_vision_backbones:run_pipeline:176 - Training pvt_autoencoder_frozen on GADF
2026-02-08 14:15:22.039 | INFO     | src.models.pvt_autoencoder.training:train_pvt_autoencoder_frozen:24 - Device: cuda | Model on: cuda:0
2026-02-08 14:16:21.229 | INFO     | src.pipelines.train_vision_backbones:run_pipeline:193 - Evaluating pvt_autoencoder_frozen on GADF
2026-02-08 14:16:24.870 | INFO     | src.models.evaluation:evaluate_tsb_ad_nonoverlapping:65 - Normal (74800) reconstruction error: mean=0.0079, std=0.0371
2026-02-08 14:16:24.871 | INFO     | src.models.evaluation:evaluate_tsb_ad_nonoverlapping:66 - Anomaly (200) reconstruction error: mean=0.0319, std=0.0477
2026-02-08 14:16:24.871 | INFO     | src.models.evaluation:evaluate_tsb_ad_nonoverlapping:67 - Overlap? Normal max=1.0000, Anomaly min=0.0002
2026-02-08 14:16:30.265 | INFO     | src.models.evaluation:evaluate_tsb_ad_nonoverlapping:83 - {'AUC-PR': 0.017201508405438014, 'AUC-ROC': 0.7721029411764705, 'VUS-PR': np.float64(0.02667474674249102), 'VUS-ROC': np.float64(0.8404217785868403), 'Standard-F1': np.float64(0.09455903752138069), 'PA-F1': 0.09049773755656108, 'Event-based-F1': np.float64(0.09049773755656072), 'R-based-F1': 0.09049773755656108, 'Affiliation-F': 0.6812356109873396}
2026-02-08 14:16:30.430 | INFO     | src.pipelines.train_vision_backbones:run_pipeline:170 - Train images: 525
2026-02-08 14:16:30.430 | INFO     | src.pipelines.train_vision_backbones:run_pipeline:171 - Test images: 1973
2026-02-08 14:16:31.374 | INFO     | src.pipelines.train_vision_backbones:run_pipeline:176 - Training pvt_autoencoder_progressive_unfreeze on GADF
2026-02-08 14:16:31.398 | INFO     | src.models.pvt_autoencoder.training:train_pvt_autoencoder_progressive_unfreeze:132 - Device: cuda | Model on: cuda:0
2026-02-08 14:17:41.097 | INFO     | src.pipelines.train_vision_backbones:run_pipeline:193 - Evaluating pvt_autoencoder_progressive_unfreeze on GADF
2026-02-08 14:17:45.237 | INFO     | src.models.evaluation:evaluate_tsb_ad_nonoverlapping:65 - Normal (74800) reconstruction error: mean=0.0442, std=0.0771
2026-02-08 14:17:45.238 | INFO     | src.models.evaluation:evaluate_tsb_ad_nonoverlapping:66 - Anomaly (200) reconstruction error: mean=0.1878, std=0.1939
2026-02-08 14:17:45.238 | INFO     | src.models.evaluation:evaluate_tsb_ad_nonoverlapping:67 - Overlap? Normal max=1.0000, Anomaly min=0.0137
2026-02-08 14:17:51.473 | INFO     | src.models.evaluation:evaluate_tsb_ad_nonoverlapping:83 - {'AUC-PR': 0.024522823141558372, 'AUC-ROC': 0.8369589572192513, 'VUS-PR': np.float64(0.038925657925349404), 'VUS-ROC': np.float64(0.888178619896696), 'Standard-F1': np.float64(0.09455903752138069), 'PA-F1': 0.09456264775413711, 'Event-based-F1': np.float64(0.09456264775413675), 'R-based-F1': 0.09456264775413711, 'Affiliation-F': 0.6833232144537215}
2026-02-08 14:17:51.641 | INFO     | src.pipelines.train_vision_backbones:run_pipeline:170 - Train images: 525
2026-02-08 14:17:51.641 | INFO     | src.pipelines.train_vision_backbones:run_pipeline:171 - Test images: 1973
2026-02-08 14:17:52.586 | INFO     | src.pipelines.train_vision_backbones:run_pipeline:176 - Training pvt_autoencoder_differential_lr on GADF
2026-02-08 14:17:52.610 | INFO     | src.models.pvt_autoencoder.training:train_pvt_autoencoder_differential_lr:267 - Device: cuda | Model on: cuda:0
2026-02-08 14:18:58.753 | INFO     | src.pipelines.train_vision_backbones:run_pipeline:193 - Evaluating pvt_autoencoder_differential_lr on GADF
2026-02-08 14:19:02.328 | INFO     | src.models.evaluation:evaluate_tsb_ad_nonoverlapping:65 - Normal (74800) reconstruction error: mean=0.0487, std=0.0804
2026-02-08 14:19:02.329 | INFO     | src.models.evaluation:evaluate_tsb_ad_nonoverlapping:66 - Anomaly (200) reconstruction error: mean=0.2006, std=0.2250
2026-02-08 14:19:02.329 | INFO     | src.models.evaluation:evaluate_tsb_ad_nonoverlapping:67 - Overlap? Normal max=1.0000, Anomaly min=0.0107
2026-02-08 14:19:08.663 | INFO     | src.models.evaluation:evaluate_tsb_ad_nonoverlapping:83 - {'AUC-PR': 0.02754396650239524, 'AUC-ROC': 0.7613621657754011, 'VUS-PR': np.float64(0.03292995260403319), 'VUS-ROC': np.float64(0.8600510397924971), 'Standard-F1': np.float64(0.11526967267879659), 'PA-F1': 0.11527377521613832, 'Event-based-F1': np.float64(0.11527377521613792), 'R-based-F1': 0.11527377521613832, 'Affiliation-F': 0.7232827265865146}
2026-02-08 14:19:09.632 | INFO     | src.pipelines.train_vision_backbones:run_pipeline:70 - Using zip: /net/scratch/hscra/plgrid/plgsmendowski12/ts2i_images/MGAB/232_MGAB_id_8_Synthetic_tr_25000_1st_32708_ts2i_MTF.zip for transformation MTF
2026-02-08 14:19:13.437 | INFO     | src.pipelines.train_vision_backbones:run_pipeline:170 - Train images: 525
2026-02-08 14:19:13.437 | INFO     | src.pipelines.train_vision_backbones:run_pipeline:171 - Test images: 1973
2026-02-08 14:19:13.444 | INFO     | src.pipelines.train_vision_backbones:run_pipeline:176 - Training cnn_autoencoder on MTF
2026-02-08 14:19:13.449 | INFO     | src.models.cnn_autoencoder.training:train_autoencoder:22 - Device: cuda | Model on: cuda:0
2026-02-08 14:20:30.661 | INFO     | src.pipelines.train_vision_backbones:run_pipeline:193 - Evaluating cnn_autoencoder on MTF
2026-02-08 14:20:32.950 | INFO     | src.models.evaluation:evaluate_tsb_ad_nonoverlapping:65 - Normal (74800) reconstruction error: mean=0.2066, std=0.1496
2026-02-08 14:20:32.950 | INFO     | src.models.evaluation:evaluate_tsb_ad_nonoverlapping:66 - Anomaly (200) reconstruction error: mean=0.2502, std=0.1140
2026-02-08 14:20:32.950 | INFO     | src.models.evaluation:evaluate_tsb_ad_nonoverlapping:67 - Overlap? Normal max=1.0000, Anomaly min=0.0622
2026-02-08 14:20:42.629 | INFO     | src.models.evaluation:evaluate_tsb_ad_nonoverlapping:83 - {'AUC-PR': 0.004349917667509217, 'AUC-ROC': 0.6315590909090909, 'VUS-PR': np.float64(0.009383623092480942), 'VUS-ROC': np.float64(0.6744379457068338), 'Standard-F1': np.float64(0.012769584528698358), 'PA-F1': 0.01771479185119575, 'Event-based-F1': np.float64(0.012534393151941277), 'R-based-F1': 0.012929236757959124, 'Affiliation-F': 0.6889555713992372}
2026-02-08 14:20:42.793 | INFO     | src.pipelines.train_vision_backbones:run_pipeline:170 - Train images: 525
2026-02-08 14:20:42.793 | INFO     | src.pipelines.train_vision_backbones:run_pipeline:171 - Test images: 1973
2026-02-08 14:20:43.005 | INFO     | src.pipelines.train_vision_backbones:run_pipeline:176 - Training resnet18_autoencoder_frozen on MTF
2026-02-08 14:20:43.018 | INFO     | src.models.resnet18_autoencoder.training:train_autoencoder_frozen:25 - Device: cuda | Model on: cuda:0
2026-02-08 14:21:18.583 | INFO     | src.pipelines.train_vision_backbones:run_pipeline:193 - Evaluating resnet18_autoencoder_frozen on MTF
2026-02-08 14:21:20.695 | INFO     | src.models.evaluation:evaluate_tsb_ad_nonoverlapping:65 - Normal (74800) reconstruction error: mean=0.2902, std=0.2033
2026-02-08 14:21:20.695 | INFO     | src.models.evaluation:evaluate_tsb_ad_nonoverlapping:66 - Anomaly (200) reconstruction error: mean=0.3747, std=0.2153
2026-02-08 14:21:20.695 | INFO     | src.models.evaluation:evaluate_tsb_ad_nonoverlapping:67 - Overlap? Normal max=1.0000, Anomaly min=0.0703
2026-02-08 14:21:32.247 | INFO     | src.models.evaluation:evaluate_tsb_ad_nonoverlapping:83 - {'AUC-PR': 0.004779227960348005, 'AUC-ROC': 0.61695935828877, 'VUS-PR': np.float64(0.009505995159237115), 'VUS-ROC': np.float64(0.6471740429325356), 'Standard-F1': np.float64(0.015176519471984529), 'PA-F1': 0.016561775422325273, 'Event-based-F1': np.float64(0.014300847457627072), 'R-based-F1': 0.012305247969390896, 'Affiliation-F': 0.692694066711579}
2026-02-08 14:21:32.408 | INFO     | src.pipelines.train_vision_backbones:run_pipeline:170 - Train images: 525
2026-02-08 14:21:32.408 | INFO     | src.pipelines.train_vision_backbones:run_pipeline:171 - Test images: 1973
2026-02-08 14:21:32.623 | INFO     | src.pipelines.train_vision_backbones:run_pipeline:176 - Training resnet18_autoencoder_progressive_unfreeze on MTF
2026-02-08 14:21:32.636 | INFO     | src.models.resnet18_autoencoder.training:train_autoencoder_progressive_unfreeze:133 - Device: cuda | Model on: cuda:0
2026-02-08 14:22:48.613 | INFO     | src.pipelines.train_vision_backbones:run_pipeline:193 - Evaluating resnet18_autoencoder_progressive_unfreeze on MTF
2026-02-08 14:22:50.827 | INFO     | src.models.evaluation:evaluate_tsb_ad_nonoverlapping:65 - Normal (74800) reconstruction error: mean=0.1792, std=0.1563
2026-02-08 14:22:50.827 | INFO     | src.models.evaluation:evaluate_tsb_ad_nonoverlapping:66 - Anomaly (200) reconstruction error: mean=0.2415, std=0.1645
2026-02-08 14:22:50.828 | INFO     | src.models.evaluation:evaluate_tsb_ad_nonoverlapping:67 - Overlap? Normal max=1.0000, Anomaly min=0.0189
2026-02-08 14:22:59.995 | INFO     | src.models.evaluation:evaluate_tsb_ad_nonoverlapping:83 - {'AUC-PR': 0.004808519844446955, 'AUC-ROC': 0.6255279411764706, 'VUS-PR': np.float64(0.008917422508379853), 'VUS-ROC': np.float64(0.6776833277066083), 'Standard-F1': np.float64(0.015159251751891487), 'PA-F1': 0.02178649237472767, 'Event-based-F1': np.float64(0.014492753623188337), 'R-based-F1': 0.01475363323980959, 'Affiliation-F': 0.6857620963520697}
2026-02-08 14:23:00.160 | INFO     | src.pipelines.train_vision_backbones:run_pipeline:170 - Train images: 525
2026-02-08 14:23:00.160 | INFO     | src.pipelines.train_vision_backbones:run_pipeline:171 - Test images: 1973
2026-02-08 14:23:00.377 | INFO     | src.pipelines.train_vision_backbones:run_pipeline:176 - Training resnet18_autoencoder_differential_lr on MTF
2026-02-08 14:23:00.392 | INFO     | src.models.resnet18_autoencoder.training:train_autoencoder_differential_lr:271 - Device: cuda | Model on: cuda:0
2026-02-08 14:24:03.699 | INFO     | src.pipelines.train_vision_backbones:run_pipeline:193 - Evaluating resnet18_autoencoder_differential_lr on MTF
2026-02-08 14:24:05.944 | INFO     | src.models.evaluation:evaluate_tsb_ad_nonoverlapping:65 - Normal (74800) reconstruction error: mean=0.1709, std=0.1436
2026-02-08 14:24:05.945 | INFO     | src.models.evaluation:evaluate_tsb_ad_nonoverlapping:66 - Anomaly (200) reconstruction error: mean=0.2313, std=0.1435
2026-02-08 14:24:05.945 | INFO     | src.models.evaluation:evaluate_tsb_ad_nonoverlapping:67 - Overlap? Normal max=1.0000, Anomaly min=0.0448
2026-02-08 14:24:14.916 | INFO     | src.models.evaluation:evaluate_tsb_ad_nonoverlapping:83 - {'AUC-PR': 0.004917773599728682, 'AUC-ROC': 0.6537772727272728, 'VUS-PR': np.float64(0.009435896694292978), 'VUS-ROC': np.float64(0.6776773057998026), 'Standard-F1': np.float64(0.015200947182800413), 'PA-F1': 0.03129890453834116, 'Event-based-F1': np.float64(0.01494153313122559), 'R-based-F1': 0.015523431751669346, 'Affiliation-F': 0.6833935407956414}
2026-02-08 14:24:15.079 | INFO     | src.pipelines.train_vision_backbones:run_pipeline:170 - Train images: 525
2026-02-08 14:24:15.080 | INFO     | src.pipelines.train_vision_backbones:run_pipeline:171 - Test images: 1973
2026-02-08 14:24:16.060 | INFO     | src.pipelines.train_vision_backbones:run_pipeline:176 - Training pvt_autoencoder_frozen on MTF
2026-02-08 14:24:16.083 | INFO     | src.models.pvt_autoencoder.training:train_pvt_autoencoder_frozen:24 - Device: cuda | Model on: cuda:0
2026-02-08 14:25:03.986 | INFO     | src.pipelines.train_vision_backbones:run_pipeline:193 - Evaluating pvt_autoencoder_frozen on MTF
2026-02-08 14:25:06.444 | INFO     | src.models.evaluation:evaluate_tsb_ad_nonoverlapping:65 - Normal (74800) reconstruction error: mean=0.2058, std=0.1649
2026-02-08 14:25:06.444 | INFO     | src.models.evaluation:evaluate_tsb_ad_nonoverlapping:66 - Anomaly (200) reconstruction error: mean=0.3318, std=0.2042
2026-02-08 14:25:06.444 | INFO     | src.models.evaluation:evaluate_tsb_ad_nonoverlapping:67 - Overlap? Normal max=1.0000, Anomaly min=0.0354
2026-02-08 14:25:16.194 | INFO     | src.models.evaluation:evaluate_tsb_ad_nonoverlapping:83 - {'AUC-PR': 0.008216266474152403, 'AUC-ROC': 0.7056942513368984, 'VUS-PR': np.float64(0.01594042730407883), 'VUS-ROC': np.float64(0.7364618060291559), 'Standard-F1': np.float64(0.04302917414610373), 'PA-F1': 0.052083333333333336, 'Event-based-F1': np.float64(0.04101040118870715), 'R-based-F1': 0.0403770055399669, 'Affiliation-F': 0.6807309830232009}
2026-02-08 14:25:16.356 | INFO     | src.pipelines.train_vision_backbones:run_pipeline:170 - Train images: 525
2026-02-08 14:25:16.356 | INFO     | src.pipelines.train_vision_backbones:run_pipeline:171 - Test images: 1973
2026-02-08 14:25:17.345 | INFO     | src.pipelines.train_vision_backbones:run_pipeline:176 - Training pvt_autoencoder_progressive_unfreeze on MTF
2026-02-08 14:25:17.370 | INFO     | src.models.pvt_autoencoder.training:train_pvt_autoencoder_progressive_unfreeze:132 - Device: cuda | Model on: cuda:0
2026-02-08 14:26:36.118 | INFO     | src.pipelines.train_vision_backbones:run_pipeline:193 - Evaluating pvt_autoencoder_progressive_unfreeze on MTF
2026-02-08 14:26:38.357 | INFO     | src.models.evaluation:evaluate_tsb_ad_nonoverlapping:65 - Normal (74800) reconstruction error: mean=0.1476, std=0.1242
2026-02-08 14:26:38.357 | INFO     | src.models.evaluation:evaluate_tsb_ad_nonoverlapping:66 - Anomaly (200) reconstruction error: mean=0.2231, std=0.1542
2026-02-08 14:26:38.357 | INFO     | src.models.evaluation:evaluate_tsb_ad_nonoverlapping:67 - Overlap? Normal max=1.0000, Anomaly min=0.0426
2026-02-08 14:26:46.752 | INFO     | src.models.evaluation:evaluate_tsb_ad_nonoverlapping:83 - {'AUC-PR': 0.006440193715910889, 'AUC-ROC': 0.6655252673796791, 'VUS-PR': np.float64(0.011886667435763465), 'VUS-ROC': np.float64(0.6876302859506929), 'Standard-F1': np.float64(0.029075933311351415), 'PA-F1': 0.046511627906976744, 'Event-based-F1': np.float64(0.028471219310913877), 'R-based-F1': 0.028495988625977447, 'Affiliation-F': 0.7277674417791806}
2026-02-08 14:26:46.921 | INFO     | src.pipelines.train_vision_backbones:run_pipeline:170 - Train images: 525
2026-02-08 14:26:46.921 | INFO     | src.pipelines.train_vision_backbones:run_pipeline:171 - Test images: 1973
2026-02-08 14:26:47.910 | INFO     | src.pipelines.train_vision_backbones:run_pipeline:176 - Training pvt_autoencoder_differential_lr on MTF
2026-02-08 14:26:47.934 | INFO     | src.models.pvt_autoencoder.training:train_pvt_autoencoder_differential_lr:267 - Device: cuda | Model on: cuda:0
2026-02-08 14:28:18.285 | INFO     | src.pipelines.train_vision_backbones:run_pipeline:193 - Evaluating pvt_autoencoder_differential_lr on MTF
2026-02-08 14:28:20.398 | INFO     | src.models.evaluation:evaluate_tsb_ad_nonoverlapping:65 - Normal (74800) reconstruction error: mean=0.1554, std=0.1335
2026-02-08 14:28:20.399 | INFO     | src.models.evaluation:evaluate_tsb_ad_nonoverlapping:66 - Anomaly (200) reconstruction error: mean=0.2254, std=0.1365
2026-02-08 14:28:20.399 | INFO     | src.models.evaluation:evaluate_tsb_ad_nonoverlapping:67 - Overlap? Normal max=1.0000, Anomaly min=0.0310
2026-02-08 14:28:29.089 | INFO     | src.models.evaluation:evaluate_tsb_ad_nonoverlapping:83 - {'AUC-PR': 0.0058262779899744075, 'AUC-ROC': 0.6781097593582888, 'VUS-PR': np.float64(0.011036412505035176), 'VUS-ROC': np.float64(0.6925363242162267), 'Standard-F1': np.float64(0.023444496439915544), 'PA-F1': 0.029069767441860465, 'Event-based-F1': np.float64(0.022619242747090568), 'R-based-F1': 0.022634873515745994, 'Affiliation-F': 0.6913052490348613}
2026-02-08 14:28:30.434 | INFO     | src.pipelines.train_vision_backbones:run_pipeline:70 - Using zip: /net/scratch/hscra/plgrid/plgsmendowski12/ts2i_images/MGAB/232_MGAB_id_8_Synthetic_tr_25000_1st_32708_ts2i_RP.zip for transformation RP
2026-02-08 14:28:33.868 | INFO     | src.pipelines.train_vision_backbones:run_pipeline:170 - Train images: 525
2026-02-08 14:28:33.868 | INFO     | src.pipelines.train_vision_backbones:run_pipeline:171 - Test images: 1973
2026-02-08 14:28:33.875 | INFO     | src.pipelines.train_vision_backbones:run_pipeline:176 - Training cnn_autoencoder on RP
2026-02-08 14:28:33.880 | INFO     | src.models.cnn_autoencoder.training:train_autoencoder:22 - Device: cuda | Model on: cuda:0
2026-02-08 14:29:55.857 | INFO     | src.pipelines.train_vision_backbones:run_pipeline:193 - Evaluating cnn_autoencoder on RP
2026-02-08 14:29:58.385 | INFO     | src.models.evaluation:evaluate_tsb_ad_nonoverlapping:65 - Normal (74800) reconstruction error: mean=0.2146, std=0.1579
2026-02-08 14:29:58.385 | INFO     | src.models.evaluation:evaluate_tsb_ad_nonoverlapping:66 - Anomaly (200) reconstruction error: mean=0.2333, std=0.1243
2026-02-08 14:29:58.385 | INFO     | src.models.evaluation:evaluate_tsb_ad_nonoverlapping:67 - Overlap? Normal max=1.0000, Anomaly min=0.0737
2026-02-08 14:30:08.261 | INFO     | src.models.evaluation:evaluate_tsb_ad_nonoverlapping:83 - {'AUC-PR': 0.0037590738159021214, 'AUC-ROC': 0.5661403743315507, 'VUS-PR': np.float64(0.007681437747355804), 'VUS-ROC': np.float64(0.6262597829301876), 'Standard-F1': np.float64(0.010231754526430149), 'PA-F1': 0.014029344712690711, 'Event-based-F1': np.float64(0.009991967242021104), 'R-based-F1': 0.015266783335471778, 'Affiliation-F': 0.6892610764904192}
2026-02-08 14:30:08.421 | INFO     | src.pipelines.train_vision_backbones:run_pipeline:170 - Train images: 525
2026-02-08 14:30:08.421 | INFO     | src.pipelines.train_vision_backbones:run_pipeline:171 - Test images: 1973
2026-02-08 14:30:08.642 | INFO     | src.pipelines.train_vision_backbones:run_pipeline:176 - Training resnet18_autoencoder_frozen on RP
2026-02-08 14:30:08.656 | INFO     | src.models.resnet18_autoencoder.training:train_autoencoder_frozen:25 - Device: cuda | Model on: cuda:0
2026-02-08 14:30:55.554 | INFO     | src.pipelines.train_vision_backbones:run_pipeline:193 - Evaluating resnet18_autoencoder_frozen on RP
2026-02-08 14:30:57.381 | INFO     | src.models.evaluation:evaluate_tsb_ad_nonoverlapping:65 - Normal (74800) reconstruction error: mean=0.3728, std=0.2020
2026-02-08 14:30:57.382 | INFO     | src.models.evaluation:evaluate_tsb_ad_nonoverlapping:66 - Anomaly (200) reconstruction error: mean=0.5136, std=0.1599
2026-02-08 14:30:57.382 | INFO     | src.models.evaluation:evaluate_tsb_ad_nonoverlapping:67 - Overlap? Normal max=1.0000, Anomaly min=0.3194
2026-02-08 14:31:10.450 | INFO     | src.models.evaluation:evaluate_tsb_ad_nonoverlapping:83 - {'AUC-PR': 0.0069168212346789465, 'AUC-ROC': 0.7016271390374331, 'VUS-PR': np.float64(0.010978138214673017), 'VUS-ROC': np.float64(0.7048982406097555), 'Standard-F1': np.float64(0.027507943950363566), 'PA-F1': 0.024330900243309004, 'Event-based-F1': np.float64(0.024330900243308785), 'R-based-F1': 0.024330900243309, 'Affiliation-F': 0.6699349716644173}
2026-02-08 14:31:10.982 | INFO     | src.pipelines.train_vision_backbones:run_pipeline:170 - Train images: 525
2026-02-08 14:31:10.982 | INFO     | src.pipelines.train_vision_backbones:run_pipeline:171 - Test images: 1973
2026-02-08 14:31:11.197 | INFO     | src.pipelines.train_vision_backbones:run_pipeline:176 - Training resnet18_autoencoder_progressive_unfreeze on RP
2026-02-08 14:31:11.209 | INFO     | src.models.resnet18_autoencoder.training:train_autoencoder_progressive_unfreeze:133 - Device: cuda | Model on: cuda:0
2026-02-08 14:32:00.549 | INFO     | src.pipelines.train_vision_backbones:run_pipeline:193 - Evaluating resnet18_autoencoder_progressive_unfreeze on RP
2026-02-08 14:32:11.989 | INFO     | src.models.evaluation:evaluate_tsb_ad_nonoverlapping:65 - Normal (74800) reconstruction error: mean=0.2937, std=0.1891
2026-02-08 14:32:11.990 | INFO     | src.models.evaluation:evaluate_tsb_ad_nonoverlapping:66 - Anomaly (200) reconstruction error: mean=0.4570, std=0.1764
2026-02-08 14:32:11.990 | INFO     | src.models.evaluation:evaluate_tsb_ad_nonoverlapping:67 - Overlap? Normal max=1.0000, Anomaly min=0.1432
2026-02-08 14:32:23.470 | INFO     | src.models.evaluation:evaluate_tsb_ad_nonoverlapping:83 - {'AUC-PR': 0.00707706934802987, 'AUC-ROC': 0.7511287433155079, 'VUS-PR': np.float64(0.013632989489273129), 'VUS-ROC': np.float64(0.7910501700198675), 'Standard-F1': np.float64(0.021013794394139324), 'PA-F1': 0.023957834211787255, 'Event-based-F1': np.float64(0.020240963855421647), 'R-based-F1': 0.02363314421999783, 'Affiliation-F': 0.6784273670496558}
2026-02-08 14:32:23.631 | INFO     | src.pipelines.train_vision_backbones:run_pipeline:170 - Train images: 525
2026-02-08 14:32:23.631 | INFO     | src.pipelines.train_vision_backbones:run_pipeline:171 - Test images: 1973
2026-02-08 14:32:23.845 | INFO     | src.pipelines.train_vision_backbones:run_pipeline:176 - Training resnet18_autoencoder_differential_lr on RP
2026-02-08 14:32:23.859 | INFO     | src.models.resnet18_autoencoder.training:train_autoencoder_differential_lr:271 - Device: cuda | Model on: cuda:0
2026-02-08 14:33:38.362 | INFO     | src.pipelines.train_vision_backbones:run_pipeline:193 - Evaluating resnet18_autoencoder_differential_lr on RP
2026-02-08 14:34:06.296 | INFO     | src.models.evaluation:evaluate_tsb_ad_nonoverlapping:65 - Normal (74800) reconstruction error: mean=0.2544, std=0.1898
2026-02-08 14:34:06.296 | INFO     | src.models.evaluation:evaluate_tsb_ad_nonoverlapping:66 - Anomaly (200) reconstruction error: mean=0.4017, std=0.2729
2026-02-08 14:34:06.297 | INFO     | src.models.evaluation:evaluate_tsb_ad_nonoverlapping:67 - Overlap? Normal max=1.0000, Anomaly min=0.1196
2026-02-08 14:34:17.067 | INFO     | src.models.evaluation:evaluate_tsb_ad_nonoverlapping:83 - {'AUC-PR': 0.010209520052098178, 'AUC-ROC': 0.6521585561497326, 'VUS-PR': np.float64(0.014637166393740478), 'VUS-ROC': np.float64(0.6654836354286019), 'Standard-F1': np.float64(0.0564947493779928), 'PA-F1': 0.062370062370062374, 'Event-based-F1': np.float64(0.056497175141242695), 'R-based-F1': 0.05649717514124293, 'Affiliation-F': 0.6929000486275065}
2026-02-08 14:34:17.241 | INFO     | src.pipelines.train_vision_backbones:run_pipeline:170 - Train images: 525
2026-02-08 14:34:17.242 | INFO     | src.pipelines.train_vision_backbones:run_pipeline:171 - Test images: 1973
2026-02-08 14:34:18.236 | INFO     | src.pipelines.train_vision_backbones:run_pipeline:176 - Training pvt_autoencoder_frozen on RP
2026-02-08 14:34:18.260 | INFO     | src.models.pvt_autoencoder.training:train_pvt_autoencoder_frozen:24 - Device: cuda | Model on: cuda:0
2026-02-08 14:34:59.315 | INFO     | src.pipelines.train_vision_backbones:run_pipeline:193 - Evaluating pvt_autoencoder_frozen on RP
2026-02-08 14:35:16.888 | INFO     | src.models.evaluation:evaluate_tsb_ad_nonoverlapping:65 - Normal (74800) reconstruction error: mean=0.3312, std=0.1925
2026-02-08 14:35:16.888 | INFO     | src.models.evaluation:evaluate_tsb_ad_nonoverlapping:66 - Anomaly (200) reconstruction error: mean=0.4394, std=0.1961
2026-02-08 14:35:16.888 | INFO     | src.models.evaluation:evaluate_tsb_ad_nonoverlapping:67 - Overlap? Normal max=1.0000, Anomaly min=0.1939
2026-02-08 14:35:29.221 | INFO     | src.models.evaluation:evaluate_tsb_ad_nonoverlapping:83 - {'AUC-PR': 0.006478943417626981, 'AUC-ROC': 0.6591235294117648, 'VUS-PR': np.float64(0.012385739259882192), 'VUS-ROC': np.float64(0.6864550210584605), 'Standard-F1': np.float64(0.03318617882983786), 'PA-F1': 0.03325020781379884, 'Event-based-F1': np.float64(0.0317460317460316), 'R-based-F1': 0.032150033489618215, 'Affiliation-F': 0.6946513009096607}
2026-02-08 14:35:29.391 | INFO     | src.pipelines.train_vision_backbones:run_pipeline:170 - Train images: 525
2026-02-08 14:35:29.391 | INFO     | src.pipelines.train_vision_backbones:run_pipeline:171 - Test images: 1973
2026-02-08 14:35:30.377 | INFO     | src.pipelines.train_vision_backbones:run_pipeline:176 - Training pvt_autoencoder_progressive_unfreeze on RP
2026-02-08 14:35:30.402 | INFO     | src.models.pvt_autoencoder.training:train_pvt_autoencoder_progressive_unfreeze:132 - Device: cuda | Model on: cuda:0
2026-02-08 14:36:39.991 | INFO     | src.pipelines.train_vision_backbones:run_pipeline:193 - Evaluating pvt_autoencoder_progressive_unfreeze on RP
2026-02-08 14:37:01.550 | INFO     | src.models.evaluation:evaluate_tsb_ad_nonoverlapping:65 - Normal (74800) reconstruction error: mean=0.2124, std=0.1685
2026-02-08 14:37:01.550 | INFO     | src.models.evaluation:evaluate_tsb_ad_nonoverlapping:66 - Anomaly (200) reconstruction error: mean=0.4043, std=0.2153
2026-02-08 14:37:01.550 | INFO     | src.models.evaluation:evaluate_tsb_ad_nonoverlapping:67 - Overlap? Normal max=1.0000, Anomaly min=0.1035
2026-02-08 14:37:11.333 | INFO     | src.models.evaluation:evaluate_tsb_ad_nonoverlapping:83 - {'AUC-PR': 0.01110032371767566, 'AUC-ROC': 0.7731921122994652, 'VUS-PR': np.float64(0.01962597608522115), 'VUS-ROC': np.float64(0.8056039840574403), 'Standard-F1': np.float64(0.04028016262914261), 'PA-F1': 0.037418147801683815, 'Event-based-F1': np.float64(0.03741814780168365), 'R-based-F1': 0.037418147801683815, 'Affiliation-F': 0.674819517464125}
2026-02-08 14:37:11.502 | INFO     | src.pipelines.train_vision_backbones:run_pipeline:170 - Train images: 525
2026-02-08 14:37:11.502 | INFO     | src.pipelines.train_vision_backbones:run_pipeline:171 - Test images: 1973
2026-02-08 14:37:12.483 | INFO     | src.pipelines.train_vision_backbones:run_pipeline:176 - Training pvt_autoencoder_differential_lr on RP
2026-02-08 14:37:12.506 | INFO     | src.models.pvt_autoencoder.training:train_pvt_autoencoder_differential_lr:267 - Device: cuda | Model on: cuda:0
2026-02-08 14:38:38.699 | INFO     | src.pipelines.train_vision_backbones:run_pipeline:193 - Evaluating pvt_autoencoder_differential_lr on RP
2026-02-08 14:39:05.029 | INFO     | src.models.evaluation:evaluate_tsb_ad_nonoverlapping:65 - Normal (74800) reconstruction error: mean=0.2294, std=0.1797
2026-02-08 14:39:05.029 | INFO     | src.models.evaluation:evaluate_tsb_ad_nonoverlapping:66 - Anomaly (200) reconstruction error: mean=0.3756, std=0.1945
2026-02-08 14:39:05.029 | INFO     | src.models.evaluation:evaluate_tsb_ad_nonoverlapping:67 - Overlap? Normal max=1.0000, Anomaly min=0.1334
2026-02-08 14:39:15.224 | INFO     | src.models.evaluation:evaluate_tsb_ad_nonoverlapping:83 - {'AUC-PR': 0.007140526266846393, 'AUC-ROC': 0.7494954545454545, 'VUS-PR': np.float64(0.013301099287839003), 'VUS-ROC': np.float64(0.7668909361733912), 'Standard-F1': np.float64(0.02281695047292836), 'PA-F1': 0.023809523809523808, 'Event-based-F1': np.float64(0.02281802624073007), 'R-based-F1': 0.023852116875372687, 'Affiliation-F': 0.6756021515880261}
2026-02-08 14:39:16.255 | INFO     | src.pipelines.train_vision_backbones:run_pipeline:70 - Using zip: /net/scratch/hscra/plgrid/plgsmendowski12/ts2i_images/MGAB/232_MGAB_id_8_Synthetic_tr_25000_1st_32708_ts2i_RWT.zip for transformation RWT
2026-02-08 14:39:20.121 | INFO     | src.pipelines.train_vision_backbones:run_pipeline:170 - Train images: 525
2026-02-08 14:39:20.121 | INFO     | src.pipelines.train_vision_backbones:run_pipeline:171 - Test images: 1973
2026-02-08 14:39:20.131 | INFO     | src.pipelines.train_vision_backbones:run_pipeline:176 - Training cnn_autoencoder on RWT
2026-02-08 14:39:20.136 | INFO     | src.models.cnn_autoencoder.training:train_autoencoder:22 - Device: cuda | Model on: cuda:0
2026-02-08 14:40:24.432 | INFO     | src.pipelines.train_vision_backbones:run_pipeline:193 - Evaluating cnn_autoencoder on RWT
2026-02-08 14:40:26.223 | INFO     | src.models.evaluation:evaluate_tsb_ad_nonoverlapping:65 - Normal (74800) reconstruction error: mean=0.0534, std=0.0459
2026-02-08 14:40:26.223 | INFO     | src.models.evaluation:evaluate_tsb_ad_nonoverlapping:66 - Anomaly (200) reconstruction error: mean=0.2477, std=0.3046
2026-02-08 14:40:26.223 | INFO     | src.models.evaluation:evaluate_tsb_ad_nonoverlapping:67 - Overlap? Normal max=1.0000, Anomaly min=0.0129
2026-02-08 14:40:32.691 | INFO     | src.models.evaluation:evaluate_tsb_ad_nonoverlapping:83 - {'AUC-PR': 0.1645306630484891, 'AUC-ROC': 0.6793776737967915, 'VUS-PR': np.float64(0.08996505378043076), 'VUS-ROC': np.float64(0.8260663159881435), 'Standard-F1': np.float64(0.36942212671618213), 'PA-F1': 0.379746835443038, 'Event-based-F1': np.float64(0.377440347071583), 'R-based-F1': 0.3710454824292349, 'Affiliation-F': 0.7034348675828864}
2026-02-08 14:40:32.860 | INFO     | src.pipelines.train_vision_backbones:run_pipeline:170 - Train images: 525
2026-02-08 14:40:32.860 | INFO     | src.pipelines.train_vision_backbones:run_pipeline:171 - Test images: 1973
2026-02-08 14:40:33.082 | INFO     | src.pipelines.train_vision_backbones:run_pipeline:176 - Training resnet18_autoencoder_frozen on RWT
2026-02-08 14:40:33.094 | INFO     | src.models.resnet18_autoencoder.training:train_autoencoder_frozen:25 - Device: cuda | Model on: cuda:0
2026-02-08 14:41:11.961 | INFO     | src.pipelines.train_vision_backbones:run_pipeline:193 - Evaluating resnet18_autoencoder_frozen on RWT
2026-02-08 14:41:14.214 | INFO     | src.models.evaluation:evaluate_tsb_ad_nonoverlapping:65 - Normal (74800) reconstruction error: mean=0.0530, std=0.0626
2026-02-08 14:41:14.214 | INFO     | src.models.evaluation:evaluate_tsb_ad_nonoverlapping:66 - Anomaly (200) reconstruction error: mean=0.1165, std=0.0941
2026-02-08 14:41:14.214 | INFO     | src.models.evaluation:evaluate_tsb_ad_nonoverlapping:67 - Overlap? Normal max=1.0000, Anomaly min=0.0111
2026-02-08 14:41:20.638 | INFO     | src.models.evaluation:evaluate_tsb_ad_nonoverlapping:83 - {'AUC-PR': 0.012546213575041635, 'AUC-ROC': 0.7402506684491978, 'VUS-PR': np.float64(0.01915537887526474), 'VUS-ROC': np.float64(0.7807621411992336), 'Standard-F1': np.float64(0.056713878483052996), 'PA-F1': 0.05961251862891207, 'Event-based-F1': np.float64(0.0571428571428569), 'R-based-F1': 0.058465286236297195, 'Affiliation-F': 0.7175646963132076}
2026-02-08 14:41:20.804 | INFO     | src.pipelines.train_vision_backbones:run_pipeline:170 - Train images: 525
2026-02-08 14:41:20.804 | INFO     | src.pipelines.train_vision_backbones:run_pipeline:171 - Test images: 1973
2026-02-08 14:41:21.021 | INFO     | src.pipelines.train_vision_backbones:run_pipeline:176 - Training resnet18_autoencoder_progressive_unfreeze on RWT
2026-02-08 14:41:21.034 | INFO     | src.models.resnet18_autoencoder.training:train_autoencoder_progressive_unfreeze:133 - Device: cuda | Model on: cuda:0
2026-02-08 14:41:53.309 | INFO     | src.pipelines.train_vision_backbones:run_pipeline:193 - Evaluating resnet18_autoencoder_progressive_unfreeze on RWT
2026-02-08 14:41:55.227 | INFO     | src.models.evaluation:evaluate_tsb_ad_nonoverlapping:65 - Normal (74800) reconstruction error: mean=0.0971, std=0.0904
2026-02-08 14:41:55.227 | INFO     | src.models.evaluation:evaluate_tsb_ad_nonoverlapping:66 - Anomaly (200) reconstruction error: mean=0.2040, std=0.2447
2026-02-08 14:41:55.227 | INFO     | src.models.evaluation:evaluate_tsb_ad_nonoverlapping:67 - Overlap? Normal max=1.0000, Anomaly min=0.0085
2026-02-08 14:42:02.542 | INFO     | src.models.evaluation:evaluate_tsb_ad_nonoverlapping:83 - {'AUC-PR': 0.025017674228725816, 'AUC-ROC': 0.6030426470588235, 'VUS-PR': np.float64(0.014590211009248647), 'VUS-ROC': np.float64(0.7190716925180121), 'Standard-F1': np.float64(0.12738391026567825), 'PA-F1': 0.12738853503184713, 'Event-based-F1': np.float64(0.1273885350318467), 'R-based-F1': 0.12738853503184713, 'Affiliation-F': 0.6864268949387843}
2026-02-08 14:42:03.010 | INFO     | src.pipelines.train_vision_backbones:run_pipeline:170 - Train images: 525
2026-02-08 14:42:03.011 | INFO     | src.pipelines.train_vision_backbones:run_pipeline:171 - Test images: 1973
2026-02-08 14:42:03.232 | INFO     | src.pipelines.train_vision_backbones:run_pipeline:176 - Training resnet18_autoencoder_differential_lr on RWT
2026-02-08 14:42:03.246 | INFO     | src.models.resnet18_autoencoder.training:train_autoencoder_differential_lr:271 - Device: cuda | Model on: cuda:0
2026-02-08 14:42:42.804 | INFO     | src.pipelines.train_vision_backbones:run_pipeline:193 - Evaluating resnet18_autoencoder_differential_lr on RWT
2026-02-08 14:42:45.739 | INFO     | src.models.evaluation:evaluate_tsb_ad_nonoverlapping:65 - Normal (74800) reconstruction error: mean=0.1268, std=0.1005
2026-02-08 14:42:45.739 | INFO     | src.models.evaluation:evaluate_tsb_ad_nonoverlapping:66 - Anomaly (200) reconstruction error: mean=0.3044, std=0.2859
2026-02-08 14:42:45.739 | INFO     | src.models.evaluation:evaluate_tsb_ad_nonoverlapping:67 - Overlap? Normal max=1.0000, Anomaly min=0.0133
2026-02-08 14:42:53.711 | INFO     | src.models.evaluation:evaluate_tsb_ad_nonoverlapping:83 - {'AUC-PR': 0.0826630634327407, 'AUC-ROC': 0.7118295454545455, 'VUS-PR': np.float64(0.042414014563331374), 'VUS-ROC': np.float64(0.7702990835400441), 'Standard-F1': np.float64(0.20512320853722793), 'PA-F1': 0.20512820512820512, 'Event-based-F1': np.float64(0.20512820512820462), 'R-based-F1': 0.20512820512820512, 'Affiliation-F': 0.6873181305653453}
2026-02-08 14:42:53.883 | INFO     | src.pipelines.train_vision_backbones:run_pipeline:170 - Train images: 525
2026-02-08 14:42:53.883 | INFO     | src.pipelines.train_vision_backbones:run_pipeline:171 - Test images: 1973
2026-02-08 14:42:54.856 | INFO     | src.pipelines.train_vision_backbones:run_pipeline:176 - Training pvt_autoencoder_frozen on RWT
2026-02-08 14:42:54.882 | INFO     | src.models.pvt_autoencoder.training:train_pvt_autoencoder_frozen:24 - Device: cuda | Model on: cuda:0
2026-02-08 14:43:46.332 | INFO     | src.pipelines.train_vision_backbones:run_pipeline:193 - Evaluating pvt_autoencoder_frozen on RWT
2026-02-08 14:43:49.284 | INFO     | src.models.evaluation:evaluate_tsb_ad_nonoverlapping:65 - Normal (74800) reconstruction error: mean=0.0712, std=0.0768
2026-02-08 14:43:49.284 | INFO     | src.models.evaluation:evaluate_tsb_ad_nonoverlapping:66 - Anomaly (200) reconstruction error: mean=0.3030, std=0.3573
2026-02-08 14:43:49.284 | INFO     | src.models.evaluation:evaluate_tsb_ad_nonoverlapping:67 - Overlap? Normal max=1.0000, Anomaly min=0.0245
2026-02-08 14:43:56.084 | INFO     | src.models.evaluation:evaluate_tsb_ad_nonoverlapping:83 - {'AUC-PR': 0.08433204801596288, 'AUC-ROC': 0.6981086898395722, 'VUS-PR': np.float64(0.06374536603954682), 'VUS-ROC': np.float64(0.800186056782696), 'Standard-F1': np.float64(0.2547724452135742), 'PA-F1': 0.25477707006369427, 'Event-based-F1': np.float64(0.2547770700636938), 'R-based-F1': 0.25477707006369427, 'Affiliation-F': 0.6933779790649482}
2026-02-08 14:43:56.252 | INFO     | src.pipelines.train_vision_backbones:run_pipeline:170 - Train images: 525
2026-02-08 14:43:56.252 | INFO     | src.pipelines.train_vision_backbones:run_pipeline:171 - Test images: 1973
2026-02-08 14:43:57.205 | INFO     | src.pipelines.train_vision_backbones:run_pipeline:176 - Training pvt_autoencoder_progressive_unfreeze on RWT
2026-02-08 14:43:57.230 | INFO     | src.models.pvt_autoencoder.training:train_pvt_autoencoder_progressive_unfreeze:132 - Device: cuda | Model on: cuda:0
2026-02-08 14:44:53.309 | INFO     | src.pipelines.train_vision_backbones:run_pipeline:193 - Evaluating pvt_autoencoder_progressive_unfreeze on RWT
2026-02-08 14:44:56.525 | INFO     | src.models.evaluation:evaluate_tsb_ad_nonoverlapping:65 - Normal (74800) reconstruction error: mean=0.0592, std=0.0560
2026-02-08 14:44:56.525 | INFO     | src.models.evaluation:evaluate_tsb_ad_nonoverlapping:66 - Anomaly (200) reconstruction error: mean=0.2496, std=0.3058
2026-02-08 14:44:56.525 | INFO     | src.models.evaluation:evaluate_tsb_ad_nonoverlapping:67 - Overlap? Normal max=1.0000, Anomaly min=0.0104
2026-02-08 14:45:03.067 | INFO     | src.models.evaluation:evaluate_tsb_ad_nonoverlapping:83 - {'AUC-PR': 0.15692309317555636, 'AUC-ROC': 0.6447284759358289, 'VUS-PR': np.float64(0.09488290830740435), 'VUS-ROC': np.float64(0.8035608174771831), 'Standard-F1': np.float64(0.36942212671618213), 'PA-F1': 0.379746835443038, 'Event-based-F1': np.float64(0.377440347071583), 'R-based-F1': 0.3710454824292349, 'Affiliation-F': 0.6984276843365573}
2026-02-08 14:45:03.236 | INFO     | src.pipelines.train_vision_backbones:run_pipeline:170 - Train images: 525
2026-02-08 14:45:03.236 | INFO     | src.pipelines.train_vision_backbones:run_pipeline:171 - Test images: 1973
2026-02-08 14:45:04.180 | INFO     | src.pipelines.train_vision_backbones:run_pipeline:176 - Training pvt_autoencoder_differential_lr on RWT
2026-02-08 14:45:04.204 | INFO     | src.models.pvt_autoencoder.training:train_pvt_autoencoder_differential_lr:267 - Device: cuda | Model on: cuda:0
2026-02-08 14:45:53.399 | INFO     | src.pipelines.train_vision_backbones:run_pipeline:193 - Evaluating pvt_autoencoder_differential_lr on RWT
2026-02-08 14:45:56.960 | INFO     | src.models.evaluation:evaluate_tsb_ad_nonoverlapping:65 - Normal (74800) reconstruction error: mean=0.0872, std=0.0698
2026-02-08 14:45:56.960 | INFO     | src.models.evaluation:evaluate_tsb_ad_nonoverlapping:66 - Anomaly (200) reconstruction error: mean=0.2690, std=0.2902
2026-02-08 14:45:56.960 | INFO     | src.models.evaluation:evaluate_tsb_ad_nonoverlapping:67 - Overlap? Normal max=1.0000, Anomaly min=0.0240
2026-02-08 14:46:04.103 | INFO     | src.models.evaluation:evaluate_tsb_ad_nonoverlapping:83 - {'AUC-PR': 0.12971486950616595, 'AUC-ROC': 0.7063335561497326, 'VUS-PR': np.float64(0.07308526067941683), 'VUS-ROC': np.float64(0.8033991203263118), 'Standard-F1': np.float64(0.2898510817604685), 'PA-F1': 0.2898550724637681, 'Event-based-F1': np.float64(0.2898550724637677), 'R-based-F1': 0.28985507246376807, 'Affiliation-F': 0.6877679232642595}
2026-02-08 14:46:05.063 | INFO     | src.pipelines.train_vision_backbones:run_pipeline:70 - Using zip: /net/scratch/hscra/plgrid/plgsmendowski12/ts2i_images/MGAB/232_MGAB_id_8_Synthetic_tr_25000_1st_32708_ts2i_MWT.zip for transformation MWT
2026-02-08 14:46:09.455 | INFO     | src.pipelines.train_vision_backbones:run_pipeline:170 - Train images: 525
2026-02-08 14:46:09.455 | INFO     | src.pipelines.train_vision_backbones:run_pipeline:171 - Test images: 1973
2026-02-08 14:46:09.462 | INFO     | src.pipelines.train_vision_backbones:run_pipeline:176 - Training cnn_autoencoder on MWT
2026-02-08 14:46:09.467 | INFO     | src.models.cnn_autoencoder.training:train_autoencoder:22 - Device: cuda | Model on: cuda:0
2026-02-08 14:47:25.666 | INFO     | src.pipelines.train_vision_backbones:run_pipeline:193 - Evaluating cnn_autoencoder on MWT
2026-02-08 14:47:27.545 | INFO     | src.models.evaluation:evaluate_tsb_ad_nonoverlapping:65 - Normal (74800) reconstruction error: mean=0.0773, std=0.0819
2026-02-08 14:47:27.545 | INFO     | src.models.evaluation:evaluate_tsb_ad_nonoverlapping:66 - Anomaly (200) reconstruction error: mean=0.1443, std=0.1112
2026-02-08 14:47:27.545 | INFO     | src.models.evaluation:evaluate_tsb_ad_nonoverlapping:67 - Overlap? Normal max=1.0000, Anomaly min=0.0410
2026-02-08 14:47:34.459 | INFO     | src.models.evaluation:evaluate_tsb_ad_nonoverlapping:83 - {'AUC-PR': 0.010152665955500973, 'AUC-ROC': 0.7662779411764705, 'VUS-PR': np.float64(0.013996088257413273), 'VUS-ROC': np.float64(0.7687317951268829), 'Standard-F1': np.float64(0.047277713782139096), 'PA-F1': 0.04524886877828054, 'Event-based-F1': np.float64(0.04524886877828019), 'R-based-F1': 0.04524886877828054, 'Affiliation-F': 0.6702341226435412}
2026-02-08 14:47:34.626 | INFO     | src.pipelines.train_vision_backbones:run_pipeline:170 - Train images: 525
2026-02-08 14:47:34.626 | INFO     | src.pipelines.train_vision_backbones:run_pipeline:171 - Test images: 1973
2026-02-08 14:47:34.849 | INFO     | src.pipelines.train_vision_backbones:run_pipeline:176 - Training resnet18_autoencoder_frozen on MWT
2026-02-08 14:47:34.863 | INFO     | src.models.resnet18_autoencoder.training:train_autoencoder_frozen:25 - Device: cuda | Model on: cuda:0
2026-02-08 14:48:20.290 | INFO     | src.pipelines.train_vision_backbones:run_pipeline:193 - Evaluating resnet18_autoencoder_frozen on MWT
2026-02-08 14:48:22.648 | INFO     | src.models.evaluation:evaluate_tsb_ad_nonoverlapping:65 - Normal (74800) reconstruction error: mean=0.0429, std=0.0783
2026-02-08 14:48:22.648 | INFO     | src.models.evaluation:evaluate_tsb_ad_nonoverlapping:66 - Anomaly (200) reconstruction error: mean=0.1648, std=0.2379
2026-02-08 14:48:22.649 | INFO     | src.models.evaluation:evaluate_tsb_ad_nonoverlapping:67 - Overlap? Normal max=1.0000, Anomaly min=0.0094
2026-02-08 14:48:28.865 | INFO     | src.models.evaluation:evaluate_tsb_ad_nonoverlapping:83 - {'AUC-PR': 0.023998527176029672, 'AUC-ROC': 0.7807844919786096, 'VUS-PR': np.float64(0.021784557530970253), 'VUS-ROC': np.float64(0.8484346109998643), 'Standard-F1': np.float64(0.11363145682345534), 'PA-F1': 0.11363636363636363, 'Event-based-F1': np.float64(0.11363636363636315), 'R-based-F1': 0.11363636363636363, 'Affiliation-F': 0.6790182290164571}
2026-02-08 14:48:29.043 | INFO     | src.pipelines.train_vision_backbones:run_pipeline:170 - Train images: 525
2026-02-08 14:48:29.043 | INFO     | src.pipelines.train_vision_backbones:run_pipeline:171 - Test images: 1973
2026-02-08 14:48:29.256 | INFO     | src.pipelines.train_vision_backbones:run_pipeline:176 - Training resnet18_autoencoder_progressive_unfreeze on MWT
2026-02-08 14:48:29.269 | INFO     | src.models.resnet18_autoencoder.training:train_autoencoder_progressive_unfreeze:133 - Device: cuda | Model on: cuda:0
2026-02-08 14:49:21.701 | INFO     | src.pipelines.train_vision_backbones:run_pipeline:193 - Evaluating resnet18_autoencoder_progressive_unfreeze on MWT
2026-02-08 14:49:23.673 | INFO     | src.models.evaluation:evaluate_tsb_ad_nonoverlapping:65 - Normal (74800) reconstruction error: mean=0.0352, std=0.0705
2026-02-08 14:49:23.673 | INFO     | src.models.evaluation:evaluate_tsb_ad_nonoverlapping:66 - Anomaly (200) reconstruction error: mean=0.1436, std=0.1868
2026-02-08 14:49:23.673 | INFO     | src.models.evaluation:evaluate_tsb_ad_nonoverlapping:67 - Overlap? Normal max=1.0000, Anomaly min=0.0090
2026-02-08 14:49:29.712 | INFO     | src.models.evaluation:evaluate_tsb_ad_nonoverlapping:83 - {'AUC-PR': 0.025013898485190554, 'AUC-ROC': 0.8175271390374331, 'VUS-PR': np.float64(0.03245217357453174), 'VUS-ROC': np.float64(0.8672663402504949), 'Standard-F1': np.float64(0.09345296558968352), 'PA-F1': 0.09345794392523364, 'Event-based-F1': np.float64(0.09345794392523314), 'R-based-F1': 0.09345794392523364, 'Affiliation-F': 0.6785960893446602}
2026-02-08 14:49:29.877 | INFO     | src.pipelines.train_vision_backbones:run_pipeline:170 - Train images: 525
2026-02-08 14:49:29.877 | INFO     | src.pipelines.train_vision_backbones:run_pipeline:171 - Test images: 1973
2026-02-08 14:49:30.090 | INFO     | src.pipelines.train_vision_backbones:run_pipeline:176 - Training resnet18_autoencoder_differential_lr on MWT
2026-02-08 14:49:30.104 | INFO     | src.models.resnet18_autoencoder.training:train_autoencoder_differential_lr:271 - Device: cuda | Model on: cuda:0
2026-02-08 14:50:13.434 | INFO     | src.pipelines.train_vision_backbones:run_pipeline:193 - Evaluating resnet18_autoencoder_differential_lr on MWT
2026-02-08 14:50:15.329 | INFO     | src.models.evaluation:evaluate_tsb_ad_nonoverlapping:65 - Normal (74800) reconstruction error: mean=0.0474, std=0.0620
2026-02-08 14:50:15.329 | INFO     | src.models.evaluation:evaluate_tsb_ad_nonoverlapping:66 - Anomaly (200) reconstruction error: mean=0.1334, std=0.1130
2026-02-08 14:50:15.329 | INFO     | src.models.evaluation:evaluate_tsb_ad_nonoverlapping:67 - Overlap? Normal max=1.0000, Anomaly min=0.0294
2026-02-08 14:50:21.601 | INFO     | src.models.evaluation:evaluate_tsb_ad_nonoverlapping:83 - {'AUC-PR': 0.019218831049098103, 'AUC-ROC': 0.8652151069518716, 'VUS-PR': np.float64(0.02758807533951042), 'VUS-ROC': np.float64(0.895348212453174), 'Standard-F1': np.float64(0.06733726728871711), 'PA-F1': 0.06329113924050633, 'Event-based-F1': np.float64(0.06329113924050606), 'R-based-F1': 0.06525285481239804, 'Affiliation-F': 0.6807985586860511}
2026-02-08 14:50:21.865 | INFO     | src.pipelines.train_vision_backbones:run_pipeline:170 - Train images: 525
2026-02-08 14:50:21.866 | INFO     | src.pipelines.train_vision_backbones:run_pipeline:171 - Test images: 1973
2026-02-08 14:50:22.827 | INFO     | src.pipelines.train_vision_backbones:run_pipeline:176 - Training pvt_autoencoder_frozen on MWT
2026-02-08 14:50:22.852 | INFO     | src.models.pvt_autoencoder.training:train_pvt_autoencoder_frozen:24 - Device: cuda | Model on: cuda:0
2026-02-08 14:51:09.629 | INFO     | src.pipelines.train_vision_backbones:run_pipeline:193 - Evaluating pvt_autoencoder_frozen on MWT
2026-02-08 14:51:12.770 | INFO     | src.models.evaluation:evaluate_tsb_ad_nonoverlapping:65 - Normal (74800) reconstruction error: mean=0.0234, std=0.0467
2026-02-08 14:51:12.771 | INFO     | src.models.evaluation:evaluate_tsb_ad_nonoverlapping:66 - Anomaly (200) reconstruction error: mean=0.0921, std=0.1300
2026-02-08 14:51:12.771 | INFO     | src.models.evaluation:evaluate_tsb_ad_nonoverlapping:67 - Overlap? Normal max=1.0000, Anomaly min=0.0088
2026-02-08 14:51:18.536 | INFO     | src.models.evaluation:evaluate_tsb_ad_nonoverlapping:83 - {'AUC-PR': 0.025755861778367334, 'AUC-ROC': 0.8755786096256685, 'VUS-PR': np.float64(0.029102225211856805), 'VUS-ROC': np.float64(0.8841774508911909), 'Standard-F1': np.float64(0.10255910609483126), 'PA-F1': 0.10256410256410256, 'Event-based-F1': np.float64(0.10256410256410206), 'R-based-F1': 0.10256410256410256, 'Affiliation-F': 0.6844713991999456}
2026-02-08 14:51:18.698 | INFO     | src.pipelines.train_vision_backbones:run_pipeline:170 - Train images: 525
2026-02-08 14:51:18.698 | INFO     | src.pipelines.train_vision_backbones:run_pipeline:171 - Test images: 1973
2026-02-08 14:51:19.649 | INFO     | src.pipelines.train_vision_backbones:run_pipeline:176 - Training pvt_autoencoder_progressive_unfreeze on MWT
2026-02-08 14:51:19.673 | INFO     | src.models.pvt_autoencoder.training:train_pvt_autoencoder_progressive_unfreeze:132 - Device: cuda | Model on: cuda:0
2026-02-08 14:52:10.481 | INFO     | src.pipelines.train_vision_backbones:run_pipeline:193 - Evaluating pvt_autoencoder_progressive_unfreeze on MWT
2026-02-08 14:52:13.009 | INFO     | src.models.evaluation:evaluate_tsb_ad_nonoverlapping:65 - Normal (74800) reconstruction error: mean=0.0283, std=0.0598
2026-02-08 14:52:13.010 | INFO     | src.models.evaluation:evaluate_tsb_ad_nonoverlapping:66 - Anomaly (200) reconstruction error: mean=0.0852, std=0.0992
2026-02-08 14:52:13.010 | INFO     | src.models.evaluation:evaluate_tsb_ad_nonoverlapping:67 - Overlap? Normal max=1.0000, Anomaly min=0.0087
2026-02-08 14:52:18.901 | INFO     | src.models.evaluation:evaluate_tsb_ad_nonoverlapping:83 - {'AUC-PR': 0.01694041353829109, 'AUC-ROC': 0.834375668449198, 'VUS-PR': np.float64(0.022882834503853876), 'VUS-ROC': np.float64(0.8555495385178886), 'Standard-F1': np.float64(0.05763278521672953), 'PA-F1': 0.05763688760806916, 'Event-based-F1': np.float64(0.05763688760806875), 'R-based-F1': 0.05763688760806916, 'Affiliation-F': 0.6669477577167993}
2026-02-08 14:52:19.077 | INFO     | src.pipelines.train_vision_backbones:run_pipeline:170 - Train images: 525
2026-02-08 14:52:19.077 | INFO     | src.pipelines.train_vision_backbones:run_pipeline:171 - Test images: 1973
2026-02-08 14:52:20.034 | INFO     | src.pipelines.train_vision_backbones:run_pipeline:176 - Training pvt_autoencoder_differential_lr on MWT
2026-02-08 14:52:20.058 | INFO     | src.models.pvt_autoencoder.training:train_pvt_autoencoder_differential_lr:267 - Device: cuda | Model on: cuda:0
2026-02-08 14:53:08.530 | INFO     | src.pipelines.train_vision_backbones:run_pipeline:193 - Evaluating pvt_autoencoder_differential_lr on MWT
2026-02-08 14:53:10.717 | INFO     | src.models.evaluation:evaluate_tsb_ad_nonoverlapping:65 - Normal (74800) reconstruction error: mean=0.0416, std=0.0635
2026-02-08 14:53:10.717 | INFO     | src.models.evaluation:evaluate_tsb_ad_nonoverlapping:66 - Anomaly (200) reconstruction error: mean=0.1120, std=0.1289
2026-02-08 14:53:10.717 | INFO     | src.models.evaluation:evaluate_tsb_ad_nonoverlapping:67 - Overlap? Normal max=1.0000, Anomaly min=0.0157
2026-02-08 14:53:16.868 | INFO     | src.models.evaluation:evaluate_tsb_ad_nonoverlapping:83 - {'AUC-PR': 0.015238358908824343, 'AUC-ROC': 0.8050449197860963, 'VUS-PR': np.float64(0.01868150281639182), 'VUS-ROC': np.float64(0.820290708132194), 'Standard-F1': np.float64(0.06472054155560353), 'PA-F1': 0.06472491909385113, 'Event-based-F1': np.float64(0.0647249190938507), 'R-based-F1': 0.06472491909385114, 'Affiliation-F': 0.6743707195233433}
2026-02-08 14:53:17.849 | INFO     | src.pipelines.train_vision_backbones:run_pipeline:70 - Using zip: /net/scratch/hscra/plgrid/plgsmendowski12/ts2i_images/MGAB/232_MGAB_id_8_Synthetic_tr_25000_1st_32708_ts2i_SPIRAL.zip for transformation SPIRAL
2026-02-08 14:53:21.160 | INFO     | src.pipelines.train_vision_backbones:run_pipeline:170 - Train images: 525
2026-02-08 14:53:21.161 | INFO     | src.pipelines.train_vision_backbones:run_pipeline:171 - Test images: 1973
2026-02-08 14:53:21.168 | INFO     | src.pipelines.train_vision_backbones:run_pipeline:176 - Training cnn_autoencoder on SPIRAL
2026-02-08 14:53:21.172 | INFO     | src.models.cnn_autoencoder.training:train_autoencoder:22 - Device: cuda | Model on: cuda:0
2026-02-08 14:54:46.444 | INFO     | src.pipelines.train_vision_backbones:run_pipeline:193 - Evaluating cnn_autoencoder on SPIRAL
2026-02-08 14:54:48.423 | INFO     | src.models.evaluation:evaluate_tsb_ad_nonoverlapping:65 - Normal (74800) reconstruction error: mean=0.0402, std=0.0341
2026-02-08 14:54:48.423 | INFO     | src.models.evaluation:evaluate_tsb_ad_nonoverlapping:66 - Anomaly (200) reconstruction error: mean=0.1675, std=0.2859
2026-02-08 14:54:48.423 | INFO     | src.models.evaluation:evaluate_tsb_ad_nonoverlapping:67 - Overlap? Normal max=1.0000, Anomaly min=0.0153
2026-02-08 14:54:54.486 | INFO     | src.models.evaluation:evaluate_tsb_ad_nonoverlapping:83 - {'AUC-PR': 0.15496797766360731, 'AUC-ROC': 0.6529989304812835, 'VUS-PR': np.float64(0.0604507483083041), 'VUS-ROC': np.float64(0.7029104450837955), 'Standard-F1': np.float64(0.36942212671618213), 'PA-F1': 0.379746835443038, 'Event-based-F1': np.float64(0.377440347071583), 'R-based-F1': 0.3710454824292349, 'Affiliation-F': 0.7091835479041734}
2026-02-08 14:54:54.646 | INFO     | src.pipelines.train_vision_backbones:run_pipeline:170 - Train images: 525
2026-02-08 14:54:54.646 | INFO     | src.pipelines.train_vision_backbones:run_pipeline:171 - Test images: 1973
2026-02-08 14:54:54.863 | INFO     | src.pipelines.train_vision_backbones:run_pipeline:176 - Training resnet18_autoencoder_frozen on SPIRAL
2026-02-08 14:54:54.877 | INFO     | src.models.resnet18_autoencoder.training:train_autoencoder_frozen:25 - Device: cuda | Model on: cuda:0
2026-02-08 14:55:53.100 | INFO     | src.pipelines.train_vision_backbones:run_pipeline:193 - Evaluating resnet18_autoencoder_frozen on SPIRAL
2026-02-08 14:55:55.238 | INFO     | src.models.evaluation:evaluate_tsb_ad_nonoverlapping:65 - Normal (74800) reconstruction error: mean=0.0262, std=0.0364
2026-02-08 14:55:55.238 | INFO     | src.models.evaluation:evaluate_tsb_ad_nonoverlapping:66 - Anomaly (200) reconstruction error: mean=0.1881, std=0.2931
2026-02-08 14:55:55.238 | INFO     | src.models.evaluation:evaluate_tsb_ad_nonoverlapping:67 - Overlap? Normal max=1.0000, Anomaly min=0.0097
2026-02-08 14:56:01.056 | INFO     | src.models.evaluation:evaluate_tsb_ad_nonoverlapping:83 - {'AUC-PR': 0.10104592787428077, 'AUC-ROC': 0.8168676470588235, 'VUS-PR': np.float64(0.09453835779543926), 'VUS-ROC': np.float64(0.8718309944033714), 'Standard-F1': np.float64(0.23015394315827037), 'PA-F1': 0.23715415019762845, 'Event-based-F1': np.float64(0.23324396782841772), 'R-based-F1': 0.23078600239834296, 'Affiliation-F': 0.6774797979050003}
2026-02-08 14:56:01.227 | INFO     | src.pipelines.train_vision_backbones:run_pipeline:170 - Train images: 525
2026-02-08 14:56:01.227 | INFO     | src.pipelines.train_vision_backbones:run_pipeline:171 - Test images: 1973
2026-02-08 14:56:01.450 | INFO     | src.pipelines.train_vision_backbones:run_pipeline:176 - Training resnet18_autoencoder_progressive_unfreeze on SPIRAL
2026-02-08 14:56:01.464 | INFO     | src.models.resnet18_autoencoder.training:train_autoencoder_progressive_unfreeze:133 - Device: cuda | Model on: cuda:0
2026-02-08 14:56:54.165 | INFO     | src.pipelines.train_vision_backbones:run_pipeline:193 - Evaluating resnet18_autoencoder_progressive_unfreeze on SPIRAL
2026-02-08 14:56:56.037 | INFO     | src.models.evaluation:evaluate_tsb_ad_nonoverlapping:65 - Normal (74800) reconstruction error: mean=0.0218, std=0.0249
2026-02-08 14:56:56.037 | INFO     | src.models.evaluation:evaluate_tsb_ad_nonoverlapping:66 - Anomaly (200) reconstruction error: mean=0.1646, std=0.2926
2026-02-08 14:56:56.037 | INFO     | src.models.evaluation:evaluate_tsb_ad_nonoverlapping:67 - Overlap? Normal max=1.0000, Anomaly min=0.0048
2026-02-08 14:57:01.733 | INFO     | src.models.evaluation:evaluate_tsb_ad_nonoverlapping:83 - {'AUC-PR': 0.15621189967374519, 'AUC-ROC': 0.7049758021390375, 'VUS-PR': np.float64(0.06279281777233262), 'VUS-ROC': np.float64(0.7862315671728696), 'Standard-F1': np.float64(0.36942212671618213), 'PA-F1': 0.379746835443038, 'Event-based-F1': np.float64(0.377440347071583), 'R-based-F1': 0.3710454824292349, 'Affiliation-F': 0.6767713092871054}
2026-02-08 14:57:01.896 | INFO     | src.pipelines.train_vision_backbones:run_pipeline:170 - Train images: 525
2026-02-08 14:57:01.896 | INFO     | src.pipelines.train_vision_backbones:run_pipeline:171 - Test images: 1973
2026-02-08 14:57:02.114 | INFO     | src.pipelines.train_vision_backbones:run_pipeline:176 - Training resnet18_autoencoder_differential_lr on SPIRAL
2026-02-08 14:57:02.129 | INFO     | src.models.resnet18_autoencoder.training:train_autoencoder_differential_lr:271 - Device: cuda | Model on: cuda:0
2026-02-08 14:57:55.839 | INFO     | src.pipelines.train_vision_backbones:run_pipeline:193 - Evaluating resnet18_autoencoder_differential_lr on SPIRAL
2026-02-08 14:57:57.767 | INFO     | src.models.evaluation:evaluate_tsb_ad_nonoverlapping:65 - Normal (74800) reconstruction error: mean=0.0177, std=0.0211
2026-02-08 14:57:57.767 | INFO     | src.models.evaluation:evaluate_tsb_ad_nonoverlapping:66 - Anomaly (200) reconstruction error: mean=0.1695, std=0.2948
2026-02-08 14:57:57.767 | INFO     | src.models.evaluation:evaluate_tsb_ad_nonoverlapping:67 - Overlap? Normal max=1.0000, Anomaly min=0.0071
2026-02-08 14:58:03.385 | INFO     | src.models.evaluation:evaluate_tsb_ad_nonoverlapping:83 - {'AUC-PR': 0.18261796668454514, 'AUC-ROC': 0.7103536096256684, 'VUS-PR': np.float64(0.14024298543955116), 'VUS-ROC': np.float64(0.8314030616862033), 'Standard-F1': np.float64(0.36942212671618213), 'PA-F1': 0.379746835443038, 'Event-based-F1': np.float64(0.377440347071583), 'R-based-F1': 0.3710454824292349, 'Affiliation-F': 0.6916843890754559}
2026-02-08 14:58:03.553 | INFO     | src.pipelines.train_vision_backbones:run_pipeline:170 - Train images: 525
2026-02-08 14:58:03.553 | INFO     | src.pipelines.train_vision_backbones:run_pipeline:171 - Test images: 1973
2026-02-08 14:58:04.541 | INFO     | src.pipelines.train_vision_backbones:run_pipeline:176 - Training pvt_autoencoder_frozen on SPIRAL
2026-02-08 14:58:04.566 | INFO     | src.models.pvt_autoencoder.training:train_pvt_autoencoder_frozen:24 - Device: cuda | Model on: cuda:0
2026-02-08 14:58:59.731 | INFO     | src.pipelines.train_vision_backbones:run_pipeline:193 - Evaluating pvt_autoencoder_frozen on SPIRAL
2026-02-08 14:59:02.147 | INFO     | src.models.evaluation:evaluate_tsb_ad_nonoverlapping:65 - Normal (74800) reconstruction error: mean=0.0234, std=0.0268
2026-02-08 14:59:02.147 | INFO     | src.models.evaluation:evaluate_tsb_ad_nonoverlapping:66 - Anomaly (200) reconstruction error: mean=0.1584, std=0.2893
2026-02-08 14:59:02.147 | INFO     | src.models.evaluation:evaluate_tsb_ad_nonoverlapping:67 - Overlap? Normal max=1.0000, Anomaly min=0.0099
2026-02-08 14:59:07.843 | INFO     | src.models.evaluation:evaluate_tsb_ad_nonoverlapping:83 - {'AUC-PR': 0.09197920030045283, 'AUC-ROC': 0.7466671122994653, 'VUS-PR': np.float64(0.06611381761472819), 'VUS-ROC': np.float64(0.8299628511328391), 'Standard-F1': np.float64(0.20512320853722793), 'PA-F1': 0.20512820512820512, 'Event-based-F1': np.float64(0.20512820512820462), 'R-based-F1': 0.20512820512820512, 'Affiliation-F': 0.6795877959432725}
2026-02-08 14:59:08.010 | INFO     | src.pipelines.train_vision_backbones:run_pipeline:170 - Train images: 525
2026-02-08 14:59:08.010 | INFO     | src.pipelines.train_vision_backbones:run_pipeline:171 - Test images: 1973
2026-02-08 14:59:09.004 | INFO     | src.pipelines.train_vision_backbones:run_pipeline:176 - Training pvt_autoencoder_progressive_unfreeze on SPIRAL
2026-02-08 14:59:09.028 | INFO     | src.models.pvt_autoencoder.training:train_pvt_autoencoder_progressive_unfreeze:132 - Device: cuda | Model on: cuda:0
2026-02-08 15:00:26.103 | INFO     | src.pipelines.train_vision_backbones:run_pipeline:193 - Evaluating pvt_autoencoder_progressive_unfreeze on SPIRAL
2026-02-08 15:00:28.733 | INFO     | src.models.evaluation:evaluate_tsb_ad_nonoverlapping:65 - Normal (74800) reconstruction error: mean=0.0152, std=0.0207
2026-02-08 15:00:28.733 | INFO     | src.models.evaluation:evaluate_tsb_ad_nonoverlapping:66 - Anomaly (200) reconstruction error: mean=0.1692, std=0.2924
2026-02-08 15:00:28.733 | INFO     | src.models.evaluation:evaluate_tsb_ad_nonoverlapping:67 - Overlap? Normal max=1.0000, Anomaly min=0.0044
2026-02-08 15:00:34.311 | INFO     | src.models.evaluation:evaluate_tsb_ad_nonoverlapping:83 - {'AUC-PR': 0.17007278075236293, 'AUC-ROC': 0.7695883689839572, 'VUS-PR': np.float64(0.12198362624649153), 'VUS-ROC': np.float64(0.8694517348115041), 'Standard-F1': np.float64(0.36942212671618213), 'PA-F1': 0.379746835443038, 'Event-based-F1': np.float64(0.377440347071583), 'R-based-F1': 0.3710454824292349, 'Affiliation-F': 0.7046539315172581}
2026-02-08 15:00:34.487 | INFO     | src.pipelines.train_vision_backbones:run_pipeline:170 - Train images: 525
2026-02-08 15:00:34.487 | INFO     | src.pipelines.train_vision_backbones:run_pipeline:171 - Test images: 1973
2026-02-08 15:00:35.444 | INFO     | src.pipelines.train_vision_backbones:run_pipeline:176 - Training pvt_autoencoder_differential_lr on SPIRAL
2026-02-08 15:00:35.468 | INFO     | src.models.pvt_autoencoder.training:train_pvt_autoencoder_differential_lr:267 - Device: cuda | Model on: cuda:0
2026-02-08 15:01:37.516 | INFO     | src.pipelines.train_vision_backbones:run_pipeline:193 - Evaluating pvt_autoencoder_differential_lr on SPIRAL
2026-02-08 15:01:40.261 | INFO     | src.models.evaluation:evaluate_tsb_ad_nonoverlapping:65 - Normal (74800) reconstruction error: mean=0.0253, std=0.0254
2026-02-08 15:01:40.262 | INFO     | src.models.evaluation:evaluate_tsb_ad_nonoverlapping:66 - Anomaly (200) reconstruction error: mean=0.1886, std=0.2941
2026-02-08 15:01:40.262 | INFO     | src.models.evaluation:evaluate_tsb_ad_nonoverlapping:67 - Overlap? Normal max=1.0000, Anomaly min=0.0110
2026-02-08 15:01:46.050 | INFO     | src.models.evaluation:evaluate_tsb_ad_nonoverlapping:83 - {'AUC-PR': 0.160015067327246, 'AUC-ROC': 0.771009090909091, 'VUS-PR': np.float64(0.08436905675138616), 'VUS-ROC': np.float64(0.8450012218190119), 'Standard-F1': np.float64(0.36942212671618213), 'PA-F1': 0.379746835443038, 'Event-based-F1': np.float64(0.377440347071583), 'R-based-F1': 0.3710454824292349, 'Affiliation-F': 0.688619012732408}
2026-02-08 15:01:47.037 | INFO     | src.pipelines.train_vision_backbones:run_pipeline:70 - Using zip: /net/scratch/hscra/plgrid/plgsmendowski12/ts2i_images/MGAB/233_MGAB_id_9_Synthetic_tr_25000_1st_41300_ts2i_RN.zip for transformation RN
2026-02-08 15:01:51.497 | INFO     | src.pipelines.train_vision_backbones:run_pipeline:170 - Train images: 525
2026-02-08 15:01:51.497 | INFO     | src.pipelines.train_vision_backbones:run_pipeline:171 - Test images: 1973
2026-02-08 15:01:51.504 | INFO     | src.pipelines.train_vision_backbones:run_pipeline:176 - Training cnn_autoencoder on RN
2026-02-08 15:01:51.509 | INFO     | src.models.cnn_autoencoder.training:train_autoencoder:22 - Device: cuda | Model on: cuda:0
2026-02-08 15:03:41.390 | INFO     | src.pipelines.train_vision_backbones:run_pipeline:193 - Evaluating cnn_autoencoder on RN
2026-02-08 15:03:43.784 | INFO     | src.models.evaluation:evaluate_tsb_ad_nonoverlapping:65 - Normal (74800) reconstruction error: mean=0.6344, std=0.4564
2026-02-08 15:03:43.784 | INFO     | src.models.evaluation:evaluate_tsb_ad_nonoverlapping:66 - Anomaly (200) reconstruction error: mean=0.7709, std=0.3851
2026-02-08 15:03:43.785 | INFO     | src.models.evaluation:evaluate_tsb_ad_nonoverlapping:67 - Overlap? Normal max=1.0000, Anomaly min=0.0000
2026-02-08 15:04:02.858 | INFO     | src.models.evaluation:evaluate_tsb_ad_nonoverlapping:83 - {'AUC-PR': 0.0037832790852923106, 'AUC-ROC': 0.556824732620321, 'VUS-PR': np.float64(0.013847860730555772), 'VUS-ROC': np.float64(0.6479699740589595), 'Standard-F1': np.float64(0.0132024569609411), 'PA-F1': 0.01603849238171612, 'Event-based-F1': np.float64(0.008970976253298108), 'R-based-F1': 0.011397129513150571, 'Affiliation-F': 0.6719191792306843}
2026-02-08 15:04:03.058 | INFO     | src.pipelines.train_vision_backbones:run_pipeline:170 - Train images: 525
2026-02-08 15:04:03.058 | INFO     | src.pipelines.train_vision_backbones:run_pipeline:171 - Test images: 1973
2026-02-08 15:04:03.272 | INFO     | src.pipelines.train_vision_backbones:run_pipeline:176 - Training resnet18_autoencoder_frozen on RN
2026-02-08 15:04:03.285 | INFO     | src.models.resnet18_autoencoder.training:train_autoencoder_frozen:25 - Device: cuda | Model on: cuda:0
2026-02-08 15:05:27.745 | INFO     | src.pipelines.train_vision_backbones:run_pipeline:193 - Evaluating resnet18_autoencoder_frozen on RN
2026-02-08 15:05:30.568 | INFO     | src.models.evaluation:evaluate_tsb_ad_nonoverlapping:65 - Normal (74800) reconstruction error: mean=0.5730, std=0.4132
2026-02-08 15:05:30.568 | INFO     | src.models.evaluation:evaluate_tsb_ad_nonoverlapping:66 - Anomaly (200) reconstruction error: mean=0.6900, std=0.3448
2026-02-08 15:05:30.569 | INFO     | src.models.evaluation:evaluate_tsb_ad_nonoverlapping:67 - Overlap? Normal max=1.0000, Anomaly min=0.0012
2026-02-08 15:05:48.682 | INFO     | src.models.evaluation:evaluate_tsb_ad_nonoverlapping:83 - {'AUC-PR': 0.0030498149114313975, 'AUC-ROC': 0.5441898395721925, 'VUS-PR': np.float64(0.010135253670353592), 'VUS-ROC': np.float64(0.6120084757580967), 'Standard-F1': np.float64(0.008081932117355587), 'PA-F1': 0.007863180656575585, 'Event-based-F1': np.float64(0.007863180656575576), 'R-based-F1': 0.011397129513150571, 'Affiliation-F': 0.6675824961189404}
2026-02-08 15:05:48.849 | INFO     | src.pipelines.train_vision_backbones:run_pipeline:170 - Train images: 525
2026-02-08 15:05:48.849 | INFO     | src.pipelines.train_vision_backbones:run_pipeline:171 - Test images: 1973
2026-02-08 15:05:49.066 | INFO     | src.pipelines.train_vision_backbones:run_pipeline:176 - Training resnet18_autoencoder_progressive_unfreeze on RN
2026-02-08 15:05:49.080 | INFO     | src.models.resnet18_autoencoder.training:train_autoencoder_progressive_unfreeze:133 - Device: cuda | Model on: cuda:0
2026-02-08 15:07:11.794 | INFO     | src.pipelines.train_vision_backbones:run_pipeline:193 - Evaluating resnet18_autoencoder_progressive_unfreeze on RN
2026-02-08 15:07:14.698 | INFO     | src.models.evaluation:evaluate_tsb_ad_nonoverlapping:65 - Normal (74800) reconstruction error: mean=0.5406, std=0.3904
2026-02-08 15:07:14.698 | INFO     | src.models.evaluation:evaluate_tsb_ad_nonoverlapping:66 - Anomaly (200) reconstruction error: mean=0.6645, std=0.3353
2026-02-08 15:07:14.698 | INFO     | src.models.evaluation:evaluate_tsb_ad_nonoverlapping:67 - Overlap? Normal max=1.0000, Anomaly min=0.0000
2026-02-08 15:07:32.197 | INFO     | src.models.evaluation:evaluate_tsb_ad_nonoverlapping:83 - {'AUC-PR': 0.006720201221168561, 'AUC-ROC': 0.5784391711229947, 'VUS-PR': np.float64(0.010848052227845474), 'VUS-ROC': np.float64(0.6244953018814351), 'Standard-F1': np.float64(0.0495012256503471), 'PA-F1': 0.020942408376963352, 'Event-based-F1': np.float64(0.02094240837696316), 'R-based-F1': 0.021810250817884402, 'Affiliation-F': 0.6652420442559888}
2026-02-08 15:07:32.365 | INFO     | src.pipelines.train_vision_backbones:run_pipeline:170 - Train images: 525
2026-02-08 15:07:32.365 | INFO     | src.pipelines.train_vision_backbones:run_pipeline:171 - Test images: 1973
2026-02-08 15:07:32.575 | INFO     | src.pipelines.train_vision_backbones:run_pipeline:176 - Training resnet18_autoencoder_differential_lr on RN
2026-02-08 15:07:32.589 | INFO     | src.models.resnet18_autoencoder.training:train_autoencoder_differential_lr:271 - Device: cuda | Model on: cuda:0
2026-02-08 15:08:58.140 | INFO     | src.pipelines.train_vision_backbones:run_pipeline:193 - Evaluating resnet18_autoencoder_differential_lr on RN
2026-02-08 15:09:03.226 | INFO     | src.models.evaluation:evaluate_tsb_ad_nonoverlapping:65 - Normal (74800) reconstruction error: mean=0.5922, std=0.4264
2026-02-08 15:09:03.226 | INFO     | src.models.evaluation:evaluate_tsb_ad_nonoverlapping:66 - Anomaly (200) reconstruction error: mean=0.7225, std=0.3615
2026-02-08 15:09:03.227 | INFO     | src.models.evaluation:evaluate_tsb_ad_nonoverlapping:67 - Overlap? Normal max=1.0000, Anomaly min=0.0014
2026-02-08 15:09:21.605 | INFO     | src.models.evaluation:evaluate_tsb_ad_nonoverlapping:83 - {'AUC-PR': 0.005370696317657688, 'AUC-ROC': 0.5919417112299465, 'VUS-PR': np.float64(0.011263914256203414), 'VUS-ROC': np.float64(0.638038425806497), 'Standard-F1': np.float64(0.02201951401332539), 'PA-F1': 0.02206287920573635, 'Event-based-F1': np.float64(0.018941504178272894), 'R-based-F1': 0.02688176593371398, 'Affiliation-F': 0.6677313705918485}
2026-02-08 15:09:21.781 | INFO     | src.pipelines.train_vision_backbones:run_pipeline:170 - Train images: 525
2026-02-08 15:09:21.781 | INFO     | src.pipelines.train_vision_backbones:run_pipeline:171 - Test images: 1973
2026-02-08 15:09:22.734 | INFO     | src.pipelines.train_vision_backbones:run_pipeline:176 - Training pvt_autoencoder_frozen on RN
2026-02-08 15:09:22.758 | INFO     | src.models.pvt_autoencoder.training:train_pvt_autoencoder_frozen:24 - Device: cuda | Model on: cuda:0
2026-02-08 15:10:55.167 | INFO     | src.pipelines.train_vision_backbones:run_pipeline:193 - Evaluating pvt_autoencoder_frozen on RN
2026-02-08 15:10:59.151 | INFO     | src.models.evaluation:evaluate_tsb_ad_nonoverlapping:65 - Normal (74800) reconstruction error: mean=0.6182, std=0.4445
2026-02-08 15:10:59.151 | INFO     | src.models.evaluation:evaluate_tsb_ad_nonoverlapping:66 - Anomaly (200) reconstruction error: mean=0.7435, std=0.3722
2026-02-08 15:10:59.151 | INFO     | src.models.evaluation:evaluate_tsb_ad_nonoverlapping:67 - Overlap? Normal max=1.0000, Anomaly min=0.0007
2026-02-08 15:11:18.139 | INFO     | src.models.evaluation:evaluate_tsb_ad_nonoverlapping:83 - {'AUC-PR': 0.006617433069527428, 'AUC-ROC': 0.49440106951871654, 'VUS-PR': np.float64(0.008916590891016703), 'VUS-ROC': np.float64(0.5731282649484817), 'Standard-F1': np.float64(0.05763278521672953), 'PA-F1': 0.03262642740619902, 'Event-based-F1': np.float64(0.03262642740619875), 'R-based-F1': 0.034782608695652174, 'Affiliation-F': 0.6663834297582276}
2026-02-08 15:11:18.307 | INFO     | src.pipelines.train_vision_backbones:run_pipeline:170 - Train images: 525
2026-02-08 15:11:18.307 | INFO     | src.pipelines.train_vision_backbones:run_pipeline:171 - Test images: 1973
2026-02-08 15:11:19.265 | INFO     | src.pipelines.train_vision_backbones:run_pipeline:176 - Training pvt_autoencoder_progressive_unfreeze on RN
2026-02-08 15:11:19.289 | INFO     | src.models.pvt_autoencoder.training:train_pvt_autoencoder_progressive_unfreeze:132 - Device: cuda | Model on: cuda:0
2026-02-08 15:13:14.650 | INFO     | src.pipelines.train_vision_backbones:run_pipeline:193 - Evaluating pvt_autoencoder_progressive_unfreeze on RN
2026-02-08 15:13:19.017 | INFO     | src.models.evaluation:evaluate_tsb_ad_nonoverlapping:65 - Normal (74800) reconstruction error: mean=0.6254, std=0.4500
2026-02-08 15:13:19.018 | INFO     | src.models.evaluation:evaluate_tsb_ad_nonoverlapping:66 - Anomaly (200) reconstruction error: mean=0.7597, std=0.3792
2026-02-08 15:13:19.018 | INFO     | src.models.evaluation:evaluate_tsb_ad_nonoverlapping:67 - Overlap? Normal max=1.0000, Anomaly min=0.0009
2026-02-08 15:13:38.200 | INFO     | src.models.evaluation:evaluate_tsb_ad_nonoverlapping:83 - {'AUC-PR': 0.0034364840565734465, 'AUC-ROC': 0.5704205882352941, 'VUS-PR': np.float64(0.00982434944266049), 'VUS-ROC': np.float64(0.6107285876530656), 'Standard-F1': np.float64(0.007953993452564779), 'PA-F1': 0.00913033553983109, 'Event-based-F1': np.float64(0.0068522483940042745), 'R-based-F1': 0.011397129513150571, 'Affiliation-F': 0.6676010626135052}
2026-02-08 15:13:38.379 | INFO     | src.pipelines.train_vision_backbones:run_pipeline:170 - Train images: 525
2026-02-08 15:13:38.379 | INFO     | src.pipelines.train_vision_backbones:run_pipeline:171 - Test images: 1973
2026-02-08 15:13:39.325 | INFO     | src.pipelines.train_vision_backbones:run_pipeline:176 - Training pvt_autoencoder_differential_lr on RN
2026-02-08 15:13:39.349 | INFO     | src.models.pvt_autoencoder.training:train_pvt_autoencoder_differential_lr:267 - Device: cuda | Model on: cuda:0
2026-02-08 15:15:29.690 | INFO     | src.pipelines.train_vision_backbones:run_pipeline:193 - Evaluating pvt_autoencoder_differential_lr on RN
2026-02-08 15:15:33.864 | INFO     | src.models.evaluation:evaluate_tsb_ad_nonoverlapping:65 - Normal (74800) reconstruction error: mean=0.6127, std=0.4403
2026-02-08 15:15:33.864 | INFO     | src.models.evaluation:evaluate_tsb_ad_nonoverlapping:66 - Anomaly (200) reconstruction error: mean=0.7446, std=0.3725
2026-02-08 15:15:33.864 | INFO     | src.models.evaluation:evaluate_tsb_ad_nonoverlapping:67 - Overlap? Normal max=1.0000, Anomaly min=0.0000
2026-02-08 15:15:52.586 | INFO     | src.models.evaluation:evaluate_tsb_ad_nonoverlapping:83 - {'AUC-PR': 0.004971343008376674, 'AUC-ROC': 0.5596443850267381, 'VUS-PR': np.float64(0.015640924691629452), 'VUS-ROC': np.float64(0.6562851072035313), 'Standard-F1': np.float64(0.027798378834854434), 'PA-F1': 0.02306361714395541, 'Event-based-F1': np.float64(0.013739858675739293), 'R-based-F1': 0.016358962374386537, 'Affiliation-F': 0.6661213404759647}
2026-02-08 15:15:53.548 | INFO     | src.pipelines.train_vision_backbones:run_pipeline:70 - Using zip: /net/scratch/hscra/plgrid/plgsmendowski12/ts2i_images/MGAB/233_MGAB_id_9_Synthetic_tr_25000_1st_41300_ts2i_LP.zip for transformation LP
2026-02-08 15:15:57.138 | INFO     | src.pipelines.train_vision_backbones:run_pipeline:170 - Train images: 525
2026-02-08 15:15:57.138 | INFO     | src.pipelines.train_vision_backbones:run_pipeline:171 - Test images: 1973
2026-02-08 15:15:57.146 | INFO     | src.pipelines.train_vision_backbones:run_pipeline:176 - Training cnn_autoencoder on LP
2026-02-08 15:15:57.151 | INFO     | src.models.cnn_autoencoder.training:train_autoencoder:22 - Device: cuda | Model on: cuda:0
2026-02-08 15:17:37.904 | INFO     | src.pipelines.train_vision_backbones:run_pipeline:193 - Evaluating cnn_autoencoder on LP
2026-02-08 15:17:39.596 | INFO     | src.models.evaluation:evaluate_tsb_ad_nonoverlapping:65 - Normal (74800) reconstruction error: mean=0.3446, std=0.1536
2026-02-08 15:17:39.596 | INFO     | src.models.evaluation:evaluate_tsb_ad_nonoverlapping:66 - Anomaly (200) reconstruction error: mean=0.4000, std=0.1386
2026-02-08 15:17:39.596 | INFO     | src.models.evaluation:evaluate_tsb_ad_nonoverlapping:67 - Overlap? Normal max=1.0000, Anomaly min=0.1577
2026-02-08 15:17:53.745 | INFO     | src.models.evaluation:evaluate_tsb_ad_nonoverlapping:83 - {'AUC-PR': 0.004337472973730367, 'AUC-ROC': 0.6191839572192513, 'VUS-PR': np.float64(0.009543534712668247), 'VUS-ROC': np.float64(0.6641733928893253), 'Standard-F1': np.float64(0.013327353394443475), 'PA-F1': 0.01554605518849592, 'Event-based-F1': np.float64(0.013307240704500916), 'R-based-F1': 0.01863229343998921, 'Affiliation-F': 0.6711589391395117}
2026-02-08 15:17:53.908 | INFO     | src.pipelines.train_vision_backbones:run_pipeline:170 - Train images: 525
2026-02-08 15:17:53.908 | INFO     | src.pipelines.train_vision_backbones:run_pipeline:171 - Test images: 1973
2026-02-08 15:17:54.124 | INFO     | src.pipelines.train_vision_backbones:run_pipeline:176 - Training resnet18_autoencoder_frozen on LP
2026-02-08 15:17:54.139 | INFO     | src.models.resnet18_autoencoder.training:train_autoencoder_frozen:25 - Device: cuda | Model on: cuda:0
2026-02-08 15:18:50.937 | INFO     | src.pipelines.train_vision_backbones:run_pipeline:193 - Evaluating resnet18_autoencoder_frozen on LP
2026-02-08 15:18:53.998 | INFO     | src.models.evaluation:evaluate_tsb_ad_nonoverlapping:65 - Normal (74800) reconstruction error: mean=0.3549, std=0.1505
2026-02-08 15:18:53.998 | INFO     | src.models.evaluation:evaluate_tsb_ad_nonoverlapping:66 - Anomaly (200) reconstruction error: mean=0.3832, std=0.1434
2026-02-08 15:18:53.998 | INFO     | src.models.evaluation:evaluate_tsb_ad_nonoverlapping:67 - Overlap? Normal max=1.0000, Anomaly min=0.1229
2026-02-08 15:19:08.597 | INFO     | src.models.evaluation:evaluate_tsb_ad_nonoverlapping:83 - {'AUC-PR': 0.0037659231402456233, 'AUC-ROC': 0.5668548128342247, 'VUS-PR': np.float64(0.009865842804649546), 'VUS-ROC': np.float64(0.6657036950112355), 'Standard-F1': np.float64(0.01070885778151621), 'PA-F1': 0.013368983957219251, 'Event-based-F1': np.float64(0.010781671159029598), 'R-based-F1': 0.010726599412590986, 'Affiliation-F': 0.6684569064472119}
2026-02-08 15:19:08.761 | INFO     | src.pipelines.train_vision_backbones:run_pipeline:170 - Train images: 525
2026-02-08 15:19:08.761 | INFO     | src.pipelines.train_vision_backbones:run_pipeline:171 - Test images: 1973
2026-02-08 15:19:08.980 | INFO     | src.pipelines.train_vision_backbones:run_pipeline:176 - Training resnet18_autoencoder_progressive_unfreeze on LP
2026-02-08 15:19:08.994 | INFO     | src.models.resnet18_autoencoder.training:train_autoencoder_progressive_unfreeze:133 - Device: cuda | Model on: cuda:0
2026-02-08 15:20:31.724 | INFO     | src.pipelines.train_vision_backbones:run_pipeline:193 - Evaluating resnet18_autoencoder_progressive_unfreeze on LP
2026-02-08 15:20:34.347 | INFO     | src.models.evaluation:evaluate_tsb_ad_nonoverlapping:65 - Normal (74800) reconstruction error: mean=0.3024, std=0.1795
2026-02-08 15:20:34.347 | INFO     | src.models.evaluation:evaluate_tsb_ad_nonoverlapping:66 - Anomaly (200) reconstruction error: mean=0.5420, std=0.2682
2026-02-08 15:20:34.347 | INFO     | src.models.evaluation:evaluate_tsb_ad_nonoverlapping:67 - Overlap? Normal max=1.0000, Anomaly min=0.1323
2026-02-08 15:20:47.811 | INFO     | src.models.evaluation:evaluate_tsb_ad_nonoverlapping:83 - {'AUC-PR': 0.03598315054235975, 'AUC-ROC': 0.7621065508021392, 'VUS-PR': np.float64(0.03662404376050722), 'VUS-ROC': np.float64(0.8009123633858591), 'Standard-F1': np.float64(0.15887352622815007), 'PA-F1': 0.1694915254237288, 'Event-based-F1': np.float64(0.15596330275229311), 'R-based-F1': 0.14808948723025145, 'Affiliation-F': 0.6747680137697648}
2026-02-08 15:20:48.563 | INFO     | src.pipelines.train_vision_backbones:run_pipeline:170 - Train images: 525
2026-02-08 15:20:48.563 | INFO     | src.pipelines.train_vision_backbones:run_pipeline:171 - Test images: 1973
2026-02-08 15:20:48.773 | INFO     | src.pipelines.train_vision_backbones:run_pipeline:176 - Training resnet18_autoencoder_differential_lr on LP
2026-02-08 15:20:48.787 | INFO     | src.models.resnet18_autoencoder.training:train_autoencoder_differential_lr:271 - Device: cuda | Model on: cuda:0
2026-02-08 15:22:16.536 | INFO     | src.pipelines.train_vision_backbones:run_pipeline:193 - Evaluating resnet18_autoencoder_differential_lr on LP
2026-02-08 15:22:19.245 | INFO     | src.models.evaluation:evaluate_tsb_ad_nonoverlapping:65 - Normal (74800) reconstruction error: mean=0.3039, std=0.1590
2026-02-08 15:22:19.245 | INFO     | src.models.evaluation:evaluate_tsb_ad_nonoverlapping:66 - Anomaly (200) reconstruction error: mean=0.4352, std=0.2206
2026-02-08 15:22:19.245 | INFO     | src.models.evaluation:evaluate_tsb_ad_nonoverlapping:67 - Overlap? Normal max=1.0000, Anomaly min=0.1429
2026-02-08 15:22:32.626 | INFO     | src.models.evaluation:evaluate_tsb_ad_nonoverlapping:83 - {'AUC-PR': 0.01205685984773527, 'AUC-ROC': 0.6727245989304813, 'VUS-PR': np.float64(0.01994318648208754), 'VUS-ROC': np.float64(0.7489103889263764), 'Standard-F1': np.float64(0.07374931434190668), 'PA-F1': 0.08620689655172414, 'Event-based-F1': np.float64(0.07623318385650193), 'R-based-F1': 0.0743021754246548, 'Affiliation-F': 0.6772266294653811}
2026-02-08 15:22:32.793 | INFO     | src.pipelines.train_vision_backbones:run_pipeline:170 - Train images: 525
2026-02-08 15:22:32.793 | INFO     | src.pipelines.train_vision_backbones:run_pipeline:171 - Test images: 1973
2026-02-08 15:22:33.750 | INFO     | src.pipelines.train_vision_backbones:run_pipeline:176 - Training pvt_autoencoder_frozen on LP
2026-02-08 15:22:33.774 | INFO     | src.models.pvt_autoencoder.training:train_pvt_autoencoder_frozen:24 - Device: cuda | Model on: cuda:0
2026-02-08 15:23:48.097 | INFO     | src.pipelines.train_vision_backbones:run_pipeline:193 - Evaluating pvt_autoencoder_frozen on LP
2026-02-08 15:23:50.971 | INFO     | src.models.evaluation:evaluate_tsb_ad_nonoverlapping:65 - Normal (74800) reconstruction error: mean=0.2931, std=0.1551
2026-02-08 15:23:50.971 | INFO     | src.models.evaluation:evaluate_tsb_ad_nonoverlapping:66 - Anomaly (200) reconstruction error: mean=0.4072, std=0.2124
2026-02-08 15:23:50.971 | INFO     | src.models.evaluation:evaluate_tsb_ad_nonoverlapping:67 - Overlap? Normal max=1.0000, Anomaly min=0.1250
2026-02-08 15:24:04.405 | INFO     | src.models.evaluation:evaluate_tsb_ad_nonoverlapping:83 - {'AUC-PR': 0.010350534334542288, 'AUC-ROC': 0.6441617647058824, 'VUS-PR': np.float64(0.01679344882644029), 'VUS-ROC': np.float64(0.724459064959267), 'Standard-F1': np.float64(0.04976337225690543), 'PA-F1': 0.04929143561306223, 'Event-based-F1': np.float64(0.045891472868216945), 'R-based-F1': 0.047977046059619555, 'Affiliation-F': 0.6744281724358904}
2026-02-08 15:24:04.570 | INFO     | src.pipelines.train_vision_backbones:run_pipeline:170 - Train images: 525
2026-02-08 15:24:04.570 | INFO     | src.pipelines.train_vision_backbones:run_pipeline:171 - Test images: 1973
2026-02-08 15:24:05.537 | INFO     | src.pipelines.train_vision_backbones:run_pipeline:176 - Training pvt_autoencoder_progressive_unfreeze on LP
2026-02-08 15:24:05.561 | INFO     | src.models.pvt_autoencoder.training:train_pvt_autoencoder_progressive_unfreeze:132 - Device: cuda | Model on: cuda:0
2026-02-08 15:25:50.711 | INFO     | src.pipelines.train_vision_backbones:run_pipeline:193 - Evaluating pvt_autoencoder_progressive_unfreeze on LP
2026-02-08 15:25:54.510 | INFO     | src.models.evaluation:evaluate_tsb_ad_nonoverlapping:65 - Normal (74800) reconstruction error: mean=0.2321, std=0.1231
2026-02-08 15:25:54.510 | INFO     | src.models.evaluation:evaluate_tsb_ad_nonoverlapping:66 - Anomaly (200) reconstruction error: mean=0.4894, std=0.3317
2026-02-08 15:25:54.511 | INFO     | src.models.evaluation:evaluate_tsb_ad_nonoverlapping:67 - Overlap? Normal max=1.0000, Anomaly min=0.1184
2026-02-08 15:26:06.520 | INFO     | src.models.evaluation:evaluate_tsb_ad_nonoverlapping:83 - {'AUC-PR': 0.10354172575236262, 'AUC-ROC': 0.6755994652406416, 'VUS-PR': np.float64(0.09895998332345762), 'VUS-ROC': np.float64(0.7130265169338609), 'Standard-F1': np.float64(0.25516789544267154), 'PA-F1': 0.2764976958525346, 'Event-based-F1': np.float64(0.2647058823529407), 'R-based-F1': 0.25658428624123936, 'Affiliation-F': 0.689730377333425}
2026-02-08 15:26:06.692 | INFO     | src.pipelines.train_vision_backbones:run_pipeline:170 - Train images: 525
2026-02-08 15:26:06.692 | INFO     | src.pipelines.train_vision_backbones:run_pipeline:171 - Test images: 1973
2026-02-08 15:26:07.652 | INFO     | src.pipelines.train_vision_backbones:run_pipeline:176 - Training pvt_autoencoder_differential_lr on LP
2026-02-08 15:26:07.676 | INFO     | src.models.pvt_autoencoder.training:train_pvt_autoencoder_differential_lr:267 - Device: cuda | Model on: cuda:0
2026-02-08 15:27:55.616 | INFO     | src.pipelines.train_vision_backbones:run_pipeline:193 - Evaluating pvt_autoencoder_differential_lr on LP
2026-02-08 15:28:13.794 | INFO     | src.models.evaluation:evaluate_tsb_ad_nonoverlapping:65 - Normal (74800) reconstruction error: mean=0.2259, std=0.1087
2026-02-08 15:28:13.794 | INFO     | src.models.evaluation:evaluate_tsb_ad_nonoverlapping:66 - Anomaly (200) reconstruction error: mean=0.4811, std=0.3117
2026-02-08 15:28:13.794 | INFO     | src.models.evaluation:evaluate_tsb_ad_nonoverlapping:67 - Overlap? Normal max=1.0000, Anomaly min=0.0893
2026-02-08 15:28:25.702 | INFO     | src.models.evaluation:evaluate_tsb_ad_nonoverlapping:83 - {'AUC-PR': 0.18434376999033672, 'AUC-ROC': 0.7215529411764706, 'VUS-PR': np.float64(0.10782408810690708), 'VUS-ROC': np.float64(0.8114018225722796), 'Standard-F1': np.float64(0.3821609802174369), 'PA-F1': 0.3821656050955414, 'Event-based-F1': np.float64(0.382165605095541), 'R-based-F1': 0.3821656050955414, 'Affiliation-F': 0.6770416045913736}
2026-02-08 15:28:26.655 | INFO     | src.pipelines.train_vision_backbones:run_pipeline:70 - Using zip: /net/scratch/hscra/plgrid/plgsmendowski12/ts2i_images/MGAB/233_MGAB_id_9_Synthetic_tr_25000_1st_41300_ts2i_SG.zip for transformation SG
2026-02-08 15:28:30.382 | INFO     | src.pipelines.train_vision_backbones:run_pipeline:170 - Train images: 525
2026-02-08 15:28:30.382 | INFO     | src.pipelines.train_vision_backbones:run_pipeline:171 - Test images: 1973
2026-02-08 15:28:30.389 | INFO     | src.pipelines.train_vision_backbones:run_pipeline:176 - Training cnn_autoencoder on SG
2026-02-08 15:28:30.394 | INFO     | src.models.cnn_autoencoder.training:train_autoencoder:22 - Device: cuda | Model on: cuda:0
2026-02-08 15:29:07.637 | INFO     | src.pipelines.train_vision_backbones:run_pipeline:193 - Evaluating cnn_autoencoder on SG
2026-02-08 15:29:09.310 | INFO     | src.models.evaluation:evaluate_tsb_ad_nonoverlapping:65 - Normal (74800) reconstruction error: mean=0.1031, std=0.0760
2026-02-08 15:29:09.310 | INFO     | src.models.evaluation:evaluate_tsb_ad_nonoverlapping:66 - Anomaly (200) reconstruction error: mean=0.2387, std=0.3022
2026-02-08 15:29:09.310 | INFO     | src.models.evaluation:evaluate_tsb_ad_nonoverlapping:67 - Overlap? Normal max=1.0000, Anomaly min=0.0295
2026-02-08 15:29:18.657 | INFO     | src.models.evaluation:evaluate_tsb_ad_nonoverlapping:83 - {'AUC-PR': 0.10898037531350353, 'AUC-ROC': 0.5719336898395723, 'VUS-PR': np.float64(0.03834731302474737), 'VUS-ROC': np.float64(0.6509827870647397), 'Standard-F1': np.float64(0.2898510817604685), 'PA-F1': 0.2898550724637681, 'Event-based-F1': np.float64(0.2898550724637677), 'R-based-F1': 0.28985507246376807, 'Affiliation-F': 0.7128840017284929}
2026-02-08 15:29:18.822 | INFO     | src.pipelines.train_vision_backbones:run_pipeline:170 - Train images: 525
2026-02-08 15:29:18.822 | INFO     | src.pipelines.train_vision_backbones:run_pipeline:171 - Test images: 1973
2026-02-08 15:29:19.033 | INFO     | src.pipelines.train_vision_backbones:run_pipeline:176 - Training resnet18_autoencoder_frozen on SG
2026-02-08 15:29:19.045 | INFO     | src.models.resnet18_autoencoder.training:train_autoencoder_frozen:25 - Device: cuda | Model on: cuda:0
2026-02-08 15:29:57.178 | INFO     | src.pipelines.train_vision_backbones:run_pipeline:193 - Evaluating resnet18_autoencoder_frozen on SG
2026-02-08 15:29:59.158 | INFO     | src.models.evaluation:evaluate_tsb_ad_nonoverlapping:65 - Normal (74800) reconstruction error: mean=0.0277, std=0.0406
2026-02-08 15:29:59.158 | INFO     | src.models.evaluation:evaluate_tsb_ad_nonoverlapping:66 - Anomaly (200) reconstruction error: mean=0.0562, std=0.0564
2026-02-08 15:29:59.158 | INFO     | src.models.evaluation:evaluate_tsb_ad_nonoverlapping:67 - Overlap? Normal max=1.0000, Anomaly min=0.0023
2026-02-08 15:30:06.867 | INFO     | src.models.evaluation:evaluate_tsb_ad_nonoverlapping:83 - {'AUC-PR': 0.012232083758816127, 'AUC-ROC': 0.6062828877005347, 'VUS-PR': np.float64(0.019724151612739497), 'VUS-ROC': np.float64(0.651121871941856), 'Standard-F1': np.float64(0.05769039928878579), 'PA-F1': 0.05943536404160475, 'Event-based-F1': np.float64(0.05389221556886211), 'R-based-F1': 0.055565497494631355, 'Affiliation-F': 0.7066381904875986}
2026-02-08 15:30:07.034 | INFO     | src.pipelines.train_vision_backbones:run_pipeline:170 - Train images: 525
2026-02-08 15:30:07.034 | INFO     | src.pipelines.train_vision_backbones:run_pipeline:171 - Test images: 1973
2026-02-08 15:30:07.244 | INFO     | src.pipelines.train_vision_backbones:run_pipeline:176 - Training resnet18_autoencoder_progressive_unfreeze on SG
2026-02-08 15:30:07.257 | INFO     | src.models.resnet18_autoencoder.training:train_autoencoder_progressive_unfreeze:133 - Device: cuda | Model on: cuda:0
2026-02-08 15:30:50.605 | INFO     | src.pipelines.train_vision_backbones:run_pipeline:193 - Evaluating resnet18_autoencoder_progressive_unfreeze on SG
2026-02-08 15:30:52.403 | INFO     | src.models.evaluation:evaluate_tsb_ad_nonoverlapping:65 - Normal (74800) reconstruction error: mean=0.0534, std=0.0601
2026-02-08 15:30:52.403 | INFO     | src.models.evaluation:evaluate_tsb_ad_nonoverlapping:66 - Anomaly (200) reconstruction error: mean=0.3120, std=0.3785
2026-02-08 15:30:52.403 | INFO     | src.models.evaluation:evaluate_tsb_ad_nonoverlapping:67 - Overlap? Normal max=1.0000, Anomaly min=0.0136
2026-02-08 15:31:00.744 | INFO     | src.models.evaluation:evaluate_tsb_ad_nonoverlapping:83 - {'AUC-PR': 0.16490635305599435, 'AUC-ROC': 0.7031004010695185, 'VUS-PR': np.float64(0.07956865497382529), 'VUS-ROC': np.float64(0.7621762834955109), 'Standard-F1': np.float64(0.3821609802174369), 'PA-F1': 0.3821656050955414, 'Event-based-F1': np.float64(0.382165605095541), 'R-based-F1': 0.3821656050955414, 'Affiliation-F': 0.6995755093820627}
2026-02-08 15:31:00.911 | INFO     | src.pipelines.train_vision_backbones:run_pipeline:170 - Train images: 525
2026-02-08 15:31:00.911 | INFO     | src.pipelines.train_vision_backbones:run_pipeline:171 - Test images: 1973
2026-02-08 15:31:01.129 | INFO     | src.pipelines.train_vision_backbones:run_pipeline:176 - Training resnet18_autoencoder_differential_lr on SG
2026-02-08 15:31:01.144 | INFO     | src.models.resnet18_autoencoder.training:train_autoencoder_differential_lr:271 - Device: cuda | Model on: cuda:0
2026-02-08 15:31:52.460 | INFO     | src.pipelines.train_vision_backbones:run_pipeline:193 - Evaluating resnet18_autoencoder_differential_lr on SG
2026-02-08 15:31:54.306 | INFO     | src.models.evaluation:evaluate_tsb_ad_nonoverlapping:65 - Normal (74800) reconstruction error: mean=0.0332, std=0.0369
2026-02-08 15:31:54.306 | INFO     | src.models.evaluation:evaluate_tsb_ad_nonoverlapping:66 - Anomaly (200) reconstruction error: mean=0.2502, std=0.3548
2026-02-08 15:31:54.306 | INFO     | src.models.evaluation:evaluate_tsb_ad_nonoverlapping:67 - Overlap? Normal max=1.0000, Anomaly min=0.0000
2026-02-08 15:32:02.182 | INFO     | src.models.evaluation:evaluate_tsb_ad_nonoverlapping:83 - {'AUC-PR': 0.14175663013115553, 'AUC-ROC': 0.6913810160427808, 'VUS-PR': np.float64(0.08768261591535488), 'VUS-ROC': np.float64(0.7835612607404828), 'Standard-F1': np.float64(0.2898510817604685), 'PA-F1': 0.2898550724637681, 'Event-based-F1': np.float64(0.2898550724637677), 'R-based-F1': 0.28985507246376807, 'Affiliation-F': 0.6719314379777457}
2026-02-08 15:32:02.346 | INFO     | src.pipelines.train_vision_backbones:run_pipeline:170 - Train images: 525
2026-02-08 15:32:02.346 | INFO     | src.pipelines.train_vision_backbones:run_pipeline:171 - Test images: 1973
2026-02-08 15:32:03.362 | INFO     | src.pipelines.train_vision_backbones:run_pipeline:176 - Training pvt_autoencoder_frozen on SG
2026-02-08 15:32:03.387 | INFO     | src.models.pvt_autoencoder.training:train_pvt_autoencoder_frozen:24 - Device: cuda | Model on: cuda:0
2026-02-08 15:32:36.308 | INFO     | src.pipelines.train_vision_backbones:run_pipeline:193 - Evaluating pvt_autoencoder_frozen on SG
2026-02-08 15:32:38.521 | INFO     | src.models.evaluation:evaluate_tsb_ad_nonoverlapping:65 - Normal (74800) reconstruction error: mean=0.0655, std=0.0718
2026-02-08 15:32:38.521 | INFO     | src.models.evaluation:evaluate_tsb_ad_nonoverlapping:66 - Anomaly (200) reconstruction error: mean=0.2329, std=0.2993
2026-02-08 15:32:38.521 | INFO     | src.models.evaluation:evaluate_tsb_ad_nonoverlapping:67 - Overlap? Normal max=1.0000, Anomaly min=0.0081
2026-02-08 15:32:47.169 | INFO     | src.models.evaluation:evaluate_tsb_ad_nonoverlapping:83 - {'AUC-PR': 0.0703438738857622, 'AUC-ROC': 0.6523006684491978, 'VUS-PR': np.float64(0.03790789689110675), 'VUS-ROC': np.float64(0.7462915845787592), 'Standard-F1': np.float64(0.2547724452135742), 'PA-F1': 0.25477707006369427, 'Event-based-F1': np.float64(0.2547770700636938), 'R-based-F1': 0.25477707006369427, 'Affiliation-F': 0.6722341875774793}
2026-02-08 15:32:47.331 | INFO     | src.pipelines.train_vision_backbones:run_pipeline:170 - Train images: 525
2026-02-08 15:32:47.331 | INFO     | src.pipelines.train_vision_backbones:run_pipeline:171 - Test images: 1973
2026-02-08 15:32:48.286 | INFO     | src.pipelines.train_vision_backbones:run_pipeline:176 - Training pvt_autoencoder_progressive_unfreeze on SG
2026-02-08 15:32:48.311 | INFO     | src.models.pvt_autoencoder.training:train_pvt_autoencoder_progressive_unfreeze:132 - Device: cuda | Model on: cuda:0
2026-02-08 15:33:16.008 | INFO     | src.pipelines.train_vision_backbones:run_pipeline:193 - Evaluating pvt_autoencoder_progressive_unfreeze on SG
2026-02-08 15:33:18.395 | INFO     | src.models.evaluation:evaluate_tsb_ad_nonoverlapping:65 - Normal (74800) reconstruction error: mean=0.0860, std=0.0874
2026-02-08 15:33:18.395 | INFO     | src.models.evaluation:evaluate_tsb_ad_nonoverlapping:66 - Anomaly (200) reconstruction error: mean=0.2123, std=0.2151
2026-02-08 15:33:18.395 | INFO     | src.models.evaluation:evaluate_tsb_ad_nonoverlapping:67 - Overlap? Normal max=1.0000, Anomaly min=0.0113
2026-02-08 15:33:27.429 | INFO     | src.models.evaluation:evaluate_tsb_ad_nonoverlapping:83 - {'AUC-PR': 0.026846375442182074, 'AUC-ROC': 0.6884336898395722, 'VUS-PR': np.float64(0.023638366763202898), 'VUS-ROC': np.float64(0.7277395287257692), 'Standard-F1': np.float64(0.11363145682345534), 'PA-F1': 0.11363636363636363, 'Event-based-F1': np.float64(0.11363636363636315), 'R-based-F1': 0.11363636363636363, 'Affiliation-F': 0.6691169923948139}
2026-02-08 15:33:27.597 | INFO     | src.pipelines.train_vision_backbones:run_pipeline:170 - Train images: 525
2026-02-08 15:33:27.598 | INFO     | src.pipelines.train_vision_backbones:run_pipeline:171 - Test images: 1973
2026-02-08 15:33:28.547 | INFO     | src.pipelines.train_vision_backbones:run_pipeline:176 - Training pvt_autoencoder_differential_lr on SG
2026-02-08 15:33:28.571 | INFO     | src.models.pvt_autoencoder.training:train_pvt_autoencoder_differential_lr:267 - Device: cuda | Model on: cuda:0
2026-02-08 15:34:09.604 | INFO     | src.pipelines.train_vision_backbones:run_pipeline:193 - Evaluating pvt_autoencoder_differential_lr on SG
2026-02-08 15:34:12.016 | INFO     | src.models.evaluation:evaluate_tsb_ad_nonoverlapping:65 - Normal (74800) reconstruction error: mean=0.0945, std=0.1094
2026-02-08 15:34:12.016 | INFO     | src.models.evaluation:evaluate_tsb_ad_nonoverlapping:66 - Anomaly (200) reconstruction error: mean=0.3377, std=0.3865
2026-02-08 15:34:12.016 | INFO     | src.models.evaluation:evaluate_tsb_ad_nonoverlapping:67 - Overlap? Normal max=1.0000, Anomaly min=0.0182
2026-02-08 15:34:21.318 | INFO     | src.models.evaluation:evaluate_tsb_ad_nonoverlapping:83 - {'AUC-PR': 0.16157047103846423, 'AUC-ROC': 0.6699594919786097, 'VUS-PR': np.float64(0.07160841340186606), 'VUS-ROC': np.float64(0.7637907698335512), 'Standard-F1': np.float64(0.3821609802174369), 'PA-F1': 0.3821656050955414, 'Event-based-F1': np.float64(0.382165605095541), 'R-based-F1': 0.3821656050955414, 'Affiliation-F': 0.6965758440818004}
2026-02-08 15:34:22.638 | INFO     | src.pipelines.train_vision_backbones:run_pipeline:70 - Using zip: /net/scratch/hscra/plgrid/plgsmendowski12/ts2i_images/MGAB/233_MGAB_id_9_Synthetic_tr_25000_1st_41300_ts2i_GASF.zip for transformation GASF
2026-02-08 15:34:26.061 | INFO     | src.pipelines.train_vision_backbones:run_pipeline:170 - Train images: 525
2026-02-08 15:34:26.062 | INFO     | src.pipelines.train_vision_backbones:run_pipeline:171 - Test images: 1973
2026-02-08 15:34:26.068 | INFO     | src.pipelines.train_vision_backbones:run_pipeline:176 - Training cnn_autoencoder on GASF
2026-02-08 15:34:26.073 | INFO     | src.models.cnn_autoencoder.training:train_autoencoder:22 - Device: cuda | Model on: cuda:0
2026-02-08 15:35:28.695 | INFO     | src.pipelines.train_vision_backbones:run_pipeline:193 - Evaluating cnn_autoencoder on GASF
2026-02-08 15:35:30.498 | INFO     | src.models.evaluation:evaluate_tsb_ad_nonoverlapping:65 - Normal (74800) reconstruction error: mean=0.0897, std=0.0769
2026-02-08 15:35:30.498 | INFO     | src.models.evaluation:evaluate_tsb_ad_nonoverlapping:66 - Anomaly (200) reconstruction error: mean=0.2240, std=0.2344
2026-02-08 15:35:30.498 | INFO     | src.models.evaluation:evaluate_tsb_ad_nonoverlapping:67 - Overlap? Normal max=1.0000, Anomaly min=0.0405
2026-02-08 15:35:39.636 | INFO     | src.models.evaluation:evaluate_tsb_ad_nonoverlapping:83 - {'AUC-PR': 0.04797689151581979, 'AUC-ROC': 0.7083411764705883, 'VUS-PR': np.float64(0.03348816505220878), 'VUS-ROC': np.float64(0.7677448023079889), 'Standard-F1': np.float64(0.17166892017888757), 'PA-F1': 0.17167381974248927, 'Event-based-F1': np.float64(0.17167381974248877), 'R-based-F1': 0.17167381974248927, 'Affiliation-F': 0.7229305988396926}
2026-02-08 15:35:39.805 | INFO     | src.pipelines.train_vision_backbones:run_pipeline:170 - Train images: 525
2026-02-08 15:35:39.805 | INFO     | src.pipelines.train_vision_backbones:run_pipeline:171 - Test images: 1973
2026-02-08 15:35:40.026 | INFO     | src.pipelines.train_vision_backbones:run_pipeline:176 - Training resnet18_autoencoder_frozen on GASF
2026-02-08 15:35:40.040 | INFO     | src.models.resnet18_autoencoder.training:train_autoencoder_frozen:25 - Device: cuda | Model on: cuda:0
2026-02-08 15:36:19.594 | INFO     | src.pipelines.train_vision_backbones:run_pipeline:193 - Evaluating resnet18_autoencoder_frozen on GASF
2026-02-08 15:36:21.748 | INFO     | src.models.evaluation:evaluate_tsb_ad_nonoverlapping:65 - Normal (74800) reconstruction error: mean=0.0672, std=0.1104
2026-02-08 15:36:21.748 | INFO     | src.models.evaluation:evaluate_tsb_ad_nonoverlapping:66 - Anomaly (200) reconstruction error: mean=0.1018, std=0.1071
2026-02-08 15:36:21.748 | INFO     | src.models.evaluation:evaluate_tsb_ad_nonoverlapping:67 - Overlap? Normal max=1.0000, Anomaly min=0.0070
2026-02-08 15:36:30.512 | INFO     | src.models.evaluation:evaluate_tsb_ad_nonoverlapping:83 - {'AUC-PR': 0.005369195104786628, 'AUC-ROC': 0.6401352941176472, 'VUS-PR': np.float64(0.012531377830900164), 'VUS-ROC': np.float64(0.7170920301301305), 'Standard-F1': np.float64(0.02281695047292836), 'PA-F1': 0.022573363431151242, 'Event-based-F1': np.float64(0.022573363431151135), 'R-based-F1': 0.023584905660377357, 'Affiliation-F': 0.6971800106111257}
2026-02-08 15:36:30.676 | INFO     | src.pipelines.train_vision_backbones:run_pipeline:170 - Train images: 525
2026-02-08 15:36:30.676 | INFO     | src.pipelines.train_vision_backbones:run_pipeline:171 - Test images: 1973
2026-02-08 15:36:30.896 | INFO     | src.pipelines.train_vision_backbones:run_pipeline:176 - Training resnet18_autoencoder_progressive_unfreeze on GASF
2026-02-08 15:36:30.911 | INFO     | src.models.resnet18_autoencoder.training:train_autoencoder_progressive_unfreeze:133 - Device: cuda | Model on: cuda:0
2026-02-08 15:37:14.816 | INFO     | src.pipelines.train_vision_backbones:run_pipeline:193 - Evaluating resnet18_autoencoder_progressive_unfreeze on GASF
2026-02-08 15:37:16.773 | INFO     | src.models.evaluation:evaluate_tsb_ad_nonoverlapping:65 - Normal (74800) reconstruction error: mean=0.0333, std=0.0584
2026-02-08 15:37:16.774 | INFO     | src.models.evaluation:evaluate_tsb_ad_nonoverlapping:66 - Anomaly (200) reconstruction error: mean=0.0872, std=0.1452
2026-02-08 15:37:16.774 | INFO     | src.models.evaluation:evaluate_tsb_ad_nonoverlapping:67 - Overlap? Normal max=1.0000, Anomaly min=0.0096
2026-02-08 15:37:24.736 | INFO     | src.models.evaluation:evaluate_tsb_ad_nonoverlapping:83 - {'AUC-PR': 0.014255770332309077, 'AUC-ROC': 0.667852139037433, 'VUS-PR': np.float64(0.017906143434422487), 'VUS-ROC': np.float64(0.7087852906690457), 'Standard-F1': np.float64(0.09345296558968352), 'PA-F1': 0.09345794392523364, 'Event-based-F1': np.float64(0.09345794392523314), 'R-based-F1': 0.09345794392523364, 'Affiliation-F': 0.7199429902405505}
2026-02-08 15:37:24.905 | INFO     | src.pipelines.train_vision_backbones:run_pipeline:170 - Train images: 525
2026-02-08 15:37:24.905 | INFO     | src.pipelines.train_vision_backbones:run_pipeline:171 - Test images: 1973
2026-02-08 15:37:25.120 | INFO     | src.pipelines.train_vision_backbones:run_pipeline:176 - Training resnet18_autoencoder_differential_lr on GASF
2026-02-08 15:37:25.142 | INFO     | src.models.resnet18_autoencoder.training:train_autoencoder_differential_lr:271 - Device: cuda | Model on: cuda:0
2026-02-08 15:38:25.965 | INFO     | src.pipelines.train_vision_backbones:run_pipeline:193 - Evaluating resnet18_autoencoder_differential_lr on GASF
2026-02-08 15:38:28.250 | INFO     | src.models.evaluation:evaluate_tsb_ad_nonoverlapping:65 - Normal (74800) reconstruction error: mean=0.0286, std=0.0452
2026-02-08 15:38:28.250 | INFO     | src.models.evaluation:evaluate_tsb_ad_nonoverlapping:66 - Anomaly (200) reconstruction error: mean=0.0590, std=0.0662
2026-02-08 15:38:28.250 | INFO     | src.models.evaluation:evaluate_tsb_ad_nonoverlapping:67 - Overlap? Normal max=1.0000, Anomaly min=0.0064
2026-02-08 15:38:36.070 | INFO     | src.models.evaluation:evaluate_tsb_ad_nonoverlapping:83 - {'AUC-PR': 0.009648379252736662, 'AUC-ROC': 0.6855304812834224, 'VUS-PR': np.float64(0.01593033528649186), 'VUS-ROC': np.float64(0.7309750808626556), 'Standard-F1': np.float64(0.0495012256503471), 'PA-F1': 0.04950495049504951, 'Event-based-F1': np.float64(0.04950495049504913), 'R-based-F1': 0.0495049504950495, 'Affiliation-F': 0.716473398113224}
2026-02-08 15:38:36.248 | INFO     | src.pipelines.train_vision_backbones:run_pipeline:170 - Train images: 525
2026-02-08 15:38:36.248 | INFO     | src.pipelines.train_vision_backbones:run_pipeline:171 - Test images: 1973
2026-02-08 15:38:37.202 | INFO     | src.pipelines.train_vision_backbones:run_pipeline:176 - Training pvt_autoencoder_frozen on GASF
2026-02-08 15:38:37.226 | INFO     | src.models.pvt_autoencoder.training:train_pvt_autoencoder_frozen:24 - Device: cuda | Model on: cuda:0
2026-02-08 15:39:38.053 | INFO     | src.pipelines.train_vision_backbones:run_pipeline:193 - Evaluating pvt_autoencoder_frozen on GASF
2026-02-08 15:39:40.275 | INFO     | src.models.evaluation:evaluate_tsb_ad_nonoverlapping:65 - Normal (74800) reconstruction error: mean=0.0371, std=0.0719
2026-02-08 15:39:40.275 | INFO     | src.models.evaluation:evaluate_tsb_ad_nonoverlapping:66 - Anomaly (200) reconstruction error: mean=0.1110, std=0.1186
2026-02-08 15:39:40.275 | INFO     | src.models.evaluation:evaluate_tsb_ad_nonoverlapping:67 - Overlap? Normal max=1.0000, Anomaly min=0.0043
2026-02-08 15:39:48.307 | INFO     | src.models.evaluation:evaluate_tsb_ad_nonoverlapping:83 - {'AUC-PR': 0.012516458182775435, 'AUC-ROC': 0.7272294117647058, 'VUS-PR': np.float64(0.029790198705406598), 'VUS-ROC': np.float64(0.8060241153841303), 'Standard-F1': np.float64(0.04338055089395386), 'PA-F1': 0.04421518054532056, 'Event-based-F1': np.float64(0.04166666666666634), 'R-based-F1': 0.041666666666666664, 'Affiliation-F': 0.6919538740301068}
2026-02-08 15:39:48.469 | INFO     | src.pipelines.train_vision_backbones:run_pipeline:170 - Train images: 525
2026-02-08 15:39:48.469 | INFO     | src.pipelines.train_vision_backbones:run_pipeline:171 - Test images: 1973
2026-02-08 15:39:49.420 | INFO     | src.pipelines.train_vision_backbones:run_pipeline:176 - Training pvt_autoencoder_progressive_unfreeze on GASF
2026-02-08 15:39:49.444 | INFO     | src.models.pvt_autoencoder.training:train_pvt_autoencoder_progressive_unfreeze:132 - Device: cuda | Model on: cuda:0
2026-02-08 15:40:53.420 | INFO     | src.pipelines.train_vision_backbones:run_pipeline:193 - Evaluating pvt_autoencoder_progressive_unfreeze on GASF
2026-02-08 15:40:56.296 | INFO     | src.models.evaluation:evaluate_tsb_ad_nonoverlapping:65 - Normal (74800) reconstruction error: mean=0.0243, std=0.0414
2026-02-08 15:40:56.296 | INFO     | src.models.evaluation:evaluate_tsb_ad_nonoverlapping:66 - Anomaly (200) reconstruction error: mean=0.0792, std=0.0809
2026-02-08 15:40:56.296 | INFO     | src.models.evaluation:evaluate_tsb_ad_nonoverlapping:67 - Overlap? Normal max=1.0000, Anomaly min=0.0058
2026-02-08 15:41:04.100 | INFO     | src.models.evaluation:evaluate_tsb_ad_nonoverlapping:83 - {'AUC-PR': 0.020082103890999067, 'AUC-ROC': 0.8186382352941177, 'VUS-PR': np.float64(0.034167729982854264), 'VUS-ROC': np.float64(0.8546386246163925), 'Standard-F1': np.float64(0.08015711596299907), 'PA-F1': 0.07722007722007722, 'Event-based-F1': np.float64(0.07722007722007691), 'R-based-F1': 0.07722007722007723, 'Affiliation-F': 0.713498533527747}
2026-02-08 15:41:04.271 | INFO     | src.pipelines.train_vision_backbones:run_pipeline:170 - Train images: 525
2026-02-08 15:41:04.271 | INFO     | src.pipelines.train_vision_backbones:run_pipeline:171 - Test images: 1973
2026-02-08 15:41:05.235 | INFO     | src.pipelines.train_vision_backbones:run_pipeline:176 - Training pvt_autoencoder_differential_lr on GASF
2026-02-08 15:41:05.260 | INFO     | src.models.pvt_autoencoder.training:train_pvt_autoencoder_differential_lr:267 - Device: cuda | Model on: cuda:0
2026-02-08 15:42:08.016 | INFO     | src.pipelines.train_vision_backbones:run_pipeline:193 - Evaluating pvt_autoencoder_differential_lr on GASF
2026-02-08 15:42:10.936 | INFO     | src.models.evaluation:evaluate_tsb_ad_nonoverlapping:65 - Normal (74800) reconstruction error: mean=0.0223, std=0.0412
2026-02-08 15:42:10.937 | INFO     | src.models.evaluation:evaluate_tsb_ad_nonoverlapping:66 - Anomaly (200) reconstruction error: mean=0.0659, std=0.0813
2026-02-08 15:42:10.937 | INFO     | src.models.evaluation:evaluate_tsb_ad_nonoverlapping:67 - Overlap? Normal max=1.0000, Anomaly min=0.0069
2026-02-08 15:42:18.593 | INFO     | src.models.evaluation:evaluate_tsb_ad_nonoverlapping:83 - {'AUC-PR': 0.017442157353382597, 'AUC-ROC': 0.7166080213903744, 'VUS-PR': np.float64(0.024389643914760912), 'VUS-ROC': np.float64(0.7655729275129809), 'Standard-F1': np.float64(0.07379608150186832), 'PA-F1': 0.07380073800738007, 'Event-based-F1': np.float64(0.0738007380073796), 'R-based-F1': 0.07380073800738007, 'Affiliation-F': 0.7120243600580618}
2026-02-08 15:42:19.562 | INFO     | src.pipelines.train_vision_backbones:run_pipeline:70 - Using zip: /net/scratch/hscra/plgrid/plgsmendowski12/ts2i_images/MGAB/233_MGAB_id_9_Synthetic_tr_25000_1st_41300_ts2i_GADF.zip for transformation GADF
2026-02-08 15:42:23.550 | INFO     | src.pipelines.train_vision_backbones:run_pipeline:170 - Train images: 525
2026-02-08 15:42:23.550 | INFO     | src.pipelines.train_vision_backbones:run_pipeline:171 - Test images: 1973
2026-02-08 15:42:23.557 | INFO     | src.pipelines.train_vision_backbones:run_pipeline:176 - Training cnn_autoencoder on GADF
2026-02-08 15:42:23.562 | INFO     | src.models.cnn_autoencoder.training:train_autoencoder:22 - Device: cuda | Model on: cuda:0
2026-02-08 15:43:16.328 | INFO     | src.pipelines.train_vision_backbones:run_pipeline:193 - Evaluating cnn_autoencoder on GADF
2026-02-08 15:43:18.117 | INFO     | src.models.evaluation:evaluate_tsb_ad_nonoverlapping:65 - Normal (74800) reconstruction error: mean=0.1027, std=0.0858
2026-02-08 15:43:18.117 | INFO     | src.models.evaluation:evaluate_tsb_ad_nonoverlapping:66 - Anomaly (200) reconstruction error: mean=0.2694, std=0.2957
2026-02-08 15:43:18.117 | INFO     | src.models.evaluation:evaluate_tsb_ad_nonoverlapping:67 - Overlap? Normal max=1.0000, Anomaly min=0.0340
2026-02-08 15:43:27.568 | INFO     | src.models.evaluation:evaluate_tsb_ad_nonoverlapping:83 - {'AUC-PR': 0.06752224959724745, 'AUC-ROC': 0.7058745989304813, 'VUS-PR': np.float64(0.031533122360008534), 'VUS-ROC': np.float64(0.7927083257880849), 'Standard-F1': np.float64(0.2547724452135742), 'PA-F1': 0.25477707006369427, 'Event-based-F1': np.float64(0.2547770700636938), 'R-based-F1': 0.25477707006369427, 'Affiliation-F': 0.710059050658552}
2026-02-08 15:43:27.783 | INFO     | src.pipelines.train_vision_backbones:run_pipeline:170 - Train images: 525
2026-02-08 15:43:27.783 | INFO     | src.pipelines.train_vision_backbones:run_pipeline:171 - Test images: 1973
2026-02-08 15:43:28.002 | INFO     | src.pipelines.train_vision_backbones:run_pipeline:176 - Training resnet18_autoencoder_frozen on GADF
2026-02-08 15:43:28.015 | INFO     | src.models.resnet18_autoencoder.training:train_autoencoder_frozen:25 - Device: cuda | Model on: cuda:0
2026-02-08 15:44:05.247 | INFO     | src.pipelines.train_vision_backbones:run_pipeline:193 - Evaluating resnet18_autoencoder_frozen on GADF
2026-02-08 15:44:07.438 | INFO     | src.models.evaluation:evaluate_tsb_ad_nonoverlapping:65 - Normal (74800) reconstruction error: mean=0.0233, std=0.0585
2026-02-08 15:44:07.438 | INFO     | src.models.evaluation:evaluate_tsb_ad_nonoverlapping:66 - Anomaly (200) reconstruction error: mean=0.0260, std=0.0263
2026-02-08 15:44:07.438 | INFO     | src.models.evaluation:evaluate_tsb_ad_nonoverlapping:67 - Overlap? Normal max=1.0000, Anomaly min=0.0021
2026-02-08 15:44:15.190 | INFO     | src.models.evaluation:evaluate_tsb_ad_nonoverlapping:83 - {'AUC-PR': 0.004714746413371565, 'AUC-ROC': 0.6504483957219253, 'VUS-PR': np.float64(0.0118574153153671), 'VUS-ROC': np.float64(0.7296392633943091), 'Standard-F1': np.float64(0.011949420413610466), 'PA-F1': 0.010712372790573112, 'Event-based-F1': np.float64(0.010712372790573011), 'R-based-F1': 0.011166945840312673, 'Affiliation-F': 0.6666178820934134}
2026-02-08 15:44:15.601 | INFO     | src.pipelines.train_vision_backbones:run_pipeline:170 - Train images: 525
2026-02-08 15:44:15.601 | INFO     | src.pipelines.train_vision_backbones:run_pipeline:171 - Test images: 1973
2026-02-08 15:44:15.811 | INFO     | src.pipelines.train_vision_backbones:run_pipeline:176 - Training resnet18_autoencoder_progressive_unfreeze on GADF
2026-02-08 15:44:15.828 | INFO     | src.models.resnet18_autoencoder.training:train_autoencoder_progressive_unfreeze:133 - Device: cuda | Model on: cuda:0
2026-02-08 15:45:09.264 | INFO     | src.pipelines.train_vision_backbones:run_pipeline:193 - Evaluating resnet18_autoencoder_progressive_unfreeze on GADF
2026-02-08 15:45:11.950 | INFO     | src.models.evaluation:evaluate_tsb_ad_nonoverlapping:65 - Normal (74800) reconstruction error: mean=0.0522, std=0.0841
2026-02-08 15:45:11.950 | INFO     | src.models.evaluation:evaluate_tsb_ad_nonoverlapping:66 - Anomaly (200) reconstruction error: mean=0.1163, std=0.1391
2026-02-08 15:45:11.950 | INFO     | src.models.evaluation:evaluate_tsb_ad_nonoverlapping:67 - Overlap? Normal max=1.0000, Anomaly min=0.0086
2026-02-08 15:45:20.410 | INFO     | src.models.evaluation:evaluate_tsb_ad_nonoverlapping:83 - {'AUC-PR': 0.009024150782347288, 'AUC-ROC': 0.6800764705882353, 'VUS-PR': np.float64(0.01662813635177303), 'VUS-ROC': np.float64(0.6958234700739945), 'Standard-F1': np.float64(0.04461512517684225), 'PA-F1': 0.057803468208092484, 'Event-based-F1': np.float64(0.04565001653986093), 'R-based-F1': 0.04659349417996446, 'Affiliation-F': 0.7168901632239869}
2026-02-08 15:45:20.622 | INFO     | src.pipelines.train_vision_backbones:run_pipeline:170 - Train images: 525
2026-02-08 15:45:20.622 | INFO     | src.pipelines.train_vision_backbones:run_pipeline:171 - Test images: 1973
2026-02-08 15:45:20.844 | INFO     | src.pipelines.train_vision_backbones:run_pipeline:176 - Training resnet18_autoencoder_differential_lr on GADF
2026-02-08 15:45:20.858 | INFO     | src.models.resnet18_autoencoder.training:train_autoencoder_differential_lr:271 - Device: cuda | Model on: cuda:0
2026-02-08 15:46:16.974 | INFO     | src.pipelines.train_vision_backbones:run_pipeline:193 - Evaluating resnet18_autoencoder_differential_lr on GADF
2026-02-08 15:46:19.651 | INFO     | src.models.evaluation:evaluate_tsb_ad_nonoverlapping:65 - Normal (74800) reconstruction error: mean=0.0713, std=0.0869
2026-02-08 15:46:19.651 | INFO     | src.models.evaluation:evaluate_tsb_ad_nonoverlapping:66 - Anomaly (200) reconstruction error: mean=0.1604, std=0.1949
2026-02-08 15:46:19.651 | INFO     | src.models.evaluation:evaluate_tsb_ad_nonoverlapping:67 - Overlap? Normal max=1.0000, Anomaly min=0.0249
2026-02-08 15:46:28.441 | INFO     | src.models.evaluation:evaluate_tsb_ad_nonoverlapping:83 - {'AUC-PR': 0.013838633219010443, 'AUC-ROC': 0.6491995989304813, 'VUS-PR': np.float64(0.017209472713584674), 'VUS-ROC': np.float64(0.7308379962195519), 'Standard-F1': np.float64(0.07448486500130301), 'PA-F1': 0.074487895716946, 'Event-based-F1': np.float64(0.0744878957169457), 'R-based-F1': 0.074487895716946, 'Affiliation-F': 0.669314706676243}
2026-02-08 15:46:28.605 | INFO     | src.pipelines.train_vision_backbones:run_pipeline:170 - Train images: 525
2026-02-08 15:46:28.606 | INFO     | src.pipelines.train_vision_backbones:run_pipeline:171 - Test images: 1973
2026-02-08 15:46:29.565 | INFO     | src.pipelines.train_vision_backbones:run_pipeline:176 - Training pvt_autoencoder_frozen on GADF
2026-02-08 15:46:29.590 | INFO     | src.models.pvt_autoencoder.training:train_pvt_autoencoder_frozen:24 - Device: cuda | Model on: cuda:0
2026-02-08 15:47:11.470 | INFO     | src.pipelines.train_vision_backbones:run_pipeline:193 - Evaluating pvt_autoencoder_frozen on GADF
2026-02-08 15:47:14.461 | INFO     | src.models.evaluation:evaluate_tsb_ad_nonoverlapping:65 - Normal (74800) reconstruction error: mean=0.0089, std=0.0330
2026-02-08 15:47:14.461 | INFO     | src.models.evaluation:evaluate_tsb_ad_nonoverlapping:66 - Anomaly (200) reconstruction error: mean=0.0242, std=0.0456
2026-02-08 15:47:14.461 | INFO     | src.models.evaluation:evaluate_tsb_ad_nonoverlapping:67 - Overlap? Normal max=1.0000, Anomaly min=0.0011
2026-02-08 15:47:21.972 | INFO     | src.models.evaluation:evaluate_tsb_ad_nonoverlapping:83 - {'AUC-PR': 0.011100126424704366, 'AUC-ROC': 0.6651243315508021, 'VUS-PR': np.float64(0.015846999184680396), 'VUS-ROC': np.float64(0.7248090461763722), 'Standard-F1': np.float64(0.07379608150186832), 'PA-F1': 0.07380073800738007, 'Event-based-F1': np.float64(0.0738007380073796), 'R-based-F1': 0.07380073800738007, 'Affiliation-F': 0.668627912350751}
2026-02-08 15:47:22.141 | INFO     | src.pipelines.train_vision_backbones:run_pipeline:170 - Train images: 525
2026-02-08 15:47:22.141 | INFO     | src.pipelines.train_vision_backbones:run_pipeline:171 - Test images: 1973
2026-02-08 15:47:23.089 | INFO     | src.pipelines.train_vision_backbones:run_pipeline:176 - Training pvt_autoencoder_progressive_unfreeze on GADF
2026-02-08 15:47:23.113 | INFO     | src.models.pvt_autoencoder.training:train_pvt_autoencoder_progressive_unfreeze:132 - Device: cuda | Model on: cuda:0
2026-02-08 15:48:17.145 | INFO     | src.pipelines.train_vision_backbones:run_pipeline:193 - Evaluating pvt_autoencoder_progressive_unfreeze on GADF
2026-02-08 15:48:20.731 | INFO     | src.models.evaluation:evaluate_tsb_ad_nonoverlapping:65 - Normal (74800) reconstruction error: mean=0.0195, std=0.0448
2026-02-08 15:48:20.731 | INFO     | src.models.evaluation:evaluate_tsb_ad_nonoverlapping:66 - Anomaly (200) reconstruction error: mean=0.0521, std=0.0577
2026-02-08 15:48:20.731 | INFO     | src.models.evaluation:evaluate_tsb_ad_nonoverlapping:67 - Overlap? Normal max=1.0000, Anomaly min=0.0060
2026-02-08 15:48:28.323 | INFO     | src.models.evaluation:evaluate_tsb_ad_nonoverlapping:83 - {'AUC-PR': 0.013425060932369596, 'AUC-ROC': 0.7350240641711231, 'VUS-PR': np.float64(0.026315526368523006), 'VUS-ROC': np.float64(0.764890050621074), 'Standard-F1': np.float64(0.05361698146313504), 'PA-F1': 0.049813200498132, 'Event-based-F1': np.float64(0.04981320049813179), 'R-based-F1': 0.049813200498131996, 'Affiliation-F': 0.6923551026831469}
2026-02-08 15:48:28.496 | INFO     | src.pipelines.train_vision_backbones:run_pipeline:170 - Train images: 525
2026-02-08 15:48:28.496 | INFO     | src.pipelines.train_vision_backbones:run_pipeline:171 - Test images: 1973
2026-02-08 15:48:29.491 | INFO     | src.pipelines.train_vision_backbones:run_pipeline:176 - Training pvt_autoencoder_differential_lr on GADF
2026-02-08 15:48:29.519 | INFO     | src.models.pvt_autoencoder.training:train_pvt_autoencoder_differential_lr:267 - Device: cuda | Model on: cuda:0
2026-02-08 15:49:56.838 | INFO     | src.pipelines.train_vision_backbones:run_pipeline:193 - Evaluating pvt_autoencoder_differential_lr on GADF
2026-02-08 15:50:00.858 | INFO     | src.models.evaluation:evaluate_tsb_ad_nonoverlapping:65 - Normal (74800) reconstruction error: mean=0.0437, std=0.0650
2026-02-08 15:50:00.858 | INFO     | src.models.evaluation:evaluate_tsb_ad_nonoverlapping:66 - Anomaly (200) reconstruction error: mean=0.1439, std=0.1736
2026-02-08 15:50:00.858 | INFO     | src.models.evaluation:evaluate_tsb_ad_nonoverlapping:67 - Overlap? Normal max=1.0000, Anomaly min=0.0166
2026-02-08 15:50:09.019 | INFO     | src.models.evaluation:evaluate_tsb_ad_nonoverlapping:83 - {'AUC-PR': 0.02331026465950551, 'AUC-ROC': 0.7694447860962567, 'VUS-PR': np.float64(0.025472718628485127), 'VUS-ROC': np.float64(0.7903267673104014), 'Standard-F1': np.float64(0.10255910609483126), 'PA-F1': 0.10256410256410256, 'Event-based-F1': np.float64(0.10256410256410206), 'R-based-F1': 0.10256410256410256, 'Affiliation-F': 0.6775498524256794}
2026-02-08 15:50:09.969 | INFO     | src.pipelines.train_vision_backbones:run_pipeline:70 - Using zip: /net/scratch/hscra/plgrid/plgsmendowski12/ts2i_images/MGAB/233_MGAB_id_9_Synthetic_tr_25000_1st_41300_ts2i_MTF.zip for transformation MTF
2026-02-08 15:50:14.599 | INFO     | src.pipelines.train_vision_backbones:run_pipeline:170 - Train images: 525
2026-02-08 15:50:14.599 | INFO     | src.pipelines.train_vision_backbones:run_pipeline:171 - Test images: 1973
2026-02-08 15:50:14.606 | INFO     | src.pipelines.train_vision_backbones:run_pipeline:176 - Training cnn_autoencoder on MTF
2026-02-08 15:50:14.616 | INFO     | src.models.cnn_autoencoder.training:train_autoencoder:22 - Device: cuda | Model on: cuda:0
2026-02-08 15:52:00.474 | INFO     | src.pipelines.train_vision_backbones:run_pipeline:193 - Evaluating cnn_autoencoder on MTF
2026-02-08 15:52:02.929 | INFO     | src.models.evaluation:evaluate_tsb_ad_nonoverlapping:65 - Normal (74800) reconstruction error: mean=0.2480, std=0.1443
2026-02-08 15:52:02.930 | INFO     | src.models.evaluation:evaluate_tsb_ad_nonoverlapping:66 - Anomaly (200) reconstruction error: mean=0.2286, std=0.1017
2026-02-08 15:52:02.930 | INFO     | src.models.evaluation:evaluate_tsb_ad_nonoverlapping:67 - Overlap? Normal max=1.0000, Anomaly min=0.0684
2026-02-08 15:52:15.396 | INFO     | src.models.evaluation:evaluate_tsb_ad_nonoverlapping:83 - {'AUC-PR': 0.0026066042737754903, 'AUC-ROC': 0.48064117647058824, 'VUS-PR': np.float64(0.008567043087689567), 'VUS-ROC': np.float64(0.6568731410025775), 'Standard-F1': np.float64(0.006361661987795253), 'PA-F1': 0.013917884481558803, 'Event-based-F1': np.float64(0.0061329410014381745), 'R-based-F1': 0.009232563059436401, 'Affiliation-F': 0.6735042753170557}
2026-02-08 15:52:15.653 | INFO     | src.pipelines.train_vision_backbones:run_pipeline:170 - Train images: 525
2026-02-08 15:52:15.653 | INFO     | src.pipelines.train_vision_backbones:run_pipeline:171 - Test images: 1973
2026-02-08 15:52:15.868 | INFO     | src.pipelines.train_vision_backbones:run_pipeline:176 - Training resnet18_autoencoder_frozen on MTF
2026-02-08 15:52:15.884 | INFO     | src.models.resnet18_autoencoder.training:train_autoencoder_frozen:25 - Device: cuda | Model on: cuda:0
2026-02-08 15:52:55.423 | INFO     | src.pipelines.train_vision_backbones:run_pipeline:193 - Evaluating resnet18_autoencoder_frozen on MTF
2026-02-08 15:52:57.536 | INFO     | src.models.evaluation:evaluate_tsb_ad_nonoverlapping:65 - Normal (74800) reconstruction error: mean=0.2481, std=0.1887
2026-02-08 15:52:57.536 | INFO     | src.models.evaluation:evaluate_tsb_ad_nonoverlapping:66 - Anomaly (200) reconstruction error: mean=0.3603, std=0.2409
2026-02-08 15:52:57.536 | INFO     | src.models.evaluation:evaluate_tsb_ad_nonoverlapping:67 - Overlap? Normal max=1.0000, Anomaly min=0.0318
2026-02-08 15:53:10.205 | INFO     | src.models.evaluation:evaluate_tsb_ad_nonoverlapping:83 - {'AUC-PR': 0.0076976319405488314, 'AUC-ROC': 0.6338963903743317, 'VUS-PR': np.float64(0.014616478669213966), 'VUS-ROC': np.float64(0.669570575627006), 'Standard-F1': np.float64(0.0387955325586415), 'PA-F1': 0.038797284190106696, 'Event-based-F1': np.float64(0.038797284190106515), 'R-based-F1': 0.03879728419010669, 'Affiliation-F': 0.693887622841743}
2026-02-08 15:53:10.612 | INFO     | src.pipelines.train_vision_backbones:run_pipeline:170 - Train images: 525
2026-02-08 15:53:10.613 | INFO     | src.pipelines.train_vision_backbones:run_pipeline:171 - Test images: 1973
2026-02-08 15:53:10.830 | INFO     | src.pipelines.train_vision_backbones:run_pipeline:176 - Training resnet18_autoencoder_progressive_unfreeze on MTF
2026-02-08 15:53:10.844 | INFO     | src.models.resnet18_autoencoder.training:train_autoencoder_progressive_unfreeze:133 - Device: cuda | Model on: cuda:0
2026-02-08 15:54:08.798 | INFO     | src.pipelines.train_vision_backbones:run_pipeline:193 - Evaluating resnet18_autoencoder_progressive_unfreeze on MTF
2026-02-08 15:54:11.002 | INFO     | src.models.evaluation:evaluate_tsb_ad_nonoverlapping:65 - Normal (74800) reconstruction error: mean=0.1883, std=0.1609
2026-02-08 15:54:11.002 | INFO     | src.models.evaluation:evaluate_tsb_ad_nonoverlapping:66 - Anomaly (200) reconstruction error: mean=0.1711, std=0.0933
2026-02-08 15:54:11.002 | INFO     | src.models.evaluation:evaluate_tsb_ad_nonoverlapping:67 - Overlap? Normal max=1.0000, Anomaly min=0.0295
2026-02-08 15:54:22.325 | INFO     | src.models.evaluation:evaluate_tsb_ad_nonoverlapping:83 - {'AUC-PR': 0.0029387217288743177, 'AUC-ROC': 0.5232282085561497, 'VUS-PR': np.float64(0.008308667108776417), 'VUS-ROC': np.float64(0.5813650543568043), 'Standard-F1': np.float64(0.008005204361248679), 'PA-F1': 0.009102730819245773, 'Event-based-F1': np.float64(0.007814680435389328), 'R-based-F1': 0.009587012793335962, 'Affiliation-F': 0.6705753010913498}
2026-02-08 15:54:22.492 | INFO     | src.pipelines.train_vision_backbones:run_pipeline:170 - Train images: 525
2026-02-08 15:54:22.492 | INFO     | src.pipelines.train_vision_backbones:run_pipeline:171 - Test images: 1973
2026-02-08 15:54:22.711 | INFO     | src.pipelines.train_vision_backbones:run_pipeline:176 - Training resnet18_autoencoder_differential_lr on MTF
2026-02-08 15:54:22.725 | INFO     | src.models.resnet18_autoencoder.training:train_autoencoder_differential_lr:271 - Device: cuda | Model on: cuda:0
2026-02-08 15:55:29.017 | INFO     | src.pipelines.train_vision_backbones:run_pipeline:193 - Evaluating resnet18_autoencoder_differential_lr on MTF
2026-02-08 15:55:30.888 | INFO     | src.models.evaluation:evaluate_tsb_ad_nonoverlapping:65 - Normal (74800) reconstruction error: mean=0.1720, std=0.1463
2026-02-08 15:55:30.888 | INFO     | src.models.evaluation:evaluate_tsb_ad_nonoverlapping:66 - Anomaly (200) reconstruction error: mean=0.1660, std=0.0943
2026-02-08 15:55:30.888 | INFO     | src.models.evaluation:evaluate_tsb_ad_nonoverlapping:67 - Overlap? Normal max=1.0000, Anomaly min=0.0296
2026-02-08 15:55:41.913 | INFO     | src.models.evaluation:evaluate_tsb_ad_nonoverlapping:83 - {'AUC-PR': 0.003078594410599808, 'AUC-ROC': 0.5445987967914439, 'VUS-PR': np.float64(0.008548003031686976), 'VUS-ROC': np.float64(0.600976227872102), 'Standard-F1': np.float64(0.008069738757847441), 'PA-F1': 0.011123470522803115, 'Event-based-F1': np.float64(0.00766822265640966), 'R-based-F1': 0.008548019654602234, 'Affiliation-F': 0.6806782731779639}
2026-02-08 15:55:42.080 | INFO     | src.pipelines.train_vision_backbones:run_pipeline:170 - Train images: 525
2026-02-08 15:55:42.080 | INFO     | src.pipelines.train_vision_backbones:run_pipeline:171 - Test images: 1973
2026-02-08 15:55:43.036 | INFO     | src.pipelines.train_vision_backbones:run_pipeline:176 - Training pvt_autoencoder_frozen on MTF
2026-02-08 15:55:43.061 | INFO     | src.models.pvt_autoencoder.training:train_pvt_autoencoder_frozen:24 - Device: cuda | Model on: cuda:0
2026-02-08 15:56:35.483 | INFO     | src.pipelines.train_vision_backbones:run_pipeline:193 - Evaluating pvt_autoencoder_frozen on MTF
2026-02-08 15:56:37.576 | INFO     | src.models.evaluation:evaluate_tsb_ad_nonoverlapping:65 - Normal (74800) reconstruction error: mean=0.1749, std=0.1493
2026-02-08 15:56:37.576 | INFO     | src.models.evaluation:evaluate_tsb_ad_nonoverlapping:66 - Anomaly (200) reconstruction error: mean=0.1816, std=0.0901
2026-02-08 15:56:37.576 | INFO     | src.models.evaluation:evaluate_tsb_ad_nonoverlapping:67 - Overlap? Normal max=1.0000, Anomaly min=0.0325
2026-02-08 15:56:48.600 | INFO     | src.models.evaluation:evaluate_tsb_ad_nonoverlapping:83 - {'AUC-PR': 0.003451768634876023, 'AUC-ROC': 0.5810550802139037, 'VUS-PR': np.float64(0.009220526919327336), 'VUS-ROC': np.float64(0.6457623597704856), 'Standard-F1': np.float64(0.009467489987547942), 'PA-F1': 0.011240691302515104, 'Event-based-F1': np.float64(0.009381914736686812), 'R-based-F1': 0.010880521285331872, 'Affiliation-F': 0.6706239261902373}
2026-02-08 15:56:48.963 | INFO     | src.pipelines.train_vision_backbones:run_pipeline:170 - Train images: 525
2026-02-08 15:56:48.963 | INFO     | src.pipelines.train_vision_backbones:run_pipeline:171 - Test images: 1973
2026-02-08 15:56:49.915 | INFO     | src.pipelines.train_vision_backbones:run_pipeline:176 - Training pvt_autoencoder_progressive_unfreeze on MTF
2026-02-08 15:56:49.938 | INFO     | src.models.pvt_autoencoder.training:train_pvt_autoencoder_progressive_unfreeze:132 - Device: cuda | Model on: cuda:0
2026-02-08 15:58:03.506 | INFO     | src.pipelines.train_vision_backbones:run_pipeline:193 - Evaluating pvt_autoencoder_progressive_unfreeze on MTF
2026-02-08 15:58:05.959 | INFO     | src.models.evaluation:evaluate_tsb_ad_nonoverlapping:65 - Normal (74800) reconstruction error: mean=0.1388, std=0.1281
2026-02-08 15:58:05.959 | INFO     | src.models.evaluation:evaluate_tsb_ad_nonoverlapping:66 - Anomaly (200) reconstruction error: mean=0.1386, std=0.0954
2026-02-08 15:58:05.959 | INFO     | src.models.evaluation:evaluate_tsb_ad_nonoverlapping:67 - Overlap? Normal max=1.0000, Anomaly min=0.0302
2026-02-08 15:58:16.203 | INFO     | src.models.evaluation:evaluate_tsb_ad_nonoverlapping:83 - {'AUC-PR': 0.003275955420627893, 'AUC-ROC': 0.548285026737968, 'VUS-PR': np.float64(0.009286100079544132), 'VUS-ROC': np.float64(0.6177274494320486), 'Standard-F1': np.float64(0.008632780113026959), 'PA-F1': 0.01680672268907563, 'Event-based-F1': np.float64(0.008551527970242858), 'R-based-F1': 0.009479071637029579, 'Affiliation-F': 0.6668729116407788}
2026-02-08 15:58:16.374 | INFO     | src.pipelines.train_vision_backbones:run_pipeline:170 - Train images: 525
2026-02-08 15:58:16.374 | INFO     | src.pipelines.train_vision_backbones:run_pipeline:171 - Test images: 1973
2026-02-08 15:58:17.326 | INFO     | src.pipelines.train_vision_backbones:run_pipeline:176 - Training pvt_autoencoder_differential_lr on MTF
2026-02-08 15:58:17.350 | INFO     | src.models.pvt_autoencoder.training:train_pvt_autoencoder_differential_lr:267 - Device: cuda | Model on: cuda:0
2026-02-08 15:59:43.293 | INFO     | src.pipelines.train_vision_backbones:run_pipeline:193 - Evaluating pvt_autoencoder_differential_lr on MTF
2026-02-08 15:59:45.442 | INFO     | src.models.evaluation:evaluate_tsb_ad_nonoverlapping:65 - Normal (74800) reconstruction error: mean=0.1697, std=0.1513
2026-02-08 15:59:45.442 | INFO     | src.models.evaluation:evaluate_tsb_ad_nonoverlapping:66 - Anomaly (200) reconstruction error: mean=0.1750, std=0.1010
2026-02-08 15:59:45.442 | INFO     | src.models.evaluation:evaluate_tsb_ad_nonoverlapping:67 - Overlap? Normal max=1.0000, Anomaly min=0.0253
2026-02-08 15:59:56.342 | INFO     | src.models.evaluation:evaluate_tsb_ad_nonoverlapping:83 - {'AUC-PR': 0.003410205055952928, 'AUC-ROC': 0.577607486631016, 'VUS-PR': np.float64(0.00938841005901151), 'VUS-ROC': np.float64(0.6186513233220169), 'Standard-F1': np.float64(0.00961368499085676), 'PA-F1': 0.01556420233463035, 'Event-based-F1': np.float64(0.009581056881822212), 'R-based-F1': 0.009595715737169918, 'Affiliation-F': 0.6733215537130548}
2026-02-08 15:59:57.422 | INFO     | src.pipelines.train_vision_backbones:run_pipeline:70 - Using zip: /net/scratch/hscra/plgrid/plgsmendowski12/ts2i_images/MGAB/233_MGAB_id_9_Synthetic_tr_25000_1st_41300_ts2i_RP.zip for transformation RP
2026-02-08 16:00:00.754 | INFO     | src.pipelines.train_vision_backbones:run_pipeline:170 - Train images: 525
2026-02-08 16:00:00.754 | INFO     | src.pipelines.train_vision_backbones:run_pipeline:171 - Test images: 1973
2026-02-08 16:00:00.761 | INFO     | src.pipelines.train_vision_backbones:run_pipeline:176 - Training cnn_autoencoder on RP
2026-02-08 16:00:00.766 | INFO     | src.models.cnn_autoencoder.training:train_autoencoder:22 - Device: cuda | Model on: cuda:0
2026-02-08 16:01:27.286 | INFO     | src.pipelines.train_vision_backbones:run_pipeline:193 - Evaluating cnn_autoencoder on RP
2026-02-08 16:01:29.016 | INFO     | src.models.evaluation:evaluate_tsb_ad_nonoverlapping:65 - Normal (74800) reconstruction error: mean=0.1853, std=0.1437
2026-02-08 16:01:29.016 | INFO     | src.models.evaluation:evaluate_tsb_ad_nonoverlapping:66 - Anomaly (200) reconstruction error: mean=0.2336, std=0.1423
2026-02-08 16:01:29.016 | INFO     | src.models.evaluation:evaluate_tsb_ad_nonoverlapping:67 - Overlap? Normal max=1.0000, Anomaly min=0.0364
2026-02-08 16:01:40.234 | INFO     | src.models.evaluation:evaluate_tsb_ad_nonoverlapping:83 - {'AUC-PR': 0.004669495391295044, 'AUC-ROC': 0.6390929144385027, 'VUS-PR': np.float64(0.011302925284106294), 'VUS-ROC': np.float64(0.692695154423902), 'Standard-F1': np.float64(0.013571160379449644), 'PA-F1': 0.044543429844097995, 'Event-based-F1': np.float64(0.016129032258064366), 'R-based-F1': 0.014627659574468084, 'Affiliation-F': 0.6812140327341925}
2026-02-08 16:01:40.395 | INFO     | src.pipelines.train_vision_backbones:run_pipeline:170 - Train images: 525
2026-02-08 16:01:40.395 | INFO     | src.pipelines.train_vision_backbones:run_pipeline:171 - Test images: 1973
2026-02-08 16:01:40.614 | INFO     | src.pipelines.train_vision_backbones:run_pipeline:176 - Training resnet18_autoencoder_frozen on RP
2026-02-08 16:01:40.628 | INFO     | src.models.resnet18_autoencoder.training:train_autoencoder_frozen:25 - Device: cuda | Model on: cuda:0
2026-02-08 16:02:22.606 | INFO     | src.pipelines.train_vision_backbones:run_pipeline:193 - Evaluating resnet18_autoencoder_frozen on RP
2026-02-08 16:02:24.458 | INFO     | src.models.evaluation:evaluate_tsb_ad_nonoverlapping:65 - Normal (74800) reconstruction error: mean=0.3799, std=0.1883
2026-02-08 16:02:24.458 | INFO     | src.models.evaluation:evaluate_tsb_ad_nonoverlapping:66 - Anomaly (200) reconstruction error: mean=0.4697, std=0.2148
2026-02-08 16:02:24.458 | INFO     | src.models.evaluation:evaluate_tsb_ad_nonoverlapping:67 - Overlap? Normal max=1.0000, Anomaly min=0.1316
2026-02-08 16:02:39.559 | INFO     | src.models.evaluation:evaluate_tsb_ad_nonoverlapping:83 - {'AUC-PR': 0.007196914299284137, 'AUC-ROC': 0.616039037433155, 'VUS-PR': np.float64(0.016802126100223316), 'VUS-ROC': np.float64(0.7473805731868595), 'Standard-F1': np.float64(0.03182567293911712), 'PA-F1': 0.04895960832313342, 'Event-based-F1': np.float64(0.030640668523676622), 'R-based-F1': 0.029148701953949172, 'Affiliation-F': 0.6806197665429441}
2026-02-08 16:02:39.724 | INFO     | src.pipelines.train_vision_backbones:run_pipeline:170 - Train images: 525
2026-02-08 16:02:39.724 | INFO     | src.pipelines.train_vision_backbones:run_pipeline:171 - Test images: 1973
2026-02-08 16:02:39.940 | INFO     | src.pipelines.train_vision_backbones:run_pipeline:176 - Training resnet18_autoencoder_progressive_unfreeze on RP
2026-02-08 16:02:39.954 | INFO     | src.models.resnet18_autoencoder.training:train_autoencoder_progressive_unfreeze:133 - Device: cuda | Model on: cuda:0
2026-02-08 16:03:21.132 | INFO     | src.pipelines.train_vision_backbones:run_pipeline:193 - Evaluating resnet18_autoencoder_progressive_unfreeze on RP
2026-02-08 16:03:23.339 | INFO     | src.models.evaluation:evaluate_tsb_ad_nonoverlapping:65 - Normal (74800) reconstruction error: mean=0.2310, std=0.1506
2026-02-08 16:03:23.339 | INFO     | src.models.evaluation:evaluate_tsb_ad_nonoverlapping:66 - Anomaly (200) reconstruction error: mean=0.2693, std=0.1341
2026-02-08 16:03:23.339 | INFO     | src.models.evaluation:evaluate_tsb_ad_nonoverlapping:67 - Overlap? Normal max=1.0000, Anomaly min=0.0778
2026-02-08 16:03:35.382 | INFO     | src.models.evaluation:evaluate_tsb_ad_nonoverlapping:83 - {'AUC-PR': 0.003900874578140514, 'AUC-ROC': 0.5951659090909092, 'VUS-PR': np.float64(0.011103955140062119), 'VUS-ROC': np.float64(0.6548494547235959), 'Standard-F1': np.float64(0.011885113645778636), 'PA-F1': 0.014695077149155033, 'Event-based-F1': np.float64(0.011801519892713427), 'R-based-F1': 0.011870957564284587, 'Affiliation-F': 0.6764292160026654}
2026-02-08 16:03:35.553 | INFO     | src.pipelines.train_vision_backbones:run_pipeline:170 - Train images: 525
2026-02-08 16:03:35.553 | INFO     | src.pipelines.train_vision_backbones:run_pipeline:171 - Test images: 1973
2026-02-08 16:03:35.772 | INFO     | src.pipelines.train_vision_backbones:run_pipeline:176 - Training resnet18_autoencoder_differential_lr on RP
2026-02-08 16:03:35.786 | INFO     | src.models.resnet18_autoencoder.training:train_autoencoder_differential_lr:271 - Device: cuda | Model on: cuda:0
2026-02-08 16:04:39.765 | INFO     | src.pipelines.train_vision_backbones:run_pipeline:193 - Evaluating resnet18_autoencoder_differential_lr on RP
2026-02-08 16:04:41.613 | INFO     | src.models.evaluation:evaluate_tsb_ad_nonoverlapping:65 - Normal (74800) reconstruction error: mean=0.2394, std=0.1810
2026-02-08 16:04:41.614 | INFO     | src.models.evaluation:evaluate_tsb_ad_nonoverlapping:66 - Anomaly (200) reconstruction error: mean=0.2993, std=0.1635
2026-02-08 16:04:41.614 | INFO     | src.models.evaluation:evaluate_tsb_ad_nonoverlapping:67 - Overlap? Normal max=1.0000, Anomaly min=0.0469
2026-02-08 16:04:54.066 | INFO     | src.models.evaluation:evaluate_tsb_ad_nonoverlapping:83 - {'AUC-PR': 0.004265190575171156, 'AUC-ROC': 0.6234127005347593, 'VUS-PR': np.float64(0.01693884977046156), 'VUS-ROC': np.float64(0.69850357816915), 'Standard-F1': np.float64(0.01271953412416754), 'PA-F1': 0.01659062629614268, 'Event-based-F1': np.float64(0.012533946104031723), 'R-based-F1': 0.014165141946526585, 'Affiliation-F': 0.6754540143628969}
2026-02-08 16:04:54.233 | INFO     | src.pipelines.train_vision_backbones:run_pipeline:170 - Train images: 525
2026-02-08 16:04:54.233 | INFO     | src.pipelines.train_vision_backbones:run_pipeline:171 - Test images: 1973
2026-02-08 16:04:56.201 | INFO     | src.pipelines.train_vision_backbones:run_pipeline:176 - Training pvt_autoencoder_frozen on RP
2026-02-08 16:04:56.228 | INFO     | src.models.pvt_autoencoder.training:train_pvt_autoencoder_frozen:24 - Device: cuda | Model on: cuda:0
2026-02-08 16:05:33.250 | INFO     | src.pipelines.train_vision_backbones:run_pipeline:193 - Evaluating pvt_autoencoder_frozen on RP
2026-02-08 16:05:35.279 | INFO     | src.models.evaluation:evaluate_tsb_ad_nonoverlapping:65 - Normal (74800) reconstruction error: mean=0.2941, std=0.1676
2026-02-08 16:05:35.279 | INFO     | src.models.evaluation:evaluate_tsb_ad_nonoverlapping:66 - Anomaly (200) reconstruction error: mean=0.3887, std=0.1914
2026-02-08 16:05:35.279 | INFO     | src.models.evaluation:evaluate_tsb_ad_nonoverlapping:67 - Overlap? Normal max=1.0000, Anomaly min=0.1205
2026-02-08 16:05:48.606 | INFO     | src.models.evaluation:evaluate_tsb_ad_nonoverlapping:83 - {'AUC-PR': 0.009651117814434337, 'AUC-ROC': 0.6445352941176471, 'VUS-PR': np.float64(0.0174032244853027), 'VUS-ROC': np.float64(0.7820422803651462), 'Standard-F1': np.float64(0.06896099910695505), 'PA-F1': 0.06097560975609756, 'Event-based-F1': np.float64(0.06097560975609713), 'R-based-F1': 0.06097560975609756, 'Affiliation-F': 0.6715690854422522}
2026-02-08 16:05:48.773 | INFO     | src.pipelines.train_vision_backbones:run_pipeline:170 - Train images: 525
2026-02-08 16:05:48.773 | INFO     | src.pipelines.train_vision_backbones:run_pipeline:171 - Test images: 1973
2026-02-08 16:05:50.754 | INFO     | src.pipelines.train_vision_backbones:run_pipeline:176 - Training pvt_autoencoder_progressive_unfreeze on RP
2026-02-08 16:05:50.779 | INFO     | src.models.pvt_autoencoder.training:train_pvt_autoencoder_progressive_unfreeze:132 - Device: cuda | Model on: cuda:0
2026-02-08 16:07:01.298 | INFO     | src.pipelines.train_vision_backbones:run_pipeline:193 - Evaluating pvt_autoencoder_progressive_unfreeze on RP
2026-02-08 16:07:03.688 | INFO     | src.models.evaluation:evaluate_tsb_ad_nonoverlapping:65 - Normal (74800) reconstruction error: mean=0.2007, std=0.1640
2026-02-08 16:07:03.688 | INFO     | src.models.evaluation:evaluate_tsb_ad_nonoverlapping:66 - Anomaly (200) reconstruction error: mean=0.3240, std=0.1926
2026-02-08 16:07:03.688 | INFO     | src.models.evaluation:evaluate_tsb_ad_nonoverlapping:67 - Overlap? Normal max=1.0000, Anomaly min=0.0394
2026-02-08 16:07:15.304 | INFO     | src.models.evaluation:evaluate_tsb_ad_nonoverlapping:83 - {'AUC-PR': 0.006862192146578538, 'AUC-ROC': 0.6921427807486631, 'VUS-PR': np.float64(0.018243132834605588), 'VUS-ROC': np.float64(0.7715881050911217), 'Standard-F1': np.float64(0.02069924269046919), 'PA-F1': 0.04106776180698152, 'Event-based-F1': np.float64(0.02052826057205416), 'R-based-F1': 0.01817879754639448, 'Affiliation-F': 0.6845581887215906}
2026-02-08 16:07:15.478 | INFO     | src.pipelines.train_vision_backbones:run_pipeline:170 - Train images: 525
2026-02-08 16:07:15.478 | INFO     | src.pipelines.train_vision_backbones:run_pipeline:171 - Test images: 1973
2026-02-08 16:07:16.435 | INFO     | src.pipelines.train_vision_backbones:run_pipeline:176 - Training pvt_autoencoder_differential_lr on RP
2026-02-08 16:07:16.460 | INFO     | src.models.pvt_autoencoder.training:train_pvt_autoencoder_differential_lr:267 - Device: cuda | Model on: cuda:0
2026-02-08 16:08:53.715 | INFO     | src.pipelines.train_vision_backbones:run_pipeline:193 - Evaluating pvt_autoencoder_differential_lr on RP
2026-02-08 16:08:56.190 | INFO     | src.models.evaluation:evaluate_tsb_ad_nonoverlapping:65 - Normal (74800) reconstruction error: mean=0.2131, std=0.1611
2026-02-08 16:08:56.191 | INFO     | src.models.evaluation:evaluate_tsb_ad_nonoverlapping:66 - Anomaly (200) reconstruction error: mean=0.2661, std=0.1313
2026-02-08 16:08:56.191 | INFO     | src.models.evaluation:evaluate_tsb_ad_nonoverlapping:67 - Overlap? Normal max=1.0000, Anomaly min=0.0651
2026-02-08 16:09:08.065 | INFO     | src.models.evaluation:evaluate_tsb_ad_nonoverlapping:83 - {'AUC-PR': 0.004550668895322396, 'AUC-ROC': 0.6427994652406417, 'VUS-PR': np.float64(0.013725445105258706), 'VUS-ROC': np.float64(0.7073963676158078), 'Standard-F1': np.float64(0.014164862896310613), 'PA-F1': 0.022099447513812154, 'Event-based-F1': np.float64(0.01366212877283075), 'R-based-F1': 0.01390728538205641, 'Affiliation-F': 0.6703076214513679}
2026-02-08 16:09:09.330 | INFO     | src.pipelines.train_vision_backbones:run_pipeline:70 - Using zip: /net/scratch/hscra/plgrid/plgsmendowski12/ts2i_images/MGAB/233_MGAB_id_9_Synthetic_tr_25000_1st_41300_ts2i_RWT.zip for transformation RWT
2026-02-08 16:09:12.713 | INFO     | src.pipelines.train_vision_backbones:run_pipeline:170 - Train images: 525
2026-02-08 16:09:12.713 | INFO     | src.pipelines.train_vision_backbones:run_pipeline:171 - Test images: 1973
2026-02-08 16:09:12.720 | INFO     | src.pipelines.train_vision_backbones:run_pipeline:176 - Training cnn_autoencoder on RWT
2026-02-08 16:09:12.724 | INFO     | src.models.cnn_autoencoder.training:train_autoencoder:22 - Device: cuda | Model on: cuda:0
2026-02-08 16:10:05.730 | INFO     | src.pipelines.train_vision_backbones:run_pipeline:193 - Evaluating cnn_autoencoder on RWT
2026-02-08 16:10:07.449 | INFO     | src.models.evaluation:evaluate_tsb_ad_nonoverlapping:65 - Normal (74800) reconstruction error: mean=0.0325, std=0.0273
2026-02-08 16:10:07.449 | INFO     | src.models.evaluation:evaluate_tsb_ad_nonoverlapping:66 - Anomaly (200) reconstruction error: mean=0.2119, std=0.3197
2026-02-08 16:10:07.449 | INFO     | src.models.evaluation:evaluate_tsb_ad_nonoverlapping:67 - Overlap? Normal max=1.0000, Anomaly min=0.0097
2026-02-08 16:10:15.390 | INFO     | src.models.evaluation:evaluate_tsb_ad_nonoverlapping:83 - {'AUC-PR': 0.16244791828761995, 'AUC-ROC': 0.656819652406417, 'VUS-PR': np.float64(0.06935086821400333), 'VUS-ROC': np.float64(0.6873575313687128), 'Standard-F1': np.float64(0.3821609802174369), 'PA-F1': 0.3821656050955414, 'Event-based-F1': np.float64(0.382165605095541), 'R-based-F1': 0.3821656050955414, 'Affiliation-F': 0.6979338987826225}
2026-02-08 16:10:15.557 | INFO     | src.pipelines.train_vision_backbones:run_pipeline:170 - Train images: 525
2026-02-08 16:10:15.557 | INFO     | src.pipelines.train_vision_backbones:run_pipeline:171 - Test images: 1973
2026-02-08 16:10:15.776 | INFO     | src.pipelines.train_vision_backbones:run_pipeline:176 - Training resnet18_autoencoder_frozen on RWT
2026-02-08 16:10:15.790 | INFO     | src.models.resnet18_autoencoder.training:train_autoencoder_frozen:25 - Device: cuda | Model on: cuda:0
2026-02-08 16:10:52.800 | INFO     | src.pipelines.train_vision_backbones:run_pipeline:193 - Evaluating resnet18_autoencoder_frozen on RWT
2026-02-08 16:10:55.000 | INFO     | src.models.evaluation:evaluate_tsb_ad_nonoverlapping:65 - Normal (74800) reconstruction error: mean=0.0824, std=0.0907
2026-02-08 16:10:55.000 | INFO     | src.models.evaluation:evaluate_tsb_ad_nonoverlapping:66 - Anomaly (200) reconstruction error: mean=0.2361, std=0.2823
2026-02-08 16:10:55.000 | INFO     | src.models.evaluation:evaluate_tsb_ad_nonoverlapping:67 - Overlap? Normal max=1.0000, Anomaly min=0.0019
2026-02-08 16:11:04.059 | INFO     | src.models.evaluation:evaluate_tsb_ad_nonoverlapping:83 - {'AUC-PR': 0.04216326961735551, 'AUC-ROC': 0.5916441176470587, 'VUS-PR': np.float64(0.028785563888596027), 'VUS-ROC': np.float64(0.723728466981038), 'Standard-F1': np.float64(0.14492354558352738), 'PA-F1': 0.14492753623188406, 'Event-based-F1': np.float64(0.14492753623188365), 'R-based-F1': 0.14492753623188404, 'Affiliation-F': 0.6863802575539162}
2026-02-08 16:11:04.452 | INFO     | src.pipelines.train_vision_backbones:run_pipeline:170 - Train images: 525
2026-02-08 16:11:04.452 | INFO     | src.pipelines.train_vision_backbones:run_pipeline:171 - Test images: 1973
2026-02-08 16:11:04.669 | INFO     | src.pipelines.train_vision_backbones:run_pipeline:176 - Training resnet18_autoencoder_progressive_unfreeze on RWT
2026-02-08 16:11:04.682 | INFO     | src.models.resnet18_autoencoder.training:train_autoencoder_progressive_unfreeze:133 - Device: cuda | Model on: cuda:0
2026-02-08 16:11:42.083 | INFO     | src.pipelines.train_vision_backbones:run_pipeline:193 - Evaluating resnet18_autoencoder_progressive_unfreeze on RWT
2026-02-08 16:11:43.991 | INFO     | src.models.evaluation:evaluate_tsb_ad_nonoverlapping:65 - Normal (74800) reconstruction error: mean=0.0585, std=0.0499
2026-02-08 16:11:43.991 | INFO     | src.models.evaluation:evaluate_tsb_ad_nonoverlapping:66 - Anomaly (200) reconstruction error: mean=0.2313, std=0.3109
2026-02-08 16:11:43.991 | INFO     | src.models.evaluation:evaluate_tsb_ad_nonoverlapping:67 - Overlap? Normal max=1.0000, Anomaly min=0.0029
2026-02-08 16:11:52.435 | INFO     | src.models.evaluation:evaluate_tsb_ad_nonoverlapping:83 - {'AUC-PR': 0.14119140787597548, 'AUC-ROC': 0.6091070855614973, 'VUS-PR': np.float64(0.07042855945647648), 'VUS-ROC': np.float64(0.6811791648138864), 'Standard-F1': np.float64(0.3076873110607606), 'PA-F1': 0.3076923076923077, 'Event-based-F1': np.float64(0.3076923076923072), 'R-based-F1': 0.3076923076923077, 'Affiliation-F': 0.6666904410688914}
2026-02-08 16:11:52.601 | INFO     | src.pipelines.train_vision_backbones:run_pipeline:170 - Train images: 525
2026-02-08 16:11:52.601 | INFO     | src.pipelines.train_vision_backbones:run_pipeline:171 - Test images: 1973
2026-02-08 16:11:52.821 | INFO     | src.pipelines.train_vision_backbones:run_pipeline:176 - Training resnet18_autoencoder_differential_lr on RWT
2026-02-08 16:11:52.835 | INFO     | src.models.resnet18_autoencoder.training:train_autoencoder_differential_lr:271 - Device: cuda | Model on: cuda:0
2026-02-08 16:12:17.001 | INFO     | src.pipelines.train_vision_backbones:run_pipeline:193 - Evaluating resnet18_autoencoder_differential_lr on RWT
2026-02-08 16:12:19.454 | INFO     | src.models.evaluation:evaluate_tsb_ad_nonoverlapping:65 - Normal (74800) reconstruction error: mean=0.0884, std=0.0766
2026-02-08 16:12:19.454 | INFO     | src.models.evaluation:evaluate_tsb_ad_nonoverlapping:66 - Anomaly (200) reconstruction error: mean=0.2504, std=0.3167
2026-02-08 16:12:19.455 | INFO     | src.models.evaluation:evaluate_tsb_ad_nonoverlapping:67 - Overlap? Normal max=1.0000, Anomaly min=0.0068
2026-02-08 16:12:28.596 | INFO     | src.models.evaluation:evaluate_tsb_ad_nonoverlapping:83 - {'AUC-PR': 0.11156363797605964, 'AUC-ROC': 0.5989818181818182, 'VUS-PR': np.float64(0.0431801925451084), 'VUS-ROC': np.float64(0.6706610190505116), 'Standard-F1': np.float64(0.2898510817604685), 'PA-F1': 0.2898550724637681, 'Event-based-F1': np.float64(0.2898550724637677), 'R-based-F1': 0.28985507246376807, 'Affiliation-F': 0.7357848915334968}
2026-02-08 16:12:28.764 | INFO     | src.pipelines.train_vision_backbones:run_pipeline:170 - Train images: 525
2026-02-08 16:12:28.764 | INFO     | src.pipelines.train_vision_backbones:run_pipeline:171 - Test images: 1973
2026-02-08 16:12:29.753 | INFO     | src.pipelines.train_vision_backbones:run_pipeline:176 - Training pvt_autoencoder_frozen on RWT
2026-02-08 16:12:29.778 | INFO     | src.models.pvt_autoencoder.training:train_pvt_autoencoder_frozen:24 - Device: cuda | Model on: cuda:0
2026-02-08 16:13:10.183 | INFO     | src.pipelines.train_vision_backbones:run_pipeline:193 - Evaluating pvt_autoencoder_frozen on RWT
2026-02-08 16:13:11.829 | INFO     | src.models.evaluation:evaluate_tsb_ad_nonoverlapping:65 - Normal (74800) reconstruction error: mean=0.0444, std=0.0395
2026-02-08 16:13:11.829 | INFO     | src.models.evaluation:evaluate_tsb_ad_nonoverlapping:66 - Anomaly (200) reconstruction error: mean=0.2546, std=0.3632
2026-02-08 16:13:11.830 | INFO     | src.models.evaluation:evaluate_tsb_ad_nonoverlapping:67 - Overlap? Normal max=1.0000, Anomaly min=0.0058
2026-02-08 16:13:19.913 | INFO     | src.models.evaluation:evaluate_tsb_ad_nonoverlapping:83 - {'AUC-PR': 0.16130557846622356, 'AUC-ROC': 0.6627526737967915, 'VUS-PR': np.float64(0.0677771572249445), 'VUS-ROC': np.float64(0.7132405590002059), 'Standard-F1': np.float64(0.3821609802174369), 'PA-F1': 0.3821656050955414, 'Event-based-F1': np.float64(0.382165605095541), 'R-based-F1': 0.3821656050955414, 'Affiliation-F': 0.6820970484350309}
2026-02-08 16:13:20.076 | INFO     | src.pipelines.train_vision_backbones:run_pipeline:170 - Train images: 525
2026-02-08 16:13:20.076 | INFO     | src.pipelines.train_vision_backbones:run_pipeline:171 - Test images: 1973
2026-02-08 16:13:21.026 | INFO     | src.pipelines.train_vision_backbones:run_pipeline:176 - Training pvt_autoencoder_progressive_unfreeze on RWT
2026-02-08 16:13:21.049 | INFO     | src.models.pvt_autoencoder.training:train_pvt_autoencoder_progressive_unfreeze:132 - Device: cuda | Model on: cuda:0
2026-02-08 16:14:04.127 | INFO     | src.pipelines.train_vision_backbones:run_pipeline:193 - Evaluating pvt_autoencoder_progressive_unfreeze on RWT
2026-02-08 16:14:05.405 | INFO     | src.models.evaluation:evaluate_tsb_ad_nonoverlapping:65 - Normal (74800) reconstruction error: mean=0.0541, std=0.0465
2026-02-08 16:14:05.405 | INFO     | src.models.evaluation:evaluate_tsb_ad_nonoverlapping:66 - Anomaly (200) reconstruction error: mean=0.2530, std=0.3520
2026-02-08 16:14:05.405 | INFO     | src.models.evaluation:evaluate_tsb_ad_nonoverlapping:67 - Overlap? Normal max=1.0000, Anomaly min=0.0037
2026-02-08 16:14:13.714 | INFO     | src.models.evaluation:evaluate_tsb_ad_nonoverlapping:83 - {'AUC-PR': 0.140444701138311, 'AUC-ROC': 0.6560823529411766, 'VUS-PR': np.float64(0.07355552623386914), 'VUS-ROC': np.float64(0.7157455855257913), 'Standard-F1': np.float64(0.3076873110607606), 'PA-F1': 0.3076923076923077, 'Event-based-F1': np.float64(0.3076923076923072), 'R-based-F1': 0.3076923076923077, 'Affiliation-F': 0.7345649615392601}
2026-02-08 16:14:13.872 | INFO     | src.pipelines.train_vision_backbones:run_pipeline:170 - Train images: 525
2026-02-08 16:14:13.872 | INFO     | src.pipelines.train_vision_backbones:run_pipeline:171 - Test images: 1973
2026-02-08 16:14:14.899 | INFO     | src.pipelines.train_vision_backbones:run_pipeline:176 - Training pvt_autoencoder_differential_lr on RWT
2026-02-08 16:14:14.924 | INFO     | src.models.pvt_autoencoder.training:train_pvt_autoencoder_differential_lr:267 - Device: cuda | Model on: cuda:0
2026-02-08 16:15:06.992 | INFO     | src.pipelines.train_vision_backbones:run_pipeline:193 - Evaluating pvt_autoencoder_differential_lr on RWT
2026-02-08 16:15:08.718 | INFO     | src.models.evaluation:evaluate_tsb_ad_nonoverlapping:65 - Normal (74800) reconstruction error: mean=0.0359, std=0.0397
2026-02-08 16:15:08.718 | INFO     | src.models.evaluation:evaluate_tsb_ad_nonoverlapping:66 - Anomaly (200) reconstruction error: mean=0.2472, std=0.3660
2026-02-08 16:15:08.718 | INFO     | src.models.evaluation:evaluate_tsb_ad_nonoverlapping:67 - Overlap? Normal max=1.0000, Anomaly min=0.0039
2026-02-08 16:15:16.649 | INFO     | src.models.evaluation:evaluate_tsb_ad_nonoverlapping:83 - {'AUC-PR': 0.16195927447276529, 'AUC-ROC': 0.6936755347593584, 'VUS-PR': np.float64(0.07078814308286817), 'VUS-ROC': np.float64(0.7308781229715321), 'Standard-F1': np.float64(0.3821609802174369), 'PA-F1': 0.3821656050955414, 'Event-based-F1': np.float64(0.382165605095541), 'R-based-F1': 0.3821656050955414, 'Affiliation-F': 0.6962394460989824}
2026-02-08 16:15:17.811 | INFO     | src.pipelines.train_vision_backbones:run_pipeline:70 - Using zip: /net/scratch/hscra/plgrid/plgsmendowski12/ts2i_images/MGAB/233_MGAB_id_9_Synthetic_tr_25000_1st_41300_ts2i_MWT.zip for transformation MWT
2026-02-08 16:15:21.503 | INFO     | src.pipelines.train_vision_backbones:run_pipeline:170 - Train images: 525
2026-02-08 16:15:21.503 | INFO     | src.pipelines.train_vision_backbones:run_pipeline:171 - Test images: 1973
2026-02-08 16:15:21.510 | INFO     | src.pipelines.train_vision_backbones:run_pipeline:176 - Training cnn_autoencoder on MWT
2026-02-08 16:15:21.514 | INFO     | src.models.cnn_autoencoder.training:train_autoencoder:22 - Device: cuda | Model on: cuda:0
2026-02-08 16:16:22.921 | INFO     | src.pipelines.train_vision_backbones:run_pipeline:193 - Evaluating cnn_autoencoder on MWT
2026-02-08 16:16:25.035 | INFO     | src.models.evaluation:evaluate_tsb_ad_nonoverlapping:65 - Normal (74800) reconstruction error: mean=0.1404, std=0.1053
2026-02-08 16:16:25.035 | INFO     | src.models.evaluation:evaluate_tsb_ad_nonoverlapping:66 - Anomaly (200) reconstruction error: mean=0.3007, std=0.2589
2026-02-08 16:16:25.036 | INFO     | src.models.evaluation:evaluate_tsb_ad_nonoverlapping:67 - Overlap? Normal max=1.0000, Anomaly min=0.0461
2026-02-08 16:16:35.188 | INFO     | src.models.evaluation:evaluate_tsb_ad_nonoverlapping:83 - {'AUC-PR': 0.04060470640463093, 'AUC-ROC': 0.6857280748663103, 'VUS-PR': np.float64(0.03207844237644823), 'VUS-ROC': np.float64(0.7811233013852665), 'Standard-F1': np.float64(0.14492354558352738), 'PA-F1': 0.14492753623188406, 'Event-based-F1': np.float64(0.14492753623188365), 'R-based-F1': 0.14492753623188404, 'Affiliation-F': 0.6996903055484385}
2026-02-08 16:16:35.572 | INFO     | src.pipelines.train_vision_backbones:run_pipeline:170 - Train images: 525
2026-02-08 16:16:35.573 | INFO     | src.pipelines.train_vision_backbones:run_pipeline:171 - Test images: 1973
2026-02-08 16:16:35.789 | INFO     | src.pipelines.train_vision_backbones:run_pipeline:176 - Training resnet18_autoencoder_frozen on MWT
2026-02-08 16:16:35.803 | INFO     | src.models.resnet18_autoencoder.training:train_autoencoder_frozen:25 - Device: cuda | Model on: cuda:0
2026-02-08 16:17:21.944 | INFO     | src.pipelines.train_vision_backbones:run_pipeline:193 - Evaluating resnet18_autoencoder_frozen on MWT
2026-02-08 16:17:23.844 | INFO     | src.models.evaluation:evaluate_tsb_ad_nonoverlapping:65 - Normal (74800) reconstruction error: mean=0.0419, std=0.0714
2026-02-08 16:17:23.845 | INFO     | src.models.evaluation:evaluate_tsb_ad_nonoverlapping:66 - Anomaly (200) reconstruction error: mean=0.1425, std=0.1918
2026-02-08 16:17:23.845 | INFO     | src.models.evaluation:evaluate_tsb_ad_nonoverlapping:67 - Overlap? Normal max=1.0000, Anomaly min=0.0043
2026-02-08 16:17:32.011 | INFO     | src.models.evaluation:evaluate_tsb_ad_nonoverlapping:83 - {'AUC-PR': 0.01788565983010157, 'AUC-ROC': 0.7399167112299466, 'VUS-PR': np.float64(0.022120412580240698), 'VUS-ROC': np.float64(0.7794505642511196), 'Standard-F1': np.float64(0.0858320104474723), 'PA-F1': 0.08583690987124463, 'Event-based-F1': np.float64(0.08583690987124414), 'R-based-F1': 0.08583690987124463, 'Affiliation-F': 0.6837689110192446}
2026-02-08 16:17:32.178 | INFO     | src.pipelines.train_vision_backbones:run_pipeline:170 - Train images: 525
2026-02-08 16:17:32.178 | INFO     | src.pipelines.train_vision_backbones:run_pipeline:171 - Test images: 1973
2026-02-08 16:17:32.392 | INFO     | src.pipelines.train_vision_backbones:run_pipeline:176 - Training resnet18_autoencoder_progressive_unfreeze on MWT
2026-02-08 16:17:32.409 | INFO     | src.models.resnet18_autoencoder.training:train_autoencoder_progressive_unfreeze:133 - Device: cuda | Model on: cuda:0
2026-02-08 16:18:24.970 | INFO     | src.pipelines.train_vision_backbones:run_pipeline:193 - Evaluating resnet18_autoencoder_progressive_unfreeze on MWT
2026-02-08 16:18:26.895 | INFO     | src.models.evaluation:evaluate_tsb_ad_nonoverlapping:65 - Normal (74800) reconstruction error: mean=0.0240, std=0.0443
2026-02-08 16:18:26.895 | INFO     | src.models.evaluation:evaluate_tsb_ad_nonoverlapping:66 - Anomaly (200) reconstruction error: mean=0.1272, std=0.1584
2026-02-08 16:18:26.895 | INFO     | src.models.evaluation:evaluate_tsb_ad_nonoverlapping:67 - Overlap? Normal max=1.0000, Anomaly min=0.0049
2026-02-08 16:18:34.652 | INFO     | src.models.evaluation:evaluate_tsb_ad_nonoverlapping:83 - {'AUC-PR': 0.03646726394778365, 'AUC-ROC': 0.759043181818182, 'VUS-PR': np.float64(0.04735602692991329), 'VUS-ROC': np.float64(0.8489730978051312), 'Standard-F1': np.float64(0.11363145682345534), 'PA-F1': 0.11363636363636363, 'Event-based-F1': np.float64(0.11363636363636315), 'R-based-F1': 0.11363636363636363, 'Affiliation-F': 0.6935236799129126}
2026-02-08 16:18:34.822 | INFO     | src.pipelines.train_vision_backbones:run_pipeline:170 - Train images: 525
2026-02-08 16:18:34.822 | INFO     | src.pipelines.train_vision_backbones:run_pipeline:171 - Test images: 1973
2026-02-08 16:18:35.037 | INFO     | src.pipelines.train_vision_backbones:run_pipeline:176 - Training resnet18_autoencoder_differential_lr on MWT
2026-02-08 16:18:35.052 | INFO     | src.models.resnet18_autoencoder.training:train_autoencoder_differential_lr:271 - Device: cuda | Model on: cuda:0
2026-02-08 16:19:28.270 | INFO     | src.pipelines.train_vision_backbones:run_pipeline:193 - Evaluating resnet18_autoencoder_differential_lr on MWT
2026-02-08 16:19:30.929 | INFO     | src.models.evaluation:evaluate_tsb_ad_nonoverlapping:65 - Normal (74800) reconstruction error: mean=0.0389, std=0.0486
2026-02-08 16:19:30.929 | INFO     | src.models.evaluation:evaluate_tsb_ad_nonoverlapping:66 - Anomaly (200) reconstruction error: mean=0.1878, std=0.2844
2026-02-08 16:19:30.929 | INFO     | src.models.evaluation:evaluate_tsb_ad_nonoverlapping:67 - Overlap? Normal max=1.0000, Anomaly min=0.0052
2026-02-08 16:19:38.960 | INFO     | src.models.evaluation:evaluate_tsb_ad_nonoverlapping:83 - {'AUC-PR': 0.07552094645136737, 'AUC-ROC': 0.7193451871657754, 'VUS-PR': np.float64(0.06466842004046415), 'VUS-ROC': np.float64(0.7995281471941175), 'Standard-F1': np.float64(0.16806454350728856), 'PA-F1': 0.16806722689075632, 'Event-based-F1': np.float64(0.16806722689075604), 'R-based-F1': 0.16806722689075632, 'Affiliation-F': 0.6885453378334982}
2026-02-08 16:19:39.127 | INFO     | src.pipelines.train_vision_backbones:run_pipeline:170 - Train images: 525
2026-02-08 16:19:39.127 | INFO     | src.pipelines.train_vision_backbones:run_pipeline:171 - Test images: 1973
2026-02-08 16:19:40.099 | INFO     | src.pipelines.train_vision_backbones:run_pipeline:176 - Training pvt_autoencoder_frozen on MWT
2026-02-08 16:19:40.123 | INFO     | src.models.pvt_autoencoder.training:train_pvt_autoencoder_frozen:24 - Device: cuda | Model on: cuda:0
2026-02-08 16:20:29.196 | INFO     | src.pipelines.train_vision_backbones:run_pipeline:193 - Evaluating pvt_autoencoder_frozen on MWT
2026-02-08 16:20:31.322 | INFO     | src.models.evaluation:evaluate_tsb_ad_nonoverlapping:65 - Normal (74800) reconstruction error: mean=0.0289, std=0.0503
2026-02-08 16:20:31.322 | INFO     | src.models.evaluation:evaluate_tsb_ad_nonoverlapping:66 - Anomaly (200) reconstruction error: mean=0.1843, std=0.2430
2026-02-08 16:20:31.322 | INFO     | src.models.evaluation:evaluate_tsb_ad_nonoverlapping:67 - Overlap? Normal max=1.0000, Anomaly min=0.0042
2026-02-08 16:20:39.160 | INFO     | src.models.evaluation:evaluate_tsb_ad_nonoverlapping:83 - {'AUC-PR': 0.05317954904826267, 'AUC-ROC': 0.7376427807486631, 'VUS-PR': np.float64(0.07293525166514815), 'VUS-ROC': np.float64(0.8006229852819969), 'Standard-F1': np.float64(0.23809045109145952), 'PA-F1': 0.22140221402214022, 'Event-based-F1': np.float64(0.22140221402213975), 'R-based-F1': 0.22140221402214022, 'Affiliation-F': 0.7802575566605479}
2026-02-08 16:20:39.325 | INFO     | src.pipelines.train_vision_backbones:run_pipeline:170 - Train images: 525
2026-02-08 16:20:39.326 | INFO     | src.pipelines.train_vision_backbones:run_pipeline:171 - Test images: 1973
2026-02-08 16:20:40.324 | INFO     | src.pipelines.train_vision_backbones:run_pipeline:176 - Training pvt_autoencoder_progressive_unfreeze on MWT
2026-02-08 16:20:40.348 | INFO     | src.models.pvt_autoencoder.training:train_pvt_autoencoder_progressive_unfreeze:132 - Device: cuda | Model on: cuda:0
2026-02-08 16:21:43.234 | INFO     | src.pipelines.train_vision_backbones:run_pipeline:193 - Evaluating pvt_autoencoder_progressive_unfreeze on MWT
2026-02-08 16:21:45.359 | INFO     | src.models.evaluation:evaluate_tsb_ad_nonoverlapping:65 - Normal (74800) reconstruction error: mean=0.0341, std=0.0430
2026-02-08 16:21:45.359 | INFO     | src.models.evaluation:evaluate_tsb_ad_nonoverlapping:66 - Anomaly (200) reconstruction error: mean=0.2884, std=0.3558
2026-02-08 16:21:45.359 | INFO     | src.models.evaluation:evaluate_tsb_ad_nonoverlapping:67 - Overlap? Normal max=1.0000, Anomaly min=0.0065
2026-02-08 16:21:53.350 | INFO     | src.models.evaluation:evaluate_tsb_ad_nonoverlapping:83 - {'AUC-PR': 0.16160752582646754, 'AUC-ROC': 0.7795719251336899, 'VUS-PR': np.float64(0.09758493962897785), 'VUS-ROC': np.float64(0.843893994133678), 'Standard-F1': np.float64(0.34090418395492794), 'PA-F1': 0.3409090909090909, 'Event-based-F1': np.float64(0.34090909090909044), 'R-based-F1': 0.34090909090909094, 'Affiliation-F': 0.7362395943035865}
2026-02-08 16:21:53.522 | INFO     | src.pipelines.train_vision_backbones:run_pipeline:170 - Train images: 525
2026-02-08 16:21:53.522 | INFO     | src.pipelines.train_vision_backbones:run_pipeline:171 - Test images: 1973
2026-02-08 16:21:54.501 | INFO     | src.pipelines.train_vision_backbones:run_pipeline:176 - Training pvt_autoencoder_differential_lr on MWT
2026-02-08 16:21:54.524 | INFO     | src.models.pvt_autoencoder.training:train_pvt_autoencoder_differential_lr:267 - Device: cuda | Model on: cuda:0
2026-02-08 16:23:00.945 | INFO     | src.pipelines.train_vision_backbones:run_pipeline:193 - Evaluating pvt_autoencoder_differential_lr on MWT
2026-02-08 16:23:03.552 | INFO     | src.models.evaluation:evaluate_tsb_ad_nonoverlapping:65 - Normal (74800) reconstruction error: mean=0.0380, std=0.0462
2026-02-08 16:23:03.553 | INFO     | src.models.evaluation:evaluate_tsb_ad_nonoverlapping:66 - Anomaly (200) reconstruction error: mean=0.1961, std=0.2862
2026-02-08 16:23:03.553 | INFO     | src.models.evaluation:evaluate_tsb_ad_nonoverlapping:67 - Overlap? Normal max=1.0000, Anomaly min=0.0060
2026-02-08 16:23:11.580 | INFO     | src.models.evaluation:evaluate_tsb_ad_nonoverlapping:83 - {'AUC-PR': 0.08174877239819758, 'AUC-ROC': 0.7485879679144384, 'VUS-PR': np.float64(0.06081303974380199), 'VUS-ROC': np.float64(0.8175854359047582), 'Standard-F1': np.float64(0.16806454350728856), 'PA-F1': 0.16806722689075632, 'Event-based-F1': np.float64(0.16806722689075604), 'R-based-F1': 0.16806722689075632, 'Affiliation-F': 0.7374159217272888}
2026-02-08 16:23:12.799 | INFO     | src.pipelines.train_vision_backbones:run_pipeline:70 - Using zip: /net/scratch/hscra/plgrid/plgsmendowski12/ts2i_images/MGAB/233_MGAB_id_9_Synthetic_tr_25000_1st_41300_ts2i_SPIRAL.zip for transformation SPIRAL
2026-02-08 16:23:16.103 | INFO     | src.pipelines.train_vision_backbones:run_pipeline:170 - Train images: 525
2026-02-08 16:23:16.103 | INFO     | src.pipelines.train_vision_backbones:run_pipeline:171 - Test images: 1973
2026-02-08 16:23:16.110 | INFO     | src.pipelines.train_vision_backbones:run_pipeline:176 - Training cnn_autoencoder on SPIRAL
2026-02-08 16:23:16.115 | INFO     | src.models.cnn_autoencoder.training:train_autoencoder:22 - Device: cuda | Model on: cuda:0
2026-02-08 16:24:35.892 | INFO     | src.pipelines.train_vision_backbones:run_pipeline:193 - Evaluating cnn_autoencoder on SPIRAL
2026-02-08 16:24:37.626 | INFO     | src.models.evaluation:evaluate_tsb_ad_nonoverlapping:65 - Normal (74800) reconstruction error: mean=0.1154, std=0.0933
2026-02-08 16:24:37.627 | INFO     | src.models.evaluation:evaluate_tsb_ad_nonoverlapping:66 - Anomaly (200) reconstruction error: mean=0.2739, std=0.3205
2026-02-08 16:24:37.627 | INFO     | src.models.evaluation:evaluate_tsb_ad_nonoverlapping:67 - Overlap? Normal max=1.0000, Anomaly min=0.0061
2026-02-08 16:24:47.259 | INFO     | src.models.evaluation:evaluate_tsb_ad_nonoverlapping:83 - {'AUC-PR': 0.10986088693708417, 'AUC-ROC': 0.6349504010695187, 'VUS-PR': np.float64(0.039045711234985236), 'VUS-ROC': np.float64(0.725490156123138), 'Standard-F1': np.float64(0.2898510817604685), 'PA-F1': 0.2898550724637681, 'Event-based-F1': np.float64(0.2898550724637677), 'R-based-F1': 0.28985507246376807, 'Affiliation-F': 0.6707770581265359}
2026-02-08 16:24:47.418 | INFO     | src.pipelines.train_vision_backbones:run_pipeline:170 - Train images: 525
2026-02-08 16:24:47.418 | INFO     | src.pipelines.train_vision_backbones:run_pipeline:171 - Test images: 1973
2026-02-08 16:24:47.633 | INFO     | src.pipelines.train_vision_backbones:run_pipeline:176 - Training resnet18_autoencoder_frozen on SPIRAL
2026-02-08 16:24:47.646 | INFO     | src.models.resnet18_autoencoder.training:train_autoencoder_frozen:25 - Device: cuda | Model on: cuda:0
2026-02-08 16:25:31.921 | INFO     | src.pipelines.train_vision_backbones:run_pipeline:193 - Evaluating resnet18_autoencoder_frozen on SPIRAL
2026-02-08 16:25:34.770 | INFO     | src.models.evaluation:evaluate_tsb_ad_nonoverlapping:65 - Normal (74800) reconstruction error: mean=0.0886, std=0.0755
2026-02-08 16:25:34.771 | INFO     | src.models.evaluation:evaluate_tsb_ad_nonoverlapping:66 - Anomaly (200) reconstruction error: mean=0.3483, std=0.3654
2026-02-08 16:25:34.771 | INFO     | src.models.evaluation:evaluate_tsb_ad_nonoverlapping:67 - Overlap? Normal max=1.0000, Anomaly min=0.0177
2026-02-08 16:25:43.808 | INFO     | src.models.evaluation:evaluate_tsb_ad_nonoverlapping:83 - {'AUC-PR': 0.15460652318836973, 'AUC-ROC': 0.7021589572192513, 'VUS-PR': np.float64(0.0943279188407949), 'VUS-ROC': np.float64(0.7711847938551049), 'Standard-F1': np.float64(0.3076873110607606), 'PA-F1': 0.3076923076923077, 'Event-based-F1': np.float64(0.3076923076923072), 'R-based-F1': 0.3076923076923077, 'Affiliation-F': 0.6783896522714038}
2026-02-08 16:25:43.974 | INFO     | src.pipelines.train_vision_backbones:run_pipeline:170 - Train images: 525
2026-02-08 16:25:43.974 | INFO     | src.pipelines.train_vision_backbones:run_pipeline:171 - Test images: 1973
2026-02-08 16:25:44.183 | INFO     | src.pipelines.train_vision_backbones:run_pipeline:176 - Training resnet18_autoencoder_progressive_unfreeze on SPIRAL
2026-02-08 16:25:44.196 | INFO     | src.models.resnet18_autoencoder.training:train_autoencoder_progressive_unfreeze:133 - Device: cuda | Model on: cuda:0
2026-02-08 16:26:42.787 | INFO     | src.pipelines.train_vision_backbones:run_pipeline:193 - Evaluating resnet18_autoencoder_progressive_unfreeze on SPIRAL
2026-02-08 16:26:45.940 | INFO     | src.models.evaluation:evaluate_tsb_ad_nonoverlapping:65 - Normal (74800) reconstruction error: mean=0.0454, std=0.0407
2026-02-08 16:26:45.941 | INFO     | src.models.evaluation:evaluate_tsb_ad_nonoverlapping:66 - Anomaly (200) reconstruction error: mean=0.2438, std=0.3394
2026-02-08 16:26:45.941 | INFO     | src.models.evaluation:evaluate_tsb_ad_nonoverlapping:67 - Overlap? Normal max=1.0000, Anomaly min=0.0013
2026-02-08 16:26:54.111 | INFO     | src.models.evaluation:evaluate_tsb_ad_nonoverlapping:83 - {'AUC-PR': 0.16500254964412647, 'AUC-ROC': 0.6207911764705883, 'VUS-PR': np.float64(0.07855050627188456), 'VUS-ROC': np.float64(0.7087063878095499), 'Standard-F1': np.float64(0.3821609802174369), 'PA-F1': 0.3821656050955414, 'Event-based-F1': np.float64(0.382165605095541), 'R-based-F1': 0.3821656050955414, 'Affiliation-F': 0.6693339078707955}
2026-02-08 16:26:54.279 | INFO     | src.pipelines.train_vision_backbones:run_pipeline:170 - Train images: 525
2026-02-08 16:26:54.280 | INFO     | src.pipelines.train_vision_backbones:run_pipeline:171 - Test images: 1973
2026-02-08 16:26:54.497 | INFO     | src.pipelines.train_vision_backbones:run_pipeline:176 - Training resnet18_autoencoder_differential_lr on SPIRAL
2026-02-08 16:26:54.511 | INFO     | src.models.resnet18_autoencoder.training:train_autoencoder_differential_lr:271 - Device: cuda | Model on: cuda:0
2026-02-08 16:27:45.444 | INFO     | src.pipelines.train_vision_backbones:run_pipeline:193 - Evaluating resnet18_autoencoder_differential_lr on SPIRAL
2026-02-08 16:27:50.045 | INFO     | src.models.evaluation:evaluate_tsb_ad_nonoverlapping:65 - Normal (74800) reconstruction error: mean=0.0609, std=0.0441
2026-02-08 16:27:50.045 | INFO     | src.models.evaluation:evaluate_tsb_ad_nonoverlapping:66 - Anomaly (200) reconstruction error: mean=0.2766, std=0.3323
2026-02-08 16:27:50.045 | INFO     | src.models.evaluation:evaluate_tsb_ad_nonoverlapping:67 - Overlap? Normal max=1.0000, Anomaly min=0.0262
2026-02-08 16:27:58.520 | INFO     | src.models.evaluation:evaluate_tsb_ad_nonoverlapping:83 - {'AUC-PR': 0.16493957104469073, 'AUC-ROC': 0.7306969251336898, 'VUS-PR': np.float64(0.07808609792741701), 'VUS-ROC': np.float64(0.7989376448309622), 'Standard-F1': np.float64(0.3821609802174369), 'PA-F1': 0.3821656050955414, 'Event-based-F1': np.float64(0.382165605095541), 'R-based-F1': 0.3821656050955414, 'Affiliation-F': 0.6685297618526422}
2026-02-08 16:27:58.682 | INFO     | src.pipelines.train_vision_backbones:run_pipeline:170 - Train images: 525
2026-02-08 16:27:58.682 | INFO     | src.pipelines.train_vision_backbones:run_pipeline:171 - Test images: 1973
2026-02-08 16:27:59.750 | INFO     | src.pipelines.train_vision_backbones:run_pipeline:176 - Training pvt_autoencoder_frozen on SPIRAL
2026-02-08 16:27:59.774 | INFO     | src.models.pvt_autoencoder.training:train_pvt_autoencoder_frozen:24 - Device: cuda | Model on: cuda:0
2026-02-08 16:28:37.209 | INFO     | src.pipelines.train_vision_backbones:run_pipeline:193 - Evaluating pvt_autoencoder_frozen on SPIRAL
2026-02-08 16:28:39.310 | INFO     | src.models.evaluation:evaluate_tsb_ad_nonoverlapping:65 - Normal (74800) reconstruction error: mean=0.1046, std=0.0915
2026-02-08 16:28:39.310 | INFO     | src.models.evaluation:evaluate_tsb_ad_nonoverlapping:66 - Anomaly (200) reconstruction error: mean=0.3488, std=0.3509
2026-02-08 16:28:39.310 | INFO     | src.models.evaluation:evaluate_tsb_ad_nonoverlapping:67 - Overlap? Normal max=1.0000, Anomaly min=0.0262
2026-02-08 16:28:48.709 | INFO     | src.models.evaluation:evaluate_tsb_ad_nonoverlapping:83 - {'AUC-PR': 0.07131559922506021, 'AUC-ROC': 0.6582052139037433, 'VUS-PR': np.float64(0.07094720931352275), 'VUS-ROC': np.float64(0.7068779433378476), 'Standard-F1': np.float64(0.2803688532633533), 'PA-F1': 0.2803738317757009, 'Event-based-F1': np.float64(0.2803738317757004), 'R-based-F1': 0.28037383177570097, 'Affiliation-F': 0.6751509251700343}
2026-02-08 16:28:48.876 | INFO     | src.pipelines.train_vision_backbones:run_pipeline:170 - Train images: 525
2026-02-08 16:28:48.876 | INFO     | src.pipelines.train_vision_backbones:run_pipeline:171 - Test images: 1973
2026-02-08 16:28:49.856 | INFO     | src.pipelines.train_vision_backbones:run_pipeline:176 - Training pvt_autoencoder_progressive_unfreeze on SPIRAL
2026-02-08 16:28:49.881 | INFO     | src.models.pvt_autoencoder.training:train_pvt_autoencoder_progressive_unfreeze:132 - Device: cuda | Model on: cuda:0
2026-02-08 16:29:43.152 | INFO     | src.pipelines.train_vision_backbones:run_pipeline:193 - Evaluating pvt_autoencoder_progressive_unfreeze on SPIRAL
2026-02-08 16:29:46.204 | INFO     | src.models.evaluation:evaluate_tsb_ad_nonoverlapping:65 - Normal (74800) reconstruction error: mean=0.0574, std=0.0495
2026-02-08 16:29:46.204 | INFO     | src.models.evaluation:evaluate_tsb_ad_nonoverlapping:66 - Anomaly (200) reconstruction error: mean=0.2347, std=0.3055
2026-02-08 16:29:46.204 | INFO     | src.models.evaluation:evaluate_tsb_ad_nonoverlapping:67 - Overlap? Normal max=1.0000, Anomaly min=0.0043
2026-02-08 16:29:54.647 | INFO     | src.models.evaluation:evaluate_tsb_ad_nonoverlapping:83 - {'AUC-PR': 0.14297217958016095, 'AUC-ROC': 0.6897263368983958, 'VUS-PR': np.float64(0.07862167805344203), 'VUS-ROC': np.float64(0.7459074812568292), 'Standard-F1': np.float64(0.3076873110607606), 'PA-F1': 0.3076923076923077, 'Event-based-F1': np.float64(0.3076923076923072), 'R-based-F1': 0.3076923076923077, 'Affiliation-F': 0.666918231050579}
2026-02-08 16:29:54.816 | INFO     | src.pipelines.train_vision_backbones:run_pipeline:170 - Train images: 525
2026-02-08 16:29:54.816 | INFO     | src.pipelines.train_vision_backbones:run_pipeline:171 - Test images: 1973
2026-02-08 16:29:55.800 | INFO     | src.pipelines.train_vision_backbones:run_pipeline:176 - Training pvt_autoencoder_differential_lr on SPIRAL
2026-02-08 16:29:55.824 | INFO     | src.models.pvt_autoencoder.training:train_pvt_autoencoder_differential_lr:267 - Device: cuda | Model on: cuda:0
2026-02-08 16:31:00.241 | INFO     | src.pipelines.train_vision_backbones:run_pipeline:193 - Evaluating pvt_autoencoder_differential_lr on SPIRAL
2026-02-08 16:31:03.378 | INFO     | src.models.evaluation:evaluate_tsb_ad_nonoverlapping:65 - Normal (74800) reconstruction error: mean=0.0553, std=0.0467
2026-02-08 16:31:03.378 | INFO     | src.models.evaluation:evaluate_tsb_ad_nonoverlapping:66 - Anomaly (200) reconstruction error: mean=0.2591, std=0.3339
2026-02-08 16:31:03.378 | INFO     | src.models.evaluation:evaluate_tsb_ad_nonoverlapping:67 - Overlap? Normal max=1.0000, Anomaly min=0.0074
2026-02-08 16:31:11.629 | INFO     | src.models.evaluation:evaluate_tsb_ad_nonoverlapping:83 - {'AUC-PR': 0.16346678248652943, 'AUC-ROC': 0.6844998663101605, 'VUS-PR': np.float64(0.07465511716622665), 'VUS-ROC': np.float64(0.7334890485613107), 'Standard-F1': np.float64(0.3821609802174369), 'PA-F1': 0.3821656050955414, 'Event-based-F1': np.float64(0.382165605095541), 'R-based-F1': 0.3821656050955414, 'Affiliation-F': 0.6687178639423941}
