 GCCcore/13.2.0 loaded.
 zlib/1.2.13 loaded.
 binutils/2.40 loaded.
 GCC/13.2.0 loaded.
 libcxi/1.0.2 loaded.
 libfabric/2.2.0rc1 loaded.
 CUDA/12.4.0 loaded.
 OpenMPI/5.0.3 loaded.
 OpenBLAS/0.3.24 loaded.
 FlexiBLAS/3.3.1 loaded.
 FFTW/3.3.10 loaded.
 FFTW.MPI/3.3.10 loaded.
 ScaLAPACK/2.2.0-fb loaded.
 foss/2023b loaded.
 numactl/2.0.16 loaded.
 XZ/5.4.4 loaded.
 libxml2/2.11.5 loaded.
 libpciaccess/0.17 loaded.
 hwloc/2.9.2 loaded.
 ncurses/6.4 loaded.
 GMP/6.3.0 loaded.
 bzip2/1.0.8 loaded.
 libreadline/8.2 loaded.
 Tcl/8.6.13 loaded.
 SQLite/3.43.1 loaded.
 libffi/3.4.4 loaded.
 OpenSSL/1.1 loaded.
 Python/3.11.5 loaded.
 Z3/4.13.0 loaded.
 Clang/17.0.6-CUDA-12.4.0 loaded.
 magma/2.7.2-CUDA-12.4.0 loaded.
 cuDNN/9.2.1.18-CUDA-12.4.0 loaded.
 NCCL/2.20.5-CUDA-12.4.0 loaded.
 NASM/2.16.01 loaded.
 libjpeg-turbo/3.0.1 loaded.
 libpng/1.6.40 loaded.
 x264/20231019 loaded.
 LAME/3.100 loaded.
 x265/3.5 loaded.
 expat/2.5.0 loaded.
 Brotli/1.1.0 loaded.
 freetype/2.13.2 loaded.
 util-linux/2.39 loaded.
 fontconfig/2.14.2 loaded.
 xorg-macros/1.20.0 loaded.
 X11/20231019 loaded.
 FriBidi/1.0.13 loaded.
 SDL2/2.28.5 loaded.
 FFmpeg/6.0 loaded.
 libogg/1.3.5 loaded.
 FLAC/1.4.2 loaded.
 libvorbis/1.3.7 loaded.
 libopus/1.4 loaded.
 mpg123/1.32.10 loaded.
 libsndfile/1.2.2 loaded.
 cuSPARSELt/0.6.1.0-CUDA-12.4.0 loaded.
 Szip/2.1.1 loaded.
 HDF5/1.14.3 loaded.
---------------------------WARNING-----------------------
Due to performance issues OMP_NUM_THREADS is set to 1
If you see performance drop, carefully test larger values
--------------------------------------------------------- 
 ML-bundle/24.06a loaded.
warning: Using incompatible environment (`/net/scratch/hscra/plgrid/plgsmendowski12/.venv_ts2img`) due to `--no-sync` (The project environment's Python version does not satisfy the request: `Python 3.10.13`)
2026-02-08 11:08:59.440 | INFO     | src.pipelines.train_vision_backbones:run_pipeline:39 - Loading configuration from configs/default.yaml
2026-02-08 11:08:59.462 | INFO     | src.pipelines.train_vision_backbones:run_pipeline:70 - Using zip: /net/scratch/hscra/plgrid/plgsmendowski12/ts2i_images/SED/234_SED_id_1_Medical_tr_3740_1st_3840_ts2i_RN.zip for transformation RN
2026-02-08 11:09:00.269 | INFO     | src.pipelines.train_vision_backbones:run_pipeline:170 - Train images: 102
2026-02-08 11:09:00.270 | INFO     | src.pipelines.train_vision_backbones:run_pipeline:171 - Test images: 560
2026-02-08 11:09:00.277 | INFO     | src.pipelines.train_vision_backbones:run_pipeline:176 - Training cnn_autoencoder on RN
2026-02-08 11:09:01.046 | INFO     | src.models.cnn_autoencoder.training:train_autoencoder:22 - Device: cuda | Model on: cuda:0
2026-02-08 11:09:28.279 | INFO     | src.pipelines.train_vision_backbones:run_pipeline:193 - Evaluating cnn_autoencoder on RN
2026-02-08 11:09:28.969 | INFO     | src.models.evaluation:evaluate_tsb_ad_nonoverlapping:65 - Normal (15299) reconstruction error: mean=0.7242, std=0.4317
2026-02-08 11:09:28.969 | INFO     | src.models.evaluation:evaluate_tsb_ad_nonoverlapping:66 - Anomaly (960) reconstruction error: mean=0.7291, std=0.4336
2026-02-08 11:09:28.969 | INFO     | src.models.evaluation:evaluate_tsb_ad_nonoverlapping:67 - Overlap? Normal max=1.0000, Anomaly min=0.0026
2026-02-08 11:09:38.391 | INFO     | src.models.evaluation:evaluate_tsb_ad_nonoverlapping:83 - {'AUC-PR': 0.07431635930941555, 'AUC-ROC': 0.5663887005141949, 'VUS-PR': np.float64(0.11772789755428352), 'VUS-ROC': np.float64(0.5727233100688963), 'Standard-F1': np.float64(0.14835596607569498), 'PA-F1': 0.17807456872565386, 'Event-based-F1': np.float64(0.13727670298717645), 'R-based-F1': 0.16037046616934014, 'Affiliation-F': 0.6755985195472787}
2026-02-08 11:09:38.543 | INFO     | src.pipelines.train_vision_backbones:run_pipeline:170 - Train images: 102
2026-02-08 11:09:38.543 | INFO     | src.pipelines.train_vision_backbones:run_pipeline:171 - Test images: 560
2026-02-08 11:09:38.763 | INFO     | src.pipelines.train_vision_backbones:run_pipeline:176 - Training resnet18_autoencoder_frozen on RN
2026-02-08 11:09:38.777 | INFO     | src.models.resnet18_autoencoder.training:train_autoencoder_frozen:25 - Device: cuda | Model on: cuda:0
2026-02-08 11:10:10.713 | INFO     | src.pipelines.train_vision_backbones:run_pipeline:193 - Evaluating resnet18_autoencoder_frozen on RN
2026-02-08 11:10:11.242 | INFO     | src.models.evaluation:evaluate_tsb_ad_nonoverlapping:65 - Normal (15299) reconstruction error: mean=0.6435, std=0.3857
2026-02-08 11:10:11.242 | INFO     | src.models.evaluation:evaluate_tsb_ad_nonoverlapping:66 - Anomaly (960) reconstruction error: mean=0.6469, std=0.3867
2026-02-08 11:10:11.242 | INFO     | src.models.evaluation:evaluate_tsb_ad_nonoverlapping:67 - Overlap? Normal max=1.0000, Anomaly min=0.0010
2026-02-08 11:10:20.296 | INFO     | src.models.evaluation:evaluate_tsb_ad_nonoverlapping:83 - {'AUC-PR': 0.06659133458814773, 'AUC-ROC': 0.5068831091901431, 'VUS-PR': np.float64(0.10632615236651882), 'VUS-ROC': np.float64(0.5191726541015929), 'Standard-F1': np.float64(0.13389760135520282), 'PA-F1': 0.19545714831074631, 'Event-based-F1': np.float64(0.12393681652490869), 'R-based-F1': 0.16037046616934014, 'Affiliation-F': 0.6755985195472787}
2026-02-08 11:10:20.452 | INFO     | src.pipelines.train_vision_backbones:run_pipeline:170 - Train images: 102
2026-02-08 11:10:20.453 | INFO     | src.pipelines.train_vision_backbones:run_pipeline:171 - Test images: 560
2026-02-08 11:10:20.665 | INFO     | src.pipelines.train_vision_backbones:run_pipeline:176 - Training resnet18_autoencoder_progressive_unfreeze on RN
2026-02-08 11:10:20.679 | INFO     | src.models.resnet18_autoencoder.training:train_autoencoder_progressive_unfreeze:133 - Device: cuda | Model on: cuda:0
2026-02-08 11:11:05.138 | INFO     | src.pipelines.train_vision_backbones:run_pipeline:193 - Evaluating resnet18_autoencoder_progressive_unfreeze on RN
2026-02-08 11:11:05.645 | INFO     | src.models.evaluation:evaluate_tsb_ad_nonoverlapping:65 - Normal (15299) reconstruction error: mean=0.6654, std=0.4024
2026-02-08 11:11:05.645 | INFO     | src.models.evaluation:evaluate_tsb_ad_nonoverlapping:66 - Anomaly (960) reconstruction error: mean=0.6650, std=0.4008
2026-02-08 11:11:05.645 | INFO     | src.models.evaluation:evaluate_tsb_ad_nonoverlapping:67 - Overlap? Normal max=1.0000, Anomaly min=0.0000
2026-02-08 11:11:14.781 | INFO     | src.models.evaluation:evaluate_tsb_ad_nonoverlapping:83 - {'AUC-PR': 0.060127055362583275, 'AUC-ROC': 0.49257988675730446, 'VUS-PR': np.float64(0.12046567198566098), 'VUS-ROC': np.float64(0.560334785499312), 'Standard-F1': np.float64(0.12219430651856807), 'PA-F1': 0.24893037728510306, 'Event-based-F1': np.float64(0.11656446635405379), 'R-based-F1': 0.16037046616934014, 'Affiliation-F': 0.6759300399527302}
2026-02-08 11:11:14.938 | INFO     | src.pipelines.train_vision_backbones:run_pipeline:170 - Train images: 102
2026-02-08 11:11:14.938 | INFO     | src.pipelines.train_vision_backbones:run_pipeline:171 - Test images: 560
2026-02-08 11:11:15.154 | INFO     | src.pipelines.train_vision_backbones:run_pipeline:176 - Training resnet18_autoencoder_differential_lr on RN
2026-02-08 11:11:15.169 | INFO     | src.models.resnet18_autoencoder.training:train_autoencoder_differential_lr:271 - Device: cuda | Model on: cuda:0
2026-02-08 11:11:47.896 | INFO     | src.pipelines.train_vision_backbones:run_pipeline:193 - Evaluating resnet18_autoencoder_differential_lr on RN
2026-02-08 11:11:48.605 | INFO     | src.models.evaluation:evaluate_tsb_ad_nonoverlapping:65 - Normal (15299) reconstruction error: mean=0.6503, std=0.3879
2026-02-08 11:11:48.605 | INFO     | src.models.evaluation:evaluate_tsb_ad_nonoverlapping:66 - Anomaly (960) reconstruction error: mean=0.6545, std=0.3886
2026-02-08 11:11:48.605 | INFO     | src.models.evaluation:evaluate_tsb_ad_nonoverlapping:67 - Overlap? Normal max=1.0000, Anomaly min=0.0012
2026-02-08 11:11:57.664 | INFO     | src.models.evaluation:evaluate_tsb_ad_nonoverlapping:83 - {'AUC-PR': 0.09128235010414852, 'AUC-ROC': 0.5263582382835479, 'VUS-PR': np.float64(0.11858603664275798), 'VUS-ROC': np.float64(0.5561741134727538), 'Standard-F1': np.float64(0.12538820060469758), 'PA-F1': 0.19937694704049844, 'Event-based-F1': np.float64(0.12334113973458205), 'R-based-F1': 0.16037046616934014, 'Affiliation-F': 0.6747375220436266}
2026-02-08 11:11:57.821 | INFO     | src.pipelines.train_vision_backbones:run_pipeline:170 - Train images: 102
2026-02-08 11:11:57.821 | INFO     | src.pipelines.train_vision_backbones:run_pipeline:171 - Test images: 560
2026-02-08 11:11:58.792 | INFO     | src.pipelines.train_vision_backbones:run_pipeline:176 - Training pvt_autoencoder_frozen on RN
2026-02-08 11:11:58.816 | INFO     | src.models.pvt_autoencoder.training:train_pvt_autoencoder_frozen:24 - Device: cuda | Model on: cuda:0
2026-02-08 11:12:33.845 | INFO     | src.pipelines.train_vision_backbones:run_pipeline:193 - Evaluating pvt_autoencoder_frozen on RN
2026-02-08 11:12:34.195 | INFO     | src.models.evaluation:evaluate_tsb_ad_nonoverlapping:65 - Normal (15299) reconstruction error: mean=0.6580, std=0.3908
2026-02-08 11:12:34.195 | INFO     | src.models.evaluation:evaluate_tsb_ad_nonoverlapping:66 - Anomaly (960) reconstruction error: mean=0.6706, std=0.3978
2026-02-08 11:12:34.195 | INFO     | src.models.evaluation:evaluate_tsb_ad_nonoverlapping:67 - Overlap? Normal max=1.0000, Anomaly min=0.0009
2026-02-08 11:12:43.353 | INFO     | src.models.evaluation:evaluate_tsb_ad_nonoverlapping:83 - {'AUC-PR': 0.12829134812304027, 'AUC-ROC': 0.5285912273678018, 'VUS-PR': np.float64(0.1494056692899608), 'VUS-ROC': np.float64(0.5490786593383978), 'Standard-F1': np.float64(0.20226650560278162), 'PA-F1': 0.3602734217933253, 'Event-based-F1': np.float64(0.22906793048973095), 'R-based-F1': 0.17972901327547042, 'Affiliation-F': 0.6755985195472787}
2026-02-08 11:12:43.506 | INFO     | src.pipelines.train_vision_backbones:run_pipeline:170 - Train images: 102
2026-02-08 11:12:43.506 | INFO     | src.pipelines.train_vision_backbones:run_pipeline:171 - Test images: 560
Warning: You are sending unauthenticated requests to the HF Hub. Please set a HF_TOKEN to enable higher rate limits and faster downloads.
2026-02-08 11:12:44.451 | INFO     | src.pipelines.train_vision_backbones:run_pipeline:176 - Training pvt_autoencoder_progressive_unfreeze on RN
2026-02-08 11:12:44.479 | INFO     | src.models.pvt_autoencoder.training:train_pvt_autoencoder_progressive_unfreeze:132 - Device: cuda | Model on: cuda:0
2026-02-08 11:13:40.866 | INFO     | src.pipelines.train_vision_backbones:run_pipeline:193 - Evaluating pvt_autoencoder_progressive_unfreeze on RN
2026-02-08 11:13:41.210 | INFO     | src.models.evaluation:evaluate_tsb_ad_nonoverlapping:65 - Normal (15299) reconstruction error: mean=0.6788, std=0.4101
2026-02-08 11:13:41.210 | INFO     | src.models.evaluation:evaluate_tsb_ad_nonoverlapping:66 - Anomaly (960) reconstruction error: mean=0.6768, std=0.4077
2026-02-08 11:13:41.210 | INFO     | src.models.evaluation:evaluate_tsb_ad_nonoverlapping:67 - Overlap? Normal max=1.0000, Anomaly min=0.0002
2026-02-08 11:13:50.412 | INFO     | src.models.evaluation:evaluate_tsb_ad_nonoverlapping:83 - {'AUC-PR': 0.08682752050388143, 'AUC-ROC': 0.4838526006601739, 'VUS-PR': np.float64(0.09970910377700277), 'VUS-ROC': np.float64(0.5117157215628108), 'Standard-F1': np.float64(0.1196185265510437), 'PA-F1': 0.17670405522001725, 'Event-based-F1': np.float64(0.11794933365349962), 'R-based-F1': 0.16037046616934014, 'Affiliation-F': 0.6755985195472787}
2026-02-08 11:13:50.571 | INFO     | src.pipelines.train_vision_backbones:run_pipeline:170 - Train images: 102
2026-02-08 11:13:50.571 | INFO     | src.pipelines.train_vision_backbones:run_pipeline:171 - Test images: 560
2026-02-08 11:13:51.512 | INFO     | src.pipelines.train_vision_backbones:run_pipeline:176 - Training pvt_autoencoder_differential_lr on RN
2026-02-08 11:13:51.536 | INFO     | src.models.pvt_autoencoder.training:train_pvt_autoencoder_differential_lr:267 - Device: cuda | Model on: cuda:0
2026-02-08 11:14:31.696 | INFO     | src.pipelines.train_vision_backbones:run_pipeline:193 - Evaluating pvt_autoencoder_differential_lr on RN
2026-02-08 11:14:32.037 | INFO     | src.models.evaluation:evaluate_tsb_ad_nonoverlapping:65 - Normal (15299) reconstruction error: mean=0.6788, std=0.4057
2026-02-08 11:14:32.037 | INFO     | src.models.evaluation:evaluate_tsb_ad_nonoverlapping:66 - Anomaly (960) reconstruction error: mean=0.6855, std=0.4084
2026-02-08 11:14:32.037 | INFO     | src.models.evaluation:evaluate_tsb_ad_nonoverlapping:67 - Overlap? Normal max=1.0000, Anomaly min=0.0010
2026-02-08 11:14:41.283 | INFO     | src.models.evaluation:evaluate_tsb_ad_nonoverlapping:83 - {'AUC-PR': 0.07099995779801423, 'AUC-ROC': 0.5185483596422424, 'VUS-PR': np.float64(0.1271328808342798), 'VUS-ROC': np.float64(0.5664754768659189), 'Standard-F1': np.float64(0.13997961163555114), 'PA-F1': 0.24385174922064426, 'Event-based-F1': np.float64(0.14379612969558972), 'R-based-F1': 0.16037046616934014, 'Affiliation-F': 0.6755985195472787}
2026-02-08 11:14:41.673 | INFO     | src.pipelines.train_vision_backbones:run_pipeline:70 - Using zip: /net/scratch/hscra/plgrid/plgsmendowski12/ts2i_images/SED/234_SED_id_1_Medical_tr_3740_1st_3840_ts2i_LP.zip for transformation LP
2026-02-08 11:14:42.436 | INFO     | src.pipelines.train_vision_backbones:run_pipeline:170 - Train images: 102
2026-02-08 11:14:42.437 | INFO     | src.pipelines.train_vision_backbones:run_pipeline:171 - Test images: 560
2026-02-08 11:14:42.443 | INFO     | src.pipelines.train_vision_backbones:run_pipeline:176 - Training cnn_autoencoder on LP
2026-02-08 11:14:42.447 | INFO     | src.models.cnn_autoencoder.training:train_autoencoder:22 - Device: cuda | Model on: cuda:0
2026-02-08 11:15:12.512 | INFO     | src.pipelines.train_vision_backbones:run_pipeline:193 - Evaluating cnn_autoencoder on LP
2026-02-08 11:15:12.947 | INFO     | src.models.evaluation:evaluate_tsb_ad_nonoverlapping:65 - Normal (15299) reconstruction error: mean=0.3038, std=0.1450
2026-02-08 11:15:12.947 | INFO     | src.models.evaluation:evaluate_tsb_ad_nonoverlapping:66 - Anomaly (960) reconstruction error: mean=0.3903, std=0.2734
2026-02-08 11:15:12.947 | INFO     | src.models.evaluation:evaluate_tsb_ad_nonoverlapping:67 - Overlap? Normal max=1.0000, Anomaly min=0.0000
2026-02-08 11:15:20.558 | INFO     | src.models.evaluation:evaluate_tsb_ad_nonoverlapping:83 - {'AUC-PR': 0.26944611946150315, 'AUC-ROC': 0.5719900333899819, 'VUS-PR': np.float64(0.4275226782591329), 'VUS-ROC': np.float64(0.7782564798629017), 'Standard-F1': np.float64(0.38865940440375396), 'PA-F1': 0.7418335089567967, 'Event-based-F1': np.float64(0.6595174262734579), 'R-based-F1': 0.4352276199205622, 'Affiliation-F': 0.8094794963347596}
2026-02-08 11:15:20.723 | INFO     | src.pipelines.train_vision_backbones:run_pipeline:170 - Train images: 102
2026-02-08 11:15:20.723 | INFO     | src.pipelines.train_vision_backbones:run_pipeline:171 - Test images: 560
2026-02-08 11:15:20.941 | INFO     | src.pipelines.train_vision_backbones:run_pipeline:176 - Training resnet18_autoencoder_frozen on LP
2026-02-08 11:15:20.955 | INFO     | src.models.resnet18_autoencoder.training:train_autoencoder_frozen:25 - Device: cuda | Model on: cuda:0
2026-02-08 11:15:51.676 | INFO     | src.pipelines.train_vision_backbones:run_pipeline:193 - Evaluating resnet18_autoencoder_frozen on LP
2026-02-08 11:15:52.142 | INFO     | src.models.evaluation:evaluate_tsb_ad_nonoverlapping:65 - Normal (15299) reconstruction error: mean=0.4051, std=0.2016
2026-02-08 11:15:52.143 | INFO     | src.models.evaluation:evaluate_tsb_ad_nonoverlapping:66 - Anomaly (960) reconstruction error: mean=0.4329, std=0.2624
2026-02-08 11:15:52.143 | INFO     | src.models.evaluation:evaluate_tsb_ad_nonoverlapping:67 - Overlap? Normal max=1.0000, Anomaly min=0.0000
2026-02-08 11:16:00.307 | INFO     | src.models.evaluation:evaluate_tsb_ad_nonoverlapping:83 - {'AUC-PR': 0.10136831654559257, 'AUC-ROC': 0.538920061496394, 'VUS-PR': np.float64(0.23528499904236053), 'VUS-ROC': np.float64(0.7396267952244728), 'Standard-F1': np.float64(0.1811390693709076), 'PA-F1': 0.529238038984052, 'Event-based-F1': np.float64(0.32047773077880026), 'R-based-F1': 0.20679969571069112, 'Affiliation-F': 0.707350076255973}
2026-02-08 11:16:00.462 | INFO     | src.pipelines.train_vision_backbones:run_pipeline:170 - Train images: 102
2026-02-08 11:16:00.463 | INFO     | src.pipelines.train_vision_backbones:run_pipeline:171 - Test images: 560
2026-02-08 11:16:00.677 | INFO     | src.pipelines.train_vision_backbones:run_pipeline:176 - Training resnet18_autoencoder_progressive_unfreeze on LP
2026-02-08 11:16:00.691 | INFO     | src.models.resnet18_autoencoder.training:train_autoencoder_progressive_unfreeze:133 - Device: cuda | Model on: cuda:0
2026-02-08 11:16:43.159 | INFO     | src.pipelines.train_vision_backbones:run_pipeline:193 - Evaluating resnet18_autoencoder_progressive_unfreeze on LP
2026-02-08 11:16:43.627 | INFO     | src.models.evaluation:evaluate_tsb_ad_nonoverlapping:65 - Normal (15299) reconstruction error: mean=0.2906, std=0.1821
2026-02-08 11:16:43.627 | INFO     | src.models.evaluation:evaluate_tsb_ad_nonoverlapping:66 - Anomaly (960) reconstruction error: mean=0.4006, std=0.2503
2026-02-08 11:16:43.627 | INFO     | src.models.evaluation:evaluate_tsb_ad_nonoverlapping:67 - Overlap? Normal max=1.0000, Anomaly min=0.0000
2026-02-08 11:16:51.295 | INFO     | src.models.evaluation:evaluate_tsb_ad_nonoverlapping:83 - {'AUC-PR': 0.17595292561219156, 'AUC-ROC': 0.6315304172930692, 'VUS-PR': np.float64(0.3554128721272998), 'VUS-ROC': np.float64(0.8172993185269237), 'Standard-F1': np.float64(0.30762644121474936), 'PA-F1': 0.6186895810955961, 'Event-based-F1': np.float64(0.4067796610169486), 'R-based-F1': 0.30819813935424645, 'Affiliation-F': 0.8100562722134124}
2026-02-08 11:16:51.453 | INFO     | src.pipelines.train_vision_backbones:run_pipeline:170 - Train images: 102
2026-02-08 11:16:51.453 | INFO     | src.pipelines.train_vision_backbones:run_pipeline:171 - Test images: 560
2026-02-08 11:16:51.671 | INFO     | src.pipelines.train_vision_backbones:run_pipeline:176 - Training resnet18_autoencoder_differential_lr on LP
2026-02-08 11:16:51.685 | INFO     | src.models.resnet18_autoencoder.training:train_autoencoder_differential_lr:271 - Device: cuda | Model on: cuda:0
2026-02-08 11:17:24.593 | INFO     | src.pipelines.train_vision_backbones:run_pipeline:193 - Evaluating resnet18_autoencoder_differential_lr on LP
2026-02-08 11:17:24.974 | INFO     | src.models.evaluation:evaluate_tsb_ad_nonoverlapping:65 - Normal (15299) reconstruction error: mean=0.3681, std=0.1787
2026-02-08 11:17:24.974 | INFO     | src.models.evaluation:evaluate_tsb_ad_nonoverlapping:66 - Anomaly (960) reconstruction error: mean=0.4364, std=0.2820
2026-02-08 11:17:24.974 | INFO     | src.models.evaluation:evaluate_tsb_ad_nonoverlapping:67 - Overlap? Normal max=1.0000, Anomaly min=0.0000
2026-02-08 11:17:32.953 | INFO     | src.models.evaluation:evaluate_tsb_ad_nonoverlapping:83 - {'AUC-PR': 0.18195625713476718, 'AUC-ROC': 0.5669359176525699, 'VUS-PR': np.float64(0.3090630180994399), 'VUS-ROC': np.float64(0.7788706644776442), 'Standard-F1': np.float64(0.28528768646403185), 'PA-F1': 0.6105810928013877, 'Event-based-F1': np.float64(0.4491766042021574), 'R-based-F1': 0.2843052248316352, 'Affiliation-F': 0.7844382976869033}
2026-02-08 11:17:33.111 | INFO     | src.pipelines.train_vision_backbones:run_pipeline:170 - Train images: 102
2026-02-08 11:17:33.112 | INFO     | src.pipelines.train_vision_backbones:run_pipeline:171 - Test images: 560
2026-02-08 11:17:34.055 | INFO     | src.pipelines.train_vision_backbones:run_pipeline:176 - Training pvt_autoencoder_frozen on LP
2026-02-08 11:17:34.080 | INFO     | src.models.pvt_autoencoder.training:train_pvt_autoencoder_frozen:24 - Device: cuda | Model on: cuda:0
2026-02-08 11:18:07.509 | INFO     | src.pipelines.train_vision_backbones:run_pipeline:193 - Evaluating pvt_autoencoder_frozen on LP
2026-02-08 11:18:07.838 | INFO     | src.models.evaluation:evaluate_tsb_ad_nonoverlapping:65 - Normal (15299) reconstruction error: mean=0.3659, std=0.1731
2026-02-08 11:18:07.838 | INFO     | src.models.evaluation:evaluate_tsb_ad_nonoverlapping:66 - Anomaly (960) reconstruction error: mean=0.3964, std=0.2397
2026-02-08 11:18:07.838 | INFO     | src.models.evaluation:evaluate_tsb_ad_nonoverlapping:67 - Overlap? Normal max=1.0000, Anomaly min=0.0000
2026-02-08 11:18:15.853 | INFO     | src.models.evaluation:evaluate_tsb_ad_nonoverlapping:83 - {'AUC-PR': 0.13014238575767212, 'AUC-ROC': 0.5333960076366647, 'VUS-PR': np.float64(0.21022801141739625), 'VUS-ROC': np.float64(0.731208835738156), 'Standard-F1': np.float64(0.17119643655417296), 'PA-F1': 0.48454258675078865, 'Event-based-F1': np.float64(0.38442822384428177), 'R-based-F1': 0.21825325053756964, 'Affiliation-F': 0.7171243959848614}
2026-02-08 11:18:16.051 | INFO     | src.pipelines.train_vision_backbones:run_pipeline:170 - Train images: 102
2026-02-08 11:18:16.052 | INFO     | src.pipelines.train_vision_backbones:run_pipeline:171 - Test images: 560
2026-02-08 11:18:16.998 | INFO     | src.pipelines.train_vision_backbones:run_pipeline:176 - Training pvt_autoencoder_progressive_unfreeze on LP
2026-02-08 11:18:17.022 | INFO     | src.models.pvt_autoencoder.training:train_pvt_autoencoder_progressive_unfreeze:132 - Device: cuda | Model on: cuda:0
2026-02-08 11:18:53.445 | INFO     | src.pipelines.train_vision_backbones:run_pipeline:193 - Evaluating pvt_autoencoder_progressive_unfreeze on LP
2026-02-08 11:18:53.771 | INFO     | src.models.evaluation:evaluate_tsb_ad_nonoverlapping:65 - Normal (15299) reconstruction error: mean=0.3104, std=0.1505
2026-02-08 11:18:53.771 | INFO     | src.models.evaluation:evaluate_tsb_ad_nonoverlapping:66 - Anomaly (960) reconstruction error: mean=0.3938, std=0.2768
2026-02-08 11:18:53.771 | INFO     | src.models.evaluation:evaluate_tsb_ad_nonoverlapping:67 - Overlap? Normal max=1.0000, Anomaly min=0.0000
2026-02-08 11:19:01.424 | INFO     | src.models.evaluation:evaluate_tsb_ad_nonoverlapping:83 - {'AUC-PR': 0.20087046519242963, 'AUC-ROC': 0.5662092225526723, 'VUS-PR': np.float64(0.3765863269013569), 'VUS-ROC': np.float64(0.7903558122955124), 'Standard-F1': np.float64(0.32665352598910524), 'PA-F1': 0.7296912114014252, 'Event-based-F1': np.float64(0.5413533834586461), 'R-based-F1': 0.37651821862348184, 'Affiliation-F': 0.8376557538614408}
2026-02-08 11:19:01.584 | INFO     | src.pipelines.train_vision_backbones:run_pipeline:170 - Train images: 102
2026-02-08 11:19:01.584 | INFO     | src.pipelines.train_vision_backbones:run_pipeline:171 - Test images: 560
2026-02-08 11:19:02.588 | INFO     | src.pipelines.train_vision_backbones:run_pipeline:176 - Training pvt_autoencoder_differential_lr on LP
2026-02-08 11:19:02.612 | INFO     | src.models.pvt_autoencoder.training:train_pvt_autoencoder_differential_lr:267 - Device: cuda | Model on: cuda:0
2026-02-08 11:19:38.885 | INFO     | src.pipelines.train_vision_backbones:run_pipeline:193 - Evaluating pvt_autoencoder_differential_lr on LP
2026-02-08 11:19:39.199 | INFO     | src.models.evaluation:evaluate_tsb_ad_nonoverlapping:65 - Normal (15299) reconstruction error: mean=0.4470, std=0.1941
2026-02-08 11:19:39.199 | INFO     | src.models.evaluation:evaluate_tsb_ad_nonoverlapping:66 - Anomaly (960) reconstruction error: mean=0.4020, std=0.2872
2026-02-08 11:19:39.199 | INFO     | src.models.evaluation:evaluate_tsb_ad_nonoverlapping:67 - Overlap? Normal max=1.0000, Anomaly min=0.0000
2026-02-08 11:19:47.593 | INFO     | src.models.evaluation:evaluate_tsb_ad_nonoverlapping:83 - {'AUC-PR': 0.14946598558317498, 'AUC-ROC': 0.44298459730483475, 'VUS-PR': np.float64(0.25867509986664833), 'VUS-ROC': np.float64(0.6906697905241641), 'Standard-F1': np.float64(0.24016414602153544), 'PA-F1': 0.620021528525296, 'Event-based-F1': np.float64(0.43958868894601494), 'R-based-F1': 0.2972123805067184, 'Affiliation-F': 0.7109561904404744}
2026-02-08 11:19:48.007 | INFO     | src.pipelines.train_vision_backbones:run_pipeline:70 - Using zip: /net/scratch/hscra/plgrid/plgsmendowski12/ts2i_images/SED/234_SED_id_1_Medical_tr_3740_1st_3840_ts2i_SG.zip for transformation SG
2026-02-08 11:19:48.803 | INFO     | src.pipelines.train_vision_backbones:run_pipeline:170 - Train images: 102
2026-02-08 11:19:48.804 | INFO     | src.pipelines.train_vision_backbones:run_pipeline:171 - Test images: 560
2026-02-08 11:19:48.810 | INFO     | src.pipelines.train_vision_backbones:run_pipeline:176 - Training cnn_autoencoder on SG
2026-02-08 11:19:48.815 | INFO     | src.models.cnn_autoencoder.training:train_autoencoder:22 - Device: cuda | Model on: cuda:0
2026-02-08 11:20:14.116 | INFO     | src.pipelines.train_vision_backbones:run_pipeline:193 - Evaluating cnn_autoencoder on SG
2026-02-08 11:20:14.830 | INFO     | src.models.evaluation:evaluate_tsb_ad_nonoverlapping:65 - Normal (15299) reconstruction error: mean=0.2545, std=0.2563
2026-02-08 11:20:14.830 | INFO     | src.models.evaluation:evaluate_tsb_ad_nonoverlapping:66 - Anomaly (960) reconstruction error: mean=0.0960, std=0.1694
2026-02-08 11:20:14.830 | INFO     | src.models.evaluation:evaluate_tsb_ad_nonoverlapping:67 - Overlap? Normal max=1.0000, Anomaly min=0.0000
2026-02-08 11:20:22.272 | INFO     | src.models.evaluation:evaluate_tsb_ad_nonoverlapping:83 - {'AUC-PR': 0.03725317845710251, 'AUC-ROC': 0.2365185564960673, 'VUS-PR': np.float64(0.08263748641920352), 'VUS-ROC': np.float64(0.4429994797247274), 'Standard-F1': np.float64(0.11150368027275825), 'PA-F1': 0.2401500938086304, 'Event-based-F1': np.float64(0.11074751363490525), 'R-based-F1': 0.09056356747835227, 'Affiliation-F': 0.6733686272410287}
2026-02-08 11:20:22.452 | INFO     | src.pipelines.train_vision_backbones:run_pipeline:170 - Train images: 102
2026-02-08 11:20:22.452 | INFO     | src.pipelines.train_vision_backbones:run_pipeline:171 - Test images: 560
2026-02-08 11:20:22.671 | INFO     | src.pipelines.train_vision_backbones:run_pipeline:176 - Training resnet18_autoencoder_frozen on SG
2026-02-08 11:20:22.684 | INFO     | src.models.resnet18_autoencoder.training:train_autoencoder_frozen:25 - Device: cuda | Model on: cuda:0
2026-02-08 11:20:45.849 | INFO     | src.pipelines.train_vision_backbones:run_pipeline:193 - Evaluating resnet18_autoencoder_frozen on SG
2026-02-08 11:20:46.315 | INFO     | src.models.evaluation:evaluate_tsb_ad_nonoverlapping:65 - Normal (15299) reconstruction error: mean=0.0708, std=0.1435
2026-02-08 11:20:46.315 | INFO     | src.models.evaluation:evaluate_tsb_ad_nonoverlapping:66 - Anomaly (960) reconstruction error: mean=0.0394, std=0.0881
2026-02-08 11:20:46.315 | INFO     | src.models.evaluation:evaluate_tsb_ad_nonoverlapping:67 - Overlap? Normal max=1.0000, Anomaly min=0.0000
2026-02-08 11:20:52.732 | INFO     | src.models.evaluation:evaluate_tsb_ad_nonoverlapping:83 - {'AUC-PR': 0.047378669923400285, 'AUC-ROC': 0.39896490375187926, 'VUS-PR': np.float64(0.11543732052814691), 'VUS-ROC': np.float64(0.6031363826326233), 'Standard-F1': np.float64(0.11950765710230468), 'PA-F1': 0.24958217270194985, 'Event-based-F1': np.float64(0.11962995818020516), 'R-based-F1': 0.09850549680818421, 'Affiliation-F': 0.6780596830115827}
2026-02-08 11:20:52.892 | INFO     | src.pipelines.train_vision_backbones:run_pipeline:170 - Train images: 102
2026-02-08 11:20:52.892 | INFO     | src.pipelines.train_vision_backbones:run_pipeline:171 - Test images: 560
2026-02-08 11:20:53.110 | INFO     | src.pipelines.train_vision_backbones:run_pipeline:176 - Training resnet18_autoencoder_progressive_unfreeze on SG
2026-02-08 11:20:53.125 | INFO     | src.models.resnet18_autoencoder.training:train_autoencoder_progressive_unfreeze:133 - Device: cuda | Model on: cuda:0
2026-02-08 11:21:13.591 | INFO     | src.pipelines.train_vision_backbones:run_pipeline:193 - Evaluating resnet18_autoencoder_progressive_unfreeze on SG
2026-02-08 11:21:14.072 | INFO     | src.models.evaluation:evaluate_tsb_ad_nonoverlapping:65 - Normal (15299) reconstruction error: mean=0.0631, std=0.0833
2026-02-08 11:21:14.072 | INFO     | src.models.evaluation:evaluate_tsb_ad_nonoverlapping:66 - Anomaly (960) reconstruction error: mean=0.0532, std=0.1200
2026-02-08 11:21:14.072 | INFO     | src.models.evaluation:evaluate_tsb_ad_nonoverlapping:67 - Overlap? Normal max=1.0000, Anomaly min=0.0000
2026-02-08 11:21:20.419 | INFO     | src.models.evaluation:evaluate_tsb_ad_nonoverlapping:83 - {'AUC-PR': 0.056935977618040874, 'AUC-ROC': 0.3327875800705929, 'VUS-PR': np.float64(0.12915699200094416), 'VUS-ROC': np.float64(0.5497887449341623), 'Standard-F1': np.float64(0.11950765710230468), 'PA-F1': 0.4150453955901427, 'Event-based-F1': np.float64(0.2358490566037731), 'R-based-F1': 0.1374408435751174, 'Affiliation-F': 0.6780596830115827}
2026-02-08 11:21:20.582 | INFO     | src.pipelines.train_vision_backbones:run_pipeline:170 - Train images: 102
2026-02-08 11:21:20.582 | INFO     | src.pipelines.train_vision_backbones:run_pipeline:171 - Test images: 560
2026-02-08 11:21:20.802 | INFO     | src.pipelines.train_vision_backbones:run_pipeline:176 - Training resnet18_autoencoder_differential_lr on SG
2026-02-08 11:21:20.817 | INFO     | src.models.resnet18_autoencoder.training:train_autoencoder_differential_lr:271 - Device: cuda | Model on: cuda:0
2026-02-08 11:21:39.598 | INFO     | src.pipelines.train_vision_backbones:run_pipeline:193 - Evaluating resnet18_autoencoder_differential_lr on SG
2026-02-08 11:21:39.965 | INFO     | src.models.evaluation:evaluate_tsb_ad_nonoverlapping:65 - Normal (15299) reconstruction error: mean=0.1710, std=0.1410
2026-02-08 11:21:39.965 | INFO     | src.models.evaluation:evaluate_tsb_ad_nonoverlapping:66 - Anomaly (960) reconstruction error: mean=0.0672, std=0.1529
2026-02-08 11:21:39.965 | INFO     | src.models.evaluation:evaluate_tsb_ad_nonoverlapping:67 - Overlap? Normal max=1.0000, Anomaly min=0.0000
2026-02-08 11:21:46.833 | INFO     | src.models.evaluation:evaluate_tsb_ad_nonoverlapping:83 - {'AUC-PR': 0.039940011669816436, 'AUC-ROC': 0.1946396619060069, 'VUS-PR': np.float64(0.09395106966346513), 'VUS-ROC': np.float64(0.42560422740846093), 'Standard-F1': np.float64(0.11150368027275825), 'PA-F1': 0.34390112842557763, 'Event-based-F1': np.float64(0.140914709517923), 'R-based-F1': 0.12387920483753041, 'Affiliation-F': 0.6686620615204322}
2026-02-08 11:21:46.988 | INFO     | src.pipelines.train_vision_backbones:run_pipeline:170 - Train images: 102
2026-02-08 11:21:46.988 | INFO     | src.pipelines.train_vision_backbones:run_pipeline:171 - Test images: 560
2026-02-08 11:21:47.932 | INFO     | src.pipelines.train_vision_backbones:run_pipeline:176 - Training pvt_autoencoder_frozen on SG
2026-02-08 11:21:47.955 | INFO     | src.models.pvt_autoencoder.training:train_pvt_autoencoder_frozen:24 - Device: cuda | Model on: cuda:0
2026-02-08 11:22:05.539 | INFO     | src.pipelines.train_vision_backbones:run_pipeline:193 - Evaluating pvt_autoencoder_frozen on SG
2026-02-08 11:22:05.857 | INFO     | src.models.evaluation:evaluate_tsb_ad_nonoverlapping:65 - Normal (15299) reconstruction error: mean=0.0507, std=0.1240
2026-02-08 11:22:05.857 | INFO     | src.models.evaluation:evaluate_tsb_ad_nonoverlapping:66 - Anomaly (960) reconstruction error: mean=0.3465, std=0.3262
2026-02-08 11:22:05.857 | INFO     | src.models.evaluation:evaluate_tsb_ad_nonoverlapping:67 - Overlap? Normal max=1.0000, Anomaly min=0.0000
2026-02-08 11:22:12.225 | INFO     | src.models.evaluation:evaluate_tsb_ad_nonoverlapping:83 - {'AUC-PR': 0.34160413651577454, 'AUC-ROC': 0.6918757966206942, 'VUS-PR': np.float64(0.5306949318230896), 'VUS-ROC': np.float64(0.8922312556787402), 'Standard-F1': np.float64(0.47937886348878705), 'PA-F1': 0.7359141433499425, 'Event-based-F1': np.float64(0.5920663114268793), 'R-based-F1': 0.46808099757227983, 'Affiliation-F': 0.8927551029444636}
2026-02-08 11:22:12.380 | INFO     | src.pipelines.train_vision_backbones:run_pipeline:170 - Train images: 102
2026-02-08 11:22:12.380 | INFO     | src.pipelines.train_vision_backbones:run_pipeline:171 - Test images: 560
2026-02-08 11:22:13.324 | INFO     | src.pipelines.train_vision_backbones:run_pipeline:176 - Training pvt_autoencoder_progressive_unfreeze on SG
2026-02-08 11:22:13.347 | INFO     | src.models.pvt_autoencoder.training:train_pvt_autoencoder_progressive_unfreeze:132 - Device: cuda | Model on: cuda:0
2026-02-08 11:22:23.531 | INFO     | src.pipelines.train_vision_backbones:run_pipeline:193 - Evaluating pvt_autoencoder_progressive_unfreeze on SG
2026-02-08 11:22:23.839 | INFO     | src.models.evaluation:evaluate_tsb_ad_nonoverlapping:65 - Normal (15299) reconstruction error: mean=0.2221, std=0.2865
2026-02-08 11:22:23.840 | INFO     | src.models.evaluation:evaluate_tsb_ad_nonoverlapping:66 - Anomaly (960) reconstruction error: mean=0.0718, std=0.1319
2026-02-08 11:22:23.840 | INFO     | src.models.evaluation:evaluate_tsb_ad_nonoverlapping:67 - Overlap? Normal max=1.0000, Anomaly min=0.0023
2026-02-08 11:22:31.109 | INFO     | src.models.evaluation:evaluate_tsb_ad_nonoverlapping:83 - {'AUC-PR': 0.04052827308470182, 'AUC-ROC': 0.3154976428197921, 'VUS-PR': np.float64(0.08690957936080165), 'VUS-ROC': np.float64(0.5115036374006955), 'Standard-F1': np.float64(0.11503676774761422), 'PA-F1': 0.19059774516060413, 'Event-based-F1': np.float64(0.11169284467713775), 'R-based-F1': 0.12327575728283591, 'Affiliation-F': 0.6734798539706188}
2026-02-08 11:22:31.267 | INFO     | src.pipelines.train_vision_backbones:run_pipeline:170 - Train images: 102
2026-02-08 11:22:31.267 | INFO     | src.pipelines.train_vision_backbones:run_pipeline:171 - Test images: 560
2026-02-08 11:22:32.210 | INFO     | src.pipelines.train_vision_backbones:run_pipeline:176 - Training pvt_autoencoder_differential_lr on SG
2026-02-08 11:22:32.235 | INFO     | src.models.pvt_autoencoder.training:train_pvt_autoencoder_differential_lr:267 - Device: cuda | Model on: cuda:0
2026-02-08 11:23:03.527 | INFO     | src.pipelines.train_vision_backbones:run_pipeline:193 - Evaluating pvt_autoencoder_differential_lr on SG
2026-02-08 11:23:03.843 | INFO     | src.models.evaluation:evaluate_tsb_ad_nonoverlapping:65 - Normal (15299) reconstruction error: mean=0.0572, std=0.0548
2026-02-08 11:23:03.844 | INFO     | src.models.evaluation:evaluate_tsb_ad_nonoverlapping:66 - Anomaly (960) reconstruction error: mean=0.0274, std=0.0962
2026-02-08 11:23:03.844 | INFO     | src.models.evaluation:evaluate_tsb_ad_nonoverlapping:67 - Overlap? Normal max=1.0000, Anomaly min=0.0000
2026-02-08 11:23:10.078 | INFO     | src.models.evaluation:evaluate_tsb_ad_nonoverlapping:83 - {'AUC-PR': 0.0461493121931211, 'AUC-ROC': 0.1914759883543587, 'VUS-PR': np.float64(0.13182775569069252), 'VUS-ROC': np.float64(0.42052552677797533), 'Standard-F1': np.float64(0.11950765710230468), 'PA-F1': 0.38467317806160783, 'Event-based-F1': np.float64(0.2358490566037731), 'R-based-F1': 0.11098688891147476, 'Affiliation-F': 0.6780596830115827}
2026-02-08 11:23:10.455 | INFO     | src.pipelines.train_vision_backbones:run_pipeline:70 - Using zip: /net/scratch/hscra/plgrid/plgsmendowski12/ts2i_images/SED/234_SED_id_1_Medical_tr_3740_1st_3840_ts2i_GASF.zip for transformation GASF
2026-02-08 11:23:11.225 | INFO     | src.pipelines.train_vision_backbones:run_pipeline:170 - Train images: 102
2026-02-08 11:23:11.225 | INFO     | src.pipelines.train_vision_backbones:run_pipeline:171 - Test images: 560
2026-02-08 11:23:11.231 | INFO     | src.pipelines.train_vision_backbones:run_pipeline:176 - Training cnn_autoencoder on GASF
2026-02-08 11:23:11.236 | INFO     | src.models.cnn_autoencoder.training:train_autoencoder:22 - Device: cuda | Model on: cuda:0
2026-02-08 11:23:40.872 | INFO     | src.pipelines.train_vision_backbones:run_pipeline:193 - Evaluating cnn_autoencoder on GASF
2026-02-08 11:23:41.309 | INFO     | src.models.evaluation:evaluate_tsb_ad_nonoverlapping:65 - Normal (15299) reconstruction error: mean=0.0170, std=0.0604
2026-02-08 11:23:41.309 | INFO     | src.models.evaluation:evaluate_tsb_ad_nonoverlapping:66 - Anomaly (960) reconstruction error: mean=0.1330, std=0.2200
2026-02-08 11:23:41.309 | INFO     | src.models.evaluation:evaluate_tsb_ad_nonoverlapping:67 - Overlap? Normal max=1.0000, Anomaly min=0.0031
2026-02-08 11:23:47.417 | INFO     | src.models.evaluation:evaluate_tsb_ad_nonoverlapping:83 - {'AUC-PR': 0.3943609690954717, 'AUC-ROC': 0.8070285775758764, 'VUS-PR': np.float64(0.6965489096255552), 'VUS-ROC': np.float64(0.9425932899240447), 'Standard-F1': np.float64(0.6000933922717658), 'PA-F1': 0.8481141692150866, 'Event-based-F1': np.float64(0.7248960190136656), 'R-based-F1': 0.5686024329875566, 'Affiliation-F': 0.9435018746894343}
2026-02-08 11:23:47.575 | INFO     | src.pipelines.train_vision_backbones:run_pipeline:170 - Train images: 102
2026-02-08 11:23:47.575 | INFO     | src.pipelines.train_vision_backbones:run_pipeline:171 - Test images: 560
2026-02-08 11:23:47.789 | INFO     | src.pipelines.train_vision_backbones:run_pipeline:176 - Training resnet18_autoencoder_frozen on GASF
2026-02-08 11:23:47.801 | INFO     | src.models.resnet18_autoencoder.training:train_autoencoder_frozen:25 - Device: cuda | Model on: cuda:0
2026-02-08 11:24:16.536 | INFO     | src.pipelines.train_vision_backbones:run_pipeline:193 - Evaluating resnet18_autoencoder_frozen on GASF
2026-02-08 11:24:17.015 | INFO     | src.models.evaluation:evaluate_tsb_ad_nonoverlapping:65 - Normal (15299) reconstruction error: mean=0.0198, std=0.0773
2026-02-08 11:24:17.016 | INFO     | src.models.evaluation:evaluate_tsb_ad_nonoverlapping:66 - Anomaly (960) reconstruction error: mean=0.2868, std=0.2386
2026-02-08 11:24:17.016 | INFO     | src.models.evaluation:evaluate_tsb_ad_nonoverlapping:67 - Overlap? Normal max=1.0000, Anomaly min=0.0024
2026-02-08 11:24:23.205 | INFO     | src.models.evaluation:evaluate_tsb_ad_nonoverlapping:83 - {'AUC-PR': 0.49998704462368815, 'AUC-ROC': 0.8796714654552585, 'VUS-PR': np.float64(0.826686173083478), 'VUS-ROC': np.float64(0.9726062474588194), 'Standard-F1': np.float64(0.687559235255718), 'PA-F1': 0.9043805934997645, 'Event-based-F1': np.float64(0.8433048433048428), 'R-based-F1': 0.6650863926654389, 'Affiliation-F': 0.9790514795806182}
2026-02-08 11:24:23.366 | INFO     | src.pipelines.train_vision_backbones:run_pipeline:170 - Train images: 102
2026-02-08 11:24:23.366 | INFO     | src.pipelines.train_vision_backbones:run_pipeline:171 - Test images: 560
2026-02-08 11:24:23.584 | INFO     | src.pipelines.train_vision_backbones:run_pipeline:176 - Training resnet18_autoencoder_progressive_unfreeze on GASF
2026-02-08 11:24:23.600 | INFO     | src.models.resnet18_autoencoder.training:train_autoencoder_progressive_unfreeze:133 - Device: cuda | Model on: cuda:0
2026-02-08 11:24:42.256 | INFO     | src.pipelines.train_vision_backbones:run_pipeline:193 - Evaluating resnet18_autoencoder_progressive_unfreeze on GASF
2026-02-08 11:24:42.736 | INFO     | src.models.evaluation:evaluate_tsb_ad_nonoverlapping:65 - Normal (15299) reconstruction error: mean=0.0234, std=0.0929
2026-02-08 11:24:42.736 | INFO     | src.models.evaluation:evaluate_tsb_ad_nonoverlapping:66 - Anomaly (960) reconstruction error: mean=0.2901, std=0.2619
2026-02-08 11:24:42.736 | INFO     | src.models.evaluation:evaluate_tsb_ad_nonoverlapping:67 - Overlap? Normal max=1.0000, Anomaly min=0.0028
2026-02-08 11:24:48.921 | INFO     | src.models.evaluation:evaluate_tsb_ad_nonoverlapping:83 - {'AUC-PR': 0.43117679223875083, 'AUC-ROC': 0.874534419460967, 'VUS-PR': np.float64(0.6830201941937181), 'VUS-ROC': np.float64(0.9624161704719651), 'Standard-F1': np.float64(0.6401502128875083), 'PA-F1': 0.826187183033656, 'Event-based-F1': np.float64(0.7491486946651528), 'R-based-F1': 0.608553283550841, 'Affiliation-F': 0.9521922541885431}
2026-02-08 11:24:49.076 | INFO     | src.pipelines.train_vision_backbones:run_pipeline:170 - Train images: 102
2026-02-08 11:24:49.077 | INFO     | src.pipelines.train_vision_backbones:run_pipeline:171 - Test images: 560
2026-02-08 11:24:49.293 | INFO     | src.pipelines.train_vision_backbones:run_pipeline:176 - Training resnet18_autoencoder_differential_lr on GASF
2026-02-08 11:24:49.307 | INFO     | src.models.resnet18_autoencoder.training:train_autoencoder_differential_lr:271 - Device: cuda | Model on: cuda:0
2026-02-08 11:25:19.385 | INFO     | src.pipelines.train_vision_backbones:run_pipeline:193 - Evaluating resnet18_autoencoder_differential_lr on GASF
2026-02-08 11:25:19.969 | INFO     | src.models.evaluation:evaluate_tsb_ad_nonoverlapping:65 - Normal (15299) reconstruction error: mean=0.0178, std=0.0820
2026-02-08 11:25:19.969 | INFO     | src.models.evaluation:evaluate_tsb_ad_nonoverlapping:66 - Anomaly (960) reconstruction error: mean=0.2201, std=0.2500
2026-02-08 11:25:19.969 | INFO     | src.models.evaluation:evaluate_tsb_ad_nonoverlapping:67 - Overlap? Normal max=1.0000, Anomaly min=0.0006
2026-02-08 11:25:26.109 | INFO     | src.models.evaluation:evaluate_tsb_ad_nonoverlapping:83 - {'AUC-PR': 0.4065781886153642, 'AUC-ROC': 0.8565793379741593, 'VUS-PR': np.float64(0.6799155759006756), 'VUS-ROC': np.float64(0.9550425949191805), 'Standard-F1': np.float64(0.6277395198025544), 'PA-F1': 0.8358728776665215, 'Event-based-F1': np.float64(0.7519426180514042), 'R-based-F1': 0.5978500496448367, 'Affiliation-F': 0.9536557394476673}
2026-02-08 11:25:26.283 | INFO     | src.pipelines.train_vision_backbones:run_pipeline:170 - Train images: 102
2026-02-08 11:25:26.283 | INFO     | src.pipelines.train_vision_backbones:run_pipeline:171 - Test images: 560
2026-02-08 11:25:27.259 | INFO     | src.pipelines.train_vision_backbones:run_pipeline:176 - Training pvt_autoencoder_frozen on GASF
2026-02-08 11:25:27.284 | INFO     | src.models.pvt_autoencoder.training:train_pvt_autoencoder_frozen:24 - Device: cuda | Model on: cuda:0
2026-02-08 11:25:58.478 | INFO     | src.pipelines.train_vision_backbones:run_pipeline:193 - Evaluating pvt_autoencoder_frozen on GASF
2026-02-08 11:25:58.810 | INFO     | src.models.evaluation:evaluate_tsb_ad_nonoverlapping:65 - Normal (15299) reconstruction error: mean=0.0268, std=0.1019
2026-02-08 11:25:58.810 | INFO     | src.models.evaluation:evaluate_tsb_ad_nonoverlapping:66 - Anomaly (960) reconstruction error: mean=0.3524, std=0.2874
2026-02-08 11:25:58.810 | INFO     | src.models.evaluation:evaluate_tsb_ad_nonoverlapping:67 - Overlap? Normal max=1.0000, Anomaly min=0.0035
2026-02-08 11:26:05.056 | INFO     | src.models.evaluation:evaluate_tsb_ad_nonoverlapping:83 - {'AUC-PR': 0.48250431615149963, 'AUC-ROC': 0.9158394067150358, 'VUS-PR': np.float64(0.7679643114836526), 'VUS-ROC': np.float64(0.981021436211148), 'Standard-F1': np.float64(0.6784501522056596), 'PA-F1': 0.8300907911802854, 'Event-based-F1': np.float64(0.7638810992708911), 'R-based-F1': 0.621296949893548, 'Affiliation-F': 0.9557542913404418}
2026-02-08 11:26:05.208 | INFO     | src.pipelines.train_vision_backbones:run_pipeline:170 - Train images: 102
2026-02-08 11:26:05.209 | INFO     | src.pipelines.train_vision_backbones:run_pipeline:171 - Test images: 560
2026-02-08 11:26:06.179 | INFO     | src.pipelines.train_vision_backbones:run_pipeline:176 - Training pvt_autoencoder_progressive_unfreeze on GASF
2026-02-08 11:26:06.203 | INFO     | src.models.pvt_autoencoder.training:train_pvt_autoencoder_progressive_unfreeze:132 - Device: cuda | Model on: cuda:0
2026-02-08 11:26:36.900 | INFO     | src.pipelines.train_vision_backbones:run_pipeline:193 - Evaluating pvt_autoencoder_progressive_unfreeze on GASF
2026-02-08 11:26:37.225 | INFO     | src.models.evaluation:evaluate_tsb_ad_nonoverlapping:65 - Normal (15299) reconstruction error: mean=0.0250, std=0.1200
2026-02-08 11:26:37.226 | INFO     | src.models.evaluation:evaluate_tsb_ad_nonoverlapping:66 - Anomaly (960) reconstruction error: mean=0.2553, std=0.2874
2026-02-08 11:26:37.226 | INFO     | src.models.evaluation:evaluate_tsb_ad_nonoverlapping:67 - Overlap? Normal max=1.0000, Anomaly min=0.0014
2026-02-08 11:26:43.456 | INFO     | src.models.evaluation:evaluate_tsb_ad_nonoverlapping:83 - {'AUC-PR': 0.36441609650646456, 'AUC-ROC': 0.8397543684772425, 'VUS-PR': np.float64(0.6232593026484441), 'VUS-ROC': np.float64(0.9507358409288077), 'Standard-F1': np.float64(0.6177165229053337), 'PA-F1': 0.8308091735179576, 'Event-based-F1': np.float64(0.741544352265475), 'R-based-F1': 0.5730091756898456, 'Affiliation-F': 0.9507494243687986}
2026-02-08 11:26:43.621 | INFO     | src.pipelines.train_vision_backbones:run_pipeline:170 - Train images: 102
2026-02-08 11:26:43.622 | INFO     | src.pipelines.train_vision_backbones:run_pipeline:171 - Test images: 560
2026-02-08 11:26:44.576 | INFO     | src.pipelines.train_vision_backbones:run_pipeline:176 - Training pvt_autoencoder_differential_lr on GASF
2026-02-08 11:26:44.600 | INFO     | src.models.pvt_autoencoder.training:train_pvt_autoencoder_differential_lr:267 - Device: cuda | Model on: cuda:0
2026-02-08 11:27:06.623 | INFO     | src.pipelines.train_vision_backbones:run_pipeline:193 - Evaluating pvt_autoencoder_differential_lr on GASF
2026-02-08 11:27:06.948 | INFO     | src.models.evaluation:evaluate_tsb_ad_nonoverlapping:65 - Normal (15299) reconstruction error: mean=0.0317, std=0.1058
2026-02-08 11:27:06.948 | INFO     | src.models.evaluation:evaluate_tsb_ad_nonoverlapping:66 - Anomaly (960) reconstruction error: mean=0.2364, std=0.2594
2026-02-08 11:27:06.948 | INFO     | src.models.evaluation:evaluate_tsb_ad_nonoverlapping:67 - Overlap? Normal max=1.0000, Anomaly min=0.0067
2026-02-08 11:27:13.150 | INFO     | src.models.evaluation:evaluate_tsb_ad_nonoverlapping:83 - {'AUC-PR': 0.34196245599734876, 'AUC-ROC': 0.795390630106543, 'VUS-PR': np.float64(0.5896825285181122), 'VUS-ROC': np.float64(0.9196157463994488), 'Standard-F1': np.float64(0.5971173030926723), 'PA-F1': 0.8358728776665215, 'Event-based-F1': np.float64(0.7450980392156857), 'R-based-F1': 0.5730091756898456, 'Affiliation-F': 0.9505787889481201}
2026-02-08 11:27:13.533 | INFO     | src.pipelines.train_vision_backbones:run_pipeline:70 - Using zip: /net/scratch/hscra/plgrid/plgsmendowski12/ts2i_images/SED/234_SED_id_1_Medical_tr_3740_1st_3840_ts2i_GADF.zip for transformation GADF
2026-02-08 11:27:14.286 | INFO     | src.pipelines.train_vision_backbones:run_pipeline:170 - Train images: 102
2026-02-08 11:27:14.287 | INFO     | src.pipelines.train_vision_backbones:run_pipeline:171 - Test images: 560
2026-02-08 11:27:14.293 | INFO     | src.pipelines.train_vision_backbones:run_pipeline:176 - Training cnn_autoencoder on GADF
2026-02-08 11:27:14.297 | INFO     | src.models.cnn_autoencoder.training:train_autoencoder:22 - Device: cuda | Model on: cuda:0
2026-02-08 11:27:31.427 | INFO     | src.pipelines.train_vision_backbones:run_pipeline:193 - Evaluating cnn_autoencoder on GADF
2026-02-08 11:27:31.863 | INFO     | src.models.evaluation:evaluate_tsb_ad_nonoverlapping:65 - Normal (15299) reconstruction error: mean=0.0217, std=0.0578
2026-02-08 11:27:31.863 | INFO     | src.models.evaluation:evaluate_tsb_ad_nonoverlapping:66 - Anomaly (960) reconstruction error: mean=0.1773, std=0.1633
2026-02-08 11:27:31.863 | INFO     | src.models.evaluation:evaluate_tsb_ad_nonoverlapping:67 - Overlap? Normal max=1.0000, Anomaly min=0.0007
2026-02-08 11:27:38.044 | INFO     | src.models.evaluation:evaluate_tsb_ad_nonoverlapping:83 - {'AUC-PR': 0.49407734860292984, 'AUC-ROC': 0.8959961299213455, 'VUS-PR': np.float64(0.6967161705776687), 'VUS-ROC': np.float64(0.9705354629277315), 'Standard-F1': np.float64(0.6644901708197247), 'PA-F1': 0.8058111380145279, 'Event-based-F1': np.float64(0.7503941145559637), 'R-based-F1': 0.6034584116211719, 'Affiliation-F': 0.9409570166066599}
2026-02-08 11:27:38.204 | INFO     | src.pipelines.train_vision_backbones:run_pipeline:170 - Train images: 102
2026-02-08 11:27:38.204 | INFO     | src.pipelines.train_vision_backbones:run_pipeline:171 - Test images: 560
2026-02-08 11:27:38.425 | INFO     | src.pipelines.train_vision_backbones:run_pipeline:176 - Training resnet18_autoencoder_frozen on GADF
2026-02-08 11:27:38.439 | INFO     | src.models.resnet18_autoencoder.training:train_autoencoder_frozen:25 - Device: cuda | Model on: cuda:0
2026-02-08 11:27:58.237 | INFO     | src.pipelines.train_vision_backbones:run_pipeline:193 - Evaluating resnet18_autoencoder_frozen on GADF
2026-02-08 11:27:58.798 | INFO     | src.models.evaluation:evaluate_tsb_ad_nonoverlapping:65 - Normal (15299) reconstruction error: mean=0.0253, std=0.0821
2026-02-08 11:27:58.798 | INFO     | src.models.evaluation:evaluate_tsb_ad_nonoverlapping:66 - Anomaly (960) reconstruction error: mean=0.2157, std=0.1814
2026-02-08 11:27:58.799 | INFO     | src.models.evaluation:evaluate_tsb_ad_nonoverlapping:67 - Overlap? Normal max=1.0000, Anomaly min=0.0015
2026-02-08 11:28:05.042 | INFO     | src.models.evaluation:evaluate_tsb_ad_nonoverlapping:83 - {'AUC-PR': 0.4586832845189447, 'AUC-ROC': 0.9009007941695536, 'VUS-PR': np.float64(0.667612498056469), 'VUS-ROC': np.float64(0.9736007180898653), 'Standard-F1': np.float64(0.6264101388786467), 'PA-F1': 0.8077408498106857, 'Event-based-F1': np.float64(0.732618683001531), 'R-based-F1': 0.5826749400995269, 'Affiliation-F': 0.9426900673667304}
2026-02-08 11:28:05.481 | INFO     | src.pipelines.train_vision_backbones:run_pipeline:170 - Train images: 102
2026-02-08 11:28:05.481 | INFO     | src.pipelines.train_vision_backbones:run_pipeline:171 - Test images: 560
2026-02-08 11:28:05.691 | INFO     | src.pipelines.train_vision_backbones:run_pipeline:176 - Training resnet18_autoencoder_progressive_unfreeze on GADF
2026-02-08 11:28:05.704 | INFO     | src.models.resnet18_autoencoder.training:train_autoencoder_progressive_unfreeze:133 - Device: cuda | Model on: cuda:0
2026-02-08 11:28:30.194 | INFO     | src.pipelines.train_vision_backbones:run_pipeline:193 - Evaluating resnet18_autoencoder_progressive_unfreeze on GADF
2026-02-08 11:28:30.669 | INFO     | src.models.evaluation:evaluate_tsb_ad_nonoverlapping:65 - Normal (15299) reconstruction error: mean=0.0258, std=0.1039
2026-02-08 11:28:30.669 | INFO     | src.models.evaluation:evaluate_tsb_ad_nonoverlapping:66 - Anomaly (960) reconstruction error: mean=0.2763, std=0.2163
2026-02-08 11:28:30.669 | INFO     | src.models.evaluation:evaluate_tsb_ad_nonoverlapping:67 - Overlap? Normal max=1.0000, Anomaly min=0.0006
2026-02-08 11:28:36.856 | INFO     | src.models.evaluation:evaluate_tsb_ad_nonoverlapping:83 - {'AUC-PR': 0.46658945253535133, 'AUC-ROC': 0.9073447066257053, 'VUS-PR': np.float64(0.6994625929065437), 'VUS-ROC': np.float64(0.9777291179026786), 'Standard-F1': np.float64(0.6589061782653598), 'PA-F1': 0.8413672217353199, 'Event-based-F1': np.float64(0.7667525773195871), 'R-based-F1': 0.608567847606592, 'Affiliation-F': 0.9554755590180114}
2026-02-08 11:28:37.015 | INFO     | src.pipelines.train_vision_backbones:run_pipeline:170 - Train images: 102
2026-02-08 11:28:37.015 | INFO     | src.pipelines.train_vision_backbones:run_pipeline:171 - Test images: 560
2026-02-08 11:28:37.233 | INFO     | src.pipelines.train_vision_backbones:run_pipeline:176 - Training resnet18_autoencoder_differential_lr on GADF
2026-02-08 11:28:37.248 | INFO     | src.models.resnet18_autoencoder.training:train_autoencoder_differential_lr:271 - Device: cuda | Model on: cuda:0
2026-02-08 11:29:03.738 | INFO     | src.pipelines.train_vision_backbones:run_pipeline:193 - Evaluating resnet18_autoencoder_differential_lr on GADF
2026-02-08 11:29:04.178 | INFO     | src.models.evaluation:evaluate_tsb_ad_nonoverlapping:65 - Normal (15299) reconstruction error: mean=0.0293, std=0.1023
2026-02-08 11:29:04.179 | INFO     | src.models.evaluation:evaluate_tsb_ad_nonoverlapping:66 - Anomaly (960) reconstruction error: mean=0.3174, std=0.2381
2026-02-08 11:29:04.179 | INFO     | src.models.evaluation:evaluate_tsb_ad_nonoverlapping:67 - Overlap? Normal max=1.0000, Anomaly min=0.0007
2026-02-08 11:29:10.441 | INFO     | src.models.evaluation:evaluate_tsb_ad_nonoverlapping:83 - {'AUC-PR': 0.4697197513126879, 'AUC-ROC': 0.9035408087674575, 'VUS-PR': np.float64(0.6995461556226467), 'VUS-ROC': np.float64(0.9772227650252834), 'Standard-F1': np.float64(0.6656636714969003), 'PA-F1': 0.8413672217353199, 'Event-based-F1': np.float64(0.782973621103117), 'R-based-F1': 0.6315130912727769, 'Affiliation-F': 0.9568936125713867}
2026-02-08 11:29:10.614 | INFO     | src.pipelines.train_vision_backbones:run_pipeline:170 - Train images: 102
2026-02-08 11:29:10.614 | INFO     | src.pipelines.train_vision_backbones:run_pipeline:171 - Test images: 560
2026-02-08 11:29:11.559 | INFO     | src.pipelines.train_vision_backbones:run_pipeline:176 - Training pvt_autoencoder_frozen on GADF
2026-02-08 11:29:11.584 | INFO     | src.models.pvt_autoencoder.training:train_pvt_autoencoder_frozen:24 - Device: cuda | Model on: cuda:0
2026-02-08 11:29:26.821 | INFO     | src.pipelines.train_vision_backbones:run_pipeline:193 - Evaluating pvt_autoencoder_frozen on GADF
2026-02-08 11:29:27.155 | INFO     | src.models.evaluation:evaluate_tsb_ad_nonoverlapping:65 - Normal (15299) reconstruction error: mean=0.0457, std=0.1068
2026-02-08 11:29:27.155 | INFO     | src.models.evaluation:evaluate_tsb_ad_nonoverlapping:66 - Anomaly (960) reconstruction error: mean=0.2978, std=0.2152
2026-02-08 11:29:27.155 | INFO     | src.models.evaluation:evaluate_tsb_ad_nonoverlapping:67 - Overlap? Normal max=1.0000, Anomaly min=0.0006
2026-02-08 11:29:33.484 | INFO     | src.models.evaluation:evaluate_tsb_ad_nonoverlapping:83 - {'AUC-PR': 0.42408766185904045, 'AUC-ROC': 0.8793164585920648, 'VUS-PR': np.float64(0.6491776615892969), 'VUS-ROC': np.float64(0.9681418257969087), 'Standard-F1': np.float64(0.6312719344824459), 'PA-F1': 0.8369659982563208, 'Event-based-F1': np.float64(0.7476383265856945), 'R-based-F1': 0.5823958434810846, 'Affiliation-F': 0.9366447467277697}
2026-02-08 11:29:33.637 | INFO     | src.pipelines.train_vision_backbones:run_pipeline:170 - Train images: 102
2026-02-08 11:29:33.638 | INFO     | src.pipelines.train_vision_backbones:run_pipeline:171 - Test images: 560
2026-02-08 11:29:34.584 | INFO     | src.pipelines.train_vision_backbones:run_pipeline:176 - Training pvt_autoencoder_progressive_unfreeze on GADF
2026-02-08 11:29:34.609 | INFO     | src.models.pvt_autoencoder.training:train_pvt_autoencoder_progressive_unfreeze:132 - Device: cuda | Model on: cuda:0
2026-02-08 11:29:57.952 | INFO     | src.pipelines.train_vision_backbones:run_pipeline:193 - Evaluating pvt_autoencoder_progressive_unfreeze on GADF
2026-02-08 11:29:58.287 | INFO     | src.models.evaluation:evaluate_tsb_ad_nonoverlapping:65 - Normal (15299) reconstruction error: mean=0.0210, std=0.0800
2026-02-08 11:29:58.287 | INFO     | src.models.evaluation:evaluate_tsb_ad_nonoverlapping:66 - Anomaly (960) reconstruction error: mean=0.2483, std=0.2087
2026-02-08 11:29:58.287 | INFO     | src.models.evaluation:evaluate_tsb_ad_nonoverlapping:67 - Overlap? Normal max=1.0000, Anomaly min=0.0009
2026-02-08 11:30:04.435 | INFO     | src.models.evaluation:evaluate_tsb_ad_nonoverlapping:83 - {'AUC-PR': 0.4982135725447941, 'AUC-ROC': 0.915634327951718, 'VUS-PR': np.float64(0.7145773671858456), 'VUS-ROC': np.float64(0.9791617128438461), 'Standard-F1': np.float64(0.6556691265626354), 'PA-F1': 0.8450704225352113, 'Event-based-F1': np.float64(0.7746478873239432), 'R-based-F1': 0.6156849080831349, 'Affiliation-F': 0.9563465547585832}
2026-02-08 11:30:04.595 | INFO     | src.pipelines.train_vision_backbones:run_pipeline:170 - Train images: 102
2026-02-08 11:30:04.595 | INFO     | src.pipelines.train_vision_backbones:run_pipeline:171 - Test images: 560
2026-02-08 11:30:05.591 | INFO     | src.pipelines.train_vision_backbones:run_pipeline:176 - Training pvt_autoencoder_differential_lr on GADF
2026-02-08 11:30:05.614 | INFO     | src.models.pvt_autoencoder.training:train_pvt_autoencoder_differential_lr:267 - Device: cuda | Model on: cuda:0
2026-02-08 11:30:23.987 | INFO     | src.pipelines.train_vision_backbones:run_pipeline:193 - Evaluating pvt_autoencoder_differential_lr on GADF
2026-02-08 11:30:24.317 | INFO     | src.models.evaluation:evaluate_tsb_ad_nonoverlapping:65 - Normal (15299) reconstruction error: mean=0.0524, std=0.1144
2026-02-08 11:30:24.318 | INFO     | src.models.evaluation:evaluate_tsb_ad_nonoverlapping:66 - Anomaly (960) reconstruction error: mean=0.3691, std=0.2672
2026-02-08 11:30:24.318 | INFO     | src.models.evaluation:evaluate_tsb_ad_nonoverlapping:67 - Overlap? Normal max=1.0000, Anomaly min=0.0009
2026-02-08 11:30:30.700 | INFO     | src.models.evaluation:evaluate_tsb_ad_nonoverlapping:83 - {'AUC-PR': 0.46397043844431957, 'AUC-ROC': 0.8826731594657603, 'VUS-PR': np.float64(0.6973194471505222), 'VUS-ROC': np.float64(0.9734399036052805), 'Standard-F1': np.float64(0.6630545334385181), 'PA-F1': 0.847682119205298, 'Event-based-F1': np.float64(0.7751552795031051), 'R-based-F1': 0.621500491864146, 'Affiliation-F': 0.9563863804354983}
2026-02-08 11:30:31.099 | INFO     | src.pipelines.train_vision_backbones:run_pipeline:70 - Using zip: /net/scratch/hscra/plgrid/plgsmendowski12/ts2i_images/SED/234_SED_id_1_Medical_tr_3740_1st_3840_ts2i_MTF.zip for transformation MTF
2026-02-08 11:30:31.884 | INFO     | src.pipelines.train_vision_backbones:run_pipeline:170 - Train images: 102
2026-02-08 11:30:31.884 | INFO     | src.pipelines.train_vision_backbones:run_pipeline:171 - Test images: 560
2026-02-08 11:30:31.891 | INFO     | src.pipelines.train_vision_backbones:run_pipeline:176 - Training cnn_autoencoder on MTF
2026-02-08 11:30:31.896 | INFO     | src.models.cnn_autoencoder.training:train_autoencoder:22 - Device: cuda | Model on: cuda:0
2026-02-08 11:31:01.487 | INFO     | src.pipelines.train_vision_backbones:run_pipeline:193 - Evaluating cnn_autoencoder on MTF
2026-02-08 11:31:01.942 | INFO     | src.models.evaluation:evaluate_tsb_ad_nonoverlapping:65 - Normal (15299) reconstruction error: mean=0.3036, std=0.1238
2026-02-08 11:31:01.942 | INFO     | src.models.evaluation:evaluate_tsb_ad_nonoverlapping:66 - Anomaly (960) reconstruction error: mean=0.3949, std=0.1321
2026-02-08 11:31:01.942 | INFO     | src.models.evaluation:evaluate_tsb_ad_nonoverlapping:67 - Overlap? Normal max=1.0000, Anomaly min=0.1548
2026-02-08 11:31:09.549 | INFO     | src.models.evaluation:evaluate_tsb_ad_nonoverlapping:83 - {'AUC-PR': 0.148005686261425, 'AUC-ROC': 0.7023142512037824, 'VUS-PR': np.float64(0.2033829682619915), 'VUS-ROC': np.float64(0.817069588388682), 'Standard-F1': np.float64(0.22099018216017313), 'PA-F1': 0.3925176326280282, 'Event-based-F1': np.float64(0.27172195892574996), 'R-based-F1': 0.20783561193900904, 'Affiliation-F': 0.755866788044368}
2026-02-08 11:31:09.707 | INFO     | src.pipelines.train_vision_backbones:run_pipeline:170 - Train images: 102
2026-02-08 11:31:09.707 | INFO     | src.pipelines.train_vision_backbones:run_pipeline:171 - Test images: 560
2026-02-08 11:31:09.926 | INFO     | src.pipelines.train_vision_backbones:run_pipeline:176 - Training resnet18_autoencoder_frozen on MTF
2026-02-08 11:31:09.940 | INFO     | src.models.resnet18_autoencoder.training:train_autoencoder_frozen:25 - Device: cuda | Model on: cuda:0
2026-02-08 11:31:38.597 | INFO     | src.pipelines.train_vision_backbones:run_pipeline:193 - Evaluating resnet18_autoencoder_frozen on MTF
2026-02-08 11:31:39.084 | INFO     | src.models.evaluation:evaluate_tsb_ad_nonoverlapping:65 - Normal (15299) reconstruction error: mean=0.3430, std=0.1782
2026-02-08 11:31:39.084 | INFO     | src.models.evaluation:evaluate_tsb_ad_nonoverlapping:66 - Anomaly (960) reconstruction error: mean=0.4456, std=0.1452
2026-02-08 11:31:39.085 | INFO     | src.models.evaluation:evaluate_tsb_ad_nonoverlapping:67 - Overlap? Normal max=1.0000, Anomaly min=0.0001
2026-02-08 11:31:46.952 | INFO     | src.models.evaluation:evaluate_tsb_ad_nonoverlapping:83 - {'AUC-PR': 0.10936765054595385, 'AUC-ROC': 0.6736422042835044, 'VUS-PR': np.float64(0.16604176852540553), 'VUS-ROC': np.float64(0.774157143290479), 'Standard-F1': np.float64(0.18289017914274597), 'PA-F1': 0.34371643394199786, 'Event-based-F1': np.float64(0.2395909422936445), 'R-based-F1': 0.16461671670307274, 'Affiliation-F': 0.7234247245414261}
2026-02-08 11:31:47.108 | INFO     | src.pipelines.train_vision_backbones:run_pipeline:170 - Train images: 102
2026-02-08 11:31:47.109 | INFO     | src.pipelines.train_vision_backbones:run_pipeline:171 - Test images: 560
2026-02-08 11:31:47.325 | INFO     | src.pipelines.train_vision_backbones:run_pipeline:176 - Training resnet18_autoencoder_progressive_unfreeze on MTF
2026-02-08 11:31:47.339 | INFO     | src.models.resnet18_autoencoder.training:train_autoencoder_progressive_unfreeze:133 - Device: cuda | Model on: cuda:0
2026-02-08 11:32:13.156 | INFO     | src.pipelines.train_vision_backbones:run_pipeline:193 - Evaluating resnet18_autoencoder_progressive_unfreeze on MTF
2026-02-08 11:32:13.655 | INFO     | src.models.evaluation:evaluate_tsb_ad_nonoverlapping:65 - Normal (15299) reconstruction error: mean=0.2436, std=0.1210
2026-02-08 11:32:13.655 | INFO     | src.models.evaluation:evaluate_tsb_ad_nonoverlapping:66 - Anomaly (960) reconstruction error: mean=0.3555, std=0.1259
2026-02-08 11:32:13.655 | INFO     | src.models.evaluation:evaluate_tsb_ad_nonoverlapping:67 - Overlap? Normal max=1.0000, Anomaly min=0.1252
2026-02-08 11:32:20.990 | INFO     | src.models.evaluation:evaluate_tsb_ad_nonoverlapping:83 - {'AUC-PR': 0.18947288117735342, 'AUC-ROC': 0.7392251263699152, 'VUS-PR': np.float64(0.2672601068769121), 'VUS-ROC': np.float64(0.8423312051575971), 'Standard-F1': np.float64(0.2736596054499999), 'PA-F1': 0.5426603073661898, 'Event-based-F1': np.float64(0.39886918529940846), 'R-based-F1': 0.27769941010515514, 'Affiliation-F': 0.7474223699857441}
2026-02-08 11:32:21.151 | INFO     | src.pipelines.train_vision_backbones:run_pipeline:170 - Train images: 102
2026-02-08 11:32:21.151 | INFO     | src.pipelines.train_vision_backbones:run_pipeline:171 - Test images: 560
2026-02-08 11:32:21.360 | INFO     | src.pipelines.train_vision_backbones:run_pipeline:176 - Training resnet18_autoencoder_differential_lr on MTF
2026-02-08 11:32:21.374 | INFO     | src.models.resnet18_autoencoder.training:train_autoencoder_differential_lr:271 - Device: cuda | Model on: cuda:0
2026-02-08 11:32:52.388 | INFO     | src.pipelines.train_vision_backbones:run_pipeline:193 - Evaluating resnet18_autoencoder_differential_lr on MTF
2026-02-08 11:32:52.957 | INFO     | src.models.evaluation:evaluate_tsb_ad_nonoverlapping:65 - Normal (15299) reconstruction error: mean=0.2331, std=0.1448
2026-02-08 11:32:52.957 | INFO     | src.models.evaluation:evaluate_tsb_ad_nonoverlapping:66 - Anomaly (960) reconstruction error: mean=0.3676, std=0.1520
2026-02-08 11:32:52.957 | INFO     | src.models.evaluation:evaluate_tsb_ad_nonoverlapping:67 - Overlap? Normal max=1.0000, Anomaly min=0.0001
2026-02-08 11:33:00.281 | INFO     | src.models.evaluation:evaluate_tsb_ad_nonoverlapping:83 - {'AUC-PR': 0.19367473234670946, 'AUC-ROC': 0.7429501792056126, 'VUS-PR': np.float64(0.2789402124838565), 'VUS-ROC': np.float64(0.8500020370304641), 'Standard-F1': np.float64(0.2803456411446706), 'PA-F1': 0.5389473684210526, 'Event-based-F1': np.float64(0.3809523809523805), 'R-based-F1': 0.2802818476680461, 'Affiliation-F': 0.7756227627387293}
2026-02-08 11:33:00.437 | INFO     | src.pipelines.train_vision_backbones:run_pipeline:170 - Train images: 102
2026-02-08 11:33:00.438 | INFO     | src.pipelines.train_vision_backbones:run_pipeline:171 - Test images: 560
2026-02-08 11:33:01.380 | INFO     | src.pipelines.train_vision_backbones:run_pipeline:176 - Training pvt_autoencoder_frozen on MTF
2026-02-08 11:33:01.403 | INFO     | src.models.pvt_autoencoder.training:train_pvt_autoencoder_frozen:24 - Device: cuda | Model on: cuda:0
2026-02-08 11:33:33.724 | INFO     | src.pipelines.train_vision_backbones:run_pipeline:193 - Evaluating pvt_autoencoder_frozen on MTF
2026-02-08 11:33:34.059 | INFO     | src.models.evaluation:evaluate_tsb_ad_nonoverlapping:65 - Normal (15299) reconstruction error: mean=0.2603, std=0.1540
2026-02-08 11:33:34.060 | INFO     | src.models.evaluation:evaluate_tsb_ad_nonoverlapping:66 - Anomaly (960) reconstruction error: mean=0.3851, std=0.1380
2026-02-08 11:33:34.060 | INFO     | src.models.evaluation:evaluate_tsb_ad_nonoverlapping:67 - Overlap? Normal max=1.0000, Anomaly min=0.0079
2026-02-08 11:33:41.472 | INFO     | src.models.evaluation:evaluate_tsb_ad_nonoverlapping:83 - {'AUC-PR': 0.13731508802633374, 'AUC-ROC': 0.7308463107610519, 'VUS-PR': np.float64(0.22394384211084434), 'VUS-ROC': np.float64(0.8334093909015562), 'Standard-F1': np.float64(0.21833343456241802), 'PA-F1': 0.3919700578428037, 'Event-based-F1': np.float64(0.2728421052631574), 'R-based-F1': 0.1949301898178626, 'Affiliation-F': 0.7633445189680159}
2026-02-08 11:33:41.629 | INFO     | src.pipelines.train_vision_backbones:run_pipeline:170 - Train images: 102
2026-02-08 11:33:41.629 | INFO     | src.pipelines.train_vision_backbones:run_pipeline:171 - Test images: 560
2026-02-08 11:33:42.573 | INFO     | src.pipelines.train_vision_backbones:run_pipeline:176 - Training pvt_autoencoder_progressive_unfreeze on MTF
2026-02-08 11:33:42.597 | INFO     | src.models.pvt_autoencoder.training:train_pvt_autoencoder_progressive_unfreeze:132 - Device: cuda | Model on: cuda:0
2026-02-08 11:34:20.400 | INFO     | src.pipelines.train_vision_backbones:run_pipeline:193 - Evaluating pvt_autoencoder_progressive_unfreeze on MTF
2026-02-08 11:34:20.740 | INFO     | src.models.evaluation:evaluate_tsb_ad_nonoverlapping:65 - Normal (15299) reconstruction error: mean=0.2912, std=0.1871
2026-02-08 11:34:20.740 | INFO     | src.models.evaluation:evaluate_tsb_ad_nonoverlapping:66 - Anomaly (960) reconstruction error: mean=0.5315, std=0.2281
2026-02-08 11:34:20.740 | INFO     | src.models.evaluation:evaluate_tsb_ad_nonoverlapping:67 - Overlap? Normal max=1.0000, Anomaly min=0.0000
2026-02-08 11:34:28.403 | INFO     | src.models.evaluation:evaluate_tsb_ad_nonoverlapping:83 - {'AUC-PR': 0.2777192538795737, 'AUC-ROC': 0.7882182522822843, 'VUS-PR': np.float64(0.3898227750874896), 'VUS-ROC': np.float64(0.8950461965390027), 'Standard-F1': np.float64(0.3902820917822402), 'PA-F1': 0.6780766096169519, 'Event-based-F1': np.float64(0.4970281124497988), 'R-based-F1': 0.3689954046939098, 'Affiliation-F': 0.8232537674906711}
2026-02-08 11:34:28.569 | INFO     | src.pipelines.train_vision_backbones:run_pipeline:170 - Train images: 102
2026-02-08 11:34:28.569 | INFO     | src.pipelines.train_vision_backbones:run_pipeline:171 - Test images: 560
2026-02-08 11:34:29.547 | INFO     | src.pipelines.train_vision_backbones:run_pipeline:176 - Training pvt_autoencoder_differential_lr on MTF
2026-02-08 11:34:29.573 | INFO     | src.models.pvt_autoencoder.training:train_pvt_autoencoder_differential_lr:267 - Device: cuda | Model on: cuda:0
2026-02-08 11:35:06.068 | INFO     | src.pipelines.train_vision_backbones:run_pipeline:193 - Evaluating pvt_autoencoder_differential_lr on MTF
2026-02-08 11:35:06.408 | INFO     | src.models.evaluation:evaluate_tsb_ad_nonoverlapping:65 - Normal (15299) reconstruction error: mean=0.2590, std=0.1678
2026-02-08 11:35:06.409 | INFO     | src.models.evaluation:evaluate_tsb_ad_nonoverlapping:66 - Anomaly (960) reconstruction error: mean=0.4475, std=0.1758
2026-02-08 11:35:06.409 | INFO     | src.models.evaluation:evaluate_tsb_ad_nonoverlapping:67 - Overlap? Normal max=1.0000, Anomaly min=0.0519
2026-02-08 11:35:13.913 | INFO     | src.models.evaluation:evaluate_tsb_ad_nonoverlapping:83 - {'AUC-PR': 0.20752669262030105, 'AUC-ROC': 0.7822382862714339, 'VUS-PR': np.float64(0.30456577630075327), 'VUS-ROC': np.float64(0.8718655934710288), 'Standard-F1': np.float64(0.3283535607091099), 'PA-F1': 0.5122276567363273, 'Event-based-F1': np.float64(0.39424280350438), 'R-based-F1': 0.29022990226608536, 'Affiliation-F': 0.7839430164642406}
2026-02-08 11:35:14.557 | INFO     | src.pipelines.train_vision_backbones:run_pipeline:70 - Using zip: /net/scratch/hscra/plgrid/plgsmendowski12/ts2i_images/SED/234_SED_id_1_Medical_tr_3740_1st_3840_ts2i_RP.zip for transformation RP
2026-02-08 11:35:15.324 | INFO     | src.pipelines.train_vision_backbones:run_pipeline:170 - Train images: 102
2026-02-08 11:35:15.324 | INFO     | src.pipelines.train_vision_backbones:run_pipeline:171 - Test images: 560
2026-02-08 11:35:15.330 | INFO     | src.pipelines.train_vision_backbones:run_pipeline:176 - Training cnn_autoencoder on RP
2026-02-08 11:35:15.335 | INFO     | src.models.cnn_autoencoder.training:train_autoencoder:22 - Device: cuda | Model on: cuda:0
2026-02-08 11:35:44.830 | INFO     | src.pipelines.train_vision_backbones:run_pipeline:193 - Evaluating cnn_autoencoder on RP
2026-02-08 11:35:45.266 | INFO     | src.models.evaluation:evaluate_tsb_ad_nonoverlapping:65 - Normal (15299) reconstruction error: mean=0.3030, std=0.1783
2026-02-08 11:35:45.267 | INFO     | src.models.evaluation:evaluate_tsb_ad_nonoverlapping:66 - Anomaly (960) reconstruction error: mean=0.5009, std=0.2369
2026-02-08 11:35:45.267 | INFO     | src.models.evaluation:evaluate_tsb_ad_nonoverlapping:67 - Overlap? Normal max=0.8502, Anomaly min=0.0654
2026-02-08 11:35:52.945 | INFO     | src.models.evaluation:evaluate_tsb_ad_nonoverlapping:83 - {'AUC-PR': 0.27743131360151546, 'AUC-ROC': 0.7408318149879077, 'VUS-PR': np.float64(0.30072645870605835), 'VUS-ROC': np.float64(0.84587642652324), 'Standard-F1': np.float64(0.33166703750307724), 'PA-F1': 0.5464247598719317, 'Event-based-F1': np.float64(0.45537536247449206), 'R-based-F1': 0.33997974427142674, 'Affiliation-F': 0.7731721526629379}
2026-02-08 11:35:53.105 | INFO     | src.pipelines.train_vision_backbones:run_pipeline:170 - Train images: 102
2026-02-08 11:35:53.105 | INFO     | src.pipelines.train_vision_backbones:run_pipeline:171 - Test images: 560
2026-02-08 11:35:53.319 | INFO     | src.pipelines.train_vision_backbones:run_pipeline:176 - Training resnet18_autoencoder_frozen on RP
2026-02-08 11:35:53.332 | INFO     | src.models.resnet18_autoencoder.training:train_autoencoder_frozen:25 - Device: cuda | Model on: cuda:0
2026-02-08 11:36:21.440 | INFO     | src.pipelines.train_vision_backbones:run_pipeline:193 - Evaluating resnet18_autoencoder_frozen on RP
2026-02-08 11:36:21.934 | INFO     | src.models.evaluation:evaluate_tsb_ad_nonoverlapping:65 - Normal (15299) reconstruction error: mean=0.3883, std=0.1983
2026-02-08 11:36:21.935 | INFO     | src.models.evaluation:evaluate_tsb_ad_nonoverlapping:66 - Anomaly (960) reconstruction error: mean=0.4970, std=0.1999
2026-02-08 11:36:21.935 | INFO     | src.models.evaluation:evaluate_tsb_ad_nonoverlapping:67 - Overlap? Normal max=1.0000, Anomaly min=0.0659
2026-02-08 11:36:30.040 | INFO     | src.models.evaluation:evaluate_tsb_ad_nonoverlapping:83 - {'AUC-PR': 0.11818750877343448, 'AUC-ROC': 0.6562789370764974, 'VUS-PR': np.float64(0.2069169432138246), 'VUS-ROC': np.float64(0.7848510434721657), 'Standard-F1': np.float64(0.2168500883664719), 'PA-F1': 0.48710359408033826, 'Event-based-F1': np.float64(0.30663180413596347), 'R-based-F1': 0.2288138223578708, 'Affiliation-F': 0.750805746346998}
2026-02-08 11:36:30.193 | INFO     | src.pipelines.train_vision_backbones:run_pipeline:170 - Train images: 102
2026-02-08 11:36:30.193 | INFO     | src.pipelines.train_vision_backbones:run_pipeline:171 - Test images: 560
2026-02-08 11:36:30.409 | INFO     | src.pipelines.train_vision_backbones:run_pipeline:176 - Training resnet18_autoencoder_progressive_unfreeze on RP
2026-02-08 11:36:30.423 | INFO     | src.models.resnet18_autoencoder.training:train_autoencoder_progressive_unfreeze:133 - Device: cuda | Model on: cuda:0
2026-02-08 11:36:59.804 | INFO     | src.pipelines.train_vision_backbones:run_pipeline:193 - Evaluating resnet18_autoencoder_progressive_unfreeze on RP
2026-02-08 11:37:00.331 | INFO     | src.models.evaluation:evaluate_tsb_ad_nonoverlapping:65 - Normal (15299) reconstruction error: mean=0.3379, std=0.1982
2026-02-08 11:37:00.331 | INFO     | src.models.evaluation:evaluate_tsb_ad_nonoverlapping:66 - Anomaly (960) reconstruction error: mean=0.5489, std=0.2365
2026-02-08 11:37:00.331 | INFO     | src.models.evaluation:evaluate_tsb_ad_nonoverlapping:67 - Overlap? Normal max=1.0000, Anomaly min=0.0613
2026-02-08 11:37:08.220 | INFO     | src.models.evaluation:evaluate_tsb_ad_nonoverlapping:83 - {'AUC-PR': 0.22330336601048692, 'AUC-ROC': 0.7502730298276576, 'VUS-PR': np.float64(0.3223938119384175), 'VUS-ROC': np.float64(0.8653841512743242), 'Standard-F1': np.float64(0.33969545929784684), 'PA-F1': 0.5355648535564853, 'Event-based-F1': np.float64(0.42537980339588866), 'R-based-F1': 0.2979391069500666, 'Affiliation-F': 0.7647176957484716}
2026-02-08 11:37:08.379 | INFO     | src.pipelines.train_vision_backbones:run_pipeline:170 - Train images: 102
2026-02-08 11:37:08.379 | INFO     | src.pipelines.train_vision_backbones:run_pipeline:171 - Test images: 560
2026-02-08 11:37:08.588 | INFO     | src.pipelines.train_vision_backbones:run_pipeline:176 - Training resnet18_autoencoder_differential_lr on RP
2026-02-08 11:37:08.601 | INFO     | src.models.resnet18_autoencoder.training:train_autoencoder_differential_lr:271 - Device: cuda | Model on: cuda:0
2026-02-08 11:37:39.405 | INFO     | src.pipelines.train_vision_backbones:run_pipeline:193 - Evaluating resnet18_autoencoder_differential_lr on RP
2026-02-08 11:37:39.795 | INFO     | src.models.evaluation:evaluate_tsb_ad_nonoverlapping:65 - Normal (15299) reconstruction error: mean=0.3533, std=0.2058
2026-02-08 11:37:39.795 | INFO     | src.models.evaluation:evaluate_tsb_ad_nonoverlapping:66 - Anomaly (960) reconstruction error: mean=0.5723, std=0.2434
2026-02-08 11:37:39.795 | INFO     | src.models.evaluation:evaluate_tsb_ad_nonoverlapping:67 - Overlap? Normal max=1.0000, Anomaly min=0.0636
2026-02-08 11:37:47.704 | INFO     | src.models.evaluation:evaluate_tsb_ad_nonoverlapping:83 - {'AUC-PR': 0.22967452010181347, 'AUC-ROC': 0.7503981060853651, 'VUS-PR': np.float64(0.32020723063419354), 'VUS-ROC': np.float64(0.859318638531407), 'Standard-F1': np.float64(0.34535870874153357), 'PA-F1': 0.6142771445710857, 'Event-based-F1': np.float64(0.48198464264618973), 'R-based-F1': 0.35017191580318713, 'Affiliation-F': 0.7690542910649234}
2026-02-08 11:37:47.859 | INFO     | src.pipelines.train_vision_backbones:run_pipeline:170 - Train images: 102
2026-02-08 11:37:47.859 | INFO     | src.pipelines.train_vision_backbones:run_pipeline:171 - Test images: 560
2026-02-08 11:37:48.803 | INFO     | src.pipelines.train_vision_backbones:run_pipeline:176 - Training pvt_autoencoder_frozen on RP
2026-02-08 11:37:48.827 | INFO     | src.models.pvt_autoencoder.training:train_pvt_autoencoder_frozen:24 - Device: cuda | Model on: cuda:0
2026-02-08 11:38:22.289 | INFO     | src.pipelines.train_vision_backbones:run_pipeline:193 - Evaluating pvt_autoencoder_frozen on RP
2026-02-08 11:38:22.618 | INFO     | src.models.evaluation:evaluate_tsb_ad_nonoverlapping:65 - Normal (15299) reconstruction error: mean=0.4387, std=0.1935
2026-02-08 11:38:22.618 | INFO     | src.models.evaluation:evaluate_tsb_ad_nonoverlapping:66 - Anomaly (960) reconstruction error: mean=0.6198, std=0.2497
2026-02-08 11:38:22.618 | INFO     | src.models.evaluation:evaluate_tsb_ad_nonoverlapping:67 - Overlap? Normal max=1.0000, Anomaly min=0.1194
2026-02-08 11:38:30.933 | INFO     | src.models.evaluation:evaluate_tsb_ad_nonoverlapping:83 - {'AUC-PR': 0.2674421068112282, 'AUC-ROC': 0.7169684973963439, 'VUS-PR': np.float64(0.37413331742714323), 'VUS-ROC': np.float64(0.8584204115173066), 'Standard-F1': np.float64(0.3432632435141672), 'PA-F1': 0.6388384754990926, 'Event-based-F1': np.float64(0.49169435215946783), 'R-based-F1': 0.36, 'Affiliation-F': 0.8458972220466476}
2026-02-08 11:38:31.089 | INFO     | src.pipelines.train_vision_backbones:run_pipeline:170 - Train images: 102
2026-02-08 11:38:31.089 | INFO     | src.pipelines.train_vision_backbones:run_pipeline:171 - Test images: 560
2026-02-08 11:38:32.031 | INFO     | src.pipelines.train_vision_backbones:run_pipeline:176 - Training pvt_autoencoder_progressive_unfreeze on RP
2026-02-08 11:38:32.054 | INFO     | src.models.pvt_autoencoder.training:train_pvt_autoencoder_progressive_unfreeze:132 - Device: cuda | Model on: cuda:0
2026-02-08 11:39:07.177 | INFO     | src.pipelines.train_vision_backbones:run_pipeline:193 - Evaluating pvt_autoencoder_progressive_unfreeze on RP
2026-02-08 11:39:07.514 | INFO     | src.models.evaluation:evaluate_tsb_ad_nonoverlapping:65 - Normal (15299) reconstruction error: mean=0.2904, std=0.1662
2026-02-08 11:39:07.514 | INFO     | src.models.evaluation:evaluate_tsb_ad_nonoverlapping:66 - Anomaly (960) reconstruction error: mean=0.5122, std=0.2406
2026-02-08 11:39:07.514 | INFO     | src.models.evaluation:evaluate_tsb_ad_nonoverlapping:67 - Overlap? Normal max=0.8523, Anomaly min=0.0455
2026-02-08 11:39:15.167 | INFO     | src.models.evaluation:evaluate_tsb_ad_nonoverlapping:83 - {'AUC-PR': 0.3637479182571144, 'AUC-ROC': 0.7662713521580932, 'VUS-PR': np.float64(0.48090624052386644), 'VUS-ROC': np.float64(0.8851079274680052), 'Standard-F1': np.float64(0.4229458318244766), 'PA-F1': 0.7582121701669359, 'Event-based-F1': np.float64(0.6651214350498835), 'R-based-F1': 0.449366434713908, 'Affiliation-F': 0.8254215038515051}
2026-02-08 11:39:15.327 | INFO     | src.pipelines.train_vision_backbones:run_pipeline:170 - Train images: 102
2026-02-08 11:39:15.327 | INFO     | src.pipelines.train_vision_backbones:run_pipeline:171 - Test images: 560
2026-02-08 11:39:16.278 | INFO     | src.pipelines.train_vision_backbones:run_pipeline:176 - Training pvt_autoencoder_differential_lr on RP
2026-02-08 11:39:16.302 | INFO     | src.models.pvt_autoencoder.training:train_pvt_autoencoder_differential_lr:267 - Device: cuda | Model on: cuda:0
2026-02-08 11:39:53.755 | INFO     | src.pipelines.train_vision_backbones:run_pipeline:193 - Evaluating pvt_autoencoder_differential_lr on RP
2026-02-08 11:39:54.079 | INFO     | src.models.evaluation:evaluate_tsb_ad_nonoverlapping:65 - Normal (15299) reconstruction error: mean=0.3431, std=0.1766
2026-02-08 11:39:54.079 | INFO     | src.models.evaluation:evaluate_tsb_ad_nonoverlapping:66 - Anomaly (960) reconstruction error: mean=0.5862, std=0.2550
2026-02-08 11:39:54.079 | INFO     | src.models.evaluation:evaluate_tsb_ad_nonoverlapping:67 - Overlap? Normal max=0.9170, Anomaly min=0.1143
2026-02-08 11:40:01.914 | INFO     | src.models.evaluation:evaluate_tsb_ad_nonoverlapping:83 - {'AUC-PR': 0.3664311304262766, 'AUC-ROC': 0.7674401376996318, 'VUS-PR': np.float64(0.4697340977598714), 'VUS-ROC': np.float64(0.8922519208039991), 'Standard-F1': np.float64(0.4867330745092825), 'PA-F1': 0.7420289855072464, 'Event-based-F1': np.float64(0.617263574847334), 'R-based-F1': 0.4713638410446921, 'Affiliation-F': 0.8634654806433228}
2026-02-08 11:40:02.324 | INFO     | src.pipelines.train_vision_backbones:run_pipeline:70 - Using zip: /net/scratch/hscra/plgrid/plgsmendowski12/ts2i_images/SED/234_SED_id_1_Medical_tr_3740_1st_3840_ts2i_RWT.zip for transformation RWT
2026-02-08 11:40:03.435 | INFO     | src.pipelines.train_vision_backbones:run_pipeline:170 - Train images: 102
2026-02-08 11:40:03.436 | INFO     | src.pipelines.train_vision_backbones:run_pipeline:171 - Test images: 560
2026-02-08 11:40:03.442 | INFO     | src.pipelines.train_vision_backbones:run_pipeline:176 - Training cnn_autoencoder on RWT
2026-02-08 11:40:03.447 | INFO     | src.models.cnn_autoencoder.training:train_autoencoder:22 - Device: cuda | Model on: cuda:0
2026-02-08 11:40:33.263 | INFO     | src.pipelines.train_vision_backbones:run_pipeline:193 - Evaluating cnn_autoencoder on RWT
2026-02-08 11:40:33.728 | INFO     | src.models.evaluation:evaluate_tsb_ad_nonoverlapping:65 - Normal (15299) reconstruction error: mean=0.0230, std=0.0595
2026-02-08 11:40:33.729 | INFO     | src.models.evaluation:evaluate_tsb_ad_nonoverlapping:66 - Anomaly (960) reconstruction error: mean=0.0109, std=0.0686
2026-02-08 11:40:33.729 | INFO     | src.models.evaluation:evaluate_tsb_ad_nonoverlapping:67 - Overlap? Normal max=1.0000, Anomaly min=0.0000
2026-02-08 11:40:39.855 | INFO     | src.models.evaluation:evaluate_tsb_ad_nonoverlapping:83 - {'AUC-PR': 0.035674256223188455, 'AUC-ROC': 0.14626990870863021, 'VUS-PR': np.float64(0.09030350127808826), 'VUS-ROC': np.float64(0.40254359781379545), 'Standard-F1': np.float64(0.11150368027275825), 'PA-F1': 0.3047619047619048, 'Event-based-F1': np.float64(0.1102637247482097), 'R-based-F1': 0.0668824163969795, 'Affiliation-F': 0.6727425055400912}
2026-02-08 11:40:40.011 | INFO     | src.pipelines.train_vision_backbones:run_pipeline:170 - Train images: 102
2026-02-08 11:40:40.012 | INFO     | src.pipelines.train_vision_backbones:run_pipeline:171 - Test images: 560
2026-02-08 11:40:40.230 | INFO     | src.pipelines.train_vision_backbones:run_pipeline:176 - Training resnet18_autoencoder_frozen on RWT
2026-02-08 11:40:40.244 | INFO     | src.models.resnet18_autoencoder.training:train_autoencoder_frozen:25 - Device: cuda | Model on: cuda:0
2026-02-08 11:41:08.182 | INFO     | src.pipelines.train_vision_backbones:run_pipeline:193 - Evaluating resnet18_autoencoder_frozen on RWT
2026-02-08 11:41:08.671 | INFO     | src.models.evaluation:evaluate_tsb_ad_nonoverlapping:65 - Normal (15299) reconstruction error: mean=0.0296, std=0.0893
2026-02-08 11:41:08.671 | INFO     | src.models.evaluation:evaluate_tsb_ad_nonoverlapping:66 - Anomaly (960) reconstruction error: mean=0.0221, std=0.0830
2026-02-08 11:41:08.671 | INFO     | src.models.evaluation:evaluate_tsb_ad_nonoverlapping:67 - Overlap? Normal max=1.0000, Anomaly min=0.0000
2026-02-08 11:41:14.879 | INFO     | src.models.evaluation:evaluate_tsb_ad_nonoverlapping:83 - {'AUC-PR': 0.05016552245671431, 'AUC-ROC': 0.3775768296402815, 'VUS-PR': np.float64(0.10994087039000465), 'VUS-ROC': np.float64(0.5773768740778544), 'Standard-F1': np.float64(0.11192412913825565), 'PA-F1': 0.33844526705446853, 'Event-based-F1': np.float64(0.1341317365269458), 'R-based-F1': 0.09645878717260248, 'Affiliation-F': 0.6728040623670987}
2026-02-08 11:41:15.053 | INFO     | src.pipelines.train_vision_backbones:run_pipeline:170 - Train images: 102
2026-02-08 11:41:15.054 | INFO     | src.pipelines.train_vision_backbones:run_pipeline:171 - Test images: 560
2026-02-08 11:41:15.271 | INFO     | src.pipelines.train_vision_backbones:run_pipeline:176 - Training resnet18_autoencoder_progressive_unfreeze on RWT
2026-02-08 11:41:15.284 | INFO     | src.models.resnet18_autoencoder.training:train_autoencoder_progressive_unfreeze:133 - Device: cuda | Model on: cuda:0
2026-02-08 11:41:36.365 | INFO     | src.pipelines.train_vision_backbones:run_pipeline:193 - Evaluating resnet18_autoencoder_progressive_unfreeze on RWT
2026-02-08 11:41:36.840 | INFO     | src.models.evaluation:evaluate_tsb_ad_nonoverlapping:65 - Normal (15299) reconstruction error: mean=0.0192, std=0.0637
2026-02-08 11:41:36.840 | INFO     | src.models.evaluation:evaluate_tsb_ad_nonoverlapping:66 - Anomaly (960) reconstruction error: mean=0.0170, std=0.0696
2026-02-08 11:41:36.840 | INFO     | src.models.evaluation:evaluate_tsb_ad_nonoverlapping:67 - Overlap? Normal max=1.0000, Anomaly min=0.0000
2026-02-08 11:41:42.920 | INFO     | src.models.evaluation:evaluate_tsb_ad_nonoverlapping:83 - {'AUC-PR': 0.05412796976435439, 'AUC-ROC': 0.3680184707061464, 'VUS-PR': np.float64(0.137171151611696), 'VUS-ROC': np.float64(0.5938032172948273), 'Standard-F1': np.float64(0.1179961394960481), 'PA-F1': 0.3794466403162055, 'Event-based-F1': np.float64(0.15761448349307744), 'R-based-F1': 0.11595538759332656, 'Affiliation-F': 0.6731468323926795}
2026-02-08 11:41:43.350 | INFO     | src.pipelines.train_vision_backbones:run_pipeline:170 - Train images: 102
2026-02-08 11:41:43.350 | INFO     | src.pipelines.train_vision_backbones:run_pipeline:171 - Test images: 560
2026-02-08 11:41:43.558 | INFO     | src.pipelines.train_vision_backbones:run_pipeline:176 - Training resnet18_autoencoder_differential_lr on RWT
2026-02-08 11:41:43.571 | INFO     | src.models.resnet18_autoencoder.training:train_autoencoder_differential_lr:271 - Device: cuda | Model on: cuda:0
2026-02-08 11:42:10.193 | INFO     | src.pipelines.train_vision_backbones:run_pipeline:193 - Evaluating resnet18_autoencoder_differential_lr on RWT
2026-02-08 11:42:10.598 | INFO     | src.models.evaluation:evaluate_tsb_ad_nonoverlapping:65 - Normal (15299) reconstruction error: mean=0.0156, std=0.0618
2026-02-08 11:42:10.598 | INFO     | src.models.evaluation:evaluate_tsb_ad_nonoverlapping:66 - Anomaly (960) reconstruction error: mean=0.0115, std=0.0748
2026-02-08 11:42:10.599 | INFO     | src.models.evaluation:evaluate_tsb_ad_nonoverlapping:67 - Overlap? Normal max=1.0000, Anomaly min=0.0000
2026-02-08 11:42:16.661 | INFO     | src.models.evaluation:evaluate_tsb_ad_nonoverlapping:83 - {'AUC-PR': 0.03798576684528682, 'AUC-ROC': 0.21695018192910212, 'VUS-PR': np.float64(0.09160910158480012), 'VUS-ROC': np.float64(0.44984630784378676), 'Standard-F1': np.float64(0.11150368027275825), 'PA-F1': 0.3214061519146265, 'Event-based-F1': np.float64(0.11267605633802782), 'R-based-F1': 0.07434052757793766, 'Affiliation-F': 0.6727912576862279}
2026-02-08 11:42:16.824 | INFO     | src.pipelines.train_vision_backbones:run_pipeline:170 - Train images: 102
2026-02-08 11:42:16.824 | INFO     | src.pipelines.train_vision_backbones:run_pipeline:171 - Test images: 560
2026-02-08 11:42:17.773 | INFO     | src.pipelines.train_vision_backbones:run_pipeline:176 - Training pvt_autoencoder_frozen on RWT
2026-02-08 11:42:17.798 | INFO     | src.models.pvt_autoencoder.training:train_pvt_autoencoder_frozen:24 - Device: cuda | Model on: cuda:0
2026-02-08 11:42:46.621 | INFO     | src.pipelines.train_vision_backbones:run_pipeline:193 - Evaluating pvt_autoencoder_frozen on RWT
2026-02-08 11:42:46.970 | INFO     | src.models.evaluation:evaluate_tsb_ad_nonoverlapping:65 - Normal (15299) reconstruction error: mean=0.0134, std=0.0531
2026-02-08 11:42:46.970 | INFO     | src.models.evaluation:evaluate_tsb_ad_nonoverlapping:66 - Anomaly (960) reconstruction error: mean=0.0117, std=0.0796
2026-02-08 11:42:46.970 | INFO     | src.models.evaluation:evaluate_tsb_ad_nonoverlapping:67 - Overlap? Normal max=1.0000, Anomaly min=0.0000
2026-02-08 11:42:53.013 | INFO     | src.models.evaluation:evaluate_tsb_ad_nonoverlapping:83 - {'AUC-PR': 0.0428427440359244, 'AUC-ROC': 0.3007557002636338, 'VUS-PR': np.float64(0.10979563944633162), 'VUS-ROC': np.float64(0.5266700482876352), 'Standard-F1': np.float64(0.11150368027275825), 'PA-F1': 0.3214061519146265, 'Event-based-F1': np.float64(0.11267605633802782), 'R-based-F1': 0.07434052757793766, 'Affiliation-F': 0.6716509735914591}
2026-02-08 11:42:53.171 | INFO     | src.pipelines.train_vision_backbones:run_pipeline:170 - Train images: 102
2026-02-08 11:42:53.171 | INFO     | src.pipelines.train_vision_backbones:run_pipeline:171 - Test images: 560
2026-02-08 11:42:54.121 | INFO     | src.pipelines.train_vision_backbones:run_pipeline:176 - Training pvt_autoencoder_progressive_unfreeze on RWT
2026-02-08 11:42:54.145 | INFO     | src.models.pvt_autoencoder.training:train_pvt_autoencoder_progressive_unfreeze:132 - Device: cuda | Model on: cuda:0
2026-02-08 11:43:26.712 | INFO     | src.pipelines.train_vision_backbones:run_pipeline:193 - Evaluating pvt_autoencoder_progressive_unfreeze on RWT
2026-02-08 11:43:27.051 | INFO     | src.models.evaluation:evaluate_tsb_ad_nonoverlapping:65 - Normal (15299) reconstruction error: mean=0.0149, std=0.0591
2026-02-08 11:43:27.051 | INFO     | src.models.evaluation:evaluate_tsb_ad_nonoverlapping:66 - Anomaly (960) reconstruction error: mean=0.0086, std=0.0594
2026-02-08 11:43:27.051 | INFO     | src.models.evaluation:evaluate_tsb_ad_nonoverlapping:67 - Overlap? Normal max=1.0000, Anomaly min=0.0000
2026-02-08 11:43:33.036 | INFO     | src.models.evaluation:evaluate_tsb_ad_nonoverlapping:83 - {'AUC-PR': 0.036791094210967205, 'AUC-ROC': 0.18616133679761207, 'VUS-PR': np.float64(0.09282843438498777), 'VUS-ROC': np.float64(0.4328237949925662), 'Standard-F1': np.float64(0.11150368027275825), 'PA-F1': 0.3273657289002558, 'Event-based-F1': np.float64(0.11940298507462652), 'R-based-F1': 0.0772104607721046, 'Affiliation-F': 0.6725147488369997}
2026-02-08 11:43:33.201 | INFO     | src.pipelines.train_vision_backbones:run_pipeline:170 - Train images: 102
2026-02-08 11:43:33.201 | INFO     | src.pipelines.train_vision_backbones:run_pipeline:171 - Test images: 560
2026-02-08 11:43:34.168 | INFO     | src.pipelines.train_vision_backbones:run_pipeline:176 - Training pvt_autoencoder_differential_lr on RWT
2026-02-08 11:43:34.192 | INFO     | src.models.pvt_autoencoder.training:train_pvt_autoencoder_differential_lr:267 - Device: cuda | Model on: cuda:0
2026-02-08 11:44:08.096 | INFO     | src.pipelines.train_vision_backbones:run_pipeline:193 - Evaluating pvt_autoencoder_differential_lr on RWT
2026-02-08 11:44:08.440 | INFO     | src.models.evaluation:evaluate_tsb_ad_nonoverlapping:65 - Normal (15299) reconstruction error: mean=0.0101, std=0.0561
2026-02-08 11:44:08.440 | INFO     | src.models.evaluation:evaluate_tsb_ad_nonoverlapping:66 - Anomaly (960) reconstruction error: mean=0.0077, std=0.0627
2026-02-08 11:44:08.440 | INFO     | src.models.evaluation:evaluate_tsb_ad_nonoverlapping:67 - Overlap? Normal max=1.0000, Anomaly min=0.0000
2026-02-08 11:44:14.364 | INFO     | src.models.evaluation:evaluate_tsb_ad_nonoverlapping:83 - {'AUC-PR': 0.039262991239587444, 'AUC-ROC': 0.25582077804649545, 'VUS-PR': np.float64(0.09913870988270179), 'VUS-ROC': np.float64(0.4794718364287404), 'Standard-F1': np.float64(0.11436672408636953), 'PA-F1': 0.31011508176862507, 'Event-based-F1': np.float64(0.10850183555736834), 'R-based-F1': 0.06919642857142856, 'Affiliation-F': 0.6725121810734804}
2026-02-08 11:44:14.795 | INFO     | src.pipelines.train_vision_backbones:run_pipeline:70 - Using zip: /net/scratch/hscra/plgrid/plgsmendowski12/ts2i_images/SED/234_SED_id_1_Medical_tr_3740_1st_3840_ts2i_MWT.zip for transformation MWT
2026-02-08 11:44:15.679 | INFO     | src.pipelines.train_vision_backbones:run_pipeline:170 - Train images: 102
2026-02-08 11:44:15.679 | INFO     | src.pipelines.train_vision_backbones:run_pipeline:171 - Test images: 560
2026-02-08 11:44:15.685 | INFO     | src.pipelines.train_vision_backbones:run_pipeline:176 - Training cnn_autoencoder on MWT
2026-02-08 11:44:15.690 | INFO     | src.models.cnn_autoencoder.training:train_autoencoder:22 - Device: cuda | Model on: cuda:0
2026-02-08 11:44:46.380 | INFO     | src.pipelines.train_vision_backbones:run_pipeline:193 - Evaluating cnn_autoencoder on MWT
2026-02-08 11:44:46.871 | INFO     | src.models.evaluation:evaluate_tsb_ad_nonoverlapping:65 - Normal (15299) reconstruction error: mean=0.0749, std=0.0958
2026-02-08 11:44:46.871 | INFO     | src.models.evaluation:evaluate_tsb_ad_nonoverlapping:66 - Anomaly (960) reconstruction error: mean=0.0401, std=0.1187
2026-02-08 11:44:46.871 | INFO     | src.models.evaluation:evaluate_tsb_ad_nonoverlapping:67 - Overlap? Normal max=1.0000, Anomaly min=0.0101
2026-02-08 11:44:53.262 | INFO     | src.models.evaluation:evaluate_tsb_ad_nonoverlapping:83 - {'AUC-PR': 0.04188066196182266, 'AUC-ROC': 0.21436034762620648, 'VUS-PR': np.float64(0.10733388662206846), 'VUS-ROC': np.float64(0.4776513262441862), 'Standard-F1': np.float64(0.11539046264375036), 'PA-F1': 0.2505873140172279, 'Event-based-F1': np.float64(0.18952618453865297), 'R-based-F1': 0.08449549339801525, 'Affiliation-F': 0.6743543306994311}
2026-02-08 11:44:53.420 | INFO     | src.pipelines.train_vision_backbones:run_pipeline:170 - Train images: 102
2026-02-08 11:44:53.420 | INFO     | src.pipelines.train_vision_backbones:run_pipeline:171 - Test images: 560
2026-02-08 11:44:53.640 | INFO     | src.pipelines.train_vision_backbones:run_pipeline:176 - Training resnet18_autoencoder_frozen on MWT
2026-02-08 11:44:53.654 | INFO     | src.models.resnet18_autoencoder.training:train_autoencoder_frozen:25 - Device: cuda | Model on: cuda:0
2026-02-08 11:45:21.941 | INFO     | src.pipelines.train_vision_backbones:run_pipeline:193 - Evaluating resnet18_autoencoder_frozen on MWT
2026-02-08 11:45:22.442 | INFO     | src.models.evaluation:evaluate_tsb_ad_nonoverlapping:65 - Normal (15299) reconstruction error: mean=0.0923, std=0.1705
2026-02-08 11:45:22.442 | INFO     | src.models.evaluation:evaluate_tsb_ad_nonoverlapping:66 - Anomaly (960) reconstruction error: mean=0.0468, std=0.1093
2026-02-08 11:45:22.442 | INFO     | src.models.evaluation:evaluate_tsb_ad_nonoverlapping:67 - Overlap? Normal max=1.0000, Anomaly min=0.0000
2026-02-08 11:45:28.958 | INFO     | src.models.evaluation:evaluate_tsb_ad_nonoverlapping:83 - {'AUC-PR': 0.05103464492237942, 'AUC-ROC': 0.4391906061398349, 'VUS-PR': np.float64(0.1095448731384722), 'VUS-ROC': np.float64(0.6190364038345878), 'Standard-F1': np.float64(0.11769813996136809), 'PA-F1': 0.20331291127751305, 'Event-based-F1': np.float64(0.10993362058926272), 'R-based-F1': 0.10824482672117682, 'Affiliation-F': 0.6728040623670987}
2026-02-08 11:45:29.119 | INFO     | src.pipelines.train_vision_backbones:run_pipeline:170 - Train images: 102
2026-02-08 11:45:29.119 | INFO     | src.pipelines.train_vision_backbones:run_pipeline:171 - Test images: 560
2026-02-08 11:45:29.338 | INFO     | src.pipelines.train_vision_backbones:run_pipeline:176 - Training resnet18_autoencoder_progressive_unfreeze on MWT
2026-02-08 11:45:29.352 | INFO     | src.models.resnet18_autoencoder.training:train_autoencoder_progressive_unfreeze:133 - Device: cuda | Model on: cuda:0
2026-02-08 11:46:01.029 | INFO     | src.pipelines.train_vision_backbones:run_pipeline:193 - Evaluating resnet18_autoencoder_progressive_unfreeze on MWT
2026-02-08 11:46:01.534 | INFO     | src.models.evaluation:evaluate_tsb_ad_nonoverlapping:65 - Normal (15299) reconstruction error: mean=0.0623, std=0.1056
2026-02-08 11:46:01.534 | INFO     | src.models.evaluation:evaluate_tsb_ad_nonoverlapping:66 - Anomaly (960) reconstruction error: mean=0.0407, std=0.1225
2026-02-08 11:46:01.534 | INFO     | src.models.evaluation:evaluate_tsb_ad_nonoverlapping:67 - Overlap? Normal max=1.0000, Anomaly min=0.0000
2026-02-08 11:46:07.925 | INFO     | src.models.evaluation:evaluate_tsb_ad_nonoverlapping:83 - {'AUC-PR': 0.04834649721143737, 'AUC-ROC': 0.322102751813844, 'VUS-PR': np.float64(0.11793451851350849), 'VUS-ROC': np.float64(0.5463623416055651), 'Standard-F1': np.float64(0.11575960641585456), 'PA-F1': 0.2711864406779661, 'Event-based-F1': np.float64(0.18952618453865297), 'R-based-F1': 0.0801118564881056, 'Affiliation-F': 0.6726499732654297}
2026-02-08 11:46:08.081 | INFO     | src.pipelines.train_vision_backbones:run_pipeline:170 - Train images: 102
2026-02-08 11:46:08.082 | INFO     | src.pipelines.train_vision_backbones:run_pipeline:171 - Test images: 560
2026-02-08 11:46:08.298 | INFO     | src.pipelines.train_vision_backbones:run_pipeline:176 - Training resnet18_autoencoder_differential_lr on MWT
2026-02-08 11:46:08.312 | INFO     | src.models.resnet18_autoencoder.training:train_autoencoder_differential_lr:271 - Device: cuda | Model on: cuda:0
2026-02-08 11:46:38.736 | INFO     | src.pipelines.train_vision_backbones:run_pipeline:193 - Evaluating resnet18_autoencoder_differential_lr on MWT
2026-02-08 11:46:39.143 | INFO     | src.models.evaluation:evaluate_tsb_ad_nonoverlapping:65 - Normal (15299) reconstruction error: mean=0.0727, std=0.1268
2026-02-08 11:46:39.143 | INFO     | src.models.evaluation:evaluate_tsb_ad_nonoverlapping:66 - Anomaly (960) reconstruction error: mean=0.0462, std=0.1383
2026-02-08 11:46:39.144 | INFO     | src.models.evaluation:evaluate_tsb_ad_nonoverlapping:67 - Overlap? Normal max=1.0000, Anomaly min=0.0000
2026-02-08 11:46:45.544 | INFO     | src.models.evaluation:evaluate_tsb_ad_nonoverlapping:83 - {'AUC-PR': 0.045935829754032716, 'AUC-ROC': 0.2730731311414689, 'VUS-PR': np.float64(0.11773901760748168), 'VUS-ROC': np.float64(0.5124752977443372), 'Standard-F1': np.float64(0.11150368027275825), 'PA-F1': 0.276657060518732, 'Event-based-F1': np.float64(0.18952618453865297), 'R-based-F1': 0.08638994376671696, 'Affiliation-F': 0.6726499732654297}
2026-02-08 11:46:45.703 | INFO     | src.pipelines.train_vision_backbones:run_pipeline:170 - Train images: 102
2026-02-08 11:46:45.703 | INFO     | src.pipelines.train_vision_backbones:run_pipeline:171 - Test images: 560
2026-02-08 11:46:46.718 | INFO     | src.pipelines.train_vision_backbones:run_pipeline:176 - Training pvt_autoencoder_frozen on MWT
2026-02-08 11:46:46.742 | INFO     | src.models.pvt_autoencoder.training:train_pvt_autoencoder_frozen:24 - Device: cuda | Model on: cuda:0
2026-02-08 11:47:18.107 | INFO     | src.pipelines.train_vision_backbones:run_pipeline:193 - Evaluating pvt_autoencoder_frozen on MWT
2026-02-08 11:47:18.458 | INFO     | src.models.evaluation:evaluate_tsb_ad_nonoverlapping:65 - Normal (15299) reconstruction error: mean=0.0600, std=0.1011
2026-02-08 11:47:18.458 | INFO     | src.models.evaluation:evaluate_tsb_ad_nonoverlapping:66 - Anomaly (960) reconstruction error: mean=0.0423, std=0.1198
2026-02-08 11:47:18.458 | INFO     | src.models.evaluation:evaluate_tsb_ad_nonoverlapping:67 - Overlap? Normal max=1.0000, Anomaly min=0.0000
2026-02-08 11:47:24.776 | INFO     | src.models.evaluation:evaluate_tsb_ad_nonoverlapping:83 - {'AUC-PR': 0.05333149784869152, 'AUC-ROC': 0.3930130918142798, 'VUS-PR': np.float64(0.1298230746011826), 'VUS-ROC': np.float64(0.6065936933733249), 'Standard-F1': np.float64(0.11188053576332387), 'PA-F1': 0.34664861205145564, 'Event-based-F1': np.float64(0.18952618453865297), 'R-based-F1': 0.12317415651383927, 'Affiliation-F': 0.6728717546094254}
2026-02-08 11:47:24.930 | INFO     | src.pipelines.train_vision_backbones:run_pipeline:170 - Train images: 102
2026-02-08 11:47:24.930 | INFO     | src.pipelines.train_vision_backbones:run_pipeline:171 - Test images: 560
2026-02-08 11:47:25.878 | INFO     | src.pipelines.train_vision_backbones:run_pipeline:176 - Training pvt_autoencoder_progressive_unfreeze on MWT
2026-02-08 11:47:25.901 | INFO     | src.models.pvt_autoencoder.training:train_pvt_autoencoder_progressive_unfreeze:132 - Device: cuda | Model on: cuda:0
2026-02-08 11:48:03.070 | INFO     | src.pipelines.train_vision_backbones:run_pipeline:193 - Evaluating pvt_autoencoder_progressive_unfreeze on MWT
2026-02-08 11:48:03.413 | INFO     | src.models.evaluation:evaluate_tsb_ad_nonoverlapping:65 - Normal (15299) reconstruction error: mean=0.0603, std=0.1001
2026-02-08 11:48:03.413 | INFO     | src.models.evaluation:evaluate_tsb_ad_nonoverlapping:66 - Anomaly (960) reconstruction error: mean=0.0420, std=0.1514
2026-02-08 11:48:03.413 | INFO     | src.models.evaluation:evaluate_tsb_ad_nonoverlapping:67 - Overlap? Normal max=1.0000, Anomaly min=0.0000
2026-02-08 11:48:09.688 | INFO     | src.models.evaluation:evaluate_tsb_ad_nonoverlapping:83 - {'AUC-PR': 0.04535787176279748, 'AUC-ROC': 0.24488079286227857, 'VUS-PR': np.float64(0.12609787828614347), 'VUS-ROC': np.float64(0.4914253549921013), 'Standard-F1': np.float64(0.11150368027275825), 'PA-F1': 0.3608174770965469, 'Event-based-F1': np.float64(0.2358490566037731), 'R-based-F1': 0.17254194703494083, 'Affiliation-F': 0.6704363984194548}
2026-02-08 11:48:09.847 | INFO     | src.pipelines.train_vision_backbones:run_pipeline:170 - Train images: 102
2026-02-08 11:48:09.848 | INFO     | src.pipelines.train_vision_backbones:run_pipeline:171 - Test images: 560
2026-02-08 11:48:10.787 | INFO     | src.pipelines.train_vision_backbones:run_pipeline:176 - Training pvt_autoencoder_differential_lr on MWT
2026-02-08 11:48:10.810 | INFO     | src.models.pvt_autoencoder.training:train_pvt_autoencoder_differential_lr:267 - Device: cuda | Model on: cuda:0
2026-02-08 11:48:50.399 | INFO     | src.pipelines.train_vision_backbones:run_pipeline:193 - Evaluating pvt_autoencoder_differential_lr on MWT
2026-02-08 11:48:59.226 | INFO     | src.models.evaluation:evaluate_tsb_ad_nonoverlapping:65 - Normal (15299) reconstruction error: mean=0.0533, std=0.0850
2026-02-08 11:48:59.226 | INFO     | src.models.evaluation:evaluate_tsb_ad_nonoverlapping:66 - Anomaly (960) reconstruction error: mean=0.0369, std=0.1416
2026-02-08 11:48:59.226 | INFO     | src.models.evaluation:evaluate_tsb_ad_nonoverlapping:67 - Overlap? Normal max=1.0000, Anomaly min=0.0000
2026-02-08 11:49:05.439 | INFO     | src.models.evaluation:evaluate_tsb_ad_nonoverlapping:83 - {'AUC-PR': 0.04631738359355982, 'AUC-ROC': 0.21633501372638733, 'VUS-PR': np.float64(0.11518762417664904), 'VUS-ROC': np.float64(0.46350984634948633), 'Standard-F1': np.float64(0.11150368027275825), 'PA-F1': 0.3398831651619756, 'Event-based-F1': np.float64(0.18952618453865297), 'R-based-F1': 0.17254194703494083, 'Affiliation-F': 0.6704363984194548}
2026-02-08 11:49:05.773 | INFO     | src.pipelines.train_vision_backbones:run_pipeline:70 - Using zip: /net/scratch/hscra/plgrid/plgsmendowski12/ts2i_images/SED/234_SED_id_1_Medical_tr_3740_1st_3840_ts2i_SPIRAL.zip for transformation SPIRAL
2026-02-08 11:49:06.542 | INFO     | src.pipelines.train_vision_backbones:run_pipeline:170 - Train images: 102
2026-02-08 11:49:06.542 | INFO     | src.pipelines.train_vision_backbones:run_pipeline:171 - Test images: 560
2026-02-08 11:49:06.549 | INFO     | src.pipelines.train_vision_backbones:run_pipeline:176 - Training cnn_autoencoder on SPIRAL
2026-02-08 11:49:06.553 | INFO     | src.models.cnn_autoencoder.training:train_autoencoder:22 - Device: cuda | Model on: cuda:0
2026-02-08 11:49:35.476 | INFO     | src.pipelines.train_vision_backbones:run_pipeline:193 - Evaluating cnn_autoencoder on SPIRAL
2026-02-08 11:49:35.902 | INFO     | src.models.evaluation:evaluate_tsb_ad_nonoverlapping:65 - Normal (15299) reconstruction error: mean=0.3305, std=0.1719
2026-02-08 11:49:35.902 | INFO     | src.models.evaluation:evaluate_tsb_ad_nonoverlapping:66 - Anomaly (960) reconstruction error: mean=0.1262, std=0.2009
2026-02-08 11:49:35.902 | INFO     | src.models.evaluation:evaluate_tsb_ad_nonoverlapping:67 - Overlap? Normal max=1.0000, Anomaly min=0.0000
2026-02-08 11:49:43.681 | INFO     | src.models.evaluation:evaluate_tsb_ad_nonoverlapping:83 - {'AUC-PR': 0.05508909507819129, 'AUC-ROC': 0.21605132824585485, 'VUS-PR': np.float64(0.11843089930233244), 'VUS-ROC': np.float64(0.440322775778902), 'Standard-F1': np.float64(0.11150368027275825), 'PA-F1': 0.4172099087353325, 'Event-based-F1': np.float64(0.25291828793774274), 'R-based-F1': 0.15170415677437527, 'Affiliation-F': 0.6733686272410287}
2026-02-08 11:49:43.846 | INFO     | src.pipelines.train_vision_backbones:run_pipeline:170 - Train images: 102
2026-02-08 11:49:43.847 | INFO     | src.pipelines.train_vision_backbones:run_pipeline:171 - Test images: 560
2026-02-08 11:49:44.066 | INFO     | src.pipelines.train_vision_backbones:run_pipeline:176 - Training resnet18_autoencoder_frozen on SPIRAL
2026-02-08 11:49:44.080 | INFO     | src.models.resnet18_autoencoder.training:train_autoencoder_frozen:25 - Device: cuda | Model on: cuda:0
2026-02-08 11:50:11.511 | INFO     | src.pipelines.train_vision_backbones:run_pipeline:193 - Evaluating resnet18_autoencoder_frozen on SPIRAL
2026-02-08 11:50:11.992 | INFO     | src.models.evaluation:evaluate_tsb_ad_nonoverlapping:65 - Normal (15299) reconstruction error: mean=0.0515, std=0.0667
2026-02-08 11:50:11.992 | INFO     | src.models.evaluation:evaluate_tsb_ad_nonoverlapping:66 - Anomaly (960) reconstruction error: mean=0.0900, std=0.1358
2026-02-08 11:50:11.992 | INFO     | src.models.evaluation:evaluate_tsb_ad_nonoverlapping:67 - Overlap? Normal max=1.0000, Anomaly min=0.0003
2026-02-08 11:50:18.263 | INFO     | src.models.evaluation:evaluate_tsb_ad_nonoverlapping:83 - {'AUC-PR': 0.1216926514795042, 'AUC-ROC': 0.5522627091639976, 'VUS-PR': np.float64(0.21283947806655412), 'VUS-ROC': np.float64(0.7173804839640281), 'Standard-F1': np.float64(0.241897645520837), 'PA-F1': 0.48831664282308057, 'Event-based-F1': np.float64(0.3498888065233502), 'R-based-F1': 0.24136460652229197, 'Affiliation-F': 0.7178182641584826}
2026-02-08 11:50:18.421 | INFO     | src.pipelines.train_vision_backbones:run_pipeline:170 - Train images: 102
2026-02-08 11:50:18.421 | INFO     | src.pipelines.train_vision_backbones:run_pipeline:171 - Test images: 560
2026-02-08 11:50:18.639 | INFO     | src.pipelines.train_vision_backbones:run_pipeline:176 - Training resnet18_autoencoder_progressive_unfreeze on SPIRAL
2026-02-08 11:50:18.653 | INFO     | src.models.resnet18_autoencoder.training:train_autoencoder_progressive_unfreeze:133 - Device: cuda | Model on: cuda:0
2026-02-08 11:50:50.401 | INFO     | src.pipelines.train_vision_backbones:run_pipeline:193 - Evaluating resnet18_autoencoder_progressive_unfreeze on SPIRAL
2026-02-08 11:50:50.863 | INFO     | src.models.evaluation:evaluate_tsb_ad_nonoverlapping:65 - Normal (15299) reconstruction error: mean=0.0511, std=0.0632
2026-02-08 11:50:50.863 | INFO     | src.models.evaluation:evaluate_tsb_ad_nonoverlapping:66 - Anomaly (960) reconstruction error: mean=0.0431, std=0.0998
2026-02-08 11:50:50.863 | INFO     | src.models.evaluation:evaluate_tsb_ad_nonoverlapping:67 - Overlap? Normal max=1.0000, Anomaly min=0.0059
2026-02-08 11:50:57.096 | INFO     | src.models.evaluation:evaluate_tsb_ad_nonoverlapping:83 - {'AUC-PR': 0.05467095726972008, 'AUC-ROC': 0.32423446113035714, 'VUS-PR': np.float64(0.13415706004435368), 'VUS-ROC': np.float64(0.5265580254139347), 'Standard-F1': np.float64(0.12382645825834536), 'PA-F1': 0.43956043956043955, 'Event-based-F1': np.float64(0.2799999999999995), 'R-based-F1': 0.15424497731691514, 'Affiliation-F': 0.6733911278093202}
2026-02-08 11:50:57.255 | INFO     | src.pipelines.train_vision_backbones:run_pipeline:170 - Train images: 102
2026-02-08 11:50:57.255 | INFO     | src.pipelines.train_vision_backbones:run_pipeline:171 - Test images: 560
2026-02-08 11:50:57.474 | INFO     | src.pipelines.train_vision_backbones:run_pipeline:176 - Training resnet18_autoencoder_differential_lr on SPIRAL
2026-02-08 11:50:57.488 | INFO     | src.models.resnet18_autoencoder.training:train_autoencoder_differential_lr:271 - Device: cuda | Model on: cuda:0
2026-02-08 11:51:25.022 | INFO     | src.pipelines.train_vision_backbones:run_pipeline:193 - Evaluating resnet18_autoencoder_differential_lr on SPIRAL
2026-02-08 11:51:25.407 | INFO     | src.models.evaluation:evaluate_tsb_ad_nonoverlapping:65 - Normal (15299) reconstruction error: mean=0.1406, std=0.0929
2026-02-08 11:51:25.407 | INFO     | src.models.evaluation:evaluate_tsb_ad_nonoverlapping:66 - Anomaly (960) reconstruction error: mean=0.0707, std=0.1514
2026-02-08 11:51:25.407 | INFO     | src.models.evaluation:evaluate_tsb_ad_nonoverlapping:67 - Overlap? Normal max=1.0000, Anomaly min=0.0135
2026-02-08 11:51:32.155 | INFO     | src.models.evaluation:evaluate_tsb_ad_nonoverlapping:83 - {'AUC-PR': 0.05441946600014801, 'AUC-ROC': 0.2236399914482428, 'VUS-PR': np.float64(0.13236133847242978), 'VUS-ROC': np.float64(0.44043216880294944), 'Standard-F1': np.float64(0.11439358307670482), 'PA-F1': 0.4674945215485756, 'Event-based-F1': np.float64(0.35782747603833814), 'R-based-F1': 0.1752416014726185, 'Affiliation-F': 0.6741036030517344}
2026-02-08 11:51:32.312 | INFO     | src.pipelines.train_vision_backbones:run_pipeline:170 - Train images: 102
2026-02-08 11:51:32.313 | INFO     | src.pipelines.train_vision_backbones:run_pipeline:171 - Test images: 560
2026-02-08 11:51:33.262 | INFO     | src.pipelines.train_vision_backbones:run_pipeline:176 - Training pvt_autoencoder_frozen on SPIRAL
2026-02-08 11:51:33.286 | INFO     | src.models.pvt_autoencoder.training:train_pvt_autoencoder_frozen:24 - Device: cuda | Model on: cuda:0
2026-02-08 11:52:04.414 | INFO     | src.pipelines.train_vision_backbones:run_pipeline:193 - Evaluating pvt_autoencoder_frozen on SPIRAL
2026-02-08 11:52:04.730 | INFO     | src.models.evaluation:evaluate_tsb_ad_nonoverlapping:65 - Normal (15299) reconstruction error: mean=0.0369, std=0.0451
2026-02-08 11:52:04.730 | INFO     | src.models.evaluation:evaluate_tsb_ad_nonoverlapping:66 - Anomaly (960) reconstruction error: mean=0.2670, std=0.2930
2026-02-08 11:52:04.730 | INFO     | src.models.evaluation:evaluate_tsb_ad_nonoverlapping:67 - Overlap? Normal max=0.7023, Anomaly min=0.0020
2026-02-08 11:52:10.973 | INFO     | src.models.evaluation:evaluate_tsb_ad_nonoverlapping:83 - {'AUC-PR': 0.5299601390253289, 'AUC-ROC': 0.7689555894176089, 'VUS-PR': np.float64(0.6421343656239379), 'VUS-ROC': np.float64(0.9183019410769676), 'Standard-F1': np.float64(0.5774667321651735), 'PA-F1': 0.7696933253156946, 'Event-based-F1': np.float64(0.7350096711798834), 'R-based-F1': 0.5241718702035186, 'Affiliation-F': 0.882768878199871}
2026-02-08 11:52:11.128 | INFO     | src.pipelines.train_vision_backbones:run_pipeline:170 - Train images: 102
2026-02-08 11:52:11.128 | INFO     | src.pipelines.train_vision_backbones:run_pipeline:171 - Test images: 560
2026-02-08 11:52:12.088 | INFO     | src.pipelines.train_vision_backbones:run_pipeline:176 - Training pvt_autoencoder_progressive_unfreeze on SPIRAL
2026-02-08 11:52:12.112 | INFO     | src.models.pvt_autoencoder.training:train_pvt_autoencoder_progressive_unfreeze:132 - Device: cuda | Model on: cuda:0
2026-02-08 11:52:54.021 | INFO     | src.pipelines.train_vision_backbones:run_pipeline:193 - Evaluating pvt_autoencoder_progressive_unfreeze on SPIRAL
2026-02-08 11:52:54.341 | INFO     | src.models.evaluation:evaluate_tsb_ad_nonoverlapping:65 - Normal (15299) reconstruction error: mean=0.0868, std=0.0738
2026-02-08 11:52:54.341 | INFO     | src.models.evaluation:evaluate_tsb_ad_nonoverlapping:66 - Anomaly (960) reconstruction error: mean=0.0853, std=0.1458
2026-02-08 11:52:54.341 | INFO     | src.models.evaluation:evaluate_tsb_ad_nonoverlapping:67 - Overlap? Normal max=1.0000, Anomaly min=0.0044
2026-02-08 11:53:00.761 | INFO     | src.models.evaluation:evaluate_tsb_ad_nonoverlapping:83 - {'AUC-PR': 0.09528646407876983, 'AUC-ROC': 0.3687844180992222, 'VUS-PR': np.float64(0.16370508719449375), 'VUS-ROC': np.float64(0.5425014536576647), 'Standard-F1': np.float64(0.18836682710592176), 'PA-F1': 0.4488078541374474, 'Event-based-F1': np.float64(0.3795379537953791), 'R-based-F1': 0.21371918472138537, 'Affiliation-F': 0.6733911278093202}
2026-02-08 11:53:00.920 | INFO     | src.pipelines.train_vision_backbones:run_pipeline:170 - Train images: 102
2026-02-08 11:53:00.920 | INFO     | src.pipelines.train_vision_backbones:run_pipeline:171 - Test images: 560
2026-02-08 11:53:01.865 | INFO     | src.pipelines.train_vision_backbones:run_pipeline:176 - Training pvt_autoencoder_differential_lr on SPIRAL
2026-02-08 11:53:01.888 | INFO     | src.models.pvt_autoencoder.training:train_pvt_autoencoder_differential_lr:267 - Device: cuda | Model on: cuda:0
2026-02-08 11:53:30.015 | INFO     | src.pipelines.train_vision_backbones:run_pipeline:193 - Evaluating pvt_autoencoder_differential_lr on SPIRAL
2026-02-08 11:53:30.338 | INFO     | src.models.evaluation:evaluate_tsb_ad_nonoverlapping:65 - Normal (15299) reconstruction error: mean=0.0880, std=0.0737
2026-02-08 11:53:30.338 | INFO     | src.models.evaluation:evaluate_tsb_ad_nonoverlapping:66 - Anomaly (960) reconstruction error: mean=0.0418, std=0.1061
2026-02-08 11:53:30.339 | INFO     | src.models.evaluation:evaluate_tsb_ad_nonoverlapping:67 - Overlap? Normal max=1.0000, Anomaly min=0.0067
2026-02-08 11:53:36.784 | INFO     | src.models.evaluation:evaluate_tsb_ad_nonoverlapping:83 - {'AUC-PR': 0.04157187203908064, 'AUC-ROC': 0.2221148372987341, 'VUS-PR': np.float64(0.0919852466928422), 'VUS-ROC': np.float64(0.4244088822645159), 'Standard-F1': np.float64(0.11934146355886929), 'PA-F1': 0.3022432113341204, 'Event-based-F1': np.float64(0.15658362989323793), 'R-based-F1': 0.09209645982148913, 'Affiliation-F': 0.6733911278093202}
2026-02-08 11:53:37.171 | INFO     | src.pipelines.train_vision_backbones:run_pipeline:70 - Using zip: /net/scratch/hscra/plgrid/plgsmendowski12/ts2i_images/SED/236_SED_id_3_Medical_tr_3740_1st_3840_ts2i_RN.zip for transformation RN
2026-02-08 11:53:38.743 | INFO     | src.pipelines.train_vision_backbones:run_pipeline:170 - Train images: 102
2026-02-08 11:53:38.743 | INFO     | src.pipelines.train_vision_backbones:run_pipeline:171 - Test images: 1250
2026-02-08 11:53:38.749 | INFO     | src.pipelines.train_vision_backbones:run_pipeline:176 - Training cnn_autoencoder on RN
2026-02-08 11:53:38.754 | INFO     | src.models.cnn_autoencoder.training:train_autoencoder:22 - Device: cuda | Model on: cuda:0
2026-02-08 11:54:08.165 | INFO     | src.pipelines.train_vision_backbones:run_pipeline:193 - Evaluating cnn_autoencoder on RN
2026-02-08 11:54:09.441 | INFO     | src.models.evaluation:evaluate_tsb_ad_nonoverlapping:65 - Normal (34787) reconstruction error: mean=0.8632, std=0.3129
2026-02-08 11:54:09.441 | INFO     | src.models.evaluation:evaluate_tsb_ad_nonoverlapping:66 - Anomaly (1472) reconstruction error: mean=0.8075, std=0.3690
2026-02-08 11:54:09.441 | INFO     | src.models.evaluation:evaluate_tsb_ad_nonoverlapping:67 - Overlap? Normal max=1.0000, Anomaly min=0.0000
2026-02-08 11:54:28.813 | INFO     | src.models.evaluation:evaluate_tsb_ad_nonoverlapping:83 - {'AUC-PR': 0.038730709375216735, 'AUC-ROC': 0.452780971168015, 'VUS-PR': np.float64(0.07349552247019311), 'VUS-ROC': np.float64(0.5007559569538235), 'Standard-F1': np.float64(0.08270034114489368), 'PA-F1': 0.15564675482596138, 'Event-based-F1': np.float64(0.0786269777420219), 'R-based-F1': 0.1720123873689208, 'Affiliation-F': 0.67165843161321}
2026-02-08 11:54:28.970 | INFO     | src.pipelines.train_vision_backbones:run_pipeline:170 - Train images: 102
2026-02-08 11:54:28.970 | INFO     | src.pipelines.train_vision_backbones:run_pipeline:171 - Test images: 1250
2026-02-08 11:54:29.189 | INFO     | src.pipelines.train_vision_backbones:run_pipeline:176 - Training resnet18_autoencoder_frozen on RN
2026-02-08 11:54:29.203 | INFO     | src.models.resnet18_autoencoder.training:train_autoencoder_frozen:25 - Device: cuda | Model on: cuda:0
2026-02-08 11:55:02.528 | INFO     | src.pipelines.train_vision_backbones:run_pipeline:193 - Evaluating resnet18_autoencoder_frozen on RN
2026-02-08 11:55:03.624 | INFO     | src.models.evaluation:evaluate_tsb_ad_nonoverlapping:65 - Normal (34787) reconstruction error: mean=0.8073, std=0.2948
2026-02-08 11:55:03.624 | INFO     | src.models.evaluation:evaluate_tsb_ad_nonoverlapping:66 - Anomaly (1472) reconstruction error: mean=0.7521, std=0.3448
2026-02-08 11:55:03.624 | INFO     | src.models.evaluation:evaluate_tsb_ad_nonoverlapping:67 - Overlap? Normal max=1.0000, Anomaly min=0.0000
2026-02-08 11:55:22.453 | INFO     | src.models.evaluation:evaluate_tsb_ad_nonoverlapping:83 - {'AUC-PR': 0.034409104944185684, 'AUC-ROC': 0.43897181613633784, 'VUS-PR': np.float64(0.06594427085010315), 'VUS-ROC': np.float64(0.517103645512362), 'Standard-F1': np.float64(0.07985251213768194), 'PA-F1': 0.12709971038477452, 'Event-based-F1': np.float64(0.07874403880252005), 'R-based-F1': 0.1053280659052361, 'Affiliation-F': 0.6758606962455814}
2026-02-08 11:55:22.609 | INFO     | src.pipelines.train_vision_backbones:run_pipeline:170 - Train images: 102
2026-02-08 11:55:22.609 | INFO     | src.pipelines.train_vision_backbones:run_pipeline:171 - Test images: 1250
2026-02-08 11:55:22.824 | INFO     | src.pipelines.train_vision_backbones:run_pipeline:176 - Training resnet18_autoencoder_progressive_unfreeze on RN
2026-02-08 11:55:22.837 | INFO     | src.models.resnet18_autoencoder.training:train_autoencoder_progressive_unfreeze:133 - Device: cuda | Model on: cuda:0
2026-02-08 11:56:11.072 | INFO     | src.pipelines.train_vision_backbones:run_pipeline:193 - Evaluating resnet18_autoencoder_progressive_unfreeze on RN
2026-02-08 11:56:12.456 | INFO     | src.models.evaluation:evaluate_tsb_ad_nonoverlapping:65 - Normal (34787) reconstruction error: mean=0.7699, std=0.2820
2026-02-08 11:56:12.457 | INFO     | src.models.evaluation:evaluate_tsb_ad_nonoverlapping:66 - Anomaly (1472) reconstruction error: mean=0.7244, std=0.3329
2026-02-08 11:56:12.457 | INFO     | src.models.evaluation:evaluate_tsb_ad_nonoverlapping:67 - Overlap? Normal max=1.0000, Anomaly min=0.0000
2026-02-08 11:56:30.859 | INFO     | src.models.evaluation:evaluate_tsb_ad_nonoverlapping:83 - {'AUC-PR': 0.045525168486340764, 'AUC-ROC': 0.5120171058872567, 'VUS-PR': np.float64(0.08223952983951725), 'VUS-ROC': np.float64(0.5631199190513501), 'Standard-F1': np.float64(0.09602604338421664), 'PA-F1': 0.16192283364958887, 'Event-based-F1': np.float64(0.09303989980318467), 'R-based-F1': 0.1053280659052361, 'Affiliation-F': 0.6758606962455814}
2026-02-08 11:56:31.023 | INFO     | src.pipelines.train_vision_backbones:run_pipeline:170 - Train images: 102
2026-02-08 11:56:31.023 | INFO     | src.pipelines.train_vision_backbones:run_pipeline:171 - Test images: 1250
2026-02-08 11:56:31.239 | INFO     | src.pipelines.train_vision_backbones:run_pipeline:176 - Training resnet18_autoencoder_differential_lr on RN
2026-02-08 11:56:31.253 | INFO     | src.models.resnet18_autoencoder.training:train_autoencoder_differential_lr:271 - Device: cuda | Model on: cuda:0
2026-02-08 11:57:04.776 | INFO     | src.pipelines.train_vision_backbones:run_pipeline:193 - Evaluating resnet18_autoencoder_differential_lr on RN
2026-02-08 11:57:05.855 | INFO     | src.models.evaluation:evaluate_tsb_ad_nonoverlapping:65 - Normal (34787) reconstruction error: mean=0.8196, std=0.2992
2026-02-08 11:57:05.855 | INFO     | src.models.evaluation:evaluate_tsb_ad_nonoverlapping:66 - Anomaly (1472) reconstruction error: mean=0.7693, std=0.3531
2026-02-08 11:57:05.855 | INFO     | src.models.evaluation:evaluate_tsb_ad_nonoverlapping:67 - Overlap? Normal max=1.0000, Anomaly min=0.0000
2026-02-08 11:57:24.793 | INFO     | src.models.evaluation:evaluate_tsb_ad_nonoverlapping:83 - {'AUC-PR': 0.04205397495111894, 'AUC-ROC': 0.49807663930866225, 'VUS-PR': np.float64(0.07407889490802544), 'VUS-ROC': np.float64(0.5286204638430386), 'Standard-F1': np.float64(0.08494680052451473), 'PA-F1': 0.13720819437827536, 'Event-based-F1': np.float64(0.08245482110369909), 'R-based-F1': 0.1720123873689208, 'Affiliation-F': 0.67165843161321}
2026-02-08 11:57:24.954 | INFO     | src.pipelines.train_vision_backbones:run_pipeline:170 - Train images: 102
2026-02-08 11:57:24.954 | INFO     | src.pipelines.train_vision_backbones:run_pipeline:171 - Test images: 1250
2026-02-08 11:57:25.903 | INFO     | src.pipelines.train_vision_backbones:run_pipeline:176 - Training pvt_autoencoder_frozen on RN
2026-02-08 11:57:25.928 | INFO     | src.models.pvt_autoencoder.training:train_pvt_autoencoder_frozen:24 - Device: cuda | Model on: cuda:0
2026-02-08 11:58:02.820 | INFO     | src.pipelines.train_vision_backbones:run_pipeline:193 - Evaluating pvt_autoencoder_frozen on RN
2026-02-08 11:58:04.005 | INFO     | src.models.evaluation:evaluate_tsb_ad_nonoverlapping:65 - Normal (34787) reconstruction error: mean=0.7354, std=0.2701
2026-02-08 11:58:04.005 | INFO     | src.models.evaluation:evaluate_tsb_ad_nonoverlapping:66 - Anomaly (1472) reconstruction error: mean=0.6905, std=0.3181
2026-02-08 11:58:04.005 | INFO     | src.models.evaluation:evaluate_tsb_ad_nonoverlapping:67 - Overlap? Normal max=1.0000, Anomaly min=0.0000
2026-02-08 11:58:22.157 | INFO     | src.models.evaluation:evaluate_tsb_ad_nonoverlapping:83 - {'AUC-PR': 0.04338431811624027, 'AUC-ROC': 0.49486452530680497, 'VUS-PR': np.float64(0.08112926804966089), 'VUS-ROC': np.float64(0.5692814610785735), 'Standard-F1': np.float64(0.08407330947516069), 'PA-F1': 0.16333475116971502, 'Event-based-F1': np.float64(0.08390112261209394), 'R-based-F1': 0.1720123873689208, 'Affiliation-F': 0.67165843161321}
2026-02-08 11:58:22.314 | INFO     | src.pipelines.train_vision_backbones:run_pipeline:170 - Train images: 102
2026-02-08 11:58:22.314 | INFO     | src.pipelines.train_vision_backbones:run_pipeline:171 - Test images: 1250
2026-02-08 11:58:23.255 | INFO     | src.pipelines.train_vision_backbones:run_pipeline:176 - Training pvt_autoencoder_progressive_unfreeze on RN
2026-02-08 11:58:23.279 | INFO     | src.models.pvt_autoencoder.training:train_pvt_autoencoder_progressive_unfreeze:132 - Device: cuda | Model on: cuda:0
2026-02-08 11:59:19.325 | INFO     | src.pipelines.train_vision_backbones:run_pipeline:193 - Evaluating pvt_autoencoder_progressive_unfreeze on RN
2026-02-08 11:59:20.512 | INFO     | src.models.evaluation:evaluate_tsb_ad_nonoverlapping:65 - Normal (34787) reconstruction error: mean=0.7957, std=0.2917
2026-02-08 11:59:20.512 | INFO     | src.models.evaluation:evaluate_tsb_ad_nonoverlapping:66 - Anomaly (1472) reconstruction error: mean=0.7432, std=0.3417
2026-02-08 11:59:20.512 | INFO     | src.models.evaluation:evaluate_tsb_ad_nonoverlapping:67 - Overlap? Normal max=1.0000, Anomaly min=0.0000
2026-02-08 11:59:39.145 | INFO     | src.models.evaluation:evaluate_tsb_ad_nonoverlapping:83 - {'AUC-PR': 0.037581288147175075, 'AUC-ROC': 0.457691269211637, 'VUS-PR': np.float64(0.06653101738368306), 'VUS-ROC': np.float64(0.523514101480184), 'Standard-F1': np.float64(0.07985251213768194), 'PA-F1': 0.12225405921680993, 'Event-based-F1': np.float64(0.07894957525136892), 'R-based-F1': 0.1720123873689208, 'Affiliation-F': 0.67165843161321}
2026-02-08 11:59:39.306 | INFO     | src.pipelines.train_vision_backbones:run_pipeline:170 - Train images: 102
2026-02-08 11:59:39.306 | INFO     | src.pipelines.train_vision_backbones:run_pipeline:171 - Test images: 1250
2026-02-08 11:59:40.261 | INFO     | src.pipelines.train_vision_backbones:run_pipeline:176 - Training pvt_autoencoder_differential_lr on RN
2026-02-08 11:59:40.285 | INFO     | src.models.pvt_autoencoder.training:train_pvt_autoencoder_differential_lr:267 - Device: cuda | Model on: cuda:0
2026-02-08 12:00:20.151 | INFO     | src.pipelines.train_vision_backbones:run_pipeline:193 - Evaluating pvt_autoencoder_differential_lr on RN
2026-02-08 12:00:21.350 | INFO     | src.models.evaluation:evaluate_tsb_ad_nonoverlapping:65 - Normal (34787) reconstruction error: mean=0.7784, std=0.2856
2026-02-08 12:00:21.351 | INFO     | src.models.evaluation:evaluate_tsb_ad_nonoverlapping:66 - Anomaly (1472) reconstruction error: mean=0.7290, std=0.3366
2026-02-08 12:00:21.351 | INFO     | src.models.evaluation:evaluate_tsb_ad_nonoverlapping:67 - Overlap? Normal max=1.0000, Anomaly min=0.0000
2026-02-08 12:00:40.017 | INFO     | src.models.evaluation:evaluate_tsb_ad_nonoverlapping:83 - {'AUC-PR': 0.04265258845356124, 'AUC-ROC': 0.46435265477420984, 'VUS-PR': np.float64(0.0745360640314442), 'VUS-ROC': np.float64(0.523577820158972), 'Standard-F1': np.float64(0.08102307925786899), 'PA-F1': 0.17450579413769599, 'Event-based-F1': np.float64(0.10564225690276069), 'R-based-F1': 0.1053280659052361, 'Affiliation-F': 0.6758606962455814}
2026-02-08 12:00:40.498 | INFO     | src.pipelines.train_vision_backbones:run_pipeline:70 - Using zip: /net/scratch/hscra/plgrid/plgsmendowski12/ts2i_images/SED/236_SED_id_3_Medical_tr_3740_1st_3840_ts2i_LP.zip for transformation LP
2026-02-08 12:00:42.068 | INFO     | src.pipelines.train_vision_backbones:run_pipeline:170 - Train images: 102
2026-02-08 12:00:42.068 | INFO     | src.pipelines.train_vision_backbones:run_pipeline:171 - Test images: 1250
2026-02-08 12:00:42.075 | INFO     | src.pipelines.train_vision_backbones:run_pipeline:176 - Training cnn_autoencoder on LP
2026-02-08 12:00:42.080 | INFO     | src.models.cnn_autoencoder.training:train_autoencoder:22 - Device: cuda | Model on: cuda:0
2026-02-08 12:01:11.012 | INFO     | src.pipelines.train_vision_backbones:run_pipeline:193 - Evaluating cnn_autoencoder on LP
2026-02-08 12:01:11.944 | INFO     | src.models.evaluation:evaluate_tsb_ad_nonoverlapping:65 - Normal (34787) reconstruction error: mean=0.3072, std=0.1421
2026-02-08 12:01:11.944 | INFO     | src.models.evaluation:evaluate_tsb_ad_nonoverlapping:66 - Anomaly (1472) reconstruction error: mean=0.4077, std=0.2754
2026-02-08 12:01:11.944 | INFO     | src.models.evaluation:evaluate_tsb_ad_nonoverlapping:67 - Overlap? Normal max=1.0000, Anomaly min=0.0000
2026-02-08 12:01:25.789 | INFO     | src.models.evaluation:evaluate_tsb_ad_nonoverlapping:83 - {'AUC-PR': 0.2915298096135606, 'AUC-ROC': 0.5931062238548633, 'VUS-PR': np.float64(0.3844094933567086), 'VUS-ROC': np.float64(0.7761153688137443), 'Standard-F1': np.float64(0.39919372774008843), 'PA-F1': 0.7816793893129771, 'Event-based-F1': np.float64(0.7275219924597275), 'R-based-F1': 0.47592227118290625, 'Affiliation-F': 0.7990320714050644}
2026-02-08 12:01:25.945 | INFO     | src.pipelines.train_vision_backbones:run_pipeline:170 - Train images: 102
2026-02-08 12:01:25.945 | INFO     | src.pipelines.train_vision_backbones:run_pipeline:171 - Test images: 1250
2026-02-08 12:01:26.162 | INFO     | src.pipelines.train_vision_backbones:run_pipeline:176 - Training resnet18_autoencoder_frozen on LP
2026-02-08 12:01:26.176 | INFO     | src.models.resnet18_autoencoder.training:train_autoencoder_frozen:25 - Device: cuda | Model on: cuda:0
2026-02-08 12:01:55.981 | INFO     | src.pipelines.train_vision_backbones:run_pipeline:193 - Evaluating resnet18_autoencoder_frozen on LP
2026-02-08 12:01:56.996 | INFO     | src.models.evaluation:evaluate_tsb_ad_nonoverlapping:65 - Normal (34787) reconstruction error: mean=0.3597, std=0.1797
2026-02-08 12:01:56.996 | INFO     | src.models.evaluation:evaluate_tsb_ad_nonoverlapping:66 - Anomaly (1472) reconstruction error: mean=0.4373, std=0.2286
2026-02-08 12:01:56.997 | INFO     | src.models.evaluation:evaluate_tsb_ad_nonoverlapping:67 - Overlap? Normal max=1.0000, Anomaly min=0.0000
2026-02-08 12:02:11.626 | INFO     | src.models.evaluation:evaluate_tsb_ad_nonoverlapping:83 - {'AUC-PR': 0.09670360421115182, 'AUC-ROC': 0.6264113354907692, 'VUS-PR': np.float64(0.18268279648076288), 'VUS-ROC': np.float64(0.7939407715095057), 'Standard-F1': np.float64(0.18814841561805037), 'PA-F1': 0.4241651797094061, 'Event-based-F1': np.float64(0.2748414376321348), 'R-based-F1': 0.18105258528755347, 'Affiliation-F': 0.7318664681244966}
2026-02-08 12:02:11.783 | INFO     | src.pipelines.train_vision_backbones:run_pipeline:170 - Train images: 102
2026-02-08 12:02:11.783 | INFO     | src.pipelines.train_vision_backbones:run_pipeline:171 - Test images: 1250
2026-02-08 12:02:12.000 | INFO     | src.pipelines.train_vision_backbones:run_pipeline:176 - Training resnet18_autoencoder_progressive_unfreeze on LP
2026-02-08 12:02:12.015 | INFO     | src.models.resnet18_autoencoder.training:train_autoencoder_progressive_unfreeze:133 - Device: cuda | Model on: cuda:0
2026-02-08 12:02:50.069 | INFO     | src.pipelines.train_vision_backbones:run_pipeline:193 - Evaluating resnet18_autoencoder_progressive_unfreeze on LP
2026-02-08 12:02:51.061 | INFO     | src.models.evaluation:evaluate_tsb_ad_nonoverlapping:65 - Normal (34787) reconstruction error: mean=0.3263, std=0.1791
2026-02-08 12:02:51.061 | INFO     | src.models.evaluation:evaluate_tsb_ad_nonoverlapping:66 - Anomaly (1472) reconstruction error: mean=0.4783, std=0.3023
2026-02-08 12:02:51.061 | INFO     | src.models.evaluation:evaluate_tsb_ad_nonoverlapping:67 - Overlap? Normal max=1.0000, Anomaly min=0.0000
2026-02-08 12:03:05.148 | INFO     | src.models.evaluation:evaluate_tsb_ad_nonoverlapping:83 - {'AUC-PR': 0.24917974883682165, 'AUC-ROC': 0.639958218946733, 'VUS-PR': np.float64(0.32310894049525196), 'VUS-ROC': np.float64(0.8138310954417095), 'Standard-F1': np.float64(0.32220837698937405), 'PA-F1': 0.6907936507936508, 'Event-based-F1': np.float64(0.5857165681418751), 'R-based-F1': 0.3760464164001889, 'Affiliation-F': 0.8170064844927096}
2026-02-08 12:03:05.306 | INFO     | src.pipelines.train_vision_backbones:run_pipeline:170 - Train images: 102
2026-02-08 12:03:05.306 | INFO     | src.pipelines.train_vision_backbones:run_pipeline:171 - Test images: 1250
2026-02-08 12:03:05.522 | INFO     | src.pipelines.train_vision_backbones:run_pipeline:176 - Training resnet18_autoencoder_differential_lr on LP
2026-02-08 12:03:05.535 | INFO     | src.models.resnet18_autoencoder.training:train_autoencoder_differential_lr:271 - Device: cuda | Model on: cuda:0
2026-02-08 12:03:37.924 | INFO     | src.pipelines.train_vision_backbones:run_pipeline:193 - Evaluating resnet18_autoencoder_differential_lr on LP
2026-02-08 12:03:38.744 | INFO     | src.models.evaluation:evaluate_tsb_ad_nonoverlapping:65 - Normal (34787) reconstruction error: mean=0.3879, std=0.1667
2026-02-08 12:03:38.744 | INFO     | src.models.evaluation:evaluate_tsb_ad_nonoverlapping:66 - Anomaly (1472) reconstruction error: mean=0.3844, std=0.2378
2026-02-08 12:03:38.744 | INFO     | src.models.evaluation:evaluate_tsb_ad_nonoverlapping:67 - Overlap? Normal max=1.0000, Anomaly min=0.0000
2026-02-08 12:03:53.748 | INFO     | src.models.evaluation:evaluate_tsb_ad_nonoverlapping:83 - {'AUC-PR': 0.10419004112985933, 'AUC-ROC': 0.504858868989665, 'VUS-PR': np.float64(0.20101654308740458), 'VUS-ROC': np.float64(0.7126669392123419), 'Standard-F1': np.float64(0.19147568016006788), 'PA-F1': 0.5099601593625498, 'Event-based-F1': np.float64(0.3815085158150847), 'R-based-F1': 0.2138397706896326, 'Affiliation-F': 0.7245110525405679}
2026-02-08 12:03:53.907 | INFO     | src.pipelines.train_vision_backbones:run_pipeline:170 - Train images: 102
2026-02-08 12:03:53.908 | INFO     | src.pipelines.train_vision_backbones:run_pipeline:171 - Test images: 1250
2026-02-08 12:03:54.850 | INFO     | src.pipelines.train_vision_backbones:run_pipeline:176 - Training pvt_autoencoder_frozen on LP
2026-02-08 12:03:54.874 | INFO     | src.models.pvt_autoencoder.training:train_pvt_autoencoder_frozen:24 - Device: cuda | Model on: cuda:0
2026-02-08 12:04:29.862 | INFO     | src.pipelines.train_vision_backbones:run_pipeline:193 - Evaluating pvt_autoencoder_frozen on LP
2026-02-08 12:04:30.551 | INFO     | src.models.evaluation:evaluate_tsb_ad_nonoverlapping:65 - Normal (34787) reconstruction error: mean=0.4091, std=0.1794
2026-02-08 12:04:30.551 | INFO     | src.models.evaluation:evaluate_tsb_ad_nonoverlapping:66 - Anomaly (1472) reconstruction error: mean=0.4315, std=0.2476
2026-02-08 12:04:30.551 | INFO     | src.models.evaluation:evaluate_tsb_ad_nonoverlapping:67 - Overlap? Normal max=1.0000, Anomaly min=0.0000
2026-02-08 12:04:45.747 | INFO     | src.models.evaluation:evaluate_tsb_ad_nonoverlapping:83 - {'AUC-PR': 0.09839747383235022, 'AUC-ROC': 0.5327130867696703, 'VUS-PR': np.float64(0.16245710035515845), 'VUS-ROC': np.float64(0.7176570519143721), 'Standard-F1': np.float64(0.1648935121229086), 'PA-F1': 0.4740740740740741, 'Event-based-F1': np.float64(0.3776709401709398), 'R-based-F1': 0.19709937843823683, 'Affiliation-F': 0.6864739405095241}
2026-02-08 12:04:45.903 | INFO     | src.pipelines.train_vision_backbones:run_pipeline:170 - Train images: 102
2026-02-08 12:04:45.903 | INFO     | src.pipelines.train_vision_backbones:run_pipeline:171 - Test images: 1250
2026-02-08 12:04:46.845 | INFO     | src.pipelines.train_vision_backbones:run_pipeline:176 - Training pvt_autoencoder_progressive_unfreeze on LP
2026-02-08 12:04:46.869 | INFO     | src.models.pvt_autoencoder.training:train_pvt_autoencoder_progressive_unfreeze:132 - Device: cuda | Model on: cuda:0
2026-02-08 12:05:25.488 | INFO     | src.pipelines.train_vision_backbones:run_pipeline:193 - Evaluating pvt_autoencoder_progressive_unfreeze on LP
2026-02-08 12:05:26.192 | INFO     | src.models.evaluation:evaluate_tsb_ad_nonoverlapping:65 - Normal (34787) reconstruction error: mean=0.3142, std=0.1553
2026-02-08 12:05:26.192 | INFO     | src.models.evaluation:evaluate_tsb_ad_nonoverlapping:66 - Anomaly (1472) reconstruction error: mean=0.4402, std=0.2755
2026-02-08 12:05:26.192 | INFO     | src.models.evaluation:evaluate_tsb_ad_nonoverlapping:67 - Overlap? Normal max=1.0000, Anomaly min=0.0000
2026-02-08 12:05:40.166 | INFO     | src.models.evaluation:evaluate_tsb_ad_nonoverlapping:83 - {'AUC-PR': 0.21269093600437655, 'AUC-ROC': 0.634488343112307, 'VUS-PR': np.float64(0.2924960152257861), 'VUS-ROC': np.float64(0.8161195907243484), 'Standard-F1': np.float64(0.2979555961762573), 'PA-F1': 0.6432160804020101, 'Event-based-F1': np.float64(0.5730149916712932), 'R-based-F1': 0.3531988683033677, 'Affiliation-F': 0.7798330770221388}
2026-02-08 12:05:40.330 | INFO     | src.pipelines.train_vision_backbones:run_pipeline:170 - Train images: 102
2026-02-08 12:05:40.330 | INFO     | src.pipelines.train_vision_backbones:run_pipeline:171 - Test images: 1250
2026-02-08 12:05:41.279 | INFO     | src.pipelines.train_vision_backbones:run_pipeline:176 - Training pvt_autoencoder_differential_lr on LP
2026-02-08 12:05:41.303 | INFO     | src.models.pvt_autoencoder.training:train_pvt_autoencoder_differential_lr:267 - Device: cuda | Model on: cuda:0
2026-02-08 12:06:19.018 | INFO     | src.pipelines.train_vision_backbones:run_pipeline:193 - Evaluating pvt_autoencoder_differential_lr on LP
2026-02-08 12:06:19.719 | INFO     | src.models.evaluation:evaluate_tsb_ad_nonoverlapping:65 - Normal (34787) reconstruction error: mean=0.4042, std=0.1807
2026-02-08 12:06:19.719 | INFO     | src.models.evaluation:evaluate_tsb_ad_nonoverlapping:66 - Anomaly (1472) reconstruction error: mean=0.4436, std=0.2734
2026-02-08 12:06:19.719 | INFO     | src.models.evaluation:evaluate_tsb_ad_nonoverlapping:67 - Overlap? Normal max=1.0000, Anomaly min=0.0000
2026-02-08 12:06:34.866 | INFO     | src.models.evaluation:evaluate_tsb_ad_nonoverlapping:83 - {'AUC-PR': 0.13539656351693724, 'AUC-ROC': 0.5435684350319522, 'VUS-PR': np.float64(0.19982765173474454), 'VUS-ROC': np.float64(0.7400960973220976), 'Standard-F1': np.float64(0.21767685188612523), 'PA-F1': 0.49159865578492556, 'Event-based-F1': np.float64(0.37495322439815343), 'R-based-F1': 0.2336123964430826, 'Affiliation-F': 0.7490097035626999}
2026-02-08 12:06:35.511 | INFO     | src.pipelines.train_vision_backbones:run_pipeline:70 - Using zip: /net/scratch/hscra/plgrid/plgsmendowski12/ts2i_images/SED/236_SED_id_3_Medical_tr_3740_1st_3840_ts2i_SG.zip for transformation SG
2026-02-08 12:06:37.042 | INFO     | src.pipelines.train_vision_backbones:run_pipeline:170 - Train images: 102
2026-02-08 12:06:37.042 | INFO     | src.pipelines.train_vision_backbones:run_pipeline:171 - Test images: 1250
2026-02-08 12:06:37.049 | INFO     | src.pipelines.train_vision_backbones:run_pipeline:176 - Training cnn_autoencoder on SG
2026-02-08 12:06:37.053 | INFO     | src.models.cnn_autoencoder.training:train_autoencoder:22 - Device: cuda | Model on: cuda:0
2026-02-08 12:07:05.025 | INFO     | src.pipelines.train_vision_backbones:run_pipeline:193 - Evaluating cnn_autoencoder on SG
2026-02-08 12:07:05.959 | INFO     | src.models.evaluation:evaluate_tsb_ad_nonoverlapping:65 - Normal (34787) reconstruction error: mean=0.1738, std=0.1305
2026-02-08 12:07:05.959 | INFO     | src.models.evaluation:evaluate_tsb_ad_nonoverlapping:66 - Anomaly (1472) reconstruction error: mean=0.1058, std=0.1316
2026-02-08 12:07:05.959 | INFO     | src.models.evaluation:evaluate_tsb_ad_nonoverlapping:67 - Overlap? Normal max=1.0000, Anomaly min=0.0000
2026-02-08 12:07:18.010 | INFO     | src.models.evaluation:evaluate_tsb_ad_nonoverlapping:83 - {'AUC-PR': 0.031340851900400035, 'AUC-ROC': 0.3073739088877529, 'VUS-PR': np.float64(0.06942078657149196), 'VUS-ROC': np.float64(0.5125592267691883), 'Standard-F1': np.float64(0.07828451975941711), 'PA-F1': 0.26848453067645517, 'Event-based-F1': np.float64(0.16332378223495658), 'R-based-F1': 0.16362557540048042, 'Affiliation-F': 0.670117321504327}
2026-02-08 12:07:18.165 | INFO     | src.pipelines.train_vision_backbones:run_pipeline:170 - Train images: 102
2026-02-08 12:07:18.165 | INFO     | src.pipelines.train_vision_backbones:run_pipeline:171 - Test images: 1250
2026-02-08 12:07:18.384 | INFO     | src.pipelines.train_vision_backbones:run_pipeline:176 - Training resnet18_autoencoder_frozen on SG
2026-02-08 12:07:18.397 | INFO     | src.models.resnet18_autoencoder.training:train_autoencoder_frozen:25 - Device: cuda | Model on: cuda:0
2026-02-08 12:07:21.889 | INFO     | src.pipelines.train_vision_backbones:run_pipeline:193 - Evaluating resnet18_autoencoder_frozen on SG
2026-02-08 12:07:22.923 | INFO     | src.models.evaluation:evaluate_tsb_ad_nonoverlapping:65 - Normal (34787) reconstruction error: mean=0.3834, std=0.2704
2026-02-08 12:07:22.923 | INFO     | src.models.evaluation:evaluate_tsb_ad_nonoverlapping:66 - Anomaly (1472) reconstruction error: mean=0.0502, std=0.1187
2026-02-08 12:07:22.923 | INFO     | src.models.evaluation:evaluate_tsb_ad_nonoverlapping:67 - Overlap? Normal max=1.0000, Anomaly min=0.0000
2026-02-08 12:07:38.576 | INFO     | src.models.evaluation:evaluate_tsb_ad_nonoverlapping:83 - {'AUC-PR': 0.023138396886616452, 'AUC-ROC': 0.1453236255485245, 'VUS-PR': np.float64(0.04227051224195743), 'VUS-ROC': np.float64(0.35986882145491095), 'Standard-F1': np.float64(0.07802527653163134), 'PA-F1': 0.07805912766803659, 'Event-based-F1': np.float64(0.07742312080447866), 'R-based-F1': 0.05162329808864497, 'Affiliation-F': 0.6704400494784104}
2026-02-08 12:07:38.730 | INFO     | src.pipelines.train_vision_backbones:run_pipeline:170 - Train images: 102
2026-02-08 12:07:38.730 | INFO     | src.pipelines.train_vision_backbones:run_pipeline:171 - Test images: 1250
2026-02-08 12:07:38.948 | INFO     | src.pipelines.train_vision_backbones:run_pipeline:176 - Training resnet18_autoencoder_progressive_unfreeze on SG
2026-02-08 12:07:38.962 | INFO     | src.models.resnet18_autoencoder.training:train_autoencoder_progressive_unfreeze:133 - Device: cuda | Model on: cuda:0
2026-02-08 12:07:58.622 | INFO     | src.pipelines.train_vision_backbones:run_pipeline:193 - Evaluating resnet18_autoencoder_progressive_unfreeze on SG
2026-02-08 12:07:59.903 | INFO     | src.models.evaluation:evaluate_tsb_ad_nonoverlapping:65 - Normal (34787) reconstruction error: mean=0.0540, std=0.0649
2026-02-08 12:07:59.904 | INFO     | src.models.evaluation:evaluate_tsb_ad_nonoverlapping:66 - Anomaly (1472) reconstruction error: mean=0.0390, std=0.1006
2026-02-08 12:07:59.904 | INFO     | src.models.evaluation:evaluate_tsb_ad_nonoverlapping:67 - Overlap? Normal max=1.0000, Anomaly min=0.0000
2026-02-08 12:08:10.327 | INFO     | src.models.evaluation:evaluate_tsb_ad_nonoverlapping:83 - {'AUC-PR': 0.035288898158817444, 'AUC-ROC': 0.27330908847757973, 'VUS-PR': np.float64(0.07793162170330088), 'VUS-ROC': np.float64(0.4806976778472297), 'Standard-F1': np.float64(0.07802527653163134), 'PA-F1': 0.35424354243542433, 'Event-based-F1': np.float64(0.2076124567474044), 'R-based-F1': 0.11464228704106807, 'Affiliation-F': 0.6706475354413238}
2026-02-08 12:08:10.487 | INFO     | src.pipelines.train_vision_backbones:run_pipeline:170 - Train images: 102
2026-02-08 12:08:10.487 | INFO     | src.pipelines.train_vision_backbones:run_pipeline:171 - Test images: 1250
2026-02-08 12:08:10.706 | INFO     | src.pipelines.train_vision_backbones:run_pipeline:176 - Training resnet18_autoencoder_differential_lr on SG
2026-02-08 12:08:10.720 | INFO     | src.models.resnet18_autoencoder.training:train_autoencoder_differential_lr:271 - Device: cuda | Model on: cuda:0
2026-02-08 12:08:30.739 | INFO     | src.pipelines.train_vision_backbones:run_pipeline:193 - Evaluating resnet18_autoencoder_differential_lr on SG
2026-02-08 12:08:31.577 | INFO     | src.models.evaluation:evaluate_tsb_ad_nonoverlapping:65 - Normal (34787) reconstruction error: mean=0.0700, std=0.0789
2026-02-08 12:08:31.577 | INFO     | src.models.evaluation:evaluate_tsb_ad_nonoverlapping:66 - Anomaly (1472) reconstruction error: mean=0.0476, std=0.1247
2026-02-08 12:08:31.577 | INFO     | src.models.evaluation:evaluate_tsb_ad_nonoverlapping:67 - Overlap? Normal max=1.0000, Anomaly min=0.0000
2026-02-08 12:08:42.246 | INFO     | src.models.evaluation:evaluate_tsb_ad_nonoverlapping:83 - {'AUC-PR': 0.0359572024574782, 'AUC-ROC': 0.2349231143943077, 'VUS-PR': np.float64(0.0843237009946223), 'VUS-ROC': np.float64(0.45126651344068264), 'Standard-F1': np.float64(0.07802527653163134), 'PA-F1': 0.382089552238806, 'Event-based-F1': np.float64(0.2556818181818177), 'R-based-F1': 0.11881767632426106, 'Affiliation-F': 0.6706475354413238}
2026-02-08 12:08:42.405 | INFO     | src.pipelines.train_vision_backbones:run_pipeline:170 - Train images: 102
2026-02-08 12:08:42.406 | INFO     | src.pipelines.train_vision_backbones:run_pipeline:171 - Test images: 1250
2026-02-08 12:08:43.361 | INFO     | src.pipelines.train_vision_backbones:run_pipeline:176 - Training pvt_autoencoder_frozen on SG
2026-02-08 12:08:43.384 | INFO     | src.models.pvt_autoencoder.training:train_pvt_autoencoder_frozen:24 - Device: cuda | Model on: cuda:0
2026-02-08 12:09:06.982 | INFO     | src.pipelines.train_vision_backbones:run_pipeline:193 - Evaluating pvt_autoencoder_frozen on SG
2026-02-08 12:09:07.680 | INFO     | src.models.evaluation:evaluate_tsb_ad_nonoverlapping:65 - Normal (34787) reconstruction error: mean=0.0443, std=0.1285
2026-02-08 12:09:07.680 | INFO     | src.models.evaluation:evaluate_tsb_ad_nonoverlapping:66 - Anomaly (1472) reconstruction error: mean=0.4276, std=0.3358
2026-02-08 12:09:07.680 | INFO     | src.models.evaluation:evaluate_tsb_ad_nonoverlapping:67 - Overlap? Normal max=1.0000, Anomaly min=0.0000
2026-02-08 12:09:18.227 | INFO     | src.models.evaluation:evaluate_tsb_ad_nonoverlapping:83 - {'AUC-PR': 0.32937669587714624, 'AUC-ROC': 0.7963402432942841, 'VUS-PR': np.float64(0.45533681556256883), 'VUS-ROC': np.float64(0.9334419723808425), 'Standard-F1': np.float64(0.5052080635123243), 'PA-F1': 0.7715068493150685, 'Event-based-F1': np.float64(0.6386733544886882), 'R-based-F1': 0.48953993418496095, 'Affiliation-F': 0.9094822939740534}
2026-02-08 12:09:18.383 | INFO     | src.pipelines.train_vision_backbones:run_pipeline:170 - Train images: 102
2026-02-08 12:09:18.383 | INFO     | src.pipelines.train_vision_backbones:run_pipeline:171 - Test images: 1250
2026-02-08 12:09:19.327 | INFO     | src.pipelines.train_vision_backbones:run_pipeline:176 - Training pvt_autoencoder_progressive_unfreeze on SG
2026-02-08 12:09:19.351 | INFO     | src.models.pvt_autoencoder.training:train_pvt_autoencoder_progressive_unfreeze:132 - Device: cuda | Model on: cuda:0
2026-02-08 12:09:28.981 | INFO     | src.pipelines.train_vision_backbones:run_pipeline:193 - Evaluating pvt_autoencoder_progressive_unfreeze on SG
2026-02-08 12:09:29.680 | INFO     | src.models.evaluation:evaluate_tsb_ad_nonoverlapping:65 - Normal (34787) reconstruction error: mean=0.1786, std=0.1885
2026-02-08 12:09:29.680 | INFO     | src.models.evaluation:evaluate_tsb_ad_nonoverlapping:66 - Anomaly (1472) reconstruction error: mean=0.1760, std=0.1339
2026-02-08 12:09:29.681 | INFO     | src.models.evaluation:evaluate_tsb_ad_nonoverlapping:67 - Overlap? Normal max=1.0000, Anomaly min=0.0000
2026-02-08 12:09:41.824 | INFO     | src.models.evaluation:evaluate_tsb_ad_nonoverlapping:83 - {'AUC-PR': 0.044438052104000036, 'AUC-ROC': 0.5565288397964757, 'VUS-PR': np.float64(0.08250308550391901), 'VUS-ROC': np.float64(0.6799053673803087), 'Standard-F1': np.float64(0.12132656156652143), 'PA-F1': 0.17960329102621342, 'Event-based-F1': np.float64(0.12270916334661341), 'R-based-F1': 0.16362557540048042, 'Affiliation-F': 0.6968011861614402}
2026-02-08 12:09:41.983 | INFO     | src.pipelines.train_vision_backbones:run_pipeline:170 - Train images: 102
2026-02-08 12:09:41.983 | INFO     | src.pipelines.train_vision_backbones:run_pipeline:171 - Test images: 1250
2026-02-08 12:09:42.928 | INFO     | src.pipelines.train_vision_backbones:run_pipeline:176 - Training pvt_autoencoder_differential_lr on SG
2026-02-08 12:09:42.952 | INFO     | src.models.pvt_autoencoder.training:train_pvt_autoencoder_differential_lr:267 - Device: cuda | Model on: cuda:0
2026-02-08 12:10:15.258 | INFO     | src.pipelines.train_vision_backbones:run_pipeline:193 - Evaluating pvt_autoencoder_differential_lr on SG
2026-02-08 12:10:15.943 | INFO     | src.models.evaluation:evaluate_tsb_ad_nonoverlapping:65 - Normal (34787) reconstruction error: mean=0.0446, std=0.0532
2026-02-08 12:10:15.943 | INFO     | src.models.evaluation:evaluate_tsb_ad_nonoverlapping:66 - Anomaly (1472) reconstruction error: mean=0.0391, std=0.1124
2026-02-08 12:10:15.943 | INFO     | src.models.evaluation:evaluate_tsb_ad_nonoverlapping:67 - Overlap? Normal max=1.0000, Anomaly min=0.0000
2026-02-08 12:10:26.183 | INFO     | src.models.evaluation:evaluate_tsb_ad_nonoverlapping:83 - {'AUC-PR': 0.03818009980932376, 'AUC-ROC': 0.30885102708907997, 'VUS-PR': np.float64(0.08483593505581435), 'VUS-ROC': np.float64(0.49389268784777224), 'Standard-F1': np.float64(0.07828451975941711), 'PA-F1': 0.38768298838970217, 'Event-based-F1': np.float64(0.2708429295255637), 'R-based-F1': 0.16362557540048042, 'Affiliation-F': 0.670117321504327}
2026-02-08 12:10:26.810 | INFO     | src.pipelines.train_vision_backbones:run_pipeline:70 - Using zip: /net/scratch/hscra/plgrid/plgsmendowski12/ts2i_images/SED/236_SED_id_3_Medical_tr_3740_1st_3840_ts2i_GASF.zip for transformation GASF
2026-02-08 12:10:28.370 | INFO     | src.pipelines.train_vision_backbones:run_pipeline:170 - Train images: 102
2026-02-08 12:10:28.370 | INFO     | src.pipelines.train_vision_backbones:run_pipeline:171 - Test images: 1250
2026-02-08 12:10:28.376 | INFO     | src.pipelines.train_vision_backbones:run_pipeline:176 - Training cnn_autoencoder on GASF
2026-02-08 12:10:28.380 | INFO     | src.models.cnn_autoencoder.training:train_autoencoder:22 - Device: cuda | Model on: cuda:0
2026-02-08 12:10:58.521 | INFO     | src.pipelines.train_vision_backbones:run_pipeline:193 - Evaluating cnn_autoencoder on GASF
2026-02-08 12:10:59.505 | INFO     | src.models.evaluation:evaluate_tsb_ad_nonoverlapping:65 - Normal (34787) reconstruction error: mean=0.0120, std=0.0469
2026-02-08 12:10:59.505 | INFO     | src.models.evaluation:evaluate_tsb_ad_nonoverlapping:66 - Anomaly (1472) reconstruction error: mean=0.1695, std=0.1983
2026-02-08 12:10:59.505 | INFO     | src.models.evaluation:evaluate_tsb_ad_nonoverlapping:67 - Overlap? Normal max=1.0000, Anomaly min=0.0005
2026-02-08 12:11:09.293 | INFO     | src.models.evaluation:evaluate_tsb_ad_nonoverlapping:83 - {'AUC-PR': 0.4890275071861332, 'AUC-ROC': 0.9190406508053357, 'VUS-PR': np.float64(0.7538531137518942), 'VUS-ROC': np.float64(0.9749736685058857), 'Standard-F1': np.float64(0.6146027179599588), 'PA-F1': 0.8807339449541285, 'Event-based-F1': np.float64(0.8209241893571343), 'R-based-F1': 0.612323202952774, 'Affiliation-F': 0.931290198402706}
2026-02-08 12:11:09.451 | INFO     | src.pipelines.train_vision_backbones:run_pipeline:170 - Train images: 102
2026-02-08 12:11:09.451 | INFO     | src.pipelines.train_vision_backbones:run_pipeline:171 - Test images: 1250
2026-02-08 12:11:09.668 | INFO     | src.pipelines.train_vision_backbones:run_pipeline:176 - Training resnet18_autoencoder_frozen on GASF
2026-02-08 12:11:09.682 | INFO     | src.models.resnet18_autoencoder.training:train_autoencoder_frozen:25 - Device: cuda | Model on: cuda:0
2026-02-08 12:11:36.477 | INFO     | src.pipelines.train_vision_backbones:run_pipeline:193 - Evaluating resnet18_autoencoder_frozen on GASF
2026-02-08 12:11:37.512 | INFO     | src.models.evaluation:evaluate_tsb_ad_nonoverlapping:65 - Normal (34787) reconstruction error: mean=0.0200, std=0.0850
2026-02-08 12:11:37.513 | INFO     | src.models.evaluation:evaluate_tsb_ad_nonoverlapping:66 - Anomaly (1472) reconstruction error: mean=0.2913, std=0.2423
2026-02-08 12:11:37.513 | INFO     | src.models.evaluation:evaluate_tsb_ad_nonoverlapping:67 - Overlap? Normal max=1.0000, Anomaly min=0.0008
2026-02-08 12:11:47.723 | INFO     | src.models.evaluation:evaluate_tsb_ad_nonoverlapping:83 - {'AUC-PR': 0.3727956384207455, 'AUC-ROC': 0.9131026504778772, 'VUS-PR': np.float64(0.5553790072060262), 'VUS-ROC': np.float64(0.9666456804930779), 'Standard-F1': np.float64(0.5801708687916735), 'PA-F1': 0.7836039393132819, 'Event-based-F1': np.float64(0.6951631046119231), 'R-based-F1': 0.5436557446763645, 'Affiliation-F': 0.9355990350375434}
2026-02-08 12:11:47.881 | INFO     | src.pipelines.train_vision_backbones:run_pipeline:170 - Train images: 102
2026-02-08 12:11:47.881 | INFO     | src.pipelines.train_vision_backbones:run_pipeline:171 - Test images: 1250
2026-02-08 12:11:48.099 | INFO     | src.pipelines.train_vision_backbones:run_pipeline:176 - Training resnet18_autoencoder_progressive_unfreeze on GASF
2026-02-08 12:11:48.114 | INFO     | src.models.resnet18_autoencoder.training:train_autoencoder_progressive_unfreeze:133 - Device: cuda | Model on: cuda:0
2026-02-08 12:12:13.968 | INFO     | src.pipelines.train_vision_backbones:run_pipeline:193 - Evaluating resnet18_autoencoder_progressive_unfreeze on GASF
2026-02-08 12:12:15.298 | INFO     | src.models.evaluation:evaluate_tsb_ad_nonoverlapping:65 - Normal (34787) reconstruction error: mean=0.0156, std=0.0557
2026-02-08 12:12:15.298 | INFO     | src.models.evaluation:evaluate_tsb_ad_nonoverlapping:66 - Anomaly (1472) reconstruction error: mean=0.2142, std=0.2182
2026-02-08 12:12:15.298 | INFO     | src.models.evaluation:evaluate_tsb_ad_nonoverlapping:67 - Overlap? Normal max=1.0000, Anomaly min=0.0019
2026-02-08 12:12:25.281 | INFO     | src.models.evaluation:evaluate_tsb_ad_nonoverlapping:83 - {'AUC-PR': 0.43553260737416605, 'AUC-ROC': 0.8739084776484468, 'VUS-PR': np.float64(0.6715162656659953), 'VUS-ROC': np.float64(0.9609459973776239), 'Standard-F1': np.float64(0.5656164759279704), 'PA-F1': 0.8221771467207573, 'Event-based-F1': np.float64(0.7307692307692303), 'R-based-F1': 0.5195882556776117, 'Affiliation-F': 0.9145269742819704}
2026-02-08 12:12:25.440 | INFO     | src.pipelines.train_vision_backbones:run_pipeline:170 - Train images: 102
2026-02-08 12:12:25.440 | INFO     | src.pipelines.train_vision_backbones:run_pipeline:171 - Test images: 1250
2026-02-08 12:12:25.658 | INFO     | src.pipelines.train_vision_backbones:run_pipeline:176 - Training resnet18_autoencoder_differential_lr on GASF
2026-02-08 12:12:25.672 | INFO     | src.models.resnet18_autoencoder.training:train_autoencoder_differential_lr:271 - Device: cuda | Model on: cuda:0
2026-02-08 12:12:57.437 | INFO     | src.pipelines.train_vision_backbones:run_pipeline:193 - Evaluating resnet18_autoencoder_differential_lr on GASF
2026-02-08 12:12:58.281 | INFO     | src.models.evaluation:evaluate_tsb_ad_nonoverlapping:65 - Normal (34787) reconstruction error: mean=0.0186, std=0.0567
2026-02-08 12:12:58.282 | INFO     | src.models.evaluation:evaluate_tsb_ad_nonoverlapping:66 - Anomaly (1472) reconstruction error: mean=0.2085, std=0.2167
2026-02-08 12:12:58.282 | INFO     | src.models.evaluation:evaluate_tsb_ad_nonoverlapping:67 - Overlap? Normal max=1.0000, Anomaly min=0.0005
2026-02-08 12:13:08.258 | INFO     | src.models.evaluation:evaluate_tsb_ad_nonoverlapping:83 - {'AUC-PR': 0.39152446094401455, 'AUC-ROC': 0.8166100865703205, 'VUS-PR': np.float64(0.6289135882258828), 'VUS-ROC': np.float64(0.9409033816978271), 'Standard-F1': np.float64(0.5714236134595557), 'PA-F1': 0.7894877983373558, 'Event-based-F1': np.float64(0.6998737741528298), 'R-based-F1': 0.5301702114223165, 'Affiliation-F': 0.9317674889506254}
2026-02-08 12:13:08.416 | INFO     | src.pipelines.train_vision_backbones:run_pipeline:170 - Train images: 102
2026-02-08 12:13:08.416 | INFO     | src.pipelines.train_vision_backbones:run_pipeline:171 - Test images: 1250
2026-02-08 12:13:09.394 | INFO     | src.pipelines.train_vision_backbones:run_pipeline:176 - Training pvt_autoencoder_frozen on GASF
2026-02-08 12:13:09.418 | INFO     | src.models.pvt_autoencoder.training:train_pvt_autoencoder_frozen:24 - Device: cuda | Model on: cuda:0
2026-02-08 12:13:34.097 | INFO     | src.pipelines.train_vision_backbones:run_pipeline:193 - Evaluating pvt_autoencoder_frozen on GASF
2026-02-08 12:13:34.821 | INFO     | src.models.evaluation:evaluate_tsb_ad_nonoverlapping:65 - Normal (34787) reconstruction error: mean=0.0273, std=0.0974
2026-02-08 12:13:34.821 | INFO     | src.models.evaluation:evaluate_tsb_ad_nonoverlapping:66 - Anomaly (1472) reconstruction error: mean=0.3642, std=0.2788
2026-02-08 12:13:34.822 | INFO     | src.models.evaluation:evaluate_tsb_ad_nonoverlapping:67 - Overlap? Normal max=0.9172, Anomaly min=0.0016
2026-02-08 12:13:45.083 | INFO     | src.models.evaluation:evaluate_tsb_ad_nonoverlapping:83 - {'AUC-PR': 0.4474164871877134, 'AUC-ROC': 0.9304998095552937, 'VUS-PR': np.float64(0.6221861391523404), 'VUS-ROC': np.float64(0.979863268185125), 'Standard-F1': np.float64(0.6180788816942754), 'PA-F1': 0.7850666666666667, 'Event-based-F1': np.float64(0.7049780380673494), 'R-based-F1': 0.5463290330756678, 'Affiliation-F': 0.9379257475463171}
2026-02-08 12:13:45.234 | INFO     | src.pipelines.train_vision_backbones:run_pipeline:170 - Train images: 102
2026-02-08 12:13:45.235 | INFO     | src.pipelines.train_vision_backbones:run_pipeline:171 - Test images: 1250
2026-02-08 12:13:46.214 | INFO     | src.pipelines.train_vision_backbones:run_pipeline:176 - Training pvt_autoencoder_progressive_unfreeze on GASF
2026-02-08 12:13:46.238 | INFO     | src.models.pvt_autoencoder.training:train_pvt_autoencoder_progressive_unfreeze:132 - Device: cuda | Model on: cuda:0
2026-02-08 12:14:16.631 | INFO     | src.pipelines.train_vision_backbones:run_pipeline:193 - Evaluating pvt_autoencoder_progressive_unfreeze on GASF
2026-02-08 12:14:17.345 | INFO     | src.models.evaluation:evaluate_tsb_ad_nonoverlapping:65 - Normal (34787) reconstruction error: mean=0.0187, std=0.0873
2026-02-08 12:14:17.345 | INFO     | src.models.evaluation:evaluate_tsb_ad_nonoverlapping:66 - Anomaly (1472) reconstruction error: mean=0.2852, std=0.3087
2026-02-08 12:14:17.345 | INFO     | src.models.evaluation:evaluate_tsb_ad_nonoverlapping:67 - Overlap? Normal max=0.9347, Anomaly min=0.0015
2026-02-08 12:14:27.529 | INFO     | src.models.evaluation:evaluate_tsb_ad_nonoverlapping:83 - {'AUC-PR': 0.39201728156500387, 'AUC-ROC': 0.8665998886390591, 'VUS-PR': np.float64(0.573920301737186), 'VUS-ROC': np.float64(0.9492259753963034), 'Standard-F1': np.float64(0.5553148518187169), 'PA-F1': 0.7967523680649526, 'Event-based-F1': np.float64(0.6733547351524874), 'R-based-F1': 0.5205368139347527, 'Affiliation-F': 0.9328663199258831}
2026-02-08 12:14:27.690 | INFO     | src.pipelines.train_vision_backbones:run_pipeline:170 - Train images: 102
2026-02-08 12:14:27.690 | INFO     | src.pipelines.train_vision_backbones:run_pipeline:171 - Test images: 1250
2026-02-08 12:14:28.674 | INFO     | src.pipelines.train_vision_backbones:run_pipeline:176 - Training pvt_autoencoder_differential_lr on GASF
2026-02-08 12:14:28.699 | INFO     | src.models.pvt_autoencoder.training:train_pvt_autoencoder_differential_lr:267 - Device: cuda | Model on: cuda:0
2026-02-08 12:14:57.419 | INFO     | src.pipelines.train_vision_backbones:run_pipeline:193 - Evaluating pvt_autoencoder_differential_lr on GASF
2026-02-08 12:14:58.145 | INFO     | src.models.evaluation:evaluate_tsb_ad_nonoverlapping:65 - Normal (34787) reconstruction error: mean=0.0222, std=0.0711
2026-02-08 12:14:58.145 | INFO     | src.models.evaluation:evaluate_tsb_ad_nonoverlapping:66 - Anomaly (1472) reconstruction error: mean=0.2907, std=0.2950
2026-02-08 12:14:58.145 | INFO     | src.models.evaluation:evaluate_tsb_ad_nonoverlapping:67 - Overlap? Normal max=1.0000, Anomaly min=0.0020
2026-02-08 12:15:08.382 | INFO     | src.models.evaluation:evaluate_tsb_ad_nonoverlapping:83 - {'AUC-PR': 0.4134923947264976, 'AUC-ROC': 0.830564711517671, 'VUS-PR': np.float64(0.606305599183843), 'VUS-ROC': np.float64(0.9344483894223451), 'Standard-F1': np.float64(0.5714236134595557), 'PA-F1': 0.7892761394101877, 'Event-based-F1': np.float64(0.6880952380952375), 'R-based-F1': 0.5386796663119227, 'Affiliation-F': 0.93554339255371}
2026-02-08 12:15:08.999 | INFO     | src.pipelines.train_vision_backbones:run_pipeline:70 - Using zip: /net/scratch/hscra/plgrid/plgsmendowski12/ts2i_images/SED/236_SED_id_3_Medical_tr_3740_1st_3840_ts2i_GADF.zip for transformation GADF
2026-02-08 12:15:10.843 | INFO     | src.pipelines.train_vision_backbones:run_pipeline:170 - Train images: 102
2026-02-08 12:15:10.843 | INFO     | src.pipelines.train_vision_backbones:run_pipeline:171 - Test images: 1250
2026-02-08 12:15:10.850 | INFO     | src.pipelines.train_vision_backbones:run_pipeline:176 - Training cnn_autoencoder on GADF
2026-02-08 12:15:10.854 | INFO     | src.models.cnn_autoencoder.training:train_autoencoder:22 - Device: cuda | Model on: cuda:0
2026-02-08 12:15:28.621 | INFO     | src.pipelines.train_vision_backbones:run_pipeline:193 - Evaluating cnn_autoencoder on GADF
2026-02-08 12:15:29.584 | INFO     | src.models.evaluation:evaluate_tsb_ad_nonoverlapping:65 - Normal (34787) reconstruction error: mean=0.0244, std=0.0561
2026-02-08 12:15:29.584 | INFO     | src.models.evaluation:evaluate_tsb_ad_nonoverlapping:66 - Anomaly (1472) reconstruction error: mean=0.1932, std=0.1709
2026-02-08 12:15:29.584 | INFO     | src.models.evaluation:evaluate_tsb_ad_nonoverlapping:67 - Overlap? Normal max=1.0000, Anomaly min=0.0001
2026-02-08 12:15:39.733 | INFO     | src.models.evaluation:evaluate_tsb_ad_nonoverlapping:83 - {'AUC-PR': 0.38396472882670807, 'AUC-ROC': 0.8815721585462334, 'VUS-PR': np.float64(0.5241905452772543), 'VUS-ROC': np.float64(0.9595160676708708), 'Standard-F1': np.float64(0.5696194623305221), 'PA-F1': 0.7688787185354691, 'Event-based-F1': np.float64(0.6923520812495185), 'R-based-F1': 0.5448625413370027, 'Affiliation-F': 0.9123519973579134}
2026-02-08 12:15:39.889 | INFO     | src.pipelines.train_vision_backbones:run_pipeline:170 - Train images: 102
2026-02-08 12:15:39.889 | INFO     | src.pipelines.train_vision_backbones:run_pipeline:171 - Test images: 1250
2026-02-08 12:15:40.107 | INFO     | src.pipelines.train_vision_backbones:run_pipeline:176 - Training resnet18_autoencoder_frozen on GADF
2026-02-08 12:15:40.120 | INFO     | src.models.resnet18_autoencoder.training:train_autoencoder_frozen:25 - Device: cuda | Model on: cuda:0
2026-02-08 12:15:59.850 | INFO     | src.pipelines.train_vision_backbones:run_pipeline:193 - Evaluating resnet18_autoencoder_frozen on GADF
2026-02-08 12:16:01.174 | INFO     | src.models.evaluation:evaluate_tsb_ad_nonoverlapping:65 - Normal (34787) reconstruction error: mean=0.0311, std=0.0987
2026-02-08 12:16:01.174 | INFO     | src.models.evaluation:evaluate_tsb_ad_nonoverlapping:66 - Anomaly (1472) reconstruction error: mean=0.2659, std=0.2123
2026-02-08 12:16:01.174 | INFO     | src.models.evaluation:evaluate_tsb_ad_nonoverlapping:67 - Overlap? Normal max=1.0000, Anomaly min=0.0002
2026-02-08 12:16:11.497 | INFO     | src.models.evaluation:evaluate_tsb_ad_nonoverlapping:83 - {'AUC-PR': 0.3421124175784514, 'AUC-ROC': 0.8928210704023616, 'VUS-PR': np.float64(0.5048366479431787), 'VUS-ROC': np.float64(0.964941722502293), 'Standard-F1': np.float64(0.5558485162931766), 'PA-F1': 0.7856952228449426, 'Event-based-F1': np.float64(0.6791849780263678), 'R-based-F1': 0.5281776228145671, 'Affiliation-F': 0.9215289535703536}
2026-02-08 12:16:11.655 | INFO     | src.pipelines.train_vision_backbones:run_pipeline:170 - Train images: 102
2026-02-08 12:16:11.655 | INFO     | src.pipelines.train_vision_backbones:run_pipeline:171 - Test images: 1250
2026-02-08 12:16:11.873 | INFO     | src.pipelines.train_vision_backbones:run_pipeline:176 - Training resnet18_autoencoder_progressive_unfreeze on GADF
2026-02-08 12:16:11.888 | INFO     | src.models.resnet18_autoencoder.training:train_autoencoder_progressive_unfreeze:133 - Device: cuda | Model on: cuda:0
2026-02-08 12:16:30.546 | INFO     | src.pipelines.train_vision_backbones:run_pipeline:193 - Evaluating resnet18_autoencoder_progressive_unfreeze on GADF
2026-02-08 12:16:31.580 | INFO     | src.models.evaluation:evaluate_tsb_ad_nonoverlapping:65 - Normal (34787) reconstruction error: mean=0.0276, std=0.0919
2026-02-08 12:16:31.580 | INFO     | src.models.evaluation:evaluate_tsb_ad_nonoverlapping:66 - Anomaly (1472) reconstruction error: mean=0.2688, std=0.2183
2026-02-08 12:16:31.580 | INFO     | src.models.evaluation:evaluate_tsb_ad_nonoverlapping:67 - Overlap? Normal max=1.0000, Anomaly min=0.0006
2026-02-08 12:16:41.757 | INFO     | src.models.evaluation:evaluate_tsb_ad_nonoverlapping:83 - {'AUC-PR': 0.3564892084733284, 'AUC-ROC': 0.891418434985083, 'VUS-PR': np.float64(0.5307783473702066), 'VUS-ROC': np.float64(0.966826728779292), 'Standard-F1': np.float64(0.6055587847553374), 'PA-F1': 0.7943874797625472, 'Event-based-F1': np.float64(0.7135338345864657), 'R-based-F1': 0.5642079447995492, 'Affiliation-F': 0.9306348979817805}
2026-02-08 12:16:41.914 | INFO     | src.pipelines.train_vision_backbones:run_pipeline:170 - Train images: 102
2026-02-08 12:16:41.914 | INFO     | src.pipelines.train_vision_backbones:run_pipeline:171 - Test images: 1250
2026-02-08 12:16:42.131 | INFO     | src.pipelines.train_vision_backbones:run_pipeline:176 - Training resnet18_autoencoder_differential_lr on GADF
2026-02-08 12:16:42.145 | INFO     | src.models.resnet18_autoencoder.training:train_autoencoder_differential_lr:271 - Device: cuda | Model on: cuda:0
2026-02-08 12:17:04.991 | INFO     | src.pipelines.train_vision_backbones:run_pipeline:193 - Evaluating resnet18_autoencoder_differential_lr on GADF
2026-02-08 12:17:06.099 | INFO     | src.models.evaluation:evaluate_tsb_ad_nonoverlapping:65 - Normal (34787) reconstruction error: mean=0.0277, std=0.0998
2026-02-08 12:17:06.099 | INFO     | src.models.evaluation:evaluate_tsb_ad_nonoverlapping:66 - Anomaly (1472) reconstruction error: mean=0.3005, std=0.2326
2026-02-08 12:17:06.099 | INFO     | src.models.evaluation:evaluate_tsb_ad_nonoverlapping:67 - Overlap? Normal max=1.0000, Anomaly min=0.0002
2026-02-08 12:17:16.491 | INFO     | src.models.evaluation:evaluate_tsb_ad_nonoverlapping:83 - {'AUC-PR': 0.3726311409063248, 'AUC-ROC': 0.8991600747905576, 'VUS-PR': np.float64(0.5443482015534814), 'VUS-ROC': np.float64(0.9707600254938021), 'Standard-F1': np.float64(0.5935946850921714), 'PA-F1': 0.7943874797625472, 'Event-based-F1': np.float64(0.7071483474250572), 'R-based-F1': 0.5588235347372671, 'Affiliation-F': 0.9303225070442273}
2026-02-08 12:17:16.652 | INFO     | src.pipelines.train_vision_backbones:run_pipeline:170 - Train images: 102
2026-02-08 12:17:16.652 | INFO     | src.pipelines.train_vision_backbones:run_pipeline:171 - Test images: 1250
2026-02-08 12:17:17.644 | INFO     | src.pipelines.train_vision_backbones:run_pipeline:176 - Training pvt_autoencoder_frozen on GADF
2026-02-08 12:17:17.668 | INFO     | src.models.pvt_autoencoder.training:train_pvt_autoencoder_frozen:24 - Device: cuda | Model on: cuda:0
2026-02-08 12:17:25.266 | INFO     | src.pipelines.train_vision_backbones:run_pipeline:193 - Evaluating pvt_autoencoder_frozen on GADF
2026-02-08 12:17:26.046 | INFO     | src.models.evaluation:evaluate_tsb_ad_nonoverlapping:65 - Normal (34787) reconstruction error: mean=0.0412, std=0.0912
2026-02-08 12:17:26.046 | INFO     | src.models.evaluation:evaluate_tsb_ad_nonoverlapping:66 - Anomaly (1472) reconstruction error: mean=0.2001, std=0.1799
2026-02-08 12:17:26.046 | INFO     | src.models.evaluation:evaluate_tsb_ad_nonoverlapping:67 - Overlap? Normal max=1.0000, Anomaly min=0.0000
2026-02-08 12:17:36.461 | INFO     | src.models.evaluation:evaluate_tsb_ad_nonoverlapping:83 - {'AUC-PR': 0.27247919933238407, 'AUC-ROC': 0.8412320757004429, 'VUS-PR': np.float64(0.39814959719131837), 'VUS-ROC': np.float64(0.9334075001483402), 'Standard-F1': np.float64(0.4758339269567164), 'PA-F1': 0.7270661743822777, 'Event-based-F1': np.float64(0.6103256074203193), 'R-based-F1': 0.47094320978690557, 'Affiliation-F': 0.8789466502658078}
2026-02-08 12:17:36.617 | INFO     | src.pipelines.train_vision_backbones:run_pipeline:170 - Train images: 102
2026-02-08 12:17:36.618 | INFO     | src.pipelines.train_vision_backbones:run_pipeline:171 - Test images: 1250
2026-02-08 12:17:37.614 | INFO     | src.pipelines.train_vision_backbones:run_pipeline:176 - Training pvt_autoencoder_progressive_unfreeze on GADF
2026-02-08 12:17:37.638 | INFO     | src.models.pvt_autoencoder.training:train_pvt_autoencoder_progressive_unfreeze:132 - Device: cuda | Model on: cuda:0
2026-02-08 12:18:17.503 | INFO     | src.pipelines.train_vision_backbones:run_pipeline:193 - Evaluating pvt_autoencoder_progressive_unfreeze on GADF
2026-02-08 12:18:18.283 | INFO     | src.models.evaluation:evaluate_tsb_ad_nonoverlapping:65 - Normal (34787) reconstruction error: mean=0.0238, std=0.0836
2026-02-08 12:18:18.283 | INFO     | src.models.evaluation:evaluate_tsb_ad_nonoverlapping:66 - Anomaly (1472) reconstruction error: mean=0.2933, std=0.2453
2026-02-08 12:18:18.284 | INFO     | src.models.evaluation:evaluate_tsb_ad_nonoverlapping:67 - Overlap? Normal max=1.0000, Anomaly min=0.0004
2026-02-08 12:18:28.449 | INFO     | src.models.evaluation:evaluate_tsb_ad_nonoverlapping:83 - {'AUC-PR': 0.4232709162425607, 'AUC-ROC': 0.8990830532645254, 'VUS-PR': np.float64(0.5801185468205181), 'VUS-ROC': np.float64(0.9720061089952489), 'Standard-F1': np.float64(0.6059345901453246), 'PA-F1': 0.7965367965367965, 'Event-based-F1': np.float64(0.7067271352985635), 'R-based-F1': 0.5579155757418665, 'Affiliation-F': 0.930777667884463}
2026-02-08 12:18:28.613 | INFO     | src.pipelines.train_vision_backbones:run_pipeline:170 - Train images: 102
2026-02-08 12:18:28.613 | INFO     | src.pipelines.train_vision_backbones:run_pipeline:171 - Test images: 1250
2026-02-08 12:18:29.590 | INFO     | src.pipelines.train_vision_backbones:run_pipeline:176 - Training pvt_autoencoder_differential_lr on GADF
2026-02-08 12:18:29.615 | INFO     | src.models.pvt_autoencoder.training:train_pvt_autoencoder_differential_lr:267 - Device: cuda | Model on: cuda:0
2026-02-08 12:18:54.049 | INFO     | src.pipelines.train_vision_backbones:run_pipeline:193 - Evaluating pvt_autoencoder_differential_lr on GADF
2026-02-08 12:18:54.799 | INFO     | src.models.evaluation:evaluate_tsb_ad_nonoverlapping:65 - Normal (34787) reconstruction error: mean=0.0302, std=0.1027
2026-02-08 12:18:54.800 | INFO     | src.models.evaluation:evaluate_tsb_ad_nonoverlapping:66 - Anomaly (1472) reconstruction error: mean=0.3400, std=0.2768
2026-02-08 12:18:54.800 | INFO     | src.models.evaluation:evaluate_tsb_ad_nonoverlapping:67 - Overlap? Normal max=1.0000, Anomaly min=0.0004
2026-02-08 12:19:05.240 | INFO     | src.models.evaluation:evaluate_tsb_ad_nonoverlapping:83 - {'AUC-PR': 0.4001957670585436, 'AUC-ROC': 0.8962842074000656, 'VUS-PR': np.float64(0.5525324642135575), 'VUS-ROC': np.float64(0.9706549484561485), 'Standard-F1': np.float64(0.5850208233230006), 'PA-F1': 0.8070175438596491, 'Event-based-F1': np.float64(0.7100494233937391), 'R-based-F1': 0.5543924031604928, 'Affiliation-F': 0.9290727813698937}
2026-02-08 12:19:05.823 | INFO     | src.pipelines.train_vision_backbones:run_pipeline:70 - Using zip: /net/scratch/hscra/plgrid/plgsmendowski12/ts2i_images/SED/236_SED_id_3_Medical_tr_3740_1st_3840_ts2i_MTF.zip for transformation MTF
2026-02-08 12:19:07.279 | INFO     | src.pipelines.train_vision_backbones:run_pipeline:170 - Train images: 102
2026-02-08 12:19:07.279 | INFO     | src.pipelines.train_vision_backbones:run_pipeline:171 - Test images: 1250
2026-02-08 12:19:07.285 | INFO     | src.pipelines.train_vision_backbones:run_pipeline:176 - Training cnn_autoencoder on MTF
2026-02-08 12:19:07.289 | INFO     | src.models.cnn_autoencoder.training:train_autoencoder:22 - Device: cuda | Model on: cuda:0
2026-02-08 12:19:36.748 | INFO     | src.pipelines.train_vision_backbones:run_pipeline:193 - Evaluating cnn_autoencoder on MTF
2026-02-08 12:19:37.728 | INFO     | src.models.evaluation:evaluate_tsb_ad_nonoverlapping:65 - Normal (34787) reconstruction error: mean=0.1940, std=0.0811
2026-02-08 12:19:37.728 | INFO     | src.models.evaluation:evaluate_tsb_ad_nonoverlapping:66 - Anomaly (1472) reconstruction error: mean=0.2557, std=0.0851
2026-02-08 12:19:37.729 | INFO     | src.models.evaluation:evaluate_tsb_ad_nonoverlapping:67 - Overlap? Normal max=1.0000, Anomaly min=0.0888
2026-02-08 12:19:49.862 | INFO     | src.models.evaluation:evaluate_tsb_ad_nonoverlapping:83 - {'AUC-PR': 0.11665386859642679, 'AUC-ROC': 0.7059847561432869, 'VUS-PR': np.float64(0.1401358771865885), 'VUS-ROC': np.float64(0.7955845094920421), 'Standard-F1': np.float64(0.1745100847089973), 'PA-F1': 0.3533471359558316, 'Event-based-F1': np.float64(0.2786377708978323), 'R-based-F1': 0.18373038080193438, 'Affiliation-F': 0.7218885797784305}
2026-02-08 12:19:50.015 | INFO     | src.pipelines.train_vision_backbones:run_pipeline:170 - Train images: 102
2026-02-08 12:19:50.015 | INFO     | src.pipelines.train_vision_backbones:run_pipeline:171 - Test images: 1250
2026-02-08 12:19:50.233 | INFO     | src.pipelines.train_vision_backbones:run_pipeline:176 - Training resnet18_autoencoder_frozen on MTF
2026-02-08 12:19:50.246 | INFO     | src.models.resnet18_autoencoder.training:train_autoencoder_frozen:25 - Device: cuda | Model on: cuda:0
2026-02-08 12:20:18.564 | INFO     | src.pipelines.train_vision_backbones:run_pipeline:193 - Evaluating resnet18_autoencoder_frozen on MTF
2026-02-08 12:20:19.667 | INFO     | src.models.evaluation:evaluate_tsb_ad_nonoverlapping:65 - Normal (34787) reconstruction error: mean=0.3079, std=0.1598
2026-02-08 12:20:19.667 | INFO     | src.models.evaluation:evaluate_tsb_ad_nonoverlapping:66 - Anomaly (1472) reconstruction error: mean=0.3974, std=0.1456
2026-02-08 12:20:19.667 | INFO     | src.models.evaluation:evaluate_tsb_ad_nonoverlapping:67 - Overlap? Normal max=1.0000, Anomaly min=0.0000
2026-02-08 12:20:33.547 | INFO     | src.models.evaluation:evaluate_tsb_ad_nonoverlapping:83 - {'AUC-PR': 0.08044650365832946, 'AUC-ROC': 0.6614807068107652, 'VUS-PR': np.float64(0.10684763155205892), 'VUS-ROC': np.float64(0.7507482215332585), 'Standard-F1': np.float64(0.134249927551482), 'PA-F1': 0.2931297709923664, 'Event-based-F1': np.float64(0.19061066007765576), 'R-based-F1': 0.14614167145562287, 'Affiliation-F': 0.6996842847973368}
2026-02-08 12:20:33.708 | INFO     | src.pipelines.train_vision_backbones:run_pipeline:170 - Train images: 102
2026-02-08 12:20:33.708 | INFO     | src.pipelines.train_vision_backbones:run_pipeline:171 - Test images: 1250
2026-02-08 12:20:33.927 | INFO     | src.pipelines.train_vision_backbones:run_pipeline:176 - Training resnet18_autoencoder_progressive_unfreeze on MTF
2026-02-08 12:20:33.942 | INFO     | src.models.resnet18_autoencoder.training:train_autoencoder_progressive_unfreeze:133 - Device: cuda | Model on: cuda:0
2026-02-08 12:21:07.398 | INFO     | src.pipelines.train_vision_backbones:run_pipeline:193 - Evaluating resnet18_autoencoder_progressive_unfreeze on MTF
2026-02-08 12:21:08.432 | INFO     | src.models.evaluation:evaluate_tsb_ad_nonoverlapping:65 - Normal (34787) reconstruction error: mean=0.2306, std=0.1414
2026-02-08 12:21:08.432 | INFO     | src.models.evaluation:evaluate_tsb_ad_nonoverlapping:66 - Anomaly (1472) reconstruction error: mean=0.3409, std=0.1353
2026-02-08 12:21:08.432 | INFO     | src.models.evaluation:evaluate_tsb_ad_nonoverlapping:67 - Overlap? Normal max=1.0000, Anomaly min=0.0000
2026-02-08 12:21:21.341 | INFO     | src.models.evaluation:evaluate_tsb_ad_nonoverlapping:83 - {'AUC-PR': 0.11491234119926852, 'AUC-ROC': 0.715721983849539, 'VUS-PR': np.float64(0.14805802296137488), 'VUS-ROC': np.float64(0.807207683605878), 'Standard-F1': np.float64(0.1724710282476187), 'PA-F1': 0.3506849315068493, 'Event-based-F1': np.float64(0.2307570058801712), 'R-based-F1': 0.18064210892047933, 'Affiliation-F': 0.7207549418289316}
2026-02-08 12:21:21.499 | INFO     | src.pipelines.train_vision_backbones:run_pipeline:170 - Train images: 102
2026-02-08 12:21:21.500 | INFO     | src.pipelines.train_vision_backbones:run_pipeline:171 - Test images: 1250
2026-02-08 12:21:21.717 | INFO     | src.pipelines.train_vision_backbones:run_pipeline:176 - Training resnet18_autoencoder_differential_lr on MTF
2026-02-08 12:21:21.731 | INFO     | src.models.resnet18_autoencoder.training:train_autoencoder_differential_lr:271 - Device: cuda | Model on: cuda:0
2026-02-08 12:21:52.511 | INFO     | src.pipelines.train_vision_backbones:run_pipeline:193 - Evaluating resnet18_autoencoder_differential_lr on MTF
2026-02-08 12:21:53.361 | INFO     | src.models.evaluation:evaluate_tsb_ad_nonoverlapping:65 - Normal (34787) reconstruction error: mean=0.2727, std=0.1640
2026-02-08 12:21:53.361 | INFO     | src.models.evaluation:evaluate_tsb_ad_nonoverlapping:66 - Anomaly (1472) reconstruction error: mean=0.4125, std=0.1801
2026-02-08 12:21:53.361 | INFO     | src.models.evaluation:evaluate_tsb_ad_nonoverlapping:67 - Overlap? Normal max=1.0000, Anomaly min=0.0045
2026-02-08 12:22:06.745 | INFO     | src.models.evaluation:evaluate_tsb_ad_nonoverlapping:83 - {'AUC-PR': 0.12870869299517915, 'AUC-ROC': 0.7165471335806355, 'VUS-PR': np.float64(0.1635945246496777), 'VUS-ROC': np.float64(0.8123003206648729), 'Standard-F1': np.float64(0.1910611966299861), 'PA-F1': 0.43013161579389525, 'Event-based-F1': np.float64(0.3046237533998182), 'R-based-F1': 0.20725119899102212, 'Affiliation-F': 0.7160323403764203}
2026-02-08 12:22:06.904 | INFO     | src.pipelines.train_vision_backbones:run_pipeline:170 - Train images: 102
2026-02-08 12:22:06.904 | INFO     | src.pipelines.train_vision_backbones:run_pipeline:171 - Test images: 1250
2026-02-08 12:22:07.878 | INFO     | src.pipelines.train_vision_backbones:run_pipeline:176 - Training pvt_autoencoder_frozen on MTF
2026-02-08 12:22:07.903 | INFO     | src.models.pvt_autoencoder.training:train_pvt_autoencoder_frozen:24 - Device: cuda | Model on: cuda:0
2026-02-08 12:22:39.849 | INFO     | src.pipelines.train_vision_backbones:run_pipeline:193 - Evaluating pvt_autoencoder_frozen on MTF
2026-02-08 12:22:40.596 | INFO     | src.models.evaluation:evaluate_tsb_ad_nonoverlapping:65 - Normal (34787) reconstruction error: mean=0.2618, std=0.1508
2026-02-08 12:22:40.596 | INFO     | src.models.evaluation:evaluate_tsb_ad_nonoverlapping:66 - Anomaly (1472) reconstruction error: mean=0.3709, std=0.1353
2026-02-08 12:22:40.596 | INFO     | src.models.evaluation:evaluate_tsb_ad_nonoverlapping:67 - Overlap? Normal max=1.0000, Anomaly min=0.0000
2026-02-08 12:22:54.035 | INFO     | src.models.evaluation:evaluate_tsb_ad_nonoverlapping:83 - {'AUC-PR': 0.08631121799310407, 'AUC-ROC': 0.7111720504661286, 'VUS-PR': np.float64(0.1375115953034911), 'VUS-ROC': np.float64(0.804234975186667), 'Standard-F1': np.float64(0.1610242091007305), 'PA-F1': 0.34889267461669504, 'Event-based-F1': np.float64(0.21838034576888038), 'R-based-F1': 0.16534052274326888, 'Affiliation-F': 0.7356937772191927}
2026-02-08 12:22:54.192 | INFO     | src.pipelines.train_vision_backbones:run_pipeline:170 - Train images: 102
2026-02-08 12:22:54.192 | INFO     | src.pipelines.train_vision_backbones:run_pipeline:171 - Test images: 1250
2026-02-08 12:22:55.167 | INFO     | src.pipelines.train_vision_backbones:run_pipeline:176 - Training pvt_autoencoder_progressive_unfreeze on MTF
2026-02-08 12:22:55.191 | INFO     | src.models.pvt_autoencoder.training:train_pvt_autoencoder_progressive_unfreeze:132 - Device: cuda | Model on: cuda:0
2026-02-08 12:23:28.243 | INFO     | src.pipelines.train_vision_backbones:run_pipeline:193 - Evaluating pvt_autoencoder_progressive_unfreeze on MTF
2026-02-08 12:23:28.982 | INFO     | src.models.evaluation:evaluate_tsb_ad_nonoverlapping:65 - Normal (34787) reconstruction error: mean=0.2285, std=0.1473
2026-02-08 12:23:28.982 | INFO     | src.models.evaluation:evaluate_tsb_ad_nonoverlapping:66 - Anomaly (1472) reconstruction error: mean=0.3682, std=0.1507
2026-02-08 12:23:28.982 | INFO     | src.models.evaluation:evaluate_tsb_ad_nonoverlapping:67 - Overlap? Normal max=1.0000, Anomaly min=0.0000
2026-02-08 12:23:41.889 | INFO     | src.models.evaluation:evaluate_tsb_ad_nonoverlapping:83 - {'AUC-PR': 0.12140167066305421, 'AUC-ROC': 0.7522873869986415, 'VUS-PR': np.float64(0.19165228163813625), 'VUS-ROC': np.float64(0.8527552847215998), 'Standard-F1': np.float64(0.21944531344929227), 'PA-F1': 0.4260818484433131, 'Event-based-F1': np.float64(0.24565263797435066), 'R-based-F1': 0.2077878923781425, 'Affiliation-F': 0.7600702871063936}
2026-02-08 12:23:42.048 | INFO     | src.pipelines.train_vision_backbones:run_pipeline:170 - Train images: 102
2026-02-08 12:23:42.048 | INFO     | src.pipelines.train_vision_backbones:run_pipeline:171 - Test images: 1250
2026-02-08 12:23:43.027 | INFO     | src.pipelines.train_vision_backbones:run_pipeline:176 - Training pvt_autoencoder_differential_lr on MTF
2026-02-08 12:23:43.052 | INFO     | src.models.pvt_autoencoder.training:train_pvt_autoencoder_differential_lr:267 - Device: cuda | Model on: cuda:0
2026-02-08 12:24:19.626 | INFO     | src.pipelines.train_vision_backbones:run_pipeline:193 - Evaluating pvt_autoencoder_differential_lr on MTF
2026-02-08 12:24:20.343 | INFO     | src.models.evaluation:evaluate_tsb_ad_nonoverlapping:65 - Normal (34787) reconstruction error: mean=0.2216, std=0.1417
2026-02-08 12:24:20.343 | INFO     | src.models.evaluation:evaluate_tsb_ad_nonoverlapping:66 - Anomaly (1472) reconstruction error: mean=0.3579, std=0.1467
2026-02-08 12:24:20.343 | INFO     | src.models.evaluation:evaluate_tsb_ad_nonoverlapping:67 - Overlap? Normal max=1.0000, Anomaly min=0.0000
2026-02-08 12:24:33.111 | INFO     | src.models.evaluation:evaluate_tsb_ad_nonoverlapping:83 - {'AUC-PR': 0.12725270956374882, 'AUC-ROC': 0.7545640526945974, 'VUS-PR': np.float64(0.17566976336975026), 'VUS-ROC': np.float64(0.84696867244711), 'Standard-F1': np.float64(0.22667722234441276), 'PA-F1': 0.3921368394179219, 'Event-based-F1': np.float64(0.2608454693802145), 'R-based-F1': 0.19443038259684758, 'Affiliation-F': 0.7419447278587784}
2026-02-08 12:24:33.708 | INFO     | src.pipelines.train_vision_backbones:run_pipeline:70 - Using zip: /net/scratch/hscra/plgrid/plgsmendowski12/ts2i_images/SED/236_SED_id_3_Medical_tr_3740_1st_3840_ts2i_RP.zip for transformation RP
2026-02-08 12:24:35.484 | INFO     | src.pipelines.train_vision_backbones:run_pipeline:170 - Train images: 102
2026-02-08 12:24:35.484 | INFO     | src.pipelines.train_vision_backbones:run_pipeline:171 - Test images: 1250
2026-02-08 12:24:35.491 | INFO     | src.pipelines.train_vision_backbones:run_pipeline:176 - Training cnn_autoencoder on RP
2026-02-08 12:24:35.495 | INFO     | src.models.cnn_autoencoder.training:train_autoencoder:22 - Device: cuda | Model on: cuda:0
2026-02-08 12:25:04.740 | INFO     | src.pipelines.train_vision_backbones:run_pipeline:193 - Evaluating cnn_autoencoder on RP
2026-02-08 12:25:05.699 | INFO     | src.models.evaluation:evaluate_tsb_ad_nonoverlapping:65 - Normal (34787) reconstruction error: mean=0.2555, std=0.1860
2026-02-08 12:25:05.699 | INFO     | src.models.evaluation:evaluate_tsb_ad_nonoverlapping:66 - Anomaly (1472) reconstruction error: mean=0.4295, std=0.2373
2026-02-08 12:25:05.699 | INFO     | src.models.evaluation:evaluate_tsb_ad_nonoverlapping:67 - Overlap? Normal max=0.8433, Anomaly min=0.0103
2026-02-08 12:25:18.934 | INFO     | src.models.evaluation:evaluate_tsb_ad_nonoverlapping:83 - {'AUC-PR': 0.16309977631361477, 'AUC-ROC': 0.7141903608106976, 'VUS-PR': np.float64(0.17690708612257988), 'VUS-ROC': np.float64(0.8177094980370182), 'Standard-F1': np.float64(0.20885349857553268), 'PA-F1': 0.3982576228998133, 'Event-based-F1': np.float64(0.31257572086261165), 'R-based-F1': 0.21478747946903448, 'Affiliation-F': 0.7443631485569311}
2026-02-08 12:25:19.088 | INFO     | src.pipelines.train_vision_backbones:run_pipeline:170 - Train images: 102
2026-02-08 12:25:19.088 | INFO     | src.pipelines.train_vision_backbones:run_pipeline:171 - Test images: 1250
2026-02-08 12:25:19.306 | INFO     | src.pipelines.train_vision_backbones:run_pipeline:176 - Training resnet18_autoencoder_frozen on RP
2026-02-08 12:25:19.320 | INFO     | src.models.resnet18_autoencoder.training:train_autoencoder_frozen:25 - Device: cuda | Model on: cuda:0
2026-02-08 12:25:48.225 | INFO     | src.pipelines.train_vision_backbones:run_pipeline:193 - Evaluating resnet18_autoencoder_frozen on RP
2026-02-08 12:25:49.556 | INFO     | src.models.evaluation:evaluate_tsb_ad_nonoverlapping:65 - Normal (34787) reconstruction error: mean=0.3861, std=0.2058
2026-02-08 12:25:49.556 | INFO     | src.models.evaluation:evaluate_tsb_ad_nonoverlapping:66 - Anomaly (1472) reconstruction error: mean=0.5160, std=0.1976
2026-02-08 12:25:49.556 | INFO     | src.models.evaluation:evaluate_tsb_ad_nonoverlapping:67 - Overlap? Normal max=1.0000, Anomaly min=0.0621
2026-02-08 12:26:04.473 | INFO     | src.models.evaluation:evaluate_tsb_ad_nonoverlapping:83 - {'AUC-PR': 0.08908397168144713, 'AUC-ROC': 0.6797090890712547, 'VUS-PR': np.float64(0.13793672269872112), 'VUS-ROC': np.float64(0.7970467618019916), 'Standard-F1': np.float64(0.14825156569927944), 'PA-F1': 0.35201100034376076, 'Event-based-F1': np.float64(0.21975634360207918), 'R-based-F1': 0.16762925011644153, 'Affiliation-F': 0.712375083473269}
2026-02-08 12:26:04.630 | INFO     | src.pipelines.train_vision_backbones:run_pipeline:170 - Train images: 102
2026-02-08 12:26:04.630 | INFO     | src.pipelines.train_vision_backbones:run_pipeline:171 - Test images: 1250
2026-02-08 12:26:04.848 | INFO     | src.pipelines.train_vision_backbones:run_pipeline:176 - Training resnet18_autoencoder_progressive_unfreeze on RP
2026-02-08 12:26:04.863 | INFO     | src.models.resnet18_autoencoder.training:train_autoencoder_progressive_unfreeze:133 - Device: cuda | Model on: cuda:0
2026-02-08 12:26:30.659 | INFO     | src.pipelines.train_vision_backbones:run_pipeline:193 - Evaluating resnet18_autoencoder_progressive_unfreeze on RP
2026-02-08 12:26:31.680 | INFO     | src.models.evaluation:evaluate_tsb_ad_nonoverlapping:65 - Normal (34787) reconstruction error: mean=0.3004, std=0.1904
2026-02-08 12:26:31.680 | INFO     | src.models.evaluation:evaluate_tsb_ad_nonoverlapping:66 - Anomaly (1472) reconstruction error: mean=0.4694, std=0.1806
2026-02-08 12:26:31.680 | INFO     | src.models.evaluation:evaluate_tsb_ad_nonoverlapping:67 - Overlap? Normal max=1.0000, Anomaly min=0.0381
2026-02-08 12:26:45.466 | INFO     | src.models.evaluation:evaluate_tsb_ad_nonoverlapping:83 - {'AUC-PR': 0.10012924729382955, 'AUC-ROC': 0.7476875185132877, 'VUS-PR': np.float64(0.16744691263369818), 'VUS-ROC': np.float64(0.8488840277009306), 'Standard-F1': np.float64(0.20310945272346506), 'PA-F1': 0.37468636743797046, 'Event-based-F1': np.float64(0.22966626284083153), 'R-based-F1': 0.18671409668893094, 'Affiliation-F': 0.7270618558946941}
2026-02-08 12:26:45.624 | INFO     | src.pipelines.train_vision_backbones:run_pipeline:170 - Train images: 102
2026-02-08 12:26:45.624 | INFO     | src.pipelines.train_vision_backbones:run_pipeline:171 - Test images: 1250
2026-02-08 12:26:45.842 | INFO     | src.pipelines.train_vision_backbones:run_pipeline:176 - Training resnet18_autoencoder_differential_lr on RP
2026-02-08 12:26:45.859 | INFO     | src.models.resnet18_autoencoder.training:train_autoencoder_differential_lr:271 - Device: cuda | Model on: cuda:0
2026-02-08 12:27:16.474 | INFO     | src.pipelines.train_vision_backbones:run_pipeline:193 - Evaluating resnet18_autoencoder_differential_lr on RP
2026-02-08 12:27:17.332 | INFO     | src.models.evaluation:evaluate_tsb_ad_nonoverlapping:65 - Normal (34787) reconstruction error: mean=0.3603, std=0.2000
2026-02-08 12:27:17.332 | INFO     | src.models.evaluation:evaluate_tsb_ad_nonoverlapping:66 - Anomaly (1472) reconstruction error: mean=0.5741, std=0.2163
2026-02-08 12:27:17.332 | INFO     | src.models.evaluation:evaluate_tsb_ad_nonoverlapping:67 - Overlap? Normal max=1.0000, Anomaly min=0.0923
2026-02-08 12:27:31.934 | INFO     | src.models.evaluation:evaluate_tsb_ad_nonoverlapping:83 - {'AUC-PR': 0.1368146554128514, 'AUC-ROC': 0.7651618553470124, 'VUS-PR': np.float64(0.2136086441584073), 'VUS-ROC': np.float64(0.869591428901684), 'Standard-F1': np.float64(0.26372424593643795), 'PA-F1': 0.47512991833704527, 'Event-based-F1': np.float64(0.2965619938913704), 'R-based-F1': 0.24086285851026626, 'Affiliation-F': 0.7646734998241125}
2026-02-08 12:27:32.091 | INFO     | src.pipelines.train_vision_backbones:run_pipeline:170 - Train images: 102
2026-02-08 12:27:32.092 | INFO     | src.pipelines.train_vision_backbones:run_pipeline:171 - Test images: 1250
2026-02-08 12:27:33.072 | INFO     | src.pipelines.train_vision_backbones:run_pipeline:176 - Training pvt_autoencoder_frozen on RP
2026-02-08 12:27:33.096 | INFO     | src.models.pvt_autoencoder.training:train_pvt_autoencoder_frozen:24 - Device: cuda | Model on: cuda:0
2026-02-08 12:28:05.179 | INFO     | src.pipelines.train_vision_backbones:run_pipeline:193 - Evaluating pvt_autoencoder_frozen on RP
2026-02-08 12:28:05.909 | INFO     | src.models.evaluation:evaluate_tsb_ad_nonoverlapping:65 - Normal (34787) reconstruction error: mean=0.3543, std=0.1935
2026-02-08 12:28:05.909 | INFO     | src.models.evaluation:evaluate_tsb_ad_nonoverlapping:66 - Anomaly (1472) reconstruction error: mean=0.5374, std=0.2154
2026-02-08 12:28:05.909 | INFO     | src.models.evaluation:evaluate_tsb_ad_nonoverlapping:67 - Overlap? Normal max=1.0000, Anomaly min=0.0478
2026-02-08 12:28:20.369 | INFO     | src.models.evaluation:evaluate_tsb_ad_nonoverlapping:83 - {'AUC-PR': 0.16188213494721998, 'AUC-ROC': 0.7363091308159846, 'VUS-PR': np.float64(0.2119008469475131), 'VUS-ROC': np.float64(0.8439942299248646), 'Standard-F1': np.float64(0.2582997811822518), 'PA-F1': 0.4829049752416883, 'Event-based-F1': np.float64(0.32055171209707306), 'R-based-F1': 0.2631839657974815, 'Affiliation-F': 0.7766857701250656}
2026-02-08 12:28:20.528 | INFO     | src.pipelines.train_vision_backbones:run_pipeline:170 - Train images: 102
2026-02-08 12:28:20.528 | INFO     | src.pipelines.train_vision_backbones:run_pipeline:171 - Test images: 1250
2026-02-08 12:28:21.503 | INFO     | src.pipelines.train_vision_backbones:run_pipeline:176 - Training pvt_autoencoder_progressive_unfreeze on RP
2026-02-08 12:28:21.528 | INFO     | src.models.pvt_autoencoder.training:train_pvt_autoencoder_progressive_unfreeze:132 - Device: cuda | Model on: cuda:0
2026-02-08 12:28:54.651 | INFO     | src.pipelines.train_vision_backbones:run_pipeline:193 - Evaluating pvt_autoencoder_progressive_unfreeze on RP
2026-02-08 12:28:55.373 | INFO     | src.models.evaluation:evaluate_tsb_ad_nonoverlapping:65 - Normal (34787) reconstruction error: mean=0.3116, std=0.1817
2026-02-08 12:28:55.373 | INFO     | src.models.evaluation:evaluate_tsb_ad_nonoverlapping:66 - Anomaly (1472) reconstruction error: mean=0.5398, std=0.2233
2026-02-08 12:28:55.373 | INFO     | src.models.evaluation:evaluate_tsb_ad_nonoverlapping:67 - Overlap? Normal max=1.0000, Anomaly min=0.0582
2026-02-08 12:29:09.385 | INFO     | src.models.evaluation:evaluate_tsb_ad_nonoverlapping:83 - {'AUC-PR': 0.22738618981514302, 'AUC-ROC': 0.7809462688148121, 'VUS-PR': np.float64(0.29332069037472513), 'VUS-ROC': np.float64(0.8892558846844523), 'Standard-F1': np.float64(0.3110382958614036), 'PA-F1': 0.5510116229014206, 'Event-based-F1': np.float64(0.40928581990240964), 'R-based-F1': 0.2813414662987337, 'Affiliation-F': 0.8224895126416035}
2026-02-08 12:29:09.544 | INFO     | src.pipelines.train_vision_backbones:run_pipeline:170 - Train images: 102
2026-02-08 12:29:09.544 | INFO     | src.pipelines.train_vision_backbones:run_pipeline:171 - Test images: 1250
2026-02-08 12:29:10.521 | INFO     | src.pipelines.train_vision_backbones:run_pipeline:176 - Training pvt_autoencoder_differential_lr on RP
2026-02-08 12:29:10.545 | INFO     | src.models.pvt_autoencoder.training:train_pvt_autoencoder_differential_lr:267 - Device: cuda | Model on: cuda:0
2026-02-08 12:29:48.473 | INFO     | src.pipelines.train_vision_backbones:run_pipeline:193 - Evaluating pvt_autoencoder_differential_lr on RP
2026-02-08 12:29:49.204 | INFO     | src.models.evaluation:evaluate_tsb_ad_nonoverlapping:65 - Normal (34787) reconstruction error: mean=0.2733, std=0.1505
2026-02-08 12:29:49.204 | INFO     | src.models.evaluation:evaluate_tsb_ad_nonoverlapping:66 - Anomaly (1472) reconstruction error: mean=0.4908, std=0.2148
2026-02-08 12:29:49.204 | INFO     | src.models.evaluation:evaluate_tsb_ad_nonoverlapping:67 - Overlap? Normal max=1.0000, Anomaly min=0.0507
2026-02-08 12:30:02.598 | INFO     | src.models.evaluation:evaluate_tsb_ad_nonoverlapping:83 - {'AUC-PR': 0.29152370963162666, 'AUC-ROC': 0.7900672461976677, 'VUS-PR': np.float64(0.356512566818598), 'VUS-ROC': np.float64(0.8915422645556155), 'Standard-F1': np.float64(0.37729682287072863), 'PA-F1': 0.6583963691376702, 'Event-based-F1': np.float64(0.54557263476943), 'R-based-F1': 0.3954635765197588, 'Affiliation-F': 0.8030304587003949}
2026-02-08 12:30:03.198 | INFO     | src.pipelines.train_vision_backbones:run_pipeline:70 - Using zip: /net/scratch/hscra/plgrid/plgsmendowski12/ts2i_images/SED/236_SED_id_3_Medical_tr_3740_1st_3840_ts2i_RWT.zip for transformation RWT
2026-02-08 12:30:04.687 | INFO     | src.pipelines.train_vision_backbones:run_pipeline:170 - Train images: 102
2026-02-08 12:30:04.687 | INFO     | src.pipelines.train_vision_backbones:run_pipeline:171 - Test images: 1250
2026-02-08 12:30:04.694 | INFO     | src.pipelines.train_vision_backbones:run_pipeline:176 - Training cnn_autoencoder on RWT
2026-02-08 12:30:04.698 | INFO     | src.models.cnn_autoencoder.training:train_autoencoder:22 - Device: cuda | Model on: cuda:0
2026-02-08 12:30:33.336 | INFO     | src.pipelines.train_vision_backbones:run_pipeline:193 - Evaluating cnn_autoencoder on RWT
2026-02-08 12:30:34.341 | INFO     | src.models.evaluation:evaluate_tsb_ad_nonoverlapping:65 - Normal (34787) reconstruction error: mean=0.0203, std=0.0437
2026-02-08 12:30:34.342 | INFO     | src.models.evaluation:evaluate_tsb_ad_nonoverlapping:66 - Anomaly (1472) reconstruction error: mean=0.0108, std=0.0554
2026-02-08 12:30:34.342 | INFO     | src.models.evaluation:evaluate_tsb_ad_nonoverlapping:67 - Overlap? Normal max=1.0000, Anomaly min=0.0000
2026-02-08 12:30:44.228 | INFO     | src.models.evaluation:evaluate_tsb_ad_nonoverlapping:83 - {'AUC-PR': 0.025583737537382054, 'AUC-ROC': 0.16921006301079491, 'VUS-PR': np.float64(0.0633396687902845), 'VUS-ROC': np.float64(0.42041161479240197), 'Standard-F1': np.float64(0.07802527653163134), 'PA-F1': 0.2472952086553323, 'Event-based-F1': np.float64(0.10398613518197526), 'R-based-F1': 0.05986430756950912, 'Affiliation-F': 0.6704400494784104}
2026-02-08 12:30:44.385 | INFO     | src.pipelines.train_vision_backbones:run_pipeline:170 - Train images: 102
2026-02-08 12:30:44.386 | INFO     | src.pipelines.train_vision_backbones:run_pipeline:171 - Test images: 1250
2026-02-08 12:30:44.605 | INFO     | src.pipelines.train_vision_backbones:run_pipeline:176 - Training resnet18_autoencoder_frozen on RWT
2026-02-08 12:30:44.619 | INFO     | src.models.resnet18_autoencoder.training:train_autoencoder_frozen:25 - Device: cuda | Model on: cuda:0
2026-02-08 12:31:09.459 | INFO     | src.pipelines.train_vision_backbones:run_pipeline:193 - Evaluating resnet18_autoencoder_frozen on RWT
2026-02-08 12:31:10.541 | INFO     | src.models.evaluation:evaluate_tsb_ad_nonoverlapping:65 - Normal (34787) reconstruction error: mean=0.0189, std=0.0608
2026-02-08 12:31:10.541 | INFO     | src.models.evaluation:evaluate_tsb_ad_nonoverlapping:66 - Anomaly (1472) reconstruction error: mean=0.0235, std=0.0916
2026-02-08 12:31:10.541 | INFO     | src.models.evaluation:evaluate_tsb_ad_nonoverlapping:67 - Overlap? Normal max=1.0000, Anomaly min=0.0003
2026-02-08 12:31:20.417 | INFO     | src.models.evaluation:evaluate_tsb_ad_nonoverlapping:83 - {'AUC-PR': 0.04252841661400747, 'AUC-ROC': 0.3950307914250826, 'VUS-PR': np.float64(0.09751522415317845), 'VUS-ROC': np.float64(0.6032662289404394), 'Standard-F1': np.float64(0.10623501700736111), 'PA-F1': 0.33311646063760575, 'Event-based-F1': np.float64(0.1567999999999996), 'R-based-F1': 0.10970149253731343, 'Affiliation-F': 0.6707790451442129}
2026-02-08 12:31:20.573 | INFO     | src.pipelines.train_vision_backbones:run_pipeline:170 - Train images: 102
2026-02-08 12:31:20.573 | INFO     | src.pipelines.train_vision_backbones:run_pipeline:171 - Test images: 1250
2026-02-08 12:31:20.791 | INFO     | src.pipelines.train_vision_backbones:run_pipeline:176 - Training resnet18_autoencoder_progressive_unfreeze on RWT
2026-02-08 12:31:20.804 | INFO     | src.models.resnet18_autoencoder.training:train_autoencoder_progressive_unfreeze:133 - Device: cuda | Model on: cuda:0
2026-02-08 12:31:42.247 | INFO     | src.pipelines.train_vision_backbones:run_pipeline:193 - Evaluating resnet18_autoencoder_progressive_unfreeze on RWT
2026-02-08 12:31:43.371 | INFO     | src.models.evaluation:evaluate_tsb_ad_nonoverlapping:65 - Normal (34787) reconstruction error: mean=0.0207, std=0.0684
2026-02-08 12:31:43.371 | INFO     | src.models.evaluation:evaluate_tsb_ad_nonoverlapping:66 - Anomaly (1472) reconstruction error: mean=0.0167, std=0.0870
2026-02-08 12:31:43.371 | INFO     | src.models.evaluation:evaluate_tsb_ad_nonoverlapping:67 - Overlap? Normal max=1.0000, Anomaly min=0.0000
2026-02-08 12:31:53.432 | INFO     | src.models.evaluation:evaluate_tsb_ad_nonoverlapping:83 - {'AUC-PR': 0.027814589657201613, 'AUC-ROC': 0.23471136378407226, 'VUS-PR': np.float64(0.06605763183521153), 'VUS-ROC': np.float64(0.461805101427182), 'Standard-F1': np.float64(0.08108409546553778), 'PA-F1': 0.2588996763754045, 'Event-based-F1': np.float64(0.11320754716981084), 'R-based-F1': 0.06486954014703762, 'Affiliation-F': 0.671286743757921}
2026-02-08 12:31:53.591 | INFO     | src.pipelines.train_vision_backbones:run_pipeline:170 - Train images: 102
2026-02-08 12:31:53.591 | INFO     | src.pipelines.train_vision_backbones:run_pipeline:171 - Test images: 1250
2026-02-08 12:31:53.811 | INFO     | src.pipelines.train_vision_backbones:run_pipeline:176 - Training resnet18_autoencoder_differential_lr on RWT
2026-02-08 12:31:53.825 | INFO     | src.models.resnet18_autoencoder.training:train_autoencoder_differential_lr:271 - Device: cuda | Model on: cuda:0
2026-02-08 12:32:15.823 | INFO     | src.pipelines.train_vision_backbones:run_pipeline:193 - Evaluating resnet18_autoencoder_differential_lr on RWT
2026-02-08 12:32:16.708 | INFO     | src.models.evaluation:evaluate_tsb_ad_nonoverlapping:65 - Normal (34787) reconstruction error: mean=0.0157, std=0.0498
2026-02-08 12:32:16.708 | INFO     | src.models.evaluation:evaluate_tsb_ad_nonoverlapping:66 - Anomaly (1472) reconstruction error: mean=0.0099, std=0.0659
2026-02-08 12:32:16.708 | INFO     | src.models.evaluation:evaluate_tsb_ad_nonoverlapping:67 - Overlap? Normal max=1.0000, Anomaly min=0.0000
2026-02-08 12:32:26.596 | INFO     | src.models.evaluation:evaluate_tsb_ad_nonoverlapping:83 - {'AUC-PR': 0.026595072055431275, 'AUC-ROC': 0.2275137568569468, 'VUS-PR': np.float64(0.06382320676105134), 'VUS-ROC': np.float64(0.4573461569406335), 'Standard-F1': np.float64(0.07979076890151916), 'PA-F1': 0.23925233644859814, 'Event-based-F1': np.float64(0.07929515418502173), 'R-based-F1': 0.0595548790297362, 'Affiliation-F': 0.6705292705245116}
2026-02-08 12:32:26.757 | INFO     | src.pipelines.train_vision_backbones:run_pipeline:170 - Train images: 102
2026-02-08 12:32:26.757 | INFO     | src.pipelines.train_vision_backbones:run_pipeline:171 - Test images: 1250
2026-02-08 12:32:27.773 | INFO     | src.pipelines.train_vision_backbones:run_pipeline:176 - Training pvt_autoencoder_frozen on RWT
2026-02-08 12:32:27.796 | INFO     | src.models.pvt_autoencoder.training:train_pvt_autoencoder_frozen:24 - Device: cuda | Model on: cuda:0
2026-02-08 12:32:54.951 | INFO     | src.pipelines.train_vision_backbones:run_pipeline:193 - Evaluating pvt_autoencoder_frozen on RWT
2026-02-08 12:32:55.706 | INFO     | src.models.evaluation:evaluate_tsb_ad_nonoverlapping:65 - Normal (34787) reconstruction error: mean=0.0148, std=0.0513
2026-02-08 12:32:55.706 | INFO     | src.models.evaluation:evaluate_tsb_ad_nonoverlapping:66 - Anomaly (1472) reconstruction error: mean=0.0111, std=0.0679
2026-02-08 12:32:55.706 | INFO     | src.models.evaluation:evaluate_tsb_ad_nonoverlapping:67 - Overlap? Normal max=1.0000, Anomaly min=0.0000
2026-02-08 12:33:05.588 | INFO     | src.models.evaluation:evaluate_tsb_ad_nonoverlapping:83 - {'AUC-PR': 0.028247376434055615, 'AUC-ROC': 0.270363581441593, 'VUS-PR': np.float64(0.06521351574857895), 'VUS-ROC': np.float64(0.5018784384860451), 'Standard-F1': np.float64(0.07802527653163134), 'PA-F1': 0.24268689057421453, 'Event-based-F1': np.float64(0.07989347536617793), 'R-based-F1': 0.05557613931085588, 'Affiliation-F': 0.6697267018686477}
2026-02-08 12:33:05.743 | INFO     | src.pipelines.train_vision_backbones:run_pipeline:170 - Train images: 102
2026-02-08 12:33:05.743 | INFO     | src.pipelines.train_vision_backbones:run_pipeline:171 - Test images: 1250
2026-02-08 12:33:06.721 | INFO     | src.pipelines.train_vision_backbones:run_pipeline:176 - Training pvt_autoencoder_progressive_unfreeze on RWT
2026-02-08 12:33:06.746 | INFO     | src.models.pvt_autoencoder.training:train_pvt_autoencoder_progressive_unfreeze:132 - Device: cuda | Model on: cuda:0
2026-02-08 12:33:36.326 | INFO     | src.pipelines.train_vision_backbones:run_pipeline:193 - Evaluating pvt_autoencoder_progressive_unfreeze on RWT
2026-02-08 12:33:37.108 | INFO     | src.models.evaluation:evaluate_tsb_ad_nonoverlapping:65 - Normal (34787) reconstruction error: mean=0.0120, std=0.0464
2026-02-08 12:33:37.108 | INFO     | src.models.evaluation:evaluate_tsb_ad_nonoverlapping:66 - Anomaly (1472) reconstruction error: mean=0.0094, std=0.0630
2026-02-08 12:33:37.108 | INFO     | src.models.evaluation:evaluate_tsb_ad_nonoverlapping:67 - Overlap? Normal max=1.0000, Anomaly min=0.0000
2026-02-08 12:33:46.767 | INFO     | src.models.evaluation:evaluate_tsb_ad_nonoverlapping:83 - {'AUC-PR': 0.027639935538223217, 'AUC-ROC': 0.27161324788995383, 'VUS-PR': np.float64(0.06786759240102538), 'VUS-ROC': np.float64(0.5020691192631975), 'Standard-F1': np.float64(0.07802527653163134), 'PA-F1': 0.2838137472283814, 'Event-based-F1': np.float64(0.09017021929151942), 'R-based-F1': 0.06444006076684126, 'Affiliation-F': 0.6703550946743477}
2026-02-08 12:33:46.927 | INFO     | src.pipelines.train_vision_backbones:run_pipeline:170 - Train images: 102
2026-02-08 12:33:46.928 | INFO     | src.pipelines.train_vision_backbones:run_pipeline:171 - Test images: 1250
2026-02-08 12:33:47.908 | INFO     | src.pipelines.train_vision_backbones:run_pipeline:176 - Training pvt_autoencoder_differential_lr on RWT
2026-02-08 12:33:47.933 | INFO     | src.models.pvt_autoencoder.training:train_pvt_autoencoder_differential_lr:267 - Device: cuda | Model on: cuda:0
2026-02-08 12:34:12.429 | INFO     | src.pipelines.train_vision_backbones:run_pipeline:193 - Evaluating pvt_autoencoder_differential_lr on RWT
2026-02-08 12:34:13.170 | INFO     | src.models.evaluation:evaluate_tsb_ad_nonoverlapping:65 - Normal (34787) reconstruction error: mean=0.0126, std=0.0452
2026-02-08 12:34:13.171 | INFO     | src.models.evaluation:evaluate_tsb_ad_nonoverlapping:66 - Anomaly (1472) reconstruction error: mean=0.0075, std=0.0498
2026-02-08 12:34:13.171 | INFO     | src.models.evaluation:evaluate_tsb_ad_nonoverlapping:67 - Overlap? Normal max=1.0000, Anomaly min=0.0000
2026-02-08 12:34:22.947 | INFO     | src.models.evaluation:evaluate_tsb_ad_nonoverlapping:83 - {'AUC-PR': 0.024789061745649696, 'AUC-ROC': 0.17402156493367713, 'VUS-PR': np.float64(0.060621173227859045), 'VUS-ROC': np.float64(0.43175118658033745), 'Standard-F1': np.float64(0.07802527653163134), 'PA-F1': 0.25634178905206945, 'Event-based-F1': np.float64(0.09090909090909058), 'R-based-F1': 0.062266500622665005, 'Affiliation-F': 0.6704400494784104}
2026-02-08 12:34:23.546 | INFO     | src.pipelines.train_vision_backbones:run_pipeline:70 - Using zip: /net/scratch/hscra/plgrid/plgsmendowski12/ts2i_images/SED/236_SED_id_3_Medical_tr_3740_1st_3840_ts2i_MWT.zip for transformation MWT
2026-02-08 12:34:25.355 | INFO     | src.pipelines.train_vision_backbones:run_pipeline:170 - Train images: 102
2026-02-08 12:34:25.355 | INFO     | src.pipelines.train_vision_backbones:run_pipeline:171 - Test images: 1250
2026-02-08 12:34:25.362 | INFO     | src.pipelines.train_vision_backbones:run_pipeline:176 - Training cnn_autoencoder on MWT
2026-02-08 12:34:25.366 | INFO     | src.models.cnn_autoencoder.training:train_autoencoder:22 - Device: cuda | Model on: cuda:0
2026-02-08 12:34:55.432 | INFO     | src.pipelines.train_vision_backbones:run_pipeline:193 - Evaluating cnn_autoencoder on MWT
2026-02-08 12:34:56.538 | INFO     | src.models.evaluation:evaluate_tsb_ad_nonoverlapping:65 - Normal (34787) reconstruction error: mean=0.0686, std=0.0855
2026-02-08 12:34:56.538 | INFO     | src.models.evaluation:evaluate_tsb_ad_nonoverlapping:66 - Anomaly (1472) reconstruction error: mean=0.0362, std=0.1354
2026-02-08 12:34:56.539 | INFO     | src.models.evaluation:evaluate_tsb_ad_nonoverlapping:67 - Overlap? Normal max=1.0000, Anomaly min=0.0000
2026-02-08 12:35:07.224 | INFO     | src.models.evaluation:evaluate_tsb_ad_nonoverlapping:83 - {'AUC-PR': 0.03172385403245287, 'AUC-ROC': 0.21084420123209446, 'VUS-PR': np.float64(0.07276705704541768), 'VUS-ROC': np.float64(0.4554647835350666), 'Standard-F1': np.float64(0.07802527653163134), 'PA-F1': 0.2665278500780843, 'Event-based-F1': np.float64(0.18927444794952641), 'R-based-F1': 0.08398845864347244, 'Affiliation-F': 0.670665098330437}
2026-02-08 12:35:07.382 | INFO     | src.pipelines.train_vision_backbones:run_pipeline:170 - Train images: 102
2026-02-08 12:35:07.382 | INFO     | src.pipelines.train_vision_backbones:run_pipeline:171 - Test images: 1250
2026-02-08 12:35:07.600 | INFO     | src.pipelines.train_vision_backbones:run_pipeline:176 - Training resnet18_autoencoder_frozen on MWT
2026-02-08 12:35:07.614 | INFO     | src.models.resnet18_autoencoder.training:train_autoencoder_frozen:25 - Device: cuda | Model on: cuda:0
2026-02-08 12:35:36.147 | INFO     | src.pipelines.train_vision_backbones:run_pipeline:193 - Evaluating resnet18_autoencoder_frozen on MWT
2026-02-08 12:35:37.223 | INFO     | src.models.evaluation:evaluate_tsb_ad_nonoverlapping:65 - Normal (34787) reconstruction error: mean=0.1010, std=0.1663
2026-02-08 12:35:37.223 | INFO     | src.models.evaluation:evaluate_tsb_ad_nonoverlapping:66 - Anomaly (1472) reconstruction error: mean=0.0547, std=0.1378
2026-02-08 12:35:37.223 | INFO     | src.models.evaluation:evaluate_tsb_ad_nonoverlapping:67 - Overlap? Normal max=1.0000, Anomaly min=0.0000
2026-02-08 12:35:48.514 | INFO     | src.models.evaluation:evaluate_tsb_ad_nonoverlapping:83 - {'AUC-PR': 0.03548422565920179, 'AUC-ROC': 0.414793120649768, 'VUS-PR': np.float64(0.0736317405882185), 'VUS-ROC': np.float64(0.5897647987912904), 'Standard-F1': np.float64(0.0820990662850302), 'PA-F1': 0.18303145853193517, 'Event-based-F1': np.float64(0.08645533141210329), 'R-based-F1': 0.07441963854467068, 'Affiliation-F': 0.6707478952952429}
2026-02-08 12:35:48.673 | INFO     | src.pipelines.train_vision_backbones:run_pipeline:170 - Train images: 102
2026-02-08 12:35:48.674 | INFO     | src.pipelines.train_vision_backbones:run_pipeline:171 - Test images: 1250
2026-02-08 12:35:48.889 | INFO     | src.pipelines.train_vision_backbones:run_pipeline:176 - Training resnet18_autoencoder_progressive_unfreeze on MWT
2026-02-08 12:35:48.903 | INFO     | src.models.resnet18_autoencoder.training:train_autoencoder_progressive_unfreeze:133 - Device: cuda | Model on: cuda:0
2026-02-08 12:36:19.828 | INFO     | src.pipelines.train_vision_backbones:run_pipeline:193 - Evaluating resnet18_autoencoder_progressive_unfreeze on MWT
2026-02-08 12:36:20.894 | INFO     | src.models.evaluation:evaluate_tsb_ad_nonoverlapping:65 - Normal (34787) reconstruction error: mean=0.0664, std=0.1193
2026-02-08 12:36:20.895 | INFO     | src.models.evaluation:evaluate_tsb_ad_nonoverlapping:66 - Anomaly (1472) reconstruction error: mean=0.0409, std=0.1288
2026-02-08 12:36:20.895 | INFO     | src.models.evaluation:evaluate_tsb_ad_nonoverlapping:67 - Overlap? Normal max=1.0000, Anomaly min=0.0000
2026-02-08 12:36:31.609 | INFO     | src.models.evaluation:evaluate_tsb_ad_nonoverlapping:83 - {'AUC-PR': 0.034766917799366893, 'AUC-ROC': 0.33897429433908965, 'VUS-PR': np.float64(0.07487944416754569), 'VUS-ROC': np.float64(0.5363295586114663), 'Standard-F1': np.float64(0.0822269834198069), 'PA-F1': 0.2616249361267246, 'Event-based-F1': np.float64(0.18927444794952641), 'R-based-F1': 0.07550091956248187, 'Affiliation-F': 0.6703793891746449}
2026-02-08 12:36:31.765 | INFO     | src.pipelines.train_vision_backbones:run_pipeline:170 - Train images: 102
2026-02-08 12:36:31.765 | INFO     | src.pipelines.train_vision_backbones:run_pipeline:171 - Test images: 1250
2026-02-08 12:36:31.982 | INFO     | src.pipelines.train_vision_backbones:run_pipeline:176 - Training resnet18_autoencoder_differential_lr on MWT
2026-02-08 12:36:31.996 | INFO     | src.models.resnet18_autoencoder.training:train_autoencoder_differential_lr:271 - Device: cuda | Model on: cuda:0
2026-02-08 12:36:57.854 | INFO     | src.pipelines.train_vision_backbones:run_pipeline:193 - Evaluating resnet18_autoencoder_differential_lr on MWT
2026-02-08 12:36:58.751 | INFO     | src.models.evaluation:evaluate_tsb_ad_nonoverlapping:65 - Normal (34787) reconstruction error: mean=0.0868, std=0.1244
2026-02-08 12:36:58.752 | INFO     | src.models.evaluation:evaluate_tsb_ad_nonoverlapping:66 - Anomaly (1472) reconstruction error: mean=0.0440, std=0.1243
2026-02-08 12:36:58.752 | INFO     | src.models.evaluation:evaluate_tsb_ad_nonoverlapping:67 - Overlap? Normal max=1.0000, Anomaly min=0.0000
2026-02-08 12:37:09.697 | INFO     | src.models.evaluation:evaluate_tsb_ad_nonoverlapping:83 - {'AUC-PR': 0.028576381718405906, 'AUC-ROC': 0.24438438084691805, 'VUS-PR': np.float64(0.07118856678726035), 'VUS-ROC': np.float64(0.47629953706041184), 'Standard-F1': np.float64(0.08021010194310373), 'PA-F1': 0.20335392762577228, 'Event-based-F1': np.float64(0.11808118081180768), 'R-based-F1': 0.05414880905274143, 'Affiliation-F': 0.6704721268284325}
2026-02-08 12:37:09.855 | INFO     | src.pipelines.train_vision_backbones:run_pipeline:170 - Train images: 102
2026-02-08 12:37:09.855 | INFO     | src.pipelines.train_vision_backbones:run_pipeline:171 - Test images: 1250
2026-02-08 12:37:10.834 | INFO     | src.pipelines.train_vision_backbones:run_pipeline:176 - Training pvt_autoencoder_frozen on MWT
2026-02-08 12:37:10.857 | INFO     | src.models.pvt_autoencoder.training:train_pvt_autoencoder_frozen:24 - Device: cuda | Model on: cuda:0
2026-02-08 12:37:41.027 | INFO     | src.pipelines.train_vision_backbones:run_pipeline:193 - Evaluating pvt_autoencoder_frozen on MWT
2026-02-08 12:37:41.797 | INFO     | src.models.evaluation:evaluate_tsb_ad_nonoverlapping:65 - Normal (34787) reconstruction error: mean=0.0634, std=0.1087
2026-02-08 12:37:41.798 | INFO     | src.models.evaluation:evaluate_tsb_ad_nonoverlapping:66 - Anomaly (1472) reconstruction error: mean=0.0438, std=0.1279
2026-02-08 12:37:41.798 | INFO     | src.models.evaluation:evaluate_tsb_ad_nonoverlapping:67 - Overlap? Normal max=1.0000, Anomaly min=0.0000
2026-02-08 12:37:52.397 | INFO     | src.models.evaluation:evaluate_tsb_ad_nonoverlapping:83 - {'AUC-PR': 0.0354182986919787, 'AUC-ROC': 0.3388871764314755, 'VUS-PR': np.float64(0.08502642209673722), 'VUS-ROC': np.float64(0.552314150726232), 'Standard-F1': np.float64(0.0780852928146627), 'PA-F1': 0.274825550187869, 'Event-based-F1': np.float64(0.19585687382297504), 'R-based-F1': 0.08958319395196361, 'Affiliation-F': 0.6707460667248769}
2026-02-08 12:37:52.553 | INFO     | src.pipelines.train_vision_backbones:run_pipeline:170 - Train images: 102
2026-02-08 12:37:52.553 | INFO     | src.pipelines.train_vision_backbones:run_pipeline:171 - Test images: 1250
2026-02-08 12:37:53.535 | INFO     | src.pipelines.train_vision_backbones:run_pipeline:176 - Training pvt_autoencoder_progressive_unfreeze on MWT
2026-02-08 12:37:53.559 | INFO     | src.models.pvt_autoencoder.training:train_pvt_autoencoder_progressive_unfreeze:132 - Device: cuda | Model on: cuda:0
2026-02-08 12:38:29.891 | INFO     | src.pipelines.train_vision_backbones:run_pipeline:193 - Evaluating pvt_autoencoder_progressive_unfreeze on MWT
2026-02-08 12:38:48.489 | INFO     | src.models.evaluation:evaluate_tsb_ad_nonoverlapping:65 - Normal (34787) reconstruction error: mean=0.0556, std=0.0995
2026-02-08 12:38:48.489 | INFO     | src.models.evaluation:evaluate_tsb_ad_nonoverlapping:66 - Anomaly (1472) reconstruction error: mean=0.0363, std=0.1317
2026-02-08 12:38:48.489 | INFO     | src.models.evaluation:evaluate_tsb_ad_nonoverlapping:67 - Overlap? Normal max=1.0000, Anomaly min=0.0000
2026-02-08 12:38:58.933 | INFO     | src.models.evaluation:evaluate_tsb_ad_nonoverlapping:83 - {'AUC-PR': 0.03302129553177625, 'AUC-ROC': 0.25773783169249875, 'VUS-PR': np.float64(0.08186350243876724), 'VUS-ROC': np.float64(0.4919805538043518), 'Standard-F1': np.float64(0.07802527653163134), 'PA-F1': 0.2831858407079646, 'Event-based-F1': np.float64(0.2229102167182658), 'R-based-F1': 0.09249743062692703, 'Affiliation-F': 0.679626555151088}
2026-02-08 12:38:59.167 | INFO     | src.pipelines.train_vision_backbones:run_pipeline:170 - Train images: 102
2026-02-08 12:38:59.167 | INFO     | src.pipelines.train_vision_backbones:run_pipeline:171 - Test images: 1250
2026-02-08 12:39:00.206 | INFO     | src.pipelines.train_vision_backbones:run_pipeline:176 - Training pvt_autoencoder_differential_lr on MWT
2026-02-08 12:39:00.229 | INFO     | src.models.pvt_autoencoder.training:train_pvt_autoencoder_differential_lr:267 - Device: cuda | Model on: cuda:0
2026-02-08 12:39:36.875 | INFO     | src.pipelines.train_vision_backbones:run_pipeline:193 - Evaluating pvt_autoencoder_differential_lr on MWT
2026-02-08 12:39:38.252 | INFO     | src.models.evaluation:evaluate_tsb_ad_nonoverlapping:65 - Normal (34787) reconstruction error: mean=0.0581, std=0.0966
2026-02-08 12:39:38.252 | INFO     | src.models.evaluation:evaluate_tsb_ad_nonoverlapping:66 - Anomaly (1472) reconstruction error: mean=0.0382, std=0.1362
2026-02-08 12:39:38.252 | INFO     | src.models.evaluation:evaluate_tsb_ad_nonoverlapping:67 - Overlap? Normal max=1.0000, Anomaly min=0.0000
2026-02-08 12:39:48.665 | INFO     | src.models.evaluation:evaluate_tsb_ad_nonoverlapping:83 - {'AUC-PR': 0.033050917929555015, 'AUC-ROC': 0.24226562490235612, 'VUS-PR': np.float64(0.07850500873871662), 'VUS-ROC': np.float64(0.4756478438645894), 'Standard-F1': np.float64(0.07802527653163134), 'PA-F1': 0.2800875273522976, 'Event-based-F1': np.float64(0.18927444794952641), 'R-based-F1': 0.07550091956248187, 'Affiliation-F': 0.6704721268284325}
2026-02-08 12:39:49.231 | INFO     | src.pipelines.train_vision_backbones:run_pipeline:70 - Using zip: /net/scratch/hscra/plgrid/plgsmendowski12/ts2i_images/SED/236_SED_id_3_Medical_tr_3740_1st_3840_ts2i_SPIRAL.zip for transformation SPIRAL
2026-02-08 12:39:50.812 | INFO     | src.pipelines.train_vision_backbones:run_pipeline:170 - Train images: 102
2026-02-08 12:39:50.812 | INFO     | src.pipelines.train_vision_backbones:run_pipeline:171 - Test images: 1250
2026-02-08 12:39:50.818 | INFO     | src.pipelines.train_vision_backbones:run_pipeline:176 - Training cnn_autoencoder on SPIRAL
2026-02-08 12:39:50.823 | INFO     | src.models.cnn_autoencoder.training:train_autoencoder:22 - Device: cuda | Model on: cuda:0
2026-02-08 12:40:19.794 | INFO     | src.pipelines.train_vision_backbones:run_pipeline:193 - Evaluating cnn_autoencoder on SPIRAL
2026-02-08 12:40:20.750 | INFO     | src.models.evaluation:evaluate_tsb_ad_nonoverlapping:65 - Normal (34787) reconstruction error: mean=0.3584, std=0.1751
2026-02-08 12:40:20.750 | INFO     | src.models.evaluation:evaluate_tsb_ad_nonoverlapping:66 - Anomaly (1472) reconstruction error: mean=0.1348, std=0.2123
2026-02-08 12:40:20.750 | INFO     | src.models.evaluation:evaluate_tsb_ad_nonoverlapping:67 - Overlap? Normal max=1.0000, Anomaly min=0.0000
2026-02-08 12:40:35.152 | INFO     | src.models.evaluation:evaluate_tsb_ad_nonoverlapping:83 - {'AUC-PR': 0.031627076497729695, 'AUC-ROC': 0.2274973331491899, 'VUS-PR': np.float64(0.07089575157517412), 'VUS-ROC': np.float64(0.46331808105217287), 'Standard-F1': np.float64(0.0872043146627447), 'PA-F1': 0.38417462482946796, 'Event-based-F1': np.float64(0.14163765558681837), 'R-based-F1': 0.11108855023831406, 'Affiliation-F': 0.6706475354413238}
2026-02-08 12:40:35.312 | INFO     | src.pipelines.train_vision_backbones:run_pipeline:170 - Train images: 102
2026-02-08 12:40:35.312 | INFO     | src.pipelines.train_vision_backbones:run_pipeline:171 - Test images: 1250
2026-02-08 12:40:35.576 | INFO     | src.pipelines.train_vision_backbones:run_pipeline:176 - Training resnet18_autoencoder_frozen on SPIRAL
2026-02-08 12:40:35.590 | INFO     | src.models.resnet18_autoencoder.training:train_autoencoder_frozen:25 - Device: cuda | Model on: cuda:0
2026-02-08 12:41:00.455 | INFO     | src.pipelines.train_vision_backbones:run_pipeline:193 - Evaluating resnet18_autoencoder_frozen on SPIRAL
2026-02-08 12:41:01.516 | INFO     | src.models.evaluation:evaluate_tsb_ad_nonoverlapping:65 - Normal (34787) reconstruction error: mean=0.0619, std=0.0610
2026-02-08 12:41:01.516 | INFO     | src.models.evaluation:evaluate_tsb_ad_nonoverlapping:66 - Anomaly (1472) reconstruction error: mean=0.0591, std=0.1022
2026-02-08 12:41:01.516 | INFO     | src.models.evaluation:evaluate_tsb_ad_nonoverlapping:67 - Overlap? Normal max=1.0000, Anomaly min=0.0095
2026-02-08 12:41:12.018 | INFO     | src.models.evaluation:evaluate_tsb_ad_nonoverlapping:83 - {'AUC-PR': 0.04125408674252841, 'AUC-ROC': 0.3562829099076241, 'VUS-PR': np.float64(0.08734903151146065), 'VUS-ROC': np.float64(0.5316031289039749), 'Standard-F1': np.float64(0.10162342577286215), 'PA-F1': 0.2982292637465051, 'Event-based-F1': np.float64(0.17985012489591956), 'R-based-F1': 0.10397428487352135, 'Affiliation-F': 0.6710976760349202}
2026-02-08 12:41:12.175 | INFO     | src.pipelines.train_vision_backbones:run_pipeline:170 - Train images: 102
2026-02-08 12:41:12.176 | INFO     | src.pipelines.train_vision_backbones:run_pipeline:171 - Test images: 1250
2026-02-08 12:41:12.390 | INFO     | src.pipelines.train_vision_backbones:run_pipeline:176 - Training resnet18_autoencoder_progressive_unfreeze on SPIRAL
2026-02-08 12:41:12.404 | INFO     | src.models.resnet18_autoencoder.training:train_autoencoder_progressive_unfreeze:133 - Device: cuda | Model on: cuda:0
2026-02-08 12:41:41.886 | INFO     | src.pipelines.train_vision_backbones:run_pipeline:193 - Evaluating resnet18_autoencoder_progressive_unfreeze on SPIRAL
2026-02-08 12:41:43.132 | INFO     | src.models.evaluation:evaluate_tsb_ad_nonoverlapping:65 - Normal (34787) reconstruction error: mean=0.0751, std=0.0677
2026-02-08 12:41:43.132 | INFO     | src.models.evaluation:evaluate_tsb_ad_nonoverlapping:66 - Anomaly (1472) reconstruction error: mean=0.0467, std=0.1229
2026-02-08 12:41:43.132 | INFO     | src.models.evaluation:evaluate_tsb_ad_nonoverlapping:67 - Overlap? Normal max=1.0000, Anomaly min=0.0042
2026-02-08 12:41:53.726 | INFO     | src.models.evaluation:evaluate_tsb_ad_nonoverlapping:83 - {'AUC-PR': 0.036152650789279525, 'AUC-ROC': 0.23659073588834412, 'VUS-PR': np.float64(0.08308893651566103), 'VUS-ROC': np.float64(0.4294361142556845), 'Standard-F1': np.float64(0.07924340466597532), 'PA-F1': 0.38768298838970217, 'Event-based-F1': np.float64(0.2708429295255637), 'R-based-F1': 0.12314758644596586, 'Affiliation-F': 0.6708644399725547}
2026-02-08 12:41:53.889 | INFO     | src.pipelines.train_vision_backbones:run_pipeline:170 - Train images: 102
2026-02-08 12:41:53.890 | INFO     | src.pipelines.train_vision_backbones:run_pipeline:171 - Test images: 1250
2026-02-08 12:41:54.101 | INFO     | src.pipelines.train_vision_backbones:run_pipeline:176 - Training resnet18_autoencoder_differential_lr on SPIRAL
2026-02-08 12:41:54.115 | INFO     | src.models.resnet18_autoencoder.training:train_autoencoder_differential_lr:271 - Device: cuda | Model on: cuda:0
2026-02-08 12:42:23.728 | INFO     | src.pipelines.train_vision_backbones:run_pipeline:193 - Evaluating resnet18_autoencoder_differential_lr on SPIRAL
2026-02-08 12:42:24.569 | INFO     | src.models.evaluation:evaluate_tsb_ad_nonoverlapping:65 - Normal (34787) reconstruction error: mean=0.0882, std=0.0706
2026-02-08 12:42:24.569 | INFO     | src.models.evaluation:evaluate_tsb_ad_nonoverlapping:66 - Anomaly (1472) reconstruction error: mean=0.0854, std=0.1393
2026-02-08 12:42:24.569 | INFO     | src.models.evaluation:evaluate_tsb_ad_nonoverlapping:67 - Overlap? Normal max=1.0000, Anomaly min=0.0083
2026-02-08 12:42:35.254 | INFO     | src.models.evaluation:evaluate_tsb_ad_nonoverlapping:83 - {'AUC-PR': 0.051679828742725795, 'AUC-ROC': 0.3818786823476036, 'VUS-PR': np.float64(0.11241023011135995), 'VUS-ROC': np.float64(0.5430621677976543), 'Standard-F1': np.float64(0.1198913929934219), 'PA-F1': 0.3978243978243978, 'Event-based-F1': np.float64(0.2708429295255637), 'R-based-F1': 0.13763293387593586, 'Affiliation-F': 0.6707486392203811}
2026-02-08 12:42:35.409 | INFO     | src.pipelines.train_vision_backbones:run_pipeline:170 - Train images: 102
2026-02-08 12:42:35.410 | INFO     | src.pipelines.train_vision_backbones:run_pipeline:171 - Test images: 1250
2026-02-08 12:42:36.394 | INFO     | src.pipelines.train_vision_backbones:run_pipeline:176 - Training pvt_autoencoder_frozen on SPIRAL
2026-02-08 12:42:36.418 | INFO     | src.models.pvt_autoencoder.training:train_pvt_autoencoder_frozen:24 - Device: cuda | Model on: cuda:0
2026-02-08 12:43:06.037 | INFO     | src.pipelines.train_vision_backbones:run_pipeline:193 - Evaluating pvt_autoencoder_frozen on SPIRAL
2026-02-08 12:43:06.746 | INFO     | src.models.evaluation:evaluate_tsb_ad_nonoverlapping:65 - Normal (34787) reconstruction error: mean=0.0386, std=0.0428
2026-02-08 12:43:06.746 | INFO     | src.models.evaluation:evaluate_tsb_ad_nonoverlapping:66 - Anomaly (1472) reconstruction error: mean=0.2773, std=0.3158
2026-02-08 12:43:06.746 | INFO     | src.models.evaluation:evaluate_tsb_ad_nonoverlapping:67 - Overlap? Normal max=0.8840, Anomaly min=0.0038
2026-02-08 12:43:17.002 | INFO     | src.models.evaluation:evaluate_tsb_ad_nonoverlapping:83 - {'AUC-PR': 0.5103622141034748, 'AUC-ROC': 0.7500111118783753, 'VUS-PR': np.float64(0.5948924990437654), 'VUS-ROC': np.float64(0.8894664369491281), 'Standard-F1': np.float64(0.5693558443841309), 'PA-F1': 0.8137621540762902, 'Event-based-F1': np.float64(0.7651663405088056), 'R-based-F1': 0.5786533064396119, 'Affiliation-F': 0.8647273382800766}
2026-02-08 12:43:17.160 | INFO     | src.pipelines.train_vision_backbones:run_pipeline:170 - Train images: 102
2026-02-08 12:43:17.160 | INFO     | src.pipelines.train_vision_backbones:run_pipeline:171 - Test images: 1250
2026-02-08 12:43:18.132 | INFO     | src.pipelines.train_vision_backbones:run_pipeline:176 - Training pvt_autoencoder_progressive_unfreeze on SPIRAL
2026-02-08 12:43:18.157 | INFO     | src.models.pvt_autoencoder.training:train_pvt_autoencoder_progressive_unfreeze:132 - Device: cuda | Model on: cuda:0
2026-02-08 12:43:28.043 | INFO     | src.pipelines.train_vision_backbones:run_pipeline:193 - Evaluating pvt_autoencoder_progressive_unfreeze on SPIRAL
2026-02-08 12:43:28.737 | INFO     | src.models.evaluation:evaluate_tsb_ad_nonoverlapping:65 - Normal (34787) reconstruction error: mean=0.2849, std=0.2794
2026-02-08 12:43:28.737 | INFO     | src.models.evaluation:evaluate_tsb_ad_nonoverlapping:66 - Anomaly (1472) reconstruction error: mean=0.2636, std=0.2842
2026-02-08 12:43:28.737 | INFO     | src.models.evaluation:evaluate_tsb_ad_nonoverlapping:67 - Overlap? Normal max=0.9908, Anomaly min=0.0093
2026-02-08 12:43:42.635 | INFO     | src.models.evaluation:evaluate_tsb_ad_nonoverlapping:83 - {'AUC-PR': 0.07427825836420401, 'AUC-ROC': 0.46510571399735784, 'VUS-PR': np.float64(0.07322084237326439), 'VUS-ROC': np.float64(0.607149647029621), 'Standard-F1': np.float64(0.08416711207835217), 'PA-F1': 0.18466611706512778, 'Event-based-F1': np.float64(0.15905743740795267), 'R-based-F1': 0.13657168205236347, 'Affiliation-F': 0.6707444355490756}
2026-02-08 12:43:42.797 | INFO     | src.pipelines.train_vision_backbones:run_pipeline:170 - Train images: 102
2026-02-08 12:43:42.797 | INFO     | src.pipelines.train_vision_backbones:run_pipeline:171 - Test images: 1250
2026-02-08 12:43:43.772 | INFO     | src.pipelines.train_vision_backbones:run_pipeline:176 - Training pvt_autoencoder_differential_lr on SPIRAL
2026-02-08 12:43:43.798 | INFO     | src.models.pvt_autoencoder.training:train_pvt_autoencoder_differential_lr:267 - Device: cuda | Model on: cuda:0
2026-02-08 12:44:18.344 | INFO     | src.pipelines.train_vision_backbones:run_pipeline:193 - Evaluating pvt_autoencoder_differential_lr on SPIRAL
2026-02-08 12:44:19.036 | INFO     | src.models.evaluation:evaluate_tsb_ad_nonoverlapping:65 - Normal (34787) reconstruction error: mean=0.1280, std=0.0767
2026-02-08 12:44:19.037 | INFO     | src.models.evaluation:evaluate_tsb_ad_nonoverlapping:66 - Anomaly (1472) reconstruction error: mean=0.0984, std=0.1344
2026-02-08 12:44:19.037 | INFO     | src.models.evaluation:evaluate_tsb_ad_nonoverlapping:67 - Overlap? Normal max=1.0000, Anomaly min=0.0107
2026-02-08 12:44:30.211 | INFO     | src.models.evaluation:evaluate_tsb_ad_nonoverlapping:83 - {'AUC-PR': 0.04641222879432563, 'AUC-ROC': 0.32942329312174334, 'VUS-PR': np.float64(0.09310366232166992), 'VUS-ROC': np.float64(0.4866723295438702), 'Standard-F1': np.float64(0.09074413858597677), 'PA-F1': 0.43771372740595993, 'Event-based-F1': np.float64(0.3357526033449033), 'R-based-F1': 0.1605357182984652, 'Affiliation-F': 0.6705885692329543}
