 GCCcore/13.2.0 loaded.
 zlib/1.2.13 loaded.
 binutils/2.40 loaded.
 GCC/13.2.0 loaded.
 libcxi/1.0.2 loaded.
 libfabric/2.2.0rc1 loaded.
 CUDA/12.4.0 loaded.
 OpenMPI/5.0.3 loaded.
 OpenBLAS/0.3.24 loaded.
 FlexiBLAS/3.3.1 loaded.
 FFTW/3.3.10 loaded.
 FFTW.MPI/3.3.10 loaded.
 ScaLAPACK/2.2.0-fb loaded.
 foss/2023b loaded.
 numactl/2.0.16 loaded.
 XZ/5.4.4 loaded.
 libxml2/2.11.5 loaded.
 libpciaccess/0.17 loaded.
 hwloc/2.9.2 loaded.
 ncurses/6.4 loaded.
 GMP/6.3.0 loaded.
 bzip2/1.0.8 loaded.
 libreadline/8.2 loaded.
 Tcl/8.6.13 loaded.
 SQLite/3.43.1 loaded.
 libffi/3.4.4 loaded.
 OpenSSL/1.1 loaded.
 Python/3.11.5 loaded.
 Z3/4.13.0 loaded.
 Clang/17.0.6-CUDA-12.4.0 loaded.
 magma/2.7.2-CUDA-12.4.0 loaded.
 cuDNN/9.2.1.18-CUDA-12.4.0 loaded.
 NCCL/2.20.5-CUDA-12.4.0 loaded.
 NASM/2.16.01 loaded.
 libjpeg-turbo/3.0.1 loaded.
 libpng/1.6.40 loaded.
 x264/20231019 loaded.
 LAME/3.100 loaded.
 x265/3.5 loaded.
 expat/2.5.0 loaded.
 Brotli/1.1.0 loaded.
 freetype/2.13.2 loaded.
 util-linux/2.39 loaded.
 fontconfig/2.14.2 loaded.
 xorg-macros/1.20.0 loaded.
 X11/20231019 loaded.
 FriBidi/1.0.13 loaded.
 SDL2/2.28.5 loaded.
 FFmpeg/6.0 loaded.
 libogg/1.3.5 loaded.
 FLAC/1.4.2 loaded.
 libvorbis/1.3.7 loaded.
 libopus/1.4 loaded.
 mpg123/1.32.10 loaded.
 libsndfile/1.2.2 loaded.
 cuSPARSELt/0.6.1.0-CUDA-12.4.0 loaded.
 Szip/2.1.1 loaded.
 HDF5/1.14.3 loaded.
---------------------------WARNING-----------------------
Due to performance issues OMP_NUM_THREADS is set to 1
If you see performance drop, carefully test larger values
--------------------------------------------------------- 
 ML-bundle/24.06a loaded.
warning: Using incompatible environment (`/net/scratch/hscra/plgrid/plgsmendowski12/.venv_ts2img`) due to `--no-sync` (The project environment's Python version does not satisfy the request: `Python 3.10.13`)
2026-02-08 14:13:05.737 | INFO     | src.pipelines.transform_time_series_to_images:run_pipeline:33 - Loading configuration from configs/default.yaml
2026-02-08 14:13:05.765 | INFO     | src.pipelines.transform_time_series_to_images:run_pipeline:45 - Loading data from data/TSB-AD/TSB-AD-U/247_SVDB_id_11_Medical_tr_20100_1st_23611.csv
2026-02-08 14:13:05.784 | INFO     | src.time_series.loaders:load_tsb_ad_u:91 - Found optimal window_len=15
2026-02-08 14:13:05.785 | INFO     | src.pipelines.transform_time_series_to_images:run_pipeline:68 - Transforming 247_SVDB_id_11_Medical_tr_20100_1st_23611 using RN
2026-02-08 14:13:05.788 | INFO     | src.pipelines.transform_time_series_to_images:run_pipeline:86 - window_len=15, stride=15, resolution=64x64
2026-02-08 14:13:05.789 | INFO     | src.images.creators:create_png_image_dataset:126 - Running with n_workers: 15 for train=True set
2026-02-08 14:13:10.866 | INFO     | src.images.creators:create_png_image_dataset:126 - Running with n_workers: 15 for train=False set
2026-02-08 14:13:24.161 | INFO     | src.pipelines.transform_time_series_to_images:run_pipeline:166 - Saved metadata to /net/scratch/hscra/plgrid/plgsmendowski12/ts2i_images/SVDB/247_SVDB_id_11_Medical_tr_20100_1st_23611_ts2i_RN_metadata.json
2026-02-08 14:13:32.531 | INFO     | src.pipelines.transform_time_series_to_images:run_pipeline:169 - Saved to /net/scratch/hscra/plgrid/plgsmendowski12/ts2i_images/SVDB/247_SVDB_id_11_Medical_tr_20100_1st_23611_ts2i_RN.zip
2026-02-08 14:13:33.571 | INFO     | src.pipelines.transform_time_series_to_images:run_pipeline:68 - Transforming 247_SVDB_id_11_Medical_tr_20100_1st_23611 using SG
2026-02-08 14:13:33.574 | INFO     | src.pipelines.transform_time_series_to_images:run_pipeline:86 - window_len=15, stride=15, resolution=64x64
2026-02-08 14:13:33.574 | INFO     | src.images.creators:create_png_image_dataset:126 - Running with n_workers: 15 for train=True set
2026-02-08 14:13:37.762 | INFO     | src.images.creators:create_png_image_dataset:126 - Running with n_workers: 15 for train=False set
2026-02-08 14:13:48.646 | INFO     | src.pipelines.transform_time_series_to_images:run_pipeline:166 - Saved metadata to /net/scratch/hscra/plgrid/plgsmendowski12/ts2i_images/SVDB/247_SVDB_id_11_Medical_tr_20100_1st_23611_ts2i_SG_metadata.json
2026-02-08 14:13:52.238 | INFO     | src.pipelines.transform_time_series_to_images:run_pipeline:169 - Saved to /net/scratch/hscra/plgrid/plgsmendowski12/ts2i_images/SVDB/247_SVDB_id_11_Medical_tr_20100_1st_23611_ts2i_SG.zip
2026-02-08 14:13:53.327 | INFO     | src.pipelines.transform_time_series_to_images:run_pipeline:68 - Transforming 247_SVDB_id_11_Medical_tr_20100_1st_23611 using LP
2026-02-08 14:13:53.329 | INFO     | src.pipelines.transform_time_series_to_images:run_pipeline:86 - window_len=15, stride=15, resolution=64x64
2026-02-08 14:13:53.329 | INFO     | src.images.creators:create_png_image_dataset:126 - Running with n_workers: 15 for train=True set
2026-02-08 14:14:01.975 | INFO     | src.images.creators:create_png_image_dataset:126 - Running with n_workers: 15 for train=False set
2026-02-08 14:14:26.624 | INFO     | src.pipelines.transform_time_series_to_images:run_pipeline:166 - Saved metadata to /net/scratch/hscra/plgrid/plgsmendowski12/ts2i_images/SVDB/247_SVDB_id_11_Medical_tr_20100_1st_23611_ts2i_LP_metadata.json
2026-02-08 14:14:29.519 | INFO     | src.pipelines.transform_time_series_to_images:run_pipeline:169 - Saved to /net/scratch/hscra/plgrid/plgsmendowski12/ts2i_images/SVDB/247_SVDB_id_11_Medical_tr_20100_1st_23611_ts2i_LP.zip
2026-02-08 14:14:31.012 | INFO     | src.pipelines.transform_time_series_to_images:run_pipeline:68 - Transforming 247_SVDB_id_11_Medical_tr_20100_1st_23611 using GASF
2026-02-08 14:14:31.014 | INFO     | src.pipelines.transform_time_series_to_images:run_pipeline:86 - window_len=15, stride=15, resolution=64x64
2026-02-08 14:14:31.015 | INFO     | src.images.creators:create_png_image_dataset:126 - Running with n_workers: 15 for train=True set
2026-02-08 14:16:28.098 | INFO     | src.images.creators:create_png_image_dataset:126 - Running with n_workers: 15 for train=False set
2026-02-08 14:18:23.788 | INFO     | src.pipelines.transform_time_series_to_images:run_pipeline:166 - Saved metadata to /net/scratch/hscra/plgrid/plgsmendowski12/ts2i_images/SVDB/247_SVDB_id_11_Medical_tr_20100_1st_23611_ts2i_GASF_metadata.json
2026-02-08 14:18:41.980 | INFO     | src.pipelines.transform_time_series_to_images:run_pipeline:169 - Saved to /net/scratch/hscra/plgrid/plgsmendowski12/ts2i_images/SVDB/247_SVDB_id_11_Medical_tr_20100_1st_23611_ts2i_GASF.zip
2026-02-08 14:18:43.025 | INFO     | src.pipelines.transform_time_series_to_images:run_pipeline:68 - Transforming 247_SVDB_id_11_Medical_tr_20100_1st_23611 using GADF
2026-02-08 14:18:43.028 | INFO     | src.pipelines.transform_time_series_to_images:run_pipeline:86 - window_len=15, stride=15, resolution=64x64
2026-02-08 14:18:43.028 | INFO     | src.images.creators:create_png_image_dataset:126 - Running with n_workers: 15 for train=True set
2026-02-08 14:20:26.725 | INFO     | src.images.creators:create_png_image_dataset:126 - Running with n_workers: 15 for train=False set
2026-02-08 14:22:16.161 | INFO     | src.pipelines.transform_time_series_to_images:run_pipeline:166 - Saved metadata to /net/scratch/hscra/plgrid/plgsmendowski12/ts2i_images/SVDB/247_SVDB_id_11_Medical_tr_20100_1st_23611_ts2i_GADF_metadata.json
2026-02-08 14:22:19.645 | INFO     | src.pipelines.transform_time_series_to_images:run_pipeline:169 - Saved to /net/scratch/hscra/plgrid/plgsmendowski12/ts2i_images/SVDB/247_SVDB_id_11_Medical_tr_20100_1st_23611_ts2i_GADF.zip
2026-02-08 14:22:20.692 | INFO     | src.pipelines.transform_time_series_to_images:run_pipeline:68 - Transforming 247_SVDB_id_11_Medical_tr_20100_1st_23611 using MTF
2026-02-08 14:22:20.694 | INFO     | src.pipelines.transform_time_series_to_images:run_pipeline:86 - window_len=15, stride=15, resolution=64x64
2026-02-08 14:22:20.694 | INFO     | src.images.creators:create_png_image_dataset:126 - Running with n_workers: 15 for train=True set
2026-02-08 14:23:38.617 | INFO     | src.images.creators:create_png_image_dataset:126 - Running with n_workers: 15 for train=False set
2026-02-08 14:25:06.744 | INFO     | src.pipelines.transform_time_series_to_images:run_pipeline:166 - Saved metadata to /net/scratch/hscra/plgrid/plgsmendowski12/ts2i_images/SVDB/247_SVDB_id_11_Medical_tr_20100_1st_23611_ts2i_MTF_metadata.json
2026-02-08 14:25:10.333 | INFO     | src.pipelines.transform_time_series_to_images:run_pipeline:169 - Saved to /net/scratch/hscra/plgrid/plgsmendowski12/ts2i_images/SVDB/247_SVDB_id_11_Medical_tr_20100_1st_23611_ts2i_MTF.zip
2026-02-08 14:25:11.451 | INFO     | src.pipelines.transform_time_series_to_images:run_pipeline:68 - Transforming 247_SVDB_id_11_Medical_tr_20100_1st_23611 using RP
2026-02-08 14:25:11.453 | INFO     | src.pipelines.transform_time_series_to_images:run_pipeline:86 - window_len=15, stride=15, resolution=64x64
2026-02-08 14:25:11.454 | INFO     | src.images.creators:create_png_image_dataset:126 - Running with n_workers: 15 for train=True set
2026-02-08 14:25:15.830 | INFO     | src.images.creators:create_png_image_dataset:126 - Running with n_workers: 15 for train=False set
2026-02-08 14:25:27.329 | INFO     | src.pipelines.transform_time_series_to_images:run_pipeline:166 - Saved metadata to /net/scratch/hscra/plgrid/plgsmendowski12/ts2i_images/SVDB/247_SVDB_id_11_Medical_tr_20100_1st_23611_ts2i_RP_metadata.json
2026-02-08 14:25:30.826 | INFO     | src.pipelines.transform_time_series_to_images:run_pipeline:169 - Saved to /net/scratch/hscra/plgrid/plgsmendowski12/ts2i_images/SVDB/247_SVDB_id_11_Medical_tr_20100_1st_23611_ts2i_RP.zip
2026-02-08 14:25:31.926 | INFO     | src.pipelines.transform_time_series_to_images:run_pipeline:68 - Transforming 247_SVDB_id_11_Medical_tr_20100_1st_23611 using RWT
2026-02-08 14:25:31.928 | INFO     | src.pipelines.transform_time_series_to_images:run_pipeline:86 - window_len=15, stride=15, resolution=64x64
2026-02-08 14:25:31.928 | INFO     | src.images.creators:create_png_image_dataset:126 - Running with n_workers: 15 for train=True set
2026-02-08 14:25:37.661 | INFO     | src.images.creators:create_png_image_dataset:126 - Running with n_workers: 15 for train=False set
2026-02-08 14:25:53.137 | INFO     | src.pipelines.transform_time_series_to_images:run_pipeline:166 - Saved metadata to /net/scratch/hscra/plgrid/plgsmendowski12/ts2i_images/SVDB/247_SVDB_id_11_Medical_tr_20100_1st_23611_ts2i_RWT_metadata.json
2026-02-08 14:25:56.617 | INFO     | src.pipelines.transform_time_series_to_images:run_pipeline:169 - Saved to /net/scratch/hscra/plgrid/plgsmendowski12/ts2i_images/SVDB/247_SVDB_id_11_Medical_tr_20100_1st_23611_ts2i_RWT.zip
2026-02-08 14:25:57.689 | INFO     | src.pipelines.transform_time_series_to_images:run_pipeline:68 - Transforming 247_SVDB_id_11_Medical_tr_20100_1st_23611 using MWT
2026-02-08 14:25:57.692 | INFO     | src.pipelines.transform_time_series_to_images:run_pipeline:86 - window_len=15, stride=15, resolution=64x64
2026-02-08 14:25:57.692 | INFO     | src.images.creators:create_png_image_dataset:126 - Running with n_workers: 15 for train=True set
2026-02-08 14:26:03.450 | INFO     | src.images.creators:create_png_image_dataset:126 - Running with n_workers: 15 for train=False set
2026-02-08 14:26:20.430 | INFO     | src.pipelines.transform_time_series_to_images:run_pipeline:166 - Saved metadata to /net/scratch/hscra/plgrid/plgsmendowski12/ts2i_images/SVDB/247_SVDB_id_11_Medical_tr_20100_1st_23611_ts2i_MWT_metadata.json
2026-02-08 14:26:23.660 | INFO     | src.pipelines.transform_time_series_to_images:run_pipeline:169 - Saved to /net/scratch/hscra/plgrid/plgsmendowski12/ts2i_images/SVDB/247_SVDB_id_11_Medical_tr_20100_1st_23611_ts2i_MWT.zip
2026-02-08 14:26:25.260 | INFO     | src.pipelines.transform_time_series_to_images:run_pipeline:68 - Transforming 247_SVDB_id_11_Medical_tr_20100_1st_23611 using SPIRAL
2026-02-08 14:26:25.262 | INFO     | src.pipelines.transform_time_series_to_images:run_pipeline:86 - window_len=15, stride=15, resolution=64x64
2026-02-08 14:26:25.263 | INFO     | src.images.creators:create_png_image_dataset:126 - Running with n_workers: 15 for train=True set
2026-02-08 14:26:28.803 | INFO     | src.images.creators:create_png_image_dataset:126 - Running with n_workers: 15 for train=False set
2026-02-08 14:26:40.713 | INFO     | src.pipelines.transform_time_series_to_images:run_pipeline:166 - Saved metadata to /net/scratch/hscra/plgrid/plgsmendowski12/ts2i_images/SVDB/247_SVDB_id_11_Medical_tr_20100_1st_23611_ts2i_SPIRAL_metadata.json
2026-02-08 14:26:43.859 | INFO     | src.pipelines.transform_time_series_to_images:run_pipeline:169 - Saved to /net/scratch/hscra/plgrid/plgsmendowski12/ts2i_images/SVDB/247_SVDB_id_11_Medical_tr_20100_1st_23611_ts2i_SPIRAL.zip
2026-02-08 14:26:45.353 | INFO     | src.pipelines.transform_time_series_to_images:run_pipeline:45 - Loading data from data/TSB-AD/TSB-AD-U/248_SVDB_id_12_Medical_tr_18462_1st_18562.csv
2026-02-08 14:26:45.382 | INFO     | src.time_series.loaders:load_tsb_ad_u:91 - Found optimal window_len=20
2026-02-08 14:26:45.384 | INFO     | src.pipelines.transform_time_series_to_images:run_pipeline:68 - Transforming 248_SVDB_id_12_Medical_tr_18462_1st_18562 using RN
2026-02-08 14:26:45.386 | INFO     | src.pipelines.transform_time_series_to_images:run_pipeline:86 - window_len=20, stride=20, resolution=64x64
2026-02-08 14:26:45.386 | INFO     | src.images.creators:create_png_image_dataset:126 - Running with n_workers: 15 for train=True set
2026-02-08 14:26:48.512 | INFO     | src.images.creators:create_png_image_dataset:126 - Running with n_workers: 15 for train=False set
2026-02-08 14:27:06.191 | INFO     | src.pipelines.transform_time_series_to_images:run_pipeline:166 - Saved metadata to /net/scratch/hscra/plgrid/plgsmendowski12/ts2i_images/SVDB/248_SVDB_id_12_Medical_tr_18462_1st_18562_ts2i_RN_metadata.json
2026-02-08 14:27:10.921 | INFO     | src.pipelines.transform_time_series_to_images:run_pipeline:169 - Saved to /net/scratch/hscra/plgrid/plgsmendowski12/ts2i_images/SVDB/248_SVDB_id_12_Medical_tr_18462_1st_18562_ts2i_RN.zip
2026-02-08 14:27:12.388 | INFO     | src.pipelines.transform_time_series_to_images:run_pipeline:68 - Transforming 248_SVDB_id_12_Medical_tr_18462_1st_18562 using SG
2026-02-08 14:27:12.391 | INFO     | src.pipelines.transform_time_series_to_images:run_pipeline:86 - window_len=20, stride=20, resolution=64x64
2026-02-08 14:27:12.391 | INFO     | src.images.creators:create_png_image_dataset:126 - Running with n_workers: 15 for train=True set
2026-02-08 14:27:15.438 | INFO     | src.images.creators:create_png_image_dataset:126 - Running with n_workers: 15 for train=False set
2026-02-08 14:27:30.197 | INFO     | src.pipelines.transform_time_series_to_images:run_pipeline:166 - Saved metadata to /net/scratch/hscra/plgrid/plgsmendowski12/ts2i_images/SVDB/248_SVDB_id_12_Medical_tr_18462_1st_18562_ts2i_SG_metadata.json
2026-02-08 14:27:33.756 | INFO     | src.pipelines.transform_time_series_to_images:run_pipeline:169 - Saved to /net/scratch/hscra/plgrid/plgsmendowski12/ts2i_images/SVDB/248_SVDB_id_12_Medical_tr_18462_1st_18562_ts2i_SG.zip
2026-02-08 14:27:35.428 | INFO     | src.pipelines.transform_time_series_to_images:run_pipeline:68 - Transforming 248_SVDB_id_12_Medical_tr_18462_1st_18562 using LP
2026-02-08 14:27:35.431 | INFO     | src.pipelines.transform_time_series_to_images:run_pipeline:86 - window_len=20, stride=20, resolution=64x64
2026-02-08 14:27:35.431 | INFO     | src.images.creators:create_png_image_dataset:126 - Running with n_workers: 15 for train=True set
2026-02-08 14:27:41.294 | INFO     | src.images.creators:create_png_image_dataset:126 - Running with n_workers: 15 for train=False set
2026-02-08 14:28:15.262 | INFO     | src.pipelines.transform_time_series_to_images:run_pipeline:166 - Saved metadata to /net/scratch/hscra/plgrid/plgsmendowski12/ts2i_images/SVDB/248_SVDB_id_12_Medical_tr_18462_1st_18562_ts2i_LP_metadata.json
2026-02-08 14:28:19.296 | INFO     | src.pipelines.transform_time_series_to_images:run_pipeline:169 - Saved to /net/scratch/hscra/plgrid/plgsmendowski12/ts2i_images/SVDB/248_SVDB_id_12_Medical_tr_18462_1st_18562_ts2i_LP.zip
2026-02-08 14:28:21.029 | INFO     | src.pipelines.transform_time_series_to_images:run_pipeline:68 - Transforming 248_SVDB_id_12_Medical_tr_18462_1st_18562 using GASF
2026-02-08 14:28:21.032 | INFO     | src.pipelines.transform_time_series_to_images:run_pipeline:86 - window_len=20, stride=20, resolution=64x64
2026-02-08 14:28:21.032 | INFO     | src.images.creators:create_png_image_dataset:126 - Running with n_workers: 15 for train=True set
2026-02-08 14:30:01.981 | INFO     | src.images.creators:create_png_image_dataset:126 - Running with n_workers: 15 for train=False set
2026-02-08 14:32:00.149 | INFO     | src.pipelines.transform_time_series_to_images:run_pipeline:166 - Saved metadata to /net/scratch/hscra/plgrid/plgsmendowski12/ts2i_images/SVDB/248_SVDB_id_12_Medical_tr_18462_1st_18562_ts2i_GASF_metadata.json
2026-02-08 14:32:04.522 | INFO     | src.pipelines.transform_time_series_to_images:run_pipeline:169 - Saved to /net/scratch/hscra/plgrid/plgsmendowski12/ts2i_images/SVDB/248_SVDB_id_12_Medical_tr_18462_1st_18562_ts2i_GASF.zip
2026-02-08 14:32:06.242 | INFO     | src.pipelines.transform_time_series_to_images:run_pipeline:68 - Transforming 248_SVDB_id_12_Medical_tr_18462_1st_18562 using GADF
2026-02-08 14:32:06.244 | INFO     | src.pipelines.transform_time_series_to_images:run_pipeline:86 - window_len=20, stride=20, resolution=64x64
2026-02-08 14:32:06.244 | INFO     | src.images.creators:create_png_image_dataset:126 - Running with n_workers: 15 for train=True set
2026-02-08 14:33:47.284 | INFO     | src.images.creators:create_png_image_dataset:126 - Running with n_workers: 15 for train=False set
2026-02-08 14:35:42.173 | INFO     | src.pipelines.transform_time_series_to_images:run_pipeline:166 - Saved metadata to /net/scratch/hscra/plgrid/plgsmendowski12/ts2i_images/SVDB/248_SVDB_id_12_Medical_tr_18462_1st_18562_ts2i_GADF_metadata.json
2026-02-08 14:35:46.193 | INFO     | src.pipelines.transform_time_series_to_images:run_pipeline:169 - Saved to /net/scratch/hscra/plgrid/plgsmendowski12/ts2i_images/SVDB/248_SVDB_id_12_Medical_tr_18462_1st_18562_ts2i_GADF.zip
2026-02-08 14:35:47.893 | INFO     | src.pipelines.transform_time_series_to_images:run_pipeline:68 - Transforming 248_SVDB_id_12_Medical_tr_18462_1st_18562 using MTF
2026-02-08 14:35:47.895 | INFO     | src.pipelines.transform_time_series_to_images:run_pipeline:86 - window_len=20, stride=20, resolution=64x64
2026-02-08 14:35:47.895 | INFO     | src.images.creators:create_png_image_dataset:126 - Running with n_workers: 15 for train=True set
2026-02-08 14:37:02.171 | INFO     | src.images.creators:create_png_image_dataset:126 - Running with n_workers: 15 for train=False set
2026-02-08 14:38:34.588 | INFO     | src.pipelines.transform_time_series_to_images:run_pipeline:166 - Saved metadata to /net/scratch/hscra/plgrid/plgsmendowski12/ts2i_images/SVDB/248_SVDB_id_12_Medical_tr_18462_1st_18562_ts2i_MTF_metadata.json
2026-02-08 14:38:38.996 | INFO     | src.pipelines.transform_time_series_to_images:run_pipeline:169 - Saved to /net/scratch/hscra/plgrid/plgsmendowski12/ts2i_images/SVDB/248_SVDB_id_12_Medical_tr_18462_1st_18562_ts2i_MTF.zip
2026-02-08 14:38:40.368 | INFO     | src.pipelines.transform_time_series_to_images:run_pipeline:68 - Transforming 248_SVDB_id_12_Medical_tr_18462_1st_18562 using RP
2026-02-08 14:38:40.370 | INFO     | src.pipelines.transform_time_series_to_images:run_pipeline:86 - window_len=20, stride=20, resolution=64x64
2026-02-08 14:38:40.370 | INFO     | src.images.creators:create_png_image_dataset:126 - Running with n_workers: 15 for train=True set
2026-02-08 14:38:43.579 | INFO     | src.images.creators:create_png_image_dataset:126 - Running with n_workers: 15 for train=False set
2026-02-08 14:38:59.710 | INFO     | src.pipelines.transform_time_series_to_images:run_pipeline:166 - Saved metadata to /net/scratch/hscra/plgrid/plgsmendowski12/ts2i_images/SVDB/248_SVDB_id_12_Medical_tr_18462_1st_18562_ts2i_RP_metadata.json
2026-02-08 14:39:03.671 | INFO     | src.pipelines.transform_time_series_to_images:run_pipeline:169 - Saved to /net/scratch/hscra/plgrid/plgsmendowski12/ts2i_images/SVDB/248_SVDB_id_12_Medical_tr_18462_1st_18562_ts2i_RP.zip
2026-02-08 14:39:05.060 | INFO     | src.pipelines.transform_time_series_to_images:run_pipeline:68 - Transforming 248_SVDB_id_12_Medical_tr_18462_1st_18562 using RWT
2026-02-08 14:39:05.062 | INFO     | src.pipelines.transform_time_series_to_images:run_pipeline:86 - window_len=20, stride=20, resolution=64x64
2026-02-08 14:39:05.062 | INFO     | src.images.creators:create_png_image_dataset:126 - Running with n_workers: 15 for train=True set
2026-02-08 14:39:09.177 | INFO     | src.images.creators:create_png_image_dataset:126 - Running with n_workers: 15 for train=False set
2026-02-08 14:39:30.626 | INFO     | src.pipelines.transform_time_series_to_images:run_pipeline:166 - Saved metadata to /net/scratch/hscra/plgrid/plgsmendowski12/ts2i_images/SVDB/248_SVDB_id_12_Medical_tr_18462_1st_18562_ts2i_RWT_metadata.json
2026-02-08 14:39:35.231 | INFO     | src.pipelines.transform_time_series_to_images:run_pipeline:169 - Saved to /net/scratch/hscra/plgrid/plgsmendowski12/ts2i_images/SVDB/248_SVDB_id_12_Medical_tr_18462_1st_18562_ts2i_RWT.zip
2026-02-08 14:39:36.565 | INFO     | src.pipelines.transform_time_series_to_images:run_pipeline:68 - Transforming 248_SVDB_id_12_Medical_tr_18462_1st_18562 using MWT
2026-02-08 14:39:36.568 | INFO     | src.pipelines.transform_time_series_to_images:run_pipeline:86 - window_len=20, stride=20, resolution=64x64
2026-02-08 14:39:36.568 | INFO     | src.images.creators:create_png_image_dataset:126 - Running with n_workers: 15 for train=True set
2026-02-08 14:39:40.732 | INFO     | src.images.creators:create_png_image_dataset:126 - Running with n_workers: 15 for train=False set
2026-02-08 14:40:03.445 | INFO     | src.pipelines.transform_time_series_to_images:run_pipeline:166 - Saved metadata to /net/scratch/hscra/plgrid/plgsmendowski12/ts2i_images/SVDB/248_SVDB_id_12_Medical_tr_18462_1st_18562_ts2i_MWT_metadata.json
2026-02-08 14:40:07.729 | INFO     | src.pipelines.transform_time_series_to_images:run_pipeline:169 - Saved to /net/scratch/hscra/plgrid/plgsmendowski12/ts2i_images/SVDB/248_SVDB_id_12_Medical_tr_18462_1st_18562_ts2i_MWT.zip
2026-02-08 14:40:09.053 | INFO     | src.pipelines.transform_time_series_to_images:run_pipeline:68 - Transforming 248_SVDB_id_12_Medical_tr_18462_1st_18562 using SPIRAL
2026-02-08 14:40:09.056 | INFO     | src.pipelines.transform_time_series_to_images:run_pipeline:86 - window_len=20, stride=20, resolution=64x64
2026-02-08 14:40:09.056 | INFO     | src.images.creators:create_png_image_dataset:126 - Running with n_workers: 15 for train=True set
2026-02-08 14:40:11.766 | INFO     | src.images.creators:create_png_image_dataset:126 - Running with n_workers: 15 for train=False set
2026-02-08 14:40:26.662 | INFO     | src.pipelines.transform_time_series_to_images:run_pipeline:166 - Saved metadata to /net/scratch/hscra/plgrid/plgsmendowski12/ts2i_images/SVDB/248_SVDB_id_12_Medical_tr_18462_1st_18562_ts2i_SPIRAL_metadata.json
2026-02-08 14:40:30.684 | INFO     | src.pipelines.transform_time_series_to_images:run_pipeline:169 - Saved to /net/scratch/hscra/plgrid/plgsmendowski12/ts2i_images/SVDB/248_SVDB_id_12_Medical_tr_18462_1st_18562_ts2i_SPIRAL.zip
2026-02-08 14:40:31.971 | INFO     | src.pipelines.transform_time_series_to_images:run_pipeline:45 - Loading data from data/TSB-AD/TSB-AD-U/249_SVDB_id_13_Medical_tr_50000_1st_54982.csv
2026-02-08 14:40:32.005 | INFO     | src.time_series.loaders:load_tsb_ad_u:91 - Found optimal window_len=28
2026-02-08 14:40:32.006 | INFO     | src.pipelines.transform_time_series_to_images:run_pipeline:68 - Transforming 249_SVDB_id_13_Medical_tr_50000_1st_54982 using RN
2026-02-08 14:40:32.012 | INFO     | src.pipelines.transform_time_series_to_images:run_pipeline:86 - window_len=28, stride=28, resolution=64x64
2026-02-08 14:40:32.012 | INFO     | src.images.creators:create_png_image_dataset:126 - Running with n_workers: 15 for train=True set
2026-02-08 14:40:38.434 | INFO     | src.images.creators:create_png_image_dataset:126 - Running with n_workers: 15 for train=False set
2026-02-08 14:40:57.695 | INFO     | src.pipelines.transform_time_series_to_images:run_pipeline:166 - Saved metadata to /net/scratch/hscra/plgrid/plgsmendowski12/ts2i_images/SVDB/249_SVDB_id_13_Medical_tr_50000_1st_54982_ts2i_RN_metadata.json
2026-02-08 14:41:03.410 | INFO     | src.pipelines.transform_time_series_to_images:run_pipeline:169 - Saved to /net/scratch/hscra/plgrid/plgsmendowski12/ts2i_images/SVDB/249_SVDB_id_13_Medical_tr_50000_1st_54982_ts2i_RN.zip
2026-02-08 14:41:05.046 | INFO     | src.pipelines.transform_time_series_to_images:run_pipeline:68 - Transforming 249_SVDB_id_13_Medical_tr_50000_1st_54982 using SG
2026-02-08 14:41:05.048 | INFO     | src.pipelines.transform_time_series_to_images:run_pipeline:86 - window_len=28, stride=28, resolution=64x64
2026-02-08 14:41:05.048 | INFO     | src.images.creators:create_png_image_dataset:126 - Running with n_workers: 15 for train=True set
2026-02-08 14:41:10.282 | INFO     | src.images.creators:create_png_image_dataset:126 - Running with n_workers: 15 for train=False set
2026-02-08 14:41:26.342 | INFO     | src.pipelines.transform_time_series_to_images:run_pipeline:166 - Saved metadata to /net/scratch/hscra/plgrid/plgsmendowski12/ts2i_images/SVDB/249_SVDB_id_13_Medical_tr_50000_1st_54982_ts2i_SG_metadata.json
2026-02-08 14:41:31.108 | INFO     | src.pipelines.transform_time_series_to_images:run_pipeline:169 - Saved to /net/scratch/hscra/plgrid/plgsmendowski12/ts2i_images/SVDB/249_SVDB_id_13_Medical_tr_50000_1st_54982_ts2i_SG.zip
2026-02-08 14:41:33.083 | INFO     | src.pipelines.transform_time_series_to_images:run_pipeline:68 - Transforming 249_SVDB_id_13_Medical_tr_50000_1st_54982 using LP
2026-02-08 14:41:33.085 | INFO     | src.pipelines.transform_time_series_to_images:run_pipeline:86 - window_len=28, stride=28, resolution=64x64
2026-02-08 14:41:33.085 | INFO     | src.images.creators:create_png_image_dataset:126 - Running with n_workers: 15 for train=True set
2026-02-08 14:41:44.038 | INFO     | src.images.creators:create_png_image_dataset:126 - Running with n_workers: 15 for train=False set
2026-02-08 14:42:21.606 | INFO     | src.pipelines.transform_time_series_to_images:run_pipeline:166 - Saved metadata to /net/scratch/hscra/plgrid/plgsmendowski12/ts2i_images/SVDB/249_SVDB_id_13_Medical_tr_50000_1st_54982_ts2i_LP_metadata.json
2026-02-08 14:42:26.155 | INFO     | src.pipelines.transform_time_series_to_images:run_pipeline:169 - Saved to /net/scratch/hscra/plgrid/plgsmendowski12/ts2i_images/SVDB/249_SVDB_id_13_Medical_tr_50000_1st_54982_ts2i_LP.zip
2026-02-08 14:42:28.126 | INFO     | src.pipelines.transform_time_series_to_images:run_pipeline:68 - Transforming 249_SVDB_id_13_Medical_tr_50000_1st_54982 using GASF
2026-02-08 14:42:28.128 | INFO     | src.pipelines.transform_time_series_to_images:run_pipeline:86 - window_len=28, stride=28, resolution=64x64
2026-02-08 14:42:28.128 | INFO     | src.images.creators:create_png_image_dataset:126 - Running with n_workers: 15 for train=True set
2026-02-08 14:44:13.248 | INFO     | src.images.creators:create_png_image_dataset:126 - Running with n_workers: 15 for train=False set
2026-02-08 14:46:12.185 | INFO     | src.pipelines.transform_time_series_to_images:run_pipeline:166 - Saved metadata to /net/scratch/hscra/plgrid/plgsmendowski12/ts2i_images/SVDB/249_SVDB_id_13_Medical_tr_50000_1st_54982_ts2i_GASF_metadata.json
2026-02-08 14:46:17.526 | INFO     | src.pipelines.transform_time_series_to_images:run_pipeline:169 - Saved to /net/scratch/hscra/plgrid/plgsmendowski12/ts2i_images/SVDB/249_SVDB_id_13_Medical_tr_50000_1st_54982_ts2i_GASF.zip
2026-02-08 14:46:19.195 | INFO     | src.pipelines.transform_time_series_to_images:run_pipeline:68 - Transforming 249_SVDB_id_13_Medical_tr_50000_1st_54982 using GADF
2026-02-08 14:46:19.198 | INFO     | src.pipelines.transform_time_series_to_images:run_pipeline:86 - window_len=28, stride=28, resolution=64x64
2026-02-08 14:46:19.198 | INFO     | src.images.creators:create_png_image_dataset:126 - Running with n_workers: 15 for train=True set
2026-02-08 14:48:02.364 | INFO     | src.images.creators:create_png_image_dataset:126 - Running with n_workers: 15 for train=False set
2026-02-08 14:50:04.266 | INFO     | src.pipelines.transform_time_series_to_images:run_pipeline:166 - Saved metadata to /net/scratch/hscra/plgrid/plgsmendowski12/ts2i_images/SVDB/249_SVDB_id_13_Medical_tr_50000_1st_54982_ts2i_GADF_metadata.json
2026-02-08 14:50:09.718 | INFO     | src.pipelines.transform_time_series_to_images:run_pipeline:169 - Saved to /net/scratch/hscra/plgrid/plgsmendowski12/ts2i_images/SVDB/249_SVDB_id_13_Medical_tr_50000_1st_54982_ts2i_GADF.zip
2026-02-08 14:50:12.298 | INFO     | src.pipelines.transform_time_series_to_images:run_pipeline:68 - Transforming 249_SVDB_id_13_Medical_tr_50000_1st_54982 using MTF
2026-02-08 14:50:12.301 | INFO     | src.pipelines.transform_time_series_to_images:run_pipeline:86 - window_len=28, stride=28, resolution=64x64
2026-02-08 14:50:12.301 | INFO     | src.images.creators:create_png_image_dataset:126 - Running with n_workers: 15 for train=True set
2026-02-08 14:51:34.509 | INFO     | src.images.creators:create_png_image_dataset:126 - Running with n_workers: 15 for train=False set
2026-02-08 14:53:13.594 | INFO     | src.pipelines.transform_time_series_to_images:run_pipeline:166 - Saved metadata to /net/scratch/hscra/plgrid/plgsmendowski12/ts2i_images/SVDB/249_SVDB_id_13_Medical_tr_50000_1st_54982_ts2i_MTF_metadata.json
2026-02-08 14:53:19.623 | INFO     | src.pipelines.transform_time_series_to_images:run_pipeline:169 - Saved to /net/scratch/hscra/plgrid/plgsmendowski12/ts2i_images/SVDB/249_SVDB_id_13_Medical_tr_50000_1st_54982_ts2i_MTF.zip
2026-02-08 14:53:21.989 | INFO     | src.pipelines.transform_time_series_to_images:run_pipeline:68 - Transforming 249_SVDB_id_13_Medical_tr_50000_1st_54982 using RP
2026-02-08 14:53:21.992 | INFO     | src.pipelines.transform_time_series_to_images:run_pipeline:86 - window_len=28, stride=28, resolution=64x64
2026-02-08 14:53:21.992 | INFO     | src.images.creators:create_png_image_dataset:126 - Running with n_workers: 15 for train=True set
2026-02-08 14:53:27.953 | INFO     | src.images.creators:create_png_image_dataset:126 - Running with n_workers: 15 for train=False set
2026-02-08 14:53:47.097 | INFO     | src.pipelines.transform_time_series_to_images:run_pipeline:166 - Saved metadata to /net/scratch/hscra/plgrid/plgsmendowski12/ts2i_images/SVDB/249_SVDB_id_13_Medical_tr_50000_1st_54982_ts2i_RP_metadata.json
2026-02-08 14:53:52.376 | INFO     | src.pipelines.transform_time_series_to_images:run_pipeline:169 - Saved to /net/scratch/hscra/plgrid/plgsmendowski12/ts2i_images/SVDB/249_SVDB_id_13_Medical_tr_50000_1st_54982_ts2i_RP.zip
2026-02-08 14:53:54.237 | INFO     | src.pipelines.transform_time_series_to_images:run_pipeline:68 - Transforming 249_SVDB_id_13_Medical_tr_50000_1st_54982 using RWT
2026-02-08 14:53:54.239 | INFO     | src.pipelines.transform_time_series_to_images:run_pipeline:86 - window_len=28, stride=28, resolution=64x64
2026-02-08 14:53:54.240 | INFO     | src.images.creators:create_png_image_dataset:126 - Running with n_workers: 15 for train=True set
2026-02-08 14:54:02.772 | INFO     | src.images.creators:create_png_image_dataset:126 - Running with n_workers: 15 for train=False set
2026-02-08 14:54:28.272 | INFO     | src.pipelines.transform_time_series_to_images:run_pipeline:166 - Saved metadata to /net/scratch/hscra/plgrid/plgsmendowski12/ts2i_images/SVDB/249_SVDB_id_13_Medical_tr_50000_1st_54982_ts2i_RWT_metadata.json
2026-02-08 14:54:33.768 | INFO     | src.pipelines.transform_time_series_to_images:run_pipeline:169 - Saved to /net/scratch/hscra/plgrid/plgsmendowski12/ts2i_images/SVDB/249_SVDB_id_13_Medical_tr_50000_1st_54982_ts2i_RWT.zip
2026-02-08 14:54:36.027 | INFO     | src.pipelines.transform_time_series_to_images:run_pipeline:68 - Transforming 249_SVDB_id_13_Medical_tr_50000_1st_54982 using MWT
2026-02-08 14:54:36.030 | INFO     | src.pipelines.transform_time_series_to_images:run_pipeline:86 - window_len=28, stride=28, resolution=64x64
2026-02-08 14:54:36.030 | INFO     | src.images.creators:create_png_image_dataset:126 - Running with n_workers: 15 for train=True set
2026-02-08 14:54:43.934 | INFO     | src.images.creators:create_png_image_dataset:126 - Running with n_workers: 15 for train=False set
2026-02-08 14:55:10.021 | INFO     | src.pipelines.transform_time_series_to_images:run_pipeline:166 - Saved metadata to /net/scratch/hscra/plgrid/plgsmendowski12/ts2i_images/SVDB/249_SVDB_id_13_Medical_tr_50000_1st_54982_ts2i_MWT_metadata.json
2026-02-08 14:55:15.656 | INFO     | src.pipelines.transform_time_series_to_images:run_pipeline:169 - Saved to /net/scratch/hscra/plgrid/plgsmendowski12/ts2i_images/SVDB/249_SVDB_id_13_Medical_tr_50000_1st_54982_ts2i_MWT.zip
2026-02-08 14:55:17.508 | INFO     | src.pipelines.transform_time_series_to_images:run_pipeline:68 - Transforming 249_SVDB_id_13_Medical_tr_50000_1st_54982 using SPIRAL
2026-02-08 14:55:17.511 | INFO     | src.pipelines.transform_time_series_to_images:run_pipeline:86 - window_len=28, stride=28, resolution=64x64
2026-02-08 14:55:17.511 | INFO     | src.images.creators:create_png_image_dataset:126 - Running with n_workers: 15 for train=True set
2026-02-08 14:55:23.126 | INFO     | src.images.creators:create_png_image_dataset:126 - Running with n_workers: 15 for train=False set
2026-02-08 14:55:41.523 | INFO     | src.pipelines.transform_time_series_to_images:run_pipeline:166 - Saved metadata to /net/scratch/hscra/plgrid/plgsmendowski12/ts2i_images/SVDB/249_SVDB_id_13_Medical_tr_50000_1st_54982_ts2i_SPIRAL_metadata.json
2026-02-08 14:55:47.300 | INFO     | src.pipelines.transform_time_series_to_images:run_pipeline:169 - Saved to /net/scratch/hscra/plgrid/plgsmendowski12/ts2i_images/SVDB/249_SVDB_id_13_Medical_tr_50000_1st_54982_ts2i_SPIRAL.zip
warning: Using incompatible environment (`/net/scratch/hscra/plgrid/plgsmendowski12/.venv_ts2img`) due to `--no-sync` (The project environment's Python version does not satisfy the request: `Python 3.10.13`)
2026-02-08 14:56:03.329 | INFO     | src.pipelines.train_vision_backbones:run_pipeline:39 - Loading configuration from configs/default.yaml
2026-02-08 14:56:03.356 | INFO     | src.pipelines.train_vision_backbones:run_pipeline:70 - Using zip: /net/scratch/hscra/plgrid/plgsmendowski12/ts2i_images/SVDB/247_SVDB_id_11_Medical_tr_20100_1st_23611_ts2i_RN.zip for transformation RN
2026-02-08 14:56:10.592 | INFO     | src.pipelines.train_vision_backbones:run_pipeline:170 - Train images: 1071
2026-02-08 14:56:10.592 | INFO     | src.pipelines.train_vision_backbones:run_pipeline:171 - Test images: 4019
2026-02-08 14:56:10.604 | INFO     | src.pipelines.train_vision_backbones:run_pipeline:176 - Training cnn_autoencoder on RN
2026-02-08 14:56:11.377 | INFO     | src.models.cnn_autoencoder.training:train_autoencoder:22 - Device: cuda | Model on: cuda:0
2026-02-08 14:58:12.196 | INFO     | src.pipelines.train_vision_backbones:run_pipeline:193 - Evaluating cnn_autoencoder on RN
2026-02-08 14:58:15.739 | INFO     | src.models.evaluation:evaluate_tsb_ad_nonoverlapping:65 - Normal (59355) reconstruction error: mean=0.6281, std=0.4552
2026-02-08 14:58:15.740 | INFO     | src.models.evaluation:evaluate_tsb_ad_nonoverlapping:66 - Anomaly (945) reconstruction error: mean=0.8434, std=0.3101
2026-02-08 14:58:15.740 | INFO     | src.models.evaluation:evaluate_tsb_ad_nonoverlapping:67 - Overlap? Normal max=1.0000, Anomaly min=0.0027
2026-02-08 14:58:32.064 | INFO     | src.models.evaluation:evaluate_tsb_ad_nonoverlapping:83 - {'AUC-PR': 0.02487469361423829, 'AUC-ROC': 0.5999320740286118, 'VUS-PR': np.float64(0.030797764621943047), 'VUS-ROC': np.float64(0.5757118993399494), 'Standard-F1': np.float64(0.08009590635808708), 'PA-F1': 0.26717557251908397, 'Event-based-F1': np.float64(0.09662125667646868), 'R-based-F1': 0.13008178246681773, 'Affiliation-F': 0.7515886191145615}
2026-02-08 14:58:32.226 | INFO     | src.pipelines.train_vision_backbones:run_pipeline:170 - Train images: 1071
2026-02-08 14:58:32.226 | INFO     | src.pipelines.train_vision_backbones:run_pipeline:171 - Test images: 4019
2026-02-08 14:58:32.496 | INFO     | src.pipelines.train_vision_backbones:run_pipeline:176 - Training resnet18_autoencoder_frozen on RN
2026-02-08 14:58:32.509 | INFO     | src.models.resnet18_autoencoder.training:train_autoencoder_frozen:25 - Device: cuda | Model on: cuda:0
2026-02-08 14:59:52.199 | INFO     | src.pipelines.train_vision_backbones:run_pipeline:193 - Evaluating resnet18_autoencoder_frozen on RN
2026-02-08 14:59:56.037 | INFO     | src.models.evaluation:evaluate_tsb_ad_nonoverlapping:65 - Normal (59355) reconstruction error: mean=0.5794, std=0.4173
2026-02-08 14:59:56.037 | INFO     | src.models.evaluation:evaluate_tsb_ad_nonoverlapping:66 - Anomaly (945) reconstruction error: mean=0.7871, std=0.2893
2026-02-08 14:59:56.037 | INFO     | src.models.evaluation:evaluate_tsb_ad_nonoverlapping:67 - Overlap? Normal max=1.0000, Anomaly min=0.0050
2026-02-08 15:00:11.494 | INFO     | src.models.evaluation:evaluate_tsb_ad_nonoverlapping:83 - {'AUC-PR': 0.03406472060766279, 'AUC-ROC': 0.6696829541914202, 'VUS-PR': np.float64(0.04315681078701676), 'VUS-ROC': np.float64(0.6544650008393395), 'Standard-F1': np.float64(0.11714785779047655), 'PA-F1': 0.27327413348610713, 'Event-based-F1': np.float64(0.13859111791730452), 'R-based-F1': 0.09158462109622595, 'Affiliation-F': 0.75081884115805}
2026-02-08 15:00:11.671 | INFO     | src.pipelines.train_vision_backbones:run_pipeline:170 - Train images: 1071
2026-02-08 15:00:11.672 | INFO     | src.pipelines.train_vision_backbones:run_pipeline:171 - Test images: 4019
2026-02-08 15:00:11.878 | INFO     | src.pipelines.train_vision_backbones:run_pipeline:176 - Training resnet18_autoencoder_progressive_unfreeze on RN
2026-02-08 15:00:11.890 | INFO     | src.models.resnet18_autoencoder.training:train_autoencoder_progressive_unfreeze:133 - Device: cuda | Model on: cuda:0
2026-02-08 15:01:32.241 | INFO     | src.pipelines.train_vision_backbones:run_pipeline:193 - Evaluating resnet18_autoencoder_progressive_unfreeze on RN
2026-02-08 15:01:35.964 | INFO     | src.models.evaluation:evaluate_tsb_ad_nonoverlapping:65 - Normal (59355) reconstruction error: mean=0.6097, std=0.4403
2026-02-08 15:01:35.964 | INFO     | src.models.evaluation:evaluate_tsb_ad_nonoverlapping:66 - Anomaly (945) reconstruction error: mean=0.8200, std=0.3014
2026-02-08 15:01:35.965 | INFO     | src.models.evaluation:evaluate_tsb_ad_nonoverlapping:67 - Overlap? Normal max=1.0000, Anomaly min=0.0019
2026-02-08 15:01:52.062 | INFO     | src.models.evaluation:evaluate_tsb_ad_nonoverlapping:83 - {'AUC-PR': 0.02214125204808534, 'AUC-ROC': 0.6150413238611369, 'VUS-PR': np.float64(0.02923156660083868), 'VUS-ROC': np.float64(0.5957097978063568), 'Standard-F1': np.float64(0.050238379832300825), 'PA-F1': 0.13536121673003804, 'Event-based-F1': np.float64(0.048937394306037364), 'R-based-F1': 0.039707495084731606, 'Affiliation-F': 0.7512275288192992}
2026-02-08 15:01:52.222 | INFO     | src.pipelines.train_vision_backbones:run_pipeline:170 - Train images: 1071
2026-02-08 15:01:52.222 | INFO     | src.pipelines.train_vision_backbones:run_pipeline:171 - Test images: 4019
2026-02-08 15:01:52.429 | INFO     | src.pipelines.train_vision_backbones:run_pipeline:176 - Training resnet18_autoencoder_differential_lr on RN
2026-02-08 15:01:52.442 | INFO     | src.models.resnet18_autoencoder.training:train_autoencoder_differential_lr:271 - Device: cuda | Model on: cuda:0
2026-02-08 15:03:29.311 | INFO     | src.pipelines.train_vision_backbones:run_pipeline:193 - Evaluating resnet18_autoencoder_differential_lr on RN
2026-02-08 15:03:33.580 | INFO     | src.models.evaluation:evaluate_tsb_ad_nonoverlapping:65 - Normal (59355) reconstruction error: mean=0.6143, std=0.4433
2026-02-08 15:03:33.580 | INFO     | src.models.evaluation:evaluate_tsb_ad_nonoverlapping:66 - Anomaly (945) reconstruction error: mean=0.8256, std=0.3037
2026-02-08 15:03:33.580 | INFO     | src.models.evaluation:evaluate_tsb_ad_nonoverlapping:67 - Overlap? Normal max=1.0000, Anomaly min=0.0032
2026-02-08 15:03:49.689 | INFO     | src.models.evaluation:evaluate_tsb_ad_nonoverlapping:83 - {'AUC-PR': 0.030068674696098533, 'AUC-ROC': 0.6372055148400865, 'VUS-PR': np.float64(0.04153789829636914), 'VUS-ROC': np.float64(0.6353775208087362), 'Standard-F1': np.float64(0.07915300826747533), 'PA-F1': 0.26411960132890366, 'Event-based-F1': np.float64(0.07317073170731693), 'R-based-F1': 0.09760236717955678, 'Affiliation-F': 0.7514183170064997}
2026-02-08 15:03:49.850 | INFO     | src.pipelines.train_vision_backbones:run_pipeline:170 - Train images: 1071
2026-02-08 15:03:49.850 | INFO     | src.pipelines.train_vision_backbones:run_pipeline:171 - Test images: 4019
2026-02-08 15:03:50.908 | INFO     | src.pipelines.train_vision_backbones:run_pipeline:176 - Training pvt_autoencoder_frozen on RN
2026-02-08 15:03:50.930 | INFO     | src.models.pvt_autoencoder.training:train_pvt_autoencoder_frozen:24 - Device: cuda | Model on: cuda:0
2026-02-08 15:05:29.807 | INFO     | src.pipelines.train_vision_backbones:run_pipeline:193 - Evaluating pvt_autoencoder_frozen on RN
2026-02-08 15:05:33.921 | INFO     | src.models.evaluation:evaluate_tsb_ad_nonoverlapping:65 - Normal (59355) reconstruction error: mean=0.6228, std=0.4472
2026-02-08 15:05:33.921 | INFO     | src.models.evaluation:evaluate_tsb_ad_nonoverlapping:66 - Anomaly (945) reconstruction error: mean=0.8452, std=0.3107
2026-02-08 15:05:33.921 | INFO     | src.models.evaluation:evaluate_tsb_ad_nonoverlapping:67 - Overlap? Normal max=1.0000, Anomaly min=0.0027
2026-02-08 15:05:50.185 | INFO     | src.models.evaluation:evaluate_tsb_ad_nonoverlapping:83 - {'AUC-PR': 0.079621450860792, 'AUC-ROC': 0.6631433411822596, 'VUS-PR': np.float64(0.08102293840237262), 'VUS-ROC': np.float64(0.6763904908381533), 'Standard-F1': np.float64(0.1901710060128271), 'PA-F1': 0.5047720042417816, 'Event-based-F1': np.float64(0.2264150943396224), 'R-based-F1': 0.1569667959170021, 'Affiliation-F': 0.7510973943099027}
2026-02-08 15:05:50.346 | INFO     | src.pipelines.train_vision_backbones:run_pipeline:170 - Train images: 1071
2026-02-08 15:05:50.346 | INFO     | src.pipelines.train_vision_backbones:run_pipeline:171 - Test images: 4019
2026-02-08 15:05:51.348 | INFO     | src.pipelines.train_vision_backbones:run_pipeline:176 - Training pvt_autoencoder_progressive_unfreeze on RN
2026-02-08 15:05:51.372 | INFO     | src.models.pvt_autoencoder.training:train_pvt_autoencoder_progressive_unfreeze:132 - Device: cuda | Model on: cuda:0
2026-02-08 15:06:24.604 | INFO     | src.pipelines.train_vision_backbones:run_pipeline:193 - Evaluating pvt_autoencoder_progressive_unfreeze on RN
2026-02-08 15:06:28.774 | INFO     | src.models.evaluation:evaluate_tsb_ad_nonoverlapping:65 - Normal (59355) reconstruction error: mean=0.5928, std=0.3763
2026-02-08 15:06:28.774 | INFO     | src.models.evaluation:evaluate_tsb_ad_nonoverlapping:66 - Anomaly (945) reconstruction error: mean=0.7815, std=0.2774
2026-02-08 15:06:28.775 | INFO     | src.models.evaluation:evaluate_tsb_ad_nonoverlapping:67 - Overlap? Normal max=1.0000, Anomaly min=0.0299
2026-02-08 15:06:44.634 | INFO     | src.models.evaluation:evaluate_tsb_ad_nonoverlapping:83 - {'AUC-PR': 0.05556428090597782, 'AUC-ROC': 0.6563962063077555, 'VUS-PR': np.float64(0.055974544053096945), 'VUS-ROC': np.float64(0.6311985713874187), 'Standard-F1': np.float64(0.14999665319967548), 'PA-F1': 0.48567530695770805, 'Event-based-F1': np.float64(0.3636363636363631), 'R-based-F1': 0.17686943334952065, 'Affiliation-F': 0.7511877609519841}
2026-02-08 15:06:44.804 | INFO     | src.pipelines.train_vision_backbones:run_pipeline:170 - Train images: 1071
2026-02-08 15:06:44.804 | INFO     | src.pipelines.train_vision_backbones:run_pipeline:171 - Test images: 4019
Warning: You are sending unauthenticated requests to the HF Hub. Please set a HF_TOKEN to enable higher rate limits and faster downloads.
2026-02-08 15:06:45.790 | INFO     | src.pipelines.train_vision_backbones:run_pipeline:176 - Training pvt_autoencoder_differential_lr on RN
2026-02-08 15:06:45.813 | INFO     | src.models.pvt_autoencoder.training:train_pvt_autoencoder_differential_lr:267 - Device: cuda | Model on: cuda:0
2026-02-08 15:09:01.969 | INFO     | src.pipelines.train_vision_backbones:run_pipeline:193 - Evaluating pvt_autoencoder_differential_lr on RN
2026-02-08 15:09:06.864 | INFO     | src.models.evaluation:evaluate_tsb_ad_nonoverlapping:65 - Normal (59355) reconstruction error: mean=0.6094, std=0.4409
2026-02-08 15:09:06.864 | INFO     | src.models.evaluation:evaluate_tsb_ad_nonoverlapping:66 - Anomaly (945) reconstruction error: mean=0.8247, std=0.3043
2026-02-08 15:09:06.864 | INFO     | src.models.evaluation:evaluate_tsb_ad_nonoverlapping:67 - Overlap? Normal max=1.0000, Anomaly min=0.0020
2026-02-08 15:09:23.097 | INFO     | src.models.evaluation:evaluate_tsb_ad_nonoverlapping:83 - {'AUC-PR': 0.036655292481641066, 'AUC-ROC': 0.671301678226116, 'VUS-PR': np.float64(0.04747418435665077), 'VUS-ROC': np.float64(0.6653550303224705), 'Standard-F1': np.float64(0.10179845115423432), 'PA-F1': 0.23275442298328194, 'Event-based-F1': np.float64(0.08992638769149136), 'R-based-F1': 0.10537349136682658, 'Affiliation-F': 0.751578738766831}
2026-02-08 15:09:24.878 | INFO     | src.pipelines.train_vision_backbones:run_pipeline:70 - Using zip: /net/scratch/hscra/plgrid/plgsmendowski12/ts2i_images/SVDB/247_SVDB_id_11_Medical_tr_20100_1st_23611_ts2i_LP.zip for transformation LP
2026-02-08 15:09:32.356 | INFO     | src.pipelines.train_vision_backbones:run_pipeline:170 - Train images: 1071
2026-02-08 15:09:32.357 | INFO     | src.pipelines.train_vision_backbones:run_pipeline:171 - Test images: 4019
2026-02-08 15:09:32.364 | INFO     | src.pipelines.train_vision_backbones:run_pipeline:176 - Training cnn_autoencoder on LP
2026-02-08 15:09:32.368 | INFO     | src.models.cnn_autoencoder.training:train_autoencoder:22 - Device: cuda | Model on: cuda:0
2026-02-08 15:10:56.618 | INFO     | src.pipelines.train_vision_backbones:run_pipeline:193 - Evaluating cnn_autoencoder on LP
2026-02-08 15:11:00.013 | INFO     | src.models.evaluation:evaluate_tsb_ad_nonoverlapping:65 - Normal (59355) reconstruction error: mean=0.2619, std=0.1876
2026-02-08 15:11:00.013 | INFO     | src.models.evaluation:evaluate_tsb_ad_nonoverlapping:66 - Anomaly (945) reconstruction error: mean=0.2907, std=0.2160
2026-02-08 15:11:00.013 | INFO     | src.models.evaluation:evaluate_tsb_ad_nonoverlapping:67 - Overlap? Normal max=1.0000, Anomaly min=0.0262
2026-02-08 15:11:11.103 | INFO     | src.models.evaluation:evaluate_tsb_ad_nonoverlapping:83 - {'AUC-PR': 0.019589300492905515, 'AUC-ROC': 0.5210103854531452, 'VUS-PR': np.float64(0.02387922912426309), 'VUS-ROC': np.float64(0.5909607954612017), 'Standard-F1': np.float64(0.0518335021521702), 'PA-F1': 0.2522202486678508, 'Event-based-F1': np.float64(0.06349206349206327), 'R-based-F1': 0.05408059820892468, 'Affiliation-F': 0.8123797698366283}
2026-02-08 15:11:11.264 | INFO     | src.pipelines.train_vision_backbones:run_pipeline:170 - Train images: 1071
2026-02-08 15:11:11.264 | INFO     | src.pipelines.train_vision_backbones:run_pipeline:171 - Test images: 4019
2026-02-08 15:11:11.482 | INFO     | src.pipelines.train_vision_backbones:run_pipeline:176 - Training resnet18_autoencoder_frozen on LP
2026-02-08 15:11:11.496 | INFO     | src.models.resnet18_autoencoder.training:train_autoencoder_frozen:25 - Device: cuda | Model on: cuda:0
2026-02-08 15:11:44.003 | INFO     | src.pipelines.train_vision_backbones:run_pipeline:193 - Evaluating resnet18_autoencoder_frozen on LP
2026-02-08 15:11:47.848 | INFO     | src.models.evaluation:evaluate_tsb_ad_nonoverlapping:65 - Normal (59355) reconstruction error: mean=0.3235, std=0.1589
2026-02-08 15:11:47.848 | INFO     | src.models.evaluation:evaluate_tsb_ad_nonoverlapping:66 - Anomaly (945) reconstruction error: mean=0.3218, std=0.1594
2026-02-08 15:11:47.848 | INFO     | src.models.evaluation:evaluate_tsb_ad_nonoverlapping:67 - Overlap? Normal max=1.0000, Anomaly min=0.1007
2026-02-08 15:11:59.871 | INFO     | src.models.evaluation:evaluate_tsb_ad_nonoverlapping:83 - {'AUC-PR': 0.017701563411952916, 'AUC-ROC': 0.5056591159194141, 'VUS-PR': np.float64(0.021698725903131228), 'VUS-ROC': np.float64(0.5873503787181547), 'Standard-F1': np.float64(0.03857932197433591), 'PA-F1': 0.24190800681431004, 'Event-based-F1': np.float64(0.08695652173912999), 'R-based-F1': 0.04844290657439447, 'Affiliation-F': 0.786195827193858}
2026-02-08 15:12:00.029 | INFO     | src.pipelines.train_vision_backbones:run_pipeline:170 - Train images: 1071
2026-02-08 15:12:00.029 | INFO     | src.pipelines.train_vision_backbones:run_pipeline:171 - Test images: 4019
2026-02-08 15:12:00.244 | INFO     | src.pipelines.train_vision_backbones:run_pipeline:176 - Training resnet18_autoencoder_progressive_unfreeze on LP
2026-02-08 15:12:00.258 | INFO     | src.models.resnet18_autoencoder.training:train_autoencoder_progressive_unfreeze:133 - Device: cuda | Model on: cuda:0
2026-02-08 15:12:51.753 | INFO     | src.pipelines.train_vision_backbones:run_pipeline:193 - Evaluating resnet18_autoencoder_progressive_unfreeze on LP
2026-02-08 15:12:55.479 | INFO     | src.models.evaluation:evaluate_tsb_ad_nonoverlapping:65 - Normal (59355) reconstruction error: mean=0.3312, std=0.1649
2026-02-08 15:12:55.479 | INFO     | src.models.evaluation:evaluate_tsb_ad_nonoverlapping:66 - Anomaly (945) reconstruction error: mean=0.3537, std=0.1770
2026-02-08 15:12:55.480 | INFO     | src.models.evaluation:evaluate_tsb_ad_nonoverlapping:67 - Overlap? Normal max=1.0000, Anomaly min=0.0867
2026-02-08 15:13:07.772 | INFO     | src.models.evaluation:evaluate_tsb_ad_nonoverlapping:83 - {'AUC-PR': 0.018554610039712587, 'AUC-ROC': 0.5269739648309271, 'VUS-PR': np.float64(0.023295247286018925), 'VUS-ROC': np.float64(0.5947700584801343), 'Standard-F1': np.float64(0.04846790980272088), 'PA-F1': 0.22642967542503864, 'Event-based-F1': np.float64(0.050599201065246284), 'R-based-F1': 0.03986014476879121, 'Affiliation-F': 0.8016588021371048}
2026-02-08 15:13:07.931 | INFO     | src.pipelines.train_vision_backbones:run_pipeline:170 - Train images: 1071
2026-02-08 15:13:07.931 | INFO     | src.pipelines.train_vision_backbones:run_pipeline:171 - Test images: 4019
2026-02-08 15:13:08.146 | INFO     | src.pipelines.train_vision_backbones:run_pipeline:176 - Training resnet18_autoencoder_differential_lr on LP
2026-02-08 15:13:08.160 | INFO     | src.models.resnet18_autoencoder.training:train_autoencoder_differential_lr:271 - Device: cuda | Model on: cuda:0
2026-02-08 15:14:40.722 | INFO     | src.pipelines.train_vision_backbones:run_pipeline:193 - Evaluating resnet18_autoencoder_differential_lr on LP
2026-02-08 15:14:44.325 | INFO     | src.models.evaluation:evaluate_tsb_ad_nonoverlapping:65 - Normal (59355) reconstruction error: mean=0.2828, std=0.1602
2026-02-08 15:14:44.326 | INFO     | src.models.evaluation:evaluate_tsb_ad_nonoverlapping:66 - Anomaly (945) reconstruction error: mean=0.3112, std=0.1942
2026-02-08 15:14:44.326 | INFO     | src.models.evaluation:evaluate_tsb_ad_nonoverlapping:67 - Overlap? Normal max=1.0000, Anomaly min=0.0612
2026-02-08 15:14:55.577 | INFO     | src.models.evaluation:evaluate_tsb_ad_nonoverlapping:83 - {'AUC-PR': 0.019773087876078677, 'AUC-ROC': 0.5058559407813894, 'VUS-PR': np.float64(0.02502788179966746), 'VUS-ROC': np.float64(0.5844256685299689), 'Standard-F1': np.float64(0.0577230472122855), 'PA-F1': 0.3088235294117647, 'Event-based-F1': np.float64(0.06237006237006229), 'R-based-F1': 0.052522500764045514, 'Affiliation-F': 0.8145322285369082}
2026-02-08 15:14:55.739 | INFO     | src.pipelines.train_vision_backbones:run_pipeline:170 - Train images: 1071
2026-02-08 15:14:55.739 | INFO     | src.pipelines.train_vision_backbones:run_pipeline:171 - Test images: 4019
2026-02-08 15:14:56.684 | INFO     | src.pipelines.train_vision_backbones:run_pipeline:176 - Training pvt_autoencoder_frozen on LP
2026-02-08 15:14:56.707 | INFO     | src.models.pvt_autoencoder.training:train_pvt_autoencoder_frozen:24 - Device: cuda | Model on: cuda:0
2026-02-08 15:15:38.666 | INFO     | src.pipelines.train_vision_backbones:run_pipeline:193 - Evaluating pvt_autoencoder_frozen on LP
2026-02-08 15:15:42.992 | INFO     | src.models.evaluation:evaluate_tsb_ad_nonoverlapping:65 - Normal (59355) reconstruction error: mean=0.2780, std=0.1783
2026-02-08 15:15:42.992 | INFO     | src.models.evaluation:evaluate_tsb_ad_nonoverlapping:66 - Anomaly (945) reconstruction error: mean=0.2759, std=0.1770
2026-02-08 15:15:42.992 | INFO     | src.models.evaluation:evaluate_tsb_ad_nonoverlapping:67 - Overlap? Normal max=1.0000, Anomaly min=0.0129
2026-02-08 15:15:54.526 | INFO     | src.models.evaluation:evaluate_tsb_ad_nonoverlapping:83 - {'AUC-PR': 0.016500650213520023, 'AUC-ROC': 0.4935206913473277, 'VUS-PR': np.float64(0.020686179838833713), 'VUS-ROC': np.float64(0.566013842808528), 'Standard-F1': np.float64(0.042409406952967875), 'PA-F1': 0.18468823993685873, 'Event-based-F1': np.float64(0.043628013777267466), 'R-based-F1': 0.0502369611626223, 'Affiliation-F': 0.777968810955697}
2026-02-08 15:15:54.685 | INFO     | src.pipelines.train_vision_backbones:run_pipeline:170 - Train images: 1071
2026-02-08 15:15:54.685 | INFO     | src.pipelines.train_vision_backbones:run_pipeline:171 - Test images: 4019
2026-02-08 15:15:55.696 | INFO     | src.pipelines.train_vision_backbones:run_pipeline:176 - Training pvt_autoencoder_progressive_unfreeze on LP
2026-02-08 15:15:55.720 | INFO     | src.models.pvt_autoencoder.training:train_pvt_autoencoder_progressive_unfreeze:132 - Device: cuda | Model on: cuda:0
2026-02-08 15:17:23.695 | INFO     | src.pipelines.train_vision_backbones:run_pipeline:193 - Evaluating pvt_autoencoder_progressive_unfreeze on LP
2026-02-08 15:17:28.521 | INFO     | src.models.evaluation:evaluate_tsb_ad_nonoverlapping:65 - Normal (59355) reconstruction error: mean=0.3621, std=0.1442
2026-02-08 15:17:28.521 | INFO     | src.models.evaluation:evaluate_tsb_ad_nonoverlapping:66 - Anomaly (945) reconstruction error: mean=0.3909, std=0.1772
2026-02-08 15:17:28.521 | INFO     | src.models.evaluation:evaluate_tsb_ad_nonoverlapping:67 - Overlap? Normal max=1.0000, Anomaly min=0.1352
2026-02-08 15:17:41.113 | INFO     | src.models.evaluation:evaluate_tsb_ad_nonoverlapping:83 - {'AUC-PR': 0.02091234671435272, 'AUC-ROC': 0.5144429602352272, 'VUS-PR': np.float64(0.025890701092361385), 'VUS-ROC': np.float64(0.5846897992151913), 'Standard-F1': np.float64(0.060043702933531035), 'PA-F1': 0.33649289099526064, 'Event-based-F1': np.float64(0.09230769230769209), 'R-based-F1': 0.07358637728354628, 'Affiliation-F': 0.832016536594742}
2026-02-08 15:17:41.278 | INFO     | src.pipelines.train_vision_backbones:run_pipeline:170 - Train images: 1071
2026-02-08 15:17:41.278 | INFO     | src.pipelines.train_vision_backbones:run_pipeline:171 - Test images: 4019
2026-02-08 15:17:42.222 | INFO     | src.pipelines.train_vision_backbones:run_pipeline:176 - Training pvt_autoencoder_differential_lr on LP
2026-02-08 15:17:42.247 | INFO     | src.models.pvt_autoencoder.training:train_pvt_autoencoder_differential_lr:267 - Device: cuda | Model on: cuda:0
2026-02-08 15:19:03.996 | INFO     | src.pipelines.train_vision_backbones:run_pipeline:193 - Evaluating pvt_autoencoder_differential_lr on LP
2026-02-08 15:19:08.810 | INFO     | src.models.evaluation:evaluate_tsb_ad_nonoverlapping:65 - Normal (59355) reconstruction error: mean=0.2883, std=0.1741
2026-02-08 15:19:08.810 | INFO     | src.models.evaluation:evaluate_tsb_ad_nonoverlapping:66 - Anomaly (945) reconstruction error: mean=0.3158, std=0.1991
2026-02-08 15:19:08.810 | INFO     | src.models.evaluation:evaluate_tsb_ad_nonoverlapping:67 - Overlap? Normal max=1.0000, Anomaly min=0.0380
2026-02-08 15:19:20.298 | INFO     | src.models.evaluation:evaluate_tsb_ad_nonoverlapping:83 - {'AUC-PR': 0.019211980435870163, 'AUC-ROC': 0.5125404981861894, 'VUS-PR': np.float64(0.023132236276745627), 'VUS-ROC': np.float64(0.5839112257282802), 'Standard-F1': np.float64(0.04924603095457768), 'PA-F1': 0.2679245283018868, 'Event-based-F1': np.float64(0.07407407407407383), 'R-based-F1': 0.0576362413097107, 'Affiliation-F': 0.8135928283962359}
2026-02-08 15:19:22.128 | INFO     | src.pipelines.train_vision_backbones:run_pipeline:70 - Using zip: /net/scratch/hscra/plgrid/plgsmendowski12/ts2i_images/SVDB/247_SVDB_id_11_Medical_tr_20100_1st_23611_ts2i_SG.zip for transformation SG
2026-02-08 15:19:28.519 | INFO     | src.pipelines.train_vision_backbones:run_pipeline:170 - Train images: 1071
2026-02-08 15:19:28.520 | INFO     | src.pipelines.train_vision_backbones:run_pipeline:171 - Test images: 4019
2026-02-08 15:19:28.526 | INFO     | src.pipelines.train_vision_backbones:run_pipeline:176 - Training cnn_autoencoder on SG
2026-02-08 15:19:28.531 | INFO     | src.models.cnn_autoencoder.training:train_autoencoder:22 - Device: cuda | Model on: cuda:0
2026-02-08 15:20:18.805 | INFO     | src.pipelines.train_vision_backbones:run_pipeline:193 - Evaluating cnn_autoencoder on SG
2026-02-08 15:20:22.350 | INFO     | src.models.evaluation:evaluate_tsb_ad_nonoverlapping:65 - Normal (59355) reconstruction error: mean=0.0413, std=0.0466
2026-02-08 15:20:22.350 | INFO     | src.models.evaluation:evaluate_tsb_ad_nonoverlapping:66 - Anomaly (945) reconstruction error: mean=0.1279, std=0.2262
2026-02-08 15:20:22.351 | INFO     | src.models.evaluation:evaluate_tsb_ad_nonoverlapping:67 - Overlap? Normal max=0.5322, Anomaly min=0.0000
2026-02-08 15:20:28.663 | INFO     | src.models.evaluation:evaluate_tsb_ad_nonoverlapping:83 - {'AUC-PR': 0.16665172724135405, 'AUC-ROC': 0.5260492088897446, 'VUS-PR': np.float64(0.08864249336696202), 'VUS-ROC': np.float64(0.6006491136802632), 'Standard-F1': np.float64(0.2520958577356522), 'PA-F1': 0.7759067357512953, 'Event-based-F1': np.float64(0.7692307692307687), 'R-based-F1': 0.31595075188630173, 'Affiliation-F': 0.8563863190811759}
2026-02-08 15:20:28.823 | INFO     | src.pipelines.train_vision_backbones:run_pipeline:170 - Train images: 1071
2026-02-08 15:20:28.823 | INFO     | src.pipelines.train_vision_backbones:run_pipeline:171 - Test images: 4019
2026-02-08 15:20:29.042 | INFO     | src.pipelines.train_vision_backbones:run_pipeline:176 - Training resnet18_autoencoder_frozen on SG
2026-02-08 15:20:29.056 | INFO     | src.models.resnet18_autoencoder.training:train_autoencoder_frozen:25 - Device: cuda | Model on: cuda:0
2026-02-08 15:21:08.442 | INFO     | src.pipelines.train_vision_backbones:run_pipeline:193 - Evaluating resnet18_autoencoder_frozen on SG
2026-02-08 15:21:12.267 | INFO     | src.models.evaluation:evaluate_tsb_ad_nonoverlapping:65 - Normal (59355) reconstruction error: mean=0.0270, std=0.0385
2026-02-08 15:21:12.267 | INFO     | src.models.evaluation:evaluate_tsb_ad_nonoverlapping:66 - Anomaly (945) reconstruction error: mean=0.1354, std=0.2487
2026-02-08 15:21:12.267 | INFO     | src.models.evaluation:evaluate_tsb_ad_nonoverlapping:67 - Overlap? Normal max=0.3686, Anomaly min=0.0001
2026-02-08 15:21:18.211 | INFO     | src.models.evaluation:evaluate_tsb_ad_nonoverlapping:83 - {'AUC-PR': 0.20489326470180638, 'AUC-ROC': 0.588951332646051, 'VUS-PR': np.float64(0.11737271798884719), 'VUS-ROC': np.float64(0.6479709233335037), 'Standard-F1': np.float64(0.29999665316233814), 'PA-F1': 0.7759067357512953, 'Event-based-F1': np.float64(0.7692307692307687), 'R-based-F1': 0.35503543256232467, 'Affiliation-F': 0.8432100448534158}
2026-02-08 15:21:18.381 | INFO     | src.pipelines.train_vision_backbones:run_pipeline:170 - Train images: 1071
2026-02-08 15:21:18.381 | INFO     | src.pipelines.train_vision_backbones:run_pipeline:171 - Test images: 4019
2026-02-08 15:21:18.589 | INFO     | src.pipelines.train_vision_backbones:run_pipeline:176 - Training resnet18_autoencoder_progressive_unfreeze on SG
2026-02-08 15:21:18.602 | INFO     | src.models.resnet18_autoencoder.training:train_autoencoder_progressive_unfreeze:133 - Device: cuda | Model on: cuda:0
2026-02-08 15:22:12.476 | INFO     | src.pipelines.train_vision_backbones:run_pipeline:193 - Evaluating resnet18_autoencoder_progressive_unfreeze on SG
2026-02-08 15:22:16.128 | INFO     | src.models.evaluation:evaluate_tsb_ad_nonoverlapping:65 - Normal (59355) reconstruction error: mean=0.0137, std=0.0152
2026-02-08 15:22:16.129 | INFO     | src.models.evaluation:evaluate_tsb_ad_nonoverlapping:66 - Anomaly (945) reconstruction error: mean=0.0973, std=0.1961
2026-02-08 15:22:16.129 | INFO     | src.models.evaluation:evaluate_tsb_ad_nonoverlapping:67 - Overlap? Normal max=0.1897, Anomaly min=0.0001
2026-02-08 15:22:21.783 | INFO     | src.models.evaluation:evaluate_tsb_ad_nonoverlapping:83 - {'AUC-PR': 0.22836953598167456, 'AUC-ROC': 0.5751332111200698, 'VUS-PR': np.float64(0.11688635370317715), 'VUS-ROC': np.float64(0.6418610759276273), 'Standard-F1': np.float64(0.30952005956924167), 'PA-F1': 0.7759067357512953, 'Event-based-F1': np.float64(0.7692307692307687), 'R-based-F1': 0.3333478038151374, 'Affiliation-F': 0.8543868200185062}
2026-02-08 15:22:21.947 | INFO     | src.pipelines.train_vision_backbones:run_pipeline:170 - Train images: 1071
2026-02-08 15:22:21.948 | INFO     | src.pipelines.train_vision_backbones:run_pipeline:171 - Test images: 4019
2026-02-08 15:22:22.163 | INFO     | src.pipelines.train_vision_backbones:run_pipeline:176 - Training resnet18_autoencoder_differential_lr on SG
2026-02-08 15:22:22.177 | INFO     | src.models.resnet18_autoencoder.training:train_autoencoder_differential_lr:271 - Device: cuda | Model on: cuda:0
2026-02-08 15:23:09.782 | INFO     | src.pipelines.train_vision_backbones:run_pipeline:193 - Evaluating resnet18_autoencoder_differential_lr on SG
2026-02-08 15:23:13.709 | INFO     | src.models.evaluation:evaluate_tsb_ad_nonoverlapping:65 - Normal (59355) reconstruction error: mean=0.0114, std=0.0140
2026-02-08 15:23:13.710 | INFO     | src.models.evaluation:evaluate_tsb_ad_nonoverlapping:66 - Anomaly (945) reconstruction error: mean=0.0883, std=0.1825
2026-02-08 15:23:13.710 | INFO     | src.models.evaluation:evaluate_tsb_ad_nonoverlapping:67 - Overlap? Normal max=0.1426, Anomaly min=0.0000
2026-02-08 15:23:19.253 | INFO     | src.models.evaluation:evaluate_tsb_ad_nonoverlapping:83 - {'AUC-PR': 0.2381144961403078, 'AUC-ROC': 0.5441528173901184, 'VUS-PR': np.float64(0.13108280064982542), 'VUS-ROC': np.float64(0.611286530822103), 'Standard-F1': np.float64(0.3294079280723672), 'PA-F1': 0.7759067357512953, 'Event-based-F1': np.float64(0.7692307692307687), 'R-based-F1': 0.3526997559239245, 'Affiliation-F': 0.8578138624830023}
2026-02-08 15:23:19.419 | INFO     | src.pipelines.train_vision_backbones:run_pipeline:170 - Train images: 1071
2026-02-08 15:23:19.419 | INFO     | src.pipelines.train_vision_backbones:run_pipeline:171 - Test images: 4019
2026-02-08 15:23:20.368 | INFO     | src.pipelines.train_vision_backbones:run_pipeline:176 - Training pvt_autoencoder_frozen on SG
2026-02-08 15:23:20.393 | INFO     | src.models.pvt_autoencoder.training:train_pvt_autoencoder_frozen:24 - Device: cuda | Model on: cuda:0
2026-02-08 15:24:03.794 | INFO     | src.pipelines.train_vision_backbones:run_pipeline:193 - Evaluating pvt_autoencoder_frozen on SG
2026-02-08 15:24:08.797 | INFO     | src.models.evaluation:evaluate_tsb_ad_nonoverlapping:65 - Normal (59355) reconstruction error: mean=0.0208, std=0.0281
2026-02-08 15:24:08.797 | INFO     | src.models.evaluation:evaluate_tsb_ad_nonoverlapping:66 - Anomaly (945) reconstruction error: mean=0.1584, std=0.2905
2026-02-08 15:24:08.797 | INFO     | src.models.evaluation:evaluate_tsb_ad_nonoverlapping:67 - Overlap? Normal max=0.4818, Anomaly min=0.0002
2026-02-08 15:24:14.620 | INFO     | src.models.evaluation:evaluate_tsb_ad_nonoverlapping:83 - {'AUC-PR': 0.22845034655153126, 'AUC-ROC': 0.5818084086469227, 'VUS-PR': np.float64(0.12380582990823516), 'VUS-ROC': np.float64(0.6579474302993029), 'Standard-F1': np.float64(0.33333022685340846), 'PA-F1': 0.7759067357512953, 'Event-based-F1': np.float64(0.7692307692307687), 'R-based-F1': 0.3809685085076573, 'Affiliation-F': 0.8666900072900039}
2026-02-08 15:24:14.779 | INFO     | src.pipelines.train_vision_backbones:run_pipeline:170 - Train images: 1071
2026-02-08 15:24:14.780 | INFO     | src.pipelines.train_vision_backbones:run_pipeline:171 - Test images: 4019
2026-02-08 15:24:15.730 | INFO     | src.pipelines.train_vision_backbones:run_pipeline:176 - Training pvt_autoencoder_progressive_unfreeze on SG
2026-02-08 15:24:15.755 | INFO     | src.models.pvt_autoencoder.training:train_pvt_autoencoder_progressive_unfreeze:132 - Device: cuda | Model on: cuda:0
2026-02-08 15:25:12.045 | INFO     | src.pipelines.train_vision_backbones:run_pipeline:193 - Evaluating pvt_autoencoder_progressive_unfreeze on SG
2026-02-08 15:25:17.083 | INFO     | src.models.evaluation:evaluate_tsb_ad_nonoverlapping:65 - Normal (59355) reconstruction error: mean=0.0191, std=0.0196
2026-02-08 15:25:17.083 | INFO     | src.models.evaluation:evaluate_tsb_ad_nonoverlapping:66 - Anomaly (945) reconstruction error: mean=0.1217, std=0.2229
2026-02-08 15:25:17.083 | INFO     | src.models.evaluation:evaluate_tsb_ad_nonoverlapping:67 - Overlap? Normal max=0.2036, Anomaly min=0.0006
2026-02-08 15:25:22.775 | INFO     | src.models.evaluation:evaluate_tsb_ad_nonoverlapping:83 - {'AUC-PR': 0.24301188579952468, 'AUC-ROC': 0.5083232046082691, 'VUS-PR': np.float64(0.13335051133816103), 'VUS-ROC': np.float64(0.5844633636653468), 'Standard-F1': np.float64(0.3544271495247131), 'PA-F1': 0.7759067357512953, 'Event-based-F1': np.float64(0.7692307692307687), 'R-based-F1': 0.4065768956111417, 'Affiliation-F': 0.8425468073724417}
2026-02-08 15:25:22.944 | INFO     | src.pipelines.train_vision_backbones:run_pipeline:170 - Train images: 1071
2026-02-08 15:25:22.944 | INFO     | src.pipelines.train_vision_backbones:run_pipeline:171 - Test images: 4019
2026-02-08 15:25:23.894 | INFO     | src.pipelines.train_vision_backbones:run_pipeline:176 - Training pvt_autoencoder_differential_lr on SG
2026-02-08 15:25:23.920 | INFO     | src.models.pvt_autoencoder.training:train_pvt_autoencoder_differential_lr:267 - Device: cuda | Model on: cuda:0
2026-02-08 15:26:11.497 | INFO     | src.pipelines.train_vision_backbones:run_pipeline:193 - Evaluating pvt_autoencoder_differential_lr on SG
2026-02-08 15:26:15.835 | INFO     | src.models.evaluation:evaluate_tsb_ad_nonoverlapping:65 - Normal (59355) reconstruction error: mean=0.0281, std=0.0327
2026-02-08 15:26:15.835 | INFO     | src.models.evaluation:evaluate_tsb_ad_nonoverlapping:66 - Anomaly (945) reconstruction error: mean=0.1253, std=0.2487
2026-02-08 15:26:15.835 | INFO     | src.models.evaluation:evaluate_tsb_ad_nonoverlapping:67 - Overlap? Normal max=0.2882, Anomaly min=0.0005
2026-02-08 15:26:21.766 | INFO     | src.models.evaluation:evaluate_tsb_ad_nonoverlapping:83 - {'AUC-PR': 0.18009874671381995, 'AUC-ROC': 0.5343746866112293, 'VUS-PR': np.float64(0.0825756788056185), 'VUS-ROC': np.float64(0.6004715599782846), 'Standard-F1': np.float64(0.24999781251914044), 'PA-F1': 0.7759067357512953, 'Event-based-F1': np.float64(0.7692307692307687), 'R-based-F1': 0.3676407672630822, 'Affiliation-F': 0.8314770979726424}
2026-02-08 15:26:23.370 | INFO     | src.pipelines.train_vision_backbones:run_pipeline:70 - Using zip: /net/scratch/hscra/plgrid/plgsmendowski12/ts2i_images/SVDB/247_SVDB_id_11_Medical_tr_20100_1st_23611_ts2i_GASF.zip for transformation GASF
2026-02-08 15:26:29.786 | INFO     | src.pipelines.train_vision_backbones:run_pipeline:170 - Train images: 1071
2026-02-08 15:26:29.787 | INFO     | src.pipelines.train_vision_backbones:run_pipeline:171 - Test images: 4019
2026-02-08 15:26:29.794 | INFO     | src.pipelines.train_vision_backbones:run_pipeline:176 - Training cnn_autoencoder on GASF
2026-02-08 15:26:29.798 | INFO     | src.models.cnn_autoencoder.training:train_autoencoder:22 - Device: cuda | Model on: cuda:0
2026-02-08 15:27:46.359 | INFO     | src.pipelines.train_vision_backbones:run_pipeline:193 - Evaluating cnn_autoencoder on GASF
2026-02-08 15:27:50.189 | INFO     | src.models.evaluation:evaluate_tsb_ad_nonoverlapping:65 - Normal (59355) reconstruction error: mean=0.0892, std=0.0911
2026-02-08 15:27:50.189 | INFO     | src.models.evaluation:evaluate_tsb_ad_nonoverlapping:66 - Anomaly (945) reconstruction error: mean=0.0761, std=0.0914
2026-02-08 15:27:50.189 | INFO     | src.models.evaluation:evaluate_tsb_ad_nonoverlapping:67 - Overlap? Normal max=1.0000, Anomaly min=0.0000
2026-02-08 15:27:57.528 | INFO     | src.models.evaluation:evaluate_tsb_ad_nonoverlapping:83 - {'AUC-PR': 0.013981915810165568, 'AUC-ROC': 0.39181705984839676, 'VUS-PR': np.float64(0.020632839074767706), 'VUS-ROC': np.float64(0.5014210055069359), 'Standard-F1': np.float64(0.03993135380606779), 'PA-F1': 0.3218390804597701, 'Event-based-F1': np.float64(0.05393649412788158), 'R-based-F1': 0.04035796151793764, 'Affiliation-F': 0.7485517472342149}
2026-02-08 15:27:57.689 | INFO     | src.pipelines.train_vision_backbones:run_pipeline:170 - Train images: 1071
2026-02-08 15:27:57.689 | INFO     | src.pipelines.train_vision_backbones:run_pipeline:171 - Test images: 4019
2026-02-08 15:27:57.912 | INFO     | src.pipelines.train_vision_backbones:run_pipeline:176 - Training resnet18_autoencoder_frozen on GASF
2026-02-08 15:27:57.926 | INFO     | src.models.resnet18_autoencoder.training:train_autoencoder_frozen:25 - Device: cuda | Model on: cuda:0
2026-02-08 15:28:26.776 | INFO     | src.pipelines.train_vision_backbones:run_pipeline:193 - Evaluating resnet18_autoencoder_frozen on GASF
2026-02-08 15:28:30.963 | INFO     | src.models.evaluation:evaluate_tsb_ad_nonoverlapping:65 - Normal (59355) reconstruction error: mean=0.1855, std=0.1159
2026-02-08 15:28:30.963 | INFO     | src.models.evaluation:evaluate_tsb_ad_nonoverlapping:66 - Anomaly (945) reconstruction error: mean=0.2014, std=0.1605
2026-02-08 15:28:30.963 | INFO     | src.models.evaluation:evaluate_tsb_ad_nonoverlapping:67 - Overlap? Normal max=1.0000, Anomaly min=0.0129
2026-02-08 15:28:40.292 | INFO     | src.models.evaluation:evaluate_tsb_ad_nonoverlapping:83 - {'AUC-PR': 0.02471669294051044, 'AUC-ROC': 0.48900361425001304, 'VUS-PR': np.float64(0.031547373676562324), 'VUS-ROC': np.float64(0.5870051530552294), 'Standard-F1': np.float64(0.0899001541409293), 'PA-F1': 0.43236641221374045, 'Event-based-F1': np.float64(0.12438510189739972), 'R-based-F1': 0.10634010028603653, 'Affiliation-F': 0.8070889228377217}
2026-02-08 15:28:40.453 | INFO     | src.pipelines.train_vision_backbones:run_pipeline:170 - Train images: 1071
2026-02-08 15:28:40.454 | INFO     | src.pipelines.train_vision_backbones:run_pipeline:171 - Test images: 4019
2026-02-08 15:28:40.674 | INFO     | src.pipelines.train_vision_backbones:run_pipeline:176 - Training resnet18_autoencoder_progressive_unfreeze on GASF
2026-02-08 15:28:40.688 | INFO     | src.models.resnet18_autoencoder.training:train_autoencoder_progressive_unfreeze:133 - Device: cuda | Model on: cuda:0
2026-02-08 15:29:55.131 | INFO     | src.pipelines.train_vision_backbones:run_pipeline:193 - Evaluating resnet18_autoencoder_progressive_unfreeze on GASF
2026-02-08 15:29:59.314 | INFO     | src.models.evaluation:evaluate_tsb_ad_nonoverlapping:65 - Normal (59355) reconstruction error: mean=0.1576, std=0.1148
2026-02-08 15:29:59.315 | INFO     | src.models.evaluation:evaluate_tsb_ad_nonoverlapping:66 - Anomaly (945) reconstruction error: mean=0.1604, std=0.1395
2026-02-08 15:29:59.315 | INFO     | src.models.evaluation:evaluate_tsb_ad_nonoverlapping:67 - Overlap? Normal max=1.0000, Anomaly min=0.0053
2026-02-08 15:30:08.058 | INFO     | src.models.evaluation:evaluate_tsb_ad_nonoverlapping:83 - {'AUC-PR': 0.01953002587773278, 'AUC-ROC': 0.4721630544223418, 'VUS-PR': np.float64(0.026804967048138742), 'VUS-ROC': np.float64(0.5737109541867873), 'Standard-F1': np.float64(0.05872547160425788), 'PA-F1': 0.3072933549432739, 'Event-based-F1': np.float64(0.07838983050847442), 'R-based-F1': 0.057309385420808795, 'Affiliation-F': 0.7626791530980661}
2026-02-08 15:30:08.218 | INFO     | src.pipelines.train_vision_backbones:run_pipeline:170 - Train images: 1071
2026-02-08 15:30:08.218 | INFO     | src.pipelines.train_vision_backbones:run_pipeline:171 - Test images: 4019
2026-02-08 15:30:08.436 | INFO     | src.pipelines.train_vision_backbones:run_pipeline:176 - Training resnet18_autoencoder_differential_lr on GASF
2026-02-08 15:30:08.451 | INFO     | src.models.resnet18_autoencoder.training:train_autoencoder_differential_lr:271 - Device: cuda | Model on: cuda:0
2026-02-08 15:31:08.461 | INFO     | src.pipelines.train_vision_backbones:run_pipeline:193 - Evaluating resnet18_autoencoder_differential_lr on GASF
2026-02-08 15:31:12.849 | INFO     | src.models.evaluation:evaluate_tsb_ad_nonoverlapping:65 - Normal (59355) reconstruction error: mean=0.1628, std=0.1393
2026-02-08 15:31:12.849 | INFO     | src.models.evaluation:evaluate_tsb_ad_nonoverlapping:66 - Anomaly (945) reconstruction error: mean=0.1393, std=0.1470
2026-02-08 15:31:12.849 | INFO     | src.models.evaluation:evaluate_tsb_ad_nonoverlapping:67 - Overlap? Normal max=1.0000, Anomaly min=0.0010
2026-02-08 15:31:21.876 | INFO     | src.models.evaluation:evaluate_tsb_ad_nonoverlapping:83 - {'AUC-PR': 0.015199031361888313, 'AUC-ROC': 0.42365588809864774, 'VUS-PR': np.float64(0.02166954619378424), 'VUS-ROC': np.float64(0.5266683003129975), 'Standard-F1': np.float64(0.050788651285789854), 'PA-F1': 0.39849624060150374, 'Event-based-F1': np.float64(0.08602150537634391), 'R-based-F1': 0.07205742067180551, 'Affiliation-F': 0.7511831135752792}
2026-02-08 15:31:22.379 | INFO     | src.pipelines.train_vision_backbones:run_pipeline:170 - Train images: 1071
2026-02-08 15:31:22.379 | INFO     | src.pipelines.train_vision_backbones:run_pipeline:171 - Test images: 4019
2026-02-08 15:31:23.334 | INFO     | src.pipelines.train_vision_backbones:run_pipeline:176 - Training pvt_autoencoder_frozen on GASF
2026-02-08 15:31:23.358 | INFO     | src.models.pvt_autoencoder.training:train_pvt_autoencoder_frozen:24 - Device: cuda | Model on: cuda:0
2026-02-08 15:31:53.715 | INFO     | src.pipelines.train_vision_backbones:run_pipeline:193 - Evaluating pvt_autoencoder_frozen on GASF
2026-02-08 15:31:58.461 | INFO     | src.models.evaluation:evaluate_tsb_ad_nonoverlapping:65 - Normal (59355) reconstruction error: mean=0.1632, std=0.1005
2026-02-08 15:31:58.461 | INFO     | src.models.evaluation:evaluate_tsb_ad_nonoverlapping:66 - Anomaly (945) reconstruction error: mean=0.1473, std=0.1223
2026-02-08 15:31:58.461 | INFO     | src.models.evaluation:evaluate_tsb_ad_nonoverlapping:67 - Overlap? Normal max=1.0000, Anomaly min=0.0086
2026-02-08 15:32:07.276 | INFO     | src.models.evaluation:evaluate_tsb_ad_nonoverlapping:83 - {'AUC-PR': 0.016736324096154824, 'AUC-ROC': 0.4192500598363626, 'VUS-PR': np.float64(0.020362145813039276), 'VUS-ROC': np.float64(0.5196544050580124), 'Standard-F1': np.float64(0.04410761656975522), 'PA-F1': 0.2653817642698295, 'Event-based-F1': np.float64(0.09999999999999952), 'R-based-F1': 0.05430046289661138, 'Affiliation-F': 0.7511850766138635}
2026-02-08 15:32:07.440 | INFO     | src.pipelines.train_vision_backbones:run_pipeline:170 - Train images: 1071
2026-02-08 15:32:07.440 | INFO     | src.pipelines.train_vision_backbones:run_pipeline:171 - Test images: 4019
2026-02-08 15:32:08.389 | INFO     | src.pipelines.train_vision_backbones:run_pipeline:176 - Training pvt_autoencoder_progressive_unfreeze on GASF
2026-02-08 15:32:08.415 | INFO     | src.models.pvt_autoencoder.training:train_pvt_autoencoder_progressive_unfreeze:132 - Device: cuda | Model on: cuda:0
2026-02-08 15:33:33.385 | INFO     | src.pipelines.train_vision_backbones:run_pipeline:193 - Evaluating pvt_autoencoder_progressive_unfreeze on GASF
2026-02-08 15:33:38.653 | INFO     | src.models.evaluation:evaluate_tsb_ad_nonoverlapping:65 - Normal (59355) reconstruction error: mean=0.1798, std=0.1544
2026-02-08 15:33:38.653 | INFO     | src.models.evaluation:evaluate_tsb_ad_nonoverlapping:66 - Anomaly (945) reconstruction error: mean=0.1754, std=0.2063
2026-02-08 15:33:38.653 | INFO     | src.models.evaluation:evaluate_tsb_ad_nonoverlapping:67 - Overlap? Normal max=1.0000, Anomaly min=0.0053
2026-02-08 15:33:48.060 | INFO     | src.models.evaluation:evaluate_tsb_ad_nonoverlapping:83 - {'AUC-PR': 0.022087922805152038, 'AUC-ROC': 0.43073837402874554, 'VUS-PR': np.float64(0.026823860070950205), 'VUS-ROC': np.float64(0.5385161293035298), 'Standard-F1': np.float64(0.06725261634188859), 'PA-F1': 0.40852878464818765, 'Event-based-F1': np.float64(0.1666666666666662), 'R-based-F1': 0.08199378188116019, 'Affiliation-F': 0.7511850766138635}
2026-02-08 15:33:48.226 | INFO     | src.pipelines.train_vision_backbones:run_pipeline:170 - Train images: 1071
2026-02-08 15:33:48.227 | INFO     | src.pipelines.train_vision_backbones:run_pipeline:171 - Test images: 4019
2026-02-08 15:33:49.173 | INFO     | src.pipelines.train_vision_backbones:run_pipeline:176 - Training pvt_autoencoder_differential_lr on GASF
2026-02-08 15:33:49.198 | INFO     | src.models.pvt_autoencoder.training:train_pvt_autoencoder_differential_lr:267 - Device: cuda | Model on: cuda:0
2026-02-08 15:35:22.486 | INFO     | src.pipelines.train_vision_backbones:run_pipeline:193 - Evaluating pvt_autoencoder_differential_lr on GASF
2026-02-08 15:35:27.239 | INFO     | src.models.evaluation:evaluate_tsb_ad_nonoverlapping:65 - Normal (59355) reconstruction error: mean=0.1437, std=0.1276
2026-02-08 15:35:27.239 | INFO     | src.models.evaluation:evaluate_tsb_ad_nonoverlapping:66 - Anomaly (945) reconstruction error: mean=0.1204, std=0.1360
2026-02-08 15:35:27.239 | INFO     | src.models.evaluation:evaluate_tsb_ad_nonoverlapping:67 - Overlap? Normal max=1.0000, Anomaly min=0.0031
2026-02-08 15:35:35.711 | INFO     | src.models.evaluation:evaluate_tsb_ad_nonoverlapping:83 - {'AUC-PR': 0.014943595027750934, 'AUC-ROC': 0.41117034576726263, 'VUS-PR': np.float64(0.018817591837112065), 'VUS-ROC': np.float64(0.5083266798001028), 'Standard-F1': np.float64(0.037032176563863026), 'PA-F1': 0.26229508196721313, 'Event-based-F1': np.float64(0.09523809523809477), 'R-based-F1': 0.056605751790226366, 'Affiliation-F': 0.751212493925617}
2026-02-08 15:35:37.440 | INFO     | src.pipelines.train_vision_backbones:run_pipeline:70 - Using zip: /net/scratch/hscra/plgrid/plgsmendowski12/ts2i_images/SVDB/247_SVDB_id_11_Medical_tr_20100_1st_23611_ts2i_GADF.zip for transformation GADF
2026-02-08 15:35:44.038 | INFO     | src.pipelines.train_vision_backbones:run_pipeline:170 - Train images: 1071
2026-02-08 15:35:44.038 | INFO     | src.pipelines.train_vision_backbones:run_pipeline:171 - Test images: 4019
2026-02-08 15:35:44.045 | INFO     | src.pipelines.train_vision_backbones:run_pipeline:176 - Training cnn_autoencoder on GADF
2026-02-08 15:35:44.050 | INFO     | src.models.cnn_autoencoder.training:train_autoencoder:22 - Device: cuda | Model on: cuda:0
2026-02-08 15:36:56.985 | INFO     | src.pipelines.train_vision_backbones:run_pipeline:193 - Evaluating cnn_autoencoder on GADF
2026-02-08 15:37:00.578 | INFO     | src.models.evaluation:evaluate_tsb_ad_nonoverlapping:65 - Normal (59355) reconstruction error: mean=0.1487, std=0.1336
2026-02-08 15:37:00.578 | INFO     | src.models.evaluation:evaluate_tsb_ad_nonoverlapping:66 - Anomaly (945) reconstruction error: mean=0.1272, std=0.1446
2026-02-08 15:37:00.578 | INFO     | src.models.evaluation:evaluate_tsb_ad_nonoverlapping:67 - Overlap? Normal max=1.0000, Anomaly min=0.0121
2026-02-08 15:37:09.149 | INFO     | src.models.evaluation:evaluate_tsb_ad_nonoverlapping:83 - {'AUC-PR': 0.014828250984789397, 'AUC-ROC': 0.40283229906682017, 'VUS-PR': np.float64(0.021501266442234806), 'VUS-ROC': np.float64(0.512281491200757), 'Standard-F1': np.float64(0.04730745791322307), 'PA-F1': 0.4088785046728972, 'Event-based-F1': np.float64(0.12267657992565027), 'R-based-F1': 0.0875542469663077, 'Affiliation-F': 0.7511982893881548}
2026-02-08 15:37:09.317 | INFO     | src.pipelines.train_vision_backbones:run_pipeline:170 - Train images: 1071
2026-02-08 15:37:09.317 | INFO     | src.pipelines.train_vision_backbones:run_pipeline:171 - Test images: 4019
2026-02-08 15:37:09.536 | INFO     | src.pipelines.train_vision_backbones:run_pipeline:176 - Training resnet18_autoencoder_frozen on GADF
2026-02-08 15:37:09.551 | INFO     | src.models.resnet18_autoencoder.training:train_autoencoder_frozen:25 - Device: cuda | Model on: cuda:0
2026-02-08 15:37:43.857 | INFO     | src.pipelines.train_vision_backbones:run_pipeline:193 - Evaluating resnet18_autoencoder_frozen on GADF
2026-02-08 15:37:48.155 | INFO     | src.models.evaluation:evaluate_tsb_ad_nonoverlapping:65 - Normal (59355) reconstruction error: mean=0.1271, std=0.1166
2026-02-08 15:37:48.155 | INFO     | src.models.evaluation:evaluate_tsb_ad_nonoverlapping:66 - Anomaly (945) reconstruction error: mean=0.1324, std=0.1401
2026-02-08 15:37:48.155 | INFO     | src.models.evaluation:evaluate_tsb_ad_nonoverlapping:67 - Overlap? Normal max=1.0000, Anomaly min=0.0090
2026-02-08 15:37:56.350 | INFO     | src.models.evaluation:evaluate_tsb_ad_nonoverlapping:83 - {'AUC-PR': 0.0181266769966161, 'AUC-ROC': 0.4723269859989597, 'VUS-PR': np.float64(0.02405823515101955), 'VUS-ROC': np.float64(0.5723330993229233), 'Standard-F1': np.float64(0.055116481552638937), 'PA-F1': 0.33510074231177095, 'Event-based-F1': np.float64(0.07792207792207774), 'R-based-F1': 0.06584918705352623, 'Affiliation-F': 0.7533519354116884}
2026-02-08 15:37:56.566 | INFO     | src.pipelines.train_vision_backbones:run_pipeline:170 - Train images: 1071
2026-02-08 15:37:56.566 | INFO     | src.pipelines.train_vision_backbones:run_pipeline:171 - Test images: 4019
2026-02-08 15:37:56.778 | INFO     | src.pipelines.train_vision_backbones:run_pipeline:176 - Training resnet18_autoencoder_progressive_unfreeze on GADF
2026-02-08 15:37:56.791 | INFO     | src.models.resnet18_autoencoder.training:train_autoencoder_progressive_unfreeze:133 - Device: cuda | Model on: cuda:0
2026-02-08 15:39:19.112 | INFO     | src.pipelines.train_vision_backbones:run_pipeline:193 - Evaluating resnet18_autoencoder_progressive_unfreeze on GADF
2026-02-08 15:39:23.460 | INFO     | src.models.evaluation:evaluate_tsb_ad_nonoverlapping:65 - Normal (59355) reconstruction error: mean=0.1734, std=0.1587
2026-02-08 15:39:23.460 | INFO     | src.models.evaluation:evaluate_tsb_ad_nonoverlapping:66 - Anomaly (945) reconstruction error: mean=0.1692, std=0.1668
2026-02-08 15:39:23.460 | INFO     | src.models.evaluation:evaluate_tsb_ad_nonoverlapping:67 - Overlap? Normal max=1.0000, Anomaly min=0.0067
2026-02-08 15:39:32.704 | INFO     | src.models.evaluation:evaluate_tsb_ad_nonoverlapping:83 - {'AUC-PR': 0.01627207312913428, 'AUC-ROC': 0.47671757103144513, 'VUS-PR': np.float64(0.0229175523393495), 'VUS-ROC': np.float64(0.5704586232143012), 'Standard-F1': np.float64(0.039182098217434846), 'PA-F1': 0.30387461906835, 'Event-based-F1': np.float64(0.06967213114754074), 'R-based-F1': 0.04987807438817052, 'Affiliation-F': 0.7612223485107157}
2026-02-08 15:39:32.865 | INFO     | src.pipelines.train_vision_backbones:run_pipeline:170 - Train images: 1071
2026-02-08 15:39:32.865 | INFO     | src.pipelines.train_vision_backbones:run_pipeline:171 - Test images: 4019
2026-02-08 15:39:33.085 | INFO     | src.pipelines.train_vision_backbones:run_pipeline:176 - Training resnet18_autoencoder_differential_lr on GADF
2026-02-08 15:39:33.100 | INFO     | src.models.resnet18_autoencoder.training:train_autoencoder_differential_lr:271 - Device: cuda | Model on: cuda:0
2026-02-08 15:41:03.290 | INFO     | src.pipelines.train_vision_backbones:run_pipeline:193 - Evaluating resnet18_autoencoder_differential_lr on GADF
2026-02-08 15:41:07.483 | INFO     | src.models.evaluation:evaluate_tsb_ad_nonoverlapping:65 - Normal (59355) reconstruction error: mean=0.1569, std=0.1580
2026-02-08 15:41:07.483 | INFO     | src.models.evaluation:evaluate_tsb_ad_nonoverlapping:66 - Anomaly (945) reconstruction error: mean=0.1517, std=0.1425
2026-02-08 15:41:07.483 | INFO     | src.models.evaluation:evaluate_tsb_ad_nonoverlapping:67 - Overlap? Normal max=1.0000, Anomaly min=0.0077
2026-02-08 15:41:16.302 | INFO     | src.models.evaluation:evaluate_tsb_ad_nonoverlapping:83 - {'AUC-PR': 0.015765967929756854, 'AUC-ROC': 0.48941357690410003, 'VUS-PR': np.float64(0.021573405064207393), 'VUS-ROC': np.float64(0.5815883988988421), 'Standard-F1': np.float64(0.034905701993843796), 'PA-F1': 0.23552894211576847, 'Event-based-F1': np.float64(0.0354813462040177), 'R-based-F1': 0.04537397049902561, 'Affiliation-F': 0.7603843936546036}
2026-02-08 15:41:16.462 | INFO     | src.pipelines.train_vision_backbones:run_pipeline:170 - Train images: 1071
2026-02-08 15:41:16.462 | INFO     | src.pipelines.train_vision_backbones:run_pipeline:171 - Test images: 4019
2026-02-08 15:41:17.412 | INFO     | src.pipelines.train_vision_backbones:run_pipeline:176 - Training pvt_autoencoder_frozen on GADF
2026-02-08 15:41:17.436 | INFO     | src.models.pvt_autoencoder.training:train_pvt_autoencoder_frozen:24 - Device: cuda | Model on: cuda:0
2026-02-08 15:41:42.143 | INFO     | src.pipelines.train_vision_backbones:run_pipeline:193 - Evaluating pvt_autoencoder_frozen on GADF
2026-02-08 15:41:46.892 | INFO     | src.models.evaluation:evaluate_tsb_ad_nonoverlapping:65 - Normal (59355) reconstruction error: mean=0.0723, std=0.0644
2026-02-08 15:41:46.892 | INFO     | src.models.evaluation:evaluate_tsb_ad_nonoverlapping:66 - Anomaly (945) reconstruction error: mean=0.1392, std=0.2067
2026-02-08 15:41:46.892 | INFO     | src.models.evaluation:evaluate_tsb_ad_nonoverlapping:67 - Overlap? Normal max=0.7135, Anomaly min=0.0036
2026-02-08 15:41:53.788 | INFO     | src.models.evaluation:evaluate_tsb_ad_nonoverlapping:83 - {'AUC-PR': 0.0938849837512314, 'AUC-ROC': 0.5304488863750931, 'VUS-PR': np.float64(0.05405965181634323), 'VUS-ROC': np.float64(0.6288117035374763), 'Standard-F1': np.float64(0.15685802205686036), 'PA-F1': 0.6336633663366337, 'Event-based-F1': np.float64(0.545454545454545), 'R-based-F1': 0.21859016604546483, 'Affiliation-F': 0.8209096732258155}
2026-02-08 15:41:53.947 | INFO     | src.pipelines.train_vision_backbones:run_pipeline:170 - Train images: 1071
2026-02-08 15:41:53.947 | INFO     | src.pipelines.train_vision_backbones:run_pipeline:171 - Test images: 4019
2026-02-08 15:41:54.904 | INFO     | src.pipelines.train_vision_backbones:run_pipeline:176 - Training pvt_autoencoder_progressive_unfreeze on GADF
2026-02-08 15:41:54.928 | INFO     | src.models.pvt_autoencoder.training:train_pvt_autoencoder_progressive_unfreeze:132 - Device: cuda | Model on: cuda:0
2026-02-08 15:43:36.091 | INFO     | src.pipelines.train_vision_backbones:run_pipeline:193 - Evaluating pvt_autoencoder_progressive_unfreeze on GADF
2026-02-08 15:43:40.847 | INFO     | src.models.evaluation:evaluate_tsb_ad_nonoverlapping:65 - Normal (59355) reconstruction error: mean=0.1211, std=0.1233
2026-02-08 15:43:40.847 | INFO     | src.models.evaluation:evaluate_tsb_ad_nonoverlapping:66 - Anomaly (945) reconstruction error: mean=0.1233, std=0.1196
2026-02-08 15:43:40.847 | INFO     | src.models.evaluation:evaluate_tsb_ad_nonoverlapping:67 - Overlap? Normal max=1.0000, Anomaly min=0.0018
2026-02-08 15:43:48.865 | INFO     | src.models.evaluation:evaluate_tsb_ad_nonoverlapping:83 - {'AUC-PR': 0.01674592712152697, 'AUC-ROC': 0.5005582498632789, 'VUS-PR': np.float64(0.02394447264962287), 'VUS-ROC': np.float64(0.5955757534415985), 'Standard-F1': np.float64(0.038918184967723646), 'PA-F1': 0.2778204144282425, 'Event-based-F1': np.float64(0.04301075268817188), 'R-based-F1': 0.04042884869668876, 'Affiliation-F': 0.7585915457919219}
2026-02-08 15:43:49.029 | INFO     | src.pipelines.train_vision_backbones:run_pipeline:170 - Train images: 1071
2026-02-08 15:43:49.029 | INFO     | src.pipelines.train_vision_backbones:run_pipeline:171 - Test images: 4019
2026-02-08 15:43:50.008 | INFO     | src.pipelines.train_vision_backbones:run_pipeline:176 - Training pvt_autoencoder_differential_lr on GADF
2026-02-08 15:43:50.032 | INFO     | src.models.pvt_autoencoder.training:train_pvt_autoencoder_differential_lr:267 - Device: cuda | Model on: cuda:0
2026-02-08 15:46:18.821 | INFO     | src.pipelines.train_vision_backbones:run_pipeline:193 - Evaluating pvt_autoencoder_differential_lr on GADF
2026-02-08 15:46:23.425 | INFO     | src.models.evaluation:evaluate_tsb_ad_nonoverlapping:65 - Normal (59355) reconstruction error: mean=0.1103, std=0.1199
2026-02-08 15:46:23.425 | INFO     | src.models.evaluation:evaluate_tsb_ad_nonoverlapping:66 - Anomaly (945) reconstruction error: mean=0.1232, std=0.1453
2026-02-08 15:46:23.426 | INFO     | src.models.evaluation:evaluate_tsb_ad_nonoverlapping:67 - Overlap? Normal max=1.0000, Anomaly min=0.0029
2026-02-08 15:46:31.223 | INFO     | src.models.evaluation:evaluate_tsb_ad_nonoverlapping:83 - {'AUC-PR': 0.018806397139960934, 'AUC-ROC': 0.4791195831377788, 'VUS-PR': np.float64(0.027242198095278867), 'VUS-ROC': np.float64(0.5735542461567665), 'Standard-F1': np.float64(0.053587337518948515), 'PA-F1': 0.4489329268292683, 'Event-based-F1': np.float64(0.08196721311475397), 'R-based-F1': 0.07177043149593786, 'Affiliation-F': 0.7993029726641333}
2026-02-08 15:46:32.804 | INFO     | src.pipelines.train_vision_backbones:run_pipeline:70 - Using zip: /net/scratch/hscra/plgrid/plgsmendowski12/ts2i_images/SVDB/247_SVDB_id_11_Medical_tr_20100_1st_23611_ts2i_MTF.zip for transformation MTF
2026-02-08 15:46:39.501 | INFO     | src.pipelines.train_vision_backbones:run_pipeline:170 - Train images: 1071
2026-02-08 15:46:39.501 | INFO     | src.pipelines.train_vision_backbones:run_pipeline:171 - Test images: 4019
2026-02-08 15:46:39.508 | INFO     | src.pipelines.train_vision_backbones:run_pipeline:176 - Training cnn_autoencoder on MTF
2026-02-08 15:46:39.513 | INFO     | src.models.cnn_autoencoder.training:train_autoencoder:22 - Device: cuda | Model on: cuda:0
2026-02-08 15:48:01.997 | INFO     | src.pipelines.train_vision_backbones:run_pipeline:193 - Evaluating cnn_autoencoder on MTF
2026-02-08 15:48:06.018 | INFO     | src.models.evaluation:evaluate_tsb_ad_nonoverlapping:65 - Normal (59355) reconstruction error: mean=0.1390, std=0.1012
2026-02-08 15:48:06.018 | INFO     | src.models.evaluation:evaluate_tsb_ad_nonoverlapping:66 - Anomaly (945) reconstruction error: mean=0.1015, std=0.0888
2026-02-08 15:48:06.018 | INFO     | src.models.evaluation:evaluate_tsb_ad_nonoverlapping:67 - Overlap? Normal max=1.0000, Anomaly min=0.0000
2026-02-08 15:48:14.381 | INFO     | src.models.evaluation:evaluate_tsb_ad_nonoverlapping:83 - {'AUC-PR': 0.012243957038440409, 'AUC-ROC': 0.37734495027899123, 'VUS-PR': np.float64(0.019107860651997297), 'VUS-ROC': np.float64(0.4991171312742861), 'Standard-F1': np.float64(0.03085935818119057), 'PA-F1': 0.17777777777777778, 'Event-based-F1': np.float64(0.0493827160493824), 'R-based-F1': 0.0588878397042094, 'Affiliation-F': 0.7459482915817954}
2026-02-08 15:48:14.565 | INFO     | src.pipelines.train_vision_backbones:run_pipeline:170 - Train images: 1071
2026-02-08 15:48:14.565 | INFO     | src.pipelines.train_vision_backbones:run_pipeline:171 - Test images: 4019
2026-02-08 15:48:14.785 | INFO     | src.pipelines.train_vision_backbones:run_pipeline:176 - Training resnet18_autoencoder_frozen on MTF
2026-02-08 15:48:14.800 | INFO     | src.models.resnet18_autoencoder.training:train_autoencoder_frozen:25 - Device: cuda | Model on: cuda:0
2026-02-08 15:48:39.286 | INFO     | src.pipelines.train_vision_backbones:run_pipeline:193 - Evaluating resnet18_autoencoder_frozen on MTF
2026-02-08 15:48:44.076 | INFO     | src.models.evaluation:evaluate_tsb_ad_nonoverlapping:65 - Normal (59355) reconstruction error: mean=0.2574, std=0.1017
2026-02-08 15:48:44.076 | INFO     | src.models.evaluation:evaluate_tsb_ad_nonoverlapping:66 - Anomaly (945) reconstruction error: mean=0.2176, std=0.1184
2026-02-08 15:48:44.076 | INFO     | src.models.evaluation:evaluate_tsb_ad_nonoverlapping:67 - Overlap? Normal max=1.0000, Anomaly min=0.0000
2026-02-08 15:48:54.757 | INFO     | src.models.evaluation:evaluate_tsb_ad_nonoverlapping:83 - {'AUC-PR': 0.013750370210791008, 'AUC-ROC': 0.39771512008054843, 'VUS-PR': np.float64(0.019619317069260827), 'VUS-ROC': np.float64(0.5086512435821621), 'Standard-F1': np.float64(0.031011262502953454), 'PA-F1': 0.21485350897115604, 'Event-based-F1': np.float64(0.03791469194312789), 'R-based-F1': 0.05955422928026144, 'Affiliation-F': 0.763597424149261}
2026-02-08 15:48:54.926 | INFO     | src.pipelines.train_vision_backbones:run_pipeline:170 - Train images: 1071
2026-02-08 15:48:54.926 | INFO     | src.pipelines.train_vision_backbones:run_pipeline:171 - Test images: 4019
2026-02-08 15:48:55.143 | INFO     | src.pipelines.train_vision_backbones:run_pipeline:176 - Training resnet18_autoencoder_progressive_unfreeze on MTF
2026-02-08 15:48:55.157 | INFO     | src.models.resnet18_autoencoder.training:train_autoencoder_progressive_unfreeze:133 - Device: cuda | Model on: cuda:0
2026-02-08 15:49:30.029 | INFO     | src.pipelines.train_vision_backbones:run_pipeline:193 - Evaluating resnet18_autoencoder_progressive_unfreeze on MTF
2026-02-08 15:49:34.258 | INFO     | src.models.evaluation:evaluate_tsb_ad_nonoverlapping:65 - Normal (59355) reconstruction error: mean=0.2434, std=0.1024
2026-02-08 15:49:34.258 | INFO     | src.models.evaluation:evaluate_tsb_ad_nonoverlapping:66 - Anomaly (945) reconstruction error: mean=0.2016, std=0.1217
2026-02-08 15:49:34.258 | INFO     | src.models.evaluation:evaluate_tsb_ad_nonoverlapping:67 - Overlap? Normal max=1.0000, Anomaly min=0.0000
2026-02-08 15:49:44.548 | INFO     | src.models.evaluation:evaluate_tsb_ad_nonoverlapping:83 - {'AUC-PR': 0.01383417735055752, 'AUC-ROC': 0.3902705405864365, 'VUS-PR': np.float64(0.019096780997650935), 'VUS-ROC': np.float64(0.49977814778951196), 'Standard-F1': np.float64(0.03652558249515112), 'PA-F1': 0.2322612325067518, 'Event-based-F1': np.float64(0.044776119402984954), 'R-based-F1': 0.05623139903728662, 'Affiliation-F': 0.7720071631465044}
2026-02-08 15:49:44.707 | INFO     | src.pipelines.train_vision_backbones:run_pipeline:170 - Train images: 1071
2026-02-08 15:49:44.707 | INFO     | src.pipelines.train_vision_backbones:run_pipeline:171 - Test images: 4019
2026-02-08 15:49:44.925 | INFO     | src.pipelines.train_vision_backbones:run_pipeline:176 - Training resnet18_autoencoder_differential_lr on MTF
2026-02-08 15:49:44.940 | INFO     | src.models.resnet18_autoencoder.training:train_autoencoder_differential_lr:271 - Device: cuda | Model on: cuda:0
2026-02-08 15:50:28.653 | INFO     | src.pipelines.train_vision_backbones:run_pipeline:193 - Evaluating resnet18_autoencoder_differential_lr on MTF
2026-02-08 15:50:32.763 | INFO     | src.models.evaluation:evaluate_tsb_ad_nonoverlapping:65 - Normal (59355) reconstruction error: mean=0.2074, std=0.1015
2026-02-08 15:50:32.764 | INFO     | src.models.evaluation:evaluate_tsb_ad_nonoverlapping:66 - Anomaly (945) reconstruction error: mean=0.1624, std=0.1064
2026-02-08 15:50:32.764 | INFO     | src.models.evaluation:evaluate_tsb_ad_nonoverlapping:67 - Overlap? Normal max=1.0000, Anomaly min=0.0000
2026-02-08 15:50:42.417 | INFO     | src.models.evaluation:evaluate_tsb_ad_nonoverlapping:83 - {'AUC-PR': 0.012387834315556753, 'AUC-ROC': 0.3817963745181334, 'VUS-PR': np.float64(0.01807487763572715), 'VUS-ROC': np.float64(0.4978207949217383), 'Standard-F1': np.float64(0.031011262502953454), 'PA-F1': 0.137679769894535, 'Event-based-F1': np.float64(0.03508771929824537), 'R-based-F1': 0.05595557740257385, 'Affiliation-F': 0.7513523141900745}
2026-02-08 15:50:42.579 | INFO     | src.pipelines.train_vision_backbones:run_pipeline:170 - Train images: 1071
2026-02-08 15:50:42.580 | INFO     | src.pipelines.train_vision_backbones:run_pipeline:171 - Test images: 4019
2026-02-08 15:50:43.571 | INFO     | src.pipelines.train_vision_backbones:run_pipeline:176 - Training pvt_autoencoder_frozen on MTF
2026-02-08 15:50:43.596 | INFO     | src.models.pvt_autoencoder.training:train_pvt_autoencoder_frozen:24 - Device: cuda | Model on: cuda:0
2026-02-08 15:51:11.747 | INFO     | src.pipelines.train_vision_backbones:run_pipeline:193 - Evaluating pvt_autoencoder_frozen on MTF
2026-02-08 15:51:15.850 | INFO     | src.models.evaluation:evaluate_tsb_ad_nonoverlapping:65 - Normal (59355) reconstruction error: mean=0.2137, std=0.0925
2026-02-08 15:51:15.850 | INFO     | src.models.evaluation:evaluate_tsb_ad_nonoverlapping:66 - Anomaly (945) reconstruction error: mean=0.1738, std=0.0905
2026-02-08 15:51:15.850 | INFO     | src.models.evaluation:evaluate_tsb_ad_nonoverlapping:67 - Overlap? Normal max=1.0000, Anomaly min=0.0065
2026-02-08 15:51:25.471 | INFO     | src.models.evaluation:evaluate_tsb_ad_nonoverlapping:83 - {'AUC-PR': 0.012196098807893026, 'AUC-ROC': 0.3740645804835848, 'VUS-PR': np.float64(0.0176586859290371), 'VUS-ROC': np.float64(0.4743517340133125), 'Standard-F1': np.float64(0.031034177232496556), 'PA-F1': 0.16500116198001394, 'Event-based-F1': np.float64(0.03549190535491896), 'R-based-F1': 0.04655843429070526, 'Affiliation-F': 0.7511290251687903}
2026-02-08 15:51:25.634 | INFO     | src.pipelines.train_vision_backbones:run_pipeline:170 - Train images: 1071
2026-02-08 15:51:25.634 | INFO     | src.pipelines.train_vision_backbones:run_pipeline:171 - Test images: 4019
2026-02-08 15:51:26.615 | INFO     | src.pipelines.train_vision_backbones:run_pipeline:176 - Training pvt_autoencoder_progressive_unfreeze on MTF
2026-02-08 15:51:26.640 | INFO     | src.models.pvt_autoencoder.training:train_pvt_autoencoder_progressive_unfreeze:132 - Device: cuda | Model on: cuda:0
2026-02-08 15:52:14.479 | INFO     | src.pipelines.train_vision_backbones:run_pipeline:193 - Evaluating pvt_autoencoder_progressive_unfreeze on MTF
2026-02-08 15:52:17.470 | INFO     | src.models.evaluation:evaluate_tsb_ad_nonoverlapping:65 - Normal (59355) reconstruction error: mean=0.2516, std=0.1104
2026-02-08 15:52:17.471 | INFO     | src.models.evaluation:evaluate_tsb_ad_nonoverlapping:66 - Anomaly (945) reconstruction error: mean=0.2064, std=0.1074
2026-02-08 15:52:17.471 | INFO     | src.models.evaluation:evaluate_tsb_ad_nonoverlapping:67 - Overlap? Normal max=1.0000, Anomaly min=0.0184
2026-02-08 15:52:27.881 | INFO     | src.models.evaluation:evaluate_tsb_ad_nonoverlapping:83 - {'AUC-PR': 0.01226106333159709, 'AUC-ROC': 0.3822146273498308, 'VUS-PR': np.float64(0.018212701897180047), 'VUS-ROC': np.float64(0.49075064079476416), 'Standard-F1': np.float64(0.031018896985305154), 'PA-F1': 0.16566682048915551, 'Event-based-F1': np.float64(0.030973451327433597), 'R-based-F1': 0.04520539996156019, 'Affiliation-F': 0.7511290251687903}
2026-02-08 15:52:28.045 | INFO     | src.pipelines.train_vision_backbones:run_pipeline:170 - Train images: 1071
2026-02-08 15:52:28.045 | INFO     | src.pipelines.train_vision_backbones:run_pipeline:171 - Test images: 4019
2026-02-08 15:52:29.028 | INFO     | src.pipelines.train_vision_backbones:run_pipeline:176 - Training pvt_autoencoder_differential_lr on MTF
2026-02-08 15:52:29.054 | INFO     | src.models.pvt_autoencoder.training:train_pvt_autoencoder_differential_lr:267 - Device: cuda | Model on: cuda:0
2026-02-08 15:53:40.799 | INFO     | src.pipelines.train_vision_backbones:run_pipeline:193 - Evaluating pvt_autoencoder_differential_lr on MTF
2026-02-08 15:53:43.824 | INFO     | src.models.evaluation:evaluate_tsb_ad_nonoverlapping:65 - Normal (59355) reconstruction error: mean=0.2570, std=0.1385
2026-02-08 15:53:43.825 | INFO     | src.models.evaluation:evaluate_tsb_ad_nonoverlapping:66 - Anomaly (945) reconstruction error: mean=0.1968, std=0.1405
2026-02-08 15:53:43.825 | INFO     | src.models.evaluation:evaluate_tsb_ad_nonoverlapping:67 - Overlap? Normal max=1.0000, Anomaly min=0.0000
2026-02-08 15:53:54.530 | INFO     | src.models.evaluation:evaluate_tsb_ad_nonoverlapping:83 - {'AUC-PR': 0.012269320651795822, 'AUC-ROC': 0.38622439906240763, 'VUS-PR': np.float64(0.019329917914699176), 'VUS-ROC': np.float64(0.5125892994092746), 'Standard-F1': np.float64(0.03085935818119057), 'PA-F1': 0.21645997745208567, 'Event-based-F1': np.float64(0.02990929149301296), 'R-based-F1': 0.1421106831557238, 'Affiliation-F': 0.7458032902439661}
2026-02-08 15:53:56.745 | INFO     | src.pipelines.train_vision_backbones:run_pipeline:70 - Using zip: /net/scratch/hscra/plgrid/plgsmendowski12/ts2i_images/SVDB/247_SVDB_id_11_Medical_tr_20100_1st_23611_ts2i_RP.zip for transformation RP
2026-02-08 15:54:03.045 | INFO     | src.pipelines.train_vision_backbones:run_pipeline:170 - Train images: 1071
2026-02-08 15:54:03.046 | INFO     | src.pipelines.train_vision_backbones:run_pipeline:171 - Test images: 4019
2026-02-08 15:54:03.052 | INFO     | src.pipelines.train_vision_backbones:run_pipeline:176 - Training cnn_autoencoder on RP
2026-02-08 15:54:03.057 | INFO     | src.models.cnn_autoencoder.training:train_autoencoder:22 - Device: cuda | Model on: cuda:0
2026-02-08 15:56:11.136 | INFO     | src.pipelines.train_vision_backbones:run_pipeline:193 - Evaluating cnn_autoencoder on RP
2026-02-08 15:56:14.924 | INFO     | src.models.evaluation:evaluate_tsb_ad_nonoverlapping:65 - Normal (59355) reconstruction error: mean=0.2677, std=0.1838
2026-02-08 15:56:14.924 | INFO     | src.models.evaluation:evaluate_tsb_ad_nonoverlapping:66 - Anomaly (945) reconstruction error: mean=0.3186, std=0.2117
2026-02-08 15:56:14.924 | INFO     | src.models.evaluation:evaluate_tsb_ad_nonoverlapping:67 - Overlap? Normal max=1.0000, Anomaly min=0.0000
2026-02-08 15:56:26.231 | INFO     | src.models.evaluation:evaluate_tsb_ad_nonoverlapping:83 - {'AUC-PR': 0.023107831930670706, 'AUC-ROC': 0.5776618490037747, 'VUS-PR': np.float64(0.0266119136106469), 'VUS-ROC': np.float64(0.6350050985679816), 'Standard-F1': np.float64(0.05969843882851413), 'PA-F1': 0.24402308326463315, 'Event-based-F1': np.float64(0.0696517412935322), 'R-based-F1': 0.04835814756892478, 'Affiliation-F': 0.8161912028083714}
2026-02-08 15:56:26.393 | INFO     | src.pipelines.train_vision_backbones:run_pipeline:170 - Train images: 1071
2026-02-08 15:56:26.394 | INFO     | src.pipelines.train_vision_backbones:run_pipeline:171 - Test images: 4019
2026-02-08 15:56:26.615 | INFO     | src.pipelines.train_vision_backbones:run_pipeline:176 - Training resnet18_autoencoder_frozen on RP
2026-02-08 15:56:26.630 | INFO     | src.models.resnet18_autoencoder.training:train_autoencoder_frozen:25 - Device: cuda | Model on: cuda:0
2026-02-08 15:57:26.156 | INFO     | src.pipelines.train_vision_backbones:run_pipeline:193 - Evaluating resnet18_autoencoder_frozen on RP
2026-02-08 15:57:30.329 | INFO     | src.models.evaluation:evaluate_tsb_ad_nonoverlapping:65 - Normal (59355) reconstruction error: mean=0.2576, std=0.2192
2026-02-08 15:57:30.329 | INFO     | src.models.evaluation:evaluate_tsb_ad_nonoverlapping:66 - Anomaly (945) reconstruction error: mean=0.2976, std=0.2263
2026-02-08 15:57:30.329 | INFO     | src.models.evaluation:evaluate_tsb_ad_nonoverlapping:67 - Overlap? Normal max=1.0000, Anomaly min=0.0000
2026-02-08 15:57:41.704 | INFO     | src.models.evaluation:evaluate_tsb_ad_nonoverlapping:83 - {'AUC-PR': 0.019909339489591497, 'AUC-ROC': 0.5566945189891866, 'VUS-PR': np.float64(0.02534176125336433), 'VUS-ROC': np.float64(0.6221448378645907), 'Standard-F1': np.float64(0.04126814212105096), 'PA-F1': 0.26490953763681035, 'Event-based-F1': np.float64(0.06451612903225767), 'R-based-F1': 0.04591062207304605, 'Affiliation-F': 0.7923565143235742}
2026-02-08 15:57:41.863 | INFO     | src.pipelines.train_vision_backbones:run_pipeline:170 - Train images: 1071
2026-02-08 15:57:41.863 | INFO     | src.pipelines.train_vision_backbones:run_pipeline:171 - Test images: 4019
2026-02-08 15:57:42.081 | INFO     | src.pipelines.train_vision_backbones:run_pipeline:176 - Training resnet18_autoencoder_progressive_unfreeze on RP
2026-02-08 15:57:42.096 | INFO     | src.models.resnet18_autoencoder.training:train_autoencoder_progressive_unfreeze:133 - Device: cuda | Model on: cuda:0
2026-02-08 15:58:45.840 | INFO     | src.pipelines.train_vision_backbones:run_pipeline:193 - Evaluating resnet18_autoencoder_progressive_unfreeze on RP
2026-02-08 15:58:50.602 | INFO     | src.models.evaluation:evaluate_tsb_ad_nonoverlapping:65 - Normal (59355) reconstruction error: mean=0.1924, std=0.1923
2026-02-08 15:58:50.603 | INFO     | src.models.evaluation:evaluate_tsb_ad_nonoverlapping:66 - Anomaly (945) reconstruction error: mean=0.2032, std=0.1674
2026-02-08 15:58:50.603 | INFO     | src.models.evaluation:evaluate_tsb_ad_nonoverlapping:67 - Overlap? Normal max=1.0000, Anomaly min=0.0000
2026-02-08 15:59:00.567 | INFO     | src.models.evaluation:evaluate_tsb_ad_nonoverlapping:83 - {'AUC-PR': 0.016191663656516246, 'AUC-ROC': 0.5130782900305265, 'VUS-PR': np.float64(0.02032745560909782), 'VUS-ROC': np.float64(0.5861573743128536), 'Standard-F1': np.float64(0.040496620363762996), 'PA-F1': 0.1272800972841508, 'Event-based-F1': np.float64(0.04026129849353415), 'R-based-F1': 0.6134148278937349, 'Affiliation-F': 0.8022946648539485}
2026-02-08 15:59:00.731 | INFO     | src.pipelines.train_vision_backbones:run_pipeline:170 - Train images: 1071
2026-02-08 15:59:00.731 | INFO     | src.pipelines.train_vision_backbones:run_pipeline:171 - Test images: 4019
2026-02-08 15:59:00.947 | INFO     | src.pipelines.train_vision_backbones:run_pipeline:176 - Training resnet18_autoencoder_differential_lr on RP
2026-02-08 15:59:00.961 | INFO     | src.models.resnet18_autoencoder.training:train_autoencoder_differential_lr:271 - Device: cuda | Model on: cuda:0
2026-02-08 16:00:06.238 | INFO     | src.pipelines.train_vision_backbones:run_pipeline:193 - Evaluating resnet18_autoencoder_differential_lr on RP
2026-02-08 16:00:10.390 | INFO     | src.models.evaluation:evaluate_tsb_ad_nonoverlapping:65 - Normal (59355) reconstruction error: mean=0.1681, std=0.1745
2026-02-08 16:00:10.390 | INFO     | src.models.evaluation:evaluate_tsb_ad_nonoverlapping:66 - Anomaly (945) reconstruction error: mean=0.1910, std=0.1782
2026-02-08 16:00:10.390 | INFO     | src.models.evaluation:evaluate_tsb_ad_nonoverlapping:67 - Overlap? Normal max=1.0000, Anomaly min=0.0000
2026-02-08 16:00:19.820 | INFO     | src.models.evaluation:evaluate_tsb_ad_nonoverlapping:83 - {'AUC-PR': 0.02074974718198704, 'AUC-ROC': 0.542938172657657, 'VUS-PR': np.float64(0.02192017306622911), 'VUS-ROC': np.float64(0.6007700611237492), 'Standard-F1': np.float64(0.03868576968264121), 'PA-F1': 0.24293668797690246, 'Event-based-F1': np.float64(0.15384615384615338), 'R-based-F1': 0.06345811051693405, 'Affiliation-F': 0.802155656572016}
2026-02-08 16:00:19.985 | INFO     | src.pipelines.train_vision_backbones:run_pipeline:170 - Train images: 1071
2026-02-08 16:00:19.986 | INFO     | src.pipelines.train_vision_backbones:run_pipeline:171 - Test images: 4019
2026-02-08 16:00:20.936 | INFO     | src.pipelines.train_vision_backbones:run_pipeline:176 - Training pvt_autoencoder_frozen on RP
2026-02-08 16:00:20.961 | INFO     | src.models.pvt_autoencoder.training:train_pvt_autoencoder_frozen:24 - Device: cuda | Model on: cuda:0
2026-02-08 16:01:17.638 | INFO     | src.pipelines.train_vision_backbones:run_pipeline:193 - Evaluating pvt_autoencoder_frozen on RP
2026-02-08 16:01:22.215 | INFO     | src.models.evaluation:evaluate_tsb_ad_nonoverlapping:65 - Normal (59355) reconstruction error: mean=0.2612, std=0.2236
2026-02-08 16:01:22.215 | INFO     | src.models.evaluation:evaluate_tsb_ad_nonoverlapping:66 - Anomaly (945) reconstruction error: mean=0.2928, std=0.2172
2026-02-08 16:01:22.216 | INFO     | src.models.evaluation:evaluate_tsb_ad_nonoverlapping:67 - Overlap? Normal max=1.0000, Anomaly min=0.0000
2026-02-08 16:01:33.655 | INFO     | src.models.evaluation:evaluate_tsb_ad_nonoverlapping:83 - {'AUC-PR': 0.01833098185947656, 'AUC-ROC': 0.5470046384880856, 'VUS-PR': np.float64(0.02313840438890608), 'VUS-ROC': np.float64(0.6072420411979476), 'Standard-F1': np.float64(0.04031879100395846), 'PA-F1': 0.2741823242867084, 'Event-based-F1': np.float64(0.05405405405405371), 'R-based-F1': 0.04749997787509454, 'Affiliation-F': 0.7948272728443044}
2026-02-08 16:01:33.819 | INFO     | src.pipelines.train_vision_backbones:run_pipeline:170 - Train images: 1071
2026-02-08 16:01:33.819 | INFO     | src.pipelines.train_vision_backbones:run_pipeline:171 - Test images: 4019
2026-02-08 16:01:34.816 | INFO     | src.pipelines.train_vision_backbones:run_pipeline:176 - Training pvt_autoencoder_progressive_unfreeze on RP
2026-02-08 16:01:34.840 | INFO     | src.models.pvt_autoencoder.training:train_pvt_autoencoder_progressive_unfreeze:132 - Device: cuda | Model on: cuda:0
2026-02-08 16:03:04.405 | INFO     | src.pipelines.train_vision_backbones:run_pipeline:193 - Evaluating pvt_autoencoder_progressive_unfreeze on RP
2026-02-08 16:03:09.053 | INFO     | src.models.evaluation:evaluate_tsb_ad_nonoverlapping:65 - Normal (59355) reconstruction error: mean=0.2063, std=0.2117
2026-02-08 16:03:09.053 | INFO     | src.models.evaluation:evaluate_tsb_ad_nonoverlapping:66 - Anomaly (945) reconstruction error: mean=0.2178, std=0.1887
2026-02-08 16:03:09.053 | INFO     | src.models.evaluation:evaluate_tsb_ad_nonoverlapping:67 - Overlap? Normal max=1.0000, Anomaly min=0.0000
2026-02-08 16:03:19.438 | INFO     | src.models.evaluation:evaluate_tsb_ad_nonoverlapping:83 - {'AUC-PR': 0.01644028107991418, 'AUC-ROC': 0.5124888851449376, 'VUS-PR': np.float64(0.020272512540734765), 'VUS-ROC': np.float64(0.5821105492369939), 'Standard-F1': np.float64(0.037849177911170866), 'PA-F1': 0.15294880103694103, 'Event-based-F1': np.float64(0.04878048780487774), 'R-based-F1': 0.6134148278937349, 'Affiliation-F': 0.7937814766544463}
2026-02-08 16:03:19.606 | INFO     | src.pipelines.train_vision_backbones:run_pipeline:170 - Train images: 1071
2026-02-08 16:03:19.606 | INFO     | src.pipelines.train_vision_backbones:run_pipeline:171 - Test images: 4019
2026-02-08 16:03:20.563 | INFO     | src.pipelines.train_vision_backbones:run_pipeline:176 - Training pvt_autoencoder_differential_lr on RP
2026-02-08 16:03:20.588 | INFO     | src.models.pvt_autoencoder.training:train_pvt_autoencoder_differential_lr:267 - Device: cuda | Model on: cuda:0
2026-02-08 16:04:58.170 | INFO     | src.pipelines.train_vision_backbones:run_pipeline:193 - Evaluating pvt_autoencoder_differential_lr on RP
2026-02-08 16:05:02.526 | INFO     | src.models.evaluation:evaluate_tsb_ad_nonoverlapping:65 - Normal (59355) reconstruction error: mean=0.1749, std=0.1765
2026-02-08 16:05:02.526 | INFO     | src.models.evaluation:evaluate_tsb_ad_nonoverlapping:66 - Anomaly (945) reconstruction error: mean=0.1949, std=0.1674
2026-02-08 16:05:02.526 | INFO     | src.models.evaluation:evaluate_tsb_ad_nonoverlapping:67 - Overlap? Normal max=1.0000, Anomaly min=0.0000
2026-02-08 16:05:12.162 | INFO     | src.models.evaluation:evaluate_tsb_ad_nonoverlapping:83 - {'AUC-PR': 0.017361366133673665, 'AUC-ROC': 0.5242609373516627, 'VUS-PR': np.float64(0.02204759795435328), 'VUS-ROC': np.float64(0.5965786203228535), 'Standard-F1': np.float64(0.04003541255750381), 'PA-F1': 0.15561479506831055, 'Event-based-F1': np.float64(0.0409695509106919), 'R-based-F1': 0.6134148278937349, 'Affiliation-F': 0.7915356201919532}
2026-02-08 16:05:13.978 | INFO     | src.pipelines.train_vision_backbones:run_pipeline:70 - Using zip: /net/scratch/hscra/plgrid/plgsmendowski12/ts2i_images/SVDB/247_SVDB_id_11_Medical_tr_20100_1st_23611_ts2i_RWT.zip for transformation RWT
2026-02-08 16:05:20.456 | INFO     | src.pipelines.train_vision_backbones:run_pipeline:170 - Train images: 1071
2026-02-08 16:05:20.457 | INFO     | src.pipelines.train_vision_backbones:run_pipeline:171 - Test images: 4019
2026-02-08 16:05:20.463 | INFO     | src.pipelines.train_vision_backbones:run_pipeline:176 - Training cnn_autoencoder on RWT
2026-02-08 16:05:20.468 | INFO     | src.models.cnn_autoencoder.training:train_autoencoder:22 - Device: cuda | Model on: cuda:0
2026-02-08 16:06:16.185 | INFO     | src.pipelines.train_vision_backbones:run_pipeline:193 - Evaluating cnn_autoencoder on RWT
2026-02-08 16:06:20.257 | INFO     | src.models.evaluation:evaluate_tsb_ad_nonoverlapping:65 - Normal (59355) reconstruction error: mean=0.0003, std=0.0007
2026-02-08 16:06:20.257 | INFO     | src.models.evaluation:evaluate_tsb_ad_nonoverlapping:66 - Anomaly (945) reconstruction error: mean=0.0584, std=0.2001
2026-02-08 16:06:20.257 | INFO     | src.models.evaluation:evaluate_tsb_ad_nonoverlapping:67 - Overlap? Normal max=0.0386, Anomaly min=0.0000
2026-02-08 16:06:25.623 | INFO     | src.models.evaluation:evaluate_tsb_ad_nonoverlapping:83 - {'AUC-PR': 0.14180984069568203, 'AUC-ROC': 0.5495537343907321, 'VUS-PR': np.float64(0.05882731618397522), 'VUS-ROC': np.float64(0.6129655084624425), 'Standard-F1': np.float64(0.21917571779619502), 'PA-F1': 0.7759067357512953, 'Event-based-F1': np.float64(0.7692307692307687), 'R-based-F1': 0.35095585547899366, 'Affiliation-F': 0.7512322562228069}
2026-02-08 16:06:25.782 | INFO     | src.pipelines.train_vision_backbones:run_pipeline:170 - Train images: 1071
2026-02-08 16:06:25.782 | INFO     | src.pipelines.train_vision_backbones:run_pipeline:171 - Test images: 4019
2026-02-08 16:06:26.022 | INFO     | src.pipelines.train_vision_backbones:run_pipeline:176 - Training resnet18_autoencoder_frozen on RWT
2026-02-08 16:06:26.037 | INFO     | src.models.resnet18_autoencoder.training:train_autoencoder_frozen:25 - Device: cuda | Model on: cuda:0
2026-02-08 16:06:58.653 | INFO     | src.pipelines.train_vision_backbones:run_pipeline:193 - Evaluating resnet18_autoencoder_frozen on RWT
2026-02-08 16:07:02.504 | INFO     | src.models.evaluation:evaluate_tsb_ad_nonoverlapping:65 - Normal (59355) reconstruction error: mean=0.0017, std=0.0049
2026-02-08 16:07:02.505 | INFO     | src.models.evaluation:evaluate_tsb_ad_nonoverlapping:66 - Anomaly (945) reconstruction error: mean=0.0763, std=0.2245
2026-02-08 16:07:02.505 | INFO     | src.models.evaluation:evaluate_tsb_ad_nonoverlapping:67 - Overlap? Normal max=0.1380, Anomaly min=0.0000
2026-02-08 16:07:07.805 | INFO     | src.models.evaluation:evaluate_tsb_ad_nonoverlapping:83 - {'AUC-PR': 0.13314691600822867, 'AUC-ROC': 0.5552517606598981, 'VUS-PR': np.float64(0.052941878903005515), 'VUS-ROC': np.float64(0.6231170981027173), 'Standard-F1': np.float64(0.19999820001619983), 'PA-F1': 0.7759067357512953, 'Event-based-F1': np.float64(0.7692307692307687), 'R-based-F1': 0.35095585547899366, 'Affiliation-F': 0.8043042266076221}
2026-02-08 16:07:07.984 | INFO     | src.pipelines.train_vision_backbones:run_pipeline:170 - Train images: 1071
2026-02-08 16:07:07.984 | INFO     | src.pipelines.train_vision_backbones:run_pipeline:171 - Test images: 4019
2026-02-08 16:07:08.203 | INFO     | src.pipelines.train_vision_backbones:run_pipeline:176 - Training resnet18_autoencoder_progressive_unfreeze on RWT
2026-02-08 16:07:08.217 | INFO     | src.models.resnet18_autoencoder.training:train_autoencoder_progressive_unfreeze:133 - Device: cuda | Model on: cuda:0
2026-02-08 16:07:53.382 | INFO     | src.pipelines.train_vision_backbones:run_pipeline:193 - Evaluating resnet18_autoencoder_progressive_unfreeze on RWT
2026-02-08 16:07:57.568 | INFO     | src.models.evaluation:evaluate_tsb_ad_nonoverlapping:65 - Normal (59355) reconstruction error: mean=0.0007, std=0.0020
2026-02-08 16:07:57.568 | INFO     | src.models.evaluation:evaluate_tsb_ad_nonoverlapping:66 - Anomaly (945) reconstruction error: mean=0.0655, std=0.2085
2026-02-08 16:07:57.568 | INFO     | src.models.evaluation:evaluate_tsb_ad_nonoverlapping:67 - Overlap? Normal max=0.1025, Anomaly min=0.0001
2026-02-08 16:08:02.841 | INFO     | src.models.evaluation:evaluate_tsb_ad_nonoverlapping:83 - {'AUC-PR': 0.13669443786576121, 'AUC-ROC': 0.5786297940960564, 'VUS-PR': np.float64(0.05722750803997325), 'VUS-ROC': np.float64(0.6449466673677493), 'Standard-F1': np.float64(0.19718109900857342), 'PA-F1': 0.7759067357512953, 'Event-based-F1': np.float64(0.7692307692307687), 'R-based-F1': 0.3390564701261138, 'Affiliation-F': 0.8195890596970101}
2026-02-08 16:08:03.008 | INFO     | src.pipelines.train_vision_backbones:run_pipeline:170 - Train images: 1071
2026-02-08 16:08:03.008 | INFO     | src.pipelines.train_vision_backbones:run_pipeline:171 - Test images: 4019
2026-02-08 16:08:03.224 | INFO     | src.pipelines.train_vision_backbones:run_pipeline:176 - Training resnet18_autoencoder_differential_lr on RWT
2026-02-08 16:08:03.238 | INFO     | src.models.resnet18_autoencoder.training:train_autoencoder_differential_lr:271 - Device: cuda | Model on: cuda:0
2026-02-08 16:08:44.152 | INFO     | src.pipelines.train_vision_backbones:run_pipeline:193 - Evaluating resnet18_autoencoder_differential_lr on RWT
2026-02-08 16:08:47.903 | INFO     | src.models.evaluation:evaluate_tsb_ad_nonoverlapping:65 - Normal (59355) reconstruction error: mean=0.0008, std=0.0024
2026-02-08 16:08:47.904 | INFO     | src.models.evaluation:evaluate_tsb_ad_nonoverlapping:66 - Anomaly (945) reconstruction error: mean=0.0676, std=0.2099
2026-02-08 16:08:47.904 | INFO     | src.models.evaluation:evaluate_tsb_ad_nonoverlapping:67 - Overlap? Normal max=0.1196, Anomaly min=0.0000
2026-02-08 16:08:53.210 | INFO     | src.models.evaluation:evaluate_tsb_ad_nonoverlapping:83 - {'AUC-PR': 0.14064727814884956, 'AUC-ROC': 0.577094774112717, 'VUS-PR': np.float64(0.06316190967546936), 'VUS-ROC': np.float64(0.6538529650625085), 'Standard-F1': np.float64(0.20512509866637435), 'PA-F1': 0.7759067357512953, 'Event-based-F1': np.float64(0.7692307692307687), 'R-based-F1': 0.35095585547899366, 'Affiliation-F': 0.8418867855514744}
2026-02-08 16:08:53.385 | INFO     | src.pipelines.train_vision_backbones:run_pipeline:170 - Train images: 1071
2026-02-08 16:08:53.385 | INFO     | src.pipelines.train_vision_backbones:run_pipeline:171 - Test images: 4019
2026-02-08 16:08:54.339 | INFO     | src.pipelines.train_vision_backbones:run_pipeline:176 - Training pvt_autoencoder_frozen on RWT
2026-02-08 16:08:54.364 | INFO     | src.models.pvt_autoencoder.training:train_pvt_autoencoder_frozen:24 - Device: cuda | Model on: cuda:0
2026-02-08 16:09:29.473 | INFO     | src.pipelines.train_vision_backbones:run_pipeline:193 - Evaluating pvt_autoencoder_frozen on RWT
2026-02-08 16:09:33.019 | INFO     | src.models.evaluation:evaluate_tsb_ad_nonoverlapping:65 - Normal (59355) reconstruction error: mean=0.0009, std=0.0020
2026-02-08 16:09:33.019 | INFO     | src.models.evaluation:evaluate_tsb_ad_nonoverlapping:66 - Anomaly (945) reconstruction error: mean=0.0629, std=0.2010
2026-02-08 16:09:33.019 | INFO     | src.models.evaluation:evaluate_tsb_ad_nonoverlapping:67 - Overlap? Normal max=0.0900, Anomaly min=0.0000
2026-02-08 16:09:38.287 | INFO     | src.models.evaluation:evaluate_tsb_ad_nonoverlapping:83 - {'AUC-PR': 0.143513244248716, 'AUC-ROC': 0.5659845989894006, 'VUS-PR': np.float64(0.060510512925039596), 'VUS-ROC': np.float64(0.6371305031257863), 'Standard-F1': np.float64(0.2222200347437552), 'PA-F1': 0.7759067357512953, 'Event-based-F1': np.float64(0.7692307692307687), 'R-based-F1': 0.35095585547899366, 'Affiliation-F': 0.8301782406264455}
2026-02-08 16:09:38.446 | INFO     | src.pipelines.train_vision_backbones:run_pipeline:170 - Train images: 1071
2026-02-08 16:09:38.447 | INFO     | src.pipelines.train_vision_backbones:run_pipeline:171 - Test images: 4019
2026-02-08 16:09:39.396 | INFO     | src.pipelines.train_vision_backbones:run_pipeline:176 - Training pvt_autoencoder_progressive_unfreeze on RWT
2026-02-08 16:09:39.421 | INFO     | src.models.pvt_autoencoder.training:train_pvt_autoencoder_progressive_unfreeze:132 - Device: cuda | Model on: cuda:0
2026-02-08 16:10:14.117 | INFO     | src.pipelines.train_vision_backbones:run_pipeline:193 - Evaluating pvt_autoencoder_progressive_unfreeze on RWT
2026-02-08 16:10:17.163 | INFO     | src.models.evaluation:evaluate_tsb_ad_nonoverlapping:65 - Normal (59355) reconstruction error: mean=0.0009, std=0.0020
2026-02-08 16:10:17.164 | INFO     | src.models.evaluation:evaluate_tsb_ad_nonoverlapping:66 - Anomaly (945) reconstruction error: mean=0.0609, std=0.1951
2026-02-08 16:10:17.164 | INFO     | src.models.evaluation:evaluate_tsb_ad_nonoverlapping:67 - Overlap? Normal max=0.0980, Anomaly min=0.0001
2026-02-08 16:10:22.494 | INFO     | src.models.evaluation:evaluate_tsb_ad_nonoverlapping:83 - {'AUC-PR': 0.14198525031469494, 'AUC-ROC': 0.5934991636280491, 'VUS-PR': np.float64(0.060323691664461825), 'VUS-ROC': np.float64(0.6633409873865365), 'Standard-F1': np.float64(0.21917571779619502), 'PA-F1': 0.7759067357512953, 'Event-based-F1': np.float64(0.7692307692307687), 'R-based-F1': 0.35095585547899366, 'Affiliation-F': 0.8070605973812142}
2026-02-08 16:10:22.662 | INFO     | src.pipelines.train_vision_backbones:run_pipeline:170 - Train images: 1071
2026-02-08 16:10:22.663 | INFO     | src.pipelines.train_vision_backbones:run_pipeline:171 - Test images: 4019
2026-02-08 16:10:23.615 | INFO     | src.pipelines.train_vision_backbones:run_pipeline:176 - Training pvt_autoencoder_differential_lr on RWT
2026-02-08 16:10:23.641 | INFO     | src.models.pvt_autoencoder.training:train_pvt_autoencoder_differential_lr:267 - Device: cuda | Model on: cuda:0
2026-02-08 16:11:17.185 | INFO     | src.pipelines.train_vision_backbones:run_pipeline:193 - Evaluating pvt_autoencoder_differential_lr on RWT
2026-02-08 16:11:20.224 | INFO     | src.models.evaluation:evaluate_tsb_ad_nonoverlapping:65 - Normal (59355) reconstruction error: mean=0.0006, std=0.0013
2026-02-08 16:11:20.224 | INFO     | src.models.evaluation:evaluate_tsb_ad_nonoverlapping:66 - Anomaly (945) reconstruction error: mean=0.0662, std=0.2089
2026-02-08 16:11:20.224 | INFO     | src.models.evaluation:evaluate_tsb_ad_nonoverlapping:67 - Overlap? Normal max=0.0580, Anomaly min=0.0000
2026-02-08 16:11:25.589 | INFO     | src.models.evaluation:evaluate_tsb_ad_nonoverlapping:83 - {'AUC-PR': 0.14738642152453324, 'AUC-ROC': 0.5786070629638989, 'VUS-PR': np.float64(0.06526055417019172), 'VUS-ROC': np.float64(0.6474240386806952), 'Standard-F1': np.float64(0.2222200347437552), 'PA-F1': 0.7759067357512953, 'Event-based-F1': np.float64(0.7692307692307687), 'R-based-F1': 0.35095585547899366, 'Affiliation-F': 0.7512384318124062}
2026-02-08 16:11:27.508 | INFO     | src.pipelines.train_vision_backbones:run_pipeline:70 - Using zip: /net/scratch/hscra/plgrid/plgsmendowski12/ts2i_images/SVDB/247_SVDB_id_11_Medical_tr_20100_1st_23611_ts2i_MWT.zip for transformation MWT
2026-02-08 16:11:34.572 | INFO     | src.pipelines.train_vision_backbones:run_pipeline:170 - Train images: 1071
2026-02-08 16:11:34.573 | INFO     | src.pipelines.train_vision_backbones:run_pipeline:171 - Test images: 4019
2026-02-08 16:11:34.579 | INFO     | src.pipelines.train_vision_backbones:run_pipeline:176 - Training cnn_autoencoder on MWT
2026-02-08 16:11:34.584 | INFO     | src.models.cnn_autoencoder.training:train_autoencoder:22 - Device: cuda | Model on: cuda:0
2026-02-08 16:12:27.930 | INFO     | src.pipelines.train_vision_backbones:run_pipeline:193 - Evaluating cnn_autoencoder on MWT
2026-02-08 16:12:31.924 | INFO     | src.models.evaluation:evaluate_tsb_ad_nonoverlapping:65 - Normal (59355) reconstruction error: mean=0.0184, std=0.0239
2026-02-08 16:12:31.924 | INFO     | src.models.evaluation:evaluate_tsb_ad_nonoverlapping:66 - Anomaly (945) reconstruction error: mean=0.0958, std=0.2294
2026-02-08 16:12:31.924 | INFO     | src.models.evaluation:evaluate_tsb_ad_nonoverlapping:67 - Overlap? Normal max=0.5483, Anomaly min=0.0010
2026-02-08 16:12:37.614 | INFO     | src.models.evaluation:evaluate_tsb_ad_nonoverlapping:83 - {'AUC-PR': 0.13214470159576952, 'AUC-ROC': 0.5296578429760133, 'VUS-PR': np.float64(0.05820382377183684), 'VUS-ROC': np.float64(0.6087921255447488), 'Standard-F1': np.float64(0.21917571779619502), 'PA-F1': 0.7684413085311097, 'Event-based-F1': np.float64(0.7228915662650597), 'R-based-F1': 0.3424602941997359, 'Affiliation-F': 0.8057132009848604}
2026-02-08 16:12:37.770 | INFO     | src.pipelines.train_vision_backbones:run_pipeline:170 - Train images: 1071
2026-02-08 16:12:37.770 | INFO     | src.pipelines.train_vision_backbones:run_pipeline:171 - Test images: 4019
2026-02-08 16:12:37.990 | INFO     | src.pipelines.train_vision_backbones:run_pipeline:176 - Training resnet18_autoencoder_frozen on MWT
2026-02-08 16:12:38.005 | INFO     | src.models.resnet18_autoencoder.training:train_autoencoder_frozen:25 - Device: cuda | Model on: cuda:0
2026-02-08 16:13:18.959 | INFO     | src.pipelines.train_vision_backbones:run_pipeline:193 - Evaluating resnet18_autoencoder_frozen on MWT
2026-02-08 16:13:22.848 | INFO     | src.models.evaluation:evaluate_tsb_ad_nonoverlapping:65 - Normal (59355) reconstruction error: mean=0.0158, std=0.0280
2026-02-08 16:13:22.848 | INFO     | src.models.evaluation:evaluate_tsb_ad_nonoverlapping:66 - Anomaly (945) reconstruction error: mean=0.0954, std=0.2354
2026-02-08 16:13:22.849 | INFO     | src.models.evaluation:evaluate_tsb_ad_nonoverlapping:67 - Overlap? Normal max=0.4134, Anomaly min=0.0003
2026-02-08 16:13:28.523 | INFO     | src.models.evaluation:evaluate_tsb_ad_nonoverlapping:83 - {'AUC-PR': 0.13325025448443498, 'AUC-ROC': 0.534738384725749, 'VUS-PR': np.float64(0.054693245477492054), 'VUS-ROC': np.float64(0.6086294860713478), 'Standard-F1': np.float64(0.19999820001619983), 'PA-F1': 0.7759067357512953, 'Event-based-F1': np.float64(0.7692307692307687), 'R-based-F1': 0.35095585547899366, 'Affiliation-F': 0.8070761490111296}
2026-02-08 16:13:28.909 | INFO     | src.pipelines.train_vision_backbones:run_pipeline:170 - Train images: 1071
2026-02-08 16:13:28.909 | INFO     | src.pipelines.train_vision_backbones:run_pipeline:171 - Test images: 4019
2026-02-08 16:13:29.117 | INFO     | src.pipelines.train_vision_backbones:run_pipeline:176 - Training resnet18_autoencoder_progressive_unfreeze on MWT
2026-02-08 16:13:29.130 | INFO     | src.models.resnet18_autoencoder.training:train_autoencoder_progressive_unfreeze:133 - Device: cuda | Model on: cuda:0
2026-02-08 16:14:15.417 | INFO     | src.pipelines.train_vision_backbones:run_pipeline:193 - Evaluating resnet18_autoencoder_progressive_unfreeze on MWT
2026-02-08 16:14:19.628 | INFO     | src.models.evaluation:evaluate_tsb_ad_nonoverlapping:65 - Normal (59355) reconstruction error: mean=0.0084, std=0.0135
2026-02-08 16:14:19.628 | INFO     | src.models.evaluation:evaluate_tsb_ad_nonoverlapping:66 - Anomaly (945) reconstruction error: mean=0.0922, std=0.2416
2026-02-08 16:14:19.628 | INFO     | src.models.evaluation:evaluate_tsb_ad_nonoverlapping:67 - Overlap? Normal max=0.2636, Anomaly min=0.0002
2026-02-08 16:14:25.152 | INFO     | src.models.evaluation:evaluate_tsb_ad_nonoverlapping:83 - {'AUC-PR': 0.14386638921140266, 'AUC-ROC': 0.5389040652624175, 'VUS-PR': np.float64(0.06085314760772439), 'VUS-ROC': np.float64(0.6229241353066717), 'Standard-F1': np.float64(0.2222200347437552), 'PA-F1': 0.7759067357512953, 'Event-based-F1': np.float64(0.7692307692307687), 'R-based-F1': 0.35460407581245157, 'Affiliation-F': 0.7969808489655104}
2026-02-08 16:14:25.315 | INFO     | src.pipelines.train_vision_backbones:run_pipeline:170 - Train images: 1071
2026-02-08 16:14:25.315 | INFO     | src.pipelines.train_vision_backbones:run_pipeline:171 - Test images: 4019
2026-02-08 16:14:25.535 | INFO     | src.pipelines.train_vision_backbones:run_pipeline:176 - Training resnet18_autoencoder_differential_lr on MWT
2026-02-08 16:14:25.549 | INFO     | src.models.resnet18_autoencoder.training:train_autoencoder_differential_lr:271 - Device: cuda | Model on: cuda:0
2026-02-08 16:15:21.696 | INFO     | src.pipelines.train_vision_backbones:run_pipeline:193 - Evaluating resnet18_autoencoder_differential_lr on MWT
2026-02-08 16:15:25.645 | INFO     | src.models.evaluation:evaluate_tsb_ad_nonoverlapping:65 - Normal (59355) reconstruction error: mean=0.0099, std=0.0143
2026-02-08 16:15:25.645 | INFO     | src.models.evaluation:evaluate_tsb_ad_nonoverlapping:66 - Anomaly (945) reconstruction error: mean=0.0876, std=0.2335
2026-02-08 16:15:25.645 | INFO     | src.models.evaluation:evaluate_tsb_ad_nonoverlapping:67 - Overlap? Normal max=0.3514, Anomaly min=0.0002
2026-02-08 16:15:31.150 | INFO     | src.models.evaluation:evaluate_tsb_ad_nonoverlapping:83 - {'AUC-PR': 0.13753511619613862, 'AUC-ROC': 0.5083443311899213, 'VUS-PR': np.float64(0.05882554059168434), 'VUS-ROC': np.float64(0.5916883697375959), 'Standard-F1': np.float64(0.2222200347437552), 'PA-F1': 0.7759067357512953, 'Event-based-F1': np.float64(0.7692307692307687), 'R-based-F1': 0.35460407581245157, 'Affiliation-F': 0.7906468471634404}
2026-02-08 16:15:31.331 | INFO     | src.pipelines.train_vision_backbones:run_pipeline:170 - Train images: 1071
2026-02-08 16:15:31.331 | INFO     | src.pipelines.train_vision_backbones:run_pipeline:171 - Test images: 4019
2026-02-08 16:15:33.327 | INFO     | src.pipelines.train_vision_backbones:run_pipeline:176 - Training pvt_autoencoder_frozen on MWT
2026-02-08 16:15:33.351 | INFO     | src.models.pvt_autoencoder.training:train_pvt_autoencoder_frozen:24 - Device: cuda | Model on: cuda:0
2026-02-08 16:16:12.136 | INFO     | src.pipelines.train_vision_backbones:run_pipeline:193 - Evaluating pvt_autoencoder_frozen on MWT
2026-02-08 16:16:16.744 | INFO     | src.models.evaluation:evaluate_tsb_ad_nonoverlapping:65 - Normal (59355) reconstruction error: mean=0.0094, std=0.0161
2026-02-08 16:16:16.744 | INFO     | src.models.evaluation:evaluate_tsb_ad_nonoverlapping:66 - Anomaly (945) reconstruction error: mean=0.0876, std=0.2266
2026-02-08 16:16:16.744 | INFO     | src.models.evaluation:evaluate_tsb_ad_nonoverlapping:67 - Overlap? Normal max=0.4622, Anomaly min=0.0002
2026-02-08 16:16:22.237 | INFO     | src.models.evaluation:evaluate_tsb_ad_nonoverlapping:83 - {'AUC-PR': 0.1392705585111741, 'AUC-ROC': 0.5235332736975395, 'VUS-PR': np.float64(0.057363190450483874), 'VUS-ROC': np.float64(0.5984008450744113), 'Standard-F1': np.float64(0.21621368520128642), 'PA-F1': 0.7759067357512953, 'Event-based-F1': np.float64(0.7692307692307687), 'R-based-F1': 0.35095585547899366, 'Affiliation-F': 0.8109597527817463}
2026-02-08 16:16:22.400 | INFO     | src.pipelines.train_vision_backbones:run_pipeline:170 - Train images: 1071
2026-02-08 16:16:22.400 | INFO     | src.pipelines.train_vision_backbones:run_pipeline:171 - Test images: 4019
2026-02-08 16:16:23.363 | INFO     | src.pipelines.train_vision_backbones:run_pipeline:176 - Training pvt_autoencoder_progressive_unfreeze on MWT
2026-02-08 16:16:23.389 | INFO     | src.models.pvt_autoencoder.training:train_pvt_autoencoder_progressive_unfreeze:132 - Device: cuda | Model on: cuda:0
2026-02-08 16:17:34.051 | INFO     | src.pipelines.train_vision_backbones:run_pipeline:193 - Evaluating pvt_autoencoder_progressive_unfreeze on MWT
2026-02-08 16:17:38.791 | INFO     | src.models.evaluation:evaluate_tsb_ad_nonoverlapping:65 - Normal (59355) reconstruction error: mean=0.0064, std=0.0101
2026-02-08 16:17:38.791 | INFO     | src.models.evaluation:evaluate_tsb_ad_nonoverlapping:66 - Anomaly (945) reconstruction error: mean=0.0927, std=0.2441
2026-02-08 16:17:38.791 | INFO     | src.models.evaluation:evaluate_tsb_ad_nonoverlapping:67 - Overlap? Normal max=0.2234, Anomaly min=0.0002
2026-02-08 16:17:44.247 | INFO     | src.models.evaluation:evaluate_tsb_ad_nonoverlapping:83 - {'AUC-PR': 0.142712320431042, 'AUC-ROC': 0.5078562804112463, 'VUS-PR': np.float64(0.05629831970745763), 'VUS-ROC': np.float64(0.5841736358781255), 'Standard-F1': np.float64(0.22535011309054578), 'PA-F1': 0.7759067357512953, 'Event-based-F1': np.float64(0.7692307692307687), 'R-based-F1': 0.3676407672630822, 'Affiliation-F': 0.8124529628733186}
2026-02-08 16:17:44.415 | INFO     | src.pipelines.train_vision_backbones:run_pipeline:170 - Train images: 1071
2026-02-08 16:17:44.415 | INFO     | src.pipelines.train_vision_backbones:run_pipeline:171 - Test images: 4019
2026-02-08 16:17:45.357 | INFO     | src.pipelines.train_vision_backbones:run_pipeline:176 - Training pvt_autoencoder_differential_lr on MWT
2026-02-08 16:17:45.381 | INFO     | src.models.pvt_autoencoder.training:train_pvt_autoencoder_differential_lr:267 - Device: cuda | Model on: cuda:0
2026-02-08 16:18:34.285 | INFO     | src.pipelines.train_vision_backbones:run_pipeline:193 - Evaluating pvt_autoencoder_differential_lr on MWT
2026-02-08 16:18:38.736 | INFO     | src.models.evaluation:evaluate_tsb_ad_nonoverlapping:65 - Normal (59355) reconstruction error: mean=0.0061, std=0.0084
2026-02-08 16:18:38.736 | INFO     | src.models.evaluation:evaluate_tsb_ad_nonoverlapping:66 - Anomaly (945) reconstruction error: mean=0.0716, std=0.2041
2026-02-08 16:18:38.736 | INFO     | src.models.evaluation:evaluate_tsb_ad_nonoverlapping:67 - Overlap? Normal max=0.1848, Anomaly min=0.0001
2026-02-08 16:18:44.108 | INFO     | src.models.evaluation:evaluate_tsb_ad_nonoverlapping:83 - {'AUC-PR': 0.1422929724644407, 'AUC-ROC': 0.5236621725881265, 'VUS-PR': np.float64(0.06222917494433547), 'VUS-ROC': np.float64(0.5995855847334441), 'Standard-F1': np.float64(0.21917571779619502), 'PA-F1': 0.7759067357512953, 'Event-based-F1': np.float64(0.7692307692307687), 'R-based-F1': 0.35095585547899366, 'Affiliation-F': 0.8013302512723812}
2026-02-08 16:18:45.713 | INFO     | src.pipelines.train_vision_backbones:run_pipeline:70 - Using zip: /net/scratch/hscra/plgrid/plgsmendowski12/ts2i_images/SVDB/247_SVDB_id_11_Medical_tr_20100_1st_23611_ts2i_SPIRAL.zip for transformation SPIRAL
2026-02-08 16:18:51.940 | INFO     | src.pipelines.train_vision_backbones:run_pipeline:170 - Train images: 1071
2026-02-08 16:18:51.940 | INFO     | src.pipelines.train_vision_backbones:run_pipeline:171 - Test images: 4019
2026-02-08 16:18:51.946 | INFO     | src.pipelines.train_vision_backbones:run_pipeline:176 - Training cnn_autoencoder on SPIRAL
2026-02-08 16:18:51.951 | INFO     | src.models.cnn_autoencoder.training:train_autoencoder:22 - Device: cuda | Model on: cuda:0
2026-02-08 16:20:27.185 | INFO     | src.pipelines.train_vision_backbones:run_pipeline:193 - Evaluating cnn_autoencoder on SPIRAL
2026-02-08 16:20:30.899 | INFO     | src.models.evaluation:evaluate_tsb_ad_nonoverlapping:65 - Normal (59355) reconstruction error: mean=0.0965, std=0.1255
2026-02-08 16:20:30.899 | INFO     | src.models.evaluation:evaluate_tsb_ad_nonoverlapping:66 - Anomaly (945) reconstruction error: mean=0.1798, std=0.2390
2026-02-08 16:20:30.899 | INFO     | src.models.evaluation:evaluate_tsb_ad_nonoverlapping:67 - Overlap? Normal max=1.0000, Anomaly min=0.0038
2026-02-08 16:20:38.617 | INFO     | src.models.evaluation:evaluate_tsb_ad_nonoverlapping:83 - {'AUC-PR': 0.05056097057963595, 'AUC-ROC': 0.5304403287723984, 'VUS-PR': np.float64(0.04814272447885897), 'VUS-ROC': np.float64(0.5997462624756195), 'Standard-F1': np.float64(0.14736395359803828), 'PA-F1': 0.6772187676653476, 'Event-based-F1': np.float64(0.3921568627450976), 'R-based-F1': 0.2264979893438826, 'Affiliation-F': 0.8300768612890037}
2026-02-08 16:20:38.780 | INFO     | src.pipelines.train_vision_backbones:run_pipeline:170 - Train images: 1071
2026-02-08 16:20:38.780 | INFO     | src.pipelines.train_vision_backbones:run_pipeline:171 - Test images: 4019
2026-02-08 16:20:39.005 | INFO     | src.pipelines.train_vision_backbones:run_pipeline:176 - Training resnet18_autoencoder_frozen on SPIRAL
2026-02-08 16:20:39.020 | INFO     | src.models.resnet18_autoencoder.training:train_autoencoder_frozen:25 - Device: cuda | Model on: cuda:0
2026-02-08 16:21:40.700 | INFO     | src.pipelines.train_vision_backbones:run_pipeline:193 - Evaluating resnet18_autoencoder_frozen on SPIRAL
2026-02-08 16:21:45.110 | INFO     | src.models.evaluation:evaluate_tsb_ad_nonoverlapping:65 - Normal (59355) reconstruction error: mean=0.0258, std=0.0316
2026-02-08 16:21:45.110 | INFO     | src.models.evaluation:evaluate_tsb_ad_nonoverlapping:66 - Anomaly (945) reconstruction error: mean=0.1454, std=0.2633
2026-02-08 16:21:45.111 | INFO     | src.models.evaluation:evaluate_tsb_ad_nonoverlapping:67 - Overlap? Normal max=0.4154, Anomaly min=0.0004
2026-02-08 16:21:51.111 | INFO     | src.models.evaluation:evaluate_tsb_ad_nonoverlapping:83 - {'AUC-PR': 0.2288644124594006, 'AUC-ROC': 0.505251560091085, 'VUS-PR': np.float64(0.11414988955566717), 'VUS-ROC': np.float64(0.5729788169278384), 'Standard-F1': np.float64(0.3170696103909602), 'PA-F1': 0.7759067357512953, 'Event-based-F1': np.float64(0.7692307692307687), 'R-based-F1': 0.38427034425367695, 'Affiliation-F': 0.8349371667307782}
2026-02-08 16:21:51.274 | INFO     | src.pipelines.train_vision_backbones:run_pipeline:170 - Train images: 1071
2026-02-08 16:21:51.274 | INFO     | src.pipelines.train_vision_backbones:run_pipeline:171 - Test images: 4019
2026-02-08 16:21:51.495 | INFO     | src.pipelines.train_vision_backbones:run_pipeline:176 - Training resnet18_autoencoder_progressive_unfreeze on SPIRAL
2026-02-08 16:21:51.510 | INFO     | src.models.resnet18_autoencoder.training:train_autoencoder_progressive_unfreeze:133 - Device: cuda | Model on: cuda:0
2026-02-08 16:22:36.499 | INFO     | src.pipelines.train_vision_backbones:run_pipeline:193 - Evaluating resnet18_autoencoder_progressive_unfreeze on SPIRAL
2026-02-08 16:22:40.606 | INFO     | src.models.evaluation:evaluate_tsb_ad_nonoverlapping:65 - Normal (59355) reconstruction error: mean=0.0340, std=0.0381
2026-02-08 16:22:40.606 | INFO     | src.models.evaluation:evaluate_tsb_ad_nonoverlapping:66 - Anomaly (945) reconstruction error: mean=0.1428, std=0.2382
2026-02-08 16:22:40.607 | INFO     | src.models.evaluation:evaluate_tsb_ad_nonoverlapping:67 - Overlap? Normal max=0.3635, Anomaly min=0.0018
2026-02-08 16:22:46.711 | INFO     | src.models.evaluation:evaluate_tsb_ad_nonoverlapping:83 - {'AUC-PR': 0.23348204979868825, 'AUC-ROC': 0.5324021591901297, 'VUS-PR': np.float64(0.12393342964950228), 'VUS-ROC': np.float64(0.6022497535157957), 'Standard-F1': np.float64(0.32911069383077524), 'PA-F1': 0.7759067357512953, 'Event-based-F1': np.float64(0.7692307692307687), 'R-based-F1': 0.3670854155306919, 'Affiliation-F': 0.8412406286349386}
2026-02-08 16:22:46.888 | INFO     | src.pipelines.train_vision_backbones:run_pipeline:170 - Train images: 1071
2026-02-08 16:22:46.888 | INFO     | src.pipelines.train_vision_backbones:run_pipeline:171 - Test images: 4019
2026-02-08 16:22:47.106 | INFO     | src.pipelines.train_vision_backbones:run_pipeline:176 - Training resnet18_autoencoder_differential_lr on SPIRAL
2026-02-08 16:22:47.122 | INFO     | src.models.resnet18_autoencoder.training:train_autoencoder_differential_lr:271 - Device: cuda | Model on: cuda:0
2026-02-08 16:23:32.206 | INFO     | src.pipelines.train_vision_backbones:run_pipeline:193 - Evaluating resnet18_autoencoder_differential_lr on SPIRAL
2026-02-08 16:23:36.467 | INFO     | src.models.evaluation:evaluate_tsb_ad_nonoverlapping:65 - Normal (59355) reconstruction error: mean=0.0307, std=0.0345
2026-02-08 16:23:36.467 | INFO     | src.models.evaluation:evaluate_tsb_ad_nonoverlapping:66 - Anomaly (945) reconstruction error: mean=0.1248, std=0.2161
2026-02-08 16:23:36.467 | INFO     | src.models.evaluation:evaluate_tsb_ad_nonoverlapping:67 - Overlap? Normal max=0.2930, Anomaly min=0.0000
2026-02-08 16:23:42.491 | INFO     | src.models.evaluation:evaluate_tsb_ad_nonoverlapping:83 - {'AUC-PR': 0.2267801430078466, 'AUC-ROC': 0.537151628685619, 'VUS-PR': np.float64(0.11420826550052969), 'VUS-ROC': np.float64(0.6022276244068175), 'Standard-F1': np.float64(0.3170696103909602), 'PA-F1': 0.7759067357512953, 'Event-based-F1': np.float64(0.7692307692307687), 'R-based-F1': 0.3478395316175703, 'Affiliation-F': 0.8449389772387143}
2026-02-08 16:23:42.712 | INFO     | src.pipelines.train_vision_backbones:run_pipeline:170 - Train images: 1071
2026-02-08 16:23:42.712 | INFO     | src.pipelines.train_vision_backbones:run_pipeline:171 - Test images: 4019
2026-02-08 16:23:43.694 | INFO     | src.pipelines.train_vision_backbones:run_pipeline:176 - Training pvt_autoencoder_frozen on SPIRAL
2026-02-08 16:23:43.719 | INFO     | src.models.pvt_autoencoder.training:train_pvt_autoencoder_frozen:24 - Device: cuda | Model on: cuda:0
2026-02-08 16:24:49.075 | INFO     | src.pipelines.train_vision_backbones:run_pipeline:193 - Evaluating pvt_autoencoder_frozen on SPIRAL
2026-02-08 16:24:53.653 | INFO     | src.models.evaluation:evaluate_tsb_ad_nonoverlapping:65 - Normal (59355) reconstruction error: mean=0.0331, std=0.0357
2026-02-08 16:24:53.653 | INFO     | src.models.evaluation:evaluate_tsb_ad_nonoverlapping:66 - Anomaly (945) reconstruction error: mean=0.1551, std=0.2362
2026-02-08 16:24:53.653 | INFO     | src.models.evaluation:evaluate_tsb_ad_nonoverlapping:67 - Overlap? Normal max=0.4180, Anomaly min=0.0000
2026-02-08 16:24:59.791 | INFO     | src.models.evaluation:evaluate_tsb_ad_nonoverlapping:83 - {'AUC-PR': 0.2685935740952125, 'AUC-ROC': 0.5740394425256695, 'VUS-PR': np.float64(0.15734487438255945), 'VUS-ROC': np.float64(0.6613359120494924), 'Standard-F1': np.float64(0.3764667515961933), 'PA-F1': 0.7759067357512953, 'Event-based-F1': np.float64(0.7692307692307687), 'R-based-F1': 0.418267152279969, 'Affiliation-F': 0.8185599642500725}
2026-02-08 16:24:59.954 | INFO     | src.pipelines.train_vision_backbones:run_pipeline:170 - Train images: 1071
2026-02-08 16:24:59.954 | INFO     | src.pipelines.train_vision_backbones:run_pipeline:171 - Test images: 4019
2026-02-08 16:25:00.962 | INFO     | src.pipelines.train_vision_backbones:run_pipeline:176 - Training pvt_autoencoder_progressive_unfreeze on SPIRAL
2026-02-08 16:25:00.988 | INFO     | src.models.pvt_autoencoder.training:train_pvt_autoencoder_progressive_unfreeze:132 - Device: cuda | Model on: cuda:0
2026-02-08 16:26:21.279 | INFO     | src.pipelines.train_vision_backbones:run_pipeline:193 - Evaluating pvt_autoencoder_progressive_unfreeze on SPIRAL
2026-02-08 16:26:26.177 | INFO     | src.models.evaluation:evaluate_tsb_ad_nonoverlapping:65 - Normal (59355) reconstruction error: mean=0.0488, std=0.0545
2026-02-08 16:26:26.177 | INFO     | src.models.evaluation:evaluate_tsb_ad_nonoverlapping:66 - Anomaly (945) reconstruction error: mean=0.1565, std=0.2628
2026-02-08 16:26:26.177 | INFO     | src.models.evaluation:evaluate_tsb_ad_nonoverlapping:67 - Overlap? Normal max=0.4917, Anomaly min=0.0010
2026-02-08 16:26:32.693 | INFO     | src.models.evaluation:evaluate_tsb_ad_nonoverlapping:83 - {'AUC-PR': 0.19867041646986813, 'AUC-ROC': 0.5197026767913805, 'VUS-PR': np.float64(0.10538353378020449), 'VUS-ROC': np.float64(0.5948587576027469), 'Standard-F1': np.float64(0.282048175576621), 'PA-F1': 0.7759067357512953, 'Event-based-F1': np.float64(0.7692307692307687), 'R-based-F1': 0.32469444114277135, 'Affiliation-F': 0.8630016313865241}
2026-02-08 16:26:32.865 | INFO     | src.pipelines.train_vision_backbones:run_pipeline:170 - Train images: 1071
2026-02-08 16:26:32.865 | INFO     | src.pipelines.train_vision_backbones:run_pipeline:171 - Test images: 4019
2026-02-08 16:26:33.847 | INFO     | src.pipelines.train_vision_backbones:run_pipeline:176 - Training pvt_autoencoder_differential_lr on SPIRAL
2026-02-08 16:26:33.873 | INFO     | src.models.pvt_autoencoder.training:train_pvt_autoencoder_differential_lr:267 - Device: cuda | Model on: cuda:0
2026-02-08 16:28:01.602 | INFO     | src.pipelines.train_vision_backbones:run_pipeline:193 - Evaluating pvt_autoencoder_differential_lr on SPIRAL
2026-02-08 16:28:06.077 | INFO     | src.models.evaluation:evaluate_tsb_ad_nonoverlapping:65 - Normal (59355) reconstruction error: mean=0.0280, std=0.0321
2026-02-08 16:28:06.077 | INFO     | src.models.evaluation:evaluate_tsb_ad_nonoverlapping:66 - Anomaly (945) reconstruction error: mean=0.1159, std=0.2036
2026-02-08 16:28:06.077 | INFO     | src.models.evaluation:evaluate_tsb_ad_nonoverlapping:67 - Overlap? Normal max=0.2742, Anomaly min=0.0003
2026-02-08 16:28:12.037 | INFO     | src.models.evaluation:evaluate_tsb_ad_nonoverlapping:83 - {'AUC-PR': 0.22927325829956038, 'AUC-ROC': 0.5274342034008448, 'VUS-PR': np.float64(0.12479435338533355), 'VUS-ROC': np.float64(0.6002040315471098), 'Standard-F1': np.float64(0.324996653159466), 'PA-F1': 0.7759067357512953, 'Event-based-F1': np.float64(0.7692307692307687), 'R-based-F1': 0.35749629743257644, 'Affiliation-F': 0.8524297935221206}
2026-02-08 16:28:13.625 | INFO     | src.pipelines.train_vision_backbones:run_pipeline:70 - Using zip: /net/scratch/hscra/plgrid/plgsmendowski12/ts2i_images/SVDB/248_SVDB_id_12_Medical_tr_18462_1st_18562_ts2i_RN.zip for transformation RN
2026-02-08 16:28:22.295 | INFO     | src.pipelines.train_vision_backbones:run_pipeline:170 - Train images: 738
2026-02-08 16:28:22.295 | INFO     | src.pipelines.train_vision_backbones:run_pipeline:171 - Test images: 5596
2026-02-08 16:28:22.302 | INFO     | src.pipelines.train_vision_backbones:run_pipeline:176 - Training cnn_autoencoder on RN
2026-02-08 16:28:22.307 | INFO     | src.models.cnn_autoencoder.training:train_autoencoder:22 - Device: cuda | Model on: cuda:0
2026-02-08 16:30:03.184 | INFO     | src.pipelines.train_vision_backbones:run_pipeline:193 - Evaluating cnn_autoencoder on RN
2026-02-08 16:30:08.565 | INFO     | src.models.evaluation:evaluate_tsb_ad_nonoverlapping:65 - Normal (105934) reconstruction error: mean=0.8257, std=0.3370
2026-02-08 16:30:08.565 | INFO     | src.models.evaluation:evaluate_tsb_ad_nonoverlapping:66 - Anomaly (6004) reconstruction error: mean=0.3268, std=0.4556
2026-02-08 16:30:08.565 | INFO     | src.models.evaluation:evaluate_tsb_ad_nonoverlapping:67 - Overlap? Normal max=1.0000, Anomaly min=0.0000
2026-02-08 16:31:14.126 | INFO     | src.models.evaluation:evaluate_tsb_ad_nonoverlapping:83 - {'AUC-PR': 0.03784116959408297, 'AUC-ROC': 0.24287944574794457, 'VUS-PR': np.float64(0.041860209153167335), 'VUS-ROC': np.float64(0.15745103498158694), 'Standard-F1': np.float64(0.10181178913295924), 'PA-F1': 0.13068181818181818, 'Event-based-F1': np.float64(0.10129768525605036), 'R-based-F1': 0.20573536895959765, 'Affiliation-F': 0.7039238030493323}
2026-02-08 16:31:14.285 | INFO     | src.pipelines.train_vision_backbones:run_pipeline:170 - Train images: 738
2026-02-08 16:31:14.285 | INFO     | src.pipelines.train_vision_backbones:run_pipeline:171 - Test images: 5596
2026-02-08 16:31:14.496 | INFO     | src.pipelines.train_vision_backbones:run_pipeline:176 - Training resnet18_autoencoder_frozen on RN
2026-02-08 16:31:14.510 | INFO     | src.models.resnet18_autoencoder.training:train_autoencoder_frozen:25 - Device: cuda | Model on: cuda:0
2026-02-08 16:32:34.035 | INFO     | src.pipelines.train_vision_backbones:run_pipeline:193 - Evaluating resnet18_autoencoder_frozen on RN
2026-02-08 16:32:39.919 | INFO     | src.models.evaluation:evaluate_tsb_ad_nonoverlapping:65 - Normal (105934) reconstruction error: mean=0.7822, std=0.3198
2026-02-08 16:32:39.920 | INFO     | src.models.evaluation:evaluate_tsb_ad_nonoverlapping:66 - Anomaly (6004) reconstruction error: mean=0.3099, std=0.4316
2026-02-08 16:32:39.920 | INFO     | src.models.evaluation:evaluate_tsb_ad_nonoverlapping:67 - Overlap? Normal max=1.0000, Anomaly min=0.0004
2026-02-08 16:33:44.750 | INFO     | src.models.evaluation:evaluate_tsb_ad_nonoverlapping:83 - {'AUC-PR': 0.03412044210611832, 'AUC-ROC': 0.24520126902138742, 'VUS-PR': np.float64(0.04199605126059962), 'VUS-ROC': np.float64(0.1589988190548686), 'Standard-F1': np.float64(0.10207142049189566), 'PA-F1': 0.1289999164508313, 'Event-based-F1': np.float64(0.10207238911273174), 'R-based-F1': 0.06835327031134135, 'Affiliation-F': 0.7032533092972324}
2026-02-08 16:33:44.910 | INFO     | src.pipelines.train_vision_backbones:run_pipeline:170 - Train images: 738
2026-02-08 16:33:44.910 | INFO     | src.pipelines.train_vision_backbones:run_pipeline:171 - Test images: 5596
2026-02-08 16:33:45.128 | INFO     | src.pipelines.train_vision_backbones:run_pipeline:176 - Training resnet18_autoencoder_progressive_unfreeze on RN
2026-02-08 16:33:45.144 | INFO     | src.models.resnet18_autoencoder.training:train_autoencoder_progressive_unfreeze:133 - Device: cuda | Model on: cuda:0
2026-02-08 16:35:18.211 | INFO     | src.pipelines.train_vision_backbones:run_pipeline:193 - Evaluating resnet18_autoencoder_progressive_unfreeze on RN
2026-02-08 16:35:24.441 | INFO     | src.models.evaluation:evaluate_tsb_ad_nonoverlapping:65 - Normal (105934) reconstruction error: mean=0.7815, std=0.3188
2026-02-08 16:35:24.441 | INFO     | src.models.evaluation:evaluate_tsb_ad_nonoverlapping:66 - Anomaly (6004) reconstruction error: mean=0.3110, std=0.4328
2026-02-08 16:35:24.441 | INFO     | src.models.evaluation:evaluate_tsb_ad_nonoverlapping:67 - Overlap? Normal max=1.0000, Anomaly min=0.0000
2026-02-08 16:36:28.414 | INFO     | src.models.evaluation:evaluate_tsb_ad_nonoverlapping:83 - {'AUC-PR': 0.037734122035698286, 'AUC-ROC': 0.25217695223278747, 'VUS-PR': np.float64(0.04309947121036617), 'VUS-ROC': np.float64(0.16033383890111935), 'Standard-F1': np.float64(0.10181178913295924), 'PA-F1': 0.13156864280679773, 'Event-based-F1': np.float64(0.10174967268028079), 'R-based-F1': 0.11201829897052684, 'Affiliation-F': 0.7013497081281471}
2026-02-08 16:36:28.583 | INFO     | src.pipelines.train_vision_backbones:run_pipeline:170 - Train images: 738
2026-02-08 16:36:28.583 | INFO     | src.pipelines.train_vision_backbones:run_pipeline:171 - Test images: 5596
2026-02-08 16:36:28.802 | INFO     | src.pipelines.train_vision_backbones:run_pipeline:176 - Training resnet18_autoencoder_differential_lr on RN
2026-02-08 16:36:28.818 | INFO     | src.models.resnet18_autoencoder.training:train_autoencoder_differential_lr:271 - Device: cuda | Model on: cuda:0
2026-02-08 16:38:02.157 | INFO     | src.pipelines.train_vision_backbones:run_pipeline:193 - Evaluating resnet18_autoencoder_differential_lr on RN
2026-02-08 16:38:07.965 | INFO     | src.models.evaluation:evaluate_tsb_ad_nonoverlapping:65 - Normal (105934) reconstruction error: mean=0.7997, std=0.3270
2026-02-08 16:38:07.965 | INFO     | src.models.evaluation:evaluate_tsb_ad_nonoverlapping:66 - Anomaly (6004) reconstruction error: mean=0.3156, std=0.4410
2026-02-08 16:38:07.966 | INFO     | src.models.evaluation:evaluate_tsb_ad_nonoverlapping:67 - Overlap? Normal max=1.0000, Anomaly min=0.0000
2026-02-08 16:39:12.836 | INFO     | src.models.evaluation:evaluate_tsb_ad_nonoverlapping:83 - {'AUC-PR': 0.03402423413905786, 'AUC-ROC': 0.2372666119076291, 'VUS-PR': np.float64(0.041697530124190856), 'VUS-ROC': np.float64(0.15742258025944236), 'Standard-F1': np.float64(0.10181178913295924), 'PA-F1': 0.1692155352624051, 'Event-based-F1': np.float64(0.10061930039471882), 'R-based-F1': 0.42175383056836596, 'Affiliation-F': 0.7007411211776009}
2026-02-08 16:39:13.004 | INFO     | src.pipelines.train_vision_backbones:run_pipeline:170 - Train images: 738
2026-02-08 16:39:13.005 | INFO     | src.pipelines.train_vision_backbones:run_pipeline:171 - Test images: 5596
2026-02-08 16:39:13.942 | INFO     | src.pipelines.train_vision_backbones:run_pipeline:176 - Training pvt_autoencoder_frozen on RN
2026-02-08 16:39:13.966 | INFO     | src.models.pvt_autoencoder.training:train_pvt_autoencoder_frozen:24 - Device: cuda | Model on: cuda:0
2026-02-08 16:40:45.725 | INFO     | src.pipelines.train_vision_backbones:run_pipeline:193 - Evaluating pvt_autoencoder_frozen on RN
2026-02-08 16:40:52.020 | INFO     | src.models.evaluation:evaluate_tsb_ad_nonoverlapping:65 - Normal (105934) reconstruction error: mean=0.8005, std=0.3263
2026-02-08 16:40:52.020 | INFO     | src.models.evaluation:evaluate_tsb_ad_nonoverlapping:66 - Anomaly (6004) reconstruction error: mean=0.3156, std=0.4382
2026-02-08 16:40:52.020 | INFO     | src.models.evaluation:evaluate_tsb_ad_nonoverlapping:67 - Overlap? Normal max=1.0000, Anomaly min=0.0000
2026-02-08 16:41:55.923 | INFO     | src.models.evaluation:evaluate_tsb_ad_nonoverlapping:83 - {'AUC-PR': 0.032918066216377315, 'AUC-ROC': 0.22559567748158704, 'VUS-PR': np.float64(0.040906480543429644), 'VUS-ROC': np.float64(0.1499426010899411), 'Standard-F1': np.float64(0.10181178913295924), 'PA-F1': 0.10985891010226845, 'Event-based-F1': np.float64(0.10145913404305966), 'R-based-F1': 0.2655554624050136, 'Affiliation-F': 0.702584434155136}
2026-02-08 16:41:56.086 | INFO     | src.pipelines.train_vision_backbones:run_pipeline:170 - Train images: 738
2026-02-08 16:41:56.086 | INFO     | src.pipelines.train_vision_backbones:run_pipeline:171 - Test images: 5596
2026-02-08 16:41:57.031 | INFO     | src.pipelines.train_vision_backbones:run_pipeline:176 - Training pvt_autoencoder_progressive_unfreeze on RN
2026-02-08 16:41:57.055 | INFO     | src.models.pvt_autoencoder.training:train_pvt_autoencoder_progressive_unfreeze:132 - Device: cuda | Model on: cuda:0
2026-02-08 16:42:27.942 | INFO     | src.pipelines.train_vision_backbones:run_pipeline:193 - Evaluating pvt_autoencoder_progressive_unfreeze on RN
2026-02-08 16:42:34.800 | INFO     | src.models.evaluation:evaluate_tsb_ad_nonoverlapping:65 - Normal (105934) reconstruction error: mean=0.8007, std=0.3149
2026-02-08 16:42:34.800 | INFO     | src.models.evaluation:evaluate_tsb_ad_nonoverlapping:66 - Anomaly (6004) reconstruction error: mean=0.3274, std=0.4296
2026-02-08 16:42:34.800 | INFO     | src.models.evaluation:evaluate_tsb_ad_nonoverlapping:67 - Overlap? Normal max=1.0000, Anomaly min=0.0010
2026-02-08 16:43:39.412 | INFO     | src.models.evaluation:evaluate_tsb_ad_nonoverlapping:83 - {'AUC-PR': 0.03439812914630036, 'AUC-ROC': 0.24174906108182675, 'VUS-PR': np.float64(0.041792703392615455), 'VUS-ROC': np.float64(0.15916892829491538), 'Standard-F1': np.float64(0.10207142049189566), 'PA-F1': 0.13952666902154715, 'Event-based-F1': np.float64(0.10207238911273174), 'R-based-F1': 0.35888429685399154, 'Affiliation-F': 0.7015850560047909}
2026-02-08 16:43:39.583 | INFO     | src.pipelines.train_vision_backbones:run_pipeline:170 - Train images: 738
2026-02-08 16:43:39.583 | INFO     | src.pipelines.train_vision_backbones:run_pipeline:171 - Test images: 5596
2026-02-08 16:43:40.529 | INFO     | src.pipelines.train_vision_backbones:run_pipeline:176 - Training pvt_autoencoder_differential_lr on RN
2026-02-08 16:43:40.555 | INFO     | src.models.pvt_autoencoder.training:train_pvt_autoencoder_differential_lr:267 - Device: cuda | Model on: cuda:0
2026-02-08 16:45:34.656 | INFO     | src.pipelines.train_vision_backbones:run_pipeline:193 - Evaluating pvt_autoencoder_differential_lr on RN
2026-02-08 16:45:41.829 | INFO     | src.models.evaluation:evaluate_tsb_ad_nonoverlapping:65 - Normal (105934) reconstruction error: mean=0.7997, std=0.3257
2026-02-08 16:45:41.829 | INFO     | src.models.evaluation:evaluate_tsb_ad_nonoverlapping:66 - Anomaly (6004) reconstruction error: mean=0.3160, std=0.4384
2026-02-08 16:45:41.829 | INFO     | src.models.evaluation:evaluate_tsb_ad_nonoverlapping:67 - Overlap? Normal max=1.0000, Anomaly min=0.0000
2026-02-08 16:46:46.258 | INFO     | src.models.evaluation:evaluate_tsb_ad_nonoverlapping:83 - {'AUC-PR': 0.0327449888428989, 'AUC-ROC': 0.22917002160421507, 'VUS-PR': np.float64(0.04099522342336634), 'VUS-ROC': np.float64(0.1561094857659999), 'Standard-F1': np.float64(0.10181178913295924), 'PA-F1': 0.101994360072028, 'Event-based-F1': np.float64(0.10061930039471882), 'R-based-F1': 0.42175383056836596, 'Affiliation-F': 0.7007411211776009}
2026-02-08 16:46:48.027 | INFO     | src.pipelines.train_vision_backbones:run_pipeline:70 - Using zip: /net/scratch/hscra/plgrid/plgsmendowski12/ts2i_images/SVDB/248_SVDB_id_12_Medical_tr_18462_1st_18562_ts2i_LP.zip for transformation LP
2026-02-08 16:46:55.736 | INFO     | src.pipelines.train_vision_backbones:run_pipeline:170 - Train images: 738
2026-02-08 16:46:55.736 | INFO     | src.pipelines.train_vision_backbones:run_pipeline:171 - Test images: 5596
2026-02-08 16:46:55.743 | INFO     | src.pipelines.train_vision_backbones:run_pipeline:176 - Training cnn_autoencoder on LP
2026-02-08 16:46:55.748 | INFO     | src.models.cnn_autoencoder.training:train_autoencoder:22 - Device: cuda | Model on: cuda:0
2026-02-08 16:48:30.801 | INFO     | src.pipelines.train_vision_backbones:run_pipeline:193 - Evaluating cnn_autoencoder on LP
2026-02-08 16:48:35.967 | INFO     | src.models.evaluation:evaluate_tsb_ad_nonoverlapping:65 - Normal (105934) reconstruction error: mean=0.1537, std=0.1307
2026-02-08 16:48:35.967 | INFO     | src.models.evaluation:evaluate_tsb_ad_nonoverlapping:66 - Anomaly (6004) reconstruction error: mean=0.2904, std=0.1953
2026-02-08 16:48:35.967 | INFO     | src.models.evaluation:evaluate_tsb_ad_nonoverlapping:67 - Overlap? Normal max=1.0000, Anomaly min=0.0000
2026-02-08 16:49:06.997 | INFO     | src.models.evaluation:evaluate_tsb_ad_nonoverlapping:83 - {'AUC-PR': 0.16133141416394664, 'AUC-ROC': 0.7259422221171814, 'VUS-PR': np.float64(0.17151655656157158), 'VUS-ROC': np.float64(0.7884277315876872), 'Standard-F1': np.float64(0.2304547762627277), 'PA-F1': 0.617210297646067, 'Event-based-F1': np.float64(0.3200783219113876), 'R-based-F1': 0.20420407894296386, 'Affiliation-F': 0.7705420470075223}
2026-02-08 16:49:07.396 | INFO     | src.pipelines.train_vision_backbones:run_pipeline:170 - Train images: 738
2026-02-08 16:49:07.396 | INFO     | src.pipelines.train_vision_backbones:run_pipeline:171 - Test images: 5596
2026-02-08 16:49:07.616 | INFO     | src.pipelines.train_vision_backbones:run_pipeline:176 - Training resnet18_autoencoder_frozen on LP
2026-02-08 16:49:07.631 | INFO     | src.models.resnet18_autoencoder.training:train_autoencoder_frozen:25 - Device: cuda | Model on: cuda:0
2026-02-08 16:49:49.391 | INFO     | src.pipelines.train_vision_backbones:run_pipeline:193 - Evaluating resnet18_autoencoder_frozen on LP
2026-02-08 16:49:55.027 | INFO     | src.models.evaluation:evaluate_tsb_ad_nonoverlapping:65 - Normal (105934) reconstruction error: mean=0.2685, std=0.1609
2026-02-08 16:49:55.027 | INFO     | src.models.evaluation:evaluate_tsb_ad_nonoverlapping:66 - Anomaly (6004) reconstruction error: mean=0.3858, std=0.1833
2026-02-08 16:49:55.028 | INFO     | src.models.evaluation:evaluate_tsb_ad_nonoverlapping:67 - Overlap? Normal max=0.9928, Anomaly min=0.0241
2026-02-08 16:50:33.863 | INFO     | src.models.evaluation:evaluate_tsb_ad_nonoverlapping:83 - {'AUC-PR': 0.12333796100562268, 'AUC-ROC': 0.6966511661686402, 'VUS-PR': np.float64(0.12676834298559808), 'VUS-ROC': np.float64(0.7566538655094263), 'Standard-F1': np.float64(0.21971302525422942), 'PA-F1': 0.4556539297918608, 'Event-based-F1': np.float64(0.24535809018567611), 'R-based-F1': 0.13492416602226906, 'Affiliation-F': 0.7646573865824665}
2026-02-08 16:50:34.023 | INFO     | src.pipelines.train_vision_backbones:run_pipeline:170 - Train images: 738
2026-02-08 16:50:34.024 | INFO     | src.pipelines.train_vision_backbones:run_pipeline:171 - Test images: 5596
2026-02-08 16:50:34.244 | INFO     | src.pipelines.train_vision_backbones:run_pipeline:176 - Training resnet18_autoencoder_progressive_unfreeze on LP
2026-02-08 16:50:34.260 | INFO     | src.models.resnet18_autoencoder.training:train_autoencoder_progressive_unfreeze:133 - Device: cuda | Model on: cuda:0
2026-02-08 16:51:18.512 | INFO     | src.pipelines.train_vision_backbones:run_pipeline:193 - Evaluating resnet18_autoencoder_progressive_unfreeze on LP
2026-02-08 16:51:24.301 | INFO     | src.models.evaluation:evaluate_tsb_ad_nonoverlapping:65 - Normal (105934) reconstruction error: mean=0.2488, std=0.1542
2026-02-08 16:51:24.302 | INFO     | src.models.evaluation:evaluate_tsb_ad_nonoverlapping:66 - Anomaly (6004) reconstruction error: mean=0.3853, std=0.1925
2026-02-08 16:51:24.302 | INFO     | src.models.evaluation:evaluate_tsb_ad_nonoverlapping:67 - Overlap? Normal max=0.9907, Anomaly min=0.0055
2026-02-08 16:52:01.745 | INFO     | src.models.evaluation:evaluate_tsb_ad_nonoverlapping:83 - {'AUC-PR': 0.13740568365766595, 'AUC-ROC': 0.7201271046456377, 'VUS-PR': np.float64(0.14505522521473457), 'VUS-ROC': np.float64(0.7811315386311493), 'Standard-F1': np.float64(0.23119285173177495), 'PA-F1': 0.5035892776010904, 'Event-based-F1': np.float64(0.25642381770902173), 'R-based-F1': 0.15378208183405234, 'Affiliation-F': 0.7722649994347998}
2026-02-08 16:52:01.910 | INFO     | src.pipelines.train_vision_backbones:run_pipeline:170 - Train images: 738
2026-02-08 16:52:01.910 | INFO     | src.pipelines.train_vision_backbones:run_pipeline:171 - Test images: 5596
2026-02-08 16:52:02.133 | INFO     | src.pipelines.train_vision_backbones:run_pipeline:176 - Training resnet18_autoencoder_differential_lr on LP
2026-02-08 16:52:02.149 | INFO     | src.models.resnet18_autoencoder.training:train_autoencoder_differential_lr:271 - Device: cuda | Model on: cuda:0
2026-02-08 16:53:02.781 | INFO     | src.pipelines.train_vision_backbones:run_pipeline:193 - Evaluating resnet18_autoencoder_differential_lr on LP
2026-02-08 16:53:08.216 | INFO     | src.models.evaluation:evaluate_tsb_ad_nonoverlapping:65 - Normal (105934) reconstruction error: mean=0.2352, std=0.1469
2026-02-08 16:53:08.216 | INFO     | src.models.evaluation:evaluate_tsb_ad_nonoverlapping:66 - Anomaly (6004) reconstruction error: mean=0.3630, std=0.1866
2026-02-08 16:53:08.216 | INFO     | src.models.evaluation:evaluate_tsb_ad_nonoverlapping:67 - Overlap? Normal max=0.9708, Anomaly min=0.0000
2026-02-08 16:53:44.471 | INFO     | src.models.evaluation:evaluate_tsb_ad_nonoverlapping:83 - {'AUC-PR': 0.13765392609981833, 'AUC-ROC': 0.7156711040035525, 'VUS-PR': np.float64(0.14571160657281151), 'VUS-ROC': np.float64(0.7795908163679128), 'Standard-F1': np.float64(0.22988341800245368), 'PA-F1': 0.5102404661477584, 'Event-based-F1': np.float64(0.25454545454545413), 'R-based-F1': 0.1486289982565744, 'Affiliation-F': 0.7691716433698423}
2026-02-08 16:53:44.641 | INFO     | src.pipelines.train_vision_backbones:run_pipeline:170 - Train images: 738
2026-02-08 16:53:44.641 | INFO     | src.pipelines.train_vision_backbones:run_pipeline:171 - Test images: 5596
2026-02-08 16:53:45.598 | INFO     | src.pipelines.train_vision_backbones:run_pipeline:176 - Training pvt_autoencoder_frozen on LP
2026-02-08 16:53:45.623 | INFO     | src.models.pvt_autoencoder.training:train_pvt_autoencoder_frozen:24 - Device: cuda | Model on: cuda:0
2026-02-08 16:54:40.635 | INFO     | src.pipelines.train_vision_backbones:run_pipeline:193 - Evaluating pvt_autoencoder_frozen on LP
2026-02-08 16:54:46.768 | INFO     | src.models.evaluation:evaluate_tsb_ad_nonoverlapping:65 - Normal (105934) reconstruction error: mean=0.2382, std=0.1439
2026-02-08 16:54:46.769 | INFO     | src.models.evaluation:evaluate_tsb_ad_nonoverlapping:66 - Anomaly (6004) reconstruction error: mean=0.3662, std=0.1798
2026-02-08 16:54:46.769 | INFO     | src.models.evaluation:evaluate_tsb_ad_nonoverlapping:67 - Overlap? Normal max=1.0000, Anomaly min=0.0055
2026-02-08 16:55:23.413 | INFO     | src.models.evaluation:evaluate_tsb_ad_nonoverlapping:83 - {'AUC-PR': 0.14028847729999805, 'AUC-ROC': 0.7196074103284075, 'VUS-PR': np.float64(0.14556886711434963), 'VUS-ROC': np.float64(0.7796111502382383), 'Standard-F1': np.float64(0.23759267493387465), 'PA-F1': 0.510182111778954, 'Event-based-F1': np.float64(0.2608695652173909), 'R-based-F1': 0.15375102809447547, 'Affiliation-F': 0.7707464136989296}
2026-02-08 16:55:23.577 | INFO     | src.pipelines.train_vision_backbones:run_pipeline:170 - Train images: 738
2026-02-08 16:55:23.577 | INFO     | src.pipelines.train_vision_backbones:run_pipeline:171 - Test images: 5596
2026-02-08 16:55:24.513 | INFO     | src.pipelines.train_vision_backbones:run_pipeline:176 - Training pvt_autoencoder_progressive_unfreeze on LP
2026-02-08 16:55:24.537 | INFO     | src.models.pvt_autoencoder.training:train_pvt_autoencoder_progressive_unfreeze:132 - Device: cuda | Model on: cuda:0
2026-02-08 16:56:38.831 | INFO     | src.pipelines.train_vision_backbones:run_pipeline:193 - Evaluating pvt_autoencoder_progressive_unfreeze on LP
2026-02-08 16:56:45.383 | INFO     | src.models.evaluation:evaluate_tsb_ad_nonoverlapping:65 - Normal (105934) reconstruction error: mean=0.2191, std=0.1469
2026-02-08 16:56:45.383 | INFO     | src.models.evaluation:evaluate_tsb_ad_nonoverlapping:66 - Anomaly (6004) reconstruction error: mean=0.3594, std=0.1893
2026-02-08 16:56:45.383 | INFO     | src.models.evaluation:evaluate_tsb_ad_nonoverlapping:67 - Overlap? Normal max=1.0000, Anomaly min=0.0000
2026-02-08 16:57:20.731 | INFO     | src.models.evaluation:evaluate_tsb_ad_nonoverlapping:83 - {'AUC-PR': 0.14526126142681337, 'AUC-ROC': 0.7286498524649245, 'VUS-PR': np.float64(0.1553196627667378), 'VUS-ROC': np.float64(0.7931378567024319), 'Standard-F1': np.float64(0.23605236001795987), 'PA-F1': 0.5584815800532288, 'Event-based-F1': np.float64(0.25939617991373976), 'R-based-F1': 0.1610227608297336, 'Affiliation-F': 0.7763363980228104}
2026-02-08 16:57:20.899 | INFO     | src.pipelines.train_vision_backbones:run_pipeline:170 - Train images: 738
2026-02-08 16:57:20.899 | INFO     | src.pipelines.train_vision_backbones:run_pipeline:171 - Test images: 5596
2026-02-08 16:57:21.846 | INFO     | src.pipelines.train_vision_backbones:run_pipeline:176 - Training pvt_autoencoder_differential_lr on LP
2026-02-08 16:57:21.871 | INFO     | src.models.pvt_autoencoder.training:train_pvt_autoencoder_differential_lr:267 - Device: cuda | Model on: cuda:0
2026-02-08 16:58:40.252 | INFO     | src.pipelines.train_vision_backbones:run_pipeline:193 - Evaluating pvt_autoencoder_differential_lr on LP
2026-02-08 16:58:46.420 | INFO     | src.models.evaluation:evaluate_tsb_ad_nonoverlapping:65 - Normal (105934) reconstruction error: mean=0.2116, std=0.1529
2026-02-08 16:58:46.421 | INFO     | src.models.evaluation:evaluate_tsb_ad_nonoverlapping:66 - Anomaly (6004) reconstruction error: mean=0.3682, std=0.1990
2026-02-08 16:58:46.421 | INFO     | src.models.evaluation:evaluate_tsb_ad_nonoverlapping:67 - Overlap? Normal max=1.0000, Anomaly min=0.0000
2026-02-08 16:59:21.645 | INFO     | src.models.evaluation:evaluate_tsb_ad_nonoverlapping:83 - {'AUC-PR': 0.15677743995532364, 'AUC-ROC': 0.7353326364999906, 'VUS-PR': np.float64(0.16849801347150295), 'VUS-ROC': np.float64(0.7984087383281084), 'Standard-F1': np.float64(0.23817238056804155), 'PA-F1': 0.5931575196008553, 'Event-based-F1': np.float64(0.28427076598903306), 'R-based-F1': 0.17802167291910678, 'Affiliation-F': 0.7771843887195473}
2026-02-08 16:59:23.450 | INFO     | src.pipelines.train_vision_backbones:run_pipeline:70 - Using zip: /net/scratch/hscra/plgrid/plgsmendowski12/ts2i_images/SVDB/248_SVDB_id_12_Medical_tr_18462_1st_18562_ts2i_SG.zip for transformation SG
2026-02-08 16:59:31.543 | INFO     | src.pipelines.train_vision_backbones:run_pipeline:170 - Train images: 738
2026-02-08 16:59:31.543 | INFO     | src.pipelines.train_vision_backbones:run_pipeline:171 - Test images: 5596
2026-02-08 16:59:31.550 | INFO     | src.pipelines.train_vision_backbones:run_pipeline:176 - Training cnn_autoencoder on SG
2026-02-08 16:59:31.555 | INFO     | src.models.cnn_autoencoder.training:train_autoencoder:22 - Device: cuda | Model on: cuda:0
2026-02-08 17:00:06.487 | INFO     | src.pipelines.train_vision_backbones:run_pipeline:193 - Evaluating cnn_autoencoder on SG
2026-02-08 17:00:11.545 | INFO     | src.models.evaluation:evaluate_tsb_ad_nonoverlapping:65 - Normal (105934) reconstruction error: mean=0.0356, std=0.0614
2026-02-08 17:00:11.545 | INFO     | src.models.evaluation:evaluate_tsb_ad_nonoverlapping:66 - Anomaly (6004) reconstruction error: mean=0.1203, std=0.1606
2026-02-08 17:00:11.545 | INFO     | src.models.evaluation:evaluate_tsb_ad_nonoverlapping:67 - Overlap? Normal max=1.0000, Anomaly min=0.0009
2026-02-08 17:00:33.854 | INFO     | src.models.evaluation:evaluate_tsb_ad_nonoverlapping:83 - {'AUC-PR': 0.23156649658627068, 'AUC-ROC': 0.7220109595975229, 'VUS-PR': np.float64(0.25635286593393525), 'VUS-ROC': np.float64(0.784350189490843), 'Standard-F1': np.float64(0.29041747616978125), 'PA-F1': 0.8781705451324583, 'Event-based-F1': np.float64(0.6680476437079228), 'R-based-F1': 0.39253717602579297, 'Affiliation-F': 0.8643676439780098}
2026-02-08 17:00:34.015 | INFO     | src.pipelines.train_vision_backbones:run_pipeline:170 - Train images: 738
2026-02-08 17:00:34.016 | INFO     | src.pipelines.train_vision_backbones:run_pipeline:171 - Test images: 5596
2026-02-08 17:00:34.237 | INFO     | src.pipelines.train_vision_backbones:run_pipeline:176 - Training resnet18_autoencoder_frozen on SG
2026-02-08 17:00:34.251 | INFO     | src.models.resnet18_autoencoder.training:train_autoencoder_frozen:25 - Device: cuda | Model on: cuda:0
2026-02-08 17:01:10.506 | INFO     | src.pipelines.train_vision_backbones:run_pipeline:193 - Evaluating resnet18_autoencoder_frozen on SG
2026-02-08 17:01:16.650 | INFO     | src.models.evaluation:evaluate_tsb_ad_nonoverlapping:65 - Normal (105934) reconstruction error: mean=0.0153, std=0.0437
2026-02-08 17:01:16.650 | INFO     | src.models.evaluation:evaluate_tsb_ad_nonoverlapping:66 - Anomaly (6004) reconstruction error: mean=0.1004, std=0.1439
2026-02-08 17:01:16.650 | INFO     | src.models.evaluation:evaluate_tsb_ad_nonoverlapping:67 - Overlap? Normal max=1.0000, Anomaly min=0.0001
2026-02-08 17:01:37.295 | INFO     | src.models.evaluation:evaluate_tsb_ad_nonoverlapping:83 - {'AUC-PR': 0.25737551336150255, 'AUC-ROC': 0.7389286054657214, 'VUS-PR': np.float64(0.2759226631762871), 'VUS-ROC': np.float64(0.8045626611346022), 'Standard-F1': np.float64(0.3523775392251153), 'PA-F1': 0.8643685082041247, 'Event-based-F1': np.float64(0.6124401913875593), 'R-based-F1': 0.3424791917236338, 'Affiliation-F': 0.8723161996342369}
2026-02-08 17:01:37.458 | INFO     | src.pipelines.train_vision_backbones:run_pipeline:170 - Train images: 738
2026-02-08 17:01:37.458 | INFO     | src.pipelines.train_vision_backbones:run_pipeline:171 - Test images: 5596
2026-02-08 17:01:37.677 | INFO     | src.pipelines.train_vision_backbones:run_pipeline:176 - Training resnet18_autoencoder_progressive_unfreeze on SG
2026-02-08 17:01:37.692 | INFO     | src.models.resnet18_autoencoder.training:train_autoencoder_progressive_unfreeze:133 - Device: cuda | Model on: cuda:0
2026-02-08 17:02:13.848 | INFO     | src.pipelines.train_vision_backbones:run_pipeline:193 - Evaluating resnet18_autoencoder_progressive_unfreeze on SG
2026-02-08 17:02:19.322 | INFO     | src.models.evaluation:evaluate_tsb_ad_nonoverlapping:65 - Normal (105934) reconstruction error: mean=0.0179, std=0.0357
2026-02-08 17:02:19.322 | INFO     | src.models.evaluation:evaluate_tsb_ad_nonoverlapping:66 - Anomaly (6004) reconstruction error: mean=0.1443, std=0.1960
2026-02-08 17:02:19.322 | INFO     | src.models.evaluation:evaluate_tsb_ad_nonoverlapping:67 - Overlap? Normal max=0.8818, Anomaly min=0.0002
2026-02-08 17:02:40.232 | INFO     | src.models.evaluation:evaluate_tsb_ad_nonoverlapping:83 - {'AUC-PR': 0.39867930821042735, 'AUC-ROC': 0.7474129272878125, 'VUS-PR': np.float64(0.42151872047705224), 'VUS-ROC': np.float64(0.8149913278405102), 'Standard-F1': np.float64(0.4274114359930497), 'PA-F1': 0.9495393457864931, 'Event-based-F1': np.float64(0.8938036921952106), 'R-based-F1': 0.4995138206905347, 'Affiliation-F': 0.9259190838168875}
2026-02-08 17:02:40.396 | INFO     | src.pipelines.train_vision_backbones:run_pipeline:170 - Train images: 738
2026-02-08 17:02:40.396 | INFO     | src.pipelines.train_vision_backbones:run_pipeline:171 - Test images: 5596
2026-02-08 17:02:40.604 | INFO     | src.pipelines.train_vision_backbones:run_pipeline:176 - Training resnet18_autoencoder_differential_lr on SG
2026-02-08 17:02:40.618 | INFO     | src.models.resnet18_autoencoder.training:train_autoencoder_differential_lr:271 - Device: cuda | Model on: cuda:0
2026-02-08 17:03:17.673 | INFO     | src.pipelines.train_vision_backbones:run_pipeline:193 - Evaluating resnet18_autoencoder_differential_lr on SG
2026-02-08 17:03:23.164 | INFO     | src.models.evaluation:evaluate_tsb_ad_nonoverlapping:65 - Normal (105934) reconstruction error: mean=0.0144, std=0.0286
2026-02-08 17:03:23.164 | INFO     | src.models.evaluation:evaluate_tsb_ad_nonoverlapping:66 - Anomaly (6004) reconstruction error: mean=0.0974, std=0.1356
2026-02-08 17:03:23.164 | INFO     | src.models.evaluation:evaluate_tsb_ad_nonoverlapping:67 - Overlap? Normal max=1.0000, Anomaly min=0.0000
2026-02-08 17:03:43.565 | INFO     | src.models.evaluation:evaluate_tsb_ad_nonoverlapping:83 - {'AUC-PR': 0.36901886964264835, 'AUC-ROC': 0.7397876466192348, 'VUS-PR': np.float64(0.38412274138867936), 'VUS-ROC': np.float64(0.8083673210455461), 'Standard-F1': np.float64(0.41261914766426994), 'PA-F1': 0.9281167784095731, 'Event-based-F1': np.float64(0.8654912002074346), 'R-based-F1': 0.46824347012485906, 'Affiliation-F': 0.8867814176484355}
2026-02-08 17:03:43.735 | INFO     | src.pipelines.train_vision_backbones:run_pipeline:170 - Train images: 738
2026-02-08 17:03:43.735 | INFO     | src.pipelines.train_vision_backbones:run_pipeline:171 - Test images: 5596
2026-02-08 17:03:45.024 | INFO     | src.pipelines.train_vision_backbones:run_pipeline:176 - Training pvt_autoencoder_frozen on SG
2026-02-08 17:03:45.048 | INFO     | src.models.pvt_autoencoder.training:train_pvt_autoencoder_frozen:24 - Device: cuda | Model on: cuda:0
2026-02-08 17:04:16.238 | INFO     | src.pipelines.train_vision_backbones:run_pipeline:193 - Evaluating pvt_autoencoder_frozen on SG
2026-02-08 17:04:23.749 | INFO     | src.models.evaluation:evaluate_tsb_ad_nonoverlapping:65 - Normal (105934) reconstruction error: mean=0.0109, std=0.0208
2026-02-08 17:04:23.749 | INFO     | src.models.evaluation:evaluate_tsb_ad_nonoverlapping:66 - Anomaly (6004) reconstruction error: mean=0.1267, std=0.1886
2026-02-08 17:04:23.749 | INFO     | src.models.evaluation:evaluate_tsb_ad_nonoverlapping:67 - Overlap? Normal max=0.6047, Anomaly min=0.0001
2026-02-08 17:04:44.117 | INFO     | src.models.evaluation:evaluate_tsb_ad_nonoverlapping:83 - {'AUC-PR': 0.4355525203996849, 'AUC-ROC': 0.7697468338078892, 'VUS-PR': np.float64(0.4541232259919793), 'VUS-ROC': np.float64(0.8368525432666827), 'Standard-F1': np.float64(0.44228568025023246), 'PA-F1': 0.9271545538955009, 'Event-based-F1': np.float64(0.8757317277136639), 'R-based-F1': 0.5138799841696213, 'Affiliation-F': 0.9044386035592039}
2026-02-08 17:04:44.276 | INFO     | src.pipelines.train_vision_backbones:run_pipeline:170 - Train images: 738
2026-02-08 17:04:44.276 | INFO     | src.pipelines.train_vision_backbones:run_pipeline:171 - Test images: 5596
2026-02-08 17:04:47.381 | INFO     | src.pipelines.train_vision_backbones:run_pipeline:176 - Training pvt_autoencoder_progressive_unfreeze on SG
2026-02-08 17:04:47.405 | INFO     | src.models.pvt_autoencoder.training:train_pvt_autoencoder_progressive_unfreeze:132 - Device: cuda | Model on: cuda:0
2026-02-08 17:05:54.197 | INFO     | src.pipelines.train_vision_backbones:run_pipeline:193 - Evaluating pvt_autoencoder_progressive_unfreeze on SG
2026-02-08 17:06:00.684 | INFO     | src.models.evaluation:evaluate_tsb_ad_nonoverlapping:65 - Normal (105934) reconstruction error: mean=0.0111, std=0.0225
2026-02-08 17:06:00.684 | INFO     | src.models.evaluation:evaluate_tsb_ad_nonoverlapping:66 - Anomaly (6004) reconstruction error: mean=0.1115, std=0.1612
2026-02-08 17:06:00.684 | INFO     | src.models.evaluation:evaluate_tsb_ad_nonoverlapping:67 - Overlap? Normal max=0.7150, Anomaly min=0.0001
2026-02-08 17:06:21.076 | INFO     | src.models.evaluation:evaluate_tsb_ad_nonoverlapping:83 - {'AUC-PR': 0.4105292958955311, 'AUC-ROC': 0.7427133146281533, 'VUS-PR': np.float64(0.4303944455267833), 'VUS-ROC': np.float64(0.8165022120709098), 'Standard-F1': np.float64(0.43594140079611254), 'PA-F1': 0.9573989162150897, 'Event-based-F1': np.float64(0.9101558347683731), 'R-based-F1': 0.5313669573915102, 'Affiliation-F': 0.92581438094995}
2026-02-08 17:06:21.241 | INFO     | src.pipelines.train_vision_backbones:run_pipeline:170 - Train images: 738
2026-02-08 17:06:21.241 | INFO     | src.pipelines.train_vision_backbones:run_pipeline:171 - Test images: 5596
2026-02-08 17:06:22.193 | INFO     | src.pipelines.train_vision_backbones:run_pipeline:176 - Training pvt_autoencoder_differential_lr on SG
2026-02-08 17:06:22.218 | INFO     | src.models.pvt_autoencoder.training:train_pvt_autoencoder_differential_lr:267 - Device: cuda | Model on: cuda:0
2026-02-08 17:07:15.900 | INFO     | src.pipelines.train_vision_backbones:run_pipeline:193 - Evaluating pvt_autoencoder_differential_lr on SG
2026-02-08 17:07:22.213 | INFO     | src.models.evaluation:evaluate_tsb_ad_nonoverlapping:65 - Normal (105934) reconstruction error: mean=0.0178, std=0.0369
2026-02-08 17:07:22.214 | INFO     | src.models.evaluation:evaluate_tsb_ad_nonoverlapping:66 - Anomaly (6004) reconstruction error: mean=0.1168, std=0.1704
2026-02-08 17:07:22.214 | INFO     | src.models.evaluation:evaluate_tsb_ad_nonoverlapping:67 - Overlap? Normal max=1.0000, Anomaly min=0.0003
2026-02-08 17:07:43.233 | INFO     | src.models.evaluation:evaluate_tsb_ad_nonoverlapping:83 - {'AUC-PR': 0.3332317150648988, 'AUC-ROC': 0.7321132108616093, 'VUS-PR': np.float64(0.35519616859859005), 'VUS-ROC': np.float64(0.7989026692466826), 'Standard-F1': np.float64(0.3787210638985882), 'PA-F1': 0.9505438477226377, 'Event-based-F1': np.float64(0.8795006130866119), 'R-based-F1': 0.44443366380835797, 'Affiliation-F': 0.8877397771103563}
2026-02-08 17:07:45.291 | INFO     | src.pipelines.train_vision_backbones:run_pipeline:70 - Using zip: /net/scratch/hscra/plgrid/plgsmendowski12/ts2i_images/SVDB/248_SVDB_id_12_Medical_tr_18462_1st_18562_ts2i_GASF.zip for transformation GASF
2026-02-08 17:07:53.057 | INFO     | src.pipelines.train_vision_backbones:run_pipeline:170 - Train images: 738
2026-02-08 17:07:53.058 | INFO     | src.pipelines.train_vision_backbones:run_pipeline:171 - Test images: 5596
2026-02-08 17:07:53.065 | INFO     | src.pipelines.train_vision_backbones:run_pipeline:176 - Training cnn_autoencoder on GASF
2026-02-08 17:07:53.069 | INFO     | src.models.cnn_autoencoder.training:train_autoencoder:22 - Device: cuda | Model on: cuda:0
2026-02-08 17:08:53.709 | INFO     | src.pipelines.train_vision_backbones:run_pipeline:193 - Evaluating cnn_autoencoder on GASF
2026-02-08 17:08:59.103 | INFO     | src.models.evaluation:evaluate_tsb_ad_nonoverlapping:65 - Normal (105934) reconstruction error: mean=0.0706, std=0.0770
2026-02-08 17:08:59.103 | INFO     | src.models.evaluation:evaluate_tsb_ad_nonoverlapping:66 - Anomaly (6004) reconstruction error: mean=0.1024, std=0.1120
2026-02-08 17:08:59.103 | INFO     | src.models.evaluation:evaluate_tsb_ad_nonoverlapping:67 - Overlap? Normal max=1.0000, Anomaly min=0.0018
2026-02-08 17:09:23.626 | INFO     | src.models.evaluation:evaluate_tsb_ad_nonoverlapping:83 - {'AUC-PR': 0.08488139837530453, 'AUC-ROC': 0.5762943017315207, 'VUS-PR': np.float64(0.12898602366990572), 'VUS-ROC': np.float64(0.6859705042565335), 'Standard-F1': np.float64(0.1507611099771841), 'PA-F1': 0.6503557427036446, 'Event-based-F1': np.float64(0.28002836627958466), 'R-based-F1': 0.16477325500388332, 'Affiliation-F': 0.7373274116992424}
2026-02-08 17:09:23.791 | INFO     | src.pipelines.train_vision_backbones:run_pipeline:170 - Train images: 738
2026-02-08 17:09:23.791 | INFO     | src.pipelines.train_vision_backbones:run_pipeline:171 - Test images: 5596
2026-02-08 17:09:24.010 | INFO     | src.pipelines.train_vision_backbones:run_pipeline:176 - Training resnet18_autoencoder_frozen on GASF
2026-02-08 17:09:24.023 | INFO     | src.models.resnet18_autoencoder.training:train_autoencoder_frozen:25 - Device: cuda | Model on: cuda:0
2026-02-08 17:09:56.734 | INFO     | src.pipelines.train_vision_backbones:run_pipeline:193 - Evaluating resnet18_autoencoder_frozen on GASF
2026-02-08 17:10:02.574 | INFO     | src.models.evaluation:evaluate_tsb_ad_nonoverlapping:65 - Normal (105934) reconstruction error: mean=0.1263, std=0.0970
2026-02-08 17:10:02.574 | INFO     | src.models.evaluation:evaluate_tsb_ad_nonoverlapping:66 - Anomaly (6004) reconstruction error: mean=0.1527, std=0.1302
2026-02-08 17:10:02.575 | INFO     | src.models.evaluation:evaluate_tsb_ad_nonoverlapping:67 - Overlap? Normal max=0.8700, Anomaly min=0.0010
2026-02-08 17:10:30.764 | INFO     | src.models.evaluation:evaluate_tsb_ad_nonoverlapping:83 - {'AUC-PR': 0.0775934303772344, 'AUC-ROC': 0.561373040498976, 'VUS-PR': np.float64(0.08505515399581398), 'VUS-ROC': np.float64(0.6399323204404842), 'Standard-F1': np.float64(0.11861869950415922), 'PA-F1': 0.4529295589203423, 'Event-based-F1': np.float64(0.2040816326530608), 'R-based-F1': 0.12255228812374401, 'Affiliation-F': 0.7307877367696377}
2026-02-08 17:10:30.922 | INFO     | src.pipelines.train_vision_backbones:run_pipeline:170 - Train images: 738
2026-02-08 17:10:30.922 | INFO     | src.pipelines.train_vision_backbones:run_pipeline:171 - Test images: 5596
2026-02-08 17:10:31.143 | INFO     | src.pipelines.train_vision_backbones:run_pipeline:176 - Training resnet18_autoencoder_progressive_unfreeze on GASF
2026-02-08 17:10:31.158 | INFO     | src.models.resnet18_autoencoder.training:train_autoencoder_progressive_unfreeze:133 - Device: cuda | Model on: cuda:0
2026-02-08 17:11:22.473 | INFO     | src.pipelines.train_vision_backbones:run_pipeline:193 - Evaluating resnet18_autoencoder_progressive_unfreeze on GASF
2026-02-08 17:11:28.457 | INFO     | src.models.evaluation:evaluate_tsb_ad_nonoverlapping:65 - Normal (105934) reconstruction error: mean=0.1772, std=0.1521
2026-02-08 17:11:28.458 | INFO     | src.models.evaluation:evaluate_tsb_ad_nonoverlapping:66 - Anomaly (6004) reconstruction error: mean=0.2151, std=0.1604
2026-02-08 17:11:28.458 | INFO     | src.models.evaluation:evaluate_tsb_ad_nonoverlapping:67 - Overlap? Normal max=1.0000, Anomaly min=0.0074
2026-02-08 17:12:00.903 | INFO     | src.models.evaluation:evaluate_tsb_ad_nonoverlapping:83 - {'AUC-PR': 0.06809325162606189, 'AUC-ROC': 0.5791541078328069, 'VUS-PR': np.float64(0.09044631283676474), 'VUS-ROC': np.float64(0.661549464349835), 'Standard-F1': np.float64(0.1225499589125475), 'PA-F1': 0.5215441819772528, 'Event-based-F1': np.float64(0.17175572519083926), 'R-based-F1': 0.1215682075069557, 'Affiliation-F': 0.7429578295105397}
2026-02-08 17:12:01.068 | INFO     | src.pipelines.train_vision_backbones:run_pipeline:170 - Train images: 738
2026-02-08 17:12:01.068 | INFO     | src.pipelines.train_vision_backbones:run_pipeline:171 - Test images: 5596
2026-02-08 17:12:01.290 | INFO     | src.pipelines.train_vision_backbones:run_pipeline:176 - Training resnet18_autoencoder_differential_lr on GASF
2026-02-08 17:12:01.305 | INFO     | src.models.resnet18_autoencoder.training:train_autoencoder_differential_lr:271 - Device: cuda | Model on: cuda:0
2026-02-08 17:12:41.913 | INFO     | src.pipelines.train_vision_backbones:run_pipeline:193 - Evaluating resnet18_autoencoder_differential_lr on GASF
2026-02-08 17:12:47.637 | INFO     | src.models.evaluation:evaluate_tsb_ad_nonoverlapping:65 - Normal (105934) reconstruction error: mean=0.1249, std=0.1101
2026-02-08 17:12:47.637 | INFO     | src.models.evaluation:evaluate_tsb_ad_nonoverlapping:66 - Anomaly (6004) reconstruction error: mean=0.1500, std=0.1219
2026-02-08 17:12:47.637 | INFO     | src.models.evaluation:evaluate_tsb_ad_nonoverlapping:67 - Overlap? Normal max=1.0000, Anomaly min=0.0072
2026-02-08 17:13:16.034 | INFO     | src.models.evaluation:evaluate_tsb_ad_nonoverlapping:83 - {'AUC-PR': 0.0681618911052074, 'AUC-ROC': 0.5645082182390864, 'VUS-PR': np.float64(0.09354698088049887), 'VUS-ROC': np.float64(0.6604078767047807), 'Standard-F1': np.float64(0.11910380763696496), 'PA-F1': 0.5225253151477578, 'Event-based-F1': np.float64(0.15920722061970766), 'R-based-F1': 0.13317135059219531, 'Affiliation-F': 0.743844950687714}
2026-02-08 17:13:16.201 | INFO     | src.pipelines.train_vision_backbones:run_pipeline:170 - Train images: 738
2026-02-08 17:13:16.201 | INFO     | src.pipelines.train_vision_backbones:run_pipeline:171 - Test images: 5596
2026-02-08 17:13:17.158 | INFO     | src.pipelines.train_vision_backbones:run_pipeline:176 - Training pvt_autoencoder_frozen on GASF
2026-02-08 17:13:17.183 | INFO     | src.models.pvt_autoencoder.training:train_pvt_autoencoder_frozen:24 - Device: cuda | Model on: cuda:0
2026-02-08 17:13:39.539 | INFO     | src.pipelines.train_vision_backbones:run_pipeline:193 - Evaluating pvt_autoencoder_frozen on GASF
2026-02-08 17:13:45.759 | INFO     | src.models.evaluation:evaluate_tsb_ad_nonoverlapping:65 - Normal (105934) reconstruction error: mean=0.1071, std=0.0860
2026-02-08 17:13:45.759 | INFO     | src.models.evaluation:evaluate_tsb_ad_nonoverlapping:66 - Anomaly (6004) reconstruction error: mean=0.1217, std=0.0901
2026-02-08 17:13:45.759 | INFO     | src.models.evaluation:evaluate_tsb_ad_nonoverlapping:67 - Overlap? Normal max=1.0000, Anomaly min=0.0011
2026-02-08 17:14:12.614 | INFO     | src.models.evaluation:evaluate_tsb_ad_nonoverlapping:83 - {'AUC-PR': 0.06481536227141896, 'AUC-ROC': 0.5479350950820798, 'VUS-PR': np.float64(0.08912805677941868), 'VUS-ROC': np.float64(0.6410313732826131), 'Standard-F1': np.float64(0.11277393115771944), 'PA-F1': 0.4864, 'Event-based-F1': np.float64(0.1814877483236194), 'R-based-F1': 0.12583212229009358, 'Affiliation-F': 0.7597722287401135}
2026-02-08 17:14:12.773 | INFO     | src.pipelines.train_vision_backbones:run_pipeline:170 - Train images: 738
2026-02-08 17:14:12.773 | INFO     | src.pipelines.train_vision_backbones:run_pipeline:171 - Test images: 5596
2026-02-08 17:14:13.716 | INFO     | src.pipelines.train_vision_backbones:run_pipeline:176 - Training pvt_autoencoder_progressive_unfreeze on GASF
2026-02-08 17:14:13.740 | INFO     | src.models.pvt_autoencoder.training:train_pvt_autoencoder_progressive_unfreeze:132 - Device: cuda | Model on: cuda:0
2026-02-08 17:15:08.100 | INFO     | src.pipelines.train_vision_backbones:run_pipeline:193 - Evaluating pvt_autoencoder_progressive_unfreeze on GASF
2026-02-08 17:15:14.626 | INFO     | src.models.evaluation:evaluate_tsb_ad_nonoverlapping:65 - Normal (105934) reconstruction error: mean=0.1268, std=0.1152
2026-02-08 17:15:14.626 | INFO     | src.models.evaluation:evaluate_tsb_ad_nonoverlapping:66 - Anomaly (6004) reconstruction error: mean=0.1593, std=0.1334
2026-02-08 17:15:14.627 | INFO     | src.models.evaluation:evaluate_tsb_ad_nonoverlapping:67 - Overlap? Normal max=1.0000, Anomaly min=0.0022
2026-02-08 17:15:43.251 | INFO     | src.models.evaluation:evaluate_tsb_ad_nonoverlapping:83 - {'AUC-PR': 0.07323176296147123, 'AUC-ROC': 0.5785698628715148, 'VUS-PR': np.float64(0.0979937809971604), 'VUS-ROC': np.float64(0.674030695246619), 'Standard-F1': np.float64(0.1220101205134192), 'PA-F1': 0.5591372363119222, 'Event-based-F1': np.float64(0.18834080717488744), 'R-based-F1': 0.1353741454019451, 'Affiliation-F': 0.7406836511998466}
2026-02-08 17:15:43.421 | INFO     | src.pipelines.train_vision_backbones:run_pipeline:170 - Train images: 738
2026-02-08 17:15:43.421 | INFO     | src.pipelines.train_vision_backbones:run_pipeline:171 - Test images: 5596
2026-02-08 17:15:44.378 | INFO     | src.pipelines.train_vision_backbones:run_pipeline:176 - Training pvt_autoencoder_differential_lr on GASF
2026-02-08 17:15:44.403 | INFO     | src.models.pvt_autoencoder.training:train_pvt_autoencoder_differential_lr:267 - Device: cuda | Model on: cuda:0
2026-02-08 17:16:45.885 | INFO     | src.pipelines.train_vision_backbones:run_pipeline:193 - Evaluating pvt_autoencoder_differential_lr on GASF
2026-02-08 17:16:52.886 | INFO     | src.models.evaluation:evaluate_tsb_ad_nonoverlapping:65 - Normal (105934) reconstruction error: mean=0.1493, std=0.1387
2026-02-08 17:16:52.886 | INFO     | src.models.evaluation:evaluate_tsb_ad_nonoverlapping:66 - Anomaly (6004) reconstruction error: mean=0.1840, std=0.1524
2026-02-08 17:16:52.886 | INFO     | src.models.evaluation:evaluate_tsb_ad_nonoverlapping:67 - Overlap? Normal max=1.0000, Anomaly min=0.0044
2026-02-08 17:17:23.395 | INFO     | src.models.evaluation:evaluate_tsb_ad_nonoverlapping:83 - {'AUC-PR': 0.06853427787012904, 'AUC-ROC': 0.5745019616565904, 'VUS-PR': np.float64(0.09858409161038817), 'VUS-ROC': np.float64(0.6734732495923915), 'Standard-F1': np.float64(0.12192669367889836), 'PA-F1': 0.5475855602437881, 'Event-based-F1': np.float64(0.15544041450777155), 'R-based-F1': 0.11237014288286769, 'Affiliation-F': 0.7112294715883047}
2026-02-08 17:17:25.849 | INFO     | src.pipelines.train_vision_backbones:run_pipeline:70 - Using zip: /net/scratch/hscra/plgrid/plgsmendowski12/ts2i_images/SVDB/248_SVDB_id_12_Medical_tr_18462_1st_18562_ts2i_GADF.zip for transformation GADF
2026-02-08 17:17:33.678 | INFO     | src.pipelines.train_vision_backbones:run_pipeline:170 - Train images: 738
2026-02-08 17:17:33.678 | INFO     | src.pipelines.train_vision_backbones:run_pipeline:171 - Test images: 5596
2026-02-08 17:17:33.685 | INFO     | src.pipelines.train_vision_backbones:run_pipeline:176 - Training cnn_autoencoder on GADF
2026-02-08 17:17:33.690 | INFO     | src.models.cnn_autoencoder.training:train_autoencoder:22 - Device: cuda | Model on: cuda:0
2026-02-08 17:18:43.938 | INFO     | src.pipelines.train_vision_backbones:run_pipeline:193 - Evaluating cnn_autoencoder on GADF
2026-02-08 17:18:49.005 | INFO     | src.models.evaluation:evaluate_tsb_ad_nonoverlapping:65 - Normal (105934) reconstruction error: mean=0.0807, std=0.0858
2026-02-08 17:18:49.005 | INFO     | src.models.evaluation:evaluate_tsb_ad_nonoverlapping:66 - Anomaly (6004) reconstruction error: mean=0.1108, std=0.1136
2026-02-08 17:18:49.005 | INFO     | src.models.evaluation:evaluate_tsb_ad_nonoverlapping:67 - Overlap? Normal max=1.0000, Anomaly min=0.0009
2026-02-08 17:19:14.208 | INFO     | src.models.evaluation:evaluate_tsb_ad_nonoverlapping:83 - {'AUC-PR': 0.07830369267874766, 'AUC-ROC': 0.6100567790332967, 'VUS-PR': np.float64(0.10998886505685514), 'VUS-ROC': np.float64(0.7045821902965945), 'Standard-F1': np.float64(0.13048823079612684), 'PA-F1': 0.5880304398297433, 'Event-based-F1': np.float64(0.19988690981057342), 'R-based-F1': 0.12127080647671006, 'Affiliation-F': 0.7150524623933864}
2026-02-08 17:19:14.367 | INFO     | src.pipelines.train_vision_backbones:run_pipeline:170 - Train images: 738
2026-02-08 17:19:14.367 | INFO     | src.pipelines.train_vision_backbones:run_pipeline:171 - Test images: 5596
2026-02-08 17:19:14.585 | INFO     | src.pipelines.train_vision_backbones:run_pipeline:176 - Training resnet18_autoencoder_frozen on GADF
2026-02-08 17:19:14.599 | INFO     | src.models.resnet18_autoencoder.training:train_autoencoder_frozen:25 - Device: cuda | Model on: cuda:0
2026-02-08 17:19:46.295 | INFO     | src.pipelines.train_vision_backbones:run_pipeline:193 - Evaluating resnet18_autoencoder_frozen on GADF
2026-02-08 17:19:51.929 | INFO     | src.models.evaluation:evaluate_tsb_ad_nonoverlapping:65 - Normal (105934) reconstruction error: mean=0.1474, std=0.1450
2026-02-08 17:19:51.929 | INFO     | src.models.evaluation:evaluate_tsb_ad_nonoverlapping:66 - Anomaly (6004) reconstruction error: mean=0.1846, std=0.1626
2026-02-08 17:19:51.929 | INFO     | src.models.evaluation:evaluate_tsb_ad_nonoverlapping:67 - Overlap? Normal max=0.9516, Anomaly min=0.0017
2026-02-08 17:20:22.397 | INFO     | src.models.evaluation:evaluate_tsb_ad_nonoverlapping:83 - {'AUC-PR': 0.07660014217060283, 'AUC-ROC': 0.58947619227725, 'VUS-PR': np.float64(0.09047680471462331), 'VUS-ROC': np.float64(0.6718853535178914), 'Standard-F1': np.float64(0.12268033792079344), 'PA-F1': 0.5083024564292575, 'Event-based-F1': np.float64(0.1890756302521004), 'R-based-F1': 0.11565487600283543, 'Affiliation-F': 0.7345203149045055}
2026-02-08 17:20:22.586 | INFO     | src.pipelines.train_vision_backbones:run_pipeline:170 - Train images: 738
2026-02-08 17:20:22.586 | INFO     | src.pipelines.train_vision_backbones:run_pipeline:171 - Test images: 5596
2026-02-08 17:20:22.809 | INFO     | src.pipelines.train_vision_backbones:run_pipeline:176 - Training resnet18_autoencoder_progressive_unfreeze on GADF
2026-02-08 17:20:22.829 | INFO     | src.models.resnet18_autoencoder.training:train_autoencoder_progressive_unfreeze:133 - Device: cuda | Model on: cuda:0
2026-02-08 17:21:00.653 | INFO     | src.pipelines.train_vision_backbones:run_pipeline:193 - Evaluating resnet18_autoencoder_progressive_unfreeze on GADF
2026-02-08 17:21:05.993 | INFO     | src.models.evaluation:evaluate_tsb_ad_nonoverlapping:65 - Normal (105934) reconstruction error: mean=0.1349, std=0.1297
2026-02-08 17:21:05.993 | INFO     | src.models.evaluation:evaluate_tsb_ad_nonoverlapping:66 - Anomaly (6004) reconstruction error: mean=0.1991, std=0.1548
2026-02-08 17:21:05.993 | INFO     | src.models.evaluation:evaluate_tsb_ad_nonoverlapping:67 - Overlap? Normal max=1.0000, Anomaly min=0.0028
2026-02-08 17:21:36.009 | INFO     | src.models.evaluation:evaluate_tsb_ad_nonoverlapping:83 - {'AUC-PR': 0.08929866284243401, 'AUC-ROC': 0.6398984116000879, 'VUS-PR': np.float64(0.12128463966578533), 'VUS-ROC': np.float64(0.7261376601903052), 'Standard-F1': np.float64(0.1573469177566546), 'PA-F1': 0.563954328660211, 'Event-based-F1': np.float64(0.2294707755151075), 'R-based-F1': 0.15675181528108298, 'Affiliation-F': 0.7384535129151745}
2026-02-08 17:21:36.220 | INFO     | src.pipelines.train_vision_backbones:run_pipeline:170 - Train images: 738
2026-02-08 17:21:36.220 | INFO     | src.pipelines.train_vision_backbones:run_pipeline:171 - Test images: 5596
2026-02-08 17:21:36.440 | INFO     | src.pipelines.train_vision_backbones:run_pipeline:176 - Training resnet18_autoencoder_differential_lr on GADF
2026-02-08 17:21:36.455 | INFO     | src.models.resnet18_autoencoder.training:train_autoencoder_differential_lr:271 - Device: cuda | Model on: cuda:0
2026-02-08 17:22:28.971 | INFO     | src.pipelines.train_vision_backbones:run_pipeline:193 - Evaluating resnet18_autoencoder_differential_lr on GADF
2026-02-08 17:22:34.335 | INFO     | src.models.evaluation:evaluate_tsb_ad_nonoverlapping:65 - Normal (105934) reconstruction error: mean=0.1721, std=0.1613
2026-02-08 17:22:34.335 | INFO     | src.models.evaluation:evaluate_tsb_ad_nonoverlapping:66 - Anomaly (6004) reconstruction error: mean=0.2450, std=0.2042
2026-02-08 17:22:34.335 | INFO     | src.models.evaluation:evaluate_tsb_ad_nonoverlapping:67 - Overlap? Normal max=1.0000, Anomaly min=0.0040
2026-02-08 17:23:06.950 | INFO     | src.models.evaluation:evaluate_tsb_ad_nonoverlapping:83 - {'AUC-PR': 0.08847200975237979, 'AUC-ROC': 0.621752278425795, 'VUS-PR': np.float64(0.13237191211894217), 'VUS-ROC': np.float64(0.7162902405594405), 'Standard-F1': np.float64(0.14936629684570255), 'PA-F1': 0.5986193954828765, 'Event-based-F1': np.float64(0.2718688951595394), 'R-based-F1': 0.16138516200504466, 'Affiliation-F': 0.7223266574780235}
2026-02-08 17:23:07.113 | INFO     | src.pipelines.train_vision_backbones:run_pipeline:170 - Train images: 738
2026-02-08 17:23:07.113 | INFO     | src.pipelines.train_vision_backbones:run_pipeline:171 - Test images: 5596
2026-02-08 17:23:08.068 | INFO     | src.pipelines.train_vision_backbones:run_pipeline:176 - Training pvt_autoencoder_frozen on GADF
2026-02-08 17:23:08.092 | INFO     | src.models.pvt_autoencoder.training:train_pvt_autoencoder_frozen:24 - Device: cuda | Model on: cuda:0
2026-02-08 17:23:35.694 | INFO     | src.pipelines.train_vision_backbones:run_pipeline:193 - Evaluating pvt_autoencoder_frozen on GADF
2026-02-08 17:23:41.874 | INFO     | src.models.evaluation:evaluate_tsb_ad_nonoverlapping:65 - Normal (105934) reconstruction error: mean=0.0781, std=0.0933
2026-02-08 17:23:41.874 | INFO     | src.models.evaluation:evaluate_tsb_ad_nonoverlapping:66 - Anomaly (6004) reconstruction error: mean=0.1319, std=0.1569
2026-02-08 17:23:41.874 | INFO     | src.models.evaluation:evaluate_tsb_ad_nonoverlapping:67 - Overlap? Normal max=0.9089, Anomaly min=0.0021
2026-02-08 17:24:07.325 | INFO     | src.models.evaluation:evaluate_tsb_ad_nonoverlapping:83 - {'AUC-PR': 0.1073391816208245, 'AUC-ROC': 0.6438989195276226, 'VUS-PR': np.float64(0.1145108221966331), 'VUS-ROC': np.float64(0.7221053124740299), 'Standard-F1': np.float64(0.1485581965844072), 'PA-F1': 0.6127061698228466, 'Event-based-F1': np.float64(0.3529411764705878), 'R-based-F1': 0.15590942822629167, 'Affiliation-F': 0.7825277257112166}
2026-02-08 17:24:07.488 | INFO     | src.pipelines.train_vision_backbones:run_pipeline:170 - Train images: 738
2026-02-08 17:24:07.488 | INFO     | src.pipelines.train_vision_backbones:run_pipeline:171 - Test images: 5596
2026-02-08 17:24:08.439 | INFO     | src.pipelines.train_vision_backbones:run_pipeline:176 - Training pvt_autoencoder_progressive_unfreeze on GADF
2026-02-08 17:24:08.464 | INFO     | src.models.pvt_autoencoder.training:train_pvt_autoencoder_progressive_unfreeze:132 - Device: cuda | Model on: cuda:0
2026-02-08 17:25:00.030 | INFO     | src.pipelines.train_vision_backbones:run_pipeline:193 - Evaluating pvt_autoencoder_progressive_unfreeze on GADF
2026-02-08 17:25:06.146 | INFO     | src.models.evaluation:evaluate_tsb_ad_nonoverlapping:65 - Normal (105934) reconstruction error: mean=0.1349, std=0.1412
2026-02-08 17:25:06.146 | INFO     | src.models.evaluation:evaluate_tsb_ad_nonoverlapping:66 - Anomaly (6004) reconstruction error: mean=0.1899, std=0.1586
2026-02-08 17:25:06.146 | INFO     | src.models.evaluation:evaluate_tsb_ad_nonoverlapping:67 - Overlap? Normal max=1.0000, Anomaly min=0.0004
2026-02-08 17:25:35.996 | INFO     | src.models.evaluation:evaluate_tsb_ad_nonoverlapping:83 - {'AUC-PR': 0.07970064012468857, 'AUC-ROC': 0.6299356353855613, 'VUS-PR': np.float64(0.11691257675332004), 'VUS-ROC': np.float64(0.7179362190703229), 'Standard-F1': np.float64(0.14626591759818694), 'PA-F1': 0.5877297368769007, 'Event-based-F1': np.float64(0.20438582623817136), 'R-based-F1': 0.14021893114328082, 'Affiliation-F': 0.7329462858793824}
2026-02-08 17:25:36.162 | INFO     | src.pipelines.train_vision_backbones:run_pipeline:170 - Train images: 738
2026-02-08 17:25:36.162 | INFO     | src.pipelines.train_vision_backbones:run_pipeline:171 - Test images: 5596
2026-02-08 17:25:37.123 | INFO     | src.pipelines.train_vision_backbones:run_pipeline:176 - Training pvt_autoencoder_differential_lr on GADF
2026-02-08 17:25:37.148 | INFO     | src.models.pvt_autoencoder.training:train_pvt_autoencoder_differential_lr:267 - Device: cuda | Model on: cuda:0
2026-02-08 17:26:44.100 | INFO     | src.pipelines.train_vision_backbones:run_pipeline:193 - Evaluating pvt_autoencoder_differential_lr on GADF
2026-02-08 17:26:50.145 | INFO     | src.models.evaluation:evaluate_tsb_ad_nonoverlapping:65 - Normal (105934) reconstruction error: mean=0.1444, std=0.1443
2026-02-08 17:26:50.145 | INFO     | src.models.evaluation:evaluate_tsb_ad_nonoverlapping:66 - Anomaly (6004) reconstruction error: mean=0.2180, std=0.1917
2026-02-08 17:26:50.145 | INFO     | src.models.evaluation:evaluate_tsb_ad_nonoverlapping:67 - Overlap? Normal max=1.0000, Anomaly min=0.0087
2026-02-08 17:27:21.063 | INFO     | src.models.evaluation:evaluate_tsb_ad_nonoverlapping:83 - {'AUC-PR': 0.0963469581737866, 'AUC-ROC': 0.6303380958216577, 'VUS-PR': np.float64(0.14433206247074676), 'VUS-ROC': np.float64(0.7220606209659837), 'Standard-F1': np.float64(0.1649421489272865), 'PA-F1': 0.6322238781255175, 'Event-based-F1': np.float64(0.29978118161925554), 'R-based-F1': 0.17265661547700467, 'Affiliation-F': 0.745946677294224}
2026-02-08 17:27:23.508 | INFO     | src.pipelines.train_vision_backbones:run_pipeline:70 - Using zip: /net/scratch/hscra/plgrid/plgsmendowski12/ts2i_images/SVDB/248_SVDB_id_12_Medical_tr_18462_1st_18562_ts2i_MTF.zip for transformation MTF
2026-02-08 17:27:31.169 | INFO     | src.pipelines.train_vision_backbones:run_pipeline:170 - Train images: 738
2026-02-08 17:27:31.170 | INFO     | src.pipelines.train_vision_backbones:run_pipeline:171 - Test images: 5596
2026-02-08 17:27:31.176 | INFO     | src.pipelines.train_vision_backbones:run_pipeline:176 - Training cnn_autoencoder on MTF
2026-02-08 17:27:31.181 | INFO     | src.models.cnn_autoencoder.training:train_autoencoder:22 - Device: cuda | Model on: cuda:0
2026-02-08 17:28:13.753 | INFO     | src.pipelines.train_vision_backbones:run_pipeline:193 - Evaluating cnn_autoencoder on MTF
2026-02-08 17:28:18.728 | INFO     | src.models.evaluation:evaluate_tsb_ad_nonoverlapping:65 - Normal (105934) reconstruction error: mean=0.1439, std=0.0721
2026-02-08 17:28:18.728 | INFO     | src.models.evaluation:evaluate_tsb_ad_nonoverlapping:66 - Anomaly (6004) reconstruction error: mean=0.1291, std=0.0480
2026-02-08 17:28:18.729 | INFO     | src.models.evaluation:evaluate_tsb_ad_nonoverlapping:67 - Overlap? Normal max=1.0000, Anomaly min=0.0132
2026-02-08 17:28:47.701 | INFO     | src.models.evaluation:evaluate_tsb_ad_nonoverlapping:83 - {'AUC-PR': 0.045459896968550684, 'AUC-ROC': 0.45874485259869235, 'VUS-PR': np.float64(0.06163128632684588), 'VUS-ROC': np.float64(0.5503428328708203), 'Standard-F1': np.float64(0.1035301600769323), 'PA-F1': 0.28795476727358393, 'Event-based-F1': np.float64(0.10309629447434879), 'R-based-F1': 0.0877967713503332, 'Affiliation-F': 0.7018630410622614}
2026-02-08 17:28:47.862 | INFO     | src.pipelines.train_vision_backbones:run_pipeline:170 - Train images: 738
2026-02-08 17:28:47.862 | INFO     | src.pipelines.train_vision_backbones:run_pipeline:171 - Test images: 5596
2026-02-08 17:28:48.075 | INFO     | src.pipelines.train_vision_backbones:run_pipeline:176 - Training resnet18_autoencoder_frozen on MTF
2026-02-08 17:28:48.089 | INFO     | src.models.resnet18_autoencoder.training:train_autoencoder_frozen:25 - Device: cuda | Model on: cuda:0
2026-02-08 17:29:08.712 | INFO     | src.pipelines.train_vision_backbones:run_pipeline:193 - Evaluating resnet18_autoencoder_frozen on MTF
2026-02-08 17:29:14.057 | INFO     | src.models.evaluation:evaluate_tsb_ad_nonoverlapping:65 - Normal (105934) reconstruction error: mean=0.1808, std=0.0887
2026-02-08 17:29:14.057 | INFO     | src.models.evaluation:evaluate_tsb_ad_nonoverlapping:66 - Anomaly (6004) reconstruction error: mean=0.1478, std=0.0586
2026-02-08 17:29:14.057 | INFO     | src.models.evaluation:evaluate_tsb_ad_nonoverlapping:67 - Overlap? Normal max=1.0000, Anomaly min=0.0204
2026-02-08 17:29:45.072 | INFO     | src.models.evaluation:evaluate_tsb_ad_nonoverlapping:83 - {'AUC-PR': 0.03903301930115506, 'AUC-ROC': 0.37454573521932066, 'VUS-PR': np.float64(0.050698605408285406), 'VUS-ROC': np.float64(0.44231508134681824), 'Standard-F1': np.float64(0.10422398699951642), 'PA-F1': 0.26261640798226166, 'Event-based-F1': np.float64(0.10323322729641801), 'R-based-F1': 0.11311598300520508, 'Affiliation-F': 0.7032005322494816}
2026-02-08 17:29:45.234 | INFO     | src.pipelines.train_vision_backbones:run_pipeline:170 - Train images: 738
2026-02-08 17:29:45.234 | INFO     | src.pipelines.train_vision_backbones:run_pipeline:171 - Test images: 5596
2026-02-08 17:29:45.449 | INFO     | src.pipelines.train_vision_backbones:run_pipeline:176 - Training resnet18_autoencoder_progressive_unfreeze on MTF
2026-02-08 17:29:45.464 | INFO     | src.models.resnet18_autoencoder.training:train_autoencoder_progressive_unfreeze:133 - Device: cuda | Model on: cuda:0
2026-02-08 17:30:15.680 | INFO     | src.pipelines.train_vision_backbones:run_pipeline:193 - Evaluating resnet18_autoencoder_progressive_unfreeze on MTF
2026-02-08 17:30:21.162 | INFO     | src.models.evaluation:evaluate_tsb_ad_nonoverlapping:65 - Normal (105934) reconstruction error: mean=0.1785, std=0.0949
2026-02-08 17:30:21.162 | INFO     | src.models.evaluation:evaluate_tsb_ad_nonoverlapping:66 - Anomaly (6004) reconstruction error: mean=0.1472, std=0.0671
2026-02-08 17:30:21.162 | INFO     | src.models.evaluation:evaluate_tsb_ad_nonoverlapping:67 - Overlap? Normal max=1.0000, Anomaly min=0.0000
2026-02-08 17:30:52.482 | INFO     | src.models.evaluation:evaluate_tsb_ad_nonoverlapping:83 - {'AUC-PR': 0.04054572059870143, 'AUC-ROC': 0.39730638727994083, 'VUS-PR': np.float64(0.05321375190754942), 'VUS-ROC': np.float64(0.4729185185676353), 'Standard-F1': np.float64(0.10290168339335257), 'PA-F1': 0.2601437738215854, 'Event-based-F1': np.float64(0.10279468479830371), 'R-based-F1': 0.09741834448526938, 'Affiliation-F': 0.7013963334406894}
2026-02-08 17:30:52.646 | INFO     | src.pipelines.train_vision_backbones:run_pipeline:170 - Train images: 738
2026-02-08 17:30:52.646 | INFO     | src.pipelines.train_vision_backbones:run_pipeline:171 - Test images: 5596
2026-02-08 17:30:52.860 | INFO     | src.pipelines.train_vision_backbones:run_pipeline:176 - Training resnet18_autoencoder_differential_lr on MTF
2026-02-08 17:30:52.875 | INFO     | src.models.resnet18_autoencoder.training:train_autoencoder_differential_lr:271 - Device: cuda | Model on: cuda:0
2026-02-08 17:31:19.539 | INFO     | src.pipelines.train_vision_backbones:run_pipeline:193 - Evaluating resnet18_autoencoder_differential_lr on MTF
2026-02-08 17:31:24.853 | INFO     | src.models.evaluation:evaluate_tsb_ad_nonoverlapping:65 - Normal (105934) reconstruction error: mean=0.1388, std=0.0731
2026-02-08 17:31:24.853 | INFO     | src.models.evaluation:evaluate_tsb_ad_nonoverlapping:66 - Anomaly (6004) reconstruction error: mean=0.1182, std=0.0514
2026-02-08 17:31:24.853 | INFO     | src.models.evaluation:evaluate_tsb_ad_nonoverlapping:67 - Overlap? Normal max=1.0000, Anomaly min=0.0004
2026-02-08 17:31:53.524 | INFO     | src.models.evaluation:evaluate_tsb_ad_nonoverlapping:83 - {'AUC-PR': 0.042151914893160516, 'AUC-ROC': 0.41696727200588624, 'VUS-PR': np.float64(0.057359631481307814), 'VUS-ROC': np.float64(0.50665040530752), 'Standard-F1': np.float64(0.10435592086241097), 'PA-F1': 0.28701676298503176, 'Event-based-F1': np.float64(0.10418541044373257), 'R-based-F1': 0.09738803699992568, 'Affiliation-F': 0.7020691548357679}
2026-02-08 17:31:53.682 | INFO     | src.pipelines.train_vision_backbones:run_pipeline:170 - Train images: 738
2026-02-08 17:31:53.682 | INFO     | src.pipelines.train_vision_backbones:run_pipeline:171 - Test images: 5596
2026-02-08 17:31:54.650 | INFO     | src.pipelines.train_vision_backbones:run_pipeline:176 - Training pvt_autoencoder_frozen on MTF
2026-02-08 17:31:54.674 | INFO     | src.models.pvt_autoencoder.training:train_pvt_autoencoder_frozen:24 - Device: cuda | Model on: cuda:0
2026-02-08 17:32:17.612 | INFO     | src.pipelines.train_vision_backbones:run_pipeline:193 - Evaluating pvt_autoencoder_frozen on MTF
2026-02-08 17:32:24.011 | INFO     | src.models.evaluation:evaluate_tsb_ad_nonoverlapping:65 - Normal (105934) reconstruction error: mean=0.1392, std=0.0692
2026-02-08 17:32:24.011 | INFO     | src.models.evaluation:evaluate_tsb_ad_nonoverlapping:66 - Anomaly (6004) reconstruction error: mean=0.1148, std=0.0462
2026-02-08 17:32:24.011 | INFO     | src.models.evaluation:evaluate_tsb_ad_nonoverlapping:67 - Overlap? Normal max=1.0000, Anomaly min=0.0090
2026-02-08 17:32:52.783 | INFO     | src.models.evaluation:evaluate_tsb_ad_nonoverlapping:83 - {'AUC-PR': 0.0397399619645966, 'AUC-ROC': 0.38515342041624423, 'VUS-PR': np.float64(0.052146884465415294), 'VUS-ROC': np.float64(0.4593720646619291), 'Standard-F1': np.float64(0.10434806171144935), 'PA-F1': 0.2561765162894287, 'Event-based-F1': np.float64(0.10395290772903708), 'R-based-F1': 0.10201128178502841, 'Affiliation-F': 0.7018632761474053}
2026-02-08 17:32:53.032 | INFO     | src.pipelines.train_vision_backbones:run_pipeline:170 - Train images: 738
2026-02-08 17:32:53.032 | INFO     | src.pipelines.train_vision_backbones:run_pipeline:171 - Test images: 5596
2026-02-08 17:32:53.989 | INFO     | src.pipelines.train_vision_backbones:run_pipeline:176 - Training pvt_autoencoder_progressive_unfreeze on MTF
2026-02-08 17:32:54.013 | INFO     | src.models.pvt_autoencoder.training:train_pvt_autoencoder_progressive_unfreeze:132 - Device: cuda | Model on: cuda:0
2026-02-08 17:33:38.622 | INFO     | src.pipelines.train_vision_backbones:run_pipeline:193 - Evaluating pvt_autoencoder_progressive_unfreeze on MTF
2026-02-08 17:33:44.746 | INFO     | src.models.evaluation:evaluate_tsb_ad_nonoverlapping:65 - Normal (105934) reconstruction error: mean=0.1642, std=0.0874
2026-02-08 17:33:44.747 | INFO     | src.models.evaluation:evaluate_tsb_ad_nonoverlapping:66 - Anomaly (6004) reconstruction error: mean=0.1421, std=0.0617
2026-02-08 17:33:44.747 | INFO     | src.models.evaluation:evaluate_tsb_ad_nonoverlapping:67 - Overlap? Normal max=1.0000, Anomaly min=0.0000
2026-02-08 17:34:15.381 | INFO     | src.models.evaluation:evaluate_tsb_ad_nonoverlapping:83 - {'AUC-PR': 0.04353820261878888, 'AUC-ROC': 0.4353796797314512, 'VUS-PR': np.float64(0.059263291285091654), 'VUS-ROC': np.float64(0.5273264022750979), 'Standard-F1': np.float64(0.10181178913295924), 'PA-F1': 0.28291477974475093, 'Event-based-F1': np.float64(0.10175137182026953), 'R-based-F1': 0.08896051582656823, 'Affiliation-F': 0.7013748614539378}
2026-02-08 17:34:15.548 | INFO     | src.pipelines.train_vision_backbones:run_pipeline:170 - Train images: 738
2026-02-08 17:34:15.549 | INFO     | src.pipelines.train_vision_backbones:run_pipeline:171 - Test images: 5596
2026-02-08 17:34:16.562 | INFO     | src.pipelines.train_vision_backbones:run_pipeline:176 - Training pvt_autoencoder_differential_lr on MTF
2026-02-08 17:34:16.587 | INFO     | src.models.pvt_autoencoder.training:train_pvt_autoencoder_differential_lr:267 - Device: cuda | Model on: cuda:0
2026-02-08 17:34:49.454 | INFO     | src.pipelines.train_vision_backbones:run_pipeline:193 - Evaluating pvt_autoencoder_differential_lr on MTF
2026-02-08 17:34:55.344 | INFO     | src.models.evaluation:evaluate_tsb_ad_nonoverlapping:65 - Normal (105934) reconstruction error: mean=0.1619, std=0.0761
2026-02-08 17:34:55.344 | INFO     | src.models.evaluation:evaluate_tsb_ad_nonoverlapping:66 - Anomaly (6004) reconstruction error: mean=0.1418, std=0.0554
2026-02-08 17:34:55.344 | INFO     | src.models.evaluation:evaluate_tsb_ad_nonoverlapping:67 - Overlap? Normal max=1.0000, Anomaly min=0.0225
2026-02-08 17:35:25.174 | INFO     | src.models.evaluation:evaluate_tsb_ad_nonoverlapping:83 - {'AUC-PR': 0.04273102658443899, 'AUC-ROC': 0.42204558198700953, 'VUS-PR': np.float64(0.058216295890511034), 'VUS-ROC': np.float64(0.5140665170398435), 'Standard-F1': np.float64(0.10290031850872448), 'PA-F1': 0.2951307149052162, 'Event-based-F1': np.float64(0.10247122133017526), 'R-based-F1': 0.09586714996990216, 'Affiliation-F': 0.7018630410622614}
2026-02-08 17:35:26.895 | INFO     | src.pipelines.train_vision_backbones:run_pipeline:70 - Using zip: /net/scratch/hscra/plgrid/plgsmendowski12/ts2i_images/SVDB/248_SVDB_id_12_Medical_tr_18462_1st_18562_ts2i_RP.zip for transformation RP
2026-02-08 17:35:34.901 | INFO     | src.pipelines.train_vision_backbones:run_pipeline:170 - Train images: 738
2026-02-08 17:35:34.901 | INFO     | src.pipelines.train_vision_backbones:run_pipeline:171 - Test images: 5596
2026-02-08 17:35:34.908 | INFO     | src.pipelines.train_vision_backbones:run_pipeline:176 - Training cnn_autoencoder on RP
2026-02-08 17:35:34.912 | INFO     | src.models.cnn_autoencoder.training:train_autoencoder:22 - Device: cuda | Model on: cuda:0
2026-02-08 17:36:47.971 | INFO     | src.pipelines.train_vision_backbones:run_pipeline:193 - Evaluating cnn_autoencoder on RP
2026-02-08 17:36:52.747 | INFO     | src.models.evaluation:evaluate_tsb_ad_nonoverlapping:65 - Normal (105934) reconstruction error: mean=0.1143, std=0.1616
2026-02-08 17:36:52.748 | INFO     | src.models.evaluation:evaluate_tsb_ad_nonoverlapping:66 - Anomaly (6004) reconstruction error: mean=0.2207, std=0.2079
2026-02-08 17:36:52.748 | INFO     | src.models.evaluation:evaluate_tsb_ad_nonoverlapping:67 - Overlap? Normal max=1.0000, Anomaly min=0.0000
2026-02-08 17:37:22.377 | INFO     | src.models.evaluation:evaluate_tsb_ad_nonoverlapping:83 - {'AUC-PR': 0.10245216306038177, 'AUC-ROC': 0.6626490578077557, 'VUS-PR': np.float64(0.12919095478116113), 'VUS-ROC': np.float64(0.7164020317081606), 'Standard-F1': np.float64(0.17573170959394194), 'PA-F1': 0.5296185169309902, 'Event-based-F1': np.float64(0.2487349807717074), 'R-based-F1': 0.36877363797759977, 'Affiliation-F': 0.7143887201410113}
2026-02-08 17:37:22.542 | INFO     | src.pipelines.train_vision_backbones:run_pipeline:170 - Train images: 738
2026-02-08 17:37:22.542 | INFO     | src.pipelines.train_vision_backbones:run_pipeline:171 - Test images: 5596
2026-02-08 17:37:22.762 | INFO     | src.pipelines.train_vision_backbones:run_pipeline:176 - Training resnet18_autoencoder_frozen on RP
2026-02-08 17:37:22.776 | INFO     | src.models.resnet18_autoencoder.training:train_autoencoder_frozen:25 - Device: cuda | Model on: cuda:0
2026-02-08 17:37:51.259 | INFO     | src.pipelines.train_vision_backbones:run_pipeline:193 - Evaluating resnet18_autoencoder_frozen on RP
2026-02-08 17:37:56.502 | INFO     | src.models.evaluation:evaluate_tsb_ad_nonoverlapping:65 - Normal (105934) reconstruction error: mean=0.2233, std=0.2478
2026-02-08 17:37:56.502 | INFO     | src.models.evaluation:evaluate_tsb_ad_nonoverlapping:66 - Anomaly (6004) reconstruction error: mean=0.3617, std=0.2248
2026-02-08 17:37:56.502 | INFO     | src.models.evaluation:evaluate_tsb_ad_nonoverlapping:67 - Overlap? Normal max=1.0000, Anomaly min=0.0000
2026-02-08 17:38:34.753 | INFO     | src.models.evaluation:evaluate_tsb_ad_nonoverlapping:83 - {'AUC-PR': 0.08045573322202001, 'AUC-ROC': 0.6626254141847675, 'VUS-PR': np.float64(0.095512981711292), 'VUS-ROC': np.float64(0.7041482858215058), 'Standard-F1': np.float64(0.15733168949464904), 'PA-F1': 0.484912070343725, 'Event-based-F1': np.float64(0.1692281132660306), 'R-based-F1': 0.1314557378190058, 'Affiliation-F': 0.7354962328830761}
2026-02-08 17:38:34.915 | INFO     | src.pipelines.train_vision_backbones:run_pipeline:170 - Train images: 738
2026-02-08 17:38:34.915 | INFO     | src.pipelines.train_vision_backbones:run_pipeline:171 - Test images: 5596
2026-02-08 17:38:35.130 | INFO     | src.pipelines.train_vision_backbones:run_pipeline:176 - Training resnet18_autoencoder_progressive_unfreeze on RP
2026-02-08 17:38:35.144 | INFO     | src.models.resnet18_autoencoder.training:train_autoencoder_progressive_unfreeze:133 - Device: cuda | Model on: cuda:0
2026-02-08 17:39:06.744 | INFO     | src.pipelines.train_vision_backbones:run_pipeline:193 - Evaluating resnet18_autoencoder_progressive_unfreeze on RP
2026-02-08 17:39:12.371 | INFO     | src.models.evaluation:evaluate_tsb_ad_nonoverlapping:65 - Normal (105934) reconstruction error: mean=0.2427, std=0.2715
2026-02-08 17:39:12.371 | INFO     | src.models.evaluation:evaluate_tsb_ad_nonoverlapping:66 - Anomaly (6004) reconstruction error: mean=0.4012, std=0.2502
2026-02-08 17:39:12.371 | INFO     | src.models.evaluation:evaluate_tsb_ad_nonoverlapping:67 - Overlap? Normal max=1.0000, Anomaly min=0.0000
2026-02-08 17:39:52.192 | INFO     | src.models.evaluation:evaluate_tsb_ad_nonoverlapping:83 - {'AUC-PR': 0.08138734991955969, 'AUC-ROC': 0.6514841390501876, 'VUS-PR': np.float64(0.10115206521451277), 'VUS-ROC': np.float64(0.6995498286942906), 'Standard-F1': np.float64(0.16065307580735874), 'PA-F1': 0.44257281796761416, 'Event-based-F1': np.float64(0.1795811156424965), 'R-based-F1': 0.36877363797759977, 'Affiliation-F': 0.7188279881589721}
2026-02-08 17:39:52.357 | INFO     | src.pipelines.train_vision_backbones:run_pipeline:170 - Train images: 738
2026-02-08 17:39:52.358 | INFO     | src.pipelines.train_vision_backbones:run_pipeline:171 - Test images: 5596
2026-02-08 17:39:52.573 | INFO     | src.pipelines.train_vision_backbones:run_pipeline:176 - Training resnet18_autoencoder_differential_lr on RP
2026-02-08 17:39:52.586 | INFO     | src.models.resnet18_autoencoder.training:train_autoencoder_differential_lr:271 - Device: cuda | Model on: cuda:0
2026-02-08 17:40:40.098 | INFO     | src.pipelines.train_vision_backbones:run_pipeline:193 - Evaluating resnet18_autoencoder_differential_lr on RP
2026-02-08 17:40:45.158 | INFO     | src.models.evaluation:evaluate_tsb_ad_nonoverlapping:65 - Normal (105934) reconstruction error: mean=0.2452, std=0.2767
2026-02-08 17:40:45.159 | INFO     | src.models.evaluation:evaluate_tsb_ad_nonoverlapping:66 - Anomaly (6004) reconstruction error: mean=0.4064, std=0.2564
2026-02-08 17:40:45.159 | INFO     | src.models.evaluation:evaluate_tsb_ad_nonoverlapping:67 - Overlap? Normal max=1.0000, Anomaly min=0.0000
2026-02-08 17:41:25.489 | INFO     | src.models.evaluation:evaluate_tsb_ad_nonoverlapping:83 - {'AUC-PR': 0.08158685903308317, 'AUC-ROC': 0.6510059051890152, 'VUS-PR': np.float64(0.1024604384672974), 'VUS-ROC': np.float64(0.7002105569782094), 'Standard-F1': np.float64(0.16169298754152273), 'PA-F1': 0.5079895063200572, 'Event-based-F1': np.float64(0.1778870489550942), 'R-based-F1': 0.36877363797759977, 'Affiliation-F': 0.7248536303044951}
2026-02-08 17:41:25.659 | INFO     | src.pipelines.train_vision_backbones:run_pipeline:170 - Train images: 738
2026-02-08 17:41:25.659 | INFO     | src.pipelines.train_vision_backbones:run_pipeline:171 - Test images: 5596
2026-02-08 17:41:26.673 | INFO     | src.pipelines.train_vision_backbones:run_pipeline:176 - Training pvt_autoencoder_frozen on RP
2026-02-08 17:41:26.697 | INFO     | src.models.pvt_autoencoder.training:train_pvt_autoencoder_frozen:24 - Device: cuda | Model on: cuda:0
2026-02-08 17:42:22.653 | INFO     | src.pipelines.train_vision_backbones:run_pipeline:193 - Evaluating pvt_autoencoder_frozen on RP
2026-02-08 17:42:29.012 | INFO     | src.models.evaluation:evaluate_tsb_ad_nonoverlapping:65 - Normal (105934) reconstruction error: mean=0.2375, std=0.2619
2026-02-08 17:42:29.013 | INFO     | src.models.evaluation:evaluate_tsb_ad_nonoverlapping:66 - Anomaly (6004) reconstruction error: mean=0.3910, std=0.2416
2026-02-08 17:42:29.013 | INFO     | src.models.evaluation:evaluate_tsb_ad_nonoverlapping:67 - Overlap? Normal max=1.0000, Anomaly min=0.0000
2026-02-08 17:43:08.278 | INFO     | src.models.evaluation:evaluate_tsb_ad_nonoverlapping:83 - {'AUC-PR': 0.08495522539252917, 'AUC-ROC': 0.6493167147037752, 'VUS-PR': np.float64(0.0986596240045749), 'VUS-ROC': np.float64(0.6985718072319526), 'Standard-F1': np.float64(0.15716617959000248), 'PA-F1': 0.514282475629109, 'Event-based-F1': np.float64(0.18532818532818487), 'R-based-F1': 0.36877363797759977, 'Affiliation-F': 0.73047450138954}
2026-02-08 17:43:08.440 | INFO     | src.pipelines.train_vision_backbones:run_pipeline:170 - Train images: 738
2026-02-08 17:43:08.440 | INFO     | src.pipelines.train_vision_backbones:run_pipeline:171 - Test images: 5596
2026-02-08 17:43:09.390 | INFO     | src.pipelines.train_vision_backbones:run_pipeline:176 - Training pvt_autoencoder_progressive_unfreeze on RP
2026-02-08 17:43:09.414 | INFO     | src.models.pvt_autoencoder.training:train_pvt_autoencoder_progressive_unfreeze:132 - Device: cuda | Model on: cuda:0
2026-02-08 17:43:56.710 | INFO     | src.pipelines.train_vision_backbones:run_pipeline:193 - Evaluating pvt_autoencoder_progressive_unfreeze on RP
2026-02-08 17:44:02.432 | INFO     | src.models.evaluation:evaluate_tsb_ad_nonoverlapping:65 - Normal (105934) reconstruction error: mean=0.2011, std=0.2280
2026-02-08 17:44:02.433 | INFO     | src.models.evaluation:evaluate_tsb_ad_nonoverlapping:66 - Anomaly (6004) reconstruction error: mean=0.3344, std=0.2140
2026-02-08 17:44:02.433 | INFO     | src.models.evaluation:evaluate_tsb_ad_nonoverlapping:67 - Overlap? Normal max=1.0000, Anomaly min=0.0000
2026-02-08 17:44:38.686 | INFO     | src.models.evaluation:evaluate_tsb_ad_nonoverlapping:83 - {'AUC-PR': 0.08478236681804754, 'AUC-ROC': 0.6706006450008022, 'VUS-PR': np.float64(0.10556454515307592), 'VUS-ROC': np.float64(0.7129749627526053), 'Standard-F1': np.float64(0.15733168949464904), 'PA-F1': 0.48996694995278567, 'Event-based-F1': np.float64(0.184159391944537), 'R-based-F1': 0.1310060602934839, 'Affiliation-F': 0.7168909401026645}
2026-02-08 17:44:38.856 | INFO     | src.pipelines.train_vision_backbones:run_pipeline:170 - Train images: 738
2026-02-08 17:44:38.856 | INFO     | src.pipelines.train_vision_backbones:run_pipeline:171 - Test images: 5596
2026-02-08 17:44:39.796 | INFO     | src.pipelines.train_vision_backbones:run_pipeline:176 - Training pvt_autoencoder_differential_lr on RP
2026-02-08 17:44:39.823 | INFO     | src.models.pvt_autoencoder.training:train_pvt_autoencoder_differential_lr:267 - Device: cuda | Model on: cuda:0
2026-02-08 17:45:36.673 | INFO     | src.pipelines.train_vision_backbones:run_pipeline:193 - Evaluating pvt_autoencoder_differential_lr on RP
2026-02-08 17:45:42.401 | INFO     | src.models.evaluation:evaluate_tsb_ad_nonoverlapping:65 - Normal (105934) reconstruction error: mean=0.2271, std=0.2551
2026-02-08 17:45:42.402 | INFO     | src.models.evaluation:evaluate_tsb_ad_nonoverlapping:66 - Anomaly (6004) reconstruction error: mean=0.3783, std=0.2389
2026-02-08 17:45:42.402 | INFO     | src.models.evaluation:evaluate_tsb_ad_nonoverlapping:67 - Overlap? Normal max=1.0000, Anomaly min=0.0000
2026-02-08 17:46:21.764 | INFO     | src.models.evaluation:evaluate_tsb_ad_nonoverlapping:83 - {'AUC-PR': 0.08391652219888579, 'AUC-ROC': 0.6533596515985899, 'VUS-PR': np.float64(0.10533319636650358), 'VUS-ROC': np.float64(0.7030855962256427), 'Standard-F1': np.float64(0.16192219748506437), 'PA-F1': 0.5167701863354037, 'Event-based-F1': np.float64(0.18988309843767048), 'R-based-F1': 0.36877363797759977, 'Affiliation-F': 0.7152317637502705}
2026-02-08 17:46:23.807 | INFO     | src.pipelines.train_vision_backbones:run_pipeline:70 - Using zip: /net/scratch/hscra/plgrid/plgsmendowski12/ts2i_images/SVDB/248_SVDB_id_12_Medical_tr_18462_1st_18562_ts2i_RWT.zip for transformation RWT
2026-02-08 17:46:31.742 | INFO     | src.pipelines.train_vision_backbones:run_pipeline:170 - Train images: 738
2026-02-08 17:46:31.742 | INFO     | src.pipelines.train_vision_backbones:run_pipeline:171 - Test images: 5596
2026-02-08 17:46:31.749 | INFO     | src.pipelines.train_vision_backbones:run_pipeline:176 - Training cnn_autoencoder on RWT
2026-02-08 17:46:31.754 | INFO     | src.models.cnn_autoencoder.training:train_autoencoder:22 - Device: cuda | Model on: cuda:0
2026-02-08 17:47:20.165 | INFO     | src.pipelines.train_vision_backbones:run_pipeline:193 - Evaluating cnn_autoencoder on RWT
2026-02-08 17:47:25.167 | INFO     | src.models.evaluation:evaluate_tsb_ad_nonoverlapping:65 - Normal (105934) reconstruction error: mean=0.0070, std=0.0131
2026-02-08 17:47:25.167 | INFO     | src.models.evaluation:evaluate_tsb_ad_nonoverlapping:66 - Anomaly (6004) reconstruction error: mean=0.0725, std=0.1837
2026-02-08 17:47:25.167 | INFO     | src.models.evaluation:evaluate_tsb_ad_nonoverlapping:67 - Overlap? Normal max=0.1060, Anomaly min=0.0000
2026-02-08 17:47:45.450 | INFO     | src.models.evaluation:evaluate_tsb_ad_nonoverlapping:83 - {'AUC-PR': 0.23670347823280358, 'AUC-ROC': 0.6566765981413113, 'VUS-PR': np.float64(0.24049707380777846), 'VUS-ROC': np.float64(0.7195586966938087), 'Standard-F1': np.float64(0.241700506108276), 'PA-F1': 0.9422401685393258, 'Event-based-F1': np.float64(0.9077121652145848), 'R-based-F1': 0.4181690598223224, 'Affiliation-F': 0.8799495028735328}
2026-02-08 17:47:45.612 | INFO     | src.pipelines.train_vision_backbones:run_pipeline:170 - Train images: 738
2026-02-08 17:47:45.613 | INFO     | src.pipelines.train_vision_backbones:run_pipeline:171 - Test images: 5596
2026-02-08 17:47:45.828 | INFO     | src.pipelines.train_vision_backbones:run_pipeline:176 - Training resnet18_autoencoder_frozen on RWT
2026-02-08 17:47:45.841 | INFO     | src.models.resnet18_autoencoder.training:train_autoencoder_frozen:25 - Device: cuda | Model on: cuda:0
2026-02-08 17:48:12.623 | INFO     | src.pipelines.train_vision_backbones:run_pipeline:193 - Evaluating resnet18_autoencoder_frozen on RWT
2026-02-08 17:48:17.933 | INFO     | src.models.evaluation:evaluate_tsb_ad_nonoverlapping:65 - Normal (105934) reconstruction error: mean=0.0036, std=0.0072
2026-02-08 17:48:17.933 | INFO     | src.models.evaluation:evaluate_tsb_ad_nonoverlapping:66 - Anomaly (6004) reconstruction error: mean=0.0441, std=0.1159
2026-02-08 17:48:17.934 | INFO     | src.models.evaluation:evaluate_tsb_ad_nonoverlapping:67 - Overlap? Normal max=0.1409, Anomaly min=0.0001
2026-02-08 17:48:37.667 | INFO     | src.models.evaluation:evaluate_tsb_ad_nonoverlapping:83 - {'AUC-PR': 0.2704271749385183, 'AUC-ROC': 0.6889458952777493, 'VUS-PR': np.float64(0.2735184752819483), 'VUS-ROC': np.float64(0.7497968548591997), 'Standard-F1': np.float64(0.30228764011951215), 'PA-F1': 0.9173561071079086, 'Event-based-F1': np.float64(0.8723747980613887), 'R-based-F1': 0.3980167359970136, 'Affiliation-F': 0.8894061794092292}
2026-02-08 17:48:37.833 | INFO     | src.pipelines.train_vision_backbones:run_pipeline:170 - Train images: 738
2026-02-08 17:48:37.833 | INFO     | src.pipelines.train_vision_backbones:run_pipeline:171 - Test images: 5596
2026-02-08 17:48:38.046 | INFO     | src.pipelines.train_vision_backbones:run_pipeline:176 - Training resnet18_autoencoder_progressive_unfreeze on RWT
2026-02-08 17:48:38.060 | INFO     | src.models.resnet18_autoencoder.training:train_autoencoder_progressive_unfreeze:133 - Device: cuda | Model on: cuda:0
2026-02-08 17:49:09.192 | INFO     | src.pipelines.train_vision_backbones:run_pipeline:193 - Evaluating resnet18_autoencoder_progressive_unfreeze on RWT
2026-02-08 17:49:14.539 | INFO     | src.models.evaluation:evaluate_tsb_ad_nonoverlapping:65 - Normal (105934) reconstruction error: mean=0.0072, std=0.0150
2026-02-08 17:49:14.539 | INFO     | src.models.evaluation:evaluate_tsb_ad_nonoverlapping:66 - Anomaly (6004) reconstruction error: mean=0.0733, std=0.1738
2026-02-08 17:49:14.539 | INFO     | src.models.evaluation:evaluate_tsb_ad_nonoverlapping:67 - Overlap? Normal max=0.1552, Anomaly min=0.0002
2026-02-08 17:49:34.443 | INFO     | src.models.evaluation:evaluate_tsb_ad_nonoverlapping:83 - {'AUC-PR': 0.2600279349886114, 'AUC-ROC': 0.6752620046116982, 'VUS-PR': np.float64(0.25948309455350355), 'VUS-ROC': np.float64(0.7426009451233714), 'Standard-F1': np.float64(0.28442269881606413), 'PA-F1': 0.9357510243222038, 'Event-based-F1': np.float64(0.8817021276595738), 'R-based-F1': 0.413780400969348, 'Affiliation-F': 0.8752627215076775}
2026-02-08 17:49:34.607 | INFO     | src.pipelines.train_vision_backbones:run_pipeline:170 - Train images: 738
2026-02-08 17:49:34.607 | INFO     | src.pipelines.train_vision_backbones:run_pipeline:171 - Test images: 5596
2026-02-08 17:49:34.821 | INFO     | src.pipelines.train_vision_backbones:run_pipeline:176 - Training resnet18_autoencoder_differential_lr on RWT
2026-02-08 17:49:34.835 | INFO     | src.models.resnet18_autoencoder.training:train_autoencoder_differential_lr:271 - Device: cuda | Model on: cuda:0
2026-02-08 17:50:05.956 | INFO     | src.pipelines.train_vision_backbones:run_pipeline:193 - Evaluating resnet18_autoencoder_differential_lr on RWT
2026-02-08 17:50:10.373 | INFO     | src.models.evaluation:evaluate_tsb_ad_nonoverlapping:65 - Normal (105934) reconstruction error: mean=0.0088, std=0.0175
2026-02-08 17:50:10.373 | INFO     | src.models.evaluation:evaluate_tsb_ad_nonoverlapping:66 - Anomaly (6004) reconstruction error: mean=0.0859, std=0.1996
2026-02-08 17:50:10.373 | INFO     | src.models.evaluation:evaluate_tsb_ad_nonoverlapping:67 - Overlap? Normal max=0.2027, Anomaly min=0.0002
2026-02-08 17:50:30.821 | INFO     | src.models.evaluation:evaluate_tsb_ad_nonoverlapping:83 - {'AUC-PR': 0.261065886668111, 'AUC-ROC': 0.6870066653822782, 'VUS-PR': np.float64(0.2615973629278723), 'VUS-ROC': np.float64(0.7448769574276614), 'Standard-F1': np.float64(0.2819902318755226), 'PA-F1': 0.9248412138320395, 'Event-based-F1': np.float64(0.8666666666666661), 'R-based-F1': 0.40149118716339643, 'Affiliation-F': 0.8641718413902042}
2026-02-08 17:50:30.982 | INFO     | src.pipelines.train_vision_backbones:run_pipeline:170 - Train images: 738
2026-02-08 17:50:30.982 | INFO     | src.pipelines.train_vision_backbones:run_pipeline:171 - Test images: 5596
2026-02-08 17:50:31.924 | INFO     | src.pipelines.train_vision_backbones:run_pipeline:176 - Training pvt_autoencoder_frozen on RWT
2026-02-08 17:50:31.948 | INFO     | src.models.pvt_autoencoder.training:train_pvt_autoencoder_frozen:24 - Device: cuda | Model on: cuda:0
2026-02-08 17:51:04.522 | INFO     | src.pipelines.train_vision_backbones:run_pipeline:193 - Evaluating pvt_autoencoder_frozen on RWT
2026-02-08 17:51:08.239 | INFO     | src.models.evaluation:evaluate_tsb_ad_nonoverlapping:65 - Normal (105934) reconstruction error: mean=0.0068, std=0.0106
2026-02-08 17:51:08.239 | INFO     | src.models.evaluation:evaluate_tsb_ad_nonoverlapping:66 - Anomaly (6004) reconstruction error: mean=0.0818, std=0.2047
2026-02-08 17:51:08.240 | INFO     | src.models.evaluation:evaluate_tsb_ad_nonoverlapping:67 - Overlap? Normal max=0.1660, Anomaly min=0.0004
2026-02-08 17:51:28.413 | INFO     | src.models.evaluation:evaluate_tsb_ad_nonoverlapping:83 - {'AUC-PR': 0.27640500710286664, 'AUC-ROC': 0.6800487644142613, 'VUS-PR': np.float64(0.28037999736839553), 'VUS-ROC': np.float64(0.7409776533900478), 'Standard-F1': np.float64(0.29283242516091873), 'PA-F1': 0.9222788659332797, 'Event-based-F1': np.float64(0.8926305709611773), 'R-based-F1': 0.425495415170756, 'Affiliation-F': 0.8833543964769304}
2026-02-08 17:51:28.578 | INFO     | src.pipelines.train_vision_backbones:run_pipeline:170 - Train images: 738
2026-02-08 17:51:28.578 | INFO     | src.pipelines.train_vision_backbones:run_pipeline:171 - Test images: 5596
2026-02-08 17:51:29.549 | INFO     | src.pipelines.train_vision_backbones:run_pipeline:176 - Training pvt_autoencoder_progressive_unfreeze on RWT
2026-02-08 17:51:29.573 | INFO     | src.models.pvt_autoencoder.training:train_pvt_autoencoder_progressive_unfreeze:132 - Device: cuda | Model on: cuda:0
2026-02-08 17:51:52.647 | INFO     | src.pipelines.train_vision_backbones:run_pipeline:193 - Evaluating pvt_autoencoder_progressive_unfreeze on RWT
2026-02-08 17:51:56.225 | INFO     | src.models.evaluation:evaluate_tsb_ad_nonoverlapping:65 - Normal (105934) reconstruction error: mean=0.0054, std=0.0091
2026-02-08 17:51:56.225 | INFO     | src.models.evaluation:evaluate_tsb_ad_nonoverlapping:66 - Anomaly (6004) reconstruction error: mean=0.0411, std=0.1076
2026-02-08 17:51:56.225 | INFO     | src.models.evaluation:evaluate_tsb_ad_nonoverlapping:67 - Overlap? Normal max=0.0680, Anomaly min=0.0001
2026-02-08 17:52:16.056 | INFO     | src.models.evaluation:evaluate_tsb_ad_nonoverlapping:83 - {'AUC-PR': 0.22735184096616562, 'AUC-ROC': 0.6479513088404056, 'VUS-PR': np.float64(0.22484086066496675), 'VUS-ROC': np.float64(0.7093012722152758), 'Standard-F1': np.float64(0.23070042412094036), 'PA-F1': 0.914589800443459, 'Event-based-F1': np.float64(0.8852459016393437), 'R-based-F1': 0.4048929021108463, 'Affiliation-F': 0.8364576435159261}
2026-02-08 17:52:16.219 | INFO     | src.pipelines.train_vision_backbones:run_pipeline:170 - Train images: 738
2026-02-08 17:52:16.219 | INFO     | src.pipelines.train_vision_backbones:run_pipeline:171 - Test images: 5596
2026-02-08 17:52:17.183 | INFO     | src.pipelines.train_vision_backbones:run_pipeline:176 - Training pvt_autoencoder_differential_lr on RWT
2026-02-08 17:52:17.207 | INFO     | src.models.pvt_autoencoder.training:train_pvt_autoencoder_differential_lr:267 - Device: cuda | Model on: cuda:0
2026-02-08 17:52:55.847 | INFO     | src.pipelines.train_vision_backbones:run_pipeline:193 - Evaluating pvt_autoencoder_differential_lr on RWT
2026-02-08 17:52:59.382 | INFO     | src.models.evaluation:evaluate_tsb_ad_nonoverlapping:65 - Normal (105934) reconstruction error: mean=0.0062, std=0.0111
2026-02-08 17:52:59.383 | INFO     | src.models.evaluation:evaluate_tsb_ad_nonoverlapping:66 - Anomaly (6004) reconstruction error: mean=0.0657, std=0.1710
2026-02-08 17:52:59.383 | INFO     | src.models.evaluation:evaluate_tsb_ad_nonoverlapping:67 - Overlap? Normal max=0.0850, Anomaly min=0.0000
2026-02-08 17:53:19.559 | INFO     | src.models.evaluation:evaluate_tsb_ad_nonoverlapping:83 - {'AUC-PR': 0.2528327897607156, 'AUC-ROC': 0.6642254041575318, 'VUS-PR': np.float64(0.24826047635555698), 'VUS-ROC': np.float64(0.7232613945271605), 'Standard-F1': np.float64(0.2654455630670799), 'PA-F1': 0.9222788659332797, 'Event-based-F1': np.float64(0.8920790832388863), 'R-based-F1': 0.4179369540295369, 'Affiliation-F': 0.8739518290619301}
2026-02-08 17:53:22.399 | INFO     | src.pipelines.train_vision_backbones:run_pipeline:70 - Using zip: /net/scratch/hscra/plgrid/plgsmendowski12/ts2i_images/SVDB/248_SVDB_id_12_Medical_tr_18462_1st_18562_ts2i_MWT.zip for transformation MWT
2026-02-08 17:53:31.081 | INFO     | src.pipelines.train_vision_backbones:run_pipeline:170 - Train images: 738
2026-02-08 17:53:31.081 | INFO     | src.pipelines.train_vision_backbones:run_pipeline:171 - Test images: 5596
2026-02-08 17:53:31.088 | INFO     | src.pipelines.train_vision_backbones:run_pipeline:176 - Training cnn_autoencoder on MWT
2026-02-08 17:53:31.093 | INFO     | src.models.cnn_autoencoder.training:train_autoencoder:22 - Device: cuda | Model on: cuda:0
2026-02-08 17:54:24.550 | INFO     | src.pipelines.train_vision_backbones:run_pipeline:193 - Evaluating cnn_autoencoder on MWT
2026-02-08 17:54:29.573 | INFO     | src.models.evaluation:evaluate_tsb_ad_nonoverlapping:65 - Normal (105934) reconstruction error: mean=0.0043, std=0.0091
2026-02-08 17:54:29.574 | INFO     | src.models.evaluation:evaluate_tsb_ad_nonoverlapping:66 - Anomaly (6004) reconstruction error: mean=0.0615, std=0.1663
2026-02-08 17:54:29.574 | INFO     | src.models.evaluation:evaluate_tsb_ad_nonoverlapping:67 - Overlap? Normal max=0.1998, Anomaly min=0.0001
2026-02-08 17:54:49.360 | INFO     | src.models.evaluation:evaluate_tsb_ad_nonoverlapping:83 - {'AUC-PR': 0.2696636568217888, 'AUC-ROC': 0.708717338075332, 'VUS-PR': np.float64(0.2800905439706027), 'VUS-ROC': np.float64(0.7736954986678003), 'Standard-F1': np.float64(0.2738944284336231), 'PA-F1': 0.9316152939194879, 'Event-based-F1': np.float64(0.9026426232532393), 'R-based-F1': 0.4254578714831345, 'Affiliation-F': 0.8734965017370407}
2026-02-08 17:54:49.523 | INFO     | src.pipelines.train_vision_backbones:run_pipeline:170 - Train images: 738
2026-02-08 17:54:49.523 | INFO     | src.pipelines.train_vision_backbones:run_pipeline:171 - Test images: 5596
2026-02-08 17:54:49.738 | INFO     | src.pipelines.train_vision_backbones:run_pipeline:176 - Training resnet18_autoencoder_frozen on MWT
2026-02-08 17:54:49.752 | INFO     | src.models.resnet18_autoencoder.training:train_autoencoder_frozen:25 - Device: cuda | Model on: cuda:0
2026-02-08 17:55:21.331 | INFO     | src.pipelines.train_vision_backbones:run_pipeline:193 - Evaluating resnet18_autoencoder_frozen on MWT
2026-02-08 17:55:26.684 | INFO     | src.models.evaluation:evaluate_tsb_ad_nonoverlapping:65 - Normal (105934) reconstruction error: mean=0.0086, std=0.0229
2026-02-08 17:55:26.685 | INFO     | src.models.evaluation:evaluate_tsb_ad_nonoverlapping:66 - Anomaly (6004) reconstruction error: mean=0.0895, std=0.2017
2026-02-08 17:55:26.685 | INFO     | src.models.evaluation:evaluate_tsb_ad_nonoverlapping:67 - Overlap? Normal max=0.4114, Anomaly min=0.0001
2026-02-08 17:55:46.840 | INFO     | src.models.evaluation:evaluate_tsb_ad_nonoverlapping:83 - {'AUC-PR': 0.26973832015072463, 'AUC-ROC': 0.7216466673082319, 'VUS-PR': np.float64(0.2757806799771602), 'VUS-ROC': np.float64(0.7915592268309254), 'Standard-F1': np.float64(0.28055991265158686), 'PA-F1': 0.9252800943475697, 'Event-based-F1': np.float64(0.8712589867915058), 'R-based-F1': 0.38871082973333676, 'Affiliation-F': 0.8697360965006466}
2026-02-08 17:55:47.003 | INFO     | src.pipelines.train_vision_backbones:run_pipeline:170 - Train images: 738
2026-02-08 17:55:47.003 | INFO     | src.pipelines.train_vision_backbones:run_pipeline:171 - Test images: 5596
2026-02-08 17:55:47.217 | INFO     | src.pipelines.train_vision_backbones:run_pipeline:176 - Training resnet18_autoencoder_progressive_unfreeze on MWT
2026-02-08 17:55:47.231 | INFO     | src.models.resnet18_autoencoder.training:train_autoencoder_progressive_unfreeze:133 - Device: cuda | Model on: cuda:0
2026-02-08 17:56:26.481 | INFO     | src.pipelines.train_vision_backbones:run_pipeline:193 - Evaluating resnet18_autoencoder_progressive_unfreeze on MWT
2026-02-08 17:56:32.240 | INFO     | src.models.evaluation:evaluate_tsb_ad_nonoverlapping:65 - Normal (105934) reconstruction error: mean=0.0058, std=0.0151
2026-02-08 17:56:32.240 | INFO     | src.models.evaluation:evaluate_tsb_ad_nonoverlapping:66 - Anomaly (6004) reconstruction error: mean=0.0808, std=0.1874
2026-02-08 17:56:32.240 | INFO     | src.models.evaluation:evaluate_tsb_ad_nonoverlapping:67 - Overlap? Normal max=0.2684, Anomaly min=0.0001
2026-02-08 17:56:52.205 | INFO     | src.models.evaluation:evaluate_tsb_ad_nonoverlapping:83 - {'AUC-PR': 0.2802677938921791, 'AUC-ROC': 0.7240400377759626, 'VUS-PR': np.float64(0.28463355835368725), 'VUS-ROC': np.float64(0.7923031979278783), 'Standard-F1': np.float64(0.29207431051055405), 'PA-F1': 0.9342768686421937, 'Event-based-F1': np.float64(0.9079696394686901), 'R-based-F1': 0.4129006543829385, 'Affiliation-F': 0.867537236981735}
2026-02-08 17:56:52.372 | INFO     | src.pipelines.train_vision_backbones:run_pipeline:170 - Train images: 738
2026-02-08 17:56:52.372 | INFO     | src.pipelines.train_vision_backbones:run_pipeline:171 - Test images: 5596
2026-02-08 17:56:52.588 | INFO     | src.pipelines.train_vision_backbones:run_pipeline:176 - Training resnet18_autoencoder_differential_lr on MWT
2026-02-08 17:56:52.602 | INFO     | src.models.resnet18_autoencoder.training:train_autoencoder_differential_lr:271 - Device: cuda | Model on: cuda:0
2026-02-08 17:57:23.482 | INFO     | src.pipelines.train_vision_backbones:run_pipeline:193 - Evaluating resnet18_autoencoder_differential_lr on MWT
2026-02-08 17:57:28.939 | INFO     | src.models.evaluation:evaluate_tsb_ad_nonoverlapping:65 - Normal (105934) reconstruction error: mean=0.0074, std=0.0170
2026-02-08 17:57:28.939 | INFO     | src.models.evaluation:evaluate_tsb_ad_nonoverlapping:66 - Anomaly (6004) reconstruction error: mean=0.0788, std=0.1883
2026-02-08 17:57:28.939 | INFO     | src.models.evaluation:evaluate_tsb_ad_nonoverlapping:67 - Overlap? Normal max=0.2206, Anomaly min=0.0001
2026-02-08 17:57:49.218 | INFO     | src.models.evaluation:evaluate_tsb_ad_nonoverlapping:83 - {'AUC-PR': 0.2609353201394087, 'AUC-ROC': 0.7007548016742464, 'VUS-PR': np.float64(0.26089373082558553), 'VUS-ROC': np.float64(0.7673020996761086), 'Standard-F1': np.float64(0.27375729016695266), 'PA-F1': 0.9260038576187971, 'Event-based-F1': np.float64(0.8852459016393437), 'R-based-F1': 0.4047325557308383, 'Affiliation-F': 0.8610757541326001}
2026-02-08 17:57:49.383 | INFO     | src.pipelines.train_vision_backbones:run_pipeline:170 - Train images: 738
2026-02-08 17:57:49.383 | INFO     | src.pipelines.train_vision_backbones:run_pipeline:171 - Test images: 5596
2026-02-08 17:57:50.365 | INFO     | src.pipelines.train_vision_backbones:run_pipeline:176 - Training pvt_autoencoder_frozen on MWT
2026-02-08 17:57:50.389 | INFO     | src.models.pvt_autoencoder.training:train_pvt_autoencoder_frozen:24 - Device: cuda | Model on: cuda:0
2026-02-08 17:58:29.958 | INFO     | src.pipelines.train_vision_backbones:run_pipeline:193 - Evaluating pvt_autoencoder_frozen on MWT
2026-02-08 17:58:36.469 | INFO     | src.models.evaluation:evaluate_tsb_ad_nonoverlapping:65 - Normal (105934) reconstruction error: mean=0.0064, std=0.0150
2026-02-08 17:58:36.469 | INFO     | src.models.evaluation:evaluate_tsb_ad_nonoverlapping:66 - Anomaly (6004) reconstruction error: mean=0.0975, std=0.2164
2026-02-08 17:58:36.469 | INFO     | src.models.evaluation:evaluate_tsb_ad_nonoverlapping:67 - Overlap? Normal max=0.3263, Anomaly min=0.0001
2026-02-08 17:58:56.832 | INFO     | src.models.evaluation:evaluate_tsb_ad_nonoverlapping:83 - {'AUC-PR': 0.30171399490068923, 'AUC-ROC': 0.7167034520645494, 'VUS-PR': np.float64(0.31280613199020896), 'VUS-ROC': np.float64(0.7824572687989618), 'Standard-F1': np.float64(0.3094714102308766), 'PA-F1': 0.9575519945448346, 'Event-based-F1': np.float64(0.9090571180770655), 'R-based-F1': 0.4417859100013565, 'Affiliation-F': 0.9003265006721625}
2026-02-08 17:58:56.998 | INFO     | src.pipelines.train_vision_backbones:run_pipeline:170 - Train images: 738
2026-02-08 17:58:56.998 | INFO     | src.pipelines.train_vision_backbones:run_pipeline:171 - Test images: 5596
2026-02-08 17:58:57.966 | INFO     | src.pipelines.train_vision_backbones:run_pipeline:176 - Training pvt_autoencoder_progressive_unfreeze on MWT
2026-02-08 17:58:57.990 | INFO     | src.models.pvt_autoencoder.training:train_pvt_autoencoder_progressive_unfreeze:132 - Device: cuda | Model on: cuda:0
2026-02-08 17:59:45.568 | INFO     | src.pipelines.train_vision_backbones:run_pipeline:193 - Evaluating pvt_autoencoder_progressive_unfreeze on MWT
2026-02-08 17:59:52.057 | INFO     | src.models.evaluation:evaluate_tsb_ad_nonoverlapping:65 - Normal (105934) reconstruction error: mean=0.0049, std=0.0105
2026-02-08 17:59:52.057 | INFO     | src.models.evaluation:evaluate_tsb_ad_nonoverlapping:66 - Anomaly (6004) reconstruction error: mean=0.0698, std=0.1734
2026-02-08 17:59:52.057 | INFO     | src.models.evaluation:evaluate_tsb_ad_nonoverlapping:67 - Overlap? Normal max=0.1997, Anomaly min=0.0001
2026-02-08 18:00:11.913 | INFO     | src.models.evaluation:evaluate_tsb_ad_nonoverlapping:83 - {'AUC-PR': 0.2772354050691381, 'AUC-ROC': 0.717859137514091, 'VUS-PR': np.float64(0.28311004448817895), 'VUS-ROC': np.float64(0.7837563994539878), 'Standard-F1': np.float64(0.27624724512115073), 'PA-F1': 0.9316135312728158, 'Event-based-F1': np.float64(0.9025879029410275), 'R-based-F1': 0.4237083731930302, 'Affiliation-F': 0.866378975036581}
2026-02-08 18:00:12.080 | INFO     | src.pipelines.train_vision_backbones:run_pipeline:170 - Train images: 738
2026-02-08 18:00:12.080 | INFO     | src.pipelines.train_vision_backbones:run_pipeline:171 - Test images: 5596
2026-02-08 18:00:13.045 | INFO     | src.pipelines.train_vision_backbones:run_pipeline:176 - Training pvt_autoencoder_differential_lr on MWT
2026-02-08 18:00:13.069 | INFO     | src.models.pvt_autoencoder.training:train_pvt_autoencoder_differential_lr:267 - Device: cuda | Model on: cuda:0
2026-02-08 18:01:06.917 | INFO     | src.pipelines.train_vision_backbones:run_pipeline:193 - Evaluating pvt_autoencoder_differential_lr on MWT
2026-02-08 18:01:12.942 | INFO     | src.models.evaluation:evaluate_tsb_ad_nonoverlapping:65 - Normal (105934) reconstruction error: mean=0.0058, std=0.0125
2026-02-08 18:01:12.942 | INFO     | src.models.evaluation:evaluate_tsb_ad_nonoverlapping:66 - Anomaly (6004) reconstruction error: mean=0.0764, std=0.1883
2026-02-08 18:01:12.942 | INFO     | src.models.evaluation:evaluate_tsb_ad_nonoverlapping:67 - Overlap? Normal max=0.3028, Anomaly min=0.0001
2026-02-08 18:01:33.360 | INFO     | src.models.evaluation:evaluate_tsb_ad_nonoverlapping:83 - {'AUC-PR': 0.27327712884743766, 'AUC-ROC': 0.7122131353089294, 'VUS-PR': np.float64(0.28125703771359023), 'VUS-ROC': np.float64(0.7762755646232059), 'Standard-F1': np.float64(0.28830079937860426), 'PA-F1': 0.9454186218819461, 'Event-based-F1': np.float64(0.9199721987787315), 'R-based-F1': 0.42071604772588583, 'Affiliation-F': 0.8723037796852541}
2026-02-08 18:01:35.085 | INFO     | src.pipelines.train_vision_backbones:run_pipeline:70 - Using zip: /net/scratch/hscra/plgrid/plgsmendowski12/ts2i_images/SVDB/248_SVDB_id_12_Medical_tr_18462_1st_18562_ts2i_SPIRAL.zip for transformation SPIRAL
2026-02-08 18:01:42.745 | INFO     | src.pipelines.train_vision_backbones:run_pipeline:170 - Train images: 738
2026-02-08 18:01:42.745 | INFO     | src.pipelines.train_vision_backbones:run_pipeline:171 - Test images: 5596
2026-02-08 18:01:42.752 | INFO     | src.pipelines.train_vision_backbones:run_pipeline:176 - Training cnn_autoencoder on SPIRAL
2026-02-08 18:01:42.757 | INFO     | src.models.cnn_autoencoder.training:train_autoencoder:22 - Device: cuda | Model on: cuda:0
2026-02-08 18:02:33.612 | INFO     | src.pipelines.train_vision_backbones:run_pipeline:193 - Evaluating cnn_autoencoder on SPIRAL
2026-02-08 18:02:38.889 | INFO     | src.models.evaluation:evaluate_tsb_ad_nonoverlapping:65 - Normal (105934) reconstruction error: mean=0.0361, std=0.0630
2026-02-08 18:02:38.889 | INFO     | src.models.evaluation:evaluate_tsb_ad_nonoverlapping:66 - Anomaly (6004) reconstruction error: mean=0.1358, std=0.1654
2026-02-08 18:02:38.890 | INFO     | src.models.evaluation:evaluate_tsb_ad_nonoverlapping:67 - Overlap? Normal max=1.0000, Anomaly min=0.0003
2026-02-08 18:03:01.356 | INFO     | src.models.evaluation:evaluate_tsb_ad_nonoverlapping:83 - {'AUC-PR': 0.255239994219892, 'AUC-ROC': 0.7356202937665598, 'VUS-PR': np.float64(0.2893853338345026), 'VUS-ROC': np.float64(0.8005784978946887), 'Standard-F1': np.float64(0.3402426590478444), 'PA-F1': 0.8233481961897041, 'Event-based-F1': np.float64(0.678677278129654), 'R-based-F1': 0.4153937484668056, 'Affiliation-F': 0.8763035309153304}
2026-02-08 18:03:01.518 | INFO     | src.pipelines.train_vision_backbones:run_pipeline:170 - Train images: 738
2026-02-08 18:03:01.518 | INFO     | src.pipelines.train_vision_backbones:run_pipeline:171 - Test images: 5596
2026-02-08 18:03:01.732 | INFO     | src.pipelines.train_vision_backbones:run_pipeline:176 - Training resnet18_autoencoder_frozen on SPIRAL
2026-02-08 18:03:01.746 | INFO     | src.models.resnet18_autoencoder.training:train_autoencoder_frozen:25 - Device: cuda | Model on: cuda:0
2026-02-08 18:03:42.416 | INFO     | src.pipelines.train_vision_backbones:run_pipeline:193 - Evaluating resnet18_autoencoder_frozen on SPIRAL
2026-02-08 18:03:47.992 | INFO     | src.models.evaluation:evaluate_tsb_ad_nonoverlapping:65 - Normal (105934) reconstruction error: mean=0.0177, std=0.0331
2026-02-08 18:03:47.993 | INFO     | src.models.evaluation:evaluate_tsb_ad_nonoverlapping:66 - Anomaly (6004) reconstruction error: mean=0.1383, std=0.1855
2026-02-08 18:03:47.993 | INFO     | src.models.evaluation:evaluate_tsb_ad_nonoverlapping:67 - Overlap? Normal max=1.0000, Anomaly min=0.0003
2026-02-08 18:04:09.054 | INFO     | src.models.evaluation:evaluate_tsb_ad_nonoverlapping:83 - {'AUC-PR': 0.3998833679702881, 'AUC-ROC': 0.7551561933770763, 'VUS-PR': np.float64(0.43024031945629165), 'VUS-ROC': np.float64(0.8247497917234724), 'Standard-F1': np.float64(0.46052147623240147), 'PA-F1': 0.9122249582969258, 'Event-based-F1': np.float64(0.8662150719729037), 'R-based-F1': 0.505288257966077, 'Affiliation-F': 0.9193911406513213}
2026-02-08 18:04:09.221 | INFO     | src.pipelines.train_vision_backbones:run_pipeline:170 - Train images: 738
2026-02-08 18:04:09.222 | INFO     | src.pipelines.train_vision_backbones:run_pipeline:171 - Test images: 5596
2026-02-08 18:04:09.437 | INFO     | src.pipelines.train_vision_backbones:run_pipeline:176 - Training resnet18_autoencoder_progressive_unfreeze on SPIRAL
2026-02-08 18:04:09.450 | INFO     | src.models.resnet18_autoencoder.training:train_autoencoder_progressive_unfreeze:133 - Device: cuda | Model on: cuda:0
2026-02-08 18:04:47.039 | INFO     | src.pipelines.train_vision_backbones:run_pipeline:193 - Evaluating resnet18_autoencoder_progressive_unfreeze on SPIRAL
2026-02-08 18:04:52.952 | INFO     | src.models.evaluation:evaluate_tsb_ad_nonoverlapping:65 - Normal (105934) reconstruction error: mean=0.0225, std=0.0384
2026-02-08 18:04:52.952 | INFO     | src.models.evaluation:evaluate_tsb_ad_nonoverlapping:66 - Anomaly (6004) reconstruction error: mean=0.1406, std=0.1722
2026-02-08 18:04:52.952 | INFO     | src.models.evaluation:evaluate_tsb_ad_nonoverlapping:67 - Overlap? Normal max=1.0000, Anomaly min=0.0001
2026-02-08 18:05:14.352 | INFO     | src.models.evaluation:evaluate_tsb_ad_nonoverlapping:83 - {'AUC-PR': 0.4075564824427606, 'AUC-ROC': 0.7409029187368646, 'VUS-PR': np.float64(0.4322642631833481), 'VUS-ROC': np.float64(0.8109747280708127), 'Standard-F1': np.float64(0.44193498359595657), 'PA-F1': 0.9349081364829396, 'Event-based-F1': np.float64(0.8946801283703055), 'R-based-F1': 0.5175865051842906, 'Affiliation-F': 0.9063501645352693}
2026-02-08 18:05:14.515 | INFO     | src.pipelines.train_vision_backbones:run_pipeline:170 - Train images: 738
2026-02-08 18:05:14.515 | INFO     | src.pipelines.train_vision_backbones:run_pipeline:171 - Test images: 5596
2026-02-08 18:05:14.731 | INFO     | src.pipelines.train_vision_backbones:run_pipeline:176 - Training resnet18_autoencoder_differential_lr on SPIRAL
2026-02-08 18:05:14.745 | INFO     | src.models.resnet18_autoencoder.training:train_autoencoder_differential_lr:271 - Device: cuda | Model on: cuda:0
2026-02-08 18:05:50.549 | INFO     | src.pipelines.train_vision_backbones:run_pipeline:193 - Evaluating resnet18_autoencoder_differential_lr on SPIRAL
2026-02-08 18:05:56.185 | INFO     | src.models.evaluation:evaluate_tsb_ad_nonoverlapping:65 - Normal (105934) reconstruction error: mean=0.0259, std=0.0429
2026-02-08 18:05:56.185 | INFO     | src.models.evaluation:evaluate_tsb_ad_nonoverlapping:66 - Anomaly (6004) reconstruction error: mean=0.1471, std=0.1812
2026-02-08 18:05:56.185 | INFO     | src.models.evaluation:evaluate_tsb_ad_nonoverlapping:67 - Overlap? Normal max=1.0000, Anomaly min=0.0003
2026-02-08 18:06:18.471 | INFO     | src.models.evaluation:evaluate_tsb_ad_nonoverlapping:83 - {'AUC-PR': 0.40370820520898754, 'AUC-ROC': 0.7402107382310761, 'VUS-PR': np.float64(0.4257783489500357), 'VUS-ROC': np.float64(0.8041589763134676), 'Standard-F1': np.float64(0.44912154967558715), 'PA-F1': 0.9408487629034901, 'Event-based-F1': np.float64(0.8842405272667119), 'R-based-F1': 0.5179559474590816, 'Affiliation-F': 0.919047884741395}
2026-02-08 18:06:18.637 | INFO     | src.pipelines.train_vision_backbones:run_pipeline:170 - Train images: 738
2026-02-08 18:06:18.637 | INFO     | src.pipelines.train_vision_backbones:run_pipeline:171 - Test images: 5596
2026-02-08 18:06:19.582 | INFO     | src.pipelines.train_vision_backbones:run_pipeline:176 - Training pvt_autoencoder_frozen on SPIRAL
2026-02-08 18:06:19.607 | INFO     | src.models.pvt_autoencoder.training:train_pvt_autoencoder_frozen:24 - Device: cuda | Model on: cuda:0
2026-02-08 18:06:59.758 | INFO     | src.pipelines.train_vision_backbones:run_pipeline:193 - Evaluating pvt_autoencoder_frozen on SPIRAL
2026-02-08 18:07:05.818 | INFO     | src.models.evaluation:evaluate_tsb_ad_nonoverlapping:65 - Normal (105934) reconstruction error: mean=0.0109, std=0.0180
2026-02-08 18:07:05.818 | INFO     | src.models.evaluation:evaluate_tsb_ad_nonoverlapping:66 - Anomaly (6004) reconstruction error: mean=0.0983, std=0.1432
2026-02-08 18:07:05.818 | INFO     | src.models.evaluation:evaluate_tsb_ad_nonoverlapping:67 - Overlap? Normal max=0.4535, Anomaly min=0.0002
2026-02-08 18:07:25.692 | INFO     | src.models.evaluation:evaluate_tsb_ad_nonoverlapping:83 - {'AUC-PR': 0.4394720833430006, 'AUC-ROC': 0.7561114410268422, 'VUS-PR': np.float64(0.4666390516985316), 'VUS-ROC': np.float64(0.8254042677042696), 'Standard-F1': np.float64(0.4752903019979409), 'PA-F1': 0.9388611912883758, 'Event-based-F1': np.float64(0.8988580750407824), 'R-based-F1': 0.5170302761950916, 'Affiliation-F': 0.9300250707442935}
2026-02-08 18:07:25.853 | INFO     | src.pipelines.train_vision_backbones:run_pipeline:170 - Train images: 738
2026-02-08 18:07:25.853 | INFO     | src.pipelines.train_vision_backbones:run_pipeline:171 - Test images: 5596
2026-02-08 18:07:26.790 | INFO     | src.pipelines.train_vision_backbones:run_pipeline:176 - Training pvt_autoencoder_progressive_unfreeze on SPIRAL
2026-02-08 18:07:26.814 | INFO     | src.models.pvt_autoencoder.training:train_pvt_autoencoder_progressive_unfreeze:132 - Device: cuda | Model on: cuda:0
2026-02-08 18:08:19.337 | INFO     | src.pipelines.train_vision_backbones:run_pipeline:193 - Evaluating pvt_autoencoder_progressive_unfreeze on SPIRAL
2026-02-08 18:08:25.356 | INFO     | src.models.evaluation:evaluate_tsb_ad_nonoverlapping:65 - Normal (105934) reconstruction error: mean=0.0252, std=0.0462
2026-02-08 18:08:25.356 | INFO     | src.models.evaluation:evaluate_tsb_ad_nonoverlapping:66 - Anomaly (6004) reconstruction error: mean=0.1449, std=0.1851
2026-02-08 18:08:25.356 | INFO     | src.models.evaluation:evaluate_tsb_ad_nonoverlapping:67 - Overlap? Normal max=1.0000, Anomaly min=0.0003
2026-02-08 18:08:47.191 | INFO     | src.models.evaluation:evaluate_tsb_ad_nonoverlapping:83 - {'AUC-PR': 0.3651193286582198, 'AUC-ROC': 0.7333706308682111, 'VUS-PR': np.float64(0.3896150484667798), 'VUS-ROC': np.float64(0.8034004246167965), 'Standard-F1': np.float64(0.4173664517885815), 'PA-F1': 0.9281955525377695, 'Event-based-F1': np.float64(0.858255451713395), 'R-based-F1': 0.4814286031170618, 'Affiliation-F': 0.8845784563402729}
2026-02-08 18:08:47.358 | INFO     | src.pipelines.train_vision_backbones:run_pipeline:170 - Train images: 738
2026-02-08 18:08:47.359 | INFO     | src.pipelines.train_vision_backbones:run_pipeline:171 - Test images: 5596
2026-02-08 18:08:48.300 | INFO     | src.pipelines.train_vision_backbones:run_pipeline:176 - Training pvt_autoencoder_differential_lr on SPIRAL
2026-02-08 18:08:48.324 | INFO     | src.models.pvt_autoencoder.training:train_pvt_autoencoder_differential_lr:267 - Device: cuda | Model on: cuda:0
2026-02-08 18:09:56.030 | INFO     | src.pipelines.train_vision_backbones:run_pipeline:193 - Evaluating pvt_autoencoder_differential_lr on SPIRAL
2026-02-08 18:10:01.719 | INFO     | src.models.evaluation:evaluate_tsb_ad_nonoverlapping:65 - Normal (105934) reconstruction error: mean=0.0292, std=0.0498
2026-02-08 18:10:01.719 | INFO     | src.models.evaluation:evaluate_tsb_ad_nonoverlapping:66 - Anomaly (6004) reconstruction error: mean=0.1598, std=0.2045
2026-02-08 18:10:01.719 | INFO     | src.models.evaluation:evaluate_tsb_ad_nonoverlapping:67 - Overlap? Normal max=0.8356, Anomaly min=0.0002
2026-02-08 18:10:24.022 | INFO     | src.models.evaluation:evaluate_tsb_ad_nonoverlapping:83 - {'AUC-PR': 0.3663139426883803, 'AUC-ROC': 0.7336934784240289, 'VUS-PR': np.float64(0.3983293957874329), 'VUS-ROC': np.float64(0.80464327852845), 'Standard-F1': np.float64(0.4213566546394215), 'PA-F1': 0.9383886255924171, 'Event-based-F1': np.float64(0.8534268789092228), 'R-based-F1': 0.49318862797993834, 'Affiliation-F': 0.9276676681935854}
2026-02-08 18:10:25.675 | INFO     | src.pipelines.train_vision_backbones:run_pipeline:70 - Using zip: /net/scratch/hscra/plgrid/plgsmendowski12/ts2i_images/SVDB/249_SVDB_id_13_Medical_tr_50000_1st_54982_ts2i_RN.zip for transformation RN
2026-02-08 18:10:36.558 | INFO     | src.pipelines.train_vision_backbones:run_pipeline:170 - Train images: 1428
2026-02-08 18:10:36.559 | INFO     | src.pipelines.train_vision_backbones:run_pipeline:171 - Test images: 6442
2026-02-08 18:10:36.565 | INFO     | src.pipelines.train_vision_backbones:run_pipeline:176 - Training cnn_autoencoder on RN
2026-02-08 18:10:36.570 | INFO     | src.models.cnn_autoencoder.training:train_autoencoder:22 - Device: cuda | Model on: cuda:0
2026-02-08 18:12:36.170 | INFO     | src.pipelines.train_vision_backbones:run_pipeline:193 - Evaluating cnn_autoencoder on RN
2026-02-08 18:12:41.845 | INFO     | src.models.evaluation:evaluate_tsb_ad_nonoverlapping:65 - Normal (171822) reconstruction error: mean=0.6783, std=0.4297
2026-02-08 18:12:41.845 | INFO     | src.models.evaluation:evaluate_tsb_ad_nonoverlapping:66 - Anomaly (8578) reconstruction error: mean=0.8179, std=0.3308
2026-02-08 18:12:41.845 | INFO     | src.models.evaluation:evaluate_tsb_ad_nonoverlapping:67 - Overlap? Normal max=1.0000, Anomaly min=0.0000
2026-02-08 18:14:33.021 | INFO     | src.models.evaluation:evaluate_tsb_ad_nonoverlapping:83 - {'AUC-PR': 0.05517402767754244, 'AUC-ROC': 0.5722785118931566, 'VUS-PR': np.float64(0.07549216051995852), 'VUS-ROC': np.float64(0.5863561536666386), 'Standard-F1': np.float64(0.11354713663282748), 'PA-F1': 0.24503768844221105, 'Event-based-F1': np.float64(0.11301691639360946), 'R-based-F1': 0.10834956643444674, 'Affiliation-F': 0.6775488522642376}
2026-02-08 18:14:33.327 | INFO     | src.pipelines.train_vision_backbones:run_pipeline:170 - Train images: 1428
2026-02-08 18:14:33.327 | INFO     | src.pipelines.train_vision_backbones:run_pipeline:171 - Test images: 6442
2026-02-08 18:14:33.646 | INFO     | src.pipelines.train_vision_backbones:run_pipeline:176 - Training resnet18_autoencoder_frozen on RN
2026-02-08 18:14:33.666 | INFO     | src.models.resnet18_autoencoder.training:train_autoencoder_frozen:25 - Device: cuda | Model on: cuda:0
2026-02-08 18:16:46.945 | INFO     | src.pipelines.train_vision_backbones:run_pipeline:193 - Evaluating resnet18_autoencoder_frozen on RN
2026-02-08 18:18:38.220 | INFO     | src.models.evaluation:evaluate_tsb_ad_nonoverlapping:65 - Normal (171822) reconstruction error: mean=0.6206, std=0.3927
2026-02-08 18:18:38.220 | INFO     | src.models.evaluation:evaluate_tsb_ad_nonoverlapping:66 - Anomaly (8578) reconstruction error: mean=0.7507, std=0.3046
2026-02-08 18:18:38.221 | INFO     | src.models.evaluation:evaluate_tsb_ad_nonoverlapping:67 - Overlap? Normal max=1.0000, Anomaly min=0.0008
2026-02-08 18:20:23.526 | INFO     | src.models.evaluation:evaluate_tsb_ad_nonoverlapping:83 - {'AUC-PR': 0.06221401889813482, 'AUC-ROC': 0.5911580895343284, 'VUS-PR': np.float64(0.08598563011206803), 'VUS-ROC': np.float64(0.608479384845142), 'Standard-F1': np.float64(0.11401285150301466), 'PA-F1': 0.2851474235326536, 'Event-based-F1': np.float64(0.1423752471792482), 'R-based-F1': 0.10074250704674399, 'Affiliation-F': 0.6841065942231055}
2026-02-08 18:20:23.692 | INFO     | src.pipelines.train_vision_backbones:run_pipeline:170 - Train images: 1428
2026-02-08 18:20:23.692 | INFO     | src.pipelines.train_vision_backbones:run_pipeline:171 - Test images: 6442
2026-02-08 18:20:23.914 | INFO     | src.pipelines.train_vision_backbones:run_pipeline:176 - Training resnet18_autoencoder_progressive_unfreeze on RN
2026-02-08 18:20:23.930 | INFO     | src.models.resnet18_autoencoder.training:train_autoencoder_progressive_unfreeze:133 - Device: cuda | Model on: cuda:0
2026-02-08 18:22:45.888 | INFO     | src.pipelines.train_vision_backbones:run_pipeline:193 - Evaluating resnet18_autoencoder_progressive_unfreeze on RN
2026-02-08 18:22:52.497 | INFO     | src.models.evaluation:evaluate_tsb_ad_nonoverlapping:65 - Normal (171822) reconstruction error: mean=0.6629, std=0.4177
2026-02-08 18:22:52.498 | INFO     | src.models.evaluation:evaluate_tsb_ad_nonoverlapping:66 - Anomaly (8578) reconstruction error: mean=0.7982, std=0.3223
2026-02-08 18:22:52.498 | INFO     | src.models.evaluation:evaluate_tsb_ad_nonoverlapping:67 - Overlap? Normal max=1.0000, Anomaly min=0.0015
2026-02-08 18:24:41.308 | INFO     | src.models.evaluation:evaluate_tsb_ad_nonoverlapping:83 - {'AUC-PR': 0.05680352614965717, 'AUC-ROC': 0.581177452700587, 'VUS-PR': np.float64(0.07765780553550393), 'VUS-ROC': np.float64(0.592517213458815), 'Standard-F1': np.float64(0.12236474739315975), 'PA-F1': 0.2419135530574334, 'Event-based-F1': np.float64(0.12171340645803748), 'R-based-F1': 0.14997739357396503, 'Affiliation-F': 0.6772327316536554}
2026-02-08 18:24:41.474 | INFO     | src.pipelines.train_vision_backbones:run_pipeline:170 - Train images: 1428
2026-02-08 18:24:41.474 | INFO     | src.pipelines.train_vision_backbones:run_pipeline:171 - Test images: 6442
2026-02-08 18:24:41.684 | INFO     | src.pipelines.train_vision_backbones:run_pipeline:176 - Training resnet18_autoencoder_differential_lr on RN
2026-02-08 18:24:41.698 | INFO     | src.models.resnet18_autoencoder.training:train_autoencoder_differential_lr:271 - Device: cuda | Model on: cuda:0
2026-02-08 18:26:52.491 | INFO     | src.pipelines.train_vision_backbones:run_pipeline:193 - Evaluating resnet18_autoencoder_differential_lr on RN
2026-02-08 18:26:59.843 | INFO     | src.models.evaluation:evaluate_tsb_ad_nonoverlapping:65 - Normal (171822) reconstruction error: mean=0.6692, std=0.4232
2026-02-08 18:26:59.843 | INFO     | src.models.evaluation:evaluate_tsb_ad_nonoverlapping:66 - Anomaly (8578) reconstruction error: mean=0.8062, std=0.3263
2026-02-08 18:26:59.843 | INFO     | src.models.evaluation:evaluate_tsb_ad_nonoverlapping:67 - Overlap? Normal max=1.0000, Anomaly min=0.0000
2026-02-08 18:28:48.304 | INFO     | src.models.evaluation:evaluate_tsb_ad_nonoverlapping:83 - {'AUC-PR': 0.05847193063534844, 'AUC-ROC': 0.5762026307004766, 'VUS-PR': np.float64(0.07960362643606517), 'VUS-ROC': np.float64(0.5889522477029773), 'Standard-F1': np.float64(0.11436706020479633), 'PA-F1': 0.2401842793177524, 'Event-based-F1': np.float64(0.12367525825360605), 'R-based-F1': 0.1551605691188825, 'Affiliation-F': 0.6772939018744374}
2026-02-08 18:28:48.473 | INFO     | src.pipelines.train_vision_backbones:run_pipeline:170 - Train images: 1428
2026-02-08 18:28:48.473 | INFO     | src.pipelines.train_vision_backbones:run_pipeline:171 - Test images: 6442
2026-02-08 18:28:49.508 | INFO     | src.pipelines.train_vision_backbones:run_pipeline:176 - Training pvt_autoencoder_frozen on RN
2026-02-08 18:28:49.534 | INFO     | src.models.pvt_autoencoder.training:train_pvt_autoencoder_frozen:24 - Device: cuda | Model on: cuda:0
2026-02-08 18:30:34.927 | INFO     | src.pipelines.train_vision_backbones:run_pipeline:193 - Evaluating pvt_autoencoder_frozen on RN
2026-02-08 18:30:42.563 | INFO     | src.models.evaluation:evaluate_tsb_ad_nonoverlapping:65 - Normal (171822) reconstruction error: mean=0.6683, std=0.4211
2026-02-08 18:30:42.564 | INFO     | src.models.evaluation:evaluate_tsb_ad_nonoverlapping:66 - Anomaly (8578) reconstruction error: mean=0.8030, std=0.3235
2026-02-08 18:30:42.564 | INFO     | src.models.evaluation:evaluate_tsb_ad_nonoverlapping:67 - Overlap? Normal max=1.0000, Anomaly min=0.0000
2026-02-08 18:32:31.881 | INFO     | src.models.evaluation:evaluate_tsb_ad_nonoverlapping:83 - {'AUC-PR': 0.05163528136796377, 'AUC-ROC': 0.5615091372993082, 'VUS-PR': np.float64(0.0726177314097971), 'VUS-ROC': np.float64(0.5765910783974182), 'Standard-F1': np.float64(0.10979810365135086), 'PA-F1': 0.23339206135350812, 'Event-based-F1': np.float64(0.10927460185294934), 'R-based-F1': 0.130059064828585, 'Affiliation-F': 0.6770443435524052}
2026-02-08 18:32:32.052 | INFO     | src.pipelines.train_vision_backbones:run_pipeline:170 - Train images: 1428
2026-02-08 18:32:32.052 | INFO     | src.pipelines.train_vision_backbones:run_pipeline:171 - Test images: 6442
2026-02-08 18:32:33.023 | INFO     | src.pipelines.train_vision_backbones:run_pipeline:176 - Training pvt_autoencoder_progressive_unfreeze on RN
2026-02-08 18:32:33.049 | INFO     | src.models.pvt_autoencoder.training:train_pvt_autoencoder_progressive_unfreeze:132 - Device: cuda | Model on: cuda:0
2026-02-08 18:33:16.778 | INFO     | src.pipelines.train_vision_backbones:run_pipeline:193 - Evaluating pvt_autoencoder_progressive_unfreeze on RN
2026-02-08 18:33:24.172 | INFO     | src.models.evaluation:evaluate_tsb_ad_nonoverlapping:65 - Normal (171822) reconstruction error: mean=0.6640, std=0.4011
2026-02-08 18:33:24.172 | INFO     | src.models.evaluation:evaluate_tsb_ad_nonoverlapping:66 - Anomaly (8578) reconstruction error: mean=0.7887, std=0.3089
2026-02-08 18:33:24.172 | INFO     | src.models.evaluation:evaluate_tsb_ad_nonoverlapping:67 - Overlap? Normal max=1.0000, Anomaly min=0.0032
2026-02-08 18:35:12.120 | INFO     | src.models.evaluation:evaluate_tsb_ad_nonoverlapping:83 - {'AUC-PR': 0.05079524075823391, 'AUC-ROC': 0.5426852816246728, 'VUS-PR': np.float64(0.07003748714196871), 'VUS-ROC': np.float64(0.5573576336646795), 'Standard-F1': np.float64(0.10658694461147898), 'PA-F1': 0.2032890221894619, 'Event-based-F1': np.float64(0.10659804514950327), 'R-based-F1': 0.1630995578700489, 'Affiliation-F': 0.679433847589391}
2026-02-08 18:35:12.289 | INFO     | src.pipelines.train_vision_backbones:run_pipeline:170 - Train images: 1428
2026-02-08 18:35:12.289 | INFO     | src.pipelines.train_vision_backbones:run_pipeline:171 - Test images: 6442
2026-02-08 18:35:13.256 | INFO     | src.pipelines.train_vision_backbones:run_pipeline:176 - Training pvt_autoencoder_differential_lr on RN
2026-02-08 18:35:13.281 | INFO     | src.models.pvt_autoencoder.training:train_pvt_autoencoder_differential_lr:267 - Device: cuda | Model on: cuda:0
2026-02-08 18:38:17.061 | INFO     | src.pipelines.train_vision_backbones:run_pipeline:193 - Evaluating pvt_autoencoder_differential_lr on RN
2026-02-08 18:38:24.232 | INFO     | src.models.evaluation:evaluate_tsb_ad_nonoverlapping:65 - Normal (171822) reconstruction error: mean=0.6692, std=0.4166
2026-02-08 18:38:24.232 | INFO     | src.models.evaluation:evaluate_tsb_ad_nonoverlapping:66 - Anomaly (8578) reconstruction error: mean=0.8025, std=0.3203
2026-02-08 18:38:24.232 | INFO     | src.models.evaluation:evaluate_tsb_ad_nonoverlapping:67 - Overlap? Normal max=1.0000, Anomaly min=0.0000
2026-02-08 18:40:13.176 | INFO     | src.models.evaluation:evaluate_tsb_ad_nonoverlapping:83 - {'AUC-PR': 0.05319678234098653, 'AUC-ROC': 0.5597288269818528, 'VUS-PR': np.float64(0.073017173306355), 'VUS-ROC': np.float64(0.5668510336563729), 'Standard-F1': np.float64(0.10917963697934735), 'PA-F1': 0.24250449899833623, 'Event-based-F1': np.float64(0.10730097858483939), 'R-based-F1': 0.33420011701414304, 'Affiliation-F': 0.6767355427795636}
2026-02-08 18:40:15.578 | INFO     | src.pipelines.train_vision_backbones:run_pipeline:70 - Using zip: /net/scratch/hscra/plgrid/plgsmendowski12/ts2i_images/SVDB/249_SVDB_id_13_Medical_tr_50000_1st_54982_ts2i_LP.zip for transformation LP
2026-02-08 18:40:25.340 | INFO     | src.pipelines.train_vision_backbones:run_pipeline:170 - Train images: 1428
2026-02-08 18:40:25.340 | INFO     | src.pipelines.train_vision_backbones:run_pipeline:171 - Test images: 6442
2026-02-08 18:40:25.346 | INFO     | src.pipelines.train_vision_backbones:run_pipeline:176 - Training cnn_autoencoder on LP
2026-02-08 18:40:25.351 | INFO     | src.models.cnn_autoencoder.training:train_autoencoder:22 - Device: cuda | Model on: cuda:0
2026-02-08 18:43:02.867 | INFO     | src.pipelines.train_vision_backbones:run_pipeline:193 - Evaluating cnn_autoencoder on LP
2026-02-08 18:43:08.800 | INFO     | src.models.evaluation:evaluate_tsb_ad_nonoverlapping:65 - Normal (171822) reconstruction error: mean=0.1558, std=0.1263
2026-02-08 18:43:08.801 | INFO     | src.models.evaluation:evaluate_tsb_ad_nonoverlapping:66 - Anomaly (8578) reconstruction error: mean=0.2320, std=0.2274
2026-02-08 18:43:08.801 | INFO     | src.models.evaluation:evaluate_tsb_ad_nonoverlapping:67 - Overlap? Normal max=0.9977, Anomaly min=0.0000
2026-02-08 18:44:06.546 | INFO     | src.models.evaluation:evaluate_tsb_ad_nonoverlapping:83 - {'AUC-PR': 0.12045301589799672, 'AUC-ROC': 0.577231196542739, 'VUS-PR': np.float64(0.10664893237110656), 'VUS-ROC': np.float64(0.6456356023020877), 'Standard-F1': np.float64(0.16554850596758267), 'PA-F1': 0.608879964301651, 'Event-based-F1': np.float64(0.4464285714285709), 'R-based-F1': 0.23342197799060135, 'Affiliation-F': 0.7412534372084886}
2026-02-08 18:44:06.707 | INFO     | src.pipelines.train_vision_backbones:run_pipeline:170 - Train images: 1428
2026-02-08 18:44:06.707 | INFO     | src.pipelines.train_vision_backbones:run_pipeline:171 - Test images: 6442
2026-02-08 18:44:06.932 | INFO     | src.pipelines.train_vision_backbones:run_pipeline:176 - Training resnet18_autoencoder_frozen on LP
2026-02-08 18:44:06.946 | INFO     | src.models.resnet18_autoencoder.training:train_autoencoder_frozen:25 - Device: cuda | Model on: cuda:0
2026-02-08 18:45:00.636 | INFO     | src.pipelines.train_vision_backbones:run_pipeline:193 - Evaluating resnet18_autoencoder_frozen on LP
2026-02-08 18:45:06.889 | INFO     | src.models.evaluation:evaluate_tsb_ad_nonoverlapping:65 - Normal (171822) reconstruction error: mean=0.2642, std=0.1544
2026-02-08 18:45:06.889 | INFO     | src.models.evaluation:evaluate_tsb_ad_nonoverlapping:66 - Anomaly (8578) reconstruction error: mean=0.3223, std=0.2182
2026-02-08 18:45:06.889 | INFO     | src.models.evaluation:evaluate_tsb_ad_nonoverlapping:67 - Overlap? Normal max=0.9687, Anomaly min=0.0174
2026-02-08 18:46:17.813 | INFO     | src.models.evaluation:evaluate_tsb_ad_nonoverlapping:83 - {'AUC-PR': 0.10495695511287097, 'AUC-ROC': 0.5620619631470296, 'VUS-PR': np.float64(0.09097451557679179), 'VUS-ROC': np.float64(0.6325723402949766), 'Standard-F1': np.float64(0.13297466301949884), 'PA-F1': 0.5394722554023238, 'Event-based-F1': np.float64(0.3749999999999995), 'R-based-F1': 0.19517366470709366, 'Affiliation-F': 0.7140906410395591}
2026-02-08 18:46:17.983 | INFO     | src.pipelines.train_vision_backbones:run_pipeline:170 - Train images: 1428
2026-02-08 18:46:17.984 | INFO     | src.pipelines.train_vision_backbones:run_pipeline:171 - Test images: 6442
2026-02-08 18:46:18.210 | INFO     | src.pipelines.train_vision_backbones:run_pipeline:176 - Training resnet18_autoencoder_progressive_unfreeze on LP
2026-02-08 18:46:18.225 | INFO     | src.models.resnet18_autoencoder.training:train_autoencoder_progressive_unfreeze:133 - Device: cuda | Model on: cuda:0
2026-02-08 18:47:29.889 | INFO     | src.pipelines.train_vision_backbones:run_pipeline:193 - Evaluating resnet18_autoencoder_progressive_unfreeze on LP
2026-02-08 18:47:36.573 | INFO     | src.models.evaluation:evaluate_tsb_ad_nonoverlapping:65 - Normal (171822) reconstruction error: mean=0.1612, std=0.1198
2026-02-08 18:47:36.574 | INFO     | src.models.evaluation:evaluate_tsb_ad_nonoverlapping:66 - Anomaly (8578) reconstruction error: mean=0.2373, std=0.2103
2026-02-08 18:47:36.574 | INFO     | src.models.evaluation:evaluate_tsb_ad_nonoverlapping:67 - Overlap? Normal max=0.8703, Anomaly min=0.0037
2026-02-08 18:48:35.058 | INFO     | src.models.evaluation:evaluate_tsb_ad_nonoverlapping:83 - {'AUC-PR': 0.1297660370429836, 'AUC-ROC': 0.5963413586941774, 'VUS-PR': np.float64(0.10952657169736182), 'VUS-ROC': np.float64(0.6634412412258777), 'Standard-F1': np.float64(0.1522770338389006), 'PA-F1': 0.5917515009135996, 'Event-based-F1': np.float64(0.45714285714285663), 'R-based-F1': 0.23600229108996565, 'Affiliation-F': 0.7231266298326912}
2026-02-08 18:48:35.240 | INFO     | src.pipelines.train_vision_backbones:run_pipeline:170 - Train images: 1428
2026-02-08 18:48:35.240 | INFO     | src.pipelines.train_vision_backbones:run_pipeline:171 - Test images: 6442
2026-02-08 18:48:35.459 | INFO     | src.pipelines.train_vision_backbones:run_pipeline:176 - Training resnet18_autoencoder_differential_lr on LP
2026-02-08 18:48:35.474 | INFO     | src.models.resnet18_autoencoder.training:train_autoencoder_differential_lr:271 - Device: cuda | Model on: cuda:0
2026-02-08 18:49:53.613 | INFO     | src.pipelines.train_vision_backbones:run_pipeline:193 - Evaluating resnet18_autoencoder_differential_lr on LP
2026-02-08 18:50:00.747 | INFO     | src.models.evaluation:evaluate_tsb_ad_nonoverlapping:65 - Normal (171822) reconstruction error: mean=0.1821, std=0.1167
2026-02-08 18:50:00.747 | INFO     | src.models.evaluation:evaluate_tsb_ad_nonoverlapping:66 - Anomaly (8578) reconstruction error: mean=0.2544, std=0.2102
2026-02-08 18:50:00.747 | INFO     | src.models.evaluation:evaluate_tsb_ad_nonoverlapping:67 - Overlap? Normal max=0.8619, Anomaly min=0.0000
2026-02-08 18:51:01.106 | INFO     | src.models.evaluation:evaluate_tsb_ad_nonoverlapping:83 - {'AUC-PR': 0.13925433487974026, 'AUC-ROC': 0.5942715801966747, 'VUS-PR': np.float64(0.10858392425602727), 'VUS-ROC': np.float64(0.6596154096205087), 'Standard-F1': np.float64(0.15168745565491504), 'PA-F1': 0.6019499788045782, 'Event-based-F1': np.float64(0.49056603773584856), 'R-based-F1': 0.24952881507954663, 'Affiliation-F': 0.7163030390548583}
2026-02-08 18:51:01.275 | INFO     | src.pipelines.train_vision_backbones:run_pipeline:170 - Train images: 1428
2026-02-08 18:51:01.275 | INFO     | src.pipelines.train_vision_backbones:run_pipeline:171 - Test images: 6442
2026-02-08 18:51:02.313 | INFO     | src.pipelines.train_vision_backbones:run_pipeline:176 - Training pvt_autoencoder_frozen on LP
2026-02-08 18:51:02.339 | INFO     | src.models.pvt_autoencoder.training:train_pvt_autoencoder_frozen:24 - Device: cuda | Model on: cuda:0
2026-02-08 18:52:16.166 | INFO     | src.pipelines.train_vision_backbones:run_pipeline:193 - Evaluating pvt_autoencoder_frozen on LP
2026-02-08 18:52:23.661 | INFO     | src.models.evaluation:evaluate_tsb_ad_nonoverlapping:65 - Normal (171822) reconstruction error: mean=0.2084, std=0.1412
2026-02-08 18:52:23.662 | INFO     | src.models.evaluation:evaluate_tsb_ad_nonoverlapping:66 - Anomaly (8578) reconstruction error: mean=0.2771, std=0.2141
2026-02-08 18:52:23.662 | INFO     | src.models.evaluation:evaluate_tsb_ad_nonoverlapping:67 - Overlap? Normal max=0.8900, Anomaly min=0.0158
2026-02-08 18:53:28.046 | INFO     | src.models.evaluation:evaluate_tsb_ad_nonoverlapping:83 - {'AUC-PR': 0.12037771837881606, 'AUC-ROC': 0.5838940885428181, 'VUS-PR': np.float64(0.09838287669272767), 'VUS-ROC': np.float64(0.6495951308111448), 'Standard-F1': np.float64(0.14149850967274263), 'PA-F1': 0.5419830281375614, 'Event-based-F1': np.float64(0.40425531914893564), 'R-based-F1': 0.21710652226717703, 'Affiliation-F': 0.7420218627180039}
2026-02-08 18:53:28.211 | INFO     | src.pipelines.train_vision_backbones:run_pipeline:170 - Train images: 1428
2026-02-08 18:53:28.211 | INFO     | src.pipelines.train_vision_backbones:run_pipeline:171 - Test images: 6442
2026-02-08 18:53:29.178 | INFO     | src.pipelines.train_vision_backbones:run_pipeline:176 - Training pvt_autoencoder_progressive_unfreeze on LP
2026-02-08 18:53:29.204 | INFO     | src.models.pvt_autoencoder.training:train_pvt_autoencoder_progressive_unfreeze:132 - Device: cuda | Model on: cuda:0
2026-02-08 18:55:31.446 | INFO     | src.pipelines.train_vision_backbones:run_pipeline:193 - Evaluating pvt_autoencoder_progressive_unfreeze on LP
2026-02-08 18:55:39.151 | INFO     | src.models.evaluation:evaluate_tsb_ad_nonoverlapping:65 - Normal (171822) reconstruction error: mean=0.1424, std=0.1104
2026-02-08 18:55:39.151 | INFO     | src.models.evaluation:evaluate_tsb_ad_nonoverlapping:66 - Anomaly (8578) reconstruction error: mean=0.2353, std=0.2263
2026-02-08 18:55:39.151 | INFO     | src.models.evaluation:evaluate_tsb_ad_nonoverlapping:67 - Overlap? Normal max=0.8867, Anomaly min=0.0000
2026-02-08 18:56:34.964 | INFO     | src.models.evaluation:evaluate_tsb_ad_nonoverlapping:83 - {'AUC-PR': 0.15668673273570646, 'AUC-ROC': 0.6154798214820388, 'VUS-PR': np.float64(0.1280116213511794), 'VUS-ROC': np.float64(0.6798052881394582), 'Standard-F1': np.float64(0.18225226740647507), 'PA-F1': 0.6080321285140562, 'Event-based-F1': np.float64(0.518518518518518), 'R-based-F1': 0.24798004733930884, 'Affiliation-F': 0.757144444671905}
2026-02-08 18:56:35.134 | INFO     | src.pipelines.train_vision_backbones:run_pipeline:170 - Train images: 1428
2026-02-08 18:56:35.134 | INFO     | src.pipelines.train_vision_backbones:run_pipeline:171 - Test images: 6442
2026-02-08 18:56:36.123 | INFO     | src.pipelines.train_vision_backbones:run_pipeline:176 - Training pvt_autoencoder_differential_lr on LP
2026-02-08 18:56:36.149 | INFO     | src.models.pvt_autoencoder.training:train_pvt_autoencoder_differential_lr:267 - Device: cuda | Model on: cuda:0
2026-02-08 18:58:45.193 | INFO     | src.pipelines.train_vision_backbones:run_pipeline:193 - Evaluating pvt_autoencoder_differential_lr on LP
2026-02-08 18:58:52.377 | INFO     | src.models.evaluation:evaluate_tsb_ad_nonoverlapping:65 - Normal (171822) reconstruction error: mean=0.1987, std=0.1512
2026-02-08 18:58:52.378 | INFO     | src.models.evaluation:evaluate_tsb_ad_nonoverlapping:66 - Anomaly (8578) reconstruction error: mean=0.2685, std=0.2285
2026-02-08 18:58:52.378 | INFO     | src.models.evaluation:evaluate_tsb_ad_nonoverlapping:67 - Overlap? Normal max=0.8595, Anomaly min=0.0028
2026-02-08 18:59:56.930 | INFO     | src.models.evaluation:evaluate_tsb_ad_nonoverlapping:83 - {'AUC-PR': 0.13519824473494768, 'AUC-ROC': 0.5790747164999079, 'VUS-PR': np.float64(0.10431634692259685), 'VUS-ROC': np.float64(0.645558127934266), 'Standard-F1': np.float64(0.14715758855653202), 'PA-F1': 0.5783221974758723, 'Event-based-F1': np.float64(0.4999999999999995), 'R-based-F1': 0.24961393579580857, 'Affiliation-F': 0.7237971558479731}
2026-02-08 18:59:59.456 | INFO     | src.pipelines.train_vision_backbones:run_pipeline:70 - Using zip: /net/scratch/hscra/plgrid/plgsmendowski12/ts2i_images/SVDB/249_SVDB_id_13_Medical_tr_50000_1st_54982_ts2i_SG.zip for transformation SG
2026-02-08 19:00:09.146 | INFO     | src.pipelines.train_vision_backbones:run_pipeline:170 - Train images: 1428
2026-02-08 19:00:09.146 | INFO     | src.pipelines.train_vision_backbones:run_pipeline:171 - Test images: 6442
2026-02-08 19:00:09.153 | INFO     | src.pipelines.train_vision_backbones:run_pipeline:176 - Training cnn_autoencoder on SG
2026-02-08 19:00:09.158 | INFO     | src.models.cnn_autoencoder.training:train_autoencoder:22 - Device: cuda | Model on: cuda:0
2026-02-08 19:02:49.166 | INFO     | src.pipelines.train_vision_backbones:run_pipeline:193 - Evaluating cnn_autoencoder on SG
2026-02-08 19:02:54.845 | INFO     | src.models.evaluation:evaluate_tsb_ad_nonoverlapping:65 - Normal (171822) reconstruction error: mean=0.0192, std=0.0413
2026-02-08 19:02:54.846 | INFO     | src.models.evaluation:evaluate_tsb_ad_nonoverlapping:66 - Anomaly (8578) reconstruction error: mean=0.0685, std=0.1775
2026-02-08 19:02:54.846 | INFO     | src.models.evaluation:evaluate_tsb_ad_nonoverlapping:67 - Overlap? Normal max=0.2709, Anomaly min=0.0000
2026-02-08 19:03:33.722 | INFO     | src.models.evaluation:evaluate_tsb_ad_nonoverlapping:83 - {'AUC-PR': 0.17023528669897384, 'AUC-ROC': 0.5739500976137204, 'VUS-PR': np.float64(0.13671178290216807), 'VUS-ROC': np.float64(0.6430135052200422), 'Standard-F1': np.float64(0.1944040842631783), 'PA-F1': 0.7160320359702121, 'Event-based-F1': np.float64(0.7032967032967028), 'R-based-F1': 0.32930513302613684, 'Affiliation-F': 0.7588159585002189}
2026-02-08 19:03:33.928 | INFO     | src.pipelines.train_vision_backbones:run_pipeline:170 - Train images: 1428
2026-02-08 19:03:33.928 | INFO     | src.pipelines.train_vision_backbones:run_pipeline:171 - Test images: 6442
2026-02-08 19:03:34.149 | INFO     | src.pipelines.train_vision_backbones:run_pipeline:176 - Training resnet18_autoencoder_frozen on SG
2026-02-08 19:03:34.164 | INFO     | src.models.resnet18_autoencoder.training:train_autoencoder_frozen:25 - Device: cuda | Model on: cuda:0
2026-02-08 19:04:21.945 | INFO     | src.pipelines.train_vision_backbones:run_pipeline:193 - Evaluating resnet18_autoencoder_frozen on SG
2026-02-08 19:04:28.655 | INFO     | src.models.evaluation:evaluate_tsb_ad_nonoverlapping:65 - Normal (171822) reconstruction error: mean=0.0056, std=0.0198
2026-02-08 19:04:28.656 | INFO     | src.models.evaluation:evaluate_tsb_ad_nonoverlapping:66 - Anomaly (8578) reconstruction error: mean=0.0550, std=0.1580
2026-02-08 19:04:28.656 | INFO     | src.models.evaluation:evaluate_tsb_ad_nonoverlapping:67 - Overlap? Normal max=0.4628, Anomaly min=0.0000
2026-02-08 19:05:04.978 | INFO     | src.models.evaluation:evaluate_tsb_ad_nonoverlapping:83 - {'AUC-PR': 0.17497461325632788, 'AUC-ROC': 0.5834147254806107, 'VUS-PR': np.float64(0.1387083528319024), 'VUS-ROC': np.float64(0.6523459323211854), 'Standard-F1': np.float64(0.226538200717637), 'PA-F1': 0.6531246531246532, 'Event-based-F1': np.float64(0.5354752342704145), 'R-based-F1': 0.2780533333486975, 'Affiliation-F': 0.7672986424722085}
2026-02-08 19:05:05.143 | INFO     | src.pipelines.train_vision_backbones:run_pipeline:170 - Train images: 1428
2026-02-08 19:05:05.143 | INFO     | src.pipelines.train_vision_backbones:run_pipeline:171 - Test images: 6442
2026-02-08 19:05:05.384 | INFO     | src.pipelines.train_vision_backbones:run_pipeline:176 - Training resnet18_autoencoder_progressive_unfreeze on SG
2026-02-08 19:05:05.399 | INFO     | src.models.resnet18_autoencoder.training:train_autoencoder_progressive_unfreeze:133 - Device: cuda | Model on: cuda:0
2026-02-08 19:06:04.682 | INFO     | src.pipelines.train_vision_backbones:run_pipeline:193 - Evaluating resnet18_autoencoder_progressive_unfreeze on SG
2026-02-08 19:06:11.565 | INFO     | src.models.evaluation:evaluate_tsb_ad_nonoverlapping:65 - Normal (171822) reconstruction error: mean=0.0025, std=0.0047
2026-02-08 19:06:11.565 | INFO     | src.models.evaluation:evaluate_tsb_ad_nonoverlapping:66 - Anomaly (8578) reconstruction error: mean=0.0337, std=0.1121
2026-02-08 19:06:11.565 | INFO     | src.models.evaluation:evaluate_tsb_ad_nonoverlapping:67 - Overlap? Normal max=0.0868, Anomaly min=0.0000
2026-02-08 19:06:47.207 | INFO     | src.models.evaluation:evaluate_tsb_ad_nonoverlapping:83 - {'AUC-PR': 0.22860817998503902, 'AUC-ROC': 0.5870090827103984, 'VUS-PR': np.float64(0.17804712517485916), 'VUS-ROC': np.float64(0.6533333736763712), 'Standard-F1': np.float64(0.2745562062853849), 'PA-F1': 0.6957038798870224, 'Event-based-F1': np.float64(0.6825504878602219), 'R-based-F1': 0.37182463228477275, 'Affiliation-F': 0.767748446211968}
2026-02-08 19:06:47.373 | INFO     | src.pipelines.train_vision_backbones:run_pipeline:170 - Train images: 1428
2026-02-08 19:06:47.373 | INFO     | src.pipelines.train_vision_backbones:run_pipeline:171 - Test images: 6442
2026-02-08 19:06:47.593 | INFO     | src.pipelines.train_vision_backbones:run_pipeline:176 - Training resnet18_autoencoder_differential_lr on SG
2026-02-08 19:06:47.608 | INFO     | src.models.resnet18_autoencoder.training:train_autoencoder_differential_lr:271 - Device: cuda | Model on: cuda:0
2026-02-08 19:07:34.690 | INFO     | src.pipelines.train_vision_backbones:run_pipeline:193 - Evaluating resnet18_autoencoder_differential_lr on SG
2026-02-08 19:07:42.077 | INFO     | src.models.evaluation:evaluate_tsb_ad_nonoverlapping:65 - Normal (171822) reconstruction error: mean=0.0048, std=0.0093
2026-02-08 19:07:42.077 | INFO     | src.models.evaluation:evaluate_tsb_ad_nonoverlapping:66 - Anomaly (8578) reconstruction error: mean=0.0374, std=0.1196
2026-02-08 19:07:42.078 | INFO     | src.models.evaluation:evaluate_tsb_ad_nonoverlapping:67 - Overlap? Normal max=0.1585, Anomaly min=0.0000
2026-02-08 19:08:18.071 | INFO     | src.models.evaluation:evaluate_tsb_ad_nonoverlapping:83 - {'AUC-PR': 0.18563699365273711, 'AUC-ROC': 0.5823079882218223, 'VUS-PR': np.float64(0.1408421529575337), 'VUS-ROC': np.float64(0.646728225782415), 'Standard-F1': np.float64(0.22150751519743947), 'PA-F1': 0.6192664005422912, 'Event-based-F1': np.float64(0.5505735140771633), 'R-based-F1': 0.2880971778037686, 'Affiliation-F': 0.7544808472453352}
2026-02-08 19:08:18.270 | INFO     | src.pipelines.train_vision_backbones:run_pipeline:170 - Train images: 1428
2026-02-08 19:08:18.271 | INFO     | src.pipelines.train_vision_backbones:run_pipeline:171 - Test images: 6442
2026-02-08 19:08:19.277 | INFO     | src.pipelines.train_vision_backbones:run_pipeline:176 - Training pvt_autoencoder_frozen on SG
2026-02-08 19:08:19.301 | INFO     | src.models.pvt_autoencoder.training:train_pvt_autoencoder_frozen:24 - Device: cuda | Model on: cuda:0
2026-02-08 19:08:53.598 | INFO     | src.pipelines.train_vision_backbones:run_pipeline:193 - Evaluating pvt_autoencoder_frozen on SG
2026-02-08 19:09:00.745 | INFO     | src.models.evaluation:evaluate_tsb_ad_nonoverlapping:65 - Normal (171822) reconstruction error: mean=0.0039, std=0.0058
2026-02-08 19:09:00.746 | INFO     | src.models.evaluation:evaluate_tsb_ad_nonoverlapping:66 - Anomaly (8578) reconstruction error: mean=0.0384, std=0.1257
2026-02-08 19:09:00.746 | INFO     | src.models.evaluation:evaluate_tsb_ad_nonoverlapping:67 - Overlap? Normal max=0.0843, Anomaly min=0.0000
2026-02-08 19:09:36.415 | INFO     | src.models.evaluation:evaluate_tsb_ad_nonoverlapping:83 - {'AUC-PR': 0.2380986319197216, 'AUC-ROC': 0.5948635813116351, 'VUS-PR': np.float64(0.190050359743733), 'VUS-ROC': np.float64(0.6629828002586836), 'Standard-F1': np.float64(0.2788091578116969), 'PA-F1': 0.6879484944001073, 'Event-based-F1': np.float64(0.6270456503014638), 'R-based-F1': 0.34199047113367764, 'Affiliation-F': 0.7737310056977604}
2026-02-08 19:09:36.580 | INFO     | src.pipelines.train_vision_backbones:run_pipeline:170 - Train images: 1428
2026-02-08 19:09:36.580 | INFO     | src.pipelines.train_vision_backbones:run_pipeline:171 - Test images: 6442
2026-02-08 19:09:47.532 | INFO     | src.pipelines.train_vision_backbones:run_pipeline:176 - Training pvt_autoencoder_progressive_unfreeze on SG
2026-02-08 19:09:47.557 | INFO     | src.models.pvt_autoencoder.training:train_pvt_autoencoder_progressive_unfreeze:132 - Device: cuda | Model on: cuda:0
2026-02-08 19:10:43.410 | INFO     | src.pipelines.train_vision_backbones:run_pipeline:193 - Evaluating pvt_autoencoder_progressive_unfreeze on SG
2026-02-08 19:10:50.640 | INFO     | src.models.evaluation:evaluate_tsb_ad_nonoverlapping:65 - Normal (171822) reconstruction error: mean=0.0032, std=0.0057
2026-02-08 19:10:50.641 | INFO     | src.models.evaluation:evaluate_tsb_ad_nonoverlapping:66 - Anomaly (8578) reconstruction error: mean=0.0292, std=0.1003
2026-02-08 19:10:50.641 | INFO     | src.models.evaluation:evaluate_tsb_ad_nonoverlapping:67 - Overlap? Normal max=0.0817, Anomaly min=0.0000
2026-02-08 19:11:26.441 | INFO     | src.models.evaluation:evaluate_tsb_ad_nonoverlapping:83 - {'AUC-PR': 0.20401380261261415, 'AUC-ROC': 0.576888907564197, 'VUS-PR': np.float64(0.15468022569763434), 'VUS-ROC': np.float64(0.6435671346935343), 'Standard-F1': np.float64(0.2407527927026194), 'PA-F1': 0.6611595073595674, 'Event-based-F1': np.float64(0.6255855855855851), 'R-based-F1': 0.31003652575107715, 'Affiliation-F': 0.7247593289262577}
2026-02-08 19:11:26.612 | INFO     | src.pipelines.train_vision_backbones:run_pipeline:170 - Train images: 1428
2026-02-08 19:11:26.612 | INFO     | src.pipelines.train_vision_backbones:run_pipeline:171 - Test images: 6442
2026-02-08 19:11:27.581 | INFO     | src.pipelines.train_vision_backbones:run_pipeline:176 - Training pvt_autoencoder_differential_lr on SG
2026-02-08 19:11:27.606 | INFO     | src.models.pvt_autoencoder.training:train_pvt_autoencoder_differential_lr:267 - Device: cuda | Model on: cuda:0
2026-02-08 19:13:56.518 | INFO     | src.pipelines.train_vision_backbones:run_pipeline:193 - Evaluating pvt_autoencoder_differential_lr on SG
2026-02-08 19:14:03.588 | INFO     | src.models.evaluation:evaluate_tsb_ad_nonoverlapping:65 - Normal (171822) reconstruction error: mean=0.0197, std=0.0398
2026-02-08 19:14:03.588 | INFO     | src.models.evaluation:evaluate_tsb_ad_nonoverlapping:66 - Anomaly (8578) reconstruction error: mean=0.0659, std=0.1673
2026-02-08 19:14:03.588 | INFO     | src.models.evaluation:evaluate_tsb_ad_nonoverlapping:67 - Overlap? Normal max=0.2289, Anomaly min=0.0001
2026-02-08 19:14:42.643 | INFO     | src.models.evaluation:evaluate_tsb_ad_nonoverlapping:83 - {'AUC-PR': 0.17690785683168772, 'AUC-ROC': 0.5872251885195413, 'VUS-PR': np.float64(0.1411513619303754), 'VUS-ROC': np.float64(0.6526826246642505), 'Standard-F1': np.float64(0.21003750448529612), 'PA-F1': 0.7147285703986735, 'Event-based-F1': np.float64(0.7113506231054221), 'R-based-F1': 0.33472774432521724, 'Affiliation-F': 0.7597692331058683}
2026-02-08 19:14:45.489 | INFO     | src.pipelines.train_vision_backbones:run_pipeline:70 - Using zip: /net/scratch/hscra/plgrid/plgsmendowski12/ts2i_images/SVDB/249_SVDB_id_13_Medical_tr_50000_1st_54982_ts2i_GASF.zip for transformation GASF
2026-02-08 19:14:55.946 | INFO     | src.pipelines.train_vision_backbones:run_pipeline:170 - Train images: 1428
2026-02-08 19:14:55.946 | INFO     | src.pipelines.train_vision_backbones:run_pipeline:171 - Test images: 6442
2026-02-08 19:14:55.954 | INFO     | src.pipelines.train_vision_backbones:run_pipeline:176 - Training cnn_autoencoder on GASF
2026-02-08 19:14:55.958 | INFO     | src.models.cnn_autoencoder.training:train_autoencoder:22 - Device: cuda | Model on: cuda:0
2026-02-08 19:16:46.834 | INFO     | src.pipelines.train_vision_backbones:run_pipeline:193 - Evaluating cnn_autoencoder on GASF
2026-02-08 19:16:53.885 | INFO     | src.models.evaluation:evaluate_tsb_ad_nonoverlapping:65 - Normal (171822) reconstruction error: mean=0.0564, std=0.0800
2026-02-08 19:16:53.885 | INFO     | src.models.evaluation:evaluate_tsb_ad_nonoverlapping:66 - Anomaly (8578) reconstruction error: mean=0.0702, std=0.0817
2026-02-08 19:16:53.886 | INFO     | src.models.evaluation:evaluate_tsb_ad_nonoverlapping:67 - Overlap? Normal max=1.0000, Anomaly min=0.0031
2026-02-08 19:17:37.390 | INFO     | src.models.evaluation:evaluate_tsb_ad_nonoverlapping:83 - {'AUC-PR': 0.06152035992040581, 'AUC-ROC': 0.6141640997096556, 'VUS-PR': np.float64(0.0897474906188673), 'VUS-ROC': np.float64(0.6983569995186977), 'Standard-F1': np.float64(0.12917971341938392), 'PA-F1': 0.34771732332707944, 'Event-based-F1': np.float64(0.13067502136143536), 'R-based-F1': 0.0922792714587957, 'Affiliation-F': 0.6982108762934357}
2026-02-08 19:17:37.564 | INFO     | src.pipelines.train_vision_backbones:run_pipeline:170 - Train images: 1428
2026-02-08 19:17:37.564 | INFO     | src.pipelines.train_vision_backbones:run_pipeline:171 - Test images: 6442
2026-02-08 19:17:37.785 | INFO     | src.pipelines.train_vision_backbones:run_pipeline:176 - Training resnet18_autoencoder_frozen on GASF
2026-02-08 19:17:37.800 | INFO     | src.models.resnet18_autoencoder.training:train_autoencoder_frozen:25 - Device: cuda | Model on: cuda:0
2026-02-08 19:18:21.338 | INFO     | src.pipelines.train_vision_backbones:run_pipeline:193 - Evaluating resnet18_autoencoder_frozen on GASF
2026-02-08 19:18:28.711 | INFO     | src.models.evaluation:evaluate_tsb_ad_nonoverlapping:65 - Normal (171822) reconstruction error: mean=0.0856, std=0.0827
2026-02-08 19:18:28.711 | INFO     | src.models.evaluation:evaluate_tsb_ad_nonoverlapping:66 - Anomaly (8578) reconstruction error: mean=0.1400, std=0.1296
2026-02-08 19:18:28.711 | INFO     | src.models.evaluation:evaluate_tsb_ad_nonoverlapping:67 - Overlap? Normal max=1.0000, Anomaly min=0.0017
2026-02-08 19:19:16.762 | INFO     | src.models.evaluation:evaluate_tsb_ad_nonoverlapping:83 - {'AUC-PR': 0.1011796147700319, 'AUC-ROC': 0.6491374606229197, 'VUS-PR': np.float64(0.1136941683556103), 'VUS-ROC': np.float64(0.7241905522534317), 'Standard-F1': np.float64(0.14603890527957558), 'PA-F1': 0.47408350575627356, 'Event-based-F1': np.float64(0.2992957746478868), 'R-based-F1': 0.16476438308371089, 'Affiliation-F': 0.6984398017415482}
2026-02-08 19:19:16.924 | INFO     | src.pipelines.train_vision_backbones:run_pipeline:170 - Train images: 1428
2026-02-08 19:19:16.924 | INFO     | src.pipelines.train_vision_backbones:run_pipeline:171 - Test images: 6442
2026-02-08 19:19:17.142 | INFO     | src.pipelines.train_vision_backbones:run_pipeline:176 - Training resnet18_autoencoder_progressive_unfreeze on GASF
2026-02-08 19:19:17.157 | INFO     | src.models.resnet18_autoencoder.training:train_autoencoder_progressive_unfreeze:133 - Device: cuda | Model on: cuda:0
2026-02-08 19:20:47.011 | INFO     | src.pipelines.train_vision_backbones:run_pipeline:193 - Evaluating resnet18_autoencoder_progressive_unfreeze on GASF
2026-02-08 19:20:53.261 | INFO     | src.models.evaluation:evaluate_tsb_ad_nonoverlapping:65 - Normal (171822) reconstruction error: mean=0.0938, std=0.1061
2026-02-08 19:20:53.261 | INFO     | src.models.evaluation:evaluate_tsb_ad_nonoverlapping:66 - Anomaly (8578) reconstruction error: mean=0.1479, std=0.1473
2026-02-08 19:20:53.261 | INFO     | src.models.evaluation:evaluate_tsb_ad_nonoverlapping:67 - Overlap? Normal max=0.7601, Anomaly min=0.0021
2026-02-08 19:21:43.090 | INFO     | src.models.evaluation:evaluate_tsb_ad_nonoverlapping:83 - {'AUC-PR': 0.09103938347594301, 'AUC-ROC': 0.6416431627954297, 'VUS-PR': np.float64(0.102093408440074), 'VUS-ROC': np.float64(0.722984307089227), 'Standard-F1': np.float64(0.13225803849918005), 'PA-F1': 0.38776561493882805, 'Event-based-F1': np.float64(0.23255813953488327), 'R-based-F1': 0.12799448062234828, 'Affiliation-F': 0.701592120159004}
2026-02-08 19:21:43.272 | INFO     | src.pipelines.train_vision_backbones:run_pipeline:170 - Train images: 1428
2026-02-08 19:21:43.272 | INFO     | src.pipelines.train_vision_backbones:run_pipeline:171 - Test images: 6442
2026-02-08 19:21:43.493 | INFO     | src.pipelines.train_vision_backbones:run_pipeline:176 - Training resnet18_autoencoder_differential_lr on GASF
2026-02-08 19:21:43.508 | INFO     | src.models.resnet18_autoencoder.training:train_autoencoder_differential_lr:271 - Device: cuda | Model on: cuda:0
2026-02-08 19:22:57.376 | INFO     | src.pipelines.train_vision_backbones:run_pipeline:193 - Evaluating resnet18_autoencoder_differential_lr on GASF
2026-02-08 19:23:04.178 | INFO     | src.models.evaluation:evaluate_tsb_ad_nonoverlapping:65 - Normal (171822) reconstruction error: mean=0.1176, std=0.1319
2026-02-08 19:23:04.178 | INFO     | src.models.evaluation:evaluate_tsb_ad_nonoverlapping:66 - Anomaly (8578) reconstruction error: mean=0.1757, std=0.1460
2026-02-08 19:23:04.178 | INFO     | src.models.evaluation:evaluate_tsb_ad_nonoverlapping:67 - Overlap? Normal max=1.0000, Anomaly min=0.0035
2026-02-08 19:23:58.042 | INFO     | src.models.evaluation:evaluate_tsb_ad_nonoverlapping:83 - {'AUC-PR': 0.0742245676489184, 'AUC-ROC': 0.65492447669313, 'VUS-PR': np.float64(0.10333472914126038), 'VUS-ROC': np.float64(0.7310370671457582), 'Standard-F1': np.float64(0.13706693836569267), 'PA-F1': 0.3815628613910458, 'Event-based-F1': np.float64(0.17061197774626335), 'R-based-F1': 0.11453757952452814, 'Affiliation-F': 0.7038516932857365}
2026-02-08 19:23:58.208 | INFO     | src.pipelines.train_vision_backbones:run_pipeline:170 - Train images: 1428
2026-02-08 19:23:58.208 | INFO     | src.pipelines.train_vision_backbones:run_pipeline:171 - Test images: 6442
2026-02-08 19:23:59.201 | INFO     | src.pipelines.train_vision_backbones:run_pipeline:176 - Training pvt_autoencoder_frozen on GASF
2026-02-08 19:23:59.225 | INFO     | src.models.pvt_autoencoder.training:train_pvt_autoencoder_frozen:24 - Device: cuda | Model on: cuda:0
2026-02-08 19:24:39.767 | INFO     | src.pipelines.train_vision_backbones:run_pipeline:193 - Evaluating pvt_autoencoder_frozen on GASF
2026-02-08 19:24:46.926 | INFO     | src.models.evaluation:evaluate_tsb_ad_nonoverlapping:65 - Normal (171822) reconstruction error: mean=0.0778, std=0.0737
2026-02-08 19:24:46.927 | INFO     | src.models.evaluation:evaluate_tsb_ad_nonoverlapping:66 - Anomaly (8578) reconstruction error: mean=0.1225, std=0.1051
2026-02-08 19:24:46.927 | INFO     | src.models.evaluation:evaluate_tsb_ad_nonoverlapping:67 - Overlap? Normal max=0.6550, Anomaly min=0.0016
2026-02-08 19:25:33.426 | INFO     | src.models.evaluation:evaluate_tsb_ad_nonoverlapping:83 - {'AUC-PR': 0.09198774024054647, 'AUC-ROC': 0.6585914906776473, 'VUS-PR': np.float64(0.10795795878455589), 'VUS-ROC': np.float64(0.7360673104126004), 'Standard-F1': np.float64(0.13682469690735666), 'PA-F1': 0.4036716532950286, 'Event-based-F1': np.float64(0.21818181818181767), 'R-based-F1': 0.12388092760552571, 'Affiliation-F': 0.7060093493225867}
2026-02-08 19:25:33.582 | INFO     | src.pipelines.train_vision_backbones:run_pipeline:170 - Train images: 1428
2026-02-08 19:25:33.582 | INFO     | src.pipelines.train_vision_backbones:run_pipeline:171 - Test images: 6442
2026-02-08 19:25:34.576 | INFO     | src.pipelines.train_vision_backbones:run_pipeline:176 - Training pvt_autoencoder_progressive_unfreeze on GASF
2026-02-08 19:25:34.599 | INFO     | src.models.pvt_autoencoder.training:train_pvt_autoencoder_progressive_unfreeze:132 - Device: cuda | Model on: cuda:0
2026-02-08 19:27:05.945 | INFO     | src.pipelines.train_vision_backbones:run_pipeline:193 - Evaluating pvt_autoencoder_progressive_unfreeze on GASF
2026-02-08 19:27:13.294 | INFO     | src.models.evaluation:evaluate_tsb_ad_nonoverlapping:65 - Normal (171822) reconstruction error: mean=0.1229, std=0.1448
2026-02-08 19:27:13.294 | INFO     | src.models.evaluation:evaluate_tsb_ad_nonoverlapping:66 - Anomaly (8578) reconstruction error: mean=0.1772, std=0.1559
2026-02-08 19:27:13.294 | INFO     | src.models.evaluation:evaluate_tsb_ad_nonoverlapping:67 - Overlap? Normal max=1.0000, Anomaly min=0.0022
2026-02-08 19:28:08.203 | INFO     | src.models.evaluation:evaluate_tsb_ad_nonoverlapping:83 - {'AUC-PR': 0.06995639724763121, 'AUC-ROC': 0.6399570440955749, 'VUS-PR': np.float64(0.0967251035056714), 'VUS-ROC': np.float64(0.7200150398828328), 'Standard-F1': np.float64(0.132513361385411), 'PA-F1': 0.36167648634172467, 'Event-based-F1': np.float64(0.16302793177224276), 'R-based-F1': 0.10530291934511812, 'Affiliation-F': 0.7012493472005075}
2026-02-08 19:28:08.372 | INFO     | src.pipelines.train_vision_backbones:run_pipeline:170 - Train images: 1428
2026-02-08 19:28:08.372 | INFO     | src.pipelines.train_vision_backbones:run_pipeline:171 - Test images: 6442
2026-02-08 19:28:09.366 | INFO     | src.pipelines.train_vision_backbones:run_pipeline:176 - Training pvt_autoencoder_differential_lr on GASF
2026-02-08 19:28:09.392 | INFO     | src.models.pvt_autoencoder.training:train_pvt_autoencoder_differential_lr:267 - Device: cuda | Model on: cuda:0
2026-02-08 19:29:53.224 | INFO     | src.pipelines.train_vision_backbones:run_pipeline:193 - Evaluating pvt_autoencoder_differential_lr on GASF
2026-02-08 19:30:00.477 | INFO     | src.models.evaluation:evaluate_tsb_ad_nonoverlapping:65 - Normal (171822) reconstruction error: mean=0.1059, std=0.1275
2026-02-08 19:30:00.477 | INFO     | src.models.evaluation:evaluate_tsb_ad_nonoverlapping:66 - Anomaly (8578) reconstruction error: mean=0.1496, std=0.1308
2026-02-08 19:30:00.477 | INFO     | src.models.evaluation:evaluate_tsb_ad_nonoverlapping:67 - Overlap? Normal max=1.0000, Anomaly min=0.0031
2026-02-08 19:30:52.468 | INFO     | src.models.evaluation:evaluate_tsb_ad_nonoverlapping:83 - {'AUC-PR': 0.0676702401447387, 'AUC-ROC': 0.6419462086590237, 'VUS-PR': np.float64(0.09499584401696182), 'VUS-ROC': np.float64(0.721248950756609), 'Standard-F1': np.float64(0.13283781330425945), 'PA-F1': 0.3502333816191856, 'Event-based-F1': np.float64(0.13974984834917226), 'R-based-F1': 0.10360154523199137, 'Affiliation-F': 0.7040027838262753}
2026-02-08 19:30:54.702 | INFO     | src.pipelines.train_vision_backbones:run_pipeline:70 - Using zip: /net/scratch/hscra/plgrid/plgsmendowski12/ts2i_images/SVDB/249_SVDB_id_13_Medical_tr_50000_1st_54982_ts2i_GADF.zip for transformation GADF
2026-02-08 19:31:04.602 | INFO     | src.pipelines.train_vision_backbones:run_pipeline:170 - Train images: 1428
2026-02-08 19:31:04.602 | INFO     | src.pipelines.train_vision_backbones:run_pipeline:171 - Test images: 6442
2026-02-08 19:31:04.609 | INFO     | src.pipelines.train_vision_backbones:run_pipeline:176 - Training cnn_autoencoder on GADF
2026-02-08 19:31:04.613 | INFO     | src.models.cnn_autoencoder.training:train_autoencoder:22 - Device: cuda | Model on: cuda:0
2026-02-08 19:32:46.391 | INFO     | src.pipelines.train_vision_backbones:run_pipeline:193 - Evaluating cnn_autoencoder on GADF
2026-02-08 19:32:52.550 | INFO     | src.models.evaluation:evaluate_tsb_ad_nonoverlapping:65 - Normal (171822) reconstruction error: mean=0.0675, std=0.0790
2026-02-08 19:32:52.551 | INFO     | src.models.evaluation:evaluate_tsb_ad_nonoverlapping:66 - Anomaly (8578) reconstruction error: mean=0.0889, std=0.0770
2026-02-08 19:32:52.551 | INFO     | src.models.evaluation:evaluate_tsb_ad_nonoverlapping:67 - Overlap? Normal max=1.0000, Anomaly min=0.0046
2026-02-08 19:33:37.518 | INFO     | src.models.evaluation:evaluate_tsb_ad_nonoverlapping:83 - {'AUC-PR': 0.06589949955356694, 'AUC-ROC': 0.6290155805723447, 'VUS-PR': np.float64(0.09706576838496714), 'VUS-ROC': np.float64(0.7167256667903503), 'Standard-F1': np.float64(0.1289069972386139), 'PA-F1': 0.3614214019750688, 'Event-based-F1': np.float64(0.13395051967281443), 'R-based-F1': 0.10911877199140933, 'Affiliation-F': 0.701273720119557}
2026-02-08 19:33:37.682 | INFO     | src.pipelines.train_vision_backbones:run_pipeline:170 - Train images: 1428
2026-02-08 19:33:37.683 | INFO     | src.pipelines.train_vision_backbones:run_pipeline:171 - Test images: 6442
2026-02-08 19:33:37.897 | INFO     | src.pipelines.train_vision_backbones:run_pipeline:176 - Training resnet18_autoencoder_frozen on GADF
2026-02-08 19:33:37.911 | INFO     | src.models.resnet18_autoencoder.training:train_autoencoder_frozen:25 - Device: cuda | Model on: cuda:0
2026-02-08 19:34:21.731 | INFO     | src.pipelines.train_vision_backbones:run_pipeline:193 - Evaluating resnet18_autoencoder_frozen on GADF
2026-02-08 19:34:28.730 | INFO     | src.models.evaluation:evaluate_tsb_ad_nonoverlapping:65 - Normal (171822) reconstruction error: mean=0.0878, std=0.1051
2026-02-08 19:34:28.730 | INFO     | src.models.evaluation:evaluate_tsb_ad_nonoverlapping:66 - Anomaly (8578) reconstruction error: mean=0.1361, std=0.1386
2026-02-08 19:34:28.730 | INFO     | src.models.evaluation:evaluate_tsb_ad_nonoverlapping:67 - Overlap? Normal max=0.9013, Anomaly min=0.0026
2026-02-08 19:35:18.196 | INFO     | src.models.evaluation:evaluate_tsb_ad_nonoverlapping:83 - {'AUC-PR': 0.0816399652599897, 'AUC-ROC': 0.6464947245054492, 'VUS-PR': np.float64(0.10462626341480458), 'VUS-ROC': np.float64(0.7291845399542912), 'Standard-F1': np.float64(0.1311125139391019), 'PA-F1': 0.38360590686205037, 'Event-based-F1': np.float64(0.18153556673620447), 'R-based-F1': 0.12605614552354594, 'Affiliation-F': 0.7053185339876432}
2026-02-08 19:35:18.365 | INFO     | src.pipelines.train_vision_backbones:run_pipeline:170 - Train images: 1428
2026-02-08 19:35:18.365 | INFO     | src.pipelines.train_vision_backbones:run_pipeline:171 - Test images: 6442
2026-02-08 19:35:18.595 | INFO     | src.pipelines.train_vision_backbones:run_pipeline:176 - Training resnet18_autoencoder_progressive_unfreeze on GADF
2026-02-08 19:35:18.609 | INFO     | src.models.resnet18_autoencoder.training:train_autoencoder_progressive_unfreeze:133 - Device: cuda | Model on: cuda:0
2026-02-08 19:36:33.113 | INFO     | src.pipelines.train_vision_backbones:run_pipeline:193 - Evaluating resnet18_autoencoder_progressive_unfreeze on GADF
2026-02-08 19:36:40.014 | INFO     | src.models.evaluation:evaluate_tsb_ad_nonoverlapping:65 - Normal (171822) reconstruction error: mean=0.0886, std=0.1112
2026-02-08 19:36:40.014 | INFO     | src.models.evaluation:evaluate_tsb_ad_nonoverlapping:66 - Anomaly (8578) reconstruction error: mean=0.1399, std=0.1413
2026-02-08 19:36:40.014 | INFO     | src.models.evaluation:evaluate_tsb_ad_nonoverlapping:67 - Overlap? Normal max=1.0000, Anomaly min=0.0015
2026-02-08 19:37:29.502 | INFO     | src.models.evaluation:evaluate_tsb_ad_nonoverlapping:83 - {'AUC-PR': 0.07967018293738154, 'AUC-ROC': 0.6513778815366462, 'VUS-PR': np.float64(0.10754317805441417), 'VUS-ROC': np.float64(0.7313572414500945), 'Standard-F1': np.float64(0.13188348030449146), 'PA-F1': 0.45110864745011087, 'Event-based-F1': np.float64(0.2104828724721415), 'R-based-F1': 0.13280515554638878, 'Affiliation-F': 0.700017690690059}
2026-02-08 19:37:29.665 | INFO     | src.pipelines.train_vision_backbones:run_pipeline:170 - Train images: 1428
2026-02-08 19:37:29.665 | INFO     | src.pipelines.train_vision_backbones:run_pipeline:171 - Test images: 6442
2026-02-08 19:37:29.885 | INFO     | src.pipelines.train_vision_backbones:run_pipeline:176 - Training resnet18_autoencoder_differential_lr on GADF
2026-02-08 19:37:29.900 | INFO     | src.models.resnet18_autoencoder.training:train_autoencoder_differential_lr:271 - Device: cuda | Model on: cuda:0
2026-02-08 19:38:58.562 | INFO     | src.pipelines.train_vision_backbones:run_pipeline:193 - Evaluating resnet18_autoencoder_differential_lr on GADF
2026-02-08 19:39:05.658 | INFO     | src.models.evaluation:evaluate_tsb_ad_nonoverlapping:65 - Normal (171822) reconstruction error: mean=0.0747, std=0.0941
2026-02-08 19:39:05.658 | INFO     | src.models.evaluation:evaluate_tsb_ad_nonoverlapping:66 - Anomaly (8578) reconstruction error: mean=0.1088, std=0.1082
2026-02-08 19:39:05.658 | INFO     | src.models.evaluation:evaluate_tsb_ad_nonoverlapping:67 - Overlap? Normal max=1.0000, Anomaly min=0.0022
2026-02-08 19:39:52.842 | INFO     | src.models.evaluation:evaluate_tsb_ad_nonoverlapping:83 - {'AUC-PR': 0.07089454240133902, 'AUC-ROC': 0.6400120767293868, 'VUS-PR': np.float64(0.10080980151677754), 'VUS-ROC': np.float64(0.7222451445770413), 'Standard-F1': np.float64(0.13083173719847543), 'PA-F1': 0.42942280101534047, 'Event-based-F1': np.float64(0.1754247748102625), 'R-based-F1': 0.11646887939316784, 'Affiliation-F': 0.7010679335030966}
2026-02-08 19:39:53.008 | INFO     | src.pipelines.train_vision_backbones:run_pipeline:170 - Train images: 1428
2026-02-08 19:39:53.008 | INFO     | src.pipelines.train_vision_backbones:run_pipeline:171 - Test images: 6442
2026-02-08 19:39:53.991 | INFO     | src.pipelines.train_vision_backbones:run_pipeline:176 - Training pvt_autoencoder_frozen on GADF
2026-02-08 19:39:54.015 | INFO     | src.models.pvt_autoencoder.training:train_pvt_autoencoder_frozen:24 - Device: cuda | Model on: cuda:0
2026-02-08 19:40:24.821 | INFO     | src.pipelines.train_vision_backbones:run_pipeline:193 - Evaluating pvt_autoencoder_frozen on GADF
2026-02-08 19:40:32.454 | INFO     | src.models.evaluation:evaluate_tsb_ad_nonoverlapping:65 - Normal (171822) reconstruction error: mean=0.0446, std=0.0546
2026-02-08 19:40:32.454 | INFO     | src.models.evaluation:evaluate_tsb_ad_nonoverlapping:66 - Anomaly (8578) reconstruction error: mean=0.1028, std=0.1631
2026-02-08 19:40:32.454 | INFO     | src.models.evaluation:evaluate_tsb_ad_nonoverlapping:67 - Overlap? Normal max=0.7397, Anomaly min=0.0017
2026-02-08 19:41:14.902 | INFO     | src.models.evaluation:evaluate_tsb_ad_nonoverlapping:83 - {'AUC-PR': 0.1476268739279047, 'AUC-ROC': 0.6569906266951496, 'VUS-PR': np.float64(0.13554482471906387), 'VUS-ROC': np.float64(0.73639916475024), 'Standard-F1': np.float64(0.15905789887089336), 'PA-F1': 0.5728926096997691, 'Event-based-F1': np.float64(0.4665744582757026), 'R-based-F1': 0.24004711458186195, 'Affiliation-F': 0.7058692726028729}
2026-02-08 19:41:15.066 | INFO     | src.pipelines.train_vision_backbones:run_pipeline:170 - Train images: 1428
2026-02-08 19:41:15.066 | INFO     | src.pipelines.train_vision_backbones:run_pipeline:171 - Test images: 6442
2026-02-08 19:41:16.061 | INFO     | src.pipelines.train_vision_backbones:run_pipeline:176 - Training pvt_autoencoder_progressive_unfreeze on GADF
2026-02-08 19:41:16.084 | INFO     | src.models.pvt_autoencoder.training:train_pvt_autoencoder_progressive_unfreeze:132 - Device: cuda | Model on: cuda:0
2026-02-08 19:43:27.762 | INFO     | src.pipelines.train_vision_backbones:run_pipeline:193 - Evaluating pvt_autoencoder_progressive_unfreeze on GADF
2026-02-08 19:43:35.791 | INFO     | src.models.evaluation:evaluate_tsb_ad_nonoverlapping:65 - Normal (171822) reconstruction error: mean=0.0495, std=0.0646
2026-02-08 19:43:35.792 | INFO     | src.models.evaluation:evaluate_tsb_ad_nonoverlapping:66 - Anomaly (8578) reconstruction error: mean=0.0982, std=0.1494
2026-02-08 19:43:35.792 | INFO     | src.models.evaluation:evaluate_tsb_ad_nonoverlapping:67 - Overlap? Normal max=0.6745, Anomaly min=0.0011
2026-02-08 19:44:19.195 | INFO     | src.models.evaluation:evaluate_tsb_ad_nonoverlapping:83 - {'AUC-PR': 0.11896546866460926, 'AUC-ROC': 0.6568722975765566, 'VUS-PR': np.float64(0.12093997699081704), 'VUS-ROC': np.float64(0.7365749833632186), 'Standard-F1': np.float64(0.13699112261895713), 'PA-F1': 0.5062573789846517, 'Event-based-F1': np.float64(0.3151154813629083), 'R-based-F1': 0.17142460820081523, 'Affiliation-F': 0.7020997561416011}
2026-02-08 19:44:19.367 | INFO     | src.pipelines.train_vision_backbones:run_pipeline:170 - Train images: 1428
2026-02-08 19:44:19.368 | INFO     | src.pipelines.train_vision_backbones:run_pipeline:171 - Test images: 6442
2026-02-08 19:44:20.362 | INFO     | src.pipelines.train_vision_backbones:run_pipeline:176 - Training pvt_autoencoder_differential_lr on GADF
2026-02-08 19:44:20.386 | INFO     | src.models.pvt_autoencoder.training:train_pvt_autoencoder_differential_lr:267 - Device: cuda | Model on: cuda:0
2026-02-08 19:46:17.167 | INFO     | src.pipelines.train_vision_backbones:run_pipeline:193 - Evaluating pvt_autoencoder_differential_lr on GADF
2026-02-08 19:46:24.754 | INFO     | src.models.evaluation:evaluate_tsb_ad_nonoverlapping:65 - Normal (171822) reconstruction error: mean=0.1061, std=0.1300
2026-02-08 19:46:24.754 | INFO     | src.models.evaluation:evaluate_tsb_ad_nonoverlapping:66 - Anomaly (8578) reconstruction error: mean=0.1645, std=0.1767
2026-02-08 19:46:24.754 | INFO     | src.models.evaluation:evaluate_tsb_ad_nonoverlapping:67 - Overlap? Normal max=1.0000, Anomaly min=0.0055
2026-02-08 19:47:17.523 | INFO     | src.models.evaluation:evaluate_tsb_ad_nonoverlapping:83 - {'AUC-PR': 0.08331760502958599, 'AUC-ROC': 0.6418669571069687, 'VUS-PR': np.float64(0.10764545692092116), 'VUS-ROC': np.float64(0.7237086005835565), 'Standard-F1': np.float64(0.12793284404233787), 'PA-F1': 0.4614715266363724, 'Event-based-F1': np.float64(0.24117647058823483), 'R-based-F1': 0.13970091117571976, 'Affiliation-F': 0.7001699781934878}
2026-02-08 19:47:20.037 | INFO     | src.pipelines.train_vision_backbones:run_pipeline:70 - Using zip: /net/scratch/hscra/plgrid/plgsmendowski12/ts2i_images/SVDB/249_SVDB_id_13_Medical_tr_50000_1st_54982_ts2i_MTF.zip for transformation MTF
2026-02-08 19:47:32.222 | INFO     | src.pipelines.train_vision_backbones:run_pipeline:170 - Train images: 1428
2026-02-08 19:47:32.222 | INFO     | src.pipelines.train_vision_backbones:run_pipeline:171 - Test images: 6442
2026-02-08 19:47:32.228 | INFO     | src.pipelines.train_vision_backbones:run_pipeline:176 - Training cnn_autoencoder on MTF
2026-02-08 19:47:32.233 | INFO     | src.models.cnn_autoencoder.training:train_autoencoder:22 - Device: cuda | Model on: cuda:0
2026-02-08 19:48:31.230 | INFO     | src.pipelines.train_vision_backbones:run_pipeline:193 - Evaluating cnn_autoencoder on MTF
2026-02-08 19:48:38.138 | INFO     | src.models.evaluation:evaluate_tsb_ad_nonoverlapping:65 - Normal (171822) reconstruction error: mean=0.2489, std=0.1139
2026-02-08 19:48:38.138 | INFO     | src.models.evaluation:evaluate_tsb_ad_nonoverlapping:66 - Anomaly (8578) reconstruction error: mean=0.2624, std=0.1183
2026-02-08 19:48:38.138 | INFO     | src.models.evaluation:evaluate_tsb_ad_nonoverlapping:67 - Overlap? Normal max=1.0000, Anomaly min=0.0318
2026-02-08 19:49:46.330 | INFO     | src.models.evaluation:evaluate_tsb_ad_nonoverlapping:83 - {'AUC-PR': 0.05456464772227464, 'AUC-ROC': 0.5342060820265939, 'VUS-PR': np.float64(0.07824175043157434), 'VUS-ROC': np.float64(0.6309263092495709), 'Standard-F1': np.float64(0.107190714443859), 'PA-F1': 0.36741711011051986, 'Event-based-F1': np.float64(0.11902513431655767), 'R-based-F1': 0.10207650685452459, 'Affiliation-F': 0.6906655136394879}
2026-02-08 19:49:46.495 | INFO     | src.pipelines.train_vision_backbones:run_pipeline:170 - Train images: 1428
2026-02-08 19:49:46.495 | INFO     | src.pipelines.train_vision_backbones:run_pipeline:171 - Test images: 6442
2026-02-08 19:49:46.709 | INFO     | src.pipelines.train_vision_backbones:run_pipeline:176 - Training resnet18_autoencoder_frozen on MTF
2026-02-08 19:49:46.725 | INFO     | src.models.resnet18_autoencoder.training:train_autoencoder_frozen:25 - Device: cuda | Model on: cuda:0
2026-02-08 19:50:16.975 | INFO     | src.pipelines.train_vision_backbones:run_pipeline:193 - Evaluating resnet18_autoencoder_frozen on MTF
2026-02-08 19:50:23.692 | INFO     | src.models.evaluation:evaluate_tsb_ad_nonoverlapping:65 - Normal (171822) reconstruction error: mean=0.2142, std=0.1045
2026-02-08 19:50:23.692 | INFO     | src.models.evaluation:evaluate_tsb_ad_nonoverlapping:66 - Anomaly (8578) reconstruction error: mean=0.2222, std=0.0958
2026-02-08 19:50:23.692 | INFO     | src.models.evaluation:evaluate_tsb_ad_nonoverlapping:67 - Overlap? Normal max=1.0000, Anomaly min=0.0082
2026-02-08 19:51:27.419 | INFO     | src.models.evaluation:evaluate_tsb_ad_nonoverlapping:83 - {'AUC-PR': 0.05068577483146776, 'AUC-ROC': 0.5311663526796815, 'VUS-PR': np.float64(0.06731537910107925), 'VUS-ROC': np.float64(0.60078325853656), 'Standard-F1': np.float64(0.09833725082394794), 'PA-F1': 0.2915026963999417, 'Event-based-F1': np.float64(0.10092153148743258), 'R-based-F1': 0.09098901036987858, 'Affiliation-F': 0.6818942442419159}
2026-02-08 19:51:27.585 | INFO     | src.pipelines.train_vision_backbones:run_pipeline:170 - Train images: 1428
2026-02-08 19:51:27.586 | INFO     | src.pipelines.train_vision_backbones:run_pipeline:171 - Test images: 6442
2026-02-08 19:51:27.798 | INFO     | src.pipelines.train_vision_backbones:run_pipeline:176 - Training resnet18_autoencoder_progressive_unfreeze on MTF
2026-02-08 19:51:27.812 | INFO     | src.models.resnet18_autoencoder.training:train_autoencoder_progressive_unfreeze:133 - Device: cuda | Model on: cuda:0
2026-02-08 19:52:07.507 | INFO     | src.pipelines.train_vision_backbones:run_pipeline:193 - Evaluating resnet18_autoencoder_progressive_unfreeze on MTF
2026-02-08 19:52:13.848 | INFO     | src.models.evaluation:evaluate_tsb_ad_nonoverlapping:65 - Normal (171822) reconstruction error: mean=0.2009, std=0.0974
2026-02-08 19:52:13.849 | INFO     | src.models.evaluation:evaluate_tsb_ad_nonoverlapping:66 - Anomaly (8578) reconstruction error: mean=0.2155, std=0.0874
2026-02-08 19:52:13.849 | INFO     | src.models.evaluation:evaluate_tsb_ad_nonoverlapping:67 - Overlap? Normal max=1.0000, Anomaly min=0.0048
2026-02-08 19:53:15.556 | INFO     | src.models.evaluation:evaluate_tsb_ad_nonoverlapping:83 - {'AUC-PR': 0.05316221465604986, 'AUC-ROC': 0.5526974893544163, 'VUS-PR': np.float64(0.07137562494344225), 'VUS-ROC': np.float64(0.6286489512660328), 'Standard-F1': np.float64(0.10154024972604278), 'PA-F1': 0.3008377555693236, 'Event-based-F1': np.float64(0.10665537729376201), 'R-based-F1': 0.09473095021410777, 'Affiliation-F': 0.6886354765173387}
2026-02-08 19:53:15.719 | INFO     | src.pipelines.train_vision_backbones:run_pipeline:170 - Train images: 1428
2026-02-08 19:53:15.719 | INFO     | src.pipelines.train_vision_backbones:run_pipeline:171 - Test images: 6442
2026-02-08 19:53:15.931 | INFO     | src.pipelines.train_vision_backbones:run_pipeline:176 - Training resnet18_autoencoder_differential_lr on MTF
2026-02-08 19:53:15.945 | INFO     | src.models.resnet18_autoencoder.training:train_autoencoder_differential_lr:271 - Device: cuda | Model on: cuda:0
2026-02-08 19:54:04.760 | INFO     | src.pipelines.train_vision_backbones:run_pipeline:193 - Evaluating resnet18_autoencoder_differential_lr on MTF
2026-02-08 19:54:11.559 | INFO     | src.models.evaluation:evaluate_tsb_ad_nonoverlapping:65 - Normal (171822) reconstruction error: mean=0.1786, std=0.0877
2026-02-08 19:54:11.560 | INFO     | src.models.evaluation:evaluate_tsb_ad_nonoverlapping:66 - Anomaly (8578) reconstruction error: mean=0.1900, std=0.0825
2026-02-08 19:54:11.560 | INFO     | src.models.evaluation:evaluate_tsb_ad_nonoverlapping:67 - Overlap? Normal max=1.0000, Anomaly min=0.0191
2026-02-08 19:55:10.393 | INFO     | src.models.evaluation:evaluate_tsb_ad_nonoverlapping:83 - {'AUC-PR': 0.05299691989545651, 'AUC-ROC': 0.5416655766932199, 'VUS-PR': np.float64(0.07317694647872579), 'VUS-ROC': np.float64(0.6253105649683416), 'Standard-F1': np.float64(0.10007893906545529), 'PA-F1': 0.3314669652855543, 'Event-based-F1': np.float64(0.10825427730625202), 'R-based-F1': 0.09589293794870214, 'Affiliation-F': 0.6900291887841062}
2026-02-08 19:55:10.561 | INFO     | src.pipelines.train_vision_backbones:run_pipeline:170 - Train images: 1428
2026-02-08 19:55:10.561 | INFO     | src.pipelines.train_vision_backbones:run_pipeline:171 - Test images: 6442
2026-02-08 19:55:11.528 | INFO     | src.pipelines.train_vision_backbones:run_pipeline:176 - Training pvt_autoencoder_frozen on MTF
2026-02-08 19:55:11.552 | INFO     | src.models.pvt_autoencoder.training:train_pvt_autoencoder_frozen:24 - Device: cuda | Model on: cuda:0
2026-02-08 19:55:41.377 | INFO     | src.pipelines.train_vision_backbones:run_pipeline:193 - Evaluating pvt_autoencoder_frozen on MTF
2026-02-08 19:55:48.472 | INFO     | src.models.evaluation:evaluate_tsb_ad_nonoverlapping:65 - Normal (171822) reconstruction error: mean=0.2120, std=0.1019
2026-02-08 19:55:48.472 | INFO     | src.models.evaluation:evaluate_tsb_ad_nonoverlapping:66 - Anomaly (8578) reconstruction error: mean=0.2290, std=0.1042
2026-02-08 19:55:48.472 | INFO     | src.models.evaluation:evaluate_tsb_ad_nonoverlapping:67 - Overlap? Normal max=1.0000, Anomaly min=0.0000
2026-02-08 19:56:52.042 | INFO     | src.models.evaluation:evaluate_tsb_ad_nonoverlapping:83 - {'AUC-PR': 0.05633060275807785, 'AUC-ROC': 0.5503958833766163, 'VUS-PR': np.float64(0.07262035447646917), 'VUS-ROC': np.float64(0.6278558184636325), 'Standard-F1': np.float64(0.10438990906974666), 'PA-F1': 0.338109701625871, 'Event-based-F1': np.float64(0.12648675252235206), 'R-based-F1': 0.10078727173160318, 'Affiliation-F': 0.6878398008264693}
2026-02-08 19:56:52.208 | INFO     | src.pipelines.train_vision_backbones:run_pipeline:170 - Train images: 1428
2026-02-08 19:56:52.209 | INFO     | src.pipelines.train_vision_backbones:run_pipeline:171 - Test images: 6442
2026-02-08 19:56:53.213 | INFO     | src.pipelines.train_vision_backbones:run_pipeline:176 - Training pvt_autoencoder_progressive_unfreeze on MTF
2026-02-08 19:56:53.237 | INFO     | src.models.pvt_autoencoder.training:train_pvt_autoencoder_progressive_unfreeze:132 - Device: cuda | Model on: cuda:0
2026-02-08 19:57:42.569 | INFO     | src.pipelines.train_vision_backbones:run_pipeline:193 - Evaluating pvt_autoencoder_progressive_unfreeze on MTF
2026-02-08 19:57:49.587 | INFO     | src.models.evaluation:evaluate_tsb_ad_nonoverlapping:65 - Normal (171822) reconstruction error: mean=0.2003, std=0.0966
2026-02-08 19:57:49.587 | INFO     | src.models.evaluation:evaluate_tsb_ad_nonoverlapping:66 - Anomaly (8578) reconstruction error: mean=0.2150, std=0.0929
2026-02-08 19:57:49.587 | INFO     | src.models.evaluation:evaluate_tsb_ad_nonoverlapping:67 - Overlap? Normal max=1.0000, Anomaly min=0.0196
2026-02-08 19:58:51.741 | INFO     | src.models.evaluation:evaluate_tsb_ad_nonoverlapping:83 - {'AUC-PR': 0.05398336788144812, 'AUC-ROC': 0.547969152653679, 'VUS-PR': np.float64(0.07334971281347041), 'VUS-ROC': np.float64(0.6296302204002278), 'Standard-F1': np.float64(0.1017881846604401), 'PA-F1': 0.3290272791329732, 'Event-based-F1': np.float64(0.11129398023496552), 'R-based-F1': 0.09553635537569755, 'Affiliation-F': 0.6892846992188693}
2026-02-08 19:58:51.913 | INFO     | src.pipelines.train_vision_backbones:run_pipeline:170 - Train images: 1428
2026-02-08 19:58:51.913 | INFO     | src.pipelines.train_vision_backbones:run_pipeline:171 - Test images: 6442
2026-02-08 19:58:52.955 | INFO     | src.pipelines.train_vision_backbones:run_pipeline:176 - Training pvt_autoencoder_differential_lr on MTF
2026-02-08 19:58:52.979 | INFO     | src.models.pvt_autoencoder.training:train_pvt_autoencoder_differential_lr:267 - Device: cuda | Model on: cuda:0
2026-02-08 19:59:39.813 | INFO     | src.pipelines.train_vision_backbones:run_pipeline:193 - Evaluating pvt_autoencoder_differential_lr on MTF
2026-02-08 19:59:47.427 | INFO     | src.models.evaluation:evaluate_tsb_ad_nonoverlapping:65 - Normal (171822) reconstruction error: mean=0.2050, std=0.0985
2026-02-08 19:59:47.427 | INFO     | src.models.evaluation:evaluate_tsb_ad_nonoverlapping:66 - Anomaly (8578) reconstruction error: mean=0.2171, std=0.0959
2026-02-08 19:59:47.427 | INFO     | src.models.evaluation:evaluate_tsb_ad_nonoverlapping:67 - Overlap? Normal max=1.0000, Anomaly min=0.0051
2026-02-08 20:00:49.527 | INFO     | src.models.evaluation:evaluate_tsb_ad_nonoverlapping:83 - {'AUC-PR': 0.05304669887274942, 'AUC-ROC': 0.5353238268977081, 'VUS-PR': np.float64(0.07210768834610146), 'VUS-ROC': np.float64(0.6201113880091829), 'Standard-F1': np.float64(0.0993121724035625), 'PA-F1': 0.33155766638855017, 'Event-based-F1': np.float64(0.11010926063434802), 'R-based-F1': 0.09811927815939663, 'Affiliation-F': 0.6851772481357272}
2026-02-08 20:00:51.961 | INFO     | src.pipelines.train_vision_backbones:run_pipeline:70 - Using zip: /net/scratch/hscra/plgrid/plgsmendowski12/ts2i_images/SVDB/249_SVDB_id_13_Medical_tr_50000_1st_54982_ts2i_RP.zip for transformation RP
2026-02-08 20:01:02.270 | INFO     | src.pipelines.train_vision_backbones:run_pipeline:170 - Train images: 1428
2026-02-08 20:01:02.270 | INFO     | src.pipelines.train_vision_backbones:run_pipeline:171 - Test images: 6442
2026-02-08 20:01:02.277 | INFO     | src.pipelines.train_vision_backbones:run_pipeline:176 - Training cnn_autoencoder on RP
2026-02-08 20:01:02.281 | INFO     | src.models.cnn_autoencoder.training:train_autoencoder:22 - Device: cuda | Model on: cuda:0
2026-02-08 20:03:40.945 | INFO     | src.pipelines.train_vision_backbones:run_pipeline:193 - Evaluating cnn_autoencoder on RP
2026-02-08 20:03:46.750 | INFO     | src.models.evaluation:evaluate_tsb_ad_nonoverlapping:65 - Normal (171822) reconstruction error: mean=0.1589, std=0.1687
2026-02-08 20:03:46.750 | INFO     | src.models.evaluation:evaluate_tsb_ad_nonoverlapping:66 - Anomaly (8578) reconstruction error: mean=0.1782, std=0.1758
2026-02-08 20:03:46.750 | INFO     | src.models.evaluation:evaluate_tsb_ad_nonoverlapping:67 - Overlap? Normal max=1.0000, Anomaly min=0.0000
2026-02-08 20:04:47.595 | INFO     | src.models.evaluation:evaluate_tsb_ad_nonoverlapping:83 - {'AUC-PR': 0.05322144284133637, 'AUC-ROC': 0.529393639948692, 'VUS-PR': np.float64(0.06972166794170546), 'VUS-ROC': np.float64(0.5845158365983876), 'Standard-F1': np.float64(0.100979238730881), 'PA-F1': 0.34067273318167046, 'Event-based-F1': np.float64(0.11923808650606255), 'R-based-F1': 0.09456551071276727, 'Affiliation-F': 0.6756691765208851}
2026-02-08 20:04:47.757 | INFO     | src.pipelines.train_vision_backbones:run_pipeline:170 - Train images: 1428
2026-02-08 20:04:47.757 | INFO     | src.pipelines.train_vision_backbones:run_pipeline:171 - Test images: 6442
2026-02-08 20:04:47.982 | INFO     | src.pipelines.train_vision_backbones:run_pipeline:176 - Training resnet18_autoencoder_frozen on RP
2026-02-08 20:04:47.995 | INFO     | src.models.resnet18_autoencoder.training:train_autoencoder_frozen:25 - Device: cuda | Model on: cuda:0
2026-02-08 20:05:19.236 | INFO     | src.pipelines.train_vision_backbones:run_pipeline:193 - Evaluating resnet18_autoencoder_frozen on RP
2026-02-08 20:05:25.646 | INFO     | src.models.evaluation:evaluate_tsb_ad_nonoverlapping:65 - Normal (171822) reconstruction error: mean=0.3101, std=0.2495
2026-02-08 20:05:25.646 | INFO     | src.models.evaluation:evaluate_tsb_ad_nonoverlapping:66 - Anomaly (8578) reconstruction error: mean=0.3438, std=0.2743
2026-02-08 20:05:25.646 | INFO     | src.models.evaluation:evaluate_tsb_ad_nonoverlapping:67 - Overlap? Normal max=0.8889, Anomaly min=0.0000
2026-02-08 20:06:47.681 | INFO     | src.models.evaluation:evaluate_tsb_ad_nonoverlapping:83 - {'AUC-PR': 0.07513151488360764, 'AUC-ROC': 0.5319348297568948, 'VUS-PR': np.float64(0.08120148877221775), 'VUS-ROC': np.float64(0.5947947113227025), 'Standard-F1': np.float64(0.12174126266147342), 'PA-F1': 0.46671709531013617, 'Event-based-F1': np.float64(0.2493535278906535), 'R-based-F1': 0.5556683356391326, 'Affiliation-F': 0.6992523648198915}
2026-02-08 20:06:47.845 | INFO     | src.pipelines.train_vision_backbones:run_pipeline:170 - Train images: 1428
2026-02-08 20:06:47.845 | INFO     | src.pipelines.train_vision_backbones:run_pipeline:171 - Test images: 6442
2026-02-08 20:06:48.061 | INFO     | src.pipelines.train_vision_backbones:run_pipeline:176 - Training resnet18_autoencoder_progressive_unfreeze on RP
2026-02-08 20:06:48.075 | INFO     | src.models.resnet18_autoencoder.training:train_autoencoder_progressive_unfreeze:133 - Device: cuda | Model on: cuda:0
2026-02-08 20:07:30.006 | INFO     | src.pipelines.train_vision_backbones:run_pipeline:193 - Evaluating resnet18_autoencoder_progressive_unfreeze on RP
2026-02-08 20:07:36.772 | INFO     | src.models.evaluation:evaluate_tsb_ad_nonoverlapping:65 - Normal (171822) reconstruction error: mean=0.3245, std=0.2624
2026-02-08 20:07:36.772 | INFO     | src.models.evaluation:evaluate_tsb_ad_nonoverlapping:66 - Anomaly (8578) reconstruction error: mean=0.3592, std=0.2828
2026-02-08 20:07:36.772 | INFO     | src.models.evaluation:evaluate_tsb_ad_nonoverlapping:67 - Overlap? Normal max=1.0000, Anomaly min=0.0000
2026-02-08 20:09:01.624 | INFO     | src.models.evaluation:evaluate_tsb_ad_nonoverlapping:83 - {'AUC-PR': 0.06271459267102981, 'AUC-ROC': 0.5492604098991121, 'VUS-PR': np.float64(0.07833845978160796), 'VUS-ROC': np.float64(0.5978163407038217), 'Standard-F1': np.float64(0.11856732688911996), 'PA-F1': 0.3915832290362954, 'Event-based-F1': np.float64(0.18390804597701108), 'R-based-F1': 0.12216144962194579, 'Affiliation-F': 0.6751319704145808}
2026-02-08 20:09:01.789 | INFO     | src.pipelines.train_vision_backbones:run_pipeline:170 - Train images: 1428
2026-02-08 20:09:01.789 | INFO     | src.pipelines.train_vision_backbones:run_pipeline:171 - Test images: 6442
2026-02-08 20:09:02.042 | INFO     | src.pipelines.train_vision_backbones:run_pipeline:176 - Training resnet18_autoencoder_differential_lr on RP
2026-02-08 20:09:02.056 | INFO     | src.models.resnet18_autoencoder.training:train_autoencoder_differential_lr:271 - Device: cuda | Model on: cuda:0
2026-02-08 20:09:51.959 | INFO     | src.pipelines.train_vision_backbones:run_pipeline:193 - Evaluating resnet18_autoencoder_differential_lr on RP
2026-02-08 20:09:58.876 | INFO     | src.models.evaluation:evaluate_tsb_ad_nonoverlapping:65 - Normal (171822) reconstruction error: mean=0.3206, std=0.2599
2026-02-08 20:09:58.876 | INFO     | src.models.evaluation:evaluate_tsb_ad_nonoverlapping:66 - Anomaly (8578) reconstruction error: mean=0.3518, std=0.2742
2026-02-08 20:09:58.876 | INFO     | src.models.evaluation:evaluate_tsb_ad_nonoverlapping:67 - Overlap? Normal max=1.0000, Anomaly min=0.0000
2026-02-08 20:11:23.352 | INFO     | src.models.evaluation:evaluate_tsb_ad_nonoverlapping:83 - {'AUC-PR': 0.05683600788860735, 'AUC-ROC': 0.5478983318579577, 'VUS-PR': np.float64(0.07345468197120805), 'VUS-ROC': np.float64(0.5978040110990429), 'Standard-F1': np.float64(0.1109895207463813), 'PA-F1': 0.35640603976678126, 'Event-based-F1': np.float64(0.12927312248057324), 'R-based-F1': 0.10758525584521453, 'Affiliation-F': 0.676938100660948}
2026-02-08 20:11:23.530 | INFO     | src.pipelines.train_vision_backbones:run_pipeline:170 - Train images: 1428
2026-02-08 20:11:23.530 | INFO     | src.pipelines.train_vision_backbones:run_pipeline:171 - Test images: 6442
2026-02-08 20:11:24.502 | INFO     | src.pipelines.train_vision_backbones:run_pipeline:176 - Training pvt_autoencoder_frozen on RP
2026-02-08 20:11:24.526 | INFO     | src.models.pvt_autoencoder.training:train_pvt_autoencoder_frozen:24 - Device: cuda | Model on: cuda:0
2026-02-08 20:12:02.866 | INFO     | src.pipelines.train_vision_backbones:run_pipeline:193 - Evaluating pvt_autoencoder_frozen on RP
2026-02-08 20:12:09.946 | INFO     | src.models.evaluation:evaluate_tsb_ad_nonoverlapping:65 - Normal (171822) reconstruction error: mean=0.3008, std=0.2412
2026-02-08 20:12:09.947 | INFO     | src.models.evaluation:evaluate_tsb_ad_nonoverlapping:66 - Anomaly (8578) reconstruction error: mean=0.3327, std=0.2629
2026-02-08 20:12:09.947 | INFO     | src.models.evaluation:evaluate_tsb_ad_nonoverlapping:67 - Overlap? Normal max=1.0000, Anomaly min=0.0000
2026-02-08 20:13:30.657 | INFO     | src.models.evaluation:evaluate_tsb_ad_nonoverlapping:83 - {'AUC-PR': 0.06848901585677088, 'AUC-ROC': 0.5475758354131167, 'VUS-PR': np.float64(0.0780413872849244), 'VUS-ROC': np.float64(0.5934187233524586), 'Standard-F1': np.float64(0.12415049837930926), 'PA-F1': 0.3989623670062784, 'Event-based-F1': np.float64(0.18534119629317558), 'R-based-F1': 0.1206253084191138, 'Affiliation-F': 0.6866000739325359}
2026-02-08 20:13:30.824 | INFO     | src.pipelines.train_vision_backbones:run_pipeline:170 - Train images: 1428
2026-02-08 20:13:30.824 | INFO     | src.pipelines.train_vision_backbones:run_pipeline:171 - Test images: 6442
2026-02-08 20:13:31.825 | INFO     | src.pipelines.train_vision_backbones:run_pipeline:176 - Training pvt_autoencoder_progressive_unfreeze on RP
2026-02-08 20:13:31.850 | INFO     | src.models.pvt_autoencoder.training:train_pvt_autoencoder_progressive_unfreeze:132 - Device: cuda | Model on: cuda:0
2026-02-08 20:14:37.681 | INFO     | src.pipelines.train_vision_backbones:run_pipeline:193 - Evaluating pvt_autoencoder_progressive_unfreeze on RP
2026-02-08 20:14:45.128 | INFO     | src.models.evaluation:evaluate_tsb_ad_nonoverlapping:65 - Normal (171822) reconstruction error: mean=0.3215, std=0.2603
2026-02-08 20:14:45.128 | INFO     | src.models.evaluation:evaluate_tsb_ad_nonoverlapping:66 - Anomaly (8578) reconstruction error: mean=0.3565, std=0.2795
2026-02-08 20:14:45.128 | INFO     | src.models.evaluation:evaluate_tsb_ad_nonoverlapping:67 - Overlap? Normal max=1.0000, Anomaly min=0.0000
2026-02-08 20:16:09.408 | INFO     | src.models.evaluation:evaluate_tsb_ad_nonoverlapping:83 - {'AUC-PR': 0.06013826969238399, 'AUC-ROC': 0.5370824761555537, 'VUS-PR': np.float64(0.07574329431746718), 'VUS-ROC': np.float64(0.5982217765762794), 'Standard-F1': np.float64(0.11139963447596571), 'PA-F1': 0.40196202799272696, 'Event-based-F1': np.float64(0.1577060931899638), 'R-based-F1': 0.5556683356391326, 'Affiliation-F': 0.6752853942357587}
2026-02-08 20:16:09.578 | INFO     | src.pipelines.train_vision_backbones:run_pipeline:170 - Train images: 1428
2026-02-08 20:16:09.578 | INFO     | src.pipelines.train_vision_backbones:run_pipeline:171 - Test images: 6442
2026-02-08 20:16:10.550 | INFO     | src.pipelines.train_vision_backbones:run_pipeline:176 - Training pvt_autoencoder_differential_lr on RP
2026-02-08 20:16:10.573 | INFO     | src.models.pvt_autoencoder.training:train_pvt_autoencoder_differential_lr:267 - Device: cuda | Model on: cuda:0
2026-02-08 20:17:17.759 | INFO     | src.pipelines.train_vision_backbones:run_pipeline:193 - Evaluating pvt_autoencoder_differential_lr on RP
2026-02-08 20:17:24.604 | INFO     | src.models.evaluation:evaluate_tsb_ad_nonoverlapping:65 - Normal (171822) reconstruction error: mean=0.3161, std=0.2552
2026-02-08 20:17:24.604 | INFO     | src.models.evaluation:evaluate_tsb_ad_nonoverlapping:66 - Anomaly (8578) reconstruction error: mean=0.3478, std=0.2716
2026-02-08 20:17:24.604 | INFO     | src.models.evaluation:evaluate_tsb_ad_nonoverlapping:67 - Overlap? Normal max=1.0000, Anomaly min=0.0000
2026-02-08 20:18:48.967 | INFO     | src.models.evaluation:evaluate_tsb_ad_nonoverlapping:83 - {'AUC-PR': 0.059790872642030556, 'AUC-ROC': 0.5475953185612641, 'VUS-PR': np.float64(0.07371860626293755), 'VUS-ROC': np.float64(0.5965188003417289), 'Standard-F1': np.float64(0.1098349060090657), 'PA-F1': 0.35575433159599945, 'Event-based-F1': np.float64(0.13689253935660475), 'R-based-F1': 0.10354869640884622, 'Affiliation-F': 0.6755174258420743}
2026-02-08 20:18:51.899 | INFO     | src.pipelines.train_vision_backbones:run_pipeline:70 - Using zip: /net/scratch/hscra/plgrid/plgsmendowski12/ts2i_images/SVDB/249_SVDB_id_13_Medical_tr_50000_1st_54982_ts2i_RWT.zip for transformation RWT
2026-02-08 20:19:01.974 | INFO     | src.pipelines.train_vision_backbones:run_pipeline:170 - Train images: 1428
2026-02-08 20:19:01.975 | INFO     | src.pipelines.train_vision_backbones:run_pipeline:171 - Test images: 6442
2026-02-08 20:19:01.981 | INFO     | src.pipelines.train_vision_backbones:run_pipeline:176 - Training cnn_autoencoder on RWT
2026-02-08 20:19:01.986 | INFO     | src.models.cnn_autoencoder.training:train_autoencoder:22 - Device: cuda | Model on: cuda:0
2026-02-08 20:19:52.286 | INFO     | src.pipelines.train_vision_backbones:run_pipeline:193 - Evaluating cnn_autoencoder on RWT
2026-02-08 20:19:58.242 | INFO     | src.models.evaluation:evaluate_tsb_ad_nonoverlapping:65 - Normal (171822) reconstruction error: mean=0.0033, std=0.0055
2026-02-08 20:19:58.242 | INFO     | src.models.evaluation:evaluate_tsb_ad_nonoverlapping:66 - Anomaly (8578) reconstruction error: mean=0.0391, std=0.1229
2026-02-08 20:19:58.242 | INFO     | src.models.evaluation:evaluate_tsb_ad_nonoverlapping:67 - Overlap? Normal max=0.2041, Anomaly min=0.0000
2026-02-08 20:20:34.257 | INFO     | src.models.evaluation:evaluate_tsb_ad_nonoverlapping:83 - {'AUC-PR': 0.27540364202368806, 'AUC-ROC': 0.5891191247523943, 'VUS-PR': np.float64(0.21628995317410543), 'VUS-ROC': np.float64(0.656487533381362), 'Standard-F1': np.float64(0.344357864151643), 'PA-F1': 0.6835130124287578, 'Event-based-F1': np.float64(0.629750271444082), 'R-based-F1': 0.39567116809014397, 'Affiliation-F': 0.7603734392751677}
2026-02-08 20:20:34.422 | INFO     | src.pipelines.train_vision_backbones:run_pipeline:170 - Train images: 1428
2026-02-08 20:20:34.422 | INFO     | src.pipelines.train_vision_backbones:run_pipeline:171 - Test images: 6442
2026-02-08 20:20:34.630 | INFO     | src.pipelines.train_vision_backbones:run_pipeline:176 - Training resnet18_autoencoder_frozen on RWT
2026-02-08 20:20:34.643 | INFO     | src.models.resnet18_autoencoder.training:train_autoencoder_frozen:25 - Device: cuda | Model on: cuda:0
2026-02-08 20:21:17.491 | INFO     | src.pipelines.train_vision_backbones:run_pipeline:193 - Evaluating resnet18_autoencoder_frozen on RWT
2026-02-08 20:21:23.810 | INFO     | src.models.evaluation:evaluate_tsb_ad_nonoverlapping:65 - Normal (171822) reconstruction error: mean=0.0032, std=0.0155
2026-02-08 20:21:23.810 | INFO     | src.models.evaluation:evaluate_tsb_ad_nonoverlapping:66 - Anomaly (8578) reconstruction error: mean=0.0504, std=0.1481
2026-02-08 20:21:23.810 | INFO     | src.models.evaluation:evaluate_tsb_ad_nonoverlapping:67 - Overlap? Normal max=0.6249, Anomaly min=0.0000
2026-02-08 20:22:00.261 | INFO     | src.models.evaluation:evaluate_tsb_ad_nonoverlapping:83 - {'AUC-PR': 0.23602045702026714, 'AUC-ROC': 0.6234446187470184, 'VUS-PR': np.float64(0.1927968487679503), 'VUS-ROC': np.float64(0.6890587233563598), 'Standard-F1': np.float64(0.3125250839253157), 'PA-F1': 0.6398617068954479, 'Event-based-F1': np.float64(0.5766590389016012), 'R-based-F1': 0.3362606333252796, 'Affiliation-F': 0.7599276454553234}
2026-02-08 20:22:00.429 | INFO     | src.pipelines.train_vision_backbones:run_pipeline:170 - Train images: 1428
2026-02-08 20:22:00.429 | INFO     | src.pipelines.train_vision_backbones:run_pipeline:171 - Test images: 6442
2026-02-08 20:22:00.654 | INFO     | src.pipelines.train_vision_backbones:run_pipeline:176 - Training resnet18_autoencoder_progressive_unfreeze on RWT
2026-02-08 20:22:00.669 | INFO     | src.models.resnet18_autoencoder.training:train_autoencoder_progressive_unfreeze:133 - Device: cuda | Model on: cuda:0
2026-02-08 20:22:51.526 | INFO     | src.pipelines.train_vision_backbones:run_pipeline:193 - Evaluating resnet18_autoencoder_progressive_unfreeze on RWT
2026-02-08 20:22:58.352 | INFO     | src.models.evaluation:evaluate_tsb_ad_nonoverlapping:65 - Normal (171822) reconstruction error: mean=0.0015, std=0.0061
2026-02-08 20:22:58.353 | INFO     | src.models.evaluation:evaluate_tsb_ad_nonoverlapping:66 - Anomaly (8578) reconstruction error: mean=0.0224, std=0.0820
2026-02-08 20:22:58.353 | INFO     | src.models.evaluation:evaluate_tsb_ad_nonoverlapping:67 - Overlap? Normal max=0.4193, Anomaly min=0.0000
2026-02-08 20:23:34.086 | INFO     | src.models.evaluation:evaluate_tsb_ad_nonoverlapping:83 - {'AUC-PR': 0.251254425645361, 'AUC-ROC': 0.6112533705690245, 'VUS-PR': np.float64(0.19951326071752934), 'VUS-ROC': np.float64(0.6781946442495437), 'Standard-F1': np.float64(0.2954712974937102), 'PA-F1': 0.676294317279226, 'Event-based-F1': np.float64(0.6322974672175313), 'R-based-F1': 0.3702015325105758, 'Affiliation-F': 0.7644150767837833}
2026-02-08 20:23:34.250 | INFO     | src.pipelines.train_vision_backbones:run_pipeline:170 - Train images: 1428
2026-02-08 20:23:34.251 | INFO     | src.pipelines.train_vision_backbones:run_pipeline:171 - Test images: 6442
2026-02-08 20:23:34.481 | INFO     | src.pipelines.train_vision_backbones:run_pipeline:176 - Training resnet18_autoencoder_differential_lr on RWT
2026-02-08 20:23:34.495 | INFO     | src.models.resnet18_autoencoder.training:train_autoencoder_differential_lr:271 - Device: cuda | Model on: cuda:0
2026-02-08 20:24:08.688 | INFO     | src.pipelines.train_vision_backbones:run_pipeline:193 - Evaluating resnet18_autoencoder_differential_lr on RWT
2026-02-08 20:24:14.886 | INFO     | src.models.evaluation:evaluate_tsb_ad_nonoverlapping:65 - Normal (171822) reconstruction error: mean=0.0034, std=0.0071
2026-02-08 20:24:14.886 | INFO     | src.models.evaluation:evaluate_tsb_ad_nonoverlapping:66 - Anomaly (8578) reconstruction error: mean=0.0331, std=0.1014
2026-02-08 20:24:14.886 | INFO     | src.models.evaluation:evaluate_tsb_ad_nonoverlapping:67 - Overlap? Normal max=0.3259, Anomaly min=0.0000
2026-02-08 20:24:50.845 | INFO     | src.models.evaluation:evaluate_tsb_ad_nonoverlapping:83 - {'AUC-PR': 0.2622244737989153, 'AUC-ROC': 0.6077811012209144, 'VUS-PR': np.float64(0.21458433168210095), 'VUS-ROC': np.float64(0.6742179398897828), 'Standard-F1': np.float64(0.32900946873793135), 'PA-F1': 0.6934617263275417, 'Event-based-F1': np.float64(0.65063649222065), 'R-based-F1': 0.39441441737384425, 'Affiliation-F': 0.7639372404431157}
2026-02-08 20:24:51.080 | INFO     | src.pipelines.train_vision_backbones:run_pipeline:170 - Train images: 1428
2026-02-08 20:24:51.080 | INFO     | src.pipelines.train_vision_backbones:run_pipeline:171 - Test images: 6442
2026-02-08 20:24:52.042 | INFO     | src.pipelines.train_vision_backbones:run_pipeline:176 - Training pvt_autoencoder_frozen on RWT
2026-02-08 20:24:52.066 | INFO     | src.models.pvt_autoencoder.training:train_pvt_autoencoder_frozen:24 - Device: cuda | Model on: cuda:0
2026-02-08 20:25:35.558 | INFO     | src.pipelines.train_vision_backbones:run_pipeline:193 - Evaluating pvt_autoencoder_frozen on RWT
2026-02-08 20:25:42.727 | INFO     | src.models.evaluation:evaluate_tsb_ad_nonoverlapping:65 - Normal (171822) reconstruction error: mean=0.0018, std=0.0094
2026-02-08 20:25:42.727 | INFO     | src.models.evaluation:evaluate_tsb_ad_nonoverlapping:66 - Anomaly (8578) reconstruction error: mean=0.0277, std=0.0979
2026-02-08 20:25:42.728 | INFO     | src.models.evaluation:evaluate_tsb_ad_nonoverlapping:67 - Overlap? Normal max=0.7009, Anomaly min=0.0000
2026-02-08 20:26:18.613 | INFO     | src.models.evaluation:evaluate_tsb_ad_nonoverlapping:83 - {'AUC-PR': 0.2793679008102239, 'AUC-ROC': 0.6116228311981103, 'VUS-PR': np.float64(0.225615682147425), 'VUS-ROC': np.float64(0.6782550669607265), 'Standard-F1': np.float64(0.3422578384787065), 'PA-F1': 0.7122719141323792, 'Event-based-F1': np.float64(0.6887661141804783), 'R-based-F1': 0.427272586821658, 'Affiliation-F': 0.7510821187041125}
2026-02-08 20:26:18.792 | INFO     | src.pipelines.train_vision_backbones:run_pipeline:170 - Train images: 1428
2026-02-08 20:26:18.792 | INFO     | src.pipelines.train_vision_backbones:run_pipeline:171 - Test images: 6442
2026-02-08 20:26:19.746 | INFO     | src.pipelines.train_vision_backbones:run_pipeline:176 - Training pvt_autoencoder_progressive_unfreeze on RWT
2026-02-08 20:26:19.770 | INFO     | src.models.pvt_autoencoder.training:train_pvt_autoencoder_progressive_unfreeze:132 - Device: cuda | Model on: cuda:0
2026-02-08 20:27:00.292 | INFO     | src.pipelines.train_vision_backbones:run_pipeline:193 - Evaluating pvt_autoencoder_progressive_unfreeze on RWT
2026-02-08 20:27:07.470 | INFO     | src.models.evaluation:evaluate_tsb_ad_nonoverlapping:65 - Normal (171822) reconstruction error: mean=0.0022, std=0.0112
2026-02-08 20:27:07.470 | INFO     | src.models.evaluation:evaluate_tsb_ad_nonoverlapping:66 - Anomaly (8578) reconstruction error: mean=0.0290, std=0.1001
2026-02-08 20:27:07.471 | INFO     | src.models.evaluation:evaluate_tsb_ad_nonoverlapping:67 - Overlap? Normal max=0.8400, Anomaly min=0.0000
2026-02-08 20:27:43.244 | INFO     | src.models.evaluation:evaluate_tsb_ad_nonoverlapping:83 - {'AUC-PR': 0.2749042388489495, 'AUC-ROC': 0.6058565358182616, 'VUS-PR': np.float64(0.22200292750446832), 'VUS-ROC': np.float64(0.673621116246459), 'Standard-F1': np.float64(0.335352679733759), 'PA-F1': 0.6786992840095465, 'Event-based-F1': np.float64(0.6628484154257345), 'R-based-F1': 0.3968875108995342, 'Affiliation-F': 0.738137496692559}
2026-02-08 20:27:43.418 | INFO     | src.pipelines.train_vision_backbones:run_pipeline:170 - Train images: 1428
2026-02-08 20:27:43.418 | INFO     | src.pipelines.train_vision_backbones:run_pipeline:171 - Test images: 6442
2026-02-08 20:27:44.368 | INFO     | src.pipelines.train_vision_backbones:run_pipeline:176 - Training pvt_autoencoder_differential_lr on RWT
2026-02-08 20:27:44.392 | INFO     | src.models.pvt_autoencoder.training:train_pvt_autoencoder_differential_lr:267 - Device: cuda | Model on: cuda:0
2026-02-08 20:28:41.293 | INFO     | src.pipelines.train_vision_backbones:run_pipeline:193 - Evaluating pvt_autoencoder_differential_lr on RWT
2026-02-08 20:28:48.107 | INFO     | src.models.evaluation:evaluate_tsb_ad_nonoverlapping:65 - Normal (171822) reconstruction error: mean=0.0019, std=0.0039
2026-02-08 20:28:48.108 | INFO     | src.models.evaluation:evaluate_tsb_ad_nonoverlapping:66 - Anomaly (8578) reconstruction error: mean=0.0255, std=0.0925
2026-02-08 20:28:48.108 | INFO     | src.models.evaluation:evaluate_tsb_ad_nonoverlapping:67 - Overlap? Normal max=0.1905, Anomaly min=0.0000
2026-02-08 20:29:23.892 | INFO     | src.models.evaluation:evaluate_tsb_ad_nonoverlapping:83 - {'AUC-PR': 0.28643466227182723, 'AUC-ROC': 0.626138381769555, 'VUS-PR': np.float64(0.2262900930415571), 'VUS-ROC': np.float64(0.6890986432141665), 'Standard-F1': np.float64(0.35537840182188596), 'PA-F1': 0.6747684327528715, 'Event-based-F1': np.float64(0.6529871073179584), 'R-based-F1': 0.3887459178219138, 'Affiliation-F': 0.7433356712313788}
2026-02-08 20:29:26.429 | INFO     | src.pipelines.train_vision_backbones:run_pipeline:70 - Using zip: /net/scratch/hscra/plgrid/plgsmendowski12/ts2i_images/SVDB/249_SVDB_id_13_Medical_tr_50000_1st_54982_ts2i_MWT.zip for transformation MWT
2026-02-08 20:29:36.623 | INFO     | src.pipelines.train_vision_backbones:run_pipeline:170 - Train images: 1428
2026-02-08 20:29:36.623 | INFO     | src.pipelines.train_vision_backbones:run_pipeline:171 - Test images: 6442
2026-02-08 20:29:36.630 | INFO     | src.pipelines.train_vision_backbones:run_pipeline:176 - Training cnn_autoencoder on MWT
2026-02-08 20:29:36.635 | INFO     | src.models.cnn_autoencoder.training:train_autoencoder:22 - Device: cuda | Model on: cuda:0
2026-02-08 20:30:37.075 | INFO     | src.pipelines.train_vision_backbones:run_pipeline:193 - Evaluating cnn_autoencoder on MWT
2026-02-08 20:30:42.864 | INFO     | src.models.evaluation:evaluate_tsb_ad_nonoverlapping:65 - Normal (171822) reconstruction error: mean=0.0101, std=0.0155
2026-02-08 20:30:42.864 | INFO     | src.models.evaluation:evaluate_tsb_ad_nonoverlapping:66 - Anomaly (8578) reconstruction error: mean=0.0448, std=0.1173
2026-02-08 20:30:42.864 | INFO     | src.models.evaluation:evaluate_tsb_ad_nonoverlapping:67 - Overlap? Normal max=0.5878, Anomaly min=0.0005
2026-02-08 20:31:19.578 | INFO     | src.models.evaluation:evaluate_tsb_ad_nonoverlapping:83 - {'AUC-PR': 0.18977720578003313, 'AUC-ROC': 0.6463007234799338, 'VUS-PR': np.float64(0.16151102146563479), 'VUS-ROC': np.float64(0.7044805297490699), 'Standard-F1': np.float64(0.2524309610702231), 'PA-F1': 0.5952100996348784, 'Event-based-F1': np.float64(0.4660587639311039), 'R-based-F1': 0.2749338530210015, 'Affiliation-F': 0.7346627437441663}
2026-02-08 20:31:19.742 | INFO     | src.pipelines.train_vision_backbones:run_pipeline:170 - Train images: 1428
2026-02-08 20:31:19.742 | INFO     | src.pipelines.train_vision_backbones:run_pipeline:171 - Test images: 6442
2026-02-08 20:31:19.956 | INFO     | src.pipelines.train_vision_backbones:run_pipeline:176 - Training resnet18_autoencoder_frozen on MWT
2026-02-08 20:31:19.969 | INFO     | src.models.resnet18_autoencoder.training:train_autoencoder_frozen:25 - Device: cuda | Model on: cuda:0
2026-02-08 20:32:20.807 | INFO     | src.pipelines.train_vision_backbones:run_pipeline:193 - Evaluating resnet18_autoencoder_frozen on MWT
2026-02-08 20:32:27.268 | INFO     | src.models.evaluation:evaluate_tsb_ad_nonoverlapping:65 - Normal (171822) reconstruction error: mean=0.0173, std=0.0444
2026-02-08 20:32:27.269 | INFO     | src.models.evaluation:evaluate_tsb_ad_nonoverlapping:66 - Anomaly (8578) reconstruction error: mean=0.0870, std=0.1860
2026-02-08 20:32:27.269 | INFO     | src.models.evaluation:evaluate_tsb_ad_nonoverlapping:67 - Overlap? Normal max=0.9797, Anomaly min=0.0001
2026-02-08 20:33:05.413 | INFO     | src.models.evaluation:evaluate_tsb_ad_nonoverlapping:83 - {'AUC-PR': 0.173180367820278, 'AUC-ROC': 0.6711412325810268, 'VUS-PR': np.float64(0.15458961626623474), 'VUS-ROC': np.float64(0.7336742343689757), 'Standard-F1': np.float64(0.2168563138783593), 'PA-F1': 0.5911770421714063, 'Event-based-F1': np.float64(0.4410058027079299), 'R-based-F1': 0.24700983991398234, 'Affiliation-F': 0.7244404648470847}
2026-02-08 20:33:05.578 | INFO     | src.pipelines.train_vision_backbones:run_pipeline:170 - Train images: 1428
2026-02-08 20:33:05.578 | INFO     | src.pipelines.train_vision_backbones:run_pipeline:171 - Test images: 6442
2026-02-08 20:33:05.789 | INFO     | src.pipelines.train_vision_backbones:run_pipeline:176 - Training resnet18_autoencoder_progressive_unfreeze on MWT
2026-02-08 20:33:05.803 | INFO     | src.models.resnet18_autoencoder.training:train_autoencoder_progressive_unfreeze:133 - Device: cuda | Model on: cuda:0
2026-02-08 20:34:06.051 | INFO     | src.pipelines.train_vision_backbones:run_pipeline:193 - Evaluating resnet18_autoencoder_progressive_unfreeze on MWT
2026-02-08 20:34:12.314 | INFO     | src.models.evaluation:evaluate_tsb_ad_nonoverlapping:65 - Normal (171822) reconstruction error: mean=0.0086, std=0.0235
2026-02-08 20:34:12.315 | INFO     | src.models.evaluation:evaluate_tsb_ad_nonoverlapping:66 - Anomaly (8578) reconstruction error: mean=0.0497, std=0.1228
2026-02-08 20:34:12.315 | INFO     | src.models.evaluation:evaluate_tsb_ad_nonoverlapping:67 - Overlap? Normal max=0.8807, Anomaly min=0.0001
2026-02-08 20:34:48.420 | INFO     | src.models.evaluation:evaluate_tsb_ad_nonoverlapping:83 - {'AUC-PR': 0.1823374343826818, 'AUC-ROC': 0.676658947524245, 'VUS-PR': np.float64(0.16613101178621645), 'VUS-ROC': np.float64(0.7387513711919421), 'Standard-F1': np.float64(0.2588838662250412), 'PA-F1': 0.6212328767123287, 'Event-based-F1': np.float64(0.43887945670628137), 'R-based-F1': 0.2721220532468805, 'Affiliation-F': 0.729633881073193}
2026-02-08 20:34:48.586 | INFO     | src.pipelines.train_vision_backbones:run_pipeline:170 - Train images: 1428
2026-02-08 20:34:48.586 | INFO     | src.pipelines.train_vision_backbones:run_pipeline:171 - Test images: 6442
2026-02-08 20:34:48.800 | INFO     | src.pipelines.train_vision_backbones:run_pipeline:176 - Training resnet18_autoencoder_differential_lr on MWT
2026-02-08 20:34:48.814 | INFO     | src.models.resnet18_autoencoder.training:train_autoencoder_differential_lr:271 - Device: cuda | Model on: cuda:0
2026-02-08 20:35:45.889 | INFO     | src.pipelines.train_vision_backbones:run_pipeline:193 - Evaluating resnet18_autoencoder_differential_lr on MWT
2026-02-08 20:35:52.424 | INFO     | src.models.evaluation:evaluate_tsb_ad_nonoverlapping:65 - Normal (171822) reconstruction error: mean=0.0086, std=0.0200
2026-02-08 20:35:52.424 | INFO     | src.models.evaluation:evaluate_tsb_ad_nonoverlapping:66 - Anomaly (8578) reconstruction error: mean=0.0554, std=0.1385
2026-02-08 20:35:52.424 | INFO     | src.models.evaluation:evaluate_tsb_ad_nonoverlapping:67 - Overlap? Normal max=0.9829, Anomaly min=0.0000
2026-02-08 20:36:29.308 | INFO     | src.models.evaluation:evaluate_tsb_ad_nonoverlapping:83 - {'AUC-PR': 0.21491499801528738, 'AUC-ROC': 0.6586527680146055, 'VUS-PR': np.float64(0.1883341700411345), 'VUS-ROC': np.float64(0.7245511149270636), 'Standard-F1': np.float64(0.268392342813359), 'PA-F1': 0.6329765614415391, 'Event-based-F1': np.float64(0.5343749999999994), 'R-based-F1': 0.29852264723800487, 'Affiliation-F': 0.7570477375860768}
2026-02-08 20:36:29.474 | INFO     | src.pipelines.train_vision_backbones:run_pipeline:170 - Train images: 1428
2026-02-08 20:36:29.474 | INFO     | src.pipelines.train_vision_backbones:run_pipeline:171 - Test images: 6442
2026-02-08 20:36:30.456 | INFO     | src.pipelines.train_vision_backbones:run_pipeline:176 - Training pvt_autoencoder_frozen on MWT
2026-02-08 20:36:30.480 | INFO     | src.models.pvt_autoencoder.training:train_pvt_autoencoder_frozen:24 - Device: cuda | Model on: cuda:0
2026-02-08 20:37:18.403 | INFO     | src.pipelines.train_vision_backbones:run_pipeline:193 - Evaluating pvt_autoencoder_frozen on MWT
2026-02-08 20:37:25.484 | INFO     | src.models.evaluation:evaluate_tsb_ad_nonoverlapping:65 - Normal (171822) reconstruction error: mean=0.0098, std=0.0297
2026-02-08 20:37:25.485 | INFO     | src.models.evaluation:evaluate_tsb_ad_nonoverlapping:66 - Anomaly (8578) reconstruction error: mean=0.0700, std=0.1595
2026-02-08 20:37:25.485 | INFO     | src.models.evaluation:evaluate_tsb_ad_nonoverlapping:67 - Overlap? Normal max=0.6723, Anomaly min=0.0004
2026-02-08 20:38:02.423 | INFO     | src.models.evaluation:evaluate_tsb_ad_nonoverlapping:83 - {'AUC-PR': 0.1946325211519445, 'AUC-ROC': 0.6646714161637108, 'VUS-PR': np.float64(0.1682574649777917), 'VUS-ROC': np.float64(0.7281383310851701), 'Standard-F1': np.float64(0.25062268108449726), 'PA-F1': 0.6128118678354686, 'Event-based-F1': np.float64(0.5151267375306617), 'R-based-F1': 0.2867339358340097, 'Affiliation-F': 0.7337528723194552}
2026-02-08 20:38:02.589 | INFO     | src.pipelines.train_vision_backbones:run_pipeline:170 - Train images: 1428
2026-02-08 20:38:02.589 | INFO     | src.pipelines.train_vision_backbones:run_pipeline:171 - Test images: 6442
2026-02-08 20:38:03.557 | INFO     | src.pipelines.train_vision_backbones:run_pipeline:176 - Training pvt_autoencoder_progressive_unfreeze on MWT
2026-02-08 20:38:03.582 | INFO     | src.models.pvt_autoencoder.training:train_pvt_autoencoder_progressive_unfreeze:132 - Device: cuda | Model on: cuda:0
2026-02-08 20:39:29.728 | INFO     | src.pipelines.train_vision_backbones:run_pipeline:193 - Evaluating pvt_autoencoder_progressive_unfreeze on MWT
2026-02-08 20:39:37.206 | INFO     | src.models.evaluation:evaluate_tsb_ad_nonoverlapping:65 - Normal (171822) reconstruction error: mean=0.0050, std=0.0149
2026-02-08 20:39:37.206 | INFO     | src.models.evaluation:evaluate_tsb_ad_nonoverlapping:66 - Anomaly (8578) reconstruction error: mean=0.0448, std=0.1214
2026-02-08 20:39:37.206 | INFO     | src.models.evaluation:evaluate_tsb_ad_nonoverlapping:67 - Overlap? Normal max=0.7406, Anomaly min=0.0002
2026-02-08 20:40:13.369 | INFO     | src.models.evaluation:evaluate_tsb_ad_nonoverlapping:83 - {'AUC-PR': 0.2274108732540437, 'AUC-ROC': 0.6863100181818562, 'VUS-PR': np.float64(0.19983627472476717), 'VUS-ROC': np.float64(0.7455486758071753), 'Standard-F1': np.float64(0.2937739897762826), 'PA-F1': 0.6450702497085711, 'Event-based-F1': np.float64(0.5282685512367487), 'R-based-F1': 0.30247685467431057, 'Affiliation-F': 0.7453726991250373}
2026-02-08 20:40:13.543 | INFO     | src.pipelines.train_vision_backbones:run_pipeline:170 - Train images: 1428
2026-02-08 20:40:13.543 | INFO     | src.pipelines.train_vision_backbones:run_pipeline:171 - Test images: 6442
2026-02-08 20:40:14.508 | INFO     | src.pipelines.train_vision_backbones:run_pipeline:176 - Training pvt_autoencoder_differential_lr on MWT
2026-02-08 20:40:14.532 | INFO     | src.models.pvt_autoencoder.training:train_pvt_autoencoder_differential_lr:267 - Device: cuda | Model on: cuda:0
2026-02-08 20:41:07.506 | INFO     | src.pipelines.train_vision_backbones:run_pipeline:193 - Evaluating pvt_autoencoder_differential_lr on MWT
2026-02-08 20:41:14.675 | INFO     | src.models.evaluation:evaluate_tsb_ad_nonoverlapping:65 - Normal (171822) reconstruction error: mean=0.0094, std=0.0194
2026-02-08 20:41:14.675 | INFO     | src.models.evaluation:evaluate_tsb_ad_nonoverlapping:66 - Anomaly (8578) reconstruction error: mean=0.0571, std=0.1362
2026-02-08 20:41:14.675 | INFO     | src.models.evaluation:evaluate_tsb_ad_nonoverlapping:67 - Overlap? Normal max=0.9717, Anomaly min=0.0004
2026-02-08 20:41:51.176 | INFO     | src.models.evaluation:evaluate_tsb_ad_nonoverlapping:83 - {'AUC-PR': 0.22520659973487253, 'AUC-ROC': 0.6547754831239285, 'VUS-PR': np.float64(0.19284392480485654), 'VUS-ROC': np.float64(0.7177243937049989), 'Standard-F1': np.float64(0.2844811963500036), 'PA-F1': 0.659378202938162, 'Event-based-F1': np.float64(0.5544354838709672), 'R-based-F1': 0.3262995032128052, 'Affiliation-F': 0.7549774320997115}
2026-02-08 20:41:53.774 | INFO     | src.pipelines.train_vision_backbones:run_pipeline:70 - Using zip: /net/scratch/hscra/plgrid/plgsmendowski12/ts2i_images/SVDB/249_SVDB_id_13_Medical_tr_50000_1st_54982_ts2i_SPIRAL.zip for transformation SPIRAL
2026-02-08 20:42:04.036 | INFO     | src.pipelines.train_vision_backbones:run_pipeline:170 - Train images: 1428
2026-02-08 20:42:04.037 | INFO     | src.pipelines.train_vision_backbones:run_pipeline:171 - Test images: 6442
2026-02-08 20:42:04.043 | INFO     | src.pipelines.train_vision_backbones:run_pipeline:176 - Training cnn_autoencoder on SPIRAL
2026-02-08 20:42:04.048 | INFO     | src.models.cnn_autoencoder.training:train_autoencoder:22 - Device: cuda | Model on: cuda:0
2026-02-08 20:44:09.282 | INFO     | src.pipelines.train_vision_backbones:run_pipeline:193 - Evaluating cnn_autoencoder on SPIRAL
2026-02-08 20:44:15.324 | INFO     | src.models.evaluation:evaluate_tsb_ad_nonoverlapping:65 - Normal (171822) reconstruction error: mean=0.0258, std=0.0397
2026-02-08 20:44:15.324 | INFO     | src.models.evaluation:evaluate_tsb_ad_nonoverlapping:66 - Anomaly (8578) reconstruction error: mean=0.0735, std=0.1601
2026-02-08 20:44:15.324 | INFO     | src.models.evaluation:evaluate_tsb_ad_nonoverlapping:67 - Overlap? Normal max=0.2578, Anomaly min=0.0004
2026-02-08 20:44:54.977 | INFO     | src.models.evaluation:evaluate_tsb_ad_nonoverlapping:83 - {'AUC-PR': 0.17291738232382745, 'AUC-ROC': 0.5359448071261828, 'VUS-PR': np.float64(0.13436378878407046), 'VUS-ROC': np.float64(0.6094137813997316), 'Standard-F1': np.float64(0.21221732429288484), 'PA-F1': 0.6670030908976219, 'Event-based-F1': np.float64(0.5687113647170704), 'R-based-F1': 0.28353893297211563, 'Affiliation-F': 0.7767661906244808}
2026-02-08 20:44:55.142 | INFO     | src.pipelines.train_vision_backbones:run_pipeline:170 - Train images: 1428
2026-02-08 20:44:55.142 | INFO     | src.pipelines.train_vision_backbones:run_pipeline:171 - Test images: 6442
2026-02-08 20:44:55.354 | INFO     | src.pipelines.train_vision_backbones:run_pipeline:176 - Training resnet18_autoencoder_frozen on SPIRAL
2026-02-08 20:44:55.368 | INFO     | src.models.resnet18_autoencoder.training:train_autoencoder_frozen:25 - Device: cuda | Model on: cuda:0
2026-02-08 20:45:44.314 | INFO     | src.pipelines.train_vision_backbones:run_pipeline:193 - Evaluating resnet18_autoencoder_frozen on SPIRAL
2026-02-08 20:45:50.581 | INFO     | src.models.evaluation:evaluate_tsb_ad_nonoverlapping:65 - Normal (171822) reconstruction error: mean=0.0042, std=0.0072
2026-02-08 20:45:50.582 | INFO     | src.models.evaluation:evaluate_tsb_ad_nonoverlapping:66 - Anomaly (8578) reconstruction error: mean=0.0412, std=0.1339
2026-02-08 20:45:50.582 | INFO     | src.models.evaluation:evaluate_tsb_ad_nonoverlapping:67 - Overlap? Normal max=0.1912, Anomaly min=0.0001
2026-02-08 20:46:26.474 | INFO     | src.models.evaluation:evaluate_tsb_ad_nonoverlapping:83 - {'AUC-PR': 0.21213859634565807, 'AUC-ROC': 0.573265630926879, 'VUS-PR': np.float64(0.16582422309823325), 'VUS-ROC': np.float64(0.6478117948896167), 'Standard-F1': np.float64(0.24672760369499666), 'PA-F1': 0.6706064859274581, 'Event-based-F1': np.float64(0.6335275968460742), 'R-based-F1': 0.34323255915283785, 'Affiliation-F': 0.7748425110026805}
2026-02-08 20:46:26.638 | INFO     | src.pipelines.train_vision_backbones:run_pipeline:170 - Train images: 1428
2026-02-08 20:46:26.638 | INFO     | src.pipelines.train_vision_backbones:run_pipeline:171 - Test images: 6442
2026-02-08 20:46:26.849 | INFO     | src.pipelines.train_vision_backbones:run_pipeline:176 - Training resnet18_autoencoder_progressive_unfreeze on SPIRAL
2026-02-08 20:46:26.863 | INFO     | src.models.resnet18_autoencoder.training:train_autoencoder_progressive_unfreeze:133 - Device: cuda | Model on: cuda:0
2026-02-08 20:47:27.749 | INFO     | src.pipelines.train_vision_backbones:run_pipeline:193 - Evaluating resnet18_autoencoder_progressive_unfreeze on SPIRAL
2026-02-08 20:47:34.353 | INFO     | src.models.evaluation:evaluate_tsb_ad_nonoverlapping:65 - Normal (171822) reconstruction error: mean=0.0031, std=0.0048
2026-02-08 20:47:34.354 | INFO     | src.models.evaluation:evaluate_tsb_ad_nonoverlapping:66 - Anomaly (8578) reconstruction error: mean=0.0291, std=0.0929
2026-02-08 20:47:34.354 | INFO     | src.models.evaluation:evaluate_tsb_ad_nonoverlapping:67 - Overlap? Normal max=0.0521, Anomaly min=0.0000
2026-02-08 20:48:10.559 | INFO     | src.models.evaluation:evaluate_tsb_ad_nonoverlapping:83 - {'AUC-PR': 0.2304478997494166, 'AUC-ROC': 0.5710519854330751, 'VUS-PR': np.float64(0.17696774829772047), 'VUS-ROC': np.float64(0.6396934841280748), 'Standard-F1': np.float64(0.26816588006642694), 'PA-F1': 0.6820896460677689, 'Event-based-F1': np.float64(0.6787687450670871), 'R-based-F1': 0.36165641270286714, 'Affiliation-F': 0.7603246372468943}
2026-02-08 20:48:10.726 | INFO     | src.pipelines.train_vision_backbones:run_pipeline:170 - Train images: 1428
2026-02-08 20:48:10.726 | INFO     | src.pipelines.train_vision_backbones:run_pipeline:171 - Test images: 6442
2026-02-08 20:48:10.938 | INFO     | src.pipelines.train_vision_backbones:run_pipeline:176 - Training resnet18_autoencoder_differential_lr on SPIRAL
2026-02-08 20:48:10.952 | INFO     | src.models.resnet18_autoencoder.training:train_autoencoder_differential_lr:271 - Device: cuda | Model on: cuda:0
2026-02-08 20:49:16.942 | INFO     | src.pipelines.train_vision_backbones:run_pipeline:193 - Evaluating resnet18_autoencoder_differential_lr on SPIRAL
2026-02-08 20:49:23.579 | INFO     | src.models.evaluation:evaluate_tsb_ad_nonoverlapping:65 - Normal (171822) reconstruction error: mean=0.0077, std=0.0110
2026-02-08 20:49:23.579 | INFO     | src.models.evaluation:evaluate_tsb_ad_nonoverlapping:66 - Anomaly (8578) reconstruction error: mean=0.0493, std=0.1454
2026-02-08 20:49:23.579 | INFO     | src.models.evaluation:evaluate_tsb_ad_nonoverlapping:67 - Overlap? Normal max=0.1101, Anomaly min=0.0002
2026-02-08 20:50:00.433 | INFO     | src.models.evaluation:evaluate_tsb_ad_nonoverlapping:83 - {'AUC-PR': 0.22086873415803537, 'AUC-ROC': 0.5660028294828658, 'VUS-PR': np.float64(0.17296613907232913), 'VUS-ROC': np.float64(0.6355796893071659), 'Standard-F1': np.float64(0.2702943703180528), 'PA-F1': 0.7015439964023384, 'Event-based-F1': np.float64(0.6997476871320432), 'R-based-F1': 0.3493435599740799, 'Affiliation-F': 0.7527026375098242}
2026-02-08 20:50:00.608 | INFO     | src.pipelines.train_vision_backbones:run_pipeline:170 - Train images: 1428
2026-02-08 20:50:00.608 | INFO     | src.pipelines.train_vision_backbones:run_pipeline:171 - Test images: 6442
2026-02-08 20:50:01.619 | INFO     | src.pipelines.train_vision_backbones:run_pipeline:176 - Training pvt_autoencoder_frozen on SPIRAL
2026-02-08 20:50:01.644 | INFO     | src.models.pvt_autoencoder.training:train_pvt_autoencoder_frozen:24 - Device: cuda | Model on: cuda:0
2026-02-08 20:50:53.600 | INFO     | src.pipelines.train_vision_backbones:run_pipeline:193 - Evaluating pvt_autoencoder_frozen on SPIRAL
2026-02-08 20:51:00.162 | INFO     | src.models.evaluation:evaluate_tsb_ad_nonoverlapping:65 - Normal (171822) reconstruction error: mean=0.0075, std=0.0094
2026-02-08 20:51:00.162 | INFO     | src.models.evaluation:evaluate_tsb_ad_nonoverlapping:66 - Anomaly (8578) reconstruction error: mean=0.0410, std=0.1223
2026-02-08 20:51:00.162 | INFO     | src.models.evaluation:evaluate_tsb_ad_nonoverlapping:67 - Overlap? Normal max=0.1971, Anomaly min=0.0000
2026-02-08 20:51:36.550 | INFO     | src.models.evaluation:evaluate_tsb_ad_nonoverlapping:83 - {'AUC-PR': 0.2111868010239294, 'AUC-ROC': 0.5607775435937203, 'VUS-PR': np.float64(0.16607686893881335), 'VUS-ROC': np.float64(0.6330310333196674), 'Standard-F1': np.float64(0.2533047172467666), 'PA-F1': 0.6863247863247863, 'Event-based-F1': np.float64(0.6440957886044586), 'R-based-F1': 0.33749419269727104, 'Affiliation-F': 0.7470068194787121}
2026-02-08 20:51:36.712 | INFO     | src.pipelines.train_vision_backbones:run_pipeline:170 - Train images: 1428
2026-02-08 20:51:36.712 | INFO     | src.pipelines.train_vision_backbones:run_pipeline:171 - Test images: 6442
2026-02-08 20:51:37.667 | INFO     | src.pipelines.train_vision_backbones:run_pipeline:176 - Training pvt_autoencoder_progressive_unfreeze on SPIRAL
2026-02-08 20:51:37.693 | INFO     | src.models.pvt_autoencoder.training:train_pvt_autoencoder_progressive_unfreeze:132 - Device: cuda | Model on: cuda:0
2026-02-08 20:52:49.099 | INFO     | src.pipelines.train_vision_backbones:run_pipeline:193 - Evaluating pvt_autoencoder_progressive_unfreeze on SPIRAL
2026-02-08 20:52:55.886 | INFO     | src.models.evaluation:evaluate_tsb_ad_nonoverlapping:65 - Normal (171822) reconstruction error: mean=0.0072, std=0.0096
2026-02-08 20:52:55.886 | INFO     | src.models.evaluation:evaluate_tsb_ad_nonoverlapping:66 - Anomaly (8578) reconstruction error: mean=0.0418, std=0.1234
2026-02-08 20:52:55.886 | INFO     | src.models.evaluation:evaluate_tsb_ad_nonoverlapping:67 - Overlap? Normal max=0.0950, Anomaly min=0.0001
2026-02-08 20:53:32.354 | INFO     | src.models.evaluation:evaluate_tsb_ad_nonoverlapping:83 - {'AUC-PR': 0.21630860612142386, 'AUC-ROC': 0.5569660655530616, 'VUS-PR': np.float64(0.17281268222388002), 'VUS-ROC': np.float64(0.6257364916557474), 'Standard-F1': np.float64(0.25441516634823585), 'PA-F1': 0.6985145928192878, 'Event-based-F1': np.float64(0.6857804807413838), 'R-based-F1': 0.338740027476862, 'Affiliation-F': 0.7948279418452056}
2026-02-08 20:53:32.522 | INFO     | src.pipelines.train_vision_backbones:run_pipeline:170 - Train images: 1428
2026-02-08 20:53:32.523 | INFO     | src.pipelines.train_vision_backbones:run_pipeline:171 - Test images: 6442
2026-02-08 20:53:33.460 | INFO     | src.pipelines.train_vision_backbones:run_pipeline:176 - Training pvt_autoencoder_differential_lr on SPIRAL
2026-02-08 20:53:33.483 | INFO     | src.models.pvt_autoencoder.training:train_pvt_autoencoder_differential_lr:267 - Device: cuda | Model on: cuda:0
2026-02-08 20:54:56.884 | INFO     | src.pipelines.train_vision_backbones:run_pipeline:193 - Evaluating pvt_autoencoder_differential_lr on SPIRAL
2026-02-08 20:55:04.367 | INFO     | src.models.evaluation:evaluate_tsb_ad_nonoverlapping:65 - Normal (171822) reconstruction error: mean=0.0057, std=0.0085
2026-02-08 20:55:04.367 | INFO     | src.models.evaluation:evaluate_tsb_ad_nonoverlapping:66 - Anomaly (8578) reconstruction error: mean=0.0395, std=0.1261
2026-02-08 20:55:04.367 | INFO     | src.models.evaluation:evaluate_tsb_ad_nonoverlapping:67 - Overlap? Normal max=0.0765, Anomaly min=0.0001
2026-02-08 20:55:40.514 | INFO     | src.models.evaluation:evaluate_tsb_ad_nonoverlapping:83 - {'AUC-PR': 0.21981481565298666, 'AUC-ROC': 0.565727308077903, 'VUS-PR': np.float64(0.17601626199070794), 'VUS-ROC': np.float64(0.6347675742507339), 'Standard-F1': np.float64(0.26908341277998743), 'PA-F1': 0.7031109512677576, 'Event-based-F1': np.float64(0.6825232678386759), 'R-based-F1': 0.3428908799717179, 'Affiliation-F': 0.7783080861445065}
