 GCCcore/13.2.0 loaded.
 zlib/1.2.13 loaded.
 binutils/2.40 loaded.
 GCC/13.2.0 loaded.
 libcxi/1.0.2 loaded.
 libfabric/2.2.0rc1 loaded.
 CUDA/12.4.0 loaded.
 OpenMPI/5.0.3 loaded.
 OpenBLAS/0.3.24 loaded.
 FlexiBLAS/3.3.1 loaded.
 FFTW/3.3.10 loaded.
 FFTW.MPI/3.3.10 loaded.
 ScaLAPACK/2.2.0-fb loaded.
 foss/2023b loaded.
 numactl/2.0.16 loaded.
 XZ/5.4.4 loaded.
 libxml2/2.11.5 loaded.
 libpciaccess/0.17 loaded.
 hwloc/2.9.2 loaded.
 ncurses/6.4 loaded.
 GMP/6.3.0 loaded.
 bzip2/1.0.8 loaded.
 libreadline/8.2 loaded.
 Tcl/8.6.13 loaded.
 SQLite/3.43.1 loaded.
 libffi/3.4.4 loaded.
 OpenSSL/1.1 loaded.
 Python/3.11.5 loaded.
 Z3/4.13.0 loaded.
 Clang/17.0.6-CUDA-12.4.0 loaded.
 magma/2.7.2-CUDA-12.4.0 loaded.
 cuDNN/9.2.1.18-CUDA-12.4.0 loaded.
 NCCL/2.20.5-CUDA-12.4.0 loaded.
 NASM/2.16.01 loaded.
 libjpeg-turbo/3.0.1 loaded.
 libpng/1.6.40 loaded.
 x264/20231019 loaded.
 LAME/3.100 loaded.
 x265/3.5 loaded.
 expat/2.5.0 loaded.
 Brotli/1.1.0 loaded.
 freetype/2.13.2 loaded.
 util-linux/2.39 loaded.
 fontconfig/2.14.2 loaded.
 xorg-macros/1.20.0 loaded.
 X11/20231019 loaded.
 FriBidi/1.0.13 loaded.
 SDL2/2.28.5 loaded.
 FFmpeg/6.0 loaded.
 libogg/1.3.5 loaded.
 FLAC/1.4.2 loaded.
 libvorbis/1.3.7 loaded.
 libopus/1.4 loaded.
 mpg123/1.32.10 loaded.
 libsndfile/1.2.2 loaded.
 cuSPARSELt/0.6.1.0-CUDA-12.4.0 loaded.
 Szip/2.1.1 loaded.
 HDF5/1.14.3 loaded.
---------------------------WARNING-----------------------
Due to performance issues OMP_NUM_THREADS is set to 1
If you see performance drop, carefully test larger values
--------------------------------------------------------- 
 ML-bundle/24.06a loaded.
warning: Using incompatible environment (`/net/scratch/hscra/plgrid/plgsmendowski12/.venv_ts2img`) due to `--no-sync` (The project environment's Python version does not satisfy the request: `Python 3.10.13`)
2026-02-08 11:09:11.836 | INFO     | src.pipelines.train_vision_backbones:run_pipeline:39 - Loading configuration from configs/default.yaml
2026-02-08 11:09:11.858 | INFO     | src.pipelines.train_vision_backbones:run_pipeline:70 - Using zip: /net/scratch/hscra/plgrid/plgsmendowski12/ts2i_images/TAO/257_TAO_id_1_Environment_tr_500_1st_3_ts2i_RN.zip for transformation RN
2026-02-08 11:09:13.344 | INFO     | src.pipelines.train_vision_backbones:run_pipeline:170 - Train images: 12
2026-02-08 11:09:13.344 | INFO     | src.pipelines.train_vision_backbones:run_pipeline:171 - Test images: 949
2026-02-08 11:09:13.352 | INFO     | src.pipelines.train_vision_backbones:run_pipeline:176 - Training cnn_autoencoder on RN
2026-02-08 11:09:14.300 | INFO     | src.models.cnn_autoencoder.training:train_autoencoder:22 - Device: cuda | Model on: cuda:0
2026-02-08 11:09:22.786 | INFO     | src.pipelines.train_vision_backbones:run_pipeline:193 - Evaluating cnn_autoencoder on RN
2026-02-08 11:09:23.844 | INFO     | src.models.evaluation:evaluate_tsb_ad_nonoverlapping:65 - Normal (8594) reconstruction error: mean=0.4690, std=0.1880
2026-02-08 11:09:23.845 | INFO     | src.models.evaluation:evaluate_tsb_ad_nonoverlapping:66 - Anomaly (906) reconstruction error: mean=0.4669, std=0.1840
2026-02-08 11:09:23.845 | INFO     | src.models.evaluation:evaluate_tsb_ad_nonoverlapping:67 - Overlap? Normal max=1.0000, Anomaly min=0.0000
2026-02-08 11:09:59.435 | INFO     | src.models.evaluation:evaluate_tsb_ad_nonoverlapping:83 - {'AUC-PR': 0.09422687712936657, 'AUC-ROC': 0.49818138944928464, 'VUS-PR': np.float64(0.8720092564612929), 'VUS-ROC': np.float64(0.9393137870310098), 'Standard-F1': np.float64(0.17412871975510505), 'PA-F1': 0.17407447854100688, 'Event-based-F1': np.float64(0.1737608777903895), 'R-based-F1': 0.10089017456733854, 'Affiliation-F': 0.6738632611565495}
2026-02-08 11:09:59.586 | INFO     | src.pipelines.train_vision_backbones:run_pipeline:170 - Train images: 12
2026-02-08 11:09:59.586 | INFO     | src.pipelines.train_vision_backbones:run_pipeline:171 - Test images: 949
2026-02-08 11:09:59.800 | INFO     | src.pipelines.train_vision_backbones:run_pipeline:176 - Training resnet18_autoencoder_frozen on RN
2026-02-08 11:09:59.813 | INFO     | src.models.resnet18_autoencoder.training:train_autoencoder_frozen:25 - Device: cuda | Model on: cuda:0
2026-02-08 11:10:09.278 | INFO     | src.pipelines.train_vision_backbones:run_pipeline:193 - Evaluating resnet18_autoencoder_frozen on RN
2026-02-08 11:10:10.163 | INFO     | src.models.evaluation:evaluate_tsb_ad_nonoverlapping:65 - Normal (8594) reconstruction error: mean=0.4525, std=0.2059
2026-02-08 11:10:10.163 | INFO     | src.models.evaluation:evaluate_tsb_ad_nonoverlapping:66 - Anomaly (906) reconstruction error: mean=0.4575, std=0.2022
2026-02-08 11:10:10.163 | INFO     | src.models.evaluation:evaluate_tsb_ad_nonoverlapping:67 - Overlap? Normal max=1.0000, Anomaly min=0.0000
2026-02-08 11:10:47.566 | INFO     | src.models.evaluation:evaluate_tsb_ad_nonoverlapping:83 - {'AUC-PR': 0.0966745070360916, 'AUC-ROC': 0.5071434405953946, 'VUS-PR': np.float64(0.8718202515168761), 'VUS-ROC': np.float64(0.9411125015526592), 'Standard-F1': np.float64(0.17569852247294027), 'PA-F1': 0.17533738539198518, 'Event-based-F1': np.float64(0.17512107034392166), 'R-based-F1': 0.11233340550912002, 'Affiliation-F': 0.675200702347128}
2026-02-08 11:10:47.723 | INFO     | src.pipelines.train_vision_backbones:run_pipeline:170 - Train images: 12
2026-02-08 11:10:47.723 | INFO     | src.pipelines.train_vision_backbones:run_pipeline:171 - Test images: 949
2026-02-08 11:10:47.937 | INFO     | src.pipelines.train_vision_backbones:run_pipeline:176 - Training resnet18_autoencoder_progressive_unfreeze on RN
2026-02-08 11:10:47.952 | INFO     | src.models.resnet18_autoencoder.training:train_autoencoder_progressive_unfreeze:133 - Device: cuda | Model on: cuda:0
2026-02-08 11:10:58.676 | INFO     | src.pipelines.train_vision_backbones:run_pipeline:193 - Evaluating resnet18_autoencoder_progressive_unfreeze on RN
2026-02-08 11:10:59.510 | INFO     | src.models.evaluation:evaluate_tsb_ad_nonoverlapping:65 - Normal (8594) reconstruction error: mean=0.4089, std=0.2230
2026-02-08 11:10:59.510 | INFO     | src.models.evaluation:evaluate_tsb_ad_nonoverlapping:66 - Anomaly (906) reconstruction error: mean=0.4023, std=0.2136
2026-02-08 11:10:59.510 | INFO     | src.models.evaluation:evaluate_tsb_ad_nonoverlapping:67 - Overlap? Normal max=1.0000, Anomaly min=0.0000
2026-02-08 11:11:37.426 | INFO     | src.models.evaluation:evaluate_tsb_ad_nonoverlapping:83 - {'AUC-PR': 0.09203786010398332, 'AUC-ROC': 0.4935578033033981, 'VUS-PR': np.float64(0.8650367196185045), 'VUS-ROC': np.float64(0.9384590194453984), 'Standard-F1': np.float64(0.17412871975510505), 'PA-F1': 0.173852155646694, 'Event-based-F1': np.float64(0.17368420642848612), 'R-based-F1': 0.10568815659243108, 'Affiliation-F': 0.6736953685938535}
2026-02-08 11:11:37.579 | INFO     | src.pipelines.train_vision_backbones:run_pipeline:170 - Train images: 12
2026-02-08 11:11:37.579 | INFO     | src.pipelines.train_vision_backbones:run_pipeline:171 - Test images: 949
2026-02-08 11:11:37.795 | INFO     | src.pipelines.train_vision_backbones:run_pipeline:176 - Training resnet18_autoencoder_differential_lr on RN
2026-02-08 11:11:37.809 | INFO     | src.models.resnet18_autoencoder.training:train_autoencoder_differential_lr:271 - Device: cuda | Model on: cuda:0
2026-02-08 11:11:48.197 | INFO     | src.pipelines.train_vision_backbones:run_pipeline:193 - Evaluating resnet18_autoencoder_differential_lr on RN
2026-02-08 11:11:49.007 | INFO     | src.models.evaluation:evaluate_tsb_ad_nonoverlapping:65 - Normal (8594) reconstruction error: mean=0.4726, std=0.1794
2026-02-08 11:11:49.007 | INFO     | src.models.evaluation:evaluate_tsb_ad_nonoverlapping:66 - Anomaly (906) reconstruction error: mean=0.4683, std=0.1704
2026-02-08 11:11:49.007 | INFO     | src.models.evaluation:evaluate_tsb_ad_nonoverlapping:67 - Overlap? Normal max=1.0000, Anomaly min=0.0001
2026-02-08 11:12:23.891 | INFO     | src.models.evaluation:evaluate_tsb_ad_nonoverlapping:83 - {'AUC-PR': 0.0913260546777859, 'AUC-ROC': 0.4952698145068611, 'VUS-PR': np.float64(0.8641475986861079), 'VUS-ROC': np.float64(0.936983518538535), 'Standard-F1': np.float64(0.1748006428573399), 'PA-F1': 0.17480223808605055, 'Event-based-F1': np.float64(0.17480223808605036), 'R-based-F1': 0.10823535354730322, 'Affiliation-F': 0.6788375611335533}
2026-02-08 11:12:24.046 | INFO     | src.pipelines.train_vision_backbones:run_pipeline:170 - Train images: 12
2026-02-08 11:12:24.046 | INFO     | src.pipelines.train_vision_backbones:run_pipeline:171 - Test images: 949
2026-02-08 11:12:25.009 | INFO     | src.pipelines.train_vision_backbones:run_pipeline:176 - Training pvt_autoencoder_frozen on RN
2026-02-08 11:12:25.033 | INFO     | src.models.pvt_autoencoder.training:train_pvt_autoencoder_frozen:24 - Device: cuda | Model on: cuda:0
2026-02-08 11:12:36.557 | INFO     | src.pipelines.train_vision_backbones:run_pipeline:193 - Evaluating pvt_autoencoder_frozen on RN
2026-02-08 11:12:37.135 | INFO     | src.models.evaluation:evaluate_tsb_ad_nonoverlapping:65 - Normal (8594) reconstruction error: mean=0.4321, std=0.1933
2026-02-08 11:12:37.135 | INFO     | src.models.evaluation:evaluate_tsb_ad_nonoverlapping:66 - Anomaly (906) reconstruction error: mean=0.4234, std=0.1839
2026-02-08 11:12:37.136 | INFO     | src.models.evaluation:evaluate_tsb_ad_nonoverlapping:67 - Overlap? Normal max=1.0000, Anomaly min=0.0000
2026-02-08 11:13:12.590 | INFO     | src.models.evaluation:evaluate_tsb_ad_nonoverlapping:83 - {'AUC-PR': 0.09117215237820349, 'AUC-ROC': 0.4921232072686884, 'VUS-PR': np.float64(0.8631159447992877), 'VUS-ROC': np.float64(0.9379267050315496), 'Standard-F1': np.float64(0.17606029271960036), 'PA-F1': 0.17547716598381133, 'Event-based-F1': np.float64(0.17528941896294709), 'R-based-F1': 0.10654105601820966, 'Affiliation-F': 0.675683422917839}
2026-02-08 11:13:12.742 | INFO     | src.pipelines.train_vision_backbones:run_pipeline:170 - Train images: 12
2026-02-08 11:13:12.742 | INFO     | src.pipelines.train_vision_backbones:run_pipeline:171 - Test images: 949
2026-02-08 11:13:13.688 | INFO     | src.pipelines.train_vision_backbones:run_pipeline:176 - Training pvt_autoencoder_progressive_unfreeze on RN
2026-02-08 11:13:13.713 | INFO     | src.models.pvt_autoencoder.training:train_pvt_autoencoder_progressive_unfreeze:132 - Device: cuda | Model on: cuda:0
2026-02-08 11:13:25.556 | INFO     | src.pipelines.train_vision_backbones:run_pipeline:193 - Evaluating pvt_autoencoder_progressive_unfreeze on RN
2026-02-08 11:13:26.143 | INFO     | src.models.evaluation:evaluate_tsb_ad_nonoverlapping:65 - Normal (8594) reconstruction error: mean=0.3969, std=0.2008
2026-02-08 11:13:26.143 | INFO     | src.models.evaluation:evaluate_tsb_ad_nonoverlapping:66 - Anomaly (906) reconstruction error: mean=0.3858, std=0.1938
2026-02-08 11:13:26.143 | INFO     | src.models.evaluation:evaluate_tsb_ad_nonoverlapping:67 - Overlap? Normal max=1.0000, Anomaly min=0.0000
2026-02-08 11:14:01.852 | INFO     | src.models.evaluation:evaluate_tsb_ad_nonoverlapping:83 - {'AUC-PR': 0.09041796129141472, 'AUC-ROC': 0.48733394261924096, 'VUS-PR': np.float64(0.8614851931210062), 'VUS-ROC': np.float64(0.9374203242923952), 'Standard-F1': np.float64(0.17412871975510505), 'PA-F1': 0.17368909034717214, 'Event-based-F1': np.float64(0.17351813546303188), 'R-based-F1': 0.10362663954181009, 'Affiliation-F': 0.6736953685938535}
2026-02-08 11:14:02.012 | INFO     | src.pipelines.train_vision_backbones:run_pipeline:170 - Train images: 12
2026-02-08 11:14:02.012 | INFO     | src.pipelines.train_vision_backbones:run_pipeline:171 - Test images: 949
2026-02-08 11:14:02.970 | INFO     | src.pipelines.train_vision_backbones:run_pipeline:176 - Training pvt_autoencoder_differential_lr on RN
2026-02-08 11:14:02.995 | INFO     | src.models.pvt_autoencoder.training:train_pvt_autoencoder_differential_lr:267 - Device: cuda | Model on: cuda:0
2026-02-08 11:14:16.370 | INFO     | src.pipelines.train_vision_backbones:run_pipeline:193 - Evaluating pvt_autoencoder_differential_lr on RN
2026-02-08 11:14:16.949 | INFO     | src.models.evaluation:evaluate_tsb_ad_nonoverlapping:65 - Normal (8594) reconstruction error: mean=0.4226, std=0.1973
2026-02-08 11:14:16.949 | INFO     | src.models.evaluation:evaluate_tsb_ad_nonoverlapping:66 - Anomaly (906) reconstruction error: mean=0.4132, std=0.1869
2026-02-08 11:14:16.949 | INFO     | src.models.evaluation:evaluate_tsb_ad_nonoverlapping:67 - Overlap? Normal max=1.0000, Anomaly min=0.0000
2026-02-08 11:14:52.628 | INFO     | src.models.evaluation:evaluate_tsb_ad_nonoverlapping:83 - {'AUC-PR': 0.09086723293735648, 'AUC-ROC': 0.48965215733960904, 'VUS-PR': np.float64(0.8628597047155083), 'VUS-ROC': np.float64(0.9378192467633499), 'Standard-F1': np.float64(0.1748006428573399), 'PA-F1': 0.17480223808605055, 'Event-based-F1': np.float64(0.17480223808605036), 'R-based-F1': 0.10479083508339322, 'Affiliation-F': 0.6788375611335533}
2026-02-08 11:14:53.097 | INFO     | src.pipelines.train_vision_backbones:run_pipeline:70 - Using zip: /net/scratch/hscra/plgrid/plgsmendowski12/ts2i_images/TAO/257_TAO_id_1_Environment_tr_500_1st_3_ts2i_LP.zip for transformation LP
2026-02-08 11:14:54.458 | INFO     | src.pipelines.train_vision_backbones:run_pipeline:170 - Train images: 12
2026-02-08 11:14:54.458 | INFO     | src.pipelines.train_vision_backbones:run_pipeline:171 - Test images: 949
2026-02-08 11:14:54.465 | INFO     | src.pipelines.train_vision_backbones:run_pipeline:176 - Training cnn_autoencoder on LP
2026-02-08 11:14:54.469 | INFO     | src.models.cnn_autoencoder.training:train_autoencoder:22 - Device: cuda | Model on: cuda:0
2026-02-08 11:15:16.417 | INFO     | src.pipelines.train_vision_backbones:run_pipeline:193 - Evaluating cnn_autoencoder on LP
2026-02-08 11:15:17.160 | INFO     | src.models.evaluation:evaluate_tsb_ad_nonoverlapping:65 - Normal (8594) reconstruction error: mean=0.1791, std=0.1759
2026-02-08 11:15:17.161 | INFO     | src.models.evaluation:evaluate_tsb_ad_nonoverlapping:66 - Anomaly (906) reconstruction error: mean=0.3400, std=0.1998
2026-02-08 11:15:17.161 | INFO     | src.models.evaluation:evaluate_tsb_ad_nonoverlapping:67 - Overlap? Normal max=1.0000, Anomaly min=0.0336
2026-02-08 11:15:51.545 | INFO     | src.models.evaluation:evaluate_tsb_ad_nonoverlapping:83 - {'AUC-PR': 0.21134941656661235, 'AUC-ROC': 0.7488510388427472, 'VUS-PR': np.float64(0.9494126015941013), 'VUS-ROC': np.float64(0.9767994229492112), 'Standard-F1': np.float64(0.3019985377617733), 'PA-F1': 0.3056108237166733, 'Event-based-F1': np.float64(0.30262965288959565), 'R-based-F1': 0.16225871698909478, 'Affiliation-F': 0.7434620733441997}
2026-02-08 11:15:51.700 | INFO     | src.pipelines.train_vision_backbones:run_pipeline:170 - Train images: 12
2026-02-08 11:15:51.700 | INFO     | src.pipelines.train_vision_backbones:run_pipeline:171 - Test images: 949
2026-02-08 11:15:51.914 | INFO     | src.pipelines.train_vision_backbones:run_pipeline:176 - Training resnet18_autoencoder_frozen on LP
2026-02-08 11:15:51.927 | INFO     | src.models.resnet18_autoencoder.training:train_autoencoder_frozen:25 - Device: cuda | Model on: cuda:0
2026-02-08 11:16:18.098 | INFO     | src.pipelines.train_vision_backbones:run_pipeline:193 - Evaluating resnet18_autoencoder_frozen on LP
2026-02-08 11:16:19.145 | INFO     | src.models.evaluation:evaluate_tsb_ad_nonoverlapping:65 - Normal (8594) reconstruction error: mean=0.2333, std=0.1941
2026-02-08 11:16:19.146 | INFO     | src.models.evaluation:evaluate_tsb_ad_nonoverlapping:66 - Anomaly (906) reconstruction error: mean=0.4174, std=0.1887
2026-02-08 11:16:19.146 | INFO     | src.models.evaluation:evaluate_tsb_ad_nonoverlapping:67 - Overlap? Normal max=1.0000, Anomaly min=0.0769
2026-02-08 11:16:56.478 | INFO     | src.models.evaluation:evaluate_tsb_ad_nonoverlapping:83 - {'AUC-PR': 0.21362426217396557, 'AUC-ROC': 0.7573057798422946, 'VUS-PR': np.float64(0.9510142759958249), 'VUS-ROC': np.float64(0.9787657231396705), 'Standard-F1': np.float64(0.3054029443193597), 'PA-F1': 0.3089430894308943, 'Event-based-F1': np.float64(0.3059121588012526), 'R-based-F1': 0.16469886516305812, 'Affiliation-F': 0.7580096660808022}
2026-02-08 11:16:56.634 | INFO     | src.pipelines.train_vision_backbones:run_pipeline:170 - Train images: 12
2026-02-08 11:16:56.634 | INFO     | src.pipelines.train_vision_backbones:run_pipeline:171 - Test images: 949
2026-02-08 11:16:56.848 | INFO     | src.pipelines.train_vision_backbones:run_pipeline:176 - Training resnet18_autoencoder_progressive_unfreeze on LP
2026-02-08 11:16:56.863 | INFO     | src.models.resnet18_autoencoder.training:train_autoencoder_progressive_unfreeze:133 - Device: cuda | Model on: cuda:0
2026-02-08 11:17:36.880 | INFO     | src.pipelines.train_vision_backbones:run_pipeline:193 - Evaluating resnet18_autoencoder_progressive_unfreeze on LP
2026-02-08 11:17:37.658 | INFO     | src.models.evaluation:evaluate_tsb_ad_nonoverlapping:65 - Normal (8594) reconstruction error: mean=0.2978, std=0.2102
2026-02-08 11:17:37.658 | INFO     | src.models.evaluation:evaluate_tsb_ad_nonoverlapping:66 - Anomaly (906) reconstruction error: mean=0.4904, std=0.1576
2026-02-08 11:17:37.658 | INFO     | src.models.evaluation:evaluate_tsb_ad_nonoverlapping:67 - Overlap? Normal max=1.0000, Anomaly min=0.1630
2026-02-08 11:18:17.210 | INFO     | src.models.evaluation:evaluate_tsb_ad_nonoverlapping:83 - {'AUC-PR': 0.21231993143241673, 'AUC-ROC': 0.7552213130881907, 'VUS-PR': np.float64(0.9505696166401), 'VUS-ROC': np.float64(0.9784894924015294), 'Standard-F1': np.float64(0.30167136119023147), 'PA-F1': 0.3037872683319903, 'Event-based-F1': np.float64(0.3012505713146554), 'R-based-F1': 0.16259056683173326, 'Affiliation-F': 0.7579267161189669}
2026-02-08 11:18:17.367 | INFO     | src.pipelines.train_vision_backbones:run_pipeline:170 - Train images: 12
2026-02-08 11:18:17.367 | INFO     | src.pipelines.train_vision_backbones:run_pipeline:171 - Test images: 949
2026-02-08 11:18:17.581 | INFO     | src.pipelines.train_vision_backbones:run_pipeline:176 - Training resnet18_autoencoder_differential_lr on LP
2026-02-08 11:18:17.636 | INFO     | src.models.resnet18_autoencoder.training:train_autoencoder_differential_lr:271 - Device: cuda | Model on: cuda:0
2026-02-08 11:18:44.198 | INFO     | src.pipelines.train_vision_backbones:run_pipeline:193 - Evaluating resnet18_autoencoder_differential_lr on LP
2026-02-08 11:18:45.244 | INFO     | src.models.evaluation:evaluate_tsb_ad_nonoverlapping:65 - Normal (8594) reconstruction error: mean=0.4443, std=0.3311
2026-02-08 11:18:45.245 | INFO     | src.models.evaluation:evaluate_tsb_ad_nonoverlapping:66 - Anomaly (906) reconstruction error: mean=0.7083, std=0.1066
2026-02-08 11:18:45.245 | INFO     | src.models.evaluation:evaluate_tsb_ad_nonoverlapping:67 - Overlap? Normal max=1.0000, Anomaly min=0.2584
2026-02-08 11:19:36.107 | INFO     | src.models.evaluation:evaluate_tsb_ad_nonoverlapping:83 - {'AUC-PR': 0.15898842685864867, 'AUC-ROC': 0.7067892482100299, 'VUS-PR': np.float64(0.9385418333167764), 'VUS-ROC': np.float64(0.9755099241038235), 'Standard-F1': np.float64(0.2629286341358964), 'PA-F1': 0.26362092915573393, 'Event-based-F1': np.float64(0.26280720082036085), 'R-based-F1': 0.14841179781883052, 'Affiliation-F': 0.7649120953357296}
2026-02-08 11:19:36.269 | INFO     | src.pipelines.train_vision_backbones:run_pipeline:170 - Train images: 12
2026-02-08 11:19:36.269 | INFO     | src.pipelines.train_vision_backbones:run_pipeline:171 - Test images: 949
2026-02-08 11:19:38.274 | INFO     | src.pipelines.train_vision_backbones:run_pipeline:176 - Training pvt_autoencoder_frozen on LP
2026-02-08 11:19:38.298 | INFO     | src.models.pvt_autoencoder.training:train_pvt_autoencoder_frozen:24 - Device: cuda | Model on: cuda:0
2026-02-08 11:20:07.758 | INFO     | src.pipelines.train_vision_backbones:run_pipeline:193 - Evaluating pvt_autoencoder_frozen on LP
2026-02-08 11:20:08.655 | INFO     | src.models.evaluation:evaluate_tsb_ad_nonoverlapping:65 - Normal (8594) reconstruction error: mean=0.2608, std=0.2137
2026-02-08 11:20:08.655 | INFO     | src.models.evaluation:evaluate_tsb_ad_nonoverlapping:66 - Anomaly (906) reconstruction error: mean=0.4636, std=0.1791
2026-02-08 11:20:08.655 | INFO     | src.models.evaluation:evaluate_tsb_ad_nonoverlapping:67 - Overlap? Normal max=1.0000, Anomaly min=0.1155
2026-02-08 11:20:48.094 | INFO     | src.models.evaluation:evaluate_tsb_ad_nonoverlapping:83 - {'AUC-PR': 0.21384451216939676, 'AUC-ROC': 0.7608530978797775, 'VUS-PR': np.float64(0.9514902001071865), 'VUS-ROC': np.float64(0.9793534172574089), 'Standard-F1': np.float64(0.30201407341912934), 'PA-F1': 0.3058009988474837, 'Event-based-F1': np.float64(0.30273941868189347), 'R-based-F1': 0.16323244903879774, 'Affiliation-F': 0.76099980379654}
2026-02-08 11:20:48.254 | INFO     | src.pipelines.train_vision_backbones:run_pipeline:170 - Train images: 12
2026-02-08 11:20:48.254 | INFO     | src.pipelines.train_vision_backbones:run_pipeline:171 - Test images: 949
2026-02-08 11:20:49.198 | INFO     | src.pipelines.train_vision_backbones:run_pipeline:176 - Training pvt_autoencoder_progressive_unfreeze on LP
2026-02-08 11:20:49.222 | INFO     | src.models.pvt_autoencoder.training:train_pvt_autoencoder_progressive_unfreeze:132 - Device: cuda | Model on: cuda:0
2026-02-08 11:21:33.433 | INFO     | src.pipelines.train_vision_backbones:run_pipeline:193 - Evaluating pvt_autoencoder_progressive_unfreeze on LP
2026-02-08 11:21:34.576 | INFO     | src.models.evaluation:evaluate_tsb_ad_nonoverlapping:65 - Normal (8594) reconstruction error: mean=0.2507, std=0.2058
2026-02-08 11:21:34.576 | INFO     | src.models.evaluation:evaluate_tsb_ad_nonoverlapping:66 - Anomaly (906) reconstruction error: mean=0.4457, std=0.1786
2026-02-08 11:21:34.576 | INFO     | src.models.evaluation:evaluate_tsb_ad_nonoverlapping:67 - Overlap? Normal max=1.0000, Anomaly min=0.1078
2026-02-08 11:22:13.109 | INFO     | src.models.evaluation:evaluate_tsb_ad_nonoverlapping:83 - {'AUC-PR': 0.21359043026522984, 'AUC-ROC': 0.7600426859747624, 'VUS-PR': np.float64(0.9512422782749816), 'VUS-ROC': np.float64(0.9791879307119747), 'Standard-F1': np.float64(0.301658107392957), 'PA-F1': 0.30598493856520015, 'Event-based-F1': np.float64(0.3030808945256596), 'R-based-F1': 0.16243795336369438, 'Affiliation-F': 0.7596585180660944}
2026-02-08 11:22:13.269 | INFO     | src.pipelines.train_vision_backbones:run_pipeline:170 - Train images: 12
2026-02-08 11:22:13.269 | INFO     | src.pipelines.train_vision_backbones:run_pipeline:171 - Test images: 949
2026-02-08 11:22:14.220 | INFO     | src.pipelines.train_vision_backbones:run_pipeline:176 - Training pvt_autoencoder_differential_lr on LP
2026-02-08 11:22:14.244 | INFO     | src.models.pvt_autoencoder.training:train_pvt_autoencoder_differential_lr:267 - Device: cuda | Model on: cuda:0
2026-02-08 11:22:45.529 | INFO     | src.pipelines.train_vision_backbones:run_pipeline:193 - Evaluating pvt_autoencoder_differential_lr on LP
2026-02-08 11:22:46.430 | INFO     | src.models.evaluation:evaluate_tsb_ad_nonoverlapping:65 - Normal (8594) reconstruction error: mean=0.2407, std=0.2090
2026-02-08 11:22:46.430 | INFO     | src.models.evaluation:evaluate_tsb_ad_nonoverlapping:66 - Anomaly (906) reconstruction error: mean=0.4385, std=0.1811
2026-02-08 11:22:46.430 | INFO     | src.models.evaluation:evaluate_tsb_ad_nonoverlapping:67 - Overlap? Normal max=1.0000, Anomaly min=0.0861
2026-02-08 11:23:25.215 | INFO     | src.models.evaluation:evaluate_tsb_ad_nonoverlapping:83 - {'AUC-PR': 0.21375148945989114, 'AUC-ROC': 0.7602263450911129, 'VUS-PR': np.float64(0.9512923431787234), 'VUS-ROC': np.float64(0.9792294668595478), 'Standard-F1': np.float64(0.301658107392957), 'PA-F1': 0.3036649214659686, 'Event-based-F1': np.float64(0.3007324848514341), 'R-based-F1': 0.16119982344566905, 'Affiliation-F': 0.7615879411631349}
2026-02-08 11:23:25.587 | INFO     | src.pipelines.train_vision_backbones:run_pipeline:70 - Using zip: /net/scratch/hscra/plgrid/plgsmendowski12/ts2i_images/TAO/257_TAO_id_1_Environment_tr_500_1st_3_ts2i_SG.zip for transformation SG
2026-02-08 11:23:26.676 | INFO     | src.pipelines.train_vision_backbones:run_pipeline:170 - Train images: 12
2026-02-08 11:23:26.676 | INFO     | src.pipelines.train_vision_backbones:run_pipeline:171 - Test images: 949
2026-02-08 11:23:26.683 | INFO     | src.pipelines.train_vision_backbones:run_pipeline:176 - Training cnn_autoencoder on SG
2026-02-08 11:23:26.687 | INFO     | src.models.cnn_autoencoder.training:train_autoencoder:22 - Device: cuda | Model on: cuda:0
2026-02-08 11:23:47.079 | INFO     | src.pipelines.train_vision_backbones:run_pipeline:193 - Evaluating cnn_autoencoder on SG
2026-02-08 11:23:47.774 | INFO     | src.models.evaluation:evaluate_tsb_ad_nonoverlapping:65 - Normal (8594) reconstruction error: mean=0.1328, std=0.1253
2026-02-08 11:23:47.775 | INFO     | src.models.evaluation:evaluate_tsb_ad_nonoverlapping:66 - Anomaly (906) reconstruction error: mean=0.2698, std=0.1652
2026-02-08 11:23:47.775 | INFO     | src.models.evaluation:evaluate_tsb_ad_nonoverlapping:67 - Overlap? Normal max=1.0000, Anomaly min=0.0223
2026-02-08 11:24:18.763 | INFO     | src.models.evaluation:evaluate_tsb_ad_nonoverlapping:83 - {'AUC-PR': 0.24344335814476925, 'AUC-ROC': 0.7739738078982152, 'VUS-PR': np.float64(0.9479244458927553), 'VUS-ROC': np.float64(0.9786267803484607), 'Standard-F1': np.float64(0.32682211875126876), 'PA-F1': 0.3294192319898445, 'Event-based-F1': np.float64(0.31816562461034176), 'R-based-F1': 0.19488783006431995, 'Affiliation-F': 0.7618278961292424}
2026-02-08 11:24:18.919 | INFO     | src.pipelines.train_vision_backbones:run_pipeline:170 - Train images: 12
2026-02-08 11:24:18.919 | INFO     | src.pipelines.train_vision_backbones:run_pipeline:171 - Test images: 949
2026-02-08 11:24:19.136 | INFO     | src.pipelines.train_vision_backbones:run_pipeline:176 - Training resnet18_autoencoder_frozen on SG
2026-02-08 11:24:19.150 | INFO     | src.models.resnet18_autoencoder.training:train_autoencoder_frozen:25 - Device: cuda | Model on: cuda:0
2026-02-08 11:24:45.491 | INFO     | src.pipelines.train_vision_backbones:run_pipeline:193 - Evaluating resnet18_autoencoder_frozen on SG
2026-02-08 11:24:46.808 | INFO     | src.models.evaluation:evaluate_tsb_ad_nonoverlapping:65 - Normal (8594) reconstruction error: mean=0.1258, std=0.1287
2026-02-08 11:24:46.808 | INFO     | src.models.evaluation:evaluate_tsb_ad_nonoverlapping:66 - Anomaly (906) reconstruction error: mean=0.2644, std=0.1641
2026-02-08 11:24:46.808 | INFO     | src.models.evaluation:evaluate_tsb_ad_nonoverlapping:67 - Overlap? Normal max=1.0000, Anomaly min=0.0181
2026-02-08 11:25:18.215 | INFO     | src.models.evaluation:evaluate_tsb_ad_nonoverlapping:83 - {'AUC-PR': 0.2398506990387561, 'AUC-ROC': 0.7749588886131862, 'VUS-PR': np.float64(0.9469595242147786), 'VUS-ROC': np.float64(0.9787254752024007), 'Standard-F1': np.float64(0.3236990380051992), 'PA-F1': 0.3257828114590273, 'Event-based-F1': np.float64(0.3127951907117203), 'R-based-F1': 0.19574366480138186, 'Affiliation-F': 0.7629280065503169}
2026-02-08 11:25:18.370 | INFO     | src.pipelines.train_vision_backbones:run_pipeline:170 - Train images: 12
2026-02-08 11:25:18.370 | INFO     | src.pipelines.train_vision_backbones:run_pipeline:171 - Test images: 949
2026-02-08 11:25:18.582 | INFO     | src.pipelines.train_vision_backbones:run_pipeline:176 - Training resnet18_autoencoder_progressive_unfreeze on SG
2026-02-08 11:25:18.596 | INFO     | src.models.resnet18_autoencoder.training:train_autoencoder_progressive_unfreeze:133 - Device: cuda | Model on: cuda:0
2026-02-08 11:25:59.057 | INFO     | src.pipelines.train_vision_backbones:run_pipeline:193 - Evaluating resnet18_autoencoder_progressive_unfreeze on SG
2026-02-08 11:26:00.097 | INFO     | src.models.evaluation:evaluate_tsb_ad_nonoverlapping:65 - Normal (8594) reconstruction error: mean=0.1214, std=0.1299
2026-02-08 11:26:00.097 | INFO     | src.models.evaluation:evaluate_tsb_ad_nonoverlapping:66 - Anomaly (906) reconstruction error: mean=0.2636, std=0.1626
2026-02-08 11:26:00.097 | INFO     | src.models.evaluation:evaluate_tsb_ad_nonoverlapping:67 - Overlap? Normal max=1.0000, Anomaly min=0.0240
2026-02-08 11:26:31.896 | INFO     | src.models.evaluation:evaluate_tsb_ad_nonoverlapping:83 - {'AUC-PR': 0.24256226480586524, 'AUC-ROC': 0.7770459240262598, 'VUS-PR': np.float64(0.9477196907014701), 'VUS-ROC': np.float64(0.9791712142615075), 'Standard-F1': np.float64(0.32652650353494944), 'PA-F1': 0.32896838070903867, 'Event-based-F1': np.float64(0.31771397616468), 'R-based-F1': 0.19604586500746832, 'Affiliation-F': 0.7648601112104052}
2026-02-08 11:26:32.055 | INFO     | src.pipelines.train_vision_backbones:run_pipeline:170 - Train images: 12
2026-02-08 11:26:32.056 | INFO     | src.pipelines.train_vision_backbones:run_pipeline:171 - Test images: 949
2026-02-08 11:26:32.263 | INFO     | src.pipelines.train_vision_backbones:run_pipeline:176 - Training resnet18_autoencoder_differential_lr on SG
2026-02-08 11:26:32.276 | INFO     | src.models.resnet18_autoencoder.training:train_autoencoder_differential_lr:271 - Device: cuda | Model on: cuda:0
2026-02-08 11:26:59.035 | INFO     | src.pipelines.train_vision_backbones:run_pipeline:193 - Evaluating resnet18_autoencoder_differential_lr on SG
2026-02-08 11:27:00.031 | INFO     | src.models.evaluation:evaluate_tsb_ad_nonoverlapping:65 - Normal (8594) reconstruction error: mean=0.1148, std=0.1225
2026-02-08 11:27:00.031 | INFO     | src.models.evaluation:evaluate_tsb_ad_nonoverlapping:66 - Anomaly (906) reconstruction error: mean=0.2481, std=0.1615
2026-02-08 11:27:00.031 | INFO     | src.models.evaluation:evaluate_tsb_ad_nonoverlapping:67 - Overlap? Normal max=1.0000, Anomaly min=0.0070
2026-02-08 11:27:30.936 | INFO     | src.models.evaluation:evaluate_tsb_ad_nonoverlapping:83 - {'AUC-PR': 0.24206922561846456, 'AUC-ROC': 0.7743013119168825, 'VUS-PR': np.float64(0.9475071231262658), 'VUS-ROC': np.float64(0.978659588594225), 'Standard-F1': np.float64(0.3246031584185771), 'PA-F1': 0.3278902677988243, 'Event-based-F1': np.float64(0.3154740850829619), 'R-based-F1': 0.1951728584059335, 'Affiliation-F': 0.7621025858167142}
2026-02-08 11:27:31.094 | INFO     | src.pipelines.train_vision_backbones:run_pipeline:170 - Train images: 12
2026-02-08 11:27:31.094 | INFO     | src.pipelines.train_vision_backbones:run_pipeline:171 - Test images: 949
2026-02-08 11:27:32.040 | INFO     | src.pipelines.train_vision_backbones:run_pipeline:176 - Training pvt_autoencoder_frozen on SG
2026-02-08 11:27:32.063 | INFO     | src.models.pvt_autoencoder.training:train_pvt_autoencoder_frozen:24 - Device: cuda | Model on: cuda:0
2026-02-08 11:28:02.316 | INFO     | src.pipelines.train_vision_backbones:run_pipeline:193 - Evaluating pvt_autoencoder_frozen on SG
2026-02-08 11:28:03.210 | INFO     | src.models.evaluation:evaluate_tsb_ad_nonoverlapping:65 - Normal (8594) reconstruction error: mean=0.1285, std=0.1313
2026-02-08 11:28:03.210 | INFO     | src.models.evaluation:evaluate_tsb_ad_nonoverlapping:66 - Anomaly (906) reconstruction error: mean=0.2710, std=0.1665
2026-02-08 11:28:03.210 | INFO     | src.models.evaluation:evaluate_tsb_ad_nonoverlapping:67 - Overlap? Normal max=1.0000, Anomaly min=0.0215
2026-02-08 11:28:34.852 | INFO     | src.models.evaluation:evaluate_tsb_ad_nonoverlapping:83 - {'AUC-PR': 0.24134867976593405, 'AUC-ROC': 0.7760069014729204, 'VUS-PR': np.float64(0.9477772691884487), 'VUS-ROC': np.float64(0.9792113442236814), 'Standard-F1': np.float64(0.32605492576582346), 'PA-F1': 0.3285117325618772, 'Event-based-F1': np.float64(0.3170174141060979), 'R-based-F1': 0.1952990611828741, 'Affiliation-F': 0.7632222303590687}
2026-02-08 11:28:35.009 | INFO     | src.pipelines.train_vision_backbones:run_pipeline:170 - Train images: 12
2026-02-08 11:28:35.009 | INFO     | src.pipelines.train_vision_backbones:run_pipeline:171 - Test images: 949
2026-02-08 11:28:35.950 | INFO     | src.pipelines.train_vision_backbones:run_pipeline:176 - Training pvt_autoencoder_progressive_unfreeze on SG
2026-02-08 11:28:35.974 | INFO     | src.models.pvt_autoencoder.training:train_pvt_autoencoder_progressive_unfreeze:132 - Device: cuda | Model on: cuda:0
2026-02-08 11:29:22.355 | INFO     | src.pipelines.train_vision_backbones:run_pipeline:193 - Evaluating pvt_autoencoder_progressive_unfreeze on SG
2026-02-08 11:29:23.406 | INFO     | src.models.evaluation:evaluate_tsb_ad_nonoverlapping:65 - Normal (8594) reconstruction error: mean=0.1217, std=0.1319
2026-02-08 11:29:23.406 | INFO     | src.models.evaluation:evaluate_tsb_ad_nonoverlapping:66 - Anomaly (906) reconstruction error: mean=0.2662, std=0.1648
2026-02-08 11:29:23.406 | INFO     | src.models.evaluation:evaluate_tsb_ad_nonoverlapping:67 - Overlap? Normal max=1.0000, Anomaly min=0.0228
2026-02-08 11:29:55.080 | INFO     | src.models.evaluation:evaluate_tsb_ad_nonoverlapping:83 - {'AUC-PR': 0.24275724756123007, 'AUC-ROC': 0.777121699465873, 'VUS-PR': np.float64(0.9479642955985418), 'VUS-ROC': np.float64(0.9793120703099447), 'Standard-F1': np.float64(0.3269921045344594), 'PA-F1': 0.3294192319898445, 'Event-based-F1': np.float64(0.31816562461034176), 'R-based-F1': 0.19625173115272912, 'Affiliation-F': 0.7648601112104052}
2026-02-08 11:29:55.245 | INFO     | src.pipelines.train_vision_backbones:run_pipeline:170 - Train images: 12
2026-02-08 11:29:55.245 | INFO     | src.pipelines.train_vision_backbones:run_pipeline:171 - Test images: 949
2026-02-08 11:29:56.191 | INFO     | src.pipelines.train_vision_backbones:run_pipeline:176 - Training pvt_autoencoder_differential_lr on SG
2026-02-08 11:29:56.215 | INFO     | src.models.pvt_autoencoder.training:train_pvt_autoencoder_differential_lr:267 - Device: cuda | Model on: cuda:0
2026-02-08 11:30:27.080 | INFO     | src.pipelines.train_vision_backbones:run_pipeline:193 - Evaluating pvt_autoencoder_differential_lr on SG
2026-02-08 11:30:28.237 | INFO     | src.models.evaluation:evaluate_tsb_ad_nonoverlapping:65 - Normal (8594) reconstruction error: mean=0.1264, std=0.1294
2026-02-08 11:30:28.237 | INFO     | src.models.evaluation:evaluate_tsb_ad_nonoverlapping:66 - Anomaly (906) reconstruction error: mean=0.2667, std=0.1661
2026-02-08 11:30:28.237 | INFO     | src.models.evaluation:evaluate_tsb_ad_nonoverlapping:67 - Overlap? Normal max=1.0000, Anomaly min=0.0177
2026-02-08 11:30:59.519 | INFO     | src.models.evaluation:evaluate_tsb_ad_nonoverlapping:83 - {'AUC-PR': 0.2413638298080844, 'AUC-ROC': 0.7752825396433982, 'VUS-PR': np.float64(0.9476092656398104), 'VUS-ROC': np.float64(0.9790355533696153), 'Standard-F1': np.float64(0.3263583909730887), 'PA-F1': 0.3285117325618772, 'Event-based-F1': np.float64(0.3170174141060979), 'R-based-F1': 0.19630602831562818, 'Affiliation-F': 0.7629280065503169}
2026-02-08 11:30:59.895 | INFO     | src.pipelines.train_vision_backbones:run_pipeline:70 - Using zip: /net/scratch/hscra/plgrid/plgsmendowski12/ts2i_images/TAO/257_TAO_id_1_Environment_tr_500_1st_3_ts2i_GASF.zip for transformation GASF
2026-02-08 11:31:01.041 | INFO     | src.pipelines.train_vision_backbones:run_pipeline:170 - Train images: 12
2026-02-08 11:31:01.041 | INFO     | src.pipelines.train_vision_backbones:run_pipeline:171 - Test images: 949
2026-02-08 11:31:01.048 | INFO     | src.pipelines.train_vision_backbones:run_pipeline:176 - Training cnn_autoencoder on GASF
2026-02-08 11:31:01.052 | INFO     | src.models.cnn_autoencoder.training:train_autoencoder:22 - Device: cuda | Model on: cuda:0
2026-02-08 11:31:20.001 | INFO     | src.pipelines.train_vision_backbones:run_pipeline:193 - Evaluating cnn_autoencoder on GASF
2026-02-08 11:31:20.758 | INFO     | src.models.evaluation:evaluate_tsb_ad_nonoverlapping:65 - Normal (8594) reconstruction error: mean=0.4817, std=0.3374
2026-02-08 11:31:20.758 | INFO     | src.models.evaluation:evaluate_tsb_ad_nonoverlapping:66 - Anomaly (906) reconstruction error: mean=0.6553, std=0.2016
2026-02-08 11:31:20.758 | INFO     | src.models.evaluation:evaluate_tsb_ad_nonoverlapping:67 - Overlap? Normal max=1.0000, Anomaly min=0.2254
2026-02-08 11:32:12.071 | INFO     | src.models.evaluation:evaluate_tsb_ad_nonoverlapping:83 - {'AUC-PR': 0.11890698889991841, 'AUC-ROC': 0.6349798180464732, 'VUS-PR': np.float64(0.9220660291745715), 'VUS-ROC': np.float64(0.9694845639584867), 'Standard-F1': np.float64(0.2570420126824924), 'PA-F1': 0.2571756601607348, 'Event-based-F1': np.float64(0.2569115200272768), 'R-based-F1': 0.14209134980430993, 'Affiliation-F': 0.7635445877012436}
2026-02-08 11:32:12.228 | INFO     | src.pipelines.train_vision_backbones:run_pipeline:170 - Train images: 12
2026-02-08 11:32:12.228 | INFO     | src.pipelines.train_vision_backbones:run_pipeline:171 - Test images: 949
2026-02-08 11:32:12.445 | INFO     | src.pipelines.train_vision_backbones:run_pipeline:176 - Training resnet18_autoencoder_frozen on GASF
2026-02-08 11:32:12.459 | INFO     | src.models.resnet18_autoencoder.training:train_autoencoder_frozen:25 - Device: cuda | Model on: cuda:0
2026-02-08 11:32:22.259 | INFO     | src.pipelines.train_vision_backbones:run_pipeline:193 - Evaluating resnet18_autoencoder_frozen on GASF
2026-02-08 11:32:23.327 | INFO     | src.models.evaluation:evaluate_tsb_ad_nonoverlapping:65 - Normal (8594) reconstruction error: mean=0.4706, std=0.3204
2026-02-08 11:32:23.327 | INFO     | src.models.evaluation:evaluate_tsb_ad_nonoverlapping:66 - Anomaly (906) reconstruction error: mean=0.6517, std=0.1692
2026-02-08 11:32:23.327 | INFO     | src.models.evaluation:evaluate_tsb_ad_nonoverlapping:67 - Overlap? Normal max=1.0000, Anomaly min=0.2372
2026-02-08 11:33:13.364 | INFO     | src.models.evaluation:evaluate_tsb_ad_nonoverlapping:83 - {'AUC-PR': 0.12060437855133384, 'AUC-ROC': 0.6374572896229773, 'VUS-PR': np.float64(0.9263295266089082), 'VUS-ROC': np.float64(0.970594142763609), 'Standard-F1': np.float64(0.25607464672050556), 'PA-F1': 0.2560768795929904, 'Event-based-F1': np.float64(0.25607687959299014), 'R-based-F1': 0.146285227403007, 'Affiliation-F': 0.7621675802865632}
2026-02-08 11:33:13.521 | INFO     | src.pipelines.train_vision_backbones:run_pipeline:170 - Train images: 12
2026-02-08 11:33:13.522 | INFO     | src.pipelines.train_vision_backbones:run_pipeline:171 - Test images: 949
2026-02-08 11:33:13.740 | INFO     | src.pipelines.train_vision_backbones:run_pipeline:176 - Training resnet18_autoencoder_progressive_unfreeze on GASF
2026-02-08 11:33:13.754 | INFO     | src.models.resnet18_autoencoder.training:train_autoencoder_progressive_unfreeze:133 - Device: cuda | Model on: cuda:0
2026-02-08 11:33:25.849 | INFO     | src.pipelines.train_vision_backbones:run_pipeline:193 - Evaluating resnet18_autoencoder_progressive_unfreeze on GASF
2026-02-08 11:33:26.692 | INFO     | src.models.evaluation:evaluate_tsb_ad_nonoverlapping:65 - Normal (8594) reconstruction error: mean=0.4983, std=0.3302
2026-02-08 11:33:26.692 | INFO     | src.models.evaluation:evaluate_tsb_ad_nonoverlapping:66 - Anomaly (906) reconstruction error: mean=0.6797, std=0.1667
2026-02-08 11:33:26.692 | INFO     | src.models.evaluation:evaluate_tsb_ad_nonoverlapping:67 - Overlap? Normal max=1.0000, Anomaly min=0.2754
2026-02-08 11:34:17.623 | INFO     | src.models.evaluation:evaluate_tsb_ad_nonoverlapping:83 - {'AUC-PR': 0.11629539936780905, 'AUC-ROC': 0.6244688655414913, 'VUS-PR': np.float64(0.9192028980747213), 'VUS-ROC': np.float64(0.968760408290138), 'Standard-F1': np.float64(0.25535290214985296), 'PA-F1': 0.25535512965050733, 'Event-based-F1': np.float64(0.25535512965050705), 'R-based-F1': 0.13902710438436577, 'Affiliation-F': 0.7613451508801187}
2026-02-08 11:34:17.779 | INFO     | src.pipelines.train_vision_backbones:run_pipeline:170 - Train images: 12
2026-02-08 11:34:17.779 | INFO     | src.pipelines.train_vision_backbones:run_pipeline:171 - Test images: 949
2026-02-08 11:34:17.996 | INFO     | src.pipelines.train_vision_backbones:run_pipeline:176 - Training resnet18_autoencoder_differential_lr on GASF
2026-02-08 11:34:18.010 | INFO     | src.models.resnet18_autoencoder.training:train_autoencoder_differential_lr:271 - Device: cuda | Model on: cuda:0
2026-02-08 11:34:30.322 | INFO     | src.pipelines.train_vision_backbones:run_pipeline:193 - Evaluating resnet18_autoencoder_differential_lr on GASF
2026-02-08 11:34:31.131 | INFO     | src.models.evaluation:evaluate_tsb_ad_nonoverlapping:65 - Normal (8594) reconstruction error: mean=0.5076, std=0.3491
2026-02-08 11:34:31.131 | INFO     | src.models.evaluation:evaluate_tsb_ad_nonoverlapping:66 - Anomaly (906) reconstruction error: mean=0.6935, std=0.1784
2026-02-08 11:34:31.131 | INFO     | src.models.evaluation:evaluate_tsb_ad_nonoverlapping:67 - Overlap? Normal max=1.0000, Anomaly min=0.2341
2026-02-08 11:35:24.118 | INFO     | src.models.evaluation:evaluate_tsb_ad_nonoverlapping:83 - {'AUC-PR': 0.11528525005847419, 'AUC-ROC': 0.6210024602615614, 'VUS-PR': np.float64(0.9181459388040322), 'VUS-ROC': np.float64(0.9682593564199339), 'Standard-F1': np.float64(0.25388964102448774), 'PA-F1': 0.2531752751905165, 'Event-based-F1': np.float64(0.25321535891736097), 'R-based-F1': 0.14428803832787745, 'Affiliation-F': 0.7587503186436069}
2026-02-08 11:35:24.278 | INFO     | src.pipelines.train_vision_backbones:run_pipeline:170 - Train images: 12
2026-02-08 11:35:24.278 | INFO     | src.pipelines.train_vision_backbones:run_pipeline:171 - Test images: 949
2026-02-08 11:35:25.222 | INFO     | src.pipelines.train_vision_backbones:run_pipeline:176 - Training pvt_autoencoder_frozen on GASF
2026-02-08 11:35:25.246 | INFO     | src.models.pvt_autoencoder.training:train_pvt_autoencoder_frozen:24 - Device: cuda | Model on: cuda:0
2026-02-08 11:35:41.586 | INFO     | src.pipelines.train_vision_backbones:run_pipeline:193 - Evaluating pvt_autoencoder_frozen on GASF
2026-02-08 11:35:42.507 | INFO     | src.models.evaluation:evaluate_tsb_ad_nonoverlapping:65 - Normal (8594) reconstruction error: mean=0.5044, std=0.3463
2026-02-08 11:35:42.508 | INFO     | src.models.evaluation:evaluate_tsb_ad_nonoverlapping:66 - Anomaly (906) reconstruction error: mean=0.6775, std=0.1933
2026-02-08 11:35:42.508 | INFO     | src.models.evaluation:evaluate_tsb_ad_nonoverlapping:67 - Overlap? Normal max=1.0000, Anomaly min=0.1786
2026-02-08 11:36:34.807 | INFO     | src.models.evaluation:evaluate_tsb_ad_nonoverlapping:83 - {'AUC-PR': 0.11508608557487802, 'AUC-ROC': 0.6196988658343184, 'VUS-PR': np.float64(0.9174889623173783), 'VUS-ROC': np.float64(0.9678294599036583), 'Standard-F1': np.float64(0.2544288488745562), 'PA-F1': 0.25443110348770726, 'Event-based-F1': np.float64(0.2544810446884458), 'R-based-F1': 0.1426487240262108, 'Affiliation-F': 0.7579705335988636}
2026-02-08 11:36:34.964 | INFO     | src.pipelines.train_vision_backbones:run_pipeline:170 - Train images: 12
2026-02-08 11:36:34.965 | INFO     | src.pipelines.train_vision_backbones:run_pipeline:171 - Test images: 949
2026-02-08 11:36:36.964 | INFO     | src.pipelines.train_vision_backbones:run_pipeline:176 - Training pvt_autoencoder_progressive_unfreeze on GASF
2026-02-08 11:36:36.988 | INFO     | src.models.pvt_autoencoder.training:train_pvt_autoencoder_progressive_unfreeze:132 - Device: cuda | Model on: cuda:0
2026-02-08 11:37:04.501 | INFO     | src.pipelines.train_vision_backbones:run_pipeline:193 - Evaluating pvt_autoencoder_progressive_unfreeze on GASF
2026-02-08 11:37:05.424 | INFO     | src.models.evaluation:evaluate_tsb_ad_nonoverlapping:65 - Normal (8594) reconstruction error: mean=0.5120, std=0.3600
2026-02-08 11:37:05.424 | INFO     | src.models.evaluation:evaluate_tsb_ad_nonoverlapping:66 - Anomaly (906) reconstruction error: mean=0.6962, std=0.1912
2026-02-08 11:37:05.424 | INFO     | src.models.evaluation:evaluate_tsb_ad_nonoverlapping:67 - Overlap? Normal max=1.0000, Anomaly min=0.2249
2026-02-08 11:37:59.120 | INFO     | src.models.evaluation:evaluate_tsb_ad_nonoverlapping:83 - {'AUC-PR': 0.11504092584546072, 'AUC-ROC': 0.6194972261051783, 'VUS-PR': np.float64(0.9187750236108508), 'VUS-ROC': np.float64(0.9680667235979451), 'Standard-F1': np.float64(0.2567970555517077), 'PA-F1': 0.25679931291153735, 'Event-based-F1': np.float64(0.2568405524894428), 'R-based-F1': 0.13876137629266194, 'Affiliation-F': 0.7620070679481118}
2026-02-08 11:37:59.390 | INFO     | src.pipelines.train_vision_backbones:run_pipeline:170 - Train images: 12
2026-02-08 11:37:59.390 | INFO     | src.pipelines.train_vision_backbones:run_pipeline:171 - Test images: 949
2026-02-08 11:38:00.340 | INFO     | src.pipelines.train_vision_backbones:run_pipeline:176 - Training pvt_autoencoder_differential_lr on GASF
2026-02-08 11:38:00.370 | INFO     | src.models.pvt_autoencoder.training:train_pvt_autoencoder_differential_lr:267 - Device: cuda | Model on: cuda:0
2026-02-08 11:38:14.668 | INFO     | src.pipelines.train_vision_backbones:run_pipeline:193 - Evaluating pvt_autoencoder_differential_lr on GASF
2026-02-08 11:38:15.593 | INFO     | src.models.evaluation:evaluate_tsb_ad_nonoverlapping:65 - Normal (8594) reconstruction error: mean=0.5263, std=0.3640
2026-02-08 11:38:15.593 | INFO     | src.models.evaluation:evaluate_tsb_ad_nonoverlapping:66 - Anomaly (906) reconstruction error: mean=0.7099, std=0.1968
2026-02-08 11:38:15.593 | INFO     | src.models.evaluation:evaluate_tsb_ad_nonoverlapping:67 - Overlap? Normal max=1.0000, Anomaly min=0.2568
2026-02-08 11:39:09.559 | INFO     | src.models.evaluation:evaluate_tsb_ad_nonoverlapping:83 - {'AUC-PR': 0.11493222051315236, 'AUC-ROC': 0.6193187043067677, 'VUS-PR': np.float64(0.9146349058091537), 'VUS-ROC': np.float64(0.9671624441928668), 'Standard-F1': np.float64(0.25716494607895407), 'PA-F1': 0.25716718705648595, 'Event-based-F1': np.float64(0.25716718705648567), 'R-based-F1': 0.13776492626621942, 'Affiliation-F': 0.7632174470068355}
2026-02-08 11:39:09.925 | INFO     | src.pipelines.train_vision_backbones:run_pipeline:70 - Using zip: /net/scratch/hscra/plgrid/plgsmendowski12/ts2i_images/TAO/257_TAO_id_1_Environment_tr_500_1st_3_ts2i_GADF.zip for transformation GADF
2026-02-08 11:39:11.033 | INFO     | src.pipelines.train_vision_backbones:run_pipeline:170 - Train images: 12
2026-02-08 11:39:11.033 | INFO     | src.pipelines.train_vision_backbones:run_pipeline:171 - Test images: 949
2026-02-08 11:39:11.039 | INFO     | src.pipelines.train_vision_backbones:run_pipeline:176 - Training cnn_autoencoder on GADF
2026-02-08 11:39:11.044 | INFO     | src.models.cnn_autoencoder.training:train_autoencoder:22 - Device: cuda | Model on: cuda:0
2026-02-08 11:39:25.820 | INFO     | src.pipelines.train_vision_backbones:run_pipeline:193 - Evaluating cnn_autoencoder on GADF
2026-02-08 11:39:26.572 | INFO     | src.models.evaluation:evaluate_tsb_ad_nonoverlapping:65 - Normal (8594) reconstruction error: mean=0.2598, std=0.1603
2026-02-08 11:39:26.572 | INFO     | src.models.evaluation:evaluate_tsb_ad_nonoverlapping:66 - Anomaly (906) reconstruction error: mean=0.2034, std=0.0704
2026-02-08 11:39:26.572 | INFO     | src.models.evaluation:evaluate_tsb_ad_nonoverlapping:67 - Overlap? Normal max=1.0000, Anomaly min=0.0626
2026-02-08 11:39:57.462 | INFO     | src.models.evaluation:evaluate_tsb_ad_nonoverlapping:83 - {'AUC-PR': 0.07448604392998892, 'AUC-ROC': 0.41843801389233526, 'VUS-PR': np.float64(0.8127588335743492), 'VUS-ROC': np.float64(0.9253493240370277), 'Standard-F1': np.float64(0.1789011230064206), 'PA-F1': 0.17881978939002582, 'Event-based-F1': np.float64(0.17886650886516883), 'R-based-F1': 0.0801846876071022, 'Affiliation-F': 0.6840418861012744}
2026-02-08 11:39:57.619 | INFO     | src.pipelines.train_vision_backbones:run_pipeline:170 - Train images: 12
2026-02-08 11:39:57.619 | INFO     | src.pipelines.train_vision_backbones:run_pipeline:171 - Test images: 949
2026-02-08 11:39:57.829 | INFO     | src.pipelines.train_vision_backbones:run_pipeline:176 - Training resnet18_autoencoder_frozen on GADF
2026-02-08 11:39:57.842 | INFO     | src.models.resnet18_autoencoder.training:train_autoencoder_frozen:25 - Device: cuda | Model on: cuda:0
2026-02-08 11:39:59.493 | INFO     | src.pipelines.train_vision_backbones:run_pipeline:193 - Evaluating resnet18_autoencoder_frozen on GADF
2026-02-08 11:40:00.322 | INFO     | src.models.evaluation:evaluate_tsb_ad_nonoverlapping:65 - Normal (8594) reconstruction error: mean=0.3169, std=0.3572
2026-02-08 11:40:00.322 | INFO     | src.models.evaluation:evaluate_tsb_ad_nonoverlapping:66 - Anomaly (906) reconstruction error: mean=0.0687, std=0.0867
2026-02-08 11:40:00.322 | INFO     | src.models.evaluation:evaluate_tsb_ad_nonoverlapping:67 - Overlap? Normal max=1.0000, Anomaly min=0.0004
2026-02-08 11:40:45.697 | INFO     | src.models.evaluation:evaluate_tsb_ad_nonoverlapping:83 - {'AUC-PR': 0.06958384442519505, 'AUC-ROC': 0.3631758848131121, 'VUS-PR': np.float64(0.8018554985530338), 'VUS-ROC': np.float64(0.9124441634710934), 'Standard-F1': np.float64(0.1742962157838709), 'PA-F1': 0.17429780684878798, 'Event-based-F1': np.float64(0.1742978068487878), 'R-based-F1': 0.072172096097649, 'Affiliation-F': 0.6781395851132258}
2026-02-08 11:40:45.854 | INFO     | src.pipelines.train_vision_backbones:run_pipeline:170 - Train images: 12
2026-02-08 11:40:45.854 | INFO     | src.pipelines.train_vision_backbones:run_pipeline:171 - Test images: 949
2026-02-08 11:40:46.072 | INFO     | src.pipelines.train_vision_backbones:run_pipeline:176 - Training resnet18_autoencoder_progressive_unfreeze on GADF
2026-02-08 11:40:46.085 | INFO     | src.models.resnet18_autoencoder.training:train_autoencoder_progressive_unfreeze:133 - Device: cuda | Model on: cuda:0
2026-02-08 11:40:51.636 | INFO     | src.pipelines.train_vision_backbones:run_pipeline:193 - Evaluating resnet18_autoencoder_progressive_unfreeze on GADF
2026-02-08 11:40:52.468 | INFO     | src.models.evaluation:evaluate_tsb_ad_nonoverlapping:65 - Normal (8594) reconstruction error: mean=0.2524, std=0.2865
2026-02-08 11:40:52.468 | INFO     | src.models.evaluation:evaluate_tsb_ad_nonoverlapping:66 - Anomaly (906) reconstruction error: mean=0.0660, std=0.0715
2026-02-08 11:40:52.469 | INFO     | src.models.evaluation:evaluate_tsb_ad_nonoverlapping:67 - Overlap? Normal max=1.0000, Anomaly min=0.0000
2026-02-08 11:41:31.827 | INFO     | src.models.evaluation:evaluate_tsb_ad_nonoverlapping:83 - {'AUC-PR': 0.06905977716348186, 'AUC-ROC': 0.35954508535910623, 'VUS-PR': np.float64(0.8044289622479063), 'VUS-ROC': np.float64(0.9115524428843124), 'Standard-F1': np.float64(0.17412871975510505), 'PA-F1': 0.17410542516352442, 'Event-based-F1': np.float64(0.17410329788011372), 'R-based-F1': 0.07094583215157071, 'Affiliation-F': 0.6773987618483125}
2026-02-08 11:41:32.005 | INFO     | src.pipelines.train_vision_backbones:run_pipeline:170 - Train images: 12
2026-02-08 11:41:32.005 | INFO     | src.pipelines.train_vision_backbones:run_pipeline:171 - Test images: 949
2026-02-08 11:41:32.216 | INFO     | src.pipelines.train_vision_backbones:run_pipeline:176 - Training resnet18_autoencoder_differential_lr on GADF
2026-02-08 11:41:32.228 | INFO     | src.models.resnet18_autoencoder.training:train_autoencoder_differential_lr:271 - Device: cuda | Model on: cuda:0
2026-02-08 11:41:40.595 | INFO     | src.pipelines.train_vision_backbones:run_pipeline:193 - Evaluating resnet18_autoencoder_differential_lr on GADF
2026-02-08 11:41:41.251 | INFO     | src.models.evaluation:evaluate_tsb_ad_nonoverlapping:65 - Normal (8594) reconstruction error: mean=0.2076, std=0.2067
2026-02-08 11:41:41.251 | INFO     | src.models.evaluation:evaluate_tsb_ad_nonoverlapping:66 - Anomaly (906) reconstruction error: mean=0.0779, std=0.0477
2026-02-08 11:41:41.251 | INFO     | src.models.evaluation:evaluate_tsb_ad_nonoverlapping:67 - Overlap? Normal max=1.0000, Anomaly min=0.0000
2026-02-08 11:42:14.756 | INFO     | src.models.evaluation:evaluate_tsb_ad_nonoverlapping:83 - {'AUC-PR': 0.06564754526243319, 'AUC-ROC': 0.32816634738235667, 'VUS-PR': np.float64(0.8043633311803775), 'VUS-ROC': np.float64(0.9110951523197166), 'Standard-F1': np.float64(0.17412871975510505), 'PA-F1': 0.1737206617929973, 'Event-based-F1': np.float64(0.173752007133065), 'R-based-F1': 0.06553353430872179, 'Affiliation-F': 0.6778803808186984}
2026-02-08 11:42:14.912 | INFO     | src.pipelines.train_vision_backbones:run_pipeline:170 - Train images: 12
2026-02-08 11:42:14.912 | INFO     | src.pipelines.train_vision_backbones:run_pipeline:171 - Test images: 949
2026-02-08 11:42:15.857 | INFO     | src.pipelines.train_vision_backbones:run_pipeline:176 - Training pvt_autoencoder_frozen on GADF
2026-02-08 11:42:15.880 | INFO     | src.models.pvt_autoencoder.training:train_pvt_autoencoder_frozen:24 - Device: cuda | Model on: cuda:0
2026-02-08 11:42:21.803 | INFO     | src.pipelines.train_vision_backbones:run_pipeline:193 - Evaluating pvt_autoencoder_frozen on GADF
2026-02-08 11:42:22.385 | INFO     | src.models.evaluation:evaluate_tsb_ad_nonoverlapping:65 - Normal (8594) reconstruction error: mean=0.2485, std=0.2744
2026-02-08 11:42:22.385 | INFO     | src.models.evaluation:evaluate_tsb_ad_nonoverlapping:66 - Anomaly (906) reconstruction error: mean=0.0700, std=0.0809
2026-02-08 11:42:22.385 | INFO     | src.models.evaluation:evaluate_tsb_ad_nonoverlapping:67 - Overlap? Normal max=1.0000, Anomaly min=0.0000
2026-02-08 11:43:01.854 | INFO     | src.models.evaluation:evaluate_tsb_ad_nonoverlapping:83 - {'AUC-PR': 0.06977522140199213, 'AUC-ROC': 0.3654247457412919, 'VUS-PR': np.float64(0.8055252668199998), 'VUS-ROC': np.float64(0.9128682664047807), 'Standard-F1': np.float64(0.17412871975510505), 'PA-F1': 0.17410542516352442, 'Event-based-F1': np.float64(0.17410329788011372), 'R-based-F1': 0.07463832506956518, 'Affiliation-F': 0.6776980220698413}
2026-02-08 11:43:02.008 | INFO     | src.pipelines.train_vision_backbones:run_pipeline:170 - Train images: 12
2026-02-08 11:43:02.008 | INFO     | src.pipelines.train_vision_backbones:run_pipeline:171 - Test images: 949
2026-02-08 11:43:02.956 | INFO     | src.pipelines.train_vision_backbones:run_pipeline:176 - Training pvt_autoencoder_progressive_unfreeze on GADF
2026-02-08 11:43:02.979 | INFO     | src.models.pvt_autoencoder.training:train_pvt_autoencoder_progressive_unfreeze:132 - Device: cuda | Model on: cuda:0
2026-02-08 11:43:10.524 | INFO     | src.pipelines.train_vision_backbones:run_pipeline:193 - Evaluating pvt_autoencoder_progressive_unfreeze on GADF
2026-02-08 11:43:11.093 | INFO     | src.models.evaluation:evaluate_tsb_ad_nonoverlapping:65 - Normal (8594) reconstruction error: mean=0.2202, std=0.2290
2026-02-08 11:43:11.094 | INFO     | src.models.evaluation:evaluate_tsb_ad_nonoverlapping:66 - Anomaly (906) reconstruction error: mean=0.0892, std=0.0834
2026-02-08 11:43:11.094 | INFO     | src.models.evaluation:evaluate_tsb_ad_nonoverlapping:67 - Overlap? Normal max=1.0000, Anomaly min=0.0000
2026-02-08 11:43:47.207 | INFO     | src.models.evaluation:evaluate_tsb_ad_nonoverlapping:83 - {'AUC-PR': 0.06944979446166333, 'AUC-ROC': 0.36686833208239644, 'VUS-PR': np.float64(0.810196226400855), 'VUS-ROC': np.float64(0.9142348306524342), 'Standard-F1': np.float64(0.17412871975510505), 'PA-F1': 0.17410542516352442, 'Event-based-F1': np.float64(0.17410329788011372), 'R-based-F1': 0.08088647046991135, 'Affiliation-F': 0.6778366658009654}
2026-02-08 11:43:47.364 | INFO     | src.pipelines.train_vision_backbones:run_pipeline:170 - Train images: 12
2026-02-08 11:43:47.364 | INFO     | src.pipelines.train_vision_backbones:run_pipeline:171 - Test images: 949
2026-02-08 11:43:48.303 | INFO     | src.pipelines.train_vision_backbones:run_pipeline:176 - Training pvt_autoencoder_differential_lr on GADF
2026-02-08 11:43:48.327 | INFO     | src.models.pvt_autoencoder.training:train_pvt_autoencoder_differential_lr:267 - Device: cuda | Model on: cuda:0
2026-02-08 11:44:00.449 | INFO     | src.pipelines.train_vision_backbones:run_pipeline:193 - Evaluating pvt_autoencoder_differential_lr on GADF
2026-02-08 11:44:01.005 | INFO     | src.models.evaluation:evaluate_tsb_ad_nonoverlapping:65 - Normal (8594) reconstruction error: mean=0.2140, std=0.1841
2026-02-08 11:44:01.005 | INFO     | src.models.evaluation:evaluate_tsb_ad_nonoverlapping:66 - Anomaly (906) reconstruction error: mean=0.1678, std=0.1132
2026-02-08 11:44:01.005 | INFO     | src.models.evaluation:evaluate_tsb_ad_nonoverlapping:67 - Overlap? Normal max=1.0000, Anomaly min=0.0008
2026-02-08 11:44:34.047 | INFO     | src.models.evaluation:evaluate_tsb_ad_nonoverlapping:83 - {'AUC-PR': 0.08065471586335982, 'AUC-ROC': 0.45457519261089285, 'VUS-PR': np.float64(0.8234157954355927), 'VUS-ROC': np.float64(0.928015672400594), 'Standard-F1': np.float64(0.1742962157838709), 'PA-F1': 0.17429780684878798, 'Event-based-F1': np.float64(0.1742978068487878), 'R-based-F1': 0.0867879111616128, 'Affiliation-F': 0.6781789666290586}
2026-02-08 11:44:34.544 | INFO     | src.pipelines.train_vision_backbones:run_pipeline:70 - Using zip: /net/scratch/hscra/plgrid/plgsmendowski12/ts2i_images/TAO/257_TAO_id_1_Environment_tr_500_1st_3_ts2i_MTF.zip for transformation MTF
2026-02-08 11:44:35.695 | INFO     | src.pipelines.train_vision_backbones:run_pipeline:170 - Train images: 12
2026-02-08 11:44:35.695 | INFO     | src.pipelines.train_vision_backbones:run_pipeline:171 - Test images: 949
2026-02-08 11:44:35.702 | INFO     | src.pipelines.train_vision_backbones:run_pipeline:176 - Training cnn_autoencoder on MTF
2026-02-08 11:44:35.706 | INFO     | src.models.cnn_autoencoder.training:train_autoencoder:22 - Device: cuda | Model on: cuda:0
2026-02-08 11:44:56.810 | INFO     | src.pipelines.train_vision_backbones:run_pipeline:193 - Evaluating cnn_autoencoder on MTF
2026-02-08 11:44:57.579 | INFO     | src.models.evaluation:evaluate_tsb_ad_nonoverlapping:65 - Normal (8594) reconstruction error: mean=0.0391, std=0.0429
2026-02-08 11:44:57.579 | INFO     | src.models.evaluation:evaluate_tsb_ad_nonoverlapping:66 - Anomaly (906) reconstruction error: mean=0.0394, std=0.0207
2026-02-08 11:44:57.579 | INFO     | src.models.evaluation:evaluate_tsb_ad_nonoverlapping:67 - Overlap? Normal max=1.0000, Anomaly min=0.0000
2026-02-08 11:45:20.189 | INFO     | src.models.evaluation:evaluate_tsb_ad_nonoverlapping:83 - {'AUC-PR': 0.10166855153449467, 'AUC-ROC': 0.5332384470709839, 'VUS-PR': np.float64(0.8741360923010717), 'VUS-ROC': np.float64(0.9478003783621465), 'Standard-F1': np.float64(0.1827452270468018), 'PA-F1': 0.17768684040491062, 'Event-based-F1': np.float64(0.17770767458535594), 'R-based-F1': 0.10894144912204357, 'Affiliation-F': 0.6776088215958521}
2026-02-08 11:45:20.350 | INFO     | src.pipelines.train_vision_backbones:run_pipeline:170 - Train images: 12
2026-02-08 11:45:20.351 | INFO     | src.pipelines.train_vision_backbones:run_pipeline:171 - Test images: 949
2026-02-08 11:45:20.561 | INFO     | src.pipelines.train_vision_backbones:run_pipeline:176 - Training resnet18_autoencoder_frozen on MTF
2026-02-08 11:45:20.574 | INFO     | src.models.resnet18_autoencoder.training:train_autoencoder_frozen:25 - Device: cuda | Model on: cuda:0
2026-02-08 11:45:45.846 | INFO     | src.pipelines.train_vision_backbones:run_pipeline:193 - Evaluating resnet18_autoencoder_frozen on MTF
2026-02-08 11:45:46.670 | INFO     | src.models.evaluation:evaluate_tsb_ad_nonoverlapping:65 - Normal (8594) reconstruction error: mean=0.0507, std=0.0481
2026-02-08 11:45:46.670 | INFO     | src.models.evaluation:evaluate_tsb_ad_nonoverlapping:66 - Anomaly (906) reconstruction error: mean=0.0492, std=0.0275
2026-02-08 11:45:46.670 | INFO     | src.models.evaluation:evaluate_tsb_ad_nonoverlapping:67 - Overlap? Normal max=1.0000, Anomaly min=0.0000
2026-02-08 11:46:09.708 | INFO     | src.models.evaluation:evaluate_tsb_ad_nonoverlapping:83 - {'AUC-PR': 0.09290034728625379, 'AUC-ROC': 0.5097448499671982, 'VUS-PR': np.float64(0.8584732707669709), 'VUS-ROC': np.float64(0.9424683569560756), 'Standard-F1': np.float64(0.18278435015573946), 'PA-F1': 0.18082191780821918, 'Event-based-F1': np.float64(0.18019433000911114), 'R-based-F1': 0.1051089483540431, 'Affiliation-F': 0.6820357579964159}
2026-02-08 11:46:09.883 | INFO     | src.pipelines.train_vision_backbones:run_pipeline:170 - Train images: 12
2026-02-08 11:46:09.883 | INFO     | src.pipelines.train_vision_backbones:run_pipeline:171 - Test images: 949
2026-02-08 11:46:10.093 | INFO     | src.pipelines.train_vision_backbones:run_pipeline:176 - Training resnet18_autoencoder_progressive_unfreeze on MTF
2026-02-08 11:46:10.105 | INFO     | src.models.resnet18_autoencoder.training:train_autoencoder_progressive_unfreeze:133 - Device: cuda | Model on: cuda:0
2026-02-08 11:46:45.295 | INFO     | src.pipelines.train_vision_backbones:run_pipeline:193 - Evaluating resnet18_autoencoder_progressive_unfreeze on MTF
2026-02-08 11:46:46.130 | INFO     | src.models.evaluation:evaluate_tsb_ad_nonoverlapping:65 - Normal (8594) reconstruction error: mean=0.0548, std=0.0481
2026-02-08 11:46:46.130 | INFO     | src.models.evaluation:evaluate_tsb_ad_nonoverlapping:66 - Anomaly (906) reconstruction error: mean=0.0560, std=0.0295
2026-02-08 11:46:46.130 | INFO     | src.models.evaluation:evaluate_tsb_ad_nonoverlapping:67 - Overlap? Normal max=1.0000, Anomaly min=0.0000
2026-02-08 11:47:09.423 | INFO     | src.models.evaluation:evaluate_tsb_ad_nonoverlapping:83 - {'AUC-PR': 0.10019929762687016, 'AUC-ROC': 0.528488354470828, 'VUS-PR': np.float64(0.8716076744755487), 'VUS-ROC': np.float64(0.9463252625985774), 'Standard-F1': np.float64(0.1818392038973349), 'PA-F1': 0.18083266059278053, 'Event-based-F1': np.float64(0.18012282415414682), 'R-based-F1': 0.10589775118782441, 'Affiliation-F': 0.6819132360335256}
2026-02-08 11:47:09.590 | INFO     | src.pipelines.train_vision_backbones:run_pipeline:170 - Train images: 12
2026-02-08 11:47:09.590 | INFO     | src.pipelines.train_vision_backbones:run_pipeline:171 - Test images: 949
2026-02-08 11:47:09.813 | INFO     | src.pipelines.train_vision_backbones:run_pipeline:176 - Training resnet18_autoencoder_differential_lr on MTF
2026-02-08 11:47:09.828 | INFO     | src.models.resnet18_autoencoder.training:train_autoencoder_differential_lr:271 - Device: cuda | Model on: cuda:0
2026-02-08 11:47:36.789 | INFO     | src.pipelines.train_vision_backbones:run_pipeline:193 - Evaluating resnet18_autoencoder_differential_lr on MTF
2026-02-08 11:47:37.449 | INFO     | src.models.evaluation:evaluate_tsb_ad_nonoverlapping:65 - Normal (8594) reconstruction error: mean=0.0486, std=0.0472
2026-02-08 11:47:37.449 | INFO     | src.models.evaluation:evaluate_tsb_ad_nonoverlapping:66 - Anomaly (906) reconstruction error: mean=0.0463, std=0.0275
2026-02-08 11:47:37.449 | INFO     | src.models.evaluation:evaluate_tsb_ad_nonoverlapping:67 - Overlap? Normal max=1.0000, Anomaly min=0.0000
2026-02-08 11:48:00.278 | INFO     | src.models.evaluation:evaluate_tsb_ad_nonoverlapping:83 - {'AUC-PR': 0.09112070825011004, 'AUC-ROC': 0.4943316118180916, 'VUS-PR': np.float64(0.8568422246051612), 'VUS-ROC': np.float64(0.9402832985662052), 'Standard-F1': np.float64(0.17823857114724334), 'PA-F1': 0.17764633897613705, 'Event-based-F1': np.float64(0.17760504108336939), 'R-based-F1': 0.10518912855605679, 'Affiliation-F': 0.6777875466438109}
2026-02-08 11:48:00.437 | INFO     | src.pipelines.train_vision_backbones:run_pipeline:170 - Train images: 12
2026-02-08 11:48:00.437 | INFO     | src.pipelines.train_vision_backbones:run_pipeline:171 - Test images: 949
2026-02-08 11:48:01.383 | INFO     | src.pipelines.train_vision_backbones:run_pipeline:176 - Training pvt_autoencoder_frozen on MTF
2026-02-08 11:48:01.406 | INFO     | src.models.pvt_autoencoder.training:train_pvt_autoencoder_frozen:24 - Device: cuda | Model on: cuda:0
2026-02-08 11:48:30.005 | INFO     | src.pipelines.train_vision_backbones:run_pipeline:193 - Evaluating pvt_autoencoder_frozen on MTF
2026-02-08 11:48:41.335 | INFO     | src.models.evaluation:evaluate_tsb_ad_nonoverlapping:65 - Normal (8594) reconstruction error: mean=0.0477, std=0.0488
2026-02-08 11:48:41.335 | INFO     | src.models.evaluation:evaluate_tsb_ad_nonoverlapping:66 - Anomaly (906) reconstruction error: mean=0.0476, std=0.0299
2026-02-08 11:48:41.336 | INFO     | src.models.evaluation:evaluate_tsb_ad_nonoverlapping:67 - Overlap? Normal max=1.0000, Anomaly min=0.0000
2026-02-08 11:49:04.520 | INFO     | src.models.evaluation:evaluate_tsb_ad_nonoverlapping:83 - {'AUC-PR': 0.09739822857976732, 'AUC-ROC': 0.5226330963488567, 'VUS-PR': np.float64(0.8623829814846168), 'VUS-ROC': np.float64(0.94294599630438), 'Standard-F1': np.float64(0.18294233390574544), 'PA-F1': 0.18153021442495126, 'Event-based-F1': np.float64(0.18110667189622412), 'R-based-F1': 0.1076925690926634, 'Affiliation-F': 0.6806706418826932}
2026-02-08 11:49:04.690 | INFO     | src.pipelines.train_vision_backbones:run_pipeline:170 - Train images: 12
2026-02-08 11:49:04.691 | INFO     | src.pipelines.train_vision_backbones:run_pipeline:171 - Test images: 949
2026-02-08 11:49:05.691 | INFO     | src.pipelines.train_vision_backbones:run_pipeline:176 - Training pvt_autoencoder_progressive_unfreeze on MTF
2026-02-08 11:49:05.715 | INFO     | src.models.pvt_autoencoder.training:train_pvt_autoencoder_progressive_unfreeze:132 - Device: cuda | Model on: cuda:0
2026-02-08 11:49:33.855 | INFO     | src.pipelines.train_vision_backbones:run_pipeline:193 - Evaluating pvt_autoencoder_progressive_unfreeze on MTF
2026-02-08 11:49:35.028 | INFO     | src.models.evaluation:evaluate_tsb_ad_nonoverlapping:65 - Normal (8594) reconstruction error: mean=0.0446, std=0.0479
2026-02-08 11:49:35.029 | INFO     | src.models.evaluation:evaluate_tsb_ad_nonoverlapping:66 - Anomaly (906) reconstruction error: mean=0.0441, std=0.0286
2026-02-08 11:49:35.029 | INFO     | src.models.evaluation:evaluate_tsb_ad_nonoverlapping:67 - Overlap? Normal max=1.0000, Anomaly min=0.0000
2026-02-08 11:49:57.928 | INFO     | src.models.evaluation:evaluate_tsb_ad_nonoverlapping:83 - {'AUC-PR': 0.09645972126385115, 'AUC-ROC': 0.5181289528450723, 'VUS-PR': np.float64(0.8661163104928057), 'VUS-ROC': np.float64(0.9434374331273874), 'Standard-F1': np.float64(0.18165284684898547), 'PA-F1': 0.18067318132464713, 'Event-based-F1': np.float64(0.18010230214918693), 'R-based-F1': 0.10495209494622262, 'Affiliation-F': 0.6815171933486608}
2026-02-08 11:49:58.092 | INFO     | src.pipelines.train_vision_backbones:run_pipeline:170 - Train images: 12
2026-02-08 11:49:58.092 | INFO     | src.pipelines.train_vision_backbones:run_pipeline:171 - Test images: 949
2026-02-08 11:49:59.030 | INFO     | src.pipelines.train_vision_backbones:run_pipeline:176 - Training pvt_autoencoder_differential_lr on MTF
2026-02-08 11:49:59.054 | INFO     | src.models.pvt_autoencoder.training:train_pvt_autoencoder_differential_lr:267 - Device: cuda | Model on: cuda:0
2026-02-08 11:50:29.307 | INFO     | src.pipelines.train_vision_backbones:run_pipeline:193 - Evaluating pvt_autoencoder_differential_lr on MTF
2026-02-08 11:50:30.221 | INFO     | src.models.evaluation:evaluate_tsb_ad_nonoverlapping:65 - Normal (8594) reconstruction error: mean=0.0514, std=0.0463
2026-02-08 11:50:30.221 | INFO     | src.models.evaluation:evaluate_tsb_ad_nonoverlapping:66 - Anomaly (906) reconstruction error: mean=0.0515, std=0.0275
2026-02-08 11:50:30.221 | INFO     | src.models.evaluation:evaluate_tsb_ad_nonoverlapping:67 - Overlap? Normal max=1.0000, Anomaly min=0.0000
2026-02-08 11:50:53.495 | INFO     | src.models.evaluation:evaluate_tsb_ad_nonoverlapping:83 - {'AUC-PR': 0.09644552057794537, 'AUC-ROC': 0.5174289932757645, 'VUS-PR': np.float64(0.8698347812025481), 'VUS-ROC': np.float64(0.9452908620231171), 'Standard-F1': np.float64(0.1825916985700104), 'PA-F1': 0.1819905213270142, 'Event-based-F1': np.float64(0.18146419680108247), 'R-based-F1': 0.10826044938912167, 'Affiliation-F': 0.6788469716363882}
2026-02-08 11:50:53.859 | INFO     | src.pipelines.train_vision_backbones:run_pipeline:70 - Using zip: /net/scratch/hscra/plgrid/plgsmendowski12/ts2i_images/TAO/257_TAO_id_1_Environment_tr_500_1st_3_ts2i_RP.zip for transformation RP
2026-02-08 11:50:55.173 | INFO     | src.pipelines.train_vision_backbones:run_pipeline:170 - Train images: 12
2026-02-08 11:50:55.173 | INFO     | src.pipelines.train_vision_backbones:run_pipeline:171 - Test images: 949
2026-02-08 11:50:55.180 | INFO     | src.pipelines.train_vision_backbones:run_pipeline:176 - Training cnn_autoencoder on RP
2026-02-08 11:50:55.184 | INFO     | src.models.cnn_autoencoder.training:train_autoencoder:22 - Device: cuda | Model on: cuda:0
2026-02-08 11:51:14.532 | INFO     | src.pipelines.train_vision_backbones:run_pipeline:193 - Evaluating cnn_autoencoder on RP
2026-02-08 11:51:15.253 | INFO     | src.models.evaluation:evaluate_tsb_ad_nonoverlapping:65 - Normal (8594) reconstruction error: mean=0.4787, std=0.4995
2026-02-08 11:51:15.254 | INFO     | src.models.evaluation:evaluate_tsb_ad_nonoverlapping:66 - Anomaly (906) reconstruction error: mean=0.4371, std=0.4960
2026-02-08 11:51:15.254 | INFO     | src.models.evaluation:evaluate_tsb_ad_nonoverlapping:67 - Overlap? Normal max=1.0000, Anomaly min=0.0000
2026-02-08 11:52:07.800 | INFO     | src.models.evaluation:evaluate_tsb_ad_nonoverlapping:83 - {'AUC-PR': 0.09206250159399468, 'AUC-ROC': 0.47919000935505596, 'VUS-PR': np.float64(0.8762325884637654), 'VUS-ROC': np.float64(0.9344818366620143), 'Standard-F1': np.float64(0.17412871975510505), 'PA-F1': 0.14760147601476015, 'Event-based-F1': np.float64(0.14708391325820472), 'R-based-F1': 0.09107771440911072, 'Affiliation-F': 0.5222489433751525}
2026-02-08 11:52:07.953 | INFO     | src.pipelines.train_vision_backbones:run_pipeline:170 - Train images: 12
2026-02-08 11:52:07.954 | INFO     | src.pipelines.train_vision_backbones:run_pipeline:171 - Test images: 949
2026-02-08 11:52:08.169 | INFO     | src.pipelines.train_vision_backbones:run_pipeline:176 - Training resnet18_autoencoder_frozen on RP
2026-02-08 11:52:08.182 | INFO     | src.models.resnet18_autoencoder.training:train_autoencoder_frozen:25 - Device: cuda | Model on: cuda:0
2026-02-08 11:52:21.519 | INFO     | src.pipelines.train_vision_backbones:run_pipeline:193 - Evaluating resnet18_autoencoder_frozen on RP
2026-02-08 11:52:22.304 | INFO     | src.models.evaluation:evaluate_tsb_ad_nonoverlapping:65 - Normal (8594) reconstruction error: mean=0.5212, std=0.4994
2026-02-08 11:52:22.304 | INFO     | src.models.evaluation:evaluate_tsb_ad_nonoverlapping:66 - Anomaly (906) reconstruction error: mean=0.5628, std=0.4959
2026-02-08 11:52:22.304 | INFO     | src.models.evaluation:evaluate_tsb_ad_nonoverlapping:67 - Overlap? Normal max=1.0000, Anomaly min=0.0000
2026-02-08 11:53:16.417 | INFO     | src.models.evaluation:evaluate_tsb_ad_nonoverlapping:83 - {'AUC-PR': 0.10215861155965895, 'AUC-ROC': 0.5289622720507814, 'VUS-PR': np.float64(0.8770527237062259), 'VUS-ROC': np.float64(0.9367126073623069), 'Standard-F1': np.float64(0.1773547967910569), 'PA-F1': 0.17881749719596218, 'Event-based-F1': np.float64(0.17694522892002035), 'R-based-F1': 0.10500578235315922, 'Affiliation-F': 0.5909166021165012}
2026-02-08 11:53:16.574 | INFO     | src.pipelines.train_vision_backbones:run_pipeline:170 - Train images: 12
2026-02-08 11:53:16.574 | INFO     | src.pipelines.train_vision_backbones:run_pipeline:171 - Test images: 949
2026-02-08 11:53:16.791 | INFO     | src.pipelines.train_vision_backbones:run_pipeline:176 - Training resnet18_autoencoder_progressive_unfreeze on RP
2026-02-08 11:53:16.805 | INFO     | src.models.resnet18_autoencoder.training:train_autoencoder_progressive_unfreeze:133 - Device: cuda | Model on: cuda:0
2026-02-08 11:53:39.282 | INFO     | src.pipelines.train_vision_backbones:run_pipeline:193 - Evaluating resnet18_autoencoder_progressive_unfreeze on RP
2026-02-08 11:53:40.205 | INFO     | src.models.evaluation:evaluate_tsb_ad_nonoverlapping:65 - Normal (8594) reconstruction error: mean=0.5213, std=0.4995
2026-02-08 11:53:40.205 | INFO     | src.models.evaluation:evaluate_tsb_ad_nonoverlapping:66 - Anomaly (906) reconstruction error: mean=0.5629, std=0.4960
2026-02-08 11:53:40.205 | INFO     | src.models.evaluation:evaluate_tsb_ad_nonoverlapping:67 - Overlap? Normal max=1.0000, Anomaly min=0.0000
2026-02-08 11:54:34.650 | INFO     | src.models.evaluation:evaluate_tsb_ad_nonoverlapping:83 - {'AUC-PR': 0.09812718795812497, 'AUC-ROC': 0.5202724987554848, 'VUS-PR': np.float64(0.8740005349836022), 'VUS-ROC': np.float64(0.9362305785634765), 'Standard-F1': np.float64(0.1773547967910569), 'PA-F1': 0.17881749719596218, 'Event-based-F1': np.float64(0.17694522892002035), 'R-based-F1': 0.10500578235315922, 'Affiliation-F': 0.5909166021165012}
2026-02-08 11:54:34.806 | INFO     | src.pipelines.train_vision_backbones:run_pipeline:170 - Train images: 12
2026-02-08 11:54:34.807 | INFO     | src.pipelines.train_vision_backbones:run_pipeline:171 - Test images: 949
2026-02-08 11:54:35.024 | INFO     | src.pipelines.train_vision_backbones:run_pipeline:176 - Training resnet18_autoencoder_differential_lr on RP
2026-02-08 11:54:35.038 | INFO     | src.models.resnet18_autoencoder.training:train_autoencoder_differential_lr:271 - Device: cuda | Model on: cuda:0
2026-02-08 11:55:01.265 | INFO     | src.pipelines.train_vision_backbones:run_pipeline:193 - Evaluating resnet18_autoencoder_differential_lr on RP
2026-02-08 11:55:02.042 | INFO     | src.models.evaluation:evaluate_tsb_ad_nonoverlapping:65 - Normal (8594) reconstruction error: mean=0.5213, std=0.4995
2026-02-08 11:55:02.043 | INFO     | src.models.evaluation:evaluate_tsb_ad_nonoverlapping:66 - Anomaly (906) reconstruction error: mean=0.5630, std=0.4959
2026-02-08 11:55:02.043 | INFO     | src.models.evaluation:evaluate_tsb_ad_nonoverlapping:67 - Overlap? Normal max=1.0000, Anomaly min=0.0000
2026-02-08 11:55:56.269 | INFO     | src.models.evaluation:evaluate_tsb_ad_nonoverlapping:83 - {'AUC-PR': 0.09812718795812497, 'AUC-ROC': 0.5202724987554848, 'VUS-PR': np.float64(0.8740005349836022), 'VUS-ROC': np.float64(0.9362305785634765), 'Standard-F1': np.float64(0.1773547967910569), 'PA-F1': 0.17881749719596218, 'Event-based-F1': np.float64(0.17694522892002035), 'R-based-F1': 0.10500578235315922, 'Affiliation-F': 0.5909166021165012}
2026-02-08 11:55:56.428 | INFO     | src.pipelines.train_vision_backbones:run_pipeline:170 - Train images: 12
2026-02-08 11:55:56.428 | INFO     | src.pipelines.train_vision_backbones:run_pipeline:171 - Test images: 949
2026-02-08 11:55:57.371 | INFO     | src.pipelines.train_vision_backbones:run_pipeline:176 - Training pvt_autoencoder_frozen on RP
2026-02-08 11:55:57.395 | INFO     | src.models.pvt_autoencoder.training:train_pvt_autoencoder_frozen:24 - Device: cuda | Model on: cuda:0
2026-02-08 11:56:24.847 | INFO     | src.pipelines.train_vision_backbones:run_pipeline:193 - Evaluating pvt_autoencoder_frozen on RP
2026-02-08 11:56:25.726 | INFO     | src.models.evaluation:evaluate_tsb_ad_nonoverlapping:65 - Normal (8594) reconstruction error: mean=0.4787, std=0.4995
2026-02-08 11:56:25.726 | INFO     | src.models.evaluation:evaluate_tsb_ad_nonoverlapping:66 - Anomaly (906) reconstruction error: mean=0.4371, std=0.4960
2026-02-08 11:56:25.726 | INFO     | src.models.evaluation:evaluate_tsb_ad_nonoverlapping:67 - Overlap? Normal max=1.0000, Anomaly min=0.0000
2026-02-08 11:57:17.973 | INFO     | src.models.evaluation:evaluate_tsb_ad_nonoverlapping:83 - {'AUC-PR': 0.09305439449292384, 'AUC-ROC': 0.47865251746559667, 'VUS-PR': np.float64(0.8770037795208987), 'VUS-ROC': np.float64(0.9339116759543025), 'Standard-F1': np.float64(0.17412871975510505), 'PA-F1': 0.17087987458357828, 'Event-based-F1': np.float64(0.17094182703879338), 'R-based-F1': 0.09107771440911072, 'Affiliation-F': 0.6683650266135978}
2026-02-08 11:57:18.129 | INFO     | src.pipelines.train_vision_backbones:run_pipeline:170 - Train images: 12
2026-02-08 11:57:18.129 | INFO     | src.pipelines.train_vision_backbones:run_pipeline:171 - Test images: 949
2026-02-08 11:57:19.064 | INFO     | src.pipelines.train_vision_backbones:run_pipeline:176 - Training pvt_autoencoder_progressive_unfreeze on RP
2026-02-08 11:57:19.087 | INFO     | src.models.pvt_autoencoder.training:train_pvt_autoencoder_progressive_unfreeze:132 - Device: cuda | Model on: cuda:0
2026-02-08 11:58:04.116 | INFO     | src.pipelines.train_vision_backbones:run_pipeline:193 - Evaluating pvt_autoencoder_progressive_unfreeze on RP
2026-02-08 11:58:04.999 | INFO     | src.models.evaluation:evaluate_tsb_ad_nonoverlapping:65 - Normal (8594) reconstruction error: mean=0.5213, std=0.4995
2026-02-08 11:58:04.999 | INFO     | src.models.evaluation:evaluate_tsb_ad_nonoverlapping:66 - Anomaly (906) reconstruction error: mean=0.5629, std=0.4960
2026-02-08 11:58:04.999 | INFO     | src.models.evaluation:evaluate_tsb_ad_nonoverlapping:67 - Overlap? Normal max=1.0000, Anomaly min=0.0000
2026-02-08 11:58:58.878 | INFO     | src.models.evaluation:evaluate_tsb_ad_nonoverlapping:83 - {'AUC-PR': 0.09727947425006564, 'AUC-ROC': 0.5126577092391066, 'VUS-PR': np.float64(0.8736716080775848), 'VUS-ROC': np.float64(0.9350509120840067), 'Standard-F1': np.float64(0.17412871975510505), 'PA-F1': 0.17454668700220302, 'Event-based-F1': np.float64(0.172486288848263), 'R-based-F1': 0.10500578235315922, 'Affiliation-F': 0.6656947367421975}
2026-02-08 11:58:59.046 | INFO     | src.pipelines.train_vision_backbones:run_pipeline:170 - Train images: 12
2026-02-08 11:58:59.046 | INFO     | src.pipelines.train_vision_backbones:run_pipeline:171 - Test images: 949
2026-02-08 11:58:59.983 | INFO     | src.pipelines.train_vision_backbones:run_pipeline:176 - Training pvt_autoencoder_differential_lr on RP
2026-02-08 11:59:00.007 | INFO     | src.models.pvt_autoencoder.training:train_pvt_autoencoder_differential_lr:267 - Device: cuda | Model on: cuda:0
2026-02-08 11:59:30.421 | INFO     | src.pipelines.train_vision_backbones:run_pipeline:193 - Evaluating pvt_autoencoder_differential_lr on RP
2026-02-08 11:59:31.282 | INFO     | src.models.evaluation:evaluate_tsb_ad_nonoverlapping:65 - Normal (8594) reconstruction error: mean=0.4786, std=0.4994
2026-02-08 11:59:31.282 | INFO     | src.models.evaluation:evaluate_tsb_ad_nonoverlapping:66 - Anomaly (906) reconstruction error: mean=0.4370, std=0.4959
2026-02-08 11:59:31.282 | INFO     | src.models.evaluation:evaluate_tsb_ad_nonoverlapping:67 - Overlap? Normal max=1.0000, Anomaly min=0.0000
2026-02-08 12:00:23.511 | INFO     | src.models.evaluation:evaluate_tsb_ad_nonoverlapping:83 - {'AUC-PR': 0.09305439449292384, 'AUC-ROC': 0.47865251746559667, 'VUS-PR': np.float64(0.8770037795208987), 'VUS-ROC': np.float64(0.9339116759543025), 'Standard-F1': np.float64(0.17412871975510505), 'PA-F1': 0.17087987458357828, 'Event-based-F1': np.float64(0.17094182703879338), 'R-based-F1': 0.09107771440911072, 'Affiliation-F': 0.6683650266135978}
2026-02-08 12:00:23.866 | INFO     | src.pipelines.train_vision_backbones:run_pipeline:70 - Using zip: /net/scratch/hscra/plgrid/plgsmendowski12/ts2i_images/TAO/257_TAO_id_1_Environment_tr_500_1st_3_ts2i_RWT.zip for transformation RWT
2026-02-08 12:00:24.954 | INFO     | src.pipelines.train_vision_backbones:run_pipeline:170 - Train images: 12
2026-02-08 12:00:24.954 | INFO     | src.pipelines.train_vision_backbones:run_pipeline:171 - Test images: 949
2026-02-08 12:00:24.960 | INFO     | src.pipelines.train_vision_backbones:run_pipeline:176 - Training cnn_autoencoder on RWT
2026-02-08 12:00:24.965 | INFO     | src.models.cnn_autoencoder.training:train_autoencoder:22 - Device: cuda | Model on: cuda:0
2026-02-08 12:00:43.892 | INFO     | src.pipelines.train_vision_backbones:run_pipeline:193 - Evaluating cnn_autoencoder on RWT
2026-02-08 12:00:44.678 | INFO     | src.models.evaluation:evaluate_tsb_ad_nonoverlapping:65 - Normal (8594) reconstruction error: mean=0.1836, std=0.1871
2026-02-08 12:00:44.679 | INFO     | src.models.evaluation:evaluate_tsb_ad_nonoverlapping:66 - Anomaly (906) reconstruction error: mean=0.2433, std=0.1391
2026-02-08 12:00:44.679 | INFO     | src.models.evaluation:evaluate_tsb_ad_nonoverlapping:67 - Overlap? Normal max=1.0000, Anomaly min=0.0476
2026-02-08 12:01:19.831 | INFO     | src.models.evaluation:evaluate_tsb_ad_nonoverlapping:83 - {'AUC-PR': 0.11522617930033847, 'AUC-ROC': 0.6257480577085198, 'VUS-PR': np.float64(0.8999315449838583), 'VUS-ROC': np.float64(0.9644356194943866), 'Standard-F1': np.float64(0.2518043581859186), 'PA-F1': 0.2514571190674438, 'Event-based-F1': np.float64(0.25145711906744356), 'R-based-F1': 0.14724026490565986, 'Affiliation-F': 0.7578806333622276}
2026-02-08 12:01:19.988 | INFO     | src.pipelines.train_vision_backbones:run_pipeline:170 - Train images: 12
2026-02-08 12:01:19.988 | INFO     | src.pipelines.train_vision_backbones:run_pipeline:171 - Test images: 949
2026-02-08 12:01:20.204 | INFO     | src.pipelines.train_vision_backbones:run_pipeline:176 - Training resnet18_autoencoder_frozen on RWT
2026-02-08 12:01:20.218 | INFO     | src.models.resnet18_autoencoder.training:train_autoencoder_frozen:25 - Device: cuda | Model on: cuda:0
2026-02-08 12:01:31.482 | INFO     | src.pipelines.train_vision_backbones:run_pipeline:193 - Evaluating resnet18_autoencoder_frozen on RWT
2026-02-08 12:01:32.331 | INFO     | src.models.evaluation:evaluate_tsb_ad_nonoverlapping:65 - Normal (8594) reconstruction error: mean=0.3197, std=0.2224
2026-02-08 12:01:32.331 | INFO     | src.models.evaluation:evaluate_tsb_ad_nonoverlapping:66 - Anomaly (906) reconstruction error: mean=0.4464, std=0.1318
2026-02-08 12:01:32.331 | INFO     | src.models.evaluation:evaluate_tsb_ad_nonoverlapping:67 - Overlap? Normal max=1.0000, Anomaly min=0.1213
2026-02-08 12:02:13.388 | INFO     | src.models.evaluation:evaluate_tsb_ad_nonoverlapping:83 - {'AUC-PR': 0.12916753646226597, 'AUC-ROC': 0.6570022157252275, 'VUS-PR': np.float64(0.9081534413355447), 'VUS-ROC': np.float64(0.967714288107252), 'Standard-F1': np.float64(0.2476353754180379), 'PA-F1': 0.24763757643135076, 'Event-based-F1': np.float64(0.2476103973220125), 'R-based-F1': 0.15273509100769259, 'Affiliation-F': 0.7536236398958054}
2026-02-08 12:02:13.544 | INFO     | src.pipelines.train_vision_backbones:run_pipeline:170 - Train images: 12
2026-02-08 12:02:13.544 | INFO     | src.pipelines.train_vision_backbones:run_pipeline:171 - Test images: 949
2026-02-08 12:02:13.755 | INFO     | src.pipelines.train_vision_backbones:run_pipeline:176 - Training resnet18_autoencoder_progressive_unfreeze on RWT
2026-02-08 12:02:13.767 | INFO     | src.models.resnet18_autoencoder.training:train_autoencoder_progressive_unfreeze:133 - Device: cuda | Model on: cuda:0
2026-02-08 12:02:36.126 | INFO     | src.pipelines.train_vision_backbones:run_pipeline:193 - Evaluating resnet18_autoencoder_progressive_unfreeze on RWT
2026-02-08 12:02:36.959 | INFO     | src.models.evaluation:evaluate_tsb_ad_nonoverlapping:65 - Normal (8594) reconstruction error: mean=0.2318, std=0.2155
2026-02-08 12:02:36.959 | INFO     | src.models.evaluation:evaluate_tsb_ad_nonoverlapping:66 - Anomaly (906) reconstruction error: mean=0.3160, std=0.1529
2026-02-08 12:02:36.959 | INFO     | src.models.evaluation:evaluate_tsb_ad_nonoverlapping:67 - Overlap? Normal max=1.0000, Anomaly min=0.0599
2026-02-08 12:03:15.336 | INFO     | src.models.evaluation:evaluate_tsb_ad_nonoverlapping:83 - {'AUC-PR': 0.11721969034409484, 'AUC-ROC': 0.6308185905151754, 'VUS-PR': np.float64(0.9016381471978658), 'VUS-ROC': np.float64(0.9647733435474045), 'Standard-F1': np.float64(0.24937849429228778), 'PA-F1': 0.24924096052994757, 'Event-based-F1': np.float64(0.24922782077999384), 'R-based-F1': 0.15132062722329087, 'Affiliation-F': 0.7555718118304139}
2026-02-08 12:03:15.497 | INFO     | src.pipelines.train_vision_backbones:run_pipeline:170 - Train images: 12
2026-02-08 12:03:15.497 | INFO     | src.pipelines.train_vision_backbones:run_pipeline:171 - Test images: 949
2026-02-08 12:03:15.714 | INFO     | src.pipelines.train_vision_backbones:run_pipeline:176 - Training resnet18_autoencoder_differential_lr on RWT
2026-02-08 12:03:15.728 | INFO     | src.models.resnet18_autoencoder.training:train_autoencoder_differential_lr:271 - Device: cuda | Model on: cuda:0
2026-02-08 12:03:41.286 | INFO     | src.pipelines.train_vision_backbones:run_pipeline:193 - Evaluating resnet18_autoencoder_differential_lr on RWT
2026-02-08 12:03:42.101 | INFO     | src.models.evaluation:evaluate_tsb_ad_nonoverlapping:65 - Normal (8594) reconstruction error: mean=0.1988, std=0.1869
2026-02-08 12:03:42.102 | INFO     | src.models.evaluation:evaluate_tsb_ad_nonoverlapping:66 - Anomaly (906) reconstruction error: mean=0.2664, std=0.1322
2026-02-08 12:03:42.102 | INFO     | src.models.evaluation:evaluate_tsb_ad_nonoverlapping:67 - Overlap? Normal max=1.0000, Anomaly min=0.0377
2026-02-08 12:04:18.112 | INFO     | src.models.evaluation:evaluate_tsb_ad_nonoverlapping:83 - {'AUC-PR': 0.11596405821310768, 'AUC-ROC': 0.6277850042716799, 'VUS-PR': np.float64(0.8990128093297297), 'VUS-ROC': np.float64(0.9642012373589677), 'Standard-F1': np.float64(0.24902503634066364), 'PA-F1': 0.2490272373540856, 'Event-based-F1': np.float64(0.24902227503411134), 'R-based-F1': 0.14675630989081914, 'Affiliation-F': 0.7542794595359898}
2026-02-08 12:04:18.271 | INFO     | src.pipelines.train_vision_backbones:run_pipeline:170 - Train images: 12
2026-02-08 12:04:18.272 | INFO     | src.pipelines.train_vision_backbones:run_pipeline:171 - Test images: 949
2026-02-08 12:04:19.211 | INFO     | src.pipelines.train_vision_backbones:run_pipeline:176 - Training pvt_autoencoder_frozen on RWT
2026-02-08 12:04:19.236 | INFO     | src.models.pvt_autoencoder.training:train_pvt_autoencoder_frozen:24 - Device: cuda | Model on: cuda:0
2026-02-08 12:04:35.006 | INFO     | src.pipelines.train_vision_backbones:run_pipeline:193 - Evaluating pvt_autoencoder_frozen on RWT
2026-02-08 12:04:35.898 | INFO     | src.models.evaluation:evaluate_tsb_ad_nonoverlapping:65 - Normal (8594) reconstruction error: mean=0.2180, std=0.2220
2026-02-08 12:04:35.898 | INFO     | src.models.evaluation:evaluate_tsb_ad_nonoverlapping:66 - Anomaly (906) reconstruction error: mean=0.2855, std=0.1821
2026-02-08 12:04:35.898 | INFO     | src.models.evaluation:evaluate_tsb_ad_nonoverlapping:67 - Overlap? Normal max=1.0000, Anomaly min=0.0282
2026-02-08 12:05:14.265 | INFO     | src.models.evaluation:evaluate_tsb_ad_nonoverlapping:83 - {'AUC-PR': 0.11712290790595581, 'AUC-ROC': 0.6287495357148911, 'VUS-PR': np.float64(0.9027381888484092), 'VUS-ROC': np.float64(0.9652006603619255), 'Standard-F1': np.float64(0.24923877253165228), 'PA-F1': 0.24821330401319405, 'Event-based-F1': np.float64(0.2482002723912054), 'R-based-F1': 0.15017313071770946, 'Affiliation-F': 0.7549511530935128}
2026-02-08 12:05:14.423 | INFO     | src.pipelines.train_vision_backbones:run_pipeline:170 - Train images: 12
2026-02-08 12:05:14.424 | INFO     | src.pipelines.train_vision_backbones:run_pipeline:171 - Test images: 949
2026-02-08 12:05:15.367 | INFO     | src.pipelines.train_vision_backbones:run_pipeline:176 - Training pvt_autoencoder_progressive_unfreeze on RWT
2026-02-08 12:05:15.391 | INFO     | src.models.pvt_autoencoder.training:train_pvt_autoencoder_progressive_unfreeze:132 - Device: cuda | Model on: cuda:0
2026-02-08 12:05:39.983 | INFO     | src.pipelines.train_vision_backbones:run_pipeline:193 - Evaluating pvt_autoencoder_progressive_unfreeze on RWT
2026-02-08 12:05:40.891 | INFO     | src.models.evaluation:evaluate_tsb_ad_nonoverlapping:65 - Normal (8594) reconstruction error: mean=0.1715, std=0.1641
2026-02-08 12:05:40.891 | INFO     | src.models.evaluation:evaluate_tsb_ad_nonoverlapping:66 - Anomaly (906) reconstruction error: mean=0.2302, std=0.1107
2026-02-08 12:05:40.891 | INFO     | src.models.evaluation:evaluate_tsb_ad_nonoverlapping:67 - Overlap? Normal max=1.0000, Anomaly min=0.0340
2026-02-08 12:06:14.877 | INFO     | src.models.evaluation:evaluate_tsb_ad_nonoverlapping:83 - {'AUC-PR': 0.11495151698937212, 'AUC-ROC': 0.6253370722733299, 'VUS-PR': np.float64(0.8988922623411956), 'VUS-ROC': np.float64(0.96431516873771), 'Standard-F1': np.float64(0.25006681558982774), 'PA-F1': 0.25006900358818657, 'Event-based-F1': np.float64(0.25006900358818634), 'R-based-F1': 0.14537043179929868, 'Affiliation-F': 0.756849264345176}
2026-02-08 12:06:15.049 | INFO     | src.pipelines.train_vision_backbones:run_pipeline:170 - Train images: 12
2026-02-08 12:06:15.049 | INFO     | src.pipelines.train_vision_backbones:run_pipeline:171 - Test images: 949
2026-02-08 12:06:16.004 | INFO     | src.pipelines.train_vision_backbones:run_pipeline:176 - Training pvt_autoencoder_differential_lr on RWT
2026-02-08 12:06:16.029 | INFO     | src.models.pvt_autoencoder.training:train_pvt_autoencoder_differential_lr:267 - Device: cuda | Model on: cuda:0
2026-02-08 12:06:42.449 | INFO     | src.pipelines.train_vision_backbones:run_pipeline:193 - Evaluating pvt_autoencoder_differential_lr on RWT
2026-02-08 12:06:43.407 | INFO     | src.models.evaluation:evaluate_tsb_ad_nonoverlapping:65 - Normal (8594) reconstruction error: mean=0.1848, std=0.1717
2026-02-08 12:06:43.408 | INFO     | src.models.evaluation:evaluate_tsb_ad_nonoverlapping:66 - Anomaly (906) reconstruction error: mean=0.2501, std=0.1115
2026-02-08 12:06:43.408 | INFO     | src.models.evaluation:evaluate_tsb_ad_nonoverlapping:67 - Overlap? Normal max=1.0000, Anomaly min=0.0315
2026-02-08 12:07:18.145 | INFO     | src.models.evaluation:evaluate_tsb_ad_nonoverlapping:83 - {'AUC-PR': 0.11469261161011883, 'AUC-ROC': 0.624033477846087, 'VUS-PR': np.float64(0.8990605809397693), 'VUS-ROC': np.float64(0.9644821200612129), 'Standard-F1': np.float64(0.25055520733906944), 'PA-F1': 0.25055741360089184, 'Event-based-F1': np.float64(0.25056581473130063), 'R-based-F1': 0.14526334024284085, 'Affiliation-F': 0.7555363702043355}
2026-02-08 12:07:18.516 | INFO     | src.pipelines.train_vision_backbones:run_pipeline:70 - Using zip: /net/scratch/hscra/plgrid/plgsmendowski12/ts2i_images/TAO/257_TAO_id_1_Environment_tr_500_1st_3_ts2i_MWT.zip for transformation MWT
2026-02-08 12:07:19.894 | INFO     | src.pipelines.train_vision_backbones:run_pipeline:170 - Train images: 12
2026-02-08 12:07:19.894 | INFO     | src.pipelines.train_vision_backbones:run_pipeline:171 - Test images: 949
2026-02-08 12:07:19.900 | INFO     | src.pipelines.train_vision_backbones:run_pipeline:176 - Training cnn_autoencoder on MWT
2026-02-08 12:07:19.905 | INFO     | src.models.cnn_autoencoder.training:train_autoencoder:22 - Device: cuda | Model on: cuda:0
2026-02-08 12:07:38.363 | INFO     | src.pipelines.train_vision_backbones:run_pipeline:193 - Evaluating cnn_autoencoder on MWT
2026-02-08 12:07:39.140 | INFO     | src.models.evaluation:evaluate_tsb_ad_nonoverlapping:65 - Normal (8594) reconstruction error: mean=0.4077, std=0.3212
2026-02-08 12:07:39.140 | INFO     | src.models.evaluation:evaluate_tsb_ad_nonoverlapping:66 - Anomaly (906) reconstruction error: mean=0.5636, std=0.1901
2026-02-08 12:07:39.140 | INFO     | src.models.evaluation:evaluate_tsb_ad_nonoverlapping:67 - Overlap? Normal max=1.0000, Anomaly min=0.2617
2026-02-08 12:08:27.964 | INFO     | src.models.evaluation:evaluate_tsb_ad_nonoverlapping:83 - {'AUC-PR': 0.11781450542728202, 'AUC-ROC': 0.6298039702220503, 'VUS-PR': np.float64(0.9285398993051813), 'VUS-ROC': np.float64(0.9703366228972898), 'Standard-F1': np.float64(0.25027650053864514), 'PA-F1': 0.24993042026161982, 'Event-based-F1': np.float64(0.25005255837460244), 'R-based-F1': 0.13569975965982603, 'Affiliation-F': 0.7569025825868452}
2026-02-08 12:08:28.121 | INFO     | src.pipelines.train_vision_backbones:run_pipeline:170 - Train images: 12
2026-02-08 12:08:28.122 | INFO     | src.pipelines.train_vision_backbones:run_pipeline:171 - Test images: 949
2026-02-08 12:08:28.340 | INFO     | src.pipelines.train_vision_backbones:run_pipeline:176 - Training resnet18_autoencoder_frozen on MWT
2026-02-08 12:08:28.354 | INFO     | src.models.resnet18_autoencoder.training:train_autoencoder_frozen:25 - Device: cuda | Model on: cuda:0
2026-02-08 12:08:40.424 | INFO     | src.pipelines.train_vision_backbones:run_pipeline:193 - Evaluating resnet18_autoencoder_frozen on MWT
2026-02-08 12:08:41.259 | INFO     | src.models.evaluation:evaluate_tsb_ad_nonoverlapping:65 - Normal (8594) reconstruction error: mean=0.4674, std=0.3220
2026-02-08 12:08:41.259 | INFO     | src.models.evaluation:evaluate_tsb_ad_nonoverlapping:66 - Anomaly (906) reconstruction error: mean=0.6542, std=0.1566
2026-02-08 12:08:41.259 | INFO     | src.models.evaluation:evaluate_tsb_ad_nonoverlapping:67 - Overlap? Normal max=1.0000, Anomaly min=0.2910
2026-02-08 12:09:31.013 | INFO     | src.models.evaluation:evaluate_tsb_ad_nonoverlapping:83 - {'AUC-PR': 0.12237204645713004, 'AUC-ROC': 0.6461586218836387, 'VUS-PR': np.float64(0.9307413899667196), 'VUS-ROC': np.float64(0.9715963803657697), 'Standard-F1': np.float64(0.2507004197801207), 'PA-F1': 0.2511941556617027, 'Event-based-F1': np.float64(0.2508801610083371), 'R-based-F1': 0.13744506737292528, 'Affiliation-F': 0.7570933394157124}
2026-02-08 12:09:31.166 | INFO     | src.pipelines.train_vision_backbones:run_pipeline:170 - Train images: 12
2026-02-08 12:09:31.166 | INFO     | src.pipelines.train_vision_backbones:run_pipeline:171 - Test images: 949
2026-02-08 12:09:31.383 | INFO     | src.pipelines.train_vision_backbones:run_pipeline:176 - Training resnet18_autoencoder_progressive_unfreeze on MWT
2026-02-08 12:09:31.397 | INFO     | src.models.resnet18_autoencoder.training:train_autoencoder_progressive_unfreeze:133 - Device: cuda | Model on: cuda:0
2026-02-08 12:09:38.015 | INFO     | src.pipelines.train_vision_backbones:run_pipeline:193 - Evaluating resnet18_autoencoder_progressive_unfreeze on MWT
2026-02-08 12:09:38.832 | INFO     | src.models.evaluation:evaluate_tsb_ad_nonoverlapping:65 - Normal (8594) reconstruction error: mean=0.4533, std=0.3178
2026-02-08 12:09:38.832 | INFO     | src.models.evaluation:evaluate_tsb_ad_nonoverlapping:66 - Anomaly (906) reconstruction error: mean=0.5672, std=0.2338
2026-02-08 12:09:38.832 | INFO     | src.models.evaluation:evaluate_tsb_ad_nonoverlapping:67 - Overlap? Normal max=1.0000, Anomaly min=0.1297
2026-02-08 12:10:26.332 | INFO     | src.models.evaluation:evaluate_tsb_ad_nonoverlapping:83 - {'AUC-PR': 0.11507887655714279, 'AUC-ROC': 0.6159588983740902, 'VUS-PR': np.float64(0.9238799924872511), 'VUS-ROC': np.float64(0.9680013896342802), 'Standard-F1': np.float64(0.23035390053839452), 'PA-F1': 0.2309929372663066, 'Event-based-F1': np.float64(0.2302817917386927), 'R-based-F1': 0.13467192738984363, 'Affiliation-F': 0.7357576614288021}
2026-02-08 12:10:26.494 | INFO     | src.pipelines.train_vision_backbones:run_pipeline:170 - Train images: 12
2026-02-08 12:10:26.495 | INFO     | src.pipelines.train_vision_backbones:run_pipeline:171 - Test images: 949
2026-02-08 12:10:26.709 | INFO     | src.pipelines.train_vision_backbones:run_pipeline:176 - Training resnet18_autoencoder_differential_lr on MWT
2026-02-08 12:10:26.722 | INFO     | src.models.resnet18_autoencoder.training:train_autoencoder_differential_lr:271 - Device: cuda | Model on: cuda:0
2026-02-08 12:10:51.402 | INFO     | src.pipelines.train_vision_backbones:run_pipeline:193 - Evaluating resnet18_autoencoder_differential_lr on MWT
2026-02-08 12:10:52.271 | INFO     | src.models.evaluation:evaluate_tsb_ad_nonoverlapping:65 - Normal (8594) reconstruction error: mean=0.4182, std=0.3057
2026-02-08 12:10:52.271 | INFO     | src.models.evaluation:evaluate_tsb_ad_nonoverlapping:66 - Anomaly (906) reconstruction error: mean=0.5736, std=0.1669
2026-02-08 12:10:52.271 | INFO     | src.models.evaluation:evaluate_tsb_ad_nonoverlapping:67 - Overlap? Normal max=1.0000, Anomaly min=0.2267
2026-02-08 12:11:39.999 | INFO     | src.models.evaluation:evaluate_tsb_ad_nonoverlapping:83 - {'AUC-PR': 0.11736257264869715, 'AUC-ROC': 0.6282435098978136, 'VUS-PR': np.float64(0.9263990331796412), 'VUS-ROC': np.float64(0.9697855244815029), 'Standard-F1': np.float64(0.2473864948355526), 'PA-F1': 0.2473886750962067, 'Event-based-F1': np.float64(0.24740118660366073), 'R-based-F1': 0.14142978808535472, 'Affiliation-F': 0.7545177051608746}
2026-02-08 12:11:40.172 | INFO     | src.pipelines.train_vision_backbones:run_pipeline:170 - Train images: 12
2026-02-08 12:11:40.173 | INFO     | src.pipelines.train_vision_backbones:run_pipeline:171 - Test images: 949
2026-02-08 12:11:41.144 | INFO     | src.pipelines.train_vision_backbones:run_pipeline:176 - Training pvt_autoencoder_frozen on MWT
2026-02-08 12:11:41.168 | INFO     | src.models.pvt_autoencoder.training:train_pvt_autoencoder_frozen:24 - Device: cuda | Model on: cuda:0
2026-02-08 12:11:51.846 | INFO     | src.pipelines.train_vision_backbones:run_pipeline:193 - Evaluating pvt_autoencoder_frozen on MWT
2026-02-08 12:11:52.796 | INFO     | src.models.evaluation:evaluate_tsb_ad_nonoverlapping:65 - Normal (8594) reconstruction error: mean=0.4704, std=0.3134
2026-02-08 12:11:52.796 | INFO     | src.models.evaluation:evaluate_tsb_ad_nonoverlapping:66 - Anomaly (906) reconstruction error: mean=0.6368, std=0.1632
2026-02-08 12:11:52.796 | INFO     | src.models.evaluation:evaluate_tsb_ad_nonoverlapping:67 - Overlap? Normal max=1.0000, Anomaly min=0.2579
2026-02-08 12:12:42.002 | INFO     | src.models.evaluation:evaluate_tsb_ad_nonoverlapping:83 - {'AUC-PR': 0.11916637576069042, 'AUC-ROC': 0.6286570639919734, 'VUS-PR': np.float64(0.928051367872653), 'VUS-ROC': np.float64(0.9693439829660975), 'Standard-F1': np.float64(0.24033893782134289), 'PA-F1': 0.24034106048494538, 'Event-based-F1': np.float64(0.24032473146642025), 'R-based-F1': 0.1497684220762024, 'Affiliation-F': 0.747879029624049}
2026-02-08 12:12:42.160 | INFO     | src.pipelines.train_vision_backbones:run_pipeline:170 - Train images: 12
2026-02-08 12:12:42.160 | INFO     | src.pipelines.train_vision_backbones:run_pipeline:171 - Test images: 949
2026-02-08 12:12:43.136 | INFO     | src.pipelines.train_vision_backbones:run_pipeline:176 - Training pvt_autoencoder_progressive_unfreeze on MWT
2026-02-08 12:12:43.160 | INFO     | src.models.pvt_autoencoder.training:train_pvt_autoencoder_progressive_unfreeze:132 - Device: cuda | Model on: cuda:0
2026-02-08 12:12:50.871 | INFO     | src.pipelines.train_vision_backbones:run_pipeline:193 - Evaluating pvt_autoencoder_progressive_unfreeze on MWT
2026-02-08 12:12:51.827 | INFO     | src.models.evaluation:evaluate_tsb_ad_nonoverlapping:65 - Normal (8594) reconstruction error: mean=0.4967, std=0.3160
2026-02-08 12:12:51.827 | INFO     | src.models.evaluation:evaluate_tsb_ad_nonoverlapping:66 - Anomaly (906) reconstruction error: mean=0.6443, std=0.1771
2026-02-08 12:12:51.827 | INFO     | src.models.evaluation:evaluate_tsb_ad_nonoverlapping:67 - Overlap? Normal max=1.0000, Anomaly min=0.2729
2026-02-08 12:13:41.220 | INFO     | src.models.evaluation:evaluate_tsb_ad_nonoverlapping:83 - {'AUC-PR': 0.11491492212670018, 'AUC-ROC': 0.6109583615243656, 'VUS-PR': np.float64(0.9258868065213354), 'VUS-ROC': np.float64(0.9683014414312907), 'Standard-F1': np.float64(0.23463623054537355), 'PA-F1': 0.23428124184711713, 'Event-based-F1': np.float64(0.23431939196320992), 'R-based-F1': 0.14009087364374312, 'Affiliation-F': 0.7437500802784363}
2026-02-08 12:13:41.378 | INFO     | src.pipelines.train_vision_backbones:run_pipeline:170 - Train images: 12
2026-02-08 12:13:41.378 | INFO     | src.pipelines.train_vision_backbones:run_pipeline:171 - Test images: 949
Warning: You are sending unauthenticated requests to the HF Hub. Please set a HF_TOKEN to enable higher rate limits and faster downloads.
2026-02-08 12:13:42.346 | INFO     | src.pipelines.train_vision_backbones:run_pipeline:176 - Training pvt_autoencoder_differential_lr on MWT
2026-02-08 12:13:42.370 | INFO     | src.models.pvt_autoencoder.training:train_pvt_autoencoder_differential_lr:267 - Device: cuda | Model on: cuda:0
2026-02-08 12:13:56.411 | INFO     | src.pipelines.train_vision_backbones:run_pipeline:193 - Evaluating pvt_autoencoder_differential_lr on MWT
2026-02-08 12:13:57.334 | INFO     | src.models.evaluation:evaluate_tsb_ad_nonoverlapping:65 - Normal (8594) reconstruction error: mean=0.4862, std=0.3340
2026-02-08 12:13:57.334 | INFO     | src.models.evaluation:evaluate_tsb_ad_nonoverlapping:66 - Anomaly (906) reconstruction error: mean=0.6628, std=0.1715
2026-02-08 12:13:57.334 | INFO     | src.models.evaluation:evaluate_tsb_ad_nonoverlapping:67 - Overlap? Normal max=1.0000, Anomaly min=0.2771
2026-02-08 12:14:48.038 | INFO     | src.models.evaluation:evaluate_tsb_ad_nonoverlapping:83 - {'AUC-PR': 0.1174265632304494, 'AUC-ROC': 0.628348824915581, 'VUS-PR': np.float64(0.9262671759229305), 'VUS-ROC': np.float64(0.9696917540481836), 'Standard-F1': np.float64(0.24588598276303034), 'PA-F1': 0.2454021410925062, 'Event-based-F1': np.float64(0.24546545289520935), 'R-based-F1': 0.14228102453087488, 'Affiliation-F': 0.7529862776037102}
2026-02-08 12:14:48.407 | INFO     | src.pipelines.train_vision_backbones:run_pipeline:70 - Using zip: /net/scratch/hscra/plgrid/plgsmendowski12/ts2i_images/TAO/257_TAO_id_1_Environment_tr_500_1st_3_ts2i_SPIRAL.zip for transformation SPIRAL
2026-02-08 12:14:49.465 | INFO     | src.pipelines.train_vision_backbones:run_pipeline:170 - Train images: 12
2026-02-08 12:14:49.465 | INFO     | src.pipelines.train_vision_backbones:run_pipeline:171 - Test images: 949
2026-02-08 12:14:49.471 | INFO     | src.pipelines.train_vision_backbones:run_pipeline:176 - Training cnn_autoencoder on SPIRAL
2026-02-08 12:14:49.476 | INFO     | src.models.cnn_autoencoder.training:train_autoencoder:22 - Device: cuda | Model on: cuda:0
2026-02-08 12:15:09.424 | INFO     | src.pipelines.train_vision_backbones:run_pipeline:193 - Evaluating cnn_autoencoder on SPIRAL
2026-02-08 12:15:10.498 | INFO     | src.models.evaluation:evaluate_tsb_ad_nonoverlapping:65 - Normal (8594) reconstruction error: mean=0.1602, std=0.1491
2026-02-08 12:15:10.498 | INFO     | src.models.evaluation:evaluate_tsb_ad_nonoverlapping:66 - Anomaly (906) reconstruction error: mean=0.3144, std=0.1846
2026-02-08 12:15:10.498 | INFO     | src.models.evaluation:evaluate_tsb_ad_nonoverlapping:67 - Overlap? Normal max=1.0000, Anomaly min=0.0091
2026-02-08 12:15:43.971 | INFO     | src.models.evaluation:evaluate_tsb_ad_nonoverlapping:83 - {'AUC-PR': 0.2356707396342268, 'AUC-ROC': 0.7672233721252211, 'VUS-PR': np.float64(0.9458845683263786), 'VUS-ROC': np.float64(0.9769881108430589), 'Standard-F1': np.float64(0.31359206156226377), 'PA-F1': 0.3158275986961246, 'Event-based-F1': np.float64(0.30441568108013967), 'R-based-F1': 0.18677871996031925, 'Affiliation-F': 0.7550757540795677}
2026-02-08 12:15:44.127 | INFO     | src.pipelines.train_vision_backbones:run_pipeline:170 - Train images: 12
2026-02-08 12:15:44.128 | INFO     | src.pipelines.train_vision_backbones:run_pipeline:171 - Test images: 949
2026-02-08 12:15:44.345 | INFO     | src.pipelines.train_vision_backbones:run_pipeline:176 - Training resnet18_autoencoder_frozen on SPIRAL
2026-02-08 12:15:44.359 | INFO     | src.models.resnet18_autoencoder.training:train_autoencoder_frozen:25 - Device: cuda | Model on: cuda:0
2026-02-08 12:16:08.894 | INFO     | src.pipelines.train_vision_backbones:run_pipeline:193 - Evaluating resnet18_autoencoder_frozen on SPIRAL
2026-02-08 12:16:10.104 | INFO     | src.models.evaluation:evaluate_tsb_ad_nonoverlapping:65 - Normal (8594) reconstruction error: mean=0.1730, std=0.1681
2026-02-08 12:16:10.104 | INFO     | src.models.evaluation:evaluate_tsb_ad_nonoverlapping:66 - Anomaly (906) reconstruction error: mean=0.3446, std=0.1740
2026-02-08 12:16:10.104 | INFO     | src.models.evaluation:evaluate_tsb_ad_nonoverlapping:67 - Overlap? Normal max=1.0000, Anomaly min=0.0232
2026-02-08 12:16:45.860 | INFO     | src.models.evaluation:evaluate_tsb_ad_nonoverlapping:83 - {'AUC-PR': 0.2318312158767346, 'AUC-ROC': 0.7682148744876167, 'VUS-PR': np.float64(0.945086600169238), 'VUS-ROC': np.float64(0.9777721590782766), 'Standard-F1': np.float64(0.30007710214111466), 'PA-F1': 0.3034539473684211, 'Event-based-F1': np.float64(0.29191245541610983), 'R-based-F1': 0.18424766965709444, 'Affiliation-F': 0.7642654299557629}
2026-02-08 12:16:46.021 | INFO     | src.pipelines.train_vision_backbones:run_pipeline:170 - Train images: 12
2026-02-08 12:16:46.022 | INFO     | src.pipelines.train_vision_backbones:run_pipeline:171 - Test images: 949
2026-02-08 12:16:46.237 | INFO     | src.pipelines.train_vision_backbones:run_pipeline:176 - Training resnet18_autoencoder_progressive_unfreeze on SPIRAL
2026-02-08 12:16:46.251 | INFO     | src.models.resnet18_autoencoder.training:train_autoencoder_progressive_unfreeze:133 - Device: cuda | Model on: cuda:0
2026-02-08 12:17:25.023 | INFO     | src.pipelines.train_vision_backbones:run_pipeline:193 - Evaluating resnet18_autoencoder_progressive_unfreeze on SPIRAL
2026-02-08 12:17:26.064 | INFO     | src.models.evaluation:evaluate_tsb_ad_nonoverlapping:65 - Normal (8594) reconstruction error: mean=0.1597, std=0.1675
2026-02-08 12:17:26.064 | INFO     | src.models.evaluation:evaluate_tsb_ad_nonoverlapping:66 - Anomaly (906) reconstruction error: mean=0.3340, std=0.1811
2026-02-08 12:17:26.064 | INFO     | src.models.evaluation:evaluate_tsb_ad_nonoverlapping:67 - Overlap? Normal max=1.0000, Anomaly min=0.0201
2026-02-08 12:18:01.422 | INFO     | src.models.evaluation:evaluate_tsb_ad_nonoverlapping:83 - {'AUC-PR': 0.23521106686496407, 'AUC-ROC': 0.7718276933288329, 'VUS-PR': np.float64(0.9461047298167986), 'VUS-ROC': np.float64(0.9780735378697673), 'Standard-F1': np.float64(0.3103141532866574), 'PA-F1': 0.3141559424678274, 'Event-based-F1': np.float64(0.3013403098859982), 'R-based-F1': 0.18668825075063566, 'Affiliation-F': 0.7628907993709091}
2026-02-08 12:18:01.579 | INFO     | src.pipelines.train_vision_backbones:run_pipeline:170 - Train images: 12
2026-02-08 12:18:01.580 | INFO     | src.pipelines.train_vision_backbones:run_pipeline:171 - Test images: 949
2026-02-08 12:18:01.789 | INFO     | src.pipelines.train_vision_backbones:run_pipeline:176 - Training resnet18_autoencoder_differential_lr on SPIRAL
2026-02-08 12:18:01.802 | INFO     | src.models.resnet18_autoencoder.training:train_autoencoder_differential_lr:271 - Device: cuda | Model on: cuda:0
2026-02-08 12:18:31.445 | INFO     | src.pipelines.train_vision_backbones:run_pipeline:193 - Evaluating resnet18_autoencoder_differential_lr on SPIRAL
2026-02-08 12:18:32.242 | INFO     | src.models.evaluation:evaluate_tsb_ad_nonoverlapping:65 - Normal (8594) reconstruction error: mean=0.1548, std=0.1636
2026-02-08 12:18:32.242 | INFO     | src.models.evaluation:evaluate_tsb_ad_nonoverlapping:66 - Anomaly (906) reconstruction error: mean=0.3245, std=0.1847
2026-02-08 12:18:32.242 | INFO     | src.models.evaluation:evaluate_tsb_ad_nonoverlapping:67 - Overlap? Normal max=1.0000, Anomaly min=0.0140
2026-02-08 12:19:07.029 | INFO     | src.models.evaluation:evaluate_tsb_ad_nonoverlapping:83 - {'AUC-PR': 0.2347353213879211, 'AUC-ROC': 0.7717570552071598, 'VUS-PR': np.float64(0.9460065356047859), 'VUS-ROC': np.float64(0.9780627994604124), 'Standard-F1': np.float64(0.3103141532866574), 'PA-F1': 0.31382978723404253, 'Event-based-F1': np.float64(0.30085453339092516), 'R-based-F1': 0.1867292029364575, 'Affiliation-F': 0.7639730568039839}
2026-02-08 12:19:07.189 | INFO     | src.pipelines.train_vision_backbones:run_pipeline:170 - Train images: 12
2026-02-08 12:19:07.190 | INFO     | src.pipelines.train_vision_backbones:run_pipeline:171 - Test images: 949
2026-02-08 12:19:08.166 | INFO     | src.pipelines.train_vision_backbones:run_pipeline:176 - Training pvt_autoencoder_frozen on SPIRAL
2026-02-08 12:19:08.189 | INFO     | src.models.pvt_autoencoder.training:train_pvt_autoencoder_frozen:24 - Device: cuda | Model on: cuda:0
2026-02-08 12:19:38.534 | INFO     | src.pipelines.train_vision_backbones:run_pipeline:193 - Evaluating pvt_autoencoder_frozen on SPIRAL
2026-02-08 12:19:39.395 | INFO     | src.models.evaluation:evaluate_tsb_ad_nonoverlapping:65 - Normal (8594) reconstruction error: mean=0.1570, std=0.1632
2026-02-08 12:19:39.396 | INFO     | src.models.evaluation:evaluate_tsb_ad_nonoverlapping:66 - Anomaly (906) reconstruction error: mean=0.3275, std=0.1783
2026-02-08 12:19:39.396 | INFO     | src.models.evaluation:evaluate_tsb_ad_nonoverlapping:67 - Overlap? Normal max=1.0000, Anomaly min=0.0235
2026-02-08 12:20:14.300 | INFO     | src.models.evaluation:evaluate_tsb_ad_nonoverlapping:83 - {'AUC-PR': 0.23590434352730735, 'AUC-ROC': 0.7726316835864233, 'VUS-PR': np.float64(0.9463040093423783), 'VUS-ROC': np.float64(0.9781734470365208), 'Standard-F1': np.float64(0.3098229699860042), 'PA-F1': 0.3131014063656551, 'Event-based-F1': np.float64(0.3014954208267579), 'R-based-F1': 0.1863543800946167, 'Affiliation-F': 0.7648601112104052}
2026-02-08 12:20:14.456 | INFO     | src.pipelines.train_vision_backbones:run_pipeline:170 - Train images: 12
2026-02-08 12:20:14.456 | INFO     | src.pipelines.train_vision_backbones:run_pipeline:171 - Test images: 949
2026-02-08 12:20:15.431 | INFO     | src.pipelines.train_vision_backbones:run_pipeline:176 - Training pvt_autoencoder_progressive_unfreeze on SPIRAL
2026-02-08 12:20:15.454 | INFO     | src.models.pvt_autoencoder.training:train_pvt_autoencoder_progressive_unfreeze:132 - Device: cuda | Model on: cuda:0
2026-02-08 12:21:01.472 | INFO     | src.pipelines.train_vision_backbones:run_pipeline:193 - Evaluating pvt_autoencoder_progressive_unfreeze on SPIRAL
2026-02-08 12:21:02.385 | INFO     | src.models.evaluation:evaluate_tsb_ad_nonoverlapping:65 - Normal (8594) reconstruction error: mean=0.1547, std=0.1641
2026-02-08 12:21:02.385 | INFO     | src.models.evaluation:evaluate_tsb_ad_nonoverlapping:66 - Anomaly (906) reconstruction error: mean=0.3264, std=0.1802
2026-02-08 12:21:02.385 | INFO     | src.models.evaluation:evaluate_tsb_ad_nonoverlapping:67 - Overlap? Normal max=1.0000, Anomaly min=0.0214
2026-02-08 12:21:37.413 | INFO     | src.models.evaluation:evaluate_tsb_ad_nonoverlapping:83 - {'AUC-PR': 0.23611944797847662, 'AUC-ROC': 0.772889833812902, 'VUS-PR': np.float64(0.9463514094268832), 'VUS-ROC': np.float64(0.9781732340556337), 'Standard-F1': np.float64(0.3113233450794645), 'PA-F1': 0.3148009015777611, 'Event-based-F1': np.float64(0.30229808391947566), 'R-based-F1': 0.1865714842815934, 'Affiliation-F': 0.7648601112104052}
2026-02-08 12:21:37.577 | INFO     | src.pipelines.train_vision_backbones:run_pipeline:170 - Train images: 12
2026-02-08 12:21:37.577 | INFO     | src.pipelines.train_vision_backbones:run_pipeline:171 - Test images: 949
2026-02-08 12:21:38.549 | INFO     | src.pipelines.train_vision_backbones:run_pipeline:176 - Training pvt_autoencoder_differential_lr on SPIRAL
2026-02-08 12:21:38.574 | INFO     | src.models.pvt_autoencoder.training:train_pvt_autoencoder_differential_lr:267 - Device: cuda | Model on: cuda:0
2026-02-08 12:22:09.304 | INFO     | src.pipelines.train_vision_backbones:run_pipeline:193 - Evaluating pvt_autoencoder_differential_lr on SPIRAL
2026-02-08 12:22:10.177 | INFO     | src.models.evaluation:evaluate_tsb_ad_nonoverlapping:65 - Normal (8594) reconstruction error: mean=0.1590, std=0.1625
2026-02-08 12:22:10.177 | INFO     | src.models.evaluation:evaluate_tsb_ad_nonoverlapping:66 - Anomaly (906) reconstruction error: mean=0.3284, std=0.1795
2026-02-08 12:22:10.177 | INFO     | src.models.evaluation:evaluate_tsb_ad_nonoverlapping:67 - Overlap? Normal max=1.0000, Anomaly min=0.0218
2026-02-08 12:22:45.102 | INFO     | src.models.evaluation:evaluate_tsb_ad_nonoverlapping:83 - {'AUC-PR': 0.23560464210643292, 'AUC-ROC': 0.7723144542036361, 'VUS-PR': np.float64(0.9462186573057676), 'VUS-ROC': np.float64(0.9781532957494654), 'Standard-F1': np.float64(0.3096777335396471), 'PA-F1': 0.31216111541440744, 'Event-based-F1': np.float64(0.3014954208267579), 'R-based-F1': 0.18652022177517585, 'Affiliation-F': 0.7648601112104052}
2026-02-08 12:22:45.632 | INFO     | src.pipelines.train_vision_backbones:run_pipeline:70 - Using zip: /net/scratch/hscra/plgrid/plgsmendowski12/ts2i_images/TAO/258_TAO_id_2_Environment_tr_500_1st_4_ts2i_RN.zip for transformation RN
2026-02-08 12:22:46.739 | INFO     | src.pipelines.train_vision_backbones:run_pipeline:170 - Train images: 7
2026-02-08 12:22:46.739 | INFO     | src.pipelines.train_vision_backbones:run_pipeline:171 - Test images: 949
2026-02-08 12:22:46.745 | INFO     | src.pipelines.train_vision_backbones:run_pipeline:176 - Training cnn_autoencoder on RN
2026-02-08 12:22:46.750 | INFO     | src.models.cnn_autoencoder.training:train_autoencoder:22 - Device: cuda | Model on: cuda:0
2026-02-08 12:22:55.192 | INFO     | src.pipelines.train_vision_backbones:run_pipeline:193 - Evaluating cnn_autoencoder on RN
2026-02-08 12:22:56.194 | INFO     | src.models.evaluation:evaluate_tsb_ad_nonoverlapping:65 - Normal (8187) reconstruction error: mean=0.5353, std=0.1976
2026-02-08 12:22:56.194 | INFO     | src.models.evaluation:evaluate_tsb_ad_nonoverlapping:66 - Anomaly (1313) reconstruction error: mean=0.5430, std=0.1976
2026-02-08 12:22:56.194 | INFO     | src.models.evaluation:evaluate_tsb_ad_nonoverlapping:67 - Overlap? Normal max=1.0000, Anomaly min=0.0000
2026-02-08 12:23:47.299 | INFO     | src.models.evaluation:evaluate_tsb_ad_nonoverlapping:83 - {'AUC-PR': 0.14331862857016509, 'AUC-ROC': 0.5147727375268744, 'VUS-PR': np.float64(0.9367665620851287), 'VUS-ROC': np.float64(0.9647256077699122), 'Standard-F1': np.float64(0.24285368805138582), 'PA-F1': 0.24230330672748004, 'Event-based-F1': np.float64(0.24219008569638892), 'R-based-F1': 0.12188232787632161, 'Affiliation-F': 0.6839346282071842}
2026-02-08 12:23:47.454 | INFO     | src.pipelines.train_vision_backbones:run_pipeline:170 - Train images: 7
2026-02-08 12:23:47.455 | INFO     | src.pipelines.train_vision_backbones:run_pipeline:171 - Test images: 949
2026-02-08 12:23:47.673 | INFO     | src.pipelines.train_vision_backbones:run_pipeline:176 - Training resnet18_autoencoder_frozen on RN
2026-02-08 12:23:47.686 | INFO     | src.models.resnet18_autoencoder.training:train_autoencoder_frozen:25 - Device: cuda | Model on: cuda:0
2026-02-08 12:23:57.886 | INFO     | src.pipelines.train_vision_backbones:run_pipeline:193 - Evaluating resnet18_autoencoder_frozen on RN
2026-02-08 12:23:59.300 | INFO     | src.models.evaluation:evaluate_tsb_ad_nonoverlapping:65 - Normal (8187) reconstruction error: mean=0.4716, std=0.2178
2026-02-08 12:23:59.300 | INFO     | src.models.evaluation:evaluate_tsb_ad_nonoverlapping:66 - Anomaly (1313) reconstruction error: mean=0.4731, std=0.2188
2026-02-08 12:23:59.300 | INFO     | src.models.evaluation:evaluate_tsb_ad_nonoverlapping:67 - Overlap? Normal max=1.0000, Anomaly min=0.0000
2026-02-08 12:24:53.118 | INFO     | src.models.evaluation:evaluate_tsb_ad_nonoverlapping:83 - {'AUC-PR': 0.1392904680567248, 'AUC-ROC': 0.5018628719708794, 'VUS-PR': np.float64(0.932462056659193), 'VUS-ROC': np.float64(0.9640294507213516), 'Standard-F1': np.float64(0.24285368805138582), 'PA-F1': 0.2426629160806376, 'Event-based-F1': np.float64(0.24251524938081692), 'R-based-F1': 0.12075114878458826, 'Affiliation-F': 0.686834876594523}
2026-02-08 12:24:53.276 | INFO     | src.pipelines.train_vision_backbones:run_pipeline:170 - Train images: 7
2026-02-08 12:24:53.276 | INFO     | src.pipelines.train_vision_backbones:run_pipeline:171 - Test images: 949
2026-02-08 12:24:53.494 | INFO     | src.pipelines.train_vision_backbones:run_pipeline:176 - Training resnet18_autoencoder_progressive_unfreeze on RN
2026-02-08 12:24:53.508 | INFO     | src.models.resnet18_autoencoder.training:train_autoencoder_progressive_unfreeze:133 - Device: cuda | Model on: cuda:0
2026-02-08 12:25:03.882 | INFO     | src.pipelines.train_vision_backbones:run_pipeline:193 - Evaluating resnet18_autoencoder_progressive_unfreeze on RN
2026-02-08 12:25:04.941 | INFO     | src.models.evaluation:evaluate_tsb_ad_nonoverlapping:65 - Normal (8187) reconstruction error: mean=0.5147, std=0.2284
2026-02-08 12:25:04.941 | INFO     | src.models.evaluation:evaluate_tsb_ad_nonoverlapping:66 - Anomaly (1313) reconstruction error: mean=0.5187, std=0.2285
2026-02-08 12:25:04.941 | INFO     | src.models.evaluation:evaluate_tsb_ad_nonoverlapping:67 - Overlap? Normal max=1.0000, Anomaly min=0.0000
2026-02-08 12:25:59.820 | INFO     | src.models.evaluation:evaluate_tsb_ad_nonoverlapping:83 - {'AUC-PR': 0.14015981614239725, 'AUC-ROC': 0.5056258268383989, 'VUS-PR': np.float64(0.9357960487701499), 'VUS-ROC': np.float64(0.9647039916778813), 'Standard-F1': np.float64(0.24285368805138582), 'PA-F1': 0.24274707504993817, 'Event-based-F1': np.float64(0.24278079181191672), 'R-based-F1': 0.11745183276650084, 'Affiliation-F': 0.6844685361513397}
2026-02-08 12:25:59.977 | INFO     | src.pipelines.train_vision_backbones:run_pipeline:170 - Train images: 7
2026-02-08 12:25:59.977 | INFO     | src.pipelines.train_vision_backbones:run_pipeline:171 - Test images: 949
2026-02-08 12:26:00.193 | INFO     | src.pipelines.train_vision_backbones:run_pipeline:176 - Training resnet18_autoencoder_differential_lr on RN
2026-02-08 12:26:00.207 | INFO     | src.models.resnet18_autoencoder.training:train_autoencoder_differential_lr:271 - Device: cuda | Model on: cuda:0
2026-02-08 12:26:10.147 | INFO     | src.pipelines.train_vision_backbones:run_pipeline:193 - Evaluating resnet18_autoencoder_differential_lr on RN
2026-02-08 12:26:10.984 | INFO     | src.models.evaluation:evaluate_tsb_ad_nonoverlapping:65 - Normal (8187) reconstruction error: mean=0.5086, std=0.2242
2026-02-08 12:26:10.984 | INFO     | src.models.evaluation:evaluate_tsb_ad_nonoverlapping:66 - Anomaly (1313) reconstruction error: mean=0.5096, std=0.2275
2026-02-08 12:26:10.984 | INFO     | src.models.evaluation:evaluate_tsb_ad_nonoverlapping:67 - Overlap? Normal max=1.0000, Anomaly min=0.0000
2026-02-08 12:27:04.614 | INFO     | src.models.evaluation:evaluate_tsb_ad_nonoverlapping:83 - {'AUC-PR': 0.13928571096177778, 'AUC-ROC': 0.5018731049754636, 'VUS-PR': np.float64(0.9328636786323413), 'VUS-ROC': np.float64(0.9633951050717201), 'Standard-F1': np.float64(0.24285368805138582), 'PA-F1': 0.24271035823382395, 'Event-based-F1': np.float64(0.2427037088311569), 'R-based-F1': 0.12152048480023532, 'Affiliation-F': 0.6873900566967595}
2026-02-08 12:27:04.775 | INFO     | src.pipelines.train_vision_backbones:run_pipeline:170 - Train images: 7
2026-02-08 12:27:04.775 | INFO     | src.pipelines.train_vision_backbones:run_pipeline:171 - Test images: 949
2026-02-08 12:27:05.752 | INFO     | src.pipelines.train_vision_backbones:run_pipeline:176 - Training pvt_autoencoder_frozen on RN
2026-02-08 12:27:05.776 | INFO     | src.models.pvt_autoencoder.training:train_pvt_autoencoder_frozen:24 - Device: cuda | Model on: cuda:0
2026-02-08 12:27:18.172 | INFO     | src.pipelines.train_vision_backbones:run_pipeline:193 - Evaluating pvt_autoencoder_frozen on RN
2026-02-08 12:27:19.090 | INFO     | src.models.evaluation:evaluate_tsb_ad_nonoverlapping:65 - Normal (8187) reconstruction error: mean=0.4255, std=0.2262
2026-02-08 12:27:19.090 | INFO     | src.models.evaluation:evaluate_tsb_ad_nonoverlapping:66 - Anomaly (1313) reconstruction error: mean=0.4323, std=0.2268
2026-02-08 12:27:19.091 | INFO     | src.models.evaluation:evaluate_tsb_ad_nonoverlapping:67 - Overlap? Normal max=1.0000, Anomaly min=0.0000
2026-02-08 12:28:13.333 | INFO     | src.models.evaluation:evaluate_tsb_ad_nonoverlapping:83 - {'AUC-PR': 0.14171917955972899, 'AUC-ROC': 0.508608747674666, 'VUS-PR': np.float64(0.9327935919310634), 'VUS-ROC': np.float64(0.9642671327654259), 'Standard-F1': np.float64(0.24285368805138582), 'PA-F1': 0.24252086654787583, 'Event-based-F1': np.float64(0.24253214833228756), 'R-based-F1': 0.12293919598503843, 'Affiliation-F': 0.6844685361513397}
2026-02-08 12:28:13.490 | INFO     | src.pipelines.train_vision_backbones:run_pipeline:170 - Train images: 7
2026-02-08 12:28:13.490 | INFO     | src.pipelines.train_vision_backbones:run_pipeline:171 - Test images: 949
2026-02-08 12:28:14.484 | INFO     | src.pipelines.train_vision_backbones:run_pipeline:176 - Training pvt_autoencoder_progressive_unfreeze on RN
2026-02-08 12:28:14.519 | INFO     | src.models.pvt_autoencoder.training:train_pvt_autoencoder_progressive_unfreeze:132 - Device: cuda | Model on: cuda:0
2026-02-08 12:28:26.277 | INFO     | src.pipelines.train_vision_backbones:run_pipeline:193 - Evaluating pvt_autoencoder_progressive_unfreeze on RN
2026-02-08 12:28:27.479 | INFO     | src.models.evaluation:evaluate_tsb_ad_nonoverlapping:65 - Normal (8187) reconstruction error: mean=0.5094, std=0.1940
2026-02-08 12:28:27.480 | INFO     | src.models.evaluation:evaluate_tsb_ad_nonoverlapping:66 - Anomaly (1313) reconstruction error: mean=0.5157, std=0.1939
2026-02-08 12:28:27.480 | INFO     | src.models.evaluation:evaluate_tsb_ad_nonoverlapping:67 - Overlap? Normal max=1.0000, Anomaly min=0.0000
2026-02-08 12:29:18.388 | INFO     | src.models.evaluation:evaluate_tsb_ad_nonoverlapping:83 - {'AUC-PR': 0.14179193738506105, 'AUC-ROC': 0.5136633868026429, 'VUS-PR': np.float64(0.9343780238725623), 'VUS-ROC': np.float64(0.9646710239890979), 'Standard-F1': np.float64(0.24285368805138582), 'PA-F1': 0.24224986077594207, 'Event-based-F1': np.float64(0.24213445488941385), 'R-based-F1': 0.12452471735461837, 'Affiliation-F': 0.6861826777009491}
2026-02-08 12:29:18.550 | INFO     | src.pipelines.train_vision_backbones:run_pipeline:170 - Train images: 7
2026-02-08 12:29:18.550 | INFO     | src.pipelines.train_vision_backbones:run_pipeline:171 - Test images: 949
2026-02-08 12:29:19.522 | INFO     | src.pipelines.train_vision_backbones:run_pipeline:176 - Training pvt_autoencoder_differential_lr on RN
2026-02-08 12:29:19.546 | INFO     | src.models.pvt_autoencoder.training:train_pvt_autoencoder_differential_lr:267 - Device: cuda | Model on: cuda:0
2026-02-08 12:29:33.455 | INFO     | src.pipelines.train_vision_backbones:run_pipeline:193 - Evaluating pvt_autoencoder_differential_lr on RN
2026-02-08 12:29:34.374 | INFO     | src.models.evaluation:evaluate_tsb_ad_nonoverlapping:65 - Normal (8187) reconstruction error: mean=0.5006, std=0.2247
2026-02-08 12:29:34.374 | INFO     | src.models.evaluation:evaluate_tsb_ad_nonoverlapping:66 - Anomaly (1313) reconstruction error: mean=0.5044, std=0.2225
2026-02-08 12:29:34.374 | INFO     | src.models.evaluation:evaluate_tsb_ad_nonoverlapping:67 - Overlap? Normal max=1.0000, Anomaly min=0.0000
2026-02-08 12:30:28.682 | INFO     | src.models.evaluation:evaluate_tsb_ad_nonoverlapping:83 - {'AUC-PR': 0.1387834548580909, 'AUC-ROC': 0.5068919285873961, 'VUS-PR': np.float64(0.9335182458696262), 'VUS-ROC': np.float64(0.9642379379367153), 'Standard-F1': np.float64(0.24285368805138582), 'PA-F1': 0.24269579016148604, 'Event-based-F1': np.float64(0.24267810026385203), 'R-based-F1': 0.12739158462211395, 'Affiliation-F': 0.6854833281419912}
2026-02-08 12:30:29.044 | INFO     | src.pipelines.train_vision_backbones:run_pipeline:70 - Using zip: /net/scratch/hscra/plgrid/plgsmendowski12/ts2i_images/TAO/258_TAO_id_2_Environment_tr_500_1st_4_ts2i_LP.zip for transformation LP
2026-02-08 12:30:30.131 | INFO     | src.pipelines.train_vision_backbones:run_pipeline:170 - Train images: 7
2026-02-08 12:30:30.131 | INFO     | src.pipelines.train_vision_backbones:run_pipeline:171 - Test images: 949
2026-02-08 12:30:30.138 | INFO     | src.pipelines.train_vision_backbones:run_pipeline:176 - Training cnn_autoencoder on LP
2026-02-08 12:30:30.142 | INFO     | src.models.cnn_autoencoder.training:train_autoencoder:22 - Device: cuda | Model on: cuda:0
2026-02-08 12:30:49.880 | INFO     | src.pipelines.train_vision_backbones:run_pipeline:193 - Evaluating cnn_autoencoder on LP
2026-02-08 12:30:50.593 | INFO     | src.models.evaluation:evaluate_tsb_ad_nonoverlapping:65 - Normal (8187) reconstruction error: mean=0.2146, std=0.1801
2026-02-08 12:30:50.594 | INFO     | src.models.evaluation:evaluate_tsb_ad_nonoverlapping:66 - Anomaly (1313) reconstruction error: mean=0.3674, std=0.1886
2026-02-08 12:30:50.594 | INFO     | src.models.evaluation:evaluate_tsb_ad_nonoverlapping:67 - Overlap? Normal max=1.0000, Anomaly min=0.0188
2026-02-08 12:31:41.297 | INFO     | src.models.evaluation:evaluate_tsb_ad_nonoverlapping:83 - {'AUC-PR': 0.2733945225429482, 'AUC-ROC': 0.7325561924515591, 'VUS-PR': np.float64(0.9721728293393249), 'VUS-ROC': np.float64(0.9851810050660637), 'Standard-F1': np.float64(0.3640522736118993), 'PA-F1': 0.36597178353337545, 'Event-based-F1': np.float64(0.36516629086319685), 'R-based-F1': 0.16241548285907756, 'Affiliation-F': 0.7422004042173234}
2026-02-08 12:31:41.451 | INFO     | src.pipelines.train_vision_backbones:run_pipeline:170 - Train images: 7
2026-02-08 12:31:41.451 | INFO     | src.pipelines.train_vision_backbones:run_pipeline:171 - Test images: 949
2026-02-08 12:31:41.669 | INFO     | src.pipelines.train_vision_backbones:run_pipeline:176 - Training resnet18_autoencoder_frozen on LP
2026-02-08 12:31:41.682 | INFO     | src.models.resnet18_autoencoder.training:train_autoencoder_frozen:25 - Device: cuda | Model on: cuda:0
2026-02-08 12:32:04.101 | INFO     | src.pipelines.train_vision_backbones:run_pipeline:193 - Evaluating resnet18_autoencoder_frozen on LP
2026-02-08 12:32:04.879 | INFO     | src.models.evaluation:evaluate_tsb_ad_nonoverlapping:65 - Normal (8187) reconstruction error: mean=0.3329, std=0.1990
2026-02-08 12:32:04.879 | INFO     | src.models.evaluation:evaluate_tsb_ad_nonoverlapping:66 - Anomaly (1313) reconstruction error: mean=0.4928, std=0.1374
2026-02-08 12:32:04.879 | INFO     | src.models.evaluation:evaluate_tsb_ad_nonoverlapping:67 - Overlap? Normal max=1.0000, Anomaly min=0.0976
2026-02-08 12:32:59.483 | INFO     | src.models.evaluation:evaluate_tsb_ad_nonoverlapping:83 - {'AUC-PR': 0.269711998721969, 'AUC-ROC': 0.729869563611659, 'VUS-PR': np.float64(0.9715094904731262), 'VUS-ROC': np.float64(0.9850352314525467), 'Standard-F1': np.float64(0.35450811249515485), 'PA-F1': 0.3584013751611517, 'Event-based-F1': np.float64(0.3561605208777936), 'R-based-F1': 0.16187088355990178, 'Affiliation-F': 0.743473288235599}
2026-02-08 12:32:59.639 | INFO     | src.pipelines.train_vision_backbones:run_pipeline:170 - Train images: 7
2026-02-08 12:32:59.639 | INFO     | src.pipelines.train_vision_backbones:run_pipeline:171 - Test images: 949
2026-02-08 12:32:59.844 | INFO     | src.pipelines.train_vision_backbones:run_pipeline:176 - Training resnet18_autoencoder_progressive_unfreeze on LP
2026-02-08 12:32:59.857 | INFO     | src.models.resnet18_autoencoder.training:train_autoencoder_progressive_unfreeze:133 - Device: cuda | Model on: cuda:0
2026-02-08 12:33:36.813 | INFO     | src.pipelines.train_vision_backbones:run_pipeline:193 - Evaluating resnet18_autoencoder_progressive_unfreeze on LP
2026-02-08 12:33:37.593 | INFO     | src.models.evaluation:evaluate_tsb_ad_nonoverlapping:65 - Normal (8187) reconstruction error: mean=0.3718, std=0.2257
2026-02-08 12:33:37.593 | INFO     | src.models.evaluation:evaluate_tsb_ad_nonoverlapping:66 - Anomaly (1313) reconstruction error: mean=0.5251, std=0.1467
2026-02-08 12:33:37.593 | INFO     | src.models.evaluation:evaluate_tsb_ad_nonoverlapping:67 - Overlap? Normal max=1.0000, Anomaly min=0.0632
2026-02-08 12:34:35.067 | INFO     | src.models.evaluation:evaluate_tsb_ad_nonoverlapping:83 - {'AUC-PR': 0.23513787731101993, 'AUC-ROC': 0.6841950127870695, 'VUS-PR': np.float64(0.960000787566383), 'VUS-ROC': np.float64(0.9800406534602327), 'Standard-F1': np.float64(0.31357200304443955), 'PA-F1': 0.31494132072166753, 'Event-based-F1': np.float64(0.3148913973075962), 'R-based-F1': 0.15687473180453232, 'Affiliation-F': 0.7400003072988297}
2026-02-08 12:34:35.513 | INFO     | src.pipelines.train_vision_backbones:run_pipeline:170 - Train images: 7
2026-02-08 12:34:35.514 | INFO     | src.pipelines.train_vision_backbones:run_pipeline:171 - Test images: 949
2026-02-08 12:34:35.726 | INFO     | src.pipelines.train_vision_backbones:run_pipeline:176 - Training resnet18_autoencoder_differential_lr on LP
2026-02-08 12:34:35.739 | INFO     | src.models.resnet18_autoencoder.training:train_autoencoder_differential_lr:271 - Device: cuda | Model on: cuda:0
2026-02-08 12:35:02.090 | INFO     | src.pipelines.train_vision_backbones:run_pipeline:193 - Evaluating resnet18_autoencoder_differential_lr on LP
2026-02-08 12:35:02.868 | INFO     | src.models.evaluation:evaluate_tsb_ad_nonoverlapping:65 - Normal (8187) reconstruction error: mean=0.2795, std=0.1890
2026-02-08 12:35:02.868 | INFO     | src.models.evaluation:evaluate_tsb_ad_nonoverlapping:66 - Anomaly (1313) reconstruction error: mean=0.4345, std=0.1759
2026-02-08 12:35:02.868 | INFO     | src.models.evaluation:evaluate_tsb_ad_nonoverlapping:67 - Overlap? Normal max=1.0000, Anomaly min=0.0000
2026-02-08 12:35:54.938 | INFO     | src.models.evaluation:evaluate_tsb_ad_nonoverlapping:83 - {'AUC-PR': 0.2705479824596211, 'AUC-ROC': 0.7272266576095274, 'VUS-PR': np.float64(0.9716714347635019), 'VUS-ROC': np.float64(0.9846834876006827), 'Standard-F1': np.float64(0.35742081177935753), 'PA-F1': 0.3582432743159347, 'Event-based-F1': np.float64(0.3576341165138901), 'R-based-F1': 0.1607962998309799, 'Affiliation-F': 0.7436748860547985}
2026-02-08 12:35:55.095 | INFO     | src.pipelines.train_vision_backbones:run_pipeline:170 - Train images: 7
2026-02-08 12:35:55.095 | INFO     | src.pipelines.train_vision_backbones:run_pipeline:171 - Test images: 949
2026-02-08 12:35:56.065 | INFO     | src.pipelines.train_vision_backbones:run_pipeline:176 - Training pvt_autoencoder_frozen on LP
2026-02-08 12:35:56.088 | INFO     | src.models.pvt_autoencoder.training:train_pvt_autoencoder_frozen:24 - Device: cuda | Model on: cuda:0
2026-02-08 12:36:24.986 | INFO     | src.pipelines.train_vision_backbones:run_pipeline:193 - Evaluating pvt_autoencoder_frozen on LP
2026-02-08 12:36:25.849 | INFO     | src.models.evaluation:evaluate_tsb_ad_nonoverlapping:65 - Normal (8187) reconstruction error: mean=0.2989, std=0.2122
2026-02-08 12:36:25.850 | INFO     | src.models.evaluation:evaluate_tsb_ad_nonoverlapping:66 - Anomaly (1313) reconstruction error: mean=0.4787, std=0.1796
2026-02-08 12:36:25.850 | INFO     | src.models.evaluation:evaluate_tsb_ad_nonoverlapping:67 - Overlap? Normal max=1.0000, Anomaly min=0.0041
2026-02-08 12:37:21.635 | INFO     | src.models.evaluation:evaluate_tsb_ad_nonoverlapping:83 - {'AUC-PR': 0.2748057232743079, 'AUC-ROC': 0.7349972291814406, 'VUS-PR': np.float64(0.9725144228049415), 'VUS-ROC': np.float64(0.9854351657838656), 'Standard-F1': np.float64(0.36586513667613474), 'PA-F1': 0.36766901258264023, 'Event-based-F1': np.float64(0.36628573154187233), 'R-based-F1': 0.16340217649867383, 'Affiliation-F': 0.7442018850500747}
2026-02-08 12:37:21.791 | INFO     | src.pipelines.train_vision_backbones:run_pipeline:170 - Train images: 7
2026-02-08 12:37:21.791 | INFO     | src.pipelines.train_vision_backbones:run_pipeline:171 - Test images: 949
2026-02-08 12:37:22.757 | INFO     | src.pipelines.train_vision_backbones:run_pipeline:176 - Training pvt_autoencoder_progressive_unfreeze on LP
2026-02-08 12:37:22.781 | INFO     | src.models.pvt_autoencoder.training:train_pvt_autoencoder_progressive_unfreeze:132 - Device: cuda | Model on: cuda:0
2026-02-08 12:38:05.560 | INFO     | src.pipelines.train_vision_backbones:run_pipeline:193 - Evaluating pvt_autoencoder_progressive_unfreeze on LP
2026-02-08 12:38:06.623 | INFO     | src.models.evaluation:evaluate_tsb_ad_nonoverlapping:65 - Normal (8187) reconstruction error: mean=0.2739, std=0.2006
2026-02-08 12:38:06.623 | INFO     | src.models.evaluation:evaluate_tsb_ad_nonoverlapping:66 - Anomaly (1313) reconstruction error: mean=0.4428, std=0.1786
2026-02-08 12:38:06.623 | INFO     | src.models.evaluation:evaluate_tsb_ad_nonoverlapping:67 - Overlap? Normal max=1.0000, Anomaly min=0.0034
2026-02-08 12:39:00.928 | INFO     | src.models.evaluation:evaluate_tsb_ad_nonoverlapping:83 - {'AUC-PR': 0.27382605086118883, 'AUC-ROC': 0.7344762762207951, 'VUS-PR': np.float64(0.9723938408020759), 'VUS-ROC': np.float64(0.9855021762735), 'Standard-F1': np.float64(0.36600906804502886), 'PA-F1': 0.3680101287191391, 'Event-based-F1': np.float64(0.36653948546821863), 'R-based-F1': 0.1632821211954536, 'Affiliation-F': 0.7440735179506626}
2026-02-08 12:39:01.108 | INFO     | src.pipelines.train_vision_backbones:run_pipeline:170 - Train images: 7
2026-02-08 12:39:01.109 | INFO     | src.pipelines.train_vision_backbones:run_pipeline:171 - Test images: 949
2026-02-08 12:39:02.084 | INFO     | src.pipelines.train_vision_backbones:run_pipeline:176 - Training pvt_autoencoder_differential_lr on LP
2026-02-08 12:39:02.109 | INFO     | src.models.pvt_autoencoder.training:train_pvt_autoencoder_differential_lr:267 - Device: cuda | Model on: cuda:0
2026-02-08 12:39:32.264 | INFO     | src.pipelines.train_vision_backbones:run_pipeline:193 - Evaluating pvt_autoencoder_differential_lr on LP
2026-02-08 12:39:45.201 | INFO     | src.models.evaluation:evaluate_tsb_ad_nonoverlapping:65 - Normal (8187) reconstruction error: mean=0.3037, std=0.1997
2026-02-08 12:39:45.202 | INFO     | src.models.evaluation:evaluate_tsb_ad_nonoverlapping:66 - Anomaly (1313) reconstruction error: mean=0.4698, std=0.1722
2026-02-08 12:39:45.202 | INFO     | src.models.evaluation:evaluate_tsb_ad_nonoverlapping:67 - Overlap? Normal max=1.0000, Anomaly min=0.0510
2026-02-08 12:40:39.491 | INFO     | src.models.evaluation:evaluate_tsb_ad_nonoverlapping:83 - {'AUC-PR': 0.27287261557741116, 'AUC-ROC': 0.730836117408285, 'VUS-PR': np.float64(0.9722216980805511), 'VUS-ROC': np.float64(0.9851749611979634), 'Standard-F1': np.float64(0.3632372867353668), 'PA-F1': 0.3650689428759028, 'Event-based-F1': np.float64(0.3637216154045546), 'R-based-F1': 0.16362203352795915, 'Affiliation-F': 0.7446422966404589}
2026-02-08 12:40:39.845 | INFO     | src.pipelines.train_vision_backbones:run_pipeline:70 - Using zip: /net/scratch/hscra/plgrid/plgsmendowski12/ts2i_images/TAO/258_TAO_id_2_Environment_tr_500_1st_4_ts2i_SG.zip for transformation SG
2026-02-08 12:40:40.909 | INFO     | src.pipelines.train_vision_backbones:run_pipeline:170 - Train images: 7
2026-02-08 12:40:40.909 | INFO     | src.pipelines.train_vision_backbones:run_pipeline:171 - Test images: 949
2026-02-08 12:40:40.916 | INFO     | src.pipelines.train_vision_backbones:run_pipeline:176 - Training cnn_autoencoder on SG
2026-02-08 12:40:40.920 | INFO     | src.models.cnn_autoencoder.training:train_autoencoder:22 - Device: cuda | Model on: cuda:0
2026-02-08 12:41:00.206 | INFO     | src.pipelines.train_vision_backbones:run_pipeline:193 - Evaluating cnn_autoencoder on SG
2026-02-08 12:41:00.969 | INFO     | src.models.evaluation:evaluate_tsb_ad_nonoverlapping:65 - Normal (8187) reconstruction error: mean=0.1988, std=0.1692
2026-02-08 12:41:00.970 | INFO     | src.models.evaluation:evaluate_tsb_ad_nonoverlapping:66 - Anomaly (1313) reconstruction error: mean=0.3637, std=0.1894
2026-02-08 12:41:00.970 | INFO     | src.models.evaluation:evaluate_tsb_ad_nonoverlapping:67 - Overlap? Normal max=1.0000, Anomaly min=0.0009
2026-02-08 12:41:50.508 | INFO     | src.models.evaluation:evaluate_tsb_ad_nonoverlapping:83 - {'AUC-PR': 0.3008819984062149, 'AUC-ROC': 0.7505969795333397, 'VUS-PR': np.float64(0.9708528679603746), 'VUS-ROC': np.float64(0.9851022375482238), 'Standard-F1': np.float64(0.3724074276034423), 'PA-F1': 0.3732876712328767, 'Event-based-F1': np.float64(0.3680506112817588), 'R-based-F1': 0.200176233860008, 'Affiliation-F': 0.740733603133025}
2026-02-08 12:41:50.676 | INFO     | src.pipelines.train_vision_backbones:run_pipeline:170 - Train images: 7
2026-02-08 12:41:50.676 | INFO     | src.pipelines.train_vision_backbones:run_pipeline:171 - Test images: 949
2026-02-08 12:41:50.893 | INFO     | src.pipelines.train_vision_backbones:run_pipeline:176 - Training resnet18_autoencoder_frozen on SG
2026-02-08 12:41:50.907 | INFO     | src.models.resnet18_autoencoder.training:train_autoencoder_frozen:25 - Device: cuda | Model on: cuda:0
2026-02-08 12:42:16.065 | INFO     | src.pipelines.train_vision_backbones:run_pipeline:193 - Evaluating resnet18_autoencoder_frozen on SG
2026-02-08 12:42:16.837 | INFO     | src.models.evaluation:evaluate_tsb_ad_nonoverlapping:65 - Normal (8187) reconstruction error: mean=0.1931, std=0.1583
2026-02-08 12:42:16.837 | INFO     | src.models.evaluation:evaluate_tsb_ad_nonoverlapping:66 - Anomaly (1313) reconstruction error: mean=0.3442, std=0.1702
2026-02-08 12:42:16.837 | INFO     | src.models.evaluation:evaluate_tsb_ad_nonoverlapping:67 - Overlap? Normal max=1.0000, Anomaly min=0.0076
2026-02-08 12:43:05.404 | INFO     | src.models.evaluation:evaluate_tsb_ad_nonoverlapping:83 - {'AUC-PR': 0.2958016412763233, 'AUC-ROC': 0.7494704187559438, 'VUS-PR': np.float64(0.9695367209383324), 'VUS-ROC': np.float64(0.9845448865713138), 'Standard-F1': np.float64(0.37235490271246346), 'PA-F1': 0.3732876712328767, 'Event-based-F1': np.float64(0.3680506112817588), 'R-based-F1': 0.19553530990809512, 'Affiliation-F': 0.7405558806663884}
2026-02-08 12:43:05.563 | INFO     | src.pipelines.train_vision_backbones:run_pipeline:170 - Train images: 7
2026-02-08 12:43:05.563 | INFO     | src.pipelines.train_vision_backbones:run_pipeline:171 - Test images: 949
2026-02-08 12:43:05.777 | INFO     | src.pipelines.train_vision_backbones:run_pipeline:176 - Training resnet18_autoencoder_progressive_unfreeze on SG
2026-02-08 12:43:05.791 | INFO     | src.models.resnet18_autoencoder.training:train_autoencoder_progressive_unfreeze:133 - Device: cuda | Model on: cuda:0
2026-02-08 12:43:44.267 | INFO     | src.pipelines.train_vision_backbones:run_pipeline:193 - Evaluating resnet18_autoencoder_progressive_unfreeze on SG
2026-02-08 12:43:45.027 | INFO     | src.models.evaluation:evaluate_tsb_ad_nonoverlapping:65 - Normal (8187) reconstruction error: mean=0.1861, std=0.1658
2026-02-08 12:43:45.027 | INFO     | src.models.evaluation:evaluate_tsb_ad_nonoverlapping:66 - Anomaly (1313) reconstruction error: mean=0.3473, std=0.1819
2026-02-08 12:43:45.027 | INFO     | src.models.evaluation:evaluate_tsb_ad_nonoverlapping:67 - Overlap? Normal max=1.0000, Anomaly min=0.0023
2026-02-08 12:44:34.525 | INFO     | src.models.evaluation:evaluate_tsb_ad_nonoverlapping:83 - {'AUC-PR': 0.2999447032302961, 'AUC-ROC': 0.7506369812785321, 'VUS-PR': np.float64(0.9705469198409494), 'VUS-ROC': np.float64(0.9850278483054873), 'Standard-F1': np.float64(0.37235490271246346), 'PA-F1': 0.3732876712328767, 'Event-based-F1': np.float64(0.3680506112817588), 'R-based-F1': 0.19934825172979753, 'Affiliation-F': 0.7405558806663884}
2026-02-08 12:44:34.764 | INFO     | src.pipelines.train_vision_backbones:run_pipeline:170 - Train images: 7
2026-02-08 12:44:34.764 | INFO     | src.pipelines.train_vision_backbones:run_pipeline:171 - Test images: 949
2026-02-08 12:44:35.043 | INFO     | src.pipelines.train_vision_backbones:run_pipeline:176 - Training resnet18_autoencoder_differential_lr on SG
2026-02-08 12:44:35.058 | INFO     | src.models.resnet18_autoencoder.training:train_autoencoder_differential_lr:271 - Device: cuda | Model on: cuda:0
2026-02-08 12:45:00.397 | INFO     | src.pipelines.train_vision_backbones:run_pipeline:193 - Evaluating resnet18_autoencoder_differential_lr on SG
2026-02-08 12:45:13.796 | INFO     | src.models.evaluation:evaluate_tsb_ad_nonoverlapping:65 - Normal (8187) reconstruction error: mean=0.1824, std=0.1593
2026-02-08 12:45:13.797 | INFO     | src.models.evaluation:evaluate_tsb_ad_nonoverlapping:66 - Anomaly (1313) reconstruction error: mean=0.3363, std=0.1778
2026-02-08 12:45:13.797 | INFO     | src.models.evaluation:evaluate_tsb_ad_nonoverlapping:67 - Overlap? Normal max=1.0000, Anomaly min=0.0070
2026-02-08 12:46:02.394 | INFO     | src.models.evaluation:evaluate_tsb_ad_nonoverlapping:83 - {'AUC-PR': 0.2978792144849456, 'AUC-ROC': 0.7497457796065706, 'VUS-PR': np.float64(0.9700987228353051), 'VUS-ROC': np.float64(0.984785227625688), 'Standard-F1': np.float64(0.37235490271246346), 'PA-F1': 0.3732876712328767, 'Event-based-F1': np.float64(0.3680506112817588), 'R-based-F1': 0.19935357053002148, 'Affiliation-F': 0.7408540410518619}
2026-02-08 12:46:02.554 | INFO     | src.pipelines.train_vision_backbones:run_pipeline:170 - Train images: 7
2026-02-08 12:46:02.554 | INFO     | src.pipelines.train_vision_backbones:run_pipeline:171 - Test images: 949
2026-02-08 12:46:03.495 | INFO     | src.pipelines.train_vision_backbones:run_pipeline:176 - Training pvt_autoencoder_frozen on SG
2026-02-08 12:46:03.522 | INFO     | src.models.pvt_autoencoder.training:train_pvt_autoencoder_frozen:24 - Device: cuda | Model on: cuda:0
2026-02-08 12:46:31.659 | INFO     | src.pipelines.train_vision_backbones:run_pipeline:193 - Evaluating pvt_autoencoder_frozen on SG
2026-02-08 12:46:32.774 | INFO     | src.models.evaluation:evaluate_tsb_ad_nonoverlapping:65 - Normal (8187) reconstruction error: mean=0.1969, std=0.1676
2026-02-08 12:46:32.774 | INFO     | src.models.evaluation:evaluate_tsb_ad_nonoverlapping:66 - Anomaly (1313) reconstruction error: mean=0.3588, std=0.1867
2026-02-08 12:46:32.774 | INFO     | src.models.evaluation:evaluate_tsb_ad_nonoverlapping:67 - Overlap? Normal max=1.0000, Anomaly min=0.0125
2026-02-08 12:47:22.239 | INFO     | src.models.evaluation:evaluate_tsb_ad_nonoverlapping:83 - {'AUC-PR': 0.29811878766932354, 'AUC-ROC': 0.7497281044168346, 'VUS-PR': np.float64(0.9704475075250119), 'VUS-ROC': np.float64(0.9850905637347159), 'Standard-F1': np.float64(0.37235490271246346), 'PA-F1': 0.3732876712328767, 'Event-based-F1': np.float64(0.3680506112817588), 'R-based-F1': 0.20045341315966525, 'Affiliation-F': 0.7406968210345762}
2026-02-08 12:47:22.395 | INFO     | src.pipelines.train_vision_backbones:run_pipeline:170 - Train images: 7
2026-02-08 12:47:22.395 | INFO     | src.pipelines.train_vision_backbones:run_pipeline:171 - Test images: 949
2026-02-08 12:47:23.383 | INFO     | src.pipelines.train_vision_backbones:run_pipeline:176 - Training pvt_autoencoder_progressive_unfreeze on SG
2026-02-08 12:47:23.406 | INFO     | src.models.pvt_autoencoder.training:train_pvt_autoencoder_progressive_unfreeze:132 - Device: cuda | Model on: cuda:0
2026-02-08 12:48:06.755 | INFO     | src.pipelines.train_vision_backbones:run_pipeline:193 - Evaluating pvt_autoencoder_progressive_unfreeze on SG
2026-02-08 12:48:07.895 | INFO     | src.models.evaluation:evaluate_tsb_ad_nonoverlapping:65 - Normal (8187) reconstruction error: mean=0.1920, std=0.1717
2026-02-08 12:48:07.895 | INFO     | src.models.evaluation:evaluate_tsb_ad_nonoverlapping:66 - Anomaly (1313) reconstruction error: mean=0.3591, std=0.1897
2026-02-08 12:48:07.896 | INFO     | src.models.evaluation:evaluate_tsb_ad_nonoverlapping:67 - Overlap? Normal max=1.0000, Anomaly min=0.0034
2026-02-08 12:48:58.031 | INFO     | src.models.evaluation:evaluate_tsb_ad_nonoverlapping:83 - {'AUC-PR': 0.30009591279398357, 'AUC-ROC': 0.750445345010866, 'VUS-PR': np.float64(0.9707552599873341), 'VUS-ROC': np.float64(0.9851250085819561), 'Standard-F1': np.float64(0.3724074276034423), 'PA-F1': 0.3732876712328767, 'Event-based-F1': np.float64(0.3680506112817588), 'R-based-F1': 0.1999103115377276, 'Affiliation-F': 0.7405558806663884}
2026-02-08 12:48:58.192 | INFO     | src.pipelines.train_vision_backbones:run_pipeline:170 - Train images: 7
2026-02-08 12:48:58.192 | INFO     | src.pipelines.train_vision_backbones:run_pipeline:171 - Test images: 949
2026-02-08 12:48:59.141 | INFO     | src.pipelines.train_vision_backbones:run_pipeline:176 - Training pvt_autoencoder_differential_lr on SG
2026-02-08 12:48:59.164 | INFO     | src.models.pvt_autoencoder.training:train_pvt_autoencoder_differential_lr:267 - Device: cuda | Model on: cuda:0
2026-02-08 12:49:30.506 | INFO     | src.pipelines.train_vision_backbones:run_pipeline:193 - Evaluating pvt_autoencoder_differential_lr on SG
2026-02-08 12:49:31.362 | INFO     | src.models.evaluation:evaluate_tsb_ad_nonoverlapping:65 - Normal (8187) reconstruction error: mean=0.1905, std=0.1660
2026-02-08 12:49:31.362 | INFO     | src.models.evaluation:evaluate_tsb_ad_nonoverlapping:66 - Anomaly (1313) reconstruction error: mean=0.3518, std=0.1872
2026-02-08 12:49:31.362 | INFO     | src.models.evaluation:evaluate_tsb_ad_nonoverlapping:67 - Overlap? Normal max=1.0000, Anomaly min=0.0082
2026-02-08 12:50:20.806 | INFO     | src.models.evaluation:evaluate_tsb_ad_nonoverlapping:83 - {'AUC-PR': 0.2995028251550976, 'AUC-ROC': 0.7502360335534639, 'VUS-PR': np.float64(0.9706448234491499), 'VUS-ROC': np.float64(0.9850697965294005), 'Standard-F1': np.float64(0.37235490271246346), 'PA-F1': 0.3732876712328767, 'Event-based-F1': np.float64(0.3680506112817588), 'R-based-F1': 0.1999103115377276, 'Affiliation-F': 0.7410131351795265}
2026-02-08 12:50:21.158 | INFO     | src.pipelines.train_vision_backbones:run_pipeline:70 - Using zip: /net/scratch/hscra/plgrid/plgsmendowski12/ts2i_images/TAO/258_TAO_id_2_Environment_tr_500_1st_4_ts2i_GASF.zip for transformation GASF
2026-02-08 12:50:22.479 | INFO     | src.pipelines.train_vision_backbones:run_pipeline:170 - Train images: 7
2026-02-08 12:50:22.479 | INFO     | src.pipelines.train_vision_backbones:run_pipeline:171 - Test images: 949
2026-02-08 12:50:22.486 | INFO     | src.pipelines.train_vision_backbones:run_pipeline:176 - Training cnn_autoencoder on GASF
2026-02-08 12:50:22.490 | INFO     | src.models.cnn_autoencoder.training:train_autoencoder:22 - Device: cuda | Model on: cuda:0
2026-02-08 12:50:32.304 | INFO     | src.pipelines.train_vision_backbones:run_pipeline:193 - Evaluating cnn_autoencoder on GASF
2026-02-08 12:50:33.051 | INFO     | src.models.evaluation:evaluate_tsb_ad_nonoverlapping:65 - Normal (8187) reconstruction error: mean=0.5471, std=0.3114
2026-02-08 12:50:33.052 | INFO     | src.models.evaluation:evaluate_tsb_ad_nonoverlapping:66 - Anomaly (1313) reconstruction error: mean=0.6107, std=0.2102
2026-02-08 12:50:33.052 | INFO     | src.models.evaluation:evaluate_tsb_ad_nonoverlapping:67 - Overlap? Normal max=1.0000, Anomaly min=0.1633
2026-02-08 12:51:40.889 | INFO     | src.models.evaluation:evaluate_tsb_ad_nonoverlapping:83 - {'AUC-PR': 0.1380338667138457, 'AUC-ROC': 0.5400194203821542, 'VUS-PR': np.float64(0.9478455429266618), 'VUS-ROC': np.float64(0.9742260283198306), 'Standard-F1': np.float64(0.2998920491833214), 'PA-F1': 0.2995440196422308, 'Event-based-F1': np.float64(0.2994978855247771), 'R-based-F1': 0.14204179797969282, 'Affiliation-F': 0.7308325348159301}
2026-02-08 12:51:41.052 | INFO     | src.pipelines.train_vision_backbones:run_pipeline:170 - Train images: 7
2026-02-08 12:51:41.052 | INFO     | src.pipelines.train_vision_backbones:run_pipeline:171 - Test images: 949
2026-02-08 12:51:41.264 | INFO     | src.pipelines.train_vision_backbones:run_pipeline:176 - Training resnet18_autoencoder_frozen on GASF
2026-02-08 12:51:41.278 | INFO     | src.models.resnet18_autoencoder.training:train_autoencoder_frozen:25 - Device: cuda | Model on: cuda:0
2026-02-08 12:51:47.480 | INFO     | src.pipelines.train_vision_backbones:run_pipeline:193 - Evaluating resnet18_autoencoder_frozen on GASF
2026-02-08 12:51:48.276 | INFO     | src.models.evaluation:evaluate_tsb_ad_nonoverlapping:65 - Normal (8187) reconstruction error: mean=0.5730, std=0.3107
2026-02-08 12:51:48.276 | INFO     | src.models.evaluation:evaluate_tsb_ad_nonoverlapping:66 - Anomaly (1313) reconstruction error: mean=0.6245, std=0.2139
2026-02-08 12:51:48.276 | INFO     | src.models.evaluation:evaluate_tsb_ad_nonoverlapping:67 - Overlap? Normal max=1.0000, Anomaly min=0.0872
2026-02-08 12:52:54.867 | INFO     | src.models.evaluation:evaluate_tsb_ad_nonoverlapping:83 - {'AUC-PR': 0.13350413819949167, 'AUC-ROC': 0.5245359541732565, 'VUS-PR': np.float64(0.9459245419298554), 'VUS-ROC': np.float64(0.9730197431760077), 'Standard-F1': np.float64(0.294149511415314), 'PA-F1': 0.2945518453427065, 'Event-based-F1': np.float64(0.29413284615500046), 'R-based-F1': 0.13868907829535612, 'Affiliation-F': 0.7253007070458202}
2026-02-08 12:52:55.020 | INFO     | src.pipelines.train_vision_backbones:run_pipeline:170 - Train images: 7
2026-02-08 12:52:55.020 | INFO     | src.pipelines.train_vision_backbones:run_pipeline:171 - Test images: 949
2026-02-08 12:52:55.232 | INFO     | src.pipelines.train_vision_backbones:run_pipeline:176 - Training resnet18_autoencoder_progressive_unfreeze on GASF
2026-02-08 12:52:55.245 | INFO     | src.models.resnet18_autoencoder.training:train_autoencoder_progressive_unfreeze:133 - Device: cuda | Model on: cuda:0
2026-02-08 12:53:02.169 | INFO     | src.pipelines.train_vision_backbones:run_pipeline:193 - Evaluating resnet18_autoencoder_progressive_unfreeze on GASF
2026-02-08 12:53:02.978 | INFO     | src.models.evaluation:evaluate_tsb_ad_nonoverlapping:65 - Normal (8187) reconstruction error: mean=0.5448, std=0.3302
2026-02-08 12:53:02.978 | INFO     | src.models.evaluation:evaluate_tsb_ad_nonoverlapping:66 - Anomaly (1313) reconstruction error: mean=0.5958, std=0.2238
2026-02-08 12:53:02.978 | INFO     | src.models.evaluation:evaluate_tsb_ad_nonoverlapping:67 - Overlap? Normal max=1.0000, Anomaly min=0.0779
2026-02-08 12:54:11.268 | INFO     | src.models.evaluation:evaluate_tsb_ad_nonoverlapping:83 - {'AUC-PR': 0.13324799604234844, 'AUC-ROC': 0.5237173138065279, 'VUS-PR': np.float64(0.941410283821788), 'VUS-ROC': np.float64(0.9721771495740861), 'Standard-F1': np.float64(0.29802379618678937), 'PA-F1': 0.29795201872440025, 'Event-based-F1': np.float64(0.2975780740219825), 'R-based-F1': 0.13642220727090099, 'Affiliation-F': 0.7308677746148367}
2026-02-08 12:54:11.423 | INFO     | src.pipelines.train_vision_backbones:run_pipeline:170 - Train images: 7
2026-02-08 12:54:11.423 | INFO     | src.pipelines.train_vision_backbones:run_pipeline:171 - Test images: 949
2026-02-08 12:54:11.635 | INFO     | src.pipelines.train_vision_backbones:run_pipeline:176 - Training resnet18_autoencoder_differential_lr on GASF
2026-02-08 12:54:11.648 | INFO     | src.models.resnet18_autoencoder.training:train_autoencoder_differential_lr:271 - Device: cuda | Model on: cuda:0
2026-02-08 12:54:19.325 | INFO     | src.pipelines.train_vision_backbones:run_pipeline:193 - Evaluating resnet18_autoencoder_differential_lr on GASF
2026-02-08 12:54:20.140 | INFO     | src.models.evaluation:evaluate_tsb_ad_nonoverlapping:65 - Normal (8187) reconstruction error: mean=0.5620, std=0.3327
2026-02-08 12:54:20.140 | INFO     | src.models.evaluation:evaluate_tsb_ad_nonoverlapping:66 - Anomaly (1313) reconstruction error: mean=0.6112, std=0.2270
2026-02-08 12:54:20.140 | INFO     | src.models.evaluation:evaluate_tsb_ad_nonoverlapping:67 - Overlap? Normal max=1.0000, Anomaly min=0.0860
2026-02-08 12:55:28.621 | INFO     | src.models.evaluation:evaluate_tsb_ad_nonoverlapping:83 - {'AUC-PR': 0.1329848955545859, 'AUC-ROC': 0.52295448982844, 'VUS-PR': np.float64(0.9424663791034594), 'VUS-ROC': np.float64(0.9724018831339446), 'Standard-F1': np.float64(0.29653396665104204), 'PA-F1': 0.2961934513479116, 'Event-based-F1': np.float64(0.2961834627441171), 'R-based-F1': 0.1370572341995962, 'Affiliation-F': 0.7290387918083865}
2026-02-08 12:55:28.777 | INFO     | src.pipelines.train_vision_backbones:run_pipeline:170 - Train images: 7
2026-02-08 12:55:28.777 | INFO     | src.pipelines.train_vision_backbones:run_pipeline:171 - Test images: 949
2026-02-08 12:55:29.747 | INFO     | src.pipelines.train_vision_backbones:run_pipeline:176 - Training pvt_autoencoder_frozen on GASF
2026-02-08 12:55:29.770 | INFO     | src.models.pvt_autoencoder.training:train_pvt_autoencoder_frozen:24 - Device: cuda | Model on: cuda:0
2026-02-08 12:55:36.206 | INFO     | src.pipelines.train_vision_backbones:run_pipeline:193 - Evaluating pvt_autoencoder_frozen on GASF
2026-02-08 12:55:37.374 | INFO     | src.models.evaluation:evaluate_tsb_ad_nonoverlapping:65 - Normal (8187) reconstruction error: mean=0.5641, std=0.3101
2026-02-08 12:55:37.374 | INFO     | src.models.evaluation:evaluate_tsb_ad_nonoverlapping:66 - Anomaly (1313) reconstruction error: mean=0.6209, std=0.2106
2026-02-08 12:55:37.374 | INFO     | src.models.evaluation:evaluate_tsb_ad_nonoverlapping:67 - Overlap? Normal max=1.0000, Anomaly min=0.0659
2026-02-08 12:56:43.827 | INFO     | src.models.evaluation:evaluate_tsb_ad_nonoverlapping:83 - {'AUC-PR': 0.13305273911427246, 'AUC-ROC': 0.5239656967359786, 'VUS-PR': np.float64(0.9445950155346388), 'VUS-ROC': np.float64(0.9731049791726945), 'Standard-F1': np.float64(0.2931668489774445), 'PA-F1': 0.29356521739130437, 'Event-based-F1': np.float64(0.29319750830278035), 'R-based-F1': 0.13411632350157957, 'Affiliation-F': 0.7235393420632079}
2026-02-08 12:56:43.985 | INFO     | src.pipelines.train_vision_backbones:run_pipeline:170 - Train images: 7
2026-02-08 12:56:43.985 | INFO     | src.pipelines.train_vision_backbones:run_pipeline:171 - Test images: 949
2026-02-08 12:56:44.962 | INFO     | src.pipelines.train_vision_backbones:run_pipeline:176 - Training pvt_autoencoder_progressive_unfreeze on GASF
2026-02-08 12:56:44.986 | INFO     | src.models.pvt_autoencoder.training:train_pvt_autoencoder_progressive_unfreeze:132 - Device: cuda | Model on: cuda:0
2026-02-08 12:56:56.549 | INFO     | src.pipelines.train_vision_backbones:run_pipeline:193 - Evaluating pvt_autoencoder_progressive_unfreeze on GASF
2026-02-08 12:56:57.712 | INFO     | src.models.evaluation:evaluate_tsb_ad_nonoverlapping:65 - Normal (8187) reconstruction error: mean=0.5523, std=0.3104
2026-02-08 12:56:57.712 | INFO     | src.models.evaluation:evaluate_tsb_ad_nonoverlapping:66 - Anomaly (1313) reconstruction error: mean=0.6004, std=0.2101
2026-02-08 12:56:57.712 | INFO     | src.models.evaluation:evaluate_tsb_ad_nonoverlapping:67 - Overlap? Normal max=1.0000, Anomaly min=0.1471
2026-02-08 12:58:04.020 | INFO     | src.models.evaluation:evaluate_tsb_ad_nonoverlapping:83 - {'AUC-PR': 0.1331878175783932, 'AUC-ROC': 0.5247508472695228, 'VUS-PR': np.float64(0.9472132187820089), 'VUS-ROC': np.float64(0.9735990522545099), 'Standard-F1': np.float64(0.2987274562931502), 'PA-F1': 0.29842381786339756, 'Event-based-F1': np.float64(0.29807721570608575), 'R-based-F1': 0.13484285460843307, 'Affiliation-F': 0.7315478665979225}
2026-02-08 12:58:04.179 | INFO     | src.pipelines.train_vision_backbones:run_pipeline:170 - Train images: 7
2026-02-08 12:58:04.179 | INFO     | src.pipelines.train_vision_backbones:run_pipeline:171 - Test images: 949
2026-02-08 12:58:05.157 | INFO     | src.pipelines.train_vision_backbones:run_pipeline:176 - Training pvt_autoencoder_differential_lr on GASF
2026-02-08 12:58:05.182 | INFO     | src.models.pvt_autoencoder.training:train_pvt_autoencoder_differential_lr:267 - Device: cuda | Model on: cuda:0
2026-02-08 12:58:12.271 | INFO     | src.pipelines.train_vision_backbones:run_pipeline:193 - Evaluating pvt_autoencoder_differential_lr on GASF
2026-02-08 12:58:13.177 | INFO     | src.models.evaluation:evaluate_tsb_ad_nonoverlapping:65 - Normal (8187) reconstruction error: mean=0.5557, std=0.3082
2026-02-08 12:58:13.177 | INFO     | src.models.evaluation:evaluate_tsb_ad_nonoverlapping:66 - Anomaly (1313) reconstruction error: mean=0.5797, std=0.2419
2026-02-08 12:58:13.177 | INFO     | src.models.evaluation:evaluate_tsb_ad_nonoverlapping:67 - Overlap? Normal max=1.0000, Anomaly min=0.0000
2026-02-08 12:59:18.875 | INFO     | src.models.evaluation:evaluate_tsb_ad_nonoverlapping:83 - {'AUC-PR': 0.13318086082791333, 'AUC-ROC': 0.5187254681157718, 'VUS-PR': np.float64(0.9420026492982477), 'VUS-ROC': np.float64(0.9719743153259702), 'Standard-F1': np.float64(0.28536876009803275), 'PA-F1': 0.28533906399235914, 'Event-based-F1': np.float64(0.28474300688769744), 'R-based-F1': 0.14340935324534965, 'Affiliation-F': 0.7077248058830788}
2026-02-08 12:59:19.240 | INFO     | src.pipelines.train_vision_backbones:run_pipeline:70 - Using zip: /net/scratch/hscra/plgrid/plgsmendowski12/ts2i_images/TAO/258_TAO_id_2_Environment_tr_500_1st_4_ts2i_GADF.zip for transformation GADF
2026-02-08 12:59:20.299 | INFO     | src.pipelines.train_vision_backbones:run_pipeline:170 - Train images: 7
2026-02-08 12:59:20.299 | INFO     | src.pipelines.train_vision_backbones:run_pipeline:171 - Test images: 949
2026-02-08 12:59:20.305 | INFO     | src.pipelines.train_vision_backbones:run_pipeline:176 - Training cnn_autoencoder on GADF
2026-02-08 12:59:20.310 | INFO     | src.models.cnn_autoencoder.training:train_autoencoder:22 - Device: cuda | Model on: cuda:0
2026-02-08 12:59:36.542 | INFO     | src.pipelines.train_vision_backbones:run_pipeline:193 - Evaluating cnn_autoencoder on GADF
2026-02-08 12:59:37.328 | INFO     | src.models.evaluation:evaluate_tsb_ad_nonoverlapping:65 - Normal (8187) reconstruction error: mean=0.1739, std=0.2653
2026-02-08 12:59:37.328 | INFO     | src.models.evaluation:evaluate_tsb_ad_nonoverlapping:66 - Anomaly (1313) reconstruction error: mean=0.0338, std=0.0425
2026-02-08 12:59:37.328 | INFO     | src.models.evaluation:evaluate_tsb_ad_nonoverlapping:67 - Overlap? Normal max=1.0000, Anomaly min=0.0000
2026-02-08 13:00:24.763 | INFO     | src.models.evaluation:evaluate_tsb_ad_nonoverlapping:83 - {'AUC-PR': 0.10966630364975333, 'AUC-ROC': 0.4179908407166787, 'VUS-PR': np.float64(0.8935939918391602), 'VUS-ROC': np.float64(0.9497309987854167), 'Standard-F1': np.float64(0.2430959190608285), 'PA-F1': 0.24289549199296492, 'Event-based-F1': np.float64(0.24289216762101815), 'R-based-F1': 0.0931897661534375, 'Affiliation-F': 0.6871877446262863}
2026-02-08 13:00:24.921 | INFO     | src.pipelines.train_vision_backbones:run_pipeline:170 - Train images: 7
2026-02-08 13:00:24.921 | INFO     | src.pipelines.train_vision_backbones:run_pipeline:171 - Test images: 949
2026-02-08 13:00:25.133 | INFO     | src.pipelines.train_vision_backbones:run_pipeline:176 - Training resnet18_autoencoder_frozen on GADF
2026-02-08 13:00:25.147 | INFO     | src.models.resnet18_autoencoder.training:train_autoencoder_frozen:25 - Device: cuda | Model on: cuda:0
2026-02-08 13:00:31.681 | INFO     | src.pipelines.train_vision_backbones:run_pipeline:193 - Evaluating resnet18_autoencoder_frozen on GADF
2026-02-08 13:00:32.518 | INFO     | src.models.evaluation:evaluate_tsb_ad_nonoverlapping:65 - Normal (8187) reconstruction error: mean=0.1675, std=0.2472
2026-02-08 13:00:32.518 | INFO     | src.models.evaluation:evaluate_tsb_ad_nonoverlapping:66 - Anomaly (1313) reconstruction error: mean=0.0320, std=0.0317
2026-02-08 13:00:32.518 | INFO     | src.models.evaluation:evaluate_tsb_ad_nonoverlapping:67 - Overlap? Normal max=1.0000, Anomaly min=0.0000
2026-02-08 13:01:18.559 | INFO     | src.models.evaluation:evaluate_tsb_ad_nonoverlapping:83 - {'AUC-PR': 0.10757012260268559, 'AUC-ROC': 0.4051512107830565, 'VUS-PR': np.float64(0.8899447047955649), 'VUS-ROC': np.float64(0.948422043283994), 'Standard-F1': np.float64(0.24285368805138582), 'PA-F1': 0.24271035823382395, 'Event-based-F1': np.float64(0.2427037088311569), 'R-based-F1': 0.09183067409052811, 'Affiliation-F': 0.6873284553126461}
2026-02-08 13:01:18.735 | INFO     | src.pipelines.train_vision_backbones:run_pipeline:170 - Train images: 7
2026-02-08 13:01:18.735 | INFO     | src.pipelines.train_vision_backbones:run_pipeline:171 - Test images: 949
2026-02-08 13:01:18.948 | INFO     | src.pipelines.train_vision_backbones:run_pipeline:176 - Training resnet18_autoencoder_progressive_unfreeze on GADF
2026-02-08 13:01:18.961 | INFO     | src.models.resnet18_autoencoder.training:train_autoencoder_progressive_unfreeze:133 - Device: cuda | Model on: cuda:0
2026-02-08 13:01:27.690 | INFO     | src.pipelines.train_vision_backbones:run_pipeline:193 - Evaluating resnet18_autoencoder_progressive_unfreeze on GADF
2026-02-08 13:01:28.564 | INFO     | src.models.evaluation:evaluate_tsb_ad_nonoverlapping:65 - Normal (8187) reconstruction error: mean=0.1565, std=0.2015
2026-02-08 13:01:28.564 | INFO     | src.models.evaluation:evaluate_tsb_ad_nonoverlapping:66 - Anomaly (1313) reconstruction error: mean=0.0576, std=0.0341
2026-02-08 13:01:28.564 | INFO     | src.models.evaluation:evaluate_tsb_ad_nonoverlapping:67 - Overlap? Normal max=1.0000, Anomaly min=0.0000
2026-02-08 13:02:11.988 | INFO     | src.models.evaluation:evaluate_tsb_ad_nonoverlapping:83 - {'AUC-PR': 0.10397017424602355, 'AUC-ROC': 0.38679785192488864, 'VUS-PR': np.float64(0.8889972229430009), 'VUS-ROC': np.float64(0.9487162652850025), 'Standard-F1': np.float64(0.24285368805138582), 'PA-F1': 0.24271035823382395, 'Event-based-F1': np.float64(0.2427037088311569), 'R-based-F1': 0.08370817754392365, 'Affiliation-F': 0.6872949108252464}
2026-02-08 13:02:12.152 | INFO     | src.pipelines.train_vision_backbones:run_pipeline:170 - Train images: 7
2026-02-08 13:02:12.152 | INFO     | src.pipelines.train_vision_backbones:run_pipeline:171 - Test images: 949
2026-02-08 13:02:12.365 | INFO     | src.pipelines.train_vision_backbones:run_pipeline:176 - Training resnet18_autoencoder_differential_lr on GADF
2026-02-08 13:02:12.378 | INFO     | src.models.resnet18_autoencoder.training:train_autoencoder_differential_lr:271 - Device: cuda | Model on: cuda:0
2026-02-08 13:02:21.862 | INFO     | src.pipelines.train_vision_backbones:run_pipeline:193 - Evaluating resnet18_autoencoder_differential_lr on GADF
2026-02-08 13:02:22.536 | INFO     | src.models.evaluation:evaluate_tsb_ad_nonoverlapping:65 - Normal (8187) reconstruction error: mean=0.1599, std=0.1965
2026-02-08 13:02:22.536 | INFO     | src.models.evaluation:evaluate_tsb_ad_nonoverlapping:66 - Anomaly (1313) reconstruction error: mean=0.0613, std=0.0357
2026-02-08 13:02:22.536 | INFO     | src.models.evaluation:evaluate_tsb_ad_nonoverlapping:67 - Overlap? Normal max=1.0000, Anomaly min=0.0000
2026-02-08 13:03:05.699 | INFO     | src.models.evaluation:evaluate_tsb_ad_nonoverlapping:83 - {'AUC-PR': 0.10702091644447584, 'AUC-ROC': 0.40480887026606094, 'VUS-PR': np.float64(0.8909785164033251), 'VUS-ROC': np.float64(0.9494321513500693), 'Standard-F1': np.float64(0.24285368805138582), 'PA-F1': 0.24271035823382395, 'Event-based-F1': np.float64(0.2427037088311569), 'R-based-F1': 0.09444726284269427, 'Affiliation-F': 0.6872949108252464}
2026-02-08 13:03:05.860 | INFO     | src.pipelines.train_vision_backbones:run_pipeline:170 - Train images: 7
2026-02-08 13:03:05.860 | INFO     | src.pipelines.train_vision_backbones:run_pipeline:171 - Test images: 949
2026-02-08 13:03:06.817 | INFO     | src.pipelines.train_vision_backbones:run_pipeline:176 - Training pvt_autoencoder_frozen on GADF
2026-02-08 13:03:06.842 | INFO     | src.models.pvt_autoencoder.training:train_pvt_autoencoder_frozen:24 - Device: cuda | Model on: cuda:0
2026-02-08 13:03:11.394 | INFO     | src.pipelines.train_vision_backbones:run_pipeline:193 - Evaluating pvt_autoencoder_frozen on GADF
2026-02-08 13:03:11.966 | INFO     | src.models.evaluation:evaluate_tsb_ad_nonoverlapping:65 - Normal (8187) reconstruction error: mean=0.2073, std=0.3197
2026-02-08 13:03:11.966 | INFO     | src.models.evaluation:evaluate_tsb_ad_nonoverlapping:66 - Anomaly (1313) reconstruction error: mean=0.0252, std=0.0359
2026-02-08 13:03:11.966 | INFO     | src.models.evaluation:evaluate_tsb_ad_nonoverlapping:67 - Overlap? Normal max=1.0000, Anomaly min=0.0000
2026-02-08 13:04:02.911 | INFO     | src.models.evaluation:evaluate_tsb_ad_nonoverlapping:83 - {'AUC-PR': 0.1091339447625963, 'AUC-ROC': 0.4145572025421388, 'VUS-PR': np.float64(0.8895979317809944), 'VUS-ROC': np.float64(0.9491574556610233), 'Standard-F1': np.float64(0.24285368805138582), 'PA-F1': 0.24268789337282487, 'Event-based-F1': np.float64(0.2425410701171021), 'R-based-F1': 0.0866276265960919, 'Affiliation-F': 0.6869007638446611}
2026-02-08 13:04:03.102 | INFO     | src.pipelines.train_vision_backbones:run_pipeline:170 - Train images: 7
2026-02-08 13:04:03.102 | INFO     | src.pipelines.train_vision_backbones:run_pipeline:171 - Test images: 949
2026-02-08 13:04:04.047 | INFO     | src.pipelines.train_vision_backbones:run_pipeline:176 - Training pvt_autoencoder_progressive_unfreeze on GADF
2026-02-08 13:04:04.070 | INFO     | src.models.pvt_autoencoder.training:train_pvt_autoencoder_progressive_unfreeze:132 - Device: cuda | Model on: cuda:0
2026-02-08 13:04:08.290 | INFO     | src.pipelines.train_vision_backbones:run_pipeline:193 - Evaluating pvt_autoencoder_progressive_unfreeze on GADF
2026-02-08 13:04:08.847 | INFO     | src.models.evaluation:evaluate_tsb_ad_nonoverlapping:65 - Normal (8187) reconstruction error: mean=0.2115, std=0.3256
2026-02-08 13:04:08.847 | INFO     | src.models.evaluation:evaluate_tsb_ad_nonoverlapping:66 - Anomaly (1313) reconstruction error: mean=0.0260, std=0.0367
2026-02-08 13:04:08.847 | INFO     | src.models.evaluation:evaluate_tsb_ad_nonoverlapping:67 - Overlap? Normal max=1.0000, Anomaly min=0.0001
2026-02-08 13:05:00.361 | INFO     | src.models.evaluation:evaluate_tsb_ad_nonoverlapping:83 - {'AUC-PR': 0.10972112765456557, 'AUC-ROC': 0.4182196879101051, 'VUS-PR': np.float64(0.8898673495891786), 'VUS-ROC': np.float64(0.9492239536097262), 'Standard-F1': np.float64(0.2432385899575609), 'PA-F1': 0.2430806257521059, 'Event-based-F1': np.float64(0.24308062575210565), 'R-based-F1': 0.0869432802576352, 'Affiliation-F': 0.6879359841147857}
2026-02-08 13:05:00.524 | INFO     | src.pipelines.train_vision_backbones:run_pipeline:170 - Train images: 7
2026-02-08 13:05:00.524 | INFO     | src.pipelines.train_vision_backbones:run_pipeline:171 - Test images: 949
2026-02-08 13:05:01.475 | INFO     | src.pipelines.train_vision_backbones:run_pipeline:176 - Training pvt_autoencoder_differential_lr on GADF
2026-02-08 13:05:01.503 | INFO     | src.models.pvt_autoencoder.training:train_pvt_autoencoder_differential_lr:267 - Device: cuda | Model on: cuda:0
2026-02-08 13:05:11.451 | INFO     | src.pipelines.train_vision_backbones:run_pipeline:193 - Evaluating pvt_autoencoder_differential_lr on GADF
2026-02-08 13:05:12.019 | INFO     | src.models.evaluation:evaluate_tsb_ad_nonoverlapping:65 - Normal (8187) reconstruction error: mean=0.1569, std=0.2061
2026-02-08 13:05:12.019 | INFO     | src.models.evaluation:evaluate_tsb_ad_nonoverlapping:66 - Anomaly (1313) reconstruction error: mean=0.0590, std=0.0534
2026-02-08 13:05:12.019 | INFO     | src.models.evaluation:evaluate_tsb_ad_nonoverlapping:67 - Overlap? Normal max=1.0000, Anomaly min=0.0000
2026-02-08 13:05:56.839 | INFO     | src.models.evaluation:evaluate_tsb_ad_nonoverlapping:83 - {'AUC-PR': 0.10892459527225588, 'AUC-ROC': 0.41374786490685034, 'VUS-PR': np.float64(0.8880572140246206), 'VUS-ROC': np.float64(0.9489150470985348), 'Standard-F1': np.float64(0.24285368805138582), 'PA-F1': 0.24252522447468297, 'Event-based-F1': np.float64(0.24251524938081692), 'R-based-F1': 0.08470073874979163, 'Affiliation-F': 0.6868265656439176}
2026-02-08 13:05:57.617 | INFO     | src.pipelines.train_vision_backbones:run_pipeline:70 - Using zip: /net/scratch/hscra/plgrid/plgsmendowski12/ts2i_images/TAO/258_TAO_id_2_Environment_tr_500_1st_4_ts2i_MTF.zip for transformation MTF
2026-02-08 13:05:58.742 | INFO     | src.pipelines.train_vision_backbones:run_pipeline:170 - Train images: 7
2026-02-08 13:05:58.742 | INFO     | src.pipelines.train_vision_backbones:run_pipeline:171 - Test images: 949
2026-02-08 13:05:58.749 | INFO     | src.pipelines.train_vision_backbones:run_pipeline:176 - Training cnn_autoencoder on MTF
2026-02-08 13:05:58.754 | INFO     | src.models.cnn_autoencoder.training:train_autoencoder:22 - Device: cuda | Model on: cuda:0
2026-02-08 13:06:19.860 | INFO     | src.pipelines.train_vision_backbones:run_pipeline:193 - Evaluating cnn_autoencoder on MTF
2026-02-08 13:06:20.666 | INFO     | src.models.evaluation:evaluate_tsb_ad_nonoverlapping:65 - Normal (8187) reconstruction error: mean=0.0413, std=0.0427
2026-02-08 13:06:20.666 | INFO     | src.models.evaluation:evaluate_tsb_ad_nonoverlapping:66 - Anomaly (1313) reconstruction error: mean=0.0424, std=0.0227
2026-02-08 13:06:20.666 | INFO     | src.models.evaluation:evaluate_tsb_ad_nonoverlapping:67 - Overlap? Normal max=1.0000, Anomaly min=0.0000
2026-02-08 13:06:52.525 | INFO     | src.models.evaluation:evaluate_tsb_ad_nonoverlapping:83 - {'AUC-PR': 0.15808319497228485, 'AUC-ROC': 0.5463150438842401, 'VUS-PR': np.float64(0.9411769437644711), 'VUS-ROC': np.float64(0.9689794896277079), 'Standard-F1': np.float64(0.25033890169669687), 'PA-F1': 0.2488468074775431, 'Event-based-F1': np.float64(0.24818136293149518), 'R-based-F1': 0.1280520175522657, 'Affiliation-F': 0.6876734241987813}
2026-02-08 13:06:52.681 | INFO     | src.pipelines.train_vision_backbones:run_pipeline:170 - Train images: 7
2026-02-08 13:06:52.681 | INFO     | src.pipelines.train_vision_backbones:run_pipeline:171 - Test images: 949
2026-02-08 13:06:52.895 | INFO     | src.pipelines.train_vision_backbones:run_pipeline:176 - Training resnet18_autoencoder_frozen on MTF
2026-02-08 13:06:52.909 | INFO     | src.models.resnet18_autoencoder.training:train_autoencoder_frozen:25 - Device: cuda | Model on: cuda:0
2026-02-08 13:07:19.698 | INFO     | src.pipelines.train_vision_backbones:run_pipeline:193 - Evaluating resnet18_autoencoder_frozen on MTF
2026-02-08 13:07:20.568 | INFO     | src.models.evaluation:evaluate_tsb_ad_nonoverlapping:65 - Normal (8187) reconstruction error: mean=0.0600, std=0.0468
2026-02-08 13:07:20.569 | INFO     | src.models.evaluation:evaluate_tsb_ad_nonoverlapping:66 - Anomaly (1313) reconstruction error: mean=0.0637, std=0.0310
2026-02-08 13:07:20.569 | INFO     | src.models.evaluation:evaluate_tsb_ad_nonoverlapping:67 - Overlap? Normal max=1.0000, Anomaly min=0.0000
2026-02-08 13:07:53.389 | INFO     | src.models.evaluation:evaluate_tsb_ad_nonoverlapping:83 - {'AUC-PR': 0.16336349632317682, 'AUC-ROC': 0.5557610373885149, 'VUS-PR': np.float64(0.9441915764783244), 'VUS-ROC': np.float64(0.9695390999013944), 'Standard-F1': np.float64(0.2510445015035563), 'PA-F1': 0.24943362029904848, 'Event-based-F1': np.float64(0.24863958118877538), 'R-based-F1': 0.13258160156416898, 'Affiliation-F': 0.6887775426831637}
2026-02-08 13:07:53.545 | INFO     | src.pipelines.train_vision_backbones:run_pipeline:170 - Train images: 7
2026-02-08 13:07:53.546 | INFO     | src.pipelines.train_vision_backbones:run_pipeline:171 - Test images: 949
2026-02-08 13:07:53.756 | INFO     | src.pipelines.train_vision_backbones:run_pipeline:176 - Training resnet18_autoencoder_progressive_unfreeze on MTF
2026-02-08 13:07:53.770 | INFO     | src.models.resnet18_autoencoder.training:train_autoencoder_progressive_unfreeze:133 - Device: cuda | Model on: cuda:0
2026-02-08 13:08:17.964 | INFO     | src.pipelines.train_vision_backbones:run_pipeline:193 - Evaluating resnet18_autoencoder_progressive_unfreeze on MTF
2026-02-08 13:08:18.783 | INFO     | src.models.evaluation:evaluate_tsb_ad_nonoverlapping:65 - Normal (8187) reconstruction error: mean=0.0551, std=0.0479
2026-02-08 13:08:18.783 | INFO     | src.models.evaluation:evaluate_tsb_ad_nonoverlapping:66 - Anomaly (1313) reconstruction error: mean=0.0564, std=0.0322
2026-02-08 13:08:18.784 | INFO     | src.models.evaluation:evaluate_tsb_ad_nonoverlapping:67 - Overlap? Normal max=1.0000, Anomaly min=0.0000
2026-02-08 13:08:51.356 | INFO     | src.models.evaluation:evaluate_tsb_ad_nonoverlapping:83 - {'AUC-PR': 0.1519197762794608, 'AUC-ROC': 0.5311646154608978, 'VUS-PR': np.float64(0.9383580823804554), 'VUS-ROC': np.float64(0.9665332397948033), 'Standard-F1': np.float64(0.24450185715431402), 'PA-F1': 0.24294889695615748, 'Event-based-F1': np.float64(0.24297421684420956), 'R-based-F1': 0.1266238948069795, 'Affiliation-F': 0.6876734241987813}
2026-02-08 13:08:51.515 | INFO     | src.pipelines.train_vision_backbones:run_pipeline:170 - Train images: 7
2026-02-08 13:08:51.515 | INFO     | src.pipelines.train_vision_backbones:run_pipeline:171 - Test images: 949
2026-02-08 13:08:51.729 | INFO     | src.pipelines.train_vision_backbones:run_pipeline:176 - Training resnet18_autoencoder_differential_lr on MTF
2026-02-08 13:08:51.744 | INFO     | src.models.resnet18_autoencoder.training:train_autoencoder_differential_lr:271 - Device: cuda | Model on: cuda:0
2026-02-08 13:09:19.558 | INFO     | src.pipelines.train_vision_backbones:run_pipeline:193 - Evaluating resnet18_autoencoder_differential_lr on MTF
2026-02-08 13:09:20.383 | INFO     | src.models.evaluation:evaluate_tsb_ad_nonoverlapping:65 - Normal (8187) reconstruction error: mean=0.1259, std=0.0467
2026-02-08 13:09:20.384 | INFO     | src.models.evaluation:evaluate_tsb_ad_nonoverlapping:66 - Anomaly (1313) reconstruction error: mean=0.1250, std=0.0308
2026-02-08 13:09:20.384 | INFO     | src.models.evaluation:evaluate_tsb_ad_nonoverlapping:67 - Overlap? Normal max=1.0000, Anomaly min=0.0000
2026-02-08 13:09:53.926 | INFO     | src.models.evaluation:evaluate_tsb_ad_nonoverlapping:83 - {'AUC-PR': 0.13532158978910666, 'AUC-ROC': 0.5000534907057805, 'VUS-PR': np.float64(0.9347484063113809), 'VUS-ROC': np.float64(0.966121752778626), 'Standard-F1': np.float64(0.24564592952003353), 'PA-F1': 0.2444794952681388, 'Event-based-F1': np.float64(0.24443705128410434), 'R-based-F1': 0.1164798371840287, 'Affiliation-F': 0.6878215512496584}
2026-02-08 13:09:54.084 | INFO     | src.pipelines.train_vision_backbones:run_pipeline:170 - Train images: 7
2026-02-08 13:09:54.084 | INFO     | src.pipelines.train_vision_backbones:run_pipeline:171 - Test images: 949
2026-02-08 13:09:55.031 | INFO     | src.pipelines.train_vision_backbones:run_pipeline:176 - Training pvt_autoencoder_frozen on MTF
2026-02-08 13:09:55.055 | INFO     | src.models.pvt_autoencoder.training:train_pvt_autoencoder_frozen:24 - Device: cuda | Model on: cuda:0
2026-02-08 13:10:23.159 | INFO     | src.pipelines.train_vision_backbones:run_pipeline:193 - Evaluating pvt_autoencoder_frozen on MTF
2026-02-08 13:10:24.086 | INFO     | src.models.evaluation:evaluate_tsb_ad_nonoverlapping:65 - Normal (8187) reconstruction error: mean=0.0608, std=0.0465
2026-02-08 13:10:24.086 | INFO     | src.models.evaluation:evaluate_tsb_ad_nonoverlapping:66 - Anomaly (1313) reconstruction error: mean=0.0641, std=0.0303
2026-02-08 13:10:24.086 | INFO     | src.models.evaluation:evaluate_tsb_ad_nonoverlapping:67 - Overlap? Normal max=1.0000, Anomaly min=0.0000
2026-02-08 13:10:56.753 | INFO     | src.models.evaluation:evaluate_tsb_ad_nonoverlapping:83 - {'AUC-PR': 0.16244958026724923, 'AUC-ROC': 0.5522715828253345, 'VUS-PR': np.float64(0.9421674019163057), 'VUS-ROC': np.float64(0.9689326306448311), 'Standard-F1': np.float64(0.25176466386052604), 'PA-F1': 0.25298196948682383, 'Event-based-F1': np.float64(0.2509031606190059), 'R-based-F1': 0.12867260564369717, 'Affiliation-F': 0.6878215512496584}
2026-02-08 13:10:56.909 | INFO     | src.pipelines.train_vision_backbones:run_pipeline:170 - Train images: 7
2026-02-08 13:10:56.909 | INFO     | src.pipelines.train_vision_backbones:run_pipeline:171 - Test images: 949
2026-02-08 13:10:57.866 | INFO     | src.pipelines.train_vision_backbones:run_pipeline:176 - Training pvt_autoencoder_progressive_unfreeze on MTF
2026-02-08 13:10:57.891 | INFO     | src.models.pvt_autoencoder.training:train_pvt_autoencoder_progressive_unfreeze:132 - Device: cuda | Model on: cuda:0
2026-02-08 13:11:39.055 | INFO     | src.pipelines.train_vision_backbones:run_pipeline:193 - Evaluating pvt_autoencoder_progressive_unfreeze on MTF
2026-02-08 13:11:39.985 | INFO     | src.models.evaluation:evaluate_tsb_ad_nonoverlapping:65 - Normal (8187) reconstruction error: mean=0.0583, std=0.0469
2026-02-08 13:11:39.985 | INFO     | src.models.evaluation:evaluate_tsb_ad_nonoverlapping:66 - Anomaly (1313) reconstruction error: mean=0.0620, std=0.0320
2026-02-08 13:11:39.985 | INFO     | src.models.evaluation:evaluate_tsb_ad_nonoverlapping:67 - Overlap? Normal max=1.0000, Anomaly min=0.0000
2026-02-08 13:12:12.641 | INFO     | src.models.evaluation:evaluate_tsb_ad_nonoverlapping:83 - {'AUC-PR': 0.16526899936165967, 'AUC-ROC': 0.5535014039217153, 'VUS-PR': np.float64(0.9438358552544254), 'VUS-ROC': np.float64(0.9693914570039568), 'Standard-F1': np.float64(0.24787860003770892), 'PA-F1': 0.24826772814388914, 'Event-based-F1': np.float64(0.24632390679002245), 'R-based-F1': 0.13123976071429916, 'Affiliation-F': 0.6878215512496584}
2026-02-08 13:12:12.799 | INFO     | src.pipelines.train_vision_backbones:run_pipeline:170 - Train images: 7
2026-02-08 13:12:12.799 | INFO     | src.pipelines.train_vision_backbones:run_pipeline:171 - Test images: 949
2026-02-08 13:12:13.740 | INFO     | src.pipelines.train_vision_backbones:run_pipeline:176 - Training pvt_autoencoder_differential_lr on MTF
2026-02-08 13:12:13.765 | INFO     | src.models.pvt_autoencoder.training:train_pvt_autoencoder_differential_lr:267 - Device: cuda | Model on: cuda:0
2026-02-08 13:12:42.766 | INFO     | src.pipelines.train_vision_backbones:run_pipeline:193 - Evaluating pvt_autoencoder_differential_lr on MTF
2026-02-08 13:12:43.702 | INFO     | src.models.evaluation:evaluate_tsb_ad_nonoverlapping:65 - Normal (8187) reconstruction error: mean=0.0555, std=0.0458
2026-02-08 13:12:43.702 | INFO     | src.models.evaluation:evaluate_tsb_ad_nonoverlapping:66 - Anomaly (1313) reconstruction error: mean=0.0586, std=0.0299
2026-02-08 13:12:43.703 | INFO     | src.models.evaluation:evaluate_tsb_ad_nonoverlapping:67 - Overlap? Normal max=1.0000, Anomaly min=0.0000
2026-02-08 13:13:16.337 | INFO     | src.models.evaluation:evaluate_tsb_ad_nonoverlapping:83 - {'AUC-PR': 0.16243385944678276, 'AUC-ROC': 0.5508064026235191, 'VUS-PR': np.float64(0.9451217989316478), 'VUS-ROC': np.float64(0.9697251927667406), 'Standard-F1': np.float64(0.2488577309294962), 'PA-F1': 0.24718637067630356, 'Event-based-F1': np.float64(0.24688248676090574), 'R-based-F1': 0.1314199140064236, 'Affiliation-F': 0.6876734241987813}
2026-02-08 13:13:16.718 | INFO     | src.pipelines.train_vision_backbones:run_pipeline:70 - Using zip: /net/scratch/hscra/plgrid/plgsmendowski12/ts2i_images/TAO/258_TAO_id_2_Environment_tr_500_1st_4_ts2i_RP.zip for transformation RP
2026-02-08 13:13:18.120 | INFO     | src.pipelines.train_vision_backbones:run_pipeline:170 - Train images: 7
2026-02-08 13:13:18.120 | INFO     | src.pipelines.train_vision_backbones:run_pipeline:171 - Test images: 949
2026-02-08 13:13:18.127 | INFO     | src.pipelines.train_vision_backbones:run_pipeline:176 - Training cnn_autoencoder on RP
2026-02-08 13:13:18.131 | INFO     | src.models.cnn_autoencoder.training:train_autoencoder:22 - Device: cuda | Model on: cuda:0
2026-02-08 13:13:38.140 | INFO     | src.pipelines.train_vision_backbones:run_pipeline:193 - Evaluating cnn_autoencoder on RP
2026-02-08 13:13:39.369 | INFO     | src.models.evaluation:evaluate_tsb_ad_nonoverlapping:65 - Normal (8187) reconstruction error: mean=0.3679, std=0.4822
2026-02-08 13:13:39.370 | INFO     | src.models.evaluation:evaluate_tsb_ad_nonoverlapping:66 - Anomaly (1313) reconstruction error: mean=0.2117, std=0.4085
2026-02-08 13:13:39.370 | INFO     | src.models.evaluation:evaluate_tsb_ad_nonoverlapping:67 - Overlap? Normal max=1.0000, Anomaly min=0.0000
2026-02-08 13:14:45.831 | INFO     | src.models.evaluation:evaluate_tsb_ad_nonoverlapping:83 - {'AUC-PR': 0.12683813575357264, 'AUC-ROC': 0.4219142677015397, 'VUS-PR': np.float64(0.9267341159344443), 'VUS-ROC': np.float64(0.9563071179284031), 'Standard-F1': np.float64(0.24285368805138582), 'PA-F1': 0.12364425162689804, 'Event-based-F1': np.float64(0.12407581686672833), 'R-based-F1': 0.08880390605956583, 'Affiliation-F': 0.37678430892072123}
2026-02-08 13:14:45.986 | INFO     | src.pipelines.train_vision_backbones:run_pipeline:170 - Train images: 7
2026-02-08 13:14:45.987 | INFO     | src.pipelines.train_vision_backbones:run_pipeline:171 - Test images: 949
2026-02-08 13:14:46.196 | INFO     | src.pipelines.train_vision_backbones:run_pipeline:176 - Training resnet18_autoencoder_frozen on RP
2026-02-08 13:14:46.209 | INFO     | src.models.resnet18_autoencoder.training:train_autoencoder_frozen:25 - Device: cuda | Model on: cuda:0
2026-02-08 13:15:10.811 | INFO     | src.pipelines.train_vision_backbones:run_pipeline:193 - Evaluating resnet18_autoencoder_frozen on RP
2026-02-08 13:15:11.618 | INFO     | src.models.evaluation:evaluate_tsb_ad_nonoverlapping:65 - Normal (8187) reconstruction error: mean=0.3679, std=0.4822
2026-02-08 13:15:11.618 | INFO     | src.models.evaluation:evaluate_tsb_ad_nonoverlapping:66 - Anomaly (1313) reconstruction error: mean=0.2118, std=0.4085
2026-02-08 13:15:11.618 | INFO     | src.models.evaluation:evaluate_tsb_ad_nonoverlapping:67 - Overlap? Normal max=1.0000, Anomaly min=0.0000
2026-02-08 13:16:18.267 | INFO     | src.models.evaluation:evaluate_tsb_ad_nonoverlapping:83 - {'AUC-PR': 0.123841621330067, 'AUC-ROC': 0.4254544221510687, 'VUS-PR': np.float64(0.9253031147681535), 'VUS-ROC': np.float64(0.9568818918486933), 'Standard-F1': np.float64(0.24285368805138582), 'PA-F1': 0.1459210262577671, 'Event-based-F1': np.float64(0.14634515394123948), 'R-based-F1': 0.09387527751059699, 'Affiliation-F': 0.41496072529489647}
2026-02-08 13:16:18.423 | INFO     | src.pipelines.train_vision_backbones:run_pipeline:170 - Train images: 7
2026-02-08 13:16:18.423 | INFO     | src.pipelines.train_vision_backbones:run_pipeline:171 - Test images: 949
2026-02-08 13:16:18.632 | INFO     | src.pipelines.train_vision_backbones:run_pipeline:176 - Training resnet18_autoencoder_progressive_unfreeze on RP
2026-02-08 13:16:18.646 | INFO     | src.models.resnet18_autoencoder.training:train_autoencoder_progressive_unfreeze:133 - Device: cuda | Model on: cuda:0
2026-02-08 13:16:36.598 | INFO     | src.pipelines.train_vision_backbones:run_pipeline:193 - Evaluating resnet18_autoencoder_progressive_unfreeze on RP
2026-02-08 13:16:37.691 | INFO     | src.models.evaluation:evaluate_tsb_ad_nonoverlapping:65 - Normal (8187) reconstruction error: mean=0.3677, std=0.4820
2026-02-08 13:16:37.692 | INFO     | src.models.evaluation:evaluate_tsb_ad_nonoverlapping:66 - Anomaly (1313) reconstruction error: mean=0.2116, std=0.4083
2026-02-08 13:16:37.692 | INFO     | src.models.evaluation:evaluate_tsb_ad_nonoverlapping:67 - Overlap? Normal max=1.0000, Anomaly min=0.0000
2026-02-08 13:17:43.823 | INFO     | src.models.evaluation:evaluate_tsb_ad_nonoverlapping:83 - {'AUC-PR': 0.1255342257196198, 'AUC-ROC': 0.4183741132520107, 'VUS-PR': np.float64(0.9263722490716721), 'VUS-ROC': np.float64(0.9559964891676812), 'Standard-F1': np.float64(0.24285368805138582), 'PA-F1': 0.23653440674717272, 'Event-based-F1': np.float64(0.23641246821895695), 'R-based-F1': 0.08880390605956583, 'Affiliation-F': 0.6715730354585623}
2026-02-08 13:17:43.980 | INFO     | src.pipelines.train_vision_backbones:run_pipeline:170 - Train images: 7
2026-02-08 13:17:43.980 | INFO     | src.pipelines.train_vision_backbones:run_pipeline:171 - Test images: 949
2026-02-08 13:17:44.189 | INFO     | src.pipelines.train_vision_backbones:run_pipeline:176 - Training resnet18_autoencoder_differential_lr on RP
2026-02-08 13:17:44.202 | INFO     | src.models.resnet18_autoencoder.training:train_autoencoder_differential_lr:271 - Device: cuda | Model on: cuda:0
2026-02-08 13:18:11.946 | INFO     | src.pipelines.train_vision_backbones:run_pipeline:193 - Evaluating resnet18_autoencoder_differential_lr on RP
2026-02-08 13:18:13.032 | INFO     | src.models.evaluation:evaluate_tsb_ad_nonoverlapping:65 - Normal (8187) reconstruction error: mean=0.6325, std=0.4816
2026-02-08 13:18:13.032 | INFO     | src.models.evaluation:evaluate_tsb_ad_nonoverlapping:66 - Anomaly (1313) reconstruction error: mean=0.7885, std=0.4080
2026-02-08 13:18:13.032 | INFO     | src.models.evaluation:evaluate_tsb_ad_nonoverlapping:67 - Overlap? Normal max=1.0000, Anomaly min=0.0000
2026-02-08 13:19:32.063 | INFO     | src.models.evaluation:evaluate_tsb_ad_nonoverlapping:83 - {'AUC-PR': 0.16330839318749688, 'AUC-ROC': 0.5816258867479893, 'VUS-PR': np.float64(0.9428832823896218), 'VUS-ROC': np.float64(0.9658141676250698), 'Standard-F1': np.float64(0.2751533063169651), 'PA-F1': 0.2763018065887354, 'Event-based-F1': np.float64(0.2740832815413297), 'R-based-F1': 0.10841038456367363, 'Affiliation-F': 0.6839212349185723}
2026-02-08 13:19:32.223 | INFO     | src.pipelines.train_vision_backbones:run_pipeline:170 - Train images: 7
2026-02-08 13:19:32.223 | INFO     | src.pipelines.train_vision_backbones:run_pipeline:171 - Test images: 949
2026-02-08 13:19:33.195 | INFO     | src.pipelines.train_vision_backbones:run_pipeline:176 - Training pvt_autoencoder_frozen on RP
2026-02-08 13:19:33.228 | INFO     | src.models.pvt_autoencoder.training:train_pvt_autoencoder_frozen:24 - Device: cuda | Model on: cuda:0
2026-02-08 13:20:02.351 | INFO     | src.pipelines.train_vision_backbones:run_pipeline:193 - Evaluating pvt_autoencoder_frozen on RP
2026-02-08 13:20:03.363 | INFO     | src.models.evaluation:evaluate_tsb_ad_nonoverlapping:65 - Normal (8187) reconstruction error: mean=0.6319, std=0.4821
2026-02-08 13:20:03.364 | INFO     | src.models.evaluation:evaluate_tsb_ad_nonoverlapping:66 - Anomaly (1313) reconstruction error: mean=0.7880, std=0.4084
2026-02-08 13:20:03.364 | INFO     | src.models.evaluation:evaluate_tsb_ad_nonoverlapping:67 - Overlap? Normal max=1.0000, Anomaly min=0.0000
2026-02-08 13:21:22.701 | INFO     | src.models.evaluation:evaluate_tsb_ad_nonoverlapping:83 - {'AUC-PR': 0.1637590781765519, 'AUC-ROC': 0.5841739048894319, 'VUS-PR': np.float64(0.9429956157726838), 'VUS-ROC': np.float64(0.9660604301830691), 'Standard-F1': np.float64(0.2752480429848371), 'PA-F1': 0.2763018065887354, 'Event-based-F1': np.float64(0.27431004333612075), 'R-based-F1': 0.10841038456367363, 'Affiliation-F': 0.6629474111720248}
2026-02-08 13:21:22.856 | INFO     | src.pipelines.train_vision_backbones:run_pipeline:170 - Train images: 7
2026-02-08 13:21:22.856 | INFO     | src.pipelines.train_vision_backbones:run_pipeline:171 - Test images: 949
2026-02-08 13:21:23.827 | INFO     | src.pipelines.train_vision_backbones:run_pipeline:176 - Training pvt_autoencoder_progressive_unfreeze on RP
2026-02-08 13:21:23.850 | INFO     | src.models.pvt_autoencoder.training:train_pvt_autoencoder_progressive_unfreeze:132 - Device: cuda | Model on: cuda:0
2026-02-08 13:22:07.333 | INFO     | src.pipelines.train_vision_backbones:run_pipeline:193 - Evaluating pvt_autoencoder_progressive_unfreeze on RP
2026-02-08 13:22:08.406 | INFO     | src.models.evaluation:evaluate_tsb_ad_nonoverlapping:65 - Normal (8187) reconstruction error: mean=0.6321, std=0.4822
2026-02-08 13:22:08.406 | INFO     | src.models.evaluation:evaluate_tsb_ad_nonoverlapping:66 - Anomaly (1313) reconstruction error: mean=0.7883, std=0.4085
2026-02-08 13:22:08.406 | INFO     | src.models.evaluation:evaluate_tsb_ad_nonoverlapping:67 - Overlap? Normal max=1.0000, Anomaly min=0.0000
2026-02-08 13:23:28.002 | INFO     | src.models.evaluation:evaluate_tsb_ad_nonoverlapping:83 - {'AUC-PR': 0.1637590781765519, 'AUC-ROC': 0.5841739048894319, 'VUS-PR': np.float64(0.9429956157726838), 'VUS-ROC': np.float64(0.9660604301830691), 'Standard-F1': np.float64(0.2752480429848371), 'PA-F1': 0.2763018065887354, 'Event-based-F1': np.float64(0.27431004333612075), 'R-based-F1': 0.10841038456367363, 'Affiliation-F': 0.6629474111720248}
2026-02-08 13:23:28.169 | INFO     | src.pipelines.train_vision_backbones:run_pipeline:170 - Train images: 7
2026-02-08 13:23:28.169 | INFO     | src.pipelines.train_vision_backbones:run_pipeline:171 - Test images: 949
2026-02-08 13:23:29.146 | INFO     | src.pipelines.train_vision_backbones:run_pipeline:176 - Training pvt_autoencoder_differential_lr on RP
2026-02-08 13:23:29.172 | INFO     | src.models.pvt_autoencoder.training:train_pvt_autoencoder_differential_lr:267 - Device: cuda | Model on: cuda:0
2026-02-08 13:23:59.901 | INFO     | src.pipelines.train_vision_backbones:run_pipeline:193 - Evaluating pvt_autoencoder_differential_lr on RP
2026-02-08 13:24:00.821 | INFO     | src.models.evaluation:evaluate_tsb_ad_nonoverlapping:65 - Normal (8187) reconstruction error: mean=0.3679, std=0.4822
2026-02-08 13:24:00.821 | INFO     | src.models.evaluation:evaluate_tsb_ad_nonoverlapping:66 - Anomaly (1313) reconstruction error: mean=0.2117, std=0.4085
2026-02-08 13:24:00.821 | INFO     | src.models.evaluation:evaluate_tsb_ad_nonoverlapping:67 - Overlap? Normal max=1.0000, Anomaly min=0.0000
2026-02-08 13:25:06.782 | INFO     | src.models.evaluation:evaluate_tsb_ad_nonoverlapping:83 - {'AUC-PR': 0.1255342257196198, 'AUC-ROC': 0.4183741132520107, 'VUS-PR': np.float64(0.9263722490716721), 'VUS-ROC': np.float64(0.9559964891676812), 'Standard-F1': np.float64(0.24285368805138582), 'PA-F1': 0.23653440674717272, 'Event-based-F1': np.float64(0.23641246821895695), 'R-based-F1': 0.08880390605956583, 'Affiliation-F': 0.6715730354585623}
2026-02-08 13:25:07.161 | INFO     | src.pipelines.train_vision_backbones:run_pipeline:70 - Using zip: /net/scratch/hscra/plgrid/plgsmendowski12/ts2i_images/TAO/258_TAO_id_2_Environment_tr_500_1st_4_ts2i_RWT.zip for transformation RWT
2026-02-08 13:25:08.501 | INFO     | src.pipelines.train_vision_backbones:run_pipeline:170 - Train images: 7
2026-02-08 13:25:08.501 | INFO     | src.pipelines.train_vision_backbones:run_pipeline:171 - Test images: 949
2026-02-08 13:25:08.507 | INFO     | src.pipelines.train_vision_backbones:run_pipeline:176 - Training cnn_autoencoder on RWT
2026-02-08 13:25:08.512 | INFO     | src.models.cnn_autoencoder.training:train_autoencoder:22 - Device: cuda | Model on: cuda:0
2026-02-08 13:25:28.583 | INFO     | src.pipelines.train_vision_backbones:run_pipeline:193 - Evaluating cnn_autoencoder on RWT
2026-02-08 13:25:29.349 | INFO     | src.models.evaluation:evaluate_tsb_ad_nonoverlapping:65 - Normal (8187) reconstruction error: mean=0.2099, std=0.1998
2026-02-08 13:25:29.349 | INFO     | src.models.evaluation:evaluate_tsb_ad_nonoverlapping:66 - Anomaly (1313) reconstruction error: mean=0.2010, std=0.1586
2026-02-08 13:25:29.349 | INFO     | src.models.evaluation:evaluate_tsb_ad_nonoverlapping:67 - Overlap? Normal max=1.0000, Anomaly min=0.0025
2026-02-08 13:26:17.577 | INFO     | src.models.evaluation:evaluate_tsb_ad_nonoverlapping:83 - {'AUC-PR': 0.13193801082257697, 'AUC-ROC': 0.5219302590968853, 'VUS-PR': np.float64(0.9362889302955671), 'VUS-ROC': np.float64(0.9703970541068447), 'Standard-F1': np.float64(0.299096964591344), 'PA-F1': 0.29875896618467496, 'Event-based-F1': np.float64(0.2987539368419876), 'R-based-F1': 0.1355696900281762, 'Affiliation-F': 0.7353887005634874}
2026-02-08 13:26:17.958 | INFO     | src.pipelines.train_vision_backbones:run_pipeline:170 - Train images: 7
2026-02-08 13:26:17.958 | INFO     | src.pipelines.train_vision_backbones:run_pipeline:171 - Test images: 949
2026-02-08 13:26:18.171 | INFO     | src.pipelines.train_vision_backbones:run_pipeline:176 - Training resnet18_autoencoder_frozen on RWT
2026-02-08 13:26:18.184 | INFO     | src.models.resnet18_autoencoder.training:train_autoencoder_frozen:25 - Device: cuda | Model on: cuda:0
2026-02-08 13:26:26.967 | INFO     | src.pipelines.train_vision_backbones:run_pipeline:193 - Evaluating resnet18_autoencoder_frozen on RWT
2026-02-08 13:26:28.054 | INFO     | src.models.evaluation:evaluate_tsb_ad_nonoverlapping:65 - Normal (8187) reconstruction error: mean=0.3203, std=0.1986
2026-02-08 13:26:28.054 | INFO     | src.models.evaluation:evaluate_tsb_ad_nonoverlapping:66 - Anomaly (1313) reconstruction error: mean=0.3677, std=0.1399
2026-02-08 13:26:28.054 | INFO     | src.models.evaluation:evaluate_tsb_ad_nonoverlapping:67 - Overlap? Normal max=1.0000, Anomaly min=0.0715
2026-02-08 13:27:20.200 | INFO     | src.models.evaluation:evaluate_tsb_ad_nonoverlapping:83 - {'AUC-PR': 0.14573592752578746, 'AUC-ROC': 0.5594314300782053, 'VUS-PR': np.float64(0.941917228285569), 'VUS-ROC': np.float64(0.9726088034084117), 'Standard-F1': np.float64(0.29536185516142544), 'PA-F1': 0.2950596252129472, 'Event-based-F1': np.float64(0.2947238308076924), 'R-based-F1': 0.14152623982312396, 'Affiliation-F': 0.7305811955464888}
2026-02-08 13:27:20.355 | INFO     | src.pipelines.train_vision_backbones:run_pipeline:170 - Train images: 7
2026-02-08 13:27:20.355 | INFO     | src.pipelines.train_vision_backbones:run_pipeline:171 - Test images: 949
2026-02-08 13:27:20.569 | INFO     | src.pipelines.train_vision_backbones:run_pipeline:176 - Training resnet18_autoencoder_progressive_unfreeze on RWT
2026-02-08 13:27:20.582 | INFO     | src.models.resnet18_autoencoder.training:train_autoencoder_progressive_unfreeze:133 - Device: cuda | Model on: cuda:0
2026-02-08 13:27:39.506 | INFO     | src.pipelines.train_vision_backbones:run_pipeline:193 - Evaluating resnet18_autoencoder_progressive_unfreeze on RWT
2026-02-08 13:27:40.350 | INFO     | src.models.evaluation:evaluate_tsb_ad_nonoverlapping:65 - Normal (8187) reconstruction error: mean=0.2158, std=0.1792
2026-02-08 13:27:40.351 | INFO     | src.models.evaluation:evaluate_tsb_ad_nonoverlapping:66 - Anomaly (1313) reconstruction error: mean=0.2219, std=0.1358
2026-02-08 13:27:40.351 | INFO     | src.models.evaluation:evaluate_tsb_ad_nonoverlapping:67 - Overlap? Normal max=1.0000, Anomaly min=0.0089
2026-02-08 13:28:27.524 | INFO     | src.models.evaluation:evaluate_tsb_ad_nonoverlapping:83 - {'AUC-PR': 0.13433574582124996, 'AUC-ROC': 0.5311808952409179, 'VUS-PR': np.float64(0.9364245384560589), 'VUS-ROC': np.float64(0.970641661854068), 'Standard-F1': np.float64(0.2950274701307744), 'PA-F1': 0.29493399526119823, 'Event-based-F1': np.float64(0.29494273109599123), 'R-based-F1': 0.1325298934639163, 'Affiliation-F': 0.7315480704832438}
2026-02-08 13:28:27.682 | INFO     | src.pipelines.train_vision_backbones:run_pipeline:170 - Train images: 7
2026-02-08 13:28:27.682 | INFO     | src.pipelines.train_vision_backbones:run_pipeline:171 - Test images: 949
2026-02-08 13:28:27.894 | INFO     | src.pipelines.train_vision_backbones:run_pipeline:176 - Training resnet18_autoencoder_differential_lr on RWT
2026-02-08 13:28:27.909 | INFO     | src.models.resnet18_autoencoder.training:train_autoencoder_differential_lr:271 - Device: cuda | Model on: cuda:0
2026-02-08 13:28:38.927 | INFO     | src.pipelines.train_vision_backbones:run_pipeline:193 - Evaluating resnet18_autoencoder_differential_lr on RWT
2026-02-08 13:28:39.760 | INFO     | src.models.evaluation:evaluate_tsb_ad_nonoverlapping:65 - Normal (8187) reconstruction error: mean=0.2456, std=0.1959
2026-02-08 13:28:39.761 | INFO     | src.models.evaluation:evaluate_tsb_ad_nonoverlapping:66 - Anomaly (1313) reconstruction error: mean=0.2554, std=0.1478
2026-02-08 13:28:39.761 | INFO     | src.models.evaluation:evaluate_tsb_ad_nonoverlapping:67 - Overlap? Normal max=1.0000, Anomaly min=0.0050
2026-02-08 13:29:29.035 | INFO     | src.models.evaluation:evaluate_tsb_ad_nonoverlapping:83 - {'AUC-PR': 0.13436561123094462, 'AUC-ROC': 0.5304301648137022, 'VUS-PR': np.float64(0.9372696148812958), 'VUS-ROC': np.float64(0.9707564519795963), 'Standard-F1': np.float64(0.2949200089619884), 'PA-F1': 0.2941243065776067, 'Event-based-F1': np.float64(0.2940933079349215), 'R-based-F1': 0.13792915318454899, 'Affiliation-F': 0.7301606969443467}
2026-02-08 13:29:29.192 | INFO     | src.pipelines.train_vision_backbones:run_pipeline:170 - Train images: 7
2026-02-08 13:29:29.192 | INFO     | src.pipelines.train_vision_backbones:run_pipeline:171 - Test images: 949
2026-02-08 13:29:30.178 | INFO     | src.pipelines.train_vision_backbones:run_pipeline:176 - Training pvt_autoencoder_frozen on RWT
2026-02-08 13:29:30.203 | INFO     | src.models.pvt_autoencoder.training:train_pvt_autoencoder_frozen:24 - Device: cuda | Model on: cuda:0
2026-02-08 13:29:56.361 | INFO     | src.pipelines.train_vision_backbones:run_pipeline:193 - Evaluating pvt_autoencoder_frozen on RWT
2026-02-08 13:29:57.323 | INFO     | src.models.evaluation:evaluate_tsb_ad_nonoverlapping:65 - Normal (8187) reconstruction error: mean=0.1915, std=0.1518
2026-02-08 13:29:57.323 | INFO     | src.models.evaluation:evaluate_tsb_ad_nonoverlapping:66 - Anomaly (1313) reconstruction error: mean=0.2064, std=0.1059
2026-02-08 13:29:57.323 | INFO     | src.models.evaluation:evaluate_tsb_ad_nonoverlapping:67 - Overlap? Normal max=1.0000, Anomaly min=0.0169
2026-02-08 13:30:42.115 | INFO     | src.models.evaluation:evaluate_tsb_ad_nonoverlapping:83 - {'AUC-PR': 0.13536027453891236, 'AUC-ROC': 0.5339689238535151, 'VUS-PR': np.float64(0.9391142732292127), 'VUS-ROC': np.float64(0.9715185770851851), 'Standard-F1': np.float64(0.2982932270212115), 'PA-F1': 0.29829577948072744, 'Event-based-F1': np.float64(0.2983289411758075), 'R-based-F1': 0.13766401264454123, 'Affiliation-F': 0.7337019887293517}
2026-02-08 13:30:42.273 | INFO     | src.pipelines.train_vision_backbones:run_pipeline:170 - Train images: 7
2026-02-08 13:30:42.273 | INFO     | src.pipelines.train_vision_backbones:run_pipeline:171 - Test images: 949
2026-02-08 13:30:43.264 | INFO     | src.pipelines.train_vision_backbones:run_pipeline:176 - Training pvt_autoencoder_progressive_unfreeze on RWT
2026-02-08 13:30:43.289 | INFO     | src.models.pvt_autoencoder.training:train_pvt_autoencoder_progressive_unfreeze:132 - Device: cuda | Model on: cuda:0
2026-02-08 13:31:01.600 | INFO     | src.pipelines.train_vision_backbones:run_pipeline:193 - Evaluating pvt_autoencoder_progressive_unfreeze on RWT
2026-02-08 13:31:02.533 | INFO     | src.models.evaluation:evaluate_tsb_ad_nonoverlapping:65 - Normal (8187) reconstruction error: mean=0.2319, std=0.2147
2026-02-08 13:31:02.534 | INFO     | src.models.evaluation:evaluate_tsb_ad_nonoverlapping:66 - Anomaly (1313) reconstruction error: mean=0.2287, std=0.1727
2026-02-08 13:31:02.534 | INFO     | src.models.evaluation:evaluate_tsb_ad_nonoverlapping:67 - Overlap? Normal max=1.0000, Anomaly min=0.0057
2026-02-08 13:31:52.485 | INFO     | src.models.evaluation:evaluate_tsb_ad_nonoverlapping:83 - {'AUC-PR': 0.1337581772436514, 'AUC-ROC': 0.5271863023605403, 'VUS-PR': np.float64(0.9391311299611238), 'VUS-ROC': np.float64(0.97121187158312), 'Standard-F1': np.float64(0.2980776618160115), 'PA-F1': 0.2977419720866901, 'Event-based-F1': np.float64(0.29773697692582873), 'R-based-F1': 0.13482730864178413, 'Affiliation-F': 0.7347992056919913}
2026-02-08 13:31:52.645 | INFO     | src.pipelines.train_vision_backbones:run_pipeline:170 - Train images: 7
2026-02-08 13:31:52.645 | INFO     | src.pipelines.train_vision_backbones:run_pipeline:171 - Test images: 949
2026-02-08 13:31:53.613 | INFO     | src.pipelines.train_vision_backbones:run_pipeline:176 - Training pvt_autoencoder_differential_lr on RWT
2026-02-08 13:31:53.636 | INFO     | src.models.pvt_autoencoder.training:train_pvt_autoencoder_differential_lr:267 - Device: cuda | Model on: cuda:0
2026-02-08 13:32:14.223 | INFO     | src.pipelines.train_vision_backbones:run_pipeline:193 - Evaluating pvt_autoencoder_differential_lr on RWT
2026-02-08 13:32:15.147 | INFO     | src.models.evaluation:evaluate_tsb_ad_nonoverlapping:65 - Normal (8187) reconstruction error: mean=0.1988, std=0.1654
2026-02-08 13:32:15.147 | INFO     | src.models.evaluation:evaluate_tsb_ad_nonoverlapping:66 - Anomaly (1313) reconstruction error: mean=0.2063, std=0.1238
2026-02-08 13:32:15.147 | INFO     | src.models.evaluation:evaluate_tsb_ad_nonoverlapping:67 - Overlap? Normal max=1.0000, Anomaly min=0.0058
2026-02-08 13:33:00.815 | INFO     | src.models.evaluation:evaluate_tsb_ad_nonoverlapping:83 - {'AUC-PR': 0.13451131996682136, 'AUC-ROC': 0.5292440665550897, 'VUS-PR': np.float64(0.9385317193028228), 'VUS-ROC': np.float64(0.9711205009361672), 'Standard-F1': np.float64(0.2970652828782764), 'PA-F1': 0.29706781387976905, 'Event-based-F1': np.float64(0.29706284131355976), 'R-based-F1': 0.1347621816379825, 'Affiliation-F': 0.7338446214036868}
2026-02-08 13:33:01.197 | INFO     | src.pipelines.train_vision_backbones:run_pipeline:70 - Using zip: /net/scratch/hscra/plgrid/plgsmendowski12/ts2i_images/TAO/258_TAO_id_2_Environment_tr_500_1st_4_ts2i_MWT.zip for transformation MWT
2026-02-08 13:33:02.283 | INFO     | src.pipelines.train_vision_backbones:run_pipeline:170 - Train images: 7
2026-02-08 13:33:02.283 | INFO     | src.pipelines.train_vision_backbones:run_pipeline:171 - Test images: 949
2026-02-08 13:33:02.289 | INFO     | src.pipelines.train_vision_backbones:run_pipeline:176 - Training cnn_autoencoder on MWT
2026-02-08 13:33:02.294 | INFO     | src.models.cnn_autoencoder.training:train_autoencoder:22 - Device: cuda | Model on: cuda:0
2026-02-08 13:33:22.157 | INFO     | src.pipelines.train_vision_backbones:run_pipeline:193 - Evaluating cnn_autoencoder on MWT
2026-02-08 13:33:22.929 | INFO     | src.models.evaluation:evaluate_tsb_ad_nonoverlapping:65 - Normal (8187) reconstruction error: mean=0.4364, std=0.2847
2026-02-08 13:33:22.929 | INFO     | src.models.evaluation:evaluate_tsb_ad_nonoverlapping:66 - Anomaly (1313) reconstruction error: mean=0.5044, std=0.1765
2026-02-08 13:33:22.929 | INFO     | src.models.evaluation:evaluate_tsb_ad_nonoverlapping:67 - Overlap? Normal max=1.0000, Anomaly min=0.1222
2026-02-08 13:34:26.153 | INFO     | src.models.evaluation:evaluate_tsb_ad_nonoverlapping:83 - {'AUC-PR': 0.14029250585804898, 'AUC-ROC': 0.5501733517490205, 'VUS-PR': np.float64(0.9527738751729213), 'VUS-ROC': np.float64(0.976108292725962), 'Standard-F1': np.float64(0.2951995520856984), 'PA-F1': 0.2950707439525331, 'Event-based-F1': np.float64(0.29516101486273955), 'R-based-F1': 0.13436785883434646, 'Affiliation-F': 0.7316385405167974}
2026-02-08 13:34:26.310 | INFO     | src.pipelines.train_vision_backbones:run_pipeline:170 - Train images: 7
2026-02-08 13:34:26.310 | INFO     | src.pipelines.train_vision_backbones:run_pipeline:171 - Test images: 949
2026-02-08 13:34:26.516 | INFO     | src.pipelines.train_vision_backbones:run_pipeline:176 - Training resnet18_autoencoder_frozen on MWT
2026-02-08 13:34:26.532 | INFO     | src.models.resnet18_autoencoder.training:train_autoencoder_frozen:25 - Device: cuda | Model on: cuda:0
2026-02-08 13:34:39.518 | INFO     | src.pipelines.train_vision_backbones:run_pipeline:193 - Evaluating resnet18_autoencoder_frozen on MWT
2026-02-08 13:34:40.354 | INFO     | src.models.evaluation:evaluate_tsb_ad_nonoverlapping:65 - Normal (8187) reconstruction error: mean=0.4619, std=0.2738
2026-02-08 13:34:40.354 | INFO     | src.models.evaluation:evaluate_tsb_ad_nonoverlapping:66 - Anomaly (1313) reconstruction error: mean=0.5536, std=0.1724
2026-02-08 13:34:40.354 | INFO     | src.models.evaluation:evaluate_tsb_ad_nonoverlapping:67 - Overlap? Normal max=1.0000, Anomaly min=0.1394
2026-02-08 13:35:43.376 | INFO     | src.models.evaluation:evaluate_tsb_ad_nonoverlapping:83 - {'AUC-PR': 0.15217385239241074, 'AUC-ROC': 0.5846129938134045, 'VUS-PR': np.float64(0.951368583140556), 'VUS-ROC': np.float64(0.9770421083702964), 'Standard-F1': np.float64(0.296817242717579), 'PA-F1': 0.296599567838053, 'Event-based-F1': np.float64(0.29671010206666387), 'R-based-F1': 0.14248984341725168, 'Affiliation-F': 0.7338282353824097}
2026-02-08 13:35:43.531 | INFO     | src.pipelines.train_vision_backbones:run_pipeline:170 - Train images: 7
2026-02-08 13:35:43.531 | INFO     | src.pipelines.train_vision_backbones:run_pipeline:171 - Test images: 949
2026-02-08 13:35:43.744 | INFO     | src.pipelines.train_vision_backbones:run_pipeline:176 - Training resnet18_autoencoder_progressive_unfreeze on MWT
2026-02-08 13:35:43.758 | INFO     | src.models.resnet18_autoencoder.training:train_autoencoder_progressive_unfreeze:133 - Device: cuda | Model on: cuda:0
2026-02-08 13:35:57.364 | INFO     | src.pipelines.train_vision_backbones:run_pipeline:193 - Evaluating resnet18_autoencoder_progressive_unfreeze on MWT
2026-02-08 13:35:58.206 | INFO     | src.models.evaluation:evaluate_tsb_ad_nonoverlapping:65 - Normal (8187) reconstruction error: mean=0.5048, std=0.2922
2026-02-08 13:35:58.207 | INFO     | src.models.evaluation:evaluate_tsb_ad_nonoverlapping:66 - Anomaly (1313) reconstruction error: mean=0.5786, std=0.1721
2026-02-08 13:35:58.207 | INFO     | src.models.evaluation:evaluate_tsb_ad_nonoverlapping:67 - Overlap? Normal max=1.0000, Anomaly min=0.1366
2026-02-08 13:37:02.733 | INFO     | src.models.evaluation:evaluate_tsb_ad_nonoverlapping:83 - {'AUC-PR': 0.13923154690573042, 'AUC-ROC': 0.545827115620207, 'VUS-PR': np.float64(0.9521593950550438), 'VUS-ROC': np.float64(0.9755347296892599), 'Standard-F1': np.float64(0.29614212002981444), 'PA-F1': 0.2963384125540141, 'Event-based-F1': np.float64(0.2962840021244326), 'R-based-F1': 0.13757929343633055, 'Affiliation-F': 0.7333560444491152}
2026-02-08 13:37:02.894 | INFO     | src.pipelines.train_vision_backbones:run_pipeline:170 - Train images: 7
2026-02-08 13:37:02.894 | INFO     | src.pipelines.train_vision_backbones:run_pipeline:171 - Test images: 949
2026-02-08 13:37:03.107 | INFO     | src.pipelines.train_vision_backbones:run_pipeline:176 - Training resnet18_autoencoder_differential_lr on MWT
2026-02-08 13:37:03.121 | INFO     | src.models.resnet18_autoencoder.training:train_autoencoder_differential_lr:271 - Device: cuda | Model on: cuda:0
2026-02-08 13:37:20.567 | INFO     | src.pipelines.train_vision_backbones:run_pipeline:193 - Evaluating resnet18_autoencoder_differential_lr on MWT
2026-02-08 13:37:21.713 | INFO     | src.models.evaluation:evaluate_tsb_ad_nonoverlapping:65 - Normal (8187) reconstruction error: mean=0.4791, std=0.2868
2026-02-08 13:37:21.713 | INFO     | src.models.evaluation:evaluate_tsb_ad_nonoverlapping:66 - Anomaly (1313) reconstruction error: mean=0.5509, std=0.1617
2026-02-08 13:37:21.713 | INFO     | src.models.evaluation:evaluate_tsb_ad_nonoverlapping:67 - Overlap? Normal max=1.0000, Anomaly min=0.1705
2026-02-08 13:38:24.917 | INFO     | src.models.evaluation:evaluate_tsb_ad_nonoverlapping:83 - {'AUC-PR': 0.13715923291588253, 'AUC-ROC': 0.5401291926131475, 'VUS-PR': np.float64(0.9498980630112223), 'VUS-ROC': np.float64(0.9745261635472877), 'Standard-F1': np.float64(0.29727318709233175), 'PA-F1': 0.29670204267944766, 'Event-based-F1': np.float64(0.29673155864339534), 'R-based-F1': 0.13730866632032165, 'Affiliation-F': 0.7326455935413195}
2026-02-08 13:38:25.077 | INFO     | src.pipelines.train_vision_backbones:run_pipeline:170 - Train images: 7
2026-02-08 13:38:25.077 | INFO     | src.pipelines.train_vision_backbones:run_pipeline:171 - Test images: 949
2026-02-08 13:38:26.051 | INFO     | src.pipelines.train_vision_backbones:run_pipeline:176 - Training pvt_autoencoder_frozen on MWT
2026-02-08 13:38:26.078 | INFO     | src.models.pvt_autoencoder.training:train_pvt_autoencoder_frozen:24 - Device: cuda | Model on: cuda:0
2026-02-08 13:38:43.213 | INFO     | src.pipelines.train_vision_backbones:run_pipeline:193 - Evaluating pvt_autoencoder_frozen on MWT
2026-02-08 13:38:44.577 | INFO     | src.models.evaluation:evaluate_tsb_ad_nonoverlapping:65 - Normal (8187) reconstruction error: mean=0.4918, std=0.2737
2026-02-08 13:38:44.577 | INFO     | src.models.evaluation:evaluate_tsb_ad_nonoverlapping:66 - Anomaly (1313) reconstruction error: mean=0.5957, std=0.1504
2026-02-08 13:38:44.577 | INFO     | src.models.evaluation:evaluate_tsb_ad_nonoverlapping:67 - Overlap? Normal max=1.0000, Anomaly min=0.1559
2026-02-08 13:39:47.753 | INFO     | src.models.evaluation:evaluate_tsb_ad_nonoverlapping:83 - {'AUC-PR': 0.15078988049609426, 'AUC-ROC': 0.5773605843827048, 'VUS-PR': np.float64(0.9446625474861216), 'VUS-ROC': np.float64(0.9752509063164806), 'Standard-F1': np.float64(0.2898783901241668), 'PA-F1': 0.28969482529854046, 'Event-based-F1': np.float64(0.28956037080698804), 'R-based-F1': 0.13522382260278457, 'Affiliation-F': 0.728334021194217}
2026-02-08 13:39:47.909 | INFO     | src.pipelines.train_vision_backbones:run_pipeline:170 - Train images: 7
2026-02-08 13:39:47.909 | INFO     | src.pipelines.train_vision_backbones:run_pipeline:171 - Test images: 949
2026-02-08 13:39:48.882 | INFO     | src.pipelines.train_vision_backbones:run_pipeline:176 - Training pvt_autoencoder_progressive_unfreeze on MWT
2026-02-08 13:39:48.906 | INFO     | src.models.pvt_autoencoder.training:train_pvt_autoencoder_progressive_unfreeze:132 - Device: cuda | Model on: cuda:0
2026-02-08 13:40:21.663 | INFO     | src.pipelines.train_vision_backbones:run_pipeline:193 - Evaluating pvt_autoencoder_progressive_unfreeze on MWT
2026-02-08 13:40:22.593 | INFO     | src.models.evaluation:evaluate_tsb_ad_nonoverlapping:65 - Normal (8187) reconstruction error: mean=0.4727, std=0.2889
2026-02-08 13:40:22.593 | INFO     | src.models.evaluation:evaluate_tsb_ad_nonoverlapping:66 - Anomaly (1313) reconstruction error: mean=0.5665, std=0.1692
2026-02-08 13:40:22.593 | INFO     | src.models.evaluation:evaluate_tsb_ad_nonoverlapping:67 - Overlap? Normal max=1.0000, Anomaly min=0.1180
2026-02-08 13:41:27.317 | INFO     | src.models.evaluation:evaluate_tsb_ad_nonoverlapping:83 - {'AUC-PR': 0.14601053158061228, 'AUC-ROC': 0.568782535721791, 'VUS-PR': np.float64(0.9539007611134797), 'VUS-ROC': np.float64(0.9770661312103616), 'Standard-F1': np.float64(0.2923685405620498), 'PA-F1': 0.29237128898910186, 'Event-based-F1': np.float64(0.29289651319952775), 'R-based-F1': 0.13652142455805819, 'Affiliation-F': 0.730684425834935}
2026-02-08 13:41:27.901 | INFO     | src.pipelines.train_vision_backbones:run_pipeline:170 - Train images: 7
2026-02-08 13:41:27.901 | INFO     | src.pipelines.train_vision_backbones:run_pipeline:171 - Test images: 949
2026-02-08 13:41:28.845 | INFO     | src.pipelines.train_vision_backbones:run_pipeline:176 - Training pvt_autoencoder_differential_lr on MWT
2026-02-08 13:41:28.869 | INFO     | src.models.pvt_autoencoder.training:train_pvt_autoencoder_differential_lr:267 - Device: cuda | Model on: cuda:0
2026-02-08 13:41:48.630 | INFO     | src.pipelines.train_vision_backbones:run_pipeline:193 - Evaluating pvt_autoencoder_differential_lr on MWT
2026-02-08 13:41:49.589 | INFO     | src.models.evaluation:evaluate_tsb_ad_nonoverlapping:65 - Normal (8187) reconstruction error: mean=0.4505, std=0.2543
2026-02-08 13:41:49.590 | INFO     | src.models.evaluation:evaluate_tsb_ad_nonoverlapping:66 - Anomaly (1313) reconstruction error: mean=0.5651, std=0.1368
2026-02-08 13:41:49.590 | INFO     | src.models.evaluation:evaluate_tsb_ad_nonoverlapping:67 - Overlap? Normal max=1.0000, Anomaly min=0.1226
2026-02-08 13:42:50.543 | INFO     | src.models.evaluation:evaluate_tsb_ad_nonoverlapping:83 - {'AUC-PR': 0.16925554754864627, 'AUC-ROC': 0.599008040443811, 'VUS-PR': np.float64(0.9542402823345406), 'VUS-ROC': np.float64(0.9774372056225056), 'Standard-F1': np.float64(0.2917616831340562), 'PA-F1': 0.2914393855059557, 'Event-based-F1': np.float64(0.2914947941995794), 'R-based-F1': 0.13698902618961842, 'Affiliation-F': 0.7299598598030981}
2026-02-08 13:42:50.912 | INFO     | src.pipelines.train_vision_backbones:run_pipeline:70 - Using zip: /net/scratch/hscra/plgrid/plgsmendowski12/ts2i_images/TAO/258_TAO_id_2_Environment_tr_500_1st_4_ts2i_SPIRAL.zip for transformation SPIRAL
2026-02-08 13:42:52.282 | INFO     | src.pipelines.train_vision_backbones:run_pipeline:170 - Train images: 7
2026-02-08 13:42:52.282 | INFO     | src.pipelines.train_vision_backbones:run_pipeline:171 - Test images: 949
2026-02-08 13:42:52.289 | INFO     | src.pipelines.train_vision_backbones:run_pipeline:176 - Training cnn_autoencoder on SPIRAL
2026-02-08 13:42:52.294 | INFO     | src.models.cnn_autoencoder.training:train_autoencoder:22 - Device: cuda | Model on: cuda:0
2026-02-08 13:43:12.238 | INFO     | src.pipelines.train_vision_backbones:run_pipeline:193 - Evaluating cnn_autoencoder on SPIRAL
2026-02-08 13:43:12.958 | INFO     | src.models.evaluation:evaluate_tsb_ad_nonoverlapping:65 - Normal (8187) reconstruction error: mean=0.2118, std=0.1756
2026-02-08 13:43:12.959 | INFO     | src.models.evaluation:evaluate_tsb_ad_nonoverlapping:66 - Anomaly (1313) reconstruction error: mean=0.3770, std=0.1891
2026-02-08 13:43:12.959 | INFO     | src.models.evaluation:evaluate_tsb_ad_nonoverlapping:67 - Overlap? Normal max=1.0000, Anomaly min=0.0029
2026-02-08 13:44:03.967 | INFO     | src.models.evaluation:evaluate_tsb_ad_nonoverlapping:83 - {'AUC-PR': 0.2967318041285895, 'AUC-ROC': 0.7476880154120212, 'VUS-PR': np.float64(0.9698806882642169), 'VUS-ROC': np.float64(0.984191604821748), 'Standard-F1': np.float64(0.3708570458768568), 'PA-F1': 0.37184115523465705, 'Event-based-F1': np.float64(0.3673640437123235), 'R-based-F1': 0.182714168127531, 'Affiliation-F': 0.7405558806663884}
2026-02-08 13:44:04.121 | INFO     | src.pipelines.train_vision_backbones:run_pipeline:170 - Train images: 7
2026-02-08 13:44:04.121 | INFO     | src.pipelines.train_vision_backbones:run_pipeline:171 - Test images: 949
2026-02-08 13:44:04.333 | INFO     | src.pipelines.train_vision_backbones:run_pipeline:176 - Training resnet18_autoencoder_frozen on SPIRAL
2026-02-08 13:44:04.348 | INFO     | src.models.resnet18_autoencoder.training:train_autoencoder_frozen:25 - Device: cuda | Model on: cuda:0
2026-02-08 13:44:30.341 | INFO     | src.pipelines.train_vision_backbones:run_pipeline:193 - Evaluating resnet18_autoencoder_frozen on SPIRAL
2026-02-08 13:44:31.370 | INFO     | src.models.evaluation:evaluate_tsb_ad_nonoverlapping:65 - Normal (8187) reconstruction error: mean=0.2217, std=0.1901
2026-02-08 13:44:31.371 | INFO     | src.models.evaluation:evaluate_tsb_ad_nonoverlapping:66 - Anomaly (1313) reconstruction error: mean=0.3992, std=0.1953
2026-02-08 13:44:31.371 | INFO     | src.models.evaluation:evaluate_tsb_ad_nonoverlapping:67 - Overlap? Normal max=1.0000, Anomaly min=0.0048
2026-02-08 13:45:24.431 | INFO     | src.models.evaluation:evaluate_tsb_ad_nonoverlapping:83 - {'AUC-PR': 0.2956698357681013, 'AUC-ROC': 0.7467819293697557, 'VUS-PR': np.float64(0.9698355881827718), 'VUS-ROC': np.float64(0.984217483672482), 'Standard-F1': np.float64(0.3706212250856781), 'PA-F1': 0.3713819812474521, 'Event-based-F1': np.float64(0.36649974991659423), 'R-based-F1': 0.18292978666293644, 'Affiliation-F': 0.7405558806663884}
2026-02-08 13:45:24.587 | INFO     | src.pipelines.train_vision_backbones:run_pipeline:170 - Train images: 7
2026-02-08 13:45:24.588 | INFO     | src.pipelines.train_vision_backbones:run_pipeline:171 - Test images: 949
2026-02-08 13:45:24.799 | INFO     | src.pipelines.train_vision_backbones:run_pipeline:176 - Training resnet18_autoencoder_progressive_unfreeze on SPIRAL
2026-02-08 13:45:24.814 | INFO     | src.models.resnet18_autoencoder.training:train_autoencoder_progressive_unfreeze:133 - Device: cuda | Model on: cuda:0
2026-02-08 13:46:04.810 | INFO     | src.pipelines.train_vision_backbones:run_pipeline:193 - Evaluating resnet18_autoencoder_progressive_unfreeze on SPIRAL
2026-02-08 13:46:05.877 | INFO     | src.models.evaluation:evaluate_tsb_ad_nonoverlapping:65 - Normal (8187) reconstruction error: mean=0.2131, std=0.1852
2026-02-08 13:46:05.877 | INFO     | src.models.evaluation:evaluate_tsb_ad_nonoverlapping:66 - Anomaly (1313) reconstruction error: mean=0.3866, std=0.1898
2026-02-08 13:46:05.877 | INFO     | src.models.evaluation:evaluate_tsb_ad_nonoverlapping:67 - Overlap? Normal max=1.0000, Anomaly min=0.0046
2026-02-08 13:46:58.418 | INFO     | src.models.evaluation:evaluate_tsb_ad_nonoverlapping:83 - {'AUC-PR': 0.29627188339589156, 'AUC-ROC': 0.7472321815714564, 'VUS-PR': np.float64(0.9698811917865884), 'VUS-ROC': np.float64(0.9842061062509067), 'Standard-F1': np.float64(0.3707984463137872), 'PA-F1': 0.3717845659163987, 'Event-based-F1': np.float64(0.3672581790819852), 'R-based-F1': 0.1829999193760225, 'Affiliation-F': 0.7405558806663884}
2026-02-08 13:46:58.597 | INFO     | src.pipelines.train_vision_backbones:run_pipeline:170 - Train images: 7
2026-02-08 13:46:58.597 | INFO     | src.pipelines.train_vision_backbones:run_pipeline:171 - Test images: 949
2026-02-08 13:46:58.803 | INFO     | src.pipelines.train_vision_backbones:run_pipeline:176 - Training resnet18_autoencoder_differential_lr on SPIRAL
2026-02-08 13:46:58.816 | INFO     | src.models.resnet18_autoencoder.training:train_autoencoder_differential_lr:271 - Device: cuda | Model on: cuda:0
2026-02-08 13:47:26.065 | INFO     | src.pipelines.train_vision_backbones:run_pipeline:193 - Evaluating resnet18_autoencoder_differential_lr on SPIRAL
2026-02-08 13:47:26.864 | INFO     | src.models.evaluation:evaluate_tsb_ad_nonoverlapping:65 - Normal (8187) reconstruction error: mean=0.2204, std=0.1856
2026-02-08 13:47:26.864 | INFO     | src.models.evaluation:evaluate_tsb_ad_nonoverlapping:66 - Anomaly (1313) reconstruction error: mean=0.3933, std=0.1892
2026-02-08 13:47:26.864 | INFO     | src.models.evaluation:evaluate_tsb_ad_nonoverlapping:67 - Overlap? Normal max=1.0000, Anomaly min=0.0056
2026-02-08 13:48:19.482 | INFO     | src.models.evaluation:evaluate_tsb_ad_nonoverlapping:83 - {'AUC-PR': 0.29536352104027874, 'AUC-ROC': 0.7463586550892314, 'VUS-PR': np.float64(0.9697780580600787), 'VUS-ROC': np.float64(0.9841511170215199), 'Standard-F1': np.float64(0.3704418396483703), 'PA-F1': 0.3712059064807219, 'Event-based-F1': np.float64(0.36616511922505285), 'R-based-F1': 0.18275077811720705, 'Affiliation-F': 0.7405558806663884}
2026-02-08 13:48:19.637 | INFO     | src.pipelines.train_vision_backbones:run_pipeline:170 - Train images: 7
2026-02-08 13:48:19.638 | INFO     | src.pipelines.train_vision_backbones:run_pipeline:171 - Test images: 949
2026-02-08 13:48:20.611 | INFO     | src.pipelines.train_vision_backbones:run_pipeline:176 - Training pvt_autoencoder_frozen on SPIRAL
2026-02-08 13:48:20.634 | INFO     | src.models.pvt_autoencoder.training:train_pvt_autoencoder_frozen:24 - Device: cuda | Model on: cuda:0
2026-02-08 13:48:50.009 | INFO     | src.pipelines.train_vision_backbones:run_pipeline:193 - Evaluating pvt_autoencoder_frozen on SPIRAL
2026-02-08 13:48:50.871 | INFO     | src.models.evaluation:evaluate_tsb_ad_nonoverlapping:65 - Normal (8187) reconstruction error: mean=0.2293, std=0.1817
2026-02-08 13:48:50.871 | INFO     | src.models.evaluation:evaluate_tsb_ad_nonoverlapping:66 - Anomaly (1313) reconstruction error: mean=0.3998, std=0.1788
2026-02-08 13:48:50.871 | INFO     | src.models.evaluation:evaluate_tsb_ad_nonoverlapping:67 - Overlap? Normal max=1.0000, Anomaly min=0.0031
2026-02-08 13:49:43.123 | INFO     | src.models.evaluation:evaluate_tsb_ad_nonoverlapping:83 - {'AUC-PR': 0.29756604553923655, 'AUC-ROC': 0.748436885292949, 'VUS-PR': np.float64(0.9699906932742686), 'VUS-ROC': np.float64(0.9841720838847663), 'Standard-F1': np.float64(0.3711465509364798), 'PA-F1': 0.3717845659163987, 'Event-based-F1': np.float64(0.36700079403740693), 'R-based-F1': 0.18225817837810046, 'Affiliation-F': 0.7405558806663884}
2026-02-08 13:49:43.317 | INFO     | src.pipelines.train_vision_backbones:run_pipeline:170 - Train images: 7
2026-02-08 13:49:43.317 | INFO     | src.pipelines.train_vision_backbones:run_pipeline:171 - Test images: 949
2026-02-08 13:49:44.297 | INFO     | src.pipelines.train_vision_backbones:run_pipeline:176 - Training pvt_autoencoder_progressive_unfreeze on SPIRAL
2026-02-08 13:49:44.321 | INFO     | src.models.pvt_autoencoder.training:train_pvt_autoencoder_progressive_unfreeze:132 - Device: cuda | Model on: cuda:0
2026-02-08 13:50:28.458 | INFO     | src.pipelines.train_vision_backbones:run_pipeline:193 - Evaluating pvt_autoencoder_progressive_unfreeze on SPIRAL
2026-02-08 13:50:29.365 | INFO     | src.models.evaluation:evaluate_tsb_ad_nonoverlapping:65 - Normal (8187) reconstruction error: mean=0.2119, std=0.1833
2026-02-08 13:50:29.365 | INFO     | src.models.evaluation:evaluate_tsb_ad_nonoverlapping:66 - Anomaly (1313) reconstruction error: mean=0.3841, std=0.1864
2026-02-08 13:50:29.365 | INFO     | src.models.evaluation:evaluate_tsb_ad_nonoverlapping:67 - Overlap? Normal max=1.0000, Anomaly min=0.0023
2026-02-08 13:51:21.343 | INFO     | src.models.evaluation:evaluate_tsb_ad_nonoverlapping:83 - {'AUC-PR': 0.2969901736104427, 'AUC-ROC': 0.7480015174615524, 'VUS-PR': np.float64(0.9699202899588878), 'VUS-ROC': np.float64(0.9842241741289177), 'Standard-F1': np.float64(0.3708570458768568), 'PA-F1': 0.37184115523465705, 'Event-based-F1': np.float64(0.3673640437123235), 'R-based-F1': 0.18248799426605464, 'Affiliation-F': 0.7405558806663884}
2026-02-08 13:51:21.699 | INFO     | src.pipelines.train_vision_backbones:run_pipeline:170 - Train images: 7
2026-02-08 13:51:21.699 | INFO     | src.pipelines.train_vision_backbones:run_pipeline:171 - Test images: 949
2026-02-08 13:51:22.682 | INFO     | src.pipelines.train_vision_backbones:run_pipeline:176 - Training pvt_autoencoder_differential_lr on SPIRAL
2026-02-08 13:51:22.705 | INFO     | src.models.pvt_autoencoder.training:train_pvt_autoencoder_differential_lr:267 - Device: cuda | Model on: cuda:0
2026-02-08 13:51:53.814 | INFO     | src.pipelines.train_vision_backbones:run_pipeline:193 - Evaluating pvt_autoencoder_differential_lr on SPIRAL
2026-02-08 13:51:54.689 | INFO     | src.models.evaluation:evaluate_tsb_ad_nonoverlapping:65 - Normal (8187) reconstruction error: mean=0.2192, std=0.1824
2026-02-08 13:51:54.689 | INFO     | src.models.evaluation:evaluate_tsb_ad_nonoverlapping:66 - Anomaly (1313) reconstruction error: mean=0.3906, std=0.1844
2026-02-08 13:51:54.689 | INFO     | src.models.evaluation:evaluate_tsb_ad_nonoverlapping:67 - Overlap? Normal max=1.0000, Anomaly min=0.0074
2026-02-08 13:52:46.862 | INFO     | src.models.evaluation:evaluate_tsb_ad_nonoverlapping:83 - {'AUC-PR': 0.2972117032361504, 'AUC-ROC': 0.74814477952573, 'VUS-PR': np.float64(0.9699961811340696), 'VUS-ROC': np.float64(0.9842630747853381), 'Standard-F1': np.float64(0.3707984463137872), 'PA-F1': 0.3713819812474521, 'Event-based-F1': np.float64(0.36649974991659423), 'R-based-F1': 0.182714168127531, 'Affiliation-F': 0.7405558806663884}
