 GCCcore/13.2.0 loaded.
 zlib/1.2.13 loaded.
 binutils/2.40 loaded.
 GCC/13.2.0 loaded.
 libcxi/1.0.2 loaded.
 libfabric/2.2.0rc1 loaded.
 CUDA/12.4.0 loaded.
 OpenMPI/5.0.3 loaded.
 OpenBLAS/0.3.24 loaded.
 FlexiBLAS/3.3.1 loaded.
 FFTW/3.3.10 loaded.
 FFTW.MPI/3.3.10 loaded.
 ScaLAPACK/2.2.0-fb loaded.
 foss/2023b loaded.
 numactl/2.0.16 loaded.
 XZ/5.4.4 loaded.
 libxml2/2.11.5 loaded.
 libpciaccess/0.17 loaded.
 hwloc/2.9.2 loaded.
 ncurses/6.4 loaded.
 GMP/6.3.0 loaded.
 bzip2/1.0.8 loaded.
 libreadline/8.2 loaded.
 Tcl/8.6.13 loaded.
 SQLite/3.43.1 loaded.
 libffi/3.4.4 loaded.
 OpenSSL/1.1 loaded.
 Python/3.11.5 loaded.
 Z3/4.13.0 loaded.
 Clang/17.0.6-CUDA-12.4.0 loaded.
 magma/2.7.2-CUDA-12.4.0 loaded.
 cuDNN/9.2.1.18-CUDA-12.4.0 loaded.
 NCCL/2.20.5-CUDA-12.4.0 loaded.
 NASM/2.16.01 loaded.
 libjpeg-turbo/3.0.1 loaded.
 libpng/1.6.40 loaded.
 x264/20231019 loaded.
 LAME/3.100 loaded.
 x265/3.5 loaded.
 expat/2.5.0 loaded.
 Brotli/1.1.0 loaded.
 freetype/2.13.2 loaded.
 util-linux/2.39 loaded.
 fontconfig/2.14.2 loaded.
 xorg-macros/1.20.0 loaded.
 X11/20231019 loaded.
 FriBidi/1.0.13 loaded.
 SDL2/2.28.5 loaded.
 FFmpeg/6.0 loaded.
 libogg/1.3.5 loaded.
 FLAC/1.4.2 loaded.
 libvorbis/1.3.7 loaded.
 libopus/1.4 loaded.
 mpg123/1.32.10 loaded.
 libsndfile/1.2.2 loaded.
 cuSPARSELt/0.6.1.0-CUDA-12.4.0 loaded.
 Szip/2.1.1 loaded.
 HDF5/1.14.3 loaded.
---------------------------WARNING-----------------------
Due to performance issues OMP_NUM_THREADS is set to 1
If you see performance drop, carefully test larger values
--------------------------------------------------------- 
 ML-bundle/24.06a loaded.
warning: Using incompatible environment (`/net/scratch/hscra/plgrid/plgsmendowski12/.venv_ts2img`) due to `--no-sync` (The project environment's Python version does not satisfy the request: `Python 3.10.13`)
2026-02-08 14:03:06.354 | INFO     | src.pipelines.transform_time_series_to_images:run_pipeline:33 - Loading configuration from configs/default.yaml
2026-02-08 14:03:06.378 | INFO     | src.pipelines.transform_time_series_to_images:run_pipeline:45 - Loading data from data/TSB-AD/TSB-AD-U/272_IOPS_id_13_WebService_tr_3442_1st_3542.csv
2026-02-08 14:03:06.402 | INFO     | src.time_series.loaders:load_tsb_ad_u:91 - Found optimal window_len=50
2026-02-08 14:03:06.403 | INFO     | src.pipelines.transform_time_series_to_images:run_pipeline:68 - Transforming 272_IOPS_id_13_WebService_tr_3442_1st_3542 using RN
2026-02-08 14:03:06.406 | INFO     | src.pipelines.transform_time_series_to_images:run_pipeline:86 - window_len=50, stride=50, resolution=64x64
2026-02-08 14:03:06.406 | INFO     | src.images.creators:create_png_image_dataset:126 - Running with n_workers: 15 for train=True set
2026-02-08 14:03:06.600 | INFO     | src.images.creators:create_png_image_dataset:126 - Running with n_workers: 15 for train=False set
2026-02-08 14:03:15.083 | INFO     | src.pipelines.transform_time_series_to_images:run_pipeline:166 - Saved metadata to /net/scratch/hscra/plgrid/plgsmendowski12/ts2i_images/IOPS/272_IOPS_id_13_WebService_tr_3442_1st_3542_ts2i_RN_metadata.json
2026-02-08 14:03:17.700 | INFO     | src.pipelines.transform_time_series_to_images:run_pipeline:169 - Saved to /net/scratch/hscra/plgrid/plgsmendowski12/ts2i_images/IOPS/272_IOPS_id_13_WebService_tr_3442_1st_3542_ts2i_RN.zip
2026-02-08 14:03:18.338 | INFO     | src.pipelines.transform_time_series_to_images:run_pipeline:68 - Transforming 272_IOPS_id_13_WebService_tr_3442_1st_3542 using SG
2026-02-08 14:03:18.340 | INFO     | src.pipelines.transform_time_series_to_images:run_pipeline:86 - window_len=50, stride=50, resolution=64x64
2026-02-08 14:03:18.340 | INFO     | src.images.creators:create_png_image_dataset:126 - Running with n_workers: 15 for train=True set
2026-02-08 14:03:18.473 | INFO     | src.images.creators:create_png_image_dataset:126 - Running with n_workers: 15 for train=False set
2026-02-08 14:03:25.780 | INFO     | src.pipelines.transform_time_series_to_images:run_pipeline:166 - Saved metadata to /net/scratch/hscra/plgrid/plgsmendowski12/ts2i_images/IOPS/272_IOPS_id_13_WebService_tr_3442_1st_3542_ts2i_SG_metadata.json
2026-02-08 14:03:27.586 | INFO     | src.pipelines.transform_time_series_to_images:run_pipeline:169 - Saved to /net/scratch/hscra/plgrid/plgsmendowski12/ts2i_images/IOPS/272_IOPS_id_13_WebService_tr_3442_1st_3542_ts2i_SG.zip
2026-02-08 14:03:28.244 | INFO     | src.pipelines.transform_time_series_to_images:run_pipeline:68 - Transforming 272_IOPS_id_13_WebService_tr_3442_1st_3542 using LP
2026-02-08 14:03:28.246 | INFO     | src.pipelines.transform_time_series_to_images:run_pipeline:86 - window_len=50, stride=50, resolution=64x64
2026-02-08 14:03:28.246 | INFO     | src.images.creators:create_png_image_dataset:126 - Running with n_workers: 15 for train=True set
2026-02-08 14:03:28.580 | INFO     | src.images.creators:create_png_image_dataset:126 - Running with n_workers: 15 for train=False set
2026-02-08 14:03:45.451 | INFO     | src.pipelines.transform_time_series_to_images:run_pipeline:166 - Saved metadata to /net/scratch/hscra/plgrid/plgsmendowski12/ts2i_images/IOPS/272_IOPS_id_13_WebService_tr_3442_1st_3542_ts2i_LP_metadata.json
2026-02-08 14:03:47.252 | INFO     | src.pipelines.transform_time_series_to_images:run_pipeline:169 - Saved to /net/scratch/hscra/plgrid/plgsmendowski12/ts2i_images/IOPS/272_IOPS_id_13_WebService_tr_3442_1st_3542_ts2i_LP.zip
2026-02-08 14:03:48.827 | INFO     | src.pipelines.transform_time_series_to_images:run_pipeline:68 - Transforming 272_IOPS_id_13_WebService_tr_3442_1st_3542 using GASF
2026-02-08 14:03:48.829 | INFO     | src.pipelines.transform_time_series_to_images:run_pipeline:86 - window_len=50, stride=50, resolution=64x64
2026-02-08 14:03:48.829 | INFO     | src.images.creators:create_png_image_dataset:126 - Running with n_workers: 15 for train=True set
2026-02-08 14:03:55.457 | INFO     | src.images.creators:create_png_image_dataset:126 - Running with n_workers: 15 for train=False set
2026-02-08 14:04:06.283 | INFO     | src.pipelines.transform_time_series_to_images:run_pipeline:166 - Saved metadata to /net/scratch/hscra/plgrid/plgsmendowski12/ts2i_images/IOPS/272_IOPS_id_13_WebService_tr_3442_1st_3542_ts2i_GASF_metadata.json
2026-02-08 14:04:08.256 | INFO     | src.pipelines.transform_time_series_to_images:run_pipeline:169 - Saved to /net/scratch/hscra/plgrid/plgsmendowski12/ts2i_images/IOPS/272_IOPS_id_13_WebService_tr_3442_1st_3542_ts2i_GASF.zip
2026-02-08 14:04:09.197 | INFO     | src.pipelines.transform_time_series_to_images:run_pipeline:68 - Transforming 272_IOPS_id_13_WebService_tr_3442_1st_3542 using GADF
2026-02-08 14:04:09.199 | INFO     | src.pipelines.transform_time_series_to_images:run_pipeline:86 - window_len=50, stride=50, resolution=64x64
2026-02-08 14:04:09.199 | INFO     | src.images.creators:create_png_image_dataset:126 - Running with n_workers: 15 for train=True set
2026-02-08 14:04:10.747 | INFO     | src.images.creators:create_png_image_dataset:126 - Running with n_workers: 15 for train=False set
2026-02-08 14:04:22.158 | INFO     | src.pipelines.transform_time_series_to_images:run_pipeline:166 - Saved metadata to /net/scratch/hscra/plgrid/plgsmendowski12/ts2i_images/IOPS/272_IOPS_id_13_WebService_tr_3442_1st_3542_ts2i_GADF_metadata.json
2026-02-08 14:04:24.467 | INFO     | src.pipelines.transform_time_series_to_images:run_pipeline:169 - Saved to /net/scratch/hscra/plgrid/plgsmendowski12/ts2i_images/IOPS/272_IOPS_id_13_WebService_tr_3442_1st_3542_ts2i_GADF.zip
2026-02-08 14:04:25.123 | INFO     | src.pipelines.transform_time_series_to_images:run_pipeline:68 - Transforming 272_IOPS_id_13_WebService_tr_3442_1st_3542 using MTF
2026-02-08 14:04:25.125 | INFO     | src.pipelines.transform_time_series_to_images:run_pipeline:86 - window_len=50, stride=50, resolution=64x64
2026-02-08 14:04:25.126 | INFO     | src.images.creators:create_png_image_dataset:126 - Running with n_workers: 15 for train=True set
2026-02-08 14:04:27.013 | INFO     | src.images.creators:create_png_image_dataset:126 - Running with n_workers: 15 for train=False set
2026-02-08 14:04:37.328 | INFO     | src.pipelines.transform_time_series_to_images:run_pipeline:166 - Saved metadata to /net/scratch/hscra/plgrid/plgsmendowski12/ts2i_images/IOPS/272_IOPS_id_13_WebService_tr_3442_1st_3542_ts2i_MTF_metadata.json
2026-02-08 14:04:39.620 | INFO     | src.pipelines.transform_time_series_to_images:run_pipeline:169 - Saved to /net/scratch/hscra/plgrid/plgsmendowski12/ts2i_images/IOPS/272_IOPS_id_13_WebService_tr_3442_1st_3542_ts2i_MTF.zip
2026-02-08 14:04:40.272 | INFO     | src.pipelines.transform_time_series_to_images:run_pipeline:68 - Transforming 272_IOPS_id_13_WebService_tr_3442_1st_3542 using RP
2026-02-08 14:04:40.274 | INFO     | src.pipelines.transform_time_series_to_images:run_pipeline:86 - window_len=50, stride=50, resolution=64x64
2026-02-08 14:04:40.274 | INFO     | src.images.creators:create_png_image_dataset:126 - Running with n_workers: 15 for train=True set
2026-02-08 14:04:40.438 | INFO     | src.images.creators:create_png_image_dataset:126 - Running with n_workers: 15 for train=False set
2026-02-08 14:04:49.663 | INFO     | src.pipelines.transform_time_series_to_images:run_pipeline:166 - Saved metadata to /net/scratch/hscra/plgrid/plgsmendowski12/ts2i_images/IOPS/272_IOPS_id_13_WebService_tr_3442_1st_3542_ts2i_RP_metadata.json
2026-02-08 14:04:51.527 | INFO     | src.pipelines.transform_time_series_to_images:run_pipeline:169 - Saved to /net/scratch/hscra/plgrid/plgsmendowski12/ts2i_images/IOPS/272_IOPS_id_13_WebService_tr_3442_1st_3542_ts2i_RP.zip
2026-02-08 14:04:52.188 | INFO     | src.pipelines.transform_time_series_to_images:run_pipeline:68 - Transforming 272_IOPS_id_13_WebService_tr_3442_1st_3542 using RWT
2026-02-08 14:04:52.191 | INFO     | src.pipelines.transform_time_series_to_images:run_pipeline:86 - window_len=50, stride=50, resolution=64x64
2026-02-08 14:04:52.191 | INFO     | src.images.creators:create_png_image_dataset:126 - Running with n_workers: 15 for train=True set
2026-02-08 14:04:52.420 | INFO     | src.images.creators:create_png_image_dataset:126 - Running with n_workers: 15 for train=False set
2026-02-08 14:05:04.534 | INFO     | src.pipelines.transform_time_series_to_images:run_pipeline:166 - Saved metadata to /net/scratch/hscra/plgrid/plgsmendowski12/ts2i_images/IOPS/272_IOPS_id_13_WebService_tr_3442_1st_3542_ts2i_RWT_metadata.json
2026-02-08 14:05:06.274 | INFO     | src.pipelines.transform_time_series_to_images:run_pipeline:169 - Saved to /net/scratch/hscra/plgrid/plgsmendowski12/ts2i_images/IOPS/272_IOPS_id_13_WebService_tr_3442_1st_3542_ts2i_RWT.zip
2026-02-08 14:05:06.915 | INFO     | src.pipelines.transform_time_series_to_images:run_pipeline:68 - Transforming 272_IOPS_id_13_WebService_tr_3442_1st_3542 using MWT
2026-02-08 14:05:06.917 | INFO     | src.pipelines.transform_time_series_to_images:run_pipeline:86 - window_len=50, stride=50, resolution=64x64
2026-02-08 14:05:06.917 | INFO     | src.images.creators:create_png_image_dataset:126 - Running with n_workers: 15 for train=True set
2026-02-08 14:05:07.152 | INFO     | src.images.creators:create_png_image_dataset:126 - Running with n_workers: 15 for train=False set
2026-02-08 14:05:19.314 | INFO     | src.pipelines.transform_time_series_to_images:run_pipeline:166 - Saved metadata to /net/scratch/hscra/plgrid/plgsmendowski12/ts2i_images/IOPS/272_IOPS_id_13_WebService_tr_3442_1st_3542_ts2i_MWT_metadata.json
2026-02-08 14:05:21.146 | INFO     | src.pipelines.transform_time_series_to_images:run_pipeline:169 - Saved to /net/scratch/hscra/plgrid/plgsmendowski12/ts2i_images/IOPS/272_IOPS_id_13_WebService_tr_3442_1st_3542_ts2i_MWT.zip
2026-02-08 14:05:21.807 | INFO     | src.pipelines.transform_time_series_to_images:run_pipeline:68 - Transforming 272_IOPS_id_13_WebService_tr_3442_1st_3542 using SPIRAL
2026-02-08 14:05:21.809 | INFO     | src.pipelines.transform_time_series_to_images:run_pipeline:86 - window_len=50, stride=50, resolution=64x64
2026-02-08 14:05:21.810 | INFO     | src.images.creators:create_png_image_dataset:126 - Running with n_workers: 15 for train=True set
2026-02-08 14:05:21.962 | INFO     | src.images.creators:create_png_image_dataset:126 - Running with n_workers: 15 for train=False set
2026-02-08 14:05:30.971 | INFO     | src.pipelines.transform_time_series_to_images:run_pipeline:166 - Saved metadata to /net/scratch/hscra/plgrid/plgsmendowski12/ts2i_images/IOPS/272_IOPS_id_13_WebService_tr_3442_1st_3542_ts2i_SPIRAL_metadata.json
2026-02-08 14:05:32.693 | INFO     | src.pipelines.transform_time_series_to_images:run_pipeline:169 - Saved to /net/scratch/hscra/plgrid/plgsmendowski12/ts2i_images/IOPS/272_IOPS_id_13_WebService_tr_3442_1st_3542_ts2i_SPIRAL.zip
2026-02-08 14:05:33.328 | INFO     | src.pipelines.transform_time_series_to_images:run_pipeline:45 - Loading data from data/TSB-AD/TSB-AD-U/273_IOPS_id_14_WebService_tr_5569_1st_5669.csv
2026-02-08 14:05:33.350 | INFO     | src.time_series.loaders:load_tsb_ad_u:91 - Found optimal window_len=50
2026-02-08 14:05:33.351 | INFO     | src.pipelines.transform_time_series_to_images:run_pipeline:68 - Transforming 273_IOPS_id_14_WebService_tr_5569_1st_5669 using RN
2026-02-08 14:05:33.354 | INFO     | src.pipelines.transform_time_series_to_images:run_pipeline:86 - window_len=50, stride=50, resolution=64x64
2026-02-08 14:05:33.354 | INFO     | src.images.creators:create_png_image_dataset:126 - Running with n_workers: 15 for train=True set
2026-02-08 14:05:34.218 | INFO     | src.images.creators:create_png_image_dataset:126 - Running with n_workers: 15 for train=False set
2026-02-08 14:05:42.561 | INFO     | src.pipelines.transform_time_series_to_images:run_pipeline:166 - Saved metadata to /net/scratch/hscra/plgrid/plgsmendowski12/ts2i_images/IOPS/273_IOPS_id_14_WebService_tr_5569_1st_5669_ts2i_RN_metadata.json
2026-02-08 14:05:44.762 | INFO     | src.pipelines.transform_time_series_to_images:run_pipeline:169 - Saved to /net/scratch/hscra/plgrid/plgsmendowski12/ts2i_images/IOPS/273_IOPS_id_14_WebService_tr_5569_1st_5669_ts2i_RN.zip
2026-02-08 14:05:45.415 | INFO     | src.pipelines.transform_time_series_to_images:run_pipeline:68 - Transforming 273_IOPS_id_14_WebService_tr_5569_1st_5669 using SG
2026-02-08 14:05:45.418 | INFO     | src.pipelines.transform_time_series_to_images:run_pipeline:86 - window_len=50, stride=50, resolution=64x64
2026-02-08 14:05:45.418 | INFO     | src.images.creators:create_png_image_dataset:126 - Running with n_workers: 15 for train=True set
2026-02-08 14:05:45.905 | INFO     | src.images.creators:create_png_image_dataset:126 - Running with n_workers: 15 for train=False set
2026-02-08 14:05:53.078 | INFO     | src.pipelines.transform_time_series_to_images:run_pipeline:166 - Saved metadata to /net/scratch/hscra/plgrid/plgsmendowski12/ts2i_images/IOPS/273_IOPS_id_14_WebService_tr_5569_1st_5669_ts2i_SG_metadata.json
2026-02-08 14:05:54.930 | INFO     | src.pipelines.transform_time_series_to_images:run_pipeline:169 - Saved to /net/scratch/hscra/plgrid/plgsmendowski12/ts2i_images/IOPS/273_IOPS_id_14_WebService_tr_5569_1st_5669_ts2i_SG.zip
2026-02-08 14:05:55.579 | INFO     | src.pipelines.transform_time_series_to_images:run_pipeline:68 - Transforming 273_IOPS_id_14_WebService_tr_5569_1st_5669 using LP
2026-02-08 14:05:55.582 | INFO     | src.pipelines.transform_time_series_to_images:run_pipeline:86 - window_len=50, stride=50, resolution=64x64
2026-02-08 14:05:55.582 | INFO     | src.images.creators:create_png_image_dataset:126 - Running with n_workers: 15 for train=True set
2026-02-08 14:05:56.423 | INFO     | src.images.creators:create_png_image_dataset:126 - Running with n_workers: 15 for train=False set
2026-02-08 14:06:14.214 | INFO     | src.pipelines.transform_time_series_to_images:run_pipeline:166 - Saved metadata to /net/scratch/hscra/plgrid/plgsmendowski12/ts2i_images/IOPS/273_IOPS_id_14_WebService_tr_5569_1st_5669_ts2i_LP_metadata.json
2026-02-08 14:06:15.773 | INFO     | src.pipelines.transform_time_series_to_images:run_pipeline:169 - Saved to /net/scratch/hscra/plgrid/plgsmendowski12/ts2i_images/IOPS/273_IOPS_id_14_WebService_tr_5569_1st_5669_ts2i_LP.zip
2026-02-08 14:06:16.430 | INFO     | src.pipelines.transform_time_series_to_images:run_pipeline:68 - Transforming 273_IOPS_id_14_WebService_tr_5569_1st_5669 using GASF
2026-02-08 14:06:16.432 | INFO     | src.pipelines.transform_time_series_to_images:run_pipeline:86 - window_len=50, stride=50, resolution=64x64
2026-02-08 14:06:16.432 | INFO     | src.images.creators:create_png_image_dataset:126 - Running with n_workers: 15 for train=True set
2026-02-08 14:06:17.089 | INFO     | src.images.creators:create_png_image_dataset:126 - Running with n_workers: 15 for train=False set
2026-02-08 14:06:27.888 | INFO     | src.pipelines.transform_time_series_to_images:run_pipeline:166 - Saved metadata to /net/scratch/hscra/plgrid/plgsmendowski12/ts2i_images/IOPS/273_IOPS_id_14_WebService_tr_5569_1st_5669_ts2i_GASF_metadata.json
2026-02-08 14:06:30.087 | INFO     | src.pipelines.transform_time_series_to_images:run_pipeline:169 - Saved to /net/scratch/hscra/plgrid/plgsmendowski12/ts2i_images/IOPS/273_IOPS_id_14_WebService_tr_5569_1st_5669_ts2i_GASF.zip
2026-02-08 14:06:30.719 | INFO     | src.pipelines.transform_time_series_to_images:run_pipeline:68 - Transforming 273_IOPS_id_14_WebService_tr_5569_1st_5669 using GADF
2026-02-08 14:06:30.722 | INFO     | src.pipelines.transform_time_series_to_images:run_pipeline:86 - window_len=50, stride=50, resolution=64x64
2026-02-08 14:06:30.722 | INFO     | src.images.creators:create_png_image_dataset:126 - Running with n_workers: 15 for train=True set
2026-02-08 14:06:31.393 | INFO     | src.images.creators:create_png_image_dataset:126 - Running with n_workers: 15 for train=False set
2026-02-08 14:06:41.903 | INFO     | src.pipelines.transform_time_series_to_images:run_pipeline:166 - Saved metadata to /net/scratch/hscra/plgrid/plgsmendowski12/ts2i_images/IOPS/273_IOPS_id_14_WebService_tr_5569_1st_5669_ts2i_GADF_metadata.json
2026-02-08 14:06:44.201 | INFO     | src.pipelines.transform_time_series_to_images:run_pipeline:169 - Saved to /net/scratch/hscra/plgrid/plgsmendowski12/ts2i_images/IOPS/273_IOPS_id_14_WebService_tr_5569_1st_5669_ts2i_GADF.zip
2026-02-08 14:06:44.862 | INFO     | src.pipelines.transform_time_series_to_images:run_pipeline:68 - Transforming 273_IOPS_id_14_WebService_tr_5569_1st_5669 using MTF
2026-02-08 14:06:44.864 | INFO     | src.pipelines.transform_time_series_to_images:run_pipeline:86 - window_len=50, stride=50, resolution=64x64
2026-02-08 14:06:44.864 | INFO     | src.images.creators:create_png_image_dataset:126 - Running with n_workers: 15 for train=True set
2026-02-08 14:06:45.490 | INFO     | src.images.creators:create_png_image_dataset:126 - Running with n_workers: 15 for train=False set
2026-02-08 14:06:55.636 | INFO     | src.pipelines.transform_time_series_to_images:run_pipeline:166 - Saved metadata to /net/scratch/hscra/plgrid/plgsmendowski12/ts2i_images/IOPS/273_IOPS_id_14_WebService_tr_5569_1st_5669_ts2i_MTF_metadata.json
2026-02-08 14:06:57.644 | INFO     | src.pipelines.transform_time_series_to_images:run_pipeline:169 - Saved to /net/scratch/hscra/plgrid/plgsmendowski12/ts2i_images/IOPS/273_IOPS_id_14_WebService_tr_5569_1st_5669_ts2i_MTF.zip
2026-02-08 14:06:58.302 | INFO     | src.pipelines.transform_time_series_to_images:run_pipeline:68 - Transforming 273_IOPS_id_14_WebService_tr_5569_1st_5669 using RP
2026-02-08 14:06:58.304 | INFO     | src.pipelines.transform_time_series_to_images:run_pipeline:86 - window_len=50, stride=50, resolution=64x64
2026-02-08 14:06:58.304 | INFO     | src.images.creators:create_png_image_dataset:126 - Running with n_workers: 15 for train=True set
2026-02-08 14:06:59.183 | INFO     | src.images.creators:create_png_image_dataset:126 - Running with n_workers: 15 for train=False set
2026-02-08 14:07:07.985 | INFO     | src.pipelines.transform_time_series_to_images:run_pipeline:166 - Saved metadata to /net/scratch/hscra/plgrid/plgsmendowski12/ts2i_images/IOPS/273_IOPS_id_14_WebService_tr_5569_1st_5669_ts2i_RP_metadata.json
2026-02-08 14:07:10.548 | INFO     | src.pipelines.transform_time_series_to_images:run_pipeline:169 - Saved to /net/scratch/hscra/plgrid/plgsmendowski12/ts2i_images/IOPS/273_IOPS_id_14_WebService_tr_5569_1st_5669_ts2i_RP.zip
2026-02-08 14:07:11.208 | INFO     | src.pipelines.transform_time_series_to_images:run_pipeline:68 - Transforming 273_IOPS_id_14_WebService_tr_5569_1st_5669 using RWT
2026-02-08 14:07:11.210 | INFO     | src.pipelines.transform_time_series_to_images:run_pipeline:86 - window_len=50, stride=50, resolution=64x64
2026-02-08 14:07:11.211 | INFO     | src.images.creators:create_png_image_dataset:126 - Running with n_workers: 15 for train=True set
2026-02-08 14:07:11.879 | INFO     | src.images.creators:create_png_image_dataset:126 - Running with n_workers: 15 for train=False set
2026-02-08 14:07:23.585 | INFO     | src.pipelines.transform_time_series_to_images:run_pipeline:166 - Saved metadata to /net/scratch/hscra/plgrid/plgsmendowski12/ts2i_images/IOPS/273_IOPS_id_14_WebService_tr_5569_1st_5669_ts2i_RWT_metadata.json
2026-02-08 14:07:25.560 | INFO     | src.pipelines.transform_time_series_to_images:run_pipeline:169 - Saved to /net/scratch/hscra/plgrid/plgsmendowski12/ts2i_images/IOPS/273_IOPS_id_14_WebService_tr_5569_1st_5669_ts2i_RWT.zip
2026-02-08 14:07:26.187 | INFO     | src.pipelines.transform_time_series_to_images:run_pipeline:68 - Transforming 273_IOPS_id_14_WebService_tr_5569_1st_5669 using MWT
2026-02-08 14:07:26.189 | INFO     | src.pipelines.transform_time_series_to_images:run_pipeline:86 - window_len=50, stride=50, resolution=64x64
2026-02-08 14:07:26.189 | INFO     | src.images.creators:create_png_image_dataset:126 - Running with n_workers: 15 for train=True set
2026-02-08 14:07:26.969 | INFO     | src.images.creators:create_png_image_dataset:126 - Running with n_workers: 15 for train=False set
2026-02-08 14:07:38.715 | INFO     | src.pipelines.transform_time_series_to_images:run_pipeline:166 - Saved metadata to /net/scratch/hscra/plgrid/plgsmendowski12/ts2i_images/IOPS/273_IOPS_id_14_WebService_tr_5569_1st_5669_ts2i_MWT_metadata.json
2026-02-08 14:07:41.325 | INFO     | src.pipelines.transform_time_series_to_images:run_pipeline:169 - Saved to /net/scratch/hscra/plgrid/plgsmendowski12/ts2i_images/IOPS/273_IOPS_id_14_WebService_tr_5569_1st_5669_ts2i_MWT.zip
2026-02-08 14:07:41.963 | INFO     | src.pipelines.transform_time_series_to_images:run_pipeline:68 - Transforming 273_IOPS_id_14_WebService_tr_5569_1st_5669 using SPIRAL
2026-02-08 14:07:41.965 | INFO     | src.pipelines.transform_time_series_to_images:run_pipeline:86 - window_len=50, stride=50, resolution=64x64
2026-02-08 14:07:41.965 | INFO     | src.images.creators:create_png_image_dataset:126 - Running with n_workers: 15 for train=True set
2026-02-08 14:07:42.481 | INFO     | src.images.creators:create_png_image_dataset:126 - Running with n_workers: 15 for train=False set
2026-02-08 14:07:50.754 | INFO     | src.pipelines.transform_time_series_to_images:run_pipeline:166 - Saved metadata to /net/scratch/hscra/plgrid/plgsmendowski12/ts2i_images/IOPS/273_IOPS_id_14_WebService_tr_5569_1st_5669_ts2i_SPIRAL_metadata.json
2026-02-08 14:07:52.471 | INFO     | src.pipelines.transform_time_series_to_images:run_pipeline:169 - Saved to /net/scratch/hscra/plgrid/plgsmendowski12/ts2i_images/IOPS/273_IOPS_id_14_WebService_tr_5569_1st_5669_ts2i_SPIRAL.zip
2026-02-08 14:07:53.117 | INFO     | src.pipelines.transform_time_series_to_images:run_pipeline:45 - Loading data from data/TSB-AD/TSB-AD-U/274_IOPS_id_15_WebService_tr_4591_1st_4691.csv
2026-02-08 14:07:53.140 | INFO     | src.time_series.loaders:load_tsb_ad_u:91 - Found optimal window_len=50
2026-02-08 14:07:53.142 | INFO     | src.pipelines.transform_time_series_to_images:run_pipeline:68 - Transforming 274_IOPS_id_15_WebService_tr_4591_1st_4691 using RN
2026-02-08 14:07:53.144 | INFO     | src.pipelines.transform_time_series_to_images:run_pipeline:86 - window_len=50, stride=50, resolution=64x64
2026-02-08 14:07:53.144 | INFO     | src.images.creators:create_png_image_dataset:126 - Running with n_workers: 15 for train=True set
2026-02-08 14:07:53.371 | INFO     | src.images.creators:create_png_image_dataset:126 - Running with n_workers: 15 for train=False set
2026-02-08 14:08:02.072 | INFO     | src.pipelines.transform_time_series_to_images:run_pipeline:166 - Saved metadata to /net/scratch/hscra/plgrid/plgsmendowski12/ts2i_images/IOPS/274_IOPS_id_15_WebService_tr_4591_1st_4691_ts2i_RN_metadata.json
2026-02-08 14:08:04.298 | INFO     | src.pipelines.transform_time_series_to_images:run_pipeline:169 - Saved to /net/scratch/hscra/plgrid/plgsmendowski12/ts2i_images/IOPS/274_IOPS_id_15_WebService_tr_4591_1st_4691_ts2i_RN.zip
2026-02-08 14:08:04.937 | INFO     | src.pipelines.transform_time_series_to_images:run_pipeline:68 - Transforming 274_IOPS_id_15_WebService_tr_4591_1st_4691 using SG
2026-02-08 14:08:04.940 | INFO     | src.pipelines.transform_time_series_to_images:run_pipeline:86 - window_len=50, stride=50, resolution=64x64
2026-02-08 14:08:04.940 | INFO     | src.images.creators:create_png_image_dataset:126 - Running with n_workers: 15 for train=True set
2026-02-08 14:08:05.113 | INFO     | src.images.creators:create_png_image_dataset:126 - Running with n_workers: 15 for train=False set
2026-02-08 14:08:12.297 | INFO     | src.pipelines.transform_time_series_to_images:run_pipeline:166 - Saved metadata to /net/scratch/hscra/plgrid/plgsmendowski12/ts2i_images/IOPS/274_IOPS_id_15_WebService_tr_4591_1st_4691_ts2i_SG_metadata.json
2026-02-08 14:08:13.845 | INFO     | src.pipelines.transform_time_series_to_images:run_pipeline:169 - Saved to /net/scratch/hscra/plgrid/plgsmendowski12/ts2i_images/IOPS/274_IOPS_id_15_WebService_tr_4591_1st_4691_ts2i_SG.zip
2026-02-08 14:08:14.753 | INFO     | src.pipelines.transform_time_series_to_images:run_pipeline:68 - Transforming 274_IOPS_id_15_WebService_tr_4591_1st_4691 using LP
2026-02-08 14:08:14.755 | INFO     | src.pipelines.transform_time_series_to_images:run_pipeline:86 - window_len=50, stride=50, resolution=64x64
2026-02-08 14:08:14.755 | INFO     | src.images.creators:create_png_image_dataset:126 - Running with n_workers: 15 for train=True set
2026-02-08 14:08:15.214 | INFO     | src.images.creators:create_png_image_dataset:126 - Running with n_workers: 15 for train=False set
2026-02-08 14:08:32.445 | INFO     | src.pipelines.transform_time_series_to_images:run_pipeline:166 - Saved metadata to /net/scratch/hscra/plgrid/plgsmendowski12/ts2i_images/IOPS/274_IOPS_id_15_WebService_tr_4591_1st_4691_ts2i_LP_metadata.json
2026-02-08 14:08:34.283 | INFO     | src.pipelines.transform_time_series_to_images:run_pipeline:169 - Saved to /net/scratch/hscra/plgrid/plgsmendowski12/ts2i_images/IOPS/274_IOPS_id_15_WebService_tr_4591_1st_4691_ts2i_LP.zip
2026-02-08 14:08:34.931 | INFO     | src.pipelines.transform_time_series_to_images:run_pipeline:68 - Transforming 274_IOPS_id_15_WebService_tr_4591_1st_4691 using GASF
2026-02-08 14:08:34.934 | INFO     | src.pipelines.transform_time_series_to_images:run_pipeline:86 - window_len=50, stride=50, resolution=64x64
2026-02-08 14:08:34.934 | INFO     | src.images.creators:create_png_image_dataset:126 - Running with n_workers: 15 for train=True set
2026-02-08 14:08:35.214 | INFO     | src.images.creators:create_png_image_dataset:126 - Running with n_workers: 15 for train=False set
2026-02-08 14:08:46.060 | INFO     | src.pipelines.transform_time_series_to_images:run_pipeline:166 - Saved metadata to /net/scratch/hscra/plgrid/plgsmendowski12/ts2i_images/IOPS/274_IOPS_id_15_WebService_tr_4591_1st_4691_ts2i_GASF_metadata.json
2026-02-08 14:08:48.017 | INFO     | src.pipelines.transform_time_series_to_images:run_pipeline:169 - Saved to /net/scratch/hscra/plgrid/plgsmendowski12/ts2i_images/IOPS/274_IOPS_id_15_WebService_tr_4591_1st_4691_ts2i_GASF.zip
2026-02-08 14:08:48.662 | INFO     | src.pipelines.transform_time_series_to_images:run_pipeline:68 - Transforming 274_IOPS_id_15_WebService_tr_4591_1st_4691 using GADF
2026-02-08 14:08:48.664 | INFO     | src.pipelines.transform_time_series_to_images:run_pipeline:86 - window_len=50, stride=50, resolution=64x64
2026-02-08 14:08:48.664 | INFO     | src.images.creators:create_png_image_dataset:126 - Running with n_workers: 15 for train=True set
2026-02-08 14:08:49.336 | INFO     | src.images.creators:create_png_image_dataset:126 - Running with n_workers: 15 for train=False set
2026-02-08 14:08:59.974 | INFO     | src.pipelines.transform_time_series_to_images:run_pipeline:166 - Saved metadata to /net/scratch/hscra/plgrid/plgsmendowski12/ts2i_images/IOPS/274_IOPS_id_15_WebService_tr_4591_1st_4691_ts2i_GADF_metadata.json
2026-02-08 14:09:01.940 | INFO     | src.pipelines.transform_time_series_to_images:run_pipeline:169 - Saved to /net/scratch/hscra/plgrid/plgsmendowski12/ts2i_images/IOPS/274_IOPS_id_15_WebService_tr_4591_1st_4691_ts2i_GADF.zip
2026-02-08 14:09:02.558 | INFO     | src.pipelines.transform_time_series_to_images:run_pipeline:68 - Transforming 274_IOPS_id_15_WebService_tr_4591_1st_4691 using MTF
2026-02-08 14:09:02.560 | INFO     | src.pipelines.transform_time_series_to_images:run_pipeline:86 - window_len=50, stride=50, resolution=64x64
2026-02-08 14:09:02.560 | INFO     | src.images.creators:create_png_image_dataset:126 - Running with n_workers: 15 for train=True set
2026-02-08 14:09:02.814 | INFO     | src.images.creators:create_png_image_dataset:126 - Running with n_workers: 15 for train=False set
2026-02-08 14:09:13.046 | INFO     | src.pipelines.transform_time_series_to_images:run_pipeline:166 - Saved metadata to /net/scratch/hscra/plgrid/plgsmendowski12/ts2i_images/IOPS/274_IOPS_id_15_WebService_tr_4591_1st_4691_ts2i_MTF_metadata.json
2026-02-08 14:09:15.296 | INFO     | src.pipelines.transform_time_series_to_images:run_pipeline:169 - Saved to /net/scratch/hscra/plgrid/plgsmendowski12/ts2i_images/IOPS/274_IOPS_id_15_WebService_tr_4591_1st_4691_ts2i_MTF.zip
2026-02-08 14:09:15.915 | INFO     | src.pipelines.transform_time_series_to_images:run_pipeline:68 - Transforming 274_IOPS_id_15_WebService_tr_4591_1st_4691 using RP
2026-02-08 14:09:15.917 | INFO     | src.pipelines.transform_time_series_to_images:run_pipeline:86 - window_len=50, stride=50, resolution=64x64
2026-02-08 14:09:15.917 | INFO     | src.images.creators:create_png_image_dataset:126 - Running with n_workers: 15 for train=True set
2026-02-08 14:09:16.142 | INFO     | src.images.creators:create_png_image_dataset:126 - Running with n_workers: 15 for train=False set
2026-02-08 14:09:25.929 | INFO     | src.pipelines.transform_time_series_to_images:run_pipeline:166 - Saved metadata to /net/scratch/hscra/plgrid/plgsmendowski12/ts2i_images/IOPS/274_IOPS_id_15_WebService_tr_4591_1st_4691_ts2i_RP_metadata.json
2026-02-08 14:09:27.770 | INFO     | src.pipelines.transform_time_series_to_images:run_pipeline:169 - Saved to /net/scratch/hscra/plgrid/plgsmendowski12/ts2i_images/IOPS/274_IOPS_id_15_WebService_tr_4591_1st_4691_ts2i_RP.zip
2026-02-08 14:09:28.395 | INFO     | src.pipelines.transform_time_series_to_images:run_pipeline:68 - Transforming 274_IOPS_id_15_WebService_tr_4591_1st_4691 using RWT
2026-02-08 14:09:28.397 | INFO     | src.pipelines.transform_time_series_to_images:run_pipeline:86 - window_len=50, stride=50, resolution=64x64
2026-02-08 14:09:28.397 | INFO     | src.images.creators:create_png_image_dataset:126 - Running with n_workers: 15 for train=True set
2026-02-08 14:09:28.696 | INFO     | src.images.creators:create_png_image_dataset:126 - Running with n_workers: 15 for train=False set
2026-02-08 14:09:40.726 | INFO     | src.pipelines.transform_time_series_to_images:run_pipeline:166 - Saved metadata to /net/scratch/hscra/plgrid/plgsmendowski12/ts2i_images/IOPS/274_IOPS_id_15_WebService_tr_4591_1st_4691_ts2i_RWT_metadata.json
2026-02-08 14:09:42.433 | INFO     | src.pipelines.transform_time_series_to_images:run_pipeline:169 - Saved to /net/scratch/hscra/plgrid/plgsmendowski12/ts2i_images/IOPS/274_IOPS_id_15_WebService_tr_4591_1st_4691_ts2i_RWT.zip
2026-02-08 14:09:43.054 | INFO     | src.pipelines.transform_time_series_to_images:run_pipeline:68 - Transforming 274_IOPS_id_15_WebService_tr_4591_1st_4691 using MWT
2026-02-08 14:09:43.056 | INFO     | src.pipelines.transform_time_series_to_images:run_pipeline:86 - window_len=50, stride=50, resolution=64x64
2026-02-08 14:09:43.056 | INFO     | src.images.creators:create_png_image_dataset:126 - Running with n_workers: 15 for train=True set
2026-02-08 14:09:43.363 | INFO     | src.images.creators:create_png_image_dataset:126 - Running with n_workers: 15 for train=False set
2026-02-08 14:09:55.245 | INFO     | src.pipelines.transform_time_series_to_images:run_pipeline:166 - Saved metadata to /net/scratch/hscra/plgrid/plgsmendowski12/ts2i_images/IOPS/274_IOPS_id_15_WebService_tr_4591_1st_4691_ts2i_MWT_metadata.json
2026-02-08 14:09:57.036 | INFO     | src.pipelines.transform_time_series_to_images:run_pipeline:169 - Saved to /net/scratch/hscra/plgrid/plgsmendowski12/ts2i_images/IOPS/274_IOPS_id_15_WebService_tr_4591_1st_4691_ts2i_MWT.zip
2026-02-08 14:09:58.039 | INFO     | src.pipelines.transform_time_series_to_images:run_pipeline:68 - Transforming 274_IOPS_id_15_WebService_tr_4591_1st_4691 using SPIRAL
2026-02-08 14:09:58.041 | INFO     | src.pipelines.transform_time_series_to_images:run_pipeline:86 - window_len=50, stride=50, resolution=64x64
2026-02-08 14:09:58.041 | INFO     | src.images.creators:create_png_image_dataset:126 - Running with n_workers: 15 for train=True set
2026-02-08 14:09:58.242 | INFO     | src.images.creators:create_png_image_dataset:126 - Running with n_workers: 15 for train=False set
2026-02-08 14:10:06.385 | INFO     | src.pipelines.transform_time_series_to_images:run_pipeline:166 - Saved metadata to /net/scratch/hscra/plgrid/plgsmendowski12/ts2i_images/IOPS/274_IOPS_id_15_WebService_tr_4591_1st_4691_ts2i_SPIRAL_metadata.json
2026-02-08 14:10:08.067 | INFO     | src.pipelines.transform_time_series_to_images:run_pipeline:169 - Saved to /net/scratch/hscra/plgrid/plgsmendowski12/ts2i_images/IOPS/274_IOPS_id_15_WebService_tr_4591_1st_4691_ts2i_SPIRAL.zip
2026-02-08 14:10:08.701 | INFO     | src.pipelines.transform_time_series_to_images:run_pipeline:45 - Loading data from data/TSB-AD/TSB-AD-U/275_IOPS_id_16_WebService_tr_1482_1st_1582.csv
2026-02-08 14:10:08.709 | INFO     | src.time_series.loaders:load_tsb_ad_u:91 - Found optimal window_len=63
2026-02-08 14:10:08.710 | INFO     | src.pipelines.transform_time_series_to_images:run_pipeline:68 - Transforming 275_IOPS_id_16_WebService_tr_1482_1st_1582 using RN
2026-02-08 14:10:08.712 | INFO     | src.pipelines.transform_time_series_to_images:run_pipeline:86 - window_len=63, stride=63, resolution=64x64
2026-02-08 14:10:08.712 | INFO     | src.images.creators:create_png_image_dataset:126 - Running with n_workers: 15 for train=True set
2026-02-08 14:10:08.768 | INFO     | src.images.creators:create_png_image_dataset:126 - Running with n_workers: 15 for train=False set
2026-02-08 14:10:09.564 | INFO     | src.pipelines.transform_time_series_to_images:run_pipeline:166 - Saved metadata to /net/scratch/hscra/plgrid/plgsmendowski12/ts2i_images/IOPS/275_IOPS_id_16_WebService_tr_1482_1st_1582_ts2i_RN_metadata.json
2026-02-08 14:10:09.668 | INFO     | src.pipelines.transform_time_series_to_images:run_pipeline:169 - Saved to /net/scratch/hscra/plgrid/plgsmendowski12/ts2i_images/IOPS/275_IOPS_id_16_WebService_tr_1482_1st_1582_ts2i_RN.zip
2026-02-08 14:10:09.703 | INFO     | src.pipelines.transform_time_series_to_images:run_pipeline:68 - Transforming 275_IOPS_id_16_WebService_tr_1482_1st_1582 using SG
2026-02-08 14:10:09.706 | INFO     | src.pipelines.transform_time_series_to_images:run_pipeline:86 - window_len=63, stride=63, resolution=64x64
2026-02-08 14:10:09.706 | INFO     | src.images.creators:create_png_image_dataset:126 - Running with n_workers: 15 for train=True set
2026-02-08 14:10:09.753 | INFO     | src.images.creators:create_png_image_dataset:126 - Running with n_workers: 15 for train=False set
2026-02-08 14:10:10.255 | INFO     | src.pipelines.transform_time_series_to_images:run_pipeline:166 - Saved metadata to /net/scratch/hscra/plgrid/plgsmendowski12/ts2i_images/IOPS/275_IOPS_id_16_WebService_tr_1482_1st_1582_ts2i_SG_metadata.json
2026-02-08 14:10:10.338 | INFO     | src.pipelines.transform_time_series_to_images:run_pipeline:169 - Saved to /net/scratch/hscra/plgrid/plgsmendowski12/ts2i_images/IOPS/275_IOPS_id_16_WebService_tr_1482_1st_1582_ts2i_SG.zip
2026-02-08 14:10:10.372 | INFO     | src.pipelines.transform_time_series_to_images:run_pipeline:68 - Transforming 275_IOPS_id_16_WebService_tr_1482_1st_1582 using LP
2026-02-08 14:10:10.374 | INFO     | src.pipelines.transform_time_series_to_images:run_pipeline:86 - window_len=63, stride=63, resolution=64x64
2026-02-08 14:10:10.374 | INFO     | src.images.creators:create_png_image_dataset:126 - Running with n_workers: 15 for train=True set
2026-02-08 14:10:10.492 | INFO     | src.images.creators:create_png_image_dataset:126 - Running with n_workers: 15 for train=False set
2026-02-08 14:10:11.403 | INFO     | src.pipelines.transform_time_series_to_images:run_pipeline:166 - Saved metadata to /net/scratch/hscra/plgrid/plgsmendowski12/ts2i_images/IOPS/275_IOPS_id_16_WebService_tr_1482_1st_1582_ts2i_LP_metadata.json
2026-02-08 14:10:11.480 | INFO     | src.pipelines.transform_time_series_to_images:run_pipeline:169 - Saved to /net/scratch/hscra/plgrid/plgsmendowski12/ts2i_images/IOPS/275_IOPS_id_16_WebService_tr_1482_1st_1582_ts2i_LP.zip
2026-02-08 14:10:11.513 | INFO     | src.pipelines.transform_time_series_to_images:run_pipeline:68 - Transforming 275_IOPS_id_16_WebService_tr_1482_1st_1582 using GASF
2026-02-08 14:10:11.515 | INFO     | src.pipelines.transform_time_series_to_images:run_pipeline:86 - window_len=63, stride=63, resolution=64x64
2026-02-08 14:10:11.515 | INFO     | src.images.creators:create_png_image_dataset:126 - Running with n_workers: 15 for train=True set
2026-02-08 14:10:11.585 | INFO     | src.images.creators:create_png_image_dataset:126 - Running with n_workers: 15 for train=False set
2026-02-08 14:10:12.261 | INFO     | src.pipelines.transform_time_series_to_images:run_pipeline:166 - Saved metadata to /net/scratch/hscra/plgrid/plgsmendowski12/ts2i_images/IOPS/275_IOPS_id_16_WebService_tr_1482_1st_1582_ts2i_GASF_metadata.json
2026-02-08 14:10:12.349 | INFO     | src.pipelines.transform_time_series_to_images:run_pipeline:169 - Saved to /net/scratch/hscra/plgrid/plgsmendowski12/ts2i_images/IOPS/275_IOPS_id_16_WebService_tr_1482_1st_1582_ts2i_GASF.zip
2026-02-08 14:10:12.384 | INFO     | src.pipelines.transform_time_series_to_images:run_pipeline:68 - Transforming 275_IOPS_id_16_WebService_tr_1482_1st_1582 using GADF
2026-02-08 14:10:12.386 | INFO     | src.pipelines.transform_time_series_to_images:run_pipeline:86 - window_len=63, stride=63, resolution=64x64
2026-02-08 14:10:12.386 | INFO     | src.images.creators:create_png_image_dataset:126 - Running with n_workers: 15 for train=True set
2026-02-08 14:10:12.463 | INFO     | src.images.creators:create_png_image_dataset:126 - Running with n_workers: 15 for train=False set
2026-02-08 14:10:13.125 | INFO     | src.pipelines.transform_time_series_to_images:run_pipeline:166 - Saved metadata to /net/scratch/hscra/plgrid/plgsmendowski12/ts2i_images/IOPS/275_IOPS_id_16_WebService_tr_1482_1st_1582_ts2i_GADF_metadata.json
2026-02-08 14:10:13.218 | INFO     | src.pipelines.transform_time_series_to_images:run_pipeline:169 - Saved to /net/scratch/hscra/plgrid/plgsmendowski12/ts2i_images/IOPS/275_IOPS_id_16_WebService_tr_1482_1st_1582_ts2i_GADF.zip
2026-02-08 14:10:13.251 | INFO     | src.pipelines.transform_time_series_to_images:run_pipeline:68 - Transforming 275_IOPS_id_16_WebService_tr_1482_1st_1582 using MTF
2026-02-08 14:10:13.254 | INFO     | src.pipelines.transform_time_series_to_images:run_pipeline:86 - window_len=63, stride=63, resolution=64x64
2026-02-08 14:10:13.254 | INFO     | src.images.creators:create_png_image_dataset:126 - Running with n_workers: 15 for train=True set
2026-02-08 14:10:13.312 | INFO     | src.images.creators:create_png_image_dataset:126 - Running with n_workers: 15 for train=False set
2026-02-08 14:10:13.893 | INFO     | src.pipelines.transform_time_series_to_images:run_pipeline:166 - Saved metadata to /net/scratch/hscra/plgrid/plgsmendowski12/ts2i_images/IOPS/275_IOPS_id_16_WebService_tr_1482_1st_1582_ts2i_MTF_metadata.json
2026-02-08 14:10:13.986 | INFO     | src.pipelines.transform_time_series_to_images:run_pipeline:169 - Saved to /net/scratch/hscra/plgrid/plgsmendowski12/ts2i_images/IOPS/275_IOPS_id_16_WebService_tr_1482_1st_1582_ts2i_MTF.zip
2026-02-08 14:10:14.019 | INFO     | src.pipelines.transform_time_series_to_images:run_pipeline:68 - Transforming 275_IOPS_id_16_WebService_tr_1482_1st_1582 using RP
2026-02-08 14:10:14.021 | INFO     | src.pipelines.transform_time_series_to_images:run_pipeline:86 - window_len=63, stride=63, resolution=64x64
2026-02-08 14:10:14.021 | INFO     | src.images.creators:create_png_image_dataset:126 - Running with n_workers: 15 for train=True set
2026-02-08 14:10:14.077 | INFO     | src.images.creators:create_png_image_dataset:126 - Running with n_workers: 15 for train=False set
2026-02-08 14:10:14.941 | INFO     | src.pipelines.transform_time_series_to_images:run_pipeline:166 - Saved metadata to /net/scratch/hscra/plgrid/plgsmendowski12/ts2i_images/IOPS/275_IOPS_id_16_WebService_tr_1482_1st_1582_ts2i_RP_metadata.json
2026-02-08 14:10:15.028 | INFO     | src.pipelines.transform_time_series_to_images:run_pipeline:169 - Saved to /net/scratch/hscra/plgrid/plgsmendowski12/ts2i_images/IOPS/275_IOPS_id_16_WebService_tr_1482_1st_1582_ts2i_RP.zip
2026-02-08 14:10:15.061 | INFO     | src.pipelines.transform_time_series_to_images:run_pipeline:68 - Transforming 275_IOPS_id_16_WebService_tr_1482_1st_1582 using RWT
2026-02-08 14:10:15.063 | INFO     | src.pipelines.transform_time_series_to_images:run_pipeline:86 - window_len=63, stride=63, resolution=64x64
2026-02-08 14:10:15.063 | INFO     | src.images.creators:create_png_image_dataset:126 - Running with n_workers: 15 for train=True set
2026-02-08 14:10:15.146 | INFO     | src.images.creators:create_png_image_dataset:126 - Running with n_workers: 15 for train=False set
2026-02-08 14:10:15.845 | INFO     | src.pipelines.transform_time_series_to_images:run_pipeline:166 - Saved metadata to /net/scratch/hscra/plgrid/plgsmendowski12/ts2i_images/IOPS/275_IOPS_id_16_WebService_tr_1482_1st_1582_ts2i_RWT_metadata.json
2026-02-08 14:10:15.935 | INFO     | src.pipelines.transform_time_series_to_images:run_pipeline:169 - Saved to /net/scratch/hscra/plgrid/plgsmendowski12/ts2i_images/IOPS/275_IOPS_id_16_WebService_tr_1482_1st_1582_ts2i_RWT.zip
2026-02-08 14:10:15.969 | INFO     | src.pipelines.transform_time_series_to_images:run_pipeline:68 - Transforming 275_IOPS_id_16_WebService_tr_1482_1st_1582 using MWT
2026-02-08 14:10:15.971 | INFO     | src.pipelines.transform_time_series_to_images:run_pipeline:86 - window_len=63, stride=63, resolution=64x64
2026-02-08 14:10:15.971 | INFO     | src.images.creators:create_png_image_dataset:126 - Running with n_workers: 15 for train=True set
2026-02-08 14:10:16.050 | INFO     | src.images.creators:create_png_image_dataset:126 - Running with n_workers: 15 for train=False set
2026-02-08 14:10:16.777 | INFO     | src.pipelines.transform_time_series_to_images:run_pipeline:166 - Saved metadata to /net/scratch/hscra/plgrid/plgsmendowski12/ts2i_images/IOPS/275_IOPS_id_16_WebService_tr_1482_1st_1582_ts2i_MWT_metadata.json
2026-02-08 14:10:16.861 | INFO     | src.pipelines.transform_time_series_to_images:run_pipeline:169 - Saved to /net/scratch/hscra/plgrid/plgsmendowski12/ts2i_images/IOPS/275_IOPS_id_16_WebService_tr_1482_1st_1582_ts2i_MWT.zip
2026-02-08 14:10:16.893 | INFO     | src.pipelines.transform_time_series_to_images:run_pipeline:68 - Transforming 275_IOPS_id_16_WebService_tr_1482_1st_1582 using SPIRAL
2026-02-08 14:10:16.895 | INFO     | src.pipelines.transform_time_series_to_images:run_pipeline:86 - window_len=63, stride=63, resolution=64x64
2026-02-08 14:10:16.895 | INFO     | src.images.creators:create_png_image_dataset:126 - Running with n_workers: 15 for train=True set
2026-02-08 14:10:16.948 | INFO     | src.images.creators:create_png_image_dataset:126 - Running with n_workers: 15 for train=False set
2026-02-08 14:10:17.478 | INFO     | src.pipelines.transform_time_series_to_images:run_pipeline:166 - Saved metadata to /net/scratch/hscra/plgrid/plgsmendowski12/ts2i_images/IOPS/275_IOPS_id_16_WebService_tr_1482_1st_1582_ts2i_SPIRAL_metadata.json
2026-02-08 14:10:17.567 | INFO     | src.pipelines.transform_time_series_to_images:run_pipeline:169 - Saved to /net/scratch/hscra/plgrid/plgsmendowski12/ts2i_images/IOPS/275_IOPS_id_16_WebService_tr_1482_1st_1582_ts2i_SPIRAL.zip
2026-02-08 14:10:17.601 | INFO     | src.pipelines.transform_time_series_to_images:run_pipeline:45 - Loading data from data/TSB-AD/TSB-AD-U/276_IOPS_id_17_WebService_tr_19197_1st_19297.csv
2026-02-08 14:10:17.623 | INFO     | src.time_series.loaders:load_tsb_ad_u:91 - Found optimal window_len=50
2026-02-08 14:10:17.624 | INFO     | src.pipelines.transform_time_series_to_images:run_pipeline:68 - Transforming 276_IOPS_id_17_WebService_tr_19197_1st_19297 using RN
2026-02-08 14:10:17.627 | INFO     | src.pipelines.transform_time_series_to_images:run_pipeline:86 - window_len=50, stride=50, resolution=64x64
2026-02-08 14:10:17.627 | INFO     | src.images.creators:create_png_image_dataset:126 - Running with n_workers: 15 for train=True set
2026-02-08 14:10:18.875 | INFO     | src.images.creators:create_png_image_dataset:126 - Running with n_workers: 15 for train=False set
2026-02-08 14:10:23.262 | INFO     | src.pipelines.transform_time_series_to_images:run_pipeline:166 - Saved metadata to /net/scratch/hscra/plgrid/plgsmendowski12/ts2i_images/IOPS/276_IOPS_id_17_WebService_tr_19197_1st_19297_ts2i_RN_metadata.json
2026-02-08 14:10:24.541 | INFO     | src.pipelines.transform_time_series_to_images:run_pipeline:169 - Saved to /net/scratch/hscra/plgrid/plgsmendowski12/ts2i_images/IOPS/276_IOPS_id_17_WebService_tr_19197_1st_19297_ts2i_RN.zip
2026-02-08 14:10:24.926 | INFO     | src.pipelines.transform_time_series_to_images:run_pipeline:68 - Transforming 276_IOPS_id_17_WebService_tr_19197_1st_19297 using SG
2026-02-08 14:10:24.928 | INFO     | src.pipelines.transform_time_series_to_images:run_pipeline:86 - window_len=50, stride=50, resolution=64x64
2026-02-08 14:10:24.928 | INFO     | src.images.creators:create_png_image_dataset:126 - Running with n_workers: 15 for train=True set
2026-02-08 14:10:26.039 | INFO     | src.images.creators:create_png_image_dataset:126 - Running with n_workers: 15 for train=False set
2026-02-08 14:10:30.280 | INFO     | src.pipelines.transform_time_series_to_images:run_pipeline:166 - Saved metadata to /net/scratch/hscra/plgrid/plgsmendowski12/ts2i_images/IOPS/276_IOPS_id_17_WebService_tr_19197_1st_19297_ts2i_SG_metadata.json
2026-02-08 14:10:31.236 | INFO     | src.pipelines.transform_time_series_to_images:run_pipeline:169 - Saved to /net/scratch/hscra/plgrid/plgsmendowski12/ts2i_images/IOPS/276_IOPS_id_17_WebService_tr_19197_1st_19297_ts2i_SG.zip
2026-02-08 14:10:31.615 | INFO     | src.pipelines.transform_time_series_to_images:run_pipeline:68 - Transforming 276_IOPS_id_17_WebService_tr_19197_1st_19297 using LP
2026-02-08 14:10:31.617 | INFO     | src.pipelines.transform_time_series_to_images:run_pipeline:86 - window_len=50, stride=50, resolution=64x64
2026-02-08 14:10:31.617 | INFO     | src.images.creators:create_png_image_dataset:126 - Running with n_workers: 15 for train=True set
2026-02-08 14:10:34.003 | INFO     | src.images.creators:create_png_image_dataset:126 - Running with n_workers: 15 for train=False set
2026-02-08 14:10:42.723 | INFO     | src.pipelines.transform_time_series_to_images:run_pipeline:166 - Saved metadata to /net/scratch/hscra/plgrid/plgsmendowski12/ts2i_images/IOPS/276_IOPS_id_17_WebService_tr_19197_1st_19297_ts2i_LP_metadata.json
2026-02-08 14:10:43.648 | INFO     | src.pipelines.transform_time_series_to_images:run_pipeline:169 - Saved to /net/scratch/hscra/plgrid/plgsmendowski12/ts2i_images/IOPS/276_IOPS_id_17_WebService_tr_19197_1st_19297_ts2i_LP.zip
2026-02-08 14:10:44.035 | INFO     | src.pipelines.transform_time_series_to_images:run_pipeline:68 - Transforming 276_IOPS_id_17_WebService_tr_19197_1st_19297 using GASF
2026-02-08 14:10:44.037 | INFO     | src.pipelines.transform_time_series_to_images:run_pipeline:86 - window_len=50, stride=50, resolution=64x64
2026-02-08 14:10:44.037 | INFO     | src.images.creators:create_png_image_dataset:126 - Running with n_workers: 15 for train=True set
2026-02-08 14:10:45.900 | INFO     | src.images.creators:create_png_image_dataset:126 - Running with n_workers: 15 for train=False set
2026-02-08 14:10:51.462 | INFO     | src.pipelines.transform_time_series_to_images:run_pipeline:166 - Saved metadata to /net/scratch/hscra/plgrid/plgsmendowski12/ts2i_images/IOPS/276_IOPS_id_17_WebService_tr_19197_1st_19297_ts2i_GASF_metadata.json
2026-02-08 14:10:52.663 | INFO     | src.pipelines.transform_time_series_to_images:run_pipeline:169 - Saved to /net/scratch/hscra/plgrid/plgsmendowski12/ts2i_images/IOPS/276_IOPS_id_17_WebService_tr_19197_1st_19297_ts2i_GASF.zip
2026-02-08 14:10:53.041 | INFO     | src.pipelines.transform_time_series_to_images:run_pipeline:68 - Transforming 276_IOPS_id_17_WebService_tr_19197_1st_19297 using GADF
2026-02-08 14:10:53.043 | INFO     | src.pipelines.transform_time_series_to_images:run_pipeline:86 - window_len=50, stride=50, resolution=64x64
2026-02-08 14:10:53.044 | INFO     | src.images.creators:create_png_image_dataset:126 - Running with n_workers: 15 for train=True set
2026-02-08 14:10:54.589 | INFO     | src.images.creators:create_png_image_dataset:126 - Running with n_workers: 15 for train=False set
2026-02-08 14:11:00.129 | INFO     | src.pipelines.transform_time_series_to_images:run_pipeline:166 - Saved metadata to /net/scratch/hscra/plgrid/plgsmendowski12/ts2i_images/IOPS/276_IOPS_id_17_WebService_tr_19197_1st_19297_ts2i_GADF_metadata.json
2026-02-08 14:11:01.893 | INFO     | src.pipelines.transform_time_series_to_images:run_pipeline:169 - Saved to /net/scratch/hscra/plgrid/plgsmendowski12/ts2i_images/IOPS/276_IOPS_id_17_WebService_tr_19197_1st_19297_ts2i_GADF.zip
2026-02-08 14:11:02.278 | INFO     | src.pipelines.transform_time_series_to_images:run_pipeline:68 - Transforming 276_IOPS_id_17_WebService_tr_19197_1st_19297 using MTF
2026-02-08 14:11:02.281 | INFO     | src.pipelines.transform_time_series_to_images:run_pipeline:86 - window_len=50, stride=50, resolution=64x64
2026-02-08 14:11:02.281 | INFO     | src.images.creators:create_png_image_dataset:126 - Running with n_workers: 15 for train=True set
2026-02-08 14:11:18.868 | INFO     | src.images.creators:create_png_image_dataset:126 - Running with n_workers: 15 for train=False set
2026-02-08 14:11:38.807 | INFO     | src.pipelines.transform_time_series_to_images:run_pipeline:166 - Saved metadata to /net/scratch/hscra/plgrid/plgsmendowski12/ts2i_images/IOPS/276_IOPS_id_17_WebService_tr_19197_1st_19297_ts2i_MTF_metadata.json
2026-02-08 14:11:40.301 | INFO     | src.pipelines.transform_time_series_to_images:run_pipeline:169 - Saved to /net/scratch/hscra/plgrid/plgsmendowski12/ts2i_images/IOPS/276_IOPS_id_17_WebService_tr_19197_1st_19297_ts2i_MTF.zip
2026-02-08 14:11:40.699 | INFO     | src.pipelines.transform_time_series_to_images:run_pipeline:68 - Transforming 276_IOPS_id_17_WebService_tr_19197_1st_19297 using RP
2026-02-08 14:11:40.701 | INFO     | src.pipelines.transform_time_series_to_images:run_pipeline:86 - window_len=50, stride=50, resolution=64x64
2026-02-08 14:11:40.701 | INFO     | src.images.creators:create_png_image_dataset:126 - Running with n_workers: 15 for train=True set
2026-02-08 14:11:42.032 | INFO     | src.images.creators:create_png_image_dataset:126 - Running with n_workers: 15 for train=False set
2026-02-08 14:11:46.559 | INFO     | src.pipelines.transform_time_series_to_images:run_pipeline:166 - Saved metadata to /net/scratch/hscra/plgrid/plgsmendowski12/ts2i_images/IOPS/276_IOPS_id_17_WebService_tr_19197_1st_19297_ts2i_RP_metadata.json
2026-02-08 14:11:47.663 | INFO     | src.pipelines.transform_time_series_to_images:run_pipeline:169 - Saved to /net/scratch/hscra/plgrid/plgsmendowski12/ts2i_images/IOPS/276_IOPS_id_17_WebService_tr_19197_1st_19297_ts2i_RP.zip
2026-02-08 14:11:48.048 | INFO     | src.pipelines.transform_time_series_to_images:run_pipeline:68 - Transforming 276_IOPS_id_17_WebService_tr_19197_1st_19297 using RWT
2026-02-08 14:11:48.051 | INFO     | src.pipelines.transform_time_series_to_images:run_pipeline:86 - window_len=50, stride=50, resolution=64x64
2026-02-08 14:11:48.051 | INFO     | src.images.creators:create_png_image_dataset:126 - Running with n_workers: 15 for train=True set
2026-02-08 14:11:50.034 | INFO     | src.images.creators:create_png_image_dataset:126 - Running with n_workers: 15 for train=False set
2026-02-08 14:11:55.827 | INFO     | src.pipelines.transform_time_series_to_images:run_pipeline:166 - Saved metadata to /net/scratch/hscra/plgrid/plgsmendowski12/ts2i_images/IOPS/276_IOPS_id_17_WebService_tr_19197_1st_19297_ts2i_RWT_metadata.json
2026-02-08 14:11:56.862 | INFO     | src.pipelines.transform_time_series_to_images:run_pipeline:169 - Saved to /net/scratch/hscra/plgrid/plgsmendowski12/ts2i_images/IOPS/276_IOPS_id_17_WebService_tr_19197_1st_19297_ts2i_RWT.zip
2026-02-08 14:11:57.237 | INFO     | src.pipelines.transform_time_series_to_images:run_pipeline:68 - Transforming 276_IOPS_id_17_WebService_tr_19197_1st_19297 using MWT
2026-02-08 14:11:57.239 | INFO     | src.pipelines.transform_time_series_to_images:run_pipeline:86 - window_len=50, stride=50, resolution=64x64
2026-02-08 14:11:57.240 | INFO     | src.images.creators:create_png_image_dataset:126 - Running with n_workers: 15 for train=True set
2026-02-08 14:11:58.956 | INFO     | src.images.creators:create_png_image_dataset:126 - Running with n_workers: 15 for train=False set
2026-02-08 14:12:05.156 | INFO     | src.pipelines.transform_time_series_to_images:run_pipeline:166 - Saved metadata to /net/scratch/hscra/plgrid/plgsmendowski12/ts2i_images/IOPS/276_IOPS_id_17_WebService_tr_19197_1st_19297_ts2i_MWT_metadata.json
2026-02-08 14:12:06.264 | INFO     | src.pipelines.transform_time_series_to_images:run_pipeline:169 - Saved to /net/scratch/hscra/plgrid/plgsmendowski12/ts2i_images/IOPS/276_IOPS_id_17_WebService_tr_19197_1st_19297_ts2i_MWT.zip
2026-02-08 14:12:06.650 | INFO     | src.pipelines.transform_time_series_to_images:run_pipeline:68 - Transforming 276_IOPS_id_17_WebService_tr_19197_1st_19297 using SPIRAL
2026-02-08 14:12:06.652 | INFO     | src.pipelines.transform_time_series_to_images:run_pipeline:86 - window_len=50, stride=50, resolution=64x64
2026-02-08 14:12:06.652 | INFO     | src.images.creators:create_png_image_dataset:126 - Running with n_workers: 15 for train=True set
2026-02-08 14:12:07.836 | INFO     | src.images.creators:create_png_image_dataset:126 - Running with n_workers: 15 for train=False set
2026-02-08 14:12:12.483 | INFO     | src.pipelines.transform_time_series_to_images:run_pipeline:166 - Saved metadata to /net/scratch/hscra/plgrid/plgsmendowski12/ts2i_images/IOPS/276_IOPS_id_17_WebService_tr_19197_1st_19297_ts2i_SPIRAL_metadata.json
2026-02-08 14:12:13.533 | INFO     | src.pipelines.transform_time_series_to_images:run_pipeline:169 - Saved to /net/scratch/hscra/plgrid/plgsmendowski12/ts2i_images/IOPS/276_IOPS_id_17_WebService_tr_19197_1st_19297_ts2i_SPIRAL.zip
warning: Using incompatible environment (`/net/scratch/hscra/plgrid/plgsmendowski12/.venv_ts2img`) due to `--no-sync` (The project environment's Python version does not satisfy the request: `Python 3.10.13`)
2026-02-08 14:12:24.088 | INFO     | src.pipelines.train_vision_backbones:run_pipeline:39 - Loading configuration from configs/default.yaml
2026-02-08 14:12:24.109 | INFO     | src.pipelines.train_vision_backbones:run_pipeline:70 - Using zip: /net/scratch/hscra/plgrid/plgsmendowski12/ts2i_images/IOPS/272_IOPS_id_13_WebService_tr_3442_1st_3542_ts2i_RN.zip for transformation RN
2026-02-08 14:12:27.788 | INFO     | src.pipelines.train_vision_backbones:run_pipeline:170 - Train images: 54
2026-02-08 14:12:27.788 | INFO     | src.pipelines.train_vision_backbones:run_pipeline:171 - Test images: 2914
2026-02-08 14:12:27.799 | INFO     | src.pipelines.train_vision_backbones:run_pipeline:176 - Training cnn_autoencoder on RN
2026-02-08 14:12:28.459 | INFO     | src.models.cnn_autoencoder.training:train_autoencoder:22 - Device: cuda | Model on: cuda:0
2026-02-08 14:12:37.493 | INFO     | src.pipelines.train_vision_backbones:run_pipeline:193 - Evaluating cnn_autoencoder on RN
2026-02-08 14:12:39.861 | INFO     | src.models.evaluation:evaluate_tsb_ad_nonoverlapping:65 - Normal (145081) reconstruction error: mean=0.5166, std=0.1692
2026-02-08 14:12:39.861 | INFO     | src.models.evaluation:evaluate_tsb_ad_nonoverlapping:66 - Anomaly (633) reconstruction error: mean=0.5081, std=0.1868
2026-02-08 14:12:39.861 | INFO     | src.models.evaluation:evaluate_tsb_ad_nonoverlapping:67 - Overlap? Normal max=1.0000, Anomaly min=0.0000
2026-02-08 14:13:27.846 | INFO     | src.models.evaluation:evaluate_tsb_ad_nonoverlapping:83 - {'AUC-PR': 0.0057547886485532045, 'AUC-ROC': 0.4760133885224197, 'VUS-PR': np.float64(0.022729865183273232), 'VUS-ROC': np.float64(0.6031010529830474), 'Standard-F1': np.float64(0.03904058956110064), 'PA-F1': 0.039045553145336226, 'Event-based-F1': np.float64(0.023872679045092396), 'R-based-F1': 0.019203413940256046, 'Affiliation-F': 0.6676205156704679}
2026-02-08 14:13:27.997 | INFO     | src.pipelines.train_vision_backbones:run_pipeline:170 - Train images: 54
2026-02-08 14:13:27.997 | INFO     | src.pipelines.train_vision_backbones:run_pipeline:171 - Test images: 2914
2026-02-08 14:13:28.261 | INFO     | src.pipelines.train_vision_backbones:run_pipeline:176 - Training resnet18_autoencoder_frozen on RN
2026-02-08 14:13:28.274 | INFO     | src.models.resnet18_autoencoder.training:train_autoencoder_frozen:25 - Device: cuda | Model on: cuda:0
2026-02-08 14:13:40.019 | INFO     | src.pipelines.train_vision_backbones:run_pipeline:193 - Evaluating resnet18_autoencoder_frozen on RN
2026-02-08 14:13:42.911 | INFO     | src.models.evaluation:evaluate_tsb_ad_nonoverlapping:65 - Normal (145081) reconstruction error: mean=0.4311, std=0.1872
2026-02-08 14:13:42.912 | INFO     | src.models.evaluation:evaluate_tsb_ad_nonoverlapping:66 - Anomaly (633) reconstruction error: mean=0.4340, std=0.1764
2026-02-08 14:13:42.912 | INFO     | src.models.evaluation:evaluate_tsb_ad_nonoverlapping:67 - Overlap? Normal max=1.0000, Anomaly min=0.0038
2026-02-08 14:14:27.393 | INFO     | src.models.evaluation:evaluate_tsb_ad_nonoverlapping:83 - {'AUC-PR': 0.004724429199228542, 'AUC-ROC': 0.497053506298105, 'VUS-PR': np.float64(0.025267818095462705), 'VUS-ROC': np.float64(0.6309812704689503), 'Standard-F1': np.float64(0.02113538147642604), 'PA-F1': 0.018730489073881373, 'Event-based-F1': np.float64(0.016028955532574624), 'R-based-F1': 0.011513157894736841, 'Affiliation-F': 0.6692044301116126}
2026-02-08 14:14:27.547 | INFO     | src.pipelines.train_vision_backbones:run_pipeline:170 - Train images: 54
2026-02-08 14:14:27.548 | INFO     | src.pipelines.train_vision_backbones:run_pipeline:171 - Test images: 2914
2026-02-08 14:14:27.757 | INFO     | src.pipelines.train_vision_backbones:run_pipeline:176 - Training resnet18_autoencoder_progressive_unfreeze on RN
2026-02-08 14:14:27.771 | INFO     | src.models.resnet18_autoencoder.training:train_autoencoder_progressive_unfreeze:133 - Device: cuda | Model on: cuda:0
2026-02-08 14:14:37.275 | INFO     | src.pipelines.train_vision_backbones:run_pipeline:193 - Evaluating resnet18_autoencoder_progressive_unfreeze on RN
2026-02-08 14:14:39.751 | INFO     | src.models.evaluation:evaluate_tsb_ad_nonoverlapping:65 - Normal (145081) reconstruction error: mean=0.4311, std=0.1744
2026-02-08 14:14:39.751 | INFO     | src.models.evaluation:evaluate_tsb_ad_nonoverlapping:66 - Anomaly (633) reconstruction error: mean=0.4343, std=0.1591
2026-02-08 14:14:39.751 | INFO     | src.models.evaluation:evaluate_tsb_ad_nonoverlapping:67 - Overlap? Normal max=1.0000, Anomaly min=0.0665
2026-02-08 14:15:23.989 | INFO     | src.models.evaluation:evaluate_tsb_ad_nonoverlapping:83 - {'AUC-PR': 0.004696296398388507, 'AUC-ROC': 0.497802317173738, 'VUS-PR': np.float64(0.024876142703995505), 'VUS-ROC': np.float64(0.6315532082654177), 'Standard-F1': np.float64(0.02113538147642604), 'PA-F1': 0.018730489073881373, 'Event-based-F1': np.float64(0.016028955532574624), 'R-based-F1': 0.011513157894736841, 'Affiliation-F': 0.6685475708184164}
2026-02-08 14:15:24.142 | INFO     | src.pipelines.train_vision_backbones:run_pipeline:170 - Train images: 54
2026-02-08 14:15:24.142 | INFO     | src.pipelines.train_vision_backbones:run_pipeline:171 - Test images: 2914
2026-02-08 14:15:24.351 | INFO     | src.pipelines.train_vision_backbones:run_pipeline:176 - Training resnet18_autoencoder_differential_lr on RN
2026-02-08 14:15:24.364 | INFO     | src.models.resnet18_autoencoder.training:train_autoencoder_differential_lr:271 - Device: cuda | Model on: cuda:0
2026-02-08 14:15:40.847 | INFO     | src.pipelines.train_vision_backbones:run_pipeline:193 - Evaluating resnet18_autoencoder_differential_lr on RN
2026-02-08 14:15:50.388 | INFO     | src.models.evaluation:evaluate_tsb_ad_nonoverlapping:65 - Normal (145081) reconstruction error: mean=0.4497, std=0.1723
2026-02-08 14:15:50.388 | INFO     | src.models.evaluation:evaluate_tsb_ad_nonoverlapping:66 - Anomaly (633) reconstruction error: mean=0.4601, std=0.1513
2026-02-08 14:15:50.389 | INFO     | src.models.evaluation:evaluate_tsb_ad_nonoverlapping:67 - Overlap? Normal max=1.0000, Anomaly min=0.0660
2026-02-08 14:16:35.292 | INFO     | src.models.evaluation:evaluate_tsb_ad_nonoverlapping:83 - {'AUC-PR': 0.004780281243908824, 'AUC-ROC': 0.5098758254268441, 'VUS-PR': np.float64(0.025073645782840444), 'VUS-ROC': np.float64(0.6355333345099223), 'Standard-F1': np.float64(0.018727062599541707), 'PA-F1': 0.018730489073881373, 'Event-based-F1': np.float64(0.016028955532574624), 'R-based-F1': 0.011605963389318739, 'Affiliation-F': 0.6681613424228845}
2026-02-08 14:16:35.446 | INFO     | src.pipelines.train_vision_backbones:run_pipeline:170 - Train images: 54
2026-02-08 14:16:35.446 | INFO     | src.pipelines.train_vision_backbones:run_pipeline:171 - Test images: 2914
Warning: You are sending unauthenticated requests to the HF Hub. Please set a HF_TOKEN to enable higher rate limits and faster downloads.
2026-02-08 14:16:36.460 | INFO     | src.pipelines.train_vision_backbones:run_pipeline:176 - Training pvt_autoencoder_frozen on RN
2026-02-08 14:16:36.484 | INFO     | src.models.pvt_autoencoder.training:train_pvt_autoencoder_frozen:24 - Device: cuda | Model on: cuda:0
2026-02-08 14:16:55.296 | INFO     | src.pipelines.train_vision_backbones:run_pipeline:193 - Evaluating pvt_autoencoder_frozen on RN
2026-02-08 14:17:06.047 | INFO     | src.models.evaluation:evaluate_tsb_ad_nonoverlapping:65 - Normal (145081) reconstruction error: mean=0.4298, std=0.1652
2026-02-08 14:17:06.047 | INFO     | src.models.evaluation:evaluate_tsb_ad_nonoverlapping:66 - Anomaly (633) reconstruction error: mean=0.4273, std=0.1424
2026-02-08 14:17:06.047 | INFO     | src.models.evaluation:evaluate_tsb_ad_nonoverlapping:67 - Overlap? Normal max=1.0000, Anomaly min=0.0642
2026-02-08 14:17:49.972 | INFO     | src.models.evaluation:evaluate_tsb_ad_nonoverlapping:83 - {'AUC-PR': 0.004489156536628364, 'AUC-ROC': 0.4832845024100662, 'VUS-PR': np.float64(0.02355019020800091), 'VUS-ROC': np.float64(0.6207607598937381), 'Standard-F1': np.float64(0.018727062599541707), 'PA-F1': 0.018730489073881373, 'Event-based-F1': np.float64(0.016028955532574624), 'R-based-F1': 0.011513157894736841, 'Affiliation-F': 0.6689718673671623}
2026-02-08 14:17:50.141 | INFO     | src.pipelines.train_vision_backbones:run_pipeline:170 - Train images: 54
2026-02-08 14:17:50.141 | INFO     | src.pipelines.train_vision_backbones:run_pipeline:171 - Test images: 2914
2026-02-08 14:17:51.130 | INFO     | src.pipelines.train_vision_backbones:run_pipeline:176 - Training pvt_autoencoder_progressive_unfreeze on RN
2026-02-08 14:17:51.153 | INFO     | src.models.pvt_autoencoder.training:train_pvt_autoencoder_progressive_unfreeze:132 - Device: cuda | Model on: cuda:0
2026-02-08 14:18:04.883 | INFO     | src.pipelines.train_vision_backbones:run_pipeline:193 - Evaluating pvt_autoencoder_progressive_unfreeze on RN
2026-02-08 14:18:14.352 | INFO     | src.models.evaluation:evaluate_tsb_ad_nonoverlapping:65 - Normal (145081) reconstruction error: mean=0.4217, std=0.1679
2026-02-08 14:18:14.352 | INFO     | src.models.evaluation:evaluate_tsb_ad_nonoverlapping:66 - Anomaly (633) reconstruction error: mean=0.4237, std=0.1504
2026-02-08 14:18:14.353 | INFO     | src.models.evaluation:evaluate_tsb_ad_nonoverlapping:67 - Overlap? Normal max=1.0000, Anomaly min=0.0373
2026-02-08 14:18:58.351 | INFO     | src.models.evaluation:evaluate_tsb_ad_nonoverlapping:83 - {'AUC-PR': 0.004625747766116491, 'AUC-ROC': 0.49178676382043507, 'VUS-PR': np.float64(0.02482750055865081), 'VUS-ROC': np.float64(0.6267126700946166), 'Standard-F1': np.float64(0.018727062599541707), 'PA-F1': 0.018730489073881373, 'Event-based-F1': np.float64(0.016028955532574624), 'R-based-F1': 0.011605963389318739, 'Affiliation-F': 0.6677179773958878}
2026-02-08 14:18:58.511 | INFO     | src.pipelines.train_vision_backbones:run_pipeline:170 - Train images: 54
2026-02-08 14:18:58.512 | INFO     | src.pipelines.train_vision_backbones:run_pipeline:171 - Test images: 2914
2026-02-08 14:18:59.447 | INFO     | src.pipelines.train_vision_backbones:run_pipeline:176 - Training pvt_autoencoder_differential_lr on RN
2026-02-08 14:18:59.472 | INFO     | src.models.pvt_autoencoder.training:train_pvt_autoencoder_differential_lr:267 - Device: cuda | Model on: cuda:0
2026-02-08 14:19:28.977 | INFO     | src.pipelines.train_vision_backbones:run_pipeline:193 - Evaluating pvt_autoencoder_differential_lr on RN
2026-02-08 14:19:40.472 | INFO     | src.models.evaluation:evaluate_tsb_ad_nonoverlapping:65 - Normal (145081) reconstruction error: mean=0.4324, std=0.1679
2026-02-08 14:19:40.473 | INFO     | src.models.evaluation:evaluate_tsb_ad_nonoverlapping:66 - Anomaly (633) reconstruction error: mean=0.4398, std=0.1467
2026-02-08 14:19:40.473 | INFO     | src.models.evaluation:evaluate_tsb_ad_nonoverlapping:67 - Overlap? Normal max=1.0000, Anomaly min=0.0468
2026-02-08 14:20:24.748 | INFO     | src.models.evaluation:evaluate_tsb_ad_nonoverlapping:83 - {'AUC-PR': 0.004706036983364498, 'AUC-ROC': 0.501467383154802, 'VUS-PR': np.float64(0.024719212577682927), 'VUS-ROC': np.float64(0.6313570032508232), 'Standard-F1': np.float64(0.02113538147642604), 'PA-F1': 0.018730489073881373, 'Event-based-F1': np.float64(0.016028955532574624), 'R-based-F1': 0.011605963389318739, 'Affiliation-F': 0.6681613424228845}
2026-02-08 14:20:25.560 | INFO     | src.pipelines.train_vision_backbones:run_pipeline:70 - Using zip: /net/scratch/hscra/plgrid/plgsmendowski12/ts2i_images/IOPS/272_IOPS_id_13_WebService_tr_3442_1st_3542_ts2i_LP.zip for transformation LP
2026-02-08 14:20:29.164 | INFO     | src.pipelines.train_vision_backbones:run_pipeline:170 - Train images: 54
2026-02-08 14:20:29.164 | INFO     | src.pipelines.train_vision_backbones:run_pipeline:171 - Test images: 2914
2026-02-08 14:20:29.171 | INFO     | src.pipelines.train_vision_backbones:run_pipeline:176 - Training cnn_autoencoder on LP
2026-02-08 14:20:29.175 | INFO     | src.models.cnn_autoencoder.training:train_autoencoder:22 - Device: cuda | Model on: cuda:0
2026-02-08 14:20:50.860 | INFO     | src.pipelines.train_vision_backbones:run_pipeline:193 - Evaluating cnn_autoencoder on LP
2026-02-08 14:20:53.386 | INFO     | src.models.evaluation:evaluate_tsb_ad_nonoverlapping:65 - Normal (145081) reconstruction error: mean=0.0886, std=0.0544
2026-02-08 14:20:53.387 | INFO     | src.models.evaluation:evaluate_tsb_ad_nonoverlapping:66 - Anomaly (633) reconstruction error: mean=0.4121, std=0.2444
2026-02-08 14:20:53.387 | INFO     | src.models.evaluation:evaluate_tsb_ad_nonoverlapping:67 - Overlap? Normal max=1.0000, Anomaly min=0.0117
2026-02-08 14:21:21.356 | INFO     | src.models.evaluation:evaluate_tsb_ad_nonoverlapping:83 - {'AUC-PR': 0.2822774218126447, 'AUC-ROC': 0.9540828654925925, 'VUS-PR': np.float64(0.5703100828174171), 'VUS-ROC': np.float64(0.9674610169091805), 'Standard-F1': np.float64(0.4164067651474671), 'PA-F1': 0.42379182156133827, 'Event-based-F1': np.float64(0.352415796836328), 'R-based-F1': 0.3508478966776838, 'Affiliation-F': 0.8570475837615876}
2026-02-08 14:21:21.508 | INFO     | src.pipelines.train_vision_backbones:run_pipeline:170 - Train images: 54
2026-02-08 14:21:21.509 | INFO     | src.pipelines.train_vision_backbones:run_pipeline:171 - Test images: 2914
2026-02-08 14:21:21.718 | INFO     | src.pipelines.train_vision_backbones:run_pipeline:176 - Training resnet18_autoencoder_frozen on LP
2026-02-08 14:21:21.731 | INFO     | src.models.resnet18_autoencoder.training:train_autoencoder_frozen:25 - Device: cuda | Model on: cuda:0
2026-02-08 14:21:50.931 | INFO     | src.pipelines.train_vision_backbones:run_pipeline:193 - Evaluating resnet18_autoencoder_frozen on LP
2026-02-08 14:21:53.331 | INFO     | src.models.evaluation:evaluate_tsb_ad_nonoverlapping:65 - Normal (145081) reconstruction error: mean=0.1032, std=0.0565
2026-02-08 14:21:53.331 | INFO     | src.models.evaluation:evaluate_tsb_ad_nonoverlapping:66 - Anomaly (633) reconstruction error: mean=0.4268, std=0.2482
2026-02-08 14:21:53.331 | INFO     | src.models.evaluation:evaluate_tsb_ad_nonoverlapping:67 - Overlap? Normal max=1.0000, Anomaly min=0.0174
2026-02-08 14:22:21.672 | INFO     | src.models.evaluation:evaluate_tsb_ad_nonoverlapping:83 - {'AUC-PR': 0.2718276224095715, 'AUC-ROC': 0.9478224197970229, 'VUS-PR': np.float64(0.5428633225141951), 'VUS-ROC': np.float64(0.9581983096029487), 'Standard-F1': np.float64(0.40959741329250365), 'PA-F1': 0.42379182156133827, 'Event-based-F1': np.float64(0.345376607470912), 'R-based-F1': 0.3436578318863709, 'Affiliation-F': 0.8377015177778966}
2026-02-08 14:22:21.824 | INFO     | src.pipelines.train_vision_backbones:run_pipeline:170 - Train images: 54
2026-02-08 14:22:21.824 | INFO     | src.pipelines.train_vision_backbones:run_pipeline:171 - Test images: 2914
2026-02-08 14:22:22.030 | INFO     | src.pipelines.train_vision_backbones:run_pipeline:176 - Training resnet18_autoencoder_progressive_unfreeze on LP
2026-02-08 14:22:22.044 | INFO     | src.models.resnet18_autoencoder.training:train_autoencoder_progressive_unfreeze:133 - Device: cuda | Model on: cuda:0
2026-02-08 14:23:03.336 | INFO     | src.pipelines.train_vision_backbones:run_pipeline:193 - Evaluating resnet18_autoencoder_progressive_unfreeze on LP
2026-02-08 14:23:05.988 | INFO     | src.models.evaluation:evaluate_tsb_ad_nonoverlapping:65 - Normal (145081) reconstruction error: mean=0.0940, std=0.0595
2026-02-08 14:23:05.988 | INFO     | src.models.evaluation:evaluate_tsb_ad_nonoverlapping:66 - Anomaly (633) reconstruction error: mean=0.4231, std=0.2462
2026-02-08 14:23:05.988 | INFO     | src.models.evaluation:evaluate_tsb_ad_nonoverlapping:67 - Overlap? Normal max=1.0000, Anomaly min=0.0160
2026-02-08 14:23:34.127 | INFO     | src.models.evaluation:evaluate_tsb_ad_nonoverlapping:83 - {'AUC-PR': 0.26935147077272326, 'AUC-ROC': 0.9529760043724772, 'VUS-PR': np.float64(0.5143995825869504), 'VUS-ROC': np.float64(0.9667584119885717), 'Standard-F1': np.float64(0.40959741329250365), 'PA-F1': 0.42379182156133827, 'Event-based-F1': np.float64(0.3442925180519277), 'R-based-F1': 0.3425375084848131, 'Affiliation-F': 0.8359864019265179}
2026-02-08 14:23:34.284 | INFO     | src.pipelines.train_vision_backbones:run_pipeline:170 - Train images: 54
2026-02-08 14:23:34.285 | INFO     | src.pipelines.train_vision_backbones:run_pipeline:171 - Test images: 2914
2026-02-08 14:23:34.511 | INFO     | src.pipelines.train_vision_backbones:run_pipeline:176 - Training resnet18_autoencoder_differential_lr on LP
2026-02-08 14:23:34.525 | INFO     | src.models.resnet18_autoencoder.training:train_autoencoder_differential_lr:271 - Device: cuda | Model on: cuda:0
2026-02-08 14:24:03.130 | INFO     | src.pipelines.train_vision_backbones:run_pipeline:193 - Evaluating resnet18_autoencoder_differential_lr on LP
2026-02-08 14:24:05.760 | INFO     | src.models.evaluation:evaluate_tsb_ad_nonoverlapping:65 - Normal (145081) reconstruction error: mean=0.1058, std=0.0899
2026-02-08 14:24:05.760 | INFO     | src.models.evaluation:evaluate_tsb_ad_nonoverlapping:66 - Anomaly (633) reconstruction error: mean=0.4455, std=0.2412
2026-02-08 14:24:05.761 | INFO     | src.models.evaluation:evaluate_tsb_ad_nonoverlapping:67 - Overlap? Normal max=1.0000, Anomaly min=0.0368
2026-02-08 14:24:34.686 | INFO     | src.models.evaluation:evaluate_tsb_ad_nonoverlapping:83 - {'AUC-PR': 0.10778958764638465, 'AUC-ROC': 0.939644823129963, 'VUS-PR': np.float64(0.2247289555400613), 'VUS-ROC': np.float64(0.9504540452189041), 'Standard-F1': np.float64(0.20780933049985664), 'PA-F1': 0.21643286573146292, 'Event-based-F1': np.float64(0.17526946508669702), 'R-based-F1': 0.1789349912720586, 'Affiliation-F': 0.7998420050624729}
2026-02-08 14:24:34.839 | INFO     | src.pipelines.train_vision_backbones:run_pipeline:170 - Train images: 54
2026-02-08 14:24:34.839 | INFO     | src.pipelines.train_vision_backbones:run_pipeline:171 - Test images: 2914
2026-02-08 14:24:35.810 | INFO     | src.pipelines.train_vision_backbones:run_pipeline:176 - Training pvt_autoencoder_frozen on LP
2026-02-08 14:24:35.833 | INFO     | src.models.pvt_autoencoder.training:train_pvt_autoencoder_frozen:24 - Device: cuda | Model on: cuda:0
2026-02-08 14:25:07.085 | INFO     | src.pipelines.train_vision_backbones:run_pipeline:193 - Evaluating pvt_autoencoder_frozen on LP
2026-02-08 14:25:10.535 | INFO     | src.models.evaluation:evaluate_tsb_ad_nonoverlapping:65 - Normal (145081) reconstruction error: mean=0.1021, std=0.0559
2026-02-08 14:25:10.535 | INFO     | src.models.evaluation:evaluate_tsb_ad_nonoverlapping:66 - Anomaly (633) reconstruction error: mean=0.4260, std=0.2456
2026-02-08 14:25:10.535 | INFO     | src.models.evaluation:evaluate_tsb_ad_nonoverlapping:67 - Overlap? Normal max=1.0000, Anomaly min=0.0295
2026-02-08 14:25:39.052 | INFO     | src.models.evaluation:evaluate_tsb_ad_nonoverlapping:83 - {'AUC-PR': 0.278375769040559, 'AUC-ROC': 0.9450294057556102, 'VUS-PR': np.float64(0.5336887407474724), 'VUS-ROC': np.float64(0.9583362002865645), 'Standard-F1': np.float64(0.4382365194622334), 'PA-F1': 0.44731182795698926, 'Event-based-F1': np.float64(0.34795321637426857), 'R-based-F1': 0.3462576693171579, 'Affiliation-F': 0.8352418712144909}
2026-02-08 14:25:39.212 | INFO     | src.pipelines.train_vision_backbones:run_pipeline:170 - Train images: 54
2026-02-08 14:25:39.212 | INFO     | src.pipelines.train_vision_backbones:run_pipeline:171 - Test images: 2914
2026-02-08 14:25:40.178 | INFO     | src.pipelines.train_vision_backbones:run_pipeline:176 - Training pvt_autoencoder_progressive_unfreeze on LP
2026-02-08 14:25:40.201 | INFO     | src.models.pvt_autoencoder.training:train_pvt_autoencoder_progressive_unfreeze:132 - Device: cuda | Model on: cuda:0
2026-02-08 14:26:23.989 | INFO     | src.pipelines.train_vision_backbones:run_pipeline:193 - Evaluating pvt_autoencoder_progressive_unfreeze on LP
2026-02-08 14:26:26.916 | INFO     | src.models.evaluation:evaluate_tsb_ad_nonoverlapping:65 - Normal (145081) reconstruction error: mean=0.0828, std=0.0560
2026-02-08 14:26:26.916 | INFO     | src.models.evaluation:evaluate_tsb_ad_nonoverlapping:66 - Anomaly (633) reconstruction error: mean=0.4222, std=0.2509
2026-02-08 14:26:26.916 | INFO     | src.models.evaluation:evaluate_tsb_ad_nonoverlapping:67 - Overlap? Normal max=1.0000, Anomaly min=0.0053
2026-02-08 14:26:54.713 | INFO     | src.models.evaluation:evaluate_tsb_ad_nonoverlapping:83 - {'AUC-PR': 0.2842432672715237, 'AUC-ROC': 0.9568600905657396, 'VUS-PR': np.float64(0.5790031379983053), 'VUS-ROC': np.float64(0.9718295786068618), 'Standard-F1': np.float64(0.4109540558397662), 'PA-F1': 0.42379182156133827, 'Event-based-F1': np.float64(0.3591921782336908), 'R-based-F1': 0.35777055179378503, 'Affiliation-F': 0.849963139872336}
2026-02-08 14:26:54.873 | INFO     | src.pipelines.train_vision_backbones:run_pipeline:170 - Train images: 54
2026-02-08 14:26:54.873 | INFO     | src.pipelines.train_vision_backbones:run_pipeline:171 - Test images: 2914
2026-02-08 14:27:05.852 | INFO     | src.pipelines.train_vision_backbones:run_pipeline:176 - Training pvt_autoencoder_differential_lr on LP
2026-02-08 14:27:05.875 | INFO     | src.models.pvt_autoencoder.training:train_pvt_autoencoder_differential_lr:267 - Device: cuda | Model on: cuda:0
2026-02-08 14:27:39.598 | INFO     | src.pipelines.train_vision_backbones:run_pipeline:193 - Evaluating pvt_autoencoder_differential_lr on LP
2026-02-08 14:27:54.907 | INFO     | src.models.evaluation:evaluate_tsb_ad_nonoverlapping:65 - Normal (145081) reconstruction error: mean=0.0971, std=0.0589
2026-02-08 14:27:54.907 | INFO     | src.models.evaluation:evaluate_tsb_ad_nonoverlapping:66 - Anomaly (633) reconstruction error: mean=0.4216, std=0.2490
2026-02-08 14:27:54.907 | INFO     | src.models.evaluation:evaluate_tsb_ad_nonoverlapping:67 - Overlap? Normal max=1.0000, Anomaly min=0.0088
2026-02-08 14:28:23.459 | INFO     | src.models.evaluation:evaluate_tsb_ad_nonoverlapping:83 - {'AUC-PR': 0.26533161829336455, 'AUC-ROC': 0.9450880536060082, 'VUS-PR': np.float64(0.5091776993237999), 'VUS-ROC': np.float64(0.9590303423878593), 'Standard-F1': np.float64(0.40959741329250365), 'PA-F1': 0.42379182156133827, 'Event-based-F1': np.float64(0.33341706438918145), 'R-based-F1': 0.3313815932977913, 'Affiliation-F': 0.835181524292921}
2026-02-08 14:28:24.321 | INFO     | src.pipelines.train_vision_backbones:run_pipeline:70 - Using zip: /net/scratch/hscra/plgrid/plgsmendowski12/ts2i_images/IOPS/272_IOPS_id_13_WebService_tr_3442_1st_3542_ts2i_SG.zip for transformation SG
2026-02-08 14:28:28.028 | INFO     | src.pipelines.train_vision_backbones:run_pipeline:170 - Train images: 54
2026-02-08 14:28:28.029 | INFO     | src.pipelines.train_vision_backbones:run_pipeline:171 - Test images: 2914
2026-02-08 14:28:28.035 | INFO     | src.pipelines.train_vision_backbones:run_pipeline:176 - Training cnn_autoencoder on SG
2026-02-08 14:28:28.039 | INFO     | src.models.cnn_autoencoder.training:train_autoencoder:22 - Device: cuda | Model on: cuda:0
2026-02-08 14:28:43.060 | INFO     | src.pipelines.train_vision_backbones:run_pipeline:193 - Evaluating cnn_autoencoder on SG
2026-02-08 14:28:45.303 | INFO     | src.models.evaluation:evaluate_tsb_ad_nonoverlapping:65 - Normal (145081) reconstruction error: mean=0.0263, std=0.0536
2026-02-08 14:28:45.303 | INFO     | src.models.evaluation:evaluate_tsb_ad_nonoverlapping:66 - Anomaly (633) reconstruction error: mean=0.4752, std=0.2544
2026-02-08 14:28:45.303 | INFO     | src.models.evaluation:evaluate_tsb_ad_nonoverlapping:67 - Overlap? Normal max=1.0000, Anomaly min=0.0049
2026-02-08 14:29:10.506 | INFO     | src.models.evaluation:evaluate_tsb_ad_nonoverlapping:83 - {'AUC-PR': 0.3050653894193791, 'AUC-ROC': 0.9832044087851868, 'VUS-PR': np.float64(0.6982398708922325), 'VUS-ROC': np.float64(0.9925573744820945), 'Standard-F1': np.float64(0.44578486198919537), 'PA-F1': 0.4620758483033932, 'Event-based-F1': np.float64(0.3899872553184532), 'R-based-F1': 0.38660006634301985, 'Affiliation-F': 0.8880301265810145}
2026-02-08 14:29:10.658 | INFO     | src.pipelines.train_vision_backbones:run_pipeline:170 - Train images: 54
2026-02-08 14:29:10.658 | INFO     | src.pipelines.train_vision_backbones:run_pipeline:171 - Test images: 2914
2026-02-08 14:29:10.868 | INFO     | src.pipelines.train_vision_backbones:run_pipeline:176 - Training resnet18_autoencoder_frozen on SG
2026-02-08 14:29:10.881 | INFO     | src.models.resnet18_autoencoder.training:train_autoencoder_frozen:25 - Device: cuda | Model on: cuda:0
2026-02-08 14:29:15.270 | INFO     | src.pipelines.train_vision_backbones:run_pipeline:193 - Evaluating resnet18_autoencoder_frozen on SG
2026-02-08 14:29:17.967 | INFO     | src.models.evaluation:evaluate_tsb_ad_nonoverlapping:65 - Normal (145081) reconstruction error: mean=0.1469, std=0.1661
2026-02-08 14:29:17.967 | INFO     | src.models.evaluation:evaluate_tsb_ad_nonoverlapping:66 - Anomaly (633) reconstruction error: mean=0.3265, std=0.1559
2026-02-08 14:29:17.967 | INFO     | src.models.evaluation:evaluate_tsb_ad_nonoverlapping:67 - Overlap? Normal max=1.0000, Anomaly min=0.0110
2026-02-08 14:29:48.444 | INFO     | src.models.evaluation:evaluate_tsb_ad_nonoverlapping:83 - {'AUC-PR': 0.01332601214750627, 'AUC-ROC': 0.8128099068218937, 'VUS-PR': np.float64(0.05438927940641687), 'VUS-ROC': np.float64(0.824106366027833), 'Standard-F1': np.float64(0.03335458526307892), 'PA-F1': 0.03373134328358209, 'Event-based-F1': np.float64(0.03216001971495455), 'R-based-F1': 0.07885727848995902, 'Affiliation-F': 0.7409268563959318}
2026-02-08 14:29:48.599 | INFO     | src.pipelines.train_vision_backbones:run_pipeline:170 - Train images: 54
2026-02-08 14:29:48.599 | INFO     | src.pipelines.train_vision_backbones:run_pipeline:171 - Test images: 2914
2026-02-08 14:29:48.808 | INFO     | src.pipelines.train_vision_backbones:run_pipeline:176 - Training resnet18_autoencoder_progressive_unfreeze on SG
2026-02-08 14:29:48.822 | INFO     | src.models.resnet18_autoencoder.training:train_autoencoder_progressive_unfreeze:133 - Device: cuda | Model on: cuda:0
2026-02-08 14:30:00.004 | INFO     | src.pipelines.train_vision_backbones:run_pipeline:193 - Evaluating resnet18_autoencoder_progressive_unfreeze on SG
2026-02-08 14:30:02.637 | INFO     | src.models.evaluation:evaluate_tsb_ad_nonoverlapping:65 - Normal (145081) reconstruction error: mean=0.0994, std=0.1212
2026-02-08 14:30:02.637 | INFO     | src.models.evaluation:evaluate_tsb_ad_nonoverlapping:66 - Anomaly (633) reconstruction error: mean=0.4188, std=0.2096
2026-02-08 14:30:02.637 | INFO     | src.models.evaluation:evaluate_tsb_ad_nonoverlapping:67 - Overlap? Normal max=1.0000, Anomaly min=0.0066
2026-02-08 14:30:31.334 | INFO     | src.models.evaluation:evaluate_tsb_ad_nonoverlapping:83 - {'AUC-PR': 0.07122321949377898, 'AUC-ROC': 0.9098281078980633, 'VUS-PR': np.float64(0.17167745646186966), 'VUS-ROC': np.float64(0.9088064331396347), 'Standard-F1': np.float64(0.17175358237418858), 'PA-F1': 0.17452498240675582, 'Event-based-F1': np.float64(0.15145754119138108), 'R-based-F1': 0.17598450354722361, 'Affiliation-F': 0.7988851108109527}
2026-02-08 14:30:31.486 | INFO     | src.pipelines.train_vision_backbones:run_pipeline:170 - Train images: 54
2026-02-08 14:30:31.487 | INFO     | src.pipelines.train_vision_backbones:run_pipeline:171 - Test images: 2914
2026-02-08 14:30:31.695 | INFO     | src.pipelines.train_vision_backbones:run_pipeline:176 - Training resnet18_autoencoder_differential_lr on SG
2026-02-08 14:30:31.708 | INFO     | src.models.resnet18_autoencoder.training:train_autoencoder_differential_lr:271 - Device: cuda | Model on: cuda:0
2026-02-08 14:30:55.740 | INFO     | src.pipelines.train_vision_backbones:run_pipeline:193 - Evaluating resnet18_autoencoder_differential_lr on SG
2026-02-08 14:31:00.292 | INFO     | src.models.evaluation:evaluate_tsb_ad_nonoverlapping:65 - Normal (145081) reconstruction error: mean=0.0287, std=0.0552
2026-02-08 14:31:00.292 | INFO     | src.models.evaluation:evaluate_tsb_ad_nonoverlapping:66 - Anomaly (633) reconstruction error: mean=0.4962, std=0.2774
2026-02-08 14:31:00.292 | INFO     | src.models.evaluation:evaluate_tsb_ad_nonoverlapping:67 - Overlap? Normal max=1.0000, Anomaly min=0.0042
2026-02-08 14:31:25.852 | INFO     | src.models.evaluation:evaluate_tsb_ad_nonoverlapping:83 - {'AUC-PR': 0.32132450519448563, 'AUC-ROC': 0.9767754240200928, 'VUS-PR': np.float64(0.6350124878771909), 'VUS-ROC': np.float64(0.9860152797528542), 'Standard-F1': np.float64(0.45931446295730594), 'PA-F1': 0.46751804553026094, 'Event-based-F1': np.float64(0.383941925363878), 'R-based-F1': 0.3821526360046064, 'Affiliation-F': 0.8586827675976687}
2026-02-08 14:31:26.007 | INFO     | src.pipelines.train_vision_backbones:run_pipeline:170 - Train images: 54
2026-02-08 14:31:26.008 | INFO     | src.pipelines.train_vision_backbones:run_pipeline:171 - Test images: 2914
2026-02-08 14:31:36.991 | INFO     | src.pipelines.train_vision_backbones:run_pipeline:176 - Training pvt_autoencoder_frozen on SG
2026-02-08 14:31:37.014 | INFO     | src.models.pvt_autoencoder.training:train_pvt_autoencoder_frozen:24 - Device: cuda | Model on: cuda:0
2026-02-08 14:31:44.744 | INFO     | src.pipelines.train_vision_backbones:run_pipeline:193 - Evaluating pvt_autoencoder_frozen on SG
2026-02-08 14:31:51.224 | INFO     | src.models.evaluation:evaluate_tsb_ad_nonoverlapping:65 - Normal (145081) reconstruction error: mean=0.1043, std=0.1117
2026-02-08 14:31:51.224 | INFO     | src.models.evaluation:evaluate_tsb_ad_nonoverlapping:66 - Anomaly (633) reconstruction error: mean=0.4495, std=0.2092
2026-02-08 14:31:51.224 | INFO     | src.models.evaluation:evaluate_tsb_ad_nonoverlapping:67 - Overlap? Normal max=1.0000, Anomaly min=0.0222
2026-02-08 14:32:20.455 | INFO     | src.models.evaluation:evaluate_tsb_ad_nonoverlapping:83 - {'AUC-PR': 0.11107742665224525, 'AUC-ROC': 0.9216756923487085, 'VUS-PR': np.float64(0.22132765580166255), 'VUS-ROC': np.float64(0.923011098671219), 'Standard-F1': np.float64(0.2359188795471764), 'PA-F1': 0.2425277540563621, 'Event-based-F1': np.float64(0.19989784546805303), 'R-based-F1': 0.20618164912144324, 'Affiliation-F': 0.7973122512075169}
2026-02-08 14:32:20.603 | INFO     | src.pipelines.train_vision_backbones:run_pipeline:170 - Train images: 54
2026-02-08 14:32:20.603 | INFO     | src.pipelines.train_vision_backbones:run_pipeline:171 - Test images: 2914
2026-02-08 14:32:21.577 | INFO     | src.pipelines.train_vision_backbones:run_pipeline:176 - Training pvt_autoencoder_progressive_unfreeze on SG
2026-02-08 14:32:21.601 | INFO     | src.models.pvt_autoencoder.training:train_pvt_autoencoder_progressive_unfreeze:132 - Device: cuda | Model on: cuda:0
2026-02-08 14:32:29.508 | INFO     | src.pipelines.train_vision_backbones:run_pipeline:193 - Evaluating pvt_autoencoder_progressive_unfreeze on SG
2026-02-08 14:32:35.833 | INFO     | src.models.evaluation:evaluate_tsb_ad_nonoverlapping:65 - Normal (145081) reconstruction error: mean=0.0918, std=0.1006
2026-02-08 14:32:35.834 | INFO     | src.models.evaluation:evaluate_tsb_ad_nonoverlapping:66 - Anomaly (633) reconstruction error: mean=0.4196, std=0.1922
2026-02-08 14:32:35.834 | INFO     | src.models.evaluation:evaluate_tsb_ad_nonoverlapping:67 - Overlap? Normal max=1.0000, Anomaly min=0.0176
2026-02-08 14:33:04.718 | INFO     | src.models.evaluation:evaluate_tsb_ad_nonoverlapping:83 - {'AUC-PR': 0.12275671891493138, 'AUC-ROC': 0.9318104241882725, 'VUS-PR': np.float64(0.24424683993926702), 'VUS-ROC': np.float64(0.9314002136952), 'Standard-F1': np.float64(0.2474273053560099), 'PA-F1': 0.2538902538902539, 'Event-based-F1': np.float64(0.2109689854564565), 'R-based-F1': 0.21839194896462322, 'Affiliation-F': 0.7971750641638361}
2026-02-08 14:33:04.874 | INFO     | src.pipelines.train_vision_backbones:run_pipeline:170 - Train images: 54
2026-02-08 14:33:04.874 | INFO     | src.pipelines.train_vision_backbones:run_pipeline:171 - Test images: 2914
2026-02-08 14:33:05.896 | INFO     | src.pipelines.train_vision_backbones:run_pipeline:176 - Training pvt_autoencoder_differential_lr on SG
2026-02-08 14:33:05.920 | INFO     | src.models.pvt_autoencoder.training:train_pvt_autoencoder_differential_lr:267 - Device: cuda | Model on: cuda:0
2026-02-08 14:33:12.648 | INFO     | src.pipelines.train_vision_backbones:run_pipeline:193 - Evaluating pvt_autoencoder_differential_lr on SG
2026-02-08 14:33:17.591 | INFO     | src.models.evaluation:evaluate_tsb_ad_nonoverlapping:65 - Normal (145081) reconstruction error: mean=0.1225, std=0.1505
2026-02-08 14:33:17.591 | INFO     | src.models.evaluation:evaluate_tsb_ad_nonoverlapping:66 - Anomaly (633) reconstruction error: mean=0.3779, std=0.1792
2026-02-08 14:33:17.591 | INFO     | src.models.evaluation:evaluate_tsb_ad_nonoverlapping:67 - Overlap? Normal max=1.0000, Anomaly min=0.0117
2026-02-08 14:33:47.103 | INFO     | src.models.evaluation:evaluate_tsb_ad_nonoverlapping:83 - {'AUC-PR': 0.024406879021946, 'AUC-ROC': 0.8703720206502717, 'VUS-PR': np.float64(0.08540646520498699), 'VUS-ROC': np.float64(0.8756465147915294), 'Standard-F1': np.float64(0.06295794187438976), 'PA-F1': 0.06385800265224931, 'Event-based-F1': np.float64(0.05906568820476091), 'R-based-F1': 0.16543971721952921, 'Affiliation-F': 0.7727139217473326}
2026-02-08 14:33:48.334 | INFO     | src.pipelines.train_vision_backbones:run_pipeline:70 - Using zip: /net/scratch/hscra/plgrid/plgsmendowski12/ts2i_images/IOPS/272_IOPS_id_13_WebService_tr_3442_1st_3542_ts2i_GASF.zip for transformation GASF
2026-02-08 14:33:52.210 | INFO     | src.pipelines.train_vision_backbones:run_pipeline:170 - Train images: 54
2026-02-08 14:33:52.210 | INFO     | src.pipelines.train_vision_backbones:run_pipeline:171 - Test images: 2914
2026-02-08 14:33:52.217 | INFO     | src.pipelines.train_vision_backbones:run_pipeline:176 - Training cnn_autoencoder on GASF
2026-02-08 14:33:52.221 | INFO     | src.models.cnn_autoencoder.training:train_autoencoder:22 - Device: cuda | Model on: cuda:0
2026-02-08 14:34:15.336 | INFO     | src.pipelines.train_vision_backbones:run_pipeline:193 - Evaluating cnn_autoencoder on GASF
2026-02-08 14:34:18.046 | INFO     | src.models.evaluation:evaluate_tsb_ad_nonoverlapping:65 - Normal (145081) reconstruction error: mean=0.0235, std=0.0406
2026-02-08 14:34:18.047 | INFO     | src.models.evaluation:evaluate_tsb_ad_nonoverlapping:66 - Anomaly (633) reconstruction error: mean=0.2257, std=0.1908
2026-02-08 14:34:18.047 | INFO     | src.models.evaluation:evaluate_tsb_ad_nonoverlapping:67 - Overlap? Normal max=1.0000, Anomaly min=0.0017
2026-02-08 14:34:43.050 | INFO     | src.models.evaluation:evaluate_tsb_ad_nonoverlapping:83 - {'AUC-PR': 0.1814957231829148, 'AUC-ROC': 0.9386774275998766, 'VUS-PR': np.float64(0.5837786730355258), 'VUS-ROC': np.float64(0.9519594927888928), 'Standard-F1': np.float64(0.3369326600732047), 'PA-F1': 0.3437268002969562, 'Event-based-F1': np.float64(0.3259772104428094), 'R-based-F1': 0.3297932110833861, 'Affiliation-F': 0.845196639322908}
2026-02-08 14:34:43.203 | INFO     | src.pipelines.train_vision_backbones:run_pipeline:170 - Train images: 54
2026-02-08 14:34:43.203 | INFO     | src.pipelines.train_vision_backbones:run_pipeline:171 - Test images: 2914
2026-02-08 14:34:43.413 | INFO     | src.pipelines.train_vision_backbones:run_pipeline:176 - Training resnet18_autoencoder_frozen on GASF
2026-02-08 14:34:43.426 | INFO     | src.models.resnet18_autoencoder.training:train_autoencoder_frozen:25 - Device: cuda | Model on: cuda:0
2026-02-08 14:35:09.113 | INFO     | src.pipelines.train_vision_backbones:run_pipeline:193 - Evaluating resnet18_autoencoder_frozen on GASF
2026-02-08 14:35:12.056 | INFO     | src.models.evaluation:evaluate_tsb_ad_nonoverlapping:65 - Normal (145081) reconstruction error: mean=0.0305, std=0.0529
2026-02-08 14:35:12.056 | INFO     | src.models.evaluation:evaluate_tsb_ad_nonoverlapping:66 - Anomaly (633) reconstruction error: mean=0.3258, std=0.2011
2026-02-08 14:35:12.056 | INFO     | src.models.evaluation:evaluate_tsb_ad_nonoverlapping:67 - Overlap? Normal max=1.0000, Anomaly min=0.0087
2026-02-08 14:35:37.440 | INFO     | src.models.evaluation:evaluate_tsb_ad_nonoverlapping:83 - {'AUC-PR': 0.18226503515624193, 'AUC-ROC': 0.9776593884640766, 'VUS-PR': np.float64(0.6646900404939561), 'VUS-ROC': np.float64(0.993306354257273), 'Standard-F1': np.float64(0.32065552501579253), 'PA-F1': 0.32483860006795784, 'Event-based-F1': np.float64(0.31493943472409114), 'R-based-F1': 0.3216938837526362, 'Affiliation-F': 0.8842914261388308}
2026-02-08 14:35:37.593 | INFO     | src.pipelines.train_vision_backbones:run_pipeline:170 - Train images: 54
2026-02-08 14:35:37.593 | INFO     | src.pipelines.train_vision_backbones:run_pipeline:171 - Test images: 2914
2026-02-08 14:35:37.803 | INFO     | src.pipelines.train_vision_backbones:run_pipeline:176 - Training resnet18_autoencoder_progressive_unfreeze on GASF
2026-02-08 14:35:37.816 | INFO     | src.models.resnet18_autoencoder.training:train_autoencoder_progressive_unfreeze:133 - Device: cuda | Model on: cuda:0
2026-02-08 14:35:57.270 | INFO     | src.pipelines.train_vision_backbones:run_pipeline:193 - Evaluating resnet18_autoencoder_progressive_unfreeze on GASF
2026-02-08 14:36:02.710 | INFO     | src.models.evaluation:evaluate_tsb_ad_nonoverlapping:65 - Normal (145081) reconstruction error: mean=0.0291, std=0.0526
2026-02-08 14:36:02.710 | INFO     | src.models.evaluation:evaluate_tsb_ad_nonoverlapping:66 - Anomaly (633) reconstruction error: mean=0.3220, std=0.1948
2026-02-08 14:36:02.710 | INFO     | src.models.evaluation:evaluate_tsb_ad_nonoverlapping:67 - Overlap? Normal max=1.0000, Anomaly min=0.0120
2026-02-08 14:36:28.181 | INFO     | src.models.evaluation:evaluate_tsb_ad_nonoverlapping:83 - {'AUC-PR': 0.18145326242598434, 'AUC-ROC': 0.9798351518468089, 'VUS-PR': np.float64(0.6714454908597742), 'VUS-ROC': np.float64(0.9946522915005915), 'Standard-F1': np.float64(0.31808254427592964), 'PA-F1': 0.32160804020100503, 'Event-based-F1': np.float64(0.31373585703711504), 'R-based-F1': 0.3191991078468237, 'Affiliation-F': 0.8932885344922394}
2026-02-08 14:36:28.339 | INFO     | src.pipelines.train_vision_backbones:run_pipeline:170 - Train images: 54
2026-02-08 14:36:28.340 | INFO     | src.pipelines.train_vision_backbones:run_pipeline:171 - Test images: 2914
2026-02-08 14:36:28.548 | INFO     | src.pipelines.train_vision_backbones:run_pipeline:176 - Training resnet18_autoencoder_differential_lr on GASF
2026-02-08 14:36:28.561 | INFO     | src.models.resnet18_autoencoder.training:train_autoencoder_differential_lr:271 - Device: cuda | Model on: cuda:0
2026-02-08 14:36:52.799 | INFO     | src.pipelines.train_vision_backbones:run_pipeline:193 - Evaluating resnet18_autoencoder_differential_lr on GASF
2026-02-08 14:37:00.668 | INFO     | src.models.evaluation:evaluate_tsb_ad_nonoverlapping:65 - Normal (145081) reconstruction error: mean=0.0293, std=0.0535
2026-02-08 14:37:00.668 | INFO     | src.models.evaluation:evaluate_tsb_ad_nonoverlapping:66 - Anomaly (633) reconstruction error: mean=0.3304, std=0.2019
2026-02-08 14:37:00.668 | INFO     | src.models.evaluation:evaluate_tsb_ad_nonoverlapping:67 - Overlap? Normal max=1.0000, Anomaly min=0.0120
2026-02-08 14:37:25.899 | INFO     | src.models.evaluation:evaluate_tsb_ad_nonoverlapping:83 - {'AUC-PR': 0.18234638044165305, 'AUC-ROC': 0.9796761732697927, 'VUS-PR': np.float64(0.6651351284726217), 'VUS-ROC': np.float64(0.9939601709640911), 'Standard-F1': np.float64(0.3222320731185138), 'PA-F1': 0.32160804020100503, 'Event-based-F1': np.float64(0.31206293706293664), 'R-based-F1': 0.3196770123488646, 'Affiliation-F': 0.8880191301815057}
2026-02-08 14:37:26.055 | INFO     | src.pipelines.train_vision_backbones:run_pipeline:170 - Train images: 54
2026-02-08 14:37:26.055 | INFO     | src.pipelines.train_vision_backbones:run_pipeline:171 - Test images: 2914
2026-02-08 14:37:27.024 | INFO     | src.pipelines.train_vision_backbones:run_pipeline:176 - Training pvt_autoencoder_frozen on GASF
2026-02-08 14:37:27.047 | INFO     | src.models.pvt_autoencoder.training:train_pvt_autoencoder_frozen:24 - Device: cuda | Model on: cuda:0
2026-02-08 14:37:56.137 | INFO     | src.pipelines.train_vision_backbones:run_pipeline:193 - Evaluating pvt_autoencoder_frozen on GASF
2026-02-08 14:38:02.638 | INFO     | src.models.evaluation:evaluate_tsb_ad_nonoverlapping:65 - Normal (145081) reconstruction error: mean=0.0260, std=0.0459
2026-02-08 14:38:02.639 | INFO     | src.models.evaluation:evaluate_tsb_ad_nonoverlapping:66 - Anomaly (633) reconstruction error: mean=0.2693, std=0.1714
2026-02-08 14:38:02.639 | INFO     | src.models.evaluation:evaluate_tsb_ad_nonoverlapping:67 - Overlap? Normal max=1.0000, Anomaly min=0.0135
2026-02-08 14:38:27.650 | INFO     | src.models.evaluation:evaluate_tsb_ad_nonoverlapping:83 - {'AUC-PR': 0.17706350309553492, 'AUC-ROC': 0.9797965832084671, 'VUS-PR': np.float64(0.6680112822849469), 'VUS-ROC': np.float64(0.9936407708852052), 'Standard-F1': np.float64(0.3191663767264533), 'PA-F1': 0.32252701579384874, 'Event-based-F1': np.float64(0.31206293706293664), 'R-based-F1': 0.31692443961157096, 'Affiliation-F': 0.8842574823209967}
2026-02-08 14:38:27.799 | INFO     | src.pipelines.train_vision_backbones:run_pipeline:170 - Train images: 54
2026-02-08 14:38:27.800 | INFO     | src.pipelines.train_vision_backbones:run_pipeline:171 - Test images: 2914
2026-02-08 14:38:28.772 | INFO     | src.pipelines.train_vision_backbones:run_pipeline:176 - Training pvt_autoencoder_progressive_unfreeze on GASF
2026-02-08 14:38:28.796 | INFO     | src.models.pvt_autoencoder.training:train_pvt_autoencoder_progressive_unfreeze:132 - Device: cuda | Model on: cuda:0
2026-02-08 14:38:53.807 | INFO     | src.pipelines.train_vision_backbones:run_pipeline:193 - Evaluating pvt_autoencoder_progressive_unfreeze on GASF
2026-02-08 14:39:00.887 | INFO     | src.models.evaluation:evaluate_tsb_ad_nonoverlapping:65 - Normal (145081) reconstruction error: mean=0.0267, std=0.0464
2026-02-08 14:39:00.888 | INFO     | src.models.evaluation:evaluate_tsb_ad_nonoverlapping:66 - Anomaly (633) reconstruction error: mean=0.2669, std=0.1791
2026-02-08 14:39:00.888 | INFO     | src.models.evaluation:evaluate_tsb_ad_nonoverlapping:67 - Overlap? Normal max=1.0000, Anomaly min=0.0097
2026-02-08 14:39:26.066 | INFO     | src.models.evaluation:evaluate_tsb_ad_nonoverlapping:83 - {'AUC-PR': 0.17078800155862595, 'AUC-ROC': 0.9735586122925525, 'VUS-PR': np.float64(0.6528813385898136), 'VUS-ROC': np.float64(0.9868716370246807), 'Standard-F1': np.float64(0.3189651903226167), 'PA-F1': 0.32234726688102894, 'Event-based-F1': np.float64(0.3140364789849322), 'R-based-F1': 0.3171308959899637, 'Affiliation-F': 0.887863639839183}
2026-02-08 14:39:26.224 | INFO     | src.pipelines.train_vision_backbones:run_pipeline:170 - Train images: 54
2026-02-08 14:39:26.224 | INFO     | src.pipelines.train_vision_backbones:run_pipeline:171 - Test images: 2914
2026-02-08 14:39:27.160 | INFO     | src.pipelines.train_vision_backbones:run_pipeline:176 - Training pvt_autoencoder_differential_lr on GASF
2026-02-08 14:39:27.184 | INFO     | src.models.pvt_autoencoder.training:train_pvt_autoencoder_differential_lr:267 - Device: cuda | Model on: cuda:0
2026-02-08 14:39:58.496 | INFO     | src.pipelines.train_vision_backbones:run_pipeline:193 - Evaluating pvt_autoencoder_differential_lr on GASF
2026-02-08 14:40:07.283 | INFO     | src.models.evaluation:evaluate_tsb_ad_nonoverlapping:65 - Normal (145081) reconstruction error: mean=0.0298, std=0.0522
2026-02-08 14:40:07.283 | INFO     | src.models.evaluation:evaluate_tsb_ad_nonoverlapping:66 - Anomaly (633) reconstruction error: mean=0.3206, std=0.1980
2026-02-08 14:40:07.283 | INFO     | src.models.evaluation:evaluate_tsb_ad_nonoverlapping:67 - Overlap? Normal max=1.0000, Anomaly min=0.0134
2026-02-08 14:40:32.854 | INFO     | src.models.evaluation:evaluate_tsb_ad_nonoverlapping:83 - {'AUC-PR': 0.18365547459907897, 'AUC-ROC': 0.9777078224853485, 'VUS-PR': np.float64(0.6746927149318953), 'VUS-ROC': np.float64(0.9886580183335245), 'Standard-F1': np.float64(0.32552019477855076), 'PA-F1': 0.3345421577515866, 'Event-based-F1': np.float64(0.31612559872272444), 'R-based-F1': 0.31911442236273935, 'Affiliation-F': 0.9053771317259567}
2026-02-08 14:40:34.058 | INFO     | src.pipelines.train_vision_backbones:run_pipeline:70 - Using zip: /net/scratch/hscra/plgrid/plgsmendowski12/ts2i_images/IOPS/272_IOPS_id_13_WebService_tr_3442_1st_3542_ts2i_GADF.zip for transformation GADF
2026-02-08 14:40:38.439 | INFO     | src.pipelines.train_vision_backbones:run_pipeline:170 - Train images: 54
2026-02-08 14:40:38.439 | INFO     | src.pipelines.train_vision_backbones:run_pipeline:171 - Test images: 2914
2026-02-08 14:40:38.446 | INFO     | src.pipelines.train_vision_backbones:run_pipeline:176 - Training cnn_autoencoder on GADF
2026-02-08 14:40:38.450 | INFO     | src.models.cnn_autoencoder.training:train_autoencoder:22 - Device: cuda | Model on: cuda:0
2026-02-08 14:40:55.949 | INFO     | src.pipelines.train_vision_backbones:run_pipeline:193 - Evaluating cnn_autoencoder on GADF
2026-02-08 14:40:58.727 | INFO     | src.models.evaluation:evaluate_tsb_ad_nonoverlapping:65 - Normal (145081) reconstruction error: mean=0.5290, std=0.1399
2026-02-08 14:40:58.728 | INFO     | src.models.evaluation:evaluate_tsb_ad_nonoverlapping:66 - Anomaly (633) reconstruction error: mean=0.3903, std=0.1553
2026-02-08 14:40:58.728 | INFO     | src.models.evaluation:evaluate_tsb_ad_nonoverlapping:67 - Overlap? Normal max=1.0000, Anomaly min=0.0000
2026-02-08 14:41:46.862 | INFO     | src.models.evaluation:evaluate_tsb_ad_nonoverlapping:83 - {'AUC-PR': 0.0027440655738895166, 'AUC-ROC': 0.2552478855495366, 'VUS-PR': np.float64(0.012110309211159137), 'VUS-ROC': np.float64(0.41889866475202187), 'Standard-F1': np.float64(0.00865058658451669), 'PA-F1': 0.008612616800071088, 'Event-based-F1': np.float64(0.008612119103246002), 'R-based-F1': 0.011563875189804696, 'Affiliation-F': 0.6672050012707905}
2026-02-08 14:41:47.013 | INFO     | src.pipelines.train_vision_backbones:run_pipeline:170 - Train images: 54
2026-02-08 14:41:47.014 | INFO     | src.pipelines.train_vision_backbones:run_pipeline:171 - Test images: 2914
2026-02-08 14:41:47.222 | INFO     | src.pipelines.train_vision_backbones:run_pipeline:176 - Training resnet18_autoencoder_frozen on GADF
2026-02-08 14:41:47.235 | INFO     | src.models.resnet18_autoencoder.training:train_autoencoder_frozen:25 - Device: cuda | Model on: cuda:0
2026-02-08 14:41:51.453 | INFO     | src.pipelines.train_vision_backbones:run_pipeline:193 - Evaluating resnet18_autoencoder_frozen on GADF
2026-02-08 14:41:54.402 | INFO     | src.models.evaluation:evaluate_tsb_ad_nonoverlapping:65 - Normal (145081) reconstruction error: mean=0.4954, std=0.1025
2026-02-08 14:41:54.402 | INFO     | src.models.evaluation:evaluate_tsb_ad_nonoverlapping:66 - Anomaly (633) reconstruction error: mean=0.5337, std=0.2085
2026-02-08 14:41:54.402 | INFO     | src.models.evaluation:evaluate_tsb_ad_nonoverlapping:67 - Overlap? Normal max=1.0000, Anomaly min=0.0000
2026-02-08 14:42:40.692 | INFO     | src.models.evaluation:evaluate_tsb_ad_nonoverlapping:83 - {'AUC-PR': 0.04917193012909821, 'AUC-ROC': 0.5514631076110852, 'VUS-PR': np.float64(0.05724819704281553), 'VUS-ROC': np.float64(0.6650176812736389), 'Standard-F1': np.float64(0.14907560302954612), 'PA-F1': 0.15976900866217517, 'Event-based-F1': np.float64(0.10419485791610246), 'R-based-F1': 0.10163859808830225, 'Affiliation-F': 0.6680875945138958}
2026-02-08 14:42:40.844 | INFO     | src.pipelines.train_vision_backbones:run_pipeline:170 - Train images: 54
2026-02-08 14:42:40.845 | INFO     | src.pipelines.train_vision_backbones:run_pipeline:171 - Test images: 2914
2026-02-08 14:42:41.056 | INFO     | src.pipelines.train_vision_backbones:run_pipeline:176 - Training resnet18_autoencoder_progressive_unfreeze on GADF
2026-02-08 14:42:41.068 | INFO     | src.models.resnet18_autoencoder.training:train_autoencoder_progressive_unfreeze:133 - Device: cuda | Model on: cuda:0
2026-02-08 14:42:47.318 | INFO     | src.pipelines.train_vision_backbones:run_pipeline:193 - Evaluating resnet18_autoencoder_progressive_unfreeze on GADF
2026-02-08 14:42:55.346 | INFO     | src.models.evaluation:evaluate_tsb_ad_nonoverlapping:65 - Normal (145081) reconstruction error: mean=0.4947, std=0.1023
2026-02-08 14:42:55.346 | INFO     | src.models.evaluation:evaluate_tsb_ad_nonoverlapping:66 - Anomaly (633) reconstruction error: mean=0.5328, std=0.2084
2026-02-08 14:42:55.346 | INFO     | src.models.evaluation:evaluate_tsb_ad_nonoverlapping:67 - Overlap? Normal max=1.0000, Anomaly min=0.0000
2026-02-08 14:43:41.097 | INFO     | src.models.evaluation:evaluate_tsb_ad_nonoverlapping:83 - {'AUC-PR': 0.04875905588315937, 'AUC-ROC': 0.5508658490529117, 'VUS-PR': np.float64(0.05703647450093052), 'VUS-ROC': np.float64(0.6646702538391188), 'Standard-F1': np.float64(0.14907560302954612), 'PA-F1': 0.15976900866217517, 'Event-based-F1': np.float64(0.10419485791610246), 'R-based-F1': 0.10163859808830225, 'Affiliation-F': 0.6672050012707905}
2026-02-08 14:43:41.253 | INFO     | src.pipelines.train_vision_backbones:run_pipeline:170 - Train images: 54
2026-02-08 14:43:41.253 | INFO     | src.pipelines.train_vision_backbones:run_pipeline:171 - Test images: 2914
2026-02-08 14:43:41.462 | INFO     | src.pipelines.train_vision_backbones:run_pipeline:176 - Training resnet18_autoencoder_differential_lr on GADF
2026-02-08 14:43:41.476 | INFO     | src.models.resnet18_autoencoder.training:train_autoencoder_differential_lr:271 - Device: cuda | Model on: cuda:0
2026-02-08 14:43:49.737 | INFO     | src.pipelines.train_vision_backbones:run_pipeline:193 - Evaluating resnet18_autoencoder_differential_lr on GADF
2026-02-08 14:44:01.103 | INFO     | src.models.evaluation:evaluate_tsb_ad_nonoverlapping:65 - Normal (145081) reconstruction error: mean=0.4955, std=0.1025
2026-02-08 14:44:01.103 | INFO     | src.models.evaluation:evaluate_tsb_ad_nonoverlapping:66 - Anomaly (633) reconstruction error: mean=0.5335, std=0.2085
2026-02-08 14:44:01.103 | INFO     | src.models.evaluation:evaluate_tsb_ad_nonoverlapping:67 - Overlap? Normal max=1.0000, Anomaly min=0.0000
2026-02-08 14:44:46.834 | INFO     | src.models.evaluation:evaluate_tsb_ad_nonoverlapping:83 - {'AUC-PR': 0.048977951822832544, 'AUC-ROC': 0.5508124932291187, 'VUS-PR': np.float64(0.05629298224656484), 'VUS-ROC': np.float64(0.664616943968765), 'Standard-F1': np.float64(0.14907560302954612), 'PA-F1': 0.15976900866217517, 'Event-based-F1': np.float64(0.10419485791610246), 'R-based-F1': 0.10163859808830225, 'Affiliation-F': 0.6672050012707905}
2026-02-08 14:44:46.987 | INFO     | src.pipelines.train_vision_backbones:run_pipeline:170 - Train images: 54
2026-02-08 14:44:46.988 | INFO     | src.pipelines.train_vision_backbones:run_pipeline:171 - Test images: 2914
2026-02-08 14:44:47.934 | INFO     | src.pipelines.train_vision_backbones:run_pipeline:176 - Training pvt_autoencoder_frozen on GADF
2026-02-08 14:44:47.957 | INFO     | src.models.pvt_autoencoder.training:train_pvt_autoencoder_frozen:24 - Device: cuda | Model on: cuda:0
2026-02-08 14:44:50.323 | INFO     | src.pipelines.train_vision_backbones:run_pipeline:193 - Evaluating pvt_autoencoder_frozen on GADF
2026-02-08 14:44:59.162 | INFO     | src.models.evaluation:evaluate_tsb_ad_nonoverlapping:65 - Normal (145081) reconstruction error: mean=0.4956, std=0.1025
2026-02-08 14:44:59.162 | INFO     | src.models.evaluation:evaluate_tsb_ad_nonoverlapping:66 - Anomaly (633) reconstruction error: mean=0.5335, std=0.2085
2026-02-08 14:44:59.163 | INFO     | src.models.evaluation:evaluate_tsb_ad_nonoverlapping:67 - Overlap? Normal max=1.0000, Anomaly min=0.0000
2026-02-08 14:45:44.988 | INFO     | src.models.evaluation:evaluate_tsb_ad_nonoverlapping:83 - {'AUC-PR': 0.04897677640582503, 'AUC-ROC': 0.5507395373067895, 'VUS-PR': np.float64(0.05634551602840428), 'VUS-ROC': np.float64(0.664290041554698), 'Standard-F1': np.float64(0.14907560302954612), 'PA-F1': 0.15976900866217517, 'Event-based-F1': np.float64(0.10419485791610246), 'R-based-F1': 0.10163859808830225, 'Affiliation-F': 0.6672050012707905}
2026-02-08 14:45:45.140 | INFO     | src.pipelines.train_vision_backbones:run_pipeline:170 - Train images: 54
2026-02-08 14:45:45.140 | INFO     | src.pipelines.train_vision_backbones:run_pipeline:171 - Test images: 2914
2026-02-08 14:45:56.087 | INFO     | src.pipelines.train_vision_backbones:run_pipeline:176 - Training pvt_autoencoder_progressive_unfreeze on GADF
2026-02-08 14:45:56.110 | INFO     | src.models.pvt_autoencoder.training:train_pvt_autoencoder_progressive_unfreeze:132 - Device: cuda | Model on: cuda:0
2026-02-08 14:45:58.843 | INFO     | src.pipelines.train_vision_backbones:run_pipeline:193 - Evaluating pvt_autoencoder_progressive_unfreeze on GADF
2026-02-08 14:46:09.476 | INFO     | src.models.evaluation:evaluate_tsb_ad_nonoverlapping:65 - Normal (145081) reconstruction error: mean=0.4956, std=0.1025
2026-02-08 14:46:09.476 | INFO     | src.models.evaluation:evaluate_tsb_ad_nonoverlapping:66 - Anomaly (633) reconstruction error: mean=0.5335, std=0.2085
2026-02-08 14:46:09.477 | INFO     | src.models.evaluation:evaluate_tsb_ad_nonoverlapping:67 - Overlap? Normal max=1.0000, Anomaly min=0.0000
2026-02-08 14:46:55.534 | INFO     | src.models.evaluation:evaluate_tsb_ad_nonoverlapping:83 - {'AUC-PR': 0.048983079637243986, 'AUC-ROC': 0.5507215705497979, 'VUS-PR': np.float64(0.05638241347806578), 'VUS-ROC': np.float64(0.6643483911897192), 'Standard-F1': np.float64(0.14907560302954612), 'PA-F1': 0.15976900866217517, 'Event-based-F1': np.float64(0.10419485791610246), 'R-based-F1': 0.10163859808830225, 'Affiliation-F': 0.6672050012707905}
2026-02-08 14:46:55.684 | INFO     | src.pipelines.train_vision_backbones:run_pipeline:170 - Train images: 54
2026-02-08 14:46:55.684 | INFO     | src.pipelines.train_vision_backbones:run_pipeline:171 - Test images: 2914
2026-02-08 14:46:56.617 | INFO     | src.pipelines.train_vision_backbones:run_pipeline:176 - Training pvt_autoencoder_differential_lr on GADF
2026-02-08 14:46:56.654 | INFO     | src.models.pvt_autoencoder.training:train_pvt_autoencoder_differential_lr:267 - Device: cuda | Model on: cuda:0
2026-02-08 14:46:59.193 | INFO     | src.pipelines.train_vision_backbones:run_pipeline:193 - Evaluating pvt_autoencoder_differential_lr on GADF
2026-02-08 14:47:06.446 | INFO     | src.models.evaluation:evaluate_tsb_ad_nonoverlapping:65 - Normal (145081) reconstruction error: mean=0.4956, std=0.1025
2026-02-08 14:47:06.447 | INFO     | src.models.evaluation:evaluate_tsb_ad_nonoverlapping:66 - Anomaly (633) reconstruction error: mean=0.5335, std=0.2085
2026-02-08 14:47:06.447 | INFO     | src.models.evaluation:evaluate_tsb_ad_nonoverlapping:67 - Overlap? Normal max=1.0000, Anomaly min=0.0000
2026-02-08 14:47:52.167 | INFO     | src.models.evaluation:evaluate_tsb_ad_nonoverlapping:83 - {'AUC-PR': 0.04896656735535453, 'AUC-ROC': 0.5507885375531301, 'VUS-PR': np.float64(0.0562320163940881), 'VUS-ROC': np.float64(0.6643145593294042), 'Standard-F1': np.float64(0.14907560302954612), 'PA-F1': 0.15976900866217517, 'Event-based-F1': np.float64(0.10419485791610246), 'R-based-F1': 0.10163859808830225, 'Affiliation-F': 0.6672050012707905}
2026-02-08 14:47:52.983 | INFO     | src.pipelines.train_vision_backbones:run_pipeline:70 - Using zip: /net/scratch/hscra/plgrid/plgsmendowski12/ts2i_images/IOPS/272_IOPS_id_13_WebService_tr_3442_1st_3542_ts2i_MTF.zip for transformation MTF
2026-02-08 14:47:56.795 | INFO     | src.pipelines.train_vision_backbones:run_pipeline:170 - Train images: 54
2026-02-08 14:47:56.795 | INFO     | src.pipelines.train_vision_backbones:run_pipeline:171 - Test images: 2914
2026-02-08 14:47:56.802 | INFO     | src.pipelines.train_vision_backbones:run_pipeline:176 - Training cnn_autoencoder on MTF
2026-02-08 14:47:56.806 | INFO     | src.models.cnn_autoencoder.training:train_autoencoder:22 - Device: cuda | Model on: cuda:0
2026-02-08 14:48:20.165 | INFO     | src.pipelines.train_vision_backbones:run_pipeline:193 - Evaluating cnn_autoencoder on MTF
2026-02-08 14:48:22.988 | INFO     | src.models.evaluation:evaluate_tsb_ad_nonoverlapping:65 - Normal (145081) reconstruction error: mean=0.2485, std=0.1333
2026-02-08 14:48:22.988 | INFO     | src.models.evaluation:evaluate_tsb_ad_nonoverlapping:66 - Anomaly (633) reconstruction error: mean=0.5853, std=0.1970
2026-02-08 14:48:22.988 | INFO     | src.models.evaluation:evaluate_tsb_ad_nonoverlapping:67 - Overlap? Normal max=1.0000, Anomaly min=0.1058
2026-02-08 14:48:59.167 | INFO     | src.models.evaluation:evaluate_tsb_ad_nonoverlapping:83 - {'AUC-PR': 0.08478108237420026, 'AUC-ROC': 0.9135945281664468, 'VUS-PR': np.float64(0.3858413543679965), 'VUS-ROC': np.float64(0.9417657119141811), 'Standard-F1': np.float64(0.20204724032156574), 'PA-F1': 0.20364176885916016, 'Event-based-F1': np.float64(0.20448139395837453), 'R-based-F1': 0.20104074121081358, 'Affiliation-F': 0.7755953304330004}
2026-02-08 14:48:59.321 | INFO     | src.pipelines.train_vision_backbones:run_pipeline:170 - Train images: 54
2026-02-08 14:48:59.321 | INFO     | src.pipelines.train_vision_backbones:run_pipeline:171 - Test images: 2914
2026-02-08 14:48:59.532 | INFO     | src.pipelines.train_vision_backbones:run_pipeline:176 - Training resnet18_autoencoder_frozen on MTF
2026-02-08 14:48:59.546 | INFO     | src.models.resnet18_autoencoder.training:train_autoencoder_frozen:25 - Device: cuda | Model on: cuda:0
2026-02-08 14:49:28.843 | INFO     | src.pipelines.train_vision_backbones:run_pipeline:193 - Evaluating resnet18_autoencoder_frozen on MTF
2026-02-08 14:49:31.901 | INFO     | src.models.evaluation:evaluate_tsb_ad_nonoverlapping:65 - Normal (145081) reconstruction error: mean=0.2177, std=0.1282
2026-02-08 14:49:31.901 | INFO     | src.models.evaluation:evaluate_tsb_ad_nonoverlapping:66 - Anomaly (633) reconstruction error: mean=0.5586, std=0.1994
2026-02-08 14:49:31.901 | INFO     | src.models.evaluation:evaluate_tsb_ad_nonoverlapping:67 - Overlap? Normal max=1.0000, Anomaly min=0.0658
2026-02-08 14:50:06.952 | INFO     | src.models.evaluation:evaluate_tsb_ad_nonoverlapping:83 - {'AUC-PR': 0.08755766368651777, 'AUC-ROC': 0.9175063811659689, 'VUS-PR': np.float64(0.4075569125201834), 'VUS-ROC': np.float64(0.9491511232274927), 'Standard-F1': np.float64(0.2183698790259891), 'PA-F1': 0.2238667900092507, 'Event-based-F1': np.float64(0.22069187632615914), 'R-based-F1': 0.2166738505808785, 'Affiliation-F': 0.8051008746065933}
2026-02-08 14:50:07.110 | INFO     | src.pipelines.train_vision_backbones:run_pipeline:170 - Train images: 54
2026-02-08 14:50:07.110 | INFO     | src.pipelines.train_vision_backbones:run_pipeline:171 - Test images: 2914
2026-02-08 14:50:07.319 | INFO     | src.pipelines.train_vision_backbones:run_pipeline:176 - Training resnet18_autoencoder_progressive_unfreeze on MTF
2026-02-08 14:50:07.333 | INFO     | src.models.resnet18_autoencoder.training:train_autoencoder_progressive_unfreeze:133 - Device: cuda | Model on: cuda:0
2026-02-08 14:50:46.121 | INFO     | src.pipelines.train_vision_backbones:run_pipeline:193 - Evaluating resnet18_autoencoder_progressive_unfreeze on MTF
2026-02-08 14:50:48.810 | INFO     | src.models.evaluation:evaluate_tsb_ad_nonoverlapping:65 - Normal (145081) reconstruction error: mean=0.2420, std=0.1227
2026-02-08 14:50:48.811 | INFO     | src.models.evaluation:evaluate_tsb_ad_nonoverlapping:66 - Anomaly (633) reconstruction error: mean=0.5522, std=0.1893
2026-02-08 14:50:48.811 | INFO     | src.models.evaluation:evaluate_tsb_ad_nonoverlapping:67 - Overlap? Normal max=1.0000, Anomaly min=0.0687
2026-02-08 14:51:24.878 | INFO     | src.models.evaluation:evaluate_tsb_ad_nonoverlapping:83 - {'AUC-PR': 0.08664214896782474, 'AUC-ROC': 0.9075288421166654, 'VUS-PR': np.float64(0.39506466589839934), 'VUS-ROC': np.float64(0.9406796702398933), 'Standard-F1': np.float64(0.20136551253993623), 'PA-F1': 0.2082082082082082, 'Event-based-F1': np.float64(0.2070196311719211), 'R-based-F1': 0.20134149202556215, 'Affiliation-F': 0.7800237453644087}
2026-02-08 14:51:25.031 | INFO     | src.pipelines.train_vision_backbones:run_pipeline:170 - Train images: 54
2026-02-08 14:51:25.031 | INFO     | src.pipelines.train_vision_backbones:run_pipeline:171 - Test images: 2914
2026-02-08 14:51:25.240 | INFO     | src.pipelines.train_vision_backbones:run_pipeline:176 - Training resnet18_autoencoder_differential_lr on MTF
2026-02-08 14:51:25.254 | INFO     | src.models.resnet18_autoencoder.training:train_autoencoder_differential_lr:271 - Device: cuda | Model on: cuda:0
2026-02-08 14:51:56.539 | INFO     | src.pipelines.train_vision_backbones:run_pipeline:193 - Evaluating resnet18_autoencoder_differential_lr on MTF
2026-02-08 14:51:59.434 | INFO     | src.models.evaluation:evaluate_tsb_ad_nonoverlapping:65 - Normal (145081) reconstruction error: mean=0.2255, std=0.1393
2026-02-08 14:51:59.434 | INFO     | src.models.evaluation:evaluate_tsb_ad_nonoverlapping:66 - Anomaly (633) reconstruction error: mean=0.5761, std=0.1948
2026-02-08 14:51:59.434 | INFO     | src.models.evaluation:evaluate_tsb_ad_nonoverlapping:67 - Overlap? Normal max=1.0000, Anomaly min=0.0632
2026-02-08 14:52:34.883 | INFO     | src.models.evaluation:evaluate_tsb_ad_nonoverlapping:83 - {'AUC-PR': 0.07590778911283336, 'AUC-ROC': 0.9158300282939399, 'VUS-PR': np.float64(0.37106792173974207), 'VUS-ROC': np.float64(0.9492666038424459), 'Standard-F1': np.float64(0.19324101897228474), 'PA-F1': 0.19962335216572505, 'Event-based-F1': np.float64(0.193096574516078), 'R-based-F1': 0.19486017655778734, 'Affiliation-F': 0.7950677253622234}
2026-02-08 14:52:35.037 | INFO     | src.pipelines.train_vision_backbones:run_pipeline:170 - Train images: 54
2026-02-08 14:52:35.037 | INFO     | src.pipelines.train_vision_backbones:run_pipeline:171 - Test images: 2914
2026-02-08 14:52:35.986 | INFO     | src.pipelines.train_vision_backbones:run_pipeline:176 - Training pvt_autoencoder_frozen on MTF
2026-02-08 14:52:36.009 | INFO     | src.models.pvt_autoencoder.training:train_pvt_autoencoder_frozen:24 - Device: cuda | Model on: cuda:0
2026-02-08 14:53:06.100 | INFO     | src.pipelines.train_vision_backbones:run_pipeline:193 - Evaluating pvt_autoencoder_frozen on MTF
2026-02-08 14:53:09.283 | INFO     | src.models.evaluation:evaluate_tsb_ad_nonoverlapping:65 - Normal (145081) reconstruction error: mean=0.2148, std=0.1213
2026-02-08 14:53:09.283 | INFO     | src.models.evaluation:evaluate_tsb_ad_nonoverlapping:66 - Anomaly (633) reconstruction error: mean=0.5289, std=0.1883
2026-02-08 14:53:09.283 | INFO     | src.models.evaluation:evaluate_tsb_ad_nonoverlapping:67 - Overlap? Normal max=1.0000, Anomaly min=0.0704
2026-02-08 14:53:43.878 | INFO     | src.models.evaluation:evaluate_tsb_ad_nonoverlapping:83 - {'AUC-PR': 0.0863083588558197, 'AUC-ROC': 0.9136522395676923, 'VUS-PR': np.float64(0.38703686138068355), 'VUS-ROC': np.float64(0.9405748180937107), 'Standard-F1': np.float64(0.226411945216767), 'PA-F1': 0.2249476518097517, 'Event-based-F1': np.float64(0.21920149411515935), 'R-based-F1': 0.2179264796808385, 'Affiliation-F': 0.7915515442229051}
2026-02-08 14:53:44.031 | INFO     | src.pipelines.train_vision_backbones:run_pipeline:170 - Train images: 54
2026-02-08 14:53:44.031 | INFO     | src.pipelines.train_vision_backbones:run_pipeline:171 - Test images: 2914
2026-02-08 14:53:44.980 | INFO     | src.pipelines.train_vision_backbones:run_pipeline:176 - Training pvt_autoencoder_progressive_unfreeze on MTF
2026-02-08 14:53:45.004 | INFO     | src.models.pvt_autoencoder.training:train_pvt_autoencoder_progressive_unfreeze:132 - Device: cuda | Model on: cuda:0
2026-02-08 14:54:25.988 | INFO     | src.pipelines.train_vision_backbones:run_pipeline:193 - Evaluating pvt_autoencoder_progressive_unfreeze on MTF
2026-02-08 14:54:35.620 | INFO     | src.models.evaluation:evaluate_tsb_ad_nonoverlapping:65 - Normal (145081) reconstruction error: mean=0.2283, std=0.1318
2026-02-08 14:54:35.620 | INFO     | src.models.evaluation:evaluate_tsb_ad_nonoverlapping:66 - Anomaly (633) reconstruction error: mean=0.5439, std=0.2039
2026-02-08 14:54:35.620 | INFO     | src.models.evaluation:evaluate_tsb_ad_nonoverlapping:67 - Overlap? Normal max=1.0000, Anomaly min=0.0782
2026-02-08 14:55:11.075 | INFO     | src.models.evaluation:evaluate_tsb_ad_nonoverlapping:83 - {'AUC-PR': 0.0820710366525888, 'AUC-ROC': 0.9035843222862495, 'VUS-PR': np.float64(0.28790850111471245), 'VUS-ROC': np.float64(0.9334929195311279), 'Standard-F1': np.float64(0.18091846350157553), 'PA-F1': 0.18028958430639888, 'Event-based-F1': np.float64(0.1809058157488416), 'R-based-F1': 0.17432927278080382, 'Affiliation-F': 0.7624933217734586}
2026-02-08 14:55:11.231 | INFO     | src.pipelines.train_vision_backbones:run_pipeline:170 - Train images: 54
2026-02-08 14:55:11.232 | INFO     | src.pipelines.train_vision_backbones:run_pipeline:171 - Test images: 2914
2026-02-08 14:55:12.184 | INFO     | src.pipelines.train_vision_backbones:run_pipeline:176 - Training pvt_autoencoder_differential_lr on MTF
2026-02-08 14:55:12.206 | INFO     | src.models.pvt_autoencoder.training:train_pvt_autoencoder_differential_lr:267 - Device: cuda | Model on: cuda:0
2026-02-08 14:55:45.805 | INFO     | src.pipelines.train_vision_backbones:run_pipeline:193 - Evaluating pvt_autoencoder_differential_lr on MTF
2026-02-08 14:55:54.598 | INFO     | src.models.evaluation:evaluate_tsb_ad_nonoverlapping:65 - Normal (145081) reconstruction error: mean=0.2164, std=0.1306
2026-02-08 14:55:54.598 | INFO     | src.models.evaluation:evaluate_tsb_ad_nonoverlapping:66 - Anomaly (633) reconstruction error: mean=0.5644, std=0.2008
2026-02-08 14:55:54.598 | INFO     | src.models.evaluation:evaluate_tsb_ad_nonoverlapping:67 - Overlap? Normal max=1.0000, Anomaly min=0.0657
2026-02-08 14:56:29.350 | INFO     | src.models.evaluation:evaluate_tsb_ad_nonoverlapping:83 - {'AUC-PR': 0.08687292292866904, 'AUC-ROC': 0.9178243383200012, 'VUS-PR': np.float64(0.4030377254783855), 'VUS-ROC': np.float64(0.9477625150308552), 'Standard-F1': np.float64(0.22081900525572765), 'PA-F1': 0.2282641171198088, 'Event-based-F1': np.float64(0.22138768366937664), 'R-based-F1': 0.21731164608877607, 'Affiliation-F': 0.7928552097905807}
2026-02-08 14:56:30.197 | INFO     | src.pipelines.train_vision_backbones:run_pipeline:70 - Using zip: /net/scratch/hscra/plgrid/plgsmendowski12/ts2i_images/IOPS/272_IOPS_id_13_WebService_tr_3442_1st_3542_ts2i_RP.zip for transformation RP
2026-02-08 14:56:34.024 | INFO     | src.pipelines.train_vision_backbones:run_pipeline:170 - Train images: 54
2026-02-08 14:56:34.024 | INFO     | src.pipelines.train_vision_backbones:run_pipeline:171 - Test images: 2914
2026-02-08 14:56:34.030 | INFO     | src.pipelines.train_vision_backbones:run_pipeline:176 - Training cnn_autoencoder on RP
2026-02-08 14:56:34.035 | INFO     | src.models.cnn_autoencoder.training:train_autoencoder:22 - Device: cuda | Model on: cuda:0
2026-02-08 14:56:56.065 | INFO     | src.pipelines.train_vision_backbones:run_pipeline:193 - Evaluating cnn_autoencoder on RP
2026-02-08 14:56:58.651 | INFO     | src.models.evaluation:evaluate_tsb_ad_nonoverlapping:65 - Normal (145081) reconstruction error: mean=0.1578, std=0.0723
2026-02-08 14:56:58.651 | INFO     | src.models.evaluation:evaluate_tsb_ad_nonoverlapping:66 - Anomaly (633) reconstruction error: mean=0.3087, std=0.1379
2026-02-08 14:56:58.651 | INFO     | src.models.evaluation:evaluate_tsb_ad_nonoverlapping:67 - Overlap? Normal max=1.0000, Anomaly min=0.0501
2026-02-08 14:57:30.199 | INFO     | src.models.evaluation:evaluate_tsb_ad_nonoverlapping:83 - {'AUC-PR': 0.04780359711706205, 'AUC-ROC': 0.8703570156859479, 'VUS-PR': np.float64(0.23001591360530402), 'VUS-ROC': np.float64(0.8991360009339877), 'Standard-F1': np.float64(0.12760101243604208), 'PA-F1': 0.12814070351758794, 'Event-based-F1': np.float64(0.14584027546373388), 'R-based-F1': 0.14584027546373432, 'Affiliation-F': 0.7349004031308932}
2026-02-08 14:57:30.364 | INFO     | src.pipelines.train_vision_backbones:run_pipeline:170 - Train images: 54
2026-02-08 14:57:30.365 | INFO     | src.pipelines.train_vision_backbones:run_pipeline:171 - Test images: 2914
2026-02-08 14:57:30.574 | INFO     | src.pipelines.train_vision_backbones:run_pipeline:176 - Training resnet18_autoencoder_frozen on RP
2026-02-08 14:57:30.588 | INFO     | src.models.resnet18_autoencoder.training:train_autoencoder_frozen:25 - Device: cuda | Model on: cuda:0
2026-02-08 14:57:59.501 | INFO     | src.pipelines.train_vision_backbones:run_pipeline:193 - Evaluating resnet18_autoencoder_frozen on RP
2026-02-08 14:58:02.011 | INFO     | src.models.evaluation:evaluate_tsb_ad_nonoverlapping:65 - Normal (145081) reconstruction error: mean=0.2139, std=0.2498
2026-02-08 14:58:02.011 | INFO     | src.models.evaluation:evaluate_tsb_ad_nonoverlapping:66 - Anomaly (633) reconstruction error: mean=0.2383, std=0.2307
2026-02-08 14:58:02.011 | INFO     | src.models.evaluation:evaluate_tsb_ad_nonoverlapping:67 - Overlap? Normal max=1.0000, Anomaly min=0.0312
2026-02-08 14:58:38.995 | INFO     | src.models.evaluation:evaluate_tsb_ad_nonoverlapping:83 - {'AUC-PR': 0.007103427525746237, 'AUC-ROC': 0.6455381578910546, 'VUS-PR': np.float64(0.026953104778409197), 'VUS-ROC': np.float64(0.7234434666711027), 'Standard-F1': np.float64(0.03180993171462515), 'PA-F1': 0.02904040404040404, 'Event-based-F1': np.float64(0.020191285866099487), 'R-based-F1': 0.019849533251138567, 'Affiliation-F': 0.6747178305369798}
2026-02-08 14:58:39.147 | INFO     | src.pipelines.train_vision_backbones:run_pipeline:170 - Train images: 54
2026-02-08 14:58:39.147 | INFO     | src.pipelines.train_vision_backbones:run_pipeline:171 - Test images: 2914
2026-02-08 14:58:39.355 | INFO     | src.pipelines.train_vision_backbones:run_pipeline:176 - Training resnet18_autoencoder_progressive_unfreeze on RP
2026-02-08 14:58:39.368 | INFO     | src.models.resnet18_autoencoder.training:train_autoencoder_progressive_unfreeze:133 - Device: cuda | Model on: cuda:0
2026-02-08 14:59:08.520 | INFO     | src.pipelines.train_vision_backbones:run_pipeline:193 - Evaluating resnet18_autoencoder_progressive_unfreeze on RP
2026-02-08 14:59:18.723 | INFO     | src.models.evaluation:evaluate_tsb_ad_nonoverlapping:65 - Normal (145081) reconstruction error: mean=0.3336, std=0.1118
2026-02-08 14:59:18.724 | INFO     | src.models.evaluation:evaluate_tsb_ad_nonoverlapping:66 - Anomaly (633) reconstruction error: mean=0.5125, std=0.1634
2026-02-08 14:59:18.724 | INFO     | src.models.evaluation:evaluate_tsb_ad_nonoverlapping:67 - Overlap? Normal max=1.0000, Anomaly min=0.2059
2026-02-08 14:59:58.141 | INFO     | src.models.evaluation:evaluate_tsb_ad_nonoverlapping:83 - {'AUC-PR': 0.05769299649659781, 'AUC-ROC': 0.8197524577244114, 'VUS-PR': np.float64(0.1661266109303671), 'VUS-ROC': np.float64(0.8603231240294837), 'Standard-F1': np.float64(0.15233235110702772), 'PA-F1': 0.14830970556161396, 'Event-based-F1': np.float64(0.1475409836065569), 'R-based-F1': 0.14739347774339442, 'Affiliation-F': 0.6980807719095583}
2026-02-08 14:59:58.308 | INFO     | src.pipelines.train_vision_backbones:run_pipeline:170 - Train images: 54
2026-02-08 14:59:58.308 | INFO     | src.pipelines.train_vision_backbones:run_pipeline:171 - Test images: 2914
2026-02-08 14:59:58.517 | INFO     | src.pipelines.train_vision_backbones:run_pipeline:176 - Training resnet18_autoencoder_differential_lr on RP
2026-02-08 14:59:58.531 | INFO     | src.models.resnet18_autoencoder.training:train_autoencoder_differential_lr:271 - Device: cuda | Model on: cuda:0
2026-02-08 15:00:28.116 | INFO     | src.pipelines.train_vision_backbones:run_pipeline:193 - Evaluating resnet18_autoencoder_differential_lr on RP
2026-02-08 15:00:38.530 | INFO     | src.models.evaluation:evaluate_tsb_ad_nonoverlapping:65 - Normal (145081) reconstruction error: mean=0.3185, std=0.1081
2026-02-08 15:00:38.530 | INFO     | src.models.evaluation:evaluate_tsb_ad_nonoverlapping:66 - Anomaly (633) reconstruction error: mean=0.5231, std=0.1733
2026-02-08 15:00:38.530 | INFO     | src.models.evaluation:evaluate_tsb_ad_nonoverlapping:67 - Overlap? Normal max=1.0000, Anomaly min=0.1586
2026-02-08 15:01:17.364 | INFO     | src.models.evaluation:evaluate_tsb_ad_nonoverlapping:83 - {'AUC-PR': 0.08076466806811067, 'AUC-ROC': 0.839668836517353, 'VUS-PR': np.float64(0.2783410735305344), 'VUS-ROC': np.float64(0.8938970883578704), 'Standard-F1': np.float64(0.20062289699015437), 'PA-F1': 0.19743589743589743, 'Event-based-F1': np.float64(0.19311982542840597), 'R-based-F1': 0.19299396696501175, 'Affiliation-F': 0.7125097650147415}
2026-02-08 15:01:17.518 | INFO     | src.pipelines.train_vision_backbones:run_pipeline:170 - Train images: 54
2026-02-08 15:01:17.518 | INFO     | src.pipelines.train_vision_backbones:run_pipeline:171 - Test images: 2914
2026-02-08 15:01:18.519 | INFO     | src.pipelines.train_vision_backbones:run_pipeline:176 - Training pvt_autoencoder_frozen on RP
2026-02-08 15:01:18.542 | INFO     | src.models.pvt_autoencoder.training:train_pvt_autoencoder_frozen:24 - Device: cuda | Model on: cuda:0
2026-02-08 15:01:49.187 | INFO     | src.pipelines.train_vision_backbones:run_pipeline:193 - Evaluating pvt_autoencoder_frozen on RP
2026-02-08 15:02:02.481 | INFO     | src.models.evaluation:evaluate_tsb_ad_nonoverlapping:65 - Normal (145081) reconstruction error: mean=0.2955, std=0.1132
2026-02-08 15:02:02.481 | INFO     | src.models.evaluation:evaluate_tsb_ad_nonoverlapping:66 - Anomaly (633) reconstruction error: mean=0.5328, std=0.1890
2026-02-08 15:02:02.481 | INFO     | src.models.evaluation:evaluate_tsb_ad_nonoverlapping:67 - Overlap? Normal max=1.0000, Anomaly min=0.1051
2026-02-08 15:02:40.365 | INFO     | src.models.evaluation:evaluate_tsb_ad_nonoverlapping:83 - {'AUC-PR': 0.09282605740057341, 'AUC-ROC': 0.8591781212636972, 'VUS-PR': np.float64(0.2800097431257994), 'VUS-ROC': np.float64(0.8964068895509031), 'Standard-F1': np.float64(0.24306171527718415), 'PA-F1': 0.24399804017638413, 'Event-based-F1': np.float64(0.22840183559457258), 'R-based-F1': 0.22756851563749358, 'Affiliation-F': 0.7249566691524479}
2026-02-08 15:02:40.521 | INFO     | src.pipelines.train_vision_backbones:run_pipeline:170 - Train images: 54
2026-02-08 15:02:40.521 | INFO     | src.pipelines.train_vision_backbones:run_pipeline:171 - Test images: 2914
2026-02-08 15:02:41.457 | INFO     | src.pipelines.train_vision_backbones:run_pipeline:176 - Training pvt_autoencoder_progressive_unfreeze on RP
2026-02-08 15:02:41.479 | INFO     | src.models.pvt_autoencoder.training:train_pvt_autoencoder_progressive_unfreeze:132 - Device: cuda | Model on: cuda:0
2026-02-08 15:03:11.526 | INFO     | src.pipelines.train_vision_backbones:run_pipeline:193 - Evaluating pvt_autoencoder_progressive_unfreeze on RP
2026-02-08 15:03:23.443 | INFO     | src.models.evaluation:evaluate_tsb_ad_nonoverlapping:65 - Normal (145081) reconstruction error: mean=0.3407, std=0.1239
2026-02-08 15:03:23.443 | INFO     | src.models.evaluation:evaluate_tsb_ad_nonoverlapping:66 - Anomaly (633) reconstruction error: mean=0.5810, std=0.1848
2026-02-08 15:03:23.443 | INFO     | src.models.evaluation:evaluate_tsb_ad_nonoverlapping:67 - Overlap? Normal max=1.0000, Anomaly min=0.1330
2026-02-08 15:04:03.329 | INFO     | src.models.evaluation:evaluate_tsb_ad_nonoverlapping:83 - {'AUC-PR': 0.08499966822587778, 'AUC-ROC': 0.85885352185405, 'VUS-PR': np.float64(0.21930169682445352), 'VUS-ROC': np.float64(0.8870731638346955), 'Standard-F1': np.float64(0.1748958186704304), 'PA-F1': 0.18022619481940896, 'Event-based-F1': np.float64(0.16906601123595458), 'R-based-F1': 0.16872170561605287, 'Affiliation-F': 0.720859693307423}
2026-02-08 15:04:03.489 | INFO     | src.pipelines.train_vision_backbones:run_pipeline:170 - Train images: 54
2026-02-08 15:04:03.489 | INFO     | src.pipelines.train_vision_backbones:run_pipeline:171 - Test images: 2914
2026-02-08 15:04:04.461 | INFO     | src.pipelines.train_vision_backbones:run_pipeline:176 - Training pvt_autoencoder_differential_lr on RP
2026-02-08 15:04:04.483 | INFO     | src.models.pvt_autoencoder.training:train_pvt_autoencoder_differential_lr:267 - Device: cuda | Model on: cuda:0
2026-02-08 15:04:37.838 | INFO     | src.pipelines.train_vision_backbones:run_pipeline:193 - Evaluating pvt_autoencoder_differential_lr on RP
2026-02-08 15:04:52.593 | INFO     | src.models.evaluation:evaluate_tsb_ad_nonoverlapping:65 - Normal (145081) reconstruction error: mean=0.3022, std=0.1161
2026-02-08 15:04:52.593 | INFO     | src.models.evaluation:evaluate_tsb_ad_nonoverlapping:66 - Anomaly (633) reconstruction error: mean=0.5478, std=0.1938
2026-02-08 15:04:52.593 | INFO     | src.models.evaluation:evaluate_tsb_ad_nonoverlapping:67 - Overlap? Normal max=1.0000, Anomaly min=0.1301
2026-02-08 15:05:30.920 | INFO     | src.models.evaluation:evaluate_tsb_ad_nonoverlapping:83 - {'AUC-PR': 0.09502769171896827, 'AUC-ROC': 0.861743937496244, 'VUS-PR': np.float64(0.2867859388970724), 'VUS-ROC': np.float64(0.8962734079589295), 'Standard-F1': np.float64(0.24306171527718415), 'PA-F1': 0.24399804017638413, 'Event-based-F1': np.float64(0.22840183559457258), 'R-based-F1': 0.22756851563749358, 'Affiliation-F': 0.7207436668122871}
2026-02-08 15:05:31.782 | INFO     | src.pipelines.train_vision_backbones:run_pipeline:70 - Using zip: /net/scratch/hscra/plgrid/plgsmendowski12/ts2i_images/IOPS/272_IOPS_id_13_WebService_tr_3442_1st_3542_ts2i_RWT.zip for transformation RWT
2026-02-08 15:05:35.139 | INFO     | src.pipelines.train_vision_backbones:run_pipeline:170 - Train images: 54
2026-02-08 15:05:35.139 | INFO     | src.pipelines.train_vision_backbones:run_pipeline:171 - Test images: 2914
2026-02-08 15:05:35.145 | INFO     | src.pipelines.train_vision_backbones:run_pipeline:176 - Training cnn_autoencoder on RWT
2026-02-08 15:05:35.150 | INFO     | src.models.cnn_autoencoder.training:train_autoencoder:22 - Device: cuda | Model on: cuda:0
2026-02-08 15:05:58.123 | INFO     | src.pipelines.train_vision_backbones:run_pipeline:193 - Evaluating cnn_autoencoder on RWT
2026-02-08 15:06:00.479 | INFO     | src.models.evaluation:evaluate_tsb_ad_nonoverlapping:65 - Normal (145081) reconstruction error: mean=0.0083, std=0.0428
2026-02-08 15:06:00.480 | INFO     | src.models.evaluation:evaluate_tsb_ad_nonoverlapping:66 - Anomaly (633) reconstruction error: mean=0.1253, std=0.0983
2026-02-08 15:06:00.480 | INFO     | src.models.evaluation:evaluate_tsb_ad_nonoverlapping:67 - Overlap? Normal max=1.0000, Anomaly min=0.0009
2026-02-08 15:06:24.815 | INFO     | src.models.evaluation:evaluate_tsb_ad_nonoverlapping:83 - {'AUC-PR': 0.1070860173037188, 'AUC-ROC': 0.9607178255154145, 'VUS-PR': np.float64(0.36623280222593074), 'VUS-ROC': np.float64(0.9600307109728085), 'Standard-F1': np.float64(0.24793603110098802), 'PA-F1': 0.2374013357619915, 'Event-based-F1': np.float64(0.22623536415955514), 'R-based-F1': 0.28018603203766773, 'Affiliation-F': 0.8189875394257102}
2026-02-08 15:06:24.970 | INFO     | src.pipelines.train_vision_backbones:run_pipeline:170 - Train images: 54
2026-02-08 15:06:24.970 | INFO     | src.pipelines.train_vision_backbones:run_pipeline:171 - Test images: 2914
2026-02-08 15:06:25.180 | INFO     | src.pipelines.train_vision_backbones:run_pipeline:176 - Training resnet18_autoencoder_frozen on RWT
2026-02-08 15:06:25.193 | INFO     | src.models.resnet18_autoencoder.training:train_autoencoder_frozen:25 - Device: cuda | Model on: cuda:0
2026-02-08 15:06:38.235 | INFO     | src.pipelines.train_vision_backbones:run_pipeline:193 - Evaluating resnet18_autoencoder_frozen on RWT
2026-02-08 15:06:41.124 | INFO     | src.models.evaluation:evaluate_tsb_ad_nonoverlapping:65 - Normal (145081) reconstruction error: mean=0.0287, std=0.0672
2026-02-08 15:06:41.125 | INFO     | src.models.evaluation:evaluate_tsb_ad_nonoverlapping:66 - Anomaly (633) reconstruction error: mean=0.3076, std=0.1702
2026-02-08 15:06:41.125 | INFO     | src.models.evaluation:evaluate_tsb_ad_nonoverlapping:67 - Overlap? Normal max=1.0000, Anomaly min=0.0028
2026-02-08 15:07:06.652 | INFO     | src.models.evaluation:evaluate_tsb_ad_nonoverlapping:83 - {'AUC-PR': 0.11070470804802175, 'AUC-ROC': 0.9531961134790389, 'VUS-PR': np.float64(0.37587043368590195), 'VUS-ROC': np.float64(0.9586893886115093), 'Standard-F1': np.float64(0.24871318748268148), 'PA-F1': 0.2504472271914132, 'Event-based-F1': np.float64(0.23488533703961045), 'R-based-F1': 0.28201086309728346, 'Affiliation-F': 0.8319920068124288}
2026-02-08 15:07:06.804 | INFO     | src.pipelines.train_vision_backbones:run_pipeline:170 - Train images: 54
2026-02-08 15:07:06.804 | INFO     | src.pipelines.train_vision_backbones:run_pipeline:171 - Test images: 2914
2026-02-08 15:07:07.013 | INFO     | src.pipelines.train_vision_backbones:run_pipeline:176 - Training resnet18_autoencoder_progressive_unfreeze on RWT
2026-02-08 15:07:07.027 | INFO     | src.models.resnet18_autoencoder.training:train_autoencoder_progressive_unfreeze:133 - Device: cuda | Model on: cuda:0
2026-02-08 15:07:32.696 | INFO     | src.pipelines.train_vision_backbones:run_pipeline:193 - Evaluating resnet18_autoencoder_progressive_unfreeze on RWT
2026-02-08 15:07:38.421 | INFO     | src.models.evaluation:evaluate_tsb_ad_nonoverlapping:65 - Normal (145081) reconstruction error: mean=0.0159, std=0.0523
2026-02-08 15:07:38.421 | INFO     | src.models.evaluation:evaluate_tsb_ad_nonoverlapping:66 - Anomaly (633) reconstruction error: mean=0.2189, std=0.1377
2026-02-08 15:07:38.421 | INFO     | src.models.evaluation:evaluate_tsb_ad_nonoverlapping:67 - Overlap? Normal max=1.0000, Anomaly min=0.0035
2026-02-08 15:08:03.137 | INFO     | src.models.evaluation:evaluate_tsb_ad_nonoverlapping:83 - {'AUC-PR': 0.11314612945064902, 'AUC-ROC': 0.9630198570884948, 'VUS-PR': np.float64(0.394924998955112), 'VUS-ROC': np.float64(0.9662611837796733), 'Standard-F1': np.float64(0.2674015946558276), 'PA-F1': 0.26568483063328424, 'Event-based-F1': np.float64(0.25431583825744375), 'R-based-F1': 0.2992722829576121, 'Affiliation-F': 0.8391168573262031}
2026-02-08 15:08:03.296 | INFO     | src.pipelines.train_vision_backbones:run_pipeline:170 - Train images: 54
2026-02-08 15:08:03.296 | INFO     | src.pipelines.train_vision_backbones:run_pipeline:171 - Test images: 2914
2026-02-08 15:08:03.505 | INFO     | src.pipelines.train_vision_backbones:run_pipeline:176 - Training resnet18_autoencoder_differential_lr on RWT
2026-02-08 15:08:03.519 | INFO     | src.models.resnet18_autoencoder.training:train_autoencoder_differential_lr:271 - Device: cuda | Model on: cuda:0
2026-02-08 15:08:31.072 | INFO     | src.pipelines.train_vision_backbones:run_pipeline:193 - Evaluating resnet18_autoencoder_differential_lr on RWT
2026-02-08 15:08:39.895 | INFO     | src.models.evaluation:evaluate_tsb_ad_nonoverlapping:65 - Normal (145081) reconstruction error: mean=0.0312, std=0.0576
2026-02-08 15:08:39.895 | INFO     | src.models.evaluation:evaluate_tsb_ad_nonoverlapping:66 - Anomaly (633) reconstruction error: mean=0.2314, std=0.1256
2026-02-08 15:08:39.895 | INFO     | src.models.evaluation:evaluate_tsb_ad_nonoverlapping:67 - Overlap? Normal max=1.0000, Anomaly min=0.0040
2026-02-08 15:09:05.331 | INFO     | src.models.evaluation:evaluate_tsb_ad_nonoverlapping:83 - {'AUC-PR': 0.1017170882674998, 'AUC-ROC': 0.9454738706567501, 'VUS-PR': np.float64(0.33092304870962036), 'VUS-ROC': np.float64(0.9460266593431714), 'Standard-F1': np.float64(0.23555374976053503), 'PA-F1': 0.23062381852551986, 'Event-based-F1': np.float64(0.21764919501271), 'R-based-F1': 0.2667921064150647, 'Affiliation-F': 0.7977508003404046}
2026-02-08 15:09:05.520 | INFO     | src.pipelines.train_vision_backbones:run_pipeline:170 - Train images: 54
2026-02-08 15:09:05.521 | INFO     | src.pipelines.train_vision_backbones:run_pipeline:171 - Test images: 2914
2026-02-08 15:09:06.467 | INFO     | src.pipelines.train_vision_backbones:run_pipeline:176 - Training pvt_autoencoder_frozen on RWT
2026-02-08 15:09:06.492 | INFO     | src.models.pvt_autoencoder.training:train_pvt_autoencoder_frozen:24 - Device: cuda | Model on: cuda:0
2026-02-08 15:09:32.046 | INFO     | src.pipelines.train_vision_backbones:run_pipeline:193 - Evaluating pvt_autoencoder_frozen on RWT
2026-02-08 15:09:42.662 | INFO     | src.models.evaluation:evaluate_tsb_ad_nonoverlapping:65 - Normal (145081) reconstruction error: mean=0.0157, std=0.0560
2026-02-08 15:09:42.662 | INFO     | src.models.evaluation:evaluate_tsb_ad_nonoverlapping:66 - Anomaly (633) reconstruction error: mean=0.2153, std=0.1737
2026-02-08 15:09:42.662 | INFO     | src.models.evaluation:evaluate_tsb_ad_nonoverlapping:67 - Overlap? Normal max=1.0000, Anomaly min=0.0007
2026-02-08 15:10:07.276 | INFO     | src.models.evaluation:evaluate_tsb_ad_nonoverlapping:83 - {'AUC-PR': 0.10144451257405868, 'AUC-ROC': 0.960079297860879, 'VUS-PR': np.float64(0.3677506932789627), 'VUS-ROC': np.float64(0.9635271620061968), 'Standard-F1': np.float64(0.22120248606764953), 'PA-F1': 0.22616632860040567, 'Event-based-F1': np.float64(0.2197869725522324), 'R-based-F1': 0.25652075371633554, 'Affiliation-F': 0.8360153387417408}
2026-02-08 15:10:07.436 | INFO     | src.pipelines.train_vision_backbones:run_pipeline:170 - Train images: 54
2026-02-08 15:10:07.437 | INFO     | src.pipelines.train_vision_backbones:run_pipeline:171 - Test images: 2914
2026-02-08 15:10:08.398 | INFO     | src.pipelines.train_vision_backbones:run_pipeline:176 - Training pvt_autoencoder_progressive_unfreeze on RWT
2026-02-08 15:10:08.421 | INFO     | src.models.pvt_autoencoder.training:train_pvt_autoencoder_progressive_unfreeze:132 - Device: cuda | Model on: cuda:0
2026-02-08 15:10:39.860 | INFO     | src.pipelines.train_vision_backbones:run_pipeline:193 - Evaluating pvt_autoencoder_progressive_unfreeze on RWT
2026-02-08 15:10:51.608 | INFO     | src.models.evaluation:evaluate_tsb_ad_nonoverlapping:65 - Normal (145081) reconstruction error: mean=0.0122, std=0.0503
2026-02-08 15:10:51.609 | INFO     | src.models.evaluation:evaluate_tsb_ad_nonoverlapping:66 - Anomaly (633) reconstruction error: mean=0.1877, std=0.1399
2026-02-08 15:10:51.609 | INFO     | src.models.evaluation:evaluate_tsb_ad_nonoverlapping:67 - Overlap? Normal max=1.0000, Anomaly min=0.0007
2026-02-08 15:11:16.192 | INFO     | src.models.evaluation:evaluate_tsb_ad_nonoverlapping:83 - {'AUC-PR': 0.10758717777364321, 'AUC-ROC': 0.9618243599672212, 'VUS-PR': np.float64(0.3725780733805937), 'VUS-ROC': np.float64(0.9657457001506798), 'Standard-F1': np.float64(0.24110494597001603), 'PA-F1': 0.23874862788144896, 'Event-based-F1': np.float64(0.22798670403441282), 'R-based-F1': 0.2759997516927823, 'Affiliation-F': 0.8298651024545263}
2026-02-08 15:11:16.353 | INFO     | src.pipelines.train_vision_backbones:run_pipeline:170 - Train images: 54
2026-02-08 15:11:16.354 | INFO     | src.pipelines.train_vision_backbones:run_pipeline:171 - Test images: 2914
2026-02-08 15:11:17.298 | INFO     | src.pipelines.train_vision_backbones:run_pipeline:176 - Training pvt_autoencoder_differential_lr on RWT
2026-02-08 15:11:17.322 | INFO     | src.models.pvt_autoencoder.training:train_pvt_autoencoder_differential_lr:267 - Device: cuda | Model on: cuda:0
2026-02-08 15:11:43.982 | INFO     | src.pipelines.train_vision_backbones:run_pipeline:193 - Evaluating pvt_autoencoder_differential_lr on RWT
2026-02-08 15:11:51.085 | INFO     | src.models.evaluation:evaluate_tsb_ad_nonoverlapping:65 - Normal (145081) reconstruction error: mean=0.0118, std=0.0464
2026-02-08 15:11:51.085 | INFO     | src.models.evaluation:evaluate_tsb_ad_nonoverlapping:66 - Anomaly (633) reconstruction error: mean=0.1712, std=0.1160
2026-02-08 15:11:51.085 | INFO     | src.models.evaluation:evaluate_tsb_ad_nonoverlapping:67 - Overlap? Normal max=1.0000, Anomaly min=0.0010
2026-02-08 15:12:15.550 | INFO     | src.models.evaluation:evaluate_tsb_ad_nonoverlapping:83 - {'AUC-PR': 0.10939710272892351, 'AUC-ROC': 0.9618178483789297, 'VUS-PR': np.float64(0.3785738010286108), 'VUS-ROC': np.float64(0.9645156901378306), 'Standard-F1': np.float64(0.2442856476159617), 'PA-F1': 0.24820574162679426, 'Event-based-F1': np.float64(0.23715879072497767), 'R-based-F1': 0.28257836181163604, 'Affiliation-F': 0.8227547997173462}
2026-02-08 15:12:16.495 | INFO     | src.pipelines.train_vision_backbones:run_pipeline:70 - Using zip: /net/scratch/hscra/plgrid/plgsmendowski12/ts2i_images/IOPS/272_IOPS_id_13_WebService_tr_3442_1st_3542_ts2i_MWT.zip for transformation MWT
2026-02-08 15:12:20.147 | INFO     | src.pipelines.train_vision_backbones:run_pipeline:170 - Train images: 54
2026-02-08 15:12:20.147 | INFO     | src.pipelines.train_vision_backbones:run_pipeline:171 - Test images: 2914
2026-02-08 15:12:20.153 | INFO     | src.pipelines.train_vision_backbones:run_pipeline:176 - Training cnn_autoencoder on MWT
2026-02-08 15:12:20.158 | INFO     | src.models.cnn_autoencoder.training:train_autoencoder:22 - Device: cuda | Model on: cuda:0
2026-02-08 15:12:42.426 | INFO     | src.pipelines.train_vision_backbones:run_pipeline:193 - Evaluating cnn_autoencoder on MWT
2026-02-08 15:12:44.817 | INFO     | src.models.evaluation:evaluate_tsb_ad_nonoverlapping:65 - Normal (145081) reconstruction error: mean=0.0720, std=0.1225
2026-02-08 15:12:44.818 | INFO     | src.models.evaluation:evaluate_tsb_ad_nonoverlapping:66 - Anomaly (633) reconstruction error: mean=0.4448, std=0.2492
2026-02-08 15:12:44.818 | INFO     | src.models.evaluation:evaluate_tsb_ad_nonoverlapping:67 - Overlap? Normal max=1.0000, Anomaly min=0.0188
2026-02-08 15:13:12.459 | INFO     | src.models.evaluation:evaluate_tsb_ad_nonoverlapping:83 - {'AUC-PR': 0.08677901906496853, 'AUC-ROC': 0.9409681782273546, 'VUS-PR': np.float64(0.22358977148115106), 'VUS-ROC': np.float64(0.939119078115228), 'Standard-F1': np.float64(0.19554220512337064), 'PA-F1': 0.19554695062923524, 'Event-based-F1': np.float64(0.17675941080196347), 'R-based-F1': 0.176759410801964, 'Affiliation-F': 0.79055835601904}
2026-02-08 15:13:12.621 | INFO     | src.pipelines.train_vision_backbones:run_pipeline:170 - Train images: 54
2026-02-08 15:13:12.622 | INFO     | src.pipelines.train_vision_backbones:run_pipeline:171 - Test images: 2914
2026-02-08 15:13:12.834 | INFO     | src.pipelines.train_vision_backbones:run_pipeline:176 - Training resnet18_autoencoder_frozen on MWT
2026-02-08 15:13:12.847 | INFO     | src.models.resnet18_autoencoder.training:train_autoencoder_frozen:25 - Device: cuda | Model on: cuda:0
2026-02-08 15:13:34.671 | INFO     | src.pipelines.train_vision_backbones:run_pipeline:193 - Evaluating resnet18_autoencoder_frozen on MWT
2026-02-08 15:13:37.350 | INFO     | src.models.evaluation:evaluate_tsb_ad_nonoverlapping:65 - Normal (145081) reconstruction error: mean=0.1439, std=0.1352
2026-02-08 15:13:37.351 | INFO     | src.models.evaluation:evaluate_tsb_ad_nonoverlapping:66 - Anomaly (633) reconstruction error: mean=0.4602, std=0.1999
2026-02-08 15:13:37.351 | INFO     | src.models.evaluation:evaluate_tsb_ad_nonoverlapping:67 - Overlap? Normal max=1.0000, Anomaly min=0.0261
2026-02-08 15:14:08.701 | INFO     | src.models.evaluation:evaluate_tsb_ad_nonoverlapping:83 - {'AUC-PR': 0.06320793413149702, 'AUC-ROC': 0.9204003357148434, 'VUS-PR': np.float64(0.1714619284075573), 'VUS-ROC': np.float64(0.918203583630622), 'Standard-F1': np.float64(0.1650545866752955), 'PA-F1': 0.16505894962486603, 'Event-based-F1': np.float64(0.15117801047120374), 'R-based-F1': 0.15117801047120422, 'Affiliation-F': 0.7349330979378499}
2026-02-08 15:14:08.856 | INFO     | src.pipelines.train_vision_backbones:run_pipeline:170 - Train images: 54
2026-02-08 15:14:08.856 | INFO     | src.pipelines.train_vision_backbones:run_pipeline:171 - Test images: 2914
2026-02-08 15:14:09.081 | INFO     | src.pipelines.train_vision_backbones:run_pipeline:176 - Training resnet18_autoencoder_progressive_unfreeze on MWT
2026-02-08 15:14:09.094 | INFO     | src.models.resnet18_autoencoder.training:train_autoencoder_progressive_unfreeze:133 - Device: cuda | Model on: cuda:0
2026-02-08 15:14:44.153 | INFO     | src.pipelines.train_vision_backbones:run_pipeline:193 - Evaluating resnet18_autoencoder_progressive_unfreeze on MWT
2026-02-08 15:14:56.428 | INFO     | src.models.evaluation:evaluate_tsb_ad_nonoverlapping:65 - Normal (145081) reconstruction error: mean=0.1091, std=0.1482
2026-02-08 15:14:56.428 | INFO     | src.models.evaluation:evaluate_tsb_ad_nonoverlapping:66 - Anomaly (633) reconstruction error: mean=0.4574, std=0.2231
2026-02-08 15:14:56.428 | INFO     | src.models.evaluation:evaluate_tsb_ad_nonoverlapping:67 - Overlap? Normal max=1.0000, Anomaly min=0.0290
2026-02-08 15:15:26.389 | INFO     | src.models.evaluation:evaluate_tsb_ad_nonoverlapping:83 - {'AUC-PR': 0.05973323834532103, 'AUC-ROC': 0.9192445832378237, 'VUS-PR': np.float64(0.14701873320957426), 'VUS-ROC': np.float64(0.9155579013003863), 'Standard-F1': np.float64(0.15665869023624715), 'PA-F1': 0.15666327568667346, 'Event-based-F1': np.float64(0.14410480349344934), 'R-based-F1': 0.14410480349344978, 'Affiliation-F': 0.7354165705256063}
2026-02-08 15:15:26.545 | INFO     | src.pipelines.train_vision_backbones:run_pipeline:170 - Train images: 54
2026-02-08 15:15:26.545 | INFO     | src.pipelines.train_vision_backbones:run_pipeline:171 - Test images: 2914
2026-02-08 15:15:26.755 | INFO     | src.pipelines.train_vision_backbones:run_pipeline:176 - Training resnet18_autoencoder_differential_lr on MWT
2026-02-08 15:15:26.769 | INFO     | src.models.resnet18_autoencoder.training:train_autoencoder_differential_lr:271 - Device: cuda | Model on: cuda:0
2026-02-08 15:15:55.310 | INFO     | src.pipelines.train_vision_backbones:run_pipeline:193 - Evaluating resnet18_autoencoder_differential_lr on MWT
2026-02-08 15:16:03.732 | INFO     | src.models.evaluation:evaluate_tsb_ad_nonoverlapping:65 - Normal (145081) reconstruction error: mean=0.1498, std=0.1868
2026-02-08 15:16:03.733 | INFO     | src.models.evaluation:evaluate_tsb_ad_nonoverlapping:66 - Anomaly (633) reconstruction error: mean=0.4591, std=0.2185
2026-02-08 15:16:03.733 | INFO     | src.models.evaluation:evaluate_tsb_ad_nonoverlapping:67 - Overlap? Normal max=1.0000, Anomaly min=0.0190
2026-02-08 15:16:35.892 | INFO     | src.models.evaluation:evaluate_tsb_ad_nonoverlapping:83 - {'AUC-PR': 0.03226327180054663, 'AUC-ROC': 0.8780644495448983, 'VUS-PR': np.float64(0.10807018460337807), 'VUS-ROC': np.float64(0.8835040657395484), 'Standard-F1': np.float64(0.10567029866644517), 'PA-F1': 0.10414827890556046, 'Event-based-F1': np.float64(0.1016540317022738), 'R-based-F1': 0.1016540317022743, 'Affiliation-F': 0.7213557308443179}
2026-02-08 15:16:36.046 | INFO     | src.pipelines.train_vision_backbones:run_pipeline:170 - Train images: 54
2026-02-08 15:16:36.047 | INFO     | src.pipelines.train_vision_backbones:run_pipeline:171 - Test images: 2914
2026-02-08 15:16:37.002 | INFO     | src.pipelines.train_vision_backbones:run_pipeline:176 - Training pvt_autoencoder_frozen on MWT
2026-02-08 15:16:37.025 | INFO     | src.models.pvt_autoencoder.training:train_pvt_autoencoder_frozen:24 - Device: cuda | Model on: cuda:0
2026-02-08 15:16:52.978 | INFO     | src.pipelines.train_vision_backbones:run_pipeline:193 - Evaluating pvt_autoencoder_frozen on MWT
2026-02-08 15:16:58.250 | INFO     | src.models.evaluation:evaluate_tsb_ad_nonoverlapping:65 - Normal (145081) reconstruction error: mean=0.1652, std=0.1647
2026-02-08 15:16:58.251 | INFO     | src.models.evaluation:evaluate_tsb_ad_nonoverlapping:66 - Anomaly (633) reconstruction error: mean=0.5458, std=0.1945
2026-02-08 15:16:58.251 | INFO     | src.models.evaluation:evaluate_tsb_ad_nonoverlapping:67 - Overlap? Normal max=1.0000, Anomaly min=0.0428
2026-02-08 15:17:30.514 | INFO     | src.models.evaluation:evaluate_tsb_ad_nonoverlapping:83 - {'AUC-PR': 0.05245802315468527, 'AUC-ROC': 0.924082388447972, 'VUS-PR': np.float64(0.1937066654277326), 'VUS-ROC': np.float64(0.928970079868489), 'Standard-F1': np.float64(0.12769620140274626), 'PA-F1': 0.1331013484123532, 'Event-based-F1': np.float64(0.12465878070973575), 'R-based-F1': 0.12313910143221506, 'Affiliation-F': 0.7584022357950316}
2026-02-08 15:17:30.934 | INFO     | src.pipelines.train_vision_backbones:run_pipeline:170 - Train images: 54
2026-02-08 15:17:30.934 | INFO     | src.pipelines.train_vision_backbones:run_pipeline:171 - Test images: 2914
2026-02-08 15:17:31.879 | INFO     | src.pipelines.train_vision_backbones:run_pipeline:176 - Training pvt_autoencoder_progressive_unfreeze on MWT
2026-02-08 15:17:31.902 | INFO     | src.models.pvt_autoencoder.training:train_pvt_autoencoder_progressive_unfreeze:132 - Device: cuda | Model on: cuda:0
2026-02-08 15:18:02.981 | INFO     | src.pipelines.train_vision_backbones:run_pipeline:193 - Evaluating pvt_autoencoder_progressive_unfreeze on MWT
2026-02-08 15:18:08.392 | INFO     | src.models.evaluation:evaluate_tsb_ad_nonoverlapping:65 - Normal (145081) reconstruction error: mean=0.0794, std=0.1440
2026-02-08 15:18:08.392 | INFO     | src.models.evaluation:evaluate_tsb_ad_nonoverlapping:66 - Anomaly (633) reconstruction error: mean=0.4407, std=0.2473
2026-02-08 15:18:08.392 | INFO     | src.models.evaluation:evaluate_tsb_ad_nonoverlapping:67 - Overlap? Normal max=1.0000, Anomaly min=0.0103
2026-02-08 15:18:36.653 | INFO     | src.models.evaluation:evaluate_tsb_ad_nonoverlapping:83 - {'AUC-PR': 0.06190319019921049, 'AUC-ROC': 0.9265759129837509, 'VUS-PR': np.float64(0.1394534552326035), 'VUS-ROC': np.float64(0.9165340399300441), 'Standard-F1': np.float64(0.1313662692404211), 'PA-F1': 0.13137032842582105, 'Event-based-F1': np.float64(0.12894619831035978), 'R-based-F1': 0.12894619831036017, 'Affiliation-F': 0.7567236784094091}
2026-02-08 15:18:36.822 | INFO     | src.pipelines.train_vision_backbones:run_pipeline:170 - Train images: 54
2026-02-08 15:18:36.822 | INFO     | src.pipelines.train_vision_backbones:run_pipeline:171 - Test images: 2914
2026-02-08 15:18:37.765 | INFO     | src.pipelines.train_vision_backbones:run_pipeline:176 - Training pvt_autoencoder_differential_lr on MWT
2026-02-08 15:18:37.788 | INFO     | src.models.pvt_autoencoder.training:train_pvt_autoencoder_differential_lr:267 - Device: cuda | Model on: cuda:0
2026-02-08 15:18:56.303 | INFO     | src.pipelines.train_vision_backbones:run_pipeline:193 - Evaluating pvt_autoencoder_differential_lr on MWT
2026-02-08 15:18:59.139 | INFO     | src.models.evaluation:evaluate_tsb_ad_nonoverlapping:65 - Normal (145081) reconstruction error: mean=0.1785, std=0.1753
2026-02-08 15:18:59.140 | INFO     | src.models.evaluation:evaluate_tsb_ad_nonoverlapping:66 - Anomaly (633) reconstruction error: mean=0.6130, std=0.2082
2026-02-08 15:18:59.140 | INFO     | src.models.evaluation:evaluate_tsb_ad_nonoverlapping:67 - Overlap? Normal max=1.0000, Anomaly min=0.0371
2026-02-08 15:19:32.064 | INFO     | src.models.evaluation:evaluate_tsb_ad_nonoverlapping:83 - {'AUC-PR': 0.06691536616442964, 'AUC-ROC': 0.9291502552591611, 'VUS-PR': np.float64(0.2245010397860799), 'VUS-ROC': np.float64(0.9362963710965653), 'Standard-F1': np.float64(0.1782484265075588), 'PA-F1': 0.19292237442922375, 'Event-based-F1': np.float64(0.16666666666666616), 'R-based-F1': 0.16096249999999998, 'Affiliation-F': 0.7701277809421968}
2026-02-08 15:19:32.902 | INFO     | src.pipelines.train_vision_backbones:run_pipeline:70 - Using zip: /net/scratch/hscra/plgrid/plgsmendowski12/ts2i_images/IOPS/272_IOPS_id_13_WebService_tr_3442_1st_3542_ts2i_SPIRAL.zip for transformation SPIRAL
2026-02-08 15:19:36.597 | INFO     | src.pipelines.train_vision_backbones:run_pipeline:170 - Train images: 54
2026-02-08 15:19:36.598 | INFO     | src.pipelines.train_vision_backbones:run_pipeline:171 - Test images: 2914
2026-02-08 15:19:36.604 | INFO     | src.pipelines.train_vision_backbones:run_pipeline:176 - Training cnn_autoencoder on SPIRAL
2026-02-08 15:19:36.609 | INFO     | src.models.cnn_autoencoder.training:train_autoencoder:22 - Device: cuda | Model on: cuda:0
2026-02-08 15:19:58.499 | INFO     | src.pipelines.train_vision_backbones:run_pipeline:193 - Evaluating cnn_autoencoder on SPIRAL
2026-02-08 15:20:00.810 | INFO     | src.models.evaluation:evaluate_tsb_ad_nonoverlapping:65 - Normal (145081) reconstruction error: mean=0.0165, std=0.0337
2026-02-08 15:20:00.810 | INFO     | src.models.evaluation:evaluate_tsb_ad_nonoverlapping:66 - Anomaly (633) reconstruction error: mean=0.2586, std=0.1907
2026-02-08 15:20:00.810 | INFO     | src.models.evaluation:evaluate_tsb_ad_nonoverlapping:67 - Overlap? Normal max=1.0000, Anomaly min=0.0089
2026-02-08 15:20:25.532 | INFO     | src.models.evaluation:evaluate_tsb_ad_nonoverlapping:83 - {'AUC-PR': 0.2548248513752614, 'AUC-ROC': 0.9772744425288251, 'VUS-PR': np.float64(0.5836487228721294), 'VUS-ROC': np.float64(0.9882950025994316), 'Standard-F1': np.float64(0.38810534752936804), 'PA-F1': 0.40045766590389015, 'Event-based-F1': np.float64(0.32875368007850786), 'R-based-F1': 0.37217289861091535, 'Affiliation-F': 0.8722967608919617}
2026-02-08 15:20:25.688 | INFO     | src.pipelines.train_vision_backbones:run_pipeline:170 - Train images: 54
2026-02-08 15:20:25.688 | INFO     | src.pipelines.train_vision_backbones:run_pipeline:171 - Test images: 2914
2026-02-08 15:20:25.898 | INFO     | src.pipelines.train_vision_backbones:run_pipeline:176 - Training resnet18_autoencoder_frozen on SPIRAL
2026-02-08 15:20:25.911 | INFO     | src.models.resnet18_autoencoder.training:train_autoencoder_frozen:25 - Device: cuda | Model on: cuda:0
2026-02-08 15:20:32.474 | INFO     | src.pipelines.train_vision_backbones:run_pipeline:193 - Evaluating resnet18_autoencoder_frozen on SPIRAL
2026-02-08 15:20:34.977 | INFO     | src.models.evaluation:evaluate_tsb_ad_nonoverlapping:65 - Normal (145081) reconstruction error: mean=0.1866, std=0.1581
2026-02-08 15:20:34.978 | INFO     | src.models.evaluation:evaluate_tsb_ad_nonoverlapping:66 - Anomaly (633) reconstruction error: mean=0.4123, std=0.2039
2026-02-08 15:20:34.978 | INFO     | src.models.evaluation:evaluate_tsb_ad_nonoverlapping:67 - Overlap? Normal max=1.0000, Anomaly min=0.0535
2026-02-08 15:21:07.805 | INFO     | src.models.evaluation:evaluate_tsb_ad_nonoverlapping:83 - {'AUC-PR': 0.020758241884267174, 'AUC-ROC': 0.8206275150125049, 'VUS-PR': np.float64(0.07099222785316209), 'VUS-ROC': np.float64(0.8427033452120605), 'Standard-F1': np.float64(0.057036305557970755), 'PA-F1': 0.0538418395961862, 'Event-based-F1': np.float64(0.046920821114369), 'R-based-F1': 0.06886938743965353, 'Affiliation-F': 0.7476213419541043}
2026-02-08 15:21:07.958 | INFO     | src.pipelines.train_vision_backbones:run_pipeline:170 - Train images: 54
2026-02-08 15:21:07.958 | INFO     | src.pipelines.train_vision_backbones:run_pipeline:171 - Test images: 2914
2026-02-08 15:21:08.161 | INFO     | src.pipelines.train_vision_backbones:run_pipeline:176 - Training resnet18_autoencoder_progressive_unfreeze on SPIRAL
2026-02-08 15:21:08.173 | INFO     | src.models.resnet18_autoencoder.training:train_autoencoder_progressive_unfreeze:133 - Device: cuda | Model on: cuda:0
2026-02-08 15:21:30.098 | INFO     | src.pipelines.train_vision_backbones:run_pipeline:193 - Evaluating resnet18_autoencoder_progressive_unfreeze on SPIRAL
2026-02-08 15:21:32.853 | INFO     | src.models.evaluation:evaluate_tsb_ad_nonoverlapping:65 - Normal (145081) reconstruction error: mean=0.0505, std=0.0786
2026-02-08 15:21:32.854 | INFO     | src.models.evaluation:evaluate_tsb_ad_nonoverlapping:66 - Anomaly (633) reconstruction error: mean=0.3822, std=0.1833
2026-02-08 15:21:32.854 | INFO     | src.models.evaluation:evaluate_tsb_ad_nonoverlapping:67 - Overlap? Normal max=1.0000, Anomaly min=0.0077
2026-02-08 15:21:59.599 | INFO     | src.models.evaluation:evaluate_tsb_ad_nonoverlapping:83 - {'AUC-PR': 0.12626815348940354, 'AUC-ROC': 0.954473952792052, 'VUS-PR': np.float64(0.3572875267248442), 'VUS-ROC': np.float64(0.9604912572024993), 'Standard-F1': np.float64(0.2894000697737247), 'PA-F1': 0.2990936555891239, 'Event-based-F1': np.float64(0.26704609173488797), 'R-based-F1': 0.31439525398812135, 'Affiliation-F': 0.8377559935649778}
2026-02-08 15:21:59.756 | INFO     | src.pipelines.train_vision_backbones:run_pipeline:170 - Train images: 54
2026-02-08 15:21:59.756 | INFO     | src.pipelines.train_vision_backbones:run_pipeline:171 - Test images: 2914
2026-02-08 15:21:59.964 | INFO     | src.pipelines.train_vision_backbones:run_pipeline:176 - Training resnet18_autoencoder_differential_lr on SPIRAL
2026-02-08 15:21:59.977 | INFO     | src.models.resnet18_autoencoder.training:train_autoencoder_differential_lr:271 - Device: cuda | Model on: cuda:0
2026-02-08 15:22:17.450 | INFO     | src.pipelines.train_vision_backbones:run_pipeline:193 - Evaluating resnet18_autoencoder_differential_lr on SPIRAL
2026-02-08 15:22:26.881 | INFO     | src.models.evaluation:evaluate_tsb_ad_nonoverlapping:65 - Normal (145081) reconstruction error: mean=0.0930, std=0.1221
2026-02-08 15:22:26.881 | INFO     | src.models.evaluation:evaluate_tsb_ad_nonoverlapping:66 - Anomaly (633) reconstruction error: mean=0.3953, std=0.2053
2026-02-08 15:22:26.881 | INFO     | src.models.evaluation:evaluate_tsb_ad_nonoverlapping:67 - Overlap? Normal max=1.0000, Anomaly min=0.0078
2026-02-08 15:22:55.788 | INFO     | src.models.evaluation:evaluate_tsb_ad_nonoverlapping:83 - {'AUC-PR': 0.04957391615584713, 'AUC-ROC': 0.9080028160550461, 'VUS-PR': np.float64(0.15220252439479323), 'VUS-ROC': np.float64(0.9118971386278739), 'Standard-F1': np.float64(0.11503439780641714), 'PA-F1': 0.11432483313366422, 'Event-based-F1': np.float64(0.10820072017655918), 'R-based-F1': 0.11283843825754927, 'Affiliation-F': 0.7843505794347075}
2026-02-08 15:22:55.942 | INFO     | src.pipelines.train_vision_backbones:run_pipeline:170 - Train images: 54
2026-02-08 15:22:55.942 | INFO     | src.pipelines.train_vision_backbones:run_pipeline:171 - Test images: 2914
2026-02-08 15:22:56.920 | INFO     | src.pipelines.train_vision_backbones:run_pipeline:176 - Training pvt_autoencoder_frozen on SPIRAL
2026-02-08 15:22:56.943 | INFO     | src.models.pvt_autoencoder.training:train_pvt_autoencoder_frozen:24 - Device: cuda | Model on: cuda:0
2026-02-08 15:23:23.504 | INFO     | src.pipelines.train_vision_backbones:run_pipeline:193 - Evaluating pvt_autoencoder_frozen on SPIRAL
2026-02-08 15:23:30.622 | INFO     | src.models.evaluation:evaluate_tsb_ad_nonoverlapping:65 - Normal (145081) reconstruction error: mean=0.0707, std=0.0911
2026-02-08 15:23:30.622 | INFO     | src.models.evaluation:evaluate_tsb_ad_nonoverlapping:66 - Anomaly (633) reconstruction error: mean=0.4603, std=0.2158
2026-02-08 15:23:30.622 | INFO     | src.models.evaluation:evaluate_tsb_ad_nonoverlapping:67 - Overlap? Normal max=1.0000, Anomaly min=0.0030
2026-02-08 15:23:58.768 | INFO     | src.models.evaluation:evaluate_tsb_ad_nonoverlapping:83 - {'AUC-PR': 0.1670164761182802, 'AUC-ROC': 0.9580546076820865, 'VUS-PR': np.float64(0.3099795877139117), 'VUS-ROC': np.float64(0.9559336162199059), 'Standard-F1': np.float64(0.2990126673041005), 'PA-F1': 0.31124807395993837, 'Event-based-F1': np.float64(0.250054077438892), 'R-based-F1': 0.24706868682776642, 'Affiliation-F': 0.7632191748396223}
2026-02-08 15:23:58.919 | INFO     | src.pipelines.train_vision_backbones:run_pipeline:170 - Train images: 54
2026-02-08 15:23:58.919 | INFO     | src.pipelines.train_vision_backbones:run_pipeline:171 - Test images: 2914
2026-02-08 15:23:59.854 | INFO     | src.pipelines.train_vision_backbones:run_pipeline:176 - Training pvt_autoencoder_progressive_unfreeze on SPIRAL
2026-02-08 15:23:59.877 | INFO     | src.models.pvt_autoencoder.training:train_pvt_autoencoder_progressive_unfreeze:132 - Device: cuda | Model on: cuda:0
2026-02-08 15:24:08.876 | INFO     | src.pipelines.train_vision_backbones:run_pipeline:193 - Evaluating pvt_autoencoder_progressive_unfreeze on SPIRAL
2026-02-08 15:24:17.964 | INFO     | src.models.evaluation:evaluate_tsb_ad_nonoverlapping:65 - Normal (145081) reconstruction error: mean=0.1641, std=0.1594
2026-02-08 15:24:17.964 | INFO     | src.models.evaluation:evaluate_tsb_ad_nonoverlapping:66 - Anomaly (633) reconstruction error: mean=0.4224, std=0.1980
2026-02-08 15:24:17.964 | INFO     | src.models.evaluation:evaluate_tsb_ad_nonoverlapping:67 - Overlap? Normal max=1.0000, Anomaly min=0.0144
2026-02-08 15:24:49.200 | INFO     | src.models.evaluation:evaluate_tsb_ad_nonoverlapping:83 - {'AUC-PR': 0.036314724114867955, 'AUC-ROC': 0.8510064481819728, 'VUS-PR': np.float64(0.08290039975003821), 'VUS-ROC': np.float64(0.8435213085148636), 'Standard-F1': np.float64(0.06980541820245569), 'PA-F1': 0.0677361853832442, 'Event-based-F1': np.float64(0.06168831168831119), 'R-based-F1': 0.10101431021764405, 'Affiliation-F': 0.7544647855153012}
2026-02-08 15:24:49.357 | INFO     | src.pipelines.train_vision_backbones:run_pipeline:170 - Train images: 54
2026-02-08 15:24:49.357 | INFO     | src.pipelines.train_vision_backbones:run_pipeline:171 - Test images: 2914
2026-02-08 15:24:50.295 | INFO     | src.pipelines.train_vision_backbones:run_pipeline:176 - Training pvt_autoencoder_differential_lr on SPIRAL
2026-02-08 15:24:50.319 | INFO     | src.models.pvt_autoencoder.training:train_pvt_autoencoder_differential_lr:267 - Device: cuda | Model on: cuda:0
2026-02-08 15:25:22.203 | INFO     | src.pipelines.train_vision_backbones:run_pipeline:193 - Evaluating pvt_autoencoder_differential_lr on SPIRAL
2026-02-08 15:25:26.900 | INFO     | src.models.evaluation:evaluate_tsb_ad_nonoverlapping:65 - Normal (145081) reconstruction error: mean=0.0503, std=0.0688
2026-02-08 15:25:26.900 | INFO     | src.models.evaluation:evaluate_tsb_ad_nonoverlapping:66 - Anomaly (633) reconstruction error: mean=0.5907, std=0.2812
2026-02-08 15:25:26.900 | INFO     | src.models.evaluation:evaluate_tsb_ad_nonoverlapping:67 - Overlap? Normal max=1.0000, Anomaly min=0.0157
2026-02-08 15:25:53.215 | INFO     | src.models.evaluation:evaluate_tsb_ad_nonoverlapping:83 - {'AUC-PR': 0.2980550463288799, 'AUC-ROC': 0.9751415380282255, 'VUS-PR': np.float64(0.6685179742189393), 'VUS-ROC': np.float64(0.9869709111913519), 'Standard-F1': np.float64(0.429878902316622), 'PA-F1': 0.4441747572815534, 'Event-based-F1': np.float64(0.39074577823264783), 'R-based-F1': 0.38799270639319716, 'Affiliation-F': 0.8824431370426175}
2026-02-08 15:25:54.424 | INFO     | src.pipelines.train_vision_backbones:run_pipeline:70 - Using zip: /net/scratch/hscra/plgrid/plgsmendowski12/ts2i_images/IOPS/273_IOPS_id_14_WebService_tr_5569_1st_5669_ts2i_RN.zip for transformation RN
2026-02-08 15:25:58.204 | INFO     | src.pipelines.train_vision_backbones:run_pipeline:170 - Train images: 88
2026-02-08 15:25:58.204 | INFO     | src.pipelines.train_vision_backbones:run_pipeline:171 - Test images: 2871
2026-02-08 15:25:58.210 | INFO     | src.pipelines.train_vision_backbones:run_pipeline:176 - Training cnn_autoencoder on RN
2026-02-08 15:25:58.215 | INFO     | src.models.cnn_autoencoder.training:train_autoencoder:22 - Device: cuda | Model on: cuda:0
2026-02-08 15:26:25.996 | INFO     | src.pipelines.train_vision_backbones:run_pipeline:193 - Evaluating cnn_autoencoder on RN
2026-02-08 15:26:28.569 | INFO     | src.models.evaluation:evaluate_tsb_ad_nonoverlapping:65 - Normal (142792) reconstruction error: mean=0.9110, std=0.2002
2026-02-08 15:26:28.570 | INFO     | src.models.evaluation:evaluate_tsb_ad_nonoverlapping:66 - Anomaly (761) reconstruction error: mean=0.8114, std=0.3457
2026-02-08 15:26:28.570 | INFO     | src.models.evaluation:evaluate_tsb_ad_nonoverlapping:67 - Overlap? Normal max=1.0000, Anomaly min=0.0007
2026-02-08 15:27:29.573 | INFO     | src.models.evaluation:evaluate_tsb_ad_nonoverlapping:83 - {'AUC-PR': 0.006194254482313612, 'AUC-ROC': 0.49689446561087836, 'VUS-PR': np.float64(0.02891178388670364), 'VUS-ROC': np.float64(0.6525890041688023), 'Standard-F1': np.float64(0.017602005033143103), 'PA-F1': 0.036072144288577156, 'Event-based-F1': np.float64(0.016299390747094845), 'R-based-F1': 0.059905701283503636, 'Affiliation-F': 0.6702487078108013}
2026-02-08 15:27:29.726 | INFO     | src.pipelines.train_vision_backbones:run_pipeline:170 - Train images: 88
2026-02-08 15:27:29.726 | INFO     | src.pipelines.train_vision_backbones:run_pipeline:171 - Test images: 2871
2026-02-08 15:27:29.953 | INFO     | src.pipelines.train_vision_backbones:run_pipeline:176 - Training resnet18_autoencoder_frozen on RN
2026-02-08 15:27:29.966 | INFO     | src.models.resnet18_autoencoder.training:train_autoencoder_frozen:25 - Device: cuda | Model on: cuda:0
2026-02-08 15:28:03.568 | INFO     | src.pipelines.train_vision_backbones:run_pipeline:193 - Evaluating resnet18_autoencoder_frozen on RN
2026-02-08 15:28:07.397 | INFO     | src.models.evaluation:evaluate_tsb_ad_nonoverlapping:65 - Normal (142792) reconstruction error: mean=0.8134, std=0.1829
2026-02-08 15:28:07.397 | INFO     | src.models.evaluation:evaluate_tsb_ad_nonoverlapping:66 - Anomaly (761) reconstruction error: mean=0.7260, std=0.3111
2026-02-08 15:28:07.397 | INFO     | src.models.evaluation:evaluate_tsb_ad_nonoverlapping:67 - Overlap? Normal max=1.0000, Anomaly min=0.0000
2026-02-08 15:29:04.305 | INFO     | src.models.evaluation:evaluate_tsb_ad_nonoverlapping:83 - {'AUC-PR': 0.006425960663954336, 'AUC-ROC': 0.4847390613799262, 'VUS-PR': np.float64(0.023235242776303806), 'VUS-ROC': np.float64(0.5421333849730446), 'Standard-F1': np.float64(0.017594699058488115), 'PA-F1': 0.047754034016572175, 'Event-based-F1': np.float64(0.016246953696181808), 'R-based-F1': 0.059905701283503636, 'Affiliation-F': 0.6702487078108013}
2026-02-08 15:29:04.468 | INFO     | src.pipelines.train_vision_backbones:run_pipeline:170 - Train images: 88
2026-02-08 15:29:04.469 | INFO     | src.pipelines.train_vision_backbones:run_pipeline:171 - Test images: 2871
2026-02-08 15:29:04.676 | INFO     | src.pipelines.train_vision_backbones:run_pipeline:176 - Training resnet18_autoencoder_progressive_unfreeze on RN
2026-02-08 15:29:04.690 | INFO     | src.models.resnet18_autoencoder.training:train_autoencoder_progressive_unfreeze:133 - Device: cuda | Model on: cuda:0
2026-02-08 15:29:51.267 | INFO     | src.pipelines.train_vision_backbones:run_pipeline:193 - Evaluating resnet18_autoencoder_progressive_unfreeze on RN
2026-02-08 15:30:05.790 | INFO     | src.models.evaluation:evaluate_tsb_ad_nonoverlapping:65 - Normal (142792) reconstruction error: mean=0.8284, std=0.1856
2026-02-08 15:30:05.790 | INFO     | src.models.evaluation:evaluate_tsb_ad_nonoverlapping:66 - Anomaly (761) reconstruction error: mean=0.7386, std=0.3158
2026-02-08 15:30:05.791 | INFO     | src.models.evaluation:evaluate_tsb_ad_nonoverlapping:67 - Overlap? Normal max=1.0000, Anomaly min=0.0000
2026-02-08 15:31:03.134 | INFO     | src.models.evaluation:evaluate_tsb_ad_nonoverlapping:83 - {'AUC-PR': 0.005927629914484919, 'AUC-ROC': 0.49328985936115116, 'VUS-PR': np.float64(0.023810924115306845), 'VUS-ROC': np.float64(0.5894247664190836), 'Standard-F1': np.float64(0.017634703627607495), 'PA-F1': 0.03435734736516289, 'Event-based-F1': np.float64(0.01410884664615407), 'R-based-F1': 0.06289751825190146, 'Affiliation-F': 0.6703085860311132}
2026-02-08 15:31:03.291 | INFO     | src.pipelines.train_vision_backbones:run_pipeline:170 - Train images: 88
2026-02-08 15:31:03.291 | INFO     | src.pipelines.train_vision_backbones:run_pipeline:171 - Test images: 2871
2026-02-08 15:31:03.501 | INFO     | src.pipelines.train_vision_backbones:run_pipeline:176 - Training resnet18_autoencoder_differential_lr on RN
2026-02-08 15:31:03.515 | INFO     | src.models.resnet18_autoencoder.training:train_autoencoder_differential_lr:271 - Device: cuda | Model on: cuda:0
2026-02-08 15:31:38.930 | INFO     | src.pipelines.train_vision_backbones:run_pipeline:193 - Evaluating resnet18_autoencoder_differential_lr on RN
2026-02-08 15:31:46.764 | INFO     | src.models.evaluation:evaluate_tsb_ad_nonoverlapping:65 - Normal (142792) reconstruction error: mean=0.8449, std=0.1876
2026-02-08 15:31:46.765 | INFO     | src.models.evaluation:evaluate_tsb_ad_nonoverlapping:66 - Anomaly (761) reconstruction error: mean=0.7482, std=0.3195
2026-02-08 15:31:46.765 | INFO     | src.models.evaluation:evaluate_tsb_ad_nonoverlapping:67 - Overlap? Normal max=1.0000, Anomaly min=0.0000
2026-02-08 15:32:45.090 | INFO     | src.models.evaluation:evaluate_tsb_ad_nonoverlapping:83 - {'AUC-PR': 0.005366998389949003, 'AUC-ROC': 0.43228950443452147, 'VUS-PR': np.float64(0.02908038952855904), 'VUS-ROC': np.float64(0.5941496592112907), 'Standard-F1': np.float64(0.015058421260052496), 'PA-F1': 0.0358679313740735, 'Event-based-F1': np.float64(0.012460063897763527), 'R-based-F1': 0.06289751825190146, 'Affiliation-F': 0.6703085860311132}
2026-02-08 15:32:45.242 | INFO     | src.pipelines.train_vision_backbones:run_pipeline:170 - Train images: 88
2026-02-08 15:32:45.242 | INFO     | src.pipelines.train_vision_backbones:run_pipeline:171 - Test images: 2871
2026-02-08 15:32:46.179 | INFO     | src.pipelines.train_vision_backbones:run_pipeline:176 - Training pvt_autoencoder_frozen on RN
2026-02-08 15:32:46.202 | INFO     | src.models.pvt_autoencoder.training:train_pvt_autoencoder_frozen:24 - Device: cuda | Model on: cuda:0
2026-02-08 15:33:21.041 | INFO     | src.pipelines.train_vision_backbones:run_pipeline:193 - Evaluating pvt_autoencoder_frozen on RN
2026-02-08 15:33:33.527 | INFO     | src.models.evaluation:evaluate_tsb_ad_nonoverlapping:65 - Normal (142792) reconstruction error: mean=0.8051, std=0.1790
2026-02-08 15:33:33.527 | INFO     | src.models.evaluation:evaluate_tsb_ad_nonoverlapping:66 - Anomaly (761) reconstruction error: mean=0.7310, std=0.3131
2026-02-08 15:33:33.527 | INFO     | src.models.evaluation:evaluate_tsb_ad_nonoverlapping:67 - Overlap? Normal max=1.0000, Anomaly min=0.0007
2026-02-08 15:34:30.349 | INFO     | src.models.evaluation:evaluate_tsb_ad_nonoverlapping:83 - {'AUC-PR': 0.010744975118346487, 'AUC-ROC': 0.518880522133073, 'VUS-PR': np.float64(0.029055943589753573), 'VUS-ROC': np.float64(0.637849498454031), 'Standard-F1': np.float64(0.04521998412313057), 'PA-F1': 0.13245033112582782, 'Event-based-F1': np.float64(0.03998823875330746), 'R-based-F1': 0.059905701283503636, 'Affiliation-F': 0.6702487078108013}
2026-02-08 15:34:30.507 | INFO     | src.pipelines.train_vision_backbones:run_pipeline:170 - Train images: 88
2026-02-08 15:34:30.507 | INFO     | src.pipelines.train_vision_backbones:run_pipeline:171 - Test images: 2871
2026-02-08 15:34:31.441 | INFO     | src.pipelines.train_vision_backbones:run_pipeline:176 - Training pvt_autoencoder_progressive_unfreeze on RN
2026-02-08 15:34:31.465 | INFO     | src.models.pvt_autoencoder.training:train_pvt_autoencoder_progressive_unfreeze:132 - Device: cuda | Model on: cuda:0
2026-02-08 15:35:23.872 | INFO     | src.pipelines.train_vision_backbones:run_pipeline:193 - Evaluating pvt_autoencoder_progressive_unfreeze on RN
2026-02-08 15:35:43.164 | INFO     | src.models.evaluation:evaluate_tsb_ad_nonoverlapping:65 - Normal (142792) reconstruction error: mean=0.8142, std=0.1830
2026-02-08 15:35:43.164 | INFO     | src.models.evaluation:evaluate_tsb_ad_nonoverlapping:66 - Anomaly (761) reconstruction error: mean=0.7414, std=0.3200
2026-02-08 15:35:43.164 | INFO     | src.models.evaluation:evaluate_tsb_ad_nonoverlapping:67 - Overlap? Normal max=1.0000, Anomaly min=0.0000
2026-02-08 15:36:40.436 | INFO     | src.models.evaluation:evaluate_tsb_ad_nonoverlapping:83 - {'AUC-PR': 0.06978720500877712, 'AUC-ROC': 0.5278546038018304, 'VUS-PR': np.float64(0.03418948878622248), 'VUS-ROC': np.float64(0.6222468126446925), 'Standard-F1': np.float64(0.18660537211813427), 'PA-F1': 0.1783172875680201, 'Event-based-F1': np.float64(0.045303131245835626), 'R-based-F1': 0.06289751825190146, 'Affiliation-F': 0.6703085860311132}
2026-02-08 15:36:40.596 | INFO     | src.pipelines.train_vision_backbones:run_pipeline:170 - Train images: 88
2026-02-08 15:36:40.597 | INFO     | src.pipelines.train_vision_backbones:run_pipeline:171 - Test images: 2871
2026-02-08 15:36:41.553 | INFO     | src.pipelines.train_vision_backbones:run_pipeline:176 - Training pvt_autoencoder_differential_lr on RN
2026-02-08 15:36:41.577 | INFO     | src.models.pvt_autoencoder.training:train_pvt_autoencoder_differential_lr:267 - Device: cuda | Model on: cuda:0
2026-02-08 15:37:21.196 | INFO     | src.pipelines.train_vision_backbones:run_pipeline:193 - Evaluating pvt_autoencoder_differential_lr on RN
2026-02-08 15:37:37.474 | INFO     | src.models.evaluation:evaluate_tsb_ad_nonoverlapping:65 - Normal (142792) reconstruction error: mean=0.8136, std=0.1816
2026-02-08 15:37:37.474 | INFO     | src.models.evaluation:evaluate_tsb_ad_nonoverlapping:66 - Anomaly (761) reconstruction error: mean=0.7218, std=0.3083
2026-02-08 15:37:37.474 | INFO     | src.models.evaluation:evaluate_tsb_ad_nonoverlapping:67 - Overlap? Normal max=1.0000, Anomaly min=0.0000
2026-02-08 15:38:34.616 | INFO     | src.models.evaluation:evaluate_tsb_ad_nonoverlapping:83 - {'AUC-PR': 0.005524859720707587, 'AUC-ROC': 0.44464751813817893, 'VUS-PR': np.float64(0.02539758410457743), 'VUS-ROC': np.float64(0.5846445419053793), 'Standard-F1': np.float64(0.013191113646170856), 'PA-F1': 0.05113578486299277, 'Event-based-F1': np.float64(0.01169202975093423), 'R-based-F1': 0.01094573241808056, 'Affiliation-F': 0.6659411075913901}
2026-02-08 15:38:35.471 | INFO     | src.pipelines.train_vision_backbones:run_pipeline:70 - Using zip: /net/scratch/hscra/plgrid/plgsmendowski12/ts2i_images/IOPS/273_IOPS_id_14_WebService_tr_5569_1st_5669_ts2i_LP.zip for transformation LP
2026-02-08 15:38:39.023 | INFO     | src.pipelines.train_vision_backbones:run_pipeline:170 - Train images: 88
2026-02-08 15:38:39.023 | INFO     | src.pipelines.train_vision_backbones:run_pipeline:171 - Test images: 2871
2026-02-08 15:38:39.029 | INFO     | src.pipelines.train_vision_backbones:run_pipeline:176 - Training cnn_autoencoder on LP
2026-02-08 15:38:39.034 | INFO     | src.models.cnn_autoencoder.training:train_autoencoder:22 - Device: cuda | Model on: cuda:0
2026-02-08 15:39:05.571 | INFO     | src.pipelines.train_vision_backbones:run_pipeline:193 - Evaluating cnn_autoencoder on LP
2026-02-08 15:39:08.055 | INFO     | src.models.evaluation:evaluate_tsb_ad_nonoverlapping:65 - Normal (142792) reconstruction error: mean=0.1897, std=0.1050
2026-02-08 15:39:08.055 | INFO     | src.models.evaluation:evaluate_tsb_ad_nonoverlapping:66 - Anomaly (761) reconstruction error: mean=0.3406, std=0.1824
2026-02-08 15:39:08.055 | INFO     | src.models.evaluation:evaluate_tsb_ad_nonoverlapping:67 - Overlap? Normal max=1.0000, Anomaly min=0.1035
2026-02-08 15:39:40.497 | INFO     | src.models.evaluation:evaluate_tsb_ad_nonoverlapping:83 - {'AUC-PR': 0.03462789435062012, 'AUC-ROC': 0.7873553329805908, 'VUS-PR': np.float64(0.2724475437212551), 'VUS-ROC': np.float64(0.910984395455797), 'Standard-F1': np.float64(0.1346843227704015), 'PA-F1': 0.15426251691474965, 'Event-based-F1': np.float64(0.16571018651362954), 'R-based-F1': 0.14568596676055132, 'Affiliation-F': 0.6978942430716769}
2026-02-08 15:39:40.650 | INFO     | src.pipelines.train_vision_backbones:run_pipeline:170 - Train images: 88
2026-02-08 15:39:40.651 | INFO     | src.pipelines.train_vision_backbones:run_pipeline:171 - Test images: 2871
2026-02-08 15:39:40.861 | INFO     | src.pipelines.train_vision_backbones:run_pipeline:176 - Training resnet18_autoencoder_frozen on LP
2026-02-08 15:39:40.875 | INFO     | src.models.resnet18_autoencoder.training:train_autoencoder_frozen:25 - Device: cuda | Model on: cuda:0
2026-02-08 15:40:10.106 | INFO     | src.pipelines.train_vision_backbones:run_pipeline:193 - Evaluating resnet18_autoencoder_frozen on LP
2026-02-08 15:40:12.722 | INFO     | src.models.evaluation:evaluate_tsb_ad_nonoverlapping:65 - Normal (142792) reconstruction error: mean=0.1738, std=0.0979
2026-02-08 15:40:12.722 | INFO     | src.models.evaluation:evaluate_tsb_ad_nonoverlapping:66 - Anomaly (761) reconstruction error: mean=0.3155, std=0.2062
2026-02-08 15:40:12.722 | INFO     | src.models.evaluation:evaluate_tsb_ad_nonoverlapping:67 - Overlap? Normal max=1.0000, Anomaly min=0.0607
2026-02-08 15:40:44.563 | INFO     | src.models.evaluation:evaluate_tsb_ad_nonoverlapping:83 - {'AUC-PR': 0.03835612761789625, 'AUC-ROC': 0.7103972308876133, 'VUS-PR': np.float64(0.37013372947511974), 'VUS-ROC': np.float64(0.9245118437558942), 'Standard-F1': np.float64(0.1567770984143745), 'PA-F1': 0.19055374592833876, 'Event-based-F1': np.float64(0.1882704519985055), 'R-based-F1': 0.17398654034230995, 'Affiliation-F': 0.7697385875877044}
2026-02-08 15:40:44.717 | INFO     | src.pipelines.train_vision_backbones:run_pipeline:170 - Train images: 88
2026-02-08 15:40:44.717 | INFO     | src.pipelines.train_vision_backbones:run_pipeline:171 - Test images: 2871
2026-02-08 15:40:44.927 | INFO     | src.pipelines.train_vision_backbones:run_pipeline:176 - Training resnet18_autoencoder_progressive_unfreeze on LP
2026-02-08 15:40:44.941 | INFO     | src.models.resnet18_autoencoder.training:train_autoencoder_progressive_unfreeze:133 - Device: cuda | Model on: cuda:0
2026-02-08 15:41:19.893 | INFO     | src.pipelines.train_vision_backbones:run_pipeline:193 - Evaluating resnet18_autoencoder_progressive_unfreeze on LP
2026-02-08 15:41:31.382 | INFO     | src.models.evaluation:evaluate_tsb_ad_nonoverlapping:65 - Normal (142792) reconstruction error: mean=0.1975, std=0.1032
2026-02-08 15:41:31.383 | INFO     | src.models.evaluation:evaluate_tsb_ad_nonoverlapping:66 - Anomaly (761) reconstruction error: mean=0.3597, std=0.2058
2026-02-08 15:41:31.383 | INFO     | src.models.evaluation:evaluate_tsb_ad_nonoverlapping:67 - Overlap? Normal max=1.0000, Anomaly min=0.0940
2026-02-08 15:42:04.247 | INFO     | src.models.evaluation:evaluate_tsb_ad_nonoverlapping:83 - {'AUC-PR': 0.040417293272948324, 'AUC-ROC': 0.761419461545161, 'VUS-PR': np.float64(0.3459423333915333), 'VUS-ROC': np.float64(0.9312856842586767), 'Standard-F1': np.float64(0.14759441738340198), 'PA-F1': 0.17198838896952104, 'Event-based-F1': np.float64(0.16689146659473042), 'R-based-F1': 0.15315353111894273, 'Affiliation-F': 0.7792250703010982}
2026-02-08 15:42:04.405 | INFO     | src.pipelines.train_vision_backbones:run_pipeline:170 - Train images: 88
2026-02-08 15:42:04.405 | INFO     | src.pipelines.train_vision_backbones:run_pipeline:171 - Test images: 2871
2026-02-08 15:42:04.613 | INFO     | src.pipelines.train_vision_backbones:run_pipeline:176 - Training resnet18_autoencoder_differential_lr on LP
2026-02-08 15:42:04.626 | INFO     | src.models.resnet18_autoencoder.training:train_autoencoder_differential_lr:271 - Device: cuda | Model on: cuda:0
2026-02-08 15:42:37.386 | INFO     | src.pipelines.train_vision_backbones:run_pipeline:193 - Evaluating resnet18_autoencoder_differential_lr on LP
2026-02-08 15:42:46.803 | INFO     | src.models.evaluation:evaluate_tsb_ad_nonoverlapping:65 - Normal (142792) reconstruction error: mean=0.1806, std=0.1000
2026-02-08 15:42:46.803 | INFO     | src.models.evaluation:evaluate_tsb_ad_nonoverlapping:66 - Anomaly (761) reconstruction error: mean=0.3318, std=0.2104
2026-02-08 15:42:46.804 | INFO     | src.models.evaluation:evaluate_tsb_ad_nonoverlapping:67 - Overlap? Normal max=1.0000, Anomaly min=0.0680
2026-02-08 15:43:18.824 | INFO     | src.models.evaluation:evaluate_tsb_ad_nonoverlapping:83 - {'AUC-PR': 0.040626878666278524, 'AUC-ROC': 0.7331490971972575, 'VUS-PR': np.float64(0.34764854819500757), 'VUS-ROC': np.float64(0.923412165751398), 'Standard-F1': np.float64(0.16936147154824124), 'PA-F1': 0.20670897552130554, 'Event-based-F1': np.float64(0.20642530206728965), 'R-based-F1': 0.19180825555871067, 'Affiliation-F': 0.7425215018868916}
2026-02-08 15:43:18.981 | INFO     | src.pipelines.train_vision_backbones:run_pipeline:170 - Train images: 88
2026-02-08 15:43:18.981 | INFO     | src.pipelines.train_vision_backbones:run_pipeline:171 - Test images: 2871
2026-02-08 15:43:19.956 | INFO     | src.pipelines.train_vision_backbones:run_pipeline:176 - Training pvt_autoencoder_frozen on LP
2026-02-08 15:43:19.979 | INFO     | src.models.pvt_autoencoder.training:train_pvt_autoencoder_frozen:24 - Device: cuda | Model on: cuda:0
2026-02-08 15:43:53.217 | INFO     | src.pipelines.train_vision_backbones:run_pipeline:193 - Evaluating pvt_autoencoder_frozen on LP
2026-02-08 15:44:02.610 | INFO     | src.models.evaluation:evaluate_tsb_ad_nonoverlapping:65 - Normal (142792) reconstruction error: mean=0.1533, std=0.1002
2026-02-08 15:44:02.610 | INFO     | src.models.evaluation:evaluate_tsb_ad_nonoverlapping:66 - Anomaly (761) reconstruction error: mean=0.3302, std=0.2102
2026-02-08 15:44:02.610 | INFO     | src.models.evaluation:evaluate_tsb_ad_nonoverlapping:67 - Overlap? Normal max=1.0000, Anomaly min=0.0402
2026-02-08 15:44:33.423 | INFO     | src.models.evaluation:evaluate_tsb_ad_nonoverlapping:83 - {'AUC-PR': 0.045271002015857986, 'AUC-ROC': 0.7886105794860065, 'VUS-PR': np.float64(0.3903675658095048), 'VUS-ROC': np.float64(0.9421939628606237), 'Standard-F1': np.float64(0.15907422354627168), 'PA-F1': 0.19497178040020524, 'Event-based-F1': np.float64(0.2046219430109936), 'R-based-F1': 0.18773966349289167, 'Affiliation-F': 0.7799248693020828}
2026-02-08 15:44:33.575 | INFO     | src.pipelines.train_vision_backbones:run_pipeline:170 - Train images: 88
2026-02-08 15:44:33.575 | INFO     | src.pipelines.train_vision_backbones:run_pipeline:171 - Test images: 2871
2026-02-08 15:44:34.514 | INFO     | src.pipelines.train_vision_backbones:run_pipeline:176 - Training pvt_autoencoder_progressive_unfreeze on LP
2026-02-08 15:44:34.538 | INFO     | src.models.pvt_autoencoder.training:train_pvt_autoencoder_progressive_unfreeze:132 - Device: cuda | Model on: cuda:0
2026-02-08 15:45:21.742 | INFO     | src.pipelines.train_vision_backbones:run_pipeline:193 - Evaluating pvt_autoencoder_progressive_unfreeze on LP
2026-02-08 15:45:25.758 | INFO     | src.models.evaluation:evaluate_tsb_ad_nonoverlapping:65 - Normal (142792) reconstruction error: mean=0.1643, std=0.1033
2026-02-08 15:45:25.758 | INFO     | src.models.evaluation:evaluate_tsb_ad_nonoverlapping:66 - Anomaly (761) reconstruction error: mean=0.3639, std=0.1999
2026-02-08 15:45:25.759 | INFO     | src.models.evaluation:evaluate_tsb_ad_nonoverlapping:67 - Overlap? Normal max=1.0000, Anomaly min=0.0766
2026-02-08 15:45:57.206 | INFO     | src.models.evaluation:evaluate_tsb_ad_nonoverlapping:83 - {'AUC-PR': 0.05357103241841151, 'AUC-ROC': 0.8397714844171308, 'VUS-PR': np.float64(0.3983343301082488), 'VUS-ROC': np.float64(0.9436284714602596), 'Standard-F1': np.float64(0.17442827277145376), 'PA-F1': 0.21150278293135436, 'Event-based-F1': np.float64(0.21241545570213588), 'R-based-F1': 0.1978511675504472, 'Affiliation-F': 0.7901021819959373}
2026-02-08 15:45:57.363 | INFO     | src.pipelines.train_vision_backbones:run_pipeline:170 - Train images: 88
2026-02-08 15:45:57.363 | INFO     | src.pipelines.train_vision_backbones:run_pipeline:171 - Test images: 2871
2026-02-08 15:45:58.298 | INFO     | src.pipelines.train_vision_backbones:run_pipeline:176 - Training pvt_autoencoder_differential_lr on LP
2026-02-08 15:45:58.321 | INFO     | src.models.pvt_autoencoder.training:train_pvt_autoencoder_differential_lr:267 - Device: cuda | Model on: cuda:0
2026-02-08 15:46:35.693 | INFO     | src.pipelines.train_vision_backbones:run_pipeline:193 - Evaluating pvt_autoencoder_differential_lr on LP
2026-02-08 15:46:38.291 | INFO     | src.models.evaluation:evaluate_tsb_ad_nonoverlapping:65 - Normal (142792) reconstruction error: mean=0.1593, std=0.1067
2026-02-08 15:46:38.292 | INFO     | src.models.evaluation:evaluate_tsb_ad_nonoverlapping:66 - Anomaly (761) reconstruction error: mean=0.3253, std=0.2040
2026-02-08 15:46:38.292 | INFO     | src.models.evaluation:evaluate_tsb_ad_nonoverlapping:67 - Overlap? Normal max=1.0000, Anomaly min=0.0665
2026-02-08 15:47:09.335 | INFO     | src.models.evaluation:evaluate_tsb_ad_nonoverlapping:83 - {'AUC-PR': 0.04025781264371819, 'AUC-ROC': 0.7827452807310619, 'VUS-PR': np.float64(0.3418424947225905), 'VUS-ROC': np.float64(0.9232308871317738), 'Standard-F1': np.float64(0.16553144225049735), 'PA-F1': 0.20212765957446807, 'Event-based-F1': np.float64(0.20076372919259872), 'R-based-F1': 0.1861235372469659, 'Affiliation-F': 0.7583813210096146}
2026-02-08 15:47:10.186 | INFO     | src.pipelines.train_vision_backbones:run_pipeline:70 - Using zip: /net/scratch/hscra/plgrid/plgsmendowski12/ts2i_images/IOPS/273_IOPS_id_14_WebService_tr_5569_1st_5669_ts2i_SG.zip for transformation SG
2026-02-08 15:47:13.530 | INFO     | src.pipelines.train_vision_backbones:run_pipeline:170 - Train images: 88
2026-02-08 15:47:13.530 | INFO     | src.pipelines.train_vision_backbones:run_pipeline:171 - Test images: 2871
2026-02-08 15:47:13.537 | INFO     | src.pipelines.train_vision_backbones:run_pipeline:176 - Training cnn_autoencoder on SG
2026-02-08 15:47:13.541 | INFO     | src.models.cnn_autoencoder.training:train_autoencoder:22 - Device: cuda | Model on: cuda:0
2026-02-08 15:47:38.518 | INFO     | src.pipelines.train_vision_backbones:run_pipeline:193 - Evaluating cnn_autoencoder on SG
2026-02-08 15:47:40.947 | INFO     | src.models.evaluation:evaluate_tsb_ad_nonoverlapping:65 - Normal (142792) reconstruction error: mean=0.0482, std=0.0594
2026-02-08 15:47:40.947 | INFO     | src.models.evaluation:evaluate_tsb_ad_nonoverlapping:66 - Anomaly (761) reconstruction error: mean=0.1910, std=0.2004
2026-02-08 15:47:40.947 | INFO     | src.models.evaluation:evaluate_tsb_ad_nonoverlapping:67 - Overlap? Normal max=1.0000, Anomaly min=0.0072
2026-02-08 15:48:06.808 | INFO     | src.models.evaluation:evaluate_tsb_ad_nonoverlapping:83 - {'AUC-PR': 0.06510122210319876, 'AUC-ROC': 0.7294448127741782, 'VUS-PR': np.float64(0.42361621684473816), 'VUS-ROC': np.float64(0.9506091242249199), 'Standard-F1': np.float64(0.18199555859785155), 'PA-F1': 0.258008658008658, 'Event-based-F1': np.float64(0.21308705935353042), 'R-based-F1': 0.18207185211021973, 'Affiliation-F': 0.7842302585944231}
2026-02-08 15:48:06.959 | INFO     | src.pipelines.train_vision_backbones:run_pipeline:170 - Train images: 88
2026-02-08 15:48:06.960 | INFO     | src.pipelines.train_vision_backbones:run_pipeline:171 - Test images: 2871
2026-02-08 15:48:07.169 | INFO     | src.pipelines.train_vision_backbones:run_pipeline:176 - Training resnet18_autoencoder_frozen on SG
2026-02-08 15:48:07.182 | INFO     | src.models.resnet18_autoencoder.training:train_autoencoder_frozen:25 - Device: cuda | Model on: cuda:0
2026-02-08 15:48:11.222 | INFO     | src.pipelines.train_vision_backbones:run_pipeline:193 - Evaluating resnet18_autoencoder_frozen on SG
2026-02-08 15:48:13.570 | INFO     | src.models.evaluation:evaluate_tsb_ad_nonoverlapping:65 - Normal (142792) reconstruction error: mean=0.2355, std=0.2124
2026-02-08 15:48:13.570 | INFO     | src.models.evaluation:evaluate_tsb_ad_nonoverlapping:66 - Anomaly (761) reconstruction error: mean=0.1957, std=0.2263
2026-02-08 15:48:13.570 | INFO     | src.models.evaluation:evaluate_tsb_ad_nonoverlapping:67 - Overlap? Normal max=1.0000, Anomaly min=0.0225
2026-02-08 15:48:47.944 | INFO     | src.models.evaluation:evaluate_tsb_ad_nonoverlapping:83 - {'AUC-PR': 0.005376741171920182, 'AUC-ROC': 0.4060088384534622, 'VUS-PR': np.float64(0.018657467762180087), 'VUS-ROC': np.float64(0.505013259512203), 'Standard-F1': np.float64(0.024650175602922826), 'PA-F1': 0.026575550493545937, 'Event-based-F1': np.float64(0.022447888829502625), 'R-based-F1': 0.03661826158021581, 'Affiliation-F': 0.6690076380126981}
2026-02-08 15:48:48.100 | INFO     | src.pipelines.train_vision_backbones:run_pipeline:170 - Train images: 88
2026-02-08 15:48:48.100 | INFO     | src.pipelines.train_vision_backbones:run_pipeline:171 - Test images: 2871
2026-02-08 15:48:48.318 | INFO     | src.pipelines.train_vision_backbones:run_pipeline:176 - Training resnet18_autoencoder_progressive_unfreeze on SG
2026-02-08 15:48:48.331 | INFO     | src.models.resnet18_autoencoder.training:train_autoencoder_progressive_unfreeze:133 - Device: cuda | Model on: cuda:0
2026-02-08 15:48:52.398 | INFO     | src.pipelines.train_vision_backbones:run_pipeline:193 - Evaluating resnet18_autoencoder_progressive_unfreeze on SG
2026-02-08 15:48:54.728 | INFO     | src.models.evaluation:evaluate_tsb_ad_nonoverlapping:65 - Normal (142792) reconstruction error: mean=0.2267, std=0.2001
2026-02-08 15:48:54.728 | INFO     | src.models.evaluation:evaluate_tsb_ad_nonoverlapping:66 - Anomaly (761) reconstruction error: mean=0.1717, std=0.1793
2026-02-08 15:48:54.728 | INFO     | src.models.evaluation:evaluate_tsb_ad_nonoverlapping:67 - Overlap? Normal max=1.0000, Anomaly min=0.0230
2026-02-08 15:49:28.536 | INFO     | src.models.evaluation:evaluate_tsb_ad_nonoverlapping:83 - {'AUC-PR': 0.004547031826113504, 'AUC-ROC': 0.3900577723888874, 'VUS-PR': np.float64(0.018537247076798897), 'VUS-ROC': np.float64(0.49812644265925815), 'Standard-F1': np.float64(0.011312138034668101), 'PA-F1': 0.011834319526627219, 'Event-based-F1': np.float64(0.0287081339712915), 'R-based-F1': 0.028708133971291863, 'Affiliation-F': 0.6690076380126981}
2026-02-08 15:49:28.688 | INFO     | src.pipelines.train_vision_backbones:run_pipeline:170 - Train images: 88
2026-02-08 15:49:28.688 | INFO     | src.pipelines.train_vision_backbones:run_pipeline:171 - Test images: 2871
2026-02-08 15:49:28.896 | INFO     | src.pipelines.train_vision_backbones:run_pipeline:176 - Training resnet18_autoencoder_differential_lr on SG
2026-02-08 15:49:28.910 | INFO     | src.models.resnet18_autoencoder.training:train_autoencoder_differential_lr:271 - Device: cuda | Model on: cuda:0
2026-02-08 15:49:45.209 | INFO     | src.pipelines.train_vision_backbones:run_pipeline:193 - Evaluating resnet18_autoencoder_differential_lr on SG
2026-02-08 15:49:47.101 | INFO     | src.models.evaluation:evaluate_tsb_ad_nonoverlapping:65 - Normal (142792) reconstruction error: mean=0.0404, std=0.0524
2026-02-08 15:49:47.101 | INFO     | src.models.evaluation:evaluate_tsb_ad_nonoverlapping:66 - Anomaly (761) reconstruction error: mean=0.1698, std=0.1372
2026-02-08 15:49:47.101 | INFO     | src.models.evaluation:evaluate_tsb_ad_nonoverlapping:67 - Overlap? Normal max=1.0000, Anomaly min=0.0114
2026-02-08 15:50:12.851 | INFO     | src.models.evaluation:evaluate_tsb_ad_nonoverlapping:83 - {'AUC-PR': 0.07146472409580087, 'AUC-ROC': 0.8073916719164542, 'VUS-PR': np.float64(0.25827257916866037), 'VUS-ROC': np.float64(0.9438635273755943), 'Standard-F1': np.float64(0.20137231989412038), 'PA-F1': 0.20387096774193547, 'Event-based-F1': np.float64(0.190766774073968), 'R-based-F1': 0.18826408512594475, 'Affiliation-F': 0.7483511242541557}
2026-02-08 15:50:13.003 | INFO     | src.pipelines.train_vision_backbones:run_pipeline:170 - Train images: 88
2026-02-08 15:50:13.004 | INFO     | src.pipelines.train_vision_backbones:run_pipeline:171 - Test images: 2871
2026-02-08 15:50:13.983 | INFO     | src.pipelines.train_vision_backbones:run_pipeline:176 - Training pvt_autoencoder_frozen on SG
2026-02-08 15:50:14.006 | INFO     | src.models.pvt_autoencoder.training:train_pvt_autoencoder_frozen:24 - Device: cuda | Model on: cuda:0
2026-02-08 15:50:29.894 | INFO     | src.pipelines.train_vision_backbones:run_pipeline:193 - Evaluating pvt_autoencoder_frozen on SG
2026-02-08 15:50:39.122 | INFO     | src.models.evaluation:evaluate_tsb_ad_nonoverlapping:65 - Normal (142792) reconstruction error: mean=0.0690, std=0.1076
2026-02-08 15:50:39.122 | INFO     | src.models.evaluation:evaluate_tsb_ad_nonoverlapping:66 - Anomaly (761) reconstruction error: mean=0.1675, std=0.2095
2026-02-08 15:50:39.122 | INFO     | src.models.evaluation:evaluate_tsb_ad_nonoverlapping:67 - Overlap? Normal max=1.0000, Anomaly min=0.0037
2026-02-08 15:51:06.872 | INFO     | src.models.evaluation:evaluate_tsb_ad_nonoverlapping:83 - {'AUC-PR': 0.019755800615447083, 'AUC-ROC': 0.7104003045625336, 'VUS-PR': np.float64(0.06611638027261041), 'VUS-ROC': np.float64(0.8103894914197506), 'Standard-F1': np.float64(0.08199372219550043), 'PA-F1': 0.21613300492610837, 'Event-based-F1': np.float64(0.09072305593451524), 'R-based-F1': 0.08755760368663594, 'Affiliation-F': 0.7076090019497991}
2026-02-08 15:51:07.035 | INFO     | src.pipelines.train_vision_backbones:run_pipeline:170 - Train images: 88
2026-02-08 15:51:07.035 | INFO     | src.pipelines.train_vision_backbones:run_pipeline:171 - Test images: 2871
2026-02-08 15:51:08.009 | INFO     | src.pipelines.train_vision_backbones:run_pipeline:176 - Training pvt_autoencoder_progressive_unfreeze on SG
2026-02-08 15:51:08.032 | INFO     | src.models.pvt_autoencoder.training:train_pvt_autoencoder_progressive_unfreeze:132 - Device: cuda | Model on: cuda:0
2026-02-08 15:51:29.971 | INFO     | src.pipelines.train_vision_backbones:run_pipeline:193 - Evaluating pvt_autoencoder_progressive_unfreeze on SG
2026-02-08 15:51:37.232 | INFO     | src.models.evaluation:evaluate_tsb_ad_nonoverlapping:65 - Normal (142792) reconstruction error: mean=0.0379, std=0.0624
2026-02-08 15:51:37.232 | INFO     | src.models.evaluation:evaluate_tsb_ad_nonoverlapping:66 - Anomaly (761) reconstruction error: mean=0.2172, std=0.2181
2026-02-08 15:51:37.232 | INFO     | src.models.evaluation:evaluate_tsb_ad_nonoverlapping:67 - Overlap? Normal max=1.0000, Anomaly min=0.0044
2026-02-08 15:52:02.776 | INFO     | src.models.evaluation:evaluate_tsb_ad_nonoverlapping:83 - {'AUC-PR': 0.08260699114150738, 'AUC-ROC': 0.7816402025710057, 'VUS-PR': np.float64(0.28732766513249286), 'VUS-ROC': np.float64(0.9494836346690684), 'Standard-F1': np.float64(0.23587335180248903), 'PA-F1': 0.2542997542997543, 'Event-based-F1': np.float64(0.23671645713785047), 'R-based-F1': 0.23089805825242718, 'Affiliation-F': 0.7314750773308889}
2026-02-08 15:52:02.933 | INFO     | src.pipelines.train_vision_backbones:run_pipeline:170 - Train images: 88
2026-02-08 15:52:02.933 | INFO     | src.pipelines.train_vision_backbones:run_pipeline:171 - Test images: 2871
2026-02-08 15:52:04.936 | INFO     | src.pipelines.train_vision_backbones:run_pipeline:176 - Training pvt_autoencoder_differential_lr on SG
2026-02-08 15:52:04.958 | INFO     | src.models.pvt_autoencoder.training:train_pvt_autoencoder_differential_lr:267 - Device: cuda | Model on: cuda:0
2026-02-08 15:52:17.831 | INFO     | src.pipelines.train_vision_backbones:run_pipeline:193 - Evaluating pvt_autoencoder_differential_lr on SG
2026-02-08 15:52:20.959 | INFO     | src.models.evaluation:evaluate_tsb_ad_nonoverlapping:65 - Normal (142792) reconstruction error: mean=0.1135, std=0.1123
2026-02-08 15:52:20.959 | INFO     | src.models.evaluation:evaluate_tsb_ad_nonoverlapping:66 - Anomaly (761) reconstruction error: mean=0.2226, std=0.1116
2026-02-08 15:52:20.959 | INFO     | src.models.evaluation:evaluate_tsb_ad_nonoverlapping:67 - Overlap? Normal max=1.0000, Anomaly min=0.0115
2026-02-08 15:52:49.967 | INFO     | src.models.evaluation:evaluate_tsb_ad_nonoverlapping:83 - {'AUC-PR': 0.016390726310684875, 'AUC-ROC': 0.813662005564419, 'VUS-PR': np.float64(0.04377475514111915), 'VUS-ROC': np.float64(0.7804172666415553), 'Standard-F1': np.float64(0.045630936922055276), 'PA-F1': 0.06863713952025874, 'Event-based-F1': np.float64(0.043814079316225774), 'R-based-F1': 0.07990785926710378, 'Affiliation-F': 0.6730189401295916}
2026-02-08 15:52:51.421 | INFO     | src.pipelines.train_vision_backbones:run_pipeline:70 - Using zip: /net/scratch/hscra/plgrid/plgsmendowski12/ts2i_images/IOPS/273_IOPS_id_14_WebService_tr_5569_1st_5669_ts2i_GASF.zip for transformation GASF
2026-02-08 15:52:54.787 | INFO     | src.pipelines.train_vision_backbones:run_pipeline:170 - Train images: 88
2026-02-08 15:52:54.787 | INFO     | src.pipelines.train_vision_backbones:run_pipeline:171 - Test images: 2871
2026-02-08 15:52:54.793 | INFO     | src.pipelines.train_vision_backbones:run_pipeline:176 - Training cnn_autoencoder on GASF
2026-02-08 15:52:54.798 | INFO     | src.models.cnn_autoencoder.training:train_autoencoder:22 - Device: cuda | Model on: cuda:0
2026-02-08 15:53:20.601 | INFO     | src.pipelines.train_vision_backbones:run_pipeline:193 - Evaluating cnn_autoencoder on GASF
2026-02-08 15:53:23.050 | INFO     | src.models.evaluation:evaluate_tsb_ad_nonoverlapping:65 - Normal (142792) reconstruction error: mean=0.0351, std=0.0573
2026-02-08 15:53:23.050 | INFO     | src.models.evaluation:evaluate_tsb_ad_nonoverlapping:66 - Anomaly (761) reconstruction error: mean=0.1388, std=0.1784
2026-02-08 15:53:23.050 | INFO     | src.models.evaluation:evaluate_tsb_ad_nonoverlapping:67 - Overlap? Normal max=1.0000, Anomaly min=0.0000
2026-02-08 15:53:48.416 | INFO     | src.models.evaluation:evaluate_tsb_ad_nonoverlapping:83 - {'AUC-PR': 0.06159115573607532, 'AUC-ROC': 0.7556643733616116, 'VUS-PR': np.float64(0.5547076684907075), 'VUS-ROC': np.float64(0.9480743708251612), 'Standard-F1': np.float64(0.2106891630381976), 'PA-F1': 0.22437841115827775, 'Event-based-F1': np.float64(0.22883123317006107), 'R-based-F1': 0.1821906693179047, 'Affiliation-F': 0.8815958455924178}
2026-02-08 15:53:48.567 | INFO     | src.pipelines.train_vision_backbones:run_pipeline:170 - Train images: 88
2026-02-08 15:53:48.567 | INFO     | src.pipelines.train_vision_backbones:run_pipeline:171 - Test images: 2871
2026-02-08 15:53:48.776 | INFO     | src.pipelines.train_vision_backbones:run_pipeline:176 - Training resnet18_autoencoder_frozen on GASF
2026-02-08 15:53:48.790 | INFO     | src.models.resnet18_autoencoder.training:train_autoencoder_frozen:25 - Device: cuda | Model on: cuda:0
2026-02-08 15:54:10.644 | INFO     | src.pipelines.train_vision_backbones:run_pipeline:193 - Evaluating resnet18_autoencoder_frozen on GASF
2026-02-08 15:54:13.243 | INFO     | src.models.evaluation:evaluate_tsb_ad_nonoverlapping:65 - Normal (142792) reconstruction error: mean=0.0397, std=0.0669
2026-02-08 15:54:13.243 | INFO     | src.models.evaluation:evaluate_tsb_ad_nonoverlapping:66 - Anomaly (761) reconstruction error: mean=0.1720, std=0.1979
2026-02-08 15:54:13.243 | INFO     | src.models.evaluation:evaluate_tsb_ad_nonoverlapping:67 - Overlap? Normal max=1.0000, Anomaly min=0.0018
2026-02-08 15:54:38.991 | INFO     | src.models.evaluation:evaluate_tsb_ad_nonoverlapping:83 - {'AUC-PR': 0.051172862467507005, 'AUC-ROC': 0.786786463852221, 'VUS-PR': np.float64(0.5521395328759888), 'VUS-ROC': np.float64(0.9616427625464414), 'Standard-F1': np.float64(0.1707351959591892), 'PA-F1': 0.19298245614035087, 'Event-based-F1': np.float64(0.1919447127888829), 'R-based-F1': 0.1398894499993904, 'Affiliation-F': 0.8631371443903424}
2026-02-08 15:54:39.144 | INFO     | src.pipelines.train_vision_backbones:run_pipeline:170 - Train images: 88
2026-02-08 15:54:39.144 | INFO     | src.pipelines.train_vision_backbones:run_pipeline:171 - Test images: 2871
2026-02-08 15:54:39.353 | INFO     | src.pipelines.train_vision_backbones:run_pipeline:176 - Training resnet18_autoencoder_progressive_unfreeze on GASF
2026-02-08 15:54:39.367 | INFO     | src.models.resnet18_autoencoder.training:train_autoencoder_progressive_unfreeze:133 - Device: cuda | Model on: cuda:0
2026-02-08 15:54:56.989 | INFO     | src.pipelines.train_vision_backbones:run_pipeline:193 - Evaluating resnet18_autoencoder_progressive_unfreeze on GASF
2026-02-08 15:55:01.920 | INFO     | src.models.evaluation:evaluate_tsb_ad_nonoverlapping:65 - Normal (142792) reconstruction error: mean=0.0359, std=0.0652
2026-02-08 15:55:01.921 | INFO     | src.models.evaluation:evaluate_tsb_ad_nonoverlapping:66 - Anomaly (761) reconstruction error: mean=0.1711, std=0.1933
2026-02-08 15:55:01.921 | INFO     | src.models.evaluation:evaluate_tsb_ad_nonoverlapping:67 - Overlap? Normal max=1.0000, Anomaly min=0.0066
2026-02-08 15:55:27.269 | INFO     | src.models.evaluation:evaluate_tsb_ad_nonoverlapping:83 - {'AUC-PR': 0.05961958913110327, 'AUC-ROC': 0.8016370898769786, 'VUS-PR': np.float64(0.5712869849281852), 'VUS-ROC': np.float64(0.9696910885787617), 'Standard-F1': np.float64(0.18586578007295584), 'PA-F1': 0.21414141414141413, 'Event-based-F1': np.float64(0.20970077397446527), 'R-based-F1': 0.15459539452513144, 'Affiliation-F': 0.8737891899645104}
2026-02-08 15:55:27.425 | INFO     | src.pipelines.train_vision_backbones:run_pipeline:170 - Train images: 88
2026-02-08 15:55:27.425 | INFO     | src.pipelines.train_vision_backbones:run_pipeline:171 - Test images: 2871
2026-02-08 15:55:27.635 | INFO     | src.pipelines.train_vision_backbones:run_pipeline:176 - Training resnet18_autoencoder_differential_lr on GASF
2026-02-08 15:55:27.649 | INFO     | src.models.resnet18_autoencoder.training:train_autoencoder_differential_lr:271 - Device: cuda | Model on: cuda:0
2026-02-08 15:55:50.134 | INFO     | src.pipelines.train_vision_backbones:run_pipeline:193 - Evaluating resnet18_autoencoder_differential_lr on GASF
2026-02-08 15:55:57.445 | INFO     | src.models.evaluation:evaluate_tsb_ad_nonoverlapping:65 - Normal (142792) reconstruction error: mean=0.0439, std=0.0610
2026-02-08 15:55:57.446 | INFO     | src.models.evaluation:evaluate_tsb_ad_nonoverlapping:66 - Anomaly (761) reconstruction error: mean=0.1678, std=0.1827
2026-02-08 15:55:57.446 | INFO     | src.models.evaluation:evaluate_tsb_ad_nonoverlapping:67 - Overlap? Normal max=1.0000, Anomaly min=0.0112
2026-02-08 15:56:23.272 | INFO     | src.models.evaluation:evaluate_tsb_ad_nonoverlapping:83 - {'AUC-PR': 0.06578682750339238, 'AUC-ROC': 0.8431975920573, 'VUS-PR': np.float64(0.5851649761952584), 'VUS-ROC': np.float64(0.9613853835937641), 'Standard-F1': np.float64(0.19538253463459404), 'PA-F1': 0.22455172413793104, 'Event-based-F1': np.float64(0.21469733771491142), 'R-based-F1': 0.16925662940745678, 'Affiliation-F': 0.8875280049703117}
2026-02-08 15:56:23.439 | INFO     | src.pipelines.train_vision_backbones:run_pipeline:170 - Train images: 88
2026-02-08 15:56:23.439 | INFO     | src.pipelines.train_vision_backbones:run_pipeline:171 - Test images: 2871
2026-02-08 15:56:24.737 | INFO     | src.pipelines.train_vision_backbones:run_pipeline:176 - Training pvt_autoencoder_frozen on GASF
2026-02-08 15:56:24.761 | INFO     | src.models.pvt_autoencoder.training:train_pvt_autoencoder_frozen:24 - Device: cuda | Model on: cuda:0
2026-02-08 15:56:39.383 | INFO     | src.pipelines.train_vision_backbones:run_pipeline:193 - Evaluating pvt_autoencoder_frozen on GASF
2026-02-08 15:56:46.837 | INFO     | src.models.evaluation:evaluate_tsb_ad_nonoverlapping:65 - Normal (142792) reconstruction error: mean=0.0436, std=0.0568
2026-02-08 15:56:46.837 | INFO     | src.models.evaluation:evaluate_tsb_ad_nonoverlapping:66 - Anomaly (761) reconstruction error: mean=0.1517, std=0.1685
2026-02-08 15:56:46.837 | INFO     | src.models.evaluation:evaluate_tsb_ad_nonoverlapping:67 - Overlap? Normal max=1.0000, Anomaly min=0.0000
2026-02-08 15:57:12.585 | INFO     | src.models.evaluation:evaluate_tsb_ad_nonoverlapping:83 - {'AUC-PR': 0.059741224564070806, 'AUC-ROC': 0.7927525773040285, 'VUS-PR': np.float64(0.5652189872020155), 'VUS-ROC': np.float64(0.9690533194295186), 'Standard-F1': np.float64(0.18527572485772964), 'PA-F1': 0.27999022721720007, 'Event-based-F1': np.float64(0.19443761776030125), 'R-based-F1': 0.16054889412757897, 'Affiliation-F': 0.8647717445064937}
2026-02-08 15:57:12.738 | INFO     | src.pipelines.train_vision_backbones:run_pipeline:170 - Train images: 88
2026-02-08 15:57:12.738 | INFO     | src.pipelines.train_vision_backbones:run_pipeline:171 - Test images: 2871
2026-02-08 15:57:13.693 | INFO     | src.pipelines.train_vision_backbones:run_pipeline:176 - Training pvt_autoencoder_progressive_unfreeze on GASF
2026-02-08 15:57:13.716 | INFO     | src.models.pvt_autoencoder.training:train_pvt_autoencoder_progressive_unfreeze:132 - Device: cuda | Model on: cuda:0
2026-02-08 15:57:36.014 | INFO     | src.pipelines.train_vision_backbones:run_pipeline:193 - Evaluating pvt_autoencoder_progressive_unfreeze on GASF
2026-02-08 15:57:42.886 | INFO     | src.models.evaluation:evaluate_tsb_ad_nonoverlapping:65 - Normal (142792) reconstruction error: mean=0.0458, std=0.0586
2026-02-08 15:57:42.886 | INFO     | src.models.evaluation:evaluate_tsb_ad_nonoverlapping:66 - Anomaly (761) reconstruction error: mean=0.1613, std=0.1767
2026-02-08 15:57:42.886 | INFO     | src.models.evaluation:evaluate_tsb_ad_nonoverlapping:67 - Overlap? Normal max=1.0000, Anomaly min=0.0000
2026-02-08 15:58:08.556 | INFO     | src.models.evaluation:evaluate_tsb_ad_nonoverlapping:83 - {'AUC-PR': 0.061449672861041575, 'AUC-ROC': 0.8066052988756829, 'VUS-PR': np.float64(0.5637134736416214), 'VUS-ROC': np.float64(0.9593699105055421), 'Standard-F1': np.float64(0.22422559554472812), 'PA-F1': 0.233270794246404, 'Event-based-F1': np.float64(0.24542919119925602), 'R-based-F1': 0.193366488366496, 'Affiliation-F': 0.8876913799557944}
2026-02-08 15:58:08.715 | INFO     | src.pipelines.train_vision_backbones:run_pipeline:170 - Train images: 88
2026-02-08 15:58:08.715 | INFO     | src.pipelines.train_vision_backbones:run_pipeline:171 - Test images: 2871
2026-02-08 15:58:10.126 | INFO     | src.pipelines.train_vision_backbones:run_pipeline:176 - Training pvt_autoencoder_differential_lr on GASF
2026-02-08 15:58:10.149 | INFO     | src.models.pvt_autoencoder.training:train_pvt_autoencoder_differential_lr:267 - Device: cuda | Model on: cuda:0
2026-02-08 15:58:39.482 | INFO     | src.pipelines.train_vision_backbones:run_pipeline:193 - Evaluating pvt_autoencoder_differential_lr on GASF
2026-02-08 15:58:48.573 | INFO     | src.models.evaluation:evaluate_tsb_ad_nonoverlapping:65 - Normal (142792) reconstruction error: mean=0.0418, std=0.0666
2026-02-08 15:58:48.574 | INFO     | src.models.evaluation:evaluate_tsb_ad_nonoverlapping:66 - Anomaly (761) reconstruction error: mean=0.1889, std=0.1972
2026-02-08 15:58:48.574 | INFO     | src.models.evaluation:evaluate_tsb_ad_nonoverlapping:67 - Overlap? Normal max=1.0000, Anomaly min=0.0000
2026-02-08 15:59:14.339 | INFO     | src.models.evaluation:evaluate_tsb_ad_nonoverlapping:83 - {'AUC-PR': 0.06230436013602607, 'AUC-ROC': 0.8194514747345026, 'VUS-PR': np.float64(0.5711801724398693), 'VUS-ROC': np.float64(0.9640633183347788), 'Standard-F1': np.float64(0.1919620766689802), 'PA-F1': 0.20371479928100658, 'Event-based-F1': np.float64(0.213869196903462), 'R-based-F1': 0.16257255090200515, 'Affiliation-F': 0.8810434814405157}
2026-02-08 15:59:15.515 | INFO     | src.pipelines.train_vision_backbones:run_pipeline:70 - Using zip: /net/scratch/hscra/plgrid/plgsmendowski12/ts2i_images/IOPS/273_IOPS_id_14_WebService_tr_5569_1st_5669_ts2i_GADF.zip for transformation GADF
2026-02-08 15:59:19.205 | INFO     | src.pipelines.train_vision_backbones:run_pipeline:170 - Train images: 88
2026-02-08 15:59:19.205 | INFO     | src.pipelines.train_vision_backbones:run_pipeline:171 - Test images: 2871
2026-02-08 15:59:19.211 | INFO     | src.pipelines.train_vision_backbones:run_pipeline:176 - Training cnn_autoencoder on GADF
2026-02-08 15:59:19.216 | INFO     | src.models.cnn_autoencoder.training:train_autoencoder:22 - Device: cuda | Model on: cuda:0
2026-02-08 15:59:47.256 | INFO     | src.pipelines.train_vision_backbones:run_pipeline:193 - Evaluating cnn_autoencoder on GADF
2026-02-08 15:59:49.719 | INFO     | src.models.evaluation:evaluate_tsb_ad_nonoverlapping:65 - Normal (142792) reconstruction error: mean=0.3799, std=0.1538
2026-02-08 15:59:49.719 | INFO     | src.models.evaluation:evaluate_tsb_ad_nonoverlapping:66 - Anomaly (761) reconstruction error: mean=0.2999, std=0.1720
2026-02-08 15:59:49.719 | INFO     | src.models.evaluation:evaluate_tsb_ad_nonoverlapping:67 - Overlap? Normal max=1.0000, Anomaly min=0.0000
2026-02-08 16:00:31.234 | INFO     | src.models.evaluation:evaluate_tsb_ad_nonoverlapping:83 - {'AUC-PR': 0.004418318747673013, 'AUC-ROC': 0.3564621005943493, 'VUS-PR': np.float64(0.012652220830704558), 'VUS-ROC': np.float64(0.4544745399674713), 'Standard-F1': np.float64(0.01067145219861829), 'PA-F1': 0.042984341418483264, 'Event-based-F1': np.float64(0.010522521523339467), 'R-based-F1': 0.02225233529575097, 'Affiliation-F': 0.6690561272352659}
2026-02-08 16:00:31.577 | INFO     | src.pipelines.train_vision_backbones:run_pipeline:170 - Train images: 88
2026-02-08 16:00:31.577 | INFO     | src.pipelines.train_vision_backbones:run_pipeline:171 - Test images: 2871
2026-02-08 16:00:31.787 | INFO     | src.pipelines.train_vision_backbones:run_pipeline:176 - Training resnet18_autoencoder_frozen on GADF
2026-02-08 16:00:31.800 | INFO     | src.models.resnet18_autoencoder.training:train_autoencoder_frozen:25 - Device: cuda | Model on: cuda:0
2026-02-08 16:00:37.736 | INFO     | src.pipelines.train_vision_backbones:run_pipeline:193 - Evaluating resnet18_autoencoder_frozen on GADF
2026-02-08 16:00:40.368 | INFO     | src.models.evaluation:evaluate_tsb_ad_nonoverlapping:65 - Normal (142792) reconstruction error: mean=0.5010, std=0.1334
2026-02-08 16:00:40.368 | INFO     | src.models.evaluation:evaluate_tsb_ad_nonoverlapping:66 - Anomaly (761) reconstruction error: mean=0.6366, std=0.3070
2026-02-08 16:00:40.368 | INFO     | src.models.evaluation:evaluate_tsb_ad_nonoverlapping:67 - Overlap? Normal max=1.0000, Anomaly min=0.0000
2026-02-08 16:01:26.562 | INFO     | src.models.evaluation:evaluate_tsb_ad_nonoverlapping:83 - {'AUC-PR': 0.09699697805508918, 'AUC-ROC': 0.6404387976475748, 'VUS-PR': np.float64(0.07868391511076903), 'VUS-ROC': np.float64(0.6249774850771969), 'Standard-F1': np.float64(0.266099791279117), 'PA-F1': 0.31480397893504974, 'Event-based-F1': np.float64(0.18696134933643477), 'R-based-F1': 0.1740125274006627, 'Affiliation-F': 0.6790462450209293}
2026-02-08 16:01:26.715 | INFO     | src.pipelines.train_vision_backbones:run_pipeline:170 - Train images: 88
2026-02-08 16:01:26.715 | INFO     | src.pipelines.train_vision_backbones:run_pipeline:171 - Test images: 2871
2026-02-08 16:01:26.924 | INFO     | src.pipelines.train_vision_backbones:run_pipeline:176 - Training resnet18_autoencoder_progressive_unfreeze on GADF
2026-02-08 16:01:26.938 | INFO     | src.models.resnet18_autoencoder.training:train_autoencoder_progressive_unfreeze:133 - Device: cuda | Model on: cuda:0
2026-02-08 16:01:43.246 | INFO     | src.pipelines.train_vision_backbones:run_pipeline:193 - Evaluating resnet18_autoencoder_progressive_unfreeze on GADF
2026-02-08 16:01:55.558 | INFO     | src.models.evaluation:evaluate_tsb_ad_nonoverlapping:65 - Normal (142792) reconstruction error: mean=0.3065, std=0.1199
2026-02-08 16:01:55.559 | INFO     | src.models.evaluation:evaluate_tsb_ad_nonoverlapping:66 - Anomaly (761) reconstruction error: mean=0.3213, std=0.2042
2026-02-08 16:01:55.559 | INFO     | src.models.evaluation:evaluate_tsb_ad_nonoverlapping:67 - Overlap? Normal max=1.0000, Anomaly min=0.0000
2026-02-08 16:02:33.721 | INFO     | src.models.evaluation:evaluate_tsb_ad_nonoverlapping:83 - {'AUC-PR': 0.01934052619960648, 'AUC-ROC': 0.4703279616661571, 'VUS-PR': np.float64(0.028934435816168287), 'VUS-ROC': np.float64(0.6248632494571408), 'Standard-F1': np.float64(0.09424665098766814), 'PA-F1': 0.12332112332112333, 'Event-based-F1': np.float64(0.08085222616771325), 'R-based-F1': 0.06222067811063911, 'Affiliation-F': 0.6925953394926982}
2026-02-08 16:02:33.878 | INFO     | src.pipelines.train_vision_backbones:run_pipeline:170 - Train images: 88
2026-02-08 16:02:33.878 | INFO     | src.pipelines.train_vision_backbones:run_pipeline:171 - Test images: 2871
2026-02-08 16:02:34.087 | INFO     | src.pipelines.train_vision_backbones:run_pipeline:176 - Training resnet18_autoencoder_differential_lr on GADF
2026-02-08 16:02:34.101 | INFO     | src.models.resnet18_autoencoder.training:train_autoencoder_differential_lr:271 - Device: cuda | Model on: cuda:0
2026-02-08 16:02:40.667 | INFO     | src.pipelines.train_vision_backbones:run_pipeline:193 - Evaluating resnet18_autoencoder_differential_lr on GADF
2026-02-08 16:02:49.377 | INFO     | src.models.evaluation:evaluate_tsb_ad_nonoverlapping:65 - Normal (142792) reconstruction error: mean=0.5010, std=0.1335
2026-02-08 16:02:49.377 | INFO     | src.models.evaluation:evaluate_tsb_ad_nonoverlapping:66 - Anomaly (761) reconstruction error: mean=0.6374, std=0.3073
2026-02-08 16:02:49.378 | INFO     | src.models.evaluation:evaluate_tsb_ad_nonoverlapping:67 - Overlap? Normal max=1.0000, Anomaly min=0.0000
2026-02-08 16:03:35.583 | INFO     | src.models.evaluation:evaluate_tsb_ad_nonoverlapping:83 - {'AUC-PR': 0.09671454922529288, 'AUC-ROC': 0.6413567589448909, 'VUS-PR': np.float64(0.07636727842404387), 'VUS-ROC': np.float64(0.6247299844102925), 'Standard-F1': np.float64(0.2831468289619002), 'PA-F1': 0.3058555997725981, 'Event-based-F1': np.float64(0.18493336959477785), 'R-based-F1': 0.1740125274006627, 'Affiliation-F': 0.679043185285025}
2026-02-08 16:03:35.737 | INFO     | src.pipelines.train_vision_backbones:run_pipeline:170 - Train images: 88
2026-02-08 16:03:35.737 | INFO     | src.pipelines.train_vision_backbones:run_pipeline:171 - Test images: 2871
2026-02-08 16:03:36.731 | INFO     | src.pipelines.train_vision_backbones:run_pipeline:176 - Training pvt_autoencoder_frozen on GADF
2026-02-08 16:03:36.755 | INFO     | src.models.pvt_autoencoder.training:train_pvt_autoencoder_frozen:24 - Device: cuda | Model on: cuda:0
2026-02-08 16:03:39.433 | INFO     | src.pipelines.train_vision_backbones:run_pipeline:193 - Evaluating pvt_autoencoder_frozen on GADF
2026-02-08 16:03:48.902 | INFO     | src.models.evaluation:evaluate_tsb_ad_nonoverlapping:65 - Normal (142792) reconstruction error: mean=0.5009, std=0.1334
2026-02-08 16:03:48.902 | INFO     | src.models.evaluation:evaluate_tsb_ad_nonoverlapping:66 - Anomaly (761) reconstruction error: mean=0.6373, std=0.3071
2026-02-08 16:03:48.902 | INFO     | src.models.evaluation:evaluate_tsb_ad_nonoverlapping:67 - Overlap? Normal max=1.0000, Anomaly min=0.0000
2026-02-08 16:04:35.141 | INFO     | src.models.evaluation:evaluate_tsb_ad_nonoverlapping:83 - {'AUC-PR': 0.0966699294360413, 'AUC-ROC': 0.641376544576863, 'VUS-PR': np.float64(0.0764019708646832), 'VUS-ROC': np.float64(0.6248643980227746), 'Standard-F1': np.float64(0.2831468289619002), 'PA-F1': 0.3058555997725981, 'Event-based-F1': np.float64(0.18493336959477785), 'R-based-F1': 0.1740125274006627, 'Affiliation-F': 0.6795330280698673}
2026-02-08 16:04:35.292 | INFO     | src.pipelines.train_vision_backbones:run_pipeline:170 - Train images: 88
2026-02-08 16:04:35.292 | INFO     | src.pipelines.train_vision_backbones:run_pipeline:171 - Test images: 2871
2026-02-08 16:04:37.334 | INFO     | src.pipelines.train_vision_backbones:run_pipeline:176 - Training pvt_autoencoder_progressive_unfreeze on GADF
2026-02-08 16:04:37.357 | INFO     | src.models.pvt_autoencoder.training:train_pvt_autoencoder_progressive_unfreeze:132 - Device: cuda | Model on: cuda:0
2026-02-08 16:04:40.255 | INFO     | src.pipelines.train_vision_backbones:run_pipeline:193 - Evaluating pvt_autoencoder_progressive_unfreeze on GADF
2026-02-08 16:04:50.431 | INFO     | src.models.evaluation:evaluate_tsb_ad_nonoverlapping:65 - Normal (142792) reconstruction error: mean=0.5006, std=0.1334
2026-02-08 16:04:50.432 | INFO     | src.models.evaluation:evaluate_tsb_ad_nonoverlapping:66 - Anomaly (761) reconstruction error: mean=0.6368, std=0.3069
2026-02-08 16:04:50.432 | INFO     | src.models.evaluation:evaluate_tsb_ad_nonoverlapping:67 - Overlap? Normal max=1.0000, Anomaly min=0.0000
2026-02-08 16:05:36.766 | INFO     | src.models.evaluation:evaluate_tsb_ad_nonoverlapping:83 - {'AUC-PR': 0.09660283659070834, 'AUC-ROC': 0.6413452556704884, 'VUS-PR': np.float64(0.0764175565852154), 'VUS-ROC': np.float64(0.6249523471235304), 'Standard-F1': np.float64(0.2831468289619002), 'PA-F1': 0.3058555997725981, 'Event-based-F1': np.float64(0.18493336959477785), 'R-based-F1': 0.1740125274006627, 'Affiliation-F': 0.6797061482556319}
2026-02-08 16:05:36.920 | INFO     | src.pipelines.train_vision_backbones:run_pipeline:170 - Train images: 88
2026-02-08 16:05:36.920 | INFO     | src.pipelines.train_vision_backbones:run_pipeline:171 - Test images: 2871
2026-02-08 16:05:37.859 | INFO     | src.pipelines.train_vision_backbones:run_pipeline:176 - Training pvt_autoencoder_differential_lr on GADF
2026-02-08 16:05:37.883 | INFO     | src.models.pvt_autoencoder.training:train_pvt_autoencoder_differential_lr:267 - Device: cuda | Model on: cuda:0
2026-02-08 16:05:41.529 | INFO     | src.pipelines.train_vision_backbones:run_pipeline:193 - Evaluating pvt_autoencoder_differential_lr on GADF
2026-02-08 16:05:51.117 | INFO     | src.models.evaluation:evaluate_tsb_ad_nonoverlapping:65 - Normal (142792) reconstruction error: mean=0.5005, std=0.1334
2026-02-08 16:05:51.117 | INFO     | src.models.evaluation:evaluate_tsb_ad_nonoverlapping:66 - Anomaly (761) reconstruction error: mean=0.6366, std=0.3070
2026-02-08 16:05:51.117 | INFO     | src.models.evaluation:evaluate_tsb_ad_nonoverlapping:67 - Overlap? Normal max=1.0000, Anomaly min=0.0000
2026-02-08 16:06:37.296 | INFO     | src.models.evaluation:evaluate_tsb_ad_nonoverlapping:83 - {'AUC-PR': 0.09659359461432307, 'AUC-ROC': 0.6410461705360244, 'VUS-PR': np.float64(0.07641694165999768), 'VUS-ROC': np.float64(0.6251363775684433), 'Standard-F1': np.float64(0.2831468289619002), 'PA-F1': 0.3058555997725981, 'Event-based-F1': np.float64(0.18493336959477785), 'R-based-F1': 0.1740125274006627, 'Affiliation-F': 0.6794962913584722}
2026-02-08 16:06:38.152 | INFO     | src.pipelines.train_vision_backbones:run_pipeline:70 - Using zip: /net/scratch/hscra/plgrid/plgsmendowski12/ts2i_images/IOPS/273_IOPS_id_14_WebService_tr_5569_1st_5669_ts2i_MTF.zip for transformation MTF
2026-02-08 16:06:41.641 | INFO     | src.pipelines.train_vision_backbones:run_pipeline:170 - Train images: 88
2026-02-08 16:06:41.641 | INFO     | src.pipelines.train_vision_backbones:run_pipeline:171 - Test images: 2871
2026-02-08 16:06:41.648 | INFO     | src.pipelines.train_vision_backbones:run_pipeline:176 - Training cnn_autoencoder on MTF
2026-02-08 16:06:41.652 | INFO     | src.models.cnn_autoencoder.training:train_autoencoder:22 - Device: cuda | Model on: cuda:0
2026-02-08 16:07:06.258 | INFO     | src.pipelines.train_vision_backbones:run_pipeline:193 - Evaluating cnn_autoencoder on MTF
2026-02-08 16:07:08.979 | INFO     | src.models.evaluation:evaluate_tsb_ad_nonoverlapping:65 - Normal (142792) reconstruction error: mean=0.2749, std=0.1120
2026-02-08 16:07:08.979 | INFO     | src.models.evaluation:evaluate_tsb_ad_nonoverlapping:66 - Anomaly (761) reconstruction error: mean=0.3755, std=0.1710
2026-02-08 16:07:08.979 | INFO     | src.models.evaluation:evaluate_tsb_ad_nonoverlapping:67 - Overlap? Normal max=1.0000, Anomaly min=0.0786
2026-02-08 16:07:45.780 | INFO     | src.models.evaluation:evaluate_tsb_ad_nonoverlapping:83 - {'AUC-PR': 0.021920016453625863, 'AUC-ROC': 0.6878851940453309, 'VUS-PR': np.float64(0.06354842043519561), 'VUS-ROC': np.float64(0.8167284836303557), 'Standard-F1': np.float64(0.06226426661119246), 'PA-F1': 0.09837898267188373, 'Event-based-F1': np.float64(0.06176203451407781), 'R-based-F1': 0.05646658989653284, 'Affiliation-F': 0.698178732227995}
2026-02-08 16:07:45.931 | INFO     | src.pipelines.train_vision_backbones:run_pipeline:170 - Train images: 88
2026-02-08 16:07:45.932 | INFO     | src.pipelines.train_vision_backbones:run_pipeline:171 - Test images: 2871
2026-02-08 16:07:46.141 | INFO     | src.pipelines.train_vision_backbones:run_pipeline:176 - Training resnet18_autoencoder_frozen on MTF
2026-02-08 16:07:46.155 | INFO     | src.models.resnet18_autoencoder.training:train_autoencoder_frozen:25 - Device: cuda | Model on: cuda:0
2026-02-08 16:08:12.707 | INFO     | src.pipelines.train_vision_backbones:run_pipeline:193 - Evaluating resnet18_autoencoder_frozen on MTF
2026-02-08 16:08:17.058 | INFO     | src.models.evaluation:evaluate_tsb_ad_nonoverlapping:65 - Normal (142792) reconstruction error: mean=0.2341, std=0.1232
2026-02-08 16:08:17.058 | INFO     | src.models.evaluation:evaluate_tsb_ad_nonoverlapping:66 - Anomaly (761) reconstruction error: mean=0.3554, std=0.1971
2026-02-08 16:08:17.058 | INFO     | src.models.evaluation:evaluate_tsb_ad_nonoverlapping:67 - Overlap? Normal max=1.0000, Anomaly min=0.0269
2026-02-08 16:08:52.252 | INFO     | src.models.evaluation:evaluate_tsb_ad_nonoverlapping:83 - {'AUC-PR': 0.023550577278630427, 'AUC-ROC': 0.6884401948260812, 'VUS-PR': np.float64(0.07221445811866901), 'VUS-ROC': np.float64(0.8292470525939024), 'Standard-F1': np.float64(0.07676535135166436), 'PA-F1': 0.13956466069142126, 'Event-based-F1': np.float64(0.07639117550213977), 'R-based-F1': 0.06187874056726516, 'Affiliation-F': 0.709055658289503}
2026-02-08 16:08:52.405 | INFO     | src.pipelines.train_vision_backbones:run_pipeline:170 - Train images: 88
2026-02-08 16:08:52.406 | INFO     | src.pipelines.train_vision_backbones:run_pipeline:171 - Test images: 2871
2026-02-08 16:08:52.616 | INFO     | src.pipelines.train_vision_backbones:run_pipeline:176 - Training resnet18_autoencoder_progressive_unfreeze on MTF
2026-02-08 16:08:52.630 | INFO     | src.models.resnet18_autoencoder.training:train_autoencoder_progressive_unfreeze:133 - Device: cuda | Model on: cuda:0
2026-02-08 16:09:19.635 | INFO     | src.pipelines.train_vision_backbones:run_pipeline:193 - Evaluating resnet18_autoencoder_progressive_unfreeze on MTF
2026-02-08 16:09:30.868 | INFO     | src.models.evaluation:evaluate_tsb_ad_nonoverlapping:65 - Normal (142792) reconstruction error: mean=0.2535, std=0.1292
2026-02-08 16:09:30.869 | INFO     | src.models.evaluation:evaluate_tsb_ad_nonoverlapping:66 - Anomaly (761) reconstruction error: mean=0.3979, std=0.2136
2026-02-08 16:09:30.869 | INFO     | src.models.evaluation:evaluate_tsb_ad_nonoverlapping:67 - Overlap? Normal max=1.0000, Anomaly min=0.0564
2026-02-08 16:10:06.972 | INFO     | src.models.evaluation:evaluate_tsb_ad_nonoverlapping:83 - {'AUC-PR': 0.03346420366165226, 'AUC-ROC': 0.7109948489993697, 'VUS-PR': np.float64(0.07391785582271754), 'VUS-ROC': np.float64(0.8365395178680136), 'Standard-F1': np.float64(0.09990935097471908), 'PA-F1': 0.17986798679867988, 'Event-based-F1': np.float64(0.09927257167308469), 'R-based-F1': 0.07608382658774597, 'Affiliation-F': 0.7091833593567066}
2026-02-08 16:10:07.129 | INFO     | src.pipelines.train_vision_backbones:run_pipeline:170 - Train images: 88
2026-02-08 16:10:07.129 | INFO     | src.pipelines.train_vision_backbones:run_pipeline:171 - Test images: 2871
2026-02-08 16:10:07.351 | INFO     | src.pipelines.train_vision_backbones:run_pipeline:176 - Training resnet18_autoencoder_differential_lr on MTF
2026-02-08 16:10:07.365 | INFO     | src.models.resnet18_autoencoder.training:train_autoencoder_differential_lr:271 - Device: cuda | Model on: cuda:0
2026-02-08 16:10:35.132 | INFO     | src.pipelines.train_vision_backbones:run_pipeline:193 - Evaluating resnet18_autoencoder_differential_lr on MTF
2026-02-08 16:10:45.940 | INFO     | src.models.evaluation:evaluate_tsb_ad_nonoverlapping:65 - Normal (142792) reconstruction error: mean=0.2396, std=0.1272
2026-02-08 16:10:45.940 | INFO     | src.models.evaluation:evaluate_tsb_ad_nonoverlapping:66 - Anomaly (761) reconstruction error: mean=0.3734, std=0.2044
2026-02-08 16:10:45.940 | INFO     | src.models.evaluation:evaluate_tsb_ad_nonoverlapping:67 - Overlap? Normal max=1.0000, Anomaly min=0.0431
2026-02-08 16:11:21.349 | INFO     | src.models.evaluation:evaluate_tsb_ad_nonoverlapping:83 - {'AUC-PR': 0.02764670272320188, 'AUC-ROC': 0.6981793362687971, 'VUS-PR': np.float64(0.07359636453934774), 'VUS-ROC': np.float64(0.8357286337818829), 'Standard-F1': np.float64(0.0900046853739065), 'PA-F1': 0.12733644859813084, 'Event-based-F1': np.float64(0.07499999999999955), 'R-based-F1': 0.06306306306306307, 'Affiliation-F': 0.7046717774247234}
2026-02-08 16:11:21.504 | INFO     | src.pipelines.train_vision_backbones:run_pipeline:170 - Train images: 88
2026-02-08 16:11:21.504 | INFO     | src.pipelines.train_vision_backbones:run_pipeline:171 - Test images: 2871
2026-02-08 16:11:22.446 | INFO     | src.pipelines.train_vision_backbones:run_pipeline:176 - Training pvt_autoencoder_frozen on MTF
2026-02-08 16:11:22.470 | INFO     | src.models.pvt_autoencoder.training:train_pvt_autoencoder_frozen:24 - Device: cuda | Model on: cuda:0
2026-02-08 16:11:44.598 | INFO     | src.pipelines.train_vision_backbones:run_pipeline:193 - Evaluating pvt_autoencoder_frozen on MTF
2026-02-08 16:11:52.299 | INFO     | src.models.evaluation:evaluate_tsb_ad_nonoverlapping:65 - Normal (142792) reconstruction error: mean=0.2418, std=0.1308
2026-02-08 16:11:52.299 | INFO     | src.models.evaluation:evaluate_tsb_ad_nonoverlapping:66 - Anomaly (761) reconstruction error: mean=0.3725, std=0.2185
2026-02-08 16:11:52.299 | INFO     | src.models.evaluation:evaluate_tsb_ad_nonoverlapping:67 - Overlap? Normal max=1.0000, Anomaly min=0.0317
2026-02-08 16:12:27.892 | INFO     | src.models.evaluation:evaluate_tsb_ad_nonoverlapping:83 - {'AUC-PR': 0.025820725107329613, 'AUC-ROC': 0.6842637516031883, 'VUS-PR': np.float64(0.07192615497875104), 'VUS-ROC': np.float64(0.8225705512235494), 'Standard-F1': np.float64(0.0904145933171702), 'PA-F1': 0.14417989417989419, 'Event-based-F1': np.float64(0.08303858083473865), 'R-based-F1': 0.07764593816653208, 'Affiliation-F': 0.6988978310616324}
2026-02-08 16:12:28.045 | INFO     | src.pipelines.train_vision_backbones:run_pipeline:170 - Train images: 88
2026-02-08 16:12:28.045 | INFO     | src.pipelines.train_vision_backbones:run_pipeline:171 - Test images: 2871
2026-02-08 16:12:29.021 | INFO     | src.pipelines.train_vision_backbones:run_pipeline:176 - Training pvt_autoencoder_progressive_unfreeze on MTF
2026-02-08 16:12:29.044 | INFO     | src.models.pvt_autoencoder.training:train_pvt_autoencoder_progressive_unfreeze:132 - Device: cuda | Model on: cuda:0
2026-02-08 16:12:55.958 | INFO     | src.pipelines.train_vision_backbones:run_pipeline:193 - Evaluating pvt_autoencoder_progressive_unfreeze on MTF
2026-02-08 16:12:59.897 | INFO     | src.models.evaluation:evaluate_tsb_ad_nonoverlapping:65 - Normal (142792) reconstruction error: mean=0.2648, std=0.1320
2026-02-08 16:12:59.898 | INFO     | src.models.evaluation:evaluate_tsb_ad_nonoverlapping:66 - Anomaly (761) reconstruction error: mean=0.3908, std=0.2210
2026-02-08 16:12:59.898 | INFO     | src.models.evaluation:evaluate_tsb_ad_nonoverlapping:67 - Overlap? Normal max=1.0000, Anomaly min=0.0623
2026-02-08 16:13:36.624 | INFO     | src.models.evaluation:evaluate_tsb_ad_nonoverlapping:83 - {'AUC-PR': 0.0318221501952183, 'AUC-ROC': 0.6658880805757807, 'VUS-PR': np.float64(0.06535577247608639), 'VUS-ROC': np.float64(0.8107974672853117), 'Standard-F1': np.float64(0.09890824583703849), 'PA-F1': 0.15566273075004158, 'Event-based-F1': np.float64(0.08823529411764672), 'R-based-F1': 0.07312658069096575, 'Affiliation-F': 0.6954136896928305}
2026-02-08 16:13:36.813 | INFO     | src.pipelines.train_vision_backbones:run_pipeline:170 - Train images: 88
2026-02-08 16:13:36.813 | INFO     | src.pipelines.train_vision_backbones:run_pipeline:171 - Test images: 2871
2026-02-08 16:13:37.807 | INFO     | src.pipelines.train_vision_backbones:run_pipeline:176 - Training pvt_autoencoder_differential_lr on MTF
2026-02-08 16:13:37.830 | INFO     | src.models.pvt_autoencoder.training:train_pvt_autoencoder_differential_lr:267 - Device: cuda | Model on: cuda:0
2026-02-08 16:14:11.471 | INFO     | src.pipelines.train_vision_backbones:run_pipeline:193 - Evaluating pvt_autoencoder_differential_lr on MTF
2026-02-08 16:14:14.556 | INFO     | src.models.evaluation:evaluate_tsb_ad_nonoverlapping:65 - Normal (142792) reconstruction error: mean=0.2595, std=0.1328
2026-02-08 16:14:14.557 | INFO     | src.models.evaluation:evaluate_tsb_ad_nonoverlapping:66 - Anomaly (761) reconstruction error: mean=0.3979, std=0.2148
2026-02-08 16:14:14.557 | INFO     | src.models.evaluation:evaluate_tsb_ad_nonoverlapping:67 - Overlap? Normal max=1.0000, Anomaly min=0.0480
2026-02-08 16:14:51.177 | INFO     | src.models.evaluation:evaluate_tsb_ad_nonoverlapping:83 - {'AUC-PR': 0.02656591310564742, 'AUC-ROC': 0.6991200556441911, 'VUS-PR': np.float64(0.07101825742339508), 'VUS-ROC': np.float64(0.8249531457540454), 'Standard-F1': np.float64(0.09578393445024737), 'PA-F1': 0.16615853658536586, 'Event-based-F1': np.float64(0.09144659046117413), 'R-based-F1': 0.07140069058699895, 'Affiliation-F': 0.7029050504650681}
2026-02-08 16:14:52.025 | INFO     | src.pipelines.train_vision_backbones:run_pipeline:70 - Using zip: /net/scratch/hscra/plgrid/plgsmendowski12/ts2i_images/IOPS/273_IOPS_id_14_WebService_tr_5569_1st_5669_ts2i_RP.zip for transformation RP
2026-02-08 16:14:56.463 | INFO     | src.pipelines.train_vision_backbones:run_pipeline:170 - Train images: 88
2026-02-08 16:14:56.463 | INFO     | src.pipelines.train_vision_backbones:run_pipeline:171 - Test images: 2871
2026-02-08 16:14:56.469 | INFO     | src.pipelines.train_vision_backbones:run_pipeline:176 - Training cnn_autoencoder on RP
2026-02-08 16:14:56.474 | INFO     | src.models.cnn_autoencoder.training:train_autoencoder:22 - Device: cuda | Model on: cuda:0
2026-02-08 16:15:19.701 | INFO     | src.pipelines.train_vision_backbones:run_pipeline:193 - Evaluating cnn_autoencoder on RP
2026-02-08 16:15:21.884 | INFO     | src.models.evaluation:evaluate_tsb_ad_nonoverlapping:65 - Normal (142792) reconstruction error: mean=0.3054, std=0.1139
2026-02-08 16:15:21.884 | INFO     | src.models.evaluation:evaluate_tsb_ad_nonoverlapping:66 - Anomaly (761) reconstruction error: mean=0.3562, std=0.1553
2026-02-08 16:15:21.884 | INFO     | src.models.evaluation:evaluate_tsb_ad_nonoverlapping:67 - Overlap? Normal max=1.0000, Anomaly min=0.0795
2026-02-08 16:16:00.107 | INFO     | src.models.evaluation:evaluate_tsb_ad_nonoverlapping:83 - {'AUC-PR': 0.014896363332610279, 'AUC-ROC': 0.5943376125636812, 'VUS-PR': np.float64(0.03946503163108627), 'VUS-ROC': np.float64(0.737209856124764), 'Standard-F1': np.float64(0.07430634234230732), 'PA-F1': 0.07678018575851393, 'Event-based-F1': np.float64(0.057910300640709275), 'R-based-F1': 0.05371496683290657, 'Affiliation-F': 0.684540371080005}
2026-02-08 16:16:00.263 | INFO     | src.pipelines.train_vision_backbones:run_pipeline:170 - Train images: 88
2026-02-08 16:16:00.263 | INFO     | src.pipelines.train_vision_backbones:run_pipeline:171 - Test images: 2871
2026-02-08 16:16:00.477 | INFO     | src.pipelines.train_vision_backbones:run_pipeline:176 - Training resnet18_autoencoder_frozen on RP
2026-02-08 16:16:00.491 | INFO     | src.models.resnet18_autoencoder.training:train_autoencoder_frozen:25 - Device: cuda | Model on: cuda:0
2026-02-08 16:16:21.852 | INFO     | src.pipelines.train_vision_backbones:run_pipeline:193 - Evaluating resnet18_autoencoder_frozen on RP
2026-02-08 16:16:24.509 | INFO     | src.models.evaluation:evaluate_tsb_ad_nonoverlapping:65 - Normal (142792) reconstruction error: mean=0.3369, std=0.1246
2026-02-08 16:16:24.509 | INFO     | src.models.evaluation:evaluate_tsb_ad_nonoverlapping:66 - Anomaly (761) reconstruction error: mean=0.3880, std=0.1673
2026-02-08 16:16:24.509 | INFO     | src.models.evaluation:evaluate_tsb_ad_nonoverlapping:67 - Overlap? Normal max=1.0000, Anomaly min=0.1394
2026-02-08 16:17:04.124 | INFO     | src.models.evaluation:evaluate_tsb_ad_nonoverlapping:83 - {'AUC-PR': 0.012979856738901459, 'AUC-ROC': 0.5791315813729851, 'VUS-PR': np.float64(0.04393845117704488), 'VUS-ROC': np.float64(0.7530076534336223), 'Standard-F1': np.float64(0.05349426005403573), 'PA-F1': 0.055794871794871796, 'Event-based-F1': np.float64(0.047125474795596145), 'R-based-F1': 0.04479552993823322, 'Affiliation-F': 0.6746079181023356}
2026-02-08 16:17:04.461 | INFO     | src.pipelines.train_vision_backbones:run_pipeline:170 - Train images: 88
2026-02-08 16:17:04.462 | INFO     | src.pipelines.train_vision_backbones:run_pipeline:171 - Test images: 2871
2026-02-08 16:17:04.673 | INFO     | src.pipelines.train_vision_backbones:run_pipeline:176 - Training resnet18_autoencoder_progressive_unfreeze on RP
2026-02-08 16:17:04.686 | INFO     | src.models.resnet18_autoencoder.training:train_autoencoder_progressive_unfreeze:133 - Device: cuda | Model on: cuda:0
2026-02-08 16:17:23.656 | INFO     | src.pipelines.train_vision_backbones:run_pipeline:193 - Evaluating resnet18_autoencoder_progressive_unfreeze on RP
2026-02-08 16:17:28.833 | INFO     | src.models.evaluation:evaluate_tsb_ad_nonoverlapping:65 - Normal (142792) reconstruction error: mean=0.3733, std=0.1396
2026-02-08 16:17:28.834 | INFO     | src.models.evaluation:evaluate_tsb_ad_nonoverlapping:66 - Anomaly (761) reconstruction error: mean=0.4137, std=0.1855
2026-02-08 16:17:28.834 | INFO     | src.models.evaluation:evaluate_tsb_ad_nonoverlapping:67 - Overlap? Normal max=1.0000, Anomaly min=0.1371
2026-02-08 16:18:10.336 | INFO     | src.models.evaluation:evaluate_tsb_ad_nonoverlapping:83 - {'AUC-PR': 0.012690674234776987, 'AUC-ROC': 0.5382320205293509, 'VUS-PR': np.float64(0.03592478625524022), 'VUS-ROC': np.float64(0.7067740367589986), 'Standard-F1': np.float64(0.08267443299418856), 'PA-F1': 0.092660072878709, 'Event-based-F1': np.float64(0.07192443382269212), 'R-based-F1': 0.06284980744544287, 'Affiliation-F': 0.6752139817095469}
2026-02-08 16:18:10.492 | INFO     | src.pipelines.train_vision_backbones:run_pipeline:170 - Train images: 88
2026-02-08 16:18:10.492 | INFO     | src.pipelines.train_vision_backbones:run_pipeline:171 - Test images: 2871
2026-02-08 16:18:10.701 | INFO     | src.pipelines.train_vision_backbones:run_pipeline:176 - Training resnet18_autoencoder_differential_lr on RP
2026-02-08 16:18:10.714 | INFO     | src.models.resnet18_autoencoder.training:train_autoencoder_differential_lr:271 - Device: cuda | Model on: cuda:0
2026-02-08 16:18:40.807 | INFO     | src.pipelines.train_vision_backbones:run_pipeline:193 - Evaluating resnet18_autoencoder_differential_lr on RP
2026-02-08 16:18:55.008 | INFO     | src.models.evaluation:evaluate_tsb_ad_nonoverlapping:65 - Normal (142792) reconstruction error: mean=0.3180, std=0.1304
2026-02-08 16:18:55.008 | INFO     | src.models.evaluation:evaluate_tsb_ad_nonoverlapping:66 - Anomaly (761) reconstruction error: mean=0.4024, std=0.2011
2026-02-08 16:18:55.008 | INFO     | src.models.evaluation:evaluate_tsb_ad_nonoverlapping:67 - Overlap? Normal max=1.0000, Anomaly min=0.1161
2026-02-08 16:19:34.109 | INFO     | src.models.evaluation:evaluate_tsb_ad_nonoverlapping:83 - {'AUC-PR': 0.022356631932230087, 'AUC-ROC': 0.6044945805405529, 'VUS-PR': np.float64(0.042311711664725596), 'VUS-ROC': np.float64(0.7567365491028929), 'Standard-F1': np.float64(0.10334546143885809), 'PA-F1': 0.1078107810781078, 'Event-based-F1': np.float64(0.06848112379280023), 'R-based-F1': 0.06622421524663678, 'Affiliation-F': 0.6779409018988743}
2026-02-08 16:19:34.390 | INFO     | src.pipelines.train_vision_backbones:run_pipeline:170 - Train images: 88
2026-02-08 16:19:34.391 | INFO     | src.pipelines.train_vision_backbones:run_pipeline:171 - Test images: 2871
2026-02-08 16:19:35.361 | INFO     | src.pipelines.train_vision_backbones:run_pipeline:176 - Training pvt_autoencoder_frozen on RP
2026-02-08 16:19:35.383 | INFO     | src.models.pvt_autoencoder.training:train_pvt_autoencoder_frozen:24 - Device: cuda | Model on: cuda:0
2026-02-08 16:19:59.634 | INFO     | src.pipelines.train_vision_backbones:run_pipeline:193 - Evaluating pvt_autoencoder_frozen on RP
2026-02-08 16:20:07.526 | INFO     | src.models.evaluation:evaluate_tsb_ad_nonoverlapping:65 - Normal (142792) reconstruction error: mean=0.3018, std=0.1147
2026-02-08 16:20:07.527 | INFO     | src.models.evaluation:evaluate_tsb_ad_nonoverlapping:66 - Anomaly (761) reconstruction error: mean=0.3471, std=0.1355
2026-02-08 16:20:07.527 | INFO     | src.models.evaluation:evaluate_tsb_ad_nonoverlapping:67 - Overlap? Normal max=1.0000, Anomaly min=0.1313
2026-02-08 16:20:45.436 | INFO     | src.models.evaluation:evaluate_tsb_ad_nonoverlapping:83 - {'AUC-PR': 0.010348414837458162, 'AUC-ROC': 0.5832325999262759, 'VUS-PR': np.float64(0.03753810884511401), 'VUS-ROC': np.float64(0.7335886637398278), 'Standard-F1': np.float64(0.037301187379621965), 'PA-F1': 0.03882870320712217, 'Event-based-F1': np.float64(0.035410385649597635), 'R-based-F1': 0.03614615832665325, 'Affiliation-F': 0.67243353512957}
2026-02-08 16:20:45.590 | INFO     | src.pipelines.train_vision_backbones:run_pipeline:170 - Train images: 88
2026-02-08 16:20:45.590 | INFO     | src.pipelines.train_vision_backbones:run_pipeline:171 - Test images: 2871
2026-02-08 16:20:46.572 | INFO     | src.pipelines.train_vision_backbones:run_pipeline:176 - Training pvt_autoencoder_progressive_unfreeze on RP
2026-02-08 16:20:46.596 | INFO     | src.models.pvt_autoencoder.training:train_pvt_autoencoder_progressive_unfreeze:132 - Device: cuda | Model on: cuda:0
2026-02-08 16:21:15.219 | INFO     | src.pipelines.train_vision_backbones:run_pipeline:193 - Evaluating pvt_autoencoder_progressive_unfreeze on RP
2026-02-08 16:21:27.053 | INFO     | src.models.evaluation:evaluate_tsb_ad_nonoverlapping:65 - Normal (142792) reconstruction error: mean=0.3528, std=0.1225
2026-02-08 16:21:27.053 | INFO     | src.models.evaluation:evaluate_tsb_ad_nonoverlapping:66 - Anomaly (761) reconstruction error: mean=0.3740, std=0.1816
2026-02-08 16:21:27.053 | INFO     | src.models.evaluation:evaluate_tsb_ad_nonoverlapping:67 - Overlap? Normal max=1.0000, Anomaly min=0.1568
2026-02-08 16:22:07.330 | INFO     | src.models.evaluation:evaluate_tsb_ad_nonoverlapping:83 - {'AUC-PR': 0.014513754293556284, 'AUC-ROC': 0.4999677126094072, 'VUS-PR': np.float64(0.03338396184021877), 'VUS-ROC': np.float64(0.6980914371817181), 'Standard-F1': np.float64(0.06451283311966673), 'PA-F1': 0.06451612903225806, 'Event-based-F1': np.float64(0.039782063478335745), 'R-based-F1': 0.036993675703353116, 'Affiliation-F': 0.6729061626070022}
2026-02-08 16:22:07.491 | INFO     | src.pipelines.train_vision_backbones:run_pipeline:170 - Train images: 88
2026-02-08 16:22:07.491 | INFO     | src.pipelines.train_vision_backbones:run_pipeline:171 - Test images: 2871
2026-02-08 16:22:08.465 | INFO     | src.pipelines.train_vision_backbones:run_pipeline:176 - Training pvt_autoencoder_differential_lr on RP
2026-02-08 16:22:08.488 | INFO     | src.models.pvt_autoencoder.training:train_pvt_autoencoder_differential_lr:267 - Device: cuda | Model on: cuda:0
2026-02-08 16:22:43.829 | INFO     | src.pipelines.train_vision_backbones:run_pipeline:193 - Evaluating pvt_autoencoder_differential_lr on RP
2026-02-08 16:22:55.853 | INFO     | src.models.evaluation:evaluate_tsb_ad_nonoverlapping:65 - Normal (142792) reconstruction error: mean=0.3722, std=0.1287
2026-02-08 16:22:55.853 | INFO     | src.models.evaluation:evaluate_tsb_ad_nonoverlapping:66 - Anomaly (761) reconstruction error: mean=0.3899, std=0.1832
2026-02-08 16:22:55.853 | INFO     | src.models.evaluation:evaluate_tsb_ad_nonoverlapping:67 - Overlap? Normal max=1.0000, Anomaly min=0.1147
2026-02-08 16:23:36.987 | INFO     | src.models.evaluation:evaluate_tsb_ad_nonoverlapping:83 - {'AUC-PR': 0.014145196157557646, 'AUC-ROC': 0.4977700994597031, 'VUS-PR': np.float64(0.0336591502071668), 'VUS-ROC': np.float64(0.7085571769706316), 'Standard-F1': np.float64(0.06884677919683885), 'PA-F1': 0.07125103562551781, 'Event-based-F1': np.float64(0.06036912446586005), 'R-based-F1': 0.05492997075378805, 'Affiliation-F': 0.6693353742853085}
2026-02-08 16:23:38.137 | INFO     | src.pipelines.train_vision_backbones:run_pipeline:70 - Using zip: /net/scratch/hscra/plgrid/plgsmendowski12/ts2i_images/IOPS/273_IOPS_id_14_WebService_tr_5569_1st_5669_ts2i_RWT.zip for transformation RWT
2026-02-08 16:23:41.459 | INFO     | src.pipelines.train_vision_backbones:run_pipeline:170 - Train images: 88
2026-02-08 16:23:41.459 | INFO     | src.pipelines.train_vision_backbones:run_pipeline:171 - Test images: 2871
2026-02-08 16:23:41.465 | INFO     | src.pipelines.train_vision_backbones:run_pipeline:176 - Training cnn_autoencoder on RWT
2026-02-08 16:23:41.473 | INFO     | src.models.cnn_autoencoder.training:train_autoencoder:22 - Device: cuda | Model on: cuda:0
2026-02-08 16:24:05.796 | INFO     | src.pipelines.train_vision_backbones:run_pipeline:193 - Evaluating cnn_autoencoder on RWT
2026-02-08 16:24:08.390 | INFO     | src.models.evaluation:evaluate_tsb_ad_nonoverlapping:65 - Normal (142792) reconstruction error: mean=0.0103, std=0.0610
2026-02-08 16:24:08.390 | INFO     | src.models.evaluation:evaluate_tsb_ad_nonoverlapping:66 - Anomaly (761) reconstruction error: mean=0.0121, std=0.0209
2026-02-08 16:24:08.390 | INFO     | src.models.evaluation:evaluate_tsb_ad_nonoverlapping:67 - Overlap? Normal max=1.0000, Anomaly min=0.0001
2026-02-08 16:24:32.596 | INFO     | src.models.evaluation:evaluate_tsb_ad_nonoverlapping:83 - {'AUC-PR': 0.014959043321401768, 'AUC-ROC': 0.7189504859682507, 'VUS-PR': np.float64(0.0694833557611209), 'VUS-ROC': np.float64(0.8830062884581938), 'Standard-F1': np.float64(0.04309684614484666), 'PA-F1': 0.031613480465254994, 'Event-based-F1': np.float64(0.03194755150785621), 'R-based-F1': 0.03897518976128563, 'Affiliation-F': 0.66910357088622}
2026-02-08 16:24:32.960 | INFO     | src.pipelines.train_vision_backbones:run_pipeline:170 - Train images: 88
2026-02-08 16:24:32.960 | INFO     | src.pipelines.train_vision_backbones:run_pipeline:171 - Test images: 2871
2026-02-08 16:24:33.169 | INFO     | src.pipelines.train_vision_backbones:run_pipeline:176 - Training resnet18_autoencoder_frozen on RWT
2026-02-08 16:24:33.182 | INFO     | src.models.resnet18_autoencoder.training:train_autoencoder_frozen:25 - Device: cuda | Model on: cuda:0
2026-02-08 16:24:55.068 | INFO     | src.pipelines.train_vision_backbones:run_pipeline:193 - Evaluating resnet18_autoencoder_frozen on RWT
2026-02-08 16:24:57.798 | INFO     | src.models.evaluation:evaluate_tsb_ad_nonoverlapping:65 - Normal (142792) reconstruction error: mean=0.0250, std=0.0771
2026-02-08 16:24:57.798 | INFO     | src.models.evaluation:evaluate_tsb_ad_nonoverlapping:66 - Anomaly (761) reconstruction error: mean=0.0540, std=0.0688
2026-02-08 16:24:57.798 | INFO     | src.models.evaluation:evaluate_tsb_ad_nonoverlapping:67 - Overlap? Normal max=1.0000, Anomaly min=0.0020
2026-02-08 16:25:22.601 | INFO     | src.models.evaluation:evaluate_tsb_ad_nonoverlapping:83 - {'AUC-PR': 0.015886157366126533, 'AUC-ROC': 0.7836138239615451, 'VUS-PR': np.float64(0.05920391571409731), 'VUS-ROC': np.float64(0.8595651760467462), 'Standard-F1': np.float64(0.04016070464900178), 'PA-F1': 0.0565178613340844, 'Event-based-F1': np.float64(0.03906786429942682), 'R-based-F1': 0.055621663448705616, 'Affiliation-F': 0.6691751593189519}
2026-02-08 16:25:22.750 | INFO     | src.pipelines.train_vision_backbones:run_pipeline:170 - Train images: 88
2026-02-08 16:25:22.750 | INFO     | src.pipelines.train_vision_backbones:run_pipeline:171 - Test images: 2871
2026-02-08 16:25:22.960 | INFO     | src.pipelines.train_vision_backbones:run_pipeline:176 - Training resnet18_autoencoder_progressive_unfreeze on RWT
2026-02-08 16:25:22.973 | INFO     | src.models.resnet18_autoencoder.training:train_autoencoder_progressive_unfreeze:133 - Device: cuda | Model on: cuda:0
2026-02-08 16:25:41.267 | INFO     | src.pipelines.train_vision_backbones:run_pipeline:193 - Evaluating resnet18_autoencoder_progressive_unfreeze on RWT
2026-02-08 16:25:45.616 | INFO     | src.models.evaluation:evaluate_tsb_ad_nonoverlapping:65 - Normal (142792) reconstruction error: mean=0.0182, std=0.0724
2026-02-08 16:25:45.616 | INFO     | src.models.evaluation:evaluate_tsb_ad_nonoverlapping:66 - Anomaly (761) reconstruction error: mean=0.0415, std=0.0552
2026-02-08 16:25:45.616 | INFO     | src.models.evaluation:evaluate_tsb_ad_nonoverlapping:67 - Overlap? Normal max=1.0000, Anomaly min=0.0011
2026-02-08 16:26:10.203 | INFO     | src.models.evaluation:evaluate_tsb_ad_nonoverlapping:83 - {'AUC-PR': 0.017062901568845646, 'AUC-ROC': 0.7746850191808357, 'VUS-PR': np.float64(0.0699370090801686), 'VUS-ROC': np.float64(0.8842798896314563), 'Standard-F1': np.float64(0.04755734423425583), 'PA-F1': 0.04901896016383696, 'Event-based-F1': np.float64(0.04536553752238646), 'R-based-F1': 0.06515057152622186, 'Affiliation-F': 0.6690288109639829}
2026-02-08 16:26:10.357 | INFO     | src.pipelines.train_vision_backbones:run_pipeline:170 - Train images: 88
2026-02-08 16:26:10.357 | INFO     | src.pipelines.train_vision_backbones:run_pipeline:171 - Test images: 2871
2026-02-08 16:26:10.566 | INFO     | src.pipelines.train_vision_backbones:run_pipeline:176 - Training resnet18_autoencoder_differential_lr on RWT
2026-02-08 16:26:10.581 | INFO     | src.models.resnet18_autoencoder.training:train_autoencoder_differential_lr:271 - Device: cuda | Model on: cuda:0
2026-02-08 16:26:27.636 | INFO     | src.pipelines.train_vision_backbones:run_pipeline:193 - Evaluating resnet18_autoencoder_differential_lr on RWT
2026-02-08 16:26:36.204 | INFO     | src.models.evaluation:evaluate_tsb_ad_nonoverlapping:65 - Normal (142792) reconstruction error: mean=0.0188, std=0.0709
2026-02-08 16:26:36.204 | INFO     | src.models.evaluation:evaluate_tsb_ad_nonoverlapping:66 - Anomaly (761) reconstruction error: mean=0.0374, std=0.0545
2026-02-08 16:26:36.204 | INFO     | src.models.evaluation:evaluate_tsb_ad_nonoverlapping:67 - Overlap? Normal max=1.0000, Anomaly min=0.0008
2026-02-08 16:27:00.789 | INFO     | src.models.evaluation:evaluate_tsb_ad_nonoverlapping:83 - {'AUC-PR': 0.015798983803366314, 'AUC-ROC': 0.8004308289152785, 'VUS-PR': np.float64(0.06070724095329943), 'VUS-ROC': np.float64(0.8586813268774147), 'Standard-F1': np.float64(0.04377312072580403), 'PA-F1': 0.044329167649139356, 'Event-based-F1': np.float64(0.043042199438531346), 'R-based-F1': 0.06293153818624964, 'Affiliation-F': 0.6691082117318151}
2026-02-08 16:27:00.947 | INFO     | src.pipelines.train_vision_backbones:run_pipeline:170 - Train images: 88
2026-02-08 16:27:00.947 | INFO     | src.pipelines.train_vision_backbones:run_pipeline:171 - Test images: 2871
2026-02-08 16:27:01.919 | INFO     | src.pipelines.train_vision_backbones:run_pipeline:176 - Training pvt_autoencoder_frozen on RWT
2026-02-08 16:27:01.942 | INFO     | src.models.pvt_autoencoder.training:train_pvt_autoencoder_frozen:24 - Device: cuda | Model on: cuda:0
2026-02-08 16:27:26.870 | INFO     | src.pipelines.train_vision_backbones:run_pipeline:193 - Evaluating pvt_autoencoder_frozen on RWT
2026-02-08 16:27:33.133 | INFO     | src.models.evaluation:evaluate_tsb_ad_nonoverlapping:65 - Normal (142792) reconstruction error: mean=0.0143, std=0.0595
2026-02-08 16:27:33.133 | INFO     | src.models.evaluation:evaluate_tsb_ad_nonoverlapping:66 - Anomaly (761) reconstruction error: mean=0.0248, std=0.0374
2026-02-08 16:27:33.133 | INFO     | src.models.evaluation:evaluate_tsb_ad_nonoverlapping:67 - Overlap? Normal max=1.0000, Anomaly min=0.0010
2026-02-08 16:27:57.535 | INFO     | src.models.evaluation:evaluate_tsb_ad_nonoverlapping:83 - {'AUC-PR': 0.014776456758553557, 'AUC-ROC': 0.7918333920583159, 'VUS-PR': np.float64(0.06484343447051816), 'VUS-ROC': np.float64(0.8693363567200499), 'Standard-F1': np.float64(0.03750346635229703), 'PA-F1': 0.0383347905037326, 'Event-based-F1': np.float64(0.03590255022082914), 'R-based-F1': 0.04956846617238179, 'Affiliation-F': 0.6692691682005121}
2026-02-08 16:27:57.688 | INFO     | src.pipelines.train_vision_backbones:run_pipeline:170 - Train images: 88
2026-02-08 16:27:57.689 | INFO     | src.pipelines.train_vision_backbones:run_pipeline:171 - Test images: 2871
2026-02-08 16:27:58.657 | INFO     | src.pipelines.train_vision_backbones:run_pipeline:176 - Training pvt_autoencoder_progressive_unfreeze on RWT
2026-02-08 16:27:58.680 | INFO     | src.models.pvt_autoencoder.training:train_pvt_autoencoder_progressive_unfreeze:132 - Device: cuda | Model on: cuda:0
2026-02-08 16:28:08.495 | INFO     | src.pipelines.train_vision_backbones:run_pipeline:193 - Evaluating pvt_autoencoder_progressive_unfreeze on RWT
2026-02-08 16:28:12.850 | INFO     | src.models.evaluation:evaluate_tsb_ad_nonoverlapping:65 - Normal (142792) reconstruction error: mean=0.0193, std=0.0605
2026-02-08 16:28:12.850 | INFO     | src.models.evaluation:evaluate_tsb_ad_nonoverlapping:66 - Anomaly (761) reconstruction error: mean=0.0447, std=0.0542
2026-02-08 16:28:12.850 | INFO     | src.models.evaluation:evaluate_tsb_ad_nonoverlapping:67 - Overlap? Normal max=1.0000, Anomaly min=0.0016
2026-02-08 16:28:37.246 | INFO     | src.models.evaluation:evaluate_tsb_ad_nonoverlapping:83 - {'AUC-PR': 0.01742666534830902, 'AUC-ROC': 0.7427645370283593, 'VUS-PR': np.float64(0.07476709288350125), 'VUS-ROC': np.float64(0.8944566114359795), 'Standard-F1': np.float64(0.04757945844040408), 'PA-F1': 0.061877697534293404, 'Event-based-F1': np.float64(0.04604934211151683), 'R-based-F1': 0.06100868720190224, 'Affiliation-F': 0.6691368566616959}
2026-02-08 16:28:37.421 | INFO     | src.pipelines.train_vision_backbones:run_pipeline:170 - Train images: 88
2026-02-08 16:28:37.421 | INFO     | src.pipelines.train_vision_backbones:run_pipeline:171 - Test images: 2871
2026-02-08 16:28:38.391 | INFO     | src.pipelines.train_vision_backbones:run_pipeline:176 - Training pvt_autoencoder_differential_lr on RWT
2026-02-08 16:28:38.414 | INFO     | src.models.pvt_autoencoder.training:train_pvt_autoencoder_differential_lr:267 - Device: cuda | Model on: cuda:0
2026-02-08 16:29:04.478 | INFO     | src.pipelines.train_vision_backbones:run_pipeline:193 - Evaluating pvt_autoencoder_differential_lr on RWT
2026-02-08 16:29:12.784 | INFO     | src.models.evaluation:evaluate_tsb_ad_nonoverlapping:65 - Normal (142792) reconstruction error: mean=0.0142, std=0.0631
2026-02-08 16:29:12.784 | INFO     | src.models.evaluation:evaluate_tsb_ad_nonoverlapping:66 - Anomaly (761) reconstruction error: mean=0.0232, std=0.0300
2026-02-08 16:29:12.784 | INFO     | src.models.evaluation:evaluate_tsb_ad_nonoverlapping:67 - Overlap? Normal max=1.0000, Anomaly min=0.0004
2026-02-08 16:29:37.122 | INFO     | src.models.evaluation:evaluate_tsb_ad_nonoverlapping:83 - {'AUC-PR': 0.014152438318738615, 'AUC-ROC': 0.7012003630028486, 'VUS-PR': np.float64(0.0637563049301909), 'VUS-ROC': np.float64(0.8693031577053285), 'Standard-F1': np.float64(0.04210785126788515), 'PA-F1': 0.05405835754946061, 'Event-based-F1': np.float64(0.037152014217016194), 'R-based-F1': 0.04877624469834883, 'Affiliation-F': 0.6691656440119538}
2026-02-08 16:29:38.318 | INFO     | src.pipelines.train_vision_backbones:run_pipeline:70 - Using zip: /net/scratch/hscra/plgrid/plgsmendowski12/ts2i_images/IOPS/273_IOPS_id_14_WebService_tr_5569_1st_5669_ts2i_MWT.zip for transformation MWT
2026-02-08 16:29:42.106 | INFO     | src.pipelines.train_vision_backbones:run_pipeline:170 - Train images: 88
2026-02-08 16:29:42.106 | INFO     | src.pipelines.train_vision_backbones:run_pipeline:171 - Test images: 2871
2026-02-08 16:29:42.113 | INFO     | src.pipelines.train_vision_backbones:run_pipeline:176 - Training cnn_autoencoder on MWT
2026-02-08 16:29:42.117 | INFO     | src.models.cnn_autoencoder.training:train_autoencoder:22 - Device: cuda | Model on: cuda:0
2026-02-08 16:30:09.513 | INFO     | src.pipelines.train_vision_backbones:run_pipeline:193 - Evaluating cnn_autoencoder on MWT
2026-02-08 16:30:12.241 | INFO     | src.models.evaluation:evaluate_tsb_ad_nonoverlapping:65 - Normal (142792) reconstruction error: mean=0.0540, std=0.1255
2026-02-08 16:30:12.241 | INFO     | src.models.evaluation:evaluate_tsb_ad_nonoverlapping:66 - Anomaly (761) reconstruction error: mean=0.0920, std=0.1325
2026-02-08 16:30:12.241 | INFO     | src.models.evaluation:evaluate_tsb_ad_nonoverlapping:67 - Overlap? Normal max=1.0000, Anomaly min=0.0011
2026-02-08 16:30:38.678 | INFO     | src.models.evaluation:evaluate_tsb_ad_nonoverlapping:83 - {'AUC-PR': 0.009050453575876655, 'AUC-ROC': 0.626831095820693, 'VUS-PR': np.float64(0.053453361786813876), 'VUS-ROC': np.float64(0.8432085516094437), 'Standard-F1': np.float64(0.02420703904886609), 'PA-F1': 0.038404823540977163, 'Event-based-F1': np.float64(0.023982597992919696), 'R-based-F1': 0.04872421438731328, 'Affiliation-F': 0.6690324482962001}
2026-02-08 16:30:38.831 | INFO     | src.pipelines.train_vision_backbones:run_pipeline:170 - Train images: 88
2026-02-08 16:30:38.831 | INFO     | src.pipelines.train_vision_backbones:run_pipeline:171 - Test images: 2871
2026-02-08 16:30:39.041 | INFO     | src.pipelines.train_vision_backbones:run_pipeline:176 - Training resnet18_autoencoder_frozen on MWT
2026-02-08 16:30:39.054 | INFO     | src.models.resnet18_autoencoder.training:train_autoencoder_frozen:25 - Device: cuda | Model on: cuda:0
2026-02-08 16:30:58.221 | INFO     | src.pipelines.train_vision_backbones:run_pipeline:193 - Evaluating resnet18_autoencoder_frozen on MWT
2026-02-08 16:31:01.082 | INFO     | src.models.evaluation:evaluate_tsb_ad_nonoverlapping:65 - Normal (142792) reconstruction error: mean=0.0996, std=0.1508
2026-02-08 16:31:01.082 | INFO     | src.models.evaluation:evaluate_tsb_ad_nonoverlapping:66 - Anomaly (761) reconstruction error: mean=0.1700, std=0.1810
2026-02-08 16:31:01.082 | INFO     | src.models.evaluation:evaluate_tsb_ad_nonoverlapping:67 - Overlap? Normal max=1.0000, Anomaly min=0.0088
2026-02-08 16:31:29.902 | INFO     | src.models.evaluation:evaluate_tsb_ad_nonoverlapping:83 - {'AUC-PR': 0.009583512574394095, 'AUC-ROC': 0.631302326554733, 'VUS-PR': np.float64(0.056602626984206844), 'VUS-ROC': np.float64(0.8464274651168019), 'Standard-F1': np.float64(0.02611160287528709), 'PA-F1': 0.038008982591589024, 'Event-based-F1': np.float64(0.026918431237212416), 'R-based-F1': 0.04306351182794495, 'Affiliation-F': 0.6690491666157277}
2026-02-08 16:31:30.054 | INFO     | src.pipelines.train_vision_backbones:run_pipeline:170 - Train images: 88
2026-02-08 16:31:30.054 | INFO     | src.pipelines.train_vision_backbones:run_pipeline:171 - Test images: 2871
2026-02-08 16:31:30.262 | INFO     | src.pipelines.train_vision_backbones:run_pipeline:176 - Training resnet18_autoencoder_progressive_unfreeze on MWT
2026-02-08 16:31:30.276 | INFO     | src.models.resnet18_autoencoder.training:train_autoencoder_progressive_unfreeze:133 - Device: cuda | Model on: cuda:0
2026-02-08 16:31:53.594 | INFO     | src.pipelines.train_vision_backbones:run_pipeline:193 - Evaluating resnet18_autoencoder_progressive_unfreeze on MWT
2026-02-08 16:31:57.272 | INFO     | src.models.evaluation:evaluate_tsb_ad_nonoverlapping:65 - Normal (142792) reconstruction error: mean=0.0806, std=0.1509
2026-02-08 16:31:57.272 | INFO     | src.models.evaluation:evaluate_tsb_ad_nonoverlapping:66 - Anomaly (761) reconstruction error: mean=0.1500, std=0.1882
2026-02-08 16:31:57.272 | INFO     | src.models.evaluation:evaluate_tsb_ad_nonoverlapping:67 - Overlap? Normal max=1.0000, Anomaly min=0.0033
2026-02-08 16:32:25.179 | INFO     | src.models.evaluation:evaluate_tsb_ad_nonoverlapping:83 - {'AUC-PR': 0.00988863780732938, 'AUC-ROC': 0.6370220766793179, 'VUS-PR': np.float64(0.05440752396860169), 'VUS-ROC': np.float64(0.8488341462385405), 'Standard-F1': np.float64(0.02761511636521917), 'PA-F1': 0.0356455955891781, 'Event-based-F1': np.float64(0.028373585542982485), 'R-based-F1': 0.05027870813874978, 'Affiliation-F': 0.6690491666157277}
2026-02-08 16:32:25.335 | INFO     | src.pipelines.train_vision_backbones:run_pipeline:170 - Train images: 88
2026-02-08 16:32:25.335 | INFO     | src.pipelines.train_vision_backbones:run_pipeline:171 - Test images: 2871
2026-02-08 16:32:25.537 | INFO     | src.pipelines.train_vision_backbones:run_pipeline:176 - Training resnet18_autoencoder_differential_lr on MWT
2026-02-08 16:32:25.550 | INFO     | src.models.resnet18_autoencoder.training:train_autoencoder_differential_lr:271 - Device: cuda | Model on: cuda:0
2026-02-08 16:32:52.712 | INFO     | src.pipelines.train_vision_backbones:run_pipeline:193 - Evaluating resnet18_autoencoder_differential_lr on MWT
2026-02-08 16:33:03.734 | INFO     | src.models.evaluation:evaluate_tsb_ad_nonoverlapping:65 - Normal (142792) reconstruction error: mean=0.0774, std=0.1382
2026-02-08 16:33:03.734 | INFO     | src.models.evaluation:evaluate_tsb_ad_nonoverlapping:66 - Anomaly (761) reconstruction error: mean=0.1366, std=0.1579
2026-02-08 16:33:03.734 | INFO     | src.models.evaluation:evaluate_tsb_ad_nonoverlapping:67 - Overlap? Normal max=1.0000, Anomaly min=0.0050
2026-02-08 16:33:31.297 | INFO     | src.models.evaluation:evaluate_tsb_ad_nonoverlapping:83 - {'AUC-PR': 0.009502290510085928, 'AUC-ROC': 0.6341463777127574, 'VUS-PR': np.float64(0.05547646176507341), 'VUS-ROC': np.float64(0.8415009796191105), 'Standard-F1': np.float64(0.025100511687178233), 'PA-F1': 0.03527599213727886, 'Event-based-F1': np.float64(0.025199496010079713), 'R-based-F1': 0.04651338682644927, 'Affiliation-F': 0.6687219936943042}
2026-02-08 16:33:31.540 | INFO     | src.pipelines.train_vision_backbones:run_pipeline:170 - Train images: 88
2026-02-08 16:33:31.540 | INFO     | src.pipelines.train_vision_backbones:run_pipeline:171 - Test images: 2871
2026-02-08 16:33:32.484 | INFO     | src.pipelines.train_vision_backbones:run_pipeline:176 - Training pvt_autoencoder_frozen on MWT
2026-02-08 16:33:32.508 | INFO     | src.models.pvt_autoencoder.training:train_pvt_autoencoder_frozen:24 - Device: cuda | Model on: cuda:0
2026-02-08 16:33:55.009 | INFO     | src.pipelines.train_vision_backbones:run_pipeline:193 - Evaluating pvt_autoencoder_frozen on MWT
2026-02-08 16:34:03.910 | INFO     | src.models.evaluation:evaluate_tsb_ad_nonoverlapping:65 - Normal (142792) reconstruction error: mean=0.0573, std=0.1007
2026-02-08 16:34:03.910 | INFO     | src.models.evaluation:evaluate_tsb_ad_nonoverlapping:66 - Anomaly (761) reconstruction error: mean=0.0849, std=0.1018
2026-02-08 16:34:03.910 | INFO     | src.models.evaluation:evaluate_tsb_ad_nonoverlapping:67 - Overlap? Normal max=1.0000, Anomaly min=0.0048
2026-02-08 16:34:30.468 | INFO     | src.models.evaluation:evaluate_tsb_ad_nonoverlapping:83 - {'AUC-PR': 0.008554731499654132, 'AUC-ROC': 0.6502109028734185, 'VUS-PR': np.float64(0.04553950527157712), 'VUS-ROC': np.float64(0.8156846137665502), 'Standard-F1': np.float64(0.022461526343243075), 'PA-F1': 0.0333283140089344, 'Event-based-F1': np.float64(0.021824275184581268), 'R-based-F1': 0.042738367975101575, 'Affiliation-F': 0.6693551595319304}
2026-02-08 16:34:30.621 | INFO     | src.pipelines.train_vision_backbones:run_pipeline:170 - Train images: 88
2026-02-08 16:34:30.621 | INFO     | src.pipelines.train_vision_backbones:run_pipeline:171 - Test images: 2871
2026-02-08 16:34:31.560 | INFO     | src.pipelines.train_vision_backbones:run_pipeline:176 - Training pvt_autoencoder_progressive_unfreeze on MWT
2026-02-08 16:34:31.584 | INFO     | src.models.pvt_autoencoder.training:train_pvt_autoencoder_progressive_unfreeze:132 - Device: cuda | Model on: cuda:0
2026-02-08 16:34:56.525 | INFO     | src.pipelines.train_vision_backbones:run_pipeline:193 - Evaluating pvt_autoencoder_progressive_unfreeze on MWT
2026-02-08 16:35:04.498 | INFO     | src.models.evaluation:evaluate_tsb_ad_nonoverlapping:65 - Normal (142792) reconstruction error: mean=0.0621, std=0.1267
2026-02-08 16:35:04.498 | INFO     | src.models.evaluation:evaluate_tsb_ad_nonoverlapping:66 - Anomaly (761) reconstruction error: mean=0.1223, std=0.1654
2026-02-08 16:35:04.498 | INFO     | src.models.evaluation:evaluate_tsb_ad_nonoverlapping:67 - Overlap? Normal max=1.0000, Anomaly min=0.0017
2026-02-08 16:35:31.395 | INFO     | src.models.evaluation:evaluate_tsb_ad_nonoverlapping:83 - {'AUC-PR': 0.010504833996717478, 'AUC-ROC': 0.637479649327189, 'VUS-PR': np.float64(0.05781986247576927), 'VUS-ROC': np.float64(0.8518176957167085), 'Standard-F1': np.float64(0.031031639276011), 'PA-F1': 0.03510455601575917, 'Event-based-F1': np.float64(0.031007751937984017), 'R-based-F1': 0.04913370433931183, 'Affiliation-F': 0.6690595151074884}
2026-02-08 16:35:31.557 | INFO     | src.pipelines.train_vision_backbones:run_pipeline:170 - Train images: 88
2026-02-08 16:35:31.557 | INFO     | src.pipelines.train_vision_backbones:run_pipeline:171 - Test images: 2871
2026-02-08 16:35:32.493 | INFO     | src.pipelines.train_vision_backbones:run_pipeline:176 - Training pvt_autoencoder_differential_lr on MWT
2026-02-08 16:35:32.516 | INFO     | src.models.pvt_autoencoder.training:train_pvt_autoencoder_differential_lr:267 - Device: cuda | Model on: cuda:0
2026-02-08 16:36:02.331 | INFO     | src.pipelines.train_vision_backbones:run_pipeline:193 - Evaluating pvt_autoencoder_differential_lr on MWT
2026-02-08 16:36:14.623 | INFO     | src.models.evaluation:evaluate_tsb_ad_nonoverlapping:65 - Normal (142792) reconstruction error: mean=0.0534, std=0.1105
2026-02-08 16:36:14.623 | INFO     | src.models.evaluation:evaluate_tsb_ad_nonoverlapping:66 - Anomaly (761) reconstruction error: mean=0.0901, std=0.1143
2026-02-08 16:36:14.623 | INFO     | src.models.evaluation:evaluate_tsb_ad_nonoverlapping:67 - Overlap? Normal max=1.0000, Anomaly min=0.0019
2026-02-08 16:36:41.018 | INFO     | src.models.evaluation:evaluate_tsb_ad_nonoverlapping:83 - {'AUC-PR': 0.00921700408498431, 'AUC-ROC': 0.6158976384164163, 'VUS-PR': np.float64(0.053925972119893154), 'VUS-ROC': np.float64(0.8422437706902388), 'Standard-F1': np.float64(0.023992201116935577), 'PA-F1': 0.03551181944593004, 'Event-based-F1': np.float64(0.023733901085476888), 'R-based-F1': 0.05003803371749308, 'Affiliation-F': 0.6690509318809389}
2026-02-08 16:36:41.892 | INFO     | src.pipelines.train_vision_backbones:run_pipeline:70 - Using zip: /net/scratch/hscra/plgrid/plgsmendowski12/ts2i_images/IOPS/273_IOPS_id_14_WebService_tr_5569_1st_5669_ts2i_SPIRAL.zip for transformation SPIRAL
2026-02-08 16:36:45.505 | INFO     | src.pipelines.train_vision_backbones:run_pipeline:170 - Train images: 88
2026-02-08 16:36:45.506 | INFO     | src.pipelines.train_vision_backbones:run_pipeline:171 - Test images: 2871
2026-02-08 16:36:45.512 | INFO     | src.pipelines.train_vision_backbones:run_pipeline:176 - Training cnn_autoencoder on SPIRAL
2026-02-08 16:36:45.517 | INFO     | src.models.cnn_autoencoder.training:train_autoencoder:22 - Device: cuda | Model on: cuda:0
2026-02-08 16:37:12.509 | INFO     | src.pipelines.train_vision_backbones:run_pipeline:193 - Evaluating cnn_autoencoder on SPIRAL
2026-02-08 16:37:14.890 | INFO     | src.models.evaluation:evaluate_tsb_ad_nonoverlapping:65 - Normal (142792) reconstruction error: mean=0.0633, std=0.0626
2026-02-08 16:37:14.890 | INFO     | src.models.evaluation:evaluate_tsb_ad_nonoverlapping:66 - Anomaly (761) reconstruction error: mean=0.2435, std=0.1969
2026-02-08 16:37:14.890 | INFO     | src.models.evaluation:evaluate_tsb_ad_nonoverlapping:67 - Overlap? Normal max=1.0000, Anomaly min=0.0316
2026-02-08 16:37:41.447 | INFO     | src.models.evaluation:evaluate_tsb_ad_nonoverlapping:83 - {'AUC-PR': 0.08458685039265294, 'AUC-ROC': 0.8552510082574001, 'VUS-PR': np.float64(0.41950936017241147), 'VUS-ROC': np.float64(0.9545850789518623), 'Standard-F1': np.float64(0.24193733255741162), 'PA-F1': 0.2781128059595601, 'Event-based-F1': np.float64(0.2633628826073448), 'R-based-F1': 0.2269108940484042, 'Affiliation-F': 0.7694352739693738}
2026-02-08 16:37:41.603 | INFO     | src.pipelines.train_vision_backbones:run_pipeline:170 - Train images: 88
2026-02-08 16:37:41.603 | INFO     | src.pipelines.train_vision_backbones:run_pipeline:171 - Test images: 2871
2026-02-08 16:37:41.812 | INFO     | src.pipelines.train_vision_backbones:run_pipeline:176 - Training resnet18_autoencoder_frozen on SPIRAL
2026-02-08 16:37:41.825 | INFO     | src.models.resnet18_autoencoder.training:train_autoencoder_frozen:25 - Device: cuda | Model on: cuda:0
2026-02-08 16:38:08.213 | INFO     | src.pipelines.train_vision_backbones:run_pipeline:193 - Evaluating resnet18_autoencoder_frozen on SPIRAL
2026-02-08 16:38:10.940 | INFO     | src.models.evaluation:evaluate_tsb_ad_nonoverlapping:65 - Normal (142792) reconstruction error: mean=0.0400, std=0.0651
2026-02-08 16:38:10.940 | INFO     | src.models.evaluation:evaluate_tsb_ad_nonoverlapping:66 - Anomaly (761) reconstruction error: mean=0.0966, std=0.0804
2026-02-08 16:38:10.940 | INFO     | src.models.evaluation:evaluate_tsb_ad_nonoverlapping:67 - Overlap? Normal max=1.0000, Anomaly min=0.0060
2026-02-08 16:38:36.622 | INFO     | src.models.evaluation:evaluate_tsb_ad_nonoverlapping:83 - {'AUC-PR': 0.01797994396421384, 'AUC-ROC': 0.7852525988381583, 'VUS-PR': np.float64(0.06356844857582127), 'VUS-ROC': np.float64(0.8167943105194536), 'Standard-F1': np.float64(0.06005216904755248), 'PA-F1': 0.07521726101288582, 'Event-based-F1': np.float64(0.05808968367386332), 'R-based-F1': 0.06186845122243849, 'Affiliation-F': 0.6777529753154081}
2026-02-08 16:38:36.777 | INFO     | src.pipelines.train_vision_backbones:run_pipeline:170 - Train images: 88
2026-02-08 16:38:36.777 | INFO     | src.pipelines.train_vision_backbones:run_pipeline:171 - Test images: 2871
2026-02-08 16:38:36.986 | INFO     | src.pipelines.train_vision_backbones:run_pipeline:176 - Training resnet18_autoencoder_progressive_unfreeze on SPIRAL
2026-02-08 16:38:36.999 | INFO     | src.models.resnet18_autoencoder.training:train_autoencoder_progressive_unfreeze:133 - Device: cuda | Model on: cuda:0
2026-02-08 16:39:00.103 | INFO     | src.pipelines.train_vision_backbones:run_pipeline:193 - Evaluating resnet18_autoencoder_progressive_unfreeze on SPIRAL
2026-02-08 16:39:02.533 | INFO     | src.models.evaluation:evaluate_tsb_ad_nonoverlapping:65 - Normal (142792) reconstruction error: mean=0.0750, std=0.0870
2026-02-08 16:39:02.534 | INFO     | src.models.evaluation:evaluate_tsb_ad_nonoverlapping:66 - Anomaly (761) reconstruction error: mean=0.2362, std=0.1304
2026-02-08 16:39:02.534 | INFO     | src.models.evaluation:evaluate_tsb_ad_nonoverlapping:67 - Overlap? Normal max=1.0000, Anomaly min=0.0107
2026-02-08 16:39:30.153 | INFO     | src.models.evaluation:evaluate_tsb_ad_nonoverlapping:83 - {'AUC-PR': 0.04421070954273132, 'AUC-ROC': 0.8621476353795516, 'VUS-PR': np.float64(0.12820730977590816), 'VUS-ROC': np.float64(0.8648645911647086), 'Standard-F1': np.float64(0.12633282612386154), 'PA-F1': 0.23233404710920771, 'Event-based-F1': np.float64(0.12000300759417498), 'R-based-F1': 0.11685823197836119, 'Affiliation-F': 0.7072230409502642}
2026-02-08 16:39:30.308 | INFO     | src.pipelines.train_vision_backbones:run_pipeline:170 - Train images: 88
2026-02-08 16:39:30.308 | INFO     | src.pipelines.train_vision_backbones:run_pipeline:171 - Test images: 2871
2026-02-08 16:39:30.517 | INFO     | src.pipelines.train_vision_backbones:run_pipeline:176 - Training resnet18_autoencoder_differential_lr on SPIRAL
2026-02-08 16:39:30.530 | INFO     | src.models.resnet18_autoencoder.training:train_autoencoder_differential_lr:271 - Device: cuda | Model on: cuda:0
2026-02-08 16:39:50.972 | INFO     | src.pipelines.train_vision_backbones:run_pipeline:193 - Evaluating resnet18_autoencoder_differential_lr on SPIRAL
2026-02-08 16:39:52.930 | INFO     | src.models.evaluation:evaluate_tsb_ad_nonoverlapping:65 - Normal (142792) reconstruction error: mean=0.0446, std=0.0632
2026-02-08 16:39:52.930 | INFO     | src.models.evaluation:evaluate_tsb_ad_nonoverlapping:66 - Anomaly (761) reconstruction error: mean=0.1668, std=0.1079
2026-02-08 16:39:52.930 | INFO     | src.models.evaluation:evaluate_tsb_ad_nonoverlapping:67 - Overlap? Normal max=1.0000, Anomaly min=0.0086
2026-02-08 16:40:18.830 | INFO     | src.models.evaluation:evaluate_tsb_ad_nonoverlapping:83 - {'AUC-PR': 0.0517614852463273, 'AUC-ROC': 0.9058606394686805, 'VUS-PR': np.float64(0.20140849906348965), 'VUS-ROC': np.float64(0.946022589869837), 'Standard-F1': np.float64(0.14215201584500275), 'PA-F1': 0.16823434560601988, 'Event-based-F1': np.float64(0.1431261770244818), 'R-based-F1': 0.14111833055594986, 'Affiliation-F': 0.7457719373710541}
2026-02-08 16:40:18.989 | INFO     | src.pipelines.train_vision_backbones:run_pipeline:170 - Train images: 88
2026-02-08 16:40:18.989 | INFO     | src.pipelines.train_vision_backbones:run_pipeline:171 - Test images: 2871
2026-02-08 16:40:19.926 | INFO     | src.pipelines.train_vision_backbones:run_pipeline:176 - Training pvt_autoencoder_frozen on SPIRAL
2026-02-08 16:40:19.950 | INFO     | src.models.pvt_autoencoder.training:train_pvt_autoencoder_frozen:24 - Device: cuda | Model on: cuda:0
2026-02-08 16:40:39.301 | INFO     | src.pipelines.train_vision_backbones:run_pipeline:193 - Evaluating pvt_autoencoder_frozen on SPIRAL
2026-02-08 16:40:40.926 | INFO     | src.models.evaluation:evaluate_tsb_ad_nonoverlapping:65 - Normal (142792) reconstruction error: mean=0.0472, std=0.0730
2026-02-08 16:40:40.926 | INFO     | src.models.evaluation:evaluate_tsb_ad_nonoverlapping:66 - Anomaly (761) reconstruction error: mean=0.1607, std=0.1945
2026-02-08 16:40:40.926 | INFO     | src.models.evaluation:evaluate_tsb_ad_nonoverlapping:67 - Overlap? Normal max=1.0000, Anomaly min=0.0020
2026-02-08 16:41:07.365 | INFO     | src.models.evaluation:evaluate_tsb_ad_nonoverlapping:83 - {'AUC-PR': 0.03783672801057299, 'AUC-ROC': 0.7455407004621702, 'VUS-PR': np.float64(0.06535187300572734), 'VUS-ROC': np.float64(0.8198176601133824), 'Standard-F1': np.float64(0.1206368488759722), 'PA-F1': 0.242464392182842, 'Event-based-F1': np.float64(0.11149825783972085), 'R-based-F1': 0.09895511996964304, 'Affiliation-F': 0.7090092674174743}
2026-02-08 16:41:07.530 | INFO     | src.pipelines.train_vision_backbones:run_pipeline:170 - Train images: 88
2026-02-08 16:41:07.531 | INFO     | src.pipelines.train_vision_backbones:run_pipeline:171 - Test images: 2871
2026-02-08 16:41:08.471 | INFO     | src.pipelines.train_vision_backbones:run_pipeline:176 - Training pvt_autoencoder_progressive_unfreeze on SPIRAL
2026-02-08 16:41:08.494 | INFO     | src.models.pvt_autoencoder.training:train_pvt_autoencoder_progressive_unfreeze:132 - Device: cuda | Model on: cuda:0
2026-02-08 16:41:24.814 | INFO     | src.pipelines.train_vision_backbones:run_pipeline:193 - Evaluating pvt_autoencoder_progressive_unfreeze on SPIRAL
2026-02-08 16:41:26.435 | INFO     | src.models.evaluation:evaluate_tsb_ad_nonoverlapping:65 - Normal (142792) reconstruction error: mean=0.0487, std=0.0619
2026-02-08 16:41:26.435 | INFO     | src.models.evaluation:evaluate_tsb_ad_nonoverlapping:66 - Anomaly (761) reconstruction error: mean=0.2096, std=0.1450
2026-02-08 16:41:26.435 | INFO     | src.models.evaluation:evaluate_tsb_ad_nonoverlapping:67 - Overlap? Normal max=1.0000, Anomaly min=0.0098
2026-02-08 16:41:52.439 | INFO     | src.models.evaluation:evaluate_tsb_ad_nonoverlapping:83 - {'AUC-PR': 0.07891040689781577, 'AUC-ROC': 0.874251481934632, 'VUS-PR': np.float64(0.23928423313064157), 'VUS-ROC': np.float64(0.9196778789723368), 'Standard-F1': np.float64(0.2106891630381976), 'PA-F1': 0.2330521711965011, 'Event-based-F1': np.float64(0.20289722615729067), 'R-based-F1': 0.2184648080812911, 'Affiliation-F': 0.7444191339544749}
2026-02-08 16:41:52.598 | INFO     | src.pipelines.train_vision_backbones:run_pipeline:170 - Train images: 88
2026-02-08 16:41:52.598 | INFO     | src.pipelines.train_vision_backbones:run_pipeline:171 - Test images: 2871
2026-02-08 16:41:53.545 | INFO     | src.pipelines.train_vision_backbones:run_pipeline:176 - Training pvt_autoencoder_differential_lr on SPIRAL
2026-02-08 16:41:53.569 | INFO     | src.models.pvt_autoencoder.training:train_pvt_autoencoder_differential_lr:267 - Device: cuda | Model on: cuda:0
2026-02-08 16:42:24.246 | INFO     | src.pipelines.train_vision_backbones:run_pipeline:193 - Evaluating pvt_autoencoder_differential_lr on SPIRAL
2026-02-08 16:42:26.221 | INFO     | src.models.evaluation:evaluate_tsb_ad_nonoverlapping:65 - Normal (142792) reconstruction error: mean=0.0305, std=0.0436
2026-02-08 16:42:26.222 | INFO     | src.models.evaluation:evaluate_tsb_ad_nonoverlapping:66 - Anomaly (761) reconstruction error: mean=0.1580, std=0.1418
2026-02-08 16:42:26.222 | INFO     | src.models.evaluation:evaluate_tsb_ad_nonoverlapping:67 - Overlap? Normal max=1.0000, Anomaly min=0.0040
2026-02-08 16:42:51.326 | INFO     | src.models.evaluation:evaluate_tsb_ad_nonoverlapping:83 - {'AUC-PR': 0.08990639671373069, 'AUC-ROC': 0.7738680106196756, 'VUS-PR': np.float64(0.2865957273273085), 'VUS-ROC': np.float64(0.941466191078351), 'Standard-F1': np.float64(0.22677270982943193), 'PA-F1': 0.24580152671755726, 'Event-based-F1': np.float64(0.2096347273689778), 'R-based-F1': 0.20041037869042766, 'Affiliation-F': 0.7649662306682783}
2026-02-08 16:42:52.536 | INFO     | src.pipelines.train_vision_backbones:run_pipeline:70 - Using zip: /net/scratch/hscra/plgrid/plgsmendowski12/ts2i_images/IOPS/274_IOPS_id_15_WebService_tr_4591_1st_4691_ts2i_RN.zip for transformation RN
2026-02-08 16:42:56.324 | INFO     | src.pipelines.train_vision_backbones:run_pipeline:170 - Train images: 72
2026-02-08 16:42:56.325 | INFO     | src.pipelines.train_vision_backbones:run_pipeline:171 - Test images: 2890
2026-02-08 16:42:56.331 | INFO     | src.pipelines.train_vision_backbones:run_pipeline:176 - Training cnn_autoencoder on RN
2026-02-08 16:42:56.336 | INFO     | src.models.cnn_autoencoder.training:train_autoencoder:22 - Device: cuda | Model on: cuda:0
2026-02-08 16:43:04.980 | INFO     | src.pipelines.train_vision_backbones:run_pipeline:193 - Evaluating cnn_autoencoder on RN
2026-02-08 16:43:07.318 | INFO     | src.models.evaluation:evaluate_tsb_ad_nonoverlapping:65 - Normal (137764) reconstruction error: mean=0.4052, std=0.1953
2026-02-08 16:43:07.318 | INFO     | src.models.evaluation:evaluate_tsb_ad_nonoverlapping:66 - Anomaly (6777) reconstruction error: mean=0.4082, std=0.1888
2026-02-08 16:43:07.318 | INFO     | src.models.evaluation:evaluate_tsb_ad_nonoverlapping:67 - Overlap? Normal max=1.0000, Anomaly min=0.0000
2026-02-08 16:44:19.467 | INFO     | src.models.evaluation:evaluate_tsb_ad_nonoverlapping:83 - {'AUC-PR': 0.048178482360685726, 'AUC-ROC': 0.5184187184515479, 'VUS-PR': np.float64(0.07945414903106351), 'VUS-ROC': np.float64(0.5657299162698005), 'Standard-F1': np.float64(0.09865882996444887), 'PA-F1': 0.24057385695771422, 'Event-based-F1': np.float64(0.0992348805085548), 'R-based-F1': 0.13075197372180156, 'Affiliation-F': 0.6802931440927417}
2026-02-08 16:44:19.620 | INFO     | src.pipelines.train_vision_backbones:run_pipeline:170 - Train images: 72
2026-02-08 16:44:19.620 | INFO     | src.pipelines.train_vision_backbones:run_pipeline:171 - Test images: 2890
2026-02-08 16:44:19.830 | INFO     | src.pipelines.train_vision_backbones:run_pipeline:176 - Training resnet18_autoencoder_frozen on RN
2026-02-08 16:44:19.843 | INFO     | src.models.resnet18_autoencoder.training:train_autoencoder_frozen:25 - Device: cuda | Model on: cuda:0
2026-02-08 16:44:30.966 | INFO     | src.pipelines.train_vision_backbones:run_pipeline:193 - Evaluating resnet18_autoencoder_frozen on RN
2026-02-08 16:44:37.815 | INFO     | src.models.evaluation:evaluate_tsb_ad_nonoverlapping:65 - Normal (137764) reconstruction error: mean=0.5095, std=0.1783
2026-02-08 16:44:37.815 | INFO     | src.models.evaluation:evaluate_tsb_ad_nonoverlapping:66 - Anomaly (6777) reconstruction error: mean=0.5077, std=0.1732
2026-02-08 16:44:37.815 | INFO     | src.models.evaluation:evaluate_tsb_ad_nonoverlapping:67 - Overlap? Normal max=1.0000, Anomaly min=0.0000
2026-02-08 16:45:57.268 | INFO     | src.models.evaluation:evaluate_tsb_ad_nonoverlapping:83 - {'AUC-PR': 0.047357659679273974, 'AUC-ROC': 0.5048415285773105, 'VUS-PR': np.float64(0.0781168209994934), 'VUS-ROC': np.float64(0.5651853676026726), 'Standard-F1': np.float64(0.09702444811670595), 'PA-F1': 0.23323852092645267, 'Event-based-F1': np.float64(0.09701485405797969), 'R-based-F1': 0.19103781132183473, 'Affiliation-F': 0.6761554305301074}
2026-02-08 16:45:57.422 | INFO     | src.pipelines.train_vision_backbones:run_pipeline:170 - Train images: 72
2026-02-08 16:45:57.423 | INFO     | src.pipelines.train_vision_backbones:run_pipeline:171 - Test images: 2890
2026-02-08 16:45:57.633 | INFO     | src.pipelines.train_vision_backbones:run_pipeline:176 - Training resnet18_autoencoder_progressive_unfreeze on RN
2026-02-08 16:45:57.646 | INFO     | src.models.resnet18_autoencoder.training:train_autoencoder_progressive_unfreeze:133 - Device: cuda | Model on: cuda:0
2026-02-08 16:46:08.182 | INFO     | src.pipelines.train_vision_backbones:run_pipeline:193 - Evaluating resnet18_autoencoder_progressive_unfreeze on RN
2026-02-08 16:46:21.361 | INFO     | src.models.evaluation:evaluate_tsb_ad_nonoverlapping:65 - Normal (137764) reconstruction error: mean=0.4758, std=0.1823
2026-02-08 16:46:21.362 | INFO     | src.models.evaluation:evaluate_tsb_ad_nonoverlapping:66 - Anomaly (6777) reconstruction error: mean=0.4752, std=0.1798
2026-02-08 16:46:21.362 | INFO     | src.models.evaluation:evaluate_tsb_ad_nonoverlapping:67 - Overlap? Normal max=1.0000, Anomaly min=0.0000
2026-02-08 16:47:37.930 | INFO     | src.models.evaluation:evaluate_tsb_ad_nonoverlapping:83 - {'AUC-PR': 0.04781447975250527, 'AUC-ROC': 0.509396891366299, 'VUS-PR': np.float64(0.07900599704011345), 'VUS-ROC': np.float64(0.5646645387092717), 'Standard-F1': np.float64(0.09631639513675014), 'PA-F1': 0.23836712366234744, 'Event-based-F1': np.float64(0.09620172212959355), 'R-based-F1': 0.1471512511448005, 'Affiliation-F': 0.6761554305301074}
2026-02-08 16:47:38.102 | INFO     | src.pipelines.train_vision_backbones:run_pipeline:170 - Train images: 72
2026-02-08 16:47:38.102 | INFO     | src.pipelines.train_vision_backbones:run_pipeline:171 - Test images: 2890
2026-02-08 16:47:38.311 | INFO     | src.pipelines.train_vision_backbones:run_pipeline:176 - Training resnet18_autoencoder_differential_lr on RN
2026-02-08 16:47:38.324 | INFO     | src.models.resnet18_autoencoder.training:train_autoencoder_differential_lr:271 - Device: cuda | Model on: cuda:0
2026-02-08 16:47:53.659 | INFO     | src.pipelines.train_vision_backbones:run_pipeline:193 - Evaluating resnet18_autoencoder_differential_lr on RN
2026-02-08 16:48:07.916 | INFO     | src.models.evaluation:evaluate_tsb_ad_nonoverlapping:65 - Normal (137764) reconstruction error: mean=0.4878, std=0.1805
2026-02-08 16:48:07.916 | INFO     | src.models.evaluation:evaluate_tsb_ad_nonoverlapping:66 - Anomaly (6777) reconstruction error: mean=0.4860, std=0.1777
2026-02-08 16:48:07.916 | INFO     | src.models.evaluation:evaluate_tsb_ad_nonoverlapping:67 - Overlap? Normal max=1.0000, Anomaly min=0.0000
2026-02-08 16:49:25.626 | INFO     | src.models.evaluation:evaluate_tsb_ad_nonoverlapping:83 - {'AUC-PR': 0.04741068986998512, 'AUC-ROC': 0.5017964376225996, 'VUS-PR': np.float64(0.07912623674570708), 'VUS-ROC': np.float64(0.5661982590537888), 'Standard-F1': np.float64(0.09451723500244837), 'PA-F1': 0.24122607509010113, 'Event-based-F1': np.float64(0.09656254276190017), 'R-based-F1': 0.18817344722742924, 'Affiliation-F': 0.6761554305301074}
2026-02-08 16:49:25.782 | INFO     | src.pipelines.train_vision_backbones:run_pipeline:170 - Train images: 72
2026-02-08 16:49:25.782 | INFO     | src.pipelines.train_vision_backbones:run_pipeline:171 - Test images: 2890
2026-02-08 16:49:26.731 | INFO     | src.pipelines.train_vision_backbones:run_pipeline:176 - Training pvt_autoencoder_frozen on RN
2026-02-08 16:49:26.754 | INFO     | src.models.pvt_autoencoder.training:train_pvt_autoencoder_frozen:24 - Device: cuda | Model on: cuda:0
2026-02-08 16:49:41.108 | INFO     | src.pipelines.train_vision_backbones:run_pipeline:193 - Evaluating pvt_autoencoder_frozen on RN
2026-02-08 16:49:56.522 | INFO     | src.models.evaluation:evaluate_tsb_ad_nonoverlapping:65 - Normal (137764) reconstruction error: mean=0.4997, std=0.1826
2026-02-08 16:49:56.522 | INFO     | src.models.evaluation:evaluate_tsb_ad_nonoverlapping:66 - Anomaly (6777) reconstruction error: mean=0.4984, std=0.1798
2026-02-08 16:49:56.522 | INFO     | src.models.evaluation:evaluate_tsb_ad_nonoverlapping:67 - Overlap? Normal max=1.0000, Anomaly min=0.0000
2026-02-08 16:51:15.041 | INFO     | src.models.evaluation:evaluate_tsb_ad_nonoverlapping:83 - {'AUC-PR': 0.04772843326153392, 'AUC-ROC': 0.5047194144509769, 'VUS-PR': np.float64(0.07857208794136654), 'VUS-ROC': np.float64(0.5619114237222816), 'Standard-F1': np.float64(0.09433173857109939), 'PA-F1': 0.23277873592370904, 'Event-based-F1': np.float64(0.09732635430166175), 'R-based-F1': 0.12522478703756618, 'Affiliation-F': 0.6764078666551389}
2026-02-08 16:51:15.196 | INFO     | src.pipelines.train_vision_backbones:run_pipeline:170 - Train images: 72
2026-02-08 16:51:15.196 | INFO     | src.pipelines.train_vision_backbones:run_pipeline:171 - Test images: 2890
2026-02-08 16:51:16.134 | INFO     | src.pipelines.train_vision_backbones:run_pipeline:176 - Training pvt_autoencoder_progressive_unfreeze on RN
2026-02-08 16:51:16.158 | INFO     | src.models.pvt_autoencoder.training:train_pvt_autoencoder_progressive_unfreeze:132 - Device: cuda | Model on: cuda:0
2026-02-08 16:51:28.451 | INFO     | src.pipelines.train_vision_backbones:run_pipeline:193 - Evaluating pvt_autoencoder_progressive_unfreeze on RN
2026-02-08 16:51:44.408 | INFO     | src.models.evaluation:evaluate_tsb_ad_nonoverlapping:65 - Normal (137764) reconstruction error: mean=0.4807, std=0.1853
2026-02-08 16:51:44.408 | INFO     | src.models.evaluation:evaluate_tsb_ad_nonoverlapping:66 - Anomaly (6777) reconstruction error: mean=0.4796, std=0.1801
2026-02-08 16:51:44.408 | INFO     | src.models.evaluation:evaluate_tsb_ad_nonoverlapping:67 - Overlap? Normal max=1.0000, Anomaly min=0.0000
2026-02-08 16:53:02.038 | INFO     | src.models.evaluation:evaluate_tsb_ad_nonoverlapping:83 - {'AUC-PR': 0.04747300403412585, 'AUC-ROC': 0.5054557452061018, 'VUS-PR': np.float64(0.0783348103179371), 'VUS-ROC': np.float64(0.5631206803403376), 'Standard-F1': np.float64(0.09794333617419598), 'PA-F1': 0.26773439648061587, 'Event-based-F1': np.float64(0.09899105299286184), 'R-based-F1': 0.11718874084279932, 'Affiliation-F': 0.6761554305301074}
2026-02-08 16:53:02.197 | INFO     | src.pipelines.train_vision_backbones:run_pipeline:170 - Train images: 72
2026-02-08 16:53:02.197 | INFO     | src.pipelines.train_vision_backbones:run_pipeline:171 - Test images: 2890
2026-02-08 16:53:03.144 | INFO     | src.pipelines.train_vision_backbones:run_pipeline:176 - Training pvt_autoencoder_differential_lr on RN
2026-02-08 16:53:03.167 | INFO     | src.models.pvt_autoencoder.training:train_pvt_autoencoder_differential_lr:267 - Device: cuda | Model on: cuda:0
2026-02-08 16:53:19.483 | INFO     | src.pipelines.train_vision_backbones:run_pipeline:193 - Evaluating pvt_autoencoder_differential_lr on RN
2026-02-08 16:53:33.180 | INFO     | src.models.evaluation:evaluate_tsb_ad_nonoverlapping:65 - Normal (137764) reconstruction error: mean=0.4646, std=0.1837
2026-02-08 16:53:33.181 | INFO     | src.models.evaluation:evaluate_tsb_ad_nonoverlapping:66 - Anomaly (6777) reconstruction error: mean=0.4656, std=0.1785
2026-02-08 16:53:33.181 | INFO     | src.models.evaluation:evaluate_tsb_ad_nonoverlapping:67 - Overlap? Normal max=1.0000, Anomaly min=0.0000
2026-02-08 16:54:49.478 | INFO     | src.models.evaluation:evaluate_tsb_ad_nonoverlapping:83 - {'AUC-PR': 0.04802672511661124, 'AUC-ROC': 0.5089382786969954, 'VUS-PR': np.float64(0.07855690291028856), 'VUS-ROC': np.float64(0.5652039261945715), 'Standard-F1': np.float64(0.0979549126047197), 'PA-F1': 0.2458409059136027, 'Event-based-F1': np.float64(0.09895880792859835), 'R-based-F1': 0.1291590042871651, 'Affiliation-F': 0.6761554305301074}
2026-02-08 16:54:50.325 | INFO     | src.pipelines.train_vision_backbones:run_pipeline:70 - Using zip: /net/scratch/hscra/plgrid/plgsmendowski12/ts2i_images/IOPS/274_IOPS_id_15_WebService_tr_4591_1st_4691_ts2i_LP.zip for transformation LP
2026-02-08 16:54:54.002 | INFO     | src.pipelines.train_vision_backbones:run_pipeline:170 - Train images: 72
2026-02-08 16:54:54.003 | INFO     | src.pipelines.train_vision_backbones:run_pipeline:171 - Test images: 2890
2026-02-08 16:54:54.009 | INFO     | src.pipelines.train_vision_backbones:run_pipeline:176 - Training cnn_autoencoder on LP
2026-02-08 16:54:54.014 | INFO     | src.models.cnn_autoencoder.training:train_autoencoder:22 - Device: cuda | Model on: cuda:0
2026-02-08 16:55:19.785 | INFO     | src.pipelines.train_vision_backbones:run_pipeline:193 - Evaluating cnn_autoencoder on LP
2026-02-08 16:55:21.994 | INFO     | src.models.evaluation:evaluate_tsb_ad_nonoverlapping:65 - Normal (137764) reconstruction error: mean=0.2404, std=0.1517
2026-02-08 16:55:21.994 | INFO     | src.models.evaluation:evaluate_tsb_ad_nonoverlapping:66 - Anomaly (6777) reconstruction error: mean=0.4861, std=0.1626
2026-02-08 16:55:21.995 | INFO     | src.models.evaluation:evaluate_tsb_ad_nonoverlapping:67 - Overlap? Normal max=1.0000, Anomaly min=0.1001
2026-02-08 16:56:19.184 | INFO     | src.models.evaluation:evaluate_tsb_ad_nonoverlapping:83 - {'AUC-PR': 0.24858844238690853, 'AUC-ROC': 0.8632005014964077, 'VUS-PR': np.float64(0.2836773421840675), 'VUS-ROC': np.float64(0.8484458702489324), 'Standard-F1': np.float64(0.33643589979610566), 'PA-F1': 0.7142100884821901, 'Event-based-F1': np.float64(0.36564565418236045), 'R-based-F1': 0.275774766044378, 'Affiliation-F': 0.7180938521027324}
2026-02-08 16:56:19.338 | INFO     | src.pipelines.train_vision_backbones:run_pipeline:170 - Train images: 72
2026-02-08 16:56:19.339 | INFO     | src.pipelines.train_vision_backbones:run_pipeline:171 - Test images: 2890
2026-02-08 16:56:19.549 | INFO     | src.pipelines.train_vision_backbones:run_pipeline:176 - Training resnet18_autoencoder_frozen on LP
2026-02-08 16:56:19.562 | INFO     | src.models.resnet18_autoencoder.training:train_autoencoder_frozen:25 - Device: cuda | Model on: cuda:0
2026-02-08 16:56:48.601 | INFO     | src.pipelines.train_vision_backbones:run_pipeline:193 - Evaluating resnet18_autoencoder_frozen on LP
2026-02-08 16:56:53.896 | INFO     | src.models.evaluation:evaluate_tsb_ad_nonoverlapping:65 - Normal (137764) reconstruction error: mean=0.2440, std=0.1326
2026-02-08 16:56:53.896 | INFO     | src.models.evaluation:evaluate_tsb_ad_nonoverlapping:66 - Anomaly (6777) reconstruction error: mean=0.4417, std=0.1628
2026-02-08 16:56:53.896 | INFO     | src.models.evaluation:evaluate_tsb_ad_nonoverlapping:67 - Overlap? Normal max=1.0000, Anomaly min=0.0517
2026-02-08 16:57:51.137 | INFO     | src.models.evaluation:evaluate_tsb_ad_nonoverlapping:83 - {'AUC-PR': 0.22594145909723504, 'AUC-ROC': 0.8309146014417232, 'VUS-PR': np.float64(0.3124301631307526), 'VUS-ROC': np.float64(0.8719197124804738), 'Standard-F1': np.float64(0.3030582928951945), 'PA-F1': 0.6610984560870665, 'Event-based-F1': np.float64(0.3764497956478511), 'R-based-F1': 0.3006017949222745, 'Affiliation-F': 0.7289467499998442}
2026-02-08 16:57:51.292 | INFO     | src.pipelines.train_vision_backbones:run_pipeline:170 - Train images: 72
2026-02-08 16:57:51.292 | INFO     | src.pipelines.train_vision_backbones:run_pipeline:171 - Test images: 2890
2026-02-08 16:57:51.501 | INFO     | src.pipelines.train_vision_backbones:run_pipeline:176 - Training resnet18_autoencoder_progressive_unfreeze on LP
2026-02-08 16:57:51.514 | INFO     | src.models.resnet18_autoencoder.training:train_autoencoder_progressive_unfreeze:133 - Device: cuda | Model on: cuda:0
2026-02-08 16:58:20.944 | INFO     | src.pipelines.train_vision_backbones:run_pipeline:193 - Evaluating resnet18_autoencoder_progressive_unfreeze on LP
2026-02-08 16:58:33.813 | INFO     | src.models.evaluation:evaluate_tsb_ad_nonoverlapping:65 - Normal (137764) reconstruction error: mean=0.2427, std=0.1452
2026-02-08 16:58:33.813 | INFO     | src.models.evaluation:evaluate_tsb_ad_nonoverlapping:66 - Anomaly (6777) reconstruction error: mean=0.4790, std=0.1540
2026-02-08 16:58:33.814 | INFO     | src.models.evaluation:evaluate_tsb_ad_nonoverlapping:67 - Overlap? Normal max=1.0000, Anomaly min=0.0426
2026-02-08 16:59:31.279 | INFO     | src.models.evaluation:evaluate_tsb_ad_nonoverlapping:83 - {'AUC-PR': 0.25943628640263844, 'AUC-ROC': 0.8650107594189143, 'VUS-PR': np.float64(0.3372251946759244), 'VUS-ROC': np.float64(0.8727776003261634), 'Standard-F1': np.float64(0.361331289703439), 'PA-F1': 0.6994653951741078, 'Event-based-F1': np.float64(0.4096119042831284), 'R-based-F1': 0.32557447933954087, 'Affiliation-F': 0.7281463469357915}
2026-02-08 16:59:31.437 | INFO     | src.pipelines.train_vision_backbones:run_pipeline:170 - Train images: 72
2026-02-08 16:59:31.437 | INFO     | src.pipelines.train_vision_backbones:run_pipeline:171 - Test images: 2890
2026-02-08 16:59:31.648 | INFO     | src.pipelines.train_vision_backbones:run_pipeline:176 - Training resnet18_autoencoder_differential_lr on LP
2026-02-08 16:59:31.662 | INFO     | src.models.resnet18_autoencoder.training:train_autoencoder_differential_lr:271 - Device: cuda | Model on: cuda:0
2026-02-08 17:00:03.421 | INFO     | src.pipelines.train_vision_backbones:run_pipeline:193 - Evaluating resnet18_autoencoder_differential_lr on LP
2026-02-08 17:00:15.173 | INFO     | src.models.evaluation:evaluate_tsb_ad_nonoverlapping:65 - Normal (137764) reconstruction error: mean=0.2188, std=0.1410
2026-02-08 17:00:15.173 | INFO     | src.models.evaluation:evaluate_tsb_ad_nonoverlapping:66 - Anomaly (6777) reconstruction error: mean=0.4400, std=0.1570
2026-02-08 17:00:15.173 | INFO     | src.models.evaluation:evaluate_tsb_ad_nonoverlapping:67 - Overlap? Normal max=1.0000, Anomaly min=0.0715
2026-02-08 17:01:10.644 | INFO     | src.models.evaluation:evaluate_tsb_ad_nonoverlapping:83 - {'AUC-PR': 0.2261720018758375, 'AUC-ROC': 0.8554045884603881, 'VUS-PR': np.float64(0.33044820818929066), 'VUS-ROC': np.float64(0.8782622213182946), 'Standard-F1': np.float64(0.33518912360781444), 'PA-F1': 0.6497535168931104, 'Event-based-F1': np.float64(0.40266967428486394), 'R-based-F1': 0.32823307365596394, 'Affiliation-F': 0.7315355672763838}
2026-02-08 17:01:10.796 | INFO     | src.pipelines.train_vision_backbones:run_pipeline:170 - Train images: 72
2026-02-08 17:01:10.797 | INFO     | src.pipelines.train_vision_backbones:run_pipeline:171 - Test images: 2890
2026-02-08 17:01:11.747 | INFO     | src.pipelines.train_vision_backbones:run_pipeline:176 - Training pvt_autoencoder_frozen on LP
2026-02-08 17:01:11.770 | INFO     | src.models.pvt_autoencoder.training:train_pvt_autoencoder_frozen:24 - Device: cuda | Model on: cuda:0
2026-02-08 17:01:45.013 | INFO     | src.pipelines.train_vision_backbones:run_pipeline:193 - Evaluating pvt_autoencoder_frozen on LP
2026-02-08 17:02:03.028 | INFO     | src.models.evaluation:evaluate_tsb_ad_nonoverlapping:65 - Normal (137764) reconstruction error: mean=0.2337, std=0.1466
2026-02-08 17:02:03.028 | INFO     | src.models.evaluation:evaluate_tsb_ad_nonoverlapping:66 - Anomaly (6777) reconstruction error: mean=0.4525, std=0.1565
2026-02-08 17:02:03.029 | INFO     | src.models.evaluation:evaluate_tsb_ad_nonoverlapping:67 - Overlap? Normal max=1.0000, Anomaly min=0.0693
2026-02-08 17:02:59.793 | INFO     | src.models.evaluation:evaluate_tsb_ad_nonoverlapping:83 - {'AUC-PR': 0.20549551455758316, 'AUC-ROC': 0.8480840871003951, 'VUS-PR': np.float64(0.2840180504409378), 'VUS-ROC': np.float64(0.8703109417290367), 'Standard-F1': np.float64(0.3108122348259723), 'PA-F1': 0.6052099295127183, 'Event-based-F1': np.float64(0.34667554657953936), 'R-based-F1': 0.2716579005583362, 'Affiliation-F': 0.7360244039237592}
2026-02-08 17:02:59.947 | INFO     | src.pipelines.train_vision_backbones:run_pipeline:170 - Train images: 72
2026-02-08 17:02:59.947 | INFO     | src.pipelines.train_vision_backbones:run_pipeline:171 - Test images: 2890
2026-02-08 17:03:04.451 | INFO     | src.pipelines.train_vision_backbones:run_pipeline:176 - Training pvt_autoencoder_progressive_unfreeze on LP
2026-02-08 17:03:04.474 | INFO     | src.models.pvt_autoencoder.training:train_pvt_autoencoder_progressive_unfreeze:132 - Device: cuda | Model on: cuda:0
2026-02-08 17:03:48.060 | INFO     | src.pipelines.train_vision_backbones:run_pipeline:193 - Evaluating pvt_autoencoder_progressive_unfreeze on LP
2026-02-08 17:04:05.206 | INFO     | src.models.evaluation:evaluate_tsb_ad_nonoverlapping:65 - Normal (137764) reconstruction error: mean=0.2163, std=0.1378
2026-02-08 17:04:05.206 | INFO     | src.models.evaluation:evaluate_tsb_ad_nonoverlapping:66 - Anomaly (6777) reconstruction error: mean=0.4377, std=0.1488
2026-02-08 17:04:05.206 | INFO     | src.models.evaluation:evaluate_tsb_ad_nonoverlapping:67 - Overlap? Normal max=1.0000, Anomaly min=0.0796
2026-02-08 17:05:00.658 | INFO     | src.models.evaluation:evaluate_tsb_ad_nonoverlapping:83 - {'AUC-PR': 0.22929707117421455, 'AUC-ROC': 0.8651144818247408, 'VUS-PR': np.float64(0.33299747993633233), 'VUS-ROC': np.float64(0.8834774974349437), 'Standard-F1': np.float64(0.33048864760966773), 'PA-F1': 0.6827100133341799, 'Event-based-F1': np.float64(0.3836524393586112), 'R-based-F1': 0.3206372502947809, 'Affiliation-F': 0.7332487146502225}
2026-02-08 17:05:00.816 | INFO     | src.pipelines.train_vision_backbones:run_pipeline:170 - Train images: 72
2026-02-08 17:05:00.816 | INFO     | src.pipelines.train_vision_backbones:run_pipeline:171 - Test images: 2890
2026-02-08 17:05:01.758 | INFO     | src.pipelines.train_vision_backbones:run_pipeline:176 - Training pvt_autoencoder_differential_lr on LP
2026-02-08 17:05:01.781 | INFO     | src.models.pvt_autoencoder.training:train_pvt_autoencoder_differential_lr:267 - Device: cuda | Model on: cuda:0
2026-02-08 17:05:39.352 | INFO     | src.pipelines.train_vision_backbones:run_pipeline:193 - Evaluating pvt_autoencoder_differential_lr on LP
2026-02-08 17:05:50.953 | INFO     | src.models.evaluation:evaluate_tsb_ad_nonoverlapping:65 - Normal (137764) reconstruction error: mean=0.2318, std=0.1423
2026-02-08 17:05:50.953 | INFO     | src.models.evaluation:evaluate_tsb_ad_nonoverlapping:66 - Anomaly (6777) reconstruction error: mean=0.4681, std=0.1648
2026-02-08 17:05:50.953 | INFO     | src.models.evaluation:evaluate_tsb_ad_nonoverlapping:67 - Overlap? Normal max=1.0000, Anomaly min=0.0665
2026-02-08 17:06:47.617 | INFO     | src.models.evaluation:evaluate_tsb_ad_nonoverlapping:83 - {'AUC-PR': 0.2622604195093575, 'AUC-ROC': 0.8611245924104042, 'VUS-PR': np.float64(0.35150159108586876), 'VUS-ROC': np.float64(0.8800099721291709), 'Standard-F1': np.float64(0.3598774362185073), 'PA-F1': 0.71504243321752, 'Event-based-F1': np.float64(0.42530362671527233), 'R-based-F1': 0.3244759471069747, 'Affiliation-F': 0.7358328275681433}
2026-02-08 17:06:48.492 | INFO     | src.pipelines.train_vision_backbones:run_pipeline:70 - Using zip: /net/scratch/hscra/plgrid/plgsmendowski12/ts2i_images/IOPS/274_IOPS_id_15_WebService_tr_4591_1st_4691_ts2i_SG.zip for transformation SG
2026-02-08 17:06:52.135 | INFO     | src.pipelines.train_vision_backbones:run_pipeline:170 - Train images: 72
2026-02-08 17:06:52.136 | INFO     | src.pipelines.train_vision_backbones:run_pipeline:171 - Test images: 2890
2026-02-08 17:06:52.142 | INFO     | src.pipelines.train_vision_backbones:run_pipeline:176 - Training cnn_autoencoder on SG
2026-02-08 17:06:52.146 | INFO     | src.models.cnn_autoencoder.training:train_autoencoder:22 - Device: cuda | Model on: cuda:0
2026-02-08 17:07:16.292 | INFO     | src.pipelines.train_vision_backbones:run_pipeline:193 - Evaluating cnn_autoencoder on SG
2026-02-08 17:07:18.523 | INFO     | src.models.evaluation:evaluate_tsb_ad_nonoverlapping:65 - Normal (137764) reconstruction error: mean=0.0536, std=0.0685
2026-02-08 17:07:18.523 | INFO     | src.models.evaluation:evaluate_tsb_ad_nonoverlapping:66 - Anomaly (6777) reconstruction error: mean=0.3119, std=0.1991
2026-02-08 17:07:18.523 | INFO     | src.models.evaluation:evaluate_tsb_ad_nonoverlapping:67 - Overlap? Normal max=1.0000, Anomaly min=0.0059
2026-02-08 17:08:00.040 | INFO     | src.models.evaluation:evaluate_tsb_ad_nonoverlapping:83 - {'AUC-PR': 0.5273365517046352, 'AUC-ROC': 0.928867628119964, 'VUS-PR': np.float64(0.6322054246694813), 'VUS-ROC': np.float64(0.9475448810542736), 'Standard-F1': np.float64(0.5605669877765008), 'PA-F1': 0.7739623768289041, 'Event-based-F1': np.float64(0.5839343706389466), 'R-based-F1': 0.42213757551917347, 'Affiliation-F': 0.7969361752679573}
2026-02-08 17:08:00.406 | INFO     | src.pipelines.train_vision_backbones:run_pipeline:170 - Train images: 72
2026-02-08 17:08:00.406 | INFO     | src.pipelines.train_vision_backbones:run_pipeline:171 - Test images: 2890
2026-02-08 17:08:00.617 | INFO     | src.pipelines.train_vision_backbones:run_pipeline:176 - Training resnet18_autoencoder_frozen on SG
2026-02-08 17:08:00.630 | INFO     | src.models.resnet18_autoencoder.training:train_autoencoder_frozen:25 - Device: cuda | Model on: cuda:0
2026-02-08 17:08:09.221 | INFO     | src.pipelines.train_vision_backbones:run_pipeline:193 - Evaluating resnet18_autoencoder_frozen on SG
2026-02-08 17:08:11.837 | INFO     | src.models.evaluation:evaluate_tsb_ad_nonoverlapping:65 - Normal (137764) reconstruction error: mean=0.0823, std=0.1107
2026-02-08 17:08:11.838 | INFO     | src.models.evaluation:evaluate_tsb_ad_nonoverlapping:66 - Anomaly (6777) reconstruction error: mean=0.3762, std=0.2444
2026-02-08 17:08:11.838 | INFO     | src.models.evaluation:evaluate_tsb_ad_nonoverlapping:67 - Overlap? Normal max=0.7469, Anomaly min=0.0073
2026-02-08 17:08:56.622 | INFO     | src.models.evaluation:evaluate_tsb_ad_nonoverlapping:83 - {'AUC-PR': 0.42851425159003836, 'AUC-ROC': 0.8806814939087191, 'VUS-PR': np.float64(0.27208512220689296), 'VUS-ROC': np.float64(0.8155553793598986), 'Standard-F1': np.float64(0.4530462226496869), 'PA-F1': 0.6934764532466551, 'Event-based-F1': np.float64(0.3126980872011977), 'R-based-F1': 0.18811663292054018, 'Affiliation-F': 0.7223766259211527}
2026-02-08 17:08:56.776 | INFO     | src.pipelines.train_vision_backbones:run_pipeline:170 - Train images: 72
2026-02-08 17:08:56.776 | INFO     | src.pipelines.train_vision_backbones:run_pipeline:171 - Test images: 2890
2026-02-08 17:08:56.985 | INFO     | src.pipelines.train_vision_backbones:run_pipeline:176 - Training resnet18_autoencoder_progressive_unfreeze on SG
2026-02-08 17:08:56.999 | INFO     | src.models.resnet18_autoencoder.training:train_autoencoder_progressive_unfreeze:133 - Device: cuda | Model on: cuda:0
2026-02-08 17:09:15.441 | INFO     | src.pipelines.train_vision_backbones:run_pipeline:193 - Evaluating resnet18_autoencoder_progressive_unfreeze on SG
2026-02-08 17:09:17.797 | INFO     | src.models.evaluation:evaluate_tsb_ad_nonoverlapping:65 - Normal (137764) reconstruction error: mean=0.0223, std=0.0505
2026-02-08 17:09:17.797 | INFO     | src.models.evaluation:evaluate_tsb_ad_nonoverlapping:66 - Anomaly (6777) reconstruction error: mean=0.2780, std=0.2720
2026-02-08 17:09:17.797 | INFO     | src.models.evaluation:evaluate_tsb_ad_nonoverlapping:67 - Overlap? Normal max=0.7609, Anomaly min=0.0030
2026-02-08 17:09:56.652 | INFO     | src.models.evaluation:evaluate_tsb_ad_nonoverlapping:83 - {'AUC-PR': 0.552135976188005, 'AUC-ROC': 0.9078039004902932, 'VUS-PR': np.float64(0.43920200317973945), 'VUS-ROC': np.float64(0.900539075081939), 'Standard-F1': np.float64(0.5453747324296816), 'PA-F1': 0.7703658629345098, 'Event-based-F1': np.float64(0.445980835542617), 'R-based-F1': 0.3208033573767617, 'Affiliation-F': 0.7304854749692141}
2026-02-08 17:09:56.815 | INFO     | src.pipelines.train_vision_backbones:run_pipeline:170 - Train images: 72
2026-02-08 17:09:56.815 | INFO     | src.pipelines.train_vision_backbones:run_pipeline:171 - Test images: 2890
2026-02-08 17:09:57.029 | INFO     | src.pipelines.train_vision_backbones:run_pipeline:176 - Training resnet18_autoencoder_differential_lr on SG
2026-02-08 17:09:57.041 | INFO     | src.models.resnet18_autoencoder.training:train_autoencoder_differential_lr:271 - Device: cuda | Model on: cuda:0
2026-02-08 17:10:14.187 | INFO     | src.pipelines.train_vision_backbones:run_pipeline:193 - Evaluating resnet18_autoencoder_differential_lr on SG
2026-02-08 17:10:16.806 | INFO     | src.models.evaluation:evaluate_tsb_ad_nonoverlapping:65 - Normal (137764) reconstruction error: mean=0.0204, std=0.0454
2026-02-08 17:10:16.806 | INFO     | src.models.evaluation:evaluate_tsb_ad_nonoverlapping:66 - Anomaly (6777) reconstruction error: mean=0.1383, std=0.1172
2026-02-08 17:10:16.806 | INFO     | src.models.evaluation:evaluate_tsb_ad_nonoverlapping:67 - Overlap? Normal max=1.0000, Anomaly min=0.0023
2026-02-08 17:10:54.777 | INFO     | src.models.evaluation:evaluate_tsb_ad_nonoverlapping:83 - {'AUC-PR': 0.4444591380689663, 'AUC-ROC': 0.9130578937386521, 'VUS-PR': np.float64(0.4913633698932079), 'VUS-ROC': np.float64(0.9236817167045523), 'Standard-F1': np.float64(0.508807919720962), 'PA-F1': 0.7506499294362327, 'Event-based-F1': np.float64(0.48925742222265756), 'R-based-F1': 0.35401527929343696, 'Affiliation-F': 0.7674699052275934}
2026-02-08 17:10:54.934 | INFO     | src.pipelines.train_vision_backbones:run_pipeline:170 - Train images: 72
2026-02-08 17:10:54.934 | INFO     | src.pipelines.train_vision_backbones:run_pipeline:171 - Test images: 2890
2026-02-08 17:10:55.932 | INFO     | src.pipelines.train_vision_backbones:run_pipeline:176 - Training pvt_autoencoder_frozen on SG
2026-02-08 17:10:55.955 | INFO     | src.models.pvt_autoencoder.training:train_pvt_autoencoder_frozen:24 - Device: cuda | Model on: cuda:0
2026-02-08 17:11:09.878 | INFO     | src.pipelines.train_vision_backbones:run_pipeline:193 - Evaluating pvt_autoencoder_frozen on SG
2026-02-08 17:11:12.787 | INFO     | src.models.evaluation:evaluate_tsb_ad_nonoverlapping:65 - Normal (137764) reconstruction error: mean=0.0535, std=0.0800
2026-02-08 17:11:12.788 | INFO     | src.models.evaluation:evaluate_tsb_ad_nonoverlapping:66 - Anomaly (6777) reconstruction error: mean=0.2932, std=0.1843
2026-02-08 17:11:12.788 | INFO     | src.models.evaluation:evaluate_tsb_ad_nonoverlapping:67 - Overlap? Normal max=1.0000, Anomaly min=0.0014
2026-02-08 17:11:54.661 | INFO     | src.models.evaluation:evaluate_tsb_ad_nonoverlapping:83 - {'AUC-PR': 0.42623458824281285, 'AUC-ROC': 0.9113121798192758, 'VUS-PR': np.float64(0.31946387121524533), 'VUS-ROC': np.float64(0.8308971062550176), 'Standard-F1': np.float64(0.5371212588975225), 'PA-F1': 0.8194413899274247, 'Event-based-F1': np.float64(0.364241293752455), 'R-based-F1': 0.2480136119048668, 'Affiliation-F': 0.7171120237893482}
2026-02-08 17:11:54.818 | INFO     | src.pipelines.train_vision_backbones:run_pipeline:170 - Train images: 72
2026-02-08 17:11:54.818 | INFO     | src.pipelines.train_vision_backbones:run_pipeline:171 - Test images: 2890
2026-02-08 17:11:55.759 | INFO     | src.pipelines.train_vision_backbones:run_pipeline:176 - Training pvt_autoencoder_progressive_unfreeze on SG
2026-02-08 17:11:55.783 | INFO     | src.models.pvt_autoencoder.training:train_pvt_autoencoder_progressive_unfreeze:132 - Device: cuda | Model on: cuda:0
2026-02-08 17:12:11.557 | INFO     | src.pipelines.train_vision_backbones:run_pipeline:193 - Evaluating pvt_autoencoder_progressive_unfreeze on SG
2026-02-08 17:12:22.278 | INFO     | src.models.evaluation:evaluate_tsb_ad_nonoverlapping:65 - Normal (137764) reconstruction error: mean=0.0455, std=0.0645
2026-02-08 17:12:22.279 | INFO     | src.models.evaluation:evaluate_tsb_ad_nonoverlapping:66 - Anomaly (6777) reconstruction error: mean=0.2817, std=0.1750
2026-02-08 17:12:22.279 | INFO     | src.models.evaluation:evaluate_tsb_ad_nonoverlapping:67 - Overlap? Normal max=1.0000, Anomaly min=0.0027
2026-02-08 17:13:03.336 | INFO     | src.models.evaluation:evaluate_tsb_ad_nonoverlapping:83 - {'AUC-PR': 0.5008581857707332, 'AUC-ROC': 0.9284308335944333, 'VUS-PR': np.float64(0.5787970659345818), 'VUS-ROC': np.float64(0.9387095169630073), 'Standard-F1': np.float64(0.5770801856573371), 'PA-F1': 0.7968015051740357, 'Event-based-F1': np.float64(0.545387489570611), 'R-based-F1': 0.42615280209827655, 'Affiliation-F': 0.788790934717018}
2026-02-08 17:13:03.495 | INFO     | src.pipelines.train_vision_backbones:run_pipeline:170 - Train images: 72
2026-02-08 17:13:03.495 | INFO     | src.pipelines.train_vision_backbones:run_pipeline:171 - Test images: 2890
2026-02-08 17:13:05.464 | INFO     | src.pipelines.train_vision_backbones:run_pipeline:176 - Training pvt_autoencoder_differential_lr on SG
2026-02-08 17:13:05.487 | INFO     | src.models.pvt_autoencoder.training:train_pvt_autoencoder_differential_lr:267 - Device: cuda | Model on: cuda:0
2026-02-08 17:13:18.654 | INFO     | src.pipelines.train_vision_backbones:run_pipeline:193 - Evaluating pvt_autoencoder_differential_lr on SG
2026-02-08 17:13:28.239 | INFO     | src.models.evaluation:evaluate_tsb_ad_nonoverlapping:65 - Normal (137764) reconstruction error: mean=0.0558, std=0.0851
2026-02-08 17:13:28.239 | INFO     | src.models.evaluation:evaluate_tsb_ad_nonoverlapping:66 - Anomaly (6777) reconstruction error: mean=0.4472, std=0.3001
2026-02-08 17:13:28.240 | INFO     | src.models.evaluation:evaluate_tsb_ad_nonoverlapping:67 - Overlap? Normal max=1.0000, Anomaly min=0.0041
2026-02-08 17:14:10.523 | INFO     | src.models.evaluation:evaluate_tsb_ad_nonoverlapping:83 - {'AUC-PR': 0.6121711986284435, 'AUC-ROC': 0.9258742387754605, 'VUS-PR': np.float64(0.4616886168299054), 'VUS-ROC': np.float64(0.8975437095535149), 'Standard-F1': np.float64(0.593229020879837), 'PA-F1': 0.7722757920684405, 'Event-based-F1': np.float64(0.44721269918835704), 'R-based-F1': 0.3380384024097518, 'Affiliation-F': 0.7574475929935011}
2026-02-08 17:14:11.496 | INFO     | src.pipelines.train_vision_backbones:run_pipeline:70 - Using zip: /net/scratch/hscra/plgrid/plgsmendowski12/ts2i_images/IOPS/274_IOPS_id_15_WebService_tr_4591_1st_4691_ts2i_GASF.zip for transformation GASF
2026-02-08 17:14:15.026 | INFO     | src.pipelines.train_vision_backbones:run_pipeline:170 - Train images: 72
2026-02-08 17:14:15.026 | INFO     | src.pipelines.train_vision_backbones:run_pipeline:171 - Test images: 2890
2026-02-08 17:14:15.033 | INFO     | src.pipelines.train_vision_backbones:run_pipeline:176 - Training cnn_autoencoder on GASF
2026-02-08 17:14:15.037 | INFO     | src.models.cnn_autoencoder.training:train_autoencoder:22 - Device: cuda | Model on: cuda:0
2026-02-08 17:14:33.961 | INFO     | src.pipelines.train_vision_backbones:run_pipeline:193 - Evaluating cnn_autoencoder on GASF
2026-02-08 17:14:37.275 | INFO     | src.models.evaluation:evaluate_tsb_ad_nonoverlapping:65 - Normal (137764) reconstruction error: mean=0.0376, std=0.0589
2026-02-08 17:14:37.276 | INFO     | src.models.evaluation:evaluate_tsb_ad_nonoverlapping:66 - Anomaly (6777) reconstruction error: mean=0.0518, std=0.0716
2026-02-08 17:14:37.276 | INFO     | src.models.evaluation:evaluate_tsb_ad_nonoverlapping:67 - Overlap? Normal max=1.0000, Anomaly min=0.0007
2026-02-08 17:15:16.659 | INFO     | src.models.evaluation:evaluate_tsb_ad_nonoverlapping:83 - {'AUC-PR': 0.09421132400627799, 'AUC-ROC': 0.5946257624305891, 'VUS-PR': np.float64(0.3547560687612712), 'VUS-ROC': np.float64(0.7847550660302754), 'Standard-F1': np.float64(0.21523931940047475), 'PA-F1': 0.6724115588959441, 'Event-based-F1': np.float64(0.3320019862259545), 'R-based-F1': 0.30126167450499475, 'Affiliation-F': 0.8174799966143863}
2026-02-08 17:15:16.814 | INFO     | src.pipelines.train_vision_backbones:run_pipeline:170 - Train images: 72
2026-02-08 17:15:16.814 | INFO     | src.pipelines.train_vision_backbones:run_pipeline:171 - Test images: 2890
2026-02-08 17:15:17.032 | INFO     | src.pipelines.train_vision_backbones:run_pipeline:176 - Training resnet18_autoencoder_frozen on GASF
2026-02-08 17:15:17.045 | INFO     | src.models.resnet18_autoencoder.training:train_autoencoder_frozen:25 - Device: cuda | Model on: cuda:0
2026-02-08 17:15:33.474 | INFO     | src.pipelines.train_vision_backbones:run_pipeline:193 - Evaluating resnet18_autoencoder_frozen on GASF
2026-02-08 17:15:36.125 | INFO     | src.models.evaluation:evaluate_tsb_ad_nonoverlapping:65 - Normal (137764) reconstruction error: mean=0.0417, std=0.0715
2026-02-08 17:15:36.125 | INFO     | src.models.evaluation:evaluate_tsb_ad_nonoverlapping:66 - Anomaly (6777) reconstruction error: mean=0.0728, std=0.0959
2026-02-08 17:15:36.125 | INFO     | src.models.evaluation:evaluate_tsb_ad_nonoverlapping:67 - Overlap? Normal max=1.0000, Anomaly min=0.0066
2026-02-08 17:16:16.014 | INFO     | src.models.evaluation:evaluate_tsb_ad_nonoverlapping:83 - {'AUC-PR': 0.11473166234132509, 'AUC-ROC': 0.6433335934158896, 'VUS-PR': np.float64(0.4361683834976734), 'VUS-ROC': np.float64(0.8474433284045195), 'Standard-F1': np.float64(0.25131626489015846), 'PA-F1': 0.6973380711925691, 'Event-based-F1': np.float64(0.34256867971047394), 'R-based-F1': 0.31480495262927555, 'Affiliation-F': 0.8751907819456172}
2026-02-08 17:16:16.170 | INFO     | src.pipelines.train_vision_backbones:run_pipeline:170 - Train images: 72
2026-02-08 17:16:16.171 | INFO     | src.pipelines.train_vision_backbones:run_pipeline:171 - Test images: 2890
2026-02-08 17:16:16.381 | INFO     | src.pipelines.train_vision_backbones:run_pipeline:176 - Training resnet18_autoencoder_progressive_unfreeze on GASF
2026-02-08 17:16:16.394 | INFO     | src.models.resnet18_autoencoder.training:train_autoencoder_progressive_unfreeze:133 - Device: cuda | Model on: cuda:0
2026-02-08 17:16:36.577 | INFO     | src.pipelines.train_vision_backbones:run_pipeline:193 - Evaluating resnet18_autoencoder_progressive_unfreeze on GASF
2026-02-08 17:16:40.256 | INFO     | src.models.evaluation:evaluate_tsb_ad_nonoverlapping:65 - Normal (137764) reconstruction error: mean=0.0313, std=0.0697
2026-02-08 17:16:40.256 | INFO     | src.models.evaluation:evaluate_tsb_ad_nonoverlapping:66 - Anomaly (6777) reconstruction error: mean=0.0601, std=0.0920
2026-02-08 17:16:40.256 | INFO     | src.models.evaluation:evaluate_tsb_ad_nonoverlapping:67 - Overlap? Normal max=1.0000, Anomaly min=0.0030
2026-02-08 17:17:19.148 | INFO     | src.models.evaluation:evaluate_tsb_ad_nonoverlapping:83 - {'AUC-PR': 0.11617330367612558, 'AUC-ROC': 0.6507765195188928, 'VUS-PR': np.float64(0.44450715849051453), 'VUS-ROC': np.float64(0.8554640470351577), 'Standard-F1': np.float64(0.25411059901761746), 'PA-F1': 0.6907268170426065, 'Event-based-F1': np.float64(0.37141753156879537), 'R-based-F1': 0.33723717304493, 'Affiliation-F': 0.8753354230789916}
2026-02-08 17:17:19.305 | INFO     | src.pipelines.train_vision_backbones:run_pipeline:170 - Train images: 72
2026-02-08 17:17:19.305 | INFO     | src.pipelines.train_vision_backbones:run_pipeline:171 - Test images: 2890
2026-02-08 17:17:19.518 | INFO     | src.pipelines.train_vision_backbones:run_pipeline:176 - Training resnet18_autoencoder_differential_lr on GASF
2026-02-08 17:17:19.531 | INFO     | src.models.resnet18_autoencoder.training:train_autoencoder_differential_lr:271 - Device: cuda | Model on: cuda:0
2026-02-08 17:17:43.268 | INFO     | src.pipelines.train_vision_backbones:run_pipeline:193 - Evaluating resnet18_autoencoder_differential_lr on GASF
2026-02-08 17:18:01.462 | INFO     | src.models.evaluation:evaluate_tsb_ad_nonoverlapping:65 - Normal (137764) reconstruction error: mean=0.0334, std=0.0671
2026-02-08 17:18:01.462 | INFO     | src.models.evaluation:evaluate_tsb_ad_nonoverlapping:66 - Anomaly (6777) reconstruction error: mean=0.0643, std=0.0902
2026-02-08 17:18:01.462 | INFO     | src.models.evaluation:evaluate_tsb_ad_nonoverlapping:67 - Overlap? Normal max=1.0000, Anomaly min=0.0017
2026-02-08 17:18:40.855 | INFO     | src.models.evaluation:evaluate_tsb_ad_nonoverlapping:83 - {'AUC-PR': 0.11909235281199618, 'AUC-ROC': 0.6570494265080022, 'VUS-PR': np.float64(0.4499557175262874), 'VUS-ROC': np.float64(0.8594494055127848), 'Standard-F1': np.float64(0.24928420406479693), 'PA-F1': 0.7008189776899181, 'Event-based-F1': np.float64(0.38474567505365737), 'R-based-F1': 0.3506438314920691, 'Affiliation-F': 0.8855165729028254}
2026-02-08 17:18:41.063 | INFO     | src.pipelines.train_vision_backbones:run_pipeline:170 - Train images: 72
2026-02-08 17:18:41.064 | INFO     | src.pipelines.train_vision_backbones:run_pipeline:171 - Test images: 2890
2026-02-08 17:18:42.045 | INFO     | src.pipelines.train_vision_backbones:run_pipeline:176 - Training pvt_autoencoder_frozen on GASF
2026-02-08 17:18:42.067 | INFO     | src.models.pvt_autoencoder.training:train_pvt_autoencoder_frozen:24 - Device: cuda | Model on: cuda:0
2026-02-08 17:18:59.854 | INFO     | src.pipelines.train_vision_backbones:run_pipeline:193 - Evaluating pvt_autoencoder_frozen on GASF
2026-02-08 17:19:07.597 | INFO     | src.models.evaluation:evaluate_tsb_ad_nonoverlapping:65 - Normal (137764) reconstruction error: mean=0.0389, std=0.0658
2026-02-08 17:19:07.597 | INFO     | src.models.evaluation:evaluate_tsb_ad_nonoverlapping:66 - Anomaly (6777) reconstruction error: mean=0.0684, std=0.0869
2026-02-08 17:19:07.597 | INFO     | src.models.evaluation:evaluate_tsb_ad_nonoverlapping:67 - Overlap? Normal max=1.0000, Anomaly min=0.0081
2026-02-08 17:19:47.300 | INFO     | src.models.evaluation:evaluate_tsb_ad_nonoverlapping:83 - {'AUC-PR': 0.1196378162313945, 'AUC-ROC': 0.6751359382821716, 'VUS-PR': np.float64(0.4296354246681696), 'VUS-ROC': np.float64(0.8634237791394738), 'Standard-F1': np.float64(0.23911063374352395), 'PA-F1': 0.7095179233621756, 'Event-based-F1': np.float64(0.36234719812805066), 'R-based-F1': 0.33350322580753955, 'Affiliation-F': 0.850397212690485}
2026-02-08 17:19:47.467 | INFO     | src.pipelines.train_vision_backbones:run_pipeline:170 - Train images: 72
2026-02-08 17:19:47.467 | INFO     | src.pipelines.train_vision_backbones:run_pipeline:171 - Test images: 2890
2026-02-08 17:19:48.418 | INFO     | src.pipelines.train_vision_backbones:run_pipeline:176 - Training pvt_autoencoder_progressive_unfreeze on GASF
2026-02-08 17:19:48.442 | INFO     | src.models.pvt_autoencoder.training:train_pvt_autoencoder_progressive_unfreeze:132 - Device: cuda | Model on: cuda:0
2026-02-08 17:20:17.609 | INFO     | src.pipelines.train_vision_backbones:run_pipeline:193 - Evaluating pvt_autoencoder_progressive_unfreeze on GASF
2026-02-08 17:20:29.403 | INFO     | src.models.evaluation:evaluate_tsb_ad_nonoverlapping:65 - Normal (137764) reconstruction error: mean=0.0376, std=0.0659
2026-02-08 17:20:29.404 | INFO     | src.models.evaluation:evaluate_tsb_ad_nonoverlapping:66 - Anomaly (6777) reconstruction error: mean=0.0624, std=0.0843
2026-02-08 17:20:29.404 | INFO     | src.models.evaluation:evaluate_tsb_ad_nonoverlapping:67 - Overlap? Normal max=1.0000, Anomaly min=0.0086
2026-02-08 17:21:08.838 | INFO     | src.models.evaluation:evaluate_tsb_ad_nonoverlapping:83 - {'AUC-PR': 0.11580440848960427, 'AUC-ROC': 0.647836594802007, 'VUS-PR': np.float64(0.43542056115331534), 'VUS-ROC': np.float64(0.8541659633375075), 'Standard-F1': np.float64(0.24237094578788224), 'PA-F1': 0.7201954965962646, 'Event-based-F1': np.float64(0.35931939972378946), 'R-based-F1': 0.32968603227861853, 'Affiliation-F': 0.8704046191488632}
2026-02-08 17:21:09.005 | INFO     | src.pipelines.train_vision_backbones:run_pipeline:170 - Train images: 72
2026-02-08 17:21:09.005 | INFO     | src.pipelines.train_vision_backbones:run_pipeline:171 - Test images: 2890
2026-02-08 17:21:09.942 | INFO     | src.pipelines.train_vision_backbones:run_pipeline:176 - Training pvt_autoencoder_differential_lr on GASF
2026-02-08 17:21:09.965 | INFO     | src.models.pvt_autoencoder.training:train_pvt_autoencoder_differential_lr:267 - Device: cuda | Model on: cuda:0
2026-02-08 17:21:37.941 | INFO     | src.pipelines.train_vision_backbones:run_pipeline:193 - Evaluating pvt_autoencoder_differential_lr on GASF
2026-02-08 17:21:48.184 | INFO     | src.models.evaluation:evaluate_tsb_ad_nonoverlapping:65 - Normal (137764) reconstruction error: mean=0.0434, std=0.0682
2026-02-08 17:21:48.185 | INFO     | src.models.evaluation:evaluate_tsb_ad_nonoverlapping:66 - Anomaly (6777) reconstruction error: mean=0.0725, std=0.0902
2026-02-08 17:21:48.185 | INFO     | src.models.evaluation:evaluate_tsb_ad_nonoverlapping:67 - Overlap? Normal max=1.0000, Anomaly min=0.0083
2026-02-08 17:22:28.171 | INFO     | src.models.evaluation:evaluate_tsb_ad_nonoverlapping:83 - {'AUC-PR': 0.11620727884190737, 'AUC-ROC': 0.6633761655092811, 'VUS-PR': np.float64(0.42611295643175884), 'VUS-ROC': np.float64(0.8549040262577693), 'Standard-F1': np.float64(0.23072412843231802), 'PA-F1': 0.7062853228292516, 'Event-based-F1': np.float64(0.35610291638954394), 'R-based-F1': 0.3236971833579726, 'Affiliation-F': 0.8703541063288408}
2026-02-08 17:22:29.039 | INFO     | src.pipelines.train_vision_backbones:run_pipeline:70 - Using zip: /net/scratch/hscra/plgrid/plgsmendowski12/ts2i_images/IOPS/274_IOPS_id_15_WebService_tr_4591_1st_4691_ts2i_GADF.zip for transformation GADF
2026-02-08 17:22:32.794 | INFO     | src.pipelines.train_vision_backbones:run_pipeline:170 - Train images: 72
2026-02-08 17:22:32.794 | INFO     | src.pipelines.train_vision_backbones:run_pipeline:171 - Test images: 2890
2026-02-08 17:22:32.801 | INFO     | src.pipelines.train_vision_backbones:run_pipeline:176 - Training cnn_autoencoder on GADF
2026-02-08 17:22:32.805 | INFO     | src.models.cnn_autoencoder.training:train_autoencoder:22 - Device: cuda | Model on: cuda:0
2026-02-08 17:22:58.821 | INFO     | src.pipelines.train_vision_backbones:run_pipeline:193 - Evaluating cnn_autoencoder on GADF
2026-02-08 17:23:01.296 | INFO     | src.models.evaluation:evaluate_tsb_ad_nonoverlapping:65 - Normal (137764) reconstruction error: mean=0.4598, std=0.1475
2026-02-08 17:23:01.296 | INFO     | src.models.evaluation:evaluate_tsb_ad_nonoverlapping:66 - Anomaly (6777) reconstruction error: mean=0.4109, std=0.1480
2026-02-08 17:23:01.297 | INFO     | src.models.evaluation:evaluate_tsb_ad_nonoverlapping:67 - Overlap? Normal max=1.0000, Anomaly min=0.0000
2026-02-08 17:24:16.737 | INFO     | src.models.evaluation:evaluate_tsb_ad_nonoverlapping:83 - {'AUC-PR': 0.03780410524068806, 'AUC-ROC': 0.4057821940142864, 'VUS-PR': np.float64(0.05260026485160517), 'VUS-ROC': np.float64(0.3755347481289785), 'Standard-F1': np.float64(0.08957209672078456), 'PA-F1': 0.2910521140609636, 'Event-based-F1': np.float64(0.08951750888252821), 'R-based-F1': 0.12015060887207979, 'Affiliation-F': 0.6755768156769106}
2026-02-08 17:24:17.029 | INFO     | src.pipelines.train_vision_backbones:run_pipeline:170 - Train images: 72
2026-02-08 17:24:17.029 | INFO     | src.pipelines.train_vision_backbones:run_pipeline:171 - Test images: 2890
2026-02-08 17:24:17.253 | INFO     | src.pipelines.train_vision_backbones:run_pipeline:176 - Training resnet18_autoencoder_frozen on GADF
2026-02-08 17:24:17.266 | INFO     | src.models.resnet18_autoencoder.training:train_autoencoder_frozen:25 - Device: cuda | Model on: cuda:0
2026-02-08 17:24:23.495 | INFO     | src.pipelines.train_vision_backbones:run_pipeline:193 - Evaluating resnet18_autoencoder_frozen on GADF
2026-02-08 17:24:26.660 | INFO     | src.models.evaluation:evaluate_tsb_ad_nonoverlapping:65 - Normal (137764) reconstruction error: mean=0.4841, std=0.1157
2026-02-08 17:24:26.660 | INFO     | src.models.evaluation:evaluate_tsb_ad_nonoverlapping:66 - Anomaly (6777) reconstruction error: mean=0.5022, std=0.1854
2026-02-08 17:24:26.660 | INFO     | src.models.evaluation:evaluate_tsb_ad_nonoverlapping:67 - Overlap? Normal max=1.0000, Anomaly min=0.0000
2026-02-08 17:25:43.240 | INFO     | src.models.evaluation:evaluate_tsb_ad_nonoverlapping:83 - {'AUC-PR': 0.10230516544479559, 'AUC-ROC': 0.4992025993286044, 'VUS-PR': np.float64(0.11291349129529046), 'VUS-ROC': np.float64(0.4764606038473773), 'Standard-F1': np.float64(0.18704637044485137), 'PA-F1': 0.6748965873836608, 'Event-based-F1': np.float64(0.25422268528722225), 'R-based-F1': 0.19147510831628586, 'Affiliation-F': 0.676697710430618}
2026-02-08 17:25:43.394 | INFO     | src.pipelines.train_vision_backbones:run_pipeline:170 - Train images: 72
2026-02-08 17:25:43.394 | INFO     | src.pipelines.train_vision_backbones:run_pipeline:171 - Test images: 2890
2026-02-08 17:25:43.604 | INFO     | src.pipelines.train_vision_backbones:run_pipeline:176 - Training resnet18_autoencoder_progressive_unfreeze on GADF
2026-02-08 17:25:43.617 | INFO     | src.models.resnet18_autoencoder.training:train_autoencoder_progressive_unfreeze:133 - Device: cuda | Model on: cuda:0
2026-02-08 17:25:51.174 | INFO     | src.pipelines.train_vision_backbones:run_pipeline:193 - Evaluating resnet18_autoencoder_progressive_unfreeze on GADF
2026-02-08 17:26:06.375 | INFO     | src.models.evaluation:evaluate_tsb_ad_nonoverlapping:65 - Normal (137764) reconstruction error: mean=0.4842, std=0.1157
2026-02-08 17:26:06.375 | INFO     | src.models.evaluation:evaluate_tsb_ad_nonoverlapping:66 - Anomaly (6777) reconstruction error: mean=0.5021, std=0.1855
2026-02-08 17:26:06.376 | INFO     | src.models.evaluation:evaluate_tsb_ad_nonoverlapping:67 - Overlap? Normal max=1.0000, Anomaly min=0.0000
2026-02-08 17:27:23.325 | INFO     | src.models.evaluation:evaluate_tsb_ad_nonoverlapping:83 - {'AUC-PR': 0.10160407257578886, 'AUC-ROC': 0.4986460599322152, 'VUS-PR': np.float64(0.11260917267362701), 'VUS-ROC': np.float64(0.4759713983958161), 'Standard-F1': np.float64(0.18704637044485137), 'PA-F1': 0.6748965873836608, 'Event-based-F1': np.float64(0.25422268528722225), 'R-based-F1': 0.19147510831628586, 'Affiliation-F': 0.676697710430618}
2026-02-08 17:27:23.483 | INFO     | src.pipelines.train_vision_backbones:run_pipeline:170 - Train images: 72
2026-02-08 17:27:23.483 | INFO     | src.pipelines.train_vision_backbones:run_pipeline:171 - Test images: 2890
2026-02-08 17:27:23.694 | INFO     | src.pipelines.train_vision_backbones:run_pipeline:176 - Training resnet18_autoencoder_differential_lr on GADF
2026-02-08 17:27:23.707 | INFO     | src.models.resnet18_autoencoder.training:train_autoencoder_differential_lr:271 - Device: cuda | Model on: cuda:0
2026-02-08 17:27:30.749 | INFO     | src.pipelines.train_vision_backbones:run_pipeline:193 - Evaluating resnet18_autoencoder_differential_lr on GADF
2026-02-08 17:27:43.598 | INFO     | src.models.evaluation:evaluate_tsb_ad_nonoverlapping:65 - Normal (137764) reconstruction error: mean=0.4838, std=0.1157
2026-02-08 17:27:43.599 | INFO     | src.models.evaluation:evaluate_tsb_ad_nonoverlapping:66 - Anomaly (6777) reconstruction error: mean=0.5018, std=0.1854
2026-02-08 17:27:43.599 | INFO     | src.models.evaluation:evaluate_tsb_ad_nonoverlapping:67 - Overlap? Normal max=1.0000, Anomaly min=0.0000
2026-02-08 17:29:00.083 | INFO     | src.models.evaluation:evaluate_tsb_ad_nonoverlapping:83 - {'AUC-PR': 0.10221930058473878, 'AUC-ROC': 0.4988210228082741, 'VUS-PR': np.float64(0.1129229340862643), 'VUS-ROC': np.float64(0.47601122171743177), 'Standard-F1': np.float64(0.18704637044485137), 'PA-F1': 0.6748965873836608, 'Event-based-F1': np.float64(0.25422268528722225), 'R-based-F1': 0.19147510831628586, 'Affiliation-F': 0.676697710430618}
2026-02-08 17:29:00.295 | INFO     | src.pipelines.train_vision_backbones:run_pipeline:170 - Train images: 72
2026-02-08 17:29:00.295 | INFO     | src.pipelines.train_vision_backbones:run_pipeline:171 - Test images: 2890
2026-02-08 17:29:01.264 | INFO     | src.pipelines.train_vision_backbones:run_pipeline:176 - Training pvt_autoencoder_frozen on GADF
2026-02-08 17:29:01.291 | INFO     | src.models.pvt_autoencoder.training:train_pvt_autoencoder_frozen:24 - Device: cuda | Model on: cuda:0
2026-02-08 17:29:04.466 | INFO     | src.pipelines.train_vision_backbones:run_pipeline:193 - Evaluating pvt_autoencoder_frozen on GADF
2026-02-08 17:29:19.229 | INFO     | src.models.evaluation:evaluate_tsb_ad_nonoverlapping:65 - Normal (137764) reconstruction error: mean=0.4842, std=0.1156
2026-02-08 17:29:19.229 | INFO     | src.models.evaluation:evaluate_tsb_ad_nonoverlapping:66 - Anomaly (6777) reconstruction error: mean=0.5022, std=0.1852
2026-02-08 17:29:19.229 | INFO     | src.models.evaluation:evaluate_tsb_ad_nonoverlapping:67 - Overlap? Normal max=1.0000, Anomaly min=0.0000
2026-02-08 17:30:35.361 | INFO     | src.models.evaluation:evaluate_tsb_ad_nonoverlapping:83 - {'AUC-PR': 0.10210534209592112, 'AUC-ROC': 0.4989500893926945, 'VUS-PR': np.float64(0.11298100612951542), 'VUS-ROC': np.float64(0.4760224588465255), 'Standard-F1': np.float64(0.18704637044485137), 'PA-F1': 0.6748965873836608, 'Event-based-F1': np.float64(0.25422268528722225), 'R-based-F1': 0.19147510831628586, 'Affiliation-F': 0.676697710430618}
2026-02-08 17:30:35.515 | INFO     | src.pipelines.train_vision_backbones:run_pipeline:170 - Train images: 72
2026-02-08 17:30:35.515 | INFO     | src.pipelines.train_vision_backbones:run_pipeline:171 - Test images: 2890
2026-02-08 17:30:36.482 | INFO     | src.pipelines.train_vision_backbones:run_pipeline:176 - Training pvt_autoencoder_progressive_unfreeze on GADF
2026-02-08 17:30:36.509 | INFO     | src.models.pvt_autoencoder.training:train_pvt_autoencoder_progressive_unfreeze:132 - Device: cuda | Model on: cuda:0
2026-02-08 17:30:39.497 | INFO     | src.pipelines.train_vision_backbones:run_pipeline:193 - Evaluating pvt_autoencoder_progressive_unfreeze on GADF
2026-02-08 17:30:54.454 | INFO     | src.models.evaluation:evaluate_tsb_ad_nonoverlapping:65 - Normal (137764) reconstruction error: mean=0.4839, std=0.1156
2026-02-08 17:30:54.454 | INFO     | src.models.evaluation:evaluate_tsb_ad_nonoverlapping:66 - Anomaly (6777) reconstruction error: mean=0.5019, std=0.1852
2026-02-08 17:30:54.454 | INFO     | src.models.evaluation:evaluate_tsb_ad_nonoverlapping:67 - Overlap? Normal max=1.0000, Anomaly min=0.0000
2026-02-08 17:32:10.930 | INFO     | src.models.evaluation:evaluate_tsb_ad_nonoverlapping:83 - {'AUC-PR': 0.10211047819220184, 'AUC-ROC': 0.4989051035292451, 'VUS-PR': np.float64(0.11296273090563048), 'VUS-ROC': np.float64(0.47621764948311246), 'Standard-F1': np.float64(0.18704637044485137), 'PA-F1': 0.6748965873836608, 'Event-based-F1': np.float64(0.25422268528722225), 'R-based-F1': 0.19147510831628586, 'Affiliation-F': 0.676697710430618}
2026-02-08 17:32:11.087 | INFO     | src.pipelines.train_vision_backbones:run_pipeline:170 - Train images: 72
2026-02-08 17:32:11.087 | INFO     | src.pipelines.train_vision_backbones:run_pipeline:171 - Test images: 2890
2026-02-08 17:32:12.049 | INFO     | src.pipelines.train_vision_backbones:run_pipeline:176 - Training pvt_autoencoder_differential_lr on GADF
2026-02-08 17:32:12.073 | INFO     | src.models.pvt_autoencoder.training:train_pvt_autoencoder_differential_lr:267 - Device: cuda | Model on: cuda:0
2026-02-08 17:32:26.345 | INFO     | src.pipelines.train_vision_backbones:run_pipeline:193 - Evaluating pvt_autoencoder_differential_lr on GADF
2026-02-08 17:32:41.030 | INFO     | src.models.evaluation:evaluate_tsb_ad_nonoverlapping:65 - Normal (137764) reconstruction error: mean=0.4714, std=0.1121
2026-02-08 17:32:41.031 | INFO     | src.models.evaluation:evaluate_tsb_ad_nonoverlapping:66 - Anomaly (6777) reconstruction error: mean=0.4759, std=0.1676
2026-02-08 17:32:41.031 | INFO     | src.models.evaluation:evaluate_tsb_ad_nonoverlapping:67 - Overlap? Normal max=1.0000, Anomaly min=0.0000
2026-02-08 17:33:56.044 | INFO     | src.models.evaluation:evaluate_tsb_ad_nonoverlapping:83 - {'AUC-PR': 0.07810897141398528, 'AUC-ROC': 0.4812428127317722, 'VUS-PR': np.float64(0.09321581529768888), 'VUS-ROC': np.float64(0.46534444503961236), 'Standard-F1': np.float64(0.15458871770366062), 'PA-F1': 0.6292969040017818, 'Event-based-F1': np.float64(0.2248707068028108), 'R-based-F1': 0.16814609963019764, 'Affiliation-F': 0.676697710430618}
2026-02-08 17:33:56.855 | INFO     | src.pipelines.train_vision_backbones:run_pipeline:70 - Using zip: /net/scratch/hscra/plgrid/plgsmendowski12/ts2i_images/IOPS/274_IOPS_id_15_WebService_tr_4591_1st_4691_ts2i_MTF.zip for transformation MTF
2026-02-08 17:34:00.533 | INFO     | src.pipelines.train_vision_backbones:run_pipeline:170 - Train images: 72
2026-02-08 17:34:00.533 | INFO     | src.pipelines.train_vision_backbones:run_pipeline:171 - Test images: 2890
2026-02-08 17:34:00.539 | INFO     | src.pipelines.train_vision_backbones:run_pipeline:176 - Training cnn_autoencoder on MTF
2026-02-08 17:34:00.544 | INFO     | src.models.cnn_autoencoder.training:train_autoencoder:22 - Device: cuda | Model on: cuda:0
2026-02-08 17:34:27.322 | INFO     | src.pipelines.train_vision_backbones:run_pipeline:193 - Evaluating cnn_autoencoder on MTF
2026-02-08 17:34:29.924 | INFO     | src.models.evaluation:evaluate_tsb_ad_nonoverlapping:65 - Normal (137764) reconstruction error: mean=0.2308, std=0.1192
2026-02-08 17:34:29.924 | INFO     | src.models.evaluation:evaluate_tsb_ad_nonoverlapping:66 - Anomaly (6777) reconstruction error: mean=0.3175, std=0.1822
2026-02-08 17:34:29.924 | INFO     | src.models.evaluation:evaluate_tsb_ad_nonoverlapping:67 - Overlap? Normal max=1.0000, Anomaly min=0.0396
2026-02-08 17:35:27.186 | INFO     | src.models.evaluation:evaluate_tsb_ad_nonoverlapping:83 - {'AUC-PR': 0.12016507033385218, 'AUC-ROC': 0.6352786067922648, 'VUS-PR': np.float64(0.18737288777999608), 'VUS-ROC': np.float64(0.7461817944124578), 'Standard-F1': np.float64(0.21149028350876642), 'PA-F1': 0.6454539726545271, 'Event-based-F1': np.float64(0.2744891695167933), 'R-based-F1': 0.22924776134562835, 'Affiliation-F': 0.7066275892903284}
2026-02-08 17:35:27.339 | INFO     | src.pipelines.train_vision_backbones:run_pipeline:170 - Train images: 72
2026-02-08 17:35:27.339 | INFO     | src.pipelines.train_vision_backbones:run_pipeline:171 - Test images: 2890
2026-02-08 17:35:27.559 | INFO     | src.pipelines.train_vision_backbones:run_pipeline:176 - Training resnet18_autoencoder_frozen on MTF
2026-02-08 17:35:27.572 | INFO     | src.models.resnet18_autoencoder.training:train_autoencoder_frozen:25 - Device: cuda | Model on: cuda:0
2026-02-08 17:35:51.694 | INFO     | src.pipelines.train_vision_backbones:run_pipeline:193 - Evaluating resnet18_autoencoder_frozen on MTF
2026-02-08 17:35:54.551 | INFO     | src.models.evaluation:evaluate_tsb_ad_nonoverlapping:65 - Normal (137764) reconstruction error: mean=0.2541, std=0.1336
2026-02-08 17:35:54.551 | INFO     | src.models.evaluation:evaluate_tsb_ad_nonoverlapping:66 - Anomaly (6777) reconstruction error: mean=0.3498, std=0.2060
2026-02-08 17:35:54.551 | INFO     | src.models.evaluation:evaluate_tsb_ad_nonoverlapping:67 - Overlap? Normal max=1.0000, Anomaly min=0.0410
2026-02-08 17:36:54.068 | INFO     | src.models.evaluation:evaluate_tsb_ad_nonoverlapping:83 - {'AUC-PR': 0.11811310885061013, 'AUC-ROC': 0.6294691045380083, 'VUS-PR': np.float64(0.20068931739250434), 'VUS-ROC': np.float64(0.7485722763921563), 'Standard-F1': np.float64(0.19615871667284324), 'PA-F1': 0.6867242835791799, 'Event-based-F1': np.float64(0.30457812794274547), 'R-based-F1': 0.2636152972830056, 'Affiliation-F': 0.710157253296477}
2026-02-08 17:36:54.223 | INFO     | src.pipelines.train_vision_backbones:run_pipeline:170 - Train images: 72
2026-02-08 17:36:54.223 | INFO     | src.pipelines.train_vision_backbones:run_pipeline:171 - Test images: 2890
2026-02-08 17:36:54.434 | INFO     | src.pipelines.train_vision_backbones:run_pipeline:176 - Training resnet18_autoencoder_progressive_unfreeze on MTF
2026-02-08 17:36:54.448 | INFO     | src.models.resnet18_autoencoder.training:train_autoencoder_progressive_unfreeze:133 - Device: cuda | Model on: cuda:0
2026-02-08 17:37:26.243 | INFO     | src.pipelines.train_vision_backbones:run_pipeline:193 - Evaluating resnet18_autoencoder_progressive_unfreeze on MTF
2026-02-08 17:37:28.804 | INFO     | src.models.evaluation:evaluate_tsb_ad_nonoverlapping:65 - Normal (137764) reconstruction error: mean=0.2238, std=0.1163
2026-02-08 17:37:28.805 | INFO     | src.models.evaluation:evaluate_tsb_ad_nonoverlapping:66 - Anomaly (6777) reconstruction error: mean=0.3063, std=0.1798
2026-02-08 17:37:28.805 | INFO     | src.models.evaluation:evaluate_tsb_ad_nonoverlapping:67 - Overlap? Normal max=1.0000, Anomaly min=0.0325
2026-02-08 17:38:25.597 | INFO     | src.models.evaluation:evaluate_tsb_ad_nonoverlapping:83 - {'AUC-PR': 0.11802486303562336, 'AUC-ROC': 0.6284196004101116, 'VUS-PR': np.float64(0.19269094609068868), 'VUS-ROC': np.float64(0.7459381893075857), 'Standard-F1': np.float64(0.2063339901766245), 'PA-F1': 0.6986075589656152, 'Event-based-F1': np.float64(0.282234459934343), 'R-based-F1': 0.23614787431389775, 'Affiliation-F': 0.7115789973279272}
2026-02-08 17:38:25.754 | INFO     | src.pipelines.train_vision_backbones:run_pipeline:170 - Train images: 72
2026-02-08 17:38:25.754 | INFO     | src.pipelines.train_vision_backbones:run_pipeline:171 - Test images: 2890
2026-02-08 17:38:25.965 | INFO     | src.pipelines.train_vision_backbones:run_pipeline:176 - Training resnet18_autoencoder_differential_lr on MTF
2026-02-08 17:38:25.979 | INFO     | src.models.resnet18_autoencoder.training:train_autoencoder_differential_lr:271 - Device: cuda | Model on: cuda:0
2026-02-08 17:38:56.919 | INFO     | src.pipelines.train_vision_backbones:run_pipeline:193 - Evaluating resnet18_autoencoder_differential_lr on MTF
2026-02-08 17:39:00.660 | INFO     | src.models.evaluation:evaluate_tsb_ad_nonoverlapping:65 - Normal (137764) reconstruction error: mean=0.2375, std=0.1197
2026-02-08 17:39:00.661 | INFO     | src.models.evaluation:evaluate_tsb_ad_nonoverlapping:66 - Anomaly (6777) reconstruction error: mean=0.3206, std=0.1831
2026-02-08 17:39:00.661 | INFO     | src.models.evaluation:evaluate_tsb_ad_nonoverlapping:67 - Overlap? Normal max=1.0000, Anomaly min=0.0353
2026-02-08 17:39:58.385 | INFO     | src.models.evaluation:evaluate_tsb_ad_nonoverlapping:83 - {'AUC-PR': 0.11884787276132741, 'AUC-ROC': 0.6271295386617871, 'VUS-PR': np.float64(0.1844740329761452), 'VUS-ROC': np.float64(0.7381459808839383), 'Standard-F1': np.float64(0.18838667624879296), 'PA-F1': 0.703298063238661, 'Event-based-F1': np.float64(0.284534320706351), 'R-based-F1': 0.24348985001279871, 'Affiliation-F': 0.7076867263834654}
2026-02-08 17:39:58.541 | INFO     | src.pipelines.train_vision_backbones:run_pipeline:170 - Train images: 72
2026-02-08 17:39:58.542 | INFO     | src.pipelines.train_vision_backbones:run_pipeline:171 - Test images: 2890
2026-02-08 17:39:59.518 | INFO     | src.pipelines.train_vision_backbones:run_pipeline:176 - Training pvt_autoencoder_frozen on MTF
2026-02-08 17:39:59.540 | INFO     | src.models.pvt_autoencoder.training:train_pvt_autoencoder_frozen:24 - Device: cuda | Model on: cuda:0
2026-02-08 17:40:27.144 | INFO     | src.pipelines.train_vision_backbones:run_pipeline:193 - Evaluating pvt_autoencoder_frozen on MTF
2026-02-08 17:40:45.134 | INFO     | src.models.evaluation:evaluate_tsb_ad_nonoverlapping:65 - Normal (137764) reconstruction error: mean=0.2485, std=0.1277
2026-02-08 17:40:45.135 | INFO     | src.models.evaluation:evaluate_tsb_ad_nonoverlapping:66 - Anomaly (6777) reconstruction error: mean=0.3413, std=0.1961
2026-02-08 17:40:45.135 | INFO     | src.models.evaluation:evaluate_tsb_ad_nonoverlapping:67 - Overlap? Normal max=1.0000, Anomaly min=0.0345
2026-02-08 17:41:44.488 | INFO     | src.models.evaluation:evaluate_tsb_ad_nonoverlapping:83 - {'AUC-PR': 0.12276897297184686, 'AUC-ROC': 0.6329973468794423, 'VUS-PR': np.float64(0.18376261281205136), 'VUS-ROC': np.float64(0.7374226280255882), 'Standard-F1': np.float64(0.20540188443056978), 'PA-F1': 0.7578973970179429, 'Event-based-F1': np.float64(0.30085959885386776), 'R-based-F1': 0.24099641257300503, 'Affiliation-F': 0.7020833310297847}
2026-02-08 17:41:44.644 | INFO     | src.pipelines.train_vision_backbones:run_pipeline:170 - Train images: 72
2026-02-08 17:41:44.644 | INFO     | src.pipelines.train_vision_backbones:run_pipeline:171 - Test images: 2890
2026-02-08 17:41:45.597 | INFO     | src.pipelines.train_vision_backbones:run_pipeline:176 - Training pvt_autoencoder_progressive_unfreeze on MTF
2026-02-08 17:41:45.620 | INFO     | src.models.pvt_autoencoder.training:train_pvt_autoencoder_progressive_unfreeze:132 - Device: cuda | Model on: cuda:0
2026-02-08 17:42:21.316 | INFO     | src.pipelines.train_vision_backbones:run_pipeline:193 - Evaluating pvt_autoencoder_progressive_unfreeze on MTF
2026-02-08 17:42:33.875 | INFO     | src.models.evaluation:evaluate_tsb_ad_nonoverlapping:65 - Normal (137764) reconstruction error: mean=0.2590, std=0.1307
2026-02-08 17:42:33.875 | INFO     | src.models.evaluation:evaluate_tsb_ad_nonoverlapping:66 - Anomaly (6777) reconstruction error: mean=0.3379, std=0.1878
2026-02-08 17:42:33.875 | INFO     | src.models.evaluation:evaluate_tsb_ad_nonoverlapping:67 - Overlap? Normal max=1.0000, Anomaly min=0.0396
2026-02-08 17:43:33.822 | INFO     | src.models.evaluation:evaluate_tsb_ad_nonoverlapping:83 - {'AUC-PR': 0.10472182852919484, 'AUC-ROC': 0.6189546679253454, 'VUS-PR': np.float64(0.15580593322092204), 'VUS-ROC': np.float64(0.7178468431966253), 'Standard-F1': np.float64(0.1751081560527962), 'PA-F1': 0.6479389674138033, 'Event-based-F1': np.float64(0.2518535160638054), 'R-based-F1': 0.2255588543056631, 'Affiliation-F': 0.702036259322674}
2026-02-08 17:43:33.983 | INFO     | src.pipelines.train_vision_backbones:run_pipeline:170 - Train images: 72
2026-02-08 17:43:33.984 | INFO     | src.pipelines.train_vision_backbones:run_pipeline:171 - Test images: 2890
2026-02-08 17:43:34.929 | INFO     | src.pipelines.train_vision_backbones:run_pipeline:176 - Training pvt_autoencoder_differential_lr on MTF
2026-02-08 17:43:34.953 | INFO     | src.models.pvt_autoencoder.training:train_pvt_autoencoder_differential_lr:267 - Device: cuda | Model on: cuda:0
2026-02-08 17:44:08.988 | INFO     | src.pipelines.train_vision_backbones:run_pipeline:193 - Evaluating pvt_autoencoder_differential_lr on MTF
2026-02-08 17:44:23.751 | INFO     | src.models.evaluation:evaluate_tsb_ad_nonoverlapping:65 - Normal (137764) reconstruction error: mean=0.2644, std=0.1327
2026-02-08 17:44:23.752 | INFO     | src.models.evaluation:evaluate_tsb_ad_nonoverlapping:66 - Anomaly (6777) reconstruction error: mean=0.3530, std=0.1963
2026-02-08 17:44:23.752 | INFO     | src.models.evaluation:evaluate_tsb_ad_nonoverlapping:67 - Overlap? Normal max=1.0000, Anomaly min=0.0394
2026-02-08 17:45:24.304 | INFO     | src.models.evaluation:evaluate_tsb_ad_nonoverlapping:83 - {'AUC-PR': 0.11453475649394294, 'AUC-ROC': 0.6265836716259554, 'VUS-PR': np.float64(0.177887345789219), 'VUS-ROC': np.float64(0.7401895083694122), 'Standard-F1': np.float64(0.20469325805174832), 'PA-F1': 0.6785485592315902, 'Event-based-F1': np.float64(0.2690582959641251), 'R-based-F1': 0.22566558850151147, 'Affiliation-F': 0.7082869771996494}
2026-02-08 17:45:25.157 | INFO     | src.pipelines.train_vision_backbones:run_pipeline:70 - Using zip: /net/scratch/hscra/plgrid/plgsmendowski12/ts2i_images/IOPS/274_IOPS_id_15_WebService_tr_4591_1st_4691_ts2i_RP.zip for transformation RP
2026-02-08 17:45:28.969 | INFO     | src.pipelines.train_vision_backbones:run_pipeline:170 - Train images: 72
2026-02-08 17:45:28.970 | INFO     | src.pipelines.train_vision_backbones:run_pipeline:171 - Test images: 2890
2026-02-08 17:45:28.976 | INFO     | src.pipelines.train_vision_backbones:run_pipeline:176 - Training cnn_autoencoder on RP
2026-02-08 17:45:28.981 | INFO     | src.models.cnn_autoencoder.training:train_autoencoder:22 - Device: cuda | Model on: cuda:0
2026-02-08 17:45:51.076 | INFO     | src.pipelines.train_vision_backbones:run_pipeline:193 - Evaluating cnn_autoencoder on RP
2026-02-08 17:45:53.640 | INFO     | src.models.evaluation:evaluate_tsb_ad_nonoverlapping:65 - Normal (137764) reconstruction error: mean=0.4355, std=0.1378
2026-02-08 17:45:53.640 | INFO     | src.models.evaluation:evaluate_tsb_ad_nonoverlapping:66 - Anomaly (6777) reconstruction error: mean=0.4849, std=0.1562
2026-02-08 17:45:53.640 | INFO     | src.models.evaluation:evaluate_tsb_ad_nonoverlapping:67 - Overlap? Normal max=1.0000, Anomaly min=0.1584
2026-02-08 17:47:06.969 | INFO     | src.models.evaluation:evaluate_tsb_ad_nonoverlapping:83 - {'AUC-PR': 0.07306134857023114, 'AUC-ROC': 0.5906246533276898, 'VUS-PR': np.float64(0.12234562451531157), 'VUS-ROC': np.float64(0.6702890874851886), 'Standard-F1': np.float64(0.13221702346067102), 'PA-F1': 0.4636764207434188, 'Event-based-F1': np.float64(0.16755018567353702), 'R-based-F1': 0.1410665573663482, 'Affiliation-F': 0.6912100944214331}
2026-02-08 17:47:07.127 | INFO     | src.pipelines.train_vision_backbones:run_pipeline:170 - Train images: 72
2026-02-08 17:47:07.127 | INFO     | src.pipelines.train_vision_backbones:run_pipeline:171 - Test images: 2890
2026-02-08 17:47:07.337 | INFO     | src.pipelines.train_vision_backbones:run_pipeline:176 - Training resnet18_autoencoder_frozen on RP
2026-02-08 17:47:07.350 | INFO     | src.models.resnet18_autoencoder.training:train_autoencoder_frozen:25 - Device: cuda | Model on: cuda:0
2026-02-08 17:47:35.326 | INFO     | src.pipelines.train_vision_backbones:run_pipeline:193 - Evaluating resnet18_autoencoder_frozen on RP
2026-02-08 17:47:38.418 | INFO     | src.models.evaluation:evaluate_tsb_ad_nonoverlapping:65 - Normal (137764) reconstruction error: mean=0.2979, std=0.1090
2026-02-08 17:47:38.418 | INFO     | src.models.evaluation:evaluate_tsb_ad_nonoverlapping:66 - Anomaly (6777) reconstruction error: mean=0.3493, std=0.1301
2026-02-08 17:47:38.418 | INFO     | src.models.evaluation:evaluate_tsb_ad_nonoverlapping:67 - Overlap? Normal max=1.0000, Anomaly min=0.0943
2026-02-08 17:48:40.427 | INFO     | src.models.evaluation:evaluate_tsb_ad_nonoverlapping:83 - {'AUC-PR': 0.08187194278660442, 'AUC-ROC': 0.6198880785349665, 'VUS-PR': np.float64(0.14904453267463771), 'VUS-ROC': np.float64(0.7140601188749793), 'Standard-F1': np.float64(0.15236934989556628), 'PA-F1': 0.5626237498096157, 'Event-based-F1': np.float64(0.20313490984869043), 'R-based-F1': 0.16228186690075197, 'Affiliation-F': 0.6930409061345428}
2026-02-08 17:48:40.580 | INFO     | src.pipelines.train_vision_backbones:run_pipeline:170 - Train images: 72
2026-02-08 17:48:40.581 | INFO     | src.pipelines.train_vision_backbones:run_pipeline:171 - Test images: 2890
2026-02-08 17:48:40.792 | INFO     | src.pipelines.train_vision_backbones:run_pipeline:176 - Training resnet18_autoencoder_progressive_unfreeze on RP
2026-02-08 17:48:40.805 | INFO     | src.models.resnet18_autoencoder.training:train_autoencoder_progressive_unfreeze:133 - Device: cuda | Model on: cuda:0
2026-02-08 17:49:09.497 | INFO     | src.pipelines.train_vision_backbones:run_pipeline:193 - Evaluating resnet18_autoencoder_progressive_unfreeze on RP
2026-02-08 17:49:27.131 | INFO     | src.models.evaluation:evaluate_tsb_ad_nonoverlapping:65 - Normal (137764) reconstruction error: mean=0.3660, std=0.1347
2026-02-08 17:49:27.131 | INFO     | src.models.evaluation:evaluate_tsb_ad_nonoverlapping:66 - Anomaly (6777) reconstruction error: mean=0.4273, std=0.1549
2026-02-08 17:49:27.131 | INFO     | src.models.evaluation:evaluate_tsb_ad_nonoverlapping:67 - Overlap? Normal max=1.0000, Anomaly min=0.1064
2026-02-08 17:50:35.255 | INFO     | src.models.evaluation:evaluate_tsb_ad_nonoverlapping:83 - {'AUC-PR': 0.08094799907726757, 'AUC-ROC': 0.6136469861911438, 'VUS-PR': np.float64(0.13596713911436353), 'VUS-ROC': np.float64(0.6864987745464461), 'Standard-F1': np.float64(0.14896367889543052), 'PA-F1': 0.5885065227170491, 'Event-based-F1': np.float64(0.20215628177620754), 'R-based-F1': 0.17291965523312108, 'Affiliation-F': 0.6916444607841528}
2026-02-08 17:50:35.417 | INFO     | src.pipelines.train_vision_backbones:run_pipeline:170 - Train images: 72
2026-02-08 17:50:35.417 | INFO     | src.pipelines.train_vision_backbones:run_pipeline:171 - Test images: 2890
2026-02-08 17:50:35.624 | INFO     | src.pipelines.train_vision_backbones:run_pipeline:176 - Training resnet18_autoencoder_differential_lr on RP
2026-02-08 17:50:35.636 | INFO     | src.models.resnet18_autoencoder.training:train_autoencoder_differential_lr:271 - Device: cuda | Model on: cuda:0
2026-02-08 17:51:00.589 | INFO     | src.pipelines.train_vision_backbones:run_pipeline:193 - Evaluating resnet18_autoencoder_differential_lr on RP
2026-02-08 17:51:14.504 | INFO     | src.models.evaluation:evaluate_tsb_ad_nonoverlapping:65 - Normal (137764) reconstruction error: mean=0.3853, std=0.1394
2026-02-08 17:51:14.505 | INFO     | src.models.evaluation:evaluate_tsb_ad_nonoverlapping:66 - Anomaly (6777) reconstruction error: mean=0.4458, std=0.1618
2026-02-08 17:51:14.505 | INFO     | src.models.evaluation:evaluate_tsb_ad_nonoverlapping:67 - Overlap? Normal max=1.0000, Anomaly min=0.0968
2026-02-08 17:52:24.519 | INFO     | src.models.evaluation:evaluate_tsb_ad_nonoverlapping:83 - {'AUC-PR': 0.08109989677828457, 'AUC-ROC': 0.608058775825747, 'VUS-PR': np.float64(0.13592728541458174), 'VUS-ROC': np.float64(0.6870356347076862), 'Standard-F1': np.float64(0.15025290640164796), 'PA-F1': 0.5621421755725191, 'Event-based-F1': np.float64(0.21226958525345582), 'R-based-F1': 0.17358806263929963, 'Affiliation-F': 0.6915896850746841}
2026-02-08 17:52:24.676 | INFO     | src.pipelines.train_vision_backbones:run_pipeline:170 - Train images: 72
2026-02-08 17:52:24.677 | INFO     | src.pipelines.train_vision_backbones:run_pipeline:171 - Test images: 2890
2026-02-08 17:52:25.638 | INFO     | src.pipelines.train_vision_backbones:run_pipeline:176 - Training pvt_autoencoder_frozen on RP
2026-02-08 17:52:25.661 | INFO     | src.models.pvt_autoencoder.training:train_pvt_autoencoder_frozen:24 - Device: cuda | Model on: cuda:0
2026-02-08 17:52:53.020 | INFO     | src.pipelines.train_vision_backbones:run_pipeline:193 - Evaluating pvt_autoencoder_frozen on RP
2026-02-08 17:53:10.802 | INFO     | src.models.evaluation:evaluate_tsb_ad_nonoverlapping:65 - Normal (137764) reconstruction error: mean=0.3930, std=0.1424
2026-02-08 17:53:10.802 | INFO     | src.models.evaluation:evaluate_tsb_ad_nonoverlapping:66 - Anomaly (6777) reconstruction error: mean=0.4541, std=0.1724
2026-02-08 17:53:10.802 | INFO     | src.models.evaluation:evaluate_tsb_ad_nonoverlapping:67 - Overlap? Normal max=1.0000, Anomaly min=0.0894
2026-02-08 17:54:21.573 | INFO     | src.models.evaluation:evaluate_tsb_ad_nonoverlapping:83 - {'AUC-PR': 0.08079076970217311, 'AUC-ROC': 0.6037942209377515, 'VUS-PR': np.float64(0.1335136527409269), 'VUS-ROC': np.float64(0.6807689492772607), 'Standard-F1': np.float64(0.14741068590497317), 'PA-F1': 0.5613463626492943, 'Event-based-F1': np.float64(0.2055741677952808), 'R-based-F1': 0.1737064292595137, 'Affiliation-F': 0.6855407733024567}
2026-02-08 17:54:21.732 | INFO     | src.pipelines.train_vision_backbones:run_pipeline:170 - Train images: 72
2026-02-08 17:54:21.733 | INFO     | src.pipelines.train_vision_backbones:run_pipeline:171 - Test images: 2890
2026-02-08 17:54:22.691 | INFO     | src.pipelines.train_vision_backbones:run_pipeline:176 - Training pvt_autoencoder_progressive_unfreeze on RP
2026-02-08 17:54:22.715 | INFO     | src.models.pvt_autoencoder.training:train_pvt_autoencoder_progressive_unfreeze:132 - Device: cuda | Model on: cuda:0
2026-02-08 17:54:49.585 | INFO     | src.pipelines.train_vision_backbones:run_pipeline:193 - Evaluating pvt_autoencoder_progressive_unfreeze on RP
2026-02-08 17:55:04.571 | INFO     | src.models.evaluation:evaluate_tsb_ad_nonoverlapping:65 - Normal (137764) reconstruction error: mean=0.3843, std=0.1345
2026-02-08 17:55:04.571 | INFO     | src.models.evaluation:evaluate_tsb_ad_nonoverlapping:66 - Anomaly (6777) reconstruction error: mean=0.4356, std=0.1557
2026-02-08 17:55:04.571 | INFO     | src.models.evaluation:evaluate_tsb_ad_nonoverlapping:67 - Overlap? Normal max=1.0000, Anomaly min=0.0000
2026-02-08 17:56:14.029 | INFO     | src.models.evaluation:evaluate_tsb_ad_nonoverlapping:83 - {'AUC-PR': 0.07515569769745642, 'AUC-ROC': 0.594221126370873, 'VUS-PR': np.float64(0.1217877008547814), 'VUS-ROC': np.float64(0.6658093114587876), 'Standard-F1': np.float64(0.1450286341469581), 'PA-F1': 0.5394537637013262, 'Event-based-F1': np.float64(0.20096624322780762), 'R-based-F1': 0.14987141951359437, 'Affiliation-F': 0.6895542262657226}
2026-02-08 17:56:14.192 | INFO     | src.pipelines.train_vision_backbones:run_pipeline:170 - Train images: 72
2026-02-08 17:56:14.192 | INFO     | src.pipelines.train_vision_backbones:run_pipeline:171 - Test images: 2890
2026-02-08 17:56:15.162 | INFO     | src.pipelines.train_vision_backbones:run_pipeline:176 - Training pvt_autoencoder_differential_lr on RP
2026-02-08 17:56:15.186 | INFO     | src.models.pvt_autoencoder.training:train_pvt_autoencoder_differential_lr:267 - Device: cuda | Model on: cuda:0
2026-02-08 17:56:50.643 | INFO     | src.pipelines.train_vision_backbones:run_pipeline:193 - Evaluating pvt_autoencoder_differential_lr on RP
2026-02-08 17:57:05.562 | INFO     | src.models.evaluation:evaluate_tsb_ad_nonoverlapping:65 - Normal (137764) reconstruction error: mean=0.3664, std=0.1408
2026-02-08 17:57:05.562 | INFO     | src.models.evaluation:evaluate_tsb_ad_nonoverlapping:66 - Anomaly (6777) reconstruction error: mean=0.4277, std=0.1656
2026-02-08 17:57:05.562 | INFO     | src.models.evaluation:evaluate_tsb_ad_nonoverlapping:67 - Overlap? Normal max=1.0000, Anomaly min=0.0847
2026-02-08 17:58:14.577 | INFO     | src.models.evaluation:evaluate_tsb_ad_nonoverlapping:83 - {'AUC-PR': 0.08030223013537331, 'AUC-ROC': 0.6062039583344019, 'VUS-PR': np.float64(0.13398399782563003), 'VUS-ROC': np.float64(0.6832171695317703), 'Standard-F1': np.float64(0.14503824703192936), 'PA-F1': 0.5512711624483325, 'Event-based-F1': np.float64(0.20896536659951903), 'R-based-F1': 0.17246252435382453, 'Affiliation-F': 0.6893992583208077}
2026-02-08 17:58:15.713 | INFO     | src.pipelines.train_vision_backbones:run_pipeline:70 - Using zip: /net/scratch/hscra/plgrid/plgsmendowski12/ts2i_images/IOPS/274_IOPS_id_15_WebService_tr_4591_1st_4691_ts2i_RWT.zip for transformation RWT
2026-02-08 17:58:19.071 | INFO     | src.pipelines.train_vision_backbones:run_pipeline:170 - Train images: 72
2026-02-08 17:58:19.071 | INFO     | src.pipelines.train_vision_backbones:run_pipeline:171 - Test images: 2890
2026-02-08 17:58:19.078 | INFO     | src.pipelines.train_vision_backbones:run_pipeline:176 - Training cnn_autoencoder on RWT
2026-02-08 17:58:19.082 | INFO     | src.models.cnn_autoencoder.training:train_autoencoder:22 - Device: cuda | Model on: cuda:0
2026-02-08 17:58:42.798 | INFO     | src.pipelines.train_vision_backbones:run_pipeline:193 - Evaluating cnn_autoencoder on RWT
2026-02-08 17:58:45.726 | INFO     | src.models.evaluation:evaluate_tsb_ad_nonoverlapping:65 - Normal (137764) reconstruction error: mean=0.0072, std=0.0387
2026-02-08 17:58:45.726 | INFO     | src.models.evaluation:evaluate_tsb_ad_nonoverlapping:66 - Anomaly (6777) reconstruction error: mean=0.0173, std=0.0463
2026-02-08 17:58:45.726 | INFO     | src.models.evaluation:evaluate_tsb_ad_nonoverlapping:67 - Overlap? Normal max=1.0000, Anomaly min=0.0002
2026-02-08 17:59:22.383 | INFO     | src.models.evaluation:evaluate_tsb_ad_nonoverlapping:83 - {'AUC-PR': 0.11224150301069528, 'AUC-ROC': 0.775828137048379, 'VUS-PR': np.float64(0.22025551262997795), 'VUS-ROC': np.float64(0.8574974892821532), 'Standard-F1': np.float64(0.211617030733827), 'PA-F1': 0.5175770686857761, 'Event-based-F1': np.float64(0.21245697802889174), 'R-based-F1': 0.2563700346533373, 'Affiliation-F': 0.7221290917805017}
2026-02-08 17:59:22.540 | INFO     | src.pipelines.train_vision_backbones:run_pipeline:170 - Train images: 72
2026-02-08 17:59:22.541 | INFO     | src.pipelines.train_vision_backbones:run_pipeline:171 - Test images: 2890
2026-02-08 17:59:22.756 | INFO     | src.pipelines.train_vision_backbones:run_pipeline:176 - Training resnet18_autoencoder_frozen on RWT
2026-02-08 17:59:22.769 | INFO     | src.models.resnet18_autoencoder.training:train_autoencoder_frozen:25 - Device: cuda | Model on: cuda:0
2026-02-08 17:59:40.348 | INFO     | src.pipelines.train_vision_backbones:run_pipeline:193 - Evaluating resnet18_autoencoder_frozen on RWT
2026-02-08 17:59:42.864 | INFO     | src.models.evaluation:evaluate_tsb_ad_nonoverlapping:65 - Normal (137764) reconstruction error: mean=0.0216, std=0.0572
2026-02-08 17:59:42.864 | INFO     | src.models.evaluation:evaluate_tsb_ad_nonoverlapping:66 - Anomaly (6777) reconstruction error: mean=0.0466, std=0.0711
2026-02-08 17:59:42.864 | INFO     | src.models.evaluation:evaluate_tsb_ad_nonoverlapping:67 - Overlap? Normal max=1.0000, Anomaly min=0.0013
2026-02-08 18:00:20.701 | INFO     | src.models.evaluation:evaluate_tsb_ad_nonoverlapping:83 - {'AUC-PR': 0.108977553888115, 'AUC-ROC': 0.7760387319415659, 'VUS-PR': np.float64(0.19552736630954848), 'VUS-ROC': np.float64(0.8285829865321739), 'Standard-F1': np.float64(0.21907622922218786), 'PA-F1': 0.49917932969767564, 'Event-based-F1': np.float64(0.2264806420450321), 'R-based-F1': 0.24747664834370023, 'Affiliation-F': 0.7115983994678827}
2026-02-08 18:00:20.857 | INFO     | src.pipelines.train_vision_backbones:run_pipeline:170 - Train images: 72
2026-02-08 18:00:20.858 | INFO     | src.pipelines.train_vision_backbones:run_pipeline:171 - Test images: 2890
2026-02-08 18:00:21.070 | INFO     | src.pipelines.train_vision_backbones:run_pipeline:176 - Training resnet18_autoencoder_progressive_unfreeze on RWT
2026-02-08 18:00:21.084 | INFO     | src.models.resnet18_autoencoder.training:train_autoencoder_progressive_unfreeze:133 - Device: cuda | Model on: cuda:0
2026-02-08 18:00:40.018 | INFO     | src.pipelines.train_vision_backbones:run_pipeline:193 - Evaluating resnet18_autoencoder_progressive_unfreeze on RWT
2026-02-08 18:00:44.312 | INFO     | src.models.evaluation:evaluate_tsb_ad_nonoverlapping:65 - Normal (137764) reconstruction error: mean=0.0130, std=0.0477
2026-02-08 18:00:44.312 | INFO     | src.models.evaluation:evaluate_tsb_ad_nonoverlapping:66 - Anomaly (6777) reconstruction error: mean=0.0319, std=0.0595
2026-02-08 18:00:44.312 | INFO     | src.models.evaluation:evaluate_tsb_ad_nonoverlapping:67 - Overlap? Normal max=1.0000, Anomaly min=0.0005
2026-02-08 18:01:21.159 | INFO     | src.models.evaluation:evaluate_tsb_ad_nonoverlapping:83 - {'AUC-PR': 0.12857863754011692, 'AUC-ROC': 0.8071313498354935, 'VUS-PR': np.float64(0.23148973241492762), 'VUS-ROC': np.float64(0.8532899126212372), 'Standard-F1': np.float64(0.26729806414339874), 'PA-F1': 0.5341140529531568, 'Event-based-F1': np.float64(0.2536794766966473), 'R-based-F1': 0.2660740379863637, 'Affiliation-F': 0.7178999678539562}
2026-02-08 18:01:21.324 | INFO     | src.pipelines.train_vision_backbones:run_pipeline:170 - Train images: 72
2026-02-08 18:01:21.324 | INFO     | src.pipelines.train_vision_backbones:run_pipeline:171 - Test images: 2890
2026-02-08 18:01:21.536 | INFO     | src.pipelines.train_vision_backbones:run_pipeline:176 - Training resnet18_autoencoder_differential_lr on RWT
2026-02-08 18:01:21.549 | INFO     | src.models.resnet18_autoencoder.training:train_autoencoder_differential_lr:271 - Device: cuda | Model on: cuda:0
2026-02-08 18:01:44.915 | INFO     | src.pipelines.train_vision_backbones:run_pipeline:193 - Evaluating resnet18_autoencoder_differential_lr on RWT
2026-02-08 18:01:51.097 | INFO     | src.models.evaluation:evaluate_tsb_ad_nonoverlapping:65 - Normal (137764) reconstruction error: mean=0.0118, std=0.0447
2026-02-08 18:01:51.097 | INFO     | src.models.evaluation:evaluate_tsb_ad_nonoverlapping:66 - Anomaly (6777) reconstruction error: mean=0.0318, std=0.0719
2026-02-08 18:01:51.097 | INFO     | src.models.evaluation:evaluate_tsb_ad_nonoverlapping:67 - Overlap? Normal max=1.0000, Anomaly min=0.0007
2026-02-08 18:02:27.923 | INFO     | src.models.evaluation:evaluate_tsb_ad_nonoverlapping:83 - {'AUC-PR': 0.1281196266413868, 'AUC-ROC': 0.8109939785264993, 'VUS-PR': np.float64(0.2236534507218302), 'VUS-ROC': np.float64(0.8583770171118177), 'Standard-F1': np.float64(0.2575802147168654), 'PA-F1': 0.5282522996057819, 'Event-based-F1': np.float64(0.2702329648475321), 'R-based-F1': 0.25940080876126687, 'Affiliation-F': 0.7204356258220002}
2026-02-08 18:02:28.079 | INFO     | src.pipelines.train_vision_backbones:run_pipeline:170 - Train images: 72
2026-02-08 18:02:28.079 | INFO     | src.pipelines.train_vision_backbones:run_pipeline:171 - Test images: 2890
2026-02-08 18:02:29.048 | INFO     | src.pipelines.train_vision_backbones:run_pipeline:176 - Training pvt_autoencoder_frozen on RWT
2026-02-08 18:02:29.070 | INFO     | src.models.pvt_autoencoder.training:train_pvt_autoencoder_frozen:24 - Device: cuda | Model on: cuda:0
2026-02-08 18:02:54.771 | INFO     | src.pipelines.train_vision_backbones:run_pipeline:193 - Evaluating pvt_autoencoder_frozen on RWT
2026-02-08 18:02:59.358 | INFO     | src.models.evaluation:evaluate_tsb_ad_nonoverlapping:65 - Normal (137764) reconstruction error: mean=0.0135, std=0.0493
2026-02-08 18:02:59.358 | INFO     | src.models.evaluation:evaluate_tsb_ad_nonoverlapping:66 - Anomaly (6777) reconstruction error: mean=0.0354, std=0.0841
2026-02-08 18:02:59.358 | INFO     | src.models.evaluation:evaluate_tsb_ad_nonoverlapping:67 - Overlap? Normal max=1.0000, Anomaly min=0.0008
2026-02-08 18:03:36.324 | INFO     | src.models.evaluation:evaluate_tsb_ad_nonoverlapping:83 - {'AUC-PR': 0.1188244672894813, 'AUC-ROC': 0.784515352854739, 'VUS-PR': np.float64(0.22273802723904876), 'VUS-ROC': np.float64(0.8536032099873709), 'Standard-F1': np.float64(0.22785763557324917), 'PA-F1': 0.5715572457966374, 'Event-based-F1': np.float64(0.22954790379222406), 'R-based-F1': 0.24678526418578298, 'Affiliation-F': 0.7216906049138557}
2026-02-08 18:03:36.482 | INFO     | src.pipelines.train_vision_backbones:run_pipeline:170 - Train images: 72
2026-02-08 18:03:36.482 | INFO     | src.pipelines.train_vision_backbones:run_pipeline:171 - Test images: 2890
2026-02-08 18:03:37.418 | INFO     | src.pipelines.train_vision_backbones:run_pipeline:176 - Training pvt_autoencoder_progressive_unfreeze on RWT
2026-02-08 18:03:37.441 | INFO     | src.models.pvt_autoencoder.training:train_pvt_autoencoder_progressive_unfreeze:132 - Device: cuda | Model on: cuda:0
2026-02-08 18:04:01.383 | INFO     | src.pipelines.train_vision_backbones:run_pipeline:193 - Evaluating pvt_autoencoder_progressive_unfreeze on RWT
2026-02-08 18:04:06.157 | INFO     | src.models.evaluation:evaluate_tsb_ad_nonoverlapping:65 - Normal (137764) reconstruction error: mean=0.0123, std=0.0436
2026-02-08 18:04:06.158 | INFO     | src.models.evaluation:evaluate_tsb_ad_nonoverlapping:66 - Anomaly (6777) reconstruction error: mean=0.0319, std=0.0535
2026-02-08 18:04:06.158 | INFO     | src.models.evaluation:evaluate_tsb_ad_nonoverlapping:67 - Overlap? Normal max=1.0000, Anomaly min=0.0017
2026-02-08 18:04:42.961 | INFO     | src.models.evaluation:evaluate_tsb_ad_nonoverlapping:83 - {'AUC-PR': 0.14933333581023228, 'AUC-ROC': 0.8459811147331587, 'VUS-PR': np.float64(0.2471148486194129), 'VUS-ROC': np.float64(0.8677848890693324), 'Standard-F1': np.float64(0.3007604197617714), 'PA-F1': 0.5092194648551227, 'Event-based-F1': np.float64(0.29202396335017006), 'R-based-F1': 0.26088322057153446, 'Affiliation-F': 0.7257907052677893}
2026-02-08 18:04:43.117 | INFO     | src.pipelines.train_vision_backbones:run_pipeline:170 - Train images: 72
2026-02-08 18:04:43.118 | INFO     | src.pipelines.train_vision_backbones:run_pipeline:171 - Test images: 2890
2026-02-08 18:04:44.060 | INFO     | src.pipelines.train_vision_backbones:run_pipeline:176 - Training pvt_autoencoder_differential_lr on RWT
2026-02-08 18:04:44.083 | INFO     | src.models.pvt_autoencoder.training:train_pvt_autoencoder_differential_lr:267 - Device: cuda | Model on: cuda:0
2026-02-08 18:05:12.560 | INFO     | src.pipelines.train_vision_backbones:run_pipeline:193 - Evaluating pvt_autoencoder_differential_lr on RWT
2026-02-08 18:05:15.599 | INFO     | src.models.evaluation:evaluate_tsb_ad_nonoverlapping:65 - Normal (137764) reconstruction error: mean=0.0132, std=0.0494
2026-02-08 18:05:15.599 | INFO     | src.models.evaluation:evaluate_tsb_ad_nonoverlapping:66 - Anomaly (6777) reconstruction error: mean=0.0318, std=0.0581
2026-02-08 18:05:15.599 | INFO     | src.models.evaluation:evaluate_tsb_ad_nonoverlapping:67 - Overlap? Normal max=1.0000, Anomaly min=0.0005
2026-02-08 18:05:52.627 | INFO     | src.models.evaluation:evaluate_tsb_ad_nonoverlapping:83 - {'AUC-PR': 0.13587332810515823, 'AUC-ROC': 0.8261071003857444, 'VUS-PR': np.float64(0.2366083552879835), 'VUS-ROC': np.float64(0.8701147560608669), 'Standard-F1': np.float64(0.27597106874513894), 'PA-F1': 0.5301822551572201, 'Event-based-F1': np.float64(0.2784558676930406), 'R-based-F1': 0.26335693050959513, 'Affiliation-F': 0.7357996782913422}
2026-02-08 18:05:53.735 | INFO     | src.pipelines.train_vision_backbones:run_pipeline:70 - Using zip: /net/scratch/hscra/plgrid/plgsmendowski12/ts2i_images/IOPS/274_IOPS_id_15_WebService_tr_4591_1st_4691_ts2i_MWT.zip for transformation MWT
2026-02-08 18:05:57.593 | INFO     | src.pipelines.train_vision_backbones:run_pipeline:170 - Train images: 72
2026-02-08 18:05:57.594 | INFO     | src.pipelines.train_vision_backbones:run_pipeline:171 - Test images: 2890
2026-02-08 18:05:57.600 | INFO     | src.pipelines.train_vision_backbones:run_pipeline:176 - Training cnn_autoencoder on MWT
2026-02-08 18:05:57.604 | INFO     | src.models.cnn_autoencoder.training:train_autoencoder:22 - Device: cuda | Model on: cuda:0
2026-02-08 18:06:24.093 | INFO     | src.pipelines.train_vision_backbones:run_pipeline:193 - Evaluating cnn_autoencoder on MWT
2026-02-08 18:06:26.491 | INFO     | src.models.evaluation:evaluate_tsb_ad_nonoverlapping:65 - Normal (137764) reconstruction error: mean=0.0421, std=0.0989
2026-02-08 18:06:26.491 | INFO     | src.models.evaluation:evaluate_tsb_ad_nonoverlapping:66 - Anomaly (6777) reconstruction error: mean=0.0585, std=0.0817
2026-02-08 18:06:26.492 | INFO     | src.models.evaluation:evaluate_tsb_ad_nonoverlapping:67 - Overlap? Normal max=1.0000, Anomaly min=0.0014
2026-02-08 18:07:06.388 | INFO     | src.models.evaluation:evaluate_tsb_ad_nonoverlapping:83 - {'AUC-PR': 0.0834218735719575, 'AUC-ROC': 0.7401214712355012, 'VUS-PR': np.float64(0.16075387802510385), 'VUS-ROC': np.float64(0.8222584410683832), 'Standard-F1': np.float64(0.1889246927775954), 'PA-F1': 0.4199710098244484, 'Event-based-F1': np.float64(0.193851271804528), 'R-based-F1': 0.28829042626967993, 'Affiliation-F': 0.7410589219835991}
2026-02-08 18:07:06.543 | INFO     | src.pipelines.train_vision_backbones:run_pipeline:170 - Train images: 72
2026-02-08 18:07:06.543 | INFO     | src.pipelines.train_vision_backbones:run_pipeline:171 - Test images: 2890
2026-02-08 18:07:06.758 | INFO     | src.pipelines.train_vision_backbones:run_pipeline:176 - Training resnet18_autoencoder_frozen on MWT
2026-02-08 18:07:06.771 | INFO     | src.models.resnet18_autoencoder.training:train_autoencoder_frozen:25 - Device: cuda | Model on: cuda:0
2026-02-08 18:07:23.080 | INFO     | src.pipelines.train_vision_backbones:run_pipeline:193 - Evaluating resnet18_autoencoder_frozen on MWT
2026-02-08 18:07:26.246 | INFO     | src.models.evaluation:evaluate_tsb_ad_nonoverlapping:65 - Normal (137764) reconstruction error: mean=0.0984, std=0.1498
2026-02-08 18:07:26.247 | INFO     | src.models.evaluation:evaluate_tsb_ad_nonoverlapping:66 - Anomaly (6777) reconstruction error: mean=0.1400, std=0.1391
2026-02-08 18:07:26.247 | INFO     | src.models.evaluation:evaluate_tsb_ad_nonoverlapping:67 - Overlap? Normal max=1.0000, Anomaly min=0.0052
2026-02-08 18:08:11.430 | INFO     | src.models.evaluation:evaluate_tsb_ad_nonoverlapping:83 - {'AUC-PR': 0.07327486456617596, 'AUC-ROC': 0.6798021462386997, 'VUS-PR': np.float64(0.14832587132686031), 'VUS-ROC': np.float64(0.7899327444849726), 'Standard-F1': np.float64(0.1536089487538007), 'PA-F1': 0.43804056936741265, 'Event-based-F1': np.float64(0.15800209202417012), 'R-based-F1': 0.24628961855085177, 'Affiliation-F': 0.7225187788545578}
2026-02-08 18:08:11.583 | INFO     | src.pipelines.train_vision_backbones:run_pipeline:170 - Train images: 72
2026-02-08 18:08:11.583 | INFO     | src.pipelines.train_vision_backbones:run_pipeline:171 - Test images: 2890
2026-02-08 18:08:11.793 | INFO     | src.pipelines.train_vision_backbones:run_pipeline:176 - Training resnet18_autoencoder_progressive_unfreeze on MWT
2026-02-08 18:08:11.806 | INFO     | src.models.resnet18_autoencoder.training:train_autoencoder_progressive_unfreeze:133 - Device: cuda | Model on: cuda:0
2026-02-08 18:08:31.708 | INFO     | src.pipelines.train_vision_backbones:run_pipeline:193 - Evaluating resnet18_autoencoder_progressive_unfreeze on MWT
2026-02-08 18:08:40.354 | INFO     | src.models.evaluation:evaluate_tsb_ad_nonoverlapping:65 - Normal (137764) reconstruction error: mean=0.0706, std=0.1324
2026-02-08 18:08:40.354 | INFO     | src.models.evaluation:evaluate_tsb_ad_nonoverlapping:66 - Anomaly (6777) reconstruction error: mean=0.1114, std=0.1306
2026-02-08 18:08:40.354 | INFO     | src.models.evaluation:evaluate_tsb_ad_nonoverlapping:67 - Overlap? Normal max=1.0000, Anomaly min=0.0021
2026-02-08 18:09:23.092 | INFO     | src.models.evaluation:evaluate_tsb_ad_nonoverlapping:83 - {'AUC-PR': 0.08437404010056189, 'AUC-ROC': 0.7271127709309507, 'VUS-PR': np.float64(0.16123908171334161), 'VUS-ROC': np.float64(0.8197514000239259), 'Standard-F1': np.float64(0.1846994309240804), 'PA-F1': 0.43077535582761023, 'Event-based-F1': np.float64(0.18773761971220923), 'R-based-F1': 0.27314135355283287, 'Affiliation-F': 0.7363783961088977}
2026-02-08 18:09:23.327 | INFO     | src.pipelines.train_vision_backbones:run_pipeline:170 - Train images: 72
2026-02-08 18:09:23.327 | INFO     | src.pipelines.train_vision_backbones:run_pipeline:171 - Test images: 2890
2026-02-08 18:09:23.537 | INFO     | src.pipelines.train_vision_backbones:run_pipeline:176 - Training resnet18_autoencoder_differential_lr on MWT
2026-02-08 18:09:23.550 | INFO     | src.models.resnet18_autoencoder.training:train_autoencoder_differential_lr:271 - Device: cuda | Model on: cuda:0
2026-02-08 18:09:43.170 | INFO     | src.pipelines.train_vision_backbones:run_pipeline:193 - Evaluating resnet18_autoencoder_differential_lr on MWT
2026-02-08 18:09:52.731 | INFO     | src.models.evaluation:evaluate_tsb_ad_nonoverlapping:65 - Normal (137764) reconstruction error: mean=0.0796, std=0.1351
2026-02-08 18:09:52.732 | INFO     | src.models.evaluation:evaluate_tsb_ad_nonoverlapping:66 - Anomaly (6777) reconstruction error: mean=0.1189, std=0.1180
2026-02-08 18:09:52.732 | INFO     | src.models.evaluation:evaluate_tsb_ad_nonoverlapping:67 - Overlap? Normal max=1.0000, Anomaly min=0.0071
2026-02-08 18:10:36.257 | INFO     | src.models.evaluation:evaluate_tsb_ad_nonoverlapping:83 - {'AUC-PR': 0.08188668726162994, 'AUC-ROC': 0.727434716547095, 'VUS-PR': np.float64(0.15836055547044262), 'VUS-ROC': np.float64(0.8150061541107656), 'Standard-F1': np.float64(0.18212738646278087), 'PA-F1': 0.42232510288065844, 'Event-based-F1': np.float64(0.1877093406742644), 'R-based-F1': 0.25574635025529213, 'Affiliation-F': 0.7357543324573909}
2026-02-08 18:10:36.412 | INFO     | src.pipelines.train_vision_backbones:run_pipeline:170 - Train images: 72
2026-02-08 18:10:36.412 | INFO     | src.pipelines.train_vision_backbones:run_pipeline:171 - Test images: 2890
2026-02-08 18:10:37.351 | INFO     | src.pipelines.train_vision_backbones:run_pipeline:176 - Training pvt_autoencoder_frozen on MWT
2026-02-08 18:10:37.373 | INFO     | src.models.pvt_autoencoder.training:train_pvt_autoencoder_frozen:24 - Device: cuda | Model on: cuda:0
2026-02-08 18:11:03.693 | INFO     | src.pipelines.train_vision_backbones:run_pipeline:193 - Evaluating pvt_autoencoder_frozen on MWT
2026-02-08 18:11:15.427 | INFO     | src.models.evaluation:evaluate_tsb_ad_nonoverlapping:65 - Normal (137764) reconstruction error: mean=0.0679, std=0.1335
2026-02-08 18:11:15.427 | INFO     | src.models.evaluation:evaluate_tsb_ad_nonoverlapping:66 - Anomaly (6777) reconstruction error: mean=0.1062, std=0.1326
2026-02-08 18:11:15.427 | INFO     | src.models.evaluation:evaluate_tsb_ad_nonoverlapping:67 - Overlap? Normal max=1.0000, Anomaly min=0.0024
2026-02-08 18:11:57.951 | INFO     | src.models.evaluation:evaluate_tsb_ad_nonoverlapping:83 - {'AUC-PR': 0.08321613764526947, 'AUC-ROC': 0.7292240110572341, 'VUS-PR': np.float64(0.15550821867661102), 'VUS-ROC': np.float64(0.8145750806676512), 'Standard-F1': np.float64(0.1772600128121165), 'PA-F1': 0.4321331815147827, 'Event-based-F1': np.float64(0.18453964860224686), 'R-based-F1': 0.25718344982291225, 'Affiliation-F': 0.737821550030314}
2026-02-08 18:11:58.110 | INFO     | src.pipelines.train_vision_backbones:run_pipeline:170 - Train images: 72
2026-02-08 18:11:58.111 | INFO     | src.pipelines.train_vision_backbones:run_pipeline:171 - Test images: 2890
2026-02-08 18:11:59.064 | INFO     | src.pipelines.train_vision_backbones:run_pipeline:176 - Training pvt_autoencoder_progressive_unfreeze on MWT
2026-02-08 18:11:59.090 | INFO     | src.models.pvt_autoencoder.training:train_pvt_autoencoder_progressive_unfreeze:132 - Device: cuda | Model on: cuda:0
2026-02-08 18:12:26.319 | INFO     | src.pipelines.train_vision_backbones:run_pipeline:193 - Evaluating pvt_autoencoder_progressive_unfreeze on MWT
2026-02-08 18:12:40.980 | INFO     | src.models.evaluation:evaluate_tsb_ad_nonoverlapping:65 - Normal (137764) reconstruction error: mean=0.0630, std=0.1269
2026-02-08 18:12:40.980 | INFO     | src.models.evaluation:evaluate_tsb_ad_nonoverlapping:66 - Anomaly (6777) reconstruction error: mean=0.0936, std=0.1064
2026-02-08 18:12:40.980 | INFO     | src.models.evaluation:evaluate_tsb_ad_nonoverlapping:67 - Overlap? Normal max=1.0000, Anomaly min=0.0023
2026-02-08 18:13:22.970 | INFO     | src.models.evaluation:evaluate_tsb_ad_nonoverlapping:83 - {'AUC-PR': 0.085162534760992, 'AUC-ROC': 0.7411640721755421, 'VUS-PR': np.float64(0.1628352716859214), 'VUS-ROC': np.float64(0.8225536443308599), 'Standard-F1': np.float64(0.18838265205875554), 'PA-F1': 0.43573479334980303, 'Event-based-F1': np.float64(0.1907027271427956), 'R-based-F1': 0.27927999015138777, 'Affiliation-F': 0.7340494695157199}
2026-02-08 18:13:23.131 | INFO     | src.pipelines.train_vision_backbones:run_pipeline:170 - Train images: 72
2026-02-08 18:13:23.131 | INFO     | src.pipelines.train_vision_backbones:run_pipeline:171 - Test images: 2890
2026-02-08 18:13:24.073 | INFO     | src.pipelines.train_vision_backbones:run_pipeline:176 - Training pvt_autoencoder_differential_lr on MWT
2026-02-08 18:13:24.096 | INFO     | src.models.pvt_autoencoder.training:train_pvt_autoencoder_differential_lr:267 - Device: cuda | Model on: cuda:0
2026-02-08 18:13:40.034 | INFO     | src.pipelines.train_vision_backbones:run_pipeline:193 - Evaluating pvt_autoencoder_differential_lr on MWT
2026-02-08 18:13:47.093 | INFO     | src.models.evaluation:evaluate_tsb_ad_nonoverlapping:65 - Normal (137764) reconstruction error: mean=0.0674, std=0.1136
2026-02-08 18:13:47.094 | INFO     | src.models.evaluation:evaluate_tsb_ad_nonoverlapping:66 - Anomaly (6777) reconstruction error: mean=0.0975, std=0.0976
2026-02-08 18:13:47.094 | INFO     | src.models.evaluation:evaluate_tsb_ad_nonoverlapping:67 - Overlap? Normal max=1.0000, Anomaly min=0.0000
2026-02-08 18:14:29.530 | INFO     | src.models.evaluation:evaluate_tsb_ad_nonoverlapping:83 - {'AUC-PR': 0.07776748846265444, 'AUC-ROC': 0.7162502819060554, 'VUS-PR': np.float64(0.14984159245637213), 'VUS-ROC': np.float64(0.7982452148332203), 'Standard-F1': np.float64(0.16641123129679872), 'PA-F1': 0.4194404476418865, 'Event-based-F1': np.float64(0.16893523392826731), 'R-based-F1': 0.2458186429739676, 'Affiliation-F': 0.7283508759219984}
2026-02-08 18:14:30.349 | INFO     | src.pipelines.train_vision_backbones:run_pipeline:70 - Using zip: /net/scratch/hscra/plgrid/plgsmendowski12/ts2i_images/IOPS/274_IOPS_id_15_WebService_tr_4591_1st_4691_ts2i_SPIRAL.zip for transformation SPIRAL
2026-02-08 18:14:34.020 | INFO     | src.pipelines.train_vision_backbones:run_pipeline:170 - Train images: 72
2026-02-08 18:14:34.020 | INFO     | src.pipelines.train_vision_backbones:run_pipeline:171 - Test images: 2890
2026-02-08 18:14:34.027 | INFO     | src.pipelines.train_vision_backbones:run_pipeline:176 - Training cnn_autoencoder on SPIRAL
2026-02-08 18:14:34.031 | INFO     | src.models.cnn_autoencoder.training:train_autoencoder:22 - Device: cuda | Model on: cuda:0
2026-02-08 18:15:00.070 | INFO     | src.pipelines.train_vision_backbones:run_pipeline:193 - Evaluating cnn_autoencoder on SPIRAL
2026-02-08 18:15:02.590 | INFO     | src.models.evaluation:evaluate_tsb_ad_nonoverlapping:65 - Normal (137764) reconstruction error: mean=0.0615, std=0.0741
2026-02-08 18:15:02.590 | INFO     | src.models.evaluation:evaluate_tsb_ad_nonoverlapping:66 - Anomaly (6777) reconstruction error: mean=0.2616, std=0.1478
2026-02-08 18:15:02.591 | INFO     | src.models.evaluation:evaluate_tsb_ad_nonoverlapping:67 - Overlap? Normal max=1.0000, Anomaly min=0.0093
2026-02-08 18:15:44.812 | INFO     | src.models.evaluation:evaluate_tsb_ad_nonoverlapping:83 - {'AUC-PR': 0.3957756973124036, 'AUC-ROC': 0.9301853626008617, 'VUS-PR': np.float64(0.5206975005165323), 'VUS-ROC': np.float64(0.9419014404945392), 'Standard-F1': np.float64(0.510528554011978), 'PA-F1': 0.7606469802641341, 'Event-based-F1': np.float64(0.5179458276361443), 'R-based-F1': 0.3902550182853164, 'Affiliation-F': 0.7761570381777951}
2026-02-08 18:15:44.965 | INFO     | src.pipelines.train_vision_backbones:run_pipeline:170 - Train images: 72
2026-02-08 18:15:44.965 | INFO     | src.pipelines.train_vision_backbones:run_pipeline:171 - Test images: 2890
2026-02-08 18:15:45.177 | INFO     | src.pipelines.train_vision_backbones:run_pipeline:176 - Training resnet18_autoencoder_frozen on SPIRAL
2026-02-08 18:15:45.192 | INFO     | src.models.resnet18_autoencoder.training:train_autoencoder_frozen:25 - Device: cuda | Model on: cuda:0
2026-02-08 18:16:06.463 | INFO     | src.pipelines.train_vision_backbones:run_pipeline:193 - Evaluating resnet18_autoencoder_frozen on SPIRAL
2026-02-08 18:16:10.105 | INFO     | src.models.evaluation:evaluate_tsb_ad_nonoverlapping:65 - Normal (137764) reconstruction error: mean=0.0318, std=0.0558
2026-02-08 18:16:10.105 | INFO     | src.models.evaluation:evaluate_tsb_ad_nonoverlapping:66 - Anomaly (6777) reconstruction error: mean=0.3096, std=0.2895
2026-02-08 18:16:10.105 | INFO     | src.models.evaluation:evaluate_tsb_ad_nonoverlapping:67 - Overlap? Normal max=0.8898, Anomaly min=0.0038
2026-02-08 18:16:50.241 | INFO     | src.models.evaluation:evaluate_tsb_ad_nonoverlapping:83 - {'AUC-PR': 0.5559946054713589, 'AUC-ROC': 0.9072246036024588, 'VUS-PR': np.float64(0.42536632740432184), 'VUS-ROC': np.float64(0.87717427492426), 'Standard-F1': np.float64(0.5641598368000051), 'PA-F1': 0.7544727141958105, 'Event-based-F1': np.float64(0.44201289776931973), 'R-based-F1': 0.30080420930431573, 'Affiliation-F': 0.7154833719929765}
2026-02-08 18:16:50.396 | INFO     | src.pipelines.train_vision_backbones:run_pipeline:170 - Train images: 72
2026-02-08 18:16:50.396 | INFO     | src.pipelines.train_vision_backbones:run_pipeline:171 - Test images: 2890
2026-02-08 18:16:50.608 | INFO     | src.pipelines.train_vision_backbones:run_pipeline:176 - Training resnet18_autoencoder_progressive_unfreeze on SPIRAL
2026-02-08 18:16:50.622 | INFO     | src.models.resnet18_autoencoder.training:train_autoencoder_progressive_unfreeze:133 - Device: cuda | Model on: cuda:0
2026-02-08 18:17:13.751 | INFO     | src.pipelines.train_vision_backbones:run_pipeline:193 - Evaluating resnet18_autoencoder_progressive_unfreeze on SPIRAL
2026-02-08 18:17:23.556 | INFO     | src.models.evaluation:evaluate_tsb_ad_nonoverlapping:65 - Normal (137764) reconstruction error: mean=0.0229, std=0.0381
2026-02-08 18:17:23.556 | INFO     | src.models.evaluation:evaluate_tsb_ad_nonoverlapping:66 - Anomaly (6777) reconstruction error: mean=0.2082, std=0.2145
2026-02-08 18:17:23.556 | INFO     | src.models.evaluation:evaluate_tsb_ad_nonoverlapping:67 - Overlap? Normal max=0.5284, Anomaly min=0.0045
2026-02-08 18:18:01.948 | INFO     | src.models.evaluation:evaluate_tsb_ad_nonoverlapping:83 - {'AUC-PR': 0.550309976372709, 'AUC-ROC': 0.929791491015614, 'VUS-PR': np.float64(0.5265544951762693), 'VUS-ROC': np.float64(0.9310389987541606), 'Standard-F1': np.float64(0.558636763002259), 'PA-F1': 0.7741440196530017, 'Event-based-F1': np.float64(0.5149667109224157), 'R-based-F1': 0.38236483871859567, 'Affiliation-F': 0.7552960297340455}
2026-02-08 18:18:02.105 | INFO     | src.pipelines.train_vision_backbones:run_pipeline:170 - Train images: 72
2026-02-08 18:18:02.105 | INFO     | src.pipelines.train_vision_backbones:run_pipeline:171 - Test images: 2890
2026-02-08 18:18:02.324 | INFO     | src.pipelines.train_vision_backbones:run_pipeline:176 - Training resnet18_autoencoder_differential_lr on SPIRAL
2026-02-08 18:18:02.337 | INFO     | src.models.resnet18_autoencoder.training:train_autoencoder_differential_lr:271 - Device: cuda | Model on: cuda:0
2026-02-08 18:18:14.364 | INFO     | src.pipelines.train_vision_backbones:run_pipeline:193 - Evaluating resnet18_autoencoder_differential_lr on SPIRAL
2026-02-08 18:18:23.488 | INFO     | src.models.evaluation:evaluate_tsb_ad_nonoverlapping:65 - Normal (137764) reconstruction error: mean=0.0291, std=0.0483
2026-02-08 18:18:23.488 | INFO     | src.models.evaluation:evaluate_tsb_ad_nonoverlapping:66 - Anomaly (6777) reconstruction error: mean=0.3021, std=0.2995
2026-02-08 18:18:23.488 | INFO     | src.models.evaluation:evaluate_tsb_ad_nonoverlapping:67 - Overlap? Normal max=0.8315, Anomaly min=0.0025
2026-02-08 18:19:03.074 | INFO     | src.models.evaluation:evaluate_tsb_ad_nonoverlapping:83 - {'AUC-PR': 0.5717854183631141, 'AUC-ROC': 0.9081458091188889, 'VUS-PR': np.float64(0.44901693374068113), 'VUS-ROC': np.float64(0.8958989809006327), 'Standard-F1': np.float64(0.5712072479852424), 'PA-F1': 0.7700152983171851, 'Event-based-F1': np.float64(0.4676478242408465), 'R-based-F1': 0.3376851421097814, 'Affiliation-F': 0.7304835955151134}
2026-02-08 18:19:03.231 | INFO     | src.pipelines.train_vision_backbones:run_pipeline:170 - Train images: 72
2026-02-08 18:19:03.231 | INFO     | src.pipelines.train_vision_backbones:run_pipeline:171 - Test images: 2890
2026-02-08 18:19:04.208 | INFO     | src.pipelines.train_vision_backbones:run_pipeline:176 - Training pvt_autoencoder_frozen on SPIRAL
2026-02-08 18:19:04.230 | INFO     | src.models.pvt_autoencoder.training:train_pvt_autoencoder_frozen:24 - Device: cuda | Model on: cuda:0
2026-02-08 18:19:20.900 | INFO     | src.pipelines.train_vision_backbones:run_pipeline:193 - Evaluating pvt_autoencoder_frozen on SPIRAL
2026-02-08 18:19:29.933 | INFO     | src.models.evaluation:evaluate_tsb_ad_nonoverlapping:65 - Normal (137764) reconstruction error: mean=0.0285, std=0.0385
2026-02-08 18:19:29.933 | INFO     | src.models.evaluation:evaluate_tsb_ad_nonoverlapping:66 - Anomaly (6777) reconstruction error: mean=0.2117, std=0.1756
2026-02-08 18:19:29.933 | INFO     | src.models.evaluation:evaluate_tsb_ad_nonoverlapping:67 - Overlap? Normal max=0.9525, Anomaly min=0.0040
2026-02-08 18:20:08.959 | INFO     | src.models.evaluation:evaluate_tsb_ad_nonoverlapping:83 - {'AUC-PR': 0.5928282660549751, 'AUC-ROC': 0.9206732420875212, 'VUS-PR': np.float64(0.4177449217632989), 'VUS-ROC': np.float64(0.8602253645740027), 'Standard-F1': np.float64(0.5713104621700331), 'PA-F1': 0.7635516530776812, 'Event-based-F1': np.float64(0.438711658103605), 'R-based-F1': 0.313287440299461, 'Affiliation-F': 0.7560169030177297}
2026-02-08 18:20:09.113 | INFO     | src.pipelines.train_vision_backbones:run_pipeline:170 - Train images: 72
2026-02-08 18:20:09.114 | INFO     | src.pipelines.train_vision_backbones:run_pipeline:171 - Test images: 2890
2026-02-08 18:20:10.106 | INFO     | src.pipelines.train_vision_backbones:run_pipeline:176 - Training pvt_autoencoder_progressive_unfreeze on SPIRAL
2026-02-08 18:20:10.130 | INFO     | src.models.pvt_autoencoder.training:train_pvt_autoencoder_progressive_unfreeze:132 - Device: cuda | Model on: cuda:0
2026-02-08 18:20:31.449 | INFO     | src.pipelines.train_vision_backbones:run_pipeline:193 - Evaluating pvt_autoencoder_progressive_unfreeze on SPIRAL
2026-02-08 18:20:41.233 | INFO     | src.models.evaluation:evaluate_tsb_ad_nonoverlapping:65 - Normal (137764) reconstruction error: mean=0.0427, std=0.0585
2026-02-08 18:20:41.233 | INFO     | src.models.evaluation:evaluate_tsb_ad_nonoverlapping:66 - Anomaly (6777) reconstruction error: mean=0.2272, std=0.1734
2026-02-08 18:20:41.233 | INFO     | src.models.evaluation:evaluate_tsb_ad_nonoverlapping:67 - Overlap? Normal max=1.0000, Anomaly min=0.0039
2026-02-08 18:21:21.650 | INFO     | src.models.evaluation:evaluate_tsb_ad_nonoverlapping:83 - {'AUC-PR': 0.44458554963058594, 'AUC-ROC': 0.9317025376229952, 'VUS-PR': np.float64(0.5740997360718068), 'VUS-ROC': np.float64(0.9414441318763751), 'Standard-F1': np.float64(0.5110350879672553), 'PA-F1': 0.8182149894183756, 'Event-based-F1': np.float64(0.5320678865242343), 'R-based-F1': 0.4376164599372593, 'Affiliation-F': 0.8046356816354774}
2026-02-08 18:21:21.810 | INFO     | src.pipelines.train_vision_backbones:run_pipeline:170 - Train images: 72
2026-02-08 18:21:21.811 | INFO     | src.pipelines.train_vision_backbones:run_pipeline:171 - Test images: 2890
2026-02-08 18:21:22.784 | INFO     | src.pipelines.train_vision_backbones:run_pipeline:176 - Training pvt_autoencoder_differential_lr on SPIRAL
2026-02-08 18:21:22.808 | INFO     | src.models.pvt_autoencoder.training:train_pvt_autoencoder_differential_lr:267 - Device: cuda | Model on: cuda:0
2026-02-08 18:21:53.751 | INFO     | src.pipelines.train_vision_backbones:run_pipeline:193 - Evaluating pvt_autoencoder_differential_lr on SPIRAL
2026-02-08 18:22:05.208 | INFO     | src.models.evaluation:evaluate_tsb_ad_nonoverlapping:65 - Normal (137764) reconstruction error: mean=0.0556, std=0.0705
2026-02-08 18:22:05.208 | INFO     | src.models.evaluation:evaluate_tsb_ad_nonoverlapping:66 - Anomaly (6777) reconstruction error: mean=0.3793, std=0.2286
2026-02-08 18:22:05.208 | INFO     | src.models.evaluation:evaluate_tsb_ad_nonoverlapping:67 - Overlap? Normal max=1.0000, Anomaly min=0.0039
2026-02-08 18:22:47.415 | INFO     | src.models.evaluation:evaluate_tsb_ad_nonoverlapping:83 - {'AUC-PR': 0.6073090604977999, 'AUC-ROC': 0.9435377956036619, 'VUS-PR': np.float64(0.5711576226077715), 'VUS-ROC': np.float64(0.928421037498275), 'Standard-F1': np.float64(0.627332916818845), 'PA-F1': 0.8064889918887601, 'Event-based-F1': np.float64(0.5457268190982156), 'R-based-F1': 0.40954336743506425, 'Affiliation-F': 0.7944064964930948}
2026-02-08 18:22:48.496 | INFO     | src.pipelines.train_vision_backbones:run_pipeline:70 - Using zip: /net/scratch/hscra/plgrid/plgsmendowski12/ts2i_images/IOPS/275_IOPS_id_16_WebService_tr_1482_1st_1582_ts2i_RN.zip for transformation RN
2026-02-08 18:22:48.670 | INFO     | src.pipelines.train_vision_backbones:run_pipeline:170 - Train images: 18
2026-02-08 18:22:48.670 | INFO     | src.pipelines.train_vision_backbones:run_pipeline:171 - Test images: 115
2026-02-08 18:22:48.677 | INFO     | src.pipelines.train_vision_backbones:run_pipeline:176 - Training cnn_autoencoder on RN
2026-02-08 18:22:48.682 | INFO     | src.models.cnn_autoencoder.training:train_autoencoder:22 - Device: cuda | Model on: cuda:0
2026-02-08 18:22:58.226 | INFO     | src.pipelines.train_vision_backbones:run_pipeline:193 - Evaluating cnn_autoencoder on RN
2026-02-08 18:22:58.336 | INFO     | src.models.evaluation:evaluate_tsb_ad_nonoverlapping:65 - Normal (7231) reconstruction error: mean=0.4077, std=0.2956
2026-02-08 18:22:58.336 | INFO     | src.models.evaluation:evaluate_tsb_ad_nonoverlapping:66 - Anomaly (71) reconstruction error: mean=0.4105, std=0.0711
2026-02-08 18:22:58.337 | INFO     | src.models.evaluation:evaluate_tsb_ad_nonoverlapping:67 - Overlap? Normal max=1.0000, Anomaly min=0.1558
2026-02-08 18:23:03.819 | INFO     | src.models.evaluation:evaluate_tsb_ad_nonoverlapping:83 - {'AUC-PR': 0.023202947242301864, 'AUC-ROC': 0.671132311779681, 'VUS-PR': np.float64(0.14015028690252895), 'VUS-ROC': np.float64(0.6934287364432207), 'Standard-F1': np.float64(0.04747498794389637), 'PA-F1': 0.04747550866616428, 'Event-based-F1': np.float64(0.047058823529411695), 'R-based-F1': 0.017275950139137724, 'Affiliation-F': 0.7030505455872087}
2026-02-08 18:23:03.976 | INFO     | src.pipelines.train_vision_backbones:run_pipeline:170 - Train images: 18
2026-02-08 18:23:03.976 | INFO     | src.pipelines.train_vision_backbones:run_pipeline:171 - Test images: 115
2026-02-08 18:23:04.188 | INFO     | src.pipelines.train_vision_backbones:run_pipeline:176 - Training resnet18_autoencoder_frozen on RN
2026-02-08 18:23:04.201 | INFO     | src.models.resnet18_autoencoder.training:train_autoencoder_frozen:25 - Device: cuda | Model on: cuda:0
2026-02-08 18:23:15.426 | INFO     | src.pipelines.train_vision_backbones:run_pipeline:193 - Evaluating resnet18_autoencoder_frozen on RN
2026-02-08 18:23:15.566 | INFO     | src.models.evaluation:evaluate_tsb_ad_nonoverlapping:65 - Normal (7231) reconstruction error: mean=0.5804, std=0.3032
2026-02-08 18:23:15.566 | INFO     | src.models.evaluation:evaluate_tsb_ad_nonoverlapping:66 - Anomaly (71) reconstruction error: mean=0.4380, std=0.0799
2026-02-08 18:23:15.566 | INFO     | src.models.evaluation:evaluate_tsb_ad_nonoverlapping:67 - Overlap? Normal max=1.0000, Anomaly min=0.3627
2026-02-08 18:23:21.326 | INFO     | src.models.evaluation:evaluate_tsb_ad_nonoverlapping:83 - {'AUC-PR': 0.012180089696752413, 'AUC-ROC': 0.32537042195087273, 'VUS-PR': np.float64(0.053718997674936785), 'VUS-ROC': np.float64(0.49444245844127666), 'Standard-F1': np.float64(0.025689195137633604), 'PA-F1': 0.02568945976577257, 'Event-based-F1': np.float64(0.025638125400595683), 'R-based-F1': 0.021152485256950293, 'Affiliation-F': 0.6829697426202886}
2026-02-08 18:23:21.483 | INFO     | src.pipelines.train_vision_backbones:run_pipeline:170 - Train images: 18
2026-02-08 18:23:21.483 | INFO     | src.pipelines.train_vision_backbones:run_pipeline:171 - Test images: 115
2026-02-08 18:23:21.694 | INFO     | src.pipelines.train_vision_backbones:run_pipeline:176 - Training resnet18_autoencoder_progressive_unfreeze on RN
2026-02-08 18:23:21.708 | INFO     | src.models.resnet18_autoencoder.training:train_autoencoder_progressive_unfreeze:133 - Device: cuda | Model on: cuda:0
2026-02-08 18:23:32.270 | INFO     | src.pipelines.train_vision_backbones:run_pipeline:193 - Evaluating resnet18_autoencoder_progressive_unfreeze on RN
2026-02-08 18:23:32.381 | INFO     | src.models.evaluation:evaluate_tsb_ad_nonoverlapping:65 - Normal (7231) reconstruction error: mean=0.5398, std=0.3469
2026-02-08 18:23:32.382 | INFO     | src.models.evaluation:evaluate_tsb_ad_nonoverlapping:66 - Anomaly (71) reconstruction error: mean=0.0797, std=0.2270
2026-02-08 18:23:32.382 | INFO     | src.models.evaluation:evaluate_tsb_ad_nonoverlapping:67 - Overlap? Normal max=1.0000, Anomaly min=0.0005
2026-02-08 18:23:38.104 | INFO     | src.models.evaluation:evaluate_tsb_ad_nonoverlapping:83 - {'AUC-PR': 0.009668442445500752, 'AUC-ROC': 0.1609609252806286, 'VUS-PR': np.float64(0.07066589405858385), 'VUS-ROC': np.float64(0.4099995617524552), 'Standard-F1': np.float64(0.021058667501958218), 'PA-F1': 0.021058875871273915, 'Event-based-F1': np.float64(0.02105887587127389), 'R-based-F1': 0.07126067825282, 'Affiliation-F': 0.7300301334105818}
2026-02-08 18:23:38.259 | INFO     | src.pipelines.train_vision_backbones:run_pipeline:170 - Train images: 18
2026-02-08 18:23:38.259 | INFO     | src.pipelines.train_vision_backbones:run_pipeline:171 - Test images: 115
2026-02-08 18:23:38.470 | INFO     | src.pipelines.train_vision_backbones:run_pipeline:176 - Training resnet18_autoencoder_differential_lr on RN
2026-02-08 18:23:38.483 | INFO     | src.models.resnet18_autoencoder.training:train_autoencoder_differential_lr:271 - Device: cuda | Model on: cuda:0
2026-02-08 18:23:51.059 | INFO     | src.pipelines.train_vision_backbones:run_pipeline:193 - Evaluating resnet18_autoencoder_differential_lr on RN
2026-02-08 18:23:51.163 | INFO     | src.models.evaluation:evaluate_tsb_ad_nonoverlapping:65 - Normal (7231) reconstruction error: mean=0.5128, std=0.3402
2026-02-08 18:23:51.163 | INFO     | src.models.evaluation:evaluate_tsb_ad_nonoverlapping:66 - Anomaly (71) reconstruction error: mean=0.1677, std=0.1808
2026-02-08 18:23:51.163 | INFO     | src.models.evaluation:evaluate_tsb_ad_nonoverlapping:67 - Overlap? Normal max=1.0000, Anomaly min=0.1068
2026-02-08 18:23:56.822 | INFO     | src.models.evaluation:evaluate_tsb_ad_nonoverlapping:83 - {'AUC-PR': 0.010101345656959136, 'AUC-ROC': 0.19142833769314826, 'VUS-PR': np.float64(0.06325730764530349), 'VUS-ROC': np.float64(0.4056068409790231), 'Standard-F1': np.float64(0.022090634053888173), 'PA-F1': 0.02209085252022402, 'Event-based-F1': np.float64(0.022090852520223993), 'R-based-F1': 0.021152485256950293, 'Affiliation-F': 0.6829697426202886}
2026-02-08 18:23:56.997 | INFO     | src.pipelines.train_vision_backbones:run_pipeline:170 - Train images: 18
2026-02-08 18:23:56.998 | INFO     | src.pipelines.train_vision_backbones:run_pipeline:171 - Test images: 115
2026-02-08 18:23:58.288 | INFO     | src.pipelines.train_vision_backbones:run_pipeline:176 - Training pvt_autoencoder_frozen on RN
2026-02-08 18:23:58.312 | INFO     | src.models.pvt_autoencoder.training:train_pvt_autoencoder_frozen:24 - Device: cuda | Model on: cuda:0
2026-02-08 18:24:19.949 | INFO     | src.pipelines.train_vision_backbones:run_pipeline:193 - Evaluating pvt_autoencoder_frozen on RN
2026-02-08 18:24:20.044 | INFO     | src.models.evaluation:evaluate_tsb_ad_nonoverlapping:65 - Normal (7231) reconstruction error: mean=0.5454, std=0.3353
2026-02-08 18:24:20.044 | INFO     | src.models.evaluation:evaluate_tsb_ad_nonoverlapping:66 - Anomaly (71) reconstruction error: mean=0.3255, std=0.1424
2026-02-08 18:24:20.044 | INFO     | src.models.evaluation:evaluate_tsb_ad_nonoverlapping:67 - Overlap? Normal max=1.0000, Anomaly min=0.2916
2026-02-08 18:24:25.727 | INFO     | src.models.evaluation:evaluate_tsb_ad_nonoverlapping:83 - {'AUC-PR': 0.01069231746676833, 'AUC-ROC': 0.23127438396107527, 'VUS-PR': np.float64(0.0809125798112925), 'VUS-ROC': np.float64(0.4764158562649453), 'Standard-F1': np.float64(0.0232289541152613), 'PA-F1': 0.023229183706854246, 'Event-based-F1': np.float64(0.023229183706854218), 'R-based-F1': 0.021152485256950293, 'Affiliation-F': 0.6847676387039766}
2026-02-08 18:24:25.886 | INFO     | src.pipelines.train_vision_backbones:run_pipeline:170 - Train images: 18
2026-02-08 18:24:25.887 | INFO     | src.pipelines.train_vision_backbones:run_pipeline:171 - Test images: 115
2026-02-08 18:24:27.148 | INFO     | src.pipelines.train_vision_backbones:run_pipeline:176 - Training pvt_autoencoder_progressive_unfreeze on RN
2026-02-08 18:24:27.171 | INFO     | src.models.pvt_autoencoder.training:train_pvt_autoencoder_progressive_unfreeze:132 - Device: cuda | Model on: cuda:0
2026-02-08 18:24:40.354 | INFO     | src.pipelines.train_vision_backbones:run_pipeline:193 - Evaluating pvt_autoencoder_progressive_unfreeze on RN
2026-02-08 18:24:40.844 | INFO     | src.models.evaluation:evaluate_tsb_ad_nonoverlapping:65 - Normal (7231) reconstruction error: mean=0.5311, std=0.3092
2026-02-08 18:24:40.845 | INFO     | src.models.evaluation:evaluate_tsb_ad_nonoverlapping:66 - Anomaly (71) reconstruction error: mean=0.4436, std=0.0411
2026-02-08 18:24:40.845 | INFO     | src.models.evaluation:evaluate_tsb_ad_nonoverlapping:67 - Overlap? Normal max=1.0000, Anomaly min=0.4055
2026-02-08 18:24:46.563 | INFO     | src.models.evaluation:evaluate_tsb_ad_nonoverlapping:83 - {'AUC-PR': 0.018573903506928252, 'AUC-ROC': 0.5510945635088362, 'VUS-PR': np.float64(0.09005126086912799), 'VUS-ROC': np.float64(0.6407313603141039), 'Standard-F1': np.float64(0.038777499892109685), 'PA-F1': 0.03272186415468518, 'Event-based-F1': np.float64(0.032655484637078784), 'R-based-F1': 0.021152485256950293, 'Affiliation-F': 0.705595927456804}
2026-02-08 18:24:46.724 | INFO     | src.pipelines.train_vision_backbones:run_pipeline:170 - Train images: 18
2026-02-08 18:24:46.724 | INFO     | src.pipelines.train_vision_backbones:run_pipeline:171 - Test images: 115
2026-02-08 18:24:47.692 | INFO     | src.pipelines.train_vision_backbones:run_pipeline:176 - Training pvt_autoencoder_differential_lr on RN
2026-02-08 18:24:47.716 | INFO     | src.models.pvt_autoencoder.training:train_pvt_autoencoder_differential_lr:267 - Device: cuda | Model on: cuda:0
2026-02-08 18:25:02.895 | INFO     | src.pipelines.train_vision_backbones:run_pipeline:193 - Evaluating pvt_autoencoder_differential_lr on RN
2026-02-08 18:25:03.516 | INFO     | src.models.evaluation:evaluate_tsb_ad_nonoverlapping:65 - Normal (7231) reconstruction error: mean=0.5717, std=0.3396
2026-02-08 18:25:03.516 | INFO     | src.models.evaluation:evaluate_tsb_ad_nonoverlapping:66 - Anomaly (71) reconstruction error: mean=0.3631, std=0.1102
2026-02-08 18:25:03.516 | INFO     | src.models.evaluation:evaluate_tsb_ad_nonoverlapping:67 - Overlap? Normal max=1.0000, Anomaly min=0.3350
2026-02-08 18:25:09.319 | INFO     | src.models.evaluation:evaluate_tsb_ad_nonoverlapping:83 - {'AUC-PR': 0.011649559744115029, 'AUC-ROC': 0.2868362157455868, 'VUS-PR': np.float64(0.05426688314596909), 'VUS-ROC': np.float64(0.4746316315696791), 'Standard-F1': np.float64(0.02407415619234479), 'PA-F1': 0.02209085252022402, 'Event-based-F1': np.float64(0.022090852520223993), 'R-based-F1': 0.021152485256950293, 'Affiliation-F': 0.6829697426202886}
2026-02-08 18:25:09.534 | INFO     | src.pipelines.train_vision_backbones:run_pipeline:70 - Using zip: /net/scratch/hscra/plgrid/plgsmendowski12/ts2i_images/IOPS/275_IOPS_id_16_WebService_tr_1482_1st_1582_ts2i_LP.zip for transformation LP
2026-02-08 18:25:09.708 | INFO     | src.pipelines.train_vision_backbones:run_pipeline:170 - Train images: 18
2026-02-08 18:25:09.708 | INFO     | src.pipelines.train_vision_backbones:run_pipeline:171 - Test images: 115
2026-02-08 18:25:09.715 | INFO     | src.pipelines.train_vision_backbones:run_pipeline:176 - Training cnn_autoencoder on LP
2026-02-08 18:25:09.720 | INFO     | src.models.cnn_autoencoder.training:train_autoencoder:22 - Device: cuda | Model on: cuda:0
2026-02-08 18:25:29.022 | INFO     | src.pipelines.train_vision_backbones:run_pipeline:193 - Evaluating cnn_autoencoder on LP
2026-02-08 18:25:29.211 | INFO     | src.models.evaluation:evaluate_tsb_ad_nonoverlapping:65 - Normal (7231) reconstruction error: mean=0.4093, std=0.2103
2026-02-08 18:25:29.212 | INFO     | src.models.evaluation:evaluate_tsb_ad_nonoverlapping:66 - Anomaly (71) reconstruction error: mean=0.3562, std=0.3326
2026-02-08 18:25:29.212 | INFO     | src.models.evaluation:evaluate_tsb_ad_nonoverlapping:67 - Overlap? Normal max=1.0000, Anomaly min=0.0356
2026-02-08 18:25:34.701 | INFO     | src.models.evaluation:evaluate_tsb_ad_nonoverlapping:83 - {'AUC-PR': 0.023658501407293527, 'AUC-ROC': 0.45220987103648025, 'VUS-PR': np.float64(0.18549434077412363), 'VUS-ROC': np.float64(0.892172898381853), 'Standard-F1': np.float64(0.08807989956270387), 'PA-F1': 0.21855670103092784, 'Event-based-F1': np.float64(0.07925407925407905), 'R-based-F1': 0.041020337814546705, 'Affiliation-F': 0.6964209283059618}
2026-02-08 18:25:34.858 | INFO     | src.pipelines.train_vision_backbones:run_pipeline:170 - Train images: 18
2026-02-08 18:25:34.859 | INFO     | src.pipelines.train_vision_backbones:run_pipeline:171 - Test images: 115
2026-02-08 18:25:35.074 | INFO     | src.pipelines.train_vision_backbones:run_pipeline:176 - Training resnet18_autoencoder_frozen on LP
2026-02-08 18:25:35.087 | INFO     | src.models.resnet18_autoencoder.training:train_autoencoder_frozen:25 - Device: cuda | Model on: cuda:0
2026-02-08 18:26:04.022 | INFO     | src.pipelines.train_vision_backbones:run_pipeline:193 - Evaluating resnet18_autoencoder_frozen on LP
2026-02-08 18:26:04.222 | INFO     | src.models.evaluation:evaluate_tsb_ad_nonoverlapping:65 - Normal (7231) reconstruction error: mean=0.4064, std=0.2191
2026-02-08 18:26:04.222 | INFO     | src.models.evaluation:evaluate_tsb_ad_nonoverlapping:66 - Anomaly (71) reconstruction error: mean=0.6597, std=0.2423
2026-02-08 18:26:04.222 | INFO     | src.models.evaluation:evaluate_tsb_ad_nonoverlapping:67 - Overlap? Normal max=1.0000, Anomaly min=0.0545
2026-02-08 18:26:09.798 | INFO     | src.models.evaluation:evaluate_tsb_ad_nonoverlapping:83 - {'AUC-PR': 0.09477802829434356, 'AUC-ROC': 0.7831558567279768, 'VUS-PR': np.float64(0.46358063064874333), 'VUS-ROC': np.float64(0.9423073069893017), 'Standard-F1': np.float64(0.2537263612027495), 'PA-F1': 0.6235294117647059, 'Event-based-F1': np.float64(0.2982456140350872), 'R-based-F1': 0.17097701149425287, 'Affiliation-F': 0.7423085884393348}
2026-02-08 18:26:09.958 | INFO     | src.pipelines.train_vision_backbones:run_pipeline:170 - Train images: 18
2026-02-08 18:26:09.958 | INFO     | src.pipelines.train_vision_backbones:run_pipeline:171 - Test images: 115
2026-02-08 18:26:10.166 | INFO     | src.pipelines.train_vision_backbones:run_pipeline:176 - Training resnet18_autoencoder_progressive_unfreeze on LP
2026-02-08 18:26:10.179 | INFO     | src.models.resnet18_autoencoder.training:train_autoencoder_progressive_unfreeze:133 - Device: cuda | Model on: cuda:0
2026-02-08 18:26:48.489 | INFO     | src.pipelines.train_vision_backbones:run_pipeline:193 - Evaluating resnet18_autoencoder_progressive_unfreeze on LP
2026-02-08 18:26:48.632 | INFO     | src.models.evaluation:evaluate_tsb_ad_nonoverlapping:65 - Normal (7231) reconstruction error: mean=0.4464, std=0.2085
2026-02-08 18:26:48.632 | INFO     | src.models.evaluation:evaluate_tsb_ad_nonoverlapping:66 - Anomaly (71) reconstruction error: mean=0.4365, std=0.3853
2026-02-08 18:26:48.632 | INFO     | src.models.evaluation:evaluate_tsb_ad_nonoverlapping:67 - Overlap? Normal max=1.0000, Anomaly min=0.0974
2026-02-08 18:26:54.194 | INFO     | src.models.evaluation:evaluate_tsb_ad_nonoverlapping:83 - {'AUC-PR': 0.04469835281366867, 'AUC-ROC': 0.4502932405663409, 'VUS-PR': np.float64(0.24932483875854144), 'VUS-ROC': np.float64(0.8955273570701102), 'Standard-F1': np.float64(0.1725842223396445), 'PA-F1': 0.45493562231759654, 'Event-based-F1': np.float64(0.19209039548022558), 'R-based-F1': 0.10466138962181178, 'Affiliation-F': 0.6985992289463021}
2026-02-08 18:26:54.352 | INFO     | src.pipelines.train_vision_backbones:run_pipeline:170 - Train images: 18
2026-02-08 18:26:54.352 | INFO     | src.pipelines.train_vision_backbones:run_pipeline:171 - Test images: 115
2026-02-08 18:26:54.564 | INFO     | src.pipelines.train_vision_backbones:run_pipeline:176 - Training resnet18_autoencoder_differential_lr on LP
2026-02-08 18:26:54.577 | INFO     | src.models.resnet18_autoencoder.training:train_autoencoder_differential_lr:271 - Device: cuda | Model on: cuda:0
2026-02-08 18:27:22.665 | INFO     | src.pipelines.train_vision_backbones:run_pipeline:193 - Evaluating resnet18_autoencoder_differential_lr on LP
2026-02-08 18:27:23.183 | INFO     | src.models.evaluation:evaluate_tsb_ad_nonoverlapping:65 - Normal (7231) reconstruction error: mean=0.0873, std=0.1782
2026-02-08 18:27:23.183 | INFO     | src.models.evaluation:evaluate_tsb_ad_nonoverlapping:66 - Anomaly (71) reconstruction error: mean=0.0352, std=0.0394
2026-02-08 18:27:23.183 | INFO     | src.models.evaluation:evaluate_tsb_ad_nonoverlapping:67 - Overlap? Normal max=1.0000, Anomaly min=0.0000
2026-02-08 18:27:28.040 | INFO     | src.models.evaluation:evaluate_tsb_ad_nonoverlapping:83 - {'AUC-PR': 0.015921739160191857, 'AUC-ROC': 0.3899193807569521, 'VUS-PR': np.float64(0.14416142758666967), 'VUS-ROC': np.float64(0.8620019313702932), 'Standard-F1': np.float64(0.048366024126535054), 'PA-F1': 0.12977983777520277, 'Event-based-F1': np.float64(0.050251256281406934), 'R-based-F1': 0.06561093796951828, 'Affiliation-F': 0.6666418422421565}
2026-02-08 18:27:28.204 | INFO     | src.pipelines.train_vision_backbones:run_pipeline:170 - Train images: 18
2026-02-08 18:27:28.204 | INFO     | src.pipelines.train_vision_backbones:run_pipeline:171 - Test images: 115
2026-02-08 18:27:29.170 | INFO     | src.pipelines.train_vision_backbones:run_pipeline:176 - Training pvt_autoencoder_frozen on LP
2026-02-08 18:27:29.194 | INFO     | src.models.pvt_autoencoder.training:train_pvt_autoencoder_frozen:24 - Device: cuda | Model on: cuda:0
2026-02-08 18:27:59.154 | INFO     | src.pipelines.train_vision_backbones:run_pipeline:193 - Evaluating pvt_autoencoder_frozen on LP
2026-02-08 18:27:59.635 | INFO     | src.models.evaluation:evaluate_tsb_ad_nonoverlapping:65 - Normal (7231) reconstruction error: mean=0.4423, std=0.2051
2026-02-08 18:27:59.635 | INFO     | src.models.evaluation:evaluate_tsb_ad_nonoverlapping:66 - Anomaly (71) reconstruction error: mean=0.4469, std=0.4037
2026-02-08 18:27:59.635 | INFO     | src.models.evaluation:evaluate_tsb_ad_nonoverlapping:67 - Overlap? Normal max=1.0000, Anomaly min=0.0912
2026-02-08 18:28:05.188 | INFO     | src.models.evaluation:evaluate_tsb_ad_nonoverlapping:83 - {'AUC-PR': 0.08454178086152456, 'AUC-ROC': 0.46845448294802705, 'VUS-PR': np.float64(0.5075845135100794), 'VUS-ROC': np.float64(0.9378902626752813), 'Standard-F1': np.float64(0.2537263612027495), 'PA-F1': 0.6235294117647059, 'Event-based-F1': np.float64(0.2982456140350872), 'R-based-F1': 0.17097701149425287, 'Affiliation-F': 0.789173565041798}
2026-02-08 18:28:05.343 | INFO     | src.pipelines.train_vision_backbones:run_pipeline:170 - Train images: 18
2026-02-08 18:28:05.343 | INFO     | src.pipelines.train_vision_backbones:run_pipeline:171 - Test images: 115
2026-02-08 18:28:06.316 | INFO     | src.pipelines.train_vision_backbones:run_pipeline:176 - Training pvt_autoencoder_progressive_unfreeze on LP
2026-02-08 18:28:06.340 | INFO     | src.models.pvt_autoencoder.training:train_pvt_autoencoder_progressive_unfreeze:132 - Device: cuda | Model on: cuda:0
2026-02-08 18:28:37.665 | INFO     | src.pipelines.train_vision_backbones:run_pipeline:193 - Evaluating pvt_autoencoder_progressive_unfreeze on LP
2026-02-08 18:28:37.742 | INFO     | src.models.evaluation:evaluate_tsb_ad_nonoverlapping:65 - Normal (7231) reconstruction error: mean=0.4783, std=0.2105
2026-02-08 18:28:37.742 | INFO     | src.models.evaluation:evaluate_tsb_ad_nonoverlapping:66 - Anomaly (71) reconstruction error: mean=0.4197, std=0.4293
2026-02-08 18:28:37.742 | INFO     | src.models.evaluation:evaluate_tsb_ad_nonoverlapping:67 - Overlap? Normal max=1.0000, Anomaly min=0.0197
2026-02-08 18:28:43.342 | INFO     | src.models.evaluation:evaluate_tsb_ad_nonoverlapping:83 - {'AUC-PR': 0.07870446264520295, 'AUC-ROC': 0.4377299615700008, 'VUS-PR': np.float64(0.35694322896258235), 'VUS-ROC': np.float64(0.9012328576946529), 'Standard-F1': np.float64(0.2537263612027495), 'PA-F1': 0.6235294117647059, 'Event-based-F1': np.float64(0.2982456140350872), 'R-based-F1': 0.17097701149425287, 'Affiliation-F': 0.6849769664429077}
2026-02-08 18:28:43.498 | INFO     | src.pipelines.train_vision_backbones:run_pipeline:170 - Train images: 18
2026-02-08 18:28:43.498 | INFO     | src.pipelines.train_vision_backbones:run_pipeline:171 - Test images: 115
2026-02-08 18:28:44.479 | INFO     | src.pipelines.train_vision_backbones:run_pipeline:176 - Training pvt_autoencoder_differential_lr on LP
2026-02-08 18:28:44.503 | INFO     | src.models.pvt_autoencoder.training:train_pvt_autoencoder_differential_lr:267 - Device: cuda | Model on: cuda:0
2026-02-08 18:29:15.619 | INFO     | src.pipelines.train_vision_backbones:run_pipeline:193 - Evaluating pvt_autoencoder_differential_lr on LP
2026-02-08 18:29:15.813 | INFO     | src.models.evaluation:evaluate_tsb_ad_nonoverlapping:65 - Normal (7231) reconstruction error: mean=0.4195, std=0.1793
2026-02-08 18:29:15.814 | INFO     | src.models.evaluation:evaluate_tsb_ad_nonoverlapping:66 - Anomaly (71) reconstruction error: mean=0.3777, std=0.4288
2026-02-08 18:29:15.814 | INFO     | src.models.evaluation:evaluate_tsb_ad_nonoverlapping:67 - Overlap? Normal max=1.0000, Anomaly min=0.0000
2026-02-08 18:29:21.284 | INFO     | src.models.evaluation:evaluate_tsb_ad_nonoverlapping:83 - {'AUC-PR': 0.07794508643714373, 'AUC-ROC': 0.42010631066164644, 'VUS-PR': np.float64(0.3168445046965724), 'VUS-ROC': np.float64(0.9031377700620511), 'Standard-F1': np.float64(0.2537263612027495), 'PA-F1': 0.6235294117647059, 'Event-based-F1': np.float64(0.2982456140350872), 'R-based-F1': 0.17097701149425287, 'Affiliation-F': 0.6886755354929508}
2026-02-08 18:29:21.499 | INFO     | src.pipelines.train_vision_backbones:run_pipeline:70 - Using zip: /net/scratch/hscra/plgrid/plgsmendowski12/ts2i_images/IOPS/275_IOPS_id_16_WebService_tr_1482_1st_1582_ts2i_SG.zip for transformation SG
2026-02-08 18:29:21.684 | INFO     | src.pipelines.train_vision_backbones:run_pipeline:170 - Train images: 18
2026-02-08 18:29:21.685 | INFO     | src.pipelines.train_vision_backbones:run_pipeline:171 - Test images: 115
2026-02-08 18:29:21.691 | INFO     | src.pipelines.train_vision_backbones:run_pipeline:176 - Training cnn_autoencoder on SG
2026-02-08 18:29:21.695 | INFO     | src.models.cnn_autoencoder.training:train_autoencoder:22 - Device: cuda | Model on: cuda:0
2026-02-08 18:29:40.944 | INFO     | src.pipelines.train_vision_backbones:run_pipeline:193 - Evaluating cnn_autoencoder on SG
2026-02-08 18:29:41.041 | INFO     | src.models.evaluation:evaluate_tsb_ad_nonoverlapping:65 - Normal (7231) reconstruction error: mean=0.2313, std=0.2051
2026-02-08 18:29:41.041 | INFO     | src.models.evaluation:evaluate_tsb_ad_nonoverlapping:66 - Anomaly (71) reconstruction error: mean=0.4211, std=0.1946
2026-02-08 18:29:41.041 | INFO     | src.models.evaluation:evaluate_tsb_ad_nonoverlapping:67 - Overlap? Normal max=1.0000, Anomaly min=0.1564
2026-02-08 18:29:46.240 | INFO     | src.models.evaluation:evaluate_tsb_ad_nonoverlapping:83 - {'AUC-PR': 0.040574862146396606, 'AUC-ROC': 0.8248308826823477, 'VUS-PR': np.float64(0.24096358270368695), 'VUS-ROC': np.float64(0.8270698743186597), 'Standard-F1': np.float64(0.09621345388467635), 'PA-F1': 0.1571072319201995, 'Event-based-F1': np.float64(0.09468374078385708), 'R-based-F1': 0.06982712047541867, 'Affiliation-F': 0.7806009878925175}
2026-02-08 18:29:46.399 | INFO     | src.pipelines.train_vision_backbones:run_pipeline:170 - Train images: 18
2026-02-08 18:29:46.400 | INFO     | src.pipelines.train_vision_backbones:run_pipeline:171 - Test images: 115
2026-02-08 18:29:46.605 | INFO     | src.pipelines.train_vision_backbones:run_pipeline:176 - Training resnet18_autoencoder_frozen on SG
2026-02-08 18:29:46.617 | INFO     | src.models.resnet18_autoencoder.training:train_autoencoder_frozen:25 - Device: cuda | Model on: cuda:0
2026-02-08 18:29:50.759 | INFO     | src.pipelines.train_vision_backbones:run_pipeline:193 - Evaluating resnet18_autoencoder_frozen on SG
2026-02-08 18:29:50.869 | INFO     | src.models.evaluation:evaluate_tsb_ad_nonoverlapping:65 - Normal (7231) reconstruction error: mean=0.3949, std=0.2807
2026-02-08 18:29:50.869 | INFO     | src.models.evaluation:evaluate_tsb_ad_nonoverlapping:66 - Anomaly (71) reconstruction error: mean=0.6474, std=0.3000
2026-02-08 18:29:50.870 | INFO     | src.models.evaluation:evaluate_tsb_ad_nonoverlapping:67 - Overlap? Normal max=1.0000, Anomaly min=0.2416
2026-02-08 18:29:56.304 | INFO     | src.models.evaluation:evaluate_tsb_ad_nonoverlapping:83 - {'AUC-PR': 0.0638366271451009, 'AUC-ROC': 0.7291162268869753, 'VUS-PR': np.float64(0.24170300852796894), 'VUS-ROC': np.float64(0.8162207469902099), 'Standard-F1': np.float64(0.17817105692938426), 'PA-F1': 0.23326133909287258, 'Event-based-F1': np.float64(0.16064257028112414), 'R-based-F1': 0.16966343937298292, 'Affiliation-F': 0.713051450090144}
2026-02-08 18:29:56.460 | INFO     | src.pipelines.train_vision_backbones:run_pipeline:170 - Train images: 18
2026-02-08 18:29:56.460 | INFO     | src.pipelines.train_vision_backbones:run_pipeline:171 - Test images: 115
2026-02-08 18:29:56.671 | INFO     | src.pipelines.train_vision_backbones:run_pipeline:176 - Training resnet18_autoencoder_progressive_unfreeze on SG
2026-02-08 18:29:56.684 | INFO     | src.models.resnet18_autoencoder.training:train_autoencoder_progressive_unfreeze:133 - Device: cuda | Model on: cuda:0
2026-02-08 18:29:59.076 | INFO     | src.pipelines.train_vision_backbones:run_pipeline:193 - Evaluating resnet18_autoencoder_progressive_unfreeze on SG
2026-02-08 18:29:59.181 | INFO     | src.models.evaluation:evaluate_tsb_ad_nonoverlapping:65 - Normal (7231) reconstruction error: mean=0.3938, std=0.2770
2026-02-08 18:29:59.181 | INFO     | src.models.evaluation:evaluate_tsb_ad_nonoverlapping:66 - Anomaly (71) reconstruction error: mean=0.6235, std=0.2789
2026-02-08 18:29:59.181 | INFO     | src.models.evaluation:evaluate_tsb_ad_nonoverlapping:67 - Overlap? Normal max=1.0000, Anomaly min=0.2348
2026-02-08 18:30:04.638 | INFO     | src.models.evaluation:evaluate_tsb_ad_nonoverlapping:83 - {'AUC-PR': 0.05662107251581674, 'AUC-ROC': 0.7245759162915538, 'VUS-PR': np.float64(0.23144873199653168), 'VUS-ROC': np.float64(0.8254036130962975), 'Standard-F1': np.float64(0.15624761119679972), 'PA-F1': 0.20532319391634982, 'Event-based-F1': np.float64(0.1426024955436717), 'R-based-F1': 0.16966343937298292, 'Affiliation-F': 0.7515081578306776}
2026-02-08 18:30:04.794 | INFO     | src.pipelines.train_vision_backbones:run_pipeline:170 - Train images: 18
2026-02-08 18:30:04.794 | INFO     | src.pipelines.train_vision_backbones:run_pipeline:171 - Test images: 115
2026-02-08 18:30:05.006 | INFO     | src.pipelines.train_vision_backbones:run_pipeline:176 - Training resnet18_autoencoder_differential_lr on SG
2026-02-08 18:30:05.019 | INFO     | src.models.resnet18_autoencoder.training:train_autoencoder_differential_lr:271 - Device: cuda | Model on: cuda:0
2026-02-08 18:30:20.474 | INFO     | src.pipelines.train_vision_backbones:run_pipeline:193 - Evaluating resnet18_autoencoder_differential_lr on SG
2026-02-08 18:30:20.563 | INFO     | src.models.evaluation:evaluate_tsb_ad_nonoverlapping:65 - Normal (7231) reconstruction error: mean=0.1637, std=0.2222
2026-02-08 18:30:20.563 | INFO     | src.models.evaluation:evaluate_tsb_ad_nonoverlapping:66 - Anomaly (71) reconstruction error: mean=0.1691, std=0.2684
2026-02-08 18:30:20.563 | INFO     | src.models.evaluation:evaluate_tsb_ad_nonoverlapping:67 - Overlap? Normal max=1.0000, Anomaly min=0.0141
2026-02-08 18:30:25.574 | INFO     | src.models.evaluation:evaluate_tsb_ad_nonoverlapping:83 - {'AUC-PR': 0.015667562236865697, 'AUC-ROC': 0.4818533660822632, 'VUS-PR': np.float64(0.2343622431092586), 'VUS-ROC': np.float64(0.7989313207741552), 'Standard-F1': np.float64(0.05969651077439003), 'PA-F1': 0.08823529411764706, 'Event-based-F1': np.float64(0.09195402298850534), 'R-based-F1': 0.0835707502374169, 'Affiliation-F': 0.72069214057418}
2026-02-08 18:30:25.730 | INFO     | src.pipelines.train_vision_backbones:run_pipeline:170 - Train images: 18
2026-02-08 18:30:25.731 | INFO     | src.pipelines.train_vision_backbones:run_pipeline:171 - Test images: 115
2026-02-08 18:30:26.673 | INFO     | src.pipelines.train_vision_backbones:run_pipeline:176 - Training pvt_autoencoder_frozen on SG
2026-02-08 18:30:26.697 | INFO     | src.models.pvt_autoencoder.training:train_pvt_autoencoder_frozen:24 - Device: cuda | Model on: cuda:0
2026-02-08 18:30:33.175 | INFO     | src.pipelines.train_vision_backbones:run_pipeline:193 - Evaluating pvt_autoencoder_frozen on SG
2026-02-08 18:30:33.254 | INFO     | src.models.evaluation:evaluate_tsb_ad_nonoverlapping:65 - Normal (7231) reconstruction error: mean=0.2710, std=0.2138
2026-02-08 18:30:33.254 | INFO     | src.models.evaluation:evaluate_tsb_ad_nonoverlapping:66 - Anomaly (71) reconstruction error: mean=0.5398, std=0.1826
2026-02-08 18:30:33.254 | INFO     | src.models.evaluation:evaluate_tsb_ad_nonoverlapping:67 - Overlap? Normal max=1.0000, Anomaly min=0.0699
2026-02-08 18:30:38.479 | INFO     | src.models.evaluation:evaluate_tsb_ad_nonoverlapping:83 - {'AUC-PR': 0.0679631333536864, 'AUC-ROC': 0.8482687022424967, 'VUS-PR': np.float64(0.2327770627647237), 'VUS-ROC': np.float64(0.8258071052926621), 'Standard-F1': np.float64(0.1626230011945733), 'PA-F1': 0.1833616298811545, 'Event-based-F1': np.float64(0.13103448275862045), 'R-based-F1': 0.14429585603434042, 'Affiliation-F': 0.7917393002786457}
2026-02-08 18:30:38.632 | INFO     | src.pipelines.train_vision_backbones:run_pipeline:170 - Train images: 18
2026-02-08 18:30:38.632 | INFO     | src.pipelines.train_vision_backbones:run_pipeline:171 - Test images: 115
2026-02-08 18:30:39.579 | INFO     | src.pipelines.train_vision_backbones:run_pipeline:176 - Training pvt_autoencoder_progressive_unfreeze on SG
2026-02-08 18:30:39.603 | INFO     | src.models.pvt_autoencoder.training:train_pvt_autoencoder_progressive_unfreeze:132 - Device: cuda | Model on: cuda:0
2026-02-08 18:31:11.929 | INFO     | src.pipelines.train_vision_backbones:run_pipeline:193 - Evaluating pvt_autoencoder_progressive_unfreeze on SG
2026-02-08 18:31:12.007 | INFO     | src.models.evaluation:evaluate_tsb_ad_nonoverlapping:65 - Normal (7231) reconstruction error: mean=0.1375, std=0.2196
2026-02-08 18:31:12.008 | INFO     | src.models.evaluation:evaluate_tsb_ad_nonoverlapping:66 - Anomaly (71) reconstruction error: mean=0.2229, std=0.2651
2026-02-08 18:31:12.008 | INFO     | src.models.evaluation:evaluate_tsb_ad_nonoverlapping:67 - Overlap? Normal max=1.0000, Anomaly min=0.0172
2026-02-08 18:31:17.069 | INFO     | src.models.evaluation:evaluate_tsb_ad_nonoverlapping:83 - {'AUC-PR': 0.02021382370006915, 'AUC-ROC': 0.6334015710916029, 'VUS-PR': np.float64(0.22086349555868728), 'VUS-ROC': np.float64(0.8345218068895419), 'Standard-F1': np.float64(0.05314830636278236), 'PA-F1': 0.11300448430493273, 'Event-based-F1': np.float64(0.051502145922746705), 'R-based-F1': 0.05215756136183689, 'Affiliation-F': 0.714921627978307}
2026-02-08 18:31:17.228 | INFO     | src.pipelines.train_vision_backbones:run_pipeline:170 - Train images: 18
2026-02-08 18:31:17.228 | INFO     | src.pipelines.train_vision_backbones:run_pipeline:171 - Test images: 115
2026-02-08 18:31:18.168 | INFO     | src.pipelines.train_vision_backbones:run_pipeline:176 - Training pvt_autoencoder_differential_lr on SG
2026-02-08 18:31:18.192 | INFO     | src.models.pvt_autoencoder.training:train_pvt_autoencoder_differential_lr:267 - Device: cuda | Model on: cuda:0
2026-02-08 18:31:25.949 | INFO     | src.pipelines.train_vision_backbones:run_pipeline:193 - Evaluating pvt_autoencoder_differential_lr on SG
2026-02-08 18:31:26.027 | INFO     | src.models.evaluation:evaluate_tsb_ad_nonoverlapping:65 - Normal (7231) reconstruction error: mean=0.4094, std=0.2704
2026-02-08 18:31:26.027 | INFO     | src.models.evaluation:evaluate_tsb_ad_nonoverlapping:66 - Anomaly (71) reconstruction error: mean=0.7999, std=0.3394
2026-02-08 18:31:26.027 | INFO     | src.models.evaluation:evaluate_tsb_ad_nonoverlapping:67 - Overlap? Normal max=1.0000, Anomaly min=0.0134
2026-02-08 18:31:31.497 | INFO     | src.models.evaluation:evaluate_tsb_ad_nonoverlapping:83 - {'AUC-PR': 0.39733294845544176, 'AUC-ROC': 0.8282083595474102, 'VUS-PR': np.float64(0.4179675982177776), 'VUS-ROC': np.float64(0.812783093598551), 'Standard-F1': np.float64(0.5380664557585354), 'PA-F1': 0.6575342465753424, 'Event-based-F1': np.float64(0.3045977011494248), 'R-based-F1': 0.21621621621621623, 'Affiliation-F': 0.7992413531213871}
2026-02-08 18:31:31.711 | INFO     | src.pipelines.train_vision_backbones:run_pipeline:70 - Using zip: /net/scratch/hscra/plgrid/plgsmendowski12/ts2i_images/IOPS/275_IOPS_id_16_WebService_tr_1482_1st_1582_ts2i_GASF.zip for transformation GASF
2026-02-08 18:31:31.889 | INFO     | src.pipelines.train_vision_backbones:run_pipeline:170 - Train images: 18
2026-02-08 18:31:31.890 | INFO     | src.pipelines.train_vision_backbones:run_pipeline:171 - Test images: 115
2026-02-08 18:31:31.896 | INFO     | src.pipelines.train_vision_backbones:run_pipeline:176 - Training cnn_autoencoder on GASF
2026-02-08 18:31:31.901 | INFO     | src.models.cnn_autoencoder.training:train_autoencoder:22 - Device: cuda | Model on: cuda:0
2026-02-08 18:31:51.155 | INFO     | src.pipelines.train_vision_backbones:run_pipeline:193 - Evaluating cnn_autoencoder on GASF
2026-02-08 18:31:51.256 | INFO     | src.models.evaluation:evaluate_tsb_ad_nonoverlapping:65 - Normal (7231) reconstruction error: mean=0.2476, std=0.1658
2026-02-08 18:31:51.256 | INFO     | src.models.evaluation:evaluate_tsb_ad_nonoverlapping:66 - Anomaly (71) reconstruction error: mean=0.6010, std=0.4089
2026-02-08 18:31:51.256 | INFO     | src.models.evaluation:evaluate_tsb_ad_nonoverlapping:67 - Overlap? Normal max=1.0000, Anomaly min=0.0368
2026-02-08 18:31:56.446 | INFO     | src.models.evaluation:evaluate_tsb_ad_nonoverlapping:83 - {'AUC-PR': 0.29669545613719583, 'AUC-ROC': 0.7055965999287106, 'VUS-PR': np.float64(0.27085976160027087), 'VUS-ROC': np.float64(0.814964829490176), 'Standard-F1': np.float64(0.5373084507033581), 'PA-F1': 0.6575342465753424, 'Event-based-F1': np.float64(0.2580645161290319), 'R-based-F1': 0.21621621621621623, 'Affiliation-F': 0.7080354777270769}
2026-02-08 18:31:56.606 | INFO     | src.pipelines.train_vision_backbones:run_pipeline:170 - Train images: 18
2026-02-08 18:31:56.606 | INFO     | src.pipelines.train_vision_backbones:run_pipeline:171 - Test images: 115
2026-02-08 18:31:56.818 | INFO     | src.pipelines.train_vision_backbones:run_pipeline:176 - Training resnet18_autoencoder_frozen on GASF
2026-02-08 18:31:56.832 | INFO     | src.models.resnet18_autoencoder.training:train_autoencoder_frozen:25 - Device: cuda | Model on: cuda:0
2026-02-08 18:32:04.391 | INFO     | src.pipelines.train_vision_backbones:run_pipeline:193 - Evaluating resnet18_autoencoder_frozen on GASF
2026-02-08 18:32:04.509 | INFO     | src.models.evaluation:evaluate_tsb_ad_nonoverlapping:65 - Normal (7231) reconstruction error: mean=0.3357, std=0.1266
2026-02-08 18:32:04.509 | INFO     | src.models.evaluation:evaluate_tsb_ad_nonoverlapping:66 - Anomaly (71) reconstruction error: mean=0.6266, std=0.3843
2026-02-08 18:32:04.509 | INFO     | src.models.evaluation:evaluate_tsb_ad_nonoverlapping:67 - Overlap? Normal max=1.0000, Anomaly min=0.0000
2026-02-08 18:32:09.923 | INFO     | src.models.evaluation:evaluate_tsb_ad_nonoverlapping:83 - {'AUC-PR': 0.29579150973092344, 'AUC-ROC': 0.6684151374851237, 'VUS-PR': np.float64(0.23152875353260205), 'VUS-ROC': np.float64(0.7659127606374906), 'Standard-F1': np.float64(0.5373084507033581), 'PA-F1': 0.6575342465753424, 'Event-based-F1': np.float64(0.2580645161290319), 'R-based-F1': 0.21621621621621623, 'Affiliation-F': 0.7156795646568601}
2026-02-08 18:32:10.080 | INFO     | src.pipelines.train_vision_backbones:run_pipeline:170 - Train images: 18
2026-02-08 18:32:10.081 | INFO     | src.pipelines.train_vision_backbones:run_pipeline:171 - Test images: 115
2026-02-08 18:32:10.292 | INFO     | src.pipelines.train_vision_backbones:run_pipeline:176 - Training resnet18_autoencoder_progressive_unfreeze on GASF
2026-02-08 18:32:10.306 | INFO     | src.models.resnet18_autoencoder.training:train_autoencoder_progressive_unfreeze:133 - Device: cuda | Model on: cuda:0
2026-02-08 18:32:23.969 | INFO     | src.pipelines.train_vision_backbones:run_pipeline:193 - Evaluating resnet18_autoencoder_progressive_unfreeze on GASF
2026-02-08 18:32:24.094 | INFO     | src.models.evaluation:evaluate_tsb_ad_nonoverlapping:65 - Normal (7231) reconstruction error: mean=0.2428, std=0.1885
2026-02-08 18:32:24.094 | INFO     | src.models.evaluation:evaluate_tsb_ad_nonoverlapping:66 - Anomaly (71) reconstruction error: mean=0.4921, std=0.2363
2026-02-08 18:32:24.094 | INFO     | src.models.evaluation:evaluate_tsb_ad_nonoverlapping:67 - Overlap? Normal max=1.0000, Anomaly min=0.0000
2026-02-08 18:32:29.287 | INFO     | src.models.evaluation:evaluate_tsb_ad_nonoverlapping:83 - {'AUC-PR': 0.07790445004242329, 'AUC-ROC': 0.7751270449414785, 'VUS-PR': np.float64(0.21957621182969034), 'VUS-ROC': np.float64(0.8087802279713235), 'Standard-F1': np.float64(0.18652549536362706), 'PA-F1': 0.24120603015075376, 'Event-based-F1': np.float64(0.13559322033898255), 'R-based-F1': 0.12307692307692307, 'Affiliation-F': 0.7666942972101058}
2026-02-08 18:32:29.445 | INFO     | src.pipelines.train_vision_backbones:run_pipeline:170 - Train images: 18
2026-02-08 18:32:29.445 | INFO     | src.pipelines.train_vision_backbones:run_pipeline:171 - Test images: 115
2026-02-08 18:32:29.654 | INFO     | src.pipelines.train_vision_backbones:run_pipeline:176 - Training resnet18_autoencoder_differential_lr on GASF
2026-02-08 18:32:29.668 | INFO     | src.models.resnet18_autoencoder.training:train_autoencoder_differential_lr:271 - Device: cuda | Model on: cuda:0
2026-02-08 18:32:39.350 | INFO     | src.pipelines.train_vision_backbones:run_pipeline:193 - Evaluating resnet18_autoencoder_differential_lr on GASF
2026-02-08 18:32:39.448 | INFO     | src.models.evaluation:evaluate_tsb_ad_nonoverlapping:65 - Normal (7231) reconstruction error: mean=0.2068, std=0.1324
2026-02-08 18:32:39.448 | INFO     | src.models.evaluation:evaluate_tsb_ad_nonoverlapping:66 - Anomaly (71) reconstruction error: mean=0.6030, std=0.4092
2026-02-08 18:32:39.448 | INFO     | src.models.evaluation:evaluate_tsb_ad_nonoverlapping:67 - Overlap? Normal max=1.0000, Anomaly min=0.0000
2026-02-08 18:32:44.560 | INFO     | src.models.evaluation:evaluate_tsb_ad_nonoverlapping:83 - {'AUC-PR': 0.3012953050885112, 'AUC-ROC': 0.7653569042522316, 'VUS-PR': np.float64(0.2209920374428419), 'VUS-ROC': np.float64(0.7038169852091093), 'Standard-F1': np.float64(0.5373084507033581), 'PA-F1': 0.6575342465753424, 'Event-based-F1': np.float64(0.2580645161290319), 'R-based-F1': 0.21621621621621623, 'Affiliation-F': 0.7355759494273275}
2026-02-08 18:32:44.717 | INFO     | src.pipelines.train_vision_backbones:run_pipeline:170 - Train images: 18
2026-02-08 18:32:44.717 | INFO     | src.pipelines.train_vision_backbones:run_pipeline:171 - Test images: 115
2026-02-08 18:32:45.674 | INFO     | src.pipelines.train_vision_backbones:run_pipeline:176 - Training pvt_autoencoder_frozen on GASF
2026-02-08 18:32:45.698 | INFO     | src.models.pvt_autoencoder.training:train_pvt_autoencoder_frozen:24 - Device: cuda | Model on: cuda:0
2026-02-08 18:33:04.282 | INFO     | src.pipelines.train_vision_backbones:run_pipeline:193 - Evaluating pvt_autoencoder_frozen on GASF
2026-02-08 18:33:04.368 | INFO     | src.models.evaluation:evaluate_tsb_ad_nonoverlapping:65 - Normal (7231) reconstruction error: mean=0.1834, std=0.1625
2026-02-08 18:33:04.368 | INFO     | src.models.evaluation:evaluate_tsb_ad_nonoverlapping:66 - Anomaly (71) reconstruction error: mean=0.5785, std=0.4297
2026-02-08 18:33:04.368 | INFO     | src.models.evaluation:evaluate_tsb_ad_nonoverlapping:67 - Overlap? Normal max=1.0000, Anomaly min=0.0633
2026-02-08 18:33:09.460 | INFO     | src.models.evaluation:evaluate_tsb_ad_nonoverlapping:83 - {'AUC-PR': 0.29886546095822264, 'AUC-ROC': 0.7565217052557358, 'VUS-PR': np.float64(0.4469302934234269), 'VUS-ROC': np.float64(0.8368052539442564), 'Standard-F1': np.float64(0.5373084507033581), 'PA-F1': 0.6575342465753424, 'Event-based-F1': np.float64(0.2580645161290319), 'R-based-F1': 0.21621621621621623, 'Affiliation-F': 0.729262454467224}
2026-02-08 18:33:09.615 | INFO     | src.pipelines.train_vision_backbones:run_pipeline:170 - Train images: 18
2026-02-08 18:33:09.615 | INFO     | src.pipelines.train_vision_backbones:run_pipeline:171 - Test images: 115
2026-02-08 18:33:10.589 | INFO     | src.pipelines.train_vision_backbones:run_pipeline:176 - Training pvt_autoencoder_progressive_unfreeze on GASF
2026-02-08 18:33:10.613 | INFO     | src.models.pvt_autoencoder.training:train_pvt_autoencoder_progressive_unfreeze:132 - Device: cuda | Model on: cuda:0
2026-02-08 18:33:43.426 | INFO     | src.pipelines.train_vision_backbones:run_pipeline:193 - Evaluating pvt_autoencoder_progressive_unfreeze on GASF
2026-02-08 18:33:43.512 | INFO     | src.models.evaluation:evaluate_tsb_ad_nonoverlapping:65 - Normal (7231) reconstruction error: mean=0.1757, std=0.1666
2026-02-08 18:33:43.512 | INFO     | src.models.evaluation:evaluate_tsb_ad_nonoverlapping:66 - Anomaly (71) reconstruction error: mean=0.3273, std=0.1130
2026-02-08 18:33:43.512 | INFO     | src.models.evaluation:evaluate_tsb_ad_nonoverlapping:67 - Overlap? Normal max=1.0000, Anomaly min=0.0549
2026-02-08 18:33:48.595 | INFO     | src.models.evaluation:evaluate_tsb_ad_nonoverlapping:83 - {'AUC-PR': 0.04001368463253642, 'AUC-ROC': 0.7960171483888812, 'VUS-PR': np.float64(0.15110037421198833), 'VUS-ROC': np.float64(0.8447792802715695), 'Standard-F1': np.float64(0.09423915181464998), 'PA-F1': 0.12371134020618557, 'Event-based-F1': np.float64(0.07920792079207885), 'R-based-F1': 0.08, 'Affiliation-F': 0.7346754605504111}
2026-02-08 18:33:48.755 | INFO     | src.pipelines.train_vision_backbones:run_pipeline:170 - Train images: 18
2026-02-08 18:33:48.755 | INFO     | src.pipelines.train_vision_backbones:run_pipeline:171 - Test images: 115
2026-02-08 18:33:49.696 | INFO     | src.pipelines.train_vision_backbones:run_pipeline:176 - Training pvt_autoencoder_differential_lr on GASF
2026-02-08 18:33:49.720 | INFO     | src.models.pvt_autoencoder.training:train_pvt_autoencoder_differential_lr:267 - Device: cuda | Model on: cuda:0
2026-02-08 18:34:10.521 | INFO     | src.pipelines.train_vision_backbones:run_pipeline:193 - Evaluating pvt_autoencoder_differential_lr on GASF
2026-02-08 18:34:10.773 | INFO     | src.models.evaluation:evaluate_tsb_ad_nonoverlapping:65 - Normal (7231) reconstruction error: mean=0.1861, std=0.1737
2026-02-08 18:34:10.774 | INFO     | src.models.evaluation:evaluate_tsb_ad_nonoverlapping:66 - Anomaly (71) reconstruction error: mean=0.3892, std=0.1532
2026-02-08 18:34:10.774 | INFO     | src.models.evaluation:evaluate_tsb_ad_nonoverlapping:67 - Overlap? Normal max=1.0000, Anomaly min=0.0408
2026-02-08 18:34:15.834 | INFO     | src.models.evaluation:evaluate_tsb_ad_nonoverlapping:83 - {'AUC-PR': 0.07270977403774184, 'AUC-ROC': 0.8273084781681376, 'VUS-PR': np.float64(0.20847227700559587), 'VUS-ROC': np.float64(0.8396212938480778), 'Standard-F1': np.float64(0.18652549536362706), 'PA-F1': 0.24120603015075376, 'Event-based-F1': np.float64(0.13559322033898255), 'R-based-F1': 0.12307692307692307, 'Affiliation-F': 0.7397039174985641}
2026-02-08 18:34:16.112 | INFO     | src.pipelines.train_vision_backbones:run_pipeline:70 - Using zip: /net/scratch/hscra/plgrid/plgsmendowski12/ts2i_images/IOPS/275_IOPS_id_16_WebService_tr_1482_1st_1582_ts2i_GADF.zip for transformation GADF
2026-02-08 18:34:16.278 | INFO     | src.pipelines.train_vision_backbones:run_pipeline:170 - Train images: 18
2026-02-08 18:34:16.278 | INFO     | src.pipelines.train_vision_backbones:run_pipeline:171 - Test images: 115
2026-02-08 18:34:16.284 | INFO     | src.pipelines.train_vision_backbones:run_pipeline:176 - Training cnn_autoencoder on GADF
2026-02-08 18:34:16.289 | INFO     | src.models.cnn_autoencoder.training:train_autoencoder:22 - Device: cuda | Model on: cuda:0
2026-02-08 18:34:35.573 | INFO     | src.pipelines.train_vision_backbones:run_pipeline:193 - Evaluating cnn_autoencoder on GADF
2026-02-08 18:34:35.928 | INFO     | src.models.evaluation:evaluate_tsb_ad_nonoverlapping:65 - Normal (7231) reconstruction error: mean=0.3141, std=0.2168
2026-02-08 18:34:35.928 | INFO     | src.models.evaluation:evaluate_tsb_ad_nonoverlapping:66 - Anomaly (71) reconstruction error: mean=0.1802, std=0.1020
2026-02-08 18:34:35.928 | INFO     | src.models.evaluation:evaluate_tsb_ad_nonoverlapping:67 - Overlap? Normal max=1.0000, Anomaly min=0.0991
2026-02-08 18:34:41.339 | INFO     | src.models.evaluation:evaluate_tsb_ad_nonoverlapping:83 - {'AUC-PR': 0.008565122309848908, 'AUC-ROC': 0.2973835267169328, 'VUS-PR': np.float64(0.09472861128697736), 'VUS-ROC': np.float64(0.7187776705214195), 'Standard-F1': np.float64(0.021876227938093722), 'PA-F1': 0.037642045454545456, 'Event-based-F1': np.float64(0.021666158071406753), 'R-based-F1': 0.017394753699400425, 'Affiliation-F': 0.7206111755142508}
2026-02-08 18:34:41.498 | INFO     | src.pipelines.train_vision_backbones:run_pipeline:170 - Train images: 18
2026-02-08 18:34:41.498 | INFO     | src.pipelines.train_vision_backbones:run_pipeline:171 - Test images: 115
2026-02-08 18:34:41.711 | INFO     | src.pipelines.train_vision_backbones:run_pipeline:176 - Training resnet18_autoencoder_frozen on GADF
2026-02-08 18:34:41.725 | INFO     | src.models.resnet18_autoencoder.training:train_autoencoder_frozen:25 - Device: cuda | Model on: cuda:0
2026-02-08 18:34:48.485 | INFO     | src.pipelines.train_vision_backbones:run_pipeline:193 - Evaluating resnet18_autoencoder_frozen on GADF
2026-02-08 18:34:48.599 | INFO     | src.models.evaluation:evaluate_tsb_ad_nonoverlapping:65 - Normal (7231) reconstruction error: mean=0.2690, std=0.1799
2026-02-08 18:34:48.599 | INFO     | src.models.evaluation:evaluate_tsb_ad_nonoverlapping:66 - Anomaly (71) reconstruction error: mean=0.3097, std=0.1135
2026-02-08 18:34:48.599 | INFO     | src.models.evaluation:evaluate_tsb_ad_nonoverlapping:67 - Overlap? Normal max=1.0000, Anomaly min=0.0629
2026-02-08 18:34:53.786 | INFO     | src.models.evaluation:evaluate_tsb_ad_nonoverlapping:83 - {'AUC-PR': 0.019260040449550465, 'AUC-ROC': 0.6273244500887221, 'VUS-PR': np.float64(0.06962844608624635), 'VUS-ROC': np.float64(0.6373257806590737), 'Standard-F1': np.float64(0.04930168693526049), 'PA-F1': 0.07754206291148501, 'Event-based-F1': np.float64(0.04367531932426852), 'R-based-F1': 0.021911804984935633, 'Affiliation-F': 0.6963448089404518}
2026-02-08 18:34:53.944 | INFO     | src.pipelines.train_vision_backbones:run_pipeline:170 - Train images: 18
2026-02-08 18:34:53.944 | INFO     | src.pipelines.train_vision_backbones:run_pipeline:171 - Test images: 115
2026-02-08 18:34:54.154 | INFO     | src.pipelines.train_vision_backbones:run_pipeline:176 - Training resnet18_autoencoder_progressive_unfreeze on GADF
2026-02-08 18:34:54.168 | INFO     | src.models.resnet18_autoencoder.training:train_autoencoder_progressive_unfreeze:133 - Device: cuda | Model on: cuda:0
2026-02-08 18:35:00.342 | INFO     | src.pipelines.train_vision_backbones:run_pipeline:193 - Evaluating resnet18_autoencoder_progressive_unfreeze on GADF
2026-02-08 18:35:00.456 | INFO     | src.models.evaluation:evaluate_tsb_ad_nonoverlapping:65 - Normal (7231) reconstruction error: mean=0.4285, std=0.1886
2026-02-08 18:35:00.456 | INFO     | src.models.evaluation:evaluate_tsb_ad_nonoverlapping:66 - Anomaly (71) reconstruction error: mean=0.3848, std=0.1780
2026-02-08 18:35:00.456 | INFO     | src.models.evaluation:evaluate_tsb_ad_nonoverlapping:67 - Overlap? Normal max=1.0000, Anomaly min=0.0000
2026-02-08 18:35:06.000 | INFO     | src.models.evaluation:evaluate_tsb_ad_nonoverlapping:83 - {'AUC-PR': 0.012845155321240474, 'AUC-ROC': 0.4285675329810421, 'VUS-PR': np.float64(0.07861954080248086), 'VUS-ROC': np.float64(0.6915441425362602), 'Standard-F1': np.float64(0.03257549217303292), 'PA-F1': 0.04477611940298507, 'Event-based-F1': np.float64(0.031160311603115942), 'R-based-F1': 0.037867463876432486, 'Affiliation-F': 0.6665678431240215}
2026-02-08 18:35:06.220 | INFO     | src.pipelines.train_vision_backbones:run_pipeline:170 - Train images: 18
2026-02-08 18:35:06.220 | INFO     | src.pipelines.train_vision_backbones:run_pipeline:171 - Test images: 115
2026-02-08 18:35:06.430 | INFO     | src.pipelines.train_vision_backbones:run_pipeline:176 - Training resnet18_autoencoder_differential_lr on GADF
2026-02-08 18:35:06.444 | INFO     | src.models.resnet18_autoencoder.training:train_autoencoder_differential_lr:271 - Device: cuda | Model on: cuda:0
2026-02-08 18:35:08.222 | INFO     | src.pipelines.train_vision_backbones:run_pipeline:193 - Evaluating resnet18_autoencoder_differential_lr on GADF
2026-02-08 18:35:08.320 | INFO     | src.models.evaluation:evaluate_tsb_ad_nonoverlapping:65 - Normal (7231) reconstruction error: mean=0.6841, std=0.1982
2026-02-08 18:35:08.320 | INFO     | src.models.evaluation:evaluate_tsb_ad_nonoverlapping:66 - Anomaly (71) reconstruction error: mean=0.6231, std=0.1772
2026-02-08 18:35:08.320 | INFO     | src.models.evaluation:evaluate_tsb_ad_nonoverlapping:67 - Overlap? Normal max=1.0000, Anomaly min=0.0000
2026-02-08 18:35:14.317 | INFO     | src.models.evaluation:evaluate_tsb_ad_nonoverlapping:83 - {'AUC-PR': 0.011075470977521271, 'AUC-ROC': 0.4565515065221922, 'VUS-PR': np.float64(0.08778020769658325), 'VUS-ROC': np.float64(0.711689436500429), 'Standard-F1': np.float64(0.029943821797582763), 'PA-F1': 0.03709508881922675, 'Event-based-F1': np.float64(0.0295544772827525), 'R-based-F1': 0.017137491426838927, 'Affiliation-F': 0.6740018754605943}
2026-02-08 18:35:14.472 | INFO     | src.pipelines.train_vision_backbones:run_pipeline:170 - Train images: 18
2026-02-08 18:35:14.472 | INFO     | src.pipelines.train_vision_backbones:run_pipeline:171 - Test images: 115
2026-02-08 18:35:15.440 | INFO     | src.pipelines.train_vision_backbones:run_pipeline:176 - Training pvt_autoencoder_frozen on GADF
2026-02-08 18:35:15.467 | INFO     | src.models.pvt_autoencoder.training:train_pvt_autoencoder_frozen:24 - Device: cuda | Model on: cuda:0
2026-02-08 18:35:17.291 | INFO     | src.pipelines.train_vision_backbones:run_pipeline:193 - Evaluating pvt_autoencoder_frozen on GADF
2026-02-08 18:35:17.383 | INFO     | src.models.evaluation:evaluate_tsb_ad_nonoverlapping:65 - Normal (7231) reconstruction error: mean=0.6840, std=0.1982
2026-02-08 18:35:17.383 | INFO     | src.models.evaluation:evaluate_tsb_ad_nonoverlapping:66 - Anomaly (71) reconstruction error: mean=0.6230, std=0.1771
2026-02-08 18:35:17.384 | INFO     | src.models.evaluation:evaluate_tsb_ad_nonoverlapping:67 - Overlap? Normal max=1.0000, Anomaly min=0.0000
2026-02-08 18:35:23.406 | INFO     | src.models.evaluation:evaluate_tsb_ad_nonoverlapping:83 - {'AUC-PR': 0.011075470977521271, 'AUC-ROC': 0.4565515065221922, 'VUS-PR': np.float64(0.08778020769658325), 'VUS-ROC': np.float64(0.711689436500429), 'Standard-F1': np.float64(0.029943821797582763), 'PA-F1': 0.03709508881922675, 'Event-based-F1': np.float64(0.0295544772827525), 'R-based-F1': 0.017137491426838927, 'Affiliation-F': 0.6740018754605943}
2026-02-08 18:35:23.558 | INFO     | src.pipelines.train_vision_backbones:run_pipeline:170 - Train images: 18
2026-02-08 18:35:23.558 | INFO     | src.pipelines.train_vision_backbones:run_pipeline:171 - Test images: 115
2026-02-08 18:35:24.520 | INFO     | src.pipelines.train_vision_backbones:run_pipeline:176 - Training pvt_autoencoder_progressive_unfreeze on GADF
2026-02-08 18:35:24.542 | INFO     | src.models.pvt_autoencoder.training:train_pvt_autoencoder_progressive_unfreeze:132 - Device: cuda | Model on: cuda:0
2026-02-08 18:35:26.339 | INFO     | src.pipelines.train_vision_backbones:run_pipeline:193 - Evaluating pvt_autoencoder_progressive_unfreeze on GADF
2026-02-08 18:35:26.426 | INFO     | src.models.evaluation:evaluate_tsb_ad_nonoverlapping:65 - Normal (7231) reconstruction error: mean=0.6842, std=0.1982
2026-02-08 18:35:26.426 | INFO     | src.models.evaluation:evaluate_tsb_ad_nonoverlapping:66 - Anomaly (71) reconstruction error: mean=0.6232, std=0.1771
2026-02-08 18:35:26.426 | INFO     | src.models.evaluation:evaluate_tsb_ad_nonoverlapping:67 - Overlap? Normal max=1.0000, Anomaly min=0.0000
2026-02-08 18:35:32.428 | INFO     | src.models.evaluation:evaluate_tsb_ad_nonoverlapping:83 - {'AUC-PR': 0.011075470977521271, 'AUC-ROC': 0.4565515065221922, 'VUS-PR': np.float64(0.08778020769658325), 'VUS-ROC': np.float64(0.711689436500429), 'Standard-F1': np.float64(0.029943821797582763), 'PA-F1': 0.03709508881922675, 'Event-based-F1': np.float64(0.0295544772827525), 'R-based-F1': 0.017137491426838927, 'Affiliation-F': 0.6740018754605943}
2026-02-08 18:35:32.577 | INFO     | src.pipelines.train_vision_backbones:run_pipeline:170 - Train images: 18
2026-02-08 18:35:32.577 | INFO     | src.pipelines.train_vision_backbones:run_pipeline:171 - Test images: 115
2026-02-08 18:35:33.546 | INFO     | src.pipelines.train_vision_backbones:run_pipeline:176 - Training pvt_autoencoder_differential_lr on GADF
2026-02-08 18:35:33.571 | INFO     | src.models.pvt_autoencoder.training:train_pvt_autoencoder_differential_lr:267 - Device: cuda | Model on: cuda:0
2026-02-08 18:35:40.471 | INFO     | src.pipelines.train_vision_backbones:run_pipeline:193 - Evaluating pvt_autoencoder_differential_lr on GADF
2026-02-08 18:35:40.556 | INFO     | src.models.evaluation:evaluate_tsb_ad_nonoverlapping:65 - Normal (7231) reconstruction error: mean=0.6841, std=0.1982
2026-02-08 18:35:40.556 | INFO     | src.models.evaluation:evaluate_tsb_ad_nonoverlapping:66 - Anomaly (71) reconstruction error: mean=0.6230, std=0.1771
2026-02-08 18:35:40.556 | INFO     | src.models.evaluation:evaluate_tsb_ad_nonoverlapping:67 - Overlap? Normal max=1.0000, Anomaly min=0.0000
2026-02-08 18:35:46.502 | INFO     | src.models.evaluation:evaluate_tsb_ad_nonoverlapping:83 - {'AUC-PR': 0.011075470977521271, 'AUC-ROC': 0.4565515065221922, 'VUS-PR': np.float64(0.08778020769658325), 'VUS-ROC': np.float64(0.711689436500429), 'Standard-F1': np.float64(0.029943821797582763), 'PA-F1': 0.03709508881922675, 'Event-based-F1': np.float64(0.0295544772827525), 'R-based-F1': 0.017137491426838927, 'Affiliation-F': 0.6740018754605943}
2026-02-08 18:35:46.717 | INFO     | src.pipelines.train_vision_backbones:run_pipeline:70 - Using zip: /net/scratch/hscra/plgrid/plgsmendowski12/ts2i_images/IOPS/275_IOPS_id_16_WebService_tr_1482_1st_1582_ts2i_MTF.zip for transformation MTF
2026-02-08 18:35:46.892 | INFO     | src.pipelines.train_vision_backbones:run_pipeline:170 - Train images: 18
2026-02-08 18:35:46.892 | INFO     | src.pipelines.train_vision_backbones:run_pipeline:171 - Test images: 115
2026-02-08 18:35:46.898 | INFO     | src.pipelines.train_vision_backbones:run_pipeline:176 - Training cnn_autoencoder on MTF
2026-02-08 18:35:46.903 | INFO     | src.models.cnn_autoencoder.training:train_autoencoder:22 - Device: cuda | Model on: cuda:0
2026-02-08 18:36:06.663 | INFO     | src.pipelines.train_vision_backbones:run_pipeline:193 - Evaluating cnn_autoencoder on MTF
2026-02-08 18:36:06.763 | INFO     | src.models.evaluation:evaluate_tsb_ad_nonoverlapping:65 - Normal (7231) reconstruction error: mean=0.4097, std=0.2257
2026-02-08 18:36:06.763 | INFO     | src.models.evaluation:evaluate_tsb_ad_nonoverlapping:66 - Anomaly (71) reconstruction error: mean=0.4476, std=0.1020
2026-02-08 18:36:06.763 | INFO     | src.models.evaluation:evaluate_tsb_ad_nonoverlapping:67 - Overlap? Normal max=1.0000, Anomaly min=0.1962
2026-02-08 18:36:12.283 | INFO     | src.models.evaluation:evaluate_tsb_ad_nonoverlapping:83 - {'AUC-PR': 0.016107928498437812, 'AUC-ROC': 0.5976926418140985, 'VUS-PR': np.float64(0.14486921258446595), 'VUS-ROC': np.float64(0.7499086301289764), 'Standard-F1': np.float64(0.04291192946825608), 'PA-F1': 0.04332874828060523, 'Event-based-F1': np.float64(0.041688023235947315), 'R-based-F1': 0.040439946240983016, 'Affiliation-F': 0.7709812579873925}
2026-02-08 18:36:12.444 | INFO     | src.pipelines.train_vision_backbones:run_pipeline:170 - Train images: 18
2026-02-08 18:36:12.444 | INFO     | src.pipelines.train_vision_backbones:run_pipeline:171 - Test images: 115
2026-02-08 18:36:12.656 | INFO     | src.pipelines.train_vision_backbones:run_pipeline:176 - Training resnet18_autoencoder_frozen on MTF
2026-02-08 18:36:12.670 | INFO     | src.models.resnet18_autoencoder.training:train_autoencoder_frozen:25 - Device: cuda | Model on: cuda:0
2026-02-08 18:36:40.585 | INFO     | src.pipelines.train_vision_backbones:run_pipeline:193 - Evaluating resnet18_autoencoder_frozen on MTF
2026-02-08 18:36:40.700 | INFO     | src.models.evaluation:evaluate_tsb_ad_nonoverlapping:65 - Normal (7231) reconstruction error: mean=0.4143, std=0.1972
2026-02-08 18:36:40.701 | INFO     | src.models.evaluation:evaluate_tsb_ad_nonoverlapping:66 - Anomaly (71) reconstruction error: mean=0.4178, std=0.1034
2026-02-08 18:36:40.701 | INFO     | src.models.evaluation:evaluate_tsb_ad_nonoverlapping:67 - Overlap? Normal max=1.0000, Anomaly min=0.1617
2026-02-08 18:36:46.216 | INFO     | src.models.evaluation:evaluate_tsb_ad_nonoverlapping:83 - {'AUC-PR': 0.013313858383210897, 'AUC-ROC': 0.523131041817215, 'VUS-PR': np.float64(0.14003110213087822), 'VUS-ROC': np.float64(0.7615336877257562), 'Standard-F1': np.float64(0.02902328933833497), 'PA-F1': 0.03679369250985545, 'Event-based-F1': np.float64(0.02886192194162015), 'R-based-F1': 0.04559675370938263, 'Affiliation-F': 0.6831615110232988}
2026-02-08 18:36:46.372 | INFO     | src.pipelines.train_vision_backbones:run_pipeline:170 - Train images: 18
2026-02-08 18:36:46.372 | INFO     | src.pipelines.train_vision_backbones:run_pipeline:171 - Test images: 115
2026-02-08 18:36:46.583 | INFO     | src.pipelines.train_vision_backbones:run_pipeline:176 - Training resnet18_autoencoder_progressive_unfreeze on MTF
2026-02-08 18:36:46.596 | INFO     | src.models.resnet18_autoencoder.training:train_autoencoder_progressive_unfreeze:133 - Device: cuda | Model on: cuda:0
2026-02-08 18:37:15.242 | INFO     | src.pipelines.train_vision_backbones:run_pipeline:193 - Evaluating resnet18_autoencoder_progressive_unfreeze on MTF
2026-02-08 18:37:15.351 | INFO     | src.models.evaluation:evaluate_tsb_ad_nonoverlapping:65 - Normal (7231) reconstruction error: mean=0.3997, std=0.2150
2026-02-08 18:37:15.352 | INFO     | src.models.evaluation:evaluate_tsb_ad_nonoverlapping:66 - Anomaly (71) reconstruction error: mean=0.4956, std=0.1056
2026-02-08 18:37:15.352 | INFO     | src.models.evaluation:evaluate_tsb_ad_nonoverlapping:67 - Overlap? Normal max=1.0000, Anomaly min=0.1983
2026-02-08 18:37:20.844 | INFO     | src.models.evaluation:evaluate_tsb_ad_nonoverlapping:83 - {'AUC-PR': 0.021669074330993406, 'AUC-ROC': 0.6813640799297236, 'VUS-PR': np.float64(0.11493617480578033), 'VUS-ROC': np.float64(0.7539973023268542), 'Standard-F1': np.float64(0.050536098365250845), 'PA-F1': 0.0652037617554859, 'Event-based-F1': np.float64(0.049019607843137115), 'R-based-F1': 0.05741626794258373, 'Affiliation-F': 0.767797832422759}
2026-02-08 18:37:21.002 | INFO     | src.pipelines.train_vision_backbones:run_pipeline:170 - Train images: 18
2026-02-08 18:37:21.003 | INFO     | src.pipelines.train_vision_backbones:run_pipeline:171 - Test images: 115
2026-02-08 18:37:21.221 | INFO     | src.pipelines.train_vision_backbones:run_pipeline:176 - Training resnet18_autoencoder_differential_lr on MTF
2026-02-08 18:37:21.235 | INFO     | src.models.resnet18_autoencoder.training:train_autoencoder_differential_lr:271 - Device: cuda | Model on: cuda:0
2026-02-08 18:37:49.187 | INFO     | src.pipelines.train_vision_backbones:run_pipeline:193 - Evaluating resnet18_autoencoder_differential_lr on MTF
2026-02-08 18:37:49.488 | INFO     | src.models.evaluation:evaluate_tsb_ad_nonoverlapping:65 - Normal (7231) reconstruction error: mean=0.5394, std=0.2300
2026-02-08 18:37:49.488 | INFO     | src.models.evaluation:evaluate_tsb_ad_nonoverlapping:66 - Anomaly (71) reconstruction error: mean=0.5719, std=0.1112
2026-02-08 18:37:49.488 | INFO     | src.models.evaluation:evaluate_tsb_ad_nonoverlapping:67 - Overlap? Normal max=1.0000, Anomaly min=0.2043
2026-02-08 18:37:55.220 | INFO     | src.models.evaluation:evaluate_tsb_ad_nonoverlapping:83 - {'AUC-PR': 0.014212168360891654, 'AUC-ROC': 0.5643619704675292, 'VUS-PR': np.float64(0.09682295455554611), 'VUS-ROC': np.float64(0.771482330551592), 'Standard-F1': np.float64(0.03423571941065947), 'PA-F1': 0.04154103852596315, 'Event-based-F1': np.float64(0.03427109974424549), 'R-based-F1': 0.03195565337898426, 'Affiliation-F': 0.7469247397245631}
2026-02-08 18:37:55.379 | INFO     | src.pipelines.train_vision_backbones:run_pipeline:170 - Train images: 18
2026-02-08 18:37:55.379 | INFO     | src.pipelines.train_vision_backbones:run_pipeline:171 - Test images: 115
2026-02-08 18:37:56.341 | INFO     | src.pipelines.train_vision_backbones:run_pipeline:176 - Training pvt_autoencoder_frozen on MTF
2026-02-08 18:37:56.364 | INFO     | src.models.pvt_autoencoder.training:train_pvt_autoencoder_frozen:24 - Device: cuda | Model on: cuda:0
2026-02-08 18:38:24.359 | INFO     | src.pipelines.train_vision_backbones:run_pipeline:193 - Evaluating pvt_autoencoder_frozen on MTF
2026-02-08 18:38:24.849 | INFO     | src.models.evaluation:evaluate_tsb_ad_nonoverlapping:65 - Normal (7231) reconstruction error: mean=0.4232, std=0.2086
2026-02-08 18:38:24.850 | INFO     | src.models.evaluation:evaluate_tsb_ad_nonoverlapping:66 - Anomaly (71) reconstruction error: mean=0.3667, std=0.1003
2026-02-08 18:38:24.850 | INFO     | src.models.evaluation:evaluate_tsb_ad_nonoverlapping:67 - Overlap? Normal max=1.0000, Anomaly min=0.1316
2026-02-08 18:38:30.334 | INFO     | src.models.evaluation:evaluate_tsb_ad_nonoverlapping:83 - {'AUC-PR': 0.011302286549312203, 'AUC-ROC': 0.4467404621338876, 'VUS-PR': np.float64(0.10081395985630674), 'VUS-ROC': np.float64(0.6562250673051607), 'Standard-F1': np.float64(0.028759104213688973), 'PA-F1': 0.030679327976625273, 'Event-based-F1': np.float64(0.028637301298386077), 'R-based-F1': 0.04382121519652301, 'Affiliation-F': 0.7260894937551907}
2026-02-08 18:38:30.491 | INFO     | src.pipelines.train_vision_backbones:run_pipeline:170 - Train images: 18
2026-02-08 18:38:30.491 | INFO     | src.pipelines.train_vision_backbones:run_pipeline:171 - Test images: 115
2026-02-08 18:38:31.455 | INFO     | src.pipelines.train_vision_backbones:run_pipeline:176 - Training pvt_autoencoder_progressive_unfreeze on MTF
2026-02-08 18:38:31.480 | INFO     | src.models.pvt_autoencoder.training:train_pvt_autoencoder_progressive_unfreeze:132 - Device: cuda | Model on: cuda:0
2026-02-08 18:39:12.110 | INFO     | src.pipelines.train_vision_backbones:run_pipeline:193 - Evaluating pvt_autoencoder_progressive_unfreeze on MTF
2026-02-08 18:39:12.841 | INFO     | src.models.evaluation:evaluate_tsb_ad_nonoverlapping:65 - Normal (7231) reconstruction error: mean=0.3909, std=0.2293
2026-02-08 18:39:12.842 | INFO     | src.models.evaluation:evaluate_tsb_ad_nonoverlapping:66 - Anomaly (71) reconstruction error: mean=0.3005, std=0.1312
2026-02-08 18:39:12.842 | INFO     | src.models.evaluation:evaluate_tsb_ad_nonoverlapping:67 - Overlap? Normal max=1.0000, Anomaly min=0.0000
2026-02-08 18:39:18.274 | INFO     | src.models.evaluation:evaluate_tsb_ad_nonoverlapping:83 - {'AUC-PR': 0.010282808155142473, 'AUC-ROC': 0.40957068646146, 'VUS-PR': np.float64(0.10514114720037583), 'VUS-ROC': np.float64(0.6965661495865018), 'Standard-F1': np.float64(0.02447313946654649), 'PA-F1': 0.035691922354414526, 'Event-based-F1': np.float64(0.023802555848209898), 'R-based-F1': 0.01005269558167815, 'Affiliation-F': 0.6931758417353295}
2026-02-08 18:39:18.432 | INFO     | src.pipelines.train_vision_backbones:run_pipeline:170 - Train images: 18
2026-02-08 18:39:18.432 | INFO     | src.pipelines.train_vision_backbones:run_pipeline:171 - Test images: 115
2026-02-08 18:39:19.388 | INFO     | src.pipelines.train_vision_backbones:run_pipeline:176 - Training pvt_autoencoder_differential_lr on MTF
2026-02-08 18:39:19.412 | INFO     | src.models.pvt_autoencoder.training:train_pvt_autoencoder_differential_lr:267 - Device: cuda | Model on: cuda:0
2026-02-08 18:39:49.604 | INFO     | src.pipelines.train_vision_backbones:run_pipeline:193 - Evaluating pvt_autoencoder_differential_lr on MTF
2026-02-08 18:39:49.850 | INFO     | src.models.evaluation:evaluate_tsb_ad_nonoverlapping:65 - Normal (7231) reconstruction error: mean=0.4474, std=0.2168
2026-02-08 18:39:49.850 | INFO     | src.models.evaluation:evaluate_tsb_ad_nonoverlapping:66 - Anomaly (71) reconstruction error: mean=0.3771, std=0.1020
2026-02-08 18:39:49.850 | INFO     | src.models.evaluation:evaluate_tsb_ad_nonoverlapping:67 - Overlap? Normal max=1.0000, Anomaly min=0.1130
2026-02-08 18:39:55.409 | INFO     | src.models.evaluation:evaluate_tsb_ad_nonoverlapping:83 - {'AUC-PR': 0.010520003184195345, 'AUC-ROC': 0.4064912222609617, 'VUS-PR': np.float64(0.19677938202444417), 'VUS-ROC': np.float64(0.7044090766147856), 'Standard-F1': np.float64(0.028890634554040524), 'PA-F1': 0.030920590302178495, 'Event-based-F1': np.float64(0.028045415479259928), 'R-based-F1': 0.024085368297536092, 'Affiliation-F': 0.7239105148123924}
2026-02-08 18:39:55.627 | INFO     | src.pipelines.train_vision_backbones:run_pipeline:70 - Using zip: /net/scratch/hscra/plgrid/plgsmendowski12/ts2i_images/IOPS/275_IOPS_id_16_WebService_tr_1482_1st_1582_ts2i_RP.zip for transformation RP
2026-02-08 18:39:55.824 | INFO     | src.pipelines.train_vision_backbones:run_pipeline:170 - Train images: 18
2026-02-08 18:39:55.824 | INFO     | src.pipelines.train_vision_backbones:run_pipeline:171 - Test images: 115
2026-02-08 18:39:55.831 | INFO     | src.pipelines.train_vision_backbones:run_pipeline:176 - Training cnn_autoencoder on RP
2026-02-08 18:39:55.835 | INFO     | src.models.cnn_autoencoder.training:train_autoencoder:22 - Device: cuda | Model on: cuda:0
2026-02-08 18:40:16.011 | INFO     | src.pipelines.train_vision_backbones:run_pipeline:193 - Evaluating cnn_autoencoder on RP
2026-02-08 18:40:16.104 | INFO     | src.models.evaluation:evaluate_tsb_ad_nonoverlapping:65 - Normal (7231) reconstruction error: mean=0.3561, std=0.1917
2026-02-08 18:40:16.105 | INFO     | src.models.evaluation:evaluate_tsb_ad_nonoverlapping:66 - Anomaly (71) reconstruction error: mean=0.3476, std=0.1263
2026-02-08 18:40:16.105 | INFO     | src.models.evaluation:evaluate_tsb_ad_nonoverlapping:67 - Overlap? Normal max=1.0000, Anomaly min=0.0778
2026-02-08 18:40:21.568 | INFO     | src.models.evaluation:evaluate_tsb_ad_nonoverlapping:83 - {'AUC-PR': 0.01350530318111446, 'AUC-ROC': 0.5240367665820674, 'VUS-PR': np.float64(0.07943089395865256), 'VUS-ROC': np.float64(0.7087622842616493), 'Standard-F1': np.float64(0.02936268147992947), 'PA-F1': 0.07754206291148501, 'Event-based-F1': np.float64(0.029210836277974044), 'R-based-F1': 0.04613383030345652, 'Affiliation-F': 0.7672163374445117}
2026-02-08 18:40:21.740 | INFO     | src.pipelines.train_vision_backbones:run_pipeline:170 - Train images: 18
2026-02-08 18:40:21.740 | INFO     | src.pipelines.train_vision_backbones:run_pipeline:171 - Test images: 115
2026-02-08 18:40:21.952 | INFO     | src.pipelines.train_vision_backbones:run_pipeline:176 - Training resnet18_autoencoder_frozen on RP
2026-02-08 18:40:21.965 | INFO     | src.models.resnet18_autoencoder.training:train_autoencoder_frozen:25 - Device: cuda | Model on: cuda:0
2026-02-08 18:40:47.911 | INFO     | src.pipelines.train_vision_backbones:run_pipeline:193 - Evaluating resnet18_autoencoder_frozen on RP
2026-02-08 18:40:48.019 | INFO     | src.models.evaluation:evaluate_tsb_ad_nonoverlapping:65 - Normal (7231) reconstruction error: mean=0.4394, std=0.1826
2026-02-08 18:40:48.019 | INFO     | src.models.evaluation:evaluate_tsb_ad_nonoverlapping:66 - Anomaly (71) reconstruction error: mean=0.3408, std=0.1858
2026-02-08 18:40:48.019 | INFO     | src.models.evaluation:evaluate_tsb_ad_nonoverlapping:67 - Overlap? Normal max=1.0000, Anomaly min=0.0000
2026-02-08 18:40:53.554 | INFO     | src.models.evaluation:evaluate_tsb_ad_nonoverlapping:83 - {'AUC-PR': 0.010174302292383756, 'AUC-ROC': 0.32669394878467317, 'VUS-PR': np.float64(0.09279798497493735), 'VUS-ROC': np.float64(0.7398222263347052), 'Standard-F1': np.float64(0.02438927717192481), 'PA-F1': 0.07412587412587412, 'Event-based-F1': np.float64(0.024745269286753937), 'R-based-F1': 0.021117496884554488, 'Affiliation-F': 0.795942135656212}
2026-02-08 18:40:53.709 | INFO     | src.pipelines.train_vision_backbones:run_pipeline:170 - Train images: 18
2026-02-08 18:40:53.710 | INFO     | src.pipelines.train_vision_backbones:run_pipeline:171 - Test images: 115
2026-02-08 18:40:53.918 | INFO     | src.pipelines.train_vision_backbones:run_pipeline:176 - Training resnet18_autoencoder_progressive_unfreeze on RP
2026-02-08 18:40:53.933 | INFO     | src.models.resnet18_autoencoder.training:train_autoencoder_progressive_unfreeze:133 - Device: cuda | Model on: cuda:0
2026-02-08 18:41:24.910 | INFO     | src.pipelines.train_vision_backbones:run_pipeline:193 - Evaluating resnet18_autoencoder_progressive_unfreeze on RP
2026-02-08 18:41:25.020 | INFO     | src.models.evaluation:evaluate_tsb_ad_nonoverlapping:65 - Normal (7231) reconstruction error: mean=0.4817, std=0.1637
2026-02-08 18:41:25.020 | INFO     | src.models.evaluation:evaluate_tsb_ad_nonoverlapping:66 - Anomaly (71) reconstruction error: mean=0.4376, std=0.1565
2026-02-08 18:41:25.020 | INFO     | src.models.evaluation:evaluate_tsb_ad_nonoverlapping:67 - Overlap? Normal max=1.0000, Anomaly min=0.1185
2026-02-08 18:41:30.634 | INFO     | src.models.evaluation:evaluate_tsb_ad_nonoverlapping:83 - {'AUC-PR': 0.014947858235891974, 'AUC-ROC': 0.3975216253961328, 'VUS-PR': np.float64(0.1786633168568716), 'VUS-ROC': np.float64(0.7728881809092771), 'Standard-F1': np.float64(0.053289558106453354), 'PA-F1': 0.1572700296735905, 'Event-based-F1': np.float64(0.05501618122977331), 'R-based-F1': 0.028172348484848484, 'Affiliation-F': 0.8006244443227962}
2026-02-08 18:41:30.796 | INFO     | src.pipelines.train_vision_backbones:run_pipeline:170 - Train images: 18
2026-02-08 18:41:30.796 | INFO     | src.pipelines.train_vision_backbones:run_pipeline:171 - Test images: 115
2026-02-08 18:41:31.006 | INFO     | src.pipelines.train_vision_backbones:run_pipeline:176 - Training resnet18_autoencoder_differential_lr on RP
2026-02-08 18:41:31.019 | INFO     | src.models.resnet18_autoencoder.training:train_autoencoder_differential_lr:271 - Device: cuda | Model on: cuda:0
2026-02-08 18:41:58.369 | INFO     | src.pipelines.train_vision_backbones:run_pipeline:193 - Evaluating resnet18_autoencoder_differential_lr on RP
2026-02-08 18:41:58.754 | INFO     | src.models.evaluation:evaluate_tsb_ad_nonoverlapping:65 - Normal (7231) reconstruction error: mean=0.5075, std=0.1764
2026-02-08 18:41:58.754 | INFO     | src.models.evaluation:evaluate_tsb_ad_nonoverlapping:66 - Anomaly (71) reconstruction error: mean=0.4680, std=0.1633
2026-02-08 18:41:58.755 | INFO     | src.models.evaluation:evaluate_tsb_ad_nonoverlapping:67 - Overlap? Normal max=1.0000, Anomaly min=0.3068
2026-02-08 18:42:04.481 | INFO     | src.models.evaluation:evaluate_tsb_ad_nonoverlapping:83 - {'AUC-PR': 0.012107361844031408, 'AUC-ROC': 0.4389161688426785, 'VUS-PR': np.float64(0.1135391950949159), 'VUS-ROC': np.float64(0.8084417285610632), 'Standard-F1': np.float64(0.03156287831099244), 'PA-F1': 0.08111888111888112, 'Event-based-F1': np.float64(0.03218727139722013), 'R-based-F1': 0.019900497512437807, 'Affiliation-F': 0.7573041559005433}
2026-02-08 18:42:04.640 | INFO     | src.pipelines.train_vision_backbones:run_pipeline:170 - Train images: 18
2026-02-08 18:42:04.640 | INFO     | src.pipelines.train_vision_backbones:run_pipeline:171 - Test images: 115
2026-02-08 18:42:05.602 | INFO     | src.pipelines.train_vision_backbones:run_pipeline:176 - Training pvt_autoencoder_frozen on RP
2026-02-08 18:42:05.626 | INFO     | src.models.pvt_autoencoder.training:train_pvt_autoencoder_frozen:24 - Device: cuda | Model on: cuda:0
2026-02-08 18:42:32.896 | INFO     | src.pipelines.train_vision_backbones:run_pipeline:193 - Evaluating pvt_autoencoder_frozen on RP
2026-02-08 18:42:33.096 | INFO     | src.models.evaluation:evaluate_tsb_ad_nonoverlapping:65 - Normal (7231) reconstruction error: mean=0.5094, std=0.2204
2026-02-08 18:42:33.096 | INFO     | src.models.evaluation:evaluate_tsb_ad_nonoverlapping:66 - Anomaly (71) reconstruction error: mean=0.6444, std=0.2090
2026-02-08 18:42:33.097 | INFO     | src.models.evaluation:evaluate_tsb_ad_nonoverlapping:67 - Overlap? Normal max=1.0000, Anomaly min=0.0278
2026-02-08 18:42:38.769 | INFO     | src.models.evaluation:evaluate_tsb_ad_nonoverlapping:83 - {'AUC-PR': 0.027034062612801616, 'AUC-ROC': 0.6966912803052585, 'VUS-PR': np.float64(0.18927682969468895), 'VUS-ROC': np.float64(0.8079727588710668), 'Standard-F1': np.float64(0.06719126342458628), 'PA-F1': 0.19557195571955718, 'Event-based-F1': np.float64(0.06995884773662533), 'R-based-F1': 0.052083522463835484, 'Affiliation-F': 0.7740753253845045}
2026-02-08 18:42:38.930 | INFO     | src.pipelines.train_vision_backbones:run_pipeline:170 - Train images: 18
2026-02-08 18:42:38.930 | INFO     | src.pipelines.train_vision_backbones:run_pipeline:171 - Test images: 115
2026-02-08 18:42:39.894 | INFO     | src.pipelines.train_vision_backbones:run_pipeline:176 - Training pvt_autoencoder_progressive_unfreeze on RP
2026-02-08 18:42:39.917 | INFO     | src.models.pvt_autoencoder.training:train_pvt_autoencoder_progressive_unfreeze:132 - Device: cuda | Model on: cuda:0
2026-02-08 18:43:12.773 | INFO     | src.pipelines.train_vision_backbones:run_pipeline:193 - Evaluating pvt_autoencoder_progressive_unfreeze on RP
2026-02-08 18:43:12.981 | INFO     | src.models.evaluation:evaluate_tsb_ad_nonoverlapping:65 - Normal (7231) reconstruction error: mean=0.5218, std=0.2139
2026-02-08 18:43:12.981 | INFO     | src.models.evaluation:evaluate_tsb_ad_nonoverlapping:66 - Anomaly (71) reconstruction error: mean=0.5136, std=0.1368
2026-02-08 18:43:12.981 | INFO     | src.models.evaluation:evaluate_tsb_ad_nonoverlapping:67 - Overlap? Normal max=1.0000, Anomaly min=0.0572
2026-02-08 18:43:18.646 | INFO     | src.models.evaluation:evaluate_tsb_ad_nonoverlapping:83 - {'AUC-PR': 0.01182208966772628, 'AUC-ROC': 0.4837290928533446, 'VUS-PR': np.float64(0.11253117936664715), 'VUS-ROC': np.float64(0.7525265032959332), 'Standard-F1': np.float64(0.029087395820105104), 'PA-F1': 0.053079619429143715, 'Event-based-F1': np.float64(0.029035238220931736), 'R-based-F1': 0.04782285911769922, 'Affiliation-F': 0.7552842363396903}
2026-02-08 18:43:18.804 | INFO     | src.pipelines.train_vision_backbones:run_pipeline:170 - Train images: 18
2026-02-08 18:43:18.804 | INFO     | src.pipelines.train_vision_backbones:run_pipeline:171 - Test images: 115
2026-02-08 18:43:19.765 | INFO     | src.pipelines.train_vision_backbones:run_pipeline:176 - Training pvt_autoencoder_differential_lr on RP
2026-02-08 18:43:19.789 | INFO     | src.models.pvt_autoencoder.training:train_pvt_autoencoder_differential_lr:267 - Device: cuda | Model on: cuda:0
2026-02-08 18:43:50.428 | INFO     | src.pipelines.train_vision_backbones:run_pipeline:193 - Evaluating pvt_autoencoder_differential_lr on RP
2026-02-08 18:43:50.898 | INFO     | src.models.evaluation:evaluate_tsb_ad_nonoverlapping:65 - Normal (7231) reconstruction error: mean=0.5299, std=0.2085
2026-02-08 18:43:50.898 | INFO     | src.models.evaluation:evaluate_tsb_ad_nonoverlapping:66 - Anomaly (71) reconstruction error: mean=0.6737, std=0.1635
2026-02-08 18:43:50.898 | INFO     | src.models.evaluation:evaluate_tsb_ad_nonoverlapping:67 - Overlap? Normal max=1.0000, Anomaly min=0.1103
2026-02-08 18:43:56.575 | INFO     | src.models.evaluation:evaluate_tsb_ad_nonoverlapping:83 - {'AUC-PR': 0.02998243427579257, 'AUC-ROC': 0.7424742063221537, 'VUS-PR': np.float64(0.18440278849359837), 'VUS-ROC': np.float64(0.8166640309452123), 'Standard-F1': np.float64(0.06804868356002265), 'PA-F1': 0.0828125, 'Event-based-F1': np.float64(0.06212121212121195), 'R-based-F1': 0.0716365754222481, 'Affiliation-F': 0.7804702054897948}
2026-02-08 18:43:56.796 | INFO     | src.pipelines.train_vision_backbones:run_pipeline:70 - Using zip: /net/scratch/hscra/plgrid/plgsmendowski12/ts2i_images/IOPS/275_IOPS_id_16_WebService_tr_1482_1st_1582_ts2i_RWT.zip for transformation RWT
2026-02-08 18:43:56.974 | INFO     | src.pipelines.train_vision_backbones:run_pipeline:170 - Train images: 18
2026-02-08 18:43:56.974 | INFO     | src.pipelines.train_vision_backbones:run_pipeline:171 - Test images: 115
2026-02-08 18:43:56.980 | INFO     | src.pipelines.train_vision_backbones:run_pipeline:176 - Training cnn_autoencoder on RWT
2026-02-08 18:43:56.985 | INFO     | src.models.cnn_autoencoder.training:train_autoencoder:22 - Device: cuda | Model on: cuda:0
2026-02-08 18:44:16.796 | INFO     | src.pipelines.train_vision_backbones:run_pipeline:193 - Evaluating cnn_autoencoder on RWT
2026-02-08 18:44:16.898 | INFO     | src.models.evaluation:evaluate_tsb_ad_nonoverlapping:65 - Normal (7231) reconstruction error: mean=0.1647, std=0.1468
2026-02-08 18:44:16.899 | INFO     | src.models.evaluation:evaluate_tsb_ad_nonoverlapping:66 - Anomaly (71) reconstruction error: mean=0.5739, std=0.2986
2026-02-08 18:44:16.899 | INFO     | src.models.evaluation:evaluate_tsb_ad_nonoverlapping:67 - Overlap? Normal max=1.0000, Anomaly min=0.1067
2026-02-08 18:44:21.969 | INFO     | src.models.evaluation:evaluate_tsb_ad_nonoverlapping:83 - {'AUC-PR': 0.17124809449370348, 'AUC-ROC': 0.8760014102037199, 'VUS-PR': np.float64(0.3937855358411642), 'VUS-ROC': np.float64(0.8790179409921041), 'Standard-F1': np.float64(0.36547762328987876), 'PA-F1': 0.45933014354066987, 'Event-based-F1': np.float64(0.21052631578947323), 'R-based-F1': 0.18181818181818182, 'Affiliation-F': 0.7329896525572566}
2026-02-08 18:44:22.130 | INFO     | src.pipelines.train_vision_backbones:run_pipeline:170 - Train images: 18
2026-02-08 18:44:22.130 | INFO     | src.pipelines.train_vision_backbones:run_pipeline:171 - Test images: 115
2026-02-08 18:44:22.344 | INFO     | src.pipelines.train_vision_backbones:run_pipeline:176 - Training resnet18_autoencoder_frozen on RWT
2026-02-08 18:44:22.357 | INFO     | src.models.resnet18_autoencoder.training:train_autoencoder_frozen:25 - Device: cuda | Model on: cuda:0
2026-02-08 18:44:29.715 | INFO     | src.pipelines.train_vision_backbones:run_pipeline:193 - Evaluating resnet18_autoencoder_frozen on RWT
2026-02-08 18:44:29.830 | INFO     | src.models.evaluation:evaluate_tsb_ad_nonoverlapping:65 - Normal (7231) reconstruction error: mean=0.2229, std=0.2155
2026-02-08 18:44:29.830 | INFO     | src.models.evaluation:evaluate_tsb_ad_nonoverlapping:66 - Anomaly (71) reconstruction error: mean=0.3519, std=0.1175
2026-02-08 18:44:29.830 | INFO     | src.models.evaluation:evaluate_tsb_ad_nonoverlapping:67 - Overlap? Normal max=1.0000, Anomaly min=0.0250
2026-02-08 18:44:35.025 | INFO     | src.models.evaluation:evaluate_tsb_ad_nonoverlapping:83 - {'AUC-PR': 0.023580780225414762, 'AUC-ROC': 0.6960309777347531, 'VUS-PR': np.float64(0.20027817864062258), 'VUS-ROC': np.float64(0.844633787043526), 'Standard-F1': np.float64(0.05409365572701366), 'PA-F1': 0.06827880512091039, 'Event-based-F1': np.float64(0.04678362573099391), 'R-based-F1': 0.04771016711315219, 'Affiliation-F': 0.7324395747683342}
2026-02-08 18:44:35.184 | INFO     | src.pipelines.train_vision_backbones:run_pipeline:170 - Train images: 18
2026-02-08 18:44:35.184 | INFO     | src.pipelines.train_vision_backbones:run_pipeline:171 - Test images: 115
2026-02-08 18:44:35.394 | INFO     | src.pipelines.train_vision_backbones:run_pipeline:176 - Training resnet18_autoencoder_progressive_unfreeze on RWT
2026-02-08 18:44:35.408 | INFO     | src.models.resnet18_autoencoder.training:train_autoencoder_progressive_unfreeze:133 - Device: cuda | Model on: cuda:0
2026-02-08 18:45:07.281 | INFO     | src.pipelines.train_vision_backbones:run_pipeline:193 - Evaluating resnet18_autoencoder_progressive_unfreeze on RWT
2026-02-08 18:45:07.395 | INFO     | src.models.evaluation:evaluate_tsb_ad_nonoverlapping:65 - Normal (7231) reconstruction error: mean=0.0748, std=0.1621
2026-02-08 18:45:07.395 | INFO     | src.models.evaluation:evaluate_tsb_ad_nonoverlapping:66 - Anomaly (71) reconstruction error: mean=0.4775, std=0.2954
2026-02-08 18:45:07.395 | INFO     | src.models.evaluation:evaluate_tsb_ad_nonoverlapping:67 - Overlap? Normal max=1.0000, Anomaly min=0.0118
2026-02-08 18:45:12.265 | INFO     | src.models.evaluation:evaluate_tsb_ad_nonoverlapping:83 - {'AUC-PR': 0.11250640150120259, 'AUC-ROC': 0.8826745565357293, 'VUS-PR': np.float64(0.23683716314100742), 'VUS-ROC': np.float64(0.8724448920665772), 'Standard-F1': np.float64(0.23607751571695304), 'PA-F1': 0.2865671641791045, 'Event-based-F1': np.float64(0.1973929236499065), 'R-based-F1': 0.1379310344827586, 'Affiliation-F': 0.7981397488742138}
2026-02-08 18:45:12.422 | INFO     | src.pipelines.train_vision_backbones:run_pipeline:170 - Train images: 18
2026-02-08 18:45:12.423 | INFO     | src.pipelines.train_vision_backbones:run_pipeline:171 - Test images: 115
2026-02-08 18:45:12.634 | INFO     | src.pipelines.train_vision_backbones:run_pipeline:176 - Training resnet18_autoencoder_differential_lr on RWT
2026-02-08 18:45:12.647 | INFO     | src.models.resnet18_autoencoder.training:train_autoencoder_differential_lr:271 - Device: cuda | Model on: cuda:0
2026-02-08 18:45:40.995 | INFO     | src.pipelines.train_vision_backbones:run_pipeline:193 - Evaluating resnet18_autoencoder_differential_lr on RWT
2026-02-08 18:45:41.089 | INFO     | src.models.evaluation:evaluate_tsb_ad_nonoverlapping:65 - Normal (7231) reconstruction error: mean=0.0848, std=0.1681
2026-02-08 18:45:41.089 | INFO     | src.models.evaluation:evaluate_tsb_ad_nonoverlapping:66 - Anomaly (71) reconstruction error: mean=0.5037, std=0.3092
2026-02-08 18:45:41.090 | INFO     | src.models.evaluation:evaluate_tsb_ad_nonoverlapping:67 - Overlap? Normal max=1.0000, Anomaly min=0.0075
2026-02-08 18:45:45.999 | INFO     | src.models.evaluation:evaluate_tsb_ad_nonoverlapping:83 - {'AUC-PR': 0.10870843859441501, 'AUC-ROC': 0.8724895354703244, 'VUS-PR': np.float64(0.24302068037348407), 'VUS-ROC': np.float64(0.886362653297404), 'Standard-F1': np.float64(0.2229067868522271), 'PA-F1': 0.2865671641791045, 'Event-based-F1': np.float64(0.17666666666666628), 'R-based-F1': 0.1379310344827586, 'Affiliation-F': 0.7853255370128664}
2026-02-08 18:45:46.157 | INFO     | src.pipelines.train_vision_backbones:run_pipeline:170 - Train images: 18
2026-02-08 18:45:46.157 | INFO     | src.pipelines.train_vision_backbones:run_pipeline:171 - Test images: 115
2026-02-08 18:45:47.119 | INFO     | src.pipelines.train_vision_backbones:run_pipeline:176 - Training pvt_autoencoder_frozen on RWT
2026-02-08 18:45:47.143 | INFO     | src.models.pvt_autoencoder.training:train_pvt_autoencoder_frozen:24 - Device: cuda | Model on: cuda:0
2026-02-08 18:46:12.202 | INFO     | src.pipelines.train_vision_backbones:run_pipeline:193 - Evaluating pvt_autoencoder_frozen on RWT
2026-02-08 18:46:12.492 | INFO     | src.models.evaluation:evaluate_tsb_ad_nonoverlapping:65 - Normal (7231) reconstruction error: mean=0.0489, std=0.1246
2026-02-08 18:46:12.493 | INFO     | src.models.evaluation:evaluate_tsb_ad_nonoverlapping:66 - Anomaly (71) reconstruction error: mean=0.3812, std=0.2728
2026-02-08 18:46:12.493 | INFO     | src.models.evaluation:evaluate_tsb_ad_nonoverlapping:67 - Overlap? Normal max=1.0000, Anomaly min=0.0102
2026-02-08 18:46:17.308 | INFO     | src.models.evaluation:evaluate_tsb_ad_nonoverlapping:83 - {'AUC-PR': 0.18145019092665754, 'AUC-ROC': 0.8931809638080175, 'VUS-PR': np.float64(0.4427293460082892), 'VUS-ROC': np.float64(0.9123921447610448), 'Standard-F1': np.float64(0.36547762328987876), 'PA-F1': 0.45933014354066987, 'Event-based-F1': np.float64(0.21052631578947323), 'R-based-F1': 0.18181818181818182, 'Affiliation-F': 0.8065822491387695}
2026-02-08 18:46:17.462 | INFO     | src.pipelines.train_vision_backbones:run_pipeline:170 - Train images: 18
2026-02-08 18:46:17.462 | INFO     | src.pipelines.train_vision_backbones:run_pipeline:171 - Test images: 115
2026-02-08 18:46:18.424 | INFO     | src.pipelines.train_vision_backbones:run_pipeline:176 - Training pvt_autoencoder_progressive_unfreeze on RWT
2026-02-08 18:46:18.448 | INFO     | src.models.pvt_autoencoder.training:train_pvt_autoencoder_progressive_unfreeze:132 - Device: cuda | Model on: cuda:0
2026-02-08 18:46:55.803 | INFO     | src.pipelines.train_vision_backbones:run_pipeline:193 - Evaluating pvt_autoencoder_progressive_unfreeze on RWT
2026-02-08 18:46:56.280 | INFO     | src.models.evaluation:evaluate_tsb_ad_nonoverlapping:65 - Normal (7231) reconstruction error: mean=0.0643, std=0.1783
2026-02-08 18:46:56.280 | INFO     | src.models.evaluation:evaluate_tsb_ad_nonoverlapping:66 - Anomaly (71) reconstruction error: mean=0.4971, std=0.3722
2026-02-08 18:46:56.280 | INFO     | src.models.evaluation:evaluate_tsb_ad_nonoverlapping:67 - Overlap? Normal max=1.0000, Anomaly min=0.0113
2026-02-08 18:47:01.110 | INFO     | src.models.evaluation:evaluate_tsb_ad_nonoverlapping:83 - {'AUC-PR': 0.125036520017827, 'AUC-ROC': 0.8725654994828603, 'VUS-PR': np.float64(0.3616747085695306), 'VUS-ROC': np.float64(0.8968971555405811), 'Standard-F1': np.float64(0.27691910686165067), 'PA-F1': 0.2865671641791045, 'Event-based-F1': np.float64(0.15384615384615333), 'R-based-F1': 0.1379310344827586, 'Affiliation-F': 0.7965321027406226}
2026-02-08 18:47:01.270 | INFO     | src.pipelines.train_vision_backbones:run_pipeline:170 - Train images: 18
2026-02-08 18:47:01.270 | INFO     | src.pipelines.train_vision_backbones:run_pipeline:171 - Test images: 115
2026-02-08 18:47:02.245 | INFO     | src.pipelines.train_vision_backbones:run_pipeline:176 - Training pvt_autoencoder_differential_lr on RWT
2026-02-08 18:47:02.270 | INFO     | src.models.pvt_autoencoder.training:train_pvt_autoencoder_differential_lr:267 - Device: cuda | Model on: cuda:0
2026-02-08 18:47:29.618 | INFO     | src.pipelines.train_vision_backbones:run_pipeline:193 - Evaluating pvt_autoencoder_differential_lr on RWT
2026-02-08 18:47:30.168 | INFO     | src.models.evaluation:evaluate_tsb_ad_nonoverlapping:65 - Normal (7231) reconstruction error: mean=0.0643, std=0.1478
2026-02-08 18:47:30.168 | INFO     | src.models.evaluation:evaluate_tsb_ad_nonoverlapping:66 - Anomaly (71) reconstruction error: mean=0.5486, std=0.4329
2026-02-08 18:47:30.168 | INFO     | src.models.evaluation:evaluate_tsb_ad_nonoverlapping:67 - Overlap? Normal max=1.0000, Anomaly min=0.0095
2026-02-08 18:47:35.006 | INFO     | src.models.evaluation:evaluate_tsb_ad_nonoverlapping:83 - {'AUC-PR': 0.1712403462494938, 'AUC-ROC': 0.8302769180426215, 'VUS-PR': np.float64(0.4034151275544809), 'VUS-ROC': np.float64(0.840131628246699), 'Standard-F1': np.float64(0.36547762328987876), 'PA-F1': 0.45933014354066987, 'Event-based-F1': np.float64(0.21052631578947323), 'R-based-F1': 0.18181818181818182, 'Affiliation-F': 0.752388785710784}
2026-02-08 18:47:35.225 | INFO     | src.pipelines.train_vision_backbones:run_pipeline:70 - Using zip: /net/scratch/hscra/plgrid/plgsmendowski12/ts2i_images/IOPS/275_IOPS_id_16_WebService_tr_1482_1st_1582_ts2i_MWT.zip for transformation MWT
2026-02-08 18:47:35.394 | INFO     | src.pipelines.train_vision_backbones:run_pipeline:170 - Train images: 18
2026-02-08 18:47:35.394 | INFO     | src.pipelines.train_vision_backbones:run_pipeline:171 - Test images: 115
2026-02-08 18:47:35.401 | INFO     | src.pipelines.train_vision_backbones:run_pipeline:176 - Training cnn_autoencoder on MWT
2026-02-08 18:47:35.405 | INFO     | src.models.cnn_autoencoder.training:train_autoencoder:22 - Device: cuda | Model on: cuda:0
2026-02-08 18:47:55.054 | INFO     | src.pipelines.train_vision_backbones:run_pipeline:193 - Evaluating cnn_autoencoder on MWT
2026-02-08 18:47:55.156 | INFO     | src.models.evaluation:evaluate_tsb_ad_nonoverlapping:65 - Normal (7231) reconstruction error: mean=0.1411, std=0.1767
2026-02-08 18:47:55.157 | INFO     | src.models.evaluation:evaluate_tsb_ad_nonoverlapping:66 - Anomaly (71) reconstruction error: mean=0.3123, std=0.1730
2026-02-08 18:47:55.157 | INFO     | src.models.evaluation:evaluate_tsb_ad_nonoverlapping:67 - Overlap? Normal max=1.0000, Anomaly min=0.0369
2026-02-08 18:48:00.189 | INFO     | src.models.evaluation:evaluate_tsb_ad_nonoverlapping:83 - {'AUC-PR': 0.055220481573482715, 'AUC-ROC': 0.7953159421193181, 'VUS-PR': np.float64(0.15703776215245396), 'VUS-ROC': np.float64(0.8061471532825559), 'Standard-F1': np.float64(0.15121073300780896), 'PA-F1': 0.1734860883797054, 'Event-based-F1': np.float64(0.11584699453551883), 'R-based-F1': 0.03616513135448652, 'Affiliation-F': 0.7662868603550232}
2026-02-08 18:48:00.347 | INFO     | src.pipelines.train_vision_backbones:run_pipeline:170 - Train images: 18
2026-02-08 18:48:00.347 | INFO     | src.pipelines.train_vision_backbones:run_pipeline:171 - Test images: 115
2026-02-08 18:48:00.558 | INFO     | src.pipelines.train_vision_backbones:run_pipeline:176 - Training resnet18_autoencoder_frozen on MWT
2026-02-08 18:48:00.572 | INFO     | src.models.resnet18_autoencoder.training:train_autoencoder_frozen:25 - Device: cuda | Model on: cuda:0
2026-02-08 18:48:23.994 | INFO     | src.pipelines.train_vision_backbones:run_pipeline:193 - Evaluating resnet18_autoencoder_frozen on MWT
2026-02-08 18:48:24.362 | INFO     | src.models.evaluation:evaluate_tsb_ad_nonoverlapping:65 - Normal (7231) reconstruction error: mean=0.2453, std=0.1980
2026-02-08 18:48:24.363 | INFO     | src.models.evaluation:evaluate_tsb_ad_nonoverlapping:66 - Anomaly (71) reconstruction error: mean=0.2602, std=0.1354
2026-02-08 18:48:24.363 | INFO     | src.models.evaluation:evaluate_tsb_ad_nonoverlapping:67 - Overlap? Normal max=1.0000, Anomaly min=0.0151
2026-02-08 18:48:29.553 | INFO     | src.models.evaluation:evaluate_tsb_ad_nonoverlapping:83 - {'AUC-PR': 0.016794609458639788, 'AUC-ROC': 0.5900085897768022, 'VUS-PR': np.float64(0.12658985375686205), 'VUS-ROC': np.float64(0.817551712237367), 'Standard-F1': np.float64(0.041110885078691595), 'PA-F1': 0.11447084233261338, 'Event-based-F1': np.float64(0.03908045977011483), 'R-based-F1': 0.021453037678024155, 'Affiliation-F': 0.793966732056472}
2026-02-08 18:48:29.708 | INFO     | src.pipelines.train_vision_backbones:run_pipeline:170 - Train images: 18
2026-02-08 18:48:29.708 | INFO     | src.pipelines.train_vision_backbones:run_pipeline:171 - Test images: 115
2026-02-08 18:48:29.921 | INFO     | src.pipelines.train_vision_backbones:run_pipeline:176 - Training resnet18_autoencoder_progressive_unfreeze on MWT
2026-02-08 18:48:29.935 | INFO     | src.models.resnet18_autoencoder.training:train_autoencoder_progressive_unfreeze:133 - Device: cuda | Model on: cuda:0
2026-02-08 18:48:36.950 | INFO     | src.pipelines.train_vision_backbones:run_pipeline:193 - Evaluating resnet18_autoencoder_progressive_unfreeze on MWT
2026-02-08 18:48:37.062 | INFO     | src.models.evaluation:evaluate_tsb_ad_nonoverlapping:65 - Normal (7231) reconstruction error: mean=0.4470, std=0.2312
2026-02-08 18:48:37.062 | INFO     | src.models.evaluation:evaluate_tsb_ad_nonoverlapping:66 - Anomaly (71) reconstruction error: mean=0.6380, std=0.2412
2026-02-08 18:48:37.062 | INFO     | src.models.evaluation:evaluate_tsb_ad_nonoverlapping:67 - Overlap? Normal max=1.0000, Anomaly min=0.1612
2026-02-08 18:48:42.649 | INFO     | src.models.evaluation:evaluate_tsb_ad_nonoverlapping:83 - {'AUC-PR': 0.03640064967314127, 'AUC-ROC': 0.7108790204927532, 'VUS-PR': np.float64(0.21365280882050983), 'VUS-ROC': np.float64(0.8338505660122687), 'Standard-F1': np.float64(0.09431523812832239), 'PA-F1': 0.12157330154946365, 'Event-based-F1': np.float64(0.08934707903780045), 'R-based-F1': 0.08803611738148986, 'Affiliation-F': 0.7303170592717799}
2026-02-08 18:48:42.805 | INFO     | src.pipelines.train_vision_backbones:run_pipeline:170 - Train images: 18
2026-02-08 18:48:42.805 | INFO     | src.pipelines.train_vision_backbones:run_pipeline:171 - Test images: 115
2026-02-08 18:48:43.016 | INFO     | src.pipelines.train_vision_backbones:run_pipeline:176 - Training resnet18_autoencoder_differential_lr on MWT
2026-02-08 18:48:43.030 | INFO     | src.models.resnet18_autoencoder.training:train_autoencoder_differential_lr:271 - Device: cuda | Model on: cuda:0
2026-02-08 18:48:52.404 | INFO     | src.pipelines.train_vision_backbones:run_pipeline:193 - Evaluating resnet18_autoencoder_differential_lr on MWT
2026-02-08 18:48:52.500 | INFO     | src.models.evaluation:evaluate_tsb_ad_nonoverlapping:65 - Normal (7231) reconstruction error: mean=0.3846, std=0.2489
2026-02-08 18:48:52.500 | INFO     | src.models.evaluation:evaluate_tsb_ad_nonoverlapping:66 - Anomaly (71) reconstruction error: mean=0.4456, std=0.2051
2026-02-08 18:48:52.500 | INFO     | src.models.evaluation:evaluate_tsb_ad_nonoverlapping:67 - Overlap? Normal max=1.0000, Anomaly min=0.1892
2026-02-08 18:48:57.951 | INFO     | src.models.evaluation:evaluate_tsb_ad_nonoverlapping:83 - {'AUC-PR': 0.01709391220005631, 'AUC-ROC': 0.5803903771126273, 'VUS-PR': np.float64(0.19281332674526833), 'VUS-ROC': np.float64(0.808981553037177), 'Standard-F1': np.float64(0.04092959391369683), 'PA-F1': 0.05180388529139685, 'Event-based-F1': np.float64(0.04166666666666645), 'R-based-F1': 0.048062207883525665, 'Affiliation-F': 0.6939428253412391}
2026-02-08 18:48:58.108 | INFO     | src.pipelines.train_vision_backbones:run_pipeline:170 - Train images: 18
2026-02-08 18:48:58.108 | INFO     | src.pipelines.train_vision_backbones:run_pipeline:171 - Test images: 115
2026-02-08 18:48:59.340 | INFO     | src.pipelines.train_vision_backbones:run_pipeline:176 - Training pvt_autoencoder_frozen on MWT
2026-02-08 18:48:59.364 | INFO     | src.models.pvt_autoencoder.training:train_pvt_autoencoder_frozen:24 - Device: cuda | Model on: cuda:0
2026-02-08 18:49:13.082 | INFO     | src.pipelines.train_vision_backbones:run_pipeline:193 - Evaluating pvt_autoencoder_frozen on MWT
2026-02-08 18:49:13.169 | INFO     | src.models.evaluation:evaluate_tsb_ad_nonoverlapping:65 - Normal (7231) reconstruction error: mean=0.1982, std=0.2031
2026-02-08 18:49:13.169 | INFO     | src.models.evaluation:evaluate_tsb_ad_nonoverlapping:66 - Anomaly (71) reconstruction error: mean=0.2936, std=0.1133
2026-02-08 18:49:13.169 | INFO     | src.models.evaluation:evaluate_tsb_ad_nonoverlapping:67 - Overlap? Normal max=1.0000, Anomaly min=0.1431
2026-02-08 18:49:18.312 | INFO     | src.models.evaluation:evaluate_tsb_ad_nonoverlapping:83 - {'AUC-PR': 0.02833838043735255, 'AUC-ROC': 0.7753783105214053, 'VUS-PR': np.float64(0.1222644414734651), 'VUS-ROC': np.float64(0.8290478272615661), 'Standard-F1': np.float64(0.06430443321992942), 'PA-F1': 0.11447084233261338, 'Event-based-F1': np.float64(0.061602714695901756), 'R-based-F1': 0.028385688055183367, 'Affiliation-F': 0.7769415073498906}
2026-02-08 18:49:18.467 | INFO     | src.pipelines.train_vision_backbones:run_pipeline:170 - Train images: 18
2026-02-08 18:49:18.467 | INFO     | src.pipelines.train_vision_backbones:run_pipeline:171 - Test images: 115
2026-02-08 18:49:19.451 | INFO     | src.pipelines.train_vision_backbones:run_pipeline:176 - Training pvt_autoencoder_progressive_unfreeze on MWT
2026-02-08 18:49:19.483 | INFO     | src.models.pvt_autoencoder.training:train_pvt_autoencoder_progressive_unfreeze:132 - Device: cuda | Model on: cuda:0
2026-02-08 18:49:50.391 | INFO     | src.pipelines.train_vision_backbones:run_pipeline:193 - Evaluating pvt_autoencoder_progressive_unfreeze on MWT
2026-02-08 18:49:50.841 | INFO     | src.models.evaluation:evaluate_tsb_ad_nonoverlapping:65 - Normal (7231) reconstruction error: mean=0.1262, std=0.2181
2026-02-08 18:49:50.841 | INFO     | src.models.evaluation:evaluate_tsb_ad_nonoverlapping:66 - Anomaly (71) reconstruction error: mean=0.2807, std=0.1943
2026-02-08 18:49:50.842 | INFO     | src.models.evaluation:evaluate_tsb_ad_nonoverlapping:67 - Overlap? Normal max=1.0000, Anomaly min=0.0509
2026-02-08 18:49:55.820 | INFO     | src.models.evaluation:evaluate_tsb_ad_nonoverlapping:83 - {'AUC-PR': 0.04712683228303264, 'AUC-ROC': 0.8551405236842157, 'VUS-PR': np.float64(0.17100572265330452), 'VUS-ROC': np.float64(0.84512250959519), 'Standard-F1': np.float64(0.11122632298901221), 'PA-F1': 0.1572700296735905, 'Event-based-F1': np.float64(0.1018251681075886), 'R-based-F1': 0.031156198943728865, 'Affiliation-F': 0.7518750523188863}
2026-02-08 18:49:55.980 | INFO     | src.pipelines.train_vision_backbones:run_pipeline:170 - Train images: 18
2026-02-08 18:49:55.980 | INFO     | src.pipelines.train_vision_backbones:run_pipeline:171 - Test images: 115
2026-02-08 18:49:56.941 | INFO     | src.pipelines.train_vision_backbones:run_pipeline:176 - Training pvt_autoencoder_differential_lr on MWT
2026-02-08 18:49:56.963 | INFO     | src.models.pvt_autoencoder.training:train_pvt_autoencoder_differential_lr:267 - Device: cuda | Model on: cuda:0
2026-02-08 18:50:25.343 | INFO     | src.pipelines.train_vision_backbones:run_pipeline:193 - Evaluating pvt_autoencoder_differential_lr on MWT
2026-02-08 18:50:26.243 | INFO     | src.models.evaluation:evaluate_tsb_ad_nonoverlapping:65 - Normal (7231) reconstruction error: mean=0.1264, std=0.2203
2026-02-08 18:50:26.243 | INFO     | src.models.evaluation:evaluate_tsb_ad_nonoverlapping:66 - Anomaly (71) reconstruction error: mean=0.2792, std=0.2745
2026-02-08 18:50:26.243 | INFO     | src.models.evaluation:evaluate_tsb_ad_nonoverlapping:67 - Overlap? Normal max=1.0000, Anomaly min=0.0207
2026-02-08 18:50:31.202 | INFO     | src.models.evaluation:evaluate_tsb_ad_nonoverlapping:83 - {'AUC-PR': 0.0387223005958301, 'AUC-ROC': 0.8156275503943311, 'VUS-PR': np.float64(0.16317959532162893), 'VUS-ROC': np.float64(0.8204389874024098), 'Standard-F1': np.float64(0.08510545587624915), 'PA-F1': 0.21855670103092784, 'Event-based-F1': np.float64(0.08041504539559002), 'R-based-F1': 0.041020337814546705, 'Affiliation-F': 0.7518750523188863}
2026-02-08 18:50:31.435 | INFO     | src.pipelines.train_vision_backbones:run_pipeline:70 - Using zip: /net/scratch/hscra/plgrid/plgsmendowski12/ts2i_images/IOPS/275_IOPS_id_16_WebService_tr_1482_1st_1582_ts2i_SPIRAL.zip for transformation SPIRAL
2026-02-08 18:50:31.612 | INFO     | src.pipelines.train_vision_backbones:run_pipeline:170 - Train images: 18
2026-02-08 18:50:31.612 | INFO     | src.pipelines.train_vision_backbones:run_pipeline:171 - Test images: 115
2026-02-08 18:50:31.619 | INFO     | src.pipelines.train_vision_backbones:run_pipeline:176 - Training cnn_autoencoder on SPIRAL
2026-02-08 18:50:31.623 | INFO     | src.models.cnn_autoencoder.training:train_autoencoder:22 - Device: cuda | Model on: cuda:0
2026-02-08 18:50:51.121 | INFO     | src.pipelines.train_vision_backbones:run_pipeline:193 - Evaluating cnn_autoencoder on SPIRAL
2026-02-08 18:50:51.224 | INFO     | src.models.evaluation:evaluate_tsb_ad_nonoverlapping:65 - Normal (7231) reconstruction error: mean=0.2346, std=0.2216
2026-02-08 18:50:51.224 | INFO     | src.models.evaluation:evaluate_tsb_ad_nonoverlapping:66 - Anomaly (71) reconstruction error: mean=0.2075, std=0.2427
2026-02-08 18:50:51.224 | INFO     | src.models.evaluation:evaluate_tsb_ad_nonoverlapping:67 - Overlap? Normal max=1.0000, Anomaly min=0.0286
2026-02-08 18:50:56.452 | INFO     | src.models.evaluation:evaluate_tsb_ad_nonoverlapping:83 - {'AUC-PR': 0.01388123365952095, 'AUC-ROC': 0.41932329699396764, 'VUS-PR': np.float64(0.2910743729191701), 'VUS-ROC': np.float64(0.7833139352142133), 'Standard-F1': np.float64(0.06090909566184609), 'PA-F1': 0.08695652173913043, 'Event-based-F1': np.float64(0.07407407407407372), 'R-based-F1': 0.07407407407407407, 'Affiliation-F': 0.6723279377091955}
2026-02-08 18:50:56.610 | INFO     | src.pipelines.train_vision_backbones:run_pipeline:170 - Train images: 18
2026-02-08 18:50:56.610 | INFO     | src.pipelines.train_vision_backbones:run_pipeline:171 - Test images: 115
2026-02-08 18:50:56.826 | INFO     | src.pipelines.train_vision_backbones:run_pipeline:176 - Training resnet18_autoencoder_frozen on SPIRAL
2026-02-08 18:50:56.840 | INFO     | src.models.resnet18_autoencoder.training:train_autoencoder_frozen:25 - Device: cuda | Model on: cuda:0
2026-02-08 18:51:06.916 | INFO     | src.pipelines.train_vision_backbones:run_pipeline:193 - Evaluating resnet18_autoencoder_frozen on SPIRAL
2026-02-08 18:51:07.031 | INFO     | src.models.evaluation:evaluate_tsb_ad_nonoverlapping:65 - Normal (7231) reconstruction error: mean=0.2185, std=0.2406
2026-02-08 18:51:07.032 | INFO     | src.models.evaluation:evaluate_tsb_ad_nonoverlapping:66 - Anomaly (71) reconstruction error: mean=0.2723, std=0.3264
2026-02-08 18:51:07.032 | INFO     | src.models.evaluation:evaluate_tsb_ad_nonoverlapping:67 - Overlap? Normal max=1.0000, Anomaly min=0.0052
2026-02-08 18:51:12.219 | INFO     | src.models.evaluation:evaluate_tsb_ad_nonoverlapping:83 - {'AUC-PR': 0.01931898925723633, 'AUC-ROC': 0.4431292498456373, 'VUS-PR': np.float64(0.39733657658620647), 'VUS-ROC': np.float64(0.8707303382603784), 'Standard-F1': np.float64(0.081213664102544), 'PA-F1': 0.10050251256281408, 'Event-based-F1': np.float64(0.1066666666666664), 'R-based-F1': 0.1041041041041041, 'Affiliation-F': 0.6943242699699899}
2026-02-08 18:51:12.374 | INFO     | src.pipelines.train_vision_backbones:run_pipeline:170 - Train images: 18
2026-02-08 18:51:12.374 | INFO     | src.pipelines.train_vision_backbones:run_pipeline:171 - Test images: 115
2026-02-08 18:51:12.586 | INFO     | src.pipelines.train_vision_backbones:run_pipeline:176 - Training resnet18_autoencoder_progressive_unfreeze on SPIRAL
2026-02-08 18:51:12.599 | INFO     | src.models.resnet18_autoencoder.training:train_autoencoder_progressive_unfreeze:133 - Device: cuda | Model on: cuda:0
2026-02-08 18:51:50.162 | INFO     | src.pipelines.train_vision_backbones:run_pipeline:193 - Evaluating resnet18_autoencoder_progressive_unfreeze on SPIRAL
2026-02-08 18:51:50.271 | INFO     | src.models.evaluation:evaluate_tsb_ad_nonoverlapping:65 - Normal (7231) reconstruction error: mean=0.1601, std=0.2344
2026-02-08 18:51:50.271 | INFO     | src.models.evaluation:evaluate_tsb_ad_nonoverlapping:66 - Anomaly (71) reconstruction error: mean=0.1811, std=0.2303
2026-02-08 18:51:50.271 | INFO     | src.models.evaluation:evaluate_tsb_ad_nonoverlapping:67 - Overlap? Normal max=1.0000, Anomaly min=0.0059
2026-02-08 18:51:55.313 | INFO     | src.models.evaluation:evaluate_tsb_ad_nonoverlapping:83 - {'AUC-PR': 0.01369764637820176, 'AUC-ROC': 0.4717910561140317, 'VUS-PR': np.float64(0.161857814773855), 'VUS-ROC': np.float64(0.7973591949339125), 'Standard-F1': np.float64(0.03706153001425491), 'PA-F1': 0.08097686375321336, 'Event-based-F1': np.float64(0.036253776435045265), 'R-based-F1': 0.030303030303030304, 'Affiliation-F': 0.7010410088248454}
2026-02-08 18:51:55.471 | INFO     | src.pipelines.train_vision_backbones:run_pipeline:170 - Train images: 18
2026-02-08 18:51:55.471 | INFO     | src.pipelines.train_vision_backbones:run_pipeline:171 - Test images: 115
2026-02-08 18:51:55.682 | INFO     | src.pipelines.train_vision_backbones:run_pipeline:176 - Training resnet18_autoencoder_differential_lr on SPIRAL
2026-02-08 18:51:55.696 | INFO     | src.models.resnet18_autoencoder.training:train_autoencoder_differential_lr:271 - Device: cuda | Model on: cuda:0
2026-02-08 18:52:23.494 | INFO     | src.pipelines.train_vision_backbones:run_pipeline:193 - Evaluating resnet18_autoencoder_differential_lr on SPIRAL
2026-02-08 18:52:23.585 | INFO     | src.models.evaluation:evaluate_tsb_ad_nonoverlapping:65 - Normal (7231) reconstruction error: mean=0.1680, std=0.2219
2026-02-08 18:52:23.585 | INFO     | src.models.evaluation:evaluate_tsb_ad_nonoverlapping:66 - Anomaly (71) reconstruction error: mean=0.1788, std=0.2138
2026-02-08 18:52:23.585 | INFO     | src.models.evaluation:evaluate_tsb_ad_nonoverlapping:67 - Overlap? Normal max=1.0000, Anomaly min=0.0100
2026-02-08 18:52:28.634 | INFO     | src.models.evaluation:evaluate_tsb_ad_nonoverlapping:83 - {'AUC-PR': 0.013537801806890019, 'AUC-ROC': 0.4838167436370401, 'VUS-PR': np.float64(0.18640573601852345), 'VUS-ROC': np.float64(0.7841973522659549), 'Standard-F1': np.float64(0.03411158794899757), 'PA-F1': 0.07491082045184304, 'Event-based-F1': np.float64(0.033426183844011095), 'R-based-F1': 0.02981029810298103, 'Affiliation-F': 0.7046955620311305}
2026-02-08 18:52:28.791 | INFO     | src.pipelines.train_vision_backbones:run_pipeline:170 - Train images: 18
2026-02-08 18:52:28.791 | INFO     | src.pipelines.train_vision_backbones:run_pipeline:171 - Test images: 115
2026-02-08 18:52:29.786 | INFO     | src.pipelines.train_vision_backbones:run_pipeline:176 - Training pvt_autoencoder_frozen on SPIRAL
2026-02-08 18:52:29.809 | INFO     | src.models.pvt_autoencoder.training:train_pvt_autoencoder_frozen:24 - Device: cuda | Model on: cuda:0
2026-02-08 18:52:55.005 | INFO     | src.pipelines.train_vision_backbones:run_pipeline:193 - Evaluating pvt_autoencoder_frozen on SPIRAL
2026-02-08 18:52:55.503 | INFO     | src.models.evaluation:evaluate_tsb_ad_nonoverlapping:65 - Normal (7231) reconstruction error: mean=0.1469, std=0.2141
2026-02-08 18:52:55.504 | INFO     | src.models.evaluation:evaluate_tsb_ad_nonoverlapping:66 - Anomaly (71) reconstruction error: mean=0.1357, std=0.1716
2026-02-08 18:52:55.504 | INFO     | src.models.evaluation:evaluate_tsb_ad_nonoverlapping:67 - Overlap? Normal max=1.0000, Anomaly min=0.0231
2026-02-08 18:53:00.505 | INFO     | src.models.evaluation:evaluate_tsb_ad_nonoverlapping:83 - {'AUC-PR': 0.01326099060567889, 'AUC-ROC': 0.5189121174286766, 'VUS-PR': np.float64(0.19170408011213538), 'VUS-ROC': np.float64(0.8105607910239493), 'Standard-F1': np.float64(0.03047327140551356), 'PA-F1': 0.06734366648850881, 'Event-based-F1': np.float64(0.02992518703241891), 'R-based-F1': 0.02693871827233207, 'Affiliation-F': 0.7556742974053126}
2026-02-08 18:53:00.661 | INFO     | src.pipelines.train_vision_backbones:run_pipeline:170 - Train images: 18
2026-02-08 18:53:00.661 | INFO     | src.pipelines.train_vision_backbones:run_pipeline:171 - Test images: 115
2026-02-08 18:53:01.619 | INFO     | src.pipelines.train_vision_backbones:run_pipeline:176 - Training pvt_autoencoder_progressive_unfreeze on SPIRAL
2026-02-08 18:53:01.643 | INFO     | src.models.pvt_autoencoder.training:train_pvt_autoencoder_progressive_unfreeze:132 - Device: cuda | Model on: cuda:0
2026-02-08 18:53:34.332 | INFO     | src.pipelines.train_vision_backbones:run_pipeline:193 - Evaluating pvt_autoencoder_progressive_unfreeze on SPIRAL
2026-02-08 18:53:34.890 | INFO     | src.models.evaluation:evaluate_tsb_ad_nonoverlapping:65 - Normal (7231) reconstruction error: mean=0.1184, std=0.1914
2026-02-08 18:53:34.890 | INFO     | src.models.evaluation:evaluate_tsb_ad_nonoverlapping:66 - Anomaly (71) reconstruction error: mean=0.1617, std=0.1858
2026-02-08 18:53:34.890 | INFO     | src.models.evaluation:evaluate_tsb_ad_nonoverlapping:67 - Overlap? Normal max=1.0000, Anomaly min=0.0192
2026-02-08 18:53:39.854 | INFO     | src.models.evaluation:evaluate_tsb_ad_nonoverlapping:83 - {'AUC-PR': 0.019173605561280272, 'AUC-ROC': 0.6727918332843138, 'VUS-PR': np.float64(0.22279782005332655), 'VUS-ROC': np.float64(0.8304379867278979), 'Standard-F1': np.float64(0.04056998931707035), 'PA-F1': 0.09217264081931237, 'Event-based-F1': np.float64(0.041522491349480904), 'R-based-F1': 0.031073446327683614, 'Affiliation-F': 0.7100825380336956}
2026-02-08 18:53:40.014 | INFO     | src.pipelines.train_vision_backbones:run_pipeline:170 - Train images: 18
2026-02-08 18:53:40.015 | INFO     | src.pipelines.train_vision_backbones:run_pipeline:171 - Test images: 115
2026-02-08 18:53:40.984 | INFO     | src.pipelines.train_vision_backbones:run_pipeline:176 - Training pvt_autoencoder_differential_lr on SPIRAL
2026-02-08 18:53:41.008 | INFO     | src.models.pvt_autoencoder.training:train_pvt_autoencoder_differential_lr:267 - Device: cuda | Model on: cuda:0
2026-02-08 18:54:10.127 | INFO     | src.pipelines.train_vision_backbones:run_pipeline:193 - Evaluating pvt_autoencoder_differential_lr on SPIRAL
2026-02-08 18:54:10.393 | INFO     | src.models.evaluation:evaluate_tsb_ad_nonoverlapping:65 - Normal (7231) reconstruction error: mean=0.1344, std=0.2200
2026-02-08 18:54:10.393 | INFO     | src.models.evaluation:evaluate_tsb_ad_nonoverlapping:66 - Anomaly (71) reconstruction error: mean=0.1745, std=0.2575
2026-02-08 18:54:10.393 | INFO     | src.models.evaluation:evaluate_tsb_ad_nonoverlapping:67 - Overlap? Normal max=1.0000, Anomaly min=0.0091
2026-02-08 18:54:15.441 | INFO     | src.models.evaluation:evaluate_tsb_ad_nonoverlapping:83 - {'AUC-PR': 0.015413994973598976, 'AUC-ROC': 0.49449260909113923, 'VUS-PR': np.float64(0.22310430207023918), 'VUS-ROC': np.float64(0.8356554782818032), 'Standard-F1': np.float64(0.040604527308359124), 'PA-F1': 0.07491082045184304, 'Event-based-F1': np.float64(0.053333333333333066), 'R-based-F1': 0.050400916380297825, 'Affiliation-F': 0.6916570956534451}
2026-02-08 18:54:15.897 | INFO     | src.pipelines.train_vision_backbones:run_pipeline:70 - Using zip: /net/scratch/hscra/plgrid/plgsmendowski12/ts2i_images/IOPS/276_IOPS_id_17_WebService_tr_19197_1st_19297_ts2i_RN.zip for transformation RN
2026-02-08 18:54:17.960 | INFO     | src.pipelines.train_vision_backbones:run_pipeline:170 - Train images: 306
2026-02-08 18:54:17.960 | INFO     | src.pipelines.train_vision_backbones:run_pipeline:171 - Test images: 1443
2026-02-08 18:54:17.966 | INFO     | src.pipelines.train_vision_backbones:run_pipeline:176 - Training cnn_autoencoder on RN
2026-02-08 18:54:17.971 | INFO     | src.models.cnn_autoencoder.training:train_autoencoder:22 - Device: cuda | Model on: cuda:0
2026-02-08 18:55:09.411 | INFO     | src.pipelines.train_vision_backbones:run_pipeline:193 - Evaluating cnn_autoencoder on RN
2026-02-08 18:55:10.576 | INFO     | src.models.evaluation:evaluate_tsb_ad_nonoverlapping:65 - Normal (69597) reconstruction error: mean=0.6872, std=0.4354
2026-02-08 18:55:10.576 | INFO     | src.models.evaluation:evaluate_tsb_ad_nonoverlapping:66 - Anomaly (2576) reconstruction error: mean=0.6193, std=0.4669
2026-02-08 18:55:10.576 | INFO     | src.models.evaluation:evaluate_tsb_ad_nonoverlapping:67 - Overlap? Normal max=1.0000, Anomaly min=0.0000
2026-02-08 18:55:34.883 | INFO     | src.models.evaluation:evaluate_tsb_ad_nonoverlapping:83 - {'AUC-PR': 0.09542487746211814, 'AUC-ROC': 0.521872127707368, 'VUS-PR': np.float64(0.04706634814821677), 'VUS-ROC': np.float64(0.33455328714818533), 'Standard-F1': np.float64(0.1957454119512529), 'PA-F1': 0.4453502415458937, 'Event-based-F1': np.float64(0.11472823748745112), 'R-based-F1': 0.055094569992968946, 'Affiliation-F': 0.6747102693776634}
2026-02-08 18:55:35.035 | INFO     | src.pipelines.train_vision_backbones:run_pipeline:170 - Train images: 306
2026-02-08 18:55:35.035 | INFO     | src.pipelines.train_vision_backbones:run_pipeline:171 - Test images: 1443
2026-02-08 18:55:35.245 | INFO     | src.pipelines.train_vision_backbones:run_pipeline:176 - Training resnet18_autoencoder_frozen on RN
2026-02-08 18:55:35.258 | INFO     | src.models.resnet18_autoencoder.training:train_autoencoder_frozen:25 - Device: cuda | Model on: cuda:0
2026-02-08 18:56:21.191 | INFO     | src.pipelines.train_vision_backbones:run_pipeline:193 - Evaluating resnet18_autoencoder_frozen on RN
2026-02-08 18:56:22.452 | INFO     | src.models.evaluation:evaluate_tsb_ad_nonoverlapping:65 - Normal (69597) reconstruction error: mean=0.6628, std=0.4212
2026-02-08 18:56:22.452 | INFO     | src.models.evaluation:evaluate_tsb_ad_nonoverlapping:66 - Anomaly (2576) reconstruction error: mean=0.5957, std=0.4504
2026-02-08 18:56:22.452 | INFO     | src.models.evaluation:evaluate_tsb_ad_nonoverlapping:67 - Overlap? Normal max=1.0000, Anomaly min=0.0000
2026-02-08 18:56:46.083 | INFO     | src.models.evaluation:evaluate_tsb_ad_nonoverlapping:83 - {'AUC-PR': 0.03858740879832491, 'AUC-ROC': 0.47581220593234314, 'VUS-PR': np.float64(0.039790727728451124), 'VUS-ROC': np.float64(0.331959616588852), 'Standard-F1': np.float64(0.0865627517447872), 'PA-F1': 0.1712313263920326, 'Event-based-F1': np.float64(0.07981638215464051), 'R-based-F1': 0.7794220108670551, 'Affiliation-F': 0.6448096100240256}
2026-02-08 18:56:46.239 | INFO     | src.pipelines.train_vision_backbones:run_pipeline:170 - Train images: 306
2026-02-08 18:56:46.239 | INFO     | src.pipelines.train_vision_backbones:run_pipeline:171 - Test images: 1443
2026-02-08 18:56:46.450 | INFO     | src.pipelines.train_vision_backbones:run_pipeline:176 - Training resnet18_autoencoder_progressive_unfreeze on RN
2026-02-08 18:56:46.470 | INFO     | src.models.resnet18_autoencoder.training:train_autoencoder_progressive_unfreeze:133 - Device: cuda | Model on: cuda:0
2026-02-08 18:57:50.469 | INFO     | src.pipelines.train_vision_backbones:run_pipeline:193 - Evaluating resnet18_autoencoder_progressive_unfreeze on RN
2026-02-08 18:57:51.723 | INFO     | src.models.evaluation:evaluate_tsb_ad_nonoverlapping:65 - Normal (69597) reconstruction error: mean=0.6646, std=0.4222
2026-02-08 18:57:51.724 | INFO     | src.models.evaluation:evaluate_tsb_ad_nonoverlapping:66 - Anomaly (2576) reconstruction error: mean=0.5972, std=0.4502
2026-02-08 18:57:51.724 | INFO     | src.models.evaluation:evaluate_tsb_ad_nonoverlapping:67 - Overlap? Normal max=1.0000, Anomaly min=0.0004
2026-02-08 18:58:14.864 | INFO     | src.models.evaluation:evaluate_tsb_ad_nonoverlapping:83 - {'AUC-PR': 0.03960654248969213, 'AUC-ROC': 0.5190873843619839, 'VUS-PR': np.float64(0.04257819682761846), 'VUS-ROC': np.float64(0.3933108347228198), 'Standard-F1': np.float64(0.08077040120706656), 'PA-F1': 0.16482110066217795, 'Event-based-F1': np.float64(0.07397232522920243), 'R-based-F1': 0.062062345575653544, 'Affiliation-F': 0.6733167621285105}
2026-02-08 18:58:15.020 | INFO     | src.pipelines.train_vision_backbones:run_pipeline:170 - Train images: 306
2026-02-08 18:58:15.020 | INFO     | src.pipelines.train_vision_backbones:run_pipeline:171 - Test images: 1443
2026-02-08 18:58:15.231 | INFO     | src.pipelines.train_vision_backbones:run_pipeline:176 - Training resnet18_autoencoder_differential_lr on RN
2026-02-08 18:58:15.244 | INFO     | src.models.resnet18_autoencoder.training:train_autoencoder_differential_lr:271 - Device: cuda | Model on: cuda:0
2026-02-08 18:59:06.846 | INFO     | src.pipelines.train_vision_backbones:run_pipeline:193 - Evaluating resnet18_autoencoder_differential_lr on RN
2026-02-08 18:59:08.373 | INFO     | src.models.evaluation:evaluate_tsb_ad_nonoverlapping:65 - Normal (69597) reconstruction error: mean=0.6649, std=0.4219
2026-02-08 18:59:08.374 | INFO     | src.models.evaluation:evaluate_tsb_ad_nonoverlapping:66 - Anomaly (2576) reconstruction error: mean=0.5977, std=0.4521
2026-02-08 18:59:08.374 | INFO     | src.models.evaluation:evaluate_tsb_ad_nonoverlapping:67 - Overlap? Normal max=1.0000, Anomaly min=0.0000
2026-02-08 18:59:31.343 | INFO     | src.models.evaluation:evaluate_tsb_ad_nonoverlapping:83 - {'AUC-PR': 0.04032710965984082, 'AUC-ROC': 0.46779913141469204, 'VUS-PR': np.float64(0.04009749560168312), 'VUS-ROC': np.float64(0.3244476741197058), 'Standard-F1': np.float64(0.08529411372862035), 'PA-F1': 0.32587366332267664, 'Event-based-F1': np.float64(0.10506329113924001), 'R-based-F1': 0.7794220108670551, 'Affiliation-F': 0.6448096100240256}
2026-02-08 18:59:31.496 | INFO     | src.pipelines.train_vision_backbones:run_pipeline:170 - Train images: 306
2026-02-08 18:59:31.497 | INFO     | src.pipelines.train_vision_backbones:run_pipeline:171 - Test images: 1443
2026-02-08 18:59:32.466 | INFO     | src.pipelines.train_vision_backbones:run_pipeline:176 - Training pvt_autoencoder_frozen on RN
2026-02-08 18:59:32.489 | INFO     | src.models.pvt_autoencoder.training:train_pvt_autoencoder_frozen:24 - Device: cuda | Model on: cuda:0
2026-02-08 19:00:23.268 | INFO     | src.pipelines.train_vision_backbones:run_pipeline:193 - Evaluating pvt_autoencoder_frozen on RN
2026-02-08 19:00:25.758 | INFO     | src.models.evaluation:evaluate_tsb_ad_nonoverlapping:65 - Normal (69597) reconstruction error: mean=0.6659, std=0.4231
2026-02-08 19:00:25.759 | INFO     | src.models.evaluation:evaluate_tsb_ad_nonoverlapping:66 - Anomaly (2576) reconstruction error: mean=0.5886, std=0.4448
2026-02-08 19:00:25.759 | INFO     | src.models.evaluation:evaluate_tsb_ad_nonoverlapping:67 - Overlap? Normal max=1.0000, Anomaly min=0.0000
2026-02-08 19:00:48.849 | INFO     | src.models.evaluation:evaluate_tsb_ad_nonoverlapping:83 - {'AUC-PR': 0.028678056308357774, 'AUC-ROC': 0.3848409503443828, 'VUS-PR': np.float64(0.03349030733263608), 'VUS-ROC': np.float64(0.3011806889073616), 'Standard-F1': np.float64(0.06892333350228781), 'PA-F1': 0.1997738409347908, 'Event-based-F1': np.float64(0.06653943503742497), 'R-based-F1': 0.17385170043665094, 'Affiliation-F': 0.6759920983815628}
2026-02-08 19:00:49.003 | INFO     | src.pipelines.train_vision_backbones:run_pipeline:170 - Train images: 306
2026-02-08 19:00:49.003 | INFO     | src.pipelines.train_vision_backbones:run_pipeline:171 - Test images: 1443
2026-02-08 19:00:49.964 | INFO     | src.pipelines.train_vision_backbones:run_pipeline:176 - Training pvt_autoencoder_progressive_unfreeze on RN
2026-02-08 19:00:49.987 | INFO     | src.models.pvt_autoencoder.training:train_pvt_autoencoder_progressive_unfreeze:132 - Device: cuda | Model on: cuda:0
2026-02-08 19:02:11.543 | INFO     | src.pipelines.train_vision_backbones:run_pipeline:193 - Evaluating pvt_autoencoder_progressive_unfreeze on RN
2026-02-08 19:02:22.514 | INFO     | src.models.evaluation:evaluate_tsb_ad_nonoverlapping:65 - Normal (69597) reconstruction error: mean=0.6770, std=0.4304
2026-02-08 19:02:22.514 | INFO     | src.models.evaluation:evaluate_tsb_ad_nonoverlapping:66 - Anomaly (2576) reconstruction error: mean=0.6024, std=0.4557
2026-02-08 19:02:22.514 | INFO     | src.models.evaluation:evaluate_tsb_ad_nonoverlapping:67 - Overlap? Normal max=1.0000, Anomaly min=0.0000
2026-02-08 19:02:46.137 | INFO     | src.models.evaluation:evaluate_tsb_ad_nonoverlapping:83 - {'AUC-PR': 0.03131284544424634, 'AUC-ROC': 0.42363227889543675, 'VUS-PR': np.float64(0.03537620263744679), 'VUS-ROC': np.float64(0.3110350251467762), 'Standard-F1': np.float64(0.07160351346108042), 'PA-F1': 0.13593568634194575, 'Event-based-F1': np.float64(0.06672306228190743), 'R-based-F1': 0.17385170043665094, 'Affiliation-F': 0.6759920983815628}
2026-02-08 19:02:46.296 | INFO     | src.pipelines.train_vision_backbones:run_pipeline:170 - Train images: 306
2026-02-08 19:02:46.296 | INFO     | src.pipelines.train_vision_backbones:run_pipeline:171 - Test images: 1443
2026-02-08 19:02:47.259 | INFO     | src.pipelines.train_vision_backbones:run_pipeline:176 - Training pvt_autoencoder_differential_lr on RN
2026-02-08 19:02:47.282 | INFO     | src.models.pvt_autoencoder.training:train_pvt_autoencoder_differential_lr:267 - Device: cuda | Model on: cuda:0
2026-02-08 19:03:51.020 | INFO     | src.pipelines.train_vision_backbones:run_pipeline:193 - Evaluating pvt_autoencoder_differential_lr on RN
2026-02-08 19:03:55.685 | INFO     | src.models.evaluation:evaluate_tsb_ad_nonoverlapping:65 - Normal (69597) reconstruction error: mean=0.6658, std=0.4224
2026-02-08 19:03:55.686 | INFO     | src.models.evaluation:evaluate_tsb_ad_nonoverlapping:66 - Anomaly (2576) reconstruction error: mean=0.6013, std=0.4540
2026-02-08 19:03:55.686 | INFO     | src.models.evaluation:evaluate_tsb_ad_nonoverlapping:67 - Overlap? Normal max=1.0000, Anomaly min=0.0000
2026-02-08 19:04:18.574 | INFO     | src.models.evaluation:evaluate_tsb_ad_nonoverlapping:83 - {'AUC-PR': 0.04447246971787986, 'AUC-ROC': 0.5166464850389335, 'VUS-PR': np.float64(0.04360752958704613), 'VUS-ROC': np.float64(0.3748676259346076), 'Standard-F1': np.float64(0.10337952596218629), 'PA-F1': 0.30627126883811373, 'Event-based-F1': np.float64(0.09183618603817524), 'R-based-F1': 0.06628260486574694, 'Affiliation-F': 0.67383786231716}
2026-02-08 19:04:19.214 | INFO     | src.pipelines.train_vision_backbones:run_pipeline:70 - Using zip: /net/scratch/hscra/plgrid/plgsmendowski12/ts2i_images/IOPS/276_IOPS_id_17_WebService_tr_19197_1st_19297_ts2i_LP.zip for transformation LP
2026-02-08 19:04:21.480 | INFO     | src.pipelines.train_vision_backbones:run_pipeline:170 - Train images: 306
2026-02-08 19:04:21.480 | INFO     | src.pipelines.train_vision_backbones:run_pipeline:171 - Test images: 1443
2026-02-08 19:04:21.487 | INFO     | src.pipelines.train_vision_backbones:run_pipeline:176 - Training cnn_autoencoder on LP
2026-02-08 19:04:21.491 | INFO     | src.models.cnn_autoencoder.training:train_autoencoder:22 - Device: cuda | Model on: cuda:0
2026-02-08 19:05:06.748 | INFO     | src.pipelines.train_vision_backbones:run_pipeline:193 - Evaluating cnn_autoencoder on LP
2026-02-08 19:05:07.868 | INFO     | src.models.evaluation:evaluate_tsb_ad_nonoverlapping:65 - Normal (69597) reconstruction error: mean=0.0776, std=0.0348
2026-02-08 19:05:07.868 | INFO     | src.models.evaluation:evaluate_tsb_ad_nonoverlapping:66 - Anomaly (2576) reconstruction error: mean=0.2597, std=0.3404
2026-02-08 19:05:07.868 | INFO     | src.models.evaluation:evaluate_tsb_ad_nonoverlapping:67 - Overlap? Normal max=0.5795, Anomaly min=0.0000
2026-02-08 19:05:15.878 | INFO     | src.models.evaluation:evaluate_tsb_ad_nonoverlapping:83 - {'AUC-PR': 0.37278867591998743, 'AUC-ROC': 0.4251741693103249, 'VUS-PR': np.float64(0.1234272994509725), 'VUS-ROC': np.float64(0.4186843921610161), 'Standard-F1': np.float64(0.5042501756164243), 'PA-F1': 0.504254112308565, 'Event-based-F1': np.float64(0.31874999999999953), 'R-based-F1': 0.6507108595923612, 'Affiliation-F': 0.6796860751808715}
2026-02-08 19:05:16.235 | INFO     | src.pipelines.train_vision_backbones:run_pipeline:170 - Train images: 306
2026-02-08 19:05:16.235 | INFO     | src.pipelines.train_vision_backbones:run_pipeline:171 - Test images: 1443
2026-02-08 19:05:16.447 | INFO     | src.pipelines.train_vision_backbones:run_pipeline:176 - Training resnet18_autoencoder_frozen on LP
2026-02-08 19:05:16.463 | INFO     | src.models.resnet18_autoencoder.training:train_autoencoder_frozen:25 - Device: cuda | Model on: cuda:0
2026-02-08 19:05:43.192 | INFO     | src.pipelines.train_vision_backbones:run_pipeline:193 - Evaluating resnet18_autoencoder_frozen on LP
2026-02-08 19:05:44.398 | INFO     | src.models.evaluation:evaluate_tsb_ad_nonoverlapping:65 - Normal (69597) reconstruction error: mean=0.1018, std=0.0464
2026-02-08 19:05:44.398 | INFO     | src.models.evaluation:evaluate_tsb_ad_nonoverlapping:66 - Anomaly (2576) reconstruction error: mean=0.2858, std=0.3645
2026-02-08 19:05:44.398 | INFO     | src.models.evaluation:evaluate_tsb_ad_nonoverlapping:67 - Overlap? Normal max=0.6683, Anomaly min=0.0000
2026-02-08 19:05:53.120 | INFO     | src.models.evaluation:evaluate_tsb_ad_nonoverlapping:83 - {'AUC-PR': 0.3727559919997689, 'AUC-ROC': 0.4227785004386834, 'VUS-PR': np.float64(0.1257229064053656), 'VUS-ROC': np.float64(0.4304458724315266), 'Standard-F1': np.float64(0.5042501756164243), 'PA-F1': 0.504254112308565, 'Event-based-F1': np.float64(0.3385308697611532), 'R-based-F1': 0.3978616183634117, 'Affiliation-F': 0.7186295657335823}
2026-02-08 19:05:53.277 | INFO     | src.pipelines.train_vision_backbones:run_pipeline:170 - Train images: 306
2026-02-08 19:05:53.277 | INFO     | src.pipelines.train_vision_backbones:run_pipeline:171 - Test images: 1443
2026-02-08 19:05:53.489 | INFO     | src.pipelines.train_vision_backbones:run_pipeline:176 - Training resnet18_autoencoder_progressive_unfreeze on LP
2026-02-08 19:05:53.503 | INFO     | src.models.resnet18_autoencoder.training:train_autoencoder_progressive_unfreeze:133 - Device: cuda | Model on: cuda:0
2026-02-08 19:06:18.012 | INFO     | src.pipelines.train_vision_backbones:run_pipeline:193 - Evaluating resnet18_autoencoder_progressive_unfreeze on LP
2026-02-08 19:06:19.199 | INFO     | src.models.evaluation:evaluate_tsb_ad_nonoverlapping:65 - Normal (69597) reconstruction error: mean=0.0882, std=0.0393
2026-02-08 19:06:19.199 | INFO     | src.models.evaluation:evaluate_tsb_ad_nonoverlapping:66 - Anomaly (2576) reconstruction error: mean=0.2783, std=0.3579
2026-02-08 19:06:19.199 | INFO     | src.models.evaluation:evaluate_tsb_ad_nonoverlapping:67 - Overlap? Normal max=0.6338, Anomaly min=0.0000
2026-02-08 19:06:27.545 | INFO     | src.models.evaluation:evaluate_tsb_ad_nonoverlapping:83 - {'AUC-PR': 0.37662708805550654, 'AUC-ROC': 0.43335547054082524, 'VUS-PR': np.float64(0.13751187106916127), 'VUS-ROC': np.float64(0.4398909687133145), 'Standard-F1': np.float64(0.5042501756164243), 'PA-F1': 0.504254112308565, 'Event-based-F1': np.float64(0.38015665796344594), 'R-based-F1': 0.5608806307268447, 'Affiliation-F': 0.6981961513352624}
2026-02-08 19:06:27.700 | INFO     | src.pipelines.train_vision_backbones:run_pipeline:170 - Train images: 306
2026-02-08 19:06:27.700 | INFO     | src.pipelines.train_vision_backbones:run_pipeline:171 - Test images: 1443
2026-02-08 19:06:27.911 | INFO     | src.pipelines.train_vision_backbones:run_pipeline:176 - Training resnet18_autoencoder_differential_lr on LP
2026-02-08 19:06:27.925 | INFO     | src.models.resnet18_autoencoder.training:train_autoencoder_differential_lr:271 - Device: cuda | Model on: cuda:0
2026-02-08 19:07:00.033 | INFO     | src.pipelines.train_vision_backbones:run_pipeline:193 - Evaluating resnet18_autoencoder_differential_lr on LP
2026-02-08 19:07:03.608 | INFO     | src.models.evaluation:evaluate_tsb_ad_nonoverlapping:65 - Normal (69597) reconstruction error: mean=0.0919, std=0.0376
2026-02-08 19:07:03.608 | INFO     | src.models.evaluation:evaluate_tsb_ad_nonoverlapping:66 - Anomaly (2576) reconstruction error: mean=0.2697, std=0.3485
2026-02-08 19:07:03.608 | INFO     | src.models.evaluation:evaluate_tsb_ad_nonoverlapping:67 - Overlap? Normal max=0.5895, Anomaly min=0.0000
2026-02-08 19:07:12.026 | INFO     | src.models.evaluation:evaluate_tsb_ad_nonoverlapping:83 - {'AUC-PR': 0.37223453648017196, 'AUC-ROC': 0.42615137909760337, 'VUS-PR': np.float64(0.12346747953736681), 'VUS-ROC': np.float64(0.41901922742166586), 'Standard-F1': np.float64(0.5042501756164243), 'PA-F1': 0.504254112308565, 'Event-based-F1': np.float64(0.3133428981348632), 'R-based-F1': 0.6507108595923612, 'Affiliation-F': 0.6839662503597959}
2026-02-08 19:07:12.184 | INFO     | src.pipelines.train_vision_backbones:run_pipeline:170 - Train images: 306
2026-02-08 19:07:12.184 | INFO     | src.pipelines.train_vision_backbones:run_pipeline:171 - Test images: 1443
2026-02-08 19:07:13.148 | INFO     | src.pipelines.train_vision_backbones:run_pipeline:176 - Training pvt_autoencoder_frozen on LP
2026-02-08 19:07:13.172 | INFO     | src.models.pvt_autoencoder.training:train_pvt_autoencoder_frozen:24 - Device: cuda | Model on: cuda:0
2026-02-08 19:07:40.460 | INFO     | src.pipelines.train_vision_backbones:run_pipeline:193 - Evaluating pvt_autoencoder_frozen on LP
2026-02-08 19:07:46.105 | INFO     | src.models.evaluation:evaluate_tsb_ad_nonoverlapping:65 - Normal (69597) reconstruction error: mean=0.0772, std=0.0394
2026-02-08 19:07:46.105 | INFO     | src.models.evaluation:evaluate_tsb_ad_nonoverlapping:66 - Anomaly (2576) reconstruction error: mean=0.2692, std=0.3479
2026-02-08 19:07:46.105 | INFO     | src.models.evaluation:evaluate_tsb_ad_nonoverlapping:67 - Overlap? Normal max=0.6246, Anomaly min=0.0000
2026-02-08 19:07:54.183 | INFO     | src.models.evaluation:evaluate_tsb_ad_nonoverlapping:83 - {'AUC-PR': 0.37439736773882437, 'AUC-ROC': 0.4352892968453609, 'VUS-PR': np.float64(0.13930607103712175), 'VUS-ROC': np.float64(0.44386236701472975), 'Standard-F1': np.float64(0.5042501756164243), 'PA-F1': 0.504254112308565, 'Event-based-F1': np.float64(0.32448979591836685), 'R-based-F1': 0.6510549642452939, 'Affiliation-F': 0.7169813910118231}
2026-02-08 19:07:54.336 | INFO     | src.pipelines.train_vision_backbones:run_pipeline:170 - Train images: 306
2026-02-08 19:07:54.336 | INFO     | src.pipelines.train_vision_backbones:run_pipeline:171 - Test images: 1443
2026-02-08 19:07:55.297 | INFO     | src.pipelines.train_vision_backbones:run_pipeline:176 - Training pvt_autoencoder_progressive_unfreeze on LP
2026-02-08 19:07:55.321 | INFO     | src.models.pvt_autoencoder.training:train_pvt_autoencoder_progressive_unfreeze:132 - Device: cuda | Model on: cuda:0
2026-02-08 19:08:37.962 | INFO     | src.pipelines.train_vision_backbones:run_pipeline:193 - Evaluating pvt_autoencoder_progressive_unfreeze on LP
2026-02-08 19:08:41.414 | INFO     | src.models.evaluation:evaluate_tsb_ad_nonoverlapping:65 - Normal (69597) reconstruction error: mean=0.0618, std=0.0410
2026-02-08 19:08:41.415 | INFO     | src.models.evaluation:evaluate_tsb_ad_nonoverlapping:66 - Anomaly (2576) reconstruction error: mean=0.2793, std=0.3238
2026-02-08 19:08:41.415 | INFO     | src.models.evaluation:evaluate_tsb_ad_nonoverlapping:67 - Overlap? Normal max=0.5819, Anomaly min=0.0231
2026-02-08 19:08:49.067 | INFO     | src.models.evaluation:evaluate_tsb_ad_nonoverlapping:83 - {'AUC-PR': 0.38110673045232485, 'AUC-ROC': 0.5926894828496659, 'VUS-PR': np.float64(0.13816120302105808), 'VUS-ROC': np.float64(0.5933197497886185), 'Standard-F1': np.float64(0.5042501756164243), 'PA-F1': 0.504254112308565, 'Event-based-F1': np.float64(0.30818438381937857), 'R-based-F1': 0.24210150107219447, 'Affiliation-F': 0.6950818924936524}
2026-02-08 19:08:49.226 | INFO     | src.pipelines.train_vision_backbones:run_pipeline:170 - Train images: 306
2026-02-08 19:08:49.226 | INFO     | src.pipelines.train_vision_backbones:run_pipeline:171 - Test images: 1443
2026-02-08 19:08:50.196 | INFO     | src.pipelines.train_vision_backbones:run_pipeline:176 - Training pvt_autoencoder_differential_lr on LP
2026-02-08 19:08:50.221 | INFO     | src.models.pvt_autoencoder.training:train_pvt_autoencoder_differential_lr:267 - Device: cuda | Model on: cuda:0
2026-02-08 19:09:41.364 | INFO     | src.pipelines.train_vision_backbones:run_pipeline:193 - Evaluating pvt_autoencoder_differential_lr on LP
2026-02-08 19:09:47.399 | INFO     | src.models.evaluation:evaluate_tsb_ad_nonoverlapping:65 - Normal (69597) reconstruction error: mean=0.0626, std=0.0409
2026-02-08 19:09:47.400 | INFO     | src.models.evaluation:evaluate_tsb_ad_nonoverlapping:66 - Anomaly (2576) reconstruction error: mean=0.2758, std=0.3369
2026-02-08 19:09:47.400 | INFO     | src.models.evaluation:evaluate_tsb_ad_nonoverlapping:67 - Overlap? Normal max=0.6459, Anomaly min=0.0210
2026-02-08 19:09:55.064 | INFO     | src.models.evaluation:evaluate_tsb_ad_nonoverlapping:83 - {'AUC-PR': 0.3782110965718164, 'AUC-ROC': 0.4763202160227331, 'VUS-PR': np.float64(0.13604401758584192), 'VUS-ROC': np.float64(0.4860727815173593), 'Standard-F1': np.float64(0.5042501756164243), 'PA-F1': 0.504254112308565, 'Event-based-F1': np.float64(0.3419624217118993), 'R-based-F1': 0.24210150107219447, 'Affiliation-F': 0.690501450050176}
2026-02-08 19:09:55.863 | INFO     | src.pipelines.train_vision_backbones:run_pipeline:70 - Using zip: /net/scratch/hscra/plgrid/plgsmendowski12/ts2i_images/IOPS/276_IOPS_id_17_WebService_tr_19197_1st_19297_ts2i_SG.zip for transformation SG
2026-02-08 19:09:58.217 | INFO     | src.pipelines.train_vision_backbones:run_pipeline:170 - Train images: 306
2026-02-08 19:09:58.217 | INFO     | src.pipelines.train_vision_backbones:run_pipeline:171 - Test images: 1443
2026-02-08 19:09:58.223 | INFO     | src.pipelines.train_vision_backbones:run_pipeline:176 - Training cnn_autoencoder on SG
2026-02-08 19:09:58.228 | INFO     | src.models.cnn_autoencoder.training:train_autoencoder:22 - Device: cuda | Model on: cuda:0
2026-02-08 19:10:29.683 | INFO     | src.pipelines.train_vision_backbones:run_pipeline:193 - Evaluating cnn_autoencoder on SG
2026-02-08 19:10:30.795 | INFO     | src.models.evaluation:evaluate_tsb_ad_nonoverlapping:65 - Normal (69597) reconstruction error: mean=0.0340, std=0.0472
2026-02-08 19:10:30.795 | INFO     | src.models.evaluation:evaluate_tsb_ad_nonoverlapping:66 - Anomaly (2576) reconstruction error: mean=0.3121, std=0.3230
2026-02-08 19:10:30.795 | INFO     | src.models.evaluation:evaluate_tsb_ad_nonoverlapping:67 - Overlap? Normal max=0.9170, Anomaly min=0.0357
2026-02-08 19:10:37.775 | INFO     | src.models.evaluation:evaluate_tsb_ad_nonoverlapping:83 - {'AUC-PR': 0.5251145766515175, 'AUC-ROC': 0.9568764989245538, 'VUS-PR': np.float64(0.39111679075921), 'VUS-ROC': np.float64(0.9477131329772688), 'Standard-F1': np.float64(0.4977688681822077), 'PA-F1': 0.8154316791298436, 'Event-based-F1': np.float64(0.5173126614987075), 'R-based-F1': 0.3034647840209093, 'Affiliation-F': 0.8352082164181598}
2026-02-08 19:10:37.934 | INFO     | src.pipelines.train_vision_backbones:run_pipeline:170 - Train images: 306
2026-02-08 19:10:37.935 | INFO     | src.pipelines.train_vision_backbones:run_pipeline:171 - Test images: 1443
2026-02-08 19:10:38.145 | INFO     | src.pipelines.train_vision_backbones:run_pipeline:176 - Training resnet18_autoencoder_frozen on SG
2026-02-08 19:10:38.158 | INFO     | src.models.resnet18_autoencoder.training:train_autoencoder_frozen:25 - Device: cuda | Model on: cuda:0
2026-02-08 19:10:53.287 | INFO     | src.pipelines.train_vision_backbones:run_pipeline:193 - Evaluating resnet18_autoencoder_frozen on SG
2026-02-08 19:10:54.485 | INFO     | src.models.evaluation:evaluate_tsb_ad_nonoverlapping:65 - Normal (69597) reconstruction error: mean=0.0425, std=0.0716
2026-02-08 19:10:54.485 | INFO     | src.models.evaluation:evaluate_tsb_ad_nonoverlapping:66 - Anomaly (2576) reconstruction error: mean=0.4264, std=0.2019
2026-02-08 19:10:54.485 | INFO     | src.models.evaluation:evaluate_tsb_ad_nonoverlapping:67 - Overlap? Normal max=1.0000, Anomaly min=0.0089
2026-02-08 19:11:01.872 | INFO     | src.models.evaluation:evaluate_tsb_ad_nonoverlapping:83 - {'AUC-PR': 0.6505016948220745, 'AUC-ROC': 0.9785897539043992, 'VUS-PR': np.float64(0.4196428902475101), 'VUS-ROC': np.float64(0.886872793306491), 'Standard-F1': np.float64(0.6714174598383811), 'PA-F1': 0.8809523809523809, 'Event-based-F1': np.float64(0.4798876798876794), 'R-based-F1': 0.30594016225718484, 'Affiliation-F': 0.7647539742136399}
2026-02-08 19:11:02.026 | INFO     | src.pipelines.train_vision_backbones:run_pipeline:170 - Train images: 306
2026-02-08 19:11:02.026 | INFO     | src.pipelines.train_vision_backbones:run_pipeline:171 - Test images: 1443
2026-02-08 19:11:02.238 | INFO     | src.pipelines.train_vision_backbones:run_pipeline:176 - Training resnet18_autoencoder_progressive_unfreeze on SG
2026-02-08 19:11:02.252 | INFO     | src.models.resnet18_autoencoder.training:train_autoencoder_progressive_unfreeze:133 - Device: cuda | Model on: cuda:0
2026-02-08 19:11:22.848 | INFO     | src.pipelines.train_vision_backbones:run_pipeline:193 - Evaluating resnet18_autoencoder_progressive_unfreeze on SG
2026-02-08 19:11:24.016 | INFO     | src.models.evaluation:evaluate_tsb_ad_nonoverlapping:65 - Normal (69597) reconstruction error: mean=0.0362, std=0.0544
2026-02-08 19:11:24.016 | INFO     | src.models.evaluation:evaluate_tsb_ad_nonoverlapping:66 - Anomaly (2576) reconstruction error: mean=0.7188, std=0.2878
2026-02-08 19:11:24.017 | INFO     | src.models.evaluation:evaluate_tsb_ad_nonoverlapping:67 - Overlap? Normal max=0.8465, Anomaly min=0.0255
2026-02-08 19:11:31.452 | INFO     | src.models.evaluation:evaluate_tsb_ad_nonoverlapping:83 - {'AUC-PR': 0.9261129508430195, 'AUC-ROC': 0.995862035621761, 'VUS-PR': np.float64(0.6605065941369646), 'VUS-ROC': np.float64(0.9595446635495825), 'Standard-F1': np.float64(0.8809473896612163), 'PA-F1': 0.9472402597402597, 'Event-based-F1': np.float64(0.6483290488431871), 'R-based-F1': 0.3871087312855672, 'Affiliation-F': 0.8060880776249368}
2026-02-08 19:11:31.607 | INFO     | src.pipelines.train_vision_backbones:run_pipeline:170 - Train images: 306
2026-02-08 19:11:31.607 | INFO     | src.pipelines.train_vision_backbones:run_pipeline:171 - Test images: 1443
2026-02-08 19:11:31.817 | INFO     | src.pipelines.train_vision_backbones:run_pipeline:176 - Training resnet18_autoencoder_differential_lr on SG
2026-02-08 19:11:31.831 | INFO     | src.models.resnet18_autoencoder.training:train_autoencoder_differential_lr:271 - Device: cuda | Model on: cuda:0
2026-02-08 19:11:46.243 | INFO     | src.pipelines.train_vision_backbones:run_pipeline:193 - Evaluating resnet18_autoencoder_differential_lr on SG
2026-02-08 19:11:49.910 | INFO     | src.models.evaluation:evaluate_tsb_ad_nonoverlapping:65 - Normal (69597) reconstruction error: mean=0.0352, std=0.0571
2026-02-08 19:11:49.910 | INFO     | src.models.evaluation:evaluate_tsb_ad_nonoverlapping:66 - Anomaly (2576) reconstruction error: mean=0.5493, std=0.1294
2026-02-08 19:11:49.910 | INFO     | src.models.evaluation:evaluate_tsb_ad_nonoverlapping:67 - Overlap? Normal max=1.0000, Anomaly min=0.0258
2026-02-08 19:11:57.185 | INFO     | src.models.evaluation:evaluate_tsb_ad_nonoverlapping:83 - {'AUC-PR': 0.8604577909635593, 'AUC-ROC': 0.9955270882044337, 'VUS-PR': np.float64(0.6575516859278673), 'VUS-ROC': np.float64(0.9612242012256569), 'Standard-F1': np.float64(0.8823692538394576), 'PA-F1': 0.9317365269461078, 'Event-based-F1': np.float64(0.6403560332521616), 'R-based-F1': 0.3964017518929271, 'Affiliation-F': 0.7929488182683045}
2026-02-08 19:11:57.343 | INFO     | src.pipelines.train_vision_backbones:run_pipeline:170 - Train images: 306
2026-02-08 19:11:57.343 | INFO     | src.pipelines.train_vision_backbones:run_pipeline:171 - Test images: 1443
2026-02-08 19:11:58.308 | INFO     | src.pipelines.train_vision_backbones:run_pipeline:176 - Training pvt_autoencoder_frozen on SG
2026-02-08 19:11:58.332 | INFO     | src.models.pvt_autoencoder.training:train_pvt_autoencoder_frozen:24 - Device: cuda | Model on: cuda:0
2026-02-08 19:12:12.845 | INFO     | src.pipelines.train_vision_backbones:run_pipeline:193 - Evaluating pvt_autoencoder_frozen on SG
2026-02-08 19:12:14.163 | INFO     | src.models.evaluation:evaluate_tsb_ad_nonoverlapping:65 - Normal (69597) reconstruction error: mean=0.0449, std=0.0587
2026-02-08 19:12:14.163 | INFO     | src.models.evaluation:evaluate_tsb_ad_nonoverlapping:66 - Anomaly (2576) reconstruction error: mean=0.3178, std=0.1793
2026-02-08 19:12:14.163 | INFO     | src.models.evaluation:evaluate_tsb_ad_nonoverlapping:67 - Overlap? Normal max=1.0000, Anomaly min=0.0067
2026-02-08 19:12:21.532 | INFO     | src.models.evaluation:evaluate_tsb_ad_nonoverlapping:83 - {'AUC-PR': 0.6191939697270558, 'AUC-ROC': 0.9744333269790936, 'VUS-PR': np.float64(0.36941847301195196), 'VUS-ROC': np.float64(0.9112487427229788), 'Standard-F1': np.float64(0.6091545318535834), 'PA-F1': 0.9030760301799188, 'Event-based-F1': np.float64(0.41117703656189813), 'R-based-F1': 0.2241332314341758, 'Affiliation-F': 0.7427076698786955}
2026-02-08 19:12:21.687 | INFO     | src.pipelines.train_vision_backbones:run_pipeline:170 - Train images: 306
2026-02-08 19:12:21.687 | INFO     | src.pipelines.train_vision_backbones:run_pipeline:171 - Test images: 1443
2026-02-08 19:12:22.641 | INFO     | src.pipelines.train_vision_backbones:run_pipeline:176 - Training pvt_autoencoder_progressive_unfreeze on SG
2026-02-08 19:12:22.664 | INFO     | src.models.pvt_autoencoder.training:train_pvt_autoencoder_progressive_unfreeze:132 - Device: cuda | Model on: cuda:0
2026-02-08 19:12:47.674 | INFO     | src.pipelines.train_vision_backbones:run_pipeline:193 - Evaluating pvt_autoencoder_progressive_unfreeze on SG
2026-02-08 19:12:50.573 | INFO     | src.models.evaluation:evaluate_tsb_ad_nonoverlapping:65 - Normal (69597) reconstruction error: mean=0.0252, std=0.0431
2026-02-08 19:12:50.573 | INFO     | src.models.evaluation:evaluate_tsb_ad_nonoverlapping:66 - Anomaly (2576) reconstruction error: mean=0.3580, std=0.1790
2026-02-08 19:12:50.573 | INFO     | src.models.evaluation:evaluate_tsb_ad_nonoverlapping:67 - Overlap? Normal max=1.0000, Anomaly min=0.0181
2026-02-08 19:12:57.406 | INFO     | src.models.evaluation:evaluate_tsb_ad_nonoverlapping:83 - {'AUC-PR': 0.825773823601749, 'AUC-ROC': 0.9952490344366776, 'VUS-PR': np.float64(0.7378700975450669), 'VUS-ROC': np.float64(0.97121429751991), 'Standard-F1': np.float64(0.907108908833486), 'PA-F1': 0.9361137440758294, 'Event-based-F1': np.float64(0.7461988304093561), 'R-based-F1': 0.48679690506382395, 'Affiliation-F': 0.8744918279787554}
2026-02-08 19:12:57.562 | INFO     | src.pipelines.train_vision_backbones:run_pipeline:170 - Train images: 306
2026-02-08 19:12:57.563 | INFO     | src.pipelines.train_vision_backbones:run_pipeline:171 - Test images: 1443
2026-02-08 19:12:58.521 | INFO     | src.pipelines.train_vision_backbones:run_pipeline:176 - Training pvt_autoencoder_differential_lr on SG
2026-02-08 19:12:58.544 | INFO     | src.models.pvt_autoencoder.training:train_pvt_autoencoder_differential_lr:267 - Device: cuda | Model on: cuda:0
2026-02-08 19:13:21.927 | INFO     | src.pipelines.train_vision_backbones:run_pipeline:193 - Evaluating pvt_autoencoder_differential_lr on SG
2026-02-08 19:13:24.574 | INFO     | src.models.evaluation:evaluate_tsb_ad_nonoverlapping:65 - Normal (69597) reconstruction error: mean=0.0327, std=0.0506
2026-02-08 19:13:24.575 | INFO     | src.models.evaluation:evaluate_tsb_ad_nonoverlapping:66 - Anomaly (2576) reconstruction error: mean=0.3778, std=0.2142
2026-02-08 19:13:24.575 | INFO     | src.models.evaluation:evaluate_tsb_ad_nonoverlapping:67 - Overlap? Normal max=1.0000, Anomaly min=0.0257
2026-02-08 19:13:31.623 | INFO     | src.models.evaluation:evaluate_tsb_ad_nonoverlapping:83 - {'AUC-PR': 0.768895764332817, 'AUC-ROC': 0.9931469312190135, 'VUS-PR': np.float64(0.6945603767075392), 'VUS-ROC': np.float64(0.9695214198982123), 'Standard-F1': np.float64(0.8746487979960135), 'PA-F1': 0.9334907516725699, 'Event-based-F1': np.float64(0.7345113595384056), 'R-based-F1': 0.5145328434986284, 'Affiliation-F': 0.856286813380088}
2026-02-08 19:13:32.403 | INFO     | src.pipelines.train_vision_backbones:run_pipeline:70 - Using zip: /net/scratch/hscra/plgrid/plgsmendowski12/ts2i_images/IOPS/276_IOPS_id_17_WebService_tr_19197_1st_19297_ts2i_GASF.zip for transformation GASF
2026-02-08 19:13:34.588 | INFO     | src.pipelines.train_vision_backbones:run_pipeline:170 - Train images: 306
2026-02-08 19:13:34.588 | INFO     | src.pipelines.train_vision_backbones:run_pipeline:171 - Test images: 1443
2026-02-08 19:13:34.595 | INFO     | src.pipelines.train_vision_backbones:run_pipeline:176 - Training cnn_autoencoder on GASF
2026-02-08 19:13:34.599 | INFO     | src.models.cnn_autoencoder.training:train_autoencoder:22 - Device: cuda | Model on: cuda:0
2026-02-08 19:14:28.789 | INFO     | src.pipelines.train_vision_backbones:run_pipeline:193 - Evaluating cnn_autoencoder on GASF
2026-02-08 19:14:30.259 | INFO     | src.models.evaluation:evaluate_tsb_ad_nonoverlapping:65 - Normal (69597) reconstruction error: mean=0.0280, std=0.0427
2026-02-08 19:14:30.259 | INFO     | src.models.evaluation:evaluate_tsb_ad_nonoverlapping:66 - Anomaly (2576) reconstruction error: mean=0.0678, std=0.1118
2026-02-08 19:14:30.259 | INFO     | src.models.evaluation:evaluate_tsb_ad_nonoverlapping:67 - Overlap? Normal max=1.0000, Anomaly min=0.0034
2026-02-08 19:14:36.867 | INFO     | src.models.evaluation:evaluate_tsb_ad_nonoverlapping:83 - {'AUC-PR': 0.13103271911019257, 'AUC-ROC': 0.6741953140694559, 'VUS-PR': np.float64(0.15775100548652432), 'VUS-ROC': np.float64(0.6930256841776362), 'Standard-F1': np.float64(0.2351479712223568), 'PA-F1': 0.9041353383458647, 'Event-based-F1': np.float64(0.457221458046767), 'R-based-F1': 0.38483514199164076, 'Affiliation-F': 0.7316354651953179}
2026-02-08 19:14:37.030 | INFO     | src.pipelines.train_vision_backbones:run_pipeline:170 - Train images: 306
2026-02-08 19:14:37.030 | INFO     | src.pipelines.train_vision_backbones:run_pipeline:171 - Test images: 1443
2026-02-08 19:14:37.243 | INFO     | src.pipelines.train_vision_backbones:run_pipeline:176 - Training resnet18_autoencoder_frozen on GASF
2026-02-08 19:14:37.256 | INFO     | src.models.resnet18_autoencoder.training:train_autoencoder_frozen:25 - Device: cuda | Model on: cuda:0
2026-02-08 19:14:56.375 | INFO     | src.pipelines.train_vision_backbones:run_pipeline:193 - Evaluating resnet18_autoencoder_frozen on GASF
2026-02-08 19:14:57.708 | INFO     | src.models.evaluation:evaluate_tsb_ad_nonoverlapping:65 - Normal (69597) reconstruction error: mean=0.0236, std=0.0431
2026-02-08 19:14:57.708 | INFO     | src.models.evaluation:evaluate_tsb_ad_nonoverlapping:66 - Anomaly (2576) reconstruction error: mean=0.0639, std=0.1093
2026-02-08 19:14:57.708 | INFO     | src.models.evaluation:evaluate_tsb_ad_nonoverlapping:67 - Overlap? Normal max=1.0000, Anomaly min=0.0042
2026-02-08 19:15:04.183 | INFO     | src.models.evaluation:evaluate_tsb_ad_nonoverlapping:83 - {'AUC-PR': 0.1328081303458654, 'AUC-ROC': 0.675468130988726, 'VUS-PR': np.float64(0.158978995227182), 'VUS-ROC': np.float64(0.695673943864618), 'Standard-F1': np.float64(0.24737270169698128), 'PA-F1': 0.8851919561243144, 'Event-based-F1': np.float64(0.457221458046767), 'R-based-F1': 0.38483514199164076, 'Affiliation-F': 0.7877493491447234}
2026-02-08 19:15:04.335 | INFO     | src.pipelines.train_vision_backbones:run_pipeline:170 - Train images: 306
2026-02-08 19:15:04.335 | INFO     | src.pipelines.train_vision_backbones:run_pipeline:171 - Test images: 1443
2026-02-08 19:15:04.545 | INFO     | src.pipelines.train_vision_backbones:run_pipeline:176 - Training resnet18_autoencoder_progressive_unfreeze on GASF
2026-02-08 19:15:04.559 | INFO     | src.models.resnet18_autoencoder.training:train_autoencoder_progressive_unfreeze:133 - Device: cuda | Model on: cuda:0
2026-02-08 19:15:27.197 | INFO     | src.pipelines.train_vision_backbones:run_pipeline:193 - Evaluating resnet18_autoencoder_progressive_unfreeze on GASF
2026-02-08 19:15:29.368 | INFO     | src.models.evaluation:evaluate_tsb_ad_nonoverlapping:65 - Normal (69597) reconstruction error: mean=0.0234, std=0.0406
2026-02-08 19:15:29.369 | INFO     | src.models.evaluation:evaluate_tsb_ad_nonoverlapping:66 - Anomaly (2576) reconstruction error: mean=0.0562, std=0.0946
2026-02-08 19:15:29.369 | INFO     | src.models.evaluation:evaluate_tsb_ad_nonoverlapping:67 - Overlap? Normal max=1.0000, Anomaly min=0.0068
2026-02-08 19:15:35.826 | INFO     | src.models.evaluation:evaluate_tsb_ad_nonoverlapping:83 - {'AUC-PR': 0.12834585258717532, 'AUC-ROC': 0.6692932568218609, 'VUS-PR': np.float64(0.1605775917744638), 'VUS-ROC': np.float64(0.68788936286103), 'Standard-F1': np.float64(0.23406708062089462), 'PA-F1': 0.8851919561243144, 'Event-based-F1': np.float64(0.457221458046767), 'R-based-F1': 0.3949251909318842, 'Affiliation-F': 0.7444578531695711}
2026-02-08 19:15:35.981 | INFO     | src.pipelines.train_vision_backbones:run_pipeline:170 - Train images: 306
2026-02-08 19:15:35.981 | INFO     | src.pipelines.train_vision_backbones:run_pipeline:171 - Test images: 1443
2026-02-08 19:15:36.192 | INFO     | src.pipelines.train_vision_backbones:run_pipeline:176 - Training resnet18_autoencoder_differential_lr on GASF
2026-02-08 19:15:36.205 | INFO     | src.models.resnet18_autoencoder.training:train_autoencoder_differential_lr:271 - Device: cuda | Model on: cuda:0
2026-02-08 19:16:01.878 | INFO     | src.pipelines.train_vision_backbones:run_pipeline:193 - Evaluating resnet18_autoencoder_differential_lr on GASF
2026-02-08 19:16:05.719 | INFO     | src.models.evaluation:evaluate_tsb_ad_nonoverlapping:65 - Normal (69597) reconstruction error: mean=0.0246, std=0.0422
2026-02-08 19:16:05.719 | INFO     | src.models.evaluation:evaluate_tsb_ad_nonoverlapping:66 - Anomaly (2576) reconstruction error: mean=0.0604, std=0.1028
2026-02-08 19:16:05.719 | INFO     | src.models.evaluation:evaluate_tsb_ad_nonoverlapping:67 - Overlap? Normal max=1.0000, Anomaly min=0.0060
2026-02-08 19:16:12.214 | INFO     | src.models.evaluation:evaluate_tsb_ad_nonoverlapping:83 - {'AUC-PR': 0.1346605474149317, 'AUC-ROC': 0.6553088535353981, 'VUS-PR': np.float64(0.16172640041109046), 'VUS-ROC': np.float64(0.6748046635639053), 'Standard-F1': np.float64(0.26083030460516266), 'PA-F1': 0.900375939849624, 'Event-based-F1': np.float64(0.4481572481572477), 'R-based-F1': 0.3949251909318842, 'Affiliation-F': 0.7497956522552517}
2026-02-08 19:16:12.371 | INFO     | src.pipelines.train_vision_backbones:run_pipeline:170 - Train images: 306
2026-02-08 19:16:12.371 | INFO     | src.pipelines.train_vision_backbones:run_pipeline:171 - Test images: 1443
2026-02-08 19:16:13.313 | INFO     | src.pipelines.train_vision_backbones:run_pipeline:176 - Training pvt_autoencoder_frozen on GASF
2026-02-08 19:16:13.338 | INFO     | src.models.pvt_autoencoder.training:train_pvt_autoencoder_frozen:24 - Device: cuda | Model on: cuda:0
2026-02-08 19:16:35.183 | INFO     | src.pipelines.train_vision_backbones:run_pipeline:193 - Evaluating pvt_autoencoder_frozen on GASF
2026-02-08 19:16:39.009 | INFO     | src.models.evaluation:evaluate_tsb_ad_nonoverlapping:65 - Normal (69597) reconstruction error: mean=0.0188, std=0.0397
2026-02-08 19:16:39.009 | INFO     | src.models.evaluation:evaluate_tsb_ad_nonoverlapping:66 - Anomaly (2576) reconstruction error: mean=0.0478, std=0.0856
2026-02-08 19:16:39.009 | INFO     | src.models.evaluation:evaluate_tsb_ad_nonoverlapping:67 - Overlap? Normal max=1.0000, Anomaly min=0.0037
2026-02-08 19:16:45.305 | INFO     | src.models.evaluation:evaluate_tsb_ad_nonoverlapping:83 - {'AUC-PR': 0.1287798625572807, 'AUC-ROC': 0.6571796506007032, 'VUS-PR': np.float64(0.16331909463654687), 'VUS-ROC': np.float64(0.6782611143206134), 'Standard-F1': np.float64(0.2568660786500336), 'PA-F1': 0.8851919561243144, 'Event-based-F1': np.float64(0.45194805194805154), 'R-based-F1': 0.38439063215191405, 'Affiliation-F': 0.8210918258229148}
2026-02-08 19:16:45.461 | INFO     | src.pipelines.train_vision_backbones:run_pipeline:170 - Train images: 306
2026-02-08 19:16:45.461 | INFO     | src.pipelines.train_vision_backbones:run_pipeline:171 - Test images: 1443
2026-02-08 19:16:46.398 | INFO     | src.pipelines.train_vision_backbones:run_pipeline:176 - Training pvt_autoencoder_progressive_unfreeze on GASF
2026-02-08 19:16:46.422 | INFO     | src.models.pvt_autoencoder.training:train_pvt_autoencoder_progressive_unfreeze:132 - Device: cuda | Model on: cuda:0
2026-02-08 19:17:23.250 | INFO     | src.pipelines.train_vision_backbones:run_pipeline:193 - Evaluating pvt_autoencoder_progressive_unfreeze on GASF
2026-02-08 19:17:26.614 | INFO     | src.models.evaluation:evaluate_tsb_ad_nonoverlapping:65 - Normal (69597) reconstruction error: mean=0.0304, std=0.0413
2026-02-08 19:17:26.614 | INFO     | src.models.evaluation:evaluate_tsb_ad_nonoverlapping:66 - Anomaly (2576) reconstruction error: mean=0.0658, std=0.0995
2026-02-08 19:17:26.614 | INFO     | src.models.evaluation:evaluate_tsb_ad_nonoverlapping:67 - Overlap? Normal max=1.0000, Anomaly min=0.0094
2026-02-08 19:17:33.253 | INFO     | src.models.evaluation:evaluate_tsb_ad_nonoverlapping:83 - {'AUC-PR': 0.1274665657293287, 'AUC-ROC': 0.6623656183152752, 'VUS-PR': np.float64(0.14542332176439637), 'VUS-ROC': np.float64(0.6666837436132715), 'Standard-F1': np.float64(0.23713548713590443), 'PA-F1': 0.912751677852349, 'Event-based-F1': np.float64(0.457221458046767), 'R-based-F1': 0.38483514199164076, 'Affiliation-F': 0.7333412440889352}
2026-02-08 19:17:33.414 | INFO     | src.pipelines.train_vision_backbones:run_pipeline:170 - Train images: 306
2026-02-08 19:17:33.414 | INFO     | src.pipelines.train_vision_backbones:run_pipeline:171 - Test images: 1443
2026-02-08 19:17:34.358 | INFO     | src.pipelines.train_vision_backbones:run_pipeline:176 - Training pvt_autoencoder_differential_lr on GASF
2026-02-08 19:17:34.381 | INFO     | src.models.pvt_autoencoder.training:train_pvt_autoencoder_differential_lr:267 - Device: cuda | Model on: cuda:0
2026-02-08 19:18:15.359 | INFO     | src.pipelines.train_vision_backbones:run_pipeline:193 - Evaluating pvt_autoencoder_differential_lr on GASF
2026-02-08 19:18:20.228 | INFO     | src.models.evaluation:evaluate_tsb_ad_nonoverlapping:65 - Normal (69597) reconstruction error: mean=0.0285, std=0.0412
2026-02-08 19:18:20.228 | INFO     | src.models.evaluation:evaluate_tsb_ad_nonoverlapping:66 - Anomaly (2576) reconstruction error: mean=0.0633, std=0.0975
2026-02-08 19:18:20.228 | INFO     | src.models.evaluation:evaluate_tsb_ad_nonoverlapping:67 - Overlap? Normal max=1.0000, Anomaly min=0.0088
2026-02-08 19:18:26.818 | INFO     | src.models.evaluation:evaluate_tsb_ad_nonoverlapping:83 - {'AUC-PR': 0.13291106966372246, 'AUC-ROC': 0.659773889464965, 'VUS-PR': np.float64(0.14924830045998463), 'VUS-ROC': np.float64(0.6578500602392974), 'Standard-F1': np.float64(0.2441425550420157), 'PA-F1': 0.8990689013035382, 'Event-based-F1': np.float64(0.4563829787234038), 'R-based-F1': 0.37652137028825244, 'Affiliation-F': 0.7205497271581284}
2026-02-08 19:18:27.612 | INFO     | src.pipelines.train_vision_backbones:run_pipeline:70 - Using zip: /net/scratch/hscra/plgrid/plgsmendowski12/ts2i_images/IOPS/276_IOPS_id_17_WebService_tr_19197_1st_19297_ts2i_GADF.zip for transformation GADF
2026-02-08 19:18:29.755 | INFO     | src.pipelines.train_vision_backbones:run_pipeline:170 - Train images: 306
2026-02-08 19:18:29.755 | INFO     | src.pipelines.train_vision_backbones:run_pipeline:171 - Test images: 1443
2026-02-08 19:18:29.762 | INFO     | src.pipelines.train_vision_backbones:run_pipeline:176 - Training cnn_autoencoder on GADF
2026-02-08 19:18:29.766 | INFO     | src.models.cnn_autoencoder.training:train_autoencoder:22 - Device: cuda | Model on: cuda:0
2026-02-08 19:19:23.798 | INFO     | src.pipelines.train_vision_backbones:run_pipeline:193 - Evaluating cnn_autoencoder on GADF
2026-02-08 19:19:25.292 | INFO     | src.models.evaluation:evaluate_tsb_ad_nonoverlapping:65 - Normal (69597) reconstruction error: mean=0.1693, std=0.0957
2026-02-08 19:19:25.292 | INFO     | src.models.evaluation:evaluate_tsb_ad_nonoverlapping:66 - Anomaly (2576) reconstruction error: mean=0.2653, std=0.1825
2026-02-08 19:19:25.292 | INFO     | src.models.evaluation:evaluate_tsb_ad_nonoverlapping:67 - Overlap? Normal max=1.0000, Anomaly min=0.0177
2026-02-08 19:19:36.011 | INFO     | src.models.evaluation:evaluate_tsb_ad_nonoverlapping:83 - {'AUC-PR': 0.13446882809008026, 'AUC-ROC': 0.6691069468529423, 'VUS-PR': np.float64(0.09566855347765528), 'VUS-ROC': np.float64(0.5660029067250787), 'Standard-F1': np.float64(0.22844354907682576), 'PA-F1': 0.9367850692354004, 'Event-based-F1': np.float64(0.33110720562390106), 'R-based-F1': 0.23209010727244944, 'Affiliation-F': 0.7013673378414034}
2026-02-08 19:19:36.164 | INFO     | src.pipelines.train_vision_backbones:run_pipeline:170 - Train images: 306
2026-02-08 19:19:36.164 | INFO     | src.pipelines.train_vision_backbones:run_pipeline:171 - Test images: 1443
2026-02-08 19:19:36.375 | INFO     | src.pipelines.train_vision_backbones:run_pipeline:176 - Training resnet18_autoencoder_frozen on GADF
2026-02-08 19:19:36.388 | INFO     | src.models.resnet18_autoencoder.training:train_autoencoder_frozen:25 - Device: cuda | Model on: cuda:0
2026-02-08 19:19:51.889 | INFO     | src.pipelines.train_vision_backbones:run_pipeline:193 - Evaluating resnet18_autoencoder_frozen on GADF
2026-02-08 19:19:53.216 | INFO     | src.models.evaluation:evaluate_tsb_ad_nonoverlapping:65 - Normal (69597) reconstruction error: mean=0.3755, std=0.0951
2026-02-08 19:19:53.217 | INFO     | src.models.evaluation:evaluate_tsb_ad_nonoverlapping:66 - Anomaly (2576) reconstruction error: mean=0.4073, std=0.1413
2026-02-08 19:19:53.217 | INFO     | src.models.evaluation:evaluate_tsb_ad_nonoverlapping:67 - Overlap? Normal max=1.0000, Anomaly min=0.0000
2026-02-08 19:20:09.408 | INFO     | src.models.evaluation:evaluate_tsb_ad_nonoverlapping:83 - {'AUC-PR': 0.07164712004014598, 'AUC-ROC': 0.5617813049163163, 'VUS-PR': np.float64(0.05869609361807056), 'VUS-ROC': np.float64(0.4418163377286517), 'Standard-F1': np.float64(0.14103550548360835), 'PA-F1': 0.6820198605535601, 'Event-based-F1': np.float64(0.2566757493188006), 'R-based-F1': 0.21214532505194816, 'Affiliation-F': 0.7083481259623331}
2026-02-08 19:20:09.570 | INFO     | src.pipelines.train_vision_backbones:run_pipeline:170 - Train images: 306
2026-02-08 19:20:09.570 | INFO     | src.pipelines.train_vision_backbones:run_pipeline:171 - Test images: 1443
2026-02-08 19:20:09.781 | INFO     | src.pipelines.train_vision_backbones:run_pipeline:176 - Training resnet18_autoencoder_progressive_unfreeze on GADF
2026-02-08 19:20:09.794 | INFO     | src.models.resnet18_autoencoder.training:train_autoencoder_progressive_unfreeze:133 - Device: cuda | Model on: cuda:0
2026-02-08 19:20:29.236 | INFO     | src.pipelines.train_vision_backbones:run_pipeline:193 - Evaluating resnet18_autoencoder_progressive_unfreeze on GADF
2026-02-08 19:20:31.878 | INFO     | src.models.evaluation:evaluate_tsb_ad_nonoverlapping:65 - Normal (69597) reconstruction error: mean=0.4158, std=0.1219
2026-02-08 19:20:31.879 | INFO     | src.models.evaluation:evaluate_tsb_ad_nonoverlapping:66 - Anomaly (2576) reconstruction error: mean=0.4633, std=0.1429
2026-02-08 19:20:31.879 | INFO     | src.models.evaluation:evaluate_tsb_ad_nonoverlapping:67 - Overlap? Normal max=1.0000, Anomaly min=0.0000
2026-02-08 19:20:49.013 | INFO     | src.models.evaluation:evaluate_tsb_ad_nonoverlapping:83 - {'AUC-PR': 0.06429367486426982, 'AUC-ROC': 0.6087480724208413, 'VUS-PR': np.float64(0.05567604062610631), 'VUS-ROC': np.float64(0.4643444361132025), 'Standard-F1': np.float64(0.11878369269531025), 'PA-F1': 0.498812351543943, 'Event-based-F1': np.float64(0.1824773413897276), 'R-based-F1': 0.14202792402724462, 'Affiliation-F': 0.7052014986156024}
2026-02-08 19:20:49.170 | INFO     | src.pipelines.train_vision_backbones:run_pipeline:170 - Train images: 306
2026-02-08 19:20:49.170 | INFO     | src.pipelines.train_vision_backbones:run_pipeline:171 - Test images: 1443
2026-02-08 19:20:49.380 | INFO     | src.pipelines.train_vision_backbones:run_pipeline:176 - Training resnet18_autoencoder_differential_lr on GADF
2026-02-08 19:20:49.394 | INFO     | src.models.resnet18_autoencoder.training:train_autoencoder_differential_lr:271 - Device: cuda | Model on: cuda:0
2026-02-08 19:21:14.126 | INFO     | src.pipelines.train_vision_backbones:run_pipeline:193 - Evaluating resnet18_autoencoder_differential_lr on GADF
2026-02-08 19:21:21.952 | INFO     | src.models.evaluation:evaluate_tsb_ad_nonoverlapping:65 - Normal (69597) reconstruction error: mean=0.4427, std=0.1494
2026-02-08 19:21:21.952 | INFO     | src.models.evaluation:evaluate_tsb_ad_nonoverlapping:66 - Anomaly (2576) reconstruction error: mean=0.4933, std=0.1630
2026-02-08 19:21:21.952 | INFO     | src.models.evaluation:evaluate_tsb_ad_nonoverlapping:67 - Overlap? Normal max=1.0000, Anomaly min=0.0000
2026-02-08 19:21:39.954 | INFO     | src.models.evaluation:evaluate_tsb_ad_nonoverlapping:83 - {'AUC-PR': 0.0565981368274648, 'AUC-ROC': 0.5974841951672616, 'VUS-PR': np.float64(0.05338876498571508), 'VUS-ROC': np.float64(0.4761014596116152), 'Standard-F1': np.float64(0.13278936339725023), 'PA-F1': 0.5368624332613882, 'Event-based-F1': np.float64(0.13164035689773476), 'R-based-F1': 0.10749508877004109, 'Affiliation-F': 0.7265146754597787}
2026-02-08 19:21:40.111 | INFO     | src.pipelines.train_vision_backbones:run_pipeline:170 - Train images: 306
2026-02-08 19:21:40.111 | INFO     | src.pipelines.train_vision_backbones:run_pipeline:171 - Test images: 1443
2026-02-08 19:21:41.053 | INFO     | src.pipelines.train_vision_backbones:run_pipeline:176 - Training pvt_autoencoder_frozen on GADF
2026-02-08 19:21:41.077 | INFO     | src.models.pvt_autoencoder.training:train_pvt_autoencoder_frozen:24 - Device: cuda | Model on: cuda:0
2026-02-08 19:22:08.967 | INFO     | src.pipelines.train_vision_backbones:run_pipeline:193 - Evaluating pvt_autoencoder_frozen on GADF
2026-02-08 19:22:13.818 | INFO     | src.models.evaluation:evaluate_tsb_ad_nonoverlapping:65 - Normal (69597) reconstruction error: mean=0.2938, std=0.1232
2026-02-08 19:22:13.818 | INFO     | src.models.evaluation:evaluate_tsb_ad_nonoverlapping:66 - Anomaly (2576) reconstruction error: mean=0.3502, std=0.1540
2026-02-08 19:22:13.818 | INFO     | src.models.evaluation:evaluate_tsb_ad_nonoverlapping:67 - Overlap? Normal max=1.0000, Anomaly min=0.0000
2026-02-08 19:22:27.897 | INFO     | src.models.evaluation:evaluate_tsb_ad_nonoverlapping:83 - {'AUC-PR': 0.06150796300662686, 'AUC-ROC': 0.6125818900418443, 'VUS-PR': np.float64(0.059361269812131745), 'VUS-ROC': np.float64(0.5207535222489457), 'Standard-F1': np.float64(0.09822716992447066), 'PA-F1': 0.66102770141679, 'Event-based-F1': np.float64(0.23448275862068918), 'R-based-F1': 0.1878123259645084, 'Affiliation-F': 0.7126437188009113}
2026-02-08 19:22:28.057 | INFO     | src.pipelines.train_vision_backbones:run_pipeline:170 - Train images: 306
2026-02-08 19:22:28.057 | INFO     | src.pipelines.train_vision_backbones:run_pipeline:171 - Test images: 1443
2026-02-08 19:22:29.029 | INFO     | src.pipelines.train_vision_backbones:run_pipeline:176 - Training pvt_autoencoder_progressive_unfreeze on GADF
2026-02-08 19:22:29.053 | INFO     | src.models.pvt_autoencoder.training:train_pvt_autoencoder_progressive_unfreeze:132 - Device: cuda | Model on: cuda:0
2026-02-08 19:23:02.568 | INFO     | src.pipelines.train_vision_backbones:run_pipeline:193 - Evaluating pvt_autoencoder_progressive_unfreeze on GADF
2026-02-08 19:23:04.280 | INFO     | src.models.evaluation:evaluate_tsb_ad_nonoverlapping:65 - Normal (69597) reconstruction error: mean=0.4953, std=0.1659
2026-02-08 19:23:04.280 | INFO     | src.models.evaluation:evaluate_tsb_ad_nonoverlapping:66 - Anomaly (2576) reconstruction error: mean=0.5517, std=0.1661
2026-02-08 19:23:04.280 | INFO     | src.models.evaluation:evaluate_tsb_ad_nonoverlapping:67 - Overlap? Normal max=1.0000, Anomaly min=0.0000
2026-02-08 19:23:23.912 | INFO     | src.models.evaluation:evaluate_tsb_ad_nonoverlapping:83 - {'AUC-PR': 0.05180934499652573, 'AUC-ROC': 0.6012945692579559, 'VUS-PR': np.float64(0.04833530462361452), 'VUS-ROC': np.float64(0.42039123916326415), 'Standard-F1': np.float64(0.1050385155369046), 'PA-F1': 0.572827804107425, 'Event-based-F1': np.float64(0.12374645222327298), 'R-based-F1': 0.087389597817847, 'Affiliation-F': 0.7076111397430612}
2026-02-08 19:23:24.078 | INFO     | src.pipelines.train_vision_backbones:run_pipeline:170 - Train images: 306
2026-02-08 19:23:24.078 | INFO     | src.pipelines.train_vision_backbones:run_pipeline:171 - Test images: 1443
2026-02-08 19:23:25.035 | INFO     | src.pipelines.train_vision_backbones:run_pipeline:176 - Training pvt_autoencoder_differential_lr on GADF
2026-02-08 19:23:25.059 | INFO     | src.models.pvt_autoencoder.training:train_pvt_autoencoder_differential_lr:267 - Device: cuda | Model on: cuda:0
2026-02-08 19:24:01.084 | INFO     | src.pipelines.train_vision_backbones:run_pipeline:193 - Evaluating pvt_autoencoder_differential_lr on GADF
2026-02-08 19:24:02.434 | INFO     | src.models.evaluation:evaluate_tsb_ad_nonoverlapping:65 - Normal (69597) reconstruction error: mean=0.4543, std=0.1624
2026-02-08 19:24:02.434 | INFO     | src.models.evaluation:evaluate_tsb_ad_nonoverlapping:66 - Anomaly (2576) reconstruction error: mean=0.5235, std=0.1708
2026-02-08 19:24:02.434 | INFO     | src.models.evaluation:evaluate_tsb_ad_nonoverlapping:67 - Overlap? Normal max=1.0000, Anomaly min=0.0000
2026-02-08 19:24:20.724 | INFO     | src.models.evaluation:evaluate_tsb_ad_nonoverlapping:83 - {'AUC-PR': 0.06053945220937036, 'AUC-ROC': 0.6175466697491868, 'VUS-PR': np.float64(0.051448465802164126), 'VUS-ROC': np.float64(0.4365625990099351), 'Standard-F1': np.float64(0.13478997619833832), 'PA-F1': 0.6183673469387755, 'Event-based-F1': np.float64(0.13795013850415463), 'R-based-F1': 0.09395572238524533, 'Affiliation-F': 0.7073163491178565}
2026-02-08 19:24:21.801 | INFO     | src.pipelines.train_vision_backbones:run_pipeline:70 - Using zip: /net/scratch/hscra/plgrid/plgsmendowski12/ts2i_images/IOPS/276_IOPS_id_17_WebService_tr_19197_1st_19297_ts2i_MTF.zip for transformation MTF
2026-02-08 19:24:23.916 | INFO     | src.pipelines.train_vision_backbones:run_pipeline:170 - Train images: 306
2026-02-08 19:24:23.916 | INFO     | src.pipelines.train_vision_backbones:run_pipeline:171 - Test images: 1443
2026-02-08 19:24:23.923 | INFO     | src.pipelines.train_vision_backbones:run_pipeline:176 - Training cnn_autoencoder on MTF
2026-02-08 19:24:23.928 | INFO     | src.models.cnn_autoencoder.training:train_autoencoder:22 - Device: cuda | Model on: cuda:0
2026-02-08 19:24:56.847 | INFO     | src.pipelines.train_vision_backbones:run_pipeline:193 - Evaluating cnn_autoencoder on MTF
2026-02-08 19:24:58.065 | INFO     | src.models.evaluation:evaluate_tsb_ad_nonoverlapping:65 - Normal (69597) reconstruction error: mean=0.0203, std=0.0110
2026-02-08 19:24:58.065 | INFO     | src.models.evaluation:evaluate_tsb_ad_nonoverlapping:66 - Anomaly (2576) reconstruction error: mean=0.0985, std=0.1734
2026-02-08 19:24:58.065 | INFO     | src.models.evaluation:evaluate_tsb_ad_nonoverlapping:67 - Overlap? Normal max=0.4784, Anomaly min=0.0019
2026-02-08 19:25:04.432 | INFO     | src.models.evaluation:evaluate_tsb_ad_nonoverlapping:83 - {'AUC-PR': 0.35672519740912567, 'AUC-ROC': 0.7022672375933245, 'VUS-PR': np.float64(0.15909139546621928), 'VUS-ROC': np.float64(0.6707712577829731), 'Standard-F1': np.float64(0.450219684835035), 'PA-F1': 0.5456657470596776, 'Event-based-F1': np.float64(0.3478808224926559), 'R-based-F1': 0.19499651009456637, 'Affiliation-F': 0.6745615724631613}
2026-02-08 19:25:04.595 | INFO     | src.pipelines.train_vision_backbones:run_pipeline:170 - Train images: 306
2026-02-08 19:25:04.596 | INFO     | src.pipelines.train_vision_backbones:run_pipeline:171 - Test images: 1443
2026-02-08 19:25:04.807 | INFO     | src.pipelines.train_vision_backbones:run_pipeline:176 - Training resnet18_autoencoder_frozen on MTF
2026-02-08 19:25:04.820 | INFO     | src.models.resnet18_autoencoder.training:train_autoencoder_frozen:25 - Device: cuda | Model on: cuda:0
2026-02-08 19:25:28.110 | INFO     | src.pipelines.train_vision_backbones:run_pipeline:193 - Evaluating resnet18_autoencoder_frozen on MTF
2026-02-08 19:25:29.693 | INFO     | src.models.evaluation:evaluate_tsb_ad_nonoverlapping:65 - Normal (69597) reconstruction error: mean=0.0261, std=0.0137
2026-02-08 19:25:29.694 | INFO     | src.models.evaluation:evaluate_tsb_ad_nonoverlapping:66 - Anomaly (2576) reconstruction error: mean=0.1356, std=0.1937
2026-02-08 19:25:29.694 | INFO     | src.models.evaluation:evaluate_tsb_ad_nonoverlapping:67 - Overlap? Normal max=0.5248, Anomaly min=0.0012
2026-02-08 19:25:36.261 | INFO     | src.models.evaluation:evaluate_tsb_ad_nonoverlapping:83 - {'AUC-PR': 0.40368709881185455, 'AUC-ROC': 0.7113431970411375, 'VUS-PR': np.float64(0.2253891415358096), 'VUS-ROC': np.float64(0.6879630323769922), 'Standard-F1': np.float64(0.4830875198351859), 'PA-F1': 0.7859922178988327, 'Event-based-F1': np.float64(0.4426296170789558), 'R-based-F1': 0.22436727397768974, 'Affiliation-F': 0.6768808112190958}
2026-02-08 19:25:36.422 | INFO     | src.pipelines.train_vision_backbones:run_pipeline:170 - Train images: 306
2026-02-08 19:25:36.423 | INFO     | src.pipelines.train_vision_backbones:run_pipeline:171 - Test images: 1443
2026-02-08 19:25:36.651 | INFO     | src.pipelines.train_vision_backbones:run_pipeline:176 - Training resnet18_autoencoder_progressive_unfreeze on MTF
2026-02-08 19:25:36.665 | INFO     | src.models.resnet18_autoencoder.training:train_autoencoder_progressive_unfreeze:133 - Device: cuda | Model on: cuda:0
2026-02-08 19:25:55.777 | INFO     | src.pipelines.train_vision_backbones:run_pipeline:193 - Evaluating resnet18_autoencoder_progressive_unfreeze on MTF
2026-02-08 19:25:57.085 | INFO     | src.models.evaluation:evaluate_tsb_ad_nonoverlapping:65 - Normal (69597) reconstruction error: mean=0.0227, std=0.0129
2026-02-08 19:25:57.086 | INFO     | src.models.evaluation:evaluate_tsb_ad_nonoverlapping:66 - Anomaly (2576) reconstruction error: mean=0.1366, std=0.1980
2026-02-08 19:25:57.086 | INFO     | src.models.evaluation:evaluate_tsb_ad_nonoverlapping:67 - Overlap? Normal max=0.5339, Anomaly min=0.0000
2026-02-08 19:26:03.584 | INFO     | src.models.evaluation:evaluate_tsb_ad_nonoverlapping:83 - {'AUC-PR': 0.3994131738089059, 'AUC-ROC': 0.7232421636025754, 'VUS-PR': np.float64(0.2124909130821468), 'VUS-ROC': np.float64(0.70398963431826), 'Standard-F1': np.float64(0.4830875198351859), 'PA-F1': 0.7918504515858013, 'Event-based-F1': np.float64(0.48579545454545403), 'R-based-F1': 0.2194695919063945, 'Affiliation-F': 0.6743596414824649}
2026-02-08 19:26:03.741 | INFO     | src.pipelines.train_vision_backbones:run_pipeline:170 - Train images: 306
2026-02-08 19:26:03.741 | INFO     | src.pipelines.train_vision_backbones:run_pipeline:171 - Test images: 1443
2026-02-08 19:26:03.949 | INFO     | src.pipelines.train_vision_backbones:run_pipeline:176 - Training resnet18_autoencoder_differential_lr on MTF
2026-02-08 19:26:03.962 | INFO     | src.models.resnet18_autoencoder.training:train_autoencoder_differential_lr:271 - Device: cuda | Model on: cuda:0
2026-02-08 19:26:28.366 | INFO     | src.pipelines.train_vision_backbones:run_pipeline:193 - Evaluating resnet18_autoencoder_differential_lr on MTF
2026-02-08 19:26:29.428 | INFO     | src.models.evaluation:evaluate_tsb_ad_nonoverlapping:65 - Normal (69597) reconstruction error: mean=0.0245, std=0.0137
2026-02-08 19:26:29.428 | INFO     | src.models.evaluation:evaluate_tsb_ad_nonoverlapping:66 - Anomaly (2576) reconstruction error: mean=0.1399, std=0.1989
2026-02-08 19:26:29.428 | INFO     | src.models.evaluation:evaluate_tsb_ad_nonoverlapping:67 - Overlap? Normal max=0.5313, Anomaly min=0.0000
2026-02-08 19:26:35.949 | INFO     | src.models.evaluation:evaluate_tsb_ad_nonoverlapping:83 - {'AUC-PR': 0.4045617093687004, 'AUC-ROC': 0.7230385735820519, 'VUS-PR': np.float64(0.21913287497315614), 'VUS-ROC': np.float64(0.7041110316720601), 'Standard-F1': np.float64(0.4830875198351859), 'PA-F1': 0.7859922178988327, 'Event-based-F1': np.float64(0.4830670926517566), 'R-based-F1': 0.25167520223982603, 'Affiliation-F': 0.6786529323820216}
2026-02-08 19:26:36.108 | INFO     | src.pipelines.train_vision_backbones:run_pipeline:170 - Train images: 306
2026-02-08 19:26:36.108 | INFO     | src.pipelines.train_vision_backbones:run_pipeline:171 - Test images: 1443
2026-02-08 19:26:37.070 | INFO     | src.pipelines.train_vision_backbones:run_pipeline:176 - Training pvt_autoencoder_frozen on MTF
2026-02-08 19:26:37.094 | INFO     | src.models.pvt_autoencoder.training:train_pvt_autoencoder_frozen:24 - Device: cuda | Model on: cuda:0
2026-02-08 19:26:59.508 | INFO     | src.pipelines.train_vision_backbones:run_pipeline:193 - Evaluating pvt_autoencoder_frozen on MTF
2026-02-08 19:27:00.413 | INFO     | src.models.evaluation:evaluate_tsb_ad_nonoverlapping:65 - Normal (69597) reconstruction error: mean=0.0289, std=0.0151
2026-02-08 19:27:00.414 | INFO     | src.models.evaluation:evaluate_tsb_ad_nonoverlapping:66 - Anomaly (2576) reconstruction error: mean=0.1369, std=0.1907
2026-02-08 19:27:00.414 | INFO     | src.models.evaluation:evaluate_tsb_ad_nonoverlapping:67 - Overlap? Normal max=0.5293, Anomaly min=0.0041
2026-02-08 19:27:07.066 | INFO     | src.models.evaluation:evaluate_tsb_ad_nonoverlapping:83 - {'AUC-PR': 0.3999506561691515, 'AUC-ROC': 0.7177563886659996, 'VUS-PR': np.float64(0.2184887124335056), 'VUS-ROC': np.float64(0.6999747272435247), 'Standard-F1': np.float64(0.4766905792551831), 'PA-F1': 0.7594237221235445, 'Event-based-F1': np.float64(0.4566088117489982), 'R-based-F1': 0.2336305141743226, 'Affiliation-F': 0.679641749413453}
2026-02-08 19:27:07.219 | INFO     | src.pipelines.train_vision_backbones:run_pipeline:170 - Train images: 306
2026-02-08 19:27:07.219 | INFO     | src.pipelines.train_vision_backbones:run_pipeline:171 - Test images: 1443
2026-02-08 19:27:08.181 | INFO     | src.pipelines.train_vision_backbones:run_pipeline:176 - Training pvt_autoencoder_progressive_unfreeze on MTF
2026-02-08 19:27:08.205 | INFO     | src.models.pvt_autoencoder.training:train_pvt_autoencoder_progressive_unfreeze:132 - Device: cuda | Model on: cuda:0
2026-02-08 19:27:34.258 | INFO     | src.pipelines.train_vision_backbones:run_pipeline:193 - Evaluating pvt_autoencoder_progressive_unfreeze on MTF
2026-02-08 19:27:35.172 | INFO     | src.models.evaluation:evaluate_tsb_ad_nonoverlapping:65 - Normal (69597) reconstruction error: mean=0.0307, std=0.0154
2026-02-08 19:27:35.173 | INFO     | src.models.evaluation:evaluate_tsb_ad_nonoverlapping:66 - Anomaly (2576) reconstruction error: mean=0.1336, std=0.1881
2026-02-08 19:27:35.173 | INFO     | src.models.evaluation:evaluate_tsb_ad_nonoverlapping:67 - Overlap? Normal max=0.5529, Anomaly min=0.0016
2026-02-08 19:27:41.878 | INFO     | src.models.evaluation:evaluate_tsb_ad_nonoverlapping:83 - {'AUC-PR': 0.38454118955339645, 'AUC-ROC': 0.7151341547794637, 'VUS-PR': np.float64(0.20202910927123982), 'VUS-ROC': np.float64(0.6952377365784342), 'Standard-F1': np.float64(0.4617592579830474), 'PA-F1': 0.7731696995344901, 'Event-based-F1': np.float64(0.4710875331564982), 'R-based-F1': 0.2556390210776156, 'Affiliation-F': 0.6743352103431232}
2026-02-08 19:27:42.037 | INFO     | src.pipelines.train_vision_backbones:run_pipeline:170 - Train images: 306
2026-02-08 19:27:42.037 | INFO     | src.pipelines.train_vision_backbones:run_pipeline:171 - Test images: 1443
2026-02-08 19:27:43.037 | INFO     | src.pipelines.train_vision_backbones:run_pipeline:176 - Training pvt_autoencoder_differential_lr on MTF
2026-02-08 19:27:43.061 | INFO     | src.models.pvt_autoencoder.training:train_pvt_autoencoder_differential_lr:267 - Device: cuda | Model on: cuda:0
2026-02-08 19:28:17.698 | INFO     | src.pipelines.train_vision_backbones:run_pipeline:193 - Evaluating pvt_autoencoder_differential_lr on MTF
2026-02-08 19:28:18.595 | INFO     | src.models.evaluation:evaluate_tsb_ad_nonoverlapping:65 - Normal (69597) reconstruction error: mean=0.0313, std=0.0155
2026-02-08 19:28:18.596 | INFO     | src.models.evaluation:evaluate_tsb_ad_nonoverlapping:66 - Anomaly (2576) reconstruction error: mean=0.1339, std=0.1879
2026-02-08 19:28:18.596 | INFO     | src.models.evaluation:evaluate_tsb_ad_nonoverlapping:67 - Overlap? Normal max=0.5496, Anomaly min=0.0014
2026-02-08 19:28:25.317 | INFO     | src.models.evaluation:evaluate_tsb_ad_nonoverlapping:83 - {'AUC-PR': 0.38789297135094764, 'AUC-ROC': 0.7160899123141686, 'VUS-PR': np.float64(0.19968123147404226), 'VUS-ROC': np.float64(0.6988852882934289), 'Standard-F1': np.float64(0.4617592579830474), 'PA-F1': 0.781437125748503, 'Event-based-F1': np.float64(0.4473551637279592), 'R-based-F1': 0.2261967070450419, 'Affiliation-F': 0.6751611453388999}
2026-02-08 19:28:26.114 | INFO     | src.pipelines.train_vision_backbones:run_pipeline:70 - Using zip: /net/scratch/hscra/plgrid/plgsmendowski12/ts2i_images/IOPS/276_IOPS_id_17_WebService_tr_19197_1st_19297_ts2i_RP.zip for transformation RP
2026-02-08 19:28:29.346 | INFO     | src.pipelines.train_vision_backbones:run_pipeline:170 - Train images: 306
2026-02-08 19:28:29.346 | INFO     | src.pipelines.train_vision_backbones:run_pipeline:171 - Test images: 1443
2026-02-08 19:28:29.353 | INFO     | src.pipelines.train_vision_backbones:run_pipeline:176 - Training cnn_autoencoder on RP
2026-02-08 19:28:29.358 | INFO     | src.models.cnn_autoencoder.training:train_autoencoder:22 - Device: cuda | Model on: cuda:0
2026-02-08 19:28:55.975 | INFO     | src.pipelines.train_vision_backbones:run_pipeline:193 - Evaluating cnn_autoencoder on RP
2026-02-08 19:28:57.411 | INFO     | src.models.evaluation:evaluate_tsb_ad_nonoverlapping:65 - Normal (69597) reconstruction error: mean=0.6790, std=0.2533
2026-02-08 19:28:57.411 | INFO     | src.models.evaluation:evaluate_tsb_ad_nonoverlapping:66 - Anomaly (2576) reconstruction error: mean=0.2687, std=0.3914
2026-02-08 19:28:57.412 | INFO     | src.models.evaluation:evaluate_tsb_ad_nonoverlapping:67 - Overlap? Normal max=1.0000, Anomaly min=0.0000
2026-02-08 19:29:21.231 | INFO     | src.models.evaluation:evaluate_tsb_ad_nonoverlapping:83 - {'AUC-PR': 0.03111344049506287, 'AUC-ROC': 0.2615708463820592, 'VUS-PR': np.float64(0.03067826192459223), 'VUS-ROC': np.float64(0.23391468317297212), 'Standard-F1': np.float64(0.06892333350228781), 'PA-F1': 0.2870074547390841, 'Event-based-F1': np.float64(0.09147286821705378), 'R-based-F1': 0.07260877480429638, 'Affiliation-F': 0.6843090275105591}
2026-02-08 19:29:21.403 | INFO     | src.pipelines.train_vision_backbones:run_pipeline:170 - Train images: 306
2026-02-08 19:29:21.404 | INFO     | src.pipelines.train_vision_backbones:run_pipeline:171 - Test images: 1443
2026-02-08 19:29:21.621 | INFO     | src.pipelines.train_vision_backbones:run_pipeline:176 - Training resnet18_autoencoder_frozen on RP
2026-02-08 19:29:21.635 | INFO     | src.models.resnet18_autoencoder.training:train_autoencoder_frozen:25 - Device: cuda | Model on: cuda:0
2026-02-08 19:29:44.115 | INFO     | src.pipelines.train_vision_backbones:run_pipeline:193 - Evaluating resnet18_autoencoder_frozen on RP
2026-02-08 19:29:45.340 | INFO     | src.models.evaluation:evaluate_tsb_ad_nonoverlapping:65 - Normal (69597) reconstruction error: mean=0.6394, std=0.2414
2026-02-08 19:29:45.340 | INFO     | src.models.evaluation:evaluate_tsb_ad_nonoverlapping:66 - Anomaly (2576) reconstruction error: mean=0.2595, std=0.3787
2026-02-08 19:29:45.341 | INFO     | src.models.evaluation:evaluate_tsb_ad_nonoverlapping:67 - Overlap? Normal max=1.0000, Anomaly min=0.0000
2026-02-08 19:30:08.604 | INFO     | src.models.evaluation:evaluate_tsb_ad_nonoverlapping:83 - {'AUC-PR': 0.03405392663314614, 'AUC-ROC': 0.2708258256027135, 'VUS-PR': np.float64(0.032883080200537665), 'VUS-ROC': np.float64(0.24880729680214922), 'Standard-F1': np.float64(0.08126462947989553), 'PA-F1': 0.422680412371134, 'Event-based-F1': np.float64(0.14070796460176943), 'R-based-F1': 0.13078020253886752, 'Affiliation-F': 0.6907812627868737}
2026-02-08 19:30:08.762 | INFO     | src.pipelines.train_vision_backbones:run_pipeline:170 - Train images: 306
2026-02-08 19:30:08.762 | INFO     | src.pipelines.train_vision_backbones:run_pipeline:171 - Test images: 1443
2026-02-08 19:30:08.971 | INFO     | src.pipelines.train_vision_backbones:run_pipeline:176 - Training resnet18_autoencoder_progressive_unfreeze on RP
2026-02-08 19:30:08.983 | INFO     | src.models.resnet18_autoencoder.training:train_autoencoder_progressive_unfreeze:133 - Device: cuda | Model on: cuda:0
2026-02-08 19:30:31.680 | INFO     | src.pipelines.train_vision_backbones:run_pipeline:193 - Evaluating resnet18_autoencoder_progressive_unfreeze on RP
2026-02-08 19:30:34.109 | INFO     | src.models.evaluation:evaluate_tsb_ad_nonoverlapping:65 - Normal (69597) reconstruction error: mean=0.6471, std=0.2445
2026-02-08 19:30:34.109 | INFO     | src.models.evaluation:evaluate_tsb_ad_nonoverlapping:66 - Anomaly (2576) reconstruction error: mean=0.2618, std=0.3818
2026-02-08 19:30:34.109 | INFO     | src.models.evaluation:evaluate_tsb_ad_nonoverlapping:67 - Overlap? Normal max=1.0000, Anomaly min=0.0000
2026-02-08 19:30:57.514 | INFO     | src.models.evaluation:evaluate_tsb_ad_nonoverlapping:83 - {'AUC-PR': 0.03371998285285676, 'AUC-ROC': 0.3076853804828633, 'VUS-PR': np.float64(0.03370635983096882), 'VUS-ROC': np.float64(0.2828603619269941), 'Standard-F1': np.float64(0.07383561954024), 'PA-F1': 0.3647146034099333, 'Event-based-F1': np.float64(0.08155339805825203), 'R-based-F1': 0.0763245438217456, 'Affiliation-F': 0.6915229830990893}
2026-02-08 19:30:57.673 | INFO     | src.pipelines.train_vision_backbones:run_pipeline:170 - Train images: 306
2026-02-08 19:30:57.674 | INFO     | src.pipelines.train_vision_backbones:run_pipeline:171 - Test images: 1443
2026-02-08 19:30:57.895 | INFO     | src.pipelines.train_vision_backbones:run_pipeline:176 - Training resnet18_autoencoder_differential_lr on RP
2026-02-08 19:30:57.908 | INFO     | src.models.resnet18_autoencoder.training:train_autoencoder_differential_lr:271 - Device: cuda | Model on: cuda:0
2026-02-08 19:31:26.367 | INFO     | src.pipelines.train_vision_backbones:run_pipeline:193 - Evaluating resnet18_autoencoder_differential_lr on RP
2026-02-08 19:31:30.660 | INFO     | src.models.evaluation:evaluate_tsb_ad_nonoverlapping:65 - Normal (69597) reconstruction error: mean=0.6378, std=0.2413
2026-02-08 19:31:30.660 | INFO     | src.models.evaluation:evaluate_tsb_ad_nonoverlapping:66 - Anomaly (2576) reconstruction error: mean=0.2578, std=0.3762
2026-02-08 19:31:30.660 | INFO     | src.models.evaluation:evaluate_tsb_ad_nonoverlapping:67 - Overlap? Normal max=1.0000, Anomaly min=0.0000
2026-02-08 19:31:53.773 | INFO     | src.models.evaluation:evaluate_tsb_ad_nonoverlapping:83 - {'AUC-PR': 0.033292943272530406, 'AUC-ROC': 0.30652101289973144, 'VUS-PR': np.float64(0.0335913064568455), 'VUS-ROC': np.float64(0.2800869522052305), 'Standard-F1': np.float64(0.07207474376929689), 'PA-F1': 0.25720941441079603, 'Event-based-F1': np.float64(0.0825396825396822), 'R-based-F1': 0.07883810293667996, 'Affiliation-F': 0.68943324238369}
2026-02-08 19:31:53.935 | INFO     | src.pipelines.train_vision_backbones:run_pipeline:170 - Train images: 306
2026-02-08 19:31:53.935 | INFO     | src.pipelines.train_vision_backbones:run_pipeline:171 - Test images: 1443
2026-02-08 19:31:54.906 | INFO     | src.pipelines.train_vision_backbones:run_pipeline:176 - Training pvt_autoencoder_frozen on RP
2026-02-08 19:31:54.930 | INFO     | src.models.pvt_autoencoder.training:train_pvt_autoencoder_frozen:24 - Device: cuda | Model on: cuda:0
2026-02-08 19:32:24.432 | INFO     | src.pipelines.train_vision_backbones:run_pipeline:193 - Evaluating pvt_autoencoder_frozen on RP
2026-02-08 19:32:28.787 | INFO     | src.models.evaluation:evaluate_tsb_ad_nonoverlapping:65 - Normal (69597) reconstruction error: mean=0.6425, std=0.2427
2026-02-08 19:32:28.787 | INFO     | src.models.evaluation:evaluate_tsb_ad_nonoverlapping:66 - Anomaly (2576) reconstruction error: mean=0.2616, std=0.3815
2026-02-08 19:32:28.787 | INFO     | src.models.evaluation:evaluate_tsb_ad_nonoverlapping:67 - Overlap? Normal max=1.0000, Anomaly min=0.0000
2026-02-08 19:32:51.764 | INFO     | src.models.evaluation:evaluate_tsb_ad_nonoverlapping:83 - {'AUC-PR': 0.03409236758778453, 'AUC-ROC': 0.27353994273330656, 'VUS-PR': np.float64(0.03361395715757373), 'VUS-ROC': np.float64(0.2536228321722666), 'Standard-F1': np.float64(0.08375395363221595), 'PA-F1': 0.3987034035656402, 'Event-based-F1': np.float64(0.11734317343173384), 'R-based-F1': 0.11035686345309022, 'Affiliation-F': 0.6888788884205902}
2026-02-08 19:32:51.917 | INFO     | src.pipelines.train_vision_backbones:run_pipeline:170 - Train images: 306
2026-02-08 19:32:51.917 | INFO     | src.pipelines.train_vision_backbones:run_pipeline:171 - Test images: 1443
2026-02-08 19:32:52.880 | INFO     | src.pipelines.train_vision_backbones:run_pipeline:176 - Training pvt_autoencoder_progressive_unfreeze on RP
2026-02-08 19:32:52.903 | INFO     | src.models.pvt_autoencoder.training:train_pvt_autoencoder_progressive_unfreeze:132 - Device: cuda | Model on: cuda:0
2026-02-08 19:33:26.325 | INFO     | src.pipelines.train_vision_backbones:run_pipeline:193 - Evaluating pvt_autoencoder_progressive_unfreeze on RP
2026-02-08 19:33:30.205 | INFO     | src.models.evaluation:evaluate_tsb_ad_nonoverlapping:65 - Normal (69597) reconstruction error: mean=0.6189, std=0.2338
2026-02-08 19:33:30.205 | INFO     | src.models.evaluation:evaluate_tsb_ad_nonoverlapping:66 - Anomaly (2576) reconstruction error: mean=0.2508, std=0.3659
2026-02-08 19:33:30.205 | INFO     | src.models.evaluation:evaluate_tsb_ad_nonoverlapping:67 - Overlap? Normal max=1.0000, Anomaly min=0.0000
2026-02-08 19:33:52.263 | INFO     | src.models.evaluation:evaluate_tsb_ad_nonoverlapping:83 - {'AUC-PR': 0.0345192783385819, 'AUC-ROC': 0.3079001261209499, 'VUS-PR': np.float64(0.033958730881699886), 'VUS-ROC': np.float64(0.2833000336368742), 'Standard-F1': np.float64(0.07171501289944447), 'PA-F1': 0.3984195768544481, 'Event-based-F1': np.float64(0.13195020746887914), 'R-based-F1': 0.12318129912003763, 'Affiliation-F': 0.6919748685722559}
2026-02-08 19:33:52.419 | INFO     | src.pipelines.train_vision_backbones:run_pipeline:170 - Train images: 306
2026-02-08 19:33:52.419 | INFO     | src.pipelines.train_vision_backbones:run_pipeline:171 - Test images: 1443
2026-02-08 19:33:53.380 | INFO     | src.pipelines.train_vision_backbones:run_pipeline:176 - Training pvt_autoencoder_differential_lr on RP
2026-02-08 19:33:53.404 | INFO     | src.models.pvt_autoencoder.training:train_pvt_autoencoder_differential_lr:267 - Device: cuda | Model on: cuda:0
2026-02-08 19:34:42.925 | INFO     | src.pipelines.train_vision_backbones:run_pipeline:193 - Evaluating pvt_autoencoder_differential_lr on RP
2026-02-08 19:34:47.573 | INFO     | src.models.evaluation:evaluate_tsb_ad_nonoverlapping:65 - Normal (69597) reconstruction error: mean=0.6568, std=0.2480
2026-02-08 19:34:47.574 | INFO     | src.models.evaluation:evaluate_tsb_ad_nonoverlapping:66 - Anomaly (2576) reconstruction error: mean=0.2660, std=0.3879
2026-02-08 19:34:47.574 | INFO     | src.models.evaluation:evaluate_tsb_ad_nonoverlapping:67 - Overlap? Normal max=1.0000, Anomaly min=0.0000
2026-02-08 19:35:10.674 | INFO     | src.models.evaluation:evaluate_tsb_ad_nonoverlapping:83 - {'AUC-PR': 0.03337944220009056, 'AUC-ROC': 0.2701721064135252, 'VUS-PR': np.float64(0.032864473167854034), 'VUS-ROC': np.float64(0.24841778240994317), 'Standard-F1': np.float64(0.07557989253777736), 'PA-F1': 0.2829983704508419, 'Event-based-F1': np.float64(0.10063291139240463), 'R-based-F1': 0.09545075994170311, 'Affiliation-F': 0.6904027576423408}
2026-02-08 19:35:11.548 | INFO     | src.pipelines.train_vision_backbones:run_pipeline:70 - Using zip: /net/scratch/hscra/plgrid/plgsmendowski12/ts2i_images/IOPS/276_IOPS_id_17_WebService_tr_19197_1st_19297_ts2i_RWT.zip for transformation RWT
2026-02-08 19:35:14.137 | INFO     | src.pipelines.train_vision_backbones:run_pipeline:170 - Train images: 306
2026-02-08 19:35:14.138 | INFO     | src.pipelines.train_vision_backbones:run_pipeline:171 - Test images: 1443
2026-02-08 19:35:14.144 | INFO     | src.pipelines.train_vision_backbones:run_pipeline:176 - Training cnn_autoencoder on RWT
2026-02-08 19:35:14.149 | INFO     | src.models.cnn_autoencoder.training:train_autoencoder:22 - Device: cuda | Model on: cuda:0
2026-02-08 19:35:44.313 | INFO     | src.pipelines.train_vision_backbones:run_pipeline:193 - Evaluating cnn_autoencoder on RWT
2026-02-08 19:35:45.738 | INFO     | src.models.evaluation:evaluate_tsb_ad_nonoverlapping:65 - Normal (69597) reconstruction error: mean=0.0041, std=0.0433
2026-02-08 19:35:45.739 | INFO     | src.models.evaluation:evaluate_tsb_ad_nonoverlapping:66 - Anomaly (2576) reconstruction error: mean=0.0871, std=0.2130
2026-02-08 19:35:45.739 | INFO     | src.models.evaluation:evaluate_tsb_ad_nonoverlapping:67 - Overlap? Normal max=1.0000, Anomaly min=0.0007
2026-02-08 19:35:51.834 | INFO     | src.models.evaluation:evaluate_tsb_ad_nonoverlapping:83 - {'AUC-PR': 0.509208804123689, 'AUC-ROC': 0.9716453206155724, 'VUS-PR': np.float64(0.5189872796685583), 'VUS-ROC': np.float64(0.9610659998735293), 'Standard-F1': np.float64(0.6392558360012187), 'PA-F1': 0.9213652649443711, 'Event-based-F1': np.float64(0.6583695127834052), 'R-based-F1': 0.48601151088393296, 'Affiliation-F': 0.8547463193739372}
2026-02-08 19:35:51.989 | INFO     | src.pipelines.train_vision_backbones:run_pipeline:170 - Train images: 306
2026-02-08 19:35:51.989 | INFO     | src.pipelines.train_vision_backbones:run_pipeline:171 - Test images: 1443
2026-02-08 19:35:52.199 | INFO     | src.pipelines.train_vision_backbones:run_pipeline:176 - Training resnet18_autoencoder_frozen on RWT
2026-02-08 19:35:52.213 | INFO     | src.models.resnet18_autoencoder.training:train_autoencoder_frozen:25 - Device: cuda | Model on: cuda:0
2026-02-08 19:36:13.803 | INFO     | src.pipelines.train_vision_backbones:run_pipeline:193 - Evaluating resnet18_autoencoder_frozen on RWT
2026-02-08 19:36:15.045 | INFO     | src.models.evaluation:evaluate_tsb_ad_nonoverlapping:65 - Normal (69597) reconstruction error: mean=0.0115, std=0.0485
2026-02-08 19:36:15.045 | INFO     | src.models.evaluation:evaluate_tsb_ad_nonoverlapping:66 - Anomaly (2576) reconstruction error: mean=0.1578, std=0.2249
2026-02-08 19:36:15.045 | INFO     | src.models.evaluation:evaluate_tsb_ad_nonoverlapping:67 - Overlap? Normal max=1.0000, Anomaly min=0.0048
2026-02-08 19:36:21.340 | INFO     | src.models.evaluation:evaluate_tsb_ad_nonoverlapping:83 - {'AUC-PR': 0.4886797816365621, 'AUC-ROC': 0.9559504822662718, 'VUS-PR': np.float64(0.45875860582503525), 'VUS-ROC': np.float64(0.9217453849415506), 'Standard-F1': np.float64(0.5829022491023007), 'PA-F1': 0.9427174975562073, 'Event-based-F1': np.float64(0.6148463047743619), 'R-based-F1': 0.4965466421023341, 'Affiliation-F': 0.8204025297465257}
2026-02-08 19:36:21.501 | INFO     | src.pipelines.train_vision_backbones:run_pipeline:170 - Train images: 306
2026-02-08 19:36:21.502 | INFO     | src.pipelines.train_vision_backbones:run_pipeline:171 - Test images: 1443
2026-02-08 19:36:21.711 | INFO     | src.pipelines.train_vision_backbones:run_pipeline:176 - Training resnet18_autoencoder_progressive_unfreeze on RWT
2026-02-08 19:36:21.724 | INFO     | src.models.resnet18_autoencoder.training:train_autoencoder_progressive_unfreeze:133 - Device: cuda | Model on: cuda:0
2026-02-08 19:36:42.959 | INFO     | src.pipelines.train_vision_backbones:run_pipeline:193 - Evaluating resnet18_autoencoder_progressive_unfreeze on RWT
2026-02-08 19:36:44.231 | INFO     | src.models.evaluation:evaluate_tsb_ad_nonoverlapping:65 - Normal (69597) reconstruction error: mean=0.0063, std=0.0457
2026-02-08 19:36:44.232 | INFO     | src.models.evaluation:evaluate_tsb_ad_nonoverlapping:66 - Anomaly (2576) reconstruction error: mean=0.1184, std=0.2148
2026-02-08 19:36:44.232 | INFO     | src.models.evaluation:evaluate_tsb_ad_nonoverlapping:67 - Overlap? Normal max=1.0000, Anomaly min=0.0017
2026-02-08 19:36:50.363 | INFO     | src.models.evaluation:evaluate_tsb_ad_nonoverlapping:83 - {'AUC-PR': 0.5140717461400938, 'AUC-ROC': 0.9739604961286883, 'VUS-PR': np.float64(0.5071694826748675), 'VUS-ROC': np.float64(0.9510191400729558), 'Standard-F1': np.float64(0.6242396142727737), 'PA-F1': 0.9213652649443711, 'Event-based-F1': np.float64(0.6663983903420517), 'R-based-F1': 0.47074349597344356, 'Affiliation-F': 0.8656676077152774}
2026-02-08 19:36:50.527 | INFO     | src.pipelines.train_vision_backbones:run_pipeline:170 - Train images: 306
2026-02-08 19:36:50.527 | INFO     | src.pipelines.train_vision_backbones:run_pipeline:171 - Test images: 1443
2026-02-08 19:36:50.736 | INFO     | src.pipelines.train_vision_backbones:run_pipeline:176 - Training resnet18_autoencoder_differential_lr on RWT
2026-02-08 19:36:50.750 | INFO     | src.models.resnet18_autoencoder.training:train_autoencoder_differential_lr:271 - Device: cuda | Model on: cuda:0
2026-02-08 19:37:16.720 | INFO     | src.pipelines.train_vision_backbones:run_pipeline:193 - Evaluating resnet18_autoencoder_differential_lr on RWT
2026-02-08 19:37:19.457 | INFO     | src.models.evaluation:evaluate_tsb_ad_nonoverlapping:65 - Normal (69597) reconstruction error: mean=0.0073, std=0.0480
2026-02-08 19:37:19.457 | INFO     | src.models.evaluation:evaluate_tsb_ad_nonoverlapping:66 - Anomaly (2576) reconstruction error: mean=0.1385, std=0.2202
2026-02-08 19:37:19.457 | INFO     | src.models.evaluation:evaluate_tsb_ad_nonoverlapping:67 - Overlap? Normal max=1.0000, Anomaly min=0.0020
2026-02-08 19:37:25.634 | INFO     | src.models.evaluation:evaluate_tsb_ad_nonoverlapping:83 - {'AUC-PR': 0.5239672540152461, 'AUC-ROC': 0.9731514349649361, 'VUS-PR': np.float64(0.5000073017870493), 'VUS-ROC': np.float64(0.942279715838406), 'Standard-F1': np.float64(0.6453320398659098), 'PA-F1': 0.9301343570057582, 'Event-based-F1': np.float64(0.6401712014674407), 'R-based-F1': 0.4929954084440835, 'Affiliation-F': 0.8513063640579723}
2026-02-08 19:37:25.791 | INFO     | src.pipelines.train_vision_backbones:run_pipeline:170 - Train images: 306
2026-02-08 19:37:25.791 | INFO     | src.pipelines.train_vision_backbones:run_pipeline:171 - Test images: 1443
2026-02-08 19:37:26.752 | INFO     | src.pipelines.train_vision_backbones:run_pipeline:176 - Training pvt_autoencoder_frozen on RWT
2026-02-08 19:37:26.775 | INFO     | src.models.pvt_autoencoder.training:train_pvt_autoencoder_frozen:24 - Device: cuda | Model on: cuda:0
2026-02-08 19:37:53.494 | INFO     | src.pipelines.train_vision_backbones:run_pipeline:193 - Evaluating pvt_autoencoder_frozen on RWT
2026-02-08 19:37:56.037 | INFO     | src.models.evaluation:evaluate_tsb_ad_nonoverlapping:65 - Normal (69597) reconstruction error: mean=0.0062, std=0.0429
2026-02-08 19:37:56.037 | INFO     | src.models.evaluation:evaluate_tsb_ad_nonoverlapping:66 - Anomaly (2576) reconstruction error: mean=0.1083, std=0.2059
2026-02-08 19:37:56.037 | INFO     | src.models.evaluation:evaluate_tsb_ad_nonoverlapping:67 - Overlap? Normal max=1.0000, Anomaly min=0.0020
2026-02-08 19:38:02.144 | INFO     | src.models.evaluation:evaluate_tsb_ad_nonoverlapping:83 - {'AUC-PR': 0.48909586463488347, 'AUC-ROC': 0.972608714170499, 'VUS-PR': np.float64(0.4849616423001567), 'VUS-ROC': np.float64(0.9536089417975532), 'Standard-F1': np.float64(0.5894448831485022), 'PA-F1': 0.9382381413359148, 'Event-based-F1': np.float64(0.6188857691739317), 'R-based-F1': 0.5064175572961284, 'Affiliation-F': 0.8464222090097281}
2026-02-08 19:38:02.295 | INFO     | src.pipelines.train_vision_backbones:run_pipeline:170 - Train images: 306
2026-02-08 19:38:02.295 | INFO     | src.pipelines.train_vision_backbones:run_pipeline:171 - Test images: 1443
2026-02-08 19:38:03.251 | INFO     | src.pipelines.train_vision_backbones:run_pipeline:176 - Training pvt_autoencoder_progressive_unfreeze on RWT
2026-02-08 19:38:03.275 | INFO     | src.models.pvt_autoencoder.training:train_pvt_autoencoder_progressive_unfreeze:132 - Device: cuda | Model on: cuda:0
2026-02-08 19:38:29.705 | INFO     | src.pipelines.train_vision_backbones:run_pipeline:193 - Evaluating pvt_autoencoder_progressive_unfreeze on RWT
2026-02-08 19:38:32.240 | INFO     | src.models.evaluation:evaluate_tsb_ad_nonoverlapping:65 - Normal (69597) reconstruction error: mean=0.0054, std=0.0385
2026-02-08 19:38:32.240 | INFO     | src.models.evaluation:evaluate_tsb_ad_nonoverlapping:66 - Anomaly (2576) reconstruction error: mean=0.0960, std=0.1984
2026-02-08 19:38:32.240 | INFO     | src.models.evaluation:evaluate_tsb_ad_nonoverlapping:67 - Overlap? Normal max=1.0000, Anomaly min=0.0016
2026-02-08 19:38:38.319 | INFO     | src.models.evaluation:evaluate_tsb_ad_nonoverlapping:83 - {'AUC-PR': 0.5057478349384044, 'AUC-ROC': 0.9651522993914298, 'VUS-PR': np.float64(0.5106234014885246), 'VUS-ROC': np.float64(0.9527503853032352), 'Standard-F1': np.float64(0.6211463668536038), 'PA-F1': 0.9213652649443711, 'Event-based-F1': np.float64(0.6284629981024663), 'R-based-F1': 0.5303905439035352, 'Affiliation-F': 0.8593195204552794}
2026-02-08 19:38:38.477 | INFO     | src.pipelines.train_vision_backbones:run_pipeline:170 - Train images: 306
2026-02-08 19:38:38.477 | INFO     | src.pipelines.train_vision_backbones:run_pipeline:171 - Test images: 1443
2026-02-08 19:38:39.445 | INFO     | src.pipelines.train_vision_backbones:run_pipeline:176 - Training pvt_autoencoder_differential_lr on RWT
2026-02-08 19:38:39.469 | INFO     | src.models.pvt_autoencoder.training:train_pvt_autoencoder_differential_lr:267 - Device: cuda | Model on: cuda:0
2026-02-08 19:39:06.362 | INFO     | src.pipelines.train_vision_backbones:run_pipeline:193 - Evaluating pvt_autoencoder_differential_lr on RWT
2026-02-08 19:39:09.036 | INFO     | src.models.evaluation:evaluate_tsb_ad_nonoverlapping:65 - Normal (69597) reconstruction error: mean=0.0058, std=0.0439
2026-02-08 19:39:09.036 | INFO     | src.models.evaluation:evaluate_tsb_ad_nonoverlapping:66 - Anomaly (2576) reconstruction error: mean=0.1109, std=0.2169
2026-02-08 19:39:09.036 | INFO     | src.models.evaluation:evaluate_tsb_ad_nonoverlapping:67 - Overlap? Normal max=1.0000, Anomaly min=0.0022
2026-02-08 19:39:15.160 | INFO     | src.models.evaluation:evaluate_tsb_ad_nonoverlapping:83 - {'AUC-PR': 0.4971970290575597, 'AUC-ROC': 0.969630164281194, 'VUS-PR': np.float64(0.4971179109664968), 'VUS-ROC': np.float64(0.9559141672954867), 'Standard-F1': np.float64(0.617506636408062), 'PA-F1': 0.9213652649443711, 'Event-based-F1': np.float64(0.6115713796644979), 'R-based-F1': 0.4901131774372039, 'Affiliation-F': 0.818798218389366}
2026-02-08 19:39:15.994 | INFO     | src.pipelines.train_vision_backbones:run_pipeline:70 - Using zip: /net/scratch/hscra/plgrid/plgsmendowski12/ts2i_images/IOPS/276_IOPS_id_17_WebService_tr_19197_1st_19297_ts2i_MWT.zip for transformation MWT
2026-02-08 19:39:18.349 | INFO     | src.pipelines.train_vision_backbones:run_pipeline:170 - Train images: 306
2026-02-08 19:39:18.349 | INFO     | src.pipelines.train_vision_backbones:run_pipeline:171 - Test images: 1443
2026-02-08 19:39:18.355 | INFO     | src.pipelines.train_vision_backbones:run_pipeline:176 - Training cnn_autoencoder on MWT
2026-02-08 19:39:18.364 | INFO     | src.models.cnn_autoencoder.training:train_autoencoder:22 - Device: cuda | Model on: cuda:0
2026-02-08 19:40:00.049 | INFO     | src.pipelines.train_vision_backbones:run_pipeline:193 - Evaluating cnn_autoencoder on MWT
2026-02-08 19:40:01.247 | INFO     | src.models.evaluation:evaluate_tsb_ad_nonoverlapping:65 - Normal (69597) reconstruction error: mean=0.0146, std=0.0490
2026-02-08 19:40:01.247 | INFO     | src.models.evaluation:evaluate_tsb_ad_nonoverlapping:66 - Anomaly (2576) reconstruction error: mean=0.2675, std=0.2359
2026-02-08 19:40:01.247 | INFO     | src.models.evaluation:evaluate_tsb_ad_nonoverlapping:67 - Overlap? Normal max=0.8450, Anomaly min=0.0081
2026-02-08 19:40:07.757 | INFO     | src.models.evaluation:evaluate_tsb_ad_nonoverlapping:83 - {'AUC-PR': 0.5900569800962007, 'AUC-ROC': 0.9730092008410086, 'VUS-PR': np.float64(0.5582779927516534), 'VUS-ROC': np.float64(0.9553569046099446), 'Standard-F1': np.float64(0.6702809440401609), 'PA-F1': 0.9308026888098062, 'Event-based-F1': np.float64(0.6828481862964616), 'R-based-F1': 0.5184763243510575, 'Affiliation-F': 0.8736129194025124}
2026-02-08 19:40:07.917 | INFO     | src.pipelines.train_vision_backbones:run_pipeline:170 - Train images: 306
2026-02-08 19:40:07.917 | INFO     | src.pipelines.train_vision_backbones:run_pipeline:171 - Test images: 1443
2026-02-08 19:40:08.128 | INFO     | src.pipelines.train_vision_backbones:run_pipeline:176 - Training resnet18_autoencoder_frozen on MWT
2026-02-08 19:40:08.141 | INFO     | src.models.resnet18_autoencoder.training:train_autoencoder_frozen:25 - Device: cuda | Model on: cuda:0
2026-02-08 19:40:35.454 | INFO     | src.pipelines.train_vision_backbones:run_pipeline:193 - Evaluating resnet18_autoencoder_frozen on MWT
2026-02-08 19:40:36.959 | INFO     | src.models.evaluation:evaluate_tsb_ad_nonoverlapping:65 - Normal (69597) reconstruction error: mean=0.0541, std=0.0780
2026-02-08 19:40:36.960 | INFO     | src.models.evaluation:evaluate_tsb_ad_nonoverlapping:66 - Anomaly (2576) reconstruction error: mean=0.3977, std=0.2163
2026-02-08 19:40:36.960 | INFO     | src.models.evaluation:evaluate_tsb_ad_nonoverlapping:67 - Overlap? Normal max=1.0000, Anomaly min=0.0314
2026-02-08 19:40:44.704 | INFO     | src.models.evaluation:evaluate_tsb_ad_nonoverlapping:83 - {'AUC-PR': 0.5319811848710515, 'AUC-ROC': 0.9596653029147308, 'VUS-PR': np.float64(0.5063158907805813), 'VUS-ROC': np.float64(0.921499180117583), 'Standard-F1': np.float64(0.6263872554324278), 'PA-F1': 0.9321904761904762, 'Event-based-F1': np.float64(0.6564712883070509), 'R-based-F1': 0.542825831149164, 'Affiliation-F': 0.8484493779054616}
2026-02-08 19:40:44.860 | INFO     | src.pipelines.train_vision_backbones:run_pipeline:170 - Train images: 306
2026-02-08 19:40:44.861 | INFO     | src.pipelines.train_vision_backbones:run_pipeline:171 - Test images: 1443
2026-02-08 19:40:45.068 | INFO     | src.pipelines.train_vision_backbones:run_pipeline:176 - Training resnet18_autoencoder_progressive_unfreeze on MWT
2026-02-08 19:40:45.080 | INFO     | src.models.resnet18_autoencoder.training:train_autoencoder_progressive_unfreeze:133 - Device: cuda | Model on: cuda:0
2026-02-08 19:41:11.041 | INFO     | src.pipelines.train_vision_backbones:run_pipeline:193 - Evaluating resnet18_autoencoder_progressive_unfreeze on MWT
2026-02-08 19:41:15.397 | INFO     | src.models.evaluation:evaluate_tsb_ad_nonoverlapping:65 - Normal (69597) reconstruction error: mean=0.0349, std=0.0708
2026-02-08 19:41:15.397 | INFO     | src.models.evaluation:evaluate_tsb_ad_nonoverlapping:66 - Anomaly (2576) reconstruction error: mean=0.3642, std=0.2437
2026-02-08 19:41:15.397 | INFO     | src.models.evaluation:evaluate_tsb_ad_nonoverlapping:67 - Overlap? Normal max=1.0000, Anomaly min=0.0186
2026-02-08 19:41:22.553 | INFO     | src.models.evaluation:evaluate_tsb_ad_nonoverlapping:83 - {'AUC-PR': 0.535177065150951, 'AUC-ROC': 0.9646350189828452, 'VUS-PR': np.float64(0.5486951654636791), 'VUS-ROC': np.float64(0.9476892152878044), 'Standard-F1': np.float64(0.6781775063121939), 'PA-F1': 0.9299217109031889, 'Event-based-F1': np.float64(0.7247264770240694), 'R-based-F1': 0.5735750290375503, 'Affiliation-F': 0.891313758612933}
2026-02-08 19:41:22.712 | INFO     | src.pipelines.train_vision_backbones:run_pipeline:170 - Train images: 306
2026-02-08 19:41:22.712 | INFO     | src.pipelines.train_vision_backbones:run_pipeline:171 - Test images: 1443
2026-02-08 19:41:22.923 | INFO     | src.pipelines.train_vision_backbones:run_pipeline:176 - Training resnet18_autoencoder_differential_lr on MWT
2026-02-08 19:41:22.937 | INFO     | src.models.resnet18_autoencoder.training:train_autoencoder_differential_lr:271 - Device: cuda | Model on: cuda:0
2026-02-08 19:41:50.421 | INFO     | src.pipelines.train_vision_backbones:run_pipeline:193 - Evaluating resnet18_autoencoder_differential_lr on MWT
2026-02-08 19:41:52.968 | INFO     | src.models.evaluation:evaluate_tsb_ad_nonoverlapping:65 - Normal (69597) reconstruction error: mean=0.0325, std=0.0665
2026-02-08 19:41:52.968 | INFO     | src.models.evaluation:evaluate_tsb_ad_nonoverlapping:66 - Anomaly (2576) reconstruction error: mean=0.3370, std=0.2347
2026-02-08 19:41:52.968 | INFO     | src.models.evaluation:evaluate_tsb_ad_nonoverlapping:67 - Overlap? Normal max=0.8964, Anomaly min=0.0157
2026-02-08 19:42:00.034 | INFO     | src.models.evaluation:evaluate_tsb_ad_nonoverlapping:83 - {'AUC-PR': 0.5287577600750124, 'AUC-ROC': 0.9614252075636516, 'VUS-PR': np.float64(0.5187731334110178), 'VUS-ROC': np.float64(0.9328706622857094), 'Standard-F1': np.float64(0.6528844001988552), 'PA-F1': 0.9401812688821752, 'Event-based-F1': np.float64(0.7134343962362775), 'R-based-F1': 0.540505027723641, 'Affiliation-F': 0.8695018845981927}
2026-02-08 19:42:00.193 | INFO     | src.pipelines.train_vision_backbones:run_pipeline:170 - Train images: 306
2026-02-08 19:42:00.193 | INFO     | src.pipelines.train_vision_backbones:run_pipeline:171 - Test images: 1443
2026-02-08 19:42:01.161 | INFO     | src.pipelines.train_vision_backbones:run_pipeline:176 - Training pvt_autoencoder_frozen on MWT
2026-02-08 19:42:01.185 | INFO     | src.models.pvt_autoencoder.training:train_pvt_autoencoder_frozen:24 - Device: cuda | Model on: cuda:0
2026-02-08 19:42:33.478 | INFO     | src.pipelines.train_vision_backbones:run_pipeline:193 - Evaluating pvt_autoencoder_frozen on MWT
2026-02-08 19:42:37.651 | INFO     | src.models.evaluation:evaluate_tsb_ad_nonoverlapping:65 - Normal (69597) reconstruction error: mean=0.0341, std=0.0695
2026-02-08 19:42:37.651 | INFO     | src.models.evaluation:evaluate_tsb_ad_nonoverlapping:66 - Anomaly (2576) reconstruction error: mean=0.3661, std=0.2410
2026-02-08 19:42:37.651 | INFO     | src.models.evaluation:evaluate_tsb_ad_nonoverlapping:67 - Overlap? Normal max=0.9029, Anomaly min=0.0274
2026-02-08 19:42:44.821 | INFO     | src.models.evaluation:evaluate_tsb_ad_nonoverlapping:83 - {'AUC-PR': 0.5532911723663548, 'AUC-ROC': 0.9703586261080541, 'VUS-PR': np.float64(0.5430089195721298), 'VUS-ROC': np.float64(0.9451158964574745), 'Standard-F1': np.float64(0.649233285540333), 'PA-F1': 0.9318854886475815, 'Event-based-F1': np.float64(0.6586169045005482), 'R-based-F1': 0.5191284306566271, 'Affiliation-F': 0.8601172721597234}
2026-02-08 19:42:44.973 | INFO     | src.pipelines.train_vision_backbones:run_pipeline:170 - Train images: 306
2026-02-08 19:42:44.973 | INFO     | src.pipelines.train_vision_backbones:run_pipeline:171 - Test images: 1443
2026-02-08 19:42:45.933 | INFO     | src.pipelines.train_vision_backbones:run_pipeline:176 - Training pvt_autoencoder_progressive_unfreeze on MWT
2026-02-08 19:42:45.956 | INFO     | src.models.pvt_autoencoder.training:train_pvt_autoencoder_progressive_unfreeze:132 - Device: cuda | Model on: cuda:0
2026-02-08 19:43:30.921 | INFO     | src.pipelines.train_vision_backbones:run_pipeline:193 - Evaluating pvt_autoencoder_progressive_unfreeze on MWT
2026-02-08 19:43:34.524 | INFO     | src.models.evaluation:evaluate_tsb_ad_nonoverlapping:65 - Normal (69597) reconstruction error: mean=0.0244, std=0.0604
2026-02-08 19:43:34.524 | INFO     | src.models.evaluation:evaluate_tsb_ad_nonoverlapping:66 - Anomaly (2576) reconstruction error: mean=0.2781, std=0.2117
2026-02-08 19:43:34.524 | INFO     | src.models.evaluation:evaluate_tsb_ad_nonoverlapping:67 - Overlap? Normal max=1.0000, Anomaly min=0.0154
2026-02-08 19:43:41.299 | INFO     | src.models.evaluation:evaluate_tsb_ad_nonoverlapping:83 - {'AUC-PR': 0.5268441591850547, 'AUC-ROC': 0.9679855473619776, 'VUS-PR': np.float64(0.546953987381158), 'VUS-ROC': np.float64(0.9492876420369525), 'Standard-F1': np.float64(0.6772803769515178), 'PA-F1': 0.9257232212666145, 'Event-based-F1': np.float64(0.713991163475699), 'R-based-F1': 0.5790434318239188, 'Affiliation-F': 0.869623557147974}
2026-02-08 19:43:41.458 | INFO     | src.pipelines.train_vision_backbones:run_pipeline:170 - Train images: 306
2026-02-08 19:43:41.459 | INFO     | src.pipelines.train_vision_backbones:run_pipeline:171 - Test images: 1443
2026-02-08 19:43:42.499 | INFO     | src.pipelines.train_vision_backbones:run_pipeline:176 - Training pvt_autoencoder_differential_lr on MWT
2026-02-08 19:43:42.522 | INFO     | src.models.pvt_autoencoder.training:train_pvt_autoencoder_differential_lr:267 - Device: cuda | Model on: cuda:0
2026-02-08 19:44:15.833 | INFO     | src.pipelines.train_vision_backbones:run_pipeline:193 - Evaluating pvt_autoencoder_differential_lr on MWT
2026-02-08 19:44:18.781 | INFO     | src.models.evaluation:evaluate_tsb_ad_nonoverlapping:65 - Normal (69597) reconstruction error: mean=0.0309, std=0.0634
2026-02-08 19:44:18.781 | INFO     | src.models.evaluation:evaluate_tsb_ad_nonoverlapping:66 - Anomaly (2576) reconstruction error: mean=0.2993, std=0.2163
2026-02-08 19:44:18.781 | INFO     | src.models.evaluation:evaluate_tsb_ad_nonoverlapping:67 - Overlap? Normal max=1.0000, Anomaly min=0.0201
2026-02-08 19:44:25.743 | INFO     | src.models.evaluation:evaluate_tsb_ad_nonoverlapping:83 - {'AUC-PR': 0.5273291584382773, 'AUC-ROC': 0.9667804617747409, 'VUS-PR': np.float64(0.5409172974424387), 'VUS-ROC': np.float64(0.9460651063407393), 'Standard-F1': np.float64(0.6594016895652127), 'PA-F1': 0.9401812688821752, 'Event-based-F1': np.float64(0.7312217194570131), 'R-based-F1': 0.616067075703176, 'Affiliation-F': 0.8915684216586464}
2026-02-08 19:44:26.544 | INFO     | src.pipelines.train_vision_backbones:run_pipeline:70 - Using zip: /net/scratch/hscra/plgrid/plgsmendowski12/ts2i_images/IOPS/276_IOPS_id_17_WebService_tr_19197_1st_19297_ts2i_SPIRAL.zip for transformation SPIRAL
2026-02-08 19:44:28.886 | INFO     | src.pipelines.train_vision_backbones:run_pipeline:170 - Train images: 306
2026-02-08 19:44:28.886 | INFO     | src.pipelines.train_vision_backbones:run_pipeline:171 - Test images: 1443
2026-02-08 19:44:28.892 | INFO     | src.pipelines.train_vision_backbones:run_pipeline:176 - Training cnn_autoencoder on SPIRAL
2026-02-08 19:44:28.897 | INFO     | src.models.cnn_autoencoder.training:train_autoencoder:22 - Device: cuda | Model on: cuda:0
2026-02-08 19:45:12.226 | INFO     | src.pipelines.train_vision_backbones:run_pipeline:193 - Evaluating cnn_autoencoder on SPIRAL
2026-02-08 19:45:13.382 | INFO     | src.models.evaluation:evaluate_tsb_ad_nonoverlapping:65 - Normal (69597) reconstruction error: mean=0.0256, std=0.0267
2026-02-08 19:45:13.383 | INFO     | src.models.evaluation:evaluate_tsb_ad_nonoverlapping:66 - Anomaly (2576) reconstruction error: mean=0.2776, std=0.3066
2026-02-08 19:45:13.383 | INFO     | src.models.evaluation:evaluate_tsb_ad_nonoverlapping:67 - Overlap? Normal max=0.7260, Anomaly min=0.0277
2026-02-08 19:45:20.143 | INFO     | src.models.evaluation:evaluate_tsb_ad_nonoverlapping:83 - {'AUC-PR': 0.5764402899902881, 'AUC-ROC': 0.9672113419253008, 'VUS-PR': np.float64(0.4700294624652913), 'VUS-ROC': np.float64(0.9633614890768333), 'Standard-F1': np.float64(0.5423257542969044), 'PA-F1': 0.8174681059862611, 'Event-based-F1': np.float64(0.5631341600901911), 'R-based-F1': 0.3644561413448917, 'Affiliation-F': 0.9004416163604748}
2026-02-08 19:45:20.308 | INFO     | src.pipelines.train_vision_backbones:run_pipeline:170 - Train images: 306
2026-02-08 19:45:20.309 | INFO     | src.pipelines.train_vision_backbones:run_pipeline:171 - Test images: 1443
2026-02-08 19:45:20.525 | INFO     | src.pipelines.train_vision_backbones:run_pipeline:176 - Training resnet18_autoencoder_frozen on SPIRAL
2026-02-08 19:45:20.539 | INFO     | src.models.resnet18_autoencoder.training:train_autoencoder_frozen:25 - Device: cuda | Model on: cuda:0
2026-02-08 19:45:47.483 | INFO     | src.pipelines.train_vision_backbones:run_pipeline:193 - Evaluating resnet18_autoencoder_frozen on SPIRAL
2026-02-08 19:45:49.157 | INFO     | src.models.evaluation:evaluate_tsb_ad_nonoverlapping:65 - Normal (69597) reconstruction error: mean=0.0214, std=0.0395
2026-02-08 19:45:49.157 | INFO     | src.models.evaluation:evaluate_tsb_ad_nonoverlapping:66 - Anomaly (2576) reconstruction error: mean=0.3815, std=0.1538
2026-02-08 19:45:49.157 | INFO     | src.models.evaluation:evaluate_tsb_ad_nonoverlapping:67 - Overlap? Normal max=1.0000, Anomaly min=0.0181
2026-02-08 19:45:55.923 | INFO     | src.models.evaluation:evaluate_tsb_ad_nonoverlapping:83 - {'AUC-PR': 0.8626379482684403, 'AUC-ROC': 0.994949851929257, 'VUS-PR': np.float64(0.6469300108663159), 'VUS-ROC': np.float64(0.9524309553534791), 'Standard-F1': np.float64(0.8743038959336671), 'PA-F1': 0.9377259943752511, 'Event-based-F1': np.float64(0.6130081300813003), 'R-based-F1': 0.4118726050269834, 'Affiliation-F': 0.832022510941004}
2026-02-08 19:45:56.078 | INFO     | src.pipelines.train_vision_backbones:run_pipeline:170 - Train images: 306
2026-02-08 19:45:56.079 | INFO     | src.pipelines.train_vision_backbones:run_pipeline:171 - Test images: 1443
2026-02-08 19:45:56.289 | INFO     | src.pipelines.train_vision_backbones:run_pipeline:176 - Training resnet18_autoencoder_progressive_unfreeze on SPIRAL
2026-02-08 19:45:56.303 | INFO     | src.models.resnet18_autoencoder.training:train_autoencoder_progressive_unfreeze:133 - Device: cuda | Model on: cuda:0
2026-02-08 19:46:25.038 | INFO     | src.pipelines.train_vision_backbones:run_pipeline:193 - Evaluating resnet18_autoencoder_progressive_unfreeze on SPIRAL
2026-02-08 19:46:28.052 | INFO     | src.models.evaluation:evaluate_tsb_ad_nonoverlapping:65 - Normal (69597) reconstruction error: mean=0.0111, std=0.0229
2026-02-08 19:46:28.052 | INFO     | src.models.evaluation:evaluate_tsb_ad_nonoverlapping:66 - Anomaly (2576) reconstruction error: mean=0.5694, std=0.3368
2026-02-08 19:46:28.052 | INFO     | src.models.evaluation:evaluate_tsb_ad_nonoverlapping:67 - Overlap? Normal max=0.6649, Anomaly min=0.0090
2026-02-08 19:46:34.684 | INFO     | src.models.evaluation:evaluate_tsb_ad_nonoverlapping:83 - {'AUC-PR': 0.9505030779375224, 'AUC-ROC': 0.9977554228126311, 'VUS-PR': np.float64(0.8043867334403481), 'VUS-ROC': np.float64(0.9869131453005953), 'Standard-F1': np.float64(0.918883477012284), 'PA-F1': 0.9518334985133796, 'Event-based-F1': np.float64(0.7738800303720572), 'R-based-F1': 0.49367181007442734, 'Affiliation-F': 0.9054471871456118}
2026-02-08 19:46:34.841 | INFO     | src.pipelines.train_vision_backbones:run_pipeline:170 - Train images: 306
2026-02-08 19:46:34.841 | INFO     | src.pipelines.train_vision_backbones:run_pipeline:171 - Test images: 1443
2026-02-08 19:46:35.051 | INFO     | src.pipelines.train_vision_backbones:run_pipeline:176 - Training resnet18_autoencoder_differential_lr on SPIRAL
2026-02-08 19:46:35.065 | INFO     | src.models.resnet18_autoencoder.training:train_autoencoder_differential_lr:271 - Device: cuda | Model on: cuda:0
2026-02-08 19:47:03.466 | INFO     | src.pipelines.train_vision_backbones:run_pipeline:193 - Evaluating resnet18_autoencoder_differential_lr on SPIRAL
2026-02-08 19:47:06.006 | INFO     | src.models.evaluation:evaluate_tsb_ad_nonoverlapping:65 - Normal (69597) reconstruction error: mean=0.0298, std=0.0395
2026-02-08 19:47:06.007 | INFO     | src.models.evaluation:evaluate_tsb_ad_nonoverlapping:66 - Anomaly (2576) reconstruction error: mean=0.4168, std=0.1311
2026-02-08 19:47:06.007 | INFO     | src.models.evaluation:evaluate_tsb_ad_nonoverlapping:67 - Overlap? Normal max=1.0000, Anomaly min=0.0261
2026-02-08 19:47:13.005 | INFO     | src.models.evaluation:evaluate_tsb_ad_nonoverlapping:83 - {'AUC-PR': 0.8614570734184248, 'AUC-ROC': 0.9963297348880873, 'VUS-PR': np.float64(0.7609033827669052), 'VUS-ROC': np.float64(0.9826795293621732), 'Standard-F1': np.float64(0.9028967944224335), 'PA-F1': 0.938991005084083, 'Event-based-F1': np.float64(0.7247062744771263), 'R-based-F1': 0.5003187945044355, 'Affiliation-F': 0.9011880544398788}
2026-02-08 19:47:13.161 | INFO     | src.pipelines.train_vision_backbones:run_pipeline:170 - Train images: 306
2026-02-08 19:47:13.161 | INFO     | src.pipelines.train_vision_backbones:run_pipeline:171 - Test images: 1443
2026-02-08 19:47:14.128 | INFO     | src.pipelines.train_vision_backbones:run_pipeline:176 - Training pvt_autoencoder_frozen on SPIRAL
2026-02-08 19:47:14.151 | INFO     | src.models.pvt_autoencoder.training:train_pvt_autoencoder_frozen:24 - Device: cuda | Model on: cuda:0
2026-02-08 19:47:41.405 | INFO     | src.pipelines.train_vision_backbones:run_pipeline:193 - Evaluating pvt_autoencoder_frozen on SPIRAL
2026-02-08 19:47:44.387 | INFO     | src.models.evaluation:evaluate_tsb_ad_nonoverlapping:65 - Normal (69597) reconstruction error: mean=0.0234, std=0.0446
2026-02-08 19:47:44.387 | INFO     | src.models.evaluation:evaluate_tsb_ad_nonoverlapping:66 - Anomaly (2576) reconstruction error: mean=0.1176, std=0.1060
2026-02-08 19:47:44.387 | INFO     | src.models.evaluation:evaluate_tsb_ad_nonoverlapping:67 - Overlap? Normal max=1.0000, Anomaly min=0.0117
2026-02-08 19:47:50.916 | INFO     | src.models.evaluation:evaluate_tsb_ad_nonoverlapping:83 - {'AUC-PR': 0.3107422790597542, 'AUC-ROC': 0.9334752539844073, 'VUS-PR': np.float64(0.2814960455587161), 'VUS-ROC': np.float64(0.9095327133945504), 'Standard-F1': np.float64(0.4299553254904267), 'PA-F1': 0.832854487071151, 'Event-based-F1': np.float64(0.44725609756097506), 'R-based-F1': 0.29570638399157206, 'Affiliation-F': 0.7958945507424855}
2026-02-08 19:47:51.066 | INFO     | src.pipelines.train_vision_backbones:run_pipeline:170 - Train images: 306
2026-02-08 19:47:51.066 | INFO     | src.pipelines.train_vision_backbones:run_pipeline:171 - Test images: 1443
2026-02-08 19:47:52.026 | INFO     | src.pipelines.train_vision_backbones:run_pipeline:176 - Training pvt_autoencoder_progressive_unfreeze on SPIRAL
2026-02-08 19:47:52.050 | INFO     | src.models.pvt_autoencoder.training:train_pvt_autoencoder_progressive_unfreeze:132 - Device: cuda | Model on: cuda:0
2026-02-08 19:48:27.311 | INFO     | src.pipelines.train_vision_backbones:run_pipeline:193 - Evaluating pvt_autoencoder_progressive_unfreeze on SPIRAL
2026-02-08 19:48:32.953 | INFO     | src.models.evaluation:evaluate_tsb_ad_nonoverlapping:65 - Normal (69597) reconstruction error: mean=0.0373, std=0.0467
2026-02-08 19:48:32.953 | INFO     | src.models.evaluation:evaluate_tsb_ad_nonoverlapping:66 - Anomaly (2576) reconstruction error: mean=0.3686, std=0.2505
2026-02-08 19:48:32.953 | INFO     | src.models.evaluation:evaluate_tsb_ad_nonoverlapping:67 - Overlap? Normal max=1.0000, Anomaly min=0.0320
2026-02-08 19:48:40.130 | INFO     | src.models.evaluation:evaluate_tsb_ad_nonoverlapping:83 - {'AUC-PR': 0.7471188105355702, 'AUC-ROC': 0.9884296054204521, 'VUS-PR': np.float64(0.6581118746493348), 'VUS-ROC': np.float64(0.9751605809558704), 'Standard-F1': np.float64(0.7639823928005408), 'PA-F1': 0.9273895269612614, 'Event-based-F1': np.float64(0.6770375748774727), 'R-based-F1': 0.49208124986550084, 'Affiliation-F': 0.8712744053783824}
2026-02-08 19:48:40.290 | INFO     | src.pipelines.train_vision_backbones:run_pipeline:170 - Train images: 306
2026-02-08 19:48:40.291 | INFO     | src.pipelines.train_vision_backbones:run_pipeline:171 - Test images: 1443
2026-02-08 19:48:41.247 | INFO     | src.pipelines.train_vision_backbones:run_pipeline:176 - Training pvt_autoencoder_differential_lr on SPIRAL
2026-02-08 19:48:41.270 | INFO     | src.models.pvt_autoencoder.training:train_pvt_autoencoder_differential_lr:267 - Device: cuda | Model on: cuda:0
2026-02-08 19:49:16.189 | INFO     | src.pipelines.train_vision_backbones:run_pipeline:193 - Evaluating pvt_autoencoder_differential_lr on SPIRAL
2026-02-08 19:49:19.149 | INFO     | src.models.evaluation:evaluate_tsb_ad_nonoverlapping:65 - Normal (69597) reconstruction error: mean=0.0348, std=0.0454
2026-02-08 19:49:19.150 | INFO     | src.models.evaluation:evaluate_tsb_ad_nonoverlapping:66 - Anomaly (2576) reconstruction error: mean=0.2675, std=0.2939
2026-02-08 19:49:19.150 | INFO     | src.models.evaluation:evaluate_tsb_ad_nonoverlapping:67 - Overlap? Normal max=1.0000, Anomaly min=0.0256
2026-02-08 19:49:26.142 | INFO     | src.models.evaluation:evaluate_tsb_ad_nonoverlapping:83 - {'AUC-PR': 0.39814890179828355, 'AUC-ROC': 0.7819103986152041, 'VUS-PR': np.float64(0.3479879701640836), 'VUS-ROC': np.float64(0.7998859839284002), 'Standard-F1': np.float64(0.528454622277333), 'PA-F1': 0.9282163451978525, 'Event-based-F1': np.float64(0.6239999999999994), 'R-based-F1': 0.3911588957387539, 'Affiliation-F': 0.8837164329974055}
