 GCCcore/13.2.0 loaded.
 zlib/1.2.13 loaded.
 binutils/2.40 loaded.
 GCC/13.2.0 loaded.
 libcxi/1.0.2 loaded.
 libfabric/2.2.0rc1 loaded.
 CUDA/12.4.0 loaded.
 OpenMPI/5.0.3 loaded.
 OpenBLAS/0.3.24 loaded.
 FlexiBLAS/3.3.1 loaded.
 FFTW/3.3.10 loaded.
 FFTW.MPI/3.3.10 loaded.
 ScaLAPACK/2.2.0-fb loaded.
 foss/2023b loaded.
 numactl/2.0.16 loaded.
 XZ/5.4.4 loaded.
 libxml2/2.11.5 loaded.
 libpciaccess/0.17 loaded.
 hwloc/2.9.2 loaded.
 ncurses/6.4 loaded.
 GMP/6.3.0 loaded.
 bzip2/1.0.8 loaded.
 libreadline/8.2 loaded.
 Tcl/8.6.13 loaded.
 SQLite/3.43.1 loaded.
 libffi/3.4.4 loaded.
 OpenSSL/1.1 loaded.
 Python/3.11.5 loaded.
 Z3/4.13.0 loaded.
 Clang/17.0.6-CUDA-12.4.0 loaded.
 magma/2.7.2-CUDA-12.4.0 loaded.
 cuDNN/9.2.1.18-CUDA-12.4.0 loaded.
 NCCL/2.20.5-CUDA-12.4.0 loaded.
 NASM/2.16.01 loaded.
 libjpeg-turbo/3.0.1 loaded.
 libpng/1.6.40 loaded.
 x264/20231019 loaded.
 LAME/3.100 loaded.
 x265/3.5 loaded.
 expat/2.5.0 loaded.
 Brotli/1.1.0 loaded.
 freetype/2.13.2 loaded.
 util-linux/2.39 loaded.
 fontconfig/2.14.2 loaded.
 xorg-macros/1.20.0 loaded.
 X11/20231019 loaded.
 FriBidi/1.0.13 loaded.
 SDL2/2.28.5 loaded.
 FFmpeg/6.0 loaded.
 libogg/1.3.5 loaded.
 FLAC/1.4.2 loaded.
 libvorbis/1.3.7 loaded.
 libopus/1.4 loaded.
 mpg123/1.32.10 loaded.
 libsndfile/1.2.2 loaded.
 cuSPARSELt/0.6.1.0-CUDA-12.4.0 loaded.
 Szip/2.1.1 loaded.
 HDF5/1.14.3 loaded.
---------------------------WARNING-----------------------
Due to performance issues OMP_NUM_THREADS is set to 1
If you see performance drop, carefully test larger values
--------------------------------------------------------- 
 ML-bundle/24.06a loaded.
warning: Using incompatible environment (`/net/scratch/hscra/plgrid/plgsmendowski12/.venv_ts2img`) due to `--no-sync` (The project environment's Python version does not satisfy the request: `Python 3.10.13`)
2026-02-08 14:03:06.365 | INFO     | src.pipelines.transform_time_series_to_images:run_pipeline:33 - Loading configuration from configs/default.yaml
2026-02-08 14:03:06.395 | INFO     | src.pipelines.transform_time_series_to_images:run_pipeline:45 - Loading data from data/TSB-AD/TSB-AD-U/266_IOPS_id_7_WebService_tr_4010_1st_4110.csv
2026-02-08 14:03:06.413 | INFO     | src.time_series.loaders:load_tsb_ad_u:91 - Found optimal window_len=50
2026-02-08 14:03:06.414 | INFO     | src.pipelines.transform_time_series_to_images:run_pipeline:68 - Transforming 266_IOPS_id_7_WebService_tr_4010_1st_4110 using RN
2026-02-08 14:03:06.417 | INFO     | src.pipelines.transform_time_series_to_images:run_pipeline:86 - window_len=50, stride=50, resolution=64x64
2026-02-08 14:03:06.417 | INFO     | src.images.creators:create_png_image_dataset:126 - Running with n_workers: 15 for train=True set
2026-02-08 14:03:06.641 | INFO     | src.images.creators:create_png_image_dataset:126 - Running with n_workers: 15 for train=False set
2026-02-08 14:03:11.782 | INFO     | src.pipelines.transform_time_series_to_images:run_pipeline:166 - Saved metadata to /net/scratch/hscra/plgrid/plgsmendowski12/ts2i_images/IOPS/266_IOPS_id_7_WebService_tr_4010_1st_4110_ts2i_RN_metadata.json
2026-02-08 14:03:12.900 | INFO     | src.pipelines.transform_time_series_to_images:run_pipeline:169 - Saved to /net/scratch/hscra/plgrid/plgsmendowski12/ts2i_images/IOPS/266_IOPS_id_7_WebService_tr_4010_1st_4110_ts2i_RN.zip
2026-02-08 14:03:13.272 | INFO     | src.pipelines.transform_time_series_to_images:run_pipeline:68 - Transforming 266_IOPS_id_7_WebService_tr_4010_1st_4110 using SG
2026-02-08 14:03:13.275 | INFO     | src.pipelines.transform_time_series_to_images:run_pipeline:86 - window_len=50, stride=50, resolution=64x64
2026-02-08 14:03:13.275 | INFO     | src.images.creators:create_png_image_dataset:126 - Running with n_workers: 15 for train=True set
2026-02-08 14:03:13.431 | INFO     | src.images.creators:create_png_image_dataset:126 - Running with n_workers: 15 for train=False set
2026-02-08 14:03:18.218 | INFO     | src.pipelines.transform_time_series_to_images:run_pipeline:166 - Saved metadata to /net/scratch/hscra/plgrid/plgsmendowski12/ts2i_images/IOPS/266_IOPS_id_7_WebService_tr_4010_1st_4110_ts2i_SG_metadata.json
2026-02-08 14:03:19.166 | INFO     | src.pipelines.transform_time_series_to_images:run_pipeline:169 - Saved to /net/scratch/hscra/plgrid/plgsmendowski12/ts2i_images/IOPS/266_IOPS_id_7_WebService_tr_4010_1st_4110_ts2i_SG.zip
2026-02-08 14:03:19.540 | INFO     | src.pipelines.transform_time_series_to_images:run_pipeline:68 - Transforming 266_IOPS_id_7_WebService_tr_4010_1st_4110 using LP
2026-02-08 14:03:19.542 | INFO     | src.pipelines.transform_time_series_to_images:run_pipeline:86 - window_len=50, stride=50, resolution=64x64
2026-02-08 14:03:19.542 | INFO     | src.images.creators:create_png_image_dataset:126 - Running with n_workers: 15 for train=True set
2026-02-08 14:03:19.939 | INFO     | src.images.creators:create_png_image_dataset:126 - Running with n_workers: 15 for train=False set
2026-02-08 14:03:29.974 | INFO     | src.pipelines.transform_time_series_to_images:run_pipeline:166 - Saved metadata to /net/scratch/hscra/plgrid/plgsmendowski12/ts2i_images/IOPS/266_IOPS_id_7_WebService_tr_4010_1st_4110_ts2i_LP_metadata.json
2026-02-08 14:03:30.914 | INFO     | src.pipelines.transform_time_series_to_images:run_pipeline:169 - Saved to /net/scratch/hscra/plgrid/plgsmendowski12/ts2i_images/IOPS/266_IOPS_id_7_WebService_tr_4010_1st_4110_ts2i_LP.zip
2026-02-08 14:03:31.276 | INFO     | src.pipelines.transform_time_series_to_images:run_pipeline:68 - Transforming 266_IOPS_id_7_WebService_tr_4010_1st_4110 using GASF
2026-02-08 14:03:31.278 | INFO     | src.pipelines.transform_time_series_to_images:run_pipeline:86 - window_len=50, stride=50, resolution=64x64
2026-02-08 14:03:31.278 | INFO     | src.images.creators:create_png_image_dataset:126 - Running with n_workers: 15 for train=True set
2026-02-08 14:03:37.831 | INFO     | src.images.creators:create_png_image_dataset:126 - Running with n_workers: 15 for train=False set
2026-02-08 14:03:44.124 | INFO     | src.pipelines.transform_time_series_to_images:run_pipeline:166 - Saved metadata to /net/scratch/hscra/plgrid/plgsmendowski12/ts2i_images/IOPS/266_IOPS_id_7_WebService_tr_4010_1st_4110_ts2i_GASF_metadata.json
2026-02-08 14:03:45.309 | INFO     | src.pipelines.transform_time_series_to_images:run_pipeline:169 - Saved to /net/scratch/hscra/plgrid/plgsmendowski12/ts2i_images/IOPS/266_IOPS_id_7_WebService_tr_4010_1st_4110_ts2i_GASF.zip
2026-02-08 14:03:45.673 | INFO     | src.pipelines.transform_time_series_to_images:run_pipeline:68 - Transforming 266_IOPS_id_7_WebService_tr_4010_1st_4110 using GADF
2026-02-08 14:03:45.675 | INFO     | src.pipelines.transform_time_series_to_images:run_pipeline:86 - window_len=50, stride=50, resolution=64x64
2026-02-08 14:03:45.675 | INFO     | src.images.creators:create_png_image_dataset:126 - Running with n_workers: 15 for train=True set
2026-02-08 14:03:47.266 | INFO     | src.images.creators:create_png_image_dataset:126 - Running with n_workers: 15 for train=False set
2026-02-08 14:03:53.892 | INFO     | src.pipelines.transform_time_series_to_images:run_pipeline:166 - Saved metadata to /net/scratch/hscra/plgrid/plgsmendowski12/ts2i_images/IOPS/266_IOPS_id_7_WebService_tr_4010_1st_4110_ts2i_GADF_metadata.json
2026-02-08 14:03:55.083 | INFO     | src.pipelines.transform_time_series_to_images:run_pipeline:169 - Saved to /net/scratch/hscra/plgrid/plgsmendowski12/ts2i_images/IOPS/266_IOPS_id_7_WebService_tr_4010_1st_4110_ts2i_GADF.zip
2026-02-08 14:03:55.465 | INFO     | src.pipelines.transform_time_series_to_images:run_pipeline:68 - Transforming 266_IOPS_id_7_WebService_tr_4010_1st_4110 using MTF
2026-02-08 14:03:55.467 | INFO     | src.pipelines.transform_time_series_to_images:run_pipeline:86 - window_len=50, stride=50, resolution=64x64
2026-02-08 14:03:55.467 | INFO     | src.images.creators:create_png_image_dataset:126 - Running with n_workers: 15 for train=True set
2026-02-08 14:03:57.257 | INFO     | src.images.creators:create_png_image_dataset:126 - Running with n_workers: 15 for train=False set
2026-02-08 14:04:03.240 | INFO     | src.pipelines.transform_time_series_to_images:run_pipeline:166 - Saved metadata to /net/scratch/hscra/plgrid/plgsmendowski12/ts2i_images/IOPS/266_IOPS_id_7_WebService_tr_4010_1st_4110_ts2i_MTF_metadata.json
2026-02-08 14:04:04.731 | INFO     | src.pipelines.transform_time_series_to_images:run_pipeline:169 - Saved to /net/scratch/hscra/plgrid/plgsmendowski12/ts2i_images/IOPS/266_IOPS_id_7_WebService_tr_4010_1st_4110_ts2i_MTF.zip
2026-02-08 14:04:05.094 | INFO     | src.pipelines.transform_time_series_to_images:run_pipeline:68 - Transforming 266_IOPS_id_7_WebService_tr_4010_1st_4110 using RP
2026-02-08 14:04:05.096 | INFO     | src.pipelines.transform_time_series_to_images:run_pipeline:86 - window_len=50, stride=50, resolution=64x64
2026-02-08 14:04:05.096 | INFO     | src.images.creators:create_png_image_dataset:126 - Running with n_workers: 15 for train=True set
2026-02-08 14:04:05.290 | INFO     | src.images.creators:create_png_image_dataset:126 - Running with n_workers: 15 for train=False set
2026-02-08 14:04:10.705 | INFO     | src.pipelines.transform_time_series_to_images:run_pipeline:166 - Saved metadata to /net/scratch/hscra/plgrid/plgsmendowski12/ts2i_images/IOPS/266_IOPS_id_7_WebService_tr_4010_1st_4110_ts2i_RP_metadata.json
2026-02-08 14:04:11.793 | INFO     | src.pipelines.transform_time_series_to_images:run_pipeline:169 - Saved to /net/scratch/hscra/plgrid/plgsmendowski12/ts2i_images/IOPS/266_IOPS_id_7_WebService_tr_4010_1st_4110_ts2i_RP.zip
2026-02-08 14:04:12.157 | INFO     | src.pipelines.transform_time_series_to_images:run_pipeline:68 - Transforming 266_IOPS_id_7_WebService_tr_4010_1st_4110 using RWT
2026-02-08 14:04:12.160 | INFO     | src.pipelines.transform_time_series_to_images:run_pipeline:86 - window_len=50, stride=50, resolution=64x64
2026-02-08 14:04:12.160 | INFO     | src.images.creators:create_png_image_dataset:126 - Running with n_workers: 15 for train=True set
2026-02-08 14:04:12.423 | INFO     | src.images.creators:create_png_image_dataset:126 - Running with n_workers: 15 for train=False set
2026-02-08 14:04:20.325 | INFO     | src.pipelines.transform_time_series_to_images:run_pipeline:166 - Saved metadata to /net/scratch/hscra/plgrid/plgsmendowski12/ts2i_images/IOPS/266_IOPS_id_7_WebService_tr_4010_1st_4110_ts2i_RWT_metadata.json
2026-02-08 14:04:21.331 | INFO     | src.pipelines.transform_time_series_to_images:run_pipeline:169 - Saved to /net/scratch/hscra/plgrid/plgsmendowski12/ts2i_images/IOPS/266_IOPS_id_7_WebService_tr_4010_1st_4110_ts2i_RWT.zip
2026-02-08 14:04:21.713 | INFO     | src.pipelines.transform_time_series_to_images:run_pipeline:68 - Transforming 266_IOPS_id_7_WebService_tr_4010_1st_4110 using MWT
2026-02-08 14:04:21.716 | INFO     | src.pipelines.transform_time_series_to_images:run_pipeline:86 - window_len=50, stride=50, resolution=64x64
2026-02-08 14:04:21.716 | INFO     | src.images.creators:create_png_image_dataset:126 - Running with n_workers: 15 for train=True set
2026-02-08 14:04:21.977 | INFO     | src.images.creators:create_png_image_dataset:126 - Running with n_workers: 15 for train=False set
2026-02-08 14:04:29.406 | INFO     | src.pipelines.transform_time_series_to_images:run_pipeline:166 - Saved metadata to /net/scratch/hscra/plgrid/plgsmendowski12/ts2i_images/IOPS/266_IOPS_id_7_WebService_tr_4010_1st_4110_ts2i_MWT_metadata.json
2026-02-08 14:04:30.482 | INFO     | src.pipelines.transform_time_series_to_images:run_pipeline:169 - Saved to /net/scratch/hscra/plgrid/plgsmendowski12/ts2i_images/IOPS/266_IOPS_id_7_WebService_tr_4010_1st_4110_ts2i_MWT.zip
2026-02-08 14:04:30.864 | INFO     | src.pipelines.transform_time_series_to_images:run_pipeline:68 - Transforming 266_IOPS_id_7_WebService_tr_4010_1st_4110 using SPIRAL
2026-02-08 14:04:30.866 | INFO     | src.pipelines.transform_time_series_to_images:run_pipeline:86 - window_len=50, stride=50, resolution=64x64
2026-02-08 14:04:30.866 | INFO     | src.images.creators:create_png_image_dataset:126 - Running with n_workers: 15 for train=True set
2026-02-08 14:04:31.039 | INFO     | src.images.creators:create_png_image_dataset:126 - Running with n_workers: 15 for train=False set
2026-02-08 14:04:35.956 | INFO     | src.pipelines.transform_time_series_to_images:run_pipeline:166 - Saved metadata to /net/scratch/hscra/plgrid/plgsmendowski12/ts2i_images/IOPS/266_IOPS_id_7_WebService_tr_4010_1st_4110_ts2i_SPIRAL_metadata.json
2026-02-08 14:04:36.981 | INFO     | src.pipelines.transform_time_series_to_images:run_pipeline:169 - Saved to /net/scratch/hscra/plgrid/plgsmendowski12/ts2i_images/IOPS/266_IOPS_id_7_WebService_tr_4010_1st_4110_ts2i_SPIRAL.zip
2026-02-08 14:04:37.353 | INFO     | src.pipelines.transform_time_series_to_images:run_pipeline:45 - Loading data from data/TSB-AD/TSB-AD-U/267_IOPS_id_8_WebService_tr_1534_1st_1882.csv
2026-02-08 14:04:37.360 | INFO     | src.time_series.loaders:load_tsb_ad_u:91 - Found optimal window_len=66
2026-02-08 14:04:37.361 | INFO     | src.pipelines.transform_time_series_to_images:run_pipeline:68 - Transforming 267_IOPS_id_8_WebService_tr_1534_1st_1882 using RN
2026-02-08 14:04:37.363 | INFO     | src.pipelines.transform_time_series_to_images:run_pipeline:86 - window_len=66, stride=66, resolution=64x64
2026-02-08 14:04:37.363 | INFO     | src.images.creators:create_png_image_dataset:126 - Running with n_workers: 15 for train=True set
2026-02-08 14:04:37.419 | INFO     | src.images.creators:create_png_image_dataset:126 - Running with n_workers: 15 for train=False set
2026-02-08 14:04:37.584 | INFO     | src.pipelines.transform_time_series_to_images:run_pipeline:166 - Saved metadata to /net/scratch/hscra/plgrid/plgsmendowski12/ts2i_images/IOPS/267_IOPS_id_8_WebService_tr_1534_1st_1882_ts2i_RN_metadata.json
2026-02-08 14:04:37.642 | INFO     | src.pipelines.transform_time_series_to_images:run_pipeline:169 - Saved to /net/scratch/hscra/plgrid/plgsmendowski12/ts2i_images/IOPS/267_IOPS_id_8_WebService_tr_1534_1st_1882_ts2i_RN.zip
2026-02-08 14:04:37.668 | INFO     | src.pipelines.transform_time_series_to_images:run_pipeline:68 - Transforming 267_IOPS_id_8_WebService_tr_1534_1st_1882 using SG
2026-02-08 14:04:37.670 | INFO     | src.pipelines.transform_time_series_to_images:run_pipeline:86 - window_len=66, stride=66, resolution=64x64
2026-02-08 14:04:37.670 | INFO     | src.images.creators:create_png_image_dataset:126 - Running with n_workers: 15 for train=True set
2026-02-08 14:04:37.714 | INFO     | src.images.creators:create_png_image_dataset:126 - Running with n_workers: 15 for train=False set
2026-02-08 14:04:37.846 | INFO     | src.pipelines.transform_time_series_to_images:run_pipeline:166 - Saved metadata to /net/scratch/hscra/plgrid/plgsmendowski12/ts2i_images/IOPS/267_IOPS_id_8_WebService_tr_1534_1st_1882_ts2i_SG_metadata.json
2026-02-08 14:04:37.895 | INFO     | src.pipelines.transform_time_series_to_images:run_pipeline:169 - Saved to /net/scratch/hscra/plgrid/plgsmendowski12/ts2i_images/IOPS/267_IOPS_id_8_WebService_tr_1534_1st_1882_ts2i_SG.zip
2026-02-08 14:04:37.923 | INFO     | src.pipelines.transform_time_series_to_images:run_pipeline:68 - Transforming 267_IOPS_id_8_WebService_tr_1534_1st_1882 using LP
2026-02-08 14:04:37.925 | INFO     | src.pipelines.transform_time_series_to_images:run_pipeline:86 - window_len=66, stride=66, resolution=64x64
2026-02-08 14:04:37.925 | INFO     | src.images.creators:create_png_image_dataset:126 - Running with n_workers: 15 for train=True set
2026-02-08 14:04:38.038 | INFO     | src.images.creators:create_png_image_dataset:126 - Running with n_workers: 15 for train=False set
2026-02-08 14:04:38.725 | INFO     | src.pipelines.transform_time_series_to_images:run_pipeline:166 - Saved metadata to /net/scratch/hscra/plgrid/plgsmendowski12/ts2i_images/IOPS/267_IOPS_id_8_WebService_tr_1534_1st_1882_ts2i_LP_metadata.json
2026-02-08 14:04:38.777 | INFO     | src.pipelines.transform_time_series_to_images:run_pipeline:169 - Saved to /net/scratch/hscra/plgrid/plgsmendowski12/ts2i_images/IOPS/267_IOPS_id_8_WebService_tr_1534_1st_1882_ts2i_LP.zip
2026-02-08 14:04:38.812 | INFO     | src.pipelines.transform_time_series_to_images:run_pipeline:68 - Transforming 267_IOPS_id_8_WebService_tr_1534_1st_1882 using GASF
2026-02-08 14:04:38.814 | INFO     | src.pipelines.transform_time_series_to_images:run_pipeline:86 - window_len=66, stride=66, resolution=64x64
2026-02-08 14:04:38.814 | INFO     | src.images.creators:create_png_image_dataset:126 - Running with n_workers: 15 for train=True set
2026-02-08 14:04:38.884 | INFO     | src.images.creators:create_png_image_dataset:126 - Running with n_workers: 15 for train=False set
2026-02-08 14:04:39.091 | INFO     | src.pipelines.transform_time_series_to_images:run_pipeline:166 - Saved metadata to /net/scratch/hscra/plgrid/plgsmendowski12/ts2i_images/IOPS/267_IOPS_id_8_WebService_tr_1534_1st_1882_ts2i_GASF_metadata.json
2026-02-08 14:04:39.146 | INFO     | src.pipelines.transform_time_series_to_images:run_pipeline:169 - Saved to /net/scratch/hscra/plgrid/plgsmendowski12/ts2i_images/IOPS/267_IOPS_id_8_WebService_tr_1534_1st_1882_ts2i_GASF.zip
2026-02-08 14:04:39.172 | INFO     | src.pipelines.transform_time_series_to_images:run_pipeline:68 - Transforming 267_IOPS_id_8_WebService_tr_1534_1st_1882 using GADF
2026-02-08 14:04:39.174 | INFO     | src.pipelines.transform_time_series_to_images:run_pipeline:86 - window_len=66, stride=66, resolution=64x64
2026-02-08 14:04:39.174 | INFO     | src.images.creators:create_png_image_dataset:126 - Running with n_workers: 15 for train=True set
2026-02-08 14:04:39.245 | INFO     | src.images.creators:create_png_image_dataset:126 - Running with n_workers: 15 for train=False set
2026-02-08 14:04:39.457 | INFO     | src.pipelines.transform_time_series_to_images:run_pipeline:166 - Saved metadata to /net/scratch/hscra/plgrid/plgsmendowski12/ts2i_images/IOPS/267_IOPS_id_8_WebService_tr_1534_1st_1882_ts2i_GADF_metadata.json
2026-02-08 14:04:39.513 | INFO     | src.pipelines.transform_time_series_to_images:run_pipeline:169 - Saved to /net/scratch/hscra/plgrid/plgsmendowski12/ts2i_images/IOPS/267_IOPS_id_8_WebService_tr_1534_1st_1882_ts2i_GADF.zip
2026-02-08 14:04:39.538 | INFO     | src.pipelines.transform_time_series_to_images:run_pipeline:68 - Transforming 267_IOPS_id_8_WebService_tr_1534_1st_1882 using MTF
2026-02-08 14:04:39.540 | INFO     | src.pipelines.transform_time_series_to_images:run_pipeline:86 - window_len=66, stride=66, resolution=64x64
2026-02-08 14:04:39.540 | INFO     | src.images.creators:create_png_image_dataset:126 - Running with n_workers: 15 for train=True set
2026-02-08 14:04:39.594 | INFO     | src.images.creators:create_png_image_dataset:126 - Running with n_workers: 15 for train=False set
2026-02-08 14:04:39.764 | INFO     | src.pipelines.transform_time_series_to_images:run_pipeline:166 - Saved metadata to /net/scratch/hscra/plgrid/plgsmendowski12/ts2i_images/IOPS/267_IOPS_id_8_WebService_tr_1534_1st_1882_ts2i_MTF_metadata.json
2026-02-08 14:04:39.817 | INFO     | src.pipelines.transform_time_series_to_images:run_pipeline:169 - Saved to /net/scratch/hscra/plgrid/plgsmendowski12/ts2i_images/IOPS/267_IOPS_id_8_WebService_tr_1534_1st_1882_ts2i_MTF.zip
2026-02-08 14:04:39.844 | INFO     | src.pipelines.transform_time_series_to_images:run_pipeline:68 - Transforming 267_IOPS_id_8_WebService_tr_1534_1st_1882 using RP
2026-02-08 14:04:39.846 | INFO     | src.pipelines.transform_time_series_to_images:run_pipeline:86 - window_len=66, stride=66, resolution=64x64
2026-02-08 14:04:39.846 | INFO     | src.images.creators:create_png_image_dataset:126 - Running with n_workers: 15 for train=True set
2026-02-08 14:04:39.899 | INFO     | src.images.creators:create_png_image_dataset:126 - Running with n_workers: 15 for train=False set
2026-02-08 14:04:40.060 | INFO     | src.pipelines.transform_time_series_to_images:run_pipeline:166 - Saved metadata to /net/scratch/hscra/plgrid/plgsmendowski12/ts2i_images/IOPS/267_IOPS_id_8_WebService_tr_1534_1st_1882_ts2i_RP_metadata.json
2026-02-08 14:04:40.113 | INFO     | src.pipelines.transform_time_series_to_images:run_pipeline:169 - Saved to /net/scratch/hscra/plgrid/plgsmendowski12/ts2i_images/IOPS/267_IOPS_id_8_WebService_tr_1534_1st_1882_ts2i_RP.zip
2026-02-08 14:04:40.139 | INFO     | src.pipelines.transform_time_series_to_images:run_pipeline:68 - Transforming 267_IOPS_id_8_WebService_tr_1534_1st_1882 using RWT
2026-02-08 14:04:40.141 | INFO     | src.pipelines.transform_time_series_to_images:run_pipeline:86 - window_len=66, stride=66, resolution=64x64
2026-02-08 14:04:40.141 | INFO     | src.images.creators:create_png_image_dataset:126 - Running with n_workers: 15 for train=True set
2026-02-08 14:04:40.221 | INFO     | src.images.creators:create_png_image_dataset:126 - Running with n_workers: 15 for train=False set
2026-02-08 14:04:40.459 | INFO     | src.pipelines.transform_time_series_to_images:run_pipeline:166 - Saved metadata to /net/scratch/hscra/plgrid/plgsmendowski12/ts2i_images/IOPS/267_IOPS_id_8_WebService_tr_1534_1st_1882_ts2i_RWT_metadata.json
2026-02-08 14:04:40.514 | INFO     | src.pipelines.transform_time_series_to_images:run_pipeline:169 - Saved to /net/scratch/hscra/plgrid/plgsmendowski12/ts2i_images/IOPS/267_IOPS_id_8_WebService_tr_1534_1st_1882_ts2i_RWT.zip
2026-02-08 14:04:40.537 | INFO     | src.pipelines.transform_time_series_to_images:run_pipeline:68 - Transforming 267_IOPS_id_8_WebService_tr_1534_1st_1882 using MWT
2026-02-08 14:04:40.539 | INFO     | src.pipelines.transform_time_series_to_images:run_pipeline:86 - window_len=66, stride=66, resolution=64x64
2026-02-08 14:04:40.540 | INFO     | src.images.creators:create_png_image_dataset:126 - Running with n_workers: 15 for train=True set
2026-02-08 14:04:40.617 | INFO     | src.images.creators:create_png_image_dataset:126 - Running with n_workers: 15 for train=False set
2026-02-08 14:04:40.858 | INFO     | src.pipelines.transform_time_series_to_images:run_pipeline:166 - Saved metadata to /net/scratch/hscra/plgrid/plgsmendowski12/ts2i_images/IOPS/267_IOPS_id_8_WebService_tr_1534_1st_1882_ts2i_MWT_metadata.json
2026-02-08 14:04:40.916 | INFO     | src.pipelines.transform_time_series_to_images:run_pipeline:169 - Saved to /net/scratch/hscra/plgrid/plgsmendowski12/ts2i_images/IOPS/267_IOPS_id_8_WebService_tr_1534_1st_1882_ts2i_MWT.zip
2026-02-08 14:04:40.940 | INFO     | src.pipelines.transform_time_series_to_images:run_pipeline:68 - Transforming 267_IOPS_id_8_WebService_tr_1534_1st_1882 using SPIRAL
2026-02-08 14:04:40.942 | INFO     | src.pipelines.transform_time_series_to_images:run_pipeline:86 - window_len=66, stride=66, resolution=64x64
2026-02-08 14:04:40.942 | INFO     | src.images.creators:create_png_image_dataset:126 - Running with n_workers: 15 for train=True set
2026-02-08 14:04:40.997 | INFO     | src.images.creators:create_png_image_dataset:126 - Running with n_workers: 15 for train=False set
2026-02-08 14:04:41.158 | INFO     | src.pipelines.transform_time_series_to_images:run_pipeline:166 - Saved metadata to /net/scratch/hscra/plgrid/plgsmendowski12/ts2i_images/IOPS/267_IOPS_id_8_WebService_tr_1534_1st_1882_ts2i_SPIRAL_metadata.json
2026-02-08 14:04:41.210 | INFO     | src.pipelines.transform_time_series_to_images:run_pipeline:169 - Saved to /net/scratch/hscra/plgrid/plgsmendowski12/ts2i_images/IOPS/267_IOPS_id_8_WebService_tr_1534_1st_1882_ts2i_SPIRAL.zip
2026-02-08 14:04:41.237 | INFO     | src.pipelines.transform_time_series_to_images:run_pipeline:45 - Loading data from data/TSB-AD/TSB-AD-U/268_IOPS_id_9_WebService_tr_6216_1st_6316.csv
2026-02-08 14:04:41.246 | INFO     | src.time_series.loaders:load_tsb_ad_u:91 - Found optimal window_len=50
2026-02-08 14:04:41.247 | INFO     | src.pipelines.transform_time_series_to_images:run_pipeline:68 - Transforming 268_IOPS_id_9_WebService_tr_6216_1st_6316 using RN
2026-02-08 14:04:41.249 | INFO     | src.pipelines.transform_time_series_to_images:run_pipeline:86 - window_len=50, stride=50, resolution=64x64
2026-02-08 14:04:41.249 | INFO     | src.images.creators:create_png_image_dataset:126 - Running with n_workers: 15 for train=True set
2026-02-08 14:04:41.805 | INFO     | src.images.creators:create_png_image_dataset:126 - Running with n_workers: 15 for train=False set
2026-02-08 14:04:43.267 | INFO     | src.pipelines.transform_time_series_to_images:run_pipeline:166 - Saved metadata to /net/scratch/hscra/plgrid/plgsmendowski12/ts2i_images/IOPS/268_IOPS_id_9_WebService_tr_6216_1st_6316_ts2i_RN_metadata.json
2026-02-08 14:04:43.961 | INFO     | src.pipelines.transform_time_series_to_images:run_pipeline:169 - Saved to /net/scratch/hscra/plgrid/plgsmendowski12/ts2i_images/IOPS/268_IOPS_id_9_WebService_tr_6216_1st_6316_ts2i_RN.zip
2026-02-08 14:04:44.079 | INFO     | src.pipelines.transform_time_series_to_images:run_pipeline:68 - Transforming 268_IOPS_id_9_WebService_tr_6216_1st_6316 using SG
2026-02-08 14:04:44.081 | INFO     | src.pipelines.transform_time_series_to_images:run_pipeline:86 - window_len=50, stride=50, resolution=64x64
2026-02-08 14:04:44.081 | INFO     | src.images.creators:create_png_image_dataset:126 - Running with n_workers: 15 for train=True set
2026-02-08 14:04:44.584 | INFO     | src.images.creators:create_png_image_dataset:126 - Running with n_workers: 15 for train=False set
2026-02-08 14:04:45.868 | INFO     | src.pipelines.transform_time_series_to_images:run_pipeline:166 - Saved metadata to /net/scratch/hscra/plgrid/plgsmendowski12/ts2i_images/IOPS/268_IOPS_id_9_WebService_tr_6216_1st_6316_ts2i_SG_metadata.json
2026-02-08 14:04:46.159 | INFO     | src.pipelines.transform_time_series_to_images:run_pipeline:169 - Saved to /net/scratch/hscra/plgrid/plgsmendowski12/ts2i_images/IOPS/268_IOPS_id_9_WebService_tr_6216_1st_6316_ts2i_SG.zip
2026-02-08 14:04:46.281 | INFO     | src.pipelines.transform_time_series_to_images:run_pipeline:68 - Transforming 268_IOPS_id_9_WebService_tr_6216_1st_6316 using LP
2026-02-08 14:04:46.283 | INFO     | src.pipelines.transform_time_series_to_images:run_pipeline:86 - window_len=50, stride=50, resolution=64x64
2026-02-08 14:04:46.283 | INFO     | src.images.creators:create_png_image_dataset:126 - Running with n_workers: 15 for train=True set
2026-02-08 14:04:47.186 | INFO     | src.images.creators:create_png_image_dataset:126 - Running with n_workers: 15 for train=False set
2026-02-08 14:04:50.292 | INFO     | src.pipelines.transform_time_series_to_images:run_pipeline:166 - Saved metadata to /net/scratch/hscra/plgrid/plgsmendowski12/ts2i_images/IOPS/268_IOPS_id_9_WebService_tr_6216_1st_6316_ts2i_LP_metadata.json
2026-02-08 14:04:50.597 | INFO     | src.pipelines.transform_time_series_to_images:run_pipeline:169 - Saved to /net/scratch/hscra/plgrid/plgsmendowski12/ts2i_images/IOPS/268_IOPS_id_9_WebService_tr_6216_1st_6316_ts2i_LP.zip
2026-02-08 14:04:50.721 | INFO     | src.pipelines.transform_time_series_to_images:run_pipeline:68 - Transforming 268_IOPS_id_9_WebService_tr_6216_1st_6316 using GASF
2026-02-08 14:04:50.723 | INFO     | src.pipelines.transform_time_series_to_images:run_pipeline:86 - window_len=50, stride=50, resolution=64x64
2026-02-08 14:04:50.723 | INFO     | src.images.creators:create_png_image_dataset:126 - Running with n_workers: 15 for train=True set
2026-02-08 14:04:51.393 | INFO     | src.images.creators:create_png_image_dataset:126 - Running with n_workers: 15 for train=False set
2026-02-08 14:04:53.250 | INFO     | src.pipelines.transform_time_series_to_images:run_pipeline:166 - Saved metadata to /net/scratch/hscra/plgrid/plgsmendowski12/ts2i_images/IOPS/268_IOPS_id_9_WebService_tr_6216_1st_6316_ts2i_GASF_metadata.json
2026-02-08 14:04:53.941 | INFO     | src.pipelines.transform_time_series_to_images:run_pipeline:169 - Saved to /net/scratch/hscra/plgrid/plgsmendowski12/ts2i_images/IOPS/268_IOPS_id_9_WebService_tr_6216_1st_6316_ts2i_GASF.zip
2026-02-08 14:04:54.064 | INFO     | src.pipelines.transform_time_series_to_images:run_pipeline:68 - Transforming 268_IOPS_id_9_WebService_tr_6216_1st_6316 using GADF
2026-02-08 14:04:54.066 | INFO     | src.pipelines.transform_time_series_to_images:run_pipeline:86 - window_len=50, stride=50, resolution=64x64
2026-02-08 14:04:54.066 | INFO     | src.images.creators:create_png_image_dataset:126 - Running with n_workers: 15 for train=True set
2026-02-08 14:04:54.727 | INFO     | src.images.creators:create_png_image_dataset:126 - Running with n_workers: 15 for train=False set
2026-02-08 14:04:56.496 | INFO     | src.pipelines.transform_time_series_to_images:run_pipeline:166 - Saved metadata to /net/scratch/hscra/plgrid/plgsmendowski12/ts2i_images/IOPS/268_IOPS_id_9_WebService_tr_6216_1st_6316_ts2i_GADF_metadata.json
2026-02-08 14:04:56.892 | INFO     | src.pipelines.transform_time_series_to_images:run_pipeline:169 - Saved to /net/scratch/hscra/plgrid/plgsmendowski12/ts2i_images/IOPS/268_IOPS_id_9_WebService_tr_6216_1st_6316_ts2i_GADF.zip
2026-02-08 14:04:57.007 | INFO     | src.pipelines.transform_time_series_to_images:run_pipeline:68 - Transforming 268_IOPS_id_9_WebService_tr_6216_1st_6316 using MTF
2026-02-08 14:04:57.010 | INFO     | src.pipelines.transform_time_series_to_images:run_pipeline:86 - window_len=50, stride=50, resolution=64x64
2026-02-08 14:04:57.010 | INFO     | src.images.creators:create_png_image_dataset:126 - Running with n_workers: 15 for train=True set
2026-02-08 14:04:57.649 | INFO     | src.images.creators:create_png_image_dataset:126 - Running with n_workers: 15 for train=False set
2026-02-08 14:04:59.653 | INFO     | src.pipelines.transform_time_series_to_images:run_pipeline:166 - Saved metadata to /net/scratch/hscra/plgrid/plgsmendowski12/ts2i_images/IOPS/268_IOPS_id_9_WebService_tr_6216_1st_6316_ts2i_MTF_metadata.json
2026-02-08 14:05:00.046 | INFO     | src.pipelines.transform_time_series_to_images:run_pipeline:169 - Saved to /net/scratch/hscra/plgrid/plgsmendowski12/ts2i_images/IOPS/268_IOPS_id_9_WebService_tr_6216_1st_6316_ts2i_MTF.zip
2026-02-08 14:05:00.181 | INFO     | src.pipelines.transform_time_series_to_images:run_pipeline:68 - Transforming 268_IOPS_id_9_WebService_tr_6216_1st_6316 using RP
2026-02-08 14:05:00.184 | INFO     | src.pipelines.transform_time_series_to_images:run_pipeline:86 - window_len=50, stride=50, resolution=64x64
2026-02-08 14:05:00.184 | INFO     | src.images.creators:create_png_image_dataset:126 - Running with n_workers: 15 for train=True set
2026-02-08 14:05:00.768 | INFO     | src.images.creators:create_png_image_dataset:126 - Running with n_workers: 15 for train=False set
2026-02-08 14:05:02.305 | INFO     | src.pipelines.transform_time_series_to_images:run_pipeline:166 - Saved metadata to /net/scratch/hscra/plgrid/plgsmendowski12/ts2i_images/IOPS/268_IOPS_id_9_WebService_tr_6216_1st_6316_ts2i_RP_metadata.json
2026-02-08 14:05:02.675 | INFO     | src.pipelines.transform_time_series_to_images:run_pipeline:169 - Saved to /net/scratch/hscra/plgrid/plgsmendowski12/ts2i_images/IOPS/268_IOPS_id_9_WebService_tr_6216_1st_6316_ts2i_RP.zip
2026-02-08 14:05:02.796 | INFO     | src.pipelines.transform_time_series_to_images:run_pipeline:68 - Transforming 268_IOPS_id_9_WebService_tr_6216_1st_6316 using RWT
2026-02-08 14:05:02.799 | INFO     | src.pipelines.transform_time_series_to_images:run_pipeline:86 - window_len=50, stride=50, resolution=64x64
2026-02-08 14:05:02.799 | INFO     | src.images.creators:create_png_image_dataset:126 - Running with n_workers: 15 for train=True set
2026-02-08 14:05:03.798 | INFO     | src.images.creators:create_png_image_dataset:126 - Running with n_workers: 15 for train=False set
2026-02-08 14:05:05.795 | INFO     | src.pipelines.transform_time_series_to_images:run_pipeline:166 - Saved metadata to /net/scratch/hscra/plgrid/plgsmendowski12/ts2i_images/IOPS/268_IOPS_id_9_WebService_tr_6216_1st_6316_ts2i_RWT_metadata.json
2026-02-08 14:05:06.139 | INFO     | src.pipelines.transform_time_series_to_images:run_pipeline:169 - Saved to /net/scratch/hscra/plgrid/plgsmendowski12/ts2i_images/IOPS/268_IOPS_id_9_WebService_tr_6216_1st_6316_ts2i_RWT.zip
2026-02-08 14:05:06.265 | INFO     | src.pipelines.transform_time_series_to_images:run_pipeline:68 - Transforming 268_IOPS_id_9_WebService_tr_6216_1st_6316 using MWT
2026-02-08 14:05:06.268 | INFO     | src.pipelines.transform_time_series_to_images:run_pipeline:86 - window_len=50, stride=50, resolution=64x64
2026-02-08 14:05:06.268 | INFO     | src.images.creators:create_png_image_dataset:126 - Running with n_workers: 15 for train=True set
2026-02-08 14:05:06.960 | INFO     | src.images.creators:create_png_image_dataset:126 - Running with n_workers: 15 for train=False set
2026-02-08 14:05:09.232 | INFO     | src.pipelines.transform_time_series_to_images:run_pipeline:166 - Saved metadata to /net/scratch/hscra/plgrid/plgsmendowski12/ts2i_images/IOPS/268_IOPS_id_9_WebService_tr_6216_1st_6316_ts2i_MWT_metadata.json
2026-02-08 14:05:09.607 | INFO     | src.pipelines.transform_time_series_to_images:run_pipeline:169 - Saved to /net/scratch/hscra/plgrid/plgsmendowski12/ts2i_images/IOPS/268_IOPS_id_9_WebService_tr_6216_1st_6316_ts2i_MWT.zip
2026-02-08 14:05:09.727 | INFO     | src.pipelines.transform_time_series_to_images:run_pipeline:68 - Transforming 268_IOPS_id_9_WebService_tr_6216_1st_6316 using SPIRAL
2026-02-08 14:05:09.729 | INFO     | src.pipelines.transform_time_series_to_images:run_pipeline:86 - window_len=50, stride=50, resolution=64x64
2026-02-08 14:05:09.729 | INFO     | src.images.creators:create_png_image_dataset:126 - Running with n_workers: 15 for train=True set
2026-02-08 14:05:10.265 | INFO     | src.images.creators:create_png_image_dataset:126 - Running with n_workers: 15 for train=False set
2026-02-08 14:05:11.655 | INFO     | src.pipelines.transform_time_series_to_images:run_pipeline:166 - Saved metadata to /net/scratch/hscra/plgrid/plgsmendowski12/ts2i_images/IOPS/268_IOPS_id_9_WebService_tr_6216_1st_6316_ts2i_SPIRAL_metadata.json
2026-02-08 14:05:12.004 | INFO     | src.pipelines.transform_time_series_to_images:run_pipeline:169 - Saved to /net/scratch/hscra/plgrid/plgsmendowski12/ts2i_images/IOPS/268_IOPS_id_9_WebService_tr_6216_1st_6316_ts2i_SPIRAL.zip
2026-02-08 14:05:12.123 | INFO     | src.pipelines.transform_time_series_to_images:run_pipeline:45 - Loading data from data/TSB-AD/TSB-AD-U/269_IOPS_id_10_WebService_tr_1216_1st_1728.csv
2026-02-08 14:05:12.129 | INFO     | src.time_series.loaders:load_tsb_ad_u:91 - Found optimal window_len=42
2026-02-08 14:05:12.130 | INFO     | src.pipelines.transform_time_series_to_images:run_pipeline:68 - Transforming 269_IOPS_id_10_WebService_tr_1216_1st_1728 using RN
2026-02-08 14:05:12.132 | INFO     | src.pipelines.transform_time_series_to_images:run_pipeline:86 - window_len=42, stride=42, resolution=64x64
2026-02-08 14:05:12.132 | INFO     | src.images.creators:create_png_image_dataset:126 - Running with n_workers: 15 for train=True set
2026-02-08 14:05:12.201 | INFO     | src.images.creators:create_png_image_dataset:126 - Running with n_workers: 15 for train=False set
2026-02-08 14:05:12.408 | INFO     | src.pipelines.transform_time_series_to_images:run_pipeline:166 - Saved metadata to /net/scratch/hscra/plgrid/plgsmendowski12/ts2i_images/IOPS/269_IOPS_id_10_WebService_tr_1216_1st_1728_ts2i_RN_metadata.json
2026-02-08 14:05:12.485 | INFO     | src.pipelines.transform_time_series_to_images:run_pipeline:169 - Saved to /net/scratch/hscra/plgrid/plgsmendowski12/ts2i_images/IOPS/269_IOPS_id_10_WebService_tr_1216_1st_1728_ts2i_RN.zip
2026-02-08 14:05:12.516 | INFO     | src.pipelines.transform_time_series_to_images:run_pipeline:68 - Transforming 269_IOPS_id_10_WebService_tr_1216_1st_1728 using SG
2026-02-08 14:05:12.518 | INFO     | src.pipelines.transform_time_series_to_images:run_pipeline:86 - window_len=42, stride=42, resolution=64x64
2026-02-08 14:05:12.518 | INFO     | src.images.creators:create_png_image_dataset:126 - Running with n_workers: 15 for train=True set
2026-02-08 14:05:12.572 | INFO     | src.images.creators:create_png_image_dataset:126 - Running with n_workers: 15 for train=False set
2026-02-08 14:05:12.741 | INFO     | src.pipelines.transform_time_series_to_images:run_pipeline:166 - Saved metadata to /net/scratch/hscra/plgrid/plgsmendowski12/ts2i_images/IOPS/269_IOPS_id_10_WebService_tr_1216_1st_1728_ts2i_SG_metadata.json
2026-02-08 14:05:12.802 | INFO     | src.pipelines.transform_time_series_to_images:run_pipeline:169 - Saved to /net/scratch/hscra/plgrid/plgsmendowski12/ts2i_images/IOPS/269_IOPS_id_10_WebService_tr_1216_1st_1728_ts2i_SG.zip
2026-02-08 14:05:12.832 | INFO     | src.pipelines.transform_time_series_to_images:run_pipeline:68 - Transforming 269_IOPS_id_10_WebService_tr_1216_1st_1728 using LP
2026-02-08 14:05:12.834 | INFO     | src.pipelines.transform_time_series_to_images:run_pipeline:86 - window_len=42, stride=42, resolution=64x64
2026-02-08 14:05:12.835 | INFO     | src.images.creators:create_png_image_dataset:126 - Running with n_workers: 15 for train=True set
2026-02-08 14:05:12.970 | INFO     | src.images.creators:create_png_image_dataset:126 - Running with n_workers: 15 for train=False set
2026-02-08 14:05:13.676 | INFO     | src.pipelines.transform_time_series_to_images:run_pipeline:166 - Saved metadata to /net/scratch/hscra/plgrid/plgsmendowski12/ts2i_images/IOPS/269_IOPS_id_10_WebService_tr_1216_1st_1728_ts2i_LP_metadata.json
2026-02-08 14:05:13.745 | INFO     | src.pipelines.transform_time_series_to_images:run_pipeline:169 - Saved to /net/scratch/hscra/plgrid/plgsmendowski12/ts2i_images/IOPS/269_IOPS_id_10_WebService_tr_1216_1st_1728_ts2i_LP.zip
2026-02-08 14:05:13.774 | INFO     | src.pipelines.transform_time_series_to_images:run_pipeline:68 - Transforming 269_IOPS_id_10_WebService_tr_1216_1st_1728 using GASF
2026-02-08 14:05:13.776 | INFO     | src.pipelines.transform_time_series_to_images:run_pipeline:86 - window_len=42, stride=42, resolution=64x64
2026-02-08 14:05:13.776 | INFO     | src.images.creators:create_png_image_dataset:126 - Running with n_workers: 15 for train=True set
2026-02-08 14:05:13.859 | INFO     | src.images.creators:create_png_image_dataset:126 - Running with n_workers: 15 for train=False set
2026-02-08 14:05:14.119 | INFO     | src.pipelines.transform_time_series_to_images:run_pipeline:166 - Saved metadata to /net/scratch/hscra/plgrid/plgsmendowski12/ts2i_images/IOPS/269_IOPS_id_10_WebService_tr_1216_1st_1728_ts2i_GASF_metadata.json
2026-02-08 14:05:14.196 | INFO     | src.pipelines.transform_time_series_to_images:run_pipeline:169 - Saved to /net/scratch/hscra/plgrid/plgsmendowski12/ts2i_images/IOPS/269_IOPS_id_10_WebService_tr_1216_1st_1728_ts2i_GASF.zip
2026-02-08 14:05:14.225 | INFO     | src.pipelines.transform_time_series_to_images:run_pipeline:68 - Transforming 269_IOPS_id_10_WebService_tr_1216_1st_1728 using GADF
2026-02-08 14:05:14.227 | INFO     | src.pipelines.transform_time_series_to_images:run_pipeline:86 - window_len=42, stride=42, resolution=64x64
2026-02-08 14:05:14.227 | INFO     | src.images.creators:create_png_image_dataset:126 - Running with n_workers: 15 for train=True set
2026-02-08 14:05:14.307 | INFO     | src.images.creators:create_png_image_dataset:126 - Running with n_workers: 15 for train=False set
2026-02-08 14:05:14.572 | INFO     | src.pipelines.transform_time_series_to_images:run_pipeline:166 - Saved metadata to /net/scratch/hscra/plgrid/plgsmendowski12/ts2i_images/IOPS/269_IOPS_id_10_WebService_tr_1216_1st_1728_ts2i_GADF_metadata.json
2026-02-08 14:05:14.650 | INFO     | src.pipelines.transform_time_series_to_images:run_pipeline:169 - Saved to /net/scratch/hscra/plgrid/plgsmendowski12/ts2i_images/IOPS/269_IOPS_id_10_WebService_tr_1216_1st_1728_ts2i_GADF.zip
2026-02-08 14:05:14.679 | INFO     | src.pipelines.transform_time_series_to_images:run_pipeline:68 - Transforming 269_IOPS_id_10_WebService_tr_1216_1st_1728 using MTF
2026-02-08 14:05:14.682 | INFO     | src.pipelines.transform_time_series_to_images:run_pipeline:86 - window_len=42, stride=42, resolution=64x64
2026-02-08 14:05:14.682 | INFO     | src.images.creators:create_png_image_dataset:126 - Running with n_workers: 15 for train=True set
2026-02-08 14:05:14.757 | INFO     | src.images.creators:create_png_image_dataset:126 - Running with n_workers: 15 for train=False set
2026-02-08 14:05:14.995 | INFO     | src.pipelines.transform_time_series_to_images:run_pipeline:166 - Saved metadata to /net/scratch/hscra/plgrid/plgsmendowski12/ts2i_images/IOPS/269_IOPS_id_10_WebService_tr_1216_1st_1728_ts2i_MTF_metadata.json
2026-02-08 14:05:15.072 | INFO     | src.pipelines.transform_time_series_to_images:run_pipeline:169 - Saved to /net/scratch/hscra/plgrid/plgsmendowski12/ts2i_images/IOPS/269_IOPS_id_10_WebService_tr_1216_1st_1728_ts2i_MTF.zip
2026-02-08 14:05:15.101 | INFO     | src.pipelines.transform_time_series_to_images:run_pipeline:68 - Transforming 269_IOPS_id_10_WebService_tr_1216_1st_1728 using RP
2026-02-08 14:05:15.103 | INFO     | src.pipelines.transform_time_series_to_images:run_pipeline:86 - window_len=42, stride=42, resolution=64x64
2026-02-08 14:05:15.103 | INFO     | src.images.creators:create_png_image_dataset:126 - Running with n_workers: 15 for train=True set
2026-02-08 14:05:15.169 | INFO     | src.images.creators:create_png_image_dataset:126 - Running with n_workers: 15 for train=False set
2026-02-08 14:05:15.376 | INFO     | src.pipelines.transform_time_series_to_images:run_pipeline:166 - Saved metadata to /net/scratch/hscra/plgrid/plgsmendowski12/ts2i_images/IOPS/269_IOPS_id_10_WebService_tr_1216_1st_1728_ts2i_RP_metadata.json
2026-02-08 14:05:15.451 | INFO     | src.pipelines.transform_time_series_to_images:run_pipeline:169 - Saved to /net/scratch/hscra/plgrid/plgsmendowski12/ts2i_images/IOPS/269_IOPS_id_10_WebService_tr_1216_1st_1728_ts2i_RP.zip
2026-02-08 14:05:15.482 | INFO     | src.pipelines.transform_time_series_to_images:run_pipeline:68 - Transforming 269_IOPS_id_10_WebService_tr_1216_1st_1728 using RWT
2026-02-08 14:05:15.484 | INFO     | src.pipelines.transform_time_series_to_images:run_pipeline:86 - window_len=42, stride=42, resolution=64x64
2026-02-08 14:05:15.484 | INFO     | src.images.creators:create_png_image_dataset:126 - Running with n_workers: 15 for train=True set
2026-02-08 14:05:15.574 | INFO     | src.images.creators:create_png_image_dataset:126 - Running with n_workers: 15 for train=False set
2026-02-08 14:05:15.849 | INFO     | src.pipelines.transform_time_series_to_images:run_pipeline:166 - Saved metadata to /net/scratch/hscra/plgrid/plgsmendowski12/ts2i_images/IOPS/269_IOPS_id_10_WebService_tr_1216_1st_1728_ts2i_RWT_metadata.json
2026-02-08 14:05:15.918 | INFO     | src.pipelines.transform_time_series_to_images:run_pipeline:169 - Saved to /net/scratch/hscra/plgrid/plgsmendowski12/ts2i_images/IOPS/269_IOPS_id_10_WebService_tr_1216_1st_1728_ts2i_RWT.zip
2026-02-08 14:05:15.946 | INFO     | src.pipelines.transform_time_series_to_images:run_pipeline:68 - Transforming 269_IOPS_id_10_WebService_tr_1216_1st_1728 using MWT
2026-02-08 14:05:15.948 | INFO     | src.pipelines.transform_time_series_to_images:run_pipeline:86 - window_len=42, stride=42, resolution=64x64
2026-02-08 14:05:15.949 | INFO     | src.images.creators:create_png_image_dataset:126 - Running with n_workers: 15 for train=True set
2026-02-08 14:05:16.036 | INFO     | src.images.creators:create_png_image_dataset:126 - Running with n_workers: 15 for train=False set
2026-02-08 14:05:16.309 | INFO     | src.pipelines.transform_time_series_to_images:run_pipeline:166 - Saved metadata to /net/scratch/hscra/plgrid/plgsmendowski12/ts2i_images/IOPS/269_IOPS_id_10_WebService_tr_1216_1st_1728_ts2i_MWT_metadata.json
2026-02-08 14:05:16.382 | INFO     | src.pipelines.transform_time_series_to_images:run_pipeline:169 - Saved to /net/scratch/hscra/plgrid/plgsmendowski12/ts2i_images/IOPS/269_IOPS_id_10_WebService_tr_1216_1st_1728_ts2i_MWT.zip
2026-02-08 14:05:16.413 | INFO     | src.pipelines.transform_time_series_to_images:run_pipeline:68 - Transforming 269_IOPS_id_10_WebService_tr_1216_1st_1728 using SPIRAL
2026-02-08 14:05:16.415 | INFO     | src.pipelines.transform_time_series_to_images:run_pipeline:86 - window_len=42, stride=42, resolution=64x64
2026-02-08 14:05:16.415 | INFO     | src.images.creators:create_png_image_dataset:126 - Running with n_workers: 15 for train=True set
2026-02-08 14:05:16.478 | INFO     | src.images.creators:create_png_image_dataset:126 - Running with n_workers: 15 for train=False set
2026-02-08 14:05:16.675 | INFO     | src.pipelines.transform_time_series_to_images:run_pipeline:166 - Saved metadata to /net/scratch/hscra/plgrid/plgsmendowski12/ts2i_images/IOPS/269_IOPS_id_10_WebService_tr_1216_1st_1728_ts2i_SPIRAL_metadata.json
2026-02-08 14:05:16.743 | INFO     | src.pipelines.transform_time_series_to_images:run_pipeline:169 - Saved to /net/scratch/hscra/plgrid/plgsmendowski12/ts2i_images/IOPS/269_IOPS_id_10_WebService_tr_1216_1st_1728_ts2i_SPIRAL.zip
2026-02-08 14:05:16.774 | INFO     | src.pipelines.transform_time_series_to_images:run_pipeline:45 - Loading data from data/TSB-AD/TSB-AD-U/271_IOPS_id_12_WebService_tr_500_1st_341.csv
2026-02-08 14:05:16.780 | INFO     | src.time_series.loaders:load_tsb_ad_u:91 - Found optimal window_len=55
2026-02-08 14:05:16.780 | INFO     | src.pipelines.transform_time_series_to_images:run_pipeline:68 - Transforming 271_IOPS_id_12_WebService_tr_500_1st_341 using RN
2026-02-08 14:05:16.783 | INFO     | src.pipelines.transform_time_series_to_images:run_pipeline:86 - window_len=55, stride=55, resolution=64x64
2026-02-08 14:05:16.783 | INFO     | src.images.creators:create_png_image_dataset:126 - Running with n_workers: 15 for train=True set
2026-02-08 14:05:16.802 | INFO     | src.images.creators:create_png_image_dataset:126 - Running with n_workers: 15 for train=False set
2026-02-08 14:05:17.430 | INFO     | src.pipelines.transform_time_series_to_images:run_pipeline:166 - Saved metadata to /net/scratch/hscra/plgrid/plgsmendowski12/ts2i_images/IOPS/271_IOPS_id_12_WebService_tr_500_1st_341_ts2i_RN_metadata.json
2026-02-08 14:05:17.540 | INFO     | src.pipelines.transform_time_series_to_images:run_pipeline:169 - Saved to /net/scratch/hscra/plgrid/plgsmendowski12/ts2i_images/IOPS/271_IOPS_id_12_WebService_tr_500_1st_341_ts2i_RN.zip
2026-02-08 14:05:17.577 | INFO     | src.pipelines.transform_time_series_to_images:run_pipeline:68 - Transforming 271_IOPS_id_12_WebService_tr_500_1st_341 using SG
2026-02-08 14:05:17.579 | INFO     | src.pipelines.transform_time_series_to_images:run_pipeline:86 - window_len=55, stride=55, resolution=64x64
2026-02-08 14:05:17.579 | INFO     | src.images.creators:create_png_image_dataset:126 - Running with n_workers: 15 for train=True set
2026-02-08 14:05:17.595 | INFO     | src.images.creators:create_png_image_dataset:126 - Running with n_workers: 15 for train=False set
2026-02-08 14:05:18.158 | INFO     | src.pipelines.transform_time_series_to_images:run_pipeline:166 - Saved metadata to /net/scratch/hscra/plgrid/plgsmendowski12/ts2i_images/IOPS/271_IOPS_id_12_WebService_tr_500_1st_341_ts2i_SG_metadata.json
2026-02-08 14:05:18.255 | INFO     | src.pipelines.transform_time_series_to_images:run_pipeline:169 - Saved to /net/scratch/hscra/plgrid/plgsmendowski12/ts2i_images/IOPS/271_IOPS_id_12_WebService_tr_500_1st_341_ts2i_SG.zip
2026-02-08 14:05:18.293 | INFO     | src.pipelines.transform_time_series_to_images:run_pipeline:68 - Transforming 271_IOPS_id_12_WebService_tr_500_1st_341 using LP
2026-02-08 14:05:18.295 | INFO     | src.pipelines.transform_time_series_to_images:run_pipeline:86 - window_len=55, stride=55, resolution=64x64
2026-02-08 14:05:18.296 | INFO     | src.images.creators:create_png_image_dataset:126 - Running with n_workers: 15 for train=True set
2026-02-08 14:05:18.345 | INFO     | src.images.creators:create_png_image_dataset:126 - Running with n_workers: 15 for train=False set
2026-02-08 14:05:19.544 | INFO     | src.pipelines.transform_time_series_to_images:run_pipeline:166 - Saved metadata to /net/scratch/hscra/plgrid/plgsmendowski12/ts2i_images/IOPS/271_IOPS_id_12_WebService_tr_500_1st_341_ts2i_LP_metadata.json
2026-02-08 14:05:19.657 | INFO     | src.pipelines.transform_time_series_to_images:run_pipeline:169 - Saved to /net/scratch/hscra/plgrid/plgsmendowski12/ts2i_images/IOPS/271_IOPS_id_12_WebService_tr_500_1st_341_ts2i_LP.zip
2026-02-08 14:05:19.692 | INFO     | src.pipelines.transform_time_series_to_images:run_pipeline:68 - Transforming 271_IOPS_id_12_WebService_tr_500_1st_341 using GASF
2026-02-08 14:05:19.694 | INFO     | src.pipelines.transform_time_series_to_images:run_pipeline:86 - window_len=55, stride=55, resolution=64x64
2026-02-08 14:05:19.694 | INFO     | src.images.creators:create_png_image_dataset:126 - Running with n_workers: 15 for train=True set
2026-02-08 14:05:19.718 | INFO     | src.images.creators:create_png_image_dataset:126 - Running with n_workers: 15 for train=False set
2026-02-08 14:05:20.451 | INFO     | src.pipelines.transform_time_series_to_images:run_pipeline:166 - Saved metadata to /net/scratch/hscra/plgrid/plgsmendowski12/ts2i_images/IOPS/271_IOPS_id_12_WebService_tr_500_1st_341_ts2i_GASF_metadata.json
2026-02-08 14:05:20.560 | INFO     | src.pipelines.transform_time_series_to_images:run_pipeline:169 - Saved to /net/scratch/hscra/plgrid/plgsmendowski12/ts2i_images/IOPS/271_IOPS_id_12_WebService_tr_500_1st_341_ts2i_GASF.zip
2026-02-08 14:05:20.596 | INFO     | src.pipelines.transform_time_series_to_images:run_pipeline:68 - Transforming 271_IOPS_id_12_WebService_tr_500_1st_341 using GADF
2026-02-08 14:05:20.599 | INFO     | src.pipelines.transform_time_series_to_images:run_pipeline:86 - window_len=55, stride=55, resolution=64x64
2026-02-08 14:05:20.599 | INFO     | src.images.creators:create_png_image_dataset:126 - Running with n_workers: 15 for train=True set
2026-02-08 14:05:20.624 | INFO     | src.images.creators:create_png_image_dataset:126 - Running with n_workers: 15 for train=False set
2026-02-08 14:05:21.359 | INFO     | src.pipelines.transform_time_series_to_images:run_pipeline:166 - Saved metadata to /net/scratch/hscra/plgrid/plgsmendowski12/ts2i_images/IOPS/271_IOPS_id_12_WebService_tr_500_1st_341_ts2i_GADF_metadata.json
2026-02-08 14:05:21.463 | INFO     | src.pipelines.transform_time_series_to_images:run_pipeline:169 - Saved to /net/scratch/hscra/plgrid/plgsmendowski12/ts2i_images/IOPS/271_IOPS_id_12_WebService_tr_500_1st_341_ts2i_GADF.zip
2026-02-08 14:05:21.499 | INFO     | src.pipelines.transform_time_series_to_images:run_pipeline:68 - Transforming 271_IOPS_id_12_WebService_tr_500_1st_341 using MTF
2026-02-08 14:05:21.502 | INFO     | src.pipelines.transform_time_series_to_images:run_pipeline:86 - window_len=55, stride=55, resolution=64x64
2026-02-08 14:05:21.502 | INFO     | src.images.creators:create_png_image_dataset:126 - Running with n_workers: 15 for train=True set
2026-02-08 14:05:22.376 | INFO     | src.images.creators:create_png_image_dataset:126 - Running with n_workers: 15 for train=False set
2026-02-08 14:05:23.106 | INFO     | src.pipelines.transform_time_series_to_images:run_pipeline:166 - Saved metadata to /net/scratch/hscra/plgrid/plgsmendowski12/ts2i_images/IOPS/271_IOPS_id_12_WebService_tr_500_1st_341_ts2i_MTF_metadata.json
2026-02-08 14:05:23.209 | INFO     | src.pipelines.transform_time_series_to_images:run_pipeline:169 - Saved to /net/scratch/hscra/plgrid/plgsmendowski12/ts2i_images/IOPS/271_IOPS_id_12_WebService_tr_500_1st_341_ts2i_MTF.zip
2026-02-08 14:05:23.246 | INFO     | src.pipelines.transform_time_series_to_images:run_pipeline:68 - Transforming 271_IOPS_id_12_WebService_tr_500_1st_341 using RP
2026-02-08 14:05:23.248 | INFO     | src.pipelines.transform_time_series_to_images:run_pipeline:86 - window_len=55, stride=55, resolution=64x64
2026-02-08 14:05:23.248 | INFO     | src.images.creators:create_png_image_dataset:126 - Running with n_workers: 15 for train=True set
2026-02-08 14:05:23.266 | INFO     | src.images.creators:create_png_image_dataset:126 - Running with n_workers: 15 for train=False set
2026-02-08 14:05:24.125 | INFO     | src.pipelines.transform_time_series_to_images:run_pipeline:166 - Saved metadata to /net/scratch/hscra/plgrid/plgsmendowski12/ts2i_images/IOPS/271_IOPS_id_12_WebService_tr_500_1st_341_ts2i_RP_metadata.json
2026-02-08 14:05:24.210 | INFO     | src.pipelines.transform_time_series_to_images:run_pipeline:169 - Saved to /net/scratch/hscra/plgrid/plgsmendowski12/ts2i_images/IOPS/271_IOPS_id_12_WebService_tr_500_1st_341_ts2i_RP.zip
2026-02-08 14:05:24.246 | INFO     | src.pipelines.transform_time_series_to_images:run_pipeline:68 - Transforming 271_IOPS_id_12_WebService_tr_500_1st_341 using RWT
2026-02-08 14:05:24.248 | INFO     | src.pipelines.transform_time_series_to_images:run_pipeline:86 - window_len=55, stride=55, resolution=64x64
2026-02-08 14:05:24.248 | INFO     | src.images.creators:create_png_image_dataset:126 - Running with n_workers: 15 for train=True set
2026-02-08 14:05:24.276 | INFO     | src.images.creators:create_png_image_dataset:126 - Running with n_workers: 15 for train=False set
2026-02-08 14:05:25.126 | INFO     | src.pipelines.transform_time_series_to_images:run_pipeline:166 - Saved metadata to /net/scratch/hscra/plgrid/plgsmendowski12/ts2i_images/IOPS/271_IOPS_id_12_WebService_tr_500_1st_341_ts2i_RWT_metadata.json
2026-02-08 14:05:25.222 | INFO     | src.pipelines.transform_time_series_to_images:run_pipeline:169 - Saved to /net/scratch/hscra/plgrid/plgsmendowski12/ts2i_images/IOPS/271_IOPS_id_12_WebService_tr_500_1st_341_ts2i_RWT.zip
2026-02-08 14:05:25.260 | INFO     | src.pipelines.transform_time_series_to_images:run_pipeline:68 - Transforming 271_IOPS_id_12_WebService_tr_500_1st_341 using MWT
2026-02-08 14:05:25.262 | INFO     | src.pipelines.transform_time_series_to_images:run_pipeline:86 - window_len=55, stride=55, resolution=64x64
2026-02-08 14:05:25.262 | INFO     | src.images.creators:create_png_image_dataset:126 - Running with n_workers: 15 for train=True set
2026-02-08 14:05:25.291 | INFO     | src.images.creators:create_png_image_dataset:126 - Running with n_workers: 15 for train=False set
2026-02-08 14:05:26.093 | INFO     | src.pipelines.transform_time_series_to_images:run_pipeline:166 - Saved metadata to /net/scratch/hscra/plgrid/plgsmendowski12/ts2i_images/IOPS/271_IOPS_id_12_WebService_tr_500_1st_341_ts2i_MWT_metadata.json
2026-02-08 14:05:26.197 | INFO     | src.pipelines.transform_time_series_to_images:run_pipeline:169 - Saved to /net/scratch/hscra/plgrid/plgsmendowski12/ts2i_images/IOPS/271_IOPS_id_12_WebService_tr_500_1st_341_ts2i_MWT.zip
2026-02-08 14:05:26.235 | INFO     | src.pipelines.transform_time_series_to_images:run_pipeline:68 - Transforming 271_IOPS_id_12_WebService_tr_500_1st_341 using SPIRAL
2026-02-08 14:05:26.237 | INFO     | src.pipelines.transform_time_series_to_images:run_pipeline:86 - window_len=55, stride=55, resolution=64x64
2026-02-08 14:05:26.237 | INFO     | src.images.creators:create_png_image_dataset:126 - Running with n_workers: 15 for train=True set
2026-02-08 14:05:26.256 | INFO     | src.images.creators:create_png_image_dataset:126 - Running with n_workers: 15 for train=False set
2026-02-08 14:05:26.863 | INFO     | src.pipelines.transform_time_series_to_images:run_pipeline:166 - Saved metadata to /net/scratch/hscra/plgrid/plgsmendowski12/ts2i_images/IOPS/271_IOPS_id_12_WebService_tr_500_1st_341_ts2i_SPIRAL_metadata.json
2026-02-08 14:05:26.960 | INFO     | src.pipelines.transform_time_series_to_images:run_pipeline:169 - Saved to /net/scratch/hscra/plgrid/plgsmendowski12/ts2i_images/IOPS/271_IOPS_id_12_WebService_tr_500_1st_341_ts2i_SPIRAL.zip
warning: Using incompatible environment (`/net/scratch/hscra/plgrid/plgsmendowski12/.venv_ts2img`) due to `--no-sync` (The project environment's Python version does not satisfy the request: `Python 3.10.13`)
2026-02-08 14:05:37.346 | INFO     | src.pipelines.train_vision_backbones:run_pipeline:39 - Loading configuration from configs/default.yaml
2026-02-08 14:05:37.367 | INFO     | src.pipelines.train_vision_backbones:run_pipeline:70 - Using zip: /net/scratch/hscra/plgrid/plgsmendowski12/ts2i_images/IOPS/266_IOPS_id_7_WebService_tr_4010_1st_4110_ts2i_RN.zip for transformation RN
2026-02-08 14:05:39.732 | INFO     | src.pipelines.train_vision_backbones:run_pipeline:170 - Train images: 64
2026-02-08 14:05:39.733 | INFO     | src.pipelines.train_vision_backbones:run_pipeline:171 - Test images: 1702
2026-02-08 14:05:39.744 | INFO     | src.pipelines.train_vision_backbones:run_pipeline:176 - Training cnn_autoencoder on RN
2026-02-08 14:05:40.384 | INFO     | src.models.cnn_autoencoder.training:train_autoencoder:22 - Device: cuda | Model on: cuda:0
2026-02-08 14:05:50.136 | INFO     | src.pipelines.train_vision_backbones:run_pipeline:193 - Evaluating cnn_autoencoder on RN
2026-02-08 14:05:51.518 | INFO     | src.models.evaluation:evaluate_tsb_ad_nonoverlapping:65 - Normal (83689) reconstruction error: mean=0.5017, std=0.1937
2026-02-08 14:05:51.518 | INFO     | src.models.evaluation:evaluate_tsb_ad_nonoverlapping:66 - Anomaly (1456) reconstruction error: mean=0.4313, std=0.1531
2026-02-08 14:05:51.518 | INFO     | src.models.evaluation:evaluate_tsb_ad_nonoverlapping:67 - Overlap? Normal max=1.0000, Anomaly min=0.1814
2026-02-08 14:06:12.308 | INFO     | src.models.evaluation:evaluate_tsb_ad_nonoverlapping:83 - {'AUC-PR': 0.013831605339563055, 'AUC-ROC': 0.39277002019118673, 'VUS-PR': np.float64(0.01584662986742357), 'VUS-ROC': np.float64(0.3249072319129561), 'Standard-F1': np.float64(0.03483177698157675), 'PA-F1': 0.13038710384910626, 'Event-based-F1': np.float64(0.034522412300980396), 'R-based-F1': 0.02873814960661384, 'Affiliation-F': 0.670240981218066}
2026-02-08 14:06:12.460 | INFO     | src.pipelines.train_vision_backbones:run_pipeline:170 - Train images: 64
2026-02-08 14:06:12.460 | INFO     | src.pipelines.train_vision_backbones:run_pipeline:171 - Test images: 1702
2026-02-08 14:06:12.738 | INFO     | src.pipelines.train_vision_backbones:run_pipeline:176 - Training resnet18_autoencoder_frozen on RN
2026-02-08 14:06:12.752 | INFO     | src.models.resnet18_autoencoder.training:train_autoencoder_frozen:25 - Device: cuda | Model on: cuda:0
2026-02-08 14:06:26.278 | INFO     | src.pipelines.train_vision_backbones:run_pipeline:193 - Evaluating resnet18_autoencoder_frozen on RN
2026-02-08 14:06:27.801 | INFO     | src.models.evaluation:evaluate_tsb_ad_nonoverlapping:65 - Normal (83689) reconstruction error: mean=0.4532, std=0.1936
2026-02-08 14:06:27.801 | INFO     | src.models.evaluation:evaluate_tsb_ad_nonoverlapping:66 - Anomaly (1456) reconstruction error: mean=0.4177, std=0.1710
2026-02-08 14:06:27.801 | INFO     | src.models.evaluation:evaluate_tsb_ad_nonoverlapping:67 - Overlap? Normal max=1.0000, Anomaly min=0.0451
2026-02-08 14:06:47.361 | INFO     | src.models.evaluation:evaluate_tsb_ad_nonoverlapping:83 - {'AUC-PR': 0.016664275453990296, 'AUC-ROC': 0.46355587320349717, 'VUS-PR': np.float64(0.01795673748720396), 'VUS-ROC': np.float64(0.36315331765663617), 'Standard-F1': np.float64(0.035857151186726305), 'PA-F1': 0.10009365488176071, 'Event-based-F1': np.float64(0.03606605576517856), 'R-based-F1': 0.03100709854219417, 'Affiliation-F': 0.669443704109958}
2026-02-08 14:06:47.517 | INFO     | src.pipelines.train_vision_backbones:run_pipeline:170 - Train images: 64
2026-02-08 14:06:47.517 | INFO     | src.pipelines.train_vision_backbones:run_pipeline:171 - Test images: 1702
2026-02-08 14:06:47.728 | INFO     | src.pipelines.train_vision_backbones:run_pipeline:176 - Training resnet18_autoencoder_progressive_unfreeze on RN
2026-02-08 14:06:47.741 | INFO     | src.models.resnet18_autoencoder.training:train_autoencoder_progressive_unfreeze:133 - Device: cuda | Model on: cuda:0
2026-02-08 14:06:59.163 | INFO     | src.pipelines.train_vision_backbones:run_pipeline:193 - Evaluating resnet18_autoencoder_progressive_unfreeze on RN
2026-02-08 14:07:00.648 | INFO     | src.models.evaluation:evaluate_tsb_ad_nonoverlapping:65 - Normal (83689) reconstruction error: mean=0.4513, std=0.1917
2026-02-08 14:07:00.648 | INFO     | src.models.evaluation:evaluate_tsb_ad_nonoverlapping:66 - Anomaly (1456) reconstruction error: mean=0.3972, std=0.1785
2026-02-08 14:07:00.648 | INFO     | src.models.evaluation:evaluate_tsb_ad_nonoverlapping:67 - Overlap? Normal max=1.0000, Anomaly min=0.0000
2026-02-08 14:07:20.034 | INFO     | src.models.evaluation:evaluate_tsb_ad_nonoverlapping:83 - {'AUC-PR': 0.015346548446846313, 'AUC-ROC': 0.4379292449058189, 'VUS-PR': np.float64(0.01706543759950436), 'VUS-ROC': np.float64(0.34007575818983654), 'Standard-F1': np.float64(0.03860116168130913), 'PA-F1': 0.08734358771452594, 'Event-based-F1': np.float64(0.03805722610261308), 'R-based-F1': 0.06965167200612853, 'Affiliation-F': 0.6697977651632016}
2026-02-08 14:07:20.189 | INFO     | src.pipelines.train_vision_backbones:run_pipeline:170 - Train images: 64
2026-02-08 14:07:20.189 | INFO     | src.pipelines.train_vision_backbones:run_pipeline:171 - Test images: 1702
2026-02-08 14:07:20.400 | INFO     | src.pipelines.train_vision_backbones:run_pipeline:176 - Training resnet18_autoencoder_differential_lr on RN
2026-02-08 14:07:20.413 | INFO     | src.models.resnet18_autoencoder.training:train_autoencoder_differential_lr:271 - Device: cuda | Model on: cuda:0
2026-02-08 14:07:33.504 | INFO     | src.pipelines.train_vision_backbones:run_pipeline:193 - Evaluating resnet18_autoencoder_differential_lr on RN
2026-02-08 14:07:34.956 | INFO     | src.models.evaluation:evaluate_tsb_ad_nonoverlapping:65 - Normal (83689) reconstruction error: mean=0.4711, std=0.1950
2026-02-08 14:07:34.956 | INFO     | src.models.evaluation:evaluate_tsb_ad_nonoverlapping:66 - Anomaly (1456) reconstruction error: mean=0.4359, std=0.1869
2026-02-08 14:07:34.956 | INFO     | src.models.evaluation:evaluate_tsb_ad_nonoverlapping:67 - Overlap? Normal max=1.0000, Anomaly min=0.0094
2026-02-08 14:07:55.088 | INFO     | src.models.evaluation:evaluate_tsb_ad_nonoverlapping:83 - {'AUC-PR': 0.01719324031776811, 'AUC-ROC': 0.46688624707988075, 'VUS-PR': np.float64(0.017960830826754), 'VUS-ROC': np.float64(0.36349141850808847), 'Standard-F1': np.float64(0.043252893334006816), 'PA-F1': 0.14938583815028902, 'Event-based-F1': np.float64(0.041200655218424004), 'R-based-F1': 0.038583727558699536, 'Affiliation-F': 0.669491670173553}
2026-02-08 14:07:55.240 | INFO     | src.pipelines.train_vision_backbones:run_pipeline:170 - Train images: 64
2026-02-08 14:07:55.240 | INFO     | src.pipelines.train_vision_backbones:run_pipeline:171 - Test images: 1702
2026-02-08 14:07:56.282 | INFO     | src.pipelines.train_vision_backbones:run_pipeline:176 - Training pvt_autoencoder_frozen on RN
2026-02-08 14:07:56.304 | INFO     | src.models.pvt_autoencoder.training:train_pvt_autoencoder_frozen:24 - Device: cuda | Model on: cuda:0
2026-02-08 14:08:17.663 | INFO     | src.pipelines.train_vision_backbones:run_pipeline:193 - Evaluating pvt_autoencoder_frozen on RN
2026-02-08 14:08:18.674 | INFO     | src.models.evaluation:evaluate_tsb_ad_nonoverlapping:65 - Normal (83689) reconstruction error: mean=0.4939, std=0.1815
2026-02-08 14:08:18.674 | INFO     | src.models.evaluation:evaluate_tsb_ad_nonoverlapping:66 - Anomaly (1456) reconstruction error: mean=0.4647, std=0.1855
2026-02-08 14:08:18.674 | INFO     | src.models.evaluation:evaluate_tsb_ad_nonoverlapping:67 - Overlap? Normal max=1.0000, Anomaly min=0.0000
2026-02-08 14:08:39.301 | INFO     | src.models.evaluation:evaluate_tsb_ad_nonoverlapping:83 - {'AUC-PR': 0.017865096383347063, 'AUC-ROC': 0.48530432826980163, 'VUS-PR': np.float64(0.018523433944359464), 'VUS-ROC': np.float64(0.3674625238478283), 'Standard-F1': np.float64(0.039372792292612493), 'PA-F1': 0.09897879025923016, 'Event-based-F1': np.float64(0.039093832254058096), 'R-based-F1': 0.06965167200612853, 'Affiliation-F': 0.669491670173553}
2026-02-08 14:08:39.454 | INFO     | src.pipelines.train_vision_backbones:run_pipeline:170 - Train images: 64
2026-02-08 14:08:39.454 | INFO     | src.pipelines.train_vision_backbones:run_pipeline:171 - Test images: 1702
2026-02-08 14:08:40.390 | INFO     | src.pipelines.train_vision_backbones:run_pipeline:176 - Training pvt_autoencoder_progressive_unfreeze on RN
2026-02-08 14:08:40.415 | INFO     | src.models.pvt_autoencoder.training:train_pvt_autoencoder_progressive_unfreeze:132 - Device: cuda | Model on: cuda:0
2026-02-08 14:08:57.938 | INFO     | src.pipelines.train_vision_backbones:run_pipeline:193 - Evaluating pvt_autoencoder_progressive_unfreeze on RN
2026-02-08 14:09:02.767 | INFO     | src.models.evaluation:evaluate_tsb_ad_nonoverlapping:65 - Normal (83689) reconstruction error: mean=0.4638, std=0.1866
2026-02-08 14:09:02.767 | INFO     | src.models.evaluation:evaluate_tsb_ad_nonoverlapping:66 - Anomaly (1456) reconstruction error: mean=0.4286, std=0.1778
2026-02-08 14:09:02.768 | INFO     | src.models.evaluation:evaluate_tsb_ad_nonoverlapping:67 - Overlap? Normal max=1.0000, Anomaly min=0.0000
2026-02-08 14:09:22.360 | INFO     | src.models.evaluation:evaluate_tsb_ad_nonoverlapping:83 - {'AUC-PR': 0.017077270782294623, 'AUC-ROC': 0.47391720050910624, 'VUS-PR': np.float64(0.018202105355881106), 'VUS-ROC': np.float64(0.36172944734862156), 'Standard-F1': np.float64(0.040485540262235664), 'PA-F1': 0.11796475270039795, 'Event-based-F1': np.float64(0.0404244576439782), 'R-based-F1': 0.06965167200612853, 'Affiliation-F': 0.6692343089961593}
2026-02-08 14:09:22.520 | INFO     | src.pipelines.train_vision_backbones:run_pipeline:170 - Train images: 64
2026-02-08 14:09:22.520 | INFO     | src.pipelines.train_vision_backbones:run_pipeline:171 - Test images: 1702
2026-02-08 14:09:23.486 | INFO     | src.pipelines.train_vision_backbones:run_pipeline:176 - Training pvt_autoencoder_differential_lr on RN
2026-02-08 14:09:23.510 | INFO     | src.models.pvt_autoencoder.training:train_pvt_autoencoder_differential_lr:267 - Device: cuda | Model on: cuda:0
2026-02-08 14:09:47.593 | INFO     | src.pipelines.train_vision_backbones:run_pipeline:193 - Evaluating pvt_autoencoder_differential_lr on RN
2026-02-08 14:09:52.276 | INFO     | src.models.evaluation:evaluate_tsb_ad_nonoverlapping:65 - Normal (83689) reconstruction error: mean=0.4709, std=0.1843
2026-02-08 14:09:52.276 | INFO     | src.models.evaluation:evaluate_tsb_ad_nonoverlapping:66 - Anomaly (1456) reconstruction error: mean=0.4351, std=0.1799
2026-02-08 14:09:52.276 | INFO     | src.models.evaluation:evaluate_tsb_ad_nonoverlapping:67 - Overlap? Normal max=1.0000, Anomaly min=0.0000
2026-02-08 14:10:12.116 | INFO     | src.models.evaluation:evaluate_tsb_ad_nonoverlapping:83 - {'AUC-PR': 0.0168612438980177, 'AUC-ROC': 0.4677232106337186, 'VUS-PR': np.float64(0.018016886801800018), 'VUS-ROC': np.float64(0.356292442411497), 'Standard-F1': np.float64(0.03919761125829055), 'PA-F1': 0.10621628564089391, 'Event-based-F1': np.float64(0.03757197101347931), 'R-based-F1': 0.06965167200612853, 'Affiliation-F': 0.6700941923384771}
2026-02-08 14:10:12.886 | INFO     | src.pipelines.train_vision_backbones:run_pipeline:70 - Using zip: /net/scratch/hscra/plgrid/plgsmendowski12/ts2i_images/IOPS/266_IOPS_id_7_WebService_tr_4010_1st_4110_ts2i_LP.zip for transformation LP
2026-02-08 14:10:15.195 | INFO     | src.pipelines.train_vision_backbones:run_pipeline:170 - Train images: 64
2026-02-08 14:10:15.195 | INFO     | src.pipelines.train_vision_backbones:run_pipeline:171 - Test images: 1702
2026-02-08 14:10:15.202 | INFO     | src.pipelines.train_vision_backbones:run_pipeline:176 - Training cnn_autoencoder on LP
2026-02-08 14:10:15.206 | INFO     | src.models.cnn_autoencoder.training:train_autoencoder:22 - Device: cuda | Model on: cuda:0
2026-02-08 14:10:37.404 | INFO     | src.pipelines.train_vision_backbones:run_pipeline:193 - Evaluating cnn_autoencoder on LP
2026-02-08 14:10:38.717 | INFO     | src.models.evaluation:evaluate_tsb_ad_nonoverlapping:65 - Normal (83689) reconstruction error: mean=0.2020, std=0.1043
2026-02-08 14:10:38.717 | INFO     | src.models.evaluation:evaluate_tsb_ad_nonoverlapping:66 - Anomaly (1456) reconstruction error: mean=0.6804, std=0.2441
2026-02-08 14:10:38.717 | INFO     | src.models.evaluation:evaluate_tsb_ad_nonoverlapping:67 - Overlap? Normal max=1.0000, Anomaly min=0.0785
2026-02-08 14:10:50.357 | INFO     | src.models.evaluation:evaluate_tsb_ad_nonoverlapping:83 - {'AUC-PR': 0.41604749170872507, 'AUC-ROC': 0.9465581557254297, 'VUS-PR': np.float64(0.12824867198981738), 'VUS-ROC': np.float64(0.7181999991010074), 'Standard-F1': np.float64(0.5687122886323435), 'PA-F1': 0.7748410839745734, 'Event-based-F1': np.float64(0.22832360517820413), 'R-based-F1': 0.1962088924774899, 'Affiliation-F': 0.7035286973087469}
2026-02-08 14:10:50.512 | INFO     | src.pipelines.train_vision_backbones:run_pipeline:170 - Train images: 64
2026-02-08 14:10:50.512 | INFO     | src.pipelines.train_vision_backbones:run_pipeline:171 - Test images: 1702
2026-02-08 14:10:50.725 | INFO     | src.pipelines.train_vision_backbones:run_pipeline:176 - Training resnet18_autoencoder_frozen on LP
2026-02-08 14:10:50.739 | INFO     | src.models.resnet18_autoencoder.training:train_autoencoder_frozen:25 - Device: cuda | Model on: cuda:0
2026-02-08 14:11:17.038 | INFO     | src.pipelines.train_vision_backbones:run_pipeline:193 - Evaluating resnet18_autoencoder_frozen on LP
2026-02-08 14:11:18.484 | INFO     | src.models.evaluation:evaluate_tsb_ad_nonoverlapping:65 - Normal (83689) reconstruction error: mean=0.2851, std=0.0944
2026-02-08 14:11:18.484 | INFO     | src.models.evaluation:evaluate_tsb_ad_nonoverlapping:66 - Anomaly (1456) reconstruction error: mean=0.1870, std=0.2529
2026-02-08 14:11:18.485 | INFO     | src.models.evaluation:evaluate_tsb_ad_nonoverlapping:67 - Overlap? Normal max=1.0000, Anomaly min=0.0000
2026-02-08 14:11:32.310 | INFO     | src.models.evaluation:evaluate_tsb_ad_nonoverlapping:83 - {'AUC-PR': 0.06932352602383984, 'AUC-ROC': 0.27492188340164175, 'VUS-PR': np.float64(0.032311013925259036), 'VUS-ROC': np.float64(0.29178755683122615), 'Standard-F1': np.float64(0.17382032535796765), 'PA-F1': 0.18694362017804153, 'Event-based-F1': np.float64(0.2500821341743868), 'R-based-F1': 0.30803549001215885, 'Affiliation-F': 0.7026918468356723}
2026-02-08 14:11:32.465 | INFO     | src.pipelines.train_vision_backbones:run_pipeline:170 - Train images: 64
2026-02-08 14:11:32.465 | INFO     | src.pipelines.train_vision_backbones:run_pipeline:171 - Test images: 1702
2026-02-08 14:11:32.676 | INFO     | src.pipelines.train_vision_backbones:run_pipeline:176 - Training resnet18_autoencoder_progressive_unfreeze on LP
2026-02-08 14:11:32.689 | INFO     | src.models.resnet18_autoencoder.training:train_autoencoder_progressive_unfreeze:133 - Device: cuda | Model on: cuda:0
2026-02-08 14:12:02.404 | INFO     | src.pipelines.train_vision_backbones:run_pipeline:193 - Evaluating resnet18_autoencoder_progressive_unfreeze on LP
2026-02-08 14:12:03.829 | INFO     | src.models.evaluation:evaluate_tsb_ad_nonoverlapping:65 - Normal (83689) reconstruction error: mean=0.2381, std=0.0867
2026-02-08 14:12:03.829 | INFO     | src.models.evaluation:evaluate_tsb_ad_nonoverlapping:66 - Anomaly (1456) reconstruction error: mean=0.1873, std=0.2238
2026-02-08 14:12:03.829 | INFO     | src.models.evaluation:evaluate_tsb_ad_nonoverlapping:67 - Overlap? Normal max=1.0000, Anomaly min=0.0004
2026-02-08 14:12:16.238 | INFO     | src.models.evaluation:evaluate_tsb_ad_nonoverlapping:83 - {'AUC-PR': 0.06746332595561022, 'AUC-ROC': 0.3081583269638151, 'VUS-PR': np.float64(0.02643761722604741), 'VUS-ROC': np.float64(0.27197970278753936), 'Standard-F1': np.float64(0.17164693061565958), 'PA-F1': 0.17576174901015665, 'Event-based-F1': np.float64(0.2251475261007713), 'R-based-F1': 0.299507061226104, 'Affiliation-F': 0.668478190425543}
2026-02-08 14:12:16.395 | INFO     | src.pipelines.train_vision_backbones:run_pipeline:170 - Train images: 64
2026-02-08 14:12:16.395 | INFO     | src.pipelines.train_vision_backbones:run_pipeline:171 - Test images: 1702
2026-02-08 14:12:16.605 | INFO     | src.pipelines.train_vision_backbones:run_pipeline:176 - Training resnet18_autoencoder_differential_lr on LP
2026-02-08 14:12:16.619 | INFO     | src.models.resnet18_autoencoder.training:train_autoencoder_differential_lr:271 - Device: cuda | Model on: cuda:0
2026-02-08 14:12:43.729 | INFO     | src.pipelines.train_vision_backbones:run_pipeline:193 - Evaluating resnet18_autoencoder_differential_lr on LP
2026-02-08 14:12:45.811 | INFO     | src.models.evaluation:evaluate_tsb_ad_nonoverlapping:65 - Normal (83689) reconstruction error: mean=0.2340, std=0.0895
2026-02-08 14:12:45.811 | INFO     | src.models.evaluation:evaluate_tsb_ad_nonoverlapping:66 - Anomaly (1456) reconstruction error: mean=0.1483, std=0.2099
2026-02-08 14:12:45.811 | INFO     | src.models.evaluation:evaluate_tsb_ad_nonoverlapping:67 - Overlap? Normal max=1.0000, Anomaly min=0.0000
2026-02-08 14:12:57.841 | INFO     | src.models.evaluation:evaluate_tsb_ad_nonoverlapping:83 - {'AUC-PR': 0.029507258594477316, 'AUC-ROC': 0.25114562694770376, 'VUS-PR': np.float64(0.027546610464713923), 'VUS-ROC': np.float64(0.2683644011691069), 'Standard-F1': np.float64(0.13223296885104055), 'PA-F1': 0.13442751074638531, 'Event-based-F1': np.float64(0.17656836206487103), 'R-based-F1': 0.4338428534828836, 'Affiliation-F': 0.7477925676207339}
2026-02-08 14:12:57.997 | INFO     | src.pipelines.train_vision_backbones:run_pipeline:170 - Train images: 64
2026-02-08 14:12:57.997 | INFO     | src.pipelines.train_vision_backbones:run_pipeline:171 - Test images: 1702
2026-02-08 14:12:58.938 | INFO     | src.pipelines.train_vision_backbones:run_pipeline:176 - Training pvt_autoencoder_frozen on LP
2026-02-08 14:12:58.962 | INFO     | src.models.pvt_autoencoder.training:train_pvt_autoencoder_frozen:24 - Device: cuda | Model on: cuda:0
2026-02-08 14:13:27.475 | INFO     | src.pipelines.train_vision_backbones:run_pipeline:193 - Evaluating pvt_autoencoder_frozen on LP
2026-02-08 14:13:28.961 | INFO     | src.models.evaluation:evaluate_tsb_ad_nonoverlapping:65 - Normal (83689) reconstruction error: mean=0.2399, std=0.0827
2026-02-08 14:13:28.961 | INFO     | src.models.evaluation:evaluate_tsb_ad_nonoverlapping:66 - Anomaly (1456) reconstruction error: mean=0.1767, std=0.2471
2026-02-08 14:13:28.961 | INFO     | src.models.evaluation:evaluate_tsb_ad_nonoverlapping:67 - Overlap? Normal max=1.0000, Anomaly min=0.0000
2026-02-08 14:13:41.233 | INFO     | src.models.evaluation:evaluate_tsb_ad_nonoverlapping:83 - {'AUC-PR': 0.07438777172412142, 'AUC-ROC': 0.28333542495573943, 'VUS-PR': np.float64(0.032925231396241816), 'VUS-ROC': np.float64(0.288316850272218), 'Standard-F1': np.float64(0.17995529468028074), 'PA-F1': 0.186264308012487, 'Event-based-F1': np.float64(0.21308930468175463), 'R-based-F1': 0.5526182171177668, 'Affiliation-F': 0.7333271422248991}
2026-02-08 14:13:41.384 | INFO     | src.pipelines.train_vision_backbones:run_pipeline:170 - Train images: 64
2026-02-08 14:13:41.384 | INFO     | src.pipelines.train_vision_backbones:run_pipeline:171 - Test images: 1702
2026-02-08 14:13:42.653 | INFO     | src.pipelines.train_vision_backbones:run_pipeline:176 - Training pvt_autoencoder_progressive_unfreeze on LP
2026-02-08 14:13:42.676 | INFO     | src.models.pvt_autoencoder.training:train_pvt_autoencoder_progressive_unfreeze:132 - Device: cuda | Model on: cuda:0
2026-02-08 14:14:25.374 | INFO     | src.pipelines.train_vision_backbones:run_pipeline:193 - Evaluating pvt_autoencoder_progressive_unfreeze on LP
2026-02-08 14:14:27.561 | INFO     | src.models.evaluation:evaluate_tsb_ad_nonoverlapping:65 - Normal (83689) reconstruction error: mean=0.2174, std=0.0857
2026-02-08 14:14:27.561 | INFO     | src.models.evaluation:evaluate_tsb_ad_nonoverlapping:66 - Anomaly (1456) reconstruction error: mean=0.1807, std=0.2475
2026-02-08 14:14:27.561 | INFO     | src.models.evaluation:evaluate_tsb_ad_nonoverlapping:67 - Overlap? Normal max=1.0000, Anomaly min=0.0171
2026-02-08 14:14:39.262 | INFO     | src.models.evaluation:evaluate_tsb_ad_nonoverlapping:83 - {'AUC-PR': 0.07632363167434386, 'AUC-ROC': 0.2980695041912764, 'VUS-PR': np.float64(0.03559342200948905), 'VUS-ROC': np.float64(0.3096225566141359), 'Standard-F1': np.float64(0.18467635099848645), 'PA-F1': 0.19319429198682767, 'Event-based-F1': np.float64(0.22028887574964062), 'R-based-F1': 0.3569247143218703, 'Affiliation-F': 0.7495338092591525}
2026-02-08 14:14:39.420 | INFO     | src.pipelines.train_vision_backbones:run_pipeline:170 - Train images: 64
2026-02-08 14:14:39.421 | INFO     | src.pipelines.train_vision_backbones:run_pipeline:171 - Test images: 1702
2026-02-08 14:14:40.360 | INFO     | src.pipelines.train_vision_backbones:run_pipeline:176 - Training pvt_autoencoder_differential_lr on LP
2026-02-08 14:14:40.384 | INFO     | src.models.pvt_autoencoder.training:train_pvt_autoencoder_differential_lr:267 - Device: cuda | Model on: cuda:0
2026-02-08 14:15:10.220 | INFO     | src.pipelines.train_vision_backbones:run_pipeline:193 - Evaluating pvt_autoencoder_differential_lr on LP
2026-02-08 14:15:11.153 | INFO     | src.models.evaluation:evaluate_tsb_ad_nonoverlapping:65 - Normal (83689) reconstruction error: mean=0.2564, std=0.0779
2026-02-08 14:15:11.154 | INFO     | src.models.evaluation:evaluate_tsb_ad_nonoverlapping:66 - Anomaly (1456) reconstruction error: mean=0.1916, std=0.2498
2026-02-08 14:15:11.154 | INFO     | src.models.evaluation:evaluate_tsb_ad_nonoverlapping:67 - Overlap? Normal max=1.0000, Anomaly min=0.0051
2026-02-08 14:15:23.819 | INFO     | src.models.evaluation:evaluate_tsb_ad_nonoverlapping:83 - {'AUC-PR': 0.07557817345325013, 'AUC-ROC': 0.29306819866436423, 'VUS-PR': np.float64(0.03475798919724772), 'VUS-ROC': np.float64(0.3062396545002489), 'Standard-F1': np.float64(0.18467635099848645), 'PA-F1': 0.19123931623931623, 'Event-based-F1': np.float64(0.22028887574964062), 'R-based-F1': 0.3080708626259902, 'Affiliation-F': 0.7281314610856684}
2026-02-08 14:15:24.570 | INFO     | src.pipelines.train_vision_backbones:run_pipeline:70 - Using zip: /net/scratch/hscra/plgrid/plgsmendowski12/ts2i_images/IOPS/266_IOPS_id_7_WebService_tr_4010_1st_4110_ts2i_SG.zip for transformation SG
2026-02-08 14:15:26.825 | INFO     | src.pipelines.train_vision_backbones:run_pipeline:170 - Train images: 64
2026-02-08 14:15:26.825 | INFO     | src.pipelines.train_vision_backbones:run_pipeline:171 - Test images: 1702
2026-02-08 14:15:26.831 | INFO     | src.pipelines.train_vision_backbones:run_pipeline:176 - Training cnn_autoencoder on SG
2026-02-08 14:15:26.836 | INFO     | src.models.cnn_autoencoder.training:train_autoencoder:22 - Device: cuda | Model on: cuda:0
2026-02-08 14:15:48.378 | INFO     | src.pipelines.train_vision_backbones:run_pipeline:193 - Evaluating cnn_autoencoder on SG
2026-02-08 14:15:49.686 | INFO     | src.models.evaluation:evaluate_tsb_ad_nonoverlapping:65 - Normal (83689) reconstruction error: mean=0.0851, std=0.0607
2026-02-08 14:15:49.686 | INFO     | src.models.evaluation:evaluate_tsb_ad_nonoverlapping:66 - Anomaly (1456) reconstruction error: mean=0.3185, std=0.1363
2026-02-08 14:15:49.686 | INFO     | src.models.evaluation:evaluate_tsb_ad_nonoverlapping:67 - Overlap? Normal max=1.0000, Anomaly min=0.0476
2026-02-08 14:15:57.595 | INFO     | src.models.evaluation:evaluate_tsb_ad_nonoverlapping:83 - {'AUC-PR': 0.512713247440461, 'AUC-ROC': 0.9791001045997221, 'VUS-PR': np.float64(0.287336067562581), 'VUS-ROC': np.float64(0.9220731966760215), 'Standard-F1': np.float64(0.7013026394237892), 'PA-F1': 0.8332804064782471, 'Event-based-F1': np.float64(0.38493522955337633), 'R-based-F1': 0.3035723121911457, 'Affiliation-F': 0.7376942044416617}
2026-02-08 14:15:57.750 | INFO     | src.pipelines.train_vision_backbones:run_pipeline:170 - Train images: 64
2026-02-08 14:15:57.751 | INFO     | src.pipelines.train_vision_backbones:run_pipeline:171 - Test images: 1702
2026-02-08 14:15:57.963 | INFO     | src.pipelines.train_vision_backbones:run_pipeline:176 - Training resnet18_autoencoder_frozen on SG
2026-02-08 14:15:57.976 | INFO     | src.models.resnet18_autoencoder.training:train_autoencoder_frozen:25 - Device: cuda | Model on: cuda:0
2026-02-08 14:16:02.650 | INFO     | src.pipelines.train_vision_backbones:run_pipeline:193 - Evaluating resnet18_autoencoder_frozen on SG
2026-02-08 14:16:04.066 | INFO     | src.models.evaluation:evaluate_tsb_ad_nonoverlapping:65 - Normal (83689) reconstruction error: mean=0.1601, std=0.1802
2026-02-08 14:16:04.066 | INFO     | src.models.evaluation:evaluate_tsb_ad_nonoverlapping:66 - Anomaly (1456) reconstruction error: mean=0.7509, std=0.3278
2026-02-08 14:16:04.066 | INFO     | src.models.evaluation:evaluate_tsb_ad_nonoverlapping:67 - Overlap? Normal max=0.9903, Anomaly min=0.0246
2026-02-08 14:16:14.212 | INFO     | src.models.evaluation:evaluate_tsb_ad_nonoverlapping:83 - {'AUC-PR': 0.6385381321653621, 'AUC-ROC': 0.9219460025928019, 'VUS-PR': np.float64(0.0844128948394761), 'VUS-ROC': np.float64(0.628565044688614), 'Standard-F1': np.float64(0.6504723618121133), 'PA-F1': 0.8586585827965139, 'Event-based-F1': np.float64(0.1251197980380388), 'R-based-F1': 0.10243438170489637, 'Affiliation-F': 0.681591133208722}
2026-02-08 14:16:14.365 | INFO     | src.pipelines.train_vision_backbones:run_pipeline:170 - Train images: 64
2026-02-08 14:16:14.365 | INFO     | src.pipelines.train_vision_backbones:run_pipeline:171 - Test images: 1702
2026-02-08 14:16:14.575 | INFO     | src.pipelines.train_vision_backbones:run_pipeline:176 - Training resnet18_autoencoder_progressive_unfreeze on SG
2026-02-08 14:16:14.589 | INFO     | src.models.resnet18_autoencoder.training:train_autoencoder_progressive_unfreeze:133 - Device: cuda | Model on: cuda:0
2026-02-08 14:16:19.654 | INFO     | src.pipelines.train_vision_backbones:run_pipeline:193 - Evaluating resnet18_autoencoder_progressive_unfreeze on SG
2026-02-08 14:16:21.077 | INFO     | src.models.evaluation:evaluate_tsb_ad_nonoverlapping:65 - Normal (83689) reconstruction error: mean=0.1564, std=0.1777
2026-02-08 14:16:21.077 | INFO     | src.models.evaluation:evaluate_tsb_ad_nonoverlapping:66 - Anomaly (1456) reconstruction error: mean=0.7523, std=0.3261
2026-02-08 14:16:21.077 | INFO     | src.models.evaluation:evaluate_tsb_ad_nonoverlapping:67 - Overlap? Normal max=0.9908, Anomaly min=0.0234
2026-02-08 14:16:31.149 | INFO     | src.models.evaluation:evaluate_tsb_ad_nonoverlapping:83 - {'AUC-PR': 0.6402434564797299, 'AUC-ROC': 0.9259730049073631, 'VUS-PR': np.float64(0.08714445631811633), 'VUS-ROC': np.float64(0.6446043799858483), 'Standard-F1': np.float64(0.6519557862743791), 'PA-F1': 0.8586585827965139, 'Event-based-F1': np.float64(0.12477951061068714), 'R-based-F1': 0.1043134672122872, 'Affiliation-F': 0.6810152174412699}
2026-02-08 14:16:31.312 | INFO     | src.pipelines.train_vision_backbones:run_pipeline:170 - Train images: 64
2026-02-08 14:16:31.312 | INFO     | src.pipelines.train_vision_backbones:run_pipeline:171 - Test images: 1702
2026-02-08 14:16:31.522 | INFO     | src.pipelines.train_vision_backbones:run_pipeline:176 - Training resnet18_autoencoder_differential_lr on SG
2026-02-08 14:16:31.537 | INFO     | src.models.resnet18_autoencoder.training:train_autoencoder_differential_lr:271 - Device: cuda | Model on: cuda:0
2026-02-08 14:16:34.807 | INFO     | src.pipelines.train_vision_backbones:run_pipeline:193 - Evaluating resnet18_autoencoder_differential_lr on SG
2026-02-08 14:16:36.221 | INFO     | src.models.evaluation:evaluate_tsb_ad_nonoverlapping:65 - Normal (83689) reconstruction error: mean=0.1656, std=0.1847
2026-02-08 14:16:36.222 | INFO     | src.models.evaluation:evaluate_tsb_ad_nonoverlapping:66 - Anomaly (1456) reconstruction error: mean=0.7553, std=0.3311
2026-02-08 14:16:36.222 | INFO     | src.models.evaluation:evaluate_tsb_ad_nonoverlapping:67 - Overlap? Normal max=0.9931, Anomaly min=0.0248
2026-02-08 14:16:46.570 | INFO     | src.models.evaluation:evaluate_tsb_ad_nonoverlapping:83 - {'AUC-PR': 0.6416364693738327, 'AUC-ROC': 0.9179240884520252, 'VUS-PR': np.float64(0.08257104060466124), 'VUS-ROC': np.float64(0.6126659394811007), 'Standard-F1': np.float64(0.6504723618121133), 'PA-F1': 0.8586585827965139, 'Event-based-F1': np.float64(0.12376966417709079), 'R-based-F1': 0.10243438170489637, 'Affiliation-F': 0.6770210663481121}
2026-02-08 14:16:46.724 | INFO     | src.pipelines.train_vision_backbones:run_pipeline:170 - Train images: 64
2026-02-08 14:16:46.724 | INFO     | src.pipelines.train_vision_backbones:run_pipeline:171 - Test images: 1702
Warning: You are sending unauthenticated requests to the HF Hub. Please set a HF_TOKEN to enable higher rate limits and faster downloads.
2026-02-08 14:16:47.673 | INFO     | src.pipelines.train_vision_backbones:run_pipeline:176 - Training pvt_autoencoder_frozen on SG
2026-02-08 14:16:47.696 | INFO     | src.models.pvt_autoencoder.training:train_pvt_autoencoder_frozen:24 - Device: cuda | Model on: cuda:0
2026-02-08 14:16:49.641 | INFO     | src.pipelines.train_vision_backbones:run_pipeline:193 - Evaluating pvt_autoencoder_frozen on SG
2026-02-08 14:16:50.601 | INFO     | src.models.evaluation:evaluate_tsb_ad_nonoverlapping:65 - Normal (83689) reconstruction error: mean=0.1578, std=0.1754
2026-02-08 14:16:50.601 | INFO     | src.models.evaluation:evaluate_tsb_ad_nonoverlapping:66 - Anomaly (1456) reconstruction error: mean=0.7578, std=0.3195
2026-02-08 14:16:50.601 | INFO     | src.models.evaluation:evaluate_tsb_ad_nonoverlapping:67 - Overlap? Normal max=0.9913, Anomaly min=0.0292
2026-02-08 14:17:00.879 | INFO     | src.models.evaluation:evaluate_tsb_ad_nonoverlapping:83 - {'AUC-PR': 0.6442204555524534, 'AUC-ROC': 0.9328332993465209, 'VUS-PR': np.float64(0.0916915440978212), 'VUS-ROC': np.float64(0.6725314970802917), 'Standard-F1': np.float64(0.6400552874530553), 'PA-F1': 0.8586585827965139, 'Event-based-F1': np.float64(0.12873227472224463), 'R-based-F1': 0.10617618542968897, 'Affiliation-F': 0.6829530325440045}
2026-02-08 14:17:01.028 | INFO     | src.pipelines.train_vision_backbones:run_pipeline:170 - Train images: 64
2026-02-08 14:17:01.028 | INFO     | src.pipelines.train_vision_backbones:run_pipeline:171 - Test images: 1702
2026-02-08 14:17:01.966 | INFO     | src.pipelines.train_vision_backbones:run_pipeline:176 - Training pvt_autoencoder_progressive_unfreeze on SG
2026-02-08 14:17:01.990 | INFO     | src.models.pvt_autoencoder.training:train_pvt_autoencoder_progressive_unfreeze:132 - Device: cuda | Model on: cuda:0
2026-02-08 14:17:10.227 | INFO     | src.pipelines.train_vision_backbones:run_pipeline:193 - Evaluating pvt_autoencoder_progressive_unfreeze on SG
2026-02-08 14:17:11.172 | INFO     | src.models.evaluation:evaluate_tsb_ad_nonoverlapping:65 - Normal (83689) reconstruction error: mean=0.1197, std=0.1312
2026-02-08 14:17:11.173 | INFO     | src.models.evaluation:evaluate_tsb_ad_nonoverlapping:66 - Anomaly (1456) reconstruction error: mean=0.6932, std=0.3387
2026-02-08 14:17:11.173 | INFO     | src.models.evaluation:evaluate_tsb_ad_nonoverlapping:67 - Overlap? Normal max=0.9672, Anomaly min=0.0227
2026-02-08 14:17:20.267 | INFO     | src.models.evaluation:evaluate_tsb_ad_nonoverlapping:83 - {'AUC-PR': 0.6531924118748927, 'AUC-ROC': 0.9305716881667723, 'VUS-PR': np.float64(0.09303812104360923), 'VUS-ROC': np.float64(0.6677322183526729), 'Standard-F1': np.float64(0.6689256689896589), 'PA-F1': 0.8752414059482425, 'Event-based-F1': np.float64(0.13848786695335422), 'R-based-F1': 0.10018804787381448, 'Affiliation-F': 0.6808902099244705}
2026-02-08 14:17:20.423 | INFO     | src.pipelines.train_vision_backbones:run_pipeline:170 - Train images: 64
2026-02-08 14:17:20.424 | INFO     | src.pipelines.train_vision_backbones:run_pipeline:171 - Test images: 1702
2026-02-08 14:17:21.360 | INFO     | src.pipelines.train_vision_backbones:run_pipeline:176 - Training pvt_autoencoder_differential_lr on SG
2026-02-08 14:17:21.384 | INFO     | src.models.pvt_autoencoder.training:train_pvt_autoencoder_differential_lr:267 - Device: cuda | Model on: cuda:0
2026-02-08 14:17:44.745 | INFO     | src.pipelines.train_vision_backbones:run_pipeline:193 - Evaluating pvt_autoencoder_differential_lr on SG
2026-02-08 14:17:45.673 | INFO     | src.models.evaluation:evaluate_tsb_ad_nonoverlapping:65 - Normal (83689) reconstruction error: mean=0.0479, std=0.0609
2026-02-08 14:17:45.673 | INFO     | src.models.evaluation:evaluate_tsb_ad_nonoverlapping:66 - Anomaly (1456) reconstruction error: mean=0.5513, std=0.3604
2026-02-08 14:17:45.673 | INFO     | src.models.evaluation:evaluate_tsb_ad_nonoverlapping:67 - Overlap? Normal max=0.6628, Anomaly min=0.0185
2026-02-08 14:17:52.597 | INFO     | src.models.evaluation:evaluate_tsb_ad_nonoverlapping:83 - {'AUC-PR': 0.6785354485173498, 'AUC-ROC': 0.9564937177795497, 'VUS-PR': np.float64(0.1291802157601878), 'VUS-ROC': np.float64(0.7648098294714198), 'Standard-F1': np.float64(0.6948307777805373), 'PA-F1': 0.8752414059482425, 'Event-based-F1': np.float64(0.20255698166078667), 'R-based-F1': 0.17559847606105722, 'Affiliation-F': 0.7096278118882224}
2026-02-08 14:17:53.315 | INFO     | src.pipelines.train_vision_backbones:run_pipeline:70 - Using zip: /net/scratch/hscra/plgrid/plgsmendowski12/ts2i_images/IOPS/266_IOPS_id_7_WebService_tr_4010_1st_4110_ts2i_GASF.zip for transformation GASF
2026-02-08 14:17:55.362 | INFO     | src.pipelines.train_vision_backbones:run_pipeline:170 - Train images: 64
2026-02-08 14:17:55.362 | INFO     | src.pipelines.train_vision_backbones:run_pipeline:171 - Test images: 1702
2026-02-08 14:17:55.369 | INFO     | src.pipelines.train_vision_backbones:run_pipeline:176 - Training cnn_autoencoder on GASF
2026-02-08 14:17:55.373 | INFO     | src.models.cnn_autoencoder.training:train_autoencoder:22 - Device: cuda | Model on: cuda:0
2026-02-08 14:18:17.853 | INFO     | src.pipelines.train_vision_backbones:run_pipeline:193 - Evaluating cnn_autoencoder on GASF
2026-02-08 14:18:19.833 | INFO     | src.models.evaluation:evaluate_tsb_ad_nonoverlapping:65 - Normal (83689) reconstruction error: mean=0.0245, std=0.0593
2026-02-08 14:18:19.833 | INFO     | src.models.evaluation:evaluate_tsb_ad_nonoverlapping:66 - Anomaly (1456) reconstruction error: mean=0.0780, std=0.1510
2026-02-08 14:18:19.833 | INFO     | src.models.evaluation:evaluate_tsb_ad_nonoverlapping:67 - Overlap? Normal max=1.0000, Anomaly min=0.0007
2026-02-08 14:18:25.885 | INFO     | src.models.evaluation:evaluate_tsb_ad_nonoverlapping:83 - {'AUC-PR': 0.057751560325601276, 'AUC-ROC': 0.6565793977020361, 'VUS-PR': np.float64(0.07283500861123618), 'VUS-ROC': np.float64(0.6732627168868213), 'Standard-F1': np.float64(0.19008634934874288), 'PA-F1': 0.4324437907123345, 'Event-based-F1': np.float64(0.25272141770551365), 'R-based-F1': 0.2463654435820441, 'Affiliation-F': 0.8529248718063904}
2026-02-08 14:18:26.286 | INFO     | src.pipelines.train_vision_backbones:run_pipeline:170 - Train images: 64
2026-02-08 14:18:26.286 | INFO     | src.pipelines.train_vision_backbones:run_pipeline:171 - Test images: 1702
2026-02-08 14:18:26.490 | INFO     | src.pipelines.train_vision_backbones:run_pipeline:176 - Training resnet18_autoencoder_frozen on GASF
2026-02-08 14:18:26.502 | INFO     | src.models.resnet18_autoencoder.training:train_autoencoder_frozen:25 - Device: cuda | Model on: cuda:0
2026-02-08 14:18:50.492 | INFO     | src.pipelines.train_vision_backbones:run_pipeline:193 - Evaluating resnet18_autoencoder_frozen on GASF
2026-02-08 14:18:52.659 | INFO     | src.models.evaluation:evaluate_tsb_ad_nonoverlapping:65 - Normal (83689) reconstruction error: mean=0.0319, std=0.0673
2026-02-08 14:18:52.659 | INFO     | src.models.evaluation:evaluate_tsb_ad_nonoverlapping:66 - Anomaly (1456) reconstruction error: mean=0.1059, std=0.1604
2026-02-08 14:18:52.659 | INFO     | src.models.evaluation:evaluate_tsb_ad_nonoverlapping:67 - Overlap? Normal max=1.0000, Anomaly min=0.0036
2026-02-08 14:18:59.045 | INFO     | src.models.evaluation:evaluate_tsb_ad_nonoverlapping:83 - {'AUC-PR': 0.07428603781099927, 'AUC-ROC': 0.7600630454276094, 'VUS-PR': np.float64(0.09605393723803138), 'VUS-ROC': np.float64(0.7941795547502216), 'Standard-F1': np.float64(0.19007144559233152), 'PA-F1': 0.4894013905375615, 'Event-based-F1': np.float64(0.23661544411882804), 'R-based-F1': 0.22931370271767296, 'Affiliation-F': 0.9117080731832513}
2026-02-08 14:18:59.207 | INFO     | src.pipelines.train_vision_backbones:run_pipeline:170 - Train images: 64
2026-02-08 14:18:59.207 | INFO     | src.pipelines.train_vision_backbones:run_pipeline:171 - Test images: 1702
2026-02-08 14:18:59.417 | INFO     | src.pipelines.train_vision_backbones:run_pipeline:176 - Training resnet18_autoencoder_progressive_unfreeze on GASF
2026-02-08 14:18:59.431 | INFO     | src.models.resnet18_autoencoder.training:train_autoencoder_progressive_unfreeze:133 - Device: cuda | Model on: cuda:0
2026-02-08 14:19:14.278 | INFO     | src.pipelines.train_vision_backbones:run_pipeline:193 - Evaluating resnet18_autoencoder_progressive_unfreeze on GASF
2026-02-08 14:19:15.826 | INFO     | src.models.evaluation:evaluate_tsb_ad_nonoverlapping:65 - Normal (83689) reconstruction error: mean=0.0302, std=0.0664
2026-02-08 14:19:15.826 | INFO     | src.models.evaluation:evaluate_tsb_ad_nonoverlapping:66 - Anomaly (1456) reconstruction error: mean=0.1051, std=0.1588
2026-02-08 14:19:15.826 | INFO     | src.models.evaluation:evaluate_tsb_ad_nonoverlapping:67 - Overlap? Normal max=1.0000, Anomaly min=0.0036
2026-02-08 14:19:22.150 | INFO     | src.models.evaluation:evaluate_tsb_ad_nonoverlapping:83 - {'AUC-PR': 0.07643259037038982, 'AUC-ROC': 0.760516303230997, 'VUS-PR': np.float64(0.09812337065486422), 'VUS-ROC': np.float64(0.7946859608665521), 'Standard-F1': np.float64(0.18299598859722188), 'PA-F1': 0.4213075060532688, 'Event-based-F1': np.float64(0.24242124524009667), 'R-based-F1': 0.23389895217070644, 'Affiliation-F': 0.8971749047291431}
2026-02-08 14:19:22.307 | INFO     | src.pipelines.train_vision_backbones:run_pipeline:170 - Train images: 64
2026-02-08 14:19:22.308 | INFO     | src.pipelines.train_vision_backbones:run_pipeline:171 - Test images: 1702
2026-02-08 14:19:22.518 | INFO     | src.pipelines.train_vision_backbones:run_pipeline:176 - Training resnet18_autoencoder_differential_lr on GASF
2026-02-08 14:19:22.532 | INFO     | src.models.resnet18_autoencoder.training:train_autoencoder_differential_lr:271 - Device: cuda | Model on: cuda:0
2026-02-08 14:19:45.723 | INFO     | src.pipelines.train_vision_backbones:run_pipeline:193 - Evaluating resnet18_autoencoder_differential_lr on GASF
2026-02-08 14:19:47.247 | INFO     | src.models.evaluation:evaluate_tsb_ad_nonoverlapping:65 - Normal (83689) reconstruction error: mean=0.0323, std=0.0676
2026-02-08 14:19:47.247 | INFO     | src.models.evaluation:evaluate_tsb_ad_nonoverlapping:66 - Anomaly (1456) reconstruction error: mean=0.1119, std=0.1631
2026-02-08 14:19:47.247 | INFO     | src.models.evaluation:evaluate_tsb_ad_nonoverlapping:67 - Overlap? Normal max=1.0000, Anomaly min=0.0047
2026-02-08 14:19:53.700 | INFO     | src.models.evaluation:evaluate_tsb_ad_nonoverlapping:83 - {'AUC-PR': 0.07817497407628582, 'AUC-ROC': 0.7653541716919222, 'VUS-PR': np.float64(0.09992061401310375), 'VUS-ROC': np.float64(0.8004238069359098), 'Standard-F1': np.float64(0.19427547676911025), 'PA-F1': 0.43902439024390244, 'Event-based-F1': np.float64(0.2546619726057537), 'R-based-F1': 0.24591553708286054, 'Affiliation-F': 0.9024718159140701}
2026-02-08 14:19:53.868 | INFO     | src.pipelines.train_vision_backbones:run_pipeline:170 - Train images: 64
2026-02-08 14:19:53.869 | INFO     | src.pipelines.train_vision_backbones:run_pipeline:171 - Test images: 1702
2026-02-08 14:19:54.818 | INFO     | src.pipelines.train_vision_backbones:run_pipeline:176 - Training pvt_autoencoder_frozen on GASF
2026-02-08 14:19:54.842 | INFO     | src.models.pvt_autoencoder.training:train_pvt_autoencoder_frozen:24 - Device: cuda | Model on: cuda:0
2026-02-08 14:20:22.421 | INFO     | src.pipelines.train_vision_backbones:run_pipeline:193 - Evaluating pvt_autoencoder_frozen on GASF
2026-02-08 14:20:23.504 | INFO     | src.models.evaluation:evaluate_tsb_ad_nonoverlapping:65 - Normal (83689) reconstruction error: mean=0.0370, std=0.0641
2026-02-08 14:20:23.505 | INFO     | src.models.evaluation:evaluate_tsb_ad_nonoverlapping:66 - Anomaly (1456) reconstruction error: mean=0.1085, std=0.1580
2026-02-08 14:20:23.505 | INFO     | src.models.evaluation:evaluate_tsb_ad_nonoverlapping:67 - Overlap? Normal max=1.0000, Anomaly min=0.0111
2026-02-08 14:20:30.039 | INFO     | src.models.evaluation:evaluate_tsb_ad_nonoverlapping:83 - {'AUC-PR': 0.06953049087240905, 'AUC-ROC': 0.7297972746822058, 'VUS-PR': np.float64(0.08891664111931478), 'VUS-ROC': np.float64(0.7649147053987256), 'Standard-F1': np.float64(0.19131689688913928), 'PA-F1': 0.43196004993757803, 'Event-based-F1': np.float64(0.24580470773735758), 'R-based-F1': 0.24081314159804176, 'Affiliation-F': 0.8825463358434363}
2026-02-08 14:20:30.193 | INFO     | src.pipelines.train_vision_backbones:run_pipeline:170 - Train images: 64
2026-02-08 14:20:30.194 | INFO     | src.pipelines.train_vision_backbones:run_pipeline:171 - Test images: 1702
2026-02-08 14:20:31.130 | INFO     | src.pipelines.train_vision_backbones:run_pipeline:176 - Training pvt_autoencoder_progressive_unfreeze on GASF
2026-02-08 14:20:31.154 | INFO     | src.models.pvt_autoencoder.training:train_pvt_autoencoder_progressive_unfreeze:132 - Device: cuda | Model on: cuda:0
2026-02-08 14:20:54.961 | INFO     | src.pipelines.train_vision_backbones:run_pipeline:193 - Evaluating pvt_autoencoder_progressive_unfreeze on GASF
2026-02-08 14:20:56.049 | INFO     | src.models.evaluation:evaluate_tsb_ad_nonoverlapping:65 - Normal (83689) reconstruction error: mean=0.0311, std=0.0630
2026-02-08 14:20:56.050 | INFO     | src.models.evaluation:evaluate_tsb_ad_nonoverlapping:66 - Anomaly (1456) reconstruction error: mean=0.0981, std=0.1525
2026-02-08 14:20:56.050 | INFO     | src.models.evaluation:evaluate_tsb_ad_nonoverlapping:67 - Overlap? Normal max=1.0000, Anomaly min=0.0057
2026-02-08 14:21:02.394 | INFO     | src.models.evaluation:evaluate_tsb_ad_nonoverlapping:83 - {'AUC-PR': 0.06988786205451998, 'AUC-ROC': 0.7315723907943315, 'VUS-PR': np.float64(0.09079429259059621), 'VUS-ROC': np.float64(0.7696725191762548), 'Standard-F1': np.float64(0.18210387878833018), 'PA-F1': 0.33380749170222856, 'Event-based-F1': np.float64(0.24242124524009667), 'R-based-F1': 0.23282956023206205, 'Affiliation-F': 0.9030531011779487}
2026-02-08 14:21:02.555 | INFO     | src.pipelines.train_vision_backbones:run_pipeline:170 - Train images: 64
2026-02-08 14:21:02.555 | INFO     | src.pipelines.train_vision_backbones:run_pipeline:171 - Test images: 1702
2026-02-08 14:21:03.495 | INFO     | src.pipelines.train_vision_backbones:run_pipeline:176 - Training pvt_autoencoder_differential_lr on GASF
2026-02-08 14:21:03.521 | INFO     | src.models.pvt_autoencoder.training:train_pvt_autoencoder_differential_lr:267 - Device: cuda | Model on: cuda:0
2026-02-08 14:21:34.300 | INFO     | src.pipelines.train_vision_backbones:run_pipeline:193 - Evaluating pvt_autoencoder_differential_lr on GASF
2026-02-08 14:21:35.399 | INFO     | src.models.evaluation:evaluate_tsb_ad_nonoverlapping:65 - Normal (83689) reconstruction error: mean=0.0334, std=0.0603
2026-02-08 14:21:35.399 | INFO     | src.models.evaluation:evaluate_tsb_ad_nonoverlapping:66 - Anomaly (1456) reconstruction error: mean=0.0964, std=0.1453
2026-02-08 14:21:35.400 | INFO     | src.models.evaluation:evaluate_tsb_ad_nonoverlapping:67 - Overlap? Normal max=1.0000, Anomaly min=0.0087
2026-02-08 14:21:41.812 | INFO     | src.models.evaluation:evaluate_tsb_ad_nonoverlapping:83 - {'AUC-PR': 0.06977570082157969, 'AUC-ROC': 0.746841220681122, 'VUS-PR': np.float64(0.09012848117370867), 'VUS-ROC': np.float64(0.7789421179671391), 'Standard-F1': np.float64(0.17582517531202485), 'PA-F1': 0.3980213089802131, 'Event-based-F1': np.float64(0.24303494605102693), 'R-based-F1': 0.23642892589072678, 'Affiliation-F': 0.9054755562743013}
2026-02-08 14:21:42.583 | INFO     | src.pipelines.train_vision_backbones:run_pipeline:70 - Using zip: /net/scratch/hscra/plgrid/plgsmendowski12/ts2i_images/IOPS/266_IOPS_id_7_WebService_tr_4010_1st_4110_ts2i_GADF.zip for transformation GADF
2026-02-08 14:21:45.068 | INFO     | src.pipelines.train_vision_backbones:run_pipeline:170 - Train images: 64
2026-02-08 14:21:45.068 | INFO     | src.pipelines.train_vision_backbones:run_pipeline:171 - Test images: 1702
2026-02-08 14:21:45.075 | INFO     | src.pipelines.train_vision_backbones:run_pipeline:176 - Training cnn_autoencoder on GADF
2026-02-08 14:21:45.080 | INFO     | src.models.cnn_autoencoder.training:train_autoencoder:22 - Device: cuda | Model on: cuda:0
2026-02-08 14:21:59.532 | INFO     | src.pipelines.train_vision_backbones:run_pipeline:193 - Evaluating cnn_autoencoder on GADF
2026-02-08 14:22:01.008 | INFO     | src.models.evaluation:evaluate_tsb_ad_nonoverlapping:65 - Normal (83689) reconstruction error: mean=0.4715, std=0.1231
2026-02-08 14:22:01.008 | INFO     | src.models.evaluation:evaluate_tsb_ad_nonoverlapping:66 - Anomaly (1456) reconstruction error: mean=0.4059, std=0.1484
2026-02-08 14:22:01.008 | INFO     | src.models.evaluation:evaluate_tsb_ad_nonoverlapping:67 - Overlap? Normal max=1.0000, Anomaly min=0.0000
2026-02-08 14:22:20.495 | INFO     | src.models.evaluation:evaluate_tsb_ad_nonoverlapping:83 - {'AUC-PR': 0.014530054047911817, 'AUC-ROC': 0.3580642023141933, 'VUS-PR': np.float64(0.01648397328578159), 'VUS-ROC': np.float64(0.061239071369336553), 'Standard-F1': np.float64(0.04992048565204372), 'PA-F1': 0.19545320342485975, 'Event-based-F1': np.float64(0.03356590667730795), 'R-based-F1': 0.03566499281113096, 'Affiliation-F': 0.668322610149235}
2026-02-08 14:22:20.648 | INFO     | src.pipelines.train_vision_backbones:run_pipeline:170 - Train images: 64
2026-02-08 14:22:20.648 | INFO     | src.pipelines.train_vision_backbones:run_pipeline:171 - Test images: 1702
2026-02-08 14:22:20.859 | INFO     | src.pipelines.train_vision_backbones:run_pipeline:176 - Training resnet18_autoencoder_frozen on GADF
2026-02-08 14:22:20.872 | INFO     | src.models.resnet18_autoencoder.training:train_autoencoder_frozen:25 - Device: cuda | Model on: cuda:0
2026-02-08 14:22:27.113 | INFO     | src.pipelines.train_vision_backbones:run_pipeline:193 - Evaluating resnet18_autoencoder_frozen on GADF
2026-02-08 14:22:28.961 | INFO     | src.models.evaluation:evaluate_tsb_ad_nonoverlapping:65 - Normal (83689) reconstruction error: mean=0.4911, std=0.1089
2026-02-08 14:22:28.961 | INFO     | src.models.evaluation:evaluate_tsb_ad_nonoverlapping:66 - Anomaly (1456) reconstruction error: mean=0.4929, std=0.1672
2026-02-08 14:22:28.961 | INFO     | src.models.evaluation:evaluate_tsb_ad_nonoverlapping:67 - Overlap? Normal max=1.0000, Anomaly min=0.0000
2026-02-08 14:22:48.930 | INFO     | src.models.evaluation:evaluate_tsb_ad_nonoverlapping:83 - {'AUC-PR': 0.03640922833543974, 'AUC-ROC': 0.5081603228410155, 'VUS-PR': np.float64(0.018754793160071948), 'VUS-ROC': np.float64(0.13328018363518862), 'Standard-F1': np.float64(0.11424567027534513), 'PA-F1': 0.4838604499510923, 'Event-based-F1': np.float64(0.07242990654205561), 'R-based-F1': 0.04661797092762647, 'Affiliation-F': 0.668322610149235}
2026-02-08 14:22:49.088 | INFO     | src.pipelines.train_vision_backbones:run_pipeline:170 - Train images: 64
2026-02-08 14:22:49.088 | INFO     | src.pipelines.train_vision_backbones:run_pipeline:171 - Test images: 1702
2026-02-08 14:22:49.299 | INFO     | src.pipelines.train_vision_backbones:run_pipeline:176 - Training resnet18_autoencoder_progressive_unfreeze on GADF
2026-02-08 14:22:49.312 | INFO     | src.models.resnet18_autoencoder.training:train_autoencoder_progressive_unfreeze:133 - Device: cuda | Model on: cuda:0
2026-02-08 14:22:57.615 | INFO     | src.pipelines.train_vision_backbones:run_pipeline:193 - Evaluating resnet18_autoencoder_progressive_unfreeze on GADF
2026-02-08 14:22:59.489 | INFO     | src.models.evaluation:evaluate_tsb_ad_nonoverlapping:65 - Normal (83689) reconstruction error: mean=0.4908, std=0.1088
2026-02-08 14:22:59.489 | INFO     | src.models.evaluation:evaluate_tsb_ad_nonoverlapping:66 - Anomaly (1456) reconstruction error: mean=0.4931, std=0.1677
2026-02-08 14:22:59.490 | INFO     | src.models.evaluation:evaluate_tsb_ad_nonoverlapping:67 - Overlap? Normal max=1.0000, Anomaly min=0.0000
2026-02-08 14:23:19.346 | INFO     | src.models.evaluation:evaluate_tsb_ad_nonoverlapping:83 - {'AUC-PR': 0.03771865651272565, 'AUC-ROC': 0.5085033642348522, 'VUS-PR': np.float64(0.018788731884352095), 'VUS-ROC': np.float64(0.13281411021274267), 'Standard-F1': np.float64(0.12456485569343403), 'PA-F1': 0.4838604499510923, 'Event-based-F1': np.float64(0.07613589848546824), 'R-based-F1': 0.04812571500211563, 'Affiliation-F': 0.668322610149235}
2026-02-08 14:23:19.505 | INFO     | src.pipelines.train_vision_backbones:run_pipeline:170 - Train images: 64
2026-02-08 14:23:19.505 | INFO     | src.pipelines.train_vision_backbones:run_pipeline:171 - Test images: 1702
2026-02-08 14:23:19.716 | INFO     | src.pipelines.train_vision_backbones:run_pipeline:176 - Training resnet18_autoencoder_differential_lr on GADF
2026-02-08 14:23:19.730 | INFO     | src.models.resnet18_autoencoder.training:train_autoencoder_differential_lr:271 - Device: cuda | Model on: cuda:0
2026-02-08 14:23:28.752 | INFO     | src.pipelines.train_vision_backbones:run_pipeline:193 - Evaluating resnet18_autoencoder_differential_lr on GADF
2026-02-08 14:23:30.308 | INFO     | src.models.evaluation:evaluate_tsb_ad_nonoverlapping:65 - Normal (83689) reconstruction error: mean=0.4905, std=0.1089
2026-02-08 14:23:30.308 | INFO     | src.models.evaluation:evaluate_tsb_ad_nonoverlapping:66 - Anomaly (1456) reconstruction error: mean=0.4920, std=0.1675
2026-02-08 14:23:30.308 | INFO     | src.models.evaluation:evaluate_tsb_ad_nonoverlapping:67 - Overlap? Normal max=1.0000, Anomaly min=0.0000
2026-02-08 14:23:50.223 | INFO     | src.models.evaluation:evaluate_tsb_ad_nonoverlapping:83 - {'AUC-PR': 0.03655526652581022, 'AUC-ROC': 0.5078829353024588, 'VUS-PR': np.float64(0.018673932532186938), 'VUS-ROC': np.float64(0.1336741287980292), 'Standard-F1': np.float64(0.1125177572573986), 'PA-F1': 0.4407484407484408, 'Event-based-F1': np.float64(0.07242990654205561), 'R-based-F1': 0.04710374036847862, 'Affiliation-F': 0.668322610149235}
2026-02-08 14:23:50.391 | INFO     | src.pipelines.train_vision_backbones:run_pipeline:170 - Train images: 64
2026-02-08 14:23:50.391 | INFO     | src.pipelines.train_vision_backbones:run_pipeline:171 - Test images: 1702
2026-02-08 14:23:51.365 | INFO     | src.pipelines.train_vision_backbones:run_pipeline:176 - Training pvt_autoencoder_frozen on GADF
2026-02-08 14:23:51.389 | INFO     | src.models.pvt_autoencoder.training:train_pvt_autoencoder_frozen:24 - Device: cuda | Model on: cuda:0
2026-02-08 14:23:53.492 | INFO     | src.pipelines.train_vision_backbones:run_pipeline:193 - Evaluating pvt_autoencoder_frozen on GADF
2026-02-08 14:23:54.585 | INFO     | src.models.evaluation:evaluate_tsb_ad_nonoverlapping:65 - Normal (83689) reconstruction error: mean=0.4897, std=0.1089
2026-02-08 14:23:54.585 | INFO     | src.models.evaluation:evaluate_tsb_ad_nonoverlapping:66 - Anomaly (1456) reconstruction error: mean=0.4912, std=0.1675
2026-02-08 14:23:54.585 | INFO     | src.models.evaluation:evaluate_tsb_ad_nonoverlapping:67 - Overlap? Normal max=1.0000, Anomaly min=0.0000
2026-02-08 14:24:14.572 | INFO     | src.models.evaluation:evaluate_tsb_ad_nonoverlapping:83 - {'AUC-PR': 0.0358843332717262, 'AUC-ROC': 0.508441403408932, 'VUS-PR': np.float64(0.018700439087236422), 'VUS-ROC': np.float64(0.13412495053022483), 'Standard-F1': np.float64(0.1125177572573986), 'PA-F1': 0.4342990927714369, 'Event-based-F1': np.float64(0.06780896828290146), 'R-based-F1': 0.0468162037453431, 'Affiliation-F': 0.668322610149235}
2026-02-08 14:24:14.725 | INFO     | src.pipelines.train_vision_backbones:run_pipeline:170 - Train images: 64
2026-02-08 14:24:14.725 | INFO     | src.pipelines.train_vision_backbones:run_pipeline:171 - Test images: 1702
2026-02-08 14:24:15.711 | INFO     | src.pipelines.train_vision_backbones:run_pipeline:176 - Training pvt_autoencoder_progressive_unfreeze on GADF
2026-02-08 14:24:15.734 | INFO     | src.models.pvt_autoencoder.training:train_pvt_autoencoder_progressive_unfreeze:132 - Device: cuda | Model on: cuda:0
2026-02-08 14:24:17.871 | INFO     | src.pipelines.train_vision_backbones:run_pipeline:193 - Evaluating pvt_autoencoder_progressive_unfreeze on GADF
2026-02-08 14:24:20.249 | INFO     | src.models.evaluation:evaluate_tsb_ad_nonoverlapping:65 - Normal (83689) reconstruction error: mean=0.4897, std=0.1089
2026-02-08 14:24:20.249 | INFO     | src.models.evaluation:evaluate_tsb_ad_nonoverlapping:66 - Anomaly (1456) reconstruction error: mean=0.4911, std=0.1675
2026-02-08 14:24:20.249 | INFO     | src.models.evaluation:evaluate_tsb_ad_nonoverlapping:67 - Overlap? Normal max=1.0000, Anomaly min=0.0000
2026-02-08 14:24:40.065 | INFO     | src.models.evaluation:evaluate_tsb_ad_nonoverlapping:83 - {'AUC-PR': 0.03608459605505783, 'AUC-ROC': 0.508260732205934, 'VUS-PR': np.float64(0.018722329613231413), 'VUS-ROC': np.float64(0.13402642480626378), 'Standard-F1': np.float64(0.1125177572573986), 'PA-F1': 0.4342990927714369, 'Event-based-F1': np.float64(0.06780896828290146), 'R-based-F1': 0.04710374036847862, 'Affiliation-F': 0.668322610149235}
2026-02-08 14:24:40.216 | INFO     | src.pipelines.train_vision_backbones:run_pipeline:170 - Train images: 64
2026-02-08 14:24:40.216 | INFO     | src.pipelines.train_vision_backbones:run_pipeline:171 - Test images: 1702
2026-02-08 14:24:41.201 | INFO     | src.pipelines.train_vision_backbones:run_pipeline:176 - Training pvt_autoencoder_differential_lr on GADF
2026-02-08 14:24:41.225 | INFO     | src.models.pvt_autoencoder.training:train_pvt_autoencoder_differential_lr:267 - Device: cuda | Model on: cuda:0
2026-02-08 14:24:45.094 | INFO     | src.pipelines.train_vision_backbones:run_pipeline:193 - Evaluating pvt_autoencoder_differential_lr on GADF
2026-02-08 14:24:47.409 | INFO     | src.models.evaluation:evaluate_tsb_ad_nonoverlapping:65 - Normal (83689) reconstruction error: mean=0.4898, std=0.1088
2026-02-08 14:24:47.409 | INFO     | src.models.evaluation:evaluate_tsb_ad_nonoverlapping:66 - Anomaly (1456) reconstruction error: mean=0.4912, std=0.1673
2026-02-08 14:24:47.409 | INFO     | src.models.evaluation:evaluate_tsb_ad_nonoverlapping:67 - Overlap? Normal max=1.0000, Anomaly min=0.0000
2026-02-08 14:25:07.265 | INFO     | src.models.evaluation:evaluate_tsb_ad_nonoverlapping:83 - {'AUC-PR': 0.03610532484742235, 'AUC-ROC': 0.5082596242971262, 'VUS-PR': np.float64(0.018730692273992135), 'VUS-ROC': np.float64(0.13428371684638746), 'Standard-F1': np.float64(0.1125177572573986), 'PA-F1': 0.4407484407484408, 'Event-based-F1': np.float64(0.06780896828290146), 'R-based-F1': 0.04739483081401043, 'Affiliation-F': 0.668322610149235}
2026-02-08 14:25:08.046 | INFO     | src.pipelines.train_vision_backbones:run_pipeline:70 - Using zip: /net/scratch/hscra/plgrid/plgsmendowski12/ts2i_images/IOPS/266_IOPS_id_7_WebService_tr_4010_1st_4110_ts2i_MTF.zip for transformation MTF
2026-02-08 14:25:10.400 | INFO     | src.pipelines.train_vision_backbones:run_pipeline:170 - Train images: 64
2026-02-08 14:25:10.400 | INFO     | src.pipelines.train_vision_backbones:run_pipeline:171 - Test images: 1702
2026-02-08 14:25:10.407 | INFO     | src.pipelines.train_vision_backbones:run_pipeline:176 - Training cnn_autoencoder on MTF
2026-02-08 14:25:10.411 | INFO     | src.models.cnn_autoencoder.training:train_autoencoder:22 - Device: cuda | Model on: cuda:0
2026-02-08 14:25:33.556 | INFO     | src.pipelines.train_vision_backbones:run_pipeline:193 - Evaluating cnn_autoencoder on MTF
2026-02-08 14:25:35.278 | INFO     | src.models.evaluation:evaluate_tsb_ad_nonoverlapping:65 - Normal (83689) reconstruction error: mean=0.2074, std=0.1023
2026-02-08 14:25:35.278 | INFO     | src.models.evaluation:evaluate_tsb_ad_nonoverlapping:66 - Anomaly (1456) reconstruction error: mean=0.3246, std=0.2127
2026-02-08 14:25:35.279 | INFO     | src.models.evaluation:evaluate_tsb_ad_nonoverlapping:67 - Overlap? Normal max=1.0000, Anomaly min=0.0313
2026-02-08 14:25:47.135 | INFO     | src.models.evaluation:evaluate_tsb_ad_nonoverlapping:83 - {'AUC-PR': 0.08108292435066101, 'AUC-ROC': 0.6957775395928857, 'VUS-PR': np.float64(0.04075193678450501), 'VUS-ROC': np.float64(0.5003699761022949), 'Standard-F1': np.float64(0.17133282557208263), 'PA-F1': 0.6061601642710472, 'Event-based-F1': np.float64(0.19325153374233092), 'R-based-F1': 0.16351160954291993, 'Affiliation-F': 0.6698430520256887}
2026-02-08 14:25:47.291 | INFO     | src.pipelines.train_vision_backbones:run_pipeline:170 - Train images: 64
2026-02-08 14:25:47.292 | INFO     | src.pipelines.train_vision_backbones:run_pipeline:171 - Test images: 1702
2026-02-08 14:25:47.504 | INFO     | src.pipelines.train_vision_backbones:run_pipeline:176 - Training resnet18_autoencoder_frozen on MTF
2026-02-08 14:25:47.524 | INFO     | src.models.resnet18_autoencoder.training:train_autoencoder_frozen:25 - Device: cuda | Model on: cuda:0
2026-02-08 14:26:13.319 | INFO     | src.pipelines.train_vision_backbones:run_pipeline:193 - Evaluating resnet18_autoencoder_frozen on MTF
2026-02-08 14:26:14.986 | INFO     | src.models.evaluation:evaluate_tsb_ad_nonoverlapping:65 - Normal (83689) reconstruction error: mean=0.1963, std=0.1036
2026-02-08 14:26:14.987 | INFO     | src.models.evaluation:evaluate_tsb_ad_nonoverlapping:66 - Anomaly (1456) reconstruction error: mean=0.3138, std=0.2125
2026-02-08 14:26:14.987 | INFO     | src.models.evaluation:evaluate_tsb_ad_nonoverlapping:67 - Overlap? Normal max=1.0000, Anomaly min=0.0446
2026-02-08 14:26:26.542 | INFO     | src.models.evaluation:evaluate_tsb_ad_nonoverlapping:83 - {'AUC-PR': 0.07369478277393057, 'AUC-ROC': 0.6905138648468119, 'VUS-PR': np.float64(0.04015777278568268), 'VUS-ROC': np.float64(0.4976013432460908), 'Standard-F1': np.float64(0.169985899797859), 'PA-F1': 0.5963782696177062, 'Event-based-F1': np.float64(0.20164515885593493), 'R-based-F1': 0.17673864715808824, 'Affiliation-F': 0.6689864375514775}
2026-02-08 14:26:26.698 | INFO     | src.pipelines.train_vision_backbones:run_pipeline:170 - Train images: 64
2026-02-08 14:26:26.698 | INFO     | src.pipelines.train_vision_backbones:run_pipeline:171 - Test images: 1702
2026-02-08 14:26:26.908 | INFO     | src.pipelines.train_vision_backbones:run_pipeline:176 - Training resnet18_autoencoder_progressive_unfreeze on MTF
2026-02-08 14:26:26.922 | INFO     | src.models.resnet18_autoencoder.training:train_autoencoder_progressive_unfreeze:133 - Device: cuda | Model on: cuda:0
2026-02-08 14:27:06.285 | INFO     | src.pipelines.train_vision_backbones:run_pipeline:193 - Evaluating resnet18_autoencoder_progressive_unfreeze on MTF
2026-02-08 14:27:08.306 | INFO     | src.models.evaluation:evaluate_tsb_ad_nonoverlapping:65 - Normal (83689) reconstruction error: mean=0.2149, std=0.1091
2026-02-08 14:27:08.306 | INFO     | src.models.evaluation:evaluate_tsb_ad_nonoverlapping:66 - Anomaly (1456) reconstruction error: mean=0.3153, std=0.1901
2026-02-08 14:27:08.306 | INFO     | src.models.evaluation:evaluate_tsb_ad_nonoverlapping:67 - Overlap? Normal max=1.0000, Anomaly min=0.0410
2026-02-08 14:27:20.437 | INFO     | src.models.evaluation:evaluate_tsb_ad_nonoverlapping:83 - {'AUC-PR': 0.06302312586485875, 'AUC-ROC': 0.6707518492393147, 'VUS-PR': np.float64(0.03654560160158925), 'VUS-ROC': np.float64(0.4821476924296606), 'Standard-F1': np.float64(0.16151147365348084), 'PA-F1': 0.5733075435203094, 'Event-based-F1': np.float64(0.19016440111024083), 'R-based-F1': 0.16785639785459971, 'Affiliation-F': 0.6696887288758967}
2026-02-08 14:27:20.592 | INFO     | src.pipelines.train_vision_backbones:run_pipeline:170 - Train images: 64
2026-02-08 14:27:20.592 | INFO     | src.pipelines.train_vision_backbones:run_pipeline:171 - Test images: 1702
2026-02-08 14:27:20.798 | INFO     | src.pipelines.train_vision_backbones:run_pipeline:176 - Training resnet18_autoencoder_differential_lr on MTF
2026-02-08 14:27:20.812 | INFO     | src.models.resnet18_autoencoder.training:train_autoencoder_differential_lr:271 - Device: cuda | Model on: cuda:0
2026-02-08 14:27:48.015 | INFO     | src.pipelines.train_vision_backbones:run_pipeline:193 - Evaluating resnet18_autoencoder_differential_lr on MTF
2026-02-08 14:27:50.341 | INFO     | src.models.evaluation:evaluate_tsb_ad_nonoverlapping:65 - Normal (83689) reconstruction error: mean=0.1152, std=0.0830
2026-02-08 14:27:50.341 | INFO     | src.models.evaluation:evaluate_tsb_ad_nonoverlapping:66 - Anomaly (1456) reconstruction error: mean=0.2002, std=0.1490
2026-02-08 14:27:50.342 | INFO     | src.models.evaluation:evaluate_tsb_ad_nonoverlapping:67 - Overlap? Normal max=1.0000, Anomaly min=0.0244
2026-02-08 14:27:59.312 | INFO     | src.models.evaluation:evaluate_tsb_ad_nonoverlapping:83 - {'AUC-PR': 0.05880716534151804, 'AUC-ROC': 0.7037587094763068, 'VUS-PR': np.float64(0.03843281461122257), 'VUS-ROC': np.float64(0.49650549423660634), 'Standard-F1': np.float64(0.18673770149534993), 'PA-F1': 0.4499551837466388, 'Event-based-F1': np.float64(0.1879079107796022), 'R-based-F1': 0.1763594585235696, 'Affiliation-F': 0.6686212873613424}
2026-02-08 14:27:59.466 | INFO     | src.pipelines.train_vision_backbones:run_pipeline:170 - Train images: 64
2026-02-08 14:27:59.466 | INFO     | src.pipelines.train_vision_backbones:run_pipeline:171 - Test images: 1702
2026-02-08 14:28:00.473 | INFO     | src.pipelines.train_vision_backbones:run_pipeline:176 - Training pvt_autoencoder_frozen on MTF
2026-02-08 14:28:00.496 | INFO     | src.models.pvt_autoencoder.training:train_pvt_autoencoder_frozen:24 - Device: cuda | Model on: cuda:0
2026-02-08 14:28:30.553 | INFO     | src.pipelines.train_vision_backbones:run_pipeline:193 - Evaluating pvt_autoencoder_frozen on MTF
2026-02-08 14:28:34.365 | INFO     | src.models.evaluation:evaluate_tsb_ad_nonoverlapping:65 - Normal (83689) reconstruction error: mean=0.1992, std=0.1054
2026-02-08 14:28:34.365 | INFO     | src.models.evaluation:evaluate_tsb_ad_nonoverlapping:66 - Anomaly (1456) reconstruction error: mean=0.3183, std=0.2153
2026-02-08 14:28:34.365 | INFO     | src.models.evaluation:evaluate_tsb_ad_nonoverlapping:67 - Overlap? Normal max=1.0000, Anomaly min=0.0440
2026-02-08 14:28:46.032 | INFO     | src.models.evaluation:evaluate_tsb_ad_nonoverlapping:83 - {'AUC-PR': 0.07444352466170617, 'AUC-ROC': 0.688327468365018, 'VUS-PR': np.float64(0.040406007965975856), 'VUS-ROC': np.float64(0.4989471433855427), 'Standard-F1': np.float64(0.169985899797859), 'PA-F1': 0.5963782696177062, 'Event-based-F1': np.float64(0.20083030617540168), 'R-based-F1': 0.18119650639174176, 'Affiliation-F': 0.6704626946522219}
2026-02-08 14:28:46.185 | INFO     | src.pipelines.train_vision_backbones:run_pipeline:170 - Train images: 64
2026-02-08 14:28:46.185 | INFO     | src.pipelines.train_vision_backbones:run_pipeline:171 - Test images: 1702
2026-02-08 14:28:47.167 | INFO     | src.pipelines.train_vision_backbones:run_pipeline:176 - Training pvt_autoencoder_progressive_unfreeze on MTF
2026-02-08 14:28:47.191 | INFO     | src.models.pvt_autoencoder.training:train_pvt_autoencoder_progressive_unfreeze:132 - Device: cuda | Model on: cuda:0
2026-02-08 14:29:17.766 | INFO     | src.pipelines.train_vision_backbones:run_pipeline:193 - Evaluating pvt_autoencoder_progressive_unfreeze on MTF
2026-02-08 14:29:23.794 | INFO     | src.models.evaluation:evaluate_tsb_ad_nonoverlapping:65 - Normal (83689) reconstruction error: mean=0.2054, std=0.1075
2026-02-08 14:29:23.794 | INFO     | src.models.evaluation:evaluate_tsb_ad_nonoverlapping:66 - Anomaly (1456) reconstruction error: mean=0.3285, std=0.2183
2026-02-08 14:29:23.794 | INFO     | src.models.evaluation:evaluate_tsb_ad_nonoverlapping:67 - Overlap? Normal max=1.0000, Anomaly min=0.0450
2026-02-08 14:29:35.617 | INFO     | src.models.evaluation:evaluate_tsb_ad_nonoverlapping:83 - {'AUC-PR': 0.07585361469585712, 'AUC-ROC': 0.6915023657053672, 'VUS-PR': np.float64(0.040916797616888566), 'VUS-ROC': np.float64(0.4991441594324069), 'Standard-F1': np.float64(0.17466753127094645), 'PA-F1': 0.5885601577909271, 'Event-based-F1': np.float64(0.20792156252431673), 'R-based-F1': 0.1860977061298591, 'Affiliation-F': 0.6711226754339926}
2026-02-08 14:29:35.777 | INFO     | src.pipelines.train_vision_backbones:run_pipeline:170 - Train images: 64
2026-02-08 14:29:35.777 | INFO     | src.pipelines.train_vision_backbones:run_pipeline:171 - Test images: 1702
2026-02-08 14:29:36.748 | INFO     | src.pipelines.train_vision_backbones:run_pipeline:176 - Training pvt_autoencoder_differential_lr on MTF
2026-02-08 14:29:36.771 | INFO     | src.models.pvt_autoencoder.training:train_pvt_autoencoder_differential_lr:267 - Device: cuda | Model on: cuda:0
2026-02-08 14:30:08.087 | INFO     | src.pipelines.train_vision_backbones:run_pipeline:193 - Evaluating pvt_autoencoder_differential_lr on MTF
2026-02-08 14:30:11.007 | INFO     | src.models.evaluation:evaluate_tsb_ad_nonoverlapping:65 - Normal (83689) reconstruction error: mean=0.1962, std=0.1038
2026-02-08 14:30:11.007 | INFO     | src.models.evaluation:evaluate_tsb_ad_nonoverlapping:66 - Anomaly (1456) reconstruction error: mean=0.3131, std=0.2110
2026-02-08 14:30:11.007 | INFO     | src.models.evaluation:evaluate_tsb_ad_nonoverlapping:67 - Overlap? Normal max=1.0000, Anomaly min=0.0456
2026-02-08 14:30:22.501 | INFO     | src.models.evaluation:evaluate_tsb_ad_nonoverlapping:83 - {'AUC-PR': 0.07307062825201131, 'AUC-ROC': 0.6903173136175682, 'VUS-PR': np.float64(0.04013466838442644), 'VUS-ROC': np.float64(0.4976598956502168), 'Standard-F1': np.float64(0.1707528406968876), 'PA-F1': 0.5771760154738879, 'Event-based-F1': np.float64(0.20164515885593493), 'R-based-F1': 0.17673864715808824, 'Affiliation-F': 0.6693240646404284}
2026-02-08 14:30:23.275 | INFO     | src.pipelines.train_vision_backbones:run_pipeline:70 - Using zip: /net/scratch/hscra/plgrid/plgsmendowski12/ts2i_images/IOPS/266_IOPS_id_7_WebService_tr_4010_1st_4110_ts2i_RP.zip for transformation RP
2026-02-08 14:30:25.623 | INFO     | src.pipelines.train_vision_backbones:run_pipeline:170 - Train images: 64
2026-02-08 14:30:25.624 | INFO     | src.pipelines.train_vision_backbones:run_pipeline:171 - Test images: 1702
2026-02-08 14:30:25.630 | INFO     | src.pipelines.train_vision_backbones:run_pipeline:176 - Training cnn_autoencoder on RP
2026-02-08 14:30:25.634 | INFO     | src.models.cnn_autoencoder.training:train_autoencoder:22 - Device: cuda | Model on: cuda:0
2026-02-08 14:30:48.619 | INFO     | src.pipelines.train_vision_backbones:run_pipeline:193 - Evaluating cnn_autoencoder on RP
2026-02-08 14:30:49.966 | INFO     | src.models.evaluation:evaluate_tsb_ad_nonoverlapping:65 - Normal (83689) reconstruction error: mean=0.2576, std=0.1064
2026-02-08 14:30:49.966 | INFO     | src.models.evaluation:evaluate_tsb_ad_nonoverlapping:66 - Anomaly (1456) reconstruction error: mean=0.3211, std=0.1434
2026-02-08 14:30:49.967 | INFO     | src.models.evaluation:evaluate_tsb_ad_nonoverlapping:67 - Overlap? Normal max=1.0000, Anomaly min=0.0615
2026-02-08 14:31:03.356 | INFO     | src.models.evaluation:evaluate_tsb_ad_nonoverlapping:83 - {'AUC-PR': 0.041699972055394226, 'AUC-ROC': 0.6274206740576275, 'VUS-PR': np.float64(0.029777032898380417), 'VUS-ROC': np.float64(0.4965403315248477), 'Standard-F1': np.float64(0.11371730330440533), 'PA-F1': 0.46013579049466535, 'Event-based-F1': np.float64(0.13118461973423756), 'R-based-F1': 0.12283858440642295, 'Affiliation-F': 0.6791884192560249}
2026-02-08 14:31:03.513 | INFO     | src.pipelines.train_vision_backbones:run_pipeline:170 - Train images: 64
2026-02-08 14:31:03.513 | INFO     | src.pipelines.train_vision_backbones:run_pipeline:171 - Test images: 1702
2026-02-08 14:31:03.734 | INFO     | src.pipelines.train_vision_backbones:run_pipeline:176 - Training resnet18_autoencoder_frozen on RP
2026-02-08 14:31:03.750 | INFO     | src.models.resnet18_autoencoder.training:train_autoencoder_frozen:25 - Device: cuda | Model on: cuda:0
2026-02-08 14:31:29.383 | INFO     | src.pipelines.train_vision_backbones:run_pipeline:193 - Evaluating resnet18_autoencoder_frozen on RP
2026-02-08 14:31:31.176 | INFO     | src.models.evaluation:evaluate_tsb_ad_nonoverlapping:65 - Normal (83689) reconstruction error: mean=0.2799, std=0.1154
2026-02-08 14:31:31.176 | INFO     | src.models.evaluation:evaluate_tsb_ad_nonoverlapping:66 - Anomaly (1456) reconstruction error: mean=0.3156, std=0.1417
2026-02-08 14:31:31.176 | INFO     | src.models.evaluation:evaluate_tsb_ad_nonoverlapping:67 - Overlap? Normal max=1.0000, Anomaly min=0.0526
2026-02-08 14:31:45.279 | INFO     | src.models.evaluation:evaluate_tsb_ad_nonoverlapping:83 - {'AUC-PR': 0.02835211314301913, 'AUC-ROC': 0.5715903999751042, 'VUS-PR': np.float64(0.025223220585057222), 'VUS-ROC': np.float64(0.46017996241073517), 'Standard-F1': np.float64(0.08080544131367992), 'PA-F1': 0.3404626800523789, 'Event-based-F1': np.float64(0.07990304878879048), 'R-based-F1': 0.08136904897348553, 'Affiliation-F': 0.6737033416296504}
2026-02-08 14:31:45.436 | INFO     | src.pipelines.train_vision_backbones:run_pipeline:170 - Train images: 64
2026-02-08 14:31:45.436 | INFO     | src.pipelines.train_vision_backbones:run_pipeline:171 - Test images: 1702
2026-02-08 14:31:45.646 | INFO     | src.pipelines.train_vision_backbones:run_pipeline:176 - Training resnet18_autoencoder_progressive_unfreeze on RP
2026-02-08 14:31:45.660 | INFO     | src.models.resnet18_autoencoder.training:train_autoencoder_progressive_unfreeze:133 - Device: cuda | Model on: cuda:0
2026-02-08 14:32:11.623 | INFO     | src.pipelines.train_vision_backbones:run_pipeline:193 - Evaluating resnet18_autoencoder_progressive_unfreeze on RP
2026-02-08 14:32:13.074 | INFO     | src.models.evaluation:evaluate_tsb_ad_nonoverlapping:65 - Normal (83689) reconstruction error: mean=0.2865, std=0.1077
2026-02-08 14:32:13.074 | INFO     | src.models.evaluation:evaluate_tsb_ad_nonoverlapping:66 - Anomaly (1456) reconstruction error: mean=0.3310, std=0.1336
2026-02-08 14:32:13.074 | INFO     | src.models.evaluation:evaluate_tsb_ad_nonoverlapping:67 - Overlap? Normal max=1.0000, Anomaly min=0.1033
2026-02-08 14:32:27.299 | INFO     | src.models.evaluation:evaluate_tsb_ad_nonoverlapping:83 - {'AUC-PR': 0.0315021519384369, 'AUC-ROC': 0.5976043039516136, 'VUS-PR': np.float64(0.027136805503891852), 'VUS-ROC': np.float64(0.48149115882291127), 'Standard-F1': np.float64(0.09027065480041291), 'PA-F1': 0.28969359331476324, 'Event-based-F1': np.float64(0.09308885754583886), 'R-based-F1': 0.09219091345762355, 'Affiliation-F': 0.676353626543019}
2026-02-08 14:32:27.457 | INFO     | src.pipelines.train_vision_backbones:run_pipeline:170 - Train images: 64
2026-02-08 14:32:27.457 | INFO     | src.pipelines.train_vision_backbones:run_pipeline:171 - Test images: 1702
2026-02-08 14:32:27.667 | INFO     | src.pipelines.train_vision_backbones:run_pipeline:176 - Training resnet18_autoencoder_differential_lr on RP
2026-02-08 14:32:27.681 | INFO     | src.models.resnet18_autoencoder.training:train_autoencoder_differential_lr:271 - Device: cuda | Model on: cuda:0
2026-02-08 14:32:53.947 | INFO     | src.pipelines.train_vision_backbones:run_pipeline:193 - Evaluating resnet18_autoencoder_differential_lr on RP
2026-02-08 14:32:55.135 | INFO     | src.models.evaluation:evaluate_tsb_ad_nonoverlapping:65 - Normal (83689) reconstruction error: mean=0.2862, std=0.1247
2026-02-08 14:32:55.135 | INFO     | src.models.evaluation:evaluate_tsb_ad_nonoverlapping:66 - Anomaly (1456) reconstruction error: mean=0.3371, std=0.1529
2026-02-08 14:32:55.135 | INFO     | src.models.evaluation:evaluate_tsb_ad_nonoverlapping:67 - Overlap? Normal max=1.0000, Anomaly min=0.0673
2026-02-08 14:33:09.525 | INFO     | src.models.evaluation:evaluate_tsb_ad_nonoverlapping:83 - {'AUC-PR': 0.03212910777586902, 'AUC-ROC': 0.5940336779985658, 'VUS-PR': np.float64(0.027537179683747675), 'VUS-ROC': np.float64(0.4836498804371594), 'Standard-F1': np.float64(0.09930022691482661), 'PA-F1': 0.35347776510832385, 'Event-based-F1': np.float64(0.09831267521201731), 'R-based-F1': 0.09404993181962323, 'Affiliation-F': 0.6748047604774604}
2026-02-08 14:33:09.679 | INFO     | src.pipelines.train_vision_backbones:run_pipeline:170 - Train images: 64
2026-02-08 14:33:09.679 | INFO     | src.pipelines.train_vision_backbones:run_pipeline:171 - Test images: 1702
2026-02-08 14:33:10.656 | INFO     | src.pipelines.train_vision_backbones:run_pipeline:176 - Training pvt_autoencoder_frozen on RP
2026-02-08 14:33:10.680 | INFO     | src.models.pvt_autoencoder.training:train_pvt_autoencoder_frozen:24 - Device: cuda | Model on: cuda:0
2026-02-08 14:33:39.778 | INFO     | src.pipelines.train_vision_backbones:run_pipeline:193 - Evaluating pvt_autoencoder_frozen on RP
2026-02-08 14:33:44.362 | INFO     | src.models.evaluation:evaluate_tsb_ad_nonoverlapping:65 - Normal (83689) reconstruction error: mean=0.2609, std=0.1121
2026-02-08 14:33:44.362 | INFO     | src.models.evaluation:evaluate_tsb_ad_nonoverlapping:66 - Anomaly (1456) reconstruction error: mean=0.3041, std=0.1373
2026-02-08 14:33:44.362 | INFO     | src.models.evaluation:evaluate_tsb_ad_nonoverlapping:67 - Overlap? Normal max=1.0000, Anomaly min=0.0843
2026-02-08 14:33:57.843 | INFO     | src.models.evaluation:evaluate_tsb_ad_nonoverlapping:83 - {'AUC-PR': 0.030215943845928406, 'AUC-ROC': 0.5897381103822511, 'VUS-PR': np.float64(0.026659552343601695), 'VUS-ROC': np.float64(0.4797615614707017), 'Standard-F1': np.float64(0.10210466520705973), 'PA-F1': 0.29537409984132795, 'Event-based-F1': np.float64(0.10562260033813863), 'R-based-F1': 0.09449248706495138, 'Affiliation-F': 0.672867241436685}
2026-02-08 14:33:57.995 | INFO     | src.pipelines.train_vision_backbones:run_pipeline:170 - Train images: 64
2026-02-08 14:33:57.995 | INFO     | src.pipelines.train_vision_backbones:run_pipeline:171 - Test images: 1702
2026-02-08 14:33:58.973 | INFO     | src.pipelines.train_vision_backbones:run_pipeline:176 - Training pvt_autoencoder_progressive_unfreeze on RP
2026-02-08 14:33:58.997 | INFO     | src.models.pvt_autoencoder.training:train_pvt_autoencoder_progressive_unfreeze:132 - Device: cuda | Model on: cuda:0
2026-02-08 14:34:33.524 | INFO     | src.pipelines.train_vision_backbones:run_pipeline:193 - Evaluating pvt_autoencoder_progressive_unfreeze on RP
2026-02-08 14:34:38.284 | INFO     | src.models.evaluation:evaluate_tsb_ad_nonoverlapping:65 - Normal (83689) reconstruction error: mean=0.2943, std=0.1249
2026-02-08 14:34:38.284 | INFO     | src.models.evaluation:evaluate_tsb_ad_nonoverlapping:66 - Anomaly (1456) reconstruction error: mean=0.3410, std=0.1574
2026-02-08 14:34:38.285 | INFO     | src.models.evaluation:evaluate_tsb_ad_nonoverlapping:67 - Overlap? Normal max=1.0000, Anomaly min=0.0348
2026-02-08 14:34:52.843 | INFO     | src.models.evaluation:evaluate_tsb_ad_nonoverlapping:83 - {'AUC-PR': 0.03177353680008742, 'AUC-ROC': 0.5875444099090577, 'VUS-PR': np.float64(0.02709202841821531), 'VUS-ROC': np.float64(0.47756478815403763), 'Standard-F1': np.float64(0.09281568070124933), 'PA-F1': 0.3861671469740634, 'Event-based-F1': np.float64(0.09789944822033264), 'R-based-F1': 0.09587580014115504, 'Affiliation-F': 0.675804735660021}
2026-02-08 14:34:53.001 | INFO     | src.pipelines.train_vision_backbones:run_pipeline:170 - Train images: 64
2026-02-08 14:34:53.002 | INFO     | src.pipelines.train_vision_backbones:run_pipeline:171 - Test images: 1702
2026-02-08 14:34:53.973 | INFO     | src.pipelines.train_vision_backbones:run_pipeline:176 - Training pvt_autoencoder_differential_lr on RP
2026-02-08 14:34:53.996 | INFO     | src.models.pvt_autoencoder.training:train_pvt_autoencoder_differential_lr:267 - Device: cuda | Model on: cuda:0
2026-02-08 14:35:25.723 | INFO     | src.pipelines.train_vision_backbones:run_pipeline:193 - Evaluating pvt_autoencoder_differential_lr on RP
2026-02-08 14:35:28.571 | INFO     | src.models.evaluation:evaluate_tsb_ad_nonoverlapping:65 - Normal (83689) reconstruction error: mean=0.2360, std=0.1053
2026-02-08 14:35:28.571 | INFO     | src.models.evaluation:evaluate_tsb_ad_nonoverlapping:66 - Anomaly (1456) reconstruction error: mean=0.2799, std=0.1347
2026-02-08 14:35:28.571 | INFO     | src.models.evaluation:evaluate_tsb_ad_nonoverlapping:67 - Overlap? Normal max=1.0000, Anomaly min=0.0643
2026-02-08 14:35:41.358 | INFO     | src.models.evaluation:evaluate_tsb_ad_nonoverlapping:83 - {'AUC-PR': 0.03344862464888145, 'AUC-ROC': 0.5921616814162429, 'VUS-PR': np.float64(0.028147842289294837), 'VUS-ROC': np.float64(0.47435675463672006), 'Standard-F1': np.float64(0.11607637238144601), 'PA-F1': 0.3226202661207779, 'Event-based-F1': np.float64(0.11366956771146078), 'R-based-F1': 0.10412264104050273, 'Affiliation-F': 0.6742775002142629}
2026-02-08 14:35:42.126 | INFO     | src.pipelines.train_vision_backbones:run_pipeline:70 - Using zip: /net/scratch/hscra/plgrid/plgsmendowski12/ts2i_images/IOPS/266_IOPS_id_7_WebService_tr_4010_1st_4110_ts2i_RWT.zip for transformation RWT
2026-02-08 14:35:44.136 | INFO     | src.pipelines.train_vision_backbones:run_pipeline:170 - Train images: 64
2026-02-08 14:35:44.136 | INFO     | src.pipelines.train_vision_backbones:run_pipeline:171 - Test images: 1702
2026-02-08 14:35:44.142 | INFO     | src.pipelines.train_vision_backbones:run_pipeline:176 - Training cnn_autoencoder on RWT
2026-02-08 14:35:44.147 | INFO     | src.models.cnn_autoencoder.training:train_autoencoder:22 - Device: cuda | Model on: cuda:0
2026-02-08 14:36:06.591 | INFO     | src.pipelines.train_vision_backbones:run_pipeline:193 - Evaluating cnn_autoencoder on RWT
2026-02-08 14:36:08.273 | INFO     | src.models.evaluation:evaluate_tsb_ad_nonoverlapping:65 - Normal (83689) reconstruction error: mean=0.0217, std=0.0883
2026-02-08 14:36:08.273 | INFO     | src.models.evaluation:evaluate_tsb_ad_nonoverlapping:66 - Anomaly (1456) reconstruction error: mean=0.1157, std=0.1711
2026-02-08 14:36:08.274 | INFO     | src.models.evaluation:evaluate_tsb_ad_nonoverlapping:67 - Overlap? Normal max=1.0000, Anomaly min=0.0005
2026-02-08 14:36:14.269 | INFO     | src.models.evaluation:evaluate_tsb_ad_nonoverlapping:83 - {'AUC-PR': 0.09287575615961542, 'AUC-ROC': 0.8880252817239758, 'VUS-PR': np.float64(0.06637395230845822), 'VUS-ROC': np.float64(0.7109848729350405), 'Standard-F1': np.float64(0.1817167665497951), 'PA-F1': 0.5687530803351405, 'Event-based-F1': np.float64(0.15542857142857106), 'R-based-F1': 0.17516217234608114, 'Affiliation-F': 0.6687750589460213}
2026-02-08 14:36:14.429 | INFO     | src.pipelines.train_vision_backbones:run_pipeline:170 - Train images: 64
2026-02-08 14:36:14.430 | INFO     | src.pipelines.train_vision_backbones:run_pipeline:171 - Test images: 1702
2026-02-08 14:36:14.641 | INFO     | src.pipelines.train_vision_backbones:run_pipeline:176 - Training resnet18_autoencoder_frozen on RWT
2026-02-08 14:36:14.654 | INFO     | src.models.resnet18_autoencoder.training:train_autoencoder_frozen:25 - Device: cuda | Model on: cuda:0
2026-02-08 14:36:38.305 | INFO     | src.pipelines.train_vision_backbones:run_pipeline:193 - Evaluating resnet18_autoencoder_frozen on RWT
2026-02-08 14:36:39.959 | INFO     | src.models.evaluation:evaluate_tsb_ad_nonoverlapping:65 - Normal (83689) reconstruction error: mean=0.0474, std=0.1037
2026-02-08 14:36:39.960 | INFO     | src.models.evaluation:evaluate_tsb_ad_nonoverlapping:66 - Anomaly (1456) reconstruction error: mean=0.1883, std=0.1714
2026-02-08 14:36:39.960 | INFO     | src.models.evaluation:evaluate_tsb_ad_nonoverlapping:67 - Overlap? Normal max=1.0000, Anomaly min=0.0029
2026-02-08 14:36:46.828 | INFO     | src.models.evaluation:evaluate_tsb_ad_nonoverlapping:83 - {'AUC-PR': 0.08681463655268898, 'AUC-ROC': 0.86349589348266, 'VUS-PR': np.float64(0.05715878511565407), 'VUS-ROC': np.float64(0.6459163180664966), 'Standard-F1': np.float64(0.16855525823725037), 'PA-F1': 0.5831227892875189, 'Event-based-F1': np.float64(0.15415201101085743), 'R-based-F1': 0.1686288929404432, 'Affiliation-F': 0.6697978506014781}
2026-02-08 14:36:46.985 | INFO     | src.pipelines.train_vision_backbones:run_pipeline:170 - Train images: 64
2026-02-08 14:36:46.985 | INFO     | src.pipelines.train_vision_backbones:run_pipeline:171 - Test images: 1702
2026-02-08 14:36:47.196 | INFO     | src.pipelines.train_vision_backbones:run_pipeline:176 - Training resnet18_autoencoder_progressive_unfreeze on RWT
2026-02-08 14:36:47.210 | INFO     | src.models.resnet18_autoencoder.training:train_autoencoder_progressive_unfreeze:133 - Device: cuda | Model on: cuda:0
2026-02-08 14:37:08.142 | INFO     | src.pipelines.train_vision_backbones:run_pipeline:193 - Evaluating resnet18_autoencoder_progressive_unfreeze on RWT
2026-02-08 14:37:09.591 | INFO     | src.models.evaluation:evaluate_tsb_ad_nonoverlapping:65 - Normal (83689) reconstruction error: mean=0.0427, std=0.1011
2026-02-08 14:37:09.591 | INFO     | src.models.evaluation:evaluate_tsb_ad_nonoverlapping:66 - Anomaly (1456) reconstruction error: mean=0.2071, std=0.2059
2026-02-08 14:37:09.592 | INFO     | src.models.evaluation:evaluate_tsb_ad_nonoverlapping:67 - Overlap? Normal max=1.0000, Anomaly min=0.0019
2026-02-08 14:37:16.317 | INFO     | src.models.evaluation:evaluate_tsb_ad_nonoverlapping:83 - {'AUC-PR': 0.10093333832687854, 'AUC-ROC': 0.8805328637594527, 'VUS-PR': np.float64(0.062420888381549765), 'VUS-ROC': np.float64(0.6538833002968995), 'Standard-F1': np.float64(0.20350314365454655), 'PA-F1': 0.6287588846364134, 'Event-based-F1': np.float64(0.1669150521609533), 'R-based-F1': 0.18445780578772836, 'Affiliation-F': 0.668669031329752}
2026-02-08 14:37:16.482 | INFO     | src.pipelines.train_vision_backbones:run_pipeline:170 - Train images: 64
2026-02-08 14:37:16.483 | INFO     | src.pipelines.train_vision_backbones:run_pipeline:171 - Test images: 1702
2026-02-08 14:37:16.693 | INFO     | src.pipelines.train_vision_backbones:run_pipeline:176 - Training resnet18_autoencoder_differential_lr on RWT
2026-02-08 14:37:16.707 | INFO     | src.models.resnet18_autoencoder.training:train_autoencoder_differential_lr:271 - Device: cuda | Model on: cuda:0
2026-02-08 14:37:41.229 | INFO     | src.pipelines.train_vision_backbones:run_pipeline:193 - Evaluating resnet18_autoencoder_differential_lr on RWT
2026-02-08 14:37:43.447 | INFO     | src.models.evaluation:evaluate_tsb_ad_nonoverlapping:65 - Normal (83689) reconstruction error: mean=0.0440, std=0.0885
2026-02-08 14:37:43.448 | INFO     | src.models.evaluation:evaluate_tsb_ad_nonoverlapping:66 - Anomaly (1456) reconstruction error: mean=0.1909, std=0.1487
2026-02-08 14:37:43.448 | INFO     | src.models.evaluation:evaluate_tsb_ad_nonoverlapping:67 - Overlap? Normal max=1.0000, Anomaly min=0.0029
2026-02-08 14:37:50.193 | INFO     | src.models.evaluation:evaluate_tsb_ad_nonoverlapping:83 - {'AUC-PR': 0.1045737632094676, 'AUC-ROC': 0.8774160290473664, 'VUS-PR': np.float64(0.06237354754999708), 'VUS-ROC': np.float64(0.6742445795505443), 'Standard-F1': np.float64(0.21065164930628558), 'PA-F1': 0.6464305789769533, 'Event-based-F1': np.float64(0.1611585592276267), 'R-based-F1': 0.16960000294364488, 'Affiliation-F': 0.6871719588150202}
2026-02-08 14:37:50.350 | INFO     | src.pipelines.train_vision_backbones:run_pipeline:170 - Train images: 64
2026-02-08 14:37:50.350 | INFO     | src.pipelines.train_vision_backbones:run_pipeline:171 - Test images: 1702
2026-02-08 14:37:51.326 | INFO     | src.pipelines.train_vision_backbones:run_pipeline:176 - Training pvt_autoencoder_frozen on RWT
2026-02-08 14:37:51.350 | INFO     | src.models.pvt_autoencoder.training:train_pvt_autoencoder_frozen:24 - Device: cuda | Model on: cuda:0
2026-02-08 14:38:17.937 | INFO     | src.pipelines.train_vision_backbones:run_pipeline:193 - Evaluating pvt_autoencoder_frozen on RWT
2026-02-08 14:38:20.551 | INFO     | src.models.evaluation:evaluate_tsb_ad_nonoverlapping:65 - Normal (83689) reconstruction error: mean=0.0363, std=0.0979
2026-02-08 14:38:20.551 | INFO     | src.models.evaluation:evaluate_tsb_ad_nonoverlapping:66 - Anomaly (1456) reconstruction error: mean=0.2029, std=0.2528
2026-02-08 14:38:20.551 | INFO     | src.models.evaluation:evaluate_tsb_ad_nonoverlapping:67 - Overlap? Normal max=1.0000, Anomaly min=0.0028
2026-02-08 14:38:27.070 | INFO     | src.models.evaluation:evaluate_tsb_ad_nonoverlapping:83 - {'AUC-PR': 0.11424399718102034, 'AUC-ROC': 0.8804002019381282, 'VUS-PR': np.float64(0.06419418036504558), 'VUS-ROC': np.float64(0.6698900359719616), 'Standard-F1': np.float64(0.2047826569103119), 'PA-F1': 0.7175427485750475, 'Event-based-F1': np.float64(0.1535840753330122), 'R-based-F1': 0.1825763243980364, 'Affiliation-F': 0.6773214306717855}
2026-02-08 14:38:27.227 | INFO     | src.pipelines.train_vision_backbones:run_pipeline:170 - Train images: 64
2026-02-08 14:38:27.227 | INFO     | src.pipelines.train_vision_backbones:run_pipeline:171 - Test images: 1702
2026-02-08 14:38:28.204 | INFO     | src.pipelines.train_vision_backbones:run_pipeline:176 - Training pvt_autoencoder_progressive_unfreeze on RWT
2026-02-08 14:38:28.243 | INFO     | src.models.pvt_autoencoder.training:train_pvt_autoencoder_progressive_unfreeze:132 - Device: cuda | Model on: cuda:0
2026-02-08 14:39:06.464 | INFO     | src.pipelines.train_vision_backbones:run_pipeline:193 - Evaluating pvt_autoencoder_progressive_unfreeze on RWT
2026-02-08 14:39:11.644 | INFO     | src.models.evaluation:evaluate_tsb_ad_nonoverlapping:65 - Normal (83689) reconstruction error: mean=0.0257, std=0.0845
2026-02-08 14:39:11.644 | INFO     | src.models.evaluation:evaluate_tsb_ad_nonoverlapping:66 - Anomaly (1456) reconstruction error: mean=0.1478, std=0.2062
2026-02-08 14:39:11.644 | INFO     | src.models.evaluation:evaluate_tsb_ad_nonoverlapping:67 - Overlap? Normal max=1.0000, Anomaly min=0.0004
2026-02-08 14:39:17.785 | INFO     | src.models.evaluation:evaluate_tsb_ad_nonoverlapping:83 - {'AUC-PR': 0.10006801798987564, 'AUC-ROC': 0.8881854360971986, 'VUS-PR': np.float64(0.06503254492493345), 'VUS-ROC': np.float64(0.6878456007672213), 'Standard-F1': np.float64(0.1881059216721316), 'PA-F1': 0.6748064324002382, 'Event-based-F1': np.float64(0.15415201101085743), 'R-based-F1': 0.17552887056433447, 'Affiliation-F': 0.6688797228674037}
2026-02-08 14:39:17.948 | INFO     | src.pipelines.train_vision_backbones:run_pipeline:170 - Train images: 64
2026-02-08 14:39:17.948 | INFO     | src.pipelines.train_vision_backbones:run_pipeline:171 - Test images: 1702
2026-02-08 14:39:18.889 | INFO     | src.pipelines.train_vision_backbones:run_pipeline:176 - Training pvt_autoencoder_differential_lr on RWT
2026-02-08 14:39:18.914 | INFO     | src.models.pvt_autoencoder.training:train_pvt_autoencoder_differential_lr:267 - Device: cuda | Model on: cuda:0
2026-02-08 14:39:47.799 | INFO     | src.pipelines.train_vision_backbones:run_pipeline:193 - Evaluating pvt_autoencoder_differential_lr on RWT
2026-02-08 14:39:52.498 | INFO     | src.models.evaluation:evaluate_tsb_ad_nonoverlapping:65 - Normal (83689) reconstruction error: mean=0.0269, std=0.0864
2026-02-08 14:39:52.498 | INFO     | src.models.evaluation:evaluate_tsb_ad_nonoverlapping:66 - Anomaly (1456) reconstruction error: mean=0.1578, std=0.2111
2026-02-08 14:39:52.498 | INFO     | src.models.evaluation:evaluate_tsb_ad_nonoverlapping:67 - Overlap? Normal max=1.0000, Anomaly min=0.0009
2026-02-08 14:39:58.681 | INFO     | src.models.evaluation:evaluate_tsb_ad_nonoverlapping:83 - {'AUC-PR': 0.1066497429488662, 'AUC-ROC': 0.8881222032278324, 'VUS-PR': np.float64(0.06618728956290183), 'VUS-ROC': np.float64(0.6919693871310714), 'Standard-F1': np.float64(0.1960903549783336), 'PA-F1': 0.6874244256348246, 'Event-based-F1': np.float64(0.1590156176053), 'R-based-F1': 0.16226639733643253, 'Affiliation-F': 0.6687477336387097}
2026-02-08 14:39:59.840 | INFO     | src.pipelines.train_vision_backbones:run_pipeline:70 - Using zip: /net/scratch/hscra/plgrid/plgsmendowski12/ts2i_images/IOPS/266_IOPS_id_7_WebService_tr_4010_1st_4110_ts2i_MWT.zip for transformation MWT
2026-02-08 14:40:01.895 | INFO     | src.pipelines.train_vision_backbones:run_pipeline:170 - Train images: 64
2026-02-08 14:40:01.896 | INFO     | src.pipelines.train_vision_backbones:run_pipeline:171 - Test images: 1702
2026-02-08 14:40:01.902 | INFO     | src.pipelines.train_vision_backbones:run_pipeline:176 - Training cnn_autoencoder on MWT
2026-02-08 14:40:01.907 | INFO     | src.models.cnn_autoencoder.training:train_autoencoder:22 - Device: cuda | Model on: cuda:0
2026-02-08 14:40:25.101 | INFO     | src.pipelines.train_vision_backbones:run_pipeline:193 - Evaluating cnn_autoencoder on MWT
2026-02-08 14:40:26.527 | INFO     | src.models.evaluation:evaluate_tsb_ad_nonoverlapping:65 - Normal (83689) reconstruction error: mean=0.0814, std=0.1224
2026-02-08 14:40:26.527 | INFO     | src.models.evaluation:evaluate_tsb_ad_nonoverlapping:66 - Anomaly (1456) reconstruction error: mean=0.2856, std=0.1848
2026-02-08 14:40:26.527 | INFO     | src.models.evaluation:evaluate_tsb_ad_nonoverlapping:67 - Overlap? Normal max=1.0000, Anomaly min=0.0184
2026-02-08 14:40:34.590 | INFO     | src.models.evaluation:evaluate_tsb_ad_nonoverlapping:83 - {'AUC-PR': 0.09205859707045105, 'AUC-ROC': 0.8755323789057314, 'VUS-PR': np.float64(0.06868441895988416), 'VUS-ROC': np.float64(0.7731135084892333), 'Standard-F1': np.float64(0.1798134201450094), 'PA-F1': 0.3904382470119522, 'Event-based-F1': np.float64(0.1558362398835118), 'R-based-F1': 0.1570835467056296, 'Affiliation-F': 0.6902246942355749}
2026-02-08 14:40:34.743 | INFO     | src.pipelines.train_vision_backbones:run_pipeline:170 - Train images: 64
2026-02-08 14:40:34.743 | INFO     | src.pipelines.train_vision_backbones:run_pipeline:171 - Test images: 1702
2026-02-08 14:40:34.948 | INFO     | src.pipelines.train_vision_backbones:run_pipeline:176 - Training resnet18_autoencoder_frozen on MWT
2026-02-08 14:40:34.960 | INFO     | src.models.resnet18_autoencoder.training:train_autoencoder_frozen:25 - Device: cuda | Model on: cuda:0
2026-02-08 14:40:52.813 | INFO     | src.pipelines.train_vision_backbones:run_pipeline:193 - Evaluating resnet18_autoencoder_frozen on MWT
2026-02-08 14:40:54.342 | INFO     | src.models.evaluation:evaluate_tsb_ad_nonoverlapping:65 - Normal (83689) reconstruction error: mean=0.1993, std=0.1721
2026-02-08 14:40:54.342 | INFO     | src.models.evaluation:evaluate_tsb_ad_nonoverlapping:66 - Anomaly (1456) reconstruction error: mean=0.4522, std=0.2005
2026-02-08 14:40:54.342 | INFO     | src.models.evaluation:evaluate_tsb_ad_nonoverlapping:67 - Overlap? Normal max=1.0000, Anomaly min=0.0424
2026-02-08 14:41:06.258 | INFO     | src.models.evaluation:evaluate_tsb_ad_nonoverlapping:83 - {'AUC-PR': 0.07786092217362627, 'AUC-ROC': 0.8357205786363142, 'VUS-PR': np.float64(0.05450818448428231), 'VUS-ROC': np.float64(0.6846711598365752), 'Standard-F1': np.float64(0.17242601230852816), 'PA-F1': 0.4873035066505441, 'Event-based-F1': np.float64(0.12974688281168098), 'R-based-F1': 0.11048942590283048, 'Affiliation-F': 0.6700548802948016}
2026-02-08 14:41:06.411 | INFO     | src.pipelines.train_vision_backbones:run_pipeline:170 - Train images: 64
2026-02-08 14:41:06.412 | INFO     | src.pipelines.train_vision_backbones:run_pipeline:171 - Test images: 1702
2026-02-08 14:41:06.622 | INFO     | src.pipelines.train_vision_backbones:run_pipeline:176 - Training resnet18_autoencoder_progressive_unfreeze on MWT
2026-02-08 14:41:06.636 | INFO     | src.models.resnet18_autoencoder.training:train_autoencoder_progressive_unfreeze:133 - Device: cuda | Model on: cuda:0
2026-02-08 14:41:28.380 | INFO     | src.pipelines.train_vision_backbones:run_pipeline:193 - Evaluating resnet18_autoencoder_progressive_unfreeze on MWT
2026-02-08 14:41:29.922 | INFO     | src.models.evaluation:evaluate_tsb_ad_nonoverlapping:65 - Normal (83689) reconstruction error: mean=0.1657, std=0.1897
2026-02-08 14:41:29.922 | INFO     | src.models.evaluation:evaluate_tsb_ad_nonoverlapping:66 - Anomaly (1456) reconstruction error: mean=0.4217, std=0.2167
2026-02-08 14:41:29.922 | INFO     | src.models.evaluation:evaluate_tsb_ad_nonoverlapping:67 - Overlap? Normal max=1.0000, Anomaly min=0.0218
2026-02-08 14:41:40.919 | INFO     | src.models.evaluation:evaluate_tsb_ad_nonoverlapping:83 - {'AUC-PR': 0.06626279357580656, 'AUC-ROC': 0.8335725486261997, 'VUS-PR': np.float64(0.054150737760376856), 'VUS-ROC': np.float64(0.7310035787844235), 'Standard-F1': np.float64(0.1331857387554211), 'PA-F1': 0.5543328748280605, 'Event-based-F1': np.float64(0.11100057905598994), 'R-based-F1': 0.10817026049374313, 'Affiliation-F': 0.6820416738404625}
2026-02-08 14:41:41.078 | INFO     | src.pipelines.train_vision_backbones:run_pipeline:170 - Train images: 64
2026-02-08 14:41:41.078 | INFO     | src.pipelines.train_vision_backbones:run_pipeline:171 - Test images: 1702
2026-02-08 14:41:41.289 | INFO     | src.pipelines.train_vision_backbones:run_pipeline:176 - Training resnet18_autoencoder_differential_lr on MWT
2026-02-08 14:41:41.303 | INFO     | src.models.resnet18_autoencoder.training:train_autoencoder_differential_lr:271 - Device: cuda | Model on: cuda:0
2026-02-08 14:42:06.374 | INFO     | src.pipelines.train_vision_backbones:run_pipeline:193 - Evaluating resnet18_autoencoder_differential_lr on MWT
2026-02-08 14:42:07.614 | INFO     | src.models.evaluation:evaluate_tsb_ad_nonoverlapping:65 - Normal (83689) reconstruction error: mean=0.1622, std=0.1679
2026-02-08 14:42:07.614 | INFO     | src.models.evaluation:evaluate_tsb_ad_nonoverlapping:66 - Anomaly (1456) reconstruction error: mean=0.4143, std=0.2013
2026-02-08 14:42:07.614 | INFO     | src.models.evaluation:evaluate_tsb_ad_nonoverlapping:67 - Overlap? Normal max=1.0000, Anomaly min=0.0342
2026-02-08 14:42:18.401 | INFO     | src.models.evaluation:evaluate_tsb_ad_nonoverlapping:83 - {'AUC-PR': 0.0789738229060908, 'AUC-ROC': 0.8423463657111449, 'VUS-PR': np.float64(0.05895942207775078), 'VUS-ROC': np.float64(0.7328168341796528), 'Standard-F1': np.float64(0.18877340965028824), 'PA-F1': 0.5286624203821656, 'Event-based-F1': np.float64(0.12959838002024934), 'R-based-F1': 0.13137057798621551, 'Affiliation-F': 0.6878252096742284}
2026-02-08 14:42:18.559 | INFO     | src.pipelines.train_vision_backbones:run_pipeline:170 - Train images: 64
2026-02-08 14:42:18.559 | INFO     | src.pipelines.train_vision_backbones:run_pipeline:171 - Test images: 1702
2026-02-08 14:42:19.519 | INFO     | src.pipelines.train_vision_backbones:run_pipeline:176 - Training pvt_autoencoder_frozen on MWT
2026-02-08 14:42:19.542 | INFO     | src.models.pvt_autoencoder.training:train_pvt_autoencoder_frozen:24 - Device: cuda | Model on: cuda:0
2026-02-08 14:42:45.832 | INFO     | src.pipelines.train_vision_backbones:run_pipeline:193 - Evaluating pvt_autoencoder_frozen on MWT
2026-02-08 14:42:47.380 | INFO     | src.models.evaluation:evaluate_tsb_ad_nonoverlapping:65 - Normal (83689) reconstruction error: mean=0.1489, std=0.1691
2026-02-08 14:42:47.380 | INFO     | src.models.evaluation:evaluate_tsb_ad_nonoverlapping:66 - Anomaly (1456) reconstruction error: mean=0.3864, std=0.1889
2026-02-08 14:42:47.380 | INFO     | src.models.evaluation:evaluate_tsb_ad_nonoverlapping:67 - Overlap? Normal max=1.0000, Anomaly min=0.0329
2026-02-08 14:42:57.719 | INFO     | src.models.evaluation:evaluate_tsb_ad_nonoverlapping:83 - {'AUC-PR': 0.07209261980432158, 'AUC-ROC': 0.8451643112470699, 'VUS-PR': np.float64(0.05261283338730322), 'VUS-ROC': np.float64(0.7046944740950639), 'Standard-F1': np.float64(0.14015141608945023), 'PA-F1': 0.45138178096212894, 'Event-based-F1': np.float64(0.11286314928037254), 'R-based-F1': 0.11259579227995321, 'Affiliation-F': 0.6887447657956944}
2026-02-08 14:42:57.873 | INFO     | src.pipelines.train_vision_backbones:run_pipeline:170 - Train images: 64
2026-02-08 14:42:57.874 | INFO     | src.pipelines.train_vision_backbones:run_pipeline:171 - Test images: 1702
2026-02-08 14:42:58.850 | INFO     | src.pipelines.train_vision_backbones:run_pipeline:176 - Training pvt_autoencoder_progressive_unfreeze on MWT
2026-02-08 14:42:58.874 | INFO     | src.models.pvt_autoencoder.training:train_pvt_autoencoder_progressive_unfreeze:132 - Device: cuda | Model on: cuda:0
2026-02-08 14:43:26.598 | INFO     | src.pipelines.train_vision_backbones:run_pipeline:193 - Evaluating pvt_autoencoder_progressive_unfreeze on MWT
2026-02-08 14:43:31.507 | INFO     | src.models.evaluation:evaluate_tsb_ad_nonoverlapping:65 - Normal (83689) reconstruction error: mean=0.0962, std=0.1409
2026-02-08 14:43:31.507 | INFO     | src.models.evaluation:evaluate_tsb_ad_nonoverlapping:66 - Anomaly (1456) reconstruction error: mean=0.2922, std=0.1727
2026-02-08 14:43:31.507 | INFO     | src.models.evaluation:evaluate_tsb_ad_nonoverlapping:67 - Overlap? Normal max=1.0000, Anomaly min=0.0165
2026-02-08 14:43:40.104 | INFO     | src.models.evaluation:evaluate_tsb_ad_nonoverlapping:83 - {'AUC-PR': 0.07074943963711053, 'AUC-ROC': 0.859842338503662, 'VUS-PR': np.float64(0.060478480684761325), 'VUS-ROC': np.float64(0.7576013392926794), 'Standard-F1': np.float64(0.14421140377868455), 'PA-F1': 0.35697469099470275, 'Event-based-F1': np.float64(0.1217104751838089), 'R-based-F1': 0.12160919040871684, 'Affiliation-F': 0.6833619703314415}
2026-02-08 14:43:40.263 | INFO     | src.pipelines.train_vision_backbones:run_pipeline:170 - Train images: 64
2026-02-08 14:43:40.263 | INFO     | src.pipelines.train_vision_backbones:run_pipeline:171 - Test images: 1702
2026-02-08 14:43:41.222 | INFO     | src.pipelines.train_vision_backbones:run_pipeline:176 - Training pvt_autoencoder_differential_lr on MWT
2026-02-08 14:43:41.246 | INFO     | src.models.pvt_autoencoder.training:train_pvt_autoencoder_differential_lr:267 - Device: cuda | Model on: cuda:0
2026-02-08 14:44:11.684 | INFO     | src.pipelines.train_vision_backbones:run_pipeline:193 - Evaluating pvt_autoencoder_differential_lr on MWT
2026-02-08 14:44:14.512 | INFO     | src.models.evaluation:evaluate_tsb_ad_nonoverlapping:65 - Normal (83689) reconstruction error: mean=0.1203, std=0.1586
2026-02-08 14:44:14.512 | INFO     | src.models.evaluation:evaluate_tsb_ad_nonoverlapping:66 - Anomaly (1456) reconstruction error: mean=0.3601, std=0.2074
2026-02-08 14:44:14.512 | INFO     | src.models.evaluation:evaluate_tsb_ad_nonoverlapping:67 - Overlap? Normal max=1.0000, Anomaly min=0.0314
2026-02-08 14:44:23.870 | INFO     | src.models.evaluation:evaluate_tsb_ad_nonoverlapping:83 - {'AUC-PR': 0.08124024592537991, 'AUC-ROC': 0.8526704344538827, 'VUS-PR': np.float64(0.05914850745165023), 'VUS-ROC': np.float64(0.7366904983925008), 'Standard-F1': np.float64(0.15001427188759756), 'PA-F1': 0.5518653321201092, 'Event-based-F1': np.float64(0.12258039184891387), 'R-based-F1': 0.1158827412525394, 'Affiliation-F': 0.6866542799444588}
2026-02-08 14:44:24.645 | INFO     | src.pipelines.train_vision_backbones:run_pipeline:70 - Using zip: /net/scratch/hscra/plgrid/plgsmendowski12/ts2i_images/IOPS/266_IOPS_id_7_WebService_tr_4010_1st_4110_ts2i_SPIRAL.zip for transformation SPIRAL
2026-02-08 14:44:26.639 | INFO     | src.pipelines.train_vision_backbones:run_pipeline:170 - Train images: 64
2026-02-08 14:44:26.640 | INFO     | src.pipelines.train_vision_backbones:run_pipeline:171 - Test images: 1702
2026-02-08 14:44:26.646 | INFO     | src.pipelines.train_vision_backbones:run_pipeline:176 - Training cnn_autoencoder on SPIRAL
2026-02-08 14:44:26.651 | INFO     | src.models.cnn_autoencoder.training:train_autoencoder:22 - Device: cuda | Model on: cuda:0
2026-02-08 14:44:49.364 | INFO     | src.pipelines.train_vision_backbones:run_pipeline:193 - Evaluating cnn_autoencoder on SPIRAL
2026-02-08 14:44:50.784 | INFO     | src.models.evaluation:evaluate_tsb_ad_nonoverlapping:65 - Normal (83689) reconstruction error: mean=0.0933, std=0.1139
2026-02-08 14:44:50.784 | INFO     | src.models.evaluation:evaluate_tsb_ad_nonoverlapping:66 - Anomaly (1456) reconstruction error: mean=0.7334, std=0.3207
2026-02-08 14:44:50.784 | INFO     | src.models.evaluation:evaluate_tsb_ad_nonoverlapping:67 - Overlap? Normal max=0.9778, Anomaly min=0.0701
2026-02-08 14:44:59.203 | INFO     | src.models.evaluation:evaluate_tsb_ad_nonoverlapping:83 - {'AUC-PR': 0.6886220737557471, 'AUC-ROC': 0.9735038930766565, 'VUS-PR': np.float64(0.190832967664867), 'VUS-ROC': np.float64(0.8779677713447117), 'Standard-F1': np.float64(0.6724348055234985), 'PA-F1': 0.8752414059482425, 'Event-based-F1': np.float64(0.24723192756261947), 'R-based-F1': 0.2257948842206501, 'Affiliation-F': 0.7377198566534874}
2026-02-08 14:44:59.356 | INFO     | src.pipelines.train_vision_backbones:run_pipeline:170 - Train images: 64
2026-02-08 14:44:59.356 | INFO     | src.pipelines.train_vision_backbones:run_pipeline:171 - Test images: 1702
2026-02-08 14:44:59.566 | INFO     | src.pipelines.train_vision_backbones:run_pipeline:176 - Training resnet18_autoencoder_frozen on SPIRAL
2026-02-08 14:44:59.580 | INFO     | src.models.resnet18_autoencoder.training:train_autoencoder_frozen:25 - Device: cuda | Model on: cuda:0
2026-02-08 14:45:09.584 | INFO     | src.pipelines.train_vision_backbones:run_pipeline:193 - Evaluating resnet18_autoencoder_frozen on SPIRAL
2026-02-08 14:45:11.337 | INFO     | src.models.evaluation:evaluate_tsb_ad_nonoverlapping:65 - Normal (83689) reconstruction error: mean=0.1283, std=0.1373
2026-02-08 14:45:11.337 | INFO     | src.models.evaluation:evaluate_tsb_ad_nonoverlapping:66 - Anomaly (1456) reconstruction error: mean=0.6694, std=0.3121
2026-02-08 14:45:11.337 | INFO     | src.models.evaluation:evaluate_tsb_ad_nonoverlapping:67 - Overlap? Normal max=1.0000, Anomaly min=0.0379
2026-02-08 14:45:20.840 | INFO     | src.models.evaluation:evaluate_tsb_ad_nonoverlapping:83 - {'AUC-PR': 0.5171946725265174, 'AUC-ROC': 0.9362423347482616, 'VUS-PR': np.float64(0.09854379034932638), 'VUS-ROC': np.float64(0.6890769509365156), 'Standard-F1': np.float64(0.5860999809774673), 'PA-F1': 0.8586585827965139, 'Event-based-F1': np.float64(0.16164668114436737), 'R-based-F1': 0.11960692554773691, 'Affiliation-F': 0.6774373754304105}
2026-02-08 14:45:20.995 | INFO     | src.pipelines.train_vision_backbones:run_pipeline:170 - Train images: 64
2026-02-08 14:45:20.996 | INFO     | src.pipelines.train_vision_backbones:run_pipeline:171 - Test images: 1702
2026-02-08 14:45:21.210 | INFO     | src.pipelines.train_vision_backbones:run_pipeline:176 - Training resnet18_autoencoder_progressive_unfreeze on SPIRAL
2026-02-08 14:45:21.224 | INFO     | src.models.resnet18_autoencoder.training:train_autoencoder_progressive_unfreeze:133 - Device: cuda | Model on: cuda:0
2026-02-08 14:45:43.807 | INFO     | src.pipelines.train_vision_backbones:run_pipeline:193 - Evaluating resnet18_autoencoder_progressive_unfreeze on SPIRAL
2026-02-08 14:45:45.265 | INFO     | src.models.evaluation:evaluate_tsb_ad_nonoverlapping:65 - Normal (83689) reconstruction error: mean=0.0767, std=0.0982
2026-02-08 14:45:45.265 | INFO     | src.models.evaluation:evaluate_tsb_ad_nonoverlapping:66 - Anomaly (1456) reconstruction error: mean=0.6323, std=0.3515
2026-02-08 14:45:45.266 | INFO     | src.models.evaluation:evaluate_tsb_ad_nonoverlapping:67 - Overlap? Normal max=0.9941, Anomaly min=0.0245
2026-02-08 14:45:53.181 | INFO     | src.models.evaluation:evaluate_tsb_ad_nonoverlapping:83 - {'AUC-PR': 0.5806337415096334, 'AUC-ROC': 0.9492080684254984, 'VUS-PR': np.float64(0.12254643689356721), 'VUS-ROC': np.float64(0.7413260186703164), 'Standard-F1': np.float64(0.648035654664943), 'PA-F1': 0.8586585827965139, 'Event-based-F1': np.float64(0.19721430183183206), 'R-based-F1': 0.14342808079019614, 'Affiliation-F': 0.6960496094270734}
2026-02-08 14:45:53.340 | INFO     | src.pipelines.train_vision_backbones:run_pipeline:170 - Train images: 64
2026-02-08 14:45:53.340 | INFO     | src.pipelines.train_vision_backbones:run_pipeline:171 - Test images: 1702
2026-02-08 14:45:53.552 | INFO     | src.pipelines.train_vision_backbones:run_pipeline:176 - Training resnet18_autoencoder_differential_lr on SPIRAL
2026-02-08 14:45:53.566 | INFO     | src.models.resnet18_autoencoder.training:train_autoencoder_differential_lr:271 - Device: cuda | Model on: cuda:0
2026-02-08 14:46:11.547 | INFO     | src.pipelines.train_vision_backbones:run_pipeline:193 - Evaluating resnet18_autoencoder_differential_lr on SPIRAL
2026-02-08 14:46:12.730 | INFO     | src.models.evaluation:evaluate_tsb_ad_nonoverlapping:65 - Normal (83689) reconstruction error: mean=0.1361, std=0.1502
2026-02-08 14:46:12.730 | INFO     | src.models.evaluation:evaluate_tsb_ad_nonoverlapping:66 - Anomaly (1456) reconstruction error: mean=0.6178, std=0.2603
2026-02-08 14:46:12.730 | INFO     | src.models.evaluation:evaluate_tsb_ad_nonoverlapping:67 - Overlap? Normal max=1.0000, Anomaly min=0.0356
2026-02-08 14:46:22.412 | INFO     | src.models.evaluation:evaluate_tsb_ad_nonoverlapping:83 - {'AUC-PR': 0.35921268999677936, 'AUC-ROC': 0.9265622892921583, 'VUS-PR': np.float64(0.08633069242354778), 'VUS-ROC': np.float64(0.660233037336507), 'Standard-F1': np.float64(0.5644913703503988), 'PA-F1': 0.8237004725554344, 'Event-based-F1': np.float64(0.16251172114980392), 'R-based-F1': 0.10907874980173327, 'Affiliation-F': 0.674879015019361}
2026-02-08 14:46:22.568 | INFO     | src.pipelines.train_vision_backbones:run_pipeline:170 - Train images: 64
2026-02-08 14:46:22.568 | INFO     | src.pipelines.train_vision_backbones:run_pipeline:171 - Test images: 1702
2026-02-08 14:46:23.510 | INFO     | src.pipelines.train_vision_backbones:run_pipeline:176 - Training pvt_autoencoder_frozen on SPIRAL
2026-02-08 14:46:23.534 | INFO     | src.models.pvt_autoencoder.training:train_pvt_autoencoder_frozen:24 - Device: cuda | Model on: cuda:0
2026-02-08 14:46:39.186 | INFO     | src.pipelines.train_vision_backbones:run_pipeline:193 - Evaluating pvt_autoencoder_frozen on SPIRAL
2026-02-08 14:46:41.937 | INFO     | src.models.evaluation:evaluate_tsb_ad_nonoverlapping:65 - Normal (83689) reconstruction error: mean=0.1455, std=0.1350
2026-02-08 14:46:41.937 | INFO     | src.models.evaluation:evaluate_tsb_ad_nonoverlapping:66 - Anomaly (1456) reconstruction error: mean=0.4615, std=0.1414
2026-02-08 14:46:41.937 | INFO     | src.models.evaluation:evaluate_tsb_ad_nonoverlapping:67 - Overlap? Normal max=1.0000, Anomaly min=0.0492
2026-02-08 14:46:52.095 | INFO     | src.models.evaluation:evaluate_tsb_ad_nonoverlapping:83 - {'AUC-PR': 0.17328301767448523, 'AUC-ROC': 0.9321809462269975, 'VUS-PR': np.float64(0.10485056823566817), 'VUS-ROC': np.float64(0.7529078952665301), 'Standard-F1': np.float64(0.3617514169328972), 'PA-F1': 0.594017094017094, 'Event-based-F1': np.float64(0.22302612207125683), 'R-based-F1': 0.16173192673285178, 'Affiliation-F': 0.6967382694124566}
2026-02-08 14:46:52.249 | INFO     | src.pipelines.train_vision_backbones:run_pipeline:170 - Train images: 64
2026-02-08 14:46:52.250 | INFO     | src.pipelines.train_vision_backbones:run_pipeline:171 - Test images: 1702
2026-02-08 14:46:53.190 | INFO     | src.pipelines.train_vision_backbones:run_pipeline:176 - Training pvt_autoencoder_progressive_unfreeze on SPIRAL
2026-02-08 14:46:53.214 | INFO     | src.models.pvt_autoencoder.training:train_pvt_autoencoder_progressive_unfreeze:132 - Device: cuda | Model on: cuda:0
2026-02-08 14:47:13.464 | INFO     | src.pipelines.train_vision_backbones:run_pipeline:193 - Evaluating pvt_autoencoder_progressive_unfreeze on SPIRAL
2026-02-08 14:47:14.689 | INFO     | src.models.evaluation:evaluate_tsb_ad_nonoverlapping:65 - Normal (83689) reconstruction error: mean=0.1185, std=0.1085
2026-02-08 14:47:14.689 | INFO     | src.models.evaluation:evaluate_tsb_ad_nonoverlapping:66 - Anomaly (1456) reconstruction error: mean=0.5270, std=0.1596
2026-02-08 14:47:14.689 | INFO     | src.models.evaluation:evaluate_tsb_ad_nonoverlapping:67 - Overlap? Normal max=1.0000, Anomaly min=0.0500
2026-02-08 14:47:23.786 | INFO     | src.models.evaluation:evaluate_tsb_ad_nonoverlapping:83 - {'AUC-PR': 0.42617358920448273, 'AUC-ROC': 0.9612292482935578, 'VUS-PR': np.float64(0.1876539974196916), 'VUS-ROC': np.float64(0.7886344923333419), 'Standard-F1': np.float64(0.6247455039312455), 'PA-F1': 0.7807196198234895, 'Event-based-F1': np.float64(0.32867258697884094), 'R-based-F1': 0.2683507441830264, 'Affiliation-F': 0.7194630876092426}
2026-02-08 14:47:23.944 | INFO     | src.pipelines.train_vision_backbones:run_pipeline:170 - Train images: 64
2026-02-08 14:47:23.945 | INFO     | src.pipelines.train_vision_backbones:run_pipeline:171 - Test images: 1702
2026-02-08 14:47:24.888 | INFO     | src.pipelines.train_vision_backbones:run_pipeline:176 - Training pvt_autoencoder_differential_lr on SPIRAL
2026-02-08 14:47:24.912 | INFO     | src.models.pvt_autoencoder.training:train_pvt_autoencoder_differential_lr:267 - Device: cuda | Model on: cuda:0
2026-02-08 14:47:45.395 | INFO     | src.pipelines.train_vision_backbones:run_pipeline:193 - Evaluating pvt_autoencoder_differential_lr on SPIRAL
2026-02-08 14:47:48.000 | INFO     | src.models.evaluation:evaluate_tsb_ad_nonoverlapping:65 - Normal (83689) reconstruction error: mean=0.1052, std=0.0909
2026-02-08 14:47:48.000 | INFO     | src.models.evaluation:evaluate_tsb_ad_nonoverlapping:66 - Anomaly (1456) reconstruction error: mean=0.5863, std=0.2908
2026-02-08 14:47:48.000 | INFO     | src.models.evaluation:evaluate_tsb_ad_nonoverlapping:67 - Overlap? Normal max=0.6893, Anomaly min=0.0424
2026-02-08 14:47:56.758 | INFO     | src.models.evaluation:evaluate_tsb_ad_nonoverlapping:83 - {'AUC-PR': 0.6531524374868208, 'AUC-ROC': 0.9579740070478101, 'VUS-PR': np.float64(0.18445347325064554), 'VUS-ROC': np.float64(0.759286600738743), 'Standard-F1': np.float64(0.6486051283425616), 'PA-F1': 0.8752414059482425, 'Event-based-F1': np.float64(0.29101386023833425), 'R-based-F1': 0.20604359872153727, 'Affiliation-F': 0.6853704772277921}
2026-02-08 14:47:57.516 | INFO     | src.pipelines.train_vision_backbones:run_pipeline:70 - Using zip: /net/scratch/hscra/plgrid/plgsmendowski12/ts2i_images/IOPS/267_IOPS_id_8_WebService_tr_1534_1st_1882_ts2i_RN.zip for transformation RN
2026-02-08 14:47:57.637 | INFO     | src.pipelines.train_vision_backbones:run_pipeline:170 - Train images: 18
2026-02-08 14:47:57.637 | INFO     | src.pipelines.train_vision_backbones:run_pipeline:171 - Test images: 69
2026-02-08 14:47:57.644 | INFO     | src.pipelines.train_vision_backbones:run_pipeline:176 - Training cnn_autoencoder on RN
2026-02-08 14:47:57.648 | INFO     | src.models.cnn_autoencoder.training:train_autoencoder:22 - Device: cuda | Model on: cuda:0
2026-02-08 14:48:06.328 | INFO     | src.pipelines.train_vision_backbones:run_pipeline:193 - Evaluating cnn_autoencoder on RN
2026-02-08 14:48:06.476 | INFO     | src.models.evaluation:evaluate_tsb_ad_nonoverlapping:65 - Normal (4551) reconstruction error: mean=0.4293, std=0.2143
2026-02-08 14:48:06.476 | INFO     | src.models.evaluation:evaluate_tsb_ad_nonoverlapping:66 - Anomaly (53) reconstruction error: mean=0.5243, std=0.2354
2026-02-08 14:48:06.477 | INFO     | src.models.evaluation:evaluate_tsb_ad_nonoverlapping:67 - Overlap? Normal max=1.0000, Anomaly min=0.1111
2026-02-08 14:48:11.357 | INFO     | src.models.evaluation:evaluate_tsb_ad_nonoverlapping:83 - {'AUC-PR': 0.03900036680988994, 'AUC-ROC': 0.6597824239333673, 'VUS-PR': np.float64(0.1820131715034777), 'VUS-ROC': np.float64(0.766650143535176), 'Standard-F1': np.float64(0.11015324734914274), 'PA-F1': 0.11015490533562823, 'Event-based-F1': np.float64(0.10526315789473663), 'R-based-F1': 0.10526315789473685, 'Affiliation-F': 0.7037486521267583}
2026-02-08 14:48:11.515 | INFO     | src.pipelines.train_vision_backbones:run_pipeline:170 - Train images: 18
2026-02-08 14:48:11.515 | INFO     | src.pipelines.train_vision_backbones:run_pipeline:171 - Test images: 69
2026-02-08 14:48:11.727 | INFO     | src.pipelines.train_vision_backbones:run_pipeline:176 - Training resnet18_autoencoder_frozen on RN
2026-02-08 14:48:11.741 | INFO     | src.models.resnet18_autoencoder.training:train_autoencoder_frozen:25 - Device: cuda | Model on: cuda:0
2026-02-08 14:48:21.616 | INFO     | src.pipelines.train_vision_backbones:run_pipeline:193 - Evaluating resnet18_autoencoder_frozen on RN
2026-02-08 14:48:21.687 | INFO     | src.models.evaluation:evaluate_tsb_ad_nonoverlapping:65 - Normal (4551) reconstruction error: mean=0.4977, std=0.2170
2026-02-08 14:48:21.687 | INFO     | src.models.evaluation:evaluate_tsb_ad_nonoverlapping:66 - Anomaly (53) reconstruction error: mean=0.6192, std=0.0973
2026-02-08 14:48:21.687 | INFO     | src.models.evaluation:evaluate_tsb_ad_nonoverlapping:67 - Overlap? Normal max=1.0000, Anomaly min=0.3354
2026-02-08 14:48:26.636 | INFO     | src.models.evaluation:evaluate_tsb_ad_nonoverlapping:83 - {'AUC-PR': 0.023577503006497927, 'AUC-ROC': 0.6937123501780658, 'VUS-PR': np.float64(0.18419735724449995), 'VUS-ROC': np.float64(0.7643906888595765), 'Standard-F1': np.float64(0.059677875284768964), 'PA-F1': 0.05680990531682447, 'Event-based-F1': np.float64(0.05631768953068583), 'R-based-F1': 0.046171436164764317, 'Affiliation-F': 0.7276137908116129}
2026-02-08 14:48:26.789 | INFO     | src.pipelines.train_vision_backbones:run_pipeline:170 - Train images: 18
2026-02-08 14:48:26.789 | INFO     | src.pipelines.train_vision_backbones:run_pipeline:171 - Test images: 69
2026-02-08 14:48:27.001 | INFO     | src.pipelines.train_vision_backbones:run_pipeline:176 - Training resnet18_autoencoder_progressive_unfreeze on RN
2026-02-08 14:48:27.014 | INFO     | src.models.resnet18_autoencoder.training:train_autoencoder_progressive_unfreeze:133 - Device: cuda | Model on: cuda:0
2026-02-08 14:48:37.903 | INFO     | src.pipelines.train_vision_backbones:run_pipeline:193 - Evaluating resnet18_autoencoder_progressive_unfreeze on RN
2026-02-08 14:48:37.974 | INFO     | src.models.evaluation:evaluate_tsb_ad_nonoverlapping:65 - Normal (4551) reconstruction error: mean=0.4914, std=0.2295
2026-02-08 14:48:37.974 | INFO     | src.models.evaluation:evaluate_tsb_ad_nonoverlapping:66 - Anomaly (53) reconstruction error: mean=0.5162, std=0.1282
2026-02-08 14:48:37.974 | INFO     | src.models.evaluation:evaluate_tsb_ad_nonoverlapping:67 - Overlap? Normal max=1.0000, Anomaly min=0.3002
2026-02-08 14:48:42.899 | INFO     | src.models.evaluation:evaluate_tsb_ad_nonoverlapping:83 - {'AUC-PR': 0.015929723828055645, 'AUC-ROC': 0.5455881560345435, 'VUS-PR': np.float64(0.10866489315483303), 'VUS-ROC': np.float64(0.7256230646997524), 'Standard-F1': np.float64(0.03716006039962502), 'PA-F1': 0.037160552644116246, 'Event-based-F1': np.float64(0.03694931312174319), 'R-based-F1': 0.046171436164764317, 'Affiliation-F': 0.6870734928582074}
2026-02-08 14:48:43.058 | INFO     | src.pipelines.train_vision_backbones:run_pipeline:170 - Train images: 18
2026-02-08 14:48:43.058 | INFO     | src.pipelines.train_vision_backbones:run_pipeline:171 - Test images: 69
2026-02-08 14:48:43.269 | INFO     | src.pipelines.train_vision_backbones:run_pipeline:176 - Training resnet18_autoencoder_differential_lr on RN
2026-02-08 14:48:43.282 | INFO     | src.models.resnet18_autoencoder.training:train_autoencoder_differential_lr:271 - Device: cuda | Model on: cuda:0
2026-02-08 14:49:06.842 | INFO     | src.pipelines.train_vision_backbones:run_pipeline:193 - Evaluating resnet18_autoencoder_differential_lr on RN
2026-02-08 14:49:06.905 | INFO     | src.models.evaluation:evaluate_tsb_ad_nonoverlapping:65 - Normal (4551) reconstruction error: mean=0.4523, std=0.2078
2026-02-08 14:49:06.905 | INFO     | src.models.evaluation:evaluate_tsb_ad_nonoverlapping:66 - Anomaly (53) reconstruction error: mean=0.5117, std=0.1526
2026-02-08 14:49:06.905 | INFO     | src.models.evaluation:evaluate_tsb_ad_nonoverlapping:67 - Overlap? Normal max=1.0000, Anomaly min=0.2240
2026-02-08 14:49:11.830 | INFO     | src.models.evaluation:evaluate_tsb_ad_nonoverlapping:83 - {'AUC-PR': 0.01937523811447562, 'AUC-ROC': 0.5776938926961936, 'VUS-PR': np.float64(0.2174638710767663), 'VUS-ROC': np.float64(0.807075208881331), 'Standard-F1': np.float64(0.05047040149109754), 'PA-F1': 0.050473186119873815, 'Event-based-F1': np.float64(0.052631578947368196), 'R-based-F1': 0.052631578947368425, 'Affiliation-F': 0.6928748642072999}
2026-02-08 14:49:11.986 | INFO     | src.pipelines.train_vision_backbones:run_pipeline:170 - Train images: 18
2026-02-08 14:49:11.986 | INFO     | src.pipelines.train_vision_backbones:run_pipeline:171 - Test images: 69
2026-02-08 14:49:12.958 | INFO     | src.pipelines.train_vision_backbones:run_pipeline:176 - Training pvt_autoencoder_frozen on RN
2026-02-08 14:49:12.981 | INFO     | src.models.pvt_autoencoder.training:train_pvt_autoencoder_frozen:24 - Device: cuda | Model on: cuda:0
2026-02-08 14:49:24.526 | INFO     | src.pipelines.train_vision_backbones:run_pipeline:193 - Evaluating pvt_autoencoder_frozen on RN
2026-02-08 14:49:24.584 | INFO     | src.models.evaluation:evaluate_tsb_ad_nonoverlapping:65 - Normal (4551) reconstruction error: mean=0.4816, std=0.2104
2026-02-08 14:49:24.585 | INFO     | src.models.evaluation:evaluate_tsb_ad_nonoverlapping:66 - Anomaly (53) reconstruction error: mean=0.5888, std=0.1727
2026-02-08 14:49:24.585 | INFO     | src.models.evaluation:evaluate_tsb_ad_nonoverlapping:67 - Overlap? Normal max=1.0000, Anomaly min=0.2308
2026-02-08 14:49:29.507 | INFO     | src.models.evaluation:evaluate_tsb_ad_nonoverlapping:83 - {'AUC-PR': 0.028221375208355194, 'AUC-ROC': 0.679483671430289, 'VUS-PR': np.float64(0.18879983475907036), 'VUS-ROC': np.float64(0.7740425339531747), 'Standard-F1': np.float64(0.0702513739671447), 'PA-F1': 0.06550665301944729, 'Event-based-F1': np.float64(0.06374501992031857), 'R-based-F1': 0.043243243243243246, 'Affiliation-F': 0.7005529057196045}
2026-02-08 14:49:29.674 | INFO     | src.pipelines.train_vision_backbones:run_pipeline:170 - Train images: 18
2026-02-08 14:49:29.675 | INFO     | src.pipelines.train_vision_backbones:run_pipeline:171 - Test images: 69
2026-02-08 14:49:30.936 | INFO     | src.pipelines.train_vision_backbones:run_pipeline:176 - Training pvt_autoencoder_progressive_unfreeze on RN
2026-02-08 14:49:30.959 | INFO     | src.models.pvt_autoencoder.training:train_pvt_autoencoder_progressive_unfreeze:132 - Device: cuda | Model on: cuda:0
2026-02-08 14:49:42.735 | INFO     | src.pipelines.train_vision_backbones:run_pipeline:193 - Evaluating pvt_autoencoder_progressive_unfreeze on RN
2026-02-08 14:49:42.795 | INFO     | src.models.evaluation:evaluate_tsb_ad_nonoverlapping:65 - Normal (4551) reconstruction error: mean=0.4638, std=0.2113
2026-02-08 14:49:42.795 | INFO     | src.models.evaluation:evaluate_tsb_ad_nonoverlapping:66 - Anomaly (53) reconstruction error: mean=0.5328, std=0.1556
2026-02-08 14:49:42.795 | INFO     | src.models.evaluation:evaluate_tsb_ad_nonoverlapping:67 - Overlap? Normal max=1.0000, Anomaly min=0.1808
2026-02-08 14:49:47.679 | INFO     | src.models.evaluation:evaluate_tsb_ad_nonoverlapping:83 - {'AUC-PR': 0.022190188097643254, 'AUC-ROC': 0.6332404655000146, 'VUS-PR': np.float64(0.20693574363133482), 'VUS-ROC': np.float64(0.7923663750330807), 'Standard-F1': np.float64(0.05420359906488123), 'PA-F1': 0.054204308547602505, 'Event-based-F1': np.float64(0.053756030323914454), 'R-based-F1': 0.03669724770642203, 'Affiliation-F': 0.7051009272240951}
2026-02-08 14:49:47.834 | INFO     | src.pipelines.train_vision_backbones:run_pipeline:170 - Train images: 18
2026-02-08 14:49:47.835 | INFO     | src.pipelines.train_vision_backbones:run_pipeline:171 - Test images: 69
2026-02-08 14:49:48.775 | INFO     | src.pipelines.train_vision_backbones:run_pipeline:176 - Training pvt_autoencoder_differential_lr on RN
2026-02-08 14:49:48.799 | INFO     | src.models.pvt_autoencoder.training:train_pvt_autoencoder_differential_lr:267 - Device: cuda | Model on: cuda:0
2026-02-08 14:50:04.113 | INFO     | src.pipelines.train_vision_backbones:run_pipeline:193 - Evaluating pvt_autoencoder_differential_lr on RN
2026-02-08 14:50:04.177 | INFO     | src.models.evaluation:evaluate_tsb_ad_nonoverlapping:65 - Normal (4551) reconstruction error: mean=0.4672, std=0.2092
2026-02-08 14:50:04.177 | INFO     | src.models.evaluation:evaluate_tsb_ad_nonoverlapping:66 - Anomaly (53) reconstruction error: mean=0.5135, std=0.1556
2026-02-08 14:50:04.177 | INFO     | src.models.evaluation:evaluate_tsb_ad_nonoverlapping:67 - Overlap? Normal max=1.0000, Anomaly min=0.2809
2026-02-08 14:50:09.150 | INFO     | src.models.evaluation:evaluate_tsb_ad_nonoverlapping:83 - {'AUC-PR': 0.01672090644185975, 'AUC-ROC': 0.5462266223886105, 'VUS-PR': np.float64(0.175486329278218), 'VUS-ROC': np.float64(0.7783547040887278), 'Standard-F1': np.float64(0.035632661864400866), 'PA-F1': 0.035634743875278395, 'Event-based-F1': np.float64(0.03669724770642186), 'R-based-F1': 0.046171436164764317, 'Affiliation-F': 0.6916227707096003}
2026-02-08 14:50:09.343 | INFO     | src.pipelines.train_vision_backbones:run_pipeline:70 - Using zip: /net/scratch/hscra/plgrid/plgsmendowski12/ts2i_images/IOPS/267_IOPS_id_8_WebService_tr_1534_1st_1882_ts2i_LP.zip for transformation LP
2026-02-08 14:50:09.461 | INFO     | src.pipelines.train_vision_backbones:run_pipeline:170 - Train images: 18
2026-02-08 14:50:09.461 | INFO     | src.pipelines.train_vision_backbones:run_pipeline:171 - Test images: 69
2026-02-08 14:50:09.467 | INFO     | src.pipelines.train_vision_backbones:run_pipeline:176 - Training cnn_autoencoder on LP
2026-02-08 14:50:09.472 | INFO     | src.models.cnn_autoencoder.training:train_autoencoder:22 - Device: cuda | Model on: cuda:0
2026-02-08 14:50:28.677 | INFO     | src.pipelines.train_vision_backbones:run_pipeline:193 - Evaluating cnn_autoencoder on LP
2026-02-08 14:50:28.739 | INFO     | src.models.evaluation:evaluate_tsb_ad_nonoverlapping:65 - Normal (4551) reconstruction error: mean=0.1012, std=0.2095
2026-02-08 14:50:28.739 | INFO     | src.models.evaluation:evaluate_tsb_ad_nonoverlapping:66 - Anomaly (53) reconstruction error: mean=0.0826, std=0.1172
2026-02-08 14:50:28.739 | INFO     | src.models.evaluation:evaluate_tsb_ad_nonoverlapping:67 - Overlap? Normal max=1.0000, Anomaly min=0.0000
2026-02-08 14:50:33.266 | INFO     | src.models.evaluation:evaluate_tsb_ad_nonoverlapping:83 - {'AUC-PR': 0.018432778781854058, 'AUC-ROC': 0.5499081686380352, 'VUS-PR': np.float64(0.15252674529621513), 'VUS-ROC': np.float64(0.7453683479488409), 'Standard-F1': np.float64(0.04504977671344914), 'PA-F1': 0.03400309119010819, 'Event-based-F1': np.float64(0.03389830508474561), 'R-based-F1': 0.0425531914893617, 'Affiliation-F': 0.6684329757525165}
2026-02-08 14:50:33.421 | INFO     | src.pipelines.train_vision_backbones:run_pipeline:170 - Train images: 18
2026-02-08 14:50:33.421 | INFO     | src.pipelines.train_vision_backbones:run_pipeline:171 - Test images: 69
2026-02-08 14:50:33.634 | INFO     | src.pipelines.train_vision_backbones:run_pipeline:176 - Training resnet18_autoencoder_frozen on LP
2026-02-08 14:50:33.647 | INFO     | src.models.resnet18_autoencoder.training:train_autoencoder_frozen:25 - Device: cuda | Model on: cuda:0
2026-02-08 14:50:57.144 | INFO     | src.pipelines.train_vision_backbones:run_pipeline:193 - Evaluating resnet18_autoencoder_frozen on LP
2026-02-08 14:50:57.216 | INFO     | src.models.evaluation:evaluate_tsb_ad_nonoverlapping:65 - Normal (4551) reconstruction error: mean=0.1988, std=0.1735
2026-02-08 14:50:57.216 | INFO     | src.models.evaluation:evaluate_tsb_ad_nonoverlapping:66 - Anomaly (53) reconstruction error: mean=0.3143, std=0.1920
2026-02-08 14:50:57.216 | INFO     | src.models.evaluation:evaluate_tsb_ad_nonoverlapping:67 - Overlap? Normal max=1.0000, Anomaly min=0.0578
2026-02-08 14:51:01.838 | INFO     | src.models.evaluation:evaluate_tsb_ad_nonoverlapping:83 - {'AUC-PR': 0.037916333460406446, 'AUC-ROC': 0.7616053697507911, 'VUS-PR': np.float64(0.48750882315735383), 'VUS-ROC': np.float64(0.8796005426903047), 'Standard-F1': np.float64(0.09174182653250985), 'PA-F1': 0.09174311926605505, 'Event-based-F1': np.float64(0.09110629067245103), 'R-based-F1': 0.07695050271476157, 'Affiliation-F': 0.7822767178103148}
2026-02-08 14:51:01.994 | INFO     | src.pipelines.train_vision_backbones:run_pipeline:170 - Train images: 18
2026-02-08 14:51:01.995 | INFO     | src.pipelines.train_vision_backbones:run_pipeline:171 - Test images: 69
2026-02-08 14:51:02.204 | INFO     | src.pipelines.train_vision_backbones:run_pipeline:176 - Training resnet18_autoencoder_progressive_unfreeze on LP
2026-02-08 14:51:02.218 | INFO     | src.models.resnet18_autoencoder.training:train_autoencoder_progressive_unfreeze:133 - Device: cuda | Model on: cuda:0
2026-02-08 14:51:35.669 | INFO     | src.pipelines.train_vision_backbones:run_pipeline:193 - Evaluating resnet18_autoencoder_progressive_unfreeze on LP
2026-02-08 14:51:35.738 | INFO     | src.models.evaluation:evaluate_tsb_ad_nonoverlapping:65 - Normal (4551) reconstruction error: mean=0.4502, std=0.1569
2026-02-08 14:51:35.739 | INFO     | src.models.evaluation:evaluate_tsb_ad_nonoverlapping:66 - Anomaly (53) reconstruction error: mean=0.5041, std=0.1334
2026-02-08 14:51:35.739 | INFO     | src.models.evaluation:evaluate_tsb_ad_nonoverlapping:67 - Overlap? Normal max=1.0000, Anomaly min=0.3637
2026-02-08 14:51:40.632 | INFO     | src.models.evaluation:evaluate_tsb_ad_nonoverlapping:83 - {'AUC-PR': 0.021072343238748084, 'AUC-ROC': 0.6236966372723389, 'VUS-PR': np.float64(0.3886175116391025), 'VUS-ROC': np.float64(0.8512550800441522), 'Standard-F1': np.float64(0.044080804800220426), 'PA-F1': 0.04335424985738734, 'Event-based-F1': np.float64(0.04580152671755705), 'R-based-F1': 0.04580152671755725, 'Affiliation-F': 0.800026938230396}
2026-02-08 14:51:40.790 | INFO     | src.pipelines.train_vision_backbones:run_pipeline:170 - Train images: 18
2026-02-08 14:51:40.790 | INFO     | src.pipelines.train_vision_backbones:run_pipeline:171 - Test images: 69
2026-02-08 14:51:41.001 | INFO     | src.pipelines.train_vision_backbones:run_pipeline:176 - Training resnet18_autoencoder_differential_lr on LP
2026-02-08 14:51:41.015 | INFO     | src.models.resnet18_autoencoder.training:train_autoencoder_differential_lr:271 - Device: cuda | Model on: cuda:0
2026-02-08 14:52:05.216 | INFO     | src.pipelines.train_vision_backbones:run_pipeline:193 - Evaluating resnet18_autoencoder_differential_lr on LP
2026-02-08 14:52:05.273 | INFO     | src.models.evaluation:evaluate_tsb_ad_nonoverlapping:65 - Normal (4551) reconstruction error: mean=0.2006, std=0.1543
2026-02-08 14:52:05.273 | INFO     | src.models.evaluation:evaluate_tsb_ad_nonoverlapping:66 - Anomaly (53) reconstruction error: mean=0.3641, std=0.2015
2026-02-08 14:52:05.273 | INFO     | src.models.evaluation:evaluate_tsb_ad_nonoverlapping:67 - Overlap? Normal max=1.0000, Anomaly min=0.1246
2026-02-08 14:52:09.893 | INFO     | src.models.evaluation:evaluate_tsb_ad_nonoverlapping:83 - {'AUC-PR': 0.08142863393062594, 'AUC-ROC': 0.7810329888102553, 'VUS-PR': np.float64(0.5485764339906831), 'VUS-ROC': np.float64(0.8845858353194895), 'Standard-F1': np.float64(0.22978374075025487), 'PA-F1': 0.2297872340425532, 'Event-based-F1': np.float64(0.21643286573146253), 'R-based-F1': 0.261958097246014, 'Affiliation-F': 0.7243283371034143}
2026-02-08 14:52:10.061 | INFO     | src.pipelines.train_vision_backbones:run_pipeline:170 - Train images: 18
2026-02-08 14:52:10.061 | INFO     | src.pipelines.train_vision_backbones:run_pipeline:171 - Test images: 69
2026-02-08 14:52:11.004 | INFO     | src.pipelines.train_vision_backbones:run_pipeline:176 - Training pvt_autoencoder_frozen on LP
2026-02-08 14:52:11.027 | INFO     | src.models.pvt_autoencoder.training:train_pvt_autoencoder_frozen:24 - Device: cuda | Model on: cuda:0
2026-02-08 14:52:38.120 | INFO     | src.pipelines.train_vision_backbones:run_pipeline:193 - Evaluating pvt_autoencoder_frozen on LP
2026-02-08 14:52:38.179 | INFO     | src.models.evaluation:evaluate_tsb_ad_nonoverlapping:65 - Normal (4551) reconstruction error: mean=0.2864, std=0.1628
2026-02-08 14:52:38.179 | INFO     | src.models.evaluation:evaluate_tsb_ad_nonoverlapping:66 - Anomaly (53) reconstruction error: mean=0.2855, std=0.1985
2026-02-08 14:52:38.179 | INFO     | src.models.evaluation:evaluate_tsb_ad_nonoverlapping:67 - Overlap? Normal max=1.0000, Anomaly min=0.0987
2026-02-08 14:52:42.877 | INFO     | src.models.evaluation:evaluate_tsb_ad_nonoverlapping:83 - {'AUC-PR': 0.017518939007547855, 'AUC-ROC': 0.5030264963536937, 'VUS-PR': np.float64(0.4122946793124494), 'VUS-ROC': np.float64(0.809012546522421), 'Standard-F1': np.float64(0.039792911878674155), 'PA-F1': 0.0397936624907885, 'Event-based-F1': np.float64(0.04580152671755705), 'R-based-F1': 0.04580152671755725, 'Affiliation-F': 0.6994302210205002}
2026-02-08 14:52:43.029 | INFO     | src.pipelines.train_vision_backbones:run_pipeline:170 - Train images: 18
2026-02-08 14:52:43.029 | INFO     | src.pipelines.train_vision_backbones:run_pipeline:171 - Test images: 69
2026-02-08 14:52:43.968 | INFO     | src.pipelines.train_vision_backbones:run_pipeline:176 - Training pvt_autoencoder_progressive_unfreeze on LP
2026-02-08 14:52:43.992 | INFO     | src.models.pvt_autoencoder.training:train_pvt_autoencoder_progressive_unfreeze:132 - Device: cuda | Model on: cuda:0
2026-02-08 14:53:23.380 | INFO     | src.pipelines.train_vision_backbones:run_pipeline:193 - Evaluating pvt_autoencoder_progressive_unfreeze on LP
2026-02-08 14:53:23.441 | INFO     | src.models.evaluation:evaluate_tsb_ad_nonoverlapping:65 - Normal (4551) reconstruction error: mean=0.1913, std=0.1625
2026-02-08 14:53:23.441 | INFO     | src.models.evaluation:evaluate_tsb_ad_nonoverlapping:66 - Anomaly (53) reconstruction error: mean=0.3067, std=0.1917
2026-02-08 14:53:23.441 | INFO     | src.models.evaluation:evaluate_tsb_ad_nonoverlapping:67 - Overlap? Normal max=1.0000, Anomaly min=0.0587
2026-02-08 14:53:28.023 | INFO     | src.models.evaluation:evaluate_tsb_ad_nonoverlapping:83 - {'AUC-PR': 0.04738903553570038, 'AUC-ROC': 0.7659834247501067, 'VUS-PR': np.float64(0.4630343307101632), 'VUS-ROC': np.float64(0.8512991188914145), 'Standard-F1': np.float64(0.13451157424029875), 'PA-F1': 0.12044374009508717, 'Event-based-F1': np.float64(0.11850311850311832), 'R-based-F1': 0.12142489769449227, 'Affiliation-F': 0.7962001339035598}
2026-02-08 14:53:28.178 | INFO     | src.pipelines.train_vision_backbones:run_pipeline:170 - Train images: 18
2026-02-08 14:53:28.178 | INFO     | src.pipelines.train_vision_backbones:run_pipeline:171 - Test images: 69
2026-02-08 14:53:29.118 | INFO     | src.pipelines.train_vision_backbones:run_pipeline:176 - Training pvt_autoencoder_differential_lr on LP
2026-02-08 14:53:29.142 | INFO     | src.models.pvt_autoencoder.training:train_pvt_autoencoder_differential_lr:267 - Device: cuda | Model on: cuda:0
2026-02-08 14:53:58.724 | INFO     | src.pipelines.train_vision_backbones:run_pipeline:193 - Evaluating pvt_autoencoder_differential_lr on LP
2026-02-08 14:53:58.783 | INFO     | src.models.evaluation:evaluate_tsb_ad_nonoverlapping:65 - Normal (4551) reconstruction error: mean=0.1812, std=0.1656
2026-02-08 14:53:58.783 | INFO     | src.models.evaluation:evaluate_tsb_ad_nonoverlapping:66 - Anomaly (53) reconstruction error: mean=0.2952, std=0.1939
2026-02-08 14:53:58.783 | INFO     | src.models.evaluation:evaluate_tsb_ad_nonoverlapping:67 - Overlap? Normal max=1.0000, Anomaly min=0.0489
2026-02-08 14:54:03.345 | INFO     | src.models.evaluation:evaluate_tsb_ad_nonoverlapping:83 - {'AUC-PR': 0.034908864694376325, 'AUC-ROC': 0.7435458928786126, 'VUS-PR': np.float64(0.44023473300888266), 'VUS-ROC': np.float64(0.8441186282363421), 'Standard-F1': np.float64(0.09167552205229161), 'PA-F1': 0.09167671893848009, 'Event-based-F1': np.float64(0.09054805401111979), 'R-based-F1': 0.08765840665106142, 'Affiliation-F': 0.7756297320777567}
2026-02-08 14:54:03.556 | INFO     | src.pipelines.train_vision_backbones:run_pipeline:70 - Using zip: /net/scratch/hscra/plgrid/plgsmendowski12/ts2i_images/IOPS/267_IOPS_id_8_WebService_tr_1534_1st_1882_ts2i_SG.zip for transformation SG
2026-02-08 14:54:03.676 | INFO     | src.pipelines.train_vision_backbones:run_pipeline:170 - Train images: 18
2026-02-08 14:54:03.676 | INFO     | src.pipelines.train_vision_backbones:run_pipeline:171 - Test images: 69
2026-02-08 14:54:03.683 | INFO     | src.pipelines.train_vision_backbones:run_pipeline:176 - Training cnn_autoencoder on SG
2026-02-08 14:54:03.688 | INFO     | src.models.cnn_autoencoder.training:train_autoencoder:22 - Device: cuda | Model on: cuda:0
2026-02-08 14:54:05.557 | INFO     | src.pipelines.train_vision_backbones:run_pipeline:193 - Evaluating cnn_autoencoder on SG
2026-02-08 14:54:05.617 | INFO     | src.models.evaluation:evaluate_tsb_ad_nonoverlapping:65 - Normal (4551) reconstruction error: mean=0.3871, std=0.2586
2026-02-08 14:54:05.617 | INFO     | src.models.evaluation:evaluate_tsb_ad_nonoverlapping:66 - Anomaly (53) reconstruction error: mean=0.6142, std=0.1199
2026-02-08 14:54:05.617 | INFO     | src.models.evaluation:evaluate_tsb_ad_nonoverlapping:67 - Overlap? Normal max=1.0000, Anomaly min=0.3228
2026-02-08 14:54:10.474 | INFO     | src.models.evaluation:evaluate_tsb_ad_nonoverlapping:83 - {'AUC-PR': 0.02930019002714296, 'AUC-ROC': 0.7686865420413511, 'VUS-PR': np.float64(0.17734188981598373), 'VUS-ROC': np.float64(0.7857919941738585), 'Standard-F1': np.float64(0.06644450321552299), 'PA-F1': 0.0664451827242525, 'Event-based-F1': np.float64(0.06602839220864964), 'R-based-F1': 0.07663698861715315, 'Affiliation-F': 0.6912969568134483}
2026-02-08 14:54:10.629 | INFO     | src.pipelines.train_vision_backbones:run_pipeline:170 - Train images: 18
2026-02-08 14:54:10.629 | INFO     | src.pipelines.train_vision_backbones:run_pipeline:171 - Test images: 69
2026-02-08 14:54:10.844 | INFO     | src.pipelines.train_vision_backbones:run_pipeline:176 - Training resnet18_autoencoder_frozen on SG
2026-02-08 14:54:10.858 | INFO     | src.models.resnet18_autoencoder.training:train_autoencoder_frozen:25 - Device: cuda | Model on: cuda:0
2026-02-08 14:54:12.371 | INFO     | src.pipelines.train_vision_backbones:run_pipeline:193 - Evaluating resnet18_autoencoder_frozen on SG
2026-02-08 14:54:12.444 | INFO     | src.models.evaluation:evaluate_tsb_ad_nonoverlapping:65 - Normal (4551) reconstruction error: mean=0.3876, std=0.2585
2026-02-08 14:54:12.444 | INFO     | src.models.evaluation:evaluate_tsb_ad_nonoverlapping:66 - Anomaly (53) reconstruction error: mean=0.6147, std=0.1204
2026-02-08 14:54:12.444 | INFO     | src.models.evaluation:evaluate_tsb_ad_nonoverlapping:67 - Overlap? Normal max=1.0000, Anomaly min=0.3230
2026-02-08 14:54:17.299 | INFO     | src.models.evaluation:evaluate_tsb_ad_nonoverlapping:83 - {'AUC-PR': 0.02930019002714296, 'AUC-ROC': 0.7686865420413511, 'VUS-PR': np.float64(0.17734188981598373), 'VUS-ROC': np.float64(0.7857919941738585), 'Standard-F1': np.float64(0.06644450321552299), 'PA-F1': 0.0664451827242525, 'Event-based-F1': np.float64(0.06602839220864964), 'R-based-F1': 0.07663698861715315, 'Affiliation-F': 0.6912969568134483}
2026-02-08 14:54:17.449 | INFO     | src.pipelines.train_vision_backbones:run_pipeline:170 - Train images: 18
2026-02-08 14:54:17.450 | INFO     | src.pipelines.train_vision_backbones:run_pipeline:171 - Test images: 69
2026-02-08 14:54:17.661 | INFO     | src.pipelines.train_vision_backbones:run_pipeline:176 - Training resnet18_autoencoder_progressive_unfreeze on SG
2026-02-08 14:54:17.675 | INFO     | src.models.resnet18_autoencoder.training:train_autoencoder_progressive_unfreeze:133 - Device: cuda | Model on: cuda:0
2026-02-08 14:54:19.205 | INFO     | src.pipelines.train_vision_backbones:run_pipeline:193 - Evaluating resnet18_autoencoder_progressive_unfreeze on SG
2026-02-08 14:54:19.279 | INFO     | src.models.evaluation:evaluate_tsb_ad_nonoverlapping:65 - Normal (4551) reconstruction error: mean=0.3860, std=0.2589
2026-02-08 14:54:19.279 | INFO     | src.models.evaluation:evaluate_tsb_ad_nonoverlapping:66 - Anomaly (53) reconstruction error: mean=0.6133, std=0.1189
2026-02-08 14:54:19.279 | INFO     | src.models.evaluation:evaluate_tsb_ad_nonoverlapping:67 - Overlap? Normal max=1.0000, Anomaly min=0.3227
2026-02-08 14:54:24.122 | INFO     | src.models.evaluation:evaluate_tsb_ad_nonoverlapping:83 - {'AUC-PR': 0.029131262328198106, 'AUC-ROC': 0.7678656567289793, 'VUS-PR': np.float64(0.17859190693725954), 'VUS-ROC': np.float64(0.7859583457302234), 'Standard-F1': np.float64(0.06644450321552299), 'PA-F1': 0.0664451827242525, 'Event-based-F1': np.float64(0.06602839220864964), 'R-based-F1': 0.07663698861715315, 'Affiliation-F': 0.6914784231014923}
2026-02-08 14:54:24.273 | INFO     | src.pipelines.train_vision_backbones:run_pipeline:170 - Train images: 18
2026-02-08 14:54:24.274 | INFO     | src.pipelines.train_vision_backbones:run_pipeline:171 - Test images: 69
2026-02-08 14:54:24.484 | INFO     | src.pipelines.train_vision_backbones:run_pipeline:176 - Training resnet18_autoencoder_differential_lr on SG
2026-02-08 14:54:24.498 | INFO     | src.models.resnet18_autoencoder.training:train_autoencoder_differential_lr:271 - Device: cuda | Model on: cuda:0
2026-02-08 14:54:26.135 | INFO     | src.pipelines.train_vision_backbones:run_pipeline:193 - Evaluating resnet18_autoencoder_differential_lr on SG
2026-02-08 14:54:26.190 | INFO     | src.models.evaluation:evaluate_tsb_ad_nonoverlapping:65 - Normal (4551) reconstruction error: mean=0.3776, std=0.2617
2026-02-08 14:54:26.190 | INFO     | src.models.evaluation:evaluate_tsb_ad_nonoverlapping:66 - Anomaly (53) reconstruction error: mean=0.6057, std=0.1129
2026-02-08 14:54:26.190 | INFO     | src.models.evaluation:evaluate_tsb_ad_nonoverlapping:67 - Overlap? Normal max=1.0000, Anomaly min=0.3221
2026-02-08 14:54:30.976 | INFO     | src.models.evaluation:evaluate_tsb_ad_nonoverlapping:83 - {'AUC-PR': 0.028937029282849015, 'AUC-ROC': 0.7692337989162655, 'VUS-PR': np.float64(0.1755806245803748), 'VUS-ROC': np.float64(0.7860077958715902), 'Standard-F1': np.float64(0.06949199378139274), 'PA-F1': 0.06949270326615706, 'Event-based-F1': np.float64(0.06903693476009656), 'R-based-F1': 0.08148591971240263, 'Affiliation-F': 0.6914784231014923}
2026-02-08 14:54:31.125 | INFO     | src.pipelines.train_vision_backbones:run_pipeline:170 - Train images: 18
2026-02-08 14:54:31.125 | INFO     | src.pipelines.train_vision_backbones:run_pipeline:171 - Test images: 69
2026-02-08 14:54:32.070 | INFO     | src.pipelines.train_vision_backbones:run_pipeline:176 - Training pvt_autoencoder_frozen on SG
2026-02-08 14:54:32.093 | INFO     | src.models.pvt_autoencoder.training:train_pvt_autoencoder_frozen:24 - Device: cuda | Model on: cuda:0
2026-02-08 14:54:41.768 | INFO     | src.pipelines.train_vision_backbones:run_pipeline:193 - Evaluating pvt_autoencoder_frozen on SG
2026-02-08 14:54:41.829 | INFO     | src.models.evaluation:evaluate_tsb_ad_nonoverlapping:65 - Normal (4551) reconstruction error: mean=0.1551, std=0.1612
2026-02-08 14:54:41.830 | INFO     | src.models.evaluation:evaluate_tsb_ad_nonoverlapping:66 - Anomaly (53) reconstruction error: mean=0.3473, std=0.1252
2026-02-08 14:54:41.830 | INFO     | src.models.evaluation:evaluate_tsb_ad_nonoverlapping:67 - Overlap? Normal max=1.0000, Anomaly min=0.1092
2026-02-08 14:54:46.393 | INFO     | src.models.evaluation:evaluate_tsb_ad_nonoverlapping:83 - {'AUC-PR': 0.0841535135943623, 'AUC-ROC': 0.8762225179620486, 'VUS-PR': np.float64(0.31692734180645044), 'VUS-ROC': np.float64(0.8275644264054951), 'Standard-F1': np.float64(0.22081740452715262), 'PA-F1': 0.22082018927444794, 'Event-based-F1': np.float64(0.19914651493598826), 'R-based-F1': 0.21711131554737806, 'Affiliation-F': 0.6605734642391756}
2026-02-08 14:54:46.548 | INFO     | src.pipelines.train_vision_backbones:run_pipeline:170 - Train images: 18
2026-02-08 14:54:46.548 | INFO     | src.pipelines.train_vision_backbones:run_pipeline:171 - Test images: 69
2026-02-08 14:54:47.493 | INFO     | src.pipelines.train_vision_backbones:run_pipeline:176 - Training pvt_autoencoder_progressive_unfreeze on SG
2026-02-08 14:54:47.518 | INFO     | src.models.pvt_autoencoder.training:train_pvt_autoencoder_progressive_unfreeze:132 - Device: cuda | Model on: cuda:0
2026-02-08 14:54:59.599 | INFO     | src.pipelines.train_vision_backbones:run_pipeline:193 - Evaluating pvt_autoencoder_progressive_unfreeze on SG
2026-02-08 14:54:59.656 | INFO     | src.models.evaluation:evaluate_tsb_ad_nonoverlapping:65 - Normal (4551) reconstruction error: mean=0.2859, std=0.2664
2026-02-08 14:54:59.656 | INFO     | src.models.evaluation:evaluate_tsb_ad_nonoverlapping:66 - Anomaly (53) reconstruction error: mean=0.6447, std=0.2921
2026-02-08 14:54:59.656 | INFO     | src.models.evaluation:evaluate_tsb_ad_nonoverlapping:67 - Overlap? Normal max=1.0000, Anomaly min=0.1482
2026-02-08 14:55:04.355 | INFO     | src.models.evaluation:evaluate_tsb_ad_nonoverlapping:83 - {'AUC-PR': 0.06121422795548625, 'AUC-ROC': 0.8156511320340127, 'VUS-PR': np.float64(0.24956801596737574), 'VUS-ROC': np.float64(0.8191139038238998), 'Standard-F1': np.float64(0.15141677362842193), 'PA-F1': 0.15141955835962145, 'Event-based-F1': np.float64(0.1249999999999996), 'R-based-F1': 0.12500000000000003, 'Affiliation-F': 0.6754026527532222}
2026-02-08 14:55:04.514 | INFO     | src.pipelines.train_vision_backbones:run_pipeline:170 - Train images: 18
2026-02-08 14:55:04.514 | INFO     | src.pipelines.train_vision_backbones:run_pipeline:171 - Test images: 69
2026-02-08 14:55:05.457 | INFO     | src.pipelines.train_vision_backbones:run_pipeline:176 - Training pvt_autoencoder_differential_lr on SG
2026-02-08 14:55:05.480 | INFO     | src.models.pvt_autoencoder.training:train_pvt_autoencoder_differential_lr:267 - Device: cuda | Model on: cuda:0
2026-02-08 14:55:12.319 | INFO     | src.pipelines.train_vision_backbones:run_pipeline:193 - Evaluating pvt_autoencoder_differential_lr on SG
2026-02-08 14:55:12.380 | INFO     | src.models.evaluation:evaluate_tsb_ad_nonoverlapping:65 - Normal (4551) reconstruction error: mean=0.2144, std=0.2498
2026-02-08 14:55:12.380 | INFO     | src.models.evaluation:evaluate_tsb_ad_nonoverlapping:66 - Anomaly (53) reconstruction error: mean=0.2226, std=0.3344
2026-02-08 14:55:12.380 | INFO     | src.models.evaluation:evaluate_tsb_ad_nonoverlapping:67 - Overlap? Normal max=1.0000, Anomaly min=0.0289
2026-02-08 14:55:17.008 | INFO     | src.models.evaluation:evaluate_tsb_ad_nonoverlapping:83 - {'AUC-PR': 0.026463848699795078, 'AUC-ROC': 0.42403908740770224, 'VUS-PR': np.float64(0.20481460012617186), 'VUS-ROC': np.float64(0.7126962962858086), 'Standard-F1': np.float64(0.11891483081987018), 'PA-F1': 0.11891891891891893, 'Event-based-F1': np.float64(0.117647058823529), 'R-based-F1': 0.11764705882352941, 'Affiliation-F': 0.7445099998592889}
2026-02-08 14:55:17.204 | INFO     | src.pipelines.train_vision_backbones:run_pipeline:70 - Using zip: /net/scratch/hscra/plgrid/plgsmendowski12/ts2i_images/IOPS/267_IOPS_id_8_WebService_tr_1534_1st_1882_ts2i_GASF.zip for transformation GASF
2026-02-08 14:55:17.320 | INFO     | src.pipelines.train_vision_backbones:run_pipeline:170 - Train images: 18
2026-02-08 14:55:17.320 | INFO     | src.pipelines.train_vision_backbones:run_pipeline:171 - Test images: 69
2026-02-08 14:55:17.327 | INFO     | src.pipelines.train_vision_backbones:run_pipeline:176 - Training cnn_autoencoder on GASF
2026-02-08 14:55:17.331 | INFO     | src.models.cnn_autoencoder.training:train_autoencoder:22 - Device: cuda | Model on: cuda:0
2026-02-08 14:55:36.311 | INFO     | src.pipelines.train_vision_backbones:run_pipeline:193 - Evaluating cnn_autoencoder on GASF
2026-02-08 14:55:36.376 | INFO     | src.models.evaluation:evaluate_tsb_ad_nonoverlapping:65 - Normal (4551) reconstruction error: mean=0.1920, std=0.2131
2026-02-08 14:55:36.376 | INFO     | src.models.evaluation:evaluate_tsb_ad_nonoverlapping:66 - Anomaly (53) reconstruction error: mean=0.4472, std=0.1473
2026-02-08 14:55:36.376 | INFO     | src.models.evaluation:evaluate_tsb_ad_nonoverlapping:67 - Overlap? Normal max=1.0000, Anomaly min=0.2272
2026-02-08 14:55:41.031 | INFO     | src.models.evaluation:evaluate_tsb_ad_nonoverlapping:83 - {'AUC-PR': 0.06407197766299132, 'AUC-ROC': 0.8626240137975066, 'VUS-PR': np.float64(0.2543849012235821), 'VUS-ROC': np.float64(0.8810515276855192), 'Standard-F1': np.float64(0.15141677362842193), 'PA-F1': 0.12532637075718014, 'Event-based-F1': np.float64(0.10666666666666628), 'R-based-F1': 0.12500000000000003, 'Affiliation-F': 0.7630216594185777}
2026-02-08 14:55:41.186 | INFO     | src.pipelines.train_vision_backbones:run_pipeline:170 - Train images: 18
2026-02-08 14:55:41.187 | INFO     | src.pipelines.train_vision_backbones:run_pipeline:171 - Test images: 69
2026-02-08 14:55:41.398 | INFO     | src.pipelines.train_vision_backbones:run_pipeline:176 - Training resnet18_autoencoder_frozen on GASF
2026-02-08 14:55:41.412 | INFO     | src.models.resnet18_autoencoder.training:train_autoencoder_frozen:25 - Device: cuda | Model on: cuda:0
2026-02-08 14:55:50.510 | INFO     | src.pipelines.train_vision_backbones:run_pipeline:193 - Evaluating resnet18_autoencoder_frozen on GASF
2026-02-08 14:55:50.585 | INFO     | src.models.evaluation:evaluate_tsb_ad_nonoverlapping:65 - Normal (4551) reconstruction error: mean=0.2800, std=0.2095
2026-02-08 14:55:50.585 | INFO     | src.models.evaluation:evaluate_tsb_ad_nonoverlapping:66 - Anomaly (53) reconstruction error: mean=0.2961, std=0.0914
2026-02-08 14:55:50.586 | INFO     | src.models.evaluation:evaluate_tsb_ad_nonoverlapping:67 - Overlap? Normal max=1.0000, Anomaly min=0.1196
2026-02-08 14:55:55.308 | INFO     | src.models.evaluation:evaluate_tsb_ad_nonoverlapping:83 - {'AUC-PR': 0.017184684361856176, 'AUC-ROC': 0.5858198281115907, 'VUS-PR': np.float64(0.12146998152259572), 'VUS-ROC': np.float64(0.7207278769332249), 'Standard-F1': np.float64(0.04097139913174833), 'PA-F1': 0.039722863741339494, 'Event-based-F1': np.float64(0.0393833002595023), 'R-based-F1': 0.036544309975845714, 'Affiliation-F': 0.6811497005297653}
2026-02-08 14:55:55.461 | INFO     | src.pipelines.train_vision_backbones:run_pipeline:170 - Train images: 18
2026-02-08 14:55:55.462 | INFO     | src.pipelines.train_vision_backbones:run_pipeline:171 - Test images: 69
2026-02-08 14:55:55.673 | INFO     | src.pipelines.train_vision_backbones:run_pipeline:176 - Training resnet18_autoencoder_progressive_unfreeze on GASF
2026-02-08 14:55:55.687 | INFO     | src.models.resnet18_autoencoder.training:train_autoencoder_progressive_unfreeze:133 - Device: cuda | Model on: cuda:0
2026-02-08 14:56:04.536 | INFO     | src.pipelines.train_vision_backbones:run_pipeline:193 - Evaluating resnet18_autoencoder_progressive_unfreeze on GASF
2026-02-08 14:56:04.609 | INFO     | src.models.evaluation:evaluate_tsb_ad_nonoverlapping:65 - Normal (4551) reconstruction error: mean=0.2475, std=0.1856
2026-02-08 14:56:04.609 | INFO     | src.models.evaluation:evaluate_tsb_ad_nonoverlapping:66 - Anomaly (53) reconstruction error: mean=0.2611, std=0.0643
2026-02-08 14:56:04.609 | INFO     | src.models.evaluation:evaluate_tsb_ad_nonoverlapping:67 - Overlap? Normal max=1.0000, Anomaly min=0.1687
2026-02-08 14:56:09.245 | INFO     | src.models.evaluation:evaluate_tsb_ad_nonoverlapping:83 - {'AUC-PR': 0.015721843152593066, 'AUC-ROC': 0.5600324208239533, 'VUS-PR': np.float64(0.1295902358228754), 'VUS-ROC': np.float64(0.7171985772258572), 'Standard-F1': np.float64(0.0353648050983972), 'PA-F1': 0.03436682853940979, 'Event-based-F1': np.float64(0.03430915532351292), 'R-based-F1': 0.03008129943913357, 'Affiliation-F': 0.7042685305473426}
2026-02-08 14:56:09.400 | INFO     | src.pipelines.train_vision_backbones:run_pipeline:170 - Train images: 18
2026-02-08 14:56:09.400 | INFO     | src.pipelines.train_vision_backbones:run_pipeline:171 - Test images: 69
2026-02-08 14:56:09.612 | INFO     | src.pipelines.train_vision_backbones:run_pipeline:176 - Training resnet18_autoencoder_differential_lr on GASF
2026-02-08 14:56:09.626 | INFO     | src.models.resnet18_autoencoder.training:train_autoencoder_differential_lr:271 - Device: cuda | Model on: cuda:0
2026-02-08 14:56:19.838 | INFO     | src.pipelines.train_vision_backbones:run_pipeline:193 - Evaluating resnet18_autoencoder_differential_lr on GASF
2026-02-08 14:56:19.899 | INFO     | src.models.evaluation:evaluate_tsb_ad_nonoverlapping:65 - Normal (4551) reconstruction error: mean=0.4770, std=0.2693
2026-02-08 14:56:19.899 | INFO     | src.models.evaluation:evaluate_tsb_ad_nonoverlapping:66 - Anomaly (53) reconstruction error: mean=0.6545, std=0.1163
2026-02-08 14:56:19.899 | INFO     | src.models.evaluation:evaluate_tsb_ad_nonoverlapping:67 - Overlap? Normal max=1.0000, Anomaly min=0.4999
2026-02-08 14:56:24.961 | INFO     | src.models.evaluation:evaluate_tsb_ad_nonoverlapping:83 - {'AUC-PR': 0.025084892141948933, 'AUC-ROC': 0.6923773750741077, 'VUS-PR': np.float64(0.1404518820928949), 'VUS-ROC': np.float64(0.7889859404924865), 'Standard-F1': np.float64(0.06033408132889991), 'PA-F1': 0.05258033106134372, 'Event-based-F1': np.float64(0.05184829572731625), 'R-based-F1': 0.05588687596114174, 'Affiliation-F': 0.6859221048024182}
2026-02-08 14:56:25.116 | INFO     | src.pipelines.train_vision_backbones:run_pipeline:170 - Train images: 18
2026-02-08 14:56:25.116 | INFO     | src.pipelines.train_vision_backbones:run_pipeline:171 - Test images: 69
2026-02-08 14:56:26.057 | INFO     | src.pipelines.train_vision_backbones:run_pipeline:176 - Training pvt_autoencoder_frozen on GASF
2026-02-08 14:56:26.080 | INFO     | src.models.pvt_autoencoder.training:train_pvt_autoencoder_frozen:24 - Device: cuda | Model on: cuda:0
2026-02-08 14:56:36.367 | INFO     | src.pipelines.train_vision_backbones:run_pipeline:193 - Evaluating pvt_autoencoder_frozen on GASF
2026-02-08 14:56:36.432 | INFO     | src.models.evaluation:evaluate_tsb_ad_nonoverlapping:65 - Normal (4551) reconstruction error: mean=0.3054, std=0.2652
2026-02-08 14:56:36.432 | INFO     | src.models.evaluation:evaluate_tsb_ad_nonoverlapping:66 - Anomaly (53) reconstruction error: mean=0.4179, std=0.1848
2026-02-08 14:56:36.432 | INFO     | src.models.evaluation:evaluate_tsb_ad_nonoverlapping:67 - Overlap? Normal max=1.0000, Anomaly min=0.2194
2026-02-08 14:56:41.212 | INFO     | src.models.evaluation:evaluate_tsb_ad_nonoverlapping:83 - {'AUC-PR': 0.020760174349323257, 'AUC-ROC': 0.6609101047665245, 'VUS-PR': np.float64(0.2597670370536685), 'VUS-ROC': np.float64(0.8530987786729601), 'Standard-F1': np.float64(0.050042267895135675), 'PA-F1': 0.05004314063848145, 'Event-based-F1': np.float64(0.05077697526811112), 'R-based-F1': 0.06011990510716152, 'Affiliation-F': 0.7658856802186647}
2026-02-08 14:56:41.365 | INFO     | src.pipelines.train_vision_backbones:run_pipeline:170 - Train images: 18
2026-02-08 14:56:41.365 | INFO     | src.pipelines.train_vision_backbones:run_pipeline:171 - Test images: 69
2026-02-08 14:56:42.308 | INFO     | src.pipelines.train_vision_backbones:run_pipeline:176 - Training pvt_autoencoder_progressive_unfreeze on GASF
2026-02-08 14:56:42.332 | INFO     | src.models.pvt_autoencoder.training:train_pvt_autoencoder_progressive_unfreeze:132 - Device: cuda | Model on: cuda:0
2026-02-08 14:56:55.247 | INFO     | src.pipelines.train_vision_backbones:run_pipeline:193 - Evaluating pvt_autoencoder_progressive_unfreeze on GASF
2026-02-08 14:56:55.310 | INFO     | src.models.evaluation:evaluate_tsb_ad_nonoverlapping:65 - Normal (4551) reconstruction error: mean=0.2336, std=0.2552
2026-02-08 14:56:55.310 | INFO     | src.models.evaluation:evaluate_tsb_ad_nonoverlapping:66 - Anomaly (53) reconstruction error: mean=0.4083, std=0.1991
2026-02-08 14:56:55.310 | INFO     | src.models.evaluation:evaluate_tsb_ad_nonoverlapping:67 - Overlap? Normal max=1.0000, Anomaly min=0.2431
2026-02-08 14:56:59.942 | INFO     | src.models.evaluation:evaluate_tsb_ad_nonoverlapping:83 - {'AUC-PR': 0.02919270726664691, 'AUC-ROC': 0.7646152825628205, 'VUS-PR': np.float64(0.36733474539665995), 'VUS-ROC': np.float64(0.8781516000018058), 'Standard-F1': np.float64(0.06971261311241987), 'PA-F1': 0.069713400464756, 'Event-based-F1': np.float64(0.06953834266949963), 'R-based-F1': 0.050794306083725656, 'Affiliation-F': 0.7990747964002262}
2026-02-08 14:57:00.096 | INFO     | src.pipelines.train_vision_backbones:run_pipeline:170 - Train images: 18
2026-02-08 14:57:00.096 | INFO     | src.pipelines.train_vision_backbones:run_pipeline:171 - Test images: 69
2026-02-08 14:57:01.034 | INFO     | src.pipelines.train_vision_backbones:run_pipeline:176 - Training pvt_autoencoder_differential_lr on GASF
2026-02-08 14:57:01.058 | INFO     | src.models.pvt_autoencoder.training:train_pvt_autoencoder_differential_lr:267 - Device: cuda | Model on: cuda:0
2026-02-08 14:57:18.330 | INFO     | src.pipelines.train_vision_backbones:run_pipeline:193 - Evaluating pvt_autoencoder_differential_lr on GASF
2026-02-08 14:57:18.394 | INFO     | src.models.evaluation:evaluate_tsb_ad_nonoverlapping:65 - Normal (4551) reconstruction error: mean=0.2322, std=0.2653
2026-02-08 14:57:18.395 | INFO     | src.models.evaluation:evaluate_tsb_ad_nonoverlapping:66 - Anomaly (53) reconstruction error: mean=0.3158, std=0.1373
2026-02-08 14:57:18.395 | INFO     | src.models.evaluation:evaluate_tsb_ad_nonoverlapping:67 - Overlap? Normal max=1.0000, Anomaly min=0.1645
2026-02-08 14:57:23.078 | INFO     | src.models.evaluation:evaluate_tsb_ad_nonoverlapping:83 - {'AUC-PR': 0.0229474452496194, 'AUC-ROC': 0.7110670265295208, 'VUS-PR': np.float64(0.17478000658675105), 'VUS-ROC': np.float64(0.8349933110446007), 'Standard-F1': np.float64(0.05623287523274575), 'PA-F1': 0.05433111225012814, 'Event-based-F1': np.float64(0.05433111225012808), 'R-based-F1': 0.050398648095347984, 'Affiliation-F': 0.7344663482484997}
2026-02-08 14:57:23.273 | INFO     | src.pipelines.train_vision_backbones:run_pipeline:70 - Using zip: /net/scratch/hscra/plgrid/plgsmendowski12/ts2i_images/IOPS/267_IOPS_id_8_WebService_tr_1534_1st_1882_ts2i_GADF.zip for transformation GADF
2026-02-08 14:57:23.394 | INFO     | src.pipelines.train_vision_backbones:run_pipeline:170 - Train images: 18
2026-02-08 14:57:23.394 | INFO     | src.pipelines.train_vision_backbones:run_pipeline:171 - Test images: 69
2026-02-08 14:57:23.401 | INFO     | src.pipelines.train_vision_backbones:run_pipeline:176 - Training cnn_autoencoder on GADF
2026-02-08 14:57:23.406 | INFO     | src.models.cnn_autoencoder.training:train_autoencoder:22 - Device: cuda | Model on: cuda:0
2026-02-08 14:57:42.151 | INFO     | src.pipelines.train_vision_backbones:run_pipeline:193 - Evaluating cnn_autoencoder on GADF
2026-02-08 14:57:42.215 | INFO     | src.models.evaluation:evaluate_tsb_ad_nonoverlapping:65 - Normal (4551) reconstruction error: mean=0.2426, std=0.2549
2026-02-08 14:57:42.215 | INFO     | src.models.evaluation:evaluate_tsb_ad_nonoverlapping:66 - Anomaly (53) reconstruction error: mean=0.5451, std=0.2768
2026-02-08 14:57:42.215 | INFO     | src.models.evaluation:evaluate_tsb_ad_nonoverlapping:67 - Overlap? Normal max=1.0000, Anomaly min=0.1835
2026-02-08 14:57:46.943 | INFO     | src.models.evaluation:evaluate_tsb_ad_nonoverlapping:83 - {'AUC-PR': 0.048843823498700145, 'AUC-ROC': 0.7943910316206682, 'VUS-PR': np.float64(0.15528127286041038), 'VUS-ROC': np.float64(0.8038331414972081), 'Standard-F1': np.float64(0.12532398616566795), 'PA-F1': 0.12532637075718014, 'Event-based-F1': np.float64(0.10666666666666628), 'R-based-F1': 0.10666666666666667, 'Affiliation-F': 0.7493846164984976}
2026-02-08 14:57:47.100 | INFO     | src.pipelines.train_vision_backbones:run_pipeline:170 - Train images: 18
2026-02-08 14:57:47.100 | INFO     | src.pipelines.train_vision_backbones:run_pipeline:171 - Test images: 69
2026-02-08 14:57:47.312 | INFO     | src.pipelines.train_vision_backbones:run_pipeline:176 - Training resnet18_autoencoder_frozen on GADF
2026-02-08 14:57:47.325 | INFO     | src.models.resnet18_autoencoder.training:train_autoencoder_frozen:25 - Device: cuda | Model on: cuda:0
2026-02-08 14:57:48.856 | INFO     | src.pipelines.train_vision_backbones:run_pipeline:193 - Evaluating resnet18_autoencoder_frozen on GADF
2026-02-08 14:57:48.931 | INFO     | src.models.evaluation:evaluate_tsb_ad_nonoverlapping:65 - Normal (4551) reconstruction error: mean=0.7089, std=0.2455
2026-02-08 14:57:48.931 | INFO     | src.models.evaluation:evaluate_tsb_ad_nonoverlapping:66 - Anomaly (53) reconstruction error: mean=0.4573, std=0.3063
2026-02-08 14:57:48.931 | INFO     | src.models.evaluation:evaluate_tsb_ad_nonoverlapping:67 - Overlap? Normal max=1.0000, Anomaly min=0.1554
2026-02-08 14:57:54.146 | INFO     | src.models.evaluation:evaluate_tsb_ad_nonoverlapping:83 - {'AUC-PR': 0.009667095881681223, 'AUC-ROC': 0.26433958118265527, 'VUS-PR': np.float64(0.08041197627944388), 'VUS-ROC': np.float64(0.5518520008311488), 'Standard-F1': np.float64(0.023771911327559295), 'PA-F1': 0.023772146221125813, 'Event-based-F1': np.float64(0.023772146221125785), 'R-based-F1': 0.035823615338657, 'Affiliation-F': 0.6771364707535117}
2026-02-08 14:57:54.301 | INFO     | src.pipelines.train_vision_backbones:run_pipeline:170 - Train images: 18
2026-02-08 14:57:54.301 | INFO     | src.pipelines.train_vision_backbones:run_pipeline:171 - Test images: 69
2026-02-08 14:57:54.512 | INFO     | src.pipelines.train_vision_backbones:run_pipeline:176 - Training resnet18_autoencoder_progressive_unfreeze on GADF
2026-02-08 14:57:54.526 | INFO     | src.models.resnet18_autoencoder.training:train_autoencoder_progressive_unfreeze:133 - Device: cuda | Model on: cuda:0
2026-02-08 14:57:56.048 | INFO     | src.pipelines.train_vision_backbones:run_pipeline:193 - Evaluating resnet18_autoencoder_progressive_unfreeze on GADF
2026-02-08 14:57:56.130 | INFO     | src.models.evaluation:evaluate_tsb_ad_nonoverlapping:65 - Normal (4551) reconstruction error: mean=0.7087, std=0.2454
2026-02-08 14:57:56.130 | INFO     | src.models.evaluation:evaluate_tsb_ad_nonoverlapping:66 - Anomaly (53) reconstruction error: mean=0.4571, std=0.3063
2026-02-08 14:57:56.130 | INFO     | src.models.evaluation:evaluate_tsb_ad_nonoverlapping:67 - Overlap? Normal max=1.0000, Anomaly min=0.1553
2026-02-08 14:58:01.301 | INFO     | src.models.evaluation:evaluate_tsb_ad_nonoverlapping:83 - {'AUC-PR': 0.009667095881681223, 'AUC-ROC': 0.26433958118265527, 'VUS-PR': np.float64(0.08001030822460109), 'VUS-ROC': np.float64(0.5515461519947389), 'Standard-F1': np.float64(0.023771911327559295), 'PA-F1': 0.023772146221125813, 'Event-based-F1': np.float64(0.023772146221125785), 'R-based-F1': 0.035823615338657, 'Affiliation-F': 0.6771364707535117}
2026-02-08 14:58:01.455 | INFO     | src.pipelines.train_vision_backbones:run_pipeline:170 - Train images: 18
2026-02-08 14:58:01.455 | INFO     | src.pipelines.train_vision_backbones:run_pipeline:171 - Test images: 69
2026-02-08 14:58:01.665 | INFO     | src.pipelines.train_vision_backbones:run_pipeline:176 - Training resnet18_autoencoder_differential_lr on GADF
2026-02-08 14:58:01.679 | INFO     | src.models.resnet18_autoencoder.training:train_autoencoder_differential_lr:271 - Device: cuda | Model on: cuda:0
2026-02-08 14:58:04.763 | INFO     | src.pipelines.train_vision_backbones:run_pipeline:193 - Evaluating resnet18_autoencoder_differential_lr on GADF
2026-02-08 14:58:04.826 | INFO     | src.models.evaluation:evaluate_tsb_ad_nonoverlapping:65 - Normal (4551) reconstruction error: mean=0.7031, std=0.2439
2026-02-08 14:58:04.827 | INFO     | src.models.evaluation:evaluate_tsb_ad_nonoverlapping:66 - Anomaly (53) reconstruction error: mean=0.4571, std=0.3143
2026-02-08 14:58:04.827 | INFO     | src.models.evaluation:evaluate_tsb_ad_nonoverlapping:67 - Overlap? Normal max=1.0000, Anomaly min=0.1465
2026-02-08 14:58:10.009 | INFO     | src.models.evaluation:evaluate_tsb_ad_nonoverlapping:83 - {'AUC-PR': 0.009777416981297745, 'AUC-ROC': 0.2687176361819712, 'VUS-PR': np.float64(0.08289901010453891), 'VUS-ROC': np.float64(0.5619137044413107), 'Standard-F1': np.float64(0.023425182856535394), 'PA-F1': 0.023425414364640886, 'Event-based-F1': np.float64(0.023425414364640858), 'R-based-F1': 0.035823615338657, 'Affiliation-F': 0.6705191823234617}
2026-02-08 14:58:10.161 | INFO     | src.pipelines.train_vision_backbones:run_pipeline:170 - Train images: 18
2026-02-08 14:58:10.161 | INFO     | src.pipelines.train_vision_backbones:run_pipeline:171 - Test images: 69
2026-02-08 14:58:11.102 | INFO     | src.pipelines.train_vision_backbones:run_pipeline:176 - Training pvt_autoencoder_frozen on GADF
2026-02-08 14:58:11.125 | INFO     | src.models.pvt_autoencoder.training:train_pvt_autoencoder_frozen:24 - Device: cuda | Model on: cuda:0
2026-02-08 14:58:16.800 | INFO     | src.pipelines.train_vision_backbones:run_pipeline:193 - Evaluating pvt_autoencoder_frozen on GADF
2026-02-08 14:58:16.866 | INFO     | src.models.evaluation:evaluate_tsb_ad_nonoverlapping:65 - Normal (4551) reconstruction error: mean=0.3883, std=0.2576
2026-02-08 14:58:16.866 | INFO     | src.models.evaluation:evaluate_tsb_ad_nonoverlapping:66 - Anomaly (53) reconstruction error: mean=0.2736, std=0.0766
2026-02-08 14:58:16.866 | INFO     | src.models.evaluation:evaluate_tsb_ad_nonoverlapping:67 - Overlap? Normal max=1.0000, Anomaly min=0.2168
2026-02-08 14:58:21.686 | INFO     | src.models.evaluation:evaluate_tsb_ad_nonoverlapping:83 - {'AUC-PR': 0.011547274671695841, 'AUC-ROC': 0.4058054833480512, 'VUS-PR': np.float64(0.09443928777189443), 'VUS-ROC': np.float64(0.6075831399168927), 'Standard-F1': np.float64(0.031764745833307406), 'PA-F1': 0.031148986188657066, 'Event-based-F1': np.float64(0.031148986188657038), 'R-based-F1': 0.0492966994297022, 'Affiliation-F': 0.6937962000735829}
2026-02-08 14:58:21.836 | INFO     | src.pipelines.train_vision_backbones:run_pipeline:170 - Train images: 18
2026-02-08 14:58:21.836 | INFO     | src.pipelines.train_vision_backbones:run_pipeline:171 - Test images: 69
2026-02-08 14:58:22.797 | INFO     | src.pipelines.train_vision_backbones:run_pipeline:176 - Training pvt_autoencoder_progressive_unfreeze on GADF
2026-02-08 14:58:22.821 | INFO     | src.models.pvt_autoencoder.training:train_pvt_autoencoder_progressive_unfreeze:132 - Device: cuda | Model on: cuda:0
2026-02-08 14:58:25.488 | INFO     | src.pipelines.train_vision_backbones:run_pipeline:193 - Evaluating pvt_autoencoder_progressive_unfreeze on GADF
2026-02-08 14:58:25.551 | INFO     | src.models.evaluation:evaluate_tsb_ad_nonoverlapping:65 - Normal (4551) reconstruction error: mean=0.6976, std=0.2468
2026-02-08 14:58:25.551 | INFO     | src.models.evaluation:evaluate_tsb_ad_nonoverlapping:66 - Anomaly (53) reconstruction error: mean=0.4539, std=0.3039
2026-02-08 14:58:25.551 | INFO     | src.models.evaluation:evaluate_tsb_ad_nonoverlapping:67 - Overlap? Normal max=1.0000, Anomaly min=0.1558
2026-02-08 14:58:30.717 | INFO     | src.models.evaluation:evaluate_tsb_ad_nonoverlapping:83 - {'AUC-PR': 0.009685275382476127, 'AUC-ROC': 0.266254980244856, 'VUS-PR': np.float64(0.07907467082355943), 'VUS-ROC': np.float64(0.5512352756905842), 'Standard-F1': np.float64(0.023771911327559295), 'PA-F1': 0.023772146221125813, 'Event-based-F1': np.float64(0.023772146221125785), 'R-based-F1': 0.035823615338657, 'Affiliation-F': 0.6771364707535117}
2026-02-08 14:58:30.864 | INFO     | src.pipelines.train_vision_backbones:run_pipeline:170 - Train images: 18
2026-02-08 14:58:30.865 | INFO     | src.pipelines.train_vision_backbones:run_pipeline:171 - Test images: 69
2026-02-08 14:58:31.805 | INFO     | src.pipelines.train_vision_backbones:run_pipeline:176 - Training pvt_autoencoder_differential_lr on GADF
2026-02-08 14:58:31.829 | INFO     | src.models.pvt_autoencoder.training:train_pvt_autoencoder_differential_lr:267 - Device: cuda | Model on: cuda:0
2026-02-08 14:58:40.540 | INFO     | src.pipelines.train_vision_backbones:run_pipeline:193 - Evaluating pvt_autoencoder_differential_lr on GADF
2026-02-08 14:58:40.599 | INFO     | src.models.evaluation:evaluate_tsb_ad_nonoverlapping:65 - Normal (4551) reconstruction error: mean=0.1164, std=0.1772
2026-02-08 14:58:40.599 | INFO     | src.models.evaluation:evaluate_tsb_ad_nonoverlapping:66 - Anomaly (53) reconstruction error: mean=0.2144, std=0.1210
2026-02-08 14:58:40.599 | INFO     | src.models.evaluation:evaluate_tsb_ad_nonoverlapping:67 - Overlap? Normal max=1.0000, Anomaly min=0.0239
2026-02-08 14:58:45.093 | INFO     | src.models.evaluation:evaluate_tsb_ad_nonoverlapping:83 - {'AUC-PR': 0.049194481815051476, 'AUC-ROC': 0.7421445836079983, 'VUS-PR': np.float64(0.18183068079279685), 'VUS-ROC': np.float64(0.7687015697454841), 'Standard-F1': np.float64(0.13592048368989534), 'PA-F1': 0.12048192771084337, 'Event-based-F1': np.float64(0.11372867587327351), 'R-based-F1': 0.1447776628748707, 'Affiliation-F': 0.6903155031327683}
2026-02-08 14:58:45.558 | INFO     | src.pipelines.train_vision_backbones:run_pipeline:70 - Using zip: /net/scratch/hscra/plgrid/plgsmendowski12/ts2i_images/IOPS/267_IOPS_id_8_WebService_tr_1534_1st_1882_ts2i_MTF.zip for transformation MTF
2026-02-08 14:58:45.679 | INFO     | src.pipelines.train_vision_backbones:run_pipeline:170 - Train images: 18
2026-02-08 14:58:45.679 | INFO     | src.pipelines.train_vision_backbones:run_pipeline:171 - Test images: 69
2026-02-08 14:58:45.686 | INFO     | src.pipelines.train_vision_backbones:run_pipeline:176 - Training cnn_autoencoder on MTF
2026-02-08 14:58:45.690 | INFO     | src.models.cnn_autoencoder.training:train_autoencoder:22 - Device: cuda | Model on: cuda:0
2026-02-08 14:59:04.361 | INFO     | src.pipelines.train_vision_backbones:run_pipeline:193 - Evaluating cnn_autoencoder on MTF
2026-02-08 14:59:04.422 | INFO     | src.models.evaluation:evaluate_tsb_ad_nonoverlapping:65 - Normal (4551) reconstruction error: mean=0.3780, std=0.3250
2026-02-08 14:59:04.422 | INFO     | src.models.evaluation:evaluate_tsb_ad_nonoverlapping:66 - Anomaly (53) reconstruction error: mean=0.5971, std=0.1554
2026-02-08 14:59:04.422 | INFO     | src.models.evaluation:evaluate_tsb_ad_nonoverlapping:67 - Overlap? Normal max=1.0000, Anomaly min=0.2811
2026-02-08 14:59:09.322 | INFO     | src.models.evaluation:evaluate_tsb_ad_nonoverlapping:83 - {'AUC-PR': 0.02449141123827243, 'AUC-ROC': 0.6978167767399244, 'VUS-PR': np.float64(0.10271751725466319), 'VUS-ROC': np.float64(0.7490391907131789), 'Standard-F1': np.float64(0.05680916309614914), 'PA-F1': 0.05680990531682447, 'Event-based-F1': np.float64(0.05631768953068583), 'R-based-F1': 0.05692903915541895, 'Affiliation-F': 0.7075572188921598}
2026-02-08 14:59:09.477 | INFO     | src.pipelines.train_vision_backbones:run_pipeline:170 - Train images: 18
2026-02-08 14:59:09.478 | INFO     | src.pipelines.train_vision_backbones:run_pipeline:171 - Test images: 69
2026-02-08 14:59:09.690 | INFO     | src.pipelines.train_vision_backbones:run_pipeline:176 - Training resnet18_autoencoder_frozen on MTF
2026-02-08 14:59:09.704 | INFO     | src.models.resnet18_autoencoder.training:train_autoencoder_frozen:25 - Device: cuda | Model on: cuda:0
2026-02-08 14:59:27.696 | INFO     | src.pipelines.train_vision_backbones:run_pipeline:193 - Evaluating resnet18_autoencoder_frozen on MTF
2026-02-08 14:59:27.765 | INFO     | src.models.evaluation:evaluate_tsb_ad_nonoverlapping:65 - Normal (4551) reconstruction error: mean=0.4093, std=0.2484
2026-02-08 14:59:27.765 | INFO     | src.models.evaluation:evaluate_tsb_ad_nonoverlapping:66 - Anomaly (53) reconstruction error: mean=0.5524, std=0.1889
2026-02-08 14:59:27.765 | INFO     | src.models.evaluation:evaluate_tsb_ad_nonoverlapping:67 - Overlap? Normal max=1.0000, Anomaly min=0.0256
2026-02-08 14:59:32.626 | INFO     | src.models.evaluation:evaluate_tsb_ad_nonoverlapping:83 - {'AUC-PR': 0.028642127475410506, 'AUC-ROC': 0.6786627861179173, 'VUS-PR': np.float64(0.11391986968246795), 'VUS-ROC': np.float64(0.6846341166808858), 'Standard-F1': np.float64(0.06731980198300995), 'PA-F1': 0.06161745827984596, 'Event-based-F1': np.float64(0.05787515502273653), 'R-based-F1': 0.06121556624398775, 'Affiliation-F': 0.6669208359526168}
2026-02-08 14:59:32.783 | INFO     | src.pipelines.train_vision_backbones:run_pipeline:170 - Train images: 18
2026-02-08 14:59:32.783 | INFO     | src.pipelines.train_vision_backbones:run_pipeline:171 - Test images: 69
2026-02-08 14:59:32.994 | INFO     | src.pipelines.train_vision_backbones:run_pipeline:176 - Training resnet18_autoencoder_progressive_unfreeze on MTF
2026-02-08 14:59:33.008 | INFO     | src.models.resnet18_autoencoder.training:train_autoencoder_progressive_unfreeze:133 - Device: cuda | Model on: cuda:0
2026-02-08 15:00:07.656 | INFO     | src.pipelines.train_vision_backbones:run_pipeline:193 - Evaluating resnet18_autoencoder_progressive_unfreeze on MTF
2026-02-08 15:00:07.724 | INFO     | src.models.evaluation:evaluate_tsb_ad_nonoverlapping:65 - Normal (4551) reconstruction error: mean=0.4414, std=0.3521
2026-02-08 15:00:07.724 | INFO     | src.models.evaluation:evaluate_tsb_ad_nonoverlapping:66 - Anomaly (53) reconstruction error: mean=0.6908, std=0.0983
2026-02-08 15:00:07.724 | INFO     | src.models.evaluation:evaluate_tsb_ad_nonoverlapping:67 - Overlap? Normal max=1.0000, Anomaly min=0.3745
2026-02-08 15:00:12.642 | INFO     | src.models.evaluation:evaluate_tsb_ad_nonoverlapping:83 - {'AUC-PR': 0.02217043494246995, 'AUC-ROC': 0.6764737586182593, 'VUS-PR': np.float64(0.14397594440760353), 'VUS-ROC': np.float64(0.7594756142357724), 'Standard-F1': np.float64(0.053468475985455594), 'PA-F1': 0.05346912794398472, 'Event-based-F1': np.float64(0.05289672544080596), 'R-based-F1': 0.05672800945466824, 'Affiliation-F': 0.716931889561985}
2026-02-08 15:00:12.800 | INFO     | src.pipelines.train_vision_backbones:run_pipeline:170 - Train images: 18
2026-02-08 15:00:12.800 | INFO     | src.pipelines.train_vision_backbones:run_pipeline:171 - Test images: 69
2026-02-08 15:00:13.011 | INFO     | src.pipelines.train_vision_backbones:run_pipeline:176 - Training resnet18_autoencoder_differential_lr on MTF
2026-02-08 15:00:13.025 | INFO     | src.models.resnet18_autoencoder.training:train_autoencoder_differential_lr:271 - Device: cuda | Model on: cuda:0
2026-02-08 15:00:39.824 | INFO     | src.pipelines.train_vision_backbones:run_pipeline:193 - Evaluating resnet18_autoencoder_differential_lr on MTF
2026-02-08 15:00:39.881 | INFO     | src.models.evaluation:evaluate_tsb_ad_nonoverlapping:65 - Normal (4551) reconstruction error: mean=0.4263, std=0.3352
2026-02-08 15:00:39.881 | INFO     | src.models.evaluation:evaluate_tsb_ad_nonoverlapping:66 - Anomaly (53) reconstruction error: mean=0.5880, std=0.0435
2026-02-08 15:00:39.881 | INFO     | src.models.evaluation:evaluate_tsb_ad_nonoverlapping:67 - Overlap? Normal max=1.0000, Anomaly min=0.5117
2026-02-08 15:00:44.800 | INFO     | src.models.evaluation:evaluate_tsb_ad_nonoverlapping:83 - {'AUC-PR': 0.018957253664580464, 'AUC-ROC': 0.6288624105006986, 'VUS-PR': np.float64(0.13911877024784186), 'VUS-ROC': np.float64(0.7449534002201088), 'Standard-F1': np.float64(0.046188898826736345), 'PA-F1': 0.046189376443418015, 'Event-based-F1': np.float64(0.04598758335249477), 'R-based-F1': 0.047505938242280284, 'Affiliation-F': 0.7385928744873278}
2026-02-08 15:00:44.957 | INFO     | src.pipelines.train_vision_backbones:run_pipeline:170 - Train images: 18
2026-02-08 15:00:44.957 | INFO     | src.pipelines.train_vision_backbones:run_pipeline:171 - Test images: 69
2026-02-08 15:00:45.897 | INFO     | src.pipelines.train_vision_backbones:run_pipeline:176 - Training pvt_autoencoder_frozen on MTF
2026-02-08 15:00:45.921 | INFO     | src.models.pvt_autoencoder.training:train_pvt_autoencoder_frozen:24 - Device: cuda | Model on: cuda:0
2026-02-08 15:01:12.215 | INFO     | src.pipelines.train_vision_backbones:run_pipeline:193 - Evaluating pvt_autoencoder_frozen on MTF
2026-02-08 15:01:12.276 | INFO     | src.models.evaluation:evaluate_tsb_ad_nonoverlapping:65 - Normal (4551) reconstruction error: mean=0.3439, std=0.2977
2026-02-08 15:01:12.276 | INFO     | src.models.evaluation:evaluate_tsb_ad_nonoverlapping:66 - Anomaly (53) reconstruction error: mean=0.4524, std=0.0985
2026-02-08 15:01:12.276 | INFO     | src.models.evaluation:evaluate_tsb_ad_nonoverlapping:67 - Overlap? Normal max=1.0000, Anomaly min=0.2681
2026-02-08 15:01:17.094 | INFO     | src.models.evaluation:evaluate_tsb_ad_nonoverlapping:83 - {'AUC-PR': 0.018101470688217238, 'AUC-ROC': 0.6192854151896949, 'VUS-PR': np.float64(0.13533119009848474), 'VUS-ROC': np.float64(0.7355103335242266), 'Standard-F1': np.float64(0.043534594892778423), 'PA-F1': 0.043535045711798, 'Event-based-F1': np.float64(0.04335573379579444), 'R-based-F1': 0.0544415664218688, 'Affiliation-F': 0.6974192987229676}
2026-02-08 15:01:17.246 | INFO     | src.pipelines.train_vision_backbones:run_pipeline:170 - Train images: 18
2026-02-08 15:01:17.246 | INFO     | src.pipelines.train_vision_backbones:run_pipeline:171 - Test images: 69
2026-02-08 15:01:18.193 | INFO     | src.pipelines.train_vision_backbones:run_pipeline:176 - Training pvt_autoencoder_progressive_unfreeze on MTF
2026-02-08 15:01:18.217 | INFO     | src.models.pvt_autoencoder.training:train_pvt_autoencoder_progressive_unfreeze:132 - Device: cuda | Model on: cuda:0
2026-02-08 15:01:49.320 | INFO     | src.pipelines.train_vision_backbones:run_pipeline:193 - Evaluating pvt_autoencoder_progressive_unfreeze on MTF
2026-02-08 15:01:49.511 | INFO     | src.models.evaluation:evaluate_tsb_ad_nonoverlapping:65 - Normal (4551) reconstruction error: mean=0.3207, std=0.2831
2026-02-08 15:01:49.511 | INFO     | src.models.evaluation:evaluate_tsb_ad_nonoverlapping:66 - Anomaly (53) reconstruction error: mean=0.4637, std=0.1212
2026-02-08 15:01:49.511 | INFO     | src.models.evaluation:evaluate_tsb_ad_nonoverlapping:67 - Overlap? Normal max=1.0000, Anomaly min=0.2132
2026-02-08 15:01:54.299 | INFO     | src.models.evaluation:evaluate_tsb_ad_nonoverlapping:83 - {'AUC-PR': 0.022754712447192387, 'AUC-ROC': 0.6767473870557166, 'VUS-PR': np.float64(0.17777168804547672), 'VUS-ROC': np.float64(0.7490175766947763), 'Standard-F1': np.float64(0.05182656301814744), 'PA-F1': 0.051827242524916946, 'Event-based-F1': np.float64(0.05141727092946597), 'R-based-F1': 0.05146675513008862, 'Affiliation-F': 0.7037400166452276}
2026-02-08 15:01:54.454 | INFO     | src.pipelines.train_vision_backbones:run_pipeline:170 - Train images: 18
2026-02-08 15:01:54.454 | INFO     | src.pipelines.train_vision_backbones:run_pipeline:171 - Test images: 69
2026-02-08 15:01:55.395 | INFO     | src.pipelines.train_vision_backbones:run_pipeline:176 - Training pvt_autoencoder_differential_lr on MTF
2026-02-08 15:01:55.418 | INFO     | src.models.pvt_autoencoder.training:train_pvt_autoencoder_differential_lr:267 - Device: cuda | Model on: cuda:0
2026-02-08 15:02:22.590 | INFO     | src.pipelines.train_vision_backbones:run_pipeline:193 - Evaluating pvt_autoencoder_differential_lr on MTF
2026-02-08 15:02:23.002 | INFO     | src.models.evaluation:evaluate_tsb_ad_nonoverlapping:65 - Normal (4551) reconstruction error: mean=0.3617, std=0.2947
2026-02-08 15:02:23.002 | INFO     | src.models.evaluation:evaluate_tsb_ad_nonoverlapping:66 - Anomaly (53) reconstruction error: mean=0.6409, std=0.3201
2026-02-08 15:02:23.002 | INFO     | src.models.evaluation:evaluate_tsb_ad_nonoverlapping:67 - Overlap? Normal max=1.0000, Anomaly min=0.2223
2026-02-08 15:02:27.810 | INFO     | src.models.evaluation:evaluate_tsb_ad_nonoverlapping:83 - {'AUC-PR': 0.06586229196426255, 'AUC-ROC': 0.7322939598595375, 'VUS-PR': np.float64(0.27083545515877117), 'VUS-ROC': np.float64(0.7909476071039623), 'Standard-F1': np.float64(0.19123172844329636), 'PA-F1': 0.19123505976095617, 'Event-based-F1': np.float64(0.15094339622641464), 'R-based-F1': 0.15094339622641512, 'Affiliation-F': 0.6949321833805688}
2026-02-08 15:02:28.020 | INFO     | src.pipelines.train_vision_backbones:run_pipeline:70 - Using zip: /net/scratch/hscra/plgrid/plgsmendowski12/ts2i_images/IOPS/267_IOPS_id_8_WebService_tr_1534_1st_1882_ts2i_RP.zip for transformation RP
2026-02-08 15:02:28.135 | INFO     | src.pipelines.train_vision_backbones:run_pipeline:170 - Train images: 18
2026-02-08 15:02:28.135 | INFO     | src.pipelines.train_vision_backbones:run_pipeline:171 - Test images: 69
2026-02-08 15:02:28.142 | INFO     | src.pipelines.train_vision_backbones:run_pipeline:176 - Training cnn_autoencoder on RP
2026-02-08 15:02:28.146 | INFO     | src.models.cnn_autoencoder.training:train_autoencoder:22 - Device: cuda | Model on: cuda:0
2026-02-08 15:02:47.498 | INFO     | src.pipelines.train_vision_backbones:run_pipeline:193 - Evaluating cnn_autoencoder on RP
2026-02-08 15:02:47.559 | INFO     | src.models.evaluation:evaluate_tsb_ad_nonoverlapping:65 - Normal (4551) reconstruction error: mean=0.3635, std=0.2606
2026-02-08 15:02:47.559 | INFO     | src.models.evaluation:evaluate_tsb_ad_nonoverlapping:66 - Anomaly (53) reconstruction error: mean=0.5785, std=0.1989
2026-02-08 15:02:47.559 | INFO     | src.models.evaluation:evaluate_tsb_ad_nonoverlapping:67 - Overlap? Normal max=1.0000, Anomaly min=0.0888
2026-02-08 15:02:52.430 | INFO     | src.models.evaluation:evaluate_tsb_ad_nonoverlapping:83 - {'AUC-PR': 0.03313760127549403, 'AUC-ROC': 0.7298313039224222, 'VUS-PR': np.float64(0.2689208297333831), 'VUS-ROC': np.float64(0.8325453239657102), 'Standard-F1': np.float64(0.07567158765693244), 'PA-F1': 0.07567567567567568, 'Event-based-F1': np.float64(0.08383233532934098), 'R-based-F1': 0.08383233532934131, 'Affiliation-F': 0.7670757890826424}
2026-02-08 15:02:52.584 | INFO     | src.pipelines.train_vision_backbones:run_pipeline:170 - Train images: 18
2026-02-08 15:02:52.585 | INFO     | src.pipelines.train_vision_backbones:run_pipeline:171 - Test images: 69
2026-02-08 15:02:52.797 | INFO     | src.pipelines.train_vision_backbones:run_pipeline:176 - Training resnet18_autoencoder_frozen on RP
2026-02-08 15:02:52.811 | INFO     | src.models.resnet18_autoencoder.training:train_autoencoder_frozen:25 - Device: cuda | Model on: cuda:0
2026-02-08 15:03:16.066 | INFO     | src.pipelines.train_vision_backbones:run_pipeline:193 - Evaluating resnet18_autoencoder_frozen on RP
2026-02-08 15:03:16.134 | INFO     | src.models.evaluation:evaluate_tsb_ad_nonoverlapping:65 - Normal (4551) reconstruction error: mean=0.5662, std=0.2436
2026-02-08 15:03:16.134 | INFO     | src.models.evaluation:evaluate_tsb_ad_nonoverlapping:66 - Anomaly (53) reconstruction error: mean=0.7317, std=0.0927
2026-02-08 15:03:16.134 | INFO     | src.models.evaluation:evaluate_tsb_ad_nonoverlapping:67 - Overlap? Normal max=1.0000, Anomaly min=0.5485
2026-02-08 15:03:21.204 | INFO     | src.models.evaluation:evaluate_tsb_ad_nonoverlapping:83 - {'AUC-PR': 0.02334919618760289, 'AUC-ROC': 0.6748319879935158, 'VUS-PR': np.float64(0.3232933418836681), 'VUS-ROC': np.float64(0.8497710729377972), 'Standard-F1': np.float64(0.05047040149109754), 'PA-F1': 0.050473186119873815, 'Event-based-F1': np.float64(0.052631578947368196), 'R-based-F1': 0.052631578947368425, 'Affiliation-F': 0.7641364049824944}
2026-02-08 15:03:21.357 | INFO     | src.pipelines.train_vision_backbones:run_pipeline:170 - Train images: 18
2026-02-08 15:03:21.358 | INFO     | src.pipelines.train_vision_backbones:run_pipeline:171 - Test images: 69
2026-02-08 15:03:21.568 | INFO     | src.pipelines.train_vision_backbones:run_pipeline:176 - Training resnet18_autoencoder_progressive_unfreeze on RP
2026-02-08 15:03:21.582 | INFO     | src.models.resnet18_autoencoder.training:train_autoencoder_progressive_unfreeze:133 - Device: cuda | Model on: cuda:0
2026-02-08 15:03:53.025 | INFO     | src.pipelines.train_vision_backbones:run_pipeline:193 - Evaluating resnet18_autoencoder_progressive_unfreeze on RP
2026-02-08 15:03:53.093 | INFO     | src.models.evaluation:evaluate_tsb_ad_nonoverlapping:65 - Normal (4551) reconstruction error: mean=0.4622, std=0.2709
2026-02-08 15:03:53.094 | INFO     | src.models.evaluation:evaluate_tsb_ad_nonoverlapping:66 - Anomaly (53) reconstruction error: mean=0.6709, std=0.1778
2026-02-08 15:03:53.094 | INFO     | src.models.evaluation:evaluate_tsb_ad_nonoverlapping:67 - Overlap? Normal max=1.0000, Anomaly min=0.2292
2026-02-08 15:03:58.061 | INFO     | src.models.evaluation:evaluate_tsb_ad_nonoverlapping:83 - {'AUC-PR': 0.05193090198518313, 'AUC-ROC': 0.725179620485649, 'VUS-PR': np.float64(0.23563278613595998), 'VUS-ROC': np.float64(0.795615382487287), 'Standard-F1': np.float64(0.15141677362842193), 'PA-F1': 0.15141955835962145, 'Event-based-F1': np.float64(0.1249999999999996), 'R-based-F1': 0.12500000000000003, 'Affiliation-F': 0.6859353612693961}
2026-02-08 15:03:58.220 | INFO     | src.pipelines.train_vision_backbones:run_pipeline:170 - Train images: 18
2026-02-08 15:03:58.220 | INFO     | src.pipelines.train_vision_backbones:run_pipeline:171 - Test images: 69
2026-02-08 15:03:58.432 | INFO     | src.pipelines.train_vision_backbones:run_pipeline:176 - Training resnet18_autoencoder_differential_lr on RP
2026-02-08 15:03:58.446 | INFO     | src.models.resnet18_autoencoder.training:train_autoencoder_differential_lr:271 - Device: cuda | Model on: cuda:0
2026-02-08 15:04:22.180 | INFO     | src.pipelines.train_vision_backbones:run_pipeline:193 - Evaluating resnet18_autoencoder_differential_lr on RP
2026-02-08 15:04:22.237 | INFO     | src.models.evaluation:evaluate_tsb_ad_nonoverlapping:65 - Normal (4551) reconstruction error: mean=0.5182, std=0.2971
2026-02-08 15:04:22.237 | INFO     | src.models.evaluation:evaluate_tsb_ad_nonoverlapping:66 - Anomaly (53) reconstruction error: mean=0.6655, std=0.1652
2026-02-08 15:04:22.237 | INFO     | src.models.evaluation:evaluate_tsb_ad_nonoverlapping:67 - Overlap? Normal max=1.0000, Anomaly min=0.1053
2026-02-08 15:04:27.226 | INFO     | src.models.evaluation:evaluate_tsb_ad_nonoverlapping:83 - {'AUC-PR': 0.02005479880276645, 'AUC-ROC': 0.6365240067495015, 'VUS-PR': np.float64(0.16641984203673504), 'VUS-ROC': np.float64(0.7823715148637196), 'Standard-F1': np.float64(0.04964925256149676), 'PA-F1': 0.04964990451941439, 'Event-based-F1': np.float64(0.04927353126974092), 'R-based-F1': 0.06366761321177701, 'Affiliation-F': 0.7176232962865254}
2026-02-08 15:04:27.380 | INFO     | src.pipelines.train_vision_backbones:run_pipeline:170 - Train images: 18
2026-02-08 15:04:27.380 | INFO     | src.pipelines.train_vision_backbones:run_pipeline:171 - Test images: 69
2026-02-08 15:04:28.353 | INFO     | src.pipelines.train_vision_backbones:run_pipeline:176 - Training pvt_autoencoder_frozen on RP
2026-02-08 15:04:28.376 | INFO     | src.models.pvt_autoencoder.training:train_pvt_autoencoder_frozen:24 - Device: cuda | Model on: cuda:0
2026-02-08 15:04:53.983 | INFO     | src.pipelines.train_vision_backbones:run_pipeline:193 - Evaluating pvt_autoencoder_frozen on RP
2026-02-08 15:04:54.044 | INFO     | src.models.evaluation:evaluate_tsb_ad_nonoverlapping:65 - Normal (4551) reconstruction error: mean=0.4783, std=0.2235
2026-02-08 15:04:54.045 | INFO     | src.models.evaluation:evaluate_tsb_ad_nonoverlapping:66 - Anomaly (53) reconstruction error: mean=0.6795, std=0.1642
2026-02-08 15:04:54.045 | INFO     | src.models.evaluation:evaluate_tsb_ad_nonoverlapping:67 - Overlap? Normal max=1.0000, Anomaly min=0.3829
2026-02-08 15:04:58.972 | INFO     | src.models.evaluation:evaluate_tsb_ad_nonoverlapping:83 - {'AUC-PR': 0.04553177943001807, 'AUC-ROC': 0.7500798082942584, 'VUS-PR': np.float64(0.3058726465369105), 'VUS-ROC': np.float64(0.8134340011738159), 'Standard-F1': np.float64(0.12532398616566795), 'PA-F1': 0.12532637075718014, 'Event-based-F1': np.float64(0.10666666666666628), 'R-based-F1': 0.0930232558139535, 'Affiliation-F': 0.7134079906012507}
2026-02-08 15:04:59.124 | INFO     | src.pipelines.train_vision_backbones:run_pipeline:170 - Train images: 18
2026-02-08 15:04:59.125 | INFO     | src.pipelines.train_vision_backbones:run_pipeline:171 - Test images: 69
2026-02-08 15:05:00.117 | INFO     | src.pipelines.train_vision_backbones:run_pipeline:176 - Training pvt_autoencoder_progressive_unfreeze on RP
2026-02-08 15:05:00.140 | INFO     | src.models.pvt_autoencoder.training:train_pvt_autoencoder_progressive_unfreeze:132 - Device: cuda | Model on: cuda:0
2026-02-08 15:05:33.843 | INFO     | src.pipelines.train_vision_backbones:run_pipeline:193 - Evaluating pvt_autoencoder_progressive_unfreeze on RP
2026-02-08 15:05:34.271 | INFO     | src.models.evaluation:evaluate_tsb_ad_nonoverlapping:65 - Normal (4551) reconstruction error: mean=0.4086, std=0.2701
2026-02-08 15:05:34.272 | INFO     | src.models.evaluation:evaluate_tsb_ad_nonoverlapping:66 - Anomaly (53) reconstruction error: mean=0.5999, std=0.2127
2026-02-08 15:05:34.272 | INFO     | src.models.evaluation:evaluate_tsb_ad_nonoverlapping:67 - Overlap? Normal max=1.0000, Anomaly min=0.0260
2026-02-08 15:05:39.123 | INFO     | src.models.evaluation:evaluate_tsb_ad_nonoverlapping:83 - {'AUC-PR': 0.039335849845508045, 'AUC-ROC': 0.720527937048876, 'VUS-PR': np.float64(0.26906820666060133), 'VUS-ROC': np.float64(0.8094533057566996), 'Standard-F1': np.float64(0.1069021495338582), 'PA-F1': 0.10690423162583519, 'Event-based-F1': np.float64(0.09302325581395314), 'R-based-F1': 0.10666666666666667, 'Affiliation-F': 0.7482348818858577}
2026-02-08 15:05:39.279 | INFO     | src.pipelines.train_vision_backbones:run_pipeline:170 - Train images: 18
2026-02-08 15:05:39.279 | INFO     | src.pipelines.train_vision_backbones:run_pipeline:171 - Test images: 69
2026-02-08 15:05:40.264 | INFO     | src.pipelines.train_vision_backbones:run_pipeline:176 - Training pvt_autoencoder_differential_lr on RP
2026-02-08 15:05:40.287 | INFO     | src.models.pvt_autoencoder.training:train_pvt_autoencoder_differential_lr:267 - Device: cuda | Model on: cuda:0
2026-02-08 15:06:07.385 | INFO     | src.pipelines.train_vision_backbones:run_pipeline:193 - Evaluating pvt_autoencoder_differential_lr on RP
2026-02-08 15:06:07.642 | INFO     | src.models.evaluation:evaluate_tsb_ad_nonoverlapping:65 - Normal (4551) reconstruction error: mean=0.4576, std=0.2013
2026-02-08 15:06:07.642 | INFO     | src.models.evaluation:evaluate_tsb_ad_nonoverlapping:66 - Anomaly (53) reconstruction error: mean=0.5576, std=0.1197
2026-02-08 15:06:07.642 | INFO     | src.models.evaluation:evaluate_tsb_ad_nonoverlapping:67 - Overlap? Normal max=1.0000, Anomaly min=0.3559
2026-02-08 15:06:12.514 | INFO     | src.models.evaluation:evaluate_tsb_ad_nonoverlapping:83 - {'AUC-PR': 0.02373680356363668, 'AUC-ROC': 0.6700890950775902, 'VUS-PR': np.float64(0.25467228268222897), 'VUS-ROC': np.float64(0.8063299825351578), 'Standard-F1': np.float64(0.06638211729863888), 'PA-F1': 0.05680990531682447, 'Event-based-F1': np.float64(0.05631768953068583), 'R-based-F1': 0.04613516794819911, 'Affiliation-F': 0.7123078298131652}
2026-02-08 15:06:12.708 | INFO     | src.pipelines.train_vision_backbones:run_pipeline:70 - Using zip: /net/scratch/hscra/plgrid/plgsmendowski12/ts2i_images/IOPS/267_IOPS_id_8_WebService_tr_1534_1st_1882_ts2i_RWT.zip for transformation RWT
2026-02-08 15:06:12.830 | INFO     | src.pipelines.train_vision_backbones:run_pipeline:170 - Train images: 18
2026-02-08 15:06:12.830 | INFO     | src.pipelines.train_vision_backbones:run_pipeline:171 - Test images: 69
2026-02-08 15:06:12.837 | INFO     | src.pipelines.train_vision_backbones:run_pipeline:176 - Training cnn_autoencoder on RWT
2026-02-08 15:06:12.841 | INFO     | src.models.cnn_autoencoder.training:train_autoencoder:22 - Device: cuda | Model on: cuda:0
2026-02-08 15:06:31.707 | INFO     | src.pipelines.train_vision_backbones:run_pipeline:193 - Evaluating cnn_autoencoder on RWT
2026-02-08 15:06:31.772 | INFO     | src.models.evaluation:evaluate_tsb_ad_nonoverlapping:65 - Normal (4551) reconstruction error: mean=0.1036, std=0.1821
2026-02-08 15:06:31.772 | INFO     | src.models.evaluation:evaluate_tsb_ad_nonoverlapping:66 - Anomaly (53) reconstruction error: mean=0.2586, std=0.1304
2026-02-08 15:06:31.773 | INFO     | src.models.evaluation:evaluate_tsb_ad_nonoverlapping:67 - Overlap? Normal max=1.0000, Anomaly min=0.0134
2026-02-08 15:06:36.411 | INFO     | src.models.evaluation:evaluate_tsb_ad_nonoverlapping:83 - {'AUC-PR': 0.05416019857927178, 'AUC-ROC': 0.778993213185574, 'VUS-PR': np.float64(0.293916400511213), 'VUS-ROC': np.float64(0.883614288655036), 'Standard-F1': np.float64(0.1514544642698471), 'PA-F1': 0.15145631067961166, 'Event-based-F1': np.float64(0.1480075901328271), 'R-based-F1': 0.14800759013282733, 'Affiliation-F': 0.6936817042927194}
2026-02-08 15:06:36.568 | INFO     | src.pipelines.train_vision_backbones:run_pipeline:170 - Train images: 18
2026-02-08 15:06:36.568 | INFO     | src.pipelines.train_vision_backbones:run_pipeline:171 - Test images: 69
2026-02-08 15:06:36.781 | INFO     | src.pipelines.train_vision_backbones:run_pipeline:176 - Training resnet18_autoencoder_frozen on RWT
2026-02-08 15:06:36.795 | INFO     | src.models.resnet18_autoencoder.training:train_autoencoder_frozen:25 - Device: cuda | Model on: cuda:0
2026-02-08 15:06:43.414 | INFO     | src.pipelines.train_vision_backbones:run_pipeline:193 - Evaluating resnet18_autoencoder_frozen on RWT
2026-02-08 15:06:43.487 | INFO     | src.models.evaluation:evaluate_tsb_ad_nonoverlapping:65 - Normal (4551) reconstruction error: mean=0.4032, std=0.2956
2026-02-08 15:06:43.487 | INFO     | src.models.evaluation:evaluate_tsb_ad_nonoverlapping:66 - Anomaly (53) reconstruction error: mean=0.3158, std=0.2060
2026-02-08 15:06:43.487 | INFO     | src.models.evaluation:evaluate_tsb_ad_nonoverlapping:67 - Overlap? Normal max=1.0000, Anomaly min=0.1143
2026-02-08 15:06:48.367 | INFO     | src.models.evaluation:evaluate_tsb_ad_nonoverlapping:83 - {'AUC-PR': 0.012103277541592704, 'AUC-ROC': 0.4403655841759846, 'VUS-PR': np.float64(0.1839338408702487), 'VUS-ROC': np.float64(0.8244307797801923), 'Standard-F1': np.float64(0.0279344724629137), 'PA-F1': 0.02793481875623545, 'Event-based-F1': np.float64(0.027939464493597167), 'R-based-F1': 0.017857449878662106, 'Affiliation-F': 0.7115629508300327}
2026-02-08 15:06:48.521 | INFO     | src.pipelines.train_vision_backbones:run_pipeline:170 - Train images: 18
2026-02-08 15:06:48.521 | INFO     | src.pipelines.train_vision_backbones:run_pipeline:171 - Test images: 69
2026-02-08 15:06:48.732 | INFO     | src.pipelines.train_vision_backbones:run_pipeline:176 - Training resnet18_autoencoder_progressive_unfreeze on RWT
2026-02-08 15:06:48.746 | INFO     | src.models.resnet18_autoencoder.training:train_autoencoder_progressive_unfreeze:133 - Device: cuda | Model on: cuda:0
2026-02-08 15:07:12.128 | INFO     | src.pipelines.train_vision_backbones:run_pipeline:193 - Evaluating resnet18_autoencoder_progressive_unfreeze on RWT
2026-02-08 15:07:12.203 | INFO     | src.models.evaluation:evaluate_tsb_ad_nonoverlapping:65 - Normal (4551) reconstruction error: mean=0.1481, std=0.1931
2026-02-08 15:07:12.203 | INFO     | src.models.evaluation:evaluate_tsb_ad_nonoverlapping:66 - Anomaly (53) reconstruction error: mean=0.2953, std=0.2141
2026-02-08 15:07:12.203 | INFO     | src.models.evaluation:evaluate_tsb_ad_nonoverlapping:67 - Overlap? Normal max=1.0000, Anomaly min=0.0191
2026-02-08 15:07:16.799 | INFO     | src.models.evaluation:evaluate_tsb_ad_nonoverlapping:83 - {'AUC-PR': 0.03822753885255957, 'AUC-ROC': 0.7171531863202365, 'VUS-PR': np.float64(0.23018543449839393), 'VUS-ROC': np.float64(0.7970861145754121), 'Standard-F1': np.float64(0.0923065165655168), 'PA-F1': 0.09230769230769231, 'Event-based-F1': np.float64(0.09101516919486567), 'R-based-F1': 0.11836115326251899, 'Affiliation-F': 0.6883629118695097}
2026-02-08 15:07:16.957 | INFO     | src.pipelines.train_vision_backbones:run_pipeline:170 - Train images: 18
2026-02-08 15:07:16.957 | INFO     | src.pipelines.train_vision_backbones:run_pipeline:171 - Test images: 69
2026-02-08 15:07:17.169 | INFO     | src.pipelines.train_vision_backbones:run_pipeline:176 - Training resnet18_autoencoder_differential_lr on RWT
2026-02-08 15:07:17.183 | INFO     | src.models.resnet18_autoencoder.training:train_autoencoder_differential_lr:271 - Device: cuda | Model on: cuda:0
2026-02-08 15:07:33.990 | INFO     | src.pipelines.train_vision_backbones:run_pipeline:193 - Evaluating resnet18_autoencoder_differential_lr on RWT
2026-02-08 15:07:34.048 | INFO     | src.models.evaluation:evaluate_tsb_ad_nonoverlapping:65 - Normal (4551) reconstruction error: mean=0.1667, std=0.2034
2026-02-08 15:07:34.048 | INFO     | src.models.evaluation:evaluate_tsb_ad_nonoverlapping:66 - Anomaly (53) reconstruction error: mean=0.3421, std=0.2076
2026-02-08 15:07:34.048 | INFO     | src.models.evaluation:evaluate_tsb_ad_nonoverlapping:67 - Overlap? Normal max=1.0000, Anomaly min=0.0515
2026-02-08 15:07:38.739 | INFO     | src.models.evaluation:evaluate_tsb_ad_nonoverlapping:83 - {'AUC-PR': 0.042756707437377584, 'AUC-ROC': 0.7664063050625407, 'VUS-PR': np.float64(0.2588736566539996), 'VUS-ROC': np.float64(0.8495709637118289), 'Standard-F1': np.float64(0.10939553829757628), 'PA-F1': 0.09230769230769231, 'Event-based-F1': np.float64(0.09101516919486567), 'R-based-F1': 0.09860935524652338, 'Affiliation-F': 0.7417511551744245}
2026-02-08 15:07:38.894 | INFO     | src.pipelines.train_vision_backbones:run_pipeline:170 - Train images: 18
2026-02-08 15:07:38.895 | INFO     | src.pipelines.train_vision_backbones:run_pipeline:171 - Test images: 69
2026-02-08 15:07:39.873 | INFO     | src.pipelines.train_vision_backbones:run_pipeline:176 - Training pvt_autoencoder_frozen on RWT
2026-02-08 15:07:39.897 | INFO     | src.models.pvt_autoencoder.training:train_pvt_autoencoder_frozen:24 - Device: cuda | Model on: cuda:0
2026-02-08 15:08:05.311 | INFO     | src.pipelines.train_vision_backbones:run_pipeline:193 - Evaluating pvt_autoencoder_frozen on RWT
2026-02-08 15:08:05.374 | INFO     | src.models.evaluation:evaluate_tsb_ad_nonoverlapping:65 - Normal (4551) reconstruction error: mean=0.1510, std=0.2351
2026-02-08 15:08:05.374 | INFO     | src.models.evaluation:evaluate_tsb_ad_nonoverlapping:66 - Anomaly (53) reconstruction error: mean=0.4478, std=0.2428
2026-02-08 15:08:05.374 | INFO     | src.models.evaluation:evaluate_tsb_ad_nonoverlapping:67 - Overlap? Normal max=1.0000, Anomaly min=0.0082
2026-02-08 15:08:09.896 | INFO     | src.models.evaluation:evaluate_tsb_ad_nonoverlapping:83 - {'AUC-PR': 0.06104945584213723, 'AUC-ROC': 0.7661326766250834, 'VUS-PR': np.float64(0.2591551979341818), 'VUS-ROC': np.float64(0.8619726592079642), 'Standard-F1': np.float64(0.1514544642698471), 'PA-F1': 0.15145631067961166, 'Event-based-F1': np.float64(0.1480075901328271), 'R-based-F1': 0.14800759013282733, 'Affiliation-F': 0.7545809017195793}
2026-02-08 15:08:10.098 | INFO     | src.pipelines.train_vision_backbones:run_pipeline:170 - Train images: 18
2026-02-08 15:08:10.098 | INFO     | src.pipelines.train_vision_backbones:run_pipeline:171 - Test images: 69
2026-02-08 15:08:11.085 | INFO     | src.pipelines.train_vision_backbones:run_pipeline:176 - Training pvt_autoencoder_progressive_unfreeze on RWT
2026-02-08 15:08:11.112 | INFO     | src.models.pvt_autoencoder.training:train_pvt_autoencoder_progressive_unfreeze:132 - Device: cuda | Model on: cuda:0
2026-02-08 15:08:38.488 | INFO     | src.pipelines.train_vision_backbones:run_pipeline:193 - Evaluating pvt_autoencoder_progressive_unfreeze on RWT
2026-02-08 15:08:38.612 | INFO     | src.models.evaluation:evaluate_tsb_ad_nonoverlapping:65 - Normal (4551) reconstruction error: mean=0.1086, std=0.2045
2026-02-08 15:08:38.612 | INFO     | src.models.evaluation:evaluate_tsb_ad_nonoverlapping:66 - Anomaly (53) reconstruction error: mean=0.3428, std=0.1869
2026-02-08 15:08:38.612 | INFO     | src.models.evaluation:evaluate_tsb_ad_nonoverlapping:67 - Overlap? Normal max=1.0000, Anomaly min=0.0038
2026-02-08 15:08:43.111 | INFO     | src.models.evaluation:evaluate_tsb_ad_nonoverlapping:83 - {'AUC-PR': 0.0677979001958562, 'AUC-ROC': 0.7603864794384813, 'VUS-PR': np.float64(0.3196502119280374), 'VUS-ROC': np.float64(0.8777337644945133), 'Standard-F1': np.float64(0.17371729428440838), 'PA-F1': 0.17371937639198218, 'Event-based-F1': np.float64(0.1691973969631234), 'R-based-F1': 0.16919739696312366, 'Affiliation-F': 0.7274489218612784}
2026-02-08 15:08:43.270 | INFO     | src.pipelines.train_vision_backbones:run_pipeline:170 - Train images: 18
2026-02-08 15:08:43.270 | INFO     | src.pipelines.train_vision_backbones:run_pipeline:171 - Test images: 69
2026-02-08 15:08:44.244 | INFO     | src.pipelines.train_vision_backbones:run_pipeline:176 - Training pvt_autoencoder_differential_lr on RWT
2026-02-08 15:08:44.268 | INFO     | src.models.pvt_autoencoder.training:train_pvt_autoencoder_differential_lr:267 - Device: cuda | Model on: cuda:0
2026-02-08 15:09:09.997 | INFO     | src.pipelines.train_vision_backbones:run_pipeline:193 - Evaluating pvt_autoencoder_differential_lr on RWT
2026-02-08 15:09:10.079 | INFO     | src.models.evaluation:evaluate_tsb_ad_nonoverlapping:65 - Normal (4551) reconstruction error: mean=0.0833, std=0.1716
2026-02-08 15:09:10.080 | INFO     | src.models.evaluation:evaluate_tsb_ad_nonoverlapping:66 - Anomaly (53) reconstruction error: mean=0.2132, std=0.1272
2026-02-08 15:09:10.080 | INFO     | src.models.evaluation:evaluate_tsb_ad_nonoverlapping:67 - Overlap? Normal max=1.0000, Anomaly min=0.0048
2026-02-08 15:09:14.549 | INFO     | src.models.evaluation:evaluate_tsb_ad_nonoverlapping:83 - {'AUC-PR': 0.061193993714198584, 'AUC-ROC': 0.7726997591240573, 'VUS-PR': np.float64(0.31196566446603646), 'VUS-ROC': np.float64(0.8828866930795177), 'Standard-F1': np.float64(0.17371729428440838), 'PA-F1': 0.17371937639198218, 'Event-based-F1': np.float64(0.1691973969631234), 'R-based-F1': 0.16919739696312366, 'Affiliation-F': 0.8049307139548798}
2026-02-08 15:09:14.746 | INFO     | src.pipelines.train_vision_backbones:run_pipeline:70 - Using zip: /net/scratch/hscra/plgrid/plgsmendowski12/ts2i_images/IOPS/267_IOPS_id_8_WebService_tr_1534_1st_1882_ts2i_MWT.zip for transformation MWT
2026-02-08 15:09:14.874 | INFO     | src.pipelines.train_vision_backbones:run_pipeline:170 - Train images: 18
2026-02-08 15:09:14.874 | INFO     | src.pipelines.train_vision_backbones:run_pipeline:171 - Test images: 69
2026-02-08 15:09:14.882 | INFO     | src.pipelines.train_vision_backbones:run_pipeline:176 - Training cnn_autoencoder on MWT
2026-02-08 15:09:14.887 | INFO     | src.models.cnn_autoencoder.training:train_autoencoder:22 - Device: cuda | Model on: cuda:0
2026-02-08 15:09:34.139 | INFO     | src.pipelines.train_vision_backbones:run_pipeline:193 - Evaluating cnn_autoencoder on MWT
2026-02-08 15:09:34.206 | INFO     | src.models.evaluation:evaluate_tsb_ad_nonoverlapping:65 - Normal (4551) reconstruction error: mean=0.1714, std=0.2005
2026-02-08 15:09:34.206 | INFO     | src.models.evaluation:evaluate_tsb_ad_nonoverlapping:66 - Anomaly (53) reconstruction error: mean=0.6782, std=0.3846
2026-02-08 15:09:34.206 | INFO     | src.models.evaluation:evaluate_tsb_ad_nonoverlapping:67 - Overlap? Normal max=1.0000, Anomaly min=0.0840
2026-02-08 15:09:38.831 | INFO     | src.models.evaluation:evaluate_tsb_ad_nonoverlapping:83 - {'AUC-PR': 0.20478140945169193, 'AUC-ROC': 0.8183957081794173, 'VUS-PR': np.float64(0.46876484407712615), 'VUS-ROC': np.float64(0.844638109866062), 'Standard-F1': np.float64(0.4033564042692503), 'PA-F1': 0.40336134453781514, 'Event-based-F1': np.float64(0.2580645161290318), 'R-based-F1': 0.25806451612903225, 'Affiliation-F': 0.7734151755022053}
2026-02-08 15:09:38.987 | INFO     | src.pipelines.train_vision_backbones:run_pipeline:170 - Train images: 18
2026-02-08 15:09:38.988 | INFO     | src.pipelines.train_vision_backbones:run_pipeline:171 - Test images: 69
2026-02-08 15:09:39.204 | INFO     | src.pipelines.train_vision_backbones:run_pipeline:176 - Training resnet18_autoencoder_frozen on MWT
2026-02-08 15:09:39.217 | INFO     | src.models.resnet18_autoencoder.training:train_autoencoder_frozen:25 - Device: cuda | Model on: cuda:0
2026-02-08 15:10:03.594 | INFO     | src.pipelines.train_vision_backbones:run_pipeline:193 - Evaluating resnet18_autoencoder_frozen on MWT
2026-02-08 15:10:03.668 | INFO     | src.models.evaluation:evaluate_tsb_ad_nonoverlapping:65 - Normal (4551) reconstruction error: mean=0.2776, std=0.2633
2026-02-08 15:10:03.668 | INFO     | src.models.evaluation:evaluate_tsb_ad_nonoverlapping:66 - Anomaly (53) reconstruction error: mean=0.7999, std=0.3148
2026-02-08 15:10:03.668 | INFO     | src.models.evaluation:evaluate_tsb_ad_nonoverlapping:67 - Overlap? Normal max=1.0000, Anomaly min=0.1866
2026-02-08 15:10:08.391 | INFO     | src.models.evaluation:evaluate_tsb_ad_nonoverlapping:83 - {'AUC-PR': 0.13091092939138635, 'AUC-ROC': 0.8660070562969782, 'VUS-PR': np.float64(0.6888800020504002), 'VUS-ROC': np.float64(0.9328977181687422), 'Standard-F1': np.float64(0.31075364077157397), 'PA-F1': 0.3107569721115538, 'Event-based-F1': np.float64(0.29657794676806043), 'R-based-F1': 0.2965779467680609, 'Affiliation-F': 0.8027489256119487}
2026-02-08 15:10:08.547 | INFO     | src.pipelines.train_vision_backbones:run_pipeline:170 - Train images: 18
2026-02-08 15:10:08.547 | INFO     | src.pipelines.train_vision_backbones:run_pipeline:171 - Test images: 69
2026-02-08 15:10:08.755 | INFO     | src.pipelines.train_vision_backbones:run_pipeline:176 - Training resnet18_autoencoder_progressive_unfreeze on MWT
2026-02-08 15:10:08.769 | INFO     | src.models.resnet18_autoencoder.training:train_autoencoder_progressive_unfreeze:133 - Device: cuda | Model on: cuda:0
2026-02-08 15:10:15.562 | INFO     | src.pipelines.train_vision_backbones:run_pipeline:193 - Evaluating resnet18_autoencoder_progressive_unfreeze on MWT
2026-02-08 15:10:15.637 | INFO     | src.models.evaluation:evaluate_tsb_ad_nonoverlapping:65 - Normal (4551) reconstruction error: mean=0.3526, std=0.2364
2026-02-08 15:10:15.637 | INFO     | src.models.evaluation:evaluate_tsb_ad_nonoverlapping:66 - Anomaly (53) reconstruction error: mean=0.3270, std=0.2525
2026-02-08 15:10:15.637 | INFO     | src.models.evaluation:evaluate_tsb_ad_nonoverlapping:67 - Overlap? Normal max=1.0000, Anomaly min=0.0000
2026-02-08 15:10:20.418 | INFO     | src.models.evaluation:evaluate_tsb_ad_nonoverlapping:83 - {'AUC-PR': 0.018241724280989653, 'AUC-ROC': 0.48118597198210633, 'VUS-PR': np.float64(0.09252912225692213), 'VUS-ROC': np.float64(0.6742176509855228), 'Standard-F1': np.float64(0.04912896368832747), 'PA-F1': 0.04912998976458546, 'Event-based-F1': np.float64(0.04597701149425267), 'R-based-F1': 0.056737588652482275, 'Affiliation-F': 0.6608703992360082}
2026-02-08 15:10:20.573 | INFO     | src.pipelines.train_vision_backbones:run_pipeline:170 - Train images: 18
2026-02-08 15:10:20.573 | INFO     | src.pipelines.train_vision_backbones:run_pipeline:171 - Test images: 69
2026-02-08 15:10:20.785 | INFO     | src.pipelines.train_vision_backbones:run_pipeline:176 - Training resnet18_autoencoder_differential_lr on MWT
2026-02-08 15:10:20.798 | INFO     | src.models.resnet18_autoencoder.training:train_autoencoder_differential_lr:271 - Device: cuda | Model on: cuda:0
2026-02-08 15:10:47.322 | INFO     | src.pipelines.train_vision_backbones:run_pipeline:193 - Evaluating resnet18_autoencoder_differential_lr on MWT
2026-02-08 15:10:47.388 | INFO     | src.models.evaluation:evaluate_tsb_ad_nonoverlapping:65 - Normal (4551) reconstruction error: mean=0.1272, std=0.1768
2026-02-08 15:10:47.388 | INFO     | src.models.evaluation:evaluate_tsb_ad_nonoverlapping:66 - Anomaly (53) reconstruction error: mean=0.5854, std=0.4006
2026-02-08 15:10:47.388 | INFO     | src.models.evaluation:evaluate_tsb_ad_nonoverlapping:67 - Overlap? Normal max=1.0000, Anomaly min=0.0467
2026-02-08 15:10:51.987 | INFO     | src.models.evaluation:evaluate_tsb_ad_nonoverlapping:83 - {'AUC-PR': 0.200672014812954, 'AUC-ROC': 0.838096955676339, 'VUS-PR': np.float64(0.45818814341477015), 'VUS-ROC': np.float64(0.8874567751269946), 'Standard-F1': np.float64(0.4033564042692503), 'PA-F1': 0.40336134453781514, 'Event-based-F1': np.float64(0.2580645161290318), 'R-based-F1': 0.25806451612903225, 'Affiliation-F': 0.7452761076436781}
2026-02-08 15:10:52.200 | INFO     | src.pipelines.train_vision_backbones:run_pipeline:170 - Train images: 18
2026-02-08 15:10:52.201 | INFO     | src.pipelines.train_vision_backbones:run_pipeline:171 - Test images: 69
2026-02-08 15:10:53.157 | INFO     | src.pipelines.train_vision_backbones:run_pipeline:176 - Training pvt_autoencoder_frozen on MWT
2026-02-08 15:10:53.181 | INFO     | src.models.pvt_autoencoder.training:train_pvt_autoencoder_frozen:24 - Device: cuda | Model on: cuda:0
2026-02-08 15:11:09.766 | INFO     | src.pipelines.train_vision_backbones:run_pipeline:193 - Evaluating pvt_autoencoder_frozen on MWT
2026-02-08 15:11:09.830 | INFO     | src.models.evaluation:evaluate_tsb_ad_nonoverlapping:65 - Normal (4551) reconstruction error: mean=0.1565, std=0.2014
2026-02-08 15:11:09.830 | INFO     | src.models.evaluation:evaluate_tsb_ad_nonoverlapping:66 - Anomaly (53) reconstruction error: mean=0.5921, std=0.3236
2026-02-08 15:11:09.830 | INFO     | src.models.evaluation:evaluate_tsb_ad_nonoverlapping:67 - Overlap? Normal max=1.0000, Anomaly min=0.0625
2026-02-08 15:11:14.413 | INFO     | src.models.evaluation:evaluate_tsb_ad_nonoverlapping:83 - {'AUC-PR': 0.10577420134488698, 'AUC-ROC': 0.8367288134890527, 'VUS-PR': np.float64(0.56955041501399), 'VUS-ROC': np.float64(0.882494229616151), 'Standard-F1': np.float64(0.2460539975834877), 'PA-F1': 0.24605678233438485, 'Event-based-F1': np.float64(0.2370820668693006), 'R-based-F1': 0.23708206686930094, 'Affiliation-F': 0.7950203832345502}
2026-02-08 15:11:14.573 | INFO     | src.pipelines.train_vision_backbones:run_pipeline:170 - Train images: 18
2026-02-08 15:11:14.574 | INFO     | src.pipelines.train_vision_backbones:run_pipeline:171 - Test images: 69
2026-02-08 15:11:15.528 | INFO     | src.pipelines.train_vision_backbones:run_pipeline:176 - Training pvt_autoencoder_progressive_unfreeze on MWT
2026-02-08 15:11:15.555 | INFO     | src.models.pvt_autoencoder.training:train_pvt_autoencoder_progressive_unfreeze:132 - Device: cuda | Model on: cuda:0
2026-02-08 15:11:52.326 | INFO     | src.pipelines.train_vision_backbones:run_pipeline:193 - Evaluating pvt_autoencoder_progressive_unfreeze on MWT
2026-02-08 15:11:52.592 | INFO     | src.models.evaluation:evaluate_tsb_ad_nonoverlapping:65 - Normal (4551) reconstruction error: mean=0.1400, std=0.2008
2026-02-08 15:11:52.592 | INFO     | src.models.evaluation:evaluate_tsb_ad_nonoverlapping:66 - Anomaly (53) reconstruction error: mean=0.6029, std=0.3291
2026-02-08 15:11:52.593 | INFO     | src.models.evaluation:evaluate_tsb_ad_nonoverlapping:67 - Overlap? Normal max=1.0000, Anomaly min=0.0796
2026-02-08 15:11:57.228 | INFO     | src.models.evaluation:evaluate_tsb_ad_nonoverlapping:83 - {'AUC-PR': 0.11994319879601974, 'AUC-ROC': 0.8627235150474912, 'VUS-PR': np.float64(0.3724921195819105), 'VUS-ROC': np.float64(0.8995043112868204), 'Standard-F1': np.float64(0.259455371284285), 'PA-F1': 0.2594594594594595, 'Event-based-F1': np.float64(0.19047619047619), 'R-based-F1': 0.1904761904761905, 'Affiliation-F': 0.7522918360369089}
2026-02-08 15:11:57.386 | INFO     | src.pipelines.train_vision_backbones:run_pipeline:170 - Train images: 18
2026-02-08 15:11:57.386 | INFO     | src.pipelines.train_vision_backbones:run_pipeline:171 - Test images: 69
2026-02-08 15:11:58.329 | INFO     | src.pipelines.train_vision_backbones:run_pipeline:176 - Training pvt_autoencoder_differential_lr on MWT
2026-02-08 15:11:58.353 | INFO     | src.models.pvt_autoencoder.training:train_pvt_autoencoder_differential_lr:267 - Device: cuda | Model on: cuda:0
2026-02-08 15:12:20.952 | INFO     | src.pipelines.train_vision_backbones:run_pipeline:193 - Evaluating pvt_autoencoder_differential_lr on MWT
2026-02-08 15:12:21.016 | INFO     | src.models.evaluation:evaluate_tsb_ad_nonoverlapping:65 - Normal (4551) reconstruction error: mean=0.1304, std=0.1664
2026-02-08 15:12:21.017 | INFO     | src.models.evaluation:evaluate_tsb_ad_nonoverlapping:66 - Anomaly (53) reconstruction error: mean=0.5060, std=0.2835
2026-02-08 15:12:21.017 | INFO     | src.models.evaluation:evaluate_tsb_ad_nonoverlapping:67 - Overlap? Normal max=1.0000, Anomaly min=0.1052
2026-02-08 15:12:25.538 | INFO     | src.models.evaluation:evaluate_tsb_ad_nonoverlapping:83 - {'AUC-PR': 0.12343071384684767, 'AUC-ROC': 0.8783203359825541, 'VUS-PR': np.float64(0.4077873134993094), 'VUS-ROC': np.float64(0.9099532973889721), 'Standard-F1': np.float64(0.259455371284285), 'PA-F1': 0.2594594594594595, 'Event-based-F1': np.float64(0.19746835443037947), 'R-based-F1': 0.19746835443037977, 'Affiliation-F': 0.7518259658519425}
2026-02-08 15:12:25.736 | INFO     | src.pipelines.train_vision_backbones:run_pipeline:70 - Using zip: /net/scratch/hscra/plgrid/plgsmendowski12/ts2i_images/IOPS/267_IOPS_id_8_WebService_tr_1534_1st_1882_ts2i_SPIRAL.zip for transformation SPIRAL
2026-02-08 15:12:25.860 | INFO     | src.pipelines.train_vision_backbones:run_pipeline:170 - Train images: 18
2026-02-08 15:12:25.861 | INFO     | src.pipelines.train_vision_backbones:run_pipeline:171 - Test images: 69
2026-02-08 15:12:25.867 | INFO     | src.pipelines.train_vision_backbones:run_pipeline:176 - Training cnn_autoencoder on SPIRAL
2026-02-08 15:12:25.871 | INFO     | src.models.cnn_autoencoder.training:train_autoencoder:22 - Device: cuda | Model on: cuda:0
2026-02-08 15:12:45.070 | INFO     | src.pipelines.train_vision_backbones:run_pipeline:193 - Evaluating cnn_autoencoder on SPIRAL
2026-02-08 15:12:45.132 | INFO     | src.models.evaluation:evaluate_tsb_ad_nonoverlapping:65 - Normal (4551) reconstruction error: mean=0.2075, std=0.2256
2026-02-08 15:12:45.132 | INFO     | src.models.evaluation:evaluate_tsb_ad_nonoverlapping:66 - Anomaly (53) reconstruction error: mean=0.1804, std=0.1490
2026-02-08 15:12:45.132 | INFO     | src.models.evaluation:evaluate_tsb_ad_nonoverlapping:67 - Overlap? Normal max=1.0000, Anomaly min=0.0877
2026-02-08 15:12:49.821 | INFO     | src.models.evaluation:evaluate_tsb_ad_nonoverlapping:83 - {'AUC-PR': 0.016189583685321644, 'AUC-ROC': 0.5427938292641468, 'VUS-PR': np.float64(0.19248959655932624), 'VUS-ROC': np.float64(0.7585536524837099), 'Standard-F1': np.float64(0.037735478821717225), 'PA-F1': 0.03604216252975179, 'Event-based-F1': np.float64(0.036042162529751745), 'R-based-F1': 0.027340027362345753, 'Affiliation-F': 0.7331559088612821}
2026-02-08 15:12:49.976 | INFO     | src.pipelines.train_vision_backbones:run_pipeline:170 - Train images: 18
2026-02-08 15:12:49.976 | INFO     | src.pipelines.train_vision_backbones:run_pipeline:171 - Test images: 69
2026-02-08 15:12:50.193 | INFO     | src.pipelines.train_vision_backbones:run_pipeline:176 - Training resnet18_autoencoder_frozen on SPIRAL
2026-02-08 15:12:50.207 | INFO     | src.models.resnet18_autoencoder.training:train_autoencoder_frozen:25 - Device: cuda | Model on: cuda:0
2026-02-08 15:13:05.244 | INFO     | src.pipelines.train_vision_backbones:run_pipeline:193 - Evaluating resnet18_autoencoder_frozen on SPIRAL
2026-02-08 15:13:05.317 | INFO     | src.models.evaluation:evaluate_tsb_ad_nonoverlapping:65 - Normal (4551) reconstruction error: mean=0.2665, std=0.2178
2026-02-08 15:13:05.317 | INFO     | src.models.evaluation:evaluate_tsb_ad_nonoverlapping:66 - Anomaly (53) reconstruction error: mean=0.3243, std=0.1720
2026-02-08 15:13:05.317 | INFO     | src.models.evaluation:evaluate_tsb_ad_nonoverlapping:67 - Overlap? Normal max=1.0000, Anomaly min=0.1466
2026-02-08 15:13:10.087 | INFO     | src.models.evaluation:evaluate_tsb_ad_nonoverlapping:83 - {'AUC-PR': 0.018888631832780958, 'AUC-ROC': 0.6130251282115065, 'VUS-PR': np.float64(0.21560546045298784), 'VUS-ROC': np.float64(0.8308966140887722), 'Standard-F1': np.float64(0.04274059058071908), 'PA-F1': 0.040758959943780745, 'Event-based-F1': np.float64(0.04124444444444439), 'R-based-F1': 0.04790954725179717, 'Affiliation-F': 0.7328180645241371}
2026-02-08 15:13:10.240 | INFO     | src.pipelines.train_vision_backbones:run_pipeline:170 - Train images: 18
2026-02-08 15:13:10.240 | INFO     | src.pipelines.train_vision_backbones:run_pipeline:171 - Test images: 69
2026-02-08 15:13:10.452 | INFO     | src.pipelines.train_vision_backbones:run_pipeline:176 - Training resnet18_autoencoder_progressive_unfreeze on SPIRAL
2026-02-08 15:13:10.466 | INFO     | src.models.resnet18_autoencoder.training:train_autoencoder_progressive_unfreeze:133 - Device: cuda | Model on: cuda:0
2026-02-08 15:13:25.186 | INFO     | src.pipelines.train_vision_backbones:run_pipeline:193 - Evaluating resnet18_autoencoder_progressive_unfreeze on SPIRAL
2026-02-08 15:13:25.253 | INFO     | src.models.evaluation:evaluate_tsb_ad_nonoverlapping:65 - Normal (4551) reconstruction error: mean=0.2159, std=0.2611
2026-02-08 15:13:25.253 | INFO     | src.models.evaluation:evaluate_tsb_ad_nonoverlapping:66 - Anomaly (53) reconstruction error: mean=0.3307, std=0.1744
2026-02-08 15:13:25.253 | INFO     | src.models.evaluation:evaluate_tsb_ad_nonoverlapping:67 - Overlap? Normal max=1.0000, Anomaly min=0.1158
2026-02-08 15:13:29.913 | INFO     | src.models.evaluation:evaluate_tsb_ad_nonoverlapping:83 - {'AUC-PR': 0.027713509528714105, 'AUC-ROC': 0.7501129753775866, 'VUS-PR': np.float64(0.2622573626983503), 'VUS-ROC': np.float64(0.840971205021425), 'Standard-F1': np.float64(0.07346855989604237), 'PA-F1': 0.07346938775510205, 'Event-based-F1': np.float64(0.0732749847343781), 'R-based-F1': 0.08051996380481957, 'Affiliation-F': 0.7199916630244237}
2026-02-08 15:13:30.070 | INFO     | src.pipelines.train_vision_backbones:run_pipeline:170 - Train images: 18
2026-02-08 15:13:30.070 | INFO     | src.pipelines.train_vision_backbones:run_pipeline:171 - Test images: 69
2026-02-08 15:13:30.281 | INFO     | src.pipelines.train_vision_backbones:run_pipeline:176 - Training resnet18_autoencoder_differential_lr on SPIRAL
2026-02-08 15:13:30.295 | INFO     | src.models.resnet18_autoencoder.training:train_autoencoder_differential_lr:271 - Device: cuda | Model on: cuda:0
2026-02-08 15:13:35.815 | INFO     | src.pipelines.train_vision_backbones:run_pipeline:193 - Evaluating resnet18_autoencoder_differential_lr on SPIRAL
2026-02-08 15:13:35.876 | INFO     | src.models.evaluation:evaluate_tsb_ad_nonoverlapping:65 - Normal (4551) reconstruction error: mean=0.4104, std=0.2474
2026-02-08 15:13:35.876 | INFO     | src.models.evaluation:evaluate_tsb_ad_nonoverlapping:66 - Anomaly (53) reconstruction error: mean=0.6068, std=0.2062
2026-02-08 15:13:35.876 | INFO     | src.models.evaluation:evaluate_tsb_ad_nonoverlapping:67 - Overlap? Normal max=1.0000, Anomaly min=0.3997
2026-02-08 15:13:40.734 | INFO     | src.models.evaluation:evaluate_tsb_ad_nonoverlapping:83 - {'AUC-PR': 0.03327840926745369, 'AUC-ROC': 0.7191597948615895, 'VUS-PR': np.float64(0.2222977707270345), 'VUS-ROC': np.float64(0.7739753130207757), 'Standard-F1': np.float64(0.0876460711413598), 'PA-F1': 0.08764940239043825, 'Event-based-F1': np.float64(0.0869565217391301), 'R-based-F1': 0.08695652173913045, 'Affiliation-F': 0.6888322250407244}
2026-02-08 15:13:40.888 | INFO     | src.pipelines.train_vision_backbones:run_pipeline:170 - Train images: 18
2026-02-08 15:13:40.888 | INFO     | src.pipelines.train_vision_backbones:run_pipeline:171 - Test images: 69
2026-02-08 15:13:41.828 | INFO     | src.pipelines.train_vision_backbones:run_pipeline:176 - Training pvt_autoencoder_frozen on SPIRAL
2026-02-08 15:13:41.852 | INFO     | src.models.pvt_autoencoder.training:train_pvt_autoencoder_frozen:24 - Device: cuda | Model on: cuda:0
2026-02-08 15:14:06.235 | INFO     | src.pipelines.train_vision_backbones:run_pipeline:193 - Evaluating pvt_autoencoder_frozen on SPIRAL
2026-02-08 15:14:06.299 | INFO     | src.models.evaluation:evaluate_tsb_ad_nonoverlapping:65 - Normal (4551) reconstruction error: mean=0.2481, std=0.2514
2026-02-08 15:14:06.299 | INFO     | src.models.evaluation:evaluate_tsb_ad_nonoverlapping:66 - Anomaly (53) reconstruction error: mean=0.3945, std=0.1229
2026-02-08 15:14:06.299 | INFO     | src.models.evaluation:evaluate_tsb_ad_nonoverlapping:67 - Overlap? Normal max=1.0000, Anomaly min=0.2568
2026-02-08 15:14:10.991 | INFO     | src.models.evaluation:evaluate_tsb_ad_nonoverlapping:83 - {'AUC-PR': 0.029664857003263906, 'AUC-ROC': 0.7598475143343989, 'VUS-PR': np.float64(0.17215826684793972), 'VUS-ROC': np.float64(0.807637135367258), 'Standard-F1': np.float64(0.06283282353981232), 'PA-F1': 0.06046776953793497, 'Event-based-F1': np.float64(0.0604677695379349), 'R-based-F1': 0.07929888722877595, 'Affiliation-F': 0.6997508776952629}
2026-02-08 15:14:11.144 | INFO     | src.pipelines.train_vision_backbones:run_pipeline:170 - Train images: 18
2026-02-08 15:14:11.144 | INFO     | src.pipelines.train_vision_backbones:run_pipeline:171 - Test images: 69
2026-02-08 15:14:12.091 | INFO     | src.pipelines.train_vision_backbones:run_pipeline:176 - Training pvt_autoencoder_progressive_unfreeze on SPIRAL
2026-02-08 15:14:12.115 | INFO     | src.models.pvt_autoencoder.training:train_pvt_autoencoder_progressive_unfreeze:132 - Device: cuda | Model on: cuda:0
2026-02-08 15:14:41.519 | INFO     | src.pipelines.train_vision_backbones:run_pipeline:193 - Evaluating pvt_autoencoder_progressive_unfreeze on SPIRAL
2026-02-08 15:14:41.650 | INFO     | src.models.evaluation:evaluate_tsb_ad_nonoverlapping:65 - Normal (4551) reconstruction error: mean=0.2767, std=0.2572
2026-02-08 15:14:41.650 | INFO     | src.models.evaluation:evaluate_tsb_ad_nonoverlapping:66 - Anomaly (53) reconstruction error: mean=0.2344, std=0.2936
2026-02-08 15:14:41.650 | INFO     | src.models.evaluation:evaluate_tsb_ad_nonoverlapping:67 - Overlap? Normal max=1.0000, Anomaly min=0.0464
2026-02-08 15:14:46.417 | INFO     | src.models.evaluation:evaluate_tsb_ad_nonoverlapping:83 - {'AUC-PR': 0.017897810123583248, 'AUC-ROC': 0.4193874039709291, 'VUS-PR': np.float64(0.20871636294091428), 'VUS-ROC': np.float64(0.7113911031614029), 'Standard-F1': np.float64(0.0693978462441507), 'PA-F1': 0.0694006309148265, 'Event-based-F1': np.float64(0.06896551724137902), 'R-based-F1': 0.048780487804878044, 'Affiliation-F': 0.6732226202319401}
2026-02-08 15:14:46.575 | INFO     | src.pipelines.train_vision_backbones:run_pipeline:170 - Train images: 18
2026-02-08 15:14:46.575 | INFO     | src.pipelines.train_vision_backbones:run_pipeline:171 - Test images: 69
2026-02-08 15:14:47.516 | INFO     | src.pipelines.train_vision_backbones:run_pipeline:176 - Training pvt_autoencoder_differential_lr on SPIRAL
2026-02-08 15:14:47.540 | INFO     | src.models.pvt_autoencoder.training:train_pvt_autoencoder_differential_lr:267 - Device: cuda | Model on: cuda:0
2026-02-08 15:15:07.991 | INFO     | src.pipelines.train_vision_backbones:run_pipeline:193 - Evaluating pvt_autoencoder_differential_lr on SPIRAL
2026-02-08 15:15:08.369 | INFO     | src.models.evaluation:evaluate_tsb_ad_nonoverlapping:65 - Normal (4551) reconstruction error: mean=0.2286, std=0.2319
2026-02-08 15:15:08.369 | INFO     | src.models.evaluation:evaluate_tsb_ad_nonoverlapping:66 - Anomaly (53) reconstruction error: mean=0.2394, std=0.3384
2026-02-08 15:15:08.369 | INFO     | src.models.evaluation:evaluate_tsb_ad_nonoverlapping:67 - Overlap? Normal max=1.0000, Anomaly min=0.0308
2026-02-08 15:15:13.050 | INFO     | src.models.evaluation:evaluate_tsb_ad_nonoverlapping:83 - {'AUC-PR': 0.026117776730518842, 'AUC-ROC': 0.38764650522588856, 'VUS-PR': np.float64(0.22663745984355713), 'VUS-ROC': np.float64(0.7485247195962353), 'Standard-F1': np.float64(0.11891483081987018), 'PA-F1': 0.11891891891891893, 'Event-based-F1': np.float64(0.117647058823529), 'R-based-F1': 0.11764705882352941, 'Affiliation-F': 0.7226659390177}
2026-02-08 15:15:13.252 | INFO     | src.pipelines.train_vision_backbones:run_pipeline:70 - Using zip: /net/scratch/hscra/plgrid/plgsmendowski12/ts2i_images/IOPS/268_IOPS_id_9_WebService_tr_6216_1st_6316_ts2i_RN.zip for transformation RN
2026-02-08 15:15:13.946 | INFO     | src.pipelines.train_vision_backbones:run_pipeline:170 - Train images: 99
2026-02-08 15:15:13.946 | INFO     | src.pipelines.train_vision_backbones:run_pipeline:171 - Test images: 458
2026-02-08 15:15:13.953 | INFO     | src.pipelines.train_vision_backbones:run_pipeline:176 - Training cnn_autoencoder on RN
2026-02-08 15:15:13.957 | INFO     | src.models.cnn_autoencoder.training:train_autoencoder:22 - Device: cuda | Model on: cuda:0
2026-02-08 15:15:42.963 | INFO     | src.pipelines.train_vision_backbones:run_pipeline:193 - Evaluating cnn_autoencoder on RN
2026-02-08 15:15:43.341 | INFO     | src.models.evaluation:evaluate_tsb_ad_nonoverlapping:65 - Normal (21520) reconstruction error: mean=0.6336, std=0.4652
2026-02-08 15:15:43.341 | INFO     | src.models.evaluation:evaluate_tsb_ad_nonoverlapping:66 - Anomaly (1397) reconstruction error: mean=0.6477, std=0.4691
2026-02-08 15:15:43.342 | INFO     | src.models.evaluation:evaluate_tsb_ad_nonoverlapping:67 - Overlap? Normal max=1.0000, Anomaly min=0.0013
2026-02-08 15:15:50.308 | INFO     | src.models.evaluation:evaluate_tsb_ad_nonoverlapping:83 - {'AUC-PR': 0.15509854204199167, 'AUC-ROC': 0.571829787276506, 'VUS-PR': np.float64(0.08766863716915514), 'VUS-ROC': np.float64(0.39179541089774056), 'Standard-F1': np.float64(0.21319343927716752), 'PA-F1': 0.255720823798627, 'Event-based-F1': np.float64(0.14527069622008698), 'R-based-F1': 0.10172484797189618, 'Affiliation-F': 0.6809181242957948}
2026-02-08 15:15:50.619 | INFO     | src.pipelines.train_vision_backbones:run_pipeline:170 - Train images: 99
2026-02-08 15:15:50.619 | INFO     | src.pipelines.train_vision_backbones:run_pipeline:171 - Test images: 458
2026-02-08 15:15:50.831 | INFO     | src.pipelines.train_vision_backbones:run_pipeline:176 - Training resnet18_autoencoder_frozen on RN
2026-02-08 15:15:50.844 | INFO     | src.models.resnet18_autoencoder.training:train_autoencoder_frozen:25 - Device: cuda | Model on: cuda:0
2026-02-08 15:16:22.429 | INFO     | src.pipelines.train_vision_backbones:run_pipeline:193 - Evaluating resnet18_autoencoder_frozen on RN
2026-02-08 15:16:22.858 | INFO     | src.models.evaluation:evaluate_tsb_ad_nonoverlapping:65 - Normal (21520) reconstruction error: mean=0.6096, std=0.4516
2026-02-08 15:16:22.858 | INFO     | src.models.evaluation:evaluate_tsb_ad_nonoverlapping:66 - Anomaly (1397) reconstruction error: mean=0.6162, std=0.4494
2026-02-08 15:16:22.858 | INFO     | src.models.evaluation:evaluate_tsb_ad_nonoverlapping:67 - Overlap? Normal max=1.0000, Anomaly min=0.0013
2026-02-08 15:16:29.774 | INFO     | src.models.evaluation:evaluate_tsb_ad_nonoverlapping:83 - {'AUC-PR': 0.07465126280127246, 'AUC-ROC': 0.48514875543184677, 'VUS-PR': np.float64(0.07317255834547572), 'VUS-ROC': np.float64(0.3612742015633934), 'Standard-F1': np.float64(0.18715993044776624), 'PA-F1': 0.2786146917223171, 'Event-based-F1': np.float64(0.15386840202458393), 'R-based-F1': 0.20933547316807116, 'Affiliation-F': 0.6809181242957948}
2026-02-08 15:16:29.927 | INFO     | src.pipelines.train_vision_backbones:run_pipeline:170 - Train images: 99
2026-02-08 15:16:29.928 | INFO     | src.pipelines.train_vision_backbones:run_pipeline:171 - Test images: 458
2026-02-08 15:16:30.138 | INFO     | src.pipelines.train_vision_backbones:run_pipeline:176 - Training resnet18_autoencoder_progressive_unfreeze on RN
2026-02-08 15:16:30.152 | INFO     | src.models.resnet18_autoencoder.training:train_autoencoder_progressive_unfreeze:133 - Device: cuda | Model on: cuda:0
2026-02-08 15:17:15.283 | INFO     | src.pipelines.train_vision_backbones:run_pipeline:193 - Evaluating resnet18_autoencoder_progressive_unfreeze on RN
2026-02-08 15:17:15.696 | INFO     | src.models.evaluation:evaluate_tsb_ad_nonoverlapping:65 - Normal (21520) reconstruction error: mean=0.5829, std=0.4373
2026-02-08 15:17:15.696 | INFO     | src.models.evaluation:evaluate_tsb_ad_nonoverlapping:66 - Anomaly (1397) reconstruction error: mean=0.5819, std=0.4258
2026-02-08 15:17:15.696 | INFO     | src.models.evaluation:evaluate_tsb_ad_nonoverlapping:67 - Overlap? Normal max=1.0000, Anomaly min=0.0000
2026-02-08 15:17:22.395 | INFO     | src.models.evaluation:evaluate_tsb_ad_nonoverlapping:83 - {'AUC-PR': 0.057717160406787725, 'AUC-ROC': 0.4165970527657514, 'VUS-PR': np.float64(0.0637321222536705), 'VUS-ROC': np.float64(0.33813192671808184), 'Standard-F1': np.float64(0.12496393438587598), 'PA-F1': 0.1979567175656377, 'Event-based-F1': np.float64(0.1252408477842002), 'R-based-F1': 0.1809643489354188, 'Affiliation-F': 0.672036932046441}
2026-02-08 15:17:22.560 | INFO     | src.pipelines.train_vision_backbones:run_pipeline:170 - Train images: 99
2026-02-08 15:17:22.560 | INFO     | src.pipelines.train_vision_backbones:run_pipeline:171 - Test images: 458
2026-02-08 15:17:22.770 | INFO     | src.pipelines.train_vision_backbones:run_pipeline:176 - Training resnet18_autoencoder_differential_lr on RN
2026-02-08 15:17:22.783 | INFO     | src.models.resnet18_autoencoder.training:train_autoencoder_differential_lr:271 - Device: cuda | Model on: cuda:0
2026-02-08 15:17:55.467 | INFO     | src.pipelines.train_vision_backbones:run_pipeline:193 - Evaluating resnet18_autoencoder_differential_lr on RN
2026-02-08 15:17:56.043 | INFO     | src.models.evaluation:evaluate_tsb_ad_nonoverlapping:65 - Normal (21520) reconstruction error: mean=0.5904, std=0.4387
2026-02-08 15:17:56.043 | INFO     | src.models.evaluation:evaluate_tsb_ad_nonoverlapping:66 - Anomaly (1397) reconstruction error: mean=0.5917, std=0.4322
2026-02-08 15:17:56.043 | INFO     | src.models.evaluation:evaluate_tsb_ad_nonoverlapping:67 - Overlap? Normal max=1.0000, Anomaly min=0.0000
2026-02-08 15:18:02.750 | INFO     | src.models.evaluation:evaluate_tsb_ad_nonoverlapping:83 - {'AUC-PR': 0.06019431119442299, 'AUC-ROC': 0.42774354830984085, 'VUS-PR': np.float64(0.06362338314827161), 'VUS-ROC': np.float64(0.3198372837566564), 'Standard-F1': np.float64(0.12220451350635274), 'PA-F1': 0.3469823403842422, 'Event-based-F1': np.float64(0.11783316427570871), 'R-based-F1': 0.1536074476338247, 'Affiliation-F': 0.6714671097042949}
2026-02-08 15:18:02.905 | INFO     | src.pipelines.train_vision_backbones:run_pipeline:170 - Train images: 99
2026-02-08 15:18:02.905 | INFO     | src.pipelines.train_vision_backbones:run_pipeline:171 - Test images: 458
2026-02-08 15:18:03.874 | INFO     | src.pipelines.train_vision_backbones:run_pipeline:176 - Training pvt_autoencoder_frozen on RN
2026-02-08 15:18:03.897 | INFO     | src.models.pvt_autoencoder.training:train_pvt_autoencoder_frozen:24 - Device: cuda | Model on: cuda:0
2026-02-08 15:18:38.391 | INFO     | src.pipelines.train_vision_backbones:run_pipeline:193 - Evaluating pvt_autoencoder_frozen on RN
2026-02-08 15:18:40.476 | INFO     | src.models.evaluation:evaluate_tsb_ad_nonoverlapping:65 - Normal (21520) reconstruction error: mean=0.5576, std=0.4128
2026-02-08 15:18:40.476 | INFO     | src.models.evaluation:evaluate_tsb_ad_nonoverlapping:66 - Anomaly (1397) reconstruction error: mean=0.5436, std=0.3969
2026-02-08 15:18:40.476 | INFO     | src.models.evaluation:evaluate_tsb_ad_nonoverlapping:67 - Overlap? Normal max=1.0000, Anomaly min=0.0007
2026-02-08 15:18:47.022 | INFO     | src.models.evaluation:evaluate_tsb_ad_nonoverlapping:83 - {'AUC-PR': 0.05330616945940577, 'AUC-ROC': 0.3786439442725117, 'VUS-PR': np.float64(0.06155771318738228), 'VUS-ROC': np.float64(0.3025315411077482), 'Standard-F1': np.float64(0.12220451350635274), 'PA-F1': 0.31183730227707285, 'Event-based-F1': np.float64(0.11857070106942781), 'R-based-F1': 0.20382149793533816, 'Affiliation-F': 0.6809181242957948}
2026-02-08 15:18:47.175 | INFO     | src.pipelines.train_vision_backbones:run_pipeline:170 - Train images: 99
2026-02-08 15:18:47.175 | INFO     | src.pipelines.train_vision_backbones:run_pipeline:171 - Test images: 458
2026-02-08 15:18:48.113 | INFO     | src.pipelines.train_vision_backbones:run_pipeline:176 - Training pvt_autoencoder_progressive_unfreeze on RN
2026-02-08 15:18:48.135 | INFO     | src.models.pvt_autoencoder.training:train_pvt_autoencoder_progressive_unfreeze:132 - Device: cuda | Model on: cuda:0
2026-02-08 15:19:40.047 | INFO     | src.pipelines.train_vision_backbones:run_pipeline:193 - Evaluating pvt_autoencoder_progressive_unfreeze on RN
2026-02-08 15:19:41.786 | INFO     | src.models.evaluation:evaluate_tsb_ad_nonoverlapping:65 - Normal (21520) reconstruction error: mean=0.5802, std=0.4352
2026-02-08 15:19:41.786 | INFO     | src.models.evaluation:evaluate_tsb_ad_nonoverlapping:66 - Anomaly (1397) reconstruction error: mean=0.5803, std=0.4245
2026-02-08 15:19:41.786 | INFO     | src.models.evaluation:evaluate_tsb_ad_nonoverlapping:67 - Overlap? Normal max=1.0000, Anomaly min=0.0002
2026-02-08 15:19:48.429 | INFO     | src.models.evaluation:evaluate_tsb_ad_nonoverlapping:83 - {'AUC-PR': 0.06097218111582254, 'AUC-ROC': 0.432754518444995, 'VUS-PR': np.float64(0.06473440822562729), 'VUS-ROC': np.float64(0.32624809070554367), 'Standard-F1': np.float64(0.1261213652018253), 'PA-F1': 0.14089320388349513, 'Event-based-F1': np.float64(0.118973507643356), 'R-based-F1': 0.17193432157685193, 'Affiliation-F': 0.6809181242957948}
2026-02-08 15:19:48.587 | INFO     | src.pipelines.train_vision_backbones:run_pipeline:170 - Train images: 99
2026-02-08 15:19:48.588 | INFO     | src.pipelines.train_vision_backbones:run_pipeline:171 - Test images: 458
2026-02-08 15:19:49.529 | INFO     | src.pipelines.train_vision_backbones:run_pipeline:176 - Training pvt_autoencoder_differential_lr on RN
2026-02-08 15:19:49.552 | INFO     | src.models.pvt_autoencoder.training:train_pvt_autoencoder_differential_lr:267 - Device: cuda | Model on: cuda:0
2026-02-08 15:20:27.497 | INFO     | src.pipelines.train_vision_backbones:run_pipeline:193 - Evaluating pvt_autoencoder_differential_lr on RN
2026-02-08 15:20:28.835 | INFO     | src.models.evaluation:evaluate_tsb_ad_nonoverlapping:65 - Normal (21520) reconstruction error: mean=0.5588, std=0.4114
2026-02-08 15:20:28.835 | INFO     | src.models.evaluation:evaluate_tsb_ad_nonoverlapping:66 - Anomaly (1397) reconstruction error: mean=0.5627, std=0.4106
2026-02-08 15:20:28.835 | INFO     | src.models.evaluation:evaluate_tsb_ad_nonoverlapping:67 - Overlap? Normal max=1.0000, Anomaly min=0.0013
2026-02-08 15:20:35.320 | INFO     | src.models.evaluation:evaluate_tsb_ad_nonoverlapping:83 - {'AUC-PR': 0.07685355434117536, 'AUC-ROC': 0.48108980542479507, 'VUS-PR': np.float64(0.07019879596870451), 'VUS-ROC': np.float64(0.338957864726784), 'Standard-F1': np.float64(0.1644094279985416), 'PA-F1': 0.2976090954689851, 'Event-based-F1': np.float64(0.15563139931740572), 'R-based-F1': 0.17003351623557453, 'Affiliation-F': 0.6809181242957948}
2026-02-08 15:20:35.684 | INFO     | src.pipelines.train_vision_backbones:run_pipeline:70 - Using zip: /net/scratch/hscra/plgrid/plgsmendowski12/ts2i_images/IOPS/268_IOPS_id_9_WebService_tr_6216_1st_6316_ts2i_LP.zip for transformation LP
2026-02-08 15:20:36.626 | INFO     | src.pipelines.train_vision_backbones:run_pipeline:170 - Train images: 99
2026-02-08 15:20:36.626 | INFO     | src.pipelines.train_vision_backbones:run_pipeline:171 - Test images: 458
2026-02-08 15:20:36.632 | INFO     | src.pipelines.train_vision_backbones:run_pipeline:176 - Training cnn_autoencoder on LP
2026-02-08 15:20:36.637 | INFO     | src.models.cnn_autoencoder.training:train_autoencoder:22 - Device: cuda | Model on: cuda:0
2026-02-08 15:21:04.093 | INFO     | src.pipelines.train_vision_backbones:run_pipeline:193 - Evaluating cnn_autoencoder on LP
2026-02-08 15:21:04.444 | INFO     | src.models.evaluation:evaluate_tsb_ad_nonoverlapping:65 - Normal (21520) reconstruction error: mean=0.2700, std=0.1663
2026-02-08 15:21:04.445 | INFO     | src.models.evaluation:evaluate_tsb_ad_nonoverlapping:66 - Anomaly (1397) reconstruction error: mean=0.5916, std=0.2071
2026-02-08 15:21:04.445 | INFO     | src.models.evaluation:evaluate_tsb_ad_nonoverlapping:67 - Overlap? Normal max=0.9618, Anomaly min=0.1703
2026-02-08 15:21:09.068 | INFO     | src.models.evaluation:evaluate_tsb_ad_nonoverlapping:83 - {'AUC-PR': 0.4240982860832842, 'AUC-ROC': 0.8930797506872135, 'VUS-PR': np.float64(0.31968545440445517), 'VUS-ROC': np.float64(0.8581934299031055), 'Standard-F1': np.float64(0.4512636541641221), 'PA-F1': 0.9394261424017003, 'Event-based-F1': np.float64(0.43728744109813517), 'R-based-F1': 0.3711831716299192, 'Affiliation-F': 0.7308727522051671}
2026-02-08 15:21:09.224 | INFO     | src.pipelines.train_vision_backbones:run_pipeline:170 - Train images: 99
2026-02-08 15:21:09.224 | INFO     | src.pipelines.train_vision_backbones:run_pipeline:171 - Test images: 458
2026-02-08 15:21:09.434 | INFO     | src.pipelines.train_vision_backbones:run_pipeline:176 - Training resnet18_autoencoder_frozen on LP
2026-02-08 15:21:09.447 | INFO     | src.models.resnet18_autoencoder.training:train_autoencoder_frozen:25 - Device: cuda | Model on: cuda:0
2026-02-08 15:21:35.807 | INFO     | src.pipelines.train_vision_backbones:run_pipeline:193 - Evaluating resnet18_autoencoder_frozen on LP
2026-02-08 15:21:36.464 | INFO     | src.models.evaluation:evaluate_tsb_ad_nonoverlapping:65 - Normal (21520) reconstruction error: mean=0.2953, std=0.1454
2026-02-08 15:21:36.464 | INFO     | src.models.evaluation:evaluate_tsb_ad_nonoverlapping:66 - Anomaly (1397) reconstruction error: mean=0.2914, std=0.2590
2026-02-08 15:21:36.464 | INFO     | src.models.evaluation:evaluate_tsb_ad_nonoverlapping:67 - Overlap? Normal max=1.0000, Anomaly min=0.0000
2026-02-08 15:21:41.134 | INFO     | src.models.evaluation:evaluate_tsb_ad_nonoverlapping:83 - {'AUC-PR': 0.13660188634206066, 'AUC-ROC': 0.44431786581974647, 'VUS-PR': np.float64(0.13009571486905347), 'VUS-ROC': np.float64(0.48666079175480015), 'Standard-F1': np.float64(0.20015545164778945), 'PA-F1': 0.8967373023881601, 'Event-based-F1': np.float64(0.3605051664753152), 'R-based-F1': 0.38651641786422136, 'Affiliation-F': 0.7268783966664366}
2026-02-08 15:21:41.288 | INFO     | src.pipelines.train_vision_backbones:run_pipeline:170 - Train images: 99
2026-02-08 15:21:41.288 | INFO     | src.pipelines.train_vision_backbones:run_pipeline:171 - Test images: 458
2026-02-08 15:21:41.499 | INFO     | src.pipelines.train_vision_backbones:run_pipeline:176 - Training resnet18_autoencoder_progressive_unfreeze on LP
2026-02-08 15:21:41.516 | INFO     | src.models.resnet18_autoencoder.training:train_autoencoder_progressive_unfreeze:133 - Device: cuda | Model on: cuda:0
2026-02-08 15:22:07.250 | INFO     | src.pipelines.train_vision_backbones:run_pipeline:193 - Evaluating resnet18_autoencoder_progressive_unfreeze on LP
2026-02-08 15:22:07.632 | INFO     | src.models.evaluation:evaluate_tsb_ad_nonoverlapping:65 - Normal (21520) reconstruction error: mean=0.3024, std=0.1468
2026-02-08 15:22:07.632 | INFO     | src.models.evaluation:evaluate_tsb_ad_nonoverlapping:66 - Anomaly (1397) reconstruction error: mean=0.2979, std=0.2238
2026-02-08 15:22:07.632 | INFO     | src.models.evaluation:evaluate_tsb_ad_nonoverlapping:67 - Overlap? Normal max=1.0000, Anomaly min=0.0000
2026-02-08 15:22:12.335 | INFO     | src.models.evaluation:evaluate_tsb_ad_nonoverlapping:83 - {'AUC-PR': 0.08721085173867069, 'AUC-ROC': 0.4621792948511548, 'VUS-PR': np.float64(0.1089207883141506), 'VUS-ROC': np.float64(0.5025497835792954), 'Standard-F1': np.float64(0.18189476096456964), 'PA-F1': 0.789458607848754, 'Event-based-F1': np.float64(0.30497237569060737), 'R-based-F1': 0.3000442387065879, 'Affiliation-F': 0.7581606867030435}
2026-02-08 15:22:12.494 | INFO     | src.pipelines.train_vision_backbones:run_pipeline:170 - Train images: 99
2026-02-08 15:22:12.494 | INFO     | src.pipelines.train_vision_backbones:run_pipeline:171 - Test images: 458
2026-02-08 15:22:12.707 | INFO     | src.pipelines.train_vision_backbones:run_pipeline:176 - Training resnet18_autoencoder_differential_lr on LP
2026-02-08 15:22:12.721 | INFO     | src.models.resnet18_autoencoder.training:train_autoencoder_differential_lr:271 - Device: cuda | Model on: cuda:0
2026-02-08 15:22:41.500 | INFO     | src.pipelines.train_vision_backbones:run_pipeline:193 - Evaluating resnet18_autoencoder_differential_lr on LP
2026-02-08 15:22:42.352 | INFO     | src.models.evaluation:evaluate_tsb_ad_nonoverlapping:65 - Normal (21520) reconstruction error: mean=0.2702, std=0.1639
2026-02-08 15:22:42.352 | INFO     | src.models.evaluation:evaluate_tsb_ad_nonoverlapping:66 - Anomaly (1397) reconstruction error: mean=0.3057, std=0.2378
2026-02-08 15:22:42.352 | INFO     | src.models.evaluation:evaluate_tsb_ad_nonoverlapping:67 - Overlap? Normal max=1.0000, Anomaly min=0.0057
2026-02-08 15:22:46.837 | INFO     | src.models.evaluation:evaluate_tsb_ad_nonoverlapping:83 - {'AUC-PR': 0.11045595614522263, 'AUC-ROC': 0.5131073988871533, 'VUS-PR': np.float64(0.12978040912526825), 'VUS-ROC': np.float64(0.5525953369564391), 'Standard-F1': np.float64(0.20728893965933018), 'PA-F1': 0.8714611129189717, 'Event-based-F1': np.float64(0.38385197645079855), 'R-based-F1': 0.325381937523467, 'Affiliation-F': 0.7595709847473726}
2026-02-08 15:22:46.991 | INFO     | src.pipelines.train_vision_backbones:run_pipeline:170 - Train images: 99
2026-02-08 15:22:46.991 | INFO     | src.pipelines.train_vision_backbones:run_pipeline:171 - Test images: 458
2026-02-08 15:22:47.935 | INFO     | src.pipelines.train_vision_backbones:run_pipeline:176 - Training pvt_autoencoder_frozen on LP
2026-02-08 15:22:47.957 | INFO     | src.models.pvt_autoencoder.training:train_pvt_autoencoder_frozen:24 - Device: cuda | Model on: cuda:0
2026-02-08 15:23:18.802 | INFO     | src.pipelines.train_vision_backbones:run_pipeline:193 - Evaluating pvt_autoencoder_frozen on LP
2026-02-08 15:23:19.990 | INFO     | src.models.evaluation:evaluate_tsb_ad_nonoverlapping:65 - Normal (21520) reconstruction error: mean=0.2903, std=0.1616
2026-02-08 15:23:19.990 | INFO     | src.models.evaluation:evaluate_tsb_ad_nonoverlapping:66 - Anomaly (1397) reconstruction error: mean=0.2902, std=0.2395
2026-02-08 15:23:19.990 | INFO     | src.models.evaluation:evaluate_tsb_ad_nonoverlapping:67 - Overlap? Normal max=1.0000, Anomaly min=0.0000
2026-02-08 15:23:24.592 | INFO     | src.models.evaluation:evaluate_tsb_ad_nonoverlapping:83 - {'AUC-PR': 0.0845253651171824, 'AUC-ROC': 0.4617435496403606, 'VUS-PR': np.float64(0.10610223977420756), 'VUS-ROC': np.float64(0.5040649875758133), 'Standard-F1': np.float64(0.18374281953195817), 'PA-F1': 0.7404437316225608, 'Event-based-F1': np.float64(0.2708346761198837), 'R-based-F1': 0.28545956377613646, 'Affiliation-F': 0.7492646269060829}
2026-02-08 15:23:24.744 | INFO     | src.pipelines.train_vision_backbones:run_pipeline:170 - Train images: 99
2026-02-08 15:23:24.744 | INFO     | src.pipelines.train_vision_backbones:run_pipeline:171 - Test images: 458
2026-02-08 15:23:25.683 | INFO     | src.pipelines.train_vision_backbones:run_pipeline:176 - Training pvt_autoencoder_progressive_unfreeze on LP
2026-02-08 15:23:25.706 | INFO     | src.models.pvt_autoencoder.training:train_pvt_autoencoder_progressive_unfreeze:132 - Device: cuda | Model on: cuda:0
2026-02-08 15:23:51.386 | INFO     | src.pipelines.train_vision_backbones:run_pipeline:193 - Evaluating pvt_autoencoder_progressive_unfreeze on LP
2026-02-08 15:23:52.023 | INFO     | src.models.evaluation:evaluate_tsb_ad_nonoverlapping:65 - Normal (21520) reconstruction error: mean=0.2425, std=0.1541
2026-02-08 15:23:52.023 | INFO     | src.models.evaluation:evaluate_tsb_ad_nonoverlapping:66 - Anomaly (1397) reconstruction error: mean=0.2714, std=0.1949
2026-02-08 15:23:52.023 | INFO     | src.models.evaluation:evaluate_tsb_ad_nonoverlapping:67 - Overlap? Normal max=1.0000, Anomaly min=0.0610
2026-02-08 15:23:56.295 | INFO     | src.models.evaluation:evaluate_tsb_ad_nonoverlapping:83 - {'AUC-PR': 0.08942851461588311, 'AUC-ROC': 0.5148146552756437, 'VUS-PR': np.float64(0.11085308994721844), 'VUS-ROC': np.float64(0.5528419012251969), 'Standard-F1': np.float64(0.1796636200733427), 'PA-F1': 0.6965049031933618, 'Event-based-F1': np.float64(0.2817345597897499), 'R-based-F1': 0.2748181456486326, 'Affiliation-F': 0.7466976182250996}
2026-02-08 15:23:56.450 | INFO     | src.pipelines.train_vision_backbones:run_pipeline:170 - Train images: 99
2026-02-08 15:23:56.450 | INFO     | src.pipelines.train_vision_backbones:run_pipeline:171 - Test images: 458
2026-02-08 15:23:57.395 | INFO     | src.pipelines.train_vision_backbones:run_pipeline:176 - Training pvt_autoencoder_differential_lr on LP
2026-02-08 15:23:57.418 | INFO     | src.models.pvt_autoencoder.training:train_pvt_autoencoder_differential_lr:267 - Device: cuda | Model on: cuda:0
2026-02-08 15:24:30.784 | INFO     | src.pipelines.train_vision_backbones:run_pipeline:193 - Evaluating pvt_autoencoder_differential_lr on LP
2026-02-08 15:24:32.108 | INFO     | src.models.evaluation:evaluate_tsb_ad_nonoverlapping:65 - Normal (21520) reconstruction error: mean=0.2699, std=0.1601
2026-02-08 15:24:32.109 | INFO     | src.models.evaluation:evaluate_tsb_ad_nonoverlapping:66 - Anomaly (1397) reconstruction error: mean=0.3218, std=0.1932
2026-02-08 15:24:32.109 | INFO     | src.models.evaluation:evaluate_tsb_ad_nonoverlapping:67 - Overlap? Normal max=1.0000, Anomaly min=0.0767
2026-02-08 15:24:36.604 | INFO     | src.models.evaluation:evaluate_tsb_ad_nonoverlapping:83 - {'AUC-PR': 0.09648220562288334, 'AUC-ROC': 0.56710082079762, 'VUS-PR': np.float64(0.12224240642559323), 'VUS-ROC': np.float64(0.6037497668068238), 'Standard-F1': np.float64(0.18187382629092658), 'PA-F1': 0.6824340970682434, 'Event-based-F1': np.float64(0.2891419893697794), 'R-based-F1': 0.2898072261921208, 'Affiliation-F': 0.7442639842013601}
2026-02-08 15:24:36.977 | INFO     | src.pipelines.train_vision_backbones:run_pipeline:70 - Using zip: /net/scratch/hscra/plgrid/plgsmendowski12/ts2i_images/IOPS/268_IOPS_id_9_WebService_tr_6216_1st_6316_ts2i_SG.zip for transformation SG
2026-02-08 15:24:37.641 | INFO     | src.pipelines.train_vision_backbones:run_pipeline:170 - Train images: 99
2026-02-08 15:24:37.641 | INFO     | src.pipelines.train_vision_backbones:run_pipeline:171 - Test images: 458
2026-02-08 15:24:37.648 | INFO     | src.pipelines.train_vision_backbones:run_pipeline:176 - Training cnn_autoencoder on SG
2026-02-08 15:24:37.653 | INFO     | src.models.cnn_autoencoder.training:train_autoencoder:22 - Device: cuda | Model on: cuda:0
2026-02-08 15:25:02.452 | INFO     | src.pipelines.train_vision_backbones:run_pipeline:193 - Evaluating cnn_autoencoder on SG
2026-02-08 15:25:02.807 | INFO     | src.models.evaluation:evaluate_tsb_ad_nonoverlapping:65 - Normal (21520) reconstruction error: mean=0.1142, std=0.1383
2026-02-08 15:25:02.807 | INFO     | src.models.evaluation:evaluate_tsb_ad_nonoverlapping:66 - Anomaly (1397) reconstruction error: mean=0.3734, std=0.1416
2026-02-08 15:25:02.807 | INFO     | src.models.evaluation:evaluate_tsb_ad_nonoverlapping:67 - Overlap? Normal max=1.0000, Anomaly min=0.0468
2026-02-08 15:25:06.239 | INFO     | src.models.evaluation:evaluate_tsb_ad_nonoverlapping:83 - {'AUC-PR': 0.3201724514523718, 'AUC-ROC': 0.921935497068865, 'VUS-PR': np.float64(0.3710543957935772), 'VUS-ROC': np.float64(0.9222810872301184), 'Standard-F1': np.float64(0.47315253226022735), 'PA-F1': 0.8421379738968303, 'Event-based-F1': np.float64(0.5703225806451608), 'R-based-F1': 0.4089928402991923, 'Affiliation-F': 0.8954647169062184}
2026-02-08 15:25:06.390 | INFO     | src.pipelines.train_vision_backbones:run_pipeline:170 - Train images: 99
2026-02-08 15:25:06.390 | INFO     | src.pipelines.train_vision_backbones:run_pipeline:171 - Test images: 458
2026-02-08 15:25:06.602 | INFO     | src.pipelines.train_vision_backbones:run_pipeline:176 - Training resnet18_autoencoder_frozen on SG
2026-02-08 15:25:06.616 | INFO     | src.models.resnet18_autoencoder.training:train_autoencoder_frozen:25 - Device: cuda | Model on: cuda:0
2026-02-08 15:25:17.695 | INFO     | src.pipelines.train_vision_backbones:run_pipeline:193 - Evaluating resnet18_autoencoder_frozen on SG
2026-02-08 15:25:18.086 | INFO     | src.models.evaluation:evaluate_tsb_ad_nonoverlapping:65 - Normal (21520) reconstruction error: mean=0.1280, std=0.1581
2026-02-08 15:25:18.086 | INFO     | src.models.evaluation:evaluate_tsb_ad_nonoverlapping:66 - Anomaly (1397) reconstruction error: mean=0.3400, std=0.1634
2026-02-08 15:25:18.086 | INFO     | src.models.evaluation:evaluate_tsb_ad_nonoverlapping:67 - Overlap? Normal max=1.0000, Anomaly min=0.0144
2026-02-08 15:25:21.631 | INFO     | src.models.evaluation:evaluate_tsb_ad_nonoverlapping:83 - {'AUC-PR': 0.22431548037145652, 'AUC-ROC': 0.8486338057121872, 'VUS-PR': np.float64(0.22347227772135417), 'VUS-ROC': np.float64(0.7972462387020446), 'Standard-F1': np.float64(0.38780981539179155), 'PA-F1': 0.8222155146392998, 'Event-based-F1': np.float64(0.37681513117754684), 'R-based-F1': 0.2945073289485798, 'Affiliation-F': 0.7693356362347878}
2026-02-08 15:25:22.015 | INFO     | src.pipelines.train_vision_backbones:run_pipeline:170 - Train images: 99
2026-02-08 15:25:22.015 | INFO     | src.pipelines.train_vision_backbones:run_pipeline:171 - Test images: 458
2026-02-08 15:25:22.226 | INFO     | src.pipelines.train_vision_backbones:run_pipeline:176 - Training resnet18_autoencoder_progressive_unfreeze on SG
2026-02-08 15:25:22.240 | INFO     | src.models.resnet18_autoencoder.training:train_autoencoder_progressive_unfreeze:133 - Device: cuda | Model on: cuda:0
2026-02-08 15:25:41.112 | INFO     | src.pipelines.train_vision_backbones:run_pipeline:193 - Evaluating resnet18_autoencoder_progressive_unfreeze on SG
2026-02-08 15:25:41.502 | INFO     | src.models.evaluation:evaluate_tsb_ad_nonoverlapping:65 - Normal (21520) reconstruction error: mean=0.1105, std=0.1529
2026-02-08 15:25:41.502 | INFO     | src.models.evaluation:evaluate_tsb_ad_nonoverlapping:66 - Anomaly (1397) reconstruction error: mean=0.5085, std=0.2506
2026-02-08 15:25:41.502 | INFO     | src.models.evaluation:evaluate_tsb_ad_nonoverlapping:67 - Overlap? Normal max=1.0000, Anomaly min=0.0446
2026-02-08 15:25:44.986 | INFO     | src.models.evaluation:evaluate_tsb_ad_nonoverlapping:83 - {'AUC-PR': 0.4687519823618381, 'AUC-ROC': 0.9214531836676042, 'VUS-PR': np.float64(0.3755405798652878), 'VUS-ROC': np.float64(0.8911211362486219), 'Standard-F1': np.float64(0.5140102909189207), 'PA-F1': 0.9563649477100613, 'Event-based-F1': np.float64(0.49321357285429096), 'R-based-F1': 0.35116624212986924, 'Affiliation-F': 0.8269058717847543}
2026-02-08 15:25:45.143 | INFO     | src.pipelines.train_vision_backbones:run_pipeline:170 - Train images: 99
2026-02-08 15:25:45.143 | INFO     | src.pipelines.train_vision_backbones:run_pipeline:171 - Test images: 458
2026-02-08 15:25:45.356 | INFO     | src.pipelines.train_vision_backbones:run_pipeline:176 - Training resnet18_autoencoder_differential_lr on SG
2026-02-08 15:25:45.371 | INFO     | src.models.resnet18_autoencoder.training:train_autoencoder_differential_lr:271 - Device: cuda | Model on: cuda:0
2026-02-08 15:26:03.776 | INFO     | src.pipelines.train_vision_backbones:run_pipeline:193 - Evaluating resnet18_autoencoder_differential_lr on SG
2026-02-08 15:26:04.096 | INFO     | src.models.evaluation:evaluate_tsb_ad_nonoverlapping:65 - Normal (21520) reconstruction error: mean=0.0965, std=0.1209
2026-02-08 15:26:04.096 | INFO     | src.models.evaluation:evaluate_tsb_ad_nonoverlapping:66 - Anomaly (1397) reconstruction error: mean=0.3627, std=0.1584
2026-02-08 15:26:04.096 | INFO     | src.models.evaluation:evaluate_tsb_ad_nonoverlapping:67 - Overlap? Normal max=1.0000, Anomaly min=0.0405
2026-02-08 15:26:07.403 | INFO     | src.models.evaluation:evaluate_tsb_ad_nonoverlapping:83 - {'AUC-PR': 0.36302457553759604, 'AUC-ROC': 0.9135814630661028, 'VUS-PR': np.float64(0.390146498040192), 'VUS-ROC': np.float64(0.9131985810000685), 'Standard-F1': np.float64(0.5179603260931647), 'PA-F1': 0.9321976149914821, 'Event-based-F1': np.float64(0.5599709934735311), 'R-based-F1': 0.43200164830790894, 'Affiliation-F': 0.8316174249419299}
2026-02-08 15:26:07.557 | INFO     | src.pipelines.train_vision_backbones:run_pipeline:170 - Train images: 99
2026-02-08 15:26:07.557 | INFO     | src.pipelines.train_vision_backbones:run_pipeline:171 - Test images: 458
2026-02-08 15:26:08.507 | INFO     | src.pipelines.train_vision_backbones:run_pipeline:176 - Training pvt_autoencoder_frozen on SG
2026-02-08 15:26:08.532 | INFO     | src.models.pvt_autoencoder.training:train_pvt_autoencoder_frozen:24 - Device: cuda | Model on: cuda:0
2026-02-08 15:26:17.953 | INFO     | src.pipelines.train_vision_backbones:run_pipeline:193 - Evaluating pvt_autoencoder_frozen on SG
2026-02-08 15:26:18.224 | INFO     | src.models.evaluation:evaluate_tsb_ad_nonoverlapping:65 - Normal (21520) reconstruction error: mean=0.1574, std=0.1723
2026-02-08 15:26:18.224 | INFO     | src.models.evaluation:evaluate_tsb_ad_nonoverlapping:66 - Anomaly (1397) reconstruction error: mean=0.4708, std=0.2173
2026-02-08 15:26:18.224 | INFO     | src.models.evaluation:evaluate_tsb_ad_nonoverlapping:67 - Overlap? Normal max=1.0000, Anomaly min=0.0161
2026-02-08 15:26:22.029 | INFO     | src.models.evaluation:evaluate_tsb_ad_nonoverlapping:83 - {'AUC-PR': 0.3107898451005478, 'AUC-ROC': 0.8931695607688275, 'VUS-PR': np.float64(0.2247726068798184), 'VUS-ROC': np.float64(0.7593032059852712), 'Standard-F1': np.float64(0.4007941855165583), 'PA-F1': 0.7942497753818508, 'Event-based-F1': np.float64(0.3098972629597674), 'R-based-F1': 0.18879633783386504, 'Affiliation-F': 0.7328369846488982}
2026-02-08 15:26:22.180 | INFO     | src.pipelines.train_vision_backbones:run_pipeline:170 - Train images: 99
2026-02-08 15:26:22.180 | INFO     | src.pipelines.train_vision_backbones:run_pipeline:171 - Test images: 458
2026-02-08 15:26:23.137 | INFO     | src.pipelines.train_vision_backbones:run_pipeline:176 - Training pvt_autoencoder_progressive_unfreeze on SG
2026-02-08 15:26:23.160 | INFO     | src.models.pvt_autoencoder.training:train_pvt_autoencoder_progressive_unfreeze:132 - Device: cuda | Model on: cuda:0
2026-02-08 15:26:40.449 | INFO     | src.pipelines.train_vision_backbones:run_pipeline:193 - Evaluating pvt_autoencoder_progressive_unfreeze on SG
2026-02-08 15:26:40.713 | INFO     | src.models.evaluation:evaluate_tsb_ad_nonoverlapping:65 - Normal (21520) reconstruction error: mean=0.1030, std=0.1148
2026-02-08 15:26:40.713 | INFO     | src.models.evaluation:evaluate_tsb_ad_nonoverlapping:66 - Anomaly (1397) reconstruction error: mean=0.3156, std=0.1278
2026-02-08 15:26:40.713 | INFO     | src.models.evaluation:evaluate_tsb_ad_nonoverlapping:67 - Overlap? Normal max=1.0000, Anomaly min=0.0523
2026-02-08 15:26:44.016 | INFO     | src.models.evaluation:evaluate_tsb_ad_nonoverlapping:83 - {'AUC-PR': 0.32743915811332147, 'AUC-ROC': 0.9270430296732509, 'VUS-PR': np.float64(0.3654830394959609), 'VUS-ROC': np.float64(0.9183935936072005), 'Standard-F1': np.float64(0.505810824441381), 'PA-F1': 0.8729806778587267, 'Event-based-F1': np.float64(0.5349326225381307), 'R-based-F1': 0.38674977569059943, 'Affiliation-F': 0.7861347960459121}
2026-02-08 15:26:44.172 | INFO     | src.pipelines.train_vision_backbones:run_pipeline:170 - Train images: 99
2026-02-08 15:26:44.172 | INFO     | src.pipelines.train_vision_backbones:run_pipeline:171 - Test images: 458
2026-02-08 15:26:45.134 | INFO     | src.pipelines.train_vision_backbones:run_pipeline:176 - Training pvt_autoencoder_differential_lr on SG
2026-02-08 15:26:45.157 | INFO     | src.models.pvt_autoencoder.training:train_pvt_autoencoder_differential_lr:267 - Device: cuda | Model on: cuda:0
2026-02-08 15:27:15.124 | INFO     | src.pipelines.train_vision_backbones:run_pipeline:193 - Evaluating pvt_autoencoder_differential_lr on SG
2026-02-08 15:27:16.590 | INFO     | src.models.evaluation:evaluate_tsb_ad_nonoverlapping:65 - Normal (21520) reconstruction error: mean=0.0863, std=0.1056
2026-02-08 15:27:16.590 | INFO     | src.models.evaluation:evaluate_tsb_ad_nonoverlapping:66 - Anomaly (1397) reconstruction error: mean=0.2201, std=0.1379
2026-02-08 15:27:16.590 | INFO     | src.models.evaluation:evaluate_tsb_ad_nonoverlapping:67 - Overlap? Normal max=1.0000, Anomaly min=0.0463
2026-02-08 15:27:19.766 | INFO     | src.models.evaluation:evaluate_tsb_ad_nonoverlapping:83 - {'AUC-PR': 0.21118622720228294, 'AUC-ROC': 0.8688244758417533, 'VUS-PR': np.float64(0.25003469389492544), 'VUS-ROC': np.float64(0.8726857454219402), 'Standard-F1': np.float64(0.361235437452762), 'PA-F1': 0.8631381146257439, 'Event-based-F1': np.float64(0.40634201585503926), 'R-based-F1': 0.31890322439801777, 'Affiliation-F': 0.80247326520893}
2026-02-08 15:27:20.128 | INFO     | src.pipelines.train_vision_backbones:run_pipeline:70 - Using zip: /net/scratch/hscra/plgrid/plgsmendowski12/ts2i_images/IOPS/268_IOPS_id_9_WebService_tr_6216_1st_6316_ts2i_GASF.zip for transformation GASF
2026-02-08 15:27:20.815 | INFO     | src.pipelines.train_vision_backbones:run_pipeline:170 - Train images: 99
2026-02-08 15:27:20.815 | INFO     | src.pipelines.train_vision_backbones:run_pipeline:171 - Test images: 458
2026-02-08 15:27:20.822 | INFO     | src.pipelines.train_vision_backbones:run_pipeline:176 - Training cnn_autoencoder on GASF
2026-02-08 15:27:20.827 | INFO     | src.models.cnn_autoencoder.training:train_autoencoder:22 - Device: cuda | Model on: cuda:0
2026-02-08 15:27:50.132 | INFO     | src.pipelines.train_vision_backbones:run_pipeline:193 - Evaluating cnn_autoencoder on GASF
2026-02-08 15:27:50.529 | INFO     | src.models.evaluation:evaluate_tsb_ad_nonoverlapping:65 - Normal (21520) reconstruction error: mean=0.0261, std=0.0710
2026-02-08 15:27:50.529 | INFO     | src.models.evaluation:evaluate_tsb_ad_nonoverlapping:66 - Anomaly (1397) reconstruction error: mean=0.0345, std=0.0680
2026-02-08 15:27:50.530 | INFO     | src.models.evaluation:evaluate_tsb_ad_nonoverlapping:67 - Overlap? Normal max=1.0000, Anomaly min=0.0029
2026-02-08 15:27:53.134 | INFO     | src.models.evaluation:evaluate_tsb_ad_nonoverlapping:83 - {'AUC-PR': 0.11752087867843553, 'AUC-ROC': 0.6070469480538488, 'VUS-PR': np.float64(0.15993012184955377), 'VUS-ROC': np.float64(0.6432037771954362), 'Standard-F1': np.float64(0.22543067584047585), 'PA-F1': 0.6447457627118645, 'Event-based-F1': np.float64(0.38939695162359145), 'R-based-F1': 0.32254411354112317, 'Affiliation-F': 0.8841650169514779}
2026-02-08 15:27:53.289 | INFO     | src.pipelines.train_vision_backbones:run_pipeline:170 - Train images: 99
2026-02-08 15:27:53.289 | INFO     | src.pipelines.train_vision_backbones:run_pipeline:171 - Test images: 458
2026-02-08 15:27:53.502 | INFO     | src.pipelines.train_vision_backbones:run_pipeline:176 - Training resnet18_autoencoder_frozen on GASF
2026-02-08 15:27:53.518 | INFO     | src.models.resnet18_autoencoder.training:train_autoencoder_frozen:25 - Device: cuda | Model on: cuda:0
2026-02-08 15:28:13.442 | INFO     | src.pipelines.train_vision_backbones:run_pipeline:193 - Evaluating resnet18_autoencoder_frozen on GASF
2026-02-08 15:28:13.884 | INFO     | src.models.evaluation:evaluate_tsb_ad_nonoverlapping:65 - Normal (21520) reconstruction error: mean=0.0447, std=0.0869
2026-02-08 15:28:13.884 | INFO     | src.models.evaluation:evaluate_tsb_ad_nonoverlapping:66 - Anomaly (1397) reconstruction error: mean=0.0737, std=0.0916
2026-02-08 15:28:13.884 | INFO     | src.models.evaluation:evaluate_tsb_ad_nonoverlapping:67 - Overlap? Normal max=1.0000, Anomaly min=0.0128
2026-02-08 15:28:16.651 | INFO     | src.models.evaluation:evaluate_tsb_ad_nonoverlapping:83 - {'AUC-PR': 0.1626582081588908, 'AUC-ROC': 0.672879401026629, 'VUS-PR': np.float64(0.21689428611912268), 'VUS-ROC': np.float64(0.7218457414288387), 'Standard-F1': np.float64(0.3636316128824691), 'PA-F1': 0.71973209685729, 'Event-based-F1': np.float64(0.43749999999999967), 'R-based-F1': 0.3712947718346718, 'Affiliation-F': 0.9271183783652125}
2026-02-08 15:28:17.028 | INFO     | src.pipelines.train_vision_backbones:run_pipeline:170 - Train images: 99
2026-02-08 15:28:17.029 | INFO     | src.pipelines.train_vision_backbones:run_pipeline:171 - Test images: 458
2026-02-08 15:28:17.240 | INFO     | src.pipelines.train_vision_backbones:run_pipeline:176 - Training resnet18_autoencoder_progressive_unfreeze on GASF
2026-02-08 15:28:17.253 | INFO     | src.models.resnet18_autoencoder.training:train_autoencoder_progressive_unfreeze:133 - Device: cuda | Model on: cuda:0
2026-02-08 15:28:34.858 | INFO     | src.pipelines.train_vision_backbones:run_pipeline:193 - Evaluating resnet18_autoencoder_progressive_unfreeze on GASF
2026-02-08 15:28:35.456 | INFO     | src.models.evaluation:evaluate_tsb_ad_nonoverlapping:65 - Normal (21520) reconstruction error: mean=0.0339, std=0.0842
2026-02-08 15:28:35.456 | INFO     | src.models.evaluation:evaluate_tsb_ad_nonoverlapping:66 - Anomaly (1397) reconstruction error: mean=0.0622, std=0.0896
2026-02-08 15:28:35.456 | INFO     | src.models.evaluation:evaluate_tsb_ad_nonoverlapping:67 - Overlap? Normal max=1.0000, Anomaly min=0.0079
2026-02-08 15:28:38.152 | INFO     | src.models.evaluation:evaluate_tsb_ad_nonoverlapping:83 - {'AUC-PR': 0.1655989467731084, 'AUC-ROC': 0.6776093986583038, 'VUS-PR': np.float64(0.2224101012792501), 'VUS-ROC': np.float64(0.7247293405994716), 'Standard-F1': np.float64(0.3451796801931664), 'PA-F1': 0.7566539923954373, 'Event-based-F1': np.float64(0.4912280701754382), 'R-based-F1': 0.41450607032534237, 'Affiliation-F': 0.9271183783652125}
2026-02-08 15:28:38.308 | INFO     | src.pipelines.train_vision_backbones:run_pipeline:170 - Train images: 99
2026-02-08 15:28:38.309 | INFO     | src.pipelines.train_vision_backbones:run_pipeline:171 - Test images: 458
2026-02-08 15:28:38.520 | INFO     | src.pipelines.train_vision_backbones:run_pipeline:176 - Training resnet18_autoencoder_differential_lr on GASF
2026-02-08 15:28:38.534 | INFO     | src.models.resnet18_autoencoder.training:train_autoencoder_differential_lr:271 - Device: cuda | Model on: cuda:0
2026-02-08 15:29:01.520 | INFO     | src.pipelines.train_vision_backbones:run_pipeline:193 - Evaluating resnet18_autoencoder_differential_lr on GASF
2026-02-08 15:29:01.870 | INFO     | src.models.evaluation:evaluate_tsb_ad_nonoverlapping:65 - Normal (21520) reconstruction error: mean=0.0381, std=0.0861
2026-02-08 15:29:01.870 | INFO     | src.models.evaluation:evaluate_tsb_ad_nonoverlapping:66 - Anomaly (1397) reconstruction error: mean=0.0725, std=0.0941
2026-02-08 15:29:01.871 | INFO     | src.models.evaluation:evaluate_tsb_ad_nonoverlapping:67 - Overlap? Normal max=1.0000, Anomaly min=0.0101
2026-02-08 15:29:04.611 | INFO     | src.models.evaluation:evaluate_tsb_ad_nonoverlapping:83 - {'AUC-PR': 0.172306153230901, 'AUC-ROC': 0.6881188413568108, 'VUS-PR': np.float64(0.2315065860911347), 'VUS-ROC': np.float64(0.7349561592074989), 'Standard-F1': np.float64(0.37679821913533884), 'PA-F1': 0.7738888888888888, 'Event-based-F1': np.float64(0.4649980135081442), 'R-based-F1': 0.3889827262866437, 'Affiliation-F': 0.9271183783652125}
2026-02-08 15:29:04.766 | INFO     | src.pipelines.train_vision_backbones:run_pipeline:170 - Train images: 99
2026-02-08 15:29:04.766 | INFO     | src.pipelines.train_vision_backbones:run_pipeline:171 - Test images: 458
2026-02-08 15:29:05.722 | INFO     | src.pipelines.train_vision_backbones:run_pipeline:176 - Training pvt_autoencoder_frozen on GASF
2026-02-08 15:29:05.746 | INFO     | src.models.pvt_autoencoder.training:train_pvt_autoencoder_frozen:24 - Device: cuda | Model on: cuda:0
2026-02-08 15:29:28.451 | INFO     | src.pipelines.train_vision_backbones:run_pipeline:193 - Evaluating pvt_autoencoder_frozen on GASF
2026-02-08 15:29:28.764 | INFO     | src.models.evaluation:evaluate_tsb_ad_nonoverlapping:65 - Normal (21520) reconstruction error: mean=0.0422, std=0.0958
2026-02-08 15:29:28.764 | INFO     | src.models.evaluation:evaluate_tsb_ad_nonoverlapping:66 - Anomaly (1397) reconstruction error: mean=0.0725, std=0.1004
2026-02-08 15:29:28.764 | INFO     | src.models.evaluation:evaluate_tsb_ad_nonoverlapping:67 - Overlap? Normal max=1.0000, Anomaly min=0.0079
2026-02-08 15:29:31.539 | INFO     | src.models.evaluation:evaluate_tsb_ad_nonoverlapping:83 - {'AUC-PR': 0.15994376683714318, 'AUC-ROC': 0.6798629664469534, 'VUS-PR': np.float64(0.21524751025365102), 'VUS-ROC': np.float64(0.728917858234765), 'Standard-F1': np.float64(0.32804640299206517), 'PA-F1': 0.7738888888888888, 'Event-based-F1': np.float64(0.41113924050632866), 'R-based-F1': 0.3576852746230069, 'Affiliation-F': 0.9245071913842722}
2026-02-08 15:29:31.693 | INFO     | src.pipelines.train_vision_backbones:run_pipeline:170 - Train images: 99
2026-02-08 15:29:31.694 | INFO     | src.pipelines.train_vision_backbones:run_pipeline:171 - Test images: 458
2026-02-08 15:29:32.641 | INFO     | src.pipelines.train_vision_backbones:run_pipeline:176 - Training pvt_autoencoder_progressive_unfreeze on GASF
2026-02-08 15:29:32.665 | INFO     | src.models.pvt_autoencoder.training:train_pvt_autoencoder_progressive_unfreeze:132 - Device: cuda | Model on: cuda:0
2026-02-08 15:29:52.968 | INFO     | src.pipelines.train_vision_backbones:run_pipeline:193 - Evaluating pvt_autoencoder_progressive_unfreeze on GASF
2026-02-08 15:29:53.274 | INFO     | src.models.evaluation:evaluate_tsb_ad_nonoverlapping:65 - Normal (21520) reconstruction error: mean=0.0367, std=0.0825
2026-02-08 15:29:53.274 | INFO     | src.models.evaluation:evaluate_tsb_ad_nonoverlapping:66 - Anomaly (1397) reconstruction error: mean=0.0606, std=0.0839
2026-02-08 15:29:53.274 | INFO     | src.models.evaluation:evaluate_tsb_ad_nonoverlapping:67 - Overlap? Normal max=1.0000, Anomaly min=0.0096
2026-02-08 15:29:55.968 | INFO     | src.models.evaluation:evaluate_tsb_ad_nonoverlapping:83 - {'AUC-PR': 0.15954830663533867, 'AUC-ROC': 0.6666143162592172, 'VUS-PR': np.float64(0.21878720534863993), 'VUS-ROC': np.float64(0.716439755028605), 'Standard-F1': np.float64(0.33749946915383183), 'PA-F1': 0.7928286852589641, 'Event-based-F1': np.float64(0.4923853596970967), 'R-based-F1': 0.40397334985685385, 'Affiliation-F': 0.9249960369702154}
2026-02-08 15:29:56.124 | INFO     | src.pipelines.train_vision_backbones:run_pipeline:170 - Train images: 99
2026-02-08 15:29:56.125 | INFO     | src.pipelines.train_vision_backbones:run_pipeline:171 - Test images: 458
2026-02-08 15:29:57.075 | INFO     | src.pipelines.train_vision_backbones:run_pipeline:176 - Training pvt_autoencoder_differential_lr on GASF
2026-02-08 15:29:57.101 | INFO     | src.models.pvt_autoencoder.training:train_pvt_autoencoder_differential_lr:267 - Device: cuda | Model on: cuda:0
2026-02-08 15:30:26.487 | INFO     | src.pipelines.train_vision_backbones:run_pipeline:193 - Evaluating pvt_autoencoder_differential_lr on GASF
2026-02-08 15:30:26.795 | INFO     | src.models.evaluation:evaluate_tsb_ad_nonoverlapping:65 - Normal (21520) reconstruction error: mean=0.0374, std=0.0803
2026-02-08 15:30:26.795 | INFO     | src.models.evaluation:evaluate_tsb_ad_nonoverlapping:66 - Anomaly (1397) reconstruction error: mean=0.0617, std=0.0826
2026-02-08 15:30:26.795 | INFO     | src.models.evaluation:evaluate_tsb_ad_nonoverlapping:67 - Overlap? Normal max=1.0000, Anomaly min=0.0104
2026-02-08 15:30:29.506 | INFO     | src.models.evaluation:evaluate_tsb_ad_nonoverlapping:83 - {'AUC-PR': 0.16103089560478176, 'AUC-ROC': 0.6637087938040358, 'VUS-PR': np.float64(0.21597068500662173), 'VUS-ROC': np.float64(0.712119575727443), 'Standard-F1': np.float64(0.3351396116267448), 'PA-F1': 0.807536231884058, 'Event-based-F1': np.float64(0.46005665722379563), 'R-based-F1': 0.39296016937938344, 'Affiliation-F': 0.9249960369702154}
2026-02-08 15:30:29.869 | INFO     | src.pipelines.train_vision_backbones:run_pipeline:70 - Using zip: /net/scratch/hscra/plgrid/plgsmendowski12/ts2i_images/IOPS/268_IOPS_id_9_WebService_tr_6216_1st_6316_ts2i_GADF.zip for transformation GADF
2026-02-08 15:30:30.865 | INFO     | src.pipelines.train_vision_backbones:run_pipeline:170 - Train images: 99
2026-02-08 15:30:30.866 | INFO     | src.pipelines.train_vision_backbones:run_pipeline:171 - Test images: 458
2026-02-08 15:30:30.873 | INFO     | src.pipelines.train_vision_backbones:run_pipeline:176 - Training cnn_autoencoder on GADF
2026-02-08 15:30:30.877 | INFO     | src.models.cnn_autoencoder.training:train_autoencoder:22 - Device: cuda | Model on: cuda:0
2026-02-08 15:30:59.617 | INFO     | src.pipelines.train_vision_backbones:run_pipeline:193 - Evaluating cnn_autoencoder on GADF
2026-02-08 15:31:00.012 | INFO     | src.models.evaluation:evaluate_tsb_ad_nonoverlapping:65 - Normal (21520) reconstruction error: mean=0.4879, std=0.1796
2026-02-08 15:31:00.012 | INFO     | src.models.evaluation:evaluate_tsb_ad_nonoverlapping:66 - Anomaly (1397) reconstruction error: mean=0.4266, std=0.1554
2026-02-08 15:31:00.012 | INFO     | src.models.evaluation:evaluate_tsb_ad_nonoverlapping:67 - Overlap? Normal max=1.0000, Anomaly min=0.0000
2026-02-08 15:31:06.107 | INFO     | src.models.evaluation:evaluate_tsb_ad_nonoverlapping:83 - {'AUC-PR': 0.04966280534048035, 'AUC-ROC': 0.3953712715510933, 'VUS-PR': np.float64(0.06013601048105673), 'VUS-ROC': np.float64(0.1388406735030434), 'Standard-F1': np.float64(0.11576369027923193), 'PA-F1': 0.4801738185768604, 'Event-based-F1': np.float64(0.1143701635912066), 'R-based-F1': 0.1496802935378699, 'Affiliation-F': 0.6749990465736796}
2026-02-08 15:31:06.261 | INFO     | src.pipelines.train_vision_backbones:run_pipeline:170 - Train images: 99
2026-02-08 15:31:06.262 | INFO     | src.pipelines.train_vision_backbones:run_pipeline:171 - Test images: 458
2026-02-08 15:31:06.474 | INFO     | src.pipelines.train_vision_backbones:run_pipeline:176 - Training resnet18_autoencoder_frozen on GADF
2026-02-08 15:31:06.488 | INFO     | src.models.resnet18_autoencoder.training:train_autoencoder_frozen:25 - Device: cuda | Model on: cuda:0
2026-02-08 15:31:11.106 | INFO     | src.pipelines.train_vision_backbones:run_pipeline:193 - Evaluating resnet18_autoencoder_frozen on GADF
2026-02-08 15:31:11.535 | INFO     | src.models.evaluation:evaluate_tsb_ad_nonoverlapping:65 - Normal (21520) reconstruction error: mean=0.4881, std=0.1244
2026-02-08 15:31:11.535 | INFO     | src.models.evaluation:evaluate_tsb_ad_nonoverlapping:66 - Anomaly (1397) reconstruction error: mean=0.4396, std=0.1894
2026-02-08 15:31:11.535 | INFO     | src.models.evaluation:evaluate_tsb_ad_nonoverlapping:67 - Overlap? Normal max=1.0000, Anomaly min=0.0000
2026-02-08 15:31:17.574 | INFO     | src.models.evaluation:evaluate_tsb_ad_nonoverlapping:83 - {'AUC-PR': 0.08487756544258845, 'AUC-ROC': 0.34642713874393616, 'VUS-PR': np.float64(0.06921724750070259), 'VUS-ROC': np.float64(0.17258910354701099), 'Standard-F1': np.float64(0.13091896838587075), 'PA-F1': 0.9212039228948259, 'Event-based-F1': np.float64(0.2989010989010984), 'R-based-F1': 0.16219154405413885, 'Affiliation-F': 0.6732936391435506}
2026-02-08 15:31:17.729 | INFO     | src.pipelines.train_vision_backbones:run_pipeline:170 - Train images: 99
2026-02-08 15:31:17.729 | INFO     | src.pipelines.train_vision_backbones:run_pipeline:171 - Test images: 458
2026-02-08 15:31:17.940 | INFO     | src.pipelines.train_vision_backbones:run_pipeline:176 - Training resnet18_autoencoder_progressive_unfreeze on GADF
2026-02-08 15:31:17.954 | INFO     | src.models.resnet18_autoencoder.training:train_autoencoder_progressive_unfreeze:133 - Device: cuda | Model on: cuda:0
2026-02-08 15:31:22.457 | INFO     | src.pipelines.train_vision_backbones:run_pipeline:193 - Evaluating resnet18_autoencoder_progressive_unfreeze on GADF
2026-02-08 15:31:22.873 | INFO     | src.models.evaluation:evaluate_tsb_ad_nonoverlapping:65 - Normal (21520) reconstruction error: mean=0.4878, std=0.1245
2026-02-08 15:31:22.874 | INFO     | src.models.evaluation:evaluate_tsb_ad_nonoverlapping:66 - Anomaly (1397) reconstruction error: mean=0.4390, std=0.1896
2026-02-08 15:31:22.874 | INFO     | src.models.evaluation:evaluate_tsb_ad_nonoverlapping:67 - Overlap? Normal max=1.0000, Anomaly min=0.0000
2026-02-08 15:31:28.952 | INFO     | src.models.evaluation:evaluate_tsb_ad_nonoverlapping:83 - {'AUC-PR': 0.08375893190189024, 'AUC-ROC': 0.34487874641092303, 'VUS-PR': np.float64(0.06894058495860013), 'VUS-ROC': np.float64(0.1720985048152095), 'Standard-F1': np.float64(0.13091896838587075), 'PA-F1': 0.9212039228948259, 'Event-based-F1': np.float64(0.2989010989010984), 'R-based-F1': 0.16219154405413885, 'Affiliation-F': 0.6732936391435506}
2026-02-08 15:31:29.102 | INFO     | src.pipelines.train_vision_backbones:run_pipeline:170 - Train images: 99
2026-02-08 15:31:29.102 | INFO     | src.pipelines.train_vision_backbones:run_pipeline:171 - Test images: 458
2026-02-08 15:31:29.312 | INFO     | src.pipelines.train_vision_backbones:run_pipeline:176 - Training resnet18_autoencoder_differential_lr on GADF
2026-02-08 15:31:29.326 | INFO     | src.models.resnet18_autoencoder.training:train_autoencoder_differential_lr:271 - Device: cuda | Model on: cuda:0
2026-02-08 15:31:33.637 | INFO     | src.pipelines.train_vision_backbones:run_pipeline:193 - Evaluating resnet18_autoencoder_differential_lr on GADF
2026-02-08 15:31:34.001 | INFO     | src.models.evaluation:evaluate_tsb_ad_nonoverlapping:65 - Normal (21520) reconstruction error: mean=0.4885, std=0.1245
2026-02-08 15:31:34.002 | INFO     | src.models.evaluation:evaluate_tsb_ad_nonoverlapping:66 - Anomaly (1397) reconstruction error: mean=0.4400, std=0.1895
2026-02-08 15:31:34.002 | INFO     | src.models.evaluation:evaluate_tsb_ad_nonoverlapping:67 - Overlap? Normal max=1.0000, Anomaly min=0.0000
2026-02-08 15:31:40.045 | INFO     | src.models.evaluation:evaluate_tsb_ad_nonoverlapping:83 - {'AUC-PR': 0.08480488938702072, 'AUC-ROC': 0.3465934537098882, 'VUS-PR': np.float64(0.06929710766505093), 'VUS-ROC': np.float64(0.1728782287969092), 'Standard-F1': np.float64(0.13091896838587075), 'PA-F1': 0.9212039228948259, 'Event-based-F1': np.float64(0.2989010989010984), 'R-based-F1': 0.16219154405413885, 'Affiliation-F': 0.6732936391435506}
2026-02-08 15:31:40.199 | INFO     | src.pipelines.train_vision_backbones:run_pipeline:170 - Train images: 99
2026-02-08 15:31:40.199 | INFO     | src.pipelines.train_vision_backbones:run_pipeline:171 - Test images: 458
2026-02-08 15:31:41.146 | INFO     | src.pipelines.train_vision_backbones:run_pipeline:176 - Training pvt_autoencoder_frozen on GADF
2026-02-08 15:31:41.170 | INFO     | src.models.pvt_autoencoder.training:train_pvt_autoencoder_frozen:24 - Device: cuda | Model on: cuda:0
2026-02-08 15:31:56.483 | INFO     | src.pipelines.train_vision_backbones:run_pipeline:193 - Evaluating pvt_autoencoder_frozen on GADF
2026-02-08 15:31:56.795 | INFO     | src.models.evaluation:evaluate_tsb_ad_nonoverlapping:65 - Normal (21520) reconstruction error: mean=0.3843, std=0.1053
2026-02-08 15:31:56.796 | INFO     | src.models.evaluation:evaluate_tsb_ad_nonoverlapping:66 - Anomaly (1397) reconstruction error: mean=0.3633, std=0.1785
2026-02-08 15:31:56.796 | INFO     | src.models.evaluation:evaluate_tsb_ad_nonoverlapping:67 - Overlap? Normal max=1.0000, Anomaly min=0.0000
2026-02-08 15:32:02.105 | INFO     | src.models.evaluation:evaluate_tsb_ad_nonoverlapping:83 - {'AUC-PR': 0.08860229570304459, 'AUC-ROC': 0.38328363287767464, 'VUS-PR': np.float64(0.07175382516733893), 'VUS-ROC': np.float64(0.19471044446390287), 'Standard-F1': np.float64(0.12134768320086718), 'PA-F1': 0.9487983281086729, 'Event-based-F1': np.float64(0.33207547169811275), 'R-based-F1': 0.1727043914041069, 'Affiliation-F': 0.6732936391435506}
2026-02-08 15:32:02.258 | INFO     | src.pipelines.train_vision_backbones:run_pipeline:170 - Train images: 99
2026-02-08 15:32:02.258 | INFO     | src.pipelines.train_vision_backbones:run_pipeline:171 - Test images: 458
2026-02-08 15:32:03.200 | INFO     | src.pipelines.train_vision_backbones:run_pipeline:176 - Training pvt_autoencoder_progressive_unfreeze on GADF
2026-02-08 15:32:03.224 | INFO     | src.models.pvt_autoencoder.training:train_pvt_autoencoder_progressive_unfreeze:132 - Device: cuda | Model on: cuda:0
2026-02-08 15:32:05.802 | INFO     | src.pipelines.train_vision_backbones:run_pipeline:193 - Evaluating pvt_autoencoder_progressive_unfreeze on GADF
2026-02-08 15:32:06.115 | INFO     | src.models.evaluation:evaluate_tsb_ad_nonoverlapping:65 - Normal (21520) reconstruction error: mean=0.4887, std=0.1246
2026-02-08 15:32:06.115 | INFO     | src.models.evaluation:evaluate_tsb_ad_nonoverlapping:66 - Anomaly (1397) reconstruction error: mean=0.4402, std=0.1897
2026-02-08 15:32:06.115 | INFO     | src.models.evaluation:evaluate_tsb_ad_nonoverlapping:67 - Overlap? Normal max=1.0000, Anomaly min=0.0000
2026-02-08 15:32:12.243 | INFO     | src.models.evaluation:evaluate_tsb_ad_nonoverlapping:83 - {'AUC-PR': 0.08457418023941034, 'AUC-ROC': 0.3467231793833307, 'VUS-PR': np.float64(0.06921327431884092), 'VUS-ROC': np.float64(0.1730409456849594), 'Standard-F1': np.float64(0.13091896838587075), 'PA-F1': 0.9212039228948259, 'Event-based-F1': np.float64(0.2989010989010984), 'R-based-F1': 0.16219154405413885, 'Affiliation-F': 0.6732936391435506}
2026-02-08 15:32:12.395 | INFO     | src.pipelines.train_vision_backbones:run_pipeline:170 - Train images: 99
2026-02-08 15:32:12.395 | INFO     | src.pipelines.train_vision_backbones:run_pipeline:171 - Test images: 458
2026-02-08 15:32:13.334 | INFO     | src.pipelines.train_vision_backbones:run_pipeline:176 - Training pvt_autoencoder_differential_lr on GADF
2026-02-08 15:32:13.357 | INFO     | src.models.pvt_autoencoder.training:train_pvt_autoencoder_differential_lr:267 - Device: cuda | Model on: cuda:0
2026-02-08 15:32:43.079 | INFO     | src.pipelines.train_vision_backbones:run_pipeline:193 - Evaluating pvt_autoencoder_differential_lr on GADF
2026-02-08 15:32:43.390 | INFO     | src.models.evaluation:evaluate_tsb_ad_nonoverlapping:65 - Normal (21520) reconstruction error: mean=0.4188, std=0.1511
2026-02-08 15:32:43.390 | INFO     | src.models.evaluation:evaluate_tsb_ad_nonoverlapping:66 - Anomaly (1397) reconstruction error: mean=0.4347, std=0.1782
2026-02-08 15:32:43.390 | INFO     | src.models.evaluation:evaluate_tsb_ad_nonoverlapping:67 - Overlap? Normal max=1.0000, Anomaly min=0.0000
2026-02-08 15:32:48.980 | INFO     | src.models.evaluation:evaluate_tsb_ad_nonoverlapping:83 - {'AUC-PR': 0.09087903498852873, 'AUC-ROC': 0.5026864357505328, 'VUS-PR': np.float64(0.06771352914689936), 'VUS-ROC': np.float64(0.2190246636606857), 'Standard-F1': np.float64(0.13195087855407503), 'PA-F1': 0.6594554270794479, 'Event-based-F1': np.float64(0.1599999999999995), 'R-based-F1': 0.14468237728088093, 'Affiliation-F': 0.6756804975541373}
2026-02-08 15:32:49.343 | INFO     | src.pipelines.train_vision_backbones:run_pipeline:70 - Using zip: /net/scratch/hscra/plgrid/plgsmendowski12/ts2i_images/IOPS/268_IOPS_id_9_WebService_tr_6216_1st_6316_ts2i_MTF.zip for transformation MTF
2026-02-08 15:32:50.024 | INFO     | src.pipelines.train_vision_backbones:run_pipeline:170 - Train images: 99
2026-02-08 15:32:50.024 | INFO     | src.pipelines.train_vision_backbones:run_pipeline:171 - Test images: 458
2026-02-08 15:32:50.031 | INFO     | src.pipelines.train_vision_backbones:run_pipeline:176 - Training cnn_autoencoder on MTF
2026-02-08 15:32:50.035 | INFO     | src.models.cnn_autoencoder.training:train_autoencoder:22 - Device: cuda | Model on: cuda:0
2026-02-08 15:33:15.622 | INFO     | src.pipelines.train_vision_backbones:run_pipeline:193 - Evaluating cnn_autoencoder on MTF
2026-02-08 15:33:16.015 | INFO     | src.models.evaluation:evaluate_tsb_ad_nonoverlapping:65 - Normal (21520) reconstruction error: mean=0.2611, std=0.1571
2026-02-08 15:33:16.015 | INFO     | src.models.evaluation:evaluate_tsb_ad_nonoverlapping:66 - Anomaly (1397) reconstruction error: mean=0.3233, std=0.1959
2026-02-08 15:33:16.015 | INFO     | src.models.evaluation:evaluate_tsb_ad_nonoverlapping:67 - Overlap? Normal max=1.0000, Anomaly min=0.0248
2026-02-08 15:33:20.537 | INFO     | src.models.evaluation:evaluate_tsb_ad_nonoverlapping:83 - {'AUC-PR': 0.09809050695338972, 'AUC-ROC': 0.5989346362226012, 'VUS-PR': np.float64(0.12057406879415554), 'VUS-ROC': np.float64(0.6367517943456054), 'Standard-F1': np.float64(0.18084283217504657), 'PA-F1': 0.8165328575676479, 'Event-based-F1': np.float64(0.23448275862068935), 'R-based-F1': 0.23316399182855305, 'Affiliation-F': 0.7642546258789622}
2026-02-08 15:33:20.689 | INFO     | src.pipelines.train_vision_backbones:run_pipeline:170 - Train images: 99
2026-02-08 15:33:20.690 | INFO     | src.pipelines.train_vision_backbones:run_pipeline:171 - Test images: 458
2026-02-08 15:33:20.902 | INFO     | src.pipelines.train_vision_backbones:run_pipeline:176 - Training resnet18_autoencoder_frozen on MTF
2026-02-08 15:33:20.915 | INFO     | src.models.resnet18_autoencoder.training:train_autoencoder_frozen:25 - Device: cuda | Model on: cuda:0
2026-02-08 15:33:44.182 | INFO     | src.pipelines.train_vision_backbones:run_pipeline:193 - Evaluating resnet18_autoencoder_frozen on MTF
2026-02-08 15:33:44.611 | INFO     | src.models.evaluation:evaluate_tsb_ad_nonoverlapping:65 - Normal (21520) reconstruction error: mean=0.2143, std=0.1424
2026-02-08 15:33:44.611 | INFO     | src.models.evaluation:evaluate_tsb_ad_nonoverlapping:66 - Anomaly (1397) reconstruction error: mean=0.2768, std=0.1934
2026-02-08 15:33:44.611 | INFO     | src.models.evaluation:evaluate_tsb_ad_nonoverlapping:67 - Overlap? Normal max=1.0000, Anomaly min=0.0000
2026-02-08 15:33:48.762 | INFO     | src.models.evaluation:evaluate_tsb_ad_nonoverlapping:83 - {'AUC-PR': 0.1040568361481071, 'AUC-ROC': 0.6026284916163953, 'VUS-PR': np.float64(0.1279349062823567), 'VUS-ROC': np.float64(0.6442423769670276), 'Standard-F1': np.float64(0.1977822582877983), 'PA-F1': 0.8201011002081475, 'Event-based-F1': np.float64(0.2544090056285175), 'R-based-F1': 0.5325849135351176, 'Affiliation-F': 0.737761252065638}
2026-02-08 15:33:48.912 | INFO     | src.pipelines.train_vision_backbones:run_pipeline:170 - Train images: 99
2026-02-08 15:33:48.913 | INFO     | src.pipelines.train_vision_backbones:run_pipeline:171 - Test images: 458
2026-02-08 15:33:49.125 | INFO     | src.pipelines.train_vision_backbones:run_pipeline:176 - Training resnet18_autoencoder_progressive_unfreeze on MTF
2026-02-08 15:33:49.138 | INFO     | src.models.resnet18_autoencoder.training:train_autoencoder_progressive_unfreeze:133 - Device: cuda | Model on: cuda:0
2026-02-08 15:34:06.007 | INFO     | src.pipelines.train_vision_backbones:run_pipeline:193 - Evaluating resnet18_autoencoder_progressive_unfreeze on MTF
2026-02-08 15:34:06.435 | INFO     | src.models.evaluation:evaluate_tsb_ad_nonoverlapping:65 - Normal (21520) reconstruction error: mean=0.2270, std=0.1480
2026-02-08 15:34:06.435 | INFO     | src.models.evaluation:evaluate_tsb_ad_nonoverlapping:66 - Anomaly (1397) reconstruction error: mean=0.2903, std=0.2044
2026-02-08 15:34:06.435 | INFO     | src.models.evaluation:evaluate_tsb_ad_nonoverlapping:67 - Overlap? Normal max=1.0000, Anomaly min=0.0008
2026-02-08 15:34:10.674 | INFO     | src.models.evaluation:evaluate_tsb_ad_nonoverlapping:83 - {'AUC-PR': 0.10291254460004441, 'AUC-ROC': 0.5914038945642947, 'VUS-PR': np.float64(0.125789148066441), 'VUS-ROC': np.float64(0.6322067947343115), 'Standard-F1': np.float64(0.1874795919725247), 'PA-F1': 0.785083973811557, 'Event-based-F1': np.float64(0.27823613086770943), 'R-based-F1': 0.4107622287623199, 'Affiliation-F': 0.7338876120494064}
2026-02-08 15:34:10.831 | INFO     | src.pipelines.train_vision_backbones:run_pipeline:170 - Train images: 99
2026-02-08 15:34:10.831 | INFO     | src.pipelines.train_vision_backbones:run_pipeline:171 - Test images: 458
2026-02-08 15:34:11.058 | INFO     | src.pipelines.train_vision_backbones:run_pipeline:176 - Training resnet18_autoencoder_differential_lr on MTF
2026-02-08 15:34:11.071 | INFO     | src.models.resnet18_autoencoder.training:train_autoencoder_differential_lr:271 - Device: cuda | Model on: cuda:0
2026-02-08 15:34:36.413 | INFO     | src.pipelines.train_vision_backbones:run_pipeline:193 - Evaluating resnet18_autoencoder_differential_lr on MTF
2026-02-08 15:34:37.016 | INFO     | src.models.evaluation:evaluate_tsb_ad_nonoverlapping:65 - Normal (21520) reconstruction error: mean=0.2296, std=0.1478
2026-02-08 15:34:37.016 | INFO     | src.models.evaluation:evaluate_tsb_ad_nonoverlapping:66 - Anomaly (1397) reconstruction error: mean=0.3003, std=0.2077
2026-02-08 15:34:37.016 | INFO     | src.models.evaluation:evaluate_tsb_ad_nonoverlapping:67 - Overlap? Normal max=1.0000, Anomaly min=0.0007
2026-02-08 15:34:41.272 | INFO     | src.models.evaluation:evaluate_tsb_ad_nonoverlapping:83 - {'AUC-PR': 0.10959524377784374, 'AUC-ROC': 0.6051232161056752, 'VUS-PR': np.float64(0.13218202754119673), 'VUS-ROC': np.float64(0.6442534799821013), 'Standard-F1': np.float64(0.20125658430198978), 'PA-F1': 0.8324781165107153, 'Event-based-F1': np.float64(0.31908646003262603), 'R-based-F1': 0.4964767073238642, 'Affiliation-F': 0.7320374213753519}
2026-02-08 15:34:41.426 | INFO     | src.pipelines.train_vision_backbones:run_pipeline:170 - Train images: 99
2026-02-08 15:34:41.426 | INFO     | src.pipelines.train_vision_backbones:run_pipeline:171 - Test images: 458
2026-02-08 15:34:42.368 | INFO     | src.pipelines.train_vision_backbones:run_pipeline:176 - Training pvt_autoencoder_frozen on MTF
2026-02-08 15:34:42.392 | INFO     | src.models.pvt_autoencoder.training:train_pvt_autoencoder_frozen:24 - Device: cuda | Model on: cuda:0
2026-02-08 15:35:07.261 | INFO     | src.pipelines.train_vision_backbones:run_pipeline:193 - Evaluating pvt_autoencoder_frozen on MTF
2026-02-08 15:35:07.561 | INFO     | src.models.evaluation:evaluate_tsb_ad_nonoverlapping:65 - Normal (21520) reconstruction error: mean=0.2315, std=0.1498
2026-02-08 15:35:07.561 | INFO     | src.models.evaluation:evaluate_tsb_ad_nonoverlapping:66 - Anomaly (1397) reconstruction error: mean=0.3033, std=0.2063
2026-02-08 15:35:07.561 | INFO     | src.models.evaluation:evaluate_tsb_ad_nonoverlapping:67 - Overlap? Normal max=1.0000, Anomaly min=0.0017
2026-02-08 15:35:11.840 | INFO     | src.models.evaluation:evaluate_tsb_ad_nonoverlapping:83 - {'AUC-PR': 0.10991553420316927, 'AUC-ROC': 0.605065005867592, 'VUS-PR': np.float64(0.13386030612806146), 'VUS-ROC': np.float64(0.6421223894845104), 'Standard-F1': np.float64(0.21412917775644164), 'PA-F1': 0.8416234360695758, 'Event-based-F1': np.float64(0.33172541743970274), 'R-based-F1': 0.4963814720698438, 'Affiliation-F': 0.7275524671767319}
2026-02-08 15:35:11.992 | INFO     | src.pipelines.train_vision_backbones:run_pipeline:170 - Train images: 99
2026-02-08 15:35:11.992 | INFO     | src.pipelines.train_vision_backbones:run_pipeline:171 - Test images: 458
2026-02-08 15:35:12.936 | INFO     | src.pipelines.train_vision_backbones:run_pipeline:176 - Training pvt_autoencoder_progressive_unfreeze on MTF
2026-02-08 15:35:12.960 | INFO     | src.models.pvt_autoencoder.training:train_pvt_autoencoder_progressive_unfreeze:132 - Device: cuda | Model on: cuda:0
2026-02-08 15:35:35.805 | INFO     | src.pipelines.train_vision_backbones:run_pipeline:193 - Evaluating pvt_autoencoder_progressive_unfreeze on MTF
2026-02-08 15:35:36.106 | INFO     | src.models.evaluation:evaluate_tsb_ad_nonoverlapping:65 - Normal (21520) reconstruction error: mean=0.2479, std=0.1577
2026-02-08 15:35:36.107 | INFO     | src.models.evaluation:evaluate_tsb_ad_nonoverlapping:66 - Anomaly (1397) reconstruction error: mean=0.3214, std=0.2244
2026-02-08 15:35:36.107 | INFO     | src.models.evaluation:evaluate_tsb_ad_nonoverlapping:67 - Overlap? Normal max=1.0000, Anomaly min=0.0016
2026-02-08 15:35:40.512 | INFO     | src.models.evaluation:evaluate_tsb_ad_nonoverlapping:83 - {'AUC-PR': 0.10900319646221787, 'AUC-ROC': 0.6005894701338238, 'VUS-PR': np.float64(0.1300454828184423), 'VUS-ROC': np.float64(0.6363487296041984), 'Standard-F1': np.float64(0.19330585729965827), 'PA-F1': 0.8341921794483177, 'Event-based-F1': np.float64(0.3410430839002263), 'R-based-F1': 0.4964767073238642, 'Affiliation-F': 0.7194265537237639}
2026-02-08 15:35:40.667 | INFO     | src.pipelines.train_vision_backbones:run_pipeline:170 - Train images: 99
2026-02-08 15:35:40.668 | INFO     | src.pipelines.train_vision_backbones:run_pipeline:171 - Test images: 458
2026-02-08 15:35:41.608 | INFO     | src.pipelines.train_vision_backbones:run_pipeline:176 - Training pvt_autoencoder_differential_lr on MTF
2026-02-08 15:35:41.631 | INFO     | src.models.pvt_autoencoder.training:train_pvt_autoencoder_differential_lr:267 - Device: cuda | Model on: cuda:0
2026-02-08 15:36:16.847 | INFO     | src.pipelines.train_vision_backbones:run_pipeline:193 - Evaluating pvt_autoencoder_differential_lr on MTF
2026-02-08 15:36:17.143 | INFO     | src.models.evaluation:evaluate_tsb_ad_nonoverlapping:65 - Normal (21520) reconstruction error: mean=0.2570, std=0.1616
2026-02-08 15:36:17.143 | INFO     | src.models.evaluation:evaluate_tsb_ad_nonoverlapping:66 - Anomaly (1397) reconstruction error: mean=0.3235, std=0.2153
2026-02-08 15:36:17.143 | INFO     | src.models.evaluation:evaluate_tsb_ad_nonoverlapping:67 - Overlap? Normal max=1.0000, Anomaly min=0.0000
2026-02-08 15:36:21.589 | INFO     | src.models.evaluation:evaluate_tsb_ad_nonoverlapping:83 - {'AUC-PR': 0.10188817117055389, 'AUC-ROC': 0.5952025283866382, 'VUS-PR': np.float64(0.12113728930827185), 'VUS-ROC': np.float64(0.6349231731852113), 'Standard-F1': np.float64(0.18363318134076537), 'PA-F1': 0.7833760318815827, 'Event-based-F1': np.float64(0.26015891032917104), 'R-based-F1': 0.582410939696101, 'Affiliation-F': 0.7275056096451369}
2026-02-08 15:36:22.236 | INFO     | src.pipelines.train_vision_backbones:run_pipeline:70 - Using zip: /net/scratch/hscra/plgrid/plgsmendowski12/ts2i_images/IOPS/268_IOPS_id_9_WebService_tr_6216_1st_6316_ts2i_RP.zip for transformation RP
2026-02-08 15:36:22.902 | INFO     | src.pipelines.train_vision_backbones:run_pipeline:170 - Train images: 99
2026-02-08 15:36:22.902 | INFO     | src.pipelines.train_vision_backbones:run_pipeline:171 - Test images: 458
2026-02-08 15:36:22.908 | INFO     | src.pipelines.train_vision_backbones:run_pipeline:176 - Training cnn_autoencoder on RP
2026-02-08 15:36:22.913 | INFO     | src.models.cnn_autoencoder.training:train_autoencoder:22 - Device: cuda | Model on: cuda:0
2026-02-08 15:36:44.491 | INFO     | src.pipelines.train_vision_backbones:run_pipeline:193 - Evaluating cnn_autoencoder on RP
2026-02-08 15:36:44.865 | INFO     | src.models.evaluation:evaluate_tsb_ad_nonoverlapping:65 - Normal (21520) reconstruction error: mean=0.3890, std=0.1652
2026-02-08 15:36:44.865 | INFO     | src.models.evaluation:evaluate_tsb_ad_nonoverlapping:66 - Anomaly (1397) reconstruction error: mean=0.4270, std=0.1852
2026-02-08 15:36:44.865 | INFO     | src.models.evaluation:evaluate_tsb_ad_nonoverlapping:67 - Overlap? Normal max=1.0000, Anomaly min=0.1945
2026-02-08 15:36:50.277 | INFO     | src.models.evaluation:evaluate_tsb_ad_nonoverlapping:83 - {'AUC-PR': 0.0879711491203185, 'AUC-ROC': 0.5463612447544259, 'VUS-PR': np.float64(0.0911054927468081), 'VUS-ROC': np.float64(0.49255561746847915), 'Standard-F1': np.float64(0.1867956541487313), 'PA-F1': 0.8317202622541368, 'Event-based-F1': np.float64(0.2234042553191485), 'R-based-F1': 0.1906274703097827, 'Affiliation-F': 0.6962832388947742}
2026-02-08 15:36:50.427 | INFO     | src.pipelines.train_vision_backbones:run_pipeline:170 - Train images: 99
2026-02-08 15:36:50.428 | INFO     | src.pipelines.train_vision_backbones:run_pipeline:171 - Test images: 458
2026-02-08 15:36:50.639 | INFO     | src.pipelines.train_vision_backbones:run_pipeline:176 - Training resnet18_autoencoder_frozen on RP
2026-02-08 15:36:50.652 | INFO     | src.models.resnet18_autoencoder.training:train_autoencoder_frozen:25 - Device: cuda | Model on: cuda:0
2026-02-08 15:37:12.677 | INFO     | src.pipelines.train_vision_backbones:run_pipeline:193 - Evaluating resnet18_autoencoder_frozen on RP
2026-02-08 15:37:13.087 | INFO     | src.models.evaluation:evaluate_tsb_ad_nonoverlapping:65 - Normal (21520) reconstruction error: mean=0.4323, std=0.1542
2026-02-08 15:37:13.087 | INFO     | src.models.evaluation:evaluate_tsb_ad_nonoverlapping:66 - Anomaly (1397) reconstruction error: mean=0.4640, std=0.1520
2026-02-08 15:37:13.087 | INFO     | src.models.evaluation:evaluate_tsb_ad_nonoverlapping:67 - Overlap? Normal max=1.0000, Anomaly min=0.2352
2026-02-08 15:37:18.799 | INFO     | src.models.evaluation:evaluate_tsb_ad_nonoverlapping:83 - {'AUC-PR': 0.08001532357354194, 'AUC-ROC': 0.5481381538506571, 'VUS-PR': np.float64(0.08553142473929844), 'VUS-ROC': np.float64(0.5307972918232806), 'Standard-F1': np.float64(0.1433547791096222), 'PA-F1': 0.6651668541432321, 'Event-based-F1': np.float64(0.1715592135345219), 'R-based-F1': 0.1564482440374994, 'Affiliation-F': 0.7115207361408988}
2026-02-08 15:37:18.954 | INFO     | src.pipelines.train_vision_backbones:run_pipeline:170 - Train images: 99
2026-02-08 15:37:18.954 | INFO     | src.pipelines.train_vision_backbones:run_pipeline:171 - Test images: 458
2026-02-08 15:37:19.166 | INFO     | src.pipelines.train_vision_backbones:run_pipeline:176 - Training resnet18_autoencoder_progressive_unfreeze on RP
2026-02-08 15:37:19.180 | INFO     | src.models.resnet18_autoencoder.training:train_autoencoder_progressive_unfreeze:133 - Device: cuda | Model on: cuda:0
2026-02-08 15:37:39.306 | INFO     | src.pipelines.train_vision_backbones:run_pipeline:193 - Evaluating resnet18_autoencoder_progressive_unfreeze on RP
2026-02-08 15:37:39.703 | INFO     | src.models.evaluation:evaluate_tsb_ad_nonoverlapping:65 - Normal (21520) reconstruction error: mean=0.4277, std=0.1599
2026-02-08 15:37:39.703 | INFO     | src.models.evaluation:evaluate_tsb_ad_nonoverlapping:66 - Anomaly (1397) reconstruction error: mean=0.4732, std=0.1502
2026-02-08 15:37:39.703 | INFO     | src.models.evaluation:evaluate_tsb_ad_nonoverlapping:67 - Overlap? Normal max=1.0000, Anomaly min=0.2639
2026-02-08 15:37:45.438 | INFO     | src.models.evaluation:evaluate_tsb_ad_nonoverlapping:83 - {'AUC-PR': 0.0853337885148355, 'AUC-ROC': 0.5754059582003923, 'VUS-PR': np.float64(0.08677864680427952), 'VUS-ROC': np.float64(0.5396191328773998), 'Standard-F1': np.float64(0.15056231956237623), 'PA-F1': 0.6243262245137099, 'Event-based-F1': np.float64(0.17142857142857099), 'R-based-F1': 0.14489944685047812, 'Affiliation-F': 0.6954001979351714}
2026-02-08 15:37:45.591 | INFO     | src.pipelines.train_vision_backbones:run_pipeline:170 - Train images: 99
2026-02-08 15:37:45.592 | INFO     | src.pipelines.train_vision_backbones:run_pipeline:171 - Test images: 458
2026-02-08 15:37:45.804 | INFO     | src.pipelines.train_vision_backbones:run_pipeline:176 - Training resnet18_autoencoder_differential_lr on RP
2026-02-08 15:37:45.818 | INFO     | src.models.resnet18_autoencoder.training:train_autoencoder_differential_lr:271 - Device: cuda | Model on: cuda:0
2026-02-08 15:38:14.580 | INFO     | src.pipelines.train_vision_backbones:run_pipeline:193 - Evaluating resnet18_autoencoder_differential_lr on RP
2026-02-08 15:38:14.907 | INFO     | src.models.evaluation:evaluate_tsb_ad_nonoverlapping:65 - Normal (21520) reconstruction error: mean=0.4289, std=0.1626
2026-02-08 15:38:14.908 | INFO     | src.models.evaluation:evaluate_tsb_ad_nonoverlapping:66 - Anomaly (1397) reconstruction error: mean=0.4670, std=0.1623
2026-02-08 15:38:14.908 | INFO     | src.models.evaluation:evaluate_tsb_ad_nonoverlapping:67 - Overlap? Normal max=1.0000, Anomaly min=0.2114
2026-02-08 15:38:20.652 | INFO     | src.models.evaluation:evaluate_tsb_ad_nonoverlapping:83 - {'AUC-PR': 0.07992568700676787, 'AUC-ROC': 0.5555108630283161, 'VUS-PR': np.float64(0.08799712114638321), 'VUS-ROC': np.float64(0.5452834392981301), 'Standard-F1': np.float64(0.14452357855578254), 'PA-F1': 0.8262356232514765, 'Event-based-F1': np.float64(0.19209726443768965), 'R-based-F1': 0.17121100228537797, 'Affiliation-F': 0.7150523547301347}
2026-02-08 15:38:20.805 | INFO     | src.pipelines.train_vision_backbones:run_pipeline:170 - Train images: 99
2026-02-08 15:38:20.805 | INFO     | src.pipelines.train_vision_backbones:run_pipeline:171 - Test images: 458
2026-02-08 15:38:21.752 | INFO     | src.pipelines.train_vision_backbones:run_pipeline:176 - Training pvt_autoencoder_frozen on RP
2026-02-08 15:38:21.775 | INFO     | src.models.pvt_autoencoder.training:train_pvt_autoencoder_frozen:24 - Device: cuda | Model on: cuda:0
2026-02-08 15:38:50.013 | INFO     | src.pipelines.train_vision_backbones:run_pipeline:193 - Evaluating pvt_autoencoder_frozen on RP
2026-02-08 15:38:51.803 | INFO     | src.models.evaluation:evaluate_tsb_ad_nonoverlapping:65 - Normal (21520) reconstruction error: mean=0.4175, std=0.1532
2026-02-08 15:38:51.803 | INFO     | src.models.evaluation:evaluate_tsb_ad_nonoverlapping:66 - Anomaly (1397) reconstruction error: mean=0.4570, std=0.1429
2026-02-08 15:38:51.803 | INFO     | src.models.evaluation:evaluate_tsb_ad_nonoverlapping:67 - Overlap? Normal max=1.0000, Anomaly min=0.2565
2026-02-08 15:38:57.424 | INFO     | src.models.evaluation:evaluate_tsb_ad_nonoverlapping:83 - {'AUC-PR': 0.08157615710978461, 'AUC-ROC': 0.569742467927822, 'VUS-PR': np.float64(0.08664467916735281), 'VUS-ROC': np.float64(0.5284203349960102), 'Standard-F1': np.float64(0.15315091508325204), 'PA-F1': 0.7622317596566524, 'Event-based-F1': np.float64(0.2173669467787111), 'R-based-F1': 0.18288254871357, 'Affiliation-F': 0.7110372416432658}
2026-02-08 15:38:57.575 | INFO     | src.pipelines.train_vision_backbones:run_pipeline:170 - Train images: 99
2026-02-08 15:38:57.575 | INFO     | src.pipelines.train_vision_backbones:run_pipeline:171 - Test images: 458
2026-02-08 15:38:58.514 | INFO     | src.pipelines.train_vision_backbones:run_pipeline:176 - Training pvt_autoencoder_progressive_unfreeze on RP
2026-02-08 15:38:58.537 | INFO     | src.models.pvt_autoencoder.training:train_pvt_autoencoder_progressive_unfreeze:132 - Device: cuda | Model on: cuda:0
2026-02-08 15:39:21.731 | INFO     | src.pipelines.train_vision_backbones:run_pipeline:193 - Evaluating pvt_autoencoder_progressive_unfreeze on RP
2026-02-08 15:39:22.432 | INFO     | src.models.evaluation:evaluate_tsb_ad_nonoverlapping:65 - Normal (21520) reconstruction error: mean=0.4463, std=0.1568
2026-02-08 15:39:22.432 | INFO     | src.models.evaluation:evaluate_tsb_ad_nonoverlapping:66 - Anomaly (1397) reconstruction error: mean=0.4881, std=0.1594
2026-02-08 15:39:22.432 | INFO     | src.models.evaluation:evaluate_tsb_ad_nonoverlapping:67 - Overlap? Normal max=1.0000, Anomaly min=0.2501
2026-02-08 15:39:28.272 | INFO     | src.models.evaluation:evaluate_tsb_ad_nonoverlapping:83 - {'AUC-PR': 0.08515157128407762, 'AUC-ROC': 0.5588546919447674, 'VUS-PR': np.float64(0.08867962378750145), 'VUS-ROC': np.float64(0.5267238079300982), 'Standard-F1': np.float64(0.15835991979847422), 'PA-F1': 0.7176131902643287, 'Event-based-F1': np.float64(0.22807017543859606), 'R-based-F1': 0.1844980401198985, 'Affiliation-F': 0.7065772873545505}
2026-02-08 15:39:28.427 | INFO     | src.pipelines.train_vision_backbones:run_pipeline:170 - Train images: 99
2026-02-08 15:39:28.427 | INFO     | src.pipelines.train_vision_backbones:run_pipeline:171 - Test images: 458
2026-02-08 15:39:29.371 | INFO     | src.pipelines.train_vision_backbones:run_pipeline:176 - Training pvt_autoencoder_differential_lr on RP
2026-02-08 15:39:29.394 | INFO     | src.models.pvt_autoencoder.training:train_pvt_autoencoder_differential_lr:267 - Device: cuda | Model on: cuda:0
2026-02-08 15:40:04.848 | INFO     | src.pipelines.train_vision_backbones:run_pipeline:193 - Evaluating pvt_autoencoder_differential_lr on RP
2026-02-08 15:40:06.264 | INFO     | src.models.evaluation:evaluate_tsb_ad_nonoverlapping:65 - Normal (21520) reconstruction error: mean=0.4241, std=0.1557
2026-02-08 15:40:06.265 | INFO     | src.models.evaluation:evaluate_tsb_ad_nonoverlapping:66 - Anomaly (1397) reconstruction error: mean=0.4626, std=0.1531
2026-02-08 15:40:06.265 | INFO     | src.models.evaluation:evaluate_tsb_ad_nonoverlapping:67 - Overlap? Normal max=1.0000, Anomaly min=0.2392
2026-02-08 15:40:11.934 | INFO     | src.models.evaluation:evaluate_tsb_ad_nonoverlapping:83 - {'AUC-PR': 0.08223944332844108, 'AUC-ROC': 0.5601460943923915, 'VUS-PR': np.float64(0.08853540083355219), 'VUS-ROC': np.float64(0.5336010842295551), 'Standard-F1': np.float64(0.15269267227571673), 'PA-F1': 0.7964125560538117, 'Event-based-F1': np.float64(0.22185505069470488), 'R-based-F1': 0.18972034200658167, 'Affiliation-F': 0.7037191870391684}
2026-02-08 15:40:12.299 | INFO     | src.pipelines.train_vision_backbones:run_pipeline:70 - Using zip: /net/scratch/hscra/plgrid/plgsmendowski12/ts2i_images/IOPS/268_IOPS_id_9_WebService_tr_6216_1st_6316_ts2i_RWT.zip for transformation RWT
2026-02-08 15:40:12.991 | INFO     | src.pipelines.train_vision_backbones:run_pipeline:170 - Train images: 99
2026-02-08 15:40:12.991 | INFO     | src.pipelines.train_vision_backbones:run_pipeline:171 - Test images: 458
2026-02-08 15:40:12.998 | INFO     | src.pipelines.train_vision_backbones:run_pipeline:176 - Training cnn_autoencoder on RWT
2026-02-08 15:40:13.002 | INFO     | src.models.cnn_autoencoder.training:train_autoencoder:22 - Device: cuda | Model on: cuda:0
2026-02-08 15:40:40.789 | INFO     | src.pipelines.train_vision_backbones:run_pipeline:193 - Evaluating cnn_autoencoder on RWT
2026-02-08 15:40:41.166 | INFO     | src.models.evaluation:evaluate_tsb_ad_nonoverlapping:65 - Normal (21520) reconstruction error: mean=0.0211, std=0.0821
2026-02-08 15:40:41.166 | INFO     | src.models.evaluation:evaluate_tsb_ad_nonoverlapping:66 - Anomaly (1397) reconstruction error: mean=0.0495, std=0.1249
2026-02-08 15:40:41.166 | INFO     | src.models.evaluation:evaluate_tsb_ad_nonoverlapping:67 - Overlap? Normal max=1.0000, Anomaly min=0.0017
2026-02-08 15:40:43.771 | INFO     | src.models.evaluation:evaluate_tsb_ad_nonoverlapping:83 - {'AUC-PR': 0.14388683967951435, 'AUC-ROC': 0.7784444993653421, 'VUS-PR': np.float64(0.17043587181432768), 'VUS-ROC': np.float64(0.8022247893995171), 'Standard-F1': np.float64(0.25203823712268225), 'PA-F1': 0.8030525388905195, 'Event-based-F1': np.float64(0.29491173416407024), 'R-based-F1': 0.2888762575349564, 'Affiliation-F': 0.7547221581121448}
2026-02-08 15:40:43.927 | INFO     | src.pipelines.train_vision_backbones:run_pipeline:170 - Train images: 99
2026-02-08 15:40:43.927 | INFO     | src.pipelines.train_vision_backbones:run_pipeline:171 - Test images: 458
2026-02-08 15:40:44.140 | INFO     | src.pipelines.train_vision_backbones:run_pipeline:176 - Training resnet18_autoencoder_frozen on RWT
2026-02-08 15:40:44.153 | INFO     | src.models.resnet18_autoencoder.training:train_autoencoder_frozen:25 - Device: cuda | Model on: cuda:0
2026-02-08 15:41:07.824 | INFO     | src.pipelines.train_vision_backbones:run_pipeline:193 - Evaluating resnet18_autoencoder_frozen on RWT
2026-02-08 15:41:08.227 | INFO     | src.models.evaluation:evaluate_tsb_ad_nonoverlapping:65 - Normal (21520) reconstruction error: mean=0.0388, std=0.0865
2026-02-08 15:41:08.227 | INFO     | src.models.evaluation:evaluate_tsb_ad_nonoverlapping:66 - Anomaly (1397) reconstruction error: mean=0.0975, std=0.1434
2026-02-08 15:41:08.227 | INFO     | src.models.evaluation:evaluate_tsb_ad_nonoverlapping:67 - Overlap? Normal max=1.0000, Anomaly min=0.0072
2026-02-08 15:41:10.987 | INFO     | src.models.evaluation:evaluate_tsb_ad_nonoverlapping:83 - {'AUC-PR': 0.15512169544116663, 'AUC-ROC': 0.7856376216427661, 'VUS-PR': np.float64(0.17730051249090661), 'VUS-ROC': np.float64(0.8001964976523424), 'Standard-F1': np.float64(0.24606887962807136), 'PA-F1': 0.8418131359851989, 'Event-based-F1': np.float64(0.30828025477706966), 'R-based-F1': 0.2878594451115465, 'Affiliation-F': 0.7347320689573379}
2026-02-08 15:41:11.157 | INFO     | src.pipelines.train_vision_backbones:run_pipeline:170 - Train images: 99
2026-02-08 15:41:11.157 | INFO     | src.pipelines.train_vision_backbones:run_pipeline:171 - Test images: 458
2026-02-08 15:41:11.369 | INFO     | src.pipelines.train_vision_backbones:run_pipeline:176 - Training resnet18_autoencoder_progressive_unfreeze on RWT
2026-02-08 15:41:11.383 | INFO     | src.models.resnet18_autoencoder.training:train_autoencoder_progressive_unfreeze:133 - Device: cuda | Model on: cuda:0
2026-02-08 15:41:29.115 | INFO     | src.pipelines.train_vision_backbones:run_pipeline:193 - Evaluating resnet18_autoencoder_progressive_unfreeze on RWT
2026-02-08 15:41:29.520 | INFO     | src.models.evaluation:evaluate_tsb_ad_nonoverlapping:65 - Normal (21520) reconstruction error: mean=0.0300, std=0.0808
2026-02-08 15:41:29.520 | INFO     | src.models.evaluation:evaluate_tsb_ad_nonoverlapping:66 - Anomaly (1397) reconstruction error: mean=0.0802, std=0.1384
2026-02-08 15:41:29.520 | INFO     | src.models.evaluation:evaluate_tsb_ad_nonoverlapping:67 - Overlap? Normal max=1.0000, Anomaly min=0.0052
2026-02-08 15:41:32.198 | INFO     | src.models.evaluation:evaluate_tsb_ad_nonoverlapping:83 - {'AUC-PR': 0.16382597232368953, 'AUC-ROC': 0.8111204007259316, 'VUS-PR': np.float64(0.1880135947824258), 'VUS-ROC': np.float64(0.826430677006279), 'Standard-F1': np.float64(0.2936021665904162), 'PA-F1': 0.8767299645960733, 'Event-based-F1': np.float64(0.2923478910041057), 'R-based-F1': 0.3001461283634388, 'Affiliation-F': 0.7385227484294408}
2026-02-08 15:41:32.356 | INFO     | src.pipelines.train_vision_backbones:run_pipeline:170 - Train images: 99
2026-02-08 15:41:32.356 | INFO     | src.pipelines.train_vision_backbones:run_pipeline:171 - Test images: 458
2026-02-08 15:41:32.567 | INFO     | src.pipelines.train_vision_backbones:run_pipeline:176 - Training resnet18_autoencoder_differential_lr on RWT
2026-02-08 15:41:32.581 | INFO     | src.models.resnet18_autoencoder.training:train_autoencoder_differential_lr:271 - Device: cuda | Model on: cuda:0
2026-02-08 15:41:49.758 | INFO     | src.pipelines.train_vision_backbones:run_pipeline:193 - Evaluating resnet18_autoencoder_differential_lr on RWT
2026-02-08 15:41:50.086 | INFO     | src.models.evaluation:evaluate_tsb_ad_nonoverlapping:65 - Normal (21520) reconstruction error: mean=0.0388, std=0.1075
2026-02-08 15:41:50.087 | INFO     | src.models.evaluation:evaluate_tsb_ad_nonoverlapping:66 - Anomaly (1397) reconstruction error: mean=0.0972, std=0.1884
2026-02-08 15:41:50.087 | INFO     | src.models.evaluation:evaluate_tsb_ad_nonoverlapping:67 - Overlap? Normal max=1.0000, Anomaly min=0.0045
2026-02-08 15:41:52.859 | INFO     | src.models.evaluation:evaluate_tsb_ad_nonoverlapping:83 - {'AUC-PR': 0.14460556837960178, 'AUC-ROC': 0.7744712348287488, 'VUS-PR': np.float64(0.16654350334596715), 'VUS-ROC': np.float64(0.797688944569639), 'Standard-F1': np.float64(0.25981988104614584), 'PA-F1': 0.9058862653807782, 'Event-based-F1': np.float64(0.2784982935153578), 'R-based-F1': 0.283630799562865, 'Affiliation-F': 0.7416455212368516}
2026-02-08 15:41:53.013 | INFO     | src.pipelines.train_vision_backbones:run_pipeline:170 - Train images: 99
2026-02-08 15:41:53.013 | INFO     | src.pipelines.train_vision_backbones:run_pipeline:171 - Test images: 458
2026-02-08 15:41:53.963 | INFO     | src.pipelines.train_vision_backbones:run_pipeline:176 - Training pvt_autoencoder_frozen on RWT
2026-02-08 15:41:53.986 | INFO     | src.models.pvt_autoencoder.training:train_pvt_autoencoder_frozen:24 - Device: cuda | Model on: cuda:0
2026-02-08 15:42:16.989 | INFO     | src.pipelines.train_vision_backbones:run_pipeline:193 - Evaluating pvt_autoencoder_frozen on RWT
2026-02-08 15:42:17.279 | INFO     | src.models.evaluation:evaluate_tsb_ad_nonoverlapping:65 - Normal (21520) reconstruction error: mean=0.0453, std=0.1145
2026-02-08 15:42:17.279 | INFO     | src.models.evaluation:evaluate_tsb_ad_nonoverlapping:66 - Anomaly (1397) reconstruction error: mean=0.0870, std=0.1559
2026-02-08 15:42:17.280 | INFO     | src.models.evaluation:evaluate_tsb_ad_nonoverlapping:67 - Overlap? Normal max=1.0000, Anomaly min=0.0036
2026-02-08 15:42:20.068 | INFO     | src.models.evaluation:evaluate_tsb_ad_nonoverlapping:83 - {'AUC-PR': 0.11968188038938439, 'AUC-ROC': 0.7080117744343296, 'VUS-PR': np.float64(0.13641096079263765), 'VUS-ROC': np.float64(0.7395614645901982), 'Standard-F1': np.float64(0.22531579238239258), 'PA-F1': 0.8012914587613736, 'Event-based-F1': np.float64(0.23502824858757018), 'R-based-F1': 0.2617195441556792, 'Affiliation-F': 0.7389692057680567}
2026-02-08 15:42:20.220 | INFO     | src.pipelines.train_vision_backbones:run_pipeline:170 - Train images: 99
2026-02-08 15:42:20.220 | INFO     | src.pipelines.train_vision_backbones:run_pipeline:171 - Test images: 458
2026-02-08 15:42:21.190 | INFO     | src.pipelines.train_vision_backbones:run_pipeline:176 - Training pvt_autoencoder_progressive_unfreeze on RWT
2026-02-08 15:42:21.213 | INFO     | src.models.pvt_autoencoder.training:train_pvt_autoencoder_progressive_unfreeze:132 - Device: cuda | Model on: cuda:0
2026-02-08 15:42:46.297 | INFO     | src.pipelines.train_vision_backbones:run_pipeline:193 - Evaluating pvt_autoencoder_progressive_unfreeze on RWT
2026-02-08 15:42:47.325 | INFO     | src.models.evaluation:evaluate_tsb_ad_nonoverlapping:65 - Normal (21520) reconstruction error: mean=0.0339, std=0.0990
2026-02-08 15:42:47.325 | INFO     | src.models.evaluation:evaluate_tsb_ad_nonoverlapping:66 - Anomaly (1397) reconstruction error: mean=0.1019, std=0.1605
2026-02-08 15:42:47.326 | INFO     | src.models.evaluation:evaluate_tsb_ad_nonoverlapping:67 - Overlap? Normal max=1.0000, Anomaly min=0.0035
2026-02-08 15:42:50.053 | INFO     | src.models.evaluation:evaluate_tsb_ad_nonoverlapping:83 - {'AUC-PR': 0.18962512067494605, 'AUC-ROC': 0.8374480598361332, 'VUS-PR': np.float64(0.2205692308836716), 'VUS-ROC': np.float64(0.8574776485937489), 'Standard-F1': np.float64(0.31155183796984526), 'PA-F1': 0.8647450110864745, 'Event-based-F1': np.float64(0.3504761904761901), 'R-based-F1': 0.31710686567755814, 'Affiliation-F': 0.7701886601436665}
2026-02-08 15:42:50.210 | INFO     | src.pipelines.train_vision_backbones:run_pipeline:170 - Train images: 99
2026-02-08 15:42:50.210 | INFO     | src.pipelines.train_vision_backbones:run_pipeline:171 - Test images: 458
2026-02-08 15:42:51.195 | INFO     | src.pipelines.train_vision_backbones:run_pipeline:176 - Training pvt_autoencoder_differential_lr on RWT
2026-02-08 15:42:51.218 | INFO     | src.models.pvt_autoencoder.training:train_pvt_autoencoder_differential_lr:267 - Device: cuda | Model on: cuda:0
2026-02-08 15:43:12.164 | INFO     | src.pipelines.train_vision_backbones:run_pipeline:193 - Evaluating pvt_autoencoder_differential_lr on RWT
2026-02-08 15:43:13.257 | INFO     | src.models.evaluation:evaluate_tsb_ad_nonoverlapping:65 - Normal (21520) reconstruction error: mean=0.0305, std=0.0930
2026-02-08 15:43:13.257 | INFO     | src.models.evaluation:evaluate_tsb_ad_nonoverlapping:66 - Anomaly (1397) reconstruction error: mean=0.0764, std=0.1414
2026-02-08 15:43:13.257 | INFO     | src.models.evaluation:evaluate_tsb_ad_nonoverlapping:67 - Overlap? Normal max=1.0000, Anomaly min=0.0032
2026-02-08 15:43:15.945 | INFO     | src.models.evaluation:evaluate_tsb_ad_nonoverlapping:83 - {'AUC-PR': 0.15948917438015156, 'AUC-ROC': 0.7996513206738816, 'VUS-PR': np.float64(0.1860366748470717), 'VUS-ROC': np.float64(0.8240317033941886), 'Standard-F1': np.float64(0.2750346726727594), 'PA-F1': 0.8148369727789411, 'Event-based-F1': np.float64(0.2950333580429945), 'R-based-F1': 0.3195409811082776, 'Affiliation-F': 0.7542492750280133}
2026-02-08 15:43:16.302 | INFO     | src.pipelines.train_vision_backbones:run_pipeline:70 - Using zip: /net/scratch/hscra/plgrid/plgsmendowski12/ts2i_images/IOPS/268_IOPS_id_9_WebService_tr_6216_1st_6316_ts2i_MWT.zip for transformation MWT
2026-02-08 15:43:16.947 | INFO     | src.pipelines.train_vision_backbones:run_pipeline:170 - Train images: 99
2026-02-08 15:43:16.947 | INFO     | src.pipelines.train_vision_backbones:run_pipeline:171 - Test images: 458
2026-02-08 15:43:16.954 | INFO     | src.pipelines.train_vision_backbones:run_pipeline:176 - Training cnn_autoencoder on MWT
2026-02-08 15:43:16.958 | INFO     | src.models.cnn_autoencoder.training:train_autoencoder:22 - Device: cuda | Model on: cuda:0
2026-02-08 15:43:45.012 | INFO     | src.pipelines.train_vision_backbones:run_pipeline:193 - Evaluating cnn_autoencoder on MWT
2026-02-08 15:43:45.640 | INFO     | src.models.evaluation:evaluate_tsb_ad_nonoverlapping:65 - Normal (21520) reconstruction error: mean=0.0486, std=0.1190
2026-02-08 15:43:45.640 | INFO     | src.models.evaluation:evaluate_tsb_ad_nonoverlapping:66 - Anomaly (1397) reconstruction error: mean=0.0584, std=0.0751
2026-02-08 15:43:45.640 | INFO     | src.models.evaluation:evaluate_tsb_ad_nonoverlapping:67 - Overlap? Normal max=1.0000, Anomaly min=0.0052
2026-02-08 15:43:48.456 | INFO     | src.models.evaluation:evaluate_tsb_ad_nonoverlapping:83 - {'AUC-PR': 0.11177038487092703, 'AUC-ROC': 0.7497701360855578, 'VUS-PR': np.float64(0.13044879811078708), 'VUS-ROC': np.float64(0.7746841462982972), 'Standard-F1': np.float64(0.2449956882590089), 'PA-F1': 0.49220732149329466, 'Event-based-F1': np.float64(0.25227963525835845), 'R-based-F1': 0.2954404635956969, 'Affiliation-F': 0.7323259173290299}
2026-02-08 15:43:48.607 | INFO     | src.pipelines.train_vision_backbones:run_pipeline:170 - Train images: 99
2026-02-08 15:43:48.607 | INFO     | src.pipelines.train_vision_backbones:run_pipeline:171 - Test images: 458
2026-02-08 15:43:48.819 | INFO     | src.pipelines.train_vision_backbones:run_pipeline:176 - Training resnet18_autoencoder_frozen on MWT
2026-02-08 15:43:48.832 | INFO     | src.models.resnet18_autoencoder.training:train_autoencoder_frozen:25 - Device: cuda | Model on: cuda:0
2026-02-08 15:44:13.513 | INFO     | src.pipelines.train_vision_backbones:run_pipeline:193 - Evaluating resnet18_autoencoder_frozen on MWT
2026-02-08 15:44:13.920 | INFO     | src.models.evaluation:evaluate_tsb_ad_nonoverlapping:65 - Normal (21520) reconstruction error: mean=0.0912, std=0.1533
2026-02-08 15:44:13.920 | INFO     | src.models.evaluation:evaluate_tsb_ad_nonoverlapping:66 - Anomaly (1397) reconstruction error: mean=0.1513, std=0.1417
2026-02-08 15:44:13.920 | INFO     | src.models.evaluation:evaluate_tsb_ad_nonoverlapping:67 - Overlap? Normal max=1.0000, Anomaly min=0.0130
2026-02-08 15:44:17.128 | INFO     | src.models.evaluation:evaluate_tsb_ad_nonoverlapping:83 - {'AUC-PR': 0.11654354241945523, 'AUC-ROC': 0.7512669707791257, 'VUS-PR': np.float64(0.1381818808420073), 'VUS-ROC': np.float64(0.7709747307330633), 'Standard-F1': np.float64(0.2409782037278865), 'PA-F1': 0.6266697914225451, 'Event-based-F1': np.float64(0.25447535114293557), 'R-based-F1': 0.28434366339388484, 'Affiliation-F': 0.73409472883374}
2026-02-08 15:44:17.282 | INFO     | src.pipelines.train_vision_backbones:run_pipeline:170 - Train images: 99
2026-02-08 15:44:17.282 | INFO     | src.pipelines.train_vision_backbones:run_pipeline:171 - Test images: 458
2026-02-08 15:44:17.493 | INFO     | src.pipelines.train_vision_backbones:run_pipeline:176 - Training resnet18_autoencoder_progressive_unfreeze on MWT
2026-02-08 15:44:17.511 | INFO     | src.models.resnet18_autoencoder.training:train_autoencoder_progressive_unfreeze:133 - Device: cuda | Model on: cuda:0
2026-02-08 15:44:38.751 | INFO     | src.pipelines.train_vision_backbones:run_pipeline:193 - Evaluating resnet18_autoencoder_progressive_unfreeze on MWT
2026-02-08 15:44:39.165 | INFO     | src.models.evaluation:evaluate_tsb_ad_nonoverlapping:65 - Normal (21520) reconstruction error: mean=0.0606, std=0.1193
2026-02-08 15:44:39.165 | INFO     | src.models.evaluation:evaluate_tsb_ad_nonoverlapping:66 - Anomaly (1397) reconstruction error: mean=0.0884, std=0.0842
2026-02-08 15:44:39.165 | INFO     | src.models.evaluation:evaluate_tsb_ad_nonoverlapping:67 - Overlap? Normal max=1.0000, Anomaly min=0.0098
2026-02-08 15:44:42.074 | INFO     | src.models.evaluation:evaluate_tsb_ad_nonoverlapping:83 - {'AUC-PR': 0.11886652786106697, 'AUC-ROC': 0.7655600789530407, 'VUS-PR': np.float64(0.13703761468007777), 'VUS-ROC': np.float64(0.7869068964674051), 'Standard-F1': np.float64(0.2653900992146318), 'PA-F1': 0.513938934193059, 'Event-based-F1': np.float64(0.26433530470557953), 'R-based-F1': 0.30334896643434694, 'Affiliation-F': 0.746961774699652}
2026-02-08 15:44:42.237 | INFO     | src.pipelines.train_vision_backbones:run_pipeline:170 - Train images: 99
2026-02-08 15:44:42.237 | INFO     | src.pipelines.train_vision_backbones:run_pipeline:171 - Test images: 458
2026-02-08 15:44:42.448 | INFO     | src.pipelines.train_vision_backbones:run_pipeline:176 - Training resnet18_autoencoder_differential_lr on MWT
2026-02-08 15:44:42.462 | INFO     | src.models.resnet18_autoencoder.training:train_autoencoder_differential_lr:271 - Device: cuda | Model on: cuda:0
2026-02-08 15:45:10.056 | INFO     | src.pipelines.train_vision_backbones:run_pipeline:193 - Evaluating resnet18_autoencoder_differential_lr on MWT
2026-02-08 15:45:10.680 | INFO     | src.models.evaluation:evaluate_tsb_ad_nonoverlapping:65 - Normal (21520) reconstruction error: mean=0.0717, std=0.1328
2026-02-08 15:45:10.680 | INFO     | src.models.evaluation:evaluate_tsb_ad_nonoverlapping:66 - Anomaly (1397) reconstruction error: mean=0.1181, std=0.1073
2026-02-08 15:45:10.680 | INFO     | src.models.evaluation:evaluate_tsb_ad_nonoverlapping:67 - Overlap? Normal max=1.0000, Anomaly min=0.0072
2026-02-08 15:45:13.705 | INFO     | src.models.evaluation:evaluate_tsb_ad_nonoverlapping:83 - {'AUC-PR': 0.12070986831271545, 'AUC-ROC': 0.756910037573877, 'VUS-PR': np.float64(0.1420772703035528), 'VUS-ROC': np.float64(0.785695024976395), 'Standard-F1': np.float64(0.2605406953766756), 'PA-F1': 0.5277696150455481, 'Event-based-F1': np.float64(0.2710149001967948), 'R-based-F1': 0.42773308428873524, 'Affiliation-F': 0.752030275783172}
2026-02-08 15:45:13.860 | INFO     | src.pipelines.train_vision_backbones:run_pipeline:170 - Train images: 99
2026-02-08 15:45:13.860 | INFO     | src.pipelines.train_vision_backbones:run_pipeline:171 - Test images: 458
2026-02-08 15:45:15.867 | INFO     | src.pipelines.train_vision_backbones:run_pipeline:176 - Training pvt_autoencoder_frozen on MWT
2026-02-08 15:45:15.890 | INFO     | src.models.pvt_autoencoder.training:train_pvt_autoencoder_frozen:24 - Device: cuda | Model on: cuda:0
2026-02-08 15:45:44.175 | INFO     | src.pipelines.train_vision_backbones:run_pipeline:193 - Evaluating pvt_autoencoder_frozen on MWT
2026-02-08 15:45:45.200 | INFO     | src.models.evaluation:evaluate_tsb_ad_nonoverlapping:65 - Normal (21520) reconstruction error: mean=0.0712, std=0.1456
2026-02-08 15:45:45.201 | INFO     | src.models.evaluation:evaluate_tsb_ad_nonoverlapping:66 - Anomaly (1397) reconstruction error: mean=0.1026, std=0.1106
2026-02-08 15:45:45.201 | INFO     | src.models.evaluation:evaluate_tsb_ad_nonoverlapping:67 - Overlap? Normal max=1.0000, Anomaly min=0.0066
2026-02-08 15:45:48.211 | INFO     | src.models.evaluation:evaluate_tsb_ad_nonoverlapping:83 - {'AUC-PR': 0.11633739005528265, 'AUC-ROC': 0.7504220907520897, 'VUS-PR': np.float64(0.13448372532249075), 'VUS-ROC': np.float64(0.77750912288221), 'Standard-F1': np.float64(0.27232137794863026), 'PA-F1': 0.5317896389324961, 'Event-based-F1': np.float64(0.28308207705192606), 'R-based-F1': 0.32389386602209624, 'Affiliation-F': 0.7513344221605674}
2026-02-08 15:45:48.362 | INFO     | src.pipelines.train_vision_backbones:run_pipeline:170 - Train images: 99
2026-02-08 15:45:48.362 | INFO     | src.pipelines.train_vision_backbones:run_pipeline:171 - Test images: 458
2026-02-08 15:45:49.300 | INFO     | src.pipelines.train_vision_backbones:run_pipeline:176 - Training pvt_autoencoder_progressive_unfreeze on MWT
2026-02-08 15:45:49.323 | INFO     | src.models.pvt_autoencoder.training:train_pvt_autoencoder_progressive_unfreeze:132 - Device: cuda | Model on: cuda:0
2026-02-08 15:46:13.702 | INFO     | src.pipelines.train_vision_backbones:run_pipeline:193 - Evaluating pvt_autoencoder_progressive_unfreeze on MWT
2026-02-08 15:46:14.332 | INFO     | src.models.evaluation:evaluate_tsb_ad_nonoverlapping:65 - Normal (21520) reconstruction error: mean=0.0597, std=0.1222
2026-02-08 15:46:14.332 | INFO     | src.models.evaluation:evaluate_tsb_ad_nonoverlapping:66 - Anomaly (1397) reconstruction error: mean=0.0752, std=0.0750
2026-02-08 15:46:14.332 | INFO     | src.models.evaluation:evaluate_tsb_ad_nonoverlapping:67 - Overlap? Normal max=1.0000, Anomaly min=0.0044
2026-02-08 15:46:17.250 | INFO     | src.models.evaluation:evaluate_tsb_ad_nonoverlapping:83 - {'AUC-PR': 0.10719540982536901, 'AUC-ROC': 0.7288770845917831, 'VUS-PR': np.float64(0.12435091687251551), 'VUS-ROC': np.float64(0.760673358693333), 'Standard-F1': np.float64(0.2439050988541098), 'PA-F1': 0.54803981312208, 'Event-based-F1': np.float64(0.24747742963356323), 'R-based-F1': 0.42773308428873524, 'Affiliation-F': 0.7616712779413438}
2026-02-08 15:46:17.405 | INFO     | src.pipelines.train_vision_backbones:run_pipeline:170 - Train images: 99
2026-02-08 15:46:17.405 | INFO     | src.pipelines.train_vision_backbones:run_pipeline:171 - Test images: 458
2026-02-08 15:46:18.343 | INFO     | src.pipelines.train_vision_backbones:run_pipeline:176 - Training pvt_autoencoder_differential_lr on MWT
2026-02-08 15:46:18.367 | INFO     | src.models.pvt_autoencoder.training:train_pvt_autoencoder_differential_lr:267 - Device: cuda | Model on: cuda:0
2026-02-08 15:46:49.608 | INFO     | src.pipelines.train_vision_backbones:run_pipeline:193 - Evaluating pvt_autoencoder_differential_lr on MWT
2026-02-08 15:46:50.513 | INFO     | src.models.evaluation:evaluate_tsb_ad_nonoverlapping:65 - Normal (21520) reconstruction error: mean=0.0640, std=0.1303
2026-02-08 15:46:50.513 | INFO     | src.models.evaluation:evaluate_tsb_ad_nonoverlapping:66 - Anomaly (1397) reconstruction error: mean=0.0790, std=0.0794
2026-02-08 15:46:50.513 | INFO     | src.models.evaluation:evaluate_tsb_ad_nonoverlapping:67 - Overlap? Normal max=1.0000, Anomaly min=0.0047
2026-02-08 15:46:53.445 | INFO     | src.models.evaluation:evaluate_tsb_ad_nonoverlapping:83 - {'AUC-PR': 0.10657674541500738, 'AUC-ROC': 0.7294591869726152, 'VUS-PR': np.float64(0.12452310729411772), 'VUS-ROC': np.float64(0.7605890889167464), 'Standard-F1': np.float64(0.24637253539058976), 'PA-F1': 0.532912889239259, 'Event-based-F1': np.float64(0.24744964687418233), 'R-based-F1': 0.42773308428873524, 'Affiliation-F': 0.7449116245400201}
2026-02-08 15:46:53.826 | INFO     | src.pipelines.train_vision_backbones:run_pipeline:70 - Using zip: /net/scratch/hscra/plgrid/plgsmendowski12/ts2i_images/IOPS/268_IOPS_id_9_WebService_tr_6216_1st_6316_ts2i_SPIRAL.zip for transformation SPIRAL
2026-02-08 15:46:54.682 | INFO     | src.pipelines.train_vision_backbones:run_pipeline:170 - Train images: 99
2026-02-08 15:46:54.683 | INFO     | src.pipelines.train_vision_backbones:run_pipeline:171 - Test images: 458
2026-02-08 15:46:54.689 | INFO     | src.pipelines.train_vision_backbones:run_pipeline:176 - Training cnn_autoencoder on SPIRAL
2026-02-08 15:46:54.694 | INFO     | src.models.cnn_autoencoder.training:train_autoencoder:22 - Device: cuda | Model on: cuda:0
2026-02-08 15:47:22.242 | INFO     | src.pipelines.train_vision_backbones:run_pipeline:193 - Evaluating cnn_autoencoder on SPIRAL
2026-02-08 15:47:22.605 | INFO     | src.models.evaluation:evaluate_tsb_ad_nonoverlapping:65 - Normal (21520) reconstruction error: mean=0.1220, std=0.1344
2026-02-08 15:47:22.605 | INFO     | src.models.evaluation:evaluate_tsb_ad_nonoverlapping:66 - Anomaly (1397) reconstruction error: mean=0.1894, std=0.1700
2026-02-08 15:47:22.605 | INFO     | src.models.evaluation:evaluate_tsb_ad_nonoverlapping:67 - Overlap? Normal max=1.0000, Anomaly min=0.0745
2026-02-08 15:47:26.062 | INFO     | src.models.evaluation:evaluate_tsb_ad_nonoverlapping:83 - {'AUC-PR': 0.10915918116762804, 'AUC-ROC': 0.6897780992461274, 'VUS-PR': np.float64(0.1427546892966714), 'VUS-ROC': np.float64(0.7183049017187486), 'Standard-F1': np.float64(0.1929361331033709), 'PA-F1': 0.8483732351135667, 'Event-based-F1': np.float64(0.30966090850927663), 'R-based-F1': 0.28265690015055056, 'Affiliation-F': 0.7940387522481689}
2026-02-08 15:47:26.215 | INFO     | src.pipelines.train_vision_backbones:run_pipeline:170 - Train images: 99
2026-02-08 15:47:26.215 | INFO     | src.pipelines.train_vision_backbones:run_pipeline:171 - Test images: 458
2026-02-08 15:47:26.428 | INFO     | src.pipelines.train_vision_backbones:run_pipeline:176 - Training resnet18_autoencoder_frozen on SPIRAL
2026-02-08 15:47:26.442 | INFO     | src.models.resnet18_autoencoder.training:train_autoencoder_frozen:25 - Device: cuda | Model on: cuda:0
2026-02-08 15:47:42.567 | INFO     | src.pipelines.train_vision_backbones:run_pipeline:193 - Evaluating resnet18_autoencoder_frozen on SPIRAL
2026-02-08 15:47:42.966 | INFO     | src.models.evaluation:evaluate_tsb_ad_nonoverlapping:65 - Normal (21520) reconstruction error: mean=0.1132, std=0.1483
2026-02-08 15:47:42.966 | INFO     | src.models.evaluation:evaluate_tsb_ad_nonoverlapping:66 - Anomaly (1397) reconstruction error: mean=0.4968, std=0.3181
2026-02-08 15:47:42.966 | INFO     | src.models.evaluation:evaluate_tsb_ad_nonoverlapping:67 - Overlap? Normal max=0.9535, Anomaly min=0.0211
2026-02-08 15:47:46.490 | INFO     | src.models.evaluation:evaluate_tsb_ad_nonoverlapping:83 - {'AUC-PR': 0.48461354172395144, 'AUC-ROC': 0.8911509295010818, 'VUS-PR': np.float64(0.2713965115306176), 'VUS-ROC': np.float64(0.8029668787367125), 'Standard-F1': np.float64(0.47461078726158146), 'PA-F1': 0.9394261424017003, 'Event-based-F1': np.float64(0.32200886262924616), 'R-based-F1': 0.19076367531175883, 'Affiliation-F': 0.733605470982903}
2026-02-08 15:47:46.645 | INFO     | src.pipelines.train_vision_backbones:run_pipeline:170 - Train images: 99
2026-02-08 15:47:46.645 | INFO     | src.pipelines.train_vision_backbones:run_pipeline:171 - Test images: 458
2026-02-08 15:47:46.856 | INFO     | src.pipelines.train_vision_backbones:run_pipeline:176 - Training resnet18_autoencoder_progressive_unfreeze on SPIRAL
2026-02-08 15:47:46.870 | INFO     | src.models.resnet18_autoencoder.training:train_autoencoder_progressive_unfreeze:133 - Device: cuda | Model on: cuda:0
2026-02-08 15:48:12.401 | INFO     | src.pipelines.train_vision_backbones:run_pipeline:193 - Evaluating resnet18_autoencoder_progressive_unfreeze on SPIRAL
2026-02-08 15:48:12.797 | INFO     | src.models.evaluation:evaluate_tsb_ad_nonoverlapping:65 - Normal (21520) reconstruction error: mean=0.0997, std=0.1451
2026-02-08 15:48:12.797 | INFO     | src.models.evaluation:evaluate_tsb_ad_nonoverlapping:66 - Anomaly (1397) reconstruction error: mean=0.4328, std=0.2474
2026-02-08 15:48:12.797 | INFO     | src.models.evaluation:evaluate_tsb_ad_nonoverlapping:67 - Overlap? Normal max=1.0000, Anomaly min=0.0734
2026-02-08 15:48:16.169 | INFO     | src.models.evaluation:evaluate_tsb_ad_nonoverlapping:83 - {'AUC-PR': 0.3776329242289837, 'AUC-ROC': 0.9159088081736487, 'VUS-PR': np.float64(0.3415189270362464), 'VUS-ROC': np.float64(0.8821306443278194), 'Standard-F1': np.float64(0.5042177882876765), 'PA-F1': 0.8672397325692455, 'Event-based-F1': np.float64(0.5058884835852001), 'R-based-F1': 0.3454061352664731, 'Affiliation-F': 0.7547838998135191}
2026-02-08 15:48:16.326 | INFO     | src.pipelines.train_vision_backbones:run_pipeline:170 - Train images: 99
2026-02-08 15:48:16.326 | INFO     | src.pipelines.train_vision_backbones:run_pipeline:171 - Test images: 458
2026-02-08 15:48:16.537 | INFO     | src.pipelines.train_vision_backbones:run_pipeline:176 - Training resnet18_autoencoder_differential_lr on SPIRAL
2026-02-08 15:48:16.550 | INFO     | src.models.resnet18_autoencoder.training:train_autoencoder_differential_lr:271 - Device: cuda | Model on: cuda:0
2026-02-08 15:48:37.795 | INFO     | src.pipelines.train_vision_backbones:run_pipeline:193 - Evaluating resnet18_autoencoder_differential_lr on SPIRAL
2026-02-08 15:48:38.122 | INFO     | src.models.evaluation:evaluate_tsb_ad_nonoverlapping:65 - Normal (21520) reconstruction error: mean=0.0743, std=0.1190
2026-02-08 15:48:38.122 | INFO     | src.models.evaluation:evaluate_tsb_ad_nonoverlapping:66 - Anomaly (1397) reconstruction error: mean=0.4333, std=0.2904
2026-02-08 15:48:38.122 | INFO     | src.models.evaluation:evaluate_tsb_ad_nonoverlapping:67 - Overlap? Normal max=0.9189, Anomaly min=0.0532
2026-02-08 15:48:41.289 | INFO     | src.models.evaluation:evaluate_tsb_ad_nonoverlapping:83 - {'AUC-PR': 0.5085545164516566, 'AUC-ROC': 0.922242082077101, 'VUS-PR': np.float64(0.3921414703331519), 'VUS-ROC': np.float64(0.8971840306868615), 'Standard-F1': np.float64(0.5398591402022204), 'PA-F1': 0.9739258171134778, 'Event-based-F1': np.float64(0.48466569767441814), 'R-based-F1': 0.30613372660657945, 'Affiliation-F': 0.8189943911577793}
2026-02-08 15:48:41.440 | INFO     | src.pipelines.train_vision_backbones:run_pipeline:170 - Train images: 99
2026-02-08 15:48:41.441 | INFO     | src.pipelines.train_vision_backbones:run_pipeline:171 - Test images: 458
2026-02-08 15:48:42.419 | INFO     | src.pipelines.train_vision_backbones:run_pipeline:176 - Training pvt_autoencoder_frozen on SPIRAL
2026-02-08 15:48:42.441 | INFO     | src.models.pvt_autoencoder.training:train_pvt_autoencoder_frozen:24 - Device: cuda | Model on: cuda:0
2026-02-08 15:48:54.258 | INFO     | src.pipelines.train_vision_backbones:run_pipeline:193 - Evaluating pvt_autoencoder_frozen on SPIRAL
2026-02-08 15:48:54.541 | INFO     | src.models.evaluation:evaluate_tsb_ad_nonoverlapping:65 - Normal (21520) reconstruction error: mean=0.0345, std=0.0557
2026-02-08 15:48:54.541 | INFO     | src.models.evaluation:evaluate_tsb_ad_nonoverlapping:66 - Anomaly (1397) reconstruction error: mean=0.2810, std=0.2554
2026-02-08 15:48:54.541 | INFO     | src.models.evaluation:evaluate_tsb_ad_nonoverlapping:67 - Overlap? Normal max=0.4964, Anomaly min=0.0071
2026-02-08 15:48:57.352 | INFO     | src.models.evaluation:evaluate_tsb_ad_nonoverlapping:83 - {'AUC-PR': 0.568738404099064, 'AUC-ROC': 0.9177841092037372, 'VUS-PR': np.float64(0.400137520326184), 'VUS-ROC': np.float64(0.8831186134606539), 'Standard-F1': np.float64(0.5832968666152838), 'PA-F1': 0.9739258171134778, 'Event-based-F1': np.float64(0.4982778415614231), 'R-based-F1': 0.3375451413342502, 'Affiliation-F': 0.7864725683198251}
2026-02-08 15:48:57.522 | INFO     | src.pipelines.train_vision_backbones:run_pipeline:170 - Train images: 99
2026-02-08 15:48:57.522 | INFO     | src.pipelines.train_vision_backbones:run_pipeline:171 - Test images: 458
2026-02-08 15:48:58.495 | INFO     | src.pipelines.train_vision_backbones:run_pipeline:176 - Training pvt_autoencoder_progressive_unfreeze on SPIRAL
2026-02-08 15:48:58.522 | INFO     | src.models.pvt_autoencoder.training:train_pvt_autoencoder_progressive_unfreeze:132 - Device: cuda | Model on: cuda:0
2026-02-08 15:49:08.603 | INFO     | src.pipelines.train_vision_backbones:run_pipeline:193 - Evaluating pvt_autoencoder_progressive_unfreeze on SPIRAL
2026-02-08 15:49:08.887 | INFO     | src.models.evaluation:evaluate_tsb_ad_nonoverlapping:65 - Normal (21520) reconstruction error: mean=0.1346, std=0.1348
2026-02-08 15:49:08.887 | INFO     | src.models.evaluation:evaluate_tsb_ad_nonoverlapping:66 - Anomaly (1397) reconstruction error: mean=0.3734, std=0.1864
2026-02-08 15:49:08.887 | INFO     | src.models.evaluation:evaluate_tsb_ad_nonoverlapping:67 - Overlap? Normal max=1.0000, Anomaly min=0.0774
2026-02-08 15:49:12.503 | INFO     | src.models.evaluation:evaluate_tsb_ad_nonoverlapping:83 - {'AUC-PR': 0.29662777774749527, 'AUC-ROC': 0.8924294924333342, 'VUS-PR': np.float64(0.30028656917337815), 'VUS-ROC': np.float64(0.8311315466982996), 'Standard-F1': np.float64(0.44981454309020485), 'PA-F1': 0.9071112623341272, 'Event-based-F1': np.float64(0.5057654075546715), 'R-based-F1': 0.44465810360800223, 'Affiliation-F': 0.8426059958774675}
2026-02-08 15:49:12.660 | INFO     | src.pipelines.train_vision_backbones:run_pipeline:170 - Train images: 99
2026-02-08 15:49:12.660 | INFO     | src.pipelines.train_vision_backbones:run_pipeline:171 - Test images: 458
2026-02-08 15:49:13.640 | INFO     | src.pipelines.train_vision_backbones:run_pipeline:176 - Training pvt_autoencoder_differential_lr on SPIRAL
2026-02-08 15:49:13.663 | INFO     | src.models.pvt_autoencoder.training:train_pvt_autoencoder_differential_lr:267 - Device: cuda | Model on: cuda:0
2026-02-08 15:49:41.384 | INFO     | src.pipelines.train_vision_backbones:run_pipeline:193 - Evaluating pvt_autoencoder_differential_lr on SPIRAL
2026-02-08 15:49:42.128 | INFO     | src.models.evaluation:evaluate_tsb_ad_nonoverlapping:65 - Normal (21520) reconstruction error: mean=0.0899, std=0.1006
2026-02-08 15:49:42.128 | INFO     | src.models.evaluation:evaluate_tsb_ad_nonoverlapping:66 - Anomaly (1397) reconstruction error: mean=0.2040, std=0.1520
2026-02-08 15:49:42.128 | INFO     | src.models.evaluation:evaluate_tsb_ad_nonoverlapping:67 - Overlap? Normal max=1.0000, Anomaly min=0.0672
2026-02-08 15:49:45.299 | INFO     | src.models.evaluation:evaluate_tsb_ad_nonoverlapping:83 - {'AUC-PR': 0.20545220559509123, 'AUC-ROC': 0.8502620624918507, 'VUS-PR': np.float64(0.2466210615682211), 'VUS-ROC': np.float64(0.8664642942360435), 'Standard-F1': np.float64(0.33397892195059165), 'PA-F1': 0.8656435953648607, 'Event-based-F1': np.float64(0.3607427055702914), 'R-based-F1': 0.32852100615068436, 'Affiliation-F': 0.8106333634789125}
2026-02-08 15:49:45.696 | INFO     | src.pipelines.train_vision_backbones:run_pipeline:70 - Using zip: /net/scratch/hscra/plgrid/plgsmendowski12/ts2i_images/IOPS/269_IOPS_id_10_WebService_tr_1216_1st_1728_ts2i_RN.zip for transformation RN
2026-02-08 15:49:45.843 | INFO     | src.pipelines.train_vision_backbones:run_pipeline:170 - Train images: 22
2026-02-08 15:49:45.843 | INFO     | src.pipelines.train_vision_backbones:run_pipeline:171 - Test images: 86
2026-02-08 15:49:45.851 | INFO     | src.pipelines.train_vision_backbones:run_pipeline:176 - Training cnn_autoencoder on RN
2026-02-08 15:49:45.856 | INFO     | src.models.cnn_autoencoder.training:train_autoencoder:22 - Device: cuda | Model on: cuda:0
2026-02-08 15:49:54.922 | INFO     | src.pipelines.train_vision_backbones:run_pipeline:193 - Evaluating cnn_autoencoder on RN
2026-02-08 15:49:54.999 | INFO     | src.models.evaluation:evaluate_tsb_ad_nonoverlapping:65 - Normal (3601) reconstruction error: mean=0.3943, std=0.2015
2026-02-08 15:49:54.999 | INFO     | src.models.evaluation:evaluate_tsb_ad_nonoverlapping:66 - Anomaly (49) reconstruction error: mean=0.4081, std=0.1382
2026-02-08 15:49:54.999 | INFO     | src.models.evaluation:evaluate_tsb_ad_nonoverlapping:67 - Overlap? Normal max=1.0000, Anomaly min=0.0403
2026-02-08 15:49:55.825 | INFO     | src.models.evaluation:evaluate_tsb_ad_nonoverlapping:83 - {'AUC-PR': 0.025456852919839512, 'AUC-ROC': 0.5788443119541623, 'VUS-PR': np.float64(0.023150317247640925), 'VUS-ROC': np.float64(0.32547546786168075), 'Standard-F1': np.float64(0.06173657895388177), 'PA-F1': 0.07590467784642542, 'Event-based-F1': np.float64(0.05680317040951112), 'R-based-F1': 0.03100216294160057, 'Affiliation-F': 0.7171909358529913}
2026-02-08 15:49:55.978 | INFO     | src.pipelines.train_vision_backbones:run_pipeline:170 - Train images: 22
2026-02-08 15:49:55.978 | INFO     | src.pipelines.train_vision_backbones:run_pipeline:171 - Test images: 86
2026-02-08 15:49:56.192 | INFO     | src.pipelines.train_vision_backbones:run_pipeline:176 - Training resnet18_autoencoder_frozen on RN
2026-02-08 15:49:56.205 | INFO     | src.models.resnet18_autoencoder.training:train_autoencoder_frozen:25 - Device: cuda | Model on: cuda:0
2026-02-08 15:50:04.916 | INFO     | src.pipelines.train_vision_backbones:run_pipeline:193 - Evaluating resnet18_autoencoder_frozen on RN
2026-02-08 15:50:05.003 | INFO     | src.models.evaluation:evaluate_tsb_ad_nonoverlapping:65 - Normal (3601) reconstruction error: mean=0.4933, std=0.2313
2026-02-08 15:50:05.003 | INFO     | src.models.evaluation:evaluate_tsb_ad_nonoverlapping:66 - Anomaly (49) reconstruction error: mean=0.6065, std=0.1584
2026-02-08 15:50:05.003 | INFO     | src.models.evaluation:evaluate_tsb_ad_nonoverlapping:67 - Overlap? Normal max=1.0000, Anomaly min=0.1824
2026-02-08 15:50:05.925 | INFO     | src.models.evaluation:evaluate_tsb_ad_nonoverlapping:83 - {'AUC-PR': 0.0359755583939231, 'AUC-ROC': 0.6769123089391268, 'VUS-PR': np.float64(0.029910812063260406), 'VUS-ROC': np.float64(0.4091913432291621), 'Standard-F1': np.float64(0.08838547724829277), 'PA-F1': 0.08911917098445596, 'Event-based-F1': np.float64(0.08514851485148499), 'R-based-F1': 0.043522267206477734, 'Affiliation-F': 0.6923607045117192}
2026-02-08 15:50:06.079 | INFO     | src.pipelines.train_vision_backbones:run_pipeline:170 - Train images: 22
2026-02-08 15:50:06.079 | INFO     | src.pipelines.train_vision_backbones:run_pipeline:171 - Test images: 86
2026-02-08 15:50:06.292 | INFO     | src.pipelines.train_vision_backbones:run_pipeline:176 - Training resnet18_autoencoder_progressive_unfreeze on RN
2026-02-08 15:50:06.306 | INFO     | src.models.resnet18_autoencoder.training:train_autoencoder_progressive_unfreeze:133 - Device: cuda | Model on: cuda:0
2026-02-08 15:50:15.466 | INFO     | src.pipelines.train_vision_backbones:run_pipeline:193 - Evaluating resnet18_autoencoder_progressive_unfreeze on RN
2026-02-08 15:50:15.631 | INFO     | src.models.evaluation:evaluate_tsb_ad_nonoverlapping:65 - Normal (3601) reconstruction error: mean=0.4812, std=0.1979
2026-02-08 15:50:15.631 | INFO     | src.models.evaluation:evaluate_tsb_ad_nonoverlapping:66 - Anomaly (49) reconstruction error: mean=0.6162, std=0.1652
2026-02-08 15:50:15.631 | INFO     | src.models.evaluation:evaluate_tsb_ad_nonoverlapping:67 - Overlap? Normal max=1.0000, Anomaly min=0.1937
2026-02-08 15:50:16.542 | INFO     | src.models.evaluation:evaluate_tsb_ad_nonoverlapping:83 - {'AUC-PR': 0.055081409686142536, 'AUC-ROC': 0.7392759380897596, 'VUS-PR': np.float64(0.04057851528529073), 'VUS-ROC': np.float64(0.4357564159670607), 'Standard-F1': np.float64(0.12296402684841665), 'PA-F1': 0.15302491103202848, 'Event-based-F1': np.float64(0.11888111888111867), 'R-based-F1': 0.09022444925430664, 'Affiliation-F': 0.7368217292138156}
2026-02-08 15:50:16.696 | INFO     | src.pipelines.train_vision_backbones:run_pipeline:170 - Train images: 22
2026-02-08 15:50:16.696 | INFO     | src.pipelines.train_vision_backbones:run_pipeline:171 - Test images: 86
2026-02-08 15:50:16.907 | INFO     | src.pipelines.train_vision_backbones:run_pipeline:176 - Training resnet18_autoencoder_differential_lr on RN
2026-02-08 15:50:16.921 | INFO     | src.models.resnet18_autoencoder.training:train_autoencoder_differential_lr:271 - Device: cuda | Model on: cuda:0
2026-02-08 15:50:26.988 | INFO     | src.pipelines.train_vision_backbones:run_pipeline:193 - Evaluating resnet18_autoencoder_differential_lr on RN
2026-02-08 15:50:27.061 | INFO     | src.models.evaluation:evaluate_tsb_ad_nonoverlapping:65 - Normal (3601) reconstruction error: mean=0.5147, std=0.2094
2026-02-08 15:50:27.061 | INFO     | src.models.evaluation:evaluate_tsb_ad_nonoverlapping:66 - Anomaly (49) reconstruction error: mean=0.6309, std=0.1324
2026-02-08 15:50:27.061 | INFO     | src.models.evaluation:evaluate_tsb_ad_nonoverlapping:67 - Overlap? Normal max=1.0000, Anomaly min=0.2771
2026-02-08 15:50:27.999 | INFO     | src.models.evaluation:evaluate_tsb_ad_nonoverlapping:83 - {'AUC-PR': 0.04624579136579536, 'AUC-ROC': 0.7316590062851022, 'VUS-PR': np.float64(0.03616154469765282), 'VUS-ROC': np.float64(0.44416156099499376), 'Standard-F1': np.float64(0.11271177319208239), 'PA-F1': 0.11390728476821192, 'Event-based-F1': np.float64(0.10213776722090243), 'R-based-F1': 0.05842391304347826, 'Affiliation-F': 0.6891186618104933}
2026-02-08 15:50:28.152 | INFO     | src.pipelines.train_vision_backbones:run_pipeline:170 - Train images: 22
2026-02-08 15:50:28.153 | INFO     | src.pipelines.train_vision_backbones:run_pipeline:171 - Test images: 86
2026-02-08 15:50:29.138 | INFO     | src.pipelines.train_vision_backbones:run_pipeline:176 - Training pvt_autoencoder_frozen on RN
2026-02-08 15:50:29.161 | INFO     | src.models.pvt_autoencoder.training:train_pvt_autoencoder_frozen:24 - Device: cuda | Model on: cuda:0
2026-02-08 15:50:40.198 | INFO     | src.pipelines.train_vision_backbones:run_pipeline:193 - Evaluating pvt_autoencoder_frozen on RN
2026-02-08 15:50:40.271 | INFO     | src.models.evaluation:evaluate_tsb_ad_nonoverlapping:65 - Normal (3601) reconstruction error: mean=0.5246, std=0.2109
2026-02-08 15:50:40.272 | INFO     | src.models.evaluation:evaluate_tsb_ad_nonoverlapping:66 - Anomaly (49) reconstruction error: mean=0.6679, std=0.1393
2026-02-08 15:50:40.272 | INFO     | src.models.evaluation:evaluate_tsb_ad_nonoverlapping:67 - Overlap? Normal max=1.0000, Anomaly min=0.2994
2026-02-08 15:50:41.231 | INFO     | src.models.evaluation:evaluate_tsb_ad_nonoverlapping:83 - {'AUC-PR': 0.04787699248688161, 'AUC-ROC': 0.7357055013063265, 'VUS-PR': np.float64(0.03704966462317533), 'VUS-ROC': np.float64(0.45623015766528296), 'Standard-F1': np.float64(0.10014593627954044), 'PA-F1': 0.125, 'Event-based-F1': np.float64(0.09742120343839523), 'R-based-F1': 0.07377863983513153, 'Affiliation-F': 0.7251397236456306}
2026-02-08 15:50:41.382 | INFO     | src.pipelines.train_vision_backbones:run_pipeline:170 - Train images: 22
2026-02-08 15:50:41.382 | INFO     | src.pipelines.train_vision_backbones:run_pipeline:171 - Test images: 86
2026-02-08 15:50:42.353 | INFO     | src.pipelines.train_vision_backbones:run_pipeline:176 - Training pvt_autoencoder_progressive_unfreeze on RN
2026-02-08 15:50:42.377 | INFO     | src.models.pvt_autoencoder.training:train_pvt_autoencoder_progressive_unfreeze:132 - Device: cuda | Model on: cuda:0
2026-02-08 15:50:55.653 | INFO     | src.pipelines.train_vision_backbones:run_pipeline:193 - Evaluating pvt_autoencoder_progressive_unfreeze on RN
2026-02-08 15:50:55.724 | INFO     | src.models.evaluation:evaluate_tsb_ad_nonoverlapping:65 - Normal (3601) reconstruction error: mean=0.5343, std=0.2080
2026-02-08 15:50:55.725 | INFO     | src.models.evaluation:evaluate_tsb_ad_nonoverlapping:66 - Anomaly (49) reconstruction error: mean=0.7016, std=0.1444
2026-02-08 15:50:55.725 | INFO     | src.models.evaluation:evaluate_tsb_ad_nonoverlapping:67 - Overlap? Normal max=1.0000, Anomaly min=0.3190
2026-02-08 15:50:56.676 | INFO     | src.models.evaluation:evaluate_tsb_ad_nonoverlapping:83 - {'AUC-PR': 0.05980375704528252, 'AUC-ROC': 0.7735521312107181, 'VUS-PR': np.float64(0.044315703703626176), 'VUS-ROC': np.float64(0.48748224978298305), 'Standard-F1': np.float64(0.12296402684841665), 'PA-F1': 0.13312693498452013, 'Event-based-F1': np.float64(0.1074999999999998), 'R-based-F1': 0.07377863983513153, 'Affiliation-F': 0.6859482899244044}
2026-02-08 15:50:56.830 | INFO     | src.pipelines.train_vision_backbones:run_pipeline:170 - Train images: 22
2026-02-08 15:50:56.831 | INFO     | src.pipelines.train_vision_backbones:run_pipeline:171 - Test images: 86
2026-02-08 15:50:57.810 | INFO     | src.pipelines.train_vision_backbones:run_pipeline:176 - Training pvt_autoencoder_differential_lr on RN
2026-02-08 15:50:57.833 | INFO     | src.models.pvt_autoencoder.training:train_pvt_autoencoder_differential_lr:267 - Device: cuda | Model on: cuda:0
2026-02-08 15:51:12.284 | INFO     | src.pipelines.train_vision_backbones:run_pipeline:193 - Evaluating pvt_autoencoder_differential_lr on RN
2026-02-08 15:51:12.355 | INFO     | src.models.evaluation:evaluate_tsb_ad_nonoverlapping:65 - Normal (3601) reconstruction error: mean=0.5549, std=0.2055
2026-02-08 15:51:12.356 | INFO     | src.models.evaluation:evaluate_tsb_ad_nonoverlapping:66 - Anomaly (49) reconstruction error: mean=0.7103, std=0.1019
2026-02-08 15:51:12.356 | INFO     | src.models.evaluation:evaluate_tsb_ad_nonoverlapping:67 - Overlap? Normal max=1.0000, Anomaly min=0.4457
2026-02-08 15:51:13.345 | INFO     | src.models.evaluation:evaluate_tsb_ad_nonoverlapping:83 - {'AUC-PR': 0.05043954969284848, 'AUC-ROC': 0.764745053811583, 'VUS-PR': np.float64(0.04025064520288517), 'VUS-ROC': np.float64(0.5170717625333477), 'Standard-F1': np.float64(0.1192775126375073), 'PA-F1': 0.1709741550695825, 'Event-based-F1': np.float64(0.1074999999999998), 'R-based-F1': 0.06389301634472512, 'Affiliation-F': 0.6995265843634894}
2026-02-08 15:51:13.550 | INFO     | src.pipelines.train_vision_backbones:run_pipeline:70 - Using zip: /net/scratch/hscra/plgrid/plgsmendowski12/ts2i_images/IOPS/269_IOPS_id_10_WebService_tr_1216_1st_1728_ts2i_LP.zip for transformation LP
2026-02-08 15:51:13.692 | INFO     | src.pipelines.train_vision_backbones:run_pipeline:170 - Train images: 22
2026-02-08 15:51:13.693 | INFO     | src.pipelines.train_vision_backbones:run_pipeline:171 - Test images: 86
2026-02-08 15:51:13.699 | INFO     | src.pipelines.train_vision_backbones:run_pipeline:176 - Training cnn_autoencoder on LP
2026-02-08 15:51:13.703 | INFO     | src.models.cnn_autoencoder.training:train_autoencoder:22 - Device: cuda | Model on: cuda:0
2026-02-08 15:51:32.577 | INFO     | src.pipelines.train_vision_backbones:run_pipeline:193 - Evaluating cnn_autoencoder on LP
2026-02-08 15:51:32.653 | INFO     | src.models.evaluation:evaluate_tsb_ad_nonoverlapping:65 - Normal (3601) reconstruction error: mean=0.3109, std=0.2313
2026-02-08 15:51:32.653 | INFO     | src.models.evaluation:evaluate_tsb_ad_nonoverlapping:66 - Anomaly (49) reconstruction error: mean=0.8718, std=0.2319
2026-02-08 15:51:32.653 | INFO     | src.models.evaluation:evaluate_tsb_ad_nonoverlapping:67 - Overlap? Normal max=1.0000, Anomaly min=0.2968
2026-02-08 15:51:33.426 | INFO     | src.models.evaluation:evaluate_tsb_ad_nonoverlapping:83 - {'AUC-PR': 0.5929032095212853, 'AUC-ROC': 0.9424167889871862, 'VUS-PR': np.float64(0.36252869498601153), 'VUS-ROC': np.float64(0.7998690496627199), 'Standard-F1': np.float64(0.7472477768716068), 'PA-F1': 0.86, 'Event-based-F1': np.float64(0.6181818181818176), 'R-based-F1': 0.5498238323245099, 'Affiliation-F': 0.8517298510783532}
2026-02-08 15:51:33.580 | INFO     | src.pipelines.train_vision_backbones:run_pipeline:170 - Train images: 22
2026-02-08 15:51:33.580 | INFO     | src.pipelines.train_vision_backbones:run_pipeline:171 - Test images: 86
2026-02-08 15:51:33.793 | INFO     | src.pipelines.train_vision_backbones:run_pipeline:176 - Training resnet18_autoencoder_frozen on LP
2026-02-08 15:51:33.806 | INFO     | src.models.resnet18_autoencoder.training:train_autoencoder_frozen:25 - Device: cuda | Model on: cuda:0
2026-02-08 15:51:49.508 | INFO     | src.pipelines.train_vision_backbones:run_pipeline:193 - Evaluating resnet18_autoencoder_frozen on LP
2026-02-08 15:51:49.591 | INFO     | src.models.evaluation:evaluate_tsb_ad_nonoverlapping:65 - Normal (3601) reconstruction error: mean=0.3988, std=0.2268
2026-02-08 15:51:49.591 | INFO     | src.models.evaluation:evaluate_tsb_ad_nonoverlapping:66 - Anomaly (49) reconstruction error: mean=0.4219, std=0.2371
2026-02-08 15:51:49.591 | INFO     | src.models.evaluation:evaluate_tsb_ad_nonoverlapping:67 - Overlap? Normal max=1.0000, Anomaly min=0.2287
2026-02-08 15:51:50.415 | INFO     | src.models.evaluation:evaluate_tsb_ad_nonoverlapping:83 - {'AUC-PR': 0.024772528058842586, 'AUC-ROC': 0.5163446661641607, 'VUS-PR': np.float64(0.026598839966760147), 'VUS-ROC': np.float64(0.39196742982537774), 'Standard-F1': np.float64(0.06949500170069713), 'PA-F1': 0.2935153583617747, 'Event-based-F1': np.float64(0.07894736842105249), 'R-based-F1': 0.06950146627565981, 'Affiliation-F': 0.7626573444708716}
2026-02-08 15:51:50.570 | INFO     | src.pipelines.train_vision_backbones:run_pipeline:170 - Train images: 22
2026-02-08 15:51:50.571 | INFO     | src.pipelines.train_vision_backbones:run_pipeline:171 - Test images: 86
2026-02-08 15:51:50.775 | INFO     | src.pipelines.train_vision_backbones:run_pipeline:176 - Training resnet18_autoencoder_progressive_unfreeze on LP
2026-02-08 15:51:50.787 | INFO     | src.models.resnet18_autoencoder.training:train_autoencoder_progressive_unfreeze:133 - Device: cuda | Model on: cuda:0
2026-02-08 15:52:22.958 | INFO     | src.pipelines.train_vision_backbones:run_pipeline:193 - Evaluating resnet18_autoencoder_progressive_unfreeze on LP
2026-02-08 15:52:23.041 | INFO     | src.models.evaluation:evaluate_tsb_ad_nonoverlapping:65 - Normal (3601) reconstruction error: mean=0.3261, std=0.2374
2026-02-08 15:52:23.041 | INFO     | src.models.evaluation:evaluate_tsb_ad_nonoverlapping:66 - Anomaly (49) reconstruction error: mean=0.4695, std=0.1936
2026-02-08 15:52:23.041 | INFO     | src.models.evaluation:evaluate_tsb_ad_nonoverlapping:67 - Overlap? Normal max=1.0000, Anomaly min=0.3174
2026-02-08 15:52:23.811 | INFO     | src.models.evaluation:evaluate_tsb_ad_nonoverlapping:83 - {'AUC-PR': 0.03794217213479655, 'AUC-ROC': 0.7291426984567778, 'VUS-PR': np.float64(0.04208989098552063), 'VUS-ROC': np.float64(0.6639841502815408), 'Standard-F1': np.float64(0.072695740153827), 'PA-F1': 0.2935153583617747, 'Event-based-F1': np.float64(0.07894736842105249), 'R-based-F1': 0.06950146627565981, 'Affiliation-F': 0.8204414261036641}
2026-02-08 15:52:23.974 | INFO     | src.pipelines.train_vision_backbones:run_pipeline:170 - Train images: 22
2026-02-08 15:52:23.974 | INFO     | src.pipelines.train_vision_backbones:run_pipeline:171 - Test images: 86
2026-02-08 15:52:24.187 | INFO     | src.pipelines.train_vision_backbones:run_pipeline:176 - Training resnet18_autoencoder_differential_lr on LP
2026-02-08 15:52:24.201 | INFO     | src.models.resnet18_autoencoder.training:train_autoencoder_differential_lr:271 - Device: cuda | Model on: cuda:0
2026-02-08 15:52:48.595 | INFO     | src.pipelines.train_vision_backbones:run_pipeline:193 - Evaluating resnet18_autoencoder_differential_lr on LP
2026-02-08 15:52:48.662 | INFO     | src.models.evaluation:evaluate_tsb_ad_nonoverlapping:65 - Normal (3601) reconstruction error: mean=0.3567, std=0.2455
2026-02-08 15:52:48.662 | INFO     | src.models.evaluation:evaluate_tsb_ad_nonoverlapping:66 - Anomaly (49) reconstruction error: mean=0.5368, std=0.1729
2026-02-08 15:52:48.663 | INFO     | src.models.evaluation:evaluate_tsb_ad_nonoverlapping:67 - Overlap? Normal max=1.0000, Anomaly min=0.3259
2026-02-08 15:52:49.462 | INFO     | src.models.evaluation:evaluate_tsb_ad_nonoverlapping:83 - {'AUC-PR': 0.04874543252107371, 'AUC-ROC': 0.7896020946562462, 'VUS-PR': np.float64(0.04700659137770531), 'VUS-ROC': np.float64(0.6782517082254351), 'Standard-F1': np.float64(0.10153373872978451), 'PA-F1': 0.2935153583617747, 'Event-based-F1': np.float64(0.09287257019438427), 'R-based-F1': 0.07861060329067641, 'Affiliation-F': 0.8259807314982851}
2026-02-08 15:52:49.621 | INFO     | src.pipelines.train_vision_backbones:run_pipeline:170 - Train images: 22
2026-02-08 15:52:49.621 | INFO     | src.pipelines.train_vision_backbones:run_pipeline:171 - Test images: 86
2026-02-08 15:52:50.864 | INFO     | src.pipelines.train_vision_backbones:run_pipeline:176 - Training pvt_autoencoder_frozen on LP
2026-02-08 15:52:50.888 | INFO     | src.models.pvt_autoencoder.training:train_pvt_autoencoder_frozen:24 - Device: cuda | Model on: cuda:0
2026-02-08 15:53:15.882 | INFO     | src.pipelines.train_vision_backbones:run_pipeline:193 - Evaluating pvt_autoencoder_frozen on LP
2026-02-08 15:53:15.972 | INFO     | src.models.evaluation:evaluate_tsb_ad_nonoverlapping:65 - Normal (3601) reconstruction error: mean=0.3564, std=0.2466
2026-02-08 15:53:15.972 | INFO     | src.models.evaluation:evaluate_tsb_ad_nonoverlapping:66 - Anomaly (49) reconstruction error: mean=0.4994, std=0.2018
2026-02-08 15:53:15.972 | INFO     | src.models.evaluation:evaluate_tsb_ad_nonoverlapping:67 - Overlap? Normal max=1.0000, Anomaly min=0.3074
2026-02-08 15:53:16.765 | INFO     | src.models.evaluation:evaluate_tsb_ad_nonoverlapping:83 - {'AUC-PR': 0.03869534374227541, 'AUC-ROC': 0.7189074463442694, 'VUS-PR': np.float64(0.04179206125774833), 'VUS-ROC': np.float64(0.6426735585305976), 'Standard-F1': np.float64(0.08294581254516707), 'PA-F1': 0.3426294820717131, 'Event-based-F1': np.float64(0.09677419354838691), 'R-based-F1': 0.08295414770738536, 'Affiliation-F': 0.8079252949048322}
2026-02-08 15:53:16.919 | INFO     | src.pipelines.train_vision_backbones:run_pipeline:170 - Train images: 22
2026-02-08 15:53:16.919 | INFO     | src.pipelines.train_vision_backbones:run_pipeline:171 - Test images: 86
2026-02-08 15:53:17.871 | INFO     | src.pipelines.train_vision_backbones:run_pipeline:176 - Training pvt_autoencoder_progressive_unfreeze on LP
2026-02-08 15:53:17.894 | INFO     | src.models.pvt_autoencoder.training:train_pvt_autoencoder_progressive_unfreeze:132 - Device: cuda | Model on: cuda:0
2026-02-08 15:53:40.941 | INFO     | src.pipelines.train_vision_backbones:run_pipeline:193 - Evaluating pvt_autoencoder_progressive_unfreeze on LP
2026-02-08 15:53:41.078 | INFO     | src.models.evaluation:evaluate_tsb_ad_nonoverlapping:65 - Normal (3601) reconstruction error: mean=0.4023, std=0.2967
2026-02-08 15:53:41.078 | INFO     | src.models.evaluation:evaluate_tsb_ad_nonoverlapping:66 - Anomaly (49) reconstruction error: mean=0.4575, std=0.2034
2026-02-08 15:53:41.078 | INFO     | src.models.evaluation:evaluate_tsb_ad_nonoverlapping:67 - Overlap? Normal max=1.0000, Anomaly min=0.2870
2026-02-08 15:53:41.915 | INFO     | src.models.evaluation:evaluate_tsb_ad_nonoverlapping:83 - {'AUC-PR': 0.027012605146715933, 'AUC-ROC': 0.6177450708136629, 'VUS-PR': np.float64(0.032343681630339384), 'VUS-ROC': np.float64(0.5686126862443106), 'Standard-F1': np.float64(0.05247568524547571), 'PA-F1': 0.22811671087533156, 'Event-based-F1': np.float64(0.05769230769230758), 'R-based-F1': 0.0524800708591674, 'Affiliation-F': 0.8145986943449492}
2026-02-08 15:53:42.068 | INFO     | src.pipelines.train_vision_backbones:run_pipeline:170 - Train images: 22
2026-02-08 15:53:42.068 | INFO     | src.pipelines.train_vision_backbones:run_pipeline:171 - Test images: 86
2026-02-08 15:53:43.053 | INFO     | src.pipelines.train_vision_backbones:run_pipeline:176 - Training pvt_autoencoder_differential_lr on LP
2026-02-08 15:53:43.076 | INFO     | src.models.pvt_autoencoder.training:train_pvt_autoencoder_differential_lr:267 - Device: cuda | Model on: cuda:0
2026-02-08 15:54:07.008 | INFO     | src.pipelines.train_vision_backbones:run_pipeline:193 - Evaluating pvt_autoencoder_differential_lr on LP
2026-02-08 15:54:07.131 | INFO     | src.models.evaluation:evaluate_tsb_ad_nonoverlapping:65 - Normal (3601) reconstruction error: mean=0.3437, std=0.2385
2026-02-08 15:54:07.131 | INFO     | src.models.evaluation:evaluate_tsb_ad_nonoverlapping:66 - Anomaly (49) reconstruction error: mean=0.4970, std=0.1903
2026-02-08 15:54:07.131 | INFO     | src.models.evaluation:evaluate_tsb_ad_nonoverlapping:67 - Overlap? Normal max=1.0000, Anomaly min=0.3477
2026-02-08 15:54:07.934 | INFO     | src.models.evaluation:evaluate_tsb_ad_nonoverlapping:83 - {'AUC-PR': 0.03991010216395107, 'AUC-ROC': 0.7312849605268378, 'VUS-PR': np.float64(0.043802506482209014), 'VUS-ROC': np.float64(0.6653587797852774), 'Standard-F1': np.float64(0.08294581254516707), 'PA-F1': 0.3426294820717131, 'Event-based-F1': np.float64(0.09677419354838691), 'R-based-F1': 0.08295414770738536, 'Affiliation-F': 0.8259807314982851}
2026-02-08 15:54:08.138 | INFO     | src.pipelines.train_vision_backbones:run_pipeline:70 - Using zip: /net/scratch/hscra/plgrid/plgsmendowski12/ts2i_images/IOPS/269_IOPS_id_10_WebService_tr_1216_1st_1728_ts2i_SG.zip for transformation SG
2026-02-08 15:54:08.282 | INFO     | src.pipelines.train_vision_backbones:run_pipeline:170 - Train images: 22
2026-02-08 15:54:08.282 | INFO     | src.pipelines.train_vision_backbones:run_pipeline:171 - Test images: 86
2026-02-08 15:54:08.289 | INFO     | src.pipelines.train_vision_backbones:run_pipeline:176 - Training cnn_autoencoder on SG
2026-02-08 15:54:08.293 | INFO     | src.models.cnn_autoencoder.training:train_autoencoder:22 - Device: cuda | Model on: cuda:0
2026-02-08 15:54:10.246 | INFO     | src.pipelines.train_vision_backbones:run_pipeline:193 - Evaluating cnn_autoencoder on SG
2026-02-08 15:54:10.321 | INFO     | src.models.evaluation:evaluate_tsb_ad_nonoverlapping:65 - Normal (3601) reconstruction error: mean=0.1044, std=0.1144
2026-02-08 15:54:10.321 | INFO     | src.models.evaluation:evaluate_tsb_ad_nonoverlapping:66 - Anomaly (49) reconstruction error: mean=0.7559, std=0.3676
2026-02-08 15:54:10.321 | INFO     | src.models.evaluation:evaluate_tsb_ad_nonoverlapping:67 - Overlap? Normal max=1.0000, Anomaly min=0.1901
2026-02-08 15:54:10.899 | INFO     | src.models.evaluation:evaluate_tsb_ad_nonoverlapping:83 - {'AUC-PR': 0.581945022907122, 'AUC-ROC': 0.944559051057246, 'VUS-PR': np.float64(0.3670449294366398), 'VUS-ROC': np.float64(0.8656889905830578), 'Standard-F1': np.float64(0.7472477768716068), 'PA-F1': 0.86, 'Event-based-F1': np.float64(0.6181818181818176), 'R-based-F1': 0.5498238323245099, 'Affiliation-F': 0.8926389891779882}
2026-02-08 15:54:11.053 | INFO     | src.pipelines.train_vision_backbones:run_pipeline:170 - Train images: 22
2026-02-08 15:54:11.054 | INFO     | src.pipelines.train_vision_backbones:run_pipeline:171 - Test images: 86
2026-02-08 15:54:11.267 | INFO     | src.pipelines.train_vision_backbones:run_pipeline:176 - Training resnet18_autoencoder_frozen on SG
2026-02-08 15:54:11.280 | INFO     | src.models.resnet18_autoencoder.training:train_autoencoder_frozen:25 - Device: cuda | Model on: cuda:0
2026-02-08 15:54:14.255 | INFO     | src.pipelines.train_vision_backbones:run_pipeline:193 - Evaluating resnet18_autoencoder_frozen on SG
2026-02-08 15:54:14.338 | INFO     | src.models.evaluation:evaluate_tsb_ad_nonoverlapping:65 - Normal (3601) reconstruction error: mean=0.1249, std=0.1336
2026-02-08 15:54:14.338 | INFO     | src.models.evaluation:evaluate_tsb_ad_nonoverlapping:66 - Anomaly (49) reconstruction error: mean=0.7651, std=0.3537
2026-02-08 15:54:14.338 | INFO     | src.models.evaluation:evaluate_tsb_ad_nonoverlapping:67 - Overlap? Normal max=1.0000, Anomaly min=0.2155
2026-02-08 15:54:14.930 | INFO     | src.models.evaluation:evaluate_tsb_ad_nonoverlapping:83 - {'AUC-PR': 0.5802660349854227, 'AUC-ROC': 0.9402745269171262, 'VUS-PR': np.float64(0.3659583648090211), 'VUS-ROC': np.float64(0.8632611372468315), 'Standard-F1': np.float64(0.7472477768716068), 'PA-F1': 0.86, 'Event-based-F1': np.float64(0.6181818181818176), 'R-based-F1': 0.5498238323245099, 'Affiliation-F': 0.8926389891779882}
2026-02-08 15:54:15.087 | INFO     | src.pipelines.train_vision_backbones:run_pipeline:170 - Train images: 22
2026-02-08 15:54:15.087 | INFO     | src.pipelines.train_vision_backbones:run_pipeline:171 - Test images: 86
2026-02-08 15:54:15.299 | INFO     | src.pipelines.train_vision_backbones:run_pipeline:176 - Training resnet18_autoencoder_progressive_unfreeze on SG
2026-02-08 15:54:15.313 | INFO     | src.models.resnet18_autoencoder.training:train_autoencoder_progressive_unfreeze:133 - Device: cuda | Model on: cuda:0
2026-02-08 15:54:18.144 | INFO     | src.pipelines.train_vision_backbones:run_pipeline:193 - Evaluating resnet18_autoencoder_progressive_unfreeze on SG
2026-02-08 15:54:18.232 | INFO     | src.models.evaluation:evaluate_tsb_ad_nonoverlapping:65 - Normal (3601) reconstruction error: mean=0.1117, std=0.1209
2026-02-08 15:54:18.233 | INFO     | src.models.evaluation:evaluate_tsb_ad_nonoverlapping:66 - Anomaly (49) reconstruction error: mean=0.7592, std=0.3626
2026-02-08 15:54:18.233 | INFO     | src.models.evaluation:evaluate_tsb_ad_nonoverlapping:67 - Overlap? Normal max=1.0000, Anomaly min=0.1982
2026-02-08 15:54:18.820 | INFO     | src.models.evaluation:evaluate_tsb_ad_nonoverlapping:83 - {'AUC-PR': 0.5810495626822157, 'AUC-ROC': 0.942416788987186, 'VUS-PR': np.float64(0.3664654283019099), 'VUS-ROC': np.float64(0.8644750639149447), 'Standard-F1': np.float64(0.7472477768716068), 'PA-F1': 0.86, 'Event-based-F1': np.float64(0.6181818181818176), 'R-based-F1': 0.5498238323245099, 'Affiliation-F': 0.8926389891779882}
2026-02-08 15:54:18.979 | INFO     | src.pipelines.train_vision_backbones:run_pipeline:170 - Train images: 22
2026-02-08 15:54:18.979 | INFO     | src.pipelines.train_vision_backbones:run_pipeline:171 - Test images: 86
2026-02-08 15:54:19.191 | INFO     | src.pipelines.train_vision_backbones:run_pipeline:176 - Training resnet18_autoencoder_differential_lr on SG
2026-02-08 15:54:19.204 | INFO     | src.models.resnet18_autoencoder.training:train_autoencoder_differential_lr:271 - Device: cuda | Model on: cuda:0
2026-02-08 15:54:20.914 | INFO     | src.pipelines.train_vision_backbones:run_pipeline:193 - Evaluating resnet18_autoencoder_differential_lr on SG
2026-02-08 15:54:20.982 | INFO     | src.models.evaluation:evaluate_tsb_ad_nonoverlapping:65 - Normal (3601) reconstruction error: mean=0.0793, std=0.0884
2026-02-08 15:54:20.982 | INFO     | src.models.evaluation:evaluate_tsb_ad_nonoverlapping:66 - Anomaly (49) reconstruction error: mean=0.7445, std=0.3847
2026-02-08 15:54:20.982 | INFO     | src.models.evaluation:evaluate_tsb_ad_nonoverlapping:67 - Overlap? Normal max=1.0000, Anomaly min=0.1620
2026-02-08 15:54:21.531 | INFO     | src.models.evaluation:evaluate_tsb_ad_nonoverlapping:83 - {'AUC-PR': 0.58637960678777, 'AUC-ROC': 0.9566985361209188, 'VUS-PR': np.float64(0.38587561786551633), 'VUS-ROC': np.float64(0.9102547500161633), 'Standard-F1': np.float64(0.7472477768716068), 'PA-F1': 0.86, 'Event-based-F1': np.float64(0.6181818181818176), 'R-based-F1': 0.5498238323245099, 'Affiliation-F': 0.8926389891779882}
2026-02-08 15:54:21.682 | INFO     | src.pipelines.train_vision_backbones:run_pipeline:170 - Train images: 22
2026-02-08 15:54:21.682 | INFO     | src.pipelines.train_vision_backbones:run_pipeline:171 - Test images: 86
2026-02-08 15:54:22.915 | INFO     | src.pipelines.train_vision_backbones:run_pipeline:176 - Training pvt_autoencoder_frozen on SG
2026-02-08 15:54:22.939 | INFO     | src.models.pvt_autoencoder.training:train_pvt_autoencoder_frozen:24 - Device: cuda | Model on: cuda:0
2026-02-08 15:54:24.745 | INFO     | src.pipelines.train_vision_backbones:run_pipeline:193 - Evaluating pvt_autoencoder_frozen on SG
2026-02-08 15:54:24.813 | INFO     | src.models.evaluation:evaluate_tsb_ad_nonoverlapping:65 - Normal (3601) reconstruction error: mean=0.1082, std=0.1179
2026-02-08 15:54:24.813 | INFO     | src.models.evaluation:evaluate_tsb_ad_nonoverlapping:66 - Anomaly (49) reconstruction error: mean=0.7575, std=0.3652
2026-02-08 15:54:24.813 | INFO     | src.models.evaluation:evaluate_tsb_ad_nonoverlapping:67 - Overlap? Normal max=1.0000, Anomaly min=0.1942
2026-02-08 15:54:25.398 | INFO     | src.models.evaluation:evaluate_tsb_ad_nonoverlapping:83 - {'AUC-PR': 0.5810495626822157, 'AUC-ROC': 0.9424167889871862, 'VUS-PR': np.float64(0.3664654283019099), 'VUS-ROC': np.float64(0.8644750639149447), 'Standard-F1': np.float64(0.7472477768716068), 'PA-F1': 0.86, 'Event-based-F1': np.float64(0.6181818181818176), 'R-based-F1': 0.5498238323245099, 'Affiliation-F': 0.8926389891779882}
2026-02-08 15:54:25.547 | INFO     | src.pipelines.train_vision_backbones:run_pipeline:170 - Train images: 22
2026-02-08 15:54:25.547 | INFO     | src.pipelines.train_vision_backbones:run_pipeline:171 - Test images: 86
2026-02-08 15:54:26.465 | INFO     | src.pipelines.train_vision_backbones:run_pipeline:176 - Training pvt_autoencoder_progressive_unfreeze on SG
2026-02-08 15:54:26.488 | INFO     | src.models.pvt_autoencoder.training:train_pvt_autoencoder_progressive_unfreeze:132 - Device: cuda | Model on: cuda:0
2026-02-08 15:54:28.232 | INFO     | src.pipelines.train_vision_backbones:run_pipeline:193 - Evaluating pvt_autoencoder_progressive_unfreeze on SG
2026-02-08 15:54:28.299 | INFO     | src.models.evaluation:evaluate_tsb_ad_nonoverlapping:65 - Normal (3601) reconstruction error: mean=0.0901, std=0.1008
2026-02-08 15:54:28.299 | INFO     | src.models.evaluation:evaluate_tsb_ad_nonoverlapping:66 - Anomaly (49) reconstruction error: mean=0.7496, std=0.3770
2026-02-08 15:54:28.299 | INFO     | src.models.evaluation:evaluate_tsb_ad_nonoverlapping:67 - Overlap? Normal max=1.0000, Anomaly min=0.1743
2026-02-08 15:54:28.871 | INFO     | src.models.evaluation:evaluate_tsb_ad_nonoverlapping:83 - {'AUC-PR': 0.5851040965836884, 'AUC-ROC': 0.9538421866941723, 'VUS-PR': np.float64(0.37906485538798423), 'VUS-ROC': np.float64(0.8978685120833083), 'Standard-F1': np.float64(0.7472477768716068), 'PA-F1': 0.86, 'Event-based-F1': np.float64(0.6181818181818176), 'R-based-F1': 0.5498238323245099, 'Affiliation-F': 0.8926389891779882}
2026-02-08 15:54:29.022 | INFO     | src.pipelines.train_vision_backbones:run_pipeline:170 - Train images: 22
2026-02-08 15:54:29.022 | INFO     | src.pipelines.train_vision_backbones:run_pipeline:171 - Test images: 86
2026-02-08 15:54:29.944 | INFO     | src.pipelines.train_vision_backbones:run_pipeline:176 - Training pvt_autoencoder_differential_lr on SG
2026-02-08 15:54:29.968 | INFO     | src.models.pvt_autoencoder.training:train_pvt_autoencoder_differential_lr:267 - Device: cuda | Model on: cuda:0
2026-02-08 15:54:34.319 | INFO     | src.pipelines.train_vision_backbones:run_pipeline:193 - Evaluating pvt_autoencoder_differential_lr on SG
2026-02-08 15:54:34.388 | INFO     | src.models.evaluation:evaluate_tsb_ad_nonoverlapping:65 - Normal (3601) reconstruction error: mean=0.1194, std=0.1274
2026-02-08 15:54:34.389 | INFO     | src.models.evaluation:evaluate_tsb_ad_nonoverlapping:66 - Anomaly (49) reconstruction error: mean=0.7624, std=0.3579
2026-02-08 15:54:34.389 | INFO     | src.models.evaluation:evaluate_tsb_ad_nonoverlapping:67 - Overlap? Normal max=1.0000, Anomaly min=0.2066
2026-02-08 15:54:34.977 | INFO     | src.models.evaluation:evaluate_tsb_ad_nonoverlapping:83 - {'AUC-PR': 0.5810495626822157, 'AUC-ROC': 0.942416788987186, 'VUS-PR': np.float64(0.3664654283019099), 'VUS-ROC': np.float64(0.8644750639149447), 'Standard-F1': np.float64(0.7472477768716068), 'PA-F1': 0.86, 'Event-based-F1': np.float64(0.6181818181818176), 'R-based-F1': 0.5498238323245099, 'Affiliation-F': 0.8926389891779882}
2026-02-08 15:54:35.178 | INFO     | src.pipelines.train_vision_backbones:run_pipeline:70 - Using zip: /net/scratch/hscra/plgrid/plgsmendowski12/ts2i_images/IOPS/269_IOPS_id_10_WebService_tr_1216_1st_1728_ts2i_GASF.zip for transformation GASF
2026-02-08 15:54:35.321 | INFO     | src.pipelines.train_vision_backbones:run_pipeline:170 - Train images: 22
2026-02-08 15:54:35.322 | INFO     | src.pipelines.train_vision_backbones:run_pipeline:171 - Test images: 86
2026-02-08 15:54:35.328 | INFO     | src.pipelines.train_vision_backbones:run_pipeline:176 - Training cnn_autoencoder on GASF
2026-02-08 15:54:35.332 | INFO     | src.models.cnn_autoencoder.training:train_autoencoder:22 - Device: cuda | Model on: cuda:0
2026-02-08 15:54:54.409 | INFO     | src.pipelines.train_vision_backbones:run_pipeline:193 - Evaluating cnn_autoencoder on GASF
2026-02-08 15:54:54.493 | INFO     | src.models.evaluation:evaluate_tsb_ad_nonoverlapping:65 - Normal (3601) reconstruction error: mean=0.2196, std=0.1455
2026-02-08 15:54:54.493 | INFO     | src.models.evaluation:evaluate_tsb_ad_nonoverlapping:66 - Anomaly (49) reconstruction error: mean=0.4367, std=0.2256
2026-02-08 15:54:54.493 | INFO     | src.models.evaluation:evaluate_tsb_ad_nonoverlapping:67 - Overlap? Normal max=1.0000, Anomaly min=0.1893
2026-02-08 15:54:55.166 | INFO     | src.models.evaluation:evaluate_tsb_ad_nonoverlapping:83 - {'AUC-PR': 0.08786200194363458, 'AUC-ROC': 0.8231642004205181, 'VUS-PR': np.float64(0.1303076200356582), 'VUS-ROC': np.float64(0.8672902821223464), 'Standard-F1': np.float64(0.17057382174346936), 'PA-F1': 0.20502092050209206, 'Event-based-F1': np.float64(0.22222222222222188), 'R-based-F1': 0.22222222222222224, 'Affiliation-F': 0.9479305120465639}
2026-02-08 15:54:55.324 | INFO     | src.pipelines.train_vision_backbones:run_pipeline:170 - Train images: 22
2026-02-08 15:54:55.324 | INFO     | src.pipelines.train_vision_backbones:run_pipeline:171 - Test images: 86
2026-02-08 15:54:55.536 | INFO     | src.pipelines.train_vision_backbones:run_pipeline:176 - Training resnet18_autoencoder_frozen on GASF
2026-02-08 15:54:55.550 | INFO     | src.models.resnet18_autoencoder.training:train_autoencoder_frozen:25 - Device: cuda | Model on: cuda:0
2026-02-08 15:55:09.283 | INFO     | src.pipelines.train_vision_backbones:run_pipeline:193 - Evaluating resnet18_autoencoder_frozen on GASF
2026-02-08 15:55:09.375 | INFO     | src.models.evaluation:evaluate_tsb_ad_nonoverlapping:65 - Normal (3601) reconstruction error: mean=0.0872, std=0.1078
2026-02-08 15:55:09.376 | INFO     | src.models.evaluation:evaluate_tsb_ad_nonoverlapping:66 - Anomaly (49) reconstruction error: mean=0.3114, std=0.2708
2026-02-08 15:55:09.376 | INFO     | src.models.evaluation:evaluate_tsb_ad_nonoverlapping:67 - Overlap? Normal max=1.0000, Anomaly min=0.0400
2026-02-08 15:55:09.934 | INFO     | src.models.evaluation:evaluate_tsb_ad_nonoverlapping:83 - {'AUC-PR': 0.1859530971761124, 'AUC-ROC': 0.8376499725133042, 'VUS-PR': np.float64(0.2692130677534611), 'VUS-ROC': np.float64(0.9065095508009934), 'Standard-F1': np.float64(0.36866009814524425), 'PA-F1': 0.4336283185840708, 'Event-based-F1': np.float64(0.38461538461538425), 'R-based-F1': 0.37797390636991557, 'Affiliation-F': 0.9226412194032791}
2026-02-08 15:55:10.097 | INFO     | src.pipelines.train_vision_backbones:run_pipeline:170 - Train images: 22
2026-02-08 15:55:10.097 | INFO     | src.pipelines.train_vision_backbones:run_pipeline:171 - Test images: 86
2026-02-08 15:55:10.302 | INFO     | src.pipelines.train_vision_backbones:run_pipeline:176 - Training resnet18_autoencoder_progressive_unfreeze on GASF
2026-02-08 15:55:10.315 | INFO     | src.models.resnet18_autoencoder.training:train_autoencoder_progressive_unfreeze:133 - Device: cuda | Model on: cuda:0
2026-02-08 15:55:21.048 | INFO     | src.pipelines.train_vision_backbones:run_pipeline:193 - Evaluating resnet18_autoencoder_progressive_unfreeze on GASF
2026-02-08 15:55:21.155 | INFO     | src.models.evaluation:evaluate_tsb_ad_nonoverlapping:65 - Normal (3601) reconstruction error: mean=0.0888, std=0.1048
2026-02-08 15:55:21.155 | INFO     | src.models.evaluation:evaluate_tsb_ad_nonoverlapping:66 - Anomaly (49) reconstruction error: mean=0.3092, std=0.2692
2026-02-08 15:55:21.155 | INFO     | src.models.evaluation:evaluate_tsb_ad_nonoverlapping:67 - Overlap? Normal max=1.0000, Anomaly min=0.0539
2026-02-08 15:55:21.705 | INFO     | src.models.evaluation:evaluate_tsb_ad_nonoverlapping:83 - {'AUC-PR': 0.1862787586076902, 'AUC-ROC': 0.8505035449336635, 'VUS-PR': np.float64(0.26939307885652497), 'VUS-ROC': np.float64(0.9127893353968373), 'Standard-F1': np.float64(0.36866009814524425), 'PA-F1': 0.4336283185840708, 'Event-based-F1': np.float64(0.38461538461538425), 'R-based-F1': 0.37797390636991557, 'Affiliation-F': 0.9226412194032791}
2026-02-08 15:55:21.858 | INFO     | src.pipelines.train_vision_backbones:run_pipeline:170 - Train images: 22
2026-02-08 15:55:21.858 | INFO     | src.pipelines.train_vision_backbones:run_pipeline:171 - Test images: 86
2026-02-08 15:55:22.070 | INFO     | src.pipelines.train_vision_backbones:run_pipeline:176 - Training resnet18_autoencoder_differential_lr on GASF
2026-02-08 15:55:22.084 | INFO     | src.models.resnet18_autoencoder.training:train_autoencoder_differential_lr:271 - Device: cuda | Model on: cuda:0
2026-02-08 15:55:40.537 | INFO     | src.pipelines.train_vision_backbones:run_pipeline:193 - Evaluating resnet18_autoencoder_differential_lr on GASF
2026-02-08 15:55:40.613 | INFO     | src.models.evaluation:evaluate_tsb_ad_nonoverlapping:65 - Normal (3601) reconstruction error: mean=0.1016, std=0.1065
2026-02-08 15:55:40.613 | INFO     | src.models.evaluation:evaluate_tsb_ad_nonoverlapping:66 - Anomaly (49) reconstruction error: mean=0.3501, std=0.2578
2026-02-08 15:55:40.613 | INFO     | src.models.evaluation:evaluate_tsb_ad_nonoverlapping:67 - Overlap? Normal max=1.0000, Anomaly min=0.0793
2026-02-08 15:55:41.188 | INFO     | src.models.evaluation:evaluate_tsb_ad_nonoverlapping:83 - {'AUC-PR': 0.2423398269145705, 'AUC-ROC': 0.8864459418868909, 'VUS-PR': np.float64(0.3474283954450837), 'VUS-ROC': np.float64(0.935706482323443), 'Standard-F1': np.float64(0.4571388251784191), 'PA-F1': 0.532608695652174, 'Event-based-F1': np.float64(0.48192771084337305), 'R-based-F1': 0.4715456884686733, 'Affiliation-F': 0.9464707150282538}
2026-02-08 15:55:41.342 | INFO     | src.pipelines.train_vision_backbones:run_pipeline:170 - Train images: 22
2026-02-08 15:55:41.342 | INFO     | src.pipelines.train_vision_backbones:run_pipeline:171 - Test images: 86
2026-02-08 15:55:44.643 | INFO     | src.pipelines.train_vision_backbones:run_pipeline:176 - Training pvt_autoencoder_frozen on GASF
2026-02-08 15:55:44.665 | INFO     | src.models.pvt_autoencoder.training:train_pvt_autoencoder_frozen:24 - Device: cuda | Model on: cuda:0
2026-02-08 15:55:55.466 | INFO     | src.pipelines.train_vision_backbones:run_pipeline:193 - Evaluating pvt_autoencoder_frozen on GASF
2026-02-08 15:55:55.542 | INFO     | src.models.evaluation:evaluate_tsb_ad_nonoverlapping:65 - Normal (3601) reconstruction error: mean=0.1961, std=0.1515
2026-02-08 15:55:55.543 | INFO     | src.models.evaluation:evaluate_tsb_ad_nonoverlapping:66 - Anomaly (49) reconstruction error: mean=0.4561, std=0.2316
2026-02-08 15:55:55.543 | INFO     | src.models.evaluation:evaluate_tsb_ad_nonoverlapping:67 - Overlap? Normal max=1.0000, Anomaly min=0.1494
2026-02-08 15:55:56.195 | INFO     | src.models.evaluation:evaluate_tsb_ad_nonoverlapping:83 - {'AUC-PR': 0.15395375707534922, 'AUC-ROC': 0.863833175591814, 'VUS-PR': np.float64(0.223296904645642), 'VUS-ROC': np.float64(0.9139446960876337), 'Standard-F1': np.float64(0.3088772409779829), 'PA-F1': 0.3161290322580645, 'Event-based-F1': np.float64(0.2739726027397258), 'R-based-F1': 0.27058581141405125, 'Affiliation-F': 0.8852935049028386}
2026-02-08 15:55:56.346 | INFO     | src.pipelines.train_vision_backbones:run_pipeline:170 - Train images: 22
2026-02-08 15:55:56.347 | INFO     | src.pipelines.train_vision_backbones:run_pipeline:171 - Test images: 86
2026-02-08 15:55:57.292 | INFO     | src.pipelines.train_vision_backbones:run_pipeline:176 - Training pvt_autoencoder_progressive_unfreeze on GASF
2026-02-08 15:55:57.315 | INFO     | src.models.pvt_autoencoder.training:train_pvt_autoencoder_progressive_unfreeze:132 - Device: cuda | Model on: cuda:0
2026-02-08 15:56:11.114 | INFO     | src.pipelines.train_vision_backbones:run_pipeline:193 - Evaluating pvt_autoencoder_progressive_unfreeze on GASF
2026-02-08 15:56:11.188 | INFO     | src.models.evaluation:evaluate_tsb_ad_nonoverlapping:65 - Normal (3601) reconstruction error: mean=0.1145, std=0.1123
2026-02-08 15:56:11.188 | INFO     | src.models.evaluation:evaluate_tsb_ad_nonoverlapping:66 - Anomaly (49) reconstruction error: mean=0.3306, std=0.2622
2026-02-08 15:56:11.188 | INFO     | src.models.evaluation:evaluate_tsb_ad_nonoverlapping:67 - Overlap? Normal max=1.0000, Anomaly min=0.0737
2026-02-08 15:56:11.764 | INFO     | src.models.evaluation:evaluate_tsb_ad_nonoverlapping:83 - {'AUC-PR': 0.15356272604445073, 'AUC-ROC': 0.8531218652415146, 'VUS-PR': np.float64(0.22308076014592887), 'VUS-ROC': np.float64(0.9087115422577638), 'Standard-F1': np.float64(0.3088772409779829), 'PA-F1': 0.3656716417910448, 'Event-based-F1': np.float64(0.3199999999999997), 'R-based-F1': 0.31538923354012405, 'Affiliation-F': 0.9189777673478573}
2026-02-08 15:56:11.922 | INFO     | src.pipelines.train_vision_backbones:run_pipeline:170 - Train images: 22
2026-02-08 15:56:11.922 | INFO     | src.pipelines.train_vision_backbones:run_pipeline:171 - Test images: 86
2026-02-08 15:56:14.648 | INFO     | src.pipelines.train_vision_backbones:run_pipeline:176 - Training pvt_autoencoder_differential_lr on GASF
2026-02-08 15:56:14.672 | INFO     | src.models.pvt_autoencoder.training:train_pvt_autoencoder_differential_lr:267 - Device: cuda | Model on: cuda:0
2026-02-08 15:56:36.220 | INFO     | src.pipelines.train_vision_backbones:run_pipeline:193 - Evaluating pvt_autoencoder_differential_lr on GASF
2026-02-08 15:56:36.295 | INFO     | src.models.evaluation:evaluate_tsb_ad_nonoverlapping:65 - Normal (3601) reconstruction error: mean=0.0927, std=0.1065
2026-02-08 15:56:36.295 | INFO     | src.models.evaluation:evaluate_tsb_ad_nonoverlapping:66 - Anomaly (49) reconstruction error: mean=0.3072, std=0.2636
2026-02-08 15:56:36.295 | INFO     | src.models.evaluation:evaluate_tsb_ad_nonoverlapping:67 - Overlap? Normal max=1.0000, Anomaly min=0.1064
2026-02-08 15:56:36.852 | INFO     | src.models.evaluation:evaluate_tsb_ad_nonoverlapping:83 - {'AUC-PR': 0.19244191182966694, 'AUC-ROC': 0.9317054786368867, 'VUS-PR': np.float64(0.27279979485744826), 'VUS-ROC': np.float64(0.9524616253832806), 'Standard-F1': np.float64(0.36866009814524425), 'PA-F1': 0.4336283185840708, 'Event-based-F1': np.float64(0.38461538461538425), 'R-based-F1': 0.37797390636991557, 'Affiliation-F': 0.885056263282084}
2026-02-08 15:56:37.053 | INFO     | src.pipelines.train_vision_backbones:run_pipeline:70 - Using zip: /net/scratch/hscra/plgrid/plgsmendowski12/ts2i_images/IOPS/269_IOPS_id_10_WebService_tr_1216_1st_1728_ts2i_GADF.zip for transformation GADF
2026-02-08 15:56:37.203 | INFO     | src.pipelines.train_vision_backbones:run_pipeline:170 - Train images: 22
2026-02-08 15:56:37.203 | INFO     | src.pipelines.train_vision_backbones:run_pipeline:171 - Test images: 86
2026-02-08 15:56:37.210 | INFO     | src.pipelines.train_vision_backbones:run_pipeline:176 - Training cnn_autoencoder on GADF
2026-02-08 15:56:37.214 | INFO     | src.models.cnn_autoencoder.training:train_autoencoder:22 - Device: cuda | Model on: cuda:0
2026-02-08 15:56:47.749 | INFO     | src.pipelines.train_vision_backbones:run_pipeline:193 - Evaluating cnn_autoencoder on GADF
2026-02-08 15:56:47.830 | INFO     | src.models.evaluation:evaluate_tsb_ad_nonoverlapping:65 - Normal (3601) reconstruction error: mean=0.4583, std=0.2176
2026-02-08 15:56:47.830 | INFO     | src.models.evaluation:evaluate_tsb_ad_nonoverlapping:66 - Anomaly (49) reconstruction error: mean=0.5378, std=0.2362
2026-02-08 15:56:47.831 | INFO     | src.models.evaluation:evaluate_tsb_ad_nonoverlapping:67 - Overlap? Normal max=1.0000, Anomaly min=0.0000
2026-02-08 15:56:48.739 | INFO     | src.models.evaluation:evaluate_tsb_ad_nonoverlapping:83 - {'AUC-PR': 0.034886928772067956, 'AUC-ROC': 0.651205164098408, 'VUS-PR': np.float64(0.030251922831902818), 'VUS-ROC': np.float64(0.357005277425143), 'Standard-F1': np.float64(0.07020331364105453), 'PA-F1': 0.2935153583617747, 'Event-based-F1': np.float64(0.07894736842105249), 'R-based-F1': 0.08295414770738536, 'Affiliation-F': 0.8113469609206918}
2026-02-08 15:56:48.893 | INFO     | src.pipelines.train_vision_backbones:run_pipeline:170 - Train images: 22
2026-02-08 15:56:48.894 | INFO     | src.pipelines.train_vision_backbones:run_pipeline:171 - Test images: 86
2026-02-08 15:56:49.107 | INFO     | src.pipelines.train_vision_backbones:run_pipeline:176 - Training resnet18_autoencoder_frozen on GADF
2026-02-08 15:56:49.121 | INFO     | src.models.resnet18_autoencoder.training:train_autoencoder_frozen:25 - Device: cuda | Model on: cuda:0
2026-02-08 15:56:56.061 | INFO     | src.pipelines.train_vision_backbones:run_pipeline:193 - Evaluating resnet18_autoencoder_frozen on GADF
2026-02-08 15:56:56.150 | INFO     | src.models.evaluation:evaluate_tsb_ad_nonoverlapping:65 - Normal (3601) reconstruction error: mean=0.4488, std=0.2041
2026-02-08 15:56:56.150 | INFO     | src.models.evaluation:evaluate_tsb_ad_nonoverlapping:66 - Anomaly (49) reconstruction error: mean=0.7013, std=0.2411
2026-02-08 15:56:56.150 | INFO     | src.models.evaluation:evaluate_tsb_ad_nonoverlapping:67 - Overlap? Normal max=1.0000, Anomaly min=0.0725
2026-02-08 15:56:57.035 | INFO     | src.models.evaluation:evaluate_tsb_ad_nonoverlapping:83 - {'AUC-PR': 0.09375019231352195, 'AUC-ROC': 0.800653446604968, 'VUS-PR': np.float64(0.0626397939589299), 'VUS-ROC': np.float64(0.4420145146244895), 'Standard-F1': np.float64(0.19824827991363367), 'PA-F1': 0.24431818181818182, 'Event-based-F1': np.float64(0.187845303867403), 'R-based-F1': 0.20379051701044737, 'Affiliation-F': 0.7014957968876776}
2026-02-08 15:56:57.205 | INFO     | src.pipelines.train_vision_backbones:run_pipeline:170 - Train images: 22
2026-02-08 15:56:57.205 | INFO     | src.pipelines.train_vision_backbones:run_pipeline:171 - Test images: 86
2026-02-08 15:56:57.417 | INFO     | src.pipelines.train_vision_backbones:run_pipeline:176 - Training resnet18_autoencoder_progressive_unfreeze on GADF
2026-02-08 15:56:57.430 | INFO     | src.models.resnet18_autoencoder.training:train_autoencoder_progressive_unfreeze:133 - Device: cuda | Model on: cuda:0
2026-02-08 15:57:00.295 | INFO     | src.pipelines.train_vision_backbones:run_pipeline:193 - Evaluating resnet18_autoencoder_progressive_unfreeze on GADF
2026-02-08 15:57:00.389 | INFO     | src.models.evaluation:evaluate_tsb_ad_nonoverlapping:65 - Normal (3601) reconstruction error: mean=0.3875, std=0.1587
2026-02-08 15:57:00.389 | INFO     | src.models.evaluation:evaluate_tsb_ad_nonoverlapping:66 - Anomaly (49) reconstruction error: mean=0.8044, std=0.3141
2026-02-08 15:57:00.389 | INFO     | src.models.evaluation:evaluate_tsb_ad_nonoverlapping:67 - Overlap? Normal max=1.0000, Anomaly min=0.1187
2026-02-08 15:57:01.221 | INFO     | src.models.evaluation:evaluate_tsb_ad_nonoverlapping:83 - {'AUC-PR': 0.5724715407042138, 'AUC-ROC': 0.8442127753628527, 'VUS-PR': np.float64(0.3372781945222449), 'VUS-ROC': np.float64(0.48630979883819275), 'Standard-F1': np.float64(0.7472477768716068), 'PA-F1': 0.86, 'Event-based-F1': np.float64(0.6181818181818176), 'R-based-F1': 0.5498238323245099, 'Affiliation-F': 0.7523151449673637}
2026-02-08 15:57:01.375 | INFO     | src.pipelines.train_vision_backbones:run_pipeline:170 - Train images: 22
2026-02-08 15:57:01.375 | INFO     | src.pipelines.train_vision_backbones:run_pipeline:171 - Test images: 86
2026-02-08 15:57:01.588 | INFO     | src.pipelines.train_vision_backbones:run_pipeline:176 - Training resnet18_autoencoder_differential_lr on GADF
2026-02-08 15:57:01.602 | INFO     | src.models.resnet18_autoencoder.training:train_autoencoder_differential_lr:271 - Device: cuda | Model on: cuda:0
2026-02-08 15:57:05.204 | INFO     | src.pipelines.train_vision_backbones:run_pipeline:193 - Evaluating resnet18_autoencoder_differential_lr on GADF
2026-02-08 15:57:05.281 | INFO     | src.models.evaluation:evaluate_tsb_ad_nonoverlapping:65 - Normal (3601) reconstruction error: mean=0.3852, std=0.1576
2026-02-08 15:57:05.281 | INFO     | src.models.evaluation:evaluate_tsb_ad_nonoverlapping:66 - Anomaly (49) reconstruction error: mean=0.8035, std=0.3154
2026-02-08 15:57:05.281 | INFO     | src.models.evaluation:evaluate_tsb_ad_nonoverlapping:67 - Overlap? Normal max=1.0000, Anomaly min=0.1160
2026-02-08 15:57:06.103 | INFO     | src.models.evaluation:evaluate_tsb_ad_nonoverlapping:83 - {'AUC-PR': 0.5720608812438366, 'AUC-ROC': 0.8420705132927928, 'VUS-PR': np.float64(0.33701243439504214), 'VUS-ROC': np.float64(0.48509587217007955), 'Standard-F1': np.float64(0.7472477768716068), 'PA-F1': 0.86, 'Event-based-F1': np.float64(0.6181818181818176), 'R-based-F1': 0.5498238323245099, 'Affiliation-F': 0.7523151449673637}
2026-02-08 15:57:06.256 | INFO     | src.pipelines.train_vision_backbones:run_pipeline:170 - Train images: 22
2026-02-08 15:57:06.256 | INFO     | src.pipelines.train_vision_backbones:run_pipeline:171 - Test images: 86
2026-02-08 15:57:07.281 | INFO     | src.pipelines.train_vision_backbones:run_pipeline:176 - Training pvt_autoencoder_frozen on GADF
2026-02-08 15:57:07.304 | INFO     | src.models.pvt_autoencoder.training:train_pvt_autoencoder_frozen:24 - Device: cuda | Model on: cuda:0
2026-02-08 15:57:09.095 | INFO     | src.pipelines.train_vision_backbones:run_pipeline:193 - Evaluating pvt_autoencoder_frozen on GADF
2026-02-08 15:57:09.170 | INFO     | src.models.evaluation:evaluate_tsb_ad_nonoverlapping:65 - Normal (3601) reconstruction error: mean=0.3872, std=0.1588
2026-02-08 15:57:09.170 | INFO     | src.models.evaluation:evaluate_tsb_ad_nonoverlapping:66 - Anomaly (49) reconstruction error: mean=0.8042, std=0.3143
2026-02-08 15:57:09.170 | INFO     | src.models.evaluation:evaluate_tsb_ad_nonoverlapping:67 - Overlap? Normal max=1.0000, Anomaly min=0.1189
2026-02-08 15:57:10.007 | INFO     | src.models.evaluation:evaluate_tsb_ad_nonoverlapping:83 - {'AUC-PR': 0.5724715407042138, 'AUC-ROC': 0.8442127753628527, 'VUS-PR': np.float64(0.3372781945222449), 'VUS-ROC': np.float64(0.48630979883819275), 'Standard-F1': np.float64(0.7472477768716068), 'PA-F1': 0.86, 'Event-based-F1': np.float64(0.6181818181818176), 'R-based-F1': 0.5498238323245099, 'Affiliation-F': 0.7523151449673637}
2026-02-08 15:57:10.163 | INFO     | src.pipelines.train_vision_backbones:run_pipeline:170 - Train images: 22
2026-02-08 15:57:10.163 | INFO     | src.pipelines.train_vision_backbones:run_pipeline:171 - Test images: 86
2026-02-08 15:57:11.068 | INFO     | src.pipelines.train_vision_backbones:run_pipeline:176 - Training pvt_autoencoder_progressive_unfreeze on GADF
2026-02-08 15:57:11.092 | INFO     | src.models.pvt_autoencoder.training:train_pvt_autoencoder_progressive_unfreeze:132 - Device: cuda | Model on: cuda:0
2026-02-08 15:57:12.849 | INFO     | src.pipelines.train_vision_backbones:run_pipeline:193 - Evaluating pvt_autoencoder_progressive_unfreeze on GADF
2026-02-08 15:57:12.924 | INFO     | src.models.evaluation:evaluate_tsb_ad_nonoverlapping:65 - Normal (3601) reconstruction error: mean=0.3875, std=0.1587
2026-02-08 15:57:12.924 | INFO     | src.models.evaluation:evaluate_tsb_ad_nonoverlapping:66 - Anomaly (49) reconstruction error: mean=0.8042, std=0.3143
2026-02-08 15:57:12.925 | INFO     | src.models.evaluation:evaluate_tsb_ad_nonoverlapping:67 - Overlap? Normal max=1.0000, Anomaly min=0.1189
2026-02-08 15:57:13.761 | INFO     | src.models.evaluation:evaluate_tsb_ad_nonoverlapping:83 - {'AUC-PR': 0.5720608812438366, 'AUC-ROC': 0.8420705132927928, 'VUS-PR': np.float64(0.33701243439504214), 'VUS-ROC': np.float64(0.48509587217007955), 'Standard-F1': np.float64(0.7472477768716068), 'PA-F1': 0.86, 'Event-based-F1': np.float64(0.6181818181818176), 'R-based-F1': 0.5498238323245099, 'Affiliation-F': 0.7523151449673637}
2026-02-08 15:57:13.913 | INFO     | src.pipelines.train_vision_backbones:run_pipeline:170 - Train images: 22
2026-02-08 15:57:13.913 | INFO     | src.pipelines.train_vision_backbones:run_pipeline:171 - Test images: 86
2026-02-08 15:57:14.821 | INFO     | src.pipelines.train_vision_backbones:run_pipeline:176 - Training pvt_autoencoder_differential_lr on GADF
2026-02-08 15:57:14.843 | INFO     | src.models.pvt_autoencoder.training:train_pvt_autoencoder_differential_lr:267 - Device: cuda | Model on: cuda:0
2026-02-08 15:57:19.041 | INFO     | src.pipelines.train_vision_backbones:run_pipeline:193 - Evaluating pvt_autoencoder_differential_lr on GADF
2026-02-08 15:57:19.112 | INFO     | src.models.evaluation:evaluate_tsb_ad_nonoverlapping:65 - Normal (3601) reconstruction error: mean=0.3876, std=0.1594
2026-02-08 15:57:19.113 | INFO     | src.models.evaluation:evaluate_tsb_ad_nonoverlapping:66 - Anomaly (49) reconstruction error: mean=0.8040, std=0.3149
2026-02-08 15:57:19.113 | INFO     | src.models.evaluation:evaluate_tsb_ad_nonoverlapping:67 - Overlap? Normal max=1.0000, Anomaly min=0.1163
2026-02-08 15:57:19.945 | INFO     | src.models.evaluation:evaluate_tsb_ad_nonoverlapping:83 - {'AUC-PR': 0.5720608812438366, 'AUC-ROC': 0.8420705132927928, 'VUS-PR': np.float64(0.33701243439504214), 'VUS-ROC': np.float64(0.48509587217007955), 'Standard-F1': np.float64(0.7472477768716068), 'PA-F1': 0.86, 'Event-based-F1': np.float64(0.6181818181818176), 'R-based-F1': 0.5498238323245099, 'Affiliation-F': 0.7523151449673637}
2026-02-08 15:57:20.145 | INFO     | src.pipelines.train_vision_backbones:run_pipeline:70 - Using zip: /net/scratch/hscra/plgrid/plgsmendowski12/ts2i_images/IOPS/269_IOPS_id_10_WebService_tr_1216_1st_1728_ts2i_MTF.zip for transformation MTF
2026-02-08 15:57:20.300 | INFO     | src.pipelines.train_vision_backbones:run_pipeline:170 - Train images: 22
2026-02-08 15:57:20.300 | INFO     | src.pipelines.train_vision_backbones:run_pipeline:171 - Test images: 86
2026-02-08 15:57:20.307 | INFO     | src.pipelines.train_vision_backbones:run_pipeline:176 - Training cnn_autoencoder on MTF
2026-02-08 15:57:20.311 | INFO     | src.models.cnn_autoencoder.training:train_autoencoder:22 - Device: cuda | Model on: cuda:0
2026-02-08 15:57:39.397 | INFO     | src.pipelines.train_vision_backbones:run_pipeline:193 - Evaluating cnn_autoencoder on MTF
2026-02-08 15:57:39.477 | INFO     | src.models.evaluation:evaluate_tsb_ad_nonoverlapping:65 - Normal (3601) reconstruction error: mean=0.2987, std=0.1773
2026-02-08 15:57:39.477 | INFO     | src.models.evaluation:evaluate_tsb_ad_nonoverlapping:66 - Anomaly (49) reconstruction error: mean=0.6636, std=0.1268
2026-02-08 15:57:39.477 | INFO     | src.models.evaluation:evaluate_tsb_ad_nonoverlapping:67 - Overlap? Normal max=1.0000, Anomaly min=0.3999
2026-02-08 15:57:40.231 | INFO     | src.models.evaluation:evaluate_tsb_ad_nonoverlapping:83 - {'AUC-PR': 0.15268639966149652, 'AUC-ROC': 0.9332923394295236, 'VUS-PR': np.float64(0.20597949876703758), 'VUS-ROC': np.float64(0.9465913693680347), 'Standard-F1': np.float64(0.31372238557474513), 'PA-F1': 0.3712121212121212, 'Event-based-F1': np.float64(0.32520325203252004), 'R-based-F1': 0.37797390636991557, 'Affiliation-F': 0.796916926540558}
2026-02-08 15:57:40.388 | INFO     | src.pipelines.train_vision_backbones:run_pipeline:170 - Train images: 22
2026-02-08 15:57:40.388 | INFO     | src.pipelines.train_vision_backbones:run_pipeline:171 - Test images: 86
2026-02-08 15:57:40.606 | INFO     | src.pipelines.train_vision_backbones:run_pipeline:176 - Training resnet18_autoencoder_frozen on MTF
2026-02-08 15:57:40.619 | INFO     | src.models.resnet18_autoencoder.training:train_autoencoder_frozen:25 - Device: cuda | Model on: cuda:0
2026-02-08 15:57:59.847 | INFO     | src.pipelines.train_vision_backbones:run_pipeline:193 - Evaluating resnet18_autoencoder_frozen on MTF
2026-02-08 15:57:59.937 | INFO     | src.models.evaluation:evaluate_tsb_ad_nonoverlapping:65 - Normal (3601) reconstruction error: mean=0.2782, std=0.1881
2026-02-08 15:57:59.937 | INFO     | src.models.evaluation:evaluate_tsb_ad_nonoverlapping:66 - Anomaly (49) reconstruction error: mean=0.6986, std=0.1947
2026-02-08 15:57:59.937 | INFO     | src.models.evaluation:evaluate_tsb_ad_nonoverlapping:67 - Overlap? Normal max=1.0000, Anomaly min=0.2965
2026-02-08 15:58:00.665 | INFO     | src.models.evaluation:evaluate_tsb_ad_nonoverlapping:83 - {'AUC-PR': 0.22366451284475714, 'AUC-ROC': 0.9116316896100289, 'VUS-PR': np.float64(0.24479197099938407), 'VUS-ROC': np.float64(0.9374861409260753), 'Standard-F1': np.float64(0.3976567299760375), 'PA-F1': 0.4777777777777778, 'Event-based-F1': np.float64(0.35789473684210477), 'R-based-F1': 0.41043970865929325, 'Affiliation-F': 0.8114602042503505}
2026-02-08 15:58:00.821 | INFO     | src.pipelines.train_vision_backbones:run_pipeline:170 - Train images: 22
2026-02-08 15:58:00.822 | INFO     | src.pipelines.train_vision_backbones:run_pipeline:171 - Test images: 86
2026-02-08 15:58:01.034 | INFO     | src.pipelines.train_vision_backbones:run_pipeline:176 - Training resnet18_autoencoder_progressive_unfreeze on MTF
2026-02-08 15:58:01.048 | INFO     | src.models.resnet18_autoencoder.training:train_autoencoder_progressive_unfreeze:133 - Device: cuda | Model on: cuda:0
2026-02-08 15:58:38.775 | INFO     | src.pipelines.train_vision_backbones:run_pipeline:193 - Evaluating resnet18_autoencoder_progressive_unfreeze on MTF
2026-02-08 15:58:38.980 | INFO     | src.models.evaluation:evaluate_tsb_ad_nonoverlapping:65 - Normal (3601) reconstruction error: mean=0.2686, std=0.1902
2026-02-08 15:58:38.981 | INFO     | src.models.evaluation:evaluate_tsb_ad_nonoverlapping:66 - Anomaly (49) reconstruction error: mean=0.6946, std=0.1865
2026-02-08 15:58:38.981 | INFO     | src.models.evaluation:evaluate_tsb_ad_nonoverlapping:67 - Overlap? Normal max=1.0000, Anomaly min=0.3080
2026-02-08 15:58:39.698 | INFO     | src.models.evaluation:evaluate_tsb_ad_nonoverlapping:83 - {'AUC-PR': 0.14872018778595092, 'AUC-ROC': 0.9111556313722378, 'VUS-PR': np.float64(0.20601637403033746), 'VUS-ROC': np.float64(0.9363954165481387), 'Standard-F1': np.float64(0.31372238557474513), 'PA-F1': 0.3712121212121212, 'Event-based-F1': np.float64(0.32520325203252004), 'R-based-F1': 0.37797390636991557, 'Affiliation-F': 0.796916926540558}
2026-02-08 15:58:39.855 | INFO     | src.pipelines.train_vision_backbones:run_pipeline:170 - Train images: 22
2026-02-08 15:58:39.856 | INFO     | src.pipelines.train_vision_backbones:run_pipeline:171 - Test images: 86
2026-02-08 15:58:40.068 | INFO     | src.pipelines.train_vision_backbones:run_pipeline:176 - Training resnet18_autoencoder_differential_lr on MTF
2026-02-08 15:58:40.082 | INFO     | src.models.resnet18_autoencoder.training:train_autoencoder_differential_lr:271 - Device: cuda | Model on: cuda:0
2026-02-08 15:59:01.924 | INFO     | src.pipelines.train_vision_backbones:run_pipeline:193 - Evaluating resnet18_autoencoder_differential_lr on MTF
2026-02-08 15:59:01.999 | INFO     | src.models.evaluation:evaluate_tsb_ad_nonoverlapping:65 - Normal (3601) reconstruction error: mean=0.2981, std=0.1956
2026-02-08 15:59:01.999 | INFO     | src.models.evaluation:evaluate_tsb_ad_nonoverlapping:66 - Anomaly (49) reconstruction error: mean=0.7787, std=0.2045
2026-02-08 15:59:01.999 | INFO     | src.models.evaluation:evaluate_tsb_ad_nonoverlapping:67 - Overlap? Normal max=1.0000, Anomaly min=0.3479
2026-02-08 15:59:02.751 | INFO     | src.models.evaluation:evaluate_tsb_ad_nonoverlapping:83 - {'AUC-PR': 0.23151337454213994, 'AUC-ROC': 0.9280556988138216, 'VUS-PR': np.float64(0.27914189302328585), 'VUS-ROC': np.float64(0.9511711274056673), 'Standard-F1': np.float64(0.3976567299760375), 'PA-F1': 0.4777777777777778, 'Event-based-F1': np.float64(0.3921568627450977), 'R-based-F1': 0.4715456884686733, 'Affiliation-F': 0.801436440259168}
2026-02-08 15:59:02.905 | INFO     | src.pipelines.train_vision_backbones:run_pipeline:170 - Train images: 22
2026-02-08 15:59:02.905 | INFO     | src.pipelines.train_vision_backbones:run_pipeline:171 - Test images: 86
2026-02-08 15:59:03.849 | INFO     | src.pipelines.train_vision_backbones:run_pipeline:176 - Training pvt_autoencoder_frozen on MTF
2026-02-08 15:59:03.872 | INFO     | src.models.pvt_autoencoder.training:train_pvt_autoencoder_frozen:24 - Device: cuda | Model on: cuda:0
2026-02-08 15:59:28.592 | INFO     | src.pipelines.train_vision_backbones:run_pipeline:193 - Evaluating pvt_autoencoder_frozen on MTF
2026-02-08 15:59:28.666 | INFO     | src.models.evaluation:evaluate_tsb_ad_nonoverlapping:65 - Normal (3601) reconstruction error: mean=0.2722, std=0.1745
2026-02-08 15:59:28.666 | INFO     | src.models.evaluation:evaluate_tsb_ad_nonoverlapping:66 - Anomaly (49) reconstruction error: mean=0.6414, std=0.1598
2026-02-08 15:59:28.666 | INFO     | src.models.evaluation:evaluate_tsb_ad_nonoverlapping:67 - Overlap? Normal max=1.0000, Anomaly min=0.3075
2026-02-08 15:59:29.389 | INFO     | src.models.evaluation:evaluate_tsb_ad_nonoverlapping:83 - {'AUC-PR': 0.1762333704090009, 'AUC-ROC': 0.9206767961280597, 'VUS-PR': np.float64(0.21755673949001197), 'VUS-ROC': np.float64(0.9415937801057743), 'Standard-F1': np.float64(0.31924528382339024), 'PA-F1': 0.38738738738738737, 'Event-based-F1': np.float64(0.32520325203252004), 'R-based-F1': 0.37797390636991557, 'Affiliation-F': 0.796916926540558}
2026-02-08 15:59:29.560 | INFO     | src.pipelines.train_vision_backbones:run_pipeline:170 - Train images: 22
2026-02-08 15:59:29.560 | INFO     | src.pipelines.train_vision_backbones:run_pipeline:171 - Test images: 86
2026-02-08 15:59:30.532 | INFO     | src.pipelines.train_vision_backbones:run_pipeline:176 - Training pvt_autoencoder_progressive_unfreeze on MTF
2026-02-08 15:59:30.555 | INFO     | src.models.pvt_autoencoder.training:train_pvt_autoencoder_progressive_unfreeze:132 - Device: cuda | Model on: cuda:0
2026-02-08 15:59:58.190 | INFO     | src.pipelines.train_vision_backbones:run_pipeline:193 - Evaluating pvt_autoencoder_progressive_unfreeze on MTF
2026-02-08 15:59:58.268 | INFO     | src.models.evaluation:evaluate_tsb_ad_nonoverlapping:65 - Normal (3601) reconstruction error: mean=0.3139, std=0.2469
2026-02-08 15:59:58.269 | INFO     | src.models.evaluation:evaluate_tsb_ad_nonoverlapping:66 - Anomaly (49) reconstruction error: mean=0.6367, std=0.0813
2026-02-08 15:59:58.269 | INFO     | src.models.evaluation:evaluate_tsb_ad_nonoverlapping:67 - Overlap? Normal max=1.0000, Anomaly min=0.5956
2026-02-08 15:59:59.040 | INFO     | src.models.evaluation:evaluate_tsb_ad_nonoverlapping:83 - {'AUC-PR': 0.05974350836564461, 'AUC-ROC': 0.8492680604593963, 'VUS-PR': np.float64(0.06861908249571348), 'VUS-ROC': np.float64(0.8483327259058541), 'Standard-F1': np.float64(0.13667934028173906), 'PA-F1': 0.23056300268096513, 'Event-based-F1': np.float64(0.1366806136680612), 'R-based-F1': 0.09590235396687008, 'Affiliation-F': 0.7221765219146074}
2026-02-08 15:59:59.196 | INFO     | src.pipelines.train_vision_backbones:run_pipeline:170 - Train images: 22
2026-02-08 15:59:59.196 | INFO     | src.pipelines.train_vision_backbones:run_pipeline:171 - Test images: 86
2026-02-08 16:00:00.142 | INFO     | src.pipelines.train_vision_backbones:run_pipeline:176 - Training pvt_autoencoder_differential_lr on MTF
2026-02-08 16:00:00.166 | INFO     | src.models.pvt_autoencoder.training:train_pvt_autoencoder_differential_lr:267 - Device: cuda | Model on: cuda:0
2026-02-08 16:00:27.857 | INFO     | src.pipelines.train_vision_backbones:run_pipeline:193 - Evaluating pvt_autoencoder_differential_lr on MTF
2026-02-08 16:00:28.119 | INFO     | src.models.evaluation:evaluate_tsb_ad_nonoverlapping:65 - Normal (3601) reconstruction error: mean=0.3050, std=0.1888
2026-02-08 16:00:28.120 | INFO     | src.models.evaluation:evaluate_tsb_ad_nonoverlapping:66 - Anomaly (49) reconstruction error: mean=0.8014, std=0.2255
2026-02-08 16:00:28.120 | INFO     | src.models.evaluation:evaluate_tsb_ad_nonoverlapping:67 - Overlap? Normal max=1.0000, Anomaly min=0.3633
2026-02-08 16:00:28.874 | INFO     | src.models.evaluation:evaluate_tsb_ad_nonoverlapping:83 - {'AUC-PR': 0.22542427065526194, 'AUC-ROC': 0.9266275241004482, 'VUS-PR': np.float64(0.24576468656800227), 'VUS-ROC': np.float64(0.9448125562878934), 'Standard-F1': np.float64(0.3976567299760375), 'PA-F1': 0.4777777777777778, 'Event-based-F1': np.float64(0.35789473684210477), 'R-based-F1': 0.41043970865929325, 'Affiliation-F': 0.8271765177026416}
2026-02-08 16:00:29.078 | INFO     | src.pipelines.train_vision_backbones:run_pipeline:70 - Using zip: /net/scratch/hscra/plgrid/plgsmendowski12/ts2i_images/IOPS/269_IOPS_id_10_WebService_tr_1216_1st_1728_ts2i_RP.zip for transformation RP
2026-02-08 16:00:29.218 | INFO     | src.pipelines.train_vision_backbones:run_pipeline:170 - Train images: 22
2026-02-08 16:00:29.218 | INFO     | src.pipelines.train_vision_backbones:run_pipeline:171 - Test images: 86
2026-02-08 16:00:29.224 | INFO     | src.pipelines.train_vision_backbones:run_pipeline:176 - Training cnn_autoencoder on RP
2026-02-08 16:00:29.228 | INFO     | src.models.cnn_autoencoder.training:train_autoencoder:22 - Device: cuda | Model on: cuda:0
2026-02-08 16:00:48.123 | INFO     | src.pipelines.train_vision_backbones:run_pipeline:193 - Evaluating cnn_autoencoder on RP
2026-02-08 16:00:48.198 | INFO     | src.models.evaluation:evaluate_tsb_ad_nonoverlapping:65 - Normal (3601) reconstruction error: mean=0.2702, std=0.1558
2026-02-08 16:00:48.198 | INFO     | src.models.evaluation:evaluate_tsb_ad_nonoverlapping:66 - Anomaly (49) reconstruction error: mean=0.4542, std=0.1121
2026-02-08 16:00:48.198 | INFO     | src.models.evaluation:evaluate_tsb_ad_nonoverlapping:67 - Overlap? Normal max=1.0000, Anomaly min=0.2319
2026-02-08 16:00:48.917 | INFO     | src.models.evaluation:evaluate_tsb_ad_nonoverlapping:83 - {'AUC-PR': 0.10456146744412051, 'AUC-ROC': 0.8355417146030863, 'VUS-PR': np.float64(0.09165226196874755), 'VUS-ROC': np.float64(0.825217547505708), 'Standard-F1': np.float64(0.22591089549761814), 'PA-F1': 0.27741935483870966, 'Event-based-F1': np.float64(0.21249999999999966), 'R-based-F1': 0.20379051701044737, 'Affiliation-F': 0.8298893998904635}
2026-02-08 16:00:49.069 | INFO     | src.pipelines.train_vision_backbones:run_pipeline:170 - Train images: 22
2026-02-08 16:00:49.069 | INFO     | src.pipelines.train_vision_backbones:run_pipeline:171 - Test images: 86
2026-02-08 16:00:49.282 | INFO     | src.pipelines.train_vision_backbones:run_pipeline:176 - Training resnet18_autoencoder_frozen on RP
2026-02-08 16:00:49.296 | INFO     | src.models.resnet18_autoencoder.training:train_autoencoder_frozen:25 - Device: cuda | Model on: cuda:0
2026-02-08 16:01:07.730 | INFO     | src.pipelines.train_vision_backbones:run_pipeline:193 - Evaluating resnet18_autoencoder_frozen on RP
2026-02-08 16:01:07.818 | INFO     | src.models.evaluation:evaluate_tsb_ad_nonoverlapping:65 - Normal (3601) reconstruction error: mean=0.4283, std=0.2524
2026-02-08 16:01:07.818 | INFO     | src.models.evaluation:evaluate_tsb_ad_nonoverlapping:66 - Anomaly (49) reconstruction error: mean=0.5221, std=0.2038
2026-02-08 16:01:07.818 | INFO     | src.models.evaluation:evaluate_tsb_ad_nonoverlapping:67 - Overlap? Normal max=1.0000, Anomaly min=0.0944
2026-02-08 16:01:08.692 | INFO     | src.models.evaluation:evaluate_tsb_ad_nonoverlapping:83 - {'AUC-PR': 0.03246516186913483, 'AUC-ROC': 0.6253846720582151, 'VUS-PR': np.float64(0.044081089260655355), 'VUS-ROC': np.float64(0.6916238225306), 'Standard-F1': np.float64(0.07912865233273648), 'PA-F1': 0.09607843137254903, 'Event-based-F1': np.float64(0.07984031936127736), 'R-based-F1': 0.10004316583297361, 'Affiliation-F': 0.782598238941993}
2026-02-08 16:01:08.848 | INFO     | src.pipelines.train_vision_backbones:run_pipeline:170 - Train images: 22
2026-02-08 16:01:08.849 | INFO     | src.pipelines.train_vision_backbones:run_pipeline:171 - Test images: 86
2026-02-08 16:01:09.061 | INFO     | src.pipelines.train_vision_backbones:run_pipeline:176 - Training resnet18_autoencoder_progressive_unfreeze on RP
2026-02-08 16:01:09.075 | INFO     | src.models.resnet18_autoencoder.training:train_autoencoder_progressive_unfreeze:133 - Device: cuda | Model on: cuda:0
2026-02-08 16:01:29.385 | INFO     | src.pipelines.train_vision_backbones:run_pipeline:193 - Evaluating resnet18_autoencoder_progressive_unfreeze on RP
2026-02-08 16:01:29.467 | INFO     | src.models.evaluation:evaluate_tsb_ad_nonoverlapping:65 - Normal (3601) reconstruction error: mean=0.4213, std=0.2063
2026-02-08 16:01:29.467 | INFO     | src.models.evaluation:evaluate_tsb_ad_nonoverlapping:66 - Anomaly (49) reconstruction error: mean=0.4878, std=0.1001
2026-02-08 16:01:29.467 | INFO     | src.models.evaluation:evaluate_tsb_ad_nonoverlapping:67 - Overlap? Normal max=1.0000, Anomaly min=0.3110
2026-02-08 16:01:30.321 | INFO     | src.models.evaluation:evaluate_tsb_ad_nonoverlapping:83 - {'AUC-PR': 0.02773089076027436, 'AUC-ROC': 0.6253279984584781, 'VUS-PR': np.float64(0.03709484092246024), 'VUS-ROC': np.float64(0.6626592820511679), 'Standard-F1': np.float64(0.06314053505260202), 'PA-F1': 0.0768025078369906, 'Event-based-F1': np.float64(0.0635930047694753), 'R-based-F1': 0.08642530462726346, 'Affiliation-F': 0.79584849625284}
2026-02-08 16:01:30.475 | INFO     | src.pipelines.train_vision_backbones:run_pipeline:170 - Train images: 22
2026-02-08 16:01:30.475 | INFO     | src.pipelines.train_vision_backbones:run_pipeline:171 - Test images: 86
2026-02-08 16:01:30.687 | INFO     | src.pipelines.train_vision_backbones:run_pipeline:176 - Training resnet18_autoencoder_differential_lr on RP
2026-02-08 16:01:30.701 | INFO     | src.models.resnet18_autoencoder.training:train_autoencoder_differential_lr:271 - Device: cuda | Model on: cuda:0
2026-02-08 16:01:55.538 | INFO     | src.pipelines.train_vision_backbones:run_pipeline:193 - Evaluating resnet18_autoencoder_differential_lr on RP
2026-02-08 16:01:55.608 | INFO     | src.models.evaluation:evaluate_tsb_ad_nonoverlapping:65 - Normal (3601) reconstruction error: mean=0.4297, std=0.2543
2026-02-08 16:01:55.609 | INFO     | src.models.evaluation:evaluate_tsb_ad_nonoverlapping:66 - Anomaly (49) reconstruction error: mean=0.6236, std=0.2036
2026-02-08 16:01:55.609 | INFO     | src.models.evaluation:evaluate_tsb_ad_nonoverlapping:67 - Overlap? Normal max=1.0000, Anomaly min=0.2058
2026-02-08 16:01:56.480 | INFO     | src.models.evaluation:evaluate_tsb_ad_nonoverlapping:83 - {'AUC-PR': 0.0546767698775833, 'AUC-ROC': 0.7364875969826975, 'VUS-PR': np.float64(0.054175599777861676), 'VUS-ROC': np.float64(0.7353288025597926), 'Standard-F1': np.float64(0.12296402684841665), 'PA-F1': 0.15302491103202848, 'Event-based-F1': np.float64(0.11888111888111867), 'R-based-F1': 0.1355456570155902, 'Affiliation-F': 0.8181364801245726}
2026-02-08 16:01:56.637 | INFO     | src.pipelines.train_vision_backbones:run_pipeline:170 - Train images: 22
2026-02-08 16:01:56.638 | INFO     | src.pipelines.train_vision_backbones:run_pipeline:171 - Test images: 86
2026-02-08 16:01:57.616 | INFO     | src.pipelines.train_vision_backbones:run_pipeline:176 - Training pvt_autoencoder_frozen on RP
2026-02-08 16:01:57.639 | INFO     | src.models.pvt_autoencoder.training:train_pvt_autoencoder_frozen:24 - Device: cuda | Model on: cuda:0
2026-02-08 16:02:24.441 | INFO     | src.pipelines.train_vision_backbones:run_pipeline:193 - Evaluating pvt_autoencoder_frozen on RP
2026-02-08 16:02:24.511 | INFO     | src.models.evaluation:evaluate_tsb_ad_nonoverlapping:65 - Normal (3601) reconstruction error: mean=0.3377, std=0.1852
2026-02-08 16:02:24.511 | INFO     | src.models.evaluation:evaluate_tsb_ad_nonoverlapping:66 - Anomaly (49) reconstruction error: mean=0.4437, std=0.1061
2026-02-08 16:02:24.511 | INFO     | src.models.evaluation:evaluate_tsb_ad_nonoverlapping:67 - Overlap? Normal max=1.0000, Anomaly min=0.2433
2026-02-08 16:02:25.296 | INFO     | src.models.evaluation:evaluate_tsb_ad_nonoverlapping:83 - {'AUC-PR': 0.057793528081643335, 'AUC-ROC': 0.7424383249550861, 'VUS-PR': np.float64(0.048529267257550024), 'VUS-ROC': np.float64(0.6706177714564138), 'Standard-F1': np.float64(0.13307067315880114), 'PA-F1': 0.16538461538461538, 'Event-based-F1': np.float64(0.1283018867924526), 'R-based-F1': 0.1479302885199679, 'Affiliation-F': 0.8380804127127711}
2026-02-08 16:02:25.449 | INFO     | src.pipelines.train_vision_backbones:run_pipeline:170 - Train images: 22
2026-02-08 16:02:25.450 | INFO     | src.pipelines.train_vision_backbones:run_pipeline:171 - Test images: 86
2026-02-08 16:02:26.388 | INFO     | src.pipelines.train_vision_backbones:run_pipeline:176 - Training pvt_autoencoder_progressive_unfreeze on RP
2026-02-08 16:02:26.411 | INFO     | src.models.pvt_autoencoder.training:train_pvt_autoencoder_progressive_unfreeze:132 - Device: cuda | Model on: cuda:0
2026-02-08 16:02:52.249 | INFO     | src.pipelines.train_vision_backbones:run_pipeline:193 - Evaluating pvt_autoencoder_progressive_unfreeze on RP
2026-02-08 16:02:52.485 | INFO     | src.models.evaluation:evaluate_tsb_ad_nonoverlapping:65 - Normal (3601) reconstruction error: mean=0.4022, std=0.2414
2026-02-08 16:02:52.485 | INFO     | src.models.evaluation:evaluate_tsb_ad_nonoverlapping:66 - Anomaly (49) reconstruction error: mean=0.6171, std=0.2368
2026-02-08 16:02:52.485 | INFO     | src.models.evaluation:evaluate_tsb_ad_nonoverlapping:67 - Overlap? Normal max=1.0000, Anomaly min=0.2568
2026-02-08 16:02:53.335 | INFO     | src.models.evaluation:evaluate_tsb_ad_nonoverlapping:83 - {'AUC-PR': 0.08587080446027252, 'AUC-ROC': 0.7463828074967838, 'VUS-PR': np.float64(0.05921478247394727), 'VUS-ROC': np.float64(0.5611135550949957), 'Standard-F1': np.float64(0.19824827991363367), 'PA-F1': 0.2182741116751269, 'Event-based-F1': np.float64(0.16831683168316805), 'R-based-F1': 0.1628056283772939, 'Affiliation-F': 0.8103414561733007}
2026-02-08 16:02:53.493 | INFO     | src.pipelines.train_vision_backbones:run_pipeline:170 - Train images: 22
2026-02-08 16:02:53.493 | INFO     | src.pipelines.train_vision_backbones:run_pipeline:171 - Test images: 86
2026-02-08 16:02:54.444 | INFO     | src.pipelines.train_vision_backbones:run_pipeline:176 - Training pvt_autoencoder_differential_lr on RP
2026-02-08 16:02:54.467 | INFO     | src.models.pvt_autoencoder.training:train_pvt_autoencoder_differential_lr:267 - Device: cuda | Model on: cuda:0
2026-02-08 16:03:23.884 | INFO     | src.pipelines.train_vision_backbones:run_pipeline:193 - Evaluating pvt_autoencoder_differential_lr on RP
2026-02-08 16:03:23.970 | INFO     | src.models.evaluation:evaluate_tsb_ad_nonoverlapping:65 - Normal (3601) reconstruction error: mean=0.4646, std=0.2504
2026-02-08 16:03:23.970 | INFO     | src.models.evaluation:evaluate_tsb_ad_nonoverlapping:66 - Anomaly (49) reconstruction error: mean=0.7364, std=0.2278
2026-02-08 16:03:23.970 | INFO     | src.models.evaluation:evaluate_tsb_ad_nonoverlapping:67 - Overlap? Normal max=1.0000, Anomaly min=0.2842
2026-02-08 16:03:24.868 | INFO     | src.models.evaluation:evaluate_tsb_ad_nonoverlapping:83 - {'AUC-PR': 0.0781800635567087, 'AUC-ROC': 0.7731440812926115, 'VUS-PR': np.float64(0.06764800101871163), 'VUS-ROC': np.float64(0.7544836918841133), 'Standard-F1': np.float64(0.17662115516371382), 'PA-F1': 0.2182741116751269, 'Event-based-F1': np.float64(0.16831683168316805), 'R-based-F1': 0.18100704874639384, 'Affiliation-F': 0.8328180754834895}
2026-02-08 16:03:25.075 | INFO     | src.pipelines.train_vision_backbones:run_pipeline:70 - Using zip: /net/scratch/hscra/plgrid/plgsmendowski12/ts2i_images/IOPS/269_IOPS_id_10_WebService_tr_1216_1st_1728_ts2i_RWT.zip for transformation RWT
2026-02-08 16:03:25.223 | INFO     | src.pipelines.train_vision_backbones:run_pipeline:170 - Train images: 22
2026-02-08 16:03:25.223 | INFO     | src.pipelines.train_vision_backbones:run_pipeline:171 - Test images: 86
2026-02-08 16:03:25.229 | INFO     | src.pipelines.train_vision_backbones:run_pipeline:176 - Training cnn_autoencoder on RWT
2026-02-08 16:03:25.234 | INFO     | src.models.cnn_autoencoder.training:train_autoencoder:22 - Device: cuda | Model on: cuda:0
2026-02-08 16:03:44.176 | INFO     | src.pipelines.train_vision_backbones:run_pipeline:193 - Evaluating cnn_autoencoder on RWT
2026-02-08 16:03:44.251 | INFO     | src.models.evaluation:evaluate_tsb_ad_nonoverlapping:65 - Normal (3601) reconstruction error: mean=0.1003, std=0.1698
2026-02-08 16:03:44.251 | INFO     | src.models.evaluation:evaluate_tsb_ad_nonoverlapping:66 - Anomaly (49) reconstruction error: mean=0.6961, std=0.2067
2026-02-08 16:03:44.251 | INFO     | src.models.evaluation:evaluate_tsb_ad_nonoverlapping:67 - Overlap? Normal max=1.0000, Anomaly min=0.2613
2026-02-08 16:03:44.822 | INFO     | src.models.evaluation:evaluate_tsb_ad_nonoverlapping:83 - {'AUC-PR': 0.24700356333009393, 'AUC-ROC': 0.9676478755901139, 'VUS-PR': np.float64(0.2840733235450715), 'VUS-ROC': np.float64(0.9699456254037602), 'Standard-F1': np.float64(0.38856739661326606), 'PA-F1': 0.4673913043478261, 'Event-based-F1': np.float64(0.38461538461538425), 'R-based-F1': 0.44476309607346615, 'Affiliation-F': 0.9304751399146937}
2026-02-08 16:03:44.978 | INFO     | src.pipelines.train_vision_backbones:run_pipeline:170 - Train images: 22
2026-02-08 16:03:44.978 | INFO     | src.pipelines.train_vision_backbones:run_pipeline:171 - Test images: 86
2026-02-08 16:03:45.191 | INFO     | src.pipelines.train_vision_backbones:run_pipeline:176 - Training resnet18_autoencoder_frozen on RWT
2026-02-08 16:03:45.205 | INFO     | src.models.resnet18_autoencoder.training:train_autoencoder_frozen:25 - Device: cuda | Model on: cuda:0
2026-02-08 16:03:58.914 | INFO     | src.pipelines.train_vision_backbones:run_pipeline:193 - Evaluating resnet18_autoencoder_frozen on RWT
2026-02-08 16:03:59.001 | INFO     | src.models.evaluation:evaluate_tsb_ad_nonoverlapping:65 - Normal (3601) reconstruction error: mean=0.1499, std=0.1700
2026-02-08 16:03:59.001 | INFO     | src.models.evaluation:evaluate_tsb_ad_nonoverlapping:66 - Anomaly (49) reconstruction error: mean=0.3438, std=0.1801
2026-02-08 16:03:59.001 | INFO     | src.models.evaluation:evaluate_tsb_ad_nonoverlapping:67 - Overlap? Normal max=1.0000, Anomaly min=0.1129
2026-02-08 16:03:59.608 | INFO     | src.models.evaluation:evaluate_tsb_ad_nonoverlapping:83 - {'AUC-PR': 0.08097330691190757, 'AUC-ROC': 0.8462756943932808, 'VUS-PR': np.float64(0.11440035254688133), 'VUS-ROC': np.float64(0.8784726709169962), 'Standard-F1': np.float64(0.17204112532994692), 'PA-F1': 0.20675105485232068, 'Event-based-F1': np.float64(0.1754385964912279), 'R-based-F1': 0.19660943800828082, 'Affiliation-F': 0.8756216935958178}
2026-02-08 16:03:59.761 | INFO     | src.pipelines.train_vision_backbones:run_pipeline:170 - Train images: 22
2026-02-08 16:03:59.762 | INFO     | src.pipelines.train_vision_backbones:run_pipeline:171 - Test images: 86
2026-02-08 16:03:59.973 | INFO     | src.pipelines.train_vision_backbones:run_pipeline:176 - Training resnet18_autoencoder_progressive_unfreeze on RWT
2026-02-08 16:03:59.987 | INFO     | src.models.resnet18_autoencoder.training:train_autoencoder_progressive_unfreeze:133 - Device: cuda | Model on: cuda:0
2026-02-08 16:04:23.105 | INFO     | src.pipelines.train_vision_backbones:run_pipeline:193 - Evaluating resnet18_autoencoder_progressive_unfreeze on RWT
2026-02-08 16:04:23.248 | INFO     | src.models.evaluation:evaluate_tsb_ad_nonoverlapping:65 - Normal (3601) reconstruction error: mean=0.0766, std=0.1417
2026-02-08 16:04:23.248 | INFO     | src.models.evaluation:evaluate_tsb_ad_nonoverlapping:66 - Anomaly (49) reconstruction error: mean=0.3463, std=0.2459
2026-02-08 16:04:23.248 | INFO     | src.models.evaluation:evaluate_tsb_ad_nonoverlapping:67 - Overlap? Normal max=1.0000, Anomaly min=0.1951
2026-02-08 16:04:23.792 | INFO     | src.models.evaluation:evaluate_tsb_ad_nonoverlapping:83 - {'AUC-PR': 0.1764455782312925, 'AUC-ROC': 0.9536041575752768, 'VUS-PR': np.float64(0.2357293794295936), 'VUS-ROC': np.float64(0.957803509137973), 'Standard-F1': np.float64(0.3088772409779829), 'PA-F1': 0.3656716417910448, 'Event-based-F1': np.float64(0.3199999999999997), 'R-based-F1': 0.355119241918589, 'Affiliation-F': 0.9304751399146937}
2026-02-08 16:04:23.952 | INFO     | src.pipelines.train_vision_backbones:run_pipeline:170 - Train images: 22
2026-02-08 16:04:23.952 | INFO     | src.pipelines.train_vision_backbones:run_pipeline:171 - Test images: 86
2026-02-08 16:04:24.166 | INFO     | src.pipelines.train_vision_backbones:run_pipeline:176 - Training resnet18_autoencoder_differential_lr on RWT
2026-02-08 16:04:24.180 | INFO     | src.models.resnet18_autoencoder.training:train_autoencoder_differential_lr:271 - Device: cuda | Model on: cuda:0
2026-02-08 16:04:40.101 | INFO     | src.pipelines.train_vision_backbones:run_pipeline:193 - Evaluating resnet18_autoencoder_differential_lr on RWT
2026-02-08 16:04:40.174 | INFO     | src.models.evaluation:evaluate_tsb_ad_nonoverlapping:65 - Normal (3601) reconstruction error: mean=0.1560, std=0.1893
2026-02-08 16:04:40.174 | INFO     | src.models.evaluation:evaluate_tsb_ad_nonoverlapping:66 - Anomaly (49) reconstruction error: mean=0.6358, std=0.2412
2026-02-08 16:04:40.174 | INFO     | src.models.evaluation:evaluate_tsb_ad_nonoverlapping:67 - Overlap? Normal max=1.0000, Anomaly min=0.1718
2026-02-08 16:04:40.807 | INFO     | src.models.evaluation:evaluate_tsb_ad_nonoverlapping:83 - {'AUC-PR': 0.15940012368583797, 'AUC-ROC': 0.9236124885944381, 'VUS-PR': np.float64(0.22630741300241708), 'VUS-ROC': np.float64(0.943150678414337), 'Standard-F1': np.float64(0.3088772409779829), 'PA-F1': 0.3656716417910448, 'Event-based-F1': np.float64(0.3199999999999997), 'R-based-F1': 0.355119241918589, 'Affiliation-F': 0.9304751399146937}
2026-02-08 16:04:40.961 | INFO     | src.pipelines.train_vision_backbones:run_pipeline:170 - Train images: 22
2026-02-08 16:04:40.962 | INFO     | src.pipelines.train_vision_backbones:run_pipeline:171 - Test images: 86
2026-02-08 16:04:41.903 | INFO     | src.pipelines.train_vision_backbones:run_pipeline:176 - Training pvt_autoencoder_frozen on RWT
2026-02-08 16:04:41.927 | INFO     | src.models.pvt_autoencoder.training:train_pvt_autoencoder_frozen:24 - Device: cuda | Model on: cuda:0
2026-02-08 16:05:04.556 | INFO     | src.pipelines.train_vision_backbones:run_pipeline:193 - Evaluating pvt_autoencoder_frozen on RWT
2026-02-08 16:05:04.624 | INFO     | src.models.evaluation:evaluate_tsb_ad_nonoverlapping:65 - Normal (3601) reconstruction error: mean=0.0837, std=0.1565
2026-02-08 16:05:04.624 | INFO     | src.models.evaluation:evaluate_tsb_ad_nonoverlapping:66 - Anomaly (49) reconstruction error: mean=0.5003, std=0.1739
2026-02-08 16:05:04.624 | INFO     | src.models.evaluation:evaluate_tsb_ad_nonoverlapping:67 - Overlap? Normal max=1.0000, Anomaly min=0.2628
2026-02-08 16:05:05.174 | INFO     | src.models.evaluation:evaluate_tsb_ad_nonoverlapping:83 - {'AUC-PR': 0.25581065759637184, 'AUC-ROC': 0.9683619629468004, 'VUS-PR': np.float64(0.342232111992962), 'VUS-ROC': np.float64(0.9751084174700422), 'Standard-F1': np.float64(0.4571388251784191), 'PA-F1': 0.532608695652174, 'Event-based-F1': np.float64(0.48192771084337305), 'R-based-F1': 0.4715456884686733, 'Affiliation-F': 0.9679681421489991}
2026-02-08 16:05:05.326 | INFO     | src.pipelines.train_vision_backbones:run_pipeline:170 - Train images: 22
2026-02-08 16:05:05.326 | INFO     | src.pipelines.train_vision_backbones:run_pipeline:171 - Test images: 86
2026-02-08 16:05:06.296 | INFO     | src.pipelines.train_vision_backbones:run_pipeline:176 - Training pvt_autoencoder_progressive_unfreeze on RWT
2026-02-08 16:05:06.320 | INFO     | src.models.pvt_autoencoder.training:train_pvt_autoencoder_progressive_unfreeze:132 - Device: cuda | Model on: cuda:0
2026-02-08 16:05:29.193 | INFO     | src.pipelines.train_vision_backbones:run_pipeline:193 - Evaluating pvt_autoencoder_progressive_unfreeze on RWT
2026-02-08 16:05:29.313 | INFO     | src.models.evaluation:evaluate_tsb_ad_nonoverlapping:65 - Normal (3601) reconstruction error: mean=0.1238, std=0.1816
2026-02-08 16:05:29.313 | INFO     | src.models.evaluation:evaluate_tsb_ad_nonoverlapping:66 - Anomaly (49) reconstruction error: mean=0.8395, std=0.1572
2026-02-08 16:05:29.313 | INFO     | src.models.evaluation:evaluate_tsb_ad_nonoverlapping:67 - Overlap? Normal max=1.0000, Anomaly min=0.5193
2026-02-08 16:05:29.908 | INFO     | src.models.evaluation:evaluate_tsb_ad_nonoverlapping:83 - {'AUC-PR': 0.3625850340136054, 'AUC-ROC': 0.9814535644860555, 'VUS-PR': np.float64(0.39778296722368234), 'VUS-ROC': np.float64(0.9826628650015755), 'Standard-F1': np.float64(0.5112735417914683), 'PA-F1': 0.6056338028169014, 'Event-based-F1': np.float64(0.48192771084337305), 'R-based-F1': 0.4715456884686733, 'Affiliation-F': 0.9271331288181681}
2026-02-08 16:05:30.065 | INFO     | src.pipelines.train_vision_backbones:run_pipeline:170 - Train images: 22
2026-02-08 16:05:30.066 | INFO     | src.pipelines.train_vision_backbones:run_pipeline:171 - Test images: 86
2026-02-08 16:05:31.061 | INFO     | src.pipelines.train_vision_backbones:run_pipeline:176 - Training pvt_autoencoder_differential_lr on RWT
2026-02-08 16:05:31.084 | INFO     | src.models.pvt_autoencoder.training:train_pvt_autoencoder_differential_lr:267 - Device: cuda | Model on: cuda:0
2026-02-08 16:05:52.712 | INFO     | src.pipelines.train_vision_backbones:run_pipeline:193 - Evaluating pvt_autoencoder_differential_lr on RWT
2026-02-08 16:05:52.823 | INFO     | src.models.evaluation:evaluate_tsb_ad_nonoverlapping:65 - Normal (3601) reconstruction error: mean=0.1429, std=0.1955
2026-02-08 16:05:52.823 | INFO     | src.models.evaluation:evaluate_tsb_ad_nonoverlapping:66 - Anomaly (49) reconstruction error: mean=0.8182, std=0.1948
2026-02-08 16:05:52.823 | INFO     | src.models.evaluation:evaluate_tsb_ad_nonoverlapping:67 - Overlap? Normal max=1.0000, Anomaly min=0.4076
2026-02-08 16:05:53.435 | INFO     | src.models.evaluation:evaluate_tsb_ad_nonoverlapping:83 - {'AUC-PR': 0.3435374149659864, 'AUC-ROC': 0.972884516205816, 'VUS-PR': np.float64(0.38725429362886915), 'VUS-ROC': np.float64(0.9784763419376796), 'Standard-F1': np.float64(0.5112735417914683), 'PA-F1': 0.6056338028169014, 'Event-based-F1': np.float64(0.48192771084337305), 'R-based-F1': 0.5949475574419458, 'Affiliation-F': 0.990652917888203}
2026-02-08 16:05:53.641 | INFO     | src.pipelines.train_vision_backbones:run_pipeline:70 - Using zip: /net/scratch/hscra/plgrid/plgsmendowski12/ts2i_images/IOPS/269_IOPS_id_10_WebService_tr_1216_1st_1728_ts2i_MWT.zip for transformation MWT
2026-02-08 16:05:53.790 | INFO     | src.pipelines.train_vision_backbones:run_pipeline:170 - Train images: 22
2026-02-08 16:05:53.791 | INFO     | src.pipelines.train_vision_backbones:run_pipeline:171 - Test images: 86
2026-02-08 16:05:53.797 | INFO     | src.pipelines.train_vision_backbones:run_pipeline:176 - Training cnn_autoencoder on MWT
2026-02-08 16:05:53.802 | INFO     | src.models.cnn_autoencoder.training:train_autoencoder:22 - Device: cuda | Model on: cuda:0
2026-02-08 16:06:12.791 | INFO     | src.pipelines.train_vision_backbones:run_pipeline:193 - Evaluating cnn_autoencoder on MWT
2026-02-08 16:06:12.872 | INFO     | src.models.evaluation:evaluate_tsb_ad_nonoverlapping:65 - Normal (3601) reconstruction error: mean=0.1902, std=0.2178
2026-02-08 16:06:12.872 | INFO     | src.models.evaluation:evaluate_tsb_ad_nonoverlapping:66 - Anomaly (49) reconstruction error: mean=0.7371, std=0.0982
2026-02-08 16:06:12.872 | INFO     | src.models.evaluation:evaluate_tsb_ad_nonoverlapping:67 - Overlap? Normal max=1.0000, Anomaly min=0.6988
2026-02-08 16:06:13.541 | INFO     | src.models.evaluation:evaluate_tsb_ad_nonoverlapping:83 - {'AUC-PR': 0.1655328798185941, 'AUC-ROC': 0.9519379537430079, 'VUS-PR': np.float64(0.20560693038918276), 'VUS-ROC': np.float64(0.9544961485804729), 'Standard-F1': np.float64(0.32557866957392917), 'PA-F1': 0.32558139534883723, 'Event-based-F1': np.float64(0.3255813953488369), 'R-based-F1': 0.23157894736842102, 'Affiliation-F': 0.897985524065496}
2026-02-08 16:06:13.700 | INFO     | src.pipelines.train_vision_backbones:run_pipeline:170 - Train images: 22
2026-02-08 16:06:13.700 | INFO     | src.pipelines.train_vision_backbones:run_pipeline:171 - Test images: 86
2026-02-08 16:06:13.912 | INFO     | src.pipelines.train_vision_backbones:run_pipeline:176 - Training resnet18_autoencoder_frozen on MWT
2026-02-08 16:06:13.926 | INFO     | src.models.resnet18_autoencoder.training:train_autoencoder_frozen:25 - Device: cuda | Model on: cuda:0
2026-02-08 16:06:34.325 | INFO     | src.pipelines.train_vision_backbones:run_pipeline:193 - Evaluating resnet18_autoencoder_frozen on MWT
2026-02-08 16:06:34.417 | INFO     | src.models.evaluation:evaluate_tsb_ad_nonoverlapping:65 - Normal (3601) reconstruction error: mean=0.2601, std=0.2282
2026-02-08 16:06:34.417 | INFO     | src.models.evaluation:evaluate_tsb_ad_nonoverlapping:66 - Anomaly (49) reconstruction error: mean=0.6043, std=0.0838
2026-02-08 16:06:34.417 | INFO     | src.models.evaluation:evaluate_tsb_ad_nonoverlapping:67 - Overlap? Normal max=1.0000, Anomaly min=0.5533
2026-02-08 16:06:35.136 | INFO     | src.models.evaluation:evaluate_tsb_ad_nonoverlapping:83 - {'AUC-PR': 0.08733734681256547, 'AUC-ROC': 0.9029039552505257, 'VUS-PR': np.float64(0.1083343876741453), 'VUS-ROC': np.float64(0.9102289339247084), 'Standard-F1': np.float64(0.19177908802468363), 'PA-F1': 0.259946949602122, 'Event-based-F1': np.float64(0.17721518987341753), 'R-based-F1': 0.11706102117061022, 'Affiliation-F': 0.8661272237141232}
2026-02-08 16:06:35.288 | INFO     | src.pipelines.train_vision_backbones:run_pipeline:170 - Train images: 22
2026-02-08 16:06:35.289 | INFO     | src.pipelines.train_vision_backbones:run_pipeline:171 - Test images: 86
2026-02-08 16:06:35.499 | INFO     | src.pipelines.train_vision_backbones:run_pipeline:176 - Training resnet18_autoencoder_progressive_unfreeze on MWT
2026-02-08 16:06:35.523 | INFO     | src.models.resnet18_autoencoder.training:train_autoencoder_progressive_unfreeze:133 - Device: cuda | Model on: cuda:0
2026-02-08 16:06:41.593 | INFO     | src.pipelines.train_vision_backbones:run_pipeline:193 - Evaluating resnet18_autoencoder_progressive_unfreeze on MWT
2026-02-08 16:06:41.984 | INFO     | src.models.evaluation:evaluate_tsb_ad_nonoverlapping:65 - Normal (3601) reconstruction error: mean=0.4796, std=0.2178
2026-02-08 16:06:41.984 | INFO     | src.models.evaluation:evaluate_tsb_ad_nonoverlapping:66 - Anomaly (49) reconstruction error: mean=0.6024, std=0.1252
2026-02-08 16:06:41.984 | INFO     | src.models.evaluation:evaluate_tsb_ad_nonoverlapping:67 - Overlap? Normal max=1.0000, Anomaly min=0.5227
2026-02-08 16:06:42.889 | INFO     | src.models.evaluation:evaluate_tsb_ad_nonoverlapping:83 - {'AUC-PR': 0.030232239415912885, 'AUC-ROC': 0.6670170984250408, 'VUS-PR': np.float64(0.04543239725727749), 'VUS-ROC': np.float64(0.7132091084955746), 'Standard-F1': np.float64(0.06396401367533555), 'PA-F1': 0.19483101391650098, 'Event-based-F1': np.float64(0.06896551724137923), 'R-based-F1': 0.059768245578369586, 'Affiliation-F': 0.7972106540946459}
2026-02-08 16:06:43.043 | INFO     | src.pipelines.train_vision_backbones:run_pipeline:170 - Train images: 22
2026-02-08 16:06:43.044 | INFO     | src.pipelines.train_vision_backbones:run_pipeline:171 - Test images: 86
2026-02-08 16:06:43.256 | INFO     | src.pipelines.train_vision_backbones:run_pipeline:176 - Training resnet18_autoencoder_differential_lr on MWT
2026-02-08 16:06:43.269 | INFO     | src.models.resnet18_autoencoder.training:train_autoencoder_differential_lr:271 - Device: cuda | Model on: cuda:0
2026-02-08 16:07:04.366 | INFO     | src.pipelines.train_vision_backbones:run_pipeline:193 - Evaluating resnet18_autoencoder_differential_lr on MWT
2026-02-08 16:07:04.439 | INFO     | src.models.evaluation:evaluate_tsb_ad_nonoverlapping:65 - Normal (3601) reconstruction error: mean=0.2444, std=0.2121
2026-02-08 16:07:04.439 | INFO     | src.models.evaluation:evaluate_tsb_ad_nonoverlapping:66 - Anomaly (49) reconstruction error: mean=0.6110, std=0.2081
2026-02-08 16:07:04.439 | INFO     | src.models.evaluation:evaluate_tsb_ad_nonoverlapping:67 - Overlap? Normal max=1.0000, Anomaly min=0.4787
2026-02-08 16:07:05.147 | INFO     | src.models.evaluation:evaluate_tsb_ad_nonoverlapping:83 - {'AUC-PR': 0.1162069223293713, 'AUC-ROC': 0.9009997222993613, 'VUS-PR': np.float64(0.15932254941217294), 'VUS-ROC': np.float64(0.9165208105951637), 'Standard-F1': np.float64(0.19779722751289108), 'PA-F1': 0.688, 'Event-based-F1': np.float64(0.29999999999999954), 'R-based-F1': 0.20278659125396603, 'Affiliation-F': 0.9251934487164195}
2026-02-08 16:07:05.301 | INFO     | src.pipelines.train_vision_backbones:run_pipeline:170 - Train images: 22
2026-02-08 16:07:05.301 | INFO     | src.pipelines.train_vision_backbones:run_pipeline:171 - Test images: 86
2026-02-08 16:07:06.243 | INFO     | src.pipelines.train_vision_backbones:run_pipeline:176 - Training pvt_autoencoder_frozen on MWT
2026-02-08 16:07:06.267 | INFO     | src.models.pvt_autoencoder.training:train_pvt_autoencoder_frozen:24 - Device: cuda | Model on: cuda:0
2026-02-08 16:07:28.899 | INFO     | src.pipelines.train_vision_backbones:run_pipeline:193 - Evaluating pvt_autoencoder_frozen on MWT
2026-02-08 16:07:28.972 | INFO     | src.models.evaluation:evaluate_tsb_ad_nonoverlapping:65 - Normal (3601) reconstruction error: mean=0.2301, std=0.2319
2026-02-08 16:07:28.972 | INFO     | src.models.evaluation:evaluate_tsb_ad_nonoverlapping:66 - Anomaly (49) reconstruction error: mean=0.4391, std=0.0752
2026-02-08 16:07:28.972 | INFO     | src.models.evaluation:evaluate_tsb_ad_nonoverlapping:67 - Overlap? Normal max=1.0000, Anomaly min=0.3892
2026-02-08 16:07:29.662 | INFO     | src.models.evaluation:evaluate_tsb_ad_nonoverlapping:83 - {'AUC-PR': 0.05347694633408919, 'AUC-ROC': 0.83268536517634, 'VUS-PR': np.float64(0.0671970591731055), 'VUS-ROC': np.float64(0.8464357524908359), 'Standard-F1': np.float64(0.12173798715629451), 'PA-F1': 0.19483101391650098, 'Event-based-F1': np.float64(0.12173913043478246), 'R-based-F1': 0.06788270607250058, 'Affiliation-F': 0.8308456183856603}
2026-02-08 16:07:29.814 | INFO     | src.pipelines.train_vision_backbones:run_pipeline:170 - Train images: 22
2026-02-08 16:07:29.814 | INFO     | src.pipelines.train_vision_backbones:run_pipeline:171 - Test images: 86
2026-02-08 16:07:30.756 | INFO     | src.pipelines.train_vision_backbones:run_pipeline:176 - Training pvt_autoencoder_progressive_unfreeze on MWT
2026-02-08 16:07:30.779 | INFO     | src.models.pvt_autoencoder.training:train_pvt_autoencoder_progressive_unfreeze:132 - Device: cuda | Model on: cuda:0
2026-02-08 16:07:38.004 | INFO     | src.pipelines.train_vision_backbones:run_pipeline:193 - Evaluating pvt_autoencoder_progressive_unfreeze on MWT
2026-02-08 16:07:38.075 | INFO     | src.models.evaluation:evaluate_tsb_ad_nonoverlapping:65 - Normal (3601) reconstruction error: mean=0.3382, std=0.2335
2026-02-08 16:07:38.075 | INFO     | src.models.evaluation:evaluate_tsb_ad_nonoverlapping:66 - Anomaly (49) reconstruction error: mean=0.6028, std=0.1685
2026-02-08 16:07:38.075 | INFO     | src.models.evaluation:evaluate_tsb_ad_nonoverlapping:67 - Overlap? Normal max=1.0000, Anomaly min=0.4937
2026-02-08 16:07:38.862 | INFO     | src.models.evaluation:evaluate_tsb_ad_nonoverlapping:83 - {'AUC-PR': 0.06234207968901846, 'AUC-ROC': 0.8372079184353552, 'VUS-PR': np.float64(0.09567445050127338), 'VUS-ROC': np.float64(0.8617274290995112), 'Standard-F1': np.float64(0.11582704797857478), 'PA-F1': 0.33447098976109213, 'Event-based-F1': np.float64(0.1333333333333332), 'R-based-F1': 0.125, 'Affiliation-F': 0.9015226019319368}
2026-02-08 16:07:39.017 | INFO     | src.pipelines.train_vision_backbones:run_pipeline:170 - Train images: 22
2026-02-08 16:07:39.018 | INFO     | src.pipelines.train_vision_backbones:run_pipeline:171 - Test images: 86
2026-02-08 16:07:39.960 | INFO     | src.pipelines.train_vision_backbones:run_pipeline:176 - Training pvt_autoencoder_differential_lr on MWT
2026-02-08 16:07:39.983 | INFO     | src.models.pvt_autoencoder.training:train_pvt_autoencoder_differential_lr:267 - Device: cuda | Model on: cuda:0
2026-02-08 16:08:00.480 | INFO     | src.pipelines.train_vision_backbones:run_pipeline:193 - Evaluating pvt_autoencoder_differential_lr on MWT
2026-02-08 16:08:00.551 | INFO     | src.models.evaluation:evaluate_tsb_ad_nonoverlapping:65 - Normal (3601) reconstruction error: mean=0.1925, std=0.2243
2026-02-08 16:08:00.551 | INFO     | src.models.evaluation:evaluate_tsb_ad_nonoverlapping:66 - Anomaly (49) reconstruction error: mean=0.5327, std=0.0690
2026-02-08 16:08:00.551 | INFO     | src.models.evaluation:evaluate_tsb_ad_nonoverlapping:67 - Overlap? Normal max=1.0000, Anomaly min=0.4917
2026-02-08 16:08:01.209 | INFO     | src.models.evaluation:evaluate_tsb_ad_nonoverlapping:83 - {'AUC-PR': 0.09173955296404276, 'AUC-ROC': 0.9052842464394811, 'VUS-PR': np.float64(0.10766820963276223), 'VUS-ROC': np.float64(0.9077892907127846), 'Standard-F1': np.float64(0.20895335265654336), 'PA-F1': 0.21258134490238612, 'Event-based-F1': np.float64(0.19178082191780804), 'R-based-F1': 0.13073713490959665, 'Affiliation-F': 0.8535917734168755}
2026-02-08 16:08:01.414 | INFO     | src.pipelines.train_vision_backbones:run_pipeline:70 - Using zip: /net/scratch/hscra/plgrid/plgsmendowski12/ts2i_images/IOPS/269_IOPS_id_10_WebService_tr_1216_1st_1728_ts2i_SPIRAL.zip for transformation SPIRAL
2026-02-08 16:08:01.558 | INFO     | src.pipelines.train_vision_backbones:run_pipeline:170 - Train images: 22
2026-02-08 16:08:01.558 | INFO     | src.pipelines.train_vision_backbones:run_pipeline:171 - Test images: 86
2026-02-08 16:08:01.565 | INFO     | src.pipelines.train_vision_backbones:run_pipeline:176 - Training cnn_autoencoder on SPIRAL
2026-02-08 16:08:01.569 | INFO     | src.models.cnn_autoencoder.training:train_autoencoder:22 - Device: cuda | Model on: cuda:0
2026-02-08 16:08:20.070 | INFO     | src.pipelines.train_vision_backbones:run_pipeline:193 - Evaluating cnn_autoencoder on SPIRAL
2026-02-08 16:08:20.147 | INFO     | src.models.evaluation:evaluate_tsb_ad_nonoverlapping:65 - Normal (3601) reconstruction error: mean=0.0845, std=0.0955
2026-02-08 16:08:20.147 | INFO     | src.models.evaluation:evaluate_tsb_ad_nonoverlapping:66 - Anomaly (49) reconstruction error: mean=0.7611, std=0.3609
2026-02-08 16:08:20.147 | INFO     | src.models.evaluation:evaluate_tsb_ad_nonoverlapping:67 - Overlap? Normal max=1.0000, Anomaly min=0.1540
2026-02-08 16:08:20.709 | INFO     | src.models.evaluation:evaluate_tsb_ad_nonoverlapping:83 - {'AUC-PR': 0.6095238095238095, 'AUC-ROC': 0.9738366326813981, 'VUS-PR': np.float64(0.4008534933477668), 'VUS-ROC': np.float64(0.919966163361068), 'Standard-F1': np.float64(0.7472477768716068), 'PA-F1': 0.86, 'Event-based-F1': np.float64(0.6181818181818176), 'R-based-F1': 0.5498238323245099, 'Affiliation-F': 0.8223061843279877}
2026-02-08 16:08:20.866 | INFO     | src.pipelines.train_vision_backbones:run_pipeline:170 - Train images: 22
2026-02-08 16:08:20.866 | INFO     | src.pipelines.train_vision_backbones:run_pipeline:171 - Test images: 86
2026-02-08 16:08:21.079 | INFO     | src.pipelines.train_vision_backbones:run_pipeline:176 - Training resnet18_autoencoder_frozen on SPIRAL
2026-02-08 16:08:21.092 | INFO     | src.models.resnet18_autoencoder.training:train_autoencoder_frozen:25 - Device: cuda | Model on: cuda:0
2026-02-08 16:08:41.477 | INFO     | src.pipelines.train_vision_backbones:run_pipeline:193 - Evaluating resnet18_autoencoder_frozen on SPIRAL
2026-02-08 16:08:41.567 | INFO     | src.models.evaluation:evaluate_tsb_ad_nonoverlapping:65 - Normal (3601) reconstruction error: mean=0.1215, std=0.1219
2026-02-08 16:08:41.567 | INFO     | src.models.evaluation:evaluate_tsb_ad_nonoverlapping:66 - Anomaly (49) reconstruction error: mean=0.7777, std=0.3352
2026-02-08 16:08:41.567 | INFO     | src.models.evaluation:evaluate_tsb_ad_nonoverlapping:67 - Overlap? Normal max=1.0000, Anomaly min=0.2311
2026-02-08 16:08:42.167 | INFO     | src.models.evaluation:evaluate_tsb_ad_nonoverlapping:83 - {'AUC-PR': 0.5936195906934202, 'AUC-ROC': 0.9631253223310985, 'VUS-PR': np.float64(0.38211115638984283), 'VUS-ROC': np.float64(0.8977450264574464), 'Standard-F1': np.float64(0.7472477768716068), 'PA-F1': 0.86, 'Event-based-F1': np.float64(0.6181818181818176), 'R-based-F1': 0.5498238323245099, 'Affiliation-F': 0.8926389891779882}
2026-02-08 16:08:42.323 | INFO     | src.pipelines.train_vision_backbones:run_pipeline:170 - Train images: 22
2026-02-08 16:08:42.323 | INFO     | src.pipelines.train_vision_backbones:run_pipeline:171 - Test images: 86
2026-02-08 16:08:42.535 | INFO     | src.pipelines.train_vision_backbones:run_pipeline:176 - Training resnet18_autoencoder_progressive_unfreeze on SPIRAL
2026-02-08 16:08:42.549 | INFO     | src.models.resnet18_autoencoder.training:train_autoencoder_progressive_unfreeze:133 - Device: cuda | Model on: cuda:0
2026-02-08 16:09:00.676 | INFO     | src.pipelines.train_vision_backbones:run_pipeline:193 - Evaluating resnet18_autoencoder_progressive_unfreeze on SPIRAL
2026-02-08 16:09:00.760 | INFO     | src.models.evaluation:evaluate_tsb_ad_nonoverlapping:65 - Normal (3601) reconstruction error: mean=0.0802, std=0.1039
2026-02-08 16:09:00.760 | INFO     | src.models.evaluation:evaluate_tsb_ad_nonoverlapping:66 - Anomaly (49) reconstruction error: mean=0.7607, std=0.3609
2026-02-08 16:09:00.760 | INFO     | src.models.evaluation:evaluate_tsb_ad_nonoverlapping:67 - Overlap? Normal max=1.0000, Anomaly min=0.1726
2026-02-08 16:09:01.314 | INFO     | src.models.evaluation:evaluate_tsb_ad_nonoverlapping:83 - {'AUC-PR': 0.6171768707482993, 'AUC-ROC': 0.9824056809616377, 'VUS-PR': np.float64(0.4417180682129592), 'VUS-ROC': np.float64(0.9571248771596331), 'Standard-F1': np.float64(0.7472477768716068), 'PA-F1': 0.86, 'Event-based-F1': np.float64(0.6181818181818176), 'R-based-F1': 0.5498238323245099, 'Affiliation-F': 0.861672180783464}
2026-02-08 16:09:01.472 | INFO     | src.pipelines.train_vision_backbones:run_pipeline:170 - Train images: 22
2026-02-08 16:09:01.473 | INFO     | src.pipelines.train_vision_backbones:run_pipeline:171 - Test images: 86
2026-02-08 16:09:01.685 | INFO     | src.pipelines.train_vision_backbones:run_pipeline:176 - Training resnet18_autoencoder_differential_lr on SPIRAL
2026-02-08 16:09:01.699 | INFO     | src.models.resnet18_autoencoder.training:train_autoencoder_differential_lr:271 - Device: cuda | Model on: cuda:0
2026-02-08 16:09:16.324 | INFO     | src.pipelines.train_vision_backbones:run_pipeline:193 - Evaluating resnet18_autoencoder_differential_lr on SPIRAL
2026-02-08 16:09:16.396 | INFO     | src.models.evaluation:evaluate_tsb_ad_nonoverlapping:65 - Normal (3601) reconstruction error: mean=0.1441, std=0.1390
2026-02-08 16:09:16.396 | INFO     | src.models.evaluation:evaluate_tsb_ad_nonoverlapping:66 - Anomaly (49) reconstruction error: mean=0.7805, std=0.3318
2026-02-08 16:09:16.396 | INFO     | src.models.evaluation:evaluate_tsb_ad_nonoverlapping:67 - Overlap? Normal max=1.0000, Anomaly min=0.2182
2026-02-08 16:09:17.008 | INFO     | src.models.evaluation:evaluate_tsb_ad_nonoverlapping:83 - {'AUC-PR': 0.5835921325051759, 'AUC-ROC': 0.9459872257706193, 'VUS-PR': np.float64(0.3653350677911309), 'VUS-ROC': np.float64(0.8557306059864291), 'Standard-F1': np.float64(0.7472477768716068), 'PA-F1': 0.86, 'Event-based-F1': np.float64(0.6181818181818176), 'R-based-F1': 0.5498238323245099, 'Affiliation-F': 0.8926389891779882}
2026-02-08 16:09:17.164 | INFO     | src.pipelines.train_vision_backbones:run_pipeline:170 - Train images: 22
2026-02-08 16:09:17.164 | INFO     | src.pipelines.train_vision_backbones:run_pipeline:171 - Test images: 86
2026-02-08 16:09:18.116 | INFO     | src.pipelines.train_vision_backbones:run_pipeline:176 - Training pvt_autoencoder_frozen on SPIRAL
2026-02-08 16:09:18.139 | INFO     | src.models.pvt_autoencoder.training:train_pvt_autoencoder_frozen:24 - Device: cuda | Model on: cuda:0
2026-02-08 16:09:40.914 | INFO     | src.pipelines.train_vision_backbones:run_pipeline:193 - Evaluating pvt_autoencoder_frozen on SPIRAL
2026-02-08 16:09:40.985 | INFO     | src.models.evaluation:evaluate_tsb_ad_nonoverlapping:65 - Normal (3601) reconstruction error: mean=0.0489, std=0.0718
2026-02-08 16:09:40.985 | INFO     | src.models.evaluation:evaluate_tsb_ad_nonoverlapping:66 - Anomaly (49) reconstruction error: mean=0.7315, std=0.4048
2026-02-08 16:09:40.985 | INFO     | src.models.evaluation:evaluate_tsb_ad_nonoverlapping:67 - Overlap? Normal max=1.0000, Anomaly min=0.0752
2026-02-08 16:09:41.505 | INFO     | src.models.evaluation:evaluate_tsb_ad_nonoverlapping:83 - {'AUC-PR': 0.608843537414966, 'AUC-ROC': 0.9724084579680248, 'VUS-PR': np.float64(0.39722108669308304), 'VUS-ROC': np.float64(0.9137730443946408), 'Standard-F1': np.float64(0.7472477768716068), 'PA-F1': 0.86, 'Event-based-F1': np.float64(0.6181818181818176), 'R-based-F1': 0.5498238323245099, 'Affiliation-F': 0.8480401234964586}
2026-02-08 16:09:41.660 | INFO     | src.pipelines.train_vision_backbones:run_pipeline:170 - Train images: 22
2026-02-08 16:09:41.660 | INFO     | src.pipelines.train_vision_backbones:run_pipeline:171 - Test images: 86
2026-02-08 16:09:42.600 | INFO     | src.pipelines.train_vision_backbones:run_pipeline:176 - Training pvt_autoencoder_progressive_unfreeze on SPIRAL
2026-02-08 16:09:42.623 | INFO     | src.models.pvt_autoencoder.training:train_pvt_autoencoder_progressive_unfreeze:132 - Device: cuda | Model on: cuda:0
2026-02-08 16:10:01.358 | INFO     | src.pipelines.train_vision_backbones:run_pipeline:193 - Evaluating pvt_autoencoder_progressive_unfreeze on SPIRAL
2026-02-08 16:10:01.429 | INFO     | src.models.evaluation:evaluate_tsb_ad_nonoverlapping:65 - Normal (3601) reconstruction error: mean=0.0750, std=0.0885
2026-02-08 16:10:01.429 | INFO     | src.models.evaluation:evaluate_tsb_ad_nonoverlapping:66 - Anomaly (49) reconstruction error: mean=0.7573, std=0.3679
2026-02-08 16:10:01.429 | INFO     | src.models.evaluation:evaluate_tsb_ad_nonoverlapping:67 - Overlap? Normal max=1.0000, Anomaly min=0.1128
2026-02-08 16:10:01.981 | INFO     | src.models.evaluation:evaluate_tsb_ad_nonoverlapping:83 - {'AUC-PR': 0.6162408572451537, 'AUC-ROC': 0.9688380211845915, 'VUS-PR': np.float64(0.392599807941311), 'VUS-ROC': np.float64(0.8902144951970439), 'Standard-F1': np.float64(0.7472477768716068), 'PA-F1': 0.86, 'Event-based-F1': np.float64(0.6181818181818176), 'R-based-F1': 0.5498238323245099, 'Affiliation-F': 0.7824450049727553}
2026-02-08 16:10:02.136 | INFO     | src.pipelines.train_vision_backbones:run_pipeline:170 - Train images: 22
2026-02-08 16:10:02.137 | INFO     | src.pipelines.train_vision_backbones:run_pipeline:171 - Test images: 86
2026-02-08 16:10:03.089 | INFO     | src.pipelines.train_vision_backbones:run_pipeline:176 - Training pvt_autoencoder_differential_lr on SPIRAL
2026-02-08 16:10:03.113 | INFO     | src.models.pvt_autoencoder.training:train_pvt_autoencoder_differential_lr:267 - Device: cuda | Model on: cuda:0
2026-02-08 16:10:23.743 | INFO     | src.pipelines.train_vision_backbones:run_pipeline:193 - Evaluating pvt_autoencoder_differential_lr on SPIRAL
2026-02-08 16:10:23.812 | INFO     | src.models.evaluation:evaluate_tsb_ad_nonoverlapping:65 - Normal (3601) reconstruction error: mean=0.0726, std=0.0879
2026-02-08 16:10:23.812 | INFO     | src.models.evaluation:evaluate_tsb_ad_nonoverlapping:66 - Anomaly (49) reconstruction error: mean=0.7518, std=0.3750
2026-02-08 16:10:23.812 | INFO     | src.models.evaluation:evaluate_tsb_ad_nonoverlapping:67 - Overlap? Normal max=1.0000, Anomaly min=0.1186
2026-02-08 16:10:24.357 | INFO     | src.models.evaluation:evaluate_tsb_ad_nonoverlapping:83 - {'AUC-PR': 0.6077230892356943, 'AUC-ROC': 0.9695521085412782, 'VUS-PR': np.float64(0.3912382992618392), 'VUS-ROC': np.float64(0.9013868064617857), 'Standard-F1': np.float64(0.7472477768716068), 'PA-F1': 0.86, 'Event-based-F1': np.float64(0.6181818181818176), 'R-based-F1': 0.5498238323245099, 'Affiliation-F': 0.8141458050735859}
2026-02-08 16:10:24.562 | INFO     | src.pipelines.train_vision_backbones:run_pipeline:70 - Using zip: /net/scratch/hscra/plgrid/plgsmendowski12/ts2i_images/IOPS/271_IOPS_id_12_WebService_tr_500_1st_341_ts2i_RN.zip for transformation RN
2026-02-08 16:10:24.756 | INFO     | src.pipelines.train_vision_backbones:run_pipeline:170 - Train images: 6
2026-02-08 16:10:24.757 | INFO     | src.pipelines.train_vision_backbones:run_pipeline:171 - Test images: 150
2026-02-08 16:10:24.763 | INFO     | src.pipelines.train_vision_backbones:run_pipeline:176 - Training cnn_autoencoder on RN
2026-02-08 16:10:24.767 | INFO     | src.models.cnn_autoencoder.training:train_autoencoder:22 - Device: cuda | Model on: cuda:0
2026-02-08 16:10:37.924 | INFO     | src.pipelines.train_vision_backbones:run_pipeline:193 - Evaluating cnn_autoencoder on RN
2026-02-08 16:10:38.056 | INFO     | src.models.evaluation:evaluate_tsb_ad_nonoverlapping:65 - Normal (8171) reconstruction error: mean=0.2760, std=0.2906
2026-02-08 16:10:38.056 | INFO     | src.models.evaluation:evaluate_tsb_ad_nonoverlapping:66 - Anomaly (113) reconstruction error: mean=0.2918, std=0.1568
2026-02-08 16:10:38.056 | INFO     | src.models.evaluation:evaluate_tsb_ad_nonoverlapping:67 - Overlap? Normal max=1.0000, Anomaly min=0.0056
2026-02-08 16:10:45.679 | INFO     | src.models.evaluation:evaluate_tsb_ad_nonoverlapping:83 - {'AUC-PR': 0.018459612255352868, 'AUC-ROC': 0.5421396412739637, 'VUS-PR': np.float64(0.15739905372355373), 'VUS-ROC': np.float64(0.7766608109232508), 'Standard-F1': np.float64(0.045530032030043174), 'PA-F1': 0.054110301768990635, 'Event-based-F1': np.float64(0.04035075541981903), 'R-based-F1': 0.034278134106672874, 'Affiliation-F': 0.6723690255240233}
2026-02-08 16:10:45.834 | INFO     | src.pipelines.train_vision_backbones:run_pipeline:170 - Train images: 6
2026-02-08 16:10:45.834 | INFO     | src.pipelines.train_vision_backbones:run_pipeline:171 - Test images: 150
2026-02-08 16:10:46.046 | INFO     | src.pipelines.train_vision_backbones:run_pipeline:176 - Training resnet18_autoencoder_frozen on RN
2026-02-08 16:10:46.059 | INFO     | src.models.resnet18_autoencoder.training:train_autoencoder_frozen:25 - Device: cuda | Model on: cuda:0
2026-02-08 16:10:55.020 | INFO     | src.pipelines.train_vision_backbones:run_pipeline:193 - Evaluating resnet18_autoencoder_frozen on RN
2026-02-08 16:10:55.162 | INFO     | src.models.evaluation:evaluate_tsb_ad_nonoverlapping:65 - Normal (8171) reconstruction error: mean=0.3708, std=0.2432
2026-02-08 16:10:55.163 | INFO     | src.models.evaluation:evaluate_tsb_ad_nonoverlapping:66 - Anomaly (113) reconstruction error: mean=0.4000, std=0.0864
2026-02-08 16:10:55.163 | INFO     | src.models.evaluation:evaluate_tsb_ad_nonoverlapping:67 - Overlap? Normal max=1.0000, Anomaly min=0.1521
2026-02-08 16:11:03.081 | INFO     | src.models.evaluation:evaluate_tsb_ad_nonoverlapping:83 - {'AUC-PR': 0.025565584943665124, 'AUC-ROC': 0.6564214256549442, 'VUS-PR': np.float64(0.1360546677553451), 'VUS-ROC': np.float64(0.7406265444242431), 'Standard-F1': np.float64(0.05657871951801068), 'PA-F1': 0.047723292469352016, 'Event-based-F1': np.float64(0.047622948581414984), 'R-based-F1': 0.034769463340891905, 'Affiliation-F': 0.6845565541341797}
2026-02-08 16:11:03.236 | INFO     | src.pipelines.train_vision_backbones:run_pipeline:170 - Train images: 6
2026-02-08 16:11:03.236 | INFO     | src.pipelines.train_vision_backbones:run_pipeline:171 - Test images: 150
2026-02-08 16:11:03.448 | INFO     | src.pipelines.train_vision_backbones:run_pipeline:176 - Training resnet18_autoencoder_progressive_unfreeze on RN
2026-02-08 16:11:03.462 | INFO     | src.models.resnet18_autoencoder.training:train_autoencoder_progressive_unfreeze:133 - Device: cuda | Model on: cuda:0
2026-02-08 16:11:11.487 | INFO     | src.pipelines.train_vision_backbones:run_pipeline:193 - Evaluating resnet18_autoencoder_progressive_unfreeze on RN
2026-02-08 16:11:11.631 | INFO     | src.models.evaluation:evaluate_tsb_ad_nonoverlapping:65 - Normal (8171) reconstruction error: mean=0.5403, std=0.3245
2026-02-08 16:11:11.632 | INFO     | src.models.evaluation:evaluate_tsb_ad_nonoverlapping:66 - Anomaly (113) reconstruction error: mean=0.4838, std=0.2802
2026-02-08 16:11:11.632 | INFO     | src.models.evaluation:evaluate_tsb_ad_nonoverlapping:67 - Overlap? Normal max=1.0000, Anomaly min=0.0000
2026-02-08 16:11:19.957 | INFO     | src.models.evaluation:evaluate_tsb_ad_nonoverlapping:83 - {'AUC-PR': 0.016146990944827144, 'AUC-ROC': 0.446681172244166, 'VUS-PR': np.float64(0.10978532556765581), 'VUS-ROC': np.float64(0.7089031263097448), 'Standard-F1': np.float64(0.03426930348390824), 'PA-F1': 0.03427004797806717, 'Event-based-F1': np.float64(0.034275921165381244), 'R-based-F1': 0.03377736711070045, 'Affiliation-F': 0.6761947524155772}
2026-02-08 16:11:20.112 | INFO     | src.pipelines.train_vision_backbones:run_pipeline:170 - Train images: 6
2026-02-08 16:11:20.112 | INFO     | src.pipelines.train_vision_backbones:run_pipeline:171 - Test images: 150
2026-02-08 16:11:20.324 | INFO     | src.pipelines.train_vision_backbones:run_pipeline:176 - Training resnet18_autoencoder_differential_lr on RN
2026-02-08 16:11:20.337 | INFO     | src.models.resnet18_autoencoder.training:train_autoencoder_differential_lr:271 - Device: cuda | Model on: cuda:0
2026-02-08 16:11:29.041 | INFO     | src.pipelines.train_vision_backbones:run_pipeline:193 - Evaluating resnet18_autoencoder_differential_lr on RN
2026-02-08 16:11:29.152 | INFO     | src.models.evaluation:evaluate_tsb_ad_nonoverlapping:65 - Normal (8171) reconstruction error: mean=0.5197, std=0.3322
2026-02-08 16:11:29.152 | INFO     | src.models.evaluation:evaluate_tsb_ad_nonoverlapping:66 - Anomaly (113) reconstruction error: mean=0.4150, std=0.2498
2026-02-08 16:11:29.152 | INFO     | src.models.evaluation:evaluate_tsb_ad_nonoverlapping:67 - Overlap? Normal max=1.0000, Anomaly min=0.0000
2026-02-08 16:11:37.277 | INFO     | src.models.evaluation:evaluate_tsb_ad_nonoverlapping:83 - {'AUC-PR': 0.013601660453575682, 'AUC-ROC': 0.3790125449057372, 'VUS-PR': np.float64(0.10810005073086032), 'VUS-ROC': np.float64(0.7271363652911774), 'Standard-F1': np.float64(0.030803698757750318), 'PA-F1': 0.054110301768990635, 'Event-based-F1': np.float64(0.030762175224454482), 'R-based-F1': 0.026762437520814166, 'Affiliation-F': 0.6627401376102272}
2026-02-08 16:11:37.429 | INFO     | src.pipelines.train_vision_backbones:run_pipeline:170 - Train images: 6
2026-02-08 16:11:37.430 | INFO     | src.pipelines.train_vision_backbones:run_pipeline:171 - Test images: 150
2026-02-08 16:11:38.381 | INFO     | src.pipelines.train_vision_backbones:run_pipeline:176 - Training pvt_autoencoder_frozen on RN
2026-02-08 16:11:38.404 | INFO     | src.models.pvt_autoencoder.training:train_pvt_autoencoder_frozen:24 - Device: cuda | Model on: cuda:0
2026-02-08 16:11:48.224 | INFO     | src.pipelines.train_vision_backbones:run_pipeline:193 - Evaluating pvt_autoencoder_frozen on RN
2026-02-08 16:11:48.332 | INFO     | src.models.evaluation:evaluate_tsb_ad_nonoverlapping:65 - Normal (8171) reconstruction error: mean=0.4466, std=0.3072
2026-02-08 16:11:48.332 | INFO     | src.models.evaluation:evaluate_tsb_ad_nonoverlapping:66 - Anomaly (113) reconstruction error: mean=0.4576, std=0.1393
2026-02-08 16:11:48.333 | INFO     | src.models.evaluation:evaluate_tsb_ad_nonoverlapping:67 - Overlap? Normal max=1.0000, Anomaly min=0.0001
2026-02-08 16:11:56.275 | INFO     | src.models.evaluation:evaluate_tsb_ad_nonoverlapping:83 - {'AUC-PR': 0.016667914538432343, 'AUC-ROC': 0.495708435726176, 'VUS-PR': np.float64(0.09701482739983697), 'VUS-ROC': np.float64(0.6892986545485214), 'Standard-F1': np.float64(0.0404223599807964), 'PA-F1': 0.054110301768990635, 'Event-based-F1': np.float64(0.04035075541981903), 'R-based-F1': 0.01718620624469839, 'Affiliation-F': 0.6612090244043092}
2026-02-08 16:11:56.427 | INFO     | src.pipelines.train_vision_backbones:run_pipeline:170 - Train images: 6
2026-02-08 16:11:56.427 | INFO     | src.pipelines.train_vision_backbones:run_pipeline:171 - Test images: 150
2026-02-08 16:11:57.399 | INFO     | src.pipelines.train_vision_backbones:run_pipeline:176 - Training pvt_autoencoder_progressive_unfreeze on RN
2026-02-08 16:11:57.423 | INFO     | src.models.pvt_autoencoder.training:train_pvt_autoencoder_progressive_unfreeze:132 - Device: cuda | Model on: cuda:0
2026-02-08 16:12:06.425 | INFO     | src.pipelines.train_vision_backbones:run_pipeline:193 - Evaluating pvt_autoencoder_progressive_unfreeze on RN
2026-02-08 16:12:06.533 | INFO     | src.models.evaluation:evaluate_tsb_ad_nonoverlapping:65 - Normal (8171) reconstruction error: mean=0.5599, std=0.2988
2026-02-08 16:12:06.533 | INFO     | src.models.evaluation:evaluate_tsb_ad_nonoverlapping:66 - Anomaly (113) reconstruction error: mean=0.6085, std=0.1486
2026-02-08 16:12:06.533 | INFO     | src.models.evaluation:evaluate_tsb_ad_nonoverlapping:67 - Overlap? Normal max=1.0000, Anomaly min=0.1477
2026-02-08 16:12:14.759 | INFO     | src.models.evaluation:evaluate_tsb_ad_nonoverlapping:83 - {'AUC-PR': 0.01626681320416944, 'AUC-ROC': 0.45924990496283535, 'VUS-PR': np.float64(0.13541707288476135), 'VUS-ROC': np.float64(0.7176016634787178), 'Standard-F1': np.float64(0.034868487023403484), 'PA-F1': 0.044926413632842756, 'Event-based-F1': np.float64(0.03481524364681688), 'R-based-F1': 0.026721504251685603, 'Affiliation-F': 0.6659396777936128}
2026-02-08 16:12:14.922 | INFO     | src.pipelines.train_vision_backbones:run_pipeline:170 - Train images: 6
2026-02-08 16:12:14.923 | INFO     | src.pipelines.train_vision_backbones:run_pipeline:171 - Test images: 150
2026-02-08 16:12:15.892 | INFO     | src.pipelines.train_vision_backbones:run_pipeline:176 - Training pvt_autoencoder_differential_lr on RN
2026-02-08 16:12:15.916 | INFO     | src.models.pvt_autoencoder.training:train_pvt_autoencoder_differential_lr:267 - Device: cuda | Model on: cuda:0
2026-02-08 16:12:26.274 | INFO     | src.pipelines.train_vision_backbones:run_pipeline:193 - Evaluating pvt_autoencoder_differential_lr on RN
2026-02-08 16:12:26.384 | INFO     | src.models.evaluation:evaluate_tsb_ad_nonoverlapping:65 - Normal (8171) reconstruction error: mean=0.4868, std=0.3052
2026-02-08 16:12:26.384 | INFO     | src.models.evaluation:evaluate_tsb_ad_nonoverlapping:66 - Anomaly (113) reconstruction error: mean=0.5866, std=0.1647
2026-02-08 16:12:26.384 | INFO     | src.models.evaluation:evaluate_tsb_ad_nonoverlapping:67 - Overlap? Normal max=1.0000, Anomaly min=0.0000
2026-02-08 16:12:34.564 | INFO     | src.models.evaluation:evaluate_tsb_ad_nonoverlapping:83 - {'AUC-PR': 0.02582440377308138, 'AUC-ROC': 0.6493328986714292, 'VUS-PR': np.float64(0.16989071581146323), 'VUS-ROC': np.float64(0.7608888865312873), 'Standard-F1': np.float64(0.05657871951801068), 'PA-F1': 0.047723292469352016, 'Event-based-F1': np.float64(0.047622948581414984), 'R-based-F1': 0.0506739057960661, 'Affiliation-F': 0.7047542986182324}
2026-02-08 16:12:34.780 | INFO     | src.pipelines.train_vision_backbones:run_pipeline:70 - Using zip: /net/scratch/hscra/plgrid/plgsmendowski12/ts2i_images/IOPS/271_IOPS_id_12_WebService_tr_500_1st_341_ts2i_LP.zip for transformation LP
2026-02-08 16:12:34.969 | INFO     | src.pipelines.train_vision_backbones:run_pipeline:170 - Train images: 6
2026-02-08 16:12:34.969 | INFO     | src.pipelines.train_vision_backbones:run_pipeline:171 - Test images: 150
2026-02-08 16:12:34.975 | INFO     | src.pipelines.train_vision_backbones:run_pipeline:176 - Training cnn_autoencoder on LP
2026-02-08 16:12:34.979 | INFO     | src.models.cnn_autoencoder.training:train_autoencoder:22 - Device: cuda | Model on: cuda:0
2026-02-08 16:12:52.521 | INFO     | src.pipelines.train_vision_backbones:run_pipeline:193 - Evaluating cnn_autoencoder on LP
2026-02-08 16:12:52.649 | INFO     | src.models.evaluation:evaluate_tsb_ad_nonoverlapping:65 - Normal (8171) reconstruction error: mean=0.6280, std=0.1489
2026-02-08 16:12:52.649 | INFO     | src.models.evaluation:evaluate_tsb_ad_nonoverlapping:66 - Anomaly (113) reconstruction error: mean=0.7466, std=0.1393
2026-02-08 16:12:52.649 | INFO     | src.models.evaluation:evaluate_tsb_ad_nonoverlapping:67 - Overlap? Normal max=1.0000, Anomaly min=0.5675
2026-02-08 16:13:01.151 | INFO     | src.models.evaluation:evaluate_tsb_ad_nonoverlapping:83 - {'AUC-PR': 0.118931513612236, 'AUC-ROC': 0.671222313318308, 'VUS-PR': np.float64(0.36364412303767435), 'VUS-ROC': np.float64(0.8001114009688612), 'Standard-F1': np.float64(0.2738051198270711), 'PA-F1': 0.30409356725146197, 'Event-based-F1': np.float64(0.17557251908396912), 'R-based-F1': 0.16251497005988025, 'Affiliation-F': 0.7118023437087957}
2026-02-08 16:13:01.306 | INFO     | src.pipelines.train_vision_backbones:run_pipeline:170 - Train images: 6
2026-02-08 16:13:01.306 | INFO     | src.pipelines.train_vision_backbones:run_pipeline:171 - Test images: 150
2026-02-08 16:13:01.518 | INFO     | src.pipelines.train_vision_backbones:run_pipeline:176 - Training resnet18_autoencoder_frozen on LP
2026-02-08 16:13:01.531 | INFO     | src.models.resnet18_autoencoder.training:train_autoencoder_frozen:25 - Device: cuda | Model on: cuda:0
2026-02-08 16:13:23.454 | INFO     | src.pipelines.train_vision_backbones:run_pipeline:193 - Evaluating resnet18_autoencoder_frozen on LP
2026-02-08 16:13:23.594 | INFO     | src.models.evaluation:evaluate_tsb_ad_nonoverlapping:65 - Normal (8171) reconstruction error: mean=0.4565, std=0.1674
2026-02-08 16:13:23.595 | INFO     | src.models.evaluation:evaluate_tsb_ad_nonoverlapping:66 - Anomaly (113) reconstruction error: mean=0.5025, std=0.3014
2026-02-08 16:13:23.595 | INFO     | src.models.evaluation:evaluate_tsb_ad_nonoverlapping:67 - Overlap? Normal max=1.0000, Anomaly min=0.1764
2026-02-08 16:13:31.575 | INFO     | src.models.evaluation:evaluate_tsb_ad_nonoverlapping:83 - {'AUC-PR': 0.10335058251821229, 'AUC-ROC': 0.4929228449849078, 'VUS-PR': np.float64(0.2450878012442258), 'VUS-ROC': np.float64(0.7493611237661884), 'Standard-F1': np.float64(0.2738051198270711), 'PA-F1': 0.30409356725146197, 'Event-based-F1': np.float64(0.17557251908396912), 'R-based-F1': 0.16251497005988025, 'Affiliation-F': 0.6754550599639458}
2026-02-08 16:13:31.735 | INFO     | src.pipelines.train_vision_backbones:run_pipeline:170 - Train images: 6
2026-02-08 16:13:31.736 | INFO     | src.pipelines.train_vision_backbones:run_pipeline:171 - Test images: 150
2026-02-08 16:13:31.949 | INFO     | src.pipelines.train_vision_backbones:run_pipeline:176 - Training resnet18_autoencoder_progressive_unfreeze on LP
2026-02-08 16:13:31.962 | INFO     | src.models.resnet18_autoencoder.training:train_autoencoder_progressive_unfreeze:133 - Device: cuda | Model on: cuda:0
2026-02-08 16:14:09.873 | INFO     | src.pipelines.train_vision_backbones:run_pipeline:193 - Evaluating resnet18_autoencoder_progressive_unfreeze on LP
2026-02-08 16:14:10.004 | INFO     | src.models.evaluation:evaluate_tsb_ad_nonoverlapping:65 - Normal (8171) reconstruction error: mean=0.2666, std=0.1268
2026-02-08 16:14:10.004 | INFO     | src.models.evaluation:evaluate_tsb_ad_nonoverlapping:66 - Anomaly (113) reconstruction error: mean=0.3927, std=0.3422
2026-02-08 16:14:10.004 | INFO     | src.models.evaluation:evaluate_tsb_ad_nonoverlapping:67 - Overlap? Normal max=1.0000, Anomaly min=0.0919
2026-02-08 16:14:17.683 | INFO     | src.models.evaluation:evaluate_tsb_ad_nonoverlapping:83 - {'AUC-PR': 0.11789980104108777, 'AUC-ROC': 0.5475971030722727, 'VUS-PR': np.float64(0.4294557340173987), 'VUS-ROC': np.float64(0.8307476584569548), 'Standard-F1': np.float64(0.2738051198270711), 'PA-F1': 0.30409356725146197, 'Event-based-F1': np.float64(0.18439716312056684), 'R-based-F1': 0.18076815250911127, 'Affiliation-F': 0.7939649821816311}
2026-02-08 16:14:17.840 | INFO     | src.pipelines.train_vision_backbones:run_pipeline:170 - Train images: 6
2026-02-08 16:14:17.840 | INFO     | src.pipelines.train_vision_backbones:run_pipeline:171 - Test images: 150
2026-02-08 16:14:18.050 | INFO     | src.pipelines.train_vision_backbones:run_pipeline:176 - Training resnet18_autoencoder_differential_lr on LP
2026-02-08 16:14:18.064 | INFO     | src.models.resnet18_autoencoder.training:train_autoencoder_differential_lr:271 - Device: cuda | Model on: cuda:0
2026-02-08 16:14:45.100 | INFO     | src.pipelines.train_vision_backbones:run_pipeline:193 - Evaluating resnet18_autoencoder_differential_lr on LP
2026-02-08 16:14:45.205 | INFO     | src.models.evaluation:evaluate_tsb_ad_nonoverlapping:65 - Normal (8171) reconstruction error: mean=0.2825, std=0.1253
2026-02-08 16:14:45.205 | INFO     | src.models.evaluation:evaluate_tsb_ad_nonoverlapping:66 - Anomaly (113) reconstruction error: mean=0.4302, std=0.3118
2026-02-08 16:14:45.205 | INFO     | src.models.evaluation:evaluate_tsb_ad_nonoverlapping:67 - Overlap? Normal max=1.0000, Anomaly min=0.1455
2026-02-08 16:14:52.875 | INFO     | src.models.evaluation:evaluate_tsb_ad_nonoverlapping:83 - {'AUC-PR': 0.11669220498558566, 'AUC-ROC': 0.5878733660918226, 'VUS-PR': np.float64(0.3684097550173108), 'VUS-ROC': np.float64(0.8104104614746062), 'Standard-F1': np.float64(0.2738051198270711), 'PA-F1': 0.30409356725146197, 'Event-based-F1': np.float64(0.17557251908396912), 'R-based-F1': 0.16251497005988025, 'Affiliation-F': 0.7388859073432533}
2026-02-08 16:14:53.033 | INFO     | src.pipelines.train_vision_backbones:run_pipeline:170 - Train images: 6
2026-02-08 16:14:53.033 | INFO     | src.pipelines.train_vision_backbones:run_pipeline:171 - Test images: 150
2026-02-08 16:14:53.985 | INFO     | src.pipelines.train_vision_backbones:run_pipeline:176 - Training pvt_autoencoder_frozen on LP
2026-02-08 16:14:54.008 | INFO     | src.models.pvt_autoencoder.training:train_pvt_autoencoder_frozen:24 - Device: cuda | Model on: cuda:0
2026-02-08 16:15:19.547 | INFO     | src.pipelines.train_vision_backbones:run_pipeline:193 - Evaluating pvt_autoencoder_frozen on LP
2026-02-08 16:15:19.646 | INFO     | src.models.evaluation:evaluate_tsb_ad_nonoverlapping:65 - Normal (8171) reconstruction error: mean=0.2538, std=0.1424
2026-02-08 16:15:19.646 | INFO     | src.models.evaluation:evaluate_tsb_ad_nonoverlapping:66 - Anomaly (113) reconstruction error: mean=0.3487, std=0.3703
2026-02-08 16:15:19.646 | INFO     | src.models.evaluation:evaluate_tsb_ad_nonoverlapping:67 - Overlap? Normal max=1.0000, Anomaly min=0.0230
2026-02-08 16:15:27.181 | INFO     | src.models.evaluation:evaluate_tsb_ad_nonoverlapping:83 - {'AUC-PR': 0.1097288428031822, 'AUC-ROC': 0.47978984602354746, 'VUS-PR': np.float64(0.37585167249523543), 'VUS-ROC': np.float64(0.7740455993336974), 'Standard-F1': np.float64(0.2738051198270711), 'PA-F1': 0.30409356725146197, 'Event-based-F1': np.float64(0.22907488986784091), 'R-based-F1': 0.2235008665511265, 'Affiliation-F': 0.714314092781731}
2026-02-08 16:15:27.332 | INFO     | src.pipelines.train_vision_backbones:run_pipeline:170 - Train images: 6
2026-02-08 16:15:27.332 | INFO     | src.pipelines.train_vision_backbones:run_pipeline:171 - Test images: 150
2026-02-08 16:15:28.270 | INFO     | src.pipelines.train_vision_backbones:run_pipeline:176 - Training pvt_autoencoder_progressive_unfreeze on LP
2026-02-08 16:15:28.294 | INFO     | src.models.pvt_autoencoder.training:train_pvt_autoencoder_progressive_unfreeze:132 - Device: cuda | Model on: cuda:0
2026-02-08 16:16:03.894 | INFO     | src.pipelines.train_vision_backbones:run_pipeline:193 - Evaluating pvt_autoencoder_progressive_unfreeze on LP
2026-02-08 16:16:04.003 | INFO     | src.models.evaluation:evaluate_tsb_ad_nonoverlapping:65 - Normal (8171) reconstruction error: mean=0.3671, std=0.1503
2026-02-08 16:16:04.003 | INFO     | src.models.evaluation:evaluate_tsb_ad_nonoverlapping:66 - Anomaly (113) reconstruction error: mean=0.4677, std=0.3047
2026-02-08 16:16:04.003 | INFO     | src.models.evaluation:evaluate_tsb_ad_nonoverlapping:67 - Overlap? Normal max=1.0000, Anomaly min=0.1861
2026-02-08 16:16:11.737 | INFO     | src.models.evaluation:evaluate_tsb_ad_nonoverlapping:83 - {'AUC-PR': 0.10440379550992597, 'AUC-ROC': 0.5465303041297574, 'VUS-PR': np.float64(0.24547775247807668), 'VUS-ROC': np.float64(0.7939461762200911), 'Standard-F1': np.float64(0.2738051198270711), 'PA-F1': 0.30409356725146197, 'Event-based-F1': np.float64(0.17557251908396912), 'R-based-F1': 0.16251497005988025, 'Affiliation-F': 0.7282247836964315}
2026-02-08 16:16:11.960 | INFO     | src.pipelines.train_vision_backbones:run_pipeline:170 - Train images: 6
2026-02-08 16:16:11.960 | INFO     | src.pipelines.train_vision_backbones:run_pipeline:171 - Test images: 150
2026-02-08 16:16:12.912 | INFO     | src.pipelines.train_vision_backbones:run_pipeline:176 - Training pvt_autoencoder_differential_lr on LP
2026-02-08 16:16:12.936 | INFO     | src.models.pvt_autoencoder.training:train_pvt_autoencoder_differential_lr:267 - Device: cuda | Model on: cuda:0
2026-02-08 16:16:41.123 | INFO     | src.pipelines.train_vision_backbones:run_pipeline:193 - Evaluating pvt_autoencoder_differential_lr on LP
2026-02-08 16:16:41.304 | INFO     | src.models.evaluation:evaluate_tsb_ad_nonoverlapping:65 - Normal (8171) reconstruction error: mean=0.3289, std=0.1324
2026-02-08 16:16:41.304 | INFO     | src.models.evaluation:evaluate_tsb_ad_nonoverlapping:66 - Anomaly (113) reconstruction error: mean=0.4346, std=0.3187
2026-02-08 16:16:41.304 | INFO     | src.models.evaluation:evaluate_tsb_ad_nonoverlapping:67 - Overlap? Normal max=1.0000, Anomaly min=0.1617
2026-02-08 16:16:48.955 | INFO     | src.models.evaluation:evaluate_tsb_ad_nonoverlapping:83 - {'AUC-PR': 0.11376942749903429, 'AUC-ROC': 0.5336074158230651, 'VUS-PR': np.float64(0.3516337413098491), 'VUS-ROC': np.float64(0.7839750831301283), 'Standard-F1': np.float64(0.2738051198270711), 'PA-F1': 0.30409356725146197, 'Event-based-F1': np.float64(0.17557251908396912), 'R-based-F1': 0.16251497005988025, 'Affiliation-F': 0.7264981179335912}
2026-02-08 16:16:49.180 | INFO     | src.pipelines.train_vision_backbones:run_pipeline:70 - Using zip: /net/scratch/hscra/plgrid/plgsmendowski12/ts2i_images/IOPS/271_IOPS_id_12_WebService_tr_500_1st_341_ts2i_SG.zip for transformation SG
2026-02-08 16:16:49.641 | INFO     | src.pipelines.train_vision_backbones:run_pipeline:170 - Train images: 6
2026-02-08 16:16:49.641 | INFO     | src.pipelines.train_vision_backbones:run_pipeline:171 - Test images: 150
2026-02-08 16:16:49.647 | INFO     | src.pipelines.train_vision_backbones:run_pipeline:176 - Training cnn_autoencoder on SG
2026-02-08 16:16:49.651 | INFO     | src.models.cnn_autoencoder.training:train_autoencoder:22 - Device: cuda | Model on: cuda:0
2026-02-08 16:17:07.281 | INFO     | src.pipelines.train_vision_backbones:run_pipeline:193 - Evaluating cnn_autoencoder on SG
2026-02-08 16:17:07.409 | INFO     | src.models.evaluation:evaluate_tsb_ad_nonoverlapping:65 - Normal (8171) reconstruction error: mean=0.2286, std=0.2045
2026-02-08 16:17:07.409 | INFO     | src.models.evaluation:evaluate_tsb_ad_nonoverlapping:66 - Anomaly (113) reconstruction error: mean=0.3268, std=0.3728
2026-02-08 16:17:07.409 | INFO     | src.models.evaluation:evaluate_tsb_ad_nonoverlapping:67 - Overlap? Normal max=1.0000, Anomaly min=0.0375
2026-02-08 16:17:15.020 | INFO     | src.models.evaluation:evaluate_tsb_ad_nonoverlapping:83 - {'AUC-PR': 0.09979635668056396, 'AUC-ROC': 0.505442840696051, 'VUS-PR': np.float64(0.199889101131228), 'VUS-ROC': np.float64(0.764752235125432), 'Standard-F1': np.float64(0.2738051198270711), 'PA-F1': 0.30409356725146197, 'Event-based-F1': np.float64(0.17557251908396912), 'R-based-F1': 0.16251497005988025, 'Affiliation-F': 0.7178504273469375}
2026-02-08 16:17:15.181 | INFO     | src.pipelines.train_vision_backbones:run_pipeline:170 - Train images: 6
2026-02-08 16:17:15.181 | INFO     | src.pipelines.train_vision_backbones:run_pipeline:171 - Test images: 150
2026-02-08 16:17:15.396 | INFO     | src.pipelines.train_vision_backbones:run_pipeline:176 - Training resnet18_autoencoder_frozen on SG
2026-02-08 16:17:15.410 | INFO     | src.models.resnet18_autoencoder.training:train_autoencoder_frozen:25 - Device: cuda | Model on: cuda:0
2026-02-08 16:17:16.890 | INFO     | src.pipelines.train_vision_backbones:run_pipeline:193 - Evaluating resnet18_autoencoder_frozen on SG
2026-02-08 16:17:17.034 | INFO     | src.models.evaluation:evaluate_tsb_ad_nonoverlapping:65 - Normal (8171) reconstruction error: mean=0.4043, std=0.3037
2026-02-08 16:17:17.034 | INFO     | src.models.evaluation:evaluate_tsb_ad_nonoverlapping:66 - Anomaly (113) reconstruction error: mean=0.6317, std=0.2856
2026-02-08 16:17:17.035 | INFO     | src.models.evaluation:evaluate_tsb_ad_nonoverlapping:67 - Overlap? Normal max=1.0000, Anomaly min=0.0458
2026-02-08 16:17:24.865 | INFO     | src.models.evaluation:evaluate_tsb_ad_nonoverlapping:83 - {'AUC-PR': 0.043430568356600044, 'AUC-ROC': 0.7098989194463909, 'VUS-PR': np.float64(0.19981486462665468), 'VUS-ROC': np.float64(0.8285524376028891), 'Standard-F1': np.float64(0.12677628772723853), 'PA-F1': 0.13402061855670103, 'Event-based-F1': np.float64(0.11130039750141929), 'R-based-F1': 0.1603200400050006, 'Affiliation-F': 0.6945573959560971}
2026-02-08 16:17:25.017 | INFO     | src.pipelines.train_vision_backbones:run_pipeline:170 - Train images: 6
2026-02-08 16:17:25.017 | INFO     | src.pipelines.train_vision_backbones:run_pipeline:171 - Test images: 150
2026-02-08 16:17:25.228 | INFO     | src.pipelines.train_vision_backbones:run_pipeline:176 - Training resnet18_autoencoder_progressive_unfreeze on SG
2026-02-08 16:17:25.242 | INFO     | src.models.resnet18_autoencoder.training:train_autoencoder_progressive_unfreeze:133 - Device: cuda | Model on: cuda:0
2026-02-08 16:17:30.316 | INFO     | src.pipelines.train_vision_backbones:run_pipeline:193 - Evaluating resnet18_autoencoder_progressive_unfreeze on SG
2026-02-08 16:17:30.447 | INFO     | src.models.evaluation:evaluate_tsb_ad_nonoverlapping:65 - Normal (8171) reconstruction error: mean=0.2762, std=0.2355
2026-02-08 16:17:30.447 | INFO     | src.models.evaluation:evaluate_tsb_ad_nonoverlapping:66 - Anomaly (113) reconstruction error: mean=0.5793, std=0.3689
2026-02-08 16:17:30.447 | INFO     | src.models.evaluation:evaluate_tsb_ad_nonoverlapping:67 - Overlap? Normal max=1.0000, Anomaly min=0.0422
2026-02-08 16:17:38.076 | INFO     | src.models.evaluation:evaluate_tsb_ad_nonoverlapping:83 - {'AUC-PR': 0.33243913733756897, 'AUC-ROC': 0.7420653444136017, 'VUS-PR': np.float64(0.23442725503524892), 'VUS-ROC': np.float64(0.7793496292881416), 'Standard-F1': np.float64(0.5238051197932636), 'PA-F1': 0.5497076023391813, 'Event-based-F1': np.float64(0.19512195121951198), 'R-based-F1': 0.1910408022897207, 'Affiliation-F': 0.7179952785059976}
2026-02-08 16:17:38.233 | INFO     | src.pipelines.train_vision_backbones:run_pipeline:170 - Train images: 6
2026-02-08 16:17:38.233 | INFO     | src.pipelines.train_vision_backbones:run_pipeline:171 - Test images: 150
2026-02-08 16:17:38.443 | INFO     | src.pipelines.train_vision_backbones:run_pipeline:176 - Training resnet18_autoencoder_differential_lr on SG
2026-02-08 16:17:38.457 | INFO     | src.models.resnet18_autoencoder.training:train_autoencoder_differential_lr:271 - Device: cuda | Model on: cuda:0
2026-02-08 16:17:40.079 | INFO     | src.pipelines.train_vision_backbones:run_pipeline:193 - Evaluating resnet18_autoencoder_differential_lr on SG
2026-02-08 16:17:40.192 | INFO     | src.models.evaluation:evaluate_tsb_ad_nonoverlapping:65 - Normal (8171) reconstruction error: mean=0.3942, std=0.2885
2026-02-08 16:17:40.192 | INFO     | src.models.evaluation:evaluate_tsb_ad_nonoverlapping:66 - Anomaly (113) reconstruction error: mean=0.6550, std=0.3214
2026-02-08 16:17:40.192 | INFO     | src.models.evaluation:evaluate_tsb_ad_nonoverlapping:67 - Overlap? Normal max=1.0000, Anomaly min=0.0383
2026-02-08 16:17:48.091 | INFO     | src.models.evaluation:evaluate_tsb_ad_nonoverlapping:83 - {'AUC-PR': 0.3279951326725055, 'AUC-ROC': 0.7286626673439305, 'VUS-PR': np.float64(0.23000855519634383), 'VUS-ROC': np.float64(0.8197174572861589), 'Standard-F1': np.float64(0.5238051197932636), 'PA-F1': 0.5497076023391813, 'Event-based-F1': np.float64(0.19512195121951198), 'R-based-F1': 0.18631853785900787, 'Affiliation-F': 0.6919427661264534}
2026-02-08 16:17:48.244 | INFO     | src.pipelines.train_vision_backbones:run_pipeline:170 - Train images: 6
2026-02-08 16:17:48.244 | INFO     | src.pipelines.train_vision_backbones:run_pipeline:171 - Test images: 150
2026-02-08 16:17:49.186 | INFO     | src.pipelines.train_vision_backbones:run_pipeline:176 - Training pvt_autoencoder_frozen on SG
2026-02-08 16:17:49.210 | INFO     | src.models.pvt_autoencoder.training:train_pvt_autoencoder_frozen:24 - Device: cuda | Model on: cuda:0
2026-02-08 16:17:55.313 | INFO     | src.pipelines.train_vision_backbones:run_pipeline:193 - Evaluating pvt_autoencoder_frozen on SG
2026-02-08 16:17:55.418 | INFO     | src.models.evaluation:evaluate_tsb_ad_nonoverlapping:65 - Normal (8171) reconstruction error: mean=0.2525, std=0.2473
2026-02-08 16:17:55.418 | INFO     | src.models.evaluation:evaluate_tsb_ad_nonoverlapping:66 - Anomaly (113) reconstruction error: mean=0.3406, std=0.1615
2026-02-08 16:17:55.419 | INFO     | src.models.evaluation:evaluate_tsb_ad_nonoverlapping:67 - Overlap? Normal max=1.0000, Anomaly min=0.0532
2026-02-08 16:18:03.053 | INFO     | src.models.evaluation:evaluate_tsb_ad_nonoverlapping:83 - {'AUC-PR': 0.029138087955210584, 'AUC-ROC': 0.6851015300171229, 'VUS-PR': np.float64(0.14614558298946362), 'VUS-ROC': np.float64(0.7825914216461939), 'Standard-F1': np.float64(0.07260965103110793), 'PA-F1': 0.0735370274469187, 'Event-based-F1': np.float64(0.06910569105691043), 'R-based-F1': 0.07795846191186159, 'Affiliation-F': 0.7241863941778143}
2026-02-08 16:18:03.204 | INFO     | src.pipelines.train_vision_backbones:run_pipeline:170 - Train images: 6
2026-02-08 16:18:03.205 | INFO     | src.pipelines.train_vision_backbones:run_pipeline:171 - Test images: 150
2026-02-08 16:18:04.178 | INFO     | src.pipelines.train_vision_backbones:run_pipeline:176 - Training pvt_autoencoder_progressive_unfreeze on SG
2026-02-08 16:18:04.201 | INFO     | src.models.pvt_autoencoder.training:train_pvt_autoencoder_progressive_unfreeze:132 - Device: cuda | Model on: cuda:0
2026-02-08 16:18:09.215 | INFO     | src.pipelines.train_vision_backbones:run_pipeline:193 - Evaluating pvt_autoencoder_progressive_unfreeze on SG
2026-02-08 16:18:09.319 | INFO     | src.models.evaluation:evaluate_tsb_ad_nonoverlapping:65 - Normal (8171) reconstruction error: mean=0.3284, std=0.2723
2026-02-08 16:18:09.319 | INFO     | src.models.evaluation:evaluate_tsb_ad_nonoverlapping:66 - Anomaly (113) reconstruction error: mean=0.4864, std=0.2152
2026-02-08 16:18:09.319 | INFO     | src.models.evaluation:evaluate_tsb_ad_nonoverlapping:67 - Overlap? Normal max=1.0000, Anomaly min=0.0498
2026-02-08 16:18:17.051 | INFO     | src.models.evaluation:evaluate_tsb_ad_nonoverlapping:83 - {'AUC-PR': 0.033266316269749505, 'AUC-ROC': 0.698878940522439, 'VUS-PR': np.float64(0.1802156601535341), 'VUS-ROC': np.float64(0.8092467206986836), 'Standard-F1': np.float64(0.08990373930674975), 'PA-F1': 0.09049773755656108, 'Event-based-F1': np.float64(0.08518587707827369), 'R-based-F1': 0.12305393133459672, 'Affiliation-F': 0.7160005109868107}
2026-02-08 16:18:17.204 | INFO     | src.pipelines.train_vision_backbones:run_pipeline:170 - Train images: 6
2026-02-08 16:18:17.204 | INFO     | src.pipelines.train_vision_backbones:run_pipeline:171 - Test images: 150
2026-02-08 16:18:18.175 | INFO     | src.pipelines.train_vision_backbones:run_pipeline:176 - Training pvt_autoencoder_differential_lr on SG
2026-02-08 16:18:18.198 | INFO     | src.models.pvt_autoencoder.training:train_pvt_autoencoder_differential_lr:267 - Device: cuda | Model on: cuda:0
2026-02-08 16:18:23.331 | INFO     | src.pipelines.train_vision_backbones:run_pipeline:193 - Evaluating pvt_autoencoder_differential_lr on SG
2026-02-08 16:18:23.568 | INFO     | src.models.evaluation:evaluate_tsb_ad_nonoverlapping:65 - Normal (8171) reconstruction error: mean=0.3425, std=0.2350
2026-02-08 16:18:23.568 | INFO     | src.models.evaluation:evaluate_tsb_ad_nonoverlapping:66 - Anomaly (113) reconstruction error: mean=0.6774, std=0.2917
2026-02-08 16:18:23.568 | INFO     | src.models.evaluation:evaluate_tsb_ad_nonoverlapping:67 - Overlap? Normal max=1.0000, Anomaly min=0.1092
2026-02-08 16:18:31.324 | INFO     | src.models.evaluation:evaluate_tsb_ad_nonoverlapping:83 - {'AUC-PR': 0.338612758714924, 'AUC-ROC': 0.8000840442618673, 'VUS-PR': np.float64(0.28462833731205534), 'VUS-ROC': np.float64(0.8358671177093241), 'Standard-F1': np.float64(0.5238051197932636), 'PA-F1': 0.5497076023391813, 'Event-based-F1': np.float64(0.19512195121951198), 'R-based-F1': 0.19128150005971575, 'Affiliation-F': 0.7084841837905897}
2026-02-08 16:18:31.544 | INFO     | src.pipelines.train_vision_backbones:run_pipeline:70 - Using zip: /net/scratch/hscra/plgrid/plgsmendowski12/ts2i_images/IOPS/271_IOPS_id_12_WebService_tr_500_1st_341_ts2i_GASF.zip for transformation GASF
2026-02-08 16:18:31.735 | INFO     | src.pipelines.train_vision_backbones:run_pipeline:170 - Train images: 6
2026-02-08 16:18:31.736 | INFO     | src.pipelines.train_vision_backbones:run_pipeline:171 - Test images: 150
2026-02-08 16:18:31.742 | INFO     | src.pipelines.train_vision_backbones:run_pipeline:176 - Training cnn_autoencoder on GASF
2026-02-08 16:18:31.746 | INFO     | src.models.cnn_autoencoder.training:train_autoencoder:22 - Device: cuda | Model on: cuda:0
2026-02-08 16:18:48.285 | INFO     | src.pipelines.train_vision_backbones:run_pipeline:193 - Evaluating cnn_autoencoder on GASF
2026-02-08 16:18:48.423 | INFO     | src.models.evaluation:evaluate_tsb_ad_nonoverlapping:65 - Normal (8171) reconstruction error: mean=0.0884, std=0.0651
2026-02-08 16:18:48.423 | INFO     | src.models.evaluation:evaluate_tsb_ad_nonoverlapping:66 - Anomaly (113) reconstruction error: mean=0.4684, std=0.4255
2026-02-08 16:18:48.423 | INFO     | src.models.evaluation:evaluate_tsb_ad_nonoverlapping:67 - Overlap? Normal max=1.0000, Anomaly min=0.0587
2026-02-08 16:18:55.684 | INFO     | src.models.evaluation:evaluate_tsb_ad_nonoverlapping:83 - {'AUC-PR': 0.3563091137996801, 'AUC-ROC': 0.8552749146290084, 'VUS-PR': np.float64(0.31346195501224455), 'VUS-ROC': np.float64(0.8484896984867906), 'Standard-F1': np.float64(0.5238051197932636), 'PA-F1': 0.5497076023391813, 'Event-based-F1': np.float64(0.19512195121951198), 'R-based-F1': 0.18631853785900787, 'Affiliation-F': 0.7148499527208511}
2026-02-08 16:18:55.838 | INFO     | src.pipelines.train_vision_backbones:run_pipeline:170 - Train images: 6
2026-02-08 16:18:55.838 | INFO     | src.pipelines.train_vision_backbones:run_pipeline:171 - Test images: 150
2026-02-08 16:18:56.052 | INFO     | src.pipelines.train_vision_backbones:run_pipeline:176 - Training resnet18_autoencoder_frozen on GASF
2026-02-08 16:18:56.067 | INFO     | src.models.resnet18_autoencoder.training:train_autoencoder_frozen:25 - Device: cuda | Model on: cuda:0
2026-02-08 16:19:12.241 | INFO     | src.pipelines.train_vision_backbones:run_pipeline:193 - Evaluating resnet18_autoencoder_frozen on GASF
2026-02-08 16:19:12.387 | INFO     | src.models.evaluation:evaluate_tsb_ad_nonoverlapping:65 - Normal (8171) reconstruction error: mean=0.0927, std=0.0765
2026-02-08 16:19:12.387 | INFO     | src.models.evaluation:evaluate_tsb_ad_nonoverlapping:66 - Anomaly (113) reconstruction error: mean=0.4515, std=0.4403
2026-02-08 16:19:12.387 | INFO     | src.models.evaluation:evaluate_tsb_ad_nonoverlapping:67 - Overlap? Normal max=1.0000, Anomaly min=0.0000
2026-02-08 16:19:19.633 | INFO     | src.models.evaluation:evaluate_tsb_ad_nonoverlapping:83 - {'AUC-PR': 0.3334929133716875, 'AUC-ROC': 0.7574142526504809, 'VUS-PR': np.float64(0.249027973301744), 'VUS-ROC': np.float64(0.7914908926866735), 'Standard-F1': np.float64(0.5238051197932636), 'PA-F1': 0.5497076023391813, 'Event-based-F1': np.float64(0.19512195121951198), 'R-based-F1': 0.18631853785900787, 'Affiliation-F': 0.7155970933693394}
2026-02-08 16:19:19.787 | INFO     | src.pipelines.train_vision_backbones:run_pipeline:170 - Train images: 6
2026-02-08 16:19:19.787 | INFO     | src.pipelines.train_vision_backbones:run_pipeline:171 - Test images: 150
2026-02-08 16:19:19.997 | INFO     | src.pipelines.train_vision_backbones:run_pipeline:176 - Training resnet18_autoencoder_progressive_unfreeze on GASF
2026-02-08 16:19:20.011 | INFO     | src.models.resnet18_autoencoder.training:train_autoencoder_progressive_unfreeze:133 - Device: cuda | Model on: cuda:0
2026-02-08 16:19:30.392 | INFO     | src.pipelines.train_vision_backbones:run_pipeline:193 - Evaluating resnet18_autoencoder_progressive_unfreeze on GASF
2026-02-08 16:19:30.536 | INFO     | src.models.evaluation:evaluate_tsb_ad_nonoverlapping:65 - Normal (8171) reconstruction error: mean=0.0891, std=0.0752
2026-02-08 16:19:30.536 | INFO     | src.models.evaluation:evaluate_tsb_ad_nonoverlapping:66 - Anomaly (113) reconstruction error: mean=0.4530, std=0.4373
2026-02-08 16:19:30.536 | INFO     | src.models.evaluation:evaluate_tsb_ad_nonoverlapping:67 - Overlap? Normal max=1.0000, Anomaly min=0.0440
2026-02-08 16:19:37.750 | INFO     | src.models.evaluation:evaluate_tsb_ad_nonoverlapping:83 - {'AUC-PR': 0.3360014934198187, 'AUC-ROC': 0.8319667115408149, 'VUS-PR': np.float64(0.2107963485539566), 'VUS-ROC': np.float64(0.8136448099084498), 'Standard-F1': np.float64(0.5238051197932636), 'PA-F1': 0.5497076023391813, 'Event-based-F1': np.float64(0.19512195121951198), 'R-based-F1': 0.18631853785900787, 'Affiliation-F': 0.7429889636559814}
2026-02-08 16:19:37.904 | INFO     | src.pipelines.train_vision_backbones:run_pipeline:170 - Train images: 6
2026-02-08 16:19:37.904 | INFO     | src.pipelines.train_vision_backbones:run_pipeline:171 - Test images: 150
2026-02-08 16:19:38.115 | INFO     | src.pipelines.train_vision_backbones:run_pipeline:176 - Training resnet18_autoencoder_differential_lr on GASF
2026-02-08 16:19:38.129 | INFO     | src.models.resnet18_autoencoder.training:train_autoencoder_differential_lr:271 - Device: cuda | Model on: cuda:0
2026-02-08 16:19:54.959 | INFO     | src.pipelines.train_vision_backbones:run_pipeline:193 - Evaluating resnet18_autoencoder_differential_lr on GASF
2026-02-08 16:19:55.094 | INFO     | src.models.evaluation:evaluate_tsb_ad_nonoverlapping:65 - Normal (8171) reconstruction error: mean=0.0752, std=0.0796
2026-02-08 16:19:55.094 | INFO     | src.models.evaluation:evaluate_tsb_ad_nonoverlapping:66 - Anomaly (113) reconstruction error: mean=0.4419, std=0.4481
2026-02-08 16:19:55.094 | INFO     | src.models.evaluation:evaluate_tsb_ad_nonoverlapping:67 - Overlap? Normal max=1.0000, Anomaly min=0.0004
2026-02-08 16:20:02.307 | INFO     | src.models.evaluation:evaluate_tsb_ad_nonoverlapping:83 - {'AUC-PR': 0.33357170034514183, 'AUC-ROC': 0.7537719736213654, 'VUS-PR': np.float64(0.24419291456854328), 'VUS-ROC': np.float64(0.7733641674844032), 'Standard-F1': np.float64(0.5238051197932636), 'PA-F1': 0.5497076023391813, 'Event-based-F1': np.float64(0.19512195121951198), 'R-based-F1': 0.18631853785900787, 'Affiliation-F': 0.6874499627842172}
2026-02-08 16:20:02.461 | INFO     | src.pipelines.train_vision_backbones:run_pipeline:170 - Train images: 6
2026-02-08 16:20:02.461 | INFO     | src.pipelines.train_vision_backbones:run_pipeline:171 - Test images: 150
2026-02-08 16:20:03.461 | INFO     | src.pipelines.train_vision_backbones:run_pipeline:176 - Training pvt_autoencoder_frozen on GASF
2026-02-08 16:20:03.485 | INFO     | src.models.pvt_autoencoder.training:train_pvt_autoencoder_frozen:24 - Device: cuda | Model on: cuda:0
2026-02-08 16:20:13.611 | INFO     | src.pipelines.train_vision_backbones:run_pipeline:193 - Evaluating pvt_autoencoder_frozen on GASF
2026-02-08 16:20:13.718 | INFO     | src.models.evaluation:evaluate_tsb_ad_nonoverlapping:65 - Normal (8171) reconstruction error: mean=0.1594, std=0.1112
2026-02-08 16:20:13.719 | INFO     | src.models.evaluation:evaluate_tsb_ad_nonoverlapping:66 - Anomaly (113) reconstruction error: mean=0.5068, std=0.3978
2026-02-08 16:20:13.719 | INFO     | src.models.evaluation:evaluate_tsb_ad_nonoverlapping:67 - Overlap? Normal max=1.0000, Anomaly min=0.0407
2026-02-08 16:20:20.981 | INFO     | src.models.evaluation:evaluate_tsb_ad_nonoverlapping:83 - {'AUC-PR': 0.3322310806295886, 'AUC-ROC': 0.7800412206779209, 'VUS-PR': np.float64(0.223308520522193), 'VUS-ROC': np.float64(0.7605549786874047), 'Standard-F1': np.float64(0.5238051197932636), 'PA-F1': 0.5497076023391813, 'Event-based-F1': np.float64(0.19512195121951198), 'R-based-F1': 0.18631853785900787, 'Affiliation-F': 0.725803817168786}
2026-02-08 16:20:21.135 | INFO     | src.pipelines.train_vision_backbones:run_pipeline:170 - Train images: 6
2026-02-08 16:20:21.135 | INFO     | src.pipelines.train_vision_backbones:run_pipeline:171 - Test images: 150
2026-02-08 16:20:22.329 | INFO     | src.pipelines.train_vision_backbones:run_pipeline:176 - Training pvt_autoencoder_progressive_unfreeze on GASF
2026-02-08 16:20:22.352 | INFO     | src.models.pvt_autoencoder.training:train_pvt_autoencoder_progressive_unfreeze:132 - Device: cuda | Model on: cuda:0
2026-02-08 16:21:00.862 | INFO     | src.pipelines.train_vision_backbones:run_pipeline:193 - Evaluating pvt_autoencoder_progressive_unfreeze on GASF
2026-02-08 16:21:01.036 | INFO     | src.models.evaluation:evaluate_tsb_ad_nonoverlapping:65 - Normal (8171) reconstruction error: mean=0.0811, std=0.0753
2026-02-08 16:21:01.036 | INFO     | src.models.evaluation:evaluate_tsb_ad_nonoverlapping:66 - Anomaly (113) reconstruction error: mean=0.4567, std=0.4353
2026-02-08 16:21:01.036 | INFO     | src.models.evaluation:evaluate_tsb_ad_nonoverlapping:67 - Overlap? Normal max=1.0000, Anomaly min=0.0269
2026-02-08 16:21:08.258 | INFO     | src.models.evaluation:evaluate_tsb_ad_nonoverlapping:83 - {'AUC-PR': 0.340957899334076, 'AUC-ROC': 0.8242175273441688, 'VUS-PR': np.float64(0.251524427698704), 'VUS-ROC': np.float64(0.777737327571996), 'Standard-F1': np.float64(0.5238051197932636), 'PA-F1': 0.5497076023391813, 'Event-based-F1': np.float64(0.19512195121951198), 'R-based-F1': 0.18631853785900787, 'Affiliation-F': 0.6831988089551762}
2026-02-08 16:21:08.414 | INFO     | src.pipelines.train_vision_backbones:run_pipeline:170 - Train images: 6
2026-02-08 16:21:08.414 | INFO     | src.pipelines.train_vision_backbones:run_pipeline:171 - Test images: 150
2026-02-08 16:21:09.391 | INFO     | src.pipelines.train_vision_backbones:run_pipeline:176 - Training pvt_autoencoder_differential_lr on GASF
2026-02-08 16:21:09.415 | INFO     | src.models.pvt_autoencoder.training:train_pvt_autoencoder_differential_lr:267 - Device: cuda | Model on: cuda:0
2026-02-08 16:21:24.247 | INFO     | src.pipelines.train_vision_backbones:run_pipeline:193 - Evaluating pvt_autoencoder_differential_lr on GASF
2026-02-08 16:21:24.617 | INFO     | src.models.evaluation:evaluate_tsb_ad_nonoverlapping:65 - Normal (8171) reconstruction error: mean=0.1073, std=0.0985
2026-02-08 16:21:24.617 | INFO     | src.models.evaluation:evaluate_tsb_ad_nonoverlapping:66 - Anomaly (113) reconstruction error: mean=0.4851, std=0.4145
2026-02-08 16:21:24.617 | INFO     | src.models.evaluation:evaluate_tsb_ad_nonoverlapping:67 - Overlap? Normal max=1.0000, Anomaly min=0.0220
2026-02-08 16:21:31.859 | INFO     | src.models.evaluation:evaluate_tsb_ad_nonoverlapping:83 - {'AUC-PR': 0.3466189398865438, 'AUC-ROC': 0.8355635026962396, 'VUS-PR': np.float64(0.2747142975795298), 'VUS-ROC': np.float64(0.8536492355189861), 'Standard-F1': np.float64(0.5238051197932636), 'PA-F1': 0.5497076023391813, 'Event-based-F1': np.float64(0.19512195121951198), 'R-based-F1': 0.18631853785900787, 'Affiliation-F': 0.6990749762028318}
2026-02-08 16:21:32.073 | INFO     | src.pipelines.train_vision_backbones:run_pipeline:70 - Using zip: /net/scratch/hscra/plgrid/plgsmendowski12/ts2i_images/IOPS/271_IOPS_id_12_WebService_tr_500_1st_341_ts2i_GADF.zip for transformation GADF
2026-02-08 16:21:32.509 | INFO     | src.pipelines.train_vision_backbones:run_pipeline:170 - Train images: 6
2026-02-08 16:21:32.509 | INFO     | src.pipelines.train_vision_backbones:run_pipeline:171 - Test images: 150
2026-02-08 16:21:32.515 | INFO     | src.pipelines.train_vision_backbones:run_pipeline:176 - Training cnn_autoencoder on GADF
2026-02-08 16:21:32.520 | INFO     | src.models.cnn_autoencoder.training:train_autoencoder:22 - Device: cuda | Model on: cuda:0
2026-02-08 16:21:34.326 | INFO     | src.pipelines.train_vision_backbones:run_pipeline:193 - Evaluating cnn_autoencoder on GADF
2026-02-08 16:21:34.457 | INFO     | src.models.evaluation:evaluate_tsb_ad_nonoverlapping:65 - Normal (8171) reconstruction error: mean=0.6860, std=0.2072
2026-02-08 16:21:34.458 | INFO     | src.models.evaluation:evaluate_tsb_ad_nonoverlapping:66 - Anomaly (113) reconstruction error: mean=0.3828, std=0.3848
2026-02-08 16:21:34.458 | INFO     | src.models.evaluation:evaluate_tsb_ad_nonoverlapping:67 - Overlap? Normal max=1.0000, Anomaly min=0.0000
2026-02-08 16:21:42.982 | INFO     | src.models.evaluation:evaluate_tsb_ad_nonoverlapping:83 - {'AUC-PR': 0.012854349182704224, 'AUC-ROC': 0.29148196243351465, 'VUS-PR': np.float64(0.14948095522904925), 'VUS-ROC': np.float64(0.7203685781353798), 'Standard-F1': np.float64(0.03864498617024636), 'PA-F1': 0.0362400906002265, 'Event-based-F1': np.float64(0.035010940919036934), 'R-based-F1': 0.0350109409190372, 'Affiliation-F': 0.6825796731911427}
2026-02-08 16:21:43.131 | INFO     | src.pipelines.train_vision_backbones:run_pipeline:170 - Train images: 6
2026-02-08 16:21:43.131 | INFO     | src.pipelines.train_vision_backbones:run_pipeline:171 - Test images: 150
2026-02-08 16:21:43.344 | INFO     | src.pipelines.train_vision_backbones:run_pipeline:176 - Training resnet18_autoencoder_frozen on GADF
2026-02-08 16:21:43.357 | INFO     | src.models.resnet18_autoencoder.training:train_autoencoder_frozen:25 - Device: cuda | Model on: cuda:0
2026-02-08 16:21:44.855 | INFO     | src.pipelines.train_vision_backbones:run_pipeline:193 - Evaluating resnet18_autoencoder_frozen on GADF
2026-02-08 16:21:45.004 | INFO     | src.models.evaluation:evaluate_tsb_ad_nonoverlapping:65 - Normal (8171) reconstruction error: mean=0.6858, std=0.2071
2026-02-08 16:21:45.004 | INFO     | src.models.evaluation:evaluate_tsb_ad_nonoverlapping:66 - Anomaly (113) reconstruction error: mean=0.3826, std=0.3847
2026-02-08 16:21:45.004 | INFO     | src.models.evaluation:evaluate_tsb_ad_nonoverlapping:67 - Overlap? Normal max=1.0000, Anomaly min=0.0000
2026-02-08 16:21:53.428 | INFO     | src.models.evaluation:evaluate_tsb_ad_nonoverlapping:83 - {'AUC-PR': 0.01284999621697509, 'AUC-ROC': 0.2912436926189427, 'VUS-PR': np.float64(0.14905026359187395), 'VUS-ROC': np.float64(0.7197061907129371), 'Standard-F1': np.float64(0.03864498617024636), 'PA-F1': 0.0362400906002265, 'Event-based-F1': np.float64(0.035010940919036934), 'R-based-F1': 0.0350109409190372, 'Affiliation-F': 0.6825796731911427}
2026-02-08 16:21:53.579 | INFO     | src.pipelines.train_vision_backbones:run_pipeline:170 - Train images: 6
2026-02-08 16:21:53.579 | INFO     | src.pipelines.train_vision_backbones:run_pipeline:171 - Test images: 150
2026-02-08 16:21:53.791 | INFO     | src.pipelines.train_vision_backbones:run_pipeline:176 - Training resnet18_autoencoder_progressive_unfreeze on GADF
2026-02-08 16:21:53.805 | INFO     | src.models.resnet18_autoencoder.training:train_autoencoder_progressive_unfreeze:133 - Device: cuda | Model on: cuda:0
2026-02-08 16:21:55.266 | INFO     | src.pipelines.train_vision_backbones:run_pipeline:193 - Evaluating resnet18_autoencoder_progressive_unfreeze on GADF
2026-02-08 16:21:55.412 | INFO     | src.models.evaluation:evaluate_tsb_ad_nonoverlapping:65 - Normal (8171) reconstruction error: mean=0.6858, std=0.2072
2026-02-08 16:21:55.412 | INFO     | src.models.evaluation:evaluate_tsb_ad_nonoverlapping:66 - Anomaly (113) reconstruction error: mean=0.3826, std=0.3847
2026-02-08 16:21:55.412 | INFO     | src.models.evaluation:evaluate_tsb_ad_nonoverlapping:67 - Overlap? Normal max=1.0000, Anomaly min=0.0000
2026-02-08 16:22:03.825 | INFO     | src.models.evaluation:evaluate_tsb_ad_nonoverlapping:83 - {'AUC-PR': 0.01284999621697509, 'AUC-ROC': 0.2912436926189427, 'VUS-PR': np.float64(0.14905026359187395), 'VUS-ROC': np.float64(0.7197061907129371), 'Standard-F1': np.float64(0.03864498617024636), 'PA-F1': 0.0362400906002265, 'Event-based-F1': np.float64(0.035010940919036934), 'R-based-F1': 0.0350109409190372, 'Affiliation-F': 0.6825796731911427}
2026-02-08 16:22:03.977 | INFO     | src.pipelines.train_vision_backbones:run_pipeline:170 - Train images: 6
2026-02-08 16:22:03.977 | INFO     | src.pipelines.train_vision_backbones:run_pipeline:171 - Test images: 150
2026-02-08 16:22:04.191 | INFO     | src.pipelines.train_vision_backbones:run_pipeline:176 - Training resnet18_autoencoder_differential_lr on GADF
2026-02-08 16:22:04.204 | INFO     | src.models.resnet18_autoencoder.training:train_autoencoder_differential_lr:271 - Device: cuda | Model on: cuda:0
2026-02-08 16:22:05.782 | INFO     | src.pipelines.train_vision_backbones:run_pipeline:193 - Evaluating resnet18_autoencoder_differential_lr on GADF
2026-02-08 16:22:05.899 | INFO     | src.models.evaluation:evaluate_tsb_ad_nonoverlapping:65 - Normal (8171) reconstruction error: mean=0.6857, std=0.2071
2026-02-08 16:22:05.900 | INFO     | src.models.evaluation:evaluate_tsb_ad_nonoverlapping:66 - Anomaly (113) reconstruction error: mean=0.3826, std=0.3847
2026-02-08 16:22:05.900 | INFO     | src.models.evaluation:evaluate_tsb_ad_nonoverlapping:67 - Overlap? Normal max=1.0000, Anomaly min=0.0000
2026-02-08 16:22:14.279 | INFO     | src.models.evaluation:evaluate_tsb_ad_nonoverlapping:83 - {'AUC-PR': 0.013114038958893938, 'AUC-ROC': 0.2921967718772304, 'VUS-PR': np.float64(0.1513979289365207), 'VUS-ROC': np.float64(0.7206340055747198), 'Standard-F1': np.float64(0.041394657815669554), 'PA-F1': 0.0362400906002265, 'Event-based-F1': np.float64(0.035010940919036934), 'R-based-F1': 0.0350109409190372, 'Affiliation-F': 0.6825796731911427}
2026-02-08 16:22:14.429 | INFO     | src.pipelines.train_vision_backbones:run_pipeline:170 - Train images: 6
2026-02-08 16:22:14.429 | INFO     | src.pipelines.train_vision_backbones:run_pipeline:171 - Test images: 150
2026-02-08 16:22:15.410 | INFO     | src.pipelines.train_vision_backbones:run_pipeline:176 - Training pvt_autoencoder_frozen on GADF
2026-02-08 16:22:15.433 | INFO     | src.models.pvt_autoencoder.training:train_pvt_autoencoder_frozen:24 - Device: cuda | Model on: cuda:0
2026-02-08 16:22:17.110 | INFO     | src.pipelines.train_vision_backbones:run_pipeline:193 - Evaluating pvt_autoencoder_frozen on GADF
2026-02-08 16:22:17.225 | INFO     | src.models.evaluation:evaluate_tsb_ad_nonoverlapping:65 - Normal (8171) reconstruction error: mean=0.6854, std=0.2073
2026-02-08 16:22:17.225 | INFO     | src.models.evaluation:evaluate_tsb_ad_nonoverlapping:66 - Anomaly (113) reconstruction error: mean=0.3824, std=0.3846
2026-02-08 16:22:17.225 | INFO     | src.models.evaluation:evaluate_tsb_ad_nonoverlapping:67 - Overlap? Normal max=1.0000, Anomaly min=0.0000
2026-02-08 16:22:25.601 | INFO     | src.models.evaluation:evaluate_tsb_ad_nonoverlapping:83 - {'AUC-PR': 0.01284999621697509, 'AUC-ROC': 0.2912436926189427, 'VUS-PR': np.float64(0.149048378408068), 'VUS-ROC': np.float64(0.7196807038132896), 'Standard-F1': np.float64(0.03864498617024636), 'PA-F1': 0.03864734299516908, 'Event-based-F1': np.float64(0.037252619324796), 'R-based-F1': 0.03725261932479628, 'Affiliation-F': 0.6825796731911427}
2026-02-08 16:22:25.749 | INFO     | src.pipelines.train_vision_backbones:run_pipeline:170 - Train images: 6
2026-02-08 16:22:25.750 | INFO     | src.pipelines.train_vision_backbones:run_pipeline:171 - Test images: 150
2026-02-08 16:22:26.744 | INFO     | src.pipelines.train_vision_backbones:run_pipeline:176 - Training pvt_autoencoder_progressive_unfreeze on GADF
2026-02-08 16:22:26.768 | INFO     | src.models.pvt_autoencoder.training:train_pvt_autoencoder_progressive_unfreeze:132 - Device: cuda | Model on: cuda:0
2026-02-08 16:22:28.437 | INFO     | src.pipelines.train_vision_backbones:run_pipeline:193 - Evaluating pvt_autoencoder_progressive_unfreeze on GADF
2026-02-08 16:22:28.547 | INFO     | src.models.evaluation:evaluate_tsb_ad_nonoverlapping:65 - Normal (8171) reconstruction error: mean=0.6857, std=0.2072
2026-02-08 16:22:28.547 | INFO     | src.models.evaluation:evaluate_tsb_ad_nonoverlapping:66 - Anomaly (113) reconstruction error: mean=0.3826, std=0.3846
2026-02-08 16:22:28.547 | INFO     | src.models.evaluation:evaluate_tsb_ad_nonoverlapping:67 - Overlap? Normal max=1.0000, Anomaly min=0.0000
2026-02-08 16:22:36.879 | INFO     | src.models.evaluation:evaluate_tsb_ad_nonoverlapping:83 - {'AUC-PR': 0.01284999621697509, 'AUC-ROC': 0.2912436926189427, 'VUS-PR': np.float64(0.14905026359187395), 'VUS-ROC': np.float64(0.7197061907129371), 'Standard-F1': np.float64(0.03864498617024636), 'PA-F1': 0.0362400906002265, 'Event-based-F1': np.float64(0.035010940919036934), 'R-based-F1': 0.0350109409190372, 'Affiliation-F': 0.6825796731911427}
2026-02-08 16:22:37.028 | INFO     | src.pipelines.train_vision_backbones:run_pipeline:170 - Train images: 6
2026-02-08 16:22:37.028 | INFO     | src.pipelines.train_vision_backbones:run_pipeline:171 - Test images: 150
2026-02-08 16:22:38.003 | INFO     | src.pipelines.train_vision_backbones:run_pipeline:176 - Training pvt_autoencoder_differential_lr on GADF
2026-02-08 16:22:38.026 | INFO     | src.models.pvt_autoencoder.training:train_pvt_autoencoder_differential_lr:267 - Device: cuda | Model on: cuda:0
2026-02-08 16:22:39.967 | INFO     | src.pipelines.train_vision_backbones:run_pipeline:193 - Evaluating pvt_autoencoder_differential_lr on GADF
2026-02-08 16:22:40.079 | INFO     | src.models.evaluation:evaluate_tsb_ad_nonoverlapping:65 - Normal (8171) reconstruction error: mean=0.6858, std=0.2070
2026-02-08 16:22:40.079 | INFO     | src.models.evaluation:evaluate_tsb_ad_nonoverlapping:66 - Anomaly (113) reconstruction error: mean=0.3827, std=0.3847
2026-02-08 16:22:40.079 | INFO     | src.models.evaluation:evaluate_tsb_ad_nonoverlapping:67 - Overlap? Normal max=1.0000, Anomaly min=0.0000
2026-02-08 16:22:48.522 | INFO     | src.models.evaluation:evaluate_tsb_ad_nonoverlapping:83 - {'AUC-PR': 0.013114038958893938, 'AUC-ROC': 0.2921967718772304, 'VUS-PR': np.float64(0.15133975872510527), 'VUS-ROC': np.float64(0.72033616742113), 'Standard-F1': np.float64(0.041394657815669554), 'PA-F1': 0.0362400906002265, 'Event-based-F1': np.float64(0.035010940919036934), 'R-based-F1': 0.0350109409190372, 'Affiliation-F': 0.6825796731911427}
2026-02-08 16:22:48.734 | INFO     | src.pipelines.train_vision_backbones:run_pipeline:70 - Using zip: /net/scratch/hscra/plgrid/plgsmendowski12/ts2i_images/IOPS/271_IOPS_id_12_WebService_tr_500_1st_341_ts2i_MTF.zip for transformation MTF
2026-02-08 16:22:48.928 | INFO     | src.pipelines.train_vision_backbones:run_pipeline:170 - Train images: 6
2026-02-08 16:22:48.928 | INFO     | src.pipelines.train_vision_backbones:run_pipeline:171 - Test images: 150
2026-02-08 16:22:48.934 | INFO     | src.pipelines.train_vision_backbones:run_pipeline:176 - Training cnn_autoencoder on MTF
2026-02-08 16:22:48.939 | INFO     | src.models.cnn_autoencoder.training:train_autoencoder:22 - Device: cuda | Model on: cuda:0
2026-02-08 16:23:06.717 | INFO     | src.pipelines.train_vision_backbones:run_pipeline:193 - Evaluating cnn_autoencoder on MTF
2026-02-08 16:23:06.851 | INFO     | src.models.evaluation:evaluate_tsb_ad_nonoverlapping:65 - Normal (8171) reconstruction error: mean=0.0971, std=0.0625
2026-02-08 16:23:06.851 | INFO     | src.models.evaluation:evaluate_tsb_ad_nonoverlapping:66 - Anomaly (113) reconstruction error: mean=0.4544, std=0.4389
2026-02-08 16:23:06.851 | INFO     | src.models.evaluation:evaluate_tsb_ad_nonoverlapping:67 - Overlap? Normal max=1.0000, Anomaly min=0.0091
2026-02-08 16:23:14.101 | INFO     | src.models.evaluation:evaluate_tsb_ad_nonoverlapping:83 - {'AUC-PR': 0.3401715087093006, 'AUC-ROC': 0.72916844917759, 'VUS-PR': np.float64(0.31227668405609355), 'VUS-ROC': np.float64(0.7930074032845872), 'Standard-F1': np.float64(0.5238051197932636), 'PA-F1': 0.5497076023391813, 'Event-based-F1': np.float64(0.2923794712286154), 'R-based-F1': 0.2874253096104416, 'Affiliation-F': 0.679373678736906}
2026-02-08 16:23:14.259 | INFO     | src.pipelines.train_vision_backbones:run_pipeline:170 - Train images: 6
2026-02-08 16:23:14.259 | INFO     | src.pipelines.train_vision_backbones:run_pipeline:171 - Test images: 150
2026-02-08 16:23:14.472 | INFO     | src.pipelines.train_vision_backbones:run_pipeline:176 - Training resnet18_autoencoder_frozen on MTF
2026-02-08 16:23:14.486 | INFO     | src.models.resnet18_autoencoder.training:train_autoencoder_frozen:25 - Device: cuda | Model on: cuda:0
2026-02-08 16:23:24.092 | INFO     | src.pipelines.train_vision_backbones:run_pipeline:193 - Evaluating resnet18_autoencoder_frozen on MTF
2026-02-08 16:23:24.238 | INFO     | src.models.evaluation:evaluate_tsb_ad_nonoverlapping:65 - Normal (8171) reconstruction error: mean=0.2552, std=0.1930
2026-02-08 16:23:24.238 | INFO     | src.models.evaluation:evaluate_tsb_ad_nonoverlapping:66 - Anomaly (113) reconstruction error: mean=0.5197, std=0.3945
2026-02-08 16:23:24.238 | INFO     | src.models.evaluation:evaluate_tsb_ad_nonoverlapping:67 - Overlap? Normal max=1.0000, Anomaly min=0.0000
2026-02-08 16:23:31.878 | INFO     | src.models.evaluation:evaluate_tsb_ad_nonoverlapping:83 - {'AUC-PR': 0.1751981073468386, 'AUC-ROC': 0.667697003107255, 'VUS-PR': np.float64(0.25236979623995276), 'VUS-ROC': np.float64(0.749395121920388), 'Standard-F1': np.float64(0.3946138350489506), 'PA-F1': 0.415929203539823, 'Event-based-F1': np.float64(0.24966799468791456), 'R-based-F1': 0.24604657808258326, 'Affiliation-F': 0.6826447912159278}
2026-02-08 16:23:32.034 | INFO     | src.pipelines.train_vision_backbones:run_pipeline:170 - Train images: 6
2026-02-08 16:23:32.035 | INFO     | src.pipelines.train_vision_backbones:run_pipeline:171 - Test images: 150
2026-02-08 16:23:32.246 | INFO     | src.pipelines.train_vision_backbones:run_pipeline:176 - Training resnet18_autoencoder_progressive_unfreeze on MTF
2026-02-08 16:23:32.260 | INFO     | src.models.resnet18_autoencoder.training:train_autoencoder_progressive_unfreeze:133 - Device: cuda | Model on: cuda:0
2026-02-08 16:23:56.693 | INFO     | src.pipelines.train_vision_backbones:run_pipeline:193 - Evaluating resnet18_autoencoder_progressive_unfreeze on MTF
2026-02-08 16:23:56.835 | INFO     | src.models.evaluation:evaluate_tsb_ad_nonoverlapping:65 - Normal (8171) reconstruction error: mean=0.0806, std=0.0695
2026-02-08 16:23:56.835 | INFO     | src.models.evaluation:evaluate_tsb_ad_nonoverlapping:66 - Anomaly (113) reconstruction error: mean=0.4453, std=0.4466
2026-02-08 16:23:56.835 | INFO     | src.models.evaluation:evaluate_tsb_ad_nonoverlapping:67 - Overlap? Normal max=1.0000, Anomaly min=0.0000
2026-02-08 16:24:04.110 | INFO     | src.models.evaluation:evaluate_tsb_ad_nonoverlapping:83 - {'AUC-PR': 0.3396178707398159, 'AUC-ROC': 0.7238041292158867, 'VUS-PR': np.float64(0.29097649120127045), 'VUS-ROC': np.float64(0.8077135889330397), 'Standard-F1': np.float64(0.5238051197932636), 'PA-F1': 0.5497076023391813, 'Event-based-F1': np.float64(0.24966799468791456), 'R-based-F1': 0.24604657808258326, 'Affiliation-F': 0.7155764442556632}
2026-02-08 16:24:04.266 | INFO     | src.pipelines.train_vision_backbones:run_pipeline:170 - Train images: 6
2026-02-08 16:24:04.267 | INFO     | src.pipelines.train_vision_backbones:run_pipeline:171 - Test images: 150
2026-02-08 16:24:04.477 | INFO     | src.pipelines.train_vision_backbones:run_pipeline:176 - Training resnet18_autoencoder_differential_lr on MTF
2026-02-08 16:24:04.491 | INFO     | src.models.resnet18_autoencoder.training:train_autoencoder_differential_lr:271 - Device: cuda | Model on: cuda:0
2026-02-08 16:24:18.866 | INFO     | src.pipelines.train_vision_backbones:run_pipeline:193 - Evaluating resnet18_autoencoder_differential_lr on MTF
2026-02-08 16:24:18.989 | INFO     | src.models.evaluation:evaluate_tsb_ad_nonoverlapping:65 - Normal (8171) reconstruction error: mean=0.0686, std=0.0646
2026-02-08 16:24:18.989 | INFO     | src.models.evaluation:evaluate_tsb_ad_nonoverlapping:66 - Anomaly (113) reconstruction error: mean=0.4245, std=0.4622
2026-02-08 16:24:18.989 | INFO     | src.models.evaluation:evaluate_tsb_ad_nonoverlapping:67 - Overlap? Normal max=1.0000, Anomaly min=0.0041
2026-02-08 16:24:26.135 | INFO     | src.models.evaluation:evaluate_tsb_ad_nonoverlapping:83 - {'AUC-PR': 0.3302499128357929, 'AUC-ROC': 0.6403587910189608, 'VUS-PR': np.float64(0.2932392213172624), 'VUS-ROC': np.float64(0.7934826048524282), 'Standard-F1': np.float64(0.5238051197932636), 'PA-F1': 0.5497076023391813, 'Event-based-F1': np.float64(0.24966799468791456), 'R-based-F1': 0.24604657808258326, 'Affiliation-F': 0.6877027496171857}
2026-02-08 16:24:26.289 | INFO     | src.pipelines.train_vision_backbones:run_pipeline:170 - Train images: 6
2026-02-08 16:24:26.289 | INFO     | src.pipelines.train_vision_backbones:run_pipeline:171 - Test images: 150
2026-02-08 16:24:27.265 | INFO     | src.pipelines.train_vision_backbones:run_pipeline:176 - Training pvt_autoencoder_frozen on MTF
2026-02-08 16:24:27.288 | INFO     | src.models.pvt_autoencoder.training:train_pvt_autoencoder_frozen:24 - Device: cuda | Model on: cuda:0
2026-02-08 16:24:37.401 | INFO     | src.pipelines.train_vision_backbones:run_pipeline:193 - Evaluating pvt_autoencoder_frozen on MTF
2026-02-08 16:24:37.512 | INFO     | src.models.evaluation:evaluate_tsb_ad_nonoverlapping:65 - Normal (8171) reconstruction error: mean=0.1770, std=0.1163
2026-02-08 16:24:37.512 | INFO     | src.models.evaluation:evaluate_tsb_ad_nonoverlapping:66 - Anomaly (113) reconstruction error: mean=0.5667, std=0.3851
2026-02-08 16:24:37.512 | INFO     | src.models.evaluation:evaluate_tsb_ad_nonoverlapping:67 - Overlap? Normal max=1.0000, Anomaly min=0.0000
2026-02-08 16:24:44.923 | INFO     | src.models.evaluation:evaluate_tsb_ad_nonoverlapping:83 - {'AUC-PR': 0.40496174465180085, 'AUC-ROC': 0.7778491383838593, 'VUS-PR': np.float64(0.2945631002555802), 'VUS-ROC': np.float64(0.7849655878418083), 'Standard-F1': np.float64(0.5238051197932636), 'PA-F1': 0.5497076023391813, 'Event-based-F1': np.float64(0.28724544480171443), 'R-based-F1': 0.2735909605495951, 'Affiliation-F': 0.6856110796098305}
2026-02-08 16:24:45.075 | INFO     | src.pipelines.train_vision_backbones:run_pipeline:170 - Train images: 6
2026-02-08 16:24:45.076 | INFO     | src.pipelines.train_vision_backbones:run_pipeline:171 - Test images: 150
2026-02-08 16:24:46.078 | INFO     | src.pipelines.train_vision_backbones:run_pipeline:176 - Training pvt_autoencoder_progressive_unfreeze on MTF
2026-02-08 16:24:46.101 | INFO     | src.models.pvt_autoencoder.training:train_pvt_autoencoder_progressive_unfreeze:132 - Device: cuda | Model on: cuda:0
2026-02-08 16:25:06.968 | INFO     | src.pipelines.train_vision_backbones:run_pipeline:193 - Evaluating pvt_autoencoder_progressive_unfreeze on MTF
2026-02-08 16:25:07.079 | INFO     | src.models.evaluation:evaluate_tsb_ad_nonoverlapping:65 - Normal (8171) reconstruction error: mean=0.0792, std=0.0707
2026-02-08 16:25:07.079 | INFO     | src.models.evaluation:evaluate_tsb_ad_nonoverlapping:66 - Anomaly (113) reconstruction error: mean=0.4376, std=0.4515
2026-02-08 16:25:07.079 | INFO     | src.models.evaluation:evaluate_tsb_ad_nonoverlapping:67 - Overlap? Normal max=1.0000, Anomaly min=0.0183
2026-02-08 16:25:14.223 | INFO     | src.models.evaluation:evaluate_tsb_ad_nonoverlapping:83 - {'AUC-PR': 0.3331328707219266, 'AUC-ROC': 0.7286626673439305, 'VUS-PR': np.float64(0.3266866542825064), 'VUS-ROC': np.float64(0.819526865775164), 'Standard-F1': np.float64(0.5238051197932636), 'PA-F1': 0.5497076023391813, 'Event-based-F1': np.float64(0.24966799468791456), 'R-based-F1': 0.24604657808258326, 'Affiliation-F': 0.6858227615223633}
2026-02-08 16:25:14.380 | INFO     | src.pipelines.train_vision_backbones:run_pipeline:170 - Train images: 6
2026-02-08 16:25:14.380 | INFO     | src.pipelines.train_vision_backbones:run_pipeline:171 - Test images: 150
2026-02-08 16:25:15.357 | INFO     | src.pipelines.train_vision_backbones:run_pipeline:176 - Training pvt_autoencoder_differential_lr on MTF
2026-02-08 16:25:15.381 | INFO     | src.models.pvt_autoencoder.training:train_pvt_autoencoder_differential_lr:267 - Device: cuda | Model on: cuda:0
2026-02-08 16:25:26.379 | INFO     | src.pipelines.train_vision_backbones:run_pipeline:193 - Evaluating pvt_autoencoder_differential_lr on MTF
2026-02-08 16:25:26.490 | INFO     | src.models.evaluation:evaluate_tsb_ad_nonoverlapping:65 - Normal (8171) reconstruction error: mean=0.0832, std=0.0664
2026-02-08 16:25:26.490 | INFO     | src.models.evaluation:evaluate_tsb_ad_nonoverlapping:66 - Anomaly (113) reconstruction error: mean=0.4325, std=0.4556
2026-02-08 16:25:26.490 | INFO     | src.models.evaluation:evaluate_tsb_ad_nonoverlapping:67 - Overlap? Normal max=1.0000, Anomaly min=0.0068
2026-02-08 16:25:33.697 | INFO     | src.models.evaluation:evaluate_tsb_ad_nonoverlapping:83 - {'AUC-PR': 0.32960322070003917, 'AUC-ROC': 0.6406988670270318, 'VUS-PR': np.float64(0.296755142489862), 'VUS-ROC': np.float64(0.7897380181148608), 'Standard-F1': np.float64(0.5238051197932636), 'PA-F1': 0.5497076023391813, 'Event-based-F1': np.float64(0.24966799468791456), 'R-based-F1': 0.24604657808258326, 'Affiliation-F': 0.6976231074915706}
2026-02-08 16:25:33.918 | INFO     | src.pipelines.train_vision_backbones:run_pipeline:70 - Using zip: /net/scratch/hscra/plgrid/plgsmendowski12/ts2i_images/IOPS/271_IOPS_id_12_WebService_tr_500_1st_341_ts2i_RP.zip for transformation RP
2026-02-08 16:25:34.105 | INFO     | src.pipelines.train_vision_backbones:run_pipeline:170 - Train images: 6
2026-02-08 16:25:34.105 | INFO     | src.pipelines.train_vision_backbones:run_pipeline:171 - Test images: 150
2026-02-08 16:25:34.112 | INFO     | src.pipelines.train_vision_backbones:run_pipeline:176 - Training cnn_autoencoder on RP
2026-02-08 16:25:34.116 | INFO     | src.models.cnn_autoencoder.training:train_autoencoder:22 - Device: cuda | Model on: cuda:0
2026-02-08 16:25:52.223 | INFO     | src.pipelines.train_vision_backbones:run_pipeline:193 - Evaluating cnn_autoencoder on RP
2026-02-08 16:25:52.349 | INFO     | src.models.evaluation:evaluate_tsb_ad_nonoverlapping:65 - Normal (8171) reconstruction error: mean=0.1857, std=0.3266
2026-02-08 16:25:52.349 | INFO     | src.models.evaluation:evaluate_tsb_ad_nonoverlapping:66 - Anomaly (113) reconstruction error: mean=0.2148, std=0.3463
2026-02-08 16:25:52.349 | INFO     | src.models.evaluation:evaluate_tsb_ad_nonoverlapping:67 - Overlap? Normal max=1.0000, Anomaly min=0.0000
2026-02-08 16:25:59.930 | INFO     | src.models.evaluation:evaluate_tsb_ad_nonoverlapping:83 - {'AUC-PR': 0.035076136756138646, 'AUC-ROC': 0.7508320490229312, 'VUS-PR': np.float64(0.14448597887705514), 'VUS-ROC': np.float64(0.8228060609972749), 'Standard-F1': np.float64(0.07250491560870552), 'PA-F1': 0.07250561437279435, 'Event-based-F1': np.float64(0.07250561437279428), 'R-based-F1': 0.046089836121253294, 'Affiliation-F': 0.7644458840183473}
2026-02-08 16:26:00.087 | INFO     | src.pipelines.train_vision_backbones:run_pipeline:170 - Train images: 6
2026-02-08 16:26:00.087 | INFO     | src.pipelines.train_vision_backbones:run_pipeline:171 - Test images: 150
2026-02-08 16:26:00.301 | INFO     | src.pipelines.train_vision_backbones:run_pipeline:176 - Training resnet18_autoencoder_frozen on RP
2026-02-08 16:26:00.314 | INFO     | src.models.resnet18_autoencoder.training:train_autoencoder_frozen:25 - Device: cuda | Model on: cuda:0
2026-02-08 16:26:24.912 | INFO     | src.pipelines.train_vision_backbones:run_pipeline:193 - Evaluating resnet18_autoencoder_frozen on RP
2026-02-08 16:26:25.261 | INFO     | src.models.evaluation:evaluate_tsb_ad_nonoverlapping:65 - Normal (8171) reconstruction error: mean=0.1809, std=0.3190
2026-02-08 16:26:25.262 | INFO     | src.models.evaluation:evaluate_tsb_ad_nonoverlapping:66 - Anomaly (113) reconstruction error: mean=0.2335, std=0.3751
2026-02-08 16:26:25.262 | INFO     | src.models.evaluation:evaluate_tsb_ad_nonoverlapping:67 - Overlap? Normal max=1.0000, Anomaly min=0.0000
2026-02-08 16:26:32.724 | INFO     | src.models.evaluation:evaluate_tsb_ad_nonoverlapping:83 - {'AUC-PR': 0.028817842172726094, 'AUC-ROC': 0.30187215091576836, 'VUS-PR': np.float64(0.17859002526281856), 'VUS-ROC': np.float64(0.7172892353708545), 'Standard-F1': np.float64(0.11855257281353633), 'PA-F1': 0.1329923273657289, 'Event-based-F1': np.float64(0.09543568464730241), 'R-based-F1': 0.09144204851752023, 'Affiliation-F': 0.6583369353267347}
2026-02-08 16:26:32.883 | INFO     | src.pipelines.train_vision_backbones:run_pipeline:170 - Train images: 6
2026-02-08 16:26:32.883 | INFO     | src.pipelines.train_vision_backbones:run_pipeline:171 - Test images: 150
2026-02-08 16:26:33.086 | INFO     | src.pipelines.train_vision_backbones:run_pipeline:176 - Training resnet18_autoencoder_progressive_unfreeze on RP
2026-02-08 16:26:33.098 | INFO     | src.models.resnet18_autoencoder.training:train_autoencoder_progressive_unfreeze:133 - Device: cuda | Model on: cuda:0
2026-02-08 16:27:07.696 | INFO     | src.pipelines.train_vision_backbones:run_pipeline:193 - Evaluating resnet18_autoencoder_progressive_unfreeze on RP
2026-02-08 16:27:07.836 | INFO     | src.models.evaluation:evaluate_tsb_ad_nonoverlapping:65 - Normal (8171) reconstruction error: mean=0.1498, std=0.2692
2026-02-08 16:27:07.836 | INFO     | src.models.evaluation:evaluate_tsb_ad_nonoverlapping:66 - Anomaly (113) reconstruction error: mean=0.1679, std=0.2718
2026-02-08 16:27:07.836 | INFO     | src.models.evaluation:evaluate_tsb_ad_nonoverlapping:67 - Overlap? Normal max=1.0000, Anomaly min=0.0000
2026-02-08 16:27:15.192 | INFO     | src.models.evaluation:evaluate_tsb_ad_nonoverlapping:83 - {'AUC-PR': 0.03559970922661376, 'AUC-ROC': 0.7522616679103629, 'VUS-PR': np.float64(0.15330157489552027), 'VUS-ROC': np.float64(0.831645479889672), 'Standard-F1': np.float64(0.07250491560870552), 'PA-F1': 0.07250561437279435, 'Event-based-F1': np.float64(0.07250561437279428), 'R-based-F1': 0.04368260099790761, 'Affiliation-F': 0.7644458840183473}
2026-02-08 16:27:15.349 | INFO     | src.pipelines.train_vision_backbones:run_pipeline:170 - Train images: 6
2026-02-08 16:27:15.349 | INFO     | src.pipelines.train_vision_backbones:run_pipeline:171 - Test images: 150
2026-02-08 16:27:15.561 | INFO     | src.pipelines.train_vision_backbones:run_pipeline:176 - Training resnet18_autoencoder_differential_lr on RP
2026-02-08 16:27:15.575 | INFO     | src.models.resnet18_autoencoder.training:train_autoencoder_differential_lr:271 - Device: cuda | Model on: cuda:0
2026-02-08 16:27:40.933 | INFO     | src.pipelines.train_vision_backbones:run_pipeline:193 - Evaluating resnet18_autoencoder_differential_lr on RP
2026-02-08 16:27:41.041 | INFO     | src.models.evaluation:evaluate_tsb_ad_nonoverlapping:65 - Normal (8171) reconstruction error: mean=0.1835, std=0.3239
2026-02-08 16:27:41.041 | INFO     | src.models.evaluation:evaluate_tsb_ad_nonoverlapping:66 - Anomaly (113) reconstruction error: mean=0.2069, std=0.3332
2026-02-08 16:27:41.041 | INFO     | src.models.evaluation:evaluate_tsb_ad_nonoverlapping:67 - Overlap? Normal max=1.0000, Anomaly min=0.0000
2026-02-08 16:27:48.491 | INFO     | src.models.evaluation:evaluate_tsb_ad_nonoverlapping:83 - {'AUC-PR': 0.033422309438594505, 'AUC-ROC': 0.7457688154632777, 'VUS-PR': np.float64(0.14996818023112893), 'VUS-ROC': np.float64(0.827003004613447), 'Standard-F1': np.float64(0.07250491560870552), 'PA-F1': 0.07250561437279435, 'Event-based-F1': np.float64(0.07250561437279428), 'R-based-F1': 0.04606018916595012, 'Affiliation-F': 0.7644458840183473}
2026-02-08 16:27:48.649 | INFO     | src.pipelines.train_vision_backbones:run_pipeline:170 - Train images: 6
2026-02-08 16:27:48.649 | INFO     | src.pipelines.train_vision_backbones:run_pipeline:171 - Test images: 150
2026-02-08 16:27:49.628 | INFO     | src.pipelines.train_vision_backbones:run_pipeline:176 - Training pvt_autoencoder_frozen on RP
2026-02-08 16:27:49.651 | INFO     | src.models.pvt_autoencoder.training:train_pvt_autoencoder_frozen:24 - Device: cuda | Model on: cuda:0
2026-02-08 16:28:15.038 | INFO     | src.pipelines.train_vision_backbones:run_pipeline:193 - Evaluating pvt_autoencoder_frozen on RP
2026-02-08 16:28:15.798 | INFO     | src.models.evaluation:evaluate_tsb_ad_nonoverlapping:65 - Normal (8171) reconstruction error: mean=0.1755, std=0.3160
2026-02-08 16:28:15.799 | INFO     | src.models.evaluation:evaluate_tsb_ad_nonoverlapping:66 - Anomaly (113) reconstruction error: mean=0.1658, std=0.2713
2026-02-08 16:28:15.799 | INFO     | src.models.evaluation:evaluate_tsb_ad_nonoverlapping:67 - Overlap? Normal max=1.0000, Anomaly min=0.0000
2026-02-08 16:28:23.334 | INFO     | src.models.evaluation:evaluate_tsb_ad_nonoverlapping:83 - {'AUC-PR': 0.015331814150135428, 'AUC-ROC': 0.2758411736737848, 'VUS-PR': np.float64(0.09739693074674473), 'VUS-ROC': np.float64(0.6759351804140744), 'Standard-F1': np.float64(0.0379208166753243), 'PA-F1': 0.04276315789473684, 'Event-based-F1': np.float64(0.03519510328997678), 'R-based-F1': 0.03463722800076575, 'Affiliation-F': 0.6392455367632608}
2026-02-08 16:28:23.489 | INFO     | src.pipelines.train_vision_backbones:run_pipeline:170 - Train images: 6
2026-02-08 16:28:23.489 | INFO     | src.pipelines.train_vision_backbones:run_pipeline:171 - Test images: 150
2026-02-08 16:28:24.466 | INFO     | src.pipelines.train_vision_backbones:run_pipeline:176 - Training pvt_autoencoder_progressive_unfreeze on RP
2026-02-08 16:28:24.488 | INFO     | src.models.pvt_autoencoder.training:train_pvt_autoencoder_progressive_unfreeze:132 - Device: cuda | Model on: cuda:0
2026-02-08 16:29:04.407 | INFO     | src.pipelines.train_vision_backbones:run_pipeline:193 - Evaluating pvt_autoencoder_progressive_unfreeze on RP
2026-02-08 16:29:04.865 | INFO     | src.models.evaluation:evaluate_tsb_ad_nonoverlapping:65 - Normal (8171) reconstruction error: mean=0.1871, std=0.3303
2026-02-08 16:29:04.865 | INFO     | src.models.evaluation:evaluate_tsb_ad_nonoverlapping:66 - Anomaly (113) reconstruction error: mean=0.2168, std=0.3502
2026-02-08 16:29:04.865 | INFO     | src.models.evaluation:evaluate_tsb_ad_nonoverlapping:67 - Overlap? Normal max=1.0000, Anomaly min=0.0000
2026-02-08 16:29:12.310 | INFO     | src.models.evaluation:evaluate_tsb_ad_nonoverlapping:83 - {'AUC-PR': 0.035121866527066364, 'AUC-ROC': 0.7510703188375032, 'VUS-PR': np.float64(0.14669464997664142), 'VUS-ROC': np.float64(0.8272626938618058), 'Standard-F1': np.float64(0.07250491560870552), 'PA-F1': 0.07250561437279435, 'Event-based-F1': np.float64(0.07250561437279428), 'R-based-F1': 0.046089836121253294, 'Affiliation-F': 0.7644458840183473}
2026-02-08 16:29:12.467 | INFO     | src.pipelines.train_vision_backbones:run_pipeline:170 - Train images: 6
2026-02-08 16:29:12.467 | INFO     | src.pipelines.train_vision_backbones:run_pipeline:171 - Test images: 150
2026-02-08 16:29:13.687 | INFO     | src.pipelines.train_vision_backbones:run_pipeline:176 - Training pvt_autoencoder_differential_lr on RP
2026-02-08 16:29:13.710 | INFO     | src.models.pvt_autoencoder.training:train_pvt_autoencoder_differential_lr:267 - Device: cuda | Model on: cuda:0
2026-02-08 16:29:41.989 | INFO     | src.pipelines.train_vision_backbones:run_pipeline:193 - Evaluating pvt_autoencoder_differential_lr on RP
2026-02-08 16:29:42.528 | INFO     | src.models.evaluation:evaluate_tsb_ad_nonoverlapping:65 - Normal (8171) reconstruction error: mean=0.1821, std=0.3218
2026-02-08 16:29:42.528 | INFO     | src.models.evaluation:evaluate_tsb_ad_nonoverlapping:66 - Anomaly (113) reconstruction error: mean=0.2103, std=0.3405
2026-02-08 16:29:42.528 | INFO     | src.models.evaluation:evaluate_tsb_ad_nonoverlapping:67 - Overlap? Normal max=1.0000, Anomaly min=0.0000
2026-02-08 16:29:49.971 | INFO     | src.models.evaluation:evaluate_tsb_ad_nonoverlapping:83 - {'AUC-PR': 0.03465419260806501, 'AUC-ROC': 0.7497002674037145, 'VUS-PR': np.float64(0.14010362425211006), 'VUS-ROC': np.float64(0.8214151862573553), 'Standard-F1': np.float64(0.07250491560870552), 'PA-F1': 0.07250561437279435, 'Event-based-F1': np.float64(0.07250561437279428), 'R-based-F1': 0.046089836121253294, 'Affiliation-F': 0.7644458840183473}
2026-02-08 16:29:50.190 | INFO     | src.pipelines.train_vision_backbones:run_pipeline:70 - Using zip: /net/scratch/hscra/plgrid/plgsmendowski12/ts2i_images/IOPS/271_IOPS_id_12_WebService_tr_500_1st_341_ts2i_RWT.zip for transformation RWT
2026-02-08 16:29:50.379 | INFO     | src.pipelines.train_vision_backbones:run_pipeline:170 - Train images: 6
2026-02-08 16:29:50.380 | INFO     | src.pipelines.train_vision_backbones:run_pipeline:171 - Test images: 150
2026-02-08 16:29:50.386 | INFO     | src.pipelines.train_vision_backbones:run_pipeline:176 - Training cnn_autoencoder on RWT
2026-02-08 16:29:50.390 | INFO     | src.models.cnn_autoencoder.training:train_autoencoder:22 - Device: cuda | Model on: cuda:0
2026-02-08 16:30:05.467 | INFO     | src.pipelines.train_vision_backbones:run_pipeline:193 - Evaluating cnn_autoencoder on RWT
2026-02-08 16:30:05.910 | INFO     | src.models.evaluation:evaluate_tsb_ad_nonoverlapping:65 - Normal (8171) reconstruction error: mean=0.1552, std=0.2359
2026-02-08 16:30:05.910 | INFO     | src.models.evaluation:evaluate_tsb_ad_nonoverlapping:66 - Anomaly (113) reconstruction error: mean=0.3405, std=0.2363
2026-02-08 16:30:05.910 | INFO     | src.models.evaluation:evaluate_tsb_ad_nonoverlapping:67 - Overlap? Normal max=1.0000, Anomaly min=0.0001
2026-02-08 16:30:13.346 | INFO     | src.models.evaluation:evaluate_tsb_ad_nonoverlapping:83 - {'AUC-PR': 0.04165480790137714, 'AUC-ROC': 0.7152524089619774, 'VUS-PR': np.float64(0.11707287660057394), 'VUS-ROC': np.float64(0.7049428727425804), 'Standard-F1': np.float64(0.10879235862780905), 'PA-F1': 0.11392405063291139, 'Event-based-F1': np.float64(0.0952380952380949), 'R-based-F1': 0.046109510086455335, 'Affiliation-F': 0.6820680697480797}
2026-02-08 16:30:13.503 | INFO     | src.pipelines.train_vision_backbones:run_pipeline:170 - Train images: 6
2026-02-08 16:30:13.503 | INFO     | src.pipelines.train_vision_backbones:run_pipeline:171 - Test images: 150
2026-02-08 16:30:13.715 | INFO     | src.pipelines.train_vision_backbones:run_pipeline:176 - Training resnet18_autoencoder_frozen on RWT
2026-02-08 16:30:13.728 | INFO     | src.models.resnet18_autoencoder.training:train_autoencoder_frozen:25 - Device: cuda | Model on: cuda:0
2026-02-08 16:30:18.497 | INFO     | src.pipelines.train_vision_backbones:run_pipeline:193 - Evaluating resnet18_autoencoder_frozen on RWT
2026-02-08 16:30:18.645 | INFO     | src.models.evaluation:evaluate_tsb_ad_nonoverlapping:65 - Normal (8171) reconstruction error: mean=0.3017, std=0.2166
2026-02-08 16:30:18.645 | INFO     | src.models.evaluation:evaluate_tsb_ad_nonoverlapping:66 - Anomaly (113) reconstruction error: mean=0.3533, std=0.2711
2026-02-08 16:30:18.645 | INFO     | src.models.evaluation:evaluate_tsb_ad_nonoverlapping:67 - Overlap? Normal max=1.0000, Anomaly min=0.0411
2026-02-08 16:30:26.358 | INFO     | src.models.evaluation:evaluate_tsb_ad_nonoverlapping:83 - {'AUC-PR': 0.029910493313574572, 'AUC-ROC': 0.5387107220333512, 'VUS-PR': np.float64(0.11594917118212969), 'VUS-ROC': np.float64(0.707471573784481), 'Standard-F1': np.float64(0.11510308881049712), 'PA-F1': 0.11510791366906475, 'Event-based-F1': np.float64(0.1035598705501613), 'R-based-F1': 0.1035598705501618, 'Affiliation-F': 0.6793910099424029}
2026-02-08 16:30:26.514 | INFO     | src.pipelines.train_vision_backbones:run_pipeline:170 - Train images: 6
2026-02-08 16:30:26.514 | INFO     | src.pipelines.train_vision_backbones:run_pipeline:171 - Test images: 150
2026-02-08 16:30:26.727 | INFO     | src.pipelines.train_vision_backbones:run_pipeline:176 - Training resnet18_autoencoder_progressive_unfreeze on RWT
2026-02-08 16:30:26.741 | INFO     | src.models.resnet18_autoencoder.training:train_autoencoder_progressive_unfreeze:133 - Device: cuda | Model on: cuda:0
2026-02-08 16:30:36.263 | INFO     | src.pipelines.train_vision_backbones:run_pipeline:193 - Evaluating resnet18_autoencoder_progressive_unfreeze on RWT
2026-02-08 16:30:36.407 | INFO     | src.models.evaluation:evaluate_tsb_ad_nonoverlapping:65 - Normal (8171) reconstruction error: mean=0.1921, std=0.2178
2026-02-08 16:30:36.407 | INFO     | src.models.evaluation:evaluate_tsb_ad_nonoverlapping:66 - Anomaly (113) reconstruction error: mean=0.2989, std=0.1776
2026-02-08 16:30:36.407 | INFO     | src.models.evaluation:evaluate_tsb_ad_nonoverlapping:67 - Overlap? Normal max=1.0000, Anomaly min=0.0012
2026-02-08 16:30:43.919 | INFO     | src.models.evaluation:evaluate_tsb_ad_nonoverlapping:83 - {'AUC-PR': 0.03570772707766574, 'AUC-ROC': 0.6799570681115925, 'VUS-PR': np.float64(0.10269133437970043), 'VUS-ROC': np.float64(0.6970380358369436), 'Standard-F1': np.float64(0.10362518183943618), 'PA-F1': 0.10852713178294573, 'Event-based-F1': np.float64(0.0912547528517107), 'R-based-F1': 0.046770247431794525, 'Affiliation-F': 0.687992296629533}
2026-02-08 16:30:44.074 | INFO     | src.pipelines.train_vision_backbones:run_pipeline:170 - Train images: 6
2026-02-08 16:30:44.075 | INFO     | src.pipelines.train_vision_backbones:run_pipeline:171 - Test images: 150
2026-02-08 16:30:44.278 | INFO     | src.pipelines.train_vision_backbones:run_pipeline:176 - Training resnet18_autoencoder_differential_lr on RWT
2026-02-08 16:30:44.291 | INFO     | src.models.resnet18_autoencoder.training:train_autoencoder_differential_lr:271 - Device: cuda | Model on: cuda:0
2026-02-08 16:30:57.869 | INFO     | src.pipelines.train_vision_backbones:run_pipeline:193 - Evaluating resnet18_autoencoder_differential_lr on RWT
2026-02-08 16:30:57.990 | INFO     | src.models.evaluation:evaluate_tsb_ad_nonoverlapping:65 - Normal (8171) reconstruction error: mean=0.1544, std=0.2215
2026-02-08 16:30:57.990 | INFO     | src.models.evaluation:evaluate_tsb_ad_nonoverlapping:66 - Anomaly (113) reconstruction error: mean=0.3114, std=0.2127
2026-02-08 16:30:57.990 | INFO     | src.models.evaluation:evaluate_tsb_ad_nonoverlapping:67 - Overlap? Normal max=1.0000, Anomaly min=0.0067
2026-02-08 16:31:05.412 | INFO     | src.models.evaluation:evaluate_tsb_ad_nonoverlapping:83 - {'AUC-PR': 0.040084943159840514, 'AUC-ROC': 0.7214073514902153, 'VUS-PR': np.float64(0.12202911382866809), 'VUS-ROC': np.float64(0.7069054650465942), 'Standard-F1': np.float64(0.09463560050402212), 'PA-F1': 0.0991345397324941, 'Event-based-F1': np.float64(0.08421052631578917), 'R-based-F1': 0.0547945205479452, 'Affiliation-F': 0.6799488135185089}
2026-02-08 16:31:06.095 | INFO     | src.pipelines.train_vision_backbones:run_pipeline:170 - Train images: 6
2026-02-08 16:31:06.095 | INFO     | src.pipelines.train_vision_backbones:run_pipeline:171 - Test images: 150
2026-02-08 16:31:07.112 | INFO     | src.pipelines.train_vision_backbones:run_pipeline:176 - Training pvt_autoencoder_frozen on RWT
2026-02-08 16:31:07.136 | INFO     | src.models.pvt_autoencoder.training:train_pvt_autoencoder_frozen:24 - Device: cuda | Model on: cuda:0
2026-02-08 16:31:14.882 | INFO     | src.pipelines.train_vision_backbones:run_pipeline:193 - Evaluating pvt_autoencoder_frozen on RWT
2026-02-08 16:31:14.993 | INFO     | src.models.evaluation:evaluate_tsb_ad_nonoverlapping:65 - Normal (8171) reconstruction error: mean=0.2007, std=0.2693
2026-02-08 16:31:14.993 | INFO     | src.models.evaluation:evaluate_tsb_ad_nonoverlapping:66 - Anomaly (113) reconstruction error: mean=0.2637, std=0.2135
2026-02-08 16:31:14.993 | INFO     | src.models.evaluation:evaluate_tsb_ad_nonoverlapping:67 - Overlap? Normal max=1.0000, Anomaly min=0.0042
2026-02-08 16:31:22.446 | INFO     | src.models.evaluation:evaluate_tsb_ad_nonoverlapping:83 - {'AUC-PR': 0.027050818203866237, 'AUC-ROC': 0.648115556527889, 'VUS-PR': np.float64(0.10408006225937694), 'VUS-ROC': np.float64(0.6891729648996763), 'Standard-F1': np.float64(0.06406720575850852), 'PA-F1': 0.07108626198083066, 'Event-based-F1': np.float64(0.05911330049261061), 'R-based-F1': 0.033023735810113516, 'Affiliation-F': 0.6737379202853334}
2026-02-08 16:31:22.597 | INFO     | src.pipelines.train_vision_backbones:run_pipeline:170 - Train images: 6
2026-02-08 16:31:22.598 | INFO     | src.pipelines.train_vision_backbones:run_pipeline:171 - Test images: 150
2026-02-08 16:31:23.586 | INFO     | src.pipelines.train_vision_backbones:run_pipeline:176 - Training pvt_autoencoder_progressive_unfreeze on RWT
2026-02-08 16:31:23.608 | INFO     | src.models.pvt_autoencoder.training:train_pvt_autoencoder_progressive_unfreeze:132 - Device: cuda | Model on: cuda:0
2026-02-08 16:31:29.680 | INFO     | src.pipelines.train_vision_backbones:run_pipeline:193 - Evaluating pvt_autoencoder_progressive_unfreeze on RWT
2026-02-08 16:31:29.793 | INFO     | src.models.evaluation:evaluate_tsb_ad_nonoverlapping:65 - Normal (8171) reconstruction error: mean=0.3577, std=0.3150
2026-02-08 16:31:29.793 | INFO     | src.models.evaluation:evaluate_tsb_ad_nonoverlapping:66 - Anomaly (113) reconstruction error: mean=0.2994, std=0.1833
2026-02-08 16:31:29.793 | INFO     | src.models.evaluation:evaluate_tsb_ad_nonoverlapping:67 - Overlap? Normal max=1.0000, Anomaly min=0.0000
2026-02-08 16:31:37.635 | INFO     | src.models.evaluation:evaluate_tsb_ad_nonoverlapping:83 - {'AUC-PR': 0.015512547531367629, 'AUC-ROC': 0.47765299900468194, 'VUS-PR': np.float64(0.07164377411454304), 'VUS-ROC': np.float64(0.6426296689060911), 'Standard-F1': np.float64(0.03633205010693711), 'PA-F1': 0.04199593587717318, 'Event-based-F1': np.float64(0.03553581343697936), 'R-based-F1': 0.02106649111257406, 'Affiliation-F': 0.6839184173540904}
2026-02-08 16:31:37.792 | INFO     | src.pipelines.train_vision_backbones:run_pipeline:170 - Train images: 6
2026-02-08 16:31:37.792 | INFO     | src.pipelines.train_vision_backbones:run_pipeline:171 - Test images: 150
2026-02-08 16:31:38.765 | INFO     | src.pipelines.train_vision_backbones:run_pipeline:176 - Training pvt_autoencoder_differential_lr on RWT
2026-02-08 16:31:38.789 | INFO     | src.models.pvt_autoencoder.training:train_pvt_autoencoder_differential_lr:267 - Device: cuda | Model on: cuda:0
2026-02-08 16:31:46.040 | INFO     | src.pipelines.train_vision_backbones:run_pipeline:193 - Evaluating pvt_autoencoder_differential_lr on RWT
2026-02-08 16:31:46.151 | INFO     | src.models.evaluation:evaluate_tsb_ad_nonoverlapping:65 - Normal (8171) reconstruction error: mean=0.1887, std=0.2535
2026-02-08 16:31:46.151 | INFO     | src.models.evaluation:evaluate_tsb_ad_nonoverlapping:66 - Anomaly (113) reconstruction error: mean=0.2704, std=0.2457
2026-02-08 16:31:46.151 | INFO     | src.models.evaluation:evaluate_tsb_ad_nonoverlapping:67 - Overlap? Normal max=1.0000, Anomaly min=0.0032
2026-02-08 16:31:53.567 | INFO     | src.models.evaluation:evaluate_tsb_ad_nonoverlapping:83 - {'AUC-PR': 0.028479241794555316, 'AUC-ROC': 0.6548596753248863, 'VUS-PR': np.float64(0.10638267892205525), 'VUS-ROC': np.float64(0.7020691731465771), 'Standard-F1': np.float64(0.06600543482424824), 'PA-F1': 0.06919275123558484, 'Event-based-F1': np.float64(0.06075949367088584), 'R-based-F1': 0.042723631508678236, 'Affiliation-F': 0.6725481671065315}
2026-02-08 16:31:53.786 | INFO     | src.pipelines.train_vision_backbones:run_pipeline:70 - Using zip: /net/scratch/hscra/plgrid/plgsmendowski12/ts2i_images/IOPS/271_IOPS_id_12_WebService_tr_500_1st_341_ts2i_MWT.zip for transformation MWT
2026-02-08 16:31:53.995 | INFO     | src.pipelines.train_vision_backbones:run_pipeline:170 - Train images: 6
2026-02-08 16:31:53.995 | INFO     | src.pipelines.train_vision_backbones:run_pipeline:171 - Test images: 150
2026-02-08 16:31:54.002 | INFO     | src.pipelines.train_vision_backbones:run_pipeline:176 - Training cnn_autoencoder on MWT
2026-02-08 16:31:54.007 | INFO     | src.models.cnn_autoencoder.training:train_autoencoder:22 - Device: cuda | Model on: cuda:0
2026-02-08 16:32:11.806 | INFO     | src.pipelines.train_vision_backbones:run_pipeline:193 - Evaluating cnn_autoencoder on MWT
2026-02-08 16:32:11.942 | INFO     | src.models.evaluation:evaluate_tsb_ad_nonoverlapping:65 - Normal (8171) reconstruction error: mean=0.1642, std=0.1902
2026-02-08 16:32:11.942 | INFO     | src.models.evaluation:evaluate_tsb_ad_nonoverlapping:66 - Anomaly (113) reconstruction error: mean=0.5656, std=0.3162
2026-02-08 16:32:11.942 | INFO     | src.models.evaluation:evaluate_tsb_ad_nonoverlapping:67 - Overlap? Normal max=1.0000, Anomaly min=0.0060
2026-02-08 16:32:19.447 | INFO     | src.models.evaluation:evaluate_tsb_ad_nonoverlapping:83 - {'AUC-PR': 0.34763477587599545, 'AUC-ROC': 0.8188315464902314, 'VUS-PR': np.float64(0.4550949041879469), 'VUS-ROC': np.float64(0.7436824428807176), 'Standard-F1': np.float64(0.5381115928795969), 'PA-F1': 0.5575221238938053, 'Event-based-F1': np.float64(0.4159613059250298), 'R-based-F1': 0.31456260734373603, 'Affiliation-F': 0.6812204102637819}
2026-02-08 16:32:19.604 | INFO     | src.pipelines.train_vision_backbones:run_pipeline:170 - Train images: 6
2026-02-08 16:32:19.604 | INFO     | src.pipelines.train_vision_backbones:run_pipeline:171 - Test images: 150
2026-02-08 16:32:19.817 | INFO     | src.pipelines.train_vision_backbones:run_pipeline:176 - Training resnet18_autoencoder_frozen on MWT
2026-02-08 16:32:19.831 | INFO     | src.models.resnet18_autoencoder.training:train_autoencoder_frozen:25 - Device: cuda | Model on: cuda:0
2026-02-08 16:32:30.650 | INFO     | src.pipelines.train_vision_backbones:run_pipeline:193 - Evaluating resnet18_autoencoder_frozen on MWT
2026-02-08 16:32:30.795 | INFO     | src.models.evaluation:evaluate_tsb_ad_nonoverlapping:65 - Normal (8171) reconstruction error: mean=0.3046, std=0.2674
2026-02-08 16:32:30.796 | INFO     | src.models.evaluation:evaluate_tsb_ad_nonoverlapping:66 - Anomaly (113) reconstruction error: mean=0.4498, std=0.2252
2026-02-08 16:32:30.796 | INFO     | src.models.evaluation:evaluate_tsb_ad_nonoverlapping:67 - Overlap? Normal max=1.0000, Anomaly min=0.0061
2026-02-08 16:32:38.495 | INFO     | src.models.evaluation:evaluate_tsb_ad_nonoverlapping:83 - {'AUC-PR': 0.027960543609449506, 'AUC-ROC': 0.6736624128284469, 'VUS-PR': np.float64(0.11326476332380923), 'VUS-ROC': np.float64(0.722434637944729), 'Standard-F1': np.float64(0.06600543482424824), 'PA-F1': 0.06919275123558484, 'Event-based-F1': np.float64(0.06287425149700582), 'R-based-F1': 0.03904531591898055, 'Affiliation-F': 0.6941853350175228}
2026-02-08 16:32:38.665 | INFO     | src.pipelines.train_vision_backbones:run_pipeline:170 - Train images: 6
2026-02-08 16:32:38.666 | INFO     | src.pipelines.train_vision_backbones:run_pipeline:171 - Test images: 150
2026-02-08 16:32:38.877 | INFO     | src.pipelines.train_vision_backbones:run_pipeline:176 - Training resnet18_autoencoder_progressive_unfreeze on MWT
2026-02-08 16:32:38.891 | INFO     | src.models.resnet18_autoencoder.training:train_autoencoder_progressive_unfreeze:133 - Device: cuda | Model on: cuda:0
2026-02-08 16:32:49.532 | INFO     | src.pipelines.train_vision_backbones:run_pipeline:193 - Evaluating resnet18_autoencoder_progressive_unfreeze on MWT
2026-02-08 16:32:49.674 | INFO     | src.models.evaluation:evaluate_tsb_ad_nonoverlapping:65 - Normal (8171) reconstruction error: mean=0.3131, std=0.2858
2026-02-08 16:32:49.674 | INFO     | src.models.evaluation:evaluate_tsb_ad_nonoverlapping:66 - Anomaly (113) reconstruction error: mean=0.4366, std=0.2461
2026-02-08 16:32:49.674 | INFO     | src.models.evaluation:evaluate_tsb_ad_nonoverlapping:67 - Overlap? Normal max=1.0000, Anomaly min=0.0024
2026-02-08 16:32:57.442 | INFO     | src.models.evaluation:evaluate_tsb_ad_nonoverlapping:83 - {'AUC-PR': 0.026911647103828214, 'AUC-ROC': 0.6342915751042701, 'VUS-PR': np.float64(0.11188176319286229), 'VUS-ROC': np.float64(0.7282146563000823), 'Standard-F1': np.float64(0.07025637561886616), 'PA-F1': 0.07134767836919592, 'Event-based-F1': np.float64(0.06249999999999976), 'R-based-F1': 0.02572347266881029, 'Affiliation-F': 0.6913974434133022}
2026-02-08 16:32:57.599 | INFO     | src.pipelines.train_vision_backbones:run_pipeline:170 - Train images: 6
2026-02-08 16:32:57.599 | INFO     | src.pipelines.train_vision_backbones:run_pipeline:171 - Test images: 150
2026-02-08 16:32:57.810 | INFO     | src.pipelines.train_vision_backbones:run_pipeline:176 - Training resnet18_autoencoder_differential_lr on MWT
2026-02-08 16:32:57.824 | INFO     | src.models.resnet18_autoencoder.training:train_autoencoder_differential_lr:271 - Device: cuda | Model on: cuda:0
2026-02-08 16:33:09.418 | INFO     | src.pipelines.train_vision_backbones:run_pipeline:193 - Evaluating resnet18_autoencoder_differential_lr on MWT
2026-02-08 16:33:09.549 | INFO     | src.models.evaluation:evaluate_tsb_ad_nonoverlapping:65 - Normal (8171) reconstruction error: mean=0.3085, std=0.2376
2026-02-08 16:33:09.550 | INFO     | src.models.evaluation:evaluate_tsb_ad_nonoverlapping:66 - Anomaly (113) reconstruction error: mean=0.4808, std=0.2215
2026-02-08 16:33:09.550 | INFO     | src.models.evaluation:evaluate_tsb_ad_nonoverlapping:67 - Overlap? Normal max=1.0000, Anomaly min=0.0521
2026-02-08 16:33:17.247 | INFO     | src.models.evaluation:evaluate_tsb_ad_nonoverlapping:83 - {'AUC-PR': 0.03458464330340404, 'AUC-ROC': 0.6973139410585462, 'VUS-PR': np.float64(0.1268422338225806), 'VUS-ROC': np.float64(0.7363812143450097), 'Standard-F1': np.float64(0.08708122304965787), 'PA-F1': 0.08774373259052924, 'Event-based-F1': np.float64(0.07547169811320725), 'R-based-F1': 0.042723631508678236, 'Affiliation-F': 0.7016177860584091}
2026-02-08 16:33:17.402 | INFO     | src.pipelines.train_vision_backbones:run_pipeline:170 - Train images: 6
2026-02-08 16:33:17.402 | INFO     | src.pipelines.train_vision_backbones:run_pipeline:171 - Test images: 150
2026-02-08 16:33:18.343 | INFO     | src.pipelines.train_vision_backbones:run_pipeline:176 - Training pvt_autoencoder_frozen on MWT
2026-02-08 16:33:18.367 | INFO     | src.models.pvt_autoencoder.training:train_pvt_autoencoder_frozen:24 - Device: cuda | Model on: cuda:0
2026-02-08 16:33:38.663 | INFO     | src.pipelines.train_vision_backbones:run_pipeline:193 - Evaluating pvt_autoencoder_frozen on MWT
2026-02-08 16:33:38.777 | INFO     | src.models.evaluation:evaluate_tsb_ad_nonoverlapping:65 - Normal (8171) reconstruction error: mean=0.2417, std=0.3039
2026-02-08 16:33:38.777 | INFO     | src.models.evaluation:evaluate_tsb_ad_nonoverlapping:66 - Anomaly (113) reconstruction error: mean=0.4166, std=0.2657
2026-02-08 16:33:38.777 | INFO     | src.models.evaluation:evaluate_tsb_ad_nonoverlapping:67 - Overlap? Normal max=1.0000, Anomaly min=0.0096
2026-02-08 16:33:46.330 | INFO     | src.models.evaluation:evaluate_tsb_ad_nonoverlapping:83 - {'AUC-PR': 0.030309439972731334, 'AUC-ROC': 0.6737252294159248, 'VUS-PR': np.float64(0.13769903565915115), 'VUS-ROC': np.float64(0.7183941295212086), 'Standard-F1': np.float64(0.06727062273566306), 'PA-F1': 0.07093292212798766, 'Event-based-F1': np.float64(0.06464853771164683), 'R-based-F1': 0.042723631508678236, 'Affiliation-F': 0.6897478646613245}
2026-02-08 16:33:46.483 | INFO     | src.pipelines.train_vision_backbones:run_pipeline:170 - Train images: 6
2026-02-08 16:33:46.483 | INFO     | src.pipelines.train_vision_backbones:run_pipeline:171 - Test images: 150
2026-02-08 16:33:47.428 | INFO     | src.pipelines.train_vision_backbones:run_pipeline:176 - Training pvt_autoencoder_progressive_unfreeze on MWT
2026-02-08 16:33:47.451 | INFO     | src.models.pvt_autoencoder.training:train_pvt_autoencoder_progressive_unfreeze:132 - Device: cuda | Model on: cuda:0
2026-02-08 16:34:12.611 | INFO     | src.pipelines.train_vision_backbones:run_pipeline:193 - Evaluating pvt_autoencoder_progressive_unfreeze on MWT
2026-02-08 16:34:12.724 | INFO     | src.models.evaluation:evaluate_tsb_ad_nonoverlapping:65 - Normal (8171) reconstruction error: mean=0.2074, std=0.2682
2026-02-08 16:34:12.724 | INFO     | src.models.evaluation:evaluate_tsb_ad_nonoverlapping:66 - Anomaly (113) reconstruction error: mean=0.4603, std=0.2908
2026-02-08 16:34:12.724 | INFO     | src.models.evaluation:evaluate_tsb_ad_nonoverlapping:67 - Overlap? Normal max=1.0000, Anomaly min=0.0105
2026-02-08 16:34:20.229 | INFO     | src.models.evaluation:evaluate_tsb_ad_nonoverlapping:83 - {'AUC-PR': 0.07547959741377873, 'AUC-ROC': 0.7459177340973853, 'VUS-PR': np.float64(0.17707600006762475), 'VUS-ROC': np.float64(0.740333622208885), 'Standard-F1': np.float64(0.1904717865247275), 'PA-F1': 0.19047619047619047, 'Event-based-F1': np.float64(0.16080402010050213), 'R-based-F1': 0.16080402010050251, 'Affiliation-F': 0.6947542050002825}
2026-02-08 16:34:20.387 | INFO     | src.pipelines.train_vision_backbones:run_pipeline:170 - Train images: 6
2026-02-08 16:34:20.387 | INFO     | src.pipelines.train_vision_backbones:run_pipeline:171 - Test images: 150
2026-02-08 16:34:21.334 | INFO     | src.pipelines.train_vision_backbones:run_pipeline:176 - Training pvt_autoencoder_differential_lr on MWT
2026-02-08 16:34:21.360 | INFO     | src.models.pvt_autoencoder.training:train_pvt_autoencoder_differential_lr:267 - Device: cuda | Model on: cuda:0
2026-02-08 16:34:40.325 | INFO     | src.pipelines.train_vision_backbones:run_pipeline:193 - Evaluating pvt_autoencoder_differential_lr on MWT
2026-02-08 16:34:40.749 | INFO     | src.models.evaluation:evaluate_tsb_ad_nonoverlapping:65 - Normal (8171) reconstruction error: mean=0.1955, std=0.2434
2026-02-08 16:34:40.749 | INFO     | src.models.evaluation:evaluate_tsb_ad_nonoverlapping:66 - Anomaly (113) reconstruction error: mean=0.5409, std=0.3097
2026-02-08 16:34:40.749 | INFO     | src.models.evaluation:evaluate_tsb_ad_nonoverlapping:67 - Overlap? Normal max=1.0000, Anomaly min=0.0080
2026-02-08 16:34:48.205 | INFO     | src.models.evaluation:evaluate_tsb_ad_nonoverlapping:83 - {'AUC-PR': 0.10301812710517715, 'AUC-ROC': 0.7872261386318764, 'VUS-PR': np.float64(0.2264438284773965), 'VUS-ROC': np.float64(0.758674184943273), 'Standard-F1': np.float64(0.1904717865247275), 'PA-F1': 0.19047619047619047, 'Event-based-F1': np.float64(0.16080402010050213), 'R-based-F1': 0.16080402010050251, 'Affiliation-F': 0.7087627936631264}
2026-02-08 16:34:48.426 | INFO     | src.pipelines.train_vision_backbones:run_pipeline:70 - Using zip: /net/scratch/hscra/plgrid/plgsmendowski12/ts2i_images/IOPS/271_IOPS_id_12_WebService_tr_500_1st_341_ts2i_SPIRAL.zip for transformation SPIRAL
2026-02-08 16:34:48.623 | INFO     | src.pipelines.train_vision_backbones:run_pipeline:170 - Train images: 6
2026-02-08 16:34:48.623 | INFO     | src.pipelines.train_vision_backbones:run_pipeline:171 - Test images: 150
2026-02-08 16:34:48.630 | INFO     | src.pipelines.train_vision_backbones:run_pipeline:176 - Training cnn_autoencoder on SPIRAL
2026-02-08 16:34:48.634 | INFO     | src.models.cnn_autoencoder.training:train_autoencoder:22 - Device: cuda | Model on: cuda:0
2026-02-08 16:35:06.931 | INFO     | src.pipelines.train_vision_backbones:run_pipeline:193 - Evaluating cnn_autoencoder on SPIRAL
2026-02-08 16:35:07.057 | INFO     | src.models.evaluation:evaluate_tsb_ad_nonoverlapping:65 - Normal (8171) reconstruction error: mean=0.1746, std=0.1659
2026-02-08 16:35:07.058 | INFO     | src.models.evaluation:evaluate_tsb_ad_nonoverlapping:66 - Anomaly (113) reconstruction error: mean=0.2604, std=0.2544
2026-02-08 16:35:07.058 | INFO     | src.models.evaluation:evaluate_tsb_ad_nonoverlapping:67 - Overlap? Normal max=1.0000, Anomaly min=0.0625
2026-02-08 16:35:14.683 | INFO     | src.models.evaluation:evaluate_tsb_ad_nonoverlapping:83 - {'AUC-PR': 0.03712869215749191, 'AUC-ROC': 0.583059232792858, 'VUS-PR': np.float64(0.14400038236424043), 'VUS-ROC': np.float64(0.768315643914316), 'Standard-F1': np.float64(0.1381336545206275), 'PA-F1': 0.15476190476190477, 'Event-based-F1': np.float64(0.10772833723653344), 'R-based-F1': 0.10266691885757519, 'Affiliation-F': 0.7211183800100914}
2026-02-08 16:35:14.837 | INFO     | src.pipelines.train_vision_backbones:run_pipeline:170 - Train images: 6
2026-02-08 16:35:14.837 | INFO     | src.pipelines.train_vision_backbones:run_pipeline:171 - Test images: 150
2026-02-08 16:35:15.047 | INFO     | src.pipelines.train_vision_backbones:run_pipeline:176 - Training resnet18_autoencoder_frozen on SPIRAL
2026-02-08 16:35:15.061 | INFO     | src.models.resnet18_autoencoder.training:train_autoencoder_frozen:25 - Device: cuda | Model on: cuda:0
2026-02-08 16:35:21.368 | INFO     | src.pipelines.train_vision_backbones:run_pipeline:193 - Evaluating resnet18_autoencoder_frozen on SPIRAL
2026-02-08 16:35:21.508 | INFO     | src.models.evaluation:evaluate_tsb_ad_nonoverlapping:65 - Normal (8171) reconstruction error: mean=0.2860, std=0.2469
2026-02-08 16:35:21.508 | INFO     | src.models.evaluation:evaluate_tsb_ad_nonoverlapping:66 - Anomaly (113) reconstruction error: mean=0.3823, std=0.1320
2026-02-08 16:35:21.508 | INFO     | src.models.evaluation:evaluate_tsb_ad_nonoverlapping:67 - Overlap? Normal max=1.0000, Anomaly min=0.0568
2026-02-08 16:35:29.151 | INFO     | src.models.evaluation:evaluate_tsb_ad_nonoverlapping:83 - {'AUC-PR': 0.02654774593790559, 'AUC-ROC': 0.6960197027475759, 'VUS-PR': np.float64(0.1849177366020538), 'VUS-ROC': np.float64(0.8197137242701509), 'Standard-F1': np.float64(0.06226754435997365), 'PA-F1': 0.06524102935846321, 'Event-based-F1': np.float64(0.06073752711496737), 'R-based-F1': 0.09547229775062677, 'Affiliation-F': 0.7308157783111988}
2026-02-08 16:35:29.304 | INFO     | src.pipelines.train_vision_backbones:run_pipeline:170 - Train images: 6
2026-02-08 16:35:29.304 | INFO     | src.pipelines.train_vision_backbones:run_pipeline:171 - Test images: 150
2026-02-08 16:35:29.515 | INFO     | src.pipelines.train_vision_backbones:run_pipeline:176 - Training resnet18_autoencoder_progressive_unfreeze on SPIRAL
2026-02-08 16:35:29.529 | INFO     | src.models.resnet18_autoencoder.training:train_autoencoder_progressive_unfreeze:133 - Device: cuda | Model on: cuda:0
2026-02-08 16:35:35.873 | INFO     | src.pipelines.train_vision_backbones:run_pipeline:193 - Evaluating resnet18_autoencoder_progressive_unfreeze on SPIRAL
2026-02-08 16:35:36.009 | INFO     | src.models.evaluation:evaluate_tsb_ad_nonoverlapping:65 - Normal (8171) reconstruction error: mean=0.3388, std=0.2771
2026-02-08 16:35:36.009 | INFO     | src.models.evaluation:evaluate_tsb_ad_nonoverlapping:66 - Anomaly (113) reconstruction error: mean=0.4527, std=0.1642
2026-02-08 16:35:36.009 | INFO     | src.models.evaluation:evaluate_tsb_ad_nonoverlapping:67 - Overlap? Normal max=1.0000, Anomaly min=0.0623
2026-02-08 16:35:43.774 | INFO     | src.models.evaluation:evaluate_tsb_ad_nonoverlapping:83 - {'AUC-PR': 0.02422525847608747, 'AUC-ROC': 0.6676742591704095, 'VUS-PR': np.float64(0.13877022379568318), 'VUS-ROC': np.float64(0.7652877410605552), 'Standard-F1': np.float64(0.05641338435491153), 'PA-F1': 0.05872193436960276, 'Event-based-F1': np.float64(0.056015960712093214), 'R-based-F1': 0.04567699836867863, 'Affiliation-F': 0.6986122121640719}
2026-02-08 16:35:43.930 | INFO     | src.pipelines.train_vision_backbones:run_pipeline:170 - Train images: 6
2026-02-08 16:35:43.930 | INFO     | src.pipelines.train_vision_backbones:run_pipeline:171 - Test images: 150
2026-02-08 16:35:44.141 | INFO     | src.pipelines.train_vision_backbones:run_pipeline:176 - Training resnet18_autoencoder_differential_lr on SPIRAL
2026-02-08 16:35:44.155 | INFO     | src.models.resnet18_autoencoder.training:train_autoencoder_differential_lr:271 - Device: cuda | Model on: cuda:0
2026-02-08 16:35:53.342 | INFO     | src.pipelines.train_vision_backbones:run_pipeline:193 - Evaluating resnet18_autoencoder_differential_lr on SPIRAL
2026-02-08 16:35:53.465 | INFO     | src.models.evaluation:evaluate_tsb_ad_nonoverlapping:65 - Normal (8171) reconstruction error: mean=0.2024, std=0.2033
2026-02-08 16:35:53.465 | INFO     | src.models.evaluation:evaluate_tsb_ad_nonoverlapping:66 - Anomaly (113) reconstruction error: mean=0.2048, std=0.0822
2026-02-08 16:35:53.465 | INFO     | src.models.evaluation:evaluate_tsb_ad_nonoverlapping:67 - Overlap? Normal max=1.0000, Anomaly min=0.0947
2026-02-08 16:36:00.962 | INFO     | src.models.evaluation:evaluate_tsb_ad_nonoverlapping:83 - {'AUC-PR': 0.023098249082211204, 'AUC-ROC': 0.6651789243850743, 'VUS-PR': np.float64(0.1624781946075286), 'VUS-ROC': np.float64(0.798584061574414), 'Standard-F1': np.float64(0.0536829848513667), 'PA-F1': 0.0561830292499276, 'Event-based-F1': np.float64(0.052962787821468786), 'R-based-F1': 0.07850375215940779, 'Affiliation-F': 0.7086676901462885}
2026-02-08 16:36:01.117 | INFO     | src.pipelines.train_vision_backbones:run_pipeline:170 - Train images: 6
2026-02-08 16:36:01.117 | INFO     | src.pipelines.train_vision_backbones:run_pipeline:171 - Test images: 150
2026-02-08 16:36:02.057 | INFO     | src.pipelines.train_vision_backbones:run_pipeline:176 - Training pvt_autoencoder_frozen on SPIRAL
2026-02-08 16:36:02.080 | INFO     | src.models.pvt_autoencoder.training:train_pvt_autoencoder_frozen:24 - Device: cuda | Model on: cuda:0
2026-02-08 16:36:09.939 | INFO     | src.pipelines.train_vision_backbones:run_pipeline:193 - Evaluating pvt_autoencoder_frozen on SPIRAL
2026-02-08 16:36:10.045 | INFO     | src.models.evaluation:evaluate_tsb_ad_nonoverlapping:65 - Normal (8171) reconstruction error: mean=0.2530, std=0.2153
2026-02-08 16:36:10.045 | INFO     | src.models.evaluation:evaluate_tsb_ad_nonoverlapping:66 - Anomaly (113) reconstruction error: mean=0.2554, std=0.0856
2026-02-08 16:36:10.046 | INFO     | src.models.evaluation:evaluate_tsb_ad_nonoverlapping:67 - Overlap? Normal max=1.0000, Anomaly min=0.0702
2026-02-08 16:36:17.639 | INFO     | src.models.evaluation:evaluate_tsb_ad_nonoverlapping:83 - {'AUC-PR': 0.01817802699466399, 'AUC-ROC': 0.5752992181500949, 'VUS-PR': np.float64(0.16183796475284346), 'VUS-ROC': np.float64(0.7277666355012649), 'Standard-F1': np.float64(0.046208568261402266), 'PA-F1': 0.04883512544802868, 'Event-based-F1': np.float64(0.04617928097066154), 'R-based-F1': 0.05020244811169421, 'Affiliation-F': 0.7185156675679811}
2026-02-08 16:36:17.792 | INFO     | src.pipelines.train_vision_backbones:run_pipeline:170 - Train images: 6
2026-02-08 16:36:17.792 | INFO     | src.pipelines.train_vision_backbones:run_pipeline:171 - Test images: 150
2026-02-08 16:36:18.734 | INFO     | src.pipelines.train_vision_backbones:run_pipeline:176 - Training pvt_autoencoder_progressive_unfreeze on SPIRAL
2026-02-08 16:36:18.758 | INFO     | src.models.pvt_autoencoder.training:train_pvt_autoencoder_progressive_unfreeze:132 - Device: cuda | Model on: cuda:0
2026-02-08 16:36:26.869 | INFO     | src.pipelines.train_vision_backbones:run_pipeline:193 - Evaluating pvt_autoencoder_progressive_unfreeze on SPIRAL
2026-02-08 16:36:26.974 | INFO     | src.models.evaluation:evaluate_tsb_ad_nonoverlapping:65 - Normal (8171) reconstruction error: mean=0.3784, std=0.2607
2026-02-08 16:36:26.974 | INFO     | src.models.evaluation:evaluate_tsb_ad_nonoverlapping:66 - Anomaly (113) reconstruction error: mean=0.5479, std=0.1594
2026-02-08 16:36:26.974 | INFO     | src.models.evaluation:evaluate_tsb_ad_nonoverlapping:67 - Overlap? Normal max=1.0000, Anomaly min=0.0908
2026-02-08 16:36:34.860 | INFO     | src.models.evaluation:evaluate_tsb_ad_nonoverlapping:83 - {'AUC-PR': 0.02856345961870277, 'AUC-ROC': 0.698802044355009, 'VUS-PR': np.float64(0.14452072541319821), 'VUS-ROC': np.float64(0.7483800216983791), 'Standard-F1': np.float64(0.07261617186899218), 'PA-F1': 0.07632093933463796, 'Event-based-F1': np.float64(0.06725829051844914), 'R-based-F1': 0.09270891952865352, 'Affiliation-F': 0.7164869732943031}
2026-02-08 16:36:35.043 | INFO     | src.pipelines.train_vision_backbones:run_pipeline:170 - Train images: 6
2026-02-08 16:36:35.043 | INFO     | src.pipelines.train_vision_backbones:run_pipeline:171 - Test images: 150
2026-02-08 16:36:35.980 | INFO     | src.pipelines.train_vision_backbones:run_pipeline:176 - Training pvt_autoencoder_differential_lr on SPIRAL
2026-02-08 16:36:36.004 | INFO     | src.models.pvt_autoencoder.training:train_pvt_autoencoder_differential_lr:267 - Device: cuda | Model on: cuda:0
2026-02-08 16:36:41.316 | INFO     | src.pipelines.train_vision_backbones:run_pipeline:193 - Evaluating pvt_autoencoder_differential_lr on SPIRAL
2026-02-08 16:36:41.424 | INFO     | src.models.evaluation:evaluate_tsb_ad_nonoverlapping:65 - Normal (8171) reconstruction error: mean=0.3707, std=0.2586
2026-02-08 16:36:41.424 | INFO     | src.models.evaluation:evaluate_tsb_ad_nonoverlapping:66 - Anomaly (113) reconstruction error: mean=0.6566, std=0.3208
2026-02-08 16:36:41.424 | INFO     | src.models.evaluation:evaluate_tsb_ad_nonoverlapping:67 - Overlap? Normal max=1.0000, Anomaly min=0.0460
2026-02-08 16:36:49.228 | INFO     | src.models.evaluation:evaluate_tsb_ad_nonoverlapping:83 - {'AUC-PR': 0.33274276923776824, 'AUC-ROC': 0.7386613351990583, 'VUS-PR': np.float64(0.19625458414049435), 'VUS-ROC': np.float64(0.770222784590042), 'Standard-F1': np.float64(0.5238051197932636), 'PA-F1': 0.5497076023391813, 'Event-based-F1': np.float64(0.19512195121951198), 'R-based-F1': 0.18631853785900787, 'Affiliation-F': 0.7144763770659283}
