 GCCcore/13.2.0 loaded.
 zlib/1.2.13 loaded.
 binutils/2.40 loaded.
 GCC/13.2.0 loaded.
 libcxi/1.0.2 loaded.
 libfabric/2.2.0rc1 loaded.
 CUDA/12.4.0 loaded.
 OpenMPI/5.0.3 loaded.
 OpenBLAS/0.3.24 loaded.
 FlexiBLAS/3.3.1 loaded.
 FFTW/3.3.10 loaded.
 FFTW.MPI/3.3.10 loaded.
 ScaLAPACK/2.2.0-fb loaded.
 foss/2023b loaded.
 numactl/2.0.16 loaded.
 XZ/5.4.4 loaded.
 libxml2/2.11.5 loaded.
 libpciaccess/0.17 loaded.
 hwloc/2.9.2 loaded.
 ncurses/6.4 loaded.
 GMP/6.3.0 loaded.
 bzip2/1.0.8 loaded.
 libreadline/8.2 loaded.
 Tcl/8.6.13 loaded.
 SQLite/3.43.1 loaded.
 libffi/3.4.4 loaded.
 OpenSSL/1.1 loaded.
 Python/3.11.5 loaded.
 Z3/4.13.0 loaded.
 Clang/17.0.6-CUDA-12.4.0 loaded.
 magma/2.7.2-CUDA-12.4.0 loaded.
 cuDNN/9.2.1.18-CUDA-12.4.0 loaded.
 NCCL/2.20.5-CUDA-12.4.0 loaded.
 NASM/2.16.01 loaded.
 libjpeg-turbo/3.0.1 loaded.
 libpng/1.6.40 loaded.
 x264/20231019 loaded.
 LAME/3.100 loaded.
 x265/3.5 loaded.
 expat/2.5.0 loaded.
 Brotli/1.1.0 loaded.
 freetype/2.13.2 loaded.
 util-linux/2.39 loaded.
 fontconfig/2.14.2 loaded.
 xorg-macros/1.20.0 loaded.
 X11/20231019 loaded.
 FriBidi/1.0.13 loaded.
 SDL2/2.28.5 loaded.
 FFmpeg/6.0 loaded.
 libogg/1.3.5 loaded.
 FLAC/1.4.2 loaded.
 libvorbis/1.3.7 loaded.
 libopus/1.4 loaded.
 mpg123/1.32.10 loaded.
 libsndfile/1.2.2 loaded.
 cuSPARSELt/0.6.1.0-CUDA-12.4.0 loaded.
 Szip/2.1.1 loaded.
 HDF5/1.14.3 loaded.
---------------------------WARNING-----------------------
Due to performance issues OMP_NUM_THREADS is set to 1
If you see performance drop, carefully test larger values
--------------------------------------------------------- 
 ML-bundle/24.06a loaded.
warning: Using incompatible environment (`/net/scratch/hscra/plgrid/plgsmendowski12/.venv_ts2img`) due to `--no-sync` (The project environment's Python version does not satisfy the request: `Python 3.10.13`)
2026-02-08 16:45:13.657 | INFO     | src.pipelines.transform_time_series_to_images:run_pipeline:33 - Loading configuration from configs/default.yaml
2026-02-08 16:45:13.684 | INFO     | src.pipelines.transform_time_series_to_images:run_pipeline:45 - Loading data from data/TSB-AD/TSB-AD-U/432_UCR_id_130_Facility_tr_23000_1st_26970.csv
2026-02-08 16:45:13.706 | INFO     | src.time_series.loaders:load_tsb_ad_u:91 - Found optimal window_len=10
2026-02-08 16:45:13.707 | INFO     | src.pipelines.transform_time_series_to_images:run_pipeline:68 - Transforming 432_UCR_id_130_Facility_tr_23000_1st_26970 using RN
2026-02-08 16:45:13.710 | INFO     | src.pipelines.transform_time_series_to_images:run_pipeline:86 - window_len=10, stride=10, resolution=64x64
2026-02-08 16:45:13.710 | INFO     | src.images.creators:create_png_image_dataset:126 - Running with n_workers: 15 for train=True set
2026-02-08 16:45:21.602 | INFO     | src.images.creators:create_png_image_dataset:126 - Running with n_workers: 15 for train=False set
2026-02-08 16:45:43.443 | INFO     | src.pipelines.transform_time_series_to_images:run_pipeline:166 - Saved metadata to /net/scratch/hscra/plgrid/plgsmendowski12/ts2i_images/UCR/432_UCR_id_130_Facility_tr_23000_1st_26970_ts2i_RN_metadata.json
2026-02-08 16:45:49.912 | INFO     | src.pipelines.transform_time_series_to_images:run_pipeline:169 - Saved to /net/scratch/hscra/plgrid/plgsmendowski12/ts2i_images/UCR/432_UCR_id_130_Facility_tr_23000_1st_26970_ts2i_RN.zip
2026-02-08 16:45:52.189 | INFO     | src.pipelines.transform_time_series_to_images:run_pipeline:68 - Transforming 432_UCR_id_130_Facility_tr_23000_1st_26970 using SG
2026-02-08 16:45:52.192 | INFO     | src.pipelines.transform_time_series_to_images:run_pipeline:86 - window_len=10, stride=10, resolution=64x64
2026-02-08 16:45:52.192 | INFO     | src.images.creators:create_png_image_dataset:126 - Running with n_workers: 15 for train=True set
2026-02-08 16:45:57.938 | INFO     | src.images.creators:create_png_image_dataset:126 - Running with n_workers: 15 for train=False set
2026-02-08 16:46:14.261 | INFO     | src.pipelines.transform_time_series_to_images:run_pipeline:166 - Saved metadata to /net/scratch/hscra/plgrid/plgsmendowski12/ts2i_images/UCR/432_UCR_id_130_Facility_tr_23000_1st_26970_ts2i_SG_metadata.json
2026-02-08 16:46:19.384 | INFO     | src.pipelines.transform_time_series_to_images:run_pipeline:169 - Saved to /net/scratch/hscra/plgrid/plgsmendowski12/ts2i_images/UCR/432_UCR_id_130_Facility_tr_23000_1st_26970_ts2i_SG.zip
2026-02-08 16:46:21.646 | INFO     | src.pipelines.transform_time_series_to_images:run_pipeline:68 - Transforming 432_UCR_id_130_Facility_tr_23000_1st_26970 using LP
2026-02-08 16:46:21.649 | INFO     | src.pipelines.transform_time_series_to_images:run_pipeline:86 - window_len=10, stride=10, resolution=64x64
2026-02-08 16:46:21.649 | INFO     | src.images.creators:create_png_image_dataset:126 - Running with n_workers: 15 for train=True set
2026-02-08 16:46:35.633 | INFO     | src.images.creators:create_png_image_dataset:126 - Running with n_workers: 15 for train=False set
2026-02-08 16:47:17.152 | INFO     | src.pipelines.transform_time_series_to_images:run_pipeline:166 - Saved metadata to /net/scratch/hscra/plgrid/plgsmendowski12/ts2i_images/UCR/432_UCR_id_130_Facility_tr_23000_1st_26970_ts2i_LP_metadata.json
2026-02-08 16:47:22.755 | INFO     | src.pipelines.transform_time_series_to_images:run_pipeline:169 - Saved to /net/scratch/hscra/plgrid/plgsmendowski12/ts2i_images/UCR/432_UCR_id_130_Facility_tr_23000_1st_26970_ts2i_LP.zip
2026-02-08 16:47:24.707 | INFO     | src.pipelines.transform_time_series_to_images:run_pipeline:68 - Transforming 432_UCR_id_130_Facility_tr_23000_1st_26970 using GASF
2026-02-08 16:47:24.710 | INFO     | src.pipelines.transform_time_series_to_images:run_pipeline:86 - window_len=10, stride=10, resolution=64x64
2026-02-08 16:47:24.710 | INFO     | src.images.creators:create_png_image_dataset:126 - Running with n_workers: 15 for train=True set
2026-02-08 16:49:08.920 | INFO     | src.images.creators:create_png_image_dataset:126 - Running with n_workers: 15 for train=False set
2026-02-08 16:51:10.052 | INFO     | src.pipelines.transform_time_series_to_images:run_pipeline:166 - Saved metadata to /net/scratch/hscra/plgrid/plgsmendowski12/ts2i_images/UCR/432_UCR_id_130_Facility_tr_23000_1st_26970_ts2i_GASF_metadata.json
2026-02-08 16:51:15.947 | INFO     | src.pipelines.transform_time_series_to_images:run_pipeline:169 - Saved to /net/scratch/hscra/plgrid/plgsmendowski12/ts2i_images/UCR/432_UCR_id_130_Facility_tr_23000_1st_26970_ts2i_GASF.zip
2026-02-08 16:51:18.739 | INFO     | src.pipelines.transform_time_series_to_images:run_pipeline:68 - Transforming 432_UCR_id_130_Facility_tr_23000_1st_26970 using GADF
2026-02-08 16:51:18.741 | INFO     | src.pipelines.transform_time_series_to_images:run_pipeline:86 - window_len=10, stride=10, resolution=64x64
2026-02-08 16:51:18.741 | INFO     | src.images.creators:create_png_image_dataset:126 - Running with n_workers: 15 for train=True set
2026-02-08 16:53:03.449 | INFO     | src.images.creators:create_png_image_dataset:126 - Running with n_workers: 15 for train=False set
2026-02-08 16:55:04.919 | INFO     | src.pipelines.transform_time_series_to_images:run_pipeline:166 - Saved metadata to /net/scratch/hscra/plgrid/plgsmendowski12/ts2i_images/UCR/432_UCR_id_130_Facility_tr_23000_1st_26970_ts2i_GADF_metadata.json
2026-02-08 16:55:11.178 | INFO     | src.pipelines.transform_time_series_to_images:run_pipeline:169 - Saved to /net/scratch/hscra/plgrid/plgsmendowski12/ts2i_images/UCR/432_UCR_id_130_Facility_tr_23000_1st_26970_ts2i_GADF.zip
2026-02-08 16:55:13.741 | INFO     | src.pipelines.transform_time_series_to_images:run_pipeline:68 - Transforming 432_UCR_id_130_Facility_tr_23000_1st_26970 using MTF
2026-02-08 16:55:13.743 | INFO     | src.pipelines.transform_time_series_to_images:run_pipeline:86 - window_len=10, stride=10, resolution=64x64
2026-02-08 16:55:13.744 | INFO     | src.images.creators:create_png_image_dataset:126 - Running with n_workers: 15 for train=True set
2026-02-08 16:56:37.156 | INFO     | src.images.creators:create_png_image_dataset:126 - Running with n_workers: 15 for train=False set
2026-02-08 16:58:14.697 | INFO     | src.pipelines.transform_time_series_to_images:run_pipeline:166 - Saved metadata to /net/scratch/hscra/plgrid/plgsmendowski12/ts2i_images/UCR/432_UCR_id_130_Facility_tr_23000_1st_26970_ts2i_MTF_metadata.json
2026-02-08 16:58:20.232 | INFO     | src.pipelines.transform_time_series_to_images:run_pipeline:169 - Saved to /net/scratch/hscra/plgrid/plgsmendowski12/ts2i_images/UCR/432_UCR_id_130_Facility_tr_23000_1st_26970_ts2i_MTF.zip
2026-02-08 16:58:22.466 | INFO     | src.pipelines.transform_time_series_to_images:run_pipeline:68 - Transforming 432_UCR_id_130_Facility_tr_23000_1st_26970 using RP
2026-02-08 16:58:22.468 | INFO     | src.pipelines.transform_time_series_to_images:run_pipeline:86 - window_len=10, stride=10, resolution=64x64
2026-02-08 16:58:22.469 | INFO     | src.images.creators:create_png_image_dataset:126 - Running with n_workers: 15 for train=True set
2026-02-08 16:58:28.750 | INFO     | src.images.creators:create_png_image_dataset:126 - Running with n_workers: 15 for train=False set
2026-02-08 16:58:47.485 | INFO     | src.pipelines.transform_time_series_to_images:run_pipeline:166 - Saved metadata to /net/scratch/hscra/plgrid/plgsmendowski12/ts2i_images/UCR/432_UCR_id_130_Facility_tr_23000_1st_26970_ts2i_RP_metadata.json
2026-02-08 16:58:52.814 | INFO     | src.pipelines.transform_time_series_to_images:run_pipeline:169 - Saved to /net/scratch/hscra/plgrid/plgsmendowski12/ts2i_images/UCR/432_UCR_id_130_Facility_tr_23000_1st_26970_ts2i_RP.zip
2026-02-08 16:58:54.805 | INFO     | src.pipelines.transform_time_series_to_images:run_pipeline:68 - Transforming 432_UCR_id_130_Facility_tr_23000_1st_26970 using RWT
2026-02-08 16:58:54.807 | INFO     | src.pipelines.transform_time_series_to_images:run_pipeline:86 - window_len=10, stride=10, resolution=64x64
2026-02-08 16:58:54.808 | INFO     | src.images.creators:create_png_image_dataset:126 - Running with n_workers: 15 for train=True set
2026-02-08 16:59:04.475 | INFO     | src.images.creators:create_png_image_dataset:126 - Running with n_workers: 15 for train=False set
2026-02-08 16:59:30.781 | INFO     | src.pipelines.transform_time_series_to_images:run_pipeline:166 - Saved metadata to /net/scratch/hscra/plgrid/plgsmendowski12/ts2i_images/UCR/432_UCR_id_130_Facility_tr_23000_1st_26970_ts2i_RWT_metadata.json
2026-02-08 16:59:37.130 | INFO     | src.pipelines.transform_time_series_to_images:run_pipeline:169 - Saved to /net/scratch/hscra/plgrid/plgsmendowski12/ts2i_images/UCR/432_UCR_id_130_Facility_tr_23000_1st_26970_ts2i_RWT.zip
2026-02-08 16:59:39.125 | INFO     | src.pipelines.transform_time_series_to_images:run_pipeline:68 - Transforming 432_UCR_id_130_Facility_tr_23000_1st_26970 using MWT
2026-02-08 16:59:39.128 | INFO     | src.pipelines.transform_time_series_to_images:run_pipeline:86 - window_len=10, stride=10, resolution=64x64
2026-02-08 16:59:39.128 | INFO     | src.images.creators:create_png_image_dataset:126 - Running with n_workers: 15 for train=True set
2026-02-08 16:59:48.142 | INFO     | src.images.creators:create_png_image_dataset:126 - Running with n_workers: 15 for train=False set
2026-02-08 17:00:15.788 | INFO     | src.pipelines.transform_time_series_to_images:run_pipeline:166 - Saved metadata to /net/scratch/hscra/plgrid/plgsmendowski12/ts2i_images/UCR/432_UCR_id_130_Facility_tr_23000_1st_26970_ts2i_MWT_metadata.json
2026-02-08 17:00:21.889 | INFO     | src.pipelines.transform_time_series_to_images:run_pipeline:169 - Saved to /net/scratch/hscra/plgrid/plgsmendowski12/ts2i_images/UCR/432_UCR_id_130_Facility_tr_23000_1st_26970_ts2i_MWT.zip
2026-02-08 17:00:23.905 | INFO     | src.pipelines.transform_time_series_to_images:run_pipeline:68 - Transforming 432_UCR_id_130_Facility_tr_23000_1st_26970 using SPIRAL
2026-02-08 17:00:23.908 | INFO     | src.pipelines.transform_time_series_to_images:run_pipeline:86 - window_len=10, stride=10, resolution=64x64
2026-02-08 17:00:23.908 | INFO     | src.images.creators:create_png_image_dataset:126 - Running with n_workers: 15 for train=True set
2026-02-08 17:00:30.103 | INFO     | src.images.creators:create_png_image_dataset:126 - Running with n_workers: 15 for train=False set
2026-02-08 17:00:47.376 | INFO     | src.pipelines.transform_time_series_to_images:run_pipeline:166 - Saved metadata to /net/scratch/hscra/plgrid/plgsmendowski12/ts2i_images/UCR/432_UCR_id_130_Facility_tr_23000_1st_26970_ts2i_SPIRAL_metadata.json
2026-02-08 17:00:53.118 | INFO     | src.pipelines.transform_time_series_to_images:run_pipeline:169 - Saved to /net/scratch/hscra/plgrid/plgsmendowski12/ts2i_images/UCR/432_UCR_id_130_Facility_tr_23000_1st_26970_ts2i_SPIRAL.zip
2026-02-08 17:00:55.770 | INFO     | src.pipelines.transform_time_series_to_images:run_pipeline:45 - Loading data from data/TSB-AD/TSB-AD-U/452_UCR_id_150_Facility_tr_10000_1st_35774.csv
2026-02-08 17:00:55.781 | INFO     | src.time_series.loaders:load_tsb_ad_u:91 - Found optimal window_len=10
2026-02-08 17:00:55.782 | INFO     | src.pipelines.transform_time_series_to_images:run_pipeline:68 - Transforming 452_UCR_id_150_Facility_tr_10000_1st_35774 using RN
2026-02-08 17:00:55.785 | INFO     | src.pipelines.transform_time_series_to_images:run_pipeline:86 - window_len=10, stride=10, resolution=64x64
2026-02-08 17:00:55.785 | INFO     | src.images.creators:create_png_image_dataset:126 - Running with n_workers: 15 for train=True set
2026-02-08 17:00:58.869 | INFO     | src.images.creators:create_png_image_dataset:126 - Running with n_workers: 15 for train=False set
2026-02-08 17:01:08.086 | INFO     | src.pipelines.transform_time_series_to_images:run_pipeline:166 - Saved metadata to /net/scratch/hscra/plgrid/plgsmendowski12/ts2i_images/UCR/452_UCR_id_150_Facility_tr_10000_1st_35774_ts2i_RN_metadata.json
2026-02-08 17:01:10.999 | INFO     | src.pipelines.transform_time_series_to_images:run_pipeline:169 - Saved to /net/scratch/hscra/plgrid/plgsmendowski12/ts2i_images/UCR/452_UCR_id_150_Facility_tr_10000_1st_35774_ts2i_RN.zip
2026-02-08 17:01:11.863 | INFO     | src.pipelines.transform_time_series_to_images:run_pipeline:68 - Transforming 452_UCR_id_150_Facility_tr_10000_1st_35774 using SG
2026-02-08 17:01:11.865 | INFO     | src.pipelines.transform_time_series_to_images:run_pipeline:86 - window_len=10, stride=10, resolution=64x64
2026-02-08 17:01:11.865 | INFO     | src.images.creators:create_png_image_dataset:126 - Running with n_workers: 15 for train=True set
2026-02-08 17:01:14.408 | INFO     | src.images.creators:create_png_image_dataset:126 - Running with n_workers: 15 for train=False set
2026-02-08 17:01:21.717 | INFO     | src.pipelines.transform_time_series_to_images:run_pipeline:166 - Saved metadata to /net/scratch/hscra/plgrid/plgsmendowski12/ts2i_images/UCR/452_UCR_id_150_Facility_tr_10000_1st_35774_ts2i_SG_metadata.json
2026-02-08 17:01:23.878 | INFO     | src.pipelines.transform_time_series_to_images:run_pipeline:169 - Saved to /net/scratch/hscra/plgrid/plgsmendowski12/ts2i_images/UCR/452_UCR_id_150_Facility_tr_10000_1st_35774_ts2i_SG.zip
2026-02-08 17:01:25.173 | INFO     | src.pipelines.transform_time_series_to_images:run_pipeline:68 - Transforming 452_UCR_id_150_Facility_tr_10000_1st_35774 using LP
2026-02-08 17:01:25.177 | INFO     | src.pipelines.transform_time_series_to_images:run_pipeline:86 - window_len=10, stride=10, resolution=64x64
2026-02-08 17:01:25.177 | INFO     | src.images.creators:create_png_image_dataset:126 - Running with n_workers: 15 for train=True set
2026-02-08 17:01:31.429 | INFO     | src.images.creators:create_png_image_dataset:126 - Running with n_workers: 15 for train=False set
2026-02-08 17:01:50.152 | INFO     | src.pipelines.transform_time_series_to_images:run_pipeline:166 - Saved metadata to /net/scratch/hscra/plgrid/plgsmendowski12/ts2i_images/UCR/452_UCR_id_150_Facility_tr_10000_1st_35774_ts2i_LP_metadata.json
2026-02-08 17:01:52.220 | INFO     | src.pipelines.transform_time_series_to_images:run_pipeline:169 - Saved to /net/scratch/hscra/plgrid/plgsmendowski12/ts2i_images/UCR/452_UCR_id_150_Facility_tr_10000_1st_35774_ts2i_LP.zip
2026-02-08 17:01:53.063 | INFO     | src.pipelines.transform_time_series_to_images:run_pipeline:68 - Transforming 452_UCR_id_150_Facility_tr_10000_1st_35774 using GASF
2026-02-08 17:01:53.065 | INFO     | src.pipelines.transform_time_series_to_images:run_pipeline:86 - window_len=10, stride=10, resolution=64x64
2026-02-08 17:01:53.066 | INFO     | src.images.creators:create_png_image_dataset:126 - Running with n_workers: 15 for train=True set
2026-02-08 17:03:31.468 | INFO     | src.images.creators:create_png_image_dataset:126 - Running with n_workers: 15 for train=False set
2026-02-08 17:05:20.051 | INFO     | src.pipelines.transform_time_series_to_images:run_pipeline:166 - Saved metadata to /net/scratch/hscra/plgrid/plgsmendowski12/ts2i_images/UCR/452_UCR_id_150_Facility_tr_10000_1st_35774_ts2i_GASF_metadata.json
2026-02-08 17:05:22.357 | INFO     | src.pipelines.transform_time_series_to_images:run_pipeline:169 - Saved to /net/scratch/hscra/plgrid/plgsmendowski12/ts2i_images/UCR/452_UCR_id_150_Facility_tr_10000_1st_35774_ts2i_GASF.zip
2026-02-08 17:05:23.187 | INFO     | src.pipelines.transform_time_series_to_images:run_pipeline:68 - Transforming 452_UCR_id_150_Facility_tr_10000_1st_35774 using GADF
2026-02-08 17:05:23.189 | INFO     | src.pipelines.transform_time_series_to_images:run_pipeline:86 - window_len=10, stride=10, resolution=64x64
2026-02-08 17:05:23.189 | INFO     | src.images.creators:create_png_image_dataset:126 - Running with n_workers: 15 for train=True set
2026-02-08 17:07:05.657 | INFO     | src.images.creators:create_png_image_dataset:126 - Running with n_workers: 15 for train=False set
2026-02-08 17:08:52.897 | INFO     | src.pipelines.transform_time_series_to_images:run_pipeline:166 - Saved metadata to /net/scratch/hscra/plgrid/plgsmendowski12/ts2i_images/UCR/452_UCR_id_150_Facility_tr_10000_1st_35774_ts2i_GADF_metadata.json
2026-02-08 17:08:55.537 | INFO     | src.pipelines.transform_time_series_to_images:run_pipeline:169 - Saved to /net/scratch/hscra/plgrid/plgsmendowski12/ts2i_images/UCR/452_UCR_id_150_Facility_tr_10000_1st_35774_ts2i_GADF.zip
2026-02-08 17:08:56.355 | INFO     | src.pipelines.transform_time_series_to_images:run_pipeline:68 - Transforming 452_UCR_id_150_Facility_tr_10000_1st_35774 using MTF
2026-02-08 17:08:56.357 | INFO     | src.pipelines.transform_time_series_to_images:run_pipeline:86 - window_len=10, stride=10, resolution=64x64
2026-02-08 17:08:56.357 | INFO     | src.images.creators:create_png_image_dataset:126 - Running with n_workers: 15 for train=True set
2026-02-08 17:10:14.180 | INFO     | src.images.creators:create_png_image_dataset:126 - Running with n_workers: 15 for train=False set
2026-02-08 17:11:37.999 | INFO     | src.pipelines.transform_time_series_to_images:run_pipeline:166 - Saved metadata to /net/scratch/hscra/plgrid/plgsmendowski12/ts2i_images/UCR/452_UCR_id_150_Facility_tr_10000_1st_35774_ts2i_MTF_metadata.json
2026-02-08 17:11:40.333 | INFO     | src.pipelines.transform_time_series_to_images:run_pipeline:169 - Saved to /net/scratch/hscra/plgrid/plgsmendowski12/ts2i_images/UCR/452_UCR_id_150_Facility_tr_10000_1st_35774_ts2i_MTF.zip
2026-02-08 17:11:41.463 | INFO     | src.pipelines.transform_time_series_to_images:run_pipeline:68 - Transforming 452_UCR_id_150_Facility_tr_10000_1st_35774 using RP
2026-02-08 17:11:41.466 | INFO     | src.pipelines.transform_time_series_to_images:run_pipeline:86 - window_len=10, stride=10, resolution=64x64
2026-02-08 17:11:41.466 | INFO     | src.images.creators:create_png_image_dataset:126 - Running with n_workers: 15 for train=True set
2026-02-08 17:11:44.234 | INFO     | src.images.creators:create_png_image_dataset:126 - Running with n_workers: 15 for train=False set
2026-02-08 17:11:52.299 | INFO     | src.pipelines.transform_time_series_to_images:run_pipeline:166 - Saved metadata to /net/scratch/hscra/plgrid/plgsmendowski12/ts2i_images/UCR/452_UCR_id_150_Facility_tr_10000_1st_35774_ts2i_RP_metadata.json
2026-02-08 17:11:54.420 | INFO     | src.pipelines.transform_time_series_to_images:run_pipeline:169 - Saved to /net/scratch/hscra/plgrid/plgsmendowski12/ts2i_images/UCR/452_UCR_id_150_Facility_tr_10000_1st_35774_ts2i_RP.zip
2026-02-08 17:11:55.283 | INFO     | src.pipelines.transform_time_series_to_images:run_pipeline:68 - Transforming 452_UCR_id_150_Facility_tr_10000_1st_35774 using RWT
2026-02-08 17:11:55.286 | INFO     | src.pipelines.transform_time_series_to_images:run_pipeline:86 - window_len=10, stride=10, resolution=64x64
2026-02-08 17:11:55.286 | INFO     | src.images.creators:create_png_image_dataset:126 - Running with n_workers: 15 for train=True set
2026-02-08 17:11:59.323 | INFO     | src.images.creators:create_png_image_dataset:126 - Running with n_workers: 15 for train=False set
2026-02-08 17:12:10.441 | INFO     | src.pipelines.transform_time_series_to_images:run_pipeline:166 - Saved metadata to /net/scratch/hscra/plgrid/plgsmendowski12/ts2i_images/UCR/452_UCR_id_150_Facility_tr_10000_1st_35774_ts2i_RWT_metadata.json
2026-02-08 17:12:13.028 | INFO     | src.pipelines.transform_time_series_to_images:run_pipeline:169 - Saved to /net/scratch/hscra/plgrid/plgsmendowski12/ts2i_images/UCR/452_UCR_id_150_Facility_tr_10000_1st_35774_ts2i_RWT.zip
2026-02-08 17:12:13.845 | INFO     | src.pipelines.transform_time_series_to_images:run_pipeline:68 - Transforming 452_UCR_id_150_Facility_tr_10000_1st_35774 using MWT
2026-02-08 17:12:13.847 | INFO     | src.pipelines.transform_time_series_to_images:run_pipeline:86 - window_len=10, stride=10, resolution=64x64
2026-02-08 17:12:13.847 | INFO     | src.images.creators:create_png_image_dataset:126 - Running with n_workers: 15 for train=True set
2026-02-08 17:12:18.015 | INFO     | src.images.creators:create_png_image_dataset:126 - Running with n_workers: 15 for train=False set
2026-02-08 17:12:29.510 | INFO     | src.pipelines.transform_time_series_to_images:run_pipeline:166 - Saved metadata to /net/scratch/hscra/plgrid/plgsmendowski12/ts2i_images/UCR/452_UCR_id_150_Facility_tr_10000_1st_35774_ts2i_MWT_metadata.json
2026-02-08 17:12:32.163 | INFO     | src.pipelines.transform_time_series_to_images:run_pipeline:169 - Saved to /net/scratch/hscra/plgrid/plgsmendowski12/ts2i_images/UCR/452_UCR_id_150_Facility_tr_10000_1st_35774_ts2i_MWT.zip
2026-02-08 17:12:33.020 | INFO     | src.pipelines.transform_time_series_to_images:run_pipeline:68 - Transforming 452_UCR_id_150_Facility_tr_10000_1st_35774 using SPIRAL
2026-02-08 17:12:33.022 | INFO     | src.pipelines.transform_time_series_to_images:run_pipeline:86 - window_len=10, stride=10, resolution=64x64
2026-02-08 17:12:33.022 | INFO     | src.images.creators:create_png_image_dataset:126 - Running with n_workers: 15 for train=True set
2026-02-08 17:12:35.656 | INFO     | src.images.creators:create_png_image_dataset:126 - Running with n_workers: 15 for train=False set
2026-02-08 17:12:43.255 | INFO     | src.pipelines.transform_time_series_to_images:run_pipeline:166 - Saved metadata to /net/scratch/hscra/plgrid/plgsmendowski12/ts2i_images/UCR/452_UCR_id_150_Facility_tr_10000_1st_35774_ts2i_SPIRAL_metadata.json
2026-02-08 17:12:45.548 | INFO     | src.pipelines.transform_time_series_to_images:run_pipeline:169 - Saved to /net/scratch/hscra/plgrid/plgsmendowski12/ts2i_images/UCR/452_UCR_id_150_Facility_tr_10000_1st_35774_ts2i_SPIRAL.zip
2026-02-08 17:12:46.753 | INFO     | src.pipelines.transform_time_series_to_images:run_pipeline:45 - Loading data from data/TSB-AD/TSB-AD-U/471_UCR_id_169_Facility_tr_10000_1st_35774.csv
2026-02-08 17:12:46.765 | INFO     | src.time_series.loaders:load_tsb_ad_u:91 - Found optimal window_len=17
2026-02-08 17:12:46.765 | INFO     | src.pipelines.transform_time_series_to_images:run_pipeline:68 - Transforming 471_UCR_id_169_Facility_tr_10000_1st_35774 using RN
2026-02-08 17:12:46.769 | INFO     | src.pipelines.transform_time_series_to_images:run_pipeline:86 - window_len=17, stride=17, resolution=64x64
2026-02-08 17:12:46.769 | INFO     | src.images.creators:create_png_image_dataset:126 - Running with n_workers: 15 for train=True set
2026-02-08 17:12:48.725 | INFO     | src.images.creators:create_png_image_dataset:126 - Running with n_workers: 15 for train=False set
2026-02-08 17:12:54.183 | INFO     | src.pipelines.transform_time_series_to_images:run_pipeline:166 - Saved metadata to /net/scratch/hscra/plgrid/plgsmendowski12/ts2i_images/UCR/471_UCR_id_169_Facility_tr_10000_1st_35774_ts2i_RN_metadata.json
2026-02-08 17:12:56.506 | INFO     | src.pipelines.transform_time_series_to_images:run_pipeline:169 - Saved to /net/scratch/hscra/plgrid/plgsmendowski12/ts2i_images/UCR/471_UCR_id_169_Facility_tr_10000_1st_35774_ts2i_RN.zip
2026-02-08 17:12:57.014 | INFO     | src.pipelines.transform_time_series_to_images:run_pipeline:68 - Transforming 471_UCR_id_169_Facility_tr_10000_1st_35774 using SG
2026-02-08 17:12:57.016 | INFO     | src.pipelines.transform_time_series_to_images:run_pipeline:86 - window_len=17, stride=17, resolution=64x64
2026-02-08 17:12:57.016 | INFO     | src.images.creators:create_png_image_dataset:126 - Running with n_workers: 15 for train=True set
2026-02-08 17:12:58.670 | INFO     | src.images.creators:create_png_image_dataset:126 - Running with n_workers: 15 for train=False set
2026-02-08 17:13:03.239 | INFO     | src.pipelines.transform_time_series_to_images:run_pipeline:166 - Saved metadata to /net/scratch/hscra/plgrid/plgsmendowski12/ts2i_images/UCR/471_UCR_id_169_Facility_tr_10000_1st_35774_ts2i_SG_metadata.json
2026-02-08 17:13:04.498 | INFO     | src.pipelines.transform_time_series_to_images:run_pipeline:169 - Saved to /net/scratch/hscra/plgrid/plgsmendowski12/ts2i_images/UCR/471_UCR_id_169_Facility_tr_10000_1st_35774_ts2i_SG.zip
2026-02-08 17:13:04.988 | INFO     | src.pipelines.transform_time_series_to_images:run_pipeline:68 - Transforming 471_UCR_id_169_Facility_tr_10000_1st_35774 using LP
2026-02-08 17:13:04.990 | INFO     | src.pipelines.transform_time_series_to_images:run_pipeline:86 - window_len=17, stride=17, resolution=64x64
2026-02-08 17:13:04.990 | INFO     | src.images.creators:create_png_image_dataset:126 - Running with n_workers: 15 for train=True set
2026-02-08 17:13:08.943 | INFO     | src.images.creators:create_png_image_dataset:126 - Running with n_workers: 15 for train=False set
2026-02-08 17:13:19.501 | INFO     | src.pipelines.transform_time_series_to_images:run_pipeline:166 - Saved metadata to /net/scratch/hscra/plgrid/plgsmendowski12/ts2i_images/UCR/471_UCR_id_169_Facility_tr_10000_1st_35774_ts2i_LP_metadata.json
2026-02-08 17:13:20.743 | INFO     | src.pipelines.transform_time_series_to_images:run_pipeline:169 - Saved to /net/scratch/hscra/plgrid/plgsmendowski12/ts2i_images/UCR/471_UCR_id_169_Facility_tr_10000_1st_35774_ts2i_LP.zip
2026-02-08 17:13:21.475 | INFO     | src.pipelines.transform_time_series_to_images:run_pipeline:68 - Transforming 471_UCR_id_169_Facility_tr_10000_1st_35774 using GASF
2026-02-08 17:13:21.478 | INFO     | src.pipelines.transform_time_series_to_images:run_pipeline:86 - window_len=17, stride=17, resolution=64x64
2026-02-08 17:13:21.478 | INFO     | src.images.creators:create_png_image_dataset:126 - Running with n_workers: 15 for train=True set
2026-02-08 17:14:58.254 | INFO     | src.images.creators:create_png_image_dataset:126 - Running with n_workers: 15 for train=False set
2026-02-08 17:16:39.724 | INFO     | src.pipelines.transform_time_series_to_images:run_pipeline:166 - Saved metadata to /net/scratch/hscra/plgrid/plgsmendowski12/ts2i_images/UCR/471_UCR_id_169_Facility_tr_10000_1st_35774_ts2i_GASF_metadata.json
2026-02-08 17:16:41.101 | INFO     | src.pipelines.transform_time_series_to_images:run_pipeline:169 - Saved to /net/scratch/hscra/plgrid/plgsmendowski12/ts2i_images/UCR/471_UCR_id_169_Facility_tr_10000_1st_35774_ts2i_GASF.zip
2026-02-08 17:16:41.584 | INFO     | src.pipelines.transform_time_series_to_images:run_pipeline:68 - Transforming 471_UCR_id_169_Facility_tr_10000_1st_35774 using GADF
2026-02-08 17:16:41.586 | INFO     | src.pipelines.transform_time_series_to_images:run_pipeline:86 - window_len=17, stride=17, resolution=64x64
2026-02-08 17:16:41.586 | INFO     | src.images.creators:create_png_image_dataset:126 - Running with n_workers: 15 for train=True set
2026-02-08 17:18:20.402 | INFO     | src.images.creators:create_png_image_dataset:126 - Running with n_workers: 15 for train=False set
2026-02-08 17:20:03.056 | INFO     | src.pipelines.transform_time_series_to_images:run_pipeline:166 - Saved metadata to /net/scratch/hscra/plgrid/plgsmendowski12/ts2i_images/UCR/471_UCR_id_169_Facility_tr_10000_1st_35774_ts2i_GADF_metadata.json
2026-02-08 17:20:04.445 | INFO     | src.pipelines.transform_time_series_to_images:run_pipeline:169 - Saved to /net/scratch/hscra/plgrid/plgsmendowski12/ts2i_images/UCR/471_UCR_id_169_Facility_tr_10000_1st_35774_ts2i_GADF.zip
2026-02-08 17:20:04.920 | INFO     | src.pipelines.transform_time_series_to_images:run_pipeline:68 - Transforming 471_UCR_id_169_Facility_tr_10000_1st_35774 using MTF
2026-02-08 17:20:04.923 | INFO     | src.pipelines.transform_time_series_to_images:run_pipeline:86 - window_len=17, stride=17, resolution=64x64
2026-02-08 17:20:04.923 | INFO     | src.images.creators:create_png_image_dataset:126 - Running with n_workers: 15 for train=True set
2026-02-08 17:21:21.265 | INFO     | src.images.creators:create_png_image_dataset:126 - Running with n_workers: 15 for train=False set
2026-02-08 17:22:39.461 | INFO     | src.pipelines.transform_time_series_to_images:run_pipeline:166 - Saved metadata to /net/scratch/hscra/plgrid/plgsmendowski12/ts2i_images/UCR/471_UCR_id_169_Facility_tr_10000_1st_35774_ts2i_MTF_metadata.json
2026-02-08 17:22:40.844 | INFO     | src.pipelines.transform_time_series_to_images:run_pipeline:169 - Saved to /net/scratch/hscra/plgrid/plgsmendowski12/ts2i_images/UCR/471_UCR_id_169_Facility_tr_10000_1st_35774_ts2i_MTF.zip
2026-02-08 17:22:41.323 | INFO     | src.pipelines.transform_time_series_to_images:run_pipeline:68 - Transforming 471_UCR_id_169_Facility_tr_10000_1st_35774 using RP
2026-02-08 17:22:41.325 | INFO     | src.pipelines.transform_time_series_to_images:run_pipeline:86 - window_len=17, stride=17, resolution=64x64
2026-02-08 17:22:41.325 | INFO     | src.images.creators:create_png_image_dataset:126 - Running with n_workers: 15 for train=True set
2026-02-08 17:22:43.184 | INFO     | src.images.creators:create_png_image_dataset:126 - Running with n_workers: 15 for train=False set
2026-02-08 17:22:48.028 | INFO     | src.pipelines.transform_time_series_to_images:run_pipeline:166 - Saved metadata to /net/scratch/hscra/plgrid/plgsmendowski12/ts2i_images/UCR/471_UCR_id_169_Facility_tr_10000_1st_35774_ts2i_RP_metadata.json
2026-02-08 17:22:49.332 | INFO     | src.pipelines.transform_time_series_to_images:run_pipeline:169 - Saved to /net/scratch/hscra/plgrid/plgsmendowski12/ts2i_images/UCR/471_UCR_id_169_Facility_tr_10000_1st_35774_ts2i_RP.zip
2026-02-08 17:22:49.813 | INFO     | src.pipelines.transform_time_series_to_images:run_pipeline:68 - Transforming 471_UCR_id_169_Facility_tr_10000_1st_35774 using RWT
2026-02-08 17:22:49.815 | INFO     | src.pipelines.transform_time_series_to_images:run_pipeline:86 - window_len=17, stride=17, resolution=64x64
2026-02-08 17:22:49.815 | INFO     | src.images.creators:create_png_image_dataset:126 - Running with n_workers: 15 for train=True set
2026-02-08 17:22:52.427 | INFO     | src.images.creators:create_png_image_dataset:126 - Running with n_workers: 15 for train=False set
2026-02-08 17:22:59.152 | INFO     | src.pipelines.transform_time_series_to_images:run_pipeline:166 - Saved metadata to /net/scratch/hscra/plgrid/plgsmendowski12/ts2i_images/UCR/471_UCR_id_169_Facility_tr_10000_1st_35774_ts2i_RWT_metadata.json
2026-02-08 17:23:00.505 | INFO     | src.pipelines.transform_time_series_to_images:run_pipeline:169 - Saved to /net/scratch/hscra/plgrid/plgsmendowski12/ts2i_images/UCR/471_UCR_id_169_Facility_tr_10000_1st_35774_ts2i_RWT.zip
2026-02-08 17:23:01.003 | INFO     | src.pipelines.transform_time_series_to_images:run_pipeline:68 - Transforming 471_UCR_id_169_Facility_tr_10000_1st_35774 using MWT
2026-02-08 17:23:01.006 | INFO     | src.pipelines.transform_time_series_to_images:run_pipeline:86 - window_len=17, stride=17, resolution=64x64
2026-02-08 17:23:01.006 | INFO     | src.images.creators:create_png_image_dataset:126 - Running with n_workers: 15 for train=True set
2026-02-08 17:23:03.721 | INFO     | src.images.creators:create_png_image_dataset:126 - Running with n_workers: 15 for train=False set
2026-02-08 17:23:10.512 | INFO     | src.pipelines.transform_time_series_to_images:run_pipeline:166 - Saved metadata to /net/scratch/hscra/plgrid/plgsmendowski12/ts2i_images/UCR/471_UCR_id_169_Facility_tr_10000_1st_35774_ts2i_MWT_metadata.json
2026-02-08 17:23:12.152 | INFO     | src.pipelines.transform_time_series_to_images:run_pipeline:169 - Saved to /net/scratch/hscra/plgrid/plgsmendowski12/ts2i_images/UCR/471_UCR_id_169_Facility_tr_10000_1st_35774_ts2i_MWT.zip
2026-02-08 17:23:12.626 | INFO     | src.pipelines.transform_time_series_to_images:run_pipeline:68 - Transforming 471_UCR_id_169_Facility_tr_10000_1st_35774 using SPIRAL
2026-02-08 17:23:12.629 | INFO     | src.pipelines.transform_time_series_to_images:run_pipeline:86 - window_len=17, stride=17, resolution=64x64
2026-02-08 17:23:12.629 | INFO     | src.images.creators:create_png_image_dataset:126 - Running with n_workers: 15 for train=True set
2026-02-08 17:23:14.371 | INFO     | src.images.creators:create_png_image_dataset:126 - Running with n_workers: 15 for train=False set
2026-02-08 17:23:19.171 | INFO     | src.pipelines.transform_time_series_to_images:run_pipeline:166 - Saved metadata to /net/scratch/hscra/plgrid/plgsmendowski12/ts2i_images/UCR/471_UCR_id_169_Facility_tr_10000_1st_35774_ts2i_SPIRAL_metadata.json
2026-02-08 17:23:20.498 | INFO     | src.pipelines.transform_time_series_to_images:run_pipeline:169 - Saved to /net/scratch/hscra/plgrid/plgsmendowski12/ts2i_images/UCR/471_UCR_id_169_Facility_tr_10000_1st_35774_ts2i_SPIRAL.zip
2026-02-08 17:23:20.986 | INFO     | src.pipelines.transform_time_series_to_images:run_pipeline:45 - Loading data from data/TSB-AD/TSB-AD-U/494_UCR_id_192_Facility_tr_22500_1st_72150.csv
2026-02-08 17:23:21.004 | INFO     | src.time_series.loaders:load_tsb_ad_u:91 - Found optimal window_len=96
2026-02-08 17:23:21.006 | INFO     | src.pipelines.transform_time_series_to_images:run_pipeline:68 - Transforming 494_UCR_id_192_Facility_tr_22500_1st_72150 using RN
2026-02-08 17:23:21.011 | INFO     | src.pipelines.transform_time_series_to_images:run_pipeline:86 - window_len=96, stride=96, resolution=64x64
2026-02-08 17:23:21.011 | INFO     | src.images.creators:create_png_image_dataset:126 - Running with n_workers: 15 for train=True set
2026-02-08 17:23:22.262 | INFO     | src.images.creators:create_png_image_dataset:126 - Running with n_workers: 15 for train=False set
2026-02-08 17:23:24.629 | INFO     | src.pipelines.transform_time_series_to_images:run_pipeline:166 - Saved metadata to /net/scratch/hscra/plgrid/plgsmendowski12/ts2i_images/UCR/494_UCR_id_192_Facility_tr_22500_1st_72150_ts2i_RN_metadata.json
2026-02-08 17:23:25.235 | INFO     | src.pipelines.transform_time_series_to_images:run_pipeline:169 - Saved to /net/scratch/hscra/plgrid/plgsmendowski12/ts2i_images/UCR/494_UCR_id_192_Facility_tr_22500_1st_72150_ts2i_RN.zip
2026-02-08 17:23:25.421 | INFO     | src.pipelines.transform_time_series_to_images:run_pipeline:68 - Transforming 494_UCR_id_192_Facility_tr_22500_1st_72150 using SG
2026-02-08 17:23:25.424 | INFO     | src.pipelines.transform_time_series_to_images:run_pipeline:86 - window_len=96, stride=96, resolution=64x64
2026-02-08 17:23:25.424 | INFO     | src.images.creators:create_png_image_dataset:126 - Running with n_workers: 15 for train=True set
2026-02-08 17:23:26.329 | INFO     | src.images.creators:create_png_image_dataset:126 - Running with n_workers: 15 for train=False set
2026-02-08 17:23:28.438 | INFO     | src.pipelines.transform_time_series_to_images:run_pipeline:166 - Saved metadata to /net/scratch/hscra/plgrid/plgsmendowski12/ts2i_images/UCR/494_UCR_id_192_Facility_tr_22500_1st_72150_ts2i_SG_metadata.json
2026-02-08 17:23:28.952 | INFO     | src.pipelines.transform_time_series_to_images:run_pipeline:169 - Saved to /net/scratch/hscra/plgrid/plgsmendowski12/ts2i_images/UCR/494_UCR_id_192_Facility_tr_22500_1st_72150_ts2i_SG.zip
2026-02-08 17:23:29.181 | INFO     | src.pipelines.transform_time_series_to_images:run_pipeline:68 - Transforming 494_UCR_id_192_Facility_tr_22500_1st_72150 using LP
2026-02-08 17:23:29.184 | INFO     | src.pipelines.transform_time_series_to_images:run_pipeline:86 - window_len=96, stride=96, resolution=64x64
2026-02-08 17:23:29.184 | INFO     | src.images.creators:create_png_image_dataset:126 - Running with n_workers: 15 for train=True set
2026-02-08 17:23:30.870 | INFO     | src.images.creators:create_png_image_dataset:126 - Running with n_workers: 15 for train=False set
2026-02-08 17:23:35.377 | INFO     | src.pipelines.transform_time_series_to_images:run_pipeline:166 - Saved metadata to /net/scratch/hscra/plgrid/plgsmendowski12/ts2i_images/UCR/494_UCR_id_192_Facility_tr_22500_1st_72150_ts2i_LP_metadata.json
2026-02-08 17:23:35.862 | INFO     | src.pipelines.transform_time_series_to_images:run_pipeline:169 - Saved to /net/scratch/hscra/plgrid/plgsmendowski12/ts2i_images/UCR/494_UCR_id_192_Facility_tr_22500_1st_72150_ts2i_LP.zip
2026-02-08 17:23:36.051 | INFO     | src.pipelines.transform_time_series_to_images:run_pipeline:68 - Transforming 494_UCR_id_192_Facility_tr_22500_1st_72150 using GASF
2026-02-08 17:23:36.053 | INFO     | src.pipelines.transform_time_series_to_images:run_pipeline:86 - window_len=96, stride=96, resolution=64x64
2026-02-08 17:23:36.053 | INFO     | src.images.creators:create_png_image_dataset:126 - Running with n_workers: 15 for train=True set
2026-02-08 17:25:13.014 | INFO     | src.images.creators:create_png_image_dataset:126 - Running with n_workers: 15 for train=False set
2026-02-08 17:26:52.574 | INFO     | src.pipelines.transform_time_series_to_images:run_pipeline:166 - Saved metadata to /net/scratch/hscra/plgrid/plgsmendowski12/ts2i_images/UCR/494_UCR_id_192_Facility_tr_22500_1st_72150_ts2i_GASF_metadata.json
2026-02-08 17:26:53.123 | INFO     | src.pipelines.transform_time_series_to_images:run_pipeline:169 - Saved to /net/scratch/hscra/plgrid/plgsmendowski12/ts2i_images/UCR/494_UCR_id_192_Facility_tr_22500_1st_72150_ts2i_GASF.zip
2026-02-08 17:26:53.319 | INFO     | src.pipelines.transform_time_series_to_images:run_pipeline:68 - Transforming 494_UCR_id_192_Facility_tr_22500_1st_72150 using GADF
2026-02-08 17:26:53.321 | INFO     | src.pipelines.transform_time_series_to_images:run_pipeline:86 - window_len=96, stride=96, resolution=64x64
2026-02-08 17:26:53.321 | INFO     | src.images.creators:create_png_image_dataset:126 - Running with n_workers: 15 for train=True set
2026-02-08 17:28:30.782 | INFO     | src.images.creators:create_png_image_dataset:126 - Running with n_workers: 15 for train=False set
2026-02-08 17:30:09.734 | INFO     | src.pipelines.transform_time_series_to_images:run_pipeline:166 - Saved metadata to /net/scratch/hscra/plgrid/plgsmendowski12/ts2i_images/UCR/494_UCR_id_192_Facility_tr_22500_1st_72150_ts2i_GADF_metadata.json
2026-02-08 17:30:10.274 | INFO     | src.pipelines.transform_time_series_to_images:run_pipeline:169 - Saved to /net/scratch/hscra/plgrid/plgsmendowski12/ts2i_images/UCR/494_UCR_id_192_Facility_tr_22500_1st_72150_ts2i_GADF.zip
2026-02-08 17:30:10.470 | INFO     | src.pipelines.transform_time_series_to_images:run_pipeline:68 - Transforming 494_UCR_id_192_Facility_tr_22500_1st_72150 using MTF
2026-02-08 17:30:10.472 | INFO     | src.pipelines.transform_time_series_to_images:run_pipeline:86 - window_len=96, stride=96, resolution=64x64
2026-02-08 17:30:10.472 | INFO     | src.images.creators:create_png_image_dataset:126 - Running with n_workers: 15 for train=True set
2026-02-08 17:31:25.061 | INFO     | src.images.creators:create_png_image_dataset:126 - Running with n_workers: 15 for train=False set
2026-02-08 17:32:30.081 | INFO     | src.pipelines.transform_time_series_to_images:run_pipeline:166 - Saved metadata to /net/scratch/hscra/plgrid/plgsmendowski12/ts2i_images/UCR/494_UCR_id_192_Facility_tr_22500_1st_72150_ts2i_MTF_metadata.json
2026-02-08 17:32:30.602 | INFO     | src.pipelines.transform_time_series_to_images:run_pipeline:169 - Saved to /net/scratch/hscra/plgrid/plgsmendowski12/ts2i_images/UCR/494_UCR_id_192_Facility_tr_22500_1st_72150_ts2i_MTF.zip
2026-02-08 17:32:30.793 | INFO     | src.pipelines.transform_time_series_to_images:run_pipeline:68 - Transforming 494_UCR_id_192_Facility_tr_22500_1st_72150 using RP
2026-02-08 17:32:30.795 | INFO     | src.pipelines.transform_time_series_to_images:run_pipeline:86 - window_len=96, stride=96, resolution=64x64
2026-02-08 17:32:30.795 | INFO     | src.images.creators:create_png_image_dataset:126 - Running with n_workers: 15 for train=True set
2026-02-08 17:32:31.834 | INFO     | src.images.creators:create_png_image_dataset:126 - Running with n_workers: 15 for train=False set
2026-02-08 17:32:34.521 | INFO     | src.pipelines.transform_time_series_to_images:run_pipeline:166 - Saved metadata to /net/scratch/hscra/plgrid/plgsmendowski12/ts2i_images/UCR/494_UCR_id_192_Facility_tr_22500_1st_72150_ts2i_RP_metadata.json
2026-02-08 17:32:35.046 | INFO     | src.pipelines.transform_time_series_to_images:run_pipeline:169 - Saved to /net/scratch/hscra/plgrid/plgsmendowski12/ts2i_images/UCR/494_UCR_id_192_Facility_tr_22500_1st_72150_ts2i_RP.zip
2026-02-08 17:32:35.241 | INFO     | src.pipelines.transform_time_series_to_images:run_pipeline:68 - Transforming 494_UCR_id_192_Facility_tr_22500_1st_72150 using RWT
2026-02-08 17:32:35.243 | INFO     | src.pipelines.transform_time_series_to_images:run_pipeline:86 - window_len=96, stride=96, resolution=64x64
2026-02-08 17:32:35.243 | INFO     | src.images.creators:create_png_image_dataset:126 - Running with n_workers: 15 for train=True set
2026-02-08 17:32:36.679 | INFO     | src.images.creators:create_png_image_dataset:126 - Running with n_workers: 15 for train=False set
2026-02-08 17:32:40.564 | INFO     | src.pipelines.transform_time_series_to_images:run_pipeline:166 - Saved metadata to /net/scratch/hscra/plgrid/plgsmendowski12/ts2i_images/UCR/494_UCR_id_192_Facility_tr_22500_1st_72150_ts2i_RWT_metadata.json
2026-02-08 17:32:41.114 | INFO     | src.pipelines.transform_time_series_to_images:run_pipeline:169 - Saved to /net/scratch/hscra/plgrid/plgsmendowski12/ts2i_images/UCR/494_UCR_id_192_Facility_tr_22500_1st_72150_ts2i_RWT.zip
2026-02-08 17:32:41.311 | INFO     | src.pipelines.transform_time_series_to_images:run_pipeline:68 - Transforming 494_UCR_id_192_Facility_tr_22500_1st_72150 using MWT
2026-02-08 17:32:41.313 | INFO     | src.pipelines.transform_time_series_to_images:run_pipeline:86 - window_len=96, stride=96, resolution=64x64
2026-02-08 17:32:41.314 | INFO     | src.images.creators:create_png_image_dataset:126 - Running with n_workers: 15 for train=True set
2026-02-08 17:32:42.729 | INFO     | src.images.creators:create_png_image_dataset:126 - Running with n_workers: 15 for train=False set
2026-02-08 17:32:46.534 | INFO     | src.pipelines.transform_time_series_to_images:run_pipeline:166 - Saved metadata to /net/scratch/hscra/plgrid/plgsmendowski12/ts2i_images/UCR/494_UCR_id_192_Facility_tr_22500_1st_72150_ts2i_MWT_metadata.json
2026-02-08 17:32:47.102 | INFO     | src.pipelines.transform_time_series_to_images:run_pipeline:169 - Saved to /net/scratch/hscra/plgrid/plgsmendowski12/ts2i_images/UCR/494_UCR_id_192_Facility_tr_22500_1st_72150_ts2i_MWT.zip
2026-02-08 17:32:47.290 | INFO     | src.pipelines.transform_time_series_to_images:run_pipeline:68 - Transforming 494_UCR_id_192_Facility_tr_22500_1st_72150 using SPIRAL
2026-02-08 17:32:47.292 | INFO     | src.pipelines.transform_time_series_to_images:run_pipeline:86 - window_len=96, stride=96, resolution=64x64
2026-02-08 17:32:47.293 | INFO     | src.images.creators:create_png_image_dataset:126 - Running with n_workers: 15 for train=True set
2026-02-08 17:32:48.242 | INFO     | src.images.creators:create_png_image_dataset:126 - Running with n_workers: 15 for train=False set
2026-02-08 17:32:50.731 | INFO     | src.pipelines.transform_time_series_to_images:run_pipeline:166 - Saved metadata to /net/scratch/hscra/plgrid/plgsmendowski12/ts2i_images/UCR/494_UCR_id_192_Facility_tr_22500_1st_72150_ts2i_SPIRAL_metadata.json
2026-02-08 17:32:51.281 | INFO     | src.pipelines.transform_time_series_to_images:run_pipeline:169 - Saved to /net/scratch/hscra/plgrid/plgsmendowski12/ts2i_images/UCR/494_UCR_id_192_Facility_tr_22500_1st_72150_ts2i_SPIRAL.zip
2026-02-08 17:32:51.476 | INFO     | src.pipelines.transform_time_series_to_images:run_pipeline:45 - Loading data from data/TSB-AD/TSB-AD-U/500_UCR_id_198_Facility_tr_7482_1st_23357.csv
2026-02-08 17:32:51.486 | INFO     | src.time_series.loaders:load_tsb_ad_u:91 - Found optimal window_len=32
2026-02-08 17:32:51.487 | INFO     | src.pipelines.transform_time_series_to_images:run_pipeline:68 - Transforming 500_UCR_id_198_Facility_tr_7482_1st_23357 using RN
2026-02-08 17:32:51.490 | INFO     | src.pipelines.transform_time_series_to_images:run_pipeline:86 - window_len=32, stride=32, resolution=64x64
2026-02-08 17:32:51.490 | INFO     | src.images.creators:create_png_image_dataset:126 - Running with n_workers: 15 for train=True set
2026-02-08 17:32:52.484 | INFO     | src.images.creators:create_png_image_dataset:126 - Running with n_workers: 15 for train=False set
2026-02-08 17:32:55.416 | INFO     | src.pipelines.transform_time_series_to_images:run_pipeline:166 - Saved metadata to /net/scratch/hscra/plgrid/plgsmendowski12/ts2i_images/UCR/500_UCR_id_198_Facility_tr_7482_1st_23357_ts2i_RN_metadata.json
2026-02-08 17:32:56.046 | INFO     | src.pipelines.transform_time_series_to_images:run_pipeline:169 - Saved to /net/scratch/hscra/plgrid/plgsmendowski12/ts2i_images/UCR/500_UCR_id_198_Facility_tr_7482_1st_23357_ts2i_RN.zip
2026-02-08 17:32:56.239 | INFO     | src.pipelines.transform_time_series_to_images:run_pipeline:68 - Transforming 500_UCR_id_198_Facility_tr_7482_1st_23357 using SG
2026-02-08 17:32:56.241 | INFO     | src.pipelines.transform_time_series_to_images:run_pipeline:86 - window_len=32, stride=32, resolution=64x64
2026-02-08 17:32:56.241 | INFO     | src.images.creators:create_png_image_dataset:126 - Running with n_workers: 15 for train=True set
2026-02-08 17:32:57.127 | INFO     | src.images.creators:create_png_image_dataset:126 - Running with n_workers: 15 for train=False set
2026-02-08 17:32:59.322 | INFO     | src.pipelines.transform_time_series_to_images:run_pipeline:166 - Saved metadata to /net/scratch/hscra/plgrid/plgsmendowski12/ts2i_images/UCR/500_UCR_id_198_Facility_tr_7482_1st_23357_ts2i_SG_metadata.json
2026-02-08 17:32:59.821 | INFO     | src.pipelines.transform_time_series_to_images:run_pipeline:169 - Saved to /net/scratch/hscra/plgrid/plgsmendowski12/ts2i_images/UCR/500_UCR_id_198_Facility_tr_7482_1st_23357_ts2i_SG.zip
2026-02-08 17:33:00.015 | INFO     | src.pipelines.transform_time_series_to_images:run_pipeline:68 - Transforming 500_UCR_id_198_Facility_tr_7482_1st_23357 using LP
2026-02-08 17:33:00.017 | INFO     | src.pipelines.transform_time_series_to_images:run_pipeline:86 - window_len=32, stride=32, resolution=64x64
2026-02-08 17:33:00.017 | INFO     | src.images.creators:create_png_image_dataset:126 - Running with n_workers: 15 for train=True set
2026-02-08 17:33:01.701 | INFO     | src.images.creators:create_png_image_dataset:126 - Running with n_workers: 15 for train=False set
2026-02-08 17:33:06.325 | INFO     | src.pipelines.transform_time_series_to_images:run_pipeline:166 - Saved metadata to /net/scratch/hscra/plgrid/plgsmendowski12/ts2i_images/UCR/500_UCR_id_198_Facility_tr_7482_1st_23357_ts2i_LP_metadata.json
2026-02-08 17:33:06.834 | INFO     | src.pipelines.transform_time_series_to_images:run_pipeline:169 - Saved to /net/scratch/hscra/plgrid/plgsmendowski12/ts2i_images/UCR/500_UCR_id_198_Facility_tr_7482_1st_23357_ts2i_LP.zip
2026-02-08 17:33:07.025 | INFO     | src.pipelines.transform_time_series_to_images:run_pipeline:68 - Transforming 500_UCR_id_198_Facility_tr_7482_1st_23357 using GASF
2026-02-08 17:33:07.027 | INFO     | src.pipelines.transform_time_series_to_images:run_pipeline:86 - window_len=32, stride=32, resolution=64x64
2026-02-08 17:33:07.027 | INFO     | src.images.creators:create_png_image_dataset:126 - Running with n_workers: 15 for train=True set
2026-02-08 17:34:44.304 | INFO     | src.images.creators:create_png_image_dataset:126 - Running with n_workers: 15 for train=False set
2026-02-08 17:36:24.153 | INFO     | src.pipelines.transform_time_series_to_images:run_pipeline:166 - Saved metadata to /net/scratch/hscra/plgrid/plgsmendowski12/ts2i_images/UCR/500_UCR_id_198_Facility_tr_7482_1st_23357_ts2i_GASF_metadata.json
2026-02-08 17:36:24.997 | INFO     | src.pipelines.transform_time_series_to_images:run_pipeline:169 - Saved to /net/scratch/hscra/plgrid/plgsmendowski12/ts2i_images/UCR/500_UCR_id_198_Facility_tr_7482_1st_23357_ts2i_GASF.zip
2026-02-08 17:36:25.199 | INFO     | src.pipelines.transform_time_series_to_images:run_pipeline:68 - Transforming 500_UCR_id_198_Facility_tr_7482_1st_23357 using GADF
2026-02-08 17:36:25.202 | INFO     | src.pipelines.transform_time_series_to_images:run_pipeline:86 - window_len=32, stride=32, resolution=64x64
2026-02-08 17:36:25.202 | INFO     | src.images.creators:create_png_image_dataset:126 - Running with n_workers: 15 for train=True set
2026-02-08 17:37:57.882 | INFO     | src.images.creators:create_png_image_dataset:126 - Running with n_workers: 15 for train=False set
2026-02-08 17:39:31.324 | INFO     | src.pipelines.transform_time_series_to_images:run_pipeline:166 - Saved metadata to /net/scratch/hscra/plgrid/plgsmendowski12/ts2i_images/UCR/500_UCR_id_198_Facility_tr_7482_1st_23357_ts2i_GADF_metadata.json
2026-02-08 17:39:31.901 | INFO     | src.pipelines.transform_time_series_to_images:run_pipeline:169 - Saved to /net/scratch/hscra/plgrid/plgsmendowski12/ts2i_images/UCR/500_UCR_id_198_Facility_tr_7482_1st_23357_ts2i_GADF.zip
2026-02-08 17:39:32.091 | INFO     | src.pipelines.transform_time_series_to_images:run_pipeline:68 - Transforming 500_UCR_id_198_Facility_tr_7482_1st_23357 using MTF
2026-02-08 17:39:32.094 | INFO     | src.pipelines.transform_time_series_to_images:run_pipeline:86 - window_len=32, stride=32, resolution=64x64
2026-02-08 17:39:32.094 | INFO     | src.images.creators:create_png_image_dataset:126 - Running with n_workers: 15 for train=True set
2026-02-08 17:40:28.982 | INFO     | src.images.creators:create_png_image_dataset:126 - Running with n_workers: 15 for train=False set
2026-02-08 17:41:38.606 | INFO     | src.pipelines.transform_time_series_to_images:run_pipeline:166 - Saved metadata to /net/scratch/hscra/plgrid/plgsmendowski12/ts2i_images/UCR/500_UCR_id_198_Facility_tr_7482_1st_23357_ts2i_MTF_metadata.json
2026-02-08 17:41:39.143 | INFO     | src.pipelines.transform_time_series_to_images:run_pipeline:169 - Saved to /net/scratch/hscra/plgrid/plgsmendowski12/ts2i_images/UCR/500_UCR_id_198_Facility_tr_7482_1st_23357_ts2i_MTF.zip
2026-02-08 17:41:39.331 | INFO     | src.pipelines.transform_time_series_to_images:run_pipeline:68 - Transforming 500_UCR_id_198_Facility_tr_7482_1st_23357 using RP
2026-02-08 17:41:39.333 | INFO     | src.pipelines.transform_time_series_to_images:run_pipeline:86 - window_len=32, stride=32, resolution=64x64
2026-02-08 17:41:39.333 | INFO     | src.images.creators:create_png_image_dataset:126 - Running with n_workers: 15 for train=True set
2026-02-08 17:41:40.353 | INFO     | src.images.creators:create_png_image_dataset:126 - Running with n_workers: 15 for train=False set
2026-02-08 17:41:42.642 | INFO     | src.pipelines.transform_time_series_to_images:run_pipeline:166 - Saved metadata to /net/scratch/hscra/plgrid/plgsmendowski12/ts2i_images/UCR/500_UCR_id_198_Facility_tr_7482_1st_23357_ts2i_RP_metadata.json
2026-02-08 17:41:43.161 | INFO     | src.pipelines.transform_time_series_to_images:run_pipeline:169 - Saved to /net/scratch/hscra/plgrid/plgsmendowski12/ts2i_images/UCR/500_UCR_id_198_Facility_tr_7482_1st_23357_ts2i_RP.zip
2026-02-08 17:41:43.661 | INFO     | src.pipelines.transform_time_series_to_images:run_pipeline:68 - Transforming 500_UCR_id_198_Facility_tr_7482_1st_23357 using RWT
2026-02-08 17:41:43.663 | INFO     | src.pipelines.transform_time_series_to_images:run_pipeline:86 - window_len=32, stride=32, resolution=64x64
2026-02-08 17:41:43.663 | INFO     | src.images.creators:create_png_image_dataset:126 - Running with n_workers: 15 for train=True set
2026-02-08 17:41:44.882 | INFO     | src.images.creators:create_png_image_dataset:126 - Running with n_workers: 15 for train=False set
2026-02-08 17:41:47.823 | INFO     | src.pipelines.transform_time_series_to_images:run_pipeline:166 - Saved metadata to /net/scratch/hscra/plgrid/plgsmendowski12/ts2i_images/UCR/500_UCR_id_198_Facility_tr_7482_1st_23357_ts2i_RWT_metadata.json
2026-02-08 17:41:48.632 | INFO     | src.pipelines.transform_time_series_to_images:run_pipeline:169 - Saved to /net/scratch/hscra/plgrid/plgsmendowski12/ts2i_images/UCR/500_UCR_id_198_Facility_tr_7482_1st_23357_ts2i_RWT.zip
2026-02-08 17:41:48.824 | INFO     | src.pipelines.transform_time_series_to_images:run_pipeline:68 - Transforming 500_UCR_id_198_Facility_tr_7482_1st_23357 using MWT
2026-02-08 17:41:48.826 | INFO     | src.pipelines.transform_time_series_to_images:run_pipeline:86 - window_len=32, stride=32, resolution=64x64
2026-02-08 17:41:48.827 | INFO     | src.images.creators:create_png_image_dataset:126 - Running with n_workers: 15 for train=True set
2026-02-08 17:41:50.088 | INFO     | src.images.creators:create_png_image_dataset:126 - Running with n_workers: 15 for train=False set
2026-02-08 17:41:53.095 | INFO     | src.pipelines.transform_time_series_to_images:run_pipeline:166 - Saved metadata to /net/scratch/hscra/plgrid/plgsmendowski12/ts2i_images/UCR/500_UCR_id_198_Facility_tr_7482_1st_23357_ts2i_MWT_metadata.json
2026-02-08 17:41:53.938 | INFO     | src.pipelines.transform_time_series_to_images:run_pipeline:169 - Saved to /net/scratch/hscra/plgrid/plgsmendowski12/ts2i_images/UCR/500_UCR_id_198_Facility_tr_7482_1st_23357_ts2i_MWT.zip
2026-02-08 17:41:54.137 | INFO     | src.pipelines.transform_time_series_to_images:run_pipeline:68 - Transforming 500_UCR_id_198_Facility_tr_7482_1st_23357 using SPIRAL
2026-02-08 17:41:54.139 | INFO     | src.pipelines.transform_time_series_to_images:run_pipeline:86 - window_len=32, stride=32, resolution=64x64
2026-02-08 17:41:54.139 | INFO     | src.images.creators:create_png_image_dataset:126 - Running with n_workers: 15 for train=True set
2026-02-08 17:41:55.101 | INFO     | src.images.creators:create_png_image_dataset:126 - Running with n_workers: 15 for train=False set
2026-02-08 17:41:57.393 | INFO     | src.pipelines.transform_time_series_to_images:run_pipeline:166 - Saved metadata to /net/scratch/hscra/plgrid/plgsmendowski12/ts2i_images/UCR/500_UCR_id_198_Facility_tr_7482_1st_23357_ts2i_SPIRAL_metadata.json
2026-02-08 17:41:57.948 | INFO     | src.pipelines.transform_time_series_to_images:run_pipeline:169 - Saved to /net/scratch/hscra/plgrid/plgsmendowski12/ts2i_images/UCR/500_UCR_id_198_Facility_tr_7482_1st_23357_ts2i_SPIRAL.zip
warning: Using incompatible environment (`/net/scratch/hscra/plgrid/plgsmendowski12/.venv_ts2img`) due to `--no-sync` (The project environment's Python version does not satisfy the request: `Python 3.10.13`)
2026-02-08 17:42:06.215 | INFO     | src.pipelines.train_vision_backbones:run_pipeline:39 - Loading configuration from configs/default.yaml
2026-02-08 17:42:06.236 | INFO     | src.pipelines.train_vision_backbones:run_pipeline:70 - Using zip: /net/scratch/hscra/plgrid/plgsmendowski12/ts2i_images/UCR/432_UCR_id_130_Facility_tr_23000_1st_26970_ts2i_RN.zip for transformation RN
2026-02-08 17:42:17.302 | INFO     | src.pipelines.train_vision_backbones:run_pipeline:170 - Train images: 1839
2026-02-08 17:42:17.302 | INFO     | src.pipelines.train_vision_backbones:run_pipeline:171 - Test images: 6899
2026-02-08 17:42:17.309 | INFO     | src.pipelines.train_vision_backbones:run_pipeline:176 - Training cnn_autoencoder on RN
2026-02-08 17:42:18.252 | INFO     | src.models.cnn_autoencoder.training:train_autoencoder:22 - Device: cuda | Model on: cuda:0
2026-02-08 17:45:03.569 | INFO     | src.pipelines.train_vision_backbones:run_pipeline:193 - Evaluating cnn_autoencoder on RN
2026-02-08 17:45:09.929 | INFO     | src.models.evaluation:evaluate_tsb_ad_nonoverlapping:65 - Normal (68700) reconstruction error: mean=0.6344, std=0.4447
2026-02-08 17:45:09.929 | INFO     | src.models.evaluation:evaluate_tsb_ad_nonoverlapping:66 - Anomaly (300) reconstruction error: mean=0.0053, std=0.0022
2026-02-08 17:45:09.929 | INFO     | src.models.evaluation:evaluate_tsb_ad_nonoverlapping:67 - Overlap? Normal max=1.0000, Anomaly min=0.0031
2026-02-08 17:45:27.697 | INFO     | src.models.evaluation:evaluate_tsb_ad_nonoverlapping:83 - {'AUC-PR': 0.0028421314983007604, 'AUC-ROC': 0.1507278020378457, 'VUS-PR': np.float64(0.003362897218663003), 'VUS-ROC': np.float64(0.18206321863597974), 'Standard-F1': np.float64(0.009049683668307372), 'PA-F1': 0.008676789587852495, 'Event-based-F1': np.float64(0.008676789587852486), 'R-based-F1': 0.007674597083653108, 'Affiliation-F': 0.6658584841117687}
2026-02-08 17:45:27.869 | INFO     | src.pipelines.train_vision_backbones:run_pipeline:170 - Train images: 1839
2026-02-08 17:45:27.869 | INFO     | src.pipelines.train_vision_backbones:run_pipeline:171 - Test images: 6899
2026-02-08 17:45:28.094 | INFO     | src.pipelines.train_vision_backbones:run_pipeline:176 - Training resnet18_autoencoder_frozen on RN
2026-02-08 17:45:28.109 | INFO     | src.models.resnet18_autoencoder.training:train_autoencoder_frozen:25 - Device: cuda | Model on: cuda:0
2026-02-08 17:47:45.324 | INFO     | src.pipelines.train_vision_backbones:run_pipeline:193 - Evaluating resnet18_autoencoder_frozen on RN
2026-02-08 17:47:52.233 | INFO     | src.models.evaluation:evaluate_tsb_ad_nonoverlapping:65 - Normal (68700) reconstruction error: mean=0.5911, std=0.4122
2026-02-08 17:47:52.233 | INFO     | src.models.evaluation:evaluate_tsb_ad_nonoverlapping:66 - Anomaly (300) reconstruction error: mean=0.0086, std=0.0054
2026-02-08 17:47:52.233 | INFO     | src.models.evaluation:evaluate_tsb_ad_nonoverlapping:67 - Overlap? Normal max=1.0000, Anomaly min=0.0030
2026-02-08 17:48:09.006 | INFO     | src.models.evaluation:evaluate_tsb_ad_nonoverlapping:83 - {'AUC-PR': 0.0027720755250646547, 'AUC-ROC': 0.13279475982532754, 'VUS-PR': np.float64(0.003211936805719008), 'VUS-ROC': np.float64(0.16263716670519657), 'Standard-F1': np.float64(0.008708186156520997), 'PA-F1': 0.010801080108010801, 'Event-based-F1': np.float64(0.008676789587852486), 'R-based-F1': 0.029573299535276723, 'Affiliation-F': 0.6662856883209467}
2026-02-08 17:48:09.182 | INFO     | src.pipelines.train_vision_backbones:run_pipeline:170 - Train images: 1839
2026-02-08 17:48:09.182 | INFO     | src.pipelines.train_vision_backbones:run_pipeline:171 - Test images: 6899
2026-02-08 17:48:09.399 | INFO     | src.pipelines.train_vision_backbones:run_pipeline:176 - Training resnet18_autoencoder_progressive_unfreeze on RN
2026-02-08 17:48:09.414 | INFO     | src.models.resnet18_autoencoder.training:train_autoencoder_progressive_unfreeze:133 - Device: cuda | Model on: cuda:0
2026-02-08 17:50:24.077 | INFO     | src.pipelines.train_vision_backbones:run_pipeline:193 - Evaluating resnet18_autoencoder_progressive_unfreeze on RN
2026-02-08 17:50:31.031 | INFO     | src.models.evaluation:evaluate_tsb_ad_nonoverlapping:65 - Normal (68700) reconstruction error: mean=0.6013, std=0.4212
2026-02-08 17:50:31.031 | INFO     | src.models.evaluation:evaluate_tsb_ad_nonoverlapping:66 - Anomaly (300) reconstruction error: mean=0.0076, std=0.0024
2026-02-08 17:50:31.031 | INFO     | src.models.evaluation:evaluate_tsb_ad_nonoverlapping:67 - Overlap? Normal max=1.0000, Anomaly min=0.0044
2026-02-08 17:50:48.000 | INFO     | src.models.evaluation:evaluate_tsb_ad_nonoverlapping:83 - {'AUC-PR': 0.0030653281675042596, 'AUC-ROC': 0.20271712760795732, 'VUS-PR': np.float64(0.003441182381861929), 'VUS-ROC': np.float64(0.2235663776962489), 'Standard-F1': np.float64(0.009546444370708769), 'PA-F1': 0.012094335819391252, 'Event-based-F1': np.float64(0.008676789587852486), 'R-based-F1': 0.02337032409789079, 'Affiliation-F': 0.6660622836864037}
2026-02-08 17:50:48.170 | INFO     | src.pipelines.train_vision_backbones:run_pipeline:170 - Train images: 1839
2026-02-08 17:50:48.170 | INFO     | src.pipelines.train_vision_backbones:run_pipeline:171 - Test images: 6899
2026-02-08 17:50:48.389 | INFO     | src.pipelines.train_vision_backbones:run_pipeline:176 - Training resnet18_autoencoder_differential_lr on RN
2026-02-08 17:50:48.404 | INFO     | src.models.resnet18_autoencoder.training:train_autoencoder_differential_lr:271 - Device: cuda | Model on: cuda:0
2026-02-08 17:53:03.310 | INFO     | src.pipelines.train_vision_backbones:run_pipeline:193 - Evaluating resnet18_autoencoder_differential_lr on RN
2026-02-08 17:53:10.476 | INFO     | src.models.evaluation:evaluate_tsb_ad_nonoverlapping:65 - Normal (68700) reconstruction error: mean=0.6237, std=0.4340
2026-02-08 17:53:10.477 | INFO     | src.models.evaluation:evaluate_tsb_ad_nonoverlapping:66 - Anomaly (300) reconstruction error: mean=0.0122, std=0.0057
2026-02-08 17:53:10.477 | INFO     | src.models.evaluation:evaluate_tsb_ad_nonoverlapping:67 - Overlap? Normal max=1.0000, Anomaly min=0.0025
2026-02-08 17:53:27.982 | INFO     | src.models.evaluation:evaluate_tsb_ad_nonoverlapping:83 - {'AUC-PR': 0.0030233367125235278, 'AUC-ROC': 0.1969917515769044, 'VUS-PR': np.float64(0.003641705453591806), 'VUS-ROC': np.float64(0.2322034877988001), 'Standard-F1': np.float64(0.008810484970502056), 'PA-F1': 0.01247141966327167, 'Event-based-F1': np.float64(0.008676789587852486), 'R-based-F1': 0.047719087635054024, 'Affiliation-F': 0.6661970170040187}
2026-02-08 17:53:28.152 | INFO     | src.pipelines.train_vision_backbones:run_pipeline:170 - Train images: 1839
2026-02-08 17:53:28.152 | INFO     | src.pipelines.train_vision_backbones:run_pipeline:171 - Test images: 6899
2026-02-08 17:53:29.146 | INFO     | src.pipelines.train_vision_backbones:run_pipeline:176 - Training pvt_autoencoder_frozen on RN
2026-02-08 17:53:29.171 | INFO     | src.models.pvt_autoencoder.training:train_pvt_autoencoder_frozen:24 - Device: cuda | Model on: cuda:0
2026-02-08 17:55:55.223 | INFO     | src.pipelines.train_vision_backbones:run_pipeline:193 - Evaluating pvt_autoencoder_frozen on RN
2026-02-08 17:56:02.854 | INFO     | src.models.evaluation:evaluate_tsb_ad_nonoverlapping:65 - Normal (68700) reconstruction error: mean=0.6239, std=0.4347
2026-02-08 17:56:02.854 | INFO     | src.models.evaluation:evaluate_tsb_ad_nonoverlapping:66 - Anomaly (300) reconstruction error: mean=0.0105, std=0.0047
2026-02-08 17:56:02.854 | INFO     | src.models.evaluation:evaluate_tsb_ad_nonoverlapping:67 - Overlap? Normal max=1.0000, Anomaly min=0.0044
2026-02-08 17:56:20.312 | INFO     | src.models.evaluation:evaluate_tsb_ad_nonoverlapping:83 - {'AUC-PR': 0.002953419846318661, 'AUC-ROC': 0.18230470645317806, 'VUS-PR': np.float64(0.0034991909570495413), 'VUS-ROC': np.float64(0.21422060366711645), 'Standard-F1': np.float64(0.009111526611910491), 'PA-F1': 0.010691375623663579, 'Event-based-F1': np.float64(0.008676789587852486), 'R-based-F1': 0.016564742138970485, 'Affiliation-F': 0.6662773197203673}
2026-02-08 17:56:20.481 | INFO     | src.pipelines.train_vision_backbones:run_pipeline:170 - Train images: 1839
2026-02-08 17:56:20.481 | INFO     | src.pipelines.train_vision_backbones:run_pipeline:171 - Test images: 6899
2026-02-08 17:56:21.449 | INFO     | src.pipelines.train_vision_backbones:run_pipeline:176 - Training pvt_autoencoder_progressive_unfreeze on RN
2026-02-08 17:56:21.473 | INFO     | src.models.pvt_autoencoder.training:train_pvt_autoencoder_progressive_unfreeze:132 - Device: cuda | Model on: cuda:0
2026-02-08 17:57:11.752 | INFO     | src.pipelines.train_vision_backbones:run_pipeline:193 - Evaluating pvt_autoencoder_progressive_unfreeze on RN
2026-02-08 17:57:19.264 | INFO     | src.models.evaluation:evaluate_tsb_ad_nonoverlapping:65 - Normal (68700) reconstruction error: mean=0.5919, std=0.3903
2026-02-08 17:57:19.264 | INFO     | src.models.evaluation:evaluate_tsb_ad_nonoverlapping:66 - Anomaly (300) reconstruction error: mean=0.0447, std=0.0320
2026-02-08 17:57:19.264 | INFO     | src.models.evaluation:evaluate_tsb_ad_nonoverlapping:67 - Overlap? Normal max=1.0000, Anomaly min=0.0080
2026-02-08 17:57:36.139 | INFO     | src.models.evaluation:evaluate_tsb_ad_nonoverlapping:83 - {'AUC-PR': 0.002908071883013009, 'AUC-ROC': 0.17322173702086363, 'VUS-PR': np.float64(0.003474509218705464), 'VUS-ROC': np.float64(0.21083730405786832), 'Standard-F1': np.float64(0.008764154635585749), 'PA-F1': 0.01283147989734816, 'Event-based-F1': np.float64(0.008676789587852486), 'R-based-F1': 0.14039735099337747, 'Affiliation-F': 0.6661970170040187}
2026-02-08 17:57:36.314 | INFO     | src.pipelines.train_vision_backbones:run_pipeline:170 - Train images: 1839
2026-02-08 17:57:36.314 | INFO     | src.pipelines.train_vision_backbones:run_pipeline:171 - Test images: 6899
2026-02-08 17:57:37.282 | INFO     | src.pipelines.train_vision_backbones:run_pipeline:176 - Training pvt_autoencoder_differential_lr on RN
2026-02-08 17:57:37.307 | INFO     | src.models.pvt_autoencoder.training:train_pvt_autoencoder_differential_lr:267 - Device: cuda | Model on: cuda:0
2026-02-08 18:01:21.841 | INFO     | src.pipelines.train_vision_backbones:run_pipeline:193 - Evaluating pvt_autoencoder_differential_lr on RN
2026-02-08 18:03:34.094 | INFO     | src.models.evaluation:evaluate_tsb_ad_nonoverlapping:65 - Normal (68700) reconstruction error: mean=0.6249, std=0.4143
2026-02-08 18:03:34.095 | INFO     | src.models.evaluation:evaluate_tsb_ad_nonoverlapping:66 - Anomaly (300) reconstruction error: mean=0.0358, std=0.0173
2026-02-08 18:03:34.095 | INFO     | src.models.evaluation:evaluate_tsb_ad_nonoverlapping:67 - Overlap? Normal max=1.0000, Anomaly min=0.0188
2026-02-08 18:03:51.396 | INFO     | src.models.evaluation:evaluate_tsb_ad_nonoverlapping:83 - {'AUC-PR': 0.002837565012294682, 'AUC-ROC': 0.14834546336729745, 'VUS-PR': np.float64(0.0032508612169181144), 'VUS-ROC': np.float64(0.1772494056561469), 'Standard-F1': np.float64(0.00908256172127478), 'PA-F1': 0.01213101496158512, 'Event-based-F1': np.float64(0.008849557522123883), 'R-based-F1': 0.052901134521880055, 'Affiliation-F': 0.66608754708637}
2026-02-08 18:03:54.131 | INFO     | src.pipelines.train_vision_backbones:run_pipeline:70 - Using zip: /net/scratch/hscra/plgrid/plgsmendowski12/ts2i_images/UCR/432_UCR_id_130_Facility_tr_23000_1st_26970_ts2i_LP.zip for transformation LP
2026-02-08 18:04:05.019 | INFO     | src.pipelines.train_vision_backbones:run_pipeline:170 - Train images: 1839
2026-02-08 18:04:05.020 | INFO     | src.pipelines.train_vision_backbones:run_pipeline:171 - Test images: 6899
2026-02-08 18:04:05.026 | INFO     | src.pipelines.train_vision_backbones:run_pipeline:176 - Training cnn_autoencoder on LP
2026-02-08 18:04:05.031 | INFO     | src.models.cnn_autoencoder.training:train_autoencoder:22 - Device: cuda | Model on: cuda:0
2026-02-08 18:07:01.723 | INFO     | src.pipelines.train_vision_backbones:run_pipeline:193 - Evaluating cnn_autoencoder on LP
2026-02-08 18:07:07.513 | INFO     | src.models.evaluation:evaluate_tsb_ad_nonoverlapping:65 - Normal (68700) reconstruction error: mean=0.1141, std=0.1207
2026-02-08 18:07:07.513 | INFO     | src.models.evaluation:evaluate_tsb_ad_nonoverlapping:66 - Anomaly (300) reconstruction error: mean=0.1391, std=0.1858
2026-02-08 18:07:07.514 | INFO     | src.models.evaluation:evaluate_tsb_ad_nonoverlapping:67 - Overlap? Normal max=1.0000, Anomaly min=0.0351
2026-02-08 18:07:16.509 | INFO     | src.models.evaluation:evaluate_tsb_ad_nonoverlapping:83 - {'AUC-PR': 0.0052514051846100345, 'AUC-ROC': 0.3892916060164968, 'VUS-PR': np.float64(0.006569421133201816), 'VUS-ROC': np.float64(0.5128929895841252), 'Standard-F1': np.float64(0.0319978881393828), 'PA-F1': 0.48, 'Event-based-F1': np.float64(0.03524229074889864), 'R-based-F1': 0.03534355934107178, 'Affiliation-F': 0.7352378073410768}
2026-02-08 18:07:16.679 | INFO     | src.pipelines.train_vision_backbones:run_pipeline:170 - Train images: 1839
2026-02-08 18:07:16.680 | INFO     | src.pipelines.train_vision_backbones:run_pipeline:171 - Test images: 6899
2026-02-08 18:07:16.896 | INFO     | src.pipelines.train_vision_backbones:run_pipeline:176 - Training resnet18_autoencoder_frozen on LP
2026-02-08 18:07:16.909 | INFO     | src.models.resnet18_autoencoder.training:train_autoencoder_frozen:25 - Device: cuda | Model on: cuda:0
2026-02-08 18:08:02.444 | INFO     | src.pipelines.train_vision_backbones:run_pipeline:193 - Evaluating resnet18_autoencoder_frozen on LP
2026-02-08 18:08:08.750 | INFO     | src.models.evaluation:evaluate_tsb_ad_nonoverlapping:65 - Normal (68700) reconstruction error: mean=0.3627, std=0.1864
2026-02-08 18:08:08.751 | INFO     | src.models.evaluation:evaluate_tsb_ad_nonoverlapping:66 - Anomaly (300) reconstruction error: mean=0.3716, std=0.1853
2026-02-08 18:08:08.751 | INFO     | src.models.evaluation:evaluate_tsb_ad_nonoverlapping:67 - Overlap? Normal max=1.0000, Anomaly min=0.0911
2026-02-08 18:08:22.727 | INFO     | src.models.evaluation:evaluate_tsb_ad_nonoverlapping:83 - {'AUC-PR': 0.004969801417500671, 'AUC-ROC': 0.5139495390587093, 'VUS-PR': np.float64(0.007224412236874594), 'VUS-ROC': np.float64(0.6244012505015901), 'Standard-F1': np.float64(0.015473324399745018), 'PA-F1': 0.24, 'Event-based-F1': np.float64(0.015594541910331368), 'R-based-F1': 0.013358190332193237, 'Affiliation-F': 0.8923912984636381}
2026-02-08 18:08:23.132 | INFO     | src.pipelines.train_vision_backbones:run_pipeline:170 - Train images: 1839
2026-02-08 18:08:23.132 | INFO     | src.pipelines.train_vision_backbones:run_pipeline:171 - Test images: 6899
2026-02-08 18:08:23.350 | INFO     | src.pipelines.train_vision_backbones:run_pipeline:176 - Training resnet18_autoencoder_progressive_unfreeze on LP
2026-02-08 18:08:23.364 | INFO     | src.models.resnet18_autoencoder.training:train_autoencoder_progressive_unfreeze:133 - Device: cuda | Model on: cuda:0
2026-02-08 18:09:52.877 | INFO     | src.pipelines.train_vision_backbones:run_pipeline:193 - Evaluating resnet18_autoencoder_progressive_unfreeze on LP
2026-02-08 18:09:59.218 | INFO     | src.models.evaluation:evaluate_tsb_ad_nonoverlapping:65 - Normal (68700) reconstruction error: mean=0.1842, std=0.1645
2026-02-08 18:09:59.218 | INFO     | src.models.evaluation:evaluate_tsb_ad_nonoverlapping:66 - Anomaly (300) reconstruction error: mean=0.2261, std=0.2362
2026-02-08 18:09:59.218 | INFO     | src.models.evaluation:evaluate_tsb_ad_nonoverlapping:67 - Overlap? Normal max=1.0000, Anomaly min=0.0464
2026-02-08 18:10:09.684 | INFO     | src.models.evaluation:evaluate_tsb_ad_nonoverlapping:83 - {'AUC-PR': 0.008038999381400498, 'AUC-ROC': 0.5248762736535661, 'VUS-PR': np.float64(0.010126011085390543), 'VUS-ROC': np.float64(0.6216756345804545), 'Standard-F1': np.float64(0.059995800293979426), 'PA-F1': 0.5172413793103449, 'Event-based-F1': np.float64(0.08219178082191772), 'R-based-F1': 0.0576923076923077, 'Affiliation-F': 0.9419565161645651}
2026-02-08 18:10:09.858 | INFO     | src.pipelines.train_vision_backbones:run_pipeline:170 - Train images: 1839
2026-02-08 18:10:09.858 | INFO     | src.pipelines.train_vision_backbones:run_pipeline:171 - Test images: 6899
2026-02-08 18:10:10.071 | INFO     | src.pipelines.train_vision_backbones:run_pipeline:176 - Training resnet18_autoencoder_differential_lr on LP
2026-02-08 18:10:10.085 | INFO     | src.models.resnet18_autoencoder.training:train_autoencoder_differential_lr:271 - Device: cuda | Model on: cuda:0
2026-02-08 18:11:35.486 | INFO     | src.pipelines.train_vision_backbones:run_pipeline:193 - Evaluating resnet18_autoencoder_differential_lr on LP
2026-02-08 18:11:41.517 | INFO     | src.models.evaluation:evaluate_tsb_ad_nonoverlapping:65 - Normal (68700) reconstruction error: mean=0.1647, std=0.1625
2026-02-08 18:11:41.517 | INFO     | src.models.evaluation:evaluate_tsb_ad_nonoverlapping:66 - Anomaly (300) reconstruction error: mean=0.2128, std=0.2465
2026-02-08 18:11:41.517 | INFO     | src.models.evaluation:evaluate_tsb_ad_nonoverlapping:67 - Overlap? Normal max=1.0000, Anomaly min=0.0533
2026-02-08 18:11:51.662 | INFO     | src.models.evaluation:evaluate_tsb_ad_nonoverlapping:83 - {'AUC-PR': 0.009714736280042768, 'AUC-ROC': 0.5299029597282872, 'VUS-PR': np.float64(0.009953853352458214), 'VUS-ROC': np.float64(0.6172117288713354), 'Standard-F1': np.float64(0.04937969840114709), 'PA-F1': 0.8108108108108109, 'Event-based-F1': np.float64(0.12499999999999988), 'R-based-F1': 0.11486486486486487, 'Affiliation-F': 0.7783614921091627}
2026-02-08 18:11:51.828 | INFO     | src.pipelines.train_vision_backbones:run_pipeline:170 - Train images: 1839
2026-02-08 18:11:51.829 | INFO     | src.pipelines.train_vision_backbones:run_pipeline:171 - Test images: 6899
2026-02-08 18:11:52.775 | INFO     | src.pipelines.train_vision_backbones:run_pipeline:176 - Training pvt_autoencoder_frozen on LP
2026-02-08 18:11:52.798 | INFO     | src.models.pvt_autoencoder.training:train_pvt_autoencoder_frozen:24 - Device: cuda | Model on: cuda:0
2026-02-08 18:13:26.111 | INFO     | src.pipelines.train_vision_backbones:run_pipeline:193 - Evaluating pvt_autoencoder_frozen on LP
2026-02-08 18:15:28.700 | INFO     | src.models.evaluation:evaluate_tsb_ad_nonoverlapping:65 - Normal (68700) reconstruction error: mean=0.2733, std=0.1753
2026-02-08 18:15:28.700 | INFO     | src.models.evaluation:evaluate_tsb_ad_nonoverlapping:66 - Anomaly (300) reconstruction error: mean=0.2993, std=0.2433
2026-02-08 18:15:28.700 | INFO     | src.models.evaluation:evaluate_tsb_ad_nonoverlapping:67 - Overlap? Normal max=1.0000, Anomaly min=0.0415
2026-02-08 18:15:41.102 | INFO     | src.models.evaluation:evaluate_tsb_ad_nonoverlapping:83 - {'AUC-PR': 0.009711335191910812, 'AUC-ROC': 0.48811256671518677, 'VUS-PR': np.float64(0.009168026879196559), 'VUS-ROC': np.float64(0.5991883982792844), 'Standard-F1': np.float64(0.05262680098780506), 'PA-F1': 0.8108108108108109, 'Event-based-F1': np.float64(0.12499999999999988), 'R-based-F1': 0.10862619808306709, 'Affiliation-F': 0.7299661174578513}
2026-02-08 18:15:41.289 | INFO     | src.pipelines.train_vision_backbones:run_pipeline:170 - Train images: 1839
2026-02-08 18:15:41.289 | INFO     | src.pipelines.train_vision_backbones:run_pipeline:171 - Test images: 6899
2026-02-08 18:15:42.270 | INFO     | src.pipelines.train_vision_backbones:run_pipeline:176 - Training pvt_autoencoder_progressive_unfreeze on LP
2026-02-08 18:15:42.295 | INFO     | src.models.pvt_autoencoder.training:train_pvt_autoencoder_progressive_unfreeze:132 - Device: cuda | Model on: cuda:0
2026-02-08 18:17:48.756 | INFO     | src.pipelines.train_vision_backbones:run_pipeline:193 - Evaluating pvt_autoencoder_progressive_unfreeze on LP
2026-02-08 18:17:55.940 | INFO     | src.models.evaluation:evaluate_tsb_ad_nonoverlapping:65 - Normal (68700) reconstruction error: mean=0.1492, std=0.1603
2026-02-08 18:17:55.941 | INFO     | src.models.evaluation:evaluate_tsb_ad_nonoverlapping:66 - Anomaly (300) reconstruction error: mean=0.2244, std=0.2384
2026-02-08 18:17:55.941 | INFO     | src.models.evaluation:evaluate_tsb_ad_nonoverlapping:67 - Overlap? Normal max=1.0000, Anomaly min=0.0482
2026-02-08 18:18:05.959 | INFO     | src.models.evaluation:evaluate_tsb_ad_nonoverlapping:83 - {'AUC-PR': 0.008900153919446312, 'AUC-ROC': 0.6309849587578845, 'VUS-PR': np.float64(0.01014952507357087), 'VUS-ROC': np.float64(0.7024120754413821), 'Standard-F1': np.float64(0.0451092885287831), 'PA-F1': 0.5660377358490566, 'Event-based-F1': np.float64(0.05607476635514014), 'R-based-F1': 0.04715672676837726, 'Affiliation-F': 0.7558607538350407}
2026-02-08 18:18:06.144 | INFO     | src.pipelines.train_vision_backbones:run_pipeline:170 - Train images: 1839
2026-02-08 18:18:06.144 | INFO     | src.pipelines.train_vision_backbones:run_pipeline:171 - Test images: 6899
2026-02-08 18:18:07.129 | INFO     | src.pipelines.train_vision_backbones:run_pipeline:176 - Training pvt_autoencoder_differential_lr on LP
2026-02-08 18:18:07.152 | INFO     | src.models.pvt_autoencoder.training:train_pvt_autoencoder_differential_lr:267 - Device: cuda | Model on: cuda:0
2026-02-08 18:21:20.128 | INFO     | src.pipelines.train_vision_backbones:run_pipeline:193 - Evaluating pvt_autoencoder_differential_lr on LP
2026-02-08 18:21:27.355 | INFO     | src.models.evaluation:evaluate_tsb_ad_nonoverlapping:65 - Normal (68700) reconstruction error: mean=0.1986, std=0.1352
2026-02-08 18:21:27.355 | INFO     | src.models.evaluation:evaluate_tsb_ad_nonoverlapping:66 - Anomaly (300) reconstruction error: mean=0.2715, std=0.2420
2026-02-08 18:21:27.355 | INFO     | src.models.evaluation:evaluate_tsb_ad_nonoverlapping:67 - Overlap? Normal max=1.0000, Anomaly min=0.1012
2026-02-08 18:21:38.194 | INFO     | src.models.evaluation:evaluate_tsb_ad_nonoverlapping:83 - {'AUC-PR': 0.018671120696149488, 'AUC-ROC': 0.5986414361960213, 'VUS-PR': np.float64(0.019456251870932344), 'VUS-ROC': np.float64(0.69387154963168), 'Standard-F1': np.float64(0.10344328204845284), 'PA-F1': 0.8955223880597015, 'Event-based-F1': np.float64(0.22222222222222202), 'R-based-F1': 0.16113744075829384, 'Affiliation-F': 0.7684626501450185}
2026-02-08 18:21:40.798 | INFO     | src.pipelines.train_vision_backbones:run_pipeline:70 - Using zip: /net/scratch/hscra/plgrid/plgsmendowski12/ts2i_images/UCR/432_UCR_id_130_Facility_tr_23000_1st_26970_ts2i_SG.zip for transformation SG
2026-02-08 18:21:51.856 | INFO     | src.pipelines.train_vision_backbones:run_pipeline:170 - Train images: 1839
2026-02-08 18:21:51.856 | INFO     | src.pipelines.train_vision_backbones:run_pipeline:171 - Test images: 6899
2026-02-08 18:21:51.862 | INFO     | src.pipelines.train_vision_backbones:run_pipeline:176 - Training cnn_autoencoder on SG
2026-02-08 18:21:51.867 | INFO     | src.models.cnn_autoencoder.training:train_autoencoder:22 - Device: cuda | Model on: cuda:0
2026-02-08 18:22:30.568 | INFO     | src.pipelines.train_vision_backbones:run_pipeline:193 - Evaluating cnn_autoencoder on SG
2026-02-08 18:22:36.583 | INFO     | src.models.evaluation:evaluate_tsb_ad_nonoverlapping:65 - Normal (68700) reconstruction error: mean=0.0385, std=0.1013
2026-02-08 18:22:36.583 | INFO     | src.models.evaluation:evaluate_tsb_ad_nonoverlapping:66 - Anomaly (300) reconstruction error: mean=0.0553, std=0.1058
2026-02-08 18:22:36.583 | INFO     | src.models.evaluation:evaluate_tsb_ad_nonoverlapping:67 - Overlap? Normal max=1.0000, Anomaly min=0.0060
2026-02-08 18:22:44.380 | INFO     | src.models.evaluation:evaluate_tsb_ad_nonoverlapping:83 - {'AUC-PR': 0.006091955522992491, 'AUC-ROC': 0.586288209606987, 'VUS-PR': np.float64(0.007499885458006579), 'VUS-ROC': np.float64(0.6543455811542443), 'Standard-F1': np.float64(0.02234483328799194), 'PA-F1': 0.3076923076923077, 'Event-based-F1': np.float64(0.024096385542168648), 'R-based-F1': 0.020048602673147023, 'Affiliation-F': 0.9337967987285724}
2026-02-08 18:22:44.548 | INFO     | src.pipelines.train_vision_backbones:run_pipeline:170 - Train images: 1839
2026-02-08 18:22:44.548 | INFO     | src.pipelines.train_vision_backbones:run_pipeline:171 - Test images: 6899
2026-02-08 18:22:44.771 | INFO     | src.pipelines.train_vision_backbones:run_pipeline:176 - Training resnet18_autoencoder_frozen on SG
2026-02-08 18:22:44.786 | INFO     | src.models.resnet18_autoencoder.training:train_autoencoder_frozen:25 - Device: cuda | Model on: cuda:0
2026-02-08 18:23:20.048 | INFO     | src.pipelines.train_vision_backbones:run_pipeline:193 - Evaluating resnet18_autoencoder_frozen on SG
2026-02-08 18:23:26.641 | INFO     | src.models.evaluation:evaluate_tsb_ad_nonoverlapping:65 - Normal (68700) reconstruction error: mean=0.0201, std=0.0501
2026-02-08 18:23:26.641 | INFO     | src.models.evaluation:evaluate_tsb_ad_nonoverlapping:66 - Anomaly (300) reconstruction error: mean=0.0373, std=0.0721
2026-02-08 18:23:26.641 | INFO     | src.models.evaluation:evaluate_tsb_ad_nonoverlapping:67 - Overlap? Normal max=1.0000, Anomaly min=0.0017
2026-02-08 18:23:33.824 | INFO     | src.models.evaluation:evaluate_tsb_ad_nonoverlapping:83 - {'AUC-PR': 0.007604059702940189, 'AUC-ROC': 0.5802911208151382, 'VUS-PR': np.float64(0.00926617519969009), 'VUS-ROC': np.float64(0.6514728514409356), 'Standard-F1': np.float64(0.0437922001712275), 'PA-F1': 0.4316546762589928, 'Event-based-F1': np.float64(0.05263157894736837), 'R-based-F1': 0.04607046070460704, 'Affiliation-F': 0.9400683917657293}
2026-02-08 18:23:34.000 | INFO     | src.pipelines.train_vision_backbones:run_pipeline:170 - Train images: 1839
2026-02-08 18:23:34.000 | INFO     | src.pipelines.train_vision_backbones:run_pipeline:171 - Test images: 6899
2026-02-08 18:23:34.208 | INFO     | src.pipelines.train_vision_backbones:run_pipeline:176 - Training resnet18_autoencoder_progressive_unfreeze on SG
2026-02-08 18:23:34.221 | INFO     | src.models.resnet18_autoencoder.training:train_autoencoder_progressive_unfreeze:133 - Device: cuda | Model on: cuda:0
2026-02-08 18:24:05.828 | INFO     | src.pipelines.train_vision_backbones:run_pipeline:193 - Evaluating resnet18_autoencoder_progressive_unfreeze on SG
2026-02-08 18:24:12.540 | INFO     | src.models.evaluation:evaluate_tsb_ad_nonoverlapping:65 - Normal (68700) reconstruction error: mean=0.0188, std=0.0499
2026-02-08 18:24:12.541 | INFO     | src.models.evaluation:evaluate_tsb_ad_nonoverlapping:66 - Anomaly (300) reconstruction error: mean=0.0347, std=0.0747
2026-02-08 18:24:12.541 | INFO     | src.models.evaluation:evaluate_tsb_ad_nonoverlapping:67 - Overlap? Normal max=1.0000, Anomaly min=0.0018
2026-02-08 18:24:19.636 | INFO     | src.models.evaluation:evaluate_tsb_ad_nonoverlapping:83 - {'AUC-PR': 0.0068575318309776565, 'AUC-ROC': 0.503178068898593, 'VUS-PR': np.float64(0.007827697438084863), 'VUS-ROC': np.float64(0.5840823620857266), 'Standard-F1': np.float64(0.040401469401442125), 'PA-F1': 0.5607476635514018, 'Event-based-F1': np.float64(0.045977011494252824), 'R-based-F1': 0.058479532163742694, 'Affiliation-F': 0.7004966527204499}
2026-02-08 18:24:19.804 | INFO     | src.pipelines.train_vision_backbones:run_pipeline:170 - Train images: 1839
2026-02-08 18:24:19.804 | INFO     | src.pipelines.train_vision_backbones:run_pipeline:171 - Test images: 6899
2026-02-08 18:24:20.015 | INFO     | src.pipelines.train_vision_backbones:run_pipeline:176 - Training resnet18_autoencoder_differential_lr on SG
2026-02-08 18:24:20.028 | INFO     | src.models.resnet18_autoencoder.training:train_autoencoder_differential_lr:271 - Device: cuda | Model on: cuda:0
2026-02-08 18:24:58.592 | INFO     | src.pipelines.train_vision_backbones:run_pipeline:193 - Evaluating resnet18_autoencoder_differential_lr on SG
2026-02-08 18:25:03.873 | INFO     | src.models.evaluation:evaluate_tsb_ad_nonoverlapping:65 - Normal (68700) reconstruction error: mean=0.0254, std=0.0564
2026-02-08 18:25:03.873 | INFO     | src.models.evaluation:evaluate_tsb_ad_nonoverlapping:66 - Anomaly (300) reconstruction error: mean=0.0905, std=0.2273
2026-02-08 18:25:03.873 | INFO     | src.models.evaluation:evaluate_tsb_ad_nonoverlapping:67 - Overlap? Normal max=0.9415, Anomaly min=0.0029
2026-02-08 18:25:11.275 | INFO     | src.models.evaluation:evaluate_tsb_ad_nonoverlapping:83 - {'AUC-PR': 0.06922018248042182, 'AUC-ROC': 0.535832120329937, 'VUS-PR': np.float64(0.04704962582181362), 'VUS-ROC': np.float64(0.6305038886266019), 'Standard-F1': np.float64(0.16215909428740538), 'PA-F1': 1.0, 'Event-based-F1': np.float64(0.9999999999999996), 'R-based-F1': 0.3695652173913044, 'Affiliation-F': 0.9982263282575181}
2026-02-08 18:25:11.447 | INFO     | src.pipelines.train_vision_backbones:run_pipeline:170 - Train images: 1839
2026-02-08 18:25:11.447 | INFO     | src.pipelines.train_vision_backbones:run_pipeline:171 - Test images: 6899
2026-02-08 18:25:12.431 | INFO     | src.pipelines.train_vision_backbones:run_pipeline:176 - Training pvt_autoencoder_frozen on SG
2026-02-08 18:25:12.457 | INFO     | src.models.pvt_autoencoder.training:train_pvt_autoencoder_frozen:24 - Device: cuda | Model on: cuda:0
2026-02-08 18:25:58.043 | INFO     | src.pipelines.train_vision_backbones:run_pipeline:193 - Evaluating pvt_autoencoder_frozen on SG
2026-02-08 18:26:02.446 | INFO     | src.models.evaluation:evaluate_tsb_ad_nonoverlapping:65 - Normal (68700) reconstruction error: mean=0.0290, std=0.0451
2026-02-08 18:26:02.446 | INFO     | src.models.evaluation:evaluate_tsb_ad_nonoverlapping:66 - Anomaly (300) reconstruction error: mean=0.0765, std=0.1421
2026-02-08 18:26:02.446 | INFO     | src.models.evaluation:evaluate_tsb_ad_nonoverlapping:67 - Overlap? Normal max=1.0000, Anomaly min=0.0024
2026-02-08 18:26:10.128 | INFO     | src.models.evaluation:evaluate_tsb_ad_nonoverlapping:83 - {'AUC-PR': 0.030332241058423696, 'AUC-ROC': 0.5723386705482775, 'VUS-PR': np.float64(0.015418875172335388), 'VUS-ROC': np.float64(0.6466555790611519), 'Standard-F1': np.float64(0.1052598338999821), 'PA-F1': 0.967741935483871, 'Event-based-F1': np.float64(0.4999999999999996), 'R-based-F1': 0.2698412698412698, 'Affiliation-F': 0.843058331813114}
2026-02-08 18:26:10.298 | INFO     | src.pipelines.train_vision_backbones:run_pipeline:170 - Train images: 1839
2026-02-08 18:26:10.299 | INFO     | src.pipelines.train_vision_backbones:run_pipeline:171 - Test images: 6899
2026-02-08 18:26:12.178 | INFO     | src.pipelines.train_vision_backbones:run_pipeline:176 - Training pvt_autoencoder_progressive_unfreeze on SG
2026-02-08 18:26:12.202 | INFO     | src.models.pvt_autoencoder.training:train_pvt_autoencoder_progressive_unfreeze:132 - Device: cuda | Model on: cuda:0
2026-02-08 18:26:33.783 | INFO     | src.pipelines.train_vision_backbones:run_pipeline:193 - Evaluating pvt_autoencoder_progressive_unfreeze on SG
2026-02-08 18:26:38.229 | INFO     | src.models.evaluation:evaluate_tsb_ad_nonoverlapping:65 - Normal (68700) reconstruction error: mean=0.0512, std=0.0841
2026-02-08 18:26:38.229 | INFO     | src.models.evaluation:evaluate_tsb_ad_nonoverlapping:66 - Anomaly (300) reconstruction error: mean=0.0985, std=0.2305
2026-02-08 18:26:38.229 | INFO     | src.models.evaluation:evaluate_tsb_ad_nonoverlapping:67 - Overlap? Normal max=0.8606, Anomaly min=0.0063
2026-02-08 18:26:46.061 | INFO     | src.models.evaluation:evaluate_tsb_ad_nonoverlapping:83 - {'AUC-PR': 0.05456276035297238, 'AUC-ROC': 0.4252838427947599, 'VUS-PR': np.float64(0.04148401351870229), 'VUS-ROC': np.float64(0.5221288659233061), 'Standard-F1': np.float64(0.1176449827355988), 'PA-F1': 1.0, 'Event-based-F1': np.float64(0.9999999999999996), 'R-based-F1': 0.3695652173913044, 'Affiliation-F': 0.9981002625751723}
2026-02-08 18:26:46.231 | INFO     | src.pipelines.train_vision_backbones:run_pipeline:170 - Train images: 1839
2026-02-08 18:26:46.232 | INFO     | src.pipelines.train_vision_backbones:run_pipeline:171 - Test images: 6899
2026-02-08 18:26:47.289 | INFO     | src.pipelines.train_vision_backbones:run_pipeline:176 - Training pvt_autoencoder_differential_lr on SG
2026-02-08 18:26:47.314 | INFO     | src.models.pvt_autoencoder.training:train_pvt_autoencoder_differential_lr:267 - Device: cuda | Model on: cuda:0
2026-02-08 18:28:03.212 | INFO     | src.pipelines.train_vision_backbones:run_pipeline:193 - Evaluating pvt_autoencoder_differential_lr on SG
2026-02-08 18:28:07.606 | INFO     | src.models.evaluation:evaluate_tsb_ad_nonoverlapping:65 - Normal (68700) reconstruction error: mean=0.0519, std=0.0576
2026-02-08 18:28:07.606 | INFO     | src.models.evaluation:evaluate_tsb_ad_nonoverlapping:66 - Anomaly (300) reconstruction error: mean=0.1153, std=0.2055
2026-02-08 18:28:07.606 | INFO     | src.models.evaluation:evaluate_tsb_ad_nonoverlapping:67 - Overlap? Normal max=1.0000, Anomaly min=0.0114
2026-02-08 18:28:15.511 | INFO     | src.models.evaluation:evaluate_tsb_ad_nonoverlapping:83 - {'AUC-PR': 0.04769547239356288, 'AUC-ROC': 0.6337894226103833, 'VUS-PR': np.float64(0.014451633833995382), 'VUS-ROC': np.float64(0.7178117027321348), 'Standard-F1': np.float64(0.12121046834209837), 'PA-F1': 0.9836065573770492, 'Event-based-F1': np.float64(0.7999999999999995), 'R-based-F1': 0.3383084577114428, 'Affiliation-F': 0.8301558779354163}
2026-02-08 18:28:18.834 | INFO     | src.pipelines.train_vision_backbones:run_pipeline:70 - Using zip: /net/scratch/hscra/plgrid/plgsmendowski12/ts2i_images/UCR/432_UCR_id_130_Facility_tr_23000_1st_26970_ts2i_GASF.zip for transformation GASF
2026-02-08 18:28:30.313 | INFO     | src.pipelines.train_vision_backbones:run_pipeline:170 - Train images: 1839
2026-02-08 18:28:30.313 | INFO     | src.pipelines.train_vision_backbones:run_pipeline:171 - Test images: 6899
2026-02-08 18:28:30.320 | INFO     | src.pipelines.train_vision_backbones:run_pipeline:176 - Training cnn_autoencoder on GASF
2026-02-08 18:28:30.325 | INFO     | src.models.cnn_autoencoder.training:train_autoencoder:22 - Device: cuda | Model on: cuda:0
2026-02-08 18:29:47.041 | INFO     | src.pipelines.train_vision_backbones:run_pipeline:193 - Evaluating cnn_autoencoder on GASF
2026-02-08 18:29:53.423 | INFO     | src.models.evaluation:evaluate_tsb_ad_nonoverlapping:65 - Normal (68700) reconstruction error: mean=0.0846, std=0.0639
2026-02-08 18:29:53.424 | INFO     | src.models.evaluation:evaluate_tsb_ad_nonoverlapping:66 - Anomaly (300) reconstruction error: mean=0.0739, std=0.0468
2026-02-08 18:29:53.424 | INFO     | src.models.evaluation:evaluate_tsb_ad_nonoverlapping:67 - Overlap? Normal max=1.0000, Anomaly min=0.0172
2026-02-08 18:30:02.074 | INFO     | src.models.evaluation:evaluate_tsb_ad_nonoverlapping:83 - {'AUC-PR': 0.004106200251280109, 'AUC-ROC': 0.46476467734109655, 'VUS-PR': np.float64(0.00559082996313497), 'VUS-ROC': np.float64(0.5733304498560404), 'Standard-F1': np.float64(0.009796853152798789), 'PA-F1': 0.2510460251046025, 'Event-based-F1': np.float64(0.011049723756906066), 'R-based-F1': 0.01203277417573373, 'Affiliation-F': 0.6832120171680142}
2026-02-08 18:30:02.312 | INFO     | src.pipelines.train_vision_backbones:run_pipeline:170 - Train images: 1839
2026-02-08 18:30:02.312 | INFO     | src.pipelines.train_vision_backbones:run_pipeline:171 - Test images: 6899
2026-02-08 18:30:02.534 | INFO     | src.pipelines.train_vision_backbones:run_pipeline:176 - Training resnet18_autoencoder_frozen on GASF
2026-02-08 18:30:02.548 | INFO     | src.models.resnet18_autoencoder.training:train_autoencoder_frozen:25 - Device: cuda | Model on: cuda:0
2026-02-08 18:31:05.530 | INFO     | src.pipelines.train_vision_backbones:run_pipeline:193 - Evaluating resnet18_autoencoder_frozen on GASF
2026-02-08 18:31:12.622 | INFO     | src.models.evaluation:evaluate_tsb_ad_nonoverlapping:65 - Normal (68700) reconstruction error: mean=0.1063, std=0.1184
2026-02-08 18:31:12.622 | INFO     | src.models.evaluation:evaluate_tsb_ad_nonoverlapping:66 - Anomaly (300) reconstruction error: mean=0.1131, std=0.1032
2026-02-08 18:31:12.622 | INFO     | src.models.evaluation:evaluate_tsb_ad_nonoverlapping:67 - Overlap? Normal max=1.0000, Anomaly min=0.0168
2026-02-08 18:31:21.949 | INFO     | src.models.evaluation:evaluate_tsb_ad_nonoverlapping:83 - {'AUC-PR': 0.00517724615193597, 'AUC-ROC': 0.5600533721494421, 'VUS-PR': np.float64(0.0072669787962926615), 'VUS-ROC': np.float64(0.6536931884286937), 'Standard-F1': np.float64(0.012293928151825095), 'PA-F1': 0.25862068965517243, 'Event-based-F1': np.float64(0.012903225806451599), 'R-based-F1': 0.014043783560512184, 'Affiliation-F': 0.8657694011556518}
2026-02-08 18:31:22.120 | INFO     | src.pipelines.train_vision_backbones:run_pipeline:170 - Train images: 1839
2026-02-08 18:31:22.120 | INFO     | src.pipelines.train_vision_backbones:run_pipeline:171 - Test images: 6899
2026-02-08 18:31:22.343 | INFO     | src.pipelines.train_vision_backbones:run_pipeline:176 - Training resnet18_autoencoder_progressive_unfreeze on GASF
2026-02-08 18:31:22.358 | INFO     | src.models.resnet18_autoencoder.training:train_autoencoder_progressive_unfreeze:133 - Device: cuda | Model on: cuda:0
2026-02-08 18:33:05.239 | INFO     | src.pipelines.train_vision_backbones:run_pipeline:193 - Evaluating resnet18_autoencoder_progressive_unfreeze on GASF
2026-02-08 18:33:12.354 | INFO     | src.models.evaluation:evaluate_tsb_ad_nonoverlapping:65 - Normal (68700) reconstruction error: mean=0.0534, std=0.0746
2026-02-08 18:33:12.354 | INFO     | src.models.evaluation:evaluate_tsb_ad_nonoverlapping:66 - Anomaly (300) reconstruction error: mean=0.0667, std=0.0892
2026-02-08 18:33:12.354 | INFO     | src.models.evaluation:evaluate_tsb_ad_nonoverlapping:67 - Overlap? Normal max=1.0000, Anomaly min=0.0091
2026-02-08 18:33:20.355 | INFO     | src.models.evaluation:evaluate_tsb_ad_nonoverlapping:83 - {'AUC-PR': 0.005975346172132737, 'AUC-ROC': 0.544973313925279, 'VUS-PR': np.float64(0.008418514723515761), 'VUS-ROC': np.float64(0.6450661387452604), 'Standard-F1': np.float64(0.021501006784642687), 'PA-F1': 0.48, 'Event-based-F1': np.float64(0.029850746268656685), 'R-based-F1': 0.028813559322033902, 'Affiliation-F': 0.6952515038104624}
2026-02-08 18:33:20.538 | INFO     | src.pipelines.train_vision_backbones:run_pipeline:170 - Train images: 1839
2026-02-08 18:33:20.538 | INFO     | src.pipelines.train_vision_backbones:run_pipeline:171 - Test images: 6899
2026-02-08 18:33:20.760 | INFO     | src.pipelines.train_vision_backbones:run_pipeline:176 - Training resnet18_autoencoder_differential_lr on GASF
2026-02-08 18:33:20.776 | INFO     | src.models.resnet18_autoencoder.training:train_autoencoder_differential_lr:271 - Device: cuda | Model on: cuda:0
2026-02-08 18:34:29.207 | INFO     | src.pipelines.train_vision_backbones:run_pipeline:193 - Evaluating resnet18_autoencoder_differential_lr on GASF
2026-02-08 18:34:36.434 | INFO     | src.models.evaluation:evaluate_tsb_ad_nonoverlapping:65 - Normal (68700) reconstruction error: mean=0.0337, std=0.0504
2026-02-08 18:34:36.434 | INFO     | src.models.evaluation:evaluate_tsb_ad_nonoverlapping:66 - Anomaly (300) reconstruction error: mean=0.0348, std=0.0290
2026-02-08 18:34:36.434 | INFO     | src.models.evaluation:evaluate_tsb_ad_nonoverlapping:67 - Overlap? Normal max=1.0000, Anomaly min=0.0057
2026-02-08 18:34:43.976 | INFO     | src.models.evaluation:evaluate_tsb_ad_nonoverlapping:83 - {'AUC-PR': 0.005621600982328616, 'AUC-ROC': 0.5576176613294518, 'VUS-PR': np.float64(0.0078493560970611), 'VUS-ROC': np.float64(0.6542101805264392), 'Standard-F1': np.float64(0.015998872079518393), 'PA-F1': 0.17699115044247787, 'Event-based-F1': np.float64(0.01581027667984188), 'R-based-F1': 0.018794914317302375, 'Affiliation-F': 0.7152437067155967}
2026-02-08 18:34:44.148 | INFO     | src.pipelines.train_vision_backbones:run_pipeline:170 - Train images: 1839
2026-02-08 18:34:44.148 | INFO     | src.pipelines.train_vision_backbones:run_pipeline:171 - Test images: 6899
2026-02-08 18:34:45.129 | INFO     | src.pipelines.train_vision_backbones:run_pipeline:176 - Training pvt_autoencoder_frozen on GASF
2026-02-08 18:34:45.154 | INFO     | src.models.pvt_autoencoder.training:train_pvt_autoencoder_frozen:24 - Device: cuda | Model on: cuda:0
2026-02-08 18:36:12.091 | INFO     | src.pipelines.train_vision_backbones:run_pipeline:193 - Evaluating pvt_autoencoder_frozen on GASF
2026-02-08 18:36:19.806 | INFO     | src.models.evaluation:evaluate_tsb_ad_nonoverlapping:65 - Normal (68700) reconstruction error: mean=0.0555, std=0.0857
2026-02-08 18:36:19.806 | INFO     | src.models.evaluation:evaluate_tsb_ad_nonoverlapping:66 - Anomaly (300) reconstruction error: mean=0.0801, std=0.1012
2026-02-08 18:36:19.806 | INFO     | src.models.evaluation:evaluate_tsb_ad_nonoverlapping:67 - Overlap? Normal max=1.0000, Anomaly min=0.0036
2026-02-08 18:36:27.864 | INFO     | src.models.evaluation:evaluate_tsb_ad_nonoverlapping:83 - {'AUC-PR': 0.00678575540600278, 'AUC-ROC': 0.5668607472100922, 'VUS-PR': np.float64(0.009049282329773436), 'VUS-ROC': np.float64(0.6606889960054334), 'Standard-F1': np.float64(0.02247110295160395), 'PA-F1': 0.4166666666666667, 'Event-based-F1': np.float64(0.023255813953488347), 'R-based-F1': 0.02397743300423131, 'Affiliation-F': 0.6854412560293026}
2026-02-08 18:36:28.036 | INFO     | src.pipelines.train_vision_backbones:run_pipeline:170 - Train images: 1839
2026-02-08 18:36:28.036 | INFO     | src.pipelines.train_vision_backbones:run_pipeline:171 - Test images: 6899
Warning: You are sending unauthenticated requests to the HF Hub. Please set a HF_TOKEN to enable higher rate limits and faster downloads.
2026-02-08 18:36:29.129 | INFO     | src.pipelines.train_vision_backbones:run_pipeline:176 - Training pvt_autoencoder_progressive_unfreeze on GASF
2026-02-08 18:36:29.153 | INFO     | src.models.pvt_autoencoder.training:train_pvt_autoencoder_progressive_unfreeze:132 - Device: cuda | Model on: cuda:0
2026-02-08 18:38:27.528 | INFO     | src.pipelines.train_vision_backbones:run_pipeline:193 - Evaluating pvt_autoencoder_progressive_unfreeze on GASF
2026-02-08 18:38:35.185 | INFO     | src.models.evaluation:evaluate_tsb_ad_nonoverlapping:65 - Normal (68700) reconstruction error: mean=0.0263, std=0.0518
2026-02-08 18:38:35.185 | INFO     | src.models.evaluation:evaluate_tsb_ad_nonoverlapping:66 - Anomaly (300) reconstruction error: mean=0.0333, std=0.0464
2026-02-08 18:38:35.186 | INFO     | src.models.evaluation:evaluate_tsb_ad_nonoverlapping:67 - Overlap? Normal max=1.0000, Anomaly min=0.0011
2026-02-08 18:38:42.567 | INFO     | src.models.evaluation:evaluate_tsb_ad_nonoverlapping:83 - {'AUC-PR': 0.006116267587473117, 'AUC-ROC': 0.545026686074721, 'VUS-PR': np.float64(0.008481433187113334), 'VUS-ROC': np.float64(0.643214090771414), 'Standard-F1': np.float64(0.022854302393845338), 'PA-F1': 0.2843601895734597, 'Event-based-F1': np.float64(0.025806451612903198), 'R-based-F1': 0.026877470355731223, 'Affiliation-F': 0.7238004241522963}
2026-02-08 18:38:42.742 | INFO     | src.pipelines.train_vision_backbones:run_pipeline:170 - Train images: 1839
2026-02-08 18:38:42.742 | INFO     | src.pipelines.train_vision_backbones:run_pipeline:171 - Test images: 6899
2026-02-08 18:38:43.719 | INFO     | src.pipelines.train_vision_backbones:run_pipeline:176 - Training pvt_autoencoder_differential_lr on GASF
2026-02-08 18:38:43.744 | INFO     | src.models.pvt_autoencoder.training:train_pvt_autoencoder_differential_lr:267 - Device: cuda | Model on: cuda:0
2026-02-08 18:40:35.155 | INFO     | src.pipelines.train_vision_backbones:run_pipeline:193 - Evaluating pvt_autoencoder_differential_lr on GASF
2026-02-08 18:40:42.999 | INFO     | src.models.evaluation:evaluate_tsb_ad_nonoverlapping:65 - Normal (68700) reconstruction error: mean=0.0232, std=0.0465
2026-02-08 18:40:42.999 | INFO     | src.models.evaluation:evaluate_tsb_ad_nonoverlapping:66 - Anomaly (300) reconstruction error: mean=0.0232, std=0.0253
2026-02-08 18:40:42.999 | INFO     | src.models.evaluation:evaluate_tsb_ad_nonoverlapping:67 - Overlap? Normal max=1.0000, Anomaly min=0.0043
2026-02-08 18:40:50.305 | INFO     | src.models.evaluation:evaluate_tsb_ad_nonoverlapping:83 - {'AUC-PR': 0.005409836590121329, 'AUC-ROC': 0.5395390587093645, 'VUS-PR': np.float64(0.007803947469819766), 'VUS-ROC': np.float64(0.637311700319436), 'Standard-F1': np.float64(0.0163035658751693), 'PA-F1': 0.23904382470119523, 'Event-based-F1': np.float64(0.014610389610389594), 'R-based-F1': 0.01773913043478261, 'Affiliation-F': 0.6861897229125107}
2026-02-08 18:40:52.854 | INFO     | src.pipelines.train_vision_backbones:run_pipeline:70 - Using zip: /net/scratch/hscra/plgrid/plgsmendowski12/ts2i_images/UCR/432_UCR_id_130_Facility_tr_23000_1st_26970_ts2i_GADF.zip for transformation GADF
2026-02-08 18:41:05.107 | INFO     | src.pipelines.train_vision_backbones:run_pipeline:170 - Train images: 1839
2026-02-08 18:41:05.107 | INFO     | src.pipelines.train_vision_backbones:run_pipeline:171 - Test images: 6899
2026-02-08 18:41:05.114 | INFO     | src.pipelines.train_vision_backbones:run_pipeline:176 - Training cnn_autoencoder on GADF
2026-02-08 18:41:05.119 | INFO     | src.models.cnn_autoencoder.training:train_autoencoder:22 - Device: cuda | Model on: cuda:0
2026-02-08 18:42:18.087 | INFO     | src.pipelines.train_vision_backbones:run_pipeline:193 - Evaluating cnn_autoencoder on GADF
2026-02-08 18:42:24.548 | INFO     | src.models.evaluation:evaluate_tsb_ad_nonoverlapping:65 - Normal (68700) reconstruction error: mean=0.2381, std=0.1075
2026-02-08 18:42:24.549 | INFO     | src.models.evaluation:evaluate_tsb_ad_nonoverlapping:66 - Anomaly (300) reconstruction error: mean=0.2142, std=0.0746
2026-02-08 18:42:24.549 | INFO     | src.models.evaluation:evaluate_tsb_ad_nonoverlapping:67 - Overlap? Normal max=1.0000, Anomaly min=0.0804
2026-02-08 18:42:36.002 | INFO     | src.models.evaluation:evaluate_tsb_ad_nonoverlapping:83 - {'AUC-PR': 0.003922122519481694, 'AUC-ROC': 0.4612372634643377, 'VUS-PR': np.float64(0.005462325940362994), 'VUS-ROC': np.float64(0.5718104837258253), 'Standard-F1': np.float64(0.00941666299635046), 'PA-F1': 0.07425742574257425, 'Event-based-F1': np.float64(0.009018681554648906), 'R-based-F1': 0.01649822557718431, 'Affiliation-F': 0.6999174167775395}
2026-02-08 18:42:36.179 | INFO     | src.pipelines.train_vision_backbones:run_pipeline:170 - Train images: 1839
2026-02-08 18:42:36.179 | INFO     | src.pipelines.train_vision_backbones:run_pipeline:171 - Test images: 6899
2026-02-08 18:42:36.401 | INFO     | src.pipelines.train_vision_backbones:run_pipeline:176 - Training resnet18_autoencoder_frozen on GADF
2026-02-08 18:42:36.416 | INFO     | src.models.resnet18_autoencoder.training:train_autoencoder_frozen:25 - Device: cuda | Model on: cuda:0
2026-02-08 18:43:15.835 | INFO     | src.pipelines.train_vision_backbones:run_pipeline:193 - Evaluating resnet18_autoencoder_frozen on GADF
2026-02-08 18:43:22.717 | INFO     | src.models.evaluation:evaluate_tsb_ad_nonoverlapping:65 - Normal (68700) reconstruction error: mean=0.0769, std=0.1041
2026-02-08 18:43:22.717 | INFO     | src.models.evaluation:evaluate_tsb_ad_nonoverlapping:66 - Anomaly (300) reconstruction error: mean=0.0584, std=0.0570
2026-02-08 18:43:22.718 | INFO     | src.models.evaluation:evaluate_tsb_ad_nonoverlapping:67 - Overlap? Normal max=1.0000, Anomaly min=0.0098
2026-02-08 18:43:31.373 | INFO     | src.models.evaluation:evaluate_tsb_ad_nonoverlapping:83 - {'AUC-PR': 0.004092879042527361, 'AUC-ROC': 0.462935468219311, 'VUS-PR': np.float64(0.005284264366053965), 'VUS-ROC': np.float64(0.5504144216521732), 'Standard-F1': np.float64(0.00989062100697085), 'PA-F1': 0.13452914798206278, 'Event-based-F1': np.float64(0.009718172983479096), 'R-based-F1': 0.01346888880657078, 'Affiliation-F': 0.8166513610094924}
2026-02-08 18:43:31.541 | INFO     | src.pipelines.train_vision_backbones:run_pipeline:170 - Train images: 1839
2026-02-08 18:43:31.541 | INFO     | src.pipelines.train_vision_backbones:run_pipeline:171 - Test images: 6899
2026-02-08 18:43:31.763 | INFO     | src.pipelines.train_vision_backbones:run_pipeline:176 - Training resnet18_autoencoder_progressive_unfreeze on GADF
2026-02-08 18:43:31.779 | INFO     | src.models.resnet18_autoencoder.training:train_autoencoder_progressive_unfreeze:133 - Device: cuda | Model on: cuda:0
2026-02-08 18:45:34.242 | INFO     | src.pipelines.train_vision_backbones:run_pipeline:193 - Evaluating resnet18_autoencoder_progressive_unfreeze on GADF
2026-02-08 18:45:41.080 | INFO     | src.models.evaluation:evaluate_tsb_ad_nonoverlapping:65 - Normal (68700) reconstruction error: mean=0.0492, std=0.0742
2026-02-08 18:45:41.080 | INFO     | src.models.evaluation:evaluate_tsb_ad_nonoverlapping:66 - Anomaly (300) reconstruction error: mean=0.0530, std=0.0635
2026-02-08 18:45:41.080 | INFO     | src.models.evaluation:evaluate_tsb_ad_nonoverlapping:67 - Overlap? Normal max=1.0000, Anomaly min=0.0052
2026-02-08 18:45:49.059 | INFO     | src.models.evaluation:evaluate_tsb_ad_nonoverlapping:83 - {'AUC-PR': 0.0053177031607738534, 'AUC-ROC': 0.4951673944687045, 'VUS-PR': np.float64(0.0067130558604657055), 'VUS-ROC': np.float64(0.5775209846034935), 'Standard-F1': np.float64(0.018867148628620125), 'PA-F1': 0.2898550724637681, 'Event-based-F1': np.float64(0.018543046357615875), 'R-based-F1': 0.019721577726218097, 'Affiliation-F': 0.8264855056580248}
2026-02-08 18:45:49.323 | INFO     | src.pipelines.train_vision_backbones:run_pipeline:170 - Train images: 1839
2026-02-08 18:45:49.323 | INFO     | src.pipelines.train_vision_backbones:run_pipeline:171 - Test images: 6899
2026-02-08 18:45:49.544 | INFO     | src.pipelines.train_vision_backbones:run_pipeline:176 - Training resnet18_autoencoder_differential_lr on GADF
2026-02-08 18:45:49.561 | INFO     | src.models.resnet18_autoencoder.training:train_autoencoder_differential_lr:271 - Device: cuda | Model on: cuda:0
2026-02-08 18:47:37.295 | INFO     | src.pipelines.train_vision_backbones:run_pipeline:193 - Evaluating resnet18_autoencoder_differential_lr on GADF
2026-02-08 18:47:44.634 | INFO     | src.models.evaluation:evaluate_tsb_ad_nonoverlapping:65 - Normal (68700) reconstruction error: mean=0.0441, std=0.0609
2026-02-08 18:47:44.634 | INFO     | src.models.evaluation:evaluate_tsb_ad_nonoverlapping:66 - Anomaly (300) reconstruction error: mean=0.0527, std=0.0652
2026-02-08 18:47:44.634 | INFO     | src.models.evaluation:evaluate_tsb_ad_nonoverlapping:67 - Overlap? Normal max=1.0000, Anomaly min=0.0042
2026-02-08 18:47:52.358 | INFO     | src.models.evaluation:evaluate_tsb_ad_nonoverlapping:83 - {'AUC-PR': 0.00590352582473428, 'AUC-ROC': 0.5349005337214944, 'VUS-PR': np.float64(0.007614807979838687), 'VUS-ROC': np.float64(0.6105535143222734), 'Standard-F1': np.float64(0.028773593897408474), 'PA-F1': 0.39473684210526316, 'Event-based-F1': np.float64(0.03539823008849553), 'R-based-F1': 0.03779877709838799, 'Affiliation-F': 0.844601447721079}
2026-02-08 18:47:52.528 | INFO     | src.pipelines.train_vision_backbones:run_pipeline:170 - Train images: 1839
2026-02-08 18:47:52.528 | INFO     | src.pipelines.train_vision_backbones:run_pipeline:171 - Test images: 6899
2026-02-08 18:47:53.515 | INFO     | src.pipelines.train_vision_backbones:run_pipeline:176 - Training pvt_autoencoder_frozen on GADF
2026-02-08 18:47:53.540 | INFO     | src.models.pvt_autoencoder.training:train_pvt_autoencoder_frozen:24 - Device: cuda | Model on: cuda:0
2026-02-08 18:49:08.762 | INFO     | src.pipelines.train_vision_backbones:run_pipeline:193 - Evaluating pvt_autoencoder_frozen on GADF
2026-02-08 18:49:16.671 | INFO     | src.models.evaluation:evaluate_tsb_ad_nonoverlapping:65 - Normal (68700) reconstruction error: mean=0.0353, std=0.0635
2026-02-08 18:49:16.672 | INFO     | src.models.evaluation:evaluate_tsb_ad_nonoverlapping:66 - Anomaly (300) reconstruction error: mean=0.0409, std=0.0766
2026-02-08 18:49:16.672 | INFO     | src.models.evaluation:evaluate_tsb_ad_nonoverlapping:67 - Overlap? Normal max=1.0000, Anomaly min=0.0017
2026-02-08 18:49:24.251 | INFO     | src.models.evaluation:evaluate_tsb_ad_nonoverlapping:83 - {'AUC-PR': 0.005389375468622835, 'AUC-ROC': 0.4795681707908782, 'VUS-PR': np.float64(0.006523882292967829), 'VUS-ROC': np.float64(0.5651217630313533), 'Standard-F1': np.float64(0.02777291751721226), 'PA-F1': 0.5714285714285714, 'Event-based-F1': np.float64(0.04255319148936165), 'R-based-F1': 0.04047619047619048, 'Affiliation-F': 0.724674560883651}
2026-02-08 18:49:24.423 | INFO     | src.pipelines.train_vision_backbones:run_pipeline:170 - Train images: 1839
2026-02-08 18:49:24.424 | INFO     | src.pipelines.train_vision_backbones:run_pipeline:171 - Test images: 6899
2026-02-08 18:49:25.398 | INFO     | src.pipelines.train_vision_backbones:run_pipeline:176 - Training pvt_autoencoder_progressive_unfreeze on GADF
2026-02-08 18:49:25.423 | INFO     | src.models.pvt_autoencoder.training:train_pvt_autoencoder_progressive_unfreeze:132 - Device: cuda | Model on: cuda:0
2026-02-08 18:51:46.188 | INFO     | src.pipelines.train_vision_backbones:run_pipeline:193 - Evaluating pvt_autoencoder_progressive_unfreeze on GADF
2026-02-08 18:51:53.893 | INFO     | src.models.evaluation:evaluate_tsb_ad_nonoverlapping:65 - Normal (68700) reconstruction error: mean=0.0259, std=0.0470
2026-02-08 18:51:53.894 | INFO     | src.models.evaluation:evaluate_tsb_ad_nonoverlapping:66 - Anomaly (300) reconstruction error: mean=0.0244, std=0.0275
2026-02-08 18:51:53.894 | INFO     | src.models.evaluation:evaluate_tsb_ad_nonoverlapping:67 - Overlap? Normal max=1.0000, Anomaly min=0.0022
2026-02-08 18:52:01.293 | INFO     | src.models.evaluation:evaluate_tsb_ad_nonoverlapping:83 - {'AUC-PR': 0.0049053785721407525, 'AUC-ROC': 0.5019747695293547, 'VUS-PR': np.float64(0.006625455962663553), 'VUS-ROC': np.float64(0.5849593290257488), 'Standard-F1': np.float64(0.015304709105944806), 'PA-F1': 0.2158273381294964, 'Event-based-F1': np.float64(0.013513513513513499), 'R-based-F1': 0.014862779393590956, 'Affiliation-F': 0.6842981664456844}
2026-02-08 18:52:01.488 | INFO     | src.pipelines.train_vision_backbones:run_pipeline:170 - Train images: 1839
2026-02-08 18:52:01.488 | INFO     | src.pipelines.train_vision_backbones:run_pipeline:171 - Test images: 6899
2026-02-08 18:52:03.211 | INFO     | src.pipelines.train_vision_backbones:run_pipeline:176 - Training pvt_autoencoder_differential_lr on GADF
2026-02-08 18:52:03.236 | INFO     | src.models.pvt_autoencoder.training:train_pvt_autoencoder_differential_lr:267 - Device: cuda | Model on: cuda:0
2026-02-08 18:55:30.085 | INFO     | src.pipelines.train_vision_backbones:run_pipeline:193 - Evaluating pvt_autoencoder_differential_lr on GADF
2026-02-08 18:55:37.791 | INFO     | src.models.evaluation:evaluate_tsb_ad_nonoverlapping:65 - Normal (68700) reconstruction error: mean=0.0264, std=0.0390
2026-02-08 18:55:37.791 | INFO     | src.models.evaluation:evaluate_tsb_ad_nonoverlapping:66 - Anomaly (300) reconstruction error: mean=0.0243, std=0.0204
2026-02-08 18:55:37.791 | INFO     | src.models.evaluation:evaluate_tsb_ad_nonoverlapping:67 - Overlap? Normal max=1.0000, Anomaly min=0.0041
2026-02-08 18:55:45.147 | INFO     | src.models.evaluation:evaluate_tsb_ad_nonoverlapping:83 - {'AUC-PR': 0.004840571429268677, 'AUC-ROC': 0.5117903930131005, 'VUS-PR': np.float64(0.006332114288009466), 'VUS-ROC': np.float64(0.6004973722154988), 'Standard-F1': np.float64(0.013819760901496284), 'PA-F1': 0.12448132780082988, 'Event-based-F1': np.float64(0.012378426171529604), 'R-based-F1': 0.016224691526348083, 'Affiliation-F': 0.6825483372571325}
2026-02-08 18:55:48.371 | INFO     | src.pipelines.train_vision_backbones:run_pipeline:70 - Using zip: /net/scratch/hscra/plgrid/plgsmendowski12/ts2i_images/UCR/432_UCR_id_130_Facility_tr_23000_1st_26970_ts2i_MTF.zip for transformation MTF
2026-02-08 18:55:59.260 | INFO     | src.pipelines.train_vision_backbones:run_pipeline:170 - Train images: 1839
2026-02-08 18:55:59.260 | INFO     | src.pipelines.train_vision_backbones:run_pipeline:171 - Test images: 6899
2026-02-08 18:55:59.266 | INFO     | src.pipelines.train_vision_backbones:run_pipeline:176 - Training cnn_autoencoder on MTF
2026-02-08 18:55:59.271 | INFO     | src.models.cnn_autoencoder.training:train_autoencoder:22 - Device: cuda | Model on: cuda:0
2026-02-08 18:59:10.256 | INFO     | src.pipelines.train_vision_backbones:run_pipeline:193 - Evaluating cnn_autoencoder on MTF
2026-02-08 18:59:16.551 | INFO     | src.models.evaluation:evaluate_tsb_ad_nonoverlapping:65 - Normal (68700) reconstruction error: mean=0.0590, std=0.0992
2026-02-08 18:59:16.551 | INFO     | src.models.evaluation:evaluate_tsb_ad_nonoverlapping:66 - Anomaly (300) reconstruction error: mean=0.0401, std=0.0682
2026-02-08 18:59:16.551 | INFO     | src.models.evaluation:evaluate_tsb_ad_nonoverlapping:67 - Overlap? Normal max=1.0000, Anomaly min=0.0000
2026-02-08 18:59:24.621 | INFO     | src.models.evaluation:evaluate_tsb_ad_nonoverlapping:83 - {'AUC-PR': 0.00409357218809058, 'AUC-ROC': 0.4655749636098982, 'VUS-PR': np.float64(0.005215819971068277), 'VUS-ROC': np.float64(0.5476143788673327), 'Standard-F1': np.float64(0.01215639752453199), 'PA-F1': 0.10434782608695652, 'Event-based-F1': np.float64(0.008612619359670465), 'R-based-F1': 0.011752590308516105, 'Affiliation-F': 0.7635821215080593}
2026-02-08 18:59:24.811 | INFO     | src.pipelines.train_vision_backbones:run_pipeline:170 - Train images: 1839
2026-02-08 18:59:24.811 | INFO     | src.pipelines.train_vision_backbones:run_pipeline:171 - Test images: 6899
2026-02-08 18:59:25.034 | INFO     | src.pipelines.train_vision_backbones:run_pipeline:176 - Training resnet18_autoencoder_frozen on MTF
2026-02-08 18:59:25.048 | INFO     | src.models.resnet18_autoencoder.training:train_autoencoder_frozen:25 - Device: cuda | Model on: cuda:0
2026-02-08 19:00:21.374 | INFO     | src.pipelines.train_vision_backbones:run_pipeline:193 - Evaluating resnet18_autoencoder_frozen on MTF
2026-02-08 19:00:28.235 | INFO     | src.models.evaluation:evaluate_tsb_ad_nonoverlapping:65 - Normal (68700) reconstruction error: mean=0.0531, std=0.1333
2026-02-08 19:00:28.235 | INFO     | src.models.evaluation:evaluate_tsb_ad_nonoverlapping:66 - Anomaly (300) reconstruction error: mean=0.0407, std=0.1228
2026-02-08 19:00:28.235 | INFO     | src.models.evaluation:evaluate_tsb_ad_nonoverlapping:67 - Overlap? Normal max=1.0000, Anomaly min=0.0000
2026-02-08 19:00:36.723 | INFO     | src.models.evaluation:evaluate_tsb_ad_nonoverlapping:83 - {'AUC-PR': 0.004394062462217395, 'AUC-ROC': 0.4735346918971373, 'VUS-PR': np.float64(0.005660334636954739), 'VUS-ROC': np.float64(0.5590541211675251), 'Standard-F1': np.float64(0.014181048021991969), 'PA-F1': 0.3389830508474576, 'Event-based-F1': np.float64(0.016806722689075612), 'R-based-F1': 0.020354614515122698, 'Affiliation-F': 0.7125724619258474}
2026-02-08 19:00:36.897 | INFO     | src.pipelines.train_vision_backbones:run_pipeline:170 - Train images: 1839
2026-02-08 19:00:36.897 | INFO     | src.pipelines.train_vision_backbones:run_pipeline:171 - Test images: 6899
2026-02-08 19:00:37.121 | INFO     | src.pipelines.train_vision_backbones:run_pipeline:176 - Training resnet18_autoencoder_progressive_unfreeze on MTF
2026-02-08 19:00:37.136 | INFO     | src.models.resnet18_autoencoder.training:train_autoencoder_progressive_unfreeze:133 - Device: cuda | Model on: cuda:0
2026-02-08 19:01:34.889 | INFO     | src.pipelines.train_vision_backbones:run_pipeline:193 - Evaluating resnet18_autoencoder_progressive_unfreeze on MTF
2026-02-08 19:01:42.306 | INFO     | src.models.evaluation:evaluate_tsb_ad_nonoverlapping:65 - Normal (68700) reconstruction error: mean=0.0447, std=0.1215
2026-02-08 19:01:42.306 | INFO     | src.models.evaluation:evaluate_tsb_ad_nonoverlapping:66 - Anomaly (300) reconstruction error: mean=0.0275, std=0.0950
2026-02-08 19:01:42.306 | INFO     | src.models.evaluation:evaluate_tsb_ad_nonoverlapping:67 - Overlap? Normal max=1.0000, Anomaly min=0.0000
2026-02-08 19:01:50.595 | INFO     | src.models.evaluation:evaluate_tsb_ad_nonoverlapping:83 - {'AUC-PR': 0.004022582336157431, 'AUC-ROC': 0.43821688500727807, 'VUS-PR': np.float64(0.00532792002205624), 'VUS-ROC': np.float64(0.5317536465103903), 'Standard-F1': np.float64(0.009997450650084228), 'PA-F1': 0.25210084033613445, 'Event-based-F1': np.float64(0.0111111111111111), 'R-based-F1': 0.03859441375918886, 'Affiliation-F': 0.6855367155390645}
2026-02-08 19:01:50.768 | INFO     | src.pipelines.train_vision_backbones:run_pipeline:170 - Train images: 1839
2026-02-08 19:01:50.768 | INFO     | src.pipelines.train_vision_backbones:run_pipeline:171 - Test images: 6899
2026-02-08 19:01:50.979 | INFO     | src.pipelines.train_vision_backbones:run_pipeline:176 - Training resnet18_autoencoder_differential_lr on MTF
2026-02-08 19:01:50.993 | INFO     | src.models.resnet18_autoencoder.training:train_autoencoder_differential_lr:271 - Device: cuda | Model on: cuda:0
2026-02-08 19:02:47.471 | INFO     | src.pipelines.train_vision_backbones:run_pipeline:193 - Evaluating resnet18_autoencoder_differential_lr on MTF
2026-02-08 19:02:54.311 | INFO     | src.models.evaluation:evaluate_tsb_ad_nonoverlapping:65 - Normal (68700) reconstruction error: mean=0.0400, std=0.1126
2026-02-08 19:02:54.311 | INFO     | src.models.evaluation:evaluate_tsb_ad_nonoverlapping:66 - Anomaly (300) reconstruction error: mean=0.0173, std=0.0605
2026-02-08 19:02:54.312 | INFO     | src.models.evaluation:evaluate_tsb_ad_nonoverlapping:67 - Overlap? Normal max=1.0000, Anomaly min=0.0000
2026-02-08 19:03:02.340 | INFO     | src.models.evaluation:evaluate_tsb_ad_nonoverlapping:83 - {'AUC-PR': 0.0038954653982364376, 'AUC-ROC': 0.4478238719068414, 'VUS-PR': np.float64(0.005175275961554829), 'VUS-ROC': np.float64(0.5421691181011488), 'Standard-F1': np.float64(0.009135524098591587), 'PA-F1': 0.16, 'Event-based-F1': np.float64(0.008765522279035784), 'R-based-F1': 0.00683967008650171, 'Affiliation-F': 0.8926811535380124}
2026-02-08 19:03:02.514 | INFO     | src.pipelines.train_vision_backbones:run_pipeline:170 - Train images: 1839
2026-02-08 19:03:02.514 | INFO     | src.pipelines.train_vision_backbones:run_pipeline:171 - Test images: 6899
2026-02-08 19:03:03.508 | INFO     | src.pipelines.train_vision_backbones:run_pipeline:176 - Training pvt_autoencoder_frozen on MTF
2026-02-08 19:03:03.533 | INFO     | src.models.pvt_autoencoder.training:train_pvt_autoencoder_frozen:24 - Device: cuda | Model on: cuda:0
2026-02-08 19:04:04.778 | INFO     | src.pipelines.train_vision_backbones:run_pipeline:193 - Evaluating pvt_autoencoder_frozen on MTF
2026-02-08 19:04:12.612 | INFO     | src.models.evaluation:evaluate_tsb_ad_nonoverlapping:65 - Normal (68700) reconstruction error: mean=0.0441, std=0.1188
2026-02-08 19:04:12.612 | INFO     | src.models.evaluation:evaluate_tsb_ad_nonoverlapping:66 - Anomaly (300) reconstruction error: mean=0.0272, std=0.0899
2026-02-08 19:04:12.612 | INFO     | src.models.evaluation:evaluate_tsb_ad_nonoverlapping:67 - Overlap? Normal max=1.0000, Anomaly min=0.0000
2026-02-08 19:04:20.648 | INFO     | src.models.evaluation:evaluate_tsb_ad_nonoverlapping:83 - {'AUC-PR': 0.004069205727015029, 'AUC-ROC': 0.44900291120815145, 'VUS-PR': np.float64(0.00536190754108356), 'VUS-ROC': np.float64(0.5466859376576767), 'Standard-F1': np.float64(0.010808094181732699), 'PA-F1': 0.27522935779816515, 'Event-based-F1': np.float64(0.012499999999999987), 'R-based-F1': 0.01286903860711582, 'Affiliation-F': 0.7574170849993163}
2026-02-08 19:04:20.820 | INFO     | src.pipelines.train_vision_backbones:run_pipeline:170 - Train images: 1839
2026-02-08 19:04:20.820 | INFO     | src.pipelines.train_vision_backbones:run_pipeline:171 - Test images: 6899
2026-02-08 19:04:21.873 | INFO     | src.pipelines.train_vision_backbones:run_pipeline:176 - Training pvt_autoencoder_progressive_unfreeze on MTF
2026-02-08 19:04:21.898 | INFO     | src.models.pvt_autoencoder.training:train_pvt_autoencoder_progressive_unfreeze:132 - Device: cuda | Model on: cuda:0
2026-02-08 19:05:34.098 | INFO     | src.pipelines.train_vision_backbones:run_pipeline:193 - Evaluating pvt_autoencoder_progressive_unfreeze on MTF
2026-02-08 19:05:42.375 | INFO     | src.models.evaluation:evaluate_tsb_ad_nonoverlapping:65 - Normal (68700) reconstruction error: mean=0.0317, std=0.0902
2026-02-08 19:05:42.375 | INFO     | src.models.evaluation:evaluate_tsb_ad_nonoverlapping:66 - Anomaly (300) reconstruction error: mean=0.0159, std=0.0471
2026-02-08 19:05:42.375 | INFO     | src.models.evaluation:evaluate_tsb_ad_nonoverlapping:67 - Overlap? Normal max=1.0000, Anomaly min=0.0000
2026-02-08 19:05:50.022 | INFO     | src.models.evaluation:evaluate_tsb_ad_nonoverlapping:83 - {'AUC-PR': 0.003848535704716392, 'AUC-ROC': 0.4349611838913149, 'VUS-PR': np.float64(0.005032264461647321), 'VUS-ROC': np.float64(0.529687810779537), 'Standard-F1': np.float64(0.009794125330838208), 'PA-F1': 0.12631578947368421, 'Event-based-F1': np.float64(0.008818342151675476), 'R-based-F1': 0.007892293407613741, 'Affiliation-F': 0.7048226337324923}
2026-02-08 19:05:50.196 | INFO     | src.pipelines.train_vision_backbones:run_pipeline:170 - Train images: 1839
2026-02-08 19:05:50.196 | INFO     | src.pipelines.train_vision_backbones:run_pipeline:171 - Test images: 6899
2026-02-08 19:05:51.161 | INFO     | src.pipelines.train_vision_backbones:run_pipeline:176 - Training pvt_autoencoder_differential_lr on MTF
2026-02-08 19:05:51.186 | INFO     | src.models.pvt_autoencoder.training:train_pvt_autoencoder_differential_lr:267 - Device: cuda | Model on: cuda:0
2026-02-08 19:07:22.178 | INFO     | src.pipelines.train_vision_backbones:run_pipeline:193 - Evaluating pvt_autoencoder_differential_lr on MTF
2026-02-08 19:07:29.880 | INFO     | src.models.evaluation:evaluate_tsb_ad_nonoverlapping:65 - Normal (68700) reconstruction error: mean=0.0290, std=0.0816
2026-02-08 19:07:29.880 | INFO     | src.models.evaluation:evaluate_tsb_ad_nonoverlapping:66 - Anomaly (300) reconstruction error: mean=0.0072, std=0.0188
2026-02-08 19:07:29.880 | INFO     | src.models.evaluation:evaluate_tsb_ad_nonoverlapping:67 - Overlap? Normal max=1.0000, Anomaly min=0.0000
2026-02-08 19:07:37.452 | INFO     | src.models.evaluation:evaluate_tsb_ad_nonoverlapping:83 - {'AUC-PR': 0.003850092122279743, 'AUC-ROC': 0.45084182435710823, 'VUS-PR': np.float64(0.005121000215901057), 'VUS-ROC': np.float64(0.5386754733891533), 'Standard-F1': np.float64(0.009456988294038704), 'PA-F1': 0.0664451827242525, 'Event-based-F1': np.float64(0.008374241986716711), 'R-based-F1': 0.03859441375918886, 'Affiliation-F': 0.8926811535380124}
2026-02-08 19:07:40.002 | INFO     | src.pipelines.train_vision_backbones:run_pipeline:70 - Using zip: /net/scratch/hscra/plgrid/plgsmendowski12/ts2i_images/UCR/432_UCR_id_130_Facility_tr_23000_1st_26970_ts2i_RP.zip for transformation RP
2026-02-08 19:07:50.751 | INFO     | src.pipelines.train_vision_backbones:run_pipeline:170 - Train images: 1839
2026-02-08 19:07:50.752 | INFO     | src.pipelines.train_vision_backbones:run_pipeline:171 - Test images: 6899
2026-02-08 19:07:50.758 | INFO     | src.pipelines.train_vision_backbones:run_pipeline:176 - Training cnn_autoencoder on RP
2026-02-08 19:07:50.762 | INFO     | src.models.cnn_autoencoder.training:train_autoencoder:22 - Device: cuda | Model on: cuda:0
2026-02-08 19:09:23.042 | INFO     | src.pipelines.train_vision_backbones:run_pipeline:193 - Evaluating cnn_autoencoder on RP
2026-02-08 19:09:29.072 | INFO     | src.models.evaluation:evaluate_tsb_ad_nonoverlapping:65 - Normal (68700) reconstruction error: mean=0.6093, std=0.4879
2026-02-08 19:09:29.072 | INFO     | src.models.evaluation:evaluate_tsb_ad_nonoverlapping:66 - Anomaly (300) reconstruction error: mean=0.7333, std=0.4422
2026-02-08 19:09:29.073 | INFO     | src.models.evaluation:evaluate_tsb_ad_nonoverlapping:67 - Overlap? Normal max=1.0000, Anomaly min=0.0000
2026-02-08 19:09:49.140 | INFO     | src.models.evaluation:evaluate_tsb_ad_nonoverlapping:83 - {'AUC-PR': 0.0049933873367498756, 'AUC-ROC': 0.5620087336244541, 'VUS-PR': np.float64(0.00692810618720151), 'VUS-ROC': np.float64(0.6326303141497327), 'Standard-F1': np.float64(0.010382115208908149), 'PA-F1': 0.01413094677343382, 'Event-based-F1': np.float64(0.010401891252955072), 'R-based-F1': 0.00873464583938561, 'Affiliation-F': 0.6698839085226409}
2026-02-08 19:09:49.309 | INFO     | src.pipelines.train_vision_backbones:run_pipeline:170 - Train images: 1839
2026-02-08 19:09:49.309 | INFO     | src.pipelines.train_vision_backbones:run_pipeline:171 - Test images: 6899
2026-02-08 19:09:49.531 | INFO     | src.pipelines.train_vision_backbones:run_pipeline:176 - Training resnet18_autoencoder_frozen on RP
2026-02-08 19:09:49.549 | INFO     | src.models.resnet18_autoencoder.training:train_autoencoder_frozen:25 - Device: cuda | Model on: cuda:0
2026-02-08 19:10:38.934 | INFO     | src.pipelines.train_vision_backbones:run_pipeline:193 - Evaluating resnet18_autoencoder_frozen on RP
2026-02-08 19:10:45.679 | INFO     | src.models.evaluation:evaluate_tsb_ad_nonoverlapping:65 - Normal (68700) reconstruction error: mean=0.6128, std=0.4829
2026-02-08 19:10:45.679 | INFO     | src.models.evaluation:evaluate_tsb_ad_nonoverlapping:66 - Anomaly (300) reconstruction error: mean=0.5911, std=0.3564
2026-02-08 19:10:45.679 | INFO     | src.models.evaluation:evaluate_tsb_ad_nonoverlapping:67 - Overlap? Normal max=1.0000, Anomaly min=0.0000
2026-02-08 19:11:05.764 | INFO     | src.models.evaluation:evaluate_tsb_ad_nonoverlapping:83 - {'AUC-PR': 0.0049933873367498756, 'AUC-ROC': 0.2873362445414847, 'VUS-PR': np.float64(0.005729469072335224), 'VUS-ROC': np.float64(0.41789322879667895), 'Standard-F1': np.float64(0.010382115208908149), 'PA-F1': 0.01413094677343382, 'Event-based-F1': np.float64(0.010401891252955072), 'R-based-F1': 0.3435017454888, 'Affiliation-F': 0.6698839085226409}
2026-02-08 19:11:05.935 | INFO     | src.pipelines.train_vision_backbones:run_pipeline:170 - Train images: 1839
2026-02-08 19:11:05.935 | INFO     | src.pipelines.train_vision_backbones:run_pipeline:171 - Test images: 6899
2026-02-08 19:11:06.144 | INFO     | src.pipelines.train_vision_backbones:run_pipeline:176 - Training resnet18_autoencoder_progressive_unfreeze on RP
2026-02-08 19:11:06.158 | INFO     | src.models.resnet18_autoencoder.training:train_autoencoder_progressive_unfreeze:133 - Device: cuda | Model on: cuda:0
2026-02-08 19:11:49.764 | INFO     | src.pipelines.train_vision_backbones:run_pipeline:193 - Evaluating resnet18_autoencoder_progressive_unfreeze on RP
2026-02-08 19:11:56.257 | INFO     | src.models.evaluation:evaluate_tsb_ad_nonoverlapping:65 - Normal (68700) reconstruction error: mean=0.6093, std=0.4879
2026-02-08 19:11:56.258 | INFO     | src.models.evaluation:evaluate_tsb_ad_nonoverlapping:66 - Anomaly (300) reconstruction error: mean=0.7329, std=0.4420
2026-02-08 19:11:56.258 | INFO     | src.models.evaluation:evaluate_tsb_ad_nonoverlapping:67 - Overlap? Normal max=1.0000, Anomaly min=0.0000
2026-02-08 19:12:16.305 | INFO     | src.models.evaluation:evaluate_tsb_ad_nonoverlapping:83 - {'AUC-PR': 0.0049933873367498756, 'AUC-ROC': 0.2873362445414847, 'VUS-PR': np.float64(0.005729469072335224), 'VUS-ROC': np.float64(0.41789322879667895), 'Standard-F1': np.float64(0.010382115208908149), 'PA-F1': 0.01413094677343382, 'Event-based-F1': np.float64(0.010401891252955072), 'R-based-F1': 0.3435017454888, 'Affiliation-F': 0.6698839085226409}
2026-02-08 19:12:16.652 | INFO     | src.pipelines.train_vision_backbones:run_pipeline:170 - Train images: 1839
2026-02-08 19:12:16.652 | INFO     | src.pipelines.train_vision_backbones:run_pipeline:171 - Test images: 6899
2026-02-08 19:12:16.863 | INFO     | src.pipelines.train_vision_backbones:run_pipeline:176 - Training resnet18_autoencoder_differential_lr on RP
2026-02-08 19:12:16.877 | INFO     | src.models.resnet18_autoencoder.training:train_autoencoder_differential_lr:271 - Device: cuda | Model on: cuda:0
2026-02-08 19:13:12.755 | INFO     | src.pipelines.train_vision_backbones:run_pipeline:193 - Evaluating resnet18_autoencoder_differential_lr on RP
2026-02-08 19:13:19.779 | INFO     | src.models.evaluation:evaluate_tsb_ad_nonoverlapping:65 - Normal (68700) reconstruction error: mean=0.6083, std=0.4870
2026-02-08 19:13:19.779 | INFO     | src.models.evaluation:evaluate_tsb_ad_nonoverlapping:66 - Anomaly (300) reconstruction error: mean=0.7333, std=0.4422
2026-02-08 19:13:19.779 | INFO     | src.models.evaluation:evaluate_tsb_ad_nonoverlapping:67 - Overlap? Normal max=1.0000, Anomaly min=0.0000
2026-02-08 19:13:39.692 | INFO     | src.models.evaluation:evaluate_tsb_ad_nonoverlapping:83 - {'AUC-PR': 0.47566922421142366, 'AUC-ROC': 0.7328869480834546, 'VUS-PR': np.float64(0.4762136840529652), 'VUS-ROC': np.float64(0.8379022921382097), 'Standard-F1': np.float64(0.6874950195673298), 'PA-F1': 0.01413094677343382, 'Event-based-F1': np.float64(0.010401891252955072), 'R-based-F1': 0.3435017454888, 'Affiliation-F': 0.6698839085226409}
2026-02-08 19:13:39.864 | INFO     | src.pipelines.train_vision_backbones:run_pipeline:170 - Train images: 1839
2026-02-08 19:13:39.864 | INFO     | src.pipelines.train_vision_backbones:run_pipeline:171 - Test images: 6899
2026-02-08 19:13:40.856 | INFO     | src.pipelines.train_vision_backbones:run_pipeline:176 - Training pvt_autoencoder_frozen on RP
2026-02-08 19:13:40.882 | INFO     | src.models.pvt_autoencoder.training:train_pvt_autoencoder_frozen:24 - Device: cuda | Model on: cuda:0
2026-02-08 19:14:41.647 | INFO     | src.pipelines.train_vision_backbones:run_pipeline:193 - Evaluating pvt_autoencoder_frozen on RP
2026-02-08 19:14:49.248 | INFO     | src.models.evaluation:evaluate_tsb_ad_nonoverlapping:65 - Normal (68700) reconstruction error: mean=0.6093, std=0.4879
2026-02-08 19:14:49.248 | INFO     | src.models.evaluation:evaluate_tsb_ad_nonoverlapping:66 - Anomaly (300) reconstruction error: mean=0.7333, std=0.4422
2026-02-08 19:14:49.248 | INFO     | src.models.evaluation:evaluate_tsb_ad_nonoverlapping:67 - Overlap? Normal max=1.0000, Anomaly min=0.0000
2026-02-08 19:15:09.430 | INFO     | src.models.evaluation:evaluate_tsb_ad_nonoverlapping:83 - {'AUC-PR': 0.4764028469882984, 'AUC-ROC': 0.8366812227074236, 'VUS-PR': np.float64(0.47662909170718987), 'VUS-ROC': np.float64(0.8795712773378308), 'Standard-F1': np.float64(0.6874950195673298), 'PA-F1': 0.01413094677343382, 'Event-based-F1': np.float64(0.01409774436090224), 'R-based-F1': 0.00873464583938561, 'Affiliation-F': 0.6698839085226409}
2026-02-08 19:15:09.601 | INFO     | src.pipelines.train_vision_backbones:run_pipeline:170 - Train images: 1839
2026-02-08 19:15:09.602 | INFO     | src.pipelines.train_vision_backbones:run_pipeline:171 - Test images: 6899
2026-02-08 19:15:10.579 | INFO     | src.pipelines.train_vision_backbones:run_pipeline:176 - Training pvt_autoencoder_progressive_unfreeze on RP
2026-02-08 19:15:10.604 | INFO     | src.models.pvt_autoencoder.training:train_pvt_autoencoder_progressive_unfreeze:132 - Device: cuda | Model on: cuda:0
2026-02-08 19:16:02.872 | INFO     | src.pipelines.train_vision_backbones:run_pipeline:193 - Evaluating pvt_autoencoder_progressive_unfreeze on RP
2026-02-08 19:16:10.470 | INFO     | src.models.evaluation:evaluate_tsb_ad_nonoverlapping:65 - Normal (68700) reconstruction error: mean=0.6093, std=0.4879
2026-02-08 19:16:10.471 | INFO     | src.models.evaluation:evaluate_tsb_ad_nonoverlapping:66 - Anomaly (300) reconstruction error: mean=0.7332, std=0.4422
2026-02-08 19:16:10.471 | INFO     | src.models.evaluation:evaluate_tsb_ad_nonoverlapping:67 - Overlap? Normal max=1.0000, Anomaly min=0.0000
2026-02-08 19:16:30.508 | INFO     | src.models.evaluation:evaluate_tsb_ad_nonoverlapping:83 - {'AUC-PR': 0.005727010113624571, 'AUC-ROC': 0.39113051916545366, 'VUS-PR': np.float64(0.00614487672655972), 'VUS-ROC': np.float64(0.4595622139962997), 'Standard-F1': np.float64(0.014097604378580582), 'PA-F1': 0.01413094677343382, 'Event-based-F1': np.float64(0.01409774436090224), 'R-based-F1': 0.00873464583938561, 'Affiliation-F': 0.6698839085226409}
2026-02-08 19:16:30.685 | INFO     | src.pipelines.train_vision_backbones:run_pipeline:170 - Train images: 1839
2026-02-08 19:16:30.686 | INFO     | src.pipelines.train_vision_backbones:run_pipeline:171 - Test images: 6899
2026-02-08 19:16:31.686 | INFO     | src.pipelines.train_vision_backbones:run_pipeline:176 - Training pvt_autoencoder_differential_lr on RP
2026-02-08 19:16:31.711 | INFO     | src.models.pvt_autoencoder.training:train_pvt_autoencoder_differential_lr:267 - Device: cuda | Model on: cuda:0
2026-02-08 19:18:03.388 | INFO     | src.pipelines.train_vision_backbones:run_pipeline:193 - Evaluating pvt_autoencoder_differential_lr on RP
2026-02-08 19:18:10.980 | INFO     | src.models.evaluation:evaluate_tsb_ad_nonoverlapping:65 - Normal (68700) reconstruction error: mean=0.6093, std=0.4879
2026-02-08 19:18:10.980 | INFO     | src.models.evaluation:evaluate_tsb_ad_nonoverlapping:66 - Anomaly (300) reconstruction error: mean=0.7333, std=0.4422
2026-02-08 19:18:10.980 | INFO     | src.models.evaluation:evaluate_tsb_ad_nonoverlapping:67 - Overlap? Normal max=1.0000, Anomaly min=0.0000
2026-02-08 19:18:31.250 | INFO     | src.models.evaluation:evaluate_tsb_ad_nonoverlapping:83 - {'AUC-PR': 0.0049933873367498756, 'AUC-ROC': 0.2873362445414847, 'VUS-PR': np.float64(0.005729469072335224), 'VUS-ROC': np.float64(0.41789322879667895), 'Standard-F1': np.float64(0.010382115208908149), 'PA-F1': 0.01413094677343382, 'Event-based-F1': np.float64(0.010401891252955072), 'R-based-F1': 0.3435017454888, 'Affiliation-F': 0.6698839085226409}
2026-02-08 19:18:33.997 | INFO     | src.pipelines.train_vision_backbones:run_pipeline:70 - Using zip: /net/scratch/hscra/plgrid/plgsmendowski12/ts2i_images/UCR/432_UCR_id_130_Facility_tr_23000_1st_26970_ts2i_RWT.zip for transformation RWT
2026-02-08 19:18:45.073 | INFO     | src.pipelines.train_vision_backbones:run_pipeline:170 - Train images: 1839
2026-02-08 19:18:45.074 | INFO     | src.pipelines.train_vision_backbones:run_pipeline:171 - Test images: 6899
2026-02-08 19:18:45.083 | INFO     | src.pipelines.train_vision_backbones:run_pipeline:176 - Training cnn_autoencoder on RWT
2026-02-08 19:18:45.089 | INFO     | src.models.cnn_autoencoder.training:train_autoencoder:22 - Device: cuda | Model on: cuda:0
2026-02-08 19:19:42.114 | INFO     | src.pipelines.train_vision_backbones:run_pipeline:193 - Evaluating cnn_autoencoder on RWT
2026-02-08 19:19:48.706 | INFO     | src.models.evaluation:evaluate_tsb_ad_nonoverlapping:65 - Normal (68700) reconstruction error: mean=0.0412, std=0.0881
2026-02-08 19:19:48.706 | INFO     | src.models.evaluation:evaluate_tsb_ad_nonoverlapping:66 - Anomaly (300) reconstruction error: mean=0.0732, std=0.1588
2026-02-08 19:19:48.706 | INFO     | src.models.evaluation:evaluate_tsb_ad_nonoverlapping:67 - Overlap? Normal max=1.0000, Anomaly min=0.0030
2026-02-08 19:19:56.565 | INFO     | src.models.evaluation:evaluate_tsb_ad_nonoverlapping:83 - {'AUC-PR': 0.012127663893671122, 'AUC-ROC': 0.4861038330907327, 'VUS-PR': np.float64(0.008114622512618911), 'VUS-ROC': np.float64(0.593487862206198), 'Standard-F1': np.float64(0.05714040826821708), 'PA-F1': 0.9375, 'Event-based-F1': np.float64(0.33333333333333304), 'R-based-F1': 0.2125, 'Affiliation-F': 0.7211575483706748}
2026-02-08 19:19:56.736 | INFO     | src.pipelines.train_vision_backbones:run_pipeline:170 - Train images: 1839
2026-02-08 19:19:56.737 | INFO     | src.pipelines.train_vision_backbones:run_pipeline:171 - Test images: 6899
2026-02-08 19:19:56.965 | INFO     | src.pipelines.train_vision_backbones:run_pipeline:176 - Training resnet18_autoencoder_frozen on RWT
2026-02-08 19:19:56.981 | INFO     | src.models.resnet18_autoencoder.training:train_autoencoder_frozen:25 - Device: cuda | Model on: cuda:0
2026-02-08 19:20:30.159 | INFO     | src.pipelines.train_vision_backbones:run_pipeline:193 - Evaluating resnet18_autoencoder_frozen on RWT
2026-02-08 19:20:37.166 | INFO     | src.models.evaluation:evaluate_tsb_ad_nonoverlapping:65 - Normal (68700) reconstruction error: mean=0.0057, std=0.0250
2026-02-08 19:20:37.166 | INFO     | src.models.evaluation:evaluate_tsb_ad_nonoverlapping:66 - Anomaly (300) reconstruction error: mean=0.0297, std=0.1032
2026-02-08 19:20:37.166 | INFO     | src.models.evaluation:evaluate_tsb_ad_nonoverlapping:67 - Overlap? Normal max=1.0000, Anomaly min=0.0005
2026-02-08 19:20:44.726 | INFO     | src.models.evaluation:evaluate_tsb_ad_nonoverlapping:83 - {'AUC-PR': 0.01740133377651925, 'AUC-ROC': 0.43091217855409997, 'VUS-PR': np.float64(0.012351369858537851), 'VUS-ROC': np.float64(0.5623682547178595), 'Standard-F1': np.float64(0.07842652855754988), 'PA-F1': 0.9523809523809523, 'Event-based-F1': np.float64(0.39999999999999963), 'R-based-F1': 0.23776223776223776, 'Affiliation-F': 0.7606113411214122}
2026-02-08 19:20:44.900 | INFO     | src.pipelines.train_vision_backbones:run_pipeline:170 - Train images: 1839
2026-02-08 19:20:44.900 | INFO     | src.pipelines.train_vision_backbones:run_pipeline:171 - Test images: 6899
2026-02-08 19:20:45.127 | INFO     | src.pipelines.train_vision_backbones:run_pipeline:176 - Training resnet18_autoencoder_progressive_unfreeze on RWT
2026-02-08 19:20:45.143 | INFO     | src.models.resnet18_autoencoder.training:train_autoencoder_progressive_unfreeze:133 - Device: cuda | Model on: cuda:0
2026-02-08 19:21:21.329 | INFO     | src.pipelines.train_vision_backbones:run_pipeline:193 - Evaluating resnet18_autoencoder_progressive_unfreeze on RWT
2026-02-08 19:21:28.526 | INFO     | src.models.evaluation:evaluate_tsb_ad_nonoverlapping:65 - Normal (68700) reconstruction error: mean=0.0050, std=0.0215
2026-02-08 19:21:28.526 | INFO     | src.models.evaluation:evaluate_tsb_ad_nonoverlapping:66 - Anomaly (300) reconstruction error: mean=0.0332, std=0.0962
2026-02-08 19:21:28.526 | INFO     | src.models.evaluation:evaluate_tsb_ad_nonoverlapping:67 - Overlap? Normal max=1.0000, Anomaly min=0.0004
2026-02-08 19:21:35.563 | INFO     | src.models.evaluation:evaluate_tsb_ad_nonoverlapping:83 - {'AUC-PR': 0.025526910116244958, 'AUC-ROC': 0.4776079573022804, 'VUS-PR': np.float64(0.015104676995221037), 'VUS-ROC': np.float64(0.592912616061767), 'Standard-F1': np.float64(0.11939803985730442), 'PA-F1': 0.9230769230769231, 'Event-based-F1': np.float64(0.4444444444444441), 'R-based-F1': 0.2527881040892193, 'Affiliation-F': 0.7706679325173548}
2026-02-08 19:21:35.735 | INFO     | src.pipelines.train_vision_backbones:run_pipeline:170 - Train images: 1839
2026-02-08 19:21:35.736 | INFO     | src.pipelines.train_vision_backbones:run_pipeline:171 - Test images: 6899
2026-02-08 19:21:35.961 | INFO     | src.pipelines.train_vision_backbones:run_pipeline:176 - Training resnet18_autoencoder_differential_lr on RWT
2026-02-08 19:21:35.977 | INFO     | src.models.resnet18_autoencoder.training:train_autoencoder_differential_lr:271 - Device: cuda | Model on: cuda:0
2026-02-08 19:22:14.770 | INFO     | src.pipelines.train_vision_backbones:run_pipeline:193 - Evaluating resnet18_autoencoder_differential_lr on RWT
2026-02-08 19:22:22.179 | INFO     | src.models.evaluation:evaluate_tsb_ad_nonoverlapping:65 - Normal (68700) reconstruction error: mean=0.0267, std=0.0584
2026-02-08 19:22:22.180 | INFO     | src.models.evaluation:evaluate_tsb_ad_nonoverlapping:66 - Anomaly (300) reconstruction error: mean=0.0563, std=0.1419
2026-02-08 19:22:22.180 | INFO     | src.models.evaluation:evaluate_tsb_ad_nonoverlapping:67 - Overlap? Normal max=1.0000, Anomaly min=0.0023
2026-02-08 19:22:29.786 | INFO     | src.models.evaluation:evaluate_tsb_ad_nonoverlapping:83 - {'AUC-PR': 0.022352526986717525, 'AUC-ROC': 0.4486365841824357, 'VUS-PR': np.float64(0.0077161522735854395), 'VUS-ROC': np.float64(0.5428107248775087), 'Standard-F1': np.float64(0.062498828146972246), 'PA-F1': 0.967741935483871, 'Event-based-F1': np.float64(0.4999999999999996), 'R-based-F1': 0.2698412698412698, 'Affiliation-F': 0.7184004965818209}
2026-02-08 19:22:29.960 | INFO     | src.pipelines.train_vision_backbones:run_pipeline:170 - Train images: 1839
2026-02-08 19:22:29.961 | INFO     | src.pipelines.train_vision_backbones:run_pipeline:171 - Test images: 6899
2026-02-08 19:22:30.954 | INFO     | src.pipelines.train_vision_backbones:run_pipeline:176 - Training pvt_autoencoder_frozen on RWT
2026-02-08 19:22:30.981 | INFO     | src.models.pvt_autoencoder.training:train_pvt_autoencoder_frozen:24 - Device: cuda | Model on: cuda:0
2026-02-08 19:23:05.145 | INFO     | src.pipelines.train_vision_backbones:run_pipeline:193 - Evaluating pvt_autoencoder_frozen on RWT
2026-02-08 19:23:11.813 | INFO     | src.models.evaluation:evaluate_tsb_ad_nonoverlapping:65 - Normal (68700) reconstruction error: mean=0.0174, std=0.0372
2026-02-08 19:23:11.813 | INFO     | src.models.evaluation:evaluate_tsb_ad_nonoverlapping:66 - Anomaly (300) reconstruction error: mean=0.0295, std=0.0547
2026-02-08 19:23:11.813 | INFO     | src.models.evaluation:evaluate_tsb_ad_nonoverlapping:67 - Overlap? Normal max=1.0000, Anomaly min=0.0036
2026-02-08 19:23:19.130 | INFO     | src.models.evaluation:evaluate_tsb_ad_nonoverlapping:83 - {'AUC-PR': 0.007434214993101785, 'AUC-ROC': 0.5573799126637555, 'VUS-PR': np.float64(0.00864190245366583), 'VUS-ROC': np.float64(0.654219094934064), 'Standard-F1': np.float64(0.04026524056132429), 'PA-F1': 0.594059405940594, 'Event-based-F1': np.float64(0.046511627906976695), 'R-based-F1': 0.04309252217997465, 'Affiliation-F': 0.7239441999529879}
2026-02-08 19:23:19.304 | INFO     | src.pipelines.train_vision_backbones:run_pipeline:170 - Train images: 1839
2026-02-08 19:23:19.304 | INFO     | src.pipelines.train_vision_backbones:run_pipeline:171 - Test images: 6899
2026-02-08 19:23:20.278 | INFO     | src.pipelines.train_vision_backbones:run_pipeline:176 - Training pvt_autoencoder_progressive_unfreeze on RWT
2026-02-08 19:23:20.304 | INFO     | src.models.pvt_autoencoder.training:train_pvt_autoencoder_progressive_unfreeze:132 - Device: cuda | Model on: cuda:0
2026-02-08 19:23:58.107 | INFO     | src.pipelines.train_vision_backbones:run_pipeline:193 - Evaluating pvt_autoencoder_progressive_unfreeze on RWT
2026-02-08 19:24:03.152 | INFO     | src.models.evaluation:evaluate_tsb_ad_nonoverlapping:65 - Normal (68700) reconstruction error: mean=0.0220, std=0.0353
2026-02-08 19:24:03.153 | INFO     | src.models.evaluation:evaluate_tsb_ad_nonoverlapping:66 - Anomaly (300) reconstruction error: mean=0.0447, std=0.0905
2026-02-08 19:24:03.153 | INFO     | src.models.evaluation:evaluate_tsb_ad_nonoverlapping:67 - Overlap? Normal max=1.0000, Anomaly min=0.0042
2026-02-08 19:24:10.619 | INFO     | src.models.evaluation:evaluate_tsb_ad_nonoverlapping:83 - {'AUC-PR': 0.024327707322975678, 'AUC-ROC': 0.6085298398835517, 'VUS-PR': np.float64(0.010052413921113617), 'VUS-ROC': np.float64(0.6879917007339574), 'Standard-F1': np.float64(0.062498828146972246), 'PA-F1': 0.967741935483871, 'Event-based-F1': np.float64(0.4999999999999996), 'R-based-F1': 0.2698412698412698, 'Affiliation-F': 0.7228538737619413}
2026-02-08 19:24:10.796 | INFO     | src.pipelines.train_vision_backbones:run_pipeline:170 - Train images: 1839
2026-02-08 19:24:10.796 | INFO     | src.pipelines.train_vision_backbones:run_pipeline:171 - Test images: 6899
2026-02-08 19:24:11.769 | INFO     | src.pipelines.train_vision_backbones:run_pipeline:176 - Training pvt_autoencoder_differential_lr on RWT
2026-02-08 19:24:11.795 | INFO     | src.models.pvt_autoencoder.training:train_pvt_autoencoder_differential_lr:267 - Device: cuda | Model on: cuda:0
2026-02-08 19:24:55.350 | INFO     | src.pipelines.train_vision_backbones:run_pipeline:193 - Evaluating pvt_autoencoder_differential_lr on RWT
2026-02-08 19:25:00.579 | INFO     | src.models.evaluation:evaluate_tsb_ad_nonoverlapping:65 - Normal (68700) reconstruction error: mean=0.0256, std=0.0755
2026-02-08 19:25:00.579 | INFO     | src.models.evaluation:evaluate_tsb_ad_nonoverlapping:66 - Anomaly (300) reconstruction error: mean=0.0394, std=0.0790
2026-02-08 19:25:00.579 | INFO     | src.models.evaluation:evaluate_tsb_ad_nonoverlapping:67 - Overlap? Normal max=1.0000, Anomaly min=0.0037
2026-02-08 19:25:08.284 | INFO     | src.models.evaluation:evaluate_tsb_ad_nonoverlapping:83 - {'AUC-PR': 0.006520347431754439, 'AUC-ROC': 0.6190247452692867, 'VUS-PR': np.float64(0.008032851541012525), 'VUS-ROC': np.float64(0.6834927675221834), 'Standard-F1': np.float64(0.022056861117503518), 'PA-F1': 0.22140221402214022, 'Event-based-F1': np.float64(0.024390243902438994), 'R-based-F1': 0.018032352161230444, 'Affiliation-F': 0.7591899002215204}
2026-02-08 19:25:11.429 | INFO     | src.pipelines.train_vision_backbones:run_pipeline:70 - Using zip: /net/scratch/hscra/plgrid/plgsmendowski12/ts2i_images/UCR/432_UCR_id_130_Facility_tr_23000_1st_26970_ts2i_MWT.zip for transformation MWT
2026-02-08 19:25:22.708 | INFO     | src.pipelines.train_vision_backbones:run_pipeline:170 - Train images: 1839
2026-02-08 19:25:22.709 | INFO     | src.pipelines.train_vision_backbones:run_pipeline:171 - Test images: 6899
2026-02-08 19:25:22.715 | INFO     | src.pipelines.train_vision_backbones:run_pipeline:176 - Training cnn_autoencoder on MWT
2026-02-08 19:25:22.720 | INFO     | src.models.cnn_autoencoder.training:train_autoencoder:22 - Device: cuda | Model on: cuda:0
2026-02-08 19:26:17.898 | INFO     | src.pipelines.train_vision_backbones:run_pipeline:193 - Evaluating cnn_autoencoder on MWT
2026-02-08 19:26:24.825 | INFO     | src.models.evaluation:evaluate_tsb_ad_nonoverlapping:65 - Normal (68700) reconstruction error: mean=0.0144, std=0.0324
2026-02-08 19:26:24.825 | INFO     | src.models.evaluation:evaluate_tsb_ad_nonoverlapping:66 - Anomaly (300) reconstruction error: mean=0.0631, std=0.1885
2026-02-08 19:26:24.825 | INFO     | src.models.evaluation:evaluate_tsb_ad_nonoverlapping:67 - Overlap? Normal max=0.4053, Anomaly min=0.0032
2026-02-08 19:26:32.120 | INFO     | src.models.evaluation:evaluate_tsb_ad_nonoverlapping:83 - {'AUC-PR': 0.06331869400678963, 'AUC-ROC': 0.5594614264919942, 'VUS-PR': np.float64(0.04878216001411211), 'VUS-ROC': np.float64(0.650210381377163), 'Standard-F1': np.float64(0.15789141281236188), 'PA-F1': 1.0, 'Event-based-F1': np.float64(0.9999999999999996), 'R-based-F1': 0.3695652173913044, 'Affiliation-F': 0.9981002625751723}
2026-02-08 19:26:32.288 | INFO     | src.pipelines.train_vision_backbones:run_pipeline:170 - Train images: 1839
2026-02-08 19:26:32.288 | INFO     | src.pipelines.train_vision_backbones:run_pipeline:171 - Test images: 6899
2026-02-08 19:26:32.512 | INFO     | src.pipelines.train_vision_backbones:run_pipeline:176 - Training resnet18_autoencoder_frozen on MWT
2026-02-08 19:26:32.530 | INFO     | src.models.resnet18_autoencoder.training:train_autoencoder_frozen:25 - Device: cuda | Model on: cuda:0
2026-02-08 19:27:14.685 | INFO     | src.pipelines.train_vision_backbones:run_pipeline:193 - Evaluating resnet18_autoencoder_frozen on MWT
2026-02-08 19:27:22.339 | INFO     | src.models.evaluation:evaluate_tsb_ad_nonoverlapping:65 - Normal (68700) reconstruction error: mean=0.0037, std=0.0169
2026-02-08 19:27:22.340 | INFO     | src.models.evaluation:evaluate_tsb_ad_nonoverlapping:66 - Anomaly (300) reconstruction error: mean=0.0162, std=0.0438
2026-02-08 19:27:22.340 | INFO     | src.models.evaluation:evaluate_tsb_ad_nonoverlapping:67 - Overlap? Normal max=1.0000, Anomaly min=0.0003
2026-02-08 19:27:29.329 | INFO     | src.models.evaluation:evaluate_tsb_ad_nonoverlapping:83 - {'AUC-PR': 0.02970991106262917, 'AUC-ROC': 0.5649878699660359, 'VUS-PR': np.float64(0.018311460739267132), 'VUS-ROC': np.float64(0.6632359490340193), 'Standard-F1': np.float64(0.1052581719813272), 'PA-F1': 0.967741935483871, 'Event-based-F1': np.float64(0.4999999999999996), 'R-based-F1': 0.2698412698412698, 'Affiliation-F': 0.7904466914217694}
2026-02-08 19:27:29.502 | INFO     | src.pipelines.train_vision_backbones:run_pipeline:170 - Train images: 1839
2026-02-08 19:27:29.502 | INFO     | src.pipelines.train_vision_backbones:run_pipeline:171 - Test images: 6899
2026-02-08 19:27:29.727 | INFO     | src.pipelines.train_vision_backbones:run_pipeline:176 - Training resnet18_autoencoder_progressive_unfreeze on MWT
2026-02-08 19:27:29.743 | INFO     | src.models.resnet18_autoencoder.training:train_autoencoder_progressive_unfreeze:133 - Device: cuda | Model on: cuda:0
2026-02-08 19:28:22.490 | INFO     | src.pipelines.train_vision_backbones:run_pipeline:193 - Evaluating resnet18_autoencoder_progressive_unfreeze on MWT
2026-02-08 19:28:30.603 | INFO     | src.models.evaluation:evaluate_tsb_ad_nonoverlapping:65 - Normal (68700) reconstruction error: mean=0.0171, std=0.0491
2026-02-08 19:28:30.604 | INFO     | src.models.evaluation:evaluate_tsb_ad_nonoverlapping:66 - Anomaly (300) reconstruction error: mean=0.0964, std=0.2403
2026-02-08 19:28:30.604 | INFO     | src.models.evaluation:evaluate_tsb_ad_nonoverlapping:67 - Overlap? Normal max=0.8161, Anomaly min=0.0015
2026-02-08 19:28:37.911 | INFO     | src.models.evaluation:evaluate_tsb_ad_nonoverlapping:83 - {'AUC-PR': 0.07993418274126476, 'AUC-ROC': 0.5588015526443474, 'VUS-PR': np.float64(0.05419373941787419), 'VUS-ROC': np.float64(0.6610782195028588), 'Standard-F1': np.float64(0.21052299174223568), 'PA-F1': 1.0, 'Event-based-F1': np.float64(0.9999999999999996), 'R-based-F1': 0.3695652173913044, 'Affiliation-F': 0.9981002625751723}
2026-02-08 19:28:38.086 | INFO     | src.pipelines.train_vision_backbones:run_pipeline:170 - Train images: 1839
2026-02-08 19:28:38.086 | INFO     | src.pipelines.train_vision_backbones:run_pipeline:171 - Test images: 6899
2026-02-08 19:28:38.310 | INFO     | src.pipelines.train_vision_backbones:run_pipeline:176 - Training resnet18_autoencoder_differential_lr on MWT
2026-02-08 19:28:38.325 | INFO     | src.models.resnet18_autoencoder.training:train_autoencoder_differential_lr:271 - Device: cuda | Model on: cuda:0
2026-02-08 19:29:21.971 | INFO     | src.pipelines.train_vision_backbones:run_pipeline:193 - Evaluating resnet18_autoencoder_differential_lr on MWT
2026-02-08 19:29:29.019 | INFO     | src.models.evaluation:evaluate_tsb_ad_nonoverlapping:65 - Normal (68700) reconstruction error: mean=0.0198, std=0.0587
2026-02-08 19:29:29.019 | INFO     | src.models.evaluation:evaluate_tsb_ad_nonoverlapping:66 - Anomaly (300) reconstruction error: mean=0.0861, std=0.2174
2026-02-08 19:29:29.019 | INFO     | src.models.evaluation:evaluate_tsb_ad_nonoverlapping:67 - Overlap? Normal max=1.0000, Anomaly min=0.0028
2026-02-08 19:29:36.556 | INFO     | src.models.evaluation:evaluate_tsb_ad_nonoverlapping:83 - {'AUC-PR': 0.035889887342577025, 'AUC-ROC': 0.6531052886948084, 'VUS-PR': np.float64(0.021734321916348626), 'VUS-ROC': np.float64(0.740732558451239), 'Standard-F1': np.float64(0.11537973393433354), 'PA-F1': 0.9836065573770492, 'Event-based-F1': np.float64(0.6666666666666662), 'R-based-F1': 0.3119266055045872, 'Affiliation-F': 0.7940559099068625}
2026-02-08 19:29:36.729 | INFO     | src.pipelines.train_vision_backbones:run_pipeline:170 - Train images: 1839
2026-02-08 19:29:36.730 | INFO     | src.pipelines.train_vision_backbones:run_pipeline:171 - Test images: 6899
2026-02-08 19:29:37.709 | INFO     | src.pipelines.train_vision_backbones:run_pipeline:176 - Training pvt_autoencoder_frozen on MWT
2026-02-08 19:29:37.734 | INFO     | src.models.pvt_autoencoder.training:train_pvt_autoencoder_frozen:24 - Device: cuda | Model on: cuda:0
2026-02-08 19:30:23.495 | INFO     | src.pipelines.train_vision_backbones:run_pipeline:193 - Evaluating pvt_autoencoder_frozen on MWT
2026-02-08 19:30:31.793 | INFO     | src.models.evaluation:evaluate_tsb_ad_nonoverlapping:65 - Normal (68700) reconstruction error: mean=0.0215, std=0.0528
2026-02-08 19:30:31.794 | INFO     | src.models.evaluation:evaluate_tsb_ad_nonoverlapping:66 - Anomaly (300) reconstruction error: mean=0.0939, std=0.2300
2026-02-08 19:30:31.794 | INFO     | src.models.evaluation:evaluate_tsb_ad_nonoverlapping:67 - Overlap? Normal max=0.9556, Anomaly min=0.0019
2026-02-08 19:30:39.143 | INFO     | src.models.evaluation:evaluate_tsb_ad_nonoverlapping:83 - {'AUC-PR': 0.06621294393454605, 'AUC-ROC': 0.5508709364386221, 'VUS-PR': np.float64(0.0502788829484116), 'VUS-ROC': np.float64(0.6522387708141772), 'Standard-F1': np.float64(0.1333288890370321), 'PA-F1': 1.0, 'Event-based-F1': np.float64(0.9999999999999996), 'R-based-F1': 0.3695652173913044, 'Affiliation-F': 0.9981002625751723}
2026-02-08 19:30:39.314 | INFO     | src.pipelines.train_vision_backbones:run_pipeline:170 - Train images: 1839
2026-02-08 19:30:39.314 | INFO     | src.pipelines.train_vision_backbones:run_pipeline:171 - Test images: 6899
2026-02-08 19:30:40.288 | INFO     | src.pipelines.train_vision_backbones:run_pipeline:176 - Training pvt_autoencoder_progressive_unfreeze on MWT
2026-02-08 19:30:40.314 | INFO     | src.models.pvt_autoencoder.training:train_pvt_autoencoder_progressive_unfreeze:132 - Device: cuda | Model on: cuda:0
2026-02-08 19:31:20.760 | INFO     | src.pipelines.train_vision_backbones:run_pipeline:193 - Evaluating pvt_autoencoder_progressive_unfreeze on MWT
2026-02-08 19:31:28.990 | INFO     | src.models.evaluation:evaluate_tsb_ad_nonoverlapping:65 - Normal (68700) reconstruction error: mean=0.0168, std=0.0445
2026-02-08 19:31:28.991 | INFO     | src.models.evaluation:evaluate_tsb_ad_nonoverlapping:66 - Anomaly (300) reconstruction error: mean=0.0953, std=0.2472
2026-02-08 19:31:28.991 | INFO     | src.models.evaluation:evaluate_tsb_ad_nonoverlapping:67 - Overlap? Normal max=0.6495, Anomaly min=0.0024
2026-02-08 19:31:36.458 | INFO     | src.models.evaluation:evaluate_tsb_ad_nonoverlapping:83 - {'AUC-PR': 0.0923176104410587, 'AUC-ROC': 0.5726831635128578, 'VUS-PR': np.float64(0.0554891013127682), 'VUS-ROC': np.float64(0.6686834984329417), 'Standard-F1': np.float64(0.19047210893099906), 'PA-F1': 1.0, 'Event-based-F1': np.float64(0.9999999999999996), 'R-based-F1': 0.3695652173913044, 'Affiliation-F': 0.9991780689455103}
2026-02-08 19:31:36.634 | INFO     | src.pipelines.train_vision_backbones:run_pipeline:170 - Train images: 1839
2026-02-08 19:31:36.635 | INFO     | src.pipelines.train_vision_backbones:run_pipeline:171 - Test images: 6899
2026-02-08 19:31:37.610 | INFO     | src.pipelines.train_vision_backbones:run_pipeline:176 - Training pvt_autoencoder_differential_lr on MWT
2026-02-08 19:31:37.636 | INFO     | src.models.pvt_autoencoder.training:train_pvt_autoencoder_differential_lr:267 - Device: cuda | Model on: cuda:0
2026-02-08 19:32:48.968 | INFO     | src.pipelines.train_vision_backbones:run_pipeline:193 - Evaluating pvt_autoencoder_differential_lr on MWT
2026-02-08 19:32:57.855 | INFO     | src.models.evaluation:evaluate_tsb_ad_nonoverlapping:65 - Normal (68700) reconstruction error: mean=0.0231, std=0.0716
2026-02-08 19:32:57.855 | INFO     | src.models.evaluation:evaluate_tsb_ad_nonoverlapping:66 - Anomaly (300) reconstruction error: mean=0.0627, std=0.1508
2026-02-08 19:32:57.855 | INFO     | src.models.evaluation:evaluate_tsb_ad_nonoverlapping:67 - Overlap? Normal max=1.0000, Anomaly min=0.0039
2026-02-08 19:33:05.548 | INFO     | src.models.evaluation:evaluate_tsb_ad_nonoverlapping:83 - {'AUC-PR': 0.010063720754352827, 'AUC-ROC': 0.5584036875303251, 'VUS-PR': np.float64(0.011756828059682832), 'VUS-ROC': np.float64(0.6535352063115549), 'Standard-F1': np.float64(0.06348843558145884), 'PA-F1': 0.7228915662650602, 'Event-based-F1': np.float64(0.0799999999999999), 'R-based-F1': 0.07039337474120082, 'Affiliation-F': 0.7182675940925328}
2026-02-08 19:33:08.317 | INFO     | src.pipelines.train_vision_backbones:run_pipeline:70 - Using zip: /net/scratch/hscra/plgrid/plgsmendowski12/ts2i_images/UCR/432_UCR_id_130_Facility_tr_23000_1st_26970_ts2i_SPIRAL.zip for transformation SPIRAL
2026-02-08 19:33:18.887 | INFO     | src.pipelines.train_vision_backbones:run_pipeline:170 - Train images: 1839
2026-02-08 19:33:18.888 | INFO     | src.pipelines.train_vision_backbones:run_pipeline:171 - Test images: 6899
2026-02-08 19:33:18.894 | INFO     | src.pipelines.train_vision_backbones:run_pipeline:176 - Training cnn_autoencoder on SPIRAL
2026-02-08 19:33:18.899 | INFO     | src.models.cnn_autoencoder.training:train_autoencoder:22 - Device: cuda | Model on: cuda:0
2026-02-08 19:34:20.432 | INFO     | src.pipelines.train_vision_backbones:run_pipeline:193 - Evaluating cnn_autoencoder on SPIRAL
2026-02-08 19:34:26.577 | INFO     | src.models.evaluation:evaluate_tsb_ad_nonoverlapping:65 - Normal (68700) reconstruction error: mean=0.0371, std=0.0927
2026-02-08 19:34:26.577 | INFO     | src.models.evaluation:evaluate_tsb_ad_nonoverlapping:66 - Anomaly (300) reconstruction error: mean=0.0654, std=0.1217
2026-02-08 19:34:26.577 | INFO     | src.models.evaluation:evaluate_tsb_ad_nonoverlapping:67 - Overlap? Normal max=1.0000, Anomaly min=0.0114
2026-02-08 19:34:34.339 | INFO     | src.models.evaluation:evaluate_tsb_ad_nonoverlapping:83 - {'AUC-PR': 0.007991384786111975, 'AUC-ROC': 0.6916448326055312, 'VUS-PR': np.float64(0.010233219752800303), 'VUS-ROC': np.float64(0.7447012765347366), 'Standard-F1': np.float64(0.024688340560845033), 'PA-F1': 0.3, 'Event-based-F1': np.float64(0.02777777777777775), 'R-based-F1': 0.019867549668874173, 'Affiliation-F': 0.728500145807484}
2026-02-08 19:34:34.508 | INFO     | src.pipelines.train_vision_backbones:run_pipeline:170 - Train images: 1839
2026-02-08 19:34:34.508 | INFO     | src.pipelines.train_vision_backbones:run_pipeline:171 - Test images: 6899
2026-02-08 19:34:34.728 | INFO     | src.pipelines.train_vision_backbones:run_pipeline:176 - Training resnet18_autoencoder_frozen on SPIRAL
2026-02-08 19:34:34.743 | INFO     | src.models.resnet18_autoencoder.training:train_autoencoder_frozen:25 - Device: cuda | Model on: cuda:0
2026-02-08 19:35:19.476 | INFO     | src.pipelines.train_vision_backbones:run_pipeline:193 - Evaluating resnet18_autoencoder_frozen on SPIRAL
2026-02-08 19:35:26.459 | INFO     | src.models.evaluation:evaluate_tsb_ad_nonoverlapping:65 - Normal (68700) reconstruction error: mean=0.0197, std=0.0439
2026-02-08 19:35:26.459 | INFO     | src.models.evaluation:evaluate_tsb_ad_nonoverlapping:66 - Anomaly (300) reconstruction error: mean=0.0338, std=0.0635
2026-02-08 19:35:26.460 | INFO     | src.models.evaluation:evaluate_tsb_ad_nonoverlapping:67 - Overlap? Normal max=1.0000, Anomaly min=0.0037
2026-02-08 19:35:33.821 | INFO     | src.models.evaluation:evaluate_tsb_ad_nonoverlapping:83 - {'AUC-PR': 0.00801065606587762, 'AUC-ROC': 0.5677874818049491, 'VUS-PR': np.float64(0.009269127260833605), 'VUS-ROC': np.float64(0.6374941372008411), 'Standard-F1': np.float64(0.05555154349963613), 'PA-F1': 0.5172413793103449, 'Event-based-F1': np.float64(0.06818181818181811), 'R-based-F1': 0.050746268656716415, 'Affiliation-F': 0.7153478927999768}
2026-02-08 19:35:33.994 | INFO     | src.pipelines.train_vision_backbones:run_pipeline:170 - Train images: 1839
2026-02-08 19:35:33.994 | INFO     | src.pipelines.train_vision_backbones:run_pipeline:171 - Test images: 6899
2026-02-08 19:35:34.219 | INFO     | src.pipelines.train_vision_backbones:run_pipeline:176 - Training resnet18_autoencoder_progressive_unfreeze on SPIRAL
2026-02-08 19:35:34.235 | INFO     | src.models.resnet18_autoencoder.training:train_autoencoder_progressive_unfreeze:133 - Device: cuda | Model on: cuda:0
2026-02-08 19:36:25.016 | INFO     | src.pipelines.train_vision_backbones:run_pipeline:193 - Evaluating resnet18_autoencoder_progressive_unfreeze on SPIRAL
2026-02-08 19:36:31.872 | INFO     | src.models.evaluation:evaluate_tsb_ad_nonoverlapping:65 - Normal (68700) reconstruction error: mean=0.0280, std=0.0692
2026-02-08 19:36:31.872 | INFO     | src.models.evaluation:evaluate_tsb_ad_nonoverlapping:66 - Anomaly (300) reconstruction error: mean=0.0912, std=0.2241
2026-02-08 19:36:31.873 | INFO     | src.models.evaluation:evaluate_tsb_ad_nonoverlapping:67 - Overlap? Normal max=0.6385, Anomaly min=0.0064
2026-02-08 19:36:39.533 | INFO     | src.models.evaluation:evaluate_tsb_ad_nonoverlapping:83 - {'AUC-PR': 0.0769289644632015, 'AUC-ROC': 0.6111838913148957, 'VUS-PR': np.float64(0.047553846779232065), 'VUS-ROC': np.float64(0.677921005898455), 'Standard-F1': np.float64(0.12499882813598621), 'PA-F1': 1.0, 'Event-based-F1': np.float64(0.9999999999999996), 'R-based-F1': 0.3695652173913044, 'Affiliation-F': 0.9991780689455103}
2026-02-08 19:36:39.708 | INFO     | src.pipelines.train_vision_backbones:run_pipeline:170 - Train images: 1839
2026-02-08 19:36:39.708 | INFO     | src.pipelines.train_vision_backbones:run_pipeline:171 - Test images: 6899
2026-02-08 19:36:39.932 | INFO     | src.pipelines.train_vision_backbones:run_pipeline:176 - Training resnet18_autoencoder_differential_lr on SPIRAL
2026-02-08 19:36:39.948 | INFO     | src.models.resnet18_autoencoder.training:train_autoencoder_differential_lr:271 - Device: cuda | Model on: cuda:0
2026-02-08 19:37:26.337 | INFO     | src.pipelines.train_vision_backbones:run_pipeline:193 - Evaluating resnet18_autoencoder_differential_lr on SPIRAL
2026-02-08 19:37:33.401 | INFO     | src.models.evaluation:evaluate_tsb_ad_nonoverlapping:65 - Normal (68700) reconstruction error: mean=0.0299, std=0.0747
2026-02-08 19:37:33.402 | INFO     | src.models.evaluation:evaluate_tsb_ad_nonoverlapping:66 - Anomaly (300) reconstruction error: mean=0.0699, std=0.1544
2026-02-08 19:37:33.402 | INFO     | src.models.evaluation:evaluate_tsb_ad_nonoverlapping:67 - Overlap? Normal max=1.0000, Anomaly min=0.0065
2026-02-08 19:37:41.247 | INFO     | src.models.evaluation:evaluate_tsb_ad_nonoverlapping:83 - {'AUC-PR': 0.013754968495262778, 'AUC-ROC': 0.5824648229015041, 'VUS-PR': np.float64(0.012221520521714125), 'VUS-ROC': np.float64(0.656817058147557), 'Standard-F1': np.float64(0.09090475227318696), 'PA-F1': 0.8450704225352113, 'Event-based-F1': np.float64(0.2352941176470586), 'R-based-F1': 0.16790123456790124, 'Affiliation-F': 0.6975672862692344}
2026-02-08 19:37:41.418 | INFO     | src.pipelines.train_vision_backbones:run_pipeline:170 - Train images: 1839
2026-02-08 19:37:41.419 | INFO     | src.pipelines.train_vision_backbones:run_pipeline:171 - Test images: 6899
2026-02-08 19:37:42.391 | INFO     | src.pipelines.train_vision_backbones:run_pipeline:176 - Training pvt_autoencoder_frozen on SPIRAL
2026-02-08 19:37:42.416 | INFO     | src.models.pvt_autoencoder.training:train_pvt_autoencoder_frozen:24 - Device: cuda | Model on: cuda:0
2026-02-08 19:38:16.774 | INFO     | src.pipelines.train_vision_backbones:run_pipeline:193 - Evaluating pvt_autoencoder_frozen on SPIRAL
2026-02-08 19:38:24.774 | INFO     | src.models.evaluation:evaluate_tsb_ad_nonoverlapping:65 - Normal (68700) reconstruction error: mean=0.0581, std=0.0813
2026-02-08 19:38:24.774 | INFO     | src.models.evaluation:evaluate_tsb_ad_nonoverlapping:66 - Anomaly (300) reconstruction error: mean=0.0775, std=0.1190
2026-02-08 19:38:24.774 | INFO     | src.models.evaluation:evaluate_tsb_ad_nonoverlapping:67 - Overlap? Normal max=1.0000, Anomaly min=0.0131
2026-02-08 19:38:33.024 | INFO     | src.models.evaluation:evaluate_tsb_ad_nonoverlapping:83 - {'AUC-PR': 0.006693083186658334, 'AUC-ROC': 0.5204852013585638, 'VUS-PR': np.float64(0.007849768730678112), 'VUS-ROC': np.float64(0.6076570747248503), 'Standard-F1': np.float64(0.03959978477516975), 'PA-F1': 0.5309734513274337, 'Event-based-F1': np.float64(0.04999999999999995), 'R-based-F1': 0.03545359749739312, 'Affiliation-F': 0.7200505164189749}
2026-02-08 19:38:33.193 | INFO     | src.pipelines.train_vision_backbones:run_pipeline:170 - Train images: 1839
2026-02-08 19:38:33.193 | INFO     | src.pipelines.train_vision_backbones:run_pipeline:171 - Test images: 6899
2026-02-08 19:38:34.169 | INFO     | src.pipelines.train_vision_backbones:run_pipeline:176 - Training pvt_autoencoder_progressive_unfreeze on SPIRAL
2026-02-08 19:38:34.195 | INFO     | src.models.pvt_autoencoder.training:train_pvt_autoencoder_progressive_unfreeze:132 - Device: cuda | Model on: cuda:0
2026-02-08 19:39:19.280 | INFO     | src.pipelines.train_vision_backbones:run_pipeline:193 - Evaluating pvt_autoencoder_progressive_unfreeze on SPIRAL
2026-02-08 19:39:27.001 | INFO     | src.models.evaluation:evaluate_tsb_ad_nonoverlapping:65 - Normal (68700) reconstruction error: mean=0.0103, std=0.0187
2026-02-08 19:39:27.002 | INFO     | src.models.evaluation:evaluate_tsb_ad_nonoverlapping:66 - Anomaly (300) reconstruction error: mean=0.0164, std=0.0265
2026-02-08 19:39:27.002 | INFO     | src.models.evaluation:evaluate_tsb_ad_nonoverlapping:67 - Overlap? Normal max=1.0000, Anomaly min=0.0024
2026-02-08 19:39:34.162 | INFO     | src.models.evaluation:evaluate_tsb_ad_nonoverlapping:83 - {'AUC-PR': 0.01142249378913392, 'AUC-ROC': 0.5691897137311984, 'VUS-PR': np.float64(0.01185380322384959), 'VUS-ROC': np.float64(0.6480641183402854), 'Standard-F1': np.float64(0.07999520028798271), 'PA-F1': 0.821917808219178, 'Event-based-F1': np.float64(0.1333333333333332), 'R-based-F1': 0.10862619808306709, 'Affiliation-F': 0.7878406139644102}
2026-02-08 19:39:34.338 | INFO     | src.pipelines.train_vision_backbones:run_pipeline:170 - Train images: 1839
2026-02-08 19:39:34.338 | INFO     | src.pipelines.train_vision_backbones:run_pipeline:171 - Test images: 6899
2026-02-08 19:39:35.313 | INFO     | src.pipelines.train_vision_backbones:run_pipeline:176 - Training pvt_autoencoder_differential_lr on SPIRAL
2026-02-08 19:39:35.340 | INFO     | src.models.pvt_autoencoder.training:train_pvt_autoencoder_differential_lr:267 - Device: cuda | Model on: cuda:0
2026-02-08 19:40:45.763 | INFO     | src.pipelines.train_vision_backbones:run_pipeline:193 - Evaluating pvt_autoencoder_differential_lr on SPIRAL
2026-02-08 19:40:54.167 | INFO     | src.models.evaluation:evaluate_tsb_ad_nonoverlapping:65 - Normal (68700) reconstruction error: mean=0.0403, std=0.0818
2026-02-08 19:40:54.167 | INFO     | src.models.evaluation:evaluate_tsb_ad_nonoverlapping:66 - Anomaly (300) reconstruction error: mean=0.0925, std=0.1805
2026-02-08 19:40:54.167 | INFO     | src.models.evaluation:evaluate_tsb_ad_nonoverlapping:67 - Overlap? Normal max=1.0000, Anomaly min=0.0144
2026-02-08 19:41:02.306 | INFO     | src.models.evaluation:evaluate_tsb_ad_nonoverlapping:83 - {'AUC-PR': 0.016212693246510763, 'AUC-ROC': 0.6658272683163513, 'VUS-PR': np.float64(0.012279625482621143), 'VUS-ROC': np.float64(0.7336878422361455), 'Standard-F1': np.float64(0.0674112615006421), 'PA-F1': 0.9375, 'Event-based-F1': np.float64(0.33333333333333304), 'R-based-F1': 0.2125, 'Affiliation-F': 0.7479860858143754}
2026-02-08 19:41:04.753 | INFO     | src.pipelines.train_vision_backbones:run_pipeline:70 - Using zip: /net/scratch/hscra/plgrid/plgsmendowski12/ts2i_images/UCR/452_UCR_id_150_Facility_tr_10000_1st_35774_ts2i_RN.zip for transformation RN
2026-02-08 19:41:09.574 | INFO     | src.pipelines.train_vision_backbones:run_pipeline:170 - Train images: 799
2026-02-08 19:41:09.575 | INFO     | src.pipelines.train_vision_backbones:run_pipeline:171 - Test images: 2999
2026-02-08 19:41:09.581 | INFO     | src.pipelines.train_vision_backbones:run_pipeline:176 - Training cnn_autoencoder on RN
2026-02-08 19:41:09.586 | INFO     | src.models.cnn_autoencoder.training:train_autoencoder:22 - Device: cuda | Model on: cuda:0
2026-02-08 19:42:53.162 | INFO     | src.pipelines.train_vision_backbones:run_pipeline:193 - Evaluating cnn_autoencoder on RN
2026-02-08 19:42:55.806 | INFO     | src.models.evaluation:evaluate_tsb_ad_nonoverlapping:65 - Normal (29900) reconstruction error: mean=0.6318, std=0.4566
2026-02-08 19:42:55.806 | INFO     | src.models.evaluation:evaluate_tsb_ad_nonoverlapping:66 - Anomaly (100) reconstruction error: mean=0.9592, std=0.0090
2026-02-08 19:42:55.806 | INFO     | src.models.evaluation:evaluate_tsb_ad_nonoverlapping:67 - Overlap? Normal max=1.0000, Anomaly min=0.9520
2026-02-08 19:43:02.872 | INFO     | src.models.evaluation:evaluate_tsb_ad_nonoverlapping:83 - {'AUC-PR': 0.00473861915689525, 'AUC-ROC': 0.591705685618729, 'VUS-PR': np.float64(0.006386866114598779), 'VUS-ROC': np.float64(0.6523389657793682), 'Standard-F1': np.float64(0.012554803049257834), 'PA-F1': 0.026595744680851064, 'Event-based-F1': np.float64(0.011990407673860897), 'R-based-F1': 0.010347801092267893, 'Affiliation-F': 0.820157317320799}
2026-02-08 19:43:03.035 | INFO     | src.pipelines.train_vision_backbones:run_pipeline:170 - Train images: 799
2026-02-08 19:43:03.035 | INFO     | src.pipelines.train_vision_backbones:run_pipeline:171 - Test images: 2999
2026-02-08 19:43:03.264 | INFO     | src.pipelines.train_vision_backbones:run_pipeline:176 - Training resnet18_autoencoder_frozen on RN
2026-02-08 19:43:03.281 | INFO     | src.models.resnet18_autoencoder.training:train_autoencoder_frozen:25 - Device: cuda | Model on: cuda:0
2026-02-08 19:44:20.013 | INFO     | src.pipelines.train_vision_backbones:run_pipeline:193 - Evaluating resnet18_autoencoder_frozen on RN
2026-02-08 19:44:23.287 | INFO     | src.models.evaluation:evaluate_tsb_ad_nonoverlapping:65 - Normal (29900) reconstruction error: mean=0.5871, std=0.4252
2026-02-08 19:44:23.287 | INFO     | src.models.evaluation:evaluate_tsb_ad_nonoverlapping:66 - Anomaly (100) reconstruction error: mean=0.8878, std=0.0298
2026-02-08 19:44:23.288 | INFO     | src.models.evaluation:evaluate_tsb_ad_nonoverlapping:67 - Overlap? Normal max=1.0000, Anomaly min=0.8563
2026-02-08 19:44:29.962 | INFO     | src.models.evaluation:evaluate_tsb_ad_nonoverlapping:83 - {'AUC-PR': 0.005615660384926956, 'AUC-ROC': 0.6323210702341138, 'VUS-PR': np.float64(0.010299510979063335), 'VUS-ROC': np.float64(0.7358108146536902), 'Standard-F1': np.float64(0.015243602214419803), 'PA-F1': 0.072992700729927, 'Event-based-F1': np.float64(0.012033694344163645), 'R-based-F1': 0.012189812799303439, 'Affiliation-F': 0.8153123886578749}
2026-02-08 19:44:30.120 | INFO     | src.pipelines.train_vision_backbones:run_pipeline:170 - Train images: 799
2026-02-08 19:44:30.120 | INFO     | src.pipelines.train_vision_backbones:run_pipeline:171 - Test images: 2999
2026-02-08 19:44:30.346 | INFO     | src.pipelines.train_vision_backbones:run_pipeline:176 - Training resnet18_autoencoder_progressive_unfreeze on RN
2026-02-08 19:44:30.363 | INFO     | src.models.resnet18_autoencoder.training:train_autoencoder_progressive_unfreeze:133 - Device: cuda | Model on: cuda:0
2026-02-08 19:45:57.784 | INFO     | src.pipelines.train_vision_backbones:run_pipeline:193 - Evaluating resnet18_autoencoder_progressive_unfreeze on RN
2026-02-08 19:46:00.698 | INFO     | src.models.evaluation:evaluate_tsb_ad_nonoverlapping:65 - Normal (29900) reconstruction error: mean=0.5919, std=0.4246
2026-02-08 19:46:00.698 | INFO     | src.models.evaluation:evaluate_tsb_ad_nonoverlapping:66 - Anomaly (100) reconstruction error: mean=0.8980, std=0.0145
2026-02-08 19:46:00.698 | INFO     | src.models.evaluation:evaluate_tsb_ad_nonoverlapping:67 - Overlap? Normal max=1.0000, Anomaly min=0.8683
2026-02-08 19:46:07.468 | INFO     | src.models.evaluation:evaluate_tsb_ad_nonoverlapping:83 - {'AUC-PR': 0.0059654847085412865, 'AUC-ROC': 0.6541872909698997, 'VUS-PR': np.float64(0.006409832259296235), 'VUS-ROC': np.float64(0.6717507685530753), 'Standard-F1': np.float64(0.013570114392448708), 'PA-F1': 0.03284072249589491, 'Event-based-F1': np.float64(0.012838801711840216), 'R-based-F1': 0.019287867482465304, 'Affiliation-F': 0.8347196716308547}
2026-02-08 19:46:07.632 | INFO     | src.pipelines.train_vision_backbones:run_pipeline:170 - Train images: 799
2026-02-08 19:46:07.632 | INFO     | src.pipelines.train_vision_backbones:run_pipeline:171 - Test images: 2999
2026-02-08 19:46:07.859 | INFO     | src.pipelines.train_vision_backbones:run_pipeline:176 - Training resnet18_autoencoder_differential_lr on RN
2026-02-08 19:46:07.876 | INFO     | src.models.resnet18_autoencoder.training:train_autoencoder_differential_lr:271 - Device: cuda | Model on: cuda:0
2026-02-08 19:47:37.448 | INFO     | src.pipelines.train_vision_backbones:run_pipeline:193 - Evaluating resnet18_autoencoder_differential_lr on RN
2026-02-08 19:47:40.479 | INFO     | src.models.evaluation:evaluate_tsb_ad_nonoverlapping:65 - Normal (29900) reconstruction error: mean=0.6167, std=0.4453
2026-02-08 19:47:40.480 | INFO     | src.models.evaluation:evaluate_tsb_ad_nonoverlapping:66 - Anomaly (100) reconstruction error: mean=0.9361, std=0.0264
2026-02-08 19:47:40.480 | INFO     | src.models.evaluation:evaluate_tsb_ad_nonoverlapping:67 - Overlap? Normal max=1.0000, Anomaly min=0.9131
2026-02-08 19:47:47.387 | INFO     | src.models.evaluation:evaluate_tsb_ad_nonoverlapping:83 - {'AUC-PR': 0.00827293835218649, 'AUC-ROC': 0.6198060200668896, 'VUS-PR': np.float64(0.00985094797850783), 'VUS-ROC': np.float64(0.6819724508619838), 'Standard-F1': np.float64(0.04877679980294172), 'PA-F1': 0.3125, 'Event-based-F1': np.float64(0.043478260869565175), 'R-based-F1': 0.05054151624548736, 'Affiliation-F': 0.8067811289557862}
2026-02-08 19:47:47.550 | INFO     | src.pipelines.train_vision_backbones:run_pipeline:170 - Train images: 799
2026-02-08 19:47:47.550 | INFO     | src.pipelines.train_vision_backbones:run_pipeline:171 - Test images: 2999
2026-02-08 19:47:48.526 | INFO     | src.pipelines.train_vision_backbones:run_pipeline:176 - Training pvt_autoencoder_frozen on RN
2026-02-08 19:47:48.553 | INFO     | src.models.pvt_autoencoder.training:train_pvt_autoencoder_frozen:24 - Device: cuda | Model on: cuda:0
2026-02-08 19:49:11.822 | INFO     | src.pipelines.train_vision_backbones:run_pipeline:193 - Evaluating pvt_autoencoder_frozen on RN
2026-02-08 19:49:15.512 | INFO     | src.models.evaluation:evaluate_tsb_ad_nonoverlapping:65 - Normal (29900) reconstruction error: mean=0.6052, std=0.4378
2026-02-08 19:49:15.512 | INFO     | src.models.evaluation:evaluate_tsb_ad_nonoverlapping:66 - Anomaly (100) reconstruction error: mean=0.9194, std=0.0286
2026-02-08 19:49:15.512 | INFO     | src.models.evaluation:evaluate_tsb_ad_nonoverlapping:67 - Overlap? Normal max=1.0000, Anomaly min=0.8930
2026-02-08 19:49:22.349 | INFO     | src.models.evaluation:evaluate_tsb_ad_nonoverlapping:83 - {'AUC-PR': 0.006894088168429182, 'AUC-ROC': 0.6405819397993311, 'VUS-PR': np.float64(0.009790765660693848), 'VUS-ROC': np.float64(0.7265947912687155), 'Standard-F1': np.float64(0.020832663023111063), 'PA-F1': 0.12987012987012986, 'Event-based-F1': np.float64(0.014999999999999982), 'R-based-F1': 0.01859229747675963, 'Affiliation-F': 0.8440614120750561}
2026-02-08 19:49:22.510 | INFO     | src.pipelines.train_vision_backbones:run_pipeline:170 - Train images: 799
2026-02-08 19:49:22.510 | INFO     | src.pipelines.train_vision_backbones:run_pipeline:171 - Test images: 2999
2026-02-08 19:49:23.496 | INFO     | src.pipelines.train_vision_backbones:run_pipeline:176 - Training pvt_autoencoder_progressive_unfreeze on RN
2026-02-08 19:49:23.537 | INFO     | src.models.pvt_autoencoder.training:train_pvt_autoencoder_progressive_unfreeze:132 - Device: cuda | Model on: cuda:0
2026-02-08 19:49:54.368 | INFO     | src.pipelines.train_vision_backbones:run_pipeline:193 - Evaluating pvt_autoencoder_progressive_unfreeze on RN
2026-02-08 19:49:57.965 | INFO     | src.models.evaluation:evaluate_tsb_ad_nonoverlapping:65 - Normal (29900) reconstruction error: mean=0.5994, std=0.4116
2026-02-08 19:49:57.966 | INFO     | src.models.evaluation:evaluate_tsb_ad_nonoverlapping:66 - Anomaly (100) reconstruction error: mean=0.8763, std=0.0290
2026-02-08 19:49:57.966 | INFO     | src.models.evaluation:evaluate_tsb_ad_nonoverlapping:67 - Overlap? Normal max=1.0000, Anomaly min=0.8404
2026-02-08 19:50:04.857 | INFO     | src.models.evaluation:evaluate_tsb_ad_nonoverlapping:83 - {'AUC-PR': 0.004563756041303749, 'AUC-ROC': 0.5651103678929766, 'VUS-PR': np.float64(0.006753793257355502), 'VUS-ROC': np.float64(0.655787629959725), 'Standard-F1': np.float64(0.010362591211527843), 'PA-F1': 0.04291845493562232, 'Event-based-F1': np.float64(0.010362694300518123), 'R-based-F1': 0.012847965738758032, 'Affiliation-F': 0.8389219982451415}
2026-02-08 19:50:05.024 | INFO     | src.pipelines.train_vision_backbones:run_pipeline:170 - Train images: 799
2026-02-08 19:50:05.024 | INFO     | src.pipelines.train_vision_backbones:run_pipeline:171 - Test images: 2999
2026-02-08 19:50:06.002 | INFO     | src.pipelines.train_vision_backbones:run_pipeline:176 - Training pvt_autoencoder_differential_lr on RN
2026-02-08 19:50:06.028 | INFO     | src.models.pvt_autoencoder.training:train_pvt_autoencoder_differential_lr:267 - Device: cuda | Model on: cuda:0
2026-02-08 19:52:08.814 | INFO     | src.pipelines.train_vision_backbones:run_pipeline:193 - Evaluating pvt_autoencoder_differential_lr on RN
2026-02-08 19:52:12.351 | INFO     | src.models.evaluation:evaluate_tsb_ad_nonoverlapping:65 - Normal (29900) reconstruction error: mean=0.6104, std=0.4327
2026-02-08 19:52:12.352 | INFO     | src.models.evaluation:evaluate_tsb_ad_nonoverlapping:66 - Anomaly (100) reconstruction error: mean=0.9310, std=0.0100
2026-02-08 19:52:12.352 | INFO     | src.models.evaluation:evaluate_tsb_ad_nonoverlapping:67 - Overlap? Normal max=1.0000, Anomaly min=0.9050
2026-02-08 19:52:19.396 | INFO     | src.models.evaluation:evaluate_tsb_ad_nonoverlapping:83 - {'AUC-PR': 0.007643918929099278, 'AUC-ROC': 0.7339197324414716, 'VUS-PR': np.float64(0.009875349693637837), 'VUS-ROC': np.float64(0.7794251805610918), 'Standard-F1': np.float64(0.019184415348347614), 'PA-F1': 0.03787878787878788, 'Event-based-F1': np.float64(0.018890200708382505), 'R-based-F1': 0.012533572068039393, 'Affiliation-F': 0.8293825295205058}
2026-02-08 19:52:20.905 | INFO     | src.pipelines.train_vision_backbones:run_pipeline:70 - Using zip: /net/scratch/hscra/plgrid/plgsmendowski12/ts2i_images/UCR/452_UCR_id_150_Facility_tr_10000_1st_35774_ts2i_LP.zip for transformation LP
2026-02-08 19:52:25.521 | INFO     | src.pipelines.train_vision_backbones:run_pipeline:170 - Train images: 799
2026-02-08 19:52:25.522 | INFO     | src.pipelines.train_vision_backbones:run_pipeline:171 - Test images: 2999
2026-02-08 19:52:25.528 | INFO     | src.pipelines.train_vision_backbones:run_pipeline:176 - Training cnn_autoencoder on LP
2026-02-08 19:52:25.533 | INFO     | src.models.cnn_autoencoder.training:train_autoencoder:22 - Device: cuda | Model on: cuda:0
2026-02-08 19:53:42.020 | INFO     | src.pipelines.train_vision_backbones:run_pipeline:193 - Evaluating cnn_autoencoder on LP
2026-02-08 19:53:44.669 | INFO     | src.models.evaluation:evaluate_tsb_ad_nonoverlapping:65 - Normal (29900) reconstruction error: mean=0.1874, std=0.1782
2026-02-08 19:53:44.669 | INFO     | src.models.evaluation:evaluate_tsb_ad_nonoverlapping:66 - Anomaly (100) reconstruction error: mean=0.3724, std=0.2501
2026-02-08 19:53:44.669 | INFO     | src.models.evaluation:evaluate_tsb_ad_nonoverlapping:67 - Overlap? Normal max=1.0000, Anomaly min=0.0171
2026-02-08 19:53:48.884 | INFO     | src.models.evaluation:evaluate_tsb_ad_nonoverlapping:83 - {'AUC-PR': 0.010981800042729542, 'AUC-ROC': 0.7144180602006689, 'VUS-PR': np.float64(0.015960140796011373), 'VUS-ROC': np.float64(0.8247939339078288), 'Standard-F1': np.float64(0.04055211622454352), 'PA-F1': 0.13333333333333333, 'Event-based-F1': np.float64(0.04066543438077629), 'R-based-F1': 0.026819923371647514, 'Affiliation-F': 0.6852639634306926}
2026-02-08 19:53:49.056 | INFO     | src.pipelines.train_vision_backbones:run_pipeline:170 - Train images: 799
2026-02-08 19:53:49.056 | INFO     | src.pipelines.train_vision_backbones:run_pipeline:171 - Test images: 2999
2026-02-08 19:53:49.282 | INFO     | src.pipelines.train_vision_backbones:run_pipeline:176 - Training resnet18_autoencoder_frozen on LP
2026-02-08 19:53:49.297 | INFO     | src.models.resnet18_autoencoder.training:train_autoencoder_frozen:25 - Device: cuda | Model on: cuda:0
2026-02-08 19:54:28.991 | INFO     | src.pipelines.train_vision_backbones:run_pipeline:193 - Evaluating resnet18_autoencoder_frozen on LP
2026-02-08 19:54:31.785 | INFO     | src.models.evaluation:evaluate_tsb_ad_nonoverlapping:65 - Normal (29900) reconstruction error: mean=0.3038, std=0.2131
2026-02-08 19:54:31.785 | INFO     | src.models.evaluation:evaluate_tsb_ad_nonoverlapping:66 - Anomaly (100) reconstruction error: mean=0.4057, std=0.2154
2026-02-08 19:54:31.785 | INFO     | src.models.evaluation:evaluate_tsb_ad_nonoverlapping:67 - Overlap? Normal max=1.0000, Anomaly min=0.0376
2026-02-08 19:54:37.018 | INFO     | src.models.evaluation:evaluate_tsb_ad_nonoverlapping:83 - {'AUC-PR': 0.006943333591020163, 'AUC-ROC': 0.643819397993311, 'VUS-PR': np.float64(0.010353397415087765), 'VUS-ROC': np.float64(0.7551948290107416), 'Standard-F1': np.float64(0.025174369849738108), 'PA-F1': 0.0782472613458529, 'Event-based-F1': np.float64(0.024804777216352755), 'R-based-F1': 0.017198697068403906, 'Affiliation-F': 0.7198296183372617}
2026-02-08 19:54:37.193 | INFO     | src.pipelines.train_vision_backbones:run_pipeline:170 - Train images: 799
2026-02-08 19:54:37.194 | INFO     | src.pipelines.train_vision_backbones:run_pipeline:171 - Test images: 2999
2026-02-08 19:54:37.420 | INFO     | src.pipelines.train_vision_backbones:run_pipeline:176 - Training resnet18_autoencoder_progressive_unfreeze on LP
2026-02-08 19:54:37.435 | INFO     | src.models.resnet18_autoencoder.training:train_autoencoder_progressive_unfreeze:133 - Device: cuda | Model on: cuda:0
2026-02-08 19:55:29.020 | INFO     | src.pipelines.train_vision_backbones:run_pipeline:193 - Evaluating resnet18_autoencoder_progressive_unfreeze on LP
2026-02-08 19:55:31.810 | INFO     | src.models.evaluation:evaluate_tsb_ad_nonoverlapping:65 - Normal (29900) reconstruction error: mean=0.2440, std=0.1865
2026-02-08 19:55:31.810 | INFO     | src.models.evaluation:evaluate_tsb_ad_nonoverlapping:66 - Anomaly (100) reconstruction error: mean=0.3537, std=0.2097
2026-02-08 19:55:31.811 | INFO     | src.models.evaluation:evaluate_tsb_ad_nonoverlapping:67 - Overlap? Normal max=1.0000, Anomaly min=0.0503
2026-02-08 19:55:36.584 | INFO     | src.models.evaluation:evaluate_tsb_ad_nonoverlapping:83 - {'AUC-PR': 0.007936795107025984, 'AUC-ROC': 0.6379264214046823, 'VUS-PR': np.float64(0.012461378499946248), 'VUS-ROC': np.float64(0.767954699130251), 'Standard-F1': np.float64(0.02875753771307464), 'PA-F1': 0.09523809523809523, 'Event-based-F1': np.float64(0.02872062663185376), 'R-based-F1': 0.016080031348684964, 'Affiliation-F': 0.6919084655207837}
2026-02-08 19:55:36.743 | INFO     | src.pipelines.train_vision_backbones:run_pipeline:170 - Train images: 799
2026-02-08 19:55:36.743 | INFO     | src.pipelines.train_vision_backbones:run_pipeline:171 - Test images: 2999
2026-02-08 19:55:36.967 | INFO     | src.pipelines.train_vision_backbones:run_pipeline:176 - Training resnet18_autoencoder_differential_lr on LP
2026-02-08 19:55:36.983 | INFO     | src.models.resnet18_autoencoder.training:train_autoencoder_differential_lr:271 - Device: cuda | Model on: cuda:0
2026-02-08 19:57:03.695 | INFO     | src.pipelines.train_vision_backbones:run_pipeline:193 - Evaluating resnet18_autoencoder_differential_lr on LP
2026-02-08 19:57:06.646 | INFO     | src.models.evaluation:evaluate_tsb_ad_nonoverlapping:65 - Normal (29900) reconstruction error: mean=0.2449, std=0.1824
2026-02-08 19:57:06.646 | INFO     | src.models.evaluation:evaluate_tsb_ad_nonoverlapping:66 - Anomaly (100) reconstruction error: mean=0.3880, std=0.2255
2026-02-08 19:57:06.646 | INFO     | src.models.evaluation:evaluate_tsb_ad_nonoverlapping:67 - Overlap? Normal max=1.0000, Anomaly min=0.0480
2026-02-08 19:57:11.262 | INFO     | src.models.evaluation:evaluate_tsb_ad_nonoverlapping:83 - {'AUC-PR': 0.009057314675367334, 'AUC-ROC': 0.6636722408026755, 'VUS-PR': np.float64(0.013104694519461984), 'VUS-ROC': np.float64(0.7767156674960651), 'Standard-F1': np.float64(0.03320682094859846), 'PA-F1': 0.09389671361502347, 'Event-based-F1': np.float64(0.03392444101773319), 'R-based-F1': 0.020086083213773313, 'Affiliation-F': 0.6891734306872414}
2026-02-08 19:57:11.572 | INFO     | src.pipelines.train_vision_backbones:run_pipeline:170 - Train images: 799
2026-02-08 19:57:11.572 | INFO     | src.pipelines.train_vision_backbones:run_pipeline:171 - Test images: 2999
2026-02-08 19:57:12.551 | INFO     | src.pipelines.train_vision_backbones:run_pipeline:176 - Training pvt_autoencoder_frozen on LP
2026-02-08 19:57:12.577 | INFO     | src.models.pvt_autoencoder.training:train_pvt_autoencoder_frozen:24 - Device: cuda | Model on: cuda:0
2026-02-08 19:57:59.374 | INFO     | src.pipelines.train_vision_backbones:run_pipeline:193 - Evaluating pvt_autoencoder_frozen on LP
2026-02-08 19:58:02.812 | INFO     | src.models.evaluation:evaluate_tsb_ad_nonoverlapping:65 - Normal (29900) reconstruction error: mean=0.2892, std=0.1963
2026-02-08 19:58:02.812 | INFO     | src.models.evaluation:evaluate_tsb_ad_nonoverlapping:66 - Anomaly (100) reconstruction error: mean=0.4048, std=0.2279
2026-02-08 19:58:02.812 | INFO     | src.models.evaluation:evaluate_tsb_ad_nonoverlapping:67 - Overlap? Normal max=1.0000, Anomaly min=0.0537
2026-02-08 19:58:07.944 | INFO     | src.models.evaluation:evaluate_tsb_ad_nonoverlapping:83 - {'AUC-PR': 0.008207166533099292, 'AUC-ROC': 0.6308294314381271, 'VUS-PR': np.float64(0.011933028992041734), 'VUS-ROC': np.float64(0.7604247832093507), 'Standard-F1': np.float64(0.03199951250742664), 'PA-F1': 0.08695652173913043, 'Event-based-F1': np.float64(0.03220936084549569), 'R-based-F1': 0.016279966083403992, 'Affiliation-F': 0.8030055143156588}
2026-02-08 19:58:08.103 | INFO     | src.pipelines.train_vision_backbones:run_pipeline:170 - Train images: 799
2026-02-08 19:58:08.103 | INFO     | src.pipelines.train_vision_backbones:run_pipeline:171 - Test images: 2999
2026-02-08 19:58:09.085 | INFO     | src.pipelines.train_vision_backbones:run_pipeline:176 - Training pvt_autoencoder_progressive_unfreeze on LP
2026-02-08 19:58:09.111 | INFO     | src.models.pvt_autoencoder.training:train_pvt_autoencoder_progressive_unfreeze:132 - Device: cuda | Model on: cuda:0
2026-02-08 19:59:58.299 | INFO     | src.pipelines.train_vision_backbones:run_pipeline:193 - Evaluating pvt_autoencoder_progressive_unfreeze on LP
2026-02-08 20:00:01.812 | INFO     | src.models.evaluation:evaluate_tsb_ad_nonoverlapping:65 - Normal (29900) reconstruction error: mean=0.2008, std=0.1799
2026-02-08 20:00:01.812 | INFO     | src.models.evaluation:evaluate_tsb_ad_nonoverlapping:66 - Anomaly (100) reconstruction error: mean=0.3932, std=0.2586
2026-02-08 20:00:01.812 | INFO     | src.models.evaluation:evaluate_tsb_ad_nonoverlapping:67 - Overlap? Normal max=1.0000, Anomaly min=0.0431
2026-02-08 20:00:06.140 | INFO     | src.models.evaluation:evaluate_tsb_ad_nonoverlapping:83 - {'AUC-PR': 0.011963180947728915, 'AUC-ROC': 0.6628628762541807, 'VUS-PR': np.float64(0.016090441174562778), 'VUS-ROC': np.float64(0.7897796248994235), 'Standard-F1': np.float64(0.039214753962957254), 'PA-F1': 0.17543859649122806, 'Event-based-F1': np.float64(0.03980099502487557), 'R-based-F1': 0.03535353535353535, 'Affiliation-F': 0.6906078779296655}
2026-02-08 20:00:06.303 | INFO     | src.pipelines.train_vision_backbones:run_pipeline:170 - Train images: 799
2026-02-08 20:00:06.303 | INFO     | src.pipelines.train_vision_backbones:run_pipeline:171 - Test images: 2999
2026-02-08 20:00:07.288 | INFO     | src.pipelines.train_vision_backbones:run_pipeline:176 - Training pvt_autoencoder_differential_lr on LP
2026-02-08 20:00:07.314 | INFO     | src.models.pvt_autoencoder.training:train_pvt_autoencoder_differential_lr:267 - Device: cuda | Model on: cuda:0
2026-02-08 20:01:48.459 | INFO     | src.pipelines.train_vision_backbones:run_pipeline:193 - Evaluating pvt_autoencoder_differential_lr on LP
2026-02-08 20:01:51.912 | INFO     | src.models.evaluation:evaluate_tsb_ad_nonoverlapping:65 - Normal (29900) reconstruction error: mean=0.2530, std=0.1891
2026-02-08 20:01:51.912 | INFO     | src.models.evaluation:evaluate_tsb_ad_nonoverlapping:66 - Anomaly (100) reconstruction error: mean=0.4419, std=0.2466
2026-02-08 20:01:51.913 | INFO     | src.models.evaluation:evaluate_tsb_ad_nonoverlapping:67 - Overlap? Normal max=1.0000, Anomaly min=0.0606
2026-02-08 20:01:56.587 | INFO     | src.models.evaluation:evaluate_tsb_ad_nonoverlapping:83 - {'AUC-PR': 0.011036196061411575, 'AUC-ROC': 0.6819866220735785, 'VUS-PR': np.float64(0.01822652927815455), 'VUS-ROC': np.float64(0.8022375629299705), 'Standard-F1': np.float64(0.04190385489491569), 'PA-F1': 0.0975609756097561, 'Event-based-F1': np.float64(0.04143126177024478), 'R-based-F1': 0.021151149066166768, 'Affiliation-F': 0.8920072755737584}
2026-02-08 20:01:57.876 | INFO     | src.pipelines.train_vision_backbones:run_pipeline:70 - Using zip: /net/scratch/hscra/plgrid/plgsmendowski12/ts2i_images/UCR/452_UCR_id_150_Facility_tr_10000_1st_35774_ts2i_SG.zip for transformation SG
2026-02-08 20:02:02.646 | INFO     | src.pipelines.train_vision_backbones:run_pipeline:170 - Train images: 799
2026-02-08 20:02:02.646 | INFO     | src.pipelines.train_vision_backbones:run_pipeline:171 - Test images: 2999
2026-02-08 20:02:02.653 | INFO     | src.pipelines.train_vision_backbones:run_pipeline:176 - Training cnn_autoencoder on SG
2026-02-08 20:02:02.658 | INFO     | src.models.cnn_autoencoder.training:train_autoencoder:22 - Device: cuda | Model on: cuda:0
2026-02-08 20:03:42.839 | INFO     | src.pipelines.train_vision_backbones:run_pipeline:193 - Evaluating cnn_autoencoder on SG
2026-02-08 20:03:45.735 | INFO     | src.models.evaluation:evaluate_tsb_ad_nonoverlapping:65 - Normal (29900) reconstruction error: mean=0.0257, std=0.0856
2026-02-08 20:03:45.736 | INFO     | src.models.evaluation:evaluate_tsb_ad_nonoverlapping:66 - Anomaly (100) reconstruction error: mean=0.1192, std=0.2953
2026-02-08 20:03:45.736 | INFO     | src.models.evaluation:evaluate_tsb_ad_nonoverlapping:67 - Overlap? Normal max=0.8612, Anomaly min=0.0002
2026-02-08 20:03:48.626 | INFO     | src.models.evaluation:evaluate_tsb_ad_nonoverlapping:83 - {'AUC-PR': 0.1077559709208462, 'AUC-ROC': 0.69761872909699, 'VUS-PR': np.float64(0.1107184072187569), 'VUS-ROC': np.float64(0.7911165630578826), 'Standard-F1': np.float64(0.18181652894064598), 'PA-F1': 1.0, 'Event-based-F1': np.float64(0.9999999999999996), 'R-based-F1': 0.43750000000000006, 'Affiliation-F': 0.9990036749911739}
2026-02-08 20:03:48.785 | INFO     | src.pipelines.train_vision_backbones:run_pipeline:170 - Train images: 799
2026-02-08 20:03:48.785 | INFO     | src.pipelines.train_vision_backbones:run_pipeline:171 - Test images: 2999
2026-02-08 20:03:49.011 | INFO     | src.pipelines.train_vision_backbones:run_pipeline:176 - Training resnet18_autoencoder_frozen on SG
2026-02-08 20:03:49.027 | INFO     | src.models.resnet18_autoencoder.training:train_autoencoder_frozen:25 - Device: cuda | Model on: cuda:0
2026-02-08 20:04:29.650 | INFO     | src.pipelines.train_vision_backbones:run_pipeline:193 - Evaluating resnet18_autoencoder_frozen on SG
2026-02-08 20:04:32.610 | INFO     | src.models.evaluation:evaluate_tsb_ad_nonoverlapping:65 - Normal (29900) reconstruction error: mean=0.0023, std=0.0079
2026-02-08 20:04:32.610 | INFO     | src.models.evaluation:evaluate_tsb_ad_nonoverlapping:66 - Anomaly (100) reconstruction error: mean=0.1260, std=0.2955
2026-02-08 20:04:32.610 | INFO     | src.models.evaluation:evaluate_tsb_ad_nonoverlapping:67 - Overlap? Normal max=0.1980, Anomaly min=0.0001
2026-02-08 20:04:35.170 | INFO     | src.models.evaluation:evaluate_tsb_ad_nonoverlapping:83 - {'AUC-PR': 0.2060806633868384, 'AUC-ROC': 0.7473979933110368, 'VUS-PR': np.float64(0.16685990490167238), 'VUS-ROC': np.float64(0.8553131491694276), 'Standard-F1': np.float64(0.3076887574374142), 'PA-F1': 1.0, 'Event-based-F1': np.float64(0.9999999999999996), 'R-based-F1': 0.43750000000000006, 'Affiliation-F': 0.9990036749911739}
2026-02-08 20:04:35.341 | INFO     | src.pipelines.train_vision_backbones:run_pipeline:170 - Train images: 799
2026-02-08 20:04:35.341 | INFO     | src.pipelines.train_vision_backbones:run_pipeline:171 - Test images: 2999
2026-02-08 20:04:35.565 | INFO     | src.pipelines.train_vision_backbones:run_pipeline:176 - Training resnet18_autoencoder_progressive_unfreeze on SG
2026-02-08 20:04:35.581 | INFO     | src.models.resnet18_autoencoder.training:train_autoencoder_progressive_unfreeze:133 - Device: cuda | Model on: cuda:0
2026-02-08 20:05:12.876 | INFO     | src.pipelines.train_vision_backbones:run_pipeline:193 - Evaluating resnet18_autoencoder_progressive_unfreeze on SG
2026-02-08 20:05:16.038 | INFO     | src.models.evaluation:evaluate_tsb_ad_nonoverlapping:65 - Normal (29900) reconstruction error: mean=0.0018, std=0.0048
2026-02-08 20:05:16.038 | INFO     | src.models.evaluation:evaluate_tsb_ad_nonoverlapping:66 - Anomaly (100) reconstruction error: mean=0.1269, std=0.2953
2026-02-08 20:05:16.038 | INFO     | src.models.evaluation:evaluate_tsb_ad_nonoverlapping:67 - Overlap? Normal max=0.1217, Anomaly min=0.0001
2026-02-08 20:05:18.561 | INFO     | src.models.evaluation:evaluate_tsb_ad_nonoverlapping:83 - {'AUC-PR': 0.28918505726070043, 'AUC-ROC': 0.7322943143812709, 'VUS-PR': np.float64(0.16421695340203404), 'VUS-ROC': np.float64(0.8381915100409951), 'Standard-F1': np.float64(0.42856734697764776), 'PA-F1': 1.0, 'Event-based-F1': np.float64(0.9999999999999996), 'R-based-F1': 0.5294117647058824, 'Affiliation-F': 0.9992407573212204}
2026-02-08 20:05:18.726 | INFO     | src.pipelines.train_vision_backbones:run_pipeline:170 - Train images: 799
2026-02-08 20:05:18.726 | INFO     | src.pipelines.train_vision_backbones:run_pipeline:171 - Test images: 2999
2026-02-08 20:05:18.941 | INFO     | src.pipelines.train_vision_backbones:run_pipeline:176 - Training resnet18_autoencoder_differential_lr on SG
2026-02-08 20:05:18.955 | INFO     | src.models.resnet18_autoencoder.training:train_autoencoder_differential_lr:271 - Device: cuda | Model on: cuda:0
2026-02-08 20:06:15.207 | INFO     | src.pipelines.train_vision_backbones:run_pipeline:193 - Evaluating resnet18_autoencoder_differential_lr on SG
2026-02-08 20:06:18.037 | INFO     | src.models.evaluation:evaluate_tsb_ad_nonoverlapping:65 - Normal (29900) reconstruction error: mean=0.0014, std=0.0044
2026-02-08 20:06:18.038 | INFO     | src.models.evaluation:evaluate_tsb_ad_nonoverlapping:66 - Anomaly (100) reconstruction error: mean=0.1303, std=0.2964
2026-02-08 20:06:18.038 | INFO     | src.models.evaluation:evaluate_tsb_ad_nonoverlapping:67 - Overlap? Normal max=0.1022, Anomaly min=0.0000
2026-02-08 20:06:20.532 | INFO     | src.models.evaluation:evaluate_tsb_ad_nonoverlapping:83 - {'AUC-PR': 0.267090379912839, 'AUC-ROC': 0.7040200668896321, 'VUS-PR': np.float64(0.1683029000029173), 'VUS-ROC': np.float64(0.837756181629543), 'Standard-F1': np.float64(0.37499531255859303), 'PA-F1': 1.0, 'Event-based-F1': np.float64(0.9999999999999996), 'R-based-F1': 0.5294117647058824, 'Affiliation-F': 0.9992407573212204}
2026-02-08 20:06:20.711 | INFO     | src.pipelines.train_vision_backbones:run_pipeline:170 - Train images: 799
2026-02-08 20:06:20.711 | INFO     | src.pipelines.train_vision_backbones:run_pipeline:171 - Test images: 2999
2026-02-08 20:06:21.700 | INFO     | src.pipelines.train_vision_backbones:run_pipeline:176 - Training pvt_autoencoder_frozen on SG
2026-02-08 20:06:21.727 | INFO     | src.models.pvt_autoencoder.training:train_pvt_autoencoder_frozen:24 - Device: cuda | Model on: cuda:0
2026-02-08 20:06:53.482 | INFO     | src.pipelines.train_vision_backbones:run_pipeline:193 - Evaluating pvt_autoencoder_frozen on SG
2026-02-08 20:06:56.837 | INFO     | src.models.evaluation:evaluate_tsb_ad_nonoverlapping:65 - Normal (29900) reconstruction error: mean=0.0036, std=0.0098
2026-02-08 20:06:56.837 | INFO     | src.models.evaluation:evaluate_tsb_ad_nonoverlapping:66 - Anomaly (100) reconstruction error: mean=0.1351, std=0.2934
2026-02-08 20:06:56.837 | INFO     | src.models.evaluation:evaluate_tsb_ad_nonoverlapping:67 - Overlap? Normal max=0.1804, Anomaly min=0.0001
2026-02-08 20:06:59.366 | INFO     | src.models.evaluation:evaluate_tsb_ad_nonoverlapping:83 - {'AUC-PR': 0.22244867379740843, 'AUC-ROC': 0.7349498327759197, 'VUS-PR': np.float64(0.161934591193907), 'VUS-ROC': np.float64(0.843507139076967), 'Standard-F1': np.float64(0.39999555560493777), 'PA-F1': 1.0, 'Event-based-F1': np.float64(0.9999999999999996), 'R-based-F1': 0.43750000000000006, 'Affiliation-F': 0.9990036749911739}
2026-02-08 20:06:59.530 | INFO     | src.pipelines.train_vision_backbones:run_pipeline:170 - Train images: 799
2026-02-08 20:06:59.530 | INFO     | src.pipelines.train_vision_backbones:run_pipeline:171 - Test images: 2999
2026-02-08 20:07:00.510 | INFO     | src.pipelines.train_vision_backbones:run_pipeline:176 - Training pvt_autoencoder_progressive_unfreeze on SG
2026-02-08 20:07:00.535 | INFO     | src.models.pvt_autoencoder.training:train_pvt_autoencoder_progressive_unfreeze:132 - Device: cuda | Model on: cuda:0
2026-02-08 20:07:48.749 | INFO     | src.pipelines.train_vision_backbones:run_pipeline:193 - Evaluating pvt_autoencoder_progressive_unfreeze on SG
2026-02-08 20:07:52.213 | INFO     | src.models.evaluation:evaluate_tsb_ad_nonoverlapping:65 - Normal (29900) reconstruction error: mean=0.0022, std=0.0047
2026-02-08 20:07:52.213 | INFO     | src.models.evaluation:evaluate_tsb_ad_nonoverlapping:66 - Anomaly (100) reconstruction error: mean=0.1297, std=0.2946
2026-02-08 20:07:52.213 | INFO     | src.models.evaluation:evaluate_tsb_ad_nonoverlapping:67 - Overlap? Normal max=0.1035, Anomaly min=0.0001
2026-02-08 20:07:54.697 | INFO     | src.models.evaluation:evaluate_tsb_ad_nonoverlapping:83 - {'AUC-PR': 0.3129757274798441, 'AUC-ROC': 0.6970167224080267, 'VUS-PR': np.float64(0.16323648629523765), 'VUS-ROC': np.float64(0.8226365609644875), 'Standard-F1': np.float64(0.46153491126991325), 'PA-F1': 1.0, 'Event-based-F1': np.float64(0.9999999999999996), 'R-based-F1': 0.5294117647058824, 'Affiliation-F': 0.9997179204535673}
2026-02-08 20:07:54.860 | INFO     | src.pipelines.train_vision_backbones:run_pipeline:170 - Train images: 799
2026-02-08 20:07:54.860 | INFO     | src.pipelines.train_vision_backbones:run_pipeline:171 - Test images: 2999
2026-02-08 20:07:55.816 | INFO     | src.pipelines.train_vision_backbones:run_pipeline:176 - Training pvt_autoencoder_differential_lr on SG
2026-02-08 20:07:55.842 | INFO     | src.models.pvt_autoencoder.training:train_pvt_autoencoder_differential_lr:267 - Device: cuda | Model on: cuda:0
2026-02-08 20:08:48.016 | INFO     | src.pipelines.train_vision_backbones:run_pipeline:193 - Evaluating pvt_autoencoder_differential_lr on SG
2026-02-08 20:08:51.446 | INFO     | src.models.evaluation:evaluate_tsb_ad_nonoverlapping:65 - Normal (29900) reconstruction error: mean=0.0017, std=0.0051
2026-02-08 20:08:51.446 | INFO     | src.models.evaluation:evaluate_tsb_ad_nonoverlapping:66 - Anomaly (100) reconstruction error: mean=0.1350, std=0.2953
2026-02-08 20:08:51.446 | INFO     | src.models.evaluation:evaluate_tsb_ad_nonoverlapping:67 - Overlap? Normal max=0.1506, Anomaly min=0.0001
2026-02-08 20:08:53.950 | INFO     | src.models.evaluation:evaluate_tsb_ad_nonoverlapping:83 - {'AUC-PR': 0.31269905534618747, 'AUC-ROC': 0.7336722408026756, 'VUS-PR': np.float64(0.16268768077563753), 'VUS-ROC': np.float64(0.8430860372333098), 'Standard-F1': np.float64(0.46153491126991325), 'PA-F1': 1.0, 'Event-based-F1': np.float64(0.9999999999999996), 'R-based-F1': 0.48484848484848486, 'Affiliation-F': 0.9997179204535673}
2026-02-08 20:08:55.169 | INFO     | src.pipelines.train_vision_backbones:run_pipeline:70 - Using zip: /net/scratch/hscra/plgrid/plgsmendowski12/ts2i_images/UCR/452_UCR_id_150_Facility_tr_10000_1st_35774_ts2i_GASF.zip for transformation GASF
2026-02-08 20:09:00.050 | INFO     | src.pipelines.train_vision_backbones:run_pipeline:170 - Train images: 799
2026-02-08 20:09:00.050 | INFO     | src.pipelines.train_vision_backbones:run_pipeline:171 - Test images: 2999
2026-02-08 20:09:00.057 | INFO     | src.pipelines.train_vision_backbones:run_pipeline:176 - Training cnn_autoencoder on GASF
2026-02-08 20:09:00.062 | INFO     | src.models.cnn_autoencoder.training:train_autoencoder:22 - Device: cuda | Model on: cuda:0
2026-02-08 20:10:04.622 | INFO     | src.pipelines.train_vision_backbones:run_pipeline:193 - Evaluating cnn_autoencoder on GASF
2026-02-08 20:10:07.620 | INFO     | src.models.evaluation:evaluate_tsb_ad_nonoverlapping:65 - Normal (29900) reconstruction error: mean=0.0318, std=0.0438
2026-02-08 20:10:07.620 | INFO     | src.models.evaluation:evaluate_tsb_ad_nonoverlapping:66 - Anomaly (100) reconstruction error: mean=0.0128, std=0.0105
2026-02-08 20:10:07.620 | INFO     | src.models.evaluation:evaluate_tsb_ad_nonoverlapping:67 - Overlap? Normal max=1.0000, Anomaly min=0.0012
2026-02-08 20:10:10.427 | INFO     | src.models.evaluation:evaluate_tsb_ad_nonoverlapping:83 - {'AUC-PR': 0.002413533328329283, 'AUC-ROC': 0.30553846153846154, 'VUS-PR': np.float64(0.0036032787350125366), 'VUS-ROC': np.float64(0.44208930169621385), 'Standard-F1': np.float64(0.006860995090254761), 'PA-F1': 0.02960331557134399, 'Event-based-F1': np.float64(0.006646726487205044), 'R-based-F1': 0.022172949002217297, 'Affiliation-F': 0.8239655559813559}
2026-02-08 20:10:10.719 | INFO     | src.pipelines.train_vision_backbones:run_pipeline:170 - Train images: 799
2026-02-08 20:10:10.719 | INFO     | src.pipelines.train_vision_backbones:run_pipeline:171 - Test images: 2999
2026-02-08 20:10:10.945 | INFO     | src.pipelines.train_vision_backbones:run_pipeline:176 - Training resnet18_autoencoder_frozen on GASF
2026-02-08 20:10:10.961 | INFO     | src.models.resnet18_autoencoder.training:train_autoencoder_frozen:25 - Device: cuda | Model on: cuda:0
2026-02-08 20:10:25.962 | INFO     | src.pipelines.train_vision_backbones:run_pipeline:193 - Evaluating resnet18_autoencoder_frozen on GASF
2026-02-08 20:10:28.922 | INFO     | src.models.evaluation:evaluate_tsb_ad_nonoverlapping:65 - Normal (29900) reconstruction error: mean=0.0787, std=0.0661
2026-02-08 20:10:28.922 | INFO     | src.models.evaluation:evaluate_tsb_ad_nonoverlapping:66 - Anomaly (100) reconstruction error: mean=0.0649, std=0.0442
2026-02-08 20:10:28.922 | INFO     | src.models.evaluation:evaluate_tsb_ad_nonoverlapping:67 - Overlap? Normal max=1.0000, Anomaly min=0.0044
2026-02-08 20:10:32.090 | INFO     | src.models.evaluation:evaluate_tsb_ad_nonoverlapping:83 - {'AUC-PR': 0.0032651546328772273, 'AUC-ROC': 0.4526622073578595, 'VUS-PR': np.float64(0.005912480898384077), 'VUS-ROC': np.float64(0.6007881190021103), 'Standard-F1': np.float64(0.0074817307700289154), 'PA-F1': 0.049091801669121256, 'Event-based-F1': np.float64(0.007380073800737999), 'R-based-F1': 0.008759124087591242, 'Affiliation-F': 0.7813919311423669}
2026-02-08 20:10:32.261 | INFO     | src.pipelines.train_vision_backbones:run_pipeline:170 - Train images: 799
2026-02-08 20:10:32.262 | INFO     | src.pipelines.train_vision_backbones:run_pipeline:171 - Test images: 2999
2026-02-08 20:10:32.488 | INFO     | src.pipelines.train_vision_backbones:run_pipeline:176 - Training resnet18_autoencoder_progressive_unfreeze on GASF
2026-02-08 20:10:32.507 | INFO     | src.models.resnet18_autoencoder.training:train_autoencoder_progressive_unfreeze:133 - Device: cuda | Model on: cuda:0
2026-02-08 20:11:20.301 | INFO     | src.pipelines.train_vision_backbones:run_pipeline:193 - Evaluating resnet18_autoencoder_progressive_unfreeze on GASF
2026-02-08 20:11:23.486 | INFO     | src.models.evaluation:evaluate_tsb_ad_nonoverlapping:65 - Normal (29900) reconstruction error: mean=0.1167, std=0.1378
2026-02-08 20:11:23.486 | INFO     | src.models.evaluation:evaluate_tsb_ad_nonoverlapping:66 - Anomaly (100) reconstruction error: mean=0.0351, std=0.0392
2026-02-08 20:11:23.486 | INFO     | src.models.evaluation:evaluate_tsb_ad_nonoverlapping:67 - Overlap? Normal max=1.0000, Anomaly min=0.0013
2026-02-08 20:11:27.058 | INFO     | src.models.evaluation:evaluate_tsb_ad_nonoverlapping:83 - {'AUC-PR': 0.0024073253371161745, 'AUC-ROC': 0.30399331103678934, 'VUS-PR': np.float64(0.0033476197553306856), 'VUS-ROC': np.float64(0.424739116615146), 'Standard-F1': np.float64(0.006731673064678745), 'PA-F1': 0.023078698361412416, 'Event-based-F1': np.float64(0.006646726487205044), 'R-based-F1': 0.007264270323882485, 'Affiliation-F': 0.8308624583453408}
2026-02-08 20:11:27.233 | INFO     | src.pipelines.train_vision_backbones:run_pipeline:170 - Train images: 799
2026-02-08 20:11:27.233 | INFO     | src.pipelines.train_vision_backbones:run_pipeline:171 - Test images: 2999
2026-02-08 20:11:27.460 | INFO     | src.pipelines.train_vision_backbones:run_pipeline:176 - Training resnet18_autoencoder_differential_lr on GASF
2026-02-08 20:11:27.476 | INFO     | src.models.resnet18_autoencoder.training:train_autoencoder_differential_lr:271 - Device: cuda | Model on: cuda:0
2026-02-08 20:12:40.820 | INFO     | src.pipelines.train_vision_backbones:run_pipeline:193 - Evaluating resnet18_autoencoder_differential_lr on GASF
2026-02-08 20:12:43.793 | INFO     | src.models.evaluation:evaluate_tsb_ad_nonoverlapping:65 - Normal (29900) reconstruction error: mean=0.0799, std=0.1160
2026-02-08 20:12:43.793 | INFO     | src.models.evaluation:evaluate_tsb_ad_nonoverlapping:66 - Anomaly (100) reconstruction error: mean=0.0464, std=0.0606
2026-02-08 20:12:43.793 | INFO     | src.models.evaluation:evaluate_tsb_ad_nonoverlapping:67 - Overlap? Normal max=1.0000, Anomaly min=0.0013
2026-02-08 20:12:47.035 | INFO     | src.models.evaluation:evaluate_tsb_ad_nonoverlapping:83 - {'AUC-PR': 0.0030852493066856573, 'AUC-ROC': 0.43687625418060205, 'VUS-PR': np.float64(0.004539044517660156), 'VUS-ROC': np.float64(0.5499762701022068), 'Standard-F1': np.float64(0.007105331343389815), 'PA-F1': 0.09541984732824428, 'Event-based-F1': np.float64(0.007002074688796673), 'R-based-F1': 0.0077046969917246065, 'Affiliation-F': 0.7599649393565117}
2026-02-08 20:12:47.207 | INFO     | src.pipelines.train_vision_backbones:run_pipeline:170 - Train images: 799
2026-02-08 20:12:47.208 | INFO     | src.pipelines.train_vision_backbones:run_pipeline:171 - Test images: 2999
2026-02-08 20:12:48.174 | INFO     | src.pipelines.train_vision_backbones:run_pipeline:176 - Training pvt_autoencoder_frozen on GASF
2026-02-08 20:12:48.200 | INFO     | src.models.pvt_autoencoder.training:train_pvt_autoencoder_frozen:24 - Device: cuda | Model on: cuda:0
2026-02-08 20:13:08.718 | INFO     | src.pipelines.train_vision_backbones:run_pipeline:193 - Evaluating pvt_autoencoder_frozen on GASF
2026-02-08 20:13:12.264 | INFO     | src.models.evaluation:evaluate_tsb_ad_nonoverlapping:65 - Normal (29900) reconstruction error: mean=0.0638, std=0.0716
2026-02-08 20:13:12.264 | INFO     | src.models.evaluation:evaluate_tsb_ad_nonoverlapping:66 - Anomaly (100) reconstruction error: mean=0.0462, std=0.0487
2026-02-08 20:13:12.264 | INFO     | src.models.evaluation:evaluate_tsb_ad_nonoverlapping:67 - Overlap? Normal max=1.0000, Anomaly min=0.0028
2026-02-08 20:13:15.376 | INFO     | src.models.evaluation:evaluate_tsb_ad_nonoverlapping:83 - {'AUC-PR': 0.0032099752809254638, 'AUC-ROC': 0.42165217391304355, 'VUS-PR': np.float64(0.005744109828076032), 'VUS-ROC': np.float64(0.5474815276403544), 'Standard-F1': np.float64(0.008332534798748454), 'PA-F1': 0.06896551724137931, 'Event-based-F1': np.float64(0.00735294117647058), 'R-based-F1': 0.011614023196587575, 'Affiliation-F': 0.8186940372615565}
2026-02-08 20:13:15.708 | INFO     | src.pipelines.train_vision_backbones:run_pipeline:170 - Train images: 799
2026-02-08 20:13:15.708 | INFO     | src.pipelines.train_vision_backbones:run_pipeline:171 - Test images: 2999
2026-02-08 20:13:16.679 | INFO     | src.pipelines.train_vision_backbones:run_pipeline:176 - Training pvt_autoencoder_progressive_unfreeze on GASF
2026-02-08 20:13:16.704 | INFO     | src.models.pvt_autoencoder.training:train_pvt_autoencoder_progressive_unfreeze:132 - Device: cuda | Model on: cuda:0
2026-02-08 20:13:52.535 | INFO     | src.pipelines.train_vision_backbones:run_pipeline:193 - Evaluating pvt_autoencoder_progressive_unfreeze on GASF
2026-02-08 20:13:56.161 | INFO     | src.models.evaluation:evaluate_tsb_ad_nonoverlapping:65 - Normal (29900) reconstruction error: mean=0.0607, std=0.0771
2026-02-08 20:13:56.161 | INFO     | src.models.evaluation:evaluate_tsb_ad_nonoverlapping:66 - Anomaly (100) reconstruction error: mean=0.0301, std=0.0314
2026-02-08 20:13:56.161 | INFO     | src.models.evaluation:evaluate_tsb_ad_nonoverlapping:67 - Overlap? Normal max=1.0000, Anomaly min=0.0009
2026-02-08 20:13:59.299 | INFO     | src.models.evaluation:evaluate_tsb_ad_nonoverlapping:83 - {'AUC-PR': 0.0027668628390555097, 'AUC-ROC': 0.3836254180602007, 'VUS-PR': np.float64(0.004118958521756555), 'VUS-ROC': np.float64(0.50655459289483), 'Standard-F1': np.float64(0.0070421534249822185), 'PA-F1': 0.031269543464665414, 'Event-based-F1': np.float64(0.006646726487205044), 'R-based-F1': 0.013531799729364006, 'Affiliation-F': 0.7221920556674793}
2026-02-08 20:13:59.464 | INFO     | src.pipelines.train_vision_backbones:run_pipeline:170 - Train images: 799
2026-02-08 20:13:59.465 | INFO     | src.pipelines.train_vision_backbones:run_pipeline:171 - Test images: 2999
2026-02-08 20:14:00.439 | INFO     | src.pipelines.train_vision_backbones:run_pipeline:176 - Training pvt_autoencoder_differential_lr on GASF
2026-02-08 20:14:00.466 | INFO     | src.models.pvt_autoencoder.training:train_pvt_autoencoder_differential_lr:267 - Device: cuda | Model on: cuda:0
2026-02-08 20:15:02.759 | INFO     | src.pipelines.train_vision_backbones:run_pipeline:193 - Evaluating pvt_autoencoder_differential_lr on GASF
2026-02-08 20:15:06.474 | INFO     | src.models.evaluation:evaluate_tsb_ad_nonoverlapping:65 - Normal (29900) reconstruction error: mean=0.0766, std=0.1172
2026-02-08 20:15:06.475 | INFO     | src.models.evaluation:evaluate_tsb_ad_nonoverlapping:66 - Anomaly (100) reconstruction error: mean=0.0294, std=0.0341
2026-02-08 20:15:06.475 | INFO     | src.models.evaluation:evaluate_tsb_ad_nonoverlapping:67 - Overlap? Normal max=1.0000, Anomaly min=0.0013
2026-02-08 20:15:09.677 | INFO     | src.models.evaluation:evaluate_tsb_ad_nonoverlapping:83 - {'AUC-PR': 0.0027453999769783046, 'AUC-ROC': 0.38062876254180605, 'VUS-PR': np.float64(0.004006929511976798), 'VUS-ROC': np.float64(0.5152697651703266), 'Standard-F1': np.float64(0.006874475669466016), 'PA-F1': 0.0429553264604811, 'Event-based-F1': np.float64(0.006646726487205044), 'R-based-F1': 0.007280750137892996, 'Affiliation-F': 0.8055666321843832}
2026-02-08 20:15:11.141 | INFO     | src.pipelines.train_vision_backbones:run_pipeline:70 - Using zip: /net/scratch/hscra/plgrid/plgsmendowski12/ts2i_images/UCR/452_UCR_id_150_Facility_tr_10000_1st_35774_ts2i_GADF.zip for transformation GADF
2026-02-08 20:15:15.572 | INFO     | src.pipelines.train_vision_backbones:run_pipeline:170 - Train images: 799
2026-02-08 20:15:15.572 | INFO     | src.pipelines.train_vision_backbones:run_pipeline:171 - Test images: 2999
2026-02-08 20:15:15.579 | INFO     | src.pipelines.train_vision_backbones:run_pipeline:176 - Training cnn_autoencoder on GADF
2026-02-08 20:15:15.584 | INFO     | src.models.cnn_autoencoder.training:train_autoencoder:22 - Device: cuda | Model on: cuda:0
2026-02-08 20:16:07.035 | INFO     | src.pipelines.train_vision_backbones:run_pipeline:193 - Evaluating cnn_autoencoder on GADF
2026-02-08 20:16:09.781 | INFO     | src.models.evaluation:evaluate_tsb_ad_nonoverlapping:65 - Normal (29900) reconstruction error: mean=0.1558, std=0.1185
2026-02-08 20:16:09.781 | INFO     | src.models.evaluation:evaluate_tsb_ad_nonoverlapping:66 - Anomaly (100) reconstruction error: mean=0.1018, std=0.0628
2026-02-08 20:16:09.781 | INFO     | src.models.evaluation:evaluate_tsb_ad_nonoverlapping:67 - Overlap? Normal max=1.0000, Anomaly min=0.0214
2026-02-08 20:16:13.552 | INFO     | src.models.evaluation:evaluate_tsb_ad_nonoverlapping:83 - {'AUC-PR': 0.0027096431639667506, 'AUC-ROC': 0.3720468227424749, 'VUS-PR': np.float64(0.0037936432461368004), 'VUS-ROC': np.float64(0.49213060732975544), 'Standard-F1': np.float64(0.006682192004748579), 'PA-F1': 0.043802014892685065, 'Event-based-F1': np.float64(0.006668889629876618), 'R-based-F1': 0.021271347360128864, 'Affiliation-F': 0.7478675742279546}
2026-02-08 20:16:13.724 | INFO     | src.pipelines.train_vision_backbones:run_pipeline:170 - Train images: 799
2026-02-08 20:16:13.724 | INFO     | src.pipelines.train_vision_backbones:run_pipeline:171 - Test images: 2999
2026-02-08 20:16:13.950 | INFO     | src.pipelines.train_vision_backbones:run_pipeline:176 - Training resnet18_autoencoder_frozen on GADF
2026-02-08 20:16:13.965 | INFO     | src.models.resnet18_autoencoder.training:train_autoencoder_frozen:25 - Device: cuda | Model on: cuda:0
2026-02-08 20:16:32.022 | INFO     | src.pipelines.train_vision_backbones:run_pipeline:193 - Evaluating resnet18_autoencoder_frozen on GADF
2026-02-08 20:16:35.527 | INFO     | src.models.evaluation:evaluate_tsb_ad_nonoverlapping:65 - Normal (29900) reconstruction error: mean=0.1320, std=0.1182
2026-02-08 20:16:35.527 | INFO     | src.models.evaluation:evaluate_tsb_ad_nonoverlapping:66 - Anomaly (100) reconstruction error: mean=0.0822, std=0.0705
2026-02-08 20:16:35.527 | INFO     | src.models.evaluation:evaluate_tsb_ad_nonoverlapping:67 - Overlap? Normal max=1.0000, Anomaly min=0.0036
2026-02-08 20:16:39.240 | INFO     | src.models.evaluation:evaluate_tsb_ad_nonoverlapping:83 - {'AUC-PR': 0.002722683912609063, 'AUC-ROC': 0.370989966555184, 'VUS-PR': np.float64(0.0036978747499307033), 'VUS-ROC': np.float64(0.4817304018858272), 'Standard-F1': np.float64(0.006738477316658009), 'PA-F1': 0.03284072249589491, 'Event-based-F1': np.float64(0.006646726487205044), 'R-based-F1': 0.01623367242466905, 'Affiliation-F': 0.6666856850806281}
2026-02-08 20:16:39.411 | INFO     | src.pipelines.train_vision_backbones:run_pipeline:170 - Train images: 799
2026-02-08 20:16:39.411 | INFO     | src.pipelines.train_vision_backbones:run_pipeline:171 - Test images: 2999
2026-02-08 20:16:39.636 | INFO     | src.pipelines.train_vision_backbones:run_pipeline:176 - Training resnet18_autoencoder_progressive_unfreeze on GADF
2026-02-08 20:16:39.652 | INFO     | src.models.resnet18_autoencoder.training:train_autoencoder_progressive_unfreeze:133 - Device: cuda | Model on: cuda:0
2026-02-08 20:17:55.427 | INFO     | src.pipelines.train_vision_backbones:run_pipeline:193 - Evaluating resnet18_autoencoder_progressive_unfreeze on GADF
2026-02-08 20:17:58.680 | INFO     | src.models.evaluation:evaluate_tsb_ad_nonoverlapping:65 - Normal (29900) reconstruction error: mean=0.1618, std=0.1823
2026-02-08 20:17:58.681 | INFO     | src.models.evaluation:evaluate_tsb_ad_nonoverlapping:66 - Anomaly (100) reconstruction error: mean=0.0964, std=0.1065
2026-02-08 20:17:58.681 | INFO     | src.models.evaluation:evaluate_tsb_ad_nonoverlapping:67 - Overlap? Normal max=1.0000, Anomaly min=0.0013
2026-02-08 20:18:02.734 | INFO     | src.models.evaluation:evaluate_tsb_ad_nonoverlapping:83 - {'AUC-PR': 0.002858679493573057, 'AUC-ROC': 0.3982207357859532, 'VUS-PR': np.float64(0.003926172267451095), 'VUS-ROC': np.float64(0.5110762528347069), 'Standard-F1': np.float64(0.006718105701647239), 'PA-F1': 0.03139717425431711, 'Event-based-F1': np.float64(0.006646726487205044), 'R-based-F1': 0.01926782273603083, 'Affiliation-F': 0.7434916758668478}
2026-02-08 20:18:02.898 | INFO     | src.pipelines.train_vision_backbones:run_pipeline:170 - Train images: 799
2026-02-08 20:18:02.899 | INFO     | src.pipelines.train_vision_backbones:run_pipeline:171 - Test images: 2999
2026-02-08 20:18:03.128 | INFO     | src.pipelines.train_vision_backbones:run_pipeline:176 - Training resnet18_autoencoder_differential_lr on GADF
2026-02-08 20:18:03.144 | INFO     | src.models.resnet18_autoencoder.training:train_autoencoder_differential_lr:271 - Device: cuda | Model on: cuda:0
2026-02-08 20:19:22.579 | INFO     | src.pipelines.train_vision_backbones:run_pipeline:193 - Evaluating resnet18_autoencoder_differential_lr on GADF
2026-02-08 20:19:25.537 | INFO     | src.models.evaluation:evaluate_tsb_ad_nonoverlapping:65 - Normal (29900) reconstruction error: mean=0.1144, std=0.1477
2026-02-08 20:19:25.538 | INFO     | src.models.evaluation:evaluate_tsb_ad_nonoverlapping:66 - Anomaly (100) reconstruction error: mean=0.0490, std=0.0603
2026-02-08 20:19:25.538 | INFO     | src.models.evaluation:evaluate_tsb_ad_nonoverlapping:67 - Overlap? Normal max=1.0000, Anomaly min=0.0039
2026-02-08 20:19:29.165 | INFO     | src.models.evaluation:evaluate_tsb_ad_nonoverlapping:83 - {'AUC-PR': 0.002677009968738578, 'AUC-ROC': 0.3704548494983277, 'VUS-PR': np.float64(0.0038927933299655773), 'VUS-ROC': np.float64(0.489528018789221), 'Standard-F1': np.float64(0.007052115905220211), 'PA-F1': 0.05159958720330237, 'Event-based-F1': np.float64(0.006646726487205044), 'R-based-F1': 0.013736263736263736, 'Affiliation-F': 0.7290146555985973}
2026-02-08 20:19:29.344 | INFO     | src.pipelines.train_vision_backbones:run_pipeline:170 - Train images: 799
2026-02-08 20:19:29.344 | INFO     | src.pipelines.train_vision_backbones:run_pipeline:171 - Test images: 2999
2026-02-08 20:19:30.396 | INFO     | src.pipelines.train_vision_backbones:run_pipeline:176 - Training pvt_autoencoder_frozen on GADF
2026-02-08 20:19:30.424 | INFO     | src.models.pvt_autoencoder.training:train_pvt_autoencoder_frozen:24 - Device: cuda | Model on: cuda:0
2026-02-08 20:19:47.862 | INFO     | src.pipelines.train_vision_backbones:run_pipeline:193 - Evaluating pvt_autoencoder_frozen on GADF
2026-02-08 20:19:51.170 | INFO     | src.models.evaluation:evaluate_tsb_ad_nonoverlapping:65 - Normal (29900) reconstruction error: mean=0.1339, std=0.1320
2026-02-08 20:19:51.170 | INFO     | src.models.evaluation:evaluate_tsb_ad_nonoverlapping:66 - Anomaly (100) reconstruction error: mean=0.2144, std=0.2908
2026-02-08 20:19:51.170 | INFO     | src.models.evaluation:evaluate_tsb_ad_nonoverlapping:67 - Overlap? Normal max=1.0000, Anomaly min=0.0036
2026-02-08 20:19:54.935 | INFO     | src.models.evaluation:evaluate_tsb_ad_nonoverlapping:83 - {'AUC-PR': 0.030220707545130402, 'AUC-ROC': 0.4769030100334448, 'VUS-PR': np.float64(0.017347651134347945), 'VUS-ROC': np.float64(0.5825878096346264), 'Standard-F1': np.float64(0.1333288890370321), 'PA-F1': 0.8333333333333334, 'Event-based-F1': np.float64(0.33333333333333304), 'R-based-F1': 0.23333333333333334, 'Affiliation-F': 0.93223330353631}
2026-02-08 20:19:55.090 | INFO     | src.pipelines.train_vision_backbones:run_pipeline:170 - Train images: 799
2026-02-08 20:19:55.091 | INFO     | src.pipelines.train_vision_backbones:run_pipeline:171 - Test images: 2999
2026-02-08 20:19:56.064 | INFO     | src.pipelines.train_vision_backbones:run_pipeline:176 - Training pvt_autoencoder_progressive_unfreeze on GADF
2026-02-08 20:19:56.090 | INFO     | src.models.pvt_autoencoder.training:train_pvt_autoencoder_progressive_unfreeze:132 - Device: cuda | Model on: cuda:0
2026-02-08 20:21:09.357 | INFO     | src.pipelines.train_vision_backbones:run_pipeline:193 - Evaluating pvt_autoencoder_progressive_unfreeze on GADF
2026-02-08 20:21:12.972 | INFO     | src.models.evaluation:evaluate_tsb_ad_nonoverlapping:65 - Normal (29900) reconstruction error: mean=0.0761, std=0.1011
2026-02-08 20:21:12.972 | INFO     | src.models.evaluation:evaluate_tsb_ad_nonoverlapping:66 - Anomaly (100) reconstruction error: mean=0.0349, std=0.0329
2026-02-08 20:21:12.972 | INFO     | src.models.evaluation:evaluate_tsb_ad_nonoverlapping:67 - Overlap? Normal max=1.0000, Anomaly min=0.0004
2026-02-08 20:21:16.207 | INFO     | src.models.evaluation:evaluate_tsb_ad_nonoverlapping:83 - {'AUC-PR': 0.002846324993034897, 'AUC-ROC': 0.39326421404682266, 'VUS-PR': np.float64(0.0038995693277192617), 'VUS-ROC': np.float64(0.5075275316166163), 'Standard-F1': np.float64(0.007572979109843246), 'PA-F1': 0.022456770716370984, 'Event-based-F1': np.float64(0.007100209778925278), 'R-based-F1': 0.012091898428053204, 'Affiliation-F': 0.729245525576827}
2026-02-08 20:21:16.537 | INFO     | src.pipelines.train_vision_backbones:run_pipeline:170 - Train images: 799
2026-02-08 20:21:16.538 | INFO     | src.pipelines.train_vision_backbones:run_pipeline:171 - Test images: 2999
2026-02-08 20:21:18.554 | INFO     | src.pipelines.train_vision_backbones:run_pipeline:176 - Training pvt_autoencoder_differential_lr on GADF
2026-02-08 20:21:18.580 | INFO     | src.models.pvt_autoencoder.training:train_pvt_autoencoder_differential_lr:267 - Device: cuda | Model on: cuda:0
2026-02-08 20:23:17.405 | INFO     | src.pipelines.train_vision_backbones:run_pipeline:193 - Evaluating pvt_autoencoder_differential_lr on GADF
2026-02-08 20:23:20.736 | INFO     | src.models.evaluation:evaluate_tsb_ad_nonoverlapping:65 - Normal (29900) reconstruction error: mean=0.0879, std=0.1317
2026-02-08 20:23:20.737 | INFO     | src.models.evaluation:evaluate_tsb_ad_nonoverlapping:66 - Anomaly (100) reconstruction error: mean=0.0355, std=0.0614
2026-02-08 20:23:20.737 | INFO     | src.models.evaluation:evaluate_tsb_ad_nonoverlapping:67 - Overlap? Normal max=1.0000, Anomaly min=0.0009
2026-02-08 20:23:24.036 | INFO     | src.models.evaluation:evaluate_tsb_ad_nonoverlapping:83 - {'AUC-PR': 0.0026921589088850003, 'AUC-ROC': 0.36508361204013373, 'VUS-PR': np.float64(0.004430864198487366), 'VUS-ROC': np.float64(0.4942278789407683), 'Standard-F1': np.float64(0.00678419290380342), 'PA-F1': 0.09727626459143969, 'Event-based-F1': np.float64(0.006646726487205044), 'R-based-F1': 0.01036056488142819, 'Affiliation-F': 0.7465641201308612}
2026-02-08 20:23:25.283 | INFO     | src.pipelines.train_vision_backbones:run_pipeline:70 - Using zip: /net/scratch/hscra/plgrid/plgsmendowski12/ts2i_images/UCR/452_UCR_id_150_Facility_tr_10000_1st_35774_ts2i_MTF.zip for transformation MTF
2026-02-08 20:23:30.035 | INFO     | src.pipelines.train_vision_backbones:run_pipeline:170 - Train images: 799
2026-02-08 20:23:30.035 | INFO     | src.pipelines.train_vision_backbones:run_pipeline:171 - Test images: 2999
2026-02-08 20:23:30.042 | INFO     | src.pipelines.train_vision_backbones:run_pipeline:176 - Training cnn_autoencoder on MTF
2026-02-08 20:23:30.048 | INFO     | src.models.cnn_autoencoder.training:train_autoencoder:22 - Device: cuda | Model on: cuda:0
2026-02-08 20:25:11.888 | INFO     | src.pipelines.train_vision_backbones:run_pipeline:193 - Evaluating cnn_autoencoder on MTF
2026-02-08 20:25:14.575 | INFO     | src.models.evaluation:evaluate_tsb_ad_nonoverlapping:65 - Normal (29900) reconstruction error: mean=0.0305, std=0.0448
2026-02-08 20:25:14.575 | INFO     | src.models.evaluation:evaluate_tsb_ad_nonoverlapping:66 - Anomaly (100) reconstruction error: mean=0.0437, std=0.0247
2026-02-08 20:25:14.575 | INFO     | src.models.evaluation:evaluate_tsb_ad_nonoverlapping:67 - Overlap? Normal max=1.0000, Anomaly min=0.0045
2026-02-08 20:25:17.359 | INFO     | src.models.evaluation:evaluate_tsb_ad_nonoverlapping:83 - {'AUC-PR': 0.006924153695067646, 'AUC-ROC': 0.6801304347826087, 'VUS-PR': np.float64(0.009748542961459475), 'VUS-ROC': np.float64(0.755336772989872), 'Standard-F1': np.float64(0.024690199719025526), 'PA-F1': 0.11363636363636363, 'Event-based-F1': np.float64(0.02499999999999997), 'R-based-F1': 0.026641294005708843, 'Affiliation-F': 0.7713987674884277}
2026-02-08 20:25:17.533 | INFO     | src.pipelines.train_vision_backbones:run_pipeline:170 - Train images: 799
2026-02-08 20:25:17.534 | INFO     | src.pipelines.train_vision_backbones:run_pipeline:171 - Test images: 2999
2026-02-08 20:25:17.759 | INFO     | src.pipelines.train_vision_backbones:run_pipeline:176 - Training resnet18_autoencoder_frozen on MTF
2026-02-08 20:25:17.775 | INFO     | src.models.resnet18_autoencoder.training:train_autoencoder_frozen:25 - Device: cuda | Model on: cuda:0
2026-02-08 20:25:41.521 | INFO     | src.pipelines.train_vision_backbones:run_pipeline:193 - Evaluating resnet18_autoencoder_frozen on MTF
2026-02-08 20:25:44.432 | INFO     | src.models.evaluation:evaluate_tsb_ad_nonoverlapping:65 - Normal (29900) reconstruction error: mean=0.0369, std=0.0506
2026-02-08 20:25:44.432 | INFO     | src.models.evaluation:evaluate_tsb_ad_nonoverlapping:66 - Anomaly (100) reconstruction error: mean=0.0358, std=0.0549
2026-02-08 20:25:44.432 | INFO     | src.models.evaluation:evaluate_tsb_ad_nonoverlapping:67 - Overlap? Normal max=1.0000, Anomaly min=0.0000
2026-02-08 20:25:47.269 | INFO     | src.models.evaluation:evaluate_tsb_ad_nonoverlapping:83 - {'AUC-PR': 0.005448639544871679, 'AUC-ROC': 0.42750501672240804, 'VUS-PR': np.float64(0.009375578787288279), 'VUS-ROC': np.float64(0.5815865312333851), 'Standard-F1': np.float64(0.035440826928518916), 'PA-F1': 0.28169014084507044, 'Event-based-F1': np.float64(0.03773584905660374), 'R-based-F1': 0.03804347826086956, 'Affiliation-F': 0.7855028687733614}
2026-02-08 20:25:47.440 | INFO     | src.pipelines.train_vision_backbones:run_pipeline:170 - Train images: 799
2026-02-08 20:25:47.440 | INFO     | src.pipelines.train_vision_backbones:run_pipeline:171 - Test images: 2999
2026-02-08 20:25:47.666 | INFO     | src.pipelines.train_vision_backbones:run_pipeline:176 - Training resnet18_autoencoder_progressive_unfreeze on MTF
2026-02-08 20:25:47.682 | INFO     | src.models.resnet18_autoencoder.training:train_autoencoder_progressive_unfreeze:133 - Device: cuda | Model on: cuda:0
2026-02-08 20:26:55.401 | INFO     | src.pipelines.train_vision_backbones:run_pipeline:193 - Evaluating resnet18_autoencoder_progressive_unfreeze on MTF
2026-02-08 20:26:58.658 | INFO     | src.models.evaluation:evaluate_tsb_ad_nonoverlapping:65 - Normal (29900) reconstruction error: mean=0.0299, std=0.0456
2026-02-08 20:26:58.658 | INFO     | src.models.evaluation:evaluate_tsb_ad_nonoverlapping:66 - Anomaly (100) reconstruction error: mean=0.0314, std=0.0467
2026-02-08 20:26:58.658 | INFO     | src.models.evaluation:evaluate_tsb_ad_nonoverlapping:67 - Overlap? Normal max=1.0000, Anomaly min=0.0000
2026-02-08 20:27:01.433 | INFO     | src.models.evaluation:evaluate_tsb_ad_nonoverlapping:83 - {'AUC-PR': 0.006385938186339179, 'AUC-ROC': 0.4507558528428094, 'VUS-PR': np.float64(0.008465215968283882), 'VUS-ROC': np.float64(0.5882169671404872), 'Standard-F1': np.float64(0.04444098792316152), 'PA-F1': 0.3389830508474576, 'Event-based-F1': np.float64(0.048780487804878), 'R-based-F1': 0.053231939163498096, 'Affiliation-F': 0.7538418129793935}
2026-02-08 20:27:01.604 | INFO     | src.pipelines.train_vision_backbones:run_pipeline:170 - Train images: 799
2026-02-08 20:27:01.604 | INFO     | src.pipelines.train_vision_backbones:run_pipeline:171 - Test images: 2999
2026-02-08 20:27:01.830 | INFO     | src.pipelines.train_vision_backbones:run_pipeline:176 - Training resnet18_autoencoder_differential_lr on MTF
2026-02-08 20:27:01.847 | INFO     | src.models.resnet18_autoencoder.training:train_autoencoder_differential_lr:271 - Device: cuda | Model on: cuda:0
2026-02-08 20:28:04.021 | INFO     | src.pipelines.train_vision_backbones:run_pipeline:193 - Evaluating resnet18_autoencoder_differential_lr on MTF
2026-02-08 20:28:07.320 | INFO     | src.models.evaluation:evaluate_tsb_ad_nonoverlapping:65 - Normal (29900) reconstruction error: mean=0.0221, std=0.0410
2026-02-08 20:28:07.320 | INFO     | src.models.evaluation:evaluate_tsb_ad_nonoverlapping:66 - Anomaly (100) reconstruction error: mean=0.0226, std=0.0366
2026-02-08 20:28:07.320 | INFO     | src.models.evaluation:evaluate_tsb_ad_nonoverlapping:67 - Overlap? Normal max=1.0000, Anomaly min=0.0000
2026-02-08 20:28:10.015 | INFO     | src.models.evaluation:evaluate_tsb_ad_nonoverlapping:83 - {'AUC-PR': 0.006170689210763122, 'AUC-ROC': 0.44103010033444817, 'VUS-PR': np.float64(0.008271260755214928), 'VUS-ROC': np.float64(0.5812897188157208), 'Standard-F1': np.float64(0.03447990511130113), 'PA-F1': 0.2597402597402597, 'Event-based-F1': np.float64(0.03389830508474573), 'R-based-F1': 0.03664921465968586, 'Affiliation-F': 0.7728736232573977}
2026-02-08 20:28:10.172 | INFO     | src.pipelines.train_vision_backbones:run_pipeline:170 - Train images: 799
2026-02-08 20:28:10.172 | INFO     | src.pipelines.train_vision_backbones:run_pipeline:171 - Test images: 2999
2026-02-08 20:28:13.445 | INFO     | src.pipelines.train_vision_backbones:run_pipeline:176 - Training pvt_autoencoder_frozen on MTF
2026-02-08 20:28:13.474 | INFO     | src.models.pvt_autoencoder.training:train_pvt_autoencoder_frozen:24 - Device: cuda | Model on: cuda:0
2026-02-08 20:28:45.478 | INFO     | src.pipelines.train_vision_backbones:run_pipeline:193 - Evaluating pvt_autoencoder_frozen on MTF
2026-02-08 20:28:48.966 | INFO     | src.models.evaluation:evaluate_tsb_ad_nonoverlapping:65 - Normal (29900) reconstruction error: mean=0.0325, std=0.0467
2026-02-08 20:28:48.966 | INFO     | src.models.evaluation:evaluate_tsb_ad_nonoverlapping:66 - Anomaly (100) reconstruction error: mean=0.0352, std=0.0560
2026-02-08 20:28:48.966 | INFO     | src.models.evaluation:evaluate_tsb_ad_nonoverlapping:67 - Overlap? Normal max=1.0000, Anomaly min=0.0008
2026-02-08 20:28:51.705 | INFO     | src.models.evaluation:evaluate_tsb_ad_nonoverlapping:83 - {'AUC-PR': 0.0064429373264130564, 'AUC-ROC': 0.4202073578595318, 'VUS-PR': np.float64(0.00840682771658342), 'VUS-ROC': np.float64(0.5636186839920042), 'Standard-F1': np.float64(0.046508058683868446), 'PA-F1': 0.38461538461538464, 'Event-based-F1': np.float64(0.05882352941176464), 'R-based-F1': 0.05622489959839357, 'Affiliation-F': 0.7779956638283162}
2026-02-08 20:28:51.883 | INFO     | src.pipelines.train_vision_backbones:run_pipeline:170 - Train images: 799
2026-02-08 20:28:51.883 | INFO     | src.pipelines.train_vision_backbones:run_pipeline:171 - Test images: 2999
2026-02-08 20:28:52.869 | INFO     | src.pipelines.train_vision_backbones:run_pipeline:176 - Training pvt_autoencoder_progressive_unfreeze on MTF
2026-02-08 20:28:52.896 | INFO     | src.models.pvt_autoencoder.training:train_pvt_autoencoder_progressive_unfreeze:132 - Device: cuda | Model on: cuda:0
2026-02-08 20:30:19.695 | INFO     | src.pipelines.train_vision_backbones:run_pipeline:193 - Evaluating pvt_autoencoder_progressive_unfreeze on MTF
2026-02-08 20:30:23.238 | INFO     | src.models.evaluation:evaluate_tsb_ad_nonoverlapping:65 - Normal (29900) reconstruction error: mean=0.0227, std=0.0408
2026-02-08 20:30:23.238 | INFO     | src.models.evaluation:evaluate_tsb_ad_nonoverlapping:66 - Anomaly (100) reconstruction error: mean=0.0225, std=0.0393
2026-02-08 20:30:23.238 | INFO     | src.models.evaluation:evaluate_tsb_ad_nonoverlapping:67 - Overlap? Normal max=1.0000, Anomaly min=0.0000
2026-02-08 20:30:25.919 | INFO     | src.models.evaluation:evaluate_tsb_ad_nonoverlapping:83 - {'AUC-PR': 0.006342482133802025, 'AUC-ROC': 0.4349565217391304, 'VUS-PR': np.float64(0.007727523937095306), 'VUS-ROC': np.float64(0.5581510467429004), 'Standard-F1': np.float64(0.04761541977754075), 'PA-F1': 0.36363636363636365, 'Event-based-F1': np.float64(0.054054054054053995), 'R-based-F1': 0.05622489959839357, 'Affiliation-F': 0.7776767066089962}
2026-02-08 20:30:26.094 | INFO     | src.pipelines.train_vision_backbones:run_pipeline:170 - Train images: 799
2026-02-08 20:30:26.095 | INFO     | src.pipelines.train_vision_backbones:run_pipeline:171 - Test images: 2999
2026-02-08 20:30:27.083 | INFO     | src.pipelines.train_vision_backbones:run_pipeline:176 - Training pvt_autoencoder_differential_lr on MTF
2026-02-08 20:30:27.111 | INFO     | src.models.pvt_autoencoder.training:train_pvt_autoencoder_differential_lr:267 - Device: cuda | Model on: cuda:0
2026-02-08 20:31:22.596 | INFO     | src.pipelines.train_vision_backbones:run_pipeline:193 - Evaluating pvt_autoencoder_differential_lr on MTF
2026-02-08 20:31:25.940 | INFO     | src.models.evaluation:evaluate_tsb_ad_nonoverlapping:65 - Normal (29900) reconstruction error: mean=0.0288, std=0.0459
2026-02-08 20:31:25.940 | INFO     | src.models.evaluation:evaluate_tsb_ad_nonoverlapping:66 - Anomaly (100) reconstruction error: mean=0.0279, std=0.0466
2026-02-08 20:31:25.940 | INFO     | src.models.evaluation:evaluate_tsb_ad_nonoverlapping:67 - Overlap? Normal max=1.0000, Anomaly min=0.0000
2026-02-08 20:31:28.663 | INFO     | src.models.evaluation:evaluate_tsb_ad_nonoverlapping:83 - {'AUC-PR': 0.005953897609372254, 'AUC-ROC': 0.43230100334448157, 'VUS-PR': np.float64(0.00743613170929847), 'VUS-ROC': np.float64(0.565362088607283), 'Standard-F1': np.float64(0.037732787717222945), 'PA-F1': 0.3225806451612903, 'Event-based-F1': np.float64(0.0454545454545454), 'R-based-F1': 0.04697986577181208, 'Affiliation-F': 0.7661002956509211}
2026-02-08 20:31:29.926 | INFO     | src.pipelines.train_vision_backbones:run_pipeline:70 - Using zip: /net/scratch/hscra/plgrid/plgsmendowski12/ts2i_images/UCR/452_UCR_id_150_Facility_tr_10000_1st_35774_ts2i_RP.zip for transformation RP
2026-02-08 20:31:35.473 | INFO     | src.pipelines.train_vision_backbones:run_pipeline:170 - Train images: 799
2026-02-08 20:31:35.473 | INFO     | src.pipelines.train_vision_backbones:run_pipeline:171 - Test images: 2999
2026-02-08 20:31:35.480 | INFO     | src.pipelines.train_vision_backbones:run_pipeline:176 - Training cnn_autoencoder on RP
2026-02-08 20:31:35.485 | INFO     | src.models.cnn_autoencoder.training:train_autoencoder:22 - Device: cuda | Model on: cuda:0
2026-02-08 20:32:36.832 | INFO     | src.pipelines.train_vision_backbones:run_pipeline:193 - Evaluating cnn_autoencoder on RP
2026-02-08 20:32:39.467 | INFO     | src.models.evaluation:evaluate_tsb_ad_nonoverlapping:65 - Normal (29900) reconstruction error: mean=0.2037, std=0.4027
2026-02-08 20:32:39.467 | INFO     | src.models.evaluation:evaluate_tsb_ad_nonoverlapping:66 - Anomaly (100) reconstruction error: mean=0.3000, std=0.4583
2026-02-08 20:32:39.467 | INFO     | src.models.evaluation:evaluate_tsb_ad_nonoverlapping:67 - Overlap? Normal max=1.0000, Anomaly min=0.0000
2026-02-08 20:32:44.226 | INFO     | src.models.evaluation:evaluate_tsb_ad_nonoverlapping:83 - {'AUC-PR': 0.003803921568627451, 'AUC-ROC': 0.5481605351170569, 'VUS-PR': np.float64(0.004893275483920129), 'VUS-ROC': np.float64(0.5502031814945437), 'Standard-F1': np.float64(0.009645985887279582), 'PA-F1': 0.03179650238473768, 'Event-based-F1': np.float64(0.0097560975609756), 'R-based-F1': 0.008524240809802876, 'Affiliation-F': 0.6548922409998309}
2026-02-08 20:32:44.394 | INFO     | src.pipelines.train_vision_backbones:run_pipeline:170 - Train images: 799
2026-02-08 20:32:44.394 | INFO     | src.pipelines.train_vision_backbones:run_pipeline:171 - Test images: 2999
2026-02-08 20:32:44.620 | INFO     | src.pipelines.train_vision_backbones:run_pipeline:176 - Training resnet18_autoencoder_frozen on RP
2026-02-08 20:32:44.636 | INFO     | src.models.resnet18_autoencoder.training:train_autoencoder_frozen:25 - Device: cuda | Model on: cuda:0
2026-02-08 20:33:35.463 | INFO     | src.pipelines.train_vision_backbones:run_pipeline:193 - Evaluating resnet18_autoencoder_frozen on RP
2026-02-08 20:33:38.514 | INFO     | src.models.evaluation:evaluate_tsb_ad_nonoverlapping:65 - Normal (29900) reconstruction error: mean=0.2037, std=0.4027
2026-02-08 20:33:38.514 | INFO     | src.models.evaluation:evaluate_tsb_ad_nonoverlapping:66 - Anomaly (100) reconstruction error: mean=0.2998, std=0.4579
2026-02-08 20:33:38.514 | INFO     | src.models.evaluation:evaluate_tsb_ad_nonoverlapping:67 - Overlap? Normal max=1.0000, Anomaly min=0.0001
2026-02-08 20:33:43.251 | INFO     | src.models.evaluation:evaluate_tsb_ad_nonoverlapping:83 - {'AUC-PR': 0.012173952149667206, 'AUC-ROC': 0.7927759197324414, 'VUS-PR': np.float64(0.013142265879531543), 'VUS-ROC': np.float64(0.7933333555322916), 'Standard-F1': np.float64(0.0301201852620307), 'PA-F1': 0.03179650238473768, 'Event-based-F1': np.float64(0.030120481927710812), 'R-based-F1': 0.008524240809802876, 'Affiliation-F': 0.6722333520242539}
2026-02-08 20:33:43.407 | INFO     | src.pipelines.train_vision_backbones:run_pipeline:170 - Train images: 799
2026-02-08 20:33:43.407 | INFO     | src.pipelines.train_vision_backbones:run_pipeline:171 - Test images: 2999
2026-02-08 20:33:43.632 | INFO     | src.pipelines.train_vision_backbones:run_pipeline:176 - Training resnet18_autoencoder_progressive_unfreeze on RP
2026-02-08 20:33:43.648 | INFO     | src.models.resnet18_autoencoder.training:train_autoencoder_progressive_unfreeze:133 - Device: cuda | Model on: cuda:0
2026-02-08 20:34:23.217 | INFO     | src.pipelines.train_vision_backbones:run_pipeline:193 - Evaluating resnet18_autoencoder_progressive_unfreeze on RP
2026-02-08 20:34:26.033 | INFO     | src.models.evaluation:evaluate_tsb_ad_nonoverlapping:65 - Normal (29900) reconstruction error: mean=0.2037, std=0.4027
2026-02-08 20:34:26.033 | INFO     | src.models.evaluation:evaluate_tsb_ad_nonoverlapping:66 - Anomaly (100) reconstruction error: mean=0.2999, std=0.4581
2026-02-08 20:34:26.033 | INFO     | src.models.evaluation:evaluate_tsb_ad_nonoverlapping:67 - Overlap? Normal max=1.0000, Anomaly min=0.0000
2026-02-08 20:34:30.730 | INFO     | src.models.evaluation:evaluate_tsb_ad_nonoverlapping:83 - {'AUC-PR': 0.012173952149667206, 'AUC-ROC': 0.7927759197324414, 'VUS-PR': np.float64(0.013142265879531543), 'VUS-ROC': np.float64(0.7933333555322916), 'Standard-F1': np.float64(0.0301201852620307), 'PA-F1': 0.03179650238473768, 'Event-based-F1': np.float64(0.030120481927710812), 'R-based-F1': 0.008524240809802876, 'Affiliation-F': 0.6722333520242539}
2026-02-08 20:34:30.901 | INFO     | src.pipelines.train_vision_backbones:run_pipeline:170 - Train images: 799
2026-02-08 20:34:30.901 | INFO     | src.pipelines.train_vision_backbones:run_pipeline:171 - Test images: 2999
2026-02-08 20:34:31.127 | INFO     | src.pipelines.train_vision_backbones:run_pipeline:176 - Training resnet18_autoencoder_differential_lr on RP
2026-02-08 20:34:31.143 | INFO     | src.models.resnet18_autoencoder.training:train_autoencoder_differential_lr:271 - Device: cuda | Model on: cuda:0
2026-02-08 20:35:35.610 | INFO     | src.pipelines.train_vision_backbones:run_pipeline:193 - Evaluating resnet18_autoencoder_differential_lr on RP
2026-02-08 20:35:38.651 | INFO     | src.models.evaluation:evaluate_tsb_ad_nonoverlapping:65 - Normal (29900) reconstruction error: mean=0.2037, std=0.4027
2026-02-08 20:35:38.651 | INFO     | src.models.evaluation:evaluate_tsb_ad_nonoverlapping:66 - Anomaly (100) reconstruction error: mean=0.3000, std=0.4583
2026-02-08 20:35:38.651 | INFO     | src.models.evaluation:evaluate_tsb_ad_nonoverlapping:67 - Overlap? Normal max=1.0000, Anomaly min=0.0000
2026-02-08 20:35:43.302 | INFO     | src.models.evaluation:evaluate_tsb_ad_nonoverlapping:83 - {'AUC-PR': 0.06661904761904762, 'AUC-ROC': 0.3035451505016722, 'VUS-PR': np.float64(0.06704916084394076), 'VUS-ROC': np.float64(0.40411783502401877), 'Standard-F1': np.float64(0.24999513898340867), 'PA-F1': 0.03179650238473768, 'Event-based-F1': np.float64(0.0097560975609756), 'R-based-F1': 0.2191780821917808, 'Affiliation-F': 0.6629476297303157}
2026-02-08 20:35:43.462 | INFO     | src.pipelines.train_vision_backbones:run_pipeline:170 - Train images: 799
2026-02-08 20:35:43.462 | INFO     | src.pipelines.train_vision_backbones:run_pipeline:171 - Test images: 2999
2026-02-08 20:35:44.453 | INFO     | src.pipelines.train_vision_backbones:run_pipeline:176 - Training pvt_autoencoder_frozen on RP
2026-02-08 20:35:44.482 | INFO     | src.models.pvt_autoencoder.training:train_pvt_autoencoder_frozen:24 - Device: cuda | Model on: cuda:0
2026-02-08 20:36:40.388 | INFO     | src.pipelines.train_vision_backbones:run_pipeline:193 - Evaluating pvt_autoencoder_frozen on RP
2026-02-08 20:36:43.969 | INFO     | src.models.evaluation:evaluate_tsb_ad_nonoverlapping:65 - Normal (29900) reconstruction error: mean=0.2037, std=0.4027
2026-02-08 20:36:43.970 | INFO     | src.models.evaluation:evaluate_tsb_ad_nonoverlapping:66 - Anomaly (100) reconstruction error: mean=0.3000, std=0.4582
2026-02-08 20:36:43.970 | INFO     | src.models.evaluation:evaluate_tsb_ad_nonoverlapping:67 - Overlap? Normal max=1.0000, Anomaly min=0.0000
2026-02-08 20:36:48.718 | INFO     | src.models.evaluation:evaluate_tsb_ad_nonoverlapping:83 - {'AUC-PR': 0.003803921568627451, 'AUC-ROC': 0.2435451505016722, 'VUS-PR': np.float64(0.004234494833374016), 'VUS-ROC': np.float64(0.34419826895298367), 'Standard-F1': np.float64(0.009645985887279582), 'PA-F1': 0.03179650238473768, 'Event-based-F1': np.float64(0.0097560975609756), 'R-based-F1': 0.2191780821917808, 'Affiliation-F': 0.6629476297303157}
2026-02-08 20:36:48.887 | INFO     | src.pipelines.train_vision_backbones:run_pipeline:170 - Train images: 799
2026-02-08 20:36:48.887 | INFO     | src.pipelines.train_vision_backbones:run_pipeline:171 - Test images: 2999
2026-02-08 20:36:49.920 | INFO     | src.pipelines.train_vision_backbones:run_pipeline:176 - Training pvt_autoencoder_progressive_unfreeze on RP
2026-02-08 20:36:49.946 | INFO     | src.models.pvt_autoencoder.training:train_pvt_autoencoder_progressive_unfreeze:132 - Device: cuda | Model on: cuda:0
2026-02-08 20:37:31.599 | INFO     | src.pipelines.train_vision_backbones:run_pipeline:193 - Evaluating pvt_autoencoder_progressive_unfreeze on RP
2026-02-08 20:37:34.782 | INFO     | src.models.evaluation:evaluate_tsb_ad_nonoverlapping:65 - Normal (29900) reconstruction error: mean=0.2037, std=0.4027
2026-02-08 20:37:34.783 | INFO     | src.models.evaluation:evaluate_tsb_ad_nonoverlapping:66 - Anomaly (100) reconstruction error: mean=0.3000, std=0.4583
2026-02-08 20:37:34.783 | INFO     | src.models.evaluation:evaluate_tsb_ad_nonoverlapping:67 - Overlap? Normal max=1.0000, Anomaly min=0.0000
2026-02-08 20:37:39.489 | INFO     | src.models.evaluation:evaluate_tsb_ad_nonoverlapping:83 - {'AUC-PR': 0.003803921568627451, 'AUC-ROC': 0.2435451505016722, 'VUS-PR': np.float64(0.004234494833374016), 'VUS-ROC': np.float64(0.34419826895298367), 'Standard-F1': np.float64(0.009645985887279582), 'PA-F1': 0.03179650238473768, 'Event-based-F1': np.float64(0.0097560975609756), 'R-based-F1': 0.2191780821917808, 'Affiliation-F': 0.6629476297303157}
2026-02-08 20:37:39.667 | INFO     | src.pipelines.train_vision_backbones:run_pipeline:170 - Train images: 799
2026-02-08 20:37:39.667 | INFO     | src.pipelines.train_vision_backbones:run_pipeline:171 - Test images: 2999
2026-02-08 20:37:40.662 | INFO     | src.pipelines.train_vision_backbones:run_pipeline:176 - Training pvt_autoencoder_differential_lr on RP
2026-02-08 20:37:40.689 | INFO     | src.models.pvt_autoencoder.training:train_pvt_autoencoder_differential_lr:267 - Device: cuda | Model on: cuda:0
2026-02-08 20:38:53.650 | INFO     | src.pipelines.train_vision_backbones:run_pipeline:193 - Evaluating pvt_autoencoder_differential_lr on RP
2026-02-08 20:38:57.167 | INFO     | src.models.evaluation:evaluate_tsb_ad_nonoverlapping:65 - Normal (29900) reconstruction error: mean=0.2037, std=0.4027
2026-02-08 20:38:57.167 | INFO     | src.models.evaluation:evaluate_tsb_ad_nonoverlapping:66 - Anomaly (100) reconstruction error: mean=0.3000, std=0.4583
2026-02-08 20:38:57.167 | INFO     | src.models.evaluation:evaluate_tsb_ad_nonoverlapping:67 - Overlap? Normal max=1.0000, Anomaly min=0.0000
2026-02-08 20:39:01.845 | INFO     | src.models.evaluation:evaluate_tsb_ad_nonoverlapping:83 - {'AUC-PR': 0.06661904761904762, 'AUC-ROC': 0.3035451505016722, 'VUS-PR': np.float64(0.06704916084394076), 'VUS-ROC': np.float64(0.40411783502401877), 'Standard-F1': np.float64(0.24999513898340867), 'PA-F1': 0.03179650238473768, 'Event-based-F1': np.float64(0.0097560975609756), 'R-based-F1': 0.2191780821917808, 'Affiliation-F': 0.6629476297303157}
2026-02-08 20:39:03.124 | INFO     | src.pipelines.train_vision_backbones:run_pipeline:70 - Using zip: /net/scratch/hscra/plgrid/plgsmendowski12/ts2i_images/UCR/452_UCR_id_150_Facility_tr_10000_1st_35774_ts2i_RWT.zip for transformation RWT
2026-02-08 20:39:08.054 | INFO     | src.pipelines.train_vision_backbones:run_pipeline:170 - Train images: 799
2026-02-08 20:39:08.054 | INFO     | src.pipelines.train_vision_backbones:run_pipeline:171 - Test images: 2999
2026-02-08 20:39:08.060 | INFO     | src.pipelines.train_vision_backbones:run_pipeline:176 - Training cnn_autoencoder on RWT
2026-02-08 20:39:08.066 | INFO     | src.models.cnn_autoencoder.training:train_autoencoder:22 - Device: cuda | Model on: cuda:0
2026-02-08 20:39:48.808 | INFO     | src.pipelines.train_vision_backbones:run_pipeline:193 - Evaluating cnn_autoencoder on RWT
2026-02-08 20:39:51.780 | INFO     | src.models.evaluation:evaluate_tsb_ad_nonoverlapping:65 - Normal (29900) reconstruction error: mean=0.0018, std=0.0333
2026-02-08 20:39:51.780 | INFO     | src.models.evaluation:evaluate_tsb_ad_nonoverlapping:66 - Anomaly (100) reconstruction error: mean=0.0929, std=0.2612
2026-02-08 20:39:51.781 | INFO     | src.models.evaluation:evaluate_tsb_ad_nonoverlapping:67 - Overlap? Normal max=1.0000, Anomaly min=0.0000
2026-02-08 20:39:54.293 | INFO     | src.models.evaluation:evaluate_tsb_ad_nonoverlapping:83 - {'AUC-PR': 0.05249975373418624, 'AUC-ROC': 0.6461538461538461, 'VUS-PR': np.float64(0.07342051630326851), 'VUS-ROC': np.float64(0.7942088862544325), 'Standard-F1': np.float64(0.19047120194471098), 'PA-F1': 0.8695652173913043, 'Event-based-F1': np.float64(0.39999999999999963), 'R-based-F1': 0.2641509433962264, 'Affiliation-F': 0.8800999684379295}
2026-02-08 20:39:54.451 | INFO     | src.pipelines.train_vision_backbones:run_pipeline:170 - Train images: 799
2026-02-08 20:39:54.451 | INFO     | src.pipelines.train_vision_backbones:run_pipeline:171 - Test images: 2999
2026-02-08 20:39:54.677 | INFO     | src.pipelines.train_vision_backbones:run_pipeline:176 - Training resnet18_autoencoder_frozen on RWT
2026-02-08 20:39:54.692 | INFO     | src.models.resnet18_autoencoder.training:train_autoencoder_frozen:25 - Device: cuda | Model on: cuda:0
2026-02-08 20:40:25.202 | INFO     | src.pipelines.train_vision_backbones:run_pipeline:193 - Evaluating resnet18_autoencoder_frozen on RWT
2026-02-08 20:40:28.464 | INFO     | src.models.evaluation:evaluate_tsb_ad_nonoverlapping:65 - Normal (29900) reconstruction error: mean=0.0034, std=0.0338
2026-02-08 20:40:28.464 | INFO     | src.models.evaluation:evaluate_tsb_ad_nonoverlapping:66 - Anomaly (100) reconstruction error: mean=0.0758, std=0.1998
2026-02-08 20:40:28.465 | INFO     | src.models.evaluation:evaluate_tsb_ad_nonoverlapping:67 - Overlap? Normal max=1.0000, Anomaly min=0.0001
2026-02-08 20:40:30.918 | INFO     | src.models.evaluation:evaluate_tsb_ad_nonoverlapping:83 - {'AUC-PR': 0.04723092988975531, 'AUC-ROC': 0.6565150501672241, 'VUS-PR': np.float64(0.06442767742051556), 'VUS-ROC': np.float64(0.7901701123982411), 'Standard-F1': np.float64(0.15999520014399568), 'PA-F1': 0.8695652173913043, 'Event-based-F1': np.float64(0.39999999999999963), 'R-based-F1': 0.2641509433962264, 'Affiliation-F': 0.8800999684379295}
2026-02-08 20:40:31.073 | INFO     | src.pipelines.train_vision_backbones:run_pipeline:170 - Train images: 799
2026-02-08 20:40:31.074 | INFO     | src.pipelines.train_vision_backbones:run_pipeline:171 - Test images: 2999
2026-02-08 20:40:31.299 | INFO     | src.pipelines.train_vision_backbones:run_pipeline:176 - Training resnet18_autoencoder_progressive_unfreeze on RWT
2026-02-08 20:40:31.316 | INFO     | src.models.resnet18_autoencoder.training:train_autoencoder_progressive_unfreeze:133 - Device: cuda | Model on: cuda:0
2026-02-08 20:41:03.226 | INFO     | src.pipelines.train_vision_backbones:run_pipeline:193 - Evaluating resnet18_autoencoder_progressive_unfreeze on RWT
2026-02-08 20:41:06.199 | INFO     | src.models.evaluation:evaluate_tsb_ad_nonoverlapping:65 - Normal (29900) reconstruction error: mean=0.0033, std=0.0329
2026-02-08 20:41:06.199 | INFO     | src.models.evaluation:evaluate_tsb_ad_nonoverlapping:66 - Anomaly (100) reconstruction error: mean=0.0922, std=0.2322
2026-02-08 20:41:06.199 | INFO     | src.models.evaluation:evaluate_tsb_ad_nonoverlapping:67 - Overlap? Normal max=1.0000, Anomaly min=0.0003
2026-02-08 20:41:08.632 | INFO     | src.models.evaluation:evaluate_tsb_ad_nonoverlapping:83 - {'AUC-PR': 0.059719182177882905, 'AUC-ROC': 0.6859464882943144, 'VUS-PR': np.float64(0.07965371611682923), 'VUS-ROC': np.float64(0.793229541531134), 'Standard-F1': np.float64(0.19047120194471098), 'PA-F1': 0.8695652173913043, 'Event-based-F1': np.float64(0.39999999999999963), 'R-based-F1': 0.2641509433962264, 'Affiliation-F': 0.8202293406809353}
2026-02-08 20:41:08.804 | INFO     | src.pipelines.train_vision_backbones:run_pipeline:170 - Train images: 799
2026-02-08 20:41:08.805 | INFO     | src.pipelines.train_vision_backbones:run_pipeline:171 - Test images: 2999
2026-02-08 20:41:09.028 | INFO     | src.pipelines.train_vision_backbones:run_pipeline:176 - Training resnet18_autoencoder_differential_lr on RWT
2026-02-08 20:41:09.044 | INFO     | src.models.resnet18_autoencoder.training:train_autoencoder_differential_lr:271 - Device: cuda | Model on: cuda:0
2026-02-08 20:41:38.260 | INFO     | src.pipelines.train_vision_backbones:run_pipeline:193 - Evaluating resnet18_autoencoder_differential_lr on RWT
2026-02-08 20:41:40.734 | INFO     | src.models.evaluation:evaluate_tsb_ad_nonoverlapping:65 - Normal (29900) reconstruction error: mean=0.0031, std=0.0307
2026-02-08 20:41:40.734 | INFO     | src.models.evaluation:evaluate_tsb_ad_nonoverlapping:66 - Anomaly (100) reconstruction error: mean=0.1149, std=0.2972
2026-02-08 20:41:40.734 | INFO     | src.models.evaluation:evaluate_tsb_ad_nonoverlapping:67 - Overlap? Normal max=0.9270, Anomaly min=0.0001
2026-02-08 20:41:43.179 | INFO     | src.models.evaluation:evaluate_tsb_ad_nonoverlapping:83 - {'AUC-PR': 0.13153060860368884, 'AUC-ROC': 0.669979933110368, 'VUS-PR': np.float64(0.15413869229205537), 'VUS-ROC': np.float64(0.819850811508311), 'Standard-F1': np.float64(0.1999950001249969), 'PA-F1': 1.0, 'Event-based-F1': np.float64(0.9999999999999996), 'R-based-F1': 0.43750000000000006, 'Affiliation-F': 0.999297506849808}
2026-02-08 20:41:43.338 | INFO     | src.pipelines.train_vision_backbones:run_pipeline:170 - Train images: 799
2026-02-08 20:41:43.338 | INFO     | src.pipelines.train_vision_backbones:run_pipeline:171 - Test images: 2999
2026-02-08 20:41:44.312 | INFO     | src.pipelines.train_vision_backbones:run_pipeline:176 - Training pvt_autoencoder_frozen on RWT
2026-02-08 20:41:44.338 | INFO     | src.models.pvt_autoencoder.training:train_pvt_autoencoder_frozen:24 - Device: cuda | Model on: cuda:0
2026-02-08 20:42:11.192 | INFO     | src.pipelines.train_vision_backbones:run_pipeline:193 - Evaluating pvt_autoencoder_frozen on RWT
2026-02-08 20:42:13.431 | INFO     | src.models.evaluation:evaluate_tsb_ad_nonoverlapping:65 - Normal (29900) reconstruction error: mean=0.0029, std=0.0357
2026-02-08 20:42:13.431 | INFO     | src.models.evaluation:evaluate_tsb_ad_nonoverlapping:66 - Anomaly (100) reconstruction error: mean=0.1218, std=0.2703
2026-02-08 20:42:13.431 | INFO     | src.models.evaluation:evaluate_tsb_ad_nonoverlapping:67 - Overlap? Normal max=1.0000, Anomaly min=0.0000
2026-02-08 20:42:15.887 | INFO     | src.models.evaluation:evaluate_tsb_ad_nonoverlapping:83 - {'AUC-PR': 0.06451355582164335, 'AUC-ROC': 0.6788026755852843, 'VUS-PR': np.float64(0.07085692856501397), 'VUS-ROC': np.float64(0.8196817489514248), 'Standard-F1': np.float64(0.2105213297579794), 'PA-F1': 0.9090909090909091, 'Event-based-F1': np.float64(0.4999999999999996), 'R-based-F1': 0.30434782608695654, 'Affiliation-F': 0.8787666350567077}
2026-02-08 20:42:16.048 | INFO     | src.pipelines.train_vision_backbones:run_pipeline:170 - Train images: 799
2026-02-08 20:42:16.048 | INFO     | src.pipelines.train_vision_backbones:run_pipeline:171 - Test images: 2999
2026-02-08 20:42:17.029 | INFO     | src.pipelines.train_vision_backbones:run_pipeline:176 - Training pvt_autoencoder_progressive_unfreeze on RWT
2026-02-08 20:42:17.055 | INFO     | src.models.pvt_autoencoder.training:train_pvt_autoencoder_progressive_unfreeze:132 - Device: cuda | Model on: cuda:0
2026-02-08 20:43:06.141 | INFO     | src.pipelines.train_vision_backbones:run_pipeline:193 - Evaluating pvt_autoencoder_progressive_unfreeze on RWT
2026-02-08 20:43:08.307 | INFO     | src.models.evaluation:evaluate_tsb_ad_nonoverlapping:65 - Normal (29900) reconstruction error: mean=0.0026, std=0.0311
2026-02-08 20:43:08.307 | INFO     | src.models.evaluation:evaluate_tsb_ad_nonoverlapping:66 - Anomaly (100) reconstruction error: mean=0.1023, std=0.2648
2026-02-08 20:43:08.307 | INFO     | src.models.evaluation:evaluate_tsb_ad_nonoverlapping:67 - Overlap? Normal max=1.0000, Anomaly min=0.0001
2026-02-08 20:43:10.846 | INFO     | src.models.evaluation:evaluate_tsb_ad_nonoverlapping:83 - {'AUC-PR': 0.0642149941526681, 'AUC-ROC': 0.7339264214046822, 'VUS-PR': np.float64(0.07616490960220891), 'VUS-ROC': np.float64(0.848652298672505), 'Standard-F1': np.float64(0.19047120194471098), 'PA-F1': 0.9090909090909091, 'Event-based-F1': np.float64(0.4999999999999996), 'R-based-F1': 0.30434782608695654, 'Affiliation-F': 0.8787666350567077}
2026-02-08 20:43:11.010 | INFO     | src.pipelines.train_vision_backbones:run_pipeline:170 - Train images: 799
2026-02-08 20:43:11.010 | INFO     | src.pipelines.train_vision_backbones:run_pipeline:171 - Test images: 2999
2026-02-08 20:43:11.988 | INFO     | src.pipelines.train_vision_backbones:run_pipeline:176 - Training pvt_autoencoder_differential_lr on RWT
2026-02-08 20:43:12.014 | INFO     | src.models.pvt_autoencoder.training:train_pvt_autoencoder_differential_lr:267 - Device: cuda | Model on: cuda:0
2026-02-08 20:43:49.728 | INFO     | src.pipelines.train_vision_backbones:run_pipeline:193 - Evaluating pvt_autoencoder_differential_lr on RWT
2026-02-08 20:43:51.975 | INFO     | src.models.evaluation:evaluate_tsb_ad_nonoverlapping:65 - Normal (29900) reconstruction error: mean=0.0030, std=0.0339
2026-02-08 20:43:51.975 | INFO     | src.models.evaluation:evaluate_tsb_ad_nonoverlapping:66 - Anomaly (100) reconstruction error: mean=0.1089, std=0.2849
2026-02-08 20:43:51.975 | INFO     | src.models.evaluation:evaluate_tsb_ad_nonoverlapping:67 - Overlap? Normal max=1.0000, Anomaly min=0.0001
2026-02-08 20:43:54.483 | INFO     | src.models.evaluation:evaluate_tsb_ad_nonoverlapping:83 - {'AUC-PR': 0.08092050990084597, 'AUC-ROC': 0.6996989966555184, 'VUS-PR': np.float64(0.07333856058934386), 'VUS-ROC': np.float64(0.8378070177933995), 'Standard-F1': np.float64(0.1999950001249969), 'PA-F1': 0.9523809523809523, 'Event-based-F1': np.float64(0.6666666666666662), 'R-based-F1': 0.358974358974359, 'Affiliation-F': 0.9680408265459028}
2026-02-08 20:43:56.059 | INFO     | src.pipelines.train_vision_backbones:run_pipeline:70 - Using zip: /net/scratch/hscra/plgrid/plgsmendowski12/ts2i_images/UCR/452_UCR_id_150_Facility_tr_10000_1st_35774_ts2i_MWT.zip for transformation MWT
2026-02-08 20:44:00.901 | INFO     | src.pipelines.train_vision_backbones:run_pipeline:170 - Train images: 799
2026-02-08 20:44:00.902 | INFO     | src.pipelines.train_vision_backbones:run_pipeline:171 - Test images: 2999
2026-02-08 20:44:00.908 | INFO     | src.pipelines.train_vision_backbones:run_pipeline:176 - Training cnn_autoencoder on MWT
2026-02-08 20:44:00.913 | INFO     | src.models.cnn_autoencoder.training:train_autoencoder:22 - Device: cuda | Model on: cuda:0
2026-02-08 20:44:46.415 | INFO     | src.pipelines.train_vision_backbones:run_pipeline:193 - Evaluating cnn_autoencoder on MWT
2026-02-08 20:44:49.465 | INFO     | src.models.evaluation:evaluate_tsb_ad_nonoverlapping:65 - Normal (29900) reconstruction error: mean=0.0125, std=0.0369
2026-02-08 20:44:49.465 | INFO     | src.models.evaluation:evaluate_tsb_ad_nonoverlapping:66 - Anomaly (100) reconstruction error: mean=0.0320, std=0.0425
2026-02-08 20:44:49.466 | INFO     | src.models.evaluation:evaluate_tsb_ad_nonoverlapping:67 - Overlap? Normal max=1.0000, Anomaly min=0.0002
2026-02-08 20:44:52.095 | INFO     | src.models.evaluation:evaluate_tsb_ad_nonoverlapping:83 - {'AUC-PR': 0.016723078032384847, 'AUC-ROC': 0.6257591973244148, 'VUS-PR': np.float64(0.03716224794688652), 'VUS-ROC': np.float64(0.7763510074146796), 'Standard-F1': np.float64(0.09999625014061973), 'PA-F1': 0.4166666666666667, 'Event-based-F1': np.float64(0.12121212121212109), 'R-based-F1': 0.08139534883720931, 'Affiliation-F': 0.7089519799952245}
2026-02-08 20:44:52.261 | INFO     | src.pipelines.train_vision_backbones:run_pipeline:170 - Train images: 799
2026-02-08 20:44:52.261 | INFO     | src.pipelines.train_vision_backbones:run_pipeline:171 - Test images: 2999
2026-02-08 20:44:52.487 | INFO     | src.pipelines.train_vision_backbones:run_pipeline:176 - Training resnet18_autoencoder_frozen on MWT
2026-02-08 20:44:52.503 | INFO     | src.models.resnet18_autoencoder.training:train_autoencoder_frozen:25 - Device: cuda | Model on: cuda:0
2026-02-08 20:45:38.490 | INFO     | src.pipelines.train_vision_backbones:run_pipeline:193 - Evaluating resnet18_autoencoder_frozen on MWT
2026-02-08 20:45:41.465 | INFO     | src.models.evaluation:evaluate_tsb_ad_nonoverlapping:65 - Normal (29900) reconstruction error: mean=0.0152, std=0.0473
2026-02-08 20:45:41.465 | INFO     | src.models.evaluation:evaluate_tsb_ad_nonoverlapping:66 - Anomaly (100) reconstruction error: mean=0.0880, std=0.1615
2026-02-08 20:45:41.466 | INFO     | src.models.evaluation:evaluate_tsb_ad_nonoverlapping:67 - Overlap? Normal max=1.0000, Anomaly min=0.0006
2026-02-08 20:45:44.081 | INFO     | src.models.evaluation:evaluate_tsb_ad_nonoverlapping:83 - {'AUC-PR': 0.025560960452682937, 'AUC-ROC': 0.5966220735785953, 'VUS-PR': np.float64(0.039518824518337825), 'VUS-ROC': np.float64(0.7555341612104499), 'Standard-F1': np.float64(0.12902788776509183), 'PA-F1': 0.7142857142857143, 'Event-based-F1': np.float64(0.1999999999999998), 'R-based-F1': 0.18918918918918917, 'Affiliation-F': 0.7391380199029072}
2026-02-08 20:45:44.254 | INFO     | src.pipelines.train_vision_backbones:run_pipeline:170 - Train images: 799
2026-02-08 20:45:44.255 | INFO     | src.pipelines.train_vision_backbones:run_pipeline:171 - Test images: 2999
2026-02-08 20:45:44.479 | INFO     | src.pipelines.train_vision_backbones:run_pipeline:176 - Training resnet18_autoencoder_progressive_unfreeze on MWT
2026-02-08 20:45:44.495 | INFO     | src.models.resnet18_autoencoder.training:train_autoencoder_progressive_unfreeze:133 - Device: cuda | Model on: cuda:0
2026-02-08 20:46:31.629 | INFO     | src.pipelines.train_vision_backbones:run_pipeline:193 - Evaluating resnet18_autoencoder_progressive_unfreeze on MWT
2026-02-08 20:46:34.958 | INFO     | src.models.evaluation:evaluate_tsb_ad_nonoverlapping:65 - Normal (29900) reconstruction error: mean=0.0082, std=0.0362
2026-02-08 20:46:34.958 | INFO     | src.models.evaluation:evaluate_tsb_ad_nonoverlapping:66 - Anomaly (100) reconstruction error: mean=0.0341, std=0.0555
2026-02-08 20:46:34.958 | INFO     | src.models.evaluation:evaluate_tsb_ad_nonoverlapping:67 - Overlap? Normal max=1.0000, Anomaly min=0.0003
2026-02-08 20:46:37.439 | INFO     | src.models.evaluation:evaluate_tsb_ad_nonoverlapping:83 - {'AUC-PR': 0.02087451809577564, 'AUC-ROC': 0.6079197324414716, 'VUS-PR': np.float64(0.04117701656662093), 'VUS-ROC': np.float64(0.7621772921837716), 'Standard-F1': np.float64(0.12120789730054861), 'PA-F1': 0.5263157894736842, 'Event-based-F1': np.float64(0.1538461538461537), 'R-based-F1': 0.11382113821138212, 'Affiliation-F': 0.8800999684379295}
2026-02-08 20:46:37.612 | INFO     | src.pipelines.train_vision_backbones:run_pipeline:170 - Train images: 799
2026-02-08 20:46:37.612 | INFO     | src.pipelines.train_vision_backbones:run_pipeline:171 - Test images: 2999
2026-02-08 20:46:37.836 | INFO     | src.pipelines.train_vision_backbones:run_pipeline:176 - Training resnet18_autoencoder_differential_lr on MWT
2026-02-08 20:46:37.852 | INFO     | src.models.resnet18_autoencoder.training:train_autoencoder_differential_lr:271 - Device: cuda | Model on: cuda:0
2026-02-08 20:47:22.706 | INFO     | src.pipelines.train_vision_backbones:run_pipeline:193 - Evaluating resnet18_autoencoder_differential_lr on MWT
2026-02-08 20:47:25.235 | INFO     | src.models.evaluation:evaluate_tsb_ad_nonoverlapping:65 - Normal (29900) reconstruction error: mean=0.0092, std=0.0404
2026-02-08 20:47:25.235 | INFO     | src.models.evaluation:evaluate_tsb_ad_nonoverlapping:66 - Anomaly (100) reconstruction error: mean=0.0446, std=0.0687
2026-02-08 20:47:25.235 | INFO     | src.models.evaluation:evaluate_tsb_ad_nonoverlapping:67 - Overlap? Normal max=1.0000, Anomaly min=0.0005
2026-02-08 20:47:27.717 | INFO     | src.models.evaluation:evaluate_tsb_ad_nonoverlapping:83 - {'AUC-PR': 0.024608999449181813, 'AUC-ROC': 0.6235785953177257, 'VUS-PR': np.float64(0.04769190467465342), 'VUS-ROC': np.float64(0.7701731056660882), 'Standard-F1': np.float64(0.12902788776509183), 'PA-F1': 0.5128205128205128, 'Event-based-F1': np.float64(0.17391304347826067), 'R-based-F1': 0.11250000000000002, 'Affiliation-F': 0.8787666350567077}
2026-02-08 20:47:27.875 | INFO     | src.pipelines.train_vision_backbones:run_pipeline:170 - Train images: 799
2026-02-08 20:47:27.875 | INFO     | src.pipelines.train_vision_backbones:run_pipeline:171 - Test images: 2999
2026-02-08 20:47:28.852 | INFO     | src.pipelines.train_vision_backbones:run_pipeline:176 - Training pvt_autoencoder_frozen on MWT
2026-02-08 20:47:28.878 | INFO     | src.models.pvt_autoencoder.training:train_pvt_autoencoder_frozen:24 - Device: cuda | Model on: cuda:0
2026-02-08 20:48:08.700 | INFO     | src.pipelines.train_vision_backbones:run_pipeline:193 - Evaluating pvt_autoencoder_frozen on MWT
2026-02-08 20:48:10.893 | INFO     | src.models.evaluation:evaluate_tsb_ad_nonoverlapping:65 - Normal (29900) reconstruction error: mean=0.0097, std=0.0422
2026-02-08 20:48:10.893 | INFO     | src.models.evaluation:evaluate_tsb_ad_nonoverlapping:66 - Anomaly (100) reconstruction error: mean=0.0882, std=0.1532
2026-02-08 20:48:10.893 | INFO     | src.models.evaluation:evaluate_tsb_ad_nonoverlapping:67 - Overlap? Normal max=1.0000, Anomaly min=0.0004
2026-02-08 20:48:13.408 | INFO     | src.models.evaluation:evaluate_tsb_ad_nonoverlapping:83 - {'AUC-PR': 0.040677060722280285, 'AUC-ROC': 0.6484481605351171, 'VUS-PR': np.float64(0.08123148358953894), 'VUS-ROC': np.float64(0.7917186362559746), 'Standard-F1': np.float64(0.19047120194471098), 'PA-F1': 0.7142857142857143, 'Event-based-F1': np.float64(0.3076923076923074), 'R-based-F1': 0.1590909090909091, 'Affiliation-F': 0.8774333016753405}
2026-02-08 20:48:13.566 | INFO     | src.pipelines.train_vision_backbones:run_pipeline:170 - Train images: 799
2026-02-08 20:48:13.566 | INFO     | src.pipelines.train_vision_backbones:run_pipeline:171 - Test images: 2999
2026-02-08 20:48:14.542 | INFO     | src.pipelines.train_vision_backbones:run_pipeline:176 - Training pvt_autoencoder_progressive_unfreeze on MWT
2026-02-08 20:48:14.568 | INFO     | src.models.pvt_autoencoder.training:train_pvt_autoencoder_progressive_unfreeze:132 - Device: cuda | Model on: cuda:0
2026-02-08 20:49:06.296 | INFO     | src.pipelines.train_vision_backbones:run_pipeline:193 - Evaluating pvt_autoencoder_progressive_unfreeze on MWT
2026-02-08 20:49:08.513 | INFO     | src.models.evaluation:evaluate_tsb_ad_nonoverlapping:65 - Normal (29900) reconstruction error: mean=0.0065, std=0.0376
2026-02-08 20:49:08.513 | INFO     | src.models.evaluation:evaluate_tsb_ad_nonoverlapping:66 - Anomaly (100) reconstruction error: mean=0.0486, std=0.0863
2026-02-08 20:49:08.514 | INFO     | src.models.evaluation:evaluate_tsb_ad_nonoverlapping:67 - Overlap? Normal max=1.0000, Anomaly min=0.0006
2026-02-08 20:49:10.965 | INFO     | src.models.evaluation:evaluate_tsb_ad_nonoverlapping:83 - {'AUC-PR': 0.029301777036017593, 'AUC-ROC': 0.6768896321070235, 'VUS-PR': np.float64(0.051823225128979564), 'VUS-ROC': np.float64(0.8175319966578531), 'Standard-F1': np.float64(0.15999520014399568), 'PA-F1': 0.6451612903225806, 'Event-based-F1': np.float64(0.2352941176470586), 'R-based-F1': 0.1473684210526316, 'Affiliation-F': 0.7134923271139051}
2026-02-08 20:49:11.127 | INFO     | src.pipelines.train_vision_backbones:run_pipeline:170 - Train images: 799
2026-02-08 20:49:11.127 | INFO     | src.pipelines.train_vision_backbones:run_pipeline:171 - Test images: 2999
2026-02-08 20:49:12.102 | INFO     | src.pipelines.train_vision_backbones:run_pipeline:176 - Training pvt_autoencoder_differential_lr on MWT
2026-02-08 20:49:12.130 | INFO     | src.models.pvt_autoencoder.training:train_pvt_autoencoder_differential_lr:267 - Device: cuda | Model on: cuda:0
2026-02-08 20:49:57.200 | INFO     | src.pipelines.train_vision_backbones:run_pipeline:193 - Evaluating pvt_autoencoder_differential_lr on MWT
2026-02-08 20:49:59.388 | INFO     | src.models.evaluation:evaluate_tsb_ad_nonoverlapping:65 - Normal (29900) reconstruction error: mean=0.0097, std=0.0420
2026-02-08 20:49:59.388 | INFO     | src.models.evaluation:evaluate_tsb_ad_nonoverlapping:66 - Anomaly (100) reconstruction error: mean=0.0720, std=0.1258
2026-02-08 20:49:59.388 | INFO     | src.models.evaluation:evaluate_tsb_ad_nonoverlapping:67 - Overlap? Normal max=1.0000, Anomaly min=0.0004
2026-02-08 20:50:01.886 | INFO     | src.models.evaluation:evaluate_tsb_ad_nonoverlapping:83 - {'AUC-PR': 0.03251683544502221, 'AUC-ROC': 0.6415050167224081, 'VUS-PR': np.float64(0.056715722988307044), 'VUS-ROC': np.float64(0.7926625885943561), 'Standard-F1': np.float64(0.15999520014399568), 'PA-F1': 0.6666666666666666, 'Event-based-F1': np.float64(0.2352941176470586), 'R-based-F1': 0.1473684210526316, 'Affiliation-F': 0.8774333016753405}
2026-02-08 20:50:03.729 | INFO     | src.pipelines.train_vision_backbones:run_pipeline:70 - Using zip: /net/scratch/hscra/plgrid/plgsmendowski12/ts2i_images/UCR/452_UCR_id_150_Facility_tr_10000_1st_35774_ts2i_SPIRAL.zip for transformation SPIRAL
2026-02-08 20:50:08.672 | INFO     | src.pipelines.train_vision_backbones:run_pipeline:170 - Train images: 799
2026-02-08 20:50:08.673 | INFO     | src.pipelines.train_vision_backbones:run_pipeline:171 - Test images: 2999
2026-02-08 20:50:08.680 | INFO     | src.pipelines.train_vision_backbones:run_pipeline:176 - Training cnn_autoencoder on SPIRAL
2026-02-08 20:50:08.685 | INFO     | src.models.cnn_autoencoder.training:train_autoencoder:22 - Device: cuda | Model on: cuda:0
2026-02-08 20:50:59.870 | INFO     | src.pipelines.train_vision_backbones:run_pipeline:193 - Evaluating cnn_autoencoder on SPIRAL
2026-02-08 20:51:02.505 | INFO     | src.models.evaluation:evaluate_tsb_ad_nonoverlapping:65 - Normal (29900) reconstruction error: mean=0.0365, std=0.0985
2026-02-08 20:51:02.505 | INFO     | src.models.evaluation:evaluate_tsb_ad_nonoverlapping:66 - Anomaly (100) reconstruction error: mean=0.1281, std=0.2942
2026-02-08 20:51:02.505 | INFO     | src.models.evaluation:evaluate_tsb_ad_nonoverlapping:67 - Overlap? Normal max=0.9241, Anomaly min=0.0020
2026-02-08 20:51:05.474 | INFO     | src.models.evaluation:evaluate_tsb_ad_nonoverlapping:83 - {'AUC-PR': 0.10660275361054547, 'AUC-ROC': 0.6655117056856188, 'VUS-PR': np.float64(0.10738166466049237), 'VUS-ROC': np.float64(0.7195106124539511), 'Standard-F1': np.float64(0.18181652894064598), 'PA-F1': 1.0, 'Event-based-F1': np.float64(0.9999999999999996), 'R-based-F1': 0.43750000000000006, 'Affiliation-F': 0.9990036749911739}
2026-02-08 20:51:05.639 | INFO     | src.pipelines.train_vision_backbones:run_pipeline:170 - Train images: 799
2026-02-08 20:51:05.639 | INFO     | src.pipelines.train_vision_backbones:run_pipeline:171 - Test images: 2999
2026-02-08 20:51:05.866 | INFO     | src.pipelines.train_vision_backbones:run_pipeline:176 - Training resnet18_autoencoder_frozen on SPIRAL
2026-02-08 20:51:05.881 | INFO     | src.models.resnet18_autoencoder.training:train_autoencoder_frozen:25 - Device: cuda | Model on: cuda:0
2026-02-08 20:51:48.910 | INFO     | src.pipelines.train_vision_backbones:run_pipeline:193 - Evaluating resnet18_autoencoder_frozen on SPIRAL
2026-02-08 20:51:51.909 | INFO     | src.models.evaluation:evaluate_tsb_ad_nonoverlapping:65 - Normal (29900) reconstruction error: mean=0.0060, std=0.0127
2026-02-08 20:51:51.909 | INFO     | src.models.evaluation:evaluate_tsb_ad_nonoverlapping:66 - Anomaly (100) reconstruction error: mean=0.1862, std=0.3189
2026-02-08 20:51:51.909 | INFO     | src.models.evaluation:evaluate_tsb_ad_nonoverlapping:67 - Overlap? Normal max=0.2291, Anomaly min=0.0003
2026-02-08 20:51:54.533 | INFO     | src.models.evaluation:evaluate_tsb_ad_nonoverlapping:83 - {'AUC-PR': 0.3299329562437371, 'AUC-ROC': 0.7032040133779264, 'VUS-PR': np.float64(0.21036763041839115), 'VUS-ROC': np.float64(0.8290015520285172), 'Standard-F1': np.float64(0.4444395062277086), 'PA-F1': 1.0, 'Event-based-F1': np.float64(0.9999999999999996), 'R-based-F1': 0.5294117647058824, 'Affiliation-F': 0.9992407573212204}
2026-02-08 20:51:54.711 | INFO     | src.pipelines.train_vision_backbones:run_pipeline:170 - Train images: 799
2026-02-08 20:51:54.711 | INFO     | src.pipelines.train_vision_backbones:run_pipeline:171 - Test images: 2999
2026-02-08 20:51:54.937 | INFO     | src.pipelines.train_vision_backbones:run_pipeline:176 - Training resnet18_autoencoder_progressive_unfreeze on SPIRAL
2026-02-08 20:51:54.953 | INFO     | src.models.resnet18_autoencoder.training:train_autoencoder_progressive_unfreeze:133 - Device: cuda | Model on: cuda:0
2026-02-08 20:52:47.765 | INFO     | src.pipelines.train_vision_backbones:run_pipeline:193 - Evaluating resnet18_autoencoder_progressive_unfreeze on SPIRAL
2026-02-08 20:52:50.848 | INFO     | src.models.evaluation:evaluate_tsb_ad_nonoverlapping:65 - Normal (29900) reconstruction error: mean=0.0067, std=0.0148
2026-02-08 20:52:50.848 | INFO     | src.models.evaluation:evaluate_tsb_ad_nonoverlapping:66 - Anomaly (100) reconstruction error: mean=0.1766, std=0.3142
2026-02-08 20:52:50.848 | INFO     | src.models.evaluation:evaluate_tsb_ad_nonoverlapping:67 - Overlap? Normal max=0.2426, Anomaly min=0.0007
2026-02-08 20:52:53.336 | INFO     | src.models.evaluation:evaluate_tsb_ad_nonoverlapping:83 - {'AUC-PR': 0.2827156316911178, 'AUC-ROC': 0.7115384615384615, 'VUS-PR': np.float64(0.15551688832518437), 'VUS-ROC': np.float64(0.787520791087004), 'Standard-F1': np.float64(0.42856734697764776), 'PA-F1': 1.0, 'Event-based-F1': np.float64(0.9999999999999996), 'R-based-F1': 0.5294117647058824, 'Affiliation-F': 0.9992407573212204}
2026-02-08 20:52:53.507 | INFO     | src.pipelines.train_vision_backbones:run_pipeline:170 - Train images: 799
2026-02-08 20:52:53.507 | INFO     | src.pipelines.train_vision_backbones:run_pipeline:171 - Test images: 2999
2026-02-08 20:52:53.731 | INFO     | src.pipelines.train_vision_backbones:run_pipeline:176 - Training resnet18_autoencoder_differential_lr on SPIRAL
2026-02-08 20:52:53.748 | INFO     | src.models.resnet18_autoencoder.training:train_autoencoder_differential_lr:271 - Device: cuda | Model on: cuda:0
2026-02-08 20:53:49.825 | INFO     | src.pipelines.train_vision_backbones:run_pipeline:193 - Evaluating resnet18_autoencoder_differential_lr on SPIRAL
2026-02-08 20:53:52.629 | INFO     | src.models.evaluation:evaluate_tsb_ad_nonoverlapping:65 - Normal (29900) reconstruction error: mean=0.0065, std=0.0138
2026-02-08 20:53:52.629 | INFO     | src.models.evaluation:evaluate_tsb_ad_nonoverlapping:66 - Anomaly (100) reconstruction error: mean=0.1449, std=0.2976
2026-02-08 20:53:52.629 | INFO     | src.models.evaluation:evaluate_tsb_ad_nonoverlapping:67 - Overlap? Normal max=0.0878, Anomaly min=0.0001
2026-02-08 20:53:55.161 | INFO     | src.models.evaluation:evaluate_tsb_ad_nonoverlapping:83 - {'AUC-PR': 0.23719923334039014, 'AUC-ROC': 0.7010903010033446, 'VUS-PR': np.float64(0.1593910231670521), 'VUS-ROC': np.float64(0.8022000563513642), 'Standard-F1': np.float64(0.3333305555787035), 'PA-F1': 1.0, 'Event-based-F1': np.float64(0.9999999999999996), 'R-based-F1': 0.5294117647058824, 'Affiliation-F': 0.9992407573212204}
2026-02-08 20:53:55.335 | INFO     | src.pipelines.train_vision_backbones:run_pipeline:170 - Train images: 799
2026-02-08 20:53:55.335 | INFO     | src.pipelines.train_vision_backbones:run_pipeline:171 - Test images: 2999
2026-02-08 20:54:06.306 | INFO     | src.pipelines.train_vision_backbones:run_pipeline:176 - Training pvt_autoencoder_frozen on SPIRAL
2026-02-08 20:54:06.332 | INFO     | src.models.pvt_autoencoder.training:train_pvt_autoencoder_frozen:24 - Device: cuda | Model on: cuda:0
2026-02-08 20:55:28.944 | INFO     | src.pipelines.train_vision_backbones:run_pipeline:193 - Evaluating pvt_autoencoder_frozen on SPIRAL
2026-02-08 20:55:32.205 | INFO     | src.models.evaluation:evaluate_tsb_ad_nonoverlapping:65 - Normal (29900) reconstruction error: mean=0.0087, std=0.0210
2026-02-08 20:55:32.205 | INFO     | src.models.evaluation:evaluate_tsb_ad_nonoverlapping:66 - Anomaly (100) reconstruction error: mean=0.1532, std=0.2927
2026-02-08 20:55:32.205 | INFO     | src.models.evaluation:evaluate_tsb_ad_nonoverlapping:67 - Overlap? Normal max=0.6648, Anomaly min=0.0007
2026-02-08 20:55:34.770 | INFO     | src.models.evaluation:evaluate_tsb_ad_nonoverlapping:83 - {'AUC-PR': 0.20148866253320172, 'AUC-ROC': 0.7108494983277591, 'VUS-PR': np.float64(0.1641627555611714), 'VUS-ROC': np.float64(0.8164751515869634), 'Standard-F1': np.float64(0.37499531255859303), 'PA-F1': 1.0, 'Event-based-F1': np.float64(0.9999999999999996), 'R-based-F1': 0.43750000000000006, 'Affiliation-F': 0.9990036749911739}
2026-02-08 20:55:34.949 | INFO     | src.pipelines.train_vision_backbones:run_pipeline:170 - Train images: 799
2026-02-08 20:55:34.950 | INFO     | src.pipelines.train_vision_backbones:run_pipeline:171 - Test images: 2999
2026-02-08 20:55:35.933 | INFO     | src.pipelines.train_vision_backbones:run_pipeline:176 - Training pvt_autoencoder_progressive_unfreeze on SPIRAL
2026-02-08 20:55:35.960 | INFO     | src.models.pvt_autoencoder.training:train_pvt_autoencoder_progressive_unfreeze:132 - Device: cuda | Model on: cuda:0
2026-02-08 20:56:25.229 | INFO     | src.pipelines.train_vision_backbones:run_pipeline:193 - Evaluating pvt_autoencoder_progressive_unfreeze on SPIRAL
2026-02-08 20:56:28.721 | INFO     | src.models.evaluation:evaluate_tsb_ad_nonoverlapping:65 - Normal (29900) reconstruction error: mean=0.0065, std=0.0114
2026-02-08 20:56:28.721 | INFO     | src.models.evaluation:evaluate_tsb_ad_nonoverlapping:66 - Anomaly (100) reconstruction error: mean=0.1433, std=0.2963
2026-02-08 20:56:28.721 | INFO     | src.models.evaluation:evaluate_tsb_ad_nonoverlapping:67 - Overlap? Normal max=0.1204, Anomaly min=0.0009
2026-02-08 20:56:31.231 | INFO     | src.models.evaluation:evaluate_tsb_ad_nonoverlapping:83 - {'AUC-PR': 0.3055914216425877, 'AUC-ROC': 0.7114515050167224, 'VUS-PR': np.float64(0.15329144282256965), 'VUS-ROC': np.float64(0.7876604638502243), 'Standard-F1': np.float64(0.46153491126991325), 'PA-F1': 1.0, 'Event-based-F1': np.float64(0.9999999999999996), 'R-based-F1': 0.5294117647058824, 'Affiliation-F': 0.9997179204535673}
2026-02-08 20:56:31.394 | INFO     | src.pipelines.train_vision_backbones:run_pipeline:170 - Train images: 799
2026-02-08 20:56:31.394 | INFO     | src.pipelines.train_vision_backbones:run_pipeline:171 - Test images: 2999
2026-02-08 20:56:32.368 | INFO     | src.pipelines.train_vision_backbones:run_pipeline:176 - Training pvt_autoencoder_differential_lr on SPIRAL
2026-02-08 20:56:32.395 | INFO     | src.models.pvt_autoencoder.training:train_pvt_autoencoder_differential_lr:267 - Device: cuda | Model on: cuda:0
2026-02-08 20:57:39.902 | INFO     | src.pipelines.train_vision_backbones:run_pipeline:193 - Evaluating pvt_autoencoder_differential_lr on SPIRAL
2026-02-08 20:57:43.367 | INFO     | src.models.evaluation:evaluate_tsb_ad_nonoverlapping:65 - Normal (29900) reconstruction error: mean=0.0056, std=0.0118
2026-02-08 20:57:43.368 | INFO     | src.models.evaluation:evaluate_tsb_ad_nonoverlapping:66 - Anomaly (100) reconstruction error: mean=0.1332, std=0.2938
2026-02-08 20:57:43.368 | INFO     | src.models.evaluation:evaluate_tsb_ad_nonoverlapping:67 - Overlap? Normal max=0.2153, Anomaly min=0.0006
2026-02-08 20:57:46.010 | INFO     | src.models.evaluation:evaluate_tsb_ad_nonoverlapping:83 - {'AUC-PR': 0.24840412112960844, 'AUC-ROC': 0.713391304347826, 'VUS-PR': np.float64(0.15500776608684727), 'VUS-ROC': np.float64(0.8039111851913476), 'Standard-F1': np.float64(0.42856734697764776), 'PA-F1': 1.0, 'Event-based-F1': np.float64(0.9999999999999996), 'R-based-F1': 0.43750000000000006, 'Affiliation-F': 0.9990036749911739}
2026-02-08 20:57:47.237 | INFO     | src.pipelines.train_vision_backbones:run_pipeline:70 - Using zip: /net/scratch/hscra/plgrid/plgsmendowski12/ts2i_images/UCR/471_UCR_id_169_Facility_tr_10000_1st_35774_ts2i_RN.zip for transformation RN
2026-02-08 20:57:50.107 | INFO     | src.pipelines.train_vision_backbones:run_pipeline:170 - Train images: 470
2026-02-08 20:57:50.107 | INFO     | src.pipelines.train_vision_backbones:run_pipeline:171 - Test images: 1764
2026-02-08 20:57:50.114 | INFO     | src.pipelines.train_vision_backbones:run_pipeline:176 - Training cnn_autoencoder on RN
2026-02-08 20:57:50.119 | INFO     | src.models.cnn_autoencoder.training:train_autoencoder:22 - Device: cuda | Model on: cuda:0
2026-02-08 20:59:15.769 | INFO     | src.pipelines.train_vision_backbones:run_pipeline:193 - Evaluating cnn_autoencoder on RN
2026-02-08 20:59:17.388 | INFO     | src.models.evaluation:evaluate_tsb_ad_nonoverlapping:65 - Normal (29900) reconstruction error: mean=0.6365, std=0.4569
2026-02-08 20:59:17.388 | INFO     | src.models.evaluation:evaluate_tsb_ad_nonoverlapping:66 - Anomaly (100) reconstruction error: mean=0.9646, std=0.0046
2026-02-08 20:59:17.388 | INFO     | src.models.evaluation:evaluate_tsb_ad_nonoverlapping:67 - Overlap? Normal max=1.0000, Anomaly min=0.9607
2026-02-08 20:59:24.491 | INFO     | src.models.evaluation:evaluate_tsb_ad_nonoverlapping:83 - {'AUC-PR': 0.0057718098270757795, 'AUC-ROC': 0.6712605351170569, 'VUS-PR': np.float64(0.007224085568328239), 'VUS-ROC': np.float64(0.7026515449074351), 'Standard-F1': np.float64(0.01657945922235706), 'PA-F1': 0.025367833587011668, 'Event-based-F1': np.float64(0.01590710252127573), 'R-based-F1': 0.008130868260574969, 'Affiliation-F': 0.8183463808073959}
2026-02-08 20:59:24.647 | INFO     | src.pipelines.train_vision_backbones:run_pipeline:170 - Train images: 470
2026-02-08 20:59:24.647 | INFO     | src.pipelines.train_vision_backbones:run_pipeline:171 - Test images: 1764
2026-02-08 20:59:24.872 | INFO     | src.pipelines.train_vision_backbones:run_pipeline:176 - Training resnet18_autoencoder_frozen on RN
2026-02-08 20:59:24.888 | INFO     | src.models.resnet18_autoencoder.training:train_autoencoder_frozen:25 - Device: cuda | Model on: cuda:0
2026-02-08 21:00:24.221 | INFO     | src.pipelines.train_vision_backbones:run_pipeline:193 - Evaluating resnet18_autoencoder_frozen on RN
2026-02-08 21:00:25.978 | INFO     | src.models.evaluation:evaluate_tsb_ad_nonoverlapping:65 - Normal (29900) reconstruction error: mean=0.5957, std=0.4279
2026-02-08 21:00:25.978 | INFO     | src.models.evaluation:evaluate_tsb_ad_nonoverlapping:66 - Anomaly (100) reconstruction error: mean=0.8961, std=0.0118
2026-02-08 21:00:25.978 | INFO     | src.models.evaluation:evaluate_tsb_ad_nonoverlapping:67 - Overlap? Normal max=1.0000, Anomaly min=0.8844
2026-02-08 21:00:32.702 | INFO     | src.models.evaluation:evaluate_tsb_ad_nonoverlapping:83 - {'AUC-PR': 0.005115606941436722, 'AUC-ROC': 0.628595652173913, 'VUS-PR': np.float64(0.006957427858696616), 'VUS-ROC': np.float64(0.6735154379913635), 'Standard-F1': np.float64(0.013513379292786752), 'PA-F1': 0.026709401709401708, 'Event-based-F1': np.float64(0.012849341471249585), 'R-based-F1': 0.014176831407997977, 'Affiliation-F': 0.8076749535345469}
2026-02-08 21:00:32.857 | INFO     | src.pipelines.train_vision_backbones:run_pipeline:170 - Train images: 470
2026-02-08 21:00:32.857 | INFO     | src.pipelines.train_vision_backbones:run_pipeline:171 - Test images: 1764
2026-02-08 21:00:33.084 | INFO     | src.pipelines.train_vision_backbones:run_pipeline:176 - Training resnet18_autoencoder_progressive_unfreeze on RN
2026-02-08 21:00:33.101 | INFO     | src.models.resnet18_autoencoder.training:train_autoencoder_progressive_unfreeze:133 - Device: cuda | Model on: cuda:0
2026-02-08 21:01:53.606 | INFO     | src.pipelines.train_vision_backbones:run_pipeline:193 - Evaluating resnet18_autoencoder_progressive_unfreeze on RN
2026-02-08 21:01:55.353 | INFO     | src.models.evaluation:evaluate_tsb_ad_nonoverlapping:65 - Normal (29900) reconstruction error: mean=0.6068, std=0.4364
2026-02-08 21:01:55.353 | INFO     | src.models.evaluation:evaluate_tsb_ad_nonoverlapping:66 - Anomaly (100) reconstruction error: mean=0.9124, std=0.0352
2026-02-08 21:01:55.353 | INFO     | src.models.evaluation:evaluate_tsb_ad_nonoverlapping:67 - Overlap? Normal max=1.0000, Anomaly min=0.8768
2026-02-08 21:02:02.170 | INFO     | src.models.evaluation:evaluate_tsb_ad_nonoverlapping:83 - {'AUC-PR': 0.009884288605063806, 'AUC-ROC': 0.6147056856187292, 'VUS-PR': np.float64(0.009957772381390357), 'VUS-ROC': np.float64(0.6594182110554485), 'Standard-F1': np.float64(0.05573496385423668), 'PA-F1': 0.1662510390689942, 'Event-based-F1': np.float64(0.032786885245901606), 'R-based-F1': 0.043139798897178075, 'Affiliation-F': 0.8850791577858937}
2026-02-08 21:02:02.333 | INFO     | src.pipelines.train_vision_backbones:run_pipeline:170 - Train images: 470
2026-02-08 21:02:02.333 | INFO     | src.pipelines.train_vision_backbones:run_pipeline:171 - Test images: 1764
2026-02-08 21:02:02.557 | INFO     | src.pipelines.train_vision_backbones:run_pipeline:176 - Training resnet18_autoencoder_differential_lr on RN
2026-02-08 21:02:02.573 | INFO     | src.models.resnet18_autoencoder.training:train_autoencoder_differential_lr:271 - Device: cuda | Model on: cuda:0
2026-02-08 21:03:17.206 | INFO     | src.pipelines.train_vision_backbones:run_pipeline:193 - Evaluating resnet18_autoencoder_differential_lr on RN
2026-02-08 21:03:19.723 | INFO     | src.models.evaluation:evaluate_tsb_ad_nonoverlapping:65 - Normal (29900) reconstruction error: mean=0.5934, std=0.4253
2026-02-08 21:03:19.723 | INFO     | src.models.evaluation:evaluate_tsb_ad_nonoverlapping:66 - Anomaly (100) reconstruction error: mean=0.8957, std=0.0196
2026-02-08 21:03:19.723 | INFO     | src.models.evaluation:evaluate_tsb_ad_nonoverlapping:67 - Overlap? Normal max=1.0000, Anomaly min=0.8690
2026-02-08 21:03:26.517 | INFO     | src.models.evaluation:evaluate_tsb_ad_nonoverlapping:83 - {'AUC-PR': 0.00698400736475051, 'AUC-ROC': 0.6574729096989966, 'VUS-PR': np.float64(0.009230152229499269), 'VUS-ROC': np.float64(0.7167991932807164), 'Standard-F1': np.float64(0.019241102617044616), 'PA-F1': 0.04906771344455348, 'Event-based-F1': np.float64(0.01724137931034481), 'R-based-F1': 0.022352315061202766, 'Affiliation-F': 0.8148412256508264}
2026-02-08 21:03:26.674 | INFO     | src.pipelines.train_vision_backbones:run_pipeline:170 - Train images: 470
2026-02-08 21:03:26.674 | INFO     | src.pipelines.train_vision_backbones:run_pipeline:171 - Test images: 1764
2026-02-08 21:03:27.633 | INFO     | src.pipelines.train_vision_backbones:run_pipeline:176 - Training pvt_autoencoder_frozen on RN
2026-02-08 21:03:27.659 | INFO     | src.models.pvt_autoencoder.training:train_pvt_autoencoder_frozen:24 - Device: cuda | Model on: cuda:0
2026-02-08 21:04:42.014 | INFO     | src.pipelines.train_vision_backbones:run_pipeline:193 - Evaluating pvt_autoencoder_frozen on RN
2026-02-08 21:04:44.246 | INFO     | src.models.evaluation:evaluate_tsb_ad_nonoverlapping:65 - Normal (29900) reconstruction error: mean=0.6134, std=0.4407
2026-02-08 21:04:44.246 | INFO     | src.models.evaluation:evaluate_tsb_ad_nonoverlapping:66 - Anomaly (100) reconstruction error: mean=0.9417, std=0.0235
2026-02-08 21:04:44.246 | INFO     | src.models.evaluation:evaluate_tsb_ad_nonoverlapping:67 - Overlap? Normal max=1.0000, Anomaly min=0.9143
2026-02-08 21:04:51.027 | INFO     | src.models.evaluation:evaluate_tsb_ad_nonoverlapping:83 - {'AUC-PR': 0.013014288542480662, 'AUC-ROC': 0.7471578595317726, 'VUS-PR': np.float64(0.01951665230202306), 'VUS-ROC': np.float64(0.8283131016112986), 'Standard-F1': np.float64(0.042587926322887465), 'PA-F1': 0.057736720554272515, 'Event-based-F1': np.float64(0.030303030303030273), 'R-based-F1': 0.023289598081490535, 'Affiliation-F': 0.9082645791120257}
2026-02-08 21:04:51.181 | INFO     | src.pipelines.train_vision_backbones:run_pipeline:170 - Train images: 470
2026-02-08 21:04:51.181 | INFO     | src.pipelines.train_vision_backbones:run_pipeline:171 - Test images: 1764
2026-02-08 21:04:52.164 | INFO     | src.pipelines.train_vision_backbones:run_pipeline:176 - Training pvt_autoencoder_progressive_unfreeze on RN
2026-02-08 21:04:52.190 | INFO     | src.models.pvt_autoencoder.training:train_pvt_autoencoder_progressive_unfreeze:132 - Device: cuda | Model on: cuda:0
2026-02-08 21:06:25.343 | INFO     | src.pipelines.train_vision_backbones:run_pipeline:193 - Evaluating pvt_autoencoder_progressive_unfreeze on RN
2026-02-08 21:06:27.281 | INFO     | src.models.evaluation:evaluate_tsb_ad_nonoverlapping:65 - Normal (29900) reconstruction error: mean=0.6193, std=0.4446
2026-02-08 21:06:27.281 | INFO     | src.models.evaluation:evaluate_tsb_ad_nonoverlapping:66 - Anomaly (100) reconstruction error: mean=0.9618, std=0.0283
2026-02-08 21:06:27.281 | INFO     | src.models.evaluation:evaluate_tsb_ad_nonoverlapping:67 - Overlap? Normal max=1.0000, Anomaly min=0.9191
2026-02-08 21:06:34.157 | INFO     | src.models.evaluation:evaluate_tsb_ad_nonoverlapping:83 - {'AUC-PR': 0.07257409038958243, 'AUC-ROC': 0.8167327759197325, 'VUS-PR': np.float64(0.05513949665426718), 'VUS-ROC': np.float64(0.8955954758803691), 'Standard-F1': np.float64(0.2411301746253878), 'PA-F1': 0.33167495854063017, 'Event-based-F1': np.float64(0.14437367303609328), 'R-based-F1': 0.14840989399293286, 'Affiliation-F': 0.9303152283518616}
2026-02-08 21:06:34.321 | INFO     | src.pipelines.train_vision_backbones:run_pipeline:170 - Train images: 470
2026-02-08 21:06:34.322 | INFO     | src.pipelines.train_vision_backbones:run_pipeline:171 - Test images: 1764
2026-02-08 21:06:35.342 | INFO     | src.pipelines.train_vision_backbones:run_pipeline:176 - Training pvt_autoencoder_differential_lr on RN
2026-02-08 21:06:35.369 | INFO     | src.models.pvt_autoencoder.training:train_pvt_autoencoder_differential_lr:267 - Device: cuda | Model on: cuda:0
2026-02-08 21:08:05.378 | INFO     | src.pipelines.train_vision_backbones:run_pipeline:193 - Evaluating pvt_autoencoder_differential_lr on RN
2026-02-08 21:08:07.314 | INFO     | src.models.evaluation:evaluate_tsb_ad_nonoverlapping:65 - Normal (29900) reconstruction error: mean=0.6175, std=0.4434
2026-02-08 21:08:07.315 | INFO     | src.models.evaluation:evaluate_tsb_ad_nonoverlapping:66 - Anomaly (100) reconstruction error: mean=0.9354, std=0.0176
2026-02-08 21:08:07.315 | INFO     | src.models.evaluation:evaluate_tsb_ad_nonoverlapping:67 - Overlap? Normal max=1.0000, Anomaly min=0.9100
2026-02-08 21:08:14.260 | INFO     | src.models.evaluation:evaluate_tsb_ad_nonoverlapping:83 - {'AUC-PR': 0.006593312770674271, 'AUC-ROC': 0.6754167224080267, 'VUS-PR': np.float64(0.008717462596937026), 'VUS-ROC': np.float64(0.7334779833546252), 'Standard-F1': np.float64(0.01593221357048373), 'PA-F1': 0.058979652020053085, 'Event-based-F1': np.float64(0.012856062515754966), 'R-based-F1': 0.013891185711923267, 'Affiliation-F': 0.8325000289092228}
2026-02-08 21:08:15.123 | INFO     | src.pipelines.train_vision_backbones:run_pipeline:70 - Using zip: /net/scratch/hscra/plgrid/plgsmendowski12/ts2i_images/UCR/471_UCR_id_169_Facility_tr_10000_1st_35774_ts2i_LP.zip for transformation LP
2026-02-08 21:08:17.777 | INFO     | src.pipelines.train_vision_backbones:run_pipeline:170 - Train images: 470
2026-02-08 21:08:17.778 | INFO     | src.pipelines.train_vision_backbones:run_pipeline:171 - Test images: 1764
2026-02-08 21:08:17.784 | INFO     | src.pipelines.train_vision_backbones:run_pipeline:176 - Training cnn_autoencoder on LP
2026-02-08 21:08:17.789 | INFO     | src.models.cnn_autoencoder.training:train_autoencoder:22 - Device: cuda | Model on: cuda:0
2026-02-08 21:09:37.396 | INFO     | src.pipelines.train_vision_backbones:run_pipeline:193 - Evaluating cnn_autoencoder on LP
2026-02-08 21:09:39.189 | INFO     | src.models.evaluation:evaluate_tsb_ad_nonoverlapping:65 - Normal (29900) reconstruction error: mean=0.2447, std=0.1540
2026-02-08 21:09:39.189 | INFO     | src.models.evaluation:evaluate_tsb_ad_nonoverlapping:66 - Anomaly (100) reconstruction error: mean=0.3215, std=0.2057
2026-02-08 21:09:39.189 | INFO     | src.models.evaluation:evaluate_tsb_ad_nonoverlapping:67 - Overlap? Normal max=1.0000, Anomaly min=0.1361
2026-02-08 21:09:43.699 | INFO     | src.models.evaluation:evaluate_tsb_ad_nonoverlapping:83 - {'AUC-PR': 0.017426298090347944, 'AUC-ROC': 0.6193792642140469, 'VUS-PR': np.float64(0.015978130450129857), 'VUS-ROC': np.float64(0.6457095721178958), 'Standard-F1': np.float64(0.10591471373433474), 'PA-F1': 0.4750593824228028, 'Event-based-F1': np.float64(0.1333333333333332), 'R-based-F1': 0.11781206171107993, 'Affiliation-F': 0.6687108221621495}
2026-02-08 21:09:44.082 | INFO     | src.pipelines.train_vision_backbones:run_pipeline:170 - Train images: 470
2026-02-08 21:09:44.082 | INFO     | src.pipelines.train_vision_backbones:run_pipeline:171 - Test images: 1764
2026-02-08 21:09:44.309 | INFO     | src.pipelines.train_vision_backbones:run_pipeline:176 - Training resnet18_autoencoder_frozen on LP
2026-02-08 21:09:44.325 | INFO     | src.models.resnet18_autoencoder.training:train_autoencoder_frozen:25 - Device: cuda | Model on: cuda:0
2026-02-08 21:10:30.365 | INFO     | src.pipelines.train_vision_backbones:run_pipeline:193 - Evaluating resnet18_autoencoder_frozen on LP
2026-02-08 21:10:32.023 | INFO     | src.models.evaluation:evaluate_tsb_ad_nonoverlapping:65 - Normal (29900) reconstruction error: mean=0.3409, std=0.1535
2026-02-08 21:10:32.023 | INFO     | src.models.evaluation:evaluate_tsb_ad_nonoverlapping:66 - Anomaly (100) reconstruction error: mean=0.3839, std=0.2361
2026-02-08 21:10:32.023 | INFO     | src.models.evaluation:evaluate_tsb_ad_nonoverlapping:67 - Overlap? Normal max=1.0000, Anomaly min=0.1012
2026-02-08 21:10:37.201 | INFO     | src.models.evaluation:evaluate_tsb_ad_nonoverlapping:83 - {'AUC-PR': 0.03800380817774663, 'AUC-ROC': 0.5370401337792643, 'VUS-PR': np.float64(0.026102108649478643), 'VUS-ROC': np.float64(0.6277814811166862), 'Standard-F1': np.float64(0.18377881678873545), 'PA-F1': 0.746268656716418, 'Event-based-F1': np.float64(0.33333333333333304), 'R-based-F1': 0.25074626865671645, 'Affiliation-F': 0.6683189900729697}
2026-02-08 21:10:37.357 | INFO     | src.pipelines.train_vision_backbones:run_pipeline:170 - Train images: 470
2026-02-08 21:10:37.357 | INFO     | src.pipelines.train_vision_backbones:run_pipeline:171 - Test images: 1764
2026-02-08 21:10:37.586 | INFO     | src.pipelines.train_vision_backbones:run_pipeline:176 - Training resnet18_autoencoder_progressive_unfreeze on LP
2026-02-08 21:10:37.602 | INFO     | src.models.resnet18_autoencoder.training:train_autoencoder_progressive_unfreeze:133 - Device: cuda | Model on: cuda:0
2026-02-08 21:11:37.508 | INFO     | src.pipelines.train_vision_backbones:run_pipeline:193 - Evaluating resnet18_autoencoder_progressive_unfreeze on LP
2026-02-08 21:11:39.150 | INFO     | src.models.evaluation:evaluate_tsb_ad_nonoverlapping:65 - Normal (29900) reconstruction error: mean=0.3129, std=0.1511
2026-02-08 21:11:39.151 | INFO     | src.models.evaluation:evaluate_tsb_ad_nonoverlapping:66 - Anomaly (100) reconstruction error: mean=0.4059, std=0.2411
2026-02-08 21:11:39.151 | INFO     | src.models.evaluation:evaluate_tsb_ad_nonoverlapping:67 - Overlap? Normal max=1.0000, Anomaly min=0.1643
2026-02-08 21:11:44.043 | INFO     | src.models.evaluation:evaluate_tsb_ad_nonoverlapping:83 - {'AUC-PR': 0.08963278709197976, 'AUC-ROC': 0.5936632107023412, 'VUS-PR': np.float64(0.02626183131650366), 'VUS-ROC': np.float64(0.6403360018093228), 'Standard-F1': np.float64(0.2537275563051298), 'PA-F1': 0.9216589861751152, 'Event-based-F1': np.float64(0.6666666666666662), 'R-based-F1': 0.4019138755980861, 'Affiliation-F': 0.7157113896116871}
2026-02-08 21:11:44.205 | INFO     | src.pipelines.train_vision_backbones:run_pipeline:170 - Train images: 470
2026-02-08 21:11:44.205 | INFO     | src.pipelines.train_vision_backbones:run_pipeline:171 - Test images: 1764
2026-02-08 21:11:44.432 | INFO     | src.pipelines.train_vision_backbones:run_pipeline:176 - Training resnet18_autoencoder_differential_lr on LP
2026-02-08 21:11:44.448 | INFO     | src.models.resnet18_autoencoder.training:train_autoencoder_differential_lr:271 - Device: cuda | Model on: cuda:0
2026-02-08 21:12:36.836 | INFO     | src.pipelines.train_vision_backbones:run_pipeline:193 - Evaluating resnet18_autoencoder_differential_lr on LP
2026-02-08 21:12:38.492 | INFO     | src.models.evaluation:evaluate_tsb_ad_nonoverlapping:65 - Normal (29900) reconstruction error: mean=0.2805, std=0.1425
2026-02-08 21:12:38.492 | INFO     | src.models.evaluation:evaluate_tsb_ad_nonoverlapping:66 - Anomaly (100) reconstruction error: mean=0.3750, std=0.2222
2026-02-08 21:12:38.492 | INFO     | src.models.evaluation:evaluate_tsb_ad_nonoverlapping:67 - Overlap? Normal max=1.0000, Anomaly min=0.1259
2026-02-08 21:12:43.119 | INFO     | src.models.evaluation:evaluate_tsb_ad_nonoverlapping:83 - {'AUC-PR': 0.061584460293283676, 'AUC-ROC': 0.6206755852842809, 'VUS-PR': np.float64(0.02661274800333667), 'VUS-ROC': np.float64(0.6702671488023797), 'Standard-F1': np.float64(0.2251610895147779), 'PA-F1': 0.8547008547008547, 'Event-based-F1': np.float64(0.4999999999999996), 'R-based-F1': 0.3346613545816733, 'Affiliation-F': 0.669432113255045}
2026-02-08 21:12:43.279 | INFO     | src.pipelines.train_vision_backbones:run_pipeline:170 - Train images: 470
2026-02-08 21:12:43.279 | INFO     | src.pipelines.train_vision_backbones:run_pipeline:171 - Test images: 1764
2026-02-08 21:12:44.265 | INFO     | src.pipelines.train_vision_backbones:run_pipeline:176 - Training pvt_autoencoder_frozen on LP
2026-02-08 21:12:44.292 | INFO     | src.models.pvt_autoencoder.training:train_pvt_autoencoder_frozen:24 - Device: cuda | Model on: cuda:0
2026-02-08 21:13:34.687 | INFO     | src.pipelines.train_vision_backbones:run_pipeline:193 - Evaluating pvt_autoencoder_frozen on LP
2026-02-08 21:13:36.680 | INFO     | src.models.evaluation:evaluate_tsb_ad_nonoverlapping:65 - Normal (29900) reconstruction error: mean=0.2751, std=0.1664
2026-02-08 21:13:36.681 | INFO     | src.models.evaluation:evaluate_tsb_ad_nonoverlapping:66 - Anomaly (100) reconstruction error: mean=0.3764, std=0.2566
2026-02-08 21:13:36.681 | INFO     | src.models.evaluation:evaluate_tsb_ad_nonoverlapping:67 - Overlap? Normal max=1.0000, Anomaly min=0.0888
2026-02-08 21:13:41.379 | INFO     | src.models.evaluation:evaluate_tsb_ad_nonoverlapping:83 - {'AUC-PR': 0.038913558688652386, 'AUC-ROC': 0.6154107023411372, 'VUS-PR': np.float64(0.02655846610678315), 'VUS-ROC': np.float64(0.6633874815230282), 'Standard-F1': np.float64(0.18377881678873545), 'PA-F1': 0.746268656716418, 'Event-based-F1': np.float64(0.33333333333333304), 'R-based-F1': 0.25074626865671645, 'Affiliation-F': 0.6693451998589025}
2026-02-08 21:13:41.541 | INFO     | src.pipelines.train_vision_backbones:run_pipeline:170 - Train images: 470
2026-02-08 21:13:41.541 | INFO     | src.pipelines.train_vision_backbones:run_pipeline:171 - Test images: 1764
2026-02-08 21:13:42.518 | INFO     | src.pipelines.train_vision_backbones:run_pipeline:176 - Training pvt_autoencoder_progressive_unfreeze on LP
2026-02-08 21:13:42.544 | INFO     | src.models.pvt_autoencoder.training:train_pvt_autoencoder_progressive_unfreeze:132 - Device: cuda | Model on: cuda:0
2026-02-08 21:14:39.473 | INFO     | src.pipelines.train_vision_backbones:run_pipeline:193 - Evaluating pvt_autoencoder_progressive_unfreeze on LP
2026-02-08 21:14:41.347 | INFO     | src.models.evaluation:evaluate_tsb_ad_nonoverlapping:65 - Normal (29900) reconstruction error: mean=0.2914, std=0.1444
2026-02-08 21:14:41.347 | INFO     | src.models.evaluation:evaluate_tsb_ad_nonoverlapping:66 - Anomaly (100) reconstruction error: mean=0.4171, std=0.2433
2026-02-08 21:14:41.347 | INFO     | src.models.evaluation:evaluate_tsb_ad_nonoverlapping:67 - Overlap? Normal max=1.0000, Anomaly min=0.1502
2026-02-08 21:14:46.130 | INFO     | src.models.evaluation:evaluate_tsb_ad_nonoverlapping:83 - {'AUC-PR': 0.09101746221835388, 'AUC-ROC': 0.6344632107023411, 'VUS-PR': np.float64(0.02762239158007575), 'VUS-ROC': np.float64(0.6839545885634257), 'Standard-F1': np.float64(0.2537275563051298), 'PA-F1': 0.9216589861751152, 'Event-based-F1': np.float64(0.6666666666666662), 'R-based-F1': 0.4019138755980861, 'Affiliation-F': 0.8163086926441665}
2026-02-08 21:14:46.289 | INFO     | src.pipelines.train_vision_backbones:run_pipeline:170 - Train images: 470
2026-02-08 21:14:46.289 | INFO     | src.pipelines.train_vision_backbones:run_pipeline:171 - Test images: 1764
2026-02-08 21:14:47.273 | INFO     | src.pipelines.train_vision_backbones:run_pipeline:176 - Training pvt_autoencoder_differential_lr on LP
2026-02-08 21:14:47.299 | INFO     | src.models.pvt_autoencoder.training:train_pvt_autoencoder_differential_lr:267 - Device: cuda | Model on: cuda:0
2026-02-08 21:16:04.832 | INFO     | src.pipelines.train_vision_backbones:run_pipeline:193 - Evaluating pvt_autoencoder_differential_lr on LP
2026-02-08 21:16:06.683 | INFO     | src.models.evaluation:evaluate_tsb_ad_nonoverlapping:65 - Normal (29900) reconstruction error: mean=0.2935, std=0.1537
2026-02-08 21:16:06.683 | INFO     | src.models.evaluation:evaluate_tsb_ad_nonoverlapping:66 - Anomaly (100) reconstruction error: mean=0.3848, std=0.2551
2026-02-08 21:16:06.683 | INFO     | src.models.evaluation:evaluate_tsb_ad_nonoverlapping:67 - Overlap? Normal max=1.0000, Anomaly min=0.1246
2026-02-08 21:16:11.521 | INFO     | src.models.evaluation:evaluate_tsb_ad_nonoverlapping:83 - {'AUC-PR': 0.08962323923570374, 'AUC-ROC': 0.5963127090301004, 'VUS-PR': np.float64(0.026675109120032264), 'VUS-ROC': np.float64(0.642614124306179), 'Standard-F1': np.float64(0.2537275563051298), 'PA-F1': 0.8547008547008547, 'Event-based-F1': np.float64(0.4999999999999996), 'R-based-F1': 0.3346613545816733, 'Affiliation-F': 0.6717049489870061}
2026-02-08 21:16:12.336 | INFO     | src.pipelines.train_vision_backbones:run_pipeline:70 - Using zip: /net/scratch/hscra/plgrid/plgsmendowski12/ts2i_images/UCR/471_UCR_id_169_Facility_tr_10000_1st_35774_ts2i_SG.zip for transformation SG
2026-02-08 21:16:15.180 | INFO     | src.pipelines.train_vision_backbones:run_pipeline:170 - Train images: 470
2026-02-08 21:16:15.180 | INFO     | src.pipelines.train_vision_backbones:run_pipeline:171 - Test images: 1764
2026-02-08 21:16:15.187 | INFO     | src.pipelines.train_vision_backbones:run_pipeline:176 - Training cnn_autoencoder on SG
2026-02-08 21:16:15.192 | INFO     | src.models.cnn_autoencoder.training:train_autoencoder:22 - Device: cuda | Model on: cuda:0
2026-02-08 21:16:43.100 | INFO     | src.pipelines.train_vision_backbones:run_pipeline:193 - Evaluating cnn_autoencoder on SG
2026-02-08 21:16:44.903 | INFO     | src.models.evaluation:evaluate_tsb_ad_nonoverlapping:65 - Normal (29900) reconstruction error: mean=0.0684, std=0.0832
2026-02-08 21:16:44.904 | INFO     | src.models.evaluation:evaluate_tsb_ad_nonoverlapping:66 - Anomaly (100) reconstruction error: mean=0.2057, std=0.3618
2026-02-08 21:16:44.904 | INFO     | src.models.evaluation:evaluate_tsb_ad_nonoverlapping:67 - Overlap? Normal max=0.7562, Anomaly min=0.0037
2026-02-08 21:16:47.989 | INFO     | src.models.evaluation:evaluate_tsb_ad_nonoverlapping:83 - {'AUC-PR': 0.173540720493171, 'AUC-ROC': 0.4939431438127091, 'VUS-PR': np.float64(0.17452594935502702), 'VUS-ROC': np.float64(0.5955641354192769), 'Standard-F1': np.float64(0.29059580687344555), 'PA-F1': 1.0, 'Event-based-F1': np.float64(0.9999999999999996), 'R-based-F1': 0.5029940119760479, 'Affiliation-F': 0.9993954680953071}
2026-02-08 21:16:48.144 | INFO     | src.pipelines.train_vision_backbones:run_pipeline:170 - Train images: 470
2026-02-08 21:16:48.144 | INFO     | src.pipelines.train_vision_backbones:run_pipeline:171 - Test images: 1764
2026-02-08 21:16:48.370 | INFO     | src.pipelines.train_vision_backbones:run_pipeline:176 - Training resnet18_autoencoder_frozen on SG
2026-02-08 21:16:48.386 | INFO     | src.models.resnet18_autoencoder.training:train_autoencoder_frozen:25 - Device: cuda | Model on: cuda:0
2026-02-08 21:17:14.140 | INFO     | src.pipelines.train_vision_backbones:run_pipeline:193 - Evaluating resnet18_autoencoder_frozen on SG
2026-02-08 21:17:15.807 | INFO     | src.models.evaluation:evaluate_tsb_ad_nonoverlapping:65 - Normal (29900) reconstruction error: mean=0.0383, std=0.0747
2026-02-08 21:17:15.807 | INFO     | src.models.evaluation:evaluate_tsb_ad_nonoverlapping:66 - Anomaly (100) reconstruction error: mean=0.0827, std=0.1210
2026-02-08 21:17:15.807 | INFO     | src.models.evaluation:evaluate_tsb_ad_nonoverlapping:67 - Overlap? Normal max=1.0000, Anomaly min=0.0029
2026-02-08 21:17:18.588 | INFO     | src.models.evaluation:evaluate_tsb_ad_nonoverlapping:83 - {'AUC-PR': 0.011362921604071794, 'AUC-ROC': 0.5977511705685619, 'VUS-PR': np.float64(0.011611508455550978), 'VUS-ROC': np.float64(0.6673373537843205), 'Standard-F1': np.float64(0.06272761823233572), 'PA-F1': 0.32, 'Event-based-F1': np.float64(0.07407407407407399), 'R-based-F1': 0.07148936170212766, 'Affiliation-F': 0.7020791629031802}
2026-02-08 21:17:18.864 | INFO     | src.pipelines.train_vision_backbones:run_pipeline:170 - Train images: 470
2026-02-08 21:17:18.865 | INFO     | src.pipelines.train_vision_backbones:run_pipeline:171 - Test images: 1764
2026-02-08 21:17:19.088 | INFO     | src.pipelines.train_vision_backbones:run_pipeline:176 - Training resnet18_autoencoder_progressive_unfreeze on SG
2026-02-08 21:17:19.104 | INFO     | src.models.resnet18_autoencoder.training:train_autoencoder_progressive_unfreeze:133 - Device: cuda | Model on: cuda:0
2026-02-08 21:17:54.385 | INFO     | src.pipelines.train_vision_backbones:run_pipeline:193 - Evaluating resnet18_autoencoder_progressive_unfreeze on SG
2026-02-08 21:17:56.041 | INFO     | src.models.evaluation:evaluate_tsb_ad_nonoverlapping:65 - Normal (29900) reconstruction error: mean=0.0336, std=0.0666
2026-02-08 21:17:56.042 | INFO     | src.models.evaluation:evaluate_tsb_ad_nonoverlapping:66 - Anomaly (100) reconstruction error: mean=0.2119, std=0.3171
2026-02-08 21:17:56.042 | INFO     | src.models.evaluation:evaluate_tsb_ad_nonoverlapping:67 - Overlap? Normal max=1.0000, Anomaly min=0.0012
2026-02-08 21:17:58.796 | INFO     | src.models.evaluation:evaluate_tsb_ad_nonoverlapping:83 - {'AUC-PR': 0.07290371769492729, 'AUC-ROC': 0.6676615384615385, 'VUS-PR': np.float64(0.0378151190045681), 'VUS-ROC': np.float64(0.7413980703967015), 'Standard-F1': np.float64(0.2251610895147779), 'PA-F1': 0.8547008547008547, 'Event-based-F1': np.float64(0.4999999999999996), 'R-based-F1': 0.3346613545816733, 'Affiliation-F': 0.862120197574659}
2026-02-08 21:17:58.962 | INFO     | src.pipelines.train_vision_backbones:run_pipeline:170 - Train images: 470
2026-02-08 21:17:58.963 | INFO     | src.pipelines.train_vision_backbones:run_pipeline:171 - Test images: 1764
2026-02-08 21:17:59.188 | INFO     | src.pipelines.train_vision_backbones:run_pipeline:176 - Training resnet18_autoencoder_differential_lr on SG
2026-02-08 21:17:59.204 | INFO     | src.models.resnet18_autoencoder.training:train_autoencoder_differential_lr:271 - Device: cuda | Model on: cuda:0
2026-02-08 21:18:35.265 | INFO     | src.pipelines.train_vision_backbones:run_pipeline:193 - Evaluating resnet18_autoencoder_differential_lr on SG
2026-02-08 21:18:36.654 | INFO     | src.models.evaluation:evaluate_tsb_ad_nonoverlapping:65 - Normal (29900) reconstruction error: mean=0.0525, std=0.0966
2026-02-08 21:18:36.655 | INFO     | src.models.evaluation:evaluate_tsb_ad_nonoverlapping:66 - Anomaly (100) reconstruction error: mean=0.1840, std=0.2413
2026-02-08 21:18:36.655 | INFO     | src.models.evaluation:evaluate_tsb_ad_nonoverlapping:67 - Overlap? Normal max=1.0000, Anomaly min=0.0078
2026-02-08 21:18:39.562 | INFO     | src.models.evaluation:evaluate_tsb_ad_nonoverlapping:83 - {'AUC-PR': 0.024615666774557295, 'AUC-ROC': 0.6256334448160535, 'VUS-PR': np.float64(0.021796917944482682), 'VUS-ROC': np.float64(0.6862453872876959), 'Standard-F1': np.float64(0.11183769061747562), 'PA-F1': 0.5167958656330749, 'Event-based-F1': np.float64(0.1538461538461537), 'R-based-F1': 0.14310051107325386, 'Affiliation-F': 0.7784628588025019}
2026-02-08 21:18:39.718 | INFO     | src.pipelines.train_vision_backbones:run_pipeline:170 - Train images: 470
2026-02-08 21:18:39.718 | INFO     | src.pipelines.train_vision_backbones:run_pipeline:171 - Test images: 1764
2026-02-08 21:18:40.690 | INFO     | src.pipelines.train_vision_backbones:run_pipeline:176 - Training pvt_autoencoder_frozen on SG
2026-02-08 21:18:40.717 | INFO     | src.models.pvt_autoencoder.training:train_pvt_autoencoder_frozen:24 - Device: cuda | Model on: cuda:0
2026-02-08 21:19:15.518 | INFO     | src.pipelines.train_vision_backbones:run_pipeline:193 - Evaluating pvt_autoencoder_frozen on SG
2026-02-08 21:19:16.701 | INFO     | src.models.evaluation:evaluate_tsb_ad_nonoverlapping:65 - Normal (29900) reconstruction error: mean=0.0488, std=0.0721
2026-02-08 21:19:16.702 | INFO     | src.models.evaluation:evaluate_tsb_ad_nonoverlapping:66 - Anomaly (100) reconstruction error: mean=0.2457, std=0.3539
2026-02-08 21:19:16.702 | INFO     | src.models.evaluation:evaluate_tsb_ad_nonoverlapping:67 - Overlap? Normal max=0.9007, Anomaly min=0.0009
2026-02-08 21:19:19.531 | INFO     | src.models.evaluation:evaluate_tsb_ad_nonoverlapping:83 - {'AUC-PR': 0.18570573798976814, 'AUC-ROC': 0.5763163879598663, 'VUS-PR': np.float64(0.18694418116216152), 'VUS-ROC': np.float64(0.7126819686552112), 'Standard-F1': np.float64(0.29059580687344555), 'PA-F1': 1.0, 'Event-based-F1': np.float64(0.9999999999999996), 'R-based-F1': 0.5029940119760479, 'Affiliation-F': 0.9993954680953071}
2026-02-08 21:19:19.686 | INFO     | src.pipelines.train_vision_backbones:run_pipeline:170 - Train images: 470
2026-02-08 21:19:19.686 | INFO     | src.pipelines.train_vision_backbones:run_pipeline:171 - Test images: 1764
2026-02-08 21:19:20.659 | INFO     | src.pipelines.train_vision_backbones:run_pipeline:176 - Training pvt_autoencoder_progressive_unfreeze on SG
2026-02-08 21:19:20.684 | INFO     | src.models.pvt_autoencoder.training:train_pvt_autoencoder_progressive_unfreeze:132 - Device: cuda | Model on: cuda:0
2026-02-08 21:19:43.497 | INFO     | src.pipelines.train_vision_backbones:run_pipeline:193 - Evaluating pvt_autoencoder_progressive_unfreeze on SG
2026-02-08 21:19:44.691 | INFO     | src.models.evaluation:evaluate_tsb_ad_nonoverlapping:65 - Normal (29900) reconstruction error: mean=0.0590, std=0.0762
2026-02-08 21:19:44.692 | INFO     | src.models.evaluation:evaluate_tsb_ad_nonoverlapping:66 - Anomaly (100) reconstruction error: mean=0.2425, std=0.3533
2026-02-08 21:19:44.692 | INFO     | src.models.evaluation:evaluate_tsb_ad_nonoverlapping:67 - Overlap? Normal max=0.7596, Anomaly min=0.0025
2026-02-08 21:19:47.551 | INFO     | src.models.evaluation:evaluate_tsb_ad_nonoverlapping:83 - {'AUC-PR': 0.17978133062726978, 'AUC-ROC': 0.586089966555184, 'VUS-PR': np.float64(0.18006159720842782), 'VUS-ROC': np.float64(0.6677880757341491), 'Standard-F1': np.float64(0.29059580687344555), 'PA-F1': 1.0, 'Event-based-F1': np.float64(0.9999999999999996), 'R-based-F1': 0.5029940119760479, 'Affiliation-F': 0.9993954680953071}
2026-02-08 21:19:47.709 | INFO     | src.pipelines.train_vision_backbones:run_pipeline:170 - Train images: 470
2026-02-08 21:19:47.709 | INFO     | src.pipelines.train_vision_backbones:run_pipeline:171 - Test images: 1764
2026-02-08 21:19:48.679 | INFO     | src.pipelines.train_vision_backbones:run_pipeline:176 - Training pvt_autoencoder_differential_lr on SG
2026-02-08 21:19:48.705 | INFO     | src.models.pvt_autoencoder.training:train_pvt_autoencoder_differential_lr:267 - Device: cuda | Model on: cuda:0
2026-02-08 21:20:33.399 | INFO     | src.pipelines.train_vision_backbones:run_pipeline:193 - Evaluating pvt_autoencoder_differential_lr on SG
2026-02-08 21:20:34.586 | INFO     | src.models.evaluation:evaluate_tsb_ad_nonoverlapping:65 - Normal (29900) reconstruction error: mean=0.0249, std=0.0590
2026-02-08 21:20:34.586 | INFO     | src.models.evaluation:evaluate_tsb_ad_nonoverlapping:66 - Anomaly (100) reconstruction error: mean=0.1867, std=0.3686
2026-02-08 21:20:34.586 | INFO     | src.models.evaluation:evaluate_tsb_ad_nonoverlapping:67 - Overlap? Normal max=0.8448, Anomaly min=0.0013
2026-02-08 21:20:37.194 | INFO     | src.models.evaluation:evaluate_tsb_ad_nonoverlapping:83 - {'AUC-PR': 0.17554573580078608, 'AUC-ROC': 0.6087585284280936, 'VUS-PR': np.float64(0.176310176918924), 'VUS-ROC': np.float64(0.6921210836299343), 'Standard-F1': np.float64(0.29059580687344555), 'PA-F1': 1.0, 'Event-based-F1': np.float64(0.9999999999999996), 'R-based-F1': 0.5029940119760479, 'Affiliation-F': 0.9993954680953071}
2026-02-08 21:20:38.162 | INFO     | src.pipelines.train_vision_backbones:run_pipeline:70 - Using zip: /net/scratch/hscra/plgrid/plgsmendowski12/ts2i_images/UCR/471_UCR_id_169_Facility_tr_10000_1st_35774_ts2i_GASF.zip for transformation GASF
2026-02-08 21:20:41.429 | INFO     | src.pipelines.train_vision_backbones:run_pipeline:170 - Train images: 470
2026-02-08 21:20:41.429 | INFO     | src.pipelines.train_vision_backbones:run_pipeline:171 - Test images: 1764
2026-02-08 21:20:41.436 | INFO     | src.pipelines.train_vision_backbones:run_pipeline:176 - Training cnn_autoencoder on GASF
2026-02-08 21:20:41.441 | INFO     | src.models.cnn_autoencoder.training:train_autoencoder:22 - Device: cuda | Model on: cuda:0
2026-02-08 21:21:36.317 | INFO     | src.pipelines.train_vision_backbones:run_pipeline:193 - Evaluating cnn_autoencoder on GASF
2026-02-08 21:21:37.910 | INFO     | src.models.evaluation:evaluate_tsb_ad_nonoverlapping:65 - Normal (29900) reconstruction error: mean=0.0859, std=0.1214
2026-02-08 21:21:37.911 | INFO     | src.models.evaluation:evaluate_tsb_ad_nonoverlapping:66 - Anomaly (100) reconstruction error: mean=0.1223, std=0.0901
2026-02-08 21:21:37.911 | INFO     | src.models.evaluation:evaluate_tsb_ad_nonoverlapping:67 - Overlap? Normal max=1.0000, Anomaly min=0.0130
2026-02-08 21:21:41.048 | INFO     | src.models.evaluation:evaluate_tsb_ad_nonoverlapping:83 - {'AUC-PR': 0.006895411033923243, 'AUC-ROC': 0.6372752508361205, 'VUS-PR': np.float64(0.009014712718707909), 'VUS-ROC': np.float64(0.722045974645047), 'Standard-F1': np.float64(0.0189897897859697), 'PA-F1': 0.07451564828614009, 'Event-based-F1': np.float64(0.018232044198895007), 'R-based-F1': 0.01994663666562778, 'Affiliation-F': 0.887449909541069}
2026-02-08 21:21:41.208 | INFO     | src.pipelines.train_vision_backbones:run_pipeline:170 - Train images: 470
2026-02-08 21:21:41.208 | INFO     | src.pipelines.train_vision_backbones:run_pipeline:171 - Test images: 1764
2026-02-08 21:21:41.434 | INFO     | src.pipelines.train_vision_backbones:run_pipeline:176 - Training resnet18_autoencoder_frozen on GASF
2026-02-08 21:21:41.456 | INFO     | src.models.resnet18_autoencoder.training:train_autoencoder_frozen:25 - Device: cuda | Model on: cuda:0
2026-02-08 21:22:10.481 | INFO     | src.pipelines.train_vision_backbones:run_pipeline:193 - Evaluating resnet18_autoencoder_frozen on GASF
2026-02-08 21:22:12.245 | INFO     | src.models.evaluation:evaluate_tsb_ad_nonoverlapping:65 - Normal (29900) reconstruction error: mean=0.1491, std=0.1406
2026-02-08 21:22:12.245 | INFO     | src.models.evaluation:evaluate_tsb_ad_nonoverlapping:66 - Anomaly (100) reconstruction error: mean=0.2315, std=0.1598
2026-02-08 21:22:12.245 | INFO     | src.models.evaluation:evaluate_tsb_ad_nonoverlapping:67 - Overlap? Normal max=1.0000, Anomaly min=0.0418
2026-02-08 21:22:16.015 | INFO     | src.models.evaluation:evaluate_tsb_ad_nonoverlapping:83 - {'AUC-PR': 0.010233913979115357, 'AUC-ROC': 0.6688929765886287, 'VUS-PR': np.float64(0.013547682499296347), 'VUS-ROC': np.float64(0.7510479835552708), 'Standard-F1': np.float64(0.04891839979281619), 'PA-F1': 0.23174971031286212, 'Event-based-F1': np.float64(0.048780487804878), 'R-based-F1': 0.04764605785592739, 'Affiliation-F': 0.6974249712235081}
2026-02-08 21:22:16.173 | INFO     | src.pipelines.train_vision_backbones:run_pipeline:170 - Train images: 470
2026-02-08 21:22:16.173 | INFO     | src.pipelines.train_vision_backbones:run_pipeline:171 - Test images: 1764
2026-02-08 21:22:16.398 | INFO     | src.pipelines.train_vision_backbones:run_pipeline:176 - Training resnet18_autoencoder_progressive_unfreeze on GASF
2026-02-08 21:22:16.414 | INFO     | src.models.resnet18_autoencoder.training:train_autoencoder_progressive_unfreeze:133 - Device: cuda | Model on: cuda:0
2026-02-08 21:23:09.417 | INFO     | src.pipelines.train_vision_backbones:run_pipeline:193 - Evaluating resnet18_autoencoder_progressive_unfreeze on GASF
2026-02-08 21:23:11.181 | INFO     | src.models.evaluation:evaluate_tsb_ad_nonoverlapping:65 - Normal (29900) reconstruction error: mean=0.1441, std=0.1654
2026-02-08 21:23:11.181 | INFO     | src.models.evaluation:evaluate_tsb_ad_nonoverlapping:66 - Anomaly (100) reconstruction error: mean=0.2190, std=0.1432
2026-02-08 21:23:11.181 | INFO     | src.models.evaluation:evaluate_tsb_ad_nonoverlapping:67 - Overlap? Normal max=1.0000, Anomaly min=0.0121
2026-02-08 21:23:14.949 | INFO     | src.models.evaluation:evaluate_tsb_ad_nonoverlapping:83 - {'AUC-PR': 0.007242595104023427, 'AUC-ROC': 0.6642364548494983, 'VUS-PR': np.float64(0.00975863178353415), 'VUS-ROC': np.float64(0.7641514770261361), 'Standard-F1': np.float64(0.020971119802727534), 'PA-F1': 0.059790732436472344, 'Event-based-F1': np.float64(0.020820055236881217), 'R-based-F1': 0.017612377587582384, 'Affiliation-F': 0.6800591367231927}
2026-02-08 21:23:15.133 | INFO     | src.pipelines.train_vision_backbones:run_pipeline:170 - Train images: 470
2026-02-08 21:23:15.134 | INFO     | src.pipelines.train_vision_backbones:run_pipeline:171 - Test images: 1764
2026-02-08 21:23:15.358 | INFO     | src.pipelines.train_vision_backbones:run_pipeline:176 - Training resnet18_autoencoder_differential_lr on GASF
2026-02-08 21:23:15.374 | INFO     | src.models.resnet18_autoencoder.training:train_autoencoder_differential_lr:271 - Device: cuda | Model on: cuda:0
2026-02-08 21:24:09.587 | INFO     | src.pipelines.train_vision_backbones:run_pipeline:193 - Evaluating resnet18_autoencoder_differential_lr on GASF
2026-02-08 21:24:11.640 | INFO     | src.models.evaluation:evaluate_tsb_ad_nonoverlapping:65 - Normal (29900) reconstruction error: mean=0.1212, std=0.1593
2026-02-08 21:24:11.641 | INFO     | src.models.evaluation:evaluate_tsb_ad_nonoverlapping:66 - Anomaly (100) reconstruction error: mean=0.1636, std=0.1033
2026-02-08 21:24:11.641 | INFO     | src.models.evaluation:evaluate_tsb_ad_nonoverlapping:67 - Overlap? Normal max=1.0000, Anomaly min=0.0113
2026-02-08 21:24:15.188 | INFO     | src.models.evaluation:evaluate_tsb_ad_nonoverlapping:83 - {'AUC-PR': 0.005998234409390185, 'AUC-ROC': 0.6407377926421405, 'VUS-PR': np.float64(0.007796630450563046), 'VUS-ROC': np.float64(0.7258069889183276), 'Standard-F1': np.float64(0.01725915614280112), 'PA-F1': 0.038476337052712584, 'Event-based-F1': np.float64(0.016994978756276535), 'R-based-F1': 0.013752178622047329, 'Affiliation-F': 0.676433513871628}
2026-02-08 21:24:15.359 | INFO     | src.pipelines.train_vision_backbones:run_pipeline:170 - Train images: 470
2026-02-08 21:24:15.359 | INFO     | src.pipelines.train_vision_backbones:run_pipeline:171 - Test images: 1764
2026-02-08 21:24:16.364 | INFO     | src.pipelines.train_vision_backbones:run_pipeline:176 - Training pvt_autoencoder_frozen on GASF
2026-02-08 21:24:16.391 | INFO     | src.models.pvt_autoencoder.training:train_pvt_autoencoder_frozen:24 - Device: cuda | Model on: cuda:0
2026-02-08 21:24:45.431 | INFO     | src.pipelines.train_vision_backbones:run_pipeline:193 - Evaluating pvt_autoencoder_frozen on GASF
2026-02-08 21:24:47.649 | INFO     | src.models.evaluation:evaluate_tsb_ad_nonoverlapping:65 - Normal (29900) reconstruction error: mean=0.1241, std=0.1349
2026-02-08 21:24:47.649 | INFO     | src.models.evaluation:evaluate_tsb_ad_nonoverlapping:66 - Anomaly (100) reconstruction error: mean=0.1687, std=0.0867
2026-02-08 21:24:47.649 | INFO     | src.models.evaluation:evaluate_tsb_ad_nonoverlapping:67 - Overlap? Normal max=1.0000, Anomaly min=0.0138
2026-02-08 21:24:51.132 | INFO     | src.models.evaluation:evaluate_tsb_ad_nonoverlapping:83 - {'AUC-PR': 0.0060572540457568555, 'AUC-ROC': 0.6539852842809364, 'VUS-PR': np.float64(0.008325327735236237), 'VUS-ROC': np.float64(0.7532421084101486), 'Standard-F1': np.float64(0.01619650888259607), 'PA-F1': 0.052576235541535225, 'Event-based-F1': np.float64(0.016010802469135783), 'R-based-F1': 0.014299695885774752, 'Affiliation-F': 0.84664990518186}
2026-02-08 21:24:51.284 | INFO     | src.pipelines.train_vision_backbones:run_pipeline:170 - Train images: 470
2026-02-08 21:24:51.284 | INFO     | src.pipelines.train_vision_backbones:run_pipeline:171 - Test images: 1764
2026-02-08 21:24:52.238 | INFO     | src.pipelines.train_vision_backbones:run_pipeline:176 - Training pvt_autoencoder_progressive_unfreeze on GASF
2026-02-08 21:24:52.264 | INFO     | src.models.pvt_autoencoder.training:train_pvt_autoencoder_progressive_unfreeze:132 - Device: cuda | Model on: cuda:0
2026-02-08 21:25:28.038 | INFO     | src.pipelines.train_vision_backbones:run_pipeline:193 - Evaluating pvt_autoencoder_progressive_unfreeze on GASF
2026-02-08 21:25:30.009 | INFO     | src.models.evaluation:evaluate_tsb_ad_nonoverlapping:65 - Normal (29900) reconstruction error: mean=0.1362, std=0.1647
2026-02-08 21:25:30.010 | INFO     | src.models.evaluation:evaluate_tsb_ad_nonoverlapping:66 - Anomaly (100) reconstruction error: mean=0.1664, std=0.1180
2026-02-08 21:25:30.010 | INFO     | src.models.evaluation:evaluate_tsb_ad_nonoverlapping:67 - Overlap? Normal max=1.0000, Anomaly min=0.0108
2026-02-08 21:25:33.647 | INFO     | src.models.evaluation:evaluate_tsb_ad_nonoverlapping:83 - {'AUC-PR': 0.005500662499656862, 'AUC-ROC': 0.5912387959866221, 'VUS-PR': np.float64(0.007658661970468267), 'VUS-ROC': np.float64(0.7000888665735613), 'Standard-F1': np.float64(0.015542907495699846), 'PA-F1': 0.044923629829290206, 'Event-based-F1': np.float64(0.015501423600126523), 'R-based-F1': 0.01645853064962272, 'Affiliation-F': 0.7239204525774976}
2026-02-08 21:25:33.816 | INFO     | src.pipelines.train_vision_backbones:run_pipeline:170 - Train images: 470
2026-02-08 21:25:33.816 | INFO     | src.pipelines.train_vision_backbones:run_pipeline:171 - Test images: 1764
2026-02-08 21:25:34.798 | INFO     | src.pipelines.train_vision_backbones:run_pipeline:176 - Training pvt_autoencoder_differential_lr on GASF
2026-02-08 21:25:34.825 | INFO     | src.models.pvt_autoencoder.training:train_pvt_autoencoder_differential_lr:267 - Device: cuda | Model on: cuda:0
2026-02-08 21:26:21.702 | INFO     | src.pipelines.train_vision_backbones:run_pipeline:193 - Evaluating pvt_autoencoder_differential_lr on GASF
2026-02-08 21:26:23.908 | INFO     | src.models.evaluation:evaluate_tsb_ad_nonoverlapping:65 - Normal (29900) reconstruction error: mean=0.1296, std=0.1742
2026-02-08 21:26:23.908 | INFO     | src.models.evaluation:evaluate_tsb_ad_nonoverlapping:66 - Anomaly (100) reconstruction error: mean=0.1839, std=0.1499
2026-02-08 21:26:23.908 | INFO     | src.models.evaluation:evaluate_tsb_ad_nonoverlapping:67 - Overlap? Normal max=1.0000, Anomaly min=0.0134
2026-02-08 21:26:27.519 | INFO     | src.models.evaluation:evaluate_tsb_ad_nonoverlapping:83 - {'AUC-PR': 0.006269920551442889, 'AUC-ROC': 0.6438989966555184, 'VUS-PR': np.float64(0.009178757050885545), 'VUS-ROC': np.float64(0.7396913713239726), 'Standard-F1': np.float64(0.016714657027403088), 'PA-F1': 0.07751937984496124, 'Event-based-F1': np.float64(0.016618619637103593), 'R-based-F1': 0.01613212982523526, 'Affiliation-F': 0.6961801771444153}
2026-02-08 21:26:28.298 | INFO     | src.pipelines.train_vision_backbones:run_pipeline:70 - Using zip: /net/scratch/hscra/plgrid/plgsmendowski12/ts2i_images/UCR/471_UCR_id_169_Facility_tr_10000_1st_35774_ts2i_GADF.zip for transformation GADF
2026-02-08 21:26:31.238 | INFO     | src.pipelines.train_vision_backbones:run_pipeline:170 - Train images: 470
2026-02-08 21:26:31.239 | INFO     | src.pipelines.train_vision_backbones:run_pipeline:171 - Test images: 1764
2026-02-08 21:26:31.245 | INFO     | src.pipelines.train_vision_backbones:run_pipeline:176 - Training cnn_autoencoder on GADF
2026-02-08 21:26:31.250 | INFO     | src.models.cnn_autoencoder.training:train_autoencoder:22 - Device: cuda | Model on: cuda:0
2026-02-08 21:27:25.080 | INFO     | src.pipelines.train_vision_backbones:run_pipeline:193 - Evaluating cnn_autoencoder on GADF
2026-02-08 21:27:26.721 | INFO     | src.models.evaluation:evaluate_tsb_ad_nonoverlapping:65 - Normal (29900) reconstruction error: mean=0.0866, std=0.1169
2026-02-08 21:27:26.721 | INFO     | src.models.evaluation:evaluate_tsb_ad_nonoverlapping:66 - Anomaly (100) reconstruction error: mean=0.1053, std=0.1095
2026-02-08 21:27:26.722 | INFO     | src.models.evaluation:evaluate_tsb_ad_nonoverlapping:67 - Overlap? Normal max=1.0000, Anomaly min=0.0090
2026-02-08 21:27:29.916 | INFO     | src.models.evaluation:evaluate_tsb_ad_nonoverlapping:83 - {'AUC-PR': 0.005935284484353553, 'AUC-ROC': 0.5781334448160536, 'VUS-PR': np.float64(0.007635346443853478), 'VUS-ROC': np.float64(0.6621872358652379), 'Standard-F1': np.float64(0.020310179773525245), 'PA-F1': 0.12531328320802004, 'Event-based-F1': np.float64(0.021037868162692822), 'R-based-F1': 0.02240687144057511, 'Affiliation-F': 0.887449909541069}
2026-02-08 21:27:30.076 | INFO     | src.pipelines.train_vision_backbones:run_pipeline:170 - Train images: 470
2026-02-08 21:27:30.076 | INFO     | src.pipelines.train_vision_backbones:run_pipeline:171 - Test images: 1764
2026-02-08 21:27:30.303 | INFO     | src.pipelines.train_vision_backbones:run_pipeline:176 - Training resnet18_autoencoder_frozen on GADF
2026-02-08 21:27:30.319 | INFO     | src.models.resnet18_autoencoder.training:train_autoencoder_frozen:25 - Device: cuda | Model on: cuda:0
2026-02-08 21:27:53.009 | INFO     | src.pipelines.train_vision_backbones:run_pipeline:193 - Evaluating resnet18_autoencoder_frozen on GADF
2026-02-08 21:27:55.071 | INFO     | src.models.evaluation:evaluate_tsb_ad_nonoverlapping:65 - Normal (29900) reconstruction error: mean=0.0968, std=0.1171
2026-02-08 21:27:55.071 | INFO     | src.models.evaluation:evaluate_tsb_ad_nonoverlapping:66 - Anomaly (100) reconstruction error: mean=0.0846, std=0.0745
2026-02-08 21:27:55.071 | INFO     | src.models.evaluation:evaluate_tsb_ad_nonoverlapping:67 - Overlap? Normal max=1.0000, Anomaly min=0.0127
2026-02-08 21:27:58.314 | INFO     | src.models.evaluation:evaluate_tsb_ad_nonoverlapping:83 - {'AUC-PR': 0.004282652976375892, 'AUC-ROC': 0.5434113712374582, 'VUS-PR': np.float64(0.006178677607190221), 'VUS-ROC': np.float64(0.6300643750276376), 'Standard-F1': np.float64(0.010551400161233437), 'PA-F1': 0.05578800557880056, 'Event-based-F1': np.float64(0.010033444816053502), 'R-based-F1': 0.011522062730254636, 'Affiliation-F': 0.6715376999025188}
2026-02-08 21:27:58.530 | INFO     | src.pipelines.train_vision_backbones:run_pipeline:170 - Train images: 470
2026-02-08 21:27:58.531 | INFO     | src.pipelines.train_vision_backbones:run_pipeline:171 - Test images: 1764
2026-02-08 21:27:58.765 | INFO     | src.pipelines.train_vision_backbones:run_pipeline:176 - Training resnet18_autoencoder_progressive_unfreeze on GADF
2026-02-08 21:27:58.782 | INFO     | src.models.resnet18_autoencoder.training:train_autoencoder_progressive_unfreeze:133 - Device: cuda | Model on: cuda:0
2026-02-08 21:28:24.372 | INFO     | src.pipelines.train_vision_backbones:run_pipeline:193 - Evaluating resnet18_autoencoder_progressive_unfreeze on GADF
2026-02-08 21:28:26.109 | INFO     | src.models.evaluation:evaluate_tsb_ad_nonoverlapping:65 - Normal (29900) reconstruction error: mean=0.1260, std=0.1590
2026-02-08 21:28:26.110 | INFO     | src.models.evaluation:evaluate_tsb_ad_nonoverlapping:66 - Anomaly (100) reconstruction error: mean=0.1545, std=0.1248
2026-02-08 21:28:26.110 | INFO     | src.models.evaluation:evaluate_tsb_ad_nonoverlapping:67 - Overlap? Normal max=1.0000, Anomaly min=0.0176
2026-02-08 21:28:29.610 | INFO     | src.models.evaluation:evaluate_tsb_ad_nonoverlapping:83 - {'AUC-PR': 0.00542156440843482, 'AUC-ROC': 0.5930297658862875, 'VUS-PR': np.float64(0.007493839554477115), 'VUS-ROC': np.float64(0.687809634488814), 'Standard-F1': np.float64(0.013140668983584413), 'PA-F1': 0.07092198581560284, 'Event-based-F1': np.float64(0.012943714453814458), 'R-based-F1': 0.015769136002788443, 'Affiliation-F': 0.6888913395074535}
2026-02-08 21:28:29.779 | INFO     | src.pipelines.train_vision_backbones:run_pipeline:170 - Train images: 470
2026-02-08 21:28:29.779 | INFO     | src.pipelines.train_vision_backbones:run_pipeline:171 - Test images: 1764
2026-02-08 21:28:30.004 | INFO     | src.pipelines.train_vision_backbones:run_pipeline:176 - Training resnet18_autoencoder_differential_lr on GADF
2026-02-08 21:28:30.020 | INFO     | src.models.resnet18_autoencoder.training:train_autoencoder_differential_lr:271 - Device: cuda | Model on: cuda:0
2026-02-08 21:29:07.501 | INFO     | src.pipelines.train_vision_backbones:run_pipeline:193 - Evaluating resnet18_autoencoder_differential_lr on GADF
2026-02-08 21:29:09.009 | INFO     | src.models.evaluation:evaluate_tsb_ad_nonoverlapping:65 - Normal (29900) reconstruction error: mean=0.1181, std=0.1548
2026-02-08 21:29:09.010 | INFO     | src.models.evaluation:evaluate_tsb_ad_nonoverlapping:66 - Anomaly (100) reconstruction error: mean=0.1886, std=0.1880
2026-02-08 21:29:09.010 | INFO     | src.models.evaluation:evaluate_tsb_ad_nonoverlapping:67 - Overlap? Normal max=1.0000, Anomaly min=0.0174
2026-02-08 21:29:12.475 | INFO     | src.models.evaluation:evaluate_tsb_ad_nonoverlapping:83 - {'AUC-PR': 0.008259846234942353, 'AUC-ROC': 0.6440752508361203, 'VUS-PR': np.float64(0.011438858267397564), 'VUS-ROC': np.float64(0.7423224035355313), 'Standard-F1': np.float64(0.029467776593391438), 'PA-F1': 0.17857142857142858, 'Event-based-F1': np.float64(0.03157894736842102), 'R-based-F1': 0.03164974284583937, 'Affiliation-F': 0.8983836992841563}
2026-02-08 21:29:12.635 | INFO     | src.pipelines.train_vision_backbones:run_pipeline:170 - Train images: 470
2026-02-08 21:29:12.635 | INFO     | src.pipelines.train_vision_backbones:run_pipeline:171 - Test images: 1764
2026-02-08 21:29:13.636 | INFO     | src.pipelines.train_vision_backbones:run_pipeline:176 - Training pvt_autoencoder_frozen on GADF
2026-02-08 21:29:13.662 | INFO     | src.models.pvt_autoencoder.training:train_pvt_autoencoder_frozen:24 - Device: cuda | Model on: cuda:0
2026-02-08 21:29:34.846 | INFO     | src.pipelines.train_vision_backbones:run_pipeline:193 - Evaluating pvt_autoencoder_frozen on GADF
2026-02-08 21:29:36.108 | INFO     | src.models.evaluation:evaluate_tsb_ad_nonoverlapping:65 - Normal (29900) reconstruction error: mean=0.0774, std=0.1019
2026-02-08 21:29:36.108 | INFO     | src.models.evaluation:evaluate_tsb_ad_nonoverlapping:66 - Anomaly (100) reconstruction error: mean=0.0787, std=0.0688
2026-02-08 21:29:36.108 | INFO     | src.models.evaluation:evaluate_tsb_ad_nonoverlapping:67 - Overlap? Normal max=1.0000, Anomaly min=0.0149
2026-02-08 21:29:39.098 | INFO     | src.models.evaluation:evaluate_tsb_ad_nonoverlapping:83 - {'AUC-PR': 0.0047995159045798935, 'AUC-ROC': 0.5711173913043478, 'VUS-PR': np.float64(0.006654739303275482), 'VUS-ROC': np.float64(0.6632273068462624), 'Standard-F1': np.float64(0.012307315100318439), 'PA-F1': 0.056322162771050406, 'Event-based-F1': np.float64(0.011769032732622276), 'R-based-F1': 0.01645853064962272, 'Affiliation-F': 0.739591738361937}
2026-02-08 21:29:39.249 | INFO     | src.pipelines.train_vision_backbones:run_pipeline:170 - Train images: 470
2026-02-08 21:29:39.249 | INFO     | src.pipelines.train_vision_backbones:run_pipeline:171 - Test images: 1764
2026-02-08 21:29:40.244 | INFO     | src.pipelines.train_vision_backbones:run_pipeline:176 - Training pvt_autoencoder_progressive_unfreeze on GADF
2026-02-08 21:29:40.270 | INFO     | src.models.pvt_autoencoder.training:train_pvt_autoencoder_progressive_unfreeze:132 - Device: cuda | Model on: cuda:0
2026-02-08 21:30:15.202 | INFO     | src.pipelines.train_vision_backbones:run_pipeline:193 - Evaluating pvt_autoencoder_progressive_unfreeze on GADF
2026-02-08 21:30:16.489 | INFO     | src.models.evaluation:evaluate_tsb_ad_nonoverlapping:65 - Normal (29900) reconstruction error: mean=0.0932, std=0.1235
2026-02-08 21:30:16.490 | INFO     | src.models.evaluation:evaluate_tsb_ad_nonoverlapping:66 - Anomaly (100) reconstruction error: mean=0.1090, std=0.0924
2026-02-08 21:30:16.490 | INFO     | src.models.evaluation:evaluate_tsb_ad_nonoverlapping:67 - Overlap? Normal max=1.0000, Anomaly min=0.0096
2026-02-08 21:30:19.626 | INFO     | src.models.evaluation:evaluate_tsb_ad_nonoverlapping:83 - {'AUC-PR': 0.005347791628194877, 'AUC-ROC': 0.582738795986622, 'VUS-PR': np.float64(0.007471722149795027), 'VUS-ROC': np.float64(0.687548243968348), 'Standard-F1': np.float64(0.013843526062404224), 'PA-F1': 0.0646830530401035, 'Event-based-F1': np.float64(0.013868459760453863), 'R-based-F1': 0.01675146671092867, 'Affiliation-F': 0.9306499137400975}
2026-02-08 21:30:19.780 | INFO     | src.pipelines.train_vision_backbones:run_pipeline:170 - Train images: 470
2026-02-08 21:30:19.780 | INFO     | src.pipelines.train_vision_backbones:run_pipeline:171 - Test images: 1764
2026-02-08 21:30:20.786 | INFO     | src.pipelines.train_vision_backbones:run_pipeline:176 - Training pvt_autoencoder_differential_lr on GADF
2026-02-08 21:30:20.812 | INFO     | src.models.pvt_autoencoder.training:train_pvt_autoencoder_differential_lr:267 - Device: cuda | Model on: cuda:0
2026-02-08 21:31:05.356 | INFO     | src.pipelines.train_vision_backbones:run_pipeline:193 - Evaluating pvt_autoencoder_differential_lr on GADF
2026-02-08 21:31:06.669 | INFO     | src.models.evaluation:evaluate_tsb_ad_nonoverlapping:65 - Normal (29900) reconstruction error: mean=0.0967, std=0.1214
2026-02-08 21:31:06.669 | INFO     | src.models.evaluation:evaluate_tsb_ad_nonoverlapping:66 - Anomaly (100) reconstruction error: mean=0.1282, std=0.1228
2026-02-08 21:31:06.669 | INFO     | src.models.evaluation:evaluate_tsb_ad_nonoverlapping:67 - Overlap? Normal max=1.0000, Anomaly min=0.0202
2026-02-08 21:31:09.928 | INFO     | src.models.evaluation:evaluate_tsb_ad_nonoverlapping:83 - {'AUC-PR': 0.006604466341842612, 'AUC-ROC': 0.6207983277591973, 'VUS-PR': np.float64(0.009351060584922532), 'VUS-ROC': np.float64(0.7064452825740181), 'Standard-F1': np.float64(0.02525098355386607), 'PA-F1': 0.15503875968992248, 'Event-based-F1': np.float64(0.02678571428571426), 'R-based-F1': 0.0281195079086116, 'Affiliation-F': 0.6754321040466048}
2026-02-08 21:31:10.868 | INFO     | src.pipelines.train_vision_backbones:run_pipeline:70 - Using zip: /net/scratch/hscra/plgrid/plgsmendowski12/ts2i_images/UCR/471_UCR_id_169_Facility_tr_10000_1st_35774_ts2i_MTF.zip for transformation MTF
2026-02-08 21:31:13.771 | INFO     | src.pipelines.train_vision_backbones:run_pipeline:170 - Train images: 470
2026-02-08 21:31:13.771 | INFO     | src.pipelines.train_vision_backbones:run_pipeline:171 - Test images: 1764
2026-02-08 21:31:13.778 | INFO     | src.pipelines.train_vision_backbones:run_pipeline:176 - Training cnn_autoencoder on MTF
2026-02-08 21:31:13.783 | INFO     | src.models.cnn_autoencoder.training:train_autoencoder:22 - Device: cuda | Model on: cuda:0
2026-02-08 21:32:37.817 | INFO     | src.pipelines.train_vision_backbones:run_pipeline:193 - Evaluating cnn_autoencoder on MTF
2026-02-08 21:32:39.690 | INFO     | src.models.evaluation:evaluate_tsb_ad_nonoverlapping:65 - Normal (29900) reconstruction error: mean=0.1052, std=0.0915
2026-02-08 21:32:39.690 | INFO     | src.models.evaluation:evaluate_tsb_ad_nonoverlapping:66 - Anomaly (100) reconstruction error: mean=0.1031, std=0.0556
2026-02-08 21:32:39.690 | INFO     | src.models.evaluation:evaluate_tsb_ad_nonoverlapping:67 - Overlap? Normal max=1.0000, Anomaly min=0.0190
2026-02-08 21:32:43.029 | INFO     | src.models.evaluation:evaluate_tsb_ad_nonoverlapping:83 - {'AUC-PR': 0.00473874788607769, 'AUC-ROC': 0.5510642140468227, 'VUS-PR': np.float64(0.0198029850139981), 'VUS-ROC': np.float64(0.685416154280148), 'Standard-F1': np.float64(0.01044864848008967), 'PA-F1': 0.06329113924050633, 'Event-based-F1': np.float64(0.010151232649678878), 'R-based-F1': 0.014438605662090407, 'Affiliation-F': 0.8143929748995816}
2026-02-08 21:32:43.192 | INFO     | src.pipelines.train_vision_backbones:run_pipeline:170 - Train images: 470
2026-02-08 21:32:43.193 | INFO     | src.pipelines.train_vision_backbones:run_pipeline:171 - Test images: 1764
2026-02-08 21:32:43.418 | INFO     | src.pipelines.train_vision_backbones:run_pipeline:176 - Training resnet18_autoencoder_frozen on MTF
2026-02-08 21:32:43.433 | INFO     | src.models.resnet18_autoencoder.training:train_autoencoder_frozen:25 - Device: cuda | Model on: cuda:0
2026-02-08 21:33:27.561 | INFO     | src.pipelines.train_vision_backbones:run_pipeline:193 - Evaluating resnet18_autoencoder_frozen on MTF
2026-02-08 21:33:29.578 | INFO     | src.models.evaluation:evaluate_tsb_ad_nonoverlapping:65 - Normal (29900) reconstruction error: mean=0.1103, std=0.0870
2026-02-08 21:33:29.578 | INFO     | src.models.evaluation:evaluate_tsb_ad_nonoverlapping:66 - Anomaly (100) reconstruction error: mean=0.1081, std=0.0833
2026-02-08 21:33:29.578 | INFO     | src.models.evaluation:evaluate_tsb_ad_nonoverlapping:67 - Overlap? Normal max=1.0000, Anomaly min=0.0053
2026-02-08 21:33:32.911 | INFO     | src.models.evaluation:evaluate_tsb_ad_nonoverlapping:83 - {'AUC-PR': 0.00541277312904892, 'AUC-ROC': 0.4988531772575251, 'VUS-PR': np.float64(0.02049691870139295), 'VUS-ROC': np.float64(0.6443119868630669), 'Standard-F1': np.float64(0.020022448698364167), 'PA-F1': 0.1091703056768559, 'Event-based-F1': np.float64(0.0204081632653061), 'R-based-F1': 0.022477923468022475, 'Affiliation-F': 0.8563955405576397}
2026-02-08 21:33:33.244 | INFO     | src.pipelines.train_vision_backbones:run_pipeline:170 - Train images: 470
2026-02-08 21:33:33.244 | INFO     | src.pipelines.train_vision_backbones:run_pipeline:171 - Test images: 1764
2026-02-08 21:33:33.457 | INFO     | src.pipelines.train_vision_backbones:run_pipeline:176 - Training resnet18_autoencoder_progressive_unfreeze on MTF
2026-02-08 21:33:33.470 | INFO     | src.models.resnet18_autoencoder.training:train_autoencoder_progressive_unfreeze:133 - Device: cuda | Model on: cuda:0
2026-02-08 21:34:16.595 | INFO     | src.pipelines.train_vision_backbones:run_pipeline:193 - Evaluating resnet18_autoencoder_progressive_unfreeze on MTF
2026-02-08 21:34:18.683 | INFO     | src.models.evaluation:evaluate_tsb_ad_nonoverlapping:65 - Normal (29900) reconstruction error: mean=0.1113, std=0.0868
2026-02-08 21:34:18.684 | INFO     | src.models.evaluation:evaluate_tsb_ad_nonoverlapping:66 - Anomaly (100) reconstruction error: mean=0.0945, std=0.0596
2026-02-08 21:34:18.684 | INFO     | src.models.evaluation:evaluate_tsb_ad_nonoverlapping:67 - Overlap? Normal max=1.0000, Anomaly min=0.0054
2026-02-08 21:34:22.043 | INFO     | src.models.evaluation:evaluate_tsb_ad_nonoverlapping:83 - {'AUC-PR': 0.0038166765742323793, 'AUC-ROC': 0.4750645484949833, 'VUS-PR': np.float64(0.01243384964251261), 'VUS-ROC': np.float64(0.6330330748306577), 'Standard-F1': np.float64(0.010027424588614518), 'PA-F1': 0.037362226788716604, 'Event-based-F1': np.float64(0.010080230405266394), 'R-based-F1': 0.010698076507456236, 'Affiliation-F': 0.7770919181729986}
2026-02-08 21:34:22.208 | INFO     | src.pipelines.train_vision_backbones:run_pipeline:170 - Train images: 470
2026-02-08 21:34:22.208 | INFO     | src.pipelines.train_vision_backbones:run_pipeline:171 - Test images: 1764
2026-02-08 21:34:22.434 | INFO     | src.pipelines.train_vision_backbones:run_pipeline:176 - Training resnet18_autoencoder_differential_lr on MTF
2026-02-08 21:34:22.452 | INFO     | src.models.resnet18_autoencoder.training:train_autoencoder_differential_lr:271 - Device: cuda | Model on: cuda:0
2026-02-08 21:34:58.039 | INFO     | src.pipelines.train_vision_backbones:run_pipeline:193 - Evaluating resnet18_autoencoder_differential_lr on MTF
2026-02-08 21:34:59.723 | INFO     | src.models.evaluation:evaluate_tsb_ad_nonoverlapping:65 - Normal (29900) reconstruction error: mean=0.0958, std=0.0799
2026-02-08 21:34:59.723 | INFO     | src.models.evaluation:evaluate_tsb_ad_nonoverlapping:66 - Anomaly (100) reconstruction error: mean=0.0795, std=0.0492
2026-02-08 21:34:59.723 | INFO     | src.models.evaluation:evaluate_tsb_ad_nonoverlapping:67 - Overlap? Normal max=1.0000, Anomaly min=0.0109
2026-02-08 21:35:02.896 | INFO     | src.models.evaluation:evaluate_tsb_ad_nonoverlapping:83 - {'AUC-PR': 0.003674996446882194, 'AUC-ROC': 0.4680314381270903, 'VUS-PR': np.float64(0.012136631105963892), 'VUS-ROC': np.float64(0.6218010300093096), 'Standard-F1': np.float64(0.008580771828074827), 'PA-F1': 0.038461538461538464, 'Event-based-F1': np.float64(0.007583591864874174), 'R-based-F1': 0.007957823535263104, 'Affiliation-F': 0.7762450605692036}
2026-02-08 21:35:03.061 | INFO     | src.pipelines.train_vision_backbones:run_pipeline:170 - Train images: 470
2026-02-08 21:35:03.061 | INFO     | src.pipelines.train_vision_backbones:run_pipeline:171 - Test images: 1764
2026-02-08 21:35:04.049 | INFO     | src.pipelines.train_vision_backbones:run_pipeline:176 - Training pvt_autoencoder_frozen on MTF
2026-02-08 21:35:04.075 | INFO     | src.models.pvt_autoencoder.training:train_pvt_autoencoder_frozen:24 - Device: cuda | Model on: cuda:0
2026-02-08 21:35:40.300 | INFO     | src.pipelines.train_vision_backbones:run_pipeline:193 - Evaluating pvt_autoencoder_frozen on MTF
2026-02-08 21:35:41.925 | INFO     | src.models.evaluation:evaluate_tsb_ad_nonoverlapping:65 - Normal (29900) reconstruction error: mean=0.1215, std=0.1015
2026-02-08 21:35:41.925 | INFO     | src.models.evaluation:evaluate_tsb_ad_nonoverlapping:66 - Anomaly (100) reconstruction error: mean=0.1098, std=0.0565
2026-02-08 21:35:41.925 | INFO     | src.models.evaluation:evaluate_tsb_ad_nonoverlapping:67 - Overlap? Normal max=1.0000, Anomaly min=0.0046
2026-02-08 21:35:45.335 | INFO     | src.models.evaluation:evaluate_tsb_ad_nonoverlapping:83 - {'AUC-PR': 0.004036000161520833, 'AUC-ROC': 0.5188153846153847, 'VUS-PR': np.float64(0.012209689940386858), 'VUS-ROC': np.float64(0.6483905313948445), 'Standard-F1': np.float64(0.0121344013987388), 'PA-F1': 0.031806615776081425, 'Event-based-F1': np.float64(0.01178466208374251), 'R-based-F1': 0.007038825317324279, 'Affiliation-F': 0.7298692575421925}
2026-02-08 21:35:45.490 | INFO     | src.pipelines.train_vision_backbones:run_pipeline:170 - Train images: 470
2026-02-08 21:35:45.490 | INFO     | src.pipelines.train_vision_backbones:run_pipeline:171 - Test images: 1764
2026-02-08 21:35:46.477 | INFO     | src.pipelines.train_vision_backbones:run_pipeline:176 - Training pvt_autoencoder_progressive_unfreeze on MTF
2026-02-08 21:35:46.503 | INFO     | src.models.pvt_autoencoder.training:train_pvt_autoencoder_progressive_unfreeze:132 - Device: cuda | Model on: cuda:0
2026-02-08 21:36:29.968 | INFO     | src.pipelines.train_vision_backbones:run_pipeline:193 - Evaluating pvt_autoencoder_progressive_unfreeze on MTF
2026-02-08 21:36:31.237 | INFO     | src.models.evaluation:evaluate_tsb_ad_nonoverlapping:65 - Normal (29900) reconstruction error: mean=0.1012, std=0.0881
2026-02-08 21:36:31.237 | INFO     | src.models.evaluation:evaluate_tsb_ad_nonoverlapping:66 - Anomaly (100) reconstruction error: mean=0.0849, std=0.0530
2026-02-08 21:36:31.237 | INFO     | src.models.evaluation:evaluate_tsb_ad_nonoverlapping:67 - Overlap? Normal max=1.0000, Anomaly min=0.0071
2026-02-08 21:36:34.489 | INFO     | src.models.evaluation:evaluate_tsb_ad_nonoverlapping:83 - {'AUC-PR': 0.0037366324330807875, 'AUC-ROC': 0.4796073578595318, 'VUS-PR': np.float64(0.008758665087757031), 'VUS-ROC': np.float64(0.6268742717258287), 'Standard-F1': np.float64(0.009424390569003705), 'PA-F1': 0.037243947858473, 'Event-based-F1': np.float64(0.009424532343281443), 'R-based-F1': 0.00970902053206536, 'Affiliation-F': 0.7590428683336178}
2026-02-08 21:36:34.647 | INFO     | src.pipelines.train_vision_backbones:run_pipeline:170 - Train images: 470
2026-02-08 21:36:34.647 | INFO     | src.pipelines.train_vision_backbones:run_pipeline:171 - Test images: 1764
2026-02-08 21:36:35.624 | INFO     | src.pipelines.train_vision_backbones:run_pipeline:176 - Training pvt_autoencoder_differential_lr on MTF
2026-02-08 21:36:35.650 | INFO     | src.models.pvt_autoencoder.training:train_pvt_autoencoder_differential_lr:267 - Device: cuda | Model on: cuda:0
2026-02-08 21:37:37.544 | INFO     | src.pipelines.train_vision_backbones:run_pipeline:193 - Evaluating pvt_autoencoder_differential_lr on MTF
2026-02-08 21:37:38.794 | INFO     | src.models.evaluation:evaluate_tsb_ad_nonoverlapping:65 - Normal (29900) reconstruction error: mean=0.1100, std=0.0938
2026-02-08 21:37:38.794 | INFO     | src.models.evaluation:evaluate_tsb_ad_nonoverlapping:66 - Anomaly (100) reconstruction error: mean=0.0972, std=0.0615
2026-02-08 21:37:38.794 | INFO     | src.models.evaluation:evaluate_tsb_ad_nonoverlapping:67 - Overlap? Normal max=1.0000, Anomaly min=0.0074
2026-02-08 21:37:42.057 | INFO     | src.models.evaluation:evaluate_tsb_ad_nonoverlapping:83 - {'AUC-PR': 0.003911942106430692, 'AUC-ROC': 0.4948903010033445, 'VUS-PR': np.float64(0.010173630547565484), 'VUS-ROC': np.float64(0.6392913658326985), 'Standard-F1': np.float64(0.010258647359405624), 'PA-F1': 0.04884004884004884, 'Event-based-F1': np.float64(0.009587449157466578), 'R-based-F1': 0.010046211039346383, 'Affiliation-F': 0.7493382846750942}
2026-02-08 21:37:43.026 | INFO     | src.pipelines.train_vision_backbones:run_pipeline:70 - Using zip: /net/scratch/hscra/plgrid/plgsmendowski12/ts2i_images/UCR/471_UCR_id_169_Facility_tr_10000_1st_35774_ts2i_RP.zip for transformation RP
2026-02-08 21:37:45.899 | INFO     | src.pipelines.train_vision_backbones:run_pipeline:170 - Train images: 470
2026-02-08 21:37:45.899 | INFO     | src.pipelines.train_vision_backbones:run_pipeline:171 - Test images: 1764
2026-02-08 21:37:45.906 | INFO     | src.pipelines.train_vision_backbones:run_pipeline:176 - Training cnn_autoencoder on RP
2026-02-08 21:37:45.911 | INFO     | src.models.cnn_autoencoder.training:train_autoencoder:22 - Device: cuda | Model on: cuda:0
2026-02-08 21:38:56.806 | INFO     | src.pipelines.train_vision_backbones:run_pipeline:193 - Evaluating cnn_autoencoder on RP
2026-02-08 21:38:58.334 | INFO     | src.models.evaluation:evaluate_tsb_ad_nonoverlapping:65 - Normal (29900) reconstruction error: mean=0.1284, std=0.1577
2026-02-08 21:38:58.334 | INFO     | src.models.evaluation:evaluate_tsb_ad_nonoverlapping:66 - Anomaly (100) reconstruction error: mean=0.1384, std=0.1475
2026-02-08 21:38:58.334 | INFO     | src.models.evaluation:evaluate_tsb_ad_nonoverlapping:67 - Overlap? Normal max=1.0000, Anomaly min=0.0000
2026-02-08 21:39:01.966 | INFO     | src.models.evaluation:evaluate_tsb_ad_nonoverlapping:83 - {'AUC-PR': 0.005079419667554449, 'AUC-ROC': 0.4879163879598662, 'VUS-PR': np.float64(0.005590968708212522), 'VUS-ROC': np.float64(0.5561996380454872), 'Standard-F1': np.float64(0.01820027150522669), 'PA-F1': 0.1016260162601626, 'Event-based-F1': np.float64(0.01886792452830187), 'R-based-F1': 0.019235172887565835, 'Affiliation-F': 0.8421165713380958}
2026-02-08 21:39:02.129 | INFO     | src.pipelines.train_vision_backbones:run_pipeline:170 - Train images: 470
2026-02-08 21:39:02.129 | INFO     | src.pipelines.train_vision_backbones:run_pipeline:171 - Test images: 1764
2026-02-08 21:39:02.354 | INFO     | src.pipelines.train_vision_backbones:run_pipeline:176 - Training resnet18_autoencoder_frozen on RP
2026-02-08 21:39:02.370 | INFO     | src.models.resnet18_autoencoder.training:train_autoencoder_frozen:25 - Device: cuda | Model on: cuda:0
2026-02-08 21:39:40.887 | INFO     | src.pipelines.train_vision_backbones:run_pipeline:193 - Evaluating resnet18_autoencoder_frozen on RP
2026-02-08 21:39:42.867 | INFO     | src.models.evaluation:evaluate_tsb_ad_nonoverlapping:65 - Normal (29900) reconstruction error: mean=0.2773, std=0.2510
2026-02-08 21:39:42.867 | INFO     | src.models.evaluation:evaluate_tsb_ad_nonoverlapping:66 - Anomaly (100) reconstruction error: mean=0.2895, std=0.2637
2026-02-08 21:39:42.867 | INFO     | src.models.evaluation:evaluate_tsb_ad_nonoverlapping:67 - Overlap? Normal max=1.0000, Anomaly min=0.0000
2026-02-08 21:39:47.611 | INFO     | src.models.evaluation:evaluate_tsb_ad_nonoverlapping:83 - {'AUC-PR': 0.007431289955090015, 'AUC-ROC': 0.5589979933110368, 'VUS-PR': np.float64(0.007150438748423555), 'VUS-ROC': np.float64(0.5703282723640313), 'Standard-F1': np.float64(0.04009225936390093), 'PA-F1': 0.2109704641350211, 'Event-based-F1': np.float64(0.043478260869565175), 'R-based-F1': 0.04168734491315137, 'Affiliation-F': 0.8885832429897773}
2026-02-08 21:39:47.767 | INFO     | src.pipelines.train_vision_backbones:run_pipeline:170 - Train images: 470
2026-02-08 21:39:47.767 | INFO     | src.pipelines.train_vision_backbones:run_pipeline:171 - Test images: 1764
2026-02-08 21:39:47.991 | INFO     | src.pipelines.train_vision_backbones:run_pipeline:176 - Training resnet18_autoencoder_progressive_unfreeze on RP
2026-02-08 21:39:48.006 | INFO     | src.models.resnet18_autoencoder.training:train_autoencoder_progressive_unfreeze:133 - Device: cuda | Model on: cuda:0
2026-02-08 21:40:16.471 | INFO     | src.pipelines.train_vision_backbones:run_pipeline:193 - Evaluating resnet18_autoencoder_progressive_unfreeze on RP
2026-02-08 21:40:18.187 | INFO     | src.models.evaluation:evaluate_tsb_ad_nonoverlapping:65 - Normal (29900) reconstruction error: mean=0.2727, std=0.2496
2026-02-08 21:40:18.187 | INFO     | src.models.evaluation:evaluate_tsb_ad_nonoverlapping:66 - Anomaly (100) reconstruction error: mean=0.3044, std=0.2499
2026-02-08 21:40:18.187 | INFO     | src.models.evaluation:evaluate_tsb_ad_nonoverlapping:67 - Overlap? Normal max=1.0000, Anomaly min=0.0000
2026-02-08 21:40:22.950 | INFO     | src.models.evaluation:evaluate_tsb_ad_nonoverlapping:83 - {'AUC-PR': 0.005471080665229088, 'AUC-ROC': 0.5897742474916389, 'VUS-PR': np.float64(0.005673740267102499), 'VUS-ROC': np.float64(0.6038630084864772), 'Standard-F1': np.float64(0.014711822442149544), 'PA-F1': 0.0684931506849315, 'Event-based-F1': np.float64(0.014705882352941162), 'R-based-F1': 0.016881028938906754, 'Affiliation-F': 0.8262499028408131}
2026-02-08 21:40:23.110 | INFO     | src.pipelines.train_vision_backbones:run_pipeline:170 - Train images: 470
2026-02-08 21:40:23.110 | INFO     | src.pipelines.train_vision_backbones:run_pipeline:171 - Test images: 1764
2026-02-08 21:40:23.336 | INFO     | src.pipelines.train_vision_backbones:run_pipeline:176 - Training resnet18_autoencoder_differential_lr on RP
2026-02-08 21:40:23.352 | INFO     | src.models.resnet18_autoencoder.training:train_autoencoder_differential_lr:271 - Device: cuda | Model on: cuda:0
2026-02-08 21:41:13.651 | INFO     | src.pipelines.train_vision_backbones:run_pipeline:193 - Evaluating resnet18_autoencoder_differential_lr on RP
2026-02-08 21:41:15.300 | INFO     | src.models.evaluation:evaluate_tsb_ad_nonoverlapping:65 - Normal (29900) reconstruction error: mean=0.2341, std=0.2291
2026-02-08 21:41:15.300 | INFO     | src.models.evaluation:evaluate_tsb_ad_nonoverlapping:66 - Anomaly (100) reconstruction error: mean=0.2112, std=0.1591
2026-02-08 21:41:15.300 | INFO     | src.models.evaluation:evaluate_tsb_ad_nonoverlapping:67 - Overlap? Normal max=1.0000, Anomaly min=0.0000
2026-02-08 21:41:19.740 | INFO     | src.models.evaluation:evaluate_tsb_ad_nonoverlapping:83 - {'AUC-PR': 0.0035632740924347282, 'AUC-ROC': 0.43202107023411374, 'VUS-PR': np.float64(0.003910356220676415), 'VUS-ROC': np.float64(0.48967822892754237), 'Standard-F1': np.float64(0.009536358884598715), 'PA-F1': 0.0312256049960968, 'Event-based-F1': np.float64(0.00948991696322656), 'R-based-F1': 0.006920985416495016, 'Affiliation-F': 0.8356148530768899}
2026-02-08 21:41:19.906 | INFO     | src.pipelines.train_vision_backbones:run_pipeline:170 - Train images: 470
2026-02-08 21:41:19.906 | INFO     | src.pipelines.train_vision_backbones:run_pipeline:171 - Test images: 1764
2026-02-08 21:41:20.888 | INFO     | src.pipelines.train_vision_backbones:run_pipeline:176 - Training pvt_autoencoder_frozen on RP
2026-02-08 21:41:20.915 | INFO     | src.models.pvt_autoencoder.training:train_pvt_autoencoder_frozen:24 - Device: cuda | Model on: cuda:0
2026-02-08 21:42:05.122 | INFO     | src.pipelines.train_vision_backbones:run_pipeline:193 - Evaluating pvt_autoencoder_frozen on RP
2026-02-08 21:42:06.739 | INFO     | src.models.evaluation:evaluate_tsb_ad_nonoverlapping:65 - Normal (29900) reconstruction error: mean=0.2754, std=0.2391
2026-02-08 21:42:06.739 | INFO     | src.models.evaluation:evaluate_tsb_ad_nonoverlapping:66 - Anomaly (100) reconstruction error: mean=0.3019, std=0.2500
2026-02-08 21:42:06.740 | INFO     | src.models.evaluation:evaluate_tsb_ad_nonoverlapping:67 - Overlap? Normal max=1.0000, Anomaly min=0.0000
2026-02-08 21:42:11.434 | INFO     | src.models.evaluation:evaluate_tsb_ad_nonoverlapping:83 - {'AUC-PR': 0.006001130332462024, 'AUC-ROC': 0.4778926421404683, 'VUS-PR': np.float64(0.00654256279509915), 'VUS-ROC': np.float64(0.5503329928563029), 'Standard-F1': np.float64(0.02599314851185402), 'PA-F1': 0.08417508417508418, 'Event-based-F1': np.float64(0.025806451612903198), 'R-based-F1': 0.02759526938239159, 'Affiliation-F': 0.876256950519149}
2026-02-08 21:42:11.591 | INFO     | src.pipelines.train_vision_backbones:run_pipeline:170 - Train images: 470
2026-02-08 21:42:11.591 | INFO     | src.pipelines.train_vision_backbones:run_pipeline:171 - Test images: 1764
2026-02-08 21:42:12.575 | INFO     | src.pipelines.train_vision_backbones:run_pipeline:176 - Training pvt_autoencoder_progressive_unfreeze on RP
2026-02-08 21:42:12.601 | INFO     | src.models.pvt_autoencoder.training:train_pvt_autoencoder_progressive_unfreeze:132 - Device: cuda | Model on: cuda:0
2026-02-08 21:43:05.988 | INFO     | src.pipelines.train_vision_backbones:run_pipeline:193 - Evaluating pvt_autoencoder_progressive_unfreeze on RP
2026-02-08 21:43:07.216 | INFO     | src.models.evaluation:evaluate_tsb_ad_nonoverlapping:65 - Normal (29900) reconstruction error: mean=0.2829, std=0.2623
2026-02-08 21:43:07.216 | INFO     | src.models.evaluation:evaluate_tsb_ad_nonoverlapping:66 - Anomaly (100) reconstruction error: mean=0.2539, std=0.2027
2026-02-08 21:43:07.216 | INFO     | src.models.evaluation:evaluate_tsb_ad_nonoverlapping:67 - Overlap? Normal max=1.0000, Anomaly min=0.0000
2026-02-08 21:43:11.988 | INFO     | src.models.evaluation:evaluate_tsb_ad_nonoverlapping:83 - {'AUC-PR': 0.003580088267269866, 'AUC-ROC': 0.41964916387959866, 'VUS-PR': np.float64(0.003918354836654459), 'VUS-ROC': np.float64(0.4768082229875589), 'Standard-F1': np.float64(0.008520644856812677), 'PA-F1': 0.043610989969472304, 'Event-based-F1': np.float64(0.008368200836820074), 'R-based-F1': 0.009175314036045877, 'Affiliation-F': 0.7845745770828569}
2026-02-08 21:43:12.146 | INFO     | src.pipelines.train_vision_backbones:run_pipeline:170 - Train images: 470
2026-02-08 21:43:12.146 | INFO     | src.pipelines.train_vision_backbones:run_pipeline:171 - Test images: 1764
2026-02-08 21:43:13.131 | INFO     | src.pipelines.train_vision_backbones:run_pipeline:176 - Training pvt_autoencoder_differential_lr on RP
2026-02-08 21:43:13.157 | INFO     | src.models.pvt_autoencoder.training:train_pvt_autoencoder_differential_lr:267 - Device: cuda | Model on: cuda:0
2026-02-08 21:44:20.769 | INFO     | src.pipelines.train_vision_backbones:run_pipeline:193 - Evaluating pvt_autoencoder_differential_lr on RP
2026-02-08 21:44:22.000 | INFO     | src.models.evaluation:evaluate_tsb_ad_nonoverlapping:65 - Normal (29900) reconstruction error: mean=0.2184, std=0.2051
2026-02-08 21:44:22.000 | INFO     | src.models.evaluation:evaluate_tsb_ad_nonoverlapping:66 - Anomaly (100) reconstruction error: mean=0.2161, std=0.1740
2026-02-08 21:44:22.000 | INFO     | src.models.evaluation:evaluate_tsb_ad_nonoverlapping:67 - Overlap? Normal max=1.0000, Anomaly min=0.0000
2026-02-08 21:44:26.250 | INFO     | src.models.evaluation:evaluate_tsb_ad_nonoverlapping:83 - {'AUC-PR': 0.003964068722916507, 'AUC-ROC': 0.5018347826086957, 'VUS-PR': np.float64(0.004595656866231703), 'VUS-ROC': np.float64(0.5303893987198128), 'Standard-F1': np.float64(0.010157771098213397), 'PA-F1': 0.05555555555555555, 'Event-based-F1': np.float64(0.009900990099009889), 'R-based-F1': 0.011430126547829636, 'Affiliation-F': 0.8885832429897773}
2026-02-08 21:44:27.258 | INFO     | src.pipelines.train_vision_backbones:run_pipeline:70 - Using zip: /net/scratch/hscra/plgrid/plgsmendowski12/ts2i_images/UCR/471_UCR_id_169_Facility_tr_10000_1st_35774_ts2i_RWT.zip for transformation RWT
2026-02-08 21:44:29.956 | INFO     | src.pipelines.train_vision_backbones:run_pipeline:170 - Train images: 470
2026-02-08 21:44:29.956 | INFO     | src.pipelines.train_vision_backbones:run_pipeline:171 - Test images: 1764
2026-02-08 21:44:29.963 | INFO     | src.pipelines.train_vision_backbones:run_pipeline:176 - Training cnn_autoencoder on RWT
2026-02-08 21:44:29.968 | INFO     | src.models.cnn_autoencoder.training:train_autoencoder:22 - Device: cuda | Model on: cuda:0
2026-02-08 21:45:13.927 | INFO     | src.pipelines.train_vision_backbones:run_pipeline:193 - Evaluating cnn_autoencoder on RWT
2026-02-08 21:45:15.484 | INFO     | src.models.evaluation:evaluate_tsb_ad_nonoverlapping:65 - Normal (29900) reconstruction error: mean=0.0694, std=0.0923
2026-02-08 21:45:15.484 | INFO     | src.models.evaluation:evaluate_tsb_ad_nonoverlapping:66 - Anomaly (100) reconstruction error: mean=0.0848, std=0.1139
2026-02-08 21:45:15.484 | INFO     | src.models.evaluation:evaluate_tsb_ad_nonoverlapping:67 - Overlap? Normal max=1.0000, Anomaly min=0.0165
2026-02-08 21:45:18.445 | INFO     | src.models.evaluation:evaluate_tsb_ad_nonoverlapping:83 - {'AUC-PR': 0.006682524544450265, 'AUC-ROC': 0.5194204013377927, 'VUS-PR': np.float64(0.00715668266181246), 'VUS-ROC': np.float64(0.5709029552024436), 'Standard-F1': np.float64(0.0364396725145196), 'PA-F1': 0.1968503937007874, 'Event-based-F1': np.float64(0.03999999999999995), 'R-based-F1': 0.038479157123224916, 'Affiliation-F': 0.6892391404921535}
2026-02-08 21:45:18.607 | INFO     | src.pipelines.train_vision_backbones:run_pipeline:170 - Train images: 470
2026-02-08 21:45:18.607 | INFO     | src.pipelines.train_vision_backbones:run_pipeline:171 - Test images: 1764
2026-02-08 21:45:18.833 | INFO     | src.pipelines.train_vision_backbones:run_pipeline:176 - Training resnet18_autoencoder_frozen on RWT
2026-02-08 21:45:18.848 | INFO     | src.models.resnet18_autoencoder.training:train_autoencoder_frozen:25 - Device: cuda | Model on: cuda:0
2026-02-08 21:45:58.599 | INFO     | src.pipelines.train_vision_backbones:run_pipeline:193 - Evaluating resnet18_autoencoder_frozen on RWT
2026-02-08 21:46:00.354 | INFO     | src.models.evaluation:evaluate_tsb_ad_nonoverlapping:65 - Normal (29900) reconstruction error: mean=0.0265, std=0.0596
2026-02-08 21:46:00.355 | INFO     | src.models.evaluation:evaluate_tsb_ad_nonoverlapping:66 - Anomaly (100) reconstruction error: mean=0.0416, std=0.0451
2026-02-08 21:46:00.355 | INFO     | src.models.evaluation:evaluate_tsb_ad_nonoverlapping:67 - Overlap? Normal max=1.0000, Anomaly min=0.0015
2026-02-08 21:46:02.978 | INFO     | src.models.evaluation:evaluate_tsb_ad_nonoverlapping:83 - {'AUC-PR': 0.008239051909978996, 'AUC-ROC': 0.6089461538461538, 'VUS-PR': np.float64(0.008857707684871216), 'VUS-ROC': np.float64(0.6947737978159948), 'Standard-F1': np.float64(0.024423953864587847), 'PA-F1': 0.13404825737265416, 'Event-based-F1': np.float64(0.025641025641025616), 'R-based-F1': 0.025648854961832064, 'Affiliation-F': 0.7741292469597094}
2026-02-08 21:46:03.141 | INFO     | src.pipelines.train_vision_backbones:run_pipeline:170 - Train images: 470
2026-02-08 21:46:03.141 | INFO     | src.pipelines.train_vision_backbones:run_pipeline:171 - Test images: 1764
2026-02-08 21:46:03.367 | INFO     | src.pipelines.train_vision_backbones:run_pipeline:176 - Training resnet18_autoencoder_progressive_unfreeze on RWT
2026-02-08 21:46:03.382 | INFO     | src.models.resnet18_autoencoder.training:train_autoencoder_progressive_unfreeze:133 - Device: cuda | Model on: cuda:0
2026-02-08 21:46:31.229 | INFO     | src.pipelines.train_vision_backbones:run_pipeline:193 - Evaluating resnet18_autoencoder_progressive_unfreeze on RWT
2026-02-08 21:46:33.044 | INFO     | src.models.evaluation:evaluate_tsb_ad_nonoverlapping:65 - Normal (29900) reconstruction error: mean=0.0546, std=0.0902
2026-02-08 21:46:33.044 | INFO     | src.models.evaluation:evaluate_tsb_ad_nonoverlapping:66 - Anomaly (100) reconstruction error: mean=0.0897, std=0.0679
2026-02-08 21:46:33.044 | INFO     | src.models.evaluation:evaluate_tsb_ad_nonoverlapping:67 - Overlap? Normal max=1.0000, Anomaly min=0.0039
2026-02-08 21:46:35.937 | INFO     | src.models.evaluation:evaluate_tsb_ad_nonoverlapping:83 - {'AUC-PR': 0.008202085634499942, 'AUC-ROC': 0.6338150501672242, 'VUS-PR': np.float64(0.008904337527002683), 'VUS-ROC': np.float64(0.7072546029066311), 'Standard-F1': np.float64(0.025245598135278446), 'PA-F1': 0.08417508417508418, 'Event-based-F1': np.float64(0.02388059701492535), 'R-based-F1': 0.019143117593436648, 'Affiliation-F': 0.71762792703667}
2026-02-08 21:46:36.093 | INFO     | src.pipelines.train_vision_backbones:run_pipeline:170 - Train images: 470
2026-02-08 21:46:36.093 | INFO     | src.pipelines.train_vision_backbones:run_pipeline:171 - Test images: 1764
2026-02-08 21:46:36.319 | INFO     | src.pipelines.train_vision_backbones:run_pipeline:176 - Training resnet18_autoencoder_differential_lr on RWT
2026-02-08 21:46:36.336 | INFO     | src.models.resnet18_autoencoder.training:train_autoencoder_differential_lr:271 - Device: cuda | Model on: cuda:0
2026-02-08 21:47:08.284 | INFO     | src.pipelines.train_vision_backbones:run_pipeline:193 - Evaluating resnet18_autoencoder_differential_lr on RWT
2026-02-08 21:47:09.731 | INFO     | src.models.evaluation:evaluate_tsb_ad_nonoverlapping:65 - Normal (29900) reconstruction error: mean=0.0746, std=0.1215
2026-02-08 21:47:09.731 | INFO     | src.models.evaluation:evaluate_tsb_ad_nonoverlapping:66 - Anomaly (100) reconstruction error: mean=0.1513, std=0.1528
2026-02-08 21:47:09.731 | INFO     | src.models.evaluation:evaluate_tsb_ad_nonoverlapping:67 - Overlap? Normal max=1.0000, Anomaly min=0.0101
2026-02-08 21:47:12.843 | INFO     | src.models.evaluation:evaluate_tsb_ad_nonoverlapping:83 - {'AUC-PR': 0.010554403971403989, 'AUC-ROC': 0.6397622073578596, 'VUS-PR': np.float64(0.011435753351057204), 'VUS-ROC': np.float64(0.7246160246561228), 'Standard-F1': np.float64(0.04091244376043117), 'PA-F1': 0.20725388601036268, 'Event-based-F1': np.float64(0.04255319148936165), 'R-based-F1': 0.04083616917841517, 'Affiliation-F': 0.6991025005156181}
2026-02-08 21:47:13.001 | INFO     | src.pipelines.train_vision_backbones:run_pipeline:170 - Train images: 470
2026-02-08 21:47:13.002 | INFO     | src.pipelines.train_vision_backbones:run_pipeline:171 - Test images: 1764
2026-02-08 21:47:13.992 | INFO     | src.pipelines.train_vision_backbones:run_pipeline:176 - Training pvt_autoencoder_frozen on RWT
2026-02-08 21:47:14.019 | INFO     | src.models.pvt_autoencoder.training:train_pvt_autoencoder_frozen:24 - Device: cuda | Model on: cuda:0
2026-02-08 21:47:45.906 | INFO     | src.pipelines.train_vision_backbones:run_pipeline:193 - Evaluating pvt_autoencoder_frozen on RWT
2026-02-08 21:47:47.160 | INFO     | src.models.evaluation:evaluate_tsb_ad_nonoverlapping:65 - Normal (29900) reconstruction error: mean=0.0505, std=0.0896
2026-02-08 21:47:47.160 | INFO     | src.models.evaluation:evaluate_tsb_ad_nonoverlapping:66 - Anomaly (100) reconstruction error: mean=0.0465, std=0.0455
2026-02-08 21:47:47.160 | INFO     | src.models.evaluation:evaluate_tsb_ad_nonoverlapping:67 - Overlap? Normal max=1.0000, Anomaly min=0.0026
2026-02-08 21:47:49.995 | INFO     | src.models.evaluation:evaluate_tsb_ad_nonoverlapping:83 - {'AUC-PR': 0.005208022310081745, 'AUC-ROC': 0.5693685618729099, 'VUS-PR': np.float64(0.005983479873439309), 'VUS-ROC': np.float64(0.6439754141534973), 'Standard-F1': np.float64(0.014566984947353678), 'PA-F1': 0.05555555555555555, 'Event-based-F1': np.float64(0.013137557959814515), 'R-based-F1': 0.011731843575418994, 'Affiliation-F': 0.8815541739560854}
2026-02-08 21:47:50.146 | INFO     | src.pipelines.train_vision_backbones:run_pipeline:170 - Train images: 470
2026-02-08 21:47:50.147 | INFO     | src.pipelines.train_vision_backbones:run_pipeline:171 - Test images: 1764
2026-02-08 21:47:51.136 | INFO     | src.pipelines.train_vision_backbones:run_pipeline:176 - Training pvt_autoencoder_progressive_unfreeze on RWT
2026-02-08 21:47:51.162 | INFO     | src.models.pvt_autoencoder.training:train_pvt_autoencoder_progressive_unfreeze:132 - Device: cuda | Model on: cuda:0
2026-02-08 21:48:27.471 | INFO     | src.pipelines.train_vision_backbones:run_pipeline:193 - Evaluating pvt_autoencoder_progressive_unfreeze on RWT
2026-02-08 21:48:28.726 | INFO     | src.models.evaluation:evaluate_tsb_ad_nonoverlapping:65 - Normal (29900) reconstruction error: mean=0.0667, std=0.1126
2026-02-08 21:48:28.726 | INFO     | src.models.evaluation:evaluate_tsb_ad_nonoverlapping:66 - Anomaly (100) reconstruction error: mean=0.0752, std=0.0715
2026-02-08 21:48:28.726 | INFO     | src.models.evaluation:evaluate_tsb_ad_nonoverlapping:67 - Overlap? Normal max=1.0000, Anomaly min=0.0031
2026-02-08 21:48:31.731 | INFO     | src.models.evaluation:evaluate_tsb_ad_nonoverlapping:83 - {'AUC-PR': 0.005632533880409964, 'AUC-ROC': 0.5539946488294316, 'VUS-PR': np.float64(0.006404066898274111), 'VUS-ROC': np.float64(0.6437579332494366), 'Standard-F1': np.float64(0.015450589752419065), 'PA-F1': 0.05830903790087463, 'Event-based-F1': np.float64(0.015444015444015427), 'R-based-F1': 0.011365234759614031, 'Affiliation-F': 0.8815541739560854}
2026-02-08 21:48:31.893 | INFO     | src.pipelines.train_vision_backbones:run_pipeline:170 - Train images: 470
2026-02-08 21:48:31.893 | INFO     | src.pipelines.train_vision_backbones:run_pipeline:171 - Test images: 1764
2026-02-08 21:48:32.881 | INFO     | src.pipelines.train_vision_backbones:run_pipeline:176 - Training pvt_autoencoder_differential_lr on RWT
2026-02-08 21:48:32.907 | INFO     | src.models.pvt_autoencoder.training:train_pvt_autoencoder_differential_lr:267 - Device: cuda | Model on: cuda:0
2026-02-08 21:49:16.412 | INFO     | src.pipelines.train_vision_backbones:run_pipeline:193 - Evaluating pvt_autoencoder_differential_lr on RWT
2026-02-08 21:49:17.691 | INFO     | src.models.evaluation:evaluate_tsb_ad_nonoverlapping:65 - Normal (29900) reconstruction error: mean=0.0633, std=0.1099
2026-02-08 21:49:17.692 | INFO     | src.models.evaluation:evaluate_tsb_ad_nonoverlapping:66 - Anomaly (100) reconstruction error: mean=0.0881, std=0.1107
2026-02-08 21:49:17.692 | INFO     | src.models.evaluation:evaluate_tsb_ad_nonoverlapping:67 - Overlap? Normal max=1.0000, Anomaly min=0.0122
2026-02-08 21:49:20.631 | INFO     | src.models.evaluation:evaluate_tsb_ad_nonoverlapping:83 - {'AUC-PR': 0.006579326318388451, 'AUC-ROC': 0.5774989966555184, 'VUS-PR': np.float64(0.006774174153254411), 'VUS-ROC': np.float64(0.5968079044524878), 'Standard-F1': np.float64(0.026012358930769634), 'PA-F1': 0.13879250520471895, 'Event-based-F1': np.float64(0.026666666666666637), 'R-based-F1': 0.025982060006186206, 'Affiliation-F': 0.80023912925841}
2026-02-08 21:49:21.605 | INFO     | src.pipelines.train_vision_backbones:run_pipeline:70 - Using zip: /net/scratch/hscra/plgrid/plgsmendowski12/ts2i_images/UCR/471_UCR_id_169_Facility_tr_10000_1st_35774_ts2i_MWT.zip for transformation MWT
2026-02-08 21:49:24.274 | INFO     | src.pipelines.train_vision_backbones:run_pipeline:170 - Train images: 470
2026-02-08 21:49:24.274 | INFO     | src.pipelines.train_vision_backbones:run_pipeline:171 - Test images: 1764
2026-02-08 21:49:24.281 | INFO     | src.pipelines.train_vision_backbones:run_pipeline:176 - Training cnn_autoencoder on MWT
2026-02-08 21:49:24.286 | INFO     | src.models.cnn_autoencoder.training:train_autoencoder:22 - Device: cuda | Model on: cuda:0
2026-02-08 21:50:03.081 | INFO     | src.pipelines.train_vision_backbones:run_pipeline:193 - Evaluating cnn_autoencoder on MWT
2026-02-08 21:50:04.674 | INFO     | src.models.evaluation:evaluate_tsb_ad_nonoverlapping:65 - Normal (29900) reconstruction error: mean=0.0494, std=0.0959
2026-02-08 21:50:04.675 | INFO     | src.models.evaluation:evaluate_tsb_ad_nonoverlapping:66 - Anomaly (100) reconstruction error: mean=0.0798, std=0.0914
2026-02-08 21:50:04.675 | INFO     | src.models.evaluation:evaluate_tsb_ad_nonoverlapping:67 - Overlap? Normal max=1.0000, Anomaly min=0.0086
2026-02-08 21:50:07.517 | INFO     | src.models.evaluation:evaluate_tsb_ad_nonoverlapping:83 - {'AUC-PR': 0.00809962620451788, 'AUC-ROC': 0.6024759197324414, 'VUS-PR': np.float64(0.008546635747777467), 'VUS-ROC': np.float64(0.6551896082095925), 'Standard-F1': np.float64(0.03130587869156159), 'PA-F1': 0.16863406408094436, 'Event-based-F1': np.float64(0.0333333333333333), 'R-based-F1': 0.03279968762202265, 'Affiliation-F': 0.7380965600255781}
2026-02-08 21:50:07.680 | INFO     | src.pipelines.train_vision_backbones:run_pipeline:170 - Train images: 470
2026-02-08 21:50:07.680 | INFO     | src.pipelines.train_vision_backbones:run_pipeline:171 - Test images: 1764
2026-02-08 21:50:07.906 | INFO     | src.pipelines.train_vision_backbones:run_pipeline:176 - Training resnet18_autoencoder_frozen on MWT
2026-02-08 21:50:07.921 | INFO     | src.models.resnet18_autoencoder.training:train_autoencoder_frozen:25 - Device: cuda | Model on: cuda:0
2026-02-08 21:50:50.852 | INFO     | src.pipelines.train_vision_backbones:run_pipeline:193 - Evaluating resnet18_autoencoder_frozen on MWT
2026-02-08 21:50:52.617 | INFO     | src.models.evaluation:evaluate_tsb_ad_nonoverlapping:65 - Normal (29900) reconstruction error: mean=0.0183, std=0.0516
2026-02-08 21:50:52.618 | INFO     | src.models.evaluation:evaluate_tsb_ad_nonoverlapping:66 - Anomaly (100) reconstruction error: mean=0.0521, std=0.0926
2026-02-08 21:50:52.618 | INFO     | src.models.evaluation:evaluate_tsb_ad_nonoverlapping:67 - Overlap? Normal max=1.0000, Anomaly min=0.0010
2026-02-08 21:50:55.161 | INFO     | src.models.evaluation:evaluate_tsb_ad_nonoverlapping:83 - {'AUC-PR': 0.014597748283291186, 'AUC-ROC': 0.5376882943143814, 'VUS-PR': np.float64(0.013521539285037132), 'VUS-ROC': np.float64(0.6387308201124606), 'Standard-F1': np.float64(0.08739977944408599), 'PA-F1': 0.40899795501022496, 'Event-based-F1': np.float64(0.10526315789473673), 'R-based-F1': 0.0953461975028377, 'Affiliation-F': 0.7945165656269004}
2026-02-08 21:50:55.324 | INFO     | src.pipelines.train_vision_backbones:run_pipeline:170 - Train images: 470
2026-02-08 21:50:55.324 | INFO     | src.pipelines.train_vision_backbones:run_pipeline:171 - Test images: 1764
2026-02-08 21:50:55.552 | INFO     | src.pipelines.train_vision_backbones:run_pipeline:176 - Training resnet18_autoencoder_progressive_unfreeze on MWT
2026-02-08 21:50:55.568 | INFO     | src.models.resnet18_autoencoder.training:train_autoencoder_progressive_unfreeze:133 - Device: cuda | Model on: cuda:0
2026-02-08 21:51:32.117 | INFO     | src.pipelines.train_vision_backbones:run_pipeline:193 - Evaluating resnet18_autoencoder_progressive_unfreeze on MWT
2026-02-08 21:51:33.853 | INFO     | src.models.evaluation:evaluate_tsb_ad_nonoverlapping:65 - Normal (29900) reconstruction error: mean=0.0342, std=0.0879
2026-02-08 21:51:33.853 | INFO     | src.models.evaluation:evaluate_tsb_ad_nonoverlapping:66 - Anomaly (100) reconstruction error: mean=0.0781, std=0.0844
2026-02-08 21:51:33.853 | INFO     | src.models.evaluation:evaluate_tsb_ad_nonoverlapping:67 - Overlap? Normal max=1.0000, Anomaly min=0.0023
2026-02-08 21:51:36.547 | INFO     | src.models.evaluation:evaluate_tsb_ad_nonoverlapping:83 - {'AUC-PR': 0.011653338664471281, 'AUC-ROC': 0.6059555183946489, 'VUS-PR': np.float64(0.012100746676414066), 'VUS-ROC': np.float64(0.6885399714968865), 'Standard-F1': np.float64(0.04401173430504339), 'PA-F1': 0.18744142455482662, 'Event-based-F1': np.float64(0.043010752688172005), 'R-based-F1': 0.03705337450374945, 'Affiliation-F': 0.7462616207581468}
2026-02-08 21:51:36.711 | INFO     | src.pipelines.train_vision_backbones:run_pipeline:170 - Train images: 470
2026-02-08 21:51:36.712 | INFO     | src.pipelines.train_vision_backbones:run_pipeline:171 - Test images: 1764
2026-02-08 21:51:36.936 | INFO     | src.pipelines.train_vision_backbones:run_pipeline:176 - Training resnet18_autoencoder_differential_lr on MWT
2026-02-08 21:51:36.952 | INFO     | src.models.resnet18_autoencoder.training:train_autoencoder_differential_lr:271 - Device: cuda | Model on: cuda:0
2026-02-08 21:52:13.857 | INFO     | src.pipelines.train_vision_backbones:run_pipeline:193 - Evaluating resnet18_autoencoder_differential_lr on MWT
2026-02-08 21:52:15.324 | INFO     | src.models.evaluation:evaluate_tsb_ad_nonoverlapping:65 - Normal (29900) reconstruction error: mean=0.0347, std=0.0844
2026-02-08 21:52:15.325 | INFO     | src.models.evaluation:evaluate_tsb_ad_nonoverlapping:66 - Anomaly (100) reconstruction error: mean=0.0534, std=0.0483
2026-02-08 21:52:15.325 | INFO     | src.models.evaluation:evaluate_tsb_ad_nonoverlapping:67 - Overlap? Normal max=1.0000, Anomaly min=0.0027
2026-02-08 21:52:18.002 | INFO     | src.models.evaluation:evaluate_tsb_ad_nonoverlapping:83 - {'AUC-PR': 0.008064175964150336, 'AUC-ROC': 0.5812173913043477, 'VUS-PR': np.float64(0.008738761590486099), 'VUS-ROC': np.float64(0.6553226065631221), 'Standard-F1': np.float64(0.032807354250916444), 'PA-F1': 0.0847816871555744, 'Event-based-F1': np.float64(0.03296703296703293), 'R-based-F1': 0.02299504809607832, 'Affiliation-F': 0.8086609241590587}
2026-02-08 21:52:18.158 | INFO     | src.pipelines.train_vision_backbones:run_pipeline:170 - Train images: 470
2026-02-08 21:52:18.159 | INFO     | src.pipelines.train_vision_backbones:run_pipeline:171 - Test images: 1764
2026-02-08 21:52:19.142 | INFO     | src.pipelines.train_vision_backbones:run_pipeline:176 - Training pvt_autoencoder_frozen on MWT
2026-02-08 21:52:19.168 | INFO     | src.models.pvt_autoencoder.training:train_pvt_autoencoder_frozen:24 - Device: cuda | Model on: cuda:0
2026-02-08 21:52:58.828 | INFO     | src.pipelines.train_vision_backbones:run_pipeline:193 - Evaluating pvt_autoencoder_frozen on MWT
2026-02-08 21:53:00.118 | INFO     | src.models.evaluation:evaluate_tsb_ad_nonoverlapping:65 - Normal (29900) reconstruction error: mean=0.0304, std=0.0715
2026-02-08 21:53:00.118 | INFO     | src.models.evaluation:evaluate_tsb_ad_nonoverlapping:66 - Anomaly (100) reconstruction error: mean=0.0457, std=0.0564
2026-02-08 21:53:00.118 | INFO     | src.models.evaluation:evaluate_tsb_ad_nonoverlapping:67 - Overlap? Normal max=1.0000, Anomaly min=0.0022
2026-02-08 21:53:02.798 | INFO     | src.models.evaluation:evaluate_tsb_ad_nonoverlapping:83 - {'AUC-PR': 0.007017282846188677, 'AUC-ROC': 0.5907010033444816, 'VUS-PR': np.float64(0.00758772580445307), 'VUS-ROC': np.float64(0.6523421404888367), 'Standard-F1': np.float64(0.024407060962736517), 'PA-F1': 0.1091703056768559, 'Event-based-F1': np.float64(0.02285714285714283), 'R-based-F1': 0.0202068799615107, 'Affiliation-F': 0.7015688330019705}
2026-02-08 21:53:02.951 | INFO     | src.pipelines.train_vision_backbones:run_pipeline:170 - Train images: 470
2026-02-08 21:53:02.952 | INFO     | src.pipelines.train_vision_backbones:run_pipeline:171 - Test images: 1764
2026-02-08 21:53:03.933 | INFO     | src.pipelines.train_vision_backbones:run_pipeline:176 - Training pvt_autoencoder_progressive_unfreeze on MWT
2026-02-08 21:53:03.959 | INFO     | src.models.pvt_autoencoder.training:train_pvt_autoencoder_progressive_unfreeze:132 - Device: cuda | Model on: cuda:0
2026-02-08 21:53:44.849 | INFO     | src.pipelines.train_vision_backbones:run_pipeline:193 - Evaluating pvt_autoencoder_progressive_unfreeze on MWT
2026-02-08 21:53:46.152 | INFO     | src.models.evaluation:evaluate_tsb_ad_nonoverlapping:65 - Normal (29900) reconstruction error: mean=0.0241, std=0.0563
2026-02-08 21:53:46.152 | INFO     | src.models.evaluation:evaluate_tsb_ad_nonoverlapping:66 - Anomaly (100) reconstruction error: mean=0.0385, std=0.0368
2026-02-08 21:53:46.152 | INFO     | src.models.evaluation:evaluate_tsb_ad_nonoverlapping:67 - Overlap? Normal max=1.0000, Anomaly min=0.0018
2026-02-08 21:53:48.778 | INFO     | src.models.evaluation:evaluate_tsb_ad_nonoverlapping:83 - {'AUC-PR': 0.007973263457741226, 'AUC-ROC': 0.5996160535117057, 'VUS-PR': np.float64(0.008464025652053528), 'VUS-ROC': np.float64(0.6622860915790275), 'Standard-F1': np.float64(0.026163169298598132), 'PA-F1': 0.0974184120798831, 'Event-based-F1': np.float64(0.024242424242424218), 'R-based-F1': 0.018021883715940785, 'Affiliation-F': 0.7971270338037141}
2026-02-08 21:53:48.935 | INFO     | src.pipelines.train_vision_backbones:run_pipeline:170 - Train images: 470
2026-02-08 21:53:48.935 | INFO     | src.pipelines.train_vision_backbones:run_pipeline:171 - Test images: 1764
2026-02-08 21:53:49.942 | INFO     | src.pipelines.train_vision_backbones:run_pipeline:176 - Training pvt_autoencoder_differential_lr on MWT
2026-02-08 21:53:49.968 | INFO     | src.models.pvt_autoencoder.training:train_pvt_autoencoder_differential_lr:267 - Device: cuda | Model on: cuda:0
2026-02-08 21:54:46.460 | INFO     | src.pipelines.train_vision_backbones:run_pipeline:193 - Evaluating pvt_autoencoder_differential_lr on MWT
2026-02-08 21:54:47.769 | INFO     | src.models.evaluation:evaluate_tsb_ad_nonoverlapping:65 - Normal (29900) reconstruction error: mean=0.0410, std=0.0978
2026-02-08 21:54:47.769 | INFO     | src.models.evaluation:evaluate_tsb_ad_nonoverlapping:66 - Anomaly (100) reconstruction error: mean=0.0627, std=0.0629
2026-02-08 21:54:47.769 | INFO     | src.models.evaluation:evaluate_tsb_ad_nonoverlapping:67 - Overlap? Normal max=1.0000, Anomaly min=0.0031
2026-02-08 21:54:50.532 | INFO     | src.models.evaluation:evaluate_tsb_ad_nonoverlapping:83 - {'AUC-PR': 0.007847190762815285, 'AUC-ROC': 0.5619658862876254, 'VUS-PR': np.float64(0.008398098787003616), 'VUS-ROC': np.float64(0.6332011877103223), 'Standard-F1': np.float64(0.0310351854569121), 'PA-F1': 0.08795074758135445, 'Event-based-F1': np.float64(0.03174603174603171), 'R-based-F1': 0.01651273439686538, 'Affiliation-F': 0.8349483952281086}
2026-02-08 21:54:51.505 | INFO     | src.pipelines.train_vision_backbones:run_pipeline:70 - Using zip: /net/scratch/hscra/plgrid/plgsmendowski12/ts2i_images/UCR/471_UCR_id_169_Facility_tr_10000_1st_35774_ts2i_SPIRAL.zip for transformation SPIRAL
2026-02-08 21:54:54.367 | INFO     | src.pipelines.train_vision_backbones:run_pipeline:170 - Train images: 470
2026-02-08 21:54:54.367 | INFO     | src.pipelines.train_vision_backbones:run_pipeline:171 - Test images: 1764
2026-02-08 21:54:54.374 | INFO     | src.pipelines.train_vision_backbones:run_pipeline:176 - Training cnn_autoencoder on SPIRAL
2026-02-08 21:54:54.379 | INFO     | src.models.cnn_autoencoder.training:train_autoencoder:22 - Device: cuda | Model on: cuda:0
2026-02-08 21:55:43.328 | INFO     | src.pipelines.train_vision_backbones:run_pipeline:193 - Evaluating cnn_autoencoder on SPIRAL
2026-02-08 21:55:44.847 | INFO     | src.models.evaluation:evaluate_tsb_ad_nonoverlapping:65 - Normal (29900) reconstruction error: mean=0.1015, std=0.1124
2026-02-08 21:55:44.847 | INFO     | src.models.evaluation:evaluate_tsb_ad_nonoverlapping:66 - Anomaly (100) reconstruction error: mean=0.2340, std=0.3524
2026-02-08 21:55:44.847 | INFO     | src.models.evaluation:evaluate_tsb_ad_nonoverlapping:67 - Overlap? Normal max=0.9024, Anomaly min=0.0046
2026-02-08 21:55:48.169 | INFO     | src.models.evaluation:evaluate_tsb_ad_nonoverlapping:83 - {'AUC-PR': 0.17373556122037467, 'AUC-ROC': 0.5301491638795987, 'VUS-PR': np.float64(0.17467028514714844), 'VUS-ROC': np.float64(0.6189898252256314), 'Standard-F1': np.float64(0.29059580687344555), 'PA-F1': 1.0, 'Event-based-F1': np.float64(0.9999999999999996), 'R-based-F1': 0.5029940119760479, 'Affiliation-F': 0.9993954680953071}
2026-02-08 21:55:48.323 | INFO     | src.pipelines.train_vision_backbones:run_pipeline:170 - Train images: 470
2026-02-08 21:55:48.323 | INFO     | src.pipelines.train_vision_backbones:run_pipeline:171 - Test images: 1764
2026-02-08 21:55:48.547 | INFO     | src.pipelines.train_vision_backbones:run_pipeline:176 - Training resnet18_autoencoder_frozen on SPIRAL
2026-02-08 21:55:48.562 | INFO     | src.models.resnet18_autoencoder.training:train_autoencoder_frozen:25 - Device: cuda | Model on: cuda:0
2026-02-08 21:56:25.965 | INFO     | src.pipelines.train_vision_backbones:run_pipeline:193 - Evaluating resnet18_autoencoder_frozen on SPIRAL
2026-02-08 21:56:27.686 | INFO     | src.models.evaluation:evaluate_tsb_ad_nonoverlapping:65 - Normal (29900) reconstruction error: mean=0.0218, std=0.0395
2026-02-08 21:56:27.686 | INFO     | src.models.evaluation:evaluate_tsb_ad_nonoverlapping:66 - Anomaly (100) reconstruction error: mean=0.1924, std=0.3667
2026-02-08 21:56:27.686 | INFO     | src.models.evaluation:evaluate_tsb_ad_nonoverlapping:67 - Overlap? Normal max=0.6556, Anomaly min=0.0007
2026-02-08 21:56:30.312 | INFO     | src.models.evaluation:evaluate_tsb_ad_nonoverlapping:83 - {'AUC-PR': 0.17801043209633147, 'AUC-ROC': 0.601452508361204, 'VUS-PR': np.float64(0.1787857230966379), 'VUS-ROC': np.float64(0.6782616278752924), 'Standard-F1': np.float64(0.29059580687344555), 'PA-F1': 1.0, 'Event-based-F1': np.float64(0.9999999999999996), 'R-based-F1': 0.5029940119760479, 'Affiliation-F': 0.9993954680953071}
2026-02-08 21:56:30.477 | INFO     | src.pipelines.train_vision_backbones:run_pipeline:170 - Train images: 470
2026-02-08 21:56:30.477 | INFO     | src.pipelines.train_vision_backbones:run_pipeline:171 - Test images: 1764
2026-02-08 21:56:30.701 | INFO     | src.pipelines.train_vision_backbones:run_pipeline:176 - Training resnet18_autoencoder_progressive_unfreeze on SPIRAL
2026-02-08 21:56:30.717 | INFO     | src.models.resnet18_autoencoder.training:train_autoencoder_progressive_unfreeze:133 - Device: cuda | Model on: cuda:0
2026-02-08 21:57:02.278 | INFO     | src.pipelines.train_vision_backbones:run_pipeline:193 - Evaluating resnet18_autoencoder_progressive_unfreeze on SPIRAL
2026-02-08 21:57:04.256 | INFO     | src.models.evaluation:evaluate_tsb_ad_nonoverlapping:65 - Normal (29900) reconstruction error: mean=0.0363, std=0.0488
2026-02-08 21:57:04.256 | INFO     | src.models.evaluation:evaluate_tsb_ad_nonoverlapping:66 - Anomaly (100) reconstruction error: mean=0.1942, std=0.3654
2026-02-08 21:57:04.256 | INFO     | src.models.evaluation:evaluate_tsb_ad_nonoverlapping:67 - Overlap? Normal max=0.6253, Anomaly min=0.0021
2026-02-08 21:57:06.976 | INFO     | src.models.evaluation:evaluate_tsb_ad_nonoverlapping:83 - {'AUC-PR': 0.17443621434552714, 'AUC-ROC': 0.5665996655518395, 'VUS-PR': np.float64(0.17517136315890258), 'VUS-ROC': np.float64(0.6449494150653565), 'Standard-F1': np.float64(0.29059580687344555), 'PA-F1': 1.0, 'Event-based-F1': np.float64(0.9999999999999996), 'R-based-F1': 0.5029940119760479, 'Affiliation-F': 0.9993954680953071}
2026-02-08 21:57:07.134 | INFO     | src.pipelines.train_vision_backbones:run_pipeline:170 - Train images: 470
2026-02-08 21:57:07.134 | INFO     | src.pipelines.train_vision_backbones:run_pipeline:171 - Test images: 1764
2026-02-08 21:57:07.359 | INFO     | src.pipelines.train_vision_backbones:run_pipeline:176 - Training resnet18_autoencoder_differential_lr on SPIRAL
2026-02-08 21:57:07.375 | INFO     | src.models.resnet18_autoencoder.training:train_autoencoder_differential_lr:271 - Device: cuda | Model on: cuda:0
2026-02-08 21:57:38.626 | INFO     | src.pipelines.train_vision_backbones:run_pipeline:193 - Evaluating resnet18_autoencoder_differential_lr on SPIRAL
2026-02-08 21:57:40.014 | INFO     | src.models.evaluation:evaluate_tsb_ad_nonoverlapping:65 - Normal (29900) reconstruction error: mean=0.0283, std=0.0367
2026-02-08 21:57:40.015 | INFO     | src.models.evaluation:evaluate_tsb_ad_nonoverlapping:66 - Anomaly (100) reconstruction error: mean=0.1920, std=0.3662
2026-02-08 21:57:40.015 | INFO     | src.models.evaluation:evaluate_tsb_ad_nonoverlapping:67 - Overlap? Normal max=0.3489, Anomaly min=0.0009
2026-02-08 21:57:42.655 | INFO     | src.models.evaluation:evaluate_tsb_ad_nonoverlapping:83 - {'AUC-PR': 0.17479950974979724, 'AUC-ROC': 0.5917357859531773, 'VUS-PR': np.float64(0.17581780984429288), 'VUS-ROC': np.float64(0.6705297517366011), 'Standard-F1': np.float64(0.29059580687344555), 'PA-F1': 1.0, 'Event-based-F1': np.float64(0.9999999999999996), 'R-based-F1': 0.5029940119760479, 'Affiliation-F': 0.9993954680953071}
2026-02-08 21:57:42.815 | INFO     | src.pipelines.train_vision_backbones:run_pipeline:170 - Train images: 470
2026-02-08 21:57:42.815 | INFO     | src.pipelines.train_vision_backbones:run_pipeline:171 - Test images: 1764
2026-02-08 21:57:43.810 | INFO     | src.pipelines.train_vision_backbones:run_pipeline:176 - Training pvt_autoencoder_frozen on SPIRAL
2026-02-08 21:57:43.836 | INFO     | src.models.pvt_autoencoder.training:train_pvt_autoencoder_frozen:24 - Device: cuda | Model on: cuda:0
2026-02-08 21:58:27.350 | INFO     | src.pipelines.train_vision_backbones:run_pipeline:193 - Evaluating pvt_autoencoder_frozen on SPIRAL
2026-02-08 21:58:28.569 | INFO     | src.models.evaluation:evaluate_tsb_ad_nonoverlapping:65 - Normal (29900) reconstruction error: mean=0.0236, std=0.0294
2026-02-08 21:58:28.569 | INFO     | src.models.evaluation:evaluate_tsb_ad_nonoverlapping:66 - Anomaly (100) reconstruction error: mean=0.2136, std=0.3573
2026-02-08 21:58:28.569 | INFO     | src.models.evaluation:evaluate_tsb_ad_nonoverlapping:67 - Overlap? Normal max=0.4307, Anomaly min=0.0099
2026-02-08 21:58:31.158 | INFO     | src.models.evaluation:evaluate_tsb_ad_nonoverlapping:83 - {'AUC-PR': 0.19040898205513238, 'AUC-ROC': 0.7939107023411371, 'VUS-PR': np.float64(0.18902728613408895), 'VUS-ROC': np.float64(0.7991210598451322), 'Standard-F1': np.float64(0.29059580687344555), 'PA-F1': 1.0, 'Event-based-F1': np.float64(0.9999999999999996), 'R-based-F1': 0.5029940119760479, 'Affiliation-F': 0.9993954680953071}
2026-02-08 21:58:31.310 | INFO     | src.pipelines.train_vision_backbones:run_pipeline:170 - Train images: 470
2026-02-08 21:58:31.310 | INFO     | src.pipelines.train_vision_backbones:run_pipeline:171 - Test images: 1764
2026-02-08 21:58:32.304 | INFO     | src.pipelines.train_vision_backbones:run_pipeline:176 - Training pvt_autoencoder_progressive_unfreeze on SPIRAL
2026-02-08 21:58:32.331 | INFO     | src.models.pvt_autoencoder.training:train_pvt_autoencoder_progressive_unfreeze:132 - Device: cuda | Model on: cuda:0
2026-02-08 21:59:19.482 | INFO     | src.pipelines.train_vision_backbones:run_pipeline:193 - Evaluating pvt_autoencoder_progressive_unfreeze on SPIRAL
2026-02-08 21:59:20.706 | INFO     | src.models.evaluation:evaluate_tsb_ad_nonoverlapping:65 - Normal (29900) reconstruction error: mean=0.0912, std=0.1292
2026-02-08 21:59:20.706 | INFO     | src.models.evaluation:evaluate_tsb_ad_nonoverlapping:66 - Anomaly (100) reconstruction error: mean=0.2189, std=0.3345
2026-02-08 21:59:20.706 | INFO     | src.models.evaluation:evaluate_tsb_ad_nonoverlapping:67 - Overlap? Normal max=1.0000, Anomaly min=0.0030
2026-02-08 21:59:23.888 | INFO     | src.models.evaluation:evaluate_tsb_ad_nonoverlapping:83 - {'AUC-PR': 0.08922007835664834, 'AUC-ROC': 0.5478598662207358, 'VUS-PR': np.float64(0.02641921548149797), 'VUS-ROC': np.float64(0.6406698598424259), 'Standard-F1': np.float64(0.2537275563051298), 'PA-F1': 0.9216589861751152, 'Event-based-F1': np.float64(0.6666666666666662), 'R-based-F1': 0.4019138755980861, 'Affiliation-F': 0.7980645509034031}
2026-02-08 21:59:24.045 | INFO     | src.pipelines.train_vision_backbones:run_pipeline:170 - Train images: 470
2026-02-08 21:59:24.045 | INFO     | src.pipelines.train_vision_backbones:run_pipeline:171 - Test images: 1764
2026-02-08 21:59:25.058 | INFO     | src.pipelines.train_vision_backbones:run_pipeline:176 - Training pvt_autoencoder_differential_lr on SPIRAL
2026-02-08 21:59:25.084 | INFO     | src.models.pvt_autoencoder.training:train_pvt_autoencoder_differential_lr:267 - Device: cuda | Model on: cuda:0
2026-02-08 22:00:27.424 | INFO     | src.pipelines.train_vision_backbones:run_pipeline:193 - Evaluating pvt_autoencoder_differential_lr on SPIRAL
2026-02-08 22:00:28.637 | INFO     | src.models.evaluation:evaluate_tsb_ad_nonoverlapping:65 - Normal (29900) reconstruction error: mean=0.0650, std=0.0920
2026-02-08 22:00:28.637 | INFO     | src.models.evaluation:evaluate_tsb_ad_nonoverlapping:66 - Anomaly (100) reconstruction error: mean=0.2062, std=0.3618
2026-02-08 22:00:28.637 | INFO     | src.models.evaluation:evaluate_tsb_ad_nonoverlapping:67 - Overlap? Normal max=0.8789, Anomaly min=0.0025
2026-02-08 22:00:31.596 | INFO     | src.models.evaluation:evaluate_tsb_ad_nonoverlapping:83 - {'AUC-PR': 0.17377388287050533, 'AUC-ROC': 0.535738127090301, 'VUS-PR': np.float64(0.17458637162286775), 'VUS-ROC': np.float64(0.6124389494886187), 'Standard-F1': np.float64(0.29059580687344555), 'PA-F1': 1.0, 'Event-based-F1': np.float64(0.9999999999999996), 'R-based-F1': 0.5029940119760479, 'Affiliation-F': 0.9993954680953071}
2026-02-08 22:00:32.602 | INFO     | src.pipelines.train_vision_backbones:run_pipeline:70 - Using zip: /net/scratch/hscra/plgrid/plgsmendowski12/ts2i_images/UCR/494_UCR_id_192_Facility_tr_22500_1st_72150_ts2i_RN.zip for transformation RN
2026-02-08 22:00:33.696 | INFO     | src.pipelines.train_vision_backbones:run_pipeline:170 - Train images: 187
2026-02-08 22:00:33.696 | INFO     | src.pipelines.train_vision_backbones:run_pipeline:171 - Test images: 703
2026-02-08 22:00:33.703 | INFO     | src.pipelines.train_vision_backbones:run_pipeline:176 - Training cnn_autoencoder on RN
2026-02-08 22:00:33.708 | INFO     | src.models.cnn_autoencoder.training:train_autoencoder:22 - Device: cuda | Model on: cuda:0
2026-02-08 22:01:16.163 | INFO     | src.pipelines.train_vision_backbones:run_pipeline:193 - Evaluating cnn_autoencoder on RN
2026-02-08 22:01:16.814 | INFO     | src.models.evaluation:evaluate_tsb_ad_nonoverlapping:65 - Normal (67155) reconstruction error: mean=0.6107, std=0.4595
2026-02-08 22:01:16.814 | INFO     | src.models.evaluation:evaluate_tsb_ad_nonoverlapping:66 - Anomaly (345) reconstruction error: mean=0.9571, std=0.0145
2026-02-08 22:01:16.815 | INFO     | src.models.evaluation:evaluate_tsb_ad_nonoverlapping:67 - Overlap? Normal max=1.0000, Anomaly min=0.9433
2026-02-08 22:01:31.880 | INFO     | src.models.evaluation:evaluate_tsb_ad_nonoverlapping:83 - {'AUC-PR': 0.012121018118503905, 'AUC-ROC': 0.6875145429295627, 'VUS-PR': np.float64(0.01312645494302969), 'VUS-ROC': np.float64(0.6994441675823817), 'Standard-F1': np.float64(0.03144856513464654), 'PA-F1': 0.10859301227573183, 'Event-based-F1': np.float64(0.032786885245901606), 'R-based-F1': 0.04135114438866672, 'Affiliation-F': 0.9065489900519268}
2026-02-08 22:01:32.032 | INFO     | src.pipelines.train_vision_backbones:run_pipeline:170 - Train images: 187
2026-02-08 22:01:32.032 | INFO     | src.pipelines.train_vision_backbones:run_pipeline:171 - Test images: 703
2026-02-08 22:01:32.255 | INFO     | src.pipelines.train_vision_backbones:run_pipeline:176 - Training resnet18_autoencoder_frozen on RN
2026-02-08 22:01:32.272 | INFO     | src.models.resnet18_autoencoder.training:train_autoencoder_frozen:25 - Device: cuda | Model on: cuda:0
2026-02-08 22:02:11.366 | INFO     | src.pipelines.train_vision_backbones:run_pipeline:193 - Evaluating resnet18_autoencoder_frozen on RN
2026-02-08 22:02:12.071 | INFO     | src.models.evaluation:evaluate_tsb_ad_nonoverlapping:65 - Normal (67155) reconstruction error: mean=0.5765, std=0.4363
2026-02-08 22:02:12.071 | INFO     | src.models.evaluation:evaluate_tsb_ad_nonoverlapping:66 - Anomaly (345) reconstruction error: mean=0.9536, std=0.0473
2026-02-08 22:02:12.071 | INFO     | src.models.evaluation:evaluate_tsb_ad_nonoverlapping:67 - Overlap? Normal max=1.0000, Anomaly min=0.8912
2026-02-08 22:02:26.496 | INFO     | src.models.evaluation:evaluate_tsb_ad_nonoverlapping:83 - {'AUC-PR': 0.0673422144478942, 'AUC-ROC': 0.845988676423459, 'VUS-PR': np.float64(0.08044031465881454), 'VUS-ROC': np.float64(0.8640575066311748), 'Standard-F1': np.float64(0.19159352028237667), 'PA-F1': 0.35222052067381315, 'Event-based-F1': np.float64(0.2122905027932959), 'R-based-F1': 0.19285350196133474, 'Affiliation-F': 0.976644528514138}
2026-02-08 22:02:26.646 | INFO     | src.pipelines.train_vision_backbones:run_pipeline:170 - Train images: 187
2026-02-08 22:02:26.646 | INFO     | src.pipelines.train_vision_backbones:run_pipeline:171 - Test images: 703
2026-02-08 22:02:26.868 | INFO     | src.pipelines.train_vision_backbones:run_pipeline:176 - Training resnet18_autoencoder_progressive_unfreeze on RN
2026-02-08 22:02:26.884 | INFO     | src.models.resnet18_autoencoder.training:train_autoencoder_progressive_unfreeze:133 - Device: cuda | Model on: cuda:0
2026-02-08 22:03:19.622 | INFO     | src.pipelines.train_vision_backbones:run_pipeline:193 - Evaluating resnet18_autoencoder_progressive_unfreeze on RN
2026-02-08 22:03:20.335 | INFO     | src.models.evaluation:evaluate_tsb_ad_nonoverlapping:65 - Normal (67155) reconstruction error: mean=0.5654, std=0.4280
2026-02-08 22:03:20.336 | INFO     | src.models.evaluation:evaluate_tsb_ad_nonoverlapping:66 - Anomaly (345) reconstruction error: mean=0.8905, std=0.0107
2026-02-08 22:03:20.336 | INFO     | src.models.evaluation:evaluate_tsb_ad_nonoverlapping:67 - Overlap? Normal max=1.0000, Anomaly min=0.8745
2026-02-08 22:03:34.594 | INFO     | src.models.evaluation:evaluate_tsb_ad_nonoverlapping:83 - {'AUC-PR': 0.01122537117824843, 'AUC-ROC': 0.6941960357770635, 'VUS-PR': np.float64(0.012366287917572523), 'VUS-ROC': np.float64(0.7063064644835342), 'Standard-F1': np.float64(0.024304948533595164), 'PA-F1': 0.03832694550908182, 'Event-based-F1': np.float64(0.022581961637872374), 'R-based-F1': 0.02852805669498103, 'Affiliation-F': 0.8256618008984955}
2026-02-08 22:03:34.756 | INFO     | src.pipelines.train_vision_backbones:run_pipeline:170 - Train images: 187
2026-02-08 22:03:34.756 | INFO     | src.pipelines.train_vision_backbones:run_pipeline:171 - Test images: 703
2026-02-08 22:03:34.983 | INFO     | src.pipelines.train_vision_backbones:run_pipeline:176 - Training resnet18_autoencoder_differential_lr on RN
2026-02-08 22:03:35.000 | INFO     | src.models.resnet18_autoencoder.training:train_autoencoder_differential_lr:271 - Device: cuda | Model on: cuda:0
2026-02-08 22:04:18.615 | INFO     | src.pipelines.train_vision_backbones:run_pipeline:193 - Evaluating resnet18_autoencoder_differential_lr on RN
2026-02-08 22:04:19.302 | INFO     | src.models.evaluation:evaluate_tsb_ad_nonoverlapping:65 - Normal (67155) reconstruction error: mean=0.6152, std=0.4627
2026-02-08 22:04:19.302 | INFO     | src.models.evaluation:evaluate_tsb_ad_nonoverlapping:66 - Anomaly (345) reconstruction error: mean=0.9800, std=0.0185
2026-02-08 22:04:19.302 | INFO     | src.models.evaluation:evaluate_tsb_ad_nonoverlapping:67 - Overlap? Normal max=1.0000, Anomaly min=0.9457
2026-02-08 22:04:34.259 | INFO     | src.models.evaluation:evaluate_tsb_ad_nonoverlapping:83 - {'AUC-PR': 0.03251418167179036, 'AUC-ROC': 0.818056928649814, 'VUS-PR': np.float64(0.03394740049851837), 'VUS-ROC': np.float64(0.841750064668154), 'Standard-F1': np.float64(0.09493218191618759), 'PA-F1': 0.09791400595998297, 'Event-based-F1': np.float64(0.07749238136700036), 'R-based-F1': 0.033032381094972335, 'Affiliation-F': 0.8636888713207576}
2026-02-08 22:04:34.410 | INFO     | src.pipelines.train_vision_backbones:run_pipeline:170 - Train images: 187
2026-02-08 22:04:34.410 | INFO     | src.pipelines.train_vision_backbones:run_pipeline:171 - Test images: 703
2026-02-08 22:04:35.397 | INFO     | src.pipelines.train_vision_backbones:run_pipeline:176 - Training pvt_autoencoder_frozen on RN
2026-02-08 22:04:35.430 | INFO     | src.models.pvt_autoencoder.training:train_pvt_autoencoder_frozen:24 - Device: cuda | Model on: cuda:0
2026-02-08 22:05:20.313 | INFO     | src.pipelines.train_vision_backbones:run_pipeline:193 - Evaluating pvt_autoencoder_frozen on RN
2026-02-08 22:05:21.114 | INFO     | src.models.evaluation:evaluate_tsb_ad_nonoverlapping:65 - Normal (67155) reconstruction error: mean=0.5607, std=0.4223
2026-02-08 22:05:21.114 | INFO     | src.models.evaluation:evaluate_tsb_ad_nonoverlapping:66 - Anomaly (345) reconstruction error: mean=0.8619, std=0.0139
2026-02-08 22:05:21.114 | INFO     | src.models.evaluation:evaluate_tsb_ad_nonoverlapping:67 - Overlap? Normal max=1.0000, Anomaly min=0.8434
2026-02-08 22:05:35.215 | INFO     | src.models.evaluation:evaluate_tsb_ad_nonoverlapping:83 - {'AUC-PR': 0.008285606561613538, 'AUC-ROC': 0.5967519010206757, 'VUS-PR': np.float64(0.0088093787132733), 'VUS-ROC': np.float64(0.6038359928350737), 'Standard-F1': np.float64(0.019028520055065692), 'PA-F1': 0.0332466030644695, 'Event-based-F1': np.float64(0.018348623853210986), 'R-based-F1': 0.017798937923457242, 'Affiliation-F': 0.9065489900519268}
2026-02-08 22:05:35.371 | INFO     | src.pipelines.train_vision_backbones:run_pipeline:170 - Train images: 187
2026-02-08 22:05:35.372 | INFO     | src.pipelines.train_vision_backbones:run_pipeline:171 - Test images: 703
2026-02-08 22:05:36.361 | INFO     | src.pipelines.train_vision_backbones:run_pipeline:176 - Training pvt_autoencoder_progressive_unfreeze on RN
2026-02-08 22:05:36.390 | INFO     | src.models.pvt_autoencoder.training:train_pvt_autoencoder_progressive_unfreeze:132 - Device: cuda | Model on: cuda:0
2026-02-08 22:06:48.614 | INFO     | src.pipelines.train_vision_backbones:run_pipeline:193 - Evaluating pvt_autoencoder_progressive_unfreeze on RN
2026-02-08 22:06:49.398 | INFO     | src.models.evaluation:evaluate_tsb_ad_nonoverlapping:65 - Normal (67155) reconstruction error: mean=0.5971, std=0.4521
2026-02-08 22:06:49.398 | INFO     | src.models.evaluation:evaluate_tsb_ad_nonoverlapping:66 - Anomaly (345) reconstruction error: mean=0.9649, std=0.0247
2026-02-08 22:06:49.398 | INFO     | src.models.evaluation:evaluate_tsb_ad_nonoverlapping:67 - Overlap? Normal max=1.0000, Anomaly min=0.9420
2026-02-08 22:07:04.214 | INFO     | src.models.evaluation:evaluate_tsb_ad_nonoverlapping:83 - {'AUC-PR': 0.035566555894027505, 'AUC-ROC': 0.8666391508288741, 'VUS-PR': np.float64(0.029212477440821952), 'VUS-ROC': np.float64(0.8680574525306967), 'Standard-F1': np.float64(0.10207036986474399), 'PA-F1': 0.19861830742659758, 'Event-based-F1': np.float64(0.064516129032258), 'R-based-F1': 0.07321511516708107, 'Affiliation-F': 0.9422060338640484}
2026-02-08 22:07:04.371 | INFO     | src.pipelines.train_vision_backbones:run_pipeline:170 - Train images: 187
2026-02-08 22:07:04.371 | INFO     | src.pipelines.train_vision_backbones:run_pipeline:171 - Test images: 703
2026-02-08 22:07:05.354 | INFO     | src.pipelines.train_vision_backbones:run_pipeline:176 - Training pvt_autoencoder_differential_lr on RN
2026-02-08 22:07:05.383 | INFO     | src.models.pvt_autoencoder.training:train_pvt_autoencoder_differential_lr:267 - Device: cuda | Model on: cuda:0
2026-02-08 22:07:59.272 | INFO     | src.pipelines.train_vision_backbones:run_pipeline:193 - Evaluating pvt_autoencoder_differential_lr on RN
2026-02-08 22:08:00.145 | INFO     | src.models.evaluation:evaluate_tsb_ad_nonoverlapping:65 - Normal (67155) reconstruction error: mean=0.5444, std=0.4123
2026-02-08 22:08:00.145 | INFO     | src.models.evaluation:evaluate_tsb_ad_nonoverlapping:66 - Anomaly (345) reconstruction error: mean=0.8565, std=0.0173
2026-02-08 22:08:00.145 | INFO     | src.models.evaluation:evaluate_tsb_ad_nonoverlapping:67 - Overlap? Normal max=1.0000, Anomaly min=0.8420
2026-02-08 22:08:14.039 | INFO     | src.models.evaluation:evaluate_tsb_ad_nonoverlapping:83 - {'AUC-PR': 0.01132520072603317, 'AUC-ROC': 0.7100078662924513, 'VUS-PR': np.float64(0.011860209312209246), 'VUS-ROC': np.float64(0.7124939427177391), 'Standard-F1': np.float64(0.027567749217978468), 'PA-F1': 0.05695889053987122, 'Event-based-F1': np.float64(0.02664812883790983), 'R-based-F1': 0.03310150584921743, 'Affiliation-F': 0.9188430782758819}
2026-02-08 22:08:14.451 | INFO     | src.pipelines.train_vision_backbones:run_pipeline:70 - Using zip: /net/scratch/hscra/plgrid/plgsmendowski12/ts2i_images/UCR/494_UCR_id_192_Facility_tr_22500_1st_72150_ts2i_LP.zip for transformation LP
2026-02-08 22:08:15.495 | INFO     | src.pipelines.train_vision_backbones:run_pipeline:170 - Train images: 187
2026-02-08 22:08:15.496 | INFO     | src.pipelines.train_vision_backbones:run_pipeline:171 - Test images: 703
2026-02-08 22:08:15.502 | INFO     | src.pipelines.train_vision_backbones:run_pipeline:176 - Training cnn_autoencoder on LP
2026-02-08 22:08:15.507 | INFO     | src.models.cnn_autoencoder.training:train_autoencoder:22 - Device: cuda | Model on: cuda:0
2026-02-08 22:08:56.547 | INFO     | src.pipelines.train_vision_backbones:run_pipeline:193 - Evaluating cnn_autoencoder on LP
2026-02-08 22:08:57.155 | INFO     | src.models.evaluation:evaluate_tsb_ad_nonoverlapping:65 - Normal (67155) reconstruction error: mean=0.5217, std=0.2056
2026-02-08 22:08:57.155 | INFO     | src.models.evaluation:evaluate_tsb_ad_nonoverlapping:66 - Anomaly (345) reconstruction error: mean=0.8453, std=0.1238
2026-02-08 22:08:57.155 | INFO     | src.models.evaluation:evaluate_tsb_ad_nonoverlapping:67 - Overlap? Normal max=1.0000, Anomaly min=0.6539
2026-02-08 22:09:10.881 | INFO     | src.models.evaluation:evaluate_tsb_ad_nonoverlapping:83 - {'AUC-PR': 0.23885251976284583, 'AUC-ROC': 0.9094815045012674, 'VUS-PR': np.float64(0.23491669774479199), 'VUS-ROC': np.float64(0.9257469908649277), 'Standard-F1': np.float64(0.47736126950625296), 'PA-F1': 0.7666666666666667, 'Event-based-F1': np.float64(0.6236559139784942), 'R-based-F1': 0.40262468241742855, 'Affiliation-F': 0.8145326238015081}
2026-02-08 22:09:11.033 | INFO     | src.pipelines.train_vision_backbones:run_pipeline:170 - Train images: 187
2026-02-08 22:09:11.033 | INFO     | src.pipelines.train_vision_backbones:run_pipeline:171 - Test images: 703
2026-02-08 22:09:11.258 | INFO     | src.pipelines.train_vision_backbones:run_pipeline:176 - Training resnet18_autoencoder_frozen on LP
2026-02-08 22:09:11.273 | INFO     | src.models.resnet18_autoencoder.training:train_autoencoder_frozen:25 - Device: cuda | Model on: cuda:0
2026-02-08 22:09:48.080 | INFO     | src.pipelines.train_vision_backbones:run_pipeline:193 - Evaluating resnet18_autoencoder_frozen on LP
2026-02-08 22:09:48.781 | INFO     | src.models.evaluation:evaluate_tsb_ad_nonoverlapping:65 - Normal (67155) reconstruction error: mean=0.5637, std=0.1707
2026-02-08 22:09:48.782 | INFO     | src.models.evaluation:evaluate_tsb_ad_nonoverlapping:66 - Anomaly (345) reconstruction error: mean=0.8127, std=0.1436
2026-02-08 22:09:48.782 | INFO     | src.models.evaluation:evaluate_tsb_ad_nonoverlapping:67 - Overlap? Normal max=0.9975, Anomaly min=0.6155
2026-02-08 22:10:03.150 | INFO     | src.models.evaluation:evaluate_tsb_ad_nonoverlapping:83 - {'AUC-PR': 0.3075279488188457, 'AUC-ROC': 0.863674432607239, 'VUS-PR': np.float64(0.3121213056465572), 'VUS-ROC': np.float64(0.8837974087455626), 'Standard-F1': np.float64(0.43537074369826356), 'PA-F1': 0.8778625954198473, 'Event-based-F1': np.float64(0.6666666666666662), 'R-based-F1': 0.4580584354382658, 'Affiliation-F': 0.8521766066034243}
2026-02-08 22:10:03.302 | INFO     | src.pipelines.train_vision_backbones:run_pipeline:170 - Train images: 187
2026-02-08 22:10:03.303 | INFO     | src.pipelines.train_vision_backbones:run_pipeline:171 - Test images: 703
2026-02-08 22:10:03.528 | INFO     | src.pipelines.train_vision_backbones:run_pipeline:176 - Training resnet18_autoencoder_progressive_unfreeze on LP
2026-02-08 22:10:03.544 | INFO     | src.models.resnet18_autoencoder.training:train_autoencoder_progressive_unfreeze:133 - Device: cuda | Model on: cuda:0
2026-02-08 22:10:33.243 | INFO     | src.pipelines.train_vision_backbones:run_pipeline:193 - Evaluating resnet18_autoencoder_progressive_unfreeze on LP
2026-02-08 22:10:33.897 | INFO     | src.models.evaluation:evaluate_tsb_ad_nonoverlapping:65 - Normal (67155) reconstruction error: mean=0.5665, std=0.1978
2026-02-08 22:10:33.897 | INFO     | src.models.evaluation:evaluate_tsb_ad_nonoverlapping:66 - Anomaly (345) reconstruction error: mean=0.8272, std=0.1433
2026-02-08 22:10:33.897 | INFO     | src.models.evaluation:evaluate_tsb_ad_nonoverlapping:67 - Overlap? Normal max=1.0000, Anomaly min=0.5987
2026-02-08 22:10:48.296 | INFO     | src.models.evaluation:evaluate_tsb_ad_nonoverlapping:83 - {'AUC-PR': 0.1252965660254785, 'AUC-ROC': 0.8520268813549445, 'VUS-PR': np.float64(0.12986987907334624), 'VUS-ROC': np.float64(0.8856578334099224), 'Standard-F1': np.float64(0.3072733502967642), 'PA-F1': 0.5450236966824644, 'Event-based-F1': np.float64(0.3304347826086953), 'R-based-F1': 0.26442614482360455, 'Affiliation-F': 0.7772024329213917}
2026-02-08 22:10:48.451 | INFO     | src.pipelines.train_vision_backbones:run_pipeline:170 - Train images: 187
2026-02-08 22:10:48.451 | INFO     | src.pipelines.train_vision_backbones:run_pipeline:171 - Test images: 703
2026-02-08 22:10:48.675 | INFO     | src.pipelines.train_vision_backbones:run_pipeline:176 - Training resnet18_autoencoder_differential_lr on LP
2026-02-08 22:10:48.691 | INFO     | src.models.resnet18_autoencoder.training:train_autoencoder_differential_lr:271 - Device: cuda | Model on: cuda:0
2026-02-08 22:11:27.721 | INFO     | src.pipelines.train_vision_backbones:run_pipeline:193 - Evaluating resnet18_autoencoder_differential_lr on LP
2026-02-08 22:11:28.267 | INFO     | src.models.evaluation:evaluate_tsb_ad_nonoverlapping:65 - Normal (67155) reconstruction error: mean=0.5005, std=0.1885
2026-02-08 22:11:28.267 | INFO     | src.models.evaluation:evaluate_tsb_ad_nonoverlapping:66 - Anomaly (345) reconstruction error: mean=0.7909, std=0.1787
2026-02-08 22:11:28.267 | INFO     | src.models.evaluation:evaluate_tsb_ad_nonoverlapping:67 - Overlap? Normal max=0.9014, Anomaly min=0.5418
2026-02-08 22:11:41.561 | INFO     | src.models.evaluation:evaluate_tsb_ad_nonoverlapping:83 - {'AUC-PR': 0.4183103712339414, 'AUC-ROC': 0.851616668770819, 'VUS-PR': np.float64(0.4533310638148615), 'VUS-ROC': np.float64(0.8756400761903529), 'Standard-F1': np.float64(0.5402794007777629), 'PA-F1': 1.0, 'Event-based-F1': np.float64(0.9999999999999996), 'R-based-F1': 0.5941320293398533, 'Affiliation-F': 0.999240970204454}
2026-02-08 22:11:41.717 | INFO     | src.pipelines.train_vision_backbones:run_pipeline:170 - Train images: 187
2026-02-08 22:11:41.717 | INFO     | src.pipelines.train_vision_backbones:run_pipeline:171 - Test images: 703
2026-02-08 22:11:42.704 | INFO     | src.pipelines.train_vision_backbones:run_pipeline:176 - Training pvt_autoencoder_frozen on LP
2026-02-08 22:11:42.731 | INFO     | src.models.pvt_autoencoder.training:train_pvt_autoencoder_frozen:24 - Device: cuda | Model on: cuda:0
2026-02-08 22:12:24.201 | INFO     | src.pipelines.train_vision_backbones:run_pipeline:193 - Evaluating pvt_autoencoder_frozen on LP
2026-02-08 22:12:24.685 | INFO     | src.models.evaluation:evaluate_tsb_ad_nonoverlapping:65 - Normal (67155) reconstruction error: mean=0.4554, std=0.1793
2026-02-08 22:12:24.686 | INFO     | src.models.evaluation:evaluate_tsb_ad_nonoverlapping:66 - Anomaly (345) reconstruction error: mean=0.7312, std=0.1893
2026-02-08 22:12:24.686 | INFO     | src.models.evaluation:evaluate_tsb_ad_nonoverlapping:67 - Overlap? Normal max=0.9103, Anomaly min=0.4964
2026-02-08 22:12:37.202 | INFO     | src.models.evaluation:evaluate_tsb_ad_nonoverlapping:83 - {'AUC-PR': 0.30505483449338927, 'AUC-ROC': 0.8528845985762982, 'VUS-PR': np.float64(0.30896514005395315), 'VUS-ROC': np.float64(0.8720869202600583), 'Standard-F1': np.float64(0.43537074369826356), 'PA-F1': 1.0, 'Event-based-F1': np.float64(0.9999999999999996), 'R-based-F1': 0.5941320293398533, 'Affiliation-F': 0.999240970204454}
2026-02-08 22:12:37.354 | INFO     | src.pipelines.train_vision_backbones:run_pipeline:170 - Train images: 187
2026-02-08 22:12:37.354 | INFO     | src.pipelines.train_vision_backbones:run_pipeline:171 - Test images: 703
2026-02-08 22:12:38.336 | INFO     | src.pipelines.train_vision_backbones:run_pipeline:176 - Training pvt_autoencoder_progressive_unfreeze on LP
2026-02-08 22:12:38.362 | INFO     | src.models.pvt_autoencoder.training:train_pvt_autoencoder_progressive_unfreeze:132 - Device: cuda | Model on: cuda:0
2026-02-08 22:13:23.679 | INFO     | src.pipelines.train_vision_backbones:run_pipeline:193 - Evaluating pvt_autoencoder_progressive_unfreeze on LP
2026-02-08 22:13:24.164 | INFO     | src.models.evaluation:evaluate_tsb_ad_nonoverlapping:65 - Normal (67155) reconstruction error: mean=0.5277, std=0.1817
2026-02-08 22:13:24.164 | INFO     | src.models.evaluation:evaluate_tsb_ad_nonoverlapping:66 - Anomaly (345) reconstruction error: mean=0.8042, std=0.1444
2026-02-08 22:13:24.164 | INFO     | src.models.evaluation:evaluate_tsb_ad_nonoverlapping:67 - Overlap? Normal max=0.8749, Anomaly min=0.6131
2026-02-08 22:13:37.919 | INFO     | src.models.evaluation:evaluate_tsb_ad_nonoverlapping:83 - {'AUC-PR': 0.32729838999335525, 'AUC-ROC': 0.8822955977896689, 'VUS-PR': np.float64(0.3335297986859209), 'VUS-ROC': np.float64(0.901772161172368), 'Standard-F1': np.float64(0.43537074369826356), 'PA-F1': 1.0, 'Event-based-F1': np.float64(0.9999999999999996), 'R-based-F1': 0.5941320293398533, 'Affiliation-F': 0.999240970204454}
2026-02-08 22:13:38.077 | INFO     | src.pipelines.train_vision_backbones:run_pipeline:170 - Train images: 187
2026-02-08 22:13:38.077 | INFO     | src.pipelines.train_vision_backbones:run_pipeline:171 - Test images: 703
2026-02-08 22:13:39.059 | INFO     | src.pipelines.train_vision_backbones:run_pipeline:176 - Training pvt_autoencoder_differential_lr on LP
2026-02-08 22:13:39.086 | INFO     | src.models.pvt_autoencoder.training:train_pvt_autoencoder_differential_lr:267 - Device: cuda | Model on: cuda:0
2026-02-08 22:14:30.837 | INFO     | src.pipelines.train_vision_backbones:run_pipeline:193 - Evaluating pvt_autoencoder_differential_lr on LP
2026-02-08 22:14:31.323 | INFO     | src.models.evaluation:evaluate_tsb_ad_nonoverlapping:65 - Normal (67155) reconstruction error: mean=0.5927, std=0.1752
2026-02-08 22:14:31.323 | INFO     | src.models.evaluation:evaluate_tsb_ad_nonoverlapping:66 - Anomaly (345) reconstruction error: mean=0.8327, std=0.1350
2026-02-08 22:14:31.323 | INFO     | src.models.evaluation:evaluate_tsb_ad_nonoverlapping:67 - Overlap? Normal max=1.0000, Anomaly min=0.6352
2026-02-08 22:14:46.059 | INFO     | src.models.evaluation:evaluate_tsb_ad_nonoverlapping:83 - {'AUC-PR': 0.1752860650002413, 'AUC-ROC': 0.853916345378796, 'VUS-PR': np.float64(0.13399708321690765), 'VUS-ROC': np.float64(0.8769459825306333), 'Standard-F1': np.float64(0.3575373053865789), 'PA-F1': 0.8778625954198473, 'Event-based-F1': np.float64(0.6666666666666662), 'R-based-F1': 0.4580584354382658, 'Affiliation-F': 0.7225184890100343}
2026-02-08 22:14:46.561 | INFO     | src.pipelines.train_vision_backbones:run_pipeline:70 - Using zip: /net/scratch/hscra/plgrid/plgsmendowski12/ts2i_images/UCR/494_UCR_id_192_Facility_tr_22500_1st_72150_ts2i_SG.zip for transformation SG
2026-02-08 22:14:47.630 | INFO     | src.pipelines.train_vision_backbones:run_pipeline:170 - Train images: 187
2026-02-08 22:14:47.630 | INFO     | src.pipelines.train_vision_backbones:run_pipeline:171 - Test images: 703
2026-02-08 22:14:47.637 | INFO     | src.pipelines.train_vision_backbones:run_pipeline:176 - Training cnn_autoencoder on SG
2026-02-08 22:14:47.641 | INFO     | src.models.cnn_autoencoder.training:train_autoencoder:22 - Device: cuda | Model on: cuda:0
2026-02-08 22:15:12.007 | INFO     | src.pipelines.train_vision_backbones:run_pipeline:193 - Evaluating cnn_autoencoder on SG
2026-02-08 22:15:12.617 | INFO     | src.models.evaluation:evaluate_tsb_ad_nonoverlapping:65 - Normal (67155) reconstruction error: mean=0.1514, std=0.1279
2026-02-08 22:15:12.618 | INFO     | src.models.evaluation:evaluate_tsb_ad_nonoverlapping:66 - Anomaly (345) reconstruction error: mean=0.3212, std=0.1154
2026-02-08 22:15:12.618 | INFO     | src.models.evaluation:evaluate_tsb_ad_nonoverlapping:67 - Overlap? Normal max=1.0000, Anomaly min=0.1366
2026-02-08 22:15:20.057 | INFO     | src.models.evaluation:evaluate_tsb_ad_nonoverlapping:83 - {'AUC-PR': 0.032471060529531935, 'AUC-ROC': 0.8512810402928979, 'VUS-PR': np.float64(0.035104933687944054), 'VUS-ROC': np.float64(0.8686535913288134), 'Standard-F1': np.float64(0.08480125109048993), 'PA-F1': 0.19327731092436976, 'Event-based-F1': np.float64(0.08329433785680852), 'R-based-F1': 0.06179275270184361, 'Affiliation-F': 0.7234215232127128}
2026-02-08 22:15:20.212 | INFO     | src.pipelines.train_vision_backbones:run_pipeline:170 - Train images: 187
2026-02-08 22:15:20.212 | INFO     | src.pipelines.train_vision_backbones:run_pipeline:171 - Test images: 703
2026-02-08 22:15:20.439 | INFO     | src.pipelines.train_vision_backbones:run_pipeline:176 - Training resnet18_autoencoder_frozen on SG
2026-02-08 22:15:20.456 | INFO     | src.models.resnet18_autoencoder.training:train_autoencoder_frozen:25 - Device: cuda | Model on: cuda:0
2026-02-08 22:15:54.928 | INFO     | src.pipelines.train_vision_backbones:run_pipeline:193 - Evaluating resnet18_autoencoder_frozen on SG
2026-02-08 22:15:55.584 | INFO     | src.models.evaluation:evaluate_tsb_ad_nonoverlapping:65 - Normal (67155) reconstruction error: mean=0.0343, std=0.0703
2026-02-08 22:15:55.584 | INFO     | src.models.evaluation:evaluate_tsb_ad_nonoverlapping:66 - Anomaly (345) reconstruction error: mean=0.3958, std=0.3314
2026-02-08 22:15:55.585 | INFO     | src.models.evaluation:evaluate_tsb_ad_nonoverlapping:67 - Overlap? Normal max=1.0000, Anomaly min=0.0652
2026-02-08 22:16:01.062 | INFO     | src.models.evaluation:evaluate_tsb_ad_nonoverlapping:83 - {'AUC-PR': 0.1932518115942029, 'AUC-ROC': 0.9705534567985161, 'VUS-PR': np.float64(0.20604842589242403), 'VUS-ROC': np.float64(0.9746136207799115), 'Standard-F1': np.float64(0.3033125761687783), 'PA-F1': 0.782312925170068, 'Event-based-F1': np.float64(0.4999999999999996), 'R-based-F1': 0.3726993865030675, 'Affiliation-F': 0.7487525958005318}
2026-02-08 22:16:01.218 | INFO     | src.pipelines.train_vision_backbones:run_pipeline:170 - Train images: 187
2026-02-08 22:16:01.218 | INFO     | src.pipelines.train_vision_backbones:run_pipeline:171 - Test images: 703
2026-02-08 22:16:01.445 | INFO     | src.pipelines.train_vision_backbones:run_pipeline:176 - Training resnet18_autoencoder_progressive_unfreeze on SG
2026-02-08 22:16:01.461 | INFO     | src.models.resnet18_autoencoder.training:train_autoencoder_progressive_unfreeze:133 - Device: cuda | Model on: cuda:0
2026-02-08 22:16:28.294 | INFO     | src.pipelines.train_vision_backbones:run_pipeline:193 - Evaluating resnet18_autoencoder_progressive_unfreeze on SG
2026-02-08 22:16:28.948 | INFO     | src.models.evaluation:evaluate_tsb_ad_nonoverlapping:65 - Normal (67155) reconstruction error: mean=0.0284, std=0.0632
2026-02-08 22:16:28.948 | INFO     | src.models.evaluation:evaluate_tsb_ad_nonoverlapping:66 - Anomaly (345) reconstruction error: mean=0.2135, std=0.1067
2026-02-08 22:16:28.948 | INFO     | src.models.evaluation:evaluate_tsb_ad_nonoverlapping:67 - Overlap? Normal max=1.0000, Anomaly min=0.0238
2026-02-08 22:16:34.184 | INFO     | src.models.evaluation:evaluate_tsb_ad_nonoverlapping:83 - {'AUC-PR': 0.18869908374405298, 'AUC-ROC': 0.9220116343436501, 'VUS-PR': np.float64(0.22270757173363398), 'VUS-ROC': np.float64(0.9351622475018445), 'Standard-F1': np.float64(0.44168326635910954), 'PA-F1': 0.5793450881612091, 'Event-based-F1': np.float64(0.472148541114058), 'R-based-F1': 0.34017434814901687, 'Affiliation-F': 0.8541771857710246}
2026-02-08 22:16:34.343 | INFO     | src.pipelines.train_vision_backbones:run_pipeline:170 - Train images: 187
2026-02-08 22:16:34.343 | INFO     | src.pipelines.train_vision_backbones:run_pipeline:171 - Test images: 703
2026-02-08 22:16:34.567 | INFO     | src.pipelines.train_vision_backbones:run_pipeline:176 - Training resnet18_autoencoder_differential_lr on SG
2026-02-08 22:16:34.583 | INFO     | src.models.resnet18_autoencoder.training:train_autoencoder_differential_lr:271 - Device: cuda | Model on: cuda:0
2026-02-08 22:17:04.036 | INFO     | src.pipelines.train_vision_backbones:run_pipeline:193 - Evaluating resnet18_autoencoder_differential_lr on SG
2026-02-08 22:17:04.589 | INFO     | src.models.evaluation:evaluate_tsb_ad_nonoverlapping:65 - Normal (67155) reconstruction error: mean=0.0301, std=0.0495
2026-02-08 22:17:04.589 | INFO     | src.models.evaluation:evaluate_tsb_ad_nonoverlapping:66 - Anomaly (345) reconstruction error: mean=0.2049, std=0.0944
2026-02-08 22:17:04.589 | INFO     | src.models.evaluation:evaluate_tsb_ad_nonoverlapping:67 - Overlap? Normal max=1.0000, Anomaly min=0.0408
2026-02-08 22:17:09.933 | INFO     | src.models.evaluation:evaluate_tsb_ad_nonoverlapping:83 - {'AUC-PR': 0.22296315070524556, 'AUC-ROC': 0.9570040108380029, 'VUS-PR': np.float64(0.2239466826733819), 'VUS-ROC': np.float64(0.9610005173850442), 'Standard-F1': np.float64(0.44168326635910954), 'PA-F1': 0.7055214723926381, 'Event-based-F1': np.float64(0.472148541114058), 'R-based-F1': 0.3141564318034906, 'Affiliation-F': 0.8541771857710246}
2026-02-08 22:17:10.219 | INFO     | src.pipelines.train_vision_backbones:run_pipeline:170 - Train images: 187
2026-02-08 22:17:10.219 | INFO     | src.pipelines.train_vision_backbones:run_pipeline:171 - Test images: 703
2026-02-08 22:17:11.207 | INFO     | src.pipelines.train_vision_backbones:run_pipeline:176 - Training pvt_autoencoder_frozen on SG
2026-02-08 22:17:11.234 | INFO     | src.models.pvt_autoencoder.training:train_pvt_autoencoder_frozen:24 - Device: cuda | Model on: cuda:0
2026-02-08 22:17:37.525 | INFO     | src.pipelines.train_vision_backbones:run_pipeline:193 - Evaluating pvt_autoencoder_frozen on SG
2026-02-08 22:17:38.019 | INFO     | src.models.evaluation:evaluate_tsb_ad_nonoverlapping:65 - Normal (67155) reconstruction error: mean=0.0137, std=0.0487
2026-02-08 22:17:38.019 | INFO     | src.models.evaluation:evaluate_tsb_ad_nonoverlapping:66 - Anomaly (345) reconstruction error: mean=0.1945, std=0.1641
2026-02-08 22:17:38.020 | INFO     | src.models.evaluation:evaluate_tsb_ad_nonoverlapping:67 - Overlap? Normal max=1.0000, Anomaly min=0.0150
2026-02-08 22:17:43.078 | INFO     | src.models.evaluation:evaluate_tsb_ad_nonoverlapping:83 - {'AUC-PR': 0.2028342966979671, 'AUC-ROC': 0.9529888997873187, 'VUS-PR': np.float64(0.2065401571318721), 'VUS-ROC': np.float64(0.9579601393432963), 'Standard-F1': np.float64(0.3161601595442913), 'PA-F1': 0.782312925170068, 'Event-based-F1': np.float64(0.4999999999999996), 'R-based-F1': 0.3726993865030675, 'Affiliation-F': 0.698006982991074}
2026-02-08 22:17:43.232 | INFO     | src.pipelines.train_vision_backbones:run_pipeline:170 - Train images: 187
2026-02-08 22:17:43.232 | INFO     | src.pipelines.train_vision_backbones:run_pipeline:171 - Test images: 703
2026-02-08 22:17:44.212 | INFO     | src.pipelines.train_vision_backbones:run_pipeline:176 - Training pvt_autoencoder_progressive_unfreeze on SG
2026-02-08 22:17:44.239 | INFO     | src.models.pvt_autoencoder.training:train_pvt_autoencoder_progressive_unfreeze:132 - Device: cuda | Model on: cuda:0
2026-02-08 22:18:10.458 | INFO     | src.pipelines.train_vision_backbones:run_pipeline:193 - Evaluating pvt_autoencoder_progressive_unfreeze on SG
2026-02-08 22:18:10.953 | INFO     | src.models.evaluation:evaluate_tsb_ad_nonoverlapping:65 - Normal (67155) reconstruction error: mean=0.0153, std=0.0420
2026-02-08 22:18:10.953 | INFO     | src.models.evaluation:evaluate_tsb_ad_nonoverlapping:66 - Anomaly (345) reconstruction error: mean=0.0553, std=0.0353
2026-02-08 22:18:10.953 | INFO     | src.models.evaluation:evaluate_tsb_ad_nonoverlapping:67 - Overlap? Normal max=1.0000, Anomaly min=0.0140
2026-02-08 22:18:16.002 | INFO     | src.models.evaluation:evaluate_tsb_ad_nonoverlapping:83 - {'AUC-PR': 0.11858497017762815, 'AUC-ROC': 0.8980825669363219, 'VUS-PR': np.float64(0.11932881760373826), 'VUS-ROC': np.float64(0.9126541254340771), 'Standard-F1': np.float64(0.3362787028207914), 'PA-F1': 0.5897435897435898, 'Event-based-F1': np.float64(0.3304347826086953), 'R-based-F1': 0.26442614482360455, 'Affiliation-F': 0.6868281858002951}
2026-02-08 22:18:16.160 | INFO     | src.pipelines.train_vision_backbones:run_pipeline:170 - Train images: 187
2026-02-08 22:18:16.160 | INFO     | src.pipelines.train_vision_backbones:run_pipeline:171 - Test images: 703
2026-02-08 22:18:20.031 | INFO     | src.pipelines.train_vision_backbones:run_pipeline:176 - Training pvt_autoencoder_differential_lr on SG
2026-02-08 22:18:20.057 | INFO     | src.models.pvt_autoencoder.training:train_pvt_autoencoder_differential_lr:267 - Device: cuda | Model on: cuda:0
2026-02-08 22:18:43.158 | INFO     | src.pipelines.train_vision_backbones:run_pipeline:193 - Evaluating pvt_autoencoder_differential_lr on SG
2026-02-08 22:18:43.649 | INFO     | src.models.evaluation:evaluate_tsb_ad_nonoverlapping:65 - Normal (67155) reconstruction error: mean=0.0532, std=0.0640
2026-02-08 22:18:43.649 | INFO     | src.models.evaluation:evaluate_tsb_ad_nonoverlapping:66 - Anomaly (345) reconstruction error: mean=0.1673, std=0.0647
2026-02-08 22:18:43.650 | INFO     | src.models.evaluation:evaluate_tsb_ad_nonoverlapping:67 - Overlap? Normal max=1.0000, Anomaly min=0.0623
2026-02-08 22:18:49.340 | INFO     | src.models.evaluation:evaluate_tsb_ad_nonoverlapping:83 - {'AUC-PR': 0.11586914077172486, 'AUC-ROC': 0.9381839547056938, 'VUS-PR': np.float64(0.11438931189306993), 'VUS-ROC': np.float64(0.9436636678871727), 'Standard-F1': np.float64(0.2838885516266294), 'PA-F1': 0.49891540130151846, 'Event-based-F1': np.float64(0.2812006319115321), 'R-based-F1': 0.17190373390901098, 'Affiliation-F': 0.723303223820373}
2026-02-08 22:18:49.822 | INFO     | src.pipelines.train_vision_backbones:run_pipeline:70 - Using zip: /net/scratch/hscra/plgrid/plgsmendowski12/ts2i_images/UCR/494_UCR_id_192_Facility_tr_22500_1st_72150_ts2i_GASF.zip for transformation GASF
2026-02-08 22:18:50.879 | INFO     | src.pipelines.train_vision_backbones:run_pipeline:170 - Train images: 187
2026-02-08 22:18:50.879 | INFO     | src.pipelines.train_vision_backbones:run_pipeline:171 - Test images: 703
2026-02-08 22:18:50.886 | INFO     | src.pipelines.train_vision_backbones:run_pipeline:176 - Training cnn_autoencoder on GASF
2026-02-08 22:18:50.891 | INFO     | src.models.cnn_autoencoder.training:train_autoencoder:22 - Device: cuda | Model on: cuda:0
2026-02-08 22:19:25.370 | INFO     | src.pipelines.train_vision_backbones:run_pipeline:193 - Evaluating cnn_autoencoder on GASF
2026-02-08 22:19:25.997 | INFO     | src.models.evaluation:evaluate_tsb_ad_nonoverlapping:65 - Normal (67155) reconstruction error: mean=0.0449, std=0.0741
2026-02-08 22:19:25.997 | INFO     | src.models.evaluation:evaluate_tsb_ad_nonoverlapping:66 - Anomaly (345) reconstruction error: mean=0.0619, std=0.0180
2026-02-08 22:19:25.997 | INFO     | src.models.evaluation:evaluate_tsb_ad_nonoverlapping:67 - Overlap? Normal max=1.0000, Anomaly min=0.0441
2026-02-08 22:19:31.599 | INFO     | src.models.evaluation:evaluate_tsb_ad_nonoverlapping:83 - {'AUC-PR': 0.019617919357359796, 'AUC-ROC': 0.8424505928853755, 'VUS-PR': np.float64(0.019950880806897758), 'VUS-ROC': np.float64(0.8434631621039141), 'Standard-F1': np.float64(0.04090303166655091), 'PA-F1': 0.10240427426536064, 'Event-based-F1': np.float64(0.033788746878213566), 'R-based-F1': 0.03059682699571896, 'Affiliation-F': 0.8399549535248773}
2026-02-08 22:19:31.753 | INFO     | src.pipelines.train_vision_backbones:run_pipeline:170 - Train images: 187
2026-02-08 22:19:31.753 | INFO     | src.pipelines.train_vision_backbones:run_pipeline:171 - Test images: 703
2026-02-08 22:19:31.976 | INFO     | src.pipelines.train_vision_backbones:run_pipeline:176 - Training resnet18_autoencoder_frozen on GASF
2026-02-08 22:19:31.992 | INFO     | src.models.resnet18_autoencoder.training:train_autoencoder_frozen:25 - Device: cuda | Model on: cuda:0
2026-02-08 22:19:52.648 | INFO     | src.pipelines.train_vision_backbones:run_pipeline:193 - Evaluating resnet18_autoencoder_frozen on GASF
2026-02-08 22:19:53.327 | INFO     | src.models.evaluation:evaluate_tsb_ad_nonoverlapping:65 - Normal (67155) reconstruction error: mean=0.0550, std=0.0743
2026-02-08 22:19:53.327 | INFO     | src.models.evaluation:evaluate_tsb_ad_nonoverlapping:66 - Anomaly (345) reconstruction error: mean=0.4094, std=0.3546
2026-02-08 22:19:53.328 | INFO     | src.models.evaluation:evaluate_tsb_ad_nonoverlapping:67 - Overlap? Normal max=1.0000, Anomaly min=0.0635
2026-02-08 22:19:59.077 | INFO     | src.models.evaluation:evaluate_tsb_ad_nonoverlapping:83 - {'AUC-PR': 0.3667416498235862, 'AUC-ROC': 0.9180819842479921, 'VUS-PR': np.float64(0.4442826916783602), 'VUS-ROC': np.float64(0.9271141958423993), 'Standard-F1': np.float64(0.5497580737627599), 'PA-F1': 0.9745762711864406, 'Event-based-F1': np.float64(0.8965517241379305), 'R-based-F1': 0.5186264687129977, 'Affiliation-F': 0.997964149542823}
2026-02-08 22:19:59.231 | INFO     | src.pipelines.train_vision_backbones:run_pipeline:170 - Train images: 187
2026-02-08 22:19:59.232 | INFO     | src.pipelines.train_vision_backbones:run_pipeline:171 - Test images: 703
2026-02-08 22:19:59.455 | INFO     | src.pipelines.train_vision_backbones:run_pipeline:176 - Training resnet18_autoencoder_progressive_unfreeze on GASF
2026-02-08 22:19:59.472 | INFO     | src.models.resnet18_autoencoder.training:train_autoencoder_progressive_unfreeze:133 - Device: cuda | Model on: cuda:0
2026-02-08 22:20:23.917 | INFO     | src.pipelines.train_vision_backbones:run_pipeline:193 - Evaluating resnet18_autoencoder_progressive_unfreeze on GASF
2026-02-08 22:20:24.611 | INFO     | src.models.evaluation:evaluate_tsb_ad_nonoverlapping:65 - Normal (67155) reconstruction error: mean=0.0654, std=0.0979
2026-02-08 22:20:24.611 | INFO     | src.models.evaluation:evaluate_tsb_ad_nonoverlapping:66 - Anomaly (345) reconstruction error: mean=0.2315, std=0.1416
2026-02-08 22:20:24.611 | INFO     | src.models.evaluation:evaluate_tsb_ad_nonoverlapping:67 - Overlap? Normal max=1.0000, Anomaly min=0.1463
2026-02-08 22:20:30.539 | INFO     | src.models.evaluation:evaluate_tsb_ad_nonoverlapping:83 - {'AUC-PR': 0.05405442314977263, 'AUC-ROC': 0.9199854327917569, 'VUS-PR': np.float64(0.05601132928619663), 'VUS-ROC': np.float64(0.9237718299621234), 'Standard-F1': np.float64(0.1533878474348197), 'PA-F1': 0.5373831775700935, 'Event-based-F1': np.float64(0.2079999999999998), 'R-based-F1': 0.17792081992313222, 'Affiliation-F': 0.7693218669330386}
2026-02-08 22:20:30.699 | INFO     | src.pipelines.train_vision_backbones:run_pipeline:170 - Train images: 187
2026-02-08 22:20:30.699 | INFO     | src.pipelines.train_vision_backbones:run_pipeline:171 - Test images: 703
2026-02-08 22:20:30.926 | INFO     | src.pipelines.train_vision_backbones:run_pipeline:176 - Training resnet18_autoencoder_differential_lr on GASF
2026-02-08 22:20:30.943 | INFO     | src.models.resnet18_autoencoder.training:train_autoencoder_differential_lr:271 - Device: cuda | Model on: cuda:0
2026-02-08 22:21:02.262 | INFO     | src.pipelines.train_vision_backbones:run_pipeline:193 - Evaluating resnet18_autoencoder_differential_lr on GASF
2026-02-08 22:21:03.121 | INFO     | src.models.evaluation:evaluate_tsb_ad_nonoverlapping:65 - Normal (67155) reconstruction error: mean=0.0588, std=0.0974
2026-02-08 22:21:03.122 | INFO     | src.models.evaluation:evaluate_tsb_ad_nonoverlapping:66 - Anomaly (345) reconstruction error: mean=0.1375, std=0.0713
2026-02-08 22:21:03.122 | INFO     | src.models.evaluation:evaluate_tsb_ad_nonoverlapping:67 - Overlap? Normal max=1.0000, Anomaly min=0.0526
2026-02-08 22:21:09.026 | INFO     | src.models.evaluation:evaluate_tsb_ad_nonoverlapping:83 - {'AUC-PR': 0.026016604427892175, 'AUC-ROC': 0.8614975090073904, 'VUS-PR': np.float64(0.02843923512869697), 'VUS-ROC': np.float64(0.870398875608596), 'Standard-F1': np.float64(0.07440530448951987), 'PA-F1': 0.1584022038567493, 'Event-based-F1': np.float64(0.07407407407407399), 'R-based-F1': 0.07321511516708107, 'Affiliation-F': 0.7703545142566618}
2026-02-08 22:21:09.179 | INFO     | src.pipelines.train_vision_backbones:run_pipeline:170 - Train images: 187
2026-02-08 22:21:09.180 | INFO     | src.pipelines.train_vision_backbones:run_pipeline:171 - Test images: 703
2026-02-08 22:21:10.165 | INFO     | src.pipelines.train_vision_backbones:run_pipeline:176 - Training pvt_autoencoder_frozen on GASF
2026-02-08 22:21:10.191 | INFO     | src.models.pvt_autoencoder.training:train_pvt_autoencoder_frozen:24 - Device: cuda | Model on: cuda:0
2026-02-08 22:21:33.390 | INFO     | src.pipelines.train_vision_backbones:run_pipeline:193 - Evaluating pvt_autoencoder_frozen on GASF
2026-02-08 22:21:42.286 | INFO     | src.models.evaluation:evaluate_tsb_ad_nonoverlapping:65 - Normal (67155) reconstruction error: mean=0.0994, std=0.1410
2026-02-08 22:21:42.286 | INFO     | src.models.evaluation:evaluate_tsb_ad_nonoverlapping:66 - Anomaly (345) reconstruction error: mean=0.4552, std=0.3644
2026-02-08 22:21:42.286 | INFO     | src.models.evaluation:evaluate_tsb_ad_nonoverlapping:67 - Overlap? Normal max=1.0000, Anomaly min=0.1013
2026-02-08 22:21:48.885 | INFO     | src.models.evaluation:evaluate_tsb_ad_nonoverlapping:83 - {'AUC-PR': 0.1387837027740579, 'AUC-ROC': 0.8616606617397131, 'VUS-PR': np.float64(0.12757193688131643), 'VUS-ROC': np.float64(0.8713092090296162), 'Standard-F1': np.float64(0.29049819925494946), 'PA-F1': 0.7666666666666667, 'Event-based-F1': np.float64(0.42622950819672095), 'R-based-F1': 0.3165619614165786, 'Affiliation-F': 0.8163864350187507}
2026-02-08 22:21:49.120 | INFO     | src.pipelines.train_vision_backbones:run_pipeline:170 - Train images: 187
2026-02-08 22:21:49.120 | INFO     | src.pipelines.train_vision_backbones:run_pipeline:171 - Test images: 703
2026-02-08 22:21:50.191 | INFO     | src.pipelines.train_vision_backbones:run_pipeline:176 - Training pvt_autoencoder_progressive_unfreeze on GASF
2026-02-08 22:21:50.214 | INFO     | src.models.pvt_autoencoder.training:train_pvt_autoencoder_progressive_unfreeze:132 - Device: cuda | Model on: cuda:0
2026-02-08 22:22:15.795 | INFO     | src.pipelines.train_vision_backbones:run_pipeline:193 - Evaluating pvt_autoencoder_progressive_unfreeze on GASF
2026-02-08 22:22:16.480 | INFO     | src.models.evaluation:evaluate_tsb_ad_nonoverlapping:65 - Normal (67155) reconstruction error: mean=0.0582, std=0.1017
2026-02-08 22:22:16.480 | INFO     | src.models.evaluation:evaluate_tsb_ad_nonoverlapping:66 - Anomaly (345) reconstruction error: mean=0.2302, std=0.2122
2026-02-08 22:22:16.480 | INFO     | src.models.evaluation:evaluate_tsb_ad_nonoverlapping:67 - Overlap? Normal max=1.0000, Anomaly min=0.0704
2026-02-08 22:22:22.240 | INFO     | src.models.evaluation:evaluate_tsb_ad_nonoverlapping:83 - {'AUC-PR': 0.05941290971196936, 'AUC-ROC': 0.8994250808480058, 'VUS-PR': np.float64(0.06463137882620562), 'VUS-ROC': np.float64(0.9043047545003229), 'Standard-F1': np.float64(0.18908604310042929), 'PA-F1': 0.6318681318681318, 'Event-based-F1': np.float64(0.279569892473118), 'R-based-F1': 0.22780556111222247, 'Affiliation-F': 0.8598474714888632}
2026-02-08 22:22:22.662 | INFO     | src.pipelines.train_vision_backbones:run_pipeline:170 - Train images: 187
2026-02-08 22:22:22.662 | INFO     | src.pipelines.train_vision_backbones:run_pipeline:171 - Test images: 703
2026-02-08 22:22:23.636 | INFO     | src.pipelines.train_vision_backbones:run_pipeline:176 - Training pvt_autoencoder_differential_lr on GASF
2026-02-08 22:22:23.660 | INFO     | src.models.pvt_autoencoder.training:train_pvt_autoencoder_differential_lr:267 - Device: cuda | Model on: cuda:0
2026-02-08 22:22:51.373 | INFO     | src.pipelines.train_vision_backbones:run_pipeline:193 - Evaluating pvt_autoencoder_differential_lr on GASF
2026-02-08 22:22:52.057 | INFO     | src.models.evaluation:evaluate_tsb_ad_nonoverlapping:65 - Normal (67155) reconstruction error: mean=0.0578, std=0.1021
2026-02-08 22:22:52.057 | INFO     | src.models.evaluation:evaluate_tsb_ad_nonoverlapping:66 - Anomaly (345) reconstruction error: mean=0.1396, std=0.0902
2026-02-08 22:22:52.057 | INFO     | src.models.evaluation:evaluate_tsb_ad_nonoverlapping:67 - Overlap? Normal max=1.0000, Anomaly min=0.0616
2026-02-08 22:22:57.885 | INFO     | src.models.evaluation:evaluate_tsb_ad_nonoverlapping:83 - {'AUC-PR': 0.028453049223118688, 'AUC-ROC': 0.8811131289392159, 'VUS-PR': np.float64(0.031211603365683523), 'VUS-ROC': np.float64(0.8861727805260168), 'Standard-F1': np.float64(0.0634896496092644), 'PA-F1': 0.2290836653386454, 'Event-based-F1': np.float64(0.06295399515738492), 'R-based-F1': 0.05988956087299501, 'Affiliation-F': 0.8996883268290268}
2026-02-08 22:22:58.282 | INFO     | src.pipelines.train_vision_backbones:run_pipeline:70 - Using zip: /net/scratch/hscra/plgrid/plgsmendowski12/ts2i_images/UCR/494_UCR_id_192_Facility_tr_22500_1st_72150_ts2i_GADF.zip for transformation GADF
2026-02-08 22:22:59.262 | INFO     | src.pipelines.train_vision_backbones:run_pipeline:170 - Train images: 187
2026-02-08 22:22:59.263 | INFO     | src.pipelines.train_vision_backbones:run_pipeline:171 - Test images: 703
2026-02-08 22:22:59.269 | INFO     | src.pipelines.train_vision_backbones:run_pipeline:176 - Training cnn_autoencoder on GADF
2026-02-08 22:22:59.273 | INFO     | src.models.cnn_autoencoder.training:train_autoencoder:22 - Device: cuda | Model on: cuda:0
2026-02-08 22:23:30.141 | INFO     | src.pipelines.train_vision_backbones:run_pipeline:193 - Evaluating cnn_autoencoder on GADF
2026-02-08 22:23:30.722 | INFO     | src.models.evaluation:evaluate_tsb_ad_nonoverlapping:65 - Normal (67155) reconstruction error: mean=0.0537, std=0.0839
2026-02-08 22:23:30.722 | INFO     | src.models.evaluation:evaluate_tsb_ad_nonoverlapping:66 - Anomaly (345) reconstruction error: mean=0.1477, std=0.0298
2026-02-08 22:23:30.722 | INFO     | src.models.evaluation:evaluate_tsb_ad_nonoverlapping:67 - Overlap? Normal max=1.0000, Anomaly min=0.1171
2026-02-08 22:23:36.439 | INFO     | src.models.evaluation:evaluate_tsb_ad_nonoverlapping:83 - {'AUC-PR': 0.043343484740491156, 'AUC-ROC': 0.9324534092123025, 'VUS-PR': np.float64(0.04460635013544354), 'VUS-ROC': np.float64(0.9330892865730693), 'Standard-F1': np.float64(0.10327697296377683), 'PA-F1': 0.18341307814992025, 'Event-based-F1': np.float64(0.1003928415539065), 'R-based-F1': 0.056551082150337446, 'Affiliation-F': 0.8399549535248773}
2026-02-08 22:23:36.592 | INFO     | src.pipelines.train_vision_backbones:run_pipeline:170 - Train images: 187
2026-02-08 22:23:36.592 | INFO     | src.pipelines.train_vision_backbones:run_pipeline:171 - Test images: 703
2026-02-08 22:23:36.909 | INFO     | src.pipelines.train_vision_backbones:run_pipeline:176 - Training resnet18_autoencoder_frozen on GADF
2026-02-08 22:23:36.922 | INFO     | src.models.resnet18_autoencoder.training:train_autoencoder_frozen:25 - Device: cuda | Model on: cuda:0
2026-02-08 22:23:50.868 | INFO     | src.pipelines.train_vision_backbones:run_pipeline:193 - Evaluating resnet18_autoencoder_frozen on GADF
2026-02-08 22:23:51.492 | INFO     | src.models.evaluation:evaluate_tsb_ad_nonoverlapping:65 - Normal (67155) reconstruction error: mean=0.0696, std=0.1050
2026-02-08 22:23:51.493 | INFO     | src.models.evaluation:evaluate_tsb_ad_nonoverlapping:66 - Anomaly (345) reconstruction error: mean=0.3531, std=0.1621
2026-02-08 22:23:51.493 | INFO     | src.models.evaluation:evaluate_tsb_ad_nonoverlapping:67 - Overlap? Normal max=1.0000, Anomaly min=0.1145
2026-02-08 22:23:57.473 | INFO     | src.models.evaluation:evaluate_tsb_ad_nonoverlapping:83 - {'AUC-PR': 0.08497994859407904, 'AUC-ROC': 0.9448468015266435, 'VUS-PR': np.float64(0.08423880624001084), 'VUS-ROC': np.float64(0.9502259212757074), 'Standard-F1': np.float64(0.21468587221325977), 'PA-F1': 0.444015444015444, 'Event-based-F1': np.float64(0.2410147991543338), 'R-based-F1': 0.16173044925124794, 'Affiliation-F': 0.7147443363926511}
2026-02-08 22:23:57.629 | INFO     | src.pipelines.train_vision_backbones:run_pipeline:170 - Train images: 187
2026-02-08 22:23:57.629 | INFO     | src.pipelines.train_vision_backbones:run_pipeline:171 - Test images: 703
2026-02-08 22:23:57.840 | INFO     | src.pipelines.train_vision_backbones:run_pipeline:176 - Training resnet18_autoencoder_progressive_unfreeze on GADF
2026-02-08 22:23:57.855 | INFO     | src.models.resnet18_autoencoder.training:train_autoencoder_progressive_unfreeze:133 - Device: cuda | Model on: cuda:0
2026-02-08 22:24:12.878 | INFO     | src.pipelines.train_vision_backbones:run_pipeline:193 - Evaluating resnet18_autoencoder_progressive_unfreeze on GADF
2026-02-08 22:24:14.158 | INFO     | src.models.evaluation:evaluate_tsb_ad_nonoverlapping:65 - Normal (67155) reconstruction error: mean=0.0498, std=0.0785
2026-02-08 22:24:14.158 | INFO     | src.models.evaluation:evaluate_tsb_ad_nonoverlapping:66 - Anomaly (345) reconstruction error: mean=0.2467, std=0.1507
2026-02-08 22:24:14.159 | INFO     | src.models.evaluation:evaluate_tsb_ad_nonoverlapping:67 - Overlap? Normal max=1.0000, Anomaly min=0.0851
2026-02-08 22:24:19.740 | INFO     | src.models.evaluation:evaluate_tsb_ad_nonoverlapping:83 - {'AUC-PR': 0.08992645563864031, 'AUC-ROC': 0.9443122820988433, 'VUS-PR': np.float64(0.09111146348260542), 'VUS-ROC': np.float64(0.9463889652691062), 'Standard-F1': np.float64(0.20846437001904516), 'PA-F1': 0.5897435897435898, 'Event-based-F1': np.float64(0.2857142857142854), 'R-based-F1': 0.23905558288243975, 'Affiliation-F': 0.8053843422428121}
2026-02-08 22:24:19.899 | INFO     | src.pipelines.train_vision_backbones:run_pipeline:170 - Train images: 187
2026-02-08 22:24:19.900 | INFO     | src.pipelines.train_vision_backbones:run_pipeline:171 - Test images: 703
2026-02-08 22:24:20.111 | INFO     | src.pipelines.train_vision_backbones:run_pipeline:176 - Training resnet18_autoencoder_differential_lr on GADF
2026-02-08 22:24:20.125 | INFO     | src.models.resnet18_autoencoder.training:train_autoencoder_differential_lr:271 - Device: cuda | Model on: cuda:0
2026-02-08 22:24:36.771 | INFO     | src.pipelines.train_vision_backbones:run_pipeline:193 - Evaluating resnet18_autoencoder_differential_lr on GADF
2026-02-08 22:24:37.283 | INFO     | src.models.evaluation:evaluate_tsb_ad_nonoverlapping:65 - Normal (67155) reconstruction error: mean=0.0503, std=0.0892
2026-02-08 22:24:37.283 | INFO     | src.models.evaluation:evaluate_tsb_ad_nonoverlapping:66 - Anomaly (345) reconstruction error: mean=0.1858, std=0.1254
2026-02-08 22:24:37.283 | INFO     | src.models.evaluation:evaluate_tsb_ad_nonoverlapping:67 - Overlap? Normal max=1.0000, Anomaly min=0.0596
2026-02-08 22:24:42.915 | INFO     | src.models.evaluation:evaluate_tsb_ad_nonoverlapping:83 - {'AUC-PR': 0.05125701481965784, 'AUC-ROC': 0.9098171329791883, 'VUS-PR': np.float64(0.05112327951063138), 'VUS-ROC': np.float64(0.9109950174859346), 'Standard-F1': np.float64(0.12825296615043513), 'PA-F1': 0.3745928338762215, 'Event-based-F1': np.float64(0.14285714285714274), 'R-based-F1': 0.13015532940546332, 'Affiliation-F': 0.8452558866289349}
2026-02-08 22:24:43.177 | INFO     | src.pipelines.train_vision_backbones:run_pipeline:170 - Train images: 187
2026-02-08 22:24:43.177 | INFO     | src.pipelines.train_vision_backbones:run_pipeline:171 - Test images: 703
2026-02-08 22:24:44.148 | INFO     | src.pipelines.train_vision_backbones:run_pipeline:176 - Training pvt_autoencoder_frozen on GADF
2026-02-08 22:24:44.172 | INFO     | src.models.pvt_autoencoder.training:train_pvt_autoencoder_frozen:24 - Device: cuda | Model on: cuda:0
2026-02-08 22:25:03.496 | INFO     | src.pipelines.train_vision_backbones:run_pipeline:193 - Evaluating pvt_autoencoder_frozen on GADF
2026-02-08 22:25:03.939 | INFO     | src.models.evaluation:evaluate_tsb_ad_nonoverlapping:65 - Normal (67155) reconstruction error: mean=0.0430, std=0.0850
2026-02-08 22:25:03.939 | INFO     | src.models.evaluation:evaluate_tsb_ad_nonoverlapping:66 - Anomaly (345) reconstruction error: mean=0.3935, std=0.3840
2026-02-08 22:25:03.939 | INFO     | src.models.evaluation:evaluate_tsb_ad_nonoverlapping:67 - Overlap? Normal max=0.8272, Anomaly min=0.0676
2026-02-08 22:25:09.500 | INFO     | src.models.evaluation:evaluate_tsb_ad_nonoverlapping:83 - {'AUC-PR': 0.32197088149321607, 'AUC-ROC': 0.9405162618601354, 'VUS-PR': np.float64(0.3208004957818702), 'VUS-ROC': np.float64(0.9416598115069886), 'Standard-F1': np.float64(0.43537074369826356), 'PA-F1': 1.0, 'Event-based-F1': np.float64(0.9999999999999996), 'R-based-F1': 0.5941320293398533, 'Affiliation-F': 0.9992285841202035}
2026-02-08 22:25:09.655 | INFO     | src.pipelines.train_vision_backbones:run_pipeline:170 - Train images: 187
2026-02-08 22:25:09.655 | INFO     | src.pipelines.train_vision_backbones:run_pipeline:171 - Test images: 703
2026-02-08 22:25:10.624 | INFO     | src.pipelines.train_vision_backbones:run_pipeline:176 - Training pvt_autoencoder_progressive_unfreeze on GADF
2026-02-08 22:25:10.650 | INFO     | src.models.pvt_autoencoder.training:train_pvt_autoencoder_progressive_unfreeze:132 - Device: cuda | Model on: cuda:0
2026-02-08 22:25:39.455 | INFO     | src.pipelines.train_vision_backbones:run_pipeline:193 - Evaluating pvt_autoencoder_progressive_unfreeze on GADF
2026-02-08 22:25:39.896 | INFO     | src.models.evaluation:evaluate_tsb_ad_nonoverlapping:65 - Normal (67155) reconstruction error: mean=0.0277, std=0.0622
2026-02-08 22:25:39.896 | INFO     | src.models.evaluation:evaluate_tsb_ad_nonoverlapping:66 - Anomaly (345) reconstruction error: mean=0.4149, std=0.3903
2026-02-08 22:25:39.896 | INFO     | src.models.evaluation:evaluate_tsb_ad_nonoverlapping:67 - Overlap? Normal max=0.6842, Anomaly min=0.0489
2026-02-08 22:25:45.171 | INFO     | src.models.evaluation:evaluate_tsb_ad_nonoverlapping:83 - {'AUC-PR': 0.36831315354980737, 'AUC-ROC': 0.9557609424012586, 'VUS-PR': np.float64(0.3618607725444289), 'VUS-ROC': np.float64(0.9568318712209418), 'Standard-F1': np.float64(0.43537074369826356), 'PA-F1': 1.0, 'Event-based-F1': np.float64(0.9999999999999996), 'R-based-F1': 0.5941320293398533, 'Affiliation-F': 0.9992285841202035}
2026-02-08 22:25:45.327 | INFO     | src.pipelines.train_vision_backbones:run_pipeline:170 - Train images: 187
2026-02-08 22:25:45.327 | INFO     | src.pipelines.train_vision_backbones:run_pipeline:171 - Test images: 703
2026-02-08 22:25:46.312 | INFO     | src.pipelines.train_vision_backbones:run_pipeline:176 - Training pvt_autoencoder_differential_lr on GADF
2026-02-08 22:25:46.337 | INFO     | src.models.pvt_autoencoder.training:train_pvt_autoencoder_differential_lr:267 - Device: cuda | Model on: cuda:0
2026-02-08 22:26:28.202 | INFO     | src.pipelines.train_vision_backbones:run_pipeline:193 - Evaluating pvt_autoencoder_differential_lr on GADF
2026-02-08 22:26:28.644 | INFO     | src.models.evaluation:evaluate_tsb_ad_nonoverlapping:65 - Normal (67155) reconstruction error: mean=0.0443, std=0.0839
2026-02-08 22:26:28.645 | INFO     | src.models.evaluation:evaluate_tsb_ad_nonoverlapping:66 - Anomaly (345) reconstruction error: mean=0.2019, std=0.1451
2026-02-08 22:26:28.645 | INFO     | src.models.evaluation:evaluate_tsb_ad_nonoverlapping:67 - Overlap? Normal max=1.0000, Anomaly min=0.0973
2026-02-08 22:26:34.177 | INFO     | src.models.evaluation:evaluate_tsb_ad_nonoverlapping:83 - {'AUC-PR': 0.071235459219609, 'AUC-ROC': 0.9498439366423557, 'VUS-PR': np.float64(0.07208781657966078), 'VUS-ROC': np.float64(0.9504107334065593), 'Standard-F1': np.float64(0.15880485451552298), 'PA-F1': 0.4732510288065844, 'Event-based-F1': np.float64(0.1999999999999998), 'R-based-F1': 0.17595944967414914, 'Affiliation-F': 0.8399549535248773}
2026-02-08 22:26:34.643 | INFO     | src.pipelines.train_vision_backbones:run_pipeline:70 - Using zip: /net/scratch/hscra/plgrid/plgsmendowski12/ts2i_images/UCR/494_UCR_id_192_Facility_tr_22500_1st_72150_ts2i_MTF.zip for transformation MTF
2026-02-08 22:26:35.787 | INFO     | src.pipelines.train_vision_backbones:run_pipeline:170 - Train images: 187
2026-02-08 22:26:35.787 | INFO     | src.pipelines.train_vision_backbones:run_pipeline:171 - Test images: 703
2026-02-08 22:26:35.793 | INFO     | src.pipelines.train_vision_backbones:run_pipeline:176 - Training cnn_autoencoder on MTF
2026-02-08 22:26:35.798 | INFO     | src.models.cnn_autoencoder.training:train_autoencoder:22 - Device: cuda | Model on: cuda:0
2026-02-08 22:27:06.438 | INFO     | src.pipelines.train_vision_backbones:run_pipeline:193 - Evaluating cnn_autoencoder on MTF
2026-02-08 22:27:07.023 | INFO     | src.models.evaluation:evaluate_tsb_ad_nonoverlapping:65 - Normal (67155) reconstruction error: mean=0.2491, std=0.1764
2026-02-08 22:27:07.023 | INFO     | src.models.evaluation:evaluate_tsb_ad_nonoverlapping:66 - Anomaly (345) reconstruction error: mean=0.3735, std=0.1295
2026-02-08 22:27:07.023 | INFO     | src.models.evaluation:evaluate_tsb_ad_nonoverlapping:67 - Overlap? Normal max=1.0000, Anomaly min=0.1755
2026-02-08 22:27:15.980 | INFO     | src.models.evaluation:evaluate_tsb_ad_nonoverlapping:83 - {'AUC-PR': 0.014290321568419985, 'AUC-ROC': 0.7167297588641462, 'VUS-PR': np.float64(0.016740132789346003), 'VUS-ROC': np.float64(0.7480233682076874), 'Standard-F1': np.float64(0.03814959218085958), 'PA-F1': 0.1584022038567493, 'Event-based-F1': np.float64(0.0408163265306122), 'R-based-F1': 0.040490090807597405, 'Affiliation-F': 0.7513029540894367}
2026-02-08 22:27:16.137 | INFO     | src.pipelines.train_vision_backbones:run_pipeline:170 - Train images: 187
2026-02-08 22:27:16.137 | INFO     | src.pipelines.train_vision_backbones:run_pipeline:171 - Test images: 703
2026-02-08 22:27:16.349 | INFO     | src.pipelines.train_vision_backbones:run_pipeline:176 - Training resnet18_autoencoder_frozen on MTF
2026-02-08 22:27:16.363 | INFO     | src.models.resnet18_autoencoder.training:train_autoencoder_frozen:25 - Device: cuda | Model on: cuda:0
2026-02-08 22:27:35.476 | INFO     | src.pipelines.train_vision_backbones:run_pipeline:193 - Evaluating resnet18_autoencoder_frozen on MTF
2026-02-08 22:27:36.062 | INFO     | src.models.evaluation:evaluate_tsb_ad_nonoverlapping:65 - Normal (67155) reconstruction error: mean=0.2938, std=0.1750
2026-02-08 22:27:36.062 | INFO     | src.models.evaluation:evaluate_tsb_ad_nonoverlapping:66 - Anomaly (345) reconstruction error: mean=0.5126, std=0.2460
2026-02-08 22:27:36.063 | INFO     | src.models.evaluation:evaluate_tsb_ad_nonoverlapping:67 - Overlap? Normal max=1.0000, Anomaly min=0.3640
2026-02-08 22:27:45.828 | INFO     | src.models.evaluation:evaluate_tsb_ad_nonoverlapping:83 - {'AUC-PR': 0.1003082370021223, 'AUC-ROC': 0.7380608132386789, 'VUS-PR': np.float64(0.09262110337751107), 'VUS-ROC': np.float64(0.7553332336343608), 'Standard-F1': np.float64(0.29049819925494946), 'PA-F1': 0.8582089552238806, 'Event-based-F1': np.float64(0.5777777777777773), 'R-based-F1': 0.39315059034730376, 'Affiliation-F': 0.7574161429346827}
2026-02-08 22:27:45.985 | INFO     | src.pipelines.train_vision_backbones:run_pipeline:170 - Train images: 187
2026-02-08 22:27:45.986 | INFO     | src.pipelines.train_vision_backbones:run_pipeline:171 - Test images: 703
2026-02-08 22:27:46.198 | INFO     | src.pipelines.train_vision_backbones:run_pipeline:176 - Training resnet18_autoencoder_progressive_unfreeze on MTF
2026-02-08 22:27:46.212 | INFO     | src.models.resnet18_autoencoder.training:train_autoencoder_progressive_unfreeze:133 - Device: cuda | Model on: cuda:0
2026-02-08 22:28:10.135 | INFO     | src.pipelines.train_vision_backbones:run_pipeline:193 - Evaluating resnet18_autoencoder_progressive_unfreeze on MTF
2026-02-08 22:28:10.715 | INFO     | src.models.evaluation:evaluate_tsb_ad_nonoverlapping:65 - Normal (67155) reconstruction error: mean=0.2316, std=0.1464
2026-02-08 22:28:10.715 | INFO     | src.models.evaluation:evaluate_tsb_ad_nonoverlapping:66 - Anomaly (345) reconstruction error: mean=0.3275, std=0.1358
2026-02-08 22:28:10.715 | INFO     | src.models.evaluation:evaluate_tsb_ad_nonoverlapping:67 - Overlap? Normal max=1.0000, Anomaly min=0.2358
2026-02-08 22:28:19.365 | INFO     | src.models.evaluation:evaluate_tsb_ad_nonoverlapping:83 - {'AUC-PR': 0.052151625968060764, 'AUC-ROC': 0.6379192199745559, 'VUS-PR': np.float64(0.04838917027571185), 'VUS-ROC': np.float64(0.6636527351236868), 'Standard-F1': np.float64(0.21398678397363072), 'PA-F1': 0.6927710843373494, 'Event-based-F1': np.float64(0.33766233766233733), 'R-based-F1': 0.26494811781676053, 'Affiliation-F': 0.8333551126078783}
2026-02-08 22:28:19.522 | INFO     | src.pipelines.train_vision_backbones:run_pipeline:170 - Train images: 187
2026-02-08 22:28:19.522 | INFO     | src.pipelines.train_vision_backbones:run_pipeline:171 - Test images: 703
2026-02-08 22:28:19.734 | INFO     | src.pipelines.train_vision_backbones:run_pipeline:176 - Training resnet18_autoencoder_differential_lr on MTF
2026-02-08 22:28:19.748 | INFO     | src.models.resnet18_autoencoder.training:train_autoencoder_differential_lr:271 - Device: cuda | Model on: cuda:0
2026-02-08 22:28:49.508 | INFO     | src.pipelines.train_vision_backbones:run_pipeline:193 - Evaluating resnet18_autoencoder_differential_lr on MTF
2026-02-08 22:28:49.982 | INFO     | src.models.evaluation:evaluate_tsb_ad_nonoverlapping:65 - Normal (67155) reconstruction error: mean=0.2835, std=0.1920
2026-02-08 22:28:49.982 | INFO     | src.models.evaluation:evaluate_tsb_ad_nonoverlapping:66 - Anomaly (345) reconstruction error: mean=0.4260, std=0.1742
2026-02-08 22:28:49.982 | INFO     | src.models.evaluation:evaluate_tsb_ad_nonoverlapping:67 - Overlap? Normal max=1.0000, Anomaly min=0.2833
2026-02-08 22:28:59.535 | INFO     | src.models.evaluation:evaluate_tsb_ad_nonoverlapping:83 - {'AUC-PR': 0.033622179854048195, 'AUC-ROC': 0.6867966709073429, 'VUS-PR': np.float64(0.03574501719195802), 'VUS-ROC': np.float64(0.7114683158508195), 'Standard-F1': np.float64(0.1533878474348197), 'PA-F1': 0.5, 'Event-based-F1': np.float64(0.1843971631205672), 'R-based-F1': 0.16036274537415157, 'Affiliation-F': 0.7094821221579637}
2026-02-08 22:28:59.689 | INFO     | src.pipelines.train_vision_backbones:run_pipeline:170 - Train images: 187
2026-02-08 22:28:59.689 | INFO     | src.pipelines.train_vision_backbones:run_pipeline:171 - Test images: 703
2026-02-08 22:29:00.662 | INFO     | src.pipelines.train_vision_backbones:run_pipeline:176 - Training pvt_autoencoder_frozen on MTF
2026-02-08 22:29:00.686 | INFO     | src.models.pvt_autoencoder.training:train_pvt_autoencoder_frozen:24 - Device: cuda | Model on: cuda:0
2026-02-08 22:29:26.439 | INFO     | src.pipelines.train_vision_backbones:run_pipeline:193 - Evaluating pvt_autoencoder_frozen on MTF
2026-02-08 22:29:26.849 | INFO     | src.models.evaluation:evaluate_tsb_ad_nonoverlapping:65 - Normal (67155) reconstruction error: mean=0.2311, std=0.1568
2026-02-08 22:29:26.849 | INFO     | src.models.evaluation:evaluate_tsb_ad_nonoverlapping:66 - Anomaly (345) reconstruction error: mean=0.4716, std=0.2904
2026-02-08 22:29:26.849 | INFO     | src.models.evaluation:evaluate_tsb_ad_nonoverlapping:67 - Overlap? Normal max=1.0000, Anomaly min=0.2528
2026-02-08 22:29:35.517 | INFO     | src.models.evaluation:evaluate_tsb_ad_nonoverlapping:83 - {'AUC-PR': 0.19394630054008583, 'AUC-ROC': 0.7577774324809898, 'VUS-PR': np.float64(0.2623028817402768), 'VUS-ROC': np.float64(0.7839792414387051), 'Standard-F1': np.float64(0.3537380906431879), 'PA-F1': 0.9745762711864406, 'Event-based-F1': np.float64(0.8965517241379305), 'R-based-F1': 0.5186264687129977, 'Affiliation-F': 0.997964149542823}
2026-02-08 22:29:35.668 | INFO     | src.pipelines.train_vision_backbones:run_pipeline:170 - Train images: 187
2026-02-08 22:29:35.668 | INFO     | src.pipelines.train_vision_backbones:run_pipeline:171 - Test images: 703
2026-02-08 22:29:36.635 | INFO     | src.pipelines.train_vision_backbones:run_pipeline:176 - Training pvt_autoencoder_progressive_unfreeze on MTF
2026-02-08 22:29:36.659 | INFO     | src.models.pvt_autoencoder.training:train_pvt_autoencoder_progressive_unfreeze:132 - Device: cuda | Model on: cuda:0
2026-02-08 22:30:04.978 | INFO     | src.pipelines.train_vision_backbones:run_pipeline:193 - Evaluating pvt_autoencoder_progressive_unfreeze on MTF
2026-02-08 22:30:05.388 | INFO     | src.models.evaluation:evaluate_tsb_ad_nonoverlapping:65 - Normal (67155) reconstruction error: mean=0.2377, std=0.1521
2026-02-08 22:30:05.388 | INFO     | src.models.evaluation:evaluate_tsb_ad_nonoverlapping:66 - Anomaly (345) reconstruction error: mean=0.4357, std=0.3069
2026-02-08 22:30:05.388 | INFO     | src.models.evaluation:evaluate_tsb_ad_nonoverlapping:67 - Overlap? Normal max=1.0000, Anomaly min=0.2111
2026-02-08 22:30:14.227 | INFO     | src.models.evaluation:evaluate_tsb_ad_nonoverlapping:83 - {'AUC-PR': 0.1906122435154234, 'AUC-ROC': 0.6746394615959833, 'VUS-PR': np.float64(0.2585831377861567), 'VUS-ROC': np.float64(0.7026565073933236), 'Standard-F1': np.float64(0.3537380906431879), 'PA-F1': 0.9745762711864406, 'Event-based-F1': np.float64(0.8965517241379305), 'R-based-F1': 0.5186264687129977, 'Affiliation-F': 0.997964149542823}
2026-02-08 22:30:14.383 | INFO     | src.pipelines.train_vision_backbones:run_pipeline:170 - Train images: 187
2026-02-08 22:30:14.383 | INFO     | src.pipelines.train_vision_backbones:run_pipeline:171 - Test images: 703
2026-02-08 22:30:15.350 | INFO     | src.pipelines.train_vision_backbones:run_pipeline:176 - Training pvt_autoencoder_differential_lr on MTF
2026-02-08 22:30:15.373 | INFO     | src.models.pvt_autoencoder.training:train_pvt_autoencoder_differential_lr:267 - Device: cuda | Model on: cuda:0
2026-02-08 22:30:48.375 | INFO     | src.pipelines.train_vision_backbones:run_pipeline:193 - Evaluating pvt_autoencoder_differential_lr on MTF
2026-02-08 22:30:48.784 | INFO     | src.models.evaluation:evaluate_tsb_ad_nonoverlapping:65 - Normal (67155) reconstruction error: mean=0.2699, std=0.1699
2026-02-08 22:30:48.784 | INFO     | src.models.evaluation:evaluate_tsb_ad_nonoverlapping:66 - Anomaly (345) reconstruction error: mean=0.4294, std=0.1621
2026-02-08 22:30:48.784 | INFO     | src.models.evaluation:evaluate_tsb_ad_nonoverlapping:67 - Overlap? Normal max=1.0000, Anomaly min=0.2293
2026-02-08 22:30:58.165 | INFO     | src.models.evaluation:evaluate_tsb_ad_nonoverlapping:83 - {'AUC-PR': 0.04181500050843595, 'AUC-ROC': 0.7286880772256267, 'VUS-PR': np.float64(0.05381476701053966), 'VUS-ROC': np.float64(0.7580259770562603), 'Standard-F1': np.float64(0.16937642216060972), 'PA-F1': 0.5808080808080808, 'Event-based-F1': np.float64(0.23853211009174285), 'R-based-F1': 0.19979648408716097, 'Affiliation-F': 0.8183346101235541}
2026-02-08 22:30:58.642 | INFO     | src.pipelines.train_vision_backbones:run_pipeline:70 - Using zip: /net/scratch/hscra/plgrid/plgsmendowski12/ts2i_images/UCR/494_UCR_id_192_Facility_tr_22500_1st_72150_ts2i_RP.zip for transformation RP
2026-02-08 22:30:59.628 | INFO     | src.pipelines.train_vision_backbones:run_pipeline:170 - Train images: 187
2026-02-08 22:30:59.628 | INFO     | src.pipelines.train_vision_backbones:run_pipeline:171 - Test images: 703
2026-02-08 22:30:59.635 | INFO     | src.pipelines.train_vision_backbones:run_pipeline:176 - Training cnn_autoencoder on RP
2026-02-08 22:30:59.639 | INFO     | src.models.cnn_autoencoder.training:train_autoencoder:22 - Device: cuda | Model on: cuda:0
2026-02-08 22:31:35.145 | INFO     | src.pipelines.train_vision_backbones:run_pipeline:193 - Evaluating cnn_autoencoder on RP
2026-02-08 22:31:35.667 | INFO     | src.models.evaluation:evaluate_tsb_ad_nonoverlapping:65 - Normal (67155) reconstruction error: mean=0.3430, std=0.1934
2026-02-08 22:31:35.667 | INFO     | src.models.evaluation:evaluate_tsb_ad_nonoverlapping:66 - Anomaly (345) reconstruction error: mean=0.4875, std=0.0902
2026-02-08 22:31:35.667 | INFO     | src.models.evaluation:evaluate_tsb_ad_nonoverlapping:67 - Overlap? Normal max=1.0000, Anomaly min=0.3816
2026-02-08 22:31:46.256 | INFO     | src.models.evaluation:evaluate_tsb_ad_nonoverlapping:83 - {'AUC-PR': 0.012740657250692896, 'AUC-ROC': 0.7452177797632343, 'VUS-PR': np.float64(0.014349195485688823), 'VUS-ROC': np.float64(0.7637464997866087), 'Standard-F1': np.float64(0.027175291884927077), 'PA-F1': 0.09433962264150944, 'Event-based-F1': np.float64(0.02816901408450701), 'R-based-F1': 0.02883246321784528, 'Affiliation-F': 0.7404233978297382}
2026-02-08 22:31:46.415 | INFO     | src.pipelines.train_vision_backbones:run_pipeline:170 - Train images: 187
2026-02-08 22:31:46.415 | INFO     | src.pipelines.train_vision_backbones:run_pipeline:171 - Test images: 703
2026-02-08 22:31:46.628 | INFO     | src.pipelines.train_vision_backbones:run_pipeline:176 - Training resnet18_autoencoder_frozen on RP
2026-02-08 22:31:46.641 | INFO     | src.models.resnet18_autoencoder.training:train_autoencoder_frozen:25 - Device: cuda | Model on: cuda:0
2026-02-08 22:32:09.806 | INFO     | src.pipelines.train_vision_backbones:run_pipeline:193 - Evaluating resnet18_autoencoder_frozen on RP
2026-02-08 22:32:10.383 | INFO     | src.models.evaluation:evaluate_tsb_ad_nonoverlapping:65 - Normal (67155) reconstruction error: mean=0.4153, std=0.1690
2026-02-08 22:32:10.384 | INFO     | src.models.evaluation:evaluate_tsb_ad_nonoverlapping:66 - Anomaly (345) reconstruction error: mean=0.5115, std=0.1425
2026-02-08 22:32:10.384 | INFO     | src.models.evaluation:evaluate_tsb_ad_nonoverlapping:67 - Overlap? Normal max=1.0000, Anomaly min=0.3052
2026-02-08 22:32:22.149 | INFO     | src.models.evaluation:evaluate_tsb_ad_nonoverlapping:83 - {'AUC-PR': 0.01979433615387717, 'AUC-ROC': 0.654462907032077, 'VUS-PR': np.float64(0.0242851707364463), 'VUS-ROC': np.float64(0.6862643840256132), 'Standard-F1': np.float64(0.08880669604193245), 'PA-F1': 0.3207810320781032, 'Event-based-F1': np.float64(0.0931098696461824), 'R-based-F1': 0.08637660198465308, 'Affiliation-F': 0.7683549514496106}
2026-02-08 22:32:22.305 | INFO     | src.pipelines.train_vision_backbones:run_pipeline:170 - Train images: 187
2026-02-08 22:32:22.305 | INFO     | src.pipelines.train_vision_backbones:run_pipeline:171 - Test images: 703
2026-02-08 22:32:22.517 | INFO     | src.pipelines.train_vision_backbones:run_pipeline:176 - Training resnet18_autoencoder_progressive_unfreeze on RP
2026-02-08 22:32:22.531 | INFO     | src.models.resnet18_autoencoder.training:train_autoencoder_progressive_unfreeze:133 - Device: cuda | Model on: cuda:0
2026-02-08 22:32:44.534 | INFO     | src.pipelines.train_vision_backbones:run_pipeline:193 - Evaluating resnet18_autoencoder_progressive_unfreeze on RP
2026-02-08 22:32:45.306 | INFO     | src.models.evaluation:evaluate_tsb_ad_nonoverlapping:65 - Normal (67155) reconstruction error: mean=0.4706, std=0.2221
2026-02-08 22:32:45.306 | INFO     | src.models.evaluation:evaluate_tsb_ad_nonoverlapping:66 - Anomaly (345) reconstruction error: mean=0.6680, std=0.0723
2026-02-08 22:32:45.306 | INFO     | src.models.evaluation:evaluate_tsb_ad_nonoverlapping:67 - Overlap? Normal max=1.0000, Anomaly min=0.5645
2026-02-08 22:32:58.065 | INFO     | src.models.evaluation:evaluate_tsb_ad_nonoverlapping:83 - {'AUC-PR': 0.01420594334730464, 'AUC-ROC': 0.7759604160394675, 'VUS-PR': np.float64(0.015240761205539539), 'VUS-ROC': np.float64(0.7858662189385198), 'Standard-F1': np.float64(0.03136114795276473), 'PA-F1': 0.08437270726338958, 'Event-based-F1': np.float64(0.031037299210454634), 'R-based-F1': 0.037709358004896755, 'Affiliation-F': 0.7486914256441626}
2026-02-08 22:32:58.221 | INFO     | src.pipelines.train_vision_backbones:run_pipeline:170 - Train images: 187
2026-02-08 22:32:58.221 | INFO     | src.pipelines.train_vision_backbones:run_pipeline:171 - Test images: 703
2026-02-08 22:32:58.432 | INFO     | src.pipelines.train_vision_backbones:run_pipeline:176 - Training resnet18_autoencoder_differential_lr on RP
2026-02-08 22:32:58.446 | INFO     | src.models.resnet18_autoencoder.training:train_autoencoder_differential_lr:271 - Device: cuda | Model on: cuda:0
2026-02-08 22:33:21.301 | INFO     | src.pipelines.train_vision_backbones:run_pipeline:193 - Evaluating resnet18_autoencoder_differential_lr on RP
2026-02-08 22:33:21.761 | INFO     | src.models.evaluation:evaluate_tsb_ad_nonoverlapping:65 - Normal (67155) reconstruction error: mean=0.4715, std=0.2120
2026-02-08 22:33:21.761 | INFO     | src.models.evaluation:evaluate_tsb_ad_nonoverlapping:66 - Anomaly (345) reconstruction error: mean=0.5772, std=0.0762
2026-02-08 22:33:21.762 | INFO     | src.models.evaluation:evaluate_tsb_ad_nonoverlapping:67 - Overlap? Normal max=1.0000, Anomaly min=0.4482
2026-02-08 22:33:34.442 | INFO     | src.models.evaluation:evaluate_tsb_ad_nonoverlapping:83 - {'AUC-PR': 0.009098933697269718, 'AUC-ROC': 0.6604653737460061, 'VUS-PR': np.float64(0.009800739189110416), 'VUS-ROC': np.float64(0.676693522467816), 'Standard-F1': np.float64(0.021417125719431326), 'PA-F1': 0.04008365284071105, 'Event-based-F1': np.float64(0.021157732081302727), 'R-based-F1': 0.01595325630252101, 'Affiliation-F': 0.805910483648596}
2026-02-08 22:33:34.596 | INFO     | src.pipelines.train_vision_backbones:run_pipeline:170 - Train images: 187
2026-02-08 22:33:34.596 | INFO     | src.pipelines.train_vision_backbones:run_pipeline:171 - Test images: 703
2026-02-08 22:33:35.566 | INFO     | src.pipelines.train_vision_backbones:run_pipeline:176 - Training pvt_autoencoder_frozen on RP
2026-02-08 22:33:35.589 | INFO     | src.models.pvt_autoencoder.training:train_pvt_autoencoder_frozen:24 - Device: cuda | Model on: cuda:0
2026-02-08 22:34:01.546 | INFO     | src.pipelines.train_vision_backbones:run_pipeline:193 - Evaluating pvt_autoencoder_frozen on RP
2026-02-08 22:34:01.941 | INFO     | src.models.evaluation:evaluate_tsb_ad_nonoverlapping:65 - Normal (67155) reconstruction error: mean=0.4264, std=0.1863
2026-02-08 22:34:01.942 | INFO     | src.models.evaluation:evaluate_tsb_ad_nonoverlapping:66 - Anomaly (345) reconstruction error: mean=0.7088, std=0.1972
2026-02-08 22:34:01.942 | INFO     | src.models.evaluation:evaluate_tsb_ad_nonoverlapping:67 - Overlap? Normal max=1.0000, Anomaly min=0.4235
2026-02-08 22:34:13.870 | INFO     | src.models.evaluation:evaluate_tsb_ad_nonoverlapping:83 - {'AUC-PR': 0.2132235490729563, 'AUC-ROC': 0.8483691524798245, 'VUS-PR': np.float64(0.2879357492292269), 'VUS-ROC': np.float64(0.8716425221301348), 'Standard-F1': np.float64(0.340132648467629), 'PA-F1': 0.9704641350210971, 'Event-based-F1': np.float64(0.8771929824561399), 'R-based-F1': 0.505763349800047, 'Affiliation-F': 0.997840779910312}
2026-02-08 22:34:14.026 | INFO     | src.pipelines.train_vision_backbones:run_pipeline:170 - Train images: 187
2026-02-08 22:34:14.026 | INFO     | src.pipelines.train_vision_backbones:run_pipeline:171 - Test images: 703
2026-02-08 22:34:14.999 | INFO     | src.pipelines.train_vision_backbones:run_pipeline:176 - Training pvt_autoencoder_progressive_unfreeze on RP
2026-02-08 22:34:15.022 | INFO     | src.models.pvt_autoencoder.training:train_pvt_autoencoder_progressive_unfreeze:132 - Device: cuda | Model on: cuda:0
2026-02-08 22:34:50.635 | INFO     | src.pipelines.train_vision_backbones:run_pipeline:193 - Evaluating pvt_autoencoder_progressive_unfreeze on RP
2026-02-08 22:34:51.036 | INFO     | src.models.evaluation:evaluate_tsb_ad_nonoverlapping:65 - Normal (67155) reconstruction error: mean=0.4610, std=0.2156
2026-02-08 22:34:51.036 | INFO     | src.models.evaluation:evaluate_tsb_ad_nonoverlapping:66 - Anomaly (345) reconstruction error: mean=0.6400, std=0.1000
2026-02-08 22:34:51.036 | INFO     | src.models.evaluation:evaluate_tsb_ad_nonoverlapping:67 - Overlap? Normal max=1.0000, Anomaly min=0.4885
2026-02-08 22:35:03.606 | INFO     | src.models.evaluation:evaluate_tsb_ad_nonoverlapping:83 - {'AUC-PR': 0.013358716065431491, 'AUC-ROC': 0.75786133960047, 'VUS-PR': np.float64(0.014444615660796179), 'VUS-ROC': np.float64(0.7714276003843473), 'Standard-F1': np.float64(0.02978776304098364), 'PA-F1': 0.08243727598566308, 'Event-based-F1': np.float64(0.028780610956829055), 'R-based-F1': 0.03617758696908428, 'Affiliation-F': 0.7333097436408947}
2026-02-08 22:35:03.765 | INFO     | src.pipelines.train_vision_backbones:run_pipeline:170 - Train images: 187
2026-02-08 22:35:03.766 | INFO     | src.pipelines.train_vision_backbones:run_pipeline:171 - Test images: 703
2026-02-08 22:35:04.733 | INFO     | src.pipelines.train_vision_backbones:run_pipeline:176 - Training pvt_autoencoder_differential_lr on RP
2026-02-08 22:35:04.757 | INFO     | src.models.pvt_autoencoder.training:train_pvt_autoencoder_differential_lr:267 - Device: cuda | Model on: cuda:0
2026-02-08 22:35:40.035 | INFO     | src.pipelines.train_vision_backbones:run_pipeline:193 - Evaluating pvt_autoencoder_differential_lr on RP
2026-02-08 22:35:40.425 | INFO     | src.models.evaluation:evaluate_tsb_ad_nonoverlapping:65 - Normal (67155) reconstruction error: mean=0.4167, std=0.2068
2026-02-08 22:35:40.425 | INFO     | src.models.evaluation:evaluate_tsb_ad_nonoverlapping:66 - Anomaly (345) reconstruction error: mean=0.7025, std=0.1479
2026-02-08 22:35:40.425 | INFO     | src.models.evaluation:evaluate_tsb_ad_nonoverlapping:67 - Overlap? Normal max=1.0000, Anomaly min=0.4920
2026-02-08 22:35:52.199 | INFO     | src.models.evaluation:evaluate_tsb_ad_nonoverlapping:83 - {'AUC-PR': 0.07458675143534864, 'AUC-ROC': 0.8549325538258344, 'VUS-PR': np.float64(0.0998956936311504), 'VUS-ROC': np.float64(0.8685603545414425), 'Standard-F1': np.float64(0.23696186529100888), 'PA-F1': 0.7641196013289037, 'Event-based-F1': np.float64(0.4132231404958674), 'R-based-F1': 0.30701128087962304, 'Affiliation-F': 0.84680852819248}
2026-02-08 22:35:52.793 | INFO     | src.pipelines.train_vision_backbones:run_pipeline:70 - Using zip: /net/scratch/hscra/plgrid/plgsmendowski12/ts2i_images/UCR/494_UCR_id_192_Facility_tr_22500_1st_72150_ts2i_RWT.zip for transformation RWT
2026-02-08 22:35:54.092 | INFO     | src.pipelines.train_vision_backbones:run_pipeline:170 - Train images: 187
2026-02-08 22:35:54.092 | INFO     | src.pipelines.train_vision_backbones:run_pipeline:171 - Test images: 703
2026-02-08 22:35:54.098 | INFO     | src.pipelines.train_vision_backbones:run_pipeline:176 - Training cnn_autoencoder on RWT
2026-02-08 22:35:54.103 | INFO     | src.models.cnn_autoencoder.training:train_autoencoder:22 - Device: cuda | Model on: cuda:0
2026-02-08 22:36:27.004 | INFO     | src.pipelines.train_vision_backbones:run_pipeline:193 - Evaluating cnn_autoencoder on RWT
2026-02-08 22:36:27.651 | INFO     | src.models.evaluation:evaluate_tsb_ad_nonoverlapping:65 - Normal (67155) reconstruction error: mean=0.0450, std=0.0814
2026-02-08 22:36:27.652 | INFO     | src.models.evaluation:evaluate_tsb_ad_nonoverlapping:66 - Anomaly (345) reconstruction error: mean=0.1605, std=0.1609
2026-02-08 22:36:27.652 | INFO     | src.models.evaluation:evaluate_tsb_ad_nonoverlapping:67 - Overlap? Normal max=1.0000, Anomaly min=0.0181
2026-02-08 22:36:33.203 | INFO     | src.models.evaluation:evaluate_tsb_ad_nonoverlapping:83 - {'AUC-PR': 0.04486533423224001, 'AUC-ROC': 0.7883071932874305, 'VUS-PR': np.float64(0.04918009598146006), 'VUS-ROC': np.float64(0.8233780664194851), 'Standard-F1': np.float64(0.1533878474348197), 'PA-F1': 0.5373831775700935, 'Event-based-F1': np.float64(0.2079999999999998), 'R-based-F1': 0.17792081992313222, 'Affiliation-F': 0.6663242326468378}
2026-02-08 22:36:33.361 | INFO     | src.pipelines.train_vision_backbones:run_pipeline:170 - Train images: 187
2026-02-08 22:36:33.361 | INFO     | src.pipelines.train_vision_backbones:run_pipeline:171 - Test images: 703
2026-02-08 22:36:33.573 | INFO     | src.pipelines.train_vision_backbones:run_pipeline:176 - Training resnet18_autoencoder_frozen on RWT
2026-02-08 22:36:33.587 | INFO     | src.models.resnet18_autoencoder.training:train_autoencoder_frozen:25 - Device: cuda | Model on: cuda:0
2026-02-08 22:36:56.171 | INFO     | src.pipelines.train_vision_backbones:run_pipeline:193 - Evaluating resnet18_autoencoder_frozen on RWT
2026-02-08 22:36:56.789 | INFO     | src.models.evaluation:evaluate_tsb_ad_nonoverlapping:65 - Normal (67155) reconstruction error: mean=0.0290, std=0.0677
2026-02-08 22:36:56.789 | INFO     | src.models.evaluation:evaluate_tsb_ad_nonoverlapping:66 - Anomaly (345) reconstruction error: mean=0.0660, std=0.0245
2026-02-08 22:36:56.789 | INFO     | src.models.evaluation:evaluate_tsb_ad_nonoverlapping:67 - Overlap? Normal max=1.0000, Anomaly min=0.0300
2026-02-08 22:37:02.049 | INFO     | src.models.evaluation:evaluate_tsb_ad_nonoverlapping:83 - {'AUC-PR': 0.02808744650405609, 'AUC-ROC': 0.8860077109088966, 'VUS-PR': np.float64(0.03164529920108406), 'VUS-ROC': np.float64(0.8943381681917536), 'Standard-F1': np.float64(0.0754878673536005), 'PA-F1': 0.12950450450450451, 'Event-based-F1': np.float64(0.06674708484117403), 'R-based-F1': 0.053821930965726024, 'Affiliation-F': 0.6755602663251934}
2026-02-08 22:37:02.343 | INFO     | src.pipelines.train_vision_backbones:run_pipeline:170 - Train images: 187
2026-02-08 22:37:02.343 | INFO     | src.pipelines.train_vision_backbones:run_pipeline:171 - Test images: 703
2026-02-08 22:37:02.555 | INFO     | src.pipelines.train_vision_backbones:run_pipeline:176 - Training resnet18_autoencoder_progressive_unfreeze on RWT
2026-02-08 22:37:02.569 | INFO     | src.models.resnet18_autoencoder.training:train_autoencoder_progressive_unfreeze:133 - Device: cuda | Model on: cuda:0
2026-02-08 22:37:26.919 | INFO     | src.pipelines.train_vision_backbones:run_pipeline:193 - Evaluating resnet18_autoencoder_progressive_unfreeze on RWT
2026-02-08 22:37:27.817 | INFO     | src.models.evaluation:evaluate_tsb_ad_nonoverlapping:65 - Normal (67155) reconstruction error: mean=0.0209, std=0.0513
2026-02-08 22:37:27.817 | INFO     | src.models.evaluation:evaluate_tsb_ad_nonoverlapping:66 - Anomaly (345) reconstruction error: mean=0.0858, std=0.0621
2026-02-08 22:37:27.817 | INFO     | src.models.evaluation:evaluate_tsb_ad_nonoverlapping:67 - Overlap? Normal max=1.0000, Anomaly min=0.0435
2026-02-08 22:37:32.958 | INFO     | src.models.evaluation:evaluate_tsb_ad_nonoverlapping:83 - {'AUC-PR': 0.055396176102212424, 'AUC-ROC': 0.9243113109516271, 'VUS-PR': np.float64(0.058739785876650394), 'VUS-ROC': np.float64(0.9296438073623491), 'Standard-F1': np.float64(0.1533878474348197), 'PA-F1': 0.5, 'Event-based-F1': np.float64(0.1843971631205672), 'R-based-F1': 0.16036274537415157, 'Affiliation-F': 0.6671355759626018}
2026-02-08 22:37:33.121 | INFO     | src.pipelines.train_vision_backbones:run_pipeline:170 - Train images: 187
2026-02-08 22:37:33.121 | INFO     | src.pipelines.train_vision_backbones:run_pipeline:171 - Test images: 703
2026-02-08 22:37:33.332 | INFO     | src.pipelines.train_vision_backbones:run_pipeline:176 - Training resnet18_autoencoder_differential_lr on RWT
2026-02-08 22:37:33.346 | INFO     | src.models.resnet18_autoencoder.training:train_autoencoder_differential_lr:271 - Device: cuda | Model on: cuda:0
2026-02-08 22:38:00.336 | INFO     | src.pipelines.train_vision_backbones:run_pipeline:193 - Evaluating resnet18_autoencoder_differential_lr on RWT
2026-02-08 22:38:00.833 | INFO     | src.models.evaluation:evaluate_tsb_ad_nonoverlapping:65 - Normal (67155) reconstruction error: mean=0.0352, std=0.0761
2026-02-08 22:38:00.833 | INFO     | src.models.evaluation:evaluate_tsb_ad_nonoverlapping:66 - Anomaly (345) reconstruction error: mean=0.1265, std=0.1029
2026-02-08 22:38:00.833 | INFO     | src.models.evaluation:evaluate_tsb_ad_nonoverlapping:67 - Overlap? Normal max=1.0000, Anomaly min=0.0459
2026-02-08 22:38:06.138 | INFO     | src.models.evaluation:evaluate_tsb_ad_nonoverlapping:83 - {'AUC-PR': 0.03861588503476918, 'AUC-ROC': 0.8975853395616242, 'VUS-PR': np.float64(0.044417421662085135), 'VUS-ROC': np.float64(0.9071538086341185), 'Standard-F1': np.float64(0.09792504365197137), 'PA-F1': 0.3709677419354839, 'Event-based-F1': np.float64(0.11764705882352929), 'R-based-F1': 0.10737925962245648, 'Affiliation-F': 0.6669736224930166}
2026-02-08 22:38:06.295 | INFO     | src.pipelines.train_vision_backbones:run_pipeline:170 - Train images: 187
2026-02-08 22:38:06.295 | INFO     | src.pipelines.train_vision_backbones:run_pipeline:171 - Test images: 703
2026-02-08 22:38:07.264 | INFO     | src.pipelines.train_vision_backbones:run_pipeline:176 - Training pvt_autoencoder_frozen on RWT
2026-02-08 22:38:07.287 | INFO     | src.models.pvt_autoencoder.training:train_pvt_autoencoder_frozen:24 - Device: cuda | Model on: cuda:0
2026-02-08 22:38:30.970 | INFO     | src.pipelines.train_vision_backbones:run_pipeline:193 - Evaluating pvt_autoencoder_frozen on RWT
2026-02-08 22:38:31.403 | INFO     | src.models.evaluation:evaluate_tsb_ad_nonoverlapping:65 - Normal (67155) reconstruction error: mean=0.0332, std=0.0787
2026-02-08 22:38:31.403 | INFO     | src.models.evaluation:evaluate_tsb_ad_nonoverlapping:66 - Anomaly (345) reconstruction error: mean=0.1289, std=0.0958
2026-02-08 22:38:31.403 | INFO     | src.models.evaluation:evaluate_tsb_ad_nonoverlapping:67 - Overlap? Normal max=1.0000, Anomaly min=0.0167
2026-02-08 22:38:36.714 | INFO     | src.models.evaluation:evaluate_tsb_ad_nonoverlapping:83 - {'AUC-PR': 0.04610376398425794, 'AUC-ROC': 0.8403902069514718, 'VUS-PR': np.float64(0.06275854806739868), 'VUS-ROC': np.float64(0.8619131750606), 'Standard-F1': np.float64(0.16043992513006985), 'PA-F1': 0.2948717948717949, 'Event-based-F1': np.float64(0.16618911174785084), 'R-based-F1': 0.09294056255685833, 'Affiliation-F': 0.7859993566424773}
2026-02-08 22:38:36.868 | INFO     | src.pipelines.train_vision_backbones:run_pipeline:170 - Train images: 187
2026-02-08 22:38:36.868 | INFO     | src.pipelines.train_vision_backbones:run_pipeline:171 - Test images: 703
2026-02-08 22:38:37.837 | INFO     | src.pipelines.train_vision_backbones:run_pipeline:176 - Training pvt_autoencoder_progressive_unfreeze on RWT
2026-02-08 22:38:37.861 | INFO     | src.models.pvt_autoencoder.training:train_pvt_autoencoder_progressive_unfreeze:132 - Device: cuda | Model on: cuda:0
2026-02-08 22:38:49.798 | INFO     | src.pipelines.train_vision_backbones:run_pipeline:193 - Evaluating pvt_autoencoder_progressive_unfreeze on RWT
2026-02-08 22:38:50.235 | INFO     | src.models.evaluation:evaluate_tsb_ad_nonoverlapping:65 - Normal (67155) reconstruction error: mean=0.0603, std=0.0825
2026-02-08 22:38:50.235 | INFO     | src.models.evaluation:evaluate_tsb_ad_nonoverlapping:66 - Anomaly (345) reconstruction error: mean=0.1739, std=0.1498
2026-02-08 22:38:50.235 | INFO     | src.models.evaluation:evaluate_tsb_ad_nonoverlapping:67 - Overlap? Normal max=1.0000, Anomaly min=0.0230
2026-02-08 22:38:56.025 | INFO     | src.models.evaluation:evaluate_tsb_ad_nonoverlapping:83 - {'AUC-PR': 0.0492515070468566, 'AUC-ROC': 0.7332377077041109, 'VUS-PR': np.float64(0.04748997528202794), 'VUS-ROC': np.float64(0.7625230035056114), 'Standard-F1': np.float64(0.17250246085541815), 'PA-F1': 0.5066079295154186, 'Event-based-F1': np.float64(0.22222222222222202), 'R-based-F1': 0.1929337038507344, 'Affiliation-F': 0.667832794980275}
2026-02-08 22:38:56.183 | INFO     | src.pipelines.train_vision_backbones:run_pipeline:170 - Train images: 187
2026-02-08 22:38:56.183 | INFO     | src.pipelines.train_vision_backbones:run_pipeline:171 - Test images: 703
2026-02-08 22:38:57.149 | INFO     | src.pipelines.train_vision_backbones:run_pipeline:176 - Training pvt_autoencoder_differential_lr on RWT
2026-02-08 22:38:57.173 | INFO     | src.models.pvt_autoencoder.training:train_pvt_autoencoder_differential_lr:267 - Device: cuda | Model on: cuda:0
2026-02-08 22:39:31.374 | INFO     | src.pipelines.train_vision_backbones:run_pipeline:193 - Evaluating pvt_autoencoder_differential_lr on RWT
2026-02-08 22:39:31.802 | INFO     | src.models.evaluation:evaluate_tsb_ad_nonoverlapping:65 - Normal (67155) reconstruction error: mean=0.0358, std=0.0726
2026-02-08 22:39:31.802 | INFO     | src.models.evaluation:evaluate_tsb_ad_nonoverlapping:66 - Anomaly (345) reconstruction error: mean=0.1400, std=0.1126
2026-02-08 22:39:31.802 | INFO     | src.models.evaluation:evaluate_tsb_ad_nonoverlapping:67 - Overlap? Normal max=1.0000, Anomaly min=0.0317
2026-02-08 22:39:37.102 | INFO     | src.models.evaluation:evaluate_tsb_ad_nonoverlapping:83 - {'AUC-PR': 0.056435594043116724, 'AUC-ROC': 0.8890578900855581, 'VUS-PR': np.float64(0.07030542765282767), 'VUS-ROC': np.float64(0.9031648955475872), 'Standard-F1': np.float64(0.16937642216060972), 'PA-F1': 0.5808080808080808, 'Event-based-F1': np.float64(0.23853211009174285), 'R-based-F1': 0.19979648408716097, 'Affiliation-F': 0.6666449271913396}
2026-02-08 22:39:37.667 | INFO     | src.pipelines.train_vision_backbones:run_pipeline:70 - Using zip: /net/scratch/hscra/plgrid/plgsmendowski12/ts2i_images/UCR/494_UCR_id_192_Facility_tr_22500_1st_72150_ts2i_MWT.zip for transformation MWT
2026-02-08 22:39:38.682 | INFO     | src.pipelines.train_vision_backbones:run_pipeline:170 - Train images: 187
2026-02-08 22:39:38.682 | INFO     | src.pipelines.train_vision_backbones:run_pipeline:171 - Test images: 703
2026-02-08 22:39:38.689 | INFO     | src.pipelines.train_vision_backbones:run_pipeline:176 - Training cnn_autoencoder on MWT
2026-02-08 22:39:38.693 | INFO     | src.models.cnn_autoencoder.training:train_autoencoder:22 - Device: cuda | Model on: cuda:0
2026-02-08 22:40:15.527 | INFO     | src.pipelines.train_vision_backbones:run_pipeline:193 - Evaluating cnn_autoencoder on MWT
2026-02-08 22:40:16.076 | INFO     | src.models.evaluation:evaluate_tsb_ad_nonoverlapping:65 - Normal (67155) reconstruction error: mean=0.0411, std=0.0702
2026-02-08 22:40:16.077 | INFO     | src.models.evaluation:evaluate_tsb_ad_nonoverlapping:66 - Anomaly (345) reconstruction error: mean=0.1360, std=0.0877
2026-02-08 22:40:16.077 | INFO     | src.models.evaluation:evaluate_tsb_ad_nonoverlapping:67 - Overlap? Normal max=1.0000, Anomaly min=0.0047
2026-02-08 22:40:21.500 | INFO     | src.models.evaluation:evaluate_tsb_ad_nonoverlapping:83 - {'AUC-PR': 0.060957987374323654, 'AUC-ROC': 0.7872878771693002, 'VUS-PR': np.float64(0.06736130128270394), 'VUS-ROC': np.float64(0.8283686063940476), 'Standard-F1': np.float64(0.16043992513006985), 'PA-F1': 0.3392330383480826, 'Event-based-F1': np.float64(0.15890410958904094), 'R-based-F1': 0.1151658767772512, 'Affiliation-F': 0.7392087823075295}
2026-02-08 22:40:21.657 | INFO     | src.pipelines.train_vision_backbones:run_pipeline:170 - Train images: 187
2026-02-08 22:40:21.657 | INFO     | src.pipelines.train_vision_backbones:run_pipeline:171 - Test images: 703
2026-02-08 22:40:21.868 | INFO     | src.pipelines.train_vision_backbones:run_pipeline:176 - Training resnet18_autoencoder_frozen on MWT
2026-02-08 22:40:21.882 | INFO     | src.models.resnet18_autoencoder.training:train_autoencoder_frozen:25 - Device: cuda | Model on: cuda:0
2026-02-08 22:40:48.124 | INFO     | src.pipelines.train_vision_backbones:run_pipeline:193 - Evaluating resnet18_autoencoder_frozen on MWT
2026-02-08 22:40:48.729 | INFO     | src.models.evaluation:evaluate_tsb_ad_nonoverlapping:65 - Normal (67155) reconstruction error: mean=0.0530, std=0.1121
2026-02-08 22:40:48.729 | INFO     | src.models.evaluation:evaluate_tsb_ad_nonoverlapping:66 - Anomaly (345) reconstruction error: mean=0.4652, std=0.4211
2026-02-08 22:40:48.730 | INFO     | src.models.evaluation:evaluate_tsb_ad_nonoverlapping:67 - Overlap? Normal max=1.0000, Anomaly min=0.0152
2026-02-08 22:40:54.423 | INFO     | src.models.evaluation:evaluate_tsb_ad_nonoverlapping:83 - {'AUC-PR': 0.15596674288444476, 'AUC-ROC': 0.8123605675384331, 'VUS-PR': np.float64(0.18176561977312689), 'VUS-ROC': np.float64(0.8404704442080863), 'Standard-F1': np.float64(0.41454058848687203), 'PA-F1': 0.7055214723926381, 'Event-based-F1': np.float64(0.5253456221198153), 'R-based-F1': 0.37608586040481173, 'Affiliation-F': 0.7335642668690494}
2026-02-08 22:40:54.581 | INFO     | src.pipelines.train_vision_backbones:run_pipeline:170 - Train images: 187
2026-02-08 22:40:54.582 | INFO     | src.pipelines.train_vision_backbones:run_pipeline:171 - Test images: 703
2026-02-08 22:40:54.793 | INFO     | src.pipelines.train_vision_backbones:run_pipeline:176 - Training resnet18_autoencoder_progressive_unfreeze on MWT
2026-02-08 22:40:54.806 | INFO     | src.models.resnet18_autoencoder.training:train_autoencoder_progressive_unfreeze:133 - Device: cuda | Model on: cuda:0
2026-02-08 22:41:21.372 | INFO     | src.pipelines.train_vision_backbones:run_pipeline:193 - Evaluating resnet18_autoencoder_progressive_unfreeze on MWT
2026-02-08 22:41:22.133 | INFO     | src.models.evaluation:evaluate_tsb_ad_nonoverlapping:65 - Normal (67155) reconstruction error: mean=0.0557, std=0.1021
2026-02-08 22:41:22.133 | INFO     | src.models.evaluation:evaluate_tsb_ad_nonoverlapping:66 - Anomaly (345) reconstruction error: mean=0.1679, std=0.1103
2026-02-08 22:41:22.133 | INFO     | src.models.evaluation:evaluate_tsb_ad_nonoverlapping:67 - Overlap? Normal max=1.0000, Anomaly min=0.0093
2026-02-08 22:41:27.854 | INFO     | src.models.evaluation:evaluate_tsb_ad_nonoverlapping:83 - {'AUC-PR': 0.03666452638449956, 'AUC-ROC': 0.7811098270386808, 'VUS-PR': np.float64(0.03997253642334676), 'VUS-ROC': np.float64(0.8158295632652697), 'Standard-F1': np.float64(0.09863211954099498), 'PA-F1': 0.26436781609195403, 'Event-based-F1': np.float64(0.0967930029154518), 'R-based-F1': 0.08559351884466361, 'Affiliation-F': 0.6667450211876683}
2026-02-08 22:41:28.016 | INFO     | src.pipelines.train_vision_backbones:run_pipeline:170 - Train images: 187
2026-02-08 22:41:28.016 | INFO     | src.pipelines.train_vision_backbones:run_pipeline:171 - Test images: 703
2026-02-08 22:41:28.227 | INFO     | src.pipelines.train_vision_backbones:run_pipeline:176 - Training resnet18_autoencoder_differential_lr on MWT
2026-02-08 22:41:28.241 | INFO     | src.models.resnet18_autoencoder.training:train_autoencoder_differential_lr:271 - Device: cuda | Model on: cuda:0
2026-02-08 22:42:01.321 | INFO     | src.pipelines.train_vision_backbones:run_pipeline:193 - Evaluating resnet18_autoencoder_differential_lr on MWT
2026-02-08 22:42:02.066 | INFO     | src.models.evaluation:evaluate_tsb_ad_nonoverlapping:65 - Normal (67155) reconstruction error: mean=0.0547, std=0.0967
2026-02-08 22:42:02.066 | INFO     | src.models.evaluation:evaluate_tsb_ad_nonoverlapping:66 - Anomaly (345) reconstruction error: mean=0.1421, std=0.0999
2026-02-08 22:42:02.066 | INFO     | src.models.evaluation:evaluate_tsb_ad_nonoverlapping:67 - Overlap? Normal max=1.0000, Anomaly min=0.0107
2026-02-08 22:42:07.770 | INFO     | src.models.evaluation:evaluate_tsb_ad_nonoverlapping:83 - {'AUC-PR': 0.028684226192394077, 'AUC-ROC': 0.7733282186246614, 'VUS-PR': np.float64(0.03220264138151917), 'VUS-ROC': np.float64(0.8093033326473139), 'Standard-F1': np.float64(0.07789667956295253), 'PA-F1': 0.22330097087378642, 'Event-based-F1': np.float64(0.07453973955994604), 'R-based-F1': 0.07050631075003627, 'Affiliation-F': 0.696899800520344}
2026-02-08 22:42:07.931 | INFO     | src.pipelines.train_vision_backbones:run_pipeline:170 - Train images: 187
2026-02-08 22:42:07.931 | INFO     | src.pipelines.train_vision_backbones:run_pipeline:171 - Test images: 703
2026-02-08 22:42:08.870 | INFO     | src.pipelines.train_vision_backbones:run_pipeline:176 - Training pvt_autoencoder_frozen on MWT
2026-02-08 22:42:08.894 | INFO     | src.models.pvt_autoencoder.training:train_pvt_autoencoder_frozen:24 - Device: cuda | Model on: cuda:0
2026-02-08 22:42:43.065 | INFO     | src.pipelines.train_vision_backbones:run_pipeline:193 - Evaluating pvt_autoencoder_frozen on MWT
2026-02-08 22:42:43.507 | INFO     | src.models.evaluation:evaluate_tsb_ad_nonoverlapping:65 - Normal (67155) reconstruction error: mean=0.0683, std=0.1155
2026-02-08 22:42:43.507 | INFO     | src.models.evaluation:evaluate_tsb_ad_nonoverlapping:66 - Anomaly (345) reconstruction error: mean=0.1913, std=0.1143
2026-02-08 22:42:43.507 | INFO     | src.models.evaluation:evaluate_tsb_ad_nonoverlapping:67 - Overlap? Normal max=1.0000, Anomaly min=0.0128
2026-02-08 22:42:49.438 | INFO     | src.models.evaluation:evaluate_tsb_ad_nonoverlapping:83 - {'AUC-PR': 0.032918917773256236, 'AUC-ROC': 0.7825393557409368, 'VUS-PR': np.float64(0.03657264926754007), 'VUS-ROC': np.float64(0.81399284113083), 'Standard-F1': np.float64(0.10054382812448097), 'PA-F1': 0.19861830742659758, 'Event-based-F1': np.float64(0.09863339275103972), 'R-based-F1': 0.07834393184143951, 'Affiliation-F': 0.6674412060936992}
2026-02-08 22:42:49.594 | INFO     | src.pipelines.train_vision_backbones:run_pipeline:170 - Train images: 187
2026-02-08 22:42:49.594 | INFO     | src.pipelines.train_vision_backbones:run_pipeline:171 - Test images: 703
2026-02-08 22:42:50.531 | INFO     | src.pipelines.train_vision_backbones:run_pipeline:176 - Training pvt_autoencoder_progressive_unfreeze on MWT
2026-02-08 22:42:50.555 | INFO     | src.models.pvt_autoencoder.training:train_pvt_autoencoder_progressive_unfreeze:132 - Device: cuda | Model on: cuda:0
2026-02-08 22:43:32.549 | INFO     | src.pipelines.train_vision_backbones:run_pipeline:193 - Evaluating pvt_autoencoder_progressive_unfreeze on MWT
2026-02-08 22:43:32.988 | INFO     | src.models.evaluation:evaluate_tsb_ad_nonoverlapping:65 - Normal (67155) reconstruction error: mean=0.0654, std=0.1103
2026-02-08 22:43:32.988 | INFO     | src.models.evaluation:evaluate_tsb_ad_nonoverlapping:66 - Anomaly (345) reconstruction error: mean=0.2512, std=0.1593
2026-02-08 22:43:32.988 | INFO     | src.models.evaluation:evaluate_tsb_ad_nonoverlapping:67 - Overlap? Normal max=1.0000, Anomaly min=0.0143
2026-02-08 22:43:38.949 | INFO     | src.models.evaluation:evaluate_tsb_ad_nonoverlapping:83 - {'AUC-PR': 0.05129557208172316, 'AUC-ROC': 0.7964119994950034, 'VUS-PR': np.float64(0.059817064368103724), 'VUS-ROC': np.float64(0.8328404628134943), 'Standard-F1': np.float64(0.13798663332756844), 'PA-F1': 0.35276073619631904, 'Event-based-F1': np.float64(0.13798836242726503), 'R-based-F1': 0.10072349684244043, 'Affiliation-F': 0.7465734189668514}
2026-02-08 22:43:39.110 | INFO     | src.pipelines.train_vision_backbones:run_pipeline:170 - Train images: 187
2026-02-08 22:43:39.110 | INFO     | src.pipelines.train_vision_backbones:run_pipeline:171 - Test images: 703
2026-02-08 22:43:40.048 | INFO     | src.pipelines.train_vision_backbones:run_pipeline:176 - Training pvt_autoencoder_differential_lr on MWT
2026-02-08 22:43:40.072 | INFO     | src.models.pvt_autoencoder.training:train_pvt_autoencoder_differential_lr:267 - Device: cuda | Model on: cuda:0
2026-02-08 22:44:23.463 | INFO     | src.pipelines.train_vision_backbones:run_pipeline:193 - Evaluating pvt_autoencoder_differential_lr on MWT
2026-02-08 22:44:23.895 | INFO     | src.models.evaluation:evaluate_tsb_ad_nonoverlapping:65 - Normal (67155) reconstruction error: mean=0.0295, std=0.0727
2026-02-08 22:44:23.896 | INFO     | src.models.evaluation:evaluate_tsb_ad_nonoverlapping:66 - Anomaly (345) reconstruction error: mean=0.0605, std=0.0382
2026-02-08 22:44:23.896 | INFO     | src.models.evaluation:evaluate_tsb_ad_nonoverlapping:67 - Overlap? Normal max=1.0000, Anomaly min=0.0053
2026-02-08 22:44:29.177 | INFO     | src.models.evaluation:evaluate_tsb_ad_nonoverlapping:83 - {'AUC-PR': 0.025402210649115617, 'AUC-ROC': 0.768268930087112, 'VUS-PR': np.float64(0.02860635713950881), 'VUS-ROC': np.float64(0.800838743258843), 'Standard-F1': np.float64(0.07562543076526393), 'PA-F1': 0.1590594744121715, 'Event-based-F1': np.float64(0.07348384240814512), 'R-based-F1': 0.051563662807490904, 'Affiliation-F': 0.6888413177532061}
2026-02-08 22:44:29.657 | INFO     | src.pipelines.train_vision_backbones:run_pipeline:70 - Using zip: /net/scratch/hscra/plgrid/plgsmendowski12/ts2i_images/UCR/494_UCR_id_192_Facility_tr_22500_1st_72150_ts2i_SPIRAL.zip for transformation SPIRAL
2026-02-08 22:44:30.626 | INFO     | src.pipelines.train_vision_backbones:run_pipeline:170 - Train images: 187
2026-02-08 22:44:30.626 | INFO     | src.pipelines.train_vision_backbones:run_pipeline:171 - Test images: 703
2026-02-08 22:44:30.632 | INFO     | src.pipelines.train_vision_backbones:run_pipeline:176 - Training cnn_autoencoder on SPIRAL
2026-02-08 22:44:30.637 | INFO     | src.models.cnn_autoencoder.training:train_autoencoder:22 - Device: cuda | Model on: cuda:0
2026-02-08 22:45:07.164 | INFO     | src.pipelines.train_vision_backbones:run_pipeline:193 - Evaluating cnn_autoencoder on SPIRAL
2026-02-08 22:45:07.716 | INFO     | src.models.evaluation:evaluate_tsb_ad_nonoverlapping:65 - Normal (67155) reconstruction error: mean=0.2377, std=0.1549
2026-02-08 22:45:07.716 | INFO     | src.models.evaluation:evaluate_tsb_ad_nonoverlapping:66 - Anomaly (345) reconstruction error: mean=0.5774, std=0.0762
2026-02-08 22:45:07.717 | INFO     | src.models.evaluation:evaluate_tsb_ad_nonoverlapping:67 - Overlap? Normal max=1.0000, Anomaly min=0.4588
2026-02-08 22:45:16.569 | INFO     | src.models.evaluation:evaluate_tsb_ad_nonoverlapping:83 - {'AUC-PR': 0.2737387461572244, 'AUC-ROC': 0.9744691223742606, 'VUS-PR': np.float64(0.22609825520346094), 'VUS-ROC': np.float64(0.9762804384590089), 'Standard-F1': np.float64(0.40919151278634364), 'PA-F1': 0.782312925170068, 'Event-based-F1': np.float64(0.4999999999999996), 'R-based-F1': 0.3726993865030675, 'Affiliation-F': 0.8541771857710246}
2026-02-08 22:45:16.873 | INFO     | src.pipelines.train_vision_backbones:run_pipeline:170 - Train images: 187
2026-02-08 22:45:16.873 | INFO     | src.pipelines.train_vision_backbones:run_pipeline:171 - Test images: 703
2026-02-08 22:45:17.084 | INFO     | src.pipelines.train_vision_backbones:run_pipeline:176 - Training resnet18_autoencoder_frozen on SPIRAL
2026-02-08 22:45:17.098 | INFO     | src.models.resnet18_autoencoder.training:train_autoencoder_frozen:25 - Device: cuda | Model on: cuda:0
2026-02-08 22:45:46.381 | INFO     | src.pipelines.train_vision_backbones:run_pipeline:193 - Evaluating resnet18_autoencoder_frozen on SPIRAL
2026-02-08 22:45:47.217 | INFO     | src.models.evaluation:evaluate_tsb_ad_nonoverlapping:65 - Normal (67155) reconstruction error: mean=0.0176, std=0.0430
2026-02-08 22:45:47.218 | INFO     | src.models.evaluation:evaluate_tsb_ad_nonoverlapping:66 - Anomaly (345) reconstruction error: mean=0.0735, std=0.0265
2026-02-08 22:45:47.218 | INFO     | src.models.evaluation:evaluate_tsb_ad_nonoverlapping:67 - Overlap? Normal max=1.0000, Anomaly min=0.0368
2026-02-08 22:45:52.287 | INFO     | src.models.evaluation:evaluate_tsb_ad_nonoverlapping:83 - {'AUC-PR': 0.08014564395665709, 'AUC-ROC': 0.9626102494877199, 'VUS-PR': np.float64(0.0817838079242414), 'VUS-ROC': np.float64(0.9639510011021436), 'Standard-F1': np.float64(0.1818161084747635), 'PA-F1': 0.3392330383480826, 'Event-based-F1': np.float64(0.18071065989847696), 'R-based-F1': 0.12512041869760887, 'Affiliation-F': 0.7486771340273264}
2026-02-08 22:45:52.447 | INFO     | src.pipelines.train_vision_backbones:run_pipeline:170 - Train images: 187
2026-02-08 22:45:52.447 | INFO     | src.pipelines.train_vision_backbones:run_pipeline:171 - Test images: 703
2026-02-08 22:45:52.657 | INFO     | src.pipelines.train_vision_backbones:run_pipeline:176 - Training resnet18_autoencoder_progressive_unfreeze on SPIRAL
2026-02-08 22:45:52.671 | INFO     | src.models.resnet18_autoencoder.training:train_autoencoder_progressive_unfreeze:133 - Device: cuda | Model on: cuda:0
2026-02-08 22:46:20.732 | INFO     | src.pipelines.train_vision_backbones:run_pipeline:193 - Evaluating resnet18_autoencoder_progressive_unfreeze on SPIRAL
2026-02-08 22:46:21.329 | INFO     | src.models.evaluation:evaluate_tsb_ad_nonoverlapping:65 - Normal (67155) reconstruction error: mean=0.0331, std=0.0571
2026-02-08 22:46:21.329 | INFO     | src.models.evaluation:evaluate_tsb_ad_nonoverlapping:66 - Anomaly (345) reconstruction error: mean=0.1581, std=0.0847
2026-02-08 22:46:21.329 | INFO     | src.models.evaluation:evaluate_tsb_ad_nonoverlapping:67 - Overlap? Normal max=1.0000, Anomaly min=0.0673
2026-02-08 22:46:26.620 | INFO     | src.models.evaluation:evaluate_tsb_ad_nonoverlapping:83 - {'AUC-PR': 0.10955365965556182, 'AUC-ROC': 0.9684775325091531, 'VUS-PR': np.float64(0.11318273690319959), 'VUS-ROC': np.float64(0.9702005735919568), 'Standard-F1': np.float64(0.24410763684693662), 'PA-F1': 0.49891540130151846, 'Event-based-F1': np.float64(0.27872860635696795), 'R-based-F1': 0.23024615683127103, 'Affiliation-F': 0.7648085389924775}
2026-02-08 22:46:26.880 | INFO     | src.pipelines.train_vision_backbones:run_pipeline:170 - Train images: 187
2026-02-08 22:46:26.880 | INFO     | src.pipelines.train_vision_backbones:run_pipeline:171 - Test images: 703
2026-02-08 22:46:27.091 | INFO     | src.pipelines.train_vision_backbones:run_pipeline:176 - Training resnet18_autoencoder_differential_lr on SPIRAL
2026-02-08 22:46:27.105 | INFO     | src.models.resnet18_autoencoder.training:train_autoencoder_differential_lr:271 - Device: cuda | Model on: cuda:0
2026-02-08 22:47:01.332 | INFO     | src.pipelines.train_vision_backbones:run_pipeline:193 - Evaluating resnet18_autoencoder_differential_lr on SPIRAL
2026-02-08 22:47:02.094 | INFO     | src.models.evaluation:evaluate_tsb_ad_nonoverlapping:65 - Normal (67155) reconstruction error: mean=0.0524, std=0.0591
2026-02-08 22:47:02.094 | INFO     | src.models.evaluation:evaluate_tsb_ad_nonoverlapping:66 - Anomaly (345) reconstruction error: mean=0.2751, std=0.0549
2026-02-08 22:47:02.094 | INFO     | src.models.evaluation:evaluate_tsb_ad_nonoverlapping:67 - Overlap? Normal max=1.0000, Anomaly min=0.1960
2026-02-08 22:47:07.695 | INFO     | src.models.evaluation:evaluate_tsb_ad_nonoverlapping:83 - {'AUC-PR': 0.198271535228057, 'AUC-ROC': 0.9875089102757086, 'VUS-PR': np.float64(0.21998052971900808), 'VUS-ROC': np.float64(0.9876436241986603), 'Standard-F1': np.float64(0.3811526047067251), 'PA-F1': 0.5450236966824644, 'Event-based-F1': np.float64(0.3763213530655388), 'R-based-F1': 0.23905558288243975, 'Affiliation-F': 0.7117404005382358}
2026-02-08 22:47:07.855 | INFO     | src.pipelines.train_vision_backbones:run_pipeline:170 - Train images: 187
2026-02-08 22:47:07.856 | INFO     | src.pipelines.train_vision_backbones:run_pipeline:171 - Test images: 703
2026-02-08 22:47:08.801 | INFO     | src.pipelines.train_vision_backbones:run_pipeline:176 - Training pvt_autoencoder_frozen on SPIRAL
2026-02-08 22:47:08.825 | INFO     | src.models.pvt_autoencoder.training:train_pvt_autoencoder_frozen:24 - Device: cuda | Model on: cuda:0
2026-02-08 22:47:40.668 | INFO     | src.pipelines.train_vision_backbones:run_pipeline:193 - Evaluating pvt_autoencoder_frozen on SPIRAL
2026-02-08 22:47:41.081 | INFO     | src.models.evaluation:evaluate_tsb_ad_nonoverlapping:65 - Normal (67155) reconstruction error: mean=0.0103, std=0.0515
2026-02-08 22:47:41.081 | INFO     | src.models.evaluation:evaluate_tsb_ad_nonoverlapping:66 - Anomaly (345) reconstruction error: mean=0.0351, std=0.0129
2026-02-08 22:47:41.081 | INFO     | src.models.evaluation:evaluate_tsb_ad_nonoverlapping:67 - Overlap? Normal max=1.0000, Anomaly min=0.0219
2026-02-08 22:47:45.962 | INFO     | src.models.evaluation:evaluate_tsb_ad_nonoverlapping:83 - {'AUC-PR': 0.10685369883739448, 'AUC-ROC': 0.9744691223742608, 'VUS-PR': np.float64(0.10204501295154877), 'VUS-ROC': np.float64(0.9736136868921911), 'Standard-F1': np.float64(0.22617285401279813), 'PA-F1': 0.3392330383480826, 'Event-based-F1': np.float64(0.1964133219470536), 'R-based-F1': 0.17401331795791314, 'Affiliation-F': 0.7150873940663638}
2026-02-08 22:47:46.113 | INFO     | src.pipelines.train_vision_backbones:run_pipeline:170 - Train images: 187
2026-02-08 22:47:46.113 | INFO     | src.pipelines.train_vision_backbones:run_pipeline:171 - Test images: 703
2026-02-08 22:47:47.053 | INFO     | src.pipelines.train_vision_backbones:run_pipeline:176 - Training pvt_autoencoder_progressive_unfreeze on SPIRAL
2026-02-08 22:47:47.077 | INFO     | src.models.pvt_autoencoder.training:train_pvt_autoencoder_progressive_unfreeze:132 - Device: cuda | Model on: cuda:0
2026-02-08 22:48:37.816 | INFO     | src.pipelines.train_vision_backbones:run_pipeline:193 - Evaluating pvt_autoencoder_progressive_unfreeze on SPIRAL
2026-02-08 22:48:38.241 | INFO     | src.models.evaluation:evaluate_tsb_ad_nonoverlapping:65 - Normal (67155) reconstruction error: mean=0.0612, std=0.0793
2026-02-08 22:48:38.241 | INFO     | src.models.evaluation:evaluate_tsb_ad_nonoverlapping:66 - Anomaly (345) reconstruction error: mean=0.4429, std=0.1571
2026-02-08 22:48:38.241 | INFO     | src.models.evaluation:evaluate_tsb_ad_nonoverlapping:67 - Overlap? Normal max=1.0000, Anomaly min=0.1564
2026-02-08 22:48:44.073 | INFO     | src.models.evaluation:evaluate_tsb_ad_nonoverlapping:83 - {'AUC-PR': 0.30359895221308264, 'AUC-ROC': 0.9858804906235736, 'VUS-PR': np.float64(0.41437139169599746), 'VUS-ROC': np.float64(0.9874151927009548), 'Standard-F1': np.float64(0.5797998748375959), 'PA-F1': 0.7055214723926381, 'Event-based-F1': np.float64(0.6334519572953732), 'R-based-F1': 0.4487563094479802, 'Affiliation-F': 0.8541771857710246}
2026-02-08 22:48:44.232 | INFO     | src.pipelines.train_vision_backbones:run_pipeline:170 - Train images: 187
2026-02-08 22:48:44.232 | INFO     | src.pipelines.train_vision_backbones:run_pipeline:171 - Test images: 703
2026-02-08 22:48:45.177 | INFO     | src.pipelines.train_vision_backbones:run_pipeline:176 - Training pvt_autoencoder_differential_lr on SPIRAL
2026-02-08 22:48:45.201 | INFO     | src.models.pvt_autoencoder.training:train_pvt_autoencoder_differential_lr:267 - Device: cuda | Model on: cuda:0
2026-02-08 22:49:24.509 | INFO     | src.pipelines.train_vision_backbones:run_pipeline:193 - Evaluating pvt_autoencoder_differential_lr on SPIRAL
2026-02-08 22:49:24.929 | INFO     | src.models.evaluation:evaluate_tsb_ad_nonoverlapping:65 - Normal (67155) reconstruction error: mean=0.0488, std=0.0550
2026-02-08 22:49:24.930 | INFO     | src.models.evaluation:evaluate_tsb_ad_nonoverlapping:66 - Anomaly (345) reconstruction error: mean=0.2612, std=0.1197
2026-02-08 22:49:24.930 | INFO     | src.models.evaluation:evaluate_tsb_ad_nonoverlapping:67 - Overlap? Normal max=1.0000, Anomaly min=0.0703
2026-02-08 22:49:30.486 | INFO     | src.models.evaluation:evaluate_tsb_ad_nonoverlapping:83 - {'AUC-PR': 0.221030128536922, 'AUC-ROC': 0.9700810907925532, 'VUS-PR': np.float64(0.2272812991692629), 'VUS-ROC': np.float64(0.9729377803075338), 'Standard-F1': np.float64(0.44168326635910954), 'PA-F1': 0.7055214723926381, 'Event-based-F1': np.float64(0.472148541114058), 'R-based-F1': 0.3726993865030675, 'Affiliation-F': 0.7510183672659112}
2026-02-08 22:49:30.960 | INFO     | src.pipelines.train_vision_backbones:run_pipeline:70 - Using zip: /net/scratch/hscra/plgrid/plgsmendowski12/ts2i_images/UCR/500_UCR_id_198_Facility_tr_7482_1st_23357_ts2i_RN.zip for transformation RN
2026-02-08 22:49:32.007 | INFO     | src.pipelines.train_vision_backbones:run_pipeline:170 - Train images: 186
2026-02-08 22:49:32.008 | INFO     | src.pipelines.train_vision_backbones:run_pipeline:171 - Test images: 701
2026-02-08 22:49:32.014 | INFO     | src.pipelines.train_vision_backbones:run_pipeline:176 - Training cnn_autoencoder on RN
2026-02-08 22:49:32.019 | INFO     | src.models.cnn_autoencoder.training:train_autoencoder:22 - Device: cuda | Model on: cuda:0
2026-02-08 22:50:09.424 | INFO     | src.pipelines.train_vision_backbones:run_pipeline:193 - Evaluating cnn_autoencoder on RN
2026-02-08 22:50:10.144 | INFO     | src.models.evaluation:evaluate_tsb_ad_nonoverlapping:65 - Normal (22089) reconstruction error: mean=0.5908, std=0.4684
2026-02-08 22:50:10.144 | INFO     | src.models.evaluation:evaluate_tsb_ad_nonoverlapping:66 - Anomaly (360) reconstruction error: mean=0.9678, std=0.0178
2026-02-08 22:50:10.144 | INFO     | src.models.evaluation:evaluate_tsb_ad_nonoverlapping:67 - Overlap? Normal max=1.0000, Anomaly min=0.9509
2026-02-08 22:50:15.865 | INFO     | src.models.evaluation:evaluate_tsb_ad_nonoverlapping:83 - {'AUC-PR': 0.04072431708611034, 'AUC-ROC': 0.7024079355737647, 'VUS-PR': np.float64(0.05790954025517804), 'VUS-ROC': np.float64(0.7485097024287445), 'Standard-F1': np.float64(0.12366279055001787), 'PA-F1': 0.35070628348757915, 'Event-based-F1': np.float64(0.10114632501685762), 'R-based-F1': 0.06617249738497613, 'Affiliation-F': 0.8774711487192537}
2026-02-08 22:50:16.020 | INFO     | src.pipelines.train_vision_backbones:run_pipeline:170 - Train images: 186
2026-02-08 22:50:16.021 | INFO     | src.pipelines.train_vision_backbones:run_pipeline:171 - Test images: 701
2026-02-08 22:50:16.233 | INFO     | src.pipelines.train_vision_backbones:run_pipeline:176 - Training resnet18_autoencoder_frozen on RN
2026-02-08 22:50:16.246 | INFO     | src.models.resnet18_autoencoder.training:train_autoencoder_frozen:25 - Device: cuda | Model on: cuda:0
2026-02-08 22:50:51.807 | INFO     | src.pipelines.train_vision_backbones:run_pipeline:193 - Evaluating resnet18_autoencoder_frozen on RN
2026-02-08 22:50:52.492 | INFO     | src.models.evaluation:evaluate_tsb_ad_nonoverlapping:65 - Normal (22089) reconstruction error: mean=0.5703, std=0.4432
2026-02-08 22:50:52.492 | INFO     | src.models.evaluation:evaluate_tsb_ad_nonoverlapping:66 - Anomaly (360) reconstruction error: mean=0.9094, std=0.0206
2026-02-08 22:50:52.492 | INFO     | src.models.evaluation:evaluate_tsb_ad_nonoverlapping:67 - Overlap? Normal max=1.0000, Anomaly min=0.8546
2026-02-08 22:50:58.088 | INFO     | src.models.evaluation:evaluate_tsb_ad_nonoverlapping:83 - {'AUC-PR': 0.023201169800861322, 'AUC-ROC': 0.6091760101810353, 'VUS-PR': np.float64(0.02715962224523376), 'VUS-ROC': np.float64(0.6373310274773686), 'Standard-F1': np.float64(0.06275507105593613), 'PA-F1': 0.08468595624558928, 'Event-based-F1': np.float64(0.05787843592721635), 'R-based-F1': 0.05762025218100743, 'Affiliation-F': 0.8725174888458268}
2026-02-08 22:50:58.245 | INFO     | src.pipelines.train_vision_backbones:run_pipeline:170 - Train images: 186
2026-02-08 22:50:58.245 | INFO     | src.pipelines.train_vision_backbones:run_pipeline:171 - Test images: 701
2026-02-08 22:50:58.454 | INFO     | src.pipelines.train_vision_backbones:run_pipeline:176 - Training resnet18_autoencoder_progressive_unfreeze on RN
2026-02-08 22:50:58.468 | INFO     | src.models.resnet18_autoencoder.training:train_autoencoder_progressive_unfreeze:133 - Device: cuda | Model on: cuda:0
2026-02-08 22:51:46.599 | INFO     | src.pipelines.train_vision_backbones:run_pipeline:193 - Evaluating resnet18_autoencoder_progressive_unfreeze on RN
2026-02-08 22:51:47.433 | INFO     | src.models.evaluation:evaluate_tsb_ad_nonoverlapping:65 - Normal (22089) reconstruction error: mean=0.5532, std=0.4423
2026-02-08 22:51:47.433 | INFO     | src.models.evaluation:evaluate_tsb_ad_nonoverlapping:66 - Anomaly (360) reconstruction error: mean=0.9066, std=0.0245
2026-02-08 22:51:47.433 | INFO     | src.models.evaluation:evaluate_tsb_ad_nonoverlapping:67 - Overlap? Normal max=1.0000, Anomaly min=0.8657
2026-02-08 22:51:52.974 | INFO     | src.models.evaluation:evaluate_tsb_ad_nonoverlapping:83 - {'AUC-PR': 0.03342977909328392, 'AUC-ROC': 0.6924828094426084, 'VUS-PR': np.float64(0.03847827959451845), 'VUS-ROC': np.float64(0.7243856011725702), 'Standard-F1': np.float64(0.07670902742357935), 'PA-F1': 0.2694610778443114, 'Event-based-F1': np.float64(0.07159412825135197), 'R-based-F1': 0.07264156077385649, 'Affiliation-F': 0.817916893741909}
2026-02-08 22:51:53.132 | INFO     | src.pipelines.train_vision_backbones:run_pipeline:170 - Train images: 186
2026-02-08 22:51:53.132 | INFO     | src.pipelines.train_vision_backbones:run_pipeline:171 - Test images: 701
2026-02-08 22:51:53.345 | INFO     | src.pipelines.train_vision_backbones:run_pipeline:176 - Training resnet18_autoencoder_differential_lr on RN
2026-02-08 22:51:53.358 | INFO     | src.models.resnet18_autoencoder.training:train_autoencoder_differential_lr:271 - Device: cuda | Model on: cuda:0
2026-02-08 22:52:31.128 | INFO     | src.pipelines.train_vision_backbones:run_pipeline:193 - Evaluating resnet18_autoencoder_differential_lr on RN
2026-02-08 22:52:31.604 | INFO     | src.models.evaluation:evaluate_tsb_ad_nonoverlapping:65 - Normal (22089) reconstruction error: mean=0.5772, std=0.4597
2026-02-08 22:52:31.604 | INFO     | src.models.evaluation:evaluate_tsb_ad_nonoverlapping:66 - Anomaly (360) reconstruction error: mean=0.9541, std=0.0123
2026-02-08 22:52:31.604 | INFO     | src.models.evaluation:evaluate_tsb_ad_nonoverlapping:67 - Overlap? Normal max=1.0000, Anomaly min=0.9390
2026-02-08 22:52:37.256 | INFO     | src.models.evaluation:evaluate_tsb_ad_nonoverlapping:83 - {'AUC-PR': 0.0435801833070419, 'AUC-ROC': 0.7814216226276528, 'VUS-PR': np.float64(0.050776180155470474), 'VUS-ROC': np.float64(0.8031699416348981), 'Standard-F1': np.float64(0.0985484562588926), 'PA-F1': 0.16393442622950818, 'Event-based-F1': np.float64(0.0734214390602055), 'R-based-F1': 0.06526806526806528, 'Affiliation-F': 0.8559879497437561}
2026-02-08 22:52:37.410 | INFO     | src.pipelines.train_vision_backbones:run_pipeline:170 - Train images: 186
2026-02-08 22:52:37.410 | INFO     | src.pipelines.train_vision_backbones:run_pipeline:171 - Test images: 701
2026-02-08 22:52:38.349 | INFO     | src.pipelines.train_vision_backbones:run_pipeline:176 - Training pvt_autoencoder_frozen on RN
2026-02-08 22:52:38.373 | INFO     | src.models.pvt_autoencoder.training:train_pvt_autoencoder_frozen:24 - Device: cuda | Model on: cuda:0
2026-02-08 22:53:21.346 | INFO     | src.pipelines.train_vision_backbones:run_pipeline:193 - Evaluating pvt_autoencoder_frozen on RN
2026-02-08 22:53:21.764 | INFO     | src.models.evaluation:evaluate_tsb_ad_nonoverlapping:65 - Normal (22089) reconstruction error: mean=0.5503, std=0.4366
2026-02-08 22:53:21.764 | INFO     | src.models.evaluation:evaluate_tsb_ad_nonoverlapping:66 - Anomaly (360) reconstruction error: mean=0.8905, std=0.0344
2026-02-08 22:53:21.764 | INFO     | src.models.evaluation:evaluate_tsb_ad_nonoverlapping:67 - Overlap? Normal max=1.0000, Anomaly min=0.8421
2026-02-08 22:53:27.232 | INFO     | src.models.evaluation:evaluate_tsb_ad_nonoverlapping:83 - {'AUC-PR': 0.028682305484622996, 'AUC-ROC': 0.6699573945805102, 'VUS-PR': np.float64(0.03611560087655661), 'VUS-ROC': np.float64(0.7119758129685629), 'Standard-F1': np.float64(0.06669707822376388), 'PA-F1': 0.2054794520547945, 'Event-based-F1': np.float64(0.06325369738339016), 'R-based-F1': 0.07126139987399559, 'Affiliation-F': 0.817916893741909}
2026-02-08 22:53:27.385 | INFO     | src.pipelines.train_vision_backbones:run_pipeline:170 - Train images: 186
2026-02-08 22:53:27.385 | INFO     | src.pipelines.train_vision_backbones:run_pipeline:171 - Test images: 701
2026-02-08 22:53:28.322 | INFO     | src.pipelines.train_vision_backbones:run_pipeline:176 - Training pvt_autoencoder_progressive_unfreeze on RN
2026-02-08 22:53:28.346 | INFO     | src.models.pvt_autoencoder.training:train_pvt_autoencoder_progressive_unfreeze:132 - Device: cuda | Model on: cuda:0
2026-02-08 22:54:33.434 | INFO     | src.pipelines.train_vision_backbones:run_pipeline:193 - Evaluating pvt_autoencoder_progressive_unfreeze on RN
2026-02-08 22:54:44.392 | INFO     | src.models.evaluation:evaluate_tsb_ad_nonoverlapping:65 - Normal (22089) reconstruction error: mean=0.5685, std=0.4531
2026-02-08 22:54:44.392 | INFO     | src.models.evaluation:evaluate_tsb_ad_nonoverlapping:66 - Anomaly (360) reconstruction error: mean=0.9512, std=0.0344
2026-02-08 22:54:44.392 | INFO     | src.models.evaluation:evaluate_tsb_ad_nonoverlapping:67 - Overlap? Normal max=1.0000, Anomaly min=0.8931
2026-02-08 22:54:50.033 | INFO     | src.models.evaluation:evaluate_tsb_ad_nonoverlapping:83 - {'AUC-PR': 0.08630936171445266, 'AUC-ROC': 0.7917982052404162, 'VUS-PR': np.float64(0.1012254243780614), 'VUS-ROC': np.float64(0.8324976741567912), 'Standard-F1': np.float64(0.22856653071719893), 'PA-F1': 0.45454545454545453, 'Event-based-F1': np.float64(0.18181818181818163), 'R-based-F1': 0.12299465240641712, 'Affiliation-F': 0.8797459009196196}
2026-02-08 22:54:50.271 | INFO     | src.pipelines.train_vision_backbones:run_pipeline:170 - Train images: 186
2026-02-08 22:54:50.271 | INFO     | src.pipelines.train_vision_backbones:run_pipeline:171 - Test images: 701
2026-02-08 22:54:51.299 | INFO     | src.pipelines.train_vision_backbones:run_pipeline:176 - Training pvt_autoencoder_differential_lr on RN
2026-02-08 22:54:51.322 | INFO     | src.models.pvt_autoencoder.training:train_pvt_autoencoder_differential_lr:267 - Device: cuda | Model on: cuda:0
2026-02-08 22:55:40.535 | INFO     | src.pipelines.train_vision_backbones:run_pipeline:193 - Evaluating pvt_autoencoder_differential_lr on RN
2026-02-08 22:55:41.212 | INFO     | src.models.evaluation:evaluate_tsb_ad_nonoverlapping:65 - Normal (22089) reconstruction error: mean=0.5648, std=0.4457
2026-02-08 22:55:41.212 | INFO     | src.models.evaluation:evaluate_tsb_ad_nonoverlapping:66 - Anomaly (360) reconstruction error: mean=0.9297, std=0.0195
2026-02-08 22:55:41.212 | INFO     | src.models.evaluation:evaluate_tsb_ad_nonoverlapping:67 - Overlap? Normal max=1.0000, Anomaly min=0.8982
2026-02-08 22:55:46.823 | INFO     | src.models.evaluation:evaluate_tsb_ad_nonoverlapping:83 - {'AUC-PR': 0.04803674680578751, 'AUC-ROC': 0.7772767742616988, 'VUS-PR': np.float64(0.05459944371613108), 'VUS-ROC': np.float64(0.8038194881115318), 'Standard-F1': np.float64(0.10480033571040873), 'PA-F1': 0.24324324324324326, 'Event-based-F1': np.float64(0.07894736842105254), 'R-based-F1': 0.06720233747260775, 'Affiliation-F': 0.8415554764811403}
2026-02-08 22:55:47.189 | INFO     | src.pipelines.train_vision_backbones:run_pipeline:70 - Using zip: /net/scratch/hscra/plgrid/plgsmendowski12/ts2i_images/UCR/500_UCR_id_198_Facility_tr_7482_1st_23357_ts2i_LP.zip for transformation LP
2026-02-08 22:55:48.146 | INFO     | src.pipelines.train_vision_backbones:run_pipeline:170 - Train images: 186
2026-02-08 22:55:48.146 | INFO     | src.pipelines.train_vision_backbones:run_pipeline:171 - Test images: 701
2026-02-08 22:55:48.153 | INFO     | src.pipelines.train_vision_backbones:run_pipeline:176 - Training cnn_autoencoder on LP
2026-02-08 22:55:48.157 | INFO     | src.models.cnn_autoencoder.training:train_autoencoder:22 - Device: cuda | Model on: cuda:0
2026-02-08 22:56:24.555 | INFO     | src.pipelines.train_vision_backbones:run_pipeline:193 - Evaluating cnn_autoencoder on LP
2026-02-08 22:56:25.080 | INFO     | src.models.evaluation:evaluate_tsb_ad_nonoverlapping:65 - Normal (22089) reconstruction error: mean=0.4089, std=0.2222
2026-02-08 22:56:25.080 | INFO     | src.models.evaluation:evaluate_tsb_ad_nonoverlapping:66 - Anomaly (360) reconstruction error: mean=0.2217, std=0.0984
2026-02-08 22:56:25.080 | INFO     | src.models.evaluation:evaluate_tsb_ad_nonoverlapping:67 - Overlap? Normal max=1.0000, Anomaly min=0.0569
2026-02-08 22:56:29.846 | INFO     | src.models.evaluation:evaluate_tsb_ad_nonoverlapping:83 - {'AUC-PR': 0.01063608355947221, 'AUC-ROC': 0.23513765021302707, 'VUS-PR': np.float64(0.011335977899243814), 'VUS-ROC': np.float64(0.25292412358696936), 'Standard-F1': np.float64(0.032015337068169336), 'PA-F1': 0.05897771952817824, 'Event-based-F1': np.float64(0.03197016118289593), 'R-based-F1': 0.14414938341429287, 'Affiliation-F': 0.6662051969212148}
2026-02-08 22:56:30.003 | INFO     | src.pipelines.train_vision_backbones:run_pipeline:170 - Train images: 186
2026-02-08 22:56:30.003 | INFO     | src.pipelines.train_vision_backbones:run_pipeline:171 - Test images: 701
2026-02-08 22:56:30.280 | INFO     | src.pipelines.train_vision_backbones:run_pipeline:176 - Training resnet18_autoencoder_frozen on LP
2026-02-08 22:56:30.293 | INFO     | src.models.resnet18_autoencoder.training:train_autoencoder_frozen:25 - Device: cuda | Model on: cuda:0
2026-02-08 22:57:02.083 | INFO     | src.pipelines.train_vision_backbones:run_pipeline:193 - Evaluating resnet18_autoencoder_frozen on LP
2026-02-08 22:57:02.650 | INFO     | src.models.evaluation:evaluate_tsb_ad_nonoverlapping:65 - Normal (22089) reconstruction error: mean=0.4188, std=0.1984
2026-02-08 22:57:02.650 | INFO     | src.models.evaluation:evaluate_tsb_ad_nonoverlapping:66 - Anomaly (360) reconstruction error: mean=0.2121, std=0.0881
2026-02-08 22:57:02.650 | INFO     | src.models.evaluation:evaluate_tsb_ad_nonoverlapping:67 - Overlap? Normal max=1.0000, Anomaly min=0.0685
2026-02-08 22:57:07.428 | INFO     | src.models.evaluation:evaluate_tsb_ad_nonoverlapping:83 - {'AUC-PR': 0.010027812772541996, 'AUC-ROC': 0.1777892213821862, 'VUS-PR': np.float64(0.010920828071761528), 'VUS-ROC': np.float64(0.21087069176482362), 'Standard-F1': np.float64(0.03219860095638852), 'PA-F1': 0.058722779544898455, 'Event-based-F1': np.float64(0.03197016118289593), 'R-based-F1': 0.12906145543359646, 'Affiliation-F': 0.6661979569663327}
2026-02-08 22:57:07.581 | INFO     | src.pipelines.train_vision_backbones:run_pipeline:170 - Train images: 186
2026-02-08 22:57:07.581 | INFO     | src.pipelines.train_vision_backbones:run_pipeline:171 - Test images: 701
2026-02-08 22:57:07.797 | INFO     | src.pipelines.train_vision_backbones:run_pipeline:176 - Training resnet18_autoencoder_progressive_unfreeze on LP
2026-02-08 22:57:07.811 | INFO     | src.models.resnet18_autoencoder.training:train_autoencoder_progressive_unfreeze:133 - Device: cuda | Model on: cuda:0
2026-02-08 22:57:33.328 | INFO     | src.pipelines.train_vision_backbones:run_pipeline:193 - Evaluating resnet18_autoencoder_progressive_unfreeze on LP
2026-02-08 22:57:33.893 | INFO     | src.models.evaluation:evaluate_tsb_ad_nonoverlapping:65 - Normal (22089) reconstruction error: mean=0.3998, std=0.2199
2026-02-08 22:57:33.894 | INFO     | src.models.evaluation:evaluate_tsb_ad_nonoverlapping:66 - Anomaly (360) reconstruction error: mean=0.1874, std=0.0707
2026-02-08 22:57:33.894 | INFO     | src.models.evaluation:evaluate_tsb_ad_nonoverlapping:67 - Overlap? Normal max=1.0000, Anomaly min=0.0936
2026-02-08 22:57:38.593 | INFO     | src.models.evaluation:evaluate_tsb_ad_nonoverlapping:83 - {'AUC-PR': 0.010192791342638612, 'AUC-ROC': 0.19149199450706988, 'VUS-PR': np.float64(0.011098436646078352), 'VUS-ROC': np.float64(0.21722567061734274), 'Standard-F1': np.float64(0.03295312914559375), 'PA-F1': 0.052079566003616636, 'Event-based-F1': np.float64(0.03280929596719066), 'R-based-F1': 0.11758245942105212, 'Affiliation-F': 0.6662051969212148}
2026-02-08 22:57:38.760 | INFO     | src.pipelines.train_vision_backbones:run_pipeline:170 - Train images: 186
2026-02-08 22:57:38.760 | INFO     | src.pipelines.train_vision_backbones:run_pipeline:171 - Test images: 701
2026-02-08 22:57:38.973 | INFO     | src.pipelines.train_vision_backbones:run_pipeline:176 - Training resnet18_autoencoder_differential_lr on LP
2026-02-08 22:57:38.987 | INFO     | src.models.resnet18_autoencoder.training:train_autoencoder_differential_lr:271 - Device: cuda | Model on: cuda:0
2026-02-08 22:58:14.912 | INFO     | src.pipelines.train_vision_backbones:run_pipeline:193 - Evaluating resnet18_autoencoder_differential_lr on LP
2026-02-08 22:58:15.381 | INFO     | src.models.evaluation:evaluate_tsb_ad_nonoverlapping:65 - Normal (22089) reconstruction error: mean=0.3877, std=0.2010
2026-02-08 22:58:15.381 | INFO     | src.models.evaluation:evaluate_tsb_ad_nonoverlapping:66 - Anomaly (360) reconstruction error: mean=0.2008, std=0.1044
2026-02-08 22:58:15.381 | INFO     | src.models.evaluation:evaluate_tsb_ad_nonoverlapping:67 - Overlap? Normal max=1.0000, Anomaly min=0.0375
2026-02-08 22:58:20.047 | INFO     | src.models.evaluation:evaluate_tsb_ad_nonoverlapping:83 - {'AUC-PR': 0.010286400503739693, 'AUC-ROC': 0.21100032192997017, 'VUS-PR': np.float64(0.01151852244784337), 'VUS-ROC': np.float64(0.24893754120927292), 'Standard-F1': np.float64(0.03169959557035187), 'PA-F1': 0.05674653215636822, 'Event-based-F1': np.float64(0.031655308859089876), 'R-based-F1': 0.1599342486183785, 'Affiliation-F': 0.6664605414285999}
2026-02-08 22:58:20.203 | INFO     | src.pipelines.train_vision_backbones:run_pipeline:170 - Train images: 186
2026-02-08 22:58:20.203 | INFO     | src.pipelines.train_vision_backbones:run_pipeline:171 - Test images: 701
2026-02-08 22:58:21.140 | INFO     | src.pipelines.train_vision_backbones:run_pipeline:176 - Training pvt_autoencoder_frozen on LP
2026-02-08 22:58:21.164 | INFO     | src.models.pvt_autoencoder.training:train_pvt_autoencoder_frozen:24 - Device: cuda | Model on: cuda:0
2026-02-08 22:58:57.158 | INFO     | src.pipelines.train_vision_backbones:run_pipeline:193 - Evaluating pvt_autoencoder_frozen on LP
2026-02-08 22:58:57.547 | INFO     | src.models.evaluation:evaluate_tsb_ad_nonoverlapping:65 - Normal (22089) reconstruction error: mean=0.4059, std=0.2251
2026-02-08 22:58:57.548 | INFO     | src.models.evaluation:evaluate_tsb_ad_nonoverlapping:66 - Anomaly (360) reconstruction error: mean=0.1921, std=0.0806
2026-02-08 22:58:57.548 | INFO     | src.models.evaluation:evaluate_tsb_ad_nonoverlapping:67 - Overlap? Normal max=1.0000, Anomaly min=0.0916
2026-02-08 22:59:02.339 | INFO     | src.models.evaluation:evaluate_tsb_ad_nonoverlapping:83 - {'AUC-PR': 0.01016343984894703, 'AUC-ROC': 0.1881600193157982, 'VUS-PR': np.float64(0.011059658898058265), 'VUS-ROC': np.float64(0.20146781168010802), 'Standard-F1': np.float64(0.03309855740475402), 'PA-F1': 0.06382978723404255, 'Event-based-F1': np.float64(0.03309888291270166), 'R-based-F1': 0.1334026016087129, 'Affiliation-F': 0.6661979569663327}
2026-02-08 22:59:02.950 | INFO     | src.pipelines.train_vision_backbones:run_pipeline:170 - Train images: 186
2026-02-08 22:59:02.951 | INFO     | src.pipelines.train_vision_backbones:run_pipeline:171 - Test images: 701
2026-02-08 22:59:03.934 | INFO     | src.pipelines.train_vision_backbones:run_pipeline:176 - Training pvt_autoencoder_progressive_unfreeze on LP
2026-02-08 22:59:03.958 | INFO     | src.models.pvt_autoencoder.training:train_pvt_autoencoder_progressive_unfreeze:132 - Device: cuda | Model on: cuda:0
2026-02-08 22:59:51.359 | INFO     | src.pipelines.train_vision_backbones:run_pipeline:193 - Evaluating pvt_autoencoder_progressive_unfreeze on LP
2026-02-08 23:00:04.047 | INFO     | src.models.evaluation:evaluate_tsb_ad_nonoverlapping:65 - Normal (22089) reconstruction error: mean=0.3833, std=0.2442
2026-02-08 23:00:04.047 | INFO     | src.models.evaluation:evaluate_tsb_ad_nonoverlapping:66 - Anomaly (360) reconstruction error: mean=0.1901, std=0.0954
2026-02-08 23:00:04.047 | INFO     | src.models.evaluation:evaluate_tsb_ad_nonoverlapping:67 - Overlap? Normal max=1.0000, Anomaly min=0.0396
2026-02-08 23:00:08.752 | INFO     | src.models.evaluation:evaluate_tsb_ad_nonoverlapping:83 - {'AUC-PR': 0.011096732496839653, 'AUC-ROC': 0.2621033093394902, 'VUS-PR': np.float64(0.011961908487889132), 'VUS-ROC': np.float64(0.2853410232413986), 'Standard-F1': np.float64(0.032152588568756336), 'PA-F1': 0.056890012642225034, 'Event-based-F1': np.float64(0.03187956608368382), 'R-based-F1': 0.11110935934580284, 'Affiliation-F': 0.6662051969212148}
2026-02-08 23:00:08.990 | INFO     | src.pipelines.train_vision_backbones:run_pipeline:170 - Train images: 186
2026-02-08 23:00:08.990 | INFO     | src.pipelines.train_vision_backbones:run_pipeline:171 - Test images: 701
2026-02-08 23:00:10.035 | INFO     | src.pipelines.train_vision_backbones:run_pipeline:176 - Training pvt_autoencoder_differential_lr on LP
2026-02-08 23:00:10.060 | INFO     | src.models.pvt_autoencoder.training:train_pvt_autoencoder_differential_lr:267 - Device: cuda | Model on: cuda:0
2026-02-08 23:00:55.152 | INFO     | src.pipelines.train_vision_backbones:run_pipeline:193 - Evaluating pvt_autoencoder_differential_lr on LP
2026-02-08 23:00:55.777 | INFO     | src.models.evaluation:evaluate_tsb_ad_nonoverlapping:65 - Normal (22089) reconstruction error: mean=0.3681, std=0.2171
2026-02-08 23:00:55.777 | INFO     | src.models.evaluation:evaluate_tsb_ad_nonoverlapping:66 - Anomaly (360) reconstruction error: mean=0.1519, std=0.0841
2026-02-08 23:00:55.777 | INFO     | src.models.evaluation:evaluate_tsb_ad_nonoverlapping:67 - Overlap? Normal max=1.0000, Anomaly min=0.0074
2026-02-08 23:01:00.249 | INFO     | src.models.evaluation:evaluate_tsb_ad_nonoverlapping:83 - {'AUC-PR': 0.010060978127159548, 'AUC-ROC': 0.18131095920040646, 'VUS-PR': np.float64(0.010942275412868999), 'VUS-ROC': np.float64(0.20427165950803927), 'Standard-F1': np.float64(0.03161052438287522), 'PA-F1': 0.04983388704318937, 'Event-based-F1': np.float64(0.03161083549194359), 'R-based-F1': 0.23794226788717085, 'Affiliation-F': 0.6662051969212148}
2026-02-08 23:01:00.622 | INFO     | src.pipelines.train_vision_backbones:run_pipeline:70 - Using zip: /net/scratch/hscra/plgrid/plgsmendowski12/ts2i_images/UCR/500_UCR_id_198_Facility_tr_7482_1st_23357_ts2i_SG.zip for transformation SG
2026-02-08 23:01:01.597 | INFO     | src.pipelines.train_vision_backbones:run_pipeline:170 - Train images: 186
2026-02-08 23:01:01.597 | INFO     | src.pipelines.train_vision_backbones:run_pipeline:171 - Test images: 701
2026-02-08 23:01:01.604 | INFO     | src.pipelines.train_vision_backbones:run_pipeline:176 - Training cnn_autoencoder on SG
2026-02-08 23:01:01.608 | INFO     | src.models.cnn_autoencoder.training:train_autoencoder:22 - Device: cuda | Model on: cuda:0
2026-02-08 23:01:26.911 | INFO     | src.pipelines.train_vision_backbones:run_pipeline:193 - Evaluating cnn_autoencoder on SG
2026-02-08 23:01:27.655 | INFO     | src.models.evaluation:evaluate_tsb_ad_nonoverlapping:65 - Normal (22089) reconstruction error: mean=0.1069, std=0.1361
2026-02-08 23:01:27.655 | INFO     | src.models.evaluation:evaluate_tsb_ad_nonoverlapping:66 - Anomaly (360) reconstruction error: mean=0.0710, std=0.0295
2026-02-08 23:01:27.655 | INFO     | src.models.evaluation:evaluate_tsb_ad_nonoverlapping:67 - Overlap? Normal max=1.0000, Anomaly min=0.0177
2026-02-08 23:01:30.682 | INFO     | src.models.evaluation:evaluate_tsb_ad_nonoverlapping:83 - {'AUC-PR': 0.017100056947515874, 'AUC-ROC': 0.5173810745418785, 'VUS-PR': np.float64(0.018448830962080647), 'VUS-ROC': np.float64(0.5440745590194456), 'Standard-F1': np.float64(0.043933890337306866), 'PA-F1': 0.10809187809638192, 'Event-based-F1': np.float64(0.04068136272545086), 'R-based-F1': 0.07223528525539276, 'Affiliation-F': 0.6662486350000081}
2026-02-08 23:01:30.832 | INFO     | src.pipelines.train_vision_backbones:run_pipeline:170 - Train images: 186
2026-02-08 23:01:30.832 | INFO     | src.pipelines.train_vision_backbones:run_pipeline:171 - Test images: 701
2026-02-08 23:01:31.108 | INFO     | src.pipelines.train_vision_backbones:run_pipeline:176 - Training resnet18_autoencoder_frozen on SG
2026-02-08 23:01:31.122 | INFO     | src.models.resnet18_autoencoder.training:train_autoencoder_frozen:25 - Device: cuda | Model on: cuda:0
2026-02-08 23:01:47.668 | INFO     | src.pipelines.train_vision_backbones:run_pipeline:193 - Evaluating resnet18_autoencoder_frozen on SG
2026-02-08 23:01:48.224 | INFO     | src.models.evaluation:evaluate_tsb_ad_nonoverlapping:65 - Normal (22089) reconstruction error: mean=0.1306, std=0.1453
2026-02-08 23:01:48.224 | INFO     | src.models.evaluation:evaluate_tsb_ad_nonoverlapping:66 - Anomaly (360) reconstruction error: mean=0.2029, std=0.1518
2026-02-08 23:01:48.224 | INFO     | src.models.evaluation:evaluate_tsb_ad_nonoverlapping:67 - Overlap? Normal max=1.0000, Anomaly min=0.0357
2026-02-08 23:01:51.413 | INFO     | src.models.evaluation:evaluate_tsb_ad_nonoverlapping:83 - {'AUC-PR': 0.0344166477060176, 'AUC-ROC': 0.6947322951091796, 'VUS-PR': np.float64(0.03614688537206586), 'VUS-ROC': np.float64(0.7127957313113131), 'Standard-F1': np.float64(0.0842078671199857), 'PA-F1': 0.5421686746987951, 'Event-based-F1': np.float64(0.0999999999999999), 'R-based-F1': 0.1015820149875104, 'Affiliation-F': 0.6664259777949579}
2026-02-08 23:01:51.566 | INFO     | src.pipelines.train_vision_backbones:run_pipeline:170 - Train images: 186
2026-02-08 23:01:51.566 | INFO     | src.pipelines.train_vision_backbones:run_pipeline:171 - Test images: 701
2026-02-08 23:01:51.778 | INFO     | src.pipelines.train_vision_backbones:run_pipeline:176 - Training resnet18_autoencoder_progressive_unfreeze on SG
2026-02-08 23:01:51.792 | INFO     | src.models.resnet18_autoencoder.training:train_autoencoder_progressive_unfreeze:133 - Device: cuda | Model on: cuda:0
2026-02-08 23:02:15.652 | INFO     | src.pipelines.train_vision_backbones:run_pipeline:193 - Evaluating resnet18_autoencoder_progressive_unfreeze on SG
2026-02-08 23:02:16.222 | INFO     | src.models.evaluation:evaluate_tsb_ad_nonoverlapping:65 - Normal (22089) reconstruction error: mean=0.0919, std=0.1207
2026-02-08 23:02:16.223 | INFO     | src.models.evaluation:evaluate_tsb_ad_nonoverlapping:66 - Anomaly (360) reconstruction error: mean=0.1310, std=0.1006
2026-02-08 23:02:16.223 | INFO     | src.models.evaluation:evaluate_tsb_ad_nonoverlapping:67 - Overlap? Normal max=1.0000, Anomaly min=0.0120
2026-02-08 23:02:19.179 | INFO     | src.models.evaluation:evaluate_tsb_ad_nonoverlapping:83 - {'AUC-PR': 0.03210406122494018, 'AUC-ROC': 0.6606646847852877, 'VUS-PR': np.float64(0.03247355280985317), 'VUS-ROC': np.float64(0.6726158127919765), 'Standard-F1': np.float64(0.07724021499971478), 'PA-F1': 0.391304347826087, 'Event-based-F1': np.float64(0.08333333333333325), 'R-based-F1': 0.12354430379746836, 'Affiliation-F': 0.666310167435275}
2026-02-08 23:02:19.338 | INFO     | src.pipelines.train_vision_backbones:run_pipeline:170 - Train images: 186
2026-02-08 23:02:19.339 | INFO     | src.pipelines.train_vision_backbones:run_pipeline:171 - Test images: 701
2026-02-08 23:02:19.551 | INFO     | src.pipelines.train_vision_backbones:run_pipeline:176 - Training resnet18_autoencoder_differential_lr on SG
2026-02-08 23:02:19.565 | INFO     | src.models.resnet18_autoencoder.training:train_autoencoder_differential_lr:271 - Device: cuda | Model on: cuda:0
2026-02-08 23:02:43.011 | INFO     | src.pipelines.train_vision_backbones:run_pipeline:193 - Evaluating resnet18_autoencoder_differential_lr on SG
2026-02-08 23:02:43.466 | INFO     | src.models.evaluation:evaluate_tsb_ad_nonoverlapping:65 - Normal (22089) reconstruction error: mean=0.0620, std=0.0907
2026-02-08 23:02:43.466 | INFO     | src.models.evaluation:evaluate_tsb_ad_nonoverlapping:66 - Anomaly (360) reconstruction error: mean=0.0612, std=0.0256
2026-02-08 23:02:43.467 | INFO     | src.models.evaluation:evaluate_tsb_ad_nonoverlapping:67 - Overlap? Normal max=1.0000, Anomaly min=0.0218
2026-02-08 23:02:46.197 | INFO     | src.models.evaluation:evaluate_tsb_ad_nonoverlapping:83 - {'AUC-PR': 0.02262895331805944, 'AUC-ROC': 0.6421024039114491, 'VUS-PR': np.float64(0.023455119869156132), 'VUS-ROC': np.float64(0.6496429081733402), 'Standard-F1': np.float64(0.057705227663840834), 'PA-F1': 0.22842639593908629, 'Event-based-F1': np.float64(0.05589162477634825), 'R-based-F1': 0.1041510481743718, 'Affiliation-F': 0.6664585458348891}
2026-02-08 23:02:46.350 | INFO     | src.pipelines.train_vision_backbones:run_pipeline:170 - Train images: 186
2026-02-08 23:02:46.350 | INFO     | src.pipelines.train_vision_backbones:run_pipeline:171 - Test images: 701
2026-02-08 23:02:47.425 | INFO     | src.pipelines.train_vision_backbones:run_pipeline:176 - Training pvt_autoencoder_frozen on SG
2026-02-08 23:02:47.449 | INFO     | src.models.pvt_autoencoder.training:train_pvt_autoencoder_frozen:24 - Device: cuda | Model on: cuda:0
2026-02-08 23:03:08.113 | INFO     | src.pipelines.train_vision_backbones:run_pipeline:193 - Evaluating pvt_autoencoder_frozen on SG
2026-02-08 23:03:08.515 | INFO     | src.models.evaluation:evaluate_tsb_ad_nonoverlapping:65 - Normal (22089) reconstruction error: mean=0.1534, std=0.1527
2026-02-08 23:03:08.515 | INFO     | src.models.evaluation:evaluate_tsb_ad_nonoverlapping:66 - Anomaly (360) reconstruction error: mean=0.3255, std=0.2284
2026-02-08 23:03:08.515 | INFO     | src.models.evaluation:evaluate_tsb_ad_nonoverlapping:67 - Overlap? Normal max=1.0000, Anomaly min=0.0483
2026-02-08 23:03:11.835 | INFO     | src.models.evaluation:evaluate_tsb_ad_nonoverlapping:83 - {'AUC-PR': 0.07113875814633334, 'AUC-ROC': 0.7859960462975538, 'VUS-PR': np.float64(0.06496014199512593), 'VUS-ROC': np.float64(0.8023861351386884), 'Standard-F1': np.float64(0.14158812765851067), 'PA-F1': 0.8823529411764706, 'Event-based-F1': np.float64(0.39999999999999963), 'R-based-F1': 0.2601279317697229, 'Affiliation-F': 0.6663318834098444}
2026-02-08 23:03:11.987 | INFO     | src.pipelines.train_vision_backbones:run_pipeline:170 - Train images: 186
2026-02-08 23:03:11.987 | INFO     | src.pipelines.train_vision_backbones:run_pipeline:171 - Test images: 701
2026-02-08 23:03:12.962 | INFO     | src.pipelines.train_vision_backbones:run_pipeline:176 - Training pvt_autoencoder_progressive_unfreeze on SG
2026-02-08 23:03:12.986 | INFO     | src.models.pvt_autoencoder.training:train_pvt_autoencoder_progressive_unfreeze:132 - Device: cuda | Model on: cuda:0
2026-02-08 23:03:23.818 | INFO     | src.pipelines.train_vision_backbones:run_pipeline:193 - Evaluating pvt_autoencoder_progressive_unfreeze on SG
2026-02-08 23:03:24.217 | INFO     | src.models.evaluation:evaluate_tsb_ad_nonoverlapping:65 - Normal (22089) reconstruction error: mean=0.1349, std=0.1278
2026-02-08 23:03:24.217 | INFO     | src.models.evaluation:evaluate_tsb_ad_nonoverlapping:66 - Anomaly (360) reconstruction error: mean=0.2737, std=0.2336
2026-02-08 23:03:24.217 | INFO     | src.models.evaluation:evaluate_tsb_ad_nonoverlapping:67 - Overlap? Normal max=1.0000, Anomaly min=0.0258
2026-02-08 23:03:27.421 | INFO     | src.models.evaluation:evaluate_tsb_ad_nonoverlapping:83 - {'AUC-PR': 0.0737986819221451, 'AUC-ROC': 0.6468538890649443, 'VUS-PR': np.float64(0.06860057544642952), 'VUS-ROC': np.float64(0.6756941085644506), 'Standard-F1': np.float64(0.16841839339378856), 'PA-F1': 0.8823529411764706, 'Event-based-F1': np.float64(0.39999999999999963), 'R-based-F1': 0.2601279317697229, 'Affiliation-F': 0.6666105089906633}
2026-02-08 23:03:27.577 | INFO     | src.pipelines.train_vision_backbones:run_pipeline:170 - Train images: 186
2026-02-08 23:03:27.577 | INFO     | src.pipelines.train_vision_backbones:run_pipeline:171 - Test images: 701
2026-02-08 23:03:28.545 | INFO     | src.pipelines.train_vision_backbones:run_pipeline:176 - Training pvt_autoencoder_differential_lr on SG
2026-02-08 23:03:28.569 | INFO     | src.models.pvt_autoencoder.training:train_pvt_autoencoder_differential_lr:267 - Device: cuda | Model on: cuda:0
2026-02-08 23:04:04.541 | INFO     | src.pipelines.train_vision_backbones:run_pipeline:193 - Evaluating pvt_autoencoder_differential_lr on SG
2026-02-08 23:04:04.931 | INFO     | src.models.evaluation:evaluate_tsb_ad_nonoverlapping:65 - Normal (22089) reconstruction error: mean=0.1350, std=0.1590
2026-02-08 23:04:04.931 | INFO     | src.models.evaluation:evaluate_tsb_ad_nonoverlapping:66 - Anomaly (360) reconstruction error: mean=0.0935, std=0.0371
2026-02-08 23:04:04.931 | INFO     | src.models.evaluation:evaluate_tsb_ad_nonoverlapping:67 - Overlap? Normal max=1.0000, Anomaly min=0.0279
2026-02-08 23:04:08.070 | INFO     | src.models.evaluation:evaluate_tsb_ad_nonoverlapping:83 - {'AUC-PR': 0.015844066352094364, 'AUC-ROC': 0.48929331341391646, 'VUS-PR': np.float64(0.016516193051370448), 'VUS-ROC': np.float64(0.4930265295555461), 'Standard-F1': np.float64(0.04358231827051328), 'PA-F1': 0.08348794063079777, 'Event-based-F1': np.float64(0.04357330224424361), 'R-based-F1': 0.12195523370638577, 'Affiliation-F': 0.6664440713468635}
2026-02-08 23:04:08.531 | INFO     | src.pipelines.train_vision_backbones:run_pipeline:70 - Using zip: /net/scratch/hscra/plgrid/plgsmendowski12/ts2i_images/UCR/500_UCR_id_198_Facility_tr_7482_1st_23357_ts2i_GASF.zip for transformation GASF
2026-02-08 23:04:09.509 | INFO     | src.pipelines.train_vision_backbones:run_pipeline:170 - Train images: 186
2026-02-08 23:04:09.509 | INFO     | src.pipelines.train_vision_backbones:run_pipeline:171 - Test images: 701
2026-02-08 23:04:09.515 | INFO     | src.pipelines.train_vision_backbones:run_pipeline:176 - Training cnn_autoencoder on GASF
2026-02-08 23:04:09.520 | INFO     | src.models.cnn_autoencoder.training:train_autoencoder:22 - Device: cuda | Model on: cuda:0
2026-02-08 23:04:44.220 | INFO     | src.pipelines.train_vision_backbones:run_pipeline:193 - Evaluating cnn_autoencoder on GASF
2026-02-08 23:04:44.801 | INFO     | src.models.evaluation:evaluate_tsb_ad_nonoverlapping:65 - Normal (22089) reconstruction error: mean=0.0812, std=0.0951
2026-02-08 23:04:44.801 | INFO     | src.models.evaluation:evaluate_tsb_ad_nonoverlapping:66 - Anomaly (360) reconstruction error: mean=0.4996, std=0.2516
2026-02-08 23:04:44.801 | INFO     | src.models.evaluation:evaluate_tsb_ad_nonoverlapping:67 - Overlap? Normal max=0.6026, Anomaly min=0.0459
2026-02-08 23:04:47.768 | INFO     | src.models.evaluation:evaluate_tsb_ad_nonoverlapping:83 - {'AUC-PR': 0.5526644700182003, 'AUC-ROC': 0.9492879814487855, 'VUS-PR': np.float64(0.5227526287434173), 'VUS-ROC': np.float64(0.9511368244141901), 'Standard-F1': np.float64(0.5245862940355358), 'PA-F1': 1.0, 'Event-based-F1': np.float64(0.9999999999999996), 'R-based-F1': 0.509933774834437, 'Affiliation-F': 0.9991359391717023}
2026-02-08 23:04:47.926 | INFO     | src.pipelines.train_vision_backbones:run_pipeline:170 - Train images: 186
2026-02-08 23:04:47.926 | INFO     | src.pipelines.train_vision_backbones:run_pipeline:171 - Test images: 701
2026-02-08 23:04:48.140 | INFO     | src.pipelines.train_vision_backbones:run_pipeline:176 - Training resnet18_autoencoder_frozen on GASF
2026-02-08 23:04:48.153 | INFO     | src.models.resnet18_autoencoder.training:train_autoencoder_frozen:25 - Device: cuda | Model on: cuda:0
2026-02-08 23:05:19.825 | INFO     | src.pipelines.train_vision_backbones:run_pipeline:193 - Evaluating resnet18_autoencoder_frozen on GASF
2026-02-08 23:05:20.451 | INFO     | src.models.evaluation:evaluate_tsb_ad_nonoverlapping:65 - Normal (22089) reconstruction error: mean=0.0971, std=0.0668
2026-02-08 23:05:20.451 | INFO     | src.models.evaluation:evaluate_tsb_ad_nonoverlapping:66 - Anomaly (360) reconstruction error: mean=0.5499, std=0.2399
2026-02-08 23:05:20.451 | INFO     | src.models.evaluation:evaluate_tsb_ad_nonoverlapping:67 - Overlap? Normal max=0.3794, Anomaly min=0.1266
2026-02-08 23:05:23.480 | INFO     | src.models.evaluation:evaluate_tsb_ad_nonoverlapping:83 - {'AUC-PR': 0.8622072122442945, 'AUC-ROC': 0.987356200421527, 'VUS-PR': np.float64(0.8369880395065193), 'VUS-ROC': np.float64(0.9883028785631742), 'Standard-F1': np.float64(0.8311639737170367), 'PA-F1': 1.0, 'Event-based-F1': np.float64(0.9999999999999996), 'R-based-F1': 0.5607675906183369, 'Affiliation-F': 0.9998771138004166}
2026-02-08 23:05:23.638 | INFO     | src.pipelines.train_vision_backbones:run_pipeline:170 - Train images: 186
2026-02-08 23:05:23.638 | INFO     | src.pipelines.train_vision_backbones:run_pipeline:171 - Test images: 701
2026-02-08 23:05:23.851 | INFO     | src.pipelines.train_vision_backbones:run_pipeline:176 - Training resnet18_autoencoder_progressive_unfreeze on GASF
2026-02-08 23:05:23.865 | INFO     | src.models.resnet18_autoencoder.training:train_autoencoder_progressive_unfreeze:133 - Device: cuda | Model on: cuda:0
2026-02-08 23:05:47.926 | INFO     | src.pipelines.train_vision_backbones:run_pipeline:193 - Evaluating resnet18_autoencoder_progressive_unfreeze on GASF
2026-02-08 23:05:48.539 | INFO     | src.models.evaluation:evaluate_tsb_ad_nonoverlapping:65 - Normal (22089) reconstruction error: mean=0.0710, std=0.0562
2026-02-08 23:05:48.539 | INFO     | src.models.evaluation:evaluate_tsb_ad_nonoverlapping:66 - Anomaly (360) reconstruction error: mean=0.5127, std=0.2520
2026-02-08 23:05:48.539 | INFO     | src.models.evaluation:evaluate_tsb_ad_nonoverlapping:67 - Overlap? Normal max=0.3222, Anomaly min=0.1219
2026-02-08 23:05:51.387 | INFO     | src.models.evaluation:evaluate_tsb_ad_nonoverlapping:83 - {'AUC-PR': 0.8084591845341377, 'AUC-ROC': 0.9878551918752924, 'VUS-PR': np.float64(0.7866486851704985), 'VUS-ROC': np.float64(0.9881260792245914), 'Standard-F1': np.float64(0.8311639737170367), 'PA-F1': 1.0, 'Event-based-F1': np.float64(0.9999999999999996), 'R-based-F1': 0.5607675906183369, 'Affiliation-F': 0.9998771138004166}
2026-02-08 23:05:51.544 | INFO     | src.pipelines.train_vision_backbones:run_pipeline:170 - Train images: 186
2026-02-08 23:05:51.544 | INFO     | src.pipelines.train_vision_backbones:run_pipeline:171 - Test images: 701
2026-02-08 23:05:51.756 | INFO     | src.pipelines.train_vision_backbones:run_pipeline:176 - Training resnet18_autoencoder_differential_lr on GASF
2026-02-08 23:05:51.770 | INFO     | src.models.resnet18_autoencoder.training:train_autoencoder_differential_lr:271 - Device: cuda | Model on: cuda:0
2026-02-08 23:06:17.623 | INFO     | src.pipelines.train_vision_backbones:run_pipeline:193 - Evaluating resnet18_autoencoder_differential_lr on GASF
2026-02-08 23:06:18.296 | INFO     | src.models.evaluation:evaluate_tsb_ad_nonoverlapping:65 - Normal (22089) reconstruction error: mean=0.0435, std=0.0392
2026-02-08 23:06:18.296 | INFO     | src.models.evaluation:evaluate_tsb_ad_nonoverlapping:66 - Anomaly (360) reconstruction error: mean=0.4763, std=0.2619
2026-02-08 23:06:18.296 | INFO     | src.models.evaluation:evaluate_tsb_ad_nonoverlapping:67 - Overlap? Normal max=0.2191, Anomaly min=0.0579
2026-02-08 23:06:20.988 | INFO     | src.models.evaluation:evaluate_tsb_ad_nonoverlapping:83 - {'AUC-PR': 0.8672061139135887, 'AUC-ROC': 0.9853401139833301, 'VUS-PR': np.float64(0.86779905817216), 'VUS-ROC': np.float64(0.986173794411713), 'Standard-F1': np.float64(0.8888839506447186), 'PA-F1': 1.0, 'Event-based-F1': np.float64(0.9999999999999996), 'R-based-F1': 0.6842105263157895, 'Affiliation-F': 0.9999087973212889}
2026-02-08 23:06:21.146 | INFO     | src.pipelines.train_vision_backbones:run_pipeline:170 - Train images: 186
2026-02-08 23:06:21.146 | INFO     | src.pipelines.train_vision_backbones:run_pipeline:171 - Test images: 701
2026-02-08 23:06:22.122 | INFO     | src.pipelines.train_vision_backbones:run_pipeline:176 - Training pvt_autoencoder_frozen on GASF
2026-02-08 23:06:22.146 | INFO     | src.models.pvt_autoencoder.training:train_pvt_autoencoder_frozen:24 - Device: cuda | Model on: cuda:0
2026-02-08 23:06:46.961 | INFO     | src.pipelines.train_vision_backbones:run_pipeline:193 - Evaluating pvt_autoencoder_frozen on GASF
2026-02-08 23:06:47.413 | INFO     | src.models.evaluation:evaluate_tsb_ad_nonoverlapping:65 - Normal (22089) reconstruction error: mean=0.0682, std=0.0572
2026-02-08 23:06:47.414 | INFO     | src.models.evaluation:evaluate_tsb_ad_nonoverlapping:66 - Anomaly (360) reconstruction error: mean=0.5393, std=0.2800
2026-02-08 23:06:47.414 | INFO     | src.models.evaluation:evaluate_tsb_ad_nonoverlapping:67 - Overlap? Normal max=0.3017, Anomaly min=0.0690
2026-02-08 23:06:50.306 | INFO     | src.models.evaluation:evaluate_tsb_ad_nonoverlapping:83 - {'AUC-PR': 0.7787206076902153, 'AUC-ROC': 0.9589780735509379, 'VUS-PR': np.float64(0.759506550784669), 'VUS-ROC': np.float64(0.9654111254147265), 'Standard-F1': np.float64(0.8311639737170367), 'PA-F1': 1.0, 'Event-based-F1': np.float64(0.9999999999999996), 'R-based-F1': 0.5607675906183369, 'Affiliation-F': 0.9998771138004166}
2026-02-08 23:06:50.460 | INFO     | src.pipelines.train_vision_backbones:run_pipeline:170 - Train images: 186
2026-02-08 23:06:50.460 | INFO     | src.pipelines.train_vision_backbones:run_pipeline:171 - Test images: 701
2026-02-08 23:06:51.439 | INFO     | src.pipelines.train_vision_backbones:run_pipeline:176 - Training pvt_autoencoder_progressive_unfreeze on GASF
2026-02-08 23:06:51.464 | INFO     | src.models.pvt_autoencoder.training:train_pvt_autoencoder_progressive_unfreeze:132 - Device: cuda | Model on: cuda:0
2026-02-08 23:07:18.611 | INFO     | src.pipelines.train_vision_backbones:run_pipeline:193 - Evaluating pvt_autoencoder_progressive_unfreeze on GASF
2026-02-08 23:07:19.061 | INFO     | src.models.evaluation:evaluate_tsb_ad_nonoverlapping:65 - Normal (22089) reconstruction error: mean=0.0479, std=0.0451
2026-02-08 23:07:19.061 | INFO     | src.models.evaluation:evaluate_tsb_ad_nonoverlapping:66 - Anomaly (360) reconstruction error: mean=0.5169, std=0.2861
2026-02-08 23:07:19.061 | INFO     | src.models.evaluation:evaluate_tsb_ad_nonoverlapping:67 - Overlap? Normal max=0.3192, Anomaly min=0.0362
2026-02-08 23:07:21.809 | INFO     | src.models.evaluation:evaluate_tsb_ad_nonoverlapping:83 - {'AUC-PR': 0.8303248667961294, 'AUC-ROC': 0.9443342840327764, 'VUS-PR': np.float64(0.7963765294496125), 'VUS-ROC': np.float64(0.9489421648937666), 'Standard-F1': np.float64(0.8470538408597597), 'PA-F1': 1.0, 'Event-based-F1': np.float64(0.9999999999999996), 'R-based-F1': 0.5842696629213484, 'Affiliation-F': 0.9998771138004166}
2026-02-08 23:07:21.968 | INFO     | src.pipelines.train_vision_backbones:run_pipeline:170 - Train images: 186
2026-02-08 23:07:21.968 | INFO     | src.pipelines.train_vision_backbones:run_pipeline:171 - Test images: 701
2026-02-08 23:07:22.941 | INFO     | src.pipelines.train_vision_backbones:run_pipeline:176 - Training pvt_autoencoder_differential_lr on GASF
2026-02-08 23:07:22.966 | INFO     | src.models.pvt_autoencoder.training:train_pvt_autoencoder_differential_lr:267 - Device: cuda | Model on: cuda:0
2026-02-08 23:08:00.326 | INFO     | src.pipelines.train_vision_backbones:run_pipeline:193 - Evaluating pvt_autoencoder_differential_lr on GASF
2026-02-08 23:08:00.772 | INFO     | src.models.evaluation:evaluate_tsb_ad_nonoverlapping:65 - Normal (22089) reconstruction error: mean=0.0583, std=0.0582
2026-02-08 23:08:00.772 | INFO     | src.models.evaluation:evaluate_tsb_ad_nonoverlapping:66 - Anomaly (360) reconstruction error: mean=0.5357, std=0.2581
2026-02-08 23:08:00.772 | INFO     | src.models.evaluation:evaluate_tsb_ad_nonoverlapping:67 - Overlap? Normal max=0.3526, Anomaly min=0.0391
2026-02-08 23:08:03.580 | INFO     | src.models.evaluation:evaluate_tsb_ad_nonoverlapping:83 - {'AUC-PR': 0.8580800284471218, 'AUC-ROC': 0.9728331346421799, 'VUS-PR': np.float64(0.8220172461035898), 'VUS-ROC': np.float64(0.974398150036027), 'Standard-F1': np.float64(0.8470538408597597), 'PA-F1': 1.0, 'Event-based-F1': np.float64(0.9999999999999996), 'R-based-F1': 0.5842696629213484, 'Affiliation-F': 0.9998771138004166}
2026-02-08 23:08:04.045 | INFO     | src.pipelines.train_vision_backbones:run_pipeline:70 - Using zip: /net/scratch/hscra/plgrid/plgsmendowski12/ts2i_images/UCR/500_UCR_id_198_Facility_tr_7482_1st_23357_ts2i_GADF.zip for transformation GADF
2026-02-08 23:08:05.028 | INFO     | src.pipelines.train_vision_backbones:run_pipeline:170 - Train images: 186
2026-02-08 23:08:05.029 | INFO     | src.pipelines.train_vision_backbones:run_pipeline:171 - Test images: 701
2026-02-08 23:08:05.035 | INFO     | src.pipelines.train_vision_backbones:run_pipeline:176 - Training cnn_autoencoder on GADF
2026-02-08 23:08:05.040 | INFO     | src.models.cnn_autoencoder.training:train_autoencoder:22 - Device: cuda | Model on: cuda:0
2026-02-08 23:08:39.815 | INFO     | src.pipelines.train_vision_backbones:run_pipeline:193 - Evaluating cnn_autoencoder on GADF
2026-02-08 23:08:40.382 | INFO     | src.models.evaluation:evaluate_tsb_ad_nonoverlapping:65 - Normal (22089) reconstruction error: mean=0.1851, std=0.1819
2026-02-08 23:08:40.382 | INFO     | src.models.evaluation:evaluate_tsb_ad_nonoverlapping:66 - Anomaly (360) reconstruction error: mean=0.5847, std=0.1631
2026-02-08 23:08:40.382 | INFO     | src.models.evaluation:evaluate_tsb_ad_nonoverlapping:67 - Overlap? Normal max=1.0000, Anomaly min=0.1150
2026-02-08 23:08:43.958 | INFO     | src.models.evaluation:evaluate_tsb_ad_nonoverlapping:83 - {'AUC-PR': 0.13733912048639157, 'AUC-ROC': 0.9306804291728914, 'VUS-PR': np.float64(0.13953040045833984), 'VUS-ROC': np.float64(0.9328156887136998), 'Standard-F1': np.float64(0.30379439195552455), 'PA-F1': 0.6164383561643836, 'Event-based-F1': np.float64(0.3043478260869562), 'R-based-F1': 0.2588084561178731, 'Affiliation-F': 0.6665598584537509}
2026-02-08 23:08:44.113 | INFO     | src.pipelines.train_vision_backbones:run_pipeline:170 - Train images: 186
2026-02-08 23:08:44.114 | INFO     | src.pipelines.train_vision_backbones:run_pipeline:171 - Test images: 701
2026-02-08 23:08:44.326 | INFO     | src.pipelines.train_vision_backbones:run_pipeline:176 - Training resnet18_autoencoder_frozen on GADF
2026-02-08 23:08:44.340 | INFO     | src.models.resnet18_autoencoder.training:train_autoencoder_frozen:25 - Device: cuda | Model on: cuda:0
2026-02-08 23:09:02.680 | INFO     | src.pipelines.train_vision_backbones:run_pipeline:193 - Evaluating resnet18_autoencoder_frozen on GADF
2026-02-08 23:09:03.589 | INFO     | src.models.evaluation:evaluate_tsb_ad_nonoverlapping:65 - Normal (22089) reconstruction error: mean=0.2091, std=0.2142
2026-02-08 23:09:03.589 | INFO     | src.models.evaluation:evaluate_tsb_ad_nonoverlapping:66 - Anomaly (360) reconstruction error: mean=0.2689, std=0.1268
2026-02-08 23:09:03.589 | INFO     | src.models.evaluation:evaluate_tsb_ad_nonoverlapping:67 - Overlap? Normal max=1.0000, Anomaly min=0.1007
2026-02-08 23:09:07.313 | INFO     | src.models.evaluation:evaluate_tsb_ad_nonoverlapping:83 - {'AUC-PR': 0.025874505280779468, 'AUC-ROC': 0.6842373780815992, 'VUS-PR': np.float64(0.028531986806815908), 'VUS-ROC': np.float64(0.7028136564300046), 'Standard-F1': np.float64(0.06407968630277712), 'PA-F1': 0.284247927358863, 'Event-based-F1': np.float64(0.06384676775738221), 'R-based-F1': 0.059240071132187315, 'Affiliation-F': 0.6662253326324464}
2026-02-08 23:09:07.465 | INFO     | src.pipelines.train_vision_backbones:run_pipeline:170 - Train images: 186
2026-02-08 23:09:07.465 | INFO     | src.pipelines.train_vision_backbones:run_pipeline:171 - Test images: 701
2026-02-08 23:09:07.675 | INFO     | src.pipelines.train_vision_backbones:run_pipeline:176 - Training resnet18_autoencoder_progressive_unfreeze on GADF
2026-02-08 23:09:07.689 | INFO     | src.models.resnet18_autoencoder.training:train_autoencoder_progressive_unfreeze:133 - Device: cuda | Model on: cuda:0
2026-02-08 23:09:35.389 | INFO     | src.pipelines.train_vision_backbones:run_pipeline:193 - Evaluating resnet18_autoencoder_progressive_unfreeze on GADF
2026-02-08 23:09:36.010 | INFO     | src.models.evaluation:evaluate_tsb_ad_nonoverlapping:65 - Normal (22089) reconstruction error: mean=0.1240, std=0.1354
2026-02-08 23:09:36.011 | INFO     | src.models.evaluation:evaluate_tsb_ad_nonoverlapping:66 - Anomaly (360) reconstruction error: mean=0.4413, std=0.2027
2026-02-08 23:09:36.011 | INFO     | src.models.evaluation:evaluate_tsb_ad_nonoverlapping:67 - Overlap? Normal max=1.0000, Anomaly min=0.1300
2026-02-08 23:09:39.213 | INFO     | src.models.evaluation:evaluate_tsb_ad_nonoverlapping:83 - {'AUC-PR': 0.19632494998283412, 'AUC-ROC': 0.9182619805735384, 'VUS-PR': np.float64(0.16871444419362053), 'VUS-ROC': np.float64(0.9184379240209176), 'Standard-F1': np.float64(0.2935731336546736), 'PA-F1': 0.9574468085106383, 'Event-based-F1': np.float64(0.6666666666666662), 'R-based-F1': 0.35158501440922196, 'Affiliation-F': 0.8557397515193997}
2026-02-08 23:09:39.375 | INFO     | src.pipelines.train_vision_backbones:run_pipeline:170 - Train images: 186
2026-02-08 23:09:39.375 | INFO     | src.pipelines.train_vision_backbones:run_pipeline:171 - Test images: 701
2026-02-08 23:09:39.587 | INFO     | src.pipelines.train_vision_backbones:run_pipeline:176 - Training resnet18_autoencoder_differential_lr on GADF
2026-02-08 23:09:39.601 | INFO     | src.models.resnet18_autoencoder.training:train_autoencoder_differential_lr:271 - Device: cuda | Model on: cuda:0
2026-02-08 23:10:10.767 | INFO     | src.pipelines.train_vision_backbones:run_pipeline:193 - Evaluating resnet18_autoencoder_differential_lr on GADF
2026-02-08 23:10:11.272 | INFO     | src.models.evaluation:evaluate_tsb_ad_nonoverlapping:65 - Normal (22089) reconstruction error: mean=0.0581, std=0.0658
2026-02-08 23:10:11.272 | INFO     | src.models.evaluation:evaluate_tsb_ad_nonoverlapping:66 - Anomaly (360) reconstruction error: mean=0.3868, std=0.3113
2026-02-08 23:10:11.273 | INFO     | src.models.evaluation:evaluate_tsb_ad_nonoverlapping:67 - Overlap? Normal max=0.4660, Anomaly min=0.0326
2026-02-08 23:10:14.015 | INFO     | src.models.evaluation:evaluate_tsb_ad_nonoverlapping:83 - {'AUC-PR': 0.49465653708731383, 'AUC-ROC': 0.9332041840835811, 'VUS-PR': np.float64(0.47902920809553434), 'VUS-ROC': np.float64(0.9349848654938204), 'Standard-F1': np.float64(0.579705608101038), 'PA-F1': 1.0, 'Event-based-F1': np.float64(0.9999999999999996), 'R-based-F1': 0.4265734265734266, 'Affiliation-F': 0.9995601681437692}
2026-02-08 23:10:14.170 | INFO     | src.pipelines.train_vision_backbones:run_pipeline:170 - Train images: 186
2026-02-08 23:10:14.171 | INFO     | src.pipelines.train_vision_backbones:run_pipeline:171 - Test images: 701
2026-02-08 23:10:15.107 | INFO     | src.pipelines.train_vision_backbones:run_pipeline:176 - Training pvt_autoencoder_frozen on GADF
2026-02-08 23:10:15.130 | INFO     | src.models.pvt_autoencoder.training:train_pvt_autoencoder_frozen:24 - Device: cuda | Model on: cuda:0
2026-02-08 23:10:40.969 | INFO     | src.pipelines.train_vision_backbones:run_pipeline:193 - Evaluating pvt_autoencoder_frozen on GADF
2026-02-08 23:10:41.415 | INFO     | src.models.evaluation:evaluate_tsb_ad_nonoverlapping:65 - Normal (22089) reconstruction error: mean=0.0981, std=0.1169
2026-02-08 23:10:41.415 | INFO     | src.models.evaluation:evaluate_tsb_ad_nonoverlapping:66 - Anomaly (360) reconstruction error: mean=0.4810, std=0.2806
2026-02-08 23:10:41.415 | INFO     | src.models.evaluation:evaluate_tsb_ad_nonoverlapping:67 - Overlap? Normal max=0.8549, Anomaly min=0.0318
2026-02-08 23:10:44.467 | INFO     | src.models.evaluation:evaluate_tsb_ad_nonoverlapping:83 - {'AUC-PR': 0.3363594799301854, 'AUC-ROC': 0.9099568161125949, 'VUS-PR': np.float64(0.29764057078445616), 'VUS-ROC': np.float64(0.9126136578865095), 'Standard-F1': np.float64(0.35668380872066435), 'PA-F1': 1.0, 'Event-based-F1': np.float64(0.9999999999999996), 'R-based-F1': 0.4265734265734266, 'Affiliation-F': 0.9982307734357436}
2026-02-08 23:10:44.620 | INFO     | src.pipelines.train_vision_backbones:run_pipeline:170 - Train images: 186
2026-02-08 23:10:44.620 | INFO     | src.pipelines.train_vision_backbones:run_pipeline:171 - Test images: 701
2026-02-08 23:10:45.566 | INFO     | src.pipelines.train_vision_backbones:run_pipeline:176 - Training pvt_autoencoder_progressive_unfreeze on GADF
2026-02-08 23:10:45.590 | INFO     | src.models.pvt_autoencoder.training:train_pvt_autoencoder_progressive_unfreeze:132 - Device: cuda | Model on: cuda:0
2026-02-08 23:11:22.042 | INFO     | src.pipelines.train_vision_backbones:run_pipeline:193 - Evaluating pvt_autoencoder_progressive_unfreeze on GADF
2026-02-08 23:11:22.494 | INFO     | src.models.evaluation:evaluate_tsb_ad_nonoverlapping:65 - Normal (22089) reconstruction error: mean=0.1256, std=0.1364
2026-02-08 23:11:22.494 | INFO     | src.models.evaluation:evaluate_tsb_ad_nonoverlapping:66 - Anomaly (360) reconstruction error: mean=0.4145, std=0.1544
2026-02-08 23:11:22.494 | INFO     | src.models.evaluation:evaluate_tsb_ad_nonoverlapping:67 - Overlap? Normal max=1.0000, Anomaly min=0.0583
2026-02-08 23:11:25.659 | INFO     | src.models.evaluation:evaluate_tsb_ad_nonoverlapping:83 - {'AUC-PR': 0.1527145592335102, 'AUC-ROC': 0.9234979954829202, 'VUS-PR': np.float64(0.13800108830082775), 'VUS-ROC': np.float64(0.9255285109578821), 'Standard-F1': np.float64(0.2648671024739916), 'PA-F1': 0.9574468085106383, 'Event-based-F1': np.float64(0.6666666666666662), 'R-based-F1': 0.35158501440922196, 'Affiliation-F': 0.8570867740187146}
2026-02-08 23:11:25.819 | INFO     | src.pipelines.train_vision_backbones:run_pipeline:170 - Train images: 186
2026-02-08 23:11:25.819 | INFO     | src.pipelines.train_vision_backbones:run_pipeline:171 - Test images: 701
2026-02-08 23:11:26.759 | INFO     | src.pipelines.train_vision_backbones:run_pipeline:176 - Training pvt_autoencoder_differential_lr on GADF
2026-02-08 23:11:26.784 | INFO     | src.models.pvt_autoencoder.training:train_pvt_autoencoder_differential_lr:267 - Device: cuda | Model on: cuda:0
2026-02-08 23:12:08.382 | INFO     | src.pipelines.train_vision_backbones:run_pipeline:193 - Evaluating pvt_autoencoder_differential_lr on GADF
2026-02-08 23:12:08.825 | INFO     | src.models.evaluation:evaluate_tsb_ad_nonoverlapping:65 - Normal (22089) reconstruction error: mean=0.1058, std=0.1189
2026-02-08 23:12:08.825 | INFO     | src.models.evaluation:evaluate_tsb_ad_nonoverlapping:66 - Anomaly (360) reconstruction error: mean=0.4527, std=0.2053
2026-02-08 23:12:08.825 | INFO     | src.models.evaluation:evaluate_tsb_ad_nonoverlapping:67 - Overlap? Normal max=1.0000, Anomaly min=0.0820
2026-02-08 23:12:11.888 | INFO     | src.models.evaluation:evaluate_tsb_ad_nonoverlapping:83 - {'AUC-PR': 0.23354251278414878, 'AUC-ROC': 0.9460129727717668, 'VUS-PR': np.float64(0.20964074659146), 'VUS-ROC': np.float64(0.9483546272944549), 'Standard-F1': np.float64(0.3298919333303867), 'PA-F1': 0.9574468085106383, 'Event-based-F1': np.float64(0.6666666666666662), 'R-based-F1': 0.403907210892137, 'Affiliation-F': 0.9033880627669821}
2026-02-08 23:12:12.353 | INFO     | src.pipelines.train_vision_backbones:run_pipeline:70 - Using zip: /net/scratch/hscra/plgrid/plgsmendowski12/ts2i_images/UCR/500_UCR_id_198_Facility_tr_7482_1st_23357_ts2i_MTF.zip for transformation MTF
2026-02-08 23:12:13.583 | INFO     | src.pipelines.train_vision_backbones:run_pipeline:170 - Train images: 186
2026-02-08 23:12:13.583 | INFO     | src.pipelines.train_vision_backbones:run_pipeline:171 - Test images: 701
2026-02-08 23:12:13.590 | INFO     | src.pipelines.train_vision_backbones:run_pipeline:176 - Training cnn_autoencoder on MTF
2026-02-08 23:12:13.594 | INFO     | src.models.cnn_autoencoder.training:train_autoencoder:22 - Device: cuda | Model on: cuda:0
2026-02-08 23:12:49.226 | INFO     | src.pipelines.train_vision_backbones:run_pipeline:193 - Evaluating cnn_autoencoder on MTF
2026-02-08 23:12:49.773 | INFO     | src.models.evaluation:evaluate_tsb_ad_nonoverlapping:65 - Normal (22089) reconstruction error: mean=0.0175, std=0.0119
2026-02-08 23:12:49.773 | INFO     | src.models.evaluation:evaluate_tsb_ad_nonoverlapping:66 - Anomaly (360) reconstruction error: mean=0.8234, std=0.1600
2026-02-08 23:12:49.773 | INFO     | src.models.evaluation:evaluate_tsb_ad_nonoverlapping:67 - Overlap? Normal max=0.8297, Anomaly min=0.0955
2026-02-08 23:12:52.336 | INFO     | src.models.evaluation:evaluate_tsb_ad_nonoverlapping:83 - {'AUC-PR': 0.994629432344276, 'AUC-ROC': 0.999939638130593, 'VUS-PR': np.float64(0.9976106211900325), 'VUS-ROC': np.float64(0.9999788468195598), 'Standard-F1': np.float64(0.9803320793084137), 'PA-F1': 1.0, 'Event-based-F1': np.float64(0.9999999999999996), 'R-based-F1': 0.9834519767120914, 'Affiliation-F': 0.9999236039356211}
2026-02-08 23:12:52.491 | INFO     | src.pipelines.train_vision_backbones:run_pipeline:170 - Train images: 186
2026-02-08 23:12:52.491 | INFO     | src.pipelines.train_vision_backbones:run_pipeline:171 - Test images: 701
2026-02-08 23:12:52.704 | INFO     | src.pipelines.train_vision_backbones:run_pipeline:176 - Training resnet18_autoencoder_frozen on MTF
2026-02-08 23:12:52.717 | INFO     | src.models.resnet18_autoencoder.training:train_autoencoder_frozen:25 - Device: cuda | Model on: cuda:0
2026-02-08 23:13:20.569 | INFO     | src.pipelines.train_vision_backbones:run_pipeline:193 - Evaluating resnet18_autoencoder_frozen on MTF
2026-02-08 23:13:21.164 | INFO     | src.models.evaluation:evaluate_tsb_ad_nonoverlapping:65 - Normal (22089) reconstruction error: mean=0.0462, std=0.0203
2026-02-08 23:13:21.164 | INFO     | src.models.evaluation:evaluate_tsb_ad_nonoverlapping:66 - Anomaly (360) reconstruction error: mean=0.8651, std=0.1435
2026-02-08 23:13:21.164 | INFO     | src.models.evaluation:evaluate_tsb_ad_nonoverlapping:67 - Overlap? Normal max=0.7492, Anomaly min=0.1803
2026-02-08 23:13:23.880 | INFO     | src.models.evaluation:evaluate_tsb_ad_nonoverlapping:83 - {'AUC-PR': 0.9974037247474747, 'AUC-ROC': 0.9999758552522371, 'VUS-PR': np.float64(0.9977855104841353), 'VUS-ROC': np.float64(0.9999807462437329), 'Standard-F1': np.float64(0.9803320793084137), 'PA-F1': 1.0, 'Event-based-F1': np.float64(0.9999999999999996), 'R-based-F1': 0.9834519767120914, 'Affiliation-F': 0.9999404788347804}
2026-02-08 23:13:24.037 | INFO     | src.pipelines.train_vision_backbones:run_pipeline:170 - Train images: 186
2026-02-08 23:13:24.037 | INFO     | src.pipelines.train_vision_backbones:run_pipeline:171 - Test images: 701
2026-02-08 23:13:24.248 | INFO     | src.pipelines.train_vision_backbones:run_pipeline:176 - Training resnet18_autoencoder_progressive_unfreeze on MTF
2026-02-08 23:13:24.262 | INFO     | src.models.resnet18_autoencoder.training:train_autoencoder_progressive_unfreeze:133 - Device: cuda | Model on: cuda:0
2026-02-08 23:13:52.781 | INFO     | src.pipelines.train_vision_backbones:run_pipeline:193 - Evaluating resnet18_autoencoder_progressive_unfreeze on MTF
2026-02-08 23:13:53.641 | INFO     | src.models.evaluation:evaluate_tsb_ad_nonoverlapping:65 - Normal (22089) reconstruction error: mean=0.0402, std=0.0213
2026-02-08 23:13:53.642 | INFO     | src.models.evaluation:evaluate_tsb_ad_nonoverlapping:66 - Anomaly (360) reconstruction error: mean=0.8682, std=0.1449
2026-02-08 23:13:53.642 | INFO     | src.models.evaluation:evaluate_tsb_ad_nonoverlapping:67 - Overlap? Normal max=0.7747, Anomaly min=0.1783
2026-02-08 23:13:56.357 | INFO     | src.models.evaluation:evaluate_tsb_ad_nonoverlapping:83 - {'AUC-PR': 0.9974037247474746, 'AUC-ROC': 0.9999758552522371, 'VUS-PR': np.float64(0.9977855104841353), 'VUS-ROC': np.float64(0.9999807462437329), 'Standard-F1': np.float64(0.9803320793084137), 'PA-F1': 1.0, 'Event-based-F1': np.float64(0.9999999999999996), 'R-based-F1': 0.9834519767120914, 'Affiliation-F': 0.9999404788347804}
2026-02-08 23:13:56.515 | INFO     | src.pipelines.train_vision_backbones:run_pipeline:170 - Train images: 186
2026-02-08 23:13:56.515 | INFO     | src.pipelines.train_vision_backbones:run_pipeline:171 - Test images: 701
2026-02-08 23:13:56.725 | INFO     | src.pipelines.train_vision_backbones:run_pipeline:176 - Training resnet18_autoencoder_differential_lr on MTF
2026-02-08 23:13:56.738 | INFO     | src.models.resnet18_autoencoder.training:train_autoencoder_differential_lr:271 - Device: cuda | Model on: cuda:0
2026-02-08 23:14:25.113 | INFO     | src.pipelines.train_vision_backbones:run_pipeline:193 - Evaluating resnet18_autoencoder_differential_lr on MTF
2026-02-08 23:14:25.594 | INFO     | src.models.evaluation:evaluate_tsb_ad_nonoverlapping:65 - Normal (22089) reconstruction error: mean=0.0437, std=0.0215
2026-02-08 23:14:25.594 | INFO     | src.models.evaluation:evaluate_tsb_ad_nonoverlapping:66 - Anomaly (360) reconstruction error: mean=0.8715, std=0.1439
2026-02-08 23:14:25.594 | INFO     | src.models.evaluation:evaluate_tsb_ad_nonoverlapping:67 - Overlap? Normal max=0.7519, Anomaly min=0.1973
2026-02-08 23:14:28.279 | INFO     | src.models.evaluation:evaluate_tsb_ad_nonoverlapping:83 - {'AUC-PR': 0.9974037247474746, 'AUC-ROC': 0.9999758552522372, 'VUS-PR': np.float64(0.9977855104841353), 'VUS-ROC': np.float64(0.9999807462437329), 'Standard-F1': np.float64(0.9803320793084137), 'PA-F1': 1.0, 'Event-based-F1': np.float64(0.9999999999999996), 'R-based-F1': 0.9834519767120914, 'Affiliation-F': 0.9999404788347804}
2026-02-08 23:14:28.432 | INFO     | src.pipelines.train_vision_backbones:run_pipeline:170 - Train images: 186
2026-02-08 23:14:28.432 | INFO     | src.pipelines.train_vision_backbones:run_pipeline:171 - Test images: 701
2026-02-08 23:14:29.509 | INFO     | src.pipelines.train_vision_backbones:run_pipeline:176 - Training pvt_autoencoder_frozen on MTF
2026-02-08 23:14:29.533 | INFO     | src.models.pvt_autoencoder.training:train_pvt_autoencoder_frozen:24 - Device: cuda | Model on: cuda:0
2026-02-08 23:14:51.977 | INFO     | src.pipelines.train_vision_backbones:run_pipeline:193 - Evaluating pvt_autoencoder_frozen on MTF
2026-02-08 23:14:52.393 | INFO     | src.models.evaluation:evaluate_tsb_ad_nonoverlapping:65 - Normal (22089) reconstruction error: mean=0.0398, std=0.0196
2026-02-08 23:14:52.393 | INFO     | src.models.evaluation:evaluate_tsb_ad_nonoverlapping:66 - Anomaly (360) reconstruction error: mean=0.8738, std=0.1403
2026-02-08 23:14:52.393 | INFO     | src.models.evaluation:evaluate_tsb_ad_nonoverlapping:67 - Overlap? Normal max=0.7553, Anomaly min=0.1750
2026-02-08 23:14:55.092 | INFO     | src.models.evaluation:evaluate_tsb_ad_nonoverlapping:83 - {'AUC-PR': 0.9974037247474746, 'AUC-ROC': 0.9999758552522371, 'VUS-PR': np.float64(0.9977855104841353), 'VUS-ROC': np.float64(0.9999807462437329), 'Standard-F1': np.float64(0.9803320793084137), 'PA-F1': 1.0, 'Event-based-F1': np.float64(0.9999999999999996), 'R-based-F1': 0.9834519767120914, 'Affiliation-F': 0.9999404788347804}
2026-02-08 23:14:55.244 | INFO     | src.pipelines.train_vision_backbones:run_pipeline:170 - Train images: 186
2026-02-08 23:14:55.244 | INFO     | src.pipelines.train_vision_backbones:run_pipeline:171 - Test images: 701
2026-02-08 23:14:56.212 | INFO     | src.pipelines.train_vision_backbones:run_pipeline:176 - Training pvt_autoencoder_progressive_unfreeze on MTF
2026-02-08 23:14:56.235 | INFO     | src.models.pvt_autoencoder.training:train_pvt_autoencoder_progressive_unfreeze:132 - Device: cuda | Model on: cuda:0
2026-02-08 23:15:18.815 | INFO     | src.pipelines.train_vision_backbones:run_pipeline:193 - Evaluating pvt_autoencoder_progressive_unfreeze on MTF
2026-02-08 23:15:19.235 | INFO     | src.models.evaluation:evaluate_tsb_ad_nonoverlapping:65 - Normal (22089) reconstruction error: mean=0.0352, std=0.0188
2026-02-08 23:15:19.235 | INFO     | src.models.evaluation:evaluate_tsb_ad_nonoverlapping:66 - Anomaly (360) reconstruction error: mean=0.8525, std=0.1433
2026-02-08 23:15:19.235 | INFO     | src.models.evaluation:evaluate_tsb_ad_nonoverlapping:67 - Overlap? Normal max=0.7648, Anomaly min=0.1636
2026-02-08 23:15:21.938 | INFO     | src.models.evaluation:evaluate_tsb_ad_nonoverlapping:83 - {'AUC-PR': 0.9974037247474746, 'AUC-ROC': 0.9999758552522371, 'VUS-PR': np.float64(0.9977855104841353), 'VUS-ROC': np.float64(0.9999807462437329), 'Standard-F1': np.float64(0.9803320793084137), 'PA-F1': 1.0, 'Event-based-F1': np.float64(0.9999999999999996), 'R-based-F1': 0.9834519767120914, 'Affiliation-F': 0.9999404788347804}
2026-02-08 23:15:22.098 | INFO     | src.pipelines.train_vision_backbones:run_pipeline:170 - Train images: 186
2026-02-08 23:15:22.098 | INFO     | src.pipelines.train_vision_backbones:run_pipeline:171 - Test images: 701
2026-02-08 23:15:23.066 | INFO     | src.pipelines.train_vision_backbones:run_pipeline:176 - Training pvt_autoencoder_differential_lr on MTF
2026-02-08 23:15:23.091 | INFO     | src.models.pvt_autoencoder.training:train_pvt_autoencoder_differential_lr:267 - Device: cuda | Model on: cuda:0
2026-02-08 23:15:59.375 | INFO     | src.pipelines.train_vision_backbones:run_pipeline:193 - Evaluating pvt_autoencoder_differential_lr on MTF
2026-02-08 23:15:59.786 | INFO     | src.models.evaluation:evaluate_tsb_ad_nonoverlapping:65 - Normal (22089) reconstruction error: mean=0.0341, std=0.0190
2026-02-08 23:15:59.786 | INFO     | src.models.evaluation:evaluate_tsb_ad_nonoverlapping:66 - Anomaly (360) reconstruction error: mean=0.7949, std=0.1465
2026-02-08 23:15:59.787 | INFO     | src.models.evaluation:evaluate_tsb_ad_nonoverlapping:67 - Overlap? Normal max=0.7463, Anomaly min=0.1570
2026-02-08 23:16:02.453 | INFO     | src.models.evaluation:evaluate_tsb_ad_nonoverlapping:83 - {'AUC-PR': 0.9956602483164984, 'AUC-ROC': 0.9999517105044744, 'VUS-PR': np.float64(0.9976541798746046), 'VUS-ROC': np.float64(0.9999791307924125), 'Standard-F1': np.float64(0.9803320793084137), 'PA-F1': 1.0, 'Event-based-F1': np.float64(0.9999999999999996), 'R-based-F1': 0.9834519767120914, 'Affiliation-F': 0.9999236039356211}
2026-02-08 23:16:03.177 | INFO     | src.pipelines.train_vision_backbones:run_pipeline:70 - Using zip: /net/scratch/hscra/plgrid/plgsmendowski12/ts2i_images/UCR/500_UCR_id_198_Facility_tr_7482_1st_23357_ts2i_RP.zip for transformation RP
2026-02-08 23:16:04.172 | INFO     | src.pipelines.train_vision_backbones:run_pipeline:170 - Train images: 186
2026-02-08 23:16:04.172 | INFO     | src.pipelines.train_vision_backbones:run_pipeline:171 - Test images: 701
2026-02-08 23:16:04.178 | INFO     | src.pipelines.train_vision_backbones:run_pipeline:176 - Training cnn_autoencoder on RP
2026-02-08 23:16:04.183 | INFO     | src.models.cnn_autoencoder.training:train_autoencoder:22 - Device: cuda | Model on: cuda:0
2026-02-08 23:16:40.823 | INFO     | src.pipelines.train_vision_backbones:run_pipeline:193 - Evaluating cnn_autoencoder on RP
2026-02-08 23:16:41.369 | INFO     | src.models.evaluation:evaluate_tsb_ad_nonoverlapping:65 - Normal (22089) reconstruction error: mean=0.1390, std=0.0667
2026-02-08 23:16:41.370 | INFO     | src.models.evaluation:evaluate_tsb_ad_nonoverlapping:66 - Anomaly (360) reconstruction error: mean=1.0000, std=0.0000
2026-02-08 23:16:41.370 | INFO     | src.models.evaluation:evaluate_tsb_ad_nonoverlapping:67 - Overlap? Normal max=1.0000, Anomaly min=1.0000
2026-02-08 23:16:44.646 | INFO     | src.models.evaluation:evaluate_tsb_ad_nonoverlapping:83 - {'AUC-PR': 0.9375, 'AUC-ROC': 0.9994567431753361, 'VUS-PR': np.float64(0.988927552420676), 'VUS-ROC': np.float64(0.9999037312186645), 'Standard-F1': np.float64(0.967736940712564), 'PA-F1': 0.967741935483871, 'Event-based-F1': np.float64(0.9677419354838704), 'R-based-F1': 0.967741935483871, 'Affiliation-F': 0.9994724851381821}
2026-02-08 23:16:44.803 | INFO     | src.pipelines.train_vision_backbones:run_pipeline:170 - Train images: 186
2026-02-08 23:16:44.803 | INFO     | src.pipelines.train_vision_backbones:run_pipeline:171 - Test images: 701
2026-02-08 23:16:45.015 | INFO     | src.pipelines.train_vision_backbones:run_pipeline:176 - Training resnet18_autoencoder_frozen on RP
2026-02-08 23:16:45.029 | INFO     | src.models.resnet18_autoencoder.training:train_autoencoder_frozen:25 - Device: cuda | Model on: cuda:0
2026-02-08 23:17:08.038 | INFO     | src.pipelines.train_vision_backbones:run_pipeline:193 - Evaluating resnet18_autoencoder_frozen on RP
2026-02-08 23:17:08.619 | INFO     | src.models.evaluation:evaluate_tsb_ad_nonoverlapping:65 - Normal (22089) reconstruction error: mean=0.4878, std=0.1566
2026-02-08 23:17:08.619 | INFO     | src.models.evaluation:evaluate_tsb_ad_nonoverlapping:66 - Anomaly (360) reconstruction error: mean=0.4463, std=0.0000
2026-02-08 23:17:08.620 | INFO     | src.models.evaluation:evaluate_tsb_ad_nonoverlapping:67 - Overlap? Normal max=1.0000, Anomaly min=0.4463
2026-02-08 23:17:13.824 | INFO     | src.models.evaluation:evaluate_tsb_ad_nonoverlapping:83 - {'AUC-PR': 0.026785714285714284, 'AUC-ROC': 0.40839331794105665, 'VUS-PR': np.float64(0.028237387088148904), 'VUS-ROC': np.float64(0.421623697828944), 'Standard-F1': np.float64(0.05217340491988252), 'PA-F1': 0.05181347150259067, 'Event-based-F1': np.float64(0.051813471502590615), 'R-based-F1': 0.12552301255230125, 'Affiliation-F': 0.6688510765980261}
2026-02-08 23:17:13.980 | INFO     | src.pipelines.train_vision_backbones:run_pipeline:170 - Train images: 186
2026-02-08 23:17:13.980 | INFO     | src.pipelines.train_vision_backbones:run_pipeline:171 - Test images: 701
2026-02-08 23:17:14.191 | INFO     | src.pipelines.train_vision_backbones:run_pipeline:176 - Training resnet18_autoencoder_progressive_unfreeze on RP
2026-02-08 23:17:14.204 | INFO     | src.models.resnet18_autoencoder.training:train_autoencoder_progressive_unfreeze:133 - Device: cuda | Model on: cuda:0
2026-02-08 23:17:37.948 | INFO     | src.pipelines.train_vision_backbones:run_pipeline:193 - Evaluating resnet18_autoencoder_progressive_unfreeze on RP
2026-02-08 23:17:38.732 | INFO     | src.models.evaluation:evaluate_tsb_ad_nonoverlapping:65 - Normal (22089) reconstruction error: mean=0.4431, std=0.1667
2026-02-08 23:17:38.732 | INFO     | src.models.evaluation:evaluate_tsb_ad_nonoverlapping:66 - Anomaly (360) reconstruction error: mean=0.7344, std=0.0000
2026-02-08 23:17:38.732 | INFO     | src.models.evaluation:evaluate_tsb_ad_nonoverlapping:67 - Overlap? Normal max=1.0000, Anomaly min=0.7344
2026-02-08 23:17:43.692 | INFO     | src.models.evaluation:evaluate_tsb_ad_nonoverlapping:83 - {'AUC-PR': 0.27439024390243905, 'AUC-ROC': 0.9574448820679976, 'VUS-PR': np.float64(0.2894422104645879), 'VUS-ROC': np.float64(0.9578824756079016), 'Standard-F1': np.float64(0.4306186305523727), 'PA-F1': 0.4072398190045249, 'Event-based-F1': np.float64(0.40723981900452455), 'R-based-F1': 0.09729729729729732, 'Affiliation-F': 0.6663644560457564}
2026-02-08 23:17:43.851 | INFO     | src.pipelines.train_vision_backbones:run_pipeline:170 - Train images: 186
2026-02-08 23:17:43.851 | INFO     | src.pipelines.train_vision_backbones:run_pipeline:171 - Test images: 701
2026-02-08 23:17:44.062 | INFO     | src.pipelines.train_vision_backbones:run_pipeline:176 - Training resnet18_autoencoder_differential_lr on RP
2026-02-08 23:17:44.076 | INFO     | src.models.resnet18_autoencoder.training:train_autoencoder_differential_lr:271 - Device: cuda | Model on: cuda:0
2026-02-08 23:18:10.139 | INFO     | src.pipelines.train_vision_backbones:run_pipeline:193 - Evaluating resnet18_autoencoder_differential_lr on RP
2026-02-08 23:18:10.609 | INFO     | src.models.evaluation:evaluate_tsb_ad_nonoverlapping:65 - Normal (22089) reconstruction error: mean=0.4304, std=0.1663
2026-02-08 23:18:10.610 | INFO     | src.models.evaluation:evaluate_tsb_ad_nonoverlapping:66 - Anomaly (360) reconstruction error: mean=0.4303, std=0.0000
2026-02-08 23:18:10.610 | INFO     | src.models.evaluation:evaluate_tsb_ad_nonoverlapping:67 - Overlap? Normal max=1.0000, Anomaly min=0.4303
2026-02-08 23:18:15.466 | INFO     | src.models.evaluation:evaluate_tsb_ad_nonoverlapping:83 - {'AUC-PR': 0.031732040546496254, 'AUC-ROC': 0.5032369052469555, 'VUS-PR': np.float64(0.033566852402596055), 'VUS-ROC': np.float64(0.5193642291498205), 'Standard-F1': np.float64(0.06151157808726749), 'PA-F1': 0.05940103951819157, 'Event-based-F1': np.float64(0.059401039518191506), 'R-based-F1': 0.06535947712418301, 'Affiliation-F': 0.6662377757455608}
2026-02-08 23:18:15.620 | INFO     | src.pipelines.train_vision_backbones:run_pipeline:170 - Train images: 186
2026-02-08 23:18:15.620 | INFO     | src.pipelines.train_vision_backbones:run_pipeline:171 - Test images: 701
2026-02-08 23:18:16.591 | INFO     | src.pipelines.train_vision_backbones:run_pipeline:176 - Training pvt_autoencoder_frozen on RP
2026-02-08 23:18:16.614 | INFO     | src.models.pvt_autoencoder.training:train_pvt_autoencoder_frozen:24 - Device: cuda | Model on: cuda:0
2026-02-08 23:18:46.569 | INFO     | src.pipelines.train_vision_backbones:run_pipeline:193 - Evaluating pvt_autoencoder_frozen on RP
2026-02-08 23:18:46.974 | INFO     | src.models.evaluation:evaluate_tsb_ad_nonoverlapping:65 - Normal (22089) reconstruction error: mean=0.4153, std=0.1480
2026-02-08 23:18:46.974 | INFO     | src.models.evaluation:evaluate_tsb_ad_nonoverlapping:66 - Anomaly (360) reconstruction error: mean=0.5934, std=0.0000
2026-02-08 23:18:46.975 | INFO     | src.models.evaluation:evaluate_tsb_ad_nonoverlapping:67 - Overlap? Normal max=1.0000, Anomaly min=0.5934
2026-02-08 23:18:51.743 | INFO     | src.models.evaluation:evaluate_tsb_ad_nonoverlapping:83 - {'AUC-PR': 0.1278409090909091, 'AUC-ROC': 0.8893566933767939, 'VUS-PR': np.float64(0.13485375714827386), 'VUS-ROC': np.float64(0.8912277462079535), 'Standard-F1': np.float64(0.22669824186949272), 'PA-F1': 0.1986754966887417, 'Event-based-F1': np.float64(0.19867549668874152), 'R-based-F1': 0.06792452830188679, 'Affiliation-F': 0.908859523935389}
2026-02-08 23:18:51.892 | INFO     | src.pipelines.train_vision_backbones:run_pipeline:170 - Train images: 186
2026-02-08 23:18:51.892 | INFO     | src.pipelines.train_vision_backbones:run_pipeline:171 - Test images: 701
2026-02-08 23:18:52.856 | INFO     | src.pipelines.train_vision_backbones:run_pipeline:176 - Training pvt_autoencoder_progressive_unfreeze on RP
2026-02-08 23:18:52.880 | INFO     | src.models.pvt_autoencoder.training:train_pvt_autoencoder_progressive_unfreeze:132 - Device: cuda | Model on: cuda:0
2026-02-08 23:19:20.114 | INFO     | src.pipelines.train_vision_backbones:run_pipeline:193 - Evaluating pvt_autoencoder_progressive_unfreeze on RP
2026-02-08 23:19:20.517 | INFO     | src.models.evaluation:evaluate_tsb_ad_nonoverlapping:65 - Normal (22089) reconstruction error: mean=0.4269, std=0.1745
2026-02-08 23:19:20.517 | INFO     | src.models.evaluation:evaluate_tsb_ad_nonoverlapping:66 - Anomaly (360) reconstruction error: mean=0.6081, std=0.0000
2026-02-08 23:19:20.517 | INFO     | src.models.evaluation:evaluate_tsb_ad_nonoverlapping:67 - Overlap? Normal max=1.0000, Anomaly min=0.6081
2026-02-08 23:19:25.341 | INFO     | src.models.evaluation:evaluate_tsb_ad_nonoverlapping:83 - {'AUC-PR': 0.09615384615384616, 'AUC-ROC': 0.8473448322694553, 'VUS-PR': np.float64(0.101428466914941), 'VUS-ROC': np.float64(0.8477578057314199), 'Standard-F1': np.float64(0.17543699601336968), 'PA-F1': 0.1727447216890595, 'Event-based-F1': np.float64(0.1727447216890593), 'R-based-F1': 0.05157593123209169, 'Affiliation-F': 0.6670491873684196}
2026-02-08 23:19:25.496 | INFO     | src.pipelines.train_vision_backbones:run_pipeline:170 - Train images: 186
2026-02-08 23:19:25.496 | INFO     | src.pipelines.train_vision_backbones:run_pipeline:171 - Test images: 701
2026-02-08 23:19:26.466 | INFO     | src.pipelines.train_vision_backbones:run_pipeline:176 - Training pvt_autoencoder_differential_lr on RP
2026-02-08 23:19:26.490 | INFO     | src.models.pvt_autoencoder.training:train_pvt_autoencoder_differential_lr:267 - Device: cuda | Model on: cuda:0
2026-02-08 23:19:59.478 | INFO     | src.pipelines.train_vision_backbones:run_pipeline:193 - Evaluating pvt_autoencoder_differential_lr on RP
2026-02-08 23:19:59.893 | INFO     | src.models.evaluation:evaluate_tsb_ad_nonoverlapping:65 - Normal (22089) reconstruction error: mean=0.4870, std=0.1642
2026-02-08 23:19:59.893 | INFO     | src.models.evaluation:evaluate_tsb_ad_nonoverlapping:66 - Anomaly (360) reconstruction error: mean=0.8066, std=0.0000
2026-02-08 23:19:59.893 | INFO     | src.models.evaluation:evaluate_tsb_ad_nonoverlapping:67 - Overlap? Normal max=1.0000, Anomaly min=0.8066
2026-02-08 23:20:05.073 | INFO     | src.models.evaluation:evaluate_tsb_ad_nonoverlapping:83 - {'AUC-PR': 0.3879310344827586, 'AUC-ROC': 0.9748291004572411, 'VUS-PR': np.float64(0.4092114010016589), 'VUS-ROC': np.float64(0.9752705813778731), 'Standard-F1': np.float64(0.5590021835867518), 'PA-F1': 0.5325443786982249, 'Event-based-F1': np.float64(0.5325443786982245), 'R-based-F1': 0.10452961672473866, 'Affiliation-F': 0.6665058366994383}
2026-02-08 23:20:05.538 | INFO     | src.pipelines.train_vision_backbones:run_pipeline:70 - Using zip: /net/scratch/hscra/plgrid/plgsmendowski12/ts2i_images/UCR/500_UCR_id_198_Facility_tr_7482_1st_23357_ts2i_RWT.zip for transformation RWT
2026-02-08 23:20:06.508 | INFO     | src.pipelines.train_vision_backbones:run_pipeline:170 - Train images: 186
2026-02-08 23:20:06.509 | INFO     | src.pipelines.train_vision_backbones:run_pipeline:171 - Test images: 701
2026-02-08 23:20:06.515 | INFO     | src.pipelines.train_vision_backbones:run_pipeline:176 - Training cnn_autoencoder on RWT
2026-02-08 23:20:06.520 | INFO     | src.models.cnn_autoencoder.training:train_autoencoder:22 - Device: cuda | Model on: cuda:0
2026-02-08 23:20:33.467 | INFO     | src.pipelines.train_vision_backbones:run_pipeline:193 - Evaluating cnn_autoencoder on RWT
2026-02-08 23:20:34.025 | INFO     | src.models.evaluation:evaluate_tsb_ad_nonoverlapping:65 - Normal (22089) reconstruction error: mean=0.1431, std=0.1473
2026-02-08 23:20:34.025 | INFO     | src.models.evaluation:evaluate_tsb_ad_nonoverlapping:66 - Anomaly (360) reconstruction error: mean=0.1111, std=0.0336
2026-02-08 23:20:34.025 | INFO     | src.models.evaluation:evaluate_tsb_ad_nonoverlapping:67 - Overlap? Normal max=1.0000, Anomaly min=0.0789
2026-02-08 23:20:37.246 | INFO     | src.models.evaluation:evaluate_tsb_ad_nonoverlapping:83 - {'AUC-PR': 0.016510725003609842, 'AUC-ROC': 0.5140151457990654, 'VUS-PR': np.float64(0.017216618031284645), 'VUS-ROC': np.float64(0.5239777560360569), 'Standard-F1': np.float64(0.05092968687960943), 'PA-F1': 0.10890939343518379, 'Event-based-F1': np.float64(0.04830593760483054), 'R-based-F1': 0.0842059065123465, 'Affiliation-F': 0.6663463603333469}
2026-02-08 23:20:37.400 | INFO     | src.pipelines.train_vision_backbones:run_pipeline:170 - Train images: 186
2026-02-08 23:20:37.400 | INFO     | src.pipelines.train_vision_backbones:run_pipeline:171 - Test images: 701
2026-02-08 23:20:37.605 | INFO     | src.pipelines.train_vision_backbones:run_pipeline:176 - Training resnet18_autoencoder_frozen on RWT
2026-02-08 23:20:37.618 | INFO     | src.models.resnet18_autoencoder.training:train_autoencoder_frozen:25 - Device: cuda | Model on: cuda:0
2026-02-08 23:21:01.947 | INFO     | src.pipelines.train_vision_backbones:run_pipeline:193 - Evaluating resnet18_autoencoder_frozen on RWT
2026-02-08 23:21:02.555 | INFO     | src.models.evaluation:evaluate_tsb_ad_nonoverlapping:65 - Normal (22089) reconstruction error: mean=0.0770, std=0.1103
2026-02-08 23:21:02.556 | INFO     | src.models.evaluation:evaluate_tsb_ad_nonoverlapping:66 - Anomaly (360) reconstruction error: mean=0.1181, std=0.0709
2026-02-08 23:21:02.556 | INFO     | src.models.evaluation:evaluate_tsb_ad_nonoverlapping:67 - Overlap? Normal max=1.0000, Anomaly min=0.0322
2026-02-08 23:21:05.406 | INFO     | src.models.evaluation:evaluate_tsb_ad_nonoverlapping:83 - {'AUC-PR': 0.03732707146275134, 'AUC-ROC': 0.766681882887913, 'VUS-PR': np.float64(0.037762697845030814), 'VUS-ROC': np.float64(0.7702005245663235), 'Standard-F1': np.float64(0.09384150642945667), 'PA-F1': 0.39823008849557523, 'Event-based-F1': np.float64(0.10292301358583768), 'R-based-F1': 0.11241424068236605, 'Affiliation-F': 0.6664223590256586}
2026-02-08 23:21:05.567 | INFO     | src.pipelines.train_vision_backbones:run_pipeline:170 - Train images: 186
2026-02-08 23:21:05.567 | INFO     | src.pipelines.train_vision_backbones:run_pipeline:171 - Test images: 701
2026-02-08 23:21:05.779 | INFO     | src.pipelines.train_vision_backbones:run_pipeline:176 - Training resnet18_autoencoder_progressive_unfreeze on RWT
2026-02-08 23:21:05.793 | INFO     | src.models.resnet18_autoencoder.training:train_autoencoder_progressive_unfreeze:133 - Device: cuda | Model on: cuda:0
2026-02-08 23:21:28.273 | INFO     | src.pipelines.train_vision_backbones:run_pipeline:193 - Evaluating resnet18_autoencoder_progressive_unfreeze on RWT
2026-02-08 23:21:28.883 | INFO     | src.models.evaluation:evaluate_tsb_ad_nonoverlapping:65 - Normal (22089) reconstruction error: mean=0.1593, std=0.1527
2026-02-08 23:21:28.884 | INFO     | src.models.evaluation:evaluate_tsb_ad_nonoverlapping:66 - Anomaly (360) reconstruction error: mean=0.1975, std=0.0814
2026-02-08 23:21:28.884 | INFO     | src.models.evaluation:evaluate_tsb_ad_nonoverlapping:67 - Overlap? Normal max=1.0000, Anomaly min=0.0786
2026-02-08 23:21:32.226 | INFO     | src.models.evaluation:evaluate_tsb_ad_nonoverlapping:83 - {'AUC-PR': 0.02679018890301404, 'AUC-ROC': 0.668368494122263, 'VUS-PR': np.float64(0.027181482099133715), 'VUS-ROC': np.float64(0.6723264590078696), 'Standard-F1': np.float64(0.06327497130673056), 'PA-F1': 0.3233048944768747, 'Event-based-F1': np.float64(0.07489257213014111), 'R-based-F1': 0.15807186942216297, 'Affiliation-F': 0.6664078837520625}
2026-02-08 23:21:32.384 | INFO     | src.pipelines.train_vision_backbones:run_pipeline:170 - Train images: 186
2026-02-08 23:21:32.384 | INFO     | src.pipelines.train_vision_backbones:run_pipeline:171 - Test images: 701
2026-02-08 23:21:32.596 | INFO     | src.pipelines.train_vision_backbones:run_pipeline:176 - Training resnet18_autoencoder_differential_lr on RWT
2026-02-08 23:21:32.609 | INFO     | src.models.resnet18_autoencoder.training:train_autoencoder_differential_lr:271 - Device: cuda | Model on: cuda:0
2026-02-08 23:21:52.721 | INFO     | src.pipelines.train_vision_backbones:run_pipeline:193 - Evaluating resnet18_autoencoder_differential_lr on RWT
2026-02-08 23:21:53.476 | INFO     | src.models.evaluation:evaluate_tsb_ad_nonoverlapping:65 - Normal (22089) reconstruction error: mean=0.1496, std=0.1416
2026-02-08 23:21:53.476 | INFO     | src.models.evaluation:evaluate_tsb_ad_nonoverlapping:66 - Anomaly (360) reconstruction error: mean=0.1559, std=0.0742
2026-02-08 23:21:53.476 | INFO     | src.models.evaluation:evaluate_tsb_ad_nonoverlapping:67 - Overlap? Normal max=1.0000, Anomaly min=0.0990
2026-02-08 23:21:56.743 | INFO     | src.models.evaluation:evaluate_tsb_ad_nonoverlapping:83 - {'AUC-PR': 0.020613126833543313, 'AUC-ROC': 0.5852421516994382, 'VUS-PR': np.float64(0.021268376018335252), 'VUS-ROC': np.float64(0.5892159398843548), 'Standard-F1': np.float64(0.0522301768660686), 'PA-F1': 0.3187250996015936, 'Event-based-F1': np.float64(0.054537326776933334), 'R-based-F1': 0.10271082232935093, 'Affiliation-F': 0.6663861702524536}
2026-02-08 23:21:56.900 | INFO     | src.pipelines.train_vision_backbones:run_pipeline:170 - Train images: 186
2026-02-08 23:21:56.900 | INFO     | src.pipelines.train_vision_backbones:run_pipeline:171 - Test images: 701
2026-02-08 23:21:57.871 | INFO     | src.pipelines.train_vision_backbones:run_pipeline:176 - Training pvt_autoencoder_frozen on RWT
2026-02-08 23:21:57.895 | INFO     | src.models.pvt_autoencoder.training:train_pvt_autoencoder_frozen:24 - Device: cuda | Model on: cuda:0
2026-02-08 23:22:22.723 | INFO     | src.pipelines.train_vision_backbones:run_pipeline:193 - Evaluating pvt_autoencoder_frozen on RWT
2026-02-08 23:22:23.143 | INFO     | src.models.evaluation:evaluate_tsb_ad_nonoverlapping:65 - Normal (22089) reconstruction error: mean=0.1378, std=0.1271
2026-02-08 23:22:23.143 | INFO     | src.models.evaluation:evaluate_tsb_ad_nonoverlapping:66 - Anomaly (360) reconstruction error: mean=0.1395, std=0.1056
2026-02-08 23:22:23.143 | INFO     | src.models.evaluation:evaluate_tsb_ad_nonoverlapping:67 - Overlap? Normal max=1.0000, Anomaly min=0.0635
2026-02-08 23:22:26.343 | INFO     | src.models.evaluation:evaluate_tsb_ad_nonoverlapping:83 - {'AUC-PR': 0.018484922936449242, 'AUC-ROC': 0.5194839311673483, 'VUS-PR': np.float64(0.019696907664956853), 'VUS-ROC': np.float64(0.5280757951470976), 'Standard-F1': np.float64(0.045109514595866665), 'PA-F1': 0.41213508872352606, 'Event-based-F1': np.float64(0.05345622119815663), 'R-based-F1': 0.11033666911788216, 'Affiliation-F': 0.6667262671984339}
2026-02-08 23:22:26.496 | INFO     | src.pipelines.train_vision_backbones:run_pipeline:170 - Train images: 186
2026-02-08 23:22:26.496 | INFO     | src.pipelines.train_vision_backbones:run_pipeline:171 - Test images: 701
2026-02-08 23:22:27.461 | INFO     | src.pipelines.train_vision_backbones:run_pipeline:176 - Training pvt_autoencoder_progressive_unfreeze on RWT
2026-02-08 23:22:27.485 | INFO     | src.models.pvt_autoencoder.training:train_pvt_autoencoder_progressive_unfreeze:132 - Device: cuda | Model on: cuda:0
2026-02-08 23:22:39.415 | INFO     | src.pipelines.train_vision_backbones:run_pipeline:193 - Evaluating pvt_autoencoder_progressive_unfreeze on RWT
2026-02-08 23:22:39.852 | INFO     | src.models.evaluation:evaluate_tsb_ad_nonoverlapping:65 - Normal (22089) reconstruction error: mean=0.1180, std=0.0974
2026-02-08 23:22:39.852 | INFO     | src.models.evaluation:evaluate_tsb_ad_nonoverlapping:66 - Anomaly (360) reconstruction error: mean=0.0991, std=0.0637
2026-02-08 23:22:39.852 | INFO     | src.models.evaluation:evaluate_tsb_ad_nonoverlapping:67 - Overlap? Normal max=1.0000, Anomaly min=0.0453
2026-02-08 23:22:42.959 | INFO     | src.models.evaluation:evaluate_tsb_ad_nonoverlapping:83 - {'AUC-PR': 0.015879444397130467, 'AUC-ROC': 0.45878001116694583, 'VUS-PR': np.float64(0.016861771133415786), 'VUS-ROC': np.float64(0.47360255555678316), 'Standard-F1': np.float64(0.038807359444677204), 'PA-F1': 0.3187250996015936, 'Event-based-F1': np.float64(0.03683806600153488), 'R-based-F1': 0.09287925696594426, 'Affiliation-F': 0.666250671090531}
2026-02-08 23:22:43.115 | INFO     | src.pipelines.train_vision_backbones:run_pipeline:170 - Train images: 186
2026-02-08 23:22:43.115 | INFO     | src.pipelines.train_vision_backbones:run_pipeline:171 - Test images: 701
2026-02-08 23:22:44.083 | INFO     | src.pipelines.train_vision_backbones:run_pipeline:176 - Training pvt_autoencoder_differential_lr on RWT
2026-02-08 23:22:44.108 | INFO     | src.models.pvt_autoencoder.training:train_pvt_autoencoder_differential_lr:267 - Device: cuda | Model on: cuda:0
2026-02-08 23:23:13.835 | INFO     | src.pipelines.train_vision_backbones:run_pipeline:193 - Evaluating pvt_autoencoder_differential_lr on RWT
2026-02-08 23:23:14.267 | INFO     | src.models.evaluation:evaluate_tsb_ad_nonoverlapping:65 - Normal (22089) reconstruction error: mean=0.1629, std=0.1542
2026-02-08 23:23:14.267 | INFO     | src.models.evaluation:evaluate_tsb_ad_nonoverlapping:66 - Anomaly (360) reconstruction error: mean=0.1272, std=0.0985
2026-02-08 23:23:14.267 | INFO     | src.models.evaluation:evaluate_tsb_ad_nonoverlapping:67 - Overlap? Normal max=1.0000, Anomaly min=0.0473
2026-02-08 23:23:17.646 | INFO     | src.models.evaluation:evaluate_tsb_ad_nonoverlapping:83 - {'AUC-PR': 0.01569047938135462, 'AUC-ROC': 0.447436003843039, 'VUS-PR': np.float64(0.016817411881529534), 'VUS-ROC': np.float64(0.464932273106136), 'Standard-F1': np.float64(0.04026580979964571), 'PA-F1': 0.37132542547705005, 'Event-based-F1': np.float64(0.0454189506656225), 'R-based-F1': 0.1048097631012204, 'Affiliation-F': 0.6665417680437056}
2026-02-08 23:23:18.391 | INFO     | src.pipelines.train_vision_backbones:run_pipeline:70 - Using zip: /net/scratch/hscra/plgrid/plgsmendowski12/ts2i_images/UCR/500_UCR_id_198_Facility_tr_7482_1st_23357_ts2i_MWT.zip for transformation MWT
2026-02-08 23:23:19.366 | INFO     | src.pipelines.train_vision_backbones:run_pipeline:170 - Train images: 186
2026-02-08 23:23:19.366 | INFO     | src.pipelines.train_vision_backbones:run_pipeline:171 - Test images: 701
2026-02-08 23:23:19.373 | INFO     | src.pipelines.train_vision_backbones:run_pipeline:176 - Training cnn_autoencoder on MWT
2026-02-08 23:23:19.377 | INFO     | src.models.cnn_autoencoder.training:train_autoencoder:22 - Device: cuda | Model on: cuda:0
2026-02-08 23:23:54.426 | INFO     | src.pipelines.train_vision_backbones:run_pipeline:193 - Evaluating cnn_autoencoder on MWT
2026-02-08 23:23:55.000 | INFO     | src.models.evaluation:evaluate_tsb_ad_nonoverlapping:65 - Normal (22089) reconstruction error: mean=0.1427, std=0.1801
2026-02-08 23:23:55.000 | INFO     | src.models.evaluation:evaluate_tsb_ad_nonoverlapping:66 - Anomaly (360) reconstruction error: mean=0.2199, std=0.1994
2026-02-08 23:23:55.000 | INFO     | src.models.evaluation:evaluate_tsb_ad_nonoverlapping:67 - Overlap? Normal max=1.0000, Anomaly min=0.0412
2026-02-08 23:23:58.306 | INFO     | src.models.evaluation:evaluate_tsb_ad_nonoverlapping:83 - {'AUC-PR': 0.030289425779792392, 'AUC-ROC': 0.6622156075673664, 'VUS-PR': np.float64(0.031760356697939675), 'VUS-ROC': np.float64(0.6802626750210863), 'Standard-F1': np.float64(0.0808055097236805), 'PA-F1': 0.44554455445544555, 'Event-based-F1': np.float64(0.0909090909090908), 'R-based-F1': 0.09365404298874105, 'Affiliation-F': 0.6667479696248323}
2026-02-08 23:23:58.466 | INFO     | src.pipelines.train_vision_backbones:run_pipeline:170 - Train images: 186
2026-02-08 23:23:58.466 | INFO     | src.pipelines.train_vision_backbones:run_pipeline:171 - Test images: 701
2026-02-08 23:23:58.679 | INFO     | src.pipelines.train_vision_backbones:run_pipeline:176 - Training resnet18_autoencoder_frozen on MWT
2026-02-08 23:23:58.693 | INFO     | src.models.resnet18_autoencoder.training:train_autoencoder_frozen:25 - Device: cuda | Model on: cuda:0
2026-02-08 23:24:25.999 | INFO     | src.pipelines.train_vision_backbones:run_pipeline:193 - Evaluating resnet18_autoencoder_frozen on MWT
2026-02-08 23:24:26.620 | INFO     | src.models.evaluation:evaluate_tsb_ad_nonoverlapping:65 - Normal (22089) reconstruction error: mean=0.2007, std=0.2069
2026-02-08 23:24:26.621 | INFO     | src.models.evaluation:evaluate_tsb_ad_nonoverlapping:66 - Anomaly (360) reconstruction error: mean=0.2027, std=0.2458
2026-02-08 23:24:26.621 | INFO     | src.models.evaluation:evaluate_tsb_ad_nonoverlapping:67 - Overlap? Normal max=1.0000, Anomaly min=0.0442
2026-02-08 23:24:30.244 | INFO     | src.models.evaluation:evaluate_tsb_ad_nonoverlapping:83 - {'AUC-PR': 0.03979354533253256, 'AUC-ROC': 0.48952432331829315, 'VUS-PR': np.float64(0.04561112884019113), 'VUS-ROC': np.float64(0.5071901406160012), 'Standard-F1': np.float64(0.1271896584432881), 'PA-F1': 0.9148665819567979, 'Event-based-F1': np.float64(0.4639999999999996), 'R-based-F1': 0.28201356541636025, 'Affiliation-F': 0.6665417680437056}
2026-02-08 23:24:30.400 | INFO     | src.pipelines.train_vision_backbones:run_pipeline:170 - Train images: 186
2026-02-08 23:24:30.400 | INFO     | src.pipelines.train_vision_backbones:run_pipeline:171 - Test images: 701
2026-02-08 23:24:30.612 | INFO     | src.pipelines.train_vision_backbones:run_pipeline:176 - Training resnet18_autoencoder_progressive_unfreeze on MWT
2026-02-08 23:24:30.626 | INFO     | src.models.resnet18_autoencoder.training:train_autoencoder_progressive_unfreeze:133 - Device: cuda | Model on: cuda:0
2026-02-08 23:24:56.302 | INFO     | src.pipelines.train_vision_backbones:run_pipeline:193 - Evaluating resnet18_autoencoder_progressive_unfreeze on MWT
2026-02-08 23:24:56.910 | INFO     | src.models.evaluation:evaluate_tsb_ad_nonoverlapping:65 - Normal (22089) reconstruction error: mean=0.1371, std=0.1596
2026-02-08 23:24:56.910 | INFO     | src.models.evaluation:evaluate_tsb_ad_nonoverlapping:66 - Anomaly (360) reconstruction error: mean=0.1552, std=0.1257
2026-02-08 23:24:56.910 | INFO     | src.models.evaluation:evaluate_tsb_ad_nonoverlapping:67 - Overlap? Normal max=1.0000, Anomaly min=0.0455
2026-02-08 23:25:00.107 | INFO     | src.models.evaluation:evaluate_tsb_ad_nonoverlapping:83 - {'AUC-PR': 0.022022833180826405, 'AUC-ROC': 0.6042601646873004, 'VUS-PR': np.float64(0.023397760746077564), 'VUS-ROC': np.float64(0.6179722368514514), 'Standard-F1': np.float64(0.05471511654133179), 'PA-F1': 0.365296803652968, 'Event-based-F1': np.float64(0.057683433317951026), 'R-based-F1': 0.07200631874005273, 'Affiliation-F': 0.6667805219397289}
2026-02-08 23:25:00.265 | INFO     | src.pipelines.train_vision_backbones:run_pipeline:170 - Train images: 186
2026-02-08 23:25:00.265 | INFO     | src.pipelines.train_vision_backbones:run_pipeline:171 - Test images: 701
2026-02-08 23:25:00.477 | INFO     | src.pipelines.train_vision_backbones:run_pipeline:176 - Training resnet18_autoencoder_differential_lr on MWT
2026-02-08 23:25:00.491 | INFO     | src.models.resnet18_autoencoder.training:train_autoencoder_differential_lr:271 - Device: cuda | Model on: cuda:0
2026-02-08 23:25:27.053 | INFO     | src.pipelines.train_vision_backbones:run_pipeline:193 - Evaluating resnet18_autoencoder_differential_lr on MWT
2026-02-08 23:25:27.561 | INFO     | src.models.evaluation:evaluate_tsb_ad_nonoverlapping:65 - Normal (22089) reconstruction error: mean=0.1371, std=0.1735
2026-02-08 23:25:27.562 | INFO     | src.models.evaluation:evaluate_tsb_ad_nonoverlapping:66 - Anomaly (360) reconstruction error: mean=0.1449, std=0.1196
2026-02-08 23:25:27.562 | INFO     | src.models.evaluation:evaluate_tsb_ad_nonoverlapping:67 - Overlap? Normal max=1.0000, Anomaly min=0.0484
2026-02-08 23:25:30.779 | INFO     | src.models.evaluation:evaluate_tsb_ad_nonoverlapping:83 - {'AUC-PR': 0.021570324261381744, 'AUC-ROC': 0.6147148404686094, 'VUS-PR': np.float64(0.022445926258928973), 'VUS-ROC': np.float64(0.6231984603287083), 'Standard-F1': np.float64(0.05058617172629778), 'PA-F1': 0.29764365440264573, 'Event-based-F1': np.float64(0.048204543603941), 'R-based-F1': 0.062252274454233675, 'Affiliation-F': 0.6667479696248323}
2026-02-08 23:25:30.934 | INFO     | src.pipelines.train_vision_backbones:run_pipeline:170 - Train images: 186
2026-02-08 23:25:30.934 | INFO     | src.pipelines.train_vision_backbones:run_pipeline:171 - Test images: 701
2026-02-08 23:25:31.917 | INFO     | src.pipelines.train_vision_backbones:run_pipeline:176 - Training pvt_autoencoder_frozen on MWT
2026-02-08 23:25:31.941 | INFO     | src.models.pvt_autoencoder.training:train_pvt_autoencoder_frozen:24 - Device: cuda | Model on: cuda:0
2026-02-08 23:26:03.723 | INFO     | src.pipelines.train_vision_backbones:run_pipeline:193 - Evaluating pvt_autoencoder_frozen on MWT
2026-02-08 23:26:04.158 | INFO     | src.models.evaluation:evaluate_tsb_ad_nonoverlapping:65 - Normal (22089) reconstruction error: mean=0.1409, std=0.1718
2026-02-08 23:26:04.158 | INFO     | src.models.evaluation:evaluate_tsb_ad_nonoverlapping:66 - Anomaly (360) reconstruction error: mean=0.1571, std=0.1137
2026-02-08 23:26:04.159 | INFO     | src.models.evaluation:evaluate_tsb_ad_nonoverlapping:67 - Overlap? Normal max=1.0000, Anomaly min=0.0482
2026-02-08 23:26:07.418 | INFO     | src.models.evaluation:evaluate_tsb_ad_nonoverlapping:83 - {'AUC-PR': 0.022778611137979916, 'AUC-ROC': 0.6384048621485807, 'VUS-PR': np.float64(0.02356687459479937), 'VUS-ROC': np.float64(0.6467973465024108), 'Standard-F1': np.float64(0.0508027566140797), 'PA-F1': 0.21931160523911056, 'Event-based-F1': np.float64(0.04973156258830172), 'R-based-F1': 0.062252274454233675, 'Affiliation-F': 0.6667262671984339}
2026-02-08 23:26:07.572 | INFO     | src.pipelines.train_vision_backbones:run_pipeline:170 - Train images: 186
2026-02-08 23:26:07.572 | INFO     | src.pipelines.train_vision_backbones:run_pipeline:171 - Test images: 701
2026-02-08 23:26:08.542 | INFO     | src.pipelines.train_vision_backbones:run_pipeline:176 - Training pvt_autoencoder_progressive_unfreeze on MWT
2026-02-08 23:26:08.566 | INFO     | src.models.pvt_autoencoder.training:train_pvt_autoencoder_progressive_unfreeze:132 - Device: cuda | Model on: cuda:0
2026-02-08 23:26:45.802 | INFO     | src.pipelines.train_vision_backbones:run_pipeline:193 - Evaluating pvt_autoencoder_progressive_unfreeze on MWT
2026-02-08 23:26:46.249 | INFO     | src.models.evaluation:evaluate_tsb_ad_nonoverlapping:65 - Normal (22089) reconstruction error: mean=0.1417, std=0.2001
2026-02-08 23:26:46.249 | INFO     | src.models.evaluation:evaluate_tsb_ad_nonoverlapping:66 - Anomaly (360) reconstruction error: mean=0.1587, std=0.1413
2026-02-08 23:26:46.249 | INFO     | src.models.evaluation:evaluate_tsb_ad_nonoverlapping:67 - Overlap? Normal max=1.0000, Anomaly min=0.0264
2026-02-08 23:26:49.559 | INFO     | src.models.evaluation:evaluate_tsb_ad_nonoverlapping:83 - {'AUC-PR': 0.02302109130955283, 'AUC-ROC': 0.6190608950659202, 'VUS-PR': np.float64(0.025488259644468575), 'VUS-ROC': np.float64(0.638506181820596), 'Standard-F1': np.float64(0.05684400745623023), 'PA-F1': 0.2694610778443114, 'Event-based-F1': np.float64(0.061896838602329377), 'R-based-F1': 0.06472114062886428, 'Affiliation-F': 0.6665417680437056}
2026-02-08 23:26:49.824 | INFO     | src.pipelines.train_vision_backbones:run_pipeline:170 - Train images: 186
2026-02-08 23:26:49.824 | INFO     | src.pipelines.train_vision_backbones:run_pipeline:171 - Test images: 701
2026-02-08 23:26:50.793 | INFO     | src.pipelines.train_vision_backbones:run_pipeline:176 - Training pvt_autoencoder_differential_lr on MWT
2026-02-08 23:26:50.818 | INFO     | src.models.pvt_autoencoder.training:train_pvt_autoencoder_differential_lr:267 - Device: cuda | Model on: cuda:0
2026-02-08 23:27:25.763 | INFO     | src.pipelines.train_vision_backbones:run_pipeline:193 - Evaluating pvt_autoencoder_differential_lr on MWT
2026-02-08 23:27:26.219 | INFO     | src.models.evaluation:evaluate_tsb_ad_nonoverlapping:65 - Normal (22089) reconstruction error: mean=0.1257, std=0.1717
2026-02-08 23:27:26.219 | INFO     | src.models.evaluation:evaluate_tsb_ad_nonoverlapping:66 - Anomaly (360) reconstruction error: mean=0.1443, std=0.1454
2026-02-08 23:27:26.219 | INFO     | src.models.evaluation:evaluate_tsb_ad_nonoverlapping:67 - Overlap? Normal max=1.0000, Anomaly min=0.0219
2026-02-08 23:27:29.388 | INFO     | src.models.evaluation:evaluate_tsb_ad_nonoverlapping:83 - {'AUC-PR': 0.02273272223303577, 'AUC-ROC': 0.5921435254349827, 'VUS-PR': np.float64(0.024187616876267498), 'VUS-ROC': np.float64(0.6106149040726399), 'Standard-F1': np.float64(0.05358914379498301), 'PA-F1': 0.436099333737129, 'Event-based-F1': np.float64(0.058645096056622784), 'R-based-F1': 0.06823297692740574, 'Affiliation-F': 0.6667479696248323}
2026-02-08 23:27:29.856 | INFO     | src.pipelines.train_vision_backbones:run_pipeline:70 - Using zip: /net/scratch/hscra/plgrid/plgsmendowski12/ts2i_images/UCR/500_UCR_id_198_Facility_tr_7482_1st_23357_ts2i_SPIRAL.zip for transformation SPIRAL
2026-02-08 23:27:30.826 | INFO     | src.pipelines.train_vision_backbones:run_pipeline:170 - Train images: 186
2026-02-08 23:27:30.826 | INFO     | src.pipelines.train_vision_backbones:run_pipeline:171 - Test images: 701
2026-02-08 23:27:30.833 | INFO     | src.pipelines.train_vision_backbones:run_pipeline:176 - Training cnn_autoencoder on SPIRAL
2026-02-08 23:27:30.838 | INFO     | src.models.cnn_autoencoder.training:train_autoencoder:22 - Device: cuda | Model on: cuda:0
2026-02-08 23:28:05.452 | INFO     | src.pipelines.train_vision_backbones:run_pipeline:193 - Evaluating cnn_autoencoder on SPIRAL
2026-02-08 23:28:06.001 | INFO     | src.models.evaluation:evaluate_tsb_ad_nonoverlapping:65 - Normal (22089) reconstruction error: mean=0.1556, std=0.1341
2026-02-08 23:28:06.001 | INFO     | src.models.evaluation:evaluate_tsb_ad_nonoverlapping:66 - Anomaly (360) reconstruction error: mean=0.0795, std=0.0410
2026-02-08 23:28:06.001 | INFO     | src.models.evaluation:evaluate_tsb_ad_nonoverlapping:67 - Overlap? Normal max=1.0000, Anomaly min=0.0222
2026-02-08 23:28:09.312 | INFO     | src.models.evaluation:evaluate_tsb_ad_nonoverlapping:83 - {'AUC-PR': 0.01097481792688359, 'AUC-ROC': 0.26709661923229766, 'VUS-PR': np.float64(0.01191726219799012), 'VUS-ROC': np.float64(0.2989238237463843), 'Standard-F1': np.float64(0.03238397502150602), 'PA-F1': 0.09513742071881606, 'Event-based-F1': np.float64(0.03229133964210428), 'R-based-F1': 0.09598124155953357, 'Affiliation-F': 0.6662051969212148}
2026-02-08 23:28:09.470 | INFO     | src.pipelines.train_vision_backbones:run_pipeline:170 - Train images: 186
2026-02-08 23:28:09.470 | INFO     | src.pipelines.train_vision_backbones:run_pipeline:171 - Test images: 701
2026-02-08 23:28:09.683 | INFO     | src.pipelines.train_vision_backbones:run_pipeline:176 - Training resnet18_autoencoder_frozen on SPIRAL
2026-02-08 23:28:09.696 | INFO     | src.models.resnet18_autoencoder.training:train_autoencoder_frozen:25 - Device: cuda | Model on: cuda:0
2026-02-08 23:28:36.659 | INFO     | src.pipelines.train_vision_backbones:run_pipeline:193 - Evaluating resnet18_autoencoder_frozen on SPIRAL
2026-02-08 23:28:37.532 | INFO     | src.models.evaluation:evaluate_tsb_ad_nonoverlapping:65 - Normal (22089) reconstruction error: mean=0.1061, std=0.1256
2026-02-08 23:28:37.532 | INFO     | src.models.evaluation:evaluate_tsb_ad_nonoverlapping:66 - Anomaly (360) reconstruction error: mean=0.3334, std=0.2728
2026-02-08 23:28:37.532 | INFO     | src.models.evaluation:evaluate_tsb_ad_nonoverlapping:67 - Overlap? Normal max=0.8638, Anomaly min=0.0163
2026-02-08 23:28:40.593 | INFO     | src.models.evaluation:evaluate_tsb_ad_nonoverlapping:83 - {'AUC-PR': 0.1665572112903963, 'AUC-ROC': 0.7978963888511627, 'VUS-PR': np.float64(0.16818662923296512), 'VUS-ROC': np.float64(0.8355655029407355), 'Standard-F1': np.float64(0.22607317603090735), 'PA-F1': 1.0, 'Event-based-F1': np.float64(0.9999999999999996), 'R-based-F1': 0.4265734265734266, 'Affiliation-F': 0.9966547460828741}
2026-02-08 23:28:40.750 | INFO     | src.pipelines.train_vision_backbones:run_pipeline:170 - Train images: 186
2026-02-08 23:28:40.751 | INFO     | src.pipelines.train_vision_backbones:run_pipeline:171 - Test images: 701
2026-02-08 23:28:40.962 | INFO     | src.pipelines.train_vision_backbones:run_pipeline:176 - Training resnet18_autoencoder_progressive_unfreeze on SPIRAL
2026-02-08 23:28:40.975 | INFO     | src.models.resnet18_autoencoder.training:train_autoencoder_progressive_unfreeze:133 - Device: cuda | Model on: cuda:0
2026-02-08 23:29:12.524 | INFO     | src.pipelines.train_vision_backbones:run_pipeline:193 - Evaluating resnet18_autoencoder_progressive_unfreeze on SPIRAL
2026-02-08 23:29:13.386 | INFO     | src.models.evaluation:evaluate_tsb_ad_nonoverlapping:65 - Normal (22089) reconstruction error: mean=0.1354, std=0.1477
2026-02-08 23:29:13.386 | INFO     | src.models.evaluation:evaluate_tsb_ad_nonoverlapping:66 - Anomaly (360) reconstruction error: mean=0.2486, std=0.1745
2026-02-08 23:29:13.386 | INFO     | src.models.evaluation:evaluate_tsb_ad_nonoverlapping:67 - Overlap? Normal max=1.0000, Anomaly min=0.0482
2026-02-08 23:29:16.614 | INFO     | src.models.evaluation:evaluate_tsb_ad_nonoverlapping:83 - {'AUC-PR': 0.05057001472894227, 'AUC-ROC': 0.7017543925835384, 'VUS-PR': np.float64(0.05340936137659712), 'VUS-ROC': np.float64(0.7124656414328893), 'Standard-F1': np.float64(0.1531066688779416), 'PA-F1': 0.45454545454545453, 'Event-based-F1': np.float64(0.18181818181818163), 'R-based-F1': 0.21596244131455397, 'Affiliation-F': 0.6662051969212148}
2026-02-08 23:29:16.772 | INFO     | src.pipelines.train_vision_backbones:run_pipeline:170 - Train images: 186
2026-02-08 23:29:16.772 | INFO     | src.pipelines.train_vision_backbones:run_pipeline:171 - Test images: 701
2026-02-08 23:29:16.984 | INFO     | src.pipelines.train_vision_backbones:run_pipeline:176 - Training resnet18_autoencoder_differential_lr on SPIRAL
2026-02-08 23:29:16.997 | INFO     | src.models.resnet18_autoencoder.training:train_autoencoder_differential_lr:271 - Device: cuda | Model on: cuda:0
2026-02-08 23:29:50.121 | INFO     | src.pipelines.train_vision_backbones:run_pipeline:193 - Evaluating resnet18_autoencoder_differential_lr on SPIRAL
2026-02-08 23:29:50.622 | INFO     | src.models.evaluation:evaluate_tsb_ad_nonoverlapping:65 - Normal (22089) reconstruction error: mean=0.1210, std=0.1350
2026-02-08 23:29:50.622 | INFO     | src.models.evaluation:evaluate_tsb_ad_nonoverlapping:66 - Anomaly (360) reconstruction error: mean=0.3377, std=0.3064
2026-02-08 23:29:50.622 | INFO     | src.models.evaluation:evaluate_tsb_ad_nonoverlapping:67 - Overlap? Normal max=1.0000, Anomaly min=0.0398
2026-02-08 23:29:53.765 | INFO     | src.models.evaluation:evaluate_tsb_ad_nonoverlapping:83 - {'AUC-PR': 0.10258975477282033, 'AUC-ROC': 0.7398610922480269, 'VUS-PR': np.float64(0.09402533503834114), 'VUS-ROC': np.float64(0.7453934025302927), 'Standard-F1': np.float64(0.25805952142861754), 'PA-F1': 0.8490566037735849, 'Event-based-F1': np.float64(0.4444444444444441), 'R-based-F1': 0.23018867924528302, 'Affiliation-F': 0.666241395516691}
2026-02-08 23:29:53.920 | INFO     | src.pipelines.train_vision_backbones:run_pipeline:170 - Train images: 186
2026-02-08 23:29:53.920 | INFO     | src.pipelines.train_vision_backbones:run_pipeline:171 - Test images: 701
2026-02-08 23:29:54.896 | INFO     | src.pipelines.train_vision_backbones:run_pipeline:176 - Training pvt_autoencoder_frozen on SPIRAL
2026-02-08 23:29:54.920 | INFO     | src.models.pvt_autoencoder.training:train_pvt_autoencoder_frozen:24 - Device: cuda | Model on: cuda:0
2026-02-08 23:30:27.373 | INFO     | src.pipelines.train_vision_backbones:run_pipeline:193 - Evaluating pvt_autoencoder_frozen on SPIRAL
2026-02-08 23:30:27.800 | INFO     | src.models.evaluation:evaluate_tsb_ad_nonoverlapping:65 - Normal (22089) reconstruction error: mean=0.0858, std=0.1117
2026-02-08 23:30:27.800 | INFO     | src.models.evaluation:evaluate_tsb_ad_nonoverlapping:66 - Anomaly (360) reconstruction error: mean=0.1807, std=0.1528
2026-02-08 23:30:27.800 | INFO     | src.models.evaluation:evaluate_tsb_ad_nonoverlapping:67 - Overlap? Normal max=1.0000, Anomaly min=0.0412
2026-02-08 23:30:30.760 | INFO     | src.models.evaluation:evaluate_tsb_ad_nonoverlapping:83 - {'AUC-PR': 0.05334357000177025, 'AUC-ROC': 0.7562949884557926, 'VUS-PR': np.float64(0.05218580544627145), 'VUS-ROC': np.float64(0.7649162591043676), 'Standard-F1': np.float64(0.1702084202105478), 'PA-F1': 0.6338028169014085, 'Event-based-F1': np.float64(0.21428571428571405), 'R-based-F1': 0.1776061776061776, 'Affiliation-F': 0.6662124367974998}
2026-02-08 23:30:30.915 | INFO     | src.pipelines.train_vision_backbones:run_pipeline:170 - Train images: 186
2026-02-08 23:30:30.915 | INFO     | src.pipelines.train_vision_backbones:run_pipeline:171 - Test images: 701
2026-02-08 23:30:31.885 | INFO     | src.pipelines.train_vision_backbones:run_pipeline:176 - Training pvt_autoencoder_progressive_unfreeze on SPIRAL
2026-02-08 23:30:31.909 | INFO     | src.models.pvt_autoencoder.training:train_pvt_autoencoder_progressive_unfreeze:132 - Device: cuda | Model on: cuda:0
2026-02-08 23:31:11.009 | INFO     | src.pipelines.train_vision_backbones:run_pipeline:193 - Evaluating pvt_autoencoder_progressive_unfreeze on SPIRAL
2026-02-08 23:31:11.421 | INFO     | src.models.evaluation:evaluate_tsb_ad_nonoverlapping:65 - Normal (22089) reconstruction error: mean=0.1284, std=0.1448
2026-02-08 23:31:11.421 | INFO     | src.models.evaluation:evaluate_tsb_ad_nonoverlapping:66 - Anomaly (360) reconstruction error: mean=0.1988, std=0.1070
2026-02-08 23:31:11.422 | INFO     | src.models.evaluation:evaluate_tsb_ad_nonoverlapping:67 - Overlap? Normal max=1.0000, Anomaly min=0.0404
2026-02-08 23:31:14.585 | INFO     | src.models.evaluation:evaluate_tsb_ad_nonoverlapping:83 - {'AUC-PR': 0.039451025611601596, 'AUC-ROC': 0.7278313489368766, 'VUS-PR': np.float64(0.039337878477431656), 'VUS-ROC': np.float64(0.7339483565929521), 'Standard-F1': np.float64(0.1129392830767249), 'PA-F1': 0.41284403669724773, 'Event-based-F1': np.float64(0.11627906976744172), 'R-based-F1': 0.12748171368861025, 'Affiliation-F': 0.6662051969212148}
2026-02-08 23:31:14.739 | INFO     | src.pipelines.train_vision_backbones:run_pipeline:170 - Train images: 186
2026-02-08 23:31:14.740 | INFO     | src.pipelines.train_vision_backbones:run_pipeline:171 - Test images: 701
2026-02-08 23:31:15.707 | INFO     | src.pipelines.train_vision_backbones:run_pipeline:176 - Training pvt_autoencoder_differential_lr on SPIRAL
2026-02-08 23:31:15.731 | INFO     | src.models.pvt_autoencoder.training:train_pvt_autoencoder_differential_lr:267 - Device: cuda | Model on: cuda:0
2026-02-08 23:31:57.970 | INFO     | src.pipelines.train_vision_backbones:run_pipeline:193 - Evaluating pvt_autoencoder_differential_lr on SPIRAL
2026-02-08 23:31:58.395 | INFO     | src.models.evaluation:evaluate_tsb_ad_nonoverlapping:65 - Normal (22089) reconstruction error: mean=0.0602, std=0.0888
2026-02-08 23:31:58.395 | INFO     | src.models.evaluation:evaluate_tsb_ad_nonoverlapping:66 - Anomaly (360) reconstruction error: mean=0.0261, std=0.0073
2026-02-08 23:31:58.396 | INFO     | src.models.evaluation:evaluate_tsb_ad_nonoverlapping:67 - Overlap? Normal max=1.0000, Anomaly min=0.0153
2026-02-08 23:32:01.155 | INFO     | src.models.evaluation:evaluate_tsb_ad_nonoverlapping:83 - {'AUC-PR': 0.012469008380074989, 'AUC-ROC': 0.3391652959492155, 'VUS-PR': np.float64(0.012923720074881868), 'VUS-ROC': np.float64(0.3463072802827072), 'Standard-F1': np.float64(0.03867395065245901), 'PA-F1': 0.05077574047954866, 'Event-based-F1': np.float64(0.034787650384113605), 'R-based-F1': 0.07206346311662258, 'Affiliation-F': 0.6662051969212148}
