file,Sub-IForest,IForest,Sub-LOF,LOF,POLY,MatrixProfile,KShapeAD,SAND,Series2Graph,SR,Sub-PCA,Sub-HBOS,Sub-OCSVM,Sub-MCD,Sub-KNN,KMeansAD,AutoEncoder,CNN,LSTMAD,TranAD,AnomalyTransformer,OmniAnomaly,USAD,Donut,TimesNet,FITS,OFA,Lag-Llama,Chronos,TimesFM,MOMENT (ZS),MOMENT (FT),ts_len,anomaly_len,num_anomaly,avg_anomaly_len,anomaly_ratio,point_anomaly,seq_anomaly
001_NAB_id_1_Facility_tr_1007_1st_2014.csv,0.4797815624545448,0.5040941229296181,0.6086993985694681,0.5035858161051839,0.6051586423227489,0.5184982576854726,0.5173417213182143,0.4825918746798379,0.5806804671047223,0.5169361825920327,0.5044459060351751,0.5037767276107841,0.549979288275583,0.5792168122284551,0.5979451123492471,0.6028534748265592,0.4515424701023885,0.4643204973343536,0.4908595681842616,0.4756846726915124,0.5071558217337137,0.482772904637529,0.5388427837822455,0.438868001492509,0.5881987440157346,0.6565837986883629,0.6041483528645422,0.516633411964104,0.5357814802400663,0.5247694832503811,0.8022326764607299,0.7990907394876141,4031,343,3,114.33333333333333,0.08509054825105433,0,1
002_NAB_id_2_WebService_tr_1500_1st_4106.csv,0.3208006133074724,0.5212367079392465,0.511363839271993,0.5144798463569938,0.825962295875191,0.3231687201480228,0.1517210048149554,0.585581302903697,0.719420905670606,0.5018205736087519,0.710567874362126,0.3247810232973122,0.5318647948572565,0.5908370950325081,0.5491210928066632,0.5727414217598283,0.6794599077170133,0.5369429057929631,0.4108715130797654,0.4109451322232015,0.5197959388577647,0.3841321034789509,0.5094245676009614,0.4177706367046022,0.4907756530515647,0.5717783721299877,0.476178425873426,0.4667411249414925,0.4754090106904363,0.4768767100351235,0.4352226181426256,0.4370644139696642,6000,637,1,637.0,0.10616666666666667,0,1
005_NAB_id_5_Traffic_tr_594_1st_1645.csv,0.470413574117176,0.5228894453624514,0.1065649052708425,0.4939663394549786,0.5340550045333406,0.4372230442854395,0.4619356383375396,0.7965079539522487,0.5361293513201638,0.5016877372153906,0.524678250562252,0.444288972011037,0.5068510356034053,0.3394687160244761,0.0828590660925743,0.165531696097402,0.4381503185113373,0.4751569006864773,0.423219731610533,0.4471198568170845,0.489264225073495,0.4162529093842114,0.4745642301759564,0.4599162411344734,0.4513382186129939,0.5737619662531057,0.449444420458515,0.4429034575063094,0.4072725774102261,0.4323138877223005,0.422579961456792,0.4237613775075654,2379,238,1,238.0,0.10004203446826397,0,1
006_NAB_id_6_Traffic_tr_2579_1st_5839.csv,0.7453829406741662,0.5694680627571812,0.9011335048136064,0.5155516964945488,0.5518074933604524,0.922893139081929,0.971054394643628,0.9342824323999468,0.8374118254496653,0.5112944948979219,0.5630311246102762,0.8584983595797095,0.5449302703793087,0.7508362014994246,0.9444367855496688,0.8525326437889266,0.8129950134149695,0.4895212732044479,0.4132044165402861,0.402467110592234,0.5033639851708932,0.4044551076698924,0.2507415075979836,0.5016752250025346,0.4844520661770316,0.4761384955793835,0.4119310657662733,0.4722666020044587,0.5084409788381079,0.4560702867051225,0.3132210872657606,0.3302272131041309,10319,1030,5,206.0,0.09981587363116581,0,1
008_NAB_id_8_Synthetic_tr_1007_1st_2734.csv,0.8176741670539559,0.6034425557525132,0.868698324305724,0.5251984771650153,0.8597841599388015,0.8213931719194054,0.8511301305541732,0.843465916490844,0.8633691558739782,0.7503862610343159,0.810559355331362,0.7699806972302993,0.4498443302912278,0.5624721528757425,0.690215908607966,0.638622813186753,0.8553951104219877,0.6977951246797153,0.6684101536955619,0.70046639220541,0.5004390420452162,0.6620246795781358,0.8831963083452948,0.6312773415918478,0.7681028585372942,0.7601037935152015,0.7719174861432709,0.7385242429352274,0.6652189589391154,0.7365343302775185,0.8049001342145706,0.8043723241055674,4031,402,1,402.0,0.09972711485983626,0,1
009_NAB_id_9_Traffic_tr_500_1st_438.csv,0.5161977530229458,0.5530443682757308,0.4861896600971152,0.5206143482814434,0.919642007045606,0.723484956679044,0.2201537655907836,0.4197705417499762,0.650698609920975,0.5333761782347901,0.7874821479577265,0.6017804436827573,0.6622203180043797,0.6385318480434161,0.4586665714557745,0.4156598114824336,0.6413643720841665,0.6232219365895459,0.5385258973626583,0.5435530324669142,0.5142625916404836,0.5518161477673047,0.6992692564029325,0.6180210416071599,0.5672403122917262,0.6271493858897458,0.6632081310101876,0.5606207750166619,0.5470437017994858,0.540224221650957,0.6452370751213938,0.6431067314100734,2161,216,1,216.0,0.0999537251272559,0,1
010_NAB_id_10_WebService_tr_500_1st_271.csv,0.1730586220022839,0.5405326100748636,0.5904311001141986,0.5292753140464408,0.7849099099099099,0.1044521634310366,0.468825339423931,0.3927563126506789,0.3428538573785052,0.464812523791397,0.8639766527090471,0.1448658165207461,0.5375269635833017,0.4542570739753838,0.6058598210886943,0.8001681258723512,0.4793490673772363,0.5315791143255931,0.6530381614008375,0.4456921710442837,0.5,0.5160988453241975,0.4297043522395635,0.5098337774394113,0.4917523156959776,0.4501490927547265,0.7032974876284735,0.5431100114198706,0.554061984519731,0.489975891384342,0.978706699657404,0.9773109376982616,1000,148,3,49.333333333333336,0.148,0,1
011_NAB_id_11_Facility_tr_1007_1st_1526.csv,0.2419143805107655,0.6140678806513336,0.2912276144145554,0.5615165437142426,0.97963366939143,0.3689589909479021,0.4453511172478586,0.5727115606120456,0.9536185260181088,0.6567925134844349,0.9638550715354166,0.201129525307559,0.6204281330329806,0.1598701793219289,0.1840567538424856,0.1272649520942244,0.6019372272419392,0.5347783950112039,0.3156481722021947,0.3113024297486741,0.5317950342167166,0.2957767947910402,0.2143411280306616,0.3801664632287437,0.611325323928926,0.7728814283121532,0.550389141752935,0.5685099447336861,0.4810369758804473,0.5926443252681762,0.8203815143136076,0.8206828159604465,4031,474,1,474.0,0.11758868767055321,0,1
013_NAB_id_13_Traffic_tr_623_1st_2084.csv,0.0519911742739781,0.5530082153218625,0.1905726668198661,0.5479436561054778,0.9452359750667854,0.1174668945508861,0.9311374342917876,0.9466596530031886,0.9485770401861372,0.5473781346048889,0.9553677864590812,0.0547577413609858,0.6625658877430844,0.0941117542297417,0.2361545974205038,0.0944528624364461,0.549949910952805,0.5343603682532387,0.3161678108752477,0.3438972151207882,0.4926697641685578,0.2414875549363743,0.0555512667681613,0.4883771866831355,0.5439598713124407,0.722970765231379,0.5303038735529831,0.5627118461494269,0.5294223781346049,0.5709702553643754,0.8709013156004941,0.8682119466865825,2494,248,2,124.0,0.09943865276663993,0,1
014_NAB_id_14_WebService_tr_500_1st_1045.csv,0.5479574387231616,0.3721237887136614,0.4777313319399582,0.4459315029450884,0.5684163024890747,0.6013086642599279,0.4216416492494775,0.6274938248147445,0.5144594337830135,0.3157609728291848,0.2557856735702071,0.5557951738552156,0.5207201216036481,0.7036053581607449,0.4877042561276838,0.5500332509975299,0.8158037241117233,0.419596712901387,0.6437963138894167,0.3800209006270188,0.4985559566787003,0.3873218696560897,0.7340727721831655,0.5824007220216607,0.5162027360820824,0.533407752232567,0.4707961238837165,0.4057619228576857,0.4716701501045031,0.4214183925517766,0.5805386661599848,0.5905614668440053,1537,152,1,152.0,0.0988939492517892,0,1
015_NAB_id_15_Synthetic_tr_1007_1st_2787.csv,0.8430444597375568,0.5159236762869209,0.8361852771654992,0.5222168474689345,0.4697420783339816,0.9137978228370496,0.9998758819859326,0.993808505851832,1.0,0.411840747722379,0.1123711305932065,0.8157717425393436,0.7237825629704988,0.607849688652178,0.8642010401532857,0.9981470953614217,0.5434540491839794,0.4203256546394094,0.4127608279114816,0.4051716208593621,0.5008433375777261,0.4047261258445843,0.3211819581168194,0.4718290894946291,0.4339789132359671,0.3925946981660455,0.4363296751765079,0.4605337961162143,0.4348967770319615,0.4277084600833142,0.4416905760073229,0.4406510876395081,4031,513,1,513.0,0.12726370627635822,0,1
016_NAB_id_16_Environment_tr_1816_1st_3540.csv,0.4946999920614947,0.7617990257596051,0.3699740393986329,0.593957699590069,0.5998853983862877,0.4723421208645876,0.4870992954998809,0.6141603510508384,0.5696878309469962,0.6647592437138016,0.8266935618722034,0.4835740502085124,0.3840376504726788,0.3508116277145043,0.425202917485149,0.3373567057567675,0.6041160305446659,0.5013976836454968,0.5529539473795333,0.5470133696252519,0.4988601066462179,0.5496479610709213,0.5351534327279238,0.4775027826994634,0.544866278411826,0.5596305259175307,0.5419027457094068,0.5591431312505173,0.508176238195696,0.5203871794828486,0.6021330932639248,0.6038462058167287,7266,724,2,362.0,0.09964216900633086,0,1
017_NAB_id_17_Synthetic_tr_1007_1st_1805.csv,0.6425059875601327,0.5050052849557668,0.7611940298507462,0.5,0.985701144319735,0.6508474436854033,0.7372078022672528,0.724303530569802,0.7484100577300875,0.4831032218351614,0.6561293148476411,0.6514252929346105,0.7714140101366959,0.6066125010110647,0.7797571799311517,0.9898667313748152,0.6383619927367846,0.518210476962117,0.5340039949056042,0.4970744239672401,0.5012492648359195,0.4957477012841551,0.6421313794762753,0.53061161538683,0.6159194383552067,0.5511184090569472,0.5234611593451864,0.5403466272934034,0.560331780063584,0.5617143683621025,0.5600325734238698,0.565435086896737,4031,402,1,402.0,0.09972711485983626,0,1
018_NAB_id_18_Facility_tr_500_1st_669.csv,0.6988067260685425,0.5978779957522213,0.4542704000201079,0.4814426738384588,0.5299041107941336,0.7155292129041988,0.7919059707682446,0.635294265498737,0.6042920787724171,0.5328668736097322,0.4530482210855713,0.4692224554171746,0.3660205979565419,0.4075212703120484,0.3755796709856606,0.3712627716127735,0.7550269570572192,0.6451533850272083,0.3707427957421673,0.5624159555616997,0.5,0.6099018486634578,0.7011976725188825,0.4902508451571552,0.5306754345176007,0.6230237775068808,0.5882937879378165,0.335653064558696,0.457264581317314,0.5758567819934397,0.4713149262922421,0.4713274936848852,1881,188,2,94.0,0.09994683678894205,0,1
019_NAB_id_19_Facility_tr_1007_1st_1171.csv,0.5178910768383365,0.5388701459652988,0.6747865601762599,0.5131761222803636,0.6795800055081246,0.4339431286147066,0.4170834480859268,0.6431802533737263,0.5761870008262188,0.4952196364637841,0.5172679702561278,0.510057835307078,0.505399339025062,0.7054950426879647,0.5784515285045442,0.5786518865326357,0.7822624621316442,0.4529826494078766,0.5409887083448086,0.536833861195263,0.5094323189204075,0.5680694023684936,0.5871547094464334,0.4711202148168548,0.5907966125034426,0.6271949876067199,0.5916996006609749,0.5595476452767832,0.5865705039933902,0.5793176810795924,0.7289334893968604,0.7469574497383641,4031,400,2,200.0,0.09923096005953858,0,1
020_NAB_id_20_Synthetic_tr_1007_1st_2679.csv,0.9664749410892468,0.677211337309514,0.8400040611821818,0.4784252057744343,0.5456394236899147,0.948476820566582,0.9990092604398354,0.9033797535901322,0.9990770255146132,0.3163136743781904,0.0717445610853745,0.9785154017973092,0.9690046798041188,0.3182073186280759,0.987856593045934,0.99947912977366,0.6441417447027544,0.4158494718102011,0.5517158494718102,0.557548604322798,0.6712775251344676,0.5559434929000147,0.4872105817407359,0.6141791925803146,0.3655696752470946,0.396581995740481,0.3401962589900879,0.4015829165899292,0.3168430447532832,0.3683057786844603,0.4058589636429749,0.4039374577944003,4031,621,1,621.0,0.15405606549243364,0,1
022_NAB_id_22_Facility_tr_1007_1st_2980.csv,0.6860493394386873,0.7426771355958197,0.5181637929145761,0.5379954209845978,0.9422583966873344,0.2364776636066866,0.0609192537738536,0.4522402120807133,0.9113297767456128,0.7884363429222445,0.9022232324781456,0.651609228140131,0.3685680170015117,0.3254140832110072,0.4367780930263129,0.4756775409153649,0.5759218281006946,0.7196097977784107,0.815141971386631,0.8176182547159476,0.4891122406502639,0.812829459062726,0.8561479854523146,0.8430931358587296,0.6762589553710316,0.7552664154415792,0.7299594132725719,0.6980495366211685,0.6321708695747432,0.6373151414236575,0.8999797340227419,0.896745941327257,4031,520,2,260.0,0.12900024807740015,0,1
023_NAB_id_23_Facility_tr_4512_1st_16551.csv,0.8204043269905964,0.8196803641033794,0.6999362088246235,0.5175193009042165,0.5460864017106489,0.7720458889902868,0.894313962128144,0.747372385180926,0.7209342987193607,0.7012884639693195,0.8949303762235415,0.8329103376632763,0.6732403117959064,0.8510181218403383,0.8145405079206972,0.911146386630828,0.8526085452264348,0.610848379879192,0.5966437718621708,0.5954603519856375,0.4962297422886528,0.6513744909027799,0.806813491236659,0.498301846322154,0.568741565799089,0.5926786840593613,0.5361242537227047,0.6315770835445791,0.7051223474894406,0.7195941839033118,0.5376238464771952,0.644357824611213,18049,1498,1,1498.0,0.0829962878829852,0,1
024_NAB_id_24_Synthetic_tr_1007_1st_2787.csv,0.5812446598778546,0.5674570324491033,0.6241501517675181,0.5584612469205988,0.9306099957112792,0.5856356116746291,0.3052366719970921,0.9063695813344238,0.9999980606560304,0.5013104424253104,0.9206819398315762,0.6528324949826401,0.6360322352213679,0.5223390261390322,0.5161043123252512,0.99038140800805,0.545116898113517,0.529595497175761,0.4973342331889353,0.4896577556581745,0.4987568805153557,0.4827747468602021,0.5388722105307486,0.4750716726121412,0.504518117351366,0.5597689188545236,0.495618467873936,0.5144265027422323,0.4978922101539618,0.5113246605871004,0.5287444022221557,0.5305208412984961,4031,513,1,513.0,0.12726370627635822,0,1
025_NAB_id_25_WebService_tr_3958_1st_4614.csv,0.4842511555118181,0.484173817931838,0.5070183798321,0.4989591289874484,0.5535795109369505,0.4968229642208777,0.4679551970498478,0.5265297875137223,0.5221817635188666,0.4952049368154413,0.5050921123217882,0.4713536541173879,0.5060358395179713,0.5033374396487102,0.4744506433918224,0.4808603811323838,0.5277272654604106,0.5095279765309421,0.4684418265080273,0.4670812801756449,0.5019242025103294,0.4634341571425019,0.521021921862177,0.4791435445880125,0.5002201778475683,0.5170982664658214,0.4899435389037114,0.4946634183254759,0.4894788472948056,0.4847208430884228,0.5180713255434726,0.5172692617869311,15832,1580,2,790.0,0.0997978777160182,0,1
026_NAB_id_26_Traffic_tr_624_1st_2261.csv,0.4848694895915022,0.5203050260351819,0.2969683229328883,0.520171226385291,0.6685661880851412,0.4784164439769716,0.569876867155531,0.4658420643799315,0.5610163570071992,0.4960566269851593,0.5296923723049591,0.5278377604911934,0.4217755213540524,0.2826833519785623,0.3043793368740685,0.2617975982962844,0.5027707677498244,0.5167584061488373,0.3633682575197261,0.3769990968523632,0.5120902850304209,0.3166833296786207,0.0351595746657796,0.548376006749449,0.5215436019609082,0.4970675576732241,0.5127964498492896,0.5076098550875459,0.5258066074727105,0.5149047234993068,0.6729100308854191,0.6699459969746413,2499,238,1,238.0,0.09523809523809523,0,1
027_NAB_id_27_Facility_tr_757_1st_2582.csv,0.4343023666548923,0.540605793006005,0.5392016955139527,0.5209528435181915,0.8340692334864005,0.3101342281879194,0.4851942776404098,0.6622924761568351,0.6049788060755916,0.5034422465559873,0.8410385022960085,0.1717273048392794,0.5233998587071707,0.2866531261038502,0.5650962557400212,0.5552119392440833,0.129184033910279,0.5347792299540798,0.627350759448958,0.6167211232779937,0.5010014129282938,0.6660985517484987,0.8136577181208053,0.5316849169904627,0.5739146944542565,0.5963758389261744,0.5401554221123278,0.5723949134581421,0.5976722006358177,0.533216178028965,0.7493094312963617,0.7458883786647827,3031,200,1,200.0,0.06598482349059716,0,1
028_NAB_id_28_Facility_tr_1007_1st_3447.csv,0.8164101703015312,0.511159044968129,0.6327215308409163,0.5098364149493357,0.9783684118752544,0.9698575331141868,0.9999935418456114,0.999990958583856,0.781415369115814,0.5596804505208501,0.9853367604605956,0.7824473821871185,0.5513132656949298,0.5747641159109549,0.7401700432050529,0.4059498976382529,0.6635979669729986,0.4489818719606311,0.5077055469088043,0.4993703299471077,0.5,0.501770180117926,0.526770664479505,0.406492705514618,0.515600317741196,0.5697558171825655,0.5678183708659739,0.467046944324251,0.5375380223839632,0.4326414497264971,0.698714181461222,0.6974606536943871,4031,430,1,430.0,0.10667328206400396,0,1
032_WSD_id_4_WebService_tr_4559_1st_11822.csv,0.6970416040923596,0.6370905293786372,0.9808199971841562,0.7039360216819973,0.9891824666791816,0.6174764173080534,0.7407458466303736,0.7081759198423127,0.963866270884175,0.9004599211563733,0.7191841092547401,0.7590546977660972,0.882423854890182,0.9955181152618736,0.9681809648958138,0.9336722123146236,0.0898606157311807,0.8006206589074525,0.7270347404730617,0.718054838558288,0.4363149990613854,0.7109389665853201,0.7888322461047494,0.7731779143983482,0.923070267035855,0.5770485263750704,0.8416395837244228,0.7669683921531819,0.7563385817533321,0.7414674066078468,0.9960138211000564,0.9961399474375822,10686,32,2,16.0,0.0029945723376380313,0,1
039_WSD_id_11_WebService_tr_1746_1st_1846.csv,0.2057823214731491,0.7181122470349539,0.3184226574921549,0.6775976299736459,0.969615712607917,0.0357661035634165,0.3775841010871696,0.6612086196179745,0.9800740025901744,0.8139187529633707,0.8535730501230584,0.1760853685302184,0.4695352932208132,0.2914968225965074,0.3447907923152574,0.2925054157431003,0.9738511336620476,0.8470433728561112,0.7968721465777363,0.741321826659362,0.477829380217836,0.9156991209155748,0.601634188962104,0.3020702965967521,0.8549271953236126,0.6268182320802989,0.7204663989371238,0.8332897728319855,0.730677566844427,0.7565876881269151,0.9897980468141356,0.9897222347877516,18219,132,7,18.857142857142858,0.0072451835995389425,0,1
040_WSD_id_12_WebService_tr_4559_1st_9714.csv,0.5699408172977031,0.4602624682471061,0.5517087916138849,0.5519936460700139,0.5701740628288393,0.9756171288011314,0.9990335055864986,0.998861922667042,0.278044088767351,0.8460968237052526,0.3554326771627156,0.4993197005341858,0.3787800186328326,0.5204391450344841,0.5751070717632156,0.580926145617598,0.4790112534266315,0.658058700125336,0.4604226569883176,0.4561652557993016,0.4756526518274251,0.435634287093077,0.4778477067540667,0.5923980723731392,0.6440780434185216,0.5657651860937406,0.6658556692739228,0.6844362227628872,0.6755434017654274,0.6822512215229324,0.907413588562926,0.915464580861802,18236,41,4,10.25,0.0022483000658039044,0,1
043_WSD_id_15_WebService_tr_4521_1st_6828.csv,0.1259011375997935,0.6781071961944798,0.5518465254346664,0.729008794734222,0.698158083964821,0.6112985600236001,0.9361690358980032,0.9654018474473144,0.6282565407378727,0.8135313531353136,0.5674078581042462,0.0235171561848922,0.9102826483765696,0.8990818076221031,0.889816914652359,0.9691446798311116,0.9940538746612092,0.6637627449895828,0.8322178586573742,0.4364916938621236,0.0026550141047624,0.7352821874366207,0.4422626620203919,0.4097295204380773,0.9437929826502204,0.3830871914007043,0.8326327046112433,0.6795453288345594,0.9862916459243688,0.9837656950052548,0.9921916772682856,0.9960543540387558,18085,6,2,3.0,0.00033176665745092616,0,1
049_WSD_id_21_WebService_tr_4297_1st_7097.csv,0.4508966004760312,0.6923385686729411,0.7298034585578438,0.665914329439103,0.9713676306359492,0.5824772794783961,0.5242809711636441,0.5566819202177861,0.9970370258959425,0.7137985102406852,0.993720600566274,0.3219198041729805,0.3497550282196963,0.959499753712178,0.7738532575794608,0.5091182895968775,0.985843150378456,0.7140071968685726,0.763908681739732,0.7357886286468458,0.5190948264516881,0.8908098921221738,0.8210164354819909,0.2630203535264279,0.8935387987922496,0.6912735148468315,0.6741527510913746,0.7202151540332921,0.7644303983094503,0.8132555489962362,0.9331770377027172,0.9283321238282528,17189,31,3,10.333333333333334,0.0018034789691081506,0,1
054_WSD_id_26_WebService_tr_2409_1st_2509.csv,0.1842738434825747,0.4106250775145726,0.5768092934805077,0.5202802926950266,0.5913406920501054,0.443843482574724,0.9662499483236182,0.9131497788250856,0.5335478936706768,0.7998751498615073,0.4018752325437182,0.0964603745504154,0.7228889164496258,0.9358791186076316,0.8310364215139113,0.960507668775063,0.5130249286865931,0.6740047128860227,0.590520484517756,0.651775600479557,0.4828922237380627,0.5600959113646699,0.6481202199346809,0.6471458100789614,0.8655297862664847,0.5632890983504899,0.7049853239075613,0.6593836041175741,0.7022320062838481,0.7389396006449211,0.9812236967216504,0.9874455330935548,18391,66,5,13.2,0.003588711869936382,0,1
058_WSD_id_30_WebService_tr_1136_1st_1236.csv,0.4022040267719992,0.7614555903006364,0.1397438007461049,0.6947278911564625,0.9998491332016678,0.3765600998463901,0.0005006034671933,0.1862793504498573,0.9979358678955452,0.8526031380294052,0.9920383475971034,0.4472789115646258,0.1820893680052666,0.2211570111915733,0.0547440750493746,0.0034699363616414,0.9970855277594908,0.9536496050032915,0.8373827353522054,0.5640978165459732,0.4526826859776168,0.945468509984639,0.5016869651086241,0.068856978275181,0.9992593811718236,0.817279734474435,0.9202943274083828,0.9960294601711652,0.9511534452490674,0.953437019969278,0.9979427254772876,0.9980318740399384,18236,8,1,8.0,0.0004386926957666155,0,1
060_WSD_id_32_WebService_tr_4576_1st_4766.csv,0.3074525530697913,0.6461416077720437,0.2953402423431604,0.5926775698468146,0.9586590445660218,0.0418585387239552,0.541720660136823,0.7105029013748003,0.9414274527038744,0.8165186087619687,0.8035827966301612,0.0161966945763087,0.7226496817482143,0.9828723556664328,0.6878638836735596,0.8225017854199859,0.6863256756858652,0.5901149670437862,0.7793619452945162,0.7976068909132624,0.4951656320386749,0.761309544968347,0.9192516208812812,0.5870972571855749,0.574595816462057,0.6922657652854033,0.7780383647168696,0.6204048998602902,0.643806289202491,0.7069966919910853,0.9889810233822696,0.9890962812637004,18305,102,8,12.75,0.005572248019666758,0,1
068_WSD_id_40_WebService_tr_4549_1st_13322.csv,0.5597887152856861,0.6224206258825673,0.8871547548550691,0.5658319288176255,0.7653196601831185,0.9689013650374284,0.7584479721829971,0.7556750026571919,0.8707883508707998,0.7266413853839263,0.7943656144186823,0.539121456444829,0.9796497061904976,0.9928464598612188,0.9948469457477336,0.9774613188782096,0.3261380373221579,0.4913394524666332,0.2450633170865029,0.2356701437920405,0.4374724790841039,0.2291467377275695,0.2700959625867383,0.4568870617531392,0.5818358159097465,0.3783025099075297,0.596116324268513,0.4699642417892771,0.6422385323190452,0.6150592553789156,0.5811601299746428,0.603188250656706,18197,29,2,14.5,0.001593669286146068,0,1
074_WSD_id_46_WebService_tr_990_1st_1090.csv,0.6177475914333037,0.8218069918567964,0.2411602623963845,0.7231788276707516,0.9942697825276596,0.1074376385862568,0.0156432900233266,0.2649163966996776,0.9956375832478278,0.8858919670890064,0.9687177432681184,0.7008882010014719,0.5923656025547908,0.2354548319287364,0.1633323341672527,0.1916179573202365,0.9221739932441,0.9283955314218516,0.7981967934454706,0.6579266535237898,0.4930067981722946,0.8459395427662297,0.5884436835410446,0.2521981653773581,0.8042312762040912,0.7715170415460941,0.9495790052148784,0.9151091204648428,0.8639963953162169,0.8976060365003056,0.9747906554913784,0.9741632944811446,18236,290,21,13.80952380952381,0.015902610221539812,0,1
089_WSD_id_61_WebService_tr_1010_1st_1110.csv,0.5084889872988682,0.7908058744062489,0.1988630492952238,0.6280312811118824,0.9273600611060308,0.5634689646448309,0.9227474152091056,0.7628336666418818,0.910968474579872,0.8723639092023093,0.6710290495057345,0.6567944730329083,0.6954224553075242,0.8127420751909323,0.8178073672937889,0.9232000614150372,0.9279215838126956,0.9177151964556958,0.8375118412247471,0.6812510078922185,0.24643194084071,0.8853059695223048,0.6040492401820434,0.2787742968412778,0.8789217267281912,0.8213698739929527,0.836980615637466,0.9251799962726092,0.9309013236099296,0.9451182770571382,0.9757060556578604,0.9753108653436684,17429,241,22,10.954545454545455,0.013827528831258248,0,1
094_WSD_id_66_WebService_tr_3309_1st_3914.csv,0.3019932044928257,0.4425833748133399,0.4782846754820699,0.5187936892678598,0.5647412729672994,0.5452160927997922,0.9147726534940592,0.7340684311900795,0.4891228601727011,0.829867768952756,0.329937022529054,0.1242062890903975,0.8298050078992361,0.9360010388036444,0.9093167701863354,0.97064730452096,0.1411171467526565,0.6162983963468739,0.503180254074058,0.5519683164888437,0.4294425087108013,0.4799489254874802,0.6140000432834852,0.6126604194169715,0.5213106239314389,0.491338974614236,0.7253835998874629,0.6007812669076114,0.7404754690847706,0.706043456619127,0.9933191940615058,0.99409180427208,13237,35,3,11.666666666666666,0.0026441036488630354,0,1
099_WSD_id_71_WebService_tr_4559_1st_14411.csv,0.8483247206750716,0.4682276690862539,0.9464661291295516,0.5802230577952936,0.9231033720065148,0.8138211382113821,0.6585365853658537,0.7099618630151676,0.9763302703101226,0.7968605687705682,0.7192179572249144,0.7960120376141931,0.9050999001333788,0.9817827197233224,0.9616887512650888,0.9169243761687412,0.7041615560426008,0.6282052828772311,0.7019189136656412,0.6933122876158687,0.4257213520197856,0.7001441028425124,0.8059397180946253,0.622345994276101,0.6493461752424614,0.6829844704052976,0.7834140979497182,0.6491732518314466,0.736334693932265,0.7157635104792928,0.9982734468729684,0.9982050818034974,18236,41,2,20.5,0.0022483000658039044,0,1
106_WSD_id_78_WebService_tr_3363_1st_3463.csv,0.4005216869300722,0.889118545003347,0.3394559335294996,0.6734287540674375,0.959549043469306,0.4035641490311618,0.3381598793363499,0.4409008078988977,0.9724277029072051,0.8547670807258405,0.9303097092292372,0.4406177355974094,0.347242305620128,0.3410021563227224,0.3593072891745566,0.4087611756417163,0.4841184382546972,0.7520364502683159,0.9380080450805828,0.9343443058386488,0.4930441324034897,0.9355354951818684,0.9629999133452138,0.9023266182153384,0.7857609860058798,0.7545825939419513,0.8568446606209255,0.7400097706411073,0.7538209109301827,0.7211703921945387,0.9952716627546426,0.9949667383766418,18236,221,3,73.66666666666667,0.012118885720552752,0,1
113_WSD_id_85_WebService_tr_500_1st_335.csv,0.1493534292340488,0.4111593071678535,0.3954515744343513,0.504371082951727,0.5327737253713187,0.595257342047675,0.9279748820766808,0.8410062204154396,0.6282299859853937,0.7668059340703327,0.3753610432998125,0.0699573411202019,0.5809583920936338,0.8194986080581789,0.9340117554770946,0.9568876346849544,0.015116834758957,0.6517197059226966,0.5654329810400098,0.5518379343319777,0.4615257322521926,0.5649096909708544,0.6418113646692314,0.6909913564391282,0.9954055912958116,0.4032735894232923,0.4390547682610904,0.5523919774555703,0.7248883005129902,0.7118204490238835,0.9902703193485038,0.9899852434153072,18242,113,8,14.125,0.006194496217520009,0,1
117_WSD_id_89_WebService_tr_3251_1st_3351.csv,0.3809930983936969,0.9051690791750646,0.0107901219487367,0.8192654573586595,0.9105234227081168,0.4708564913780817,0.5658299232476232,0.0683645839695433,0.9986563244365724,0.8991225391396405,0.9622345731794214,0.0838982878315926,0.2462998025204096,0.6550825546122682,0.0781367698853803,0.0006514790610557,0.9970479855045912,0.9683218306561616,0.874142388892282,0.8788656120849365,0.3568069382520002,0.96701887253405,0.8888821026486695,0.8636576477534151,0.8162421873409476,0.9021559885176816,0.9753659480038276,0.8997333007593803,0.9543964657260936,0.9396771106903642,0.9940552535678658,0.9977198232863048,16376,3,1,3.0,0.00018319491939423546,0,1
125_WSD_id_97_WebService_tr_2217_1st_2317.csv,0.0962219683194915,0.4041694650569779,0.1105859010270775,0.513763643859103,0.9317677363342998,0.0832939169819974,0.5037570096264627,0.8441765838889161,0.96138818587864,0.7137338853670123,0.511774056601198,0.0242122190006606,0.5600121627598408,0.9715802987861812,0.7564936305906378,0.7974907311852616,0.2798199201707974,0.565428754347743,0.5961741909239329,0.606212051097242,0.4694272445820433,0.5906214337586886,0.6394548803927029,0.5960190850219229,0.8025619604566974,0.5050094599243207,0.655646981014628,0.6115793295875855,0.6711835075160668,0.6599867042333503,0.9818032963672798,0.9830932860473623,18250,162,10,16.2,0.008876712328767123,0,1
130_WSD_id_102_WebService_tr_2362_1st_2462.csv,0.2042046677155596,0.5893002974705763,0.2497365686989321,0.6244501484510353,0.905867688839808,0.0937943345570417,0.2174761476352297,0.5446096427084177,0.9630735688936454,0.692003541790139,0.8527522068678324,0.2227400834850532,0.5984022148979745,0.7623401966176756,0.5503545343299237,0.5722358900453242,0.2018331464371041,0.8016107186053419,0.6149239836895731,0.5940878255938397,0.4944412939756878,0.6051603256968814,0.6033786290202232,0.2105025731986543,0.7622526467490716,0.6704395543484287,0.5879081692839245,0.6898497581719134,0.6313778160571576,0.6778281379024133,0.9905719024614874,0.9902791220567396,18236,195,9,21.666666666666668,0.010693134459311252,0,1
137_WSD_id_109_WebService_tr_4559_1st_14404.csv,0.7753092705160087,0.3789492774907385,0.9881858523017076,0.4990358461941567,0.922859769703378,0.698246899835236,0.6157492752528573,0.5893115065322818,0.9592220752058618,0.723755947868558,0.6748936773329679,0.8643489677306858,0.964588327771266,0.992824793485528,0.9820130300631362,0.969667385585994,0.4019784734480061,0.5953034333759464,0.6775147956581375,0.6806949180515889,0.4577488034329097,0.6821033845155406,0.7572197310253319,0.6313337865042712,0.9323581766117172,0.6489799457873285,0.7425131219095094,0.614328220707301,0.6731187578267563,0.6961484200092686,0.997879607587536,0.998132301670112,18236,59,2,29.5,0.003235358631278789,0,1
139_WSD_id_111_WebService_tr_1701_1st_1801.csv,0.1045082301966978,0.800116927979653,0.3200666257010338,0.7515355829246195,0.8765200323201252,0.1504623084762418,0.2507278939517887,0.4247068004207145,0.9632496805057622,0.918516717371062,0.9389863393437206,0.0498165971130538,0.5956635490060808,0.573192768434849,0.4648854784371234,0.4458323751647736,0.9579643598994204,0.8183268429194172,0.8030448397753676,0.6929760903958211,0.4889034656171422,0.8923395523185166,0.6786305792113236,0.2134064431652109,0.6476028821710278,0.7444828340175599,0.6465485826016695,0.7737189129279243,0.8014102984585111,0.8503472654183459,0.9023660794507088,0.9015605895532608,18381,87,8,10.875,0.004733148359719276,0,1
140_MSL_id_1_Sensor_tr_530_1st_630.csv,0.9905096478386766,0.5041322314049587,0.9915386790460612,0.5041322314049587,0.99868641929353,0.9904362734395412,0.9998711473966404,0.7824395377054931,0.7250893914935806,0.6574847255976434,0.9904613281124168,0.9894770373923096,0.9914241433986306,0.0,0.9916281600206164,0.9996850269695656,0.9132231404958676,0.6859504132231404,0.7246759893911356,0.5330578512396694,0.5,0.5000662159211708,0.5413223140495868,0.5367498362498166,0.6239669421487604,0.6074380165289256,0.6440590001753828,0.5832656260625866,0.5114732505574665,0.5585080300226566,0.7458990869361357,0.7319543718614548,2430,121,1,121.0,0.04979423868312757,0,1
141_MSL_id_2_Sensor_tr_500_1st_550.csv,0.4959714231294662,0.5353861259983186,0.798837155842791,0.5425328065889028,0.9630359394703656,0.6642923759983186,0.7663326896805381,0.5466065376733922,0.4310725028898696,0.5162998502522068,0.6408622648696931,0.5007889672656578,0.6394871138083229,0.8509180262189997,0.6899407905107188,0.7478720050441362,0.6525440705128206,0.6036264580706179,0.4760436370323665,0.4633856793820933,0.4681777729613283,0.4817626234762505,0.3541403951240017,0.4592298497267759,0.735723058532997,0.6478546001471207,0.7430610287936106,0.5718904345313156,0.5694438971206389,0.632584265973098,0.8053213009667927,0.80630155790248,2264,312,2,156.0,0.13780918727915195,0,1
143_MSL_id_4_Sensor_tr_980_1st_3550.csv,0.0112166569199239,0.629613238710901,0.4346011123579916,0.4627691988879933,0.9576947460666184,0.7134053714211454,0.781831017823368,0.8420377892631287,0.9704875654392796,0.9178727163206132,0.999791015786211,0.0376926737861793,0.6583582270411523,0.4844552624508053,0.4910479241194125,0.2244911936862181,0.7438977487658516,0.8865637199892523,0.8047121549784781,0.8059081066557081,0.173095126453011,0.8338593062075336,0.999977169791771,0.7465864448272895,0.759654104783631,0.8911525918432935,0.8258845388561363,0.8661166342653327,0.7840086684544476,0.8425154674660752,0.9561414138221106,0.9552931837779076,3922,151,1,151.0,0.038500764915859256,0,1
144_MSL_id_5_Sensor_tr_1525_1st_4590.csv,0.9137573391274768,0.4912154272903641,0.9736865663434104,0.5,0.3475456525381136,0.90867574069077,0.9979921707447768,0.3185632127314279,0.6938431258704323,0.5094029073879165,0.2376221163031898,0.2361424612405827,0.8629061857766398,0.555352143837307,0.6093506015175097,0.6260449983950155,0.4335357361635626,0.56624813444527,0.4941286980186434,0.4134075675979839,0.5695431485064691,0.4731238626030931,0.2856303368932871,0.6145472984465541,0.2981319514693601,0.4321762950818413,0.3641613987791887,0.5208321876770439,0.3978654345159916,0.3348720296596026,0.2962174798801441,0.3011488108407433,6100,131,1,131.0,0.021475409836065575,0,1
145_MSL_id_6_Sensor_tr_530_1st_630.csv,0.8850348438914918,0.5547176159404987,0.7086821599991411,0.4342636968527752,0.8329497582224068,0.9799759475140396,0.9988582227646758,0.991946712290033,0.8962074383744528,0.5307546109546188,0.713492657191228,0.8796337722673406,0.8403552036765942,0.8377924685653336,0.9692972880106232,0.9990407639527684,0.868108622744632,0.8163921986907143,0.7053642054626346,0.6977225302356214,0.5898693219847595,0.7083707662076889,0.7856536943115154,0.5038924223931508,0.8396125115877863,0.6541202409543683,0.8548063810672576,0.6315173467817273,0.7558099996778685,0.8197888964848293,0.8912985121103552,0.8919427751271525,2430,121,1,121.0,0.04979423868312757,0,1
147_MSL_id_8_Sensor_tr_590_1st_690.csv,0.7325127173612023,0.8499078082411416,0.3770916233037445,0.6123081463990555,0.8526516973486671,0.8481678254405528,0.2482144679114376,0.6444695876514058,0.6156195796347312,0.4648651012287376,0.4629793607066333,0.7065040739283164,0.7086102730042123,0.7162661973268034,0.7065933505327445,0.7238182692728147,0.6888965411692685,0.6420973807337442,0.6229575699272669,0.460980657950355,0.5,0.4553161484979667,0.4498010407101316,0.4856483303453001,0.6623467721952571,0.8760631203813021,0.5825435086798723,0.7393068491553341,0.5482476277930823,0.8226146748874023,0.8542386345416647,0.8580356231871384,2430,252,2,126.0,0.1037037037037037,0,1
148_MSL_id_9_Sensor_tr_883_1st_1238.csv,0.6705539551933961,0.7986766508045136,0.6624265911224992,0.6290875548411398,0.888171820540162,0.7189766258706942,0.7369614692916143,0.8180812630305732,0.8856386506029209,0.7581936774200394,0.9534971007803756,0.6299038721690832,0.5211539583764371,0.6378309699255699,0.6480080796184595,0.6996535790640799,0.4103920975708094,0.5392495450904249,0.6798484342092,0.1788192510305094,0.3595775043899437,0.7395463636411863,0.363326861150457,0.3135401248812991,0.737367306988366,0.7713528984238642,0.6873730099363923,0.6661056557329217,0.752622029825092,0.7712985214775675,0.9690117719457398,0.9706536904705064,3535,228,2,114.0,0.0644978783592645,0,1
149_Stock_id_1_Finance_tr_500_1st_7.csv,0.4780899662599324,0.9993694003834032,0.5455142529019883,0.4532460939993533,0.5768667461086583,0.5480590818591784,0.5517039696180208,0.5297584812311997,0.5078597297332208,0.9999045431203808,0.5923788106308627,0.4900577720471492,0.4348014236956776,0.5055579647564197,0.5848345548973265,0.5336341859760498,0.5369584811883219,0.9956425354783636,0.4797679384835348,0.5315597273588583,0.4967737075414525,0.4390906051939369,0.4885555455328511,0.5323593730160606,0.5998247420265769,0.4997246436164833,0.5727394554048344,0.9990584017624096,0.9873928850268784,0.9871588254012204,0.616302550392362,0.6169192682954151,20000,981,931,1.0537056928034372,0.04905,1,1
151_Stock_id_3_Finance_tr_500_1st_62.csv,0.4464360992231316,0.9993221207507894,0.5809449988570703,0.4778125945021521,0.5724718859807318,0.5495874984431766,0.5069404646964243,0.5085350620387404,0.5061082521680588,0.9996298159807684,0.5649934133146666,0.462555616641315,0.4845067735041489,0.5871800633349242,0.4577022127506918,0.5589152723248484,0.5129839616424601,0.7198449500963882,0.4528905759782733,0.4841852638268048,0.4986172601590691,0.530231299177544,0.4952006667197659,0.5059487384711422,0.5135099898960269,0.4801523085992129,0.5405016932411305,0.9803375085341984,0.9924281718888516,0.9976845691111978,0.6109799817865146,0.6076870708212754,10000,487,463,1.0518358531317495,0.0487,1,1
155_Stock_id_7_Finance_tr_500_1st_18.csv,0.52134387812937,0.9993686420946356,0.5783409101503456,0.4713686198403296,0.555838727796941,0.5385574488700564,0.5347100466470782,0.4989677945080585,0.4955250209430846,0.9998768991173952,0.5593365699664852,0.5293939952588604,0.4895279715831956,0.4301544551473373,0.5674274416444289,0.5311304523117497,0.538999537142842,0.6274336663683041,0.5162698153124858,0.4996716949695167,0.4986954763423492,0.4698323705195046,0.4896724625270164,0.411869031680031,0.550988342362622,0.5018138609865324,0.6305242331298451,0.9989901298371312,0.9951860478896464,0.9880347454536802,0.6191263553588127,0.6203083182869197,20000,973,924,1.053030303030303,0.04865,1,1
156_Stock_id_8_Finance_tr_500_1st_24.csv,0.5000003250429328,0.9995534993580402,0.540615956357569,0.4875453299456637,0.8463332448494238,0.5000902535876613,0.4783383805277613,0.4820766992973654,0.7936669718458645,0.999683191488209,0.8822430129312914,0.5503215216343158,0.5364597407240873,0.5680185924557536,0.45969391790499,0.4869618778813702,0.4870877778439902,0.8966327719119567,0.5235542361220211,0.5118769604151882,0.4881427588560655,0.5725315968817548,0.5204176801685889,0.4561118364383962,0.534842218743059,0.5066936091142038,0.5677012422057414,0.9863852517186644,0.9883259747224948,0.9978061768991988,0.6245653363381747,0.6235646374958692,10000,485,457,1.061269146608315,0.0485,1,1
160_Stock_id_12_Finance_tr_500_1st_14.csv,0.504663532186468,0.9994439006993328,0.5539647862197355,0.47773241834082,0.6452390358715805,0.5016841091201304,0.4580012508549447,0.4837468985223693,0.5294140914614116,0.9999065262223158,0.6438069146905459,0.4888852228301769,0.4977923519690782,0.5507152861088158,0.5630454367779332,0.5375837746673092,0.5610750642136446,0.997058523857172,0.4758683025220929,0.505325298661851,0.4960007533643458,0.4408444444658833,0.4823400752903408,0.626338680901694,0.6565817625692083,0.4988545174445705,0.568643599546545,0.9965085078556832,0.9937047769013002,0.9865135133121612,0.6065031861748424,0.6061437623484943,20000,981,934,1.0503211991434689,0.04905,1,1
162_Stock_id_14_Finance_tr_500_1st_4.csv,0.4829275530448232,0.997415514980329,0.6094984279901812,0.4663135108779717,0.558682411984263,0.5317617438380577,0.4966052153737516,0.5096982918053734,0.4896890026564444,0.9983591411950636,0.561737533205555,0.5177724536803524,0.5145116261474831,0.5004703419751841,0.6096528968694307,0.5447052691751572,0.5568785097010659,0.991595631998386,0.4848313662194425,0.5002738407478395,0.4966851608998285,0.5274167759507717,0.5007506136722821,0.5108834779246108,0.5409020562224689,0.5008487592050842,0.5169684168936413,0.9846449107232929,0.9905788694979658,0.9889433908335856,0.5777480749184573,0.5783540973132923,10000,1380,1199,1.1509591326105089,0.138,1,1
165_Stock_id_17_Finance_tr_500_1st_7.csv,0.5330235301030126,0.9949012694386404,0.5439721672405564,0.4599466840591287,0.5363090603441476,0.5166666957538308,0.5007535445410498,0.4944259020698344,0.5020618644091038,0.9998906945923388,0.5391282194608253,0.5069929282455395,0.4484676424828504,0.5097251479061522,0.5550188696744622,0.5480062037103753,0.5567724620846737,0.9939133654605218,0.4903991581676051,0.4953058199509524,0.4979139828563579,0.4641151032274369,0.4904429759027804,0.4902724316262575,0.5085044946732676,0.5019256741511264,0.5391130318058168,0.996659733948851,0.9900032818631804,0.9913373023184382,0.5691736914245804,0.5704122436517056,20000,2798,2380,1.1756302521008404,0.1399,1,1
166_Stock_id_18_Finance_tr_500_1st_18.csv,0.5560109671486613,0.9936745366082288,0.5443055834708511,0.4549849760346653,0.5895155289969358,0.5701381249634873,0.5504039224062137,0.5437026754340288,0.522561209453889,0.999878379254344,0.5883090686575504,0.5390692097484224,0.5001511010989906,0.4988556073907755,0.5579419666619081,0.5436011100574017,0.567920541500783,0.9984211748451802,0.485668069593419,0.4833214667204219,0.4973123207655306,0.455990622899187,0.486524381894046,0.4637406201922318,0.513756653056934,0.4991060708932147,0.5459102519949844,0.998219083230218,0.9925548027506657,0.9925934171295836,0.572493259161859,0.5725947933643373,20000,2797,2401,1.1649312786339026,0.13985,1,1
169_Daphnet_id_1_HumanActivity_tr_9693_1st_20732.csv,0.5761057871454459,0.9122272460518795,0.269472988282519,0.5689803335762009,0.9476885531931856,0.1324616261131074,0.107418605825911,0.1582518709032743,0.8463205953423648,0.5820199647998968,0.8093463185203132,0.4168021321738094,0.5244036616212424,0.3626576201583329,0.1461538628931151,0.1697937532897236,0.5759897401050486,0.9143427649290076,0.4192313550137125,0.4152056975707819,0.51080564542988,0.4447830606471655,0.4869044975785064,0.2316998787850075,0.9170366758591048,0.9230978714030886,0.9125919279490932,0.920731303738496,0.8763596375194173,0.9118434845895144,0.9508826590927748,0.9506928979829624,38774,2306,6,384.3333333333333,0.05947284262650229,0,1
170_MITDB_id_1_Medical_tr_17675_1st_17775.csv,0.6829019224318857,0.5484747467903958,0.7724762397899627,0.4998576615828919,0.5361812495933282,0.9146768121760314,0.9911203250331226,0.9329936974444212,0.9272326060295012,0.5151338086963556,0.5895238183765283,0.627747406583972,0.5041844795238551,0.4598150668408139,0.5584968768674349,0.5195994597905829,0.4855199162448397,0.5610200504931103,0.5145577072379226,0.4403002461980101,0.4999947606123796,0.4371090769566139,0.448095794738604,0.5623871542609354,0.5595088034543878,0.5339658376194081,0.5392670974881283,0.543020489464119,0.5170783163272719,0.5399446600949174,0.6067900563665682,0.6097130948263636,500000,22845,49,466.2244897959184,0.04569,0,1
171_MITDB_id_2_Medical_tr_50000_1st_88864.csv,0.9238095706943298,0.7403151584476247,0.5676123949545229,0.51029488354499,0.9197406635801754,0.716968306094314,0.9965392318511348,0.989526580011784,0.9757808783590172,0.5749772649722532,0.9243786768075712,0.9098764901664054,0.4490521436953194,0.2661964309517411,0.6555118183785125,0.7478094309741642,0.7087275641537366,0.7164517997539934,0.6874621784390986,0.5183145206218045,0.5962717146530004,0.5163188157307699,0.6559727612601469,0.7448941137675535,0.6980838183876507,0.7071028096670711,0.5847965965581469,0.6989387309620596,0.5319529899059792,0.6400540172011158,0.6894985050412217,0.7284877743157334,650000,19657,42,468.0238095238095,0.030241538461538462,0,1
172_MITDB_id_3_Medical_tr_27274_1st_27374.csv,0.6136535778364868,0.4094306717045807,0.8608012595012642,0.5002171477452474,0.0982730332767955,0.974871434495645,0.9514952307403576,0.9432409494429764,0.9609968450467578,0.5379942886906849,0.0837096209093728,0.2644178438756314,0.8828027449954158,0.6910837201748643,0.9757316903183866,0.9531343677473246,0.5024542314316045,0.5942849547134663,0.5402832505519392,0.4099288868830494,0.4621814609897798,0.4117098252688547,0.4402686666707474,0.3755500672127346,0.392761844077596,0.3979380678422796,0.4165266407169826,0.4053566211161389,0.467673099557237,0.4210892118380321,0.3757774087336922,0.4007961523441719,650000,18109,27,670.7037037037037,0.02786,0,1
173_MITDB_id_4_Medical_tr_13620_1st_13720.csv,0.8359846880419606,0.5659508417072521,0.5751521007035476,0.500498128280022,0.4736907734091017,0.6037996016786863,0.8923451038608485,0.7931300849920095,0.770718666681161,0.4844256728673407,0.5036287078765908,0.8351532994969436,0.3952850486641526,0.6281820944882751,0.6886504436158701,0.458821656559297,0.3392597281578741,0.5724396639092731,0.5129054377517036,0.5418485028422823,0.5620226851294008,0.5439646342331668,0.554667308106023,0.5393778847546874,0.4396197811566827,0.3918688327197758,0.4257738690659232,0.4645821542184573,0.4569013715843124,0.4283249846912204,0.3833475439679385,0.3837172610392389,650000,66682,199,335.0854271356784,0.10258769230769231,0,1
175_MITDB_id_6_Medical_tr_27274_1st_27374.csv,0.4552733684638781,0.5310508321835636,0.7991157284678735,0.5029643415258773,0.8370213080247272,0.8835387806688823,0.9309329382549744,0.9064762384939122,0.8538694440847443,0.5238540773496475,0.8491793718757001,0.4658966829217011,0.4775356474035598,0.4877517669850127,0.978891580851862,0.4444588725484954,0.5714291207641633,0.5209293287976656,0.5183183513675027,0.5605651279728878,0.5124530931123037,0.5612611665795899,0.6027012027948961,0.522678320906832,0.5150340845619344,0.5120267209531435,0.5182240807132985,0.53092812231391,0.5019242860490789,0.5223552721657895,0.502947474318976,0.5013878260235853,650000,18109,27,670.7037037037037,0.02786,0,1
176_MITDB_id_7_Medical_tr_6232_1st_6332.csv,0.7938646694261924,0.6263262488194662,0.4917038562328935,0.5053568321222175,0.8659614579372068,0.5970998274413002,0.997375318416829,0.9955286015089296,0.9782825835079434,0.543208784556394,0.8706447410837889,0.5038003030378794,0.5755452243016045,0.3905133285081175,0.8345785617377588,0.8368621174635171,0.7727061785196934,0.6664809968547102,0.5657567468641534,0.6219019001515018,0.5800006243031897,0.6397690411428103,0.7598188999710532,0.5930721563136172,0.5163286458650208,0.5478707874043887,0.5083454056131287,0.4870669366390035,0.5039158404870134,0.5443647422515839,0.5267131711755231,0.535497103412287,650000,38272,144,265.77777777777777,0.05888,0,1
177_MITDB_id_8_Medical_tr_17675_1st_17775.csv,0.778280414664662,0.5832664096407009,0.7616246160818727,0.5003833803314216,0.6606918843574615,0.9626196547929372,0.9825996270503736,0.993230526785626,0.7922715961255573,0.5449385918958634,0.6862733773532805,0.76949231772574,0.5270537007477345,0.449459785914952,0.727520771077443,0.6790161531875156,0.4606690489775672,0.5731694594745025,0.5336598352706609,0.4288736958411807,0.4742443705499268,0.430154195019451,0.4370020363444095,0.5603706087799304,0.5967361248643174,0.5878408447979835,0.5502130361069613,0.6045985995130878,0.5193890209216687,0.571329499993749,0.6255461761071861,0.6273874269252477,650000,27124,60,452.06666666666666,0.04172923076923077,0,1
178_SMD_id_1_Facility_tr_6000_1st_10609.csv,0.5865110234578499,0.4781231176739235,0.5447948775595786,0.5262673496878648,0.8002469979398292,0.6523266059460914,0.6933288401736953,0.6617493260012175,0.7944099802189044,0.5862728873216698,0.6111561762747859,0.6082208031635447,0.6813039090985589,0.5968964215102998,0.6607240093581441,0.705992079415272,0.5881955609318048,0.7007776232702221,0.5956418106651807,0.4633791428311138,0.3229608835814324,0.5269825528770015,0.7638570245341816,0.5297420807813011,0.6781185278159797,0.7064537475941743,0.6693876145961855,0.62284014647409,0.5985008848391726,0.6210229303143328,0.7589806978590896,0.7773012847330298,24000,427,4,106.75,0.017791666666666667,0,1
179_SMD_id_2_Facility_tr_5925_1st_17580.csv,0.8194306884326203,0.7085511502898744,0.3413455323141249,0.5983195884611671,0.999280524670854,0.8829694358859624,0.9455035034517402,0.9390234764773516,0.9797776512547154,0.822451323945416,0.7804265246043677,0.8419629038836893,0.8829972703733937,0.7678535151395867,0.896187123739731,0.9457731418039176,0.7890523135339985,0.8880343891794288,0.8837724146774022,0.5871265627547648,0.3387188009694316,0.5906077205216947,0.9871238452645228,0.5412222163006146,0.9090102478403866,0.8925382994632033,0.9166444166656552,0.8635651044703506,0.879063769206456,0.8924148251492905,0.9996789140170258,0.9996942163892628,23703,161,1,161.0,0.006792389149052862,0,1
180_SMD_id_3_Facility_tr_5925_1st_17580.csv,0.9331340419211126,0.8228309810772977,0.9235208542311852,0.7662554725768297,0.9998744150140544,0.9412014261810924,0.1965494733609444,0.294184676415509,0.7007580214771432,0.9874309480452802,0.9022843275741887,0.9363376463157428,0.966956373992088,0.8642566133950634,0.9405136109324368,0.9585128943592818,0.9544757064287376,0.8301753282490762,0.9173762921929934,0.7478510720367089,0.5,0.8031880118049887,0.9999675484174972,0.5579740925561347,0.861106699220265,0.9989349021254996,0.8559651021486113,0.963883235512479,0.942943654027083,0.8770180003387629,0.9999110879406226,0.999909241102594,23703,161,1,161.0,0.006792389149052862,0,1
181_SMD_id_4_Facility_tr_5000_1st_15144.csv,0.6730578160375312,0.9666339419790656,0.5879501504885687,0.5534468331408962,0.9198889494965716,0.7293528737732713,0.7275353931946494,0.7339031801497226,0.939519060731667,0.8789954345801594,0.977938380445808,0.6730121872205163,0.6933682350519764,0.670515466034624,0.7348685959291943,0.7753947152254191,0.4622552195674826,0.9316169975938442,0.971023336111442,0.0302116704092679,0.5,0.9714369373984169,0.6890460150756227,0.9580037790582304,0.9163327860182692,0.912040966024933,0.8302456872403599,0.8969612476937545,0.9185800773624768,0.9124363388590928,0.9582140408003536,0.961357006786522,20000,908,3,302.6666666666667,0.0454,0,1
183_SMD_id_6_Facility_tr_5925_1st_17580.csv,0.9102943279382796,0.8042500755884421,0.8027405493340566,0.5948753674548092,0.9948283258518804,0.9958622913138986,0.9828244063339158,0.9997725750884768,0.9905962965093178,0.9235409056154956,0.9407782364385364,0.9266707684059836,0.9586273983170556,0.9853474509150028,0.9939898613868908,0.9996812885230624,0.8656430610865423,0.8949114863299688,0.949182932472742,0.6572537729581754,0.5027885935062009,0.7464104064573901,0.9936226044532014,0.6673156103720534,0.9719151340989092,0.9485932634736068,0.9758824060183702,0.8999496604720201,0.9725923959874014,0.9618081810703324,0.999673637336944,0.9997105740975162,23703,161,1,161.0,0.006792389149052862,0,1
184_SMD_id_7_Facility_tr_7119_1st_15849.csv,0.754984856356724,0.6121362059829161,0.6041176976134239,0.5255778934910764,0.8612949812415758,0.7418721412675398,0.3766007426208299,0.4703664331238891,0.7518016249671237,0.7090696452116245,0.7328300639791757,0.5234767858651843,0.5081747745872406,0.4690822789502422,0.3460556995853583,0.3286405817969074,0.6183805925275236,0.7423388237407758,0.6208765044852219,0.3136511893291551,0.6878677384614567,0.7494600357965524,0.9342135130617972,0.3530725710104356,0.7547007627893211,0.7588072316924876,0.7752765105890337,0.7089714155905459,0.7308219315137927,0.7334601457803298,0.8988689233783044,0.9014999685452156,28479,2694,8,336.75,0.09459601811861372,0,1
185_SMD_id_8_Facility_tr_5000_1st_15144.csv,0.5714844928936723,0.9618411568006896,0.3847497418020418,0.6438879940026083,0.926926516722644,0.2085231169085282,0.2214320918603267,0.2056349454669299,0.969677055269592,0.7894308546329344,0.9761822189980166,0.6585638886504577,0.3182652673675622,0.125271004023181,0.2055955177849707,0.1584824374625624,0.3917674653959359,0.8888630844757266,0.9706690349810932,0.5455089476321932,0.9025827640979778,0.9704533508511072,0.975579122560733,0.9644301739502026,0.8859229100271258,0.8826689581447036,0.8387727959493148,0.8644721455396592,0.7884552286124871,0.804572526629693,0.9554884833096594,0.956751120934478,20000,908,3,302.6666666666667,0.0454,0,1
187_SMD_id_10_Facility_tr_5000_1st_15849.csv,0.3804536213045362,0.7733919043993036,0.327523427144465,0.5206930460800073,0.846821087122057,0.2867591958752842,0.2731860147318601,0.36384338489228,0.7199324939300942,0.5380746284345925,0.8159456105671483,0.3151005668663903,0.3952469368447771,0.2747383210396908,0.3022335202377198,0.2649943979960978,0.560923907609239,0.7046415486656462,0.6488166952535517,0.7836788885214042,0.5004285597081318,0.7390166880747823,0.7765205530728978,0.8115404613384816,0.6675344773214986,0.7211025435917947,0.6113697091829279,0.5994006496786219,0.5495567622724907,0.5505922228289992,0.6743878048092626,0.6658482356892516,20000,2190,4,547.5,0.1095,0,1
188_SMD_id_11_Facility_tr_500_1st_392.csv,0.7337249841719872,0.5837185021474648,0.7242945476867889,0.5430925738996256,0.901373189084399,0.6508199707538755,0.7713889427571986,0.6501538518147154,0.7327990761724523,0.8807201593422819,0.7363316993140713,0.733475249737109,0.7522104933708464,0.7629691030985254,0.7261121351735293,0.8148650097000394,0.8962897736650318,0.8239419030903103,0.3998763334545949,0.3098002595163019,0.5,0.5720831344246737,0.1362592685730593,0.5722069988536658,0.7215088816036827,0.8518238341902405,0.7712479640720421,0.7825205897872174,0.5525436009742718,0.6033750275833676,0.9266975550466678,0.9307988795724346,23703,817,12,68.08333333333333,0.034468210775007384,0,1
189_SMD_id_12_Facility_tr_5925_1st_17580.csv,0.6227537832477016,0.868198029582124,0.4404331415611902,0.6761234447645045,0.9994658680587252,0.6743631442892338,0.4318870305007938,0.354637753274048,0.9845497488036448,0.8498531236099247,0.8882159069742408,0.6506791614933216,0.8587129333011807,0.8317235061850605,0.8079301641944542,0.9014453354411912,0.9715542091813176,0.94434870201585,0.7439986998260278,0.7105767358562548,0.8829384353904822,0.8394329996184959,0.9991953062875336,0.5886974304151006,0.906201339115871,0.9752914178492148,0.8948249487766281,0.8661617587385779,0.8985642681165577,0.9285413514949624,0.9995572865411416,0.999607151167914,23703,161,1,161.0,0.006792389149052862,0,1
190_SMD_id_13_Facility_tr_7119_1st_15849.csv,0.3391190414597093,0.5808622828918075,0.6082942307894401,0.5205607977797096,0.9052148145844824,0.4752241675242954,0.3373633750278378,0.4046835382357018,0.8134250747752927,0.6941469771952092,0.8304915339123604,0.3780327846668794,0.4885404245805681,0.4681295300827944,0.4572651410880246,0.4352204044667809,0.7173031114036335,0.7081751344818,0.6058454506232582,0.3455692948902602,0.6431780402704736,0.7099176863559222,0.8075274178472289,0.4739237245228841,0.7083749767328167,0.7513631654252463,0.7108304293441325,0.6867465517422568,0.7053364373519303,0.7196553174637107,0.8743636020493258,0.8783265306063691,28479,2694,8,336.75,0.09459601811861372,0,1
191_SMD_id_14_Facility_tr_4596_1st_4696.csv,0.717350201221786,0.9330061429433892,0.7495189627086771,0.8344124785446434,0.9312025567860878,0.801982092293564,0.7840397657494161,0.7873420381647213,0.9180774360712372,0.8825121079272759,0.9392395845101134,0.7783596385417768,0.711753891117938,0.880744052933538,0.7659680693276775,0.8024090736266446,0.6211992283967489,0.8427624538246716,0.9799579942688535,0.1270485082377636,0.7506823805515166,0.9862412402015984,0.9607562853717287,0.9873733784730954,0.8417320500813269,0.905850312370554,0.8393077314597175,0.9058636745175354,0.8931459474430317,0.936815265888504,0.998625217286731,0.9991654731839932,22700,146,2,73.0,0.006431718061674009,0,1
192_SMD_id_15_Facility_tr_5925_1st_17580.csv,0.8997021841761862,0.9251079476827724,0.6462099453810844,0.6605572385233528,0.9997329999878636,0.9782005834952832,0.2187112658702749,0.2278860933624113,0.9642526031182012,0.9671091338804548,0.9536327567856786,0.7660305540883454,0.6264693575272633,0.5512128185333891,0.6225508948985583,0.6529176611010004,0.7342487142049812,0.9900848542923946,0.9901209995509546,0.8367007346721679,0.5124223602484472,0.9038972767581768,0.99986122331385,0.644060357832783,0.9860365853336788,0.971280085651071,0.9150711744992828,0.9751336451147704,0.9375702787828388,0.9589498034700504,0.9994095394988526,0.9995702144073418,23703,161,1,161.0,0.006792389149052862,0,1
194_SMD_id_17_Facility_tr_5925_1st_17580.csv,0.6617645429260564,0.929832555110966,0.2853372669224449,0.8154314925986648,0.9986797746435472,0.5428665617310888,0.6087990751035153,0.0166561045120363,0.9477518968345724,0.8975266089784822,0.9923910273221218,0.6668507348568516,0.6699573802549798,0.4607723687702855,0.5351112930979441,0.3115821544790307,0.5558072238805655,0.9559502746775816,0.8572702889668313,0.0729792557875946,0.8779482790371747,0.928551113353114,0.9985953477622392,0.5800438069980387,0.9532446569656664,0.9899104600156928,0.923100830496678,0.9511126143786366,0.8561228748830556,0.8950945871288054,0.9986985068578372,0.9985700196978468,23703,161,1,161.0,0.006792389149052862,0,1
195_SMD_id_18_Facility_tr_5925_1st_17580.csv,0.7861171602385271,0.7783250867618122,0.3934472076072841,0.6026364404360438,0.9998825938681812,0.7746928840275422,0.4372127837073004,0.6872400905267235,0.97573650581411,0.9019220834865768,0.9000011081028172,0.8040845197508774,0.8186354927443011,0.9870404737192312,0.7940324441951506,0.8058371690400293,0.9031784610140408,0.9479510915076584,0.9736833495943024,0.2330757082228088,0.5,0.6738819110657785,0.9997366936639208,0.5773559980813991,0.979537562310996,0.9624817492827672,0.980658856828367,0.9239722742121784,0.9753821767466206,0.984462815499298,0.9996907865472096,0.99980054149291,23703,161,1,161.0,0.006792389149052862,0,1
196_SMD_id_19_Facility_tr_7174_1st_21230.csv,0.8684174077907194,0.6431050978225278,0.7962597720203013,0.5774467326223219,0.8340777463981662,0.9403222464390965,0.6068274774300683,0.9338844621222752,0.9143691090139396,0.8078615793689774,0.518918580140799,0.8730384697469361,0.7700699170876604,0.8661728397768733,0.9347651864650576,0.971308120497708,0.5278433143886239,0.8553969399031714,0.8400997447726635,0.4224774373772102,0.4624893655276452,0.4677949074398915,0.9562881159954156,0.4973113239954626,0.8836779669812425,0.8429382535492094,0.8239000812751426,0.7761832769085041,0.5966779516325194,0.7666480654761906,0.9611602392061932,0.9617096869445224,28696,192,2,96.0,0.006690827989963758,0,1
197_SMD_id_20_Facility_tr_5000_1st_15144.csv,0.7157603318409076,0.9663248370284022,0.5142406903368895,0.5468194926306288,0.922578511561454,0.6794356690211367,0.5481970675726437,0.6016164715068516,0.9224472205532036,0.8725031057591758,0.9776486864899938,0.7297382094213873,0.697362342877659,0.5984685446126384,0.6909403320439587,0.7117097504224849,0.3998761849648029,0.8960494212581602,0.9361625449596712,0.0904304891409184,0.8957013501053559,0.9700909161389646,0.9776958728013948,0.958079807858263,0.92032966272286,0.9119285956892248,0.9022026777827926,0.9025654586047988,0.9186270329339687,0.9142564152616912,0.9594667854515718,0.9637203603049828,20000,908,3,302.6666666666667,0.0454,0,1
198_SMD_id_21_Facility_tr_5925_1st_17580.csv,0.9310760047722296,0.9644147291137132,0.510572356211787,0.8236298704416739,0.9992482050053532,0.8964521449968366,0.8498631493020798,0.6982881394478799,0.5119132925375607,0.9507548554690942,0.9981481491253112,0.9194963303328372,0.7116734938112458,0.7591187627662679,0.8922286902594069,0.9761322568202412,0.9159493459818872,0.9537735122268592,0.8097070862119822,0.1602112202269922,0.8507877555694039,0.7775966410765272,0.9983046026897348,0.3923673350285547,0.9801765682688954,0.9777593211234472,0.8495053903925376,0.9695340322120212,0.9655828541668094,0.953718502837007,0.9973484682589224,0.99751679435353,23703,161,1,161.0,0.006792389149052862,0,1
199_SMD_id_22_Facility_tr_5925_1st_17580.csv,0.9133365978394106,0.8121073160641665,0.4136426452841518,0.6722671150437622,0.99978246886363,0.9484296863910728,0.7973024028418088,0.9327930364708296,0.9995446225089452,0.853114111900444,0.8319939360392501,0.8994908531389123,0.993373545153343,0.9991261817784628,0.99832623707807,0.9999010622484672,0.7827662045526141,0.9294058036093548,0.9132028339993384,0.1824305285492137,0.5775679887036833,0.7583665720206149,0.9544071095876748,0.4426387938353602,0.9432800423822943,0.8720109586091938,0.8728911088468291,0.8906824910784532,0.8857688465863309,0.9163915317727376,0.9994942302141646,0.9994760256678826,23703,161,1,161.0,0.006792389149052862,0,1
201_SMD_id_24_Facility_tr_7174_1st_21230.csv,0.8666211557642536,0.614563329271379,0.814449498848404,0.5801845211891532,0.8352347604049478,0.9422320793732822,0.9511638598065716,0.9370852535460578,0.8938069196420659,0.8122485646697871,0.4964787534266094,0.858231057859102,0.7628770333696996,0.8931245219405792,0.936304585613309,0.9686965450703258,0.5256330233346165,0.8568020190677922,0.763303255021972,0.4421039470428901,0.5,0.4362156195969095,0.8014503587350804,0.5326223495393261,0.8262200395420269,0.8232635145050051,0.8072825950571758,0.7516508335513178,0.5927543382452499,0.7788168370489936,0.9536884920508332,0.9517486961693572,28696,198,3,66.0,0.006899916364650125,0,1
202_SMD_id_25_Facility_tr_6250_1st_21230.csv,0.7776663725568835,0.5261235115249714,0.90438272190097,0.532589673100622,0.746180218807956,0.9728890331080112,0.890995257783579,0.3420660847668147,0.9668804431578154,0.7914330195352093,0.4075225261356648,0.8059221800097713,0.721572223397041,0.9461323348184664,0.9649699448969522,0.980963683518428,0.3666461275950327,0.986557238382056,0.8285181971313358,0.4724390572930718,0.5354487361786631,0.3751054298499554,0.9937374061461652,0.6423679726599434,0.878790917112085,0.921624604106356,0.6964045686673423,0.8672659457330991,0.6349714762123522,0.8085764600363141,0.9776032969463626,0.981517266188799,25000,66,1,66.0,0.00264,0,1
203_SMD_id_26_Facility_tr_7174_1st_21230.csv,0.5529831616749997,0.4961707396088756,0.2771424328200242,0.6257451346931311,0.8974037518847681,0.6978891306212522,0.9704180906545984,0.7301765284255283,0.9635008056563956,0.6802393008618007,0.9750544252263672,0.6494646797825969,0.8189770184120665,0.3468926757929494,0.7583893890125906,0.8817372262877211,0.9250847658279758,0.812922012602692,0.7131597397230074,0.4017758467544418,0.7054843827424359,0.455885615931935,0.9652816323810778,0.3797441748526035,0.8160756983832287,0.9018428371014516,0.773249992379405,0.7231693026836545,0.629021813332993,0.725997429555574,0.9139042895797757,0.9124498192678416,28696,198,3,66.0,0.006899916364650125,0,1
204_SMD_id_27_Facility_tr_5000_1st_15144.csv,0.7979985158809051,0.9624348217441906,0.4419228802616775,0.6850329288924207,0.9010471900032396,0.287419091050891,0.1969393389393902,0.2075524229536369,0.8451203643198573,0.7665223619275456,0.9752490491208348,0.8163722194687258,0.5277453780488818,0.1642003454637918,0.2548727942418394,0.2223474947645115,0.3097158922573839,0.8739751110089703,0.9623546107833064,0.3285414422721051,0.7477672452700627,0.9664302274818616,0.9770650875750252,0.957307636752622,0.8430713939274794,0.8692304639441203,0.797252476069964,0.8267799161214282,0.7943438264614373,0.7948846808082543,0.9542989613935212,0.9563479029434108,20000,908,3,302.6666666666667,0.0454,0,1
205_SMD_id_28_Facility_tr_5925_1st_17580.csv,0.9020666645208169,0.8089674275815234,0.7996331124339161,0.616168222671678,0.999280524670854,0.9960775798612338,0.9998477677796416,0.970941322789823,0.9925736004529502,0.9020877712411436,0.9532710403660748,0.9190169439474104,0.9592442422186118,0.9883599075736718,0.9939608396464412,0.9997013399073732,0.8912452490091713,0.8917238438925859,0.9420429247371288,0.5854795789842496,0.5,0.7004067265007009,0.9874961150442898,0.6272107310787486,0.9421022873880486,0.8844693321991989,0.9807084576211352,0.8784595893370958,0.9700091972533824,0.9667917415735376,0.99956493772726,0.9996208705361266,23703,161,1,161.0,0.006792389149052862,0,1
206_SMD_id_29_Facility_tr_6250_1st_21230.csv,0.7454388677016414,0.5591798712236669,0.9335427346376252,0.4337368835544017,0.7182276361108478,0.9557419466178588,0.8555100617144413,0.4861853474992161,0.9515955455736476,0.7369358135781494,0.4091613982124931,0.794431845526736,0.6316554491736973,0.913712807873392,0.9432568647897116,0.9695262158765808,0.3052993235474987,0.9730221117082432,0.7891087015174607,0.3654982487099275,0.5,0.3489235825002248,0.9868993536876748,0.5418143292230884,0.8795662974495091,0.7705475789417395,0.8496035594575742,0.8795000619818139,0.5360825306080781,0.8171311656713117,0.992480755254478,0.9916117945315024,25000,66,1,66.0,0.00264,0,1
207_SMD_id_30_Facility_tr_7174_1st_21230.csv,0.8224947205226524,0.5789411236372427,0.6059666777962799,0.6720346669729083,0.8385355413918822,0.8680565745886119,0.9176305833264216,0.9087362855872924,0.9917983789044916,0.7538923518290492,0.9275215840062496,0.8067289499670719,0.8675156009530353,0.6438298700387268,0.8799307908192743,0.9596181124884894,0.8472510209825108,0.7749123454348383,0.7737777628910341,0.5238645136181805,0.7364709626973646,0.5186734706174667,0.9725631995440402,0.4932327343900086,0.8382922140203353,0.9695351649699324,0.837824522153247,0.7299255804589512,0.6087427010649693,0.7576487735095356,0.9171102561866824,0.916838927558978,28696,198,3,66.0,0.006899916364650125,0,1
208_SMD_id_31_Facility_tr_5000_1st_15144.csv,0.593596298378083,0.9698440821212568,0.2909372978141546,0.6184062321464995,0.9169758581447957,0.2665134207560701,0.16743583815349,0.3526835859012378,0.9302614871556322,0.8038106234500046,0.977117927014198,0.5979865289426297,0.3778705198385559,0.1489932587028171,0.2868360113007178,0.2367343011488078,0.3265908247659605,0.9343239805218596,0.8805235673128307,0.8072645403061087,0.8682286489439959,0.9716553904073112,0.9770227468017142,0.971312395532506,0.9016195980326192,0.8751123703357081,0.8549923117462304,0.888538837218532,0.7943235790344181,0.8252303245772153,0.9508825686151268,0.9522662581647318,20000,908,3,302.6666666666667,0.0454,0,1
209_SMD_id_32_Facility_tr_5925_1st_17580.csv,0.5919822956829897,0.8863374088651392,0.4877731407485814,0.7192485638195988,0.9856752646650812,0.5184612567680018,0.4660888877866491,0.4004535834198269,0.9627666900071816,0.8124826199349807,0.959676929985315,0.5743486861858098,0.4244672268038463,0.3412566202547475,0.5318587474955557,0.5968956763411079,0.6581415743819293,0.8823492940593554,0.8747970456923557,0.8704079032003592,0.6370673056374467,0.9314079079493712,0.9995108517564222,0.6998756286504733,0.8158250010157609,0.8984518748308163,0.8146125518499776,0.8196934671006912,0.7697597158191175,0.7855095505271139,0.9930052328836372,0.9925622555907744,23703,161,1,161.0,0.006792389149052862,0,1
211_SMD_id_34_Facility_tr_5925_1st_17580.csv,0.5043627590915878,0.9433593245005226,0.0974354807134704,0.6885373623248207,0.999513622013465,0.4382553237744515,0.1618576763294991,0.2370129030658039,0.9604620999814788,0.9338768665596204,0.9442268107059616,0.5435808922971552,0.3465953013274544,0.0048949122778319,0.1156559889527425,0.0146536044210136,0.8260465899191137,0.9512339780205168,0.8535937621198745,0.0614511608960013,0.5,0.924798998063986,0.9993314446336428,0.4625390012616542,0.9640848046916016,0.9849036821201278,0.9441774737471976,0.946161769291938,0.9280226538429268,0.9560033053124032,0.9994459485914166,0.9994314377211918,23703,161,1,161.0,0.006792389149052862,0,1
212_SMD_id_35_Facility_tr_5925_1st_17580.csv,0.6568218766934846,0.8370303952602749,0.2590878941877896,0.729453399263692,0.9995878912856156,0.6987979986607786,0.1108387757891143,0.8539578530455151,0.9965580215826768,0.9199113412212666,0.9969777814831796,0.5929281405876426,0.7978812546467764,0.7515976468117507,0.7523043261916986,0.7672047473235359,0.9246220973642456,0.9332397074397496,0.9748795729688344,0.1462228732472847,0.5,0.9196530477312652,0.999761230226301,0.8461984949853072,0.9671790498915378,0.9858793402672428,0.9431028778485498,0.926786327699774,0.9545746441802704,0.9619057996518448,0.9994483230974534,0.9994815661819684,23703,161,1,161.0,0.006792389149052862,0,1
213_SMD_id_36_Facility_tr_5925_1st_17580.csv,0.4965862518211142,0.9907817718141912,0.127837336838456,0.7227137596292815,0.996938997884579,0.3394340549545124,0.2946864886912831,0.4725554592268292,0.999643428343476,0.9155232540652862,0.9995485800190066,0.5470511009529156,0.5684345831501886,0.0288998491397164,0.3827573133466763,0.4470648730879289,0.6554784339446719,0.992612384051551,0.9836881988632976,0.0011062559791381,0.5,0.992228505575604,0.9996865652031444,0.8380642288052911,0.9984974653467228,0.986251873881014,0.998802985123456,0.989527373041758,0.9416763273884498,0.9793787342405352,0.9994667914777396,0.9994066373248076,23703,161,1,161.0,0.006792389149052862,0,1
214_SMD_id_37_Facility_tr_5925_1st_17580.csv,0.824300536480064,0.715904072066786,0.3411840659036235,0.5646814125250443,0.999280524670854,0.8833221819494272,0.9352279604945516,0.9141217678355744,0.981206048552844,0.8229114504485441,0.78045765701685,0.8410846004840826,0.882771956133903,0.7676490437864188,0.8962198391562378,0.9458174659166042,0.7852507293691043,0.9023750864715948,0.9005118907347303,0.4721386015003712,0.4974661382247454,0.6001254003021427,0.9994309100531836,0.5584719473218475,0.8953443060136739,0.8964630941080062,0.8659917177229437,0.874217402385376,0.8803876882389661,0.8923807905627632,0.999680233187046,0.9996923695512342,23703,161,1,161.0,0.006792389149052862,0,1
215_SMD_id_38_Facility_tr_5925_1st_17580.csv,0.5465809487576321,0.9312551480610048,0.5553294204991635,0.7204782941126497,0.9975607227152108,0.5122810771392585,0.3525803757101752,0.3817358799998522,0.8967960526211645,0.9489175154646302,0.956428869560996,0.5686498716975238,0.6088365395320956,0.6221649057505788,0.570653690958567,0.5892181068221669,0.7920251950920543,0.9786273349968948,0.889797064160736,0.9327281333058242,0.5031055900621118,0.9254492169670592,0.99882198117175,0.6823731446533248,0.9816210594412734,0.9657071199827346,0.931250135214927,0.9426477641914992,0.96577782749583,0.965524019183898,0.9986663191093386,0.9989739495581044,23703,161,1,161.0,0.006792389149052862,0,1
216_LTDB_id_1_Medical_tr_500_1st_266.csv,0.556865711465651,0.4445150490424729,0.576044867185898,0.4959920715119252,0.1894678890179863,0.9442225127520084,0.9711045305627282,0.9755154841667804,0.896513803912107,0.5326746975587873,0.328717777966499,0.5111037732006247,0.618327167149338,0.4885294179701564,0.9326114613331116,0.8897196269351151,0.480545902088674,0.4675259701172048,0.4441824651477323,0.4771680160386722,0.5054687944816783,0.4376288279527133,0.4356061753141755,0.4616146839569263,0.3438021845317919,0.4158829863407519,0.311148385499755,0.4185042854047323,0.4579549859852713,0.4339127230897275,0.1886701476816812,0.1886448719744717,100000,14857,137,108.44525547445255,0.14857,0,1
218_LTDB_id_3_Medical_tr_500_1st_266.csv,0.7915594436312245,0.4558100070821388,0.6120474847698527,0.4954867399808266,0.1413721677005014,0.9570347049404986,0.9665014039535564,0.9642993620168177,0.7886200503493384,0.509671296427909,0.366308542078101,0.7910390785366817,0.5764568794747218,0.5281962031985701,0.8986785164918172,0.8277228998692316,0.7350058665562298,0.4567085101323518,0.4595989658726576,0.474172854616008,0.471781287168706,0.4485499552550099,0.4488626370896733,0.4541013940184557,0.2820899172773843,0.2946389572819053,0.2802998168767779,0.4016022746147508,0.4600620102198807,0.4295046094749832,0.1280281698258838,0.1282283248413147,100000,14857,137,108.44525547445255,0.14857,0,1
219_LTDB_id_4_Medical_tr_3618_1st_3718.csv,0.9822114052420132,0.6861259165377306,0.6215973964869632,0.5270676599363627,0.9436868621667552,0.875823272253813,0.96969543020198,0.7718928161751544,0.9734137610623372,0.6423244266528747,0.9644416836056964,0.9795386026903264,0.4936951011858248,0.5472218337392872,0.8497884987387079,0.3712205245084633,0.9955512885401332,0.7437580667005144,0.7388248722123225,0.6376872896235504,0.4198204779902235,0.691146222474121,0.964859508940364,0.7756344758588334,0.7104291662842206,0.7428659264670106,0.6841952032565223,0.734681990587178,0.6519786253914537,0.6669836863659386,0.7680829812791168,0.797697367456112,100000,14781,116,127.42241379310344,0.14781,0,1
220_LTDB_id_5_Medical_tr_500_1st_26.csv,0.571256732299161,0.6059161377288583,0.4596180949452475,0.5106683622581852,0.7754381367198777,0.2639655722642786,0.4416727998998125,0.3303182390127375,0.828822250844967,0.5306495598669496,0.7699254090261362,0.6025771272840896,0.5668031769680522,0.2955945109896322,0.3595977952048277,0.1268442111407709,0.696838153346032,0.5805886822876982,0.6073109871231095,0.5014598409224467,0.5645568011334764,0.6036733410425945,0.7191991709467594,0.5314924079778643,0.6287788513280976,0.6704761948850537,0.5960081031843715,0.5749378829818025,0.5201509827479519,0.5482880767894547,0.7160314024839307,0.7146972541766211,100000,31565,166,190.15060240963857,0.31565,0,1
221_LTDB_id_6_Medical_tr_500_1st_26.csv,0.726130840103048,0.5678212329877761,0.5303814378419951,0.5032907897366562,0.5559983332644917,0.6106915266134607,0.8365846518282967,0.8627328569229156,0.6042263947987612,0.5211382941544902,0.5573152054629149,0.762968591162346,0.4973075062318277,0.4519061036376037,0.6072490458449596,0.6056358866894372,0.7601562927939602,0.6148007550537763,0.5776781028166889,0.5040254715553363,0.477961140467151,0.564619536106224,0.5626547542728818,0.5393689970553097,0.5483633467668477,0.5437345805178808,0.5114354749149397,0.5592893639565507,0.5057989815548871,0.5163521224577483,0.5536949465946422,0.551721096644284,100000,31565,166,190.15060240963857,0.31565,0,1
222_LTDB_id_7_Medical_tr_3618_1st_3718.csv,0.9441110977576346,0.6495530283429727,0.6456023861297333,0.5230504132200244,0.9206447121397182,0.7590060564985082,0.9937414265899488,0.918362878850836,0.9717982220855697,0.7110533868644069,0.9720074340490322,0.9802204191189132,0.4988064050536988,0.618754060240764,0.8005834284231668,0.7522474088753222,0.9977763321748292,0.7309925814976947,0.6650784672401242,0.6606780004108836,0.5595361363790811,0.6527055478107588,0.9739972519645632,0.5154625422523272,0.6270831690330563,0.7580902980691655,0.6930223221507161,0.6537896948467095,0.6250552916850004,0.6343593357848512,0.8377294905364863,0.8429598261419432,100000,14781,116,127.42241379310344,0.14781,0,1
223_LTDB_id_8_Medical_tr_4456_1st_4556.csv,0.9483178052913878,0.5607936270299384,0.5779211842126125,0.5068923280462124,0.4480746895334748,0.8860827355069458,0.9937407764033448,0.9914174357949254,0.9821447057601396,0.5635804464953572,0.4174738990779846,0.915120231555798,0.7197056520599092,0.5341682272573267,0.8834947336828742,0.899599043825584,0.9137602883454308,0.6789399018311457,0.656340591496454,0.5892499899092973,0.4410392079581642,0.5563229236970398,0.3980657784998555,0.4641581982469965,0.4839925659914887,0.3901435662066008,0.4495809830860912,0.4630664149579694,0.4874942666159986,0.512702829352138,0.4055117745068476,0.4094262054099749,100000,16159,100,161.59,0.16159,0,1
224_LTDB_id_9_Medical_tr_4456_1st_4556.csv,0.906778064599554,0.6053784887302248,0.5374970973567685,0.5096805355529914,0.814723171197547,0.7032009589695424,0.970605781381298,0.9674580342560914,0.9698163364561296,0.5633678026924915,0.8419198047954882,0.9027816650747668,0.6235203144178445,0.6352980184477288,0.8648105300034314,0.946937093498331,0.9468097443019,0.7392722178729891,0.5698681889721122,0.475948864464769,0.5359205920146018,0.5911556356200153,0.8023655079836962,0.526831600125835,0.585798803878,0.6108939369518576,0.4819044483857241,0.5695159988500006,0.5133243766320091,0.5374475212876663,0.6339662099241468,0.6515533224680217,100000,16159,100,161.59,0.16159,0,1
225_MGAB_id_1_Synthetic_tr_25000_1st_38478.csv,0.5067606713426854,0.6192437374749499,0.995270140280561,0.5019279308617235,0.5302834669338677,0.9258956412825652,0.6044591683366732,0.4756400801603206,0.5677715180360721,0.5335082665330662,0.5402336673346693,0.530965105210421,0.565836873747495,0.5313914328657314,0.9121872745490982,0.5001095190380761,0.5656385771543087,0.5940971693386773,0.5655529809619239,0.3462901553106212,0.5133420340681363,0.4100286072144289,0.4569648296593186,0.4538754509018036,0.4451120240480962,0.5053362474949901,0.4608349949899799,0.5505953907815632,0.5062338176352705,0.4983197394789579,0.5277406062124248,0.3955741733466933,100000,200,10,20.0,0.002,0,1
226_MGAB_id_2_Synthetic_tr_20000_1st_45134.csv,0.4607822618153196,0.6034600729848664,0.9762403849593932,0.5022569407176845,0.5201661836785804,0.87840564738292,0.4737825122535866,0.4935552395263138,0.4294704572287217,0.4987510285857393,0.5416353618832959,0.4541421594933992,0.4963370720188902,0.7224726306751101,0.9163086293871416,0.548984025616257,0.583812654287861,0.4882041340202497,0.4949450824657436,0.5032128993595936,0.5066222585953991,0.5000815713212408,0.3935373510786734,0.471385102500805,0.5883684394118278,0.505386345747916,0.5415491395656685,0.5888200779936318,0.5140361704411291,0.4724921290830381,0.509044533290401,0.4490716342885764,80000,140,7,20.0,0.00175,0,1
227_MGAB_id_3_Synthetic_tr_25000_1st_44340.csv,0.4909857715430861,0.5711799849699399,0.8960527555110221,0.4765167084168336,0.5587647294589178,0.9430070641282564,0.5446611222444889,0.5050370741482966,0.5834384519038077,0.4967218436873748,0.5800024549098196,0.5099199398797596,0.3938109719438877,0.6398756513026053,0.9416305360721442,0.5903069138276553,0.5634114729458917,0.4468137024048095,0.5918376503006012,0.4720470941883767,0.5216077905811624,0.4669116983967936,0.448253006012024,0.5447116733466933,0.4685711673346693,0.4648153306613227,0.5253156062124249,0.5492850701402806,0.4795230460921844,0.4855051603206413,0.5287611472945892,0.5739907314629258,100000,200,10,20.0,0.002,0,1
228_MGAB_id_4_Synthetic_tr_25000_1st_38948.csv,0.5090812124248496,0.5804252004008016,0.9600607715430862,0.5005635270541082,0.7196472945891783,0.8303844438877755,0.609688627254509,0.6160164328657315,0.6043623997995993,0.5249192384769539,0.5826722945891784,0.5607910571142285,0.662106613226453,0.6977828156312627,0.951572244488978,0.6700454909819639,0.4599241983967936,0.4785530811623246,0.6366046593186372,0.3850113226452905,0.4976978206412826,0.4249385771543086,0.5905098947895792,0.4507689629258516,0.4742999498997996,0.4691859719438878,0.5179408316633266,0.5959394288577153,0.5364086172344689,0.4915518537074148,0.5662140781563126,0.463791508016032,100000,200,10,20.0,0.002,0,1
229_MGAB_id_5_Synthetic_tr_25000_1st_33098.csv,0.556916382765531,0.5363607965931864,0.956058366733467,0.4908352204408818,0.4831669839679359,0.9679341182364728,0.5603509018036072,0.5602514529058116,0.5462748747494991,0.5267398797595191,0.4635141783567134,0.5737963677354709,0.4567093186372745,0.6351983466933867,0.9426718186372746,0.5532615731462927,0.5311565130260522,0.4568251002004008,0.6042354458917836,0.4610904308617234,0.5211883266533066,0.4947564629258517,0.512726628256513,0.6066807364729458,0.5031457915831663,0.599952755511022,0.5001565881763528,0.5404026052104208,0.5200627254509018,0.4791451402805611,0.422128507014028,0.4622290831663327,100000,200,10,20.0,0.002,0,1
231_MGAB_id_7_Synthetic_tr_25000_1st_35544.csv,0.4549294088176353,0.6351511022044088,0.9970206412825652,0.4709973697394789,0.4871066633266532,0.9247754258517034,0.4839379258517034,0.4465572645290582,0.4856726452905812,0.500982114228457,0.5614066633266533,0.5205652304609218,0.5514142785571142,0.5671204909819639,0.9275544589178356,0.4981471943887776,0.5347524549098197,0.5068888777555111,0.5941229959919839,0.3635088426853707,0.4794805110220441,0.4726894038076152,0.5444115731462925,0.4450325150300602,0.5136672595190381,0.504325,0.5131292585170342,0.5472283567134268,0.5114107214428858,0.5349195390781563,0.5127023296593186,0.4733110470941884,100000,200,10,20.0,0.002,0,1
232_MGAB_id_8_Synthetic_tr_25000_1st_32708.csv,0.5451857214428857,0.5424001753507014,0.9499590180360722,0.475236372745491,0.4808410821643286,0.8952011022044088,0.6681440380761524,0.6666097695390781,0.5859916082164328,0.5437045591182365,0.4949800100200401,0.5686505260521042,0.6465241482965931,0.6826648797595191,0.9804006513026052,0.6863153306613227,0.4981075651302604,0.4365798597194388,0.6133151553106213,0.4140617735470941,0.5593764028056113,0.4007249248496993,0.4261870240480961,0.3901752755511022,0.4508313376753507,0.5805333416833667,0.5328461422845692,0.5487899799599198,0.5175483967935871,0.5059458416833668,0.4400134769539078,0.3991201903807615,100000,200,10,20.0,0.002,0,1
233_MGAB_id_9_Synthetic_tr_25000_1st_41300.csv,0.4681856713426853,0.490552630260521,0.995808266533066,0.5184338426853707,0.4403535571142284,0.9971663076152304,0.7355647795591181,0.6883299098196394,0.2832232715430861,0.5346513527054109,0.3493095691382766,0.3375049098196392,0.484829509018036,0.7617115731462928,0.9583996993987977,0.4275521543086172,0.6343100200400802,0.5354528557114229,0.6622459168336674,0.494267885771543,0.4867927855711423,0.4933457414829659,0.4640758016032064,0.5123316633266533,0.5220755761523046,0.5549813126252505,0.5192682114228457,0.4804719438877756,0.4976464929859719,0.5592766533066132,0.3580203156312625,0.3925705661322645,100000,200,10,20.0,0.002,0,1
234_SED_id_1_Medical_tr_3740_1st_3840.csv,0.9548405028275294,0.7910339467671622,0.5572789734229738,0.5564075713010137,0.1366202269026734,0.9678193445033878,0.9887761634014391,0.969615821471716,0.6841606373759126,0.3817224950540119,0.0172380814818705,0.9783973576168216,0.5646537480084738,0.7119685251326224,0.979949325507292,0.9862346696255057,0.8227375387362781,0.2468408321953183,0.3813931272650874,0.2667165095330637,0.5373622892483849,0.3917115580737783,0.010218416802353,0.285738730369242,0.2092334593903741,0.4658881386014671,0.3060051079363411,0.3572040176304778,0.3152774130293958,0.2869041288057846,0.0164822863595777,0.0195987786035681,19999,960,15,64.0,0.048002400120006,0,1
236_SED_id_3_Medical_tr_3740_1st_3840.csv,0.9688286080569132,0.8012205902184917,0.4675356218987023,0.5354649559004921,0.1322792947436072,0.9758447915126716,0.9886368156831856,0.9821774304807132,0.6918761041804675,0.414233020236514,0.0108816614773828,0.9803156908734812,0.5577388344819725,0.7178132628049668,0.9812785514055078,0.987674651655925,0.7816514865069216,0.2513485566587407,0.3884388126029063,0.3286875642547688,0.5081805542781404,0.3855631824688728,0.0100412006373847,0.3593871491590877,0.2032867742526133,0.3057545100358754,0.3482532207085714,0.3541993524304243,0.3184734717380584,0.2833897508071696,0.0201482341999569,0.024477178836186,39999,1472,23,64.0,0.036800920023000575,0,1
237_SVDB_id_1_Medical_tr_11587_1st_11687.csv,0.8538835157854244,0.6850384416005184,0.5191984500312291,0.4904166266039841,0.9512121856271708,0.23772381946305,0.9986211414887846,0.988264895965482,0.9895935228783548,0.6017038961984282,0.9434397389423324,0.8799483694242362,0.4527696725082672,0.4160731024087308,0.4431804766353829,0.40296001723406,0.7345374068988053,0.8211676068244905,0.6658854468841848,0.6190659934398106,0.6393567510776442,0.6623363276913087,0.9252043493193236,0.5888145637998707,0.7551954112658162,0.8378919828674927,0.6620964812186483,0.7316628416487969,0.531287424254249,0.6487447052256192,0.8091517023706506,0.8273884762528021,130400,9852,12,821.0,0.0755521472392638,0,1
238_SVDB_id_2_Medical_tr_25000_1st_71963.csv,0.76172485171356,0.6300708022921339,0.8418459972848408,0.5076882968512112,0.971142110012799,0.9399276088607508,0.999905678957802,0.9995664180987738,0.9477636425788628,0.6729322319471343,0.8395663114607408,0.7454702218952783,0.5638815135880684,0.4943780012053076,0.9995825031651836,0.9603770899565084,0.9188907547565924,0.7429742887362356,0.6673495745440361,0.6302853145250056,0.4836674097371605,0.6641818739054708,0.8499482909795663,0.6237455063090396,0.6295841620121252,0.6813377589308459,0.5902922468907568,0.5818582433820676,0.5170310619313184,0.5844914283276844,0.7394723314815252,0.7362922319376024,100000,676,1,676.0,0.00676,0,1
239_SVDB_id_3_Medical_tr_50000_1st_106634.csv,0.8036824192856973,0.6354275353329567,0.656363067908022,0.5299023499517516,0.8032759669790522,0.8527188906050324,0.9921430518868136,0.987646905411843,0.9163182405868197,0.7248518904321594,0.8431852733343559,0.7896901596200139,0.6715590646086141,0.6039322936626303,0.9749060180832774,0.9400772935321668,0.869925762869806,0.7086841865344611,0.6823750838760461,0.6303289859429351,0.4347862138041735,0.6568922731355223,0.7750344052344287,0.6161665563425527,0.6642982928449538,0.6292100806734539,0.6180983693706896,0.6468553527221605,0.5882337877096029,0.6133953452875985,0.7010501957668561,0.7360982019894359,230400,3503,13,269.46153846153845,0.015203993055555556,0,1
240_SVDB_id_4_Medical_tr_18462_1st_18562.csv,0.7765673969799953,0.6199483780376946,0.6387714309628068,0.5214458227511767,0.7648851214424527,0.8051610331153445,0.9805345224259532,0.9849803738673932,0.7398072395876837,0.6810150002573929,0.7474236644042294,0.7599536992059421,0.5909425911627904,0.6857870099741002,0.9635696728564442,0.8972953058679873,0.671989163563723,0.6586924682290007,0.6735184899778166,0.5977167964746227,0.5167289100426934,0.6430583411824081,0.7201951769658519,0.5923395022630764,0.5479968856416269,0.5666763787966559,0.5685047785811099,0.6258087325793009,0.6168104648081917,0.6387371460442494,0.6290433964524845,0.6930655784178865,130400,6004,34,176.58823529411765,0.046042944785276076,0,1
241_SVDB_id_5_Medical_tr_11587_1st_11687.csv,0.8314763825316814,0.6614172861344211,0.5661754277876059,0.5249687864719444,0.871492163557432,0.5709262855769588,0.9997867878857344,0.9978314671162468,0.9746170169219516,0.5693843434039904,0.8672389515609129,0.8067899529285879,0.5038459484742237,0.3754124814382974,0.6651858268205456,0.8245034608566745,0.8185091960814326,0.7745205475318147,0.684736884872117,0.5814025730595472,0.5318507276305978,0.648666494163054,0.8047539965380184,0.6666310304138101,0.6443468179405265,0.6088395100020368,0.5800490467432451,0.6200750013158882,0.5427233607545976,0.6283372126101199,0.6819161011210262,0.7125039663571274,130400,9852,12,821.0,0.0755521472392638,0,1
243_SVDB_id_7_Medical_tr_11393_1st_11493.csv,0.7530005072400608,0.5418235796165047,0.5796549453855231,0.4994311588367414,0.6433353936181461,0.926664562181858,0.9953748421073196,0.994410075897476,0.9523933375559333,0.6269475718587878,0.6212663041910265,0.7191067718805556,0.8015575690909937,0.6721421708263116,0.9941497232807548,0.9876299913813308,0.845982334450387,0.5757332881142734,0.4959825291592564,0.4904728491338324,0.4519595790861707,0.5440291269374611,0.5727447178115388,0.4707394758611063,0.5061882922446532,0.4556259914332572,0.4774083902218058,0.5344304219794028,0.4852952809907825,0.510402520083957,0.5374833410632807,0.5090650315056013,180400,5547,32,173.34375,0.030748337028824832,0,1
244_SVDB_id_8_Medical_tr_17803_1st_17903.csv,0.948582942232693,0.5928937106082579,0.5620092992681279,0.5168970882742197,0.6846405175939443,0.9168310073003492,0.99701894910165,0.9941072435870312,0.992863620610892,0.665127076750024,0.6925871223467408,0.8214781881910874,0.9914973710785796,0.880458023209631,0.9919530611451176,0.9956046423756728,0.919113331222834,0.7099975972105451,0.6338965003172642,0.5403189621586877,0.4991829323979282,0.5672727302715649,0.6650315342213278,0.5489158935785049,0.5832338815990858,0.5034402644166771,0.4672561421575069,0.5556345603338839,0.4950939796390516,0.5256699504976493,0.5792835102522484,0.6267140000277582,130400,3941,25,157.64,0.030222392638036808,0,1
245_SVDB_id_9_Medical_tr_12607_1st_12707.csv,0.9159798021931738,0.6909247064263231,0.4941624160124166,0.5089941011915399,0.8790849857034839,0.4626792759251446,0.9862409330465608,0.9679680010681708,0.9713717264823634,0.6194650824832091,0.9400537602185586,0.9002566758528119,0.3897347367264838,0.4616796849250804,0.7057562374218685,0.8550296491996703,0.7530717287130346,0.7669324693892984,0.6452828502780583,0.6721962358222708,0.5950816522529156,0.6911288036910546,0.9445791453940988,0.5104005696687179,0.7623338839373601,0.7496996291908089,0.7137969245804364,0.5591736881566927,0.5833366001655058,0.6132690103170679,0.87820445221886,0.8946070686283141,180400,14891,150,99.27333333333333,0.08254434589800444,0,1
246_SVDB_id_10_Medical_tr_20100_1st_68460.csv,0.9379296956136848,0.7126222931102779,0.9457004723508304,0.4891393010752373,0.6750718238897297,0.9869530416690314,0.9813562021425174,0.9212026603304292,0.8850671840506555,0.6625638007127683,0.7644837579302924,0.8844927450586882,0.629449602746691,0.6738979972629044,0.973801912222202,0.9371221646809366,0.9223598467273336,0.8022236004566116,0.7570531229393527,0.6203585372746416,0.4541821683904674,0.7087598055363287,0.76572762096786,0.6822843571892054,0.6323590334390218,0.6450480864028141,0.628309864017024,0.5848079849699639,0.5722566995356065,0.563663190980574,0.6211984944219539,0.7148364734648598,80400,535,5,107.0,0.006654228855721393,0,1
247_SVDB_id_11_Medical_tr_20100_1st_23611.csv,0.4903635514295636,0.5502327862531752,0.4331416238734846,0.5265807107214195,0.7560400066724401,0.4439145581389619,0.9965105668610796,0.9870498192214888,0.9918865059221236,0.6562827649606329,0.8666761892109572,0.409911996374774,0.9920728214932482,0.6612995609307988,0.9969077035718532,0.9974233193791434,0.535215387632479,0.6658172091020873,0.5815741098668541,0.5009458283764494,0.5252167627411478,0.5353052924370023,0.8325711901748651,0.4474888617862628,0.6068776676026062,0.5824663789260102,0.4559748671421946,0.5499842012333359,0.4721518719291043,0.5112405111675139,0.8174857353285394,0.7337451667260992,80400,945,8,118.125,0.011753731343283582,0,1
248_SVDB_id_12_Medical_tr_18462_1st_18562.csv,0.837143594838936,0.6437904684281885,0.6550109302031494,0.5141400683144257,0.754294185881931,0.8149432079793574,0.9849157310670128,0.9905316105007672,0.9624627586239548,0.7201215406756172,0.7739258334781325,0.7292235047102696,0.673893104244533,0.560834558850859,0.9380121690044938,0.9699022786699604,0.8131606646835161,0.707712363006803,0.7070740274032774,0.5996572466807181,0.4898416135440667,0.6559452409284836,0.7466812623272535,0.5949164678182004,0.6502609007791604,0.5547745948931566,0.5360378229684449,0.6121783181181569,0.6299649071535511,0.6266080532579126,0.6601787143940546,0.695896718848206,130400,6004,34,176.58823529411765,0.046042944785276076,0,1
249_SVDB_id_13_Medical_tr_50000_1st_54982.csv,0.6701303913701806,0.5813237603152235,0.8439897913521596,0.5136481485423842,0.760463321885009,0.8043110655989267,0.9248870908509024,0.8808621280762046,0.8855516706140335,0.6199019198089631,0.7899032706050018,0.5711475761352842,0.5263377762562313,0.5283664818902611,0.9322987366719832,0.6180024339596863,0.6512076927393988,0.6317290712314543,0.6114781781209222,0.6109379763763585,0.5232841485834944,0.5897784150453381,0.6677954521156722,0.5539480639955479,0.5142441575748429,0.5790237048528504,0.4825713560577251,0.5087647463713998,0.5205849424776718,0.5506319145878485,0.5650654089614837,0.558271465065496,230400,8578,57,150.49122807017545,0.037230902777777776,0,1
250_SVDB_id_14_Medical_tr_50000_1st_107354.csv,0.7680698126294878,0.6262979743295772,0.6088313692354217,0.51280917992014,0.927685710366863,0.9635159555223696,0.9898163697086928,0.9825187915928264,0.8642325905440149,0.6561989430473478,0.9234646291070276,0.8616676756076729,0.6453589923958803,0.6425486686962464,0.9803896396688272,0.980168188015212,0.9314984414514172,0.7722868400021738,0.7115607371020676,0.6157265825703926,0.534674885246984,0.6408580248305251,0.9257004377837086,0.6121923071091756,0.6323450323251646,0.662307325707364,0.654276689857094,0.6924364673511605,0.5893225628329538,0.5880858770124475,0.8388392336936534,0.827107517265388,230400,6469,6,1078.1666666666667,0.028077256944444445,0,1
251_SVDB_id_15_Medical_tr_5421_1st_5521.csv,0.9543317372195356,0.6116553170466524,0.5315535104640636,0.5102324869703757,0.8404749171398195,0.5211862018571991,0.997622835548658,0.9959492969926456,0.9906457919557736,0.6215334719843785,0.9052335785959946,0.954749262370135,0.5355840593563674,0.6334307914009306,0.8885318452987939,0.951626997716422,0.920419161432818,0.6687267608647036,0.5870316608356475,0.6088265986286342,0.5936914078965021,0.6069547947013387,0.854820111375209,0.4278877071738,0.6499806856935624,0.6370812754540535,0.5343893136067809,0.540634115058625,0.5093392397424263,0.6206798204238211,0.6884727179502831,0.6944445913801054,230400,12809,83,154.32530120481928,0.05559461805555556,0,1
253_SVDB_id_17_Medical_tr_17803_1st_17903.csv,0.9400512528600984,0.5616383917586351,0.4856669001033738,0.5184125748511029,0.7299059134635144,0.9815020837756084,0.9977908458912635,0.9940552967514,0.9938320511670852,0.7058416517144194,0.718991864034795,0.8260319215622487,0.9327735531570762,0.7705298207432466,0.9941111342322584,0.9936574296187644,0.8926547064058815,0.7180005059604535,0.6072568230505195,0.5281640447078758,0.4665961540893673,0.5652414723542698,0.6891782108320744,0.5211118037824051,0.5161074217300248,0.5159369586975544,0.4399602410569943,0.4624685757912308,0.4515040462941113,0.5355676686851892,0.5207261964962566,0.5420976642285644,130400,3941,25,157.64,0.030222392638036808,0,1
254_SVDB_id_18_Medical_tr_30824_1st_30924.csv,0.7260064580312883,0.5609811261147416,0.7258117745794261,0.5051330729420167,0.7493667592762813,0.9374625446294378,0.9886491376345072,0.986177083248974,0.6265994655778628,0.6027062914634159,0.7795874960167668,0.7070393286815717,0.5636618257429691,0.5667143270164496,0.961489936604285,0.9203894191720424,0.8172700405053298,0.6747690651798302,0.5652023505321492,0.5018959859999379,0.4842290891845133,0.5269184197619282,0.6407204901119568,0.5335902778880579,0.6082122729159242,0.5779950110909585,0.5578130954241045,0.6352131444036643,0.5618080732655872,0.5816125315665669,0.6607858233222472,0.64377151947799,230400,7847,42,186.83333333333334,0.034058159722222224,0,1
255_SVDB_id_19_Medical_tr_50000_1st_54982.csv,0.5473631535109116,0.5139770483635666,0.8600753369034931,0.5146424584131373,0.6757519822811515,0.8954969043453367,0.9089451324147684,0.8657161664151541,0.7353052028914381,0.5979248737725069,0.6806281337800126,0.5002051015515689,0.5995380278389191,0.6063179241981748,0.935019773625823,0.7975043861875863,0.5091938732741836,0.6240348841158707,0.5604921743729376,0.4862542712799498,0.5027271926543856,0.5068249355069361,0.58589487144197,0.5180316382469785,0.5563513156021227,0.5457707292771796,0.5178771387296499,0.5786122343996002,0.5175188733316257,0.5162910854068602,0.5442830470762479,0.5796574992076,230400,8578,57,150.49122807017545,0.037230902777777776,0,1
256_SVDB_id_20_Medical_tr_6264_1st_6364.csv,0.7295331246518497,0.5341366592201989,0.594169509849476,0.5072822686176696,0.5814023579734562,0.8706060937333593,0.9914446732384968,0.9893927431376592,0.927592873539067,0.5838742480455029,0.5850021695747343,0.7035642193520393,0.5833653688997243,0.6052513380478495,0.9912439682245452,0.9835810730034806,0.7027155833341122,0.5319170272231895,0.4803983253298444,0.4913764785940037,0.4983017712301014,0.5200542492361802,0.5579897549937767,0.4691481696321961,0.4878517252424441,0.5169274383525775,0.4229338140210364,0.5756334439952506,0.4643411498721091,0.5020814782789065,0.5172407182711125,0.5142663556256981,230400,7464,45,165.86666666666667,0.03239583333333333,0,1
257_TAO_id_1_Environment_tr_500_1st_3.csv,0.5173126313169447,0.988148508137537,0.527077768368613,0.4693958227016724,0.5756896037073035,0.5411612137544375,0.5075513181868957,0.5203505632288916,0.5109474240905207,0.9992859695448976,0.5872089358327411,0.595246703200182,0.579391449525857,0.5293271612920869,0.5545266309489212,0.5752266195003316,0.56163808227318,0.9989070536753448,0.989083167282434,0.5131801887487711,0.4961763680716914,0.867227937246897,0.5850259400937486,0.5207806964728611,0.6400181624689277,0.4915206276237317,0.6041259071384968,0.991252953110378,0.9986828328167564,0.99787019153444,0.6323265179462436,0.6352638691319605,10000,954,849,1.1236749116607774,0.0954,1,1
258_TAO_id_2_Environment_tr_500_1st_4.csv,0.4948224973939944,0.9700760785500522,0.5076163455395272,0.3911756027438717,0.5611310064225428,0.5210964138000606,0.4830420911933825,0.5019473166548977,0.5015252278153267,0.9990472107333804,0.5785057920575676,0.5759979740408219,0.5417371969467701,0.5017698140488921,0.5182819698039611,0.5448502807760853,0.5844472746225495,0.9961548807962608,0.9936167154241906,0.512153022966475,0.4969883822589865,0.834065999192979,0.5771721476848584,0.4967996570160395,0.5435686724503177,0.4996116211036012,0.6212921584451394,0.9922131712565992,0.9958184538821075,0.9891138740374592,0.6115034970913615,0.6118355946736609,10000,1380,1199,1.1509591326105089,0.138,1,1
260_IOPS_id_1_WebService_tr_5000_1st_11804.csv,0.3142306757587453,0.7662703177938843,0.1380037454789781,0.7399590427585023,0.9998641906477392,0.0174336321139082,0.0,0.4510943374647967,1.0,0.8223077582879444,0.9999428171148376,0.0264738888650627,0.4906648939972266,0.65771754513874,0.2697298823462137,0.0354998498949264,0.9967870366399336,0.9626166888250348,0.709303655415934,0.8031818701662593,0.4998999299509656,0.958403024974625,0.99803433832254,0.4379208302954925,0.9996569026890252,0.6761018427184743,0.9995067976154738,0.8784470557962001,0.966522994667696,0.955611785392632,0.998913525181913,0.9992101613986932,20000,14,1,14.0,0.0007,0,1
261_IOPS_id_2_WebService_tr_2178_1st_2278.csv,0.5169172932330827,0.4418527379053694,0.9730006835269992,0.61002886002886,0.3441558441558441,0.9648932938406622,0.8110237715500873,0.865392648287385,0.3159888357256778,0.9824371534897852,0.3412508544087491,0.4201412622465254,0.4011164274322169,0.8641869826080353,0.918679273942432,0.6362497151970836,0.4634692792587529,0.6246487430697957,0.6653565732513101,0.3410609857978278,0.5,0.6421356421356421,0.4870319738740791,0.1380914407230196,0.7968595731753627,0.8665413533834586,0.920710868079289,0.7968595731753627,0.9106478317004634,0.8321371610845295,0.7621515910989596,0.791258449153186,8784,6,2,3.0,0.0006830601092896175,0,1
262_IOPS_id_3_WebService_tr_7028_1st_7128.csv,0.4937039708732932,0.8421211012757868,0.4685040472500897,0.5648356577638055,0.8994362915877891,0.4607251184932616,0.4060853755132887,0.6236555855709863,0.8478549779325044,0.8497900538252704,0.8983433018351747,0.4772139194065548,0.5232459368854013,0.5990928733001113,0.4609018482769114,0.4792456579455284,0.5237912295388312,0.8076965985405427,0.8025101743095095,0.7918342871451467,0.5118180759248091,0.8296337345841801,0.8089026425535475,0.5716496017875351,0.8157118350783166,0.7898184403010433,0.7802136778382934,0.7637120391178917,0.7653640715705149,0.7817914760488929,0.9161093437293676,0.9166825080171954,125135,2704,46,58.78260869565217,0.02160866264434411,0,1
263_IOPS_id_4_WebService_tr_3482_1st_3582.csv,0.1464033499037019,0.6692360039722463,0.2375071842715846,0.6272097155331395,0.9766484527159086,0.0609905722729401,0.5960855608237607,0.5675185417142595,0.9860861769537188,0.8495625775976,0.8626979306823077,0.1100783159205506,0.4631192970110784,0.4746301577523101,0.3302366246250418,0.3374188353317591,0.9630327913409332,0.8423865921928825,0.7369317513186844,0.6475061073242065,0.484528055119225,0.8573659915207887,0.5302779360533906,0.1340588235143523,0.7953281775259856,0.772613727392532,0.8711087659676438,0.8614005760388423,0.8040021310245584,0.8266506074640305,0.9929729183575752,0.9926760708692816,149123,790,56,14.107142857142858,0.005297640203053855,0,1
264_IOPS_id_5_WebService_tr_11665_1st_11765.csv,0.1581535367984934,0.6137796791962861,0.272854355130396,0.5016235854286827,0.6738057375424096,0.0762107653631627,0.5137772077511955,0.5809535830498229,0.7279542262077259,0.7834802074714301,0.8148310142846334,0.1026084469072841,0.3950357269360415,0.4630970899128438,0.2208359385075164,0.1960851859045974,0.9056422734598027,0.5014001694216925,0.5430924527607028,0.1585400663034631,0.8074386797570374,0.3019636964622972,0.4783207127812904,0.5946738217380836,0.5037728318285469,0.5702450049061754,0.6744089504322953,0.2305350364995443,0.5986995823088778,0.5636094471476867,0.873807675636128,0.8750220265665699,60000,901,3,300.3333333333333,0.015016666666666666,0,1
266_IOPS_id_7_WebService_tr_4010_1st_4110.csv,0.5099823913814097,0.892597067153647,0.496119531729972,0.6032772217007499,0.5713370057347753,0.5033736734564994,0.5381066078415819,0.5361743422400471,0.6175156400971404,0.6177773682434511,0.9749934027591128,0.4409858711910331,0.4285539017135159,0.3401402151765611,0.2924554300931169,0.2650156930379624,0.5900940250925713,0.5028934547789523,0.1797000783398861,0.1441893602668668,0.5159247206259572,0.2084441018223045,0.1583811656792106,0.3093368916144118,0.6120714088047667,0.5827072846195072,0.5117133604716131,0.6050404447517728,0.551900448637441,0.5520033229920174,0.6493387558205145,0.636868733169361,89155,1456,53,27.471698113207548,0.016331108743200044,0,1
267_IOPS_id_8_WebService_tr_1534_1st_1882.csv,0.420650842622595,0.6656656485945954,0.7152509263422273,0.6560626967023768,0.6419605897582983,0.7241376102696082,0.6504147222523682,0.5639912559495202,0.4856839428846064,0.7315328444520239,0.4842746624083347,0.6172462442442753,0.7277561588192432,0.920267902823212,0.6300615494333421,0.6523216694314817,0.4143780716578037,0.6793103982883987,0.853661183547542,0.8441512534689384,0.5386877722826003,0.824932946776019,0.756295251236415,0.4463000573634517,0.3703601494550472,0.582049890699369,0.7252941814855584,0.4534844421016729,0.7943411730050697,0.664209857211516,0.3791104013891258,0.3802204616982682,6138,53,5,10.6,0.008634734441186055,0,1
268_IOPS_id_9_WebService_tr_6216_1st_6316.csv,0.4405475369673239,0.7614338349989337,0.4425238866341592,0.5297236248758361,0.9143977065486448,0.5002806396912582,0.5788012199696948,0.3238996518767089,0.5963761064285639,0.6778706699571933,0.8550993062929567,0.4219769783575543,0.5833398972498446,0.5538163901012492,0.561796026406249,0.614499110025831,0.7990268301248772,0.6218934264965574,0.9094707043545248,0.9070340503642174,0.4942116708741113,0.9239059568497248,0.9157502174609194,0.5658724895471136,0.6732896670292909,0.7002090628915767,0.6465388253166836,0.6514619433583729,0.6735513246998647,0.665219882256242,0.9250042299839428,0.9345890277674832,29133,1397,15,93.13333333333334,0.04795249373562627,0,1
269_IOPS_id_10_WebService_tr_1216_1st_1728.csv,0.5208932649248198,0.8656925090983041,0.1120012879554977,0.8223913605300953,0.9854172933445748,0.1500425787919486,0.0818571979341871,0.0874665830625378,0.9383179470667236,0.8210589197273263,0.9910859922129532,0.4778272529688645,0.3186884884740693,0.0908008625912478,0.1087813992111272,0.0328979422368905,0.6233111471700991,0.85798172289468,0.8908881385230032,0.77901818813471,0.4731160473323645,0.9260145827066554,0.9834895967936688,0.7005884770349908,0.8578800421974893,0.7371342142835959,0.7649142280952239,0.8157037363419523,0.7709557561866349,0.7241826354789372,0.9956828070651138,0.9960090326352672,4866,49,2,24.5,0.010069872585285656,0,1
271_IOPS_id_12_WebService_tr_500_1st_341.csv,0.4071973012109542,0.8400060468150788,0.8597626227264772,0.5314822255462025,0.4377018920166128,0.8415107887911144,0.7856871489266904,0.6958133761914612,0.4181666016899257,0.8307607848129465,0.6032284820902886,0.517816224559617,0.4274501535572776,0.7536907451903951,0.8186945045589804,0.762210986108238,0.7013569530417072,0.712295919991089,0.7681334834428655,0.7776532390242349,0.4697316129083589,0.8197909870629982,0.7008228840125392,0.5541100440780994,0.4749435100170265,0.4216315858568178,0.4600969877313305,0.6841603281192814,0.5926027958563403,0.7031501121843324,0.6110366309692409,0.614689583565393,8784,116,10,11.6,0.013205828779599272,0,1
272_IOPS_id_13_WebService_tr_3442_1st_3542.csv,0.0851873740780187,0.7361526572035657,0.1747868392020048,0.6359422643132097,0.9584270217816914,0.0659709685445179,0.4498262134792682,0.6040616854795571,0.9342355196522292,0.8828360890567543,0.8652274312777914,0.1420127279822267,0.5323383033775472,0.4685795602170499,0.324437327641309,0.3202664373161751,0.9468486213469268,0.8689272640886179,0.7658332746459267,0.6478174895364369,0.4754266335141054,0.9007096033413114,0.5499559331234372,0.1577229877609288,0.947481876281118,0.7691881308078529,0.6634755023660625,0.86619465398623,0.8392442215028552,0.8584318763231324,0.9910430413068188,0.9907308998231869,149156,633,56,11.303571428571429,0.004243878891898415,0,1
273_IOPS_id_14_WebService_tr_5569_1st_5669.csv,0.4841992160667235,0.7576644366259339,0.1560094641120296,0.5860907506383305,0.78351628921326,0.3245194064011973,0.6096230665689625,0.6900084808407762,0.714177163188122,0.7522509842787579,0.641265660904665,0.6672731209020197,0.7609307750873426,0.4045576988352655,0.484525895527354,0.6101776413342597,0.6582933461807357,0.7570159801551639,0.806288641174556,0.7979912193613119,0.4731413071966617,0.821589357443387,0.7853758458133175,0.397330995237927,0.7458443760624688,0.5362474656390257,0.6382161861271705,0.737629051473436,0.6539149707472506,0.6540350564270281,0.7932987239519232,0.7912508326526515,149122,761,53,14.358490566037736,0.005103204087928005,0,1
274_IOPS_id_15_WebService_tr_4591_1st_4691.csv,0.471937131112659,0.7900485435018862,0.3215850727258504,0.5136166280518522,0.870988677481116,0.4014336144832249,0.4708220138955908,0.4537187707191545,0.8407177454220081,0.6872128670834868,0.8426831986262907,0.5638148807237756,0.5836189142122445,0.4062696737302238,0.4461333904596154,0.5153122157540017,0.7497068958492836,0.6436069798030056,0.8915877522565449,0.887016146689952,0.4969483036843813,0.9007912817241552,0.8857952164896352,0.4887950019188333,0.7175396230010549,0.7052726002549693,0.7219526495451493,0.6794507832259253,0.6747887797128227,0.6746160300305211,0.909843223691494,0.9155623914917952,149132,6777,86,78.80232558139535,0.045442963280851865,0,1
275_IOPS_id_16_WebService_tr_1482_1st_1582.csv,0.291836869951489,0.8598572959621611,0.8876682567573466,0.8213613137565206,0.511522364994512,0.8899580196662588,0.5374565769458943,0.6784996678106052,0.3346165596817448,0.7533893825480138,0.5134791302618882,0.4258716536565888,0.8288844740657881,0.5769798407107398,0.904033635994782,0.6935257822615714,0.7915289279577384,0.7262436087891978,0.7915580248390378,0.7624918569144699,0.5,0.7795959736382256,0.784451919828393,0.7067212179307913,0.3161077101885963,0.4245461290640665,0.3080874781571329,0.5632509622176997,0.5037349080134428,0.5692190558708616,0.5352549129275826,0.54003165094088,8784,71,6,11.833333333333334,0.00808287795992714,0,1
276_IOPS_id_17_WebService_tr_19197_1st_19297.csv,0.3976703414085529,0.8157353831193059,0.5827048941320947,0.6072176822632384,0.841574423010228,0.5557518168404865,0.4248829326781494,0.6328557916767921,0.6666366928994838,0.7622895680657735,0.9411935847884076,0.4131628137260127,0.56903009733465,0.6142325318340994,0.6875929772617673,0.6579221610995203,0.7706282998249699,0.6452722520420985,0.7711355258287134,0.1816047685640446,0.7970898790339899,0.2036363771256717,0.2111591609485672,0.7448608170569133,0.6526329213286892,0.6692583810605244,0.6430008473097826,0.6355599842058883,0.6512332849905784,0.6665231873670329,0.7926233264879825,0.7998109864559143,91370,2576,20,128.8,0.028193061179818322,0,1
277_NEK_id_1_WebService_tr_500_1st_17.csv,0.93997461928934,0.8059760036917396,0.6634748500230734,0.7873096446700506,0.1828334102445777,0.6540897554222427,0.9691047531149054,0.9684817720350716,0.9694047069681588,0.93772496538994,0.9537840332256576,0.96616289801569,0.3592408860175358,0.0499192431933548,0.489495846792801,0.2332141209044762,0.9882441162898016,0.9711005999077066,0.9381056760498384,0.8941912782648824,0.6739443931702815,0.8422127365020766,0.9891785879095524,0.6426165205353023,0.9853830179972312,0.9615020766035992,0.8589582371942777,0.955179972311952,0.9620558375634516,0.9513728657129672,0.9860867558837102,0.9860175357637286,1073,88,2,44.0,0.08201304753028892,0,1
278_NEK_id_2_WebService_tr_500_1st_64.csv,0.1977411477411477,0.6551968864468865,0.6494505494505494,0.6549068986568987,0.9011217948717952,0.3215659340659341,0.1871642246642246,0.238095238095238,0.9657661782661782,0.6804639804639805,0.9757936507936508,0.1990842490842491,0.6756868131868132,0.5378663003663005,0.6295024420024421,0.6746642246642247,0.2591117216117216,0.6785714285714286,0.5252136752136752,0.5912851037851037,0.4598214285714285,0.7948260073260074,0.8002289377289378,0.6257173382173382,0.6095543345543346,0.6632783882783883,0.7109737484737485,0.6017857142857143,0.6059371184371185,0.6222069597069596,0.9327991452991452,0.9337912087912088,1073,65,6,10.833333333333334,0.06057781919850885,1,1
279_NEK_id_3_WebService_tr_500_1st_974.csv,0.4799691143886663,0.8999686667711108,0.9242854904769364,0.4983941720194266,0.9350730735659452,0.7542803428750476,0.8846937176876077,0.8792663548264363,0.7154886864662833,0.8562140507150692,0.9988361943555426,0.4344464089881604,0.7888923703587655,0.5806159217564513,0.8862827600098476,0.9070522145878562,0.995714061905508,0.9657908283162864,0.9501913565050022,0.9464425594771828,0.492787762136031,0.962758219377364,0.994986683377722,0.7292025693247689,0.7062733600411807,0.7002193326022246,0.5985989570510956,0.6740337056019337,0.6241579194736018,0.6564087643517379,0.9572972851995254,0.9608670352051208,1073,91,1,91.0,0.08480894687791239,0,1
281_NEK_id_5_WebService_tr_500_1st_974.csv,0.4013094139363174,0.9624884633133364,0.5040320719889249,0.6453276419012461,0.970131518227965,0.3742558837101984,0.3292339640055376,0.4882210429164744,0.8834563913244117,0.8691855099215504,0.9993020304568528,0.3201718966312875,0.4150380710659898,0.2405341485925242,0.5264824642362713,0.497831102907245,0.935584910013844,0.9848177203507154,0.976095985233041,0.929303184125519,0.5701430549146285,0.9929395477618828,0.9913071065989848,0.9005479926165206,0.6922185048454084,0.9432337332718044,0.7134748500230735,0.6608906322104291,0.5929280110752191,0.6544877711121365,0.9717293493308722,0.9649573142593448,1073,88,1,88.0,0.08201304753028892,0,1
282_NEK_id_6_WebService_tr_500_1st_64.csv,0.4349677824925348,0.7979569385509979,0.6694562313374195,0.6591544868772591,0.8170438472418671,0.5953716800251454,0.6606474933207607,0.6131541725601132,0.6966996699669967,0.6988527424170988,0.9209178060663208,0.4360521766462361,0.3821860757504322,0.7044947351878045,0.6422442244224422,0.6898789878987899,0.4524516737388024,0.7479490806223479,0.6629105767719629,0.6549426371208549,0.4836476504793336,0.9426842684268428,0.822968725443973,0.7586122898004086,0.4344491592016344,0.5876866258054377,0.6293886531510294,0.7462831997485464,0.6868772591544869,0.7482005343391482,0.8415605846298916,0.8443580072292944,1073,63,7,9.0,0.05871388630009319,0,1
283_NEK_id_7_WebService_tr_500_1st_777.csv,0.4625655823714585,0.8165748513466247,0.7382651276670165,0.57898740818468,0.956702518363064,0.5081190975865688,0.6745890171388598,0.6516002098635886,0.8795426722630291,0.8055264078349074,0.9964847848898216,0.4461612451906261,0.6254984260230849,0.5773697096887024,0.6951381601958726,0.7475603357817419,0.8162906610703043,0.8600034977264778,0.872525358516964,0.8599073102483386,0.610523784540049,0.8894893319342427,0.9808674361664916,0.7197621545995103,0.6753410283315845,0.8413256383350821,0.7568905211612453,0.6199282966072053,0.6344613501224204,0.6544071353620147,0.9678646379853096,0.96868660370759,1073,120,2,60.0,0.11183597390493942,0,1
284_NEK_id_8_WebService_tr_500_1st_976.csv,0.3422170457659632,0.9430266282999908,0.6415227916324107,0.6207522608933954,0.9643281264273316,0.465578468986937,0.3997784781218599,0.5533479492098291,0.8779460126061934,0.8437585639901343,0.9939709509454644,0.2608933954508085,0.5741070612953321,0.2507422124783046,0.650600621174751,0.7399287476020827,0.8887023842148535,0.9433863158856308,0.9457385585091804,0.9150680551749336,0.6313202247191011,0.9722069973508723,0.9941536494016624,0.8932698456198045,0.7125011418653513,0.8475723942632684,0.6351626016260163,0.6848223257513473,0.5531081574860692,0.6642573307755548,0.9709966200785602,0.9716474833287658,1073,89,1,89.0,0.08294501397949673,0,1
285_NEK_id_9_WebService_tr_500_1st_780.csv,0.5035213970447131,0.8587555171752064,0.7225292650163118,0.5742803684513529,0.9454663212435231,0.5153905200537324,0.6156591824985607,0.6902322011130301,0.8618355402034159,0.8403857225100749,0.9955094991364422,0.4870658222989829,0.5933601995778162,0.5618499328343888,0.6722030320475916,0.7364901170600653,0.830166954519286,0.8919401266551524,0.9040491268470544,0.9013625023987718,0.6196795240836691,0.9206870082517752,0.980032623296872,0.6823354442525427,0.6753214354250624,0.7560736902705816,0.6011897908270964,0.6959700633275764,0.6611878718096335,0.6747937056227211,0.958923431203224,0.9581846094799462,1073,108,2,54.0,0.10065237651444547,0,1
286_CATSv2_id_1_Sensor_tr_17792_1st_17892.csv,0.3995127166568743,0.5320568762793298,0.7213239122142829,0.5088715281594708,0.6893051663602593,0.7372244610230848,0.7191366101550358,0.7648436910086804,0.6648657690430613,0.6802382761267579,0.6711804044577537,0.3359536979739206,0.7261598953792503,0.7038322805712445,0.73465146364808,0.7414633289583412,0.5944677068723703,0.6869372854753422,0.6680498276458434,0.5242452649397293,0.4604718591268337,0.540646441567795,0.7011181898193777,0.5132258964785262,0.5277874722811873,0.5991616294634396,0.5846674887940184,0.6029597999033395,0.5645252243565445,0.6365797813767484,0.642920436346234,0.6632300636585042,300000,14800,19,778.9473684210526,0.04933333333333333,0,1
287_TODS_id_1_Synthetic_tr_500_1st_11.csv,0.5102532260633417,0.9923852696989762,0.581096049007219,0.4347963705423085,0.5899441254965119,0.5940467903489347,0.6149586984660586,0.5598235559015878,0.5283030918950035,0.995350394015906,0.6287183305723519,0.4541111135365707,0.5555559597988161,0.5788084363951527,0.5815180789713464,0.592534920554072,0.5932104110426323,0.92213870556457,0.9434124113999832,0.5063154924612674,0.5069202403792126,0.586127664872635,0.6073342663267789,0.5037905890551946,0.4889617335244596,0.4884742161521054,0.4921613189325714,0.924013585807504,0.9404840732197736,0.9162707103928516,0.5191857893941121,0.5118431148075115,5000,261,247,1.05668016194332,0.0522,1,1
288_TODS_id_2_Synthetic_tr_500_1st_65.csv,0.757235574543267,0.6358110011956166,0.3236947852332468,0.6273547427393581,0.8126753126753126,0.8655299424530194,0.859167599552215,0.8203363972594742,0.7912386181616952,0.7165716011869858,0.523816821893745,0.6445474426243657,0.8111097149558688,0.7919306669306669,0.8178763082609236,0.8223862070015916,0.592540025232333,0.6685711493403801,0.5188017688017688,0.49843947920871,0.5523390042620812,0.4890560467483544,0.5167624302239687,0.5213748194517425,0.358687829841676,0.5289464231771923,0.3594306478921864,0.7158354466046775,0.5710408210408211,0.7115238653700193,0.2784222303453073,0.2792351734659427,5000,338,112,3.017857142857143,0.0676,1,1
289_TODS_id_3_Synthetic_tr_500_1st_26.csv,0.5138708551483421,0.4924542175683537,0.6534641070389762,0.5217573007562537,0.5385805700988947,0.7266764397905758,0.7341598603839442,0.6568758580570098,0.6623488074461896,0.3565244909831297,0.4922043048283886,0.4978466550319953,0.5953214659685865,0.6489791739383362,0.6578024432809773,0.6761438045375217,0.6158454915648632,0.3560986620127981,0.3505033158813263,0.515171146015125,0.5064721349621873,0.488635718440954,0.5291327515997672,0.5717780104712041,0.5448646887725422,0.5513605584642234,0.5141370564281559,0.7042168702734148,0.8365821989528796,0.8223478766724841,0.5549300756253637,0.5578359511343804,5000,225,123,1.829268292682927,0.045,1,1
290_TODS_id_4_Synthetic_tr_500_1st_26.csv,0.7404897297699748,0.56171699663277,0.4920888198070434,0.5414585414585414,0.7780527282824373,0.8980565121453329,0.8988882480459814,0.8401126693622865,0.8426718763625349,0.7546205708533427,0.469176051105607,0.7343090804040268,0.8607665943041134,0.8763400968607707,0.8683049977077543,0.8540198953675218,0.7213465452362849,0.4761960856907258,0.4522032332139529,0.4964723892748395,0.5806536495663601,0.4848418554390989,0.5811539149977129,0.5047555813252597,0.4255948237571514,0.6729819440386056,0.4825582788829343,0.6675509278878344,0.5148491120926036,0.6303308738224512,0.3753660836356088,0.3712795627037587,5000,429,84,5.107142857142857,0.0858,1,1
292_TODS_id_6_Synthetic_tr_500_1st_11.csv,0.5394808222954711,0.77427379719439,0.5499806367478145,0.4902593543911733,0.52073767927178,0.5518801758296487,0.5857642501813032,0.5214333819233733,0.5264730826540026,0.576631182193246,0.530757252730461,0.4875800300595288,0.5503234350328527,0.5656721473967947,0.55221246378991,0.5765713541906685,0.5135219370690262,0.5334943838483797,0.5605673635011994,0.4965360394994175,0.4981222900542413,0.532074681516947,0.4968861141631477,0.5009107600662636,0.4973889927794069,0.4861473919437552,0.4969936428704828,0.859920008343581,0.9268457140916776,0.899186581710903,0.5016703331530409,0.5032772001141583,5000,261,247,1.05668016194332,0.0522,1,1
293_TODS_id_7_Synthetic_tr_500_1st_7.csv,0.4718607146482505,0.1849422692468701,0.7581071796201172,0.4745549283178929,0.6029782743106329,0.7864696195214929,0.8440527215207395,0.7980845621514784,0.8205204031211436,0.6171506855290987,0.6381376997799495,0.3721769061886796,0.742988039419496,0.7219662097031961,0.7645685944367403,0.7597019796157548,0.6940261694850415,0.6483889667692674,0.5519853624038276,0.434304894551086,0.4981975656019846,0.4588334386186565,0.6229833246504402,0.5282001075504258,0.4379055687127254,0.5278028756735534,0.5057730753129827,0.6816675181774481,0.7643051713969559,0.7521893894206287,0.5403687419200855,0.5380499480284799,5000,251,24,10.458333333333334,0.0502,0,1
294_TODS_id_8_Synthetic_tr_500_1st_200.csv,0.7708996026027337,0.4667197257522162,0.6031101794838203,0.5199052360365082,0.7276955325560068,0.9548999956329972,0.9567994235556138,0.9552932442464735,0.8855316826062274,0.6825525132101837,0.6057072361238481,0.7450417048779423,0.715020743263898,0.6603921568627451,0.8820887374994542,0.8712825887593345,0.6346713830298266,0.5569861129306957,0.5346185422944234,0.5078584217651426,0.5655500240185161,0.5063959124852613,0.5270306563605398,0.5551067732215381,0.5021765142582646,0.5484025503297087,0.5162050744573999,0.6342927638761517,0.4729870300013101,0.5461295253067819,0.4258622647277174,0.4230516616446133,5000,510,14,36.42857142857143,0.102,0,1
295_TODS_id_9_Synthetic_tr_1250_1st_2046.csv,0.8071533455698314,0.5025841259246899,0.651879971077368,0.5121013404527505,0.7603721007842483,0.946117136659436,0.9548100561766504,0.8886111574614828,0.9698172868346404,0.4942977918682908,0.4095989765837922,0.8145208298570555,0.9719962178096668,0.936753990767006,0.9498770788141722,0.9507358585015852,0.5567256243395071,0.3731698092218699,0.3789448801379387,0.3810960008899272,0.5185541465042549,0.3803409533344457,0.2931584070304244,0.3973018521608543,0.4118988820290339,0.4482996829634573,0.4822326047054898,0.3989031648033817,0.5176806273986317,0.5387997107736804,0.3178274653762724,0.3210556760665221,5000,390,11,35.45454545454545,0.078,0,1
296_TODS_id_10_Synthetic_tr_500_1st_26.csv,0.5109711524309474,0.7672687819915289,0.5862447668808974,0.6722360545552667,0.5645963139217322,0.629805883988291,0.6425677443621318,0.6271908575773929,0.4967476982452697,0.574695620533451,0.6159442509280609,0.4657312466270912,0.5709818435297389,0.6055439377585896,0.5832505437537818,0.6103319351093232,0.5705643183044694,0.629091440579568,0.5456548757951888,0.4694342916482689,0.5089019239889451,0.5014411519403424,0.5581336162488348,0.547358705784232,0.5599151253495561,0.4707221295524048,0.4825937464226725,0.812068676511472,0.9135952754746602,0.8770605406466173,0.5667396441479009,0.5666456115390277,5000,204,155,1.3161290322580645,0.0408,1,1
297_TODS_id_11_Synthetic_tr_500_1st_7.csv,0.6786440257080752,0.5788578681693525,0.5994560398121139,0.5596833554390566,0.7106553780665925,0.8002422820824515,0.8631114623418309,0.8547649788296803,0.7841369833363955,0.6122656143167906,0.6208335745248108,0.638113790363918,0.8015904375758705,0.7531373767931013,0.7648315980130856,0.7907103948912709,0.4693531622090287,0.5789807709570227,0.3460212634406573,0.3321689028262607,0.5004043627553378,0.3428476030600696,0.3599503858644176,0.390728515711842,0.5736430986938748,0.505377940753306,0.5285021212266117,0.572503835993151,0.6047823865624048,0.7540065050390143,0.6172102493374575,0.6193671303415522,5000,251,24,10.458333333333334,0.0502,0,1
298_TODS_id_12_Synthetic_tr_500_1st_0.csv,0.6698761867798795,0.5651857660340693,0.3007015070388323,0.5065764634751662,0.8003252753751755,0.8662743956531381,0.9065612161919548,0.8897700630485061,0.8726812248518835,0.6274725680913305,0.495832739283338,0.6927873749854787,0.770602313890737,0.7901703207341929,0.8933983884083685,0.8984755357010846,0.6095160868738713,0.5119714275153396,0.5020243903726938,0.5755889015619554,0.4771409561828724,0.5635560888804402,0.6048653354666327,0.622938976544266,0.4342185338318072,0.4917311540939285,0.3906155942084086,0.5565080157146025,0.6061224112621317,0.7260492243027172,0.4134967498864704,0.4193369213953046,5000,324,60,5.4,0.0648,1,1
299_TODS_id_13_Synthetic_tr_500_1st_65.csv,0.6329653770454575,0.7023015732832036,0.4668941850342539,0.5793990739455722,0.6464307793240055,0.8171913835303617,0.8281330824743569,0.7570628997867804,0.7617743909362737,0.832307187645879,0.6832880451924654,0.5388080991912794,0.5970259648503047,0.6908658577358348,0.7960764121068369,0.8003534209762684,0.611405278131742,0.6489075648805844,0.6096496069946127,0.6094635129508837,0.4523417885214671,0.6069646484399642,0.649953949609518,0.6301518874351825,0.5799821949003924,0.411314754418945,0.545545728668576,0.6929148635520621,0.7687789392008679,0.7898241253579945,0.6491689639292969,0.6530864012566079,5000,268,96,2.7916666666666665,0.0536,1,1
301_TODS_id_15_Synthetic_tr_500_1st_245.csv,0.7078261331632923,0.3609880971358733,0.6070572293958234,0.4981574472607471,0.4729847494553377,0.9528920240182794,0.9466512567086456,0.8710191827408471,0.9264692597906372,0.3907944099048833,0.2795228226792072,0.7296896753281259,0.8392454434348265,0.6555964716509911,0.9329711993198364,0.9049152452308836,0.6378410117434508,0.5087940379403795,0.5364206387161911,0.5382265263829109,0.5035953026196929,0.5360515967904778,0.5175564588979223,0.5237584356235719,0.4296689515914767,0.6579464902492163,0.3957489770976141,0.5463536851054784,0.5219336840427228,0.5782050055794676,0.3614395026303204,0.3643519846963175,5000,410,13,31.53846153846154,0.082,0,1
302_Power_id_1_Facility_tr_7685_1st_7785.csv,0.5830077403245943,0.4800629473574699,0.5348448085726176,0.4951522888056596,0.3965463171036205,0.5750189346650021,0.6092339263420725,0.6320461194340408,0.3936783863920099,0.551090896795672,0.4616934040782355,0.5853783759883479,0.63820911360799,0.5379110174781523,0.5618607990012484,0.6943608094049105,0.4695039117769455,0.4403124323761964,0.3597051862255514,0.3596984394506866,0.4867178214731586,0.3577747399084477,0.3457689918851435,0.5042225343320849,0.421105852059925,0.4028499739908447,0.4441840511860174,0.4223228100291303,0.4747750728256346,0.4637033707865168,0.414223839991677,0.4164777881814399,35040,3000,4,750.0,0.08561643835616438,0,1
304_UCR_id_2_Medical_tr_2499_1st_7000.csv,0.7959569762766385,0.5956001206272619,0.9638319260152794,0.8707197426618416,0.9277121029352632,0.9914254121431444,0.9343264977885002,0.9133494169682348,0.8818636911942098,0.7127663852030558,0.9284539605950944,0.7604221954161641,0.4600361881785283,0.8691676718938481,0.888886208283072,0.7373341375150784,0.057605548854041,0.5521712907117009,0.5912645757941295,0.4773793727382389,0.5035052271813429,0.5916405307599517,0.8160132689987938,0.507778447929232,0.5550241254523521,0.5442521109770808,0.6025452352231605,0.5598612786489747,0.8597949336550059,0.6300884599919582,0.8749014877362284,0.834961801367109,9998,50,1,50.0,0.005001000200040008,0,1
309_UCR_id_7_Medical_tr_3000_1st_5948.csv,0.9989757888377712,0.8116102049351737,0.993254333379804,0.4627101631116687,0.9927645336679214,0.9969385194479298,1.0,0.9999888470653842,0.9995594590826712,0.9196040708211348,0.994945861796552,0.9979608717877224,0.590427064454668,0.9949904735350156,0.9902263116315814,1.0,0.6771448487383243,0.6406189878711835,0.6777340954505322,0.1906780054835261,0.5,0.7625967749430735,0.7604591291416887,0.2020753752497792,0.7824359868023607,0.5621618104930527,0.7134123332868628,0.6477903248292207,0.8486230772805428,0.6466620196105767,0.7875310190994005,0.7905887820065988,12000,45,1,45.0,0.00375,0,1
326_UCR_id_24_Medical_tr_1875_1st_4187.csv,0.301475497396181,0.6748119464102906,0.9933012863310632,0.5400531891218232,0.8177994391774602,0.9823630213201584,0.9985089241999378,0.993234521743001,0.9252292250856812,0.8954911648195131,0.9125272622067924,0.7599256687586237,0.1918035340721947,0.9832532158276582,0.934670850580852,0.9907642319846884,0.4260025815640717,0.7292807228379401,0.6732874883161971,0.6528686518004184,0.4968620643610629,0.6827791872524147,0.8912404860462011,0.0611674900965861,0.6121867628076735,0.233091868073174,0.6151132772510793,0.660012462723105,0.8490452663907064,0.9422263764632572,0.8318756398273023,0.8494458539190812,7501,12,1,12.0,0.001599786695107319,0,1
346_UCR_id_44_Medical_tr_7456_1st_17390.csv,0.7944297082228118,0.6124004009864058,0.8281003916611406,0.4513197840683024,0.6714232427055703,0.6804051568716842,0.6954238851127321,0.7890360784151194,0.841887666818634,0.4996736157161804,0.5595091802055703,0.8224611965351458,0.6375629455404509,0.6525823213693634,0.9048790564903846,0.956498673740053,0.9551330404509284,0.4613830404509284,0.5892738726790451,0.6243723578415119,0.5,0.5528597480106102,0.6066344081564987,0.5680230178630636,0.4245180651110742,0.486404540368037,0.545205518484748,0.6150460564489391,0.3908594268070292,0.37451171875,0.4430889423076923,0.6037723288295755,29826,130,1,130.0,0.004358613290417757,0,1
361_UCR_id_59_Medical_tr_3000_1st_7175.csv,0.8492458668756977,0.4827913779444291,0.6295847537929707,0.5006518281659074,0.0882385742867031,0.9943185597564914,0.9991822772840772,0.9990368955055522,0.9971762078935534,0.6760061514416098,0.3597370541509286,0.8915404135454393,0.7404975083952998,0.9907290238987728,0.993466184397468,0.9996076683511038,0.6651212384456338,0.4656526586344229,0.5249871446660221,0.5142404439362056,0.4661131006507926,0.5146252077664938,0.519606425635627,0.5219154069235981,0.5138875446053203,0.5389907955410412,0.5221675347751222,0.4762316724361326,0.3996497294903154,0.4215458185611506,0.4572894224599314,0.4590977328010368,12000,213,1,213.0,0.01775,0,1
371_UCR_id_69_Medical_tr_1853_1st_6200.csv,0.838186984938903,0.5919559127999026,0.9420979986197378,0.5134189907847198,0.2246815247838265,0.9544785450412048,0.996108472374457,0.9975861649007428,0.9945629846141356,0.5490740064141599,0.301012462956197,0.8242471481346162,0.5439175090325985,0.9440977550440468,0.9676206714569886,0.9952843746194132,0.662059838428125,0.6853797750984452,0.5219088214996144,0.5264165956237568,0.4984459870904884,0.5193894369341939,0.4555949336256242,0.4870726261519099,0.6185458531238583,0.5898177241911257,0.612221816262737,0.5214508992002599,0.5132440222465798,0.5074558519059797,0.7166224170827752,0.714330369829091,7415,170,1,170.0,0.022926500337154418,0,1
382_UCR_id_80_Medical_tr_7500_1st_11800.csv,0.8911454545454546,0.5883698653198652,0.9954149270482604,0.579581088664422,0.9265096520763187,0.9959973063973064,0.9630962962962962,0.9635332210998876,0.9268936026936028,0.629070482603816,0.8786233445566778,0.8472346801346802,0.7148002244668912,0.8800224466891134,0.9748283950617284,0.9736056116722784,0.7016021324354659,0.8112439955106622,0.6418858585858586,0.5275569023569024,0.4678432098765433,0.5147759259259259,0.921384455667789,0.611966049382716,0.6745118406285073,0.6732601010101009,0.6235920314253647,0.6205923681257015,0.5977081930415264,0.6338316498316499,0.7370961840628506,0.750329292929293,30000,300,1,300.0,0.01,0,1
391_UCR_id_89_Medical_tr_1875_1st_5759.csv,0.926845197547684,0.5655015326975477,0.9607220708446867,0.4808770435967302,0.5636248297002725,0.9971457765667576,0.9983310626702996,0.99845878746594,0.9811188692098092,0.4642089577656675,0.6116152929155314,0.9621755790190736,0.4122292234332425,0.8342949591280654,0.9567600476839238,0.9995359332425068,0.5335984332425068,0.6274872275204358,0.5478440054495913,0.555528780653951,0.4841961852861035,0.552690735694823,0.5825336341961853,0.4969418426430518,0.5409111035422344,0.4984042915531335,0.3999216621253406,0.5009085490463215,0.4617804836512261,0.4727111716621254,0.5477920640326975,0.547850817438692,7500,160,1,160.0,0.021333333333333333,0,1
396_UCR_id_94_Medical_tr_1875_1st_5607.csv,0.4354949008414354,0.8054242361173054,0.9933696072309934,0.4755820176612256,0.8738961734011239,0.993989038543494,0.9993409250834994,0.9996927620689996,0.9787435950802288,0.7013399538152013,0.8925162786548925,0.3639431510718639,0.7631046888472631,0.9929830820919928,0.998126839710998,0.9996729402669996,0.5579143499935579,0.5124282698540124,0.8977442789323977,0.847035153965847,0.4941798233877442,0.8860940148068861,0.8281201994073281,0.3134471104768134,0.6763347505921763,0.6386881931436387,0.7443136205512443,0.3612672078018613,0.588073221736588,0.8004440083648005,0.7218208307317218,0.7333670303967333,7501,27,1,27.0,0.0035995200639914677,0,1
415_UCR_id_113_Medical_tr_3000_1st_8612.csv,0.994627314934561,0.7167478725880709,0.3740033818736744,0.5232382572034555,0.9952084734364492,0.9942874301639854,0.999852083441105,0.9999773679582018,0.9981821620712844,0.7002943782008173,0.99519715741555,0.9960555584294656,0.9951664425016812,0.6869746133154001,0.9934011432414256,0.9998496585794836,0.1933414916455434,0.4720955007500904,0.4837392821116341,0.2692299609435621,0.4462173775283223,0.5992730264859552,0.9081228014587968,0.274818054549687,0.716918421188764,0.6561942281827118,0.7204647813098132,0.6539770963737003,0.5181913118824686,0.5831072823444209,0.7706113237804563,0.7751070172262169,12000,104,1,104.0,0.008666666666666666,0,1
436_UCR_id_134_Medical_tr_1875_1st_4526.csv,0.7069870164636595,0.3247111051621827,0.9973988310355596,0.4688595904162762,0.3587203854905635,0.9887654486235666,0.99178601704368,0.9923481907821354,0.7076004997099898,0.4161424173470753,0.2928657475572213,0.8477401508053362,0.6319814393432384,0.990184268058716,0.9891446928122072,0.9813322625262124,0.3940525587828492,0.188649444518806,0.6322045241600857,0.5950296702806407,0.4959844732967474,0.6205193414536206,0.5610136974077544,0.2156962477133806,0.4233034399678758,0.5139204925712756,0.6490117342613662,0.0954089144692812,0.4779636817918172,0.6909204479543122,0.4279034488912684,0.4347476910721456,7501,30,1,30.0,0.003999466737768298,0,1
437_UCR_id_135_Medical_tr_2499_1st_8000.csv,0.7068765667301715,0.8060703900531435,0.9988809786423344,0.5755700391055851,0.0530251679534743,0.8844480096259901,0.9951990374009828,0.9944971422841672,0.9949784417928406,0.6151729670109295,3.208663391156108e-05,0.570243657876266,0.9987405996189712,0.907345833751128,0.999498646345132,0.999991978341522,0.087383936628898,0.7509916775293293,0.6906327083124436,0.618790734984458,0.481349644038905,0.1342905845783615,0.475539957886293,0.6145753534543267,0.3039266018249273,0.712463651860022,0.5693331996390254,0.3966790333901533,0.4850255690363983,0.668673418229219,0.0031886092449613,0.0257816103479394,9998,25,1,25.0,0.002500500100020004,0,1
307_UCR_id_5_Facility_tr_29895_1st_39240.csv,0.3852041207748875,0.6116041600409539,0.299848462974122,0.5605958050171292,0.7311439188510596,0.3864935193554507,0.2057349205751397,0.293069922890652,0.5502489698760225,0.6852438576155244,0.8187282572004062,0.2847467199234486,0.4852069628569515,0.6152385814558156,0.1335521823703034,0.080939009965072,0.399516270658275,0.6414189521888566,0.7066978720302858,0.7069599799973217,0.5010026621416536,0.7093815036601833,0.8817175137814827,0.6635306121879638,0.583581884743285,0.6414849041852186,0.6230926229313827,0.5847237740339013,0.5686902901225268,0.5458479273375515,0.7449705173217056,0.775451716687311,119580,96,1,96.0,0.0008028098344204717,0,1
331_UCR_id_29_Facility_tr_50000_1st_837400.csv,0.4915653381223356,0.4722833371531847,0.6155377314011433,0.5094117647058823,0.4491768765838742,0.5289137052995526,0.5796209844084578,0.6648381969864647,0.5227735834353778,0.2828962000117869,0.5293293796779537,0.4914412491569042,0.490841354584804,0.5,0.591936462664772,0.462142066714251,0.4743629306336806,0.5227206082076601,0.5392566010307052,0.5295916783990675,0.5010290201753639,0.5366663373954725,0.5472285522981318,0.5253873571648409,0.5043456718900408,0.4965561158004335,0.5061065542102403,0.4851684299100916,0.5259184773853881,0.5017576700434152,0.500639080026979,0.4974671405465224,900000,1700,1,1700.0,0.001888888888888889,0,1
332_UCR_id_30_Facility_tr_13750_1st_52600.csv,0.9965326642335766,0.5704057937956204,0.9824745437956204,0.4965118613138685,0.2769883211678832,0.9996057937956204,0.9999366788321168,0.998122901459854,0.9827953923357664,0.6253271897810219,0.1056824817518248,0.9981521897810216,0.3989054744525547,0.7253379562043796,0.9279923357664231,0.3388153284671533,0.6218336678832117,0.5980447536496349,0.5180242700729927,0.5326374087591241,0.5237810218978103,0.5330239963503649,0.3302703467153284,0.5055192062043796,0.4538548357664234,0.3831591697080291,0.4550607664233577,0.4794003649635037,0.502301140510949,0.4592410583941606,0.4839492700729926,0.4786529197080292,55000,200,1,200.0,0.0036363636363636364,0,1
349_UCR_id_47_Facility_tr_29954_1st_74900.csv,0.2566401105746876,0.5110035683062848,0.219263424738772,0.5552392293043109,0.6274065968944981,0.0737004202756919,0.2143807998463119,0.4327093408673911,0.5262910704988459,0.6552113176526927,0.7459028688444715,0.1962536264265568,0.4778210257566772,0.5615805164142784,0.1138972879062502,0.0189855785159632,0.6453857724358172,0.6279003581879282,0.6657353502111819,0.6654551896182577,0.4975443314985425,0.6675811473846575,0.8071490631847402,0.6472004213197686,0.6238565184495322,0.6452007098329756,0.6445579935907608,0.5891533651289504,0.5527113019915416,0.5793157695263232,0.7231314245522302,0.7697212175883776,119819,96,1,96.0,0.0008012084894716197,0,1
358_UCR_id_56_Facility_tr_10500_1st_29080.csv,0.7408718804641552,0.4833065092989986,0.9907312033063108,0.5650089413447783,0.7901311397234144,0.9007220632649816,0.928300349705929,0.7781763630583372,0.835192139564457,0.7878814973772055,0.2502467811158798,0.5631918613892862,0.9560403751390876,0.9613666348752186,0.9601522015577808,0.9563348434271182,0.9222150691463996,0.5459304959465904,0.5931751708790335,0.5835640200286124,0.4996185026227944,0.5992918454935623,0.4667775393419169,0.5393987442378001,0.3857586234302972,0.7362188046415514,0.5558955253536799,0.5642129629629629,0.4669776267683993,0.6307413368303927,0.383478183118741,0.7205760213002702,42000,60,1,60.0,0.0014285714285714286,0,1
406_UCR_id_104_Facility_tr_20000_1st_67950.csv,0.9499289278996864,0.6610182068965516,0.7611657429467085,0.4560017805642634,0.9072540689655172,0.9999973918495296,0.99996794984326,0.9866066959247648,0.9795782068965516,0.6633956614420062,0.8569647648902822,0.9698263072100312,0.5708737304075235,0.4285833730407523,0.8475790846394984,0.9261206771159876,0.38980268338558,0.7318968025078371,0.5593303322884012,0.5474037868338558,0.4705554858934169,0.5599505454545455,0.7366539435736676,0.5356583072100314,0.739204789968652,0.7695547084639498,0.6705534294670846,0.7183765768025078,0.6362872727272728,0.7058752601880878,0.7625454043887148,0.7569897931034482,80000,250,1,250.0,0.003125,0,1
419_UCR_id_117_Facility_tr_3000_1st_6168.csv,0.7083643815201193,0.2286632424952097,0.9912995376988352,0.4436684509869521,0.828621612579458,0.9971391313604429,0.9999809909060494,0.9997452781410628,0.9902549879862528,0.4513576294899479,0.7427176161075459,0.001707016636759,0.8622544025061589,0.4363613552723623,0.9986123361416102,0.999998099090605,0.7451317710392652,0.5003440646005048,0.3802255999270051,0.646709335746221,0.4154874692052678,0.4068079169074485,0.3643758173910398,0.4849153334955443,0.2584419386234374,0.2831195443900362,0.2212668040390522,0.4348330241187383,0.423956020560236,0.5342125672921926,0.3147734876364852,0.3174214544237963,12000,44,1,44.0,0.0036666666666666666,0,1
420_UCR_id_118_Facility_tr_13750_1st_52600.csv,0.9382165145985402,0.6903974452554744,0.3131880474452555,0.6462044708029197,0.9966801094890512,0.9991196167883212,0.9997786496350364,0.9985366788321168,0.9998016423357664,0.7157926094890511,0.9995951642335766,0.9914933394160584,0.4132950729927007,0.1716391423357664,0.9994101277372264,0.999654197080292,0.7473697080291971,0.7962940693430658,0.6755058394160584,0.664437408759124,0.5896733576642336,0.6729078010948906,0.8550564781021898,0.6670446624087591,0.7869318430656935,0.8054837591240875,0.6659736770072993,0.7985046989051094,0.6323379562043796,0.810892700729927,0.8093953467153285,0.8123103102189781,55000,200,1,200.0,0.0036363636363636364,0,1
432_UCR_id_130_Facility_tr_23000_1st_26970.csv,0.628708578698655,0.4724723191566702,0.9463923664122136,0.5056193929480189,0.7057737549981825,0.9878896764812796,0.9921983278807708,0.9033745183569613,0.9171343329698292,0.7590711741185023,0.5724871683024354,0.6748103962195565,0.5274262086513994,0.6473461650308978,0.9649770265358052,0.6869808069792802,0.5232082515448928,0.4889083605961468,0.5934553435114504,0.5910555979643766,0.4882190476190476,0.6479501272264631,0.6961627953471465,0.4966252817157398,0.5858453289712832,0.5706940930570702,0.5826546892039259,0.5368045619774628,0.5245396219556525,0.57411697564522,0.6092734641948382,0.6532260268993093,92000,300,1,300.0,0.003260869565217391,0,1
452_UCR_id_150_Facility_tr_10000_1st_35774.csv,0.9561348370927318,0.6495305764411029,0.993695238095238,0.5626479949874688,0.9994125313283208,0.9998837092731828,0.9999323308270676,0.9999441102756892,0.9510791979949874,0.7617333333333333,0.9997679197994987,0.9963654135338346,0.7969117794486216,0.6306027568922306,0.9984934837092732,0.9936070175438596,0.99991679197995,0.6785273182957394,0.6521109022556391,0.6705901002506265,0.5633095238095237,0.6781026315789473,0.9997919799498748,0.7806749373433584,0.7383238095238095,0.821515037593985,0.6952327067669173,0.6797725563909774,0.6076690476190476,0.6925393483709272,0.8898350877192983,0.8981724310776942,40000,100,1,100.0,0.0025,0,1
471_UCR_id_169_Facility_tr_10000_1st_35774.csv,0.8427423558897242,0.4954503759398497,0.9962548872180452,0.5019785714285714,0.7643288220551379,0.9999989974937344,0.99984335839599,0.999877694235589,0.9979992481203008,0.6335761904761905,0.5960536340852131,0.9472318295739348,0.6112155388471178,0.6986954887218045,0.9946646616541354,0.9718035087719298,0.937961403508772,0.5629525062656642,0.5353468671679198,0.5232040100250627,0.5098182957393484,0.5156730576441103,0.8252931077694237,0.6042626566416041,0.5770218045112783,0.5071446115288221,0.4939933583959899,0.4411775689223057,0.5042765664160401,0.464828947368421,0.5256988721804512,0.6227040100250626,40000,100,1,100.0,0.0025,0,1
494_UCR_id_192_Facility_tr_22500_1st_72150.csv,0.7680362484532092,0.77440669102736,0.8719079175486709,0.5111185146927958,0.4233070570843629,0.8950165812749193,0.8603166890148145,0.9002050856786765,0.836271601525655,0.5357705665598966,0.4634686750094363,0.6310509933812304,0.5254322568234593,0.4953513751183078,0.8563043357023179,0.9378295058594176,0.6173496309120551,0.6630905750627001,0.5180574165541176,0.5167828204574864,0.4677690405814884,0.5179930474225272,0.4811006765871428,0.5228897731157844,0.5208816889865256,0.5714239043547771,0.5304807236112021,0.5334326997451584,0.4645375873214472,0.5836583554187995,0.5666718879699072,0.576394342564371,90000,345,1,345.0,0.003833333333333333,0,1
500_UCR_id_198_Facility_tr_7482_1st_23357.csv,0.1508553800833399,0.3689214564569641,0.9398713642119344,0.482323569638422,0.0923246874753418,0.7535271042575495,0.735394943995431,0.5742606307230432,0.3984406644648097,0.4329403995656405,0.0133711143425052,0.0123662822810636,0.6489011381270688,0.7857124472550059,0.901519976403308,0.9315190558317268,0.8422831678183206,0.3854944690556438,0.4025323703027366,0.4025824381244387,0.4993371884616684,0.3895224863699044,0.2288747609331965,0.5262055730276284,0.3379208327227501,0.3973386087721078,0.3171132847872728,0.3609163820409635,0.3012185831464009,0.3818320032013347,0.0960670927597984,0.1321121199824152,29931,360,1,360.0,0.012027663626340583,0,1
517_UCR_id_215_Facility_tr_7482_1st_24005.csv,0.7444842612128857,0.5662332871905363,0.9997692860146392,0.7016858866301247,0.2891813746832334,0.9998297554059636,0.9935865233263004,0.983820716627408,0.9489410414131604,0.6881505111059014,0.1941034901072075,0.9477344444816564,0.6748956205275909,0.991592894009251,0.9964537027734054,0.9138241401252554,0.8593291246636972,0.5346884989078298,0.4943763466068299,0.4748191500050236,0.4957487692153119,0.4957020217243265,0.4903972280831017,0.4757927072053466,0.5789330222415725,0.5485183138528864,0.5699107564813884,0.6109231908488413,0.7686543420744165,0.7282054359191905,0.6623175219829495,0.8136775251087519,29931,72,1,72.0,0.0024055327252681166,0,1
525_UCR_id_223_Facility_tr_50000_1st_250720.csv,0.4007413405608899,0.6488606363884161,0.5932010892764387,0.5217241759711171,0.6694357157183927,0.6389114564315139,0.5908627809978348,0.5497988952947166,0.6227911577290798,0.6098238643084535,0.778957771251948,0.4220743721745928,0.5258442458123543,0.555886860281525,0.7441698047222551,0.6585698283798169,0.6933771941102956,0.5493896323306299,0.3061769534203177,0.2969694457444675,0.4780598510602187,0.2967962466763696,0.3336538590112167,0.6746860461528177,0.5722081351155364,0.5754890789493985,0.5656087064970865,0.6388454646910888,0.595432154226732,0.5739029937101743,0.651767109303079,0.7010752747620101,299790,650,1,650.0,0.002168184395743687,0,1
310_UCR_id_8_HumanActivity_tr_2631_1st_8285.csv,0.5918143701162569,0.4825964042945175,0.968340639095356,0.650268407343879,0.4908137983609681,0.9534400609872308,0.7844546089829109,0.808763738009021,0.8598691315672448,0.460193126230862,0.4064735404358045,0.5892001778794231,0.573864430468204,0.5789022298456261,0.9117622768566164,0.8596658407979163,0.5235849056603774,0.3974334540372276,0.4767835588590305,0.4012419795438663,0.4588018550282701,0.4661266755606378,0.4125246172415984,0.5151991614255765,0.6522616098087797,0.547808271393177,0.6701353154183343,0.5165554920271902,0.585725176291214,0.5917889587700909,0.3959659487961374,0.4259831014547995,10524,30,1,30.0,0.0028506271379703536,0,1
311_UCR_id_9_HumanActivity_tr_16000_1st_38400.csv,0.5067130537974683,0.6266249703322786,0.9183507318037974,0.7293314873417723,0.4269432357594936,0.7297851859177216,0.8000567246835443,0.8157707080696202,0.4787729825949367,0.6080589398734177,0.3942831091772151,0.5043550534018987,0.5276568037974683,0.6741585245253164,0.7131317049050633,0.7651788765822785,0.5719287381329113,0.611308534414557,0.5967587519778481,0.5975541435917722,0.4981997033227848,0.5990172171677216,0.5576428599683544,0.5743591376582278,0.4745506625791139,0.5493718750000001,0.5096631230221519,0.5073713310917722,0.5198750593354431,0.5597958959651899,0.5312492879746835,0.5315452234968355,64000,800,1,800.0,0.0125,0,1
315_UCR_id_13_HumanActivity_tr_16000_1st_33070.csv,0.9218122056375304,0.5318245848688797,0.9924906444314802,0.8798850296674684,0.4334794177492565,0.9730955904324192,0.9392788742013972,0.9396966376869336,0.6930816460108995,0.6447011198224222,0.4330366112209906,0.9365370878925424,0.6133506452852203,0.8850901407248254,0.9283888501543848,0.9294355355084734,0.5289143271816616,0.8004637231605458,0.3604230282161101,0.3441090510678866,0.4647281549253688,0.3688626759060316,0.3923204655729307,0.2163279215697434,0.7352540588226925,0.5312868709002689,0.7855976892101479,0.676925824214915,0.6002030478521322,0.7110250572717313,0.7027644104213208,0.6908144680487769,64000,110,1,110.0,0.00171875,0,1
334_UCR_id_32_HumanActivity_tr_1671_1st_2764.csv,0.5453244002755858,0.3554180980959224,0.7562119166024326,0.4826886786440482,0.1174271773992834,0.7415457624662645,0.6674072866541485,0.3387383833687878,0.2400172274649262,0.281336309230312,0.0456856537749145,0.6176166929305006,0.1862907483549045,0.3101057731462194,0.3755684627372215,0.1090804438084772,0.5880838000782213,0.3757157146278485,0.3780496067804296,0.4642083986574921,0.5133590001093488,0.4660975163067213,0.258406607081642,0.4720177802465111,0.3382332322360216,0.3585063626904631,0.3486918061534518,0.2612912682647689,0.2028252237457258,0.2645489228473887,0.1278475127847513,0.1315814718883059,6684,231,1,231.0,0.034560143626570915,0,1
341_UCR_id_39_HumanActivity_tr_48812_1st_128430.csv,0.9331981213732208,0.2917018781146126,0.9661253066597012,0.3165547582830129,0.2371945566942724,0.97559526553273,0.8392104440995857,0.8384934109777772,0.0482537682651383,0.7513585216825694,0.6232042161547562,0.7413251796424054,0.8787394557718605,0.9893725448017658,0.9670779363786756,0.8686190454240483,0.253512181880573,0.8506112707363418,0.8660274828552259,0.8489467295607148,0.3895436084179688,0.8480862898145445,0.9209675849812292,0.6067585493395613,0.1360467915328631,0.1021720981925643,0.6838600965946048,0.260124251596679,0.4321353758533974,0.2797812024645453,0.0394777950207171,0.1652710129117178,195250,1,1,1.0,5.121638924455826e-06,1,0
355_UCR_id_53_HumanActivity_tr_48750_1st_143411.csv,0.4944499230374551,0.611657593637763,0.994966700872242,0.5063050025654181,0.7149050795279631,0.8339586454592098,0.7279335556695741,0.7355733709594664,0.8577646228835301,0.9559003078501797,0.4082323755772191,0.418800205233453,0.6047510005130836,0.993034940995382,0.7959743971267317,0.7134332991277578,0.4699402257567984,0.8556236531554643,0.1964014879425346,0.1882030271934325,0.4842942791174961,0.2049916880451514,0.1687242175474602,0.3361585428424833,0.5745287839917906,0.812754592098512,0.8091311698306825,0.6480427911749616,0.9203624935864546,0.8949071831708568,0.7343788609543356,0.997036890713186,195000,100,1,100.0,0.0005128205128205128,0,1
381_UCR_id_79_HumanActivity_tr_16000_1st_31200.csv,0.5308848035941959,0.592866626191488,0.7585686600692125,0.5137759213162529,0.5047811304717382,0.5882585392508044,0.7286479509440835,0.749084767166535,0.7390526258272114,0.5179098051120151,0.4396800437131928,0.5450478052334405,0.4445793698014692,0.5849483091494141,0.6180213223240847,0.6935651265861211,0.5394965454435068,0.6217694857628558,0.5686444903163136,0.5668732803108494,0.5089890959868862,0.5689773419950216,0.5435707121607674,0.5305761277396637,0.5086609070487523,0.4516597170785016,0.5116032177766985,0.4826587578167688,0.4985005889138486,0.50632240908263,0.5066122396940077,0.5114936919434157,64000,650,1,650.0,0.01015625,0,1
401_UCR_id_99_HumanActivity_tr_1671_1st_5920.csv,0.8670495682763032,0.9528468180364568,0.2765180684362008,0.7094800127918133,0.9957735849056604,0.9896386312759836,0.9998055644387592,0.9996111288775184,0.997595139110969,0.9508026862807804,0.9999795330988168,0.9937780620402944,0.8561509433962264,0.991864406779661,0.9843402622321714,0.9908947873361048,0.9890988167572752,0.9529107771026544,0.9669433962264152,0.9818484170131117,0.5523991045730732,0.9892011512631916,1.0,0.7730246242404862,0.4846127278541733,0.4432133034857692,0.4606280780300608,0.6547668692037096,0.519296450271826,0.651295171090502,0.7091704509114167,0.726516149664215,6684,59,1,59.0,0.008827049670855775,0,1
421_UCR_id_119_HumanActivity_tr_48750_1st_130700.csv,0.4983882302118512,0.5624457014108846,0.8170199722265461,0.5269573026869243,0.4486188915453619,0.6596280162967912,0.6184087542346648,0.6148927451470786,0.5060028940883469,0.5550825989166954,0.5664357677663532,0.4817506239407872,0.5173211384317793,0.4960745948101418,0.6513370696907318,0.6031696760404988,0.4682030942565966,0.5734502876161527,0.4916809061001908,0.4919313984318842,0.4927562485899025,0.4925428669620074,0.5017218885598904,0.5071526809778075,0.4617485317497101,0.5327661586235001,0.5989233108125834,0.5497089864962948,0.5086728643910391,0.5477932827767857,0.5301092552237004,0.5651330651014659,195000,1180,1,1180.0,0.006051282051282051,0,1
430_UCR_id_128_HumanActivity_tr_12500_1st_46500.csv,0.5294773306505701,0.5649587860496311,0.7502279007377599,0.4858491951710262,0.4136485580147552,0.6633354460093897,0.7406633132126089,0.7410712273641851,0.6895201207243461,0.5030448692152918,0.5123441314553991,0.532862910798122,0.3650910798122065,0.4973928236083165,0.6650271629778672,0.4638241448692153,0.4497991951710262,0.5045123407109323,0.5089018108651912,0.5062967136150235,0.473708316566063,0.5080533534540577,0.5267369215291751,0.4793997317236754,0.5407828638497651,0.4484591549295774,0.5303068075117371,0.5419623742454728,0.4842773306505701,0.4933668678739101,0.5435502682763247,0.544304828973843,50000,300,1,300.0,0.006,0,1
439_UCR_id_137_HumanActivity_tr_48750_1st_110800.csv,0.7347473576787573,0.84228124246791,0.999610254411561,0.7348191529187329,0.9054507971835754,0.9032918117528808,0.6798650249488458,0.6860137744296124,0.8425632951963856,0.999969230611439,0.799988717890861,0.7655834132482731,0.7429935538130965,0.9999487176857318,0.8592403037964297,0.6915727772962939,0.0320565746491007,0.2023548838711993,0.4699921538059169,0.4839511997497423,0.4191508674403458,0.4608280042461756,0.3026682188113785,0.942363806993882,0.3755147462294678,0.5138026348853071,0.3368889071226006,0.9170098308196452,0.9996871778829636,0.9999948717685732,0.7901989240970466,0.9997128190400976,195000,1,1,1.0,5.128205128205128e-06,1,0
459_UCR_id_157_HumanActivity_tr_50000_1st_110260.csv,0.9080270084211368,0.658023782285063,0.7943686873076169,0.5979898341160332,0.317661587280017,0.8746418824359145,0.9567702704055082,0.9416533539173982,0.981617147453117,0.6364316814989919,0.0056824107374235,0.8964000798501598,0.8762344250051091,0.8346351121589249,0.8915773191572964,0.962147910043212,0.0697089327362479,0.308699315427093,0.0400320691093652,0.0005726391531248,0.8046588433525267,7.242346288443235e-07,0.0005019604373007,0.1268737595835993,0.0589879887661991,0.3435453049580839,0.0785028200379657,0.0767637351755755,0.1201762681743388,0.269259275207052,0.0923593049138397,0.1256475974372101,200000,152,1,152.0,0.00076,0,1
473_UCR_id_171_HumanActivity_tr_2617_1st_7290.csv,0.6304562543809342,0.7975211877907347,0.99663862868795,0.5751529344293633,0.7376218696233989,0.9776174090358758,0.6591792518957498,0.6353469699866181,0.6430414834639648,0.5050022302937616,0.9269897406486968,0.7456349964952527,0.3436086153061874,0.6028643344166188,0.8352609443701013,0.4982316956604855,0.7412222009813293,0.7722551456063212,0.7829924170012108,0.5892595424711655,0.4794972280634678,0.6089976422608807,0.6556585738864462,0.6439176702988594,0.4344612247498885,0.533454406423246,0.5595408780985153,0.7996240361944816,0.8067609762314407,0.6144618619766775,0.7872140444784298,0.7818772701204358,10468,6,1,6.0,0.0005731753916698509,0,1
516_UCR_id_214_HumanActivity_tr_2108_1st_4702.csv,0.985878723151774,0.861813219413789,0.9993354693247892,0.3396819746054349,0.6178117954194849,0.922249911000356,0.9310312092084966,0.9575175032633204,0.9999050670463984,0.985997389343776,0.8326569360389225,0.5927138958110834,0.9008899964400142,0.8896641746766345,0.8913492346030616,0.5770974249436336,0.9428503619318856,0.8864127210157826,0.8812151418060994,0.8467663462679482,0.5845259285629525,0.9999050670463984,0.9782840868636524,0.8205767176931292,0.5569241723033107,0.7110715557137772,0.7908864364542543,0.4439064910407025,0.8524741901032395,0.8588109647561409,0.7367509196629879,0.7601044262489617,8432,5,1,5.0,0.0005929791271347248,0,1
530_UCR_id_228_HumanActivity_tr_16250_1st_38500.csv,0.5260954662545079,0.695895054095827,0.7885386913961874,0.8847347243688819,0.4259402369912416,0.8024547655847502,0.8249115919629058,0.8260019062339,0.7053939464193714,0.5623217928902627,0.5542223596084492,0.5223683410613086,0.3958089129314786,0.5469377640391551,0.7855390520350336,0.5471339000515197,0.4468970118495621,0.5608592478104069,0.5689785419886657,0.5687255538382276,0.4867727717671303,0.5692697836166924,0.5714068778979907,0.5000026790314271,0.5191928129829985,0.4674527047913446,0.4919657650695518,0.5251146831530139,0.5248604585265326,0.5099055899021123,0.4872127253992787,0.4854774858320453,65000,300,1,300.0,0.004615384615384616,0,1
319_UCR_id_17_Environment_tr_6166_1st_19280.csv,0.6455576467947932,0.3422959511568123,0.9254042212429102,0.4065667462357694,0.8567603133798506,0.2585195046313298,0.6397575182600889,0.4961962398498388,0.8856150793650793,0.6452373301505693,0.6653025156077854,0.5415572591504467,0.737652507446852,0.6180065899538906,0.9698060758150732,0.977946352062676,0.4216313196229648,0.4990850828334762,0.4595115681233933,0.4358539141877831,0.3487610682662097,0.427161627290162,0.3911137634145346,0.5158546537723916,0.7418240196678499,0.6773471610152202,0.7227120057534582,0.5851187925898723,0.4850657465214021,0.71815705716734,0.9308766372873056,0.9328475027543152,24667,160,1,160.0,0.00648639883244821,0,1
385_UCR_id_83_Environment_tr_2046_1st_6006.csv,0.8077730662078006,0.4781705793182563,0.940142576204523,0.5378026671583087,0.7647492625368731,0.9704105723533268,0.9923667445099968,0.9907945140937398,0.7097493649623074,0.4863799778761062,0.3678148557849885,0.8803107587676171,0.9920313012127172,0.9870611070140936,0.9959413921665028,0.9984328908554572,0.6681748811864963,0.4784343248115371,0.6051448295640773,0.5904006882989183,0.5181907571288102,0.5926130776794494,0.4231834849229761,0.4627145812848246,0.6714678588987217,0.4736587389380531,0.5909640281874795,0.4215805268764339,0.5345224926253688,0.5333625245821042,0.5672883890527696,0.6599654826286464,8184,48,1,48.0,0.005865102639296188,0,1
387_UCR_id_85_Environment_tr_2046_1st_5549.csv,0.8616181170108161,0.6506473287446739,0.9976109267453294,0.8393508275975092,0.8324115044247787,0.9616365535889873,0.9300562315634218,0.9266992379547688,0.739827874057686,0.8201972713864307,0.9066289741068502,0.8807204605047525,0.7739112176335627,0.9984636184857424,0.9245124549328088,0.8681374959029826,0.4106542936742051,0.6453544944280564,0.7480001433956079,0.7690152818747952,0.4812228572599148,0.7835776179941003,0.8803389257620452,0.563114552605703,0.613213393149787,0.5071851442150115,0.5795615167158309,0.7796803302196003,0.8985220009832842,0.8720783144870534,0.8478188503769256,0.8799548303834808,8184,48,1,48.0,0.005865102639296188,0,1
393_UCR_id_91_Environment_tr_2046_1st_4852.csv,0.8594671828908556,0.6804697742543429,0.7233668264503441,0.7857426356112749,0.4668141592920354,0.966339161340544,0.9917931620780072,0.9886102917076368,0.5986971484759095,0.6866088987217306,0.6508470583415275,0.8539387700753851,0.9965047320550638,0.9911145935758768,0.9988297894133072,0.9954471894460832,0.8233366109472304,0.4795123525073746,0.7908203765158964,0.7553210013110456,0.4607915437561455,0.7917127581120944,0.9531301212717144,0.2810502704031465,0.5600545927564733,0.5533380449033104,0.5757333661094722,0.4942027204195345,0.7814292445099967,0.7714017944936087,0.4708804490331039,0.5335238446411014,8184,48,1,48.0,0.005865102639296188,0,1
400_UCR_id_98_Environment_tr_2046_1st_5391.csv,0.1494561896614933,0.6797629231333253,0.9819137235732616,0.4137846755468655,0.4178785286569718,0.9893682023707688,0.975681290480264,0.9798362458755958,0.1712086032017598,0.9996333862886472,0.2127581571550776,0.3481608212147135,0.8527434926066235,0.9959672491751193,0.9248441891726752,0.9700598802395208,0.6112672613955761,0.9226445069045582,0.7730661126726139,0.4274715874373701,0.9486740804106074,0.6963216424294268,0.3188317243064891,0.7057313943541488,0.0058658193816448,0.133202981791519,0.9527068312354882,0.4019308322131247,1.0,0.9997555908590982,0.6465843822558963,0.653061224489796,8184,1,1,1.0,0.00012218963831867058,1,0
411_UCR_id_109_Environment_tr_2046_1st_4852.csv,0.8642376474926253,0.6153758501311046,0.7874953908554573,0.4882133931497869,0.4473942969518191,0.9691853080957064,0.9916369632907244,0.9841214970501476,0.697553056374959,0.6573664372336938,0.5663691207800722,0.8868813503769255,0.9969169944280564,0.9948377581120944,0.9990320796460176,0.9995365249098656,0.6843913880694854,0.4307629670599804,0.7510780276958373,0.7237329973779089,0.4910889872173058,0.7500691371681416,0.9317821001311044,0.3859646427400852,0.503436373320223,0.6276220911176664,0.6497997582759751,0.4808054736152081,0.7539408185840708,0.7537231645362177,0.4278259177318911,0.486910029498525,8184,48,1,48.0,0.005865102639296188,0,1
445_UCR_id_143_Environment_tr_6166_1st_19280.csv,0.5159337128167463,0.3399730179132492,0.9764345391112744,0.5261526043579385,0.903938160525564,0.2622637154690497,0.6544120047333415,0.4943442179785368,0.9058117323621822,0.583320326845391,0.6575932386665035,0.5283457277512548,0.7316317786754805,0.4512935079773126,0.9888812380136288,0.9748758007916104,0.2649929101889256,0.509515521075611,0.4721100093850736,0.4202734167788795,0.245714489737626,0.4132253029746603,0.3847468325376423,0.5109180540253806,0.6783716132125515,0.7280404578283756,0.6892310105276044,0.5805869241441222,0.5263248765658791,0.6885292977516628,0.9298447892438896,0.9299531766434082,24667,160,1,160.0,0.00648639883244821,0,1
463_UCR_id_161_Environment_tr_2046_1st_6006.csv,0.8936132620452311,0.4705014749262536,0.9357177974434612,0.900238907325467,0.7389380530973452,0.9704656260242543,0.9940209152736807,0.9897241683054736,0.77468965093412,0.4914218698787282,0.2734963946247132,0.9285377745001638,0.9899802318911832,0.9911555637495902,0.99461242215667,0.9986761512618814,0.6317600786627335,0.474032591773189,0.597432194362504,0.571681159865618,0.5051199913962635,0.5835868362831859,0.4106466117666339,0.4404652163225172,0.6094185308095708,0.5430058792199278,0.6601933792199278,0.4339483980662078,0.5496097590953786,0.570737565552278,0.5262234718125205,0.5816279498525074,8184,48,1,48.0,0.005865102639296188,0,1
467_UCR_id_165_Environment_tr_6166_1st_19280.csv,0.4174980617782674,0.3389188548169911,0.8821642795935856,0.5534326927000448,0.8574876565879136,0.1705934783939283,0.4365699085975435,0.8284627861427348,0.8771249030889134,0.5091542722487453,0.6598925817113479,0.3295033051781124,0.6670382441751337,0.3077029012118986,0.9072038091157628,0.9120865977067776,0.4428262843269269,0.5222820265638388,0.4388678489819235,0.4394196046027665,0.3948197198759538,0.4296903690782225,0.394165825070388,0.4786697423185213,0.6827588801158853,0.7467427673725875,0.7240396876402659,0.572992410331742,0.530172246705023,0.60503402089199,0.9295479352837964,0.9294306218631412,24667,160,1,160.0,0.00648639883244821,0,1
474_UCR_id_172_Environment_tr_2046_1st_6520.csv,0.8402420343137256,0.5663015727124183,0.9764603758169936,0.4459099264705882,0.5676470588235294,0.9764093137254902,0.9926674836601308,0.9849826388888888,0.5337162990196079,0.5977941176470588,0.3349877450980392,0.8226307189542483,0.9962111928104576,0.9961141748366014,0.9987642973856208,1.0,0.7820976307189542,0.5810712826797386,0.6918658088235294,0.6906964869281046,0.4930147058823529,0.7048713235294117,0.4392258986928105,0.4901450163398693,0.5714562908496732,0.3787581699346405,0.5914419934640524,0.6387203839869281,0.6665236928104575,0.7417636846405229,0.4250051062091503,0.472640931372549,8184,24,1,24.0,0.002932551319648094,0,1
495_UCR_id_193_Environment_tr_2046_1st_6520.csv,0.8725337009803922,0.5795700571895425,0.9492238562091504,0.8391493055555556,0.6274509803921569,0.979467933006536,0.9917687908496732,0.9904462826797386,0.5277828839869281,0.6206852532679739,0.4036509395424836,0.7993004493464052,0.9961192810457516,0.9962418300653596,0.998845996732026,0.9999897875816992,0.8534722222222222,0.6026194852941177,0.7234579248366013,0.721969464869281,0.4584558823529411,0.736780024509804,0.4593035130718954,0.4444138071895425,0.6317963643790849,0.5668402777777779,0.3745046977124183,0.5990859885620915,0.6651654411764707,0.7597783905228759,0.4438827614379085,0.501531862745098,8184,24,1,24.0,0.002932551319648094,0,1
496_UCR_id_194_Environment_tr_2046_1st_5391.csv,0.4565562752046926,0.6363191983380178,0.9786142001710864,0.4198949040694122,0.3738848832946352,0.990712452645729,0.9591836734693876,0.9711597213735792,0.0284736649150678,0.9996333862886472,0.2219234999388977,0.6915556641818403,0.8824392032262006,0.9952340217524136,0.921055847488696,0.9677379934009532,0.4249052914579005,0.8885494317487475,0.7508248808505438,0.3850666014908958,0.48692411096175,0.6678479775143591,0.3008676524502016,0.6459733594036418,0.6332640840767445,0.97775876817793,0.9566173774899182,0.5370890871318588,0.999877795429549,0.9997555908590982,0.6072345105706953,0.688500549920567,8184,1,1,1.0,0.00012218963831867058,1,0
499_UCR_id_197_Environment_tr_2046_1st_5703.csv,0.9739787581699346,0.7998110702614378,0.8202359068627451,0.7986162173202616,0.5591911764705882,0.9803691789215686,0.9804942810457516,0.982015931372549,0.3571384803921569,0.6909415849673203,0.7946282679738562,0.9927542892156862,0.9944955065359478,0.5366472630718955,0.9988715277777778,0.999749795751634,0.9825112336601308,0.7485498366013073,0.8703839869281046,0.8452410130718955,0.4833333333333333,0.8780177696078432,0.7946282679738562,0.4105443218954248,0.6467728758169935,0.6133476307189543,0.7255412581699346,0.3688725490196078,0.4535283905228758,0.4349162581699346,0.5276756535947713,0.5890522875816994,8184,24,1,24.0,0.002932551319648094,0,1
504_UCR_id_202_Environment_tr_2046_1st_5549.csv,0.829697230416257,0.6369517678629957,0.9967172648312028,0.5391559632087841,0.7823869223205506,0.9551914331366764,0.9164976647000984,0.9397226319239592,0.7001841097181252,0.8142258685676828,0.8907376679777121,0.84937571697804,0.7313688135037693,0.9986095747295968,0.9110947230416256,0.8250343125204851,0.5696620984922975,0.6448359656669943,0.7346592305801377,0.741867420517863,0.5158810635857096,0.7707027409046214,0.8709900442477877,0.5922853162897412,0.6103915724352672,0.4817913184201901,0.7324801294657489,0.7908779908226812,0.8654693133398885,0.8284476401179941,0.8009668960996394,0.8334818502130448,8184,48,1,48.0,0.005865102639296188,0,1
506_UCR_id_204_Environment_tr_2046_1st_5549.csv,0.8256258194034743,0.6593022779416585,0.9899187766306128,0.5853984861520813,0.8373279252704031,0.9093330055719436,0.8945222877745002,0.9370109185512946,0.5539692416420845,0.8528095296624058,0.9022426048836448,0.8613262045231072,0.744320509668961,0.9982203580793184,0.8891116642084563,0.841691248770895,0.6175408677482792,0.659665888233366,0.7429659333005572,0.7546219477220584,0.489199237954769,0.7811142862995739,0.8806180350704687,0.568207657325467,0.5856993608652902,0.5899167281219273,0.5546362872828581,0.7627929367420517,0.8158211447066535,0.8112785766961652,0.8553599229760734,0.8957488323500492,8184,48,1,48.0,0.005865102639296188,0,1
313_UCR_id_11_Sensor_tr_2827_1st_4711.csv,0.8742048826667153,0.4204691510859473,0.9982759562344116,0.4473697864516012,0.7262265834076718,0.9964481421471354,0.9992408381729142,0.9992226328533196,0.9991743887563946,0.4445029037484753,0.4571383058129584,0.9390212820186058,0.9887400098308724,0.9964900143822024,0.9994583917420672,0.999338236632744,0.5356778750750968,0.4869854721549637,0.7012106537530267,0.4288827395364925,0.465129530848914,0.5646243332301699,0.7570472792149865,0.3285477616559558,0.5146384423528555,0.4010768446540079,0.4848062953995157,0.3857607092792514,0.5687196198729269,0.601650312221231,0.4537056928034371,0.4612690928289246,11308,98,1,98.0,0.008666430845419171,0,1
316_UCR_id_14_Sensor_tr_2833_1st_5988.csv,0.7535195309310462,0.5541757760858137,0.95088299056229,0.8595949133431623,0.7964598725308237,0.9955017894676002,0.9993348556728554,0.9982119085605452,0.999772474768094,0.6169942999424763,0.6934895673259088,0.7076465909288993,0.999748621316362,0.9992541209131468,0.9998550444087052,0.9997981631007286,0.6469863457337642,0.5462834946040741,0.2846400284773516,0.6363036691195967,0.4749800227341744,0.270665116803931,0.3696844647056071,0.7149613436465873,0.3523375006536763,0.4998188055108812,0.3498264661386491,0.4073206243365758,0.3112783706991538,0.4667258109944228,0.4208978255743865,0.4343566769939879,11334,97,1,97.0,0.008558320098817717,0,1
339_UCR_id_37_Sensor_tr_2750_1st_5400.csv,0.7650759259259258,0.5939692129629629,0.9693435185185184,0.5238787037037037,0.8311467592592592,0.8752159722222222,0.9557564814814816,0.9331050925925926,0.7933872685185187,0.5896430555555556,0.7446912037037037,0.7748060185185185,0.9658300925925928,0.9411023148148148,0.940009722222222,0.999123611111111,0.7709111111111111,0.7107831018518518,0.6379831018518518,0.6418502314814815,0.4773680555555555,0.6369824074074074,0.6375597222222222,0.5927291666666666,0.3732342592592592,0.4812819444444444,0.4035324074074073,0.4483641203703703,0.50588125,0.4554342592592593,0.4260884259259259,0.4288805555555556,11000,200,1,200.0,0.01818181818181818,0,1
344_UCR_id_42_Sensor_tr_2851_1st_5365.csv,0.4985983086062096,0.1684721856436368,0.956017908875428,0.6495010680946947,0.3047581423931174,0.9502033769350072,0.904649869780236,0.7700114125186551,0.2403096011471044,0.5540104761068679,0.3196909841102625,0.0757674187223831,0.3413747695549117,0.9210078131858483,0.9436982413016124,0.9699762970766396,0.5945219910455622,0.8715008925174846,0.6058467210956018,0.4088022707985836,0.8045240394463465,0.3866678371814005,0.2204605975477716,0.5128376203435461,0.803950487226758,0.8498054019254968,0.8184999853685658,0.3029526234161472,0.4795598864600708,0.4540485178357183,0.6299827349076756,0.6159950838381179,11406,15,1,15.0,0.0013150973172014729,0,1
364_UCR_id_62_Sensor_tr_2833_1st_5988.csv,0.4855847169099871,0.5008825777140871,0.9972008891832852,0.5305516844665406,0.7478979145661103,0.9169193450576106,0.9965320750943358,0.9942834285483614,0.9764038903144894,0.4862149984999849,0.5789040072881468,0.5185685360127488,0.9993036626975134,0.9998963292290104,0.9998376130401316,0.9998357781592292,0.6209438810850384,0.4266547644058792,0.2431272242196939,0.5679121532419135,0.4808621921872605,0.2470318507801454,0.3296262622833808,0.70304470962551,0.3930002963332658,0.4703074985160401,0.4206180062367602,0.3732056011574428,0.438020016715765,0.4118151651071707,0.4082197159787851,0.4012866184888104,11334,97,1,97.0,0.008558320098817717,0,1
369_UCR_id_67_Sensor_tr_2750_1st_5400.csv,0.6874384259259259,0.5812236111111111,0.950749074074074,0.5194868055555555,0.7902342592592593,0.8313773148148148,0.9516439814814815,0.9277388888888888,0.8299178240740741,0.562775462962963,0.7009689814814815,0.7196597222222223,0.9356601851851852,0.7694023148148148,0.9210782407407409,0.9990643518518518,0.7671587962962964,0.8276643518518517,0.6101280092592593,0.6137087962962964,0.5006201388888889,0.610225925925926,0.592025925925926,0.5407847222222223,0.4058,0.4139981481481481,0.4114224537037036,0.439350462962963,0.4555361111111111,0.4682662037037037,0.414287037037037,0.4216050925925925,11000,200,1,200.0,0.01818181818181818,0,1
373_UCR_id_71_Sensor_tr_2827_1st_5988.csv,0.7654604691452706,0.5872063244217985,0.9569743265772662,0.4732548206060505,0.9072592547635928,0.9765951518528838,0.8779392845943832,0.7693870250775426,0.3199789051070055,0.5937246831398102,0.7847971478674756,0.5693404949299611,0.5961596995586993,0.9604539723964036,0.9408782059593532,0.8305980779186861,0.5522484820229028,0.5460193274830409,0.4433150615145103,0.6243508998433975,0.4774521893537919,0.4030384370284339,0.504395535680623,0.6322361965926322,0.5627848937025215,0.4837351386294939,0.5530526443561046,0.5199348577933859,0.5392273972451578,0.5819863959090252,0.6070050861313492,0.607504411628123,11308,97,1,97.0,0.008577997877608773,0,1
405_UCR_id_103_Sensor_tr_2827_1st_5988.csv,0.4634669373875253,0.814615064181258,0.9649754889113876,0.4696422971915469,0.958626330730036,0.9929211645043022,0.9920751618210024,0.9859407227989448,0.9216091154949988,0.6930003393206414,0.9226450089979742,0.9919289504876928,0.7075387115195221,0.9520040608128798,0.9635299278047056,0.8818731970717273,0.6086400782736395,0.5085450868853951,0.5214043276715524,0.6982464755252343,0.4674477478397045,0.3653582131687674,0.5852435062397296,0.6856594269067476,0.4824449845374618,0.512167265765306,0.4738998976520666,0.5257685980356186,0.5577006014895165,0.4779354224082202,0.6194376473033205,0.631111564764724,11308,97,1,97.0,0.008577997877608773,0,1
417_UCR_id_115_Sensor_tr_2750_1st_5400.csv,0.7190263888888889,0.5607796296296297,0.967865277777778,0.5229807870370371,0.8200092592592592,0.7655564814814815,0.9392314814814814,0.900601388888889,0.8552550925925927,0.5814060185185185,0.7317726851851852,0.7492481481481482,0.9433935185185184,0.9345962962962964,0.934074537037037,0.9990722222222224,0.7155921296296295,0.6958703703703704,0.6221111111111112,0.6292074074074074,0.4741796296296297,0.6322231481481481,0.6236722222222222,0.4533828703703704,0.399112037037037,0.5095041666666666,0.4426046296296296,0.4938083333333333,0.5252143518518518,0.5269319444444445,0.4297833333333333,0.4347013888888889,11000,200,1,200.0,0.01818181818181818,0,1
426_UCR_id_124_Sensor_tr_2827_1st_4711.csv,0.8055116605072001,0.4373350142911759,0.9996522783957472,0.4990619709078992,0.7099910793933988,0.996543720075006,0.9987975386407908,0.9989768610387956,0.999004169018187,0.4554142620473703,0.4562435143548945,0.8543437892552204,0.992668717799341,0.995161936317792,0.9992490305667316,0.999357352218318,0.5274581732782319,0.5264978426696281,0.6578974676400444,0.4252862786506217,0.4430018751479182,0.6010795754519471,0.4795927470006735,0.3207495130077008,0.4832902474102932,0.4467075679513553,0.4851490105408801,0.4581696371679805,0.5401982559303828,0.5442990041690182,0.4636940413988967,0.4609122685648746,11308,98,1,98.0,0.008666430845419171,0,1
449_UCR_id_147_Sensor_tr_2847_1st_9330.csv,0.2006415890314642,0.5607048690455265,0.9966514325892072,0.706143434698541,0.8479521884338196,0.9940587097908244,0.9999208999824224,0.9999121110915802,0.9871154860256636,0.9662155036034452,0.3200738266830726,0.0003955000878889,0.9952539989453332,0.9951748989277552,0.9994375109861136,0.9997451221655826,0.0707593601687467,0.5647126032694674,0.9334241518720338,0.4644313587625241,0.4971436104763579,0.762304447178766,0.6135261030058007,0.433679029706451,0.9198101599578132,0.462673580594129,0.3972754438389875,0.852513622780805,0.6755493056776235,0.8061610124802251,0.749235366496748,0.7846633854807523,11388,10,1,10.0,0.0008781173164734809,0,1
493_UCR_id_191_Sensor_tr_2847_1st_9330.csv,0.7121901915978204,0.6404552645456144,0.9945245210054492,0.5769818948848656,0.9857619968359992,0.9962207769379504,0.999982422218316,0.997134821585516,0.9997011777113728,0.9416153981367552,0.3424503427667428,0.0160573035682897,0.9969941993320444,0.9968887326419408,0.9996748110388468,0.999973633327474,0.0149059588679908,0.8363069080682017,0.6962910880646863,0.750773422394094,0.4785111618913693,0.8154860256635612,0.5988398664088592,0.4732114607136579,0.5382580418351204,0.5393302865178414,0.4480928106872913,0.8439883986640887,0.7000703111267358,0.6363156969590438,0.8390578309017402,0.8354719634382141,11388,10,1,10.0,0.0008781173164734809,0,1
526_UCR_id_224_Sensor_tr_2827_1st_4711.csv,0.9056818802454076,0.4509899142529447,0.999620419086457,0.5057246627464546,0.4421052631578948,0.9952775400972164,0.9982377250632636,0.9976724498898578,0.9831373227257004,0.4480056072384351,0.4027908754938193,0.7167370605690982,0.9921808152342114,0.9995157384987894,0.9992435689708532,0.998096633836407,0.5497660616432121,0.5397549563982595,0.680308216060733,0.5148719255766535,0.4779661016949152,0.5428899124324127,0.5724007354949116,0.3109928271040798,0.4903639243386918,0.4351371770831437,0.4764951118716889,0.4062426040889147,0.5376731781026416,0.5224635438475123,0.4242285495821879,0.4314314842797064,11308,98,1,98.0,0.008666430845419171,0,1
531_SMAP_id_1_Sensor_tr_1811_1st_4510.csv,0.996816631420382,0.5061728395061729,0.9981997680122302,0.5061728395061729,0.9969286611754852,0.9969286611754852,0.9997052755673446,0.9997362991918346,0.9925077946856532,0.6861969000504995,0.9971303147346704,0.996452965599971,0.9963702359346642,0.0,0.9981945974081484,0.9996673578040788,0.998616001640805,0.4633386935262312,0.6966441055975235,0.5246913580246914,0.5637940513923575,0.5992230305599937,0.9988452317550924,0.4250115907708164,0.3970463785950779,0.629321116919423,0.7962962962962963,0.5061728395061729,0.5105256263755961,0.6486247054910093,0.9079770356237384,0.875322085545921,7244,81,1,81.0,0.011181667586968525,0,1
532_SMAP_id_2_Sensor_tr_2075_1st_5550.csv,0.4560536562800429,0.763793441381166,0.7201359036348346,0.5476605103696035,0.805754512772498,0.7152276353634673,0.5405931845373425,0.5704000392718793,0.6564387786875525,0.6315763825511027,0.9218636513316428,0.4066545769476218,0.5116864298099363,0.7722198752257865,0.7479195041136936,0.8010108925717025,0.4945411729464049,0.8067637212398877,0.542909365447411,0.6694411389418307,0.4943403345491133,0.7545641914274791,0.7124313055642448,0.7839290583599476,0.5452491954818707,0.528540730779443,0.5445361385494702,0.571771688486567,0.549602784290245,0.4943623712332051,0.5545726836130559,0.5534855405311951,8302,351,1,351.0,0.04227896892315105,0,1
533_SMAP_id_3_Sensor_tr_2052_1st_5300.csv,0.9582619315630392,0.840991508810861,0.46319356206064,0.6131185902018315,0.9999400929917862,0.3422354602167123,0.0494875937116771,0.1673201480860969,0.987298078142903,0.9164814499711036,0.9774171974394033,0.9650732073708778,0.5343428251540969,0.6650406612525499,0.4011416689991804,0.4418336931109961,0.9984600374947392,0.8382533432137946,0.8210651289863332,0.1826285911482613,0.4607211394212278,0.0623292146845669,0.0023591530860667,0.8861635954676069,0.9642611276009208,0.9793982819274148,0.9574124728404784,0.8910772286917316,0.8598847444538192,0.96489109510011,0.9912500528591248,0.9910461676631032,8209,1121,1,1121.0,0.13655743695943476,0,1
534_SMAP_id_4_Sensor_tr_1968_1st_4370.csv,0.9958656350179084,0.5098039215686274,0.9942890872314668,0.5098039215686274,0.9778531379316396,0.9952703566406748,0.9998044980487402,0.995270356640675,0.1385043599441566,0.8024126945933684,0.995636296190469,0.9963969992956916,0.9947590438450722,0.0,0.9940973449331156,0.9995162579923954,0.9967579259749408,0.7638524411426336,0.8426359678474483,0.5784313725490196,0.5276447278387258,0.5984201938477041,0.0028748812576289,0.6634032879417906,0.8137254901960784,0.6265536765645796,0.5389023818654395,0.5098039215686274,0.5203635333719323,0.5490020627962295,0.983347244049096,0.9952879016875829,7874,51,1,51.0,0.006477012954025908,0,1
536_SMAP_id_6_Sensor_tr_2160_1st_5600.csv,0.9998550622130956,0.998410322353233,0.3242745284014289,0.6325699556722273,0.9949712385455668,0.997323868702598,0.9999930429862286,0.8437269186574355,0.1840333055439283,0.4470588644530222,0.7628933756474371,0.9989007918241174,0.9999884049770476,0.0,0.997323868702598,0.9999721719449144,0.980992278874216,0.8193878059781619,0.819387805978162,0.8278255041805855,0.6386138613861386,0.8129850343038754,0.7057739735795807,0.9177936062724436,0.6572737318233521,0.9346429138756482,0.8435558920688884,0.7360114744347136,0.907232859367445,0.7409532732170043,0.8240663977394344,0.8422137681621541,8640,101,1,101.0,0.011689814814814814,0,1
537_SMAP_id_7_Sensor_tr_2077_1st_5394.csv,0.937047154243802,0.5879919721614131,0.2022042870395528,0.5704403831484534,0.9984883533844618,0.1005425616836476,0.0518325695687651,0.1598608957121183,0.9997134497765884,0.7309601449195067,0.9999995567668626,0.8585851377723722,0.477185682328605,0.0256525610675536,0.2892231408475238,0.3731827995402786,0.0539233002784833,0.7913741512639458,0.674922622575016,0.5004740378405859,0.7472981616019154,0.3069276452929305,0.0,0.6461683160110436,0.7821203298186423,0.9499275092203574,0.7302888683327209,0.6658248191941224,0.7127031503681717,0.7279452731180431,0.8862116376179056,0.8842851247856414,8310,281,1,281.0,0.03381468110709988,0,1
538_SMAP_id_8_Sensor_tr_2007_1st_3650.csv,0.8579825072549891,0.6793282812839553,0.8791068334400668,0.5278619946267888,0.9805995149878748,0.6669681165106051,0.9123865115858668,0.8514768157665481,0.8666497912447811,0.8651298013219562,0.8583113616301947,0.8580772211612984,0.8458778777161736,0.5,0.9117362549448352,0.9416485412135304,0.9935065684334417,0.8660004961662505,0.8346533182560333,0.5243890712652431,0.53074427822234,0.7823661937702289,0.9943662053089788,0.8735732816397332,0.922249498545156,0.9749575470155984,0.8118089971480057,0.7601033775844397,0.7151414362282135,0.8172939900420588,0.9920019635106262,0.9889437139774648,8029,268,3,89.33333333333333,0.033379001120936606,0,1
539_SMAP_id_9_Sensor_tr_1857_1st_4270.csv,0.5799741975665635,0.624581266543586,0.3634172653869252,0.4573948439620081,0.9956580732700137,0.3332428765264586,0.0698022554885779,0.0857063416153213,0.950461552149832,0.1958671619547567,0.3213203728006762,0.4441911159552461,0.5639622305758836,0.6504604399759771,0.4184454033854572,0.6872945258802856,0.3305692105789977,0.7626598749916588,0.6161865782859177,0.2069755544186667,0.5163934426229508,0.1371866450163489,0.4206241519674355,0.786665035478346,0.686733990257357,0.9957815245679204,0.5463242654091688,0.5352870520719799,0.6056009075338658,0.6715884066997353,0.989941499655226,0.991055897857953,7431,61,1,61.0,0.008208854797470059,0,1
540_SMAP_id_10_Sensor_tr_2051_1st_4575.csv,0.8523600534751471,0.3999845125890525,0.9927752233606476,0.4877803657174425,0.9193789749345304,0.9886760878397676,0.9994951506301566,0.9975609003884592,0.9987911774052752,0.7241222794787112,0.8942545057638646,0.9574022449370916,0.996229385317398,0.9989192334871348,0.997089573553134,0.9994931392780856,0.8081746711774589,0.7545875588488093,0.6575549065592873,0.3890434277730176,0.4845896908820047,0.677314764531013,0.2431148066353163,0.6928343571115375,0.3742703820362124,0.5449919344781949,0.4112286411171317,0.5987835342674053,0.4629280995270641,0.5474229886814515,0.4394475754491684,0.4537630385898009,8205,186,1,186.0,0.0226691042047532,0,1
541_SMAP_id_11_Sensor_tr_1832_1st_5300.csv,0.8610954006766152,0.7840319900479442,0.6127207820510159,0.5004318027334427,0.9973576202237396,0.6932134814553454,0.7358288277536789,0.6599508883169714,0.655028856032461,0.8327540290778523,0.8300143599136589,0.727420754550549,0.4134273624457774,0.6620040187003176,0.5791165410120171,0.7973432862539176,0.481607116913306,0.7496656488034703,0.7402347398352047,0.7547811248209876,0.4924710985658247,0.8054346824993254,0.8390645430771467,0.6940080114567984,0.406578189535294,0.4408561595857288,0.4335727517071044,0.3714427756792097,0.4378320811108113,0.3226174477491127,0.5125804907536167,0.50817555156597,7331,448,1,448.0,0.06111035329422998,0,1
542_SMAP_id_12_Sensor_tr_1908_1st_4690.csv,0.993035721106306,0.4777003025917642,0.9968552524922442,0.532258064516129,0.9933625032359918,0.9984361140936462,0.9999872682287134,1.0,0.9999469509529731,0.9904639033064412,0.9946187046695892,0.0028985999295508,0.9995374123099252,0.8936727340630053,0.995688173457652,0.9999702925336648,0.0034800174849658,0.3387648484282627,0.4940394090760554,0.3384062368703608,0.5,0.590389210248227,0.9955990510586468,0.5157385912719463,0.8026830086024335,0.6977626033925926,0.9185548590805116,0.7174522876871039,0.5901897458314058,0.4952149759581719,0.9978737941951612,0.998510382759484,7632,31,1,31.0,0.004061844863731656,0,1
544_SMAP_id_14_Sensor_tr_1978_1st_4450.csv,0.5878000260929903,0.3599389470208386,0.9997298336398682,0.4975650390875304,0.0938360505834554,0.997464592620302,0.9996524783145312,0.9998441347922316,0.9987311417530564,0.6498101330857964,0.0514493732486812,0.3139333104731029,0.9999815270864868,0.9975384842743552,0.9994839129787226,0.9987807877081234,0.9275665515573244,0.5808853836535497,0.6559304402441657,0.5059794511928306,0.4547765758838422,0.5821530873433988,0.849635102230258,0.4119921536299852,0.2409087287980021,0.2740214262705612,0.2556281771968046,0.2658829533108656,0.3094028284339703,0.2271948996285789,0.2192781016310428,0.236046888872725,7914,111,1,111.0,0.014025777103866566,0,1
545_SMAP_id_15_Sensor_tr_1173_1st_2750.csv,0.8587027227952793,0.906003159557662,0.9238326955081904,0.8095120426455805,0.9920292977165016,0.0545826258120654,0.2916888427064061,0.3659384477616983,0.4258855631869292,0.6046793555854052,0.780284022268968,0.7920690033876541,0.9744405301974302,0.9099779506804876,0.0274898412617955,0.0429623809885867,0.7187402319824956,0.9182084294295056,0.7010289682439111,0.3638898040905289,0.2988802155933463,0.332173843255527,0.4075829383886256,0.9279046388051128,0.998386429108481,0.9922404980949726,0.9911063520625828,0.9455609904452948,0.9163224100497588,0.8879772072551554,0.9979851483893858,0.9979682523591084,4693,51,1,51.0,0.010867249094395908,0,1
546_SMAP_id_16_Sensor_tr_2117_1st_4770.csv,0.8558401675860403,0.2525418074106927,0.9867697315534576,0.4437386893282698,0.5080753741184112,0.9904584460275536,0.9937363133447116,0.997455717606434,0.967716323403042,0.1709203372312663,0.0049955054311024,0.6884372760140498,0.9973666182230018,0.96856078755935,0.9983338415298166,0.9985981697006656,0.432615126303326,0.5896042799383828,0.5899824573213954,0.579141042343987,0.4913751796837566,0.583234664016125,0.5720130916694056,0.5171239115025323,0.3287965247280489,0.3163810206433372,0.2802373607574636,0.2619610972292072,0.2881513659925473,0.3429712466389732,0.2573398092085203,0.2595623438285807,8469,121,1,121.0,0.014287401109930334,0,1
547_SMAP_id_17_Sensor_tr_2133_1st_5400.csv,0.7354299214560815,0.757989912136589,0.6045212932743992,0.5929752296741404,0.9752926903073016,0.8542280803692566,0.7838265405423287,0.8065517330257683,0.566672626649811,0.7014186451138522,0.8912720477940588,0.7492244749515303,0.5725711834070822,0.3663757910761396,0.6724199446066583,0.8944372656300896,0.6603410341592273,0.7415912992634719,0.7066529444988916,0.2773186245549547,0.5160209217732932,0.6205577407699581,0.2789540006336118,0.6986741439086301,0.4780889439200764,0.602106079446643,0.5002941769205775,0.5789925409559421,0.4955757780061197,0.4966877444413348,0.413690480418614,0.4166723323714151,8532,623,1,623.0,0.07301922175339896,0,1
548_SMAP_id_18_Sensor_tr_2094_1st_5600.csv,0.9922337483722768,0.8635272945410918,0.98185436083515,0.9977233821528376,0.9858164952375378,0.9902995010753946,0.999868319019123,0.9998829502392204,0.9419038143590792,0.3406967387010403,0.3383206285572154,0.9917977380133728,0.9903024273194142,0.9902877960993168,0.9902995010753946,0.9998419828229476,0.9931145478221428,0.671865626874625,0.6735599221619091,0.1084436771182349,0.3020995800839832,0.3290795499436698,0.0603918240742095,0.6718363644344302,0.8893323774269535,0.9733243595183404,0.6304490321447905,0.911059739271658,0.4049394999048971,0.8436185933544998,0.9998536877990256,0.9998097941387332,8376,41,1,41.0,0.004894937917860554,0,1
549_SMAP_id_19_Sensor_tr_1998_1st_2098.csv,0.8194331512028381,0.4406009658958489,0.9814809539839968,0.5056309397415645,0.9853976228086077,0.1087040681565113,0.9873598415205738,0.9967397778180592,0.998602946888676,0.6271014061164771,0.9379742082502526,0.9478137866742626,0.9906161794028536,0.981331408447057,0.9874993526167232,0.9989959085376906,0.9480584975528914,0.5968391511510475,0.4901905248983608,0.5182261050832535,0.5080935857264935,0.512267913095269,0.93393259445322,0.5733773338167127,0.6638384649247742,0.6287535282388586,0.6033204288266826,0.4979290208975321,0.5379321283372609,0.6492490353989175,0.8085907760830722,0.8085843022503043,8579,184,2,92.0,0.021447721179624665,0,1
550_SWaT_id_1_Sensor_tr_43700_1st_43800.csv,0.4227806096148952,0.8160639690109429,0.3081906834040333,0.499903573515328,0.1851923875379102,0.3973474579632458,0.7985547706136338,0.6801838735653349,0.638289991433772,0.8156358203744353,0.8408036501042294,0.3522852810593466,0.1649520842315668,0.1700210313987285,0.2667407886695788,0.2404743244861736,0.8043632625562203,0.8314820437792294,0.8261955783638146,0.8427744590048147,0.1844047510020612,0.8444493480995867,0.8463542458789034,0.8446626889953578,0.2897351567390644,0.216346825243534,0.2581354797404377,0.20311390078321,0.4974487177519334,0.6447064882487663,0.2163858794661294,0.2162911217571878,419919,50653,27,1876.037037037037,0.12062564446952864,0,1
551_YAHOO_id_1_Synthetic_tr_500_1st_893.csv,0.452112676056338,0.9809859154929575,0.9838028169014084,0.9753521126760564,0.85,0.9697183098591547,1.0,0.9732394366197182,0.4693661971830986,1.0,0.3570422535211267,0.8345070422535211,0.2464788732394366,0.9873239436619718,0.854225352112676,1.0,0.9985915492957744,1.0,0.9901408450704224,0.3767605633802817,0.4890845070422535,0.7119718309859154,0.6359154929577464,0.954225352112676,0.8147887323943662,0.4852112676056338,0.5950704225352113,1.0,1.0,1.0,0.9887323943661972,0.9345070422535212,1421,1,1,1.0,0.0007037297677691766,1,0
552_YAHOO_id_2_Synthetic_tr_500_1st_893.csv,0.3063380281690141,1.0,0.9345070422535212,1.0,0.9651408450704224,0.9901408450704224,0.4309859154929577,0.9992957746478872,0.5507042253521127,1.0,0.2746478873239436,0.4654929577464789,0.995774647887324,0.8598591549295774,1.0,1.0,0.9950704225352112,1.0,1.0,0.6654929577464789,0.4799295774647887,0.8683098591549295,0.6225352112676057,0.1985915492957746,0.956338028169014,0.969718309859155,0.1838028169014084,0.9992957746478872,1.0,1.0,0.9866197183098592,0.9619718309859157,1421,1,1,1.0,0.0007037297677691766,1,0
555_YAHOO_id_5_WebService_tr_500_1st_730.csv,0.3353221957040573,0.4233293556085918,0.9291467780429594,0.6020286396181385,0.7004773269689738,0.9698687350835322,0.9911992840095464,0.9887380668257756,0.923403937947494,0.9935859188544152,0.3481503579952267,0.2467183770883055,0.8915572792362769,0.9342183770883056,0.9698687350835322,0.9801610978520288,0.4923926014319809,0.4616646778042959,0.5134248210023866,0.7701372315035799,0.4925417661097852,0.747464200477327,0.6360381861575178,0.7055489260143198,0.5173031026252983,0.5744331742243437,0.3126491646778043,0.964200477326969,0.9994033412887828,1.0,0.7398568019093079,0.5456443914081146,1680,4,4,1.0,0.002380952380952381,1,0
558_YAHOO_id_8_WebService_tr_500_1st_1125.csv,0.3883166295471417,0.9579203786191536,0.4869617668893838,0.5658732368225687,0.2270972531551596,0.696343726800297,0.7930215293244247,0.7644116555308093,0.4144162954714179,0.9241369710467706,0.9685412026726058,0.2226521900519673,0.8181328878990349,0.2894766146993318,0.6564866369710468,0.6758351893095768,0.9881681514476616,0.2772921306607275,0.0,0.0203693392724573,0.5858992204899777,0.0091592427616926,0.0373236822568671,0.2303452115812918,0.2241648106904231,0.351837416481069,0.2314216778025241,0.1166759465478841,0.094135115070527,0.102087973273942,0.2348737936154417,0.2376577579806978,1427,80,2,40.0,0.05606166783461808,1,1
562_YAHOO_id_12_Synthetic_tr_500_1st_893.csv,0.0697183098591549,1.0,0.947887323943662,1.0,0.9559859154929576,0.973943661971831,1.0,1.0,0.6422535211267606,1.0,0.3112676056338028,0.0450704225352113,0.6809859154929577,0.9253521126760564,0.9471830985915493,1.0,0.9964788732394366,1.0,1.0,0.5894366197183099,0.4901408450704225,0.9992957746478872,0.6007042253521127,0.5260563380281691,0.9943661971830986,0.4690140845070423,0.7894366197183098,1.0,1.0,1.0,0.9929577464788732,0.9880281690140846,1421,1,1,1.0,0.0007037297677691766,1,0
570_YAHOO_id_20_Synthetic_tr_500_1st_658.csv,0.6589625970359916,0.2362385321100917,0.7254763585038814,0.6947776993648553,0.3320395201129146,0.9010232886379675,0.9606563161609032,0.9943542695836274,0.9273112208892026,1.0,0.0959774170783344,0.1896612561750176,0.615561044460127,0.8860268172194777,0.8914961185603387,0.9213126323218068,0.941954834156669,0.9855328158080452,0.6570218772053634,0.1598447424135497,0.2932251235003528,0.486591390261115,0.3221594918842625,0.5259350741002117,0.5458715596330275,0.550105857445307,0.6362032462949894,0.9992942836979536,0.9124911785462244,0.9973535638673252,0.6139731827805223,0.6249117854622441,1421,4,2,2.0,0.0028149190710767065,0,1
571_YAHOO_id_21_Synthetic_tr_500_1st_623.csv,0.0312401636764242,1.0,0.8847182876927919,1.0,0.9660056657223796,0.0667296191375511,0.5429650613786591,0.5086559647466163,0.9838290840415488,0.9992917847025496,0.4393295561850803,0.0745199874095058,0.7920994649039975,0.8954202077431539,0.9398016997167138,0.9771010387157696,0.94058860560277,1.0,1.0,0.501573811772112,0.4143059490084986,0.9922096317280452,0.534073024866226,0.5358829084041549,0.8093327038086244,0.6502990242367013,0.965926975133774,0.9989770223481272,0.9985835694050992,0.9983474976392824,0.955225055083412,0.9475133774000628,1421,9,3,3.0,0.0063335679099225895,0,1
579_YAHOO_id_29_WebService_tr_500_1st_1342.csv,0.6075044669446099,0.7969029184038118,0.9761762954139368,0.2590827873734366,0.9931506849315068,0.9904705181655749,1.0,0.6429422275163788,0.9511614055985704,1.0,0.6396664681357951,0.786777843954735,0.9720071471113758,0.9785586658725433,0.9928528886241812,1.0,0.023823704586063,0.8612269207861822,0.0029779630732579,0.9565217391304348,0.478856462179869,0.509827278141751,0.7736748064324003,0.9005360333531864,0.1876116736152472,0.2048838594401429,0.8302561048243002,0.9922572960095296,1.0,1.0,0.9892793329362716,0.9761762954139368,1680,1,1,1.0,0.0005952380952380953,1,0
603_YAHOO_id_53_Synthetic_tr_500_1st_893.csv,0.0901408450704225,1.0,0.9133802816901408,1.0,0.3401408450704226,0.9845070422535211,0.5711267605633803,0.3471830985915493,0.8626760563380281,1.0,0.1161971830985915,0.4133802816901408,0.9140845070422534,0.9492957746478872,0.930281690140845,0.5676056338028169,0.9915492957746478,1.0,1.0,0.4,0.4785211267605633,0.8492957746478873,0.3528169014084507,0.2809859154929577,0.7316901408450704,0.782394366197183,0.4415492957746478,1.0,1.0,1.0,0.9640845070422536,0.9802816901408452,1421,1,1,1.0,0.0007037297677691766,1,0
644_YAHOO_id_94_WebService_tr_500_1st_1078.csv,0.1930196078431372,0.8981470588235294,0.9464901960784312,0.4616862745098039,0.1386617647058823,0.2711568627450981,0.9485392156862744,0.960906862745098,0.9954117647058824,0.9266372549019608,0.7517450980392157,0.1349901960784313,0.968843137254902,0.8837254901960785,0.9852941176470588,0.970764705882353,0.9958529411764704,0.2626078431372549,0.0005392156862745,0.0421862745098039,0.5017303921568628,0.0259215686274509,0.0137549019607843,0.3778431372549019,0.2241960784313725,0.4612843137254902,0.2795882352941176,0.1273921568627451,0.2272254901960784,0.1990980392156862,0.070156862745098,0.0717156862745098,1435,75,5,15.0,0.05226480836236934,1,1
645_YAHOO_id_95_WebService_tr_500_1st_1047.csv,0.7736748064324002,0.916617033948779,0.9934484812388328,0.1745086360929124,0.9931506849315068,0.9982132221560452,1.0,1.0,0.9976176295413938,0.9988088147706968,0.3835616438356164,0.9583085169743896,0.6164383561643836,0.980345443716498,0.973198332340679,1.0,0.9553305539011316,1.0,0.9612864800476474,0.5461584276354973,0.4863013698630137,0.7450863609291245,0.6396664681357952,0.1453245979749851,0.4877903513996426,0.7057772483621202,0.0434782608695651,0.9994044073853484,0.9994044073853484,0.9994044073853484,0.938058368076236,0.7391304347826088,1680,1,1,1.0,0.0005952380952380953,1,0
649_YAHOO_id_99_WebService_tr_500_1st_1386.csv,0.8308516974389517,1.0,0.8040500297796308,0.9851101846337106,0.8502084574151281,0.951756998213222,1.0,1.0,0.6220964860035736,1.0,0.9672424061941632,0.8344252531268612,0.3263847528290649,0.9964264443120904,0.8528886241810602,0.9922572960095296,0.7998808814770697,1.0,1.0,0.3269803454437164,0.4681357951161405,0.7701012507444907,0.7022036926742108,0.1685527099463967,0.7629541393686718,0.8588445503275759,0.3990470518165575,0.9994044073853484,0.9994044073853484,1.0,0.4061941631923764,0.8969624776652769,1680,1,1,1.0,0.0005952380952380953,1,0
657_YAHOO_id_107_WebService_tr_500_1st_1260.csv,0.3189715079916608,1.0,0.0750521195274496,0.9527449617790132,0.9569145239749826,0.9325920778318276,0.8860319666435024,0.876997915218902,0.9843641417651148,1.0,0.9569145239749826,0.0326615705350937,0.7908269631688672,0.995135510771369,0.3405142460041696,0.2974287699791522,0.6476719944405838,1.0,1.0,0.4075747046560111,0.4940931202223766,0.9986101459346768,0.9576094510076442,0.0298818624044475,0.4614315496872828,0.6226546212647672,0.941626129256428,1.0,1.0,1.0,0.9965253648366922,0.9986101459346768,1440,1,1,1.0,0.0006944444444444445,1,0
658_YAHOO_id_108_Synthetic_tr_500_1st_893.csv,0.4330985915492957,1.0,0.9359154929577466,1.0,0.956338028169014,0.9830985915492958,1.0,1.0,0.996830985915493,1.0,0.2704225352112676,0.673943661971831,0.9746478873239436,0.9598591549295776,0.9830985915492956,1.0,0.9816901408450704,1.0,1.0,0.5746478873239437,0.4968309859154929,0.8056338028169014,0.602112676056338,0.3070422535211268,0.991549295774648,0.3098591549295775,0.9992957746478872,1.0,1.0,1.0,0.995774647887324,0.9971830985915492,1421,1,1,1.0,0.0007037297677691766,1,0
672_YAHOO_id_122_WebService_tr_500_1st_857.csv,0.5032757593805837,0.7027992852888625,0.974389517569982,0.0166765932102441,0.7358546754020251,0.9910661107802264,1.0,0.9931506849315068,0.6155449672424063,0.9815366289458012,0.3138773079213818,0.9910661107802264,0.8618225134008338,0.9047051816557474,0.9672424061941632,1.0,0.0530077427039904,0.8296605122096485,0.4383561643835616,0.0482430017867778,0.4874925550923168,0.4711137581893985,0.4949374627754616,0.2489577129243597,0.51697438951757,0.2995830851697438,0.1036331149493746,0.9928528886241812,1.0,1.0,0.5801072066706373,0.547945205479452,1680,1,1,1.0,0.0005952380952380953,1,0
680_YAHOO_id_130_Synthetic_tr_500_1st_893.csv,0.3436619718309859,1.0,0.8866197183098592,1.0,0.9588028169014085,0.9767605633802816,0.9929577464788732,0.8880281690140845,0.8728873239436619,1.0,0.4274647887323943,0.4704225352112676,0.1549295774647887,0.971830985915493,0.8915492957746479,1.0,0.9654929577464788,1.0,1.0,0.1112676056338027,0.4911971830985915,0.7894366197183098,0.6795774647887324,0.4485915492957746,0.5929577464788732,0.1140845070422534,0.0126760563380281,1.0,1.0,1.0,0.904225352112676,0.954225352112676,1421,1,1,1.0,0.0007037297677691766,1,0
689_YAHOO_id_139_WebService_tr_500_1st_1073.csv,0.5533055390113162,0.9925550923168552,0.96605122096486,0.9952352590827872,0.9931506849315068,0.9910661107802264,1.0,1.0,0.7778439547349613,1.0,0.1888028588445502,0.8588445503275759,0.984514592019059,0.9047051816557474,0.984514592019059,0.9785586658725433,0.0232281119714115,0.9952352590827874,0.9976176295413935,0.7843954734961287,0.4925550923168553,0.7307921381774867,0.6390708755211436,0.2567004169148302,0.323406789755807,0.8153662894580107,0.3240023823704586,1.0,1.0,1.0,0.9791542584871948,0.8862418106015485,1680,1,1,1.0,0.0005952380952380953,1,0
693_YAHOO_id_143_WebService_tr_500_1st_1003.csv,0.8245614035087719,0.9975438596491228,0.7642105263157895,0.9996491228070176,0.971578947368421,0.9719298245614036,0.9719298245614036,0.9410526315789474,0.7119298245614035,0.9996491228070176,0.968421052631579,0.4557894736842105,0.6322807017543859,0.8403508771929824,0.8094736842105263,0.8273684210526315,0.4849122807017544,0.9996491228070176,0.5,0.4868421052631578,0.4982456140350877,0.663859649122807,0.8112280701754386,0.3357894736842105,0.751578947368421,0.4287719298245613,0.1898245614035087,0.9996491228070176,0.9996491228070176,0.9996491228070176,0.9719298245614036,0.9480701754385964,1427,2,2,1.0,0.001401541695865452,1,0
701_YAHOO_id_151_Synthetic_tr_500_1st_893.csv,0.1253521126760564,1.0,0.9640845070422536,1.0,0.8355633802816901,0.9654929577464788,0.2316901408450704,0.3049295774647887,0.602112676056338,1.0,0.3338028169014084,0.8352112676056338,0.5788732394366197,0.9774647887323944,0.9619718309859157,1.0,0.9514084507042252,1.0,1.0,0.2049295774647886,0.4609154929577465,0.7880281690140846,0.3795774647887324,0.9760563380281688,0.0612676056338028,0.1232394366197182,0.6232394366197183,1.0,1.0,1.0,0.5985915492957746,0.6464788732394366,1421,1,1,1.0,0.0007037297677691766,1,0
723_YAHOO_id_173_WebService_tr_500_1st_1214.csv,0.3381523272214387,1.0,0.7200282087447109,1.0,0.9837799717912552,0.9449929478138224,0.0052891396332863,0.0324400564174893,0.9975317348377998,1.0,0.982722143864598,0.0267983074753173,0.477080394922426,0.4996473906911142,0.5923836389280677,0.7863187588152327,0.9485190409026798,1.0,1.0,0.0148095909732016,0.5,1.0,0.0437235543018336,0.9608603667136812,0.880818053596615,0.5754583921015515,0.6054301833568406,0.9992947813822284,1.0,1.0,0.9830747531734838,0.9844851904090268,1420,2,2,1.0,0.0014084507042253522,1,0
724_YAHOO_id_174_WebService_tr_500_1st_1030.csv,0.496955223880597,0.9414925373134329,0.8439402985074628,0.8025074626865671,0.8825671641791044,0.9585671641791044,0.9765970149253732,0.8206567164179104,0.4526567164179105,0.9546268656716416,0.8967164179104479,0.4027462686567164,0.6924179104477612,0.8648358208955225,0.8909850746268657,0.8205373134328359,0.2366567164179104,0.944,0.9467462686567164,0.6032238805970149,0.4901492537313432,0.8679402985074626,0.7188059701492538,0.5188059701492538,0.3952238805970148,0.4669850746268656,0.5370746268656716,0.9914029850746268,1.0,1.0,0.7437611940298507,0.7142686567164179,1680,5,5,1.0,0.002976190476190476,1,0
734_YAHOO_id_184_WebService_tr_500_1st_768.csv,0.6102112844519523,0.9826125519378476,0.3081933909664028,0.666243435313688,0.9663549475745165,0.2569106319396141,0.3174676780055867,0.2776839308255955,0.9815434327374972,0.8836481806572231,0.993228298352342,0.5911732341131831,0.3372270617807367,0.1237786095193932,0.3516242883272793,0.3589921941417421,0.8446704131842087,0.931384997000578,0.9936368086147822,0.9645111309845834,0.4864400354778281,0.9969564145311884,0.987777814580504,0.3890821032022052,0.8512507406548677,0.849395883247031,0.8601238779768804,0.8784221935160956,0.8432203857661775,0.8384581129770092,0.9535439185334847,0.9500807819843295,1424,227,3,75.66666666666667,0.15941011235955055,0,1
741_YAHOO_id_191_WebService_tr_500_1st_1114.csv,0.6683551847437426,0.4663289630512515,0.968414779499404,0.2917163289630512,0.9791418355184744,0.987783075089392,0.998212157330155,0.99642431466031,0.8681466030989273,0.99880810488677,0.3781287246722288,0.684445768772348,0.7288438617401668,0.9624553039332538,0.9746722288438616,0.9985101311084624,0.4761620977353993,0.998212157330155,0.6123361144219308,0.6385578069129917,0.4937425506555423,0.6433253873659118,0.6838498212157331,0.5905840286054826,0.4970202622169249,0.782777115613826,0.1752085816448153,0.9997020262216924,1.0,0.9994040524433848,0.7297377830750894,0.8995828367103695,1680,2,2,1.0,0.0011904761904761906,1,0
755_YAHOO_id_205_Synthetic_tr_500_1st_893.csv,0.180281690140845,0.9964788732394364,0.9781690140845072,1.0,0.956338028169014,0.6957746478873239,0.1288732394366197,0.6190140845070422,0.4024647887323944,1.0,0.2176056338028169,0.1380281690140845,0.676056338028169,0.7309859154929578,0.6852112676056338,0.8866197183098592,0.9619718309859157,1.0,1.0,0.6373239436619718,0.4954225352112676,0.8492957746478873,0.6288732394366198,0.0049295774647887,0.9774647887323944,0.9704225352112676,0.997887323943662,1.0,1.0,1.0,0.993661971830986,0.9964788732394366,1421,1,1,1.0,0.0007037297677691766,1,0
762_YAHOO_id_212_WebService_tr_500_1st_1055.csv,0.9317640047675804,0.75119189511323,0.9558998808104888,0.5223480333730632,0.4070321811680572,0.985399284862932,0.9991060786650774,0.9955303933253874,0.8291120381406436,0.9231227651966628,0.3006555423122765,0.514600715137068,0.7485101311084624,0.8691895113230036,0.9269964243146602,0.9463647199046484,0.980631704410012,0.7806912991656734,0.8048271752085816,0.4585816448152562,0.4937425506555423,0.563170441001192,0.3599523241954708,0.5744934445768772,0.2729439809296782,0.3522050059594755,0.1784862932061978,0.9317640047675804,0.99880810488677,0.9985101311084624,0.4043504171632896,0.3983909415971395,1680,2,2,1.0,0.0011904761904761906,1,0
780_YAHOO_id_230_Synthetic_tr_500_1st_893.csv,0.3690140845070422,0.997887323943662,0.9753521126760564,0.997887323943662,0.729225352112676,0.96056338028169,1.0,0.032394366197183,0.4253521126760563,0.9992957746478872,0.3661971830985915,0.95,0.4943661971830986,0.956338028169014,0.967605633802817,1.0,0.8169014084507042,0.9992957746478872,0.9992957746478872,0.2387323943661972,0.4566901408450704,0.7535211267605634,0.2859154929577464,0.9852112676056338,0.5316901408450705,0.8718309859154929,0.0690140845070422,1.0,1.0,1.0,0.6140845070422536,0.5077464788732394,1421,1,1,1.0,0.0007037297677691766,1,0
788_YAHOO_id_238_WebService_tr_500_1st_973.csv,0.7224538415723645,0.895473496128648,0.9809410363311494,0.9338892197736748,0.7930315664085765,0.9958308516974388,1.0,1.0,0.0786182251340083,0.9982132221560452,0.1846337105419893,0.1161405598570577,0.8945801072066706,0.995830851697439,0.9654556283502084,0.9023228111971412,0.7933293627159024,0.6885050625372247,0.6605122096486005,0.4020250148898153,0.4928528886241811,0.3710541989279333,0.1244788564621798,0.2567004169148302,0.92078618225134,0.8141751042287075,0.5812983918999405,1.0,1.0,1.0,0.4764740917212626,0.5139964264443121,1680,1,1,1.0,0.0005952380952380953,1,0
797_YAHOO_id_247_Synthetic_tr_500_1st_893.csv,0.3964788732394366,0.6950704225352112,0.7704225352112676,0.4640845070422535,0.6116197183098591,0.967605633802817,0.8345070422535211,0.0436619718309859,0.7014084507042253,0.0971830985915492,0.5084507042253521,0.8985915492957747,0.4577464788732394,0.8950704225352113,0.7352112676056338,0.9035211267605634,0.6056338028169015,0.0218309859154929,0.1443661971830986,0.3302816901408451,0.4140845070422535,0.3253521126760563,0.1246478873239436,0.5725352112676056,0.1204225352112675,0.1852112676056337,0.2190140845070423,0.9852112676056338,0.9985915492957746,0.9985915492957746,0.423943661971831,0.4056338028169014,1421,1,1,1.0,0.0007037297677691766,1,0
806_YAHOO_id_256_Synthetic_tr_500_1st_893.csv,0.1366197183098592,0.4288732394366197,0.8838028169014085,0.1591549295774648,0.4602112676056338,0.9373239436619718,0.5077464788732394,0.6316901408450704,0.5588028169014084,0.4471830985915492,0.326056338028169,0.2718309859154929,0.4345070422535211,0.9845070422535211,0.9260563380281692,0.9971830985915492,0.6795774647887325,0.9507042253521129,0.3091549295774648,0.204225352112676,0.4820422535211268,0.1732394366197183,0.7422535211267607,0.7028169014084507,0.8514084507042254,0.3147887323943662,0.5091549295774648,0.9866197183098592,1.0,1.0,0.7443661971830986,0.9612676056338028,1421,1,1,1.0,0.0007037297677691766,1,0
807_YAHOO_id_257_WebService_tr_500_1st_1210.csv,0.9039048455202976,0.9793260587817216,0.9381872151845811,0.9216313391028051,0.9526945106400768,0.8049667628245328,0.8043396463062837,0.5324637317613612,0.9416990676867762,0.9470713658597768,0.9648605710941092,0.918035871064844,0.7253856766587232,0.5640495003971738,0.9325013587524562,0.9423888958568502,0.9215059157991554,0.9738701450729546,0.9805175801663948,0.8272503031063172,0.4747690120824449,0.980224925791212,0.8984698356954723,0.8378485722647268,0.7914837576821773,0.665391529746227,0.583009323132238,0.8581462435720557,0.8693507253647728,0.8876625276976462,0.9388561394707136,0.9386471006312972,1424,17,3,5.666666666666667,0.011938202247191011,0,1
810_Exathlon_id_1_Facility_tr_10766_1st_12590.csv,0.9769568944250452,0.8691567136204909,0.5157591048463326,0.5250409952646838,0.4747543552869563,0.9774160445177288,0.9841263703525068,0.8798486220704682,0.7535141708317636,0.9727939016507512,0.9918506613993616,0.9844588713287452,0.9773942789156476,0.979770214580536,0.982673036182178,0.9838619962484472,0.993456032186071,0.7299564160559211,0.922443497208179,0.9217225562408764,0.5029734608294166,0.9883906980610816,0.9981864971708408,0.6994173505222839,0.7273923201092172,0.5262502056991145,0.5280862537426462,0.6387866606997733,0.703904987051764,0.7232108463689518,0.3851019502903269,0.9041549561690972,43066,5437,3,1812.3333333333333,0.12624808433567083,0,1
811_Exathlon_id_2_Facility_tr_10766_1st_12590.csv,0.9767470271953648,0.936464606753076,0.5021958354499563,0.5658101381691468,0.9906753555458512,0.9645650768113866,0.9321898850285958,0.7693258762904471,0.98825909999514,0.976097932755121,0.9844010456032964,0.9671753800608696,0.8714012516213431,0.9146299955423284,0.9745104026258554,0.979590160800192,0.9672972635222444,0.980459631350528,0.9501274392376168,0.9524001019351624,0.4844510703179835,0.9859288315254564,0.9976483129656812,0.9353681786007982,0.9045271660497392,0.8883056973484574,0.94889857475289,0.925496776650214,0.8158490906785532,0.9201095261910944,0.990921111824102,0.9924715798204722,43066,5437,3,1812.3333333333333,0.12624808433567083,0,1
812_Exathlon_id_3_Facility_tr_10766_1st_12590.csv,0.9780295822832946,0.7595670513322589,0.7054604944228808,0.5554218263864231,0.9997929164016656,0.9600435674720198,0.3572678265840977,0.8778695506084537,0.9960722546235444,0.8722954302602761,0.9994613245657792,0.9704564578152792,0.6238391811269228,0.6913876885181337,0.8618754378689989,0.8322815092685907,0.991041296757131,0.9479464824071836,0.7449192141549165,0.6423015097209124,0.4862919255633223,0.9037540008346396,0.9986803192371072,0.9601458335419836,0.9335095926746708,0.9470578294842068,0.947493879591389,0.9467313307894316,0.8885237688366366,0.9657667526229542,0.9967026114856208,0.9967812374625086,43066,5437,3,1812.3333333333333,0.12624808433567083,0,1
814_Exathlon_id_5_Facility_tr_10766_1st_12590.csv,0.9767470271953648,0.936464606753076,0.5021958354499563,0.5658101381691468,0.9906753555458512,0.9645650768113866,0.8984598883830793,0.4523018805621946,0.98825909999514,0.976097932755121,0.9844010456032964,0.9671753800608696,0.8714012516213431,0.9146299955423284,0.9745104026258554,0.9816518613893532,0.9658177940107232,0.9163220352653294,0.9808346468578474,0.9534818078791606,0.4892444443936108,0.9858583071621888,0.997705322419954,0.9339092551724452,0.8805335029144035,0.8723311531219003,0.8545946166876828,0.9282417964148032,0.8158490906785532,0.9201095261910944,0.990899910768852,0.9923042882200148,43066,5437,3,1812.3333333333333,0.12624808433567083,0,1
815_Exathlon_id_6_Facility_tr_10766_1st_12590.csv,0.9780295822832946,0.7595670513322589,0.7054604944228808,0.5554218263864231,0.9997929164016656,0.9600435674720198,0.9792281127625158,0.911753089328568,0.9960722546235444,0.8722954302602761,0.9994613245657792,0.9704564578152792,0.6238391811269228,0.6913876885181337,0.8618754378689989,0.8348938947427508,0.9916138889919004,0.92039528464483,0.7149605931892493,0.8847597029384877,0.2123038406883448,0.9041985240321452,0.998678095264741,0.956749561350778,0.9623695810670996,0.9573095258215728,0.9463966180604554,0.946831521966495,0.8885237688366366,0.9657667526229542,0.9967466681338042,0.9968037411301444,43066,5437,3,1812.3333333333333,0.12624808433567083,0,1
816_Exathlon_id_7_Facility_tr_10766_1st_12590.csv,0.4985227862318788,0.9485780954470576,0.6166406664745643,0.5329316663277187,0.9485732124835548,0.5519915811843785,0.5002238269331489,0.5225165593438701,0.6613312176562016,0.8884884956573372,0.9801673671666395,0.4934232786941448,0.5852377172046889,0.5408597807760542,0.531507192475712,0.6041575682368611,0.5853491748791245,0.9200155401413252,0.9739759893980158,0.9727782409750114,0.4986519794749541,0.9801691463445328,0.9929272350994376,0.7662188182638847,0.8615644238873146,0.8681682116700451,0.8729488919957048,0.8880322025137702,0.8699593623549605,0.890657462588398,0.9890855892245908,0.9895164288822296,43066,5437,3,1812.3333333333333,0.12624808433567083,0,1
817_Exathlon_id_8_Facility_tr_10766_1st_12590.csv,0.8818686048483193,0.9049470031539788,0.8474753145543745,0.506317694511177,0.8560095763370279,0.924064636203358,0.8324503674254073,0.8309182142080621,0.7073272821635808,0.7378769176757721,0.9542014633415572,0.7307235838774085,0.8727423240656885,0.8249968217968531,0.8422517118025279,0.8939759690645541,0.6393207953200857,0.860078045397904,0.8823998629681097,0.9497120867369948,0.4848592132378577,0.9593980313875624,0.9864439890628852,0.697586451830154,0.691073233489096,0.6949776809220705,0.6588066131045162,0.696928160897587,0.657480727214329,0.7093586414154596,0.8526124096690242,0.862156816807921,43066,5437,3,1812.3333333333333,0.12624808433567083,0,1
818_Exathlon_id_9_Facility_tr_11665_1st_13484.csv,0.9029225263765038,0.9909227524804586,0.7880911089290008,0.5957881726764459,0.9837908877044932,0.3996068530802869,0.1426945165636297,0.2439751714866357,0.8670385159870928,0.9450626821514452,0.99995230668518,0.9399500712611688,0.4824374737284573,0.360413717756289,0.8994015851767773,0.657324563886144,0.4537357274612031,0.9614148509625692,0.9878810560747804,0.9861726912218436,0.5041192748029603,0.98858164876828,0.9999453014611102,0.7856021692172243,0.9405726615265658,0.9576078240652578,0.9408661624529736,0.9584557373238088,0.9139332860258134,0.9475316682985636,0.9987768972489666,0.9989140028384512,46660,2928,3,976.0,0.06275182168881269,0,1
819_Exathlon_id_10_Facility_tr_10766_1st_12590.csv,0.8277761127312138,0.9606811045877358,0.66920120577623,0.5719349629537281,0.9902652037190702,0.819172907805206,0.9569374821278772,0.8569319065558368,0.9709786538586582,0.9539509071932764,0.9993513967888176,0.7017575877648048,0.7687376942537829,0.8208199744078946,0.7479447037180756,0.6540881355751933,0.5624664543706637,0.9881939889272472,0.9783863685489876,0.969692528195314,0.4938939372328426,0.9846873246132012,0.9978403566453978,0.980228792794611,0.8462573426463911,0.9009217598065562,0.8724526528869437,0.9217605666169344,0.8789639405267167,0.8952980717577931,0.9897947138112444,0.9900601290276426,43066,5437,3,1812.3333333333333,0.12624808433567083,0,1
820_Exathlon_id_11_Facility_tr_11665_1st_13484.csv,0.8402153334030577,0.9745401574118364,0.7698738753530571,0.6180724074017151,0.9689613750219294,0.9452106079616084,0.750518265532136,0.7465963123500866,0.9233714704916534,0.929719070366,0.9932675110921516,0.6047718102536114,0.726598029840474,0.7175593657206162,0.920007295585531,0.9059461708586176,0.2609855970718819,0.840614951369219,0.932950427160914,0.9335212318735726,0.5026339252021378,0.9863110346352024,0.9954834969728686,0.6295317591087594,0.8677881647731163,0.8813441363103833,0.8710609203336868,0.8195178639305276,0.8824934889683262,0.9123951551464236,0.9892596638667012,0.990353884552158,46660,2928,3,976.0,0.06275182168881269,0,1
821_Exathlon_id_12_Facility_tr_6985_1st_7085.csv,0.5511425166145013,0.952948360734996,0.7452531946203362,0.541024983748451,0.7465592067848634,0.5718337314277937,0.3398595015103661,0.3811705676100114,0.6059849583837751,0.8217586206135353,0.9719260378808224,0.5698050446794906,0.4637111020736034,0.0610406545541726,0.0817495661227645,0.0522760377684777,0.1368400630376014,0.7233256164344305,0.9666261713266264,0.9656565773628724,0.5513165868565915,0.9672822151506812,0.9913954423959208,0.6117816620205231,0.7028846371409794,0.6835513421822332,0.612495144540534,0.7323460785842958,0.6543710162714163,0.5326298627963638,0.8869460908200143,0.8787121968432242,46649,4856,5,971.2,0.10409655083710262,0,1
822_Exathlon_id_13_Facility_tr_10766_1st_12590.csv,0.8818686048483193,0.9049470031539788,0.8474753145543745,0.506317694511177,0.8560095763370279,0.924064636203358,0.7754054053565269,0.710237530855356,0.7073272821635808,0.7378769176757721,0.9542014633415572,0.7307235838774085,0.8727423240656885,0.8249968217968531,0.8422517118025279,0.8941558762093578,0.6304383083433869,0.8726566326996678,0.8822735437816307,0.8830059076575489,0.5236064939856235,0.9588872582527984,0.9865238663297196,0.7862023610638884,0.682512105631473,0.6228670999131023,0.7603206993569,0.6964670752157669,0.657480727214329,0.7093586414154596,0.8528576380593287,0.8623210021788428,43066,5437,3,1812.3333333333333,0.12624808433567083,0,1
823_Exathlon_id_14_Facility_tr_10766_1st_12590.csv,0.8805494226462648,0.9771623821399124,0.7548051012529895,0.6246987806614488,0.95562439018861,0.8660142382230143,0.3374583132876439,0.53840010155391,0.7317908120056948,0.9868997616502828,0.9999856932590856,0.9615025251153322,0.5277093710761093,0.6802311800212126,0.9144195466583364,0.6486279437103112,0.9235616738550584,0.9475471058487136,0.995176927339543,0.9944122523222464,0.4876611007090303,0.9959094696220356,0.9999853168945312,0.870677050457187,0.9297604347231532,0.9634957249116868,0.9348284278392792,0.9553212260962012,0.9402539623941326,0.9359501603980194,0.9968946013989726,0.9977133800429118,43066,5437,3,1812.3333333333333,0.12624808433567083,0,1
824_Exathlon_id_15_Facility_tr_10766_1st_12590.csv,0.9606365787058224,0.8866688414672482,0.8117057324031497,0.507419839005614,0.9873158766557162,0.975788864138276,0.8430142923755195,0.6159340346921017,0.9364342214251308,0.8470422387047414,0.9880137591842544,0.9017367088189592,0.7442942461489583,0.6262510156160839,0.9320414385390352,0.805988578860787,0.2318989801561691,0.8730270365192344,0.9045225079273984,0.6689933083506452,0.5069514191028365,0.9768177788437205,0.9967380899546772,0.9060581339631312,0.782547179386437,0.798371859646541,0.8408657028967553,0.878514316856323,0.7934136916624983,0.7934218177153749,0.9935288904983606,0.9928303285584842,43066,5437,3,1812.3333333333333,0.12624808433567083,0,1
826_Exathlon_id_17_Facility_tr_11665_1st_13484.csv,0.8402153334030577,0.9745401574118364,0.7698738753530571,0.6180724074017151,0.9689613750219294,0.9452106079616084,0.6925175756932813,0.7840421089407463,0.9233714704916534,0.929719070366,0.9932675110921516,0.6047718102536114,0.726598029840474,0.7175593657206162,0.920007295585531,0.9094948010460135,0.2612355047310019,0.8294510061344832,0.932950427160914,0.9335212318735726,0.4558417813055576,0.9863110346352024,0.9954834969728686,0.921319361558404,0.8868837612939519,0.8819352772588029,0.8900647226474818,0.825695581263973,0.8824934889683262,0.9123951551464236,0.9892801875332066,0.990306964389158,46660,2928,3,976.0,0.06275182168881269,0,1
827_Exathlon_id_18_Facility_tr_10766_1st_12590.csv,0.9606365787058224,0.8866688414672482,0.8117057324031497,0.507419839005614,0.9873158766557162,0.975788864138276,0.886692051429405,0.4419969310843215,0.9364342214251308,0.8470422387047414,0.9880137591842544,0.9017367088189592,0.7442942461489583,0.6262510156160839,0.9320414385390352,0.8113082327795997,0.2139404130741753,0.7683754824730864,0.8965190741336163,0.7979360368244464,0.212844261085499,0.9760623516411864,0.996753225186396,0.8523820427907631,0.8042686123990721,0.8059453189323742,0.7538244834067784,0.8804489895205592,0.7934136916624983,0.7934218177153749,0.9936920323130184,0.993136831053368,43066,5437,3,1812.3333333333333,0.12624808433567083,0,1
828_Exathlon_id_19_Facility_tr_11663_1st_13482.csv,0.784948945672799,0.9616187605393371,0.8578679338691141,0.611214731725159,0.960071630317081,0.93785261057047,0.6509029972284603,0.764259256137585,0.8292646784857807,0.9234673728866571,0.9968084312772432,0.6545008540124678,0.6919279360564936,0.7874050677729107,0.90667061596404,0.8362976346839548,0.1178021560186512,0.7869282626422608,0.9606777581339956,0.96090204137525,0.5014825076844669,0.9965077131517732,0.9968436975730114,0.4869437793467347,0.8051079022921199,0.784497949975815,0.812901198740509,0.7554460776630267,0.8450701606811288,0.8480448230583459,0.9915715027716796,0.9921213162747528,46655,2948,3,982.6666666666666,0.06318722537777302,0,1
829_Exathlon_id_20_Facility_tr_10766_1st_12590.csv,0.4985227862318788,0.9485780954470576,0.6166406664745643,0.5329316663277187,0.9485732124835548,0.5519915811843785,0.4977606968879485,0.4911955255748439,0.6613312176562016,0.8884884956573372,0.9801673671666395,0.4934232786941448,0.5852377172046889,0.5408597807760542,0.531507192475712,0.6022282013352701,0.5867005093673887,0.8610177885871635,0.973977712365618,0.972777253629038,0.5003714962543442,0.9801691463445328,0.992927232655512,0.7939309485320836,0.8723461783769639,0.8601930443206459,0.8674821528539334,0.8873208539547505,0.8699593623549605,0.890657462588398,0.9890819379996292,0.9894939398781478,43066,5437,3,1812.3333333333333,0.12624808433567083,0,1
830_Exathlon_id_21_Facility_tr_10766_1st_12590.csv,0.9485313064899674,0.9515436135180236,0.6064168773245063,0.5649539381352378,0.925799334649055,0.9827707076718684,0.8001011203576062,0.6752554133283681,0.8469500245010881,0.9664948542924912,0.9985304748220594,0.6443421094557767,0.7145177782957923,0.7725847851950384,0.9113333011028416,0.8718854177372588,0.0783902798076413,0.7498986320727228,0.9532486598134788,0.9533142230076218,0.5017535582201481,0.9960893621032852,0.9989355799423169,0.5266149273914814,0.7745810667816719,0.8043654505101068,0.836483646400457,0.7510682509111822,0.853438075295522,0.8359704855503066,0.9943214800347426,0.995691183068397,43066,5437,3,1812.3333333333333,0.12624808433567083,0,1
831_Exathlon_id_22_Facility_tr_11665_1st_13484.csv,0.8402153334030577,0.9745401574118364,0.7698738753530571,0.6180724074017151,0.9689613750219294,0.9452106079616084,0.7712674151276103,0.8284740897613331,0.9233714704916534,0.929719070366,0.9932675110921516,0.6047718102536114,0.726598029840474,0.7175593657206162,0.920007295585531,0.906238293388093,0.2610874188237446,0.834930247179917,0.932950427160914,0.9335212318735726,0.5034111692604583,0.9863110346352024,0.9954834969728686,0.8434264632968118,0.9012247552654294,0.8831211398638203,0.8766620889831207,0.822486548251671,0.8824934889683262,0.9123951551464236,0.9892851349238956,0.9904072164085372,46660,2928,3,976.0,0.06275182168881269,0,1
832_Exathlon_id_23_Facility_tr_10766_1st_12590.csv,0.4985227862318788,0.9485780954470576,0.6166406664745643,0.5329316663277187,0.9485732124835548,0.5519915811843785,0.4832551768345681,0.4977315506303219,0.6613312176562016,0.8884884956573372,0.9801673671666395,0.4934232786941448,0.5852377172046889,0.5408597807760542,0.531507192475712,0.6035706643733258,0.5873979471014537,0.9084235802990126,0.9739762802251716,0.9727782409750114,0.5018374630764988,0.9801691463445328,0.9929272350994376,0.8801836867247418,0.8777739857826968,0.8721256874023643,0.8637565054674308,0.8876896007927079,0.8699593623549605,0.890657462588398,0.9890292274106226,0.9894090330122696,43066,5437,3,1812.3333333333333,0.12624808433567083,0,1
833_Exathlon_id_24_Facility_tr_10766_1st_12590.csv,0.9780295822832946,0.7595670513322589,0.7054604944228808,0.5554218263864231,0.9997929164016656,0.9600435674720198,0.9300717639712496,0.8593493840693868,0.9960722546235444,0.8722954302602761,0.9994613245657792,0.9704564578152792,0.6238391811269228,0.6913876885181337,0.8618754378689989,0.8339387426020964,0.990955221694779,0.9344461465409216,0.7737049511974192,0.654831951686835,0.5028393357443247,0.9037578109147706,0.998681736714,0.9569523974062852,0.9623649302765356,0.954766919313349,0.9527219718347048,0.9478487473754256,0.8885237688366366,0.9657667526229542,0.9967131008146272,0.9968174466653424,43066,5437,3,1812.3333333333333,0.12624808433567083,0,1
834_Exathlon_id_25_Facility_tr_11665_1st_13484.csv,0.8402153334030577,0.9745401574118364,0.7698738753530571,0.6180724074017151,0.9689613750219294,0.9452106079616084,0.7500016243997842,0.8735745579508372,0.9233714704916534,0.929719070366,0.9932675110921516,0.6047718102536114,0.726598029840474,0.7175593657206162,0.920007295585531,0.9040039705328882,0.2615712088133435,0.8487517651290348,0.932950427160914,0.9335212318735726,0.5028873393780997,0.9863110346352024,0.9954834969728686,0.4818259653058195,0.8510304583081552,0.8846230966095527,0.8951259618945799,0.816978064105313,0.8824934889683262,0.9123951551464236,0.9892794924775296,0.9903783208354512,46660,2928,3,976.0,0.06275182168881269,0,1
835_Exathlon_id_26_Facility_tr_10766_1st_12590.csv,0.8891944920191236,0.8892684085512315,0.9292251343502927,0.5428476454826554,0.6872649887464799,0.9468536077228404,0.9120700029468368,0.9283490603127764,0.7269009688518104,0.9226315548451162,0.984733641892636,0.8992456104883084,0.9678614535405354,0.7754300156880966,0.9581562336481516,0.9816298611704068,0.773405765816013,0.4260777319986508,0.0439613375259171,0.0443617894116851,0.5028505606949603,0.0159963953660373,0.0057168358320249,0.3467273291055276,0.7134479205034772,0.5926654207631321,0.6025603308348054,0.6372915525078433,0.694467215721942,0.5783710461125616,0.7347110172506792,0.8021275306599885,43066,5437,3,1812.3333333333333,0.12624808433567083,0,1
836_Exathlon_id_27_Facility_tr_10766_1st_12590.csv,0.9780295822832946,0.7595670513322589,0.7054604944228808,0.5554218263864231,0.9997929164016656,0.9600435674720198,0.9777547970558496,0.8621370430052664,0.9960722546235444,0.8722954302602761,0.9994613245657792,0.9704564578152792,0.6238391811269228,0.6913876885181337,0.8618754378689989,0.8292164501047914,0.9911554329741088,0.9254175959021974,0.7523271194714484,0.6607954920402734,0.500117232670811,0.9029285038390138,0.9986788626574036,0.9579718467875816,0.9738038588247172,0.9579536053263268,0.9207619859169957,0.947621743338896,0.8885237688366366,0.9657667526229542,0.996711218991856,0.9968308393780536,43066,5437,3,1812.3333333333333,0.12624808433567083,0,1
837_Exathlon_id_28_Facility_tr_8898_1st_8998.csv,0.1068472802889953,0.930167166251133,0.4268410589316613,0.5011779304771552,0.9530829969687382,0.0224111222924604,0.0270355746201678,0.5765089581913764,0.6794808758506049,0.9465057934782364,0.9998731121510612,0.1728789691693902,0.4720395854025636,0.4371144247406145,0.1543082433723969,0.0766753140456229,0.8740094538930543,0.2079190717942581,0.0313942061905846,0.0336224580349137,0.5032227295752713,0.0295583534112873,0.0089265971374627,0.1066697268570607,0.1528309234469216,0.2172857854252364,0.1645711238489417,0.1596365052308345,0.1115433267909547,0.1987919791131938,0.1385901560886432,0.1417169459242166,46650,3891,4,972.75,0.08340836012861737,0,1
838_Exathlon_id_29_Facility_tr_10766_1st_12590.csv,0.8818686048483193,0.9049470031539788,0.8474753145543745,0.506317694511177,0.8560095763370279,0.924064636203358,0.8117431220220857,0.7772260371168866,0.7073272821635808,0.7378769176757721,0.9542014633415572,0.7307235838774085,0.8727423240656885,0.8249968217968531,0.8422517118025279,0.8940102035754407,0.6538162024090137,0.8554210692582485,0.8819114199822587,0.7381186854673176,0.5163664081574955,0.9592612253160024,0.986519002917622,0.6931619296812882,0.689749556907721,0.616067688099538,0.6260369717174209,0.6951629427080328,0.657480727214329,0.7093586414154596,0.8522979619717639,0.862041446408476,43066,5437,3,1812.3333333333333,0.12624808433567083,0,1
839_Exathlon_id_30_Facility_tr_10766_1st_12590.csv,0.4985227862318788,0.9485780954470576,0.6166406664745643,0.5329316663277187,0.9485732124835548,0.5519915811843785,0.5023654487798073,0.4911955255748439,0.6613312176562016,0.8884884956573372,0.9801673671666395,0.4934232786941448,0.5852377172046889,0.5408597807760542,0.531507192475712,0.5976392811939484,0.5879076962313586,0.9025419798856804,0.9739761287017794,0.9727783240684844,0.5012283781435171,0.9801691463445328,0.992927239987289,0.7664910324815172,0.8776267979148603,0.8643487615281991,0.8694379508117237,0.8855886751964267,0.8699593623549605,0.890657462588398,0.9890420091419144,0.9894556728898938,43066,5437,3,1812.3333333333333,0.12624808433567083,0,1
840_Exathlon_id_31_Facility_tr_10766_1st_12590.csv,0.9606365787058224,0.8866688414672482,0.8117057324031497,0.507419839005614,0.9873158766557162,0.975788864138276,0.8113946597672494,0.5839095535757706,0.9364342214251308,0.8470422387047414,0.9880137591842544,0.9017367088189592,0.7442942461489583,0.6262510156160839,0.9320414385390352,0.8375229086872187,0.2199861915266525,0.8343667839648347,0.8926914368407514,0.7726436080421637,0.4725853541409361,0.9761777367041852,0.9965350046187508,0.8572891864945167,0.8023481804897572,0.7871303318631604,0.8005930361618445,0.8799464670788816,0.7934136916624983,0.7934218177153749,0.9936420051544054,0.9930162086576428,43066,5437,3,1812.3333333333333,0.12624808433567083,0,1
841_Exathlon_id_32_Facility_tr_11663_1st_13482.csv,0.9104688324953086,0.9688390107257658,0.7558574142994088,0.6033161447394594,0.9841041828465544,0.5509104214666936,0.0690789589079046,0.3445281548130779,0.9092030448907348,0.9366047044679758,0.9998517946338048,0.9518878007767214,0.5951115310573596,0.6413112089481768,0.9399689220425184,0.7331015303927018,0.5378581356752141,0.9269964588417028,0.9749633592189808,0.9724194827160848,0.4949352508015709,0.9749310925762305,0.9997613859455554,0.7073026362580547,0.8581991879190338,0.9471696531413902,0.8923094453539899,0.9426365371428136,0.8752068945670316,0.9222812604124436,0.989811944340472,0.989960894769254,46655,2948,3,982.6666666666666,0.06318722537777302,0,1
842_OPPORTUNITY_id_1_HumanActivity_tr_7295_1st_27516.csv,0.5558510727684441,0.9952356120472716,0.4023776514626369,0.7333794411605309,0.2634797650706426,0.8220492040885774,0.9060349789311384,0.896429741754156,0.4727751660511955,0.9014818572526876,0.9998911897289826,0.5237974154409757,0.8817987514126431,0.8410393271408105,0.8790385835339392,0.9035441059702808,0.5025668090862878,0.9866868112708956,0.9991388129177536,0.9992732503182388,0.4854964626158997,0.9994590995214868,0.9999532619974878,0.7111570964042196,0.1786801713236622,0.2379856025946418,0.1951510110112633,0.2437225611165026,0.3167362485243394,0.2134327644950825,0.1658768469388183,0.1735145717538619,29182,330,1,330.0,0.011308340758001507,0,1
843_OPPORTUNITY_id_2_HumanActivity_tr_808_1st_908.csv,0.2152521371445513,0.8680045093833009,0.2080557101338322,0.5295365712534559,0.2915516548972057,0.2202866932258574,0.7205334591594359,0.288749332055896,0.3663921503983325,0.97383650498455,0.976067853164036,0.2302487130667014,0.1786967041452915,0.1149107803689153,0.138617679304962,0.1081288382585107,0.8448391568471048,0.7828689900242617,0.0060875015073686,0.0061039857593763,0.4843394627461435,0.0045677972945913,0.0004125488304478,0.072682496711447,0.3074196282082061,0.3006257377809099,0.1644345624979947,0.2089020492469794,0.1031346630629952,0.2706042086839924,0.2151499126555908,0.2196178640613435,9057,1142,1,1142.0,0.12609031688196976,0,1
844_OPPORTUNITY_id_3_HumanActivity_tr_500_1st_566.csv,0.5901345237168097,0.9705287774510644,0.385822219023781,0.6180759282102658,0.5414245830787215,0.387740943439087,0.7523325227538036,0.7621592210662611,0.5631113058029222,0.96278216131664,0.9992405657992522,0.6138643251259985,0.5366664127004156,0.5851835197215591,0.5432069825415338,0.5211968049261754,0.6583567477541943,0.6076188326161955,0.9986118937042798,0.9978465093700168,0.4939798731980778,0.9989689721309828,0.9996670037704836,0.8105179629953803,0.3862272858054038,0.4107429273333078,0.3641940822295777,0.4736196781688967,0.6943084050670633,0.4257650428177241,0.3396028845683956,0.3407449229165484,15653,967,2,483.5,0.06177729508720373,0,1
845_OPPORTUNITY_id_4_HumanActivity_tr_7295_1st_27516.csv,0.5626853240571528,0.997812713997034,0.5458857954282882,0.6699569695289229,0.1803267669065534,0.8070206781526621,0.8894177810266817,0.8660469942738069,0.1776976229787127,0.8831049998109475,0.9993039713648336,0.6073587672090376,0.8504462691520781,0.9547380781333368,0.8936161140029156,0.9126345949443134,0.5746443710640299,0.896117384856467,0.9983766683891458,0.9980319099773556,0.4870435430136664,0.999169638993568,0.9999499010624756,0.7977039562406261,0.1762962181078776,0.2731017544080763,0.2309092064412319,0.2115209701338912,0.2812419390074318,0.242779556272555,0.138160371215272,0.1453492011477593,29182,330,1,330.0,0.011308340758001507,0,1
846_OPPORTUNITY_id_5_HumanActivity_tr_2085_1st_2185.csv,0.4822561097243166,0.9736341135729764,0.7029007579279094,0.6046032648181631,0.3216927239652724,0.8067069368292754,0.8496387992657716,0.8377392716095925,0.3533208071936811,0.9199742324641672,0.9990636277872128,0.4154716049258452,0.7884079030203651,0.8126939313609943,0.8195305408437403,0.8515977862429175,0.4620705486947865,0.9945122171610324,0.9774715925728008,0.9793165998382208,0.4879453158170213,0.9792942957300556,0.9985417688461709,0.2800924167862319,0.1803475014366133,0.259734227678506,0.2038695854775778,0.2498765267447989,0.2993672839223753,0.2495714465781151,0.1890402988338725,0.1908358367311831,22194,818,2,409.0,0.03685680814634586,0,1
847_OPPORTUNITY_id_6_HumanActivity_tr_808_1st_908.csv,0.5434618920602329,0.7489615474397964,0.5218514802083876,0.5574373847346975,0.1783215491214115,0.6846814833171626,0.7924075084108407,0.6835832338562198,0.242985176342775,0.9559872684045568,0.9958166508646488,0.5317897140480123,0.5329324377996068,0.7220494018650436,0.7658157547408819,0.7618833202602521,0.6741406339024643,0.1430459136203068,0.0035578326195688,0.0045733289227817,0.5087501507368681,0.003456991037656,0.0007156820552875,0.3358567330425172,0.161921211913357,0.2094317579625021,0.2015171043475278,0.1745260777547785,0.1784680819521779,0.1918042290403842,0.1299573068936257,0.1291704880998082,9057,1142,1,1142.0,0.12609031688196976,0,1
848_OPPORTUNITY_id_7_HumanActivity_tr_1477_1st_1577.csv,0.5025188014117903,0.9833810715729536,0.4360029474420618,0.7173645337851982,0.685805543370119,0.3638250945446517,0.4138968452621589,0.341273077066435,0.7064805018679557,0.9341666738345704,0.99543748584339,0.5253161762386854,0.4011604836328083,0.0955444309687852,0.2466939477087078,0.1760038649337542,0.4481592106130851,0.6692796543350049,0.0158895225315889,0.0206333129764864,0.5021017727659794,0.0157070276996476,0.0045114070021819,0.8138433010204228,0.5280518784208821,0.6125378106927922,0.5009151979631684,0.4536752710184444,0.478977541523667,0.489935259492455,0.6493934519764778,0.6462668123184727,18011,396,2,198.0,0.021986563766587086,0,1
849_OPPORTUNITY_id_8_HumanActivity_tr_1100_1st_1200.csv,0.5659944900909415,0.9936222084716816,0.5415639439873774,0.5821843180803477,0.3498839662675879,0.7600501386011148,0.807602430992033,0.7792205610798534,0.2494136002479431,0.8986568072761792,0.9999066691085317,0.5636234248888157,0.5819830606463863,0.7192827581946961,0.7754799767986719,0.8215339968270206,0.2647188505101908,0.9972538502717838,0.031900742529194,0.0436401838117365,0.564076601227579,0.0252863727687279,0.0698754770847601,0.9702664576632656,0.2861384932899288,0.4089026156490303,0.2798374051248818,0.3537837142606351,0.3463461294636278,0.3739848402998725,0.2892404924403333,0.2898580476423723,24892,608,2,304.0,0.02442551823879158,0,1
850_OPPORTUNITY_id_9_HumanActivity_tr_895_1st_995.csv,0.4332404331471182,0.9702765662789552,0.6424221745598326,0.6774184595094601,0.610363794194185,0.4881033846358022,0.3551457355719981,0.628635652934858,0.5087524608819074,0.8912555785572844,0.9962910111094204,0.4258443086034441,0.429355023229832,0.387371444741457,0.4372548888244458,0.3775665191812406,0.3276774921543687,0.5714907927684606,0.9800800562250302,0.9807303096747312,0.4962316723915768,0.9840999353335588,0.9999137036388352,0.364589524419318,0.4484030706829408,0.483708172185646,0.4354480886711859,0.5348783253210112,0.4591698577178775,0.4628705519489738,0.4744234174826538,0.4742039280317061,14751,438,1,438.0,0.029692902176123654,0,1
851_OPPORTUNITY_id_10_HumanActivity_tr_6213_1st_7311.csv,0.4302828809941005,0.1245050347766869,0.8465412691003972,0.4516574400685586,0.1362291110328943,0.8664799507999785,0.925651297717517,0.7229151203984973,0.3513319585893443,0.2974936587064143,0.0711056040584278,0.3764416161021034,0.8952001285474899,0.903819935955804,0.891073433710049,0.9001051143537044,0.5979747075162024,0.1454819478770534,0.1251735008531574,0.1207579328339365,0.4641523708595084,0.0737964215209922,0.0626074576673221,0.289220422599873,0.1233292173906389,0.1499763994842797,0.1563376112356627,0.1736710064197228,0.2441772960647634,0.2188437325447046,0.0575951098392391,0.059680802427099,24852,872,1,872.0,0.03508771929824561,0,1
853_OPPORTUNITY_id_12_HumanActivity_tr_808_1st_908.csv,0.5419466684662897,0.7970489316766476,0.602323837002831,0.558338929497186,0.1244222490936426,0.9032277050491596,0.936360830319518,0.852828376810087,0.3263094746833972,0.9587569546395426,0.9995216247940852,0.5923463286030537,0.6107354520944404,0.9509800385665116,0.9386944029879644,0.9336607319671688,0.5333960988745349,0.9698339294584648,0.9969491964203728,0.993644767688211,0.511542018800898,0.9985570194702248,0.9998703386352146,0.7566905596126974,0.120263073173484,0.1279638740426134,0.1288459474738713,0.1717991510057053,0.2532220627884053,0.1877290232361573,0.0809365710321907,0.0816823451448346,9057,1142,1,1142.0,0.12609031688196976,0,1
854_OPPORTUNITY_id_13_HumanActivity_tr_1477_1st_1577.csv,0.5441293433913361,0.9914207358856806,0.7203987791626169,0.6335542481298939,0.4513528701720584,0.8427913824592791,0.847879160609788,0.8356054154947145,0.4870708934362071,0.9010495244812587,0.999894631813451,0.485096566000625,0.55793092721137,0.7961069680626877,0.7965160403352286,0.7941078396797953,0.3335798375466272,0.9996061953626528,0.9994347391026358,0.9933849565768385,0.4972033706351049,0.9996479125630418,0.9998369301874837,0.9966418370477412,0.3716333789212018,0.4662253388268149,0.4137481112573363,0.4997448226230515,0.5242366182403082,0.5114649188449927,0.4149885170180373,0.4224725254245549,18011,396,2,198.0,0.021986563766587086,0,1
855_OPPORTUNITY_id_14_HumanActivity_tr_808_1st_908.csv,0.5457431355259971,0.6388986307007577,0.8013597848417899,0.5144678075834197,0.2153792539603692,0.8190569569628264,0.77655142810045,0.6514891696251659,0.4407547685400816,0.8638845527070129,0.9366932811737672,0.5349176285246152,0.5739011144018152,0.8343203233126044,0.6199929637689416,0.5632927791231926,0.5846406599011166,0.6124457208983808,0.9457016483145684,0.9451926832047598,0.5039000744557154,0.9457536456195588,0.9573168505564263,0.5730083096118678,0.1744806077710525,0.2015533918284575,0.182851897293153,0.2859106111010927,0.2954950973179348,0.2371993145206346,0.1266854594515059,0.1261665927272365,9057,1142,1,1142.0,0.12609031688196976,0,1
856_OPPORTUNITY_id_15_HumanActivity_tr_808_1st_908.csv,0.5648178490153148,0.7127455904625879,0.7541861702657282,0.5826357765797501,0.1622780572479265,0.8580050404196073,0.8751315697765112,0.7027650396673057,0.4249855901085637,0.9493355961380384,0.9978379078054592,0.6177492247423091,0.5327599616326268,0.7838089242863924,0.8727500932079351,0.846361239660004,0.7164716398954301,0.9820326078418572,0.9831279808561412,0.9829793460066624,0.4862116976235019,0.9936255729383898,0.998524382863901,0.5288435688737494,0.1602541451255845,0.1571968695409744,0.1661605964422779,0.1905670250792959,0.2122885120252065,0.1855051427547287,0.1182203535152943,0.1183934381613753,9057,1142,1,1142.0,0.12609031688196976,0,1
857_OPPORTUNITY_id_16_HumanActivity_tr_500_1st_566.csv,0.34646627555864,0.9550443471548714,0.5447503556349031,0.6884359401584158,0.8946962270238586,0.6330520269816373,0.5711056446557732,0.7827761872417589,0.7842655162230214,0.8735782525647894,0.995858566241745,0.2914670437948135,0.4631693072819354,0.5964018099109085,0.5994666567896798,0.5389978792175004,0.4499282533604875,0.972856124644946,0.9689024897752764,0.9678479078274322,0.4778117760817589,0.9732341869744606,0.9859709230706182,0.2685582551870729,0.2293042385652869,0.2830927061784637,0.1972850209719321,0.2668006772871503,0.2652272366551884,0.2526911503276939,0.1646670227827443,0.1648729185271102,15653,967,2,483.5,0.06177729508720373,0,1
858_OPPORTUNITY_id_17_HumanActivity_tr_808_1st_908.csv,0.534372431250159,0.8378210142129654,0.8402807633204374,0.5145897246687385,0.1762417675543454,0.9232453951961128,0.9350470686242728,0.8437244231341542,0.3303528736255287,0.959070044795125,0.998571622968648,0.50468739109607,0.5325201102342866,0.8596135825811241,0.8611756590658407,0.8577493132483602,0.2855584676504852,0.999361539474252,0.9581568836134364,0.9503024694294568,0.4846817045822901,0.9569395935138342,0.9902554837796068,0.1130514341852409,0.0904454952079505,0.104889516790151,0.098512102649318,0.0979546251602789,0.2716562690495445,0.1245545656399595,0.0611035819505184,0.0612718540800736,9057,1142,1,1142.0,0.12609031688196976,0,1
859_OPPORTUNITY_id_18_HumanActivity_tr_895_1st_995.csv,0.5006032769647416,0.982083934297364,0.6334634637796147,0.73209709409366,0.3566778548862084,0.6473744850531831,0.5636966043259202,0.4981919237452812,0.4302824299651592,0.931460750149862,0.9988259866577212,0.5246197456921207,0.5748430315449091,0.609579948872995,0.6248045570859203,0.6339742233885789,0.5836226095828202,0.3401842435286502,0.000734077364289,0.0020449525880454,0.5007683725909996,0.0015857155754882,0.0008876880774159,0.389005093877999,0.369274810682373,0.3763771926214537,0.374256790534645,0.3417560815007718,0.380709397562072,0.3887390267237977,0.3490742043427647,0.3475294835266467,14751,438,1,438.0,0.029692902176123654,0,1
860_OPPORTUNITY_id_19_HumanActivity_tr_808_1st_908.csv,0.6145234004467343,0.8859073474404603,0.5600148468900633,0.565007749811095,0.149234477974716,0.9308388271620646,0.9385950549456628,0.7818310353105954,0.2173951452218348,0.9708868195682456,0.9995132167192357,0.6236602119941187,0.7632697675499202,0.8720595247446323,0.9363473331467332,0.9392587396959592,0.5145812612776071,0.99826506013433,0.9983935598571954,0.998411924862788,0.4748923821735538,0.9985952983373032,0.9999455687786054,0.0917369644415876,0.1621731775774345,0.1701748437038455,0.1877915859509919,0.2326742767119559,0.3026605472107871,0.2689157898114047,0.0855746200048014,0.0864538169894003,9057,1142,1,1142.0,0.12609031688196976,0,1
861_OPPORTUNITY_id_20_HumanActivity_tr_2085_1st_2185.csv,0.5560891702231234,0.9816842381099656,0.5718696698900487,0.5932093255420698,0.3184762999978039,0.723826901133552,0.7808187300521208,0.7137906529544822,0.3449638010043483,0.856423251449424,0.9964504441605786,0.5628648437385619,0.652405515222611,0.7357471601723203,0.7645760206359897,0.8119530918297879,0.5381989306838645,0.3731834161749849,0.0052784101723203,0.0084072476227252,0.4988496227288698,0.0037655625484971,0.0075996387420757,0.6329810675867092,0.3609171861045635,0.4334239528278406,0.3144084309986384,0.3163117148953925,0.3746690985388636,0.410179898073657,0.303163614702136,0.3064569592477636,22194,818,2,409.0,0.03685680814634586,0,1
862_OPPORTUNITY_id_21_HumanActivity_tr_500_1st_566.csv,0.4117481126106073,0.9569278284716636,0.585656361692632,0.6266367620232483,0.5436100776812816,0.8430539620073061,0.8669931799499231,0.8723942112031227,0.5228832628870386,0.933242036925754,0.999449559837993,0.4167224946452319,0.5684463926769842,0.8140284009378819,0.8636537819400703,0.86797393095113,0.6893269814543139,0.9985361967394396,0.996789920572407,0.992793332076177,0.5102886962532186,0.9971649902312189,0.999442940754556,0.3326131324587036,0.2210353133734637,0.3006644010623769,0.235413018835799,0.3117902001230586,0.3629415967285391,0.3360498450782396,0.1997195057769811,0.2002260769072713,15653,967,2,483.5,0.06177729508720373,0,1
863_OPPORTUNITY_id_22_HumanActivity_tr_808_1st_908.csv,0.2195972310881929,0.8588266531547429,0.3014826423039011,0.5346081339273564,0.1554705036989997,0.2009291475871591,0.888362505296534,0.7113983624167904,0.7596668521605986,0.9698175558390209,0.9993065550900384,0.2295620720594141,0.141694204955675,0.1373876664605213,0.1144101680176746,0.0703847689936751,0.8716988625866116,0.7167319583180752,0.9995323561527748,0.9995009918209344,0.473620992750248,0.9997443281450348,0.9998733257144374,0.6809916107326862,0.2570964151730348,0.19136623472026,0.1178309822069648,0.2066645609602021,0.6029783945666135,0.1617945929440763,0.0893331954114037,0.0891430733504961,9057,1142,1,1142.0,0.12609031688196976,0,1
865_OPPORTUNITY_id_24_HumanActivity_tr_2085_1st_2185.csv,0.4980307188190855,0.980892842600252,0.6673668822196683,0.6196156453138955,0.3884417137607426,0.7787686679666339,0.768455848846317,0.7576054149341902,0.4817619593484181,0.8590748667701271,0.9997251447593812,0.4755359391241965,0.5886104471985125,0.7468227511968727,0.7378932157079485,0.7403862431005959,0.3183543708731681,0.92217496165981,0.0538627627080801,0.0563960518754666,0.5145406200130302,0.0392033018315447,0.0224609803925157,0.054438609028886,0.2723582957099248,0.3584636198263619,0.3045815840812262,0.3193018379500168,0.3562301207487226,0.3770783139558292,0.2761924576885349,0.2790592218679999,22194,818,2,409.0,0.03685680814634586,0,1
866_OPPORTUNITY_id_25_HumanActivity_tr_6213_1st_7311.csv,0.4015068941243085,0.9510620471187764,0.6266789124729324,0.5967013317672984,0.3733824440856677,0.8736293767359649,0.8428301298482681,0.8132012246443902,0.3992628365763518,0.9309614854886716,0.9998795345509636,0.3528936575586688,0.684126250086081,0.8821327597156652,0.8263884850525285,0.8085283225317733,0.3493364118416724,0.4362237309761193,0.9955163802404144,0.995496055581486,0.5060527073402147,0.9974874895746456,0.999731379743058,0.6478280352128302,0.2371847764957035,0.2385603015892448,0.230363653579818,0.2952585440083862,0.3527068380760725,0.3034380475702229,0.123110237124209,0.127133300112479,24852,872,1,872.0,0.03508771929824561,0,1
867_OPPORTUNITY_id_26_HumanActivity_tr_808_1st_908.csv,0.6341751733888857,0.4705184684470397,0.5910069001530048,0.533515471410886,0.288589136103499,0.7598144913170032,0.7650055924761006,0.6016197713667436,0.4788526960602638,0.9754291713731604,0.9981871748094078,0.659230904542905,0.6349263684971562,0.8456372601624306,0.7421211360194182,0.7579327420391573,0.3176762072501944,0.3395283512539648,0.9944140512206644,0.9924163036996636,0.4186920907673805,0.9943567435526108,0.995136592494908,0.4187770012601048,0.1073486021022399,0.1092466696832479,0.0989024696507219,0.1547617914952322,0.7052903938851169,0.1345553068781371,0.0772838156728727,0.0773002999248805,9057,1142,1,1142.0,0.12609031688196976,0,1
868_OPPORTUNITY_id_27_HumanActivity_tr_2085_1st_2185.csv,0.4651542918136832,0.977855394803303,0.6636070386732648,0.6178800139635153,0.2798519327481955,0.7209865015537384,0.7439768041850285,0.7374462756943325,0.3671725162145147,0.884600431624526,0.997046364178733,0.4220431386615522,0.6353286893511266,0.6571486267989692,0.6816262988997556,0.7044991046330321,0.5172210019142645,0.988288513132659,0.9686231525335636,0.964737262181017,0.5051323468588496,0.972996587814591,0.9938811824700232,0.6508561231754095,0.2615278497101152,0.3148793336310265,0.2447134116546857,0.2938771276975389,0.2934620711205949,0.3032087662236651,0.2261781544642988,0.2270558497156054,22194,818,2,409.0,0.03685680814634586,0,1
869_OPPORTUNITY_id_28_HumanActivity_tr_500_1st_566.csv,0.2803881768523329,0.940458140564264,0.3946807355519844,0.6837801543260429,0.9511636278266832,0.6182135206468224,0.6462735757316798,0.8044899496259584,0.9627311098752358,0.8713414952734815,0.998805818765834,0.2547161321569016,0.5350894512793913,0.7917103303190216,0.7535841984733578,0.7299704774795543,0.3494062048414793,0.7228657363990862,0.9832009774837088,0.9809540099041204,0.4975312227094838,0.9842397510886632,0.997859008171188,0.5226452927543147,0.1213654366391054,0.2203406616914631,0.1297561459245951,0.1666294753982047,0.2388960650393955,0.166827766238196,0.1352506893352905,0.1351393619851391,15653,967,2,483.5,0.06177729508720373,0,1
870_OPPORTUNITY_id_29_HumanActivity_tr_1477_1st_1577.csv,0.255082760617816,0.9812837429073592,0.8411292172362284,0.6225279333212913,0.6187416314722587,0.7611878076822727,0.7560042663363696,0.8147220143530107,0.4094179805434418,0.9117831737757938,0.999418539639942,0.1119131995515759,0.647962666689604,0.7492058679328052,0.7501821364367489,0.7073063877491922,0.4768154866863354,0.8270138225857784,0.9951252519518202,0.9879516137818722,0.5023294970711946,0.997496537902442,0.9994600418032152,0.5860033775162926,0.4085031409754657,0.4440737921365227,0.4030890798418473,0.5820393833308962,0.5674039572563558,0.5363740298242143,0.4542846862035054,0.4637686831413768,18011,396,2,198.0,0.021986563766587086,0,1
