file,Sub-IForest,IForest,Sub-LOF,LOF,POLY,MatrixProfile,KShapeAD,SAND,Series2Graph,SR,Sub-PCA,Sub-HBOS,Sub-OCSVM,Sub-MCD,Sub-KNN,KMeansAD,AutoEncoder,CNN,LSTMAD,TranAD,AnomalyTransformer,OmniAnomaly,USAD,Donut,TimesNet,FITS,OFA,Lag-Llama,Chronos,TimesFM,MOMENT (ZS),MOMENT (FT),ts_len,anomaly_len,num_anomaly,avg_anomaly_len,anomaly_ratio,point_anomaly,seq_anomaly
001_NAB_id_1_Facility_tr_1007_1st_2014.csv,0.1575548186670241,0.1570498348773228,0.2096032406081804,0.1595343748669988,0.2809493865398515,0.165187938191635,0.163311118771689,0.1706452053173633,0.1968644384033726,0.1570434725155841,0.1882321798715935,0.1604775338077113,0.1800314057419106,0.1975514625383811,0.2032756425491508,0.2182812244401013,0.5193094191563359,0.1570498348773228,0.1568344028361274,0.1568344028361274,0.1568344028361274,0.1568344028361274,0.3497220873817452,0.1568344028361274,0.2076701984533821,0.3660678397394249,0.308053828897338,0.1577958548074351,0.1685096992729301,0.1615920838792511,0.6165658452737298,0.627675880549127,4031,343,3,114.33333333333333,0.08509054825105433,0,1
002_NAB_id_2_WebService_tr_1500_1st_4106.csv,0.1919524608787625,0.1932425035518697,0.1922711266046223,0.1929242845963398,0.6596256794892074,0.1951126911810846,0.1919524608787625,0.2487730771864288,0.6090577571519505,0.1919813868349312,0.604596000792415,0.1919524608787625,0.2019779934905846,0.2433607030248203,0.2014868445264822,0.2346318730193159,0.5470227388268957,0.2346679056065497,0.1920103215103113,0.1926963323013052,0.1919524608787625,0.1926490983350799,0.459488601037015,0.1919813868349312,0.1922594447904465,0.297352640635153,0.1924163246952318,0.1924048536774007,0.1920151930911204,0.1920682170344801,0.3929439306069918,0.3924496453405092,6000,637,1,637.0,0.10616666666666667,0,1
005_NAB_id_5_Traffic_tr_594_1st_1645.csv,0.1848193808608671,0.1832040937702995,0.1846012481510536,0.1832464355208514,0.2237240003333713,0.1830149977939462,0.181955532529601,0.4528253571534285,0.1926890259697814,0.1834676451055231,0.1923051065765165,0.1887736912023349,0.1874954254588325,0.2156754659492865,0.1885878323621839,0.20281027811301,0.1823209231317509,0.1863488774039191,0.1823738214915533,0.1827940380541703,0.1818860041772871,0.1822341783156994,0.2241330918999606,0.1818860041772871,0.1822341783156994,0.2037490062667818,0.1828687025877031,0.1840719061119061,0.1820251140585234,0.182939281079124,0.2383788458549955,0.2382622472303113,2379,238,1,238.0,0.10004203446826397,0,1
006_NAB_id_6_Traffic_tr_2579_1st_5839.csv,0.3377143448710524,0.2052285470330489,0.5983859403404578,0.1821080978781766,0.4617121273265566,0.6198217569121252,0.7512252602152735,0.6285191529606067,0.4564458699320569,0.1816873531989445,0.3178158014350241,0.5897386997070936,0.1962556818457171,0.3207432685430514,0.7018376404277695,0.5722808208274149,0.4489197609297604,0.1861416892740119,0.1815121393746002,0.1815121393746002,0.1815121393746002,0.1815121393746002,0.1815121393746002,0.1815121393746002,0.1825709285691889,0.1815921430347643,0.1815761366612167,0.1817356077399347,0.1816081522305616,0.1816720756734035,0.1815121393746002,0.1815121393746002,10319,1030,5,206.0,0.09981587363116581,0,1
008_NAB_id_8_Synthetic_tr_1007_1st_2734.csv,0.7547121204557227,0.3208148046566207,0.7766665114865529,0.2115335161462897,0.8279834861609119,0.7275356702219253,0.7738950903509556,0.732965072756578,0.59812597746601,0.5745671286474505,0.7988854962495054,0.6308018474699798,0.1838958598660483,0.2229936270846081,0.2987895301126914,0.4270938440294645,0.7718746013659722,0.4863173603827406,0.3782648004532369,0.5048494352408989,0.1813653708914729,0.4049881315079885,0.8053283592840551,0.4264655893752036,0.6357416473227261,0.4610818004608644,0.5744631090573628,0.4581701828617776,0.311839288974822,0.4370398785626366,0.7788545970317545,0.7745455468827078,4031,402,1,402.0,0.09972711485983626,0,1
009_NAB_id_9_Traffic_tr_500_1st_438.csv,0.1981329975630326,0.2128617209657252,0.2314389680017607,0.1887318870012427,0.7441813737448625,0.3092156079654661,0.2012091824176466,0.2510158439528393,0.2755615548738611,0.203182348334993,0.4557776649092636,0.2564069036303167,0.3141312113923579,0.2470644058060049,0.2370765192465509,0.2619746791405991,0.2634953431252149,0.2600204299521227,0.2158428344437027,0.2155803790939627,0.1817400389557249,0.2243628536211886,0.4347776272782461,0.2623712617353836,0.2260017407350439,0.2736801418887408,0.2591742881689624,0.2182701322583843,0.2115819407415405,0.2185137186239534,0.3667579038436957,0.3641575555987663,2161,216,1,216.0,0.0999537251272559,0,1
010_NAB_id_10_WebService_tr_500_1st_271.csv,0.2590285691595631,0.2674394036040857,0.3699969845245761,0.2696868291107157,0.4494735247809753,0.2578374752833163,0.3138891883149023,0.2578374752833163,0.2645195992088397,0.2582874540062906,0.5884650317080268,0.2578374752833163,0.3064474259156875,0.2753464628263158,0.3695350648389844,0.5429314502314893,0.3417539918085703,0.2999950164093193,0.3264217713521437,0.2601747147822317,0.2578374752833163,0.2603749559495451,0.3192877225028078,0.2793881686683437,0.2679587042171512,0.2647675266140155,0.4556163790315152,0.2811639536268614,0.2781214445767015,0.2612510385501061,0.9024340720081414,0.8996910989638628,1000,148,3,49.333333333333336,0.148,0,1
011_NAB_id_11_Facility_tr_1007_1st_1526.csv,0.2104309694844883,0.4455249212257332,0.2104309694844883,0.2568371053826519,0.8344621482086239,0.2199980383906653,0.2760605208528196,0.3558529304882967,0.7509629911143423,0.4423637371869247,0.8314834527773497,0.2104309694844883,0.4241195439574588,0.2104309694844883,0.2104309694844883,0.2104309694844883,0.4615348095703169,0.3140989121479831,0.2104309694844883,0.2104309694844883,0.2104309694844883,0.2104309694844883,0.2104309694844883,0.2104309694844883,0.2861498971432556,0.6078900428340301,0.2364628505452264,0.3065086320675496,0.2109006979424294,0.299164465042937,0.642852283154503,0.6364764982136861,4031,474,1,474.0,0.11758868767055321,0,1
013_NAB_id_13_Traffic_tr_623_1st_2084.csv,0.1809542097087019,0.1984968981033182,0.1877672565870935,0.1830614528281367,0.6684591614713509,0.1808882161370859,0.6093318484636902,0.6648749003022768,0.7526508446206807,0.1923033499350307,0.7469832719120313,0.1810202514508517,0.3638769512535638,0.1808882161370859,0.1825526289199822,0.1837700984790241,0.2211744088950659,0.2037001128509848,0.1808882161370859,0.1808882161370859,0.1808882161370859,0.1808882161370859,0.1834981483982452,0.3303265283738912,0.1889809146145416,0.4198851879201683,0.219109341179335,0.2146983376896989,0.1869280872660663,0.2231965438330506,0.7131736912475218,0.7116837273359902,2494,248,2,124.0,0.09943865276663993,0,1
014_NAB_id_14_WebService_tr_500_1st_1045.csv,0.302464154936466,0.1814908871007698,0.4122762573578528,0.1804137888763302,0.2628548597749322,0.2601235507032168,0.1833517724501248,0.2982695218657933,0.1977269663967119,0.1800931479675635,0.2628548597749322,0.3111062321752795,0.2427704245938877,0.5991855497103962,0.4035043275343328,0.2389562603755407,0.6688913225057826,0.1800931479675635,0.2564077078164535,0.1811664096547012,0.1799865207857758,0.1799865207857758,0.426434851314099,0.237566653328291,0.1930984600575145,0.1892445773085613,0.1820386330470187,0.1827083037010135,0.185505286137076,0.1805123946346318,0.5313970641375,0.5688031176140308,1537,152,1,152.0,0.0988939492517892,0,1
015_NAB_id_15_Synthetic_tr_1007_1st_2787.csv,0.8320131611470373,0.2943350448558191,0.8650393388807429,0.2281229720853502,0.327030207284033,0.8687933220399756,0.9808745429624148,0.9434688072562872,0.999995000025,0.2257902505270689,0.2257902505270689,0.8497708976180439,0.4390942178586124,0.2993272205991293,0.8561823944083797,0.9865334624698584,0.2515154056984278,0.2264548872926408,0.2287927222345237,0.2279309310067483,0.2257902505270689,0.2258399512766813,0.2279703132179728,0.24138593714108,0.2269483392309414,0.2257902505270689,0.2261353510024481,0.2260887835889071,0.2263963970314045,0.2273625977527997,0.233725601026194,0.2342711517650506,4031,513,1,513.0,0.12726370627635822,0,1
016_NAB_id_16_Environment_tr_1816_1st_3540.csv,0.1812702594552269,0.3575082652820187,0.1912279637901053,0.2580602148854127,0.266336660062471,0.1819536111429718,0.1912644326945508,0.2263184503855514,0.2259088267151492,0.2673044803788339,0.3840869284618241,0.1812929551386839,0.1813383635593515,0.1812929551386839,0.1946427817168889,0.1848720998855079,0.237355561195193,0.1819389397573848,0.3406119907415327,0.3367559496112597,0.181224885131395,0.3567851798886468,0.4728885483859106,0.1814292486755323,0.1879954534692013,0.2171952926378942,0.1839200846967792,0.2005860567152733,0.1821398262034003,0.1824995820245501,0.2996655784529775,0.2995801509010186,7266,724,2,362.0,0.09964216900633086,0,1
017_NAB_id_17_Synthetic_tr_1007_1st_1805.csv,0.429684126308227,0.1813653708914729,0.6862700019519479,0.1813653708914729,0.8467260709609519,0.429684126308227,0.6841198851686769,0.6395895581217874,0.6644473902350353,0.1813653708914729,0.429684126308227,0.429684126308227,0.6862700019519479,0.3103754181309782,0.6862700019519479,0.8699502056426105,0.4047586763296054,0.1876845231053124,0.1872343587464371,0.1813653708914729,0.1813653708914729,0.1824012640849759,0.429684126308227,0.1849314597644986,0.2388612540929479,0.198764716915482,0.1815524644602018,0.1939846517110026,0.2187450528263312,0.1910734857203717,0.2746757420676328,0.2746757420676328,4031,402,1,402.0,0.09972711485983626,0,1
018_NAB_id_18_Facility_tr_500_1st_669.csv,0.29940991359508,0.230252150721099,0.1937737258444956,0.1987344319655604,0.246535131273636,0.3345419355815514,0.3671601419022668,0.2820752806380744,0.2806187402692588,0.209203026033616,0.2206244787481154,0.2277755075843549,0.1817286523364183,0.1817286523364183,0.1817286523364183,0.1817286523364183,0.370103296033711,0.2695696614649505,0.1819044905731118,0.2354921870102723,0.1817286523364183,0.2268233488598263,0.3269004646430608,0.203841537382657,0.1992904816188211,0.2521251180051218,0.2255593397952308,0.254540551793239,0.1894076374488849,0.2597645052569274,0.185228007221396,0.1893329806695349,1881,188,2,94.0,0.09994683678894205,0,1
019_NAB_id_19_Facility_tr_1007_1st_1171.csv,0.1868142124605006,0.1869633430587633,0.3032444839029009,0.1820724427238221,0.2598485040206276,0.1810757637790428,0.1815670550719469,0.252595475321055,0.2081658841782447,0.1805852646532357,0.1879604216336008,0.1916012684521096,0.2001152990141553,0.4850453748161055,0.2113310222474959,0.2189022846433444,0.4117608131855896,0.1808301815988907,0.1917469290435154,0.1906956192757991,0.1805445096481192,0.2022530838696953,0.228068109864472,0.1805852646532357,0.2211559550697946,0.2403809634430554,0.2132360133198219,0.2006236530802555,0.2177796790979332,0.2016858369440509,0.3536389763882372,0.385575259733832,4031,400,2,200.0,0.09923096005953858,0,1
020_NAB_id_20_Synthetic_tr_1007_1st_2679.csv,0.9441574494581748,0.4834074488980796,0.8070716746241092,0.3148413122638765,0.4487821950110428,0.9518937457720158,0.9517191496099744,0.7941699691305745,0.9620399336424824,0.2674395436923249,0.2669796298476184,0.9492335915900136,0.9278300740250024,0.2669796298476184,0.9518937457720158,0.965398627067874,0.4455534832451427,0.2814968428895832,0.355493668858391,0.358970418097429,0.4468501967134559,0.3548348275860629,0.3256169985767142,0.3739385967466471,0.2670370325537708,0.2669796298476184,0.2671519120501145,0.2669796298476184,0.2669796298476184,0.2669796298476184,0.2669796298476184,0.2669796298476184,4031,621,1,621.0,0.15405606549243364,0,1
022_NAB_id_22_Facility_tr_1007_1st_2980.csv,0.3265256791897106,0.4032513765448639,0.2378579601139732,0.2823790223241093,0.6591819021548484,0.2345741971136816,0.2285191800465507,0.3028036669508313,0.595500754685724,0.5513315071376527,0.629721724558443,0.300482540805338,0.2285191800465507,0.229679945765851,0.2310432510502433,0.2326734375903943,0.3031791728425584,0.4120910008217281,0.5720063002491661,0.5758761951287402,0.2285191800465507,0.580497484596594,0.6180099642376014,0.575855189963301,0.336115486475823,0.448807558739955,0.3887756867597255,0.3870918428742979,0.3083173868002477,0.3081756686088214,0.6014592136980953,0.6014592136980953,4031,520,2,260.0,0.12900024807740015,0,1
023_NAB_id_23_Facility_tr_4512_1st_16551.csv,0.6123654559264186,0.4574471282685723,0.4826514514843472,0.1650190184052416,0.210355090339631,0.5948290040688201,0.6307351318364255,0.3288543899727532,0.2706446092548955,0.3214239282698987,0.6815637804389298,0.6149514288604961,0.4914759978023439,0.5370013062130257,0.5771059663667977,0.5738736287167705,0.7168321095819962,0.1980728287022054,0.3500845859073938,0.3492824505938537,0.1532701865382939,0.3609080049668597,0.7162983501117548,0.2075704566319115,0.2186764362078983,0.2068032643062924,0.2402354061235073,0.2417788829802112,0.4044339935248868,0.3846104212051152,0.1769083010634932,0.2306880491928586,18049,1498,1,1498.0,0.0829962878829852,0,1
024_NAB_id_24_Synthetic_tr_1007_1st_2787.csv,0.4529374710078228,0.3831743589228844,0.585160672993317,0.254632527856694,0.7190965181458949,0.6040774164392567,0.2566371612116966,0.6282871789244311,0.9990193902736856,0.2814970449303863,0.8700391373339487,0.4941482968120833,0.4542736034182698,0.2391607003834134,0.5594365054428452,0.8859366876847217,0.2478410734399083,0.2426519312066961,0.349916835406214,0.3478232136343221,0.2257902505270689,0.3504794245024956,0.4548157632456845,0.2257902505270689,0.2260389732696488,0.316452639480335,0.2262383463492193,0.2270393681794447,0.2257902505270689,0.2268497589024117,0.3715137579963629,0.3688364195058313,4031,513,1,513.0,0.12726370627635822,0,1
025_NAB_id_25_WebService_tr_3958_1st_4614.csv,0.1817015278690948,0.1814823838564775,0.1814823838564775,0.1814823838564775,0.2151646105986342,0.1817537830436588,0.1814823838564775,0.1864990772747379,0.1837751110684177,0.1815969678744497,0.1816700019751126,0.1823834527538025,0.1815136577748929,0.1814823838564775,0.1814928072984708,0.1825623250778143,0.2828438866962603,0.1815136577748929,0.1815136577748929,0.1817224263328322,0.1814823838564775,0.1817537423778568,0.2088897473306099,0.181555373103258,0.1820896178281869,0.1820948963878747,0.181555373103258,0.1822524816279712,0.1816493027331731,0.1816493027331731,0.1902446706553927,0.1879670906215465,15832,1580,2,790.0,0.0997978777160182,0,1
026_NAB_id_26_Traffic_tr_624_1st_2261.csv,0.1749606588310507,0.1769445145807537,0.1741022876396856,0.1739114555910576,0.294114150742426,0.1746015374863055,0.226641615539016,0.176557349967967,0.1944413117788658,0.1745546076199784,0.2247569484267573,0.1831906375144822,0.1739114555910576,0.1741659914228005,0.173975019774856,0.1747414302232175,0.1883769694715493,0.1766900999754524,0.1739114555910576,0.1739114555910576,0.1739114555910576,0.1739114555910576,0.1739114555910576,0.2107281417664569,0.1778491998519422,0.1879568255330019,0.1838646915640094,0.1773612137996102,0.1826867538600879,0.1811965153628152,0.4210492321950352,0.4144702848270499,2499,238,1,238.0,0.09523809523809523,0,1
027_NAB_id_27_Facility_tr_757_1st_2582.csv,0.1242996422115593,0.1423769632404997,0.1404626862494701,0.1383305556113331,0.769226035532089,0.1299955346208869,0.1367508627483727,0.2043775683439014,0.1777753215226128,0.1557476389470461,0.769226035532089,0.1266211627982883,0.1354610295460205,0.1404481323502301,0.1480445178919263,0.1504195042411832,0.1238761993774917,0.1515111597861233,0.1678289702914894,0.1627875729221883,0.1237995195408736,0.1999954082686877,0.6510022972237508,0.1369010730269444,0.1563907415209107,0.1904717017115971,0.163758525784814,0.1465289349954959,0.1608555872942495,0.145655225988129,0.4848448117817289,0.4848448117817289,3031,200,1,200.0,0.06598482349059716,0,1
028_NAB_id_28_Facility_tr_1007_1st_3447.csv,0.6630533208199312,0.1927801454903239,0.4490690742369085,0.1927801454903239,0.8237614542774859,0.924606984260037,0.9976639977212236,0.9976639977212236,0.4832414851174849,0.2144111602767124,0.8588048017239851,0.6813138457353225,0.2138580350490795,0.2497991398671878,0.3168269384444611,0.1931698631419821,0.359708724996633,0.1952936199894968,0.1933274294253057,0.1927801454903239,0.1927801454903239,0.1928233697798649,0.3773554290031232,0.1927801454903239,0.1945777754655476,0.213612560850756,0.2182122560162231,0.1927801454903239,0.2044365601972412,0.1930397823005078,0.3321432938495564,0.3333297381617419,4031,430,1,430.0,0.10667328206400396,0,1
032_WSD_id_4_WebService_tr_4559_1st_11822.csv,0.0271933069621482,0.1128993965918944,0.1749982000185141,0.1714270040959625,0.6739085066467997,0.013991990486181,0.0141610472726258,0.0119183706158155,0.6666616889260559,0.2702679328178783,0.0175512808233224,0.0175339020461767,0.0357384014317082,0.4538972003691602,0.1587251601473376,0.3793053983998202,0.0062038931748377,0.256407311013453,0.0699265960941352,0.0694409878263837,0.0059712037616314,0.0751843158540024,0.0276048130736218,0.0349630476947436,0.3214236735440222,0.0559405821512622,0.1219480786055851,0.2413743639539209,0.3043435917413323,0.2702679328178783,0.4597654644412792,0.4545413289630651,10686,32,2,16.0,0.0029945723376380313,0,1
039_WSD_id_11_WebService_tr_1746_1st_1846.csv,0.0143859941701118,0.4646420202445319,0.014391483810672,0.458329036498616,0.2658194800923587,0.014493405388828,0.0165364058128099,0.0303148768308816,0.4318721230169233,0.4854322896091214,0.0884170394286945,0.0253137064354276,0.0144632322970292,0.0143930530490153,0.0143899149144716,0.0143859941701118,0.2349824279444139,0.5053722234120241,0.499995945212467,0.3586915973993337,0.0143859941701118,0.730588818446352,0.0254848338320343,0.073255079034685,0.3144919317962515,0.0952334347783606,0.1295727935030624,0.6161571717492298,0.3804307278314972,0.4554410156317429,0.4214380853196889,0.4232172520631958,18219,132,7,18.857142857142858,0.0072451835995389425,0,1
040_WSD_id_12_WebService_tr_4559_1st_9714.csv,0.0060703722120699,0.0308619870886654,0.0416625939552251,0.2173893667469485,0.00807714571708,0.1474806483357213,0.7102756468128375,0.6999950031606694,0.0049880882081206,0.2173893667469485,0.0063217317554609,0.0069373251144225,0.0048365684788942,0.0060052743825483,0.0133823085735269,0.0069344466080276,0.0055972138090808,0.1639300189306385,0.0052858059178027,0.0051962262555364,0.0044864683398606,0.0057294006677774,0.0080407122283642,0.0075508080796602,0.0285689290452168,0.0073852261623614,0.0215004474243109,0.1066617104525209,0.0975559758659929,0.1071389350925546,0.0296953201513494,0.0330964538306196,18236,41,4,10.25,0.0022483000658039044,0,1
043_WSD_id_15_WebService_tr_4521_1st_6828.csv,0.0006638570502893,0.2857118367556849,0.0010878324781496,0.0194163786085096,0.0020113778280056,0.0016070550552594,0.0099666782385338,0.0149998511264775,0.0014197539452832,0.4999962500281247,0.0011485222320482,0.0006640407305097,0.0068258029823434,0.0077020294308408,0.0043195684094584,0.015665640915312,0.2399963520554487,0.4999962500281247,0.4999962500281247,0.0010589269554303,0.0006633066188158,0.0044741838473462,0.001194957208881,0.0008773037151154,0.015563746322919,0.0010240042886938,0.0163925074438376,0.4999962500281247,0.7272677686288501,0.6153796450105594,0.1999952001151972,0.1333310222622808,18085,6,2,3.0,0.00033176665745092616,0,1
049_WSD_id_21_WebService_tr_4297_1st_7097.csv,0.013466144077036,0.4102531492698391,0.0087488163909179,0.4102531492698391,0.8852409030112945,0.0075895619360112,0.004799836039023,0.0049918672562333,0.5925877023723172,0.3684180471159314,0.7586157134690268,0.0036016835786401,0.0039742585466967,0.0550680901916649,0.0098279016110746,0.0215034012168631,0.1756357916508523,0.4102531492698391,0.4102531492698391,0.2564069954392375,0.0102813097432451,0.606055624467026,0.0231878247199222,0.0036056633395722,0.238091371944865,0.0547896345134153,0.0317423221770312,0.4499965125270279,0.3912999527903853,0.4363587174108219,0.452826050233621,0.5647012484809315,17189,31,3,10.333333333333334,0.0018034789691081506,0,1
054_WSD_id_26_WebService_tr_2409_1st_2509.csv,0.0071590565537547,0.0591668376785498,0.0118534023777362,0.1408437611706708,0.0118243691993234,0.0102602943478372,0.2073122636451892,0.1454497456129402,0.0111183784875952,0.2999971125277919,0.0085176928202117,0.0072106787267671,0.0195146971570918,0.1451563113050208,0.0567487144739505,0.3820186390991794,0.0098415371564305,0.2631556094381285,0.0118959554512997,0.0149502534447004,0.0071516868794097,0.0106701139776495,0.0141207034331672,0.0140212580627332,0.231400000106255,0.2222174692374635,0.0563354097626448,0.2631556094381285,0.3529377052244521,0.3448239239390147,0.3124967258155553,0.3105557471118613,18391,66,5,13.2,0.003588711869936382,0,1
058_WSD_id_30_WebService_tr_1136_1st_1236.csv,0.0009535633874417,0.4615337278592014,0.0769188168039923,0.0058779139923933,0.7058773702773863,0.0009242051799639,0.0008769918916771,0.0009050707135425,0.6249950000399996,0.6666622222518517,0.2941140484869362,0.0010297028608393,0.0008772804074888,0.0010658033631004,0.0008769918916771,0.0008792087082061,0.2285694040995637,0.6666622222518517,0.5454505785412469,0.5454505785412469,0.0008769918916771,0.5454505785412469,0.0017287779729768,0.0008946955249776,0.4705846367057193,0.0266647610250787,0.3199956480591864,0.7058773702773863,0.6666622222518517,0.6666622222518517,0.2461516875928933,0.2318820079996394,18236,8,1,8.0,0.0004386926957666155,0,1
060_WSD_id_32_WebService_tr_4576_1st_4766.csv,0.0128159877909773,0.1242889018484892,0.0111706259672721,0.1621606720370677,0.6488502068992471,0.0110826300496859,0.0162718693705817,0.0346591347745583,0.4170163636613205,0.3458610865879183,0.0431682257058799,0.0110850389244702,0.0285313189161149,0.2695617660177251,0.027225161091907,0.0359319723173435,0.0496298454769613,0.2968717627306136,0.0732965213950215,0.079412933618781,0.0110826300496859,0.0847434186227255,0.1206146590081937,0.016067791188492,0.0509044246260937,0.2198903112334944,0.3260822968529754,0.3089402578090191,0.3936976254206462,0.3664087664213388,0.3438047035781971,0.3338761056802325,18305,102,8,12.75,0.005572248019666758,0,1
068_WSD_id_40_WebService_tr_4549_1st_13322.csv,0.0151506750236295,0.0496864875795892,0.1121471897598401,0.2222190895503348,0.4406729675947614,0.1176439865811492,0.0100733312774037,0.1414099991010364,0.1818136881275945,0.4210490166515346,0.1333310878402865,0.0934539926554881,0.1212086927048758,0.390239330809059,0.2926800156446614,0.0952360585595545,0.0037718587629459,0.187498300796649,0.0031822353192493,0.0031822353192493,0.0031822353192493,0.0031822353192493,0.0033577970018243,0.0319964368767894,0.0487763477636532,0.003189760816742,0.0403998983942555,0.187498300796649,0.2352916090232861,0.2424221120481062,0.3209830575265835,0.2988461303342951,18197,29,2,14.5,0.001593669286146068,0,1
074_WSD_id_46_WebService_tr_990_1st_1090.csv,0.0455198478508529,0.5529909575840267,0.0315740353948876,0.2091380643290066,0.7100223294802828,0.0320419525892361,0.0313070436601272,0.0313290277594809,0.7573915533930744,0.5966338941838897,0.4381098745558989,0.0836382612377797,0.0501485016971378,0.033182350036378,0.0323008628719962,0.0337343278012314,0.2126902011179662,0.7370320645054275,0.5270544886169686,0.39140385283831,0.0313070436601272,0.4987366165948623,0.0484230027978864,0.0317352227398747,0.2887279040350968,0.1615166522942746,0.4361328625796968,0.7036279466143952,0.6354330461914117,0.6892381486353569,0.3589390801217787,0.3521382348617924,18236,290,21,13.80952380952381,0.015902610221539812,0,1
089_WSD_id_61_WebService_tr_1010_1st_1110.csv,0.0298321075883407,0.3434312834563929,0.0273177990185579,0.1877887291811878,0.2591049226631831,0.0453590347174681,0.1716913305403599,0.0717754651011414,0.2901049078020263,0.6199415392550275,0.0484694337483416,0.0481071198291902,0.0628990384488276,0.0903048774417737,0.0818259564414109,0.1784907840113752,0.1809133043410337,0.617481841085047,0.3434312834563929,0.2064481521912068,0.0272776030439482,0.2929533864564791,0.0419072049101798,0.0377321792659819,0.3265894037421886,0.2039006940986504,0.2629325939827495,0.7310658301874597,0.7483538771405903,0.7935730373382709,0.3524558460510918,0.3457654567937538,17429,241,22,10.954545454545455,0.013827528831258248,0,1
094_WSD_id_66_WebService_tr_3309_1st_3914.csv,0.0058897183061321,0.067410958550125,0.0196843741506038,0.1578932825618711,0.0107327972651704,0.0110951504026412,0.0514276214461197,0.0423263620106615,0.0068048003947219,0.2499978125191404,0.0058527844527971,0.0054892802641333,0.0203091449992602,0.0579687999690772,0.1560246366769692,0.2465703510111591,0.0052746064240142,0.2727240186338686,0.0069331810129972,0.0072229205686493,0.0052742090003733,0.0079328312311268,0.009339466747936,0.0080815196136222,0.0063787172491093,0.0061745521337001,0.1196539266572709,0.2666632099213529,0.3720899946163228,0.382974920816389,0.3026996348009986,0.310157385142377,13237,35,3,11.666666666666666,0.0026441036488630354,0,1
099_WSD_id_71_WebService_tr_4559_1st_14411.csv,0.0714239304673752,0.0403198210135407,0.0801094287938967,0.1363623657143194,0.6138565631199447,0.0196232269754168,0.0216371437481263,0.0740702935933485,0.4938221613065152,0.2173893667469485,0.0116160998888103,0.0151241970527478,0.1999951621170284,0.2391254939584203,0.2894687154592502,0.4074037517474801,0.0097652952259057,0.2173893667469485,0.0204754089655809,0.0204754089655809,0.0044864683398606,0.0215037685096267,0.0202511144378806,0.0209954548776837,0.0416641754961734,0.0444402154915924,0.0563355577853775,0.1999970480435709,0.1785675064636973,0.1612858429964251,0.5535667873475864,0.5486679427126266,18236,41,2,20.5,0.0022483000658039044,0,1
106_WSD_id_78_WebService_tr_3363_1st_3463.csv,0.0263691501009543,0.8798027118671358,0.0240188910512671,0.3450086602775067,0.5261626049017701,0.0285430863497516,0.0279885791475646,0.0301230591300684,0.7858669676598995,0.2842418710316018,0.881511598936613,0.0259722352696631,0.024063351111916,0.0240201963549971,0.0239745949787114,0.0239473171678626,0.0341115370390294,0.3999951096566859,0.8798027118671358,0.8605719426369967,0.0239473171678626,0.888344541101461,0.881511598936613,0.5245048386907942,0.3636313801877993,0.3243195137309605,0.2528166705532527,0.2990611310676294,0.1532541096430474,0.1581873995134847,0.6867043126903527,0.6950981408820964,18236,221,3,73.66666666666667,0.012118885720552752,0,1
113_WSD_id_85_WebService_tr_500_1st_335.csv,0.0123213255885704,0.0519430547713396,0.0141363455305254,0.100839378584052,0.0213029789513415,0.0214704317199263,0.2015482146739884,0.1716531931659466,0.0310594999660737,0.3595459254479943,0.0142047615382664,0.0123280468008484,0.0232939359250138,0.1042143269484886,0.2401809002747584,0.2207310840925049,0.0123132698014849,0.2878763234829883,0.017543685751185,0.0178092432294831,0.0123125989613564,0.0179049207135476,0.0556708500323785,0.0230575162595751,0.5959841597681362,0.0123631156451192,0.0238051205707039,0.28985210568044,0.3537379407086128,0.3428540296201061,0.3926058425139884,0.3703669353471883,18242,113,8,14.125,0.006194496217520009,0,1
117_WSD_id_89_WebService_tr_3251_1st_3351.csv,0.0004993292289929,0.2857093878390656,0.0003673957511249,0.0136052401807027,0.3999958000440995,0.0005734681041871,0.0008373956770023,0.0003920760643247,0.4999962500281247,0.4999962500281247,0.0093022329917274,0.0003778775671958,0.0003744579674114,0.0010431050124987,0.0003689319320954,0.0003664309277875,0.1090898776957017,0.4999962500281247,0.4999962500281247,0.0023866110072385,0.0003663190678056,0.0102039801134631,0.0032643852549132,0.0021644805431218,0.0055708649113168,0.0030603979637458,0.3076887574374142,0.4999962500281247,0.7999952000287999,0.7999952000287999,0.0499992781354219,0.1428552296174605,16376,3,1,3.0,0.00018319491939423546,0,1
125_WSD_id_97_WebService_tr_2217_1st_2317.csv,0.0176008685650544,0.075080380527969,0.0179628978839054,0.1162779745911695,0.5973980435496399,0.0176334379339438,0.0270776299735976,0.2393567978596523,0.3364448249178514,0.2549755026932297,0.0225064563896923,0.0175989564661827,0.0226728408160059,0.2825358621831769,0.0444552555742789,0.0592000525127925,0.0176468839117682,0.2580622684899196,0.0264013930187624,0.0285941887541422,0.0175970447827138,0.025679865352201,0.0361638650689162,0.024958016195265,0.1134874968283496,0.0680808238094554,0.0407610558516537,0.2580622684899196,0.2989663173811068,0.2886570390314979,0.3636328966931187,0.3893299464827961,18250,162,10,16.2,0.008876712328767123,0,1
130_WSD_id_102_WebService_tr_2362_1st_2462.csv,0.0211597928110348,0.3357623195663813,0.0211942906020027,0.1777730613496194,0.6515415836256617,0.0211597928110348,0.0211827788466137,0.025376635080284,0.3317922864888915,0.2924232001890531,0.3366958270168353,0.0362277375571397,0.0404825061326948,0.0943557744674924,0.0328667723719711,0.050434757001249,0.0942716842181393,0.2562452393462583,0.2930362114644905,0.2773681589929991,0.0211597928110348,0.3127231471618641,0.1832834229530079,0.0435917504519408,0.2486722538166287,0.1702082419717601,0.100354214536523,0.2569400716890014,0.2032487458393863,0.2618998911407557,0.5298157486910019,0.5238743858184074,18236,195,9,21.666666666666668,0.010693134459311252,0,1
137_WSD_id_109_WebService_tr_4559_1st_14404.csv,0.0256937241280256,0.0287736350347276,0.2578768466903235,0.0952369060365172,0.7562975213945364,0.0168065440259065,0.0105367445052757,0.0243066863741753,0.2021233528531955,0.1791023747183864,0.0147499084295297,0.0654181838797041,0.1014011813543346,0.3426540679563777,0.3928521572699035,0.244439928478493,0.0079358384251975,0.1818162856028799,0.0224074475913652,0.0224074475913652,0.0064497853958532,0.0153035657384688,0.0190681501853746,0.0106995152847209,0.2272683084536845,0.0845042333804115,0.0979555273334797,0.1690112755872508,0.1578912639268044,0.1621589299402478,0.5745812411434618,0.644440037684455,18236,59,2,29.5,0.003235358631278789,0,1
139_WSD_id_111_WebService_tr_1701_1st_1801.csv,0.0094226290596233,0.6363591425937171,0.0094216086319101,0.6086909924742345,0.2075423305685143,0.0096542345012761,0.009569846825354,0.0143498753228871,0.3140455461212465,0.6153798503963268,0.2875767936246316,0.0094646577595501,0.0189269582610515,0.0366288431898728,0.0106186715725599,0.0184599132318442,0.2485825721583461,0.5390023661196043,0.6363591425937171,0.4545409607882285,0.0094216086319101,0.7573914541136892,0.3259213432743114,0.0094262022979638,0.1655124415185063,0.1678279347246009,0.1037687457756847,0.6616496105233403,0.5194756038582875,0.6043118638114561,0.4351803742815794,0.4170166135424091,18381,87,8,10.875,0.004733148359719276,0,1
140_MSL_id_1_Sensor_tr_530_1st_630.csv,0.967474676144539,0.0948638552757023,0.967474676144539,0.0948638552757023,0.9756047574451367,0.967474676144539,0.9679950051457736,0.3130876858115559,0.2737532932832265,0.205352175263664,0.967474676144539,0.967474676144539,0.967474676144539,0.0,0.967474676144539,0.9490146208643452,0.9049724207392348,0.5680432702227398,0.528296986962497,0.1384602497161372,0.0948638552757023,0.1052585326132169,0.6249957031545408,0.28187614254915,0.4078914898111666,0.3537385848728728,0.5243863749541847,0.3452340653815069,0.1897768673839437,0.4294440272838796,0.6918873665745213,0.6918873665745213,2430,121,1,121.0,0.04979423868312757,0,1
141_MSL_id_2_Sensor_tr_500_1st_550.csv,0.2589478738959754,0.2460598505163555,0.4875574397135986,0.2453569595297778,0.8241709262457482,0.4703345016227055,0.4596236580672065,0.4663820380354073,0.2427994231863908,0.2581921097303117,0.5470416195776158,0.2933591018609642,0.30674347556014,0.5243859131827022,0.4098769819490938,0.4547201538001353,0.3254026013039301,0.3381592513983424,0.2490850100842633,0.2441108807416957,0.2422338958946416,0.2478135556922007,0.268384773081513,0.2461815453657142,0.3767816949408358,0.3055315106033459,0.3924006473818531,0.2822660573228963,0.2609879738974087,0.3223007874466522,0.4461369052907042,0.4459535463482839,2264,312,2,156.0,0.13780918727915195,0,1
143_MSL_id_4_Sensor_tr_980_1st_3550.csv,0.0741461065528359,0.709397131668082,0.1007032185207784,0.0851756786342853,0.4500710277655076,0.1528641266799481,0.1940856510903613,0.2924853062080054,0.5741403934857878,0.6666618635392663,0.9710560974605916,0.0746409028019861,0.1319544748762977,0.0926581170675568,0.1079641948570545,0.0808127112807528,0.1965768257418628,0.7142810758722226,0.7148890234790406,0.709397131668082,0.0741461065528359,0.7257337727510681,0.9866616669142244,0.7038580994603854,0.5480729442781449,0.623183450207439,0.3333299745347129,0.5446762575308175,0.2677382508831735,0.5662601011103489,0.8731294088604201,0.8773184953497101,3922,151,1,151.0,0.038500764915859256,0,1
144_MSL_id_5_Sensor_tr_1525_1st_4590.csv,0.5663668083276204,0.0420474137550571,0.5454497578014357,0.0420474137550571,0.0622173976561803,0.4175778102488786,0.8803369519597988,0.0570676224752859,0.093383863712559,0.0523789007853268,0.0539422381490271,0.0539866991032491,0.16151518332155,0.0556534877555461,0.0757306362053258,0.5197701644129075,0.0426767881451112,0.0513397223983864,0.0462580071402951,0.0420474137550571,0.0614227732700554,0.0430532372432802,0.0420474137550571,0.0595765496782211,0.0467769043569597,0.0420474137550571,0.0420787554296291,0.0469777555992566,0.0446717427228289,0.0421150032464719,0.0423669850463122,0.0420541629400645,6100,131,1,131.0,0.021475409836065575,0,1
145_MSL_id_6_Sensor_tr_530_1st_630.csv,0.3621693545144304,0.1814019138990328,0.2458740915058819,0.0956890849374593,0.3864702923439765,0.8245564223908171,0.916661701415784,0.8309130173683525,0.4223352374253523,0.1049162459455085,0.2272280328332113,0.3636326136750351,0.3527667738596613,0.3548357908668815,0.6691400318216894,0.9201471231600192,0.3733734665155593,0.3315464250341946,0.2152605735113097,0.2040382583839553,0.3643073180976766,0.191613102806692,0.2981340916387204,0.1269195060915882,0.3265266304134764,0.200342117039056,0.398643815115217,0.1751121810051559,0.2822039210000931,0.2890575150395817,0.3618253720987593,0.3643374951528573,2430,121,1,121.0,0.04979423868312757,0,1
147_MSL_id_8_Sensor_tr_590_1st_690.csv,0.3156505702218538,0.4943210109007347,0.1968732250648302,0.2997370591398235,0.5029902470789889,0.4873058370057111,0.1884799682180889,0.3241729617750632,0.2641486507852951,0.2445950804766976,0.2465731807282785,0.3062355137614636,0.2983988821835779,0.296468063024969,0.299935919277257,0.3721244636996789,0.3273899659222614,0.3861848902581306,0.3861848902581306,0.226413086525459,0.1879177604766668,0.2199893122732094,0.2236997442379572,0.2460809627859992,0.4188308969820834,0.5188234667239038,0.3399689863707185,0.3749962894043921,0.2261571765966007,0.4904959475019998,0.4972333384566784,0.4900244400948348,2430,252,2,126.0,0.1037037037037037,0,1
148_MSL_id_9_Sensor_tr_883_1st_1238.csv,0.2014677974435031,0.4656269297147895,0.2024261391914588,0.2448930925581861,0.5213625247027196,0.235869198645802,0.2262025849668431,0.3048085962441164,0.3686597209946365,0.3210283362894661,0.7486291821489794,0.2038974838295034,0.1467621060009577,0.414030287774945,0.2143687045307375,0.259063195320435,0.1257055655669939,0.3298213614345553,0.4796113507404493,0.1212432109751013,0.2042221861232729,0.5224226470598085,0.1272309514869609,0.1219892236966956,0.3432444374419732,0.3387421166639774,0.2112972838896348,0.3257290768520311,0.3076878795550505,0.3041322443563876,0.6936886973819806,0.699326849803341,3535,228,2,114.0,0.0644978783592645,0,1
149_Stock_id_1_Finance_tr_500_1st_7.csv,0.095314195758501,0.9790369183893836,0.103421031581538,0.1090413035814875,0.1144256419903835,0.1042554091730557,0.1042889160252511,0.0976415628610417,0.0950709121271946,0.9938974390960182,0.1179847577180113,0.0972558077003489,0.0935836536247393,0.0955978525052366,0.1136425198667143,0.0997184397887229,0.1040248416679544,0.992345841433938,0.6468921751639735,0.1003937057264034,0.0935122871904371,0.1928428862284597,0.0942267371262177,0.0992848833651142,0.1235827598260269,0.0942404346451556,0.115998347760882,0.978544540393708,0.8779740486841345,0.7903845705202841,0.1302208901618176,0.129899115890622,20000,981,931,1.0537056928034372,0.04905,1,1
151_Stock_id_3_Finance_tr_500_1st_62.csv,0.0931476824994587,0.9659950034058448,0.1211522517070142,0.1032665204892596,0.1087694130300081,0.1056749565982391,0.0955960638555072,0.0942196522926275,0.0958582846618256,0.9785445405032598,0.1079525054739852,0.0933389131048764,0.1032675061395337,0.1144630296119563,0.0952930950171344,0.1365872382535813,0.098319118920126,0.6834391293320291,0.6223436622155092,0.0930534740864895,0.0928760095736666,0.1639307583401758,0.0934529819032023,0.0952740957308509,0.0966319206815603,0.0935946281892959,0.1045827597850485,0.7232827323203748,0.9074396700597936,0.9266812285069056,0.1228778367708983,0.1239355999675879,10000,487,463,1.0518358531317495,0.0487,1,1
155_Stock_id_7_Finance_tr_500_1st_18.csv,0.0965262182314684,0.9813364036824624,0.1119578420089753,0.1123420722425097,0.1040763441646506,0.1001990813374333,0.1017687455094292,0.0929752089901151,0.0945440067875427,0.9938600308306864,0.1046330858984786,0.0971831950579564,0.0947440600823731,0.0929908198402249,0.1133941641142052,0.0977395995041141,0.1040316543677802,0.6500302576021422,0.6802123091802419,0.0928783463891875,0.09278507809967,0.2054674187781461,0.0928596764466058,0.0932428038840186,0.103247438649385,0.0929963482391737,0.1451955444243575,0.9846888778315084,0.8931066675098022,0.8045253701453632,0.1268862979740291,0.1262361037659327,20000,973,924,1.053030303030303,0.04865,1,1
156_Stock_id_8_Finance_tr_500_1st_24.csv,0.1014356941488989,0.9837678208146224,0.1103102271263918,0.1044986460985484,0.2960079580883311,0.0970520324451928,0.0960645040402826,0.093250408801861,0.2646303710993052,0.9797110256828818,0.2907492725467475,0.1152745473045965,0.1618713001509367,0.1088148929133757,0.0983031154511611,0.1164549323027267,0.0956813636858224,0.678326556912022,0.6856323505191058,0.094268281276286,0.0925122316429981,0.1801667419414986,0.0974059553101841,0.1125502413263934,0.1005403063588266,0.0934610149868923,0.1125310812539596,0.762676233113762,0.9266752451727922,0.9330578816679296,0.1260504736444473,0.1316975767857563,10000,485,457,1.061269146608315,0.0485,1,1
160_Stock_id_12_Finance_tr_500_1st_14.csv,0.1026021007758354,0.9800149820414752,0.113669896078666,0.1162934409981643,0.1432074205318654,0.0995117045486201,0.0935122871904371,0.094626508885389,0.105367427128849,0.9939036295492316,0.1395872355540369,0.1021690778790433,0.0941554115951023,0.1073866638061635,0.1107126746908263,0.0996744492465514,0.1069113505492781,0.9846103848301222,0.6440868566053467,0.0940385192357718,0.0935122871904371,0.1979121747764288,0.0935479567964753,0.1922337572002039,0.1442030457344318,0.0943964797827001,0.1141285944719996,0.980705660006423,0.8706927126772745,0.7889481920023291,0.1243385599992843,0.1256784158988749,20000,981,934,1.0503211991434689,0.04905,1,1
162_Stock_id_14_Finance_tr_500_1st_4.csv,0.2430116526749691,0.9646926644186088,0.2795155290612728,0.2467436325929097,0.251519953523356,0.2464480224453791,0.2426853196429249,0.2444849378037733,0.2425925769552677,0.946343737269318,0.2542700636665126,0.2445737685990246,0.2471390550141608,0.242834510268106,0.2780667556282541,0.2521855814493839,0.2516763837463236,0.923520127615154,0.6516809999033714,0.2438178718671536,0.2425286245287827,0.2656644779461323,0.242844760890104,0.2435521275937475,0.2492829838048256,0.2433794353436577,0.2428914681109512,0.8700965965559553,0.9536181884320126,0.937516821751145,0.2653117909151494,0.2685048153206198,10000,1380,1199,1.1509591326105089,0.138,1,1
165_Stock_id_17_Finance_tr_500_1st_7.csv,0.2508227059349093,0.9688315699785052,0.2489382497310348,0.2636636563168201,0.2468853783081921,0.2460267831579825,0.245542573664672,0.2459153919517267,0.2455517900998913,0.9953554568518654,0.2493666434188888,0.2483844544195184,0.2454886958230803,0.2455641314237029,0.2531123298043404,0.2518631273100226,0.2544271315777324,0.9407820583114296,0.6570630226485784,0.245633527725347,0.2454579747523927,0.2747048549431903,0.2454871115559877,0.2454671513062225,0.245501048943154,0.246202492931188,0.2512618793582117,0.9780227742567856,0.9005406797247939,0.8933018523091846,0.2580277095970374,0.2594167872534988,20000,2798,2380,1.1756302521008404,0.1399,1,1
166_Stock_id_18_Finance_tr_500_1st_18.csv,0.2590390586530371,0.9634810556071368,0.2485576010434254,0.261447992763924,0.2689974571453403,0.2621084012739215,0.2505616084813732,0.2498759698124145,0.2457078372470193,0.9934125415032752,0.269247008394661,0.252521648160234,0.2461572317488269,0.2454481579664776,0.2554639089580856,0.2492702519363655,0.2613441682319055,0.9874905341471976,0.6426508692485456,0.2455640076640264,0.2453810117031916,0.265359556045451,0.2454348422825239,0.2453885394609215,0.245391775929932,0.245908169516147,0.2506355555054395,0.990324512935262,0.8882708684044108,0.9034089728138076,0.2614897542543982,0.2602085236304728,20000,2797,2401,1.1649312786339026,0.13985,1,1
169_Daphnet_id_1_HumanActivity_tr_9693_1st_20732.csv,0.138975754497887,0.4064713293309058,0.112346994498477,0.2870100013157352,0.5517960687664114,0.112560868769406,0.1130880410044956,0.1160095892824857,0.3538792948213744,0.3290470056843474,0.5295266749760842,0.1138487433031545,0.1259427570816339,0.1238194844250031,0.1169660299215555,0.1200802801247966,0.1931367394412583,0.4379427554948943,0.2371617557552262,0.2312197891690082,0.1122676842582304,0.2688522584952512,0.3043433356665344,0.1158838044055894,0.4247423580883502,0.4457681317228111,0.425141347961751,0.4593406117145704,0.4017814215208775,0.4430693499315276,0.5391193408534406,0.5300194963303637,38774,2306,6,384.3333333333333,0.05947284262650229,0,1
170_MITDB_id_1_Medical_tr_17675_1st_17775.csv,0.1688955540124008,0.1023604231329049,0.4132659376927205,0.0873951509663249,0.1610139273616528,0.4054709384900655,0.8031672801271974,0.7040465469996826,0.5808054824416397,0.0877939868091559,0.1495910154285143,0.130056118596868,0.1134635009774242,0.0957897556745836,0.1183329061182489,0.1077077316571355,0.0890413151425045,0.1042913959591635,0.0877691564657109,0.0874227062969047,0.0873864397054604,0.0873889848773703,0.0874834865249855,0.1000939550686782,0.1049940664501195,0.0941060013840775,0.0976487952099688,0.0978920086825292,0.0883395636474317,0.0958958132691673,0.1244334872871669,0.1200230610926421,500000,22845,49,466.2244897959184,0.04569,0,1
171_MITDB_id_2_Medical_tr_50000_1st_88864.csv,0.5797422988393031,0.2611384015659949,0.1383163101411234,0.1098475247928296,0.7877146514604815,0.3013349518038492,0.8797258884835901,0.8269165518809332,0.7893470852187321,0.0892078157720712,0.7531919385317462,0.559998402138569,0.0636608443226674,0.0666716393226936,0.1728198584575801,0.5026803274326107,0.1444651240731814,0.4809582561964559,0.3872750837820943,0.1659873057751006,0.2106408803643034,0.1852205314158428,0.4256040131670453,0.2681153093129069,0.214268482902378,0.1958006323019264,0.1114920344206385,0.1336466633048413,0.0649860893522541,0.1257806151373517,0.4203984772269735,0.3186839630486832,650000,19657,42,468.0238095238095,0.030241538461538462,0,1
172_MITDB_id_3_Medical_tr_27274_1st_27374.csv,0.1193378907050524,0.0542091898780974,0.4555524881945976,0.0542148701517342,0.0542574288952327,0.6288674881939325,0.494458616090391,0.4624539100389682,0.7134971084643564,0.0681333142904739,0.0542091898780974,0.0542091898780974,0.3836158812933055,0.1045357020327221,0.638038735640138,0.492935245015857,0.0575929340140011,0.158215661049513,0.0693130350462772,0.054229732037905,0.0542091898780974,0.0542156005589968,0.0556242671549988,0.0542091898780974,0.0542100099106918,0.0542179916842248,0.0542119487194781,0.0542201457575441,0.0542141029369271,0.0542105692636876,0.0542104881214155,0.0542091898780974,650000,18109,27,670.7037037037037,0.02786,0,1
173_MITDB_id_4_Medical_tr_13620_1st_13720.csv,0.4716139594915998,0.2012056027070965,0.2274360419344307,0.1860836332660563,0.2713912274921967,0.2939655841474117,0.5621191151043086,0.4565537095109341,0.4216890468975044,0.1860836332660563,0.2710561820617372,0.4754674235116871,0.1860880473573108,0.2624056059508074,0.3230250033586243,0.3385252139242123,0.1861078641220068,0.2034211503773674,0.1860844122081199,0.1984657717677569,0.2046086718401366,0.1965015746825506,0.2270647191100617,0.1898880215149491,0.1860864894188383,0.1860864894188383,0.1860846109632029,0.1860836332660563,0.1860903869568817,0.1860932434883475,0.1860836332660563,0.1860836332660563,650000,66682,199,335.0854271356784,0.10258769230769231,0,1
175_MITDB_id_6_Medical_tr_27274_1st_27374.csv,0.0542109923634374,0.0760780316050101,0.468171334232845,0.0542091898780974,0.3894591323562756,0.4222983863012641,0.3587018112469751,0.5514104461735964,0.4938329733873403,0.0584722524788555,0.3426841930046385,0.0542099201323125,0.0632485750150602,0.0872480477964006,0.68162352951432,0.1145015422190213,0.0684381843504448,0.0720908274314973,0.0628681316569676,0.0776133605569198,0.056005791860841,0.0775583475353898,0.1190589977672989,0.0706144229423123,0.0657037906777768,0.0692877231573401,0.0589476451332397,0.0577703827580856,0.0543257288829447,0.0573454426436202,0.0782701148305947,0.0565749671794831,650000,18109,27,670.7037037037037,0.02786,0,1
176_MITDB_id_7_Medical_tr_6232_1st_6332.csv,0.4690917691190835,0.2163684671623821,0.1128438570291157,0.1112107962111267,0.7480208950808663,0.2645134472074592,0.8905398999574947,0.8672659626371378,0.8276577702258404,0.1189892021334439,0.832836825565985,0.1771624630201529,0.3707181017339824,0.1909634228916386,0.3705511877664887,0.4206916594668385,0.2425962479603951,0.2511478048698054,0.1564646408055786,0.2367101188691372,0.2081880116623956,0.2221615922576668,0.6352911400373947,0.2072936457004209,0.1578436185526795,0.2375554605755522,0.1135350401383635,0.2093429823432498,0.1113072696047912,0.1200095338814754,0.4428137421933869,0.4569723592964531,650000,38272,144,265.77777777777777,0.05888,0,1
177_MITDB_id_8_Medical_tr_17675_1st_17775.csv,0.2611861377266001,0.1079314666962454,0.3121501440867883,0.080117145210296,0.3937744038020998,0.4978848309749066,0.8390984177481005,0.8114006203054998,0.247312671495062,0.0903796679109537,0.5110881801344238,0.2502190184186968,0.0894957087237486,0.0871116714954525,0.1573203181222307,0.2473932152906128,0.080121722683625,0.1162069512282805,0.0859857667464208,0.0801186922144874,0.0868262980567233,0.0801159619913115,0.080188202363711,0.0933974310319196,0.1069328451378272,0.1035648965742408,0.0953143283589644,0.1090043956262821,0.0814500387268228,0.1009603140696726,0.115624350390798,0.1139403079197646,650000,27124,60,452.06666666666666,0.04172923076923077,0,1
178_SMD_id_1_Facility_tr_6000_1st_10609.csv,0.1483015845377342,0.1017688665037996,0.0848573877459296,0.0958313688770751,0.1920078808636259,0.2406590646602597,0.4680094260005136,0.3851818758171847,0.2727223671732293,0.1578915686231296,0.0525544719996768,0.2668821541760999,0.1441276341618602,0.072156542652309,0.2349750716618365,0.4642810810854226,0.1097943412708353,0.2712527160949439,0.2134361001903207,0.1022212522561174,0.0349609698025646,0.0823937993783624,0.4214384481660375,0.1017688665037996,0.2391731520219399,0.269958921444469,0.1889095438521054,0.1452975466791417,0.0791331271337132,0.0958058655408022,0.3287643760785012,0.3326857124933806,24000,427,4,106.75,0.017791666666666667,0,1
179_SMD_id_2_Facility_tr_5925_1st_17580.csv,0.2952345175036734,0.0919526403960032,0.0140144847926224,0.0384584174419361,0.8111838904401389,0.0684565969244715,0.3236944460987422,0.3255764197623558,0.3269919498448287,0.2696581335978902,0.0621184341986377,0.4214831497636072,0.0677278831056768,0.0451627120570053,0.0883517369392895,0.2664319670509658,0.2933283603065339,0.5836249997244185,0.4715401927196962,0.2530567184475835,0.0491377598006858,0.1212090823126963,0.6614126812279358,0.0804583875254097,0.5285665411166209,0.3809477668107378,0.4749114175976842,0.3425887967670228,0.3124959570835552,0.3215384146927879,0.9369319424194676,0.9317457517723596,23703,161,1,161.0,0.006792389149052862,0,1
180_SMD_id_3_Facility_tr_5925_1st_17580.csv,0.4405747324233893,0.6477687403815894,0.1160849896210266,0.6254496915418019,0.9325103382028708,0.6716743842406285,0.0142682460228783,0.1938746173913292,0.5877815218026539,0.7333283363058596,0.8661922726423981,0.616761473560455,0.463230463123479,0.1530478967532114,0.394491550833196,0.3781046508122034,0.7054496915375301,0.8476771411633947,0.6477687403815894,0.7421828323657809,0.0134929937041444,0.7343703323660931,0.9757525787216422,0.6666620118741002,0.8476771411633947,0.8531806539523946,0.7999950025003548,0.7849779841661613,0.5813906565488974,0.7311779144992551,0.9342055438717948,0.9302275786164336,23703,161,1,161.0,0.006792389149052862,0,1
181_SMD_id_4_Facility_tr_5000_1st_15144.csv,0.1324077481167547,0.5667878626426921,0.1224833129288962,0.13677174854309,0.4006194015453134,0.1561124870814371,0.1873938046556196,0.1596678915122852,0.5499951523733052,0.505002916387275,0.6228300519403852,0.1347315628874659,0.1550743747756603,0.1347251840840976,0.1636990874546581,0.2047245317554401,0.1004341297064825,0.5657408564527225,0.5693531961222763,0.0868558747285753,0.0868558747285753,0.5712692999891495,0.574643276212363,0.4899778355552796,0.4451198295243347,0.4455396310954791,0.4215734647953421,0.4012435093935977,0.4593446233765345,0.437297432993405,0.5082585000595798,0.5209222728014086,20000,908,3,302.6666666666667,0.0454,0,1
183_SMD_id_6_Facility_tr_5925_1st_17580.csv,0.4444406486092366,0.2673234972453148,0.0587179197413768,0.2608661084730733,0.8111838904401389,0.7437450002289231,0.721707539429923,0.9279489164697848,0.5457587435508308,0.64768193922214,0.197799285419044,0.4700422536360722,0.1814105319519018,0.3657554506128354,0.7033589155776153,0.8882632070123788,0.072886436364993,0.6859157096098071,0.8231242970819774,0.3267294378322545,0.1989198216323302,0.2755072704394011,0.7509531275528369,0.2110521866061793,0.8782001333699601,0.7177864118305202,0.8461488513197541,0.5809084279190565,0.7581649483432727,0.8327819008091937,0.9235244258054652,0.9244136251282292,23703,161,1,161.0,0.006792389149052862,0,1
184_SMD_id_7_Facility_tr_7119_1st_15849.csv,0.3469843850329717,0.272120094575177,0.2371928772173213,0.1728403033654125,0.5891910620407453,0.5229824011449189,0.1737812693389018,0.1734424315261641,0.4736431592735817,0.3963015560507296,0.4434160987291429,0.1912622552453845,0.1731903177833268,0.1731958849975658,0.1736870379733356,0.1740238804117475,0.2654914874311422,0.4455595534144066,0.319606101463473,0.1728403033654125,0.3343130047690648,0.404881715825573,0.6426789522683994,0.195367001739381,0.460124758118228,0.4769716871745025,0.4977558277314627,0.34079190283501,0.4169467286787372,0.4185892738210899,0.6433306280886683,0.6410708305858652,28479,2694,8,336.75,0.09459601811861372,0,1
185_SMD_id_8_Facility_tr_5000_1st_15144.csv,0.1009288474137818,0.5675143660213574,0.0877056299576594,0.4176448422150451,0.4006194015453134,0.0900820707662818,0.0896546034190789,0.088701345458983,0.6844255251611101,0.3556481285548091,0.6101899108038801,0.1684388694234694,0.0871061229652851,0.0872481326216354,0.0880117342378932,0.0871936732074823,0.0871183800052088,0.5846479185512132,0.5775527558249139,0.5543857441814841,0.5321155283216757,0.5717502961173799,0.5984771985201868,0.520543115645962,0.4523079709657608,0.4512017268383119,0.4202577563081925,0.3894963233132616,0.3380079609264533,0.3437290406931328,0.5587442135922698,0.5652859249675587,20000,908,3,302.6666666666667,0.0454,0,1
187_SMD_id_10_Facility_tr_5000_1st_15849.csv,0.1979695953569414,0.3685332490036743,0.1975090424712649,0.1974289170199703,0.5148470390512779,0.1973844309650206,0.1983947341232606,0.201284560015529,0.4168097752163172,0.1986056663735338,0.4044459127834435,0.2001488517349945,0.2072307647338528,0.1973844309650206,0.1973844309650206,0.1978391315358259,0.2425618649310915,0.4388135690283068,0.3708668563090407,0.4008378885439806,0.1973844309650206,0.3953316419609666,0.3992504695419194,0.4402594262923621,0.3698710821319588,0.4253240969192216,0.2677969739200425,0.2952095598830608,0.2037450384020747,0.20787392605153,0.4419052007540046,0.4430162068114508,20000,2190,4,547.5,0.1095,0,1
188_SMD_id_11_Facility_tr_500_1st_392.csv,0.483942141012754,0.2695006946735012,0.4779824252648323,0.1570779064968659,0.570511920479874,0.4444405216909483,0.3961240470055077,0.399133699609921,0.4870338938891814,0.4536196922752332,0.5266018561846413,0.467090187932208,0.3661472936933926,0.3483225830211575,0.481690580680946,0.4852560473148095,0.4930860865423727,0.5095270781411492,0.2799568015280774,0.0866502249035861,0.066638833792709,0.1328017497115356,0.1536708977500173,0.2528924188547954,0.4140433591243205,0.496570365196831,0.4615334808107885,0.2809408509719451,0.2666616898617762,0.3059161069650065,0.6003633242139752,0.5983294120013605,23703,817,12,68.08333333333333,0.034468210775007384,0,1
189_SMD_id_12_Facility_tr_5925_1st_17580.csv,0.0228246140892245,0.4366770473883713,0.015039551809698,0.4163220245385676,0.9667623753236004,0.0337053048873508,0.0134929937041444,0.0134980843330076,0.6642018191823624,0.4201636901098603,0.6160293984534307,0.0369344277250497,0.1219466969090861,0.2323607101275245,0.0723465625654752,0.1267394640370773,0.3580196916183657,0.7849779841661613,0.4405245101203131,0.4413108633957162,0.5440565758400134,0.5426309666291218,0.8919618173860532,0.3124959570835552,0.6300317911520324,0.7536182106608978,0.501813327914719,0.4661606351894629,0.5411718158032052,0.5475237687815109,0.9266812325583504,0.9298195785294904,23703,161,1,161.0,0.006792389149052862,0,1
190_SMD_id_13_Facility_tr_7119_1st_15849.csv,0.1729172270793793,0.2522088667596123,0.2075709139751848,0.1728403033654125,0.6689444002065639,0.1922996130140919,0.1815653247467474,0.1973941765632,0.478194732666954,0.3833668313724687,0.725808844620587,0.1753421140768467,0.1741154323532543,0.1731903177833268,0.1821320762339668,0.1729894542393335,0.446615179035995,0.4052662513550454,0.2662464716429504,0.1728403033654125,0.2983687700354188,0.3705652786782695,0.69539102791053,0.2147099922099216,0.3551593921043389,0.4588800612108495,0.4043831668372251,0.3268339916064522,0.375378408880155,0.3944407927093569,0.6482512798197746,0.6471389732025901,28479,2694,8,336.75,0.09459601811861372,0,1
191_SMD_id_14_Facility_tr_4596_1st_4696.csv,0.0251881319227962,0.7467764365081662,0.031957658606426,0.4380117424196306,0.5307812848285409,0.0369342688328313,0.0494826558673368,0.0478957510274242,0.6605460348751793,0.551995141162769,0.8361154041081212,0.0761694300864122,0.0471927367369624,0.0967077460179722,0.0352564576154325,0.0504574310862817,0.202760512319846,0.6238487871705001,0.7520613291746483,0.012781103855792,0.7302856803742046,0.7768547176034281,0.8680505565488505,0.6569718584733265,0.6451564477470666,0.5783084021632353,0.4337300889237861,0.655314443130216,0.5855463916332715,0.6333285680914097,0.8474526276652307,0.8294068643888137,22700,146,2,73.0,0.006431718061674009,0,1
192_SMD_id_15_Facility_tr_5925_1st_17580.csv,0.1152474661732622,0.8029691718201984,0.0414554684470018,0.5848326771248037,0.928787569734284,0.3072437496735641,0.0134929937041444,0.013503745094276,0.8945636942577074,0.7468304448740206,0.915819951279052,0.042166244573291,0.0235403664737251,0.0208810701547709,0.0234893519143194,0.0260067296366945,0.037301682210336,0.8975853660098019,0.9374950002219768,0.8118032951907554,0.0484843753948825,0.8767073815722962,0.9173739515370144,0.6346815239810394,0.8993660700012861,0.7804828860262557,0.7202522410164158,0.8821499176100455,0.7092601798879998,0.6616493569795028,0.9360415321046404,0.9306308622338292,23703,161,1,161.0,0.006792389149052862,0,1
194_SMD_id_17_Facility_tr_5925_1st_17580.csv,0.0235378844119089,0.6765751197809622,0.013535533306326,0.644731859673199,0.7950569384223957,0.0215401981695486,0.0291907939829118,0.0135469225395484,0.6225634132586988,0.5545121340499938,0.8624950002242956,0.0999954502070155,0.1619387809628315,0.0172498912947669,0.0191471017933475,0.0160781348138881,0.0257206503268657,0.7492013517088205,0.6830936811005637,0.0134929937041444,0.6477937429680524,0.693064326626863,0.8546958888609231,0.5182433286723149,0.7080695341967975,0.6843804064334544,0.453436756589552,0.6877143825528345,0.4584667851888208,0.3712823347594776,0.8848434878151805,0.8807289461515004,23703,161,1,161.0,0.006792389149052862,0,1
195_SMD_id_18_Facility_tr_5925_1st_17580.csv,0.0352656854550172,0.363633324686146,0.0137461575798707,0.3618059554315531,0.984515123912327,0.0412351453189542,0.0208875096642712,0.0300646717399625,0.8150635459579693,0.6933283602578928,0.3052605712130544,0.0504157912845619,0.040608639320294,0.3728287994010295,0.0365418178472538,0.0393836345400662,0.0873843425063605,0.7652683181847971,0.8424608062309654,0.0134929937041444,0.0134929937041444,0.3999966287018229,0.9294067787464712,0.305415437439714,0.8937450002232822,0.7582039627862703,0.8090564975538579,0.6613499817783152,0.7724500963067974,0.8190426215472477,0.919995032026827,0.9217341526838868,23703,161,1,161.0,0.006792389149052862,0,1
196_SMD_id_19_Facility_tr_7174_1st_21230.csv,0.1187843075894601,0.0962364944485527,0.0441133808341395,0.3519284304610021,0.4794904915441652,0.1136604955778518,0.0242116145349454,0.125421794686534,0.4302752883588117,0.3877505706485406,0.0188379393199538,0.1297663494464643,0.0479752233819107,0.0596608023557896,0.1029169725069093,0.2173375865830048,0.0518107054015105,0.3521548486825844,0.5421203687476612,0.0732286503219622,0.0914984017283263,0.0283106329105887,0.4398926998690666,0.0165937888771477,0.6511581709138922,0.5384568047753425,0.5993835311673444,0.2237242687507562,0.1686711686034247,0.2596635268499375,0.7599950472159501,0.7513762339697196,28696,192,2,96.0,0.006690827989963758,0,1
197_SMD_id_20_Facility_tr_5000_1st_15144.csv,0.1454524522042459,0.5507454178806269,0.091814461588574,0.1633665033934903,0.4006194015453134,0.1324239574241939,0.1782131364714674,0.1669958951819001,0.5070100713575856,0.4904441677289338,0.6068022484211976,0.1620702171120166,0.1413063672922017,0.1125307303692365,0.1378032992549488,0.1536400439104468,0.0960642097589457,0.5425640238669388,0.5311728409068407,0.0944377151159986,0.4677173460890701,0.5477659625961462,0.590649721236597,0.4797203937493223,0.454884250897178,0.4589599893862671,0.4577210167118979,0.3855073709202461,0.4520227473022878,0.4364617992918353,0.5078079223557185,0.5278668933609243,20000,908,3,302.6666666666667,0.0454,0,1
198_SMD_id_21_Facility_tr_5925_1st_17580.csv,0.4957222029007878,0.5395634706200978,0.0174325595852059,0.2831817656471759,0.8540876331633829,0.4380120753816661,0.5594356387053195,0.0920109337487124,0.4848442608265155,0.4949446695960693,0.8424387361882429,0.4803451696554843,0.3228659406479577,0.036988578826742,0.6116789055795614,0.5322535097294044,0.5877815218026539,0.6258453855267522,0.5415113774890561,0.1023575632955929,0.504978413090824,0.4797247683584696,0.8472572738210273,0.5206567034736521,0.7238556833199914,0.6845188182407599,0.556957027163905,0.5930549381945674,0.4556163130338613,0.5528406096162563,0.8284739732812916,0.8284739732812916,23703,161,1,161.0,0.006792389149052862,0,1
199_SMD_id_22_Facility_tr_5925_1st_17580.csv,0.2897677636761916,0.3489318555535785,0.0151599774773671,0.1331324659176819,0.9384114378366076,0.391193270304127,0.2341722170991466,0.1824284725681494,0.926375368877895,0.4868865979794404,0.4077635757661738,0.2441810670634144,0.7692257988486843,0.8513463899576935,0.7794511970820711,0.946740573360555,0.0405213505379911,0.605573089350983,0.6097515748236847,0.0232546167463297,0.2645477405688582,0.3582057672123537,0.744181354215032,0.2638254725920653,0.7730447460196833,0.5416617363971136,0.6530562698788595,0.3571379697097416,0.5762668504348086,0.6053592578281919,0.9279489164697848,0.9333283555821036,23703,161,1,161.0,0.006792389149052862,0,1
201_SMD_id_24_Facility_tr_7174_1st_21230.csv,0.144574127897329,0.0767041848432978,0.0508317729751367,0.3430933919459579,0.5015432430549762,0.1185882829244877,0.1622059677062835,0.1213674516257545,0.4330674288821392,0.3879553924968636,0.0191153172427097,0.1471339959655131,0.0517896022243966,0.0771375293221665,0.1087456063768588,0.2241556867843199,0.0369614242614901,0.3561600178804974,0.4196675762923815,0.0345366774615762,0.0137051314174392,0.0285259499010785,0.0436264830105855,0.0212327856021692,0.5185136007479348,0.5242116064454336,0.5033969624152135,0.1923030548455619,0.1428530011404883,0.2922032004432138,0.7397210634973748,0.7382870523749021,28696,198,3,66.0,0.006899916364650125,0,1
202_SMD_id_25_Facility_tr_6250_1st_21230.csv,0.0157464494118543,0.0141827003086444,0.0736813402780151,0.1408437611706708,0.0706693179439115,0.1043939556171527,0.1278744318091434,0.4651127096001356,0.1188557480914695,0.3124957031840812,0.0081425381153057,0.0409403983713446,0.0125674320491355,0.0532260399095014,0.084998486151962,0.2175692240016098,0.0052886206780582,0.6612853434297903,0.4096352968759525,0.0284317205123964,0.1142846367448535,0.0067222669286753,0.3646362504785851,0.0117488818662558,0.6464602020507574,0.5599950157243628,0.2030412297094617,0.2352906464179928,0.1016899858752609,0.207402409996957,0.8034138856316801,0.7903176014881855,25000,66,1,66.0,0.00264,0,1
203_SMD_id_26_Facility_tr_7174_1st_21230.csv,0.0177310618515338,0.3361316573920939,0.0144756568468019,0.265247002183421,0.5015432430549762,0.0331323835466471,0.5134052530488658,0.0319570660196819,0.3112537626197831,0.3102009809556081,0.7348196327703741,0.0264040774415334,0.068743818718663,0.0141870372785255,0.0358533519964676,0.0650917266192438,0.3611068142872392,0.7261099906988864,0.6105220742676946,0.3236485205410108,0.3308783921321883,0.3636333884540944,0.8398008328131644,0.237701858410788,0.6770138976451037,0.6649026618122891,0.3822481776644187,0.4516087825558089,0.1681394220657756,0.2479967053237703,0.7716485510893996,0.772112981509754,28696,198,3,66.0,0.006899916364650125,0,1
204_SMD_id_27_Facility_tr_5000_1st_15144.csv,0.2098317983207874,0.5392441522463108,0.0883088232842684,0.4584171800090512,0.5121901518262706,0.0880391060051722,0.0868558747285753,0.0889497993972423,0.4929536325930296,0.3423711658690661,0.5888639784448273,0.2239718239819939,0.0959651680854238,0.0870850999413534,0.0890877953868599,0.0870140215745574,0.0869182323932061,0.5277890512443022,0.5435729902192205,0.3905396488443581,0.3532240250995658,0.5656965596842627,0.6106651831017184,0.4911311010595213,0.4054860328287333,0.4300468309739931,0.3237007226841073,0.3440496471036475,0.3266257612049683,0.3391343686063254,0.6033884321677526,0.615964582711645,20000,908,3,302.6666666666667,0.0454,0,1
205_SMD_id_28_Facility_tr_5925_1st_17580.csv,0.375583163870601,0.3147178252750691,0.0656892813239543,0.311554699154402,0.8111838904401389,0.7284295089605561,0.9271087213928608,0.6735345756789856,0.5243658005240308,0.67163699407525,0.2965600678121555,0.3809488032082041,0.1779912617065593,0.3929979512256839,0.714796576034404,0.8919618173860532,0.0663851643430281,0.6760514275798047,0.7335860294572758,0.3147178252750691,0.0134929937041444,0.3804844335813289,0.7470770319298777,0.2371105787348614,0.8096836465381398,0.6872802801456138,0.8391117205165977,0.5785079431392641,0.7532417636103841,0.8476771411633947,0.9212778176029428,0.919995032026827,23703,161,1,161.0,0.006792389149052862,0,1
206_SMD_id_29_Facility_tr_6250_1st_21230.csv,0.0115906538168347,0.0170048100349818,0.0886964301262366,0.1408437611706708,0.0706693179439115,0.0642183688754482,0.0276919097922262,0.021989405131887,0.0836995183396449,0.2857096164028405,0.0079216638805404,0.148931613991809,0.0085893652294385,0.0391920148098785,0.0499411908310519,0.1176442527863646,0.0054484122511708,0.2399955780814738,0.3291111745142382,0.0214108494238079,0.0052660449808008,0.0068849720716271,0.2366374524229444,0.0079791262334141,0.5510160100309404,0.3739787666733113,0.3655872771883116,0.1505335138138,0.1142810450887292,0.1739089887523817,0.8275813020504726,0.8264413223438015,25000,66,1,66.0,0.00264,0,1
207_SMD_id_30_Facility_tr_7174_1st_21230.csv,0.0491614960557222,0.2966074677063111,0.0252548000153391,0.2493025263221086,0.5015432430549762,0.2155123488774178,0.2616775160256451,0.3643083821809902,0.6503617532560017,0.3893092850417152,0.2852067261683275,0.0900352405594123,0.1099332652552615,0.2882046986972711,0.3210476405208051,0.2628522293163394,0.2924867159701561,0.5863146384934752,0.6185523520339784,0.2916637791952526,0.3481749571665243,0.3109215733603668,0.8316276536118957,0.220336281274152,0.6296248765790907,0.747658579384973,0.6086909162823626,0.4654505134894723,0.177212440356712,0.3390755549659153,0.7578897457392401,0.7606333120516942,28696,198,3,66.0,0.006899916364650125,0,1
208_SMD_id_31_Facility_tr_5000_1st_15144.csv,0.1107950028207803,0.5571942657286443,0.0871434632869299,0.4209016961082022,0.4263157929199242,0.0902478935586036,0.0868558747285753,0.0972810177735299,0.5850623815341052,0.3769181575346201,0.6151481550776507,0.1171571366576828,0.0871727453774102,0.0876354905850736,0.0896590873455778,0.0883990966673499,0.0872816799332561,0.5820762471238808,0.5943036087918133,0.5724261179894679,0.5640024969212065,0.5591020832233711,0.610788463373624,0.5584444745744824,0.4650894424865944,0.4488356670369426,0.4168815522850989,0.418358155666353,0.3446823706658909,0.3628110474520464,0.5417539224771216,0.5432372908444822,20000,908,3,302.6666666666667,0.0454,0,1
209_SMD_id_32_Facility_tr_5925_1st_17580.csv,0.0294087858763467,0.7593170758151956,0.0477177977329313,0.4305508797875757,0.5175558933100669,0.0319099974975027,0.0188945987185667,0.0153032123914497,0.3695602955818531,0.3582039628229778,0.6927034637115331,0.0234431983338949,0.0134941246231465,0.0134935591399494,0.0202914726439291,0.0218983855739167,0.023119979895914,0.6319395141684804,0.5287309053431194,0.7567517953667132,0.4802581754758589,0.6826617665773946,0.9117597199234596,0.6006550857082763,0.2969138156480278,0.4358159031090943,0.1422566133190958,0.2873189869531961,0.2236792281667278,0.2379553786074035,0.4763998764240089,0.4622823391307081,23703,161,1,161.0,0.006792389149052862,0,1
211_SMD_id_34_Facility_tr_5925_1st_17580.csv,0.0284124009289631,0.8072678733514996,0.0134941246231465,0.120814043471715,0.9221133801379404,0.0195088243777587,0.0134929937041444,0.0134929937041444,0.8027161338174296,0.5735245807608489,0.9121572007665768,0.0297909603687688,0.1304325951453812,0.0135060107284367,0.0134929937041444,0.0134929937041444,0.1574759853785063,0.8113830068303389,0.8115893418165554,0.0134929937041444,0.0134929937041444,0.8758571298732745,0.8919618173860532,0.571423867303674,0.7804828792696339,0.7683234613028791,0.7803228844177564,0.7527627047870986,0.608691024109928,0.7007250804853296,0.9221852277091446,0.924850515413186,23703,161,1,161.0,0.006792389149052862,0,1
212_SMD_id_35_Facility_tr_5925_1st_17580.csv,0.0249909053076535,0.5702434803298436,0.0137148309955216,0.5829914124499006,0.9255613519189142,0.0508020483453628,0.0142881080509328,0.0786010169433687,0.7384568228111784,0.5806401768558531,0.9050582929694384,0.0222381054210283,0.0440633607596697,0.0454527632392935,0.0405919915114604,0.0411044980000326,0.0964524941651161,0.6933283602578928,0.7070657425327886,0.0484843753948825,0.0134929937041444,0.7368373269007935,0.8944395001816517,0.5121905992203185,0.7337612441307421,0.6515531122527882,0.567370987165691,0.6771607127232413,0.6332238406070773,0.7445207009213138,0.9127857181518269,0.9127857181518269,23703,161,1,161.0,0.006792389149052862,0,1
213_SMD_id_36_Facility_tr_5925_1st_17580.csv,0.0146160804577197,0.9811270762882786,0.013617965826048,0.1899518296613599,0.7834502223222486,0.0140252224356474,0.0143205160368245,0.014634222769307,0.9387705289727034,0.6170955658809067,0.9044894276562248,0.0190564917452121,0.0765514857064501,0.0135122451442172,0.0144128992124248,0.0160022608029746,0.0672389888037753,0.9810076600559092,0.9842221306068444,0.0134929937041444,0.0134929937041444,0.9842221306068444,0.9279489164697848,0.8364729882423692,0.9020721612687876,0.8081345553646467,0.9014875448705976,0.8834305836031328,0.7084822619846018,0.7777727914797009,0.8944395001816517,0.8944395001816517,23703,161,1,161.0,0.006792389149052862,0,1
214_SMD_id_37_Facility_tr_5925_1st_17580.csv,0.2987507516024889,0.0919526403960032,0.0140389258211826,0.0377833736153574,0.8111838904401389,0.0684728728698405,0.2465704119582281,0.1255116393138607,0.3520557132038918,0.2696581335978902,0.0621184341986377,0.4104761740284742,0.0677009105985651,0.0450419502554346,0.0879983293117187,0.2657302209158888,0.282480916649987,0.5642808268280464,0.5282971181633712,0.1359173391302869,0.2302581755319781,0.1283398519134576,0.9070372967539276,0.0799985280270843,0.5194762954560969,0.5274676885951562,0.4085063236309045,0.2948161172762578,0.3127925923016401,0.3215384146927879,0.9380481099455046,0.9289890940711164,23703,161,1,161.0,0.006792389149052862,0,1
215_SMD_id_38_Facility_tr_5925_1st_17580.csv,0.0249955844605728,0.6805506252768442,0.0282272998476494,0.5017372346876002,0.7038073322735852,0.0242174347851725,0.0137025746667145,0.0153564068005801,0.5589477897377169,0.5617929650143616,0.7722722474152718,0.0349299392879177,0.0232508354697278,0.0194632308076622,0.0211218512204258,0.0201731143335003,0.0962937593432445,0.6599950269263611,0.6805506252768442,0.6830936811005637,0.0134929937041444,0.7440223527685628,0.8380902405941738,0.6315741690112213,0.6222172779713867,0.4405014999407803,0.4587105975537492,0.4887590906006557,0.681383013898885,0.7081917368800159,0.8269180820896707,0.8835770971099639,23703,161,1,161.0,0.006792389149052862,0,1
216_LTDB_id_1_Medical_tr_500_1st_266.csv,0.2675868393089419,0.2587020494871929,0.2735743584170552,0.259138072489775,0.2587020494871929,0.7076808471265239,0.7824060371992663,0.7972182825612136,0.6321566611370695,0.2589640803892269,0.2587020494871929,0.2732717428478748,0.309683648024149,0.2588993412023697,0.6753271081280515,0.605364270481758,0.2587020494871929,0.2587714331808082,0.2587257910028935,0.2588376810809296,0.2587020494871929,0.258704908234907,0.2587020494871929,0.266206491318404,0.2587133119111878,0.2587043018935462,0.2587065543391214,0.2587178171553599,0.2587178171553599,0.2587296890779497,0.2587020494871929,0.2587020494871929,100000,14857,137,108.44525547445255,0.14857,0,1
218_LTDB_id_3_Medical_tr_500_1st_266.csv,0.5028972532382417,0.2587020494871929,0.3205903031375922,0.2594913010151522,0.2587020494871929,0.7673202603412428,0.7567905824188637,0.761321403171923,0.4957322814025514,0.2587251831170161,0.2587043018935462,0.5597841369425695,0.2764074432177171,0.2588124635422145,0.5909130467981281,0.505596418370571,0.544178866594394,0.2587190318690365,0.2588243505266707,0.2589365526820835,0.2587020494871929,0.2587065543391214,0.2587020494871929,0.2673410991072222,0.2587088068239194,0.2587043018935462,0.2587088068239194,0.2587161716659797,0.2587178171553599,0.2587071608426627,0.2587020494871929,0.2587020494871929,100000,14857,137,108.44525547445255,0.14857,0,1
219_LTDB_id_4_Medical_tr_3618_1st_3718.csv,0.8971978985896383,0.4440861008991459,0.322798881164231,0.2575490930633723,0.7199838475402971,0.5342831937189825,0.7759340550418313,0.6103181356051807,0.8480282387443542,0.3286618668255991,0.8114219577989652,0.8890975164362933,0.2717613461218415,0.3559671524198717,0.516829156538259,0.2575490930633723,0.9337487521963032,0.4519416096140509,0.441019262189903,0.359393908555631,0.2575490930633723,0.356448216389851,0.8131780719796147,0.4332860785172234,0.4923254630699722,0.4661519204509632,0.3858022029201522,0.434851034587729,0.3444742650730343,0.3559819044438259,0.7049953191333843,0.7216165391169739,100000,14781,116,127.42241379310344,0.14781,0,1
220_LTDB_id_5_Medical_tr_500_1st_26.csv,0.5062205808434933,0.4798352157852332,0.4800809418388755,0.4798352157852332,0.6457473389711701,0.4798352157852332,0.4867476971043652,0.4816454480758139,0.6777007860896422,0.4798461574636895,0.6194840330364507,0.5306852735991687,0.4982858159779513,0.4798534521932234,0.4798352157852332,0.4798352157852332,0.5748720838556385,0.4798352157852332,0.4800097449449441,0.4799075588023384,0.4798352157852332,0.4798352157852332,0.6005299336210471,0.4798352157852332,0.4847090974798594,0.5120969171747118,0.4798594959957993,0.4798812311155082,0.4798485794972384,0.4798352157852332,0.5517586295209962,0.5512324431426256,100000,31565,166,190.15060240963857,0.31565,0,1
221_LTDB_id_6_Medical_tr_500_1st_26.csv,0.5848771411912143,0.4798352157852332,0.4815677020184891,0.4798352157852332,0.4798352157852332,0.5032740148556812,0.669332150402429,0.7114716452923551,0.4916356301694383,0.4798509456444099,0.4814500271647711,0.6816896459538322,0.4798352157852332,0.4798352157852332,0.4838408991566218,0.4885337991264483,0.5955784250520986,0.4830142966055865,0.4799002059553359,0.4798388629559411,0.4798352157852332,0.4798643947033943,0.4929892114812932,0.481272926695974,0.479872889931987,0.4798442603775781,0.479835766830341,0.4798461574636895,0.4798697803004254,0.4798674302158198,0.5079337709911208,0.5086499498464593,100000,31565,166,190.15060240963857,0.31565,0,1
222_LTDB_id_7_Medical_tr_3618_1st_3718.csv,0.7819581829952811,0.3967365389182797,0.3525042445657905,0.25757206117719,0.7707600181204313,0.4069974194456064,0.9076586114958516,0.6715217647243517,0.8847649112524179,0.3942540735419071,0.918814847425534,0.8721209955349629,0.2575490930633723,0.3571894756404182,0.4707525565025212,0.4176836828508514,0.9688654223435748,0.4799723896742726,0.3474954158514545,0.3800765493632196,0.2575490930633723,0.383414693854855,0.9102240720834038,0.3465844942582424,0.341118231402589,0.4621599787943332,0.4399387004250005,0.3606292767638681,0.3168197568531726,0.3128001401379264,0.7628496733076081,0.7697234457461198,100000,14781,116,127.42241379310344,0.14781,0,1
223_LTDB_id_8_Medical_tr_4456_1st_4556.csv,0.8194533129165982,0.3156435189251604,0.3042559003892936,0.2791366511146416,0.2795916739655034,0.6043258063004904,0.9255803106562228,0.8993875118196353,0.8772060514515115,0.2950129640848131,0.2964449788196785,0.8361909139735431,0.4162725345508337,0.3220559195667715,0.5828970493743713,0.6245524682682018,0.7910415299746019,0.4239646142204697,0.3852073871983029,0.3174276258284172,0.278219696969697,0.289529211143496,0.278219696969697,0.2782220921562877,0.2835630715544969,0.2782244873841189,0.2782244873841189,0.2782583209063069,0.2782220921562877,0.2783325294128727,0.293735229604758,0.2941506596534531,100000,16159,100,161.59,0.16159,0,1
224_LTDB_id_9_Medical_tr_4456_1st_4556.csv,0.725672501866032,0.3190026403888362,0.2790557041344437,0.278219696969697,0.6193793637118776,0.4164401520489452,0.7906056208256652,0.7919113304012988,0.8284640860624336,0.2842648888595274,0.6754901238528108,0.7865230067135429,0.3395478373081131,0.3903467574509156,0.5468844320350157,0.7634246391845966,0.8353179596441791,0.4832417231986554,0.2799819650890446,0.2782292779635074,0.278219696969697,0.297720644021938,0.663542137002581,0.278219696969697,0.2989695544622142,0.3237170687689856,0.278278106664737,0.2926785326941464,0.2784319863556672,0.2784006631447589,0.4213973991842042,0.4696980340168536,100000,16159,100,161.59,0.16159,0,1
225_MGAB_id_1_Synthetic_tr_25000_1st_38478.csv,0.005230617945204,0.0074836119134644,0.453056393221032,0.0152234291958308,0.0069199297604604,0.4081589153131474,0.0061251565771113,0.0058810613680557,0.0073495309400737,0.006298032337247,0.0054316005428517,0.0050661409682552,0.0067154576013048,0.0054081476253897,0.3309642819969682,0.1574769670251105,0.0366442264403798,0.0085571546313575,0.0460815052800188,0.0040329496088586,0.0044388154094246,0.0040503405452178,0.0041818645010493,0.0042051133937583,0.004176641161853,0.0043830610716531,0.0039962036488933,0.0052845361861509,0.0049198182238682,0.0069495503459702,0.0055814392176529,0.004039992330078,100000,200,10,20.0,0.002,0,1
226_MGAB_id_2_Synthetic_tr_20000_1st_45134.csv,0.0037626544102557,0.005781874449969,0.3327637785365859,0.0055976596587998,0.0131960836385859,0.4999952140767262,0.0048623770812118,0.0049575079461311,0.0045506555505903,0.0129014778642893,0.0058698439191756,0.0037044248639268,0.0645143809006465,0.0769212360729828,0.3652921916305486,0.0055472086809259,0.0175391210094114,0.0072875786218395,0.1614884148306756,0.0038828760174688,0.0040861656020751,0.0038446671948129,0.0040904651359941,0.0038961304859641,0.0066918149029354,0.0051444406200529,0.0051041141069187,0.0072705064634802,0.0092845319079444,0.0036517852683387,0.0041036938388899,0.0037692370645515,80000,140,7,20.0,0.00175,0,1
227_MGAB_id_3_Synthetic_tr_25000_1st_44340.csv,0.0042391615637112,0.0052522315302288,0.3490355954528062,0.0140803424339279,0.0082684827047596,0.5171454111771795,0.0061324955726844,0.0057910021772496,0.0067332594940979,0.0065368624459148,0.0081954227896197,0.0044871698627061,0.0673069526708497,0.1465493460552364,0.3576595983338217,0.0060432538056495,0.0223929410284137,0.004091440326889,0.16911375441486,0.005182505734316,0.005024489733386,0.0041384057135438,0.0052564941006141,0.0076559991490612,0.0041162031935516,0.0088953182272297,0.0047839113634547,0.0052652369790324,0.0041551115745506,0.0065529725921921,0.0054077412743405,0.0096574709658865,100000,200,10,20.0,0.002,0,1
228_MGAB_id_4_Synthetic_tr_25000_1st_38948.csv,0.0046700289128683,0.0097269253519948,0.3815159348452563,0.0126282557221783,0.0249723274511307,0.5569570261624809,0.0065909683910294,0.0064368891387644,0.0068212897750734,0.0197767908372418,0.0124746876454352,0.0051393999325447,0.1580994548335549,0.0075044875635587,0.3339992146727712,0.1264789014912158,0.0085739658275206,0.0044936873137918,0.0877171437894508,0.0040280735774311,0.0086917879145212,0.0056033910826289,0.0072011711037232,0.0103309253668124,0.0048171990964283,0.0074588917973087,0.0101472878836309,0.0122569738700339,0.0083545924320776,0.0041456691586142,0.0099835697380028,0.0043485004196302,100000,200,10,20.0,0.002,0,1
229_MGAB_id_5_Synthetic_tr_25000_1st_33098.csv,0.0054459955166346,0.0047631488100576,0.3975492710569499,0.0042540781255907,0.0054826160136825,0.5263108033713365,0.0055405392147796,0.0057629834045627,0.005175740656575,0.009656844046797,0.004638158909502,0.0051281214140145,0.0765541997753612,0.0075125532181835,0.3256736329455815,0.1583529210900676,0.0472407467187364,0.0130827407033499,0.1578925823624239,0.00783574365887,0.0047737317663811,0.0043666080093369,0.0053809461952901,0.0085065760558787,0.0044826423273222,0.0079565604754209,0.0048786684903779,0.0058147003092477,0.0060908450761273,0.0079976895563503,0.0041110408341079,0.0040344853178,100000,200,10,20.0,0.002,0,1
231_MGAB_id_7_Synthetic_tr_25000_1st_35544.csv,0.0041439081676819,0.0061783307133742,0.4190436577726494,0.0046421968732482,0.0057510451280744,0.4930698506491983,0.0050636688070087,0.0045655787681397,0.0054462787773829,0.0123029603998462,0.0067401300067205,0.0045621101344104,0.0373819547958711,0.018456805947193,0.3846103920766413,0.0686670965513023,0.0054895523679047,0.006685367240541,0.1797715216317261,0.0039919761279827,0.0044921424692005,0.0042034720411333,0.0086933843345214,0.0043944276863293,0.0044970998679015,0.0061607224679238,0.0052656490873007,0.0052168902312651,0.0049234563174066,0.0050117826794836,0.0053187122450747,0.0076983676894375,100000,200,10,20.0,0.002,0,1
232_MGAB_id_8_Synthetic_tr_25000_1st_32708.csv,0.0049786825223467,0.0070039512791141,0.3718098942007885,0.0052720649096631,0.0098246614771658,0.5739860846210476,0.0101907186786098,0.0088639034191545,0.01445283958151,0.0115000545354148,0.0069067890144481,0.005412950484033,0.1471838234283034,0.0775838288481579,0.3892568003070444,0.0892838010614058,0.056492259995458,0.0107867624850783,0.1851813443869312,0.004029550424726,0.0053754145066533,0.0040780607212764,0.0039921354946723,0.003992055809737,0.0040299623151089,0.0069369599920193,0.0101722508202966,0.0080637776424834,0.0050674477292766,0.0093750750738433,0.0056550295260492,0.0039955649588557,100000,200,10,20.0,0.002,0,1
233_MGAB_id_9_Synthetic_tr_25000_1st_41300.csv,0.0042019860637059,0.0040969396758085,0.3364446837448582,0.0094296526954138,0.1320087138952042,0.4200664335064589,0.193253478222925,0.1769891142845259,0.0162562123567082,0.0118027691184795,0.1451581686415346,0.0041372192927951,0.1449235455835273,0.1039968000984585,0.3627564753479716,0.1625985855549042,0.1531513676046172,0.0238995898564829,0.1533058797556101,0.0118999767289343,0.0095685539044484,0.00720260013865,0.1606394091039975,0.0054318174136823,0.0047200149048205,0.0056863785816924,0.0078090835259573,0.004327654909972,0.0053669965349954,0.0060513726321341,0.0041458956087448,0.0130000535602206,100000,200,10,20.0,0.002,0,1
234_SED_id_1_Medical_tr_3740_1st_3840.csv,0.5258799496879807,0.4826753360987881,0.1211708802140669,0.1566046771022192,0.0938453346252603,0.6259140930203245,0.7787332608028834,0.5824444008016311,0.1796154254966723,0.0917071876467422,0.0916065499120226,0.6915099558153891,0.155297273352464,0.1598050802949771,0.6457894454043053,0.7372024254707101,0.5010110219438523,0.0916284088868916,0.0935329877405658,0.0916065499120226,0.1321479876337784,0.1074154474271853,0.0916065499120226,0.1018976372530196,0.0916109208726044,0.102812060518346,0.0916152922503225,0.0916065499120226,0.0916152922503225,0.0925997627469458,0.0916065499120226,0.0916065499120226,19999,960,15,64.0,0.048002400120006,0,1
236_SED_id_3_Medical_tr_3740_1st_3840.csv,0.5918614659173669,0.512773463777844,0.0848749996866852,0.1191711362029572,0.071855010080046,0.6146947003563542,0.7448265367050381,0.6457331623188646,0.1634122586779261,0.071017563338555,0.0709886813734256,0.6765714162339185,0.1158998569474914,0.1275758565724227,0.6366821676077413,0.7215315361296484,0.4459476074782367,0.0709903931821204,0.0737516990406093,0.0722335235937793,0.0709886813734256,0.0832994692621679,0.0709886813734256,0.1639901107148956,0.0709903931821204,0.0712746591415994,0.0742339533292707,0.0709886813734256,0.0709886813734256,0.0716653211653307,0.0709886813734256,0.0709886813734256,39999,1472,23,64.0,0.036800920023000575,0,1
237_SVDB_id_1_Medical_tr_11587_1st_11687.csv,0.372735018351859,0.3014788152849174,0.1877831104907718,0.1404886689870778,0.9348963079309686,0.1405824364149438,0.955349815954354,0.8509362392664288,0.910025375079437,0.1950166046096602,0.8985575032062341,0.4152133403945476,0.2337723190398974,0.1417634531434807,0.2336213618168864,0.1404886689870778,0.3003563124878999,0.4975268227926348,0.3612846614163966,0.2231647737690934,0.3480945318019672,0.2227746423349577,0.8514936429088115,0.3012188321334345,0.4174019015566835,0.5257537999953318,0.237643506530949,0.2956642590987521,0.1419947635582255,0.2261078151950979,0.6768023239616496,0.6769876425917314,130400,9852,12,821.0,0.0755521472392638,0,1
238_SVDB_id_2_Medical_tr_25000_1st_71963.csv,0.2192001404556357,0.0441879088330474,0.3887461039251285,0.0563044948440506,0.7031459854199198,0.6305100003054469,0.9602350610568484,0.9099551892590632,0.3067747673288544,0.0434568043348452,0.6608647195213526,0.2212001918833021,0.1112995818113132,0.0159726704345687,0.9195352363976927,0.1752298009396382,0.4665141522137347,0.2417072245451987,0.1613221867373351,0.0580900707121605,0.0278504799772761,0.0608340478499962,0.7319029573134326,0.0395125720926031,0.069610060238672,0.0526293469924728,0.0713292415405371,0.0298858044479285,0.0174094920785256,0.0191428710167043,0.5355261508902396,0.304393217467872,100000,676,1,676.0,0.00676,0,1
239_SVDB_id_3_Medical_tr_50000_1st_106634.csv,0.1044474091615211,0.1271648250065595,0.2463695367155513,0.0814339991147937,0.4581487175892594,0.33943890078662,0.8049639827516352,0.679162787179827,0.4359697370053282,0.0971520541606103,0.5256503289949176,0.098011458784022,0.0496788148292349,0.0524363927451576,0.5970433986468194,0.5852139539489485,0.4674269716472126,0.3033217379824762,0.2221274084459933,0.1567314689556952,0.0409193215860091,0.1897456085938799,0.4673144917296613,0.1022727327478882,0.1524576728906086,0.0855049306152653,0.0686320113684572,0.1685145944386166,0.0475032736857501,0.0634708906901226,0.3752575375986881,0.2979900568056487,230400,3503,13,269.46153846153845,0.015203993055555556,0,1
240_SVDB_id_4_Medical_tr_18462_1st_18562.csv,0.2786627355133363,0.162249417838807,0.2400881923993391,0.1252080534682562,0.5570771742253119,0.4539321692479146,0.768304771725285,0.7140833512194896,0.3111810900803224,0.2298974850349537,0.5530119514516803,0.2619622435830591,0.1138821564103174,0.2566821165344803,0.6098310660659874,0.3260426324879275,0.4151890220242266,0.2359918737773702,0.2171708036851705,0.1607670358007016,0.0880317674450547,0.1573686423290294,0.4987012162541728,0.1448207828789747,0.1148955460212555,0.1693583172350806,0.1132048744597857,0.1470538744240752,0.1566733740942771,0.1688824623305825,0.2637840057330145,0.2148039915654021,130400,6004,34,176.58823529411765,0.046042944785276076,0,1
241_SVDB_id_5_Medical_tr_11587_1st_11687.csv,0.3822521626681947,0.275290634329049,0.2589317089844291,0.1404886689870778,0.8233907582804667,0.1854339499103277,0.9798429671040412,0.9464526547901578,0.9057909613255904,0.1658691070486953,0.8248777643044028,0.3785043863010445,0.1826281988857173,0.1404936776064307,0.2952866520220552,0.515543836355001,0.3479088284640074,0.4180978242617803,0.3042254281686236,0.2739978158919418,0.1880705963242541,0.252313050972349,0.7015646285743811,0.2176235676855948,0.3905466776180756,0.2108546774209105,0.1788206632779587,0.1879153383668128,0.1513619870506147,0.2043561957978244,0.3027298099287971,0.3006833168812845,130400,9852,12,821.0,0.0755521472392638,0,1
243_SVDB_id_7_Medical_tr_11393_1st_11493.csv,0.1799448882263941,0.0691253595216102,0.1780148505463101,0.0597425519291987,0.3689573429150109,0.534588383428437,0.8195293351009673,0.7817700146938855,0.4237811401176097,0.0928035328397831,0.378297044576954,0.2008070040342506,0.2065960690398355,0.0951877118329558,0.7972863329342934,0.6669706972366123,0.2778303924333665,0.0797783959298752,0.0597832694440483,0.0605287083770316,0.0596615829806574,0.0675451871456981,0.2414968954357947,0.060155220746585,0.0670053773765784,0.0597656241909232,0.0596683216488177,0.0722241521167365,0.0596763367979864,0.0614020941657361,0.1341598115576921,0.0820574996367886,180400,5547,32,173.34375,0.030748337028824832,0,1
244_SVDB_id_8_Medical_tr_17803_1st_17903.csv,0.7804108447382474,0.1063642594294727,0.0830848836727571,0.0945803650542958,0.6040335411772545,0.616772003277379,0.8291577110786977,0.7496576826242034,0.8139452767805039,0.137107312597853,0.5927289327390768,0.5457142750781732,0.7628964583015999,0.218084276810666,0.7650343276585843,0.8387195240984349,0.7724459214122904,0.3197022096885778,0.2071262186872599,0.1027116048701761,0.0831050711727483,0.1210942434562522,0.5860097003595979,0.0856745210737617,0.1447937459764164,0.1087984829234738,0.0586906458592204,0.0741151168454459,0.0586945514660222,0.0640998844581932,0.2929096287782061,0.1846307973753773,130400,3941,25,157.64,0.030222392638036808,0,1
245_SVDB_id_9_Medical_tr_12607_1st_12707.csv,0.562189561293379,0.2999235687442976,0.1882405292716521,0.1524992185579966,0.6603806716688103,0.1683590590222263,0.8333828492672597,0.7649856173308999,0.7525268974833387,0.2140136123301597,0.7731165453445146,0.518686768328301,0.1524992185579966,0.1877000895544062,0.3421663980346534,0.6542791732489963,0.3108421891655859,0.4445726461725082,0.2557470326179116,0.2783063650168617,0.193672017967075,0.2639753433498731,0.7779447880370515,0.2636159595728265,0.3588753756259029,0.3421882141859877,0.3312452784371136,0.1844263313237608,0.1863792976234265,0.2119954681844007,0.7534166294733124,0.7548776891205891,180400,14891,150,99.27333333333333,0.08254434589800444,0,1
246_SVDB_id_10_Medical_tr_20100_1st_68460.csv,0.2821058385943912,0.0542033903713883,0.4395208105652297,0.0566457514365313,0.2351345602939269,0.6146412631182201,0.4595830714099757,0.3223097280861661,0.1967355356823763,0.0352154552235444,0.1802180894173136,0.2304390606423134,0.0870462778054101,0.0261130826558408,0.4663085795043904,0.2469688020061315,0.4582883878730064,0.2458144535871104,0.1867065725030002,0.049446653224833,0.022217738292529,0.0461877671833054,0.19201222475136,0.0632265883037223,0.0265478628814509,0.0603563874037777,0.031183189393102,0.0286266239945485,0.0247819168875771,0.0237325914839274,0.1750278861268042,0.0947706632196812,80400,535,5,107.0,0.006654228855721393,0,1
247_SVDB_id_11_Medical_tr_20100_1st_23611.csv,0.0567521408520573,0.1083335185791823,0.0301430263378892,0.0897721918416777,0.6699255873447769,0.1992491292944385,0.6967104363149303,0.5642930013957381,0.61414291083566,0.0632165045285812,0.6974454921709847,0.1313456565132347,0.6251595485332322,0.0444934271655946,0.7956848269652368,0.7917689598894954,0.2760648903277713,0.2725025024002118,0.1684169391586406,0.1010674996751655,0.1383241844271623,0.1134598784451454,0.7010263747771535,0.1108645691346462,0.1388372536948549,0.132796310822488,0.1086944157407595,0.0570853142346054,0.024561977879658,0.0239931505547154,0.5394087346116367,0.5317790274310705,80400,945,8,118.125,0.011753731343283582,0,1
248_SVDB_id_12_Medical_tr_18462_1st_18562.csv,0.3133063640275748,0.1829057326323335,0.2903589640944712,0.12367991924201,0.6468814749976932,0.3399182736353527,0.8647200271724294,0.8214235736376205,0.6757329440724071,0.2125491799572456,0.6941483323440312,0.3425204042483806,0.1558925008337375,0.1235303306801019,0.4713164098949309,0.6630675713335178,0.3726884679361494,0.2945194625078269,0.2722008540866488,0.1943933655806667,0.1894686908457523,0.1493536435065436,0.6396201233098655,0.1316741171037891,0.1879519791031466,0.1279357191976483,0.1001045135200373,0.1233963301881674,0.1718111582554959,0.1565193091701398,0.4484131733120458,0.4683654779522636,130400,6004,34,176.58823529411765,0.046042944785276076,0,1
249_SVDB_id_13_Medical_tr_50000_1st_54982.csv,0.167960785954701,0.1118791327344495,0.3879889909189593,0.0717925913246253,0.4744015465940729,0.2560801114309296,0.5953968937638031,0.4674319430849262,0.5071311069190687,0.128247814204557,0.6475673472419569,0.1552969956124834,0.0796683007265776,0.084557175007056,0.4677521409020639,0.2457856512509081,0.1721176695128254,0.1492173087121007,0.137085473468982,0.1506795515944313,0.0877226102377522,0.1073880558697061,0.4863199320017399,0.1026282414532406,0.1025395067170939,0.1062671014610666,0.0717919478083379,0.0777610672537979,0.074267093050361,0.0842381389799999,0.400602295969251,0.1321546581462693,230400,8578,57,150.49122807017545,0.037230902777777776,0,1
250_SVDB_id_14_Medical_tr_50000_1st_107354.csv,0.2094133425974084,0.0919469663961713,0.1722608577109708,0.0564012499434413,0.6161752984491548,0.4866825690053111,0.796412963992297,0.6844476575684557,0.2666973293512856,0.1104472949982601,0.585829519223676,0.2497691679003307,0.1250047579859973,0.1010531762329951,0.6659041766770858,0.7648592413623062,0.4920314558304666,0.21441255503998,0.1674676148330899,0.1042184690804423,0.0833049093207415,0.0857247938321727,0.5675261952977856,0.0897443021276265,0.0922862038565334,0.1117793725789365,0.1336099294120989,0.1173949725809791,0.0770995503449582,0.0743780734951009,0.4707954316365291,0.2462939246452645,230400,6469,6,1078.1666666666667,0.028077256944444445,0,1
251_SVDB_id_15_Medical_tr_5421_1st_5521.csv,0.8189372021271257,0.2554916475415281,0.1333172634313906,0.1053322751807621,0.7622225476969609,0.2280613328870937,0.8763751949000538,0.8631596467226259,0.8631981982947792,0.1889162848795628,0.8778997675409411,0.819965115541966,0.1280337992102195,0.1894314458306941,0.349342617622743,0.5725932427757428,0.5520314143864479,0.3034074355678888,0.2078631843915001,0.2800911789135992,0.2348951469684669,0.2350605465630148,0.8709515596936178,0.2575653746276993,0.3571812234468909,0.2189612209458984,0.1603417836907721,0.1345542789016283,0.1057666980640585,0.1624227541829943,0.5888762071750707,0.597561857379928,230400,12809,83,154.32530120481928,0.05559461805555556,0,1
253_SVDB_id_17_Medical_tr_17803_1st_17903.csv,0.7247631212807546,0.1193214568112488,0.064781384886577,0.0814016280282447,0.6426706001459611,0.6208759952005205,0.8664445357623004,0.7796516428308863,0.826034710084771,0.1520160250237333,0.6211185811180219,0.5117807788818822,0.5719880883132309,0.1365043011690741,0.8098484005276507,0.7884747568546414,0.437314068631817,0.3341176061737214,0.1542820602106471,0.1241259620807593,0.1052069807883124,0.1055756426633764,0.2766553114029576,0.080597759440968,0.0663254908720174,0.1115288359760415,0.0689778808280276,0.0589667589317754,0.058675387610917,0.0669403701238194,0.1724034719381654,0.102314601610731,130400,3941,25,157.64,0.030222392638036808,0,1
254_SVDB_id_18_Medical_tr_30824_1st_30924.csv,0.131954384565712,0.0882185981255566,0.3636572366172659,0.0658790885436683,0.4582389026420304,0.4563443318673928,0.7313646039608996,0.6933064055211601,0.1321041217468689,0.1075404874260478,0.4360419522898004,0.1142777356243336,0.0793380346405987,0.0861069114759183,0.4664278084575089,0.3612373134087063,0.2987128964014564,0.1435418344538374,0.091524158372584,0.0714567726717845,0.0658721756433756,0.0796303972775245,0.138674936065079,0.0760405229329099,0.093177590129086,0.0835212314133267,0.0784537682806078,0.1019487018554124,0.0849363536121115,0.0918584840914351,0.1306575062764107,0.0948721056202173,230400,7847,42,186.83333333333334,0.034058159722222224,0,1
255_SVDB_id_19_Medical_tr_50000_1st_54982.csv,0.0876110836202663,0.1011653408697718,0.3329245049439117,0.0717946517582628,0.382457886174894,0.3437170588552921,0.4453862019457181,0.4016930399941814,0.1907456072694615,0.1098784060069926,0.4850742164183745,0.0829676962389207,0.0916541187698121,0.0998107454827026,0.3703841023837207,0.3615052399823112,0.0875249115700428,0.1967804275280148,0.0949430198065456,0.0903358475619413,0.0717883428585813,0.0863206075445473,0.332695459027606,0.0917535276872794,0.1290546223682303,0.0878505524021615,0.0989950545626917,0.2208636657548503,0.0735849931191347,0.073750700697927,0.2463201931687003,0.1718441854808318,230400,8578,57,150.49122807017545,0.037230902777777776,0,1
256_SVDB_id_20_Medical_tr_6264_1st_6364.csv,0.2072469549709964,0.069735960078461,0.2282902503343048,0.0627808306212038,0.3500370152752049,0.4135125872028071,0.755605604761865,0.7153683158362758,0.6120473556999934,0.089336863782714,0.3187297225959383,0.1766505362312667,0.1887450700556744,0.0828858975320889,0.7754942453529106,0.6377028408678543,0.3054141771695836,0.0840176425786881,0.0627818510186525,0.062944212664384,0.0627579432183887,0.071113728395505,0.271687600718323,0.0628944378056318,0.0639781870858045,0.0674511420931326,0.062759262444546,0.0822066017552173,0.0627613733217638,0.0629237050979449,0.0875485831871387,0.088451641744141,230400,7464,45,165.86666666666667,0.03239583333333333,0,1
257_TAO_id_1_Environment_tr_500_1st_3.csv,0.1759644091998396,0.9051183846934728,0.1758791768345552,0.2537886859950321,0.1950337140725377,0.1793980482021091,0.1765127540418661,0.1760334275239441,0.1745725029624056,0.997370328121455,0.1984234145637987,0.2008451096328999,0.1929694923971496,0.1786106602670859,0.1872551649067215,0.194107796678822,0.1875159846021307,0.9883301014479492,0.9931348419491334,0.1754335009533414,0.1741813567522663,0.3928439932795951,0.1962880577356914,0.17790752623726,0.2318939255813597,0.1750260603763331,0.2083857343533978,0.9936658863013949,0.9842055264298322,0.978198084521984,0.2183684175970796,0.2225217780256042,10000,954,849,1.1236749116607774,0.0954,1,1
258_TAO_id_2_Environment_tr_500_1st_4.csv,0.242613901926368,0.894646595227083,0.2426300475908668,0.3432380471227062,0.2511521577437777,0.2450892547525987,0.2425712557326289,0.2433990942266198,0.2425925769552677,0.9992698368659358,0.262700324323928,0.2625376390778199,0.2463267158417022,0.2442163077074281,0.2436829658648506,0.2482161120288656,0.2653161159874143,0.9974523193454388,0.9959935450305852,0.2426727454073941,0.2425286245287827,0.4463799174599005,0.2614366465514496,0.2426778993403252,0.2643710645563684,0.242613901926368,0.2896963920400686,0.9690526696477866,0.9934447817798976,0.9686900447375904,0.2811291193639304,0.2817098311466243,10000,1380,1199,1.1509591326105089,0.138,1,1
260_IOPS_id_1_WebService_tr_5000_1st_11804.csv,0.0014070211155668,0.35293826992013,0.0014315517257127,0.0415422303774236,0.7999950222531947,0.0014185692674737,0.0013990067052392,0.0021239351594907,0.999995000025,0.3478213233166589,0.9333283555821036,0.0014008265058491,0.0018257029318561,0.0027850885043572,0.0014796660259975,0.001400476176605,0.2978698053633585,0.35293826992013,0.35293826992013,0.2352912111085686,0.0013990067052392,0.8799950720275966,0.3999968000255998,0.001701775118444,0.742852342888158,0.105259452269575,0.8148098217041229,0.7499951389203959,0.6956474102405603,0.6666622222518517,0.4285676786042407,0.4999950781734492,20000,14,1,14.0,0.0007,0,1
261_IOPS_id_2_WebService_tr_2178_1st_2278.csv,0.0017693542361304,0.4999962500281247,0.2068932699688211,0.4999962500281247,0.0016326367481846,0.0479990860974007,0.6666622222518517,0.0077169649287545,0.0014224608921937,0.4999962500281247,0.0016535593358705,0.0022042175851949,0.0021215983935596,0.0106949755539596,0.0769216568309508,0.037266363194249,0.0019788523218527,0.2857118367556849,0.4999962500281247,0.001537657623457,0.0013651740708884,0.0028462713880395,0.0021997947081918,0.0013908066857496,0.0054594000523338,0.0071300537308371,0.0246899863587825,0.3333283334083322,0.7999952000287999,0.7999952000287999,0.0098036317848055,0.019801403800721,8784,6,2,3.0,0.0006830601092896175,0,1
262_IOPS_id_3_WebService_tr_7028_1st_7128.csv,0.047126331092305,0.5486128336773384,0.0423087525880569,0.153815177652081,0.3343217680517245,0.0423150425245935,0.0423037881694028,0.0681706037619197,0.3201897489580406,0.3696495806956317,0.5548618329729359,0.0456558711710622,0.0500293792057422,0.0783525208495768,0.0545512142307104,0.0774254965529325,0.07069073303159,0.262582450518164,0.5403515186236661,0.537425403042304,0.063286163866554,0.5524446504588684,0.5823602729737094,0.2190714188186721,0.2337071101841267,0.2049608990546719,0.1791408935656708,0.2674315395981006,0.2789315717617242,0.2911689561878605,0.3104091556609349,0.3182100701758144,125135,2704,46,58.78260869565217,0.02160866264434411,0,1
263_IOPS_id_4_WebService_tr_3482_1st_3582.csv,0.0105403257088155,0.3209218563376196,0.0105415212195939,0.0918100184747514,0.2480344700062169,0.0105503200752198,0.0151930238515375,0.0176944514044471,0.30968169347155,0.4467527571299401,0.0527108707332464,0.0802879460832601,0.0249263575311573,0.0254839527375336,0.0105425059615325,0.0105527863875995,0.2206176009318239,0.4235458421915519,0.3209218563376196,0.2019658851172069,0.0105393413741167,0.3651856244000824,0.0128485326320089,0.0188927845700529,0.2005747455965205,0.122319943343581,0.302360878638205,0.5492794571426614,0.451972779912811,0.4899620706554685,0.4253645734090447,0.4165353822592281,149123,790,56,14.107142857142858,0.005297640203053855,0,1
264_IOPS_id_5_WebService_tr_11665_1st_11765.csv,0.0295887135970155,0.0625516350532243,0.0295887135970155,0.0296549370092735,0.4050582979808024,0.0295887135970155,0.4502408018960323,0.3345815495364485,0.3416974418655282,0.1774475329122661,0.1219186126078486,0.0295887135970155,0.0299306289958755,0.0360871713696047,0.0295887135970155,0.0295887135970155,0.8642483955431759,0.1648584982287744,0.1413123966822806,0.0389345626715788,0.1566913407330237,0.0310533032233671,0.1295093959541229,0.0556082008066139,0.1415044495699345,0.1852682628722178,0.1803805117684601,0.1757148148427309,0.1854908683488673,0.1531482806500781,0.5163098708703407,0.52485169268627,60000,901,3,300.3333333333333,0.015016666666666666,0,1
266_IOPS_id_7_WebService_tr_4010_1st_4110.csv,0.032991454954663,0.5731758847094545,0.0754768133038279,0.2225338948119657,0.2993912552538741,0.0327252430234396,0.038990813733734,0.0362912796295894,0.2538929915491517,0.1235019510391745,0.7502676452937108,0.0321374169319866,0.0321487706548236,0.0321498354776496,0.0321732794388343,0.0326338902718238,0.1105462215017153,0.1252990490717822,0.1125855140350969,0.0469231234934266,0.0451867085038277,0.1748298927627526,0.0321370622573654,0.0400607403675389,0.1654155448701165,0.0655818382803465,0.0398248304713229,0.1292831439102972,0.1555649727504113,0.1527751252175229,0.1823290355352305,0.1801529599163986,89155,1456,53,27.471698113207548,0.016331108743200044,0,1
267_IOPS_id_8_WebService_tr_1534_1st_1882.csv,0.0175902670649432,0.301582427642387,0.071747420023811,0.3939362305120883,0.0508149582447395,0.0618347770975818,0.0828998912757851,0.0424394250169065,0.0273527605045768,0.3883445188690534,0.0630346733838081,0.0296644783970819,0.0527461557769498,0.1359207620021505,0.0448169864395867,0.0688651658860341,0.0181236816865091,0.1499955282583138,0.3368371723714099,0.2962917726647054,0.0421022357363121,0.4166627816720264,0.0430738867124958,0.0197207349697646,0.0172721116448961,0.0558352350941304,0.1241332929200285,0.0422488430095662,0.2654817449442542,0.1951173796431019,0.0181411859704487,0.0184345999618852,6138,53,5,10.6,0.008634734441186055,0,1
268_IOPS_id_9_WebService_tr_6216_1st_6316.csv,0.0915156678264163,0.3760034201639437,0.0915396546450292,0.1010811332643934,0.4127014692336266,0.1020345146858411,0.1367790414444445,0.0915576530124203,0.1986025515148586,0.2442308823212668,0.3801537893341827,0.0916748151380962,0.1250390721261777,0.1549898419397448,0.1249705781162216,0.1638672807964666,0.3680180467083083,0.2248043876155291,0.5090456147443992,0.5053514884056367,0.0915156678264163,0.5443249048981098,0.6013022273659102,0.1768056212687037,0.2380731643376396,0.2505340989927725,0.18523239273112,0.1954837777485522,0.2300540119104333,0.228808728516959,0.4069160470972,0.4453553472127294,29133,1397,15,93.13333333333334,0.04795249373562627,0,1
269_IOPS_id_10_WebService_tr_1216_1st_1728.csv,0.0370353567291854,0.5678964548489468,0.0199387649602638,0.5454499173946402,0.5483823166389619,0.0200202308109529,0.0199916421472065,0.0199387649602638,0.2666617062651121,0.2608646745718402,0.6727223322676875,0.0442443917556664,0.0547901073173831,0.0199387649602638,0.0199387649602638,0.0199387649602638,0.0666627045564764,0.5316408588784656,0.4999951389361492,0.467527839479107,0.0199387649602638,0.61332880358901,0.8037333531619436,0.0799968484441587,0.1980148065175544,0.0909056286442617,0.1589360134536686,0.3015825485757904,0.115937912349489,0.1418394367930421,0.807687324365066,0.7999950222531947,4866,49,2,24.5,0.010069872585285656,0,1
271_IOPS_id_12_WebService_tr_500_1st_341.csv,0.0815174222512912,0.4789865998685232,0.3364805080375992,0.1004976502945877,0.033353202065509,0.3178538581972086,0.358617489683726,0.1287087777010229,0.0313803568595567,0.3311222666055565,0.0530616778460716,0.1673590211746566,0.0290469154522705,0.1590859827053552,0.2588206996849171,0.3398656141196184,0.3352556972081524,0.2465720773560533,0.1323373074007102,0.5942812447683085,0.0260671584562697,0.4945008719185892,0.3313566416301083,0.0662796366889608,0.1142828735400005,0.0273116569550331,0.0554233294328908,0.2181776426878079,0.2637316411871682,0.3164517930300363,0.1627070925846462,0.1547941586163013,8784,116,10,11.6,0.013205828779599272,0,1
272_IOPS_id_13_WebService_tr_3442_1st_3542.csv,0.0084518048296336,0.4680809787572944,0.0084518048296336,0.0876190966179266,0.2272689535264107,0.012315779606476,0.0090561315256917,0.0123712062481828,0.3603302627875574,0.5482577947409055,0.090816505352482,0.0704307390211748,0.0184682907725035,0.0416560083263843,0.0084518048296336,0.0084519176806178,0.2106453380236145,0.5355960215431597,0.4691316881858175,0.3075202608310842,0.0084518048296336,0.640890633166375,0.0120736948876124,0.0152550450867281,0.4737994895984184,0.117585633762166,0.0513652481745124,0.598980178529899,0.5253859042973299,0.5813445339448662,0.3770559747212019,0.3662953926690706,149156,633,56,11.303571428571429,0.004243878891898415,0,1
273_IOPS_id_14_WebService_tr_5569_1st_5669.csv,0.0200400647723262,0.3025178008822891,0.0101544862154284,0.1014084856218687,0.0440048047916003,0.0121831052167752,0.0166633512768273,0.0194109095270188,0.0614539246159616,0.268306638608785,0.0735132077913615,0.1202880952489632,0.0519362968855685,0.0405515169932336,0.0137707731234024,0.0151448215190302,0.1454277288887168,0.2766975504903161,0.2494683124846479,0.2198700038219133,0.0101544862154284,0.2624967136045129,0.079454372540977,0.0220752486778093,0.2118076329419564,0.0142869401571151,0.0620560913485469,0.2208633674650577,0.2095711318773596,0.2575416824785946,0.2419915160752742,0.2102809846362241,149122,761,53,14.358490566037736,0.005103204087928005,0,1
274_IOPS_id_15_WebService_tr_4591_1st_4691.csv,0.0872263316698238,0.4106844005738055,0.0869361689284609,0.166607423618473,0.4017182947336083,0.0870081613963519,0.0951014103071724,0.0929440758617303,0.3204326478938381,0.2485277675311585,0.4714955372517359,0.1841493215041615,0.1082321103786733,0.0870679830820034,0.0869361689284609,0.1003881835842721,0.2846161872142302,0.2518533051265738,0.5247475252779882,0.5170800678117299,0.0869344961025166,0.550355084080104,0.5493757297613168,0.1421223151137912,0.27149963602419,0.280710941162521,0.2442682934904935,0.248733759004548,0.2225405739814341,0.2307416630353602,0.4431796427525562,0.4598825334116288,149132,6777,86,78.80232558139535,0.045442963280851865,0,1
275_IOPS_id_16_WebService_tr_1482_1st_1582.csv,0.0540532761251476,0.5303819725101228,0.2212918381920003,0.359546657731516,0.0266090001448832,0.5251348784806273,0.0293226825683902,0.046982025455951,0.0163385791755235,0.212762261268376,0.0269571060453032,0.0232961754201595,0.2322246893938077,0.0321493772081571,0.25477357037547,0.0707917897982925,0.6851806807566357,0.1032819407233189,0.0814276085930176,0.7833285014186941,0.016035978701257,0.0975586526430575,0.5044998945312082,0.0497554288775173,0.0430735086256942,0.0257199496146187,0.0571384783401043,0.0509504601351976,0.1720393988502553,0.1702090697950668,0.0294072272475996,0.0291349479430946,8784,71,6,11.833333333333334,0.00808287795992714,0,1
276_IOPS_id_17_WebService_tr_19197_1st_19297.csv,0.0548394811185798,0.6740067294488744,0.0708949455120433,0.2409210356084352,0.5630129567103215,0.0684318059737646,0.0548435675626882,0.1115289636748694,0.241986408391285,0.3012950991388231,0.6964153113325584,0.0548645931845945,0.0722694363523544,0.0843830635642227,0.1317640828678295,0.1827958886968587,0.3018817925585313,0.2998386196621462,0.2509329181043603,0.0548394811185798,0.5992115848880064,0.0548394811185798,0.0548394811185798,0.2195275430626723,0.1934919120122817,0.2478643291813698,0.1996678771430212,0.2924732738066959,0.2541953064468568,0.2515451332664715,0.534316357883128,0.528297152429155,91370,2576,20,128.8,0.028193061179818322,0,1
277_NEK_id_1_WebService_tr_500_1st_17.csv,0.6929088573673102,0.7320212568142053,0.2898507289035698,0.5086159810186209,0.1515920529003207,0.3489548003829912,0.7719250846705327,0.736837365373673,0.7719250846705327,0.8520660145245302,0.7719250846705327,0.7619000453806715,0.1515920529003207,0.1537088134584186,0.1668387919890864,0.1515920529003207,0.8192721266088969,0.8187871105190787,0.735421231103453,0.86584868533493,0.5081927009186643,0.8108059898022227,0.8624950500284085,0.6071378685217151,0.8075068879922654,0.6615339834622658,0.6965124903196844,0.6446234711076072,0.7043431017330116,0.6177561312768998,0.8242374464947081,0.8242374464947081,1073,88,2,44.0,0.08201304753028892,0,1
278_NEK_id_2_WebService_tr_500_1st_64.csv,0.1143348938697781,0.3296662480882104,0.197867319064644,0.303025793353513,0.6715278598058014,0.1168003377650136,0.1142344237826298,0.1162779745911695,0.815995008030539,0.3333283681295164,0.7481964598437024,0.1142344237826298,0.1770458264542894,0.143909328267233,0.1888842748040714,0.2281845086316787,0.1195940917648409,0.3448238076778163,0.1690125372091663,0.2677115383163529,0.1142344237826298,0.6666617284316411,0.3076894539732339,0.178984547915483,0.1942810450101787,0.2442698095539934,0.3432785866175828,0.3090860744557873,0.3157845722521314,0.3564310558378952,0.499995880534578,0.5022789308326295,1073,65,6,10.833333333333334,0.06057781919850885,1,1
279_NEK_id_3_WebService_tr_500_1st_974.csv,0.2982423930787992,0.6585319238217477,0.5783086150595339,0.4032219004020421,0.6568578032859298,0.3480144158924328,0.4985797427445832,0.5191701137600137,0.4819227573451523,0.5340264247608405,0.9578897457323776,0.2926790773194528,0.4724368826686939,0.249997770542859,0.4840723167618487,0.5582781841910035,0.9411714741893544,0.8494573679332069,0.9310294933547868,0.9152492413053204,0.1563559469937188,0.9418554820436704,0.9578897457323776,0.6153796154252401,0.397585407958362,0.2938902597011244,0.2814770875857361,0.276918876986776,0.2706723704686719,0.3299950405745342,0.724484821462727,0.724484821462727,1073,91,1,91.0,0.08480894687791239,0,1
281_NEK_id_5_WebService_tr_500_1st_974.csv,0.1518536442169719,0.7420766553000918,0.1690114660195405,0.4064999934309601,0.782217459387025,0.1612887921824259,0.1648868964484264,0.2962932784943857,0.5770705619878932,0.4920589468799786,0.9647008886071649,0.1518536442169719,0.2352902648748944,0.1515920529003207,0.1740273726299261,0.2191761306234944,0.5633755683790476,0.85713786850976,0.8813509323913498,0.8674648976915514,0.2330072203112393,0.9485664287610476,0.9411714879156522,0.6842056510042682,0.4496991506453663,0.6635896485729066,0.4039359752107784,0.3144057482453612,0.2684515401078279,0.2584985960447166,0.745093133442527,0.7227673600961911,1073,88,1,88.0,0.08201304753028892,0,1
282_NEK_id_6_WebService_tr_500_1st_64.csv,0.1365811085205685,0.3716764821705907,0.2600856321893112,0.370365392659493,0.3947319884599577,0.2038168511011455,0.182535932616719,0.2142813521296173,0.4999954883219608,0.3776174483503246,0.5282970648357525,0.1528614371261642,0.1138200647863808,0.2662507299395519,0.1901987572821891,0.3606512228460926,0.1191040620254253,0.4528253667298802,0.4313678258879313,0.2718399095938129,0.1109144453239451,0.7777727778099204,0.3208919261374297,0.2358252154449325,0.1118472182498591,0.1609158780064545,0.2647016133906468,0.399995338054335,0.3333288216756493,0.4444395833865011,0.2993964990518281,0.2999954500690073,1073,63,7,9.0,0.05871388630009319,0,1
283_NEK_id_7_WebService_tr_500_1st_777.csv,0.2702672023722974,0.635031573377181,0.5355146108057793,0.408835310326308,0.7381924294393934,0.2317033909053146,0.3346563642591101,0.417056705881917,0.7026977356085218,0.5538411834765584,0.9596724245837484,0.2758592152494974,0.3896069489256458,0.2896147451661401,0.5161244537346846,0.359817139130808,0.8444394666960092,0.7904712925473554,0.7834051944502772,0.7777728395375266,0.3749962500374996,0.8421003731883506,0.8520129663062245,0.5781941466241308,0.3053725147896071,0.5970099799919567,0.4816276551955531,0.2574592114525644,0.2947931572081925,0.3414587746020175,0.7392691435789742,0.7382502229942759,1073,120,2,60.0,0.11183597390493942,0,1
284_NEK_id_8_WebService_tr_500_1st_976.csv,0.1533146911856248,0.6778195935267454,0.2165220024008687,0.3919548547377556,0.7303320786859159,0.1606954243708494,0.1661982893863662,0.3364457996564327,0.5599954147575439,0.463912559836344,0.922274822975047,0.1534468591242575,0.2999953684388525,0.1531827507307096,0.2352918899613763,0.2892027345470765,0.4809345589012634,0.6770783599540661,0.855609984872802,0.8444394450913262,0.4159958989204303,0.948566430067156,0.9569842565874792,0.550259567246491,0.3475134105964295,0.6923027917835383,0.2732869813015918,0.3857096541372484,0.2674368666427353,0.3291090042395447,0.7641460720317665,0.7714236875592643,1073,89,1,89.0,0.08294501397949673,0,1
285_NEK_id_9_WebService_tr_500_1st_780.csv,0.2941143771989828,0.6641172915684859,0.4880906463017014,0.4378652092499624,0.6787280342703286,0.2368379917611957,0.2727223305314708,0.2822531478483923,0.6285664326927688,0.5725757284501283,0.9270336532529332,0.3007488269855907,0.3116841221679682,0.261108561136014,0.4597654063106089,0.3348809328517683,0.8571378776770143,0.8399950320293819,0.829263307109093,0.7605583813064141,0.3999961988470616,0.8832437775020775,0.8571378776770143,0.5353485767217784,0.2693227475528662,0.5948668529010169,0.2750881309831995,0.2821541991785413,0.299396821749925,0.3480967666019764,0.6872805555282133,0.6829221353016001,1073,108,2,54.0,0.10065237651444547,0,1
286_CATSv2_id_1_Sensor_tr_17792_1st_17892.csv,0.0940270581919486,0.0999197221875951,0.4703743154742926,0.0940291490571101,0.5634266092023177,0.5270870205626305,0.4957400599032753,0.4862692738223712,0.3915429720803238,0.3860994315402313,0.5629862720457058,0.0940270581919486,0.3951455590079847,0.5152525448205687,0.4996463918943686,0.4997212992948057,0.3160309669262481,0.4491710651777755,0.4346104939589549,0.1022173653818478,0.0940270581919486,0.1731785242867872,0.566200661010279,0.1042240885670907,0.1476517827960233,0.2754294290035327,0.2247448508568623,0.341345218070421,0.131639048978811,0.3178205021171142,0.4760996749682221,0.5174318927646507,300000,14800,19,778.9473684210526,0.04933333333333333,0,1
287_TODS_id_1_Synthetic_tr_500_1st_11.csv,0.1027223709635206,0.9031092338126796,0.1214330463197787,0.1630725416017734,0.136661117662781,0.1302657503001634,0.1377374023685887,0.1257300269259,0.1031818627485769,0.8631934587702031,0.1421643633474706,0.0993708432148309,0.1109309369179025,0.1196174072928035,0.120955628845007,0.127626742996963,0.1301583044746322,0.670046289163814,0.6441514773107642,0.1016381965159856,0.0992197375048707,0.1188345219604543,0.1433787061812319,0.1017154203772268,0.1020481678757059,0.1007099228057556,0.1017916877780904,0.562495038325016,0.6460990125706447,0.6354117106506346,0.1027069821532842,0.1024041687351041,5000,261,247,1.05668016194332,0.0522,1,1
288_TODS_id_2_Synthetic_tr_500_1st_65.csv,0.3847438474280634,0.26598231123002,0.1268756886079464,0.2542758594545443,0.6765752546583587,0.720425331155368,0.7434897527967204,0.6775908960154806,0.7352894120651485,0.4720454878229344,0.190700001048701,0.473679889236098,0.7366435504574944,0.6558916498661338,0.7366435504574944,0.7168411017648453,0.4422266764457254,0.5354926463735105,0.2525227522949313,0.1285458753004038,0.1775667722692988,0.1266617328424162,0.3525486066876446,0.1280475753507283,0.1280171862675508,0.1340243723503942,0.1269233325317637,0.2764655884987221,0.4131228783610725,0.4092478748297851,0.1266380045147572,0.1266380045147572,5000,338,112,3.017857142857143,0.0676,1,1
289_TODS_id_3_Synthetic_tr_500_1st_26.csv,0.1048432261119127,0.0965079820181531,0.1719918593064186,0.0978971101372457,0.1696930028475524,0.2477828178544713,0.2758570736078484,0.2417865839539859,0.2017759776971216,0.0864212971943487,0.1981662248664032,0.1048168191919092,0.1495556960311527,0.1666625991006503,0.1699786758855924,0.2356117096088865,0.2103950717852265,0.0861730551383444,0.0862060716487971,0.0968258561647877,0.086123577764806,0.1024424269120898,0.164761449112237,0.1039615790139172,0.1099893759666787,0.1023361035272665,0.0938204001162512,0.2796309347404038,0.5489210417342592,0.4999950074463014,0.1331316536704286,0.1748586514765043,5000,225,123,1.829268292682927,0.045,1,1
290_TODS_id_4_Synthetic_tr_500_1st_26.csv,0.531293190225501,0.1760599606894677,0.2849035424857876,0.1654327647468725,0.4855918644321256,0.7345921578078727,0.7337373452407022,0.4767493926302573,0.791143168822442,0.4188327738012428,0.1865460003632852,0.5652750372661963,0.6359257104589858,0.6640676966457767,0.6666616775928921,0.6515592132845595,0.5722252208541644,0.1582427331133042,0.1580969409093225,0.1596249121362217,0.2669003016534967,0.1594357442881624,0.4070563263766723,0.1646767338094583,0.1631848282880054,0.4963668538386102,0.1585557226314575,0.2308633721741314,0.2857099972044967,0.2876295260757705,0.1580386992199371,0.1580386992199371,5000,429,84,5.107142857142857,0.0858,1,1
292_TODS_id_6_Synthetic_tr_500_1st_11.csv,0.1105334060224731,0.6615731468940973,0.1114942007694234,0.130351136344142,0.1101621543240182,0.1122205864558851,0.1235155401260403,0.104884117060232,0.1004409509315306,0.6127404884285648,0.110520623783804,0.0997417474123466,0.1109523852484837,0.1246838889052874,0.1117748613776304,0.1251973302922523,0.1046991685429343,0.4169150939013242,0.4745712726754574,0.1017217103081758,0.0992197375048707,0.1105587294845507,0.1000816918475911,0.1019236828617919,0.1029141079813902,0.1007788547246714,0.1016403103540392,0.4481278145726771,0.6408968984477478,0.6125778736523193,0.1029896753813927,0.1024912875409077,5000,261,247,1.05668016194332,0.0522,1,1
293_TODS_id_7_Synthetic_tr_500_1st_7.csv,0.0980513235111327,0.0955999276335209,0.188952640318184,0.0987701507064374,0.1820843173391575,0.3009276402650327,0.3092742535730333,0.2408489341813823,0.2762609005360711,0.1771388002561773,0.2322279146835687,0.0955999276335209,0.1929270790020409,0.2090055092055891,0.2082218504297646,0.2551395178062351,0.2411067414347012,0.1468911262207757,0.1621801593584545,0.104611621747111,0.0955999276335209,0.1005297015023959,0.2283227996742867,0.1030471306876754,0.1640979765911015,0.112422987396493,0.1161792745000597,0.2180651255858864,0.4487757396100233,0.4153449758796061,0.2752244724585709,0.2962915831873018,5000,251,24,10.458333333333334,0.0502,0,1
294_TODS_id_8_Synthetic_tr_500_1st_200.csv,0.5607428471240847,0.1852844223511541,0.31720374733516,0.1909995130934749,0.5428522159606685,0.7084527125918917,0.748587879887824,0.7588185294447102,0.8437109128659063,0.3290439225959036,0.3318243429772342,0.6022678538617486,0.4636830522193691,0.3229023333558323,0.6003737937312815,0.6745915206059557,0.3828727533216528,0.1993931636598214,0.2001121821983183,0.1897948388688774,0.2302604538492755,0.1874101842225156,0.3702585759727991,0.1959862914675547,0.2810767969973639,0.242933824159512,0.2926058011800989,0.2473910997546085,0.1989750450070661,0.2170741833763492,0.1851162875110026,0.1851162875110026,5000,510,14,36.42857142857143,0.102,0,1
295_TODS_id_9_Synthetic_tr_1250_1st_2046.csv,0.4301240980366331,0.1657579609737692,0.3057227787729735,0.1460196642291885,0.4384978112581305,0.5537467538357745,0.6114893064213048,0.4990356232548987,0.6895738054734575,0.1455824792858775,0.1669210547930355,0.4725228807353591,0.704220400748957,0.582519305368395,0.6221695097138107,0.641277803738952,0.4050584482232605,0.146367977859299,0.1537231379438045,0.1521424226702799,0.1447110880233021,0.1537234528170023,0.1613889570636535,0.14484545310485,0.1892972413272878,0.1538417095301008,0.2241637960479523,0.1484719439999561,0.1501142596625872,0.2012732579769095,0.1447110880233021,0.1447110880233021,5000,390,11,35.45454545454545,0.078,0,1
296_TODS_id_10_Synthetic_tr_500_1st_26.csv,0.1052581801494191,0.5594364692949045,0.1099528517433069,0.2575707622640046,0.1622471822644706,0.1655501085617232,0.1395799865385814,0.1841635939999807,0.0784607846344614,0.5211681796474793,0.1999950132124991,0.0904963174605024,0.0964656649441928,0.1286314126857253,0.1071403675680532,0.1263126474259761,0.1276546616648506,0.5825197851226906,0.3209849596324376,0.0815389263846052,0.0784004765519163,0.0825950474951197,0.120414933928394,0.092400588985173,0.1053573838616372,0.0792533181266417,0.0785060766195101,0.4432667971401376,0.6167750733891476,0.5656515702920488,0.1086924333468966,0.1273051933606523,5000,204,155,1.3161290322580645,0.0408,1,1
297_TODS_id_11_Synthetic_tr_500_1st_7.csv,0.220468388539427,0.1254396109649755,0.1489721418673674,0.1381775847320908,0.2141086796225287,0.2673989306856301,0.3021117309049206,0.2818141044236628,0.2623409329181295,0.1519332304113626,0.1591397805519603,0.1930731151498586,0.2534985030912038,0.2466118418443181,0.203963916409641,0.2359351282379788,0.1622843538008512,0.2245945162296285,0.0964262816130898,0.0961492475354141,0.0955999276335209,0.0965004271941271,0.096798153299486,0.0958738007431308,0.3514443164557088,0.1036619128809867,0.2297822573282493,0.206567929205991,0.2298801761903185,0.3539044705102896,0.3120350466628732,0.3096086805325654,5000,251,24,10.458333333333334,0.0502,0,1
298_TODS_id_12_Synthetic_tr_500_1st_0.csv,0.2647008935196304,0.230210964338532,0.1226100127374206,0.1248248732608159,0.4545409007034067,0.5689236633464902,0.676977912928118,0.5166352572432726,0.6556787131296875,0.3420392090234029,0.25101825969279,0.3593417974902341,0.4879675729411261,0.5103922284881585,0.7575710158698992,0.7145510186456768,0.3910072764950878,0.2347381419595702,0.1313914608982802,0.1490595046329599,0.1217118546970821,0.1460703203532295,0.405400720377334,0.1689426490440657,0.2063114528113781,0.1260939705816935,0.1225868174881037,0.2775289526888024,0.2928944169472142,0.3749950064440468,0.1650624757364186,0.1705590206699102,5000,324,60,5.4,0.0648,1,1
299_TODS_id_13_Synthetic_tr_500_1st_65.csv,0.2327100547337861,0.272442994786277,0.108294832801343,0.3036607341384955,0.1880057774271535,0.4345634244021632,0.5434743029588807,0.4010800349980271,0.5477342946238475,0.5201976451750465,0.1913810845883847,0.1342929077762742,0.350741268727992,0.1805066393080895,0.4796117141834602,0.5376303804209777,0.1487000756891767,0.3062472781491911,0.2338567475505717,0.1708498049196727,0.1017454276250225,0.1708385833422012,0.2169509138046326,0.1527534255995524,0.2781904890943191,0.1017454276250225,0.1795617085728287,0.4238049052657515,0.4665079850494823,0.473156055370572,0.1508202835778928,0.1493906910119646,5000,268,96,2.7916666666666665,0.0536,1,1
301_TODS_id_15_Synthetic_tr_500_1st_245.csv,0.2797410115110247,0.1519911813233755,0.2364113977298231,0.1568695273788964,0.1820117125439858,0.6459439860642113,0.6270223683488734,0.4288272782527376,0.6963607753972852,0.1515697636805574,0.1520757462140808,0.4311547512189094,0.6624793203873538,0.2579971493728841,0.6733731103569748,0.5722385892196652,0.49140850892114,0.1781139904080431,0.1739528323585261,0.177606255109031,0.1515697636805574,0.1736010938405228,0.2012159624555851,0.1700111282254436,0.2238770007817598,0.4085247736725857,0.15216040525764,0.1617133610074695,0.1568896924946055,0.2063616800858646,0.1515697636805574,0.1515697636805574,5000,410,13,31.53846153846154,0.082,0,1
302_Power_id_1_Facility_tr_7685_1st_7785.csv,0.2114964794638599,0.1578806930244265,0.1905461964227915,0.1627953076067259,0.1601522743198851,0.2448046510569452,0.2445759428191125,0.2391079719748209,0.1598177104290918,0.1749859771691806,0.1667720748256796,0.2147593317136438,0.2380568885745,0.3346908788273673,0.2558573337490579,0.3845544527551543,0.1605283286460046,0.1578557791391291,0.1579348443958396,0.1579348443958396,0.1577272537426469,0.1579473172130499,0.1587496960720532,0.1714625420286779,0.1577761974262145,0.1577645797767626,0.1577272537426469,0.1577314002075417,0.1577521358026172,0.1578018307536561,0.158829874671617,0.1590303301086195,35040,3000,4,750.0,0.08561643835616438,0,1
304_UCR_id_2_Medical_tr_2499_1st_7000.csv,0.0645134236306219,0.1359173345223788,0.2099407528004337,0.1419311135580869,0.1436440279995359,0.4754049987054965,0.0859717834533907,0.0737762951934613,0.1744144808979322,0.0529773695577134,0.1229293574899825,0.0949845170106935,0.0102763338966309,0.0484843561931426,0.0582518008885844,0.0275200825753774,0.0100815611503911,0.0468702397412762,0.0184296339298775,0.1388846451913969,0.0277735345988807,0.0749953127929504,0.0781218568159171,0.0581354113254757,0.0285673475217826,0.0240931763439809,0.0481879813151102,0.0192749893460508,0.0869515598294662,0.0454496389594305,0.060746563584421,0.06032277503326,9998,50,1,50.0,0.005001000200040008,0,1
309_UCR_id_7_Medical_tr_3000_1st_5948.csv,0.7676718090311111,0.0309112297659702,0.4074033951012435,0.0124983010122061,0.3422024866866122,0.647477635762751,0.999995000025,0.967736940712564,0.8292633403032225,0.3902389500925922,0.5325404713006839,0.7671185588581988,0.012871453603349,0.4568492669498184,0.3557283007317569,0.999995000025,0.0150600914969834,0.02872879690083,0.0307323427605965,0.0080034774220123,0.0074719056348131,0.0253157690385133,0.0215825203167954,0.00754140300005,0.0267636319688509,0.0128169983075574,0.0536870594725112,0.0142795271979247,0.2368372750292593,0.018863039712829,0.0215856963970128,0.0207227974520298,12000,45,1,45.0,0.00375,0,1
326_UCR_id_24_Medical_tr_1875_1st_4187.csv,0.0034863103458386,0.0066863897002258,0.3157868144268259,0.0075325149481817,0.0162820637423528,0.1481467764187368,0.4999962500281247,0.2580622684899196,0.0391513290383564,0.5599950080444996,0.0337075337742466,0.011610915043878,0.0037359527476198,0.1411751584897034,0.0422531075223981,0.1927686108605956,0.0050409074999585,0.0077988566945408,0.0071598331925928,0.0073686708279495,0.0031944310376318,0.0091637117609906,0.0194487539191467,0.0031974101233793,0.0071834064245435,0.0032791037567821,0.0075756821058941,0.0064758562109953,0.692302721929176,0.7692257988486843,0.0131145593149059,0.0157582152943971,7501,12,1,12.0,0.001599786695107319,0,1
346_UCR_id_44_Medical_tr_7456_1st_17390.csv,0.1856490556609815,0.0172652324902805,0.4808702021911412,0.0088413040083488,0.2519033973371521,0.4639131045165754,0.6666622222518517,0.6700462728018488,0.2173871574515073,0.0368065869067928,0.2647012592118489,0.1690091203600504,0.0195054870816182,0.0149526888719598,0.4152199639004303,0.2229054070376138,0.767927536573453,0.0095149085186844,0.0133357357710716,0.0166195227147807,0.0086793100316794,0.0210476712213437,0.1391255200223904,0.0116354239312033,0.0124157650126434,0.0092110222320868,0.0149203792611204,0.0140337708543136,0.0273953088273164,0.0150371530458881,0.0144896960873183,0.1300261501457951,29826,130,1,130.0,0.004358613290417757,0,1
361_UCR_id_59_Medical_tr_3000_1st_7175.csv,0.5433205270055192,0.0376384032662367,0.3376018779492587,0.0400287321793529,0.037595606753194,0.753977603537762,0.8874950633087103,0.8744539048463683,0.8320263910958801,0.0698654265900954,0.3433688948576527,0.4989009311529821,0.2812455487032635,0.667707150853619,0.7064630925272622,0.906537056211522,0.1202144531336467,0.0422328402961124,0.0458131773568003,0.0500796942380464,0.0399517245942264,0.0385106869454024,0.1269794363592689,0.0395296290492262,0.0390132336706037,0.1265804582860682,0.0466559346168462,0.0542232942368319,0.0354986450109521,0.0545425537913183,0.0386504783384916,0.0380716679281399,12000,213,1,213.0,0.01775,0,1
371_UCR_id_69_Medical_tr_1853_1st_6200.csv,0.3322426148492688,0.0724830117768599,0.7155913382124947,0.0521990255363091,0.1632603066580395,0.7626617102544332,0.769226035532089,0.9152492451355954,0.7934224338494428,0.1509384203214684,0.0450028691645416,0.4456774653144288,0.0737662660308439,0.7034833728045917,0.7033589223109595,0.731824683294723,0.087451452211886,0.0852531678387893,0.0592751433966093,0.058090086041749,0.0448248749156921,0.0576484898981861,0.0642715896587163,0.0650455387413181,0.0815976499876803,0.0725856276601749,0.1128182774933363,0.0654887367047665,0.1085226370469262,0.1406205384716309,0.0925676626245824,0.0947085523173306,7415,170,1,170.0,0.022926500337154418,0,1
382_UCR_id_80_Medical_tr_7500_1st_11800.csv,0.2253148555994351,0.1525924061342561,0.7188707117946332,0.1648062560406639,0.7551820216886617,0.701159545426622,0.259775407626399,0.2583931154852179,0.4083735917605191,0.0818664891221991,0.5122189703078992,0.2129835723274663,0.0543400648214939,0.084093402971891,0.6295457267781158,0.2808651432985445,0.2408343247641764,0.2330777885598824,0.0590574758994123,0.0572877933229297,0.0562019100453303,0.0828016958179264,0.4999962500281247,0.0437003760681982,0.0633302079445006,0.0877171437894508,0.0422592411793932,0.0426499184122857,0.0388309929570286,0.0495771567306163,0.4027488780425116,0.3679203898649906,30000,300,1,300.0,0.01,0,1
391_UCR_id_89_Medical_tr_1875_1st_5759.csv,0.3598566492938239,0.0590050461246204,0.6920104440178341,0.0429373499086084,0.0764993837986588,0.9169004786764908,0.8421003878398599,0.9169385415442493,0.5970099354393454,0.0613993231539103,0.0623504570489599,0.4260827221592828,0.0456702951516474,0.14242824731953,0.6035038473778264,0.917716519815728,0.0522231951288147,0.0724626759248846,0.0576992012264334,0.0576992012264334,0.0417750478944396,0.0568074410750075,0.0646472848819307,0.0647834507126608,0.1352621905739367,0.0886872180965913,0.1043435918542435,0.0528070311467426,0.0700342112799002,0.0434554127689262,0.0577686923852938,0.0574565819791078,7500,160,1,160.0,0.021333333333333333,0,1
396_UCR_id_94_Medical_tr_1875_1st_5607.csv,0.0082212588633514,0.0288453259298278,0.4778724692891717,0.0089082931309487,0.050942899773439,0.5142818939059309,0.7605586669603737,0.8979542357623742,0.2093004516122355,0.117643789018217,0.0487342771038493,0.0092243700881371,0.0197945254215059,0.4032223998726926,0.6341418441722871,0.8571379592116616,0.0130465000067455,0.0109844902824969,0.0489281486314835,0.0462413357058365,0.0071731485045338,0.0445422995212455,0.0235844901506098,0.0072047314143639,0.0215044554678075,0.0131652730907582,0.0235792879308765,0.0074597036376563,0.0999950502450128,0.2926784295753504,0.0174289613769327,0.0177775146705606,7501,27,1,27.0,0.0035995200639914677,0,1
415_UCR_id_113_Medical_tr_3000_1st_8612.csv,0.6056738246298096,0.0872967400020847,0.0207977143935812,0.0273922737961247,0.6459583596607948,0.5959843548376236,0.9196378826799688,0.9674368657910648,0.7819501249654043,0.1318640503618111,0.6062671558826902,0.7103402273781859,0.6645323039216767,0.035475580964438,0.6842060249603621,0.9162511606960376,0.0172741415153,0.1031697558336941,0.1035808043415973,0.01722407568182,0.1016928239441855,0.0486984923189188,0.1694894513580117,0.0171899122229859,0.0937469532240202,0.0622519914703877,0.1772106907086843,0.0338177649886088,0.0211467029429755,0.0373997372097622,0.0604088655403829,0.0662515693566937,12000,104,1,104.0,0.008666666666666666,0,1
436_UCR_id_134_Medical_tr_1875_1st_4526.csv,0.0560723557678828,0.0091539927204549,0.5970099799919567,0.015500307293592,0.0122123760776869,0.39215371013684,0.3333284722931124,0.4285680612509472,0.0231881604387933,0.0588214533604696,0.0091826450506222,0.0416656792768713,0.0140016581463659,0.402874312952201,0.5714244898250728,0.2247171064436619,0.0113206421513506,0.0080438936076074,0.015695564575895,0.0130291398691772,0.0079669900937555,0.0149013849909813,0.0128094372008524,0.0079765225204643,0.0093368831665165,0.0109067670454888,0.0146186586403136,0.0079956559707719,0.0645155046886643,0.0784265285575498,0.011203284427864,0.0110313298980264,7501,30,1,30.0,0.003999466737768298,0,1
437_UCR_id_135_Medical_tr_2499_1st_8000.csv,0.3636314566777863,0.0390970207607493,0.7118595231590421,0.0154552076399418,0.0052614438935439,0.523804705259746,0.3999968000255998,0.3703673525623124,0.5789428670710095,0.0114896609711268,0.004988476628964,0.2941137543767803,0.6944399112950235,0.0408159267011261,0.775505206196308,0.979586838842659,0.0050089662649998,0.0166837885947943,0.0790936194047317,0.0114704067154331,0.004988476628964,0.004988476628964,0.0063963255241971,0.0999953127197162,0.005072486686934,0.010595386205966,0.0106098178479947,0.0051915171117086,0.0141814804047394,0.0140951525465285,0.004988476628964,0.0049894722335451,9998,25,1,25.0,0.002500500100020004,0,1
307_UCR_id_5_Facility_tr_29895_1st_39240.csv,0.0016348938753683,0.0052886503482604,0.0018293720215275,0.0025921026904496,0.0054700309193839,0.0020099426405254,0.0018710345542154,0.002018843590184,0.0025698596478591,0.0265624856345741,0.0081534774862604,0.0017660842367553,0.0021758664285146,0.0028817385438465,0.0017058459717359,0.001631651652366,0.0019343920394559,0.0049495898920283,0.00837014506049,0.00837014506049,0.0084713370616252,0.0075002192295485,0.0108161844629954,0.0050465984044914,0.0040641128431818,0.0050658838761383,0.0085788485400858,0.0033860360470711,0.0029375792601036,0.0032086960996726,0.0054434520828692,0.0050474068905972,119580,96,1,96.0,0.0008028098344204717,0,1
331_UCR_id_29_Facility_tr_50000_1st_837400.csv,0.0046920236331365,0.0038234360138304,0.0919998338317491,0.0369511384703498,0.0040690227055626,0.0269014396359891,0.0089915738664553,0.0372362331180089,0.0194525462479643,0.0037713371791581,0.0042412265327574,0.0042023431578691,0.006888163208139,0.0037706177935453,0.0519421293758817,0.003770701428934,0.0037706177935453,0.0211252365220317,0.0043652435745772,0.0043723643381565,0.0051031899808607,0.0043795124506211,0.0046684762336493,0.0050997373482273,0.0041395216551104,0.0039358955552119,0.0043129840630963,0.0039248293140791,0.004534515303152,0.0044123224641656,0.0038955438543755,0.0038955438543755,900000,1700,1,1700.0,0.001888888888888889,0,1
332_UCR_id_30_Facility_tr_13750_1st_52600.csv,0.4900350471096353,0.0117666613389369,0.560901604260998,0.0137888241580199,0.025069412799755,0.9078291320962616,0.9174262267754696,0.6690995658874663,0.2646371700649773,0.0129410054692087,0.0072477489089375,0.7528040651754918,0.1965787128665041,0.0169535827881568,0.433562228022602,0.0073018622607443,0.0136025310224032,0.0203237095419978,0.0089030777295893,0.0088801808345526,0.017697079097095,0.0088186282049558,0.0077893921648264,0.0094645133741344,0.0074038525805441,0.0072975476807021,0.0072509021035377,0.0073885797476352,0.0078420047425744,0.0075575256036732,0.0098782956176612,0.0097573190665876,55000,200,1,200.0,0.0036363636363636364,0,1
349_UCR_id_47_Facility_tr_29954_1st_74900.csv,0.0016279715575437,0.0027467966459509,0.0016604077217282,0.0024636393798638,0.0039999600803983,0.0016011181383167,0.0019393745644543,0.0026922915921666,0.0023179765545601,0.0231164486477339,0.0060065098008882,0.001642680004416,0.0021425088335215,0.002091198585807,0.0017185342338033,0.0016250091541335,0.0033900759958801,0.0042574251662315,0.0043994514598715,0.0043994514598715,0.0016011181383167,0.0043502238518855,0.0073374130417337,0.0035482605833703,0.0045274849813744,0.0040952026502841,0.0116238845720364,0.0028657859204297,0.0022125477298841,0.0076015799123689,0.004224552900018,0.0050768180961353,119819,96,1,96.0,0.0008012084894716197,0,1
358_UCR_id_56_Facility_tr_10500_1st_29080.csv,0.0188486288442248,0.0032054496650169,0.2006784395558154,0.0056096863014335,0.0969841341820056,0.0287352104451513,0.0431721065061891,0.0110424326432068,0.0221233769405741,0.0403998167868308,0.0028560942931248,0.0095960542937314,0.0599994180056453,0.0601421186079082,0.0609750185958562,0.0604832844262135,0.0513341052230554,0.0062862480779796,0.0038754910637915,0.0037695149573728,0.0028530385573895,0.0038929787900975,0.0036478889634201,0.0040819796717779,0.0029794261119218,0.0095117483289638,0.0041492743995293,0.0047133043558335,0.0105776787707044,0.0156200211182685,0.0032887985177654,0.0162911339677983,42000,60,1,60.0,0.0014285714285714286,0,1
406_UCR_id_104_Facility_tr_20000_1st_67950.csv,0.0746756434583914,0.0126428725735314,0.1008567498912347,0.0069829701245335,0.8441014761242548,0.9900940104163828,0.9380813231329372,0.5095497992174747,0.1989402292424298,0.025070002866678,0.0336663496550999,0.1275596209983772,0.1298670729341598,0.0064356864289474,0.3006784679168879,0.1999959184506438,0.0065542172408486,0.2026113888262243,0.0131255467282872,0.0131125071931027,0.0062304674844362,0.0133001314502431,0.0251635762042483,0.0655694409977483,0.0177336537155103,0.0408809707243277,0.0660623237968365,0.0172076496540813,0.0099781103213497,0.0139718651799528,0.1920501294226051,0.0784996946121574,80000,250,1,250.0,0.003125,0,1
419_UCR_id_117_Facility_tr_3000_1st_6168.csv,0.0166053538299283,0.0073406008707567,0.4422076109457438,0.0103750587633601,0.0395679574723593,0.6333286889229478,0.9565167486082682,0.8354381028972824,0.3999967446452063,0.0212716172810618,0.0255143900362479,0.0073064698790779,0.0642541186137053,0.0079411950272924,0.6799950720357132,0.9887590456003312,0.0249996722265197,0.0110177945231727,0.0093715787148299,0.0144711603973107,0.0089575655486654,0.0077280340220515,0.0073381523713771,0.0092806457062324,0.0073222768539332,0.007439269869139,0.0073259343350132,0.0078548966675866,0.0078252159719868,0.0260561765303354,0.0075568160870558,0.0075496845685164,12000,44,1,44.0,0.0036666666666666666,0,1
420_UCR_id_118_Facility_tr_13750_1st_52600.csv,0.1831455407796989,0.153843072395311,0.0089310751251977,0.2784041839707835,0.6005963982294058,0.8146591228960333,0.852873573070551,0.737395549147484,0.8550674695150393,0.0459436085922496,0.8315959734206128,0.3230212090329978,0.3519968000290905,0.0072468297437045,0.8241156031716684,0.8428521542245379,0.3245564789913098,0.4671493420333815,0.3076887574374142,0.3124965820686337,0.0880779084148231,0.3599968000284442,0.8412648582361729,0.0231795729918986,0.3960993422685793,0.2464747074697329,0.0854676017961871,0.1545438016705704,0.088103631014945,0.0466551318592219,0.815244416571542,0.6306258330767452,55000,200,1,200.0,0.0036363636363636364,0,1
432_UCR_id_130_Facility_tr_23000_1st_26970.csv,0.0099172886980993,0.0113732362211127,0.2791087464401272,0.0108171161215208,0.0246029713861281,0.3266167555255675,0.3811913237754352,0.046903857158393,0.0696709772429757,0.0635029865763051,0.0111648206864494,0.0115005607949886,0.0859683669749065,0.0155400466396016,0.1422860177181543,0.0781462803981626,0.0116504655293016,0.0115919349112854,0.0108961987248723,0.0108961987248723,0.0065004769183232,0.0129820182819272,0.0122220781146415,0.0094970932958831,0.0126289626292608,0.0094075542543393,0.0099953146962361,0.0147019906495339,0.0127013567148244,0.0136010935279196,0.0290214564501865,0.0143230658361287,92000,300,1,300.0,0.003260869565217391,0,1
452_UCR_id_150_Facility_tr_10000_1st_35774.csv,0.1712137073960258,0.0383811769308859,0.3870921751294738,0.0694399115613286,0.7884565458896015,0.9393889399306988,0.8928522002824627,0.9023206057602656,0.6347257341967922,0.0420231051540947,0.8457093877834684,0.3955520987956409,0.0238714407976479,0.0103553971760529,0.6968595709846769,0.6206853745836236,0.960779315673828,0.5833290895370471,0.0650376100304254,0.0624965822181599,0.0219348553076409,0.1951189107486807,0.8657959558757481,0.0292947114053823,0.0647468661317776,0.065467348141237,0.1104251949396631,0.0499972223765346,0.01320052913496,0.0256591178030835,0.8571378592544651,0.8556651079045992,40000,100,1,100.0,0.0025,0,1
471_UCR_id_169_Facility_tr_10000_1st_35774.csv,0.0984801425572903,0.0127375383826455,0.4444402006578061,0.0178522016227651,0.0536642884384313,0.9950198757707734,0.8584425262479053,0.8672517033721048,0.7080698275842342,0.0253118098576843,0.0220320082207589,0.293473298760649,0.0112478721837796,0.0108002579801418,0.3854116754118612,0.111004880691039,0.0659642351562274,0.0419327785304173,0.0240915962489384,0.0225939555520409,0.0077941335505298,0.0176566044252968,0.0165322723254321,0.0392153018107665,0.0333305557870177,0.0061229326943246,0.0251012941808924,0.0127342302476171,0.0264855934924896,0.0145945985390806,0.0064463499263911,0.0302983248813631,40000,100,1,100.0,0.0025,0,1
494_UCR_id_192_Facility_tr_22500_1st_72150.csv,0.1439070997924794,0.0280235071186106,0.1675092706723144,0.0151961826764864,0.0198111278882473,0.0615623295410792,0.1079809204932209,0.4174278896187632,0.0384517413877565,0.009457400523572,0.0338422551828579,0.110907618264495,0.0430484515480872,0.0087870349241501,0.0672056317060575,0.1403770909613397,0.0446393163881521,0.0232856565606279,0.1047090819344992,0.1044834439435683,0.0584094730946993,0.1152908826167256,0.0674670751637431,0.0119645808647468,0.0367436957004102,0.0401288982011155,0.0424387648409686,0.037417981862534,0.0088830719465686,0.0151863890469527,0.014748450461196,0.0160962209138338,90000,345,1,345.0,0.003833333333333333,0,1
500_UCR_id_198_Facility_tr_7482_1st_23357.csv,0.0237692015991637,0.0238155889721904,0.1966809871537707,0.0438659934881008,0.0259260701236872,0.1088563211506557,0.0576258217699751,0.0441767748691753,0.0242843510514637,0.0237896212031646,0.0237692015991637,0.0237692015991637,0.0697228112662406,0.0600963736251288,0.1603517086761616,0.1729743299036213,0.3049231196834217,0.0237707710933315,0.0249220873895491,0.0251087667471809,0.0237692015991637,0.0245870617239378,0.0251825011621872,0.0276423842871341,0.0238100759214066,0.0238211045765795,0.0238226809328257,0.023792765795086,0.0242455366925597,0.023916863873969,0.0247398783743483,0.0248672770353916,29931,360,1,360.0,0.012027663626340583,0,1
517_UCR_id_215_Facility_tr_7482_1st_24005.csv,0.0294071979410256,0.0066722451755691,0.8717899014090085,0.0131264488317898,0.0066142375075376,0.9044536330346872,0.2904733496876465,0.1586807114148999,0.0647512345464651,0.1372507498372598,0.0058183588914128,0.0570620245602388,0.0093342705500904,0.3014836096345391,0.4516093369688487,0.0377678368183989,0.0211345241993696,0.0066548073563039,0.0053389432386191,0.0049662153337063,0.0092978729813852,0.0053986600614106,0.0085443877153205,0.0052925101496963,0.0076219623518381,0.0166618680486686,0.0076956673875991,0.0350830661757844,0.1111061113361009,0.1454500232810943,0.0095721771551243,0.0175724822013951,29931,72,1,72.0,0.0024055327252681166,0,1
525_UCR_id_223_Facility_tr_50000_1st_250720.csv,0.0080845686301557,0.0289720303583682,0.0065328266523451,0.036380258194213,0.0110635392289728,0.0076961145324838,0.0060384360275593,0.0056999958700515,0.0069071627232284,0.0235917835555397,0.0183571505589968,0.0223883238594356,0.0690509024498294,0.2710040715507747,0.0131322281363753,0.1080369475618351,0.0658388996132242,0.0211819266164331,0.0043321926055031,0.0043285719507917,0.0055456256336069,0.0043335492140264,0.0044148920168667,0.01836525238845,0.0168665399082943,0.0085118161635086,0.0090495511079086,0.0354994086390177,0.0099809165265533,0.0066072357733654,0.0758888738737748,0.0148538485281767,299790,650,1,650.0,0.002168184395743687,0,1
310_UCR_id_8_HumanActivity_tr_2631_1st_8285.csv,0.0105146361316586,0.0063522549274242,0.1518956578094621,0.0167008547079918,0.0211940436960226,0.0981565057940328,0.0150828065688277,0.0215437725203113,0.0805841243480969,0.0077800396081816,0.0071199005745756,0.0099170302681537,0.0151501149136216,0.0105036770098917,0.0454047778026851,0.0279456955703888,0.0090014007346391,0.0067549356626152,0.006620727644451,0.0061658977963389,0.0103083006560202,0.006371266566412,0.008292937455958,0.0081959353078434,0.0105805494585139,0.0219736031105832,0.0215010067846426,0.0151495009565016,0.0236670215733776,0.0085485532359179,0.0074934628335581,0.0075747257010977,10524,30,1,30.0,0.0028506271379703536,0,1
311_UCR_id_9_HumanActivity_tr_16000_1st_38400.csv,0.0273496840654536,0.068109008036587,0.3431547052677407,0.2206734325441171,0.0331106882361168,0.298834155243225,0.1597119411767907,0.1866059830036429,0.0428384775205089,0.0430407629744877,0.0247917349503679,0.0267408763458874,0.0285890975788023,0.2056783900737671,0.1882606401971052,0.180697568579573,0.0722859955254076,0.0382988894583012,0.0438543577472509,0.0437349303445139,0.0281455689225465,0.0433199536360087,0.0347558222700944,0.0467230313033443,0.0294377585729666,0.0306670331547298,0.0361296574556239,0.032614971856409,0.0266235168595365,0.051085953874751,0.0374970686144326,0.0388097353396679,64000,800,1,800.0,0.0125,0,1
315_UCR_id_13_HumanActivity_tr_16000_1st_33070.csv,0.0725253472425716,0.3941574191740066,0.2128180900999011,0.1623144970706529,0.005103173408384,0.3377727803208525,0.3508726035961595,0.4307643130081482,0.0088935313558826,0.0937475830701239,0.0049432154917308,0.0926488604443545,0.025970398362826,0.115147070878604,0.3363586364379596,0.3255767848138031,0.0047000629070289,0.0133832946031753,0.0036398769713575,0.0036341648609016,0.0170928921771814,0.0036413228731551,0.0044235780043007,0.0035011427187156,0.0091858205471088,0.0171623989858738,0.0123746008850913,0.0078768326560807,0.0269021139681156,0.015092817241491,0.0079441667121834,0.0243858276885222,64000,110,1,110.0,0.00171875,0,1
334_UCR_id_32_HumanActivity_tr_1671_1st_2764.csv,0.0839603224060671,0.0676124010287259,0.1932215515999502,0.0670822615078661,0.0728699603113761,0.1513346876912893,0.1196899267422608,0.0673462879904619,0.0672874359858174,0.0674150789104734,0.0668106340386436,0.2382928738938925,0.0668106340386436,0.0668106340386436,0.0986959213910485,0.0704798692376917,0.5183198266661712,0.0668396317193583,0.0669267759880495,0.0742066952936252,0.0668106340386436,0.0746208320786764,0.0691092804318685,0.0739689270876709,0.067543207027697,0.0669267759880495,0.0676066902669611,0.0670059046615369,0.0669461722489944,0.0668299630293462,0.0668396317193583,0.0668589774947747,6684,231,1,231.0,0.034560143626570915,0,1
341_UCR_id_39_HumanActivity_tr_48812_1st_128430.csv,0.0001533139135096,1.4458975862989616e-05,0.0003022944382138,1.498741045194891e-05,1.3422594481474772e-05,0.0004195468857552,6.370174547193939e-05,6.341894979814121e-05,1.0761606510339922e-05,4.119508127071504e-05,2.718435253662229e-05,3.959729152997479e-05,8.446574884046992e-05,0.0009629176744482,0.0003110388807636,7.795977239337287e-05,1.3721707274205082e-05,6.856290712669249e-05,7.64518348992549e-05,6.780742501705596e-05,1.024312295610485e-05,6.742338943715151e-05,0.0001295911359745,2.604751114141948e-05,1.1856089350271256e-05,1.1408768869231866e-05,3.239988336774224e-05,1.3844332768052774e-05,1.803782570217786e-05,1.4222181137943865e-05,1.066411436474109e-05,1.2271171051543782e-05,195250,1,1,1.0,5.121638924455826e-06,1,0
355_UCR_id_53_HumanActivity_tr_48750_1st_143411.csv,0.0015254130151896,0.0018373717839414,0.1128805662832888,0.0012656939217232,0.0037691477873461,0.0040208685975236,0.0028329947471996,0.0030702640378315,0.0094630458761459,0.654023449646067,0.0011980382224723,0.0013635136945015,0.0017709124876335,0.2970247035445938,0.0034970799705725,0.0026932130718177,0.0012848475276358,0.4999956172772773,0.0010271741696352,0.0010292569259351,0.0012907822656842,0.0010779297134183,0.0010486472371467,0.0468715822804587,0.0348788541133795,0.2624953125837039,0.2012531942065809,0.0085718327945722,0.1095201815260778,0.563753975080732,0.0057101165106793,0.1963720576087293,195000,100,1,100.0,0.0005128205128205128,0,1
381_UCR_id_79_HumanActivity_tr_16000_1st_31200.csv,0.0228226230500852,0.0303597901667741,0.0495504790618641,0.0212047177637933,0.0292320298152088,0.0363396129654053,0.0436715725918282,0.0926613580741066,0.2158105112030504,0.0274795878186734,0.0219482270629715,0.0271023316263742,0.0201164775836125,0.0307384582314844,0.0336740700004737,0.0385342478967065,0.0243165471609677,0.0427412217064561,0.0274116710476379,0.027170675399193,0.0254748523817165,0.0293490181240666,0.0253281356039415,0.0223369337431624,0.0238851360743985,0.0202211029390022,0.0262698499857812,0.0203585529052008,0.0224755692630431,0.0210088186009854,0.0277995878072522,0.0291950737105495,64000,650,1,650.0,0.01015625,0,1
401_UCR_id_99_HumanActivity_tr_1671_1st_5920.csv,0.118029666516248,0.2670594261070181,0.0207088157651595,0.1298654032754197,0.6781564374718213,0.5728601500265897,0.9174262267754696,0.8828779027957238,0.7108387915812832,0.2330792546726445,0.9743539747498852,0.6718700305543343,0.0687639047681223,0.6483472666640769,0.4035835524918247,0.5645892493594543,0.5043440117490745,0.2923041837699238,0.3587751363896309,0.4159253454034755,0.1333284101591133,0.5116233998504138,0.999995000025,0.1507495973478254,0.0192447168010694,0.0192277028640955,0.0210194063320485,0.0842058196536593,0.0923060165984679,0.0882329974646248,0.3863592175092168,0.3809482001592617,6684,59,1,59.0,0.008827049670855775,0,1
421_UCR_id_119_HumanActivity_tr_48750_1st_130700.csv,0.0137720933996954,0.0193375011303809,0.0402798177840664,0.0144660466846265,0.1488053430879799,0.0211377615233671,0.0198489971476007,0.0195502644385695,0.0267086203723238,0.031419736593189,0.0270064800409293,0.0138116089478948,0.0137179809250286,0.0149353942637412,0.0199048118795532,0.0184908908247818,0.0375103894437793,0.0670498743869948,0.0201058824728109,0.0192764151605891,0.0126809835759814,0.0209322766006122,0.0169121423836825,0.0151445585026526,0.061421168551799,0.0414675155754774,0.0872642234776862,0.0581521592627436,0.0134601868011875,0.0439432396286479,0.0582100283477951,0.0800305838555858,195000,1180,1,1180.0,0.006051282051282051,0,1
430_UCR_id_128_HumanActivity_tr_12500_1st_46500.csv,0.013555884720284,0.0200050436021343,0.0991297580805039,0.0123268903840881,0.0170353746368484,0.0238576489310631,0.0559166910544101,0.05796990846733,0.107061786898909,0.0136597253562813,0.0135960478039606,0.0146321164948929,0.0119435073630496,0.0143769689020792,0.0217000572348493,0.0141601539351467,0.0125235539433709,0.0165634689312421,0.0244407425375596,0.0244407425375596,0.0119283108517807,0.0244497067843596,0.015201147497746,0.0228425437314081,0.0153775317982212,0.0119620805443973,0.0135597623288798,0.0147903789176755,0.0125053491631045,0.0124700994583184,0.0149214437774465,0.0149175851139145,50000,300,1,300.0,0.006,0,1
439_UCR_id_137_HumanActivity_tr_48750_1st_110800.csv,3.866488807537105e-05,6.502096949999028e-05,0.0256407725205789,3.867535582817813e-05,0.000108101183789,0.0001060434783277,3.2036586155576994e-05,3.266393376548096e-05,5.7068911421620247e-05,0.2499978125191404,5.12762793742374e-05,4.375079300499861e-05,3.9905423213197815e-05,0.1666651389028934,7.285901642727069e-05,3.325263946350521e-05,1.0595920531422284e-05,1.285813478242904e-05,1.9350962240026956e-05,1.9874392586764912e-05,1.0256255097679291e-05,1.90220658207173e-05,1.470779006145766e-05,0.0001779183348438,1.642343319179666e-05,2.1094610277512307e-05,1.546679246724614e-05,0.0001235699722851,0.0317457193278415,0.6666622222518517,4.888372890496492e-05,0.034482419741737,195000,1,1,1.0,5.128205128205128e-06,1,0
459_UCR_id_157_HumanActivity_tr_50000_1st_110260.csv,0.0100310800633795,0.0044217740618389,0.004337988524372,0.0174603343990998,0.0018544104409985,0.1946858611694158,0.0309110055399213,0.0212008344701958,0.1399636942073545,0.00251535632432,0.0015216738697119,0.0090478453369267,0.0455976068887003,0.1799963520739313,0.1792412247269873,0.0350167703814328,0.0015219633640921,0.0029449123918888,0.0015467985650323,0.0015191113226865,0.0230186884305552,0.0015188305005146,0.0015188305005146,0.0015720821287903,0.0015188760321918,0.0015188305005146,0.0015188608546627,0.0015191265052217,0.0025755538728603,0.0015188380889379,0.0015188305005146,0.0015188305005146,200000,152,1,152.0,0.00076,0,1
473_UCR_id_171_HumanActivity_tr_2617_1st_7290.csv,0.0025029798600979,0.0245391682240347,0.2352912111085686,0.0952340137803617,0.0043383515045186,0.130432514217144,0.003215401981276,0.0029880179732269,0.0028115932919151,0.006409879213518,0.0129587074674163,0.0031877208259334,0.001537657623457,0.0026797409919568,0.0057636312905928,0.0022696955054625,0.0031327945573303,0.0169486570096043,0.018866856593023,0.1428522450658834,0.0011456826494119,0.0020682275388522,0.0028328329015977,0.0091318871894142,0.0013653293984661,0.0043665536660798,0.0020822176442469,0.0216209940284436,0.005624229699876,0.0029585356020947,0.0055657520132438,0.0048337646144001,10468,6,1,6.0,0.0005731753916698509,0,1
516_UCR_id_214_HumanActivity_tr_2108_1st_4702.csv,0.0588221669865734,0.008510553554488,0.6249957031545408,0.0017937040521406,0.0023738280707543,0.0113764511602012,0.0139468628986557,0.0235846725948628,0.9090859504402704,0.0675669147250807,0.0070076386484782,0.0019963865244197,0.0102457997062344,0.0088888003959427,0.0083471622857712,0.0026961175885156,0.0209786774470651,0.0094517017708698,0.0098910984130068,0.0078532731100721,0.0238084042476574,0.9090859504402704,0.0425512902614989,0.0053403213217936,0.0025341865503568,0.009661597126013,0.0054052711866783,0.0015976833489188,0.0307678107164284,0.0087144886120901,0.003681848374481,0.0040633483153861,8432,5,1,5.0,0.0005929791271347248,0,1
530_UCR_id_228_HumanActivity_tr_16250_1st_38500.csv,0.0108423864727966,0.0719590687821883,0.2218320964451867,0.2735807672395327,0.0146288014769238,0.0854207852709376,0.1013785769073346,0.1242713267906081,0.0442892109058119,0.0156450455238038,0.0694751031891376,0.0172088545751977,0.0092320976728114,0.0127488837614728,0.0631298092180739,0.0131480241777854,0.0093856101406317,0.0216176778560667,0.1969660239436094,0.1969660239436094,0.0164943801011798,0.1969660239436094,0.0745712729578217,0.0440484391876058,0.0125971107485476,0.0094844860045078,0.0122598993874183,0.0104624710301236,0.0107478776300392,0.0101352681382397,0.0108282205666181,0.0108166080822703,65000,300,1,300.0,0.004615384615384616,0,1
319_UCR_id_17_Environment_tr_6166_1st_19280.csv,0.0212749646682359,0.0970839100117588,0.1163094196528537,0.0707923254040029,0.6539876303315288,0.0129145540679263,0.0256635333186738,0.0153094335908725,0.1229031303935175,0.0611963608511859,0.0916184838465331,0.0160256444638541,0.0690936331325978,0.0262486130776278,0.2449813523602766,0.3379063787505799,0.0157892961199931,0.1081057706860392,0.0168628337723754,0.0159893894562469,0.0128890651570587,0.0156792584070901,0.0166196279678164,0.0327506976273472,0.0655715728288888,0.0406060864462974,0.138295337303146,0.1133991710801749,0.0239813003028849,0.0335528546565391,0.687018145828609,0.7142808163601163,24667,160,1,160.0,0.00648639883244821,0,1
385_UCR_id_83_Environment_tr_2046_1st_6006.csv,0.2105216621527313,0.0133718178531476,0.2117597897335089,0.0177476791928399,0.2222187654858702,0.5348787885798263,0.433561973736521,0.4185999784188456,0.0812145885359314,0.0408159267011261,0.0126949280749939,0.315784474317375,0.4736793352302339,0.8333284354029374,0.5442132889429437,0.7872290448483868,0.0233720236037977,0.0238792669041181,0.0214090368293773,0.021154279562319,0.0451937875715728,0.0216466172723978,0.0172815568505246,0.0457968841021307,0.0381448654177529,0.0179203237746613,0.1111091358375851,0.0120362556276889,0.0230634909287712,0.0275195021538597,0.0196276936067876,0.0224130966952911,8184,48,1,48.0,0.005865102639296188,0,1
387_UCR_id_85_Environment_tr_2046_1st_5549.csv,0.0653584860674008,0.0476141501636022,0.7169761766095439,0.2222202469311383,0.0606049219681327,0.3055520988045387,0.1824533392858465,0.241202369692681,0.0318568523900709,0.4736795568324242,0.0900885099863214,0.0915464868943566,0.0372940500186866,0.8205079816195955,0.0960947585609431,0.0668511200487344,0.0165601255750182,0.1052585043608598,0.0669821077393806,0.069996352190103,0.017852246241031,0.0558980842939798,0.0659936592558924,0.0208311460629967,0.1119952693198239,0.0147979933510096,0.058574196005804,0.2181795967168334,0.4499952000511995,0.3799950080655782,0.0450442175949419,0.0631998847970666,8184,48,1,48.0,0.005865102639296188,0,1
393_UCR_id_91_Environment_tr_2046_1st_4852.csv,0.1269804989698706,0.0314224423406228,0.2816857608298598,0.1176459515675146,0.0193234801297861,0.3697430860029141,0.5121902677438039,0.4943770534522922,0.3958283333964904,0.0781203127812331,0.0687006258779685,0.2803688847060344,0.638650649001743,0.6481432099141679,0.7692257843578683,0.7047569415315521,0.0427803300106742,0.0142795148445794,0.0487093209752111,0.0429281543001735,0.0116616916432405,0.061332135276736,0.1445769719967658,0.0120495852633793,0.0186911277369066,0.1016918817336974,0.0301963920450253,0.0399992320147453,0.0721425498308631,0.1164998776751284,0.0189235263340827,0.0195996425923508,8184,48,1,48.0,0.005865102639296188,0,1
400_UCR_id_98_Environment_tr_2046_1st_5391.csv,0.0002872708996082,0.0007575681847634,0.0133332008902044,0.0002609236794271,0.0004186686213913,0.0224716879203891,0.0099501497497537,0.0119759288620244,0.0002948083731055,0.3999968000255998,0.0003103631290042,0.0003748088463171,0.0016569842723858,0.0571423020462086,0.003241458723848,0.0080970853488665,0.000628331764525,0.0031495748530636,0.0010758364771157,0.000426707916464,0.0047392892123043,0.0008041737065708,0.0003586764712673,0.0008298672234433,0.0002457883744202,0.0002818858355206,0.0051413368936063,0.000408492647934,0.999995000025,0.4999962500281247,0.0006910780950624,0.0007039704354944,8184,1,1,1.0,0.00012218963831867058,1,0
411_UCR_id_109_Environment_tr_2046_1st_4852.csv,0.1428522450658834,0.024506693963152,0.3157868144268259,0.01303035156194,0.020833127172179,0.4081582674497864,0.5599953920379169,0.4827536742480668,0.2013379146030872,0.0731682332798392,0.027776639165131,0.2999952000767988,0.6499952000354459,0.660372403027574,0.7768547176034281,0.8433686166634217,0.0237915864756994,0.0128003507968041,0.0346176839294337,0.0304303288042109,0.0116616916432405,0.0429095923538759,0.1088812407273749,0.0130282808588175,0.0148862393588198,0.0349747429171405,0.2352892014868018,0.0392145790393369,0.0990957098797341,0.1076199401812499,0.016865609294626,0.0169154306823609,8184,48,1,48.0,0.005865102639296188,0,1
445_UCR_id_143_Environment_tr_6166_1st_19280.csv,0.0160429002892575,0.0966148476151977,0.2389167370944811,0.0734648565893441,0.5187270187920582,0.0128890651570587,0.0220860785828679,0.0142016258591083,0.2274463053632975,0.0451104660637614,0.0860770840084631,0.0146517683700784,0.0312070419126455,0.0155738952134123,0.5781201389297627,0.2483182199621294,0.013829287554364,0.0937472223045243,0.0165678766850116,0.0153022969240467,0.0128890651570587,0.0150348852039959,0.0162500927296307,0.0302766598990084,0.0946735478557033,0.1089075973939942,0.0408391036820055,0.0999960332152112,0.0255521843764392,0.0350827406948877,0.7177651009820871,0.7718071078199764,24667,160,1,160.0,0.00648639883244821,0,1
463_UCR_id_161_Environment_tr_2046_1st_6006.csv,0.212760959827667,0.0134904589572178,0.1975260357833228,0.3999968000255998,0.0689642330797978,0.4878000238436651,0.475242537058522,0.3883445377204875,0.1249962501124966,0.0408159267011261,0.0122479007257633,0.3846104142654156,0.4354791259622117,0.8333284354029374,0.5333283556020143,0.7999950005852594,0.0199002920132736,0.0146433977617333,0.0194249529205914,0.0191383805389463,0.0273927573549553,0.0189140867461429,0.0155564815227088,0.0126486805552302,0.0194801791630076,0.0164963912585812,0.0714261225329417,0.0121869314231209,0.0293712971411503,0.0403990456129464,0.0181325325807315,0.0193072507199015,8184,48,1,48.0,0.005865102639296188,0,1
467_UCR_id_165_Environment_tr_6166_1st_19280.csv,0.0130668991111059,0.093892975528486,0.0784619526753579,0.0759449805805871,0.5566293105882575,0.0128890651570587,0.0170465808293165,0.0441476273776294,0.1484674053938979,0.053867084316127,0.0888391535257475,0.0128890651570587,0.0299156194055921,0.0140719798833308,0.1017739652888457,0.1177758514801169,0.0143474638750492,0.0893835773318778,0.0156301296314298,0.0156089146585472,0.0937472223045243,0.0156920161451984,0.0166387701047091,0.0381882560428419,0.094116539805414,0.0463411809347602,0.0676293404234645,0.1004526846270532,0.0236034971106836,0.0456581642641949,0.6315743841402329,0.7172364328521871,24667,160,1,160.0,0.00648639883244821,0,1
474_UCR_id_172_Environment_tr_2046_1st_6520.csv,0.1249950001999919,0.0089317172671151,0.2298810622969403,0.0122674279668897,0.0129030976079334,0.2249958000783986,0.3333305555787035,0.1999982000161998,0.0099480875424491,0.0330546714349132,0.0074882249301023,0.0821873674728699,0.5714244898250728,0.5925884225259155,0.7179439842521186,0.999995000025,0.0187205633766342,0.0131143684069357,0.0125389373187927,0.0123964493593886,0.0058478949084162,0.0123315731320581,0.010077581865084,0.0071724607916833,0.0095380328558123,0.0061006000850189,0.0092898744865154,0.0118340856458813,0.0624962502249865,0.0599963522217849,0.008256618909166,0.0087805871690538,8184,24,1,24.0,0.002932551319648094,0,1
495_UCR_id_193_Environment_tr_2046_1st_6520.csv,0.0860176762023712,0.0101360543731785,0.1886757423220671,0.0666639787750424,0.0142855724503878,0.2399956480789148,0.3478232136343221,0.3921518801094449,0.0106006012696375,0.0294088584186974,0.0077231732676336,0.1296261729316848,0.5333294222509034,0.5925884225259155,0.7142808163601163,0.978718406544307,0.0302230798776873,0.014717522021065,0.0135132230260031,0.013341132199043,0.0058478949084162,0.0140430232592838,0.0103648288689989,0.006729011364858,0.0110876839898077,0.0103250004948772,0.0059762922569396,0.0112503353498629,0.0701721146542181,0.0641688856623822,0.0085521324274458,0.0087718345896804,8184,24,1,24.0,0.002932551319648094,0,1
496_UCR_id_194_Environment_tr_2046_1st_5391.csv,0.0004495347279602,0.000671359518937,0.0112993226734016,0.0004211370824197,0.0003893284025877,0.0256407725205789,0.0059523216063173,0.00840327766484,0.0002515065395768,0.3999968000255998,0.0003140178997236,0.0007917577229285,0.0020746680715212,0.0487800119023229,0.0030863889368265,0.007518722087919,0.0004248045888802,0.0021881619497608,0.0009799020137182,0.0003972943989219,0.0002443469764988,0.0007352867674826,0.0003494635687042,0.0006898861700927,0.0006659940082783,0.0108694571135515,0.0056021850314321,0.0005276992098883,0.6666622222518517,0.4999962500281247,0.000621884330354,0.0007839984351391,8184,1,1,1.0,0.00012218963831867058,1,0
499_UCR_id_197_Environment_tr_2046_1st_5703.csv,0.3076875740373225,0.0210770062944683,0.1428534444939151,0.036297214572806,0.0123455563188538,0.1506834227961155,0.1807204180916271,0.1818156959017578,0.0060106804536895,0.0139735917194836,0.0173378510357803,0.3953448134536086,0.4705846367057193,0.0100585755278361,0.775505206196308,0.883715997864198,0.3018818370339958,0.0174126412762212,0.0315348793078754,0.0255703475145384,0.0058478949084162,0.0331873625038838,0.024452127291519,0.006383505805404,0.0228238751028483,0.0296267064612587,0.0325185644419578,0.006193626355127,0.0156233009660199,0.0062327715239035,0.0102694742125479,0.0113159957783266,8184,24,1,24.0,0.002932551319648094,0,1
504_UCR_id_202_Environment_tr_2046_1st_5549.csv,0.0900295440216726,0.0388299751876458,0.7199950080346108,0.037378231067739,0.0431722204531807,0.3238059973173177,0.2222189612575836,0.2702664275199408,0.0291075406798144,0.4634097799437685,0.0710042029754548,0.1034442807726046,0.0276662670377906,0.8421003878398599,0.0970252145937263,0.053762461897812,0.0197601533942368,0.0884906886557768,0.0553605518561251,0.0546047689757544,0.0395989732778208,0.0454521902046893,0.0610050107171856,0.0547900172588554,0.0333301336405038,0.0125679439247253,0.0385914782388556,0.1886775365053297,0.4691309739865965,0.4175774327367197,0.0352244423188015,0.0418463732045895,8184,48,1,48.0,0.005865102639296188,0,1
506_UCR_id_204_Environment_tr_2046_1st_5549.csv,0.0740702849003159,0.0538431433635886,0.4431778512751774,0.02984668355591,0.086954933866425,0.1300781599013422,0.0983590600157355,0.1964252041393576,0.0174394594976691,0.3835571402292733,0.0962325029662896,0.1097235783764316,0.0284267386495814,0.8275813555575708,0.0630464801768906,0.0539760020960272,0.0225508693525743,0.082187277409457,0.0818673070628162,0.0818673070628162,0.0439510596160962,0.0613455383144601,0.0667861747291027,0.1111091358375851,0.03570938842673,0.0221189700508039,0.0634884355814588,0.1882303779830691,0.3711290212173088,0.3571379592508445,0.0492530405977915,0.0628709253711479,8184,48,1,48.0,0.005865102639296188,0,1
313_UCR_id_11_Sensor_tr_2827_1st_4711.csv,0.4141963111108492,0.0174816975695077,0.8795761552872854,0.0174342134010927,0.0678085363578326,0.6975043543310732,0.9074024503014289,0.9065370914762232,0.9346683679972408,0.0249952540261417,0.4494332534315914,0.4542544036067253,0.638778594491276,0.7232426154622703,0.9333283555821036,0.8828779514925231,0.4648598825954004,0.0588227758650934,0.1515113270019578,0.0193186869030555,0.0171837679168441,0.021722792363494,0.5024104731060259,0.017315071149887,0.0224323222313624,0.0235704571767017,0.0196946000925241,0.0225287751913831,0.0227538343813623,0.0546398344281881,0.0321819090685447,0.0538414572144245,11308,98,1,98.0,0.008666430845419171,0,1
316_UCR_id_14_Sensor_tr_2833_1st_5988.csv,0.2625435775496507,0.027727258646369,0.2099548308155294,0.1401247765609198,0.0716124508980371,0.7721471583370658,0.8527868793614154,0.8426345950978089,0.9340051534705424,0.0291154143252862,0.4938223638461476,0.3418775075112625,0.9326873303704966,0.8362020307209419,0.9282246908533311,0.910793161877616,0.2716001334488176,0.0235381239314803,0.0173502690244443,0.0354219125232541,0.0169712253067381,0.0170039509609139,0.1165037571976263,0.0381068047363944,0.0170863199394895,0.0189471440973174,0.017347588021675,0.0170442871685286,0.0169741951600493,0.0300712402717658,0.0482345254644715,0.06451113866792,11334,97,1,97.0,0.008558320098817717,0,1
339_UCR_id_37_Sensor_tr_2750_1st_5400.csv,0.1620876415974066,0.1284388519663595,0.4301035958273499,0.0544800320751188,0.4153449343007638,0.5229836174323998,0.614476644964,0.5346484658834324,0.7584050351465194,0.0842647395882487,0.3453197039962662,0.208899606026908,0.8763995707889282,0.2985510178953531,0.9130385160950212,0.8968775023424767,0.414560898927918,0.4888850480411489,0.1284388519663595,0.1284388519663595,0.0357139349524245,0.1310021548398892,0.352936914120991,0.0831711009980703,0.1009159161914166,0.2189741595893407,0.0728714125448586,0.180993755262959,0.0845021228811092,0.0921644545661496,0.2553150244617798,0.2690869422072401,11000,200,1,200.0,0.01818181818181818,0,1
344_UCR_id_42_Sensor_tr_2851_1st_5365.csv,0.0033267353220248,0.0027225429178126,0.0531909715985211,0.011048203865877,0.003754186030049,0.0398402469840335,0.0245899210585665,0.0111068869563185,0.0026569569038649,0.0069920131981241,0.0034013265887974,0.0026673513295188,0.0035595278283013,0.0259962772117873,0.0410392697111202,0.0609750185958562,0.0050675170207972,0.0136983765909427,0.0046510932676698,0.0029092201529567,0.0193792804833611,0.0029856793008157,0.0028779451683314,0.0207033319362724,0.0172657647223017,0.0353959277869979,0.0161610284878529,0.0027974356977444,0.004178066259326,0.0033056212088656,0.0052688695920199,0.0047938160310107,11406,15,1,15.0,0.0013150973172014729,0,1
364_UCR_id_62_Sensor_tr_2833_1st_5988.csv,0.0583516160359499,0.0226099151333978,0.8362020307209419,0.0197430225388634,0.0588407998466499,0.6785665483627626,0.7709447558136282,0.8556099802973743,0.4311328553025823,0.0191979764283372,0.0698500110036502,0.0546827936789793,0.9326873303704966,0.9574418136294984,0.9238045528612157,0.9150893756944244,0.202760033249294,0.0193765494451593,0.0169786518894212,0.0287667966171689,0.019154062734727,0.0170278308203485,0.0169712253067381,0.0388989811804149,0.0176193137447066,0.0185539180124659,0.017233213884485,0.0170412927397477,0.0176969718789464,0.0170652776717587,0.0229995600868439,0.0205502792954067,11334,97,1,97.0,0.008558320098817717,0,1
369_UCR_id_67_Sensor_tr_2750_1st_5400.csv,0.0936420200409848,0.1395335857340862,0.6932222980919076,0.1363619834911092,0.2211501942171105,0.5690558286196301,0.6147319667976677,0.570760687162819,0.7891518362897824,0.0663457248642789,0.3428530612730801,0.1164480031940023,0.8950226794327103,0.0866400955965549,0.915984195207614,0.8904712018420065,0.4093915589863812,0.4850708398602628,0.1428552296174605,0.150440441722288,0.0398275862886444,0.1441423585969092,0.3498304959784438,0.0846860128271748,0.0655688140149697,0.0555513120525515,0.0358130604051754,0.1627872123815732,0.0721981521604936,0.0699540046368128,0.2528699814074386,0.2510090642742534,11000,200,1,200.0,0.01818181818181818,0,1
373_UCR_id_71_Sensor_tr_2827_1st_5988.csv,0.0452481026079851,0.0262142557622057,0.2015012676660659,0.0181602354407647,0.2815973777652182,0.3506450356830535,0.0816779164843181,0.0520315241353764,0.0170754090888361,0.0474548797338937,0.0639961650653618,0.0239241093453452,0.0341852680447039,0.2162798161211775,0.1513138885520818,0.0786372664356649,0.0337036947116079,0.0374952263889903,0.0282105879362188,0.0276588854621043,0.0170099146443535,0.0172121441500321,0.0231211108694377,0.0297207796584972,0.0361941703226171,0.0198866193551915,0.15641961627443,0.0230500505599128,0.0934537267651606,0.0506281714099646,0.0469771406585099,0.0448139698588241,11308,97,1,97.0,0.008577997877608773,0,1
405_UCR_id_103_Sensor_tr_2827_1st_5988.csv,0.0599956245413228,0.4497944407851154,0.2878313638175531,0.0595207012992505,0.5317179109677482,0.6621116118131086,0.6598595240705359,0.4986975293251679,0.2587028062942383,0.0377835799827434,0.6405182349005576,0.5462136583295377,0.0600815380510658,0.2028966218557761,0.3023596163157911,0.1134492222596754,0.0842252711471219,0.022378009966893,0.0272486179817407,0.0522869678165969,0.0204079612681384,0.0171391533390062,0.147646462911782,0.0601573400174935,0.0404036445299475,0.0281640547426609,0.0503551691382088,0.0220567288910089,0.1059559045257419,0.0550439121983547,0.0783091171076819,0.0909041434769072,11308,97,1,97.0,0.008577997877608773,0,1
417_UCR_id_115_Sensor_tr_2750_1st_5400.csv,0.1792402991773813,0.1255586881167029,0.5622850956606446,0.1222685303884084,0.4153449343007638,0.5254188132861158,0.6212376818135144,0.5139899125763673,0.7446106509176673,0.080398247695067,0.3418142149220705,0.2319537677768222,0.9010939500332416,0.2304862024453825,0.9130385160950212,0.8942257766550931,0.3169774297335251,0.4532333730497775,0.1255586881167029,0.1255586881167029,0.0357139349524245,0.1287529334209997,0.3578905509877078,0.0378636968649854,0.1190443437535051,0.1204787665544518,0.0812977726036262,0.1607123724717563,0.064281632912196,0.0558959149057153,0.2608662532251956,0.269659162054961,11000,200,1,200.0,0.01818181818181818,0,1
426_UCR_id_124_Sensor_tr_2827_1st_4711.csv,0.3056719598045915,0.0173204362843281,0.8994659063573277,0.0231164767022034,0.0631937870535207,0.6925749778667525,0.8672517252999629,0.8828779514925231,0.8807289959035781,0.0338954900355733,0.4469224194550759,0.4559535504856866,0.6523251916403762,0.668937527548878,0.9333283555821036,0.8888839317834746,0.4590114187287041,0.0555538752222926,0.0915992845790543,0.0576912204346918,0.0171837679168441,0.0232961659858349,0.3252000132519005,0.0171837679168441,0.0769219896603384,0.0192597648711632,0.0434741444771413,0.028479582320274,0.0232542146062391,0.0430985692205947,0.0618067640218853,0.064339289669668,11308,98,1,98.0,0.008666430845419171,0,1
449_UCR_id_147_Sensor_tr_2847_1st_9330.csv,0.0017617864850402,0.0131572585141442,0.3076887574374142,0.0105444701605846,0.0111481611576393,0.2020183858953187,0.8888839506447186,0.8888839506447186,0.0923067192738994,0.4615349112699132,0.0025370798243949,0.0017546762745627,0.2499978125191404,0.2117626297781394,0.94736343492929,0.7826037807492029,0.0018821569913621,0.0229220794709927,0.3333305555787035,0.0027635484701329,0.0017546762745627,0.0176985424955279,0.0035861216353969,0.0026591942917054,0.0235289522581088,0.002193711421528,0.0025859323819953,0.0294104023122458,0.1818165289406459,0.1818165289406459,0.0050517303630128,0.0061918887372082,11388,10,1,10.0,0.0008781173164734809,0,1
493_UCR_id_191_Sensor_tr_2847_1st_9330.csv,0.0048859123850319,0.0499962502812289,0.2272707128277726,0.0051149204702328,0.0884947294309045,0.3174576467848762,0.94736343492929,0.3333305555787035,0.7499951389203959,0.4615349112699132,0.0023846190819672,0.0017546762745627,0.2758575506090848,0.3076897041640417,0.7199952000319998,0.9090859504402704,0.0017788668664844,0.3333305555787035,0.3333305555787035,0.0063040980262026,0.0017546762745627,0.0634893929064888,0.0036663245405368,0.0028228370196585,0.0035161393026741,0.0031615239200362,0.0021907985782755,0.0425518736890181,0.1818165289406459,0.1818165289406459,0.0101513206614397,0.0105538293448433,11388,10,1,10.0,0.0008781173164734809,0,1
526_UCR_id_224_Sensor_tr_2827_1st_4711.csv,0.1655446750353857,0.0179868693847028,0.9333283555821036,0.0196944412562516,0.029767430722417,0.6925749778667525,0.8305036182415544,0.7618997841595053,0.5327461955790259,0.0253117457890746,0.0613148902146362,0.2923927677710862,0.6760518181218673,0.9417425846244042,0.9371930817787244,0.7777730247204045,0.4933288035971475,0.0220988640290385,0.0624964113388801,0.0204454470576664,0.0171837679168441,0.0213837345633821,0.0277918433131167,0.0172139519488059,0.1264318617319426,0.0222801814224954,0.0189756127947749,0.024614251254079,0.0271768134589457,0.0280088363621379,0.019654543365332,0.0323361679345703,11308,98,1,98.0,0.008666430845419171,0,1
531_SMAP_id_1_Sensor_tr_1811_1st_4510.csv,0.7864029951274567,0.0243900029767998,0.906971761114452,0.0243900029767998,0.7864029951274567,0.7864029951274567,0.8999950500272248,0.9050229780864888,0.6806677787881819,0.615379918379046,0.7864029951274567,0.7864029951274567,0.7902391224560397,0.0,0.906971761114452,0.8950226794327103,0.8999950500272248,0.2574225664542448,0.5663676216126238,0.1590894447448836,0.4271811066340157,0.1165014950539775,0.8950226794327103,0.3300937280010091,0.5663676216126238,0.3999964735004784,0.7538414568339997,0.0243900029767998,0.0366934302431288,0.4374953528325663,0.8689605859970686,0.8689605859970686,7244,81,1,81.0,0.011181667586968525,0,1
532_SMAP_id_2_Sensor_tr_2075_1st_5550.csv,0.0828786729579411,0.2529708972947405,0.2652858913434834,0.1598235462125686,0.7166315989453156,0.2761148826341509,0.1180049843734747,0.1060200476506228,0.4093356657791278,0.1168021327843951,0.4291629799795868,0.08118344686264,0.0965858572583773,0.2350511414005693,0.1914475999711872,0.2729494470328305,0.0990393775888232,0.3263500065968086,0.1769186895318794,0.2621087666420777,0.0811271541458064,0.2750334989853331,0.2820279364430568,0.3208683014656123,0.1474876318029747,0.2528704469666631,0.1756445074925968,0.1141820815320801,0.0977636543281488,0.0865400460367775,0.4163380813937505,0.4181416962958724,8302,351,1,351.0,0.04227896892315105,0,1
533_SMAP_id_3_Sensor_tr_2052_1st_5300.csv,0.8543275652809406,0.5935917832046832,0.2402979929193741,0.4927666989866247,0.9885311558852036,0.2408502243816328,0.2402979929193741,0.2406332808518086,0.962483566893698,0.9074926076400394,0.9762507106070932,0.8974189001741563,0.2495726493640009,0.387641620271799,0.2433284359483112,0.2412287803283606,0.995112621094154,0.6867835379238988,0.5898517955965906,0.2402979929193741,0.5628929781010855,0.2402979929193741,0.2402979929193741,0.7692259645875472,0.9555505627875756,0.9490690813062722,0.9305571336608952,0.7612296629287255,0.7302901105102562,0.9204656034196598,0.9887185008866056,0.9887185008866056,8209,1121,1,1121.0,0.13655743695943476,0,1
534_SMAP_id_4_Sensor_tr_1968_1st_4370.csv,0.5999958000293997,0.0384611612463031,0.6623332324465622,0.0384611612463031,0.3066638446926349,0.5795413384848118,0.902649914664185,0.5795413384848118,0.0128705345834835,0.1450350326999058,0.5962689634201801,0.7328196725441095,0.5828530129272227,0.0,0.6711364371276338,0.8360607081712885,0.6754922152833425,0.6595695043379443,0.8139486614672401,0.2999974500216748,0.2857112018473451,0.0333316229272753,0.0128705345834835,0.4819229729018567,0.7710795993904134,0.342100848394922,0.5609709072375167,0.0384611612463031,0.101692571154292,0.3960346045136558,0.8521689769662096,0.8521689769662096,7874,51,1,51.0,0.006477012954025908,0,1
536_SMAP_id_6_Sensor_tr_2160_1st_5600.csv,0.933328340616277,0.8209557682262513,0.0317355455868263,0.5613985738353161,0.6725614281043142,0.8977728300519588,0.985360854754688,0.7522074457995819,0.0231092556183862,0.2480586167162399,0.0643101066452588,0.8977728300519588,0.980577526182512,0.0,0.8977728300519588,0.9711488503400488,0.9797929818640824,0.6442909346721878,0.6442909346721878,0.5972180334012935,0.434105128324189,0.5207052498606024,0.0643101066452588,0.7701100720350308,0.4696933758309879,0.948974596548577,0.6258460401054388,0.6174452970895823,0.5531868917941585,0.5581346870350766,0.7682879513973724,0.7682879513973724,8640,101,1,101.0,0.011689814814814814,0,1
537_SMAP_id_7_Sensor_tr_2077_1st_5394.csv,0.4999950048655988,0.246985351493482,0.0657457375760265,0.1851057496375732,0.9165197109704142,0.0657392278635919,0.0654166644017213,0.0736559091778813,0.961178002014444,0.5575991215944254,0.998218801106538,0.8994257621193738,0.0677625271758523,0.0654166644017213,0.0654318970681093,0.0670958176448855,0.0654166644017213,0.7373021327825565,0.247731574218099,0.1328891248556782,0.6603281024440694,0.0654166644017213,0.0654166644017213,0.5322957640396309,0.696051146395078,0.9007583851011766,0.4352292001487939,0.2770048603494401,0.266661749552841,0.2244347088177438,0.8871237765983915,0.8871237765983915,8310,281,1,281.0,0.03381468110709988,0,1
538_SMAP_id_8_Sensor_tr_2007_1st_3650.csv,0.7818525757293167,0.4633523308593082,0.5903564749374209,0.1052620360845932,0.8543257238805326,0.4864824929473192,0.7268362282159344,0.3812899705638171,0.7639436107074602,0.4795271738451902,0.8141544647478638,0.8157846276065038,0.3004484630599299,0.0646010381080692,0.6938727830809783,0.6036911492211191,0.8604220012631236,0.6456904276505665,0.598944230736339,0.4887603232198557,0.1052593330170343,0.539079546967166,0.8557164547917189,0.6136733738504415,0.7499950000333331,0.6776810154857009,0.7178452920871847,0.510633310244381,0.325228644954148,0.4881839916188816,0.9033407250038352,0.904756906466717,8029,268,3,89.33333333333333,0.033379001120936606,0,1
539_SMAP_id_9_Sensor_tr_1857_1st_4270.csv,0.0238212870945141,0.1355115745265719,0.0189975772241347,0.0163756765102365,0.6559095705001982,0.0162838747924805,0.0164131292915523,0.0168297406922663,0.2179711707545757,0.1842073580877321,0.0215127478636651,0.0209009410247809,0.028065055700877,0.0298489278325925,0.0244879154856842,0.0332617534130957,0.0186742371656774,0.6292091705888307,0.034020859108956,0.0162838747924805,0.0634914487335916,0.0163187252496686,0.0277775038607258,0.3199969635843678,0.6739085751714038,0.7307644683084864,0.5647018297868686,0.5909048373240076,0.2828235527778114,0.2597369674898666,0.974784919169742,0.9752016119373864,7431,61,1,61.0,0.008208854797470059,0,1
540_SMAP_id_10_Sensor_tr_2051_1st_4575.csv,0.2885859124225631,0.0557116364650358,0.7260530535391159,0.0443327806572931,0.6666622222518517,0.920207766550475,0.9117597448366824,0.8588908051015414,0.893501499235202,0.1233193970214859,0.5494999819094489,0.8348860919724346,0.8086908351893729,0.9155263361052238,0.830352286779037,0.9073121161484388,0.670962941969822,0.4457782051640592,0.1082754255876125,0.0538172987844978,0.0506279288351758,0.1502457621720905,0.0443327806572931,0.1396141259796076,0.0973978135255746,0.1423442789619052,0.0790474897635674,0.212594504381319,0.1144996983009283,0.108428807743134,0.186523504120356,0.232361622614998,8205,186,1,186.0,0.0226691042047532,0,1
541_SMAP_id_11_Sensor_tr_1832_1st_5300.csv,0.649033491162324,0.6183651136981626,0.2879128528924702,0.1428551675758134,0.9451426943950718,0.355332212443901,0.4928983477361019,0.5158186572994914,0.3004828841543477,0.3740028435549766,0.8720447533630736,0.6297249519719686,0.2301860636822655,0.4517206221438917,0.2678996867095292,0.642116276544755,0.2453373805753767,0.4029585284877579,0.4071014146979421,0.6938730196047699,0.115180814512725,0.734172553731619,0.8732698576021873,0.41059160689176,0.1157528628319533,0.115180814512725,0.1352743382302401,0.115180814512725,0.1154628295564307,0.115180814512725,0.4707602071042084,0.4878744272198757,7331,448,1,448.0,0.06111035329422998,0,1
542_SMAP_id_12_Sensor_tr_1908_1st_4690.csv,0.5210045505545842,0.1212109825634971,0.6666622222518517,0.1212109825634971,0.3898266346262579,0.7341724467542523,0.9687450049085684,0.999995000025,0.9666616722480266,0.9152492502426288,0.5535674250927292,0.0081140403771138,0.8857093510479013,0.0505704695618994,0.6458289605330797,0.9523759536669522,0.0080928576576113,0.1212109825634971,0.1212109825634971,0.1212109825634971,0.0080907454670893,0.3243216070351842,0.4806165038436142,0.3636322004608868,0.4888846025067174,0.3291091556531294,0.5384567234158386,0.1212109825634971,0.3666616722902517,0.1764689792534244,0.6666622222518517,0.719995150254889,7632,31,1,31.0,0.004061844863731656,0,1
544_SMAP_id_14_Sensor_tr_1978_1st_4450.csv,0.07428138327293,0.0358562119734989,0.962957966846909,0.0276632785954058,0.0296590264453426,0.869560292486766,0.9099476202514886,0.9389621451035648,0.8376018507857714,0.0684895057297293,0.0276632785954058,0.0278192745490333,0.9862963708266136,0.8136833344709786,0.9626118294433146,0.8377309807331685,0.6380324649322939,0.0591670897310806,0.1032841188588187,0.0466148874598831,0.0276632785954058,0.0539273841740482,0.1104274355818529,0.0339044167785473,0.0276805250308323,0.0276701745900269,0.0276632785954058,0.1475393429368149,0.0751852089882654,0.0353978823747837,0.0276632785954058,0.0276632785954058,7914,111,1,111.0,0.014025777103866566,0,1
545_SMAP_id_15_Sensor_tr_1173_1st_2750.csv,0.1049977751721425,0.6027355151354422,0.1852534562290205,0.6578903220517862,0.5795413384848118,0.0225611571590964,0.029894195561573,0.0317358420022767,0.0357389622413764,0.5581347079919876,0.3902390482459852,0.0739362551658427,0.3797434578092444,0.19660730966527,0.021982541211462,0.0224124349462595,0.0758862223827679,0.8958283528922725,0.6216173375021334,0.0294526641836529,0.2068944292726652,0.0253785683292935,0.0357640246317216,0.738733771642845,0.917426213308736,0.6620644052632774,0.7102753847848033,0.8039165686585483,0.6464596510946152,0.5892807541871584,0.8429703299237111,0.8429703299237111,4693,51,1,51.0,0.010867249094395908,0,1
546_SMAP_id_16_Sensor_tr_2117_1st_4770.csv,0.370365763613752,0.0300856191945871,0.4864823082900849,0.0391099762588563,0.0529940948906715,0.6920102410395849,0.7837788243962862,0.8490517039264612,0.7487132392143704,0.0281785763996199,0.0281720156125724,0.6633118164025252,0.8598081697372337,0.4379903763284584,0.8490517039264612,0.8093597302330441,0.0402208193559004,0.0557356358629438,0.0575120177793309,0.0578200277683181,0.0281720156125724,0.0585525407384625,0.0609719460316242,0.0445760836572046,0.0283137491849179,0.0286455509807019,0.0403175841909978,0.0281720156125724,0.0361406267929139,0.0282806607740396,0.0281720156125724,0.0281720156125724,8469,121,1,121.0,0.014287401109930334,0,1
547_SMAP_id_17_Sensor_tr_2133_1st_5400.csv,0.4504462631516995,0.4914244703427961,0.1896605133788867,0.3041791869874145,0.7486581132192028,0.4930334951852883,0.2971710418821632,0.4510119056928031,0.3737340167440092,0.3538654594543226,0.584086774022043,0.4693103264457809,0.1695408709031576,0.2228797176726292,0.2060409452179386,0.5403597616074918,0.4055156906341743,0.4969805836079181,0.505796456311599,0.1360992231583047,0.1372904647691274,0.320177109080771,0.1360992231583047,0.3810612148147763,0.1361140909009073,0.264113192278458,0.1371989298366393,0.1752905701094481,0.146798410274521,0.136248046904477,0.2370710326804927,0.2391824632207301,8532,623,1,623.0,0.07301922175339896,0,1
548_SMAP_id_18_Sensor_tr_2094_1st_5600.csv,0.5131539551895242,0.0545207462509856,0.3404226513598203,0.6185518206358068,0.2817845207515399,0.4969659621951932,0.9010939500332416,0.9111061506442908,0.3999964121138151,0.0129382338665733,0.0144900487628663,0.5030637194003823,0.4969659621951932,0.4969659621951932,0.4969659621951932,0.9010939500332416,0.5774606814416321,0.0291086943353373,0.0291086943353373,0.0107865278125009,0.0097420914818126,0.0139954234077941,0.0102652959710727,0.0290571197453932,0.8461488593324801,0.5594364692949045,0.632906399654832,0.6956473514301966,0.1224462474578798,0.5862027527046791,0.9111061506442908,0.9010939500332416,8376,41,1,41.0,0.004894937917860554,0,1
549_SMAP_id_19_Sensor_tr_1998_1st_2098.csv,0.1448582413307058,0.0419943395304817,0.637777285156446,0.0419943395304817,0.7015656873796353,0.0443636409481715,0.5655385543712451,0.791902534696689,0.8613089233712576,0.4668943530179528,0.8976328011244993,0.8952829648588567,0.6998042346081415,0.4897217114285419,0.6501722903566268,0.900758379039372,0.8972922974712491,0.084742327056842,0.04528774521176,0.0453499331321208,0.0419943395304817,0.1030918057272034,0.8929453993421065,0.1824773404018145,0.5161252029420427,0.372877920169549,0.4206309801326569,0.0448760484262083,0.1122437484499231,0.3279694445558412,0.762815673929446,0.762815673929446,8579,184,2,92.0,0.021447721179624665,0,1
550_SWaT_id_1_Sensor_tr_43700_1st_43800.csv,0.268422492116247,0.7170043794816433,0.2207504288387677,0.2152807561758911,0.2152807561758911,0.2152807561758911,0.6250768927508871,0.3903320056104639,0.3925239285094773,0.5425782362137568,0.7904190859287528,0.2478984749431523,0.2152807561758911,0.2152807561758911,0.2152807561758911,0.2300664901500259,0.5967387503528938,0.7905344662547834,0.7906025671435827,0.790582047966563,0.2152807561758911,0.7904628939600139,0.7907787327358653,0.7911877699776201,0.2380526405387055,0.2227533188323179,0.2282206136069669,0.2152807561758911,0.2952269305614638,0.4008002030087352,0.2152807561758911,0.2152830436396095,419919,50653,27,1876.037037037037,0.12062564446952864,0,1
551_YAHOO_id_1_Synthetic_tr_500_1st_893.csv,0.0025640769562057,0.0689648513738487,0.0799992320073727,0.0540535281278344,0.0074905620790444,0.0444440098807922,0.999995000025,0.049999512504753,0.0014803701073305,0.999995000025,0.0021857705159098,0.0084387345341202,0.0018656530026644,0.0999990500090249,0.0095692827554634,0.999995000025,0.4999962500281247,0.999995000025,0.1249988281359862,0.0022547689095236,0.0014064557062337,0.0048661315057441,0.0038535260861943,0.0298504522194258,0.0075470946251705,0.0027284857128029,0.003466169904439,0.999995000025,0.999995000025,0.999995000025,0.1111100617383058,0.0210524232707592,1421,1,1,1.0,0.0007037297677691766,1,0
552_YAHOO_id_2_Synthetic_tr_500_1st_893.csv,0.0020263222091823,0.999995000025,0.0210524232707592,0.999995000025,0.019801784140751,0.1249988281359862,0.0024691111418405,0.6666622222518517,0.00294547868874,0.999995000025,0.0019379651352514,0.0026280946471493,0.2499978125191404,0.0099501497497537,0.999995000025,0.999995000025,0.2222202469311383,0.999995000025,0.999995000025,0.0041928302769976,0.0014064557062337,0.0105819053228465,0.0037174350137062,0.0017543684366171,0.0312496923858405,0.0444440098807922,0.0017226356739243,0.6666622222518517,0.999995000025,0.999995000025,0.095237188217255,0.0357139349524245,1421,1,1,1.0,0.0007037297677691766,1,0
555_YAHOO_id_5_WebService_tr_500_1st_730.csv,0.007142575521308,0.0095690025558805,0.0512815516156509,0.0115271496361772,0.0384601183956284,0.1818135538368114,0.3999968000255998,0.3999968000255998,0.1999952001151972,0.6666617284316411,0.0060422358326941,0.0049473841674046,0.1999968000511992,0.1333294223369447,0.1176456132434451,0.1428554195219232,0.0289844150800114,0.083330555648145,0.015624394554711,0.0251567422270383,0.0047505464316032,0.0131866389106476,0.0093130621342476,0.064513881451872,0.0087525617107021,0.0089151864435912,0.0048541766500899,0.4999950000499994,0.8888839506447186,0.999995000025,0.0416658680708619,0.0512810782564638,1680,4,4,1.0,0.002380952380952381,1,0
558_YAHOO_id_8_WebService_tr_500_1st_1125.csv,0.1065397750006959,0.6896506540129564,0.213588764313095,0.2788801194308095,0.1194910348079699,0.1764658209669281,0.2719956480696309,0.3452331066480484,0.1130286503034322,0.5132033321812896,0.7417168721004805,0.1061701957208407,0.3299952000698172,0.1312014362218388,0.1958730152529192,0.1904724011839765,0.9873367729783644,0.1062406938962184,0.1061701957208407,0.1061701957208407,0.2266616889982024,0.1061701957208407,0.1061701957208407,0.1061701957208407,0.1061701957208407,0.1061701957208407,0.1063112857569288,0.1063819714898444,0.1063819714898444,0.1063819714898444,0.1061701957208407,0.1061701957208407,1427,80,2,40.0,0.05606166783461808,1,1
562_YAHOO_id_12_Synthetic_tr_500_1st_893.csv,0.0015117006918494,0.999995000025,0.0263155297809561,0.999995000025,0.0157478752573005,0.0512815516156509,0.999995000025,0.999995000025,0.0037950285353888,0.999995000025,0.0020407959393956,0.0014727393335252,0.0043955605366047,0.0185183350498286,0.0259737696095467,0.999995000025,0.2857118367556849,0.999995000025,0.999995000025,0.003418769289551,0.0014064557062337,0.6666622222518517,0.0035149034013157,0.0029629333775244,0.1999982000161998,0.0026454762257334,0.0066444520486506,0.999995000025,0.999995000025,0.999995000025,0.1666651389028934,0.1052621606742672,1421,1,1,1.0,0.0007037297677691766,1,0
570_YAHOO_id_20_Synthetic_tr_500_1st_658.csv,0.0134905911305535,0.0068258705408123,0.019801784140751,0.0150941898199274,0.006926337902901,0.0418844066814633,0.5714236735113699,0.6666622222518517,0.0851048257414864,0.999995000025,0.0058736565607517,0.0061918887372082,0.0347819372530373,0.0399996080038415,0.0615373065305543,0.1111076544285289,0.3999952000575993,0.6666622222518517,0.0128823196716386,0.006394820348993,0.0056139791055136,0.0102170120172112,0.0069323399290215,0.0093239165195255,0.0086392228362477,0.0114938036904304,0.0158724011324005,0.8571379592116616,0.6666617284316411,0.6666622222518517,0.0130080008473411,0.0129239426781139,1421,4,2,2.0,0.0028149190710767065,0,1
571_YAHOO_id_21_Synthetic_tr_500_1st_623.csv,0.0126492067042988,0.999995000025,0.0782601175875657,0.999995000025,0.1578932825618711,0.0132644223991054,0.0249650794017124,0.0219776977466019,0.3999953920530835,0.8999950500272248,0.0214538998005144,0.0131481528014038,0.0435831087754008,0.0833286460969903,0.1428537755895754,0.4615342012227579,0.1258729463653976,0.999995000025,0.999995000025,0.0218975936405884,0.0125872875067444,0.5263108033713365,0.025139416570286,0.0172743009179189,0.0937475830701239,0.0499965127432361,0.1999982000161998,0.8749950781526854,0.8571379592116616,0.8571379592116616,0.1764689792534244,0.1467874758173367,1421,9,3,3.0,0.0063335679099225895,0,1
579_YAHOO_id_29_WebService_tr_500_1st_1342.csv,0.0030256883970598,0.0058308456516264,0.0476185827709777,0.0016051203982753,0.0799992320073727,0.1111100617383058,0.999995000025,0.0032626101677418,0.0238092885510774,0.999995000025,0.003294860021661,0.0055555001548734,0.0408159267011261,0.0526310664869842,0.1428558163388482,0.999995000025,0.0012187568631245,0.008510553554488,0.0011933054964993,0.0266664035581515,0.0011897561047575,0.0024242182114447,0.0052355498757983,0.011834201884857,0.0014641142129143,0.0014958713651148,0.0069685716720732,0.1333320889005035,0.999995000025,0.999995000025,0.0999990500090249,0.0476185827709777,1680,1,1,1.0,0.0005952380952380953,1,0
603_YAHOO_id_53_Synthetic_tr_500_1st_893.csv,0.0015455796102439,0.999995000025,0.0159998412815744,0.999995000025,0.0019979820381414,0.0833325347298755,0.0032732897429338,0.0021528310244651,0.0092591670962534,0.999995000025,0.0015910739984968,0.0023951856576666,0.0161288722700573,0.0270267604116878,0.019801784140751,0.0032467208322514,0.1428558163388482,0.999995000025,0.999995000025,0.0023418969831601,0.0014064557062337,0.0092591670962534,0.0021715309684202,0.0019550146820625,0.0052218800324236,0.0064308040659401,0.0025156981451028,0.999995000025,0.999995000025,0.999995000025,0.0377354788217172,0.0666660222284517,1421,1,1,1.0,0.0007037297677691766,1,0
644_YAHOO_id_94_WebService_tr_500_1st_1078.csv,0.0993368043158,0.4731825075657151,0.7354788762045757,0.2399950001041645,0.1098086254543524,0.1182747573931803,0.8137881094242261,0.6702654492676927,0.8456325841473932,0.5639057253385887,0.2475698375558518,0.0993368043158,0.6708810888048987,0.3833286458906526,0.812495019561779,0.8399950000297616,0.9316720420002724,0.1053370676760122,0.0993368043158,0.0993368043158,0.0993368043158,0.0993368043158,0.0993368043158,0.1276552287581699,0.1071418431218418,0.1025631171006522,0.1015181274575317,0.0994685508061451,0.0994685508061451,0.0993368043158,0.0993368043158,0.0993368043158,1435,75,5,15.0,0.05226480836236934,1,1
645_YAHOO_id_95_WebService_tr_500_1st_1047.csv,0.0052355498757983,0.0140843671904384,0.1538447337409193,0.0014409077915049,0.0799992320073727,0.3999968000255998,0.999995000025,0.999995000025,0.3333305555787035,0.4999962500281247,0.0019286210409701,0.0277775038607258,0.0030959443206797,0.0571423020462086,0.0425527750153934,0.999995000025,0.0259737696095467,0.999995000025,0.0298504522194258,0.0026177749036354,0.0011897561047575,0.0046511163876992,0.003294860021661,0.0013917745400957,0.0023201624401408,0.0040322178236326,0.0012437686645755,0.6666622222518517,0.6666622222518517,0.6666622222518517,0.0188677376309008,0.0045454091946673,1680,1,1,1.0,0.0005952380952380953,1,0
649_YAHOO_id_99_WebService_tr_500_1st_1386.csv,0.0069929373081422,0.999995000025,0.0060422358326941,0.0740733607750443,0.0059346589304035,0.0240961474838441,0.999995000025,0.999995000025,0.0031396860778595,0.999995000025,0.0350873745801795,0.0071427859700969,0.0017652074297015,0.2499978125191404,0.0080320485161432,0.1333320889005035,0.005917100767368,0.999995000025,0.999995000025,0.0017667668002362,0.0011897561047575,0.0051545877622303,0.0039840239841431,0.0014306008687452,0.0049999501254974,0.0083681175057754,0.0019782196043343,0.6666622222518517,0.6666622222518517,0.999995000025,0.0020019820022218,0.0114284577970481,1680,1,1,1.0,0.0005952380952380953,1,0
657_YAHOO_id_107_WebService_tr_500_1st_1260.csv,0.0020366395321447,0.999995000025,0.0015003601014279,0.0285711469415515,0.0158728584041824,0.0202018202244058,0.0120480730161417,0.0111730732510034,0.0799992320073727,0.999995000025,0.0312496923858405,0.0014347058927883,0.0066005942779052,0.2222202469311383,0.0021030284134911,0.0019743139387393,0.0039292338693358,0.999995000025,0.999995000025,0.002333698977289,0.0013879111825669,0.4999962500281247,0.0317457193278415,0.0014306008687452,0.002573976867361,0.0036696881410945,0.023255584101785,0.999995000025,0.999995000025,0.999995000025,0.2857118367556849,0.4999962500281247,1440,1,1,1.0,0.0006944444444444445,1,0
658_YAHOO_id_108_Synthetic_tr_500_1st_893.csv,0.0024782899937827,0.999995000025,0.0215051636048331,0.999995000025,0.0158728584041824,0.0769223372852184,0.999995000025,0.999995000025,0.2499978125191404,0.999995000025,0.0019267630245351,0.004301032350989,0.0526310664869842,0.0338979718504462,0.0769223372852184,0.999995000025,0.0714278826597029,0.999995000025,0.999995000025,0.0033002970844928,0.0014064557062337,0.0071941729213705,0.0035273016498636,0.0020283773027216,0.1428558163388482,0.0020366395321447,0.6666622222518517,0.999995000025,0.999995000025,0.999995000025,0.2499978125191404,0.3333305555787035,1421,1,1,1.0,0.0007037297677691766,1,0
672_YAHOO_id_122_WebService_tr_500_1st_857.csv,0.0023923206030179,0.0039919761279827,0.0444440098807922,0.0012099092633387,0.0043763239474021,0.1176459515675146,0.999995000025,0.0799992320073727,0.0028943271044037,0.0606054729166262,0.0017330849372016,0.1176459515675146,0.0085469234430272,0.0123455563188538,0.0350873745801795,0.999995000025,0.0012562688522377,0.0069443752418161,0.0021163809749879,0.0012499875079373,0.0011897561047575,0.0022471685647993,0.0023529176749752,0.0015835154521258,0.002460000030504,0.0016977759059232,0.0013271267508103,0.1428558163388482,0.999995000025,0.999995000025,0.0028288260657538,0.0026280946471493,1680,1,1,1.0,0.0005952380952380953,1,0
680_YAHOO_id_130_Synthetic_tr_500_1st_893.csv,0.0021413062329901,0.999995000025,0.0122698167048891,0.999995000025,0.0168065560358309,0.0571423020462086,0.1666651389028934,0.0124222367976467,0.0058822942912422,0.999995000025,0.0024539632205391,0.0026524934041441,0.001663876885889,0.0476185827709777,0.012820385438478,0.999995000025,0.0392153018107665,0.999995000025,0.999995000025,0.0015822626709038,0.0014064557062337,0.0066444520486506,0.0043763239474021,0.0025477452556397,0.003448241439107,0.0015872857270418,0.0014244871897754,0.999995000025,0.999995000025,0.999995000025,0.01449260974728,0.0298504522194258,1421,1,1,1.0,0.0007037297677691766,1,0
689_YAHOO_id_139_WebService_tr_500_1st_1073.csv,0.0026595479079723,0.1333320889005035,0.0338979718504462,0.1999982000161998,0.0799992320073727,0.1176459515675146,0.999995000025,0.999995000025,0.0053332801427527,0.999995000025,0.0014662610079636,0.0083681175057754,0.0714278826597029,0.0123455563188538,0.0714278826597029,0.0526310664869842,0.0012180146238611,0.1999982000161998,0.3333305555787035,0.0054944507009449,0.0011897561047575,0.0044052423882202,0.0032894408439047,0.0015999840129597,0.0017574516852147,0.0064101925137861,0.0017589973771238,0.999995000025,0.999995000025,0.999995000025,0.0540535281278344,0.0103625912115278,1680,1,1,1.0,0.0005952380952380953,1,0
693_YAHOO_id_143_WebService_tr_500_1st_1003.csv,0.0136983599227631,0.6666622222518517,0.0689642330797978,0.7999952000287999,0.0769216568309508,0.2499962500562491,0.6666622222518517,0.6666622222518517,0.3999952000575993,0.7999952000287999,0.1333310222622808,0.0042918026676343,0.0555545061926608,0.0145983952276094,0.0499990500180496,0.6666622222518517,0.037036323744876,0.7999952000287999,0.6666622222518517,0.012902971076829,0.0027991322997775,0.3999952000575993,0.0425523766566172,0.003311225220715,0.008810484970502,0.0041536449464922,0.0030816333297627,0.7999952000287999,0.7999952000287999,0.7999952000287999,0.1111091358375851,0.1333310222622808,1427,2,2,1.0,0.001401541695865452,1,0
701_YAHOO_id_151_Synthetic_tr_500_1st_893.csv,0.0016077009777145,0.999995000025,0.0377354788217172,0.999995000025,0.006389712664845,0.0392153018107665,0.0018298078851764,0.0020222244898099,0.0021459013107926,0.999995000025,0.0021096835667685,0.0084744918853562,0.0033333000558877,0.05882295848305,0.0357139349524245,0.999995000025,0.028168736364571,0.999995000025,0.999995000025,0.0017683289282786,0.0014064557062337,0.0066005942779052,0.0022649830383347,0.0555550154373499,0.001498112370922,0.001603833212701,0.003724357611626,0.999995000025,0.999995000025,0.999995000025,0.0034964685929446,0.0039682143648447,1421,1,1,1.0,0.0007037297677691766,1,0
723_YAHOO_id_173_WebService_tr_500_1st_1214.csv,0.0034334421193718,0.999995000025,0.0093239165195255,0.999995000025,0.0799992320073727,0.0399992320147453,0.0028228370196585,0.002904836643788,0.3999968000255998,0.999995000025,0.1379297503092212,0.0028653009009351,0.0052492914768829,0.0055401109573422,0.0062597185064054,0.0130291865178538,0.0425523766566172,0.999995000025,0.999995000025,0.0028510050302348,0.0028129114322487,0.999995000025,0.002921811584248,0.3999952000575993,0.0555545061926608,0.1818152066602546,0.0083680348766304,0.7999952000287999,0.999995000025,0.999995000025,0.1290310509998455,0.4999950000499994,1420,2,2,1.0,0.0014084507042253522,1,0
724_YAHOO_id_174_WebService_tr_500_1st_1030.csv,0.0083055651297957,0.7499953125292966,0.0999962501406197,0.7499953125292966,0.0779208635709573,0.1111070989103171,0.3333305555787035,0.3333305555787035,0.1111070989103171,0.7499953125292966,0.0909055786480976,0.0080317349912976,0.018518214644523,0.0301502638901847,0.2222172840603542,0.3333305555787035,0.006218843477574,0.7499953125292966,0.7499953125292966,0.019138288969982,0.0059346589304035,0.2499953125878889,0.1249957032727,0.0087589791701743,0.0064808168017093,0.0106570175661396,0.0091741979066859,0.6153798816932178,0.999995000025,0.999995000025,0.0169487378010135,0.0206182189684636,1680,5,5,1.0,0.002976190476190476,1,0
734_YAHOO_id_184_WebService_tr_500_1st_768.csv,0.3155140935064359,0.9153268153742232,0.2772760728569146,0.5361652186069531,0.8143663015189989,0.2749824859172625,0.2805909128432647,0.2749824859172625,0.8146292039562201,0.7654271719872064,0.904377515860222,0.3199956175702227,0.276658188941626,0.2749824859172625,0.2781838796056933,0.2828636150401151,0.5907242715618868,0.7364437127758792,0.9291985399478055,0.8847876373744368,0.2749824859172625,0.9508878580659816,0.8681768232725389,0.3098545438496153,0.6512555149206465,0.5802222533726816,0.6703450422772779,0.6635244350823097,0.6120639678804323,0.609995091164503,0.7739678505288035,0.7700122924873329,1424,227,3,75.66666666666667,0.15941011235955055,0,1
741_YAHOO_id_191_WebService_tr_500_1st_1114.csv,0.0067112760712941,0.0105818011855215,0.0833318055835643,0.0026648634601577,0.0769216568309508,0.2857102041399409,0.6666622222518517,0.6666622222518517,0.0571417796121558,0.6666622222518517,0.0032867379343747,0.0071427153089388,0.0095236208654152,0.0714272449225943,0.0740733607750443,0.6666622222518517,0.0116276771273126,0.6666622222518517,0.019999608007683,0.00586504416085,0.0023780975314872,0.0053332801427527,0.0064101925137861,0.0044641968289381,0.0035586479415356,0.0097085455783205,0.002507811943922,0.7999952000287999,0.999995000025,0.7999952000287999,0.0106949755539596,0.0240959152363532,1680,2,2,1.0,0.0011904761904761906,1,0
755_YAHOO_id_205_Synthetic_tr_500_1st_893.csv,0.0017152487284325,0.2857118367556849,0.0606054729166262,0.999995000025,0.0158728584041824,0.0046082489545668,0.0016141888751749,0.0036832044880877,0.0023364252611729,0.999995000025,0.0017969272400441,0.0016313050705651,0.0043289611330934,0.0052082813861518,0.0044542985406292,0.0122698167048891,0.0357139349524245,0.999995000025,0.999995000025,0.0038684333440695,0.0014064557062337,0.0092591670962534,0.0037806806011463,0.0014134134376918,0.05882295848305,0.0454541012440105,0.3999968000255998,0.999995000025,0.999995000025,0.999995000025,0.1818165289406459,0.2857118367556849,1421,1,1,1.0,0.0007037297677691766,1,0
762_YAHOO_id_212_WebService_tr_500_1st_1055.csv,0.03225774714152,0.0094784852129469,0.0430103318343874,0.0054052978838042,0.0030256883970598,0.1999968000511992,0.6666622222518517,0.6666622222518517,0.0126982865217878,0.3999952000575993,0.0026755585644887,0.0157477215015452,0.0909074380465809,0.0136983599227631,0.0312493945429807,0.0408159267011261,0.086954933866425,0.012422114892389,0.0147055925662641,0.003466135423644,0.0023780975314872,0.0044741838473462,0.0030256883970598,0.0042238226873026,0.0027210612617827,0.0034934149085306,0.0024227498781674,0.0273969900570843,0.6666622222518517,0.4999962500281247,0.0031421524455949,0.0031249687991396,1680,2,2,1.0,0.0011904761904761906,1,0
780_YAHOO_id_230_Synthetic_tr_500_1st_893.csv,0.0022271492455136,0.3999968000255998,0.0540535281278344,0.3999968000255998,0.0043196113248286,0.034482419741737,0.999995000025,0.0014534738479175,0.002055477924722,0.6666622222518517,0.0022172727520759,0.0273969900570843,0.0027777500388572,0.0312496923858405,0.0416662586845503,0.999995000025,0.0076335117424975,0.6666622222518517,0.6666622222518517,0.0018467036183442,0.0014064557062337,0.0056817615256166,0.00196848427154,0.0869556899890522,0.0029984708098716,0.0108694571135515,0.0015105589239467,0.999995000025,0.999995000025,0.999995000025,0.0036363273392052,0.0028530385573895,1421,1,1,1.0,0.0007037297677691766,1,0
788_YAHOO_id_238_WebService_tr_500_1st_973.csv,0.0042734616302012,0.0112358433289736,0.05882295848305,0.0176989396211294,0.0055401109573422,0.2222202469311383,0.999995000025,0.999995000025,0.0012812171768174,0.3999968000255998,0.0014587746278538,0.0013458815704297,0.0111730732510034,0.2222202469311383,0.0333330055587786,0.0120480730161417,0.0057306018839697,0.0038094857872275,0.0034964685929446,0.0019880517098213,0.0011897561047575,0.0018903402827062,0.0013586820745833,0.0015999840129597,0.0148146677655199,0.0063693632608057,0.002836851104352,0.999995000025,0.999995000025,0.999995000025,0.0022701248841101,0.002444963355317,1680,1,1,1.0,0.0005952380952380953,1,0
797_YAHOO_id_247_Synthetic_tr_500_1st_893.csv,0.0023282654522496,0.0045976552785657,0.0060975001865072,0.002621205801326,0.0031645253668432,0.0416662586845503,0.0084387345341202,0.0014705735403717,0.0043955605366047,0.0015576168347165,0.0028571143268155,0.0136984940902984,0.0025906477022101,0.0132449015407131,0.0052909525214523,0.0143883463603023,0.0035586833376983,0.0014378001542615,0.001643368953684,0.0020986149225455,0.0014064557062337,0.0020833125219092,0.0016064096516176,0.0032840394631199,0.0015987050489103,0.0017256082980637,0.0018001620325845,0.0869556899890522,0.4999962500281247,0.4999962500281247,0.0024390000299875,0.0023640425813713,1421,1,1,1.0,0.0007037297677691766,1,0
806_YAHOO_id_256_Synthetic_tr_500_1st_893.csv,0.0016286482218943,0.002460000030504,0.0119759288620244,0.0016722240944164,0.0024183555312978,0.0219778046151191,0.0028530385573895,0.0038094857872275,0.0017006632799374,0.0025412706805749,0.0020854849020382,0.0019304826443094,0.0024844472360797,0.0833325347298755,0.0186914036178706,0.3333305555787035,0.0043763239474021,0.0277775038607258,0.0020345676709516,0.0017667668002362,0.0014064557062337,0.0017006632799374,0.0054347284090943,0.0047169340739831,0.0093895779065485,0.002051261559705,0.0028612017579566,0.095237188217255,0.999995000025,0.999995000025,0.0054793974109408,0.0350873745801795,1421,1,1,1.0,0.0007037297677691766,1,0
807_YAHOO_id_257_WebService_tr_500_1st_1210.csv,0.199995089009481,0.3846108580414399,0.2083287587810051,0.3448227349077296,0.2809893204223699,0.1087852894892741,0.2105244321498176,0.1999974500325121,0.1916149378065441,0.3912996881462257,0.3505125730921807,0.1674861501269003,0.1749966531890077,0.0952341548619522,0.1848715006326807,0.2207772567218071,0.1780088495528889,0.3513478123073791,0.3846108580414399,0.194440837258277,0.0235944927234029,0.3999957289712246,0.1471847836561167,0.1466646569164285,0.1495300376056362,0.075186773437549,0.1249966532146101,0.2580595630503221,0.4117597059430665,0.3396182841427695,0.1916149378065441,0.2043773882696972,1424,17,3,5.666666666666667,0.011938202247191011,0,1
810_Exathlon_id_1_Facility_tr_10766_1st_12590.csv,0.8770306817700024,0.5096699241464573,0.2255391088869713,0.3488791894334143,0.2271406348171246,0.9146182361354076,0.9526029384771976,0.5077936596100727,0.4061144385541162,0.8792007363777041,0.9696136167895636,0.9505314618366562,0.8033681025645956,0.878959762006274,0.9298504898922886,0.9427033361274922,0.9565639481200462,0.3869147176167901,0.6230925502266658,0.6230000584679986,0.2241903274064202,0.9662416660794424,0.9875507211636187,0.4067873587777567,0.3733483429979381,0.2305567007585957,0.2242330546402258,0.2892457261516414,0.3961672692301343,0.3632169646449097,0.2340238584637341,0.5657015370843949,43066,5437,3,1812.3333333333333,0.12624808433567083,0,1
811_Exathlon_id_2_Facility_tr_10766_1st_12590.csv,0.789793038440163,0.7629862383030394,0.2277130480575879,0.2679250494760811,0.982516039674071,0.7717569788017573,0.6229935583932251,0.3764218322183549,0.9759197302628876,0.9384565387912044,0.9857039833639066,0.7476457249948212,0.5572077025488326,0.5637929543999444,0.8525853546723913,0.8595680066439295,0.7597204072631429,0.8401577751405142,0.8198320825998897,0.7684522276235793,0.2241903274064202,0.9843018070751532,0.9897162707544364,0.6770937519995639,0.6148499237496348,0.6513285501509288,0.8803076721799011,0.6833463763710471,0.4539327048789665,0.6622207808197144,0.9868249020773666,0.983369667066629,43066,5437,3,1812.3333333333333,0.12624808433567083,0,1
812_Exathlon_id_3_Facility_tr_10766_1st_12590.csv,0.8205811370190613,0.560449927803725,0.3827607124890959,0.3744629594283161,0.9773966560106796,0.7734262093672741,0.2241903274064202,0.593153343572494,0.9573622415005886,0.7384839887817026,0.9924485247840202,0.797953408699387,0.3371771495857431,0.3597762131169166,0.5234998465651094,0.4543981156816533,0.9068488101238624,0.7814663431096306,0.5780622922911985,0.5600920522700727,0.2241903274064202,0.7999094010341504,0.9910705359541514,0.8216037276386153,0.704443285893837,0.7550317190965902,0.79534026921304,0.6958612001993971,0.6116471694980548,0.7987791253724527,0.9850807578492644,0.9854725654796728,43066,5437,3,1812.3333333333333,0.12624808433567083,0,1
814_Exathlon_id_5_Facility_tr_10766_1st_12590.csv,0.789793038440163,0.7629862383030394,0.2277130480575879,0.2679250494760811,0.982516039674071,0.7717569788017573,0.5587593542392983,0.227562235047751,0.9759197302628876,0.9384565387912044,0.9857039833639066,0.7476457249948212,0.5572077025488326,0.5637929543999444,0.8525853546723913,0.8678966793017154,0.7552785501089996,0.7405866570498181,0.8345385864903222,0.7684522276235793,0.2241903274064202,0.9843018070751532,0.9898079285930048,0.628205336535476,0.5831374452253144,0.6287331411263892,0.7827547384606193,0.684664951917074,0.4539327048789665,0.6622207808197144,0.9862025351853166,0.9835775002900844,43066,5437,3,1812.3333333333333,0.12624808433567083,0,1
815_Exathlon_id_6_Facility_tr_10766_1st_12590.csv,0.8205811370190613,0.560449927803725,0.3827607124890959,0.3744629594283161,0.9773966560106796,0.7734262093672741,0.8079880648191995,0.6216166815229325,0.9573622415005886,0.7384839887817026,0.9924485247840202,0.797953408699387,0.3371771495857431,0.3597762131169166,0.5234998465651094,0.4585983292874168,0.9076240546006692,0.7377486298679664,0.5717010065016712,0.7010569363741189,0.2241903274064202,0.7998236834826528,0.9910705359541514,0.8122328807147071,0.7910301796106995,0.7980909251577014,0.7883991769458243,0.6977608352302218,0.6116471694980548,0.7987791253724527,0.9851891529712123,0.985561627130808,43066,5437,3,1812.3333333333333,0.12624808433567083,0,1
816_Exathlon_id_7_Facility_tr_10766_1st_12590.csv,0.2313466980800364,0.7802820704967155,0.2649855862066004,0.3219762038974189,0.6915948475577679,0.2354594240252245,0.232033796247141,0.2291124216804275,0.4266145595022775,0.7803963077125631,0.8928361057611146,0.2330167577396527,0.2474402553138266,0.2454915287791046,0.2413276042928939,0.2657906776416685,0.2757130301270916,0.7197228258221919,0.8853324246163066,0.8825068501590067,0.2241903274064202,0.8864524048550332,0.963151945850422,0.4216781999734811,0.5910025856706586,0.564567234257028,0.6075035351908697,0.6118484682381131,0.6124919677726212,0.6542910771753034,0.9152857423736728,0.9191485553996176,43066,5437,3,1812.3333333333333,0.12624808433567083,0,1
817_Exathlon_id_8_Facility_tr_10766_1st_12590.csv,0.549749707706103,0.6308686433232829,0.5006502599332396,0.2241903274064202,0.5153750176158735,0.678666565195934,0.4752052087431516,0.4762750543030862,0.4263478491601964,0.5758474736383699,0.8095076633395613,0.4775928069664816,0.5481183303701376,0.4599180959556024,0.5349062431608006,0.5785631813064421,0.4145516600304673,0.6265778481017612,0.6657181320126081,0.7706407686238048,0.2249634700836404,0.7982306448880564,0.9640484698330072,0.6387586175623832,0.410852104576118,0.3625221610220325,0.3193563368911306,0.3275030239331572,0.3860303227375887,0.3807628850857876,0.519089653780134,0.5567631966788321,43066,5437,3,1812.3333333333333,0.12624808433567083,0,1
818_Exathlon_id_9_Facility_tr_11665_1st_13484.csv,0.5669881959377382,0.979480398043926,0.3087529412236541,0.4466381405676327,0.7370043576212942,0.2431293201412307,0.1180919758466578,0.1182756337715158,0.6779545426070294,0.8118240227828516,0.9858345153437104,0.7266374618497428,0.119685504171091,0.1483989113305389,0.463038566130653,0.2561928333489436,0.1370414906336636,0.8550940737054602,0.979984561594432,0.9792885462821131,0.1180919758466578,0.9813830692474748,0.986630087583918,0.4987152315795952,0.7963362791809594,0.7981698020505662,0.7778916228369748,0.8155253625643647,0.5472294690943351,0.7512471240436488,0.9800319081361476,0.985991288915608,46660,2928,3,976.0,0.06275182168881269,0,1
819_Exathlon_id_10_Facility_tr_10766_1st_12590.csv,0.4386272051382899,0.8884473656789511,0.312590107868893,0.3331857112886351,0.945313627512419,0.4301720205623427,0.7364970266029142,0.5173946923764114,0.8154021367263578,0.8948938166493758,0.9868953690782104,0.4116665162131857,0.4133597086888301,0.5278180933589723,0.4170122846126319,0.2891243090903422,0.2586814472163865,0.9425258055838404,0.9445539078732736,0.9456024779841494,0.2241903274064202,0.9731097558615956,0.9874000752868988,0.9164520634388192,0.5615245132156452,0.68522208958018,0.6965095049986569,0.7695262560263705,0.703468491990824,0.7530714421536226,0.9390193933775844,0.9444800258461868,43066,5437,3,1812.3333333333333,0.12624808433567083,0,1
820_Exathlon_id_11_Facility_tr_11665_1st_13484.csv,0.3115967908083754,0.8118263714376782,0.2708087204453414,0.5953598070505536,0.7666617023531327,0.6697003079040942,0.2859872092435778,0.2503375975678967,0.5755516889129872,0.6695422979607828,0.8871179448751587,0.1834784125748516,0.2653420527657867,0.2076115490995357,0.5340897276358261,0.5008712740975277,0.1185204033053302,0.5456855652140414,0.8479651037862672,0.849663761846341,0.1180919758466578,0.8668231021679782,0.9203260200600608,0.4937280364544879,0.515747384514942,0.5933679910688329,0.5269792580948716,0.402039939103233,0.4884805901208749,0.5126854343911553,0.9183824221161236,0.9379100105555466,46660,2928,3,976.0,0.06275182168881269,0,1
821_Exathlon_id_12_Facility_tr_6985_1st_7085.csv,0.1950354270449842,0.875883265693584,0.4304598590003017,0.3629797022411389,0.4249629423128039,0.2125041113586374,0.1885625092219216,0.1885625092219216,0.2304930981685211,0.4500870110457421,0.966368188005142,0.2054780751530667,0.2829453620004014,0.1885625092219216,0.1885625092219216,0.1885625092219216,0.1885625092219216,0.3959620034066408,0.9602853568961272,0.9602853568961272,0.2383080022546487,0.9624990130379154,0.9821023572054484,0.2351644739052587,0.3611239341044712,0.3363039629284799,0.2359190796085228,0.3554635115521926,0.2680313138704132,0.1887891444260267,0.6093963519003602,0.5854279915155223,46649,4856,5,971.2,0.10409655083710262,0,1
822_Exathlon_id_13_Facility_tr_10766_1st_12590.csv,0.549749707706103,0.6308686433232829,0.5006502599332396,0.2241903274064202,0.5153750176158735,0.678666565195934,0.394363453640332,0.337748282245672,0.4263478491601964,0.5758474736383699,0.8095076633395613,0.4775928069664816,0.5481183303701376,0.4599180959556024,0.5349062431608006,0.5791365970451402,0.4152282533899623,0.6456987529693231,0.6657181320126081,0.6637795488888145,0.308177791204372,0.7960498412430056,0.9645519634653384,0.6536844224826716,0.3871950846664308,0.2744465820085993,0.4342298368153162,0.3299832460818098,0.3860303227375887,0.3807628850857876,0.5207456545202324,0.5561560423393033,43066,5437,3,1812.3333333333333,0.12624808433567083,0,1
823_Exathlon_id_14_Facility_tr_10766_1st_12590.csv,0.5542185857651052,0.9150677141250396,0.4255949598170466,0.6935010180102643,0.8052977149290019,0.6958682619702015,0.2241903274064202,0.2968059552890831,0.3707493742920521,0.9677065720537738,0.9940822137312488,0.7720849839890297,0.2473248783954386,0.3575430965021988,0.6499380355806585,0.2975991624155694,0.7806063235361115,0.8191752534183439,0.9937964619508076,0.9925012450020012,0.2241903274064202,0.993614972434714,0.994172987392111,0.5454729179064621,0.7111683336830475,0.8728134185980013,0.8008191982433529,0.8366537185014818,0.71854005346712,0.7970116198896733,0.9827817378568604,0.9901499685029608,43066,5437,3,1812.3333333333333,0.12624808433567083,0,1
824_Exathlon_id_15_Facility_tr_10766_1st_12590.csv,0.8149416918615741,0.6981325540538097,0.429806342455116,0.2241903274064202,0.9259666866694276,0.9341385122148382,0.4751608380824219,0.2778395994059522,0.6340908324240333,0.7670037008248721,0.9763274645610364,0.6783492038419048,0.4270023145039673,0.2831004160037327,0.700135953227618,0.4133522412354888,0.2359733072217725,0.6264956580240383,0.739341785023776,0.6279344202191072,0.2241903274064202,0.9580674770018064,0.9839072488362716,0.6870323713475394,0.4288607055046249,0.4966847275892465,0.5976594740225918,0.5491984847099324,0.4427485965050695,0.4766665796863826,0.9847890282480156,0.9847890282480156,43066,5437,3,1812.3333333333333,0.12624808433567083,0,1
826_Exathlon_id_17_Facility_tr_11665_1st_13484.csv,0.3115967908083754,0.8118263714376782,0.2708087204453414,0.5953598070505536,0.7666617023531327,0.6697003079040942,0.2541862541038645,0.2926109216772482,0.5755516889129872,0.6695422979607828,0.8871179448751587,0.1834784125748516,0.2653420527657867,0.2076115490995357,0.5340897276358261,0.4921966164245166,0.1185276049868688,0.5489120087093291,0.8479651037862672,0.849663761846341,0.1180919758466578,0.8668231021679782,0.9203260200600608,0.8267116468429806,0.6112018036182812,0.5653908549824929,0.5430590915454021,0.4051397052156732,0.4884805901208749,0.5126854343911553,0.9176650404466602,0.9391864490937956,46660,2928,3,976.0,0.06275182168881269,0,1
827_Exathlon_id_18_Facility_tr_10766_1st_12590.csv,0.8149416918615741,0.6981325540538097,0.429806342455116,0.2241903274064202,0.9259666866694276,0.9341385122148382,0.5171932626274867,0.2245708628675181,0.6340908324240333,0.7670037008248721,0.9763274645610364,0.6783492038419048,0.4270023145039673,0.2831004160037327,0.700135953227618,0.4260319254258058,0.2323027625682924,0.6533638173579446,0.7823578949570197,0.8255340942837439,0.2241903274064202,0.9530227339340952,0.9839285181134788,0.6870323713475394,0.4667306681797884,0.4605610833622531,0.4717569534450558,0.5539489298800989,0.4427485965050695,0.4766665796863826,0.9845253867740332,0.984496845093032,43066,5437,3,1812.3333333333333,0.12624808433567083,0,1
828_Exathlon_id_19_Facility_tr_11663_1st_13482.csv,0.2499969834923361,0.7974690214883369,0.3518541128028872,0.5668080001266279,0.7318842155657906,0.615055564329824,0.1841281042370406,0.2928121017523324,0.3987225226301371,0.6150663251340209,0.9172761949214804,0.1828519276432739,0.2072510347447805,0.2577879250700771,0.7185121979867632,0.4032742645258689,0.1190671815083787,0.4839035940705941,0.8867653639286656,0.8887723885146532,0.1188626604162204,0.9204917062047512,0.9498741421597516,0.1701635584703952,0.4071530662665983,0.4013108195551534,0.3869624197166016,0.297050391069164,0.3588205829688636,0.3744162623356338,0.8863211985354159,0.9120829128794872,46655,2948,3,982.6666666666666,0.06318722537777302,0,1
829_Exathlon_id_20_Facility_tr_10766_1st_12590.csv,0.2313466980800364,0.7802820704967155,0.2649855862066004,0.3219762038974189,0.6915948475577679,0.2354594240252245,0.2306796646304348,0.2242226874784105,0.4266145595022775,0.7803963077125631,0.8928361057611146,0.2330167577396527,0.2474402553138266,0.2454915287791046,0.2413276042928939,0.2671372411730077,0.2805687760407641,0.6311053481396999,0.8853324246163066,0.8825068501590067,0.2241903274064202,0.8864524048550332,0.963151945850422,0.5068340893859993,0.6049676879556524,0.5628933950708079,0.5824191530954738,0.608217184927055,0.6124919677726212,0.6542910771753034,0.9148500736215236,0.9183089289888496,43066,5437,3,1812.3333333333333,0.12624808433567083,0,1
830_Exathlon_id_21_Facility_tr_10766_1st_12590.csv,0.7751430823020957,0.8185764008436596,0.273441285426979,0.4397771942743259,0.7088159504118058,0.9033301214421698,0.4709725908039756,0.3137373944768838,0.6589678447128507,0.828797787816176,0.9658092694693676,0.3210689840349441,0.3636074118613753,0.4068570904323532,0.6112617322169105,0.576710367768765,0.2242041948648982,0.5275637237892206,0.9350120523161688,0.9348517216892468,0.2241903274064202,0.9561710203413788,0.9858820968601864,0.259177276120582,0.500811768069315,0.5400428733722248,0.563193469943134,0.425188753713085,0.522353277268583,0.5026359335868364,0.929416239995284,0.9393320897663576,43066,5437,3,1812.3333333333333,0.12624808433567083,0,1
831_Exathlon_id_22_Facility_tr_11665_1st_13484.csv,0.3115967908083754,0.8118263714376782,0.2708087204453414,0.5953598070505536,0.7666617023531327,0.6697003079040942,0.3252006517862429,0.3761706857263462,0.5755516889129872,0.6695422979607828,0.8871179448751587,0.1834784125748516,0.2653420527657867,0.2076115490995357,0.5340897276358261,0.4893603225583489,0.1185348075436553,0.5479287049342106,0.8479651037862672,0.849663761846341,0.1180919758466578,0.8668231021679782,0.9203260200600608,0.7747512853186141,0.5324966490475309,0.5887063130739424,0.5131650438722725,0.4042392181792787,0.4884805901208749,0.5126854343911553,0.9189844154207502,0.9387025313792268,46660,2928,3,976.0,0.06275182168881269,0,1
832_Exathlon_id_23_Facility_tr_10766_1st_12590.csv,0.2313466980800364,0.7802820704967155,0.2649855862066004,0.3219762038974189,0.6915948475577679,0.2354594240252245,0.2263518748676083,0.2355272417176364,0.4266145595022775,0.7803963077125631,0.8928361057611146,0.2330167577396527,0.2474402553138266,0.2454915287791046,0.2413276042928939,0.2640988791663456,0.2837601174031108,0.7041788154866325,0.8853324246163066,0.8825068501590067,0.2241903274064202,0.8864524048550332,0.963151945850422,0.6484064115556731,0.6350082700692169,0.5856554162386777,0.5658154790915014,0.6067251891132592,0.6124919677726212,0.6542910771753034,0.9148599891212263,0.9191851126552418,43066,5437,3,1812.3333333333333,0.12624808433567083,0,1
833_Exathlon_id_24_Facility_tr_10766_1st_12590.csv,0.8205811370190613,0.560449927803725,0.3827607124890959,0.3744629594283161,0.9773966560106796,0.7734262093672741,0.6324489253951524,0.4960820389894543,0.9573622415005886,0.7384839887817026,0.9924485247840202,0.797953408699387,0.3371771495857431,0.3597762131169166,0.5234998465651094,0.4562351696474552,0.9074918725752208,0.7651255775772282,0.5778029953218593,0.5750912773650787,0.2241903274064202,0.7997379843000137,0.9910705359541514,0.8119035413458618,0.8112962106476064,0.7876275166270857,0.8039202349981521,0.6985713986091517,0.6116471694980548,0.7987791253724527,0.985297326272029,0.9853753900510102,43066,5437,3,1812.3333333333333,0.12624808433567083,0,1
834_Exathlon_id_25_Facility_tr_11665_1st_13484.csv,0.3115967908083754,0.8118263714376782,0.2708087204453414,0.5953598070505536,0.7666617023531327,0.6697003079040942,0.3095086527214465,0.4189614786380485,0.5755516889129872,0.6695422979607828,0.8871179448751587,0.1834784125748516,0.2653420527657867,0.2076115490995357,0.5340897276358261,0.4901135773282536,0.1185156026704746,0.5462065248467537,0.8479651037862672,0.849663761846341,0.1180919758466578,0.8668231021679782,0.9203260200600608,0.2494192763504382,0.510905050501318,0.5935458540761535,0.5714754926681286,0.4044141381409504,0.4884805901208749,0.5126854343911553,0.918475038035088,0.9383773322983788,46660,2928,3,976.0,0.06275182168881269,0,1
835_Exathlon_id_26_Facility_tr_10766_1st_12590.csv,0.6013818073455164,0.589266695656285,0.7373641402804244,0.2505372350410326,0.3081821899783709,0.7556535327329215,0.6379516672773348,0.696135248356656,0.4271044326783716,0.7460986091125703,0.927430214023196,0.6285518054411908,0.8073037309174694,0.4383526160845445,0.8027431482841905,0.8799805968987447,0.5564514253504114,0.2636437433811985,0.2241903274064202,0.2241903274064202,0.2241903274064202,0.2241903274064202,0.2241903274064202,0.2241903274064202,0.3545294261862598,0.250432755146633,0.2953841171615973,0.292770349668377,0.3394565186139162,0.2837376862862395,0.3688791083083196,0.4405805882139407,43066,5437,3,1812.3333333333333,0.12624808433567083,0,1
836_Exathlon_id_27_Facility_tr_10766_1st_12590.csv,0.8205811370190613,0.560449927803725,0.3827607124890959,0.3744629594283161,0.9773966560106796,0.7734262093672741,0.7991743015211906,0.5135294969293359,0.9573622415005886,0.7384839887817026,0.9924485247840202,0.797953408699387,0.3371771495857431,0.3597762131169166,0.5234998465651094,0.4542758040724757,0.9051965725599466,0.7515403966618533,0.5822381229761983,0.5620428579488566,0.2241903274064202,0.7999094010341504,0.9910705359541514,0.8103728633660798,0.8364604876520383,0.793462655000848,0.7615544290341387,0.6973193386596853,0.6116471694980548,0.7987791253724527,0.9852001742604064,0.985469861138899,43066,5437,3,1812.3333333333333,0.12624808433567083,0,1
837_Exathlon_id_28_Facility_tr_8898_1st_8998.csv,0.1539725801189405,0.6835600609029915,0.1674780288199031,0.1558550810529803,0.6843078444363486,0.1548123685349693,0.1539725801189405,0.2128061697399714,0.3741140919644058,0.7439543818029071,0.9746372321685196,0.1539725801189405,0.1539817201342951,0.1652905515473263,0.1539725801189405,0.1539725801189405,0.6637869728471605,0.1539817201342951,0.1539756266701605,0.1540121946907212,0.1539725801189405,0.154003051057311,0.1539725801189405,0.1539725801189405,0.1539725801189405,0.1539725801189405,0.1539725801189405,0.1539725801189405,0.1539725801189405,0.153978673341943,0.177481020505871,0.1858265704999747,46650,3891,4,972.75,0.08340836012861737,0,1
838_Exathlon_id_29_Facility_tr_10766_1st_12590.csv,0.549749707706103,0.6308686433232829,0.5006502599332396,0.2241903274064202,0.5153750176158735,0.678666565195934,0.4381300245180102,0.4104686115616112,0.4263478491601964,0.5758474736383699,0.8095076633395613,0.4775928069664816,0.5481183303701376,0.4599180959556024,0.5349062431608006,0.5789795413665105,0.4146992176415258,0.6244208843683738,0.6657181320126081,0.6308177750002365,0.2987368622654837,0.7980704628480787,0.9645519634653384,0.619793336792762,0.3227182878212591,0.2807621282953698,0.3008493724426822,0.327067610523037,0.3860303227375887,0.3807628850857876,0.5192080011512165,0.557476488645007,43066,5437,3,1812.3333333333333,0.12624808433567083,0,1
839_Exathlon_id_30_Facility_tr_10766_1st_12590.csv,0.2313466980800364,0.7802820704967155,0.2649855862066004,0.3219762038974189,0.6915948475577679,0.2354594240252245,0.2320293326873021,0.2242226874784105,0.4266145595022775,0.7803963077125631,0.8928361057611146,0.2330167577396527,0.2474402553138266,0.2454915287791046,0.2413276042928939,0.2635556183874844,0.2815262212115169,0.6925823034803699,0.8853324246163066,0.8825068501590067,0.2241903274064202,0.8864524048550332,0.963151945850422,0.4312391433707517,0.6186839751104775,0.5786157622577167,0.5821148157356127,0.6104952787358335,0.6124919677726212,0.6542910771753034,0.915234037960334,0.919616111446348,43066,5437,3,1812.3333333333333,0.12624808433567083,0,1
840_Exathlon_id_31_Facility_tr_10766_1st_12590.csv,0.8149416918615741,0.6981325540538097,0.429806342455116,0.2241903274064202,0.9259666866694276,0.9341385122148382,0.4663745357808789,0.2609871316691873,0.6340908324240333,0.7670037008248721,0.9763274645610364,0.6783492038419048,0.4270023145039673,0.2831004160037327,0.700135953227618,0.4508542866568596,0.2324962238639245,0.6312166821566999,0.8205716923029615,0.7452406713542158,0.2241903274064202,0.9562284263143522,0.9839072488362716,0.8881266500140902,0.4693243142175854,0.4831163566293585,0.4495710437386455,0.5535717101238429,0.4427485965050695,0.4766665796863826,0.9841483075787708,0.9847918304135888,43066,5437,3,1812.3333333333333,0.12624808433567083,0,1
841_Exathlon_id_32_Facility_tr_11663_1st_13482.csv,0.6248187031836294,0.9169200928206884,0.2600935772000082,0.5954409857617949,0.7536703641275404,0.2395632331773173,0.1188626604162204,0.1188626604162204,0.7624218278327262,0.8008899037998146,0.9720934021055154,0.9026498673422574,0.150160613101966,0.1676443258886424,0.5988253963472522,0.3823238318201726,0.2442580403189232,0.7380065213873153,0.9710347808109911,0.970685862457895,0.1209816641102225,0.9712743768480208,0.974233087507837,0.2433376171145406,0.5741468114581061,0.8039200804128367,0.7031229810330488,0.7849182010530369,0.3853021692466631,0.6598443170463927,0.9607923443400782,0.9725400566899608,46655,2948,3,982.6666666666666,0.06318722537777302,0,1
842_OPPORTUNITY_id_1_HumanActivity_tr_7295_1st_27516.csv,0.0297803591674363,0.8004877860709644,0.027241205604588,0.1035539861063004,0.0232204016709199,0.1384566569768373,0.4119446927150763,0.2179386894621975,0.0246358960967017,0.1442721715354137,0.98654208613203,0.0287135490512643,0.2363880977471414,0.2280667137068137,0.4501298320083317,0.6280948347407158,0.0318088662519531,0.5900576135522889,0.9473634272346956,0.951250542322284,0.0223635630884053,0.9570320395322692,0.957782489553935,0.0661073855206371,0.0223810055926813,0.040860598863965,0.0223673526240392,0.0223855602868639,0.0225396328648975,0.0223719017623991,0.0223802466571744,0.022400755998634,29182,330,1,330.0,0.011308340758001507,0,1
843_OPPORTUNITY_id_2_HumanActivity_tr_808_1st_908.csv,0.2239415352108202,0.6545619921443859,0.2240074262816422,0.2239415352108202,0.2361679099616336,0.2239415352108202,0.5245170335385422,0.2621794913964845,0.2579834601676209,0.8568893021124013,0.9546804378907554,0.2239415352108202,0.2239415352108202,0.2239415352108202,0.2239415352108202,0.2252001313338769,0.5711348463282253,0.5507055203330661,0.2239415352108202,0.2239415352108202,0.2239415352108202,0.2241613230076658,0.2239415352108202,0.2239415352108202,0.2686403467502328,0.2461715856305015,0.226314284315256,0.2239415352108202,0.2242070861556208,0.2519715883286415,0.2242106030937383,0.224029398589362,9057,1142,1,1142.0,0.12609031688196976,0,1
844_OPPORTUNITY_id_3_HumanActivity_tr_500_1st_566.csv,0.1795825495933875,0.7311862875970111,0.1167615516190895,0.3004485612585951,0.1434570658091427,0.1187767277683613,0.4891104729557083,0.5247912115781425,0.1505344324921436,0.6741122573520311,0.9387906668026552,0.2284616000477043,0.3583912142912492,0.5032308446406049,0.2901464253905828,0.4699416544864999,0.4600754498430631,0.1858231153100444,0.9392269090076762,0.9326174141477992,0.1163647283651666,0.9508308036555186,0.957375457541639,0.4137528062680659,0.128031661548757,0.1398905752519465,0.1165189653524837,0.1163647283651666,0.2339378564301994,0.1166876908743867,0.1163647283651666,0.1163647283651666,15653,967,2,483.5,0.06177729508720373,0,1
845_OPPORTUNITY_id_4_HumanActivity_tr_7295_1st_27516.csv,0.0377322068476007,0.8918869503560859,0.0271709697186498,0.1035098725676623,0.0227568262589743,0.0957637256039966,0.1504738435011291,0.1080183718179404,0.0224053187358798,0.1222693405296507,0.967736940712564,0.0326450304626819,0.1253739011805167,0.3427182586784327,0.1484767717370415,0.1756176338483792,0.224572064499943,0.1418289223440428,0.8737538856478149,0.8527299505177139,0.0223635630884053,0.935667520802276,0.9756788906493232,0.0951221394784251,0.0284079190824287,0.1178589524022995,0.022365836655682,0.0223635630884053,0.022383282708068,0.0223772114297843,0.0757852323703287,0.0974534205349242,29182,330,1,330.0,0.011308340758001507,0,1
846_OPPORTUNITY_id_5_HumanActivity_tr_2085_1st_2185.csv,0.0710926569483624,0.6498756949590717,0.1284009898179698,0.2271275094183471,0.0727621524351562,0.2634217507479172,0.4145307172236845,0.3539866957681905,0.0743126821072865,0.3929409149853764,0.970316018003595,0.0710988362340835,0.2424803638029475,0.5144968965689619,0.373666033449976,0.4258468661117108,0.1816699927527835,0.9153268283343008,0.7438515900224127,0.7270147877977067,0.0710926569483624,0.7725688565455107,0.9418336518594111,0.0841066020238966,0.0710988362340835,0.077326600687859,0.0710926569483624,0.0710988362340835,0.0711483092176632,0.0710988362340835,0.0710926569483624,0.0710926569483624,22194,818,2,409.0,0.03685680814634586,0,1
847_OPPORTUNITY_id_6_HumanActivity_tr_808_1st_908.csv,0.2272702478358361,0.440498011700171,0.2420804800865484,0.2556692223085599,0.2357291621662203,0.3190417575920458,0.5036608216451522,0.3400696584541579,0.2242934028904492,0.8081073841511525,0.9560717624712736,0.233718627108688,0.2241393248158872,0.4560312770785156,0.4723838447151628,0.4651415158910078,0.3000850422738882,0.2239854582834904,0.2239415352108202,0.2239415352108202,0.2239415352108202,0.2239415352108202,0.2239415352108202,0.2239415352108202,0.2239415352108202,0.2239854582834904,0.2239415352108202,0.2239634945936389,0.2239415352108202,0.2239415352108202,0.2239415352108202,0.2239415352108202,9057,1142,1,1142.0,0.12609031688196976,0,1
848_OPPORTUNITY_id_7_HumanActivity_tr_1477_1st_1577.csv,0.0451935916974987,0.6275424907297351,0.0431016190889743,0.139351436514214,0.102923569760536,0.0431815196050546,0.0430266882416027,0.0445991810277165,0.2133571764647465,0.3203789328968576,0.8353541940035442,0.0472327339930083,0.0544636167142716,0.0430266882416027,0.0431368328376551,0.0432546286928353,0.0618345258808223,0.2305148887742112,0.0430266882416027,0.0430266882416027,0.0430266882416027,0.0430266882416027,0.0430266882416027,0.7197012470664574,0.0642933449796542,0.0690077689819088,0.0580104863097486,0.043671166413216,0.0432231279332963,0.0435553221991274,0.1488639545798458,0.1512858896619171,18011,396,2,198.0,0.021986563766587086,0,1
849_OPPORTUNITY_id_8_HumanActivity_tr_1100_1st_1200.csv,0.064993717318935,0.927508653568626,0.0592406676859589,0.1544742114635301,0.1785670664330914,0.1336787912701553,0.1986978455793009,0.1792428263775645,0.0534582777712534,0.2842345698058295,0.9884055962710696,0.0626216752087669,0.0663410495648762,0.2201224400426413,0.2226683535965781,0.292410942806348,0.0476858090215066,0.8984565593648716,0.0476858090215066,0.0476858090215066,0.1910199630407621,0.0476876791270162,0.0476858090215066,0.9585047419280538,0.1082691093674794,0.2607735166079638,0.0883503847033742,0.0584962498237038,0.0476989028410947,0.0477476000480662,0.2673108424971466,0.2650847212967033,24892,608,2,304.0,0.02442551823879158,0,1
850_OPPORTUNITY_id_9_HumanActivity_tr_895_1st_995.csv,0.0576803511374867,0.7421987821960873,0.0941324891628944,0.1723157673879102,0.1312464784148031,0.0603674112393505,0.0586221974737506,0.0920168703569229,0.0842170364550513,0.3264828724665944,0.8933451118882577,0.0576727561190167,0.0578364910477285,0.061182539384783,0.0604465570549869,0.0604298775364111,0.0579011616770162,0.0793340540589525,0.8004816396139622,0.8009428745173206,0.0576727561190167,0.8429901859147753,0.9678849083879189,0.0683574483070971,0.0609412445474433,0.0688023399180429,0.0581036078180635,0.0776025400936175,0.0576930156022786,0.0581958764554501,0.0759168684415568,0.0754791800004397,14751,438,1,438.0,0.029692902176123654,0,1
851_OPPORTUNITY_id_10_HumanActivity_tr_6213_1st_7311.csv,0.0678012266307123,0.0677959551916193,0.3371331150316057,0.0856950158990174,0.0691398336135314,0.7953881188005532,0.7491721999260862,0.3177117660343349,0.0683512896802541,0.0678645479005112,0.0677959551916193,0.0678170458676747,0.5811500333498635,0.8199546963691288,0.8013465104748242,0.6009284904881558,0.1044306920838234,0.0677985908087003,0.0678223205871945,0.0678157492973465,0.0677959551916193,0.0678091353265735,0.0677959551916193,0.0677959551916193,0.0678012266307123,0.0678355109764728,0.0677959551916193,0.0678012266307123,0.0678223205871945,0.0678012266307123,0.0677959551916193,0.0677959551916193,24852,872,1,872.0,0.03508771929824561,0,1
853_OPPORTUNITY_id_12_HumanActivity_tr_808_1st_908.csv,0.2289848524419623,0.487301626873763,0.2918936521325315,0.321031985434881,0.2355832749419797,0.5691947109582788,0.6565322886242411,0.5331384607121727,0.2276939793634903,0.8287375539167345,0.9846103847190256,0.2543627246191922,0.3013231765613637,0.8873312446039826,0.8312314429613572,0.899305357412783,0.2797524306741032,0.8789970916867879,0.9708687867490106,0.9668824175962318,0.2239415352108202,0.9782655108303115,0.9814109297928728,0.4987992827042605,0.2239415352108202,0.2239634945936389,0.2239634945936389,0.2239415352108202,0.2239415352108202,0.2239634945936389,0.2239415352108202,0.2239415352108202,9057,1142,1,1142.0,0.12609031688196976,0,1
854_OPPORTUNITY_id_13_HumanActivity_tr_1477_1st_1577.csv,0.0508109224905843,0.760885882050464,0.1308061229248239,0.1182956860398993,0.0840638688741226,0.177151638133276,0.2318415520217811,0.1659848989004529,0.0469102709696912,0.2946203044432584,0.9746785443614924,0.0435346298064996,0.0594389019858876,0.1897683197079394,0.3235564445281378,0.3802545449331465,0.0869516502157472,0.9581230818771128,0.9512145180512056,0.941458420490502,0.0527084384287616,0.960586136064238,0.951893734235524,0.8676420631775525,0.0771075600040941,0.1230725492678644,0.0517894975238307,0.0450702680495174,0.0496568270034806,0.0488481346591423,0.0962777743326867,0.0971628114925873,18011,396,2,198.0,0.021986563766587086,0,1
855_OPPORTUNITY_id_14_HumanActivity_tr_808_1st_908.csv,0.2295633122242204,0.3258640150603847,0.5368623931171923,0.249658366543458,0.2357291621662203,0.4905384738282895,0.4398484412427431,0.3172200794931195,0.2242815939989375,0.567118180254318,0.7635039691628677,0.2359879668603748,0.3017425822458431,0.5685344303862454,0.3091660472970242,0.2541699923491153,0.2606306694401527,0.3561934486580627,0.7924752675509346,0.7911801240001755,0.2239415352108202,0.797952834640045,0.8434220059126245,0.3604719659684225,0.2239415352108202,0.2239415352108202,0.2239415352108202,0.2240105838958603,0.2240074262816422,0.2239854582834904,0.2252250034076781,0.2250942576058058,9057,1142,1,1142.0,0.12609031688196976,0,1
856_OPPORTUNITY_id_15_HumanActivity_tr_808_1st_908.csv,0.2411956655925271,0.4110297209980393,0.4012362568443641,0.3302495495013352,0.2357291621662203,0.5085650633521837,0.6136554452214328,0.4276455953802238,0.2272616672169835,0.8097735382482744,0.9882507636135258,0.2753126256995175,0.2409907760563496,0.3900087585011836,0.5625413817312596,0.4666619515231973,0.3596294552224675,0.913616275744374,0.9204971019125234,0.920112115853856,0.2239415352108202,0.9629260357126322,0.9851348601805188,0.3477509503725951,0.2239415352108202,0.2239634945936389,0.2241393248158872,0.2239415352108202,0.2239854582834904,0.2240309955703134,0.2239415352108202,0.2239415352108202,9057,1142,1,1142.0,0.12609031688196976,0,1
857_OPPORTUNITY_id_16_HumanActivity_tr_500_1st_566.csv,0.1163647283651666,0.6275772451248214,0.1943797868750699,0.3060820832118063,0.4733317207794033,0.4691651972118776,0.3830942467166045,0.3804228478965673,0.3198149028797502,0.3834134068040626,0.907126862817304,0.1163647283651666,0.1217915073780616,0.4190821370375359,0.436058739297892,0.2517258839970311,0.1167203280754935,0.7585596603699438,0.7201518511771375,0.7142810147381559,0.1163647283651666,0.7498938957653095,0.8034508590025318,0.135326589560219,0.1163787330343298,0.1551807266119831,0.1164826834520615,0.1163647283651666,0.1164207672749193,0.1163647283651666,0.1463007270345437,0.1449690075788781,15653,967,2,483.5,0.06177729508720373,0,1
858_OPPORTUNITY_id_17_HumanActivity_tr_808_1st_908.csv,0.2259285355629863,0.5537973027995893,0.5058908640147671,0.2779053543827999,0.2361434922415334,0.7127514692295138,0.8278065009099705,0.5494597914042776,0.2262333546656467,0.823140908295547,0.9836015581179992,0.2296891695708737,0.2726563437738054,0.8496044414234548,0.7421657442371364,0.8427980634941752,0.2259080868830955,0.9889574727832928,0.8540534143192542,0.8347640457290891,0.2239415352108202,0.8458479517996783,0.9100479103292202,0.2320271133481793,0.2239634945936389,0.2239415352108202,0.2239634945936389,0.2239415352108202,0.2289815858866769,0.2239854582834904,0.2239415352108202,0.2239415352108202,9057,1142,1,1142.0,0.12609031688196976,0,1
859_OPPORTUNITY_id_18_HumanActivity_tr_895_1st_995.csv,0.0618997714907669,0.6512967232258143,0.0824533304534507,0.1883018540395631,0.0598150564749011,0.1052610449372378,0.1164644733379648,0.1135242841864212,0.0581133952542287,0.3892107204655648,0.9492223785769276,0.0650641958274466,0.0760387245803147,0.1348580569254032,0.1789003508263776,0.1782682227509492,0.0933470561437253,0.1379262515427927,0.0576727561190167,0.0576727561190167,0.0576727561190167,0.0576727561190167,0.0576727561190167,0.3370386963459131,0.0576879481566206,0.057752603707903,0.0576879481566206,0.0576955471772092,0.0577678378467553,0.0576727561190167,0.0914044871422119,0.0897166575530274,14751,438,1,438.0,0.029692902176123654,0,1
860_OPPORTUNITY_id_19_HumanActivity_tr_808_1st_908.csv,0.2604492168605737,0.640848619148834,0.2850078504071964,0.2506193400898777,0.2357291621662203,0.6664347690212558,0.6777845763766527,0.4551344539543052,0.22502511904565,0.8584201558399934,0.987030437339358,0.2717233604577812,0.3801945198353762,0.5379387056718599,0.6937332291725256,0.6775490698698825,0.2436171552489648,0.9823302016407574,0.9801503073997524,0.9826939626964972,0.2239415352108202,0.986604072196213,0.987030437339358,0.2367989041276287,0.2239634945936389,0.2239415352108202,0.2239415352108202,0.2239634945936389,0.2240074262816422,0.2239854582834904,0.2239415352108202,0.2239415352108202,9057,1142,1,1142.0,0.12609031688196976,0,1
861_OPPORTUNITY_id_20_HumanActivity_tr_2085_1st_2185.csv,0.0874213495496732,0.7923722925943046,0.090518685727578,0.1799715035543897,0.0729243218631802,0.1424632117875517,0.1747666480712175,0.1551055434564796,0.0732369536272664,0.2572214821905822,0.9783499790708547,0.0904833610153941,0.1351176972858346,0.1902108355429868,0.1949563406975944,0.2750287476123689,0.0900444901652412,0.0792591021891585,0.0710926569483624,0.0710926569483624,0.0710926569483624,0.0710926569483624,0.0710926569483624,0.3752273644364202,0.0711823618513464,0.1089148280754359,0.0711359345182069,0.0710926569483624,0.0711081071770373,0.0711483092176632,0.1096334859388011,0.1082092464129582,22194,818,2,409.0,0.03685680814634586,0,1
862_OPPORTUNITY_id_21_HumanActivity_tr_500_1st_566.csv,0.1163647283651666,0.6666621969768968,0.1522879032485548,0.2377446214183181,0.222512745525901,0.5672525603503018,0.6999950016367992,0.5297162242182177,0.1312678411901995,0.5598618444408704,0.9538255446598072,0.1163647283651666,0.1659094162008701,0.5613084944402327,0.7360107147226118,0.7183668575745072,0.1847405262631466,0.9634911441447392,0.9569622135660366,0.9487654922547868,0.1163647283651666,0.9588003554147334,0.9538255446598072,0.1411576517126473,0.1163787330343298,0.1664649942479865,0.1163647283651666,0.1165189653524837,0.1164814888582861,0.1163647283651666,0.1164826834520615,0.1163787330343298,15653,967,2,483.5,0.06177729508720373,0,1
863_OPPORTUNITY_id_22_HumanActivity_tr_808_1st_908.csv,0.2239415352108202,0.6383410983820133,0.2488169755583648,0.2257288191029857,0.2369519520897013,0.2239415352108202,0.7484884669927161,0.4538696967465813,0.6136710217488208,0.850883078824281,0.9652974924113666,0.2239415352108202,0.2239415352108202,0.2239415352108202,0.2239415352108202,0.2241393248158872,0.6235158307273223,0.4761649050018509,0.97515028041447,0.9714745025056918,0.2239415352108202,0.9782075401426776,0.980456812757963,0.4510490171054255,0.2602920195436164,0.2407991470877341,0.2258812771768973,0.2239415352108202,0.3879866684112152,0.224570498996163,0.2239415352108202,0.2239415352108202,9057,1142,1,1142.0,0.12609031688196976,0,1
865_OPPORTUNITY_id_24_HumanActivity_tr_2085_1st_2185.csv,0.0729446695972255,0.7845201731998686,0.1301833793804743,0.2204167566417635,0.1589611907334542,0.196429852447127,0.2063281001827087,0.2251522898315386,0.0773223420970244,0.2823365327251456,0.9729354703755444,0.0710926569483624,0.0947482090555439,0.2810207707563312,0.2163193042992397,0.2230469359670011,0.0710926569483624,0.3947036230588516,0.0711297487825706,0.0711514035652702,0.0710926569483624,0.0711081071770373,0.0710926569483624,0.0712319511836605,0.0712381547087253,0.0711050165940897,0.0711142891489965,0.0711507269301826,0.0711693438467688,0.0711390277894954,0.1234081523974191,0.1265030886473322,22194,818,2,409.0,0.03685680814634586,0,1
866_OPPORTUNITY_id_25_HumanActivity_tr_6213_1st_7311.csv,0.067806498889625,0.5048053023991199,0.1030433016074036,0.2102482204524886,0.0939698763413857,0.4076383126477145,0.2592697757128426,0.260865433570656,0.0680472556253674,0.4054686843532727,0.9789177188744096,0.0677985908087003,0.1321317518481005,0.5738760786113223,0.5535531277035105,0.4118293246920699,0.0678038626576792,0.0878156440247097,0.8819622241854064,0.8819622241854064,0.0677959551916193,0.914689559556292,0.9795151893666172,0.1408309942883734,0.067806498889625,0.0678104695455194,0.0678275961272993,0.0678091353265735,0.0678144088155745,0.0678513462176485,0.0677959551916193,0.0677959551916193,24852,872,1,872.0,0.03508771929824561,0,1
867_OPPORTUNITY_id_26_HumanActivity_tr_808_1st_908.csv,0.2919397515046594,0.2727227160110521,0.2799074427685382,0.2916213400631021,0.2417165753629045,0.4677424367473212,0.6116500326919497,0.3031462163477376,0.2242053323478638,0.8617201847479091,0.983284358081658,0.3115341554815692,0.309158145527423,0.7211879559268284,0.4831873561728089,0.5390724758603359,0.2250004659351811,0.2842758403891,0.9698012233335546,0.9698012233335546,0.2239415352108202,0.9697739851967022,0.9794592876689991,0.3009738117479115,0.2240074262816422,0.2239415352108202,0.2239415352108202,0.2239415352108202,0.3331086263002755,0.2239634945936389,0.2239415352108202,0.2239415352108202,9057,1142,1,1142.0,0.12609031688196976,0,1
868_OPPORTUNITY_id_27_HumanActivity_tr_2085_1st_2185.csv,0.0711019262797835,0.6906366717381024,0.1183460328176845,0.2074502901966662,0.0728691032126365,0.1698610091303189,0.1859246741085714,0.1842435127132754,0.0717662847519712,0.3250276055169128,0.949539073124321,0.0710926569483624,0.1075601789503972,0.1948963725219814,0.1573692822479322,0.1909965070116626,0.1640068056201584,0.875796759909086,0.6477384213026902,0.639256268526062,0.0710926569483624,0.681222053296789,0.8548337262973942,0.1434067603982751,0.0711142891489965,0.0710926569483624,0.0710926569483624,0.0711668793415194,0.0712350528111339,0.0711019262797835,0.0710926569483624,0.0710926569483624,22194,818,2,409.0,0.03685680814634586,0,1
869_OPPORTUNITY_id_28_HumanActivity_tr_500_1st_566.csv,0.1163647283651666,0.6484573538133331,0.1164067524879883,0.4267512840300774,0.603557170438854,0.5413401156418579,0.4127118325892224,0.4890708058840415,0.6458683464791543,0.3932737455841328,0.931836303487787,0.1163647283651666,0.1498108787025469,0.7525913771982783,0.6922092675391275,0.5663246790366034,0.1164277759339433,0.2691268545210516,0.8920047053798876,0.8818924066924156,0.1163647283651666,0.9001907092246881,0.94026899046513,0.191302424202766,0.1163647283651666,0.1307064643442637,0.1163717302784028,0.1163787330343298,0.1178444031957127,0.1163647283651666,0.1476884970095664,0.146521741202154,15653,967,2,483.5,0.06177729508720373,0,1
870_OPPORTUNITY_id_29_HumanActivity_tr_1477_1st_1577.csv,0.0430266882416027,0.6119884001345379,0.4257717942050055,0.1140313730489809,0.162738321001559,0.2700741358694969,0.3361692559582042,0.2962326590423719,0.0430959713692532,0.2948536412889302,0.9382983435480148,0.0430266882416027,0.1165150391735472,0.553952735395997,0.3179527706206058,0.3070134303413569,0.1249962501124966,0.1583047229434195,0.8184093230988053,0.8080758081117453,0.0430266882416027,0.8593905405205315,0.9141297531198987,0.0724436031742139,0.0643751295013021,0.0430453965181403,0.044369335510117,0.0589721427854545,0.0654520802673942,0.0609294639429,0.0654289354155876,0.0770612472151074,18011,396,2,198.0,0.021986563766587086,0,1
