file,Sub-IForest,IForest,Sub-LOF,LOF,POLY,MatrixProfile,KShapeAD,SAND,Series2Graph,SR,Sub-PCA,Sub-HBOS,Sub-OCSVM,Sub-MCD,Sub-KNN,KMeansAD,AutoEncoder,CNN,LSTMAD,TranAD,AnomalyTransformer,OmniAnomaly,USAD,Donut,TimesNet,FITS,OFA,Lag-Llama,Chronos,TimesFM,MOMENT (ZS),MOMENT (FT),ts_len,anomaly_len,num_anomaly,avg_anomaly_len,anomaly_ratio,point_anomaly,seq_anomaly
001_NAB_id_1_Facility_tr_1007_1st_2014.csv,0.4850044821046773,0.5102044010951152,0.6111258626066992,0.5113967961976295,0.6109336366049141,0.5229270900386798,0.5218509182497296,0.4882700607106759,0.586786585560841,0.5221971831723259,0.5104487440841561,0.5082068843238248,0.5540004860126996,0.5840418201960152,0.6005606079923105,0.6058856298157183,0.4428111012641276,0.46938635026711,0.4960379819541138,0.4805527229315957,0.508550052616127,0.4863067670540532,0.4104431814171994,0.4445088644658362,0.5932116774629108,0.6614053153716076,0.6103250657104039,0.5225588355279166,0.54145660181229,0.5293065062997339,0.8070892542281781,0.8042436997125908,4031,343,3,114.33333333333333,0.08509054825105433,0,1
002_NAB_id_2_WebService_tr_1500_1st_4106.csv,0.3520698682152898,0.5440576533188759,0.5420788108145506,0.5226714615615302,0.8297956812432946,0.3649920184801551,0.1898835720422112,0.6241899039252297,0.7362882899786363,0.5329185421428174,0.72455846895023,0.3554343634695219,0.5575975293754116,0.6126158161086369,0.5743508292750837,0.5990172457758975,0.7028733767671407,0.5639014764556862,0.4364683072587223,0.433866542941988,0.5222842528090855,0.4103284816310003,0.5238352177400692,0.44218647252853,0.5198055247741672,0.5895505731667797,0.5017799083309606,0.4957738939214546,0.5037088722457473,0.506934815537133,0.4667776863627905,0.4683342323567565,6000,637,1,637.0,0.10616666666666667,0,1
005_NAB_id_5_Traffic_tr_594_1st_1645.csv,0.4872859738457104,0.5331258784853105,0.1159204033309209,0.5030518589925169,0.5432742547745414,0.4592709116820161,0.4846812049784628,0.8073198155491399,0.544662484236393,0.5135676492275457,0.5300796444015562,0.4599057048949502,0.5121800158607701,0.3543860543169425,0.0907032662642936,0.1686937501792642,0.4521930613869355,0.4841811397203049,0.4385025911185983,0.4591009316974431,0.4957445158597363,0.4336658001733316,0.4783589863152772,0.466177946187685,0.4644327252592918,0.5862692001573829,0.461203485826399,0.458167835632009,0.4198428379262293,0.4457163615314217,0.4283496445999808,0.4297066347615293,2379,238,1,238.0,0.10004203446826397,0,1
006_NAB_id_6_Traffic_tr_2579_1st_5839.csv,0.7923219800278767,0.6343922115505853,0.9474261223069188,0.5898646153993705,0.4843374864749702,0.9508551105438902,0.9768760137878492,0.9463730380585916,0.8780035950355218,0.5849932448878515,0.5546898433366919,0.8930736386255996,0.6127448464819631,0.7832810542719191,0.9692073608860484,0.8654840748368969,0.8682986336776664,0.5670372285029144,0.4870899178945895,0.4790699191885619,0.5124876618899665,0.4763183684327294,0.2396343673165017,0.5806725082713723,0.5617081219838916,0.5532172866469693,0.4849252341894868,0.545601607630216,0.5852621755922837,0.5371020816236813,0.3643354891624135,0.3822030271507685,10319,1030,5,206.0,0.09981587363116581,0,1
008_NAB_id_8_Synthetic_tr_1007_1st_2734.csv,0.8445663948451883,0.6154293033157177,0.8891677444742336,0.5478137745874347,0.8758140793085669,0.8522918393579316,0.8739850079565069,0.866089378671846,0.8834281582631036,0.7779635417792159,0.8408503689062505,0.7981871461720274,0.4911575813330193,0.600980575637718,0.7114326881395997,0.6496243336091146,0.882317207137595,0.7377681427760991,0.7049329158534055,0.7296540270471732,0.503049902448503,0.6921276615280195,0.9070596637635526,0.6608086262484067,0.7995981373578755,0.7878110479752439,0.7976298370928838,0.7701528662309725,0.6992920385704728,0.7721466412479222,0.8361049361116817,0.8359691619495958,4031,402,1,402.0,0.09972711485983626,0,1
009_NAB_id_9_Traffic_tr_500_1st_438.csv,0.5645663575105696,0.6426247484724896,0.531268940582881,0.6076156297246843,0.9289750219149314,0.7699968967768007,0.2498138625831268,0.4890042459598406,0.688055762209372,0.6273346318821077,0.8311175218985515,0.6499180720840739,0.6903969550709297,0.6529569198226559,0.4720057161054301,0.4432580463460812,0.6862649983225384,0.7134721615569398,0.6213988022590008,0.6171853746288275,0.5239378446866209,0.6375874523030972,0.7742032686055234,0.6634362143492444,0.6469391879820495,0.6925462805151772,0.7154572203323737,0.6415670444094851,0.635758331041449,0.6287831800840172,0.7504653408059606,0.7491424275786711,2161,216,1,216.0,0.0999537251272559,0,1
010_NAB_id_10_WebService_tr_500_1st_271.csv,0.2545651241817485,0.7290240352988481,0.686252813722977,0.7201925924792495,0.8628656611799864,0.274076520781123,0.5270624765198197,0.5265036737750891,0.4025955344775127,0.6727985659359444,0.9413167200136184,0.2243953499730614,0.5397522856195222,0.6361541577254102,0.7194552290435835,0.9193064977240912,0.6083335074442208,0.7229938077064185,0.828918357734416,0.6521151737333236,0.5484893521085868,0.6964959912907307,0.5249859026231444,0.715424058041805,0.7089728635929539,0.7226956186035908,0.8457963237347436,0.7119103401026212,0.7605874051595385,0.6801891963902595,0.997752349756216,0.9976599013487872,1000,148,3,49.333333333333336,0.148,0,1
011_NAB_id_11_Facility_tr_1007_1st_1526.csv,0.3295028830971201,0.6719764083079578,0.3879605728904014,0.626131693265216,0.9876759313002148,0.4799021085599631,0.5316032198782019,0.6097966151205626,0.972221156696038,0.7161149219796805,0.966956629827117,0.3110443969096833,0.7164765128198156,0.274743628192565,0.3080491676504783,0.2212995359001916,0.654109364092013,0.5796488941202149,0.3816856237940196,0.3771982297234439,0.5388592645452291,0.3591222216337723,0.2788293377496671,0.4543862604058599,0.6708287577443235,0.8159686315508375,0.6104432672934793,0.6295895925275898,0.5528595762847613,0.6585512967672628,0.8665731246149715,0.8675059277470714,4031,474,1,474.0,0.11758868767055321,0,1
013_NAB_id_13_Traffic_tr_623_1st_2084.csv,0.109367985088657,0.7006709447532025,0.2151640345490715,0.5890815808388297,0.9732275745567682,0.1578479987098191,0.980566408619098,0.9817583361292204,0.9864673441883606,0.7051387312146153,0.9851270230804696,0.0917549747015507,0.8642048886224266,0.3563385455406671,0.2990728581025279,0.1643056677171633,0.6597476162115045,0.6878323614237564,0.5085901352368806,0.5315653436418412,0.5248571935134156,0.43511390221661,0.1976851155165854,0.6689104676205238,0.7207505389658563,0.8478416993843021,0.7237544755922181,0.7208388343415142,0.6856442091375075,0.7416730728591593,0.9421515917648144,0.9413386033708242,2494,248,2,124.0,0.09943865276663993,0,1
014_NAB_id_14_WebService_tr_500_1st_1045.csv,0.5762749440824698,0.3860463914540233,0.4976796681039841,0.4650490782058691,0.5814354922940304,0.6168329166039112,0.4312580284280607,0.6534322819857638,0.5334687966694744,0.3281952135853646,0.2655111176281741,0.5846181252308992,0.5591527768476412,0.7091769540461845,0.504826800862417,0.5603318346430511,0.8274206513369092,0.4347069466601998,0.6567227356615765,0.4059184301894536,0.5013236153945907,0.403862873593015,0.7372770290695296,0.610139986685381,0.5298837641021023,0.5469946126085475,0.499826933647494,0.4238318622547032,0.4909080466827947,0.4341271905621767,0.593770095374018,0.6036698151286404,1537,152,1,152.0,0.0988939492517892,0,1
015_NAB_id_15_Synthetic_tr_1007_1st_2787.csv,0.8790705214450308,0.6189094598456453,0.8611524373648816,0.6010498147004606,0.6028032895742262,0.92190247891094,0.9999914488255992,0.9954300771934406,0.9999999424784652,0.5291840520666956,0.2240008960085308,0.8429945763596965,0.750106547224463,0.6704995380882819,0.9074873821095396,0.9981443363474074,0.5728047084151563,0.5271973550198278,0.5431263301224051,0.537871329312622,0.5084192585380464,0.538954852535753,0.4708314041283796,0.5635139963009774,0.5348898027555351,0.4852833609460876,0.5407120826035338,0.5528104959215411,0.5455067554043928,0.538643726575421,0.5305681832612147,0.5287447485182665,4031,513,1,513.0,0.12726370627635822,0,1
016_NAB_id_16_Environment_tr_1816_1st_3540.csv,0.5021418368604134,0.7729924210404814,0.3760950641387824,0.606414377558863,0.6056492328134078,0.4833172111801647,0.4987090521752848,0.6240880456827812,0.5695330399343371,0.6758122382722823,0.8364069495516634,0.4910689496010134,0.3944790175053143,0.312364464104577,0.4213511556818035,0.3104986647741852,0.613421350824613,0.5085780847884603,0.4622739394668982,0.4567449883591268,0.5000816108212996,0.4322174053863508,0.364179134709604,0.4854480292610559,0.5575004098334747,0.568859961916882,0.5513063499632361,0.5684246068397659,0.5181902040887522,0.5306313387567054,0.6119611747995486,0.6138834450000862,7266,724,2,362.0,0.09964216900633086,0,1
017_NAB_id_17_Synthetic_tr_1007_1st_1805.csv,0.6759231501399261,0.5089643776342134,0.7440554879054858,0.5029483388309435,0.9861252119649088,0.6652193136512912,0.7536634702762901,0.7404525943503707,0.749822564296491,0.5260469060303022,0.695296807314387,0.6870523766971962,0.7996148573218859,0.6335855164841473,0.8023498435502244,0.9898086280907732,0.671865054577536,0.553010841454204,0.5718499698389187,0.5208863583745059,0.5050635445411282,0.5357029709849562,0.6724080515793528,0.5710559440118242,0.640668846984563,0.5695945385406054,0.5546811346879448,0.5725669712660495,0.584633982060311,0.6003673786095951,0.603698756132019,0.6070459021828967,4031,402,1,402.0,0.09972711485983626,0,1
018_NAB_id_18_Facility_tr_500_1st_669.csv,0.7993591912443078,0.6646005587165679,0.5580003054332175,0.5502634844829802,0.5922379310649251,0.8368576370388736,0.869278213145746,0.7427587585233968,0.719840955841859,0.6643316375924221,0.5148789349573849,0.5849048402846512,0.4613948686768084,0.496667894112559,0.4708549305564374,0.4718199995781746,0.825334997324704,0.724432285123571,0.4917863080880357,0.7165294733266688,0.5164193791016897,0.7441186906931418,0.7714091761583657,0.6075396987953382,0.6401245054389713,0.7230443316584241,0.6668442316545123,0.4732879300652615,0.6093554688216991,0.7144081141605784,0.5835416659866364,0.585586408771682,1881,188,2,94.0,0.09994683678894205,0,1
019_NAB_id_19_Facility_tr_1007_1st_1171.csv,0.5223737690030381,0.5431442075602608,0.6799836610109182,0.5194871654415325,0.6835367876623334,0.4407998823294628,0.4174954653439318,0.6521903388721361,0.5831309773011234,0.4997336964330349,0.5209296563133914,0.5142653647243342,0.4674697304051828,0.7079586558400671,0.5817217922758835,0.5722457305203293,0.7858950042011252,0.4575303146410734,0.5466964149355966,0.5415708793321881,0.5089482572862077,0.5737566846726135,0.5437083779180388,0.4765763673207641,0.5940708203800242,0.6332773186618471,0.5959646285431357,0.5644618508393417,0.5899368802499594,0.5832530762123603,0.7314899766597546,0.7499346727974854,4031,400,2,200.0,0.09923096005953858,0,1
020_NAB_id_20_Synthetic_tr_1007_1st_2679.csv,0.9844209341379946,0.7287967240929398,0.9226183368692548,0.5439718994034679,0.6553542394198306,0.9613949231322354,0.9998512334866104,0.9060124760634384,0.9998677596503004,0.4008252792615078,0.23205345544808,0.9925820101267652,0.9836564103641812,0.41906609276352,0.9970463828243048,0.9998775930776564,0.6950784291664032,0.4812672705773146,0.6194150811756489,0.6250323766845024,0.6927232207183479,0.624147019119899,0.547943571944465,0.6721040425148939,0.4423594418317426,0.4849532692458864,0.4212110904354163,0.467946045944053,0.3992293894695996,0.4507269490469234,0.4725454252126643,0.4699276702823159,4031,621,1,621.0,0.15405606549243364,0,1
022_NAB_id_22_Facility_tr_1007_1st_2980.csv,0.7569622265708178,0.8097836508401247,0.5668803943354427,0.599762085052137,0.9358795612475392,0.2533094118333876,0.0703138070016886,0.3511686059558311,0.9292437946066158,0.8708749793960796,0.9224040519835444,0.7435434639140783,0.4319371550993383,0.3884315054240336,0.5042935833622355,0.5442649539400427,0.6322137107420361,0.7979817459894484,0.891126397595006,0.8934981319351284,0.5003917380652022,0.8891181786990955,0.9081536841689656,0.9101250706034582,0.751933634589277,0.8266140691285543,0.7967066532290293,0.769287762260968,0.7083779170283995,0.7070645160033616,0.9448709162371576,0.942141392644372,4031,520,2,260.0,0.12900024807740015,0,1
023_NAB_id_23_Facility_tr_4512_1st_16551.csv,0.8210936837108347,0.8198146614330268,0.7001533214822179,0.5180446093241484,0.5472133933213106,0.7723551755464352,0.8944075860343413,0.7475229158783164,0.721232344941764,0.7015271864977172,0.8951157393839859,0.8335165933659199,0.6737085210068197,0.8515856599161999,0.8152585436371157,0.9114652054144772,0.8532007231693216,0.6115240215567608,0.5971568388435806,0.5957332770942574,0.4962282300671815,0.6518680652975415,0.8075418718373116,0.4989604845827766,0.5695062787437509,0.5931379553108628,0.5369311146335674,0.6323260501225877,0.7055255820297575,0.7202812513180581,0.5384518904439688,0.6450339574984814,18049,1498,1,1498.0,0.0829962878829852,0,1
024_NAB_id_24_Synthetic_tr_1007_1st_2787.csv,0.6771441989785292,0.6658308109185932,0.6940482121684137,0.633302920444072,0.9443605638097052,0.6437371874282026,0.3378041102462349,0.9181563822313638,0.9999999361747736,0.5955107731920796,0.9491405991010864,0.7545011536348468,0.7142856606499203,0.5962961622575975,0.5933073220637135,0.9987528243569588,0.5739305814209973,0.6232698399751704,0.6229153542104272,0.6171242516632119,0.5146826328912864,0.6143503595225965,0.67040351931435,0.5735468647437337,0.6027533870656178,0.6524395292208803,0.5997374121183454,0.6059044648954602,0.6048543027977322,0.6132083790627134,0.6249064592060842,0.6264778407684801,4031,513,1,513.0,0.12726370627635822,0,1
025_NAB_id_25_WebService_tr_3958_1st_4614.csv,0.4870603714541537,0.4873521822317418,0.5103294011219462,0.500889068522383,0.5568444632177366,0.49876021051126,0.4688613983417403,0.5287518785679867,0.5256726897320432,0.4980795174225222,0.5095785877982066,0.4729983444737349,0.5086749799582824,0.5068811866527322,0.4760913006722897,0.4835001220287787,0.532759139242972,0.5130604399495555,0.471135459614659,0.4700869078047373,0.502316133140086,0.4659197208244722,0.5239293428522142,0.4816246476055424,0.5031677596517422,0.5202479115223648,0.4938853345039451,0.4967582005879361,0.4919266922117375,0.4870358171712581,0.5221214304138133,0.5213441831148325,15832,1580,2,790.0,0.0997978777160182,0,1
026_NAB_id_26_Traffic_tr_624_1st_2261.csv,0.4867840954643269,0.5224646924894916,0.2988485512206039,0.5227498744006656,0.671303266929224,0.479253311181097,0.5700948786918372,0.4699633030404764,0.5617418271974064,0.498109936973908,0.5320758041231389,0.5298066403176374,0.4230033146540475,0.2853653381908094,0.307961337748899,0.265857514833126,0.5075651452903309,0.5180223428667987,0.3670493392202184,0.3797148036892966,0.5122277410543121,0.3202160156920797,0.0368343019090732,0.5496639010848017,0.523357051739005,0.4988667566822157,0.5164638845729681,0.5095003890979214,0.5282353808910834,0.5170239393634977,0.6756046319051512,0.6726177338698104,2499,238,1,238.0,0.09523809523809523,0,1
027_NAB_id_27_Facility_tr_757_1st_2582.csv,0.5149981225579293,0.6097927074320061,0.6307819352870747,0.5922180223324379,0.8385911455127422,0.4225992258753782,0.5740437292475975,0.7124106310658251,0.7161265768653811,0.5683330395237953,0.8478190465761998,0.2418330141777343,0.6046719530917093,0.3039268144940675,0.652408687983263,0.6357110473728591,0.2271432874948178,0.6021889666245893,0.6858714384942577,0.6752639964623509,0.5103774012322958,0.7013121314114223,0.824335234626121,0.6051172727333691,0.6406785708755666,0.6698528167729404,0.6104657781079144,0.6326577887216427,0.66018380038338,0.6019625498509316,0.7609539678963344,0.7568449710453702,3031,200,1,200.0,0.06598482349059716,0,1
028_NAB_id_28_Facility_tr_1007_1st_3447.csv,0.9064182304706366,0.5758943324660747,0.7254295276307742,0.5235278585051845,0.9933243796285696,0.9950451757090728,0.9999985466831302,0.9999985466831302,0.8356589629239727,0.6470042959301325,0.995109153278774,0.848240533279367,0.6781769010529313,0.6552422488244918,0.8039788578266669,0.4823083100836525,0.7558295417269738,0.532451241831468,0.5887396363953306,0.5933066153330742,0.508805557130673,0.5858944885191535,0.6175715498947555,0.4821473172124153,0.5981337100592241,0.6500992024471788,0.6713111767929316,0.5431489731659797,0.6191419895178564,0.5126384679992773,0.7930985634227592,0.7927948590623046,4031,430,1,430.0,0.10667328206400396,0,1
032_WSD_id_4_WebService_tr_4559_1st_11822.csv,0.8102246787796161,0.6744099920607322,0.9860552184899244,0.8093893359504094,0.998711178333625,0.6528862064656323,0.7747174881693145,0.729167813488434,0.963098309720773,0.9294077562183636,0.6999601662164678,0.8280962335035634,0.912464455540545,0.9950023733758458,0.971973019694113,0.9336888495680936,0.0998929578378081,0.8760155980764882,0.8521011863173841,0.8457102715152867,0.4424988395131862,0.8039772497472384,0.7552013225048114,0.8313005605856816,0.9798761399397086,0.7367891297169757,0.9290283207060612,0.8540344524135961,0.868029635622186,0.8598756680962732,0.9976339197055952,0.9978722243452268,10686,32,2,16.0,0.0029945723376380313,0,1
039_WSD_id_11_WebService_tr_1746_1st_1846.csv,0.4160060087280648,0.8968181620670639,0.6355995713883364,0.8795926595801377,0.977958576785091,0.0664140042177732,0.2863174114750231,0.6624740052533101,0.9882141980329264,0.958091800523508,0.909354908888512,0.1594456583572449,0.7555093345707272,0.6562689880401817,0.6397683931571064,0.6001040149624479,0.9920350790915708,0.9852930218868996,0.9264502515559824,0.9068944775270816,0.574430978419711,0.9783894185947332,0.7429438776908425,0.7689873873768428,0.9900667595047034,0.9468826166422584,0.9370280186148916,0.9740753670009475,0.9139935940366914,0.9385596969306708,0.9972588470908632,0.9972462100825826,18219,132,7,18.857142857142858,0.0072451835995389425,0,1
040_WSD_id_12_WebService_tr_4559_1st_9714.csv,0.7344607240168272,0.593600137068588,0.8844678078068002,0.8150249556347376,0.5679091919577344,0.9781945669552612,0.9998528265714504,0.9993514197114154,0.4724011280258067,0.9351939369596032,0.3788234161209423,0.5347295578591031,0.7320397716318833,0.761832743025853,0.8329483450707925,0.7581830588567942,0.5878568084142001,0.8711457870712378,0.7337478287430558,0.7406091407848147,0.5326632934965819,0.6990857610180882,0.5189135718543189,0.8474548333712341,0.8818863887141624,0.8274176362145153,0.9053863227716278,0.8729007510441446,0.8921345981155907,0.8637645963829472,0.9080877052369924,0.916847013257618,18236,41,4,10.25,0.0022483000658039044,0,1
043_WSD_id_15_WebService_tr_4521_1st_6828.csv,0.2416293375408923,0.8287064694457387,0.6566773222800814,0.9861981917353316,0.7001479287222262,0.7818672826361864,0.951927132834102,0.973476279397485,0.7215856635736266,0.9660518186689636,0.6339391550902483,0.0444251909658653,0.9501185305519988,0.9502331562927736,0.944964647187873,0.9807916796825052,0.9987276654456758,0.9458359438504562,0.9449991924917532,0.7984512442504262,0.5504092297876447,0.7108159547142858,0.4626209152404982,0.6986727091442105,0.994897809739119,0.9219222772954252,0.9900147637712922,0.9194482494803164,0.9902767371643568,0.9881633957973588,0.9969005960240084,0.9984885855188844,18085,6,2,3.0,0.00033176665745092616,0,1
049_WSD_id_21_WebService_tr_4297_1st_7097.csv,0.5136084555710552,0.7452584954116445,0.7388667208466272,0.6916828204359644,0.989573060510772,0.5013135408798103,0.3737605883562688,0.5262905019513671,0.9968756886844872,0.7636143129694776,0.991924749700016,0.2741065735713466,0.3939475273299798,0.9600174641697856,0.7922558477067542,0.5094574177086427,0.9856969303029612,0.7492525881361894,0.7935964798142525,0.591426372616745,0.4987184170175782,0.6753679294660424,0.5898848955189241,0.3031241862194836,0.886870415178567,0.6804708476318678,0.6414370222091242,0.7538184376993536,0.7965694523985437,0.8386836283391288,0.7622916039455948,0.7528601590126432,17189,31,3,10.333333333333334,0.0018034789691081506,0,1
054_WSD_id_26_WebService_tr_2409_1st_2509.csv,0.3975967649247953,0.6816949933390174,0.6446202908305972,0.7925863944675078,0.6497536039301748,0.462090989121592,0.9735951495868076,0.9314155917191378,0.6767864313456828,0.9587459982100922,0.4645267914539575,0.1314898495227152,0.8455602115195047,0.987282838700165,0.9456807852127536,0.9721728910881854,0.6022200196846608,0.9029151443255192,0.869771566099718,0.8801664435509133,0.5244565791180281,0.7927693965549482,0.7135574188208338,0.8853525700700037,0.9881075234483484,0.928361559338254,0.9431037463572688,0.8853224115148054,0.9136663089775452,0.9230743271366778,0.995723188607748,0.9975497195650244,18391,66,5,13.2,0.003588711869936382,0,1
058_WSD_id_30_WebService_tr_1136_1st_1236.csv,0.5373092441821377,0.8165703837226429,0.3042588073382825,0.6945143878733332,0.9996734781683984,0.456353552513166,0.0021764984353685,0.2441232196646997,0.9981347102577895,0.9142403307697148,0.993920407561743,0.5220147672130341,0.3514775051283172,0.2241328722273332,0.0550798867655301,0.0103082075261077,0.9982520702510458,0.9776270764520308,0.8574390433152768,0.6793660188694824,0.4537975013355296,0.9466925999920528,0.5044363262438416,0.0815338828071306,0.9982520702510458,0.8908018812573164,0.965952407898702,0.9970374679844414,0.9799184177460074,0.9736920378614174,0.9982520702510458,0.9982520702510458,18236,8,1,8.0,0.0004386926957666155,0,1
060_WSD_id_32_WebService_tr_4576_1st_4766.csv,0.428868281872487,0.7553097055326989,0.423822885966992,0.729453905501425,0.9937945834259428,0.1289226500244405,0.5648586357541134,0.718261109303817,0.9657097433206946,0.9212841139460892,0.8050774656387999,0.0938139800587339,0.766664047991274,0.9859745361908856,0.788648260207583,0.8422561085640448,0.6695426021846489,0.7030130157158927,0.915816040107467,0.921110919681468,0.4968176228969583,0.8875234958711912,0.9055198377353966,0.6887646083980156,0.7508603032655197,0.8484235061751138,0.9124524513888737,0.7259436788576323,0.7686706906232446,0.8208879570525072,0.9927691306040796,0.9924034641343584,18305,102,8,12.75,0.005572248019666758,0,1
068_WSD_id_40_WebService_tr_4549_1st_13322.csv,0.6935910133066732,0.8109918926087579,0.9178575967737108,0.7457985022769793,0.7240186043101245,0.9847410251076846,0.8005581764698061,0.8639142428119682,0.9296198377267888,0.8636610002247346,0.7357098064665694,0.6751997217368021,0.9884311105593888,0.991946370327233,0.996678009593969,0.984490043298744,0.2613851932308572,0.5744862049257448,0.2809499360835124,0.2782515366265897,0.4379827724274602,0.2314409665447694,0.2254958578949448,0.5950222311030535,0.7361200182071754,0.5237612029129788,0.7499626922515468,0.5387052804261977,0.7656465288109352,0.7845308161424772,0.5259101607382123,0.5718416729098993,18197,29,2,14.5,0.001593669286146068,0,1
074_WSD_id_46_WebService_tr_990_1st_1090.csv,0.6797893307957696,0.8760193026047967,0.0981845073803669,0.7198170170276813,0.9967354519354344,0.0873588772688336,0.0213528447576724,0.3475046575269607,0.9979223362140948,0.955231378985298,0.9696259755083196,0.7641112762239556,0.6511466019901477,0.2513926806232462,0.0973331969550133,0.1962394337056856,0.9300018522311094,0.9774929681708404,0.8219076915675366,0.73595660092843,0.4958451459896164,0.8603136221776976,0.5204836604430332,0.2276066693642366,0.8887990363897174,0.8863164185889812,0.9783760054289524,0.9719802086028644,0.9360039506068614,0.9611504064658236,0.9753572141290882,0.9752297087235084,18236,290,21,13.80952380952381,0.015902610221539812,0,1
089_WSD_id_61_WebService_tr_1010_1st_1110.csv,0.7394396716311594,0.9093667451704476,0.2166691377787225,0.6553263914835977,0.943450887190524,0.4715745394960018,0.9544040538284476,0.7709551502286025,0.9497997623426176,0.9784127479514824,0.70819413016833,0.6619841426701026,0.752332587986822,0.9401720189685716,0.8502087328769913,0.9522195043452144,0.977081946765496,0.996521034729678,0.9190330435585584,0.8876477857868837,0.5826871353844817,0.9269042021629617,0.643024237902967,0.6563687242091742,0.9916392215536914,0.982466046657024,0.986141055328166,0.9947938699477876,0.992789415101478,0.9965592268021424,0.9946869400140728,0.9946256797967392,17429,241,22,10.954545454545455,0.013827528831258248,0,1
094_WSD_id_66_WebService_tr_3309_1st_3914.csv,0.4899934163822569,0.6076585883023042,0.6194442627617471,0.8462945171168216,0.5717487252530975,0.5822281381012682,0.9427801659885862,0.7901625503772093,0.6089022337524571,0.9582954552030192,0.3658874963298694,0.2186601432655297,0.8828281616474258,0.9693876280373448,0.9631182677447526,0.979107907226352,0.2581070304202769,0.8767829101674716,0.7892382433198353,0.7997738358716344,0.5468377289348652,0.7265212765818215,0.6556308718494016,0.7920371938944438,0.8260889454300107,0.8573941447651595,0.9736611805268548,0.877577766805993,0.9365922205807212,0.9356199313205475,0.9986182062798457,0.9986226915256028,13237,35,3,11.666666666666666,0.0026441036488630354,0,1
099_WSD_id_71_WebService_tr_4559_1st_14411.csv,0.8736398413639526,0.5515102716294232,0.9660562247290764,0.6832313182340092,0.9783459192075016,0.8325193955965382,0.6598505123480801,0.7630424132911403,0.9632966830342484,0.8837323801346821,0.6751967722334693,0.7900460170899334,0.9376683483521256,0.9842171773083372,0.9639647032525042,0.9195946319481012,0.7589941397503801,0.7292127396179582,0.8141412284650914,0.8017349429752278,0.4313586840791501,0.782960128198657,0.7815484189728644,0.6989195681897029,0.7864842871871481,0.8009298790778643,0.8861044982658427,0.7602969704346778,0.827954521423185,0.8274335474059896,0.9989162722199996,0.9989163112816712,18236,41,2,20.5,0.0022483000658039044,0,1
106_WSD_id_78_WebService_tr_3363_1st_3463.csv,0.4417381037103611,0.97455912054331,0.5490826788544053,0.8409606504954702,0.8771426995068093,0.4481602830630901,0.4957898995118241,0.553594257999383,0.934016230645968,0.9348941846011796,0.7378646819478104,0.3325731745004375,0.5293222329839341,0.5175286298284985,0.5481514808647605,0.5641565593849908,0.4951949358297535,0.8857739250021193,0.9596846128717886,0.9543656368804728,0.5069050512509553,0.933256253973176,0.8963904402007047,0.959391663258462,0.9062674159347336,0.8981869897367905,0.9310753411206756,0.8708061514101363,0.8638465169542671,0.8472885478586282,0.9986985110469916,0.9988557883903336,18236,221,3,73.66666666666667,0.012118885720552752,0,1
113_WSD_id_85_WebService_tr_500_1st_335.csv,0.3269186743112932,0.705533985377213,0.5773393673329468,0.8495485425872835,0.5451041184344823,0.6547922655466912,0.9507769787971792,0.8826419550467454,0.6711961809203962,0.944909367087473,0.4038289729914046,0.1173036713607676,0.6302364646247406,0.9752216293032504,0.9736685605306888,0.970943097665684,0.1179828699650302,0.8772012207270171,0.80640939059317,0.8025865049001218,0.5361014292705726,0.7627751195835979,0.6733654697314736,0.8259504830632064,0.999498445148724,0.7544660577771746,0.8312993131673504,0.8319263865442916,0.9265291514890872,0.9230776972695311,0.9978522560513317,0.9978189740897508,18242,113,8,14.125,0.006194496217520009,0,1
117_WSD_id_89_WebService_tr_3251_1st_3351.csv,0.565446727367124,0.9102552982822124,0.1123467628862028,0.8188096596271746,0.9620708123589806,0.5819937356042976,0.5677036775780281,0.069643850456363,0.9987304124312074,0.9286943387671374,0.9619499371479744,0.1282540794173139,0.509911160401445,0.6743722816830807,0.1415056566754107,0.0251341097515092,0.9981197059348152,0.976773506156182,0.8864304764547891,0.9062265476796014,0.3568440812704113,0.9690954552335358,0.8902698882588458,0.887155227424969,0.8783445335594935,0.9410657197688248,0.987833256449103,0.9337441935698706,0.9568439089677014,0.9425421424017082,0.9946574226757828,0.997702052008032,16376,3,1,3.0,0.00018319491939423546,0,1
125_WSD_id_97_WebService_tr_2217_1st_2317.csv,0.1941580960803784,0.5040431869293275,0.1972193422514633,0.6574665062167848,0.9873621968579352,0.1618472040072917,0.5228273967802943,0.8317181404757027,0.9688742576006824,0.8406252281182036,0.5181952075900663,0.1029951538140051,0.7087021190475293,0.9797484977895357,0.8070374358208795,0.8477876876132963,0.3044316591611623,0.6814061302926967,0.7258014936829322,0.7291518717765445,0.4726260120480412,0.6810363189248164,0.6298477599785642,0.6865648486603305,0.9241724171568664,0.6728744847158843,0.7978896045980962,0.7387817023095049,0.810100023781704,0.7967768023339016,0.98798889537789,0.9883240521095664,18250,162,10,16.2,0.008876712328767123,0,1
130_WSD_id_102_WebService_tr_2362_1st_2462.csv,0.2407685200136595,0.6842865197645287,0.3202639779506373,0.7336457157569463,0.9829289889435346,0.1260916085222919,0.2019255575164761,0.5687834544114468,0.9823199014023524,0.8068968406353272,0.9016062362471112,0.2336489391076275,0.6855302309161654,0.7669299164995101,0.6110895873586687,0.605774912005978,0.097611533627602,0.8912329874134867,0.6998783293570882,0.6663419248022611,0.4966132247768366,0.6413739341914436,0.548131739842148,0.326643058889246,0.8608352426128572,0.8138658267218972,0.7508351567450203,0.8190977961924938,0.745685678251036,0.7968759417253762,0.994166015611167,0.9939687169481723,18236,195,9,21.666666666666668,0.010693134459311252,0,1
137_WSD_id_109_WebService_tr_4559_1st_14404.csv,0.8126344213181808,0.4545659067383052,0.9906138199481056,0.5906208063576919,0.9514436384730136,0.7120577037713106,0.6665844083792826,0.5060656568578489,0.9663881775291282,0.8151734817893271,0.6595391494533914,0.9057390051188068,0.9704013708483336,0.994477300549538,0.978373751389248,0.9666200866672092,0.4463052977835383,0.6946346420988297,0.7719051033207023,0.7740670545695244,0.4680563680964715,0.7570025593041046,0.7662879616402553,0.6801847543105133,0.9624225152995154,0.7446017903915818,0.831036269626917,0.7041116953982985,0.7731619780316766,0.7906321717171978,0.998628269657262,0.9988268618054458,18236,59,2,29.5,0.003235358631278789,0,1
139_WSD_id_111_WebService_tr_1701_1st_1801.csv,0.3554039311212553,0.9505483256916528,0.7283671172961452,0.937999622136886,0.8906872474796395,0.2096093594296306,0.276156454949119,0.4301048959244414,0.9682769224988874,0.9885607096647328,0.94240144063597,0.1459518710840941,0.8434889767276544,0.8340088918693637,0.7659673389617138,0.7246034094023929,0.9905045409030614,0.9881637558205152,0.9283537586276662,0.9043351492105356,0.5701535462876104,0.8912530458982633,0.661975711970513,0.6517745672094695,0.9659818590234058,0.9696356960647436,0.9470845959844024,0.9762692908226356,0.9669705177023584,0.980005687735636,0.9516510405634562,0.9483407944790024,18381,87,8,10.875,0.004733148359719276,0,1
140_MSL_id_1_Sensor_tr_530_1st_630.csv,0.977010935065947,0.5099381291903005,0.9888398897952216,0.5099381291903005,0.9999010791718902,0.9994890329595656,0.9999883560251166,0.8163538544020601,0.7389006363701569,0.7493859174547373,0.9747211586358012,0.9866302970058748,0.9995848702326168,0.0,0.9888496939526707,0.999968359854942,0.906071474761474,0.6687431572972883,0.7930654157866383,0.5098570157404487,0.505854280266886,0.6262106304835026,0.6355916306484213,0.6619692403637184,0.6282886345194595,0.5875312587351694,0.6740151843408102,0.7203985862036828,0.5951510078805027,0.639520552208936,0.8232494972647368,0.8193803360447842,2430,121,1,121.0,0.04979423868312757,0,1
141_MSL_id_2_Sensor_tr_500_1st_550.csv,0.63667642883234,0.7139535252532596,0.9112742083509424,0.7119423580222485,0.9902414869510588,0.8223353181132635,0.8673051314706037,0.5438197563922835,0.5662447871559628,0.6330831421518481,0.75852355624398,0.5636839804862603,0.7612973407138122,0.9067861796331288,0.8017189251975354,0.8416986269056662,0.728201984961491,0.7375618705082357,0.6366653197886372,0.635015154522463,0.5262324390337177,0.6464167443134688,0.5311850559645026,0.6557610041847357,0.851983555709151,0.8002977408534542,0.8650107654979498,0.7697904529121656,0.7333151738760724,0.8189973701324557,0.8544885287719911,0.8534063903356295,2264,312,2,156.0,0.13780918727915195,0,1
143_MSL_id_4_Sensor_tr_980_1st_3550.csv,0.1670649849548441,0.7198450400196965,0.5070157357766082,0.5914957854939727,0.9770760283525992,0.7332590761657214,0.8238780588519907,0.8987382283333428,0.981718689005958,0.9430524430121991,0.9999862732286277,0.1450487026680623,0.7313449271672267,0.6120024718673351,0.5371856899623543,0.3384495942051704,0.8852926577695222,0.9609582470205222,0.8827309254783119,0.8585079421897548,0.4478210018897866,0.8759919968408992,0.9999967925891606,0.8052173623254373,0.8648082948409379,0.9701945880134948,0.8743018795439874,0.947224947270512,0.8930409879398319,0.9550206876293386,0.9713356313649536,0.9709856288548524,3922,151,1,151.0,0.038500764915859256,0,1
144_MSL_id_5_Sensor_tr_1525_1st_4590.csv,0.972018137140288,0.5045844619916161,0.988334790122087,0.5043554663778667,0.4360408918336758,0.9779836427296504,0.9997010099891,0.347127049178067,0.7402330431494757,0.6586305480831908,0.3411767239666287,0.3422215951826262,0.9048557892970291,0.6665712614271861,0.6665854047789442,0.8061725385336569,0.5798836036945297,0.7117140518752738,0.6089637378881315,0.4952930163260229,0.700935615063676,0.6395658483414907,0.4457372519312224,0.7451777365236804,0.4504746307645458,0.5332820846682192,0.5109241963972652,0.6424130570749877,0.5958820269450942,0.53143518462064,0.4635733975263472,0.4659275844528177,6100,131,1,131.0,0.021475409836065575,0,1
145_MSL_id_6_Sensor_tr_530_1st_630.csv,0.9279121947228124,0.7076095894316358,0.7561257425945674,0.6051373765244424,0.8373171951091718,0.9899484284178596,0.999841808773627,0.9941360565127192,0.9078536086399476,0.6314738129497546,0.7712023275003534,0.9253324031777213,0.874375760276084,0.8703382998387618,0.9790021616179984,0.999877622529266,0.8904306664346574,0.8804614337410925,0.7904756368771392,0.8054113554776068,0.7008034471789428,0.809240403901513,0.7947067018038485,0.5744133653372934,0.9077507526254478,0.7697812478162257,0.9142572274507076,0.7593356553027704,0.8582918829139157,0.8782949481088456,0.925473031742979,0.9257402977021806,2430,121,1,121.0,0.04979423868312757,0,1
147_MSL_id_8_Sensor_tr_590_1st_690.csv,0.7650906617820752,0.8803100915679429,0.4774578662497123,0.6706784651701997,0.8650201204649118,0.871218472232549,0.2859044015369045,0.6511775571679855,0.6820018557372342,0.5250083549853217,0.5107692633273268,0.7719964498197306,0.7719139428962094,0.776210470162557,0.7658502074381497,0.7327554193054329,0.7493626680811294,0.5717647035039234,0.5249117257728166,0.4787659366834645,0.5126374162777673,0.4951625665135016,0.4676821679529994,0.4481687214757503,0.7736319535316158,0.9106103326833164,0.7200483734104158,0.8276735880797313,0.6188350469940272,0.8829710423070077,0.8886558845050198,0.8893635685415793,2430,252,2,126.0,0.1037037037037037,0,1
148_MSL_id_9_Sensor_tr_883_1st_1238.csv,0.7055798911378564,0.8308099831233446,0.7163147749096214,0.675584664136995,0.9018142201453438,0.7568768706747949,0.7457326479197596,0.8311263910391745,0.901020701753932,0.8068691491994185,0.9622182021329476,0.6704763707239931,0.5666427271181117,0.5153530400173383,0.6804616478166512,0.7235583602202719,0.4553175480625083,0.5940510855179896,0.7375318120929626,0.263543843228559,0.4069108895899628,0.7907750773789802,0.4162660362497746,0.3600760374161259,0.7845377369078339,0.8268416525264332,0.7374664363229431,0.7061848679951365,0.796380224392681,0.8140191909218415,0.9785778658739094,0.9803741880141256,3535,228,2,114.0,0.0644978783592645,0,1
149_Stock_id_1_Finance_tr_500_1st_7.csv,0.9178505932653216,0.9998084006003032,0.9225690120785598,0.960354134088902,0.902866309019782,0.916960800315036,0.9029623082592748,0.89193462602504,0.9124730556494428,0.999965233545129,0.9224581919246316,0.9079685071922106,0.926615946878318,0.9646356548580726,0.9229554401662144,0.9126854419802122,0.910733105503426,0.9994992718830732,0.9680042219336014,0.9660606413936592,0.8713135981138472,0.9525342794938392,0.8936636887851134,0.9681703799258864,0.9676874894534536,0.9691220450307236,0.9644114608691968,0.9998624064607876,0.9986272425098272,0.99940806691074,0.9438937602815444,0.9438412994644164,20000,981,931,1.0537056928034372,0.04905,1,1
151_Stock_id_3_Finance_tr_500_1st_62.csv,0.9293924969041488,0.9998182367930586,0.961097838064546,0.9661782143535906,0.9092508538892262,0.9375022486317084,0.9068983455826376,0.8956413018099066,0.9090588841014474,0.9999139731021174,0.9198224897205348,0.901337671883944,0.9528013569960022,0.9582060442885082,0.9241636019843288,0.94615233056142,0.915264531152353,0.9802231711612645,0.968675753173858,0.9650866430003996,0.8765629139663411,0.9569832892136232,0.901844178124262,0.9684791832190578,0.9676532529699972,0.970737335261246,0.9668106082443148,0.9974471407112734,0.998632071581968,0.9996540229612524,0.9489957820436544,0.9486311763818548,10000,487,463,1.0518358531317495,0.0487,1,1
155_Stock_id_7_Finance_tr_500_1st_18.csv,0.9681469710631658,0.9998907846571954,0.962666620136206,0.9809673534937284,0.9499295118149522,0.9614690506306264,0.9480927125421724,0.9418888361717436,0.951213852294596,0.9999847876825814,0.9565572954382962,0.9588275158017572,0.961003709189332,0.9816005049127342,0.9587321921203216,0.954016828090818,0.9561054600335598,0.98797491499014,0.9862166247928482,0.983480464272408,0.9401122715036914,0.978796972879426,0.95112071913128,0.9826469215399316,0.9847478604117208,0.983966494477662,0.986539710305801,0.9997280577362552,0.9994467214775856,0.9997308800178109,0.9752346566424782,0.9751170914315284,20000,973,924,1.053030303030303,0.04865,1,1
156_Stock_id_8_Finance_tr_500_1st_24.csv,0.5963751824641488,0.9994115429651308,0.5988290746656447,0.6248467603982254,0.847973904879386,0.5585406781404473,0.5032029391688662,0.5024780789580278,0.8285997557017332,0.9995779297379918,0.911704344052512,0.5740399301514828,0.6291649656495808,0.6204251975325167,0.4514260495924121,0.4860313631466772,0.4815529719758415,0.8942059604149292,0.6619361645989951,0.5986148529901063,0.5139019724954956,0.5983704794886481,0.4959195864851675,0.5879884857947123,0.6413880732942159,0.6301559830151252,0.6563932752579695,0.9826280792225608,0.9853284347010814,0.99802404052664,0.6383295294552804,0.6366042648991205,10000,485,457,1.061269146608315,0.0485,1,1
160_Stock_id_12_Finance_tr_500_1st_14.csv,0.7664169112632395,0.9996200042855778,0.8333965594676916,0.9112188308838004,0.8449710828035304,0.7669310585823529,0.7483510212101504,0.751487821002073,0.8166733875193568,0.9999122218318534,0.8772953334853949,0.764033827425735,0.8289247524182469,0.9119185512678308,0.8131725932769451,0.7907231779572731,0.8142597415151451,0.99857139789904,0.9247663060906476,0.9147073639441198,0.7262022599703041,0.8862835799168359,0.7628010323687328,0.9365911351060852,0.9237274485127804,0.9203772453181716,0.9184517051882822,0.9979810273089048,0.9978318648211988,0.998344204544054,0.8702687780626271,0.869527764620197,20000,981,934,1.0503211991434689,0.04905,1,1
162_Stock_id_14_Finance_tr_500_1st_4.csv,0.9674281579004976,0.9997882806074148,0.9750780400365956,0.975876266679154,0.959961138646613,0.9692463591131693,0.9559555398043516,0.9559283005200028,0.9610678495580246,0.9998848769304604,0.9654720744251598,0.9616389423326596,0.9741587095514987,0.9721997144449404,0.9742543262976152,0.96571642515909,0.9685422615341158,0.9989268665602282,0.9785141999242402,0.976385495121101,0.9522571988540708,0.9750344322850676,0.9574606362293664,0.9769141837779072,0.9782562525710504,0.976889660363594,0.9763194357799848,0.9986749924333338,0.9988532444847502,0.9989968631330868,0.9727632026972768,0.9727250422086356,10000,1380,1199,1.1509591326105089,0.138,1,1
165_Stock_id_17_Finance_tr_500_1st_7.csv,0.9853099654869232,0.9998004748341472,0.9852181699527172,0.9875795591203376,0.9790748844103248,0.9825274971261458,0.9781158009794642,0.9773195628005664,0.9800808562047612,0.9999921424010332,0.9809407950511602,0.9802059364013632,0.984209610312386,0.9878424440235228,0.9837546086873828,0.9827150212207636,0.982911196570726,0.9998320564902872,0.989798528733592,0.9881010879850388,0.9771486938453918,0.9866732825538874,0.9802503931420996,0.9883473661170284,0.9885544039827524,0.9885354905408422,0.988139720882777,0.9998952569370624,0.9997212173642096,0.999808689604092,0.9853508550056548,0.9853120739946246,20000,2798,2380,1.1756302521008404,0.1399,1,1
166_Stock_id_18_Finance_tr_500_1st_18.csv,0.9323983480921214,0.9986677341573348,0.9278787548402592,0.9389186366014122,0.9173833531565864,0.9296035239003828,0.9153898373697612,0.9091554761970196,0.9145917040813752,0.9999670400355862,0.9260449778483276,0.9280568014750514,0.9153882625129998,0.9411724290921532,0.9212051656371512,0.9130539254843228,0.9195374770530348,0.999649194457334,0.949371145710316,0.9396015159039112,0.8861671617878655,0.9325423933098684,0.902980324007886,0.9416899604313824,0.9436938613437128,0.9436795231865384,0.9465276995941468,0.9996844559429778,0.9989822280367356,0.9992412039201533,0.929586369320219,0.9294036318204092,20000,2797,2401,1.1649312786339026,0.13985,1,1
169_Daphnet_id_1_HumanActivity_tr_9693_1st_20732.csv,0.5936154266002037,0.9226782059398791,0.2904313895668792,0.5874262446509574,0.9500173485867744,0.1372455939151711,0.1078472612654568,0.144740903500307,0.8606316463679634,0.6043552359268061,0.8332012410740111,0.4342175067416523,0.546457056134245,0.3570416674003107,0.1486232845863908,0.1691074519700015,0.5989045198427996,0.9317515842596774,0.4285280502350618,0.4259954764872078,0.5131386651175424,0.4511699699392258,0.414823707369657,0.244024108454077,0.9311195161838424,0.936259704859442,0.9283008771105232,0.9358827430710122,0.8988216447863311,0.928698754318102,0.9531717076605328,0.9526553976043748,38774,2306,6,384.3333333333333,0.05947284262650229,0,1
170_MITDB_id_1_Medical_tr_17675_1st_17775.csv,0.7497394290081225,0.6287731410222097,0.8415543911613723,0.5033954550075076,0.5170954786118545,0.9344070014602934,0.9951887280038088,0.9525776949697472,0.9633514071470788,0.5942767080727539,0.6397367982135641,0.6738989909107372,0.6027606858235943,0.5413315884281895,0.6290954417233285,0.6069277676031987,0.5576491450514205,0.6330421443226635,0.5944792525621582,0.5271637737643463,0.503342424355884,0.5257457439303383,0.4687035795249025,0.6401645668996602,0.6329126464626514,0.6059923193127191,0.6179262430969173,0.6061809759647486,0.5940414867549525,0.6101544657721654,0.6612885786462145,0.6676164084743871,500000,22845,49,466.2244897959184,0.04569,0,1
171_MITDB_id_2_Medical_tr_50000_1st_88864.csv,0.9488271965019978,0.7934156132609278,0.6569407262666773,0.5000162848515329,0.9723917494698436,0.8109052044630228,0.9974307397065468,0.9890303701841427,0.9905667871443636,0.6344329920591306,0.9670186554003188,0.9297732064853028,0.5431138867575168,0.3541661769546418,0.7210729453049611,0.8192366711735851,0.7475421587317516,0.7621799966656417,0.7420639038953114,0.6005295531729089,0.5989378468264287,0.6003932472377241,0.69725190232469,0.7950274144380828,0.7479134504751237,0.7614854347202801,0.6424814163487556,0.7451693410234379,0.592996365381629,0.6931971925721857,0.7412481727249761,0.7805188611482997,650000,19657,42,468.0238095238095,0.030241538461538462,0,1
172_MITDB_id_3_Medical_tr_27274_1st_27374.csv,0.6797463210293933,0.4618093322228086,0.9078908156879084,0.5013845191985832,0.100881025190828,0.986524150964852,0.9561724661737692,0.9503938895042736,0.9798697044584034,0.593057538657152,0.1062894786851477,0.3021684917750102,0.9176200807408654,0.7330863341130812,0.987757250693682,0.9565620960901332,0.5525381951064899,0.6434950713943852,0.5912839256364406,0.4587486825284286,0.4885124914933526,0.4622016487059777,0.4835661347842764,0.4193915828417681,0.4406651524234758,0.4433743177262463,0.4650644269633157,0.4527664362472816,0.517392792349616,0.4711742186084578,0.4192184068868576,0.4455869008958072,650000,18109,27,670.7037037037037,0.02786,0,1
173_MITDB_id_4_Medical_tr_13620_1st_13720.csv,0.8816394341726669,0.657098090763646,0.669542819147414,0.5103873171823917,0.5441107917689054,0.6808969979837732,0.909411210969037,0.8382143492315077,0.8526360057828761,0.5872055722352731,0.5948490616799624,0.878182638800719,0.5171156110629921,0.7196875607376784,0.7717698514885201,0.5329257104067667,0.4748108428368584,0.6640140686487853,0.6120700094171535,0.6212172580396322,0.6505829835670082,0.6301451554097829,0.5769453480239096,0.6368190722449805,0.5315555345864383,0.5011027364022971,0.5291873925361767,0.5636978997300289,0.5597871934977998,0.5345332983630292,0.4929501979987993,0.4953458993156234,650000,66682,199,335.0854271356784,0.10258769230769231,0,1
175_MITDB_id_6_Medical_tr_27274_1st_27374.csv,0.5169459260995823,0.5774348668825733,0.8588554855294585,0.5013692300313587,0.8836599877308916,0.9240122423649432,0.9450018549860604,0.9397117643824574,0.8987768787713758,0.5758469140625269,0.8883652060547388,0.5183310742068673,0.539786430188741,0.562104302197755,0.9895813188794532,0.4371060409038689,0.6100309783244475,0.5679739144637955,0.5709083122814383,0.608348902562626,0.5152780614529657,0.6079872365569069,0.6372055993982066,0.5683558177170849,0.5600865156216479,0.55445348158683,0.565921161645066,0.5748601700579847,0.5523783846599748,0.5728564698096444,0.5421132557905578,0.5422021085341683,650000,18109,27,670.7037037037037,0.02786,0,1
176_MITDB_id_7_Medical_tr_6232_1st_6332.csv,0.8511516998353644,0.6962893897537078,0.5842521329109903,0.5046503755337617,0.934638431267571,0.7181810830834279,0.9983182655172812,0.997062412935186,0.995266183523102,0.6289601844262531,0.942053806698528,0.5836405780821223,0.696358379759734,0.5186046393827327,0.8940290818333141,0.901255074633008,0.8094529657245348,0.743377435970625,0.6475502920901273,0.7051372308234469,0.6224613273431892,0.7183158352946493,0.8302893647633595,0.6786601624147961,0.5980395759740139,0.6363575297447219,0.590087245303404,0.5703905930192583,0.5877350729742592,0.6229582805696179,0.6107779185787419,0.6193305538409639,650000,38272,144,265.77777777777777,0.05888,0,1
177_MITDB_id_8_Medical_tr_17675_1st_17775.csv,0.8222742741025285,0.665754426163923,0.8379385600534056,0.5040076058229892,0.6765014915870149,0.9697838907489128,0.9969686179815144,0.9966939077406676,0.8604012441598754,0.6298825706248087,0.7707888976416126,0.8020570204067592,0.6165104449656351,0.5488768691707728,0.780333078294127,0.7668862792805333,0.5466119069891509,0.6575771157854473,0.6124787058942438,0.5484077122511613,0.5614021104615101,0.5519104870231875,0.5392936582422757,0.6532980979239751,0.6552525980119075,0.6505481023564526,0.618123815358615,0.6721078980275123,0.5983062347372432,0.6395340461686271,0.6829851678089292,0.6852859119603442,650000,27124,60,452.06666666666666,0.04172923076923077,0,1
178_SMD_id_1_Facility_tr_6000_1st_10609.csv,0.5041187614902924,0.5425077819947125,0.6949781405251494,0.5025632951845966,0.620814967000948,0.6732622241505677,0.6619751019392465,0.6289095730663579,0.657647988812387,0.6854763347986691,0.5384510030068793,0.5162229164379382,0.7189476929228189,0.6818070117487677,0.6857243600747698,0.690142944717517,0.7133440364972888,0.7969827069771378,0.7336799182392465,0.4717909070104528,0.472948332608871,0.6063599686476536,0.7151629505372961,0.4585478555724027,0.7844771158122426,0.8060557486948121,0.776495809645319,0.7031654088647922,0.6982976980543742,0.7149620160275924,0.7868476293758366,0.8379479229434882,24000,427,4,106.75,0.017791666666666667,0,1
179_SMD_id_2_Facility_tr_5925_1st_17580.csv,0.8626626517697855,0.7570713452662858,0.4265771640201806,0.68375901869959,0.9996841015013754,0.8969701405094025,0.9605432677367642,0.9520690414548868,0.9871757968848304,0.8787174782000017,0.8087079030936507,0.8852723249698913,0.907566516789574,0.7704741040464017,0.912991285585268,0.9532899578388518,0.8605671842151817,0.9616766810838788,0.9339491864079816,0.6342170094762261,0.4353654674018937,0.6252420165997365,0.9905150498952012,0.6149301268692106,0.9494911054766878,0.950568932868193,0.9500035636656564,0.9018907245870686,0.9102366875478116,0.9300341417768953,0.9998656412119306,0.9998909270733448,23703,161,1,161.0,0.006792389149052862,0,1
180_SMD_id_3_Facility_tr_5925_1st_17580.csv,0.9307427595541248,0.822446415142772,0.9148899792327482,0.7106145177237889,0.9997311980288792,0.922626411215444,0.2053216618149118,0.2957611658619538,0.7074200237587194,0.9936085849596544,0.9058620503659156,0.9311814017602632,0.9688102112328816,0.8611206362245122,0.934586997116158,0.95828956546563,0.9565045786883744,0.8059645167302998,0.9228548312240394,0.7538018983352958,0.5000439403092911,0.809836396615416,0.9997750256940028,0.5620153624467086,0.8690673957254984,0.999091801777049,0.8699099479610203,0.969760820504726,0.9435468649772852,0.8801167760017994,0.9997782189926108,0.999777186303836,23703,161,1,161.0,0.006792389149052862,0,1
181_SMD_id_4_Facility_tr_5000_1st_15144.csv,0.693279860499046,0.97042903556781,0.6027960659118669,0.6028733559972719,0.9334906822084016,0.7261913294467778,0.6672446391308318,0.7032428242948264,0.9682039371789368,0.9317704997845406,0.9846994141179632,0.691238541607423,0.7031980825835284,0.6545454729733569,0.7357061164487223,0.7650145293934583,0.5407926295736772,0.9575329087460496,0.973546439216788,0.0525034692557134,0.5021028789661015,0.9736964354804404,0.7628034024834837,0.9666328794607316,0.9496508719352508,0.9469539837562484,0.8902821909272106,0.9313958756388908,0.9428181360568876,0.9420975008268356,0.9717532672049872,0.974146520302302,20000,908,3,302.6666666666667,0.0454,0,1
183_SMD_id_6_Facility_tr_5925_1st_17580.csv,0.9301799093140928,0.8403054354568116,0.8587330496590105,0.6680766465555724,0.9957129683764046,0.998096944876642,0.9945742024576224,0.9999318833453787,0.9929678732336568,0.973453670460754,0.945478022792602,0.9374995702619204,0.965251797694226,0.9857063514245852,0.9972821315474292,0.9998721445491568,0.9035401394581776,0.9709255482272916,0.9871419867835868,0.7013883485565433,0.6611668746023959,0.7724473741072403,0.9946300644381192,0.728184493129058,0.9959860801900632,0.9857050715769216,0.9950278666390292,0.9417850897969188,0.9892047994800692,0.9908949189070008,0.9998986295974384,0.9999147657760756,23703,161,1,161.0,0.006792389149052862,0,1
184_SMD_id_7_Facility_tr_7119_1st_15849.csv,0.755417412171192,0.6148419132101074,0.59338780147674,0.5200741685246032,0.8641880432430948,0.741827882434709,0.2963358894259897,0.3225469471873656,0.7550101684527618,0.7125417601978787,0.7359123651754311,0.4875029236065163,0.5093630582319041,0.4629952280561267,0.2321174827988237,0.2173252523641622,0.6211435535699315,0.7455777570703069,0.6243263664484162,0.312385700694691,0.6746791838458007,0.7528935351154182,0.9346888984063988,0.3236308255953873,0.7582127932382832,0.7615774762705205,0.7783003631798004,0.7113753899131268,0.7339317006362093,0.7366133180227342,0.9012741463884164,0.9037692263914516,28479,2694,8,336.75,0.09459601811861372,0,1
185_SMD_id_8_Facility_tr_5000_1st_15144.csv,0.60255570195052,0.9646923964017003,0.3772885675211662,0.6964710989119263,0.9371780125056658,0.1915723475670206,0.2424956118417101,0.1837321296786195,0.982792673198784,0.8438277466538262,0.9836300403289892,0.6932483080028164,0.3232392008109471,0.1163222410942872,0.1938062569001152,0.1455690656122481,0.4825728435661334,0.935492273172548,0.973260350625671,0.5593150758955177,0.9484200250145964,0.9731155461896012,0.9830577812765132,0.9702413031347088,0.9319157580611664,0.9317732926139476,0.8895571185794379,0.9117822951093696,0.8475351827653897,0.8611720676025698,0.973177971729244,0.9742138127064036,20000,908,3,302.6666666666667,0.0454,0,1
187_SMD_id_10_Facility_tr_5000_1st_15849.csv,0.3850584274192947,0.8001399800349052,0.3399743727010792,0.5509825075619574,0.8712850966255247,0.2925224100472289,0.2662948105912439,0.352845263586291,0.7465021063459216,0.5690777259750064,0.8291561261080806,0.318483304475012,0.3979296542172655,0.2782132507373799,0.3086377950239123,0.2599455780616253,0.596398322797109,0.7440161932066904,0.683387540081001,0.8103519702681931,0.502690478240378,0.7631780122554999,0.7942954847566274,0.8268235970845226,0.7077983208467191,0.7659094588799414,0.6446551382235619,0.6378476131617686,0.5835534056647955,0.5851135988226152,0.7222057731079712,0.7132381506094757,20000,2190,4,547.5,0.1095,0,1
188_SMD_id_11_Facility_tr_500_1st_392.csv,0.7018477617105776,0.5712355207361611,0.6546506865401313,0.5005420871208903,0.8021556385048143,0.5755011750333554,0.7514634646658126,0.5772077258542118,0.7185460769731298,0.8782114486494907,0.7117361006501586,0.7014039922506549,0.7184447551131946,0.7369911773823005,0.6513323372513423,0.7872626726074979,0.8353826838506243,0.793162831726331,0.3948424165840178,0.1899601704472809,0.500491137624524,0.5879115400499312,0.0453918768037958,0.5867480896722266,0.7142887072991343,0.8210282309717446,0.759714474627787,0.7958290269946772,0.5148437330107033,0.5736058612121687,0.8925564409219628,0.9038307404506896,23703,817,12,68.08333333333333,0.034468210775007384,0,1
189_SMD_id_12_Facility_tr_5925_1st_17580.csv,0.6316011641403116,0.87168845928802,0.445270869275007,0.679895954257892,0.9995641464562438,0.6805039074474283,0.4344253475954365,0.3625585202484861,0.9876369865378916,0.8594060092422563,0.8928226807051527,0.6597711907985601,0.8656808129876287,0.8352215155916043,0.8105113391770569,0.9025074322519022,0.972507383402239,0.9543119845420872,0.7537390967731971,0.7203596591950991,0.8873378064110096,0.8483506087809548,0.9992223585081436,0.5940825902334615,0.9131803517574494,0.9834613386741602,0.902033542986488,0.8748033334797181,0.9042554586505648,0.9339844906474364,0.9995729520819876,0.9996205714397703,23703,161,1,161.0,0.006792389149052862,0,1
190_SMD_id_13_Facility_tr_7119_1st_15849.csv,0.3237469673588883,0.6447289119948484,0.6488975141501416,0.5212330135450254,0.9152705963183582,0.3899678947345707,0.3569264247026666,0.3569903887192172,0.6834412382587546,0.7395617850970053,0.8318796575369437,0.2838516177320067,0.5378226805704617,0.516901270809907,0.5031015261448408,0.4863738319069933,0.7829445650451444,0.7533661664823822,0.6611655196926233,0.419628611781247,0.6931937313630993,0.7566430762227772,0.8445195819231978,0.5449360374698364,0.7505147567560202,0.8015260210475292,0.7664973345373135,0.7267806997712781,0.7478078825207434,0.7595569020318118,0.9112300557099616,0.9140000693496696,28479,2694,8,336.75,0.09459601811861372,0,1
191_SMD_id_14_Facility_tr_4596_1st_4696.csv,0.7690839017005291,0.9778167028182412,0.7880202655337418,0.9153676502634752,0.7685643876788695,0.844773174607089,0.7957369631289162,0.8076216934279904,0.8730285197209118,0.9730930193631212,0.8212337215573563,0.8397138520432346,0.7860242972565453,0.9088082958138254,0.8137537265185909,0.8114012601226916,0.8033420118091309,0.9603875448288696,0.9929627745120816,0.211072777289424,0.9201799446077052,0.9910087892257068,0.93888240759252,0.9853879797771066,0.9459276576389516,0.9685604907347478,0.9447185387864292,0.9635457069032444,0.9584902221026323,0.9831235772016982,0.9997365711285806,0.999714226253934,22700,146,2,73.0,0.006431718061674009,0,1
192_SMD_id_15_Facility_tr_5925_1st_17580.csv,0.901856113257924,0.9280644503118616,0.6471781950481403,0.6047165792318789,0.9994913891323176,0.9781643225590244,0.219922390627174,0.2286549085530197,0.9709577171930256,0.9746915094988275,0.9563959460210744,0.768424255469413,0.6293410841009062,0.5537537983768382,0.6245828794023557,0.6538332996456713,0.737100634677481,0.9935445414342998,0.994654135166812,0.8406374673637398,0.5031402400736694,0.9085443302093232,0.999756828696024,0.651989351823164,0.9881104174309387,0.9795645318860444,0.9226298321931624,0.978687465703488,0.9455284067698376,0.9646034437966016,0.99946469923151,0.9995139301018656,23703,161,1,161.0,0.006792389149052862,0,1
194_SMD_id_17_Facility_tr_5925_1st_17580.csv,0.6767601885504382,0.945027935897018,0.2932910168470592,0.6917944883795151,0.9995180611059942,0.5454263510035728,0.6401128982164958,0.0231170146877381,0.9615215957392252,0.9430230403327188,0.9957760581721544,0.6833103233842792,0.6882510656692195,0.474039917976482,0.5404311478302847,0.314606258486207,0.5598116353782888,0.9827477943357504,0.9105276875125352,0.1214206866586024,0.9492320500856872,0.9591300769265912,0.9993572415389518,0.6522368772310275,0.9755785904729576,0.9970650235126796,0.9529547624971516,0.9659598019216098,0.8816060461699029,0.9087976227941452,0.9992432277404304,0.9991417200377614,23703,161,1,161.0,0.006792389149052862,0,1
195_SMD_id_18_Facility_tr_5925_1st_17580.csv,0.7906358222232212,0.7971585979974921,0.4042681730010412,0.6163965210929366,0.9996495117033832,0.7789556487242714,0.4418124744470148,0.6872422157041677,0.9822821157330578,0.9301718503219532,0.910643520518328,0.8068171602951733,0.823752618525612,0.9870503721090336,0.7986333814177965,0.805992549777765,0.9109249816309664,0.9698159962441564,0.9867463309624536,0.2500888704999046,0.5001169531137075,0.6892970971740741,0.9997859455689768,0.5837036923867559,0.9929544972981416,0.9829088165911184,0.989078996875858,0.937267134714796,0.9842956035546154,0.990933024030836,0.9997489867092246,0.9997935889878083,23703,161,1,161.0,0.006792389149052862,0,1
196_SMD_id_19_Facility_tr_7174_1st_21230.csv,0.9044066774375472,0.6836786263400965,0.8535720154587062,0.7034276641415961,0.8971036666996286,0.954299038031622,0.6445269605461119,0.9490070897477364,0.9486201927154356,0.9061150364467616,0.530505997042659,0.90855537091832,0.8519145986971093,0.8936757551628128,0.9496775692998528,0.9772877757026264,0.6358931782176509,0.9450533848866088,0.923006798964119,0.495161377647119,0.6291061885974002,0.545397378914576,0.9827905674525091,0.6028041522884257,0.9466912106773304,0.9593366789615424,0.9220585094894724,0.8636109530097721,0.7161645613465137,0.8808968522488662,0.9907082108441,0.9913029317687504,28696,192,2,96.0,0.006690827989963758,0,1
197_SMD_id_20_Facility_tr_5000_1st_15144.csv,0.7317482703167102,0.9699936273790472,0.4993293017472234,0.5969790585022212,0.9355660796353942,0.6687832802695135,0.5485178556718363,0.5503257305884599,0.9521698607784084,0.9258611051860394,0.984327029928256,0.7455766112830039,0.7066857848980402,0.574030080463699,0.685529133631174,0.6773658367201707,0.4796886468832455,0.9433513399149888,0.958677375144543,0.0888411819359709,0.9489005299610056,0.9726308659135632,0.98361045211861,0.9657808675172984,0.9493871660273064,0.946871773486578,0.9390474898712864,0.9343473202433183,0.9425817359996184,0.9413520575329484,0.9718024022411677,0.9752417357214076,20000,908,3,302.6666666666667,0.0454,0,1
198_SMD_id_21_Facility_tr_5925_1st_17580.csv,0.95403623386169,0.9721733962411668,0.5371071111683887,0.8587546694381113,0.9997009953593085,0.9170820270441612,0.8703531840274196,0.7347757220917644,0.5874676364482613,0.979273684201686,0.9986341337130784,0.939239195230194,0.785311104692498,0.7793729772417631,0.9204247269792684,0.9825707838085947,0.9466478210208908,0.9718166042689532,0.8248589902508029,0.1956889378537789,0.919719097306688,0.8195568110373286,0.9991445537178965,0.4584345859845783,0.9936926645198608,0.9940069393334507,0.904241262905814,0.9812483318018014,0.9765281557148237,0.9763084268581008,0.9980836974471882,0.9981915050679452,23703,161,1,161.0,0.006792389149052862,0,1
199_SMD_id_22_Facility_tr_5925_1st_17580.csv,0.9201952234062314,0.818877073064659,0.4153596723665666,0.6787947443619587,0.9995136718210385,0.953581674936845,0.8042176566372725,0.9343498776732414,0.9993549836731124,0.8644692732535545,0.8372090546321186,0.9069875382206636,0.994582428887342,0.9990680903590562,0.9984870667334852,0.99977025137652,0.7859250220051733,0.9399491365367468,0.9223857391455174,0.1896064417140924,0.5000184945812033,0.7656904316419619,0.9571106294690146,0.447110374308474,0.9526497692175224,0.8810259475035985,0.8822367496036283,0.8966044371457119,0.8907190955065682,0.925940931413446,0.9993519721991142,0.9994010788397528,23703,161,1,161.0,0.006792389149052862,0,1
201_SMD_id_24_Facility_tr_7174_1st_21230.csv,0.918253209364826,0.6325860379815805,0.87002976980138,0.7202366285033845,0.898198005648799,0.9549171739190816,0.9518332541447072,0.9399799410225184,0.9305780724545828,0.9178154315359656,0.5151716425233385,0.9159853821655805,0.8744940794904286,0.9124425944707258,0.9500584068118656,0.9697454881925603,0.6007525248064621,0.9624289959110252,0.8692370767075278,0.5063263539387167,0.501238468739551,0.5094949445041321,0.8193997810822132,0.6674996867059296,0.9378116824339764,0.927929948185836,0.9143050957969232,0.8458751391608761,0.7268261482586871,0.9095071300495332,0.9697714278152544,0.968872260673664,28696,198,3,66.0,0.006899916364650125,0,1
202_SMD_id_25_Facility_tr_6250_1st_21230.csv,0.8648503300070894,0.5494614444094935,0.9317325722819276,0.6884571193311598,0.8389065244269917,0.9844788988661032,0.951162177436464,0.5974409497535796,0.979934784062274,0.9283534853372688,0.4571969080325907,0.8728336257518763,0.8384003997755826,0.960598733862442,0.9795355384383848,0.9886973418791954,0.5415270197757664,0.9961361640667304,0.9059089793106972,0.5812145049315919,0.7326871387788428,0.4590330301075264,0.9939845050820176,0.7196119778110751,0.9748282116766672,0.988725347105142,0.8820009706990388,0.9058468196961984,0.7436318806939957,0.9298357097016124,0.992974239772832,0.9942163777898096,25000,66,1,66.0,0.00264,0,1
203_SMD_id_26_Facility_tr_7174_1st_21230.csv,0.6807955082880841,0.537072644339152,0.3574669110199558,0.7671710618987008,0.97056672412093,0.7837331729132858,0.933012852008346,0.7076298902131274,0.970810266056233,0.803567283295328,0.9626713995276126,0.7481484998240613,0.8887121488585117,0.5113615549041001,0.8334290381416829,0.8896782335174126,0.9062437634790576,0.9278464245775768,0.8375402331649974,0.4720844162494683,0.7959538062543334,0.526602942850075,0.9855174035242612,0.5445931637860209,0.9233706873332672,0.948179354828222,0.8889514302439807,0.8303207908439991,0.7551976864701977,0.8593750946820007,0.9663858961006796,0.9690412045485955,28696,198,3,66.0,0.006899916364650125,0,1
204_SMD_id_27_Facility_tr_5000_1st_15144.csv,0.8276949912763775,0.9679742182165104,0.3785957577188947,0.7477069771463071,0.942897101401722,0.2229638058964565,0.1408130547369308,0.2114139878533078,0.9095173215698028,0.8448527798082459,0.986047057160236,0.8739788846152367,0.5467049628408593,0.1005021037796135,0.191931554263569,0.1250728355961835,0.3521607148224657,0.9320179391540498,0.9684416966269536,0.3701914873387845,0.8597404979782343,0.970622193210766,0.9853649608886932,0.9666715152895984,0.9097105790017658,0.9418014051352636,0.8617741689512968,0.8929062873062552,0.8671654203138585,0.8695987506903349,0.9752172364765624,0.9759786085690324,20000,908,3,302.6666666666667,0.0454,0,1
205_SMD_id_28_Facility_tr_5925_1st_17580.csv,0.9229101428695649,0.8478631870808692,0.850598646488311,0.6786133582386853,0.9996841015013754,0.9979460758917588,0.9998729491387068,0.9838499320696712,0.9951424122768284,0.9684187055538082,0.9598436481892698,0.9281582542883888,0.9643884902838292,0.9888130997973976,0.9970100818896778,0.99988097600631,0.919860937631351,0.969431335603539,0.9737991074304332,0.6303527718535296,0.5005661198676905,0.7269975935567952,0.9892662254657324,0.6858281935621613,0.9828885779027572,0.9556618475257465,0.9953338640136612,0.9325751245830172,0.9890000663612466,0.99178700274214,0.9998937811101424,0.9999110364112724,23703,161,1,161.0,0.006792389149052862,0,1
206_SMD_id_29_Facility_tr_6250_1st_21230.csv,0.8231518107722727,0.5972759310469278,0.9542558904372797,0.6046881938783626,0.8218000788422708,0.9729035007808212,0.8866226060426192,0.65630941445516,0.97398199807547,0.899741831968801,0.4663064248804329,0.863411622816896,0.7698874466362179,0.9344576112772426,0.9646024379535316,0.9792189330026754,0.4635430147153361,0.9857893277546392,0.8980568713821503,0.4710159307941619,0.5005344693643843,0.4544037855039676,0.987488398245316,0.6794677215098782,0.9723578662894246,0.950338621480918,0.9625745137992712,0.9134015542231118,0.7151816217388919,0.9296412103410724,0.9962821744440148,0.99602693432582,25000,66,1,66.0,0.00264,0,1
207_SMD_id_30_Facility_tr_7174_1st_21230.csv,0.8861865004665926,0.6048053172960327,0.7005619915324804,0.7948143457340561,0.9573051154715247,0.9288888925623128,0.9361637227188396,0.9451326420279048,0.9966303115589318,0.8494185330102877,0.8936282832803204,0.8697938351647393,0.925054830810244,0.8039302575598608,0.9349832201912032,0.9548953935863786,0.8610829482342884,0.9244015667255696,0.9036483660287916,0.5497818833985375,0.825146405888361,0.5647787021062142,0.997853793554259,0.6488613754550759,0.9484618119354896,0.9950639697570044,0.9364802858304676,0.8365751540520195,0.7531686062587022,0.9052020380984696,0.9869083867351692,0.989453033633155,28696,198,3,66.0,0.006899916364650125,0,1
208_SMD_id_31_Facility_tr_5000_1st_15144.csv,0.6076634395715389,0.9751752939252052,0.2780357083132977,0.6814559272807598,0.9320377418644692,0.2588239075385373,0.1478398449243673,0.363260349791777,0.95971581655302,0.8590230971639032,0.9835111625779432,0.6119521425627097,0.3903639813592597,0.1381481215447013,0.2804269309581054,0.2028895683420216,0.3976329724970852,0.9650939997887888,0.9323655815279224,0.834430059009523,0.9380605714105282,0.9757247803078848,0.9830111075843988,0.9756856224334988,0.9488706219686012,0.9315930594868334,0.909511902296662,0.9333734320428786,0.8508282843828776,0.876683743832564,0.9727580105036926,0.9736032966026992,20000,908,3,302.6666666666667,0.0454,0,1
209_SMD_id_32_Facility_tr_5925_1st_17580.csv,0.5964969070278264,0.8909940567638194,0.4912664841489561,0.7169608164717398,0.9866436845907066,0.5242814546108531,0.4688255401696729,0.4057796573698843,0.967231974900382,0.8232426146020733,0.9621577204693216,0.5798378901328985,0.4286022526596986,0.3431743137439985,0.5351961631963819,0.602829993399575,0.666451840019443,0.8912176947808855,0.8824142853155036,0.8751818389872842,0.6446017595085948,0.9335382608287748,0.999496831761865,0.7078055304120844,0.8264685784185976,0.9086719143153368,0.8245281030591051,0.8268499119410161,0.7760967513748082,0.7920998902078743,0.9930326664141064,0.992495493953897,23703,161,1,161.0,0.006792389149052862,0,1
211_SMD_id_34_Facility_tr_5925_1st_17580.csv,0.5098957534704619,0.9449233966743292,0.0974801849943808,0.6936616807337619,0.9993720515129708,0.4435964963632253,0.1637884408555732,0.2377253818701566,0.964519580650729,0.938291530397386,0.9479078804746128,0.5497689376303337,0.3464837603861985,0.0049360840394683,0.1159053332567321,0.0147805280425246,0.8325139456009087,0.9572662961744268,0.8577468440625384,0.0681462292955168,0.5000307476750918,0.9280682815405288,0.9992540779202024,0.4706252249820143,0.9683116997160364,0.989924832107391,0.950529039505827,0.95203606987235,0.932961355823173,0.9618005168387308,0.9992834850515118,0.9992785380518712,23703,161,1,161.0,0.006792389149052862,0,1
212_SMD_id_35_Facility_tr_5925_1st_17580.csv,0.6744956343112823,0.8504828600201837,0.274108512946135,0.7543816996870649,0.9996203237226252,0.7032494065072911,0.1240273355253439,0.8706946127340328,0.9966976010621004,0.9543262683109835,0.998422324328144,0.6050087212445793,0.8070398622719583,0.7565778269254155,0.7590534634141598,0.7676550530596007,0.932722201168414,0.9693142111392936,0.983254776164918,0.1575410427106983,0.5001627018941693,0.9262706876917972,0.9996995034533832,0.8750156018463645,0.9830237233849934,0.9951338857878098,0.9617494082852348,0.954736761876506,0.9706642751190054,0.9842617924150502,0.9994984018463208,0.9995965952814562,23703,161,1,161.0,0.006792389149052862,0,1
213_SMD_id_36_Facility_tr_5925_1st_17580.csv,0.521535375362501,0.9984853517718056,0.1513515290781965,0.832124982432546,0.9981528540872188,0.3596318345740275,0.3518449402654982,0.5409780211267743,0.9999040657373892,0.9684497011888548,0.999889193483643,0.5653218308766954,0.6053496785609054,0.0334019210699113,0.4080447175243407,0.4684178653873538,0.821309160010775,0.9991499226390006,0.9978448203379362,0.0647016504053584,0.5005661198676905,0.9991778409738526,0.9999204978653956,0.9084141987547492,0.9998542114506164,0.9987564199547824,0.9998057452179264,0.9989875519480528,0.9790066215358936,0.9966565041031628,0.999858090024418,0.9998474615591352,23703,161,1,161.0,0.006792389149052862,0,1
214_SMD_id_37_Facility_tr_5925_1st_17580.csv,0.866014092798619,0.7621776675867028,0.4270534462046643,0.6570593790560111,0.9996841015013754,0.8973525956876405,0.9483461441719075,0.9238184263899964,0.9873473530632156,0.8789406495652952,0.8087079030936507,0.8845077079557555,0.907481947020048,0.7702269929038026,0.912954244820404,0.953212524092051,0.8590985041761542,0.9650843135601692,0.9482470163769308,0.5240401098867753,0.6060992258847233,0.6356539754041515,0.9998535013849158,0.6292961259387344,0.9444351742768636,0.9517206975455202,0.9152332881682996,0.9078067830681908,0.909993914744062,0.9299871322941332,0.9998669235006664,0.9998925796516156,23703,161,1,161.0,0.006792389149052862,0,1
215_SMD_id_38_Facility_tr_5925_1st_17580.csv,0.5506499206470765,0.9363680157359442,0.5572691936489831,0.727479831485997,0.9975917138339568,0.5151555271817766,0.3534043547866053,0.3850900450050195,0.9032075600808848,0.9580431457057226,0.9589009985248876,0.5716086230077366,0.612378316468967,0.6264395447219712,0.5732617252683357,0.5895729615251457,0.8022545089968708,0.984260811025752,0.89400348799536,0.9374804937764776,0.5031540565926176,0.9298151014382356,0.9986736474782104,0.6977176704091279,0.9886130440265216,0.9739288705681488,0.9407278159694192,0.953673255011264,0.9726231715554028,0.9728695543927958,0.998652219799683,0.998967315632461,23703,161,1,161.0,0.006792389149052862,0,1
216_LTDB_id_1_Medical_tr_500_1st_266.csv,0.6653754133590811,0.5557120435658044,0.6596593896998487,0.5136329829832672,0.2135680015002143,0.9712929610993846,0.987692251539849,0.989954560742797,0.9454219613887308,0.6360423923717496,0.3526821209449948,0.5993428473518726,0.7041648322743521,0.6127131589881402,0.9600925057358394,0.9029010266520202,0.5626789103589677,0.5736606284129717,0.5564847914807253,0.5768345041579529,0.5438850507940055,0.5485896482966971,0.4430368796150243,0.5720810022245236,0.4558310674151603,0.5391091988277193,0.4322359349513947,0.5274322614211697,0.5628978472926777,0.544149544048144,0.3122535457288823,0.3117003167702754,100000,14857,137,108.44525547445255,0.14857,0,1
218_LTDB_id_3_Medical_tr_500_1st_266.csv,0.8571322496943697,0.5484995866302034,0.6859926599148392,0.5129419806842584,0.1811050273559243,0.97803830618647,0.9820346426519604,0.9831419421323369,0.8541725074037427,0.6135333874512137,0.3823628032606237,0.841586463062464,0.6723895548236051,0.6436175716045559,0.9334876671495812,0.840917913962659,0.7960818255795429,0.5493331048983079,0.5540284449734989,0.5461190689703155,0.4876279272122403,0.5376397814798697,0.4459185115772304,0.545218698935093,0.3948646126034643,0.4334691244275567,0.4013990994541112,0.5159759235961141,0.5627389894559437,0.536504526087137,0.2604041474375163,0.2601024234186065,100000,14857,137,108.44525547445255,0.14857,0,1
219_LTDB_id_4_Medical_tr_3618_1st_3718.csv,0.9944048905933104,0.7924209759641945,0.7162194473220279,0.5831660262254348,0.9749637172093492,0.9247030451277024,0.9834156648048736,0.8888384319770725,0.9905498308232294,0.7460332201401285,0.988388125809212,0.9942222954414957,0.5930312258456804,0.5900935601974897,0.8941622223183867,0.3464230476809718,0.9993199975748092,0.8365878520537937,0.816580833849973,0.7793782965009577,0.4749077328987361,0.7966555331629328,0.990069547723848,0.8534507288766945,0.7915724686112865,0.8345379539146521,0.7653607957092523,0.8136752192833925,0.7412667807329878,0.7657329174358315,0.8400062396331758,0.8679880761889016,100000,14781,116,127.42241379310344,0.14781,0,1
220_LTDB_id_5_Medical_tr_500_1st_26.csv,0.6327825595609529,0.6590509454317338,0.5329950056203948,0.5337188668801289,0.8074514181402055,0.3553505605982026,0.5181864587481698,0.4028905876067092,0.8628245651963189,0.5959636879267293,0.8037370058000397,0.6517451285942707,0.5846934853675303,0.3450591042288437,0.4383892430237558,0.1664706650350324,0.7572633060214806,0.6351818254127946,0.6604240551817357,0.5747497584885981,0.5824429788642556,0.6594012803981109,0.7625084421794318,0.607729800671898,0.6861951205905199,0.7193519530992453,0.657303278323835,0.6385820264176474,0.5865274566669736,0.6152035489692829,0.7610823363605568,0.7602305776673307,100000,31565,166,190.15060240963857,0.31565,0,1
221_LTDB_id_6_Medical_tr_500_1st_26.csv,0.7921819867872923,0.6478818496235333,0.6347363972636,0.5355043355611497,0.5807273965637992,0.7026154554966305,0.890031902820481,0.9114129293319552,0.7106726232105501,0.615438083700951,0.6249725907861248,0.8377010456615486,0.6076725407026349,0.5686598460229221,0.7392310087601751,0.6428757676120078,0.8151565888052056,0.6772019783232666,0.6524591942866499,0.6275253450118128,0.5221772325038724,0.6475917229771884,0.6400502054373003,0.6420103117774172,0.6326448888074467,0.6284174501018788,0.6178010818800209,0.6308140745887707,0.6005031383160927,0.611804663232616,0.6209168689146514,0.6195329716532587,100000,31565,166,190.15060240963857,0.31565,0,1
222_LTDB_id_7_Medical_tr_3618_1st_3718.csv,0.979634109264512,0.7448382044938696,0.734978133079424,0.5482726255959384,0.9745908182828208,0.8639945436931874,0.9975204030562568,0.9548721042291106,0.9927192082849314,0.8034719653341967,0.9957250502439964,0.9912932638790076,0.6532764326424165,0.6710819620262456,0.8415190179551008,0.792146738550412,0.9993944582373356,0.8138609018185039,0.7598350530097495,0.7458504059079933,0.5730997896558524,0.7429903162975705,0.99625453155281,0.6474478557638067,0.7207251327605644,0.8398381503722588,0.7716696572728392,0.7536925627513614,0.7226093409965747,0.743667700905383,0.9038997131864518,0.9071646930906082,100000,14781,116,127.42241379310344,0.14781,0,1
223_LTDB_id_8_Medical_tr_4456_1st_4556.csv,0.9738635243951864,0.6429523803842987,0.6563776150511218,0.5387658390750638,0.490840883883046,0.915034741557872,0.9980708444418972,0.9958640392979629,0.9949301078176228,0.6592663623312106,0.5138690857899145,0.944583239296232,0.801834910022757,0.6306671351488295,0.9371605548073936,0.9100582249221324,0.9366481131744846,0.7452156151989986,0.7394048062976945,0.6642666654572443,0.4749021415053004,0.6439155759929386,0.4977291735560242,0.5763214940446687,0.584462519847998,0.5190547449741665,0.5536851056485127,0.5597865827229457,0.5862119360164956,0.6031667332979953,0.5130235475821077,0.5172864980764517,100000,16159,100,161.59,0.16159,0,1
224_LTDB_id_9_Medical_tr_4456_1st_4556.csv,0.946691524127214,0.6889000146082189,0.5972511887923437,0.5284514138221292,0.8778159947500793,0.7946640796054949,0.9846770410148886,0.9805129918128144,0.9889309527555796,0.6569571469333277,0.908763036411446,0.946156568519228,0.7543331720119614,0.6977613012018048,0.9184191236351408,0.975015070803096,0.9796966621717572,0.8028725043862968,0.6553727490386593,0.5702494917329852,0.589699122635725,0.6718854465529084,0.8660966259411901,0.6441972596515693,0.6744034778665716,0.7001371609601614,0.5810981366712427,0.6549061852162624,0.6060636256372118,0.6308802026992921,0.7225825505576133,0.738843450661384,100000,16159,100,161.59,0.16159,0,1
225_MGAB_id_1_Synthetic_tr_25000_1st_38478.csv,0.6521035102535735,0.7195448393101315,0.9968944601832608,0.6909030694994839,0.6082358446242829,0.951435514503355,0.6890726629306954,0.547745760996353,0.6226165983556979,0.70551898733112,0.6641956612146497,0.6646142524209757,0.6196500023838908,0.6157436293193945,0.9434340243371908,0.5186836980718863,0.647260780218846,0.7252968408231757,0.7466592601380768,0.5655297863082532,0.6722962513469166,0.6081357853103903,0.5414143837814489,0.583911267011199,0.6366823312917809,0.651963876806263,0.661178592755358,0.6959831288221602,0.6903760625290277,0.6873105731615555,0.6591129006192876,0.6016364902913222,100000,200,10,20.0,0.002,0,1
226_MGAB_id_2_Synthetic_tr_20000_1st_45134.csv,0.620731310803376,0.7220250080445821,0.994865763719464,0.6799270796716363,0.5350791135082232,0.9375629258354524,0.5586682963571976,0.5767877290804174,0.47293084421569,0.6902701142916458,0.5644010136695429,0.530323789342155,0.5955489496592482,0.7534309425773869,0.9422505170463592,0.5831386490731241,0.6709715504772791,0.6530621767894544,0.7294920891377579,0.6734136148846775,0.656264240291842,0.6866951034158848,0.4679298698328549,0.65637049550046,0.7226965051866852,0.655987285615131,0.7156294911444534,0.7248451338158524,0.716551086575401,0.6356707105250257,0.6149138221000534,0.6509389654310155,80000,140,7,20.0,0.00175,0,1
227_MGAB_id_3_Synthetic_tr_25000_1st_44340.csv,0.6800203959457671,0.7085008192414394,0.9553613787624896,0.6757443220719755,0.6509719747804275,0.9588026157635792,0.6119915793220264,0.5800111596813988,0.6074547271251874,0.6927944517527773,0.6916368656130838,0.6263806679445844,0.5129531114912599,0.737788553297371,0.952149024918791,0.6084506277020588,0.6328534792014694,0.6571636219751597,0.8076368371665146,0.6757574003768777,0.7098735933121474,0.6856238532404035,0.600805698542255,0.7165761031777621,0.6730309022508627,0.6838396606584103,0.7115112631681217,0.6944272563655421,0.6684745102312855,0.6569162387767832,0.6620479260088946,0.7298135892747528,100000,200,10,20.0,0.002,0,1
228_MGAB_id_4_Synthetic_tr_25000_1st_38948.csv,0.6574971955733778,0.728441314899871,0.9845075654836526,0.6838319496104466,0.7539860849165418,0.9219346609804514,0.7083099969743324,0.7013317424453828,0.6391295366435054,0.715857407272769,0.668517193102582,0.6749093939255519,0.7192081870316854,0.7512853285517238,0.9618432150353694,0.6872132338362164,0.559988643198432,0.6877725315630269,0.7936511490705551,0.6003101533941207,0.6799564298289226,0.6393156393730471,0.7281943548200686,0.6400608603497941,0.6518240645961475,0.6106163356300889,0.6908346807691075,0.7518842063019301,0.7083449265546851,0.6653426831923538,0.6684450846751816,0.6484810027416311,100000,200,10,20.0,0.002,0,1
229_MGAB_id_5_Synthetic_tr_25000_1st_33098.csv,0.7080403621373792,0.6767209001205826,0.9816434348929818,0.6717781818178729,0.5669292439531519,0.9802425338510335,0.6148657852300878,0.6172126415336777,0.5578021704471255,0.7123841026566946,0.5985780035144787,0.6632613766989907,0.5498595664512927,0.7268180516270065,0.9542754812977696,0.5370166084664824,0.6397129557154018,0.6594128909634004,0.7912934670932613,0.6584714445175401,0.6611017189772161,0.6761187954576374,0.6619620079593289,0.7401371119586682,0.6979196266745917,0.7231734432303228,0.6913388721112708,0.6903301989214715,0.6965507741662915,0.6539362987700007,0.5836816479249093,0.6732838585212232,100000,200,10,20.0,0.002,0,1
231_MGAB_id_7_Synthetic_tr_25000_1st_35544.csv,0.6201156553908418,0.7368619017887249,0.9978805983443614,0.6606770205169198,0.570272941438128,0.9642114390996168,0.5793658162872074,0.5505011356407198,0.5155195986102143,0.7000206660468712,0.6569437280871802,0.6380022479006069,0.6162792989984512,0.6480737683063499,0.9383740832722732,0.5122976274706742,0.641071799145595,0.6793137179872372,0.7951990878282156,0.5866581526199837,0.6311973996591879,0.6606943993895833,0.6113644865218698,0.6288437093158499,0.6910081125086807,0.6742682686924022,0.6897359549436924,0.6882253272781769,0.6829780703319966,0.6954299169655725,0.6383728304796434,0.6577068782961875,100000,200,10,20.0,0.002,0,1
232_MGAB_id_8_Synthetic_tr_25000_1st_32708.csv,0.6897125955226864,0.6851447047039524,0.9680991398544336,0.669688376749514,0.5422450299145597,0.9528163296437896,0.732868023826675,0.7481832569438915,0.6274006991368456,0.7350539463830396,0.5798207843019937,0.6751039502412881,0.6935607809772827,0.7846019893932439,0.9885415811128596,0.6949629081174616,0.5746715308405806,0.6508618212335096,0.8144320431704579,0.6027957553029127,0.7051769902156144,0.6144364524520474,0.5440866234438175,0.6083859801751499,0.621055423862748,0.6960558201152064,0.6957991076579233,0.6948854826565091,0.6985546826440587,0.6919970089123092,0.570784824737097,0.5975446229636838,100000,200,10,20.0,0.002,0,1
233_MGAB_id_9_Synthetic_tr_25000_1st_41300.csv,0.7043667075266808,0.7234202839262155,0.997790943165262,0.7659796139474206,0.5044757922401312,0.998555186505022,0.7870437007128503,0.7805813319962411,0.4209646517819345,0.7998422218983479,0.5562930879852267,0.4871984090179823,0.7023445494919696,0.8274341682597532,0.96785214672215,0.4868781803718418,0.8402171630250364,0.7464093534985616,0.8873148397450765,0.7170856734633382,0.7445604309163762,0.7152187825735401,0.6358709181644038,0.7300255082134798,0.716970973483732,0.776394694646711,0.7618521587046808,0.7178164541151629,0.7521501204488408,0.7855586107564978,0.6038346859225813,0.709285702701849,100000,200,10,20.0,0.002,0,1
234_SED_id_1_Medical_tr_3740_1st_3840.csv,0.9887131168439122,0.8753270309872734,0.728317811619476,0.71599434596096,0.195988194230108,0.9814736446441876,0.9965239787888468,0.9797534889847866,0.8126803367230465,0.581733685780345,0.0906524256409699,0.9948599227829836,0.612955266184641,0.7931499187689609,0.9943428509701072,0.9954501121880228,0.8906174569661544,0.4894525176483693,0.5521333028751829,0.4903056349330953,0.5418767386459156,0.536065573509466,0.1038139009684097,0.5374173489732705,0.4550625120737011,0.5903660930252319,0.509981757469653,0.5801412201769535,0.5361564648168649,0.4987854869697995,0.2143651481634524,0.2236682881681692,19999,960,15,64.0,0.048002400120006,0,1
236_SED_id_3_Medical_tr_3740_1st_3840.csv,0.9928929912850392,0.8862694941179657,0.6608952073290641,0.6843542206454412,0.1838754507004608,0.9857945245068688,0.9955764670131606,0.990427434918671,0.783400785429704,0.614411136625965,0.0686004465186626,0.9960689395091048,0.609905183962587,0.7985089047520564,0.9939997562520416,0.9949980898811418,0.8458291421239104,0.494770915381545,0.5627119881575641,0.5363447439175288,0.5196531808615379,0.5363160862479975,0.100323081821497,0.5883449259154866,0.4532912943893485,0.4754672056271519,0.5334706347561773,0.5783829582752753,0.540706845550806,0.4978104253683418,0.2159456089547227,0.227042814192153,39999,1472,23,64.0,0.036800920023000575,0,1
237_SVDB_id_1_Medical_tr_11587_1st_11687.csv,0.8569192143783553,0.7033824593012187,0.5494608209966945,0.5029475070528328,0.9661457026181854,0.267286529669374,0.9990681348643142,0.9885068603021516,0.993755545621632,0.6238503970681313,0.9561347649768002,0.8875483839288739,0.4841849670364009,0.4332121504838755,0.4867204141691893,0.4267962390532811,0.7451119084926965,0.8360177038519194,0.685084842535815,0.6412456934897922,0.6466483314649802,0.6816015575039466,0.9374808862394788,0.612477876773148,0.7712098666573338,0.8536992882333926,0.6835438561096263,0.7483111105777835,0.5525429159922902,0.666981234144464,0.8248428471446789,0.8430312225362561,130400,9852,12,821.0,0.0755521472392638,0,1
238_SVDB_id_2_Medical_tr_25000_1st_71963.csv,0.7846173658889539,0.6488988690770633,0.8690056960484103,0.5232534682335566,0.9777251135536452,0.9483570984952006,0.9996809217921396,0.9993998022387148,0.9543297604373692,0.6987927354530414,0.8498645464891068,0.764093113353226,0.5884816485411856,0.5311836593304399,0.9995981238189612,0.960380202813408,0.9267220822899184,0.7628291629984136,0.6878784801852862,0.6516639339184814,0.48882194013144,0.6853389280118727,0.8618187120503086,0.6450507432909206,0.6491743629766286,0.7006093769338074,0.6121091181571935,0.6037529678426982,0.5419861231449379,0.6078059781951496,0.7531804316570645,0.7549246856993715,100000,676,1,676.0,0.00676,0,1
239_SVDB_id_3_Medical_tr_50000_1st_106634.csv,0.8365783849339024,0.6788953793570126,0.5596937922624516,0.5433428400158503,0.78418741214871,0.9108607910091332,0.99132674689101,0.987803771815865,0.946715200844215,0.7846958737015332,0.8746873481544353,0.8207201059563601,0.7070586872092752,0.6198381016325032,0.9736565159898852,0.9052468112557128,0.8921283978000385,0.7615177717468754,0.7406172445648757,0.6721143350269165,0.4686831330240964,0.6941909616618144,0.7841542171820958,0.6737346051549433,0.7008859816238423,0.6795653004551263,0.6684001646713514,0.6945730349323037,0.6479810890524809,0.673361868349914,0.7316661334406143,0.7767659414555375,230400,3503,13,269.46153846153845,0.015203993055555556,0,1
240_SVDB_id_4_Medical_tr_18462_1st_18562.csv,0.8361608371733293,0.6928718436264554,0.6918826896032865,0.555700734749163,0.8051724392145924,0.9010845768165316,0.9870255586654164,0.990359337890008,0.8048692310760117,0.763530191119642,0.8245714275009506,0.8200057584176641,0.6662383376877261,0.7749253997969702,0.9767039688932108,0.8990598471158111,0.7411913203346286,0.7253032922431784,0.7501868554443905,0.6861644693353163,0.5308285967329452,0.7203188336957508,0.7900090674507257,0.681316710053662,0.6245435099232045,0.6453661322921873,0.654556203762193,0.6961397979773524,0.696478900418239,0.715942565613933,0.6889172514452595,0.7617072552720269,130400,6004,34,176.58823529411765,0.046042944785276076,0,1
241_SVDB_id_5_Medical_tr_11587_1st_11687.csv,0.8348529566049061,0.6776257594195161,0.6106594760173504,0.5342580225050492,0.789881384944264,0.5962326772045636,0.9998778352143438,0.9979893017384552,0.986699414813321,0.5920623029737189,0.8829422606894791,0.8098023419186574,0.5256913147191049,0.4066585920719067,0.6962936809942378,0.845126542001695,0.8247512303065699,0.7919653062614282,0.7032354124430987,0.6016352613070082,0.5363013190678928,0.6655644141667831,0.8181520820714364,0.6895889277516984,0.6626063668250909,0.6284446205809525,0.6030904521141797,0.6362866995937341,0.563798255698548,0.6462262070365559,0.6889929470826988,0.726924675787314,130400,9852,12,821.0,0.0755521472392638,0,1
243_SVDB_id_7_Medical_tr_11393_1st_11493.csv,0.8023928336933609,0.601344658361595,0.6714659775454509,0.5127695162328693,0.7173004477677897,0.9633909528609644,0.998391345010475,0.9977745828070846,0.959506271805648,0.7073056196648773,0.6932573487817597,0.7448197899121364,0.833395431857905,0.7240973438531729,0.996512430506641,0.9931561837867536,0.9077294868912674,0.6492345672873999,0.5768659577601032,0.5692493968925184,0.5116016899542766,0.5983022623968216,0.6494066760859829,0.5612710414848666,0.5783775068435053,0.5295969804024014,0.5563008068865042,0.6073402183891984,0.5691404309579775,0.5835199344702793,0.6122531366518934,0.5856061886506275,180400,5547,32,173.34375,0.030748337028824832,0,1
244_SVDB_id_8_Medical_tr_17803_1st_17903.csv,0.9784848275572686,0.67233509404063,0.6320651294414202,0.5438116204619321,0.6449978573955272,0.9688826101669558,0.9985621958608903,0.9959148109330448,0.9957928549659578,0.7447233874423383,0.7534265168530013,0.861369913730951,0.9960010730562472,0.9003730257491679,0.9958405083155356,0.9977724282051544,0.968015403989816,0.7766327366957126,0.7168284832444655,0.6215846974394448,0.5389616647655956,0.6451696351658366,0.7177178320585842,0.631703758501398,0.6491004431750601,0.5939658376785522,0.5526400977859426,0.6331512962885716,0.5736560287659976,0.6026458802719253,0.6458546432182031,0.7012070048902735,130400,3941,25,157.64,0.030222392638036808,0,1
245_SVDB_id_9_Medical_tr_12607_1st_12707.csv,0.9442088411016678,0.769244683404369,0.6121388593809463,0.5275292406336738,0.9421841577752668,0.5953232648998923,0.9929680532349888,0.9773342229799832,0.9883490039910062,0.7122779486075819,0.9787467171029552,0.9209789794937971,0.5545499449518119,0.5241600069549518,0.8280336422777115,0.9116662002002832,0.7987482968742337,0.8358409571641532,0.7289916733543222,0.7528924154756108,0.644350165889095,0.7646208353751458,0.9819863464159758,0.6429424192073064,0.8210616471703228,0.844381393045344,0.7876320931561682,0.6429036402840573,0.6808776978695706,0.7112243045990748,0.9378508162653462,0.9492969264355876,180400,14891,150,99.27333333333333,0.08254434589800444,0,1
246_SVDB_id_10_Medical_tr_20100_1st_68460.csv,0.9772885342738852,0.8225132989224454,0.9705406625736712,0.577789779650658,0.6346751017321196,0.992104823473276,0.9888152889477184,0.9412827408396608,0.9605042078631516,0.7632028395146074,0.8326215132579471,0.9407561316186934,0.7280786899774541,0.7121303482400563,0.980663319513933,0.940038540679738,0.9722618441245208,0.9040454396663976,0.867886339358194,0.730104576466554,0.4870502127293936,0.8117208821036218,0.8271294395386313,0.79812222958618,0.7323747071670489,0.7468617095396012,0.7236703136147574,0.6981733850181767,0.6797616305979466,0.6793207562047352,0.6083960114988932,0.7620523771725694,80400,535,5,107.0,0.006654228855721393,0,1
247_SVDB_id_11_Medical_tr_20100_1st_23611.csv,0.5844783024759751,0.6263661805301256,0.4558615334049739,0.5461540597028585,0.7854288746566919,0.6006032316124612,0.9982682323636296,0.9929038466709628,0.9952590412322474,0.7406687429088233,0.9057295434256952,0.5412541678342034,0.9969170992565922,0.7000532491819579,0.9985178932114664,0.9989656749011292,0.664312540265759,0.76824457481388,0.6618581335959655,0.5922019944148227,0.5722479342839965,0.6067127813596037,0.8717208263153803,0.5485070565749771,0.6671345635333008,0.6995781145781738,0.549618608393766,0.6246096681068786,0.5589590183718767,0.5954835787814847,0.8542187569085229,0.7871948720316149,80400,945,8,118.125,0.011753731343283582,0,1
248_SVDB_id_12_Medical_tr_18462_1st_18562.csv,0.8851703603880738,0.700243118734124,0.6959264225958988,0.5449118690387663,0.7989652811983565,0.8947858660457014,0.9936271392129722,0.99507365525979,0.9790375400553164,0.7986791760671313,0.8121771544258031,0.8055131616996352,0.7485322447233752,0.6868272199992118,0.9559622911452184,0.9707393464075934,0.8415314585007247,0.7744589490441578,0.7796807671335753,0.6829867484838171,0.5642426090321035,0.7140999754567652,0.7755093375034399,0.6723010883281855,0.7147827628994056,0.6350190407811518,0.6165339672400555,0.6733544920087069,0.7075242824242707,0.7001756316908784,0.7045187815827305,0.7558798144041894,130400,6004,34,176.58823529411765,0.046042944785276076,0,1
249_SVDB_id_13_Medical_tr_50000_1st_54982.csv,0.7496350066891878,0.6597226100017581,0.9098944456195864,0.5206831153843627,0.8016374433194065,0.8752958204453787,0.9553402853019368,0.9169514317129078,0.9443019075363884,0.7043672236379499,0.8675747401750357,0.6728423735773457,0.6277548708198699,0.6097816832338784,0.9534298216619936,0.5878081103369059,0.7528870395375533,0.7232384347757399,0.6981059487302588,0.687453085734566,0.5145217580482234,0.6655966377763006,0.7316913395820464,0.645030050384717,0.598037789609398,0.6634988644812255,0.56971440136183,0.5829865481601776,0.6084345787110332,0.643178998770894,0.6290245433677091,0.6245335410721008,230400,8578,57,150.49122807017545,0.037230902777777776,0,1
250_SVDB_id_14_Medical_tr_50000_1st_107354.csv,0.7808346379453913,0.6385254461703879,0.6310567926132288,0.5159370629283949,0.9062408490840302,0.9669321919554578,0.9631848626976666,0.9792173081134282,0.8338675938388556,0.6685643469008551,0.9342643554095816,0.8683805990882109,0.6580818143263678,0.649348103031527,0.9758629918272104,0.8861296850270426,0.9291926974886332,0.7856547079161578,0.7239246826185205,0.6283918805233751,0.5432946435696989,0.6525059740824037,0.9351207777830614,0.6269920906970946,0.6439272142614864,0.676820615923872,0.6660602765415774,0.70017550610206,0.6015325087055158,0.5999403163306452,0.8469195641371497,0.8370621755139624,230400,6469,6,1078.1666666666667,0.028077256944444445,0,1
251_SVDB_id_15_Medical_tr_5421_1st_5521.csv,0.9773282737509228,0.6850588943089992,0.6050152541432523,0.5048262347786225,0.9231899094380304,0.6480098376264359,0.9992439307576249,0.9986880934258584,0.997257778168057,0.7083441399049001,0.9533801566990564,0.9675732683361082,0.6293079628634292,0.6606309958086523,0.9157850193739496,0.9547049585323948,0.9553330063427812,0.7475972892643706,0.677088587296484,0.675314145967811,0.6007328824054934,0.6656871817536455,0.9049405857002096,0.5296032822811075,0.7200041640521099,0.7065086932325246,0.6258476285644639,0.6276089993007462,0.593451964844074,0.6979403460606514,0.7700913852151319,0.7763502367411788,230400,12809,83,154.32530120481928,0.05559461805555556,0,1
253_SVDB_id_17_Medical_tr_17803_1st_17903.csv,0.9719805705904628,0.6351469722394618,0.5333857223932423,0.5336830174452882,0.7674584457915681,0.9876959983689446,0.998590636833777,0.9947492282995604,0.9971167945522406,0.7814018892454284,0.7872288916667506,0.8633233542545481,0.9771321306572328,0.8010056552007115,0.9968426504733348,0.9961187247962922,0.920669043647514,0.7800999266653061,0.6955531756317721,0.6110692857519909,0.5341583533473016,0.6397470057796186,0.7592590079059607,0.5934624713818408,0.6009204214144819,0.5994966333667181,0.5284768267290962,0.5473308977236322,0.5354066572955891,0.6151396601871643,0.6059433602054273,0.6243591649921096,130400,3941,25,157.64,0.030222392638036808,0,1
254_SVDB_id_18_Medical_tr_30824_1st_30924.csv,0.7738446647744696,0.6335758300331615,0.818801315104741,0.5141609562551401,0.7795880541471567,0.9608193047821806,0.99319252700361,0.991541923817627,0.6904387414575186,0.6771151320341701,0.8556216553617033,0.7420870886327431,0.6366547237079736,0.6367820978334413,0.9724968633043032,0.922473593485648,0.8748266069629801,0.731879939018348,0.6446962629526489,0.5901943185146886,0.5347393265668248,0.6068019367862818,0.7091472400257204,0.6286723568595936,0.6706739374120249,0.6672620676747093,0.6517249547925088,0.6953369950974605,0.6342109287967066,0.6415069971973026,0.7234941847975627,0.7066997775982581,230400,7847,42,186.83333333333334,0.034058159722222224,0,1
255_SVDB_id_19_Medical_tr_50000_1st_54982.csv,0.6396394407946268,0.6124846960441979,0.9305383582354912,0.5036748441343115,0.7217192751637298,0.9333595999447052,0.914712489094622,0.8723299572005363,0.799918825757316,0.6788868588103132,0.7655890952195559,0.6001422053421042,0.6818527314076672,0.7059478715224555,0.9461080494283032,0.7812764781394165,0.6354550841602492,0.7116137275611195,0.6450273628924228,0.5870962467947654,0.5424283965553268,0.601996150798636,0.6363101925257005,0.6025014782505812,0.6398343954339097,0.6472689089947269,0.5968055458961457,0.6590433425462424,0.6018765633933196,0.6080191194482205,0.6044960567667037,0.6467170496122198,230400,8578,57,150.49122807017545,0.037230902777777776,0,1
256_SVDB_id_20_Medical_tr_6264_1st_6364.csv,0.7970212276484738,0.5936010977986574,0.6808173513359235,0.5135224434437616,0.6286692571005758,0.9199139531864994,0.9968703156507672,0.9957286715170484,0.9724917640296687,0.661401726155695,0.644747541215854,0.7480960658774916,0.6662000868527969,0.6709429188156263,0.995744988500394,0.9886828356301472,0.7455586478823453,0.6084850515096231,0.5695226778836269,0.5664640389240759,0.5038772497690316,0.582354021892376,0.6222592101691213,0.5714214170293818,0.5597816980816854,0.5926157397891328,0.5159241909262101,0.6038249263429462,0.5440017564665117,0.5708554340925448,0.580822752281318,0.5837527805114211,230400,7464,45,165.86666666666667,0.03239583333333333,0,1
257_TAO_id_1_Environment_tr_500_1st_3.csv,0.9451242108849696,0.9982971903955844,0.9480010704426052,0.9616974706230156,0.9315338943767087,0.9494371510099796,0.9282839333996356,0.923854569888983,0.9358652252519282,0.999953461910476,0.944060044607586,0.9459383622486178,0.956513133677779,0.9581621967180394,0.9452505563514668,0.9375168453486604,0.950583338389471,0.9999400167603548,0.9982906705406048,0.9621360605349568,0.913120823268466,0.9927259883648152,0.9418724145069826,0.962775710061238,0.966346845484212,0.9644213944651048,0.96186509409499,0.9988626905900366,0.9998651758966776,0.9998243301283744,0.9586952634941668,0.9583750471117476,10000,954,849,1.1236749116607774,0.0954,1,1
258_TAO_id_2_Environment_tr_500_1st_4.csv,0.9652672341244164,0.9977209609924328,0.9683634895358336,0.9716515250705128,0.9592499991257848,0.9681288858855212,0.9553819573456775,0.9541259707707126,0.9605525804971716,0.999955570118304,0.9657369547676488,0.967489333934586,0.965810117002394,0.9719233550026302,0.96577413685523,0.9588849905837364,0.9695488610397452,0.9993555755992164,0.99911913631785,0.9752754077886648,0.9507691218736796,0.9935778846234472,0.9658976166908336,0.9776557339533322,0.9757661673421985,0.9769131601699452,0.978514883371063,0.9990842160705103,0.9995792471730888,0.9989569098573082,0.973984896928109,0.9736885139696648,10000,1380,1199,1.1509591326105089,0.138,1,1
260_IOPS_id_1_WebService_tr_5000_1st_11804.csv,0.3999242980277931,0.7980970421152981,0.138789607848311,0.7403828477487502,0.9992375749070076,0.0583047002844568,0.0020425065105133,0.4688468699479564,0.9985088818999882,0.8875067528637862,0.9984358298668944,0.0498018795839335,0.5489876283368251,0.6623153072425088,0.2772848364192646,0.0356823696649247,0.9983517792379396,0.9746203990703408,0.7682777271933947,0.8392137337535396,0.5000112015516893,0.9639492765352204,0.9983711258754552,0.4907037527520892,0.9983599972061002,0.7652838978482017,0.998207177485901,0.9126375248370572,0.967515353513232,0.969913471692732,0.9983711258754552,0.9984041755604612,20000,14,1,14.0,0.0007,0,1
261_IOPS_id_2_WebService_tr_2178_1st_2278.csv,0.7985722888885761,0.9359364287698226,0.9887729486380769,0.9841045751821892,0.3621812194114713,0.9863824126805923,0.8147640766309714,0.8752151988231116,0.5455371218479955,0.9968291540337236,0.418228670970629,0.5845353701745374,0.7348445247692992,0.98231460572635,0.9555398144868892,0.6460257191142564,0.9252392379512536,0.978624320200152,0.977122510748667,0.8713583350667208,0.507168557274876,0.9119859203084216,0.8770322342167578,0.8193710055639852,0.9801503500601256,0.9750937230564908,0.996083964240462,0.9879641770407336,0.9946875740037372,0.99386271120542,0.9619980697004704,0.9673610192752076,8784,6,2,3.0,0.0006830601092896175,0,1
262_IOPS_id_3_WebService_tr_7028_1st_7128.csv,0.496538636333992,0.819560748883268,0.4461725519097757,0.5590252566000997,0.9070926009047928,0.4436230689896253,0.3888677385887357,0.5581694197246484,0.8565737574775237,0.8628623935056355,0.8557138884613812,0.4502896937822523,0.5189388289412507,0.4540501993651192,0.3204775423988451,0.256249948471451,0.4666464840281485,0.8192291403389517,0.7535025233647948,0.7077798485313559,0.4829350933199495,0.7053278198446575,0.5671755899779215,0.5028193383605406,0.7942119803041668,0.7718546855860836,0.767629470723558,0.7726472235438155,0.7755169503572575,0.7933033039454164,0.8854477448584988,0.888050450835071,125135,2704,46,58.78260869565217,0.02160866264434411,0,1
263_IOPS_id_4_WebService_tr_3482_1st_3582.csv,0.4287635355379991,0.9065636165943266,0.683002804005286,0.7308804588484781,0.9837923036566688,0.0852386892570365,0.4834147399337434,0.512953632144968,0.9889208669628868,0.981230137648628,0.8771638859607026,0.2509879778593925,0.7749821452545439,0.771857477646749,0.6756471786672595,0.6481887660601507,0.9923374575049356,0.9880966341322788,0.8945297321294491,0.866906285952011,0.5446570449274893,0.9341299332840904,0.6624734357229354,0.6699855627838148,0.9741747815470984,0.9769115828031129,0.9872965934629682,0.9836715050920986,0.9546193430309378,0.9663958517856204,0.9978566636267904,0.9977533569398808,149123,790,56,14.107142857142858,0.005297640203053855,0,1
264_IOPS_id_5_WebService_tr_11665_1st_11765.csv,0.1220072969832703,0.6153213746207776,0.221269439605148,0.5018884290673549,0.6799783924290488,0.0365849950312819,0.1979133736258654,0.2194154498488376,0.7345950758519709,0.7880639398203704,0.8170339039034543,0.0485411098180068,0.3946277188202549,0.4691826332582557,0.1162299148962749,0.0835484000781844,0.910084687078885,0.5077383556227739,0.5489658224683988,0.1461641823316912,0.6956107996292944,0.3076506137057485,0.4842607976776619,0.589147161175167,0.5102037409179881,0.5751832547645621,0.6795056487770051,0.2383344418832852,0.603803954156024,0.5681788604643879,0.87997783600748,0.8812278975320222,60000,901,3,300.3333333333333,0.015016666666666666,0,1
266_IOPS_id_7_WebService_tr_4010_1st_4110.csv,0.5256220276390728,0.9069264866080082,0.1858607175427904,0.6221920715333348,0.6118491926897767,0.4624136237786637,0.4996574850460336,0.4889071932266562,0.661668452898328,0.6455112680043806,0.9646052887978848,0.2665436628049084,0.3544855042625706,0.287358833461515,0.2205256514648513,0.2414247121449448,0.6334038451028298,0.5278531760849565,0.2109870568876102,0.1583935983000264,0.4882142757302991,0.222856203452981,0.1474015932226622,0.2664418718394215,0.6152516283557595,0.5854348343363166,0.4902917227584502,0.6287762714038465,0.5794959695984804,0.5793890019094988,0.6688215246580319,0.6581627204180819,89155,1456,53,27.471698113207548,0.016331108743200044,0,1
267_IOPS_id_8_WebService_tr_1534_1st_1882.csv,0.8329511366782631,0.9545884537996758,0.8167591890790084,0.9632540368825836,0.8555146465972802,0.7620301303376878,0.6914057292454319,0.6207830621654699,0.7181149391767507,0.98215039897709,0.6595569207735911,0.7690608732412064,0.803244419073735,0.9701911040314868,0.7411650555269931,0.7226682656599133,0.7129643721910885,0.9562201697485836,0.9865862550149872,0.9589501224582714,0.8761145108585983,0.9426409673208842,0.8864998752249831,0.9075636686272534,0.8998171864547265,0.915235596349272,0.9428102632665368,0.910876968191298,0.9765426402678546,0.9565421308111196,0.8834553544825692,0.8841787665254143,6138,53,5,10.6,0.008634734441186055,0,1
268_IOPS_id_9_WebService_tr_6216_1st_6316.csv,0.3276649257386338,0.781473592576289,0.3253394925510425,0.5532824688135292,0.9325355495866218,0.2022295628054788,0.3332251108114303,0.3181671858827259,0.6491139935750159,0.7117216513910818,0.8345618770279261,0.1429440872619226,0.5622606874960898,0.4914047983798178,0.505436655469006,0.5017674859166661,0.4301537063914764,0.6618268654660447,0.8451221034741336,0.762138444070313,0.4840908452796821,0.7783313443119527,0.6717190523454489,0.5581738175945806,0.6956062783148315,0.7321844795735907,0.6830571050053135,0.6890201254689593,0.7028895450410724,0.697114664932297,0.9396354166547892,0.9475447514188162,29133,1397,15,93.13333333333334,0.04795249373562627,0,1
269_IOPS_id_10_WebService_tr_1216_1st_1728.csv,0.5592929975981976,0.9040923581489136,0.1272554910328845,0.8729519382895989,0.9895803947197138,0.1839172954071817,0.1044496300250276,0.1081554208311751,0.9570748094249032,0.8759383139847272,0.9949617395942374,0.3433679401996204,0.3630507916681466,0.1445996455523617,0.1506691310326507,0.0565025031699784,0.6982794459745576,0.8979590704809286,0.9129565095922964,0.8416616230771412,0.474243467169838,0.9422268916613034,0.9661531668918718,0.7723472007367391,0.8919539099106499,0.7960710826700156,0.8120688901512217,0.861001816481892,0.8142172144109818,0.7802227351071446,0.9945774703699776,0.992218443123275,4866,49,2,24.5,0.010069872585285656,0,1
271_IOPS_id_12_WebService_tr_500_1st_341.csv,0.8717007897354364,0.9341914502957116,0.7526312775977887,0.5419297866210111,0.5634944182894613,0.7026940234446813,0.6672439473816559,0.6494580039839544,0.7725379239280784,0.9671487072690172,0.6501700162379948,0.6120091334163608,0.8684867851905409,0.9310527467819072,0.6825917362426951,0.6453758950474374,0.7876178762990694,0.8973658630148993,0.9195608841477816,0.8574715535490314,0.8073996609199295,0.8381347427726786,0.7162312312589239,0.8738873275128897,0.872195476600376,0.8642725017866082,0.9112772485633404,0.9331865834842138,0.9399669361549824,0.9539478867412854,0.8316833219939314,0.8329507381494689,8784,116,10,11.6,0.013205828779599272,0,1
272_IOPS_id_13_WebService_tr_3442_1st_3542.csv,0.3342103240280353,0.9471544160041672,0.7245531252335411,0.8070591064312013,0.9642518713990548,0.0789982960927052,0.4227357745502151,0.5846372449091506,0.9449394054719068,0.9896924015440286,0.8658329084142251,0.3282910385782899,0.8433989190637003,0.8159921403534637,0.7335962351272534,0.6995318041350431,0.9672303293704312,0.9915865074572816,0.9256012679883118,0.895533724235705,0.5948038150974373,0.9535125687527404,0.6090271299523595,0.7235772642422157,0.9966770914952796,0.9805436535978016,0.9509714829172878,0.987972423241982,0.970913955940286,0.9789480678601368,0.9967180973287382,0.9965711311071592,149156,633,56,11.303571428571429,0.004243878891898415,0,1
273_IOPS_id_14_WebService_tr_5569_1st_5669.csv,0.4808082600370043,0.9205547314108382,0.1797749788946897,0.8693432965241242,0.8491287965021608,0.2264417036116253,0.7966404780787871,0.8007566547143165,0.7725426313638472,0.9528003735473474,0.6618802505214775,0.4656915562264619,0.8384614501883113,0.7078396229708107,0.6733520762654935,0.7461148652607351,0.5186153385611072,0.9629516189481968,0.8527927958108549,0.8427997553104883,0.5439787439141993,0.815679995181618,0.7307924355166068,0.8247780986552017,0.9704245747951648,0.8877941231338238,0.9325409669899782,0.9480869312477944,0.899121771630429,0.9093986477950614,0.9845623582043554,0.9866031297893638,149122,761,53,14.358490566037736,0.005103204087928005,0,1
274_IOPS_id_15_WebService_tr_4591_1st_4691.csv,0.4075100883482486,0.8586149771549761,0.2338514973035842,0.6599661507203661,0.9022766053652804,0.2418224759287436,0.5712905197818183,0.577652514270576,0.838432219567077,0.8138317340207153,0.7197156616481563,0.4318946002304576,0.5962521046608765,0.5164078884758494,0.5179520467035562,0.5834018551649758,0.5842021173062876,0.7964165705663446,0.8788894789080929,0.8680432119434001,0.508965388233909,0.8463237057052534,0.7544035216020705,0.6275052847081093,0.8530331480387664,0.8521430673024795,0.8492872559716891,0.8181255529528962,0.7874659368375483,0.7904822778179302,0.9619620829333416,0.9657193219629318,149132,6777,86,78.80232558139535,0.045442963280851865,0,1
275_IOPS_id_16_WebService_tr_1482_1st_1582.csv,0.8869771992531754,0.9557601297296396,0.7886661753331085,0.9685350559677854,0.6404998957824191,0.7790901406811616,0.6349568230266472,0.633499259697419,0.7327434088855006,0.9372183103519474,0.6781150675940607,0.577528867149371,0.8167258319987318,0.7935024710584064,0.7899793033343852,0.5696630109690205,0.8732146027659816,0.935947247679454,0.9133603041435702,0.823784340248386,0.5191440856293633,0.9311936263002392,0.8135089490024237,0.861543375369007,0.9007528368522412,0.8960210367998418,0.9064914774867814,0.9199130111486712,0.924140024896618,0.933511779421497,0.916631630580552,0.9156874555829384,8784,71,6,11.833333333333334,0.00808287795992714,0,1
276_IOPS_id_17_WebService_tr_19197_1st_19297.csv,0.3432575621171406,0.8293950976155587,0.5112175350801935,0.5829039672484191,0.8841092715317395,0.3663397424169961,0.2846435896786031,0.5811124760286074,0.6868452974845891,0.7964277730532199,0.8277294998162318,0.2934736730901874,0.554480852046428,0.5682434433509845,0.596604860143912,0.5063641348820451,0.7221527010454066,0.6794479645074022,0.798048795869186,0.1946145715980574,0.6586687908788461,0.1973109755890322,0.1654560134954022,0.6580124695372154,0.6913576282133462,0.7002123482189325,0.6663755664390226,0.6673377902312432,0.6791958725252416,0.6954079124533467,0.837283552124037,0.8454596980217873,91370,2576,20,128.8,0.028193061179818322,0,1
277_NEK_id_1_WebService_tr_500_1st_17.csv,0.9898217342359266,0.8350481775046948,0.6966355712920362,0.816182745786768,0.3830632778140891,0.6604577394435744,0.9945885387007374,0.9945634891255112,0.9946286428367572,0.9957339311553982,0.9913783500683736,0.9938634247448506,0.6077488645890646,0.0840755874659009,0.5314953073196607,0.315262638996053,0.9960773606252492,0.9924776712259316,0.9937816699393388,0.97232881791647,0.676669727287393,0.944732986399114,0.9953960496010704,0.9000100374304428,0.9980856930309208,0.9933569533614628,0.986204267725495,0.992764413017032,0.9935482401276058,0.9743741901743204,0.9948257710725752,0.995119685926253,1073,88,2,44.0,0.08201304753028892,0,1
278_NEK_id_2_WebService_tr_500_1st_64.csv,0.241506034624519,0.7577780746608198,0.6494725605541674,0.7628605461817157,0.7697427625070289,0.3374544076660755,0.2047978891108136,0.2225192269621508,0.980668233317602,0.7977389596112754,0.9898300156136924,0.2286256925892555,0.7357809602277023,0.6619648140604568,0.5625205701265046,0.5748365471079968,0.258478406851063,0.7807834293824655,0.6423757790530122,0.7163091214445548,0.4771993060002144,0.8668102033077303,0.8074332454714486,0.7626654857589206,0.7742274048779088,0.8134475424915445,0.8581029463061985,0.7057706575546896,0.6845837129230992,0.637567648255135,0.9454432070441318,0.94451558559222,1073,65,6,10.833333333333334,0.06057781919850885,1,1
279_NEK_id_3_WebService_tr_500_1st_974.csv,0.4947690492735955,0.9205202424413044,0.94150901164348,0.5402158715297045,0.952992257041402,0.7625310111138094,0.8845930037376065,0.8820712821694731,0.7804778043093235,0.8776338622455073,0.999460898834792,0.452057982038992,0.825057879630515,0.5882270447088829,0.910213237161818,0.9123381253417744,0.998076941036476,0.981992053909408,0.968532659079093,0.9584505162896534,0.4903560056864414,0.975479963724788,0.9977501915381136,0.7578963714091512,0.7460029031665012,0.7454391225954812,0.6469114779962343,0.7068060569707518,0.6446223921347556,0.681471735441435,0.9775995985276276,0.9790088529249772,1073,91,1,91.0,0.08480894687791239,0,1
281_NEK_id_5_WebService_tr_500_1st_974.csv,0.4324654532794353,0.969922384420669,0.5428519903110306,0.6925105298572034,0.981358372944338,0.3793186853125763,0.3451584728466293,0.5259972651290545,0.935134197725127,0.8938235254572701,0.999666422786062,0.3505311081121942,0.4600092331487406,0.2470993936810103,0.5587891662740202,0.5144911765089705,0.944996835699202,0.9910475049500328,0.982961476971872,0.9506006038006398,0.5721883348592935,0.9959986260421472,0.9952091075983596,0.9314073816833032,0.7610305714607061,0.9594476508547102,0.7786411161633288,0.7050900168103931,0.6165135150439611,0.6936266917223106,0.9856595812208336,0.9795168396706664,1073,88,1,88.0,0.08201304753028892,0,1
282_NEK_id_6_WebService_tr_500_1st_64.csv,0.48940877165432,0.8689511162508674,0.6559056144327087,0.8131422336818983,0.7859337647502133,0.607368087433441,0.6843595904813116,0.6615363327956281,0.7711223619778209,0.8430585140048334,0.9315522735654364,0.4351453304451439,0.6019102179286551,0.647899354602304,0.6438947432940639,0.6442557295845514,0.4119182328728986,0.8521165822815832,0.8021416519996244,0.8316644648682692,0.5013281334512246,0.9705888078675258,0.8089513293311803,0.8433126760871253,0.705277442805674,0.6973894359828328,0.8137679069518063,0.8544965375028513,0.7568049738575741,0.8114073813945545,0.8550603600986969,0.8547778674121921,1073,63,7,9.0,0.05871388630009319,0,1
283_NEK_id_7_WebService_tr_500_1st_777.csv,0.4472407894830801,0.8522665059574058,0.6721056091546628,0.6285397561989781,0.9751583466520012,0.5115400005311056,0.5134630185277964,0.5163300151948189,0.9379818237271071,0.837371647893906,0.99732788022482,0.4157306630424742,0.6732961470323926,0.6106657582189334,0.6738954860661427,0.7091344528485297,0.5507554127247083,0.8927679014579779,0.9133232010364476,0.8896570563933577,0.5861845045093159,0.9144874153683922,0.9766373541834756,0.7644072653602895,0.7387269176948419,0.8903409559991221,0.8248280830099446,0.6599995626975098,0.6725908825745961,0.6953565413359574,0.9771389362538188,0.9762294079382072,1073,120,2,60.0,0.11183597390493942,0,1
284_NEK_id_8_WebService_tr_500_1st_976.csv,0.3671031030501718,0.9656957037313566,0.6776681499026548,0.684162472735128,0.9761941562166008,0.4707101407492259,0.4176057363623187,0.6000605559296488,0.9156449947612412,0.8748337055628539,0.9976789725923186,0.2831905721758986,0.6110408653453288,0.2583700738560871,0.6837052395377826,0.7648984832716827,0.8955289116522275,0.9666687241959449,0.96741368924106,0.9373468377969976,0.6568351902867565,0.9802974980030812,0.9973330877816224,0.9138262177629968,0.7701468467158249,0.89774056588942,0.6937129627740596,0.7249091329038854,0.5769273084710744,0.6832154851160994,0.9813002311061964,0.9815560961077052,1073,89,1,89.0,0.08294501397949673,0,1
285_NEK_id_9_WebService_tr_500_1st_780.csv,0.4634411364717383,0.8867526125497436,0.6637551091867625,0.6321212118599406,0.9650140177029704,0.4983324724586289,0.4580915874444274,0.6845894454542167,0.927595540007919,0.8707497318423602,0.9956519494019928,0.4358005064458761,0.6451438855834786,0.5930415215060855,0.661141232221563,0.7039653704636751,0.5590369822438696,0.9181002070838028,0.938924057333267,0.9219733514546828,0.581437672823129,0.9427353474424786,0.9727988212728528,0.7253022419039235,0.7309351243983038,0.8196205812671478,0.6571393317473208,0.7206277762913099,0.6999158942793358,0.7202567799915828,0.969085992190624,0.9694994068401822,1073,108,2,54.0,0.10065237651444547,0,1
286_CATSv2_id_1_Sensor_tr_17792_1st_17892.csv,0.4275511915083289,0.5528086731264076,0.741390663904224,0.5329956796858257,0.6456273165602427,0.750723566068715,0.7267496554843543,0.7714464779217193,0.6724375937948197,0.7025679573833247,0.6467879658609799,0.3605883776666226,0.7420936187671451,0.7287028127010955,0.739485006332937,0.7323419757466806,0.6125171318340239,0.7074047358054013,0.69033431946998,0.546645837637124,0.4716870395687592,0.5626849438414998,0.7146050974130402,0.5371831040077288,0.5506393492162004,0.6197637295215495,0.6062922610495025,0.6242166071153747,0.5884642587120315,0.6606837442492826,0.658538824971527,0.6858734804674116,300000,14800,19,778.9473684210526,0.04933333333333333,0,1
287_TODS_id_1_Synthetic_tr_500_1st_11.csv,0.956664363736078,0.9983504734286774,0.9136304834869748,0.9578854931343452,0.8987592840653328,0.9215393470900384,0.9154308333318968,0.9035883449812117,0.9221104352961598,0.9990835367978294,0.9266966480029286,0.9124500928236778,0.9251032932114472,0.9119198241579882,0.910938812108088,0.9031308418576114,0.9357397097355932,0.9819214484071782,0.984443022394916,0.9423446691367746,0.8541560561885045,0.940509990913448,0.9268622424524644,0.9501381892101896,0.9393179488645428,0.9426222085703666,0.9373145503378963,0.989171688395334,0.9965349891796867,0.9940513878027024,0.9440342218379624,0.944401733761622,5000,261,247,1.05668016194332,0.0522,1,1
288_TODS_id_2_Synthetic_tr_500_1st_65.csv,0.9528260111512384,0.9463968408642238,0.7919667780588906,0.9477711275982924,0.8048786407628855,0.8719223011165191,0.8533343344782398,0.8342020133599576,0.8613305776882815,0.9591291932627104,0.841927315750009,0.930571731171866,0.8854717501211053,0.8069046025898512,0.80596445867081,0.7933250931971131,0.8346091837301589,0.937508168488663,0.9078615673512828,0.8822237213825028,0.7785212483458638,0.8765284731598197,0.8358736752763862,0.9067661642479729,0.891365651390166,0.8908792141533612,0.8860739677296006,0.9540291557479031,0.9641377218775532,0.9765742966946848,0.8884112773439231,0.8866980349121166,5000,338,112,3.017857142857143,0.0676,1,1
289_TODS_id_3_Synthetic_tr_500_1st_26.csv,0.9417270307120098,0.944534099396324,0.8278434866797423,0.9451919608663716,0.7661064318498809,0.8776113967398704,0.8674776655356468,0.83823649823178,0.8868170124874172,0.9101826364667168,0.7949461600715904,0.8816715201424988,0.8789188427750918,0.8306918398710212,0.8207821778276543,0.8122218837554525,0.8534915756414654,0.8908535712303586,0.8896139023326987,0.889588707519596,0.7343372003306485,0.890944335413831,0.8057609862073142,0.9252212826144096,0.9202741451294962,0.9335005507698518,0.9113218989670744,0.950721023528899,0.9892811688437774,0.9845953082693072,0.925904840765525,0.9285655609521738,5000,225,123,1.829268292682927,0.045,1,1
290_TODS_id_4_Synthetic_tr_500_1st_26.csv,0.9474624518782708,0.9102734292269112,0.77791562689326,0.9104592353789102,0.6893394384233001,0.8494672193954262,0.8306666326244045,0.812043040721077,0.8845263501182434,0.9708940706386217,0.7019439078582562,0.908389653555032,0.8487314094453323,0.8951990317480835,0.7821915630274796,0.7563636221241137,0.8360027187629872,0.8576911736309545,0.8480845049925664,0.8629913499999217,0.7085808691150084,0.8624776222453556,0.7530872889843101,0.8824284436249653,0.8655040480637993,0.9100065009179056,0.8513808005886484,0.9131304289202488,0.934610935762106,0.9478306641694868,0.8675091648581833,0.866024577498517,5000,429,84,5.107142857142857,0.0858,1,1
292_TODS_id_6_Synthetic_tr_500_1st_11.csv,0.9601805224646648,0.979530791424548,0.9057156641392532,0.961055305545324,0.8845954230917428,0.9159968297954856,0.9091021404294676,0.8925288217132606,0.9290889871634314,0.963261070156448,0.9127684450090364,0.9313641723025832,0.9155342571154004,0.9080267377076506,0.905331043161914,0.898813289766691,0.921243607595124,0.9519118419072076,0.9564277704076268,0.9313763595921992,0.8511003319342659,0.9360103935398514,0.9093932470216426,0.9414710693058084,0.9368563468370532,0.936866714996098,0.9411520896563268,0.9806959680544618,0.9954788520452628,0.9890968093505236,0.9402044138606784,0.9401789597286988,5000,261,247,1.05668016194332,0.0522,1,1
293_TODS_id_7_Synthetic_tr_500_1st_7.csv,0.7640210599278318,0.7324275520456589,0.839357911942736,0.8174441707460252,0.7290027466434164,0.8990104353271056,0.9043888616022544,0.8808041530066315,0.9015337646869428,0.8609774012547511,0.7558872561294588,0.5982665772828222,0.854158026032814,0.7878728624550904,0.8437645964475684,0.8236261358247875,0.8539259784402019,0.8337692886058838,0.7623689777662007,0.7389667166369599,0.5581055479833138,0.7599446686209888,0.7594332590377543,0.8054376199421904,0.8002775352067627,0.8212436782389643,0.8379344295752916,0.8847601527225196,0.9286337469768629,0.9360056371911912,0.8450295679465035,0.8506482923176168,5000,251,24,10.458333333333334,0.0502,0,1
294_TODS_id_8_Synthetic_tr_500_1st_200.csv,0.8860586013392528,0.6909762816278687,0.6620880882447349,0.720831394950994,0.6760353191356075,0.951708295294126,0.921194910693185,0.9264970514599784,0.8932821006795444,0.8525603732861342,0.6979212112169076,0.7391493492077839,0.76060944095757,0.901875885167358,0.7329386471732553,0.6908420059974156,0.835794239469276,0.7310536490300387,0.7248179295721646,0.7042693019316438,0.5634733811218252,0.7069840959075963,0.6804234309956252,0.7334764636893867,0.713548470429743,0.7367425755061365,0.7082186144909046,0.7980731460386966,0.7371584938019435,0.7676292220326048,0.6883014203310389,0.6893790908135237,5000,510,14,36.42857142857143,0.102,0,1
295_TODS_id_9_Synthetic_tr_1250_1st_2046.csv,0.9609569148823244,0.6973686062571121,0.7895501751484707,0.7132238463042796,0.7786094610933252,0.9798426345682204,0.968926809118026,0.8967325250090857,0.9793142413554524,0.7014987891999744,0.5864975775883382,0.9535393802887736,0.9717780518631698,0.914410382608166,0.9431876233605208,0.947772366910708,0.7647347644498481,0.5841928707025341,0.5201408103643499,0.5268805804307923,0.5569006570277966,0.5196998680985903,0.3552622225612689,0.5790886807441786,0.598215552615342,0.6284013070024899,0.6511117233249044,0.5872415705715068,0.7300030058632234,0.7718612026190301,0.5119040510162436,0.5184607227204228,5000,390,11,35.45454545454545,0.078,0,1
296_TODS_id_10_Synthetic_tr_500_1st_26.csv,0.9503293464635992,0.9741802162901438,0.8584570695205368,0.9660655560444094,0.8261294565207153,0.8792252932988851,0.8736250734513441,0.8697848561746003,0.8883811360131686,0.9562970210456968,0.8711495345002055,0.8870362459796127,0.8994137085863798,0.8620746410694275,0.8543736131358644,0.845742685179718,0.8708420191388256,0.955448742799788,0.932786118465638,0.9111058565690404,0.8008663058958897,0.9089558476029808,0.8752955549236227,0.9304769423296714,0.9285263165632688,0.9253264445585616,0.9240847171840147,0.971964972534532,0.995066079587374,0.9909474959358548,0.9311216768759608,0.9325246441870848,5000,204,155,1.3161290322580645,0.0408,1,1
297_TODS_id_11_Synthetic_tr_500_1st_7.csv,0.9293918234808524,0.795408409436625,0.7653744245763,0.8614746758268054,0.781639343451273,0.9114548381061344,0.927357195886232,0.9296368178272504,0.8989613185013863,0.8738254358862817,0.7280399830374923,0.9046048306864294,0.8952354525844188,0.8525943800709118,0.8675667415010115,0.8746325898057217,0.8284320584406881,0.796871784704351,0.5670673614640241,0.5648803808988893,0.561440807558933,0.5619648047261635,0.4631889156105759,0.6256906011731911,0.8321295916878223,0.7701174921462136,0.8341948091850949,0.8115327948803757,0.8692370277693408,0.9512174329045984,0.8137117980652611,0.8132881850645367,5000,251,24,10.458333333333334,0.0502,0,1
298_TODS_id_12_Synthetic_tr_500_1st_0.csv,0.8967841469938562,0.914143380179058,0.7288480059152639,0.89109401741177,0.7700233717654861,0.8671107311681643,0.8709644837634031,0.86415202924284,0.8816640119752697,0.9603437381455714,0.7614060114841867,0.9032444428972088,0.8098339006941838,0.7892941117913689,0.787990938447307,0.7818173531276438,0.8545840606047738,0.8804095425356862,0.761886671238872,0.7745862215759085,0.7069002382030027,0.7678666690485431,0.6312389297014339,0.8169840665430491,0.8743433554749619,0.8760744764082453,0.8763314065199409,0.9179689739334832,0.9431139865732512,0.9599089320109344,0.894913699443083,0.8970742718641185,5000,324,60,5.4,0.0648,1,1
299_TODS_id_13_Synthetic_tr_500_1st_65.csv,0.9312942580130076,0.953916199147677,0.8139195705423217,0.9478502249151716,0.838960706095853,0.8897563160782389,0.8739591528020045,0.8528772205173425,0.8989708687364502,0.9849035408352096,0.8459558989579593,0.8320212718807084,0.8515899658380152,0.9418198693878352,0.8141253443249716,0.7993909101771763,0.8308961578457691,0.9477533172582148,0.8971492801281928,0.870754523140198,0.7692725825632432,0.8568726154576656,0.7944905572130437,0.8813474766791556,0.91708481615013,0.9153609687001544,0.9117152411010606,0.966920338472918,0.9825892276883712,0.9884131802623372,0.9334728952381282,0.9325163081837626,5000,268,96,2.7916666666666665,0.0536,1,1
301_TODS_id_15_Synthetic_tr_500_1st_245.csv,0.8930650953339202,0.5926177473549796,0.7561475709897251,0.7074712211568115,0.596422256957378,0.958044731720784,0.9441106962998388,0.919924534613672,0.9416753744546416,0.6309669889132787,0.4943499485261279,0.8629700602812234,0.8202028315726944,0.6026261345569307,0.8842315282787905,0.8273431804725798,0.7633107089039592,0.6654166861847622,0.5727939520919467,0.578321295954436,0.5347118237544519,0.5692796911010478,0.4758531616512224,0.6909073864079844,0.6542399836594115,0.8888376544568508,0.6394012234304789,0.710775866029575,0.7453377766913776,0.8087701077266494,0.6107863715505029,0.6149802302256154,5000,410,13,31.53846153846154,0.082,0,1
302_Power_id_1_Facility_tr_7685_1st_7785.csv,0.6080762471996771,0.4959963420279661,0.5568236814263868,0.5107174872474467,0.4081353206297492,0.5968108592459567,0.6342428479207565,0.6548625528378855,0.4068898321086394,0.5684495649780911,0.4593203234196212,0.6097762488102954,0.6646057154518041,0.5579903258568651,0.5833159964078101,0.7203960531917551,0.4854421488591501,0.4584025923301135,0.3731807732667107,0.3730798449052134,0.4891870082606384,0.3704327634712799,0.3354074074091169,0.5202712211570335,0.4363903673872957,0.4163840472996615,0.4615646883900331,0.4411638286458733,0.4930686836768156,0.4811361547022306,0.4267812895392591,0.4287668653373802,35040,3000,4,750.0,0.08561643835616438,0,1
304_UCR_id_2_Medical_tr_2499_1st_7000.csv,0.8234355985857382,0.6661067016590327,0.9663357608034256,0.9114672679732996,0.930813677986116,0.9924268582368652,0.9343691876350017,0.914246170827302,0.9139573731540166,0.7640818275580217,0.9379448617993172,0.8035205130512018,0.5266411863092425,0.871811797954632,0.8888126078808938,0.7379939500404327,0.0597534132267065,0.6126507056954887,0.6512972405463994,0.5719376148602902,0.5050436806747951,0.6638532989153144,0.8395162289482663,0.6019436394563754,0.6363703356681014,0.5964520645248149,0.6463936089829239,0.6235991757226474,0.8951236222795919,0.6886578591081834,0.9084179105294,0.8740331788266188,9998,50,1,50.0,0.005001000200040008,0,1
309_UCR_id_7_Medical_tr_3000_1st_5948.csv,0.999445502747058,0.8789270409863827,0.9982241207431451,0.7525203201323506,0.9963366159569712,0.9993318412675868,0.9999951906639972,0.9999925900652882,0.9998753405072514,0.9828500284532172,0.9979531189563484,0.9991296844305936,0.6878423713346788,0.9990566034038626,0.9945209564076716,0.9999925900652882,0.7968158483408204,0.862486378568795,0.852231062219749,0.6290112929991833,0.501961515471872,0.8674034846564342,0.8699661532356872,0.6756283871720613,0.8644506690161857,0.8355100463165308,0.8457950825111663,0.8069553860502797,0.9373047322507114,0.8127680902354423,0.8615656018650998,0.8608297059318827,12000,45,1,45.0,0.00375,0,1
326_UCR_id_24_Medical_tr_1875_1st_4187.csv,0.7812270795815415,0.9189069257254728,0.9983233595198217,0.8799555469084419,0.8207108839895372,0.9936346977774008,0.9997449709421996,0.9991221283517768,0.983210193431868,0.99442094273004,0.9511799813627608,0.8607319117932531,0.7320186745356874,0.992385886007124,0.9754941896968464,0.998221761543598,0.672981722299579,0.8972474660985349,0.9186817116452732,0.9032801560452026,0.5027042050755045,0.9171782852498416,0.9767206137721516,0.5960992991927023,0.892830330411256,0.7443854689614089,0.870948445216786,0.8926592192373873,0.9947263347251728,0.9954922949063264,0.9094324295803536,0.9143237780660805,7501,12,1,12.0,0.001599786695107319,0,1
346_UCR_id_44_Medical_tr_7456_1st_17390.csv,0.8349131171188771,0.6445279533995009,0.8542055929767095,0.4763375597304193,0.6829619757497397,0.7273878844729903,0.7333118874621016,0.818891683607204,0.8643804656468055,0.527995429435095,0.5910434269964798,0.867692599385756,0.6809638584599581,0.6660202863642196,0.9349524370573008,0.9592304427232062,0.967268580390636,0.4968380367511495,0.6224566095763187,0.6579590325347667,0.500114464115303,0.5887751726266142,0.6415052101322276,0.5940902254051638,0.4651451947790263,0.513011524298525,0.5766609886707786,0.6446590072187292,0.419869017556664,0.4052170983955634,0.4767986481919286,0.64021622656263,29826,130,1,130.0,0.004358613290417757,0,1
361_UCR_id_59_Medical_tr_3000_1st_7175.csv,0.9648550802425824,0.5774306256279712,0.7901079899336447,0.6072383416892057,0.161593244179502,0.9981677341973954,0.999840686824191,0.9998092574905232,0.9993499336597668,0.7855397794376674,0.507876721081298,0.972860863724769,0.8233790270971683,0.9964375661141855,0.9975412387993664,0.9999173572582514,0.7373732693999548,0.5951166925205538,0.6568344665006792,0.6558216607414098,0.6147472292488365,0.617397990585457,0.6518025253789044,0.6576467792907096,0.6035611946989792,0.639949062554417,0.6226128814137055,0.5881337482429336,0.4970839924336944,0.546009995279434,0.5700982459535934,0.5719521111566133,12000,213,1,213.0,0.01775,0,1
371_UCR_id_69_Medical_tr_1853_1st_6200.csv,0.9080510581751168,0.643169979766136,0.973163584792578,0.6200558015076488,0.398788174070143,0.9920817882180614,0.9988167553514828,0.99957926534045,0.9980557331341552,0.641678440179274,0.3541994435894137,0.926840251881456,0.6382179649782853,0.9832826463288724,0.9836077437848312,0.9984510754779218,0.7268431778997461,0.7259037490303434,0.5796675313651933,0.5777107953558498,0.5071468661319382,0.5754662622462993,0.4689677382886847,0.6165741531924399,0.6820934211836651,0.6234623530376686,0.6778070513478361,0.5908102247082845,0.6213622493459047,0.6256895407195944,0.7368089039334985,0.7359899018729991,7415,170,1,170.0,0.022926500337154418,0,1
382_UCR_id_80_Medical_tr_7500_1st_11800.csv,0.9071958630079042,0.6279874914080114,0.9960672064337572,0.6218897510177264,0.9374735062520646,0.9959558555594158,0.9630762381611748,0.9634832217598764,0.938573894999717,0.6671415334507627,0.8937944698993775,0.8666771283598362,0.7397621030359354,0.8859846453845566,0.9751458648843132,0.973848041263454,0.7227866877480313,0.8430162457339975,0.6819229573058667,0.5651777721702544,0.4703958774596781,0.5608349422414879,0.933813921401786,0.6475864380500552,0.721040323539843,0.7023397639403729,0.6662271559985826,0.6644343628722253,0.6328726629580187,0.6823218561901286,0.7689072514039266,0.7816857166455368,30000,300,1,300.0,0.01,0,1
391_UCR_id_89_Medical_tr_1875_1st_5759.csv,0.9680517090076212,0.6887112672277673,0.9904061147493676,0.6235156734919668,0.6033863574941557,0.9993892673833584,0.9996059075539886,0.9990224317246604,0.9917042676262928,0.5995038095045795,0.6685875560895365,0.9819507197479882,0.5596741253711428,0.9062860087664822,0.9769700729272214,0.9999222868115828,0.6456675671259519,0.6741424452412788,0.6007379651066067,0.6106204241275044,0.5197859009313485,0.6055509345495175,0.6277281659245626,0.6525141162954554,0.6032606526615596,0.595298042412367,0.5198547909246521,0.5881527970386962,0.5767692903663327,0.5672184242015722,0.6066255237535184,0.6071619764147955,7500,160,1,160.0,0.021333333333333333,0,1
396_UCR_id_94_Medical_tr_1875_1st_5607.csv,0.7683401568932885,0.8623937418628965,0.9977430250702952,0.7337897583908317,0.8779132567948558,0.9985144223122928,0.999876578141564,0.9999469475814114,0.9819359180235052,0.8888023566477621,0.9055744190322962,0.6515119262379174,0.8089046438573747,0.997111482395903,0.9996624210954396,0.999926944029874,0.7127457713135249,0.7596126450832582,0.9108456544924498,0.8981553465514425,0.5032472986233699,0.902450441264334,0.8819052927590416,0.650054409140841,0.8495861208645401,0.7590224683197395,0.8574460681939308,0.7601353215853772,0.852721957477003,0.9577313197261216,0.8209455476131013,0.8286014503621578,7501,27,1,27.0,0.0035995200639914677,0,1
415_UCR_id_113_Medical_tr_3000_1st_8612.csv,0.9985318006515436,0.8171118878196207,0.5106953148439808,0.6854328927622837,0.9973255626441888,0.9975117630197192,0.9999609755766178,0.9999816625396613,0.999527356850771,0.8627133964284985,0.9989085412276564,0.999259415948523,0.998464762446395,0.7681192422949104,0.9984564271220144,0.9999650102138088,0.2773935728920238,0.6707306966723406,0.6856859604159302,0.4038660852781576,0.7017606309097765,0.7635950644829802,0.9377572262795856,0.4184559678398524,0.8311466719965699,0.7872997655725177,0.8743238780256855,0.7952837604901347,0.6959750767106847,0.7493124299830195,0.8564056134824155,0.8582211710485358,12000,104,1,104.0,0.008666666666666666,0,1
436_UCR_id_134_Medical_tr_1875_1st_4526.csv,0.8901382900436844,0.6101297542243913,0.9996381568576626,0.73921404960375,0.3754715826869329,0.9968738113854344,0.9981641957090044,0.9980828579893142,0.8418297338483098,0.7253114555426184,0.4042130776405894,0.9431211995812488,0.7933083390225598,0.9961968214167676,0.9979606175254948,0.9833902038789916,0.5380969188103668,0.6297615427898168,0.7399980049512477,0.7228637766891195,0.505304302353242,0.7331222521577329,0.6277171592117574,0.5894219658063581,0.674480532030199,0.7151261152313227,0.7407225124496136,0.6674568968012846,0.7740529841017271,0.8746992537159755,0.5790680387904059,0.585813276126785,7501,30,1,30.0,0.003999466737768298,0,1
437_UCR_id_135_Medical_tr_2499_1st_8000.csv,0.8783359332471042,0.8520212942968385,0.9995117405520014,0.6767088577717864,0.0692055565286722,0.9429374928236354,0.9961402067437276,0.994540159316294,0.9947208047035138,0.7127162603450031,0.0138831240312957,0.7688623802762192,0.999403529314859,0.9190147388557326,0.999484472689998,0.999673096595003,0.1299551464164192,0.8151907917737548,0.7898683310399591,0.6408512910419193,0.4820665848780386,0.258419783471651,0.5531360526998689,0.7168749075258884,0.3951496809240794,0.76433730389357,0.6387407496798145,0.4968072012131372,0.5918147623114657,0.7406918081229882,0.0168731074365232,0.0384429277995878,9998,25,1,25.0,0.002500500100020004,0,1
307_UCR_id_5_Facility_tr_29895_1st_39240.csv,0.4515291079046518,0.6994776092038336,0.3890595864066984,0.6639869149186064,0.7468592680293601,0.432552575483757,0.2080859800215896,0.3109896643577822,0.5730596854232964,0.8260562703866505,0.8262705076848571,0.3151752407174003,0.5428264668522302,0.7049910539528724,0.1645882498499392,0.1117789351201722,0.4234749703043426,0.7550064242730141,0.7762988022732973,0.7811438886970998,0.5107958341590412,0.7786558712053986,0.894069149186274,0.7794928283416528,0.7313818949334073,0.7294269232314756,0.7410153686529559,0.6871786078108347,0.6720566105366181,0.6605001053483996,0.8415425262405293,0.8317818342518472,119580,96,1,96.0,0.0008028098344204717,0,1
331_UCR_id_29_Facility_tr_50000_1st_837400.csv,0.4921660637110242,0.469350179229171,0.6165823821814547,0.5003089233943598,0.4533923328387055,0.5294736072523119,0.5958717904576989,0.6832634020505531,0.5232261011899043,0.2865161244813161,0.5361077563468993,0.4897682874448352,0.4815174113336933,0.5000148144616904,0.5919635613976147,0.4637952222935477,0.4850663253120639,0.535888183184444,0.5524380714418664,0.5427271595740942,0.5013796266271722,0.5504231644610922,0.5631494241699201,0.5343533874458585,0.5009911852508528,0.4963683665338908,0.5114893694336495,0.4926223260362602,0.5415526330882594,0.5011094161463546,0.4941829041386647,0.4717291968162143,900000,1700,1,1700.0,0.001888888888888889,0,1
332_UCR_id_30_Facility_tr_13750_1st_52600.csv,0.9973371235047968,0.6844459392306008,0.9917700616038452,0.5091094155374576,0.4475875829326495,0.9999060412963996,0.999942125564977,0.9982313529998608,0.984631776296116,0.7277026636773467,0.325552347772459,0.9977382809538528,0.5396145058038203,0.7646688454099664,0.9640504780880574,0.5182084220425952,0.6536518684844451,0.7316177519891206,0.6320598276795265,0.6432649007922163,0.5383739445286212,0.6370461253003638,0.4350598410414478,0.5945593176998912,0.5424956910912704,0.492268553668195,0.5440240702093525,0.583428730831908,0.598804351013611,0.5666277598415438,0.5756558920662211,0.5655763127406318,55000,200,1,200.0,0.0036363636363636364,0,1
349_UCR_id_47_Facility_tr_29954_1st_74900.csv,0.2965439624094159,0.5957928330714908,0.2594313634008454,0.6398037296187846,0.659920230557386,0.1191899355556131,0.2174979390842221,0.4355811077945442,0.5598651605423369,0.7627691332053839,0.7562489810313354,0.2390501794649215,0.5301536948590441,0.6458399707869696,0.1229306189117398,0.0228564798629622,0.6939212106719466,0.7384930182660636,0.7346819943068887,0.7362496137343711,0.4980721031257566,0.7364736410337827,0.8192871699211267,0.7576019428738265,0.7466145884176024,0.7388668476815088,0.7444060202533641,0.6870693136754709,0.6429508213311049,0.6792701170863223,0.8260271045489531,0.8232563560336185,119819,96,1,96.0,0.0008012084894716197,0,1
358_UCR_id_56_Facility_tr_10500_1st_29080.csv,0.8046538123392456,0.5411654849399617,0.9906329879043896,0.6392099991617725,0.7958615337393066,0.9183019650100112,0.9360350057544992,0.7783008761047626,0.871116357795714,0.8506638673954982,0.3126550808715418,0.62907523106529,0.9556758472290212,0.961369709101081,0.9593550029419944,0.9564842792307888,0.9452945432076286,0.5984643283680635,0.6025784428144991,0.6063341895157712,0.5000793889930538,0.6064258273999087,0.4834303235217122,0.5638132894524527,0.5095887639892073,0.8201992015427283,0.6104911758698157,0.6303417633495235,0.5285596446938166,0.6580158564131334,0.4278670736309977,0.7462717136906454,42000,60,1,60.0,0.0014285714285714286,0,1
406_UCR_id_104_Facility_tr_20000_1st_67950.csv,0.9651476816127296,0.7044247305021678,0.8441715845521646,0.569755152940748,0.975427486248151,0.999831418626684,0.9997425273793972,0.9942406813075684,0.980462955461392,0.7433591662146212,0.8571853491525236,0.972218710253548,0.6828329794489539,0.5562882464259491,0.9170490350340008,0.9421489046253024,0.5411406257100089,0.7964496083347715,0.6394666044119074,0.6342460840179521,0.4950270523068689,0.6405682205179447,0.7699775161179127,0.6217343026425595,0.8008873404674025,0.8129463545290092,0.7456919040743221,0.7943520900318033,0.7148186803831698,0.7606041261644672,0.799888883691261,0.7915200480626896,80000,250,1,250.0,0.003125,0,1
419_UCR_id_117_Facility_tr_3000_1st_6168.csv,0.8157053022003001,0.607853716041617,0.996671783422339,0.7242462098177731,0.8319235435836738,0.9991289144374388,0.9999891959500372,0.9999349218756424,0.9960905516184853,0.7463605201742626,0.8368466355205789,0.0124869996547365,0.9742162970914712,0.8337927415779728,0.9994174431201406,0.9999917395901348,0.8411549468719635,0.7067583975898324,0.6489656685036965,0.7119769024996225,0.633010552557384,0.7338135571727569,0.726440898418557,0.6882282712430647,0.6509583568263362,0.7029890071134813,0.565750358943496,0.7263614841727516,0.7128060113147829,0.8517378012929986,0.7428432993566715,0.7454872468397689,12000,44,1,44.0,0.0036666666666666666,0,1
420_UCR_id_118_Facility_tr_13750_1st_52600.csv,0.9719740894714668,0.7682837160238277,0.4917852189411623,0.6572164301340782,0.9979986071019924,0.9993592608077064,0.999824388458472,0.998939398863718,0.9998342440648866,0.802491984664577,0.999562760980372,0.9934944442025696,0.5186086267825952,0.4076830027440962,0.9996788089318166,0.9998289011575868,0.8514203759795936,0.861001912482601,0.7514438092655029,0.7428409856095715,0.6209778431331953,0.7473734085511655,0.9304250461325424,0.7251083381043135,0.8447807898448669,0.8925817965933348,0.7413471017212965,0.848252173511978,0.6993783840619765,0.8703628910302506,0.8770099680617522,0.8836358355109055,55000,200,1,200.0,0.0036363636363636364,0,1
432_UCR_id_130_Facility_tr_23000_1st_26970.csv,0.6882291890323464,0.5729572156415492,0.9823828257572282,0.5141176263236783,0.721341405976065,0.9883239489110512,0.9921269851901772,0.9117987178578676,0.943665486638514,0.8714787589977473,0.625621058107431,0.7327632823090519,0.6239706921569953,0.7605392961495445,0.9756712357764604,0.749458224402577,0.6455455747666765,0.5734783335925374,0.6570487343619495,0.6575144721930075,0.5039587774630944,0.6920435768551462,0.7248173027536969,0.5941527730166866,0.6744546039842357,0.6651019080140161,0.6664054665946835,0.6373733019498564,0.6222742456720498,0.6633106633833401,0.6885065390226563,0.7213110641170617,92000,300,1,300.0,0.003260869565217391,0,1
452_UCR_id_150_Facility_tr_10000_1st_35774.csv,0.9867848528637424,0.8010836190448426,0.995702084468337,0.6355517123712563,0.9997995041603434,0.999597448896589,0.9996744868477476,0.9995397965206628,0.9759121493212786,0.850137905805237,0.999589236359095,0.996248549916608,0.8659033869638534,0.668546101384061,0.9993401013150432,0.9936452383956632,0.999495685743301,0.8139090476986285,0.7880564767498824,0.8007532084442872,0.5826414186719524,0.7958252346236654,0.9995625359939908,0.8270668445992853,0.8169668362270295,0.9060284455051798,0.7380482495510048,0.7634747190391751,0.6763396849347562,0.772468454530325,0.9606487076209156,0.9663143152782606,40000,100,1,100.0,0.0025,0,1
471_UCR_id_169_Facility_tr_10000_1st_35774.csv,0.9007725772454064,0.6034226796661606,0.9973831215616288,0.5206660337835464,0.8516576693173792,0.9995464008359476,0.9994646410262832,0.9995019661856824,0.997833732213922,0.714392638174011,0.6644328569356635,0.953652462807612,0.7414856716628725,0.769800883968166,0.9962897486174612,0.977719787948556,0.941253692816202,0.6912425455564811,0.6549108903850234,0.6529820940959409,0.528790301307677,0.6387393746061517,0.8360818493043098,0.6828723615379497,0.6541543118919806,0.6225433174457851,0.5523163613432377,0.5365761892723659,0.5991575057022548,0.5724350927774858,0.5776246921864832,0.6734942801069393,40000,100,1,100.0,0.0025,0,1
494_UCR_id_192_Facility_tr_22500_1st_72150.csv,0.7899007026476763,0.8100485755322074,0.9174202535783652,0.5440037074225903,0.4741911115153051,0.9130993694364984,0.8846063458692258,0.9193501893112302,0.8537706155084713,0.5902387383078632,0.534351044411128,0.6572206342438806,0.5703650317017696,0.5435631550883315,0.8863643192666071,0.9455367214948396,0.6670380865829858,0.7319535324030354,0.5685946360843145,0.5717569594427085,0.470381531761196,0.5679165874426068,0.5523947909394425,0.59783699673602,0.5760571912786295,0.622875102863184,0.5819384797576641,0.5739312323778148,0.5278323064027797,0.6423261826787703,0.6156319296391818,0.6234798436265052,90000,345,1,345.0,0.003833333333333333,0,1
500_UCR_id_198_Facility_tr_7482_1st_23357.csv,0.2009702147444537,0.4201834616009325,0.9404765092307692,0.5212165130968394,0.1008436646441054,0.8209526057732802,0.7392574511527505,0.5796394199447923,0.4707255776993258,0.504124667077362,0.0377188763623476,0.0461227417114424,0.7078248902796491,0.8191956733144864,0.9019188178668,0.93302096836735,0.8821041267837161,0.4390777972847806,0.4458093566379418,0.4468723113284484,0.5002784546049868,0.4324470180651558,0.2482430470111156,0.5685410682105977,0.3829144096050568,0.4471903344347174,0.364862247849437,0.4167445600532285,0.3729460310307765,0.439609689683859,0.1275386703643498,0.1583807699071232,29931,360,1,360.0,0.012027663626340583,0,1
517_UCR_id_215_Facility_tr_7482_1st_24005.csv,0.8691148011900196,0.6635478222724037,0.9996546637284446,0.8210117839085763,0.3041309956096666,0.9998066300208672,0.993703542015702,0.9835821532723384,0.950268030652442,0.8322968763388822,0.2083433644140974,0.9486381209881918,0.6947240039231618,0.9916890667438956,0.9968758052450762,0.913712808734834,0.8705700576499631,0.6808698520128877,0.6748382131572102,0.670604106420733,0.5051969560783535,0.6680419342464483,0.5506291915082195,0.6505503971453824,0.7233443262609124,0.7054848176045846,0.7522733901910147,0.7621980604197869,0.8740941478327405,0.8486120583872164,0.6732876506562232,0.8280029685175845,29931,72,1,72.0,0.0024055327252681166,0,1
525_UCR_id_223_Facility_tr_50000_1st_250720.csv,0.4410673750194461,0.6600401653593063,0.6288069429990645,0.5283621997917983,0.6783815057863444,0.6579135438026605,0.6227096266691685,0.5758445697745408,0.6388850761229028,0.6506637728924793,0.7943585716349173,0.4699609335252602,0.5453372110413083,0.6297706611496601,0.7621058551295359,0.6835653197314308,0.7394476643467137,0.5924742288363379,0.3351467089667502,0.3260137892939223,0.4838637115164022,0.3256208498311245,0.3574235397129338,0.6990921385089589,0.6054420796180859,0.6100957299093481,0.6000712066188069,0.6735159589051674,0.6321761732241146,0.6118847054510366,0.6834985563459353,0.735048039104217,299790,650,1,650.0,0.002168184395743687,0,1
310_UCR_id_8_HumanActivity_tr_2631_1st_8285.csv,0.6956621019354694,0.5925557231399066,0.978172389537079,0.712487782424272,0.5721249316186338,0.9700499670288488,0.8447039352992347,0.8213616365951469,0.8877132281812173,0.5693915310897595,0.486795229274599,0.6624289237597176,0.66835088109273,0.6156452275462823,0.9217630153735134,0.8650110534328647,0.5405447717241839,0.5230737375675121,0.5809946449880549,0.5411227185134334,0.4935811616262114,0.5799359234982103,0.4335046016049134,0.6157794644551017,0.6851047133732456,0.6104211901468907,0.7315851028130902,0.6064736178766964,0.7019683529151851,0.6604734605709232,0.429894567465986,0.4580546194970409,10524,30,1,30.0,0.0028506271379703536,0,1
311_UCR_id_9_HumanActivity_tr_16000_1st_38400.csv,0.5216259888796393,0.653861374699671,0.935727062124191,0.759432889752076,0.4509407747046907,0.7573195873080945,0.8106441029182231,0.8255122775113996,0.5046192138241605,0.6245791520703271,0.4276441083170675,0.5215556807061582,0.5580607327191606,0.7054212676879479,0.738228874252601,0.7832477277735288,0.5854463152761915,0.6278334526490121,0.6122057434860131,0.6137128390878981,0.5138539963232458,0.6135553543195249,0.5744453931304121,0.5981831304551568,0.487408094940708,0.569278312352034,0.5278653296795079,0.5284800329702573,0.5473218061918873,0.5860219550442862,0.5443752887425044,0.5458081998778608,64000,800,1,800.0,0.0125,0,1
315_UCR_id_13_HumanActivity_tr_16000_1st_33070.csv,0.9486289178408476,0.642805505871839,0.9931596292861982,0.9583474393909956,0.467307384163158,0.9873598458673256,0.9712275371074826,0.972327924285008,0.7376704830097265,0.7225480370631563,0.5059905657523676,0.9490265603036554,0.7338492699199493,0.9284185562315171,0.9590132842275176,0.9665056492682697,0.6626000973044859,0.824963923967057,0.5191267894005765,0.4978925282244522,0.5247760513331915,0.526446400572795,0.4936092914142481,0.3376307669423132,0.7899332991680836,0.6223373531439204,0.8532530407433188,0.726428867800629,0.6895133310561494,0.7467801120206958,0.7218308992943331,0.7161909177973268,64000,110,1,110.0,0.00171875,0,1
334_UCR_id_32_HumanActivity_tr_1671_1st_2764.csv,0.6089990231661473,0.4278472444264766,0.75660180449556,0.5536074256202169,0.1757387971194515,0.7467055450486009,0.6733256045360972,0.3832778043644577,0.2760378503633836,0.3670242163575081,0.0888182637155579,0.6827534227103433,0.2488963429627305,0.3899743634144332,0.3923516566087427,0.1418003991052639,0.6163191487891111,0.4433715236625811,0.4497981232821492,0.5151130880726094,0.5260535595114245,0.5147450951649347,0.3170541383102999,0.5292003818508543,0.4141231942628977,0.4293169266087485,0.422946301271863,0.3524340702651198,0.3006793892109499,0.3434288808041735,0.2247914475583699,0.2285188856264306,6684,231,1,231.0,0.034560143626570915,0,1
341_UCR_id_39_HumanActivity_tr_48812_1st_128430.csv,0.963738698743462,0.6397361874265403,0.9917427723601846,0.944974525868688,0.2388788855072378,0.9778519045629108,0.8784882343483386,0.8764968840693753,0.1644006374324702,0.9702324606142314,0.6245163949537483,0.912362056708936,0.9030534397228048,0.989994835527177,0.965884543449782,0.888964249506781,0.5933116577389482,0.9348986809084312,0.9253497937108656,0.9271469215366044,0.9163892966010724,0.9089929515915208,0.921714268545658,0.7826793851542873,0.3890470374940014,0.7754522479253253,0.934771320980088,0.2849745003612642,0.9084531072550448,0.8681740616391111,0.1235796886804695,0.2954646670394316,195250,1,1,1.0,5.121638924455826e-06,1,0
355_UCR_id_53_HumanActivity_tr_48750_1st_143411.csv,0.5839123106745882,0.6939832410308615,0.9959898005258156,0.6239300540025039,0.747896989220142,0.8534837929655926,0.758020351711964,0.7583498969507799,0.8895140728457418,0.9945796194987008,0.5652099275808744,0.5511165579295034,0.6904317741496805,0.995202956370838,0.8169793665060525,0.7487872015432632,0.596608583745805,0.9523515829954944,0.3886981471769385,0.3816940197694748,0.4968849733724181,0.3852456254497631,0.3090630703757506,0.5404010979710259,0.6731922731194088,0.9301846734739846,0.9020367580443304,0.7618162644113547,0.9711901049456756,0.9681063473999132,0.7754119848523798,0.9969714274417946,195000,100,1,100.0,0.0005128205128205128,0,1
381_UCR_id_79_HumanActivity_tr_16000_1st_31200.csv,0.5658940444884603,0.6086941516216745,0.7797674484450874,0.5382879691271757,0.5247151032788004,0.6235722132522178,0.753392967749697,0.7754156806025397,0.7823893933912072,0.5396986847605825,0.4532534581658344,0.5798398947935336,0.4973544196390324,0.617788648157387,0.6516369262458899,0.7243222594302413,0.5518867281577088,0.6373325013963574,0.5765296133178603,0.5752523716765922,0.5109615162356985,0.575391718256213,0.5497423476616792,0.5432133973031472,0.526101074032763,0.4681209469057007,0.5322924965498887,0.4992532240581094,0.5209612091773944,0.5285865119724664,0.5145386034712248,0.5221247312246324,64000,650,1,650.0,0.01015625,0,1
401_UCR_id_99_HumanActivity_tr_1671_1st_5920.csv,0.909195531521818,0.9716448902720805,0.31382944342707,0.8283208321785811,0.9976862964403874,0.9936988515387648,0.999950153760322,0.9998829394350964,0.9993808897001488,0.9717286924834332,0.9999715365779788,0.9974665113668548,0.9149502770652236,0.9952981856412336,0.9896364364025416,0.9958202400721208,0.9931984181100576,0.9744759251652588,0.9812505581866894,0.9864306456982228,0.6293185426357935,0.9905470412809572,0.9999770995248624,0.9003847476467414,0.6713012997246882,0.6250097945140275,0.5971424844631738,0.8126295894840352,0.6822305034539032,0.7963099880430191,0.9327243439065548,0.9402076939444406,6684,59,1,59.0,0.008827049670855775,0,1
421_UCR_id_119_HumanActivity_tr_48750_1st_130700.csv,0.5258213974610153,0.5703492694925789,0.829410000533166,0.5400408675667878,0.4685304674950393,0.6772398570672649,0.6372975123451898,0.6329431724796836,0.5123352484818813,0.5694072232841081,0.5837922017423617,0.5093085276366734,0.539559759739388,0.5256231688609121,0.6697080959191555,0.6269080051630798,0.4731453920384084,0.5857476738997801,0.5178707935877188,0.5186427211007794,0.4930423591453763,0.5188147513795393,0.5313575927628336,0.5257461264795211,0.4692056239324142,0.5425356010814506,0.6127346553669812,0.552560670664082,0.5242835683999466,0.560693423809765,0.5325343217189334,0.5692470672202055,195000,1180,1,1180.0,0.006051282051282051,0,1
430_UCR_id_128_HumanActivity_tr_12500_1st_46500.csv,0.5541647164706677,0.6361262875231323,0.7704601485389717,0.5372918494995829,0.4823815605025482,0.6905947573925003,0.7737934404377808,0.7752833247492804,0.7302330457074709,0.5529207620321218,0.5984288091791744,0.547718191938254,0.4087431917637585,0.5344153148570122,0.6838793654473724,0.5056517000271117,0.5297710079520156,0.5777288643417118,0.591160824173713,0.5875392201595118,0.4765829782854565,0.590690791982038,0.6131607787494414,0.5381159670351563,0.5755863237747765,0.5237891102287431,0.5757750755315104,0.5793224392918958,0.5383345112594635,0.5347994472958657,0.5717643525274179,0.5743225262427062,50000,300,1,300.0,0.006,0,1
439_UCR_id_137_HumanActivity_tr_48750_1st_110800.csv,0.841650322843722,0.8853380514234065,0.998125941331703,0.9752127543729656,0.905257981389428,0.934103348943934,0.6807255383386885,0.6873432624611193,0.9114082027790578,0.9992987345870205,0.8116137893674189,0.8830730392832692,0.9524201544033488,0.9991080271185784,0.8972428586937687,0.6927884067414891,0.2626105265180245,0.9794479280251884,0.6083612847068093,0.6372751716490623,0.5729001449605816,0.6072745615700881,0.3312062168672331,0.9832040487186116,0.8797525217418021,0.9626489290960007,0.984286294097148,0.9202737618379616,0.9992934849617922,0.999295218654686,0.8538476099717667,0.9987777441880662,195000,1,1,1.0,5.128205128205128e-06,1,0
459_UCR_id_157_HumanActivity_tr_50000_1st_110260.csv,0.9083754990582896,0.6577674869870076,0.8375532689998674,0.7745025161587347,0.3310295717012751,0.8800312015477173,0.9565904370435848,0.9421158580022112,0.985014168042097,0.6969299630491419,0.0223262012082445,0.8968201777540501,0.8794012234746489,0.8569307816994748,0.8914346228560134,0.9622215307757518,0.1624590108868401,0.477666523560173,0.082496383771013,0.052815984799851,0.8097651252465583,0.0546638957086034,0.0436453584277197,0.2144791586702801,0.235478177300491,0.4832249189645155,0.2636534287700096,0.2388594033419205,0.2924848772050762,0.4530298945782027,0.2647373615626846,0.291921952793587,200000,152,1,152.0,0.00076,0,1
473_UCR_id_171_HumanActivity_tr_2617_1st_7290.csv,0.8384584530904067,0.894422427553084,0.998220415955638,0.8079610859742326,0.7619993228674636,0.9946728334684845,0.6633526284924018,0.6457876725064184,0.6638558660501279,0.8248115118409182,0.9612414785215364,0.8877633429214931,0.4516611054517003,0.6367433484599612,0.8504059312819734,0.5099546275811674,0.8056287939523689,0.8837941957674466,0.8949388564056213,0.8266859010678514,0.4800645021087147,0.8351883295708007,0.6987182437734308,0.8088658608893619,0.7444614486336769,0.7467838165365425,0.7496593026224148,0.9274062476050052,0.9152207335875652,0.8069664675051501,0.8697065022569397,0.8719588056057573,10468,6,1,6.0,0.0005731753916698509,0,1
516_UCR_id_214_HumanActivity_tr_2108_1st_4702.csv,0.9914814901807472,0.8783736293334514,0.998768887060878,0.6198472247171746,0.7510945546244746,0.9560792396253776,0.9338741319169824,0.9572445710217156,0.9988952687080984,0.9857854426918408,0.8355977626128661,0.8452245319475105,0.926835459195928,0.8904608481933252,0.9013421554490552,0.5980133571885189,0.9634052930021548,0.9033926293753862,0.8951980451423467,0.9190036505985604,0.6341971295946711,0.9987409066323926,0.9939355915717007,0.8683879266091447,0.7054333216933909,0.8755173075350594,0.8729153043078193,0.6353272905427959,0.9351431589767438,0.8824748957189437,0.751098378354194,0.775441206765251,8432,5,1,5.0,0.0005929791271347248,0,1
530_UCR_id_228_HumanActivity_tr_16250_1st_38500.csv,0.5429131824173656,0.699986094651195,0.8394903433547602,0.9117144733049144,0.5163744804412808,0.8365650881338471,0.8641597111045571,0.8644703082710753,0.7179740631248914,0.6304231510430616,0.6479595941863474,0.542335482051482,0.4580774152583638,0.6280562257795539,0.8225427215910415,0.5799344252717141,0.5018968363238681,0.6207610733326177,0.6497004986246134,0.6496523911487885,0.4910583922060428,0.6504893846166809,0.6561858960678622,0.5769878074541521,0.5321294919868302,0.4991758377906851,0.5101928991562565,0.5674521940328565,0.5884968994306883,0.556261208483287,0.4944073059929873,0.4951356951102901,65000,300,1,300.0,0.004615384615384616,0,1
319_UCR_id_17_Environment_tr_6166_1st_19280.csv,0.6662336133151965,0.3492209547483972,0.9287112556626236,0.4449335872350434,0.864800664572872,0.3386127965673359,0.6417918203144943,0.5115472160044218,0.8853885814234395,0.6643137409524339,0.6657756480277727,0.5728654497076721,0.7503986302944207,0.627245714211504,0.9704121327710328,0.978041472274898,0.4801301950590433,0.530708816465758,0.4836442238161944,0.4664717244440838,0.3877525639163667,0.4598032124143793,0.4027993166776962,0.5296414585056218,0.7679100886565188,0.7037237491305699,0.7430078713813528,0.6156069001192035,0.5261106584987261,0.7404535354925136,0.9339091433457324,0.9372461060526598,24667,160,1,160.0,0.00648639883244821,0,1
385_UCR_id_83_Environment_tr_2046_1st_6006.csv,0.877183154353784,0.5203713859283655,0.95158438261111,0.5918425998642864,0.7755398644486554,0.9814645919336752,0.9942103805725996,0.9931187473298424,0.755071796890112,0.5767458894851847,0.3990360722691567,0.9209595605382546,0.9932857494500408,0.9909589868886206,0.996257302364172,0.9989892394067492,0.6917230920194095,0.5294910484011499,0.6227442174307596,0.6193148615256391,0.5190054289775385,0.6166697962612994,0.4322875297902005,0.5496703793370598,0.726479346022281,0.5422120341624591,0.6257126444563201,0.4823506820918659,0.6147439754956987,0.6213584721700895,0.5977365352386884,0.6915374355287607,8184,48,1,48.0,0.005865102639296188,0,1
387_UCR_id_85_Environment_tr_2046_1st_5549.csv,0.8873360575108934,0.6903770446723999,0.9977218660592724,0.87460343817642,0.8412886501953291,0.975275328329786,0.9440724865142552,0.9431338722832778,0.7712130939525269,0.8800458818384836,0.9109397635187078,0.906827603254528,0.7985773541156559,0.999134132165132,0.9338642470859104,0.8864571832778264,0.4678447997358638,0.6910533395575196,0.7814565346288989,0.8096394663194282,0.4827490544104886,0.8022563680825207,0.8902020216826243,0.6344735028132842,0.6941896979419682,0.5525113288238765,0.6455926785882822,0.8316558697575809,0.9339134785481704,0.9026526050818304,0.854372873915915,0.8889953885474597,8184,48,1,48.0,0.005865102639296188,0,1
393_UCR_id_91_Environment_tr_2046_1st_4852.csv,0.8869415336095469,0.7179698856695819,0.8152667293954308,0.8264150797078037,0.4877636257395566,0.9744767191302088,0.9925951219623176,0.9896241611647842,0.6791627552650064,0.7441783797520499,0.7292562674908298,0.887344008238359,0.9964152740965556,0.993568223479144,0.9986038344192648,0.996250214520041,0.8360522256792795,0.5360218365602967,0.8118335434978634,0.7952346665761069,0.4666666341723752,0.8146841174715433,0.9570365751653972,0.3750892822405043,0.6145477737097991,0.5993346706309913,0.6250486897097284,0.5698428564061255,0.8363707470039494,0.8373664362677729,0.4822270898674863,0.54362717026817,8184,48,1,48.0,0.005865102639296188,0,1
400_UCR_id_98_Environment_tr_2046_1st_5391.csv,0.8853961322661825,0.6840865165940926,0.9901096427633648,0.8879024154095759,0.5013756120794902,0.9901757080877164,0.979332479944364,0.9829706548297013,0.2817909418520094,0.9992169640788664,0.4851621177023732,0.850272375292578,0.9393658289830824,0.9976296962577434,0.9675604013538126,0.9763456847025218,0.6124893071000858,0.9216668703409506,0.7730661126726139,0.7157750697726992,0.9673188151870048,0.7015246916590783,0.3370614641488598,0.9363643345800676,0.786823346477597,0.7127049637977609,0.987228730503672,0.9296279912182848,1.0,0.9992006285416984,0.6814627484475007,0.7535887846998937,8184,1,1,1.0,0.00012218963831867058,1,0
411_UCR_id_109_Environment_tr_2046_1st_4852.csv,0.9000068060889695,0.6521723804413285,0.864374190221403,0.5346555038100979,0.4608910646226494,0.9764749276912366,0.9924832885244332,0.9860278453714096,0.7532360347552562,0.7206963685463731,0.654679045941322,0.9180719415102456,0.9968939410305112,0.9964992425489544,0.9988363502411411,0.9995729762803712,0.6949489887809586,0.4889146154013961,0.7764732892055626,0.7685396098741104,0.4921872267133174,0.7780892941321136,0.9365021118495528,0.4615479832173346,0.5306561278836837,0.7189838640979361,0.711335509280665,0.5580751667062854,0.8209959379722288,0.8155147047219916,0.4477116467094328,0.5076548456668897,8184,48,1,48.0,0.005865102639296188,0,1
445_UCR_id_143_Environment_tr_6166_1st_19280.csv,0.5331576949742406,0.3546410303908726,0.9786908154260509,0.5587620280596876,0.903309296658136,0.3251358821725463,0.6585405678750458,0.5049444161850903,0.9071788120210716,0.608512284026542,0.6593554626482301,0.5526245802231976,0.7461493414453895,0.4895327651845171,0.99030839992955,0.9748014877715074,0.3161986733577534,0.542462860605429,0.4992021610360772,0.4570538107094533,0.260952968036527,0.4516186072649413,0.4013899013552358,0.5260045379000708,0.7027649592006161,0.7504989889934812,0.7071949387610132,0.615537500240003,0.5627520933257125,0.716087128650144,0.9338637097516592,0.9350312328413788,24667,160,1,160.0,0.00648639883244821,0,1
463_UCR_id_161_Environment_tr_2046_1st_6006.csv,0.9299395897003506,0.5008152185676292,0.9495079597064118,0.9140520239711172,0.7517082137349078,0.9815012891272502,0.9953117389879782,0.9922783488069962,0.822043208781747,0.5730419724993808,0.3122461841077911,0.9530535241993122,0.9914793382918828,0.993617908875789,0.9953117338349848,0.9990167872586376,0.6534738426956045,0.5193624265906972,0.6161331673925421,0.6015474818021511,0.5067561301554789,0.608806971215286,0.4257590580496165,0.5236471909532079,0.6688259883461442,0.6348350607211573,0.6879116740918535,0.4970342707789881,0.632272931114917,0.6552462420991803,0.5669602199195668,0.6229439791178253,8184,48,1,48.0,0.005865102639296188,0,1
467_UCR_id_165_Environment_tr_6166_1st_19280.csv,0.4531630443971711,0.348840485977778,0.884946402482378,0.5891072079257184,0.8653275370804983,0.2417465344280278,0.4605828617337764,0.831677051759796,0.8769031015376313,0.527815977241498,0.6607689255038791,0.3691506192149906,0.6926237200772947,0.3241600478097371,0.9078356361268416,0.9120490115486948,0.502364986566826,0.5514676236676123,0.4708883106519494,0.4695090403490458,0.4338890162545474,0.461799225095436,0.4058810296249694,0.4932297064478072,0.7063707238409148,0.7846491392032102,0.7433635714789127,0.6010331267904868,0.560975233578226,0.6356114178067659,0.9326550228033068,0.9342528029282288,24667,160,1,160.0,0.00648639883244821,0,1
474_UCR_id_172_Environment_tr_2046_1st_6520.csv,0.9188651953994054,0.6204178893709656,0.9837728964567868,0.562873954181456,0.5698544444613589,0.986805339188494,0.9942122190808692,0.9871953989735,0.582455056679046,0.7085834560946954,0.3590117220326174,0.9098934108873676,0.9976713553146336,0.9974284280188708,0.9991391974494018,0.9998267396222548,0.8120655170188036,0.6494182143821632,0.7279447802892304,0.7147285182500347,0.4942322635432341,0.7261716220805945,0.4486347397567986,0.5674388247258482,0.6879349597712253,0.486053485443689,0.642164958196887,0.7568579784865517,0.7733039161931683,0.8190457647119929,0.4410180047289357,0.4876461662598739,8184,24,1,24.0,0.002932551319648094,0,1
495_UCR_id_193_Environment_tr_2046_1st_6520.csv,0.9254704454634528,0.6514990640393274,0.9666001368605198,0.8812538815357139,0.6333735836372125,0.9876106676090084,0.992056005742575,0.99260218938451,0.5431533676605786,0.720684488082568,0.425085413615713,0.903436162693306,0.9977544724462124,0.997413889112888,0.999132127194585,0.999808148831686,0.8622754344293024,0.6785303891514242,0.7575629572239844,0.7434335181236013,0.4649112843950814,0.7559699354287984,0.4710053926463495,0.4933983638106928,0.7328118064908575,0.6694099900141878,0.5097414732723875,0.7367646165134845,0.7599898627796192,0.8607286700364898,0.4662434966247677,0.5196206752001337,8184,24,1,24.0,0.002932551319648094,0,1
496_UCR_id_194_Environment_tr_2046_1st_5391.csv,0.9117239139740776,0.6515376067617689,0.9857409333270734,0.8308928681960874,0.4684958994085909,0.9900774557515076,0.9633816072239187,0.9739593807015854,0.1242923116007692,0.9992169640788662,0.4907464190706295,0.9081415801530716,0.9487504826739126,0.9976296962577434,0.9665839306846604,0.9729844515214772,0.4474217229695578,0.8895270683123545,0.7489918122937798,0.677602322923581,0.9183591645054204,0.6734166342973221,0.3088877592915668,0.9233674979417532,0.8244447839939302,0.9778809727483804,0.959992613990121,0.9359166149965796,0.9992006285416984,0.9992006285416984,0.6121636517394502,0.6908678338624279,8184,1,1,1.0,0.00012218963831867058,1,0
499_UCR_id_197_Environment_tr_2046_1st_5703.csv,0.9786776918589164,0.8007728623244913,0.8798976773665398,0.8503486463849684,0.57150028113379,0.9811393451292952,0.9818938367760416,0.9830157649927094,0.4625967686114989,0.7369467692471271,0.798050616895417,0.9922667192609348,0.996056423168671,0.5491344542783229,0.9990361303254924,0.9991712335380876,0.9883767655608312,0.7705992982282462,0.8724096420636478,0.8596231860015195,0.484183243935391,0.8792229082589063,0.8090301834791036,0.490260589665366,0.7573350006368185,0.7273101375469955,0.7599474404924322,0.5072201712077898,0.5807573017574332,0.5324852765719024,0.5423592884567487,0.6019350508116921,8184,24,1,24.0,0.002932551319648094,0,1
504_UCR_id_202_Environment_tr_2046_1st_5549.csv,0.8582718457587629,0.6801285169731558,0.9979239466304488,0.572664300522463,0.7876553807029717,0.974025134284047,0.9386648819926902,0.9543650992963744,0.7112947851607416,0.870068381546718,0.896474762811823,0.88278481738453,0.7625796186130751,0.9992885604908844,0.9241036629588556,0.8520983441883856,0.6059087094702471,0.6901359495276275,0.7688002892379998,0.78906199870394,0.5171025450692891,0.789992525370041,0.8827115579269786,0.654569649193554,0.6890348593000623,0.5098964666107271,0.7828039020300562,0.8358539539489556,0.9129763461521035,0.8702347970812063,0.8134850869180766,0.8446695572232685,8184,48,1,48.0,0.005865102639296188,0,1
506_UCR_id_204_Environment_tr_2046_1st_5549.csv,0.8552237088765584,0.6998758154344129,0.9909420634431544,0.6414169770920835,0.8439200846539369,0.9333148005576124,0.907886897550926,0.9480185279977634,0.6043757937334749,0.8964425130991772,0.9079693521744148,0.903870252527664,0.7664222457681444,0.9989486678578416,0.9009359962970672,0.8616632491144784,0.6607988414191796,0.7015288676193187,0.7771681397137339,0.798797915319459,0.4900942383665685,0.8017406408053225,0.8900365997477812,0.6426977996754566,0.6790421173235996,0.6370048979695246,0.621738018838428,0.8187460834522059,0.8682976383738482,0.8579188104076043,0.8677638731177049,0.9032160581543494,8184,48,1,48.0,0.005865102639296188,0,1
313_UCR_id_11_Sensor_tr_2827_1st_4711.csv,0.9687510571457016,0.5721490596523567,0.9995133120378316,0.542871456047669,0.7508154977770891,0.9986559264806244,0.999807919979824,0.9997217052194216,0.9996912408489568,0.5714737937303804,0.6006380138585279,0.984933201064064,0.994042288778234,0.9984205445357835,0.9998366095883584,0.9997782154619546,0.6729466999743944,0.6010052292660777,0.7982503501327598,0.5514822248210642,0.4865118687063685,0.6800833329196514,0.908806590881288,0.4398289622544246,0.6306764174138018,0.5266797241946967,0.5954965756610925,0.5514226647430347,0.6753962497629188,0.7131352757530769,0.581528252617529,0.5919361804020237,11308,98,1,98.0,0.008666430845419171,0,1
316_UCR_id_14_Sensor_tr_2833_1st_5988.csv,0.8822180818847454,0.660278966693194,0.969275114272932,0.9197079252057782,0.8363482777661364,0.9972588264181662,0.9997970768300574,0.9993657055309916,0.999908114569632,0.7168952051216104,0.8966618521246079,0.8843308913843054,0.9998676672602552,0.9997934967434894,0.999926099712127,0.9999199532891572,0.8518484853973481,0.6788097187312646,0.3756593010294394,0.746931637619517,0.4993797914452084,0.4633119708807403,0.5297533481267941,0.7556557263693396,0.545842840471162,0.5924582527750019,0.5325154628360347,0.6165178642204686,0.4651898865822356,0.6246581041406463,0.6567672324159866,0.660694234945557,11334,97,1,97.0,0.008558320098817717,0,1
339_UCR_id_37_Sensor_tr_2750_1st_5400.csv,0.8135025838079157,0.6390517266433656,0.975592795318334,0.5554691080450301,0.866645834895371,0.9055108215401114,0.9701129014778456,0.9500860517414786,0.8441799406080194,0.6317229059095776,0.7866520560415688,0.8333173249477862,0.979034920361467,0.9530459110630938,0.9669589304381316,0.9996887895593504,0.8112449984050224,0.7623315209617256,0.6810346410621652,0.681546515954546,0.4899761059460029,0.679845838248822,0.7110858802062187,0.6224029234295616,0.4432900498935518,0.5349669090000584,0.4603722667883469,0.5058241202578401,0.5573867950336243,0.5340948669314324,0.5051555536673571,0.5081109048047248,11000,200,1,200.0,0.01818181818181818,0,1
344_UCR_id_42_Sensor_tr_2851_1st_5365.csv,0.7908750719941008,0.6587823392845888,0.9752330696704028,0.864915260349688,0.6222114206923547,0.9618985051536634,0.9160710132178296,0.7741333040179945,0.5518926761902353,0.8261211835786022,0.5800454457478711,0.3682989291122745,0.7117895912240726,0.9593540387434062,0.9690417377085346,0.9786363390907546,0.7630916986940157,0.9044463280627284,0.836134840778338,0.7662310753583835,0.804487173143943,0.7572138493583664,0.5757306057131261,0.8591969877429487,0.8943827609726835,0.909437590079916,0.9024795019296455,0.7393667061322768,0.8422133939939266,0.7860054540032267,0.7949939065737476,0.7900437736646515,11406,15,1,15.0,0.0013150973172014729,0,1
364_UCR_id_62_Sensor_tr_2833_1st_5988.csv,0.5778187094040088,0.6233270974436035,0.9992375342400006,0.6227374353360461,0.7950084243155803,0.97142175916898,0.9985027806156536,0.9979507884571648,0.9822435930641568,0.6215928200380766,0.7403188478003594,0.6530880486690678,0.9997519690547086,0.999962205579544,0.999915952386882,0.9999306848141764,0.8201207702444304,0.5929544184762351,0.3938440393755006,0.6874760031064494,0.52421363313263,0.4448670441310847,0.4642761607692165,0.7531517192208612,0.5749315780732963,0.5828046155227953,0.5961107617282178,0.5833960137624385,0.5648725124260826,0.582155519289765,0.6279417451811796,0.6224912906958834,11334,97,1,97.0,0.008558320098817717,0,1
369_UCR_id_67_Sensor_tr_2750_1st_5400.csv,0.7378643459585009,0.6378597938440818,0.9719496864562952,0.5741662108215535,0.8302419569972164,0.8569357499023559,0.961794791789916,0.9357394881108256,0.8819784266145481,0.6058855808992547,0.7480922785070087,0.7776491635178894,0.9607444662721152,0.782457786785013,0.9560351364012524,0.9996619355831614,0.8113008243960117,0.8617548137481817,0.6615009707594743,0.6620227029448076,0.5115508718937356,0.6616751266738143,0.6695546773913138,0.5889000893336123,0.4565231683717881,0.4746316324567435,0.4874657250330927,0.506216004838897,0.5066511837668489,0.5384852681037373,0.4963537128404824,0.504647314709776,11000,200,1,200.0,0.01818181818181818,0,1
373_UCR_id_71_Sensor_tr_2827_1st_5988.csv,0.7975155218636351,0.6926441670436501,0.957052226424694,0.5876166539731623,0.940156142885331,0.9799604662986172,0.8816392283076981,0.8011822394768247,0.3745219829708081,0.7158737330387573,0.8074387630870774,0.686009526983692,0.657497516651317,0.963391917147846,0.9411246576424084,0.8431479554924581,0.6392805877803479,0.685005684342944,0.5635611822334737,0.7166206232401156,0.4994600763887019,0.5565143211724669,0.60607184349754,0.7110077269122526,0.6675890905951448,0.5813192283565305,0.678170459860513,0.6631078307214281,0.6711413478231898,0.6920032922765127,0.7408695523774899,0.7404058892847123,11308,97,1,97.0,0.008577997877608773,0,1
405_UCR_id_103_Sensor_tr_2827_1st_5988.csv,0.6002511629300484,0.9014996324582892,0.9652216690724612,0.6174870168045049,0.9730799468838072,0.9937373179460774,0.9920992374474265,0.9860531981045824,0.9383890501414222,0.7804016058954919,0.9562875463687356,0.9927727515349412,0.7977638111137326,0.9563830828593348,0.9635830826118555,0.8938248365367708,0.7220099079543,0.6522071413633945,0.5636638482987822,0.7735453464380039,0.4908374696025221,0.5132234811332503,0.7237310528600946,0.7933839227959657,0.6392987499913163,0.6071697463396593,0.6208388840193418,0.6621220270460941,0.687771738016662,0.6217138432492678,0.7712852451156237,0.7794224911414674,11308,97,1,97.0,0.008577997877608773,0,1
417_UCR_id_115_Sensor_tr_2750_1st_5400.csv,0.7563485199429716,0.6139439488998374,0.9780629964455468,0.5695644582512881,0.859080160497837,0.7970767800229487,0.9588713731931676,0.9199355991825904,0.9016571799517388,0.6229590760845056,0.7784273531651329,0.8123043337836184,0.9740532906377796,0.9375203391159324,0.9639516383678048,0.999651652388472,0.7457981374463771,0.7545269185476329,0.6674923162381976,0.6699814063479292,0.4864219520839274,0.6761104042036936,0.7011254604799132,0.4962753884439715,0.462956026719239,0.5730534905084667,0.4916453924902196,0.5437480245471856,0.5696110064294277,0.5799737681327745,0.508082270188819,0.514170536962059,11000,200,1,200.0,0.01818181818181818,0,1
426_UCR_id_124_Sensor_tr_2827_1st_4711.csv,0.9423714171673486,0.5858807955227554,0.9998992224830348,0.6074218811322228,0.7351955626194793,0.9986758835471125,0.9996649401125152,0.9997371211298604,0.9998237931001503,0.5809646847995407,0.5998858732936512,0.9430304740169176,0.994505828289974,0.9982017488450108,0.9998220418507164,0.9998131442102236,0.6658792378657994,0.6295256069545828,0.7574820635446557,0.5433341434778612,0.4774979792634087,0.7038451224699239,0.5969730499438373,0.4464164979254845,0.6008431293047509,0.5627863583180954,0.598478788698536,0.5996861649636185,0.6496201742073279,0.6649211527559912,0.5926071166626489,0.5944770026389944,11308,98,1,98.0,0.008666430845419171,0,1
449_UCR_id_147_Sensor_tr_2847_1st_9330.csv,0.5389846541227673,0.8558461509678486,0.9983122511965732,0.8932469982947107,0.8493711607022695,0.9976636580852528,0.9994783074407354,0.9994783074407354,0.99550572443935,0.9767243158884732,0.6355574687753529,0.4797654834359484,0.9980036027622652,0.9975248324323231,0.999235982131994,0.999446095910298,0.6088043375211556,0.8983507195080641,0.9672792624881912,0.8468193792602594,0.5235286032575958,0.9303774553668092,0.8858363963641128,0.6360237077673607,0.9414087162160168,0.7672340133753717,0.7887094094992015,0.902460140235685,0.8761262017883837,0.8690245022866959,0.8500383379835235,0.8860023682466677,11388,10,1,10.0,0.0008781173164734809,0,1
493_UCR_id_191_Sensor_tr_2847_1st_9330.csv,0.921383845984861,0.8885759670837083,0.9979369241249229,0.7640987949032433,0.9872870099259592,0.9986769936830856,0.999550254832266,0.9982350040304724,0.9996199997092018,0.980574675472308,0.7169514030720896,0.5746295296118571,0.9988663692012512,0.9992871865325672,0.9990790459149484,0.9995290848860476,0.6361861062501706,0.952036969991492,0.8670075211533633,0.9072137213074613,0.5241030998081201,0.9366707562629184,0.7593037730170107,0.6747145757410411,0.7798820523395523,0.7728677943917949,0.7776335189438813,0.9328394084881472,0.8670707031853976,0.8787231728929692,0.9029516853684963,0.9387079217229684,11388,10,1,10.0,0.0008781173164734809,0,1
526_UCR_id_224_Sensor_tr_2827_1st_4711.csv,0.9321898995597,0.5692530516125143,0.9998489848979012,0.6112890250207121,0.4606019551110508,0.9980130524582834,0.9994194658314992,0.9991416264893777,0.9906198261020256,0.5815389962925358,0.5333259447105004,0.8541927883462412,0.994654133858578,0.9998338708936644,0.999797012504442,0.999320137370761,0.6855000157144716,0.6739703471045029,0.7995991699649974,0.6205302785853783,0.4876129628158055,0.6671922676552134,0.7088781509592073,0.4058946630078914,0.5869093090286391,0.4864492230940985,0.6007396325578909,0.5587432200212067,0.6538372796561012,0.6486642149141943,0.5238688848204076,0.5344831369691542,11308,98,1,98.0,0.008666430845419171,0,1
531_SMAP_id_1_Sensor_tr_1811_1st_4510.csv,0.9975820710817348,0.5080169197503945,0.9997027233078613,0.5080169197503945,0.999041269800244,0.999113150599554,0.9999396223024024,0.999950116579674,0.9953745612867037,0.8440871964296858,0.9975807258736018,0.9986315753115492,0.999063654337606,0.0,0.9997130379020186,0.999939539850193,0.9837996221672332,0.4818851370709545,0.6863607863408759,0.5073240442007373,0.5029516204148823,0.7274309629921747,0.9795034896422984,0.6082292465764192,0.4676231044378363,0.5080169197503945,0.6862396820285799,0.5080169197503945,0.5348617579231517,0.6474069678234273,0.9601314200349482,0.9433390675492604,7244,81,1,81.0,0.011181667586968525,0,1
532_SMAP_id_2_Sensor_tr_2075_1st_5550.csv,0.5103549243799876,0.7968294746503531,0.7799409536101195,0.5420498290870197,0.8359560731802709,0.7625058474956242,0.5810018787441305,0.6184297839297371,0.6953502475918469,0.6714801714985016,0.9258399815334952,0.4760414685285839,0.5690195588963662,0.8359986031419719,0.7812180088630593,0.8308902011167658,0.5127924399365807,0.8352388398186174,0.5863746950216387,0.7047959054673312,0.4970992805328735,0.7831004489924264,0.7403708777943513,0.8179943659534425,0.5877813383502869,0.5652310043641855,0.5850177333306201,0.6097783898860373,0.5871072642088577,0.5349568727203525,0.582183258426112,0.5816613799073251,8302,351,1,351.0,0.04227896892315105,0,1
533_SMAP_id_3_Sensor_tr_2052_1st_5300.csv,0.9599478068568944,0.8441096798582687,0.4675534366259696,0.617231005305707,0.9999763651151676,0.3492880268139147,0.0599402549278686,0.1747030427745014,0.9894375498074952,0.9197162929802898,0.979713399195848,0.9666540476999192,0.5377521685775102,0.669651140790855,0.4094102601915403,0.4488648719408437,0.999607373615023,0.8434773059895475,0.8256641010079511,0.1884399007005047,0.467560732668227,0.0681685429288714,0.006122357974552,0.8896524555145832,0.9678750453046624,0.9836771141263274,0.960972450539507,0.8956110847271318,0.8649244567380204,0.9681104989261996,0.9931663799464148,0.993022038207228,8209,1121,1,1121.0,0.13655743695943476,0,1
534_SMAP_id_4_Sensor_tr_1968_1st_4370.csv,0.9870907560324133,0.51147929591107,0.9974341249351604,0.51147929591107,0.9806628904156032,0.9980981886804364,0.9999528512688916,0.9981559858910908,0.2298196138281341,0.9425657037712024,0.9836393691908556,0.9990481240387143,0.997727675418834,0.0,0.9972668259247518,0.9998980917255336,0.9982385909319196,0.8466841516697226,0.8143621324462066,0.5112871503509231,0.6045001370054935,0.7560746934230707,0.1423565739847869,0.8743220896061121,0.8143621324462066,0.5053568865374793,0.4784810514857119,0.51147929591107,0.5392839195165838,0.6783025975907694,0.9993795395178888,0.999691746446946,7874,51,1,51.0,0.006477012954025908,0,1
536_SMAP_id_6_Sensor_tr_2160_1st_5600.csv,0.9999600533330598,0.9985525078722832,0.4412458589782008,0.6845794338322215,0.997867855788642,0.9995406074553,0.9999947369805277,0.954566718410013,0.2111610031276523,0.5684800938918304,0.8276269920399083,0.9997492562660956,0.9999947369805277,0.0,0.9995326543998224,0.999991721629518,0.9970584994153272,0.8789526398105809,0.8789526398105809,0.8866245769681687,0.5064999866166775,0.8738052186607236,0.7789743499069791,0.9654654510856354,0.7488736287831724,0.9804086945720838,0.8995324514797873,0.8610153213662983,0.9830963660239332,0.8776372566135101,0.8886617875072015,0.9045736091001068,8640,101,1,101.0,0.011689814814814814,0,1
537_SMAP_id_7_Sensor_tr_2077_1st_5394.csv,0.9468180857668328,0.611372373754468,0.2725975521368701,0.5724782148461459,0.9994798157090906,0.164943148390886,0.088023303340987,0.2174397558978379,0.9998748713698444,0.7677019745782946,0.999963200735399,0.9037958110744498,0.5124572865416488,0.101798275331234,0.361544680188243,0.4599531034797798,0.1149126715119199,0.830967221135206,0.711010099477648,0.5528707894452187,0.7391423994786225,0.3582175508589447,0.0699251947594295,0.6936806665929348,0.8103037221538513,0.974793519157764,0.7599493768550095,0.7099965513924504,0.7594218548087232,0.7703330090812316,0.9135726035404196,0.9115236068061114,8310,281,1,281.0,0.03381468110709988,0,1
538_SMAP_id_8_Sensor_tr_2007_1st_3650.csv,0.8584012110963142,0.674142087917601,0.8751609747852557,0.5080635594556219,0.9857554408301434,0.6580235793379466,0.9153258781938016,0.8639479605123751,0.8870350027178271,0.8936974190302183,0.8587139592996347,0.8584000091431884,0.8087185193781059,0.5006099770231313,0.9005892235344883,0.9484164113176706,0.9968154075775216,0.8790939288224155,0.8493578786564606,0.547661315020576,0.5223777495170325,0.799994841425927,0.9950152618021296,0.9013306940210626,0.924392705927629,0.9802353235794268,0.8273216925615023,0.7653295296952178,0.7354995940642896,0.8402995967920637,0.9977503937202704,0.9973922615421592,8029,268,3,89.33333333333333,0.033379001120936606,0,1
539_SMAP_id_9_Sensor_tr_1857_1st_4270.csv,0.7603815315029896,0.7932843378080813,0.5586964091016966,0.4592196168552537,0.9983552078340338,0.3357357354197919,0.2333182412552908,0.1823476939477549,0.9559760976272912,0.234658128838416,0.4064868040814648,0.7089582866827258,0.7341720212846619,0.7639715237999457,0.5704518525553496,0.7377145609396842,0.5331742127482895,0.8142867296062042,0.6276159491285763,0.3241813520862087,0.5099814093525634,0.1999793880061904,0.4270346165592289,0.8094679649529571,0.6875940812361057,0.9992880691007006,0.645696882989773,0.7521157585886711,0.6773157189959854,0.7976490824542387,0.999656060932028,0.9996989025700482,7431,61,1,61.0,0.008208854797470059,0,1
540_SMAP_id_10_Sensor_tr_2051_1st_4575.csv,0.8789365737876412,0.4342754244823752,0.9961822495185736,0.4961173513843463,0.9367594836309902,0.9969364611739296,0.999847796907424,0.9979023250512083,0.9996696287426716,0.7759615482423486,0.9023033983948104,0.9647850012940264,0.9980979076269516,0.9996165009994308,0.998441046832378,0.9998456490894564,0.8482108567185132,0.814782406486189,0.7072651790814094,0.439351191892663,0.4914126392015792,0.7264980426437917,0.3059756432241741,0.7352546182577478,0.4562974881711785,0.6245576340212979,0.4921437010954293,0.6502055251988442,0.5340843706241433,0.613329012690089,0.5143357932158844,0.5302021011144168,8205,186,1,186.0,0.0226691042047532,0,1
541_SMAP_id_11_Sensor_tr_1832_1st_5300.csv,0.8867719146025193,0.8123319520883718,0.6467716898791346,0.5387468561471495,0.9987742097060948,0.7224114888188145,0.7567849531573247,0.695091405554721,0.7015547886115214,0.8566941498680405,0.8597460629965988,0.7626038538317318,0.4442986704431065,0.6853047983435132,0.6053029502269085,0.8213762326686912,0.5082301560999057,0.7786837320843655,0.7701789780228908,0.7870100331666495,0.4989829282813912,0.8323812340640647,0.8641005214754667,0.7290052621713655,0.4516143244129596,0.4891329286041483,0.4733292523040194,0.4146504640434639,0.4739035783170013,0.3614532697586157,0.5555400851418744,0.5488469246697069,7331,448,1,448.0,0.06111035329422998,0,1
542_SMAP_id_12_Sensor_tr_1908_1st_4690.csv,0.9978523391791324,0.6185061306919427,0.9993024699755532,0.5333957531239804,0.9965252410730512,0.9996190958687254,0.999986708896618,1.0,0.9999882626711538,0.9965370005892918,0.9977348460220524,0.0642338214340387,0.999903886217518,0.9591562191737476,0.9989626189899772,0.9999704311812432,0.0240299697890276,0.5237533195934186,0.6620325447389477,0.5763343517072035,0.5012161498911515,0.7716610310850645,0.9982382087594196,0.7962263862765728,0.8881138750729111,0.929243254916479,0.947997307396634,0.8244963333684975,0.7272939163991183,0.6949999918129327,0.9995485840046312,0.999617129689189,7632,31,1,31.0,0.004061844863731656,0,1
544_SMAP_id_14_Sensor_tr_1978_1st_4450.csv,0.7298480074084306,0.408861501949267,0.9998079505475108,0.4987914152130876,0.1183530666680731,0.9989102347884392,0.9998994897009044,0.9999470386144392,0.999618821064096,0.7016916617412224,0.1223716511100547,0.4226064735326897,0.9999374871150112,0.9989993304724925,0.9998200578561398,0.9996115615207516,0.9660457317438818,0.6346424272579774,0.7451527512271129,0.5668740058503643,0.4718251106007692,0.6415101827700385,0.8900132228825749,0.5034509358301128,0.3844949655503278,0.3883494319279002,0.4013113142525772,0.4039673437668216,0.4226375935458277,0.3608623833630328,0.3323470214069888,0.3503158694219289,7914,111,1,111.0,0.014025777103866566,0,1
545_SMAP_id_15_Sensor_tr_1173_1st_2750.csv,0.9184462520981096,0.9856802924834466,0.9346907780247452,0.9533819571998904,0.9948841914658344,0.144449559640604,0.3000957941595147,0.3952565358090779,0.4541959015434494,0.7573371067363118,0.9011730470578572,0.8954844078705481,0.9753676291276312,0.9592302002607336,0.092250526797671,0.0474513120029453,0.8597725048643569,0.9886257938854232,0.7698279527861875,0.5422940805163531,0.4034272904293268,0.5411158011955338,0.4160619159852719,0.9854629467412196,0.999819234640438,0.9967199492365572,0.9983113525220184,0.9938316060075968,0.9814752210337322,0.9813909926697052,0.9996602084798376,0.9996439566674048,4693,51,1,51.0,0.010867249094395908,0,1
546_SMAP_id_16_Sensor_tr_2117_1st_4770.csv,0.9088721667316764,0.3575579172603061,0.991070822248916,0.5423180471987298,0.5905457242808457,0.9963988451021142,0.9967814822883452,0.9982839382113888,0.9694365573629846,0.2385942114163002,0.0168270042225464,0.7796583530864983,0.9987232232566444,0.979642309159424,0.9993705110254364,0.9995075824598812,0.4672777927838916,0.597272361497886,0.5932544661404694,0.5842741610523577,0.4933177877055519,0.5846185375298202,0.5748401053236071,0.5614281809605401,0.4674998767554695,0.4476362666872568,0.3968994363363161,0.4229498247022554,0.4112619211524529,0.4760275109156665,0.4384244277429736,0.4415478786406113,8469,121,1,121.0,0.014287401109930334,0,1
547_SMAP_id_17_Sensor_tr_2133_1st_5400.csv,0.7524320308979223,0.7851621309470899,0.6346543007312052,0.5781304735706567,0.9767643438302704,0.8663642799872343,0.7899484318228012,0.8215510792016623,0.5860260936518756,0.7235591359524091,0.901165661767068,0.7675282841393247,0.5811876847167858,0.4005142846789424,0.680111092889188,0.8975787268897529,0.6833592428573125,0.7669371880758443,0.7255031201532371,0.3135022907701715,0.5189369999698973,0.6467050956502035,0.3100426953308696,0.7242267407631435,0.5001377766563304,0.6193123937477979,0.5199776720168792,0.5976023941435333,0.515474853458762,0.5167031546299249,0.4285022057432325,0.4326264040403324,8532,623,1,623.0,0.07301922175339896,0,1
548_SMAP_id_18_Sensor_tr_2094_1st_5600.csv,0.9969971764622576,0.8650262005131846,0.9827210609345128,0.9978123015128928,0.9924405962337396,0.996347744434329,0.9999414458893272,0.9999430327669204,0.91956773504445,0.3577079728608592,0.3487278916436886,0.99734162338393,0.996347744434329,0.9963628492844764,0.9963477444343288,0.9999338086826536,0.9980190708994714,0.6750113988424593,0.6757784456800776,0.1255810728453696,0.3037030353678545,0.3431254087364148,0.070565362591526,0.6750957184211895,0.9477142813849168,0.9982797145485756,0.880795055281691,0.9895697360636077,0.4615509657323002,0.972822548296418,0.9999317096660468,0.9999221856552916,8376,41,1,41.0,0.004894937917860554,0,1
549_SMAP_id_19_Sensor_tr_1998_1st_2098.csv,0.8419908324815869,0.58710959759526,0.9884054191966406,0.5093168589659065,0.9931953795254388,0.1570033745000931,0.9891282726377988,0.998421259470346,0.9996978634313402,0.7518934513122284,0.988126885562415,0.9898704467312932,0.9945535551974582,0.9889205847941634,0.9918433693405372,0.9997493730529834,0.9899368143017612,0.6514252664946969,0.6205586387544738,0.5734102978367982,0.5038718921782076,0.6347066569547714,0.9839390410378313,0.6973404701813267,0.7564726797324413,0.7143333087624342,0.7134744281206564,0.6156061264955884,0.6436801551051746,0.787694754663673,0.8726899847736459,0.8726384199974053,8579,184,2,92.0,0.021447721179624665,0,1
550_SWaT_id_1_Sensor_tr_43700_1st_43800.csv,0.4252081067569828,0.7789903394408006,0.3097902157454462,0.5001545059692627,0.1844926830421045,0.3981545426438904,0.7839655424857469,0.6755562879189619,0.6398174104354216,0.8167540700981845,0.6132335676314097,0.3553120526052072,0.1649748002247169,0.1720730593235719,0.261515900226244,0.2345696909024861,0.7618239934527851,0.8257056324157958,0.8183344276349966,0.6980211510435086,0.1863800453189205,0.6529552634329644,0.5724680148863481,0.7019262301285077,0.2914044443548658,0.2184965267327047,0.2600398998013641,0.2030627037782087,0.4996378291443167,0.6463413774094127,0.2132015247116949,0.2154241658935385,419919,50653,27,1876.037037037037,0.12062564446952864,0,1
551_YAHOO_id_1_Synthetic_tr_500_1st_893.csv,0.8911169921102641,0.9820422535211284,0.9969388601136856,0.9739436619718306,0.8645469824822118,0.9971764440589752,1.0,0.992896959164842,0.7583050660293011,1.0,0.4569385031585264,0.9668444580662008,0.8216317600662143,0.9966463810972755,0.9634903586668162,1.0,0.9999184761768112,1.0,0.9897887323943636,0.8983653947648188,0.7606582345847603,0.8716705120454241,0.6654088066864717,0.9575364668283208,0.9899796154464444,0.9246917961681116,0.9585555375707012,1.0,1.0,1.0,0.9924987756604128,0.9681587338498836,1421,1,1,1.0,0.0007037297677691766,1,0
552_YAHOO_id_2_Synthetic_tr_500_1st_893.csv,0.5872556796236614,1.0,0.9790247247530436,1.0,0.9742630180558872,0.9991017890369012,0.4316901408450704,0.9982243494760842,0.8187532988928808,1.0,0.3179130491698479,0.4956166950540522,0.9993668527732948,0.9675177276593212,1.0,1.0,0.9989540383062812,1.0,1.0,0.9092746866596646,0.8721732796344042,0.8737078366596327,0.6472103502218236,0.6662788790408561,0.9981709150941702,0.9956003361042488,0.9398366628395044,0.9994406066104023,1.0,1.0,0.9931871689468682,0.997197903268726,1421,1,1,1.0,0.0007037297677691766,1,0
555_YAHOO_id_5_WebService_tr_500_1st_730.csv,0.7548343121138711,0.8048438006798522,0.9807629335514056,0.7940741164185084,0.7608759815038962,0.9830479366131092,0.9964856049240498,0.99404981422384,0.9717291376633512,0.996621788331877,0.3789052856369794,0.6871797987439936,0.9719176236674082,0.9566941392595444,0.987545529802192,0.98909353670867,0.6580753608458129,0.9136385507696828,0.8776315412372934,0.8724601472552341,0.5184386698256906,0.8433774399550726,0.6447973602966388,0.8867139589505979,0.7715517884339476,0.8212088894485906,0.7575464208587,0.9888412272690716,0.9998364135777288,0.9998831356778798,0.8876191383546115,0.8613403991019605,1680,4,4,1.0,0.002380952380952381,1,0
558_YAHOO_id_8_WebService_tr_500_1st_1125.csv,0.4634619612476348,0.956533766467369,0.5009871422736996,0.6186186333980846,0.3159949777750184,0.704886918052463,0.7504091349634937,0.443630905899622,0.4987576734715895,0.9279797903943572,0.8519585058434435,0.3127311741085375,0.7399137707084119,0.3507181190198467,0.5835528272809252,0.5459227706050548,0.5572119582064731,0.379738851590005,0.1058636122672893,0.1423898693712738,0.5339038971643784,0.1088526427429736,0.0928248787840368,0.3127339605182248,0.320627077794319,0.4400351282079134,0.3354735818475833,0.245479972238569,0.2026779867517254,0.2139564636399731,0.3492569005909207,0.3503094690658587,1427,80,2,40.0,0.05606166783461808,1,1
562_YAHOO_id_12_Synthetic_tr_500_1st_893.csv,0.4491850764452563,1.0,0.9703823887171504,1.0,0.968358158262586,0.9977982233463558,1.0,1.0,0.7574310012498611,1.0,0.3775295565496188,0.3549447811587268,0.8920193654464345,0.9957955764487688,0.9831131507673904,1.0,0.9996712531789425,1.0,1.0,0.8586803391680183,0.7477007917398739,0.999824628690334,0.6481437729210833,0.9030007213649104,0.9990260211505452,0.960983033684515,0.9928924222956752,1.0,1.0,1.0,0.99886893708729,0.9988405667526848,1421,1,1,1.0,0.0007037297677691766,1,0
570_YAHOO_id_20_Synthetic_tr_500_1st_658.csv,0.921871646392838,0.7786967336832709,0.904276037558079,0.93067279681081,0.4501909973118131,0.9668057833029692,0.9792306246024024,0.9994770806319062,0.9778529882207034,0.9999802865349624,0.3017030213532998,0.6427338231128588,0.9353726527087992,0.9826601345154848,0.9627124279939628,0.966191644143579,0.9698720027506847,0.979465432706584,0.7648960056229783,0.7270209325123496,0.768272480128268,0.7186994045447692,0.6963745730683726,0.9327891620159872,0.9038489236395136,0.949627219887114,0.9380455362974608,0.9996425622560668,0.9980808404203368,0.9997730026477032,0.9238819842962191,0.927066485955059,1421,4,2,2.0,0.0028149190710767065,0,1
571_YAHOO_id_21_Synthetic_tr_500_1st_623.csv,0.2770616079594513,0.9994229356835592,0.912410562825237,0.9994229356835592,0.9774237842994836,0.0770821382283619,0.5672107356873778,0.5328335553524277,0.9961913661401404,0.9993284720313316,0.4599109683166404,0.0855734475994386,0.8652016375079215,0.965089661517812,0.9596439486751316,0.9886977271521996,0.971386593205422,0.999705185814776,0.9994229356835592,0.7823017968173139,0.4221404451447126,0.9889549015493296,0.549396357415302,0.6608025314580472,0.9637697027843956,0.9374340509204176,0.9871325593366173,0.999886048077594,0.9998572439232754,0.9998160980046884,0.979517875699453,0.976346050231117,1421,9,3,3.0,0.0063335679099225895,0,1
579_YAHOO_id_29_WebService_tr_500_1st_1342.csv,0.7301925944955517,0.8946352760967613,0.9906573833635536,0.7697518618464617,0.9948483854150152,0.99607639968225,1.0,0.7587558930630897,0.9550077925008033,1.0,0.6976829456986355,0.811362625822852,0.9764064475103144,0.9799849239777262,0.9987658242607096,1.0,0.0325816605194012,0.946965382026202,0.8191292486284513,0.977504658362656,0.4812049944478411,0.8657656598834373,0.8182724457926547,0.9199252411138716,0.7394810302592034,0.8637060007495232,0.8614582289079281,0.9973743841916598,1.0,1.0,0.9951797586927592,0.995208433344595,1680,1,1,1.0,0.0005952380952380953,1,0
603_YAHOO_id_53_Synthetic_tr_500_1st_893.csv,0.7494529493333871,1.0,0.9716221623900804,1.0,0.6478634750552531,0.9984558051828524,0.5721830985915505,0.3745051459206484,0.9545598213739552,1.0,0.351776375269639,0.5940444039764023,0.966387007493513,0.9909076124289252,0.9775990954862516,0.915359204565562,0.9993139267965704,1.0,1.0,0.8390286180888256,0.7835095048493504,0.851998557671395,0.5541162089408365,0.9515379722142792,0.9677682550663744,0.9832989190948488,0.9694693935644476,1.0,1.0,1.0,0.9947800472019056,0.9955116702892538,1421,1,1,1.0,0.0007037297677691766,1,0
644_YAHOO_id_94_WebService_tr_500_1st_1078.csv,0.300842473285104,0.8998197150198568,0.978554967662162,0.5254708887513195,0.1719595967485709,0.3631143534110359,0.966551843983161,0.9710253603536654,0.9971486595718,0.926730234997066,0.7526436133461235,0.2425413302331441,0.9827005133361152,0.8919250812861581,0.9957576984112464,0.9824502540983626,0.9989950621859576,0.3197831692843047,0.0789178895699603,0.1066654365245751,0.4984234839677417,0.0744388635196731,0.0214215439074095,0.4276025267060017,0.2467522320474437,0.503625607441656,0.3301387482039831,0.2280537593630626,0.3353747589102444,0.3006197181308099,0.0928278055527104,0.0960601773408279,1435,75,5,15.0,0.05226480836236934,1,1
645_YAHOO_id_95_WebService_tr_500_1st_1047.csv,0.9495481033995944,0.917808219178082,0.9979100071244036,0.6740725158215978,0.9958996681035284,0.9994301466458724,1.0,1.0,0.998532736098614,0.9979154258487196,0.3889465046704584,0.9851434523798172,0.8445461167412561,0.9954778867319448,0.980068313158164,1.0,0.9742775915251862,1.0,0.9618820726622986,0.7862863663957466,0.4892454947456375,0.7636064474003308,0.6441809663349595,0.5445678343411168,0.7921644828080227,0.8321069673536988,0.7374814688334412,0.9991564204330248,0.9993109358583228,0.9993109358583228,0.9499239028383468,0.9042425178637432,1680,1,1,1.0,0.0005952380952380953,1,0
649_YAHOO_id_99_WebService_tr_500_1st_1386.csv,0.9665613573474784,1.0,0.9744607251627448,0.9886414620115443,0.8677147711068177,0.994192115570842,1.0,1.0,0.6564828886533308,1.0,0.982750302104798,0.8456518278589266,0.7952904432131418,0.9997663652440208,0.978959947298143,0.9978339140821912,0.8956815314870471,1.0,1.0,0.9711066990498574,0.9322101396254392,0.965945914913188,0.9663663531811472,0.8883574296523172,0.9638147568067376,0.9589989488018116,0.9615840595169388,0.999439908498264,0.9994689480391336,1.0,0.927995186865033,0.9768382766237036,1680,1,1,1.0,0.0005952380952380953,1,0
657_YAHOO_id_107_WebService_tr_500_1st_1260.csv,0.4366930272703326,1.0,0.8788948224784418,0.9748523504319137,0.9688000634006422,0.9714908742367252,0.8986905967530795,0.897433883154956,0.9988808179928388,1.0,0.992777701711724,0.1211319619955086,0.975988782176638,0.9967928503533404,0.9053863606445112,0.8216378856568265,0.7965821708558619,1.0,1.0,0.9559340214279094,0.763792865693053,0.9998265315918736,0.9923508809455897,0.9289720204212184,0.9860532867847644,0.9810851574581324,0.9936520485174964,1.0,1.0,1.0,0.9992958744767058,0.9995688423519886,1440,1,1,1.0,0.0006944444444444445,1,0
658_YAHOO_id_108_Synthetic_tr_500_1st_893.csv,0.6468017055500891,1.0,0.973058154870742,1.0,0.970267241842731,0.9980092160965116,1.0,1.0,0.997822067482266,1.0,0.3177535171458711,0.8370692762921323,0.9945804132267694,0.9986084359457674,0.9980092160965116,1.0,0.998511727591073,1.0,1.0,0.855581987559817,0.5075021194539675,0.8093048969049974,0.6426488503602117,0.7680320407934715,0.9992709034499644,0.9622868757267214,0.9995854918207951,1.0,1.0,1.0,0.998772506770214,0.9995271836973396,1421,1,1,1.0,0.0007037297677691766,1,0
672_YAHOO_id_122_WebService_tr_500_1st_857.csv,0.9021931927170428,0.7281324428539341,0.9880149578257276,0.7908807045552512,0.738085762427039,0.9971568748746792,1.0,0.9950730649229026,0.6448982109797115,0.982132221560452,0.3610575384888641,0.9899682117434212,0.9741504805521952,0.9470644555015048,0.9895703832268417,1.0,0.1403408285231812,0.8404913098960121,0.7192454736169139,0.6756487654136093,0.4889476984383115,0.7035911495547399,0.5089575946945336,0.8307664975897125,0.7886362379138631,0.5871550048406536,0.6114489429455694,0.994044073853484,1.0,1.0,0.6423941945574236,0.6477272756076812,1680,1,1,1.0,0.0005952380952380953,1,0
680_YAHOO_id_130_Synthetic_tr_500_1st_893.csv,0.910444835174076,1.0,0.9776342692702614,1.0,0.9759931061206856,0.9975750741273612,0.9993920240369888,0.8897887323943652,0.9868766987923572,1.0,0.4971838102960403,0.6801842367697335,0.8126819501372583,0.9971217833882154,0.945671005763882,1.0,0.9871917016089432,1.0,1.0,0.8731401608895966,0.7543251429942145,0.8838127530403496,0.7722084437962587,0.7505119347144816,0.9768862563339664,0.8449039788957458,0.7983509871955672,1.0,1.0,1.0,0.988201566010392,0.994634737433818,1421,1,1,1.0,0.0007037297677691766,1,0
689_YAHOO_id_139_WebService_tr_500_1st_1073.csv,0.9299679653232652,0.994044073853484,0.9719306340137456,0.994044073853484,0.9957137835289658,0.997021069836264,1.0,1.0,0.777681872147283,1.0,0.2186446339182416,0.884667518789922,0.986003573555688,0.9353618867845048,0.986003573555688,0.978469915389817,0.0391044471819275,0.994044073853484,0.9979154258487196,0.877425718690964,0.4952014208921532,0.7882913681452719,0.6450716813365898,0.6372489132356326,0.8535146014804927,0.9126697173642068,0.8216088913166136,1.0,1.0,1.0,0.9883473671959347,0.9799344113887238,1680,1,1,1.0,0.0005952380952380953,1,0
693_YAHOO_id_143_WebService_tr_500_1st_1003.csv,0.9208737836623307,0.9960526315789476,0.7759873773835434,0.9989473684210528,0.9762880918156313,0.9822461824092537,0.9731565657342184,0.9414359315879686,0.7019036926915958,0.9989473684210528,0.9772973182580248,0.5965104917485989,0.7563447481277418,0.9083903237734248,0.8100991915437299,0.821240078076901,0.4904199467285076,0.9989473684210528,0.8789992709389051,0.7824539483657652,0.5030973178355712,0.9306176074853276,0.8263737703214428,0.7142221834678594,0.9419020422577168,0.8014131301944561,0.7265208323626419,0.9991461998369509,0.9989473684210528,0.999173642198558,0.9760397647190384,0.9735851651565846,1427,2,2,1.0,0.001401541695865452,1,0
701_YAHOO_id_151_Synthetic_tr_500_1st_893.csv,0.9498152561708922,1.0,0.998696343186218,1.0,0.8549925402451134,0.9980049858610278,0.2443845220685976,0.3795691837134493,0.7106587883462375,1.0,0.38430757264653,0.9173215653614328,0.9119579238792316,0.9981696783731644,0.9961595912134404,1.0,0.9824971216445016,1.0,1.0,0.8601828330932656,0.809960034230245,0.8436285550911518,0.7250124492015273,0.9944369107966268,0.8814757291187868,0.861819993148749,0.9854389222893026,1.0,1.0,1.0,0.9542228527777092,0.9516900229086844,1421,1,1,1.0,0.0007037297677691766,1,0
723_YAHOO_id_173_WebService_tr_500_1st_1214.csv,0.6040167928769783,0.9993374980070396,0.7593720240088577,0.9993374980070396,0.9913636467106816,0.9659292389076192,0.0224258503161813,0.0756054397828782,0.9997699974919596,0.9993374980070396,0.9964026453115588,0.0496341570183849,0.5834116813314286,0.7217475560819443,0.7716835078155686,0.7869617989956115,0.9685151512804928,0.9993374980070396,0.9993374980070396,0.7980890075315417,0.5041867982961304,0.999904239880608,0.0545780598667788,0.992024505538021,0.9862978551529328,0.9651952321022194,0.972597054377422,0.998236953455572,0.9995038939057646,0.9995038939057646,0.9979399027819086,0.9977733035673924,1420,2,2,1.0,0.0014084507042253522,1,0
724_YAHOO_id_174_WebService_tr_500_1st_1030.csv,0.7971297769505429,0.9717837844492248,0.8524939785806666,0.944080946294248,0.894399569183348,0.9833836148082832,0.9855930862600926,0.8447406620619234,0.7248895645036924,0.9764386295187096,0.9295004767375968,0.5791584497346044,0.7369965303541096,0.9361494718828274,0.9221403451481625,0.8261852208964043,0.3097560133868076,0.9750318849776708,0.9739023550610336,0.8718565148895494,0.499355435493682,0.9456986734784256,0.8240911479221183,0.7997013302743796,0.7501827518591752,0.8634477108074786,0.8354117166506141,0.996603450505416,0.9994268656716416,0.9996734545440538,0.904822865517228,0.9022388857888765,1680,5,5,1.0,0.002976190476190476,1,0
734_YAHOO_id_184_WebService_tr_500_1st_768.csv,0.6171720549966649,0.986931530188346,0.3120505868122493,0.7016358045149101,0.9802754194617872,0.261915964261445,0.2966353792491359,0.3077775129386362,0.9905893778753316,0.9083935356753337,0.9975024105923092,0.6042304684310477,0.3944962110357153,0.1113014372714726,0.3767985151566539,0.3214717541523281,0.8603473626071878,0.9574863240527084,0.9944645372638647,0.9852134207094096,0.4926434184335369,0.9991345527766669,0.9799090996024888,0.4387207188009447,0.9073066146976309,0.870696741154584,0.8914886628712093,0.9114693016746024,0.8724186962952324,0.8708286582122947,0.9671192112230508,0.9650083527257336,1424,227,3,75.66666666666667,0.15941011235955055,0,1
741_YAHOO_id_191_WebService_tr_500_1st_1114.csv,0.9372758025514863,0.6662845869511658,0.9823803488723376,0.7369458198130051,0.9839556664815358,0.9944487650666516,0.9990635846129992,0.9989000882726856,0.8952366612970143,0.9982121573301548,0.3859882015116587,0.7434871872785962,0.924960531787125,0.9749823941629698,0.9869749093717224,0.9997533583710848,0.5016870727716102,0.9959773539928488,0.7775158797833321,0.7625070312874752,0.5122148993799223,0.7451413156037269,0.7050460974931765,0.753326526285342,0.8160745418746584,0.9072040904516584,0.6851423540398299,0.9990514283046724,0.9992669684721374,0.9991433318131188,0.8773574913766035,0.9138440069507996,1680,2,2,1.0,0.0011904761904761906,1,0
755_YAHOO_id_205_Synthetic_tr_500_1st_893.csv,0.4952444973526317,0.9978873239436608,0.996834324568968,1.0,0.970267241842731,0.7575283835631057,0.2704309121218339,0.6667331869217844,0.537095274205115,1.0,0.2942984403602751,0.3751531345846092,0.7264530132327556,0.9328635833700188,0.7398617862153772,0.9387134933196872,0.986453352400636,1.0,1.0,0.8634060684479955,0.6888391659064698,0.8499157703692181,0.6511517840043713,0.9422206379727858,0.9982909864172792,0.9970488318134832,0.9992256681862344,1.0,1.0,1.0,0.9994189582920228,0.999276617943113,1421,1,1,1.0,0.0007037297677691766,1,0
762_YAHOO_id_212_WebService_tr_500_1st_1055.csv,0.9561300899280398,0.6927013860205341,0.9644451995043184,0.782955971752566,0.4016088088671573,0.9924577184213644,0.9997533583710848,0.996852062254517,0.8762358003464715,0.8839392133492256,0.3139682334191931,0.7100063005839463,0.8897417187908989,0.886106146366946,0.942527073379368,0.952288231193232,0.9854048373207748,0.7242345155407779,0.7566186821392803,0.6589068305773002,0.4966665628440351,0.6301567017860009,0.4008620086833063,0.815360929416782,0.5327916061487369,0.6300315660334433,0.6238861101998989,0.9344092838407768,0.9990747295668204,0.9991433318131188,0.3985823409992982,0.3909613009828422,1680,2,2,1.0,0.0011904761904761906,1,0
780_YAHOO_id_230_Synthetic_tr_500_1st_893.csv,0.9584735678703018,0.9978873239436628,0.9977470823729172,0.9978873239436628,0.7457042997241203,0.9981387792405172,1.0,0.1257171515815652,0.5803836925180919,0.9979800334378656,0.4223230233034828,0.9942169555427582,0.8618638284098733,0.9974360479855408,0.9988649435098952,1.0,0.9009752229190858,0.9978873239436628,0.9979800334378656,0.8815966689009663,0.8647845321021389,0.8328899590082119,0.7288303479636338,0.9941153442921712,0.927202422575274,0.966917923293898,0.9534962485864356,1.0,1.0,1.0,0.9164140843119088,0.9237695200072108,1421,1,1,1.0,0.0007037297677691766,1,0
788_YAHOO_id_238_WebService_tr_500_1st_973.csv,0.8980479472864541,0.8972602739726024,0.985618084332152,0.9338892197736752,0.7955998094028323,0.9988046703178876,1.0,1.0,0.1422725520635727,0.9979154258487196,0.2303744705773594,0.6659942620054067,0.9010390679658308,0.998975880457156,0.9853284609500548,0.9250853519457224,0.8654336475595429,0.6888028588445502,0.6665565276206966,0.6116186188467165,0.4952014208921532,0.524948907549985,0.1993341547301667,0.8392712253059404,0.9312622708239526,0.8583559825396554,0.7234244578710254,1.0,1.0,1.0,0.5861826144947428,0.5656804868452712,1680,1,1,1.0,0.0005952380952380953,1,0
797_YAHOO_id_247_Synthetic_tr_500_1st_893.csv,0.9660907114923034,0.952694532224344,0.987489813472796,0.9603112506542844,0.6298420144608731,0.998447117691458,0.8497172314336997,0.1452950090706112,0.7241673296446549,0.947846012190988,0.5196344240408535,0.983923079976462,0.7833923904958431,0.989364918605219,0.9804418930241467,0.9877231839247036,0.8440527436114681,0.9599708803494482,0.8540330888923102,0.8622227341095922,0.8140592278012397,0.7724981622029653,0.7150390267113369,0.9426576857339553,0.9399418056362642,0.871734286186636,0.9024249298723104,0.9924920789072256,0.9979178932507378,0.9980118025874276,0.8458082252275181,0.8618215630189667,1421,1,1,1.0,0.0007037297677691766,1,0
806_YAHOO_id_256_Synthetic_tr_500_1st_893.csv,0.8461594876072104,0.930810193752018,0.9619902967191266,0.9254347440498252,0.4729319553679708,0.9924422524221236,0.5832757646547794,0.6330234091847715,0.8453193531118205,0.8517734774838966,0.5950328972685355,0.7197692558383612,0.7532559467051033,0.9926496553590402,0.9736821176258742,0.9988754930825106,0.8371122883183671,0.9630566273276,0.8036335113068115,0.8407607565705488,0.6760691807145548,0.7738992719386584,0.8855500494125763,0.8801081078313979,0.9911000927152924,0.8614091514893484,0.9514315600206624,0.9973746850340514,1.0,1.0,0.9799337478318256,0.9619085619001504,1421,1,1,1.0,0.0007037297677691766,1,0
807_YAHOO_id_257_WebService_tr_500_1st_1210.csv,0.9705743825288446,0.993858490436365,0.972872136497561,0.9816328171302392,0.9727898469145716,0.8484870552426513,0.8698598726210564,0.739604844315644,0.9756459278049188,0.9780712715610096,0.9830190440544572,0.9690408070892568,0.9409560456921026,0.7902144261107671,0.9731675367345278,0.9676798829198244,0.9559355351182052,0.9898002126830644,0.9940245577335972,0.9572061014491458,0.4807329537701684,0.9943357578047908,0.9388087217593112,0.9424114060959156,0.9225152779392838,0.8479398311454419,0.8941711028947164,0.9789295248203694,0.979244150209109,0.9754337707043816,0.9732781466118604,0.9705334235997682,1424,17,3,5.666666666666667,0.011938202247191011,0,1
810_Exathlon_id_1_Facility_tr_10766_1st_12590.csv,0.9776644821768442,0.8698172169465347,0.5168820785222253,0.5238964782334169,0.4751359597422358,0.978228017704018,0.98477791915284,0.8804927738093233,0.7542873973451948,0.973449265103298,0.9920307423364464,0.9851650348367474,0.977928940115406,0.9801466545483768,0.983339685093624,0.9845376032921244,0.9938708290213442,0.7308714262838779,0.9230860860729307,0.9224443392704142,0.5022258093381818,0.9891356228805592,0.9984798880379366,0.700144003762193,0.728259138318286,0.5271174051538483,0.5287207265933294,0.6394584726381338,0.7046970571657196,0.7239555319142649,0.3861480211841845,0.9047659626515068,43066,5437,3,1812.3333333333333,0.12624808433567083,0,1
811_Exathlon_id_2_Facility_tr_10766_1st_12590.csv,0.97741021606878,0.936975829928186,0.5029812843862875,0.5640000292455999,0.991265102649987,0.9653758125251322,0.9328599864089407,0.7700161443129755,0.988985257297428,0.9767115941098647,0.9850350172796336,0.9678655454853164,0.8720322517497858,0.9152652163421376,0.9751146234659724,0.9802827261311,0.9678587982071856,0.981167033809173,0.9506453887592162,0.9531923890052464,0.4850577580277283,0.986669167999218,0.9980453085102516,0.9362097709078095,0.9052477722958134,0.8890671077478758,0.9496212808319456,0.9261455091791873,0.8165871360640948,0.9208383018437142,0.9916247178957722,0.9932680038472476,43066,5437,3,1812.3333333333333,0.12624808433567083,0,1
812_Exathlon_id_3_Facility_tr_10766_1st_12590.csv,0.9823498075383684,0.762303425413481,0.7153273461066888,0.554249415430739,0.9998810691112316,0.9684935756277464,0.3731180471453083,0.8852119463704523,0.99848616452689,0.8834846717799176,0.9999604044302484,0.9763998658034952,0.6306015022159339,0.6969570524745645,0.8667505303495295,0.837184258102814,0.993093299658881,0.955863988879897,0.7517733825920242,0.6500822197560294,0.4889304785659441,0.912182485692001,0.9998543095889308,0.9639598801677992,0.9402652541653864,0.9552079301717652,0.9553758895731476,0.9487651283033112,0.8956176960276298,0.9721532498712218,0.9993784149050078,0.999389683235828,43066,5437,3,1812.3333333333333,0.12624808433567083,0,1
814_Exathlon_id_5_Facility_tr_10766_1st_12590.csv,0.97741021606878,0.936975829928186,0.5029812843862875,0.5640000292455999,0.991265102649987,0.9653758125251322,0.8991924932921017,0.4528774094334927,0.988985257297428,0.9767115941098647,0.9850350172796336,0.9678655454853164,0.8720322517497858,0.9152652163421376,0.9751146234659724,0.9823673712777647,0.9664213864250012,0.9171253150289022,0.9814232963549778,0.9543681465382592,0.4908325750806359,0.9865961183613098,0.9980719333148672,0.9347271261229824,0.8813200290967302,0.8731682807035385,0.8553204364422236,0.9288476097342486,0.8165871360640948,0.9208383018437142,0.9916238232055729,0.9930724887652176,43066,5437,3,1812.3333333333333,0.12624808433567083,0,1
815_Exathlon_id_6_Facility_tr_10766_1st_12590.csv,0.9823498075383684,0.762303425413481,0.7153273461066888,0.554249415430739,0.9998810691112316,0.9684935756277464,0.9812927886029474,0.9181849130897072,0.99848616452689,0.8834846717799176,0.9999604044302484,0.9763998658034952,0.6306015022159339,0.6969570524745645,0.8667505303495295,0.839988556782308,0.9934306751263318,0.9276094126887028,0.7231933613790674,0.8937975479926517,0.2186313396626288,0.9126169898718716,0.9998542278545384,0.9606779709541964,0.9686491523225212,0.9651046367447572,0.9548979662981444,0.9488259438513358,0.8956176960276298,0.9721532498712218,0.9993877747164934,0.9993947180701072,43066,5437,3,1812.3333333333333,0.12624808433567083,0,1
816_Exathlon_id_7_Facility_tr_10766_1st_12590.csv,0.4990924305436464,0.9493129826835752,0.6171895454376948,0.5333983166765673,0.949482940234294,0.5525913402122019,0.5006212805153146,0.5230507552995947,0.6623091653931336,0.8891936970544984,0.9809851359399612,0.4940010753080435,0.5858822750597976,0.5413511391108675,0.5320743241056477,0.6046298931196037,0.5863848734559695,0.9208827912087072,0.9747331668488824,0.973634004974006,0.4991968122266609,0.9810423575738604,0.9932888704901306,0.7667696336951239,0.8626369520911354,0.8691330612861116,0.8739408120382154,0.8890248007288979,0.8708658278883008,0.8914990262269291,0.9898838661671144,0.9902852679100334,43066,5437,3,1812.3333333333333,0.12624808433567083,0,1
817_Exathlon_id_8_Facility_tr_10766_1st_12590.csv,0.8821384951519171,0.9053102833734792,0.8481994855670841,0.5027808189850868,0.8568905513274081,0.9242823420483932,0.832925747360645,0.8315904117621362,0.7081972959470014,0.7381932572151665,0.9550073310569136,0.7310361985052587,0.8732978332606239,0.8254086001241429,0.8429134579295503,0.8945466433055568,0.6397237998742489,0.8607391831139357,0.882974022442469,0.950400868118442,0.4850600453446906,0.9601960499056474,0.98709955891818,0.6984030728808232,0.692049733272292,0.6956731260173338,0.6594983335507919,0.6971292855169291,0.6580815498926652,0.7099989424103261,0.8534410927108046,0.8629421016545372,43066,5437,3,1812.3333333333333,0.12624808433567083,0,1
818_Exathlon_id_9_Facility_tr_11665_1st_13484.csv,0.9060394262265952,0.9963797325403034,0.8079304670132366,0.6169250578816994,0.9879046429023188,0.4022107050730092,0.1060716723746978,0.2144955541074721,0.8893861959145396,0.9653989826829908,0.9999875542415078,0.9427165802447662,0.5030584702574715,0.3639450146958209,0.9141408596428148,0.67691914264945,0.4913355320875929,0.9746939621108552,0.9954612316814564,0.994766383285546,0.503248635809413,0.9958201178994528,0.999989386260997,0.8105066696728145,0.9537078491844528,0.9748339428799794,0.9562137632515468,0.9738216457246724,0.9288493284857956,0.9624202815807248,0.9995865600196684,0.9997358425450223,46660,2928,3,976.0,0.06275182168881269,0,1
819_Exathlon_id_10_Facility_tr_10766_1st_12590.csv,0.8340792289203255,0.9649435184563117,0.6767806695943783,0.5744412311159308,0.9931511612325964,0.8227334340100082,0.95762775363381,0.8633151609046837,0.9752685164541608,0.9610236076680015,0.9999422834260544,0.7044875827923075,0.7763521650032177,0.8297282004457253,0.754242064324001,0.6622080036477379,0.5746483541524559,0.9914241573562556,0.9832907072826432,0.9763522561021084,0.4972173989421924,0.9897079932217022,0.9996512671054076,0.9860642563568768,0.8551780381126307,0.9115037136173628,0.8820747978728884,0.9290754276534592,0.8860801928402666,0.9031096575134516,0.9954623931679976,0.9957218648347148,43066,5437,3,1812.3333333333333,0.12624808433567083,0,1
820_Exathlon_id_11_Facility_tr_11665_1st_13484.csv,0.8415277751394774,0.976143317745695,0.7719462595322641,0.6114215682312341,0.970266305038882,0.9459626383395304,0.7509648844043213,0.7482932962172936,0.9249903607783851,0.931411897003764,0.9939324548075716,0.6053759343427242,0.7271861036075867,0.7191436267631149,0.9212897469953734,0.907001688308539,0.263086145335931,0.8419532476588297,0.9350281905712792,0.9359186427020152,0.5036334383232904,0.9883538578112616,0.9955403400158132,0.6323648005243494,0.8701090687034727,0.8838449810754153,0.8731728793931656,0.8211801151428741,0.8841680964363043,0.9137914709309716,0.9907334431463782,0.9918576857050604,46660,2928,3,976.0,0.06275182168881269,0,1
821_Exathlon_id_12_Facility_tr_6985_1st_7085.csv,0.5528581872891084,0.9543981454358712,0.7479006800429182,0.5429749787063817,0.7497013299967656,0.5738858484549008,0.3414933774098913,0.3831637878476435,0.6087991469159364,0.8233485166530088,0.9739004825802384,0.571504575306883,0.4670985628158822,0.0618792636538792,0.0818021453912608,0.0354702951644506,0.1401384935844305,0.7254596091455955,0.9677670546570004,0.9671082975093064,0.5498854133093511,0.9683485210817812,0.9929857269826232,0.6153555809005865,0.7057125415477532,0.6865805747953946,0.6154963183800147,0.7345401110788023,0.6566920515863162,0.5352727203583135,0.8895689242760384,0.8813335551988687,46649,4856,5,971.2,0.10409655083710262,0,1
822_Exathlon_id_13_Facility_tr_10766_1st_12590.csv,0.8821384951519171,0.9053102833734792,0.8481994855670841,0.5027808189850868,0.8568905513274081,0.9242823420483932,0.7759777284424122,0.7109232786002473,0.7081972959470014,0.7381932572151665,0.9550073310569136,0.7310361985052587,0.8732978332606239,0.8254086001241429,0.8429134579295503,0.8947251829794912,0.6308858289662591,0.8733130885785009,0.8828536588130742,0.8836847966558473,0.5240875066251628,0.95968710736597,0.987179304848268,0.7869949031524244,0.6831585910591784,0.6237476799892049,0.7612536418567424,0.6965955308451564,0.6580815498926652,0.7099989424103261,0.8536570366763102,0.8630555118581559,43066,5437,3,1812.3333333333333,0.12624808433567083,0,1
823_Exathlon_id_14_Facility_tr_10766_1st_12590.csv,0.8835865359697764,0.9811979873297244,0.7647354461185218,0.6244892367553925,0.959816042682036,0.8668130527876048,0.3367616770058398,0.5431402350862746,0.7439369114904646,0.9958107475713394,0.999993681980999,0.9629636408579884,0.5381736966756642,0.6869937330217089,0.9203188841080436,0.6559916040893733,0.938300774282496,0.9567265864890406,0.9985365328561286,0.9982375120128332,0.4955595046880708,0.9988712717674328,0.9999936872321112,0.876260249016702,0.9391857960276346,0.9748352228901548,0.9446608339569246,0.9650713403673422,0.948281745710457,0.9452685992634268,0.9984541742859574,0.9992528784314534,43066,5437,3,1812.3333333333333,0.12624808433567083,0,1
824_Exathlon_id_15_Facility_tr_10766_1st_12590.csv,0.9613015880641228,0.8872090805572324,0.8123519733321413,0.4999691370405411,0.9879393296087888,0.9760966732171455,0.8437107379098389,0.6164960145309549,0.9369962624960332,0.8474369530321667,0.9886832241238276,0.9024781187862232,0.7448787733983938,0.6270127049293719,0.9325141235967634,0.8065964531356286,0.2314484353752739,0.8736822670713452,0.9050656276121412,0.6689416371982786,0.5070204041331537,0.9774518572015972,0.997349442828543,0.9067982288725625,0.7831756201259332,0.7989673980396389,0.8415813259693244,0.8788143413668066,0.7940707566326534,0.7942275441450755,0.99423013829233,0.9935835777951776,43066,5437,3,1812.3333333333333,0.12624808433567083,0,1
826_Exathlon_id_17_Facility_tr_11665_1st_13484.csv,0.8415277751394774,0.976143317745695,0.7719462595322641,0.6114215682312341,0.970266305038882,0.9459626383395304,0.693639227988847,0.785511214847631,0.9249903607783851,0.931411897003764,0.9939324548075716,0.6053759343427242,0.7271861036075867,0.7191436267631149,0.9212897469953734,0.9104735462440416,0.2633341864639982,0.8307618784707805,0.9350281905712792,0.9359186427020152,0.4565216687277154,0.9883538578112616,0.9955403400158132,0.9236593492795548,0.888842760788787,0.8845185095798639,0.8920083225628672,0.8272372309907021,0.8841680964363043,0.9137914709309716,0.990765516226924,0.9918180668734417,46660,2928,3,976.0,0.06275182168881269,0,1
827_Exathlon_id_18_Facility_tr_10766_1st_12590.csv,0.9613015880641228,0.8872090805572324,0.8123519733321413,0.4999691370405411,0.9879393296087888,0.9760966732171455,0.8874419656984539,0.4426970475791966,0.9369962624960332,0.8474369530321667,0.9886832241238276,0.9024781187862232,0.7448787733983938,0.6270127049293719,0.9325141235967634,0.8118640134315758,0.2134997412066383,0.7691383605113075,0.8971446170860141,0.7977999830322383,0.213146312944524,0.9766982834813196,0.9973646244977528,0.8531959027180057,0.8051041760913425,0.8066724629735362,0.7546442927879009,0.8807079445298442,0.7940707566326534,0.7942275441450755,0.9944134471411504,0.9938695950917404,43066,5437,3,1812.3333333333333,0.12624808433567083,0,1
828_Exathlon_id_19_Facility_tr_11663_1st_13482.csv,0.7879190519759959,0.9650653107961726,0.8607248393450809,0.6035295937829899,0.9628635206251298,0.9395460699565804,0.653260654065089,0.7656682932722004,0.8327290890436053,0.9267985337510708,0.9970426247922808,0.6582176736029544,0.6931118352005804,0.7896145391550391,0.907910976992392,0.8373444862969446,0.1238522106308352,0.7908305102168218,0.9650787511897232,0.9655272666776172,0.5014799488388096,0.9967489768852628,0.9970832617456606,0.4923800989802803,0.8094122265266018,0.7885932675506355,0.8174388356553571,0.759453271465491,0.8481365671319441,0.8506300672851509,0.992706413126874,0.9932655155982798,46655,2948,3,982.6666666666666,0.06318722537777302,0,1
829_Exathlon_id_20_Facility_tr_10766_1st_12590.csv,0.4990924305436464,0.9493129826835752,0.6171895454376948,0.5333983166765673,0.949482940234294,0.5525913402122019,0.4982057965269575,0.491364327710119,0.6623091653931336,0.8891936970544984,0.9809851359399612,0.4940010753080435,0.5858822750597976,0.5413511391108675,0.5320743241056477,0.6026319884786173,0.5877252389436042,0.8618751408951077,0.974733836015396,0.9736301660797908,0.4997417402740249,0.9810423575738604,0.9932888704901306,0.7945459514907456,0.8731826608506171,0.8610843050305852,0.8685332530299138,0.8882447622551588,0.8708658278883008,0.8914990262269291,0.9898589870790712,0.9902669572310304,43066,5437,3,1812.3333333333333,0.12624808433567083,0,1
830_Exathlon_id_21_Facility_tr_10766_1st_12590.csv,0.9487596265035932,0.9520644673861028,0.6066791982122209,0.5652979659174635,0.926154507822198,0.9829415042989904,0.8002011430254755,0.675501737651869,0.8463885201505615,0.9669607606883538,0.998570550415191,0.6412308849891551,0.7146777449548304,0.7727445179933917,0.9115581112689856,0.871959766931378,0.0790185898234288,0.7504361549357684,0.9537627064353216,0.9538377249317016,0.502087304101892,0.9965649304988088,0.998967791647775,0.5270516108501505,0.7750327490969335,0.8048612825469583,0.8368269536946725,0.7515985278946327,0.8537570924137509,0.8362354366640192,0.994525957160171,0.995917627133342,43066,5437,3,1812.3333333333333,0.12624808433567083,0,1
831_Exathlon_id_22_Facility_tr_11665_1st_13484.csv,0.8415277751394774,0.976143317745695,0.7719462595322641,0.6114215682312341,0.970266305038882,0.9459626383395304,0.7718284077363305,0.830121446455753,0.9249903607783851,0.931411897003764,0.9939324548075716,0.6053759343427242,0.7271861036075867,0.7191436267631149,0.9212897469953734,0.9073789862910958,0.2632206161298839,0.8362502778501414,0.9350281905712792,0.9359186427020152,0.5014614114838545,0.9883538578112616,0.9955403400158132,0.8450993890177584,0.9034323766238012,0.8854448000274371,0.8786674427314112,0.8240868177133562,0.8841680964363043,0.9137914709309716,0.990760944211089,0.991941396353306,46660,2928,3,976.0,0.06275182168881269,0,1
832_Exathlon_id_23_Facility_tr_10766_1st_12590.csv,0.4990924305436464,0.9493129826835752,0.6171895454376948,0.5333983166765673,0.949482940234294,0.5525913402122019,0.4840416574220928,0.4982528489119545,0.6623091653931336,0.8891936970544984,0.9809851359399612,0.4940010753080435,0.5858822750597976,0.5413511391108675,0.5320743241056477,0.6041022255310255,0.588453116308834,0.90927376536163,0.9747332010413388,0.973634004974006,0.5020937894082472,0.9810423575738604,0.9932888704901306,0.8808411432502176,0.8787189091079526,0.8730563324682756,0.8646813837964817,0.8886466366895253,0.8708658278883008,0.8914990262269291,0.9898103397920288,0.9901661093059664,43066,5437,3,1812.3333333333333,0.12624808433567083,0,1
833_Exathlon_id_24_Facility_tr_10766_1st_12590.csv,0.9823498075383684,0.762303425413481,0.7153273461066888,0.554249415430739,0.9998810691112316,0.9684935756277464,0.9354857074848708,0.8633912861167922,0.99848616452689,0.8834846717799176,0.9999604044302484,0.9763998658034952,0.6306015022159339,0.6969570524745645,0.8667505303495295,0.8389137630677345,0.9931264157373526,0.94264164309773,0.780412501199051,0.6625444315368177,0.502790477080548,0.9121843649604712,0.9998545715986972,0.9603784678713362,0.9694784917414124,0.9627769067314906,0.9608895593048264,0.9497735410557312,0.8956176960276298,0.9721532498712218,0.9993764466014412,0.999396041820071,43066,5437,3,1812.3333333333333,0.12624808433567083,0,1
834_Exathlon_id_25_Facility_tr_11665_1st_13484.csv,0.8415277751394774,0.976143317745695,0.7719462595322641,0.6114215682312341,0.970266305038882,0.9459626383395304,0.7515518538964986,0.874948647934818,0.9249903607783851,0.931411897003764,0.9939324548075716,0.6053759343427242,0.7271861036075867,0.7191436267631149,0.9212897469953734,0.9051619229581144,0.2636827419141001,0.850059404721831,0.9350281905712792,0.9359186427020152,0.5032790501764433,0.9883538578112616,0.9955403400158132,0.4833022286508288,0.8532822779308987,0.8868377330042242,0.8970834053889079,0.8184146627814319,0.8841680964363043,0.9137914709309716,0.990766684036922,0.9918927861420112,46660,2928,3,976.0,0.06275182168881269,0,1
835_Exathlon_id_26_Facility_tr_10766_1st_12590.csv,0.8905615902935695,0.8897549848495301,0.9298056502479728,0.5443562496800298,0.6894470357958598,0.948305254718006,0.9133209113803544,0.9292825113982744,0.7287705885393335,0.923279283438744,0.985545780904768,0.900568823046183,0.9692740786926114,0.776676206197942,0.9594712255966714,0.9826513157500312,0.7752057234688022,0.4275220997197466,0.0456790832837247,0.0458337458715339,0.5021640006797916,0.0171846157432776,0.0048764781210129,0.3477103113749817,0.7155327636145768,0.5945948353229087,0.6042164011297353,0.6386093901429868,0.6958819823690677,0.5798422281712889,0.7365732414476982,0.8038491671864372,43066,5437,3,1812.3333333333333,0.12624808433567083,0,1
836_Exathlon_id_27_Facility_tr_10766_1st_12590.csv,0.9823498075383684,0.762303425413481,0.7153273461066888,0.554249415430739,0.9998810691112316,0.9684935756277464,0.9803820555267412,0.8678508501474611,0.99848616452689,0.8834846717799176,0.9999604044302484,0.9763998658034952,0.6306015022159339,0.6969570524745645,0.8667505303495295,0.8344169828882279,0.99310914159868,0.933007980538106,0.7610744511399024,0.6674820915538885,0.5018511562770746,0.9111487448855152,0.9998540884886038,0.9623314194676532,0.9803320948878134,0.9659507592117984,0.9299947728593544,0.9495321956754018,0.8956176960276298,0.9721532498712218,0.9993773610034188,0.9993880592003122,43066,5437,3,1812.3333333333333,0.12624808433567083,0,1
837_Exathlon_id_28_Facility_tr_8898_1st_8998.csv,0.2162285811229041,0.9484603357726388,0.4757056980079958,0.5293140324371898,0.9674262273668256,0.0319244159855142,0.0256638067603913,0.5915893793498985,0.7513983688839068,0.9599395876876856,0.9999808644749704,0.245513462333091,0.5075349076502064,0.4661608101200105,0.2015175374094441,0.1302555178717564,0.8941063169042313,0.268582965040938,0.1005895085352212,0.1009877181450498,0.5104471088432331,0.0990299733522147,0.0644793398403841,0.1588336573624472,0.2192560821972729,0.2890782998803448,0.2316096868011279,0.2176724436053826,0.1716687834076363,0.2611453451486948,0.2171281241588524,0.2200303187010709,46650,3891,4,972.75,0.08340836012861737,0,1
838_Exathlon_id_29_Facility_tr_10766_1st_12590.csv,0.8821384951519171,0.9053102833734792,0.8481994855670841,0.5027808189850868,0.8568905513274081,0.9242823420483932,0.8122265069083873,0.7778339440095766,0.7081972959470014,0.7381932572151665,0.9550073310569136,0.7310361985052587,0.8732978332606239,0.8254086001241429,0.8429134579295503,0.8945977719901336,0.6541907571782812,0.8560884157607158,0.8824809151784685,0.7388910205236727,0.5166984551787792,0.9601015414840676,0.987172167275875,0.6940002267669235,0.6906421616391129,0.6169609235876419,0.6270603386413399,0.6952931679884572,0.6580815498926652,0.7099989424103261,0.8531151176827856,0.8628293018856931,43066,5437,3,1812.3333333333333,0.12624808433567083,0,1
839_Exathlon_id_30_Facility_tr_10766_1st_12590.csv,0.4990924305436464,0.9493129826835752,0.6171895454376948,0.5333983166765673,0.949482940234294,0.5525913402122019,0.502893415390785,0.491364327710119,0.6623091653931336,0.8891936970544984,0.9809851359399612,0.4940010753080435,0.5858822750597976,0.5413511391108675,0.5320743241056477,0.5981301159832072,0.5890052425772597,0.903409021884796,0.974733142425034,0.9736346635339383,0.5018027474389116,0.9810423575738604,0.9932888704901306,0.766929544381398,0.878488512758474,0.8652343739445848,0.8704622000371931,0.8865254919483544,0.8708658278883008,0.8914990262269291,0.9898079070241494,0.9902112464022484,43066,5437,3,1812.3333333333333,0.12624808433567083,0,1
840_Exathlon_id_31_Facility_tr_10766_1st_12590.csv,0.9613015880641228,0.8872090805572324,0.8123519733321413,0.4999691370405411,0.9879393296087888,0.9760966732171455,0.8121739513189099,0.5829234970002224,0.9369962624960332,0.8474369530321667,0.9886832241238276,0.9024781187862232,0.7448787733983938,0.6270127049293719,0.9325141235967634,0.8381330898248084,0.219630010651298,0.835079826960233,0.8932733349149821,0.7718358350263913,0.4726933083779157,0.9767895729160834,0.9971714835905192,0.8580977254719638,0.8030843697341177,0.7879164280149372,0.8014372604556069,0.8801621501843045,0.7940707566326534,0.7942275441450755,0.9943749686592468,0.9937284994719852,43066,5437,3,1812.3333333333333,0.12624808433567083,0,1
841_Exathlon_id_32_Facility_tr_11663_1st_13482.csv,0.9161287641468916,0.978976269742628,0.7698857230655075,0.6230855363813553,0.9882419261705004,0.5575826742317891,0.0691302606324967,0.352638756369134,0.9311080621007328,0.9545096159509934,0.9999412482837184,0.9580037195112284,0.6117530922161561,0.6546102407672911,0.9496087678485008,0.7461546107387427,0.5656869060260339,0.9390503826528896,0.9850369559235408,0.983724606685272,0.503707927834667,0.9855164860761556,0.9999416273919668,0.7326847586897073,0.8766235937631155,0.9646809022652756,0.9108226641707232,0.9561713393349164,0.8879519742341895,0.936573902652131,0.9971539029718476,0.9980718146904548,46655,2948,3,982.6666666666666,0.06318722537777302,0,1
842_OPPORTUNITY_id_1_HumanActivity_tr_7295_1st_27516.csv,0.5682581445450517,0.9957416803499844,0.4177273461494475,0.7539260520142582,0.2874403082242328,0.8276810603194598,0.912808822348144,0.9043559997362732,0.4944260820820692,0.9088049015475416,0.999905282238064,0.5406648895726593,0.8854490545353775,0.8470957832157899,0.8854063047902293,0.9081621390773634,0.5107555973683782,0.9885711243151104,0.9994668622322668,0.999418161824511,0.4930740575215176,0.999683204327258,0.9998954694799468,0.7183808991964954,0.2096412645896689,0.2681349417823323,0.2160005330980843,0.2685271302782457,0.3385367473385272,0.2354471683875022,0.1976683939597594,0.2056192890335013,29182,330,1,330.0,0.011308340758001507,0,1
843_OPPORTUNITY_id_2_HumanActivity_tr_808_1st_908.csv,0.2216421520405383,0.8693765590308247,0.2104416341084966,0.5334144018648876,0.3008094751622944,0.2242693003068019,0.721802466117086,0.2935208724105156,0.3762020122091595,0.9757665593315656,0.979013512495383,0.2391276235580247,0.1839364902364637,0.1170424868858438,0.1412008130168145,0.1118627795031497,0.8499215666968433,0.788621332792759,0.0077206066101752,0.0081459898749396,0.4855540071116949,0.0061462765502121,0.0014734812273364,0.0773180720565437,0.3136012184138508,0.3102023027742899,0.1701823891701226,0.2157999870095115,0.1096123816609426,0.2778112235258063,0.2248699354222852,0.2290696315917687,9057,1142,1,1142.0,0.12609031688196976,0,1
844_OPPORTUNITY_id_3_HumanActivity_tr_500_1st_566.csv,0.607474666196072,0.9688200136511892,0.3970686298482903,0.6291024063274007,0.5554715692082074,0.3991116216409825,0.7503171942294627,0.7698634234096361,0.5771317386829087,0.9647252553514544,0.9994223661005674,0.6317831133194491,0.5421903602507964,0.5904024188538831,0.5478319957106317,0.4831140768378851,0.6661702169716026,0.6242449532249115,0.9986724597087197,0.9984442134963736,0.4977547874912596,0.999032855744402,0.999778610745516,0.8195985860853899,0.4095731579441522,0.4324112184529854,0.3840326728910854,0.494105919082781,0.7074150876899138,0.4470895119933481,0.3612167558689216,0.3621668451812641,15653,967,2,483.5,0.06177729508720373,0,1
845_OPPORTUNITY_id_4_HumanActivity_tr_7295_1st_27516.csv,0.5675145750556044,0.9978589632764088,0.5503623590124241,0.6756616683376664,0.1887521787452384,0.8088740134440485,0.8899987763160756,0.8668067386419952,0.1806605771860306,0.8876147469881297,0.9994309015099678,0.6100676806892111,0.8517624921958666,0.9565816418114156,0.8943191662109368,0.9141556198608508,0.5826372290233469,0.8973456441125361,0.9984044418423242,0.998152725295111,0.4870194811099936,0.9992055938762264,0.9998215847953972,0.8001118342162581,0.1829758822064034,0.2803973075975451,0.2387515810982128,0.2199048974948601,0.2863917489772182,0.2503911358374693,0.1488078983496639,0.1559066545490623,29182,330,1,330.0,0.011308340758001507,0,1
846_OPPORTUNITY_id_5_HumanActivity_tr_2085_1st_2185.csv,0.4907289743511416,0.9751151063143476,0.7081624465013245,0.6208591431645851,0.3442340358507657,0.8099837011238471,0.8521693023439189,0.8387113872674332,0.3778066418949251,0.9266427408040084,0.99918149911861,0.4226911835879144,0.7917213698506398,0.8156575592805355,0.8224692675806424,0.8539355553085429,0.4706227225317042,0.9956595422353738,0.9818513158332848,0.9811108351327124,0.4900881247521649,0.9835014949614314,0.9988606883691568,0.289689688560899,0.209281648261236,0.2802128687094211,0.2268956875213296,0.2724574075927211,0.3187776386333988,0.2699357865169494,0.2185190923706778,0.220248224793113,22194,818,2,409.0,0.03685680814634586,0,1
847_OPPORTUNITY_id_6_HumanActivity_tr_808_1st_908.csv,0.5450023674572406,0.7514508799074008,0.5219760620434623,0.5607589559363768,0.1816238173214757,0.6851521699226073,0.7932479652519818,0.6847839712042737,0.2481079309929222,0.9569801288357814,0.9964144644194824,0.5322291719211748,0.533463584102279,0.7221295012601447,0.7659038170311528,0.7619518573610585,0.6770488916110108,0.1485224108085367,0.0042603782118628,0.0058747852092083,0.5059436758476988,0.0041384462818609,0.0012481695757256,0.3406030818946977,0.1663643987982661,0.2136304548578292,0.2056949295583298,0.1794229894489721,0.1816335242411574,0.1955162419136304,0.1351755971089876,0.1344376158279305,9057,1142,1,1142.0,0.12609031688196976,0,1
848_OPPORTUNITY_id_7_HumanActivity_tr_1477_1st_1577.csv,0.5184495451112615,0.984081344020296,0.4473485436786586,0.7397147415934618,0.7082866792678043,0.3694676360829262,0.4183670392266047,0.3289438076946547,0.7413442767190791,0.9446425267963928,0.995475287288282,0.5412742742355693,0.4154717136918903,0.0847678710495167,0.2306707960015208,0.1388757828811085,0.4754535474245679,0.7075627274369428,0.0201607290059633,0.0266170840622253,0.4988849096259521,0.020211897814132,0.0053458517447551,0.8501304627672138,0.5576408843516498,0.651545890179362,0.5317544041524737,0.4784298704149688,0.5027379770154006,0.5161839276302804,0.6874481075779105,0.6842910715361379,18011,396,2,198.0,0.021986563766587086,0,1
849_OPPORTUNITY_id_8_HumanActivity_tr_1100_1st_1200.csv,0.5742074952103087,0.9962993395464964,0.5411896100454111,0.5894819323832122,0.3661138256203714,0.7635137742747953,0.809634427079566,0.780750864728072,0.2636429687184042,0.9064461206375882,0.9999414746175368,0.5712095408655817,0.5894351083484298,0.7197350491932135,0.7763570883975073,0.8235363786383215,0.2659708791258005,0.9983289992460204,0.0451772283909899,0.0552970609641059,0.564101968473035,0.0379203976951726,0.0814022771106758,0.977549025830894,0.3054902112760715,0.4265874535691471,0.2918539792549353,0.370952104147829,0.360324439171382,0.389387905286202,0.3093048358540997,0.3099321659903475,24892,608,2,304.0,0.02442551823879158,0,1
850_OPPORTUNITY_id_9_HumanActivity_tr_895_1st_995.csv,0.4611536977450898,0.98256364713362,0.65428041057626,0.7029196750060466,0.6504551149667547,0.4909278432638957,0.3575994495390594,0.635190149311329,0.5577852769328011,0.9086236426746503,0.9974489673817454,0.4457378129176513,0.4543977264664774,0.3904521806330739,0.4395432344709422,0.3791902383829202,0.3629471684186134,0.5908850027381373,0.9873053496381472,0.9885076956527504,0.5020918717268309,0.9907256587143776,0.9999523425247958,0.3777898584183466,0.4950801376047337,0.5252683864291925,0.478163134220374,0.5636440705995877,0.4893951681120334,0.4888171595485161,0.5269714374422328,0.5267071633529374,14751,438,1,438.0,0.029692902176123654,0,1
851_OPPORTUNITY_id_10_HumanActivity_tr_6213_1st_7311.csv,0.4434703570796249,0.1610251224742971,0.8566912429079635,0.4654042002335475,0.1673462308337802,0.8774065460833685,0.930730242016362,0.7293473750469438,0.378086020251113,0.3284452570997915,0.1091392985942991,0.3858384614894402,0.8966621331210028,0.9103590099308082,0.900112071445589,0.9099667653915312,0.6045783504853135,0.1753229068122218,0.1617468978566001,0.1549946617555279,0.4682133052436276,0.1129477999503054,0.1003879192451433,0.3087695224083788,0.1579689588942572,0.1852329242427969,0.1877444708553823,0.2057128785445357,0.2769907446909078,0.2495183961222079,0.0941677531967848,0.0962057604032333,24852,872,1,872.0,0.03508771929824561,0,1
853_OPPORTUNITY_id_12_HumanActivity_tr_808_1st_908.csv,0.5435789897522023,0.798965104227025,0.6033773673420296,0.560727033334214,0.1286236004562115,0.9046328867146542,0.9378013049983948,0.8543679456540431,0.3287288144898204,0.960153894742769,0.9996496625320448,0.5942895131570896,0.6125190694118103,0.9519540207959326,0.9390929857911436,0.9340255790806392,0.5344010650494174,0.972195003406368,0.9972903429372172,0.994914703439234,0.5117032918305654,0.9989284840289976,0.99988047747304,0.7584595757131514,0.12382993473639,0.1324708360328561,0.131797405834914,0.1760221467245588,0.2570875278008688,0.1917724796784627,0.0856209605649433,0.0863647421673419,9057,1142,1,1142.0,0.12609031688196976,0,1
854_OPPORTUNITY_id_13_HumanActivity_tr_1477_1st_1577.csv,0.5557481518117408,0.992416464705424,0.6961797187584032,0.6648561609016742,0.4897936029025979,0.8463740024070134,0.7716064512915363,0.7936006788453636,0.5239868135091994,0.9221311835508846,0.9999175226586152,0.4944365776362963,0.427152034824687,0.72434041928161,0.7116176425474084,0.4472191328694637,0.3714640675913729,0.9997883435895238,0.9997001779045112,0.9989397262287684,0.5024159947396593,0.9998071435294388,0.9998229648794994,0.9979374504061712,0.4155915128123494,0.509483780984516,0.4471451468625746,0.535386320233624,0.5547915940621928,0.5415411690513652,0.4623409421805683,0.4690670329902257,18011,396,2,198.0,0.021986563766587086,0,1
855_OPPORTUNITY_id_14_HumanActivity_tr_808_1st_908.csv,0.5505550735169107,0.6445840834656876,0.8035314746599729,0.5196167695025475,0.2261702617946638,0.8214942766131733,0.7790794261126683,0.656475154400491,0.4500642280618174,0.867884813272429,0.9389607798797874,0.5411227650537729,0.5820678766876773,0.8359661309089208,0.621785337440978,0.5637450507619476,0.5879907634776281,0.6187282993510744,0.947415851119361,0.9464699182979568,0.5062668683612935,0.9473509815533008,0.959467678978206,0.5753163655932497,0.1821630692867113,0.2118831592254534,0.1896821622604865,0.2946266209402076,0.3023619465583635,0.2448263813735329,0.1359889285767301,0.1354195324172351,9057,1142,1,1142.0,0.12609031688196976,0,1
856_OPPORTUNITY_id_15_HumanActivity_tr_808_1st_908.csv,0.5688633862584366,0.7183767327562596,0.7594225355014718,0.5893283461599743,0.1670830884709328,0.861457905086581,0.8780000453525066,0.7065336299469583,0.4285745050085039,0.9535667735680168,0.9986366654271231,0.6209315468563057,0.539399593826373,0.7850006442974279,0.8755718989574652,0.8471308785089617,0.7175461010509147,0.9841060578983506,0.9853292971537488,0.9850110567909408,0.4873695220485939,0.9946283234622016,0.9991517358083803,0.5312845589561933,0.1692066515062111,0.1647123153187135,0.1729669261063292,0.196538615582961,0.2172843557642951,0.1911639434408383,0.1240375351527679,0.1241392890080012,9057,1142,1,1142.0,0.12609031688196976,0,1
857_OPPORTUNITY_id_16_HumanActivity_tr_500_1st_566.csv,0.396576724305717,0.96732181151162,0.5518130939519582,0.7377123192449483,0.9204977753292654,0.6405680543155251,0.574698564751485,0.8041799704831389,0.8441990949358107,0.8964451851984163,0.9970348143549564,0.3690662648240917,0.5149532727765807,0.6101229747661195,0.6047195833168718,0.5461038239999993,0.5046890543073059,0.9810940379920906,0.9781625839353828,0.9775811314820396,0.4926902214815142,0.977242629333818,0.9833378430707284,0.3070228856400437,0.3063541854474585,0.3800188817471303,0.2739526648336204,0.3551755365458026,0.3417132268635178,0.3385011710462094,0.2648214840270133,0.2649806006036603,15653,967,2,483.5,0.06177729508720373,0,1
858_OPPORTUNITY_id_17_HumanActivity_tr_808_1st_908.csv,0.5365771665955383,0.8405429023976477,0.8407689856058639,0.5205338511033961,0.1865065221392931,0.9248408821867332,0.93533151100236,0.8436943287705126,0.3346291666899617,0.9617905803228166,0.9990016742868104,0.5060002208274741,0.536468177707665,0.8598033220682902,0.8613178022272984,0.8577478115567746,0.2927666555470767,0.9997342865999534,0.961673617661524,0.9545360120824512,0.4857957459764676,0.9603206987926886,0.9902744159569596,0.1172125077024379,0.1004454892799757,0.1120346569161057,0.1052337323335149,0.1064937509368319,0.2774268825187804,0.1312666697485222,0.0717431454790194,0.0719267838026469,9057,1142,1,1142.0,0.12609031688196976,0,1
859_OPPORTUNITY_id_18_HumanActivity_tr_895_1st_995.csv,0.5049207703235286,0.982194532101642,0.6350377926100866,0.736502322595597,0.3673937986375001,0.6486163929980535,0.5643294860048467,0.4998017109241865,0.440711666732371,0.9356031000403504,0.998772844495305,0.5285161774669799,0.5760603981704985,0.6105312980991893,0.6250965543986579,0.634599237856103,0.5910099270699655,0.3472212206426273,0.0032625653036928,0.0031526112150187,0.4999923647543181,0.0035132164089733,0.001394896398806,0.3965758519195808,0.3783187372619701,0.3814499006916989,0.3810955575450918,0.3500626625563872,0.388806843828684,0.3949555662106277,0.3605309408737541,0.3590121997321619,14751,438,1,438.0,0.029692902176123654,0,1
860_OPPORTUNITY_id_19_HumanActivity_tr_808_1st_908.csv,0.619846638763054,0.8892479310800687,0.5619826839224732,0.5739663261271418,0.1572123491472315,0.9337272374967616,0.9399959448807674,0.7869443601728977,0.2247564385413525,0.9736650703348432,0.9998566422051408,0.6252326325958611,0.7660464748359702,0.8740926115172426,0.9392947435555192,0.9409797676330072,0.5193501119925651,0.9987654356492413,0.9987868827007248,0.9990293942101808,0.4783092613821058,0.9991609351396568,0.9999633071582946,0.0924850194511368,0.1706536779596044,0.1820841855500048,0.197441809603049,0.2395062072667458,0.3094031967963225,0.2749591955967719,0.0967552939425611,0.0976081150825792,9057,1142,1,1142.0,0.12609031688196976,0,1
861_OPPORTUNITY_id_20_HumanActivity_tr_2085_1st_2185.csv,0.5598122286229166,0.9853869284393834,0.5773196922845725,0.5999115874633683,0.3278771136307484,0.7277553377766293,0.7834650638787971,0.7148534420431265,0.3492372880974038,0.8603145287215014,0.9979351876037862,0.5655986900451668,0.6540070084957109,0.7369571946011938,0.7659528389961632,0.8130177733176481,0.5447085944357549,0.3847868082377887,0.0063931785859908,0.0079349589517598,0.4995743758029261,0.0047845013988636,0.0098836826057506,0.6386497013655881,0.3736027117090861,0.4460420336362468,0.3247877187360842,0.3268171992604254,0.3830922649086181,0.4191413201506608,0.3172988212705965,0.3205079836748843,22194,818,2,409.0,0.03685680814634586,0,1
862_OPPORTUNITY_id_21_HumanActivity_tr_500_1st_566.csv,0.4320127352549238,0.9587134044878256,0.6062395367186061,0.6534350299946053,0.5774504256152002,0.8568286588195688,0.8767636126248426,0.8846516510334194,0.5579417229498728,0.9419066631072176,0.999708694987864,0.4373290845476491,0.5864491742612243,0.8262075727936387,0.8763266317791137,0.8776647667237067,0.7135701744573192,0.9992452641997492,0.9981711717367148,0.9972372385038912,0.5124388906416999,0.9984436256265884,0.9996962190614096,0.3696381077965981,0.2580547202601746,0.351010648416424,0.2687161322327867,0.3533760044706456,0.400176231173755,0.372347501609459,0.248225140385542,0.2488484321536449,15653,967,2,483.5,0.06177729508720373,0,1
863_OPPORTUNITY_id_22_HumanActivity_tr_808_1st_908.csv,0.2273113764821118,0.862066991710098,0.3052394859179832,0.5395582849543021,0.1606408621827323,0.207538535355868,0.8889397202286753,0.7134507656780006,0.7617332788390692,0.970033183067585,0.9994031357325066,0.2368647994786341,0.1457990019506679,0.1397742392230668,0.1171653499553159,0.0732449079646229,0.8756878052280291,0.7232686042223135,0.9996034639820968,0.9995671569297848,0.4764088526519515,0.9998007416869716,0.9999068561825112,0.6840940005851674,0.2662763773851843,0.2011067055647737,0.127887182724329,0.2157326222983794,0.6070806706289866,0.1700162536981571,0.0973123805107057,0.0971021868256765,9057,1142,1,1142.0,0.12609031688196976,0,1
865_OPPORTUNITY_id_24_HumanActivity_tr_2085_1st_2185.csv,0.5074552862701074,0.9852495342599552,0.6776347340521305,0.6351576562315123,0.4139037309604922,0.7844285981018396,0.7688423282838351,0.7549308767926891,0.5056139532839837,0.8718995835548234,0.9998895956600374,0.482408977064596,0.5935450728848415,0.7491298952733965,0.7400325598138956,0.7422725378020736,0.3321579374458069,0.929451593166586,0.0642975394699478,0.0659468391205335,0.5150296597516779,0.0492948957163713,0.0351399864342299,0.0663849512784763,0.2988385969207026,0.3780604702197102,0.3231687335539494,0.3411571011118561,0.3776566424284365,0.3975780420894165,0.3047934007047468,0.3076532094120453,22194,818,2,409.0,0.03685680814634586,0,1
866_OPPORTUNITY_id_25_HumanActivity_tr_6213_1st_7311.csv,0.4229894418414968,0.9535117975871018,0.654339426119949,0.6186537133693244,0.4088046956225042,0.8847441693384064,0.848772807002943,0.8208647854618629,0.4251966824344177,0.9400007602608546,0.9999264766978267,0.3740094232836102,0.6954254226507126,0.8902747734860464,0.8372324655119263,0.8133713164748689,0.3700135272046099,0.4630412020247466,0.9959915878223046,0.9959475807399288,0.5057077920832901,0.9977509038736736,0.9998826270444698,0.6580921660527624,0.2686898673344757,0.2667394492649375,0.2653482195636408,0.3311536418464658,0.3842635832591953,0.3382381299806675,0.1634146928752219,0.1682333836693748,24852,872,1,872.0,0.03508771929824561,0,1
867_OPPORTUNITY_id_26_HumanActivity_tr_808_1st_908.csv,0.6384208126461649,0.4942048582788871,0.6055199301593525,0.5492055287039386,0.3113493190122068,0.7672901509770329,0.7727012823409555,0.6237510275631825,0.4882819418760244,0.9792586661390072,0.9994771029866584,0.6623209222635222,0.6412324243042422,0.8502698669453763,0.7470195338716444,0.7645823744365119,0.3339498612377893,0.3622472509683936,0.9970331376927342,0.9960435094489656,0.419990012243931,0.9969809662428754,0.9971696662180146,0.4387344711447644,0.1374291421175559,0.1486710303476013,0.1293754887911691,0.1847897541464457,0.7169860707297521,0.1685104305090632,0.1159477563383286,0.1159759201980246,9057,1142,1,1142.0,0.12609031688196976,0,1
868_OPPORTUNITY_id_27_HumanActivity_tr_2085_1st_2185.csv,0.4748736021495867,0.9817754861496308,0.6685375525484227,0.6284295186525318,0.3023294015937426,0.7259467663057412,0.7457843190664404,0.7385634579903273,0.3867392604403257,0.8925564968596871,0.9983458683527872,0.4344411491377303,0.6455670873863141,0.6608466052885216,0.6858434531573883,0.7062072971000543,0.5080607754146691,0.9935402528151058,0.9749240970158122,0.9721393453066292,0.508123033824036,0.9793791834335716,0.9950230086801476,0.6590523166669291,0.2819180855081328,0.3325759104328437,0.2661147972017009,0.3138380206011622,0.3087349771622001,0.3159330660843759,0.2543434116206601,0.255147019537111,22194,818,2,409.0,0.03685680814634586,0,1
869_OPPORTUNITY_id_28_HumanActivity_tr_500_1st_566.csv,0.3379578952108731,0.950068263850726,0.4186652173388085,0.7222961218903288,0.9640734010382626,0.6262906139075597,0.6525860536041557,0.8262775774336234,0.9771564389267144,0.8887282796960986,0.999577111220063,0.3281258024142129,0.5832371771728965,0.8167030538674253,0.7711832430040855,0.7449115546584677,0.4336849377553939,0.7534421225889374,0.9920050277759858,0.9911061991488824,0.5046218786175232,0.9922811907358045,0.9985602803321754,0.5794015169447709,0.217181082899232,0.3413340081105815,0.2201889290585112,0.2685372514779432,0.3166655285953682,0.26215682499374,0.2508085754774253,0.2507780856534743,15653,967,2,483.5,0.06177729508720373,0,1
870_OPPORTUNITY_id_29_HumanActivity_tr_1477_1st_1577.csv,0.2914643907170589,0.9842130327534456,0.830820664866894,0.6743793440769716,0.6933255009377379,0.6974827425822111,0.5069870357374014,0.6372571875072784,0.4940366288024275,0.9360595462849776,0.9998436422107824,0.1632107359507674,0.512286274560162,0.4664990045452601,0.679816629402508,0.3907948596361612,0.5510005927670798,0.8716672275828495,0.9976865696220886,0.9968460009639584,0.5126773330936402,0.9984692244941856,0.9997910720092296,0.6245568966529186,0.4948336820144639,0.5175245220782213,0.4587778407221254,0.652647411383801,0.6277724813276966,0.6003479497001041,0.5490898929314253,0.5582630602430352,18011,396,2,198.0,0.021986563766587086,0,1
