dataset,file_path,ts2i_transformation_pretty_name,model,latent_dim,window_length,stride,image_size,epochs,learning_rate,train_losses,val_losses,AUC_PR,AUC_ROC,VUS_PR,VUS_ROC,Standard_F1,PA_F1,Event_F1,R_F1,Affiliation_F,training_time_s,device
SVDB,250_SVDB_id_14_Medical_tr_50000_1st_107354,RN,cnn_autoencoder,128,30,30,64,150,0.001,"[0.19185290237267813, 0.1695744146903356, 0.15573991054580325, 0.14355882576533727, 0.13196471333503723, 0.12059331153120313, 0.11017969853821255, 0.10031317351829439, 0.09117602308591206, 0.0825718098453113, 0.0746401363895053, 0.06712649336883, 0.060430602658362614, 0.054143531514065604, 0.04845929021636645, 0.043509580727134435, 0.03920316855822291, 0.03523598629094306, 0.03175207945917334, 0.02898538884307657, 0.02584945126658394, 0.02341364102349395, 0.021808825610649018, 0.020487982070162183, 0.01908251731878235, 0.017482979666619075, 0.01615450983600957, 0.01568155385376442, 0.014697998629084654, 0.013839514926075935, 0.013030420900100754, 0.012575998192741758, 0.012054492630774067, 0.011294233124880563, 0.010886639223567076, 0.010868129320442677, 0.0105062322247596, 0.009902024109448706, 0.009785504390796026, 0.009532126065875803, 0.009119828054237934, 0.008905138066481976, 0.008906143318329538, 0.008764925678925855, 0.008540804143108073, 0.008124279789626598, 0.007764860433304594, 0.007676480648418267, 0.0074918293172404875, 0.00756295510966863, 0.007372701518414985, 0.007256532398362954, 0.0071711718947404905, 0.007093780186204683, 0.006992633676245099, 0.007099612216864314, 0.006998308202517884, 0.006913235987580958, 0.006732920428649301, 0.006672965606585855, 0.006707582001884778, 0.006658923900907948, 0.006330816740436214, 0.00619283238691943, 0.006093041372618505, 0.006090995412142504, 0.006199576914133061, 0.006003521116716521, 0.005854570949893622, 0.0058436586654612, 0.0057754675369887125, 0.005897928805400928, 0.0058202930903505715, 0.005684913158239354, 0.005548105641667332, 0.005522729828953743, 0.005325989553793555, 0.0053231668924646714, 0.005406417906106938, 0.005412293930671045, 0.005475288833535853, 0.005361600912043026, 0.005264873394653911, 0.005266697700357153, 0.004727704095698539, 0.004201927399706273, 0.004071788163855672, 0.003987839833522837, 0.003946945980368625, 0.0039431459403463775, 0.003930282745776432, 0.0039308568285334675, 0.003938990257059534, 0.003910627814808062, 0.003913820044891466, 0.003867106124137839, 0.003878368109109856, 0.003858098483067893, 0.0038844825744274118, 0.0038894981345427887, 0.003865690680132026, 0.003888077124775875, 0.003919013565228809, 0.003958882775068993, 0.003935550672135183, 0.003843668360440504]","[0.18860435485839844, 0.16836719711621603, 0.15166771163543066, 0.13878251363833746, 0.12748016665379205, 0.1165955662727356, 0.1064847099284331, 0.09735591585437457, 0.08862870931625366, 0.07998630280296008, 0.0720176100730896, 0.06505329037706058, 0.05848938847581545, 0.052202620853980385, 0.04714569759865602, 0.042398919661839805, 0.038744825248916946, 0.03448322849969069, 0.031434028719862304, 0.02840601187199354, 0.02539162648220857, 0.023250675139327843, 0.022091501702864964, 0.020566897466778755, 0.018884467892348766, 0.017015467397868633, 0.016354384521643322, 0.015748221427202225, 0.014544401473055283, 0.013657063090552887, 0.013185749296098948, 0.01292290243630608, 0.012225117068737745, 0.011545394857724508, 0.011006398281703392, 0.011188379333664974, 0.010287135529021421, 0.010093422917028269, 0.01003607859214147, 0.009566253827263912, 0.009257099746416012, 0.009103161748498678, 0.00905137121056517, 0.008899883988002935, 0.008600368319700161, 0.008165149949491024, 0.007973846203337112, 0.008059021395941576, 0.007756462941567103, 0.007756692434971531, 0.007460063478598992, 0.007447545261432727, 0.00728055345825851, 0.0072950616013258696, 0.007165436477710803, 0.007422469323500991, 0.007394108921289444, 0.006919281013930838, 0.006895158983146151, 0.007079211063683033, 0.006960732862353325, 0.006704830331727862, 0.006600919412449002, 0.006389274727553129, 0.006304918245101969, 0.0065142436263461905, 0.006491901585832238, 0.006152528415744503, 0.006025692680850625, 0.005926093086600304, 0.006169537237534921, 0.006061662764598926, 0.005822415153185527, 0.005860097551097472, 0.005829063476994634, 0.0057373046875, 0.005527109916632374, 0.005461025905484955, 0.00556296412833035, 0.005521724854285519, 0.005632237919295828, 0.005566676690553625, 0.0055119201230506105, 0.005505272575343649, 0.004503579422210653, 0.004311299882829189, 0.004193409578874707, 0.004157418152317405, 0.004103756897772352, 0.004131840930009882, 0.004063155269250274, 0.004126046396171053, 0.004114688762153189, 0.004094221008320649, 0.0040603140369057655, 0.004045985949536164, 0.0040565648426612215, 0.004048903007060289, 0.004055009689182043, 0.004063076029221217, 0.004060662817209959, 0.004030617807681362, 0.004099346774940689, 0.004093054138744871, 0.004068785735095541, 0.003998798046571513]",0.06178150943010052,0.644392714925673,0.06323076951553953,0.6374657307953656,0.15596378217895407,0.5137457044673539,0.17646274823403948,0.23997914026094155,0.7535811250212279,105.4783011530526,cuda
SVDB,250_SVDB_id_14_Medical_tr_50000_1st_107354,RN,resnet18_autoencoder_frozen,128,30,30,64,100,0.001,"[0.18049879655951545, 0.16395315598873866, 0.15905530466919854, 0.15837038911524273, 0.15814340185551418, 0.1579912304878235, 0.15780895735536302, 0.1575749580349241, 0.15705313356149764, 0.15501247914064498, 0.14788930401915595, 0.1326905716033209, 0.11364741552443731, 0.09524788530099959, 0.07912565342017583, 0.06590817070433072, 0.05488241659033866, 0.04490643633263452, 0.03736870452052071, 0.03219791918638207, 0.0278840870374725, 0.024119447295864422, 0.021823826822496596, 0.020017498660655247, 0.018377549059334256, 0.016740959315072922, 0.01588172492172037, 0.015194468688042391, 0.013980867208114691, 0.013410832067685468, 0.013198617624030226, 0.012552131499562944, 0.011817158066800662, 0.011312920777570633, 0.011105383879372053, 0.010775173349039895, 0.010640095875021956, 0.010503291640253294, 0.010505222183253084, 0.009850371318558851, 0.009465483372055349, 0.009632369325984092, 0.009427989256523904, 0.00928968217756067, 0.009000954572998342, 0.00911833124146575, 0.008723409092497258, 0.008805893405917146, 0.008618042050372986, 0.008588042642389025, 0.008488366424682595, 0.008307614873739936, 0.00815417579863043, 0.00804513914599305, 0.007888551823617447, 0.008063956363392728, 0.007882064186213981, 0.00781608989373559, 0.007745560901683001, 0.0076832024691005545, 0.007511310035451537, 0.007524528097183932, 0.00732378311277855, 0.007354073204277526, 0.0074300493911973065, 0.007312081355069365, 0.007090539760178044, 0.006989797954225824, 0.007082395344263031, 0.00689980061724782, 0.006716500723823195, 0.006886972513582025, 0.006864825441014199, 0.006866007821545715, 0.00689958401822618, 0.006892531178891659, 0.0068561673785249395, 0.0059682646810653665, 0.0055283853739854835, 0.005539401700454099, 0.005514913393805425, 0.005415636336519604, 0.005415870519798426, 0.005446899704457749, 0.005403354852682068, 0.005353366601325217, 0.005320706116479067, 0.005395211966797, 0.005345793551809731, 0.005268576111467112, 0.005281088984615746, 0.005274927332287743, 0.005304329075096618, 0.005264011522134145, 0.005330525449521485, 0.005318093978400741, 0.005222160879167772, 0.005284944371808143, 0.005224189876268308, 0.005293732730760461]","[0.17610758791367212, 0.16106384247541428, 0.1592046171426773, 0.15878358234961829, 0.15857363740603128, 0.15842110415299734, 0.15824615210294724, 0.15807295590639114, 0.1577440177400907, 0.15560390303532282, 0.14554072419802347, 0.12607391923666, 0.10595861449837685, 0.08787477264801662, 0.07351523265242577, 0.06088124091426531, 0.05046174426873525, 0.04162295162677765, 0.03538877020279566, 0.030466008310516674, 0.025619521737098694, 0.023071765589217346, 0.02064958152671655, 0.018620881251990795, 0.017159692011773586, 0.01616195620348056, 0.015523506638904413, 0.014152469113469124, 0.013513165836532911, 0.01327734300866723, 0.012533838239808878, 0.011967604824652275, 0.011163986443231503, 0.01088310902317365, 0.010661085757116476, 0.010361299694826206, 0.010344666739304861, 0.010034527163952589, 0.009752182445178429, 0.009313696529716253, 0.009148223791271448, 0.009244946607698997, 0.009177907680471739, 0.00904671661555767, 0.008730750375737747, 0.00866614825402697, 0.008407898402462402, 0.008405099002023539, 0.0082295301835984, 0.008350467154135307, 0.008197689040874442, 0.00810390105471015, 0.007882022221262256, 0.007805490090201299, 0.007544983100766937, 0.0077096963456521434, 0.007622617296874523, 0.007715895927200715, 0.007355621627842386, 0.00741235197832187, 0.007116248986373345, 0.007297534806032975, 0.007013550183425347, 0.007279072732975085, 0.007156661634022991, 0.007043560811628898, 0.006784503581002355, 0.006738114170730114, 0.0067976842013498144, 0.0066279620708276825, 0.006600632409875591, 0.006621759772921602, 0.006820134275282423, 0.0067071993835270405, 0.0068406895734369755, 0.006791826415186127, 0.006672766292467713, 0.005541810067370534, 0.005344098899513483, 0.005347726866602898, 0.005270238034427166, 0.005189617785314719, 0.0052083000385512905, 0.005139947946493824, 0.005211632155502836, 0.005091670512532194, 0.005165402001390855, 0.005220818954209487, 0.0051389653235673904, 0.005064178646231691, 0.005100451875478029, 0.005134705454111099, 0.005167301278561354, 0.005203529028221965, 0.005176315860201915, 0.0050443171833952265, 0.005112168068687121, 0.005200406614070137, 0.00494503586863478, 0.005180988305558761]",0.03862691766811226,0.5673719642728848,0.040356249571333706,0.5759710168669122,0.09876106913325199,0.2442837452561222,0.09808168583830232,0.09612608503695334,0.7614201144485928,106.66696202987805,cuda
SVDB,250_SVDB_id_14_Medical_tr_50000_1st_107354,RN,resnet18_autoencoder_progressive_unfreeze,128,30,30,64,150,0.001,"[0.16730129647822606, 0.15863732993602753, 0.15759766811416262, 0.1541631640422912, 0.1411106792234239, 0.12117613000529152, 0.10206022397393272, 0.08421470473210017, 0.0686524049157188, 0.05625908892779123, 0.04610331392004376, 0.03733144203821818, 0.03146943875721523, 0.026259357553152812, 0.02255793838273911, 0.020239703268522306, 0.01859753756296067, 0.016424443971897875, 0.014862867293968088, 0.013862460142090208, 0.03185338398352975, 0.01581787947742712, 0.011623512510032881, 0.010126729451474688, 0.009535784567041057, 0.00921055031496854, 0.008911265947279475, 0.008656186894291923, 0.008839015361099016, 0.008805089231048311, 0.008553568007690566, 0.008145894278727826, 0.00802703911349887, 0.007858393957749718, 0.007889605659459318, 0.0077058741645444, 0.007384497871888536, 0.00738379294939694, 0.007385301204132182, 0.00746033564653425, 0.007221743287075134, 0.0071522291927110584, 0.006988040836794036, 0.006915416147205092, 0.006889112471115021, 0.0070151059577862425, 0.006886304444855168, 0.006616835282849414, 0.006513046522048258, 0.006299517982240234, 0.006270325809184994, 0.006388491263524408, 0.006188858655237016, 0.00614409057778262, 0.006106240830073754, 0.006087149981231917, 0.005994854761021478, 0.005960155766279925, 0.0059626067190298015, 0.005948695686778852, 0.005822278692253998, 0.005945455859459582, 0.0057634844089902585, 0.005730796960138139, 0.0056154981832064335, 0.005754864907690457, 0.005654880865698769, 0.005552287923083419, 0.005510910724600156, 0.005552502371193398, 0.00553449263264026, 0.005760885265079283, 0.0056350199017851125, 0.00549571229411023, 0.005422651302069426, 0.005358001882476466, 0.005344288756272623, 0.005248465043093477, 0.005212824148613782, 0.005247763091964381, 0.005236414128116199, 0.005163291513565041, 0.0050718578554335095, 0.0050107610323244615, 0.005110978703236296, 0.005114604962900991, 0.00509365177935078, 0.004949196685282957, 0.00511207648863395, 0.005121482780114526, 0.0050231036286623705, 0.004992948978074959, 0.005025811914709352, 0.0048601046381961735, 0.00480622115234534, 0.004933012272453024, 0.004964550136632863, 0.004895036064443134, 0.004975088140262025, 0.004884494579441491, 0.004226669580453918, 0.003817726991006306, 0.0036741580503682294, 0.0037259034191568694, 0.0037663012210811886, 0.0037203532355349687, 0.003609462208779795, 0.003617752953210757, 0.0037016999974314657, 0.003732884857094004, 0.0036594212010857604, 0.0036748837058742843]","[0.16217745592196783, 0.15881953636805216, 0.15846703698237738, 0.15415573616822562, 0.13404148072004318, 0.11249269917607307, 0.09379232426484425, 0.0767304686208566, 0.06264519815643628, 0.052318365002671875, 0.04195924227436384, 0.03464142854015032, 0.028920712259908516, 0.023975348410507042, 0.021041186215976875, 0.019339306900898617, 0.017157319312294323, 0.014976087181518475, 0.013930456557621559, 0.013099639055629572, 0.020063998798529308, 0.013180865595738092, 0.010766757962604364, 0.00981504408021768, 0.009349620435386896, 0.009092371600369612, 0.008803125315656265, 0.008717188766847054, 0.008893488285442194, 0.008829811898370584, 0.00828231048459808, 0.008084032451733947, 0.008204231349130472, 0.00778649157534043, 0.007914846297353506, 0.007409735660379131, 0.007463334749142329, 0.0076298764906823635, 0.007275653071701527, 0.007627684312562148, 0.007097985129803419, 0.007124194487308462, 0.006998694113766153, 0.006931750414272149, 0.007054253791769345, 0.007184615513930718, 0.006773838074877858, 0.006763844285160303, 0.0067048627727975445, 0.006250267770762245, 0.006479817908257246, 0.006252416331941883, 0.006177829500908653, 0.006125990689421694, 0.006129001267254353, 0.0061066920558611555, 0.006105701206251979, 0.006213970171908538, 0.006175407829384009, 0.005949722991014521, 0.005953507187465827, 0.005929533236970504, 0.005855042564993103, 0.005723567446693778, 0.005748968338593841, 0.005784698529168963, 0.005615363906448086, 0.005681452263767521, 0.0057882864493876696, 0.0055962262364725275, 0.0057595916247616214, 0.005616083042696118, 0.005586578665922086, 0.00570997572503984, 0.005386636747668187, 0.005399045146380861, 0.0053769119549542665, 0.005337200593203306, 0.0051690150673190756, 0.005353577900677919, 0.005326027671496074, 0.005199175172795852, 0.0052345201062659425, 0.005125703988596797, 0.0052346404020984965, 0.005181681675215562, 0.00505648972466588, 0.005120316054672003, 0.005345328090091546, 0.00511694544305404, 0.005196026060730219, 0.005047309600437681, 0.00511243372845153, 0.004917571631570657, 0.0049432371743023396, 0.00511866311232249, 0.0049992195175339775, 0.005084062150369088, 0.005189916274199883, 0.004969847776616613, 0.004007703120199342, 0.003736277692951262, 0.0036712396734704575, 0.003838030776629845, 0.003754781559109688, 0.003668406202147404, 0.0036494730350871882, 0.0037234793417155743, 0.0037098916945979, 0.0037281750701367855, 0.003719676324787239, 0.003795501892454922]",0.04629032474418566,0.6013651761463512,0.047782811379930845,0.6075704204993914,0.09744125980986032,0.600286887273087,0.09722096496786449,0.20207233770881292,0.7620120646122035,122.97489537997171,cuda
SVDB,250_SVDB_id_14_Medical_tr_50000_1st_107354,RN,resnet18_autoencoder_differential_lr,128,30,30,64,100,0.001,"[0.19092491907732828, 0.16532554087184725, 0.15921232955796377, 0.15832275932743436, 0.15813834681397393, 0.1579756871575401, 0.15783372876190005, 0.15769960553873152, 0.15734649201234183, 0.15689927410511745, 0.15554401136579968, 0.15206834106218248, 0.14438824923265547, 0.13019078792560668, 0.10941520297811144, 0.08868109967027392, 0.0713955316515196, 0.05704912862607411, 0.04552335629150981, 0.038132659203949426, 0.031507350415700956, 0.02664624048130853, 0.022796019379581724, 0.020316139129655703, 0.018153177219487372, 0.016695303487635794, 0.015221473760902882, 0.013829560817352362, 0.012946506030857563, 0.01288747029112918, 0.012150388743196214, 0.012017792933398769, 0.011462743793215071, 0.010217116036940189, 0.010320191759438742, 0.010059318372181483, 0.009820602390737761, 0.009766540800531706, 0.009558531100906077, 0.009253347469937234, 0.009273009862573374, 0.009290507462407862, 0.00883667321786994, 0.008553526408615567, 0.00862967444672471, 0.008621452686687311, 0.008436935377262887, 0.007941205830623707, 0.007802952524451982, 0.007949235006457283, 0.008011494474929003, 0.007992718790081284, 0.007593356405517885, 0.007533634569318522, 0.007737559177691028, 0.007648124270850704, 0.007534457304115806, 0.0074141860185634526, 0.0071848004701591675, 0.0071796634722323645, 0.007078753629078467, 0.0073771558790689425, 0.007095149563004573, 0.007130296146940617, 0.00688464165709558, 0.006883492050248952, 0.0068291180013191136, 0.0067199237555975, 0.006567330543129217, 0.006525722842308737, 0.006489206105470657, 0.006400636508173886, 0.006377478418428274, 0.006290988907927559, 0.006383258317198072, 0.006214802064711139, 0.006280509577620597, 0.006314755683498723, 0.0062542615813158805, 0.006414495985068026, 0.0064199828720163735, 0.006271655205637217, 0.005506047801602455, 0.005188118112051771, 0.005064439161547593, 0.004894686663257224, 0.004857319895000685, 0.004876986301193635, 0.004891825130298024, 0.00491718032086889, 0.004799992600012393, 0.004999181610487756, 0.004939222863564889, 0.004876449171985898, 0.004760999099484512, 0.004835689440369606]","[0.18133789797623953, 0.16111883769432703, 0.15916808446248373, 0.15874252219994864, 0.15858550369739532, 0.15850676596164703, 0.1584233691294988, 0.15831603854894638, 0.15816264351209006, 0.1579472248752912, 0.15706061820189157, 0.1537583520015081, 0.14492732534805933, 0.129132608572642, 0.10560378804802895, 0.0862712413072586, 0.06828634565075238, 0.05479967904587587, 0.044732785473267235, 0.036874597892165184, 0.030209080626567204, 0.02585373508433501, 0.022362900897860527, 0.019544034575422604, 0.018267307120064896, 0.016393529095997412, 0.01475312483186523, 0.01343419604624311, 0.012957209100325903, 0.012836686490724484, 0.012142397618542114, 0.011819745569179455, 0.010759521275758743, 0.010139810852706432, 0.010389847836146751, 0.0098176384344697, 0.009742300491780043, 0.009805286613603434, 0.009206594123194614, 0.009156036966790756, 0.009471527300775051, 0.009408986195921898, 0.0083949767674009, 0.008778327455123266, 0.008635465521365404, 0.00883805084352692, 0.008229053889711698, 0.007773072924464941, 0.007899561431258917, 0.00793126248754561, 0.00824946646268169, 0.007729642791673541, 0.007661658649643262, 0.00748858111910522, 0.0076702065610637265, 0.007390494303156932, 0.007615888413662712, 0.007183732697740197, 0.007215127116069198, 0.007221585760513942, 0.007016539030397932, 0.007179783657193184, 0.006857860988626878, 0.007015372393652797, 0.006777757701153557, 0.006836046775182088, 0.006826956135531266, 0.006732609045381348, 0.006365270198633273, 0.006601207501565416, 0.0063448134654512005, 0.006331963775058587, 0.006416643038392067, 0.006281501380726695, 0.006253961318482955, 0.00612348853610456, 0.006472777497644226, 0.006419296531627576, 0.006187421812986334, 0.006432446883991361, 0.006320711225271225, 0.006332355706642072, 0.005193238767484824, 0.004987286326165001, 0.0049984999156246586, 0.004771451000124216, 0.004808351319904129, 0.004806628605971734, 0.0048008769905815525, 0.00475108390673995, 0.004793626877168815, 0.004884228343144059, 0.0047785827579597635, 0.004859156596163909, 0.004802420502528548, 0.004718310820559661]",0.08085196266931412,0.6968140762646038,0.07039636099523532,0.6947605025183664,0.16217461609246495,0.7306063096668142,0.17777777777777728,0.10886597823775325,0.7929083489072897,108.17794245900586,cuda
SVDB,250_SVDB_id_14_Medical_tr_50000_1st_107354,RN,pvt_autoencoder_frozen,128,30,30,64,100,0.001,"[0.17990856440294356, 0.16282647706213452, 0.15888626660619462, 0.1582520440930412, 0.15803710690566472, 0.15786080488136836, 0.1576861852691287, 0.15754738521008266, 0.15737007913135348, 0.1570668773991721, 0.15647644939876737, 0.15494341580640703, 0.15000156064828238, 0.1378946772643498, 0.11865668176185518, 0.09852241511855807, 0.08176478282326743, 0.06742437822478158, 0.05577157260406585, 0.047259585843199774, 0.04041509383491108, 0.03459266182922181, 0.030447693452948614, 0.026983506888860746, 0.024255301980745225, 0.022292282077528182, 0.020373282510609853, 0.019448008920465196, 0.018336955901412738, 0.017491770730841728, 0.016078250926165355, 0.014973100540893418, 0.014391496334047545, 0.014099969794707639, 0.014275825626793363, 0.013665647201594851, 0.012782558089210874, 0.01255581718647764, 0.012090499025015604, 0.011501336691989786, 0.011619607075339272, 0.011500252721210321, 0.011518616805828753, 0.011442382731253193, 0.010948588539447104, 0.010544187522360257, 0.010615004448308832, 0.010697443969547749, 0.010736816917501744, 0.010422083593550183, 0.009994239413312503, 0.009871778477515494, 0.009825182324718861, 0.009608753602064792, 0.009732564157318501, 0.00947421970998957, 0.009371851171766008, 0.009486548868673188, 0.00933733560322296, 0.009246408008038998, 0.00913526268587226, 0.009012419419984022, 0.008975167758762836, 0.008711774567408221, 0.008666424169426873, 0.008608625713913213, 0.00865764445846989, 0.008583117675568377, 0.008529252904866422, 0.008514899450043837, 0.008418273579861437, 0.008419712717157034, 0.008194903111351388, 0.008180139918944665, 0.008362031475241696, 0.008441490409452291, 0.008315967351552985, 0.008176246502747139, 0.007322937693624269, 0.006831358608213209, 0.0066182078084065805, 0.006527596530282781, 0.006599740213936283, 0.006557021844422533, 0.006591402326843568, 0.006521435365790413, 0.0063620309256726786, 0.00629159247147895, 0.006298801041252557, 0.006427745756116651, 0.0063661496554102215, 0.006423494601178737, 0.006267103810040723, 0.006294030962245805, 0.005912162319180511, 0.005825968858386789, 0.005782948962102334, 0.005762582023938497, 0.00576361727767757, 0.005661420368899901]","[0.17283823837836584, 0.1605606029431025, 0.15894491722186407, 0.15862259517113367, 0.15845836202303568, 0.158307284116745, 0.158186045785745, 0.15809572488069534, 0.15798615167538324, 0.15767884999513626, 0.15753620862960815, 0.15558192630608877, 0.1500643715262413, 0.13420203079779944, 0.11345900471011798, 0.09408101066946983, 0.07861972351868947, 0.06516193474332492, 0.054399991407990456, 0.04772922582924366, 0.03996953864892324, 0.03523850999772549, 0.03076067411651214, 0.027638739595810573, 0.025408507014314335, 0.02250475250184536, 0.02136441816886266, 0.02039503895988067, 0.01934551851203044, 0.01752400863915682, 0.01674614567309618, 0.015383013679335514, 0.014867302495986223, 0.014694396561632553, 0.014554955841352543, 0.013996142117927471, 0.01327439226830999, 0.01288428840537866, 0.012323678781588873, 0.011923643139501413, 0.0121731529943645, 0.011675088355938593, 0.012238115848352512, 0.011855142035832008, 0.010944994942595562, 0.011096179640541473, 0.011246787228931984, 0.01126397323484222, 0.010976571744928757, 0.010541689582169056, 0.010244549407313267, 0.010306182317435741, 0.010422383900731802, 0.010195018568386635, 0.010116669659813246, 0.009872972499579191, 0.009803951407472292, 0.009879540341595808, 0.009672863564143578, 0.009621740784496069, 0.009440218098461628, 0.00920512325440844, 0.009148928181578716, 0.009068071066091457, 0.009066214629759392, 0.00900734712680181, 0.0090787165487806, 0.008871620986610651, 0.009018160868436098, 0.008897495145599047, 0.008958629642923674, 0.008432312247653803, 0.008550166307638088, 0.00855316718419393, 0.008928610167155663, 0.008773847638318935, 0.00869105119879047, 0.00859352775538961, 0.007244557064647476, 0.006899280706420541, 0.006953363539651036, 0.0068481794248024625, 0.006814311879376571, 0.00678856810554862, 0.006876163727914293, 0.00680335486928622, 0.006702051342775424, 0.006565265900765856, 0.006643019538993637, 0.006695369336133202, 0.006608790329967936, 0.006725907403354843, 0.006585949178164204, 0.006598710858573516, 0.0061279476309816045, 0.006113672396168113, 0.00606387248262763, 0.006091505133857329, 0.006079181873550017, 0.005989385458330314]",0.05074617320316073,0.617812646672798,0.04914301193443909,0.6255844547877158,0.10515006048528827,0.8369667559933367,0.14814814814814764,0.1282826437189948,0.7551166267194412,113.98411884484813,cuda
SVDB,250_SVDB_id_14_Medical_tr_50000_1st_107354,RN,pvt_autoencoder_progressive_unfreeze,128,30,30,64,150,0.001,"[0.1841924963962464, 0.163811974582218, 0.15948252167020524, 0.15850276393549784, 0.15819556159632547, 0.1580263404619126, 0.15789729640597389, 0.15775215341931298, 0.15759503628526414, 0.15733686160473598, 0.15659866304624648, 0.15379899740219116, 0.1447498940286182, 0.12817163517077765, 0.10831196144932792, 0.09067310641209285, 0.07553745770738238, 0.06278343321312041, 0.05204696846859796, 0.044731551160415016, 0.1757929607161454, 0.16192023881844111, 0.15968150113310134, 0.15882663215909684, 0.15845013303416117, 0.1582230989422117, 0.15804321425301687, 0.15789682453586942, 0.15773903117293403, 0.15760721692017146]","[0.17475072791179022, 0.1617522339026133, 0.15930340190728506, 0.1588545416792234, 0.15864632278680801, 0.15855446209510168, 0.15841900805632272, 0.15851937482754389, 0.1584903821349144, 0.15869146088759103, 0.1588860029975573, 0.15512923151254654, 0.1418764963746071, 0.12313952793677647, 0.10257313524683316, 0.08634618421395619, 0.07253203044335048, 0.06069065754612287, 0.051819110910097756, 0.04509486195941766, 0.17200720806916556, 0.1614623044927915, 0.1596147765715917, 0.15909501165151596, 0.1588494728008906, 0.15865472704172134, 0.15853767345348993, 0.15835518886645636, 0.1582361881931623, 0.15816145141919455]",0.04913250965008973,0.6557728867307868,0.0511814862753634,0.656032236944461,0.12000839639141324,0.6170769477225396,0.12039661549160709,0.11715460236688803,0.7530674088308127,38.69810260995291,cuda
SVDB,250_SVDB_id_14_Medical_tr_50000_1st_107354,RN,pvt_autoencoder_differential_lr,128,30,30,64,100,0.001,"[0.17628633763108933, 0.1599460244178772, 0.15831875730128514, 0.15798183991795495, 0.15778233465694247, 0.15759663780530295, 0.15743428610620044, 0.15728532984143212, 0.1571170673483894, 0.15693574576150804, 0.15663892030715942, 0.1562815017643429, 0.1560269615479878, 0.15527549598898208, 0.1543863947902407, 0.15264725259372167, 0.14877820582616896, 0.14159892428488957, 0.13003672056254886, 0.11308359496650242, 0.09460941063506263, 0.07641098754746574, 0.06276317969674156, 0.051943562215282804, 0.04389644094875881, 0.03641246241473016, 0.030859572901612238, 0.027800037215153377, 0.024874165299392882, 0.022403819575196222, 0.020858030145366985, 0.019111914560198784, 0.01724434271454811, 0.016301995276340416, 0.015631699934601784, 0.014965246875016462, 0.01490033178457192, 0.014595993838849523, 0.013522222904222352, 0.012796416390864622, 0.012207976409367152, 0.012123341494727703, 0.012115223776726495, 0.011657147845696835, 0.011510741009953477, 0.01147965785293352, 0.01098628067189739, 0.011037432854729039, 0.010682310332499799, 0.010532712386477561, 0.010505809138218561, 0.010375139968735831, 0.01027630211874133, 0.009995397357713608, 0.009978978894650936, 0.009878167572120825, 0.009506530527557646, 0.009407972384776388, 0.009387457831984474, 0.00931020120957068, 0.009219547423223654, 0.009323860607331707, 0.00888455534974734, 0.00870820369926237, 0.008913374860726651, 0.008837014170629638, 0.008622305201632636, 0.008616546257620766, 0.008679200806433246, 0.008659359067678452, 0.008814077957400255, 0.008720493298910913, 0.008601855797072252, 0.008443539518685568, 0.008363154051559312, 0.008473401046579792, 0.008197760630753777, 0.007950893980229185, 0.007890518577325912, 0.00778268998311389, 0.007931022040013756, 0.007946285219596965, 0.008011975059551852, 0.007913527345018727, 0.008134732422019755, 0.0070910159099314895, 0.006566774543552171, 0.006428606808185577, 0.0062757595220491996, 0.006374526281087171, 0.006310935486995038, 0.006279674181271167, 0.006261165985571486, 0.006158900824153707, 0.006145804787852934, 0.0063056074127200105, 0.006203907652802411, 0.006146438419818878, 0.00638110414590864, 0.006254390436446383]","[0.16672644764184952, 0.1592606926957766, 0.15860479325056076, 0.15841222057739893, 0.15823880583047867, 0.1580666278799375, 0.15795006106297174, 0.15782272318998972, 0.15835567563772202, 0.15763894220193228, 0.15769796818494797, 0.15763729065656662, 0.1566560616095861, 0.156325730184714, 0.155390831331412, 0.154007059832414, 0.14994833121697107, 0.14288451025883356, 0.1307361125946045, 0.11451561500628789, 0.0957564947505792, 0.0787794974943002, 0.06507497280836105, 0.05343472336729368, 0.045027745266755424, 0.037057748064398766, 0.031697385013103485, 0.028462799576421578, 0.025590467577179272, 0.02364642173051834, 0.02126096033801635, 0.019428441611429054, 0.01781225980569919, 0.017034194121758144, 0.016321959905326366, 0.01565073865155379, 0.015235039250304302, 0.015179785744597515, 0.013784709386527538, 0.01317371909196178, 0.012927293001363674, 0.012943653389811516, 0.012302321381866932, 0.011948757339268923, 0.012299595555911461, 0.012277989958723387, 0.011337305263926586, 0.01117673267920812, 0.011181891585389772, 0.011024986704190573, 0.01102571872373422, 0.010545419218639532, 0.010803500345597664, 0.010423525236546993, 0.010250150846938292, 0.010194478090852499, 0.009831722670545181, 0.009965374444921812, 0.009818410190443197, 0.009447824520369371, 0.009871163871139288, 0.009637607727199793, 0.009311217659463486, 0.009054497970889011, 0.009300756889084974, 0.00912168389186263, 0.008910877319673697, 0.008813622407615185, 0.008929940716673931, 0.009058671227345863, 0.009105963166803122, 0.009136763711770376, 0.009063439754148325, 0.008699290609608093, 0.008755041752010584, 0.00883363854760925, 0.00840494285027186, 0.00835196270296971, 0.008181512511024872, 0.00826777300486962, 0.00835724687203765, 0.00833619711920619, 0.008453410118818283, 0.008479107326517502, 0.008425022475421429, 0.007080407192309697, 0.006799730472266674, 0.0067109535448253155, 0.006625889179607232, 0.006752489833161235, 0.0066302171908319, 0.006607274136816462, 0.00653429445810616, 0.006568630070736011, 0.006483085763951142, 0.006677647354081273, 0.006510818765188257, 0.006599335077529152, 0.0065921819768846035, 0.006491939149176081]",0.057696883172268225,0.6611407827969557,0.05755741980787261,0.6521875000549807,0.11532952716325759,0.8870806785906195,0.14814814814814764,0.1066853519492165,0.7586426144657226,155.4509375791531,cuda
SVDB,250_SVDB_id_14_Medical_tr_50000_1st_107354,LP,cnn_autoencoder,128,30,30,64,150,0.001,"[0.23453888580912635, 0.17210608082158224, 0.1270977407693863, 0.09560444596267882, 0.07411957461209524, 0.05931241118482181, 0.04883911159066927, 0.04202549319182124, 0.03636250112737928, 0.031971215758295285, 0.02818348968312854, 0.025187404294099127, 0.02298637071535701, 0.021189080285174505, 0.019699780093062492, 0.018658884667924473, 0.017430587183861507, 0.016539500050601504, 0.015840833651877585, 0.01514521964071762, 0.014528630390053704, 0.01399928584162678, 0.013476574394319738, 0.01303722829158817, 0.01263544074304047, 0.012087828568404629, 0.011599391565791197, 0.011065704614988394, 0.010562715386705739, 0.010081234432402112, 0.009641579973200956, 0.009236370168981097, 0.008864637819074449, 0.008486397032226835, 0.008158686105161905, 0.0077729665541223115, 0.0074726324084968794, 0.007168307390418791, 0.006827164042208876, 0.006486065064867337, 0.00625076342285389, 0.005996680441534235, 0.0057358892102326664, 0.005535245717813571, 0.005310626123987493, 0.005111189669973794, 0.004909462916354339, 0.004712527107802175, 0.004533340156610523, 0.004362478785748992, 0.004184511168638156, 0.004048044638087352, 0.003855900273525289, 0.0036978670506782477, 0.003567178999739034, 0.0034375209250443036, 0.003289013136444347, 0.003218674998996513, 0.0031314953452064877, 0.002979140795235123, 0.0028897272977268414, 0.002810906097736387, 0.002735201912444262, 0.002620502474850842, 0.0025368874249536368, 0.0024262021872259324, 0.002337787965578692, 0.0022786315807717897, 0.0021972802656126163, 0.002110959030687809, 0.00204013990947888, 0.0019568402841243717, 0.0019101868328150538, 0.0018482042387837456, 0.0017762472742192802, 0.0017090268665924668, 0.001684843678958714, 0.0016302715632177534, 0.0015870421193540096, 0.001558093991618426, 0.0014834730675266613, 0.0014412403771919863, 0.0013962829086397374, 0.001355864179675423, 0.0013280945020683465, 0.0012876543748591626, 0.0012570450337426294, 0.001214825903021154, 0.0011707386667174952, 0.001135838373253743, 0.001100266075116538, 0.001065031350922904, 0.0010343464534907114, 0.0010124165398467863, 0.0010172366192342625, 0.0009911192215180822, 0.0009670466034939247, 0.0009476886563269156, 0.0009086171963385173, 0.000887831739549126, 0.0008547745223733641, 0.0008399086599681704, 0.0008063511008263699, 0.0007850124550584171, 0.000778274563518131]","[0.20200973252455393, 0.1495118960738182, 0.10865694284439087, 0.08204721783598264, 0.06656069122254848, 0.05255764971176783, 0.04383664454023043, 0.039020645742615066, 0.0340997880945603, 0.029415158554911613, 0.02655920386314392, 0.024605917123456795, 0.022328676655888557, 0.020351506459216278, 0.019165279033283394, 0.01786967320367694, 0.016988541775693495, 0.016236549864212673, 0.015446477880080542, 0.01487946587925156, 0.014234276954084635, 0.013863220966110626, 0.013310559404393038, 0.013027292055388292, 0.012605149764567614, 0.012039595128347477, 0.01161701139062643, 0.011089362669736147, 0.010566406417638063, 0.010096758604049683, 0.009871879747758308, 0.00933934561908245, 0.00903048156760633, 0.008736162524049481, 0.008293910417705774, 0.008079547124604384, 0.007762263606612881, 0.007653523236513138, 0.007166045950725675, 0.006983722560107708, 0.006760717990497748, 0.006597690051421523, 0.006429666265224417, 0.006233447774623831, 0.006082238939901193, 0.005906486573318641, 0.005827847557763259, 0.005678335127110283, 0.0055443836996952696, 0.005396444660921891, 0.005271408163631956, 0.005151282297447324, 0.0050614817688862486, 0.004944779289265473, 0.004932398675009608, 0.004840256025393804, 0.004736929355810086, 0.004725307924672961, 0.004590492113493383, 0.004564018997674187, 0.004560427701411148, 0.004494668333791196, 0.004408068916139503, 0.004383485841875275, 0.004276285258432229, 0.004256357012006144, 0.004247008512417476, 0.004202246627149482, 0.004196724000697334, 0.004182591723899047, 0.004109779605641961, 0.004064190123851101, 0.004067344164165358, 0.004047250763202707, 0.003992108472933372, 0.004020012527083357, 0.003989607871820529, 0.003975391659575204, 0.003937595252258082, 0.003930435787575941, 0.0038943979113052287, 0.003876391138571004, 0.003882134333252907, 0.0038889877420539656, 0.003874662215821445, 0.003799509877959887, 0.0038207009977971516, 0.0038049014595647654, 0.003799022175371647, 0.0037695972326522074, 0.003781038918532431, 0.0037383734403798976, 0.0037624200728411474, 0.0037654178061832986, 0.0037883379651854434, 0.003748037115049859, 0.003729661460965872, 0.003717073860267798, 0.003758134786039591, 0.0036908338855331144, 0.0037339066232865057, 0.0036757364869117737, 0.00369346149576207, 0.003709852035778264, 0.0036727113959689936]",0.15020413034125968,0.8299416830574742,0.13803870433094867,0.8225971740516752,0.22390686301267834,0.9158411980344747,0.33506389776357787,0.2759566570467436,0.8132339881913168,98.51510134898126,cuda
SVDB,250_SVDB_id_14_Medical_tr_50000_1st_107354,LP,resnet18_autoencoder_frozen,128,30,30,64,100,0.001,"[0.15810457723481314, 0.08433331939436141, 0.05308158021597635, 0.038085649943067915, 0.03043322114362603, 0.02615054670189108, 0.023467506060288065, 0.02150435869892438, 0.020086282065936496, 0.0189088944877897, 0.017930760890955015, 0.017184463285264514, 0.01667068725717919, 0.016189593999158768, 0.01566437410102004, 0.015309573461612066, 0.014893975818441027, 0.014432428404688835, 0.013934670548353876, 0.013659415677899406, 0.013246672538419565, 0.012839005993945258, 0.01255425252020359, 0.012169509194791317, 0.012019907656524862, 0.011714461481287367, 0.01140908156299875, 0.011167497196722598, 0.01093444268086127, 0.010680690673845155, 0.010351992433979398, 0.010162021787393661, 0.009847474861003104, 0.00951036008163577, 0.009387451667516004, 0.00922499526114691, 0.009055652123476778, 0.00889051350809279, 0.008758700097955409, 0.008556982591038658, 0.008268718541200672, 0.007924550589883611, 0.00771882531366178, 0.007350619372335218, 0.00724704350743975, 0.00693053590311181, 0.006740330230622064, 0.0067392246176799135, 0.00661103893071413, 0.006527906017644065, 0.006387158873535338, 0.006259787140325422, 0.006069849223075878, 0.005942517492387976]","[0.13612882296244302, 0.06387236528098583, 0.042838711912433304, 0.03281155632187923, 0.0273579644660155, 0.02413411686817805, 0.02213121112436056, 0.020650653168559074, 0.019597810382644337, 0.01870582749446233, 0.017956824352343876, 0.017446439247578382, 0.0168999716018637, 0.0167010179720819, 0.016401516428838175, 0.016029452284177143, 0.015821386283884447, 0.015613585555305084, 0.01527809320638577, 0.015319518279284239, 0.01493434701114893, 0.014729608315974474, 0.014931587502360344, 0.014754525385797024, 0.01472569660594066, 0.014567131487031778, 0.01446497067809105, 0.014503940319021543, 0.01450017218788465, 0.014500186623384556, 0.014400458739449581, 0.014361154908935228, 0.014299626927822828, 0.014371653863539299, 0.01457583454127113, 0.014467409501473108, 0.01420227795218428, 0.014534141402691603, 0.014412329687426487, 0.014407597482204437, 0.014434491284191608, 0.014321111142635345, 0.0143312718719244, 0.014100031616787115, 0.014117215604831776, 0.014083006729682287, 0.014114887298395237, 0.01419765300427874, 0.014248420329143604, 0.014166255947202444, 0.014243284550805887, 0.014264563719431559, 0.014186273173739513, 0.014243200110892454]",0.12443309439441651,0.7987275790471187,0.1103159366925119,0.7881567125981949,0.2218934930607178,0.9094570521260941,0.2850241545893717,0.20067641917988152,0.7201651856962789,54.579866097075865,cuda
SVDB,250_SVDB_id_14_Medical_tr_50000_1st_107354,LP,resnet18_autoencoder_progressive_unfreeze,128,30,30,64,150,0.001,"[0.20155290478751772, 0.11539768959794726, 0.06512370191159703, 0.041514494944186436, 0.031311338590014545, 0.026467554005128995, 0.023823959132035572, 0.022174368834211713, 0.02100190981512978, 0.02011011549759479, 0.019484635797284898, 0.018765042225519817, 0.018144007506115094, 0.017665134121974308, 0.017150970441954478, 0.016818594985774586, 0.016372421534643286, 0.016101588406378313, 0.01569584393430324, 0.015416006513294719, 0.015363012883989583, 0.01395726709493569, 0.013123810912171999, 0.012467856474575541, 0.0119152365341073, 0.011551891630958943, 0.010984656179235094, 0.01059447175690106, 0.010315605483594396, 0.009958307835317794, 0.009759047778234595, 0.009506584677313055, 0.00917479187427532, 0.008998223092584383, 0.00865553499066404, 0.008386974843839804, 0.008239166212401219, 0.00811049874339785, 0.007922436531987927, 0.00769330971386461, 0.007475141258466812, 0.007390877165432487, 0.007353598917169231, 0.007035908400125447, 0.00674952052178837, 0.006635984117608695, 0.006509014427484501, 0.006344457068258808, 0.006199083534911985, 0.0059920005899454865, 0.005917917693122512, 0.0058346110440435865, 0.00530144472473434, 0.004798421392305976, 0.004613729847949885, 0.004465806142737468, 0.004350701812654734, 0.004240713126602627, 0.004106335020402358, 0.004114312419135656, 0.004005145902434985, 0.0036992717623001055, 0.0035180862372120223]","[0.17887386431296667, 0.08729513237873714, 0.04965604407091936, 0.034959254786372185, 0.02801719990869363, 0.024783620610833168, 0.02271102461963892, 0.02128318976610899, 0.0203974274918437, 0.019749022088944912, 0.019050441061456997, 0.018538779268662136, 0.017850066690395277, 0.01746346925695737, 0.01730315200984478, 0.016792375594377518, 0.01656708602483074, 0.016219908682008583, 0.016033685610940058, 0.01577822833011548, 0.014690546163668236, 0.013699658215045929, 0.013199840361873308, 0.012503709799299637, 0.012134653826554617, 0.011907446508606276, 0.011471526386837164, 0.011523775911579529, 0.01087999390438199, 0.010644204293688139, 0.01056844120224317, 0.010290080060561499, 0.01023970249419411, 0.010002862351636091, 0.010010522169371447, 0.00968505209311843, 0.009625502085934082, 0.009559635538607836, 0.009711207201083502, 0.00945182517170906, 0.009567611385136843, 0.00941951231410106, 0.009617346959809462, 0.0090508540160954, 0.009131561809529861, 0.008932744463284811, 0.009160496294498444, 0.009283171501010656, 0.008978607753912607, 0.009034846443682909, 0.009309112870444855, 0.009226787680139145, 0.0087213561249276, 0.00877049301440517, 0.008677954319864511, 0.008722047166277965, 0.008897830421725908, 0.00879403343424201, 0.008790815869967142, 0.00887740341325601, 0.008908852469176054, 0.008795535657554865, 0.008779213453332583]",0.18994515482908836,0.8623805732690346,0.16231471256520855,0.8587359491701035,0.24434894858008996,0.949232012934519,0.4444444444444439,0.25647923068097617,0.8057620708475252,67.80241329804994,cuda
SVDB,250_SVDB_id_14_Medical_tr_50000_1st_107354,LP,resnet18_autoencoder_differential_lr,128,30,30,64,100,0.001,"[0.24003192569528306, 0.1659028586887178, 0.09291882458187285, 0.05260875750155676, 0.036710214401994436, 0.030070177944643155, 0.02520010576006912, 0.02277155965566635, 0.021502854923407238, 0.020581320282958802, 0.019898895174264908, 0.019385880214117822, 0.01893859152637777, 0.018529233655759265, 0.01805736417216914, 0.01768617926254159, 0.017342669357146536, 0.016989951066318013, 0.016827328751484554, 0.016541042808620704, 0.016201640390569254, 0.016049602601144995, 0.015868546840335642, 0.01562665504891248, 0.01535851809950102, 0.015229902407597928, 0.014908094225185258, 0.01463545849990277, 0.01454379569206919, 0.014203359417262532, 0.013816457374819688, 0.01365637451055504, 0.013481211715510913, 0.013393475984533628, 0.013072274314860502, 0.012855021194333122, 0.012626709638252145, 0.012330922919015089, 0.012097208272843133, 0.012107039446986857, 0.011815325933552924, 0.011713303049050626, 0.011641093086273898, 0.011567777776647182, 0.011408664463531403, 0.011056261048430488, 0.010978448692531813, 0.010817841582355044, 0.01066026140359186, 0.01048472976045949, 0.010367531196347304, 0.010468458268968832, 0.01025913105834098, 0.010122886459742273, 0.010049708054534026, 0.009933001228741236, 0.009867625000576178, 0.00988107675775176, 0.0098515430554038, 0.00953113114727395, 0.009526399851200126, 0.009385067614771071, 0.00918444623017595, 0.008989994946335043, 0.009091985589336781, 0.00914013616385914, 0.009058458331440176, 0.008937131923933824, 0.008565780884098439, 0.008594853603946311, 0.00851250495318146, 0.008394633220242602, 0.008321463862167937, 0.00800871288049079, 0.008075150971611341, 0.008047330570185468, 0.008022236881688946, 0.007878948224797136, 0.007678343382264886, 0.007612736784808692, 0.007614443256031899, 0.007385458265032087, 0.007287757005542517, 0.007289528758043335, 0.007071882353297302, 0.00672516395293531, 0.006586608277367694, 0.006428001293291648, 0.00615852510201789, 0.0060174828173503985, 0.006105292233682814, 0.005999422366065639, 0.0060243662224993815, 0.005861042843510707, 0.005372673605701753, 0.004800518930313133, 0.004594911754663501, 0.004501215825300841, 0.004422748705283517, 0.004308759234845638]","[0.22088888784249625, 0.12930643806854883, 0.06676895047227542, 0.044138720259070396, 0.034010399132966995, 0.031396652571856976, 0.027401818272968132, 0.022743988161285717, 0.020808386926849682, 0.020155444741249084, 0.01945685874670744, 0.019352218446632225, 0.01873677223920822, 0.0181961371563375, 0.01760922682782014, 0.017379899509251118, 0.016919426154345274, 0.016586109685401123, 0.016387630719691515, 0.016050664242357016, 0.015858521064122517, 0.015608446206897497, 0.015486571006476879, 0.015260546002537012, 0.014986590016633272, 0.014779766090214252, 0.014695797115564346, 0.01442315491537253, 0.014067533891648054, 0.013819115857283274, 0.013573212393869957, 0.013390468588719765, 0.013129629039516052, 0.01331001597767075, 0.013005839815984169, 0.012733078096061945, 0.012555153419574102, 0.012283860084911188, 0.012088290726145109, 0.012110357017566761, 0.01179994223639369, 0.011694217255959908, 0.011613034643232822, 0.011715801587949196, 0.011436549481004477, 0.011140612419694662, 0.011303982542206844, 0.011127421321968237, 0.01091771029556791, 0.010780341923236847, 0.010749043275912603, 0.010986447955171267, 0.010498750489205122, 0.010676726077993711, 0.01055919798091054, 0.010623761607954899, 0.010437551109741131, 0.010584015709658464, 0.010335797443985939, 0.010490613213429848, 0.010181981759766737, 0.010382040403783321, 0.009878512006253004, 0.00986153290917476, 0.010267699292550484, 0.010029401164501905, 0.00995692222689589, 0.009847643319517374, 0.009728102944791317, 0.009871196777870258, 0.009504498913884163, 0.009585295338183641, 0.00954359428336223, 0.009225718832264343, 0.00936242084329327, 0.009374476503580809, 0.009513889905065298, 0.009420368820428848, 0.009195823222398758, 0.009619199360410372, 0.009008972905576229, 0.009271725391348204, 0.009261147739986578, 0.0091307299832503, 0.009088957527031502, 0.008901309532423815, 0.008857992167274157, 0.008532054411868254, 0.008553053407619396, 0.008641331146160761, 0.008577040551851193, 0.008731156044329206, 0.00879566107566158, 0.008848919377972683, 0.008181801997125149, 0.007934124829868475, 0.00799618048282961, 0.007944807022189101, 0.007971627172082663, 0.00808480498380959]",0.19966269276384788,0.8749269795839166,0.17015201536572944,0.8523245079670702,0.277724807417328,0.9377845220030349,0.40716344174557384,0.2830937784572481,0.7692169462430176,111.02452112198807,cuda
SVDB,250_SVDB_id_14_Medical_tr_50000_1st_107354,LP,pvt_autoencoder_frozen,128,30,30,64,100,0.001,"[0.17639970353671483, 0.0929816932905288, 0.05519816492285047, 0.038416843861341476, 0.030418980157091505, 0.02610910470996584, 0.023315679548042163, 0.02129233859124638, 0.01983599001098247, 0.01871253408136822, 0.017793640050859677, 0.01706899551763421, 0.0165076648284282, 0.016027221722262248, 0.015472423817430223, 0.015148863817254702, 0.014685911303829579, 0.014397850393184594, 0.01418760662809724, 0.013710431311102141, 0.013504009516466232, 0.013124581248987289, 0.012924570501560257, 0.012918192671523207, 0.012552144715473765, 0.012126694876878034, 0.01199724773565928, 0.011784050258852187, 0.01146466595431169, 0.011176106120858873, 0.011275540017301128, 0.011068967392756826, 0.010611330957284995, 0.01044018522259735, 0.010343126775253387, 0.010108292945438907, 0.009819089922876586, 0.009538041117290655, 0.009379979045618148, 0.009000110484304883, 0.00884536924284129, 0.008678550211091837, 0.008324393736464637, 0.008202891220294294, 0.007988027984365112, 0.007794899577718405, 0.00762164302258974, 0.007286292700363057, 0.006798827821122748, 0.006407947612128088, 0.00619168792452131, 0.006043757201128062]","[0.14746174961328506, 0.06709080065290134, 0.042997732758522034, 0.032838950864970684, 0.027599378488957882, 0.025412060941259067, 0.022766333694259327, 0.020632054656744003, 0.019433502728740375, 0.018523465531567734, 0.017642058432102203, 0.01691788264239828, 0.01649586670100689, 0.016271592893948156, 0.01577231117213766, 0.01517962043484052, 0.01480466639623046, 0.01492508469770352, 0.014488807879388332, 0.014360844623297453, 0.01401997140298287, 0.014090263284742832, 0.013866695730636517, 0.01381642852599422, 0.01346353922660152, 0.013482789198557535, 0.013077992014586926, 0.013524256801853577, 0.013032293102393547, 0.013068280958880981, 0.012994672637432814, 0.012894747002671162, 0.012622412759810686, 0.012726608819017807, 0.012812283976624409, 0.012475431431084871, 0.012488589622080326, 0.012304377121229967, 0.012313018242518107, 0.01235565481086572, 0.012298893959571918, 0.012053950224071741, 0.012285788698742786, 0.012372120283544064, 0.012278755195438862, 0.012336771003901958, 0.01223772019147873, 0.012191598769277334, 0.012041742913424969, 0.012024002149701118, 0.012025315159310898, 0.01215261903901895]",0.13779094855684818,0.8312586428457909,0.12637782773104067,0.8151441836096424,0.22878174478248725,0.8986944788855663,0.32986536107711095,0.23077143759863789,0.7803228037245494,57.593887879978865,cuda
SVDB,250_SVDB_id_14_Medical_tr_50000_1st_107354,LP,pvt_autoencoder_progressive_unfreeze,128,30,30,64,150,0.001,"[0.2399002859989802, 0.16013134022553763, 0.0938165287176768, 0.05422508166659446, 0.036633500031062534, 0.028628987659301077, 0.0245044498393933, 0.022438913938545045, 0.02122278839704536, 0.02040848916485196, 0.019796868165334065, 0.01930133918566363, 0.018697490738261314, 0.018028287926600092, 0.01748281805997803, 0.017081633742366518, 0.016764507584628604, 0.01645300705872831, 0.016204332489342915, 0.01585739225681339, 0.019184154413995288, 0.01753719017973968, 0.01628805830010346, 0.015178152005232516, 0.014389335488279661, 0.013743046449408644, 0.013066253757902555, 0.012621964771477949, 0.0123560159422812, 0.01184642572133314, 0.011653440294875986, 0.011441926471889019, 0.011125795631891205, 0.010694812451090132, 0.01047038637279045, 0.010190907377927076, 0.010331861586088226, 0.010515408989574229, 0.010057225734705017, 0.009591333102434874, 0.009508409493026278, 0.0093326736685066, 0.009400779115302222, 0.009159906811657407, 0.009221490871693407, 0.008900701445305631, 0.008657302064377637, 0.008498664235784895, 0.008581221414109072, 0.008429166506088916, 0.008000233698458899, 0.007800695841156301, 0.007732493204197713, 0.007599921564438513, 0.007755229981350047, 0.007562428313706603, 0.00748646447789811, 0.007165086943478812, 0.007078847005253746, 0.006935417452561004, 0.0067746443230481375, 0.006584875529543275, 0.006701208362799315, 0.006480648781039885, 0.006377859373709985, 0.006369761856538909, 0.006302627801362958, 0.006326975500477212, 0.00629356439181027, 0.0059849897931729045, 0.00591056514531374, 0.005830065458126012, 0.0051855237356254035, 0.004774494639908274, 0.0044525418807530685, 0.004251611430109257, 0.004109907939675308, 0.0040576333690079906, 0.003969099461322739, 0.0038988780385504165, 0.0038635437044181992, 0.0038766348956241494, 0.0038440501694345756, 0.0038164854825784764, 0.003915343156439208]","[0.22156440218289694, 0.13076980163653693, 0.07889480392138164, 0.05630039982497692, 0.05057736982901891, 0.027766375181575615, 0.024381656510134537, 0.02200267743319273, 0.020995151561995346, 0.020268137256304424, 0.01962416712194681, 0.01908712647855282, 0.01846905332058668, 0.01770766358822584, 0.01729405888666709, 0.016886878293007612, 0.016690288204699755, 0.0163385431903104, 0.0160810649394989, 0.015931273034463327, 0.018181560561060905, 0.016654418005297583, 0.01569592362890641, 0.014545122316728035, 0.013964423444122076, 0.013298139441758394, 0.01285775067905585, 0.012260359711945057, 0.012234537862241268, 0.01199183240532875, 0.011811428858588139, 0.011444753501564264, 0.011391827991853157, 0.010871546963850657, 0.010513020679354668, 0.010426230728626251, 0.011270697849492231, 0.010968886781483889, 0.010432292862484852, 0.010022589936852455, 0.009834865263352791, 0.010056201834231615, 0.009736550971865654, 0.00997778478388985, 0.009575773418570558, 0.009450567187741399, 0.009339299363394579, 0.009357313547904292, 0.009252759317557016, 0.009011918834100166, 0.00903775030747056, 0.008974565503497919, 0.008501245795438686, 0.00871705721753339, 0.008779156254604459, 0.008679997331152359, 0.008477872625614205, 0.008189521574725708, 0.008319904717306295, 0.008137228898704052, 0.007953332737088203, 0.008350641466677189, 0.008064498581613103, 0.0077999956750621395, 0.008093921622882286, 0.007708489972477158, 0.008041362510994077, 0.007878402015194297, 0.008215541175256172, 0.007741856854408979, 0.007970952584097782, 0.007805534638464451, 0.007299290659526984, 0.007036503870040178, 0.006894494794930021, 0.0068375898990780115, 0.0068682214089979725, 0.006855774438008666, 0.006800547397385041, 0.006888478218267362, 0.006920350560297568, 0.0072481948882341385, 0.006983619571352999, 0.007105949412410458, 0.007233841344714165]",0.2242901390359922,0.8958813128027605,0.20554488547679048,0.8870624737626603,0.30400481488789854,0.9288822086860217,0.4482543640897751,0.30068833370929987,0.8203063905002225,121.68378366506658,cuda
SVDB,250_SVDB_id_14_Medical_tr_50000_1st_107354,LP,pvt_autoencoder_differential_lr,128,30,30,64,100,0.001,"[0.19418608787513914, 0.10586137182655789, 0.06038569481599899, 0.040499302957739146, 0.03151040400067965, 0.026954729996976397, 0.02439520392744314, 0.022795293480157852, 0.021771090371268138, 0.021022708022168705, 0.020466912183023635, 0.019944774430422557, 0.019393827854877428, 0.018839696333521887, 0.018259583307164057, 0.017816487078865368, 0.017405140479760512, 0.017099557089663688, 0.016692113929561207, 0.016169014386832714, 0.015729312119739398, 0.01547672710425797, 0.015200958853321416, 0.014914991999311107, 0.014686963787036282, 0.01441465588730006, 0.01412397866979951, 0.013827010634399596, 0.01357264838935364, 0.013346158234136445, 0.012954376504889556, 0.012680982594333944, 0.012516080845324766, 0.012165975091712815, 0.012077206701395057, 0.0117641898936459, 0.011457059088917006, 0.011195868386753969, 0.011017670721880026, 0.010947792214297113, 0.010827125449265753, 0.010716529696115426, 0.010240509174764156, 0.010183308983132952, 0.010139907178069864, 0.009923780780462991, 0.009744303300976753, 0.009698735062210332, 0.009803855880385353, 0.009534435169327827, 0.009676395649356502, 0.009506640911457084, 0.009293224130358015, 0.009088919697595494, 0.009128027994717871, 0.009231945189336935, 0.00890328571022976, 0.009098807261103676, 0.008858272783635627, 0.008965641925377505, 0.008423841048386834, 0.008047512887666622, 0.007918166151891151, 0.007765686316859154, 0.007606268816051029, 0.007638196239159221, 0.007549677908952747, 0.007485019575272288, 0.007400600505726678, 0.007351057847873086, 0.0073069304538269835, 0.007220456664938302, 0.007290764911366361, 0.007200416975787708, 0.007179411882091136, 0.007127889365489993, 0.007029992883049306, 0.006926008810599645, 0.006760284947674899, 0.006744375585445336, 0.006675111795110362, 0.006641772930465993, 0.00665338599078712, 0.006645595699193932, 0.006324247701004857, 0.006103509504880224, 0.005984703744096416, 0.005933288440463089, 0.005911140680490505, 0.005831962451338768, 0.005792808430712847, 0.005756062189383166, 0.005708290264010429, 0.00570689458843498, 0.005672393854530085, 0.005623215986859231, 0.00559864423814274, 0.00558170210570097, 0.005532817249851567, 0.005478205979757365]","[0.15991035848855972, 0.0718855547408263, 0.0452570573737224, 0.034134390453497566, 0.02809917243818442, 0.025185347845156986, 0.023163785847524803, 0.02206306004275878, 0.0213364294419686, 0.021228089928627014, 0.020158978179097176, 0.019573594133059185, 0.0193083801617225, 0.01886876920859019, 0.017816659063100815, 0.017485410906374454, 0.01724985723073284, 0.0165637939547499, 0.01636038472255071, 0.015804824729760487, 0.015421753904471794, 0.015341071256746849, 0.015005978134771189, 0.014535437958935896, 0.014652312733232975, 0.014195123687386513, 0.013841894144813219, 0.013722100760787725, 0.013695004861801863, 0.013196103119601807, 0.0128534489000837, 0.01263294896731774, 0.012353003801157078, 0.012280176238467297, 0.01217672104636828, 0.011991916845242182, 0.011441132985055447, 0.011774434397617975, 0.01134796223292748, 0.0112671732592086, 0.010985886367658773, 0.010921174039443335, 0.010570093523710966, 0.010506763122975826, 0.010577412011722723, 0.010488488400975863, 0.010143508048107227, 0.01007031463086605, 0.010236482135951519, 0.010276026868571838, 0.010388025703529516, 0.009862241645654043, 0.010003327236821255, 0.009780175983905792, 0.010175374802201986, 0.009954477194696665, 0.009980262257158756, 0.009926731387774149, 0.009795667293171087, 0.009887585882097483, 0.009214621813346943, 0.009070815052837133, 0.009008494981875023, 0.009018920206775268, 0.009072348941117525, 0.009008951329936584, 0.008832673464591304, 0.008922670812656483, 0.008893070587267479, 0.008909462485462427, 0.008869875688105822, 0.008908554445952177, 0.008802496052036682, 0.008783064472178618, 0.00889304094016552, 0.008823164738714695, 0.008722765526423851, 0.008576028048992157, 0.00872228325655063, 0.008653092663735151, 0.008587847308566173, 0.008724848739802837, 0.008764702826738358, 0.008723520208150148, 0.008398181525990367, 0.008371875466157993, 0.008340526527414719, 0.008344697610785564, 0.008318347545961538, 0.008366242439175645, 0.008336524091040095, 0.008328755541394154, 0.00832372896062831, 0.008280593901872635, 0.00837703375145793, 0.008368080869937936, 0.00834703833485643, 0.008389757170031467, 0.008360618414978186, 0.0083833415992558]",0.18780506521751084,0.8645141905059038,0.16728850202448928,0.8375265101953179,0.2998952795488806,0.9310919038934263,0.36526743398781264,0.2605161887359594,0.7857142355260687,151.96392407407984,cuda
SVDB,250_SVDB_id_14_Medical_tr_50000_1st_107354,SG,cnn_autoencoder,128,30,30,64,150,0.001,"[0.011058979379456668, 0.005961239249223755, 0.0030680709695886997, 0.0014886936128494285, 0.000852295447007886, 0.0005805725107035999, 0.000473168912798255, 0.00038341373770630786, 0.0003257418311910615, 0.0003038704245617347, 0.0002795840389028724, 0.00024885846748171997, 0.000260347614086987, 0.00023389146857274076, 0.00022932747448240186, 0.00020135888189543039, 0.00021531255680158558, 0.00019542593578253652, 0.0002070216869469732, 0.0001773029486815046, 0.0001585726086410605, 0.00018584049636653313, 0.00016838760451979136, 0.0001710873627979752, 0.00017604875929897563, 0.00015111551502264948, 0.00013590004181467173, 0.0001520556366553397, 0.00014753777837280983, 0.00014777546831672744, 0.0001264666290288525, 0.0001168575853669262, 0.00013078314354754097, 0.00012092478573322296, 0.00013809993314290686, 0.0001336596996268435, 0.00013893678710917898, 0.0001229566824761042, 0.0001298209629437354, 0.00011802271772120592, 0.00010786894701942358]","[0.007785874806965391, 0.004740915765675406, 0.0020711453398689628, 0.0011207671195734292, 0.0006431753960593293, 0.00046944854451188195, 0.00037832518137292936, 0.0003118373254740921, 0.00026765997366358835, 0.00024534598196623847, 0.00023244867770699784, 0.0002090643101837486, 0.00018642185750650242, 0.00026020543252040323, 0.00016718720022860603, 0.00015092890680534765, 0.00015272498421836644, 0.00015144750310961777, 0.00017238303795844936, 0.00014410798879301487, 0.0001263656328471067, 0.00015850413910811767, 0.00012714191931687915, 0.0001326860704769691, 0.00011646864974560837, 0.00010548247397916082, 0.00010767711016039054, 0.00012535543040333627, 0.00011537987302290276, 0.00012638874613912776, 8.815127512207255e-05, 0.00010087198340139973, 8.79571380210109e-05, 8.970899216365069e-05, 0.00011350172159533638, 9.646461088171539e-05, 0.00010662639033398591, 8.776303608707774e-05, 9.80474990986598e-05, 8.66032520813557e-05, 8.144775711116381e-05]",0.2105809961009215,0.7954452981404889,0.17757542979166885,0.7769011149842386,0.34945781017013544,0.9288822086860217,0.454617834394904,0.3496155548173777,0.8290150327507065,41.75357028609142,cuda
SVDB,250_SVDB_id_14_Medical_tr_50000_1st_107354,SG,resnet18_autoencoder_frozen,128,30,30,64,100,0.001,"[0.0141153870860026, 0.008463125808962755, 0.007275986130393687, 0.006899883039295673, 0.006444937194741908, 0.005813998436289174, 0.004700423828104422, 0.0033232311695991527, 0.002488700811573792, 0.0020507151937289607, 0.001533980863834066, 0.0013366566411042143, 0.0012325046007477102, 0.001016103535047954, 0.0009803051555839677, 0.0008912959712601843, 0.0007818177857968424, 0.0006952143989370338, 0.0006807626175161983, 0.0006888413308410062, 0.0006805637302542371, 0.0005983069699834145, 0.0005960916958948863, 0.0005075460053159899, 0.000493123782299725, 0.00048151916347532754, 0.00045179130115901076, 0.000466214034185257, 0.0004267362944249596, 0.0003797240594091515, 0.0004023655603218469, 0.00043212457205213254, 0.0003880140402110382, 0.0003675169511032956, 0.00034939369375240945, 0.0003415845359476017, 0.0003194246660097546, 0.00032692392207016904, 0.0003423624071902374]","[0.010833153190712133, 0.008344163885340095, 0.006982580681021015, 0.006756873102858663, 0.006248894069964687, 0.005533978925086558, 0.0043130865863834815, 0.0025855119650562606, 0.0021465331277189157, 0.0016612464096397161, 0.0012273932322083663, 0.0010229031516549487, 0.0010002357691215973, 0.0010429947190762807, 0.0008763346025565019, 0.0007957509515108541, 0.0006878589871727551, 0.0006101373146520928, 0.0006173342990223318, 0.0006599394255317748, 0.0007118444579343001, 0.000507906477044647, 0.0005286484908234949, 0.0004703946566830079, 0.0004999272011142845, 0.00042717626395945746, 0.0004339700050574417, 0.00048718520944627625, 0.00038477118747929734, 0.00038905625115148723, 0.0004010928290275236, 0.000387274621364971, 0.00033790837187552825, 0.00038531778651910525, 0.00038723919230202836, 0.00035233556748911116, 0.00034037719888146967, 0.00032875534331348416, 0.00035925610184979934]",0.2673823130844991,0.8894886999230516,0.23561259800701548,0.8865408329230681,0.3617896083701483,0.9710007880220646,0.6075581395348831,0.31528825573924074,0.8349421668141297,38.81186198000796,cuda
SVDB,250_SVDB_id_14_Medical_tr_50000_1st_107354,SG,resnet18_autoencoder_progressive_unfreeze,128,30,30,64,150,0.001,"[0.012376232205757074, 0.007837949165453514, 0.007204938014703137, 0.006920928335083383, 0.006478385378917058, 0.005721353327057191, 0.004271789232180232, 0.002743225943829332, 0.002120445731894246, 0.001626297099781888, 0.0012974832262400361, 0.0011602573185449554, 0.0011387790492292317, 0.0009402525444914188, 0.0009758169457892931, 0.0008331204021704339, 0.0007299599043714503, 0.0006885599688671174, 0.0005864806035311804, 0.0006194308350261833, 0.0013686851930937596, 0.0008521222210090075, 0.0006507257626037157, 0.0005357021249697677, 0.0004173255860916383, 0.0003624983503305841, 0.00034417699013526243, 0.00030557873071215694, 0.00033519867463924343, 0.00030614801272306415, 0.0002860313460197566, 0.00028607125014310615, 0.0002632471698147821, 0.0002549311390057916, 0.0002460251001009185, 0.000252955942414701, 0.0002180655789007211]","[0.00921664930259188, 0.007513735210523009, 0.007000871157894532, 0.0067525591390828294, 0.006119431462138891, 0.005260424843678872, 0.0034368610940873623, 0.002090265857987106, 0.0016115172184072435, 0.0014535131825444598, 0.001089767038744564, 0.0010017973060409229, 0.0010650035401340574, 0.0008537734004979333, 0.0007703229687952747, 0.0008042029900631557, 0.0007003377637981126, 0.00062368192205516, 0.0005733648043436309, 0.0005469803581945598, 0.0013127740724788357, 0.0006153068097773939, 0.0004313288858005156, 0.0004198004559536154, 0.0003746237392382075, 0.0003632116665054734, 0.00028553039495212335, 0.00025618832781522843, 0.00026443028521801654, 0.00023997184083176157, 0.00024059984813599536, 0.00023253483474642658, 0.0002474428038112819, 0.00022131775767775252, 0.0002177120404667221, 0.00019905168786256885, 0.00020031408833650252]",0.29509486630471976,0.9026301684644769,0.2694721008357795,0.8940381678218762,0.43239350398016263,0.94357801910672,0.5004004485023221,0.3828283685540384,0.829452017393513,38.69250484416261,cuda
SVDB,250_SVDB_id_14_Medical_tr_50000_1st_107354,SG,resnet18_autoencoder_differential_lr,128,30,30,64,100,0.001,"[0.013413987787706512, 0.008867980867979072, 0.007636564695054577, 0.007098541195903506, 0.006765185145749932, 0.006097405860644011, 0.004317034069182617, 0.0023991302808835393, 0.0016506192041561007, 0.0012881236200753068, 0.0011554329013008448, 0.0010206912743992039, 0.0008589560027411651, 0.0006884106897771181, 0.0006432661473462801, 0.0005802766841259741, 0.0005639398780961832, 0.0005229549798449236, 0.0005615001635825527, 0.0005107148345338092, 0.00047377203424860327, 0.00041832685210032477, 0.00039766345538997224, 0.00036622704300541607, 0.00038919561830837103, 0.0004116172480973459, 0.00037196994526311755, 0.000318853871292612, 0.00029230256387520405, 0.00027180826527044353, 0.00030529885372656976, 0.00030328517078444185, 0.00031752878497909044, 0.00033369183005388115, 0.0002861221659085935, 0.0002608650850431461]","[0.010107367920378843, 0.007809150731191039, 0.007121285501246651, 0.006636525349070628, 0.006238747349319358, 0.005292906619918843, 0.0030328613938763738, 0.001579958072397858, 0.0014352965905951958, 0.001119910196090738, 0.0011709715181495994, 0.0007229780361133938, 0.0005277455444835747, 0.0004885018036778396, 0.0005021272348434044, 0.0004531799058895558, 0.00041456175191948813, 0.00038351672507512075, 0.00040148482366930693, 0.00036440852757853764, 0.0003760611652978696, 0.0003323556884424761, 0.00031982310611056164, 0.0003480690623594758, 0.00033162551214142394, 0.00030060862385046977, 0.0002617562446782055, 0.0003098427065803359, 0.00025833138352027163, 0.00023991867783479393, 0.00024411821262522912, 0.0002078792555645729, 0.0002574516790142904, 0.00022774984245188534, 0.00021828814836529395, 0.00022004185060116774]",0.280112666360921,0.8807942270136834,0.23717689392581978,0.8558587460827409,0.39199477461401605,0.9513562661009244,0.546540217773094,0.38646725151489025,0.8612125368182122,38.67120691598393,cuda
SVDB,250_SVDB_id_14_Medical_tr_50000_1st_107354,SG,pvt_autoencoder_frozen,128,30,30,64,100,0.001,"[0.01407675715606837, 0.007761802568676926, 0.006918593198947963, 0.006356493946874426, 0.005892942615208172, 0.005043526146827, 0.0038132141676864456, 0.002887987465198551, 0.001986570789345673, 0.001604440816057225, 0.0012296788710435586, 0.0011557326707545492, 0.0010786258111086984, 0.0010492106417327055, 0.0009638589274670396, 0.0009289358360027629, 0.000823745764570222, 0.0007556663726323418, 0.000742139258710224, 0.0007802511376905299, 0.0007318593949700395, 0.0006844833842478693, 0.0006472567606362558, 0.0006023778211480627, 0.0005783413112762251, 0.0006059520417780039, 0.0005520479143818929, 0.0005150065421947234, 0.0005654700147542393, 0.0005713151532247485, 0.000527444071069892, 0.0004995896777559427, 0.0005635433453356935, 0.0005420130633172535, 0.0005117590148334525, 0.0004657361118699468, 0.000498388844010021, 0.0005350968054872716, 0.0004968671640935575, 0.0004555145458739606, 0.0004660055426592451, 0.00040537049339729405]","[0.011696461588144302, 0.007027649786323309, 0.006525437580421567, 0.006022435651781659, 0.005429497143874566, 0.004420594118225078, 0.00329787062946707, 0.0024425918236374855, 0.0017883351732355852, 0.001264960883418098, 0.0012339457947139938, 0.0010653079467980813, 0.0010472430537144344, 0.0009506955781641105, 0.0010034733568318188, 0.0009489844087511301, 0.0007816862877613554, 0.0007806982127173493, 0.0007950861957700303, 0.0007732252706773579, 0.000856291075857977, 0.0006716046094273528, 0.0006464531858606885, 0.0006279451869583378, 0.0006561126501765102, 0.0006039158809774866, 0.0006035156548023224, 0.0006041138452322533, 0.0006668063482114425, 0.0006696924586625149, 0.0006039679962365577, 0.0005318235247007882, 0.0006196428924643745, 0.0007188574527390301, 0.0005869840291173508, 0.0006007790119231989, 0.0005266477140442779, 0.0005689655226888135, 0.0006159275556759288, 0.0005752586293965578, 0.0005654186631242434, 0.0005277638944486777]",0.2704140230117367,0.8918563106226032,0.2333341647320207,0.8725853078525866,0.38907616291490205,0.957345971563981,0.4873881204231077,0.3387615689249178,0.8202369173974821,46.00260922405869,cuda
SVDB,250_SVDB_id_14_Medical_tr_50000_1st_107354,SG,pvt_autoencoder_progressive_unfreeze,128,30,30,64,150,0.001,"[0.01472945058984416, 0.007987676764882747, 0.006851851297098966, 0.006315900168071191, 0.005764096864454803, 0.004345583474440943, 0.002959358738735318, 0.0021019366824822057, 0.001717440007875363, 0.0013654689703668868, 0.0012266307049209164, 0.001228143510940884, 0.00101645544470687, 0.0010098316789870815, 0.0009105913645942651, 0.0008169591559895448, 0.0008226437715902215, 0.0007558857767088782, 0.0006861147204680103, 0.000668117388462027, 0.005092230445284042, 0.0024119349684388865, 0.0012975443886326893, 0.0008073252864137647, 0.0006265982686142836, 0.0005287000745911861, 0.000589102361118421, 0.00047522396891422217, 0.00042702075942153376, 0.0004122927563176269, 0.00042171363297495104, 0.00041051120829901526, 0.00041393544580343934, 0.00043050298700109124, 0.0004021040928949203, 0.00031102338592366624, 0.00031605389639956965, 0.00028767885842604474, 0.00028468329262631455, 0.000260741985541591, 0.0002770299913771894, 0.00022220933862540515, 0.00021304181843463863, 0.0002532264354938109, 0.00026833994100646424, 0.00022027660036526089, 0.00021410532090591179]","[0.011687654070556164, 0.007042194250971079, 0.0063592443863550825, 0.005916154128499329, 0.005278688777859013, 0.00361776251035432, 0.0023471423191949725, 0.0016023034501510363, 0.0015020704013295472, 0.0011994056403636932, 0.001114856432347248, 0.0011304034075389306, 0.0011749194430497785, 0.001187036056459571, 0.0007852403602252404, 0.0008234422809133927, 0.0008453944853196541, 0.0008400653023272753, 0.0007251058705151081, 0.0007096900080796331, 0.00228107807924971, 0.0019884174107573926, 0.0008678669497991601, 0.0006543801864609122, 0.0006143722760801514, 0.00043567895287803066, 0.0005059052152015889, 0.00046521981130354106, 0.0003635205454581107, 0.00039300709128535044, 0.00034675536638436216, 0.0004561237049832319, 0.0003628090950466382, 0.0005241084969990576, 0.0003329889417121497, 0.0006065163276313493, 0.0002169416426719787, 0.00022897183953318745, 0.000426892865410385, 0.0003912797789477433, 0.00022304339169447, 0.00021223114405681068, 0.0003628064344714706, 0.00026151404502646375, 0.00019825453394635892, 0.00020969151470732564, 0.00029470321411887806]",0.30076742887257496,0.8837153325049194,0.2724082182779428,0.8758252959474683,0.40380738013396883,0.9355429846227392,0.5685863060542468,0.39188743339343424,0.8710821775916243,62.49967277003452,cuda
SVDB,250_SVDB_id_14_Medical_tr_50000_1st_107354,SG,pvt_autoencoder_differential_lr,128,30,30,64,100,0.001,"[0.013447657316213562, 0.007841500364953563, 0.006856920153257393, 0.0064554537114288124, 0.005921855879326661, 0.005004133563488722, 0.0034336231959362826, 0.0030354610311665703, 0.0025734216518079243, 0.0019743274786465223, 0.0015433228386211254, 0.0012708369786629365, 0.0010911148717804324, 0.0008490701300269436, 0.0007438453030772507, 0.0006704263782705224, 0.0006311815564653703, 0.0005942559995067617, 0.0005384831553480277, 0.0005554819307733505, 0.0005479056354878205, 0.0004504460431191893, 0.0004260663159324655, 0.00042998544189945927, 0.00040457742510452156, 0.00038886407578718804, 0.00038934508588032, 0.00041242706079390787, 0.00036918804454173716]","[0.010067755666871866, 0.007025923114269972, 0.006329700273151199, 0.006088791997171938, 0.005284651104981701, 0.004221308045089245, 0.002650989374766747, 0.0033381031438087425, 0.0021896666924779615, 0.0015346597841319938, 0.0015448419726453722, 0.001211484835948795, 0.0008474513209269693, 0.0010506603866815567, 0.0006125234649516642, 0.000551316140141959, 0.0005400038498919457, 0.000580218737013638, 0.00042165883739168447, 0.000486701843328774, 0.00047434389610619593, 0.00042949286580551416, 0.000374440928377832, 0.00039956435405959684, 0.00033815046481322497, 0.0003808895805074523, 0.00040379374695476145, 0.0003444147053717946, 0.0003384541050763801]",0.2985817043227748,0.8809857820539899,0.3114233534803096,0.8866086926517078,0.4178936507843123,0.9310919038934263,0.6700668308125215,0.516262001836707,0.9573277621417616,43.768250331049785,cuda
SVDB,250_SVDB_id_14_Medical_tr_50000_1st_107354,GASF,cnn_autoencoder,128,30,30,64,150,0.001,"[0.10069103787342708, 0.06362697783680189, 0.03785080480433646, 0.023549565247126987, 0.015478908838260742, 0.011254977390524886, 0.008871623492311864, 0.007382815149390981, 0.00644120407689895, 0.005716653296812659, 0.005134480517534982, 0.004859039870401223, 0.00443266990727612, 0.004274122771762666, 0.004054012630755703, 0.004009678239180218, 0.0037567381902287402, 0.003638055973819324, 0.0033698522131003087, 0.0032010956423445826, 0.003002161370767724, 0.0028812968105609927, 0.0024694864793370166, 0.0028734372573949044, 0.002546137963820781, 0.002355216758414393, 0.0023484942281530017, 0.002103251610173001, 0.002093474197733615, 0.0020028227895853064, 0.00198026449929568, 0.002087580511302111, 0.002023658964649907, 0.0019442545405278604, 0.0018607806968724443, 0.0017815374192737398, 0.0016705429436461557, 0.0017805287636639107, 0.0017517413112467953, 0.0016055398653926595, 0.001518087461590767, 0.0016161335488071753, 0.0016405008722185379, 0.0015110201978435118, 0.001473465102857777, 0.00138607378938191, 0.0013657157708491599, 0.001413669969354357, 0.001369179802991095, 0.0013621257773290079, 0.0013618982851593977, 0.0013546632281282828, 0.0012608934914515842, 0.0013237262721217814, 0.0013178839691958967, 0.0013567984902432986, 0.0015122631697782449, 0.001378726208626869, 0.0011929591724072538, 0.0011951115780643054, 0.0011636238750292076, 0.0011903929601733882, 0.001082904124078119, 0.0011148022354713508, 0.0010416534468753352, 0.001123529016262009, 0.0011991820287048107, 0.0011626013022448336, 0.0010233626623327534, 0.0010632190498567763, 0.0009775281235176539, 0.0009973443257400678, 0.0010547698392266674, 0.0009622867496329404, 0.0009242993629803615, 0.000950441485093463, 0.0009039726657127696, 0.0008700064361272823, 0.0008514773244747804, 0.000915027697504099, 0.001033329476957165, 0.0009480841274905417, 0.0008529679921810471, 0.0007840906868555716, 0.0008221180843455451, 0.0007329812367624115, 0.00071378710812756, 0.0007745284681385826, 0.0006599542601699275, 0.0007410990988968738, 0.0007235029368616995, 0.0006802299176342785, 0.0006989515802290823, 0.0008072757239763936, 0.0007068907753342674, 0.0006493478985725059, 0.0007074542338072899, 0.000649912119288707, 0.0006986709749547853, 0.0006672236818953284]","[0.08824094757437706, 0.050221954782803856, 0.02898132149130106, 0.018166050935784977, 0.012589532571534315, 0.009469187197585901, 0.007978675266106924, 0.0071134616155177355, 0.005814465461298823, 0.00553904939442873, 0.005121771556635697, 0.005066901755829652, 0.004539728940774997, 0.004513178952038288, 0.004076540159682433, 0.004125563350195686, 0.004548529551054041, 0.004289326258003712, 0.0034952720937629542, 0.0034539379412308335, 0.003067878268969556, 0.002872016397304833, 0.0026832044046993055, 0.003313422629920145, 0.00266691615494589, 0.002529745145390431, 0.002458430166977147, 0.002372952139315506, 0.002269961347337812, 0.0023081868421286345, 0.00225354649592191, 0.002224653299587468, 0.002289004197033743, 0.0021895922254770994, 0.00211389900262778, 0.002022020809818059, 0.0020205325175387165, 0.0021312840981408954, 0.0019220173902188737, 0.0018792485740656655, 0.001855936017818749, 0.0018780161044560373, 0.0020152370367820063, 0.0017678850175191958, 0.0017186281620524824, 0.0017970291276772816, 0.0017052768380381167, 0.0019026483059860766, 0.0016215852228924632, 0.0016511702560819685, 0.0016346606037889917, 0.0016676305094733834, 0.0015777037090932329, 0.0016795256718372305, 0.0016024728732494016, 0.001722323300782591, 0.001651220644513766, 0.0015939757771169145, 0.0014741745156546433, 0.001491222045539568, 0.0014511835761368275, 0.00142329743054385, 0.0014755217513690393, 0.0015426604077219963, 0.0013521276996470988, 0.0015006621251814067, 0.0014705515156189601, 0.0014474987207601468, 0.0013837138540111482, 0.0013833462920350332, 0.0012618329492397606, 0.001320679613854736, 0.0014032084921685357, 0.001345257255403946, 0.0012977357643345992, 0.0012532691471278667, 0.0012281399103812873, 0.001183854086169352, 0.001240169784675042, 0.001250340836122632, 0.001372137456201017, 0.0012262047966942191, 0.001293929429569592, 0.001192965350734691, 0.001105010819931825, 0.0010717357508838177, 0.001126019051298499, 0.0010668776521924883, 0.0010535435285419226, 0.0010666358575690538, 0.0010836482785331707, 0.001048639203266551, 0.0011012319882865995, 0.001064664664833496, 0.0010436242931367208, 0.0010312309120005618, 0.0010477637115400285, 0.001036509609548375, 0.0010503970164184768, 0.0010516407104053844]",0.03992606575895237,0.5682125827657776,0.04257719724747939,0.578373890071607,0.08887119213775922,0.6219337694194603,0.0915502696722444,0.0787653778831594,0.7263267193581846,102.53649115283042,cuda
SVDB,250_SVDB_id_14_Medical_tr_50000_1st_107354,GASF,resnet18_autoencoder_frozen,128,30,30,64,100,0.001,"[0.09488148738940556, 0.057999995670148304, 0.04308850353672391, 0.03564914395766599, 0.030884777506192524, 0.026910903996654918, 0.024071022602064267, 0.02170566948396819, 0.020393984303587957, 0.018686509114645776, 0.016599453143065886, 0.01538750711118891, 0.014606114964754809, 0.013963090566297373, 0.013294827193021774, 0.012485413324265253, 0.011472679142441069, 0.010710161179304123, 0.010508570199211439, 0.010295591361465909, 0.009805427553753058, 0.009043354274971145, 0.009040428103790396, 0.008534461725503206, 0.008105497031162182, 0.007582292714644046, 0.007337808653357483, 0.006962931759300686, 0.007017273211940413, 0.006898640122796808, 0.0064714110145966215, 0.006310839715990282, 0.006011399462641705, 0.0056747919879853725, 0.005287607776976767, 0.005156016775539943]","[0.08453818410634995, 0.06052360373238722, 0.04506131509939829, 0.03843651028970877, 0.03258046663055817, 0.029495888389647007, 0.029013849794864655, 0.02740476466715336, 0.029754426951209705, 0.026120873168110847, 0.026059166838725407, 0.02566270095606645, 0.02506700623780489, 0.024816539759437244, 0.024683889622489612, 0.024559417739510536, 0.024101424651841324, 0.025024575491746266, 0.02461443841457367, 0.024387453372279804, 0.02416729088872671, 0.023844083460668724, 0.023900485287110012, 0.023625793245931465, 0.024451926350593567, 0.023395595140755177, 0.023995259466270607, 0.024098902319868405, 0.02470228634774685, 0.023842259620626766, 0.024097710537413757, 0.024821140492955845, 0.023699703626334667, 0.023600965427855652, 0.023817711509764194, 0.023953572536508243]",0.08069851292680069,0.650617396079562,0.06913965846858823,0.658831810599483,0.13274204068305354,0.94357801910672,0.2857142857142854,0.12492176797730141,0.7746536467722864,38.48593250196427,cuda
SVDB,250_SVDB_id_14_Medical_tr_50000_1st_107354,GASF,resnet18_autoencoder_progressive_unfreeze,128,30,30,64,150,0.001,"[0.10386166721582413, 0.06811141683941796, 0.04868310033565476, 0.03997123897785232, 0.03543447578946749, 0.031061449753386632, 0.027452941185661724, 0.025751516489045962, 0.022876280847759473, 0.02025233129305499, 0.019385428123530887, 0.017405931793508075, 0.015832198739406608, 0.015343914030208475, 0.014139309968976747, 0.013046197149725188, 0.012427837055708681, 0.011805353774910881, 0.01108749033439727, 0.011209020302409218, 0.013681636990181037, 0.012376548456294196, 0.01045605158876805, 0.008982164164384207, 0.008112307571406876, 0.007469456221553541, 0.007058998259405295, 0.006412999837526253, 0.006016190917718978, 0.005739726880121799, 0.005520661117597705, 0.005304156425630762, 0.004925248501378866, 0.004708847008822929, 0.004434343649163132, 0.0042470489806007775, 0.004228782762462894, 0.004061200256858554, 0.003870275281813173, 0.003715584498076212, 0.0036383304257123243, 0.0033765646540338083, 0.003215737984560075, 0.0029501059048232577, 0.0029191798863134216, 0.00287405000112596, 0.0030991476849608476, 0.0028362261419672343, 0.002771664931926699, 0.0026828347306166378, 0.0026034052217645304, 0.0025066982599950974, 0.002422437748117816, 0.0023307623009064366, 0.002255696831049309, 0.002218100730152357, 0.002069176352095036, 0.0020216992124915123, 0.0020046550725098876, 0.002071441855237243, 0.0020591323929173605, 0.0020297347800806165, 0.0018848373022462641, 0.0017796830396123585, 0.001772541098207945, 0.001906468067318201, 0.0017686190438412485]","[0.08929367363452911, 0.06147521982590357, 0.046313357229034104, 0.04000022759040197, 0.035358356311917305, 0.031832510295013584, 0.030611987225711346, 0.028751422961552937, 0.02690115136404832, 0.025869589609404404, 0.025329814292490482, 0.02626538121451934, 0.02424485795199871, 0.024761137863000233, 0.024219515422979992, 0.023667866364121437, 0.02415193027506272, 0.024874869113167126, 0.023299346367518108, 0.024283260417481262, 0.021914360113441944, 0.017915699010094006, 0.01674196543172002, 0.01607953431084752, 0.015698154146472614, 0.015187851308534542, 0.015171303879469633, 0.014821982942521572, 0.014649458695203066, 0.014410912990570068, 0.014423249755054712, 0.014234515838325024, 0.014633125625550747, 0.014146619942039251, 0.014142470123867193, 0.014392389450222254, 0.013910746201872826, 0.013909049642582735, 0.013981189113110304, 0.013780920455853144, 0.013917095803966125, 0.013654854303846756, 0.013495240981380144, 0.013606010315318903, 0.013692255908002457, 0.013863030665864548, 0.013469528251638016, 0.013588408008217812, 0.013373811108370623, 0.013177640115221342, 0.013856406168391308, 0.013608889188617468, 0.013355645816773176, 0.01333680267756184, 0.013227060592422882, 0.013176003471016884, 0.012870541618516048, 0.01328047007943193, 0.012955257669091225, 0.012863759882748127, 0.013034093348930279, 0.013579418882727623, 0.012996442771206299, 0.012811693673332533, 0.013104711504032215, 0.013247372892995676, 0.012955601482341686]",0.060616538279308234,0.6405507445508362,0.0631134866366385,0.648638605229404,0.10584458875217348,0.9254424601585649,0.23129251700680245,0.16666386447328083,0.7976095173013854,74.54726622789167,cuda
SVDB,250_SVDB_id_14_Medical_tr_50000_1st_107354,GASF,resnet18_autoencoder_differential_lr,128,30,30,64,100,0.001,"[0.0824551506056672, 0.04786747108612742, 0.03559030964970589, 0.030089969347630228, 0.025732373375268208, 0.022259805085403577, 0.018593041137570425, 0.015801595790045603, 0.014288749057976972, 0.012652542885570299, 0.01123801361592043, 0.010343757724123341, 0.00968887253353993, 0.009110466931902227, 0.008974056203095685, 0.008416068673666035, 0.007971689016336487, 0.007493014890877973, 0.007064697532249349, 0.006724945823883726, 0.006721129663111199, 0.006568465980568102, 0.006253572313913277, 0.006006966345012188, 0.005708933541817325, 0.00554837395126621, 0.005411181709773484, 0.0054049923173373655, 0.005173984427182447, 0.005096285759160916, 0.004796756963644709, 0.004596533808147623, 0.004724913099337192, 0.004421305543343935, 0.004305608138175947, 0.0040701544134035, 0.003912598216196611, 0.0042150250103856835, 0.0035225385910875743, 0.0032350043766200542, 0.0032618261008922544, 0.0031128135576312032, 0.003033289841065804, 0.003005274338647723, 0.002828156420340141, 0.0028259154475693193, 0.0029219751512365682, 0.0027057025027239605, 0.002715147632573332]","[0.06532329507172108, 0.04131310308972994, 0.03400475593904654, 0.029661506103972595, 0.024520678135255974, 0.021003978326916695, 0.018229913897812366, 0.016168973098198574, 0.014539758830020824, 0.01365106568361322, 0.012536135191718737, 0.011230935342609882, 0.011232567485421896, 0.010565702182551226, 0.010978029109537601, 0.01027456841741999, 0.009710610223313173, 0.00961662270128727, 0.00955219209815065, 0.00887026529138287, 0.009481902234256268, 0.009320201197018227, 0.008641434678186974, 0.008463839922721187, 0.008468952107553681, 0.008659480527664224, 0.008598628841961423, 0.00830152134100596, 0.008396456483751535, 0.008462888654321432, 0.008184835858022174, 0.008155881272008022, 0.00833700985337297, 0.008271894960974654, 0.008181236761932572, 0.008161940611898899, 0.008187276621659597, 0.008623589761555195, 0.007608141439656417, 0.00766299858999749, 0.0077661241715153055, 0.007632865958536665, 0.007568977307528257, 0.00775244125785927, 0.007579057632635037, 0.007684376245985429, 0.007619435666128993, 0.007778210798278451, 0.007704346052681406]",0.06331639080778871,0.6481249230981347,0.06681371070009227,0.6538833614146381,0.11442242654609844,0.9074789724937485,0.23573923166472616,0.16901466124679188,0.8005203970890289,55.21321397298016,cuda
SVDB,250_SVDB_id_14_Medical_tr_50000_1st_107354,GASF,pvt_autoencoder_frozen,128,30,30,64,100,0.001,"[0.10015743225812912, 0.05989036957422892, 0.04153576830313319, 0.032299025250332694, 0.028168385759705587, 0.024765015003227052, 0.02248811065441086, 0.020546026261789457, 0.018870286732202486, 0.01749715240051349, 0.016256925561243578, 0.014350221403652713, 0.013526410219215211, 0.013273987741697402, 0.012158738892702829, 0.011587261532743772, 0.010572986677289009, 0.010286524714458557, 0.009744055746566681, 0.009241749798612935, 0.008729042041869391, 0.008175442993108715, 0.007504063680590619, 0.007190917773793141, 0.006935150517771642, 0.0064410557970404625, 0.0061827657655591055, 0.00574901354100023, 0.005639663298747369]","[0.08793537815411885, 0.0472579567382733, 0.03607723178962866, 0.03064338769763708, 0.02822800539433956, 0.025463855204482872, 0.02432169330616792, 0.02343582051495711, 0.021756380175550778, 0.02097842190414667, 0.019925655486683052, 0.018674409327407677, 0.019090755221744377, 0.018701678452392418, 0.01788904642065366, 0.01762347885717948, 0.017798372854789097, 0.017968997669716675, 0.017404590112467606, 0.018037307386596996, 0.01811937429010868, 0.017629683017730713, 0.017345738597214222, 0.017354735483725865, 0.017751527950167656, 0.01743459717060129, 0.017434274001667898, 0.017545826112230618, 0.01758106192573905]",0.1625886662471745,0.7297390041734335,0.12938334317136943,0.7309293117759325,0.23068267349393975,0.94357801910672,0.4888888888888884,0.27349717912639776,0.8166884305207203,33.29398553702049,cuda
SVDB,250_SVDB_id_14_Medical_tr_50000_1st_107354,GASF,pvt_autoencoder_progressive_unfreeze,128,30,30,64,150,0.001,"[0.08762789801472709, 0.05551421855177198, 0.039097788965418226, 0.030243455121914547, 0.026349777976671856, 0.023117818647906893, 0.020451554851163, 0.0186530737472432, 0.0169528830530388, 0.015544512087390536, 0.014328973678251108, 0.0128304058508504, 0.011969693359874543, 0.01158400611685855, 0.010779303454217456, 0.010043995321861334, 0.009311419889508258, 0.00877620940584512, 0.008075807908815997, 0.007773423766983407, 0.023471368742840632, 0.013027699575537727, 0.010530249747846807, 0.008783672758865924, 0.007843576549064545, 0.007168817888235762, 0.006512354859816176, 0.006233074103615114, 0.005627707999554418, 0.005339158233255148, 0.005141942739664089, 0.004922034085861274, 0.004703833943321591, 0.004428667016327381, 0.004272817412302608, 0.004485044805776505, 0.004440559373636331, 0.00408760245357241, 0.0038476971732009026, 0.0037758427982529006, 0.0034873609630657093, 0.003315686336940243, 0.003231789018692715, 0.003106496119428249, 0.0030287556084139006, 0.0028658952187037186, 0.002804539255088284, 0.0026920840166331757, 0.002271388823698674, 0.0020248178736351078, 0.002059288018028296, 0.0019810750492892807, 0.0019348203038264597, 0.0019401409940439322, 0.0017811844092128532, 0.0017802301472762511, 0.001727523659134195, 0.0016525548417121172, 0.001580799220218545]","[0.0741579681634903, 0.044378386810421944, 0.03443457745015621, 0.029502501400808494, 0.02660266092667977, 0.024219227333863575, 0.02289592909316222, 0.021421073004603386, 0.021239214576780796, 0.020315326439837616, 0.019080516571799915, 0.018183543036381405, 0.018062426708638668, 0.018759779321650665, 0.017332423944026232, 0.017678269185125828, 0.017798881356914837, 0.01720687933266163, 0.01737702979395787, 0.017043927684426308, 0.017763282017161448, 0.014058450857798258, 0.012081132270395756, 0.011322184465825558, 0.010495755511025587, 0.010439222523321709, 0.01010107807815075, 0.01022639824077487, 0.009792802389711142, 0.009719649950663248, 0.009941237202535072, 0.009784922779848179, 0.009687079427142939, 0.009757013991475105, 0.009676006312171618, 0.009586279125263294, 0.009909270176043114, 0.0095480737897257, 0.009808705498774847, 0.009460475451002518, 0.009267887411018213, 0.00930720412482818, 0.009629641969998678, 0.009672010007003943, 0.009454521350562572, 0.00953687789539496, 0.009374518878757954, 0.009192577252785364, 0.009054873371496797, 0.008998130215331912, 0.009001222749551138, 0.00913967393959562, 0.009179449795434872, 0.009207429441933831, 0.009106348656738797, 0.00920444137106339, 0.00910984204771618, 0.009092644788324833, 0.009153972923134765]",0.10666457745987808,0.6925312973299783,0.09417662623565626,0.697067988014134,0.16031323565710867,0.9412722977926203,0.41370512119555275,0.2709830088636441,0.8854842431182176,84.08520322502591,cuda
SVDB,250_SVDB_id_14_Medical_tr_50000_1st_107354,GASF,pvt_autoencoder_differential_lr,128,30,30,64,100,0.001,"[0.08449113741517067, 0.04877537684071632, 0.036217812005253064, 0.029424679421243213, 0.023655038326978683, 0.01988163829914161, 0.01697925575787113, 0.01480725540646485, 0.012979567982256413, 0.011951953394427187, 0.011324444253529822, 0.009954315078045641, 0.00915952151020368, 0.008625788148492575, 0.007945218123495579, 0.0077165962596024784, 0.007508423312434128, 0.007191348554832595, 0.006867227299759786, 0.006794407365045377, 0.006291935331232491, 0.006022343278995582, 0.005868819187439624, 0.005579295013809488, 0.0053962488836120995, 0.005288263095454091, 0.005098488292701188, 0.004802575512301354, 0.004905615024091233, 0.004614504985511303, 0.004470992966422013, 0.004299047802175794, 0.004085048855770202, 0.0043581274360240925, 0.0043932021750758094, 0.004248477518558502, 0.0040981766457359]","[0.055711532632509865, 0.04087196725110213, 0.032354699758191906, 0.025575607394178707, 0.021395388680199783, 0.01841092575341463, 0.01681388805930813, 0.01489741945018371, 0.013343227716783682, 0.012618817699452242, 0.011723482515662909, 0.010625020756075779, 0.01018323531995217, 0.009494765351215998, 0.008837365234891573, 0.009457692503929138, 0.00878164079040289, 0.008553139710177978, 0.008342987392097712, 0.008172290089229742, 0.007968617137521505, 0.008038075252746543, 0.0077426808420568705, 0.007571596729879578, 0.007579728805770476, 0.0074439138018836575, 0.007082051830366254, 0.00757287807452182, 0.007294305522615711, 0.00721766846254468, 0.007146039512008429, 0.00703872872206072, 0.0072907630043725176, 0.0072089259047061205, 0.007295357606684168, 0.007310432847589254, 0.007181335162992279]",0.06136207074076591,0.6361126543217571,0.062098011911195544,0.6445629372332143,0.10465099557527746,0.9321610066951682,0.2561576354679798,0.1502968116063682,0.7501709112358702,58.52676471602172,cuda
SVDB,250_SVDB_id_14_Medical_tr_50000_1st_107354,GADF,cnn_autoencoder,128,30,30,64,150,0.001,"[0.06993152520486287, 0.03434904771191733, 0.016822658080075468, 0.010276711191095057, 0.007799495854193256, 0.006574792144376607, 0.005836569482371921, 0.005184096794220663, 0.004623183625794593, 0.004275734026339792, 0.0040065267655466285, 0.0038101421890869027, 0.003608137091976546, 0.003329086461148801, 0.0030990546968366417, 0.0029314761382660697, 0.002715033135332522, 0.0025476371381609212, 0.002481483216840951, 0.002403684559145144, 0.0023204676274742398, 0.00222038662815023, 0.002136549014332039, 0.0021126909081691076, 0.002039317158050835, 0.0019874978821635956, 0.0019465521188630234, 0.0018961839821367036, 0.0018397758803552105, 0.0017873270969305719, 0.0017511607812983648, 0.001746341114908102, 0.0016816146117413328, 0.0016285053709344495, 0.001587135794882973, 0.0015515214708145884, 0.0014915303049963854, 0.001462965150408092, 0.0014239749372271554, 0.0013897809466081007, 0.0013605220731170405, 0.0013227645984096896, 0.0013247925145108076, 0.0012835370088439611, 0.0012288323847488279, 0.001185119066143497, 0.0011680552159391698, 0.0011351723057617033, 0.0011025569484835224, 0.001073420629836619, 0.0010776053448872907, 0.0010398616293622624, 0.0010128130088560283, 0.0009716910731402182, 0.000966859945384342, 0.000949052226219681, 0.0009336953849664756, 0.0009165994845153321, 0.0008843130226956592, 0.0008593193515913473, 0.0008449726128241135, 0.0008457691929790945, 0.0008450207893647963, 0.0008322202456405475, 0.0007962257174464563, 0.0008090261558425569, 0.0007814506479051142, 0.0007665341586938926, 0.0007654845581523009, 0.0007551564402612192, 0.0007380902312607283, 0.0007213979510457388, 0.0007050021335349552, 0.000677893087933106, 0.0006619373951772494, 0.0006859402111287983, 0.0006597147661349958, 0.0006478252637732242, 0.0006548436081391715, 0.0006388964663658823, 0.0006363649237235742, 0.0006382197912205898, 0.0006178213959737193, 0.0006054446040209205, 0.0006035724599357872, 0.0006050411916692697, 0.0005964240935143261, 0.0005887106388053369, 0.0005876876225340224, 0.0005736151471778396, 0.0005702259188096615]","[0.05730282577375571, 0.025253347121179104, 0.01325695930669705, 0.008727220507959524, 0.00735902227461338, 0.006601376536612709, 0.005908442893996835, 0.005285800434648991, 0.004748310428112745, 0.004437563397611181, 0.004267383638458948, 0.004040999532056351, 0.0038292575627565384, 0.0035051923478022218, 0.0033717481807495155, 0.0030353993255024156, 0.0028538384940475225, 0.0027168080365906158, 0.0026890538089598217, 0.002643257767582933, 0.0025238936068490148, 0.0024230124739309153, 0.0023571428998063007, 0.0023440895214055977, 0.0022757281937325993, 0.0022126977952818074, 0.0022729755146428943, 0.002101159479934722, 0.0021042374816412726, 0.0020411420070255795, 0.0020506571357448897, 0.002003931071764479, 0.0020085247233510017, 0.0019272489395613472, 0.0019133414801520605, 0.0018571171482714515, 0.0018253289357138176, 0.0017546056187711656, 0.0018024307404023905, 0.001718442343796293, 0.0016801433133271833, 0.0016887586486215393, 0.0016326521872542799, 0.0016766152693890035, 0.0015058238835384448, 0.0015000171454933782, 0.001512726244982332, 0.0014493914786726236, 0.0014839511325893302, 0.0014248097237820427, 0.0014373293767372768, 0.0013537653139792383, 0.0013167048261190455, 0.0013619191789378722, 0.0013476659272176523, 0.0012731231205786269, 0.0013664268578092258, 0.0012235671747475863, 0.0012100385501980782, 0.0011891501296001177, 0.0012132349656894803, 0.0011914560842948656, 0.0011953955011752744, 0.0011541483108885586, 0.001136867542906354, 0.0012298668928754826, 0.0011230340654340882, 0.0011208656748446326, 0.0010962253824497263, 0.0012035029164204996, 0.0010990812831247847, 0.0010932058891436707, 0.001035544458621492, 0.001025893851571406, 0.0010351484233979136, 0.0010126077492410939, 0.0010058814368676394, 0.0009939496133786936, 0.001061020962273081, 0.0010215553532664974, 0.000995177630102262, 0.0010062801399423431, 0.000982390852489819, 0.000960292808789139, 0.0009816620828739058, 0.0009618301701266319, 0.0009672670857980847, 0.0009499346488155425, 0.0009401404822710901, 0.0009244706889148802, 0.0009196402776675919]",0.040594129012194294,0.5711876805954288,0.04268364056046676,0.582606710331452,0.08524986466154084,0.781162350792512,0.09756097560975584,0.0766795191653436,0.7319905408144934,93.96005770983174,cuda
SVDB,250_SVDB_id_14_Medical_tr_50000_1st_107354,GADF,resnet18_autoencoder_frozen,128,30,30,64,100,0.001,"[0.0809541873279072, 0.07737427382242112, 0.07333043678885415, 0.05654531096418699, 0.04539307331045469, 0.03814570481578509, 0.03298657777763549, 0.029575940842429798, 0.025145900302699635, 0.021767113002992812, 0.021244627734025318, 0.018786697692814328, 0.01768447139433452, 0.01659556558089597, 0.015544566680632886, 0.014543248030046621, 0.013669536715107304, 0.013231602852188405, 0.013172429808903308, 0.012858291378333456, 0.012274336247217087, 0.011863740604548227, 0.011816415935754776, 0.011217663862875529, 0.011113538761578855, 0.011128315480337256, 0.009730542300357706, 0.009381241431193692, 0.00872260888683654, 0.008744712120720319, 0.008569221899268172, 0.008529039809391611, 0.008346739313786938, 0.008127667741583926, 0.008094927939098506, 0.007740207415606294, 0.008072315781776394, 0.00785505339237196, 0.007834998691188437, 0.007762903569354897, 0.007561708977889447, 0.007632769976875612, 0.007294544395768926, 0.00738931509355704, 0.00726682592981628, 0.007089291167046342, 0.006763105790707327, 0.006857617758214474, 0.006805587959076677]","[0.07691267008582751, 0.0760873556137085, 0.07062595834334691, 0.05466678676505884, 0.04413523400823275, 0.040982864797115326, 0.035329715038339295, 0.03283624351024628, 0.030507210331658523, 0.028064624406397343, 0.03031903350104888, 0.028406945367654163, 0.027871481453378994, 0.029102403670549393, 0.029881634439031284, 0.026973428515096504, 0.028027768557270367, 0.028500280032555263, 0.02709929086267948, 0.026245288240412872, 0.029582398633162182, 0.02723714429885149, 0.027073198929429054, 0.027409997147818405, 0.026707743604977924, 0.02768012663970391, 0.02554599226762851, 0.02615313169856866, 0.0255647674202919, 0.026017067953944206, 0.02612062357366085, 0.02579377529521783, 0.02554208381722371, 0.02563914159933726, 0.025856208987534046, 0.026065850319961708, 0.024922201099495094, 0.025902886254092056, 0.024815839404861133, 0.025845967854062717, 0.025644534267485142, 0.026014926222463448, 0.026153254012266796, 0.02599735992650191, 0.027805546919504803, 0.025684927279750507, 0.02609270717948675, 0.02517910332729419, 0.02572780381888151]",0.06984867897695107,0.6861325697623961,0.07327573032156574,0.6972246409351733,0.1470041616724481,0.9188200683787867,0.17945373334914405,0.14323445390939848,0.8033664136649201,51.528495067032054,cuda
SVDB,250_SVDB_id_14_Medical_tr_50000_1st_107354,GADF,resnet18_autoencoder_progressive_unfreeze,128,30,30,64,150,0.001,"[0.08006305105629422, 0.06904258845107895, 0.050980506730931144, 0.03908850642896834, 0.031856343682323186, 0.02643573097884655, 0.023499323853424618, 0.02008197962173394, 0.018374978032495295, 0.01699932606979495, 0.014848525281108561, 0.014324203577070009, 0.014123356856760524, 0.013033676271637281, 0.011547172042940344, 0.011415939556346053, 0.010950426792814619, 0.009700708357351167, 0.010123035604400294, 0.010224951120714346, 0.014398996939971334, 0.012626267836562224, 0.009975944557005451, 0.008558461486938455, 0.007899679930969364, 0.007255246951466515, 0.0067644380919990085, 0.006600119905280215, 0.0062989061920061, 0.00618527414986775, 0.005926752086019232, 0.00581591489857861, 0.00561717977481229, 0.005362378477695442, 0.005176689608820847, 0.005011283969950108, 0.004850052541033143, 0.004740251361259392, 0.004496351161616899, 0.004430479314621715, 0.004275148146830145, 0.004110950488774549, 0.004006764696290095, 0.0038825389485628832, 0.0037188339268877393]","[0.07643653949101765, 0.06804778923590978, 0.05685047867397467, 0.04782714322209358, 0.034708367039759956, 0.03375918914874395, 0.032391040896375976, 0.03094390748689572, 0.029514008512099583, 0.029664950755735237, 0.030054909798006218, 0.029144374343256157, 0.02772703922043244, 0.02838329318910837, 0.027114385428527992, 0.02742336131632328, 0.026413000809649628, 0.02612655982375145, 0.027046092475454014, 0.027604186596969765, 0.02237311905870835, 0.016850019805133343, 0.013902859296649694, 0.012978270960350832, 0.013037668075412512, 0.012844048130015532, 0.01256308937445283, 0.012371068820357323, 0.011896445881575346, 0.011900010673950115, 0.011961315758526325, 0.011532799185564121, 0.01153474704672893, 0.011633168285091719, 0.011069364224871, 0.011360563337802887, 0.011213183713455996, 0.011542022383461395, 0.011164375425626835, 0.011082527848581472, 0.01103130696962277, 0.011436385723451773, 0.01129496299351255, 0.011072646050403515, 0.011105800978839397]",0.09142782062938667,0.6939570061311096,0.08412470480405616,0.7023796281913265,0.14798538154044125,0.9475545985850508,0.40748440748440706,0.23364363293297177,0.8434193791270678,50.2810837959405,cuda
SVDB,250_SVDB_id_14_Medical_tr_50000_1st_107354,GADF,resnet18_autoencoder_differential_lr,128,30,30,64,100,0.001,"[0.07884033343621663, 0.06774023920297623, 0.060224871372892744, 0.052460050476448875, 0.03676891584126722, 0.02764148921484039, 0.021917762766991342, 0.017597242302837827, 0.014566806145012379, 0.012840921236645608, 0.0118828026045646, 0.010653596681853136, 0.009802736430650666, 0.009403364777210214, 0.00902480073273182, 0.008367666841617652, 0.008082508796914703, 0.008132255569632565, 0.007899227064280282, 0.007344863665778013, 0.007059177982487849, 0.00682584781731878, 0.007392283395997116, 0.007072515586124999, 0.006921560547891117, 0.0066032857146291505, 0.006542169333746036, 0.006310389598920232, 0.006244303813825051, 0.00629745867280733, 0.006348300237385999, 0.006215241870709828, 0.006220833753191289, 0.005991851400938772, 0.005937944410280103, 0.006092785547176997, 0.005871712895376342, 0.006055418047167006, 0.005847906937734002, 0.005621300566764105, 0.00533610824052067, 0.005196196381889638, 0.005171097837211121, 0.005078731193428948, 0.005105411522977409, 0.005102697249856733, 0.0048420980705746585, 0.004892347557913689, 0.004928769876382181, 0.00487037082867963, 0.004795484688310396, 0.004775841321263995, 0.004734161553815717, 0.00469189625056017]","[0.07350646704435349, 0.0643270139892896, 0.06025137938559055, 0.04631806475420793, 0.032318904995918274, 0.024564035547276337, 0.019973233652611572, 0.015034087157497803, 0.01286327481890718, 0.012599166327466568, 0.010567596647888422, 0.010225368974109491, 0.009375398512929678, 0.009295776020735502, 0.009089389505485693, 0.008292428217828274, 0.00831114516283075, 0.008102613035589457, 0.007825541387622556, 0.007668615551665425, 0.0074678802241881686, 0.007590227760374546, 0.007646522872770826, 0.007764864092071851, 0.0074434530300398665, 0.0074291976634413, 0.007233371492475271, 0.007110567453006904, 0.0069956392981112, 0.006853234488517046, 0.006869871634989977, 0.006940707641964157, 0.006703473627567291, 0.0066900604870170355, 0.006893372085566322, 0.006856133307640751, 0.0070907472011943655, 0.00686127917530636, 0.006790231758107741, 0.006720508836830656, 0.006366349291056395, 0.006275404865543048, 0.006301535681510965, 0.006260868705188234, 0.006304528486604492, 0.006277583849926789, 0.006211418192833662, 0.00626678392291069, 0.006250636496891578, 0.006196912067631881, 0.006201509231080611, 0.006201818895836671, 0.0061768293380737305, 0.006164335102463762]",0.05051685964297041,0.633299009137316,0.05281613303315696,0.6430138672148743,0.10170135180973476,0.8753746071193627,0.19999999999999954,0.11696869851729817,0.7417927197524044,61.44425720511936,cuda
SVDB,250_SVDB_id_14_Medical_tr_50000_1st_107354,GADF,pvt_autoencoder_frozen,128,30,30,64,100,0.001,"[0.07753356546163559, 0.07002314357530504, 0.057644485540333246, 0.040637449405732606, 0.02937891458471616, 0.023136444922004427, 0.019995513948656264, 0.01622512603976897, 0.014383281181965555, 0.013835227782172816, 0.011938732915690966, 0.010381247936969712, 0.009664857183538732, 0.008782767092010804, 0.008075833830627658, 0.007589280095306181, 0.007304907177707979, 0.006954327558300325, 0.006780163207579227, 0.006374916815686794, 0.005964954383671284, 0.005663981749897911, 0.005546299408056906, 0.005256793328693935, 0.005114575271450338, 0.004931344229373194, 0.004608189653871315, 0.004312365848038878, 0.004170125549925225]","[0.0716340442498525, 0.06815129891037941, 0.05271468994518121, 0.03597184922546148, 0.029985385636488598, 0.026239571782449882, 0.023619704879820347, 0.02182930273314317, 0.021764044649899006, 0.021072268796463806, 0.01953050463149945, 0.019891044901063044, 0.020309713979562122, 0.01736868467802803, 0.018509922238687675, 0.018351729804029066, 0.017108474547664326, 0.017931715430070955, 0.01678989501670003, 0.0167628296961387, 0.01747165434062481, 0.017319560206184786, 0.018205283675342798, 0.016823490460713703, 0.018200804479420185, 0.01765474583953619, 0.0175023569415013, 0.017302562793095905, 0.0171301841425399]",0.08343746394021052,0.72337185434715,0.08083071063943158,0.7221328411282152,0.1390076167182347,0.94357801910672,0.2857142857142854,0.15795964960272132,0.8517056358731611,33.187021125108004,cuda
SVDB,250_SVDB_id_14_Medical_tr_50000_1st_107354,GADF,pvt_autoencoder_progressive_unfreeze,128,30,30,64,150,0.001,"[0.07902115299588158, 0.06707158329940978, 0.05443470729958443, 0.040577227515833716, 0.031169326621152106, 0.02389801178304922, 0.02039585368973868, 0.017223405341307323, 0.014985456840977782, 0.013470690608734176, 0.012544711696959678, 0.011305110972552072, 0.009990364845309938, 0.009359915075557572, 0.008910574662011294, 0.008370069299070608, 0.007940505209955432, 0.00749225275857108, 0.007036827438111816, 0.006596697982223261, 0.02601627189488638, 0.011430023681549798, 0.008380824544777473, 0.007021771854765359, 0.006431499340881904, 0.006133861085843472, 0.005890431126490945, 0.0056918035039589514, 0.005496834604335683, 0.00527124891855887, 0.0052144685094910005, 0.00508627426322727, 0.004889011028267089, 0.004778617937561302, 0.004610249794842232, 0.0045033645749624285, 0.0045042627801497774, 0.0044419900292441954, 0.004461485726226654, 0.004064024292996952, 0.0037631187587976456, 0.003642820531413669, 0.0035342349826047816, 0.0034509291207151754, 0.0033666680544792186, 0.0033015880755902756, 0.003225804439612797, 0.0030939002920474324, 0.002939751748705194, 0.002829466514023287, 0.002750840603506991, 0.0027129387904313348]","[0.071645587682724, 0.06153147046764692, 0.04638816292087237, 0.03738846195240816, 0.029321014260252316, 0.028525891713798046, 0.024284196086227894, 0.023691921184460323, 0.02109181849906842, 0.023417342454195023, 0.02002404195566972, 0.01979651302099228, 0.019284546685715515, 0.01814961526542902, 0.019239526552458603, 0.01844189828261733, 0.019290365744382143, 0.018024324905127287, 0.018693769971529644, 0.01750122259060542, 0.015908134169876575, 0.011399679041157166, 0.008931600333501896, 0.00812065500455598, 0.007999037470047673, 0.007719185280924042, 0.0076188700428853435, 0.007842754867548743, 0.007328048348426819, 0.007392390863969922, 0.007351337466388941, 0.007301529481386145, 0.007055817637592554, 0.007250527696063121, 0.00711733855617543, 0.007409811718389392, 0.0074069056039055186, 0.007306985945130388, 0.007274160627275705, 0.006999606654668848, 0.006969393230974674, 0.006926685106009245, 0.006950300031652053, 0.007029433269053698, 0.007020076736807823, 0.007088142214342952, 0.0070598671057571965, 0.007313023631771405, 0.007152565056458116, 0.007119182652483384, 0.007162813795730472, 0.007176708507662018]",0.0855543227356865,0.7010378502387784,0.08263964387867949,0.7065893270581928,0.1433098167847879,0.9494282493155097,0.37931034482758574,0.22855843399528428,0.7845574656471974,72.60539567889646,cuda
SVDB,250_SVDB_id_14_Medical_tr_50000_1st_107354,GADF,pvt_autoencoder_differential_lr,128,30,30,64,100,0.001,"[0.07876433396623247, 0.0668711866296473, 0.058259740471839905, 0.04090609871560619, 0.024745720926494824, 0.01703510411261093, 0.012926383343126093, 0.010490806241120611, 0.009108470242825292, 0.008502546764378036, 0.007991958719988665, 0.007235217906002488, 0.006659806329047396, 0.0065400320149603345, 0.006577047098073221, 0.00615484957095413, 0.005927479803739559, 0.005956075420337064, 0.006049320633922305, 0.005789424425789288, 0.0056070697582548575, 0.005458507952945573, 0.005423391836562327, 0.005289849869552113, 0.0052250705748086886, 0.00519496515127165, 0.005127160832108487, 0.0050975061465232145, 0.005033581916775022, 0.004894885378667996, 0.004903743930515789, 0.005064015054986591, 0.005064764326172215, 0.004819485580637341, 0.004624750576026383, 0.004550246743574029, 0.0044387872219972665, 0.004426138043137533, 0.004522062760467331, 0.0044515424274972504, 0.0043359421681435336, 0.004423270223750954, 0.004232258646793309, 0.00418999852124779, 0.004209211007470176, 0.004048294875593413, 0.004008030729545723, 0.0040021835759814295, 0.0037823546833048263, 0.0036145110304156938, 0.003491685725748539, 0.0034132864370587327, 0.003389376581513456, 0.0033166535154339812, 0.0032758484151036967, 0.003213317244358006, 0.0031741012686065267, 0.0030785678176298028, 0.002967561994280134]","[0.07258449867367744, 0.0597024696568648, 0.05325139810641607, 0.02887192213286956, 0.020560458302497864, 0.01555714818338553, 0.012061264055470625, 0.010268437210470438, 0.009342530431846777, 0.009387142956256866, 0.008055185821528235, 0.007621813487882416, 0.0074102972478916245, 0.007520525716245174, 0.007218171299124758, 0.006834354329233368, 0.007065928696344296, 0.006901254256566365, 0.006709826023628314, 0.006722393678501248, 0.006459787953644991, 0.006492352889229854, 0.0063531076690802974, 0.006371610953162114, 0.006497262356181939, 0.006175480627765258, 0.006260792026296258, 0.00630963818791012, 0.006278168642893434, 0.006119513185694814, 0.006215505534783006, 0.006305607734248042, 0.006195650435984135, 0.00596339488402009, 0.005902827096482118, 0.005870519361148278, 0.005822215074052413, 0.0058494949868569774, 0.0060209655202925205, 0.00579996492403249, 0.005946272673706214, 0.0057062677418192225, 0.005762781171749036, 0.005855895423640807, 0.005831520771607757, 0.005818613960097234, 0.00573957913244764, 0.005989147738243143, 0.005565606135254105, 0.005556086543947458, 0.005497729638591409, 0.005578489741310477, 0.005573205727462967, 0.005586886002371709, 0.005567710458611448, 0.005622145564605792, 0.005634292804946502, 0.00556530524045229, 0.005580406713609894]",0.0431983683393026,0.5967384104683477,0.0451804466448231,0.6085287143068648,0.09301282196240142,0.8698449002930455,0.16666666666666616,0.10471976401179942,0.7304954124589116,91.22442749189213,cuda
SVDB,250_SVDB_id_14_Medical_tr_50000_1st_107354,MTF,cnn_autoencoder,128,30,30,64,150,0.001,"[0.1163656757701011, 0.07793178373859042, 0.05272195701088224, 0.03648186616954349, 0.026785164716697875, 0.02104571701160499, 0.01758967614954426, 0.015337966249457427, 0.013772315966586271, 0.012610276673166524, 0.011766391584560984, 0.011140430168736549, 0.01062096358232555, 0.010177500324235075, 0.009842381014355592, 0.009608659715879531, 0.009375943092718012, 0.009135541727855093, 0.008918114627401033, 0.008724412925186612, 0.008565428445026987, 0.00842962037062361, 0.008302823374313968, 0.008169191290757485, 0.008057771206256888, 0.007951099048590376, 0.007836918413106884, 0.0077284955020461765, 0.007626821176104602, 0.007559105221714292, 0.007455803032609678, 0.007420891075439397, 0.007354283794051125, 0.007272607979497739, 0.007210651213037116, 0.007112663017497176, 0.007013373786494846, 0.006943908054381609, 0.006881622220611288, 0.006817358656830731, 0.006758763033541895, 0.006685185290518261, 0.006595990687076535, 0.006513048118601243, 0.006479223480536824, 0.00643173676161539, 0.006404682084740628, 0.0063081952698883555, 0.006248946390336468, 0.0061783271930402235, 0.0061020066385113056, 0.006028811602542798, 0.005988379119939748, 0.0059597875612477464, 0.005939320395035403, 0.005856385388012443, 0.005713358920599733, 0.005615001633053734, 0.005572575632305373, 0.005534046861742224, 0.0054956381430938134, 0.005498940879035564, 0.005446187442257291, 0.0053846136045952635, 0.0053630599619022435, 0.00534575738544975, 0.005326906862180857, 0.0053143018546203775, 0.005288510117679834, 0.005269458073945273, 0.005260888154485396, 0.005247560884093954]","[0.09862023716171582, 0.05851291989286741, 0.0429220919807752, 0.03388397333522638, 0.023902627329031628, 0.020207503189643223, 0.017221648556490738, 0.014742745707432428, 0.01322812664632996, 0.01257176153982679, 0.01220797390366594, 0.011532838611553112, 0.011199991218745708, 0.010491441003978252, 0.010438427639504274, 0.010261951635281244, 0.010105716995894909, 0.009834644695123037, 0.009639136958867311, 0.009512451943010092, 0.00942720410724481, 0.009467036773761114, 0.009267586749047041, 0.009210788023968538, 0.009158013854175806, 0.00910239868486921, 0.009011453793694576, 0.00893358342970411, 0.00891932270800074, 0.008854399900883436, 0.008796363603323698, 0.008860167892028889, 0.008805461383114258, 0.008752787640939156, 0.00873499425748984, 0.008689061893771092, 0.008684961901356777, 0.008710271678864956, 0.008656524121761322, 0.008589907549321651, 0.008596747182309628, 0.008600587025284767, 0.008567113274087509, 0.008537291704366604, 0.008534960138301054, 0.008568833737323681, 0.008513876236975193, 0.008513926373173794, 0.008477100171148777, 0.008446155736843744, 0.00848414267723759, 0.008600158772120873, 0.008564282363901535, 0.008485832096387943, 0.008583898656070232, 0.008492288179695606, 0.008339656051248312, 0.008389698807150126, 0.008430018865813812, 0.008427053845177094, 0.008424606795112291, 0.00843607448041439, 0.008445457089692354, 0.00842233607545495, 0.008412120708574852, 0.008427416440099478, 0.008472200172642866, 0.00846254484107097, 0.008448620326817036, 0.008455057007571062, 0.008498001688470444, 0.008516151768465837]",0.029235048045412413,0.436759253946186,0.030653776849652953,0.4515234193184943,0.06971626709484373,0.8105492038998386,0.0699476231601314,0.0846785104102858,0.7101219679518803,73.66126502794214,cuda
SVDB,250_SVDB_id_14_Medical_tr_50000_1st_107354,MTF,resnet18_autoencoder_frozen,128,30,30,64,100,0.001,"[0.11894675415186655, 0.05609434293139549, 0.03429189235681579, 0.02751140198892071, 0.024922442489436696, 0.023528515139505976, 0.02273801678702945, 0.021956660385642732, 0.02127440513244697, 0.02057088539004326, 0.0199364572763443, 0.019419393901314055, 0.018723167656433014, 0.017959639252651306, 0.01760429001989819, 0.017275754184949966, 0.01622823186750923, 0.015759939283487342]","[0.09380598987142245, 0.03859547091027101, 0.029224453804393608, 0.026093211645881336, 0.0244259936735034, 0.023910422809422016, 0.023286911038060982, 0.022962724789977074, 0.022927717305719852, 0.022870551484326523, 0.022997593817611534, 0.023385441241165, 0.022880425055821735, 0.023536743596196175, 0.0233051801721255, 0.02351797403146823, 0.02344619793196519, 0.02391449051598708]",0.03237885116812518,0.4762526986626118,0.03428810654129468,0.4556735049422281,0.07149216801196362,0.6403685872547497,0.07165148588956229,0.07079471303320836,0.7272016421687779,18.915810397127643,cuda
SVDB,250_SVDB_id_14_Medical_tr_50000_1st_107354,MTF,resnet18_autoencoder_progressive_unfreeze,128,30,30,64,150,0.001,"[0.12591074939285005, 0.06444010777132851, 0.042443446460224334, 0.03228408665884109, 0.027241883976828484, 0.024574536209305126, 0.022966882213950157, 0.02170257323554584, 0.020958596042224338, 0.020175602553146228, 0.019328135464872633, 0.01867026649415493, 0.018132699919598445, 0.017547771068555967, 0.01694088296166488, 0.016125741902561413, 0.01575544321288665, 0.015242733682195345, 0.01486914258982454, 0.013787526504269667, 0.015124793652267684, 0.014477234466799669, 0.012706697962823369, 0.011540731060362998, 0.010694988692800203, 0.010160051641010102, 0.009539899194524401, 0.00914103010048469, 0.008641212868193785, 0.008224219726842074, 0.007776142807588691, 0.007434182866875615, 0.007101721551624082, 0.006831396238080093, 0.006510820395002763, 0.006276520634336131, 0.006024772523059731, 0.005770896583618153, 0.005269135592416639, 0.004909599532506296, 0.00471985734821785, 0.0046022372275945685]","[0.1037178672850132, 0.048014059041937195, 0.03450769123931726, 0.02877034277965625, 0.025899808232982952, 0.02490937678764264, 0.02371822949498892, 0.02345282460252444, 0.023188031588991482, 0.02311297847578923, 0.023039940123756725, 0.02334649922947089, 0.02298559124271075, 0.02361898651967446, 0.02341949598242839, 0.02330301112184922, 0.023853283375501633, 0.023650621064007282, 0.02365028051038583, 0.02359588413188855, 0.022665845540662605, 0.02087276118497054, 0.02080392154554526, 0.020681718674798805, 0.020240752957761288, 0.02013395105799039, 0.020321369171142578, 0.02039965397367875, 0.020304627406100433, 0.02002523932605982, 0.02013957593590021, 0.019856518755356472, 0.020126553252339363, 0.020209400914609432, 0.02010357442001502, 0.020361258337895077, 0.020044631014267605, 0.02014946471899748, 0.019898492842912674, 0.019917544287939865, 0.02011531963944435, 0.020213074671725433]",0.04390339515178591,0.5933327248507889,0.046137526861259194,0.5693065642136806,0.08920467080740259,0.7987834381696274,0.09018030859509109,0.06803861532662284,0.7462854212988429,45.4568932261318,cuda
SVDB,250_SVDB_id_14_Medical_tr_50000_1st_107354,MTF,resnet18_autoencoder_differential_lr,128,30,30,64,100,0.001,"[0.1078878321817943, 0.05743751497495742, 0.03834981222947439, 0.03032067364880017, 0.026275081382620902, 0.023687021452046576, 0.021629680568973225, 0.01997894456698781, 0.018509297055147943, 0.017408067360520363, 0.016399021304789044, 0.01566658408514091, 0.015069178970796722, 0.014457245401683309, 0.013968408551244508, 0.013730166790386042, 0.01324829219707421, 0.012833709606812113, 0.012506721275193351, 0.012156598624728975, 0.01185583287761325, 0.011594963792179312, 0.011306903325021267, 0.011083771164218584, 0.010803624011930964, 0.01049130822398833, 0.01029080662521578, 0.010063481605833485, 0.009838087617286615, 0.009662303452690443, 0.00944801987636657, 0.0091700717097237, 0.00900376539322592]","[0.08998232707381248, 0.04369134704271952, 0.032465906192859016, 0.02791349993397792, 0.024773998496433098, 0.022850193704168003, 0.021690039274593193, 0.020318280905485153, 0.018993071901301544, 0.018435767851769924, 0.0178441380461057, 0.0170937975247701, 0.016713894593218964, 0.016489541468520958, 0.01614589523524046, 0.01603408282001813, 0.015871151195218165, 0.015456436978032192, 0.015454986753563086, 0.015349502520014843, 0.015174672783662876, 0.015089349045107761, 0.01501012546941638, 0.01522033242508769, 0.015110647305846214, 0.014993461780250072, 0.015240213212867578, 0.014932296549280485, 0.01511127936343352, 0.015156186806658903, 0.015104152883092562, 0.015053967169175545, 0.01502007277061542]",0.04634099747447146,0.5941862126286241,0.048722560966195705,0.5914485214585438,0.09600138899266195,0.7940463362068966,0.10145699440163795,0.08055597807000806,0.747201546169404,37.43209338816814,cuda
SVDB,250_SVDB_id_14_Medical_tr_50000_1st_107354,MTF,pvt_autoencoder_frozen,128,30,30,64,100,0.001,"[0.1276122477082979, 0.06556504060115133, 0.041367015845718835, 0.03184056441698756, 0.027249065626944815, 0.024535963577883586, 0.022785759752704984, 0.021426640450954437, 0.020452710578129404, 0.01956675760447979, 0.018761897370928808, 0.01815326591687543, 0.01766710320398921, 0.016980483241024472, 0.016469462109463557, 0.01594568287865037, 0.015374391073627132, 0.014632773097781908, 0.01374801133005392, 0.01316755460131736, 0.012636646672728517, 0.012011097211922919, 0.011419615176107203, 0.010891276323014782]","[0.10057982429862022, 0.04624876566231251, 0.03438638585309187, 0.029184885323047638, 0.02591277627895276, 0.02359956068297227, 0.022560423860947292, 0.021896889433264732, 0.02091021245966355, 0.02055551887800296, 0.020052831930418808, 0.02014631436516841, 0.019840456855793793, 0.019567598899205525, 0.01953880364696185, 0.019489520850280922, 0.019782777565220993, 0.01954451451698939, 0.019481800496578217, 0.019752318349977333, 0.019817139953374863, 0.01998782344162464, 0.020173657995959122, 0.020215770229697227]",0.03744528737172751,0.5354834404080504,0.03956989252644783,0.5302903965327751,0.07737672997287634,0.8424582634686885,0.07786093473161575,0.0729795297665921,0.7380223188739877,27.074055019998923,cuda
SVDB,250_SVDB_id_14_Medical_tr_50000_1st_107354,MTF,pvt_autoencoder_progressive_unfreeze,128,30,30,64,150,0.001,"[0.11339859948271797, 0.054454805240744635, 0.03375536691220034, 0.027317436500674204, 0.024713513308337758, 0.023241379342618444, 0.022153881334123156, 0.021110254650314648, 0.020283597388437817, 0.019570613368636088, 0.01891964248248509, 0.01813038544995444, 0.017350620102314723, 0.016697288091693605, 0.016010467672631853, 0.015456920179227987, 0.014865518370199771, 0.014164044344354244, 0.013473188016741048, 0.012935112097433634, 0.021147078080546288, 0.016262548221718697, 0.013806596753143129, 0.012540924141094797, 0.011542902283725284, 0.01081085293775513, 0.010156075514498212, 0.009722268341907434, 0.009149574719014623, 0.008591930071512857, 0.008170735578806628, 0.0077730245622141024, 0.007450345526671126, 0.00710778705598343, 0.006775388250216132, 0.00619254203601962, 0.0057052261683912505, 0.005396119917609862, 0.0051892646588385105]","[0.09242016077041626, 0.03908072474102179, 0.029071800721188385, 0.026116892384986084, 0.02423599859078725, 0.023541730518142383, 0.02217967404673497, 0.021264894555012386, 0.0207649872948726, 0.020310293572644394, 0.020104766823351383, 0.01973786111921072, 0.01957871609677871, 0.01906033946822087, 0.018914517325659592, 0.018821905987958115, 0.018983718007802963, 0.018817514802018803, 0.01927901866535346, 0.019372528418898582, 0.01880822516977787, 0.016167026634017628, 0.015275616509219011, 0.01454225741326809, 0.01453045941889286, 0.014043279768278202, 0.013936433009803295, 0.013750170823186636, 0.013595399602005879, 0.013658325343082348, 0.013803338011105856, 0.013907748895386854, 0.013623008194069067, 0.013785611062000195, 0.013989442183325687, 0.013798018917441368, 0.013823261639724175, 0.01402808353304863, 0.014070831394443909]",0.046439931291034534,0.6019338332309305,0.048325164582063394,0.6027533893616307,0.09325580860174869,0.8380722206425931,0.10052745888923349,0.08652082556860556,0.7455549019311764,52.02815264812671,cuda
SVDB,250_SVDB_id_14_Medical_tr_50000_1st_107354,MTF,pvt_autoencoder_differential_lr,128,30,30,64,100,0.001,"[0.10382770179283052, 0.04964765090317953, 0.033658343677719436, 0.02712346240878105, 0.02317730931653863, 0.020643314701460656, 0.018995361047841254, 0.017687958177356494, 0.016602537949525174, 0.015708914381407556, 0.015051399623709065, 0.01430124199638764, 0.013739731473227343, 0.01321901474148035, 0.012756936207768462, 0.012338368000373953, 0.011843705549836159, 0.011237575362126032, 0.010580118124683699, 0.00993980658018873, 0.00943633368504899, 0.008972928726247378, 0.008536560372227714, 0.008174992388203031, 0.0077778916761633895, 0.00750372563267038, 0.007233706059023028, 0.006894054711751994, 0.006616510938675631, 0.00636880909137073, 0.006204496847376937, 0.006018641050018016, 0.005837960966995784, 0.005350476840422267]","[0.0669903705517451, 0.033857171113292374, 0.029697538974384468, 0.024408235525091488, 0.021431105521818, 0.019963154569268227, 0.018867737303177517, 0.017481109127402306, 0.016854466249545414, 0.016115530704458553, 0.01542512932792306, 0.014975381549447775, 0.014516523263106743, 0.01407813016946117, 0.013880621641874313, 0.01359970091531674, 0.013353490891555945, 0.01284363508845369, 0.012370588878790537, 0.012104074160257975, 0.011793593255182108, 0.011598986263076464, 0.011432069819420576, 0.011262933102746805, 0.011392081466813883, 0.011436606912563244, 0.011178617676099142, 0.011450305425872406, 0.011255956254899502, 0.011339138727635145, 0.011358659248799086, 0.011475184932351112, 0.011355102683107058, 0.011200640971461931]",0.04151472550515132,0.5665879866314686,0.04358182011797337,0.5702050237797823,0.08355574311698677,0.8452824777745913,0.08534408136766924,0.06762492921571148,0.7295932304051371,53.83021677099168,cuda
SVDB,250_SVDB_id_14_Medical_tr_50000_1st_107354,RP,cnn_autoencoder,128,30,30,64,150,0.001,"[0.20033609157516843, 0.14074184887465976, 0.09988877567506972, 0.07292277365922928, 0.055261223089127315, 0.04314707875961349, 0.034666884158338816, 0.028968471856344314, 0.024984179153328852, 0.021891819845352854, 0.019567186012864113, 0.017906523353996732, 0.01654154665413357, 0.015454019863335859, 0.01453861944554817, 0.013812353124930746, 0.01314788010148775, 0.012532142700538748, 0.012078374358160155, 0.011708126979924384, 0.011192675325132552, 0.010836170498459112, 0.010439108214562847, 0.01012507307210139, 0.009818181661622865, 0.009532035417145207, 0.009298702391485373, 0.00907904508390597, 0.008864359397973334, 0.008740253724335205, 0.008486944738598097, 0.008325305789531697, 0.008177121458131643, 0.007968300221753972, 0.007820724443133389, 0.007654420876254638, 0.007513811013528279, 0.007362859190574714, 0.007228338891374213, 0.00709876340503494, 0.0069649166737993555, 0.006813157394173599, 0.006692792377656414, 0.006575425776342551, 0.00649312896920102, 0.006370105758486759, 0.0062485575409872195, 0.006164981096628166, 0.006064445445580142, 0.00595276824952591, 0.005855849079255547, 0.005740072312099593, 0.005625374326925902, 0.0055200208776763505, 0.005437756422907114, 0.005353647262035381, 0.005257294202844302, 0.0051571229650151165, 0.005046913156374579, 0.004930789028072641, 0.004826406571304514, 0.0046940163842269355, 0.004539007032733588, 0.004361728782809916, 0.004207737655157135, 0.004048756246144573, 0.0038893659089115403, 0.003688948872011332, 0.003483427987833108, 0.0032624223247347843, 0.00305981434039062, 0.0028758802717285497, 0.0027227792667136306, 0.002542209057580857, 0.0023878345465553658, 0.0022599465945469482, 0.0021317049450728866, 0.002013486094905862, 0.0019034463136146467, 0.001839459596556567, 0.001740978088318592, 0.0016614093356544064, 0.0016137020873083245, 0.0015396874985613284, 0.0014475836762271467, 0.0013901089162876208, 0.0013475241860197414, 0.0013244862368862545, 0.0012788172766921065, 0.001234343846417254, 0.001239625992076028, 0.0011844134257574166, 0.0011752752664809425, 0.001137191679195634, 0.0011345945753245836, 0.0011216443575297792, 0.0010610757107358602, 0.0010214047506451607, 0.000982575356915948, 0.0009543514100923424, 0.000938860860298432, 0.0009483528279122852, 0.0009164951209511076, 0.0009019517040412341, 0.000895750625724239, 0.0008809662041520434, 0.0008741688825899647, 0.0008898369685214545, 0.0008722517384393584, 0.0008550301316149888, 0.0008178033112060456, 0.0007816585518109301, 0.0007631153760788342, 0.0007661297096915188, 0.000760552057597254, 0.0007457248450789068, 0.0007279802257904695, 0.000752434411662675, 0.0007298825741080302, 0.0007275288697287795, 0.00070424011487159]","[0.1849631741642952, 0.12187578901648521, 0.08484162514408429, 0.0649352806309859, 0.050646244237820305, 0.038966466362277664, 0.031674749528368316, 0.027255228099723656, 0.02467569274206956, 0.021080481509367626, 0.018918077150980633, 0.017773153570791084, 0.01620777773981293, 0.015929762739688158, 0.014948515221476555, 0.013949583439777294, 0.013557001017034054, 0.013233562155316273, 0.012649993877857924, 0.012414039888729652, 0.011988449841737747, 0.011778650960574547, 0.011548039192954699, 0.011227136322607597, 0.01102827318633596, 0.010771965763221184, 0.010794009702901045, 0.010478913007924954, 0.010263017533967892, 0.010240132765223583, 0.010140470073868832, 0.010241504137714704, 0.009857790699849526, 0.009709940136720737, 0.00968640980621179, 0.00961085082963109, 0.009424250883360704, 0.009417525492608547, 0.009311895507077375, 0.009239256381988525, 0.009110687921444574, 0.009048303434004387, 0.008992402659108242, 0.008983563786993424, 0.008844696218147874, 0.008771616655091444, 0.008705654569591085, 0.008634259458631277, 0.008625825867056847, 0.008580298706268271, 0.008474860340356827, 0.008401611121371388, 0.00833068050754567, 0.008239302008102337, 0.008243420083696643, 0.008144478934506575, 0.008098685958733162, 0.00804823124781251, 0.00802385558684667, 0.007896215189248323, 0.007776056261112292, 0.00772346214701732, 0.007630138502766688, 0.007443981555600961, 0.007357706393425663, 0.007212177074203889, 0.007016606551284592, 0.006919138211136063, 0.006706637640794118, 0.006580588640645146, 0.006410262547433376, 0.0062608808899919195, 0.006112004475047191, 0.005943569199492534, 0.005822974955663085, 0.00580814853310585, 0.005669990321621299, 0.00561968299249808, 0.0055311185618241625, 0.005502948227028052, 0.005476203591873248, 0.005394241772592068, 0.005384809259946148, 0.005302512552589178, 0.005269507101426522, 0.005223346486066778, 0.0052400302374735475, 0.00516145183549573, 0.005197440080034236, 0.005084790522232652, 0.005182303527059655, 0.005067205832650264, 0.005057781740712623, 0.005062904674559832, 0.005124833978091677, 0.005035091657191515, 0.005015193019062281, 0.00504969588170449, 0.005017028112585346, 0.005044113068530957, 0.005000439860547583, 0.0049877200508490205, 0.005017783725634217, 0.0049646607755372925, 0.0050805283632750315, 0.0049010571868469315, 0.004930849264686306, 0.004875305962438385, 0.004954614055653413, 0.004916315355027716, 0.004883770753319065, 0.004905221246493359, 0.004843610222451389, 0.004904412509252627, 0.004886596696451306, 0.00486525318895777, 0.004818981513381004, 0.004865226917900145, 0.004980269159811239, 0.004817632337411244, 0.004838365518177549]",0.03825715001017711,0.5523434079561753,0.040929643361995074,0.5539406913720373,0.0798010025737257,0.6985427517996138,0.08268038825868311,0.07579670660621718,0.7366283077957504,115.55822364613414,cuda
SVDB,250_SVDB_id_14_Medical_tr_50000_1st_107354,RP,resnet18_autoencoder_frozen,128,30,30,64,100,0.001,"[0.16175633917252222, 0.08164554213484128, 0.0485770847825777, 0.03459024030183043, 0.02835923016426109, 0.025162263196848687, 0.023260670581034253, 0.021936697087117603, 0.020964855328202248, 0.02016086255510648, 0.01969837432815915, 0.01918129064142704, 0.018750769041833423, 0.018355050434668858, 0.017982620568502517, 0.01766644524676459, 0.017383361590050515, 0.017046854964324405, 0.016674726891020935, 0.016332886403515226, 0.016026773090873445, 0.015665432704346522, 0.015228858084550925, 0.014844503608487901, 0.014512323330910433, 0.013995870016515255, 0.013447454509635767, 0.012916177333820434, 0.012674137861246155, 0.011815375293649379, 0.01129646816601356]","[0.13242784639199576, 0.057428025950988136, 0.03820828162133694, 0.03004075028002262, 0.026014141427973907, 0.023792299752434094, 0.022699161743124325, 0.021457499203582604, 0.021096323306361835, 0.02058111596852541, 0.020321240959068138, 0.019842241890728474, 0.0195822191114227, 0.019619714468717575, 0.01941244180003802, 0.019360629841685295, 0.019067127257585526, 0.019056097604334354, 0.018991568746666115, 0.01900238109131654, 0.018915428469578426, 0.018879593970874946, 0.01886803253243367, 0.019173344286779564, 0.01897116129597028, 0.01901250798255205, 0.01907826742778222, 0.019338407243291538, 0.01922507956624031, 0.019218597561120987, 0.019239391821126144]",0.050018451865049704,0.5834392131977283,0.05200344370410251,0.5910651873619469,0.10467916297830265,0.8244274809160306,0.1336138874276693,0.09622176366509823,0.7725646125515083,31.362237157067284,cuda
SVDB,250_SVDB_id_14_Medical_tr_50000_1st_107354,RP,resnet18_autoencoder_progressive_unfreeze,128,30,30,64,150,0.001,"[0.17863639479591734, 0.09694449639036543, 0.04962709262257531, 0.03300592498410316, 0.02729606938858827, 0.02474890791234516, 0.023291053782616342, 0.022284856864384243, 0.021464847116952852, 0.020789296765412604, 0.020167909562587738, 0.019592038666208584, 0.0192312349875768, 0.018773732884299187, 0.018344105797864142, 0.018039393637861525, 0.01780374694083418, 0.017451293323011624, 0.017087018383400782, 0.016765230690084752, 0.017058638456676687, 0.01626081848960547, 0.015475600336988768, 0.014824452277805125, 0.01442786811717919, 0.013969209887796924, 0.013544597308195773, 0.013114036282613165, 0.012612309794695605, 0.012228425769578843, 0.011836989694053219, 0.0114323091914966, 0.010584842945848192, 0.009779326440322967, 0.009140230404833952, 0.008601043262474593]","[0.1555936112999916, 0.06850690767168999, 0.03856546804308891, 0.03036259114742279, 0.026178539109726746, 0.024194915158053238, 0.02299053656558196, 0.022016587977608044, 0.021683532123764355, 0.020762776024639606, 0.02028352953493595, 0.020135533375044663, 0.019877309600512188, 0.019487039806942146, 0.019365148308376472, 0.019321178396542866, 0.0192013094201684, 0.019070871795217197, 0.01886987282584111, 0.018800438692172367, 0.017788247515757877, 0.01711462779591481, 0.01661580118040244, 0.016634381686647732, 0.016543524184574682, 0.016283283786227305, 0.016313006325314443, 0.01639680905888478, 0.01634327167024215, 0.01637698896229267, 0.01674003324781855, 0.01673867677648862, 0.016509818223615486, 0.016527002056439716, 0.016777195657293003, 0.016945330426096916]",0.07079072787342136,0.5832233593832279,0.057917888032659626,0.5926057950420102,0.1097784576399494,0.94357801910672,0.29067245119305807,0.13481966866749517,0.7613944207598068,38.02983242506161,cuda
SVDB,250_SVDB_id_14_Medical_tr_50000_1st_107354,RP,resnet18_autoencoder_differential_lr,128,30,30,64,100,0.001,"[0.15581049273411432, 0.08133067793789364, 0.04937722604899179, 0.0346859446061509, 0.027679010072634333, 0.02394767983683518, 0.02158814464651403, 0.019971650271188645, 0.01883617602288723, 0.017939340766696704, 0.017286965446103187, 0.016771429440095312, 0.01630259571330888, 0.015967794161822115, 0.015642814559950716, 0.01528842215027128, 0.014964718903814043, 0.014748704885797841, 0.014527993675853525, 0.01422111876308918, 0.013918241929440271, 0.01365982142410108, 0.013405022477465016, 0.013180677113788468, 0.012877616011315868, 0.012605365099651473, 0.012288399173745088, 0.011986648353437582, 0.011339640422236352, 0.010765991218033292, 0.010425428638146036, 0.010068189884935106]","[0.13152968883514404, 0.05883029537896315, 0.0387640663733085, 0.029811196960508823, 0.02487562783062458, 0.022260927595198154, 0.02036701546361049, 0.019314486533403397, 0.0184881625076135, 0.017662107944488525, 0.017309869329134624, 0.01688661410783728, 0.016618249161789816, 0.016464554083844025, 0.01595587112630407, 0.01586386018122236, 0.015665017068386078, 0.015527843963354826, 0.015443775802850723, 0.015259493763248125, 0.015229118056595325, 0.0150053136361142, 0.015077271809180578, 0.01510496623814106, 0.015074802096933126, 0.015336806109795967, 0.015013952429095903, 0.015187229495495558, 0.014998356190820536, 0.014986974031974873, 0.015063568173597256, 0.015268060068289438]",0.052001835076993595,0.5658383596712004,0.04723605438045209,0.5753153974678994,0.08671826691179471,0.9412722977926203,0.24999999999999964,0.09439962718023594,0.6929453045509397,35.43187096901238,cuda
SVDB,250_SVDB_id_14_Medical_tr_50000_1st_107354,RP,pvt_autoencoder_frozen,128,30,30,64,100,0.001,"[0.16187467000314168, 0.08896587398790178, 0.054062117068540486, 0.0369389560960588, 0.028996654830518224, 0.024996774714617503, 0.02260244149892103, 0.021030866319224947, 0.019919515986527716, 0.019133103922719046, 0.018513220229319165, 0.01805956049689225, 0.017495083046101388, 0.01710575810145764, 0.016821071815987427, 0.01649234297552279, 0.01630868749426944, 0.016049881643127827, 0.015829488679411866, 0.015489914986704077, 0.015225003828250226, 0.014997135493017379, 0.014698756681311698, 0.01441696020109313, 0.014100783061058749, 0.01365632719049851, 0.01324153607267709, 0.012417792253905819, 0.011775512248277664, 0.01121491366731269, 0.010680018746781917]","[0.14124035835266113, 0.06807070598006248, 0.04276131155590216, 0.0319238385806481, 0.026584739175935585, 0.023581940680742264, 0.02183706934253375, 0.020614192200203735, 0.01982949363688628, 0.019080263872941334, 0.018719753871361416, 0.018087272842725117, 0.01784582870701949, 0.017558501412471134, 0.01736690414448579, 0.017165502533316612, 0.01708779375379284, 0.017303743089238804, 0.01700665770719449, 0.016991786193102598, 0.01682597678154707, 0.017034197536607582, 0.017165572227289278, 0.01700655308862527, 0.017359412585695583, 0.01730568738033374, 0.01747021373982231, 0.017611064327259857, 0.017594079487025738, 0.017886333788434666, 0.01795424645145734]",0.0604997609375808,0.5909592483169404,0.059145923896325496,0.5969917966156987,0.13297387623186593,0.9299106783616319,0.1994609164420481,0.11660189863405963,0.766160259731482,34.81402647285722,cuda
SVDB,250_SVDB_id_14_Medical_tr_50000_1st_107354,RP,pvt_autoencoder_progressive_unfreeze,128,30,30,64,150,0.001,"[0.15846974615539824, 0.08497565878289086, 0.051758840680122375, 0.03637549103725524, 0.029049072503334, 0.02514486014842987, 0.02277763711199874, 0.02123120781921205, 0.020039991342595646, 0.019300735245148342, 0.018603043275929633, 0.01810304323832194, 0.017642407545021603, 0.017296240753715948, 0.01701070638816981, 0.01664703893696978, 0.016309840515965505, 0.016044987720393, 0.015784433909824917, 0.015550466032610052, 0.019063873393904595, 0.017348820565357095, 0.016203742917804492, 0.0155946413675944, 0.015156760235272702, 0.014765255153179169, 0.0144658757462388, 0.014340257937354701, 0.014059248114270824, 0.013717191781671275, 0.013454479209723928, 0.013169415162077971, 0.012898694280357588, 0.0125325983833699, 0.012253878815543084, 0.011960369667836599, 0.01157390596788554, 0.011111982432859284, 0.010714400825755937, 0.010265347902618703, 0.009836915037816479]","[0.13256263732910156, 0.061933484549323715, 0.04055930736164252, 0.03120878680298726, 0.026382712957759697, 0.023475915814439457, 0.021863099187612534, 0.020861669753988583, 0.01985359750688076, 0.019654572941362858, 0.01867609191685915, 0.018545761083563168, 0.01800258985410134, 0.017712037699917953, 0.017769006080925465, 0.017395806188384693, 0.017172529362142086, 0.017222262918949127, 0.017406921833753586, 0.017140293183426063, 0.018110519895950954, 0.016640611458569765, 0.016152465405563515, 0.015554081338147322, 0.015258971601724625, 0.015116517432034016, 0.01500127992282311, 0.0149283263211449, 0.014906590183575949, 0.014947730582207441, 0.014858049030105272, 0.014967124443501234, 0.014937534462660551, 0.015008384982744852, 0.014838469525178274, 0.0152870564100643, 0.015094523318111897, 0.015394487418234348, 0.015571255392084518, 0.015362739097326994, 0.015608800575137138]",0.04908421556475508,0.5701304439520514,0.04791819400726747,0.5799998804859224,0.09165526545729695,0.9299106783616319,0.1860465116279065,0.08516770843933721,0.7029237433301495,54.17794772889465,cuda
SVDB,250_SVDB_id_14_Medical_tr_50000_1st_107354,RP,pvt_autoencoder_differential_lr,128,30,30,64,100,0.001,"[0.17595023874725615, 0.08617338928438369, 0.049989289471081326, 0.03559122074927602, 0.029101196144308363, 0.025761672694768225, 0.023833532507220905, 0.02261847514836561, 0.021614371488491695, 0.020339803770184517, 0.019236495895754723, 0.018471428680987584, 0.01780361966008232, 0.01734411796288831, 0.016979204889919077, 0.01655183710335266, 0.0162785735336088, 0.01603058268803926, 0.015680910797700995, 0.01547433990275576, 0.015324683859944344, 0.015084684826433659, 0.014860842332598708, 0.014702710012594858, 0.014545964254509835, 0.014271820717979045, 0.014038427511141413, 0.013829153563295091, 0.013643732604881128, 0.013416603872818606, 0.013200540184265091, 0.012864557272266774, 0.012816365719551132, 0.012592259439684096, 0.012248028823662372, 0.011900690827696096, 0.011505072093790486, 0.01118509830640895, 0.010401593654283456, 0.009807604276353405, 0.009361154621555692, 0.008938083912999857]","[0.15130365639925003, 0.05966766861577829, 0.03969500275949637, 0.031365674920380116, 0.026947174221277237, 0.02445210578540961, 0.02291690744459629, 0.021841974308093388, 0.021931137268741924, 0.01929682493209839, 0.01868071344991525, 0.01788609257588784, 0.017565612060328323, 0.01724131281177203, 0.016676679719239473, 0.016384830698370934, 0.01625020910675327, 0.0159394567211469, 0.015756492192546528, 0.015848868216077488, 0.015518100621799627, 0.015342457219958305, 0.015230142045766115, 0.015210463354984919, 0.015231042945136627, 0.014933354066063961, 0.014857997186481953, 0.01474649210770925, 0.014926756732165813, 0.014823207166045904, 0.014711184271921715, 0.014622098300606012, 0.014930438405523697, 0.014795711729675531, 0.014849560800939798, 0.01468725580101212, 0.014794963567207256, 0.014929349534213543, 0.014925555636485418, 0.014836837848027548, 0.015184175999214252, 0.015313826190928618]",0.05593491155480318,0.5659388254149774,0.048358413849454385,0.575441154404274,0.08721944513999261,0.94357801910672,0.2857142857142854,0.10769100325767328,0.6924732151039832,65.07073394907638,cuda
SVDB,250_SVDB_id_14_Medical_tr_50000_1st_107354,RWT,cnn_autoencoder,128,30,30,64,150,0.001,"[0.06934325148661931, 0.03149319032118434, 0.014271667803682032, 0.00747949184317674, 0.004369999304236401, 0.002832874533764663, 0.001972492972743653, 0.0014663710469557415, 0.0011365039861716685, 0.0009064454629662491, 0.0007744369462930731, 0.0006651111540295893, 0.0005481303336897067, 0.00047718456646959694, 0.0004356244892170209, 0.0003856221114152244, 0.0003524127407997314, 0.0003277472236991993, 0.00030528255211677226, 0.00029040874436586384, 0.00027831228189392104, 0.0002685771995900376, 0.00023680338719194488, 0.00022598333764887814, 0.00022070865157902952, 0.00020498306825867898, 0.00020336251362182555, 0.00018440607804915912, 0.00017673889981649284, 0.00017174191833917228, 0.0001674212606823338, 0.0001677250028088955, 0.0001524151517688075, 0.00015191516112757935, 0.00016465318220157532, 0.00014948673682132116, 0.00013139105812158612, 0.00012536236109943793, 0.00013557299514234598, 0.00013469396833984537, 0.00012344029909443287, 0.00012212903606095572, 0.00012189125118311495, 0.00011176261475719955]","[0.057934305320183434, 0.02031526528298855, 0.007843026891350746, 0.004829182599981626, 0.0034832328092306852, 0.0021468533280616007, 0.0018919444022079308, 0.0012638733605854213, 0.0009232425169708828, 0.0007506956850799421, 0.0006417485710699111, 0.0005506354452033216, 0.0004867829314510648, 0.0005433078088875239, 0.0003992887310838948, 0.000378190694997708, 0.00032625933332989615, 0.0003620850038714707, 0.0002734580702963285, 0.0002746212267084047, 0.00026671693922253326, 0.0003159561989984165, 0.00023475771498245498, 0.00020825423659213507, 0.0002082010469166562, 0.00019947773398598656, 0.00018141248195509738, 0.00018124138053584224, 0.0001718915494469305, 0.0001631959094083868, 0.00019662602426251397, 0.0001504061025722573, 0.00015472491941181943, 0.0001551577176239031, 0.0001744114221461738, 0.0001327057774081671, 0.0001230604927210758, 0.0001417597862503802, 0.00012764651061540158, 0.00016871007392182946, 0.0001310658966152308, 0.00013345211724905917, 0.00018083142883066708, 0.00011966150729373719]",0.3584227486354256,0.8557679027269126,0.2842555097471586,0.8442675448325637,0.45413176371566905,0.9466837963706439,0.625689876767218,0.353643208278057,0.8420710920607503,45.76389005896635,cuda
SVDB,250_SVDB_id_14_Medical_tr_50000_1st_107354,RWT,resnet18_autoencoder_frozen,128,30,30,64,100,0.001,"[0.04814974937055792, 0.01032043986820749, 0.0036408669825288512, 0.002066605508194438, 0.0015559328464968573, 0.001143605309715938, 0.0009606315371846515, 0.0008397384413651057, 0.0007253833547500628, 0.0006269667840873202, 0.0005486783172403063, 0.00048758048658436605, 0.0004707035772125458, 0.0004373122328182771, 0.00042380996109429923, 0.00036828493743780113, 0.0003303369878613878, 0.00032968808885752444, 0.00029912108965661553, 0.00030058320234751417, 0.0002828721155224013, 0.00026376255984706363, 0.00024193136986078962, 0.0002316949401228201, 0.00024390435941140388, 0.00020985209266655147, 0.00020319077399714539, 0.00020607554012843008, 0.00018942278291520087, 0.00018050261548653777, 0.00018174481824860864]","[0.02374400943517685, 0.00875699589960277, 0.005189136912425359, 0.00292918769021829, 0.00152595176283891, 0.0010171837153999757, 0.0009481238084845245, 0.0008080061331080893, 0.0006357061356538907, 0.0005820046062581241, 0.0005143941186058024, 0.0004648587297803412, 0.00046033460239414126, 0.00038240930492368835, 0.0003674783268555378, 0.00033872819525034476, 0.000311205488590834, 0.0002883737082205092, 0.0003170602649333887, 0.0003073215775657445, 0.000276281204908931, 0.000239199805946555, 0.00023541889580277106, 0.000223397864222837, 0.00022553788585355505, 0.00021760408708360046, 0.00023635462275706232, 0.00021052667822611207, 0.00019340190677515542, 0.00017720464044638598, 0.00019920793662701422]",0.38991876738545195,0.9011268084599325,0.329074830063057,0.8994751616902169,0.4546943130416073,0.94357801910672,0.5364431486880461,0.29283575662064293,0.8782476538526722,31.74826403800398,cuda
SVDB,250_SVDB_id_14_Medical_tr_50000_1st_107354,RWT,resnet18_autoencoder_progressive_unfreeze,128,30,30,64,150,0.001,"[0.050136406772903035, 0.011767265076438585, 0.004232449911623483, 0.0022995135070578683, 0.0015597966377667728, 0.0012004085971663396, 0.000997253707499199, 0.0008541211275206436, 0.0007357284027550902, 0.0006678259316166597, 0.0005830157994447897, 0.00050033717360791, 0.0004367530235045013, 0.0004157884243232686, 0.0003949626116082072, 0.0003408951978642671, 0.00034288153290704245, 0.00032053516700952534, 0.00030485676030539687, 0.0002883453652473344, 0.001048039550715614, 0.00041674152349254915, 0.0003053280802088834, 0.000288098886293093, 0.00026179613390316564, 0.00022218845316231074, 0.0001954467221540177, 0.0001724657188225094, 0.0001673837389153916, 0.0001577947058692752, 0.0001483981368004433, 0.00014824669467218752, 0.0001464783185621768, 0.00014926803089024144, 0.00013870298460547236, 0.00011369015105412386, 0.00013200702648776184]","[0.02669486403465271, 0.008369501059254011, 0.005605875824888547, 0.002994680117505292, 0.0015772802095549803, 0.0012572027820472915, 0.0008848964741143087, 0.0007425939935880402, 0.0006708833097945899, 0.0005602915965331098, 0.0005301611575608453, 0.0004885319746487463, 0.00046941951344100136, 0.00039454151313596714, 0.0003587388637242839, 0.00031025420321384445, 0.000322088135969049, 0.0002880319104103061, 0.00028633949599073577, 0.00030340476223500445, 0.0011688107236598928, 0.00035506131825968623, 0.00023723507183603942, 0.0002810772493830882, 0.00024076911843925095, 0.00020782191859325394, 0.00016241968235893486, 0.00023105523966175193, 0.0001316407578997314, 0.0001428169198334217, 0.00015135740007584295, 0.00012182873736795348, 0.00011428293267575403, 0.0002281405589504478, 0.00010535310381480183, 9.736400049102183e-05, 0.00012560566149962446]",0.4011867595891406,0.9028357215184467,0.33519605291488436,0.9010924527586156,0.4624202698136563,0.9512667419719218,0.5712707945054181,0.3187006386417106,0.8835392644521852,39.34584738803096,cuda
SVDB,250_SVDB_id_14_Medical_tr_50000_1st_107354,RWT,resnet18_autoencoder_differential_lr,128,30,30,64,100,0.001,"[0.050259645762188096, 0.011139549359324433, 0.0035818637393060185, 0.00192647277643638, 0.0012961812594550707, 0.0009586612522114246, 0.0007845609770378186, 0.0006874325003341905, 0.0005922617399067219, 0.0004968473873478139, 0.00048467895387494496, 0.00047925812846404456, 0.00044322277175351266, 0.0003980695743978556, 0.00039887835044369454, 0.0003342220193839499, 0.0002861554399021857, 0.0002607936968117775, 0.0002628303620786894, 0.00023089823246534382, 0.00021060773274040825, 0.0002214218568821837, 0.00021041807555039193, 0.00020977346312498586, 0.0002207422914493474, 0.00018845992079669877, 0.00017757861323410733]","[0.028206184195975464, 0.006237527045110862, 0.0025947965138281384, 0.0016147798160091043, 0.001109182892832905, 0.0007785503112245351, 0.0006741184527830532, 0.0005922483639248336, 0.0004731188528239727, 0.00045140455282914144, 0.0005299891005658234, 0.00037741604319307953, 0.0003539592047066738, 0.00034844478553471464, 0.00041980282791579765, 0.00026014640510159853, 0.0002406698355722862, 0.00021364851757728806, 0.00020666938992993286, 0.00019731346158854043, 0.00020086758013349026, 0.00019591312836079547, 0.00019733763717037314, 0.00020737619585512826, 0.00020590596492790306, 0.00016283697914332151, 0.00020528961128244796]",0.3974006222742081,0.8827879707654535,0.3307845649102652,0.8792002573817549,0.482539847477016,0.9489697359948487,0.5662046007850147,0.3055722855789702,0.8766073377834149,29.95318200485781,cuda
SVDB,250_SVDB_id_14_Medical_tr_50000_1st_107354,RWT,pvt_autoencoder_frozen,128,30,30,64,100,0.001,"[0.0581315839219661, 0.02107644360512495, 0.009041867684572935, 0.004472138426665749, 0.0026336622513121084, 0.001765553451453646, 0.0012446314462327532, 0.0009177196077958104, 0.0007349895368818016, 0.0006219950487970241, 0.0005423313414212316, 0.0004520690237681958, 0.00038165705960376987, 0.0003548686675328229, 0.0003294405441487297, 0.00031322673506413895, 0.00028830280089529143, 0.00027680095046803, 0.0002751032471202225, 0.0002517358495554488, 0.0002302815001236186, 0.00021016513277399574, 0.0001940080796235374, 0.0001909847314458429, 0.0001911262037797964, 0.00019565730984877084, 0.0001741472473700664, 0.00016161850778319473, 0.00015355878401481147]","[0.032070836052298546, 0.012508337230732044, 0.0061060981048891945, 0.003718267660588026, 0.0023338908019165197, 0.0017412025481462479, 0.0011728477159825463, 0.0008844496721091369, 0.000708691698188583, 0.0006019706876638035, 0.0005210917103492344, 0.0004677047933607052, 0.00038757706352043897, 0.0003537495892184476, 0.00034501877235015854, 0.0003323830120886366, 0.0003201173337098832, 0.00037206109360946965, 0.0002286557113014472, 0.00036271626595407724, 0.00021631576479800665, 0.00021950664571098363, 0.00021070486157744503, 0.00018943385172557706, 0.00022532533815441033, 0.00020163599159180498, 0.00017487308408211297, 0.0001449368016134637, 0.00013701745047001168]",0.4230602208090762,0.886896632185364,0.3509790277652924,0.8852183541113279,0.48744514522235954,0.9466837963706439,0.6096654275092932,0.33161936326343,0.8782822376470453,32.6548871640116,cuda
SVDB,250_SVDB_id_14_Medical_tr_50000_1st_107354,RWT,pvt_autoencoder_progressive_unfreeze,128,30,30,64,150,0.001,"[0.05848466365465096, 0.014700735608736673, 0.005113617384007999, 0.0026042460286546322, 0.0016742234085021274, 0.001278349181770214, 0.0010228278087673797, 0.0008220317429818568, 0.000707346704855029, 0.0006034881225787103, 0.0005361591285604629, 0.0005040597503206559, 0.00044148703732173, 0.0004061046901846393, 0.0003599840066661792, 0.0003518302775254207, 0.00033500910060302845, 0.00028899796251651076, 0.0002631614209219281, 0.00024143233063763807, 0.005913123180757144, 0.0013632619964136254, 0.0006591727946042305, 0.0004512324743527209, 0.0003363376260191823, 0.00032080270189215385, 0.00033473238069009747, 0.0003668877526208581]","[0.03012671321630478, 0.006573075816656153, 0.0035380152597402534, 0.002393373715070387, 0.0015420309888819854, 0.0013790606171824038, 0.0010423464797592412, 0.0008092358378538241, 0.0006660247939483573, 0.0006165588420117274, 0.0005211023380979896, 0.00045380428491625935, 0.0004263739295614262, 0.0003952668242466946, 0.0003484993746193747, 0.0003097874141531065, 0.0004433976913181444, 0.00028262251483586925, 0.00026369924065268907, 0.00023699403876283517, 0.0028859173568586507, 0.0008330823523768535, 0.00045016004393498105, 0.00038176919042598456, 0.00030273448889298987, 0.0005005217002083858, 0.00044405500617964816, 0.0002681295736692846]",0.42777253136363236,0.8707921707632458,0.3373752835540434,0.8633300024435303,0.5244217201881455,0.9444088433194489,0.6577777777777771,0.35091971009659595,0.8353961350821443,34.37729577696882,cuda
SVDB,250_SVDB_id_14_Medical_tr_50000_1st_107354,RWT,pvt_autoencoder_differential_lr,128,30,30,64,100,0.001,"[0.06226902002734797, 0.016143895730021455, 0.006095696617627428, 0.003192073477077342, 0.0017866063807603148, 0.0012198563864720719, 0.0008906469613845859, 0.0007376711915380188, 0.0006752727952386652, 0.0005731805687814596, 0.00048711581621319056, 0.0004740675254392305, 0.000424258355494766, 0.0004206468182105926, 0.0003885930900218054, 0.00033819391475325186, 0.0003521388003026091, 0.0002756082671805329, 0.0002807623289603119, 0.00025682606931132755, 0.00026874139647199106, 0.00020878063514828682, 0.0002008366732514419, 0.00021629282093185576, 0.000179804070891502, 0.00017683804894442714, 0.00017419518622946705, 0.0001685207472681733]","[0.04610225682457288, 0.008154617777715126, 0.004263460636138916, 0.002322488600232949, 0.0014463394569853942, 0.0009957067280386884, 0.0008017175908510884, 0.0007211675789828101, 0.0006484461434107894, 0.0005193987841873119, 0.00045170171263938147, 0.00047686416170715046, 0.000399614917114377, 0.00038193120174886036, 0.00038558120528856915, 0.00047482975545184064, 0.0002996576198105079, 0.00024279280235835662, 0.00025817338125004124, 0.00024179286265280098, 0.00024966018584867317, 0.0001964527133774633, 0.0002288584461590896, 0.00023371125522923344, 0.00018108401612456268, 0.00017733410641085356, 0.00015970253540823856, 0.000168425135295062]",0.3801049748640062,0.8656686844594503,0.3008697188925204,0.8531047621867844,0.462351401181852,0.9489697359948487,0.586903339591511,0.3189618726540918,0.8512748654431872,42.629142225021496,cuda
SVDB,250_SVDB_id_14_Medical_tr_50000_1st_107354,MWT,cnn_autoencoder,128,30,30,64,150,0.001,"[0.09456305915401095, 0.056932831271773295, 0.03510560787149838, 0.02096177770623139, 0.01281391168456702, 0.008360174617597036, 0.005832763566147713, 0.004304576942342378, 0.003341520116442726, 0.0027170904712485416, 0.002192015438118861, 0.0018432501958505739, 0.0015773857566749765, 0.0013957787360552522, 0.0012250653179805902, 0.0010937852507811926, 0.0010024178579139213, 0.0009026788895772327, 0.0008279443330441912, 0.0007714463420034874, 0.0007196973144475903, 0.0006930063412125621, 0.0006475392368710821, 0.0006174026694636614, 0.0005859353585124371, 0.0005650687907334595, 0.0005564500655358037, 0.0005260079328547276, 0.00048643545874039687, 0.0004665478024565216, 0.00046449777714553333, 0.0004470278522820168, 0.00044714361068881337, 0.0004136795579965803, 0.00041696884381096986, 0.0003836026922467032, 0.00036585594283505563, 0.0003584175456559197, 0.00034349304873363247, 0.0003379177277175976, 0.00033233235756467493, 0.00031682456583006396, 0.00030903046579277584, 0.0003093737953652938, 0.00030841760980408815, 0.00030388391488009976, 0.00031137996120378375, 0.0002909199628491132, 0.0002707952115174738, 0.0002731529239099473, 0.0002590077277827298, 0.00025204122842599946, 0.0002424875994966853, 0.0002452610711944068, 0.00024190522006912424, 0.00023176050273745897, 0.0002324319281060958, 0.00023047309479720535, 0.00022043026859007244, 0.0002179580721228073, 0.00021265773864884285, 0.00021061750608385496, 0.00020284654705652168, 0.00019804871338973974]","[0.09195716430743535, 0.05045057584842046, 0.028623665682971478, 0.014013289163510004, 0.009794174538304409, 0.006397936027497053, 0.004989763721823692, 0.0034089789260178804, 0.002772827671530346, 0.0023689462492863336, 0.0018957695768525202, 0.0016598038685818513, 0.0014821090347444017, 0.001336519024334848, 0.0011050122751233478, 0.0010549980700792123, 0.0009506260588144263, 0.0008326910222725322, 0.0007820392881209651, 0.0007724656510011604, 0.0006961538650405904, 0.0006355084187816828, 0.0006062158499844372, 0.000575767548677201, 0.0006161010339080045, 0.000536232017717945, 0.0005048006278229877, 0.000490624321779857, 0.00046804334366849315, 0.0004673965643936147, 0.0004441443064327662, 0.00043119205414162326, 0.000428444550683101, 0.00041259049127499264, 0.00038881302073908347, 0.0003674226997342582, 0.00034439939675697434, 0.0003458072120944659, 0.0003226031403755769, 0.00032369444185557467, 0.00031538006927197176, 0.000309039925923571, 0.00030971683736424893, 0.00034469266635521006, 0.00028428587393136695, 0.0003201457584509626, 0.0002933870515941332, 0.000293790779930229, 0.00025391177283988026, 0.00027617877882827696, 0.0002472617488820106, 0.0002527824035496451, 0.00023223618821551403, 0.0002436768336337991, 0.00023629004620791724, 0.00023170452914200723, 0.00022664640224926794, 0.00021713589618836218, 0.00021150328151027983, 0.00021053447805267447, 0.0002112268120981753, 0.000222510498133488, 0.00019544035603757948, 0.00019968318520113826]",0.3157605386429805,0.8771729630980836,0.28122582894875775,0.8774438328165575,0.4038038984439614,0.94357801910672,0.515723270440251,0.3312562381107994,0.9278598271988808,67.08992208307609,cuda
SVDB,250_SVDB_id_14_Medical_tr_50000_1st_107354,MWT,resnet18_autoencoder_frozen,128,30,30,64,100,0.001,"[0.07116980708780743, 0.033240230133136116, 0.019996143123578457, 0.01092685843330054, 0.00613943591625208, 0.0040662460627832585, 0.003041816420764441, 0.0023023962774979217, 0.001861677227896594, 0.0015616512391716242, 0.0013510287528680194, 0.0011750045232474804, 0.0010379229677796719, 0.0010041454003103787, 0.0009158384027181281, 0.0008900006844972571, 0.000789509456981683, 0.0007454039711904313, 0.000788524633251308, 0.0007083620099971691, 0.0006661655414583427, 0.0006483172709565787, 0.0005922239312591652, 0.0005708947456220077, 0.0005389231207248356, 0.0005461121950897255, 0.0004959398398308881, 0.0004835291904219914, 0.00046080142575582225, 0.00044526560148889463, 0.00043533387499684027, 0.00042416668397241404, 0.0004509575290804995, 0.0004775477725724202, 0.0003970694503680404, 0.00039658112689808364, 0.00043064565813568024, 0.0003635415230833349, 0.0003521689962196563, 0.0003401955556390541, 0.0003581207863698226, 0.0003568908612665144, 0.0003374576793118779, 0.0003242267412133515, 0.000332566619839608, 0.0003052177060107213, 0.0002996619025777493, 0.00029568314979163307]","[0.050001598273714386, 0.02777775066594283, 0.024894014621774357, 0.018399556633085012, 0.005281619805221756, 0.0036422490375116467, 0.0026018433272838593, 0.0019882558844983578, 0.0017214719361315172, 0.001398376829456538, 0.0013045513187535107, 0.0010975480060248326, 0.00099385294985647, 0.0009893277019727975, 0.0009085854204992453, 0.0008520037129831811, 0.0007929902349133044, 0.0007241946489860615, 0.0007763440371491015, 0.0007858129489856461, 0.0006867521733511239, 0.000619255161533753, 0.0006059927497214327, 0.0005954361986368895, 0.0006103186945741376, 0.0005829576645434523, 0.0005423154458791638, 0.0005156154123445352, 0.0005152939605371406, 0.0004745714347033451, 0.000472747395785215, 0.0005007437769866859, 0.0004940579092362896, 0.0005063113349024206, 0.0004666103098619108, 0.0004500731884036213, 0.0004306591193502148, 0.0004105677459544192, 0.0004044956488845249, 0.0004174144026668121, 0.00043724372517317533, 0.0004027454900400092, 0.00039563863053141784, 0.0003948776623777424, 0.00036694884571867686, 0.0003584887308534235, 0.0003598202990057568, 0.00034792773658409715]",0.3143958603631206,0.9072698389779336,0.29336738964693565,0.9091957137873026,0.41653585521160075,0.9506982485919296,0.5328142380422686,0.3200998061688917,0.8732751713848976,50.55344657995738,cuda
SVDB,250_SVDB_id_14_Medical_tr_50000_1st_107354,MWT,resnet18_autoencoder_progressive_unfreeze,128,30,30,64,150,0.001,"[0.07646548109395164, 0.03556244616352376, 0.02029860117250965, 0.01031615917703935, 0.005971792065316723, 0.0040724327388618675, 0.0027796846504012742, 0.0021506267256059105, 0.001743814397958063, 0.0014198130174052147, 0.0013156532797785033, 0.0011484396776982716, 0.0010204770896095959, 0.0009179774427875167, 0.0008653085651097907, 0.0008104668730603797, 0.0007830387940408574, 0.0007661519505615745, 0.0006862346670545993, 0.0005975397680664347, 0.0021386576173383566, 0.0010980217401603504, 0.0008421150657037894, 0.0006939454275804261, 0.000575436064363679, 0.0005170118210593327, 0.0004946381751714009, 0.0004493554976458351, 0.0004388401908467391, 0.00044027494732290506, 0.0003905874604935802, 0.0004038796275078009, 0.00037790258647874, 0.0003562361553555266, 0.00032681685323560875, 0.00035212591007751016, 0.00032401227092902573, 0.0002901999562579606, 0.00027192793052000484, 0.00025896425566835593, 0.00026206796506552825, 0.000281055879202627, 0.0002570613904113305, 0.00022981381819893917]","[0.05662082880735397, 0.030216860274473827, 0.02607056312263012, 0.01927924621850252, 0.005998543696478009, 0.0031369650193179646, 0.0022389059304259717, 0.002046351224028816, 0.0014860449397626023, 0.0013150391944994528, 0.0012234195213144023, 0.0011001960083376616, 0.0009519693073040495, 0.0008432699930078039, 0.0008182613334308068, 0.0007920089992694557, 0.0007657670939806849, 0.0007264936090602229, 0.0006511074995311598, 0.0006604575125190119, 0.0014083230053074658, 0.0007507215777877718, 0.0006674744945485145, 0.0005438965066180875, 0.0004727899261827891, 0.0004337830274986724, 0.0004114892120317866, 0.00039886335434857756, 0.0003858994605252519, 0.0003797838871832937, 0.00037039783395205933, 0.00035982853538977605, 0.0003390266259278481, 0.00031275517782584455, 0.00029797069388829794, 0.0003238074714317918, 0.0003005540299151714, 0.0002558845638607939, 0.0002558234167130043, 0.00026375184825155884, 0.0002800147728218387, 0.00027922015336419764, 0.0002504488632742626, 0.0002430292782567752]",0.3169358601255745,0.9049305709231898,0.29218992420970996,0.9060358300972621,0.4256221604287328,0.9468591242641723,0.5068759643120676,0.34103315922447924,0.8716791090418547,47.44719244190492,cuda
SVDB,250_SVDB_id_14_Medical_tr_50000_1st_107354,MWT,resnet18_autoencoder_differential_lr,128,30,30,64,100,0.001,"[0.076210298708507, 0.027749447152018547, 0.011991707874195916, 0.006498515982890413, 0.004356592294893095, 0.003141072057631044, 0.0023536833912311565, 0.0019378773147417675, 0.0015386411909102684, 0.001343560138983386, 0.0011565575121148001, 0.0010576786922423967, 0.0009541930575367241, 0.0009385062121076598, 0.0008454873902900588, 0.0007655190614362558, 0.0007821957253673602, 0.0007352317777639698, 0.0006746233113863994, 0.0006339852337814158, 0.0006312367983073706, 0.0005905775608317483, 0.0005677934386767447, 0.0005451454670124111, 0.0005211593608172345, 0.0005113974385451348, 0.0004968744469806552, 0.00047014484603312754, 0.00046986686703305515, 0.00048485010657237754, 0.00046413662355570564, 0.0004317830469171029, 0.00041104536475835456, 0.00038786788631807125, 0.0003680029920014065, 0.00036123365169346685, 0.0003839275519740546, 0.00033593827642367354, 0.00033257025920431174, 0.0003321941836648399, 0.0003164217549575759, 0.00032229868035453063, 0.0003270709934267437]","[0.0569288469851017, 0.01950788839409749, 0.00924516205365459, 0.004958671789305906, 0.0033278470703711114, 0.002490428858436644, 0.001877161965239793, 0.0014577602657179038, 0.0012511960230767727, 0.0011061874295895298, 0.0010388157097622752, 0.0008593919725778202, 0.0008365464357969662, 0.0008615116239525378, 0.0007148611669739088, 0.0006509609326409797, 0.0006780859354572991, 0.000595302776976799, 0.0005653965733169267, 0.0005457281028308595, 0.0005368526423505197, 0.000496117296279408, 0.0005347596355325853, 0.0004886396879252667, 0.0004654304502764717, 0.0004525999926651518, 0.0004066966551666458, 0.00041050185973290354, 0.00046501859712104004, 0.00042898004661158967, 0.000413334506447427, 0.0003938222022649522, 0.0003673103977538024, 0.00036661918663109344, 0.000371376852854155, 0.0003387212151816736, 0.0003526449678853775, 0.0003305101029885312, 0.0003180939917607854, 0.00031942729159103084, 0.00030326993388977524, 0.00035070836020167917, 0.00030940822762204334]",0.3242731044414708,0.9014034447604283,0.2912512322854041,0.8981498045923603,0.41127719626516346,0.94357801910672,0.5484989304418375,0.3646519388655665,0.8788789452258985,48.88492944394238,cuda
SVDB,250_SVDB_id_14_Medical_tr_50000_1st_107354,MWT,pvt_autoencoder_frozen,128,30,30,64,100,0.001,"[0.06584949649515606, 0.0303476672796976, 0.0174299662577964, 0.008148280970220054, 0.00460366382529693, 0.00296324056883653, 0.002195899402500973, 0.001762301062366792, 0.001441026483440683, 0.001245230375345619, 0.0011214447551451269, 0.0010193797393835016, 0.0009122551501994687, 0.0008257218897120939, 0.0007649827415921859, 0.0007803019973272015, 0.0007204622601247614, 0.000657382590274903, 0.0006318901737575375, 0.0005939159281773581, 0.0005859563936523738, 0.0005568701169630956, 0.0005419573391832056, 0.0005350457074763696, 0.0005413400344661481, 0.0004895769816357642, 0.0004441751571859987, 0.00042812938530308503, 0.0004150391309632964, 0.0004162457896329995, 0.00038973418607686955, 0.00041917960541988056, 0.00039367718134252795, 0.0003790708571960706, 0.0003515085956591758, 0.0003546729040819974, 0.0003288757926340969, 0.0003314763557032815, 0.0003633598153967233, 0.0003331834214761676, 0.00032174818555913155, 0.00032958245165424333, 0.0003249126589036591, 0.000316468172795361, 0.00028992060383427, 0.0003026289722627206]","[0.03248505728940169, 0.021535288232068222, 0.016789724429448444, 0.00808032276108861, 0.004772241925820708, 0.0029072846518829465, 0.002432537032291293, 0.0017575376744692524, 0.0013637494024199743, 0.0012568411184474826, 0.0010520807603218902, 0.0009474490264741083, 0.0008658101529969523, 0.0007833140747000774, 0.0007456268552535524, 0.0007242580177262425, 0.0006764201583185544, 0.0006566646722300599, 0.0006279444108561923, 0.000575544215583553, 0.0006017287329693014, 0.0005331275606295094, 0.0005473534013920774, 0.00048379675232960534, 0.0005556067480938509, 0.0004769326575721304, 0.0004597887843071173, 0.00042094639017401886, 0.0004212471249047667, 0.0004297152821285029, 0.0004050002802008142, 0.00040984712541103363, 0.000371756357102034, 0.0003794109895049284, 0.0003773347561946139, 0.0003418147049766655, 0.0003338952034634228, 0.00035252433735877275, 0.0004150176828261465, 0.000330234004650265, 0.00035613430857968825, 0.00032794614768742275, 0.0003525775925178702, 0.00031165749290569994, 0.0002986826123863769, 0.0003022548141113172]",0.3355851139478199,0.9149820779342761,0.33526915969587906,0.9208065984323057,0.439919246739658,0.9366944962308503,0.5880045642561683,0.4198481346889747,0.941017063092819,51.892443355871364,cuda
SVDB,250_SVDB_id_14_Medical_tr_50000_1st_107354,MWT,pvt_autoencoder_progressive_unfreeze,128,30,30,64,150,0.001,"[0.10032087245157786, 0.04419550264165515, 0.023982939709510123, 0.012145636381492728, 0.006415363046384993, 0.004018092527985573, 0.0028321195526846816, 0.0021213352835426726, 0.001748791480037783, 0.0014805325162818744, 0.0012779246483530318, 0.0011158730125143414, 0.0010613863955118827, 0.000937857368539664, 0.0008801005204163847, 0.0008024156614694567, 0.0007176851449046461, 0.0006794141899306505, 0.0006828107732525538, 0.0006466600101529842, 0.007279901210928247, 0.0017064891677970688, 0.0009896694349923304, 0.000812571700884118, 0.0006858342205218616, 0.0006193572161940946, 0.0006141903327911028, 0.0006042036915286666, 0.0005132656785592969, 0.00047218806659137566, 0.000450450910388359, 0.0004704780183688161, 0.0005523940282208579, 0.0006379623581389231, 0.0004883656746685682, 0.00041936933190473135, 0.0004061046846410526, 0.0003680621891925555, 0.0003150611093068229, 0.0003142305414214553, 0.0003499513674926545, 0.00037110391089559665, 0.0003342205350885966, 0.0002750946372370457, 0.000266232965042859, 0.0002903107122706604, 0.0002676713927593526, 0.00025539442555912374]","[0.04945589850346247, 0.026461088719467323, 0.025476988094548386, 0.011789150380839905, 0.006165595259517431, 0.004005372369041045, 0.002737292437814176, 0.0020307171313712993, 0.0016697861137799919, 0.0013577144709415734, 0.0011826543195638806, 0.001083350187400356, 0.0009257736091967672, 0.0009499412553850561, 0.0008240437406736115, 0.0007323818669343988, 0.0006934244593139738, 0.0007456408153908948, 0.0006538520586521676, 0.0006038030890825515, 0.0026507606962695718, 0.0011470191238913685, 0.000852461060276255, 0.0006874367342485735, 0.0006243767808579529, 0.0005275714599216977, 0.0005387274771540737, 0.0004990128266702717, 0.00045573127378399175, 0.00041417815858342993, 0.0004911642560424904, 0.00041523208589448285, 0.0005468404851853848, 0.0005521104952398067, 0.00038572731136810035, 0.0003728304582182318, 0.00036662351340055466, 0.00030580575548810884, 0.0003088116524547028, 0.00031043955095810816, 0.0003204637153733832, 0.0003236336827588578, 0.00028908227492744726, 0.0002717097425678124, 0.000277088038274087, 0.0003081469136911134, 0.0002425531177626302, 0.00023027478649358576]",0.32561658256107173,0.9006675225221086,0.2888302355804136,0.8987112599800766,0.4098248669149695,0.9466837963706439,0.5074626865671635,0.2905138419526195,0.8765633339609779,67.66140352701768,cuda
SVDB,250_SVDB_id_14_Medical_tr_50000_1st_107354,MWT,pvt_autoencoder_differential_lr,128,30,30,64,100,0.001,"[0.06684264700327601, 0.03317518088789213, 0.020175078883767128, 0.011403619400447323, 0.006663235103977578, 0.004300381422841123, 0.0032201154334914116, 0.0024604677067448697, 0.0019369982959081729, 0.0016624359081366233, 0.0014065556571863237, 0.001237981952726841, 0.001144164638216829, 0.0010302849446556398, 0.000899174156421352, 0.0007989498803259007, 0.0008183856123304438, 0.0008135208045132458, 0.000700923070932428, 0.0006613016122996452, 0.0006380036828063783, 0.0006389832512165109, 0.0006084378054809003, 0.0005590699840381387, 0.0006017806368791277, 0.0005725646541187805, 0.0005578410720253098, 0.0005676263494284026, 0.0004890334980917119, 0.00045926600328779647, 0.00042520699069081315, 0.0004246635293211078, 0.0003990431197009803, 0.0004464566092272954, 0.0005651964623081897, 0.0005254804869071536, 0.0004364941740364191, 0.0003588037521001839, 0.0003544624140929608, 0.0003406898855852584]","[0.03397464783241352, 0.023013358935713768, 0.01564582468320926, 0.009780849485347668, 0.005291641262980799, 0.003810593858361244, 0.002939515106845647, 0.0023246244333374, 0.0019242947649521132, 0.0015532802402352293, 0.0012428231808977823, 0.0011211779880492638, 0.0009837964704881113, 0.0009302929878079643, 0.0007931888297510644, 0.0007842576887924224, 0.0008021127432584763, 0.0006940767537647238, 0.0006429874483728781, 0.0006124264812873056, 0.0005925683944951743, 0.0005833744799019769, 0.000512458432543402, 0.0005486980808200315, 0.0005316069776502749, 0.0005298506875988096, 0.0005351359917161366, 0.0005199633887968957, 0.0004464850208023563, 0.00039975778296745074, 0.0003901202483878781, 0.00039853172105116147, 0.0003786298572473849, 0.0005656479867563272, 0.0005135957326274365, 0.0004457557661226019, 0.0003749732277356088, 0.000345827482912379, 0.00037745453785949695, 0.0003055902780033648]",0.3422618193892089,0.8910503538778287,0.2935336918659361,0.8910157850156049,0.3922270893651141,0.94357801910672,0.508474576271186,0.2830774103836368,0.8342898758405969,63.858629478141665,cuda
SVDB,250_SVDB_id_14_Medical_tr_50000_1st_107354,SPIRAL,cnn_autoencoder,128,30,30,64,150,0.001,"[0.05903603881597519, 0.03228126129224187, 0.020162685508174554, 0.013899220996314571, 0.009985968559270813, 0.007523506369796537, 0.0060247245155984445, 0.005005388276740199, 0.004214448022789189, 0.0035557858424172515, 0.003024754546848791, 0.0025977055885873382, 0.002257557696707192, 0.001994430070876011, 0.0017580347457191064, 0.0016168639329927309, 0.0014436790841587243, 0.0013359075999774394, 0.0012622123661761482, 0.0011782983451017312, 0.0011092295587461973, 0.0010327011418883644, 0.0010043176367790217, 0.0009353965676079193, 0.0008843108606968252, 0.0008618891394386689, 0.0008185302611396072, 0.0007797736048121893, 0.0007339303985992003, 0.0007482308539606276, 0.0007212408735150737, 0.0006640870262691308, 0.0006331391854300385, 0.0006287659025041475, 0.0006435347105642515, 0.0006368856300555524, 0.0006048776641754168, 0.0005801463738039491, 0.0005585469604868974, 0.0005219551371521361, 0.0005317660328555142, 0.0005169350035776872, 0.0004848940173230533, 0.0004715978866443038, 0.00047503651807173376, 0.0004824860578602446, 0.0004778572724067739, 0.0004535724625124463, 0.0004458089408996914, 0.00045743250077412954, 0.00043445329287178104, 0.0004284114679432518, 0.00040358297354985205, 0.0003973733608810497, 0.0003970723801536397, 0.00038116471426162334, 0.0003785612033901825, 0.000383405143760943, 0.00037207170195567113, 0.00037654866935640926, 0.00037183405947871506, 0.0003515077045276051, 0.00036362153921453723, 0.0003512105419455717, 0.0003360564476766047, 0.0003368638031783381]","[0.0477004578957955, 0.025462473432223003, 0.016900806377331417, 0.013355045734594265, 0.008847806214665374, 0.006652913289144635, 0.005310128830994169, 0.004570452884460489, 0.0037661050834382572, 0.0032530686197181544, 0.002721699847218891, 0.0023809259679789343, 0.002118016923001657, 0.0019532967902099094, 0.0016989637903558712, 0.0014856944132285814, 0.0013459960076337059, 0.0013201086549088359, 0.0011837658918617915, 0.0011755431963441272, 0.0010493466591772933, 0.0011249324888922274, 0.0009360555365371207, 0.0008734414877835661, 0.0008385885933724543, 0.0008430464270835122, 0.0007755277135098974, 0.0007290208983855943, 0.0006920660865337899, 0.0007197661519361039, 0.000676823042643567, 0.0006199737448090067, 0.0006604780501220375, 0.0005958157707937062, 0.0006099658494349569, 0.0005816034972667694, 0.0005690503943090638, 0.000556879827248243, 0.0005119410925544798, 0.000502517752465792, 0.000522293620936883, 0.0004750804024903725, 0.0004606551810866222, 0.0004479195437549303, 0.00045792217618630576, 0.0004433733120094985, 0.000432641405495815, 0.00042268065832710516, 0.00044447629382678616, 0.00042518471794513363, 0.0004096075378280754, 0.0004099430322336654, 0.00039314003273223835, 0.0003761667321668938, 0.0003841796181707953, 0.0003552835648103307, 0.00036886375649676967, 0.0003831660336193939, 0.00039668824077428627, 0.00033976954970664036, 0.000338280859674948, 0.0003357609869757046, 0.0003525922220433131, 0.00035748715163208544, 0.000332089708535932, 0.00033496422596120584]",0.13710356986469752,0.7670309657276999,0.11734885677371042,0.738181151862262,0.26889921080468976,0.920147323877439,0.3175898593505813,0.2557250570121409,0.7179781802139107,64.67214710405096,cuda
SVDB,250_SVDB_id_14_Medical_tr_50000_1st_107354,SPIRAL,resnet18_autoencoder_frozen,128,30,30,64,100,0.001,"[0.04823956594225906, 0.01666163941401811, 0.009788593720822107, 0.007954037770451535, 0.006980053792219786, 0.006117624851564567, 0.005296974697904218, 0.004794006014154071, 0.004312810998055197, 0.003936341132170388, 0.003324879577294702, 0.0025707193694653966, 0.00204879500060564, 0.0017243591580717336, 0.0015217996191322094, 0.0013568986074200698, 0.0012465779603059804, 0.0011013386177919095, 0.0010414272325024719, 0.0009510811041331007, 0.0009071936420652838, 0.0008797019254416227, 0.0008368248014622146, 0.0008446700937513794, 0.0008294239440666777, 0.0007669272156254877, 0.000717192037319321, 0.0006928353104740381, 0.0006776612246453407, 0.0006513606086151586, 0.0006343356549872883, 0.0006016122559750718, 0.0006263503815890068, 0.0005864260698823879, 0.0006050009701755785, 0.0006130143079818005, 0.0005566868737029532, 0.0005684562465397729, 0.0005629460848424406]","[0.038113401581843696, 0.011726700235158205, 0.008704767795279622, 0.007587531271080176, 0.006615643389523029, 0.005683798032502334, 0.004931822225141029, 0.004586433448518316, 0.004046899965032935, 0.0036319547022382417, 0.0028996282489970326, 0.0023223758519937596, 0.0017035141354426742, 0.0014847377315163612, 0.0014174851627709966, 0.001196141354739666, 0.0011139464816854645, 0.000996230422363927, 0.0009192765573970973, 0.0008494379095888386, 0.0008536143092593799, 0.0007881719793658704, 0.0008099618620083978, 0.0007175703067332506, 0.0007100879738572985, 0.0006770614321188381, 0.0006475722281417499, 0.0006349513520641873, 0.0006144432894264659, 0.0006255539386377981, 0.0005916539472915853, 0.0005570994059477622, 0.0005760068985788772, 0.0005977610902239879, 0.0005838932702317834, 0.0005393112805904821, 0.0005333426330859462, 0.0005366839128934467, 0.0005609537571823845]",0.26156094279607456,0.8698789759023696,0.2362046875939433,0.8681288642083858,0.37868583557276825,0.9491552825155606,0.5083409159842275,0.357526601106334,0.8424551681830849,39.99365101987496,cuda
SVDB,250_SVDB_id_14_Medical_tr_50000_1st_107354,SPIRAL,resnet18_autoencoder_progressive_unfreeze,128,30,30,64,150,0.001,"[0.05168794583351839, 0.01748856950906061, 0.010326390775541464, 0.00800807388233287, 0.006535446005208152, 0.005370742774435452, 0.00452294165179843, 0.00389619556344336, 0.003365712994266124, 0.0027690690698190814, 0.0022576143133587073, 0.0019036559720656701, 0.0015595421705040195, 0.0013339620061396133, 0.0012649457813018845, 0.001186814763405848, 0.0010479464905247802, 0.0010200232943697344, 0.000997970842512413, 0.0008871121986192607, 0.0020538319395633324, 0.001143804496331584, 0.0008694231371572684, 0.0007536934211938864, 0.0006735595885575527, 0.0006161944502742873, 0.0005819772500433915, 0.000542795381209414, 0.0005046270310967451, 0.000493750759189771, 0.00048709707057458304, 0.00046645881957374513, 0.00045733900818352896, 0.00043787173732804757, 0.0004223364992954192, 0.00044142381687249454, 0.00041031659237064774, 0.0003886189702565649, 0.00036239069248993126, 0.0003849882369173602, 0.0003575404670776888]","[0.04081649022797743, 0.012487121392041445, 0.009061496860037247, 0.007428131221483151, 0.006253578156853716, 0.004915380966849625, 0.004087812267243862, 0.003531498291219274, 0.0029771628711993494, 0.0024208123019586005, 0.0019587500331302485, 0.0015909019275568426, 0.001334456338857611, 0.0012238930794410408, 0.0011334352117652695, 0.001050210422060142, 0.0009812969850221027, 0.0009635727231701215, 0.0008994782498727242, 0.0008481416346815726, 0.0014924421751250823, 0.0009534046403132379, 0.0007645971588014314, 0.0006677614292129874, 0.0006546633570299795, 0.0005308470475332191, 0.0006057388673070818, 0.0005068223011524727, 0.000456757081944185, 0.00045961015469705063, 0.00042831673636101186, 0.0004162505501881242, 0.00042046914556218934, 0.0004030588606838137, 0.00040247027936857194, 0.00037840444322985906, 0.00040166943896717083, 0.00036853220080956817, 0.00034587530050581944, 0.00035344011848792434, 0.0003417563809004302]",0.24475637037477238,0.8625737014194482,0.207513486640736,0.833082177729592,0.3991808336584333,0.944574048749095,0.4797723837467764,0.3637240620658456,0.8607156559198925,44.45027518691495,cuda
SVDB,250_SVDB_id_14_Medical_tr_50000_1st_107354,SPIRAL,resnet18_autoencoder_differential_lr,128,30,30,64,100,0.001,"[0.04531485684925601, 0.016311637214606718, 0.009664638411431085, 0.007498853196877809, 0.006137078672292687, 0.004999061004214343, 0.0041070022354168555, 0.0033594628441191857, 0.0026455927928466173, 0.0020687400385560025, 0.0017999698507732578, 0.0016281906892323778, 0.0013514746401813767, 0.001197295590481233, 0.001032105605450592, 0.000961836676911584, 0.0008995105357219776, 0.0008856309328361281, 0.0009028921402724725, 0.0007600793282368354, 0.0007119530956039117, 0.0007599941427109851, 0.0007047508482909983, 0.0006669668475210312, 0.0006995439374198517, 0.000647312185416619, 0.0006193385828131189, 0.0005612322226321945, 0.0005482630332976225, 0.0005421393351363284, 0.0005059220143482976, 0.0004769528833484011, 0.0004732910754336488, 0.0004923376130006675, 0.000471464804528902, 0.000463002739707008, 0.0004414705867280385, 0.00046767342358916287, 0.00045468841701568595, 0.0004212577575041602, 0.0004100871349995335, 0.0003975635502553944, 0.00039438442382518026, 0.0003740222628472284, 0.0003633241368723767]","[0.036147495110829674, 0.012840622415145239, 0.008746972307562828, 0.007555419035876791, 0.005713276487464706, 0.004486146421792607, 0.0036980034007380405, 0.0029194934371237955, 0.002148812015851339, 0.0017537464930986364, 0.0016530932237704594, 0.0014504896632085245, 0.001200198622730871, 0.0010426102477746706, 0.0009011314735592654, 0.0008970238462400933, 0.0007940837143299481, 0.0008314678270835429, 0.0007682904639902214, 0.0006519669162419935, 0.0007019379603055617, 0.0006573357774565617, 0.0006639831262873486, 0.0006057593515530849, 0.0006945289884849141, 0.0005843049196604019, 0.0005862520532294487, 0.0005120721277004728, 0.0005453658183493341, 0.0004676009314910819, 0.0004548515814046065, 0.0005014129322565471, 0.0004562650671383987, 0.00048785118754797924, 0.0004112517247752597, 0.00046997366977545124, 0.00040198817441705614, 0.0004532241146080196, 0.00039543908496852964, 0.0003707197223169108, 0.00038605453543520224, 0.00035463147893703234, 0.0003583567498329406, 0.0003410399319060768, 0.0003480091254459694]",0.2397978463901208,0.8472454676273719,0.2077381935181345,0.8139417399786391,0.39402114809509964,0.920147323877439,0.5057653027607559,0.3654331645126089,0.7867390324939153,49.2902723250445,cuda
SVDB,250_SVDB_id_14_Medical_tr_50000_1st_107354,SPIRAL,pvt_autoencoder_frozen,128,30,30,64,100,0.001,"[0.04481950863486245, 0.014097163631092934, 0.008696423577410834, 0.00739137948091541, 0.006641610348153682, 0.006025821458370913, 0.0053553892787368525, 0.0046304273419082165, 0.004086503714677833, 0.003738351421253312, 0.003399498416997847, 0.0030389295757881235, 0.002542672290777167, 0.0019496158153439562, 0.0016024000942707062, 0.0013228164087714894, 0.001199981569135118, 0.00112209109301191, 0.0010660742853014242, 0.0009724719067370253, 0.0009476858069233241, 0.0008591209521650203, 0.0008381960852559478, 0.0008282541280745395, 0.000786098496367534, 0.0007724848553715717, 0.0007102641920071273, 0.000673986070545479, 0.0006443678312713192, 0.0006352591749635481, 0.0006345774884158302, 0.0005911374520066948, 0.0006408478671108328, 0.000622495767726962, 0.0005794439958186732, 0.0005396010528784245, 0.0005237461910361336, 0.0005273971030311216, 0.000514432234922424, 0.0005131309527704227, 0.0004825503648524838, 0.0005096852560416751, 0.0004955512787481504, 0.0004932457966441732, 0.000508311582962051, 0.0004819408474889185, 0.00046476072471012317]","[0.02870250555376212, 0.009679338041072091, 0.00784778781235218, 0.007100275096793969, 0.006556063347185652, 0.0062779684861501055, 0.00539676786866039, 0.004679798381403089, 0.004029801775080462, 0.003594269781994323, 0.003289500445437928, 0.0028458060696721077, 0.0023256649534838894, 0.001731983890446524, 0.0014826708162824314, 0.0012185068529409666, 0.0012384160848644872, 0.001110103262665992, 0.0010508099706688274, 0.0009860703042553116, 0.0008817199753442159, 0.000932927243411541, 0.0008941507354999582, 0.0007994292633763204, 0.0007999934120258937, 0.0007804071550102284, 0.000697999814292416, 0.0007032595361427715, 0.0006756993049445251, 0.0007210059557110071, 0.0006518240552395582, 0.0006617403317553302, 0.0006864972917052606, 0.0006217946065589786, 0.0005941881681792438, 0.0005887406829666967, 0.0005706255712235967, 0.0005659429734805599, 0.000576013529401583, 0.0005425618922648331, 0.0005477144053050628, 0.0005745402741013095, 0.0005478621800042068, 0.0005410122830653563, 0.0005580321449087933, 0.0005284144572215155, 0.0005369933399682244]",0.24401164994421268,0.869170320905903,0.21195838292611177,0.8483011124971664,0.37050779524408217,0.9377845220030349,0.43122384937238445,0.30789672958376224,0.8234580851149135,52.46304750512354,cuda
SVDB,250_SVDB_id_14_Medical_tr_50000_1st_107354,SPIRAL,pvt_autoencoder_progressive_unfreeze,128,30,30,64,150,0.001,"[0.04577782856566565, 0.015295880447540964, 0.009288846093806483, 0.007618813420690242, 0.006755620418559937, 0.006086656225046941, 0.0054161146593590575, 0.004716143322487672, 0.004103338368059624, 0.0035030621857870194, 0.00294024449595738, 0.002327565541712656, 0.0019655251055068915, 0.001694563997998124, 0.0014734393528973062, 0.0013519616830827935, 0.0013129675394988485, 0.0011837234543192955, 0.001144438028512966, 0.0010155512191843065, 0.005300332897431439, 0.002768020550276907, 0.0014175716621269072, 0.0010430608388213884, 0.0008574838284403086, 0.0008350386578101842, 0.0007853509242912489, 0.0007287237953971184, 0.0007787193143962039, 0.0006434892309785244, 0.0005687815968745521, 0.0005183320123857508, 0.0004873195652007347, 0.0005538339721083286, 0.0005486638858980898, 0.0004957982760277533, 0.00046403323704864653, 0.0004369127924465353, 0.00040946039786961464, 0.00038288382624852515, 0.00038350951702644426, 0.00037257438331531983, 0.0004056928030747388, 0.0003643882006318087, 0.00035906098561272736, 0.00034858836165984117, 0.00033838775042178374, 0.0003567983304882156]","[0.0318968053907156, 0.010836492603023848, 0.008218420126164952, 0.007050905609503388, 0.006643865645552675, 0.006724487369259198, 0.005424139206297696, 0.0045522842556238174, 0.003937782331680258, 0.0032353877710799375, 0.002713224462543925, 0.002170535755188515, 0.0018551490696457524, 0.0016692640104641516, 0.0013903809982972841, 0.0013879445032216609, 0.0012092731000545125, 0.0012319356513520081, 0.0010765136685222387, 0.001069244957761839, 0.003511186184672018, 0.0017360177007503808, 0.0010777937422972172, 0.000848406411629791, 0.0007646549202036113, 0.0007423213149498528, 0.0006877072106969232, 0.0007531675461602086, 0.0007141340659776082, 0.0006666005841301134, 0.0005187264129441852, 0.00047615472188529867, 0.00046067300233213854, 0.0005457844866517311, 0.00048913607315626, 0.0005332515914536392, 0.0005990303179714829, 0.00039664662229673314, 0.0003575237545495232, 0.000365853503656884, 0.0004485805839067325, 0.00046455291643117863, 0.00043428532565788675, 0.00034311411339634407, 0.0003488838895767306, 0.0003261894453316927, 0.00034600197250256315, 0.00042050075232206535]",0.24657502031528383,0.8517159354842447,0.20339643664770982,0.8186606477218792,0.3773452228667028,0.9244941343201323,0.5026197961322277,0.37102742741911066,0.8646003694209442,65.73533040517941,cuda
SVDB,250_SVDB_id_14_Medical_tr_50000_1st_107354,SPIRAL,pvt_autoencoder_differential_lr,128,30,30,64,100,0.001,"[0.04429937047617776, 0.01534360625027191, 0.009568057355604, 0.007597961418685459, 0.0065769825485490615, 0.005766644963018951, 0.0048738898310278144, 0.0038672088357132105, 0.0029680781520991808, 0.0023100556517463354, 0.001821825995908252, 0.0017213137665142615, 0.0014190191148026358, 0.0011551692067379399, 0.0010015791991636867, 0.0009416948665776068, 0.0009075232914515904, 0.0008294502123525101, 0.0007444882399535605, 0.0007143814249762467, 0.0006920607106405354, 0.0007195650777291684, 0.0007037730399696599, 0.0006776281682375286, 0.000640908882598437, 0.0006752301345668023, 0.0006443755008235929, 0.0005665221792047045, 0.0005932574235235474, 0.0005744696841464334, 0.0005206228677360784, 0.0005028920741530047, 0.0005094229570767354, 0.0004943906027446722, 0.0005311769921155203, 0.0005064369622795354, 0.000444001683111613, 0.0004299482915528296, 0.0004323619789266515, 0.0004187934904447978, 0.000402131306362294]","[0.03162766620516777, 0.01190240199988087, 0.00859039657128354, 0.007480296306312084, 0.007593897404149175, 0.006066375412046909, 0.0056591445269684, 0.0033990276666978994, 0.0025859841456015906, 0.0020076209135974445, 0.0017164226349753637, 0.0016990415945959587, 0.0012048322920842718, 0.0010436437927031268, 0.0009813193561664473, 0.0009858837681046377, 0.0008412084716837853, 0.0007470095976411054, 0.000699094768303136, 0.0006953210977371782, 0.0006967145988407234, 0.0007031897257547826, 0.0006900112978958836, 0.0006526748863204072, 0.0005951712082605809, 0.0007059445876317719, 0.0006759415846318007, 0.0005992299120407552, 0.0005336864463364085, 0.0005084727696763972, 0.000472122371623603, 0.0005008206402029222, 0.00045264923634628457, 0.0004732166902006914, 0.0005054648305910329, 0.00047025098562395823, 0.0004120281858680149, 0.0003897422138834372, 0.00043277482230526704, 0.00039319176964151364, 0.000389847385425431]",0.2800348489194785,0.8398711096141621,0.21739316151156005,0.7946937648700501,0.40539520749060404,0.9422999759248857,0.5123094263510702,0.36189272238561904,0.8651594241823585,63.5328331568744,cuda
SVDB,251_SVDB_id_15_Medical_tr_5421_1st_5521,RN,cnn_autoencoder,128,10,10,64,150,0.001,"[0.21184934675693512, 0.19491287214415415, 0.18229931167193822, 0.1709625188793455, 0.1608901172876358, 0.151981811438288, 0.1441260895558766, 0.13715254408972605, 0.1308852050985609, 0.12519535103014537, 0.11994735577276774, 0.11496209672519139, 0.11034285596438817, 0.10595089090721947, 0.10172407861266818, 0.09771310431616646, 0.09382405344929014, 0.09005367862326759, 0.08647208767277854, 0.08298843992607934, 0.07967958705765861, 0.07655556180647441, 0.07341743047748293, 0.07049447510923658, 0.06755980849266052, 0.06480456569365092, 0.06217970113669123, 0.05962272360920906, 0.05714775515454156, 0.05475571911249842, 0.05256648361682892, 0.050387847636427195, 0.04833117446729115, 0.04630097108227866, 0.04416594973632267, 0.04205723905137607, 0.04007628293974059, 0.03818043427807944, 0.03644602266805513, 0.0348224937915802, 0.03339302380170141, 0.03183352202177048, 0.03039450411285673, 0.029104750071253096, 0.027813333751899854, 0.02666905548955713, 0.02555538261575358, 0.02449710188167436, 0.023806451686791012, 0.02305155965898718, 0.022081706140722548, 0.02101814773465906, 0.020083481445908546, 0.019197467448455945, 0.01848223086978708, 0.017777208238840103, 0.017147697508335114, 0.016532423240797862, 0.0159407521464995, 0.015318070538341999, 0.014664145585681711, 0.014185916100229536, 0.013629337905773095, 0.01322868639337165, 0.012737580708095006, 0.012319234199821949, 0.011966464641903127, 0.011684061959385872, 0.011530192834990365, 0.01120436510869435, 0.010932379269174166, 0.010722616421324866, 0.010633770642536027, 0.010364960746041365, 0.009985366836190224, 0.009765304092850004, 0.009535077027976513, 0.009083215014210768, 0.008862088700490338, 0.008648781505014216, 0.008417060598731041, 0.008378658177597182, 0.008184856735169888, 0.007950218593967813, 0.007759211784494775, 0.007509700754391295, 0.007354049278157098, 0.007183490387563195, 0.007131873763033322, 0.007010062491255147, 0.006822679125304733, 0.006661322034363236, 0.006566831908587899, 0.00653458246961236, 0.006427228982959475, 0.0063560462024595055, 0.006231127839003291, 0.00605429382994771, 0.006008525911186423, 0.0059595332214874884, 0.005796986698572125, 0.00566496720005359, 0.005515420809388161, 0.005342718014227492, 0.005295707511582545, 0.005275665582822902, 0.005197641373212848, 0.005210873670876026, 0.005217031110078096, 0.005005084510360446, 0.004984857381454536, 0.005092886675681386, 0.004951944574713707, 0.004923933052590915, 0.0048156533656375745, 0.00483874770413552, 0.0047308663571519515, 0.004621564277580806, 0.0045581608345466, 0.00457977137661406, 0.0045998058547931054, 0.004775520081498793, 0.004676705958055598, 0.004642161208071879, 0.004314417318840112, 0.004030606942251325, 0.003826430566342814, 0.00370040163397789, 0.00359892362861761, 0.003548442818490522, 0.003469334383096014, 0.003430327766441873, 0.0033931840610291275, 0.003363705240190029, 0.003341271907889417, 0.0033153716940432787, 0.0033073813787528445, 0.0032796816833849463, 0.003281953910897885, 0.0032572870342327015, 0.0032285640481859446, 0.0031758863146283795, 0.003159031637811235, 0.0031342811084219386, 0.003134503129071423, 0.0031036759527134044, 0.0030841102291430745, 0.0030808523962540285, 0.0030646637148622957, 0.0030532757685120615]","[0.2062646821141243, 0.20176925510168076, 0.19370271265506744, 0.18208200484514236, 0.16811392456293106, 0.15508563071489334, 0.1444840282201767, 0.135881669819355, 0.12893320620059967, 0.12307387962937355, 0.11777520179748535, 0.11290881410241127, 0.10838868468999863, 0.10434598475694656, 0.1001017615199089, 0.0960114635527134, 0.09229463338851929, 0.08857432380318642, 0.08504876494407654, 0.08164680004119873, 0.07840471714735031, 0.07538045942783356, 0.07231520488858223, 0.0692923367023468, 0.06646965071558952, 0.06377727165818214, 0.06143084913492203, 0.058771902695298195, 0.05646057426929474, 0.054168567061424255, 0.05179787427186966, 0.04956163465976715, 0.04738725163042545, 0.04514807462692261, 0.04328431375324726, 0.04119986854493618, 0.03944635018706322, 0.03783905692398548, 0.0360585805028677, 0.03461335971951485, 0.03312060236930847, 0.03151918761432171, 0.0301589947193861, 0.028757039457559586, 0.027881057932972908, 0.026469746604561806, 0.0254800608381629, 0.024395287968218327, 0.023607381619513035, 0.022794867865741253, 0.02153976447880268, 0.020598516799509525, 0.019948669709265232, 0.01906767301261425, 0.018375499173998833, 0.01787624415010214, 0.017473218962550163, 0.016742137260735035, 0.015944812446832657, 0.015446925535798073, 0.014900816604495049, 0.014361129142343998, 0.013985692989081144, 0.01331371022388339, 0.01302333828061819, 0.01256062788888812, 0.012242037802934647, 0.01192707335576415, 0.01163605134934187, 0.011590301524847746, 0.011041419114917517, 0.010879307985305786, 0.010836736299097538, 0.010294163133949041, 0.010158817749470472, 0.010165216866880655, 0.009524628520011902, 0.009227713569998741, 0.00903736986219883, 0.008861965965479612, 0.008722358383238316, 0.008678058627992868, 0.008375761099159718, 0.008101162035018206, 0.007874699775129557, 0.0077162389643490314, 0.007519370876252651, 0.007597418501973152, 0.007344403536990285, 0.007134109269827604, 0.006967277964577079, 0.006757778115570545, 0.006782677955925465, 0.006724715232849121, 0.006524971919134259, 0.006589880911633372, 0.00638929707929492, 0.006284500705078244, 0.006274698069319129, 0.006180231226608157, 0.0059437998570501804, 0.005747789051383734, 0.005606123944744468, 0.005528777837753296, 0.005490312585607171, 0.005417101783677936, 0.00544181140139699, 0.0054937805980443954, 0.005318655399605632, 0.0052152350544929504, 0.0053091770969331264, 0.005126383388414979, 0.005175785860046744, 0.004977362230420113, 0.005009333370253444, 0.004878218751400709, 0.004721171921119094, 0.004641646519303322, 0.004680267069488764, 0.004802878247573972, 0.004914006683975458, 0.005083399824798107, 0.00481038074940443, 0.004714243812486529, 0.004257125081494451, 0.004052522825077176, 0.003942196839489043, 0.003807611530646682, 0.0037825985345989466, 0.0036974925315007567, 0.003641867428086698, 0.003599323332309723, 0.0035716163692995906, 0.0035449626157060266, 0.0035086271818727255, 0.003500916063785553, 0.0034547372488304973, 0.0034453655825927854, 0.003448271774686873, 0.0034131119027733803, 0.003370207268744707, 0.0033433401258662343, 0.003299739444628358, 0.003289867308922112, 0.003287140978500247, 0.003262403653934598, 0.003236440708860755, 0.003248248831368983, 0.003207343746908009, 0.0032391929998993874]",0.05624311663766489,0.48995337459076804,0.07464858742977158,0.5511493819599272,0.10782978959360182,0.3769955322842264,0.10757168289079948,0.2401396650525289,0.6696477518005277,80.86999864899553,cuda
SVDB,251_SVDB_id_15_Medical_tr_5421_1st_5521,RN,resnet18_autoencoder_frozen,128,10,10,64,100,0.001,"[0.19197666006428854, 0.17360855426107133, 0.16496531239577703, 0.15978347829410008, 0.1545391551085881, 0.14663103435720717, 0.1364085908446993, 0.12532309336321695, 0.11407350855214256, 0.1037380365388734, 0.09453414380550385, 0.0861333693776812, 0.07802392329488482, 0.07082330648388181, 0.06419131319437708, 0.057832498635564535, 0.05215306792940412, 0.046665352902242115, 0.04197649444852557, 0.03784054783838136, 0.03379616513848305, 0.030474260449409485, 0.027675483907972063, 0.024839519123945917, 0.022196776366659572, 0.020141005516052246, 0.01808845012315682, 0.016286455493952547, 0.015034785893346583, 0.01382139724280153, 0.01256627163716725, 0.011742862340595041, 0.011003818895135607, 0.010332465837044376, 0.00935773950602327, 0.008709937467106752, 0.008156792127660342, 0.00796820003805416, 0.007604136929980346, 0.00726861207346831, 0.006970358081161976, 0.006428261420556477, 0.006114664554063763, 0.0060295833141676015, 0.005768474923180682, 0.005337765706436974, 0.005021210028124707, 0.004953952506184578, 0.004813061095774174, 0.004719903759126153, 0.00475705840757915, 0.004693404571818454, 0.0045298416433589795, 0.004399498591997794, 0.004266886373183557, 0.004175947180816105, 0.004081748425960541, 0.003952577876459275, 0.003767288855410048, 0.0037147511528538807, 0.0037572037295571397, 0.003677407279610634, 0.0036236808768340518, 0.0034828523972204755, 0.003506852945845042, 0.003325626819527575, 0.0032204533594527413, 0.003167834665094103, 0.0031545893621764015, 0.003087477891572884, 0.003231706895998546, 0.0031554364998425755, 0.0030578208555068287, 0.003023606725037098, 0.0030192730150052477, 0.0029038784227200915, 0.00289319791564984, 0.002915277744510344, 0.0027445372460143907, 0.00260977097786963, 0.0026145098797444788, 0.0027408195726041284, 0.002634715421923569, 0.0025002805715692894, 0.0025906088495893137, 0.0025428892113268375, 0.002407736411052091, 0.002444341645709106, 0.002472217893227935, 0.002445164369419217, 0.002465988908495222, 0.002424282021820545, 0.0023247830769313233, 0.002324256380753858, 0.002393785531499556, 0.0024114771014345543, 0.002352600185466664, 0.002291438336084996, 0.0022307969962379764, 0.002135627869782703]","[0.19024599343538284, 0.18224380910396576, 0.17053475975990295, 0.16354582458734512, 0.16101469099521637, 0.15991633385419846, 0.1570357084274292, 0.1485280618071556, 0.13150488585233688, 0.11116081848740578, 0.0960700511932373, 0.08508267626166344, 0.07664073258638382, 0.06958314031362534, 0.06289439089596272, 0.05714951828122139, 0.05161358788609505, 0.046370066702365875, 0.041844457387924194, 0.03739817813038826, 0.033782241865992546, 0.03084664884954691, 0.027401230297982693, 0.0245351018384099, 0.022119694389402866, 0.020077768713235855, 0.017977816052734852, 0.016435821540653706, 0.01487469719722867, 0.013731515035033226, 0.01272589573636651, 0.011806017253547907, 0.0109910499304533, 0.01012394204735756, 0.009327101521193981, 0.008540058974176645, 0.008096361067146063, 0.008009467972442508, 0.007632900029420853, 0.00714218127541244, 0.0068160968367010355, 0.006320795742794871, 0.006115969968959689, 0.005862994352355599, 0.0056986643467098475, 0.0052778273820877075, 0.005017351126298308, 0.004987937165424228, 0.004856410901993513, 0.004851683974266052, 0.004978311713784933, 0.004662385676056147, 0.0045082145370543, 0.004366298671811819, 0.004246756434440613, 0.004072501207701862, 0.003988165408372879, 0.0038482407107949257, 0.0037069517420604825, 0.003841807832941413, 0.003870515851303935, 0.0037886586505919695, 0.003694607876241207, 0.0034918038873001933, 0.0035603352589532733, 0.003336690366268158, 0.0031803944148123264, 0.0031805180478841066, 0.003112662467174232, 0.0031279296381399035, 0.0032252847449854016, 0.0031593056628480554, 0.0030639609321951866, 0.0031063390197232366, 0.0030125353951007128, 0.0028582989471033216, 0.0029209379572421312, 0.002951674396172166, 0.002717843046411872, 0.0026303172344341874, 0.00261360639706254, 0.002805640222504735, 0.002635081415064633, 0.0024998903973028064, 0.0025279897963628173, 0.0025262617273256183, 0.0024233951698988676, 0.0025345718022435904, 0.002442597411572933, 0.00247327983379364, 0.00247192126698792, 0.0024682021467015147, 0.002338491380214691, 0.002342711784876883, 0.002446346334181726, 0.0024769557639956474, 0.0023830417776480317, 0.00223133631516248, 0.002160600619390607, 0.002207081881351769]",0.05893737551221692,0.5067604983347724,0.07813225365977693,0.5671664567198009,0.10800612871194351,0.3787279325493192,0.11650613247910112,0.11167715018503267,0.6701159037598007,64.38547443482094,cuda
SVDB,251_SVDB_id_15_Medical_tr_5421_1st_5521,RN,resnet18_autoencoder_progressive_unfreeze,128,10,10,64,150,0.001,"[0.2023941831929343, 0.18655633287770407, 0.1796501066003527, 0.17355439279760634, 0.1686004442828042, 0.16498373874596187, 0.16209409492356436, 0.1600327342748642, 0.15820163914135524, 0.1565578750201634, 0.15460556319781713, 0.1523809049810682, 0.1491276557956423, 0.1445138944046838, 0.13804313966206141, 0.1306406089237758, 0.12240490849528994, 0.11268216371536255, 0.10319563640015465, 0.09412815741130284, 0.09653381258249283, 0.08374144456216268, 0.07538824954203197, 0.06734245696238109, 0.060680167483431954, 0.05410543988857951, 0.04844286452446665, 0.043047863990068436, 0.03822525431002889, 0.03391812901411738, 0.03003250009247235, 0.026803644906197275, 0.024019285504307066, 0.021394447024379457, 0.018858086317777634, 0.01693140316222395, 0.015327604753630502, 0.01427142002752849, 0.012886562650757176, 0.011915935602571284, 0.010943210417670863, 0.009993583895266056, 0.009326775691338949, 0.008873192593455315, 0.008493862647031034, 0.008329181000590324, 0.007857695487993104, 0.007425638847053051, 0.006956642560128655, 0.006500564781682832, 0.006382006020950419, 0.006180031424654382, 0.006049829668232373, 0.006015064926551921, 0.005735380375491721, 0.005621301209820169, 0.005523314965622765, 0.00522659659119589, 0.004977859556674957, 0.004887989123484918, 0.004671066999435425, 0.004497552024466651, 0.004522376760308232, 0.004437977248536689, 0.00431331227134381, 0.004430368077009916, 0.004167999606579542, 0.004016460185604436, 0.00374776274631066, 0.003810673187087689, 0.0038622822279908826, 0.0037789135240018368, 0.0037273411372942583, 0.003729177638888359, 0.00360016874037683, 0.0035470327295895132, 0.003519506493051137, 0.0033963597047009637, 0.003376977119062628, 0.0033324286674282382, 0.0034379277245274614, 0.0034030799620917867, 0.0033212966019553797, 0.003420901019126177, 0.003413786645978689, 0.0034136427233793904, 0.0028824300305651768, 0.0025688313346888337, 0.002472879830747843, 0.002434783349079745, 0.002349885180592537, 0.0022928337566554546, 0.002223916617887361, 0.002263939706608653, 0.0022226468260799137, 0.002198609024552362, 0.002176628847207342, 0.0022720766719430685, 0.0022247873047100647, 0.002224658549364124, 0.0021656061456139597, 0.002237095431025539]","[0.19027285277843475, 0.18697313219308853, 0.18292418867349625, 0.17661286145448685, 0.16855120658874512, 0.16448721289634705, 0.16214241087436676, 0.16056711226701736, 0.15928900241851807, 0.1581280529499054, 0.15691830962896347, 0.15531858801841736, 0.15300405770540237, 0.14938250929117203, 0.14367078244686127, 0.1357155591249466, 0.12600263580679893, 0.11601173132658005, 0.1050892286002636, 0.09565001726150513, 0.09547439217567444, 0.08572612702846527, 0.07708675041794777, 0.06987244635820389, 0.06274466402828693, 0.05642424896359444, 0.05014851316809654, 0.04535524360835552, 0.040126970037817955, 0.03553824871778488, 0.031458960846066475, 0.028050700202584267, 0.025183644145727158, 0.022214421071112156, 0.019789351150393486, 0.017599202692508698, 0.016315019689500332, 0.015041040256619453, 0.0137387840077281, 0.012613710016012192, 0.011629567015916109, 0.010526760946959257, 0.009919354226440191, 0.009323259349912405, 0.009067336097359657, 0.008661691565066576, 0.008164494065567851, 0.00768361845985055, 0.00732663762755692, 0.0069123373832553625, 0.006706134416162968, 0.0063528032042086124, 0.006205792305991054, 0.006251772865653038, 0.005861995043233037, 0.005828206893056631, 0.005584117257967591, 0.005335144931450486, 0.005085903685539961, 0.005065807141363621, 0.004769590683281422, 0.0045892896596342325, 0.004622230306267738, 0.004774846136569977, 0.00453371275216341, 0.0043985622469335794, 0.004271729150786996, 0.004032670054584742, 0.004035337595269084, 0.004087923211045563, 0.004012456280179322, 0.003958950866945088, 0.0038893138989806175, 0.0038303971523419023, 0.0037018796429038048, 0.003601640462875366, 0.003472463460639119, 0.0035555040230974555, 0.0034203947288915515, 0.003363623865880072, 0.0035285864723846316, 0.003408910590223968, 0.003428270574659109, 0.0035182974534109235, 0.0034570425050333142, 0.0034338508266955614, 0.002777722547762096, 0.002590318094007671, 0.00251255976036191, 0.0024771662428975105, 0.0024012847570702434, 0.0023303632624447346, 0.0023136644158512354, 0.0022962980438023806, 0.0022861332399770617, 0.002275358303450048, 0.0022923563374206424, 0.0022709829499945045, 0.002311060903593898, 0.0022882255725562572, 0.002242169575765729, 0.0022405077470466495]",0.05555266855408934,0.494471137909764,0.07474340225258337,0.5582075460161213,0.10793786771686369,0.35181851806189124,0.10862181027586362,0.104686531981609,0.669701338753667,69.6277446479071,cuda
SVDB,251_SVDB_id_15_Medical_tr_5421_1st_5521,RN,resnet18_autoencoder_differential_lr,128,10,10,64,100,0.001,"[0.1816791764327458, 0.16556407724108016, 0.1587159697498594, 0.15261944702693395, 0.14422896078654698, 0.13373332577092306, 0.1227232813835144, 0.11200620234012604, 0.10186545444386345, 0.09250939318111964, 0.08428292189325605, 0.07610603847673961, 0.06851516238280705, 0.061600866594484875, 0.055166173194135935, 0.049428076084171026, 0.044164951890707016, 0.03953238257340023, 0.03495445953948157, 0.03107326105237007, 0.027667449521166936, 0.024504579337579862, 0.02193122756268297, 0.019826487505010197, 0.017518794696245874, 0.015934281450297152, 0.01475292697016682, 0.013425077311694622, 0.012272479411746775, 0.011239640946899141, 0.010467121643679482, 0.009972088837197848, 0.009177455944674355, 0.008567026683262416, 0.007969372772744723, 0.007522395545882838, 0.007324574648269585, 0.00670981639996171, 0.006420932776693787, 0.006043398952377694, 0.005693073517509869, 0.00554741413465568, 0.005387735420039722, 0.00531533220782876, 0.005269976332783699, 0.005009682383388281, 0.004736620932817459, 0.004608628073973315, 0.004459007643163204, 0.004315567868096488, 0.004191494679876736, 0.004038053099066019, 0.003987960184791258, 0.003921365498432091, 0.003807093282895429, 0.003711272164114884, 0.0036775283848068546, 0.003654700836965016, 0.003606318196813975, 0.0035677148760961635, 0.003318910420473133, 0.0032191499402480467, 0.0034125574997493197, 0.003355057045285191, 0.003277211017640574, 0.0033464391848870684, 0.003134801218818341, 0.003063918889633247, 0.0028483838042510407, 0.0028060689635042635, 0.0028393069348697153, 0.0028372452527816805, 0.0026949229650199413, 0.002784410591370293, 0.002852645968752248, 0.002871857856267265, 0.002739576356751578, 0.0026398842954742058, 0.002726972402472581, 0.0027372959801661117, 0.002766205895958202, 0.0026401899023247616, 0.0025498418337000267, 0.0024824487045407295, 0.002467166166752577, 0.002450882058058466, 0.0024461682686316116, 0.0025152048827814205, 0.002550567467031734, 0.002453489428652184, 0.0023412426401461872, 0.002161910424807242, 0.002129573641078813, 0.002146549822230424, 0.002130512846633792, 0.002187579038685986, 0.00223897783351796, 0.002258697458143745, 0.0022996787780097555, 0.0021957239867853267]","[0.1852530986070633, 0.17477411031723022, 0.16533713042736053, 0.16138459742069244, 0.16007361561059952, 0.15743131190538406, 0.14547155797481537, 0.11991120874881744, 0.10178637877106667, 0.09059939533472061, 0.08155849575996399, 0.07381336018443108, 0.06624298542737961, 0.05997113883495331, 0.05376364104449749, 0.04851215519011021, 0.04355340078473091, 0.039180297404527664, 0.03472697176039219, 0.03094683401286602, 0.027560158632695675, 0.024617045186460018, 0.02196457888931036, 0.019975410774350166, 0.017625944688916206, 0.016114920377731323, 0.014918882865458727, 0.013435149565339088, 0.012349043507128954, 0.011658892035484314, 0.010902776848524809, 0.009977403562515974, 0.0092124342918396, 0.008735870476812124, 0.008096301928162575, 0.007747032446786761, 0.007425342919304967, 0.006890867138281465, 0.0064970143139362335, 0.0061925004702061415, 0.0059850504621863365, 0.005843507358804345, 0.005596248898655176, 0.005651510553434491, 0.005294266622513533, 0.005068856757134199, 0.004790855338796973, 0.004821890965104103, 0.004609883762896061, 0.004602056695148349, 0.004365922184661031, 0.004152609733864665, 0.004168819868937135, 0.003996197949163616, 0.003956886124797165, 0.003909040475264192, 0.0037089489633217454, 0.003813976305536926, 0.0036987868370488286, 0.00363749114330858, 0.003439935273490846, 0.003510735579766333, 0.003489572089165449, 0.0033809604356065392, 0.0033291835570707917, 0.003319208393804729, 0.0033066332107409835, 0.0031090332195162773, 0.0028684334829449654, 0.002918278332799673, 0.002963222563266754, 0.0027832164196297526, 0.0028694397769868374, 0.0029259808361530304, 0.0028693554922938347, 0.0028889405075460672, 0.0027533957036212087, 0.0028439596062526107, 0.002804387826472521, 0.0028633951442316175, 0.0028167173732072115, 0.002735429210588336, 0.0026149629848077893, 0.0025694097857922316, 0.002523860428482294, 0.00253408495336771, 0.002552806050516665, 0.0025725826853886247, 0.002602808875963092, 0.002573832171037793, 0.00235849735327065, 0.0021689406130462885, 0.0022235841024667025, 0.002125979750417173, 0.0022718689870089293, 0.002287400420755148, 0.0022701926063746214, 0.00229453993961215, 0.0023283129557967186, 0.002327802125364542]",0.06099717324223155,0.5060757726814699,0.07834853597394716,0.5660624569529368,0.10809352932529971,0.34881546134663344,0.11909912202570279,0.41929023689550954,0.6698344460969387,72.43198101292364,cuda
SVDB,251_SVDB_id_15_Medical_tr_5421_1st_5521,RN,pvt_autoencoder_frozen,128,10,10,64,100,0.001,"[0.1876045103584017, 0.17186015844345093, 0.16496519957269942, 0.16121469650949752, 0.15908287465572357, 0.1577709572655814, 0.15664365249020712, 0.15522588150841848, 0.15266573854855128, 0.1482529959508351, 0.1404820340020316, 0.13005317321845464, 0.1190708237034934, 0.10815736225673131, 0.09767760868583407, 0.08816924052579063, 0.07941397279500961, 0.07137922197580338, 0.06427028189812388, 0.05794440263084003, 0.052214451666389196, 0.046909554196255546, 0.04188933436359678, 0.03728896539126124, 0.03294257553560393, 0.029282578134110997, 0.026234166962759837, 0.023243446169154986, 0.020825830155185292, 0.018797910373125757, 0.017023427411913872, 0.015534222924283572, 0.014292563843939985, 0.013163280274186815, 0.012123073717313153, 0.011112364009022713, 0.010254195891320705, 0.009701383167079516, 0.008994224481284618, 0.00843345866139446, 0.007701386697590351, 0.0071925158346337935, 0.006815534550696611, 0.006472141748028142, 0.006126203773809331, 0.005813220648893288, 0.005637309181370905, 0.005478548484721354, 0.0053127567017717025, 0.005429083148815802, 0.005055116289960486, 0.005027559918484518, 0.0047849844475941995, 0.00471935560926795, 0.004398588689842394, 0.004285816901496479, 0.004120915695758802, 0.003988713159092835, 0.004014050654534783, 0.004025486331166965, 0.004043577438486474, 0.0039943682162889415, 0.003838968962164862, 0.0036093463589038166, 0.0034896416390048607, 0.0034935203314359698, 0.0033961492590606213, 0.003402398300490209, 0.003454578075824039, 0.003410564735531807, 0.003254842445520418, 0.0033203917888126205, 0.0033181101815508945, 0.003260986214237554, 0.0031242950686386655, 0.0031127435421305044, 0.0030357221008411477, 0.002875107307253139, 0.002825783898255655, 0.002812123524823359, 0.002782026272533195, 0.0027573342834200177, 0.002805671322026423, 0.0028084920652742896, 0.002718122975368585, 0.0026153199640767916, 0.002756753670317786, 0.0023738508711435963, 0.0020627775562128852, 0.001965870049649051, 0.001857244359728481, 0.001826520443760923, 0.0017867273750848003, 0.001747801766863891, 0.0017991373648068734, 0.0017618450302896754, 0.0017216906250853623, 0.0017138268532497542, 0.0016971588234550186, 0.001710454184961106]","[0.1863534078001976, 0.1765357106924057, 0.16705866903066635, 0.16153784841299057, 0.15900910645723343, 0.15794645994901657, 0.15753164142370224, 0.157257080078125, 0.15633977204561234, 0.15417256951332092, 0.14784303307533264, 0.13734077662229538, 0.1227368637919426, 0.10940113663673401, 0.09764347225427628, 0.08732952177524567, 0.07884439826011658, 0.07103442028164864, 0.06410029157996178, 0.05764617957174778, 0.05234895646572113, 0.04693363979458809, 0.04222769849002361, 0.037746308371424675, 0.03348091058433056, 0.029828487895429134, 0.026736633852124214, 0.02399592474102974, 0.021431731060147285, 0.01937946490943432, 0.017746920697391033, 0.016090426594018936, 0.014839307870715857, 0.013829902280122042, 0.012624318711459637, 0.011467905715107918, 0.01070348173379898, 0.009892466012388468, 0.009651284199208021, 0.008736126590520144, 0.007961902767419815, 0.007560104597359896, 0.007045970531180501, 0.006759986747056246, 0.006266586249694228, 0.006173145025968552, 0.005861500510945916, 0.005797381512820721, 0.0056727014016360044, 0.005683358060196042, 0.0052496150601655245, 0.005238653626292944, 0.005083468044176698, 0.004712598165497184, 0.004560268484055996, 0.004345810040831566, 0.004274907987564802, 0.004207480698823929, 0.004317188635468483, 0.004078264464624226, 0.0041218799306079745, 0.0040913771372288465, 0.0039037162205204368, 0.003853254485875368, 0.0036031685303896666, 0.0035894395550712943, 0.0034746802411973476, 0.003587887855246663, 0.003513582516461611, 0.0034018931910395622, 0.0034791749203577638, 0.003422732464969158, 0.0034883650951087475, 0.0033528791973367333, 0.0032493845792487264, 0.0032100548269227147, 0.0030469942139461637, 0.002934776362963021, 0.0029791112756356597, 0.002878317260183394, 0.0027692303992807865, 0.0028433772968128324, 0.0028775633545592427, 0.002867288189008832, 0.0027810033643618226, 0.0028143785893917084, 0.002838831627741456, 0.0022128241835162044, 0.002062864601612091, 0.0019566717091947794, 0.0018782881670631468, 0.0018894718959927559, 0.0018342466792091727, 0.0018352685729041696, 0.0018233621958643198, 0.0017859801882877946, 0.0017629472422413528, 0.0017327861860394478, 0.0017558150575496256, 0.0017640243750065565]",0.058542601328489874,0.5079215322237816,0.07837196325798244,0.5680832160651734,0.10786969295060202,0.35937532930093363,0.11994580980697003,0.11543622358239965,0.6699248016293471,74.47866548085585,cuda
SVDB,251_SVDB_id_15_Medical_tr_5421_1st_5521,RN,pvt_autoencoder_progressive_unfreeze,128,10,10,64,150,0.001,"[0.19926494572843825, 0.17865929433277675, 0.1691706223147256, 0.16408063684191024, 0.16120209438460215, 0.15934661030769348, 0.15805881576878683, 0.1569922183241163, 0.1557386006627764, 0.15362523070403508, 0.14959487531866347, 0.14285026064940862, 0.1328650095633098, 0.12180504628590175, 0.11085359007120132, 0.1004352303487914, 0.09110715027366366, 0.0830158484833581, 0.07541964203119278, 0.06840545151914869, 0.16360421478748322, 0.15552592490400588, 0.1360904946923256, 0.10734340867825917, 0.08397176436015538, 0.07080782843487603, 0.06184762077672141, 0.05470872138227735, 0.04851686209440231, 0.04334657426391329, 0.03865876847079822, 0.034351732049669535, 0.030576955527067184, 0.027301991092307226, 0.024184112304023335, 0.021608196465032443, 0.019438516614692553, 0.01740491097526891, 0.015798492756273066, 0.01414481018270765, 0.012755457711006914, 0.011758110619017057, 0.010835214518010616, 0.010171951992171151, 0.009348191586988313, 0.008468526149434703, 0.007988882384129934, 0.0076182774001998564, 0.00723301965211119, 0.00668731438262122, 0.006372740957885981, 0.006214237705405269, 0.005812830624303648, 0.005538395739027432, 0.005352676380425692, 0.00532375681879265, 0.00512688746675849, 0.004953818728349039, 0.004793906517859016, 0.004653621331921646, 0.004477047827094793, 0.004302151301609618, 0.004140674169840557, 0.004036205488124064, 0.003933443321979472, 0.003874651522242597, 0.0038012518946613583, 0.003703149634280375, 0.0035668758542409967, 0.003581866355878966, 0.003521536510171635, 0.003400794895631926, 0.00322515274664121, 0.0032147211022675037, 0.0031827671586402823, 0.0031716980572257724, 0.0030956532074404614, 0.0030843389353581835, 0.003138072422838637, 0.0030511554463633467, 0.0029758159071207047, 0.0029986668710729907, 0.002900531315909965, 0.002893928238855941, 0.0029032897935914142, 0.0028630837997687714, 0.002984587901404926, 0.0028545706466372523, 0.00270897223215018, 0.0027513121853449513, 0.002784005166696651, 0.002750411895768983, 0.0027533245738595724, 0.0027127230672964026, 0.0026353491536740747, 0.002677180172343339, 0.0025740353324051413, 0.0025125011868242708, 0.0025616094270454986, 0.0024350674024650027, 0.002365455896194492, 0.002336219119440232, 0.002297322066234691, 0.00233135192788073, 0.0023431176585810526, 0.0022875486340905938, 0.0022099706277783427, 0.002210858244714992, 0.0022541944469724384, 0.00218685796218259, 0.002257316606119275, 0.002102691713454468, 0.0020847877354494165, 0.002009766741788813, 0.002051102396632944, 0.002050163157816444, 0.001995580470455544, 0.0020423922022538526, 0.001972699853857713, 0.001859329008896436, 0.0019089449529669114, 0.0018917607542659556, 0.0019039809703826904, 0.001877213761742626, 0.0019504809419491462, 0.002013987163081765, 0.001790291363639491, 0.0015801684598305396, 0.0014663398864545993, 0.0013991805857845715, 0.0014280778455681034, 0.0013791688085932816, 0.001399165385269693, 0.0013926293468102813, 0.0014032875520310231, 0.001380521571263671, 0.0013936367551130907, 0.0013234612166083284, 0.0013095127485160316, 0.0013102259087775434, 0.0012616639391386084, 0.0012748681640784656, 0.0013289596453042968, 0.0013348542686019624, 0.0013249792557741915, 0.0012977879627474717, 0.0012602747717340077, 0.0012902300638545836, 0.001292883451761944, 0.0012916542390095337]","[0.200851671397686, 0.1875615268945694, 0.1729014590382576, 0.16453858464956284, 0.1608741506934166, 0.15898116677999496, 0.15806794166564941, 0.15781007707118988, 0.15763164311647415, 0.15710615366697311, 0.15585841983556747, 0.15104496479034424, 0.14140278846025467, 0.12821075320243835, 0.11362791433930397, 0.10087021067738533, 0.09115884825587273, 0.08221401646733284, 0.07448451966047287, 0.06775880604982376, 0.18273397535085678, 0.15031253546476364, 0.12800274789333344, 0.10479578003287315, 0.08456269279122353, 0.07121988013386726, 0.06234412454068661, 0.05529295280575752, 0.04919068142771721, 0.04435894265770912, 0.03985564224421978, 0.03567749075591564, 0.03223372530192137, 0.028703038580715656, 0.025563552975654602, 0.02313532494008541, 0.020914793945848942, 0.018892964348196983, 0.016792497597634792, 0.015311161056160927, 0.013791327830404043, 0.012594957835972309, 0.011719416826963425, 0.01111464761197567, 0.010008075274527073, 0.009092302061617374, 0.008583271177485585, 0.008060552645474672, 0.007802850101143122, 0.00727011333219707, 0.006848651682958007, 0.006526501849293709, 0.0062733369413763285, 0.005943843629211187, 0.005826138658449054, 0.0058032190427184105, 0.00539338611997664, 0.005467790877446532, 0.004990640329197049, 0.005015425616875291, 0.004742700373753905, 0.004684194223955274, 0.004462625132873654, 0.004432848654687405, 0.0041995506035164, 0.004073106567375362, 0.004048368660733104, 0.003952676663175225, 0.0037477589212358, 0.00379773648455739, 0.003688724711537361, 0.003634131047874689, 0.0034853105898946524, 0.0033889912301674485, 0.0033770515583455563, 0.003341359435580671, 0.003322725184261799, 0.0033436781959608197, 0.0033227293752133846, 0.003227188950404525, 0.003305768594145775, 0.0031728242756798863, 0.0029800412012264132, 0.0031095907324925065, 0.0031153301242738962, 0.003099845489487052, 0.0032297588186338544, 0.003038949565961957, 0.0028216124046593904, 0.00296286609955132, 0.0029873551102355123, 0.0029560888651758432, 0.0028911607805639505, 0.002799727604724467, 0.0027997156139463186, 0.0027433682698756456, 0.0026958812959492207, 0.002759466180577874, 0.002812660299241543, 0.0024965101620182395, 0.0025757552357390523, 0.0023710873210802674, 0.002493735635653138, 0.0023596853716298938, 0.0024864260340109468, 0.0023818101035431027, 0.002318844897672534, 0.0024131127865985036, 0.0023024750407785177, 0.0024255283642560244, 0.0023050507297739387, 0.002223168616183102, 0.0022066846722736955, 0.002209821715950966, 0.002282947185449302, 0.002138666342943907, 0.002164802164770663, 0.0021969301160424948, 0.002035456825979054, 0.0020236362470313907, 0.0020569656044244766, 0.0020395390456542373, 0.0020629720529541373, 0.0020594042725861073, 0.0021548927761614323, 0.002138167154043913, 0.0017505571595393121, 0.0016135001787915826, 0.001540150260552764, 0.0015234345337375998, 0.0015004306333139539, 0.0015096513088792562, 0.0015094596310518682, 0.001455568941310048, 0.0014735108125023544, 0.0014845007681287825, 0.0014453019248321652, 0.00143768812995404, 0.0014248585212044418, 0.0014032068429514766, 0.0013800468877889216, 0.0014358037733472884, 0.0013886080705560744, 0.001449979143217206, 0.0014309024554677308, 0.001379121735226363, 0.0013752171653322875, 0.0013958493364043534, 0.0013912705471739173, 0.001380154280923307]",0.05531267911651361,0.4758933909840555,0.07162493417647206,0.5380880498669927,0.10773360145180072,0.3575578626535861,0.1120186697782959,0.41929023689550954,0.6698344460969387,127.57480270299129,cuda
SVDB,251_SVDB_id_15_Medical_tr_5421_1st_5521,RN,pvt_autoencoder_differential_lr,128,10,10,64,100,0.001,"[0.19615513724940165, 0.17811332430158341, 0.1690985177244459, 0.16388494627816336, 0.1610283170427595, 0.15938848469938552, 0.15837121222700393, 0.15764789070401872, 0.15707727202347346, 0.15663595923355647, 0.15622412519795553, 0.15587031628404344, 0.15557569903986795, 0.15527268818446568, 0.1549470978123801, 0.1546454919236047, 0.1542209812573024, 0.153859087399074, 0.1535328541483198, 0.15287942545754568, 0.15224542788096837, 0.15158291161060333, 0.1512561036007745, 0.15105307527950831, 0.15003934502601624, 0.1496878138610295, 0.14893944348607743, 0.14882849795477732, 0.1486876436642238, 0.14761655032634735, 0.14736128066267287, 0.14614877104759216, 0.14503789373806544, 0.14485142486436026, 0.1429177905832018, 0.1428570534501757, 0.14165871909686498, 0.14054674335888453, 0.1398011871746608, 0.13931557961872645, 0.14100857717650278, 0.13814155970300948, 0.1371425496680396, 0.13662326974528177, 0.1340319663286209, 0.13234552953924453, 0.13196695915290288, 0.13166841864585876, 0.1306982104267393, 0.12819749329771316, 0.12798423639365605, 0.12560088400329864, 0.12512088460581644, 0.12265889027288981, 0.12069251069000789, 0.11861944198608398, 0.11549175104924611, 0.11386458895036153, 0.11320945620536804, 0.11072795625243868, 0.106835204575743, 0.1052452421614102, 0.1025364441531045, 0.1011637608919825, 0.09909797353403908, 0.09759844094514847, 0.09298532669033323, 0.09136526180165154, 0.09343955772263664, 0.08889169033084597, 0.08715869167021342, 0.08246874064207077, 0.08091990649700165, 0.07746421545743942, 0.07354452673877988, 0.07068507266896111, 0.0682177117892674, 0.06324093735643796, 0.06174007058143616, 0.05882602610758373, 0.057609881673540385, 0.05832737258502415, 0.05327580337013517, 0.0486429434801851, 0.04504913570625441, 0.042741622243608744, 0.04288507838334356, 0.039927510278565545, 0.0374562931912286, 0.03473956962781293, 0.033100794202515056, 0.030735447204538753, 0.02804466283747128, 0.027029812868152345, 0.025054194565330232, 0.023166208394936154, 0.022141763674361364, 0.020284809172153473, 0.020011323371103833, 0.020108030044606755]","[0.19055818766355515, 0.18192926794290543, 0.17139282077550888, 0.1642986610531807, 0.1607407033443451, 0.15905698388814926, 0.1581278219819069, 0.15752749890089035, 0.15705391764640808, 0.15672191232442856, 0.15657353401184082, 0.15617812424898148, 0.15596679598093033, 0.1557711586356163, 0.15566039830446243, 0.15536488592624664, 0.15521418303251266, 0.15694189816713333, 0.156034454703331, 0.15555834770202637, 0.1544015109539032, 0.15322577208280563, 0.1541351154446602, 0.15356575697660446, 0.15405136346817017, 0.1571105793118477, 0.15171922743320465, 0.15203439444303513, 0.15447179228067398, 0.15494386851787567, 0.15581703186035156, 0.15100188553333282, 0.15276989340782166, 0.14787830412387848, 0.14811084419488907, 0.1489204242825508, 0.1484379544854164, 0.147866889834404, 0.14594890177249908, 0.15860536694526672, 0.1471976339817047, 0.14348742365837097, 0.143076553940773, 0.14705566316843033, 0.13899803161621094, 0.1379384696483612, 0.14256571978330612, 0.13928062468767166, 0.13859157264232635, 0.13559944927692413, 0.13563822954893112, 0.13360802829265594, 0.1339273527264595, 0.1323356181383133, 0.12877724319696426, 0.1265774630010128, 0.12695959955453873, 0.12348213791847229, 0.1264602579176426, 0.11924385651946068, 0.11733464524149895, 0.11496806144714355, 0.1129620298743248, 0.11085090413689613, 0.10669803246855736, 0.10621022060513496, 0.10539847239851952, 0.10357487201690674, 0.10313012823462486, 0.09696640446782112, 0.09311327710747719, 0.09192251414060593, 0.09222869202494621, 0.08629079163074493, 0.08389794453978539, 0.07818295806646347, 0.07584108412265778, 0.0738837756216526, 0.06948040425777435, 0.06789891421794891, 0.06420882418751717, 0.06290444172918797, 0.06014943867921829, 0.05562668666243553, 0.05176359787583351, 0.05042953975498676, 0.04728030040860176, 0.04531928151845932, 0.04547874070703983, 0.04029889032244682, 0.03817235492169857, 0.03630988113582134, 0.034419192001223564, 0.03255332261323929, 0.03060490172356367, 0.02917509898543358, 0.027954827062785625, 0.025003178976476192, 0.02482550870627165, 0.023831005208194256]",0.056926681382928855,0.5011934660814124,0.07663049941437525,0.5675530767538927,0.10773360145180072,0.3556019735657435,0.11002997667261094,0.2595913215489853,0.6706777657706848,88.62224770709872,cuda
SVDB,251_SVDB_id_15_Medical_tr_5421_1st_5521,LP,cnn_autoencoder,128,10,10,64,150,0.001,"[0.2606227057320731, 0.2331011870077678, 0.22293576385293687, 0.21258637521948134, 0.20180729244436538, 0.1895074099302292, 0.17626978244100297, 0.16107130476406642, 0.1445300281047821, 0.13084217799561365, 0.11693657296044487, 0.10599564973797117, 0.09544634286846433, 0.08953409003359931, 0.08037253043481282, 0.0772299702678408, 0.067576422223023, 0.06092960121376174, 0.056375962282930105, 0.05136490613222122, 0.049398214157138555, 0.0441952326468059, 0.04110240563750267, 0.0374512965125697, 0.034934435571943014, 0.03368282211678369, 0.03054044714995793, 0.030092119106224606, 0.027921905741095543, 0.026701818885547773, 0.025317773489015444, 0.02458729568336691, 0.0235447817082916, 0.022777833842805455, 0.023170043847390583, 0.022160971803324565, 0.020200263974922045, 0.02013832570186683, 0.018958257511258125, 0.01789106029484953, 0.017532930576375554, 0.017404884099960327, 0.01709510838346822, 0.01569800145391907, 0.015209512119846684, 0.014876826799341611, 0.014799740564610277, 0.01446564362517425, 0.014577548684818404, 0.01377338743103402, 0.013821129287992204, 0.013448011130094528, 0.013744344934821129, 0.013339857304734843, 0.013004187228424209, 0.012778947928122111, 0.013176695044551576, 0.01235834722008024, 0.011725039354392461, 0.011600242262440068, 0.011751425319484301, 0.011256654879876546, 0.011275575230164188, 0.01111101359128952, 0.010543382061379296, 0.0105097589216062, 0.010314468427428178, 0.010311565095824855, 0.010372793568032128, 0.009979516799960817, 0.009712977334856987, 0.009516343075249876, 0.009025118313729763, 0.008962928184441157, 0.008402599420930659, 0.008219418115913868, 0.008096804509737663, 0.007847760670951434, 0.007468692625739745, 0.0073718650133482045, 0.007256121241620609, 0.007029134381030287, 0.006777722321982894, 0.006705256312021187, 0.006621769363326686, 0.0063813783095351285, 0.0061809053378445765, 0.006184231356850692, 0.0060152652274285045, 0.006275538820773363, 0.0061258973686822826, 0.006058106731091227, 0.005940161046705076, 0.005750282201915979, 0.005705230935875859, 0.005514358436422688, 0.0053624446237725875, 0.005489220643149955, 0.005334714560636452, 0.005155321609761033, 0.005117110442370176, 0.005003805338804211, 0.004974146905754294, 0.004905549210629293, 0.004932118180607047, 0.004819713000740323, 0.004777356117431607, 0.00468536459707788, 0.004731293035937207, 0.0046004364266991615, 0.00459191928218518, 0.004534716052668435, 0.0044477625217820916, 0.00446541015324848, 0.004441763939602035, 0.004500804202897208, 0.004377282025026423, 0.004311541161899056, 0.0043088044705135485, 0.004240273697567838, 0.004294533249256867, 0.004232849426833647, 0.0041738480462559634, 0.004154463531449437, 0.004158244468271732, 0.004129685128905943, 0.0041949259383337835, 0.004149992584383914, 0.004059155604669026, 0.0040312222803809816, 0.004008442296513489, 0.004133955309433597, 0.004003964830189943, 0.003976611653342843, 0.003939307660662702, 0.0039793742221913165, 0.00392341084911355, 0.0038927097006567885, 0.003935573888676507, 0.003901843846376453, 0.0038583377775337014, 0.003853737809030073, 0.003842785721644759, 0.0038285405774201664, 0.003810469526797533, 0.0037507556844502687, 0.0037775335367769003, 0.003732933895662427, 0.0037314993595438345, 0.003720568858885339]","[0.2335093915462494, 0.2274741306900978, 0.218881756067276, 0.20889147371053696, 0.1974472478032112, 0.18495960533618927, 0.17229284346103668, 0.1569070741534233, 0.1410742551088333, 0.12634167075157166, 0.11127785965800285, 0.10060137882828712, 0.09058729559183121, 0.08178489655256271, 0.07346181198954582, 0.06740299612283707, 0.06110399588942528, 0.05623626708984375, 0.05143657326698303, 0.047259945422410965, 0.04313070327043533, 0.04090251587331295, 0.038785096257925034, 0.03681179881095886, 0.03445454500615597, 0.03262883611023426, 0.030572270043194294, 0.029084809124469757, 0.026789071038365364, 0.026070596650242805, 0.02506558783352375, 0.0240209074690938, 0.023294171318411827, 0.022507418878376484, 0.021634005941450596, 0.020711245946586132, 0.020408772863447666, 0.02003608550876379, 0.018181869760155678, 0.017934434115886688, 0.017520861700177193, 0.01697821356356144, 0.016397012397646904, 0.01605013571679592, 0.016081932932138443, 0.015321069862693548, 0.015125319827347994, 0.014916018582880497, 0.01433026697486639, 0.014502396807074547, 0.013991051819175482, 0.013658682815730572, 0.01383293466642499, 0.013256236910820007, 0.013014486990869045, 0.01274162670597434, 0.012856425251811743, 0.012552904896438122, 0.012499656062573195, 0.012046862859278917, 0.011739061214029789, 0.011622677557170391, 0.011395595967769623, 0.011418474838137627, 0.011335738934576511, 0.011159641668200493, 0.011008943431079388, 0.010866621509194374, 0.010437968652695417, 0.010530454106628895, 0.010112568270415068, 0.009972578380256891, 0.009727365337312222, 0.00970363151282072, 0.009359491057693958, 0.009137815795838833, 0.0089581492356956, 0.008791064843535423, 0.008634847588837147, 0.008452051784843206, 0.008277045097202063, 0.008263166528195143, 0.007915197405964136, 0.007933033630251884, 0.0076132097747176886, 0.0077298590913414955, 0.007380501599982381, 0.0074290260672569275, 0.007218791171908379, 0.007035341812297702, 0.006975199561566114, 0.007104590302333236, 0.006745962426066399, 0.007445363327860832, 0.006648545153439045, 0.006820284761488438, 0.006750355241820216, 0.0065261973068118095, 0.0065423487685620785, 0.00643544364720583, 0.006434783106669784, 0.006368537899106741, 0.0063264567870646715, 0.006270019803196192, 0.006184356287121773, 0.006167106097564101, 0.006216149078682065, 0.00611511105671525, 0.005947815021499991, 0.006072694435715675, 0.006034622201696038, 0.005894230445846915, 0.0059890784323215485, 0.005877714371308684, 0.005928222322836518, 0.005841153673827648, 0.0058926003985106945, 0.005772214382886887, 0.005771046504378319, 0.005798336584120989, 0.005713760619983077, 0.005698643391951919, 0.005713984603062272, 0.0056876447051763535, 0.005705415271222591, 0.005644734250381589, 0.005582367768511176, 0.005617022980004549, 0.005699935834854841, 0.0056192404590547085, 0.0055713525507599115, 0.005534775787964463, 0.005541045451536775, 0.005606706021353602, 0.005508563714101911, 0.005468657007440925, 0.00553516298532486, 0.005517128622159362, 0.005450405413284898, 0.005509409820660949, 0.005437034647911787, 0.005456629209220409, 0.005412791855633259, 0.0054476705845445395, 0.005409004399552941, 0.005432140547782183, 0.005420495988801122, 0.005388244520872831, 0.005393094616010785, 0.005417484324425459]",0.1026613071170634,0.5942206023005172,0.12983707533589087,0.6788964619232075,0.23471023993550583,0.7349456755263643,0.3299668612908313,0.17351512905981947,0.7427737219469159,85.18352151615545,cuda
SVDB,251_SVDB_id_15_Medical_tr_5421_1st_5521,LP,resnet18_autoencoder_frozen,128,10,10,64,100,0.001,"[0.2294610185282571, 0.1767917424440384, 0.14327956097466604, 0.11811783909797668, 0.09733193580593381, 0.08027220517396927, 0.0664440281689167, 0.05563049444130489, 0.0472250155040196, 0.04077851240124021, 0.03585527730839593, 0.03197807180030005, 0.028876141511968205, 0.026448919836963927, 0.024388041347265244, 0.022783269307443073, 0.02142016057457243, 0.020278401938932284, 0.019334851098912104, 0.018466066302997724, 0.017519479085292135, 0.016784254195434705, 0.01615174167922565, 0.01542996774826731, 0.01490598717438323, 0.014278405479022436, 0.013883680637393678, 0.01350759222571339, 0.013189610626016344, 0.012386717700532504, 0.012124416950557913, 0.01172093115746975, 0.011045108017112528, 0.010716705316943782, 0.010356138859476362, 0.01010224555752107, 0.009878228418529034, 0.009766744981919016, 0.009375691280833312, 0.00910694697605712, 0.00908271289829697, 0.008784665593079157, 0.008557728358677455, 0.008440449966916017, 0.00832218530454806, 0.008101412427744694, 0.007835463620722294, 0.00742987629824451, 0.0072785782893853524, 0.0070555417665413445, 0.006833427452615329, 0.0066074116288551265, 0.00649789534509182, 0.006030281606529441, 0.0058691490973745075, 0.005684364919683763, 0.005903577831174646, 0.005432936362922192, 0.005179521428155047, 0.004914214701524803, 0.004978732738111701, 0.004768562503159046, 0.004580886801704764, 0.004345474365566458, 0.004347971840096372, 0.004175585561564991]","[0.24316684901714325, 0.21167675405740738, 0.16201213747262955, 0.11816144362092018, 0.08962581679224968, 0.0710664913058281, 0.05824798345565796, 0.04904860444366932, 0.0422505047172308, 0.03708759322762489, 0.03311195969581604, 0.029851093888282776, 0.027288861572742462, 0.02540460228919983, 0.023727486841380596, 0.02225104160606861, 0.021126761101186275, 0.019989820197224617, 0.019083164632320404, 0.018139759078621864, 0.01757681369781494, 0.017001602798700333, 0.01632004138082266, 0.015706214122474194, 0.01521068811416626, 0.01465673465281725, 0.01420477731153369, 0.014100499916821718, 0.013609690591692924, 0.01310798292979598, 0.01275075739249587, 0.01254866411909461, 0.012445072643458843, 0.0120068215765059, 0.012022203765809536, 0.0118785435333848, 0.01151842251420021, 0.011248412542045116, 0.01125216344371438, 0.011193872895091772, 0.010987835470587015, 0.010817000176757574, 0.010468007996678352, 0.011136756744235754, 0.010341758374124765, 0.010728716384619474, 0.010175943840295076, 0.01043262705206871, 0.010173206217586994, 0.010149787645787, 0.009926633443683386, 0.009930344298481941, 0.00985302496701479, 0.009885236155241728, 0.0098435222171247, 0.009607009589672089, 0.00979165406897664, 0.009739609435200691, 0.00970276864245534, 0.010006982367485762, 0.00952548487111926, 0.010058420710265636, 0.009912091307342052, 0.009713620878756046, 0.009785531088709831, 0.009648204315453768]",0.08197947783970062,0.5681990426979239,0.10710508293757254,0.6564337808128764,0.19287150414852208,0.6418969093283486,0.25560113600504863,0.12309266279313145,0.7226056312249952,44.12667758204043,cuda
SVDB,251_SVDB_id_15_Medical_tr_5421_1st_5521,LP,resnet18_autoencoder_progressive_unfreeze,128,10,10,64,150,0.001,"[0.22930918846811568, 0.18724206302847182, 0.15259574779442378, 0.12300160527229309, 0.09851588840995516, 0.07879145230565753, 0.06306802002446991, 0.05098402287278857, 0.04207178737436022, 0.03561880652393613, 0.031038067968828336, 0.027765905484557152, 0.025357025542429516, 0.023403062618204525, 0.021909275225230625, 0.02071517945400306, 0.01967966583158289, 0.018864032945462635, 0.018249239506466047, 0.017668824908988818, 0.017203851736017635, 0.015559632464178972, 0.014413786918989249, 0.01350457819976977, 0.012733591055231435, 0.011866469601435321, 0.011173896890665804, 0.010855850098388535, 0.010285268936838423, 0.010003744092370783, 0.009448308497667313, 0.009168582037091255, 0.008917049903954779, 0.008530837749796254, 0.008085647132247686, 0.00793542353702443, 0.00807786061029349, 0.00797533949038812, 0.007613219852958407, 0.007345571648329496, 0.007171319132404668, 0.007308292668312788, 0.007110747641750744, 0.006996572948992252, 0.006943170712994677, 0.006776934755699975, 0.00652420986443758, 0.006467112406556096, 0.006508700150464263, 0.006324924728167909, 0.00618939394397395, 0.006090357167912381, 0.006087389708097492, 0.005999408728842225, 0.005928523705473968, 0.005910676571407488, 0.005837933226887669, 0.0057302602965916905, 0.005604634194501809, 0.005499192580048527, 0.005299764618809734, 0.005156305751630238, 0.0050588663933532575, 0.005004881282470056, 0.004913464787283114, 0.00488365554649915, 0.004758782285664763, 0.004732523512627397, 0.004770518546657903, 0.0046291120483406955, 0.004584293014236859, 0.004469796549528837, 0.004381462133356503]","[0.2310267984867096, 0.20854966342449188, 0.16264558583498, 0.12153178825974464, 0.09228313341736794, 0.07224960997700691, 0.05739637091755867, 0.046319808810949326, 0.03819197975099087, 0.03262772597372532, 0.02933220285922289, 0.026448321528732777, 0.02447232324630022, 0.02301581110805273, 0.021856610663235188, 0.02088548243045807, 0.019725773483514786, 0.01918207574635744, 0.018574784509837627, 0.017914905212819576, 0.016016026958823204, 0.015093490481376648, 0.014216291718184948, 0.013425080105662346, 0.012565440498292446, 0.011991310864686966, 0.011299459263682365, 0.010968546383082867, 0.010706529021263123, 0.010338997468352318, 0.009951835498213768, 0.009962950833141804, 0.009450737852603197, 0.009063209872692823, 0.008813533000648022, 0.00890754023566842, 0.008841683622449636, 0.008712997660040855, 0.008377870079129934, 0.008184358943253756, 0.007938126800581813, 0.008183492347598076, 0.007946690544486046, 0.007881373632699251, 0.008013099431991577, 0.007803560933098197, 0.00775450118817389, 0.007679785368964076, 0.007718218024820089, 0.0075695025734603405, 0.00756580987945199, 0.007414960069581866, 0.007488042814657092, 0.007322581019252539, 0.0073401606641709805, 0.007550439797341824, 0.007502775173634291, 0.007596288342028856, 0.007460270309820771, 0.007494654506444931, 0.007372373482212424, 0.007241785526275635, 0.007119997404515743, 0.007284962339326739, 0.007283802842721343, 0.007212105672806501, 0.007161368383094668, 0.0071301821153610945, 0.007105750031769276, 0.007282094564288855, 0.007306742249056697, 0.0073157178703695536, 0.007215534569695592]",0.08896960544881352,0.5824252357483023,0.11658032301127928,0.6709851607377693,0.22494727821286623,0.6647044785617692,0.31708907938874364,0.1341664731917145,0.7380747396748677,51.498860883992165,cuda
SVDB,251_SVDB_id_15_Medical_tr_5421_1st_5521,LP,resnet18_autoencoder_differential_lr,128,10,10,64,100,0.001,"[0.2562243470123836, 0.2176569742815835, 0.18185018641608103, 0.14821042546204158, 0.11867403132574898, 0.09538793883153371, 0.0773513742855617, 0.06329691995467458, 0.05291075099791799, 0.044248803917850764, 0.03840320131608418, 0.03407943248748779, 0.03067315955247198, 0.02786637150815555, 0.025767465787274495, 0.02402730392558234, 0.022741247234599932, 0.021415582724979947, 0.020316557958722115, 0.01943031725074564, 0.018676852009126117, 0.018183000119669095, 0.01771848223039082, 0.01712129238460745, 0.016834873173918043, 0.016488549432584217, 0.016109899085547243, 0.016032731559659754, 0.015584105226610388, 0.015321426492716585, 0.01515744240688426, 0.014936802509639944, 0.014690358990005084, 0.014435842367155212, 0.014135750675840037, 0.013905247008161885, 0.013734376057982445, 0.01335448638669082, 0.013063093248222555, 0.012882785206394536, 0.012591444754174777, 0.012399542012384959, 0.012184108341378825, 0.012060320936143398, 0.011892145765679223, 0.011658525626574243, 0.011530149328921522, 0.01135812939277717, 0.011129212698766164, 0.010960802968059267, 0.010623236452894551, 0.010527437286717551, 0.010361283219286374, 0.01032681656735284, 0.01004497321056468, 0.009863377548754215, 0.009796692324536187, 0.009451157413423061, 0.00923457502254418, 0.008973720616527967, 0.008764964395335742, 0.008727399898426873, 0.008458794759852546, 0.008433968760073185, 0.008176720168973719, 0.00807584629261068, 0.007891526578792505, 0.00767557934990951, 0.007630049716681242, 0.00733941321128181, 0.007427231475178685, 0.007144716435245105, 0.007222672791353294, 0.0070780509683702674, 0.0070413958414324695, 0.006848011431949479, 0.006802774367055723, 0.006698000643934522, 0.006656221114099026, 0.006609219725110701, 0.006455996605966773, 0.006359212233551911, 0.006252103551690068, 0.006303652522287199, 0.006214776475514684, 0.006246195241276707, 0.006186946228678737, 0.006001360115728208, 0.005954039549188954, 0.005907953450722354, 0.005892013133104358, 0.00581672228872776, 0.005711447647107499, 0.005598810700965779, 0.005497235073042768, 0.005302034983677524, 0.005176731784428869, 0.005112070523734603, 0.005019302612968853, 0.00505766665030803]","[0.25573843717575073, 0.23924570530653, 0.19456742703914642, 0.14912161231040955, 0.11270589753985405, 0.09020265191793442, 0.07378307729959488, 0.06021197326481342, 0.05060546286404133, 0.04260016232728958, 0.03727235086262226, 0.03410843387246132, 0.030979711562395096, 0.028308031149208546, 0.02588541805744171, 0.024513895623385906, 0.023139040917158127, 0.02213384211063385, 0.02116002980619669, 0.020155099220573902, 0.0193421496078372, 0.01860941108316183, 0.018397826701402664, 0.01790128368884325, 0.017428595572710037, 0.017058548517525196, 0.016835112124681473, 0.016457686200737953, 0.01622074842453003, 0.015923766419291496, 0.015557057224214077, 0.015396622009575367, 0.015119901392608881, 0.014999140985310078, 0.0146858599036932, 0.014414966572076082, 0.014109266921877861, 0.013740061316639185, 0.013389529194682837, 0.013198573142290115, 0.012939427979290485, 0.012761533260345459, 0.012664418201893568, 0.012460924219340086, 0.012125494424253702, 0.012134149204939604, 0.011877154465764761, 0.011552751064300537, 0.011549199931323528, 0.011465040035545826, 0.011118880938738585, 0.011020962614566088, 0.010833118576556444, 0.01079189358279109, 0.010672872420400381, 0.010352014098316431, 0.010138714220374823, 0.010100075043737888, 0.009756660554558039, 0.009726536925882101, 0.009514432400465012, 0.009194950107485056, 0.009099000133574009, 0.009186909534037113, 0.00878578145056963, 0.008813133928924799, 0.008898827712982893, 0.008727792650461197, 0.008490949869155884, 0.008377544581890106, 0.00845550699159503, 0.008518051821738482, 0.00840754434466362, 0.00844084657728672, 0.008215798996388912, 0.008270460646599531, 0.008031933568418026, 0.008248885162174702, 0.008050310891121626, 0.00814623711630702, 0.007954576518386602, 0.007974557811394334, 0.007929420564323664, 0.007928160484880209, 0.007832615170627832, 0.007796531310304999, 0.008063788991421461, 0.007701048627495766, 0.007785771507769823, 0.00789002887904644, 0.007740141591057181, 0.008113200776278973, 0.00772046041674912, 0.007858509663492441, 0.00767881702631712, 0.007492812583222985, 0.007583556929603219, 0.007538327714428306, 0.007509802933782339, 0.007492007687687874]",0.08560889111170364,0.5792033994087609,0.11231285496695409,0.6683987121792253,0.21195817817218573,0.6428114675476926,0.2937143091061667,0.11832072274609051,0.7333699151415113,72.93926303694025,cuda
SVDB,251_SVDB_id_15_Medical_tr_5421_1st_5521,LP,pvt_autoencoder_frozen,128,10,10,64,100,0.001,"[0.26497550521578106, 0.22169114436422074, 0.19164633750915527, 0.1641825863293239, 0.1382018838609968, 0.11377204422439847, 0.09315156404461179, 0.0768198434795652, 0.06402791238256864, 0.05433998044048037, 0.04679740486400468, 0.040951812373740334, 0.036531349910157065, 0.03309469882931028, 0.03031157170023237, 0.028111193595188006, 0.026299133098551204, 0.024775689201695577, 0.02351785291518484, 0.02242046222090721, 0.02155213723225253, 0.02078094519674778, 0.020021004070128714, 0.019434274307319095, 0.018813994047897204, 0.0183025917836598, 0.017790720398936952, 0.017329404928854535, 0.016905568274004117, 0.016485574256096567, 0.016081336619598523, 0.01575026155582496, 0.015419423580169678, 0.015118601199771677, 0.014942589215934277, 0.014763926155865192, 0.014437723505709852, 0.01415012257971934, 0.014064645793821131, 0.013827816317124026, 0.013594240216272218, 0.013379506500703948, 0.013259287524436201, 0.01319254721914019, 0.013089200481772423, 0.013121579507631915, 0.012564476845519883, 0.012340377217956952, 0.012213299450065409, 0.01242078108979123, 0.012054850879524435, 0.012106715967612607, 0.011941920699817794, 0.011661403679421969, 0.011522042831139905, 0.011290322856179305, 0.01110271577324186, 0.01085407446537699, 0.010618018651647227, 0.010523016431501933, 0.010223444950367724, 0.010121399802821023, 0.010005350490765912, 0.009934389697653907, 0.009785775228270463, 0.009689649567008018, 0.01003453361668757, 0.0098678409787161, 0.009783788584172726, 0.00922095522816692, 0.008964298093425376, 0.009015149969075407, 0.008918078749307565, 0.00859286223671266, 0.008477994240820408, 0.008364972991070576, 0.008315977440880877, 0.008286689674215657, 0.008261258447808879, 0.007881169207394123, 0.007851079372423036, 0.007778135527457509, 0.007672310274626527, 0.007636050826736859, 0.007706886756100825, 0.0076456161748085704, 0.007412565805550132, 0.00730498820277197, 0.0072633495022143635, 0.007293429225683212, 0.007306154351681471, 0.007147443946450949, 0.006947114331913846, 0.007129421457648277, 0.006965081074408123]","[0.24742434173822403, 0.22731385380029678, 0.1891372948884964, 0.15331218391656876, 0.12311409786343575, 0.0985189899802208, 0.08080867305397987, 0.06767885759472847, 0.057692134752869606, 0.05076818726956844, 0.04710930213332176, 0.038386816158890724, 0.03426310978829861, 0.031607357785105705, 0.030031329952180386, 0.028162912465631962, 0.026123177260160446, 0.024305080994963646, 0.023584993556141853, 0.022079704329371452, 0.021298224106431007, 0.020719900727272034, 0.020852334797382355, 0.01960421446710825, 0.01914828084409237, 0.018980177119374275, 0.01852319948375225, 0.01796602364629507, 0.01801570411771536, 0.017598713748157024, 0.017683888785541058, 0.017164315097033978, 0.016628311946988106, 0.016298705711960793, 0.01671611238270998, 0.015612114686518908, 0.015287863090634346, 0.015654667746275663, 0.014862957410514355, 0.0155509477481246, 0.013914890587329865, 0.014289120212197304, 0.014616934582591057, 0.014505019411444664, 0.014056791085749865, 0.01382409455254674, 0.013361661694943905, 0.013191803824156523, 0.012927042320370674, 0.012914710212498903, 0.013105053920298815, 0.012947046663612127, 0.012430768925696611, 0.012196572497487068, 0.012296272907406092, 0.012220555450767279, 0.012388315051794052, 0.011848206166177988, 0.01181293185800314, 0.011301037389785051, 0.011515342630445957, 0.011374813970178366, 0.011278511490672827, 0.012093335390090942, 0.010759011376649141, 0.011824811808764935, 0.011506281793117523, 0.010517591144889593, 0.011272561736404896, 0.010684740263968706, 0.010409028735011816, 0.010361645370721817, 0.010919835418462753, 0.010074279736727476, 0.009950491599738598, 0.00977983558550477, 0.010079577565193176, 0.009743706788867712, 0.010087143164128065, 0.009518066421151161, 0.009590158239006996, 0.009649522602558136, 0.009422728791832924, 0.009753831196576357, 0.009373600129038095, 0.009576034266501665, 0.009320454206317663, 0.009377467446029186, 0.009923723991960287, 0.009291083086282015, 0.010070466902107, 0.00940795661881566, 0.009389990009367466, 0.009667884092777967, 0.009348764549940825]",0.08312463301079137,0.5712340476346431,0.11133409767457916,0.6632914762245548,0.20653777774722187,0.6524136439807557,0.2745025106936951,0.10610397607862758,0.7367276178321249,67.5734811720904,cuda
SVDB,251_SVDB_id_15_Medical_tr_5421_1st_5521,LP,pvt_autoencoder_progressive_unfreeze,128,10,10,64,150,0.001,"[0.25091645973069326, 0.21174019575119019, 0.18037827525820052, 0.15238087517874582, 0.12700673937797546, 0.10420167659010206, 0.08459707988159997, 0.06917794368096761, 0.05735596641898155, 0.04815425564135824, 0.041253942996263504, 0.03616680896707943, 0.032374912074634006, 0.029462693525212153, 0.027221240369336947, 0.025461560913494656, 0.024038917518087795, 0.02287255520267146, 0.02187684497662953, 0.02099166890340192, 0.020599483911480223, 0.018396808366690363, 0.01713051540510995, 0.016406819224357605, 0.015919634141027927, 0.01562865504196712, 0.015444719232618809, 0.015270844900182315, 0.015191411732562951, 0.015132165513932705, 0.015009070613554545, 0.014972415087478501, 0.01493917019771678, 0.01488413315798555, 0.014874430373311043, 0.014784227391438825, 0.014623040067298072, 0.014187339693307877, 0.013867193034717016, 0.013776621116059167, 0.013374083542398043, 0.013127701223960944, 0.012856270319649152, 0.01280166461531605, 0.012443936829056059, 0.012356331971074854, 0.012248738668859005, 0.012292861406292235, 0.012424754910171032, 0.011995426645236356, 0.012063468407307352, 0.012291318071740014, 0.012242675625852175, 0.011939987407198973, 0.01174107619694301, 0.01161065059048789, 0.011749678158334323, 0.011637961891080652, 0.011520397317196642, 0.011257895401545934, 0.011101331162665571, 0.010963105064417635, 0.010784994411681379, 0.010684819625956672, 0.010812168408717428, 0.01046530609684331, 0.010359266772866249, 0.009883760607668332, 0.010342143875147616, 0.01009138607020889, 0.009866575710475445, 0.009680325298437051, 0.009440929895000798, 0.009249587809400899, 0.009195587065603052, 0.009430365370852607, 0.009227887328181947, 0.008922424300440721, 0.00893109371619565, 0.009673571081033774, 0.00979967787861824, 0.009379913764340537, 0.009084349631198816, 0.008841681161097117, 0.009012990963778325, 0.008936274264539992, 0.008880832897765296, 0.00870133237913251, 0.008499047186757838, 0.008296693009989602, 0.008352637157908507, 0.008633724014673914, 0.008590009063482285, 0.008599223835127694, 0.008480364589818887, 0.008172049320169858, 0.008085188655448812, 0.007895915702517544, 0.007719653259430613, 0.007554545732481139, 0.007740026339888573, 0.007650537216769797, 0.007567975936191422, 0.007489598422710385, 0.007491535374096462, 0.007381794841161796, 0.007447027867393834, 0.007439427609954562, 0.007337834087333509, 0.00751974992454052, 0.00739174841770104, 0.007373045265142407, 0.007528924848884344, 0.007489237601735762, 0.00749625890914883, 0.007952763233333826, 0.00734627027330654, 0.007134809424834592, 0.0069783506249742845, 0.007196227088570595, 0.006973143999597856, 0.007019026071897575, 0.006895704527518579, 0.006789958570152521, 0.006759779594306435, 0.006947301727320466, 0.007014357817492315, 0.007128932446773563, 0.006873168516904116, 0.006752117670008114, 0.006858858346406903, 0.0068274858806814465, 0.0067717838766319415, 0.0067683311312326366, 0.006818133539387158, 0.006611047445663384, 0.006593496206083468, 0.0065785047065998825, 0.006632988208106586, 0.0066946277927075115, 0.006810450660330909]","[0.23614583909511566, 0.22924447059631348, 0.1884789764881134, 0.14841923862695694, 0.11586268246173859, 0.08946987241506577, 0.0710466019809246, 0.0600286740809679, 0.05102035030722618, 0.04323122277855873, 0.03817898593842983, 0.034515997394919395, 0.031176209449768066, 0.029215635731816292, 0.02721945010125637, 0.025530586950480938, 0.024090145714581013, 0.02285274863243103, 0.02240821160376072, 0.02176350448280573, 0.02242906577885151, 0.018539409153163433, 0.01691003143787384, 0.016221226193010807, 0.0158670824021101, 0.015680048149079084, 0.015521818771958351, 0.015388157218694687, 0.015308761037886143, 0.015289725735783577, 0.015173283405601978, 0.015172598417848349, 0.01515222480520606, 0.015143761411309242, 0.015203190501779318, 0.015851163305342197, 0.018843745812773705, 0.016175529919564724, 0.014142366126179695, 0.013891230337321758, 0.013483290560543537, 0.013311611022800207, 0.013284197077155113, 0.013672323897480965, 0.012645038310438395, 0.014057094231247902, 0.012438798788934946, 0.013014466036111116, 0.012888603378087282, 0.01317764213308692, 0.013080250471830368, 0.012142579536885023, 0.014400192070752382, 0.012201478704810143, 0.012518102303147316, 0.012258131057024002, 0.0122177773155272, 0.011992914136499166, 0.011855831369757652, 0.011949573643505573, 0.01166062243282795, 0.011774496641010046, 0.01112367631867528, 0.012876082211732864, 0.010836442932486534, 0.010940201114863157, 0.012205459177494049, 0.010141717735677958, 0.013062722515314817, 0.01018591970205307, 0.010231551714241505, 0.010214791167527437, 0.010097413323819637, 0.009612832684069872, 0.010212664026767015, 0.009889454580843449, 0.009481127839535475, 0.009380238130688667, 0.009695833548903465, 0.010763990692794323, 0.00975298322737217, 0.009598973672837019, 0.009598832577466965, 0.009188403375446796, 0.009827640373259783, 0.008971540722995996, 0.010253648739308119, 0.009114132728427649, 0.008579582441598177, 0.009452211670577526, 0.009595633018761873, 0.009194811806082726, 0.009089081548154354, 0.009059739764779806, 0.009339755866676569, 0.008751790970563889, 0.008372371084988117, 0.00829872814938426, 0.008220860734581947, 0.00820385618135333, 0.008553058840334415, 0.008149446919560432, 0.008187990169972181, 0.008106471970677376, 0.008090640883892775, 0.008031955920159817, 0.008271284867078066, 0.008012694772332907, 0.007966862060129642, 0.00829009199514985, 0.008376482874155045, 0.008060550317168236, 0.008110359776765108, 0.008115184027701616, 0.008425838313996792, 0.008070188574492931, 0.008008050732314587, 0.007912983186542988, 0.007862946949899197, 0.007837274810299277, 0.007773834513500333, 0.007724402472376823, 0.007705275667831302, 0.007682614494115114, 0.007654809160158038, 0.007708477089181542, 0.007862004218623042, 0.007731645833700895, 0.007638521492481232, 0.007690326310694218, 0.007619441254064441, 0.007674697786569595, 0.0076610674150288105, 0.007747378433123231, 0.007711560698226094, 0.0075443522073328495, 0.007648869184777141, 0.0076012276113033295, 0.007705603260546923, 0.007622381206601858, 0.00786100048571825]",0.0843923855746729,0.5718141555914308,0.11077086980390502,0.659753835777409,0.21600885055522817,0.6548752115059222,0.29928880895937193,0.13675368815862504,0.7333226765870755,116.0965063360054,cuda
SVDB,251_SVDB_id_15_Medical_tr_5421_1st_5521,LP,pvt_autoencoder_differential_lr,128,10,10,64,100,0.001,"[0.24036690592765808, 0.18531989199774607, 0.14940406382083893, 0.12176453747919627, 0.0998757609299251, 0.08245795113699776, 0.06866917546306338, 0.05781918976988111, 0.04941326432994434, 0.04290905807699476, 0.03777338032211576, 0.03372392377683094, 0.030497567462069646, 0.02784560221646513, 0.02574581785925797, 0.0240105182996818, 0.02259696860398565, 0.02145966195634433, 0.02042207441159657, 0.019547579543931142, 0.018781262316874096, 0.01808131273303713, 0.017450633059654917, 0.016870116548878804, 0.016327667981386185, 0.015806287926222597, 0.015404867540512766, 0.014837122389248439, 0.014377680607140064, 0.013830894072140967, 0.013415463933987277, 0.013036886895341533, 0.012458406521805696, 0.011868362314999104, 0.011590463508452688, 0.011365234851837158, 0.010984825103410653, 0.01052039342799357, 0.010294898945306028, 0.009895350118832929, 0.009537297700132643, 0.009223949297198228, 0.008888738762055124, 0.008584197810185807, 0.00852917693555355, 0.008422890145863806, 0.008144623732992582, 0.00790676221783672, 0.0077083018342299124, 0.0076274835238499305, 0.007298167927988938, 0.007279276116085904, 0.007009361870586872, 0.006806351310972657, 0.006653901987842151, 0.00655872215117727, 0.006514517989541803, 0.006368281984967845, 0.006173567447279181, 0.006199998315423727, 0.006161708584321397, 0.006043998790638787, 0.005991088825144938, 0.005709131048726184, 0.005607464882944312, 0.005540744002376284, 0.005459698116672891, 0.005248346099896091, 0.005053819955459663, 0.004918342921882868, 0.004979297119591918, 0.0049774375345025745, 0.004860015120357275, 0.004724415950477123, 0.004522708277883274, 0.004459817062265107, 0.004412492570866432, 0.004333713723878775, 0.004176556698179671, 0.004114638648128935, 0.0040044398379645175, 0.0038780162909201215, 0.003717433095776609, 0.0035720048139670064, 0.0034752024803310633, 0.0034068020925457987, 0.003361437203628676, 0.0033209541413400856, 0.0032722432099814925, 0.003205767633127315, 0.0031425064496163812, 0.003122142316507442, 0.0030879692307540347, 0.0029947232521538225]","[0.2497023120522499, 0.2101990357041359, 0.15736273676156998, 0.1149936355650425, 0.08802337944507599, 0.0707969069480896, 0.05870141461491585, 0.049925802275538445, 0.043413423001766205, 0.03856722079217434, 0.03442816995084286, 0.031022654846310616, 0.02853638306260109, 0.026150355115532875, 0.024623787961900234, 0.023462733253836632, 0.022052674554288387, 0.020727780647575855, 0.020217946730554104, 0.01952857431024313, 0.018870294094085693, 0.01810064259916544, 0.0176419448107481, 0.017101715318858624, 0.016550219617784023, 0.016283217817544937, 0.01573859341442585, 0.015289165079593658, 0.014680031221359968, 0.014579301234334707, 0.013970517553389072, 0.013701614458113909, 0.013011820148676634, 0.012588254176080227, 0.012075660284608603, 0.011856402270495892, 0.011425189673900604, 0.011316210497170687, 0.010925024282187223, 0.010600637178868055, 0.01048388984054327, 0.00983989704400301, 0.009651492815464735, 0.009519347455352545, 0.009515498764812946, 0.009121607523411512, 0.00933550065383315, 0.008876341860741377, 0.008787551429122686, 0.008484214078634977, 0.008501116186380386, 0.008365302812308073, 0.008378115948289633, 0.00815337197855115, 0.007922195829451084, 0.00808741059154272, 0.00791575899347663, 0.007841730024665594, 0.007619050331413746, 0.007743278052657843, 0.007629670901224017, 0.007662266958504915, 0.0075169578194618225, 0.007359708193689585, 0.007354788947850466, 0.007369568571448326, 0.00748243392445147, 0.007295389659702778, 0.0071406736969947815, 0.00739261182025075, 0.007048838539049029, 0.007107789861038327, 0.007092954590916634, 0.007198873441666365, 0.006846778793260455, 0.006969377398490906, 0.006928490474820137, 0.006986494874581695, 0.007042035460472107, 0.006853434955701232, 0.006971503375098109, 0.006774272071197629, 0.006826870841905475, 0.006599067244678736, 0.006648129550740123, 0.006721584592014551, 0.00659118453040719, 0.0067141116596758366, 0.00666497484780848, 0.0067733286414295435, 0.006686096079647541, 0.006712983828037977, 0.006732109701260924, 0.006618400104343891]",0.09791918613987938,0.5790847797243119,0.12763841724739963,0.6680066607531269,0.23322545080028118,0.7020630372492837,0.35259001305888904,0.15082462072804487,0.7541103442923267,80.6922148258891,cuda
SVDB,251_SVDB_id_15_Medical_tr_5421_1st_5521,SG,cnn_autoencoder,128,10,10,64,150,0.001,"[0.07737313423837934, 0.0638750461595399, 0.05206552626831191, 0.04212611860462597, 0.03349098935723305, 0.026839224621653557, 0.021769191271492412, 0.01780878832297666, 0.014787050230162484, 0.012456212325819902, 0.010756452700921468, 0.009166848579687732, 0.008103628044149705, 0.00709099109683718, 0.006308200569557292, 0.005789726240826505, 0.0053412628227046555, 0.00488059947799359, 0.004502977943047881, 0.004111195581832102, 0.0039750088139304095, 0.003679014775635941, 0.0035364508761891295, 0.0034389207139611244, 0.0032600323403520243, 0.0030723760636257274, 0.003026454210547464, 0.0029822030171219793, 0.002868267674265163, 0.002782998706347176, 0.002781350232128586, 0.002706194213325424, 0.002697874226474336, 0.0026624833034085377, 0.0026299135559903724, 0.0026199560712224673, 0.0026639201678335667, 0.0025354307810110705, 0.0026198948201324257, 0.002720355147695435, 0.002608414789262627, 0.002544490121571081, 0.0024665683574442354, 0.0025583014856757863, 0.0024553472675117, 0.0023965728136577775, 0.002385916737174349, 0.0023706979284595165, 0.002337331052071282, 0.002391347528568336, 0.002366756122293217, 0.0023610410114218083, 0.0022867905042533365, 0.002374538902326354, 0.0022778541481654558, 0.002273665134063257, 0.002342014157745455, 0.002229673122721059, 0.0023087126236142857, 0.0022801681022558895, 0.002243169566749462, 0.0022074402742353933, 0.002238910345892821, 0.002231006427401943, 0.0022046109162537114, 0.0022211369858788593, 0.0022173272778413127, 0.002207620069384575, 0.0021849657142800944, 0.0022353562360097256, 0.0022168863797560334, 0.0021342035698970513, 0.0021796533172684057, 0.002191989349999598, 0.0021484738016234978, 0.0021233726292848587]","[0.07199881225824356, 0.06401754170656204, 0.051881683990359306, 0.039800042286515236, 0.030554724857211113, 0.0240093981847167, 0.019097886979579926, 0.01579149439930916, 0.01279605645686388, 0.01073184609413147, 0.009071033913642168, 0.007946834433823824, 0.006965062581002712, 0.0061678639613091946, 0.005553652299568057, 0.005653265630826354, 0.004630276234820485, 0.0044858858454972506, 0.005133393919095397, 0.0038355098804458976, 0.00368205935228616, 0.003266073763370514, 0.003131990786641836, 0.0032409137347713113, 0.0029352783458307385, 0.0028177411295473576, 0.0027809125604107976, 0.0026615853421390057, 0.0026526591973379254, 0.0025499790208414197, 0.002520704991184175, 0.0025094866286963224, 0.0024531885283067822, 0.0024192307610064745, 0.002571514225564897, 0.002522806287743151, 0.002432129578664899, 0.002327827620320022, 0.0023878279607743025, 0.002975996001623571, 0.004691456677392125, 0.0024857359239831567, 0.0024490341311320662, 0.0022823717445135117, 0.0022557852789759636, 0.0022346857003867626, 0.0021800745162181556, 0.0021853556390851736, 0.0021675637690350413, 0.0021868315525352955, 0.002341558807529509, 0.002165300538763404, 0.002266876748763025, 0.0021576356957666576, 0.002135840361006558, 0.002166668127756566, 0.002114228205755353, 0.0021207688259892166, 0.0021056270343251526, 0.002163097611628473, 0.002067405846901238, 0.0020606229081749916, 0.0020460893865674734, 0.0020406217081472278, 0.002042848034761846, 0.0021343663102015853, 0.002084030711557716, 0.002037562371697277, 0.0020208772039040923, 0.002257302403450012, 0.0021411177003756166, 0.002023480774369091, 0.0020213950774632394, 0.001996149367187172, 0.0021028866758570075, 0.0020808264380320907]",0.15553077556501912,0.5635481226924735,0.169277902612576,0.6424496754294531,0.2027683318886512,0.9487032173342088,0.9426751592356682,0.38497226415358726,0.9264281564476959,42.192313955165446,cuda
SVDB,251_SVDB_id_15_Medical_tr_5421_1st_5521,SG,resnet18_autoencoder_frozen,128,10,10,64,100,0.001,"[0.049791838973760605, 0.030523951032332013, 0.019923882026757513, 0.012887158298066683, 0.009611289016902447, 0.00751119339838624, 0.005987302799310003, 0.0050067030159490445, 0.004262770559372646, 0.003981461382604071, 0.003928945632651448, 0.003746488763551627, 0.003613333749983992, 0.0035722996440849136, 0.0034190939207162175, 0.003365058551675507, 0.0034699988484914812, 0.0033347508204834802, 0.003372865163588098, 0.003181915730237961, 0.003343480206759913, 0.0031907459987061365, 0.0032918655779212713, 0.0030570348192538533, 0.00316418704044606, 0.0030694190479282823, 0.0030797216209716032, 0.003029587944703443, 0.002986247917371137, 0.0029504147158669575, 0.002940180295679186, 0.0028376849201907006, 0.002746649901382625, 0.002718594074914498, 0.0027045956812798977, 0.0025347346340173055, 0.002494148228184453, 0.0022788495157978366, 0.0022014749036835773, 0.0020581548368292196, 0.002008304598608187, 0.002050243367973183, 0.0018064331047103874, 0.0017197817297918455, 0.0016011291050485202, 0.0015295898109408362, 0.0014041654815498208, 0.0012996191258675285, 0.0012027144548483193, 0.0009522188172143485, 0.000890636517267142, 0.0007883491260664803, 0.0007612421135750733, 0.0006342731358017772, 0.0006477320733081017, 0.0008644645110637482, 0.0007614325981454126, 0.0005712997891740608, 0.0005856803119448679, 0.0005644307737903935, 0.0005170831697926458, 0.0004808116438133376, 0.0004045789038562881, 0.0005053271223524851, 0.0003840308470119323, 0.0004703720291477761, 0.000488428577747462, 0.00039566265435756316, 0.0003183238856893565, 0.00038182868489197323, 0.0003241870248790032, 0.0003459481231402606, 0.00022777938491864397, 0.0003100485565872597, 0.0003160866222710216]","[0.04799368232488632, 0.038673341274261475, 0.03112933784723282, 0.020569327287375927, 0.013905494939535856, 0.011318225879222155, 0.009371552616357803, 0.00870735663920641, 0.006576782092452049, 0.005027530016377568, 0.005401432514190674, 0.00417542178183794, 0.003987092524766922, 0.0035589031176641583, 0.00353253330104053, 0.0031944926595315337, 0.0031826926860958338, 0.0030756647465750575, 0.0029945713467895985, 0.0029909845907241106, 0.0029522933764383197, 0.002927440218627453, 0.002929262234829366, 0.00284957024268806, 0.0028044902719557285, 0.0027977636782452464, 0.0029190689092502, 0.0028988769045099616, 0.00277834665030241, 0.002773353480733931, 0.002684887731447816, 0.0026190270436927676, 0.0025823983596637845, 0.002531005418859422, 0.002420822042040527, 0.0023629727074876428, 0.002230421523563564, 0.0021570519311353564, 0.0019848629599437118, 0.0018807817832566798, 0.0018003431032411754, 0.0018015585374087095, 0.001690051460172981, 0.0015157541492953897, 0.0014107380411587656, 0.0014555174857378006, 0.0013501634821295738, 0.0010967457201331854, 0.0009773601486813277, 0.0008503204153385013, 0.0008607816707808524, 0.0008250370156019926, 0.0006935634010005742, 0.0006673391908407211, 0.0006347260205075145, 0.0011160392314195633, 0.0007525750261265785, 0.0005741717468481511, 0.0006762492412235588, 0.0007054279267322272, 0.0005890788452234119, 0.0006265878619160503, 0.00058429513592273, 0.0005058778042439371, 0.00041781824256759137, 0.0005258731544017792, 0.0005397276836447418, 0.0004867691168328747, 0.0005191360833123326, 0.00044799128954764456, 0.0004303619934944436, 0.00041981170943472534, 0.00039662819472141564, 0.0004141683311900124, 0.0004293874808354303]",0.34233075971163185,0.6023227648785399,0.35319772692984414,0.6873212868782888,0.4192611610046737,0.9487032173342088,0.9426751592356682,0.5183167104529219,0.9336624347054451,45.273807257879525,cuda
SVDB,251_SVDB_id_15_Medical_tr_5421_1st_5521,SG,resnet18_autoencoder_progressive_unfreeze,128,10,10,64,150,0.001,"[0.06206475730453219, 0.04072997346520424, 0.028974040544458797, 0.021043373537915095, 0.015919830783137252, 0.012254547593849046, 0.009697687279965197, 0.007790316095841783, 0.006477946548589638, 0.005578068617199149, 0.00500122517613428, 0.004159531156931605, 0.0038500798733106683, 0.003314179800716894, 0.003186373272910714, 0.0028096327358590706, 0.0026890849029379232, 0.0021706948589001384, 0.0018993574194610119, 0.0016354108395587122, 0.0026984414518145578, 0.0023302709783560465, 0.001665029608245407, 0.0010218151479161211, 0.0008105538020442639, 0.0010589184073199118, 0.0008239673084712454, 0.0006769705879768091, 0.0006498762023901301, 0.0007655069182094719, 0.0006555330473929644, 0.0006804734668029207, 0.0005877663497813046, 0.0005394603691196867, 0.0003564263086965574, 0.0004029657076379018, 0.00039233873498493006, 0.0003573193888379527, 0.0003242057116170015, 0.0005031574650534562, 0.0004239648073312959, 0.00037062933552078903, 0.00040023590138714226, 0.0003407148428128234, 0.0003212558097272579, 0.0002650251699378714, 0.0003204840135627559]","[0.059409551322460175, 0.05052514746785164, 0.039325954392552376, 0.02571543212980032, 0.022594891488552094, 0.01563649857416749, 0.014064077753573656, 0.009648832026869059, 0.008283370640128851, 0.006587183568626642, 0.005226264009252191, 0.004397179000079632, 0.004035354824736714, 0.003450357122346759, 0.0028259375831112266, 0.0024858068209141493, 0.0020613324595615268, 0.001870281994342804, 0.001557297830004245, 0.0014955703518353403, 0.004909089300781488, 0.003431182005442679, 0.0012466172338463366, 0.0008775593596510589, 0.000821730267489329, 0.0010095667385030538, 0.0005681516195181757, 0.0005628745420835912, 0.0005488786118803546, 0.0004027103277621791, 0.000659355748211965, 0.0003931107930839062, 0.0003951011167373508, 0.00041040382348001003, 0.0003447421477176249, 0.0003878995921695605, 0.00029498463845811784, 0.00034053053241223097, 0.00034505806979723275, 0.0003720962122315541, 0.00023452941240975633, 0.00032445613760501146, 0.00038387763197533786, 0.000282443841570057, 0.0003154102014377713, 0.00025069774710573256, 0.00026356174203101546]",0.312632480296408,0.5994238665648707,0.32314278766493654,0.6870307467180681,0.3682938818614495,0.9487032173342088,0.9426751592356682,0.42906949036517306,0.9321311421788449,34.48670108197257,cuda
SVDB,251_SVDB_id_15_Medical_tr_5421_1st_5521,SG,resnet18_autoencoder_differential_lr,128,10,10,64,100,0.001,"[0.07464960323912757, 0.048242193779775074, 0.03216895567519324, 0.021468320595366613, 0.015195619314908981, 0.011078075372747012, 0.008401618804782629, 0.00662207104531782, 0.005365461310637849, 0.004269532826063889, 0.003983697222013559, 0.0034416139658008304, 0.003488376902948533, 0.0030262411705085208, 0.0027428339568099807, 0.0027843899027045283, 0.0025703083291383727, 0.0024280318923826727, 0.0021909577938328895, 0.0019552912064162748, 0.0016097504246447767, 0.0013096158093373691, 0.0013345700489091022, 0.001079022526807551, 0.0010328789940103889, 0.0008110266727661448, 0.0010917518104958748, 0.00108022426554401, 0.0008603752565769744, 0.00082129638342719, 0.0007379421232534307, 0.0007529178734070488, 0.0006157716852612793, 0.0005066727421113423, 0.0005393961910158396, 0.000540081989519032, 0.00045322681294887194, 0.0004692376117288534, 0.0004175755976965385, 0.00041409172367171517, 0.0003671145823318511, 0.0003221544715675658, 0.0004187499372554677, 0.00034582624045599786, 0.00037519573275598565, 0.0003995064221921244, 0.0004800215018414227, 0.0006995166352550898, 0.0005945631627192986, 0.0005779734762784626, 0.0005905090656597167]","[0.07419754192233086, 0.06515077874064445, 0.046252112835645676, 0.02288469299674034, 0.013567928224802017, 0.010340826585888863, 0.00828042859211564, 0.006889720214530826, 0.005712216021493077, 0.004288746975362301, 0.0038887561531737447, 0.003142313798889518, 0.0029276623390614986, 0.002878755098208785, 0.002345671644434333, 0.00214695482281968, 0.002554968697950244, 0.001970894052647054, 0.001856233924627304, 0.0016229078755714, 0.0012507490464486182, 0.0011518257670104504, 0.0011058319942094386, 0.0010062403162010014, 0.0007183580892160535, 0.000992779474472627, 0.001467498834244907, 0.0008473914349451661, 0.0008163328748196363, 0.0006649685965385288, 0.0006681268278043717, 0.0005483929417096078, 0.00046996778110042214, 0.0004831144033232704, 0.0004305184120312333, 0.0004073871241416782, 0.000333708812831901, 0.00034054556454066187, 0.0003426218609092757, 0.00037338383845053613, 0.00029266279307194054, 0.00037626526318490505, 0.0003503670886857435, 0.0003213280360796489, 0.00029606447787955403, 0.00034070310357492417, 0.00029050951707176864, 0.0003768936003325507, 0.0006017167470417917, 0.0006911749951541424, 0.000368552835425362]",0.33282268456851233,0.5851114262289205,0.3373352081459203,0.6679511121191468,0.41185711608278336,0.9487032173342088,0.9426751592356682,0.5154113293955956,0.9329058340992491,32.834625236922875,cuda
SVDB,251_SVDB_id_15_Medical_tr_5421_1st_5521,SG,pvt_autoencoder_frozen,128,10,10,64,100,0.001,"[0.06516600879175323, 0.04205249782119479, 0.02930157445371151, 0.021016962560159818, 0.014963784388133458, 0.010708906820842199, 0.007580855129552739, 0.0054231554136744565, 0.004383927144642387, 0.003395431541970798, 0.002615730294824711, 0.0022522012337243985, 0.0017316873917090042, 0.0015238829655572772, 0.0014917238149791956, 0.0012893533733274256, 0.0011292420011678977, 0.0010923364565574697, 0.0011380153758052205, 0.0009495054338393467, 0.0009025655869793679, 0.0008386159398859101, 0.0008702833355138344, 0.0009100199926511518, 0.000854523603006133, 0.0008439439698122442, 0.0009994094185198524, 0.0006043965362810663, 0.0005822750057892076, 0.0005194743696068015, 0.0004857247570596103, 0.00046480417534309836, 0.0003835712351636695, 0.000559013444996838, 0.0005184656391585511, 0.0004645540611818433, 0.000571099783493472, 0.0004218331430040832, 0.00045214732277340123, 0.0004208172987481313, 0.0003522484829383237, 0.0003446180947191481, 0.0003727982361202261, 0.0004178476956440136, 0.0003927888548267739, 0.000411104248736852, 0.0003960266393343253, 0.0004342809136557792, 0.0003678994897719739]","[0.06215813755989075, 0.053277239203453064, 0.03588582016527653, 0.022191924042999744, 0.013078831601887941, 0.00874024024233222, 0.006100124679505825, 0.0047971203457564116, 0.004139674827456474, 0.0030467708129435778, 0.0028385788900777698, 0.001946327683981508, 0.0017965830047614872, 0.0018414802616462111, 0.0015293628093786538, 0.0013906477252021432, 0.001139317115303129, 0.0011149455676786602, 0.0010842593619599938, 0.0009696583147160709, 0.0010259828995913267, 0.0008751459245104343, 0.0010830259998328984, 0.001000585441943258, 0.0007555721967946738, 0.0007002549536991864, 0.0006755495851393789, 0.0006680998485535383, 0.000604293163632974, 0.0006464302714448422, 0.0006182082288432866, 0.000560270098503679, 0.0005180668667890131, 0.0006280022207647562, 0.0005111311911605299, 0.0006267901917453855, 0.0005344140517991036, 0.0006186793907545507, 0.0004910868883598596, 0.0004406276857480407, 0.0005665775970555842, 0.00042583093454595655, 0.0005804365209769458, 0.0004184867284493521, 0.0005063266435172409, 0.0004836868465645239, 0.000701503740856424, 0.00045921483251731843, 0.0006056149140931666]",0.3395648372306905,0.5995335039738758,0.34848825178989495,0.6856261427618388,0.4111251494000977,0.9487032173342088,0.9426751592356682,0.5114367015980901,0.9343670666102296,31.866166139021516,cuda
SVDB,251_SVDB_id_15_Medical_tr_5421_1st_5521,SG,pvt_autoencoder_progressive_unfreeze,128,10,10,64,150,0.001,"[0.055126706404345374, 0.03425001486071518, 0.02347997496170657, 0.016526561629559313, 0.012478812065507685, 0.009788805086697851, 0.0076922824207161155, 0.005969820377816047, 0.004841032404718655, 0.004158315780971732, 0.0037516584187479956, 0.003554509104495602, 0.003531326207199267, 0.003412832855246961, 0.0032912067669842926, 0.003230841298188482, 0.003145477967336774, 0.003038951628176229, 0.0030717195477336645, 0.0029470944511038916, 0.010862762607367975, 0.006564845996243613, 0.004664489367444601, 0.003528989917997803, 0.0031814620763595614, 0.0029810271891100065, 0.002943573453064476, 0.0029239237774163485, 0.0027985544708956566, 0.0028345598506608178, 0.002670922449656895, 0.0025347587818812045, 0.0022687563739184824, 0.00200294769768204, 0.0016980822297877499, 0.0015346819002713477, 0.001445361945245947, 0.00137378613830411, 0.0013540794939867087, 0.0012356808542140893, 0.0009933598921634257, 0.0010401001532695123, 0.001052514325627791, 0.000931234672732119, 0.0008899397258314171, 0.0006773575358758015, 0.0006920094435502376, 0.0006774149203140821, 0.0005848723854536989, 0.0005112050941014397, 0.00046874492545612156, 0.0004323276724400265, 0.00042980462395852167, 0.0004733114910777658, 0.0005772535680859749, 0.00037907007416444164, 0.0003662230405357799, 0.00038015767599322965]","[0.05504368804395199, 0.03725370578467846, 0.020666529424488544, 0.013217987027019262, 0.010688026435673237, 0.010630068834871054, 0.007882009260356426, 0.008085679728537798, 0.007211353396996856, 0.006085932487621903, 0.004005283699370921, 0.00356616685166955, 0.003458225983195007, 0.003217761404812336, 0.003210544236935675, 0.0030690672574564815, 0.0031154758762568235, 0.0029380497289821506, 0.0030616900185123086, 0.0028057090239599347, 0.018055307678878307, 0.005660541821271181, 0.0038910454604774714, 0.003911904990673065, 0.0035190186463296413, 0.0028630379820242524, 0.0030365040292963386, 0.002899612649343908, 0.002745073987171054, 0.0025799666764214635, 0.002370850066654384, 0.002244452596642077, 0.0020725635695271194, 0.0018651231657713652, 0.001512726303189993, 0.0016317811678163707, 0.001607162063010037, 0.0045472802594304085, 0.0010370861855335534, 0.0011715004802681506, 0.0007559136138297617, 0.001063112315023318, 0.001031937135849148, 0.0010051530261989683, 0.0006469463987741619, 0.000543463829671964, 0.0007210854964796454, 0.00044251742656342685, 0.0004342918982729316, 0.0006541266338899732, 0.0005012985202483833, 0.00035993529309052974, 0.0005247338413028046, 0.0004089075664523989, 0.0004704112798208371, 0.0006481917516794056, 0.0008498344395775348, 0.0007246452441904694]",0.3351352121844471,0.6129154683691457,0.33963110607893515,0.6993115213883715,0.4090293720397221,0.9487032173342088,0.9426751592356682,0.5167599011668081,0.9331491957019076,42.25134700303897,cuda
SVDB,251_SVDB_id_15_Medical_tr_5421_1st_5521,SG,pvt_autoencoder_differential_lr,128,10,10,64,100,0.001,"[0.07248985767364502, 0.05831473906125341, 0.05316105963928359, 0.04601372618760381, 0.03796079329081944, 0.03373853303492069, 0.02438603075487273, 0.020116993359157016, 0.015217468807739871, 0.012491576772715365, 0.012111777705805642, 0.011096737081451076, 0.010689421290797847, 0.014556236432066985, 0.01235722896776029, 0.011310794124645846, 0.010500825475901365, 0.009773289186081715, 0.009173534278358732, 0.008809254704309362, 0.00838395460907902, 0.008012294902333192, 0.007851961334901196, 0.007532087952962944, 0.007355259997504098, 0.007292263742004122, 0.007244420370885304, 0.006900677324405738, 0.006883549903120313, 0.006770780908742121, 0.00661904491218073, 0.006509330722370318, 0.006382583640515804, 0.006447272275441459, 0.006340449609394584, 0.006085971836000681, 0.005620081842477832, 0.005921332631260157, 0.0054200330882200175, 0.005169051167156015, 0.004788152540900877, 0.004420604623321976, 0.004216405928933195, 0.003948146177987967, 0.004048188549599477, 0.0037957310144390377, 0.0037189736696226256, 0.0035758864666734424, 0.003642669246931161, 0.003455301680202995, 0.003471465382192816, 0.0034074364230036736, 0.0032819541936208096, 0.0032041153338338646, 0.0032113484173480955, 0.00317231539104666, 0.0031045007718993084, 0.002835901520614113, 0.002523828198068908, 0.002181556757672557, 0.001794557020600353, 0.0014831159164064697, 0.0011681170352468534, 0.001248365268111229, 0.0015505888732150197, 0.001415729589228119, 0.0012286581664479204, 0.0011494289501570165, 0.0011771823545651777, 0.0011110956547781825, 0.0009901322690503938, 0.0008311873534694314, 0.0006532685531835471, 0.0006439854332711548, 0.0005782531516160816, 0.000541549442069871, 0.000581641323930983, 0.000701065333227494, 0.0006543862525307174, 0.0005940908948624772, 0.000636662813901369, 0.0005915073603059032, 0.0004463276543122317, 0.0005107947716689003, 0.0004947486533118146, 0.0004287562457778092, 0.0004016551829408854, 0.00039871727182929007, 0.0005322498826509607, 0.000506149758751105, 0.00040872885646032434, 0.00042634039086156657, 0.00041328770540920753, 0.0004169121093582362, 0.0004505705271315362]","[0.060067860409617424, 0.06045587733387947, 0.06668106466531754, 0.04705160856246948, 0.05175630748271942, 0.03330888971686363, 0.023386841639876366, 0.01739558670669794, 0.013770762830972672, 0.01140331756323576, 0.012374946847558022, 0.010814366862177849, 0.011166790034621954, 0.013322079554200172, 0.011550137773156166, 0.010964193847030401, 0.010033728554844856, 0.013189698569476604, 0.01014039246365428, 0.008545221295207739, 0.008044570684432983, 0.008235941175371408, 0.009949720930308104, 0.008025690447539091, 0.007130037993192673, 0.007201998261734843, 0.007667753146961331, 0.008484275080263615, 0.006648005452007055, 0.006623176159337163, 0.006557035725563765, 0.007112895138561726, 0.006285067880526185, 0.00646388903260231, 0.0061488100327551365, 0.010772998910397291, 0.007696001557633281, 0.006268714554607868, 0.005398115376010537, 0.0053311248775571585, 0.0054385121911764145, 0.005771700292825699, 0.004836509702727199, 0.0064598266035318375, 0.003981958492659032, 0.0038979460950940847, 0.0036824612179771066, 0.0039408482844009995, 0.004261308582499623, 0.0036324321990832686, 0.003432671190239489, 0.003379137720912695, 0.0038720060838386416, 0.004362957668490708, 0.0031369711505249143, 0.0037002884782850742, 0.0032732068793848157, 0.003088431083597243, 0.0026167003670707345, 0.0020875781192444265, 0.0017033994081430137, 0.0012987165246158838, 0.0011056802177336067, 0.0019237978267483413, 0.0020072864135727286, 0.0013210055185481906, 0.0021108274813741446, 0.0008766428509261459, 0.0016381564200855792, 0.0009680218645371497, 0.0006984835781622678, 0.0005361957300920039, 0.0004626716545317322, 0.0005044409481342882, 0.0006782952405046672, 0.0005305729573592544, 0.0005475837097037584, 0.0006806197925470769, 0.0007494359160773456, 0.00047577016812283546, 0.00043345190351828933, 0.0005157993728062138, 0.0003489153168629855, 0.0004752007807837799, 0.0003181486245011911, 0.00029916747007519007, 0.00030781776877120137, 0.00032603218278381974, 0.00040262777474708855, 0.00036207775701768696, 0.00030873682408127934, 0.0003062658943235874, 0.00027717060584109277, 0.0002599800573079847, 0.00025555308820912614]",0.3481045735024615,0.5739628423822825,0.35623805868885683,0.6575944577737828,0.4479274401962265,0.9487032173342088,0.9426751592356682,0.5667434792107381,0.9337379658434237,72.29703605896793,cuda
SVDB,251_SVDB_id_15_Medical_tr_5421_1st_5521,GASF,cnn_autoencoder,128,10,10,64,150,0.001,"[0.10870803786175591, 0.09092457166739873, 0.07488309059824262, 0.06137150898575783, 0.051267265741314204, 0.04289469229323523, 0.036524449075971334, 0.03148324973881245, 0.027664147849593843, 0.02444134865488325, 0.021725749330861226, 0.019437278753944805, 0.01748646343392985, 0.015726950684828416, 0.0142778234024133, 0.013098928944340773, 0.012134642340242863, 0.011239440313407354, 0.010474336732711111, 0.009830816050193139, 0.00913800292515329, 0.00841567718556949, 0.00798711832612753, 0.007652670677219119, 0.006792816333472729, 0.006410535092332533, 0.006312095560133457, 0.006211741029151848, 0.0055123188399842805, 0.005192133065845285, 0.004935183362769229, 0.004633334930986166, 0.004385154561272689, 0.0041429976200951, 0.003954141899677259, 0.003914585170735206, 0.0036612304725817273, 0.003540308979739036, 0.003358152661738651, 0.0032063366379588842, 0.0031138786247798373, 0.0029458989655332907, 0.002777018151911242, 0.0028226992581039667, 0.00289139078397836, 0.002601976123904543, 0.002541978843510151, 0.002431246086156794, 0.0023215966897883584, 0.0022338615796927896, 0.002307800592721573, 0.0023595511115023066, 0.002399470956463899, 0.002505922257634146, 0.0023515597983662572, 0.0021103982414518085, 0.0019038385611825756, 0.0019073984918317624, 0.0017827366245910525, 0.0018091150892100164, 0.0018350694361808045, 0.0016726062998973898, 0.0018037751350285752, 0.0016749095271474548, 0.0015585831466263958, 0.0015125601785257459, 0.001535440911538899, 0.0015809096262923308, 0.0014994064612048013, 0.0014061156460749252, 0.0014840442620749985, 0.0013312361302918621, 0.0013176634342276625, 0.0014117867519546831, 0.0014683075049625976, 0.0014780537291829074, 0.0014901305382539118, 0.0013654547011745827, 0.0012539515737444162, 0.0011493863837261284, 0.0013770961169419543, 0.0011444628388354821, 0.0012883861948336875, 0.0013081641269049474, 0.0015051307023635932, 0.0012794996645035489, 0.0012415240884625486, 0.0010666110985247152, 0.0010905219657745744, 0.0012522587452882103, 0.0010063950820559902, 0.0010985271905415825, 0.0010039070953748056, 0.0009922519675455987, 0.001243270800582, 0.0013944334849449141, 0.0010571574260081565, 0.0011408692225813866, 0.0011182544486863272, 0.0009600742237775453, 0.0009021085237951151, 0.000991535057047648, 0.0009695580146009368]","[0.11014636978507042, 0.1017829105257988, 0.07382119819521904, 0.05294768325984478, 0.04314349219202995, 0.03729732148349285, 0.032014863565564156, 0.029697207733988762, 0.02477582823485136, 0.022256312891840935, 0.019939182326197624, 0.017647678032517433, 0.016004023607820272, 0.015025680419057608, 0.013864689972251654, 0.012663623783737421, 0.0115931392647326, 0.01028389623388648, 0.009127981960773468, 0.008823795709758997, 0.008741267491132021, 0.008098189253360033, 0.007979843998327851, 0.00713221007026732, 0.007116439053788781, 0.006453576497733593, 0.0063814877066761255, 0.006175610236823559, 0.00519901979714632, 0.005290504777804017, 0.005352948093786836, 0.004554301500320435, 0.0046989875845611095, 0.004430658649653196, 0.004342855769209564, 0.004104376188479364, 0.00406124081928283, 0.003685379750095308, 0.003620788222178817, 0.00374906649813056, 0.0032701825257390738, 0.0032893085153773427, 0.0030552243115380406, 0.003094708197750151, 0.0035930785816162825, 0.002771742409095168, 0.0029982654377818108, 0.002838935819454491, 0.0026048935251310468, 0.0026785219088196754, 0.0026075650239363313, 0.0025481595657765865, 0.0026859008939936757, 0.0024834900395944715, 0.002544148825109005, 0.0023621362634003162, 0.002243549795821309, 0.002168402774259448, 0.0021392679773271084, 0.0022346264449879527, 0.001960815687198192, 0.0020940512185916305, 0.0019883470376953483, 0.0019361277809366584, 0.0018454677192494273, 0.0020374448504298925, 0.00186928769107908, 0.0018447025795467198, 0.0018454607925377786, 0.0016768480418249965, 0.001799065968953073, 0.0016969628049992025, 0.0016289718332700431, 0.0017649605288170278, 0.0015763125265948474, 0.001647818658966571, 0.0018230762798339128, 0.001553568581584841, 0.00160507537657395, 0.0015602275962010026, 0.001569541811477393, 0.0015115434653125703, 0.0017031224560923874, 0.0015199408517219126, 0.0016090613789856434, 0.001644751988351345, 0.0014885272830724716, 0.0013507006806321442, 0.0015216547762975097, 0.0013758987770415843, 0.0013710138737224042, 0.0013397333095781505, 0.0013127279235050082, 0.001296121219638735, 0.0017076345393434167, 0.0015567183145321906, 0.001486449094954878, 0.0014413059689104557, 0.0014486435684375465, 0.0012935215490870178, 0.0012803594581782818, 0.0012900918372906744, 0.0013937971671111882]",0.06289813787107351,0.49080761544180573,0.0931530749717481,0.6046896269542753,0.10921889324909603,0.6051392360909249,0.17139689483061318,0.11547039319035232,0.6771111307886786,56.10864731203765,cuda
SVDB,251_SVDB_id_15_Medical_tr_5421_1st_5521,GASF,resnet18_autoencoder_frozen,128,10,10,64,100,0.001,"[0.11162410570042473, 0.09838829828160149, 0.09061408042907715, 0.0781702750495502, 0.06411658440317426, 0.05403488076158932, 0.04915384469287736, 0.041612698031323295, 0.03665949297802789, 0.03344800961869104, 0.029732056760362217, 0.0270679449396474, 0.02480124150003706, 0.023518627509474754, 0.021491947450808117, 0.020431518820779666, 0.019525635721428052, 0.018044927024415562, 0.01796301653874772, 0.01574017054268292, 0.01411141934139388, 0.013003374582954816, 0.012759408913552761, 0.011136613520128387, 0.010405127757361956, 0.010483957827091217, 0.00966957291322095, 0.009125530320618833, 0.008635013297732388, 0.007684299921883004, 0.006952252771173205, 0.006668028754315206, 0.006125381615545068, 0.005754808895289898, 0.005468406381883791, 0.00500929934371795, 0.00517288435782705, 0.004924145194568804, 0.004208279973162072, 0.004205666881586824, 0.003887536270277841, 0.003816269970099841, 0.0036095039852495703, 0.0037653636786022355, 0.003431026457941958, 0.0030261050976280656, 0.0030698731674679686, 0.0030357526016554664, 0.00334227570731725, 0.0032010323900197235, 0.0029252134928745882, 0.0025555172136851718, 0.0030062278133950065]","[0.10847674310207367, 0.10302267968654633, 0.09424416720867157, 0.08590313047170639, 0.08242742344737053, 0.08047142252326012, 0.07308382540941238, 0.06822625175118446, 0.059396618977189064, 0.05291098169982433, 0.052721453830599785, 0.052243547514081, 0.04579850845038891, 0.04186670854687691, 0.03942205011844635, 0.042294180020689964, 0.03801177442073822, 0.03796851821243763, 0.04034899361431599, 0.037567729130387306, 0.03736525774002075, 0.03795000910758972, 0.036525286734104156, 0.0373126994818449, 0.037734195590019226, 0.03841870278120041, 0.03743569739162922, 0.036899272352457047, 0.036244817078113556, 0.03642755374312401, 0.03720114380121231, 0.03576204739511013, 0.03594224527478218, 0.03681306727230549, 0.03594012185931206, 0.036380376666784286, 0.03584943898022175, 0.037528956308960915, 0.036629851907491684, 0.03578490577638149, 0.03533044643700123, 0.03570232912898064, 0.03492630459368229, 0.0353521853685379, 0.035818036645650864, 0.035521507263183594, 0.03527713753283024, 0.03501373901963234, 0.03527858853340149, 0.0355889406055212, 0.03507721424102783, 0.03551316820085049, 0.03537038527429104]",0.06269808435826377,0.5097035805684258,0.09113366924481715,0.6157882329182559,0.10778799682325017,0.6034754029579386,0.17072499271855288,0.11952289132954211,0.6766554236990387,33.18331798911095,cuda
SVDB,251_SVDB_id_15_Medical_tr_5421_1st_5521,GASF,resnet18_autoencoder_progressive_unfreeze,128,10,10,64,150,0.001,"[0.10080820960657937, 0.08358646609953471, 0.0686707752091544, 0.05880673974752426, 0.049838589770453315, 0.04288220512015479, 0.03729697582977159, 0.033674493698137145, 0.031353656468646865, 0.027624563979251043, 0.0253956246056727, 0.02301859695996557, 0.02198960365993636, 0.020594936662486622, 0.018374540976115634, 0.016563639310853823, 0.015424300251262528, 0.015147255999701363, 0.01419173354016883, 0.013372475414403848, 0.019581581332853863, 0.019691195605056628, 0.015261026764554637, 0.012866237599934851, 0.011049326775329453, 0.010097320723746504, 0.00856222684628197, 0.008720825825418745, 0.007058848493865558, 0.006233618927321264, 0.0054477123942758355, 0.004735354334115982, 0.004335979531918254, 0.0042498600003974775, 0.004115542995610407, 0.00393233195479427, 0.0033414800252233234, 0.003274826000311545, 0.003275206478844796, 0.0031788624889616457, 0.003014507603698543, 0.0033085665199905634, 0.00296771403269044, 0.0025558140727558304, 0.002295840997248888, 0.0023101510014384985, 0.0022101916672129717, 0.002063022028388722, 0.0023911147145554423, 0.0017604336774508869, 0.002127735343362604, 0.0020043417046378765, 0.0018813404188092267, 0.002166045247577131, 0.002200896801826145, 0.00166728683481259, 0.001398785222720887, 0.0013085859328774469, 0.0012649660264807089, 0.0014942824408145888, 0.0012615756464323827, 0.0011536866492990936, 0.0013173044260059083, 0.0011188431775995664, 0.0012937567995062896, 0.0010590682005775826, 0.001024740224238485, 0.0009516835728261087, 0.0011230458455559398, 0.0009702824338871453]","[0.10030781105160713, 0.09547765552997589, 0.08750792220234871, 0.0760013572871685, 0.07573346793651581, 0.06611675024032593, 0.06516599655151367, 0.06332025304436684, 0.058432236313819885, 0.053947752341628075, 0.04889485239982605, 0.045430125668644905, 0.04596314951777458, 0.040958454832434654, 0.04224655590951443, 0.038057347759604454, 0.03908059000968933, 0.04112203046679497, 0.037502408027648926, 0.03961322084069252, 0.042292434722185135, 0.03765896335244179, 0.03294744808226824, 0.03071399126201868, 0.0282550984993577, 0.02811001893132925, 0.026802364736795425, 0.02635074220597744, 0.026383111253380775, 0.026280018500983715, 0.026647943072021008, 0.02585421595722437, 0.025342143140733242, 0.02547606360167265, 0.025645412504673004, 0.0257879626005888, 0.02554111462086439, 0.025132309645414352, 0.02532668597996235, 0.024884125217795372, 0.0250345254316926, 0.02530815824866295, 0.024858584627509117, 0.02425194438546896, 0.025671914219856262, 0.024174719117581844, 0.024145500734448433, 0.023885805159807205, 0.023658178746700287, 0.02376436535269022, 0.02386323641985655, 0.023984340950846672, 0.024170026183128357, 0.024120555259287357, 0.023828910663723946, 0.023351836018264294, 0.023023932240903378, 0.023158561438322067, 0.02309180423617363, 0.022679603658616543, 0.02315628994256258, 0.022809579968452454, 0.023021098226308823, 0.0228545144200325, 0.02298134472221136, 0.023297930136322975, 0.023111339658498764, 0.023154009133577347, 0.023012387566268444, 0.022915122099220753]",0.061003911339250254,0.5038162180228409,0.08812095338810172,0.6087799963802734,0.10841980160120274,0.583865610628513,0.15524555098630877,0.10112844817927752,0.6710554683157407,45.33832840388641,cuda
SVDB,251_SVDB_id_15_Medical_tr_5421_1st_5521,GASF,resnet18_autoencoder_differential_lr,128,10,10,64,100,0.001,"[0.11092718584196908, 0.10114822643143791, 0.09362498245068959, 0.08558050649506706, 0.07904270610639028, 0.07307785110814231, 0.06822820327111653, 0.061792664762054174, 0.051728526928595135, 0.04309737788779395, 0.03870693700654166, 0.034773673330034525, 0.03257493382053716, 0.028187650654997145, 0.02723779609160764, 0.026671546644398143, 0.024656938921128, 0.0235804801008531, 0.021769302498017038, 0.02124012527721269, 0.01985622170780386, 0.01933593356183597, 0.01822768763772079, 0.017211857650961195, 0.016054567747882435, 0.015328686285231794, 0.01562674223844494, 0.014571719270731722, 0.01410721814525979, 0.013660465500184469, 0.012430388081286634, 0.012553707563451358, 0.01273792955492224, 0.011058525581445013, 0.011205653127815043, 0.01048733653234584, 0.009899478937898363, 0.009178190492093563, 0.009089080749877862, 0.00817289249971509, 0.008247656148991414, 0.007448336841272456, 0.0071816810273698396, 0.006491883724395718, 0.00603537933368768, 0.00532854488119483, 0.005330179152744157, 0.005102859876517739, 0.005152910548661437, 0.004902345194880452, 0.004830786559198584, 0.005074199422129563, 0.004205385156508003, 0.004389767268938678, 0.003943633254883545, 0.003445677226409316, 0.0032799677989844766, 0.0028862388405416694, 0.002842688068215336, 0.0027035962723727736, 0.0027082825877836774, 0.0026797626965812276, 0.0024274089706263374, 0.002438463303925736, 0.002348155914140599, 0.0023489165219611357, 0.0023283609854323523, 0.0025932623871735166, 0.0022767224249296953]","[0.1054324135184288, 0.10223321244120598, 0.0955541655421257, 0.08716989681124687, 0.07805417478084564, 0.07317245379090309, 0.0663331039249897, 0.06329717114567757, 0.05396971479058266, 0.04185272753238678, 0.03725014068186283, 0.034106794744729996, 0.031246659345924854, 0.02836612518876791, 0.02615449856966734, 0.025443625636398792, 0.024294203147292137, 0.023408965207636356, 0.02296525426208973, 0.022132531739771366, 0.02188955433666706, 0.02156700473278761, 0.020446009933948517, 0.019726544618606567, 0.01900945883244276, 0.018653289414942265, 0.018486005254089832, 0.018462001346051693, 0.02054725307971239, 0.01785208471119404, 0.01727807056158781, 0.017419983632862568, 0.01844994816929102, 0.017349899746477604, 0.016763729974627495, 0.016450085677206516, 0.017421036958694458, 0.01546055544167757, 0.01565874181687832, 0.015020971652120352, 0.015004581306129694, 0.014887742698192596, 0.014733541756868362, 0.014786048326641321, 0.014687181450426579, 0.014194819144904613, 0.014526059851050377, 0.014924181625247002, 0.013615584000945091, 0.014293219894170761, 0.014624154660850763, 0.014205452054738998, 0.014856486581265926, 0.013756467495113611, 0.013971288688480854, 0.013512977864593267, 0.012980896979570389, 0.013413968496024609, 0.012803788296878338, 0.012936759274452925, 0.012994898483157158, 0.012754051946103573, 0.01312669925391674, 0.012826212216168642, 0.012879085727036, 0.012966058682650328, 0.012813991401344538, 0.012890422716736794, 0.012841345742344856]",0.06253288713928032,0.4950796244258621,0.0915328341199307,0.6070570596160122,0.10773360145180072,0.6222195718289701,0.1696462435474641,0.11298331697366225,0.6733291679718681,46.399616356007755,cuda
SVDB,251_SVDB_id_15_Medical_tr_5421_1st_5521,GASF,pvt_autoencoder_frozen,128,10,10,64,100,0.001,"[0.1093539691397122, 0.08955477497407369, 0.07272406135286603, 0.059381884655782154, 0.04874077545745032, 0.04106953261154039, 0.03456962241658142, 0.029775738982217654, 0.026349674644214765, 0.023278099351695607, 0.02110861082162176, 0.018355955236724446, 0.016695836558938026, 0.015125563501247339, 0.013745537825993128, 0.012317405348377568, 0.011149026187402862, 0.010017543765051025, 0.009296981351716178, 0.007866455242037773, 0.007203515685562577, 0.006354686538023608, 0.005669440209333386, 0.005688813847622701, 0.005173953316573586, 0.004767270359609809, 0.004649312667814749, 0.004261388410148876, 0.003961111352379833, 0.0035861600190401077, 0.0034005157316901852, 0.0032573852222412825]","[0.10613245889544487, 0.09480898454785347, 0.07154504582285881, 0.05443349480628967, 0.0462520495057106, 0.04107039421796799, 0.03848642483353615, 0.03695254400372505, 0.03710832819342613, 0.0349657628685236, 0.03447820618748665, 0.03258800879120827, 0.03221546486020088, 0.0325433574616909, 0.03229285031557083, 0.03243543952703476, 0.03238676581531763, 0.032896844670176506, 0.032491568475961685, 0.0321466363966465, 0.03179648332297802, 0.03164189215749502, 0.03204094246029854, 0.03283938206732273, 0.03252028115093708, 0.03306477889418602, 0.03298399783670902, 0.03309710696339607, 0.033108701929450035, 0.0328684039413929, 0.03284534998238087, 0.033252349123358727]",0.06132266292412476,0.5013040105122096,0.09041427938944727,0.6113190074110221,0.10774719514700656,0.5872172372738624,0.1472801488351427,0.10529023842510801,0.675102766419823,21.186749016866088,cuda
SVDB,251_SVDB_id_15_Medical_tr_5421_1st_5521,GASF,pvt_autoencoder_progressive_unfreeze,128,10,10,64,150,0.001,"[0.10186598343508584, 0.08263152944190162, 0.0651369642998491, 0.05136622169188091, 0.042683337948151996, 0.036199383437633514, 0.031004046755177633, 0.02697258602295603, 0.023918694949575832, 0.021660854241677692, 0.019416010273354396, 0.017584303660052165, 0.015788743804608072, 0.01365063405994858, 0.012401732882218701, 0.01075689188603844, 0.009759958301271712, 0.008533232712319918, 0.007752942653106791, 0.0071807630094034335, 0.050273270080132146, 0.0276084803044796, 0.02033824021262782, 0.016377542966178486, 0.013233403808304242, 0.01090317645243236, 0.008851852667118822, 0.007467988412827253, 0.006512751669756004, 0.005417021590151957, 0.004842257925442287, 0.0045934889598616534, 0.0037758824681597097, 0.0037890433533383267, 0.0033748224045016934, 0.0030940711897398743, 0.002848477501954351, 0.002501735796353647, 0.00205821921450219, 0.0022506230577294317, 0.0019067330618521997, 0.002024167566560209, 0.0019600068252267583, 0.0016988473112827965, 0.0015692400546478374, 0.0016547197675598519, 0.0015249686881101557, 0.001457791991664895, 0.0014934523663084423, 0.0014311971442241753, 0.0012734933157584497, 0.001289772568270564, 0.0012513038402955448, 0.0014835608723972524, 0.001184045786171087, 0.0012270717914881451, 0.001256258725853903, 0.0011819981903369939, 0.0011141715804114938, 0.0011905419690135335]","[0.09976839646697044, 0.0868108943104744, 0.06603478267788887, 0.049142979085445404, 0.04544544592499733, 0.04001382552087307, 0.037379490211606026, 0.03569152392446995, 0.034806910902261734, 0.034885773435235023, 0.03372426889836788, 0.03444182686507702, 0.033046185970306396, 0.0329454131424427, 0.032596999779343605, 0.03270737640559673, 0.03173500392585993, 0.032076677307486534, 0.03324311971664429, 0.0337627287954092, 0.046932779252529144, 0.0327599011361599, 0.028192770667374134, 0.027092548087239265, 0.025958562269806862, 0.025347658433020115, 0.024269884452223778, 0.024304213002324104, 0.024378182366490364, 0.02433718554675579, 0.023782369680702686, 0.024359996430575848, 0.024950592778623104, 0.0239091319963336, 0.02399207279086113, 0.024139361456036568, 0.023991163820028305, 0.023476948030292988, 0.023591299541294575, 0.023311756551265717, 0.02360904309898615, 0.02344539575278759, 0.023224586620926857, 0.023418527096509933, 0.023451280780136585, 0.023382234387099743, 0.023430640809237957, 0.0233053145930171, 0.023398635908961296, 0.02307963650673628, 0.023342875763773918, 0.02328275702893734, 0.02324188221246004, 0.023114384151995182, 0.023187889717519283, 0.02328462991863489, 0.023325257934629917, 0.0232835803180933, 0.023196721449494362, 0.02324287872761488]",0.062265390510678566,0.4975356716492508,0.09037468882046922,0.6065580826908361,0.10776079227311727,0.5881702598120508,0.1626504099102775,0.10675304393959509,0.6726390201155602,43.802392413141206,cuda
SVDB,251_SVDB_id_15_Medical_tr_5421_1st_5521,GASF,pvt_autoencoder_differential_lr,128,10,10,64,100,0.001,"[0.10988813745124, 0.09482709105525698, 0.08777036304984774, 0.08063552209309169, 0.07303470479590553, 0.06326060209955488, 0.05208702278988702, 0.043638087276901515, 0.0384956310902323, 0.034017209495816915, 0.03065993157880647, 0.02807490900158882, 0.02576233313551971, 0.0239997852061476, 0.02285595876829965, 0.02169333158859185, 0.02080186296786581, 0.019749526466642107, 0.018751119396516254, 0.01782839186489582, 0.01670664149735655, 0.01610671529280288, 0.015884869998054846, 0.014912630830492293, 0.01414962112903595, 0.013904687682432788, 0.01287639154387372, 0.011856719452355589, 0.011047923538301672, 0.010555808831538473, 0.0099188475869596, 0.009093925889049257, 0.008723802332367216, 0.008031979203224182, 0.00777242479047605, 0.007648831832089594, 0.007097509024398667, 0.00677168309422476, 0.006724126636981964, 0.005972796252795628, 0.005747274096523013, 0.0055136603436299735, 0.0050920952510620865, 0.004719199413167579, 0.00440833591190832, 0.004266623474125352, 0.003961029728608472, 0.004419998931033271, 0.0038841978779860903, 0.0035060523743075983, 0.0033273270154105766, 0.0030505684137876543, 0.0029437565244734287, 0.003124598214136703, 0.0030567076589379993, 0.0028609761835208963, 0.002736469897042428, 0.0026647887924419983, 0.002429370967937367, 0.0023087658087856005, 0.002250051242299378, 0.002314196334087423, 0.0022156548220664263, 0.002062462968751788, 0.0017659140784027322, 0.0017792995619986738, 0.0016319393845541136, 0.001778944777990026, 0.0018288972454943828, 0.0017534828511998057, 0.0015437903847279294, 0.0016502751802493418, 0.0014304327944825803, 0.001472519860336823, 0.0015911104856058955, 0.0014028848381713033, 0.0011580501117610506, 0.0012956412143207022, 0.0012308639208120959, 0.001042569995791252, 0.0009723603891740952, 0.001000587421003729, 0.0010509965775002325, 0.0010175048706254788, 0.0009529117461560028, 0.0009835083370230027, 0.001032085548753717, 0.0012496991299225815]","[0.1039067879319191, 0.10044964402914047, 0.09763095155358315, 0.08905421569943428, 0.08289917558431625, 0.06822861358523369, 0.056339094415307045, 0.043852781876921654, 0.03717014566063881, 0.032549288123846054, 0.029111300595104694, 0.028354736045002937, 0.02478616125881672, 0.0240985294803977, 0.023458571173250675, 0.022756323218345642, 0.02169467695057392, 0.021130706183612347, 0.020383884198963642, 0.020991193130612373, 0.018578041344881058, 0.019046843983232975, 0.018507737666368484, 0.01832597330212593, 0.016789223067462444, 0.01828419230878353, 0.016717230901122093, 0.015481888316571712, 0.015893452800810337, 0.014699393417686224, 0.014587592333555222, 0.014925066381692886, 0.013573641888797283, 0.01403852179646492, 0.014473974704742432, 0.013888196088373661, 0.013412024825811386, 0.013454116880893707, 0.01330735394731164, 0.01288204314187169, 0.012458023149520159, 0.01273097563534975, 0.01326952688395977, 0.012780892197042704, 0.012634458485990763, 0.012394867837429047, 0.01191607303917408, 0.012089909054338932, 0.011810272000730038, 0.012231443077325821, 0.011644335463643074, 0.012079254258424044, 0.012221957556903362, 0.011902022175490856, 0.011753265745937824, 0.011867035180330276, 0.011573052033782005, 0.011510260868817568, 0.01137910084798932, 0.011284750886261463, 0.011331032030284405, 0.011386141180992126, 0.01143107796087861, 0.011110293213278055, 0.01099338848143816, 0.010932616423815489, 0.010701491497457027, 0.010743264574557543, 0.011071201413869858, 0.011191616300493479, 0.01106166560202837, 0.011133573949337006, 0.011144640855491161, 0.010513636749237776, 0.010534580796957016, 0.010788698680698872, 0.010567138902842999, 0.01035876153036952, 0.01054669264703989, 0.010483487509191036, 0.010516777634620667, 0.010549882426857948, 0.010335422586649656, 0.01047849329188466, 0.010730956681072712, 0.010515889152884483, 0.010721093975007534, 0.010558249428868294]",0.06263174480884343,0.49659713774904635,0.09213595367039831,0.607246512447156,0.10774266353412376,0.5979238317609566,0.16227595332611552,0.10873175443063038,0.679995118418789,69.50971941812895,cuda
SVDB,251_SVDB_id_15_Medical_tr_5421_1st_5521,GADF,cnn_autoencoder,128,10,10,64,150,0.001,"[0.0830233416387013, 0.06151903314249856, 0.047623004232134135, 0.0386683525783675, 0.03153945239526885, 0.025669008227331296, 0.021000272195254053, 0.01720898744783231, 0.014338633444692408, 0.012023250040199076, 0.010052233402218138, 0.00841066740187151, 0.007073159130024058, 0.006158738530107907, 0.005374350119382143, 0.004806532258433955, 0.00427042819293482, 0.0037684216762759854, 0.0034339581948838066, 0.003184175617726786, 0.0028925952834210227, 0.0026475300546735525, 0.0023516800055014236, 0.002109129331074655, 0.001985950511880219, 0.0018984756731827343, 0.001721327708634947, 0.0016521323705092072, 0.001501733304134437, 0.0013879428151994944, 0.0013592676758500083, 0.0012836362501340254, 0.001293571782298386, 0.0012007174913638405, 0.0011911169526034168, 0.0011136466138330953, 0.0010678271729765193, 0.0010147443723066577, 0.0009623054065741599, 0.0009050309724573578, 0.0009406939830764063, 0.000848127287879054, 0.0008175723321203675, 0.0007963618513063661, 0.0007865699839645199, 0.0007892995823307761, 0.0007439712894016079, 0.0006896473933011293, 0.0006981457450560161, 0.0006920641254899758, 0.000692442649908896, 0.0006637183999243591, 0.0006627864287500935, 0.0006544236343220941, 0.0006724607748245555, 0.0006352462223730981, 0.0006161727693064936, 0.0006355582154355943, 0.0006128691186729286, 0.000600187257597489, 0.000587175866322858, 0.0005948252926048424, 0.0005755212291010789, 0.0005775341248538877, 0.0005383139526072357, 0.0005465235860486116, 0.0005344380624592304, 0.0005306596036202141, 0.0005182704314522978, 0.000543488937962268, 0.0005569369282706507, 0.0005053139965249491, 0.00047132563278345127, 0.00047962938801252415, 0.0004445022495929152, 0.00044171571166121533, 0.00048712765731449636, 0.00047526013804599643, 0.00044262627488933504, 0.00042630910008613555, 0.0004044975461770913, 0.0004135094308626971, 0.00040663535972791057, 0.00041050530022143254, 0.00041069031742933603, 0.0004105395346414298, 0.0004033821086133165, 0.0004220112251849579, 0.00039696800273044834, 0.0003899377188645303, 0.00039441829514024515, 0.00039660906103173535, 0.00037576139688358774, 0.00039729251459773095]","[0.08200003206729889, 0.07257908955216408, 0.054924244061112404, 0.039753928780555725, 0.03651444427669048, 0.029879499226808548, 0.0216602124273777, 0.017356503754854202, 0.013889061752706766, 0.012281610164791346, 0.011012978851795197, 0.00947938533499837, 0.006877724314108491, 0.005726254777982831, 0.005260135512799025, 0.004778965376317501, 0.004181490978226066, 0.004008107585832477, 0.004174968460574746, 0.003241143189370632, 0.0030448567122220993, 0.002799918642267585, 0.0025871145771816373, 0.0023766065714880824, 0.0023551719496026635, 0.0022347455378621817, 0.0020995313534513116, 0.001974328013602644, 0.0018257277552038431, 0.0017844238318502903, 0.0017341307830065489, 0.0016799640725366771, 0.0016251028282567859, 0.0017450146260671318, 0.0015526075148954988, 0.0014701799373142421, 0.0014303636853583157, 0.0013414276181720197, 0.0013050706475041807, 0.0012143184430897236, 0.0012268757564015687, 0.0012450277572497725, 0.0012388253817334771, 0.0011306560481898487, 0.001155646692495793, 0.0010906991083174944, 0.0010258180554956198, 0.0010206090519204736, 0.00106495909858495, 0.0010992109891958535, 0.0010060554486699402, 0.0009326449653599411, 0.0009410556231159717, 0.0010665096924640238, 0.0009136851294897497, 0.0008789953717496246, 0.0009909482032526284, 0.0009144450596068054, 0.0008610678487457335, 0.0008784091332927346, 0.0008358976047020406, 0.0008373875170946121, 0.0008869579760357738, 0.0008924637222662568, 0.0007692372018937021, 0.0008497501548845321, 0.0008002058311831206, 0.000769205013057217, 0.0007790042436681688, 0.0008298076572827995, 0.0007966773409862071, 0.0007265791937243193, 0.0007068950217217207, 0.0006958079466130584, 0.0006934496923349798, 0.0006778114184271544, 0.0006847020122222602, 0.0007245366577990353, 0.0006637540936935693, 0.0006622789369430393, 0.0006544296338688582, 0.0006518603477161378, 0.0006548165110871196, 0.0006866785988677293, 0.0006383821018971503, 0.0006444352038670331, 0.0006367960595525801, 0.0006338820094242692, 0.0006323182315099984, 0.0006228027923498303, 0.0006261687667574733, 0.0006215604953467846, 0.0006181405042298138, 0.0006239209906198084]",0.05549216812485126,0.4607353752588144,0.07786164354113238,0.5652889770789775,0.10773360145180072,0.5279353326766973,0.1429127220853324,0.49958982051993156,0.6707166742093276,51.03589505702257,cuda
SVDB,251_SVDB_id_15_Medical_tr_5421_1st_5521,GADF,resnet18_autoencoder_frozen,128,10,10,64,100,0.001,"[0.0902924622808184, 0.08211082645824977, 0.07180777937173843, 0.056932668068579266, 0.047343810221978595, 0.03984987735748291, 0.035895382187196186, 0.031773805884378295, 0.027096651228410856, 0.025345802839313234, 0.022238256941948618, 0.02023270060973508, 0.018768850980060443, 0.0174470418798072, 0.01670190824994019, 0.015250382545803274, 0.01511750662965434, 0.015990738357816423, 0.01383854728192091, 0.012930361021842276, 0.011532315186091832, 0.010490023797111852, 0.010147739467876298, 0.009401203399258, 0.008832695494805063, 0.008347471909863608, 0.007977468826408898, 0.007732177286275795, 0.0073335605141307625, 0.007331700929041419, 0.006757576351187059, 0.006322342303714582, 0.006022235312099967, 0.006009337093148913, 0.005692710301705769, 0.0052107045027826515, 0.004963493839438472, 0.004765612804996116, 0.004679915628262928]","[0.08323437720537186, 0.08307375386357307, 0.08086223155260086, 0.07261813804507256, 0.06465547531843185, 0.07161151990294456, 0.05674992688000202, 0.04877832159399986, 0.04303263500332832, 0.04093063063919544, 0.03757885843515396, 0.03445742465555668, 0.03208876308053732, 0.031142364256083965, 0.03189778979867697, 0.03235112689435482, 0.031990379095077515, 0.03172702807933092, 0.03200474753975868, 0.032052251510322094, 0.03112918883562088, 0.030843201093375683, 0.03112270776182413, 0.030417795293033123, 0.030485394410789013, 0.03116377256810665, 0.03072389028966427, 0.030736966989934444, 0.030213345773518085, 0.030460888519883156, 0.030400964431464672, 0.03029034100472927, 0.031154660508036613, 0.03030021581798792, 0.030632849782705307, 0.030773715116083622, 0.030485963448882103, 0.030605715699493885, 0.030560294166207314]",0.06085935594544156,0.48862181140582517,0.08021277977499312,0.5857295639868066,0.10773360145180072,0.5590381624596243,0.15735076435373752,0.12787760272974538,0.675186951953728,23.688449577894062,cuda
SVDB,251_SVDB_id_15_Medical_tr_5421_1st_5521,GADF,resnet18_autoencoder_progressive_unfreeze,128,10,10,64,150,0.001,"[0.088893395449434, 0.07893347420862742, 0.06271999648639134, 0.04909689777663776, 0.040503934025764465, 0.035526524164846966, 0.031970277694719176, 0.028819684737495015, 0.02562545639063631, 0.022790986778480665, 0.02138401647763593, 0.020355226205927984, 0.018883677332529, 0.016892932089311734, 0.016452358503426825, 0.0146408508132611, 0.013329471860613142, 0.01295322086662054, 0.0123178789924298, 0.011839832179248333, 0.01806166914424726, 0.018218768494469777, 0.014762619377246924, 0.011562947716031755, 0.010188413384769644, 0.008320049116654056, 0.007562957770590272, 0.006842517626604864, 0.006342670747212001, 0.005710528365203312, 0.004944327952606338, 0.004566779559744256, 0.00428905976670129, 0.003847834820459996, 0.0033548869791307618, 0.0032347656254257473, 0.0029941482935100794, 0.0026226077960538013, 0.002335524352799569, 0.002171820728108287, 0.0018954300820561393, 0.002040604262479714, 0.001953831857203373, 0.0018875071047140019, 0.0017223511489906482, 0.0016748132350455438, 0.0016318463687119739, 0.001672933011182717, 0.0014888562062489136, 0.0013648507384849446, 0.0013021044433116913, 0.00130782402785761, 0.001193002049279, 0.0011358993194465125, 0.0009285220044798084, 0.0009012018646379667, 0.0009056288649195007]","[0.08346021547913551, 0.08298486471176147, 0.07809237390756607, 0.06743208318948746, 0.06836250424385071, 0.0626387782394886, 0.05439971946179867, 0.0462461281567812, 0.04158351756632328, 0.03939059004187584, 0.036981431767344475, 0.03555992245674133, 0.03244452364742756, 0.030903424136340618, 0.02995715383440256, 0.03064141981303692, 0.030643492005765438, 0.030932732857763767, 0.03063150681555271, 0.03023655153810978, 0.034864505752921104, 0.028906797990202904, 0.025695270858705044, 0.024647442623972893, 0.024864924140274525, 0.02350547071546316, 0.02345547080039978, 0.022527609951794147, 0.02192165981978178, 0.022293051704764366, 0.022641530260443687, 0.021827509626746178, 0.02170426119118929, 0.02177058532834053, 0.021571612916886806, 0.021230178885161877, 0.020953772589564323, 0.02088298462331295, 0.021043507382273674, 0.020899910479784012, 0.020931420847773552, 0.021386402659118176, 0.02122378721833229, 0.02084866166114807, 0.020846168510615826, 0.02080364990979433, 0.020080610178411007, 0.020815919153392315, 0.020949939265847206, 0.02076121885329485, 0.020858177915215492, 0.020750570110976696, 0.021091721020638943, 0.020525552332401276, 0.020761326886713505, 0.020556624047458172, 0.020512348040938377]",0.05904297548647884,0.4973097076835082,0.08167125563066407,0.5943069080077225,0.1091666001798295,0.558804920913884,0.14793171076062386,0.12787760272974538,0.680685728125007,36.42348666815087,cuda
SVDB,251_SVDB_id_15_Medical_tr_5421_1st_5521,GADF,resnet18_autoencoder_differential_lr,128,10,10,64,100,0.001,"[0.09120964684656688, 0.08396318235567637, 0.0830018041389329, 0.08252738416194916, 0.08185046485492162, 0.07584405903305326, 0.06787674129009247, 0.06363863497972488, 0.05695984246475356, 0.04855516606143543, 0.03938186966947147, 0.03035748510488442, 0.02604348265698978, 0.024079830518790653, 0.022061119388256754, 0.02078334109059402, 0.021908484399318695, 0.02046729438006878, 0.01930081152490207, 0.01832221820950508, 0.01771633593099458, 0.017481624547924315, 0.016904874172593867, 0.016520715318620205, 0.015571749236966883, 0.015228066859500749, 0.014487787149846554, 0.01380874908396176, 0.012996065696435315, 0.01285561200763498, 0.013222916317837579, 0.012415947392582893, 0.01164517258959157, 0.011097986118069716, 0.010846823054764951, 0.010251315044505256, 0.009830313468618053, 0.009407066939664739, 0.009174551016518049, 0.008339093000228916, 0.008106589117752654, 0.0074631768677915844, 0.007173371035605669, 0.006958430765994957, 0.0064768124637859205, 0.006372540989624602, 0.005830278220985617, 0.005621859471180609, 0.005492780956306628, 0.005399250891059637, 0.005148800821708781, 0.004907318923090186, 0.004572412398244653, 0.0041344793779509404, 0.0038170061473335537, 0.0035333226967070785, 0.0033216933786336866, 0.003057874838954636, 0.003059796855917999, 0.0030498533908809933, 0.002842074492946267, 0.002770856355449983, 0.002500682936183044, 0.002435268268787435, 0.0023080738028511405, 0.0021473682219428675, 0.0020779811644128393, 0.001971958304888436, 0.001970245918658163, 0.001812331295306129, 0.0016734531714713999, 0.0015343823969098075, 0.0015075394351567542, 0.0013870876947683947, 0.001491693064703473, 0.0013481284425194775, 0.00130956999159285, 0.0013122554436059935, 0.0012865149016891206, 0.001255908448781286, 0.0012317013045373773, 0.00114542936041419, 0.001115899982063898, 0.001151717035099864, 0.0011270457595985914, 0.0010821100856576646]","[0.083940289914608, 0.08364715799689293, 0.08333048596978188, 0.0830482579767704, 0.08199561014771461, 0.07729203626513481, 0.07059566676616669, 0.06826557219028473, 0.06110888347029686, 0.052251581102609634, 0.03617669828236103, 0.02620142139494419, 0.026056631468236446, 0.023576658219099045, 0.02196459472179413, 0.021036071702837944, 0.021785466000437737, 0.020309546031057835, 0.019343928433954716, 0.01870928891003132, 0.0180605286732316, 0.01745668053627014, 0.017729250714182854, 0.01673946436494589, 0.0165419839322567, 0.016306069679558277, 0.01604583067819476, 0.01624590763822198, 0.015312381088733673, 0.015498527325689793, 0.015213471837341785, 0.01483649667352438, 0.014511029236018658, 0.014667998068034649, 0.014358655083924532, 0.014303712639957666, 0.013950006570667028, 0.013748661149293184, 0.013704607263207436, 0.013637719210237265, 0.013374829199165106, 0.013036757707595825, 0.01274174079298973, 0.013011293020099401, 0.012953683268278837, 0.01253160648047924, 0.012580811977386475, 0.012527507729828358, 0.012468511704355478, 0.012046154588460922, 0.012882050592452288, 0.012402025982737541, 0.01201473269611597, 0.011963830795139074, 0.011979622300714254, 0.0117931985296309, 0.011562764178961515, 0.011665652971714735, 0.011722440831363201, 0.011916154064238071, 0.011477198917418718, 0.011167130433022976, 0.011047153268009424, 0.011172191705554724, 0.011100111994892359, 0.011220442596822977, 0.011274149641394615, 0.0111954715102911, 0.011336864437907934, 0.011058125644922256, 0.010794802568852901, 0.010843669064342976, 0.010766873136162758, 0.01074504991993308, 0.010717571713030338, 0.010629091877490282, 0.010650186333805323, 0.01082954416051507, 0.010627486743032932, 0.010710541158914566, 0.010688720736652613, 0.010561754461377859, 0.010641147382557392, 0.010702093131840229, 0.010665295645594597, 0.010694906115531921]",0.056902277777449106,0.4798441990821506,0.07776136554492943,0.5789069062869394,0.10773360145180072,0.5235550959439274,0.1400298569076497,0.49958982051993156,0.6725631105949884,56.83501834794879,cuda
SVDB,251_SVDB_id_15_Medical_tr_5421_1st_5521,GADF,pvt_autoencoder_frozen,128,10,10,64,100,0.001,"[0.09183831406491143, 0.08292522387845176, 0.07972863422972816, 0.07370030134916306, 0.06275248527526855, 0.05220741725393704, 0.04413136946303504, 0.0386012148644243, 0.034141602526818006, 0.030433705342667445, 0.028289145656994412, 0.025910251906939914, 0.023820032764758383, 0.02241504697927407, 0.020199956372380257, 0.018397513510925428, 0.01726871808724744, 0.015564856917730399, 0.014382027488734041, 0.013302444081221308, 0.012183125529970442, 0.011268102563917637, 0.010048578227204936, 0.008895448275974818, 0.00826243796784963, 0.007515189836599997, 0.006943509049181428, 0.006043765826949051, 0.00541637119437967, 0.005001511757395097, 0.004545594066647547]","[0.08375905826687813, 0.08293529972434044, 0.07969023659825325, 0.07085135206580162, 0.058643437922000885, 0.04969882406294346, 0.04605155996978283, 0.03818014822900295, 0.03548947349190712, 0.03366062790155411, 0.03329514339566231, 0.030921165831387043, 0.03201463259756565, 0.031179536134004593, 0.029851054772734642, 0.03138662222772837, 0.03021466638892889, 0.030527773313224316, 0.030635936185717583, 0.0298781655728817, 0.029615784995257854, 0.030481256544589996, 0.03102035168558359, 0.031140541657805443, 0.0313479695469141, 0.03140879236161709, 0.03202228806912899, 0.03196088969707489, 0.03151716664433479, 0.03177720494568348, 0.03226230479776859]",0.09068330029029811,0.5196316626449419,0.09897722587373917,0.6154105858826844,0.11581471932213291,0.6411040015280298,0.43235781336278256,0.17478926137930895,0.7120303848050277,20.98319942993112,cuda
SVDB,251_SVDB_id_15_Medical_tr_5421_1st_5521,GADF,pvt_autoencoder_progressive_unfreeze,128,10,10,64,150,0.001,"[0.09055964648723602, 0.08163773587771825, 0.07107580772468022, 0.05915587395429611, 0.04793261257665498, 0.041309024074247906, 0.035049847726311, 0.030819122014301165, 0.026526054899607385, 0.0233741072671754, 0.02134491370192596, 0.018966203023280417, 0.01733298067535673, 0.016167010978928635, 0.014946305326053075, 0.013553781567939691, 0.01214829393263374, 0.011029955531869615, 0.010517362638243608, 0.009432001837662287, 0.05495336212749992, 0.028864778312189237, 0.022658190290842737, 0.01944211151983057, 0.01710977591574192, 0.015428921739969934, 0.013827974641961711, 0.01225816085934639, 0.011086393546845232, 0.010128101600067956, 0.009043988638690539, 0.007874062550919396, 0.007123727151857955, 0.006335743835994175, 0.005732697301677295, 0.005159565114549228, 0.0047587195544370586, 0.004385720273213727, 0.004105915914156607, 0.0035928914855633464, 0.003156649480972971, 0.0027570008034152643, 0.0025271556140588863, 0.0024210581822054727, 0.0021525457767503603]","[0.08396035060286522, 0.08165384456515312, 0.07125591859221458, 0.05875037796795368, 0.05281538888812065, 0.041890379041433334, 0.03782433457672596, 0.03572787903249264, 0.035142592154443264, 0.03314123395830393, 0.03194480948150158, 0.03176977299153805, 0.032516371458768845, 0.03281862009316683, 0.03141873888671398, 0.03188908938318491, 0.031387743540108204, 0.03522707521915436, 0.033383662812411785, 0.03625094052404165, 0.04755889251828194, 0.030501553788781166, 0.02342669479548931, 0.02054356038570404, 0.020035263150930405, 0.01818180736154318, 0.018566899932920933, 0.017686951905488968, 0.017235823906958103, 0.018081095069646835, 0.01715474296361208, 0.01750813238322735, 0.017128135077655315, 0.017337399534881115, 0.016938529908657074, 0.01752317138016224, 0.017248027957975864, 0.016876233741641045, 0.017345167696475983, 0.01689161267131567, 0.01747619453817606, 0.017447256483137608, 0.017337828874588013, 0.016901514492928982, 0.01777314767241478]",0.055325052418169665,0.4750482251344217,0.07799525655781443,0.5772402671024269,0.10773360145180072,0.5443227606157661,0.12431852267800135,0.49958982051993156,0.6741738121593719,33.11451686103828,cuda
SVDB,251_SVDB_id_15_Medical_tr_5421_1st_5521,GADF,pvt_autoencoder_differential_lr,128,10,10,64,100,0.001,"[0.08824118333203453, 0.07497956071581159, 0.06413371594888824, 0.05777721905282566, 0.05444545777780669, 0.05315875528114183, 0.049785777394260676, 0.04805745077984674, 0.04615640214511326, 0.04363886533038957, 0.03454547907624926, 0.02855531152869974, 0.02511573689324515, 0.02279504228915487, 0.02179902951632227, 0.02107505846236433, 0.01992910514984812, 0.0186517419559615, 0.018215343356132507, 0.01779629835592849, 0.017242021060415676, 0.016319320537149906, 0.015961409812527045, 0.015335854941180773, 0.014870999647038323, 0.01433048743222441, 0.013558602492724146, 0.013381654529699258, 0.012850407510995865, 0.012517526745796204, 0.012130688742867537, 0.011736043063657624, 0.011407782190612384, 0.011249526403844357, 0.010644558551056045, 0.010183132120541163, 0.009689410217106342, 0.00931360772145646, 0.009450164423989398, 0.008847363226647888, 0.008464878558048181, 0.007964675447770528, 0.007386104536375829, 0.00700607942417264, 0.006668731969382081, 0.006393752326922757, 0.006179605610668659, 0.0059415857041520736, 0.005445880748863731, 0.005205482111445495, 0.004992098946656499, 0.004851892257907561, 0.004696771036833525, 0.004280631430447102, 0.003934263717383146, 0.003792316253696169, 0.003557792033201882, 0.0034305588009634186, 0.0032577952702662776, 0.0030255142067159924, 0.002938801921637995, 0.0029941144665437086, 0.0027923693747392724, 0.002490758430212736, 0.002432247856631875, 0.0021959577487515552, 0.002036948738220547, 0.0018852420450587357, 0.0018899556515472276, 0.0018876091177974428, 0.0017466215483312095, 0.0015892979821988515, 0.0015463336437408412, 0.0015010331158659288, 0.0014042903037209595, 0.0012667954101094178, 0.0010717730869406036, 0.0009835582126730255, 0.0009724856104834803, 0.0009237704216502607, 0.0009212136251984962, 0.000860174569035215, 0.0008343968407383987, 0.0008288348076998123, 0.0008434490383868771, 0.0008717559560734246, 0.0008186042375330414, 0.0008055547950789332]","[0.08280481025576591, 0.07814425975084305, 0.06837841495871544, 0.06866390258073807, 0.06302974186837673, 0.05871839262545109, 0.05544086918234825, 0.053614942356944084, 0.053266989067196846, 0.050162533298134804, 0.0400256123393774, 0.02648788783699274, 0.023201962932944298, 0.02441840711981058, 0.02172226645052433, 0.019943284802138805, 0.01988741010427475, 0.01869470626115799, 0.01968934666365385, 0.018912646919488907, 0.017312055453658104, 0.017046469263732433, 0.01605905219912529, 0.015293664764612913, 0.015287786722183228, 0.014825189020484686, 0.014705893117934465, 0.015010316390544176, 0.014030399266630411, 0.01355111412703991, 0.014075612649321556, 0.013466381002217531, 0.01391455577686429, 0.013167000375688076, 0.013188378885388374, 0.0127376071177423, 0.012598177883774042, 0.012226431164890528, 0.013124106451869011, 0.012115717865526676, 0.012071500532329082, 0.011696810834109783, 0.01149741793051362, 0.011235525831580162, 0.011322837322950363, 0.011036436539143324, 0.010968759655952454, 0.011138835456222296, 0.010549049358814955, 0.010576913598924875, 0.011049621272832155, 0.010518853552639484, 0.010342716705054045, 0.010608683340251446, 0.01010528951883316, 0.01021190406754613, 0.010387373622506857, 0.010020447429269552, 0.01011770311743021, 0.010026376228779554, 0.010351807810366154, 0.010047591291368008, 0.010121459607034922, 0.009861700236797333, 0.00990438973531127, 0.009860255755484104, 0.00947287492454052, 0.00929026585072279, 0.009247628971934319, 0.009334989357739687, 0.009487603325396776, 0.009478513151407242, 0.009377829730510712, 0.009282362647354603, 0.00927721569314599, 0.009068419225513935, 0.008904691319912672, 0.008794335182756186, 0.008797489572316408, 0.008803009521216154, 0.008807815611362457, 0.008851438760757446, 0.00874560116790235, 0.008884150069206953, 0.008873197250068188, 0.00878106988966465, 0.008782571647316217, 0.008795356843620539]",0.054541156623629426,0.48117628845012095,0.07548303305066915,0.5787997517834794,0.10773360145180072,0.5266412940057088,0.10837019153022738,0.12787760272974538,0.6730479649125757,68.94820707920007,cuda
SVDB,251_SVDB_id_15_Medical_tr_5421_1st_5521,MTF,cnn_autoencoder,128,10,10,64,150,0.001,"[0.1350063436797687, 0.11365478592259544, 0.0988933869770595, 0.08597503921815328, 0.07539991395814079, 0.06657442663397108, 0.05854890123009682, 0.051660160933222087, 0.04608400645000594, 0.04090491522635732, 0.03610142373612949, 0.031657008454203606, 0.02795135815228735, 0.024376180289047106, 0.02118623735649245, 0.01858084968158177, 0.01616726829005139, 0.014116573546613966, 0.012826494606477874, 0.011153908845569407, 0.010147040709853172, 0.009046976454555988, 0.008000592301998819, 0.007889572464461838, 0.006815633470458644, 0.006293930046792541, 0.0055755867755838805, 0.005120273014264447, 0.0047393980036888805, 0.004271676664107612, 0.004160544203062143, 0.003842333930411509, 0.003570042084902525, 0.003451228707230517, 0.0032951602645750555, 0.0029626299760171343, 0.0028341394583029406, 0.0028452675323933363, 0.002875138240467225, 0.002550299811576094, 0.002522282036287444, 0.0023450626925166163, 0.0023629345066313234, 0.0021019453914569958, 0.002045200439170003, 0.0019413413080785955, 0.0019297064282000065, 0.0018595422651352628, 0.0017908648421455706, 0.0017371369093390448, 0.0016429269619818246, 0.0017414426464321358, 0.0015483613491856626, 0.001915758874799524, 0.0014264302527798073, 0.0014236436358519963, 0.0013448682480624744, 0.0013663579510258777, 0.0013055289164185524, 0.0012601363040240748, 0.0012005818342523916, 0.0012240833602845669, 0.001351225090080074, 0.0013384003624586122, 0.001172071006814284, 0.0012993352554206336, 0.0011974188964813948, 0.0011433998089549796, 0.001193286185818059, 0.0010620789003691503, 0.0010816388530656695, 0.0009617275042858507, 0.0010032756669845963, 0.0009545103696707104, 0.0010989368477437114, 0.0011675745564779, 0.0010510844960143523, 0.001085977302864194, 0.001024197113500642, 0.0010089155486119644, 0.0008763124684004911, 0.0009685735318011471, 0.0007867215982904392, 0.0008252647156561059, 0.0007787305845080742, 0.0007941325145241405, 0.0007825909664721362, 0.0007340461764085506, 0.0007051704700903169, 0.000759218362093504, 0.0007788243986267064, 0.0008023916660541934, 0.000815122779126146, 0.0008107585682799774, 0.0007145643300775971, 0.0007022627230201449, 0.0006924946958731328, 0.0006950832155000951, 0.0008077829510771803, 0.0007083499055754926, 0.0006754202934514199, 0.0006712371084306921, 0.0006559632103224951, 0.000688736468353974, 0.0006629465330791261, 0.000739549270032772, 0.0006513505192872669, 0.0007002498854749969, 0.0006575087650812098, 0.0006693644183022636]","[0.14089876413345337, 0.13243312388658524, 0.11105096340179443, 0.09213946387171745, 0.07698305323719978, 0.0663781426846981, 0.058716144412755966, 0.051176318898797035, 0.048193491995334625, 0.041924720630049706, 0.036797866225242615, 0.03497529774904251, 0.029975772835314274, 0.026385493576526642, 0.021635720506310463, 0.019755667075514793, 0.018823664635419846, 0.015281067229807377, 0.013215433340519667, 0.011679967399686575, 0.011058269068598747, 0.010290477890521288, 0.009125981945544481, 0.007808990310877562, 0.007687381003051996, 0.007256379816681147, 0.006527747260406613, 0.00623819581232965, 0.0058375338558107615, 0.005579847376793623, 0.005210007773712277, 0.004828308010473847, 0.004503553733229637, 0.004591171396896243, 0.0045890784822404385, 0.00423675449565053, 0.00393271679058671, 0.004440587712451816, 0.004041369538754225, 0.0037047573132440448, 0.003470229101367295, 0.003855798509903252, 0.0033273871522396803, 0.003301421646028757, 0.0032340381294488907, 0.003178104874677956, 0.0029834614833816886, 0.002910566283389926, 0.003298682626336813, 0.002850753953680396, 0.0028117807814851403, 0.002660812810063362, 0.002963659935630858, 0.0026421310612931848, 0.0028066105442121625, 0.0025529725244268775, 0.0025098349433392286, 0.002535260282456875, 0.0023973314091563225, 0.0024890674976632, 0.00248010887298733, 0.0026144590228796005, 0.0024888667976483703, 0.0023705741623416543, 0.002488699508830905, 0.002416540286503732, 0.0023231579689309, 0.0023432120215147734, 0.002378033590503037, 0.002289431751705706, 0.0022001321194693446, 0.0021175711881369352, 0.002098875818774104, 0.0023479200899600983, 0.0021761475363746285, 0.0022396130952984095, 0.00216684234328568, 0.0023240953451022506, 0.0021089197834953666, 0.002057130914181471, 0.00208481983281672, 0.002008283161558211, 0.0019628798472695053, 0.0020178783452138305, 0.0019258823012933135, 0.0019625171553343534, 0.0019221369875594974, 0.0019373577670194209, 0.0019186801509931684, 0.0019229519530199468, 0.001916399400215596, 0.0020439085783436894, 0.001957836968358606, 0.001994229154661298, 0.0018785138381645083, 0.0019082544022239745, 0.0018644140218384564, 0.0019174894550815225, 0.0018785259453579783, 0.001938279834575951, 0.0018333852058276534, 0.0018539049196988344, 0.00184255198109895, 0.001828748092520982, 0.0018761354149319232, 0.0018495299154892564, 0.001910959486849606, 0.00181494967546314, 0.0018503216560930014, 0.0017991284257732332]",0.050138906650404255,0.4332765941834337,0.07204143529046267,0.5485441361401275,0.10774719514700656,0.4959839357429719,0.10773915164565256,0.16046489393048446,0.6697654948472519,58.008084416156635,cuda
SVDB,251_SVDB_id_15_Medical_tr_5421_1st_5521,MTF,resnet18_autoencoder_frozen,128,10,10,64,100,0.001,"[0.13270450064114162, 0.10652148617165429, 0.08603380194732121, 0.0697147287428379, 0.05707335631762232, 0.04851016189370837, 0.04198227184159415, 0.038612285895006995, 0.035010681088481634, 0.03139103789414678, 0.028701844226036752, 0.026459519086139544, 0.024382175345505987, 0.022255703806877136, 0.018814135076744214, 0.01792075751083238, 0.01615406945347786, 0.014838611174907004, 0.014251401381833213, 0.013018372335604258, 0.011551067366131715, 0.010903429106942244, 0.010149924217590265, 0.009689321342323507, 0.009035148790904455, 0.008397642855665513, 0.0077558028777795175, 0.007001339657498258, 0.006829925746257816, 0.006340284233114549, 0.0064056360029748505, 0.005421809519508055, 0.004841195086815527, 0.004368764281805072, 0.004075978516734072, 0.00377584617984082, 0.0040014619340321845, 0.003661460808611342, 0.003464378017399992, 0.0031780076013611896, 0.003162667155265808, 0.003110198736456888, 0.0031399690280003206, 0.0029953166376799345, 0.002755003116492714, 0.00322133518888482, 0.0023055567206548794, 0.0026192526732172284, 0.0021238375089264344, 0.0018623936256127699, 0.0020069900866863982, 0.0017179756624890225, 0.0017314058495685458, 0.0016651644670803631, 0.0018671478943100997, 0.0017288818323452557, 0.001568169765440481, 0.0016579324811963098, 0.0016288058499672583, 0.0016355297661253384, 0.0015537333841036474, 0.0017395332854773318, 0.0014185076413143957, 0.0014187575184873172, 0.0015543127166373388, 0.0012712293204718403, 0.001332739883634661, 0.0013086933176964521, 0.001433491091510015, 0.0014571919372039182]","[0.13356426358222961, 0.11536464840173721, 0.09158051013946533, 0.07360255345702171, 0.06492133438587189, 0.057886675000190735, 0.05445524491369724, 0.0534814577549696, 0.048437587916851044, 0.04396660998463631, 0.04067576304078102, 0.04055039957165718, 0.03541098162531853, 0.035344650968909264, 0.030364624224603176, 0.030855467543005943, 0.028554409742355347, 0.02702171541750431, 0.026924322359263897, 0.026434005238115788, 0.02557508274912834, 0.025493844412267208, 0.024962798692286015, 0.025062337517738342, 0.023943747393786907, 0.024552163667976856, 0.02454087045043707, 0.023836079984903336, 0.023588492535054684, 0.02435056585818529, 0.023669841699302197, 0.024149551056325436, 0.02348111756145954, 0.023412374779582024, 0.022995365783572197, 0.02301319409161806, 0.02393466606736183, 0.02312322985380888, 0.023250849917531013, 0.022883392870426178, 0.022918589413166046, 0.023011780343949795, 0.02318563684821129, 0.023136647418141365, 0.023531694896519184, 0.023520666174590588, 0.023212230764329433, 0.022792949341237545, 0.022944729775190353, 0.02263541053980589, 0.02243068441748619, 0.022605610080063343, 0.022436282597482204, 0.022319008596241474, 0.022494361735880375, 0.02257387898862362, 0.022641883231699467, 0.022562403231859207, 0.022533920593559742, 0.02217776235193014, 0.022560395300388336, 0.022436891682446003, 0.02234550379216671, 0.02243266347795725, 0.022104676812887192, 0.02232384216040373, 0.022347960621118546, 0.022241991944611073, 0.022106945514678955, 0.02277908381074667]",0.052971245186406966,0.43493269454910033,0.07597593602262166,0.5525423788169728,0.10773360145180072,0.5126364412015653,0.14454175079750017,0.16021948868348349,0.6667338471846332,41.35142614017241,cuda
SVDB,251_SVDB_id_15_Medical_tr_5421_1st_5521,MTF,resnet18_autoencoder_progressive_unfreeze,128,10,10,64,150,0.001,"[0.12500031931059702, 0.09199297215257372, 0.07186632177659444, 0.058458020112344196, 0.049130719155073166, 0.0416418548141207, 0.0369005123419421, 0.032756793179682324, 0.02953818387218884, 0.026577641123107502, 0.024698995319860324, 0.022266298798578128, 0.021022411063313484, 0.018478269555738995, 0.01795611982899053, 0.015482853166759014, 0.01415497942694596, 0.013201974598424775, 0.012569851508097989, 0.011903807786958558, 0.017381919281823293, 0.017008157979164804, 0.014371808219168867, 0.011654781044593878, 0.01046145028833832, 0.008993016156767095, 0.008043946698307991, 0.007234793555523668, 0.0065990291934992585, 0.005857505303408418, 0.005922883349869933, 0.0048077212912695745, 0.004466857761144638, 0.004051654366776347, 0.004233405093795487, 0.003764059627428651, 0.003327057896448033, 0.002934338292106986, 0.002799017753984247, 0.0024012470551367316, 0.0024126290809363127, 0.0024233555055356453, 0.0022115984632234487, 0.0018536546433876669, 0.0017298192417781269, 0.0014612439055261867, 0.0013737207045778632, 0.0013866609161985771, 0.0012623345412846123, 0.00121476235134261, 0.0011400358718154685, 0.001061526792390006, 0.0012366598821245134, 0.001054706600760775, 0.0010282124193119152]","[0.1312675178050995, 0.11027491837739944, 0.086959358304739, 0.0648355782032013, 0.05495632626116276, 0.060045026242733, 0.04968405328691006, 0.049488918855786324, 0.04532906226813793, 0.04039521887898445, 0.03473297879099846, 0.03589128516614437, 0.033050800673663616, 0.03008630033582449, 0.028239937499165535, 0.02646213211119175, 0.026109742932021618, 0.024737706407904625, 0.024179615080356598, 0.023837052285671234, 0.029510708525776863, 0.02643051277846098, 0.021056493744254112, 0.01896472554653883, 0.0178478192538023, 0.016827043145895004, 0.01709676766768098, 0.016586967278271914, 0.01634496496990323, 0.01609122473746538, 0.01631424715742469, 0.01585805043578148, 0.016181686893105507, 0.015819931868463755, 0.015789106022566557, 0.015623890329152346, 0.015815718565136194, 0.015002957079559565, 0.015323512256145477, 0.015112526249140501, 0.015237709507346153, 0.01543496735394001, 0.015364468097686768, 0.015461192931979895, 0.014805984683334827, 0.015093845780938864, 0.015110410284250975, 0.014899645000696182, 0.015096454881131649, 0.014915226493030787, 0.015017686411738396, 0.015015657059848309, 0.014823734760284424, 0.015096082352101803, 0.015097361523658037]",0.0521114474675924,0.4335770005369237,0.07575061595757349,0.5521352471368567,0.10773360145180072,0.5019286829009747,0.1398737251092759,0.4231489171927538,0.6696951874828301,35.36689424398355,cuda
SVDB,251_SVDB_id_15_Medical_tr_5421_1st_5521,MTF,resnet18_autoencoder_differential_lr,128,10,10,64,100,0.001,"[0.14164042047091893, 0.11882475231375013, 0.100503252020904, 0.08215461352041789, 0.06803226204855102, 0.056407573499849865, 0.0482014673096793, 0.04199018755129406, 0.036974408264671056, 0.033167596108147075, 0.029932177758642604, 0.026684614164488658, 0.02474076354077884, 0.02253677509725094, 0.021343920645969256, 0.019971956365874836, 0.019329579014863287, 0.017349602920668467, 0.016862557269632816, 0.015567575182233537, 0.01496364309319428, 0.013994780103010791, 0.013981950469315052, 0.013358775393239089, 0.012314925901591778, 0.012296186627021857, 0.011754174849816732, 0.011359308713248797, 0.010661010098244463, 0.009840149698512895, 0.010247320069798402, 0.009647150390914508, 0.009683057399732726, 0.00877668256206172, 0.008279496604310614, 0.00843594316393137, 0.008019173251731055, 0.007058893529964345, 0.006730534801525729, 0.006517239247581789, 0.006643202288874558, 0.0060676658259970805, 0.0063801548177642485, 0.005385903774627617, 0.005279419278459889, 0.004756751204175609, 0.004426081598337207, 0.004350279790482351, 0.004635275707447103, 0.0041486272987510476, 0.0041006966826639, 0.0037348847171025617, 0.0038849791245801108, 0.003383297539715256, 0.0031292951399726526, 0.0030851236411503385, 0.002880319720134139, 0.0027653154517923084, 0.002700532620240535, 0.002529427342649017, 0.0028574183317167418, 0.002639808891607182, 0.0026558341591485907, 0.002598564140498638, 0.0025041951864425626, 0.0023723281254725797, 0.0022474166637818727, 0.0020363767564828906, 0.0017027842446363398, 0.0016330096571307098, 0.0015523103731019156, 0.0012998415123937385, 0.0013598868556852853, 0.0015608672817636813]","[0.14133036136627197, 0.13132315874099731, 0.10929811373353004, 0.10163771361112595, 0.08133121207356453, 0.06294532492756844, 0.0460821408778429, 0.0400436632335186, 0.035854075103998184, 0.03147922269999981, 0.030000075697898865, 0.026500262320041656, 0.02328360266983509, 0.023448052816092968, 0.021449266001582146, 0.021761072799563408, 0.019699804484844208, 0.018655934371054173, 0.01856432482600212, 0.019197572022676468, 0.017705118283629417, 0.016709658317267895, 0.017664050683379173, 0.016961988992989063, 0.01743138674646616, 0.01590554602444172, 0.01574654970318079, 0.016136656515300274, 0.01487392745912075, 0.016290586441755295, 0.015964407473802567, 0.015373878180980682, 0.016134618781507015, 0.014217744581401348, 0.014485594350844622, 0.015354209579527378, 0.014557937160134315, 0.014558945782482624, 0.014333895407617092, 0.01410396583378315, 0.014645440503954887, 0.014108231756836176, 0.014654060360044241, 0.014320117887109518, 0.013788418378680944, 0.013995103072375059, 0.01365910330787301, 0.013650285080075264, 0.013821270782500505, 0.014017967972904444, 0.01429196773096919, 0.01362158777192235, 0.014812678098678589, 0.013512181583791971, 0.014017398003488779, 0.0132188331335783, 0.0135331517085433, 0.013720318675041199, 0.013586546760052443, 0.013876623939722776, 0.013953047804534435, 0.013190750032663345, 0.014067559503018856, 0.012895691208541393, 0.01354015851393342, 0.01352099934592843, 0.013233056757599115, 0.013894430361688137, 0.012985433917492628, 0.013343144208192825, 0.01285334536805749, 0.012898467015475035, 0.012904379982501268, 0.013102659024298191]",0.052981697047814275,0.44155345394211226,0.07517836682542828,0.5545432847195476,0.10773360145180072,0.48922794377339834,0.13558610557246256,0.09984655828828277,0.6696361618014924,47.52192096714862,cuda
SVDB,251_SVDB_id_15_Medical_tr_5421_1st_5521,MTF,pvt_autoencoder_frozen,128,10,10,64,100,0.001,"[0.13645554121051515, 0.11395414280039924, 0.09650690640722003, 0.07687758760792869, 0.06120305721248899, 0.05193681589194706, 0.04551857603447778, 0.04090683055775506, 0.03674830922058651, 0.033577517207179754, 0.02967486876462187, 0.026772126821534976, 0.024242629430123737, 0.022016500788075582, 0.02028049129460539, 0.018959140671151026, 0.017282448442918912, 0.016729864424892833, 0.01626784274620669, 0.01480581983923912, 0.01365515190575804, 0.01238772991512503, 0.011667711394173759, 0.01124802218484027, 0.010397656288530146, 0.009694894775748253, 0.009133054076560907, 0.00846102461218834, 0.0078255093124296, 0.007290480126227651, 0.006909775414637157, 0.006578580808958837, 0.006246921074177537, 0.005571511973227773, 0.00495680800772139, 0.0045163593521075586, 0.004201119233454976, 0.004480926253433738, 0.003758253695975457, 0.003334936685860157, 0.00298031309752592, 0.0029305840310241494, 0.0028429011747773203, 0.002562072593718767, 0.0024513458234391044, 0.002189260707902057, 0.0020222325776038425]","[0.13111045956611633, 0.12857481092214584, 0.13022705912590027, 0.0988985113799572, 0.06571181118488312, 0.05169437453150749, 0.04238017648458481, 0.038541676476597786, 0.036918142810463905, 0.03272194042801857, 0.03135144058614969, 0.030415105633437634, 0.02896288502961397, 0.026674347929656506, 0.026143094524741173, 0.025755606591701508, 0.02466542925685644, 0.025025183334946632, 0.02298319712281227, 0.02275844756513834, 0.023914537392556667, 0.02221665997058153, 0.022764572873711586, 0.021920455619692802, 0.021618441678583622, 0.02084619738161564, 0.02050699107348919, 0.02063947357237339, 0.02020365558564663, 0.02061276976019144, 0.020982391200959682, 0.020178297534585, 0.020693509839475155, 0.021759421564638615, 0.020800559781491756, 0.020607552491128445, 0.020087778568267822, 0.02083739824593067, 0.02045192662626505, 0.01999835390597582, 0.020282001234591007, 0.020564147271215916, 0.020408598706126213, 0.02002501767128706, 0.02052124310284853, 0.02013849839568138, 0.020295743830502033]",0.053112044131589126,0.43948506084145794,0.07592588328532524,0.5567478492331874,0.10773360145180072,0.4812363195231942,0.16657291520179962,0.4231489171927538,0.6696951874828301,32.04164752806537,cuda
SVDB,251_SVDB_id_15_Medical_tr_5421_1st_5521,MTF,pvt_autoencoder_progressive_unfreeze,128,10,10,64,150,0.001,"[0.12309905460902623, 0.08876063568251473, 0.07098668387957982, 0.05863567175609725, 0.049683058368308206, 0.04237401591879981, 0.0362236632832459, 0.03155171871185303, 0.027443974944097654, 0.023817733196275576, 0.02087430203599589, 0.018545684005532945, 0.01669797141637121, 0.015168460085988045, 0.013778700626322202, 0.012269300275615283, 0.01116118606712137, 0.009968181273766927, 0.008792440673070294, 0.007772418204694986, 0.03144168388098478, 0.022020684821265086, 0.017231521462755545, 0.014129449347300189, 0.01125960424542427, 0.00939778917069946, 0.008443607416536127, 0.0073900470244033, 0.0064997731574944085, 0.006103952348764453, 0.005569186859897205, 0.004932012342448745, 0.004739978949406317, 0.003994660119393042, 0.0037112198104815824, 0.0037857852543571164, 0.003129754847447787, 0.002772695418181164, 0.0024317095189222266, 0.0022659680606531246, 0.0019311977084726095, 0.0019241345580667257, 0.001960311983046787, 0.001734394081203001, 0.0016530943768365042, 0.0017275543151689427, 0.0018683062600237982]","[0.12688738480210304, 0.10026391223073006, 0.07051443308591843, 0.05543960630893707, 0.045835500583052635, 0.039612965658307076, 0.03596184775233269, 0.032832276076078415, 0.03058378305286169, 0.028284827247262, 0.026325049810111523, 0.026695434004068375, 0.025203424505889416, 0.023482486605644226, 0.022664480842649937, 0.022822722792625427, 0.02210599835962057, 0.02109934389591217, 0.021196567453444004, 0.02127145044505596, 0.03811327740550041, 0.023399649187922478, 0.02028147503733635, 0.019117621704936028, 0.01714233122766018, 0.016876191832125187, 0.01609123218804598, 0.015995854046195745, 0.015943716745823622, 0.01572319632396102, 0.01580503350123763, 0.015904512722045183, 0.01597561314702034, 0.01613372191786766, 0.015780103392899036, 0.015850684139877558, 0.015423137228935957, 0.015462448354810476, 0.01551688089966774, 0.015498868189752102, 0.01542247086763382, 0.015515726990997791, 0.015512577723711729, 0.015531389508396387, 0.01547728618606925, 0.015588449314236641, 0.015454326290637255]",0.052908837930710606,0.4418979117499293,0.07619887887077523,0.5594410538400441,0.10773360145180072,0.5018856977081521,0.11514909306552842,0.16021948868348349,0.6663863343250996,34.4961458100006,cuda
SVDB,251_SVDB_id_15_Medical_tr_5421_1st_5521,MTF,pvt_autoencoder_differential_lr,128,10,10,64,100,0.001,"[0.12419053273541587, 0.09249712207487651, 0.0731801688671112, 0.059713593018906455, 0.04951026290655136, 0.043160333165100644, 0.03922019526362419, 0.03622003218957356, 0.033956928444760184, 0.03181195791278567, 0.03047476602452142, 0.029528329148888588, 0.0284122782094138, 0.027053048302020346, 0.02600394295794623, 0.023826307750173976, 0.02225666120648384, 0.0208333714732102, 0.019393575776900564, 0.017886689731052945, 0.016451123569692885, 0.015479574645204204, 0.015410801661866052, 0.014257269379283701, 0.013882390489535672, 0.012502303346991539, 0.011820877503071512, 0.01205505510526044, 0.010810071336371558, 0.010685147584549018, 0.010010073626680034, 0.009279531559773855, 0.008803165118609155, 0.007979150329317366, 0.007416335333670888, 0.007060511636414698, 0.0066035461079861435, 0.00628761514755232, 0.006156252231448889, 0.0060705347651881835, 0.005828284458922488, 0.005743115874273437, 0.005349740851670504, 0.0051124385957207, 0.004509638462747846, 0.004320949781686068, 0.004112849444417017, 0.004035825009590813, 0.004096819852877941, 0.003624396664755685, 0.0033477612638047765, 0.0033129092771559954, 0.002903525617771915, 0.00260989461094141, 0.002309919966916953, 0.00210165827801185, 0.002002121464881514, 0.001778605078080935, 0.001657421118579805, 0.0017043410833658917, 0.0016002903991777981, 0.0015399066365457007, 0.0014605354517698288, 0.0013440042301746352]","[0.13097234070301056, 0.09858037903904915, 0.05853445827960968, 0.05232540890574455, 0.04127705655992031, 0.03710234351456165, 0.03482270613312721, 0.03242979012429714, 0.03126303758472204, 0.029820797964930534, 0.029433999210596085, 0.0284340912476182, 0.028590122237801552, 0.026918348856270313, 0.026964030228555202, 0.025042965076863766, 0.024035886861383915, 0.02140970714390278, 0.01955091953277588, 0.01907387748360634, 0.017461096867918968, 0.01703089475631714, 0.016815372742712498, 0.016513250768184662, 0.015958665404468775, 0.015038604382425547, 0.014623745810240507, 0.014220643788576126, 0.013964393641799688, 0.01379967899993062, 0.013454113621264696, 0.013303076382726431, 0.013169774785637856, 0.012780590914189816, 0.012552245520055294, 0.01287337439134717, 0.01247109891846776, 0.012402198277413845, 0.012391802854835987, 0.013219591695815325, 0.01234189048409462, 0.012444354593753815, 0.012513598892837763, 0.012442854698747396, 0.012163336388766766, 0.012440514285117388, 0.012102128006517887, 0.012597411405295134, 0.012039783876389265, 0.012021239846944809, 0.012501831166446209, 0.011650784406810999, 0.01158704562112689, 0.011317024938762188, 0.011487089563161135, 0.011739072389900684, 0.011484553571790457, 0.01146409148350358, 0.01138118514791131, 0.011509109754115343, 0.011294386815279722, 0.011286826804280281, 0.011376619804650545, 0.011248620226979256]",0.053891248946772094,0.4446644198381555,0.0771334017403322,0.5594246972154974,0.10777588433676082,0.5270820695034232,0.11532137123587609,0.09192550255732196,0.6695694259897613,53.706277469871566,cuda
SVDB,251_SVDB_id_15_Medical_tr_5421_1st_5521,RP,cnn_autoencoder,128,10,10,64,150,0.001,"[0.22834487472261703, 0.201000200850623, 0.17419453178133285, 0.15102044812270574, 0.13007759089980805, 0.1117727639419692, 0.09498570965869087, 0.08040948744331088, 0.06810335602079119, 0.05809135202850614, 0.049721723688500266, 0.043020992406776974, 0.03734657061951501, 0.032736139105898995, 0.02892665139266423, 0.025621551222034862, 0.02285982428916863, 0.02059273581419672, 0.018614359998277256, 0.01688340412718909, 0.015371765276151044, 0.014049498497375421, 0.013670819944569043, 0.012179843549217497, 0.011116936403725828, 0.010268556752375193, 0.00949845409819058, 0.00885447021573782, 0.008268524892628193, 0.007727615003074918, 0.007199484389275312, 0.006769606045314244, 0.006369710434228182, 0.00599456625059247, 0.005681108483778579, 0.005418050169412579, 0.005117879049586398, 0.004854539276233741, 0.0046103595356856075, 0.004380949972463506, 0.004180131945759058, 0.003996010204511029, 0.003826205086495195, 0.0036574916781059335, 0.003503727028146386, 0.0033672842130597147, 0.003230869703527008, 0.0031104734766163994, 0.002997434664783733, 0.0028869054346744505, 0.002778160252741405, 0.0026906652908240047, 0.002596225290160094, 0.0025079018170280115, 0.0024344398240957943, 0.0023514620760189636, 0.0022729678146008936, 0.0022101949102112223, 0.0021419128336544547, 0.0020795078349432777, 0.0020265624459300724, 0.0019691228600484984, 0.0019153504399582744, 0.0018592820935217397, 0.001817623236482697, 0.0017656976955809764, 0.0017239889296303903, 0.0016785000085032412, 0.0016419168927573732, 0.001602830082577254, 0.0015694219120112912, 0.0015305265385125364, 0.0015025183259110367, 0.0014630086620205215, 0.001433141280098685, 0.0014048531551712326, 0.0013727756117337517, 0.001349882538696485, 0.0013162225617894105, 0.0012948202534711786, 0.0012709917001692311, 0.0012473130731710366, 0.0012222993952621306, 0.0012023049805845534, 0.0011782172036224178, 0.001159356108733586, 0.001143297745979258, 0.0011202546135921562, 0.0010998765439061181, 0.001088322589306959, 0.0010682310010971768, 0.0010544324925701534, 0.0010337155960899378, 0.0010182782092929951, 0.0010054812799873097, 0.0009969178603829018, 0.000975213445989149, 0.000965447023710502, 0.0009497075308380383, 0.0009419604404164213, 0.0009249590886091548, 0.0009088706823864154, 0.0008979945061063128, 0.0008881965020139303, 0.0008781401057993728, 0.0008597263035231403, 0.0008594080739255462, 0.0008491198948052313, 0.0008359747672719615, 0.0008305948992658939, 0.0008143512116345976, 0.0008043730298855475, 0.0008015100611373782, 0.0007840137280124639, 0.0007776938145980239, 0.0007736594249893512, 0.0007605879883547979, 0.0007635669400250274, 0.0007482766107256923, 0.0007395788062629956, 0.0007347238632584256, 0.0007349281721482319, 0.0007223339385486075, 0.0007221994788518973]","[0.2274114117026329, 0.21203140169382095, 0.18360141664743423, 0.15293125808238983, 0.1267128810286522, 0.10859908908605576, 0.08889072015881538, 0.07342751696705818, 0.06228772550821304, 0.05341697856783867, 0.0460598636418581, 0.04067028872668743, 0.0420422088354826, 0.03679359704256058, 0.03219791688024998, 0.02789728995412588, 0.024284884333610535, 0.022742231376469135, 0.021446320228278637, 0.02072663325816393, 0.019000615924596786, 0.017171056009829044, 0.012358750682324171, 0.010598891414701939, 0.009207828436046839, 0.00984433526173234, 0.009754396043717861, 0.009421167895197868, 0.009451378136873245, 0.00924742128700018, 0.008831108920276165, 0.008150212932378054, 0.007474951446056366, 0.006676515098661184, 0.006356944562867284, 0.00643104687333107, 0.005510394461452961, 0.005522327730432153, 0.0054071745835244656, 0.005036885617300868, 0.004733292618766427, 0.0046276787761598825, 0.004576379433274269, 0.004162816097959876, 0.004072776297107339, 0.003897227579727769, 0.0037411177763715386, 0.003547373926267028, 0.004729358712211251, 0.004497581860050559, 0.003978135529905558, 0.0037320200353860855, 0.0033834209898486733, 0.004137567477300763, 0.0035390129778534174, 0.003118949825875461, 0.0027422476559877396, 0.002487087156623602, 0.002293249126523733, 0.002228744560852647, 0.002380307763814926, 0.0023211274528875947, 0.0023024894762784243, 0.0021270104916766286, 0.0020529120229184628, 0.001852545014116913, 0.002041163854300976, 0.00194196542724967, 0.0018752599135041237, 0.001772630144841969, 0.001689328288193792, 0.0016253211651928723, 0.0017172867665067315, 0.0016497948672622442, 0.0015538211446255445, 0.0015293231117539108, 0.0014527363236993551, 0.0014641694142483175, 0.0015081095043569803, 0.001458908198401332, 0.0013816441060043871, 0.0013312590308487415, 0.0012994602438993752, 0.001299111929256469, 0.0013128058053553104, 0.0012462435406632721, 0.0011774470913223922, 0.001169668510556221, 0.0011959956609643996, 0.0011640145676210523, 0.001094133360311389, 0.0014990140916779637, 0.001256720453966409, 0.0012340417015366256, 0.001125956594478339, 0.0011215189006179571, 0.001083355804439634, 0.0010316769185010344, 0.0010026982927229255, 0.000997082592220977, 0.0009815922239795327, 0.0009913993126247078, 0.00103056788793765, 0.0010078231571242213, 0.0009379606344737113, 0.0013401213218457997, 0.0011242481996305287, 0.001015613175695762, 0.000912503688596189, 0.0009302885155193508, 0.0009538332524243742, 0.0009277445788029581, 0.0008489878964610398, 0.0008687871159054339, 0.0008695209980942309, 0.0008159498393069953, 0.0011456795036792755, 0.0009767088340595365, 0.0008751334098633379, 0.0008469067397527397, 0.0008509888139087707, 0.0008609846991021186, 0.0008956199453677982, 0.0010484709637239575]",0.0667028086280298,0.5405912824652674,0.0837483235405154,0.5562108624394926,0.1432447499347342,0.5825645326623801,0.2098913595513059,0.7227010542297284,0.6991347206734729,67.99870663508773,cuda
SVDB,251_SVDB_id_15_Medical_tr_5421_1st_5521,RP,resnet18_autoencoder_frozen,128,10,10,64,100,0.001,"[0.22384745521204813, 0.194488348705428, 0.16457183020455496, 0.14047905589853013, 0.11414752474852971, 0.09044487348624639, 0.07436230885131019, 0.058790313346045356, 0.04644112927573068, 0.03766854533127376, 0.03112045835171427, 0.02502962707408837, 0.02186494187584945, 0.01808603374021394, 0.01546219629900796, 0.012701306092951978, 0.011683761940470763, 0.009993377540792738, 0.008381107689014502, 0.00826476447816406, 0.006993899787110942, 0.00589116762525269, 0.005283717265618699, 0.005368460435420275, 0.004466934794826167, 0.004004000353493861, 0.00373794135105397, 0.003359188192657062, 0.0031621813707585844, 0.00290382796499346, 0.002653662913611957, 0.0025447819914136615, 0.002334930934011936, 0.002178612431245191, 0.0020397203375718425, 0.001976628604877208, 0.0018995811031865223, 0.0018156137417203613, 0.0016919004265218973, 0.001761539140716195, 0.0016510541983214872, 0.0015726632638169186, 0.0014142634214035102, 0.001369332944575165, 0.0013134632026776671, 0.0012471973729719008, 0.0012270586531875388, 0.0011888229554252966, 0.0011454903786735876, 0.0011066714567797525, 0.0010619193614859665, 0.001091331010684371, 0.002038930501190147, 0.0014324818704543369, 0.0012193952820130757, 0.0010180290888196655, 0.0009884482964740268, 0.0011561873585118779, 0.0009729239058547787, 0.0009212955400081617, 0.0009037325092192207, 0.0008221566261324499, 0.0007987754901738039, 0.0008190278562584094, 0.0008110024251176842, 0.0007581356663389929, 0.0007190976341787193, 0.0007185983870710645, 0.0007070783592228379, 0.0007018028409220278, 0.0006787663774697908, 0.0006922785375666406, 0.0006562164635397494, 0.0006443064693095428, 0.0006383070306453322, 0.0006448711251973041, 0.0006111919480775084, 0.0006118663586676121, 0.0006276765821634658, 0.0005943103626902614, 0.0005909237495091345, 0.0005724207897271429, 0.000565557466221175, 0.0005728955064634127, 0.0005590880796911993, 0.0005561173269857786, 0.0005490678179609988]","[0.2228613644838333, 0.2046969160437584, 0.17447874695062637, 0.13994970172643661, 0.10829569771885872, 0.08379390835762024, 0.06630129739642143, 0.05187364108860493, 0.040921030566096306, 0.032305438071489334, 0.02578024286776781, 0.021073841489851475, 0.017886914312839508, 0.015860313549637794, 0.013080351985991001, 0.011435584165155888, 0.010222705081105232, 0.008748732507228851, 0.007739148801192641, 0.007046408951282501, 0.006362904328852892, 0.005591759458184242, 0.004976474912837148, 0.004754453664645553, 0.004280500113964081, 0.003864437690936029, 0.0035745641216635704, 0.003258409909904003, 0.0030278066406026483, 0.0027984235202893615, 0.0025706274900585413, 0.002422202262096107, 0.0022649926831945777, 0.002107728738337755, 0.0019825619529001415, 0.0019009325187653303, 0.0018202614155597985, 0.0017495235078968108, 0.0016593543696217239, 0.0016767132910899818, 0.0016317168483510613, 0.0015627418761141598, 0.001415705366525799, 0.0013366108178161085, 0.0012690388830378652, 0.0012061571469530463, 0.0011747481767088175, 0.001140098785981536, 0.0011032676557078958, 0.0010681889252737164, 0.0010242363205179572, 0.0010392117546871305, 0.0015060161822475493, 0.002535089966841042, 0.0011430516606196761, 0.0009358467359561473, 0.0009279303485527635, 0.001777424186002463, 0.000905931054148823, 0.0008455291390419006, 0.0008682824554853141, 0.0008082140993792564, 0.0007860965270083398, 0.0007582916005048901, 0.0007641871343366802, 0.0007248386973515153, 0.0006843948503956199, 0.0006694666226394475, 0.0006589635158888996, 0.000657704658806324, 0.0006340074178297073, 0.0006288879667408764, 0.000623930332949385, 0.0006010977667756379, 0.000605461624218151, 0.0006065006891731173, 0.0005724011280108243, 0.0005666165379807353, 0.0005718654429074377, 0.0005549663619603962, 0.0005494819197338074, 0.000529563330928795, 0.0005214002303546295, 0.0005220445309532806, 0.0005157022387720644, 0.0005183395114727318, 0.0005175562400836498]",0.0667028086280298,0.5405912824652674,0.0837483235405154,0.5562108624394926,0.1432447499347342,0.5825645326623801,0.2098913595513059,0.7227010542297284,0.6991347206734729,55.22564473398961,cuda
SVDB,251_SVDB_id_15_Medical_tr_5421_1st_5521,RP,resnet18_autoencoder_progressive_unfreeze,128,10,10,64,150,0.001,"[0.21431187646729605, 0.1648359830890383, 0.1294021106192044, 0.10019584319421224, 0.07723521015473775, 0.0601076531623091, 0.04760870550359998, 0.03830031571643693, 0.03135375545493194, 0.02594849600323609, 0.02172875271311828, 0.01831236162355968, 0.015574080337371145, 0.013362488443298, 0.01152791388865028, 0.010704701500279563, 0.008913713773446423, 0.007831848159964596, 0.0069520668392734864, 0.006220369200621333, 0.005142254422285727, 0.0035966534965804647, 0.0026469832352761713, 0.002040186497781958, 0.001636089856869408, 0.0013605829860482896, 0.001159892018352236, 0.0012267476579706585, 0.001143015646708331, 0.0008762456958980433, 0.0007841737741338355, 0.0006988142267800868, 0.0006293932757606464, 0.0005739917063952557, 0.0005235641562779035, 0.00047936299649466364, 0.0004380892330248441, 0.0004011723919705089, 0.00036573197160448344, 0.00034033690047051223, 0.00032232009107246995, 0.0003009579252518181, 0.0002772900604343574, 0.00026239207987340966, 0.0002463593180956585, 0.00023268415368095572, 0.0002545817821685757, 0.0002293672608045329, 0.00021230675546186312, 0.00019962088845204562, 0.00019063132016786506, 0.00017851333957098956, 0.00016667758921227817, 0.00016007938912870095, 0.00015260322002827058, 0.00015095787862914482, 0.0001414618465267787]","[0.22067822515964508, 0.19196248799562454, 0.13866674154996872, 0.09672778099775314, 0.06801026314496994, 0.05080523528158665, 0.03996557928621769, 0.03245208226144314, 0.026975794695317745, 0.023156131617724895, 0.019589203409850597, 0.01663237437605858, 0.014143107458949089, 0.012250247411429882, 0.010529290419071913, 0.010621050838381052, 0.008814706467092037, 0.007449974771589041, 0.006547173485159874, 0.005770527757704258, 0.004457132425159216, 0.0029995382064953446, 0.0021796408109366894, 0.0016824763733893633, 0.0013698471593670547, 0.0011401051306165755, 0.0009843975713010877, 0.0009679603099357337, 0.0010426121298223734, 0.0009265182306990027, 0.0008019129745662212, 0.0006681831437163055, 0.0005797619523946196, 0.0005027538863942027, 0.0005018247029511258, 0.0003920898161595687, 0.0004068561102030799, 0.00035407469840720296, 0.00032111625478137285, 0.0003004694008268416, 0.0002899157989304513, 0.00026153060753131285, 0.00024497134290868416, 0.00022806549532106146, 0.0002229798847110942, 0.0002063740903395228, 0.00018331038154428825, 0.00025265957083320245, 0.0001621727496967651, 0.00017904588457895443, 0.0001651936472626403, 0.00015952417015796527, 0.000150242805830203, 0.00014659681619377807, 0.0001404704962624237, 0.00013717331603402272, 0.00013020205005886964]",0.07364865937137027,0.5596303506094026,0.08561175551236737,0.56013757953777,0.15787405856895043,0.5825645326623801,0.22775905074519667,0.1350664895885672,0.7037559934909284,38.865450161043555,cuda
SVDB,251_SVDB_id_15_Medical_tr_5421_1st_5521,RP,resnet18_autoencoder_differential_lr,128,10,10,64,100,0.001,"[0.23344259815556662, 0.1816211896283286, 0.14664454758167267, 0.11502108722925186, 0.0893565182174955, 0.07080929726362228, 0.05672588997653553, 0.0458420818405492, 0.03742868400045803, 0.03062137242938791, 0.025288642517157962, 0.02103195738579546, 0.017630973032542636, 0.014934702244188105, 0.012748067533331258, 0.011009422530020987, 0.010059533773788385, 0.008950625413230487, 0.008218063773321254, 0.006913415821535247, 0.0062590098407651696, 0.005547083914279938, 0.004983745781438691, 0.004537898647998061, 0.004141088442078659, 0.003809569470052208, 0.003511622913980058, 0.003256901865825057, 0.003036622157586472, 0.0028265456868601696, 0.0026506876040782246, 0.002512313492063965, 0.0023389557443026987, 0.0022091170373771873, 0.0020931102335453033, 0.0019818973461432116, 0.0018870918013687646, 0.0017979525561843599, 0.0017179096550015466, 0.0016357919999531337, 0.001570490637927183, 0.0015069536166265607, 0.0014456758009535925, 0.0013895259970532997, 0.0013414149704788411, 0.0012990067646439587, 0.0012639247246884874, 0.0012043577984773687, 0.0011687563632481865, 0.001125873498884695, 0.0010932832124776074, 0.0010672475078276225, 0.0010311732850303607, 0.0009993707894214562, 0.0009770540886425547, 0.0009476058767177165, 0.0009235082792916469, 0.0008993159031628498, 0.0008867120652991746, 0.0008575199005593147, 0.0008436077374166676, 0.0008221387148036488, 0.0008005358228859093, 0.0007825237116776407, 0.0007679290055031222, 0.0007481291291436978, 0.0007357946430732097, 0.0007216041974191155, 0.0007160659629984625, 0.0006957721780054271, 0.0006799031481412905, 0.0006782500672021083, 0.0006617917180327433, 0.0006482367753051221, 0.0006412511159266744, 0.0006360787914932839, 0.0006201518450065383, 0.0006108176645024546, 0.0006062413449399173, 0.0005925716582818755, 0.0005802766203747264, 0.0005759701889473945, 0.000567782179652048, 0.0005653894123887378]","[0.2416827380657196, 0.20954835414886475, 0.15414754301309586, 0.10872072726488113, 0.07578549161553383, 0.05801888182759285, 0.046131156384944916, 0.03701598942279816, 0.030047640204429626, 0.024815360084176064, 0.020096848718822002, 0.016796431504189968, 0.014147632755339146, 0.012168253771960735, 0.010643478482961655, 0.009309403132647276, 0.008159170392900705, 0.008184588979929686, 0.007179213454946876, 0.007016128161922097, 0.005808914080262184, 0.004929488757625222, 0.004600054817274213, 0.004140693228691816, 0.003794422373175621, 0.0035196096869185567, 0.003249837434850633, 0.003027255297638476, 0.0028002795297652483, 0.002631230396218598, 0.002481906791217625, 0.0023248499492183328, 0.0021908647613599896, 0.0020831202855333686, 0.0019695849041454494, 0.001868684310466051, 0.0017832413432188332, 0.0017052023322321475, 0.0016236890805885196, 0.0015559896128252149, 0.0014899047673679888, 0.001423017238266766, 0.0013738967245444655, 0.0013198187807574868, 0.0012677015620283782, 0.0012224669917486608, 0.0011475348146632314, 0.0011335124145261943, 0.0011066057486459613, 0.0010682612773962319, 0.0010390347451902926, 0.0010089839051943272, 0.0009766982984729111, 0.000948778004385531, 0.0009242882078979164, 0.0008983668230939656, 0.0008782849181443453, 0.0008540163980796933, 0.0008207752835005522, 0.0008090558112598956, 0.0007925079553388059, 0.0007727836782578379, 0.0007548554858658463, 0.0007411621045321226, 0.0007218237151391804, 0.0007124308031052351, 0.0006932976539246738, 0.0006840437126811594, 0.0006675996992271394, 0.0006454789254348725, 0.0006391631031874567, 0.0006328648887574673, 0.0006197268085088581, 0.0006102633196860552, 0.0005966333847027272, 0.0005845034611411393, 0.0005776546895503998, 0.0005704353679902852, 0.0005582181620411575, 0.0005519820842891932, 0.0005447111034300178, 0.0005356886249501258, 0.0005253993294900283, 0.000519438530318439]",0.07131124589521415,0.5409801133245906,0.0847203907145914,0.559760234334515,0.1432447499347342,0.5825645326623801,0.2098913595513059,0.7227010542297284,0.6991347206734729,57.47666331403889,cuda
SVDB,251_SVDB_id_15_Medical_tr_5421_1st_5521,RP,pvt_autoencoder_frozen,128,10,10,64,100,0.001,"[0.17218521875994547, 0.12202393582889012, 0.09123722570283073, 0.07001802857433047, 0.05483742271150861, 0.04365630980048861, 0.03525476689849581, 0.028784667806965963, 0.023787434079817364, 0.01990970836154052, 0.01685802824795246, 0.01444691845348903, 0.012518164435667651, 0.010955257075173514, 0.009674140651311194, 0.008615001636956419, 0.007715882999556405, 0.006951572107417243, 0.006298766671014684, 0.0057418398293001315, 0.005259115182395492, 0.004835503574992929, 0.004469946891601596, 0.0041466960683465, 0.0038596741921667543, 0.0036073067624654087, 0.003376950609630772, 0.0031741432113839047, 0.002986544942749398, 0.00281978292124612, 0.0026708115890089956, 0.002532385123361434, 0.0024144922250083516, 0.0022901714047683136, 0.0021875813669924226, 0.0020915749815425704, 0.0019984548479052527, 0.001915959159045347, 0.0018480700507227863, 0.001771919512456017, 0.0017063772538676858, 0.001644431214247431, 0.0015839010344019958, 0.0015307488086234247, 0.0014858693882290805, 0.0014352845526965602, 0.001391276783709015, 0.0013463986438832112, 0.0013074133644944855, 0.001267391855695418, 0.0012383268580638937, 0.0012027389270120434, 0.0011758161542404974, 0.0011401115833515568, 0.001118744956329465, 0.0010926661530642637, 0.0010692906715641065, 0.0010369896772317588, 0.001025040983222425, 0.001002921032652791, 0.0009733230939933232, 0.0009553676105237433, 0.0009390689332836441, 0.0009255531643118177, 0.00090145059428843, 0.0008798102498985827, 0.000870994890906981, 0.0008557157208477813, 0.000841144663614354, 0.0008275874507879573, 0.0008192181454173156, 0.0008035730570554733, 0.0007886459352448583, 0.0007775682523580534, 0.0007653330768724638, 0.000755378685425967, 0.0007411143493040331, 0.0007336109494125205, 0.0007259066000447742, 0.0007092787169053086, 0.0006998430555021125, 0.0006929935022656407, 0.0006869319144503347, 0.0006763893595364477]","[0.199160635471344, 0.14264177531003952, 0.08588439971208572, 0.056399499997496605, 0.04099711403250694, 0.03126120567321777, 0.024440815672278404, 0.019752544350922108, 0.01657161209732294, 0.014161254279315472, 0.012461512349545956, 0.011244168505072594, 0.010056526400148869, 0.008903750218451023, 0.008132826536893845, 0.007445649476721883, 0.0068295232485979795, 0.006147813051939011, 0.005661712726578116, 0.005223501706495881, 0.00484541361220181, 0.004520685179159045, 0.0041964484844356775, 0.003963911556638777, 0.003657244029454887, 0.00348969001788646, 0.003176740137860179, 0.003021695534698665, 0.002836687839590013, 0.0026814622106030583, 0.002526193857192993, 0.0024222538340836763, 0.002320062951184809, 0.00220189499668777, 0.0020860356744378805, 0.0019963179947808385, 0.0018973295227624476, 0.0018249074346385896, 0.0017818755004554987, 0.0016983503010123968, 0.0016296487301588058, 0.0015625754022039473, 0.0015269580180756748, 0.0014786557876504958, 0.0014235175913199782, 0.001372514758259058, 0.0013316438999027014, 0.0012908802018500865, 0.001249065448064357, 0.0012056920677423477, 0.0011707763187587261, 0.0011441489332355559, 0.0011175189283676445, 0.0010965866968035698, 0.001062799070496112, 0.0010331775702070445, 0.0010079510684590787, 0.0009915422706399113, 0.000968728243606165, 0.0009412428480572999, 0.0009186672104988247, 0.0008933583158068359, 0.000876053556567058, 0.0008616294071543962, 0.0008477146329823881, 0.0008317246101796627, 0.000815664796391502, 0.0008009496377781034, 0.0007840183679945767, 0.0007701016729697585, 0.000756116263801232, 0.0007437947497237474, 0.0007317358686123043, 0.0007205269066616893, 0.000709845102392137, 0.0007012187270447612, 0.0006902625609654933, 0.0006798963295295835, 0.0006684893742203712, 0.0006613940640818328, 0.0006527305813506246, 0.0006413770897779614, 0.0006319653184618801, 0.0006251281884033233]",0.0667028086280298,0.5405912824652674,0.0837483235405154,0.5562108624394926,0.1432447499347342,0.5825645326623801,0.2098913595513059,0.7227010542297284,0.6991347206734729,58.734124697046354,cuda
SVDB,251_SVDB_id_15_Medical_tr_5421_1st_5521,RP,pvt_autoencoder_progressive_unfreeze,128,10,10,64,150,0.001,"[0.26293786082948956, 0.2308902187006814, 0.2076153521026884, 0.18220787388937815, 0.16311280642236983, 0.1387545551572527, 0.11832904709236962, 0.10428703044142042, 0.08687501932893481, 0.07223792054823466, 0.06048777859125819, 0.05153789051941463, 0.043219328458820074, 0.036967524726475985, 0.030990749863641604, 0.026826463107551848, 0.023173687979578972, 0.02155927488846438, 0.01775293903691428, 0.01472596185547965, 0.013191743354712213, 0.010292743199637957, 0.006096474892858948, 0.004333329220701542, 0.0032335372442113502, 0.002796938775905541, 0.0022497724941266434, 0.0018921191305188195, 0.0015665999048256449, 0.0014750410503308689, 0.0013979060375796898, 0.0011195291133065308, 0.0011247064103372395, 0.0010176069918088615, 0.00090401474985161, 0.0008584377439027387, 0.0007742378012543279, 0.0007154863311110862, 0.0006892091810836323, 0.0006210414659497994, 0.0006284975513283696, 0.0005692031783317881, 0.0005301225714252464, 0.0005159540326401059, 0.0004804364081272589, 0.00046646646556577513, 0.00044662472542508373, 0.0004111805756110698, 0.0003804854100703129, 0.0003983739672029125, 0.0003528883223355349, 0.0010710195014585874, 0.0005677543647055115, 0.0004347950203477272, 0.0003748754845998649, 0.0003325890367185431, 0.00032354212765182765, 0.0003700661556130009, 0.0005373263598552772, 0.0003242269989901355, 0.00030011875787749887, 0.000288471596182457, 0.00025204533137314556, 0.00024416666669172367, 0.00023347362210708006, 0.00025169560103677213]","[0.25300244987010956, 0.24014656245708466, 0.21587809175252914, 0.1863645538687706, 0.15834884345531464, 0.13061964511871338, 0.10943445563316345, 0.09187417104840279, 0.07753540202975273, 0.06558013707399368, 0.05599525012075901, 0.04816605523228645, 0.04053333029150963, 0.03432837873697281, 0.02853157464414835, 0.02364929113537073, 0.020443233661353588, 0.017545077949762344, 0.01451228791847825, 0.011788719799369574, 0.008884255308657885, 0.006166799226775765, 0.005748287308961153, 0.004080837592482567, 0.0028567620320245624, 0.0022081296192482114, 0.0018577254959382117, 0.0016870855470187962, 0.0014435189659707248, 0.0013428411330096424, 0.0012877178378403187, 0.0010760576697066426, 0.0010370080708526075, 0.0009065130434464663, 0.0008513158827554435, 0.0007898466428741813, 0.0007274963427335024, 0.0006661661609541625, 0.0006372606148943305, 0.000581863074330613, 0.0005728377145715058, 0.0005248157394817099, 0.000486994264065288, 0.00046618279884569347, 0.0004378728335723281, 0.0004185359721304849, 0.0004037984908791259, 0.0003711112221935764, 0.0003494572883937508, 0.00035366964584682137, 0.0003241078957216814, 0.0004581333341775462, 0.000441429452621378, 0.0003723628615261987, 0.000327340341755189, 0.0002988050546264276, 0.00028744328301399946, 0.000293067772872746, 0.0003253979957662523, 0.00030611641705036163, 0.0002713357753236778, 0.0002553888043621555, 0.00022988961427472532, 0.0002175333647755906, 0.0002071220733341761, 0.00021911407384322956]",0.06757334017068121,0.5499164011076734,0.08464761783782089,0.5565881244320394,0.1432447499347342,0.5825645326623801,0.2098913595513059,0.13440362799182715,0.6991347206734729,53.08395389490761,cuda
SVDB,251_SVDB_id_15_Medical_tr_5421_1st_5521,RP,pvt_autoencoder_differential_lr,128,10,10,64,100,0.001,"[0.24677583362374986, 0.19894307851791382, 0.1643804865224021, 0.13375635870865413, 0.1062081413609641, 0.0833403468132019, 0.0657300033739635, 0.052136480276073725, 0.04157261071460588, 0.033436882974846024, 0.027099563607147763, 0.02213872011218752, 0.018234267830848694, 0.015174564639372485, 0.012771690929574626, 0.010877336109323161, 0.009355691926819938, 0.008162965798484427, 0.0071730415469833785, 0.006387487319963319, 0.005695372287716184, 0.005135935398616961, 0.004816142176943166, 0.004296111608190196, 0.003936752078256437, 0.0036406700632401873, 0.0033730403520166874, 0.0031375654840043615, 0.0029343819644834313, 0.002756573392876557, 0.002587683964520693, 0.002438247503180589, 0.002308113101337637, 0.002220500260591507, 0.002075299055182508, 0.00197223321135555, 0.0018863283663189837, 0.001803647177959127, 0.0017232362713132585, 0.001646844021576856, 0.001584554074465164, 0.0015202373366004654, 0.0014696518857298152, 0.0014082100907606737, 0.0013617291780454771, 0.0013162917790136167, 0.00126638963618981, 0.0012384657415428332, 0.0011912426478894694, 0.0011504848620721272, 0.0011150075089452522, 0.0010880563308351807, 0.0010513606082115854, 0.00102240640470492, 0.000995060196146369, 0.0009691054417219545, 0.000949350418522954, 0.0009250989948798503, 0.0009070802479982376, 0.0008774439754363682, 0.000859101302921772, 0.0008393271460330912, 0.0008226056067672159, 0.0008152652299031615, 0.0007903262324232076, 0.0007747755402566067, 0.0007560272767607655, 0.0007380682675700102, 0.0007243587668719036, 0.0007066885258869401, 0.0006953123208534505, 0.0006921801998812173, 0.0006686911469192377, 0.0006612970028072596, 0.0006426688217158828, 0.0006419673113019339, 0.0006224148175013917, 0.0006147913767823151, 0.0006013085200850453, 0.0005914390203543007, 0.0005802480320978377, 0.00056953911137368, 0.0005659682376842413, 0.0005583390676682549, 0.0005418836621434561, 0.0005413763823785952, 0.0005235961039683648, 0.0005163012953874256, 0.0005195491373472448, 0.0004980270875551339]","[0.2382747381925583, 0.2226579263806343, 0.18328803777694702, 0.1327347606420517, 0.09708155691623688, 0.07041492313146591, 0.05434905365109444, 0.041743697598576546, 0.03325687348842621, 0.02618536166846752, 0.021490112878382206, 0.017267951741814613, 0.014601347967982292, 0.012192167341709137, 0.010505440179258585, 0.00910763256251812, 0.008014410268515348, 0.0070948489010334015, 0.006304137641564012, 0.005623895209282637, 0.005129330325871706, 0.004694695584475994, 0.004254446132108569, 0.003943625604733825, 0.003675698069855571, 0.0033638060558587313, 0.0031097360188141465, 0.0029808568069711328, 0.0027312368620187044, 0.002557782572694123, 0.002442523604258895, 0.0022958258632570505, 0.0021628005197271705, 0.001984954404179007, 0.0019383534090593457, 0.0018552791443653405, 0.001771897601429373, 0.0016846040380187333, 0.0016107429983094335, 0.0015591975534334779, 0.0014869817532598972, 0.0014329213881865144, 0.0013672166387550533, 0.0013196528307162225, 0.001280216732993722, 0.0012304057599976659, 0.0011864451225847006, 0.0010970348957926035, 0.0010847991798073053, 0.001067273085936904, 0.0010357447899878025, 0.0010125685948878527, 0.0009889973443932831, 0.0009625137608963996, 0.0009364311117678881, 0.0009085524652618915, 0.0008879475062713027, 0.0008605013717897236, 0.0008337573090102524, 0.0008180697623174638, 0.000795502943219617, 0.0007793663826305419, 0.0007577208161819726, 0.0007380197639577091, 0.0007238521939143538, 0.0007053058943711221, 0.0006630650314036757, 0.0006688052671961486, 0.0006637218175455928, 0.0006537273875437677, 0.0006434528040699661, 0.000626619323156774, 0.0006175973685458302, 0.0006066687637940049, 0.0005958317487966269, 0.0005829327274113894, 0.0005744030058849603, 0.0005654463893733919, 0.0005543871666304767, 0.0005427727592177689, 0.0005359280330594629, 0.0005267520464258268, 0.0005158312851563096, 0.0005052526394138113, 0.0004963352403137833, 0.0004870121774729341, 0.00047937853378243744, 0.00047013131552375853, 0.00044464817619882524, 0.0004482372314669192]",0.07364865937137027,0.5596303506094026,0.08561175551236737,0.56013757953777,0.15787405856895043,0.5825645326623801,0.22775905074519667,0.1350664895885672,0.7037559934909284,74.6508672258351,cuda
SVDB,251_SVDB_id_15_Medical_tr_5421_1st_5521,RWT,cnn_autoencoder,128,10,10,64,150,0.001,"[0.10043498980147499, 0.07545118991817747, 0.06117437833121845, 0.0501530117222241, 0.04123450815677643, 0.03378946440560477, 0.02744841682059424, 0.022275841927954128, 0.018187577170985087, 0.014974147746605533, 0.012435083809707845, 0.010425027193767684, 0.00883464448686157, 0.007538795471191406, 0.006481589084225041, 0.005610164587518999, 0.004878448588507516, 0.004277401736804417, 0.003772023133933544, 0.0033635577586080346, 0.003033978598458426, 0.0027687584515661, 0.0024623104171561344, 0.0022289723357451813, 0.002009873927038695, 0.0018268081891749585, 0.0016737361272264803, 0.00154377832742674, 0.001409251126460731, 0.0013043791987001896, 0.0012149951653555036, 0.001127971984845187, 0.0010462768342612045, 0.0009782825114338525, 0.0009168292162939906, 0.0008598583101827119, 0.0008212586066552571, 0.0007802302383684687, 0.000744374660176358, 0.0007027516174795372, 0.0006667821435257792, 0.0006408456663068916, 0.0005984828790782817, 0.0005721533005791051, 0.0005444232956506312, 0.0005313022494582194, 0.0005043049417768738, 0.0004832114209420979, 0.00046363388537429273, 0.0004460228166343378, 0.00043160972251955954, 0.00041998166125267744, 0.0004029461082869342, 0.00038774819196467955, 0.0003807204692358417, 0.00036876094028619785, 0.00035760785769005973, 0.0003441694508572774, 0.00033995591469907334, 0.00032882154170822887, 0.00032754463609308004, 0.0003230988846293518, 0.0003166780640770282, 0.0003073495671352638, 0.0002976848876902035, 0.00029614942780296715, 0.0002825442560216678, 0.0002777389142595764]","[0.10995796322822571, 0.09727388620376587, 0.07699736207723618, 0.056940119713544846, 0.043750327080488205, 0.029157857410609722, 0.02441074326634407, 0.017950941808521748, 0.014518878888338804, 0.011359792202711105, 0.009917076211422682, 0.009040599688887596, 0.008048931136727333, 0.007187165319919586, 0.0063883718103170395, 0.005829032743349671, 0.005319707561284304, 0.004621271276846528, 0.004080838756635785, 0.002870910568162799, 0.0026888508582487702, 0.002251672907732427, 0.002105977851897478, 0.0018974864506162703, 0.0017332094139419496, 0.0017362770740874112, 0.0015277439379133284, 0.001509901019744575, 0.0014738774043507874, 0.0014845565892755985, 0.0012445829343050718, 0.00113368418533355, 0.001061519084032625, 0.0009468487987760454, 0.0010159480152651668, 0.0008864484261721373, 0.0009025928447954357, 0.0007467916584573686, 0.0007066540129017085, 0.0007324282778427005, 0.0007031786371953785, 0.000639553414657712, 0.000594206212554127, 0.0005658010777551681, 0.0006362747226376086, 0.0005177315615583211, 0.0005166249175090343, 0.0005021101387683302, 0.0004644003347493708, 0.0004525571857811883, 0.0004948445130139589, 0.00042499553819652647, 0.0003974061255576089, 0.0004148949810769409, 0.0003916923451470211, 0.0003897147107636556, 0.0005080936825834215, 0.0004662132996600121, 0.00037247000727802515, 0.00034490233520045877, 0.0004946471017319709, 0.00041418215550947934, 0.0003870012878905982, 0.00033294611785095185, 0.0002981092256959528, 0.0003113518614554778, 0.00031454607960768044, 0.0003710006858455017]",0.27794766186167236,0.5938714570482333,0.2856496766901746,0.671405739413441,0.31738758374092413,0.9487032173342088,0.9426751592356682,0.4356373131548638,0.9312229099510004,38.825476438971236,cuda
SVDB,251_SVDB_id_15_Medical_tr_5421_1st_5521,RWT,resnet18_autoencoder_frozen,128,10,10,64,100,0.001,"[0.10159546988351005, 0.06403422674962453, 0.04191655772072928, 0.027671795072300092, 0.01816403479980571, 0.012435672272528921, 0.008828718813934497, 0.0065732792552028385, 0.0047533186817807814, 0.0037273049487599303, 0.003003425829644714, 0.0025613594999802963, 0.0019830785292599884, 0.0017175463227821247, 0.0015966358395027263, 0.0014029011695778795, 0.0011430004711395928, 0.0009733784245327115, 0.0008775206432411713, 0.0007933178234712354, 0.000774795696738043, 0.0006665138477858688, 0.0006133038633769112, 0.0005443061818368733, 0.0005578820585339729, 0.0004730907967314124, 0.00045238202437758446, 0.00045163255500873286, 0.0004320168560038188, 0.00040145362644190233, 0.0003718024735072894, 0.0004220254902195718, 0.0003498281335591206, 0.00032712292158976197, 0.0004034975718241185, 0.00043093428082231967, 0.0003354086324439517, 0.00032811263892134387, 0.00029309437169493843, 0.0002666054996162919, 0.00027106944513174573, 0.00028477848640510013, 0.00026087690327715663]","[0.10414749383926392, 0.07638882100582123, 0.04160593822598457, 0.023967033252120018, 0.01606416516005993, 0.01271255686879158, 0.00976525153964758, 0.009462136309593916, 0.0074666584841907024, 0.0064157466404139996, 0.005609250394627452, 0.00444234861060977, 0.003779316204600036, 0.0025918916799128056, 0.0016226781881414354, 0.0014317011809907854, 0.0011231207754462957, 0.001041370036546141, 0.0009522347536403686, 0.0009258568461518735, 0.0008040524844545871, 0.0007187461014837027, 0.000691224035108462, 0.0006466932245530188, 0.0005922992422711104, 0.0005735789018217474, 0.0005483323475345969, 0.0005593643872998655, 0.0005570649809669703, 0.00048703829816076905, 0.0005433106271084398, 0.0005171074881218374, 0.0004341490566730499, 0.0004987000429537147, 0.0005925814621150494, 0.0005364451499190181, 0.00035423699591774493, 0.00044969723967369646, 0.0003409016935620457, 0.00035299819137435406, 0.0003670517326099798, 0.00041927974962163717, 0.00036282216024119407]",0.2923655400930839,0.5771770111680288,0.3017573690074119,0.6597811566859458,0.3233895403686291,0.9487032173342088,0.9426751592356682,0.43454097942905484,0.9299477769673189,27.287436571903527,cuda
SVDB,251_SVDB_id_15_Medical_tr_5421_1st_5521,RWT,resnet18_autoencoder_progressive_unfreeze,128,10,10,64,150,0.001,"[0.10010613607508796, 0.05629707766430719, 0.035294661564486365, 0.02166388449924333, 0.013590598478913307, 0.008998708533389228, 0.006211603126887765, 0.004631220030465296, 0.003559883650658386, 0.002741477685049176, 0.0023268897285951035, 0.0018643801034029042, 0.0015991497285930173, 0.0013630326138809323, 0.0012322025140747428, 0.0010875876427495054, 0.0010996829618566803, 0.0011025553602459176, 0.0008811739306630832, 0.000937865805878703, 0.0025242520995172007, 0.0013269094384408423, 0.0007799490371585957, 0.000594286372818585, 0.0004717687053406345, 0.0005253378601212587, 0.00048201304161921144, 0.00039789839814017924, 0.00033183846556182416, 0.00031145812785585543, 0.000286704783710385, 0.0002980161765922925, 0.0002264390599780849, 0.00022456070083925233, 0.00021586138921390687, 0.00021383589773904532, 0.0002449259586033544, 0.00026779965056838203, 0.0002015042887900823, 0.00015143277414608747, 0.00016893001988397112]","[0.1094973124563694, 0.07709605246782303, 0.03815603442490101, 0.02160621527582407, 0.014018637128174305, 0.011756428983062506, 0.009319292847067118, 0.007325264625251293, 0.006984092760831118, 0.006201415555551648, 0.005554570350795984, 0.004734183428809047, 0.0036790536250919104, 0.0029072336619719863, 0.0015401537530124187, 0.0012109765084460378, 0.0009962135227397084, 0.0010057072504423559, 0.0011057739611715078, 0.0007779728330206126, 0.004135492141358554, 0.0014408085262402892, 0.0011384132667444646, 0.0008583066228311509, 0.0006156864401418716, 0.0005445573478937149, 0.0003737445949809626, 0.00037702709960285574, 0.0003517550940159708, 0.0003212393930880353, 0.00025994131283368915, 0.0002747139660641551, 0.00024216970632551238, 0.00023089894966688007, 0.0001891900974442251, 0.0002812007805914618, 0.00029607997566927224, 0.00023112280905479565, 0.0002128746418748051, 0.00019645046268124133, 0.0002016415965044871]",0.26144848326908204,0.5786333926942606,0.26929727262797204,0.6509990552497192,0.3224263177588798,0.9483140536549348,0.9395782463928962,0.3930089708469486,0.9272541937995942,27.805924585089087,cuda
SVDB,251_SVDB_id_15_Medical_tr_5421_1st_5521,RWT,resnet18_autoencoder_differential_lr,128,10,10,64,100,0.001,"[0.09997033860002245, 0.054772348808390756, 0.03385365195572376, 0.02146428344505174, 0.014205870484667165, 0.010029841480510575, 0.007483679069472211, 0.005688712067369904, 0.004443295898714236, 0.0036253175099513362, 0.0029781281149813105, 0.0025693088038159268, 0.0021976476668247153, 0.0018805535011259572, 0.0017457258155835526, 0.0015630258380302361, 0.001327641142000045, 0.0011854535467656596, 0.001068563449994794, 0.0009588757363547172, 0.0008765707357919642, 0.0008380274770648352, 0.0007458884418675942, 0.0006961345872176545, 0.0006809587274411959, 0.0006297373079827853, 0.0005949860455335251, 0.0005585481163247355, 0.000565708103489929, 0.000504917515042637, 0.0005123050650581717, 0.0005269120946260435, 0.0004621844564098865, 0.0004983858878923846, 0.0004533734671505434, 0.00040385812670657676, 0.00036294233619368503, 0.00035455269971862435, 0.00032998767398696927, 0.0003206529114062765, 0.00033949170860328844, 0.0003503992089203426, 0.00032826453181249756, 0.0003088965209566855, 0.0002834199736493507, 0.00026471206885097284, 0.000270060367516375, 0.00024089909857138991, 0.00022855839259656413, 0.0002264531296012657, 0.0002120423471621637, 0.00022016718035696873, 0.00019938537401945462, 0.00019203529102794294, 0.0001845871572316225]","[0.10661029070615768, 0.06772483512759209, 0.031791821122169495, 0.018070821650326252, 0.011931410524994135, 0.009662277065217495, 0.007820508442819118, 0.008387879002839327, 0.006057367427274585, 0.0038793585263192654, 0.002792716957628727, 0.0023289865348488092, 0.0019497035536915064, 0.0017058532685041428, 0.0014772741124033928, 0.0013692988432012498, 0.0012267068377695978, 0.001104511960875243, 0.0010217487579211593, 0.0008906309958547354, 0.0008648601069580764, 0.0007707538898102939, 0.0006985526124481112, 0.0007108123390935361, 0.0007866105588618666, 0.0006112068076618016, 0.0005552780057769269, 0.0006016717234160751, 0.0005094596999697387, 0.0005315431917551905, 0.0005774025339633226, 0.0004374252166599035, 0.0004114408657187596, 0.00046362460125237703, 0.00046823304728604853, 0.000378401527996175, 0.0003602620563469827, 0.00032459334761369973, 0.0003026159683940932, 0.00034968605905305594, 0.00033918028930202127, 0.00032777256274130195, 0.00028323399601504207, 0.0002944480365840718, 0.00027372545446269214, 0.000263502195593901, 0.0002468287420924753, 0.00023805864475434646, 0.00026746363437268883, 0.0002328270857105963, 0.00024051780201261863, 0.00022101250215200707, 0.00020668800425482914, 0.00021309567091520876, 0.0002024529458140023]",0.31256221254392963,0.6164838046953872,0.31989352159015827,0.6955606808808776,0.3554041801713962,0.9483140536549348,0.9404020984717646,0.45600568327756524,0.9291289130944096,37.39711867598817,cuda
SVDB,251_SVDB_id_15_Medical_tr_5421_1st_5521,RWT,pvt_autoencoder_frozen,128,10,10,64,100,0.001,"[0.09447327362639564, 0.05215930725846972, 0.03308968432247639, 0.021647426432796886, 0.014694275733615671, 0.010493657285613673, 0.007653276302984783, 0.005790065508335829, 0.004512067950729813, 0.003623686996953828, 0.002979473676532507, 0.0024381025162126336, 0.0020547801395878196, 0.0017212311837023922, 0.001503374128203307, 0.0012875338018472706, 0.0011587866049792086, 0.001002700616871672, 0.0008947321995427566, 0.0008062961278483272, 0.0007549137725228709, 0.0006831423130019435, 0.0006192904797249607, 0.0006179080727244062, 0.0005463346065620758, 0.0004954479767807893, 0.0005433077125677041, 0.0005108426474700016, 0.00045064021001702974, 0.00042155582091904113, 0.0003842991760133633, 0.00042183423647657037, 0.00035481232667474875, 0.0003444047677995903, 0.00030627508697632166, 0.0003031951720393928, 0.0002868989748614175, 0.0002734105634902205, 0.00027037071205476034, 0.00025361623141049804, 0.0002443565380027784, 0.00026104613789357245, 0.00024880172194181275, 0.0002409006909666849]","[0.0983683168888092, 0.0631522499024868, 0.03708292916417122, 0.02318186778575182, 0.014294140506535769, 0.009235452394932508, 0.006566486321389675, 0.00480439281091094, 0.003768356400541961, 0.0031521464698016644, 0.0026605912717059255, 0.0023688842775300145, 0.002007806207984686, 0.0016876033041626215, 0.0014893054030835629, 0.0012648162082768977, 0.0011480354005470872, 0.0010754897957667708, 0.0009534015553072095, 0.0008682324551045895, 0.0007533892057836056, 0.0006669251888524741, 0.000748724676668644, 0.0006864344468340278, 0.0006138414610177279, 0.0006175203307066113, 0.0007327848288696259, 0.0005357560585252941, 0.0004736062546726316, 0.0004613480850821361, 0.0005894581554457545, 0.0004153591435169801, 0.00038511233287863433, 0.0003604140074457973, 0.00040016105049289763, 0.00031721117557026446, 0.00031363943708129227, 0.00037260036333464086, 0.00028984693926759064, 0.000295429679681547, 0.0003401754656806588, 0.0002854160702554509, 0.00032777999876998365, 0.00026731549587566406]",0.29064904364020416,0.569564622695695,0.2982015831718377,0.6457596256477389,0.33017665738375446,0.9533281702197041,0.9438808270193908,0.4740200352503107,0.9360719744597412,31.230559040093794,cuda
SVDB,251_SVDB_id_15_Medical_tr_5421_1st_5521,RWT,pvt_autoencoder_progressive_unfreeze,128,10,10,64,150,0.001,"[0.1029363072344235, 0.052621420472860336, 0.03173942518021379, 0.02039189450442791, 0.013695986276226384, 0.009669432283512183, 0.007035180926322937, 0.005246925766446761, 0.00405676436743566, 0.0032250863566462484, 0.002655734108494861, 0.0021587281953543425, 0.0017918146747563566, 0.0015557536389678717, 0.001347435754723847, 0.0011955518774422152, 0.001059623102524451, 0.0009228226263076067, 0.0008425133169761726, 0.0007874595134385995, 0.013915357495924192, 0.0037561379639165743, 0.0021656035512153593, 0.0015036451264417597, 0.0011134881060570478, 0.0009076710807026497, 0.0006824372519206788, 0.0005660074072823461, 0.00047877346098955186, 0.0004355214394828571, 0.00040487488149665296, 0.00041490089746990373, 0.0003528318858505892, 0.00035283916596589345, 0.00028160688816569746, 0.00025778664816503545, 0.0002558596689985799, 0.00023896483097424998, 0.00022349559835025242, 0.00023600545994538282, 0.0002280139015056193, 0.0002565162202310083, 0.0002717385193266507, 0.00025205968164040575]","[0.1059691496193409, 0.06277372315526009, 0.030015520751476288, 0.016100061126053333, 0.00965060107409954, 0.0068170500453561544, 0.005216857884079218, 0.003967582480981946, 0.0032550019677728415, 0.0030070780776441097, 0.002338158432394266, 0.001960538444109261, 0.0017739729955792427, 0.0015216154279187322, 0.001444731722585857, 0.001193371252156794, 0.0010192106710746884, 0.0009386872407048941, 0.0008310817647725344, 0.0007976733904797584, 0.00553845358081162, 0.002230245270766318, 0.002591223455965519, 0.002610346651636064, 0.0016822200850583613, 0.0011025106068700552, 0.0006730964523740113, 0.0005074086802778766, 0.0004608572198776528, 0.0003753224154934287, 0.0005924788129050285, 0.0004207195743219927, 0.00041301868623122573, 0.0002742398501140997, 0.0002852470788639039, 0.00026322925987187773, 0.00026057258946821094, 0.00024785161804175004, 0.00022099478519521654, 0.00026275767595507205, 0.00021512450621230528, 0.0002637411671457812, 0.0002827589196385816, 0.0002617738355183974]",0.2905055622957856,0.5877436649191711,0.29794414966364063,0.6644426157787215,0.3324213265948811,0.9487032173342088,0.9426751592356682,0.43838966981185357,0.9294075116219173,34.5185224218294,cuda
SVDB,251_SVDB_id_15_Medical_tr_5421_1st_5521,RWT,pvt_autoencoder_differential_lr,128,10,10,64,100,0.001,"[0.09030518467937197, 0.046474224754742215, 0.029299933463335037, 0.019162246026098728, 0.012439010132636343, 0.008749399201146193, 0.006487441515283925, 0.004980657183166061, 0.003962145186960697, 0.0031764173015419927, 0.002527049509808421, 0.002095020974853209, 0.0017660470413310187, 0.0014683970117143222, 0.0012787128299740808, 0.001121613463120801, 0.0010379777356450046, 0.0009097746972526823, 0.0008224519718039249, 0.0007604747245620404, 0.0006991228770597705, 0.0006696674640157393, 0.0006718610862403043, 0.0006067059127547379, 0.0005814804462715983, 0.0005519026599358767, 0.0005282693226555628, 0.0005093922747099506, 0.00045788143013071803, 0.0004534034607266741, 0.0004343074605068458, 0.0003777920127114547, 0.00036352293266515644, 0.0003381302272568324, 0.0003361066254521055, 0.00031854485028556416, 0.0003249787717192833, 0.0003312265658418515, 0.00028782041876443794, 0.00026143360966151316, 0.00026080524548888206, 0.00024182259845214764, 0.0002386953149523054, 0.00022735850403218398, 0.00024136804027615914, 0.00021305663852087622, 0.00020920510827896317, 0.00019863346408653473, 0.00020350949905280556, 0.0002470812386101378, 0.00023482670907729438]","[0.09757377579808235, 0.0607377327978611, 0.03072504885494709, 0.01682553719729185, 0.011738818604499102, 0.009080874733626842, 0.006767817307263613, 0.005044130375608802, 0.0038088044384494424, 0.0028834325494244695, 0.0025785816833376884, 0.002017247723415494, 0.0016766516491770744, 0.0015106377541087568, 0.0012140550534240901, 0.0011866972199641168, 0.0010450523113831878, 0.0009680931107141078, 0.0008339734340552241, 0.0007494328310713172, 0.0007921632204670459, 0.0008375504112336785, 0.0005986550531815737, 0.0007765877235215157, 0.0005645749042741954, 0.0005503015127032995, 0.0005581289588008076, 0.0004648224712582305, 0.0005610613734461367, 0.0006151531124487519, 0.0004620796535164118, 0.0004416008887346834, 0.0003586931270547211, 0.0004010947159258649, 0.00034208010765723884, 0.0003160396299790591, 0.00042671733535826206, 0.00028878649754915386, 0.0002966024912893772, 0.00027338520158082247, 0.0002527947217458859, 0.00024973857216537, 0.0002967012987937778, 0.00024087227211566642, 0.00023300838802242652, 0.000215813510294538, 0.00021505159384105355, 0.00024087306519504637, 0.0003455529804341495, 0.00025593808095436543, 0.00025104443193413317]",0.29894934562246783,0.5724151548542116,0.3037550836996445,0.6486498049783901,0.34534306506523194,0.9487032173342088,0.9426751592356682,0.4339372117504534,0.9305722782043523,43.11279476014897,cuda
SVDB,251_SVDB_id_15_Medical_tr_5421_1st_5521,MWT,cnn_autoencoder,128,10,10,64,150,0.001,"[0.09194710212094444, 0.07433396790708814, 0.06224601556147848, 0.05213028671486037, 0.043169776776007245, 0.03526916567768369, 0.028609538450837135, 0.023174383278403963, 0.018837703125817434, 0.015197116083332471, 0.012213828707379954, 0.009868585105453218, 0.007976377249828406, 0.006520258794937815, 0.005388576603893723, 0.004515223138566528, 0.0038347089596624884, 0.0033541206336979356, 0.002870934017534767, 0.002540471198569451, 0.0022420382260211875, 0.0019911303451018675, 0.001796478871256113, 0.0016565640523497546, 0.0015023764488952501, 0.0013723804815007107, 0.001262034854984709, 0.001168662865113999, 0.0010922162494223034, 0.0010249554927993035, 0.0009471445560588368, 0.0008880819410218724, 0.0008300864636631948, 0.0008048727509698697, 0.0007723314172056105, 0.0007430574124945062, 0.00069806888599747, 0.0006561818216661257, 0.0006377365706222397, 0.00062476604112557, 0.0006018485291860998, 0.000564328852176134, 0.0005587301649419325, 0.000530329204463799, 0.0005242713752003121, 0.0005136662512086332, 0.0004934247200643378, 0.00047879866074903736, 0.0004573972837533802, 0.00044599279395437667, 0.00043113109339693826, 0.0004389960335434547, 0.00041665416210889816, 0.0004061525729152241, 0.0004014987955867712, 0.00038838906246902686, 0.0003744869110440569, 0.00036450823452988904, 0.00035727631516887674, 0.0003581575209474457, 0.00034322837849945894, 0.0003379646929845746, 0.00032953656877257993, 0.0003263597068975547, 0.00033516798118528513, 0.00031114345931980224, 0.0003135208015529705, 0.00030685755856601257, 0.00028962364220725637, 0.00028818782552012375, 0.0002943513889996601, 0.00029990486966978224, 0.0002771340992434749, 0.000277976954488882, 0.0002656102837395987]","[0.08985868468880653, 0.08358242362737656, 0.07160090655088425, 0.05786461941897869, 0.04797486029565334, 0.035027217119932175, 0.02739845961332321, 0.023512323386967182, 0.01908078696578741, 0.014334580861032009, 0.011034633498638868, 0.009180810768157244, 0.006724581588059664, 0.005663554649800062, 0.004641717066988349, 0.00382720201741904, 0.0034359567798674107, 0.0030477781547233462, 0.002726104110479355, 0.002340844599530101, 0.0021310520824044943, 0.001973637263290584, 0.0018208346446044743, 0.001549155858810991, 0.001414306170772761, 0.0012461519800126553, 0.001219546771608293, 0.0011238394654355943, 0.0010694629163481295, 0.0009846915781963617, 0.0009473155369050801, 0.0008941641717683524, 0.0008472918416373432, 0.0008066462178248912, 0.0008049504831433296, 0.0007736837724223733, 0.0007101811934262514, 0.0006519827875308692, 0.0006427904008887708, 0.0006605942908208817, 0.000616749661276117, 0.0005878926021978259, 0.0005637920112349093, 0.0005718986212741584, 0.0005477049853652716, 0.0005312941211741418, 0.0005339299386832863, 0.0004904863599222153, 0.00048716666060499847, 0.0004844669165322557, 0.000462506664916873, 0.00046868853678461164, 0.00045356081682257354, 0.00043144592200405896, 0.000416840281104669, 0.00041551151662133634, 0.0003987569216405973, 0.0003899910079780966, 0.00039297749754041433, 0.0003744152490980923, 0.00038953564944677055, 0.00036226915835868567, 0.00034788587072398514, 0.0003481027961242944, 0.0003603090444812551, 0.00033713386801537126, 0.000339431018801406, 0.00033534310932736844, 0.00032132226624526083, 0.00032051205926109105, 0.0003442286979407072, 0.000332668874762021, 0.0003064034099224955, 0.0003009811625815928, 0.0003034375258721411]",0.31582578688830276,0.547250622664941,0.3210788373079192,0.632746889406641,0.374807677129387,0.9412737116171426,0.9358974358974353,0.47196320735707264,0.9258106008521035,42.76062124501914,cuda
SVDB,251_SVDB_id_15_Medical_tr_5421_1st_5521,MWT,resnet18_autoencoder_frozen,128,10,10,64,100,0.001,"[0.08194097025053841, 0.06576011329889297, 0.04944329389504024, 0.03538394799189908, 0.025913458849702562, 0.019944888406566212, 0.015035634195165975, 0.011244934052228928, 0.00879862711631826, 0.006664312378104244, 0.005300681505884443, 0.004213879516880427, 0.003566646549318518, 0.003083500179595181, 0.002535927342250943, 0.0021739498811907004, 0.0018413066864013672, 0.001617876164216016, 0.001300498893085335, 0.0011569764465093613, 0.0010934968844854406, 0.0010390411230868527, 0.0009524783568589815, 0.0008589812870403486, 0.0008268845600209066, 0.0007303053280338645, 0.0007185801264962979, 0.0006452519779226609, 0.0006392928272751826, 0.0006474575576638537, 0.000594139622990042, 0.0005844358404699181, 0.0005497515417768487, 0.0005893858947924205, 0.0005011197728370982, 0.0005676634235507143, 0.000497237454900252, 0.0004897783302502441, 0.0004691252335240798, 0.0005397653315282826, 0.00046590839961676726, 0.0004109732773421066, 0.00044308387857329635, 0.0003847154688888362, 0.0003775586415680924, 0.0004128283222338983, 0.0005000276349684489, 0.00041517101427806277]","[0.07599154487252235, 0.0710175670683384, 0.05293862894177437, 0.033655788749456406, 0.023249243386089802, 0.018426193855702877, 0.01589735085144639, 0.015052213333547115, 0.01290834741666913, 0.010791795793920755, 0.009007125161588192, 0.0061499993316829205, 0.004957579309120774, 0.004061286337673664, 0.003011974273249507, 0.0027321146335452795, 0.002285622409544885, 0.0018795725191012025, 0.0016494159353896976, 0.0015316272038035095, 0.001427794632036239, 0.0012804431025870144, 0.0012138689635321498, 0.0011193796526640654, 0.0010785573394969106, 0.0010247513127978891, 0.0010487065883353353, 0.0009638484625611454, 0.000922017265111208, 0.0009129505779128522, 0.0008685601642355323, 0.0008705300861038268, 0.0009006213513202965, 0.0009059758158400655, 0.0008451169996988028, 0.0008610973309259862, 0.0008362902444787323, 0.0006962870538700372, 0.0007219153339974582, 0.0007803618791513145, 0.0007639385294169188, 0.0007949282589834183, 0.0007474976591765881, 0.0006956294819246978, 0.0007138959772419184, 0.0007573057955596596, 0.0007297921110875905, 0.0007435851730406284]",0.3078394628918146,0.5703536253144049,0.31434202311124265,0.656811647039101,0.3573581466122917,0.9483140536549348,0.940068749065909,0.4402143495381762,0.9297729033676555,30.381389140849933,cuda
SVDB,251_SVDB_id_15_Medical_tr_5421_1st_5521,MWT,resnet18_autoencoder_progressive_unfreeze,128,10,10,64,150,0.001,"[0.08372146742684501, 0.06125492549368313, 0.042021426771368296, 0.029656629477228438, 0.021831268444657326, 0.016632508220417157, 0.01242262271365949, 0.009082630476249116, 0.006794922519475222, 0.005596468491213662, 0.004301427597446101, 0.003581550038818802, 0.003031148076323526, 0.0025551246612199713, 0.002189175525148, 0.0018314228925321782, 0.0014387268373476608, 0.0013973661864708578, 0.0012864813075533935, 0.0012130537735564367, 0.003105181618593633, 0.00184400547628424, 0.0014042206042047059, 0.0011042557556980423, 0.0010258718809512044, 0.0007604998453254146, 0.0006210275210573205, 0.0006214647437445819, 0.0005756901560484298, 0.0005330682366288134, 0.000533587794052437, 0.0004857239587831178, 0.0004626221364430551, 0.00037286884201291414, 0.0003409816002074097, 0.0003413075880546655, 0.00033689096120984426, 0.0003356820213541921, 0.0003577982008989368, 0.00028493425010570457, 0.00028638020947775137, 0.0003434249374549836, 0.00024310511902772954, 0.0002557022879565401, 0.0002733495722558083, 0.00022623294041425521]","[0.08047300577163696, 0.07102691009640694, 0.0473435427993536, 0.02919333428144455, 0.020695557817816734, 0.01814850978553295, 0.015800134278833866, 0.012967851012945175, 0.011559349484741688, 0.010209972504526377, 0.007907966617494822, 0.0061440609861165285, 0.004180053249001503, 0.0036603084299713373, 0.0027094435645267367, 0.0021514352411031723, 0.0017438060604035854, 0.0015522987814620137, 0.0015839337138459086, 0.0013839052990078926, 0.0028159967623651028, 0.0018583867931738496, 0.0012615794548764825, 0.0010413223062641919, 0.0008955506200436503, 0.0007527002308052033, 0.0007299946155399084, 0.0006423830054700375, 0.0006500566087197512, 0.0005745698872487992, 0.0005208028305787593, 0.0005841116944793612, 0.0005483363929670304, 0.0004949401773046702, 0.00042765846592374146, 0.0004147617728449404, 0.0004218612884869799, 0.00037245611019898206, 0.0003996423038188368, 0.00037636750494129956, 0.00038280582521110773, 0.00036275372258387506, 0.00036986406485084444, 0.00037121343484614044, 0.0003612973232520744, 0.00034476275322958827]",0.32239359278642205,0.5627537721408113,0.3265287508366608,0.6489163711979138,0.3857226477231045,0.9487032173342088,0.9426751592356682,0.4493505622100053,0.9330695168982212,31.894618497928604,cuda
SVDB,251_SVDB_id_15_Medical_tr_5421_1st_5521,MWT,resnet18_autoencoder_differential_lr,128,10,10,64,100,0.001,"[0.08061478074107851, 0.05388973067913737, 0.03462194039353302, 0.02278155673827444, 0.015555493400565215, 0.01113969340388264, 0.008293623237737588, 0.006181672015892608, 0.004752290900796652, 0.003569477071453418, 0.002805397180574281, 0.0024503410594271763, 0.0021195318050948636, 0.0019003957609779068, 0.0016669663766931211, 0.001570512873253652, 0.0015620615200272628, 0.0012881277860807522, 0.00109916616098157, 0.0010551285813562572, 0.0010655612402063394, 0.0008424355099642915, 0.0007639368330793721, 0.0007485321589878627, 0.0006562246541891779, 0.0006716853988889072, 0.0006708928849548101, 0.0006366854733122247, 0.0005798623897135258, 0.000551912235096097, 0.0005431394757969039, 0.0005438216529520494, 0.00047468591115570495, 0.00047021785784246665, 0.0004707076046283224, 0.0004432174942589232, 0.00040583898745743293, 0.00044395414546930363, 0.00041602373156430464, 0.00042964569625577757, 0.0004349832140308406, 0.0003772777854464948, 0.0004006062642604645, 0.0003967448220854359, 0.0003546385975953724, 0.000356210907089657, 0.0003325587812079383]","[0.08206502720713615, 0.06415465101599693, 0.039757080376148224, 0.025845407508313656, 0.018682832829654217, 0.012804959900677204, 0.008869358338415623, 0.006653210846707225, 0.004979075165465474, 0.0035819681361317635, 0.0028948558028787374, 0.0023137080715969205, 0.0020394258899614215, 0.001691628189291805, 0.0015246521797962487, 0.0013803124311380088, 0.0015118569135665894, 0.00117723667062819, 0.0010464731603860855, 0.000974454334937036, 0.0008530716877430677, 0.0008715053263586015, 0.0008053997880779207, 0.000709489977452904, 0.0006633194570895284, 0.000724837853340432, 0.0006513236439786851, 0.0006636640173383057, 0.0006022336892783642, 0.000624031585175544, 0.0005811141745653003, 0.0005320182535797358, 0.0005420222005341202, 0.0005223106418270618, 0.0005059731774963439, 0.0005178881110623479, 0.00048234916175715625, 0.0004728162894025445, 0.0005107955075800419, 0.0004812051629414782, 0.0004693106166087091, 0.0005061553092673421, 0.000482323783216998, 0.00045941275311633945, 0.0004944633546983823, 0.0004419458127813414, 0.0004448525869520381]",0.31362900546832534,0.5531438560148643,0.31781922427472614,0.6442904365885749,0.3739981994945535,0.9487032173342088,0.9426751592356682,0.4535595006167773,0.930650204060198,32.99260945012793,cuda
SVDB,251_SVDB_id_15_Medical_tr_5421_1st_5521,MWT,pvt_autoencoder_frozen,128,10,10,64,100,0.001,"[0.07259756805641311, 0.04468275234103203, 0.03174512434218611, 0.023544268948691233, 0.017415980010160377, 0.012899106767560755, 0.009547031351498194, 0.007183672660695655, 0.005458132230809757, 0.004187882911147816, 0.003326728441087263, 0.0025855515684400287, 0.0021530169594500747, 0.00182571736097868, 0.0015688799321651459, 0.0013950057826670153, 0.001228339271619916, 0.0011179004130618913, 0.0010445005360192486, 0.000916520699060389, 0.0008771233593246766, 0.0007628429448232055, 0.0006986710525649999, 0.000670736630646778, 0.0006280515309689301, 0.0006154408578627876, 0.0006574636458286218, 0.0005795924225822091, 0.00054800055555201, 0.0005051942633664501, 0.00048656348787647275, 0.000457981788453513, 0.00042130235981728347, 0.00040291042699079426, 0.00040741212433204055, 0.0003976995524551187, 0.00037530110317415426, 0.0003499943871117596, 0.0003377146536617407, 0.0003778301803062537, 0.00035586867098962624, 0.00032967607590502927, 0.00032374105233299943, 0.0003309385086010609, 0.0003673827200795391, 0.000329374975990504, 0.0003053471737075597, 0.00028138850549502034, 0.00029548380241197137, 0.0003168481468622174, 0.00030155148124322295, 0.0002730474682591323]","[0.07618702948093414, 0.04346131347119808, 0.023127321153879166, 0.0167708033695817, 0.013241362757980824, 0.010586129035800695, 0.0084563959389925, 0.007757099810987711, 0.005966533208265901, 0.005233750445768237, 0.003713928861543536, 0.002850387478247285, 0.0024893305962905288, 0.002101020305417478, 0.001806904561817646, 0.0016076915198937058, 0.0013387535000219941, 0.0012390859774313867, 0.001188390888273716, 0.001055377535521984, 0.001080161309801042, 0.0010006603552028537, 0.0009395980450790375, 0.0008928056340664625, 0.0007931497530080378, 0.000838464533444494, 0.000803061033366248, 0.000747624144423753, 0.0006700230296701193, 0.0006406400934793055, 0.0006599702464882284, 0.0005860521923750639, 0.0005572446971200407, 0.0005270290130283684, 0.0006418796547222883, 0.0005202557658776641, 0.0005150947836227715, 0.00047775020357221365, 0.0005098143883515149, 0.0005955601809546351, 0.0004719967837445438, 0.0004545390547718853, 0.00046907959040254354, 0.0004392959381220862, 0.0004954005271429196, 0.00041752075776457787, 0.00044771129614673555, 0.0004639891558326781, 0.0004378819721750915, 0.0004435665759956464, 0.0004175819194642827, 0.0004379958991194144]",0.29785564675962384,0.5639369958672149,0.3040498607596036,0.6478798169898832,0.3443857235026257,0.9412737116171426,0.9358974358974353,0.4303360426388685,0.9237426299706168,36.68582165311091,cuda
SVDB,251_SVDB_id_15_Medical_tr_5421_1st_5521,MWT,pvt_autoencoder_progressive_unfreeze,128,10,10,64,150,0.001,"[0.07109229798827853, 0.04202582687139511, 0.028304191306233406, 0.020468844899109433, 0.015521327166685037, 0.011968594709677356, 0.00913667372827019, 0.006852478254586458, 0.005240664817392826, 0.004087280648361359, 0.003202990462471332, 0.002613350083785398, 0.0021951069523181233, 0.001862367764780564, 0.0015851986494713596, 0.0013840261880042298, 0.0013216239333684956, 0.001172385793844504, 0.0009911401346991105, 0.0008869596640579402, 0.012424035895881909, 0.004789876618555614, 0.0027413579602060573, 0.001984477375767061, 0.0013980736922738807, 0.001180456468968519, 0.000968143909371325, 0.00083931623625436, 0.0007392834522761405, 0.0007154491946234234, 0.0006226693346564259, 0.0006023119702669126, 0.0005566904978227935, 0.0004908829744506095, 0.00046205079914735895, 0.0004375299571880272, 0.0004060247197880277, 0.0004119341070431152, 0.0004012061981484294, 0.0003483851282258651, 0.0003258671869324254, 0.00030685358381431015, 0.0003033610825826015, 0.00030161473218218556, 0.0002939678171450006, 0.00027700403630400876, 0.00028358877170830965, 0.00028859150604278384, 0.00027074940486012826, 0.000299819528923503, 0.0003088154543157933, 0.00027705071053268123]","[0.07883298397064209, 0.038080619648098946, 0.02017975226044655, 0.015701303258538246, 0.012865493539720774, 0.00982266291975975, 0.007539487211033702, 0.0061722914688289165, 0.005105138057842851, 0.004540215013548732, 0.0034171269508078694, 0.0027099979342892766, 0.0028042037738487124, 0.002244283678010106, 0.002112890826538205, 0.0017119538388215005, 0.0016617169603705406, 0.0012909314245916903, 0.0011356328031979501, 0.0011450839811004698, 0.01412295550107956, 0.006255046930164099, 0.002857010462321341, 0.0019321019644849002, 0.0014135902165435255, 0.0012604541261680424, 0.0009558700839988887, 0.0008448946755379438, 0.0007213882345240563, 0.0008405259577557445, 0.0007082197116687894, 0.0005763481312897056, 0.0005817069613840431, 0.0005165149050299078, 0.00045886867155786604, 0.00046382160508073866, 0.00046762618876527995, 0.00050236054812558, 0.00045659366878680885, 0.0003918906586477533, 0.00037131035060156137, 0.0003476889105513692, 0.00036452364292927086, 0.00036334125616122037, 0.0003396006504772231, 0.00032544627902098, 0.00040281091060023755, 0.0003277847426943481, 0.0003196383622707799, 0.00042896601371467113, 0.0004081812367076054, 0.00031885909265838563]",0.3334662698369129,0.5680931812960714,0.3400988997863981,0.6528771559146191,0.4078482932711745,0.9487032173342088,0.9426751592356682,0.5060404239452572,0.9324354733579517,40.66149343014695,cuda
SVDB,251_SVDB_id_15_Medical_tr_5421_1st_5521,MWT,pvt_autoencoder_differential_lr,128,10,10,64,100,0.001,"[0.06605653464794159, 0.03938603826931545, 0.02804147531943662, 0.02122975779431207, 0.016060042860252515, 0.012232771941593714, 0.00922726241073438, 0.007153388445398637, 0.0057733056933752126, 0.004513878142461181, 0.0034067592517073664, 0.0026778149352009806, 0.0021928640282047646, 0.001884881207453353, 0.0017008696948843344, 0.0015676326417763317, 0.001356838919621493, 0.0011673734157479235, 0.0010417271654919855, 0.0009374968857238335, 0.0009080775946910892, 0.0008373161545023322, 0.0007207345001266471, 0.0006782544577228171, 0.0006903207228918161, 0.0006486617494374514, 0.0006065273274933654, 0.0005543240944721869, 0.0005492948444693216, 0.0005722527941023665, 0.00054636035513665, 0.0005159992017849747, 0.0005135818999925894, 0.0004647872743329832, 0.0004979792325424828, 0.0004901815388750817, 0.000496207137725183, 0.0004644869228026697, 0.0004423453813485269, 0.0004117619662013437, 0.0004668877476693264, 0.0004756889746723963, 0.0004434601245780608]","[0.06985573470592499, 0.038120731711387634, 0.022863900288939476, 0.01661007385700941, 0.012489288579672575, 0.009398813359439373, 0.008034002501517534, 0.00694328872486949, 0.005036921240389347, 0.003745512804016471, 0.0031684807036072016, 0.0024570367531850934, 0.002181406714953482, 0.0018013064400292933, 0.002017352031543851, 0.0014046371215954423, 0.0015072798705659807, 0.0014267321676015854, 0.0010377943981438875, 0.0010458926553837955, 0.0009891412337310612, 0.0008517311653122306, 0.0007801907195243984, 0.0007129522273316979, 0.0007561473757959902, 0.0006701541133224964, 0.0006451678636949509, 0.0006547422090079635, 0.0006511710525956005, 0.0006389512855093926, 0.0006184240046422929, 0.0006330890755634755, 0.0005430231976788491, 0.0005068655009381473, 0.0007167331641539931, 0.0005304325313773006, 0.0005105547315906733, 0.000528943637618795, 0.0005200111918384209, 0.00045214394049253315, 0.0005913052591495216, 0.0004633125354303047, 0.00046558736357837915]",0.3301314454597982,0.5630348694169925,0.33520064304970565,0.6468216209834304,0.39411542851537407,0.9421305729888336,0.9358974358974353,0.4954380410493499,0.9260499554180446,35.55725036910735,cuda
SVDB,251_SVDB_id_15_Medical_tr_5421_1st_5521,SPIRAL,cnn_autoencoder,128,10,10,64,150,0.001,"[0.11478076981646675, 0.09778514610869544, 0.0823542880160468, 0.06686605513095856, 0.05361287349036762, 0.04290793676461492, 0.03450070161904607, 0.027927995526364872, 0.0225719189537423, 0.018732540575521334, 0.015550619922578335, 0.013262033728616578, 0.011569590706910406, 0.010143084983740534, 0.009092505888215132, 0.008200630811708314, 0.007544011143701417, 0.006924011611512729, 0.0065295350338731495, 0.006169731795255627, 0.005872269427137715, 0.005650032611031618, 0.005323898912008319, 0.005184087702738387, 0.004955291648262313, 0.004808988023017134, 0.004718683161107557, 0.0045732550456055576, 0.00448930702571358, 0.004421846641759787, 0.004284440173900553, 0.0042359128793967625, 0.004150163648383958, 0.004145218026159065, 0.0040490122711552045, 0.003968618244731, 0.003946467735139387, 0.0039496523261602435, 0.0038064041041902135, 0.003776564894776259, 0.0038287515552448376, 0.0036940262985548805, 0.0036480711839560953, 0.003600419931379812, 0.0036309691412108286, 0.0035142224015934126, 0.0035274175128766467, 0.003473591259015458, 0.0034899597854486535, 0.003526527135233794, 0.003507991787046194, 0.003414103012931134, 0.003392183986891593, 0.0033766421589202116, 0.0034353582055440973, 0.003431232213707907, 0.00345052668957838, 0.0033758157598120825, 0.0032582244436655727, 0.003326005601723279, 0.003255504449563367, 0.0032489206974527667, 0.0032651379172291073, 0.0032008023200822727, 0.0032379185847405878, 0.0032781773978578193, 0.0032216005825570653, 0.003187610218966646, 0.003270752861031464, 0.0031448249771658865, 0.0031635864704315153, 0.003168883367574641, 0.0031054235462631497, 0.003083683251004134, 0.0030337898892217447, 0.0031032534316182137, 0.0030796716787985395, 0.0030650090858606355, 0.0030490426413182703, 0.0030052635120227933, 0.0030074809079191516, 0.003001506140987788, 0.0030371276162830846, 0.0030539155871208224, 0.0029473642352968454, 0.002975386700459889, 0.0029961478929700597, 0.002932978128748281, 0.002987507514522544, 0.002927317816231932, 0.002861888081367527, 0.002915523081485714, 0.002893904207407364, 0.002914972387121192, 0.00287647418943899, 0.002968500434820141, 0.0030580818919198854, 0.00286577469004052, 0.0028313949504601105, 0.002878006497797157, 0.0028866530961490105, 0.00282217502327902, 0.0027976720760177287, 0.002768150730324643, 0.0028438332789976683, 0.0027246123479147044, 0.0027752594157521215, 0.00275289493479899, 0.0027872308689568725, 0.0027350751250716193, 0.002741302247159183, 0.002824716203446899, 0.0027775009428816183, 0.002718322611014758, 0.002729654628118234, 0.002672010666823813, 0.0026852671705585507, 0.002773945652214544, 0.0027042975915329798, 0.002673687679427011, 0.0027061401467238155, 0.002752991027331778, 0.0026628620024504407, 0.002679167182317802, 0.0026167918029906495, 0.002658241295388767, 0.0025999383901112844, 0.002609635686634907, 0.0026187337103432845, 0.0025944359367713332, 0.0026674166853938785]","[0.11056014895439148, 0.10157834738492966, 0.08602838218212128, 0.06951817125082016, 0.05569319985806942, 0.04300975427031517, 0.031874723732471466, 0.024182829074561596, 0.019177105277776718, 0.016613340005278587, 0.013725895434617996, 0.012247668579220772, 0.010635748505592346, 0.009046833962202072, 0.008164601400494576, 0.007438362576067448, 0.006834026193246245, 0.006459479685872793, 0.006090213777497411, 0.005658638896420598, 0.005439765518531203, 0.005285319639369845, 0.00496255443431437, 0.0048318307381123304, 0.004655004944652319, 0.004570182645693421, 0.004409213550388813, 0.004337688675150275, 0.004214456304907799, 0.0041175903752446175, 0.0040389010682702065, 0.003952126484364271, 0.003907593432813883, 0.0039022559067234397, 0.0037801762809976935, 0.0037194339092820883, 0.003689488861709833, 0.0036460724659264088, 0.003633045474998653, 0.003554313210770488, 0.003517966135405004, 0.003486664383672178, 0.0034175458131358027, 0.003415701910853386, 0.003370710532180965, 0.003330749925225973, 0.003315543755888939, 0.0032918978249654174, 0.0032768945675343275, 0.0034100565826520324, 0.0032577947713434696, 0.00318902893923223, 0.003195756347849965, 0.0031815802212804556, 0.003203260828740895, 0.0031636616913601756, 0.003119781380519271, 0.0031018692534416914, 0.0030907730106264353, 0.003067311365157366, 0.00304248312022537, 0.003009070409461856, 0.0030118735739961267, 0.0030369582818821073, 0.0030061398865655065, 0.00298091908916831, 0.002968425746075809, 0.002955192234367132, 0.0029291032114997506, 0.0029156793607398868, 0.002921677310951054, 0.002908469410613179, 0.0028822843451052904, 0.002848846255801618, 0.0028816829435527325, 0.002892129705287516, 0.002838661428540945, 0.002826591138727963, 0.0028203874826431274, 0.002801519352942705, 0.0027911594370380044, 0.002876469981856644, 0.002749529667198658, 0.0027811613399535418, 0.002756951260380447, 0.002823342103511095, 0.0027189517859369516, 0.0026985345175489783, 0.002687683794647455, 0.002694321679882705, 0.0026799729093909264, 0.002711479435674846, 0.00265508855227381, 0.00264263863209635, 0.0026560421101748943, 0.0026531359180808067, 0.002729364554397762, 0.0026322350604459643, 0.0026760778855532408, 0.0026254120748490095, 0.0026333153946325183, 0.002590937656350434, 0.002575183054432273, 0.0025672534247860312, 0.0025575754698365927, 0.002557739382609725, 0.002537493477575481, 0.0025336663238704205, 0.0025156871415674686, 0.00252169300802052, 0.00252832833211869, 0.0025085326051339507, 0.002531792037189007, 0.002537049353122711, 0.002539618290029466, 0.0024745743721723557, 0.0024949631188064814, 0.002477069036103785, 0.0024697327753528953, 0.002477846574038267, 0.002450573374517262, 0.0024352496257051826, 0.0024274749448522925, 0.002417278476059437, 0.0024444583104923368, 0.002444272628054023, 0.0024461933644488454, 0.002402257756330073, 0.0024156098952516913, 0.002412610687315464, 0.0024401574628427625]",0.15934646016900494,0.574104734442914,0.17367540288846223,0.6605755349852873,0.19655324927684642,0.9487032173342088,0.9426751592356682,0.38789649610575394,0.9263778028311332,71.85865651909262,cuda
SVDB,251_SVDB_id_15_Medical_tr_5421_1st_5521,SPIRAL,resnet18_autoencoder_frozen,128,10,10,64,100,0.001,"[0.12449405023029872, 0.1024698263832501, 0.08898743242025375, 0.07321592207465853, 0.05773590451904705, 0.04342099598475865, 0.032363739396844594, 0.024359303127442087, 0.018926181963511875, 0.01513623898582799, 0.01280142885765859, 0.011348777184528964, 0.010120029095560312, 0.009332356375775166, 0.008809824141540698, 0.008090642680014883, 0.007600324494498116, 0.007075342482754162, 0.006619733558701617, 0.00603970093652606, 0.005599199860755887, 0.0054319862143269605, 0.00503292220777699, 0.0049201279346432, 0.004797759665442365, 0.004747061990201473, 0.004665211907454899, 0.004644095398751753, 0.0042437051555940086, 0.004181917124826994, 0.004049044301999467, 0.004043438471853733, 0.00424726543548916, 0.004071319509031517, 0.0038401010845388684, 0.0037841697090438436, 0.003604915225878358, 0.003561641721587096, 0.003573432265381728, 0.0035798367046351942, 0.003586143521325929, 0.003422173604901348, 0.0034254183660128285, 0.003405966197273561, 0.0033358314872852395, 0.0032485363938446555, 0.003241505374067596, 0.0032641994766891003, 0.0033495809018079725, 0.003348764730617404, 0.00328637270389923, 0.0032324117741414477, 0.0031902347192434327, 0.0030792809557169676, 0.0030763104358421905, 0.003204307784991605, 0.0032115980783211334, 0.0030780998723847525, 0.003017268709040114, 0.002976602841434734, 0.0029471336331750664, 0.0029138073192111085, 0.0029568056176815715, 0.0029057261001850876, 0.002971797216949718, 0.0028821175884721534, 0.0030930451716163327, 0.002856063357155238, 0.0029468857683241367, 0.0028321785918836084, 0.0028594271279871464]","[0.11561897024512291, 0.10565884038805962, 0.1015484370291233, 0.09187933057546616, 0.0767986923456192, 0.062114184722304344, 0.04667292349040508, 0.03432275727391243, 0.027268243953585625, 0.02144853863865137, 0.01673795562237501, 0.013400983065366745, 0.009914916008710861, 0.008876665029674768, 0.00842113746330142, 0.007909712381660938, 0.007477309089154005, 0.006823707139119506, 0.006334280828014016, 0.005791268544271588, 0.005423055263236165, 0.005391644313931465, 0.005267628002911806, 0.0046659172512590885, 0.004723173100501299, 0.004907275782898068, 0.004562849411740899, 0.004369607660919428, 0.00414449255913496, 0.003943763440474868, 0.0037789178313687444, 0.004048538859933615, 0.00400668615475297, 0.003880285657942295, 0.0038226036122068763, 0.003426888259127736, 0.0035994509235024452, 0.003383433446288109, 0.00364217150490731, 0.0032165803713724017, 0.0032469778088852763, 0.0031505380757153034, 0.0031319443369284272, 0.0032396212918683887, 0.0030851288465783, 0.003064006450586021, 0.003012128407135606, 0.0029641047585755587, 0.0032498015789315104, 0.0029077347135171294, 0.003188088536262512, 0.0031116334721446037, 0.002919608959928155, 0.0029257657006382942, 0.0028019711608067155, 0.0031747849425300956, 0.003111873986199498, 0.002910363720729947, 0.0028401538729667664, 0.002837911364622414, 0.0026969253085553646, 0.0027158374432474375, 0.002730948617681861, 0.002687338273972273, 0.002646150882355869, 0.00300940521992743, 0.002659256337210536, 0.0026191346114501357, 0.0026564017171040177, 0.0026995313819497824, 0.0026389415143057704]",0.2806978058217474,0.6019983023937284,0.28827005860514604,0.6831361654481922,0.32380273710282437,0.9487032173342088,0.9426751592356682,0.4032288159422837,0.9323810686390067,44.230706678004935,cuda
SVDB,251_SVDB_id_15_Medical_tr_5421_1st_5521,SPIRAL,resnet18_autoencoder_progressive_unfreeze,128,10,10,64,150,0.001,"[0.083028644323349, 0.053893564002854485, 0.0371663687484605, 0.02664761697607381, 0.019983008770006045, 0.01604117892150368, 0.012869705712156636, 0.010734533758035727, 0.008980477361806802, 0.007823073039097446, 0.006856538155781371, 0.005899559041219098, 0.005195872126413243, 0.004569148312189749, 0.004349769226142338, 0.003940674709156156, 0.00414115865714848, 0.0033299461605825593, 0.0031368687216724667, 0.0030129379592835903, 0.004280543686555964, 0.0038877471815794706, 0.002834664923804147, 0.0025029985034572227, 0.0023903684757117715, 0.0019220203061455063, 0.0016317555647609489, 0.0014840976468154363, 0.0015618306850748403, 0.001338043499604932, 0.001283205987419933, 0.0012773509785932089, 0.0011801589446674501, 0.0011398370427611684, 0.0012510939767318113, 0.0010588235122018627, 0.001034297190407025, 0.0009413702313655189, 0.0010948276945522853, 0.0011854810873046517, 0.0009736382385848888, 0.0009121182042040995, 0.0008890234915140484, 0.0008639719536794084, 0.0007658210233785212, 0.000682635881405856, 0.0008229770631130252, 0.0006198177579790354, 0.0006206304034484285, 0.0008723064924457244, 0.0006914103287272155, 0.0006403938501275011, 0.0006826110101038856, 0.0006647295834097479, 0.0005854312413638192, 0.0005349747329351626, 0.0005255162208673678, 0.0005403185454529843, 0.0004875458294658789, 0.00046622237589742454, 0.00047243547825408835, 0.0004676520890955414, 0.00045171212488120157, 0.00047870083030180207, 0.0004361658731275903, 0.0004946917969001723, 0.00044471403400945874, 0.0004493634416056531, 0.0004584691154637507, 0.0004440120579342225, 0.00041463856801523695, 0.000366472514412765, 0.00038708572226044325, 0.00039243609977087805, 0.0003573571863983359]","[0.08569929748773575, 0.06855735927820206, 0.04861106351017952, 0.0301025053486228, 0.01888232957571745, 0.015270705800503492, 0.013244935311377048, 0.010953755117952824, 0.009562890511006117, 0.008326057810336351, 0.007395343389362097, 0.006962507264688611, 0.005921466974541545, 0.005139037035405636, 0.004292386816814542, 0.00346932013053447, 0.0032556543592363596, 0.003273641224950552, 0.0026820640778169036, 0.0027033197693526745, 0.003463863511569798, 0.0027284659445285797, 0.0023436055053025484, 0.0020145403686910868, 0.0019162591779604554, 0.001625118893571198, 0.001583363686222583, 0.0013789768563583493, 0.0012834218796342611, 0.0011188179487362504, 0.0011169307981617749, 0.00100021981052123, 0.0009130988328251988, 0.0011475570499897003, 0.0009555910073686391, 0.0010088167618960142, 0.0008283233910333365, 0.0008185141778085381, 0.0008782841032370925, 0.0007683642907068133, 0.0009587950480636209, 0.0007884402293711901, 0.0007906309911049902, 0.0008897366060409695, 0.0006532819243147969, 0.000667267304379493, 0.0006966666842345148, 0.0005593357782345265, 0.0006149467371869832, 0.0006894794059917331, 0.0007386108627542853, 0.0006675059266854078, 0.0005662349576596171, 0.0006963218038436025, 0.0005369102291297168, 0.0005278835888020694, 0.00047459838970098644, 0.0005129115597810596, 0.0004954975302098319, 0.00044971564784646034, 0.0004507960984483361, 0.0004726749612018466, 0.00044128783338237554, 0.00046230344742070884, 0.0004264232120476663, 0.00043548796384129673, 0.000421885764808394, 0.0004832101840293035, 0.0003946166980313137, 0.0004581991524901241, 0.00039781772647984326, 0.00040262952097691596, 0.0003929247322957963, 0.0003718044317793101, 0.00036118997377343476]",0.3264794050948352,0.5970253900200145,0.33157058433746595,0.6833778644612089,0.39015044429683976,0.9487032173342088,0.9426751592356682,0.47061634102990035,0.9330194322961134,48.72279422311112,cuda
SVDB,251_SVDB_id_15_Medical_tr_5421_1st_5521,SPIRAL,resnet18_autoencoder_differential_lr,128,10,10,64,100,0.001,"[0.10680977042232241, 0.07475652652127403, 0.05603529991848128, 0.042296724660055976, 0.032704035618475506, 0.02582316765827792, 0.020933254222784723, 0.017346842613603388, 0.014793851146740573, 0.012807529552706651, 0.010941221245697566, 0.009815090069813388, 0.008458977964307581, 0.00735172230218138, 0.006607644592544862, 0.00604744754465563, 0.005682122294924089, 0.005416723966066327, 0.005148944777569601, 0.0044585664956165215, 0.004120772904051202, 0.0038766657401408467, 0.003912929877904909, 0.0033153282212359564, 0.003097342959206019, 0.002812640874513558, 0.002735814013119255, 0.0026394541574908154, 0.002457240130752325, 0.002337325730227998, 0.0023532870857577238, 0.0020627559029630254, 0.002240807150623628, 0.0020714551875633852, 0.0018434879602864385, 0.0018773995273347413, 0.0017819322945017899, 0.0017209165463490145, 0.0019083408239696706, 0.0017728142307272979, 0.0015245738406000392, 0.0019336109980940819, 0.001745035672294242, 0.001478149854977216, 0.0014216590872300522, 0.001420214955162789, 0.001286670282882239, 0.001390557985619775, 0.00116583431372419, 0.0012471088640657918, 0.001230429916176945, 0.001103116332420281, 0.001179934462665447, 0.0011964615384515906, 0.001191686314996332, 0.0010910479301985884, 0.0009994029034195201, 0.0009322322522556144, 0.0010026366715984686, 0.000980428428322609, 0.0009473142646519202, 0.0009140809582147215, 0.0009097131800704769, 0.0008525363186241261, 0.0008181943641310292, 0.0008284202943156872, 0.000746908165248377, 0.0007095581469392138, 0.0006754152127541602, 0.0007206708791532687, 0.0007739219581708312, 0.0007502874193180885, 0.0006842671095260552, 0.0006586336613898831, 0.0007901155747406717, 0.0007626201841048896, 0.0007240653004763382, 0.0007535173291606563]","[0.11172853037714958, 0.09599269554018974, 0.0740811824798584, 0.05056300386786461, 0.033109210431575775, 0.024905080907046795, 0.019080196507275105, 0.015863973647356033, 0.01338751008734107, 0.011310325469821692, 0.010088865179568529, 0.009113344363868237, 0.007729119388386607, 0.006714873481541872, 0.005985790863633156, 0.005560227204114199, 0.004920712439343333, 0.004751063883304596, 0.004340988351032138, 0.003886619582772255, 0.003677507513202727, 0.003647774923592806, 0.0035158906830474734, 0.003010636195540428, 0.0027337633073329926, 0.002580112894065678, 0.0024240966886281967, 0.0029197651892900467, 0.0021938334684818983, 0.0020969024626538157, 0.001979280437808484, 0.0019278686959296465, 0.0018073871033266187, 0.0018003826844505966, 0.001822474820073694, 0.0016435172874480486, 0.0016208964516408741, 0.001600446063093841, 0.001606064906809479, 0.0014276854926720262, 0.0014155142707750201, 0.001806748565286398, 0.0015542252804152668, 0.001485811488237232, 0.0012964865891262889, 0.0012187432148493826, 0.0011668790830299258, 0.0010837712907232344, 0.0011727283708751202, 0.0011675394489429891, 0.00107201945502311, 0.001049944432452321, 0.001062967290636152, 0.0009916122653521597, 0.001007839833619073, 0.0009027877822518349, 0.0009207205439452082, 0.0008798969502095133, 0.0009800466359592974, 0.0008695154101587832, 0.0008721176127437502, 0.000806185940746218, 0.0009378613031003624, 0.0007803111511748284, 0.0007479268533643335, 0.0007255402451846749, 0.0008077395614236593, 0.0006687497661914676, 0.0006832937651779503, 0.0006538240995723754, 0.000722495693480596, 0.0006562813359778374, 0.0006558910827152431, 0.0005797905614599586, 0.0009732151520438492, 0.0006625277746934444, 0.0007218302052933723, 0.0008719867910258472]",0.3241636053831192,0.5831453742552767,0.3266331949348001,0.6652774564361773,0.3941542782529633,0.9487032173342088,0.9426751592356682,0.5058713167543056,0.9330466289016025,52.88514673197642,cuda
SVDB,251_SVDB_id_15_Medical_tr_5421_1st_5521,SPIRAL,pvt_autoencoder_frozen,128,10,10,64,100,0.001,"[0.09799440737281527, 0.06639881538493293, 0.0479707345366478, 0.03508421964943409, 0.026351178597126688, 0.02055028240595545, 0.016447242349386215, 0.013320041155176503, 0.011018420569598675, 0.009461121700171913, 0.007991074052240168, 0.007006466255656311, 0.006192322221717664, 0.0055467768439224786, 0.005198289706770863, 0.004693579095016632, 0.00415404064447752, 0.0038436604996344875, 0.003463959986610072, 0.0031179761114929405, 0.002986473563526358, 0.0030110987635063274, 0.0028792458719440867, 0.002804422884115151, 0.0025537929364613126, 0.002281683996053679, 0.0021077742733593497, 0.001977857601429735, 0.0018784525538129465, 0.001741431503822761, 0.001694957642549915, 0.0016807048481756023, 0.0017261795666334884, 0.0014889669671122516, 0.001478234538808465, 0.0014708886155858636, 0.0013685105202187384, 0.001284024994155126, 0.0013788957980328373, 0.0013131099985912442, 0.001293191736164902, 0.001208135425778372, 0.0012847710666911943, 0.001281553937587887, 0.0012555127032101154, 0.0012416029182661856, 0.0012530932435765862, 0.0012416333442420832, 0.0011446821070941432, 0.0010458943101444415, 0.0009877947408572904, 0.0009584531653672457, 0.0009899050928652287, 0.0010566374237116957, 0.001082855393178761, 0.0010268539107138558, 0.0009258198884448835, 0.0010133025435996906, 0.000838025813988809, 0.0007965294477928962, 0.0008543064052771245, 0.0007411182991095952, 0.0007126915401646069, 0.0007366399180942348, 0.0007495378293762249, 0.0007880595429534358, 0.0007111971582552152, 0.0006877465140340584, 0.000669897608791611, 0.0007147902423249823, 0.0006640614343008824, 0.0006296468366469656, 0.0007281177594060344, 0.0006453705635587019, 0.0006390398734116129, 0.0007011809086959277, 0.0006117189935009394, 0.0006033192954159208]","[0.09421037510037422, 0.08763182535767555, 0.0637974962592125, 0.0391705185174942, 0.024788045324385166, 0.0176923256367445, 0.013759041670709848, 0.011837016325443983, 0.010593582410365343, 0.008701578713953495, 0.007880307035520673, 0.007009564200416207, 0.005866312654688954, 0.005658898036926985, 0.004875520942732692, 0.004364060936495662, 0.004600044805556536, 0.003727393690496683, 0.0036383646074682474, 0.003157044528052211, 0.003220787853933871, 0.003158436855301261, 0.002592054195702076, 0.002684956300072372, 0.002464719582349062, 0.002579586929641664, 0.0020441842498257756, 0.0019655964570119977, 0.001890446525067091, 0.0017425516853109002, 0.0017924105050042272, 0.0017194572137668729, 0.001677687163464725, 0.0017588797491043806, 0.0014657285646535456, 0.0014254195848479867, 0.0014297791640274227, 0.0013888624380342662, 0.0012978112208656967, 0.0014803221565671265, 0.0012593399733304977, 0.0013286194880492985, 0.0013127318234182894, 0.0014607489574700594, 0.001222306746058166, 0.0012602536007761955, 0.0014240164309740067, 0.001149582676589489, 0.001144606270827353, 0.0011366456747055054, 0.0011198800057172775, 0.0009490106021985412, 0.001275231596082449, 0.0014098445535637438, 0.0012720112572424114, 0.001088723016437143, 0.001128166913986206, 0.0009568682871758938, 0.0008859257504809648, 0.0008466934377793223, 0.0008482607663609087, 0.0008631419914308935, 0.0007960055372677743, 0.0008997723634820431, 0.0007916740432847291, 0.0007756674895063043, 0.000809688528534025, 0.0007423385104630142, 0.0007855701842345297, 0.0007274376112036407, 0.0007547267305199057, 0.0007502801017835736, 0.0007522301457356662, 0.0008723059145268053, 0.0007907618128228933, 0.0008577663102187216, 0.0006914205732755363, 0.0007010664266999811]",0.3216184148976011,0.5989156576552107,0.3283664856712654,0.6841560893973428,0.39911902206832084,0.9487032173342088,0.9426751592356682,0.4419616685261246,0.9283414422130679,52.662676288047805,cuda
SVDB,251_SVDB_id_15_Medical_tr_5421_1st_5521,SPIRAL,pvt_autoencoder_progressive_unfreeze,128,10,10,64,150,0.001,"[0.10283851091350828, 0.06881886028817721, 0.04977067080991609, 0.03695959917136601, 0.027143729850649834, 0.02068726878081049, 0.016424894332885742, 0.013863217883876391, 0.01194824358182294, 0.010400009474584035, 0.009327716061047145, 0.00812739020745669, 0.007348043245396444, 0.006679510764245476, 0.006266758910247258, 0.005703487832631383, 0.005341892563072699, 0.004918182800923075, 0.004595876970727529, 0.004261767358652183, 0.009143649001738854, 0.006747083472354072, 0.005294528324157, 0.0043796108303857705, 0.004285126159499798, 0.0035144549661449026, 0.0027893909718841314, 0.0024830062008861986, 0.002111037710814604, 0.0020487342096332994, 0.0018552687750863178, 0.0017441355157643557, 0.0016345116143514002, 0.0015393349874232496, 0.001415214634367398, 0.0013113695063761302, 0.001191262762794005, 0.0012736185952754958, 0.0013998376588071032, 0.0012789935572072864, 0.0011709463932285352, 0.0010732526508426027, 0.001287586088957531, 0.0012084933363699488, 0.001077342637082828, 0.0010440780481855785, 0.0010646591877697834, 0.0008961776620708406, 0.0010356874803879432, 0.001135551428887993, 0.0010283473529852927, 0.0008273708600816983, 0.0008283234533986875, 0.0008706250893218177, 0.0007200578776454287, 0.0009138131780283791, 0.0008138651527198297, 0.0007509581960870751, 0.0006368847056624613, 0.0005835109207380031, 0.0005345235819861825, 0.0004698603754929666, 0.0005288449839489269, 0.0005214748463393855, 0.0005233291054277547, 0.0004764374461956322, 0.00046891437211473076, 0.0004684037745131978, 0.0004554298273952944, 0.0004938568662120295, 0.00046809677483647]","[0.10129068791866302, 0.09434134885668755, 0.06741938367486, 0.040798330679535866, 0.025222502648830414, 0.01742815226316452, 0.014016332104802132, 0.012981758452951908, 0.011080680880695581, 0.009847758803516626, 0.008859219960868359, 0.007968875113874674, 0.007014101603999734, 0.006290031597018242, 0.006411206675693393, 0.00572694162838161, 0.0049181412905454636, 0.004620133433490992, 0.004534285515546799, 0.004464009078219533, 0.012117719743400812, 0.006051575066521764, 0.004638387355953455, 0.004522496368736029, 0.004120235680602491, 0.0036982058081775904, 0.0025372932432219386, 0.002206095610745251, 0.0019125149701721966, 0.001922032330185175, 0.0016114567988552153, 0.0015591789269819856, 0.001566690916661173, 0.0014801179058849812, 0.0015349179739132524, 0.0012347846641205251, 0.0012654635938815773, 0.0014453529147431254, 0.0012852291110903025, 0.0013450648402795196, 0.0009905012557283044, 0.0011253631673753262, 0.001190208422485739, 0.0010582917020656168, 0.0009586326777935028, 0.0014887921861372888, 0.0010423501662444323, 0.0008834470063447952, 0.0009049598884303123, 0.0010191912588197738, 0.0009094874549191445, 0.0007338089344557375, 0.0008918162784539163, 0.0008116531244013458, 0.000901609513675794, 0.0011774938902817667, 0.0008642923494335264, 0.0007397812441922724, 0.0005995278188493103, 0.0005215596465859562, 0.000493585888762027, 0.0005043415440013632, 0.0004793121770489961, 0.0005083947908133268, 0.000509503879584372, 0.0004758540162583813, 0.00043731687765102834, 0.00043415323307272047, 0.0004703775921370834, 0.00042752303124871105, 0.00045744072122033685]",0.33097696872802984,0.5879937269636932,0.3328621861498944,0.6695476738133077,0.40858428837069816,0.9487032173342088,0.9426751592356682,0.5274712159539973,0.9332955975392072,55.182271391153336,cuda
SVDB,251_SVDB_id_15_Medical_tr_5421_1st_5521,SPIRAL,pvt_autoencoder_differential_lr,128,10,10,64,100,0.001,"[0.08356199519974845, 0.05375448880451066, 0.0365605428814888, 0.02591733049069132, 0.019396440126001835, 0.015281392793570246, 0.012463871389627457, 0.010294830559619836, 0.00884502860052245, 0.0077854738171611515, 0.007042185070791415, 0.006380047715668168, 0.005911913567355701, 0.005507232621312141, 0.005235748099429267, 0.00495353909874601, 0.004664382664486766, 0.004366807706121888, 0.004310953347677631, 0.004151716795084732, 0.00398150591978005, 0.003746025330786194, 0.003598188449229513, 0.003300613258033991, 0.002943620418331453, 0.002682981946106468, 0.002353601573434259, 0.00225381159024047, 0.002207890502177179, 0.0023540792587612358, 0.002239359010543142, 0.002480211584562702, 0.002039483399130404, 0.001854458058785115, 0.0018709087245432393, 0.0014576131444690482, 0.0014028323348611593, 0.0013776843552477658, 0.0012319102035170154, 0.0012928183506509022, 0.0015550636453554034, 0.0012260560179129243, 0.001332274338762675, 0.0014506470012877668, 0.0012622033744784339, 0.001212850196420082, 0.001139408817315208]","[0.09059872478246689, 0.06687866896390915, 0.03891219571232796, 0.025053800083696842, 0.01855248585343361, 0.01328046154230833, 0.011229244992136955, 0.009318383410573006, 0.00803814921528101, 0.0073852997738868, 0.006723550846800208, 0.006033279467374086, 0.005724526941776276, 0.005489829694852233, 0.0050652900245040655, 0.004502517869696021, 0.004351085051894188, 0.004133795388042927, 0.00442668073810637, 0.0038931883173063397, 0.0037479985039681196, 0.00360562140122056, 0.0033799195662140846, 0.0028580635553225875, 0.0028442536713555455, 0.0026629811618477106, 0.00271219271235168, 0.002328145084902644, 0.0023700137389823794, 0.0020865154219791293, 0.002496366621926427, 0.001956031541340053, 0.002061352599412203, 0.0014629423967562616, 0.0016696046222932637, 0.0014387666597031057, 0.0012348064919933677, 0.0012217621551826596, 0.0011523059220053256, 0.0011735557345673442, 0.0014207473141141236, 0.001256947813089937, 0.0011477742227725685, 0.0018067053752020001, 0.0012016288819722831, 0.001391993195284158, 0.0011835754849016666]",0.27636288373709667,0.5883542624227021,0.28123702296184405,0.6724109687108382,0.33730995169346156,0.9487032173342088,0.9426751592356682,0.38812372382431415,0.9305511485660819,39.77327110921033,cuda
SVDB,253_SVDB_id_17_Medical_tr_17803_1st_17903,RN,cnn_autoencoder,128,15,15,64,150,0.001,"[0.182392289241155, 0.16597437262535095, 0.1554897169272105, 0.145904083053271, 0.13638095060984293, 0.12708496004343034, 0.11821753482023875, 0.109697159131368, 0.10176267325878144, 0.09435425152381262, 0.08712498197952906, 0.08021913419167201, 0.07366056144237518, 0.06756703406572342, 0.06179231703281403, 0.056329026073217395, 0.05109027152260145, 0.046326771130164465, 0.042254225661357246, 0.03864699726303419, 0.03540914679567019, 0.03194624769190947, 0.029063655808568, 0.026384381329019865, 0.024233606830239295, 0.02223896843691667, 0.020507831871509553, 0.018916049723823866, 0.01771626907090346, 0.016649140417575835, 0.015581190275649229, 0.014707921817898751, 0.01380551103502512, 0.013199119145671527, 0.012533886606494586, 0.011959057425459226, 0.011382580610613029, 0.010933820654948552, 0.010480572407444318, 0.010043219601114591, 0.009517444856464862, 0.00892052756001552, 0.008473787394662698, 0.008335786002377669, 0.0082223121697704, 0.008212026208639145, 0.007999304123222828, 0.007763971171031395, 0.007542268776645263, 0.0074089125419656435, 0.0073610340555508936, 0.007069330103695393, 0.0069777333488066995, 0.006850905995815992, 0.006771147002776464, 0.006495719558248917, 0.0063283655792474745, 0.006129422007749478, 0.005942241630206505, 0.005722049375375112, 0.005621737024436395, 0.005761448076615731, 0.005789607794334491, 0.005591730835537116, 0.005362655377636353, 0.005230962795515855, 0.005063633775959412, 0.005149622913450003, 0.005169398741175731, 0.00514165327573816, 0.005070504484077295, 0.004997588476787011, 0.0050724677741527556, 0.00452589647223552, 0.004046674072742462, 0.003855462760354082, 0.0037532596848905086, 0.0037105847150087357, 0.0036732596655686695, 0.003638410335406661, 0.0036059046164155007, 0.0036149367690086363, 0.0036106995617349942, 0.00358608178794384, 0.003541046582783262, 0.003534688102081418, 0.0035048282239586114, 0.0034641282012065253, 0.0034394142994036278, 0.003441329269359509, 0.003444195693979661, 0.003437936290477713, 0.0034177031988898913, 0.0034342752769589424, 0.0034131929588814575, 0.0033731344311187664, 0.003352296926702062, 0.003313138879214724, 0.003335149399936199, 0.0033040668660153944, 0.0033201827357212704, 0.0033149248144278922, 0.003271399935086568, 0.003252438052246968, 0.003307477633158366, 0.0033027659480770427, 0.0034016743612786133, 0.003413489709297816, 0.003444655907029907, 0.0031801202644904454, 0.0029980600345879795, 0.0029286341276019813, 0.002900617088501652, 0.002877851730833451, 0.0028728920655945937, 0.0028626232873648406, 0.0028590186809500056, 0.0028595758602023126, 0.0028409450159718594, 0.0028389356099069118, 0.002836434527610739, 0.0028346505016088484, 0.0028064599260687827, 0.0027979870016376176, 0.00279606762342155, 0.002802039124071598, 0.0027861430154492457, 0.0027761879842728376, 0.0027617133067299924, 0.002756231650710106, 0.002753696388875445, 0.002765539304042856, 0.002767941914498806, 0.00276134149171412]","[0.18197786062955856, 0.16891909390687943, 0.15392377600073814, 0.1424969658255577, 0.13261214271187782, 0.12333792261779308, 0.11479726620018482, 0.10659920610487461, 0.09931334294378757, 0.0918209832161665, 0.08485701866447926, 0.07791129313409328, 0.07174775004386902, 0.06582907401025295, 0.060545625165104866, 0.05516131781041622, 0.05041660089045763, 0.04571654740720987, 0.041894011199474335, 0.03874818701297045, 0.03484286554157734, 0.03209205670282245, 0.02912661386653781, 0.026773701421916485, 0.02492189919576049, 0.023135001305490732, 0.02133975038304925, 0.019840380642563105, 0.018921602983027697, 0.017838777974247932, 0.016718657920137048, 0.0159964628983289, 0.015170708298683167, 0.014655503444373608, 0.013939626747742295, 0.013446431141346693, 0.012849308783188462, 0.012391434982419014, 0.011959931580349803, 0.01169237494468689, 0.011036892654374242, 0.01042501232586801, 0.01027651340700686, 0.010067431721836329, 0.009905965067446232, 0.009848986519500613, 0.009748471667990088, 0.009376654052175581, 0.009197150939144194, 0.009188913041725755, 0.009086298174224794, 0.008771357126533985, 0.008693173411302269, 0.008810740429908037, 0.008415602496825159, 0.008314035483635962, 0.008055055397562683, 0.007841866929084063, 0.007601629476994276, 0.007420359062962234, 0.00750802259426564, 0.007583504193462431, 0.007442583912052214, 0.007332539185881615, 0.007167849922552705, 0.006921345833688974, 0.006879080785438418, 0.007091951905749738, 0.007178352912887931, 0.007031290093436837, 0.006926217931322753, 0.0069666741183027625, 0.006985773448832333, 0.006026039365679026, 0.005779778817668557, 0.005616307375021279, 0.005556444986723363, 0.0055108286906033754, 0.005498709331732243, 0.005460418586153537, 0.005467589187901467, 0.005456211627461016, 0.005488194583449513, 0.005384026968386024, 0.005380267335567623, 0.005353690881747752, 0.005338736984413117, 0.005309658183250576, 0.005270776862744242, 0.005275514035020024, 0.005294053989928216, 0.005252643895801157, 0.005272666399832815, 0.005244548025075346, 0.005280026525724679, 0.005219022976234555, 0.005160366417840123, 0.005165161448530853, 0.005155561026185751, 0.005165660346392542, 0.005235116463154554, 0.005178806430194527, 0.005114105239044875, 0.005132575344759971, 0.005144158087205142, 0.005205894878599793, 0.0052391329081729054, 0.005329640465788543, 0.005246410553809255, 0.004917021549772471, 0.004812736879102886, 0.004768760467413813, 0.004757999558933079, 0.004729903070256114, 0.004728443920612335, 0.004723118094261736, 0.004732782253995538, 0.0047193588106893, 0.004703862068708986, 0.004710254375822842, 0.004711723770014942, 0.004690707195550203, 0.004664632258936763, 0.0046654632315039635, 0.004676307551562786, 0.004660154285375029, 0.004654370422940701, 0.004639921826310456, 0.004639230668544769, 0.00463830231456086, 0.0046361039858311415, 0.004644960514269769, 0.004655431606806815, 0.0046297082444652915]",0.032243776732815324,0.46479312029582565,0.04093985533702476,0.4327949520989584,0.06803862010157342,0.17653225242854148,0.06776542604867893,0.39471378700805004,0.691365000488311,105.72054123599082,cuda
SVDB,253_SVDB_id_17_Medical_tr_17803_1st_17903,RN,resnet18_autoencoder_frozen,128,15,15,64,100,0.001,"[0.1909345249334971, 0.16775635480880738, 0.1608120918273926, 0.1587779959042867, 0.15807404120763144, 0.1576381305853526, 0.15710532665252686, 0.15563445389270783, 0.15020068387190502, 0.13871970474720002, 0.12285622308651606, 0.10571145415306091, 0.08999055425326029, 0.07528147250413894, 0.06338442166646321, 0.05353967770934105, 0.04456093634168307, 0.036844712247451145, 0.03152311791976293, 0.027521990860501926, 0.02378537009159724, 0.02107378828028838, 0.018434015413125355, 0.01631887846936782, 0.015212963707745076, 0.013947669602930545, 0.012876020123561224, 0.011975986883044243, 0.010906185768544675, 0.010358865993718306, 0.009723473278184732, 0.009155395999550819, 0.008715768593053024, 0.008467301540076733, 0.00824781870469451, 0.008194951030115286, 0.007708084831635157, 0.007357877182463805, 0.007138394316037496, 0.006836706244697174, 0.006973544197777907, 0.006795966035375993, 0.006689130080242952, 0.006602170846114556, 0.006624187001337608, 0.0066752372620006405, 0.006452979892492295, 0.006085296130428712, 0.005835918088754018, 0.005983647517859935, 0.005768183525651694, 0.005733770659814278, 0.005697483196854591, 0.0056094109080731865, 0.005539232306182385, 0.005516093131154776, 0.005441714016099771, 0.005462956614792347, 0.00521634699155887, 0.005137268546968698, 0.005250491791715225, 0.005128856562077999, 0.005033085215836763, 0.0048756136558949946, 0.004854333990563949, 0.004671891250958045, 0.00477140328536431, 0.004752465151250362, 0.004639844161768754, 0.004608955048024654, 0.004679440210262935, 0.00438541304320097, 0.004318410158157348, 0.004385648264239232, 0.0043072820330659544, 0.004358988891666134, 0.004438491848607858, 0.004421782307326793, 0.004311663005501032, 0.0036997532937675715, 0.0034296914314230283, 0.0033148580230772497, 0.0033114912919700147, 0.003260954950625698, 0.0032614040033270915, 0.003223173723866542, 0.0031880882879098257, 0.0031884601960579556, 0.003204132290557027, 0.0032274985530724126, 0.00330455987714231, 0.003265738223368923, 0.003234759656091531, 0.0032047923188656567, 0.0029887384735047817, 0.0028351075015962124, 0.002792841661721468, 0.0028320480448504287, 0.0027717942837625744, 0.0027542683761566876]","[0.18498148024082184, 0.16544381901621819, 0.1600796990096569, 0.15872910618782043, 0.15818360075354576, 0.15787966921925545, 0.15764210745692253, 0.1570354402065277, 0.15213320031762123, 0.13576864823698997, 0.11640755459666252, 0.09845648147165775, 0.0833186898380518, 0.07020469009876251, 0.05960069689899683, 0.04995468258857727, 0.04178974125534296, 0.03505924716591835, 0.03024692600592971, 0.026261836290359497, 0.022959761321544647, 0.020738886203616858, 0.01819529477506876, 0.01647405419498682, 0.015474088955670595, 0.014170640613883734, 0.013032670132815838, 0.01231665164232254, 0.01156538282521069, 0.010849077254533768, 0.010197015479207039, 0.009829045739024878, 0.009343197103589773, 0.009118866408243775, 0.00900065223686397, 0.008917315630242229, 0.008219860843382776, 0.007962454343214631, 0.007891167770139873, 0.007724065333604813, 0.0077292213682085276, 0.007664827047847211, 0.007532358402386308, 0.007234976859763265, 0.007557645789347589, 0.00748242752160877, 0.00730229914188385, 0.006773908156901598, 0.006788560305722058, 0.006588028743863106, 0.0065319802379235625, 0.006495712790638208, 0.006473706685937941, 0.006434386479668319, 0.006296927691437304, 0.006369072711095214, 0.0063467680010944605, 0.006104203523136675, 0.006098625832237303, 0.00616706267464906, 0.006121583981439471, 0.006022085435688496, 0.005915369838476181, 0.005842008511535823, 0.005668833618983626, 0.0055059760343283415, 0.0058154878206551075, 0.005608270061202347, 0.005553677910938859, 0.005560636869631708, 0.005471080308780074, 0.0051972686778754, 0.005151858669705689, 0.005234683630988002, 0.005201405729167163, 0.005428200704045594, 0.005345328012481332, 0.005365856573916972, 0.005247810855507851, 0.004344102751929313, 0.004226952674798667, 0.004202601150609553, 0.00413363630650565, 0.004149059299379587, 0.0041065868572331965, 0.004088959482032806, 0.0040910415118560195, 0.004003790963906795, 0.004072489275131375, 0.004164028563536704, 0.004132577567361295, 0.004089648544322699, 0.0041262933518737555, 0.004133746959269047, 0.0037902838666923344, 0.0037027157959528267, 0.003653806052170694, 0.003727263247128576, 0.0036672488204203546, 0.0036546600749716163]",0.04164003129778972,0.4711907264084579,0.04890818928039429,0.43981355506631625,0.08734783757509405,0.3131494088140451,0.1171563981042649,0.39471378700805004,0.691760428244365,87.74970170203596,cuda
SVDB,253_SVDB_id_17_Medical_tr_17803_1st_17903,RN,resnet18_autoencoder_progressive_unfreeze,128,15,15,64,150,0.001,"[0.1849956840276718, 0.16624096930027008, 0.16090006430943807, 0.1590019961198171, 0.15820297499497732, 0.1577591935793559, 0.15727593998114267, 0.15581941604614258, 0.14972261786460878, 0.13708946605523428, 0.12137325008710226, 0.10553333510955175, 0.09136369278033575, 0.07856477946043014, 0.06675658921400705, 0.05590536246697108, 0.04697708537181219, 0.039332139492034915, 0.03347528104980787, 0.02891659624874592, 0.039233462512493135, 0.025141297901670138, 0.01951869564751784, 0.016358808303872745, 0.014753096302350362, 0.0135270065938433, 0.012364645240207512, 0.011525519130130609, 0.01098626982420683, 0.010551017584900062, 0.0099769310404857, 0.009618998194734255, 0.00917307399213314, 0.008900903227428595, 0.008432044088840485, 0.008248401557405789, 0.008222052144507568, 0.007960755191743375, 0.00789840572203199, 0.007734237425029278, 0.007339950588842233, 0.0072976941553254925, 0.007230356863389412, 0.0070918786339461805, 0.006977245770394802, 0.006958309188485145, 0.00678901191179951, 0.006344295262048642, 0.006401533881823222, 0.006604276256014904, 0.006669720138112704, 0.00632243761792779, 0.006220954159895579, 0.005858056464542945, 0.00591726362084349, 0.005879089857141177, 0.0059318519197404385, 0.005917477825035652, 0.005754687109341224, 0.00550252137084802, 0.0054725009948015215, 0.005485209077596665, 0.005456932323674361, 0.005495025621106227, 0.005297220808764299, 0.005356575082987547, 0.005406494624912739, 0.005380832217633724, 0.005414427754779657, 0.004722490192701419, 0.004265648157646258, 0.004134639445692301, 0.004108408776422341, 0.004032437658558289, 0.004061557197322448, 0.004018937237560749, 0.004031032168616851, 0.0039182565330217285, 0.003968794317916036, 0.003883359100048741, 0.00396959027275443, 0.003959489070499937, 0.00390230561606586, 0.0038672077003866433, 0.003908536784971754, 0.00392184741795063, 0.003961537514502803, 0.0038746955959747236]","[0.18084539100527763, 0.16423407196998596, 0.16028015688061714, 0.15895023196935654, 0.15828612446784973, 0.1579861231148243, 0.15773962438106537, 0.15696127340197563, 0.15028318762779236, 0.13322538137435913, 0.1146898865699768, 0.09910060837864876, 0.08575369231402874, 0.07360607199370861, 0.062268199399113655, 0.05289017967879772, 0.04445975553244352, 0.03711817692965269, 0.0318857803940773, 0.02749439375475049, 0.031857977621257305, 0.02303456887602806, 0.019316184800118208, 0.016724576707929373, 0.015407696133479476, 0.014087443705648184, 0.01323897298425436, 0.012457267846912146, 0.011751207988709211, 0.011741879163309932, 0.01085842214524746, 0.010593767510727048, 0.010034206323325634, 0.009776562685146928, 0.00924972863867879, 0.009184453403577209, 0.009157093707472086, 0.008850037353113294, 0.00888787372969091, 0.00860200123861432, 0.008183547528460622, 0.00816323363687843, 0.008209932711906731, 0.008047213545069098, 0.007988655008375645, 0.007976065739057958, 0.007632088381797075, 0.007355450885370374, 0.007426761440001428, 0.007525181630626321, 0.0077119681518524885, 0.007527785957790911, 0.007030512439087033, 0.006895491969771683, 0.006799610797315836, 0.0069380565546453, 0.007018260890617967, 0.0067679936764761806, 0.006600517779588699, 0.006491773878224194, 0.006487768259830773, 0.006526692071929574, 0.006376159144565463, 0.006391617236658931, 0.00651631411164999, 0.006385299959219992, 0.0065972983138635755, 0.0063933394849300385, 0.006492655840702355, 0.005424334201961756, 0.005131242796778679, 0.005074884626083076, 0.005023411940783262, 0.004998849821276963, 0.00498741288902238, 0.00495481863617897, 0.004954419913701713, 0.0048824556870386004, 0.004896153637673706, 0.004916969628538936, 0.004926018125843257, 0.004862275440245867, 0.004813015228137374, 0.004817119042854756, 0.0048769047716632485, 0.004910475865472108, 0.004864304326474667, 0.004884480149485171]",0.03251121493040039,0.4469355921166913,0.04178886384925664,0.4131530424510743,0.0677647713615084,0.2201588271227856,0.06776542604867893,0.4525566437702287,0.691760428244365,84.53922772780061,cuda
SVDB,253_SVDB_id_17_Medical_tr_17803_1st_17903,RN,resnet18_autoencoder_differential_lr,128,15,15,64,100,0.001,"[0.181868443886439, 0.16327125032742817, 0.15879844228426615, 0.15739850799242655, 0.15560913781325023, 0.1494115283091863, 0.135536789894104, 0.1171752467751503, 0.09988981535037358, 0.08441065748532613, 0.07076784322659174, 0.05911349306503932, 0.048917552332083385, 0.04059590995311737, 0.03379604369401932, 0.028415506581465404, 0.02449314445257187, 0.021496517956256865, 0.018586834892630577, 0.01595943501840035, 0.014373446814715862, 0.013003500488897165, 0.011782150467236836, 0.010762712297340235, 0.010076583176851273, 0.009582399576902389, 0.009158766393860181, 0.008614297397434712, 0.00814440253501137, 0.007954968636234601, 0.007838842117538054, 0.007595215986172358, 0.0073315880882243315, 0.00696193790063262, 0.0065561634177962935, 0.0065221455258627735, 0.006397589482367039, 0.00635028254861633, 0.0061423108913004395, 0.00587533333649238, 0.0059480253917475545, 0.005882698452721039, 0.005728672537952661, 0.005565052293241024, 0.005551683561255534, 0.00531285706286629, 0.005360150896012783, 0.005215148100008568, 0.005032159325977167, 0.004800736935188373, 0.004955011513084173, 0.004769295391937097, 0.004763954163839419, 0.004619509385277828, 0.0046996009846528375, 0.004754821273187796, 0.004755389255781968, 0.004653914955755075, 0.004752102742592494, 0.004575891265024741, 0.004541095190991958, 0.004388691919545332, 0.0042725568326811, 0.004311982014526924, 0.004228889616206289, 0.004139718894536296, 0.004375555987159411, 0.0043874650883177916, 0.004212188332652052, 0.0041495974486072855, 0.0039764154081543285, 0.003991447078684966, 0.00404877713881433, 0.003995791605363289, 0.003919112449511886, 0.004039714687193433, 0.0039917319547384976, 0.003850842577715715, 0.0038067125094433624, 0.003806846293931206, 0.0039880842746545875, 0.003960876151298484, 0.003721335809677839, 0.0037291928039242823, 0.0036264105389515557, 0.0035246737922231355, 0.003533431142568588, 0.0035550492660452924, 0.003591606408978502, 0.0034861312713474037, 0.0034677360362062853, 0.003666100883856416, 0.0035587736715873082, 0.00353683492479225, 0.003561827229956786, 0.003398322950427731, 0.0029983922994385164, 0.002633556335543593, 0.002523816858107845, 0.002488366002216935]","[0.1780858263373375, 0.16136844083666801, 0.15854322910308838, 0.1578710451722145, 0.15676915645599365, 0.15026599913835526, 0.13181141018867493, 0.11146587133407593, 0.09463194757699966, 0.07966429181396961, 0.06691437773406506, 0.05635705217719078, 0.04686925932765007, 0.03905124682933092, 0.03261710191145539, 0.02808094536885619, 0.024604609236121178, 0.021587328985333443, 0.01858357572928071, 0.016360201872885227, 0.014310859609395266, 0.013913781382143497, 0.01238283421844244, 0.011453947750851512, 0.011003327555954456, 0.010352174285799265, 0.009843572974205017, 0.009014441398903728, 0.008910348638892174, 0.008784763049334288, 0.008590059354901314, 0.008528233622200787, 0.008053534664213657, 0.007683660835027695, 0.007389040431007743, 0.0072202375158667564, 0.007302362006157637, 0.007168846903368831, 0.006678472855128348, 0.006744853570125997, 0.006671135895885527, 0.006764465942978859, 0.006467757513746619, 0.006366682122461498, 0.006294402410276234, 0.006201143260113895, 0.006006438285112381, 0.0059410096146166325, 0.005673379637300968, 0.00581529806368053, 0.005717635969631374, 0.005539517966099083, 0.005643092445097864, 0.005432068137452006, 0.005485296715050936, 0.005541387014091015, 0.00544360326603055, 0.005494101787917316, 0.005530009628273547, 0.005371665465645492, 0.005503043299540877, 0.005141499452292919, 0.005063939606770873, 0.005173324723728001, 0.005071783787570894, 0.0049658879870548844, 0.005344875622540712, 0.0051481935661286116, 0.005052198306657374, 0.004868967575021088, 0.004943707259371877, 0.004916785401292145, 0.004872381512541324, 0.004818724002689123, 0.004918953753076494, 0.004842424998059869, 0.005042152130044997, 0.0046807159669697285, 0.0046746720909141, 0.004738851159345359, 0.004954650183208287, 0.004698441072832793, 0.004601673863362521, 0.004448284977115691, 0.004398023651447147, 0.004427522944752127, 0.004366556357126683, 0.004427640698850155, 0.00443698896560818, 0.0042504463926889, 0.004393246665131301, 0.004635869758203626, 0.004337900027167052, 0.004370740731246769, 0.004313074110541493, 0.004258212517015636, 0.0036240919143892825, 0.003386452910490334, 0.0033609733800403774, 0.0033309609279967844]",0.030595180273529993,0.427295520034483,0.04036870075799901,0.4067136391702256,0.06809788601922316,0.17718810186175904,0.06776542604867893,0.5147494189997008,0.6905243540383459,98.09273163718171,cuda
SVDB,253_SVDB_id_17_Medical_tr_17803_1st_17903,RN,pvt_autoencoder_frozen,128,15,15,64,100,0.001,"[0.1805335263411204, 0.16466826995213826, 0.1603318303823471, 0.15878683129946392, 0.15815790096918741, 0.1578428198893865, 0.1576143870751063, 0.15738780796527863, 0.1571091502904892, 0.15661571224530538, 0.155329633752505, 0.1517698625723521, 0.14343067308266957, 0.12863300989071527, 0.11110139886538188, 0.09398830831050872, 0.07810256232817968, 0.06480208138624827, 0.0538113330801328, 0.0446033904949824, 0.03708284944295883, 0.031116077303886415, 0.02711295212308566, 0.023745341847340267, 0.020690176263451578, 0.018676315744717915, 0.01687389115492503, 0.015475061411658922, 0.014440810494124889, 0.013534049689769744, 0.012562731343011061, 0.012015977191428344, 0.011299562081694603, 0.010719895673294863, 0.010244733840227126, 0.00961237916102012, 0.00959807268033425, 0.009556880282859007, 0.009329248468081157, 0.008935528931518395, 0.00873388530065616, 0.008544147138794263, 0.008699012361466885, 0.00820552920922637, 0.008117000851780177, 0.007659567644198736, 0.007483383299161991, 0.007435327271620432, 0.007366890056679646, 0.007126972917467356, 0.007037112892915805, 0.006915844573328892, 0.007080160578091939, 0.006762963285048803, 0.006526276934891939, 0.0063470829899112385, 0.006620133264611165, 0.006756007485091686, 0.006479515725125869, 0.006250994000583887, 0.006476569082587957, 0.006148595704386631, 0.006085127498954535, 0.006024771773566803, 0.005920109245926142, 0.005828678918381532, 0.005768604949116707, 0.00560917550077041, 0.005664157774299383, 0.00570191132525603, 0.0057440985304613905, 0.005721800432850917, 0.00574063907066981, 0.005652779930581649, 0.005576355475932359, 0.0054457860067486765, 0.005379734312494596, 0.005191452832271655, 0.005109507155915101, 0.00511605159069101, 0.005011585727334023, 0.005180748241643111, 0.005269181324789921, 0.0053247981083889805, 0.00535387114311258, 0.004967177162567774, 0.0049327013393243154, 0.005071376108874878, 0.005231269976745049, 0.004958951069662969, 0.004972309060394764, 0.004905963099251191, 0.0049163832639654475, 0.0047231935895979404, 0.004938695393502712, 0.004885471177597841, 0.004843723649779956, 0.0048608432213465376, 0.004793948059280713, 0.004706517327576876]","[0.17559299990534782, 0.16319824010133743, 0.15961240604519844, 0.1586245521903038, 0.15822533145546913, 0.15796972066164017, 0.15776710584759712, 0.15763244405388832, 0.15756194666028023, 0.1573345884680748, 0.15653442591428757, 0.15260929241776466, 0.14198438823223114, 0.12465577386319637, 0.10576774738729, 0.08881260082125664, 0.074556989595294, 0.06401467509567738, 0.05267975479364395, 0.04391859844326973, 0.03693146537989378, 0.03151162853464484, 0.02838598983362317, 0.024538607336580753, 0.021767253521829844, 0.019917657133191824, 0.0183803322724998, 0.01693806634284556, 0.015841249376535416, 0.014885834651067853, 0.014072590973228216, 0.013418934540823102, 0.012428405229002237, 0.011992304120212793, 0.011625505750998855, 0.0111574144102633, 0.010981622617691755, 0.010662874206900597, 0.010629169410094619, 0.010256587993353605, 0.009855980752035975, 0.010081710061058402, 0.00986796454526484, 0.009619259275496006, 0.009311416419222951, 0.008930185344070196, 0.00886592420283705, 0.008912848657928407, 0.008428089320659637, 0.00841137021780014, 0.008289739955216646, 0.008365038083866239, 0.008191525237634778, 0.007986449170857668, 0.007612357963807881, 0.007607218925841153, 0.008059415151365101, 0.007991638034582138, 0.0075798287289217114, 0.0076918607810512185, 0.007629432599060237, 0.007559168036095798, 0.0072468415601179, 0.007421339163556695, 0.00717898306902498, 0.006983670871704817, 0.007105667144060135, 0.006884867092594504, 0.0070360987447202206, 0.007036536233499646, 0.006997682154178619, 0.00683072954416275, 0.0070759368827566504, 0.0068505797535181046, 0.006875523482449353, 0.006639026687480509, 0.0065665594302117825, 0.006376971025019884, 0.006422089645639062, 0.006373676471412182, 0.0064206370152533054, 0.006497661350294948, 0.006584199727512896, 0.006671966519206762, 0.006467674043960869, 0.0062315299874171615, 0.006339964806102216, 0.006497852853499353, 0.006356238154694438, 0.006349431001581252, 0.006248137331567705, 0.006211900035850704, 0.0061370753683149815, 0.006115727825090289, 0.006187034188769758, 0.006210328079760075, 0.006145889521576464, 0.006070090108551085, 0.006074885721318424, 0.005959940608590841]",0.037037203781978056,0.43090796975159773,0.04145182827323383,0.4069143004860343,0.06915049197199838,0.2663454920853407,0.1584905660377354,0.4525566437702287,0.6911579046184781,98.73656403599307,cuda
SVDB,253_SVDB_id_17_Medical_tr_17803_1st_17903,RN,pvt_autoencoder_progressive_unfreeze,128,15,15,64,150,0.001,"[0.1743575006723404, 0.1610340178012848, 0.15845977663993835, 0.15773193637530009, 0.15740348994731904, 0.15705040395259856, 0.15628445347150166, 0.15376973152160645, 0.14585888584454854, 0.12983152667681377, 0.11131360431512197, 0.09304396063089371, 0.07718947281440099, 0.06455749645829201, 0.05541348705689112, 0.04675240789850553, 0.03952915320793788, 0.033760763704776764, 0.028641026467084885, 0.025050240382552148, 0.19426026220122974, 0.17308850189050037, 0.1639357974131902, 0.16012977063655853, 0.1569019377231598, 0.14986637632052105, 0.12568599134683608, 0.08172731523712476, 0.05049150685469309, 0.03440134363869826]","[0.17059995979070663, 0.15976255387067795, 0.1582130640745163, 0.15780788660049438, 0.15760398283600807, 0.1575079821050167, 0.15732145309448242, 0.15569280833005905, 0.14528175815939903, 0.12574997171759605, 0.1051734946668148, 0.08786744251847267, 0.07406341843307018, 0.06317432783544064, 0.05406343378126621, 0.0456848107278347, 0.039937219582498074, 0.033808618783950806, 0.02921435236930847, 0.025761001743376255, 0.21014435216784477, 0.17108376696705818, 0.16234731674194336, 0.15935714170336723, 0.15612822398543358, 0.1451421193778515, 0.11391669698059559, 0.07224064879119396, 0.046965318731963634, 0.03333515487611294]",0.03699272226139298,0.45507033485480564,0.04498478808617058,0.42557983190495,0.07727504658923076,0.23900434992750122,0.10905187835420359,0.5147494189997008,0.695765260912889,33.496230646036565,cuda
SVDB,253_SVDB_id_17_Medical_tr_17803_1st_17903,RN,pvt_autoencoder_differential_lr,128,15,15,64,100,0.001,"[0.1893402338027954, 0.16704625686009725, 0.16041639347871145, 0.15837979714075726, 0.15768970549106598, 0.15737572610378264, 0.15716443657875062, 0.15698933601379395, 0.15680895646413168, 0.15660744905471802, 0.15647209187348685, 0.15617218017578124, 0.15572501321633656, 0.15535649756590525, 0.15499174296855928, 0.1545336862405141, 0.15397134522596995, 0.15327030718326567, 0.15274942914644876, 0.15174346963564556, 0.15031602183977763, 0.14857712686061858, 0.14627343118190766, 0.1443069855372111, 0.14106691082318623, 0.13741986950238547, 0.13370580673217775, 0.1290484185020129, 0.12259844889243444, 0.11673287749290466, 0.10938526093959808, 0.10428784936666488, 0.09466814547777176, 0.08650276909271876, 0.07757966766754786, 0.07061706384023031, 0.06291851426164309, 0.056747324268023175, 0.05183790152271588, 0.044707613935073214, 0.03914265334606171, 0.03433780521154404, 0.03060152567923069, 0.028152378151814143, 0.026326344162225724, 0.02446117401123047, 0.023107983296116193, 0.021063785379131634, 0.018691189835468927, 0.017975770185391107, 0.01689328849315643, 0.01684703423331181, 0.015502157869438331, 0.01620990429073572, 0.015216735812524954, 0.013803503724435966, 0.01285185149560372, 0.012539618586500486, 0.012514314986765385, 0.012462855440874894, 0.012062936772902806, 0.011828783713281155, 0.012392899207770824, 0.011541057129700978, 0.01140135241051515, 0.010899710468947887, 0.010664497315883637, 0.010556728641192118, 0.010771681119998296, 0.010130006447434425, 0.009705941751599311, 0.009721615227560203, 0.009727914693454902, 0.009366323674718539, 0.00937202461063862, 0.009228562812010448, 0.009856383502483367, 0.009559489227831364, 0.009374478707710902, 0.008999557917316754, 0.009387670271098613, 0.009345794965823492, 0.008577268198132515, 0.008402348837504785, 0.008645777124911547, 0.008703198532263439, 0.00846064230427146, 0.008251404017210006, 0.008492500862727563, 0.008550417609512806, 0.008251744415611028, 0.008403831347823142, 0.008500566706061363, 0.00878246755649646, 0.008318029685566823, 0.007908341350654761, 0.007624460818866889, 0.007632053581376871, 0.0078080404860277975, 0.007768916711211204]","[0.1829034462571144, 0.1640259400010109, 0.1593829207122326, 0.15819837898015976, 0.15800536051392555, 0.15758291259407997, 0.1574009358882904, 0.15745553746819496, 0.15713338181376457, 0.1573801226913929, 0.1570117436349392, 0.15661747381091118, 0.15658200904726982, 0.15606072172522545, 0.15568117797374725, 0.15529200062155724, 0.15459370985627174, 0.15497612580657005, 0.15351064503192902, 0.15275581926107407, 0.1516159512102604, 0.14952852949500084, 0.1475122831761837, 0.1450517177581787, 0.1422373466193676, 0.13859407231211662, 0.1353517323732376, 0.12910929322242737, 0.12426590919494629, 0.11784636974334717, 0.11183670908212662, 0.10334140434861183, 0.09620334394276142, 0.08877238631248474, 0.0797689538449049, 0.07343362458050251, 0.06492143869400024, 0.05813920311629772, 0.05242897290736437, 0.04554572515189648, 0.03966186847537756, 0.035716915503144264, 0.032433442771434784, 0.02970543084666133, 0.02843004884198308, 0.02663184842094779, 0.024241984821856022, 0.022445739712566137, 0.020428800489753485, 0.02003596816211939, 0.018523927312344313, 0.017984999576583505, 0.016926904674619436, 0.01756683993153274, 0.016025811433792114, 0.015109841246157885, 0.01426326367072761, 0.01400104584172368, 0.014484843937680125, 0.013688033213838935, 0.013642517384141684, 0.01348608615808189, 0.013470874400809407, 0.012733115116134286, 0.012507336679846048, 0.012156874407082796, 0.012079337611794472, 0.011886027175933123, 0.011756893247365952, 0.011236037593334913, 0.010876883286982775, 0.011057339608669281, 0.01090525765903294, 0.01063420600257814, 0.010504812933504581, 0.010631900746375322, 0.01124752382747829, 0.010712591465562582, 0.010461875703185797, 0.010229822713881731, 0.010390672832727432, 0.010225348873063922, 0.00972660817205906, 0.00972194503992796, 0.00979623943567276, 0.009881596313789487, 0.009606680134311318, 0.00959547865204513, 0.009714890038594604, 0.009660349925979972, 0.009559941943734884, 0.00948594487272203, 0.009821492014452815, 0.009635645430535078, 0.009265589411370456, 0.009050639346241951, 0.008849680423736572, 0.008952328353188932, 0.008960173116065562, 0.008980373502708972]",0.03171774336838576,0.4305811256267017,0.04128926624822581,0.4061543675416807,0.06871912301364347,0.21813906909914224,0.06838745194143285,0.4579517822600912,0.6923931831521,136.94160255999304,cuda
SVDB,253_SVDB_id_17_Medical_tr_17803_1st_17903,LP,cnn_autoencoder,128,15,15,64,150,0.001,"[0.24003995756308238, 0.18416031301021576, 0.1398634632428487, 0.10631394932667414, 0.08225599676370621, 0.0653196170926094, 0.05332453524072965, 0.044625905156135556, 0.03810331945617994, 0.03308075132469336, 0.029063439120848973, 0.025765704984466235, 0.023120550935467086, 0.02087857263783614, 0.019060151527325313, 0.01757755180199941, 0.01633921470493078, 0.01531227696686983, 0.014464867673814297, 0.013677722277740638, 0.013021937757730483, 0.012433888204395772, 0.011904310497144858, 0.011444650528331598, 0.011009191597501437, 0.010597242539127668, 0.010216129322846731, 0.009888033196330071, 0.009535735038419564, 0.009211236859361331, 0.008859550642470519, 0.008480779267847538, 0.008161600865423679, 0.007823813365151484, 0.00754475478703777, 0.0072703289488951365, 0.0070398053775231045, 0.006823625974357128, 0.006621473841369152, 0.0064517913075784845, 0.006292788467059533, 0.006153255638976892, 0.006009610990683238, 0.005865990339467923, 0.005751709174364805, 0.005630814532438914, 0.0055332178870836895, 0.005417985375970602, 0.005334236628065507, 0.005254957235107819, 0.005173950145641963, 0.00510086752474308, 0.005036664505799611, 0.004974723917742571, 0.004890951079626878, 0.0048355196913083395, 0.004776250539968411, 0.004705494921654463, 0.004665138324101766, 0.004597487952560186, 0.004556934287150701, 0.004515845483789842, 0.004482846769193808, 0.004441953869536519, 0.004401548610379298, 0.004354911809787154, 0.004302968519429366, 0.004269011970609427, 0.004223010518277685, 0.004187734145671129, 0.004155755881220103, 0.00412893695756793, 0.004092059175794323, 0.004066449698681632, 0.004022728962202867, 0.004004387464374304, 0.00397792422833542, 0.003955314572279652, 0.003921921846146385, 0.003896813637887438, 0.0038776920021822057, 0.003835247503593564, 0.0038087690404305856, 0.0037930130337675413, 0.0037681118895610175, 0.003750890384738644, 0.0037186039922138055, 0.0036997586488723756, 0.003671160386875272, 0.00364726676295201, 0.003618386248126626, 0.0036148481847097474, 0.003595436814551552, 0.003566161775961518, 0.0035463175270706417, 0.0035228034015744925, 0.003496145534639557, 0.003478131474306186, 0.003467401908710599, 0.00343539963165919, 0.0034216048040737706, 0.0033990427230795226, 0.0033885192746917407, 0.0033658831069866817, 0.0033404541046669085, 0.0033249709755182265, 0.003317777393385768, 0.003318730384732286, 0.003297337672362725, 0.003280591235185663, 0.0032673198729753494, 0.0032434317128111918, 0.0032392754840354127, 0.003222072326267759, 0.00320279854349792, 0.0031920230326553185, 0.0031735844754924377, 0.0031539704805860916, 0.003143057677273949, 0.003119530947878957, 0.003115477847556273, 0.003102420394619306, 0.003089118485028545, 0.0030756037371853988, 0.003065914272641142, 0.003055644951139887, 0.0030460833571851254, 0.00303220609202981, 0.0030367747880518437, 0.003026042909671863, 0.00301096400556465, 0.002999836454788844, 0.0029765714115152758, 0.0029790127805123727, 0.00295794823517402, 0.0029515896768619616, 0.0029361278439561525, 0.002920619274179141, 0.0029085652747501928, 0.0029003943782299757, 0.0028873424511402846]","[0.2367110475897789, 0.17670300602912903, 0.12576443329453468, 0.09329989552497864, 0.07169421203434467, 0.05776253901422024, 0.04844934307038784, 0.04123161267489195, 0.0357041209936142, 0.031239472795277834, 0.027363740373402834, 0.024385621771216393, 0.021946062333881855, 0.01987731922417879, 0.017859471030533314, 0.016806577797979116, 0.016264167614281178, 0.015569431008771062, 0.014664118643850088, 0.01382278511300683, 0.01314105512574315, 0.01260208454914391, 0.01220515719614923, 0.011830533156171441, 0.011431609047576785, 0.011018428718671203, 0.010665037436410785, 0.010289827594533563, 0.010047071147710085, 0.009777194820344448, 0.009264856111258268, 0.0089257403742522, 0.00865699420683086, 0.008279219502583146, 0.008069165516644716, 0.007763380650430918, 0.00758328044321388, 0.007458199514076114, 0.007356738788075745, 0.0069904361153021455, 0.006929836934432387, 0.006875201826915145, 0.006820422946475446, 0.006541697774082422, 0.006393249146640301, 0.006389859481714666, 0.006206320016644895, 0.006196080474182963, 0.006096140365116298, 0.006042485823854804, 0.005921241827309132, 0.005887376610189676, 0.005847196443937719, 0.00580913492012769, 0.005690915742889047, 0.005709805409424007, 0.005566853214986622, 0.005520079052075744, 0.0054644213523715734, 0.005471250973641872, 0.005443188361823559, 0.005412810831330717, 0.005426714080385864, 0.00537157419603318, 0.005320803029462695, 0.005261890823021531, 0.005250984220765531, 0.00521297357045114, 0.005141436238773167, 0.0051073175854980946, 0.0051139770075678825, 0.0050843722419813275, 0.005106470664031804, 0.0050450514536350965, 0.005057047237642109, 0.004997229087166488, 0.005006419843994081, 0.004962273174896836, 0.004979984136298299, 0.004923531669192016, 0.0049290208844468, 0.004873898113146424, 0.004895747173577547, 0.0048664744244888425, 0.00487124256324023, 0.004860419663600624, 0.004781799507327378, 0.00480675813741982, 0.004789987462572753, 0.004787834943272173, 0.004772579297423363, 0.004778000176884234, 0.004752424429170787, 0.004715910297818482, 0.004709478933364153, 0.004714775597676635, 0.004707077285274863, 0.004694794653914869, 0.004701562924310565, 0.004662757972255349, 0.004669280722737312, 0.004643381806090474, 0.0046297411900013685, 0.004640290979295969, 0.004620512831024826, 0.004615141544491053, 0.004610569914802909, 0.0046013001119717956, 0.004563067806884646, 0.004580822540447116, 0.004564312985166907, 0.0045732788275927305, 0.004551536287181079, 0.004566355375573039, 0.004539375891909003, 0.004548000870272517, 0.004516331828199327, 0.004518863861449063, 0.004518761998042464, 0.004492020118050277, 0.00449147610925138, 0.004495945293456316, 0.004471123102121055, 0.00446884089615196, 0.0044660428538918495, 0.004451395594514906, 0.0044516985071823, 0.004452853347174823, 0.004462281125597656, 0.004441036377102137, 0.0044164484133943915, 0.004418806056492031, 0.004417297197505832, 0.004417959018610418, 0.004398084245622158, 0.00441086629871279, 0.004385055508464575, 0.004401465877890587, 0.004389203968457878, 0.004362610634416342, 0.004376106197014451]",0.09875908720724748,0.6516590274207645,0.12268379925244849,0.7210477608606236,0.27426747094655535,0.7385017071701144,0.4306322897483115,0.20824893175967069,0.8212342350161724,107.00395599380136,cuda
SVDB,253_SVDB_id_17_Medical_tr_17803_1st_17903,LP,resnet18_autoencoder_frozen,128,15,15,64,100,0.001,"[0.20754711131254833, 0.1217629224061966, 0.07401129727562268, 0.049241967499256134, 0.036122120916843414, 0.028665041426817577, 0.02424905002117157, 0.02142820842564106, 0.019557411844531695, 0.018218914171059926, 0.017125813787182174, 0.016161782977481682, 0.015216758040090402, 0.014299692089358966, 0.013553994211057822, 0.012884622191389401, 0.012277529885371527, 0.011618846716980139, 0.011138568197687467, 0.01068368951479594, 0.010265654946366946, 0.009850744592646758, 0.009515969703594843, 0.009133736851314704, 0.008648115334411462, 0.00851821272323529, 0.008238133850196998, 0.007965382157514493, 0.007799999664227167, 0.0074597473877171675, 0.00726759871467948, 0.00704359511534373, 0.006630940890560547, 0.0066108201940854395, 0.006535546481609344, 0.006157630185286204, 0.006111377850174904, 0.0059642772811154526, 0.005985920348515113, 0.005748514054963986, 0.005607517156749964, 0.005296549542496602, 0.004990865631649892, 0.004942144732922316, 0.004850373355050882, 0.004681868727008502, 0.004842696075017253, 0.004527327573547761, 0.004442300740629434, 0.004249246682350835, 0.004113355356579026, 0.003963365141923229, 0.003962526222070059, 0.0037887210492044687]","[0.21279040724039078, 0.10120278224349022, 0.05678730830550194, 0.04009608458727598, 0.031653267331421375, 0.026071366854012012, 0.023079081438481808, 0.020678212866187096, 0.01899580843746662, 0.017751484643667936, 0.016890153754502535, 0.015948887448757887, 0.01511518657207489, 0.014419454149901867, 0.013519936241209507, 0.013385912403464317, 0.012605814263224602, 0.012221031123772264, 0.011693316046148539, 0.011394776869565248, 0.011130899423733354, 0.010702610947191715, 0.010628580581396818, 0.010205931728705764, 0.010132459457963705, 0.009842460043728352, 0.009683990152552724, 0.00965101202018559, 0.00963965686969459, 0.009310400113463402, 0.009370768908411264, 0.009199595777317882, 0.009144098730757833, 0.009244848042726517, 0.008864137344062328, 0.009194795275107026, 0.009142519440501928, 0.008973694639280438, 0.009008947759866714, 0.008886290015652776, 0.008902463829144835, 0.0086608175188303, 0.008745813742280006, 0.008536836132407188, 0.008706108434125781, 0.00875496945809573, 0.008724972722120583, 0.008679367019794881, 0.008647245587781072, 0.008584140217863023, 0.008460176759399474, 0.00847498036455363, 0.008518800605088472, 0.008531517814844847]",0.057698491449555106,0.6048115890357595,0.0741916101163143,0.6848699768824186,0.14708308177895352,0.5135040947900331,0.17030260380014056,0.10359175401474283,0.7612801642031244,46.70891906809993,cuda
SVDB,253_SVDB_id_17_Medical_tr_17803_1st_17903,LP,resnet18_autoencoder_progressive_unfreeze,128,15,15,64,150,0.001,"[0.18310265441735585, 0.11494541764259339, 0.07432509685556093, 0.04895417739947637, 0.03491998525957266, 0.027422049765785536, 0.023104484006762505, 0.020455368732412656, 0.018577271948258083, 0.017158468812704088, 0.015994279955824215, 0.0148583114768068, 0.013951027393341064, 0.013209245850642521, 0.012457817234098912, 0.011955271723369758, 0.011475993258257707, 0.010949418631692727, 0.010558529384434223, 0.010257016060252984, 0.010102504243453344, 0.008985337490836779, 0.008400905411690474, 0.008062267831216255, 0.0076810436944166815, 0.007423496246337891, 0.007176497330268224, 0.007053740167369445, 0.006863839241365592, 0.006724521766106288, 0.006597151886671782, 0.006382641599824031, 0.006390327525635561, 0.006190968801577886, 0.006112613963584105, 0.006049990747123956, 0.005848642035077015, 0.005804503336548805, 0.005615365908791622, 0.005632861827810605, 0.005392757679025332, 0.0052287251688539985, 0.005182908475399017, 0.0051223654920856156, 0.005138688503454129, 0.004913164457927148, 0.004891146626323462, 0.004814650708188613, 0.004767255702366431, 0.0046390382262567675, 0.004460220318287611, 0.004393760487437249, 0.004335839146127303, 0.004272351072480281, 0.004302400629967451, 0.0041982522855202355, 0.0040452804261197645, 0.003998330980539322, 0.0035928902216255665, 0.0033009957522153856, 0.0030988669954240323, 0.002941431539754073, 0.002825171717753013, 0.002761914860457182, 0.0027145550586283205, 0.0026658211679508287, 0.002535474579781294, 0.002407683990895748, 0.0023375728788475195, 0.0022816562637065847]","[0.18207182735204697, 0.09542892314493656, 0.05678381584584713, 0.03929848410189152, 0.029929627664387226, 0.024675580207258463, 0.021714540664106607, 0.019725372083485126, 0.01791528705507517, 0.017080653458833694, 0.01569429086521268, 0.01473808754235506, 0.01427162135951221, 0.013405868550762534, 0.012969700153917074, 0.012394273420795798, 0.01204044558107853, 0.01170723745599389, 0.011469292687252164, 0.011020867619663477, 0.01006313506513834, 0.009451817953959107, 0.008929251926019788, 0.008454150054603815, 0.008382902247831225, 0.008179231313988566, 0.008145959349349141, 0.008050696458667517, 0.00786363857332617, 0.007863027974963188, 0.007719745393842459, 0.007592542679049075, 0.007610272150486708, 0.007625761325471103, 0.007454909849911928, 0.007390605052933097, 0.007376616355031729, 0.007200800464488566, 0.007131828228011727, 0.007168272975832224, 0.007047015358693898, 0.0072041364619508386, 0.007175127509981394, 0.006948120309971273, 0.006949946517124772, 0.006835298496298492, 0.00682178745046258, 0.0072385462699458, 0.0067711095325648785, 0.006691190064884722, 0.0067756419302895665, 0.006609656848013401, 0.006682339706458151, 0.00685901811812073, 0.006679609185084701, 0.0071226435247808695, 0.00666835461743176, 0.006671782350167632, 0.006453670794144273, 0.006318762665614486, 0.006379866390489042, 0.006335007376037538, 0.006341035361401737, 0.006412635324522853, 0.006327075068838894, 0.0063524506986141205, 0.0063598365522921085, 0.0063165477477014065, 0.006377918180078268, 0.006321171298623085]",0.07518023211542935,0.6284844340751157,0.09402062868149359,0.7049389180162569,0.20880418309990512,0.5947304720230892,0.2645584265329731,0.14464440815966778,0.7948176821502085,65.17826076201163,cuda
SVDB,253_SVDB_id_17_Medical_tr_17803_1st_17903,LP,resnet18_autoencoder_differential_lr,128,15,15,64,100,0.001,"[0.18703619440396627, 0.10407496988773346, 0.06174611325065295, 0.04179404303431511, 0.03170328413446744, 0.025881346811850867, 0.022180251652995746, 0.019591287523508073, 0.01758556589484215, 0.016027483033637206, 0.014770437342425188, 0.013818788280089696, 0.012872453468541304, 0.012061717671652634, 0.01147560061266025, 0.010986560645202795, 0.010602860773603121, 0.01012108741949002, 0.009709296748042107, 0.009311669071515401, 0.008962217718362808, 0.008730828141172728, 0.008543884630004566, 0.008360764104872942, 0.00808219773073991, 0.00803430744757255, 0.007809969286123912, 0.007566123424718778, 0.0074760618930061655, 0.007414386173089345, 0.007321836426854134, 0.00715604480355978, 0.0070694800155858195, 0.007086925022304058, 0.006857995844135682, 0.006684593204408884, 0.006640777612725894, 0.006581152665118376, 0.006404977726439635, 0.006339860210816065, 0.006280825100839138, 0.006327032918731371, 0.0062505887821316716, 0.006168341729789972, 0.006065752450376749, 0.0060103995104630785, 0.005850456251452366, 0.005777760067333778, 0.005783427972346544, 0.0058235665783286095, 0.005731573297331731, 0.005528327543288469, 0.005460066503534714, 0.0054043292067945, 0.0053716154769063, 0.0053457975387573246, 0.00537376469001174, 0.005244639733185371, 0.0052482474284867445, 0.005167489871382713, 0.005065465811640024, 0.0050431539925436175, 0.004981849218408266, 0.004907793924212455, 0.004912606254220009, 0.004895367690672477, 0.004831289406865835, 0.004802371002733707, 0.004749526331822077, 0.004674519660572211, 0.004611019200334947]","[0.1895296573638916, 0.08282065764069557, 0.04890086408704519, 0.03481205366551876, 0.02787992637604475, 0.02361256768926978, 0.020830465480685234, 0.018630478531122208, 0.01692674634978175, 0.015852291602641344, 0.014819258125498891, 0.013811293989419937, 0.012964265421032906, 0.012321212328970432, 0.012151071336120367, 0.011625945335254073, 0.01105366530828178, 0.010483700083568692, 0.010068270610645413, 0.010088124312460423, 0.009613955160602927, 0.009414728032425046, 0.009179082931950688, 0.009156657382845879, 0.008845948847010732, 0.008674295619130135, 0.008495125221088529, 0.008431743597611785, 0.008222782285884023, 0.008304991060867906, 0.008206741302274168, 0.008006444782949984, 0.007956313551403582, 0.007922578719444573, 0.00784669304266572, 0.007604807731695473, 0.0076068316120654345, 0.007594088441692293, 0.007521910476498306, 0.00758295482955873, 0.007545526488684118, 0.007315053371712565, 0.007486444897949696, 0.0072742929914966226, 0.007311712368391454, 0.007308657048270106, 0.007070795516483486, 0.007200593478046358, 0.007247254950925708, 0.007162723806686699, 0.0071509493282064795, 0.006916076177731156, 0.0069097214145585895, 0.007033491041511297, 0.007038383511826396, 0.007033706293441355, 0.007183012901805341, 0.006931788753718138, 0.006900580367073417, 0.006859680055640638, 0.006775633082725108, 0.006789737264625728, 0.006741284625604749, 0.006748136831447482, 0.00689280335791409, 0.006711341207846999, 0.006825223215855658, 0.006992907263338566, 0.0067143532214686275, 0.006818827940151095, 0.006878530373796821]",0.06747466886638148,0.6231248200196007,0.08520235970137523,0.6971151480710643,0.19454681101064836,0.5687689421272911,0.2525219655060199,0.11986729086503096,0.7862313491226605,68.16397381294519,cuda
SVDB,253_SVDB_id_17_Medical_tr_17803_1st_17903,LP,pvt_autoencoder_frozen,128,15,15,64,100,0.001,"[0.23513383666674295, 0.15369141598542532, 0.10285456776618958, 0.07091212868690491, 0.05148868684967359, 0.03954194361964861, 0.03199251952270667, 0.027107203006744386, 0.023765206957856815, 0.021434375643730165, 0.019679928819338482, 0.018360746403535206, 0.017313446601231894, 0.016377963374058405, 0.015512112031380336, 0.014706687939663728, 0.013988772282997768, 0.013294376122454802, 0.012721327195564906, 0.012148449135323366, 0.011603798034290473, 0.011023688688874244, 0.010686259220043818, 0.010021809861063958, 0.00957841407507658, 0.009352695321043332, 0.009022359177470208, 0.008852904662489891, 0.00860230258355538, 0.00845405167589585, 0.008078081688533226, 0.007696857706954082, 0.007528214591244856, 0.007451783120632172, 0.00737918879215916, 0.006946187155942122, 0.006746431315938632, 0.00666931060453256, 0.006438145693391561, 0.006374362700929244, 0.0063013115897774695, 0.006203278278311093, 0.005796928176035484, 0.005714979705711206, 0.0055450081204374635, 0.00545904894048969, 0.005333380494266749, 0.005151123398294052, 0.0048864660784602165, 0.004920917563140392, 0.004892841291924317, 0.004733278354008993, 0.004634516003231208, 0.004561429967482885, 0.0045448046177625654, 0.004501261872549852, 0.003937380822996299, 0.0035847750026732684, 0.0034168655673662823, 0.0032950986331949633, 0.003163105652978023, 0.0030576960649341344, 0.002985621818030874, 0.002858919836580753, 0.0028280701488256456, 0.0028500492529322705, 0.0027301912816862267, 0.0026786497483650843, 0.0026258512244870264, 0.002444561927889784, 0.002333605568856001]","[0.23496567457914352, 0.13462358713150024, 0.08481220342218876, 0.058559066615998745, 0.04478627908974886, 0.0358122568577528, 0.030050307512283325, 0.02626496832817793, 0.023415311239659786, 0.021344902459532022, 0.019802299793809652, 0.018577733542770147, 0.01759175816550851, 0.016865678131580353, 0.015719922725111246, 0.014817212475463748, 0.014158551348373294, 0.013893890427425504, 0.013182590948417783, 0.012571483617648482, 0.011996177723631263, 0.011474741389974952, 0.010971557814627886, 0.010814025765284896, 0.010410693939775229, 0.009957408998161554, 0.009901253739371896, 0.00968166976235807, 0.009800287196412683, 0.00957587594166398, 0.00911352806724608, 0.009064134443178773, 0.008869394427165389, 0.008848120691254735, 0.008445260231383145, 0.008513810345903039, 0.008283672155812383, 0.008160927100107074, 0.007969530764967203, 0.008274656487628818, 0.007974896929226816, 0.007798144826665521, 0.007856401149183512, 0.007841786369681358, 0.007623461657203734, 0.007405743817798793, 0.007462764857336879, 0.007351433509029448, 0.007705025840550661, 0.007185672991909087, 0.007523049134761095, 0.007482006447389722, 0.00764922727830708, 0.007496556965634227, 0.007569878129288554, 0.007450684206560254, 0.006921826512552798, 0.007064657169394195, 0.006849014083854854, 0.006876682164147496, 0.006796302041038871, 0.006896427716128528, 0.0067624179646372795, 0.006775076151825488, 0.006890957825817168, 0.006841153954155743, 0.00693611241877079, 0.00681285688187927, 0.006806557881645858, 0.006832718616351485, 0.006763315643183887]",0.08295737037818748,0.6130201010853246,0.10265469433845013,0.6923320275514392,0.2308035672086751,0.6383059179429004,0.2944462701281627,0.16294908986860632,0.8125536075332421,68.28814642387442,cuda
SVDB,253_SVDB_id_17_Medical_tr_17803_1st_17903,LP,pvt_autoencoder_progressive_unfreeze,128,15,15,64,150,0.001,"[0.21375044186909994, 0.1341831311583519, 0.08555875917275747, 0.05704872906208038, 0.041475477317969, 0.03268981675306956, 0.027363651742537815, 0.02387803209324678, 0.021491651733716328, 0.019762777909636497, 0.018485129500428837, 0.017436536525686584, 0.016568301369746526, 0.015762263226012388, 0.01504793024311463, 0.014205340854823589, 0.01354633259276549, 0.012902265104154745, 0.012288959758977095, 0.01179163580139478, 0.014878695520261923, 0.012664735876023769, 0.011317148618400098, 0.01017645342896382, 0.009123862783114115, 0.008746460794160764, 0.008175952763607105, 0.007805780383447806, 0.007738676108419895, 0.007504436994592348, 0.0069651987093190355, 0.0066234848462045194, 0.006495093243817488, 0.006351043501247962, 0.0060193443360428015, 0.006002359806249539, 0.0057459815094868345, 0.005617633368819952, 0.005403062142431736, 0.005491624524195989, 0.005535170063376426, 0.005160866926113765, 0.0049666666115323705, 0.004854503398140271, 0.004885542082289854, 0.004984553344547749, 0.005036988730231921, 0.004859001406778892, 0.004699101733664671, 0.004604005068540573, 0.004666648432612419, 0.004701289627701044, 0.004614034714177251]","[0.2062675543129444, 0.11138124763965607, 0.06743850372731686, 0.04754348937422037, 0.03702543396502733, 0.030500851571559906, 0.026533205062150955, 0.02348307939246297, 0.021323914173990488, 0.019711505621671677, 0.018530542962253094, 0.017550728749483824, 0.016781514510512352, 0.016053893603384495, 0.015166432363912463, 0.014797224896028638, 0.01391474949195981, 0.013182369992136955, 0.012646944960579276, 0.012042796006426215, 0.013612724374979734, 0.012423508800566196, 0.01120081846602261, 0.010016808519139886, 0.009899643016979098, 0.008825281634926796, 0.008410603855736554, 0.008271902799606323, 0.008176071336492896, 0.007829209789633751, 0.0074704630533233285, 0.007236370467580855, 0.007433058577589691, 0.006882496061734855, 0.006847621174529195, 0.006791866733692586, 0.007135055027902126, 0.0064551003742963076, 0.006354718469083309, 0.006842053146101534, 0.0063154533272609115, 0.006392365205101669, 0.00590044551063329, 0.005996835883706808, 0.00633160793222487, 0.006159403477795422, 0.0062488693511113524, 0.005862997961230576, 0.006089497124776244, 0.006111799040809274, 0.006419528275728226, 0.005966338329017162, 0.005875308881513774]",0.13320028877707385,0.617892788410755,0.14839910956448835,0.6993551900199184,0.27509192663398874,0.8214365629894831,0.5020140515222479,0.2807734765019992,0.8628397097152288,63.55721744289622,cuda
SVDB,253_SVDB_id_17_Medical_tr_17803_1st_17903,LP,pvt_autoencoder_differential_lr,128,15,15,64,100,0.001,"[0.19261571367581684, 0.11477149526278178, 0.07226113925377528, 0.04930042450626691, 0.0363343986372153, 0.02901821496586005, 0.024573416635394096, 0.02172037437558174, 0.01977249744037787, 0.018394804994265237, 0.01732818844417731, 0.01636538008848826, 0.01540528709689776, 0.014407385823627312, 0.013599957215289275, 0.012844143621623515, 0.012102309986948967, 0.011644209176301957, 0.011022785368065039, 0.010423021701474985, 0.009958423301577568, 0.009610849370559057, 0.009375819005072117, 0.009146497212350368, 0.008954615611582995, 0.008714985102415085, 0.008434196095913648, 0.008310803305357694, 0.008017130816976229, 0.007796511457612117, 0.007698991615325212, 0.0075624649412930015, 0.00744076743721962, 0.007354261229435602, 0.007243942407270273, 0.006930344613889853, 0.006848131399601698, 0.006825500012685855, 0.006710327882319689, 0.006413560950507721, 0.006076088423530261, 0.005833204711476961, 0.005618648510426283, 0.0053892414706448715, 0.00544957813496391, 0.005487783625721931, 0.005467871141930421, 0.005219139903783798, 0.005022669847433766, 0.004855216884364685, 0.004651603785653909, 0.004705228392655651, 0.004502772803728779, 0.004399581936498483, 0.004239018773660064, 0.004238530543322364, 0.004262146710728606, 0.004130385303869844, 0.004086042273168763, 0.0039806203295787174, 0.004007314098998904, 0.003962151287123561, 0.0038631909216443696, 0.0036536639556288717, 0.0035873147503783305, 0.0037215728623171645, 0.0036947610632826885, 0.003772785762945811]","[0.1878393143415451, 0.09296509064733982, 0.056011807173490524, 0.040214105509221554, 0.03202091250568628, 0.027689029928296804, 0.023125570733100176, 0.02103074872866273, 0.019321490079164505, 0.017935349140316248, 0.017078299541026354, 0.01630920567549765, 0.015163106145337224, 0.014188976027071476, 0.013491585850715637, 0.012846765341237187, 0.012244784971699119, 0.011653995141386986, 0.011077521601691842, 0.010716585209593177, 0.010293690720573068, 0.010280305985361338, 0.009823935572057962, 0.009698956739157438, 0.009360534837469459, 0.00931758084334433, 0.00902262213639915, 0.008601818000897765, 0.008867204887792468, 0.008494042325764894, 0.008220357354730368, 0.008283151546493173, 0.00816139136441052, 0.008120453567244112, 0.007779944222420454, 0.0076667130924761295, 0.007620082120411098, 0.007805619738064706, 0.007608791114762425, 0.00719093531370163, 0.006925463676452637, 0.006680825026705861, 0.00644659111276269, 0.0064183155773207545, 0.006680163904093206, 0.006750761764124036, 0.006583040929399431, 0.006212740088813007, 0.006152936723083258, 0.00598888925742358, 0.00575725082308054, 0.00594468810595572, 0.005824024206958711, 0.005697392858564854, 0.005650935345329344, 0.005720288725569844, 0.005692702368833125, 0.00547393539454788, 0.005681180278770626, 0.005695858155377209, 0.005616476642899215, 0.005710716242901981, 0.005437045707367361, 0.005458058323711157, 0.005461091990582645, 0.005496018216945231, 0.005608948762528598, 0.0057622145395725965]",0.10227876677203852,0.6202660391002899,0.12255753220201929,0.7006077238393134,0.22289838976675752,0.7288214702450408,0.3943127962085304,0.2118761657968504,0.8133260417894215,89.8221220059786,cuda
SVDB,253_SVDB_id_17_Medical_tr_17803_1st_17903,SG,cnn_autoencoder,128,15,15,64,150,0.001,"[0.07581244458754857, 0.04681880200902621, 0.02945367358624935, 0.01920842279990514, 0.012913975181678932, 0.00897176880389452, 0.006541450507938862, 0.004721755720674991, 0.003541278311361869, 0.002782932405049602, 0.002330340949508051, 0.0018935617990791798, 0.001573216690060993, 0.0012812452934061489, 0.001091604846684883, 0.0011179543216712773, 0.0008831906248815358, 0.0008943156804889441, 0.0008489082645003994, 0.0007907016474443178, 0.0006654483809446295, 0.0006911783886607737, 0.0006915037015763422, 0.0005439633930412432, 0.0005525946054452409, 0.0005186443372319142, 0.0004672174749430269, 0.00047890243586152793, 0.0005619260036231329, 0.00037988875798570615, 0.00038968416241308055, 0.0004386800069672366, 0.0004201871051918715, 0.0003785476088523865, 0.000346717121040759, 0.0003514099157958602, 0.0003299623572578033, 0.0003382738708751276, 0.0002895853928445528, 0.00032039691674678273, 0.0002926806298394998, 0.00029262446235710134, 0.00025489641896759473, 0.00024794707521020123, 0.0002506663295207545, 0.000251818085477377, 0.00023782703889689097, 0.0002396247611613944, 0.0002288640612581124, 0.00026034781767521055, 0.00018974605191033334, 0.00022204745328053833, 0.00025611874104167025, 0.00022077590498762825, 0.000221068009462518]","[0.0762028656899929, 0.04643770679831505, 0.027195159811526537, 0.017712421715259552, 0.008751854533329606, 0.0076432578498497605, 0.004803102812729776, 0.004118261858820915, 0.0030771916499361396, 0.0031596521730534732, 0.0017095627554226667, 0.0016711125208530575, 0.001557216135552153, 0.0010627579176798463, 0.0009839169215410948, 0.0010124511027242988, 0.000808415497886017, 0.0013669782783836126, 0.0007655661320313811, 0.0011124308803118765, 0.0006372211355483159, 0.0009687358106020838, 0.0007062528165988624, 0.00052261463861214, 0.0004963402461726218, 0.0005367449339246377, 0.0006029307405697182, 0.0003877249764627777, 0.0005897561204619706, 0.00034426036290824413, 0.00034403015160933137, 0.0005584222089964896, 0.00030024089937796816, 0.0003776361991185695, 0.00044973279727855697, 0.0005299928307067603, 0.000319180813676212, 0.0003521809048834257, 0.00054533252841793, 0.00026329410320613533, 0.00021748787912656553, 0.00022388267097994685, 0.00025897289015119895, 0.00021464356541400775, 0.00028289480542298406, 0.00020524521096376702, 0.00024926419791881926, 0.00019501267524901778, 0.0002324634842807427, 0.0002270777513331268, 0.00021588683739537373, 0.00017637983546592295, 0.0002327315196453128, 0.00021114108312758617, 0.00016929950652411208]",0.16198907383560834,0.6033056117435457,0.1424272988672072,0.6809928523394669,0.1807439020511154,0.8286422633804871,0.751062022090059,0.3299375576743498,0.8298218131282764,39.122617127839476,cuda
SVDB,253_SVDB_id_17_Medical_tr_17803_1st_17903,SG,resnet18_autoencoder_frozen,128,15,15,64,100,0.001,"[0.09273718297481537, 0.04892212251822154, 0.0252233874052763, 0.01234283521771431, 0.006840256694704294, 0.00374455659960707, 0.0029601319149757427, 0.0026578567534064255, 0.0017576777298624316, 0.001235118267747263, 0.001233126048464328, 0.0009619280191448828, 0.0011680627746197085, 0.0008639744405324261, 0.0008752993191592396, 0.0009401864760244886, 0.0007280601537786424, 0.0007045465152865897, 0.0007915834935071568, 0.0005606853868812322, 0.0005421572054425876, 0.0005449442600365728, 0.0005655274842865765, 0.000486214435659349, 0.0005022818921133875, 0.0004207021692612519, 0.0004072761978022754, 0.000514450032884876, 0.0005599471119542916, 0.0004900039716934164, 0.0003548906087720146, 0.0005748359845407929, 0.0005114036224161586, 0.0003616556195386996, 0.0003863642195938155, 0.00033892422507051376, 0.0003452632129968454, 0.0003807750870085632, 0.00035271143909388535, 0.000370439188554883, 0.0006584389387474706]","[0.12779908627271652, 0.05253452342003584, 0.023025451228022575, 0.012631273362785578, 0.009257476078346372, 0.004042989865411073, 0.002372763759922236, 0.002010489028180018, 0.0013091946602798998, 0.0010106814443133771, 0.0008376733458135277, 0.0007636152004124597, 0.000753052401705645, 0.000771073522628285, 0.0006367503374349326, 0.0005235499193076976, 0.0005577620031544939, 0.0004985740306437947, 0.0004582082328852266, 0.00045152141683502123, 0.00037482775223907083, 0.0004344233821029775, 0.0003453522513154894, 0.000309141498291865, 0.00032879690843401477, 0.00031085276714293286, 0.0003740625106729567, 0.00044558695662999526, 0.00038515318010468036, 0.00034899346792371944, 0.000259385778917931, 0.0003067328652832657, 0.00030720677750650793, 0.0002717182032938581, 0.0002494474611012265, 0.0002537839754950255, 0.0002376824450038839, 0.00023581794812344015, 0.00024184497306123376, 0.00028556650795508176, 0.00032077368814498186]",0.371169673688938,0.620713285838747,0.3196386105142659,0.6913309352348916,0.466817517273,0.9092167174093551,0.8888888888888884,0.4763102916834343,0.8585871215740162,30.627565482864156,cuda
SVDB,253_SVDB_id_17_Medical_tr_17803_1st_17903,SG,resnet18_autoencoder_progressive_unfreeze,128,15,15,64,150,0.001,"[0.0794342428445816, 0.04494756460189819, 0.024201756591598192, 0.01393632007141908, 0.008509191063543161, 0.005217171274125576, 0.0029669144035627446, 0.0029334222665056585, 0.001794963104960819, 0.0018845208532487353, 0.0014166261612748106, 0.0011963572236709298, 0.001261361474947383, 0.0008092372445389628, 0.0008603681887810429, 0.0008671929128468037, 0.0009048834753533204, 0.0007169999764300883, 0.0007440627863009771, 0.0007742763477532814, 0.0017051873922658463, 0.0011453476113577683, 0.0007632513452942173, 0.0006748184891572843, 0.0005951431269447009, 0.0004476618390375127, 0.0004904169317645331, 0.0004931438656058162, 0.0003373216139152646, 0.0004594778991304338, 0.0004744297165113191, 0.0005514014046639204, 0.0004070812254212797, 0.0004002717711652319, 0.00032606544555164875, 0.00030400508064000557, 0.00021818333868092548, 0.00024757334613241256, 0.000280576734803617, 0.0002124495590881755, 0.0002584751768154092, 0.0002366750695121785, 0.00015012284420663492, 0.00020409109711181373, 0.00015206012709919985]","[0.11376962251961231, 0.050935570150613785, 0.021660422440618277, 0.013844965491443872, 0.008308292832225561, 0.005569601198658347, 0.002627470181323588, 0.0017940176476258785, 0.0013935328461229801, 0.0021017306426074356, 0.0009774172795005143, 0.0007847196684451774, 0.0007437413441948593, 0.0005907143786316738, 0.0005766107933595777, 0.0006234582979232073, 0.0008290438854601234, 0.0005946597520960495, 0.00044754765985999256, 0.0007629099563928321, 0.005310061271302402, 0.0015445094904862344, 0.000642497165245004, 0.0006651176809100434, 0.000498084606078919, 0.0003180881540174596, 0.0004825121723115444, 0.0002650396781973541, 0.0002864592897822149, 0.0006290948658715934, 0.00039980324800126255, 0.00038482054515043274, 0.0003178164661221672, 0.00027408423557062633, 0.00018118605657946318, 0.0001694321763352491, 0.00014388364797923714, 0.00015280651132343337, 0.00016380492525058798, 0.00014241679855331313, 0.00014110597658145707, 0.00014592859588447027, 0.00011800938591477461, 0.000124874830362387, 0.00011213970174139831]",0.39609775313534623,0.6331318458173237,0.35936608757843375,0.7059965320853866,0.5088540752429983,0.9092167174093551,0.8888888888888884,0.564543508916994,0.8710593538573415,35.82511424203403,cuda
SVDB,253_SVDB_id_17_Medical_tr_17803_1st_17903,SG,resnet18_autoencoder_differential_lr,128,15,15,64,100,0.001,"[0.07382669299840927, 0.03612060522039731, 0.01947650990138451, 0.011114732672770819, 0.006776902296890815, 0.004405675316229462, 0.0028767497278749943, 0.0024060329267134267, 0.00174037820349137, 0.001516287587583065, 0.0010836329233522217, 0.0009467490444270273, 0.0009092160500586033, 0.0009591833998759588, 0.0007499774607519308, 0.0007874347754598906, 0.0005415554604648302, 0.0005314832262229175, 0.000542786930842946, 0.0005325316082841407, 0.00045862713207801186, 0.00041451797781822585, 0.00036145347985439, 0.00042982076411135495, 0.0003667566207392762, 0.00046749892256533104, 0.0003214711915158356, 0.0003450832465508332, 0.0004017639740292604, 0.0003173894501135995, 0.00033732210479987167, 0.00033856827940326184, 0.0003163877399250244, 0.00031578405566203097, 0.0003780455852393061, 0.00037239462641688685, 0.0003747108702858289]","[0.07799742929637432, 0.027408733498305082, 0.01371893030591309, 0.008554736850783229, 0.004881648113951087, 0.002994759881403297, 0.0020488726731855422, 0.003067839832510799, 0.0014053832273930311, 0.0011039659730158746, 0.000930443056859076, 0.0005866668652743101, 0.0007915534661151469, 0.0008057109662331641, 0.0005761921493103728, 0.00046750872570555657, 0.0005007666695746593, 0.00045731944555882365, 0.000350139984220732, 0.0003636001783888787, 0.0005493607750395313, 0.0002604899382276926, 0.0002618953694764059, 0.00041402729402761906, 0.00029128981987014413, 0.00027548839716473594, 0.00024338531875400804, 0.00031407771894009784, 0.0005509220209205523, 0.00024934155226219445, 0.00020524450883385725, 0.0003403446535230614, 0.0002297675091540441, 0.00024182505876524374, 0.00036150259256828576, 0.00025629872834542766, 0.0003622114018071443]",0.3830086492586108,0.613329437580098,0.3430070188435606,0.691175674110962,0.48486742308118075,0.9092167174093551,0.8888888888888884,0.5298152253371985,0.8898103747155081,31.12871265388094,cuda
SVDB,253_SVDB_id_17_Medical_tr_17803_1st_17903,SG,pvt_autoencoder_frozen,128,15,15,64,100,0.001,"[0.06624338154991467, 0.0304939237733682, 0.015541116707026958, 0.009252035773048799, 0.006034897609303395, 0.004099951544776559, 0.0026392132509499787, 0.0021201325192426643, 0.0016034078085795044, 0.0013527809564645092, 0.0011477789686371884, 0.0011122106186424693, 0.0008987236729202171, 0.0006878406857140362, 0.0006955696347480019, 0.0006282847044834246, 0.0006266566730725268, 0.0005238888552412391, 0.0006102706286280105, 0.0005637792404741049, 0.0005297126442504426, 0.00048252644677025577, 0.00046640035773937903, 0.00043531683816884953, 0.00046713725508501134, 0.00048571922816336154]","[0.0602954151108861, 0.01675621373578906, 0.010561279254034162, 0.007929741288535297, 0.005537727847695351, 0.0033369679586030543, 0.002138024807209149, 0.0019495403103064746, 0.0011906175932381302, 0.0012168560351710767, 0.0010652761557139456, 0.0008532774081686512, 0.000697338706231676, 0.0008498419774696231, 0.0005899467796552926, 0.00044340747263049707, 0.00044099621300119907, 0.0004159113304922357, 0.0004000121771241538, 0.00043972264393232763, 0.00041890617285389453, 0.00045048805623082444, 0.00037864133628318086, 0.00037250265449984, 0.000390872111893259, 0.00045161165326135233]",0.41647702405957293,0.6635254782000043,0.37856597970942346,0.7343588380948126,0.5095387097992745,0.9092167174093551,0.8888888888888884,0.48026427155575063,0.8969711003837376,22.268418268999085,cuda
SVDB,253_SVDB_id_17_Medical_tr_17803_1st_17903,SG,pvt_autoencoder_progressive_unfreeze,128,15,15,64,150,0.001,"[0.07065595636765162, 0.032800152276953064, 0.016171659901738168, 0.008858922527482112, 0.005534330196678638, 0.00370511575601995, 0.002681191824376583, 0.002160052947389583, 0.0017975172648827234, 0.0014707660768181086, 0.0011576201727924247, 0.0011338083500352998, 0.001016363858555754, 0.0008205895971817275, 0.0008223720670988162, 0.0008959980215877295, 0.00078322549816221, 0.0005862339593780537, 0.0005602698753743122, 0.0005747846211306751, 0.012642559455707669, 0.00434859236702323, 0.0021549358886356154, 0.0011234743637032808, 0.0007065034820698202, 0.0006579302193131298, 0.0006573026902818431]","[0.07025512494146824, 0.023835082072764635, 0.011149091646075249, 0.006815164000727236, 0.004623760818503797, 0.0032026023836806417, 0.0024493439705111086, 0.0020966769370716065, 0.0015588862879667431, 0.0012915978149976581, 0.0010248899488942698, 0.0009387058089487255, 0.000808482218417339, 0.00072083919076249, 0.0006755930226063356, 0.0006734702037647367, 0.0005351935542421415, 0.0005072255589766428, 0.00045026096631772816, 0.00047037426702445373, 0.007997557753697038, 0.003525767009705305, 0.0020142222056165338, 0.000600615909206681, 0.0011437216016929597, 0.0009969518578145653, 0.0005254448769846931]",0.4174428713052155,0.6647322319482578,0.37902465228214205,0.7334744571173764,0.517510272643035,0.9092167174093551,0.8888888888888884,0.4941561913553185,0.8927453136418884,25.551671765977517,cuda
SVDB,253_SVDB_id_17_Medical_tr_17803_1st_17903,SG,pvt_autoencoder_differential_lr,128,15,15,64,100,0.001,"[0.07253749693433444, 0.03245120731492837, 0.01643837367494901, 0.009673642025639613, 0.006631426823635896, 0.004874799509222308, 0.0036182004027068616, 0.002721369607994954, 0.002079830706740419, 0.0014974816547085842, 0.0011498592949161926, 0.001316204193669061, 0.0011777647693331044, 0.0009204506602448722, 0.0008462148485705257, 0.000686836710277324, 0.0008549062088908007, 0.0007917044723095994, 0.0008538340761636694, 0.0011262954018699627, 0.0007922870650266607, 0.0009055257755486916, 0.000746157377337416, 0.000536877514484028, 0.0007231170001129309, 0.0008198688738048077, 0.0007613367963737498, 0.0005351453379262239, 0.00042978071336013577, 0.00040344968050097426, 0.00044467911357060075, 0.00040635116941606006, 0.0004969979403540492, 0.0003018336147457982, 0.0003972775690878431, 0.0003191408575124418, 0.00037218212382867933, 0.0004484079816999535, 0.0004766508199584981, 0.00041295755460547904, 0.00032428076568370067, 0.0003098133951425552, 0.0003339105634950101]","[0.056876604445278645, 0.024710217490792274, 0.025254259817302227, 0.008482237346470356, 0.006248693913221359, 0.004521268419921398, 0.004445133439730853, 0.0023224103497341275, 0.0017397428746335208, 0.0029040962690487504, 0.0011053757916670293, 0.0010040204360848293, 0.0010880463669309393, 0.0009630249405745417, 0.0017437681090086699, 0.0011505234724609181, 0.0013676837843377143, 0.0010985561384586617, 0.0006749095336999744, 0.000979003554675728, 0.0007329609070438892, 0.008119428530335426, 0.0005502742278622463, 0.0003756921796593815, 0.004899679566733539, 0.001430388423614204, 0.0007235705998027697, 0.0004672918512369506, 0.0006134202267276123, 0.0005636791320284829, 0.00036879387334920466, 0.0004583800764521584, 0.0002568905874795746, 0.00025079931219806895, 0.00023924386186990887, 0.0003098786110058427, 0.0005525487358681858, 0.0005743116489611566, 0.0020912933396175504, 0.0008725161460461095, 0.00036010950861964375, 0.0001926378972711973, 0.00020633705571526662]",0.34631593016062573,0.6280010032663721,0.30425058320820086,0.6949218235573759,0.4403317561623144,0.9092167174093551,0.8888888888888884,0.48195703734322715,0.8649534499216577,49.068825267022476,cuda
SVDB,253_SVDB_id_17_Medical_tr_17803_1st_17903,GASF,cnn_autoencoder,128,15,15,64,150,0.001,"[0.1046540896097819, 0.07754367093245189, 0.05397907122969627, 0.036188161373138426, 0.02487220863501231, 0.018299862866600354, 0.014068099980552992, 0.011225356782476107, 0.009079234829793373, 0.00753816170617938, 0.006460797755668561, 0.005676312496264776, 0.004855806473642588, 0.0044592683048297966, 0.003915054816752672, 0.003441992991914352, 0.003196248241389791, 0.0028139505069702865, 0.0025372632934401434, 0.0023424677085131405, 0.0023940078526114425, 0.0021645225894947845, 0.0020755639066919684, 0.0020521872754519182, 0.0018315552733838558, 0.0018555878040691217, 0.0017409897331769268, 0.0017209935855741303, 0.0017005318232501546, 0.0017363840946927668, 0.0014530777310331662, 0.0013228055012101927, 0.0013415001099929213, 0.0013943145362039406, 0.0015072737665226062, 0.0012486545524249474, 0.0012092657775307695, 0.0011970539732525747, 0.0010847044875845313, 0.0010952179320156575, 0.001091541078252097, 0.001074374164454639, 0.0010684073204174638, 0.0011121873588611682, 0.001079251531821986, 0.0010412355419248342, 0.0010473833496992787, 0.0011073048575781287, 0.0010067513484197357, 0.00114101884731402, 0.0009765293061112364, 0.0008689579941953222, 0.0008229085089017947, 0.0009159420539314548, 0.0008205705399935444, 0.000822555657941848, 0.0008547631402810415, 0.0007533551077358424, 0.0008343745527478555, 0.0008104166326423486, 0.000769033112252752, 0.0008051601665404936, 0.0006953458728579183, 0.0007116018755671878, 0.0007396859155657391, 0.000751909811515361, 0.0006598391531345745, 0.0007129115479377409, 0.0006663579920617242, 0.0006402898793263982, 0.0006136762172294159, 0.0006033092795405537, 0.000648395459090049, 0.0006548520099992554, 0.0006874019124855598, 0.0006490386401613554, 0.0006353862855272989, 0.0005873671752245475, 0.000615049273862193, 0.0006020042928867042, 0.0005918401991948485, 0.0006472379046802719, 0.0005655032990034669, 0.0005400753056164831, 0.0006049943893837432, 0.0007640760857611894, 0.0006170209419603149, 0.0007439453348827859, 0.0007248864819606145, 0.0006115748818653325, 0.0005146738355203221, 0.000437941497269397, 0.0005092766970240821, 0.00042872813646681606, 0.0004537324343497554, 0.00045774023553046085, 0.00043268572771921755, 0.00047461744009827573, 0.0004957968330321212, 0.00042766211942459146, 0.00046911572765869397, 0.00043625539013495047, 0.00044247384066693486, 0.0003992510358026872, 0.0004140201897826046, 0.0004618947743438184, 0.0004051533779905488, 0.0004157640524984648, 0.00038127618026919665]","[0.09895516000688076, 0.06881817430257797, 0.044247817248106, 0.028871287126094103, 0.02080340776592493, 0.014798716641962528, 0.012394608464092016, 0.011615730822086334, 0.008851576130837202, 0.0082937718834728, 0.006079694605432451, 0.005311976652592421, 0.005664643715135753, 0.004333885037340224, 0.00391774281160906, 0.0036288118571974337, 0.0032089963788166642, 0.00301168963778764, 0.002907621907070279, 0.0025824251933954656, 0.0025551202706992626, 0.0025349142379127443, 0.0023950673057697713, 0.002333976561203599, 0.002399005927145481, 0.0023619954008609056, 0.001996487466385588, 0.0020543414284475148, 0.0025240115355700254, 0.0019126159604638815, 0.0018830033368431032, 0.0017923339910339564, 0.0016787587373983115, 0.0020959764369763434, 0.0016484179941471666, 0.0015853983641136438, 0.001534164126496762, 0.0016302333388011903, 0.0014454283518716693, 0.0014391537988558412, 0.0015302453830372542, 0.0014206077612470835, 0.0014667019713670015, 0.0014507122687064111, 0.0013628436427097768, 0.0014470359310507774, 0.001462680520489812, 0.001577366521814838, 0.0013426042860373855, 0.0014413139142561704, 0.0013318508863449097, 0.0012360275286482647, 0.0013170450692996383, 0.0012849630147684366, 0.0011490673932712525, 0.0011374870082363486, 0.0012065765331499279, 0.0011785825772676617, 0.001141531640314497, 0.0011773404985433444, 0.0011252325639361516, 0.0011624891922110692, 0.001102857873775065, 0.001188073365483433, 0.0010650727635947987, 0.0011052899644710124, 0.001093985076295212, 0.0010735782125266269, 0.0011080120457336307, 0.0010322601592633873, 0.0010204546560999006, 0.0009609381668269634, 0.0010237976675853133, 0.001041442301357165, 0.0010082888911711052, 0.0011647613573586568, 0.0010308195487596095, 0.0009460211294936016, 0.0009768299933057278, 0.0011454549385234714, 0.0009276345517719164, 0.0009406278695678338, 0.0009598019096301869, 0.0009005576139315963, 0.0009722030517878011, 0.0010167207656195387, 0.000940981088206172, 0.0010467185638844967, 0.0010586445569060743, 0.0009095532295759767, 0.0008424094849033281, 0.000809207878774032, 0.0008270354446722195, 0.0007993642066139728, 0.000805853254860267, 0.0008051878394326195, 0.0008023467671591789, 0.000926729422644712, 0.0008119817503029481, 0.0008034739876165986, 0.0007972444727784023, 0.000770011858548969, 0.0007832372357370332, 0.0007793920813128352, 0.0007841296028345823, 0.0008243201882578433, 0.0007662808493478224, 0.0007947675476316363, 0.0007628112944075838]",0.04010283496695924,0.4691727297510165,0.04566733194734669,0.5630172749942156,0.06763393782470119,0.37643398794477934,0.1959183673469385,0.06463162891287216,0.6906607996745966,79.45518251089379,cuda
SVDB,253_SVDB_id_17_Medical_tr_17803_1st_17903,GASF,resnet18_autoencoder_frozen,128,15,15,64,100,0.001,"[0.10822763741016388, 0.09077904373407364, 0.06994203925132751, 0.04940971434116363, 0.03855608652035395, 0.032732971881826715, 0.028539359072844186, 0.025420492763320604, 0.022467018539706864, 0.020913155501087508, 0.018828073081870875, 0.01863740955789884, 0.016938431933522225, 0.016584131059547265, 0.015491865016520024, 0.01451678058753411, 0.014696648220221202, 0.013180350884795189, 0.01248248697568973, 0.011741330226262411, 0.011220420400301615, 0.011267592385411262, 0.01095126656194528, 0.009887995632986228, 0.009695155670245488, 0.008617925519744555, 0.007989889848977328, 0.008486177151401838, 0.007601755391806364]","[0.10266918875277042, 0.08942770026624203, 0.06689226999878883, 0.05794380884617567, 0.04556603077799082, 0.040575193241238594, 0.03258374705910683, 0.030167833901941776, 0.027862561400979757, 0.02892191894352436, 0.02711646817624569, 0.027382825035601854, 0.026406004559248686, 0.027513933833688498, 0.027029961347579956, 0.026422664523124695, 0.026119825430214405, 0.02717640809714794, 0.025147457141429186, 0.025635347701609135, 0.02523223217576742, 0.02643404481932521, 0.02674308279529214, 0.02617798186838627, 0.025551693979650736, 0.025560460053384304, 0.02576814079657197, 0.025671065784990788, 0.02534322440624237]",0.03858805728092714,0.513251839802751,0.051273987312015094,0.5997484387892683,0.07196534081946998,0.49717138103161396,0.12462908011869385,0.08283931653177357,0.6934679888783142,23.076091869035736,cuda
SVDB,253_SVDB_id_17_Medical_tr_17803_1st_17903,GASF,resnet18_autoencoder_progressive_unfreeze,128,15,15,64,150,0.001,"[0.10049212525288263, 0.07035318985581399, 0.05036299775044124, 0.038512960573037464, 0.03176007593671481, 0.026900363340973853, 0.02416924772163232, 0.02285082588593165, 0.019705546274781226, 0.01753870037694772, 0.01603745445609093, 0.015264409345885117, 0.014705458966394266, 0.013411221839487553, 0.013356612126032511, 0.012681989495952924, 0.011996046267449855, 0.011731543329854805, 0.011059560067951679, 0.009904312373449405, 0.014088102988898754, 0.01363445185124874, 0.01116508183379968, 0.00930349292854468, 0.008108114202817282, 0.0073069260766108835, 0.0063778452885647615, 0.0057975411104659235, 0.005629200395196677, 0.004999212455004454, 0.0045309077948331835, 0.004278420951838295, 0.003944070280219118, 0.003849712961042921, 0.0034791933838278057, 0.00330316093750298, 0.0031033325629929703, 0.003173586865887046, 0.002915884709606568, 0.00284321087722977, 0.0027441172550121944, 0.0025827359252919755, 0.002541843506818016, 0.0024087447905912994, 0.0021541593208288154, 0.0019837613760804135, 0.00188875418001165, 0.0018686434874931972, 0.0018170723148311179, 0.0017372372249762217, 0.0016731311722348134, 0.0015866441341737907, 0.0014663364505395292, 0.0015204295593624314, 0.0014979580106834571, 0.0014366991429900129, 0.0013013147283345461, 0.0011213369201868773, 0.0010862983607997498, 0.0009842998697422445, 0.0010861645918339492, 0.0009782958310097455, 0.0009510714133890967, 0.0008871668057205776, 0.0008953188817637663, 0.000882043883514901, 0.0008526738073366384]","[0.09712793305516243, 0.06489383988082409, 0.05568039417266846, 0.04845221247524023, 0.042153376154601574, 0.03385445801541209, 0.030059595592319965, 0.028594069182872772, 0.027078060433268547, 0.02675620373338461, 0.026619650423526764, 0.02812175825238228, 0.026626798789948225, 0.026315294671803713, 0.026827595196664333, 0.025900092907249928, 0.026910999789834023, 0.02576826885342598, 0.02625107578933239, 0.025878035463392735, 0.0256525413133204, 0.021896683145314455, 0.01933259889483452, 0.01896390481851995, 0.02030568476766348, 0.018526415107771754, 0.01831364748068154, 0.018361210357397795, 0.018066671211272478, 0.018304514000192285, 0.018100073328241706, 0.018527750624343753, 0.017995601054280996, 0.01784753194078803, 0.017727060010656714, 0.018106791889294982, 0.01742289145477116, 0.017515671672299504, 0.01758796046487987, 0.01765545248053968, 0.017669329419732094, 0.017249102937057614, 0.016852891771122813, 0.017177157336845994, 0.016932331025600433, 0.01686969120055437, 0.017086103092879057, 0.0168259022757411, 0.016862161923199892, 0.016412008088082075, 0.017000835156068206, 0.01682747434824705, 0.016654291888698936, 0.016994200414046645, 0.016779749654233456, 0.0164902089163661, 0.016201182967051864, 0.016564602497965097, 0.016216381220147014, 0.01644314150325954, 0.016452289652079344, 0.01654637884348631, 0.01669016294181347, 0.016621274407953024, 0.016527125611901283, 0.016520959325134754, 0.016552832443267107]",0.037993960449025185,0.5307579589962101,0.05152660013242551,0.6157976959774555,0.07683481445347058,0.35815652662638753,0.14864048338368532,0.07380616423888477,0.6984910659470893,56.455946604022756,cuda
SVDB,253_SVDB_id_17_Medical_tr_17803_1st_17903,GASF,resnet18_autoencoder_differential_lr,128,15,15,64,100,0.001,"[0.08871058821678161, 0.054019975413878756, 0.035468479990959166, 0.025102404008309046, 0.01958622597157955, 0.017118832344810167, 0.01488444625089566, 0.013573317167659601, 0.012434166359404723, 0.011308711394667626, 0.01093597865353028, 0.01021129476527373, 0.009609024040400982, 0.00900915302336216, 0.008553828143825134, 0.008222612335036199, 0.00779702231908838, 0.007483405930300554, 0.00712155249590675, 0.006723669109245141, 0.0065987560587624705, 0.006187643203884363, 0.005879349385698636, 0.00544474401200811, 0.005273531656712294, 0.005134103850771983, 0.004948017156372468, 0.00474158317471544, 0.004314477990070979, 0.004214384515459339, 0.0041849542719622455, 0.003512091872592767, 0.0030429979475835958, 0.0030883704622586567, 0.0027806436022122702, 0.002583535403634111, 0.0025146683988471826, 0.002683674497529864, 0.002395672087247173, 0.0022827713129421074, 0.0023462844857325155, 0.002148191739494602, 0.002120631296808521, 0.0020112242239216965, 0.0019095802136386434]","[0.08822666294872761, 0.04514523223042488, 0.029833225067704916, 0.02346022892743349, 0.019075642339885235, 0.017107705119997263, 0.01507864031009376, 0.013809598283842206, 0.013580861268565059, 0.013561398722231388, 0.013118090806528926, 0.01274547423236072, 0.012543335324153304, 0.011876753065735102, 0.011824165470898151, 0.01123759732581675, 0.011848118854686618, 0.011309443973004818, 0.011119016911834478, 0.01136008626781404, 0.011312845861539245, 0.011081881821155548, 0.010950861033052206, 0.010832861298695207, 0.010740203084424138, 0.011299144243821502, 0.011167521821334958, 0.010817081667482853, 0.010861421935260296, 0.010774906491860747, 0.011056806426495314, 0.010350591037422419, 0.010061708046123385, 0.010018102824687958, 0.009852835442870855, 0.01006593694910407, 0.010120228864252567, 0.010286335367709398, 0.01020161621272564, 0.010184122482314706, 0.010275318752974272, 0.009952957043424249, 0.010133272502571344, 0.01010471093468368, 0.010029024444520473]",0.043684979911894656,0.507881662086457,0.0488278748913228,0.5972254851890019,0.07427388910512743,0.3735581188997338,0.16941176470588187,0.07209831365294861,0.6915747620570338,39.753725223010406,cuda
SVDB,253_SVDB_id_17_Medical_tr_17803_1st_17903,GASF,pvt_autoencoder_frozen,128,15,15,64,100,0.001,"[0.0961258813738823, 0.0672754521171252, 0.04904658744732539, 0.03787267083923022, 0.029273773729801177, 0.023158233240246774, 0.01949056573212147, 0.01690679360181093, 0.014982259459793567, 0.013576571457087993, 0.01233242421100537, 0.01138153945406278, 0.010397110693156719, 0.00952889226997892, 0.008791564994802077, 0.008206990795830886, 0.007569983073820671, 0.007106085245807966, 0.0064686579319338, 0.005996986820052067, 0.005164883596201738, 0.004586851876229048, 0.004147531899313132, 0.003849679557606578]","[0.08818881399929523, 0.05486178491264582, 0.043501198291778564, 0.03351454436779022, 0.02861255407333374, 0.02647430868819356, 0.02397952089086175, 0.022600984666496515, 0.02157800877466798, 0.021715537179261446, 0.020628463011235, 0.021844074595719576, 0.020804496482014656, 0.02047983044758439, 0.021427791565656662, 0.020607924088835716, 0.021123838610947132, 0.02081893663853407, 0.020914604421705008, 0.021429906599223614, 0.020691909827291965, 0.02044605929404497, 0.021040848456323147, 0.021015241276472807]",0.0431529733470524,0.5214090970215928,0.05302135141977221,0.6110716254013342,0.0764677052174527,0.40546738831299883,0.17417721518987292,0.08556232484243653,0.692266248087199,21.285964902024716,cuda
SVDB,253_SVDB_id_17_Medical_tr_17803_1st_17903,GASF,pvt_autoencoder_progressive_unfreeze,128,15,15,64,150,0.001,"[0.09977863828341166, 0.06237569550673167, 0.04135081643859546, 0.02969352900981903, 0.02280916025241216, 0.01945794659356276, 0.0169029900804162, 0.014765943338473638, 0.013518432714045047, 0.012193309081097444, 0.011162190449734528, 0.010147608257830143, 0.009455871302634478, 0.008757426744947831, 0.008292057737708091, 0.007564565446227789, 0.007164044460902612, 0.006290736111501853, 0.005600307323038578, 0.005108131344119708, 0.025678954335550466]","[0.09852110408246517, 0.04967109393328428, 0.03617649246007204, 0.029677305836230516, 0.025335396640002728, 0.025442165322601795, 0.022033819928765297, 0.021101726684719324, 0.02134438371285796, 0.020898778457194567, 0.01985596725717187, 0.021119909826666117, 0.02022931119427085, 0.020631480496376753, 0.02073059882968664, 0.02057897439226508, 0.0201291898265481, 0.020352831576019526, 0.020199918653815985, 0.020202272571623325, 0.021027278155088425]",0.03879889186832482,0.5081087229949067,0.05056870217816497,0.5970349475025489,0.07173335661782339,0.4159471813103098,0.15530474040632006,0.07353060296696882,0.6908904125158914,18.932826100848615,cuda
SVDB,253_SVDB_id_17_Medical_tr_17803_1st_17903,GASF,pvt_autoencoder_differential_lr,128,15,15,64,100,0.001,"[0.08707929526766141, 0.046857236822446184, 0.030640507489442824, 0.022255520895123483, 0.01737494207918644, 0.014506660712261995, 0.012707468743125597, 0.01172757459183534, 0.01100708395242691, 0.010530914117892583, 0.009596606406072775, 0.00908328474809726, 0.00878493341927727, 0.008269758770863216, 0.007834897842258215, 0.0074291681870818135, 0.00699007511138916, 0.0065218086043993635, 0.006235687900334597, 0.0060095415761073434, 0.005746542972822984, 0.005499578826129436, 0.005155007882664601, 0.004875520958254735, 0.004746940343951186, 0.004623717131714026, 0.004233944788575172, 0.00382489951637884, 0.0037111031046758096, 0.0037264020647853613, 0.0037474076884488265, 0.0033982060694446167, 0.0030929438304156064, 0.0029818028832475345, 0.0029365585030366975, 0.002897784672677517, 0.0027177508144328993, 0.0026864909256498017, 0.0025139767210930588, 0.002303786513706048, 0.002220262012754877, 0.001968932842525343, 0.001857799260566632, 0.0019410794290403526, 0.0019185264517242709, 0.001827436281989018, 0.0018943502567708493]","[0.08434122800827026, 0.038630965165793896, 0.025569274090230465, 0.020222800783813, 0.016196022275835276, 0.014091738034039736, 0.012917240848764777, 0.012203639140352607, 0.011842983542010188, 0.011454130988568068, 0.010747609660029411, 0.010444206651300192, 0.01043561240658164, 0.009652793174609542, 0.009870857233181596, 0.009044402744621038, 0.009130715858191252, 0.009127999423071742, 0.008848741883412004, 0.008892753161489964, 0.008958766120485961, 0.008888812735676765, 0.008801837335340679, 0.008882954251021147, 0.008832151303067803, 0.008808162761852145, 0.008345620008185506, 0.008234829758293927, 0.0085726905381307, 0.008550157304853201, 0.008946800953708589, 0.008719340548850596, 0.008289642632007599, 0.008192098001018167, 0.008535799686796963, 0.00895062298513949, 0.007888780208304524, 0.008519732858985662, 0.007878453005105257, 0.008278095512650907, 0.007893356261774898, 0.007850288762710989, 0.008009453304111958, 0.008014482795260847, 0.007802939158864319, 0.00805123639293015, 0.007944719633087516]",0.045266304904690614,0.5023667270714547,0.04869436040562946,0.5912956439373316,0.07242426097641023,0.366038189023658,0.22719033232628358,0.07624518882548144,0.6901495695533422,55.20260091498494,cuda
SVDB,253_SVDB_id_17_Medical_tr_17803_1st_17903,GADF,cnn_autoencoder,128,15,15,64,150,0.001,"[0.08559359808762869, 0.05384329160054525, 0.03270394876599312, 0.020869854589303335, 0.014581930389006932, 0.010736595032115777, 0.008206660704066357, 0.006626741463939349, 0.005512648603568474, 0.004717970825731754, 0.004088291386142373, 0.0035150637850165367, 0.003049652200813095, 0.0026849279335389533, 0.0023889009840786456, 0.002173578095001479, 0.002001745665135483, 0.0018324036228780946, 0.001710253581404686, 0.0015918899948398272, 0.001503585969718794, 0.0014240020886063577, 0.0013401667199408015, 0.0012760820100083947, 0.0012271562280754247, 0.0011638298708324631, 0.0011385457512612144, 0.0010845390032045543, 0.0010739434859715403, 0.0010333593663138648, 0.0010423364078936477, 0.001000039337668568, 0.001015240807707111, 0.0009623663305925826, 0.0008688268562157948, 0.0008538364626777668, 0.0008269067194002371, 0.0008319314879675706, 0.0007833683164790272, 0.0007791092037223279, 0.000773724742854635, 0.0007863851729780436, 0.0007365334196947515, 0.0007044015258240203, 0.0007313577691093088, 0.0007412881862061719, 0.0007009340877023836, 0.0006680433832419415, 0.0006585482857190073, 0.0006416890071704983, 0.0006156985609171291, 0.0006129186639251808, 0.0006095691195999582, 0.0005829107753622035, 0.0005561135127209127, 0.0005485546193085611, 0.0005749753637549778, 0.0005454992409795522, 0.0005762003905450305, 0.0005234122877785315, 0.000514519092394039, 0.0005359699988427262, 0.0005230670950065057, 0.0005297448854738226, 0.0005367640541711201, 0.000552498009831955, 0.00047349412731515866, 0.00044376620013887683, 0.00043503244135839245, 0.00041388840569804114, 0.00040243349503725766, 0.0003905693864605079, 0.00039529885980300606, 0.00038898165609377127, 0.0003879510118470838, 0.00038096843636594715, 0.00037665265845134856, 0.0003712172833426545, 0.0003848778840620071, 0.00037878572281139594, 0.0003702052558461825, 0.00037393058689000704, 0.00037545467688081166, 0.00036398352046186725]","[0.08182273991405964, 0.04711710475385189, 0.029659654013812542, 0.019199760630726814, 0.013013564981520176, 0.010187963722273707, 0.008099433965981007, 0.006100918282754719, 0.005403561401180923, 0.004790459875948727, 0.0042484248406253755, 0.003567830251995474, 0.00320374226430431, 0.0028143299859948456, 0.0026662214077077806, 0.002463454147800803, 0.0022382979514077306, 0.00220340266241692, 0.0022838108707219362, 0.0018902553711086512, 0.0017620108264964074, 0.001699688844382763, 0.0016452378185931593, 0.0015889770002104342, 0.0015569874085485935, 0.0014615516411140561, 0.001424252288416028, 0.0013520272332243621, 0.0014357774052768946, 0.001403912785463035, 0.0013281709689181298, 0.0013189575402066112, 0.0013297516270540655, 0.0012370649201329798, 0.0012097955186618492, 0.0011800118372775614, 0.0011662513570627198, 0.0011696299479808658, 0.0010898348409682512, 0.0010783845063997433, 0.0011297515593469143, 0.0010588205477688462, 0.0010323772148694843, 0.0010315733379684389, 0.0010842964111361653, 0.0010477591131348163, 0.0009950712556019425, 0.0009649541170801967, 0.0010675929224817082, 0.0009483876929152757, 0.0009066404745681211, 0.000933567775064148, 0.0009268651774618775, 0.0008766131504671648, 0.0008759476622799411, 0.0008805831021163613, 0.0008518306567566469, 0.000843134883325547, 0.000866309434059076, 0.0008371525473194197, 0.0009029679640661925, 0.0009105727804126218, 0.0009172417921945453, 0.0008829870057525113, 0.0008523479191353545, 0.0008524230361217633, 0.0007531585288234055, 0.0007766858761897311, 0.0007322675664909184, 0.0007160599925555289, 0.000717282178811729, 0.0007022676436463371, 0.0007039297925075516, 0.0007042339420877397, 0.0006973152922000736, 0.0007063421071507037, 0.0007079966162564233, 0.0007065047539072111, 0.0007037438481347635, 0.0006842464936198667, 0.0006794120708946139, 0.0006846438482170925, 0.0007217309612315148, 0.0006734504131600261]",0.034850131023611314,0.5048387264462708,0.04767798997500587,0.5937679406261882,0.07653064724070417,0.3831298961559483,0.11005291005290961,0.07853684145606633,0.6911023041023908,61.700641819043085,cuda
SVDB,253_SVDB_id_17_Medical_tr_17803_1st_17903,GADF,resnet18_autoencoder_frozen,128,15,15,64,100,0.001,"[0.09703348278999328, 0.09108193963766098, 0.0781924456357956, 0.05945816536744435, 0.041639901945988336, 0.03133545219898224, 0.02934307704369227, 0.025366665919621785, 0.02268661024669806, 0.0209076389670372, 0.01905375123023987, 0.018100647504131, 0.017394674196839332, 0.016398441481093564, 0.0151368693759044, 0.015513321819404761, 0.013972518593072891, 0.013129036501049995, 0.012806359864771365, 0.012030421073238056, 0.012051947290698688, 0.011174448393285274, 0.011092493496835231, 0.010500202886760235, 0.010457130707800388, 0.009692462968329589, 0.009853469052662453, 0.008465794039269288, 0.007780941699941953, 0.007421980456759532, 0.007081015966832638]","[0.09414013288915157, 0.09178400039672852, 0.08177865110337734, 0.056240092031657696, 0.04504942987114191, 0.03745547495782375, 0.03702798672020435, 0.03334047179669142, 0.03184280078858137, 0.029185526072978973, 0.02834981819614768, 0.027252170257270336, 0.027113815303891897, 0.02736620418727398, 0.028724088799208403, 0.02690417319536209, 0.026049031876027584, 0.026623910292983055, 0.026619752403348684, 0.025663229636847973, 0.02465274464339018, 0.02509208768606186, 0.02552572125568986, 0.02538957493379712, 0.027048030402511358, 0.02597604924812913, 0.025674806907773018, 0.025819594506174326, 0.025557637680321932, 0.025455772876739502, 0.025125999934971333]",0.05040195642394892,0.5808035138638011,0.06044118334738932,0.6596778456071806,0.08413878432276936,0.45207080828323315,0.22098501070663762,0.10013350357622854,0.7231701557978572,24.99529094598256,cuda
SVDB,253_SVDB_id_17_Medical_tr_17803_1st_17903,GADF,resnet18_autoencoder_progressive_unfreeze,128,15,15,64,150,0.001,"[0.09757695694764455, 0.09246529837449392, 0.09121316621700923, 0.08419651091098786, 0.05932748739918073, 0.041606946289539336, 0.03487763578693072, 0.02902035377919674, 0.026790944611032805, 0.02292387423415979, 0.020955498889088632, 0.019550315042336782, 0.01824912056326866, 0.017422534277041754, 0.017474816367030143, 0.014899127868314583, 0.013948567894597847, 0.013249785763521989, 0.012698152040441831, 0.012647709933420022, 0.015264649751285712, 0.015040855420132478, 0.012913027157386145, 0.010841467169423897, 0.00966324396431446, 0.008737162500619889, 0.008034949749708175, 0.00740287114555637, 0.0070142309491833055, 0.006511692609637976, 0.006071875554819902, 0.00573710131769379, 0.0053291428523759045, 0.004951135441660881, 0.004524085888018211, 0.004339963120097916, 0.004041742129872242, 0.0037190469292302927, 0.003267383777226011, 0.0030734656068185967]","[0.09420769847929478, 0.09374347142875195, 0.09353444166481495, 0.08676848746836185, 0.05411042086780071, 0.04275313299149275, 0.037226470187306404, 0.03826632723212242, 0.030652844812721014, 0.029492584988474846, 0.027093512937426567, 0.02729886630550027, 0.027493698056787252, 0.025528299622237682, 0.02668465068563819, 0.025764383375644684, 0.02561504626646638, 0.024930447340011597, 0.025907746981829405, 0.02533229487016797, 0.02520953305065632, 0.021315458696335554, 0.018309181090444326, 0.017981698969379067, 0.016458286670967937, 0.016737194964662194, 0.016452156007289886, 0.016135665588080883, 0.016256338683888316, 0.015961454017087817, 0.015923121012747288, 0.016410772455856204, 0.01603072532452643, 0.01598086697049439, 0.016190569382160902, 0.016502788988873363, 0.016884695738554, 0.016078183194622397, 0.01615725178271532, 0.015868040500208735]",0.04309342243901948,0.5733059419061102,0.05722639881022468,0.6529897244713796,0.08407515843497006,0.4018349939072468,0.13405994550408667,0.0701210691473702,0.7004616157381922,33.70221459493041,cuda
SVDB,253_SVDB_id_17_Medical_tr_17803_1st_17903,GADF,resnet18_autoencoder_differential_lr,128,15,15,64,100,0.001,"[0.09421114921569824, 0.07391904791196187, 0.06441261967023214, 0.05572119678060214, 0.032338555157184604, 0.023328267410397528, 0.019713610162337622, 0.017269440678258738, 0.015947073449691138, 0.015386278803149859, 0.014721193971733252, 0.014339943478504816, 0.013739036582410335, 0.012355859577655792, 0.012127732795973619, 0.011831502988934517, 0.011416918784379958, 0.010653911344707011, 0.010069773842891058, 0.009628850066413482, 0.009481972580154737, 0.009101110914101204, 0.008563456404954196, 0.00840474534779787, 0.007968251158793767, 0.0077888363040983675, 0.007741681517412265, 0.007562068942934275, 0.007375802317013343, 0.007260610970358054, 0.00701742268477877, 0.006958528111378352, 0.006730373048533996, 0.006694062861303488, 0.00645826638986667, 0.006107673794031143, 0.005940337510158618, 0.005555482705434164, 0.005498865339905024, 0.005372955308606227, 0.004977953433990478, 0.004617220380653938, 0.004392514750361442, 0.004313368039826552, 0.004083251037324469, 0.0038811969105154278, 0.0036787910076479116, 0.003683222395678361, 0.003472758006925384, 0.0032725066722681124, 0.003204218422373136, 0.003005069214850664, 0.0029755592501411834, 0.0028615972958505155, 0.002950968531270822, 0.0028855813667178153, 0.0026946146972477436, 0.00228476175883164, 0.002067409378166, 0.0019993710176398356, 0.0019282264091695347, 0.0018659814959391952, 0.0018462487185994783, 0.0017639330898722013, 0.001709404238499701, 0.0016828141019990047, 0.0017001640750095247, 0.0016526985680684447, 0.001557826801824073, 0.0015684923933198054, 0.0015460754356657466, 0.0015056998856986562, 0.0014793956652283669, 0.0014211297733709217, 0.001353316909323136, 0.0013699560814226667]","[0.09153818152844906, 0.06348892487585545, 0.05732754711061716, 0.0591235626488924, 0.023914677556604147, 0.019709216430783272, 0.017804140225052834, 0.016555342357605696, 0.015444436809048057, 0.014829511288553476, 0.014980292646214366, 0.01409014267846942, 0.01333336066454649, 0.013007233617827296, 0.012854518368840218, 0.012437538476660848, 0.011923287529498339, 0.011930025415495038, 0.01148492842912674, 0.011226206785067916, 0.010735431220382452, 0.010598652064800262, 0.01030553667806089, 0.010154837975278497, 0.01004471885971725, 0.010050303302705288, 0.01007059752009809, 0.009896796429529786, 0.009795555379241705, 0.010139434132725, 0.009789539501070976, 0.010026848642155528, 0.009861303959041834, 0.01015671668574214, 0.010018472792580724, 0.009753656224347651, 0.009647818049415946, 0.009910151129588485, 0.009689069003798068, 0.009946362115442753, 0.009512441698461771, 0.009353801840916276, 0.009382202522829175, 0.009317022399045527, 0.009327413747087121, 0.009193270816467702, 0.00947174325119704, 0.009281213046051562, 0.009445004630833864, 0.009310655994340777, 0.009090438717976213, 0.009292821981944144, 0.009092239197343588, 0.009186733979731798, 0.009215030004270375, 0.009323805687017739, 0.009158253902569413, 0.008878912776708603, 0.008866386720910668, 0.008948854519985616, 0.008799317060038447, 0.00887180061545223, 0.00881324801594019, 0.008922297740355134, 0.008915927028283477, 0.0087346734944731, 0.008873742306604981, 0.008969741524197161, 0.008894288330338895, 0.008805636665783823, 0.008873517625033855, 0.0087024443782866, 0.008759742020629346, 0.008808757411316037, 0.008676455821841955, 0.008759436663240194]",0.04037888829949856,0.5683541292935472,0.05299776656618579,0.6450995419823257,0.08576713393102987,0.392440073755378,0.09670329670329622,0.07288387623474918,0.7049946753099345,67.18661297298968,cuda
SVDB,253_SVDB_id_17_Medical_tr_17803_1st_17903,GADF,pvt_autoencoder_frozen,128,15,15,64,100,0.001,"[0.09594088147083918, 0.08793837030728659, 0.0625631387035052, 0.03935531179110209, 0.029140324890613557, 0.02479875845213731, 0.022089999417463937, 0.019085928238928317, 0.016878168967862924, 0.01605591146896283, 0.014822906255722046, 0.013854941663642725, 0.012940374389290809, 0.01222010509421428, 0.011140821687877177, 0.010399970598518849, 0.009787211349854866, 0.009181813212732474, 0.008692471248408159, 0.008240604276458422, 0.007406849383066098, 0.006821512306729952, 0.006311395050336917, 0.005864370365937551]","[0.09419113770127296, 0.08276580087840557, 0.05208372883498669, 0.03890202660113573, 0.03135779406875372, 0.027191717643290758, 0.025551400613039732, 0.02366956928744912, 0.022627141792327166, 0.022808336187154055, 0.022068689111620188, 0.02119796583428979, 0.021065099630504847, 0.02065354259684682, 0.021054562646895647, 0.02124911965802312, 0.020929494872689247, 0.02102022711187601, 0.021567481569945812, 0.021446568425744772, 0.021020159125328064, 0.02078749518841505, 0.020837426651269197, 0.02120584575459361]",0.10393465613294281,0.6006249675161885,0.09531208848848349,0.6851377381738925,0.1463364828792439,0.7674312968430616,0.536585365853658,0.23065513498199558,0.7754193369986639,21.504644686821848,cuda
SVDB,253_SVDB_id_17_Medical_tr_17803_1st_17903,GADF,pvt_autoencoder_progressive_unfreeze,128,15,15,64,150,0.001,"[0.09528347750504812, 0.07455713897943497, 0.046122565120458606, 0.03127811948458354, 0.024852283174792926, 0.020967132598161697, 0.018476276099681853, 0.016627553664147855, 0.01497547458857298, 0.013726880215108395, 0.012643388037880262, 0.01186996791511774, 0.011177479724089305, 0.010501111671328545, 0.009706944413483142, 0.009375755737225214, 0.008890513516962528, 0.007973619860907395, 0.0071489950952430565, 0.006661398739864429, 0.03468660389383634, 0.016416748240590095, 0.012725172378122807, 0.010950584647556145, 0.009727791013816992, 0.008782836981117726, 0.007979476110388834, 0.007173926196992397, 0.0065837811678648, 0.005938576813787222, 0.005479723277191321, 0.0050831799705823265, 0.004742734661946694, 0.0044240147961924475, 0.003798575031881531, 0.003393577861910065, 0.0031561664305627345, 0.0029619653864453237]","[0.09132230840623379, 0.05901431571692228, 0.03633639216423035, 0.03010252071544528, 0.02741516614332795, 0.025391683913767338, 0.025476624257862568, 0.022863278165459633, 0.023481234908103943, 0.021940977778285742, 0.021911408752202988, 0.022259216755628586, 0.022274286951869726, 0.0217541279271245, 0.02225429704412818, 0.023213166277855635, 0.021841607987880707, 0.022567202802747488, 0.022551710717380047, 0.022388021927326918, 0.023156391456723213, 0.01581377792172134, 0.013359851436689496, 0.013063306454569101, 0.012722062645480037, 0.01238084165379405, 0.012301821494475007, 0.011941603850573301, 0.012289701262488961, 0.012469890294596553, 0.012408337090164423, 0.012537701055407524, 0.012382292654365301, 0.012527860701084137, 0.012267542071640491, 0.01239055790938437, 0.012384069850668311, 0.012360549066215754]",0.03770058097807665,0.5523701919335078,0.052944146412165986,0.6377652238863291,0.08502835175623742,0.3900983712304467,0.08514225500526862,0.0750470938176762,0.7020929001992947,38.59483196795918,cuda
SVDB,253_SVDB_id_17_Medical_tr_17803_1st_17903,GADF,pvt_autoencoder_differential_lr,128,15,15,64,100,0.001,"[0.09650453130404155, 0.09269730200370153, 0.08895593682924906, 0.07412238419055939, 0.05368450159827868, 0.031084234019120534, 0.0232154555618763, 0.020075097680091858, 0.01715232295294603, 0.015774808824062347, 0.0146383094911774, 0.014037262213726838, 0.013162594971557457, 0.012110586588581404, 0.011169822265704473, 0.010727997807164987, 0.01023057649532954, 0.00983125139027834, 0.00953733567148447, 0.009081076054523388, 0.008492406457662582, 0.008158353033165137, 0.007975386672963698, 0.00820333966985345, 0.007882417210688194, 0.007414289688070615, 0.0070375897300740085, 0.0068366030541559064, 0.006608363427221775, 0.006217331935962041, 0.006145470899840196, 0.0059049623707930245, 0.005546635451416175, 0.005467418084541957, 0.0053005817967156565, 0.0049652673304080965, 0.004685774957761168, 0.004566803574562073, 0.004425279144197702, 0.004226485500112176, 0.00400643286605676, 0.0037844853320469457, 0.003632565448060632, 0.0035381564560035867, 0.0033164740540087222, 0.0031103276647627353, 0.002994128689169884, 0.0028482514278342324, 0.0027331965509802105, 0.0026171733004351455, 0.002489685267210007, 0.002379246785615881, 0.002245469018816948, 0.0021219842912008364, 0.002056140157704552, 0.001970353559590876, 0.001982494319478671, 0.001871298315624396, 0.001785973731117944, 0.001802784251049161, 0.0018533162927875915, 0.0017375768550361196, 0.0016487936566894252, 0.0016307048266753555, 0.0013837701796243589, 0.0011344895542909701, 0.0010547814541496336, 0.0010050620728482803, 0.0009735318987319866, 0.0009454225849670669, 0.0009310489093574385, 0.0009048851594949762, 0.0008967013253519933, 0.0008589340063432853, 0.0008377595843436817]","[0.09513634257018566, 0.09328151680529118, 0.0838424302637577, 0.061763275414705276, 0.040442705154418945, 0.026194386649876833, 0.02201542118564248, 0.018804078921675682, 0.017152595333755016, 0.015531482174992561, 0.015631774673238397, 0.014554136665537953, 0.013539217412471771, 0.012599194422364235, 0.011821607826277614, 0.012381077511236072, 0.011197402607649565, 0.010548170190304518, 0.010434902738779783, 0.009963389951735735, 0.009823033818975091, 0.00947319041006267, 0.009479683125391603, 0.009978292742744088, 0.009085392812266946, 0.008975362870842218, 0.008887190138921142, 0.008806670433841646, 0.008597652427852154, 0.00835267046932131, 0.008757795207202435, 0.008437347132712603, 0.0085992650128901, 0.008374960976652801, 0.00831949699204415, 0.008152190479449928, 0.008196911890991032, 0.00824049732182175, 0.008102155872620642, 0.008232701919041574, 0.008160968660376966, 0.007933349348604679, 0.007969965343363583, 0.007931423373520374, 0.007977491593919694, 0.007733411155641079, 0.007849138113670051, 0.007976620807312429, 0.007716462132520974, 0.007798969512805343, 0.007853740244172513, 0.007883006474003196, 0.007625566911883652, 0.0075742300832644105, 0.0077772344229742885, 0.007837958517484367, 0.00761028251145035, 0.007503940840251744, 0.007862573256716132, 0.007751316414214671, 0.007614109315909445, 0.007663432275876403, 0.007569044129922986, 0.007672119187191129, 0.0071885447250679135, 0.0071844885824248195, 0.0072074366034939885, 0.007204516208730638, 0.007208688766695559, 0.007208714727312326, 0.007200749707408249, 0.007155277882702649, 0.007239160011522472, 0.0072237985441461205, 0.007214382407255471]",0.038860569474727734,0.5528129841162148,0.052062844836242655,0.6330392534899938,0.08203189974689629,0.39583515618164317,0.08224965964039238,0.07047781636351952,0.7000880245310854,87.88993358891457,cuda
SVDB,253_SVDB_id_17_Medical_tr_17803_1st_17903,MTF,cnn_autoencoder,128,15,15,64,150,0.001,"[0.14005020807186763, 0.105506332218647, 0.08160113940636317, 0.06246502051750819, 0.0480575405061245, 0.03765084544817607, 0.030212508390347163, 0.024731688449780145, 0.02092636041343212, 0.018262685959537825, 0.01616899619499842, 0.014497306756675243, 0.013118205529948076, 0.011879191361367702, 0.01068115991850694, 0.00948914469530185, 0.008369437791407109, 0.007320638000965119, 0.00655041995147864, 0.005904063489288092, 0.005348593896875779, 0.004892527808745702, 0.004486939993997415, 0.0041642860975116495, 0.0038247572102894384, 0.0035119317937642334, 0.0032485088954369227, 0.003075467344994346, 0.0029792876448482275, 0.002782147501905759, 0.002599832834675908, 0.002392555819824338, 0.002319136494770646, 0.0022228283652414877, 0.0021735280752182007, 0.0020750608993694184, 0.001980599023712178, 0.001907232489126424, 0.0017981124110519886, 0.0017150115532179673, 0.0016643953587238988, 0.0016114295770724614, 0.001562645899442335, 0.0015209678948546448, 0.0014715025899931788, 0.0014755359074721734, 0.001426478009670973, 0.0013943269848823547, 0.0013593946040297547, 0.0013238569954410195, 0.0012907383885855477, 0.0013327422629420957, 0.0012488981941714884, 0.0012565309492250283, 0.001303047368613382, 0.0011801900109276175, 0.0011535282091548046, 0.0010966987116262316, 0.0011005526408553123, 0.0010474328533746301, 0.001074605466177066, 0.0010634461184963584, 0.0010944629980561634, 0.0010237319162115454, 0.0010224347778906425, 0.0010288615167761842, 0.0009754738809230427, 0.0009689251504217585, 0.0009261693378599981, 0.0009062286505165199, 0.0009098862608273824, 0.000866787985432893, 0.000854138087015599, 0.0008465227748577793, 0.0008773578835340837, 0.0008672569800789158, 0.0008082359679974615, 0.0007975329761393368, 0.0007812008067655066, 0.0008005737715090314, 0.0007869604625739158, 0.0007988069284086426, 0.000784824148286134, 0.0007748775533400476]","[0.1360984779894352, 0.09474468417465687, 0.06948839873075485, 0.05389804393053055, 0.044384026899933815, 0.03961987793445587, 0.029597272630780935, 0.024046537932008505, 0.021688486449420452, 0.017329033464193344, 0.016708686016499996, 0.013965260470286012, 0.013085977407172322, 0.0117748340126127, 0.011010452639311552, 0.009206042625010014, 0.008344474830664694, 0.0077672271290794015, 0.007176224025897682, 0.006737063289619982, 0.006117067765444517, 0.005625954596325755, 0.005554995266720653, 0.005180293810553849, 0.004819905967451632, 0.004842234659008682, 0.004518449190072715, 0.0044781421311199665, 0.004250952566508204, 0.004234750987961888, 0.003934688866138458, 0.003932035237085074, 0.0038722698227502406, 0.0036620062310248613, 0.0037721454864367843, 0.003761617001146078, 0.00358535663690418, 0.0035725285415537655, 0.0034204473486170173, 0.003413309808820486, 0.0033060581772588193, 0.003293454588856548, 0.003268300148192793, 0.0032079124939627945, 0.0032224158057942986, 0.003159092622809112, 0.0031825597980059683, 0.0031479946337640285, 0.003145625989418477, 0.003094454121310264, 0.00305605202447623, 0.0031038126908242702, 0.0030796158243902028, 0.0030103184399195015, 0.0031117266044020653, 0.003011016349773854, 0.0029801197233609855, 0.00292677414836362, 0.002929438604041934, 0.0028901026817038655, 0.003057941561564803, 0.0028913411661051214, 0.0029438926139846444, 0.0028742621070705354, 0.00286258349660784, 0.002877902297768742, 0.0028611156158149242, 0.0028516334132291377, 0.002816311491187662, 0.0027905458700843155, 0.0027872748905792832, 0.0027948321658186615, 0.0027855639345943928, 0.0028038216987624764, 0.0028905555373057723, 0.0027771093300543725, 0.0027634542202576995, 0.0027606224175542593, 0.0028004792402498424, 0.002771818544715643, 0.002825955511070788, 0.002748655155301094, 0.0027515493566170335, 0.0027526947669684887]",0.034006442979210856,0.44574519470315566,0.04579797368150723,0.5405367671144693,0.06825813395024169,0.509714559846486,0.12093023255813917,0.08240475382691534,0.6909498180870162,61.351565398974344,cuda
SVDB,253_SVDB_id_17_Medical_tr_17803_1st_17903,MTF,resnet18_autoencoder_frozen,128,15,15,64,100,0.001,"[0.13141737232605616, 0.0768476203083992, 0.04709690908590953, 0.035199985404809314, 0.029735045010844865, 0.026376208166281383, 0.02444298913081487, 0.022916898752252262, 0.02173389010131359, 0.02087646909058094, 0.020009805137912434, 0.01947247510155042, 0.018633407975236573, 0.017684740076462428, 0.017029207075635593, 0.016352605943878492, 0.015723893294731776, 0.01533139981329441, 0.015244089253246784, 0.01444065837810437, 0.013705955694119136, 0.01235725482304891, 0.011070902335147063, 0.010430237216254076, 0.009509543205300968, 0.008969693382581075, 0.008454848763843377, 0.00812668027356267, 0.007403752207756043, 0.006986288726329804, 0.00654342845082283, 0.006355427484959364, 0.006085240903000037, 0.006049211136996746]","[0.12554785795509815, 0.055820741690695286, 0.037996308878064156, 0.03197536850348115, 0.028620329685509205, 0.02672123722732067, 0.025347133167088032, 0.024120792746543884, 0.02386450208723545, 0.023603601846843958, 0.023456962313503027, 0.022942086216062307, 0.022670401725918055, 0.022734249476343393, 0.02277203043922782, 0.02262926334515214, 0.022963216993957758, 0.023255353793501854, 0.022866702172905207, 0.023250337224453688, 0.02274945704266429, 0.022512780502438545, 0.021908202674239874, 0.021766807418316603, 0.021714637987315655, 0.02183558139950037, 0.022043779958039522, 0.02170100435614586, 0.02281549572944641, 0.02177830459550023, 0.022169563453644514, 0.022134975530207157, 0.022367754951119423, 0.022467665374279022]",0.034453702230506936,0.4590126855846158,0.04520574066148322,0.550726884795681,0.06763393782470119,0.32030164715221277,0.10479233226837015,0.11621889536922175,0.6877869281831596,27.270668939920142,cuda
SVDB,253_SVDB_id_17_Medical_tr_17803_1st_17903,MTF,resnet18_autoencoder_progressive_unfreeze,128,15,15,64,150,0.001,"[0.12344722747802735, 0.07256264438231787, 0.04784426316618919, 0.035650675743818284, 0.02982304518421491, 0.026356761654218037, 0.024270455911755563, 0.02264842949807644, 0.021295898035168646, 0.02016685592631499, 0.019425526385505994, 0.018453404679894446, 0.017520929872989654, 0.016303501712779205, 0.01532721109688282, 0.014619192791481812, 0.013577501910428206, 0.012827797544499238, 0.011976298876106739, 0.011414051676789919, 0.012574481156965097, 0.01306125900397698, 0.010943886451423168, 0.009358686643342178, 0.008427100566526255, 0.0074050100209812324, 0.006843828565130631, 0.006310248002409935, 0.0057942071308692295, 0.005184962041676044, 0.004778546995172898, 0.00404589120298624, 0.0036357540947695574, 0.003347158975278338, 0.0031403501362850268]","[0.1210058219730854, 0.06456704065203667, 0.039480376057326794, 0.03225096641108394, 0.029934090096503496, 0.026389707811176777, 0.024593629874289036, 0.023965341970324516, 0.023075963836163282, 0.023172403685748577, 0.023054023273289204, 0.02274633338674903, 0.022112315986305475, 0.022126776166260242, 0.021556039806455374, 0.021317082457244396, 0.021539621986448765, 0.021329907700419426, 0.021451751701533794, 0.021766348741948605, 0.020753533113747835, 0.01872350974008441, 0.017595778219401836, 0.017312576062977314, 0.017037228913977742, 0.017472531413659453, 0.017360028345137835, 0.01742925914004445, 0.01726554799824953, 0.017240717075765133, 0.017287070397287607, 0.017067328095436096, 0.01711264648474753, 0.01707956474274397, 0.017156832851469517]",0.0351310367511623,0.4568960231445032,0.04667173049728468,0.551497425709707,0.06763393782470119,0.3717208814270724,0.12198895027624272,0.0786261542193245,0.6908437800395679,29.64722508378327,cuda
SVDB,253_SVDB_id_17_Medical_tr_17803_1st_17903,MTF,resnet18_autoencoder_differential_lr,128,15,15,64,100,0.001,"[0.13839856485525767, 0.08002335578203201, 0.04920432592431704, 0.03545156692465146, 0.02934228094915549, 0.025496846934159597, 0.022879824166496594, 0.0207101388523976, 0.019160222013791403, 0.01782056801021099, 0.01670612208545208, 0.01593721006065607, 0.014726414283116659, 0.013729526785512765, 0.01337150800973177, 0.012735111887256305, 0.01209284383803606, 0.01188363004475832, 0.011200606698791186, 0.010730214603245258, 0.010155141664048037, 0.009844950089852015, 0.00933400404949983, 0.008877532308300335, 0.008733230611930291, 0.00830176000793775, 0.008214413529882829, 0.007625546275327603, 0.007024536126603683, 0.006816259709497293, 0.006641501343498627, 0.0062179467640817165, 0.00544816330075264, 0.005002572170148293, 0.004524012034138044, 0.004340388424073656, 0.004111606053387126, 0.003868914892276128, 0.0037190640966097512, 0.0034200232941657303, 0.003216945395494501, 0.0030957793506483236, 0.0031061809820433456]","[0.13706588372588158, 0.07971876673400402, 0.04239070229232311, 0.031071108300238848, 0.027291415724903345, 0.023480682633817196, 0.02183610014617443, 0.019572563003748655, 0.019193887244910002, 0.017849327065050602, 0.017651181668043137, 0.017098865006119013, 0.01549950847402215, 0.015419545117765665, 0.015427185222506523, 0.014486872358247638, 0.014529888518154621, 0.013840389205142856, 0.01383337052538991, 0.014290494611486793, 0.013486102921888232, 0.013436131179332733, 0.013732816092669964, 0.013239823281764984, 0.013604506151750684, 0.013102645752951503, 0.013891758630052209, 0.013686116086319089, 0.013151718070730567, 0.014134576311334968, 0.013900935184210539, 0.013548014918342233, 0.012976626865565777, 0.013086609542369843, 0.013077408773824573, 0.01350673008710146, 0.013393259374424815, 0.01342598581686616, 0.013416111934930086, 0.013227988500148058, 0.013416144298389554, 0.013376560062170029, 0.013294327072799206]",0.03346190872518406,0.4515404514669717,0.04548132033378835,0.5460450303534998,0.06825813395024169,0.4694134297845573,0.10750988142292445,0.08141265178845616,0.6909498180870162,38.19123684591614,cuda
SVDB,253_SVDB_id_17_Medical_tr_17803_1st_17903,MTF,pvt_autoencoder_frozen,128,15,15,64,100,0.001,"[0.14136435935894648, 0.09587159703175227, 0.06066434234380722, 0.043174894899129866, 0.03451955194274584, 0.030405274033546446, 0.028105371445417405, 0.026083537936210634, 0.0242320799579223, 0.02297371986011664, 0.021840867400169373, 0.020641171435515086, 0.01950020305812359, 0.018543516596158344, 0.017490953703721366, 0.01670025282849868, 0.01579872282842795, 0.014947105509539446, 0.014087990298867226, 0.013265700017412504, 0.012407450936734676, 0.011873388228317102, 0.01119671023140351, 0.010377239932616552, 0.009585331380367278, 0.008769172088553509, 0.008142141439020634, 0.00761363028238217, 0.007130797579884529, 0.00648051385457317, 0.00563996909186244, 0.0049974655422071615, 0.004493003680060307]","[0.14295513555407524, 0.08567539788782597, 0.05171073880046606, 0.036816670559346676, 0.030834250152111053, 0.028121144976466894, 0.02665788820013404, 0.025087523739784956, 0.02360197575762868, 0.022866044659167528, 0.021834920160472393, 0.020562397316098213, 0.019645715598016977, 0.019270106218755245, 0.019067553337663412, 0.018757096491754055, 0.018077854998409748, 0.01831366796977818, 0.01774903596378863, 0.017897430108860135, 0.01752324285916984, 0.017710293643176556, 0.017412653425708413, 0.017398979980498552, 0.01765695447102189, 0.01801485219039023, 0.01756093045696616, 0.017993825720623136, 0.017997736344113946, 0.01834299019537866, 0.018223609775304794, 0.018044377444311976, 0.01816535904072225]",0.03376454491663018,0.45632364484077115,0.04559273728386118,0.5478341635943703,0.06825813395024169,0.34300126103404793,0.09203539823008801,0.08888202780343948,0.6909498180870162,29.701237780041993,cuda
SVDB,253_SVDB_id_17_Medical_tr_17803_1st_17903,MTF,pvt_autoencoder_progressive_unfreeze,128,15,15,64,150,0.001,"[0.12174163510402043, 0.06805625682075818, 0.04433158412575722, 0.03311691905061404, 0.027470718324184417, 0.024137875561912856, 0.02185331272582213, 0.01997197469075521, 0.01820402257144451, 0.01683275947968165, 0.01563159686823686, 0.014402409146229426, 0.013205166098972161, 0.012170307027796904, 0.011120049903790155, 0.010333597722152869, 0.009413425996899604, 0.008466146979480981, 0.007869711828728516, 0.00715850085640947, 0.019730444718152284, 0.014590767150123914, 0.011611138097941875, 0.009789368696510791, 0.00830887071788311, 0.007170189389338096, 0.006302977104981741, 0.005630564751724402, 0.005093145463615656, 0.0044322351614634195, 0.004327110853046179, 0.003928959354137381, 0.003494788473471999, 0.0032597192873557407, 0.0029509338084608315, 0.0028637187244991463, 0.0023885274305939673, 0.0019277246746545037, 0.0017343532216424742, 0.0015834182190398375, 0.0015232226656128963, 0.0013649652479216456, 0.0012698741862550377, 0.0012224610894918443, 0.0011153174874683222, 0.0010319579276256263, 0.0009975914300108949, 0.0009923854338315626]","[0.11616019532084465, 0.05358202010393143, 0.03540849220007658, 0.028821352403610945, 0.025608485098928213, 0.02379389852285385, 0.022037894930690527, 0.02094702562317252, 0.019731900189071894, 0.01948517793789506, 0.018690201453864574, 0.01811513351276517, 0.017960497178137302, 0.0178095237351954, 0.017666169675067067, 0.017835624050348997, 0.017420001327991486, 0.01790223876014352, 0.018168945563957095, 0.017964767990633845, 0.01794708101078868, 0.016074540792033076, 0.015900340396910906, 0.015216977568343282, 0.015098011353984475, 0.015173766994848847, 0.01512787165120244, 0.015308359172195196, 0.015220580389723182, 0.01498331781476736, 0.015473061241209507, 0.0154598627705127, 0.015139687340706587, 0.015246108639985323, 0.015298459678888321, 0.015625011175870895, 0.015020604943856597, 0.014879432274028659, 0.015129134757444263, 0.014951883116737008, 0.0153292550239712, 0.015047701774165034, 0.015115628717467189, 0.01522418693639338, 0.015267092501744628, 0.015251083765178919, 0.01526684733107686, 0.015349728986620903]",0.03301116714288467,0.45202783474523406,0.046029615017469175,0.5487792394691451,0.06825813395024169,0.4071767221344241,0.10769230769230725,0.0766419822249127,0.6909498180870162,50.65960104088299,cuda
SVDB,253_SVDB_id_17_Medical_tr_17803_1st_17903,MTF,pvt_autoencoder_differential_lr,128,15,15,64,100,0.001,"[0.14143549352884294, 0.08493199000755945, 0.05625640725096067, 0.04053099304437637, 0.03220499667028586, 0.027377780030171075, 0.023844421406586967, 0.021548885976274808, 0.019855376332998276, 0.018750810623168947, 0.017639151712258657, 0.016626771166920663, 0.015853911886612573, 0.015423620802660782, 0.014842217912276585, 0.014201393040517965, 0.013474558790524801, 0.012882438053687413, 0.012140954534212748, 0.011688749926785627, 0.010880446868638198, 0.010225335446496805, 0.009628759262462457, 0.009020113882919152, 0.008516757066051166, 0.00797666578243176, 0.007661700248718262, 0.007136834878474474, 0.006751613567272822, 0.0064039356696108975, 0.00597844688842694, 0.005269480217248201, 0.004693821972856919, 0.00434710206463933, 0.004024944035336375]","[0.1381763070821762, 0.060558062978088856, 0.03950564097613096, 0.0333871403709054, 0.028331871144473553, 0.024914246518164873, 0.02256960980594158, 0.020361436530947685, 0.018965288996696472, 0.017933490220457315, 0.01746609201654792, 0.017044743755832314, 0.016075871186330914, 0.015871448908001184, 0.015172192826867104, 0.014745342079550028, 0.014344868250191212, 0.013804896036162972, 0.0131671535782516, 0.013083364116027951, 0.01254313625395298, 0.012375204125419259, 0.012205916689708829, 0.011955487309023738, 0.011613414157181978, 0.011768201366066933, 0.011776375118643045, 0.011765106813982129, 0.011846191948279738, 0.01194161782041192, 0.011831816984340549, 0.011693775653839111, 0.01164731360040605, 0.011741499416530132, 0.011956654256209731]",0.0315747338032926,0.4433278900335687,0.04349288266146405,0.5356799756919131,0.06825813395024169,0.4049703837239248,0.07719508540605309,0.08759798140536093,0.6909498180870162,41.787655574968085,cuda
SVDB,253_SVDB_id_17_Medical_tr_17803_1st_17903,RP,cnn_autoencoder,128,15,15,64,150,0.001,"[0.19517039755980173, 0.14607368310292562, 0.10870206654071808, 0.08105548173189163, 0.06141902729868889, 0.04775690684715907, 0.03787348096569379, 0.030800383786360422, 0.025550611317157745, 0.021604463954766593, 0.01855558305978775, 0.016134711168706416, 0.0142293027912577, 0.012720615478853385, 0.011551149499913057, 0.010571689096589882, 0.009819555344680946, 0.009151944021383921, 0.008566387618581453, 0.008096010858813922, 0.007660758340110382, 0.007324435468763113, 0.007021483220160008, 0.006769829212377469, 0.006523516215384007, 0.006332485595097145, 0.00615687199557821, 0.0060031266883015634, 0.005875310239692529, 0.0057366331728796165, 0.005628281862785419, 0.0055090036553641164, 0.005421624022225539, 0.005333562629918257, 0.005238773922125499, 0.005165500504275163, 0.005100295506417751, 0.005029810095826785, 0.004966352724780639, 0.004904673558970293, 0.004859202820807695, 0.00480249725903074, 0.004751685913652182, 0.004708158845702807, 0.004674222925677896, 0.004609764305253824, 0.004577214379484455, 0.004544402503718932, 0.004516663666193684, 0.004477628134191036, 0.004435075866058469, 0.004402295950179299, 0.004368555778637528, 0.004349853827928503, 0.004316629702225327, 0.004290335951372981, 0.0042634053155779835, 0.0042208497878164055, 0.004206710758929451, 0.0041773816415419185, 0.004176671399424473, 0.004139877979954084, 0.004126836297412713, 0.004100256987536947, 0.00408336214410762, 0.004049168977265556, 0.00401841268564264, 0.004003442948063215, 0.00398287622568508, 0.003975128149613738, 0.003950592953090867, 0.003920770110562443, 0.003920109197497368, 0.0038890590115139884, 0.003868389145160715, 0.0038595979878058035, 0.003835840104147792, 0.0038001949588457743, 0.003794651183610161, 0.0037659849505871533, 0.0037486120127141476, 0.0037337020815660558, 0.0037042071111500264, 0.0036919075685242814, 0.0036783935812612373, 0.003667451130847136, 0.0036500807696332534, 0.00362288608836631, 0.0036007587797939776, 0.003597406360010306, 0.0035743333554516237, 0.0035536513042946655, 0.0035291602835059166, 0.0035227809256563585, 0.003504494950175285, 0.003497005548949043, 0.003473814871783058, 0.003468284926687678, 0.0034391466062515972, 0.003421816974878311, 0.003402361615250508, 0.00340775353834033, 0.0033900642457107702, 0.0033602301652232804, 0.003351135660583774, 0.0033256995026022195, 0.0033122212315599125, 0.0032971859443932773, 0.0032764908702423174, 0.0032771843795975047, 0.0032396449552228052, 0.003222509582216541, 0.003201280425613125, 0.0032028482761234044, 0.003175744554027915, 0.00316775431856513, 0.003148423694074154, 0.003146975099419554, 0.00310771269723773, 0.0031090428742269675, 0.0030926855901877086, 0.0030810811712096136, 0.0030559266296525797, 0.003041310282424092, 0.0030138611793518065, 0.0030095608284076056, 0.002991870433712999, 0.0029752550181001425, 0.002951038380463918, 0.0029441247538973887, 0.0029348517147203285, 0.0029174926535536845, 0.0029027316564073165, 0.0028853767241040864, 0.0028684068315972884, 0.002856514292458693, 0.0028472098987549544, 0.0028279615410914025, 0.0028040887167056403, 0.002793005434796214, 0.002776248815159003, 0.0027554476633667945, 0.0027489927674954136, 0.0027347935053209462, 0.002707196252110104, 0.0027103545144200325, 0.002692863779763381, 0.002669126323113839, 0.002658818801864982, 0.002643575115750233]","[0.19591068103909492, 0.14043914899230003, 0.09647804126143456, 0.06862900778651237, 0.05365656316280365, 0.043458485044538975, 0.03633183799684048, 0.029789681546390057, 0.024524764623492956, 0.02099103294312954, 0.01919025555253029, 0.015370732406154275, 0.014713859418407083, 0.014330192934721708, 0.012365475296974182, 0.010780262295156717, 0.009880869882181287, 0.01001938316039741, 0.009836251847445965, 0.009171474492177367, 0.007807787391357124, 0.0076687990222126245, 0.007569804438389838, 0.00741581292822957, 0.006665618973784149, 0.006847369018942118, 0.006983191007748246, 0.006531047984026372, 0.006509540253318846, 0.006195825291797519, 0.005981291877105832, 0.00591259787324816, 0.005682870279997587, 0.005877830320969224, 0.005693156155757606, 0.005687205004505813, 0.005613433429971337, 0.00549722951836884, 0.005479435552842915, 0.005403388408012688, 0.005385452066548169, 0.00531338038854301, 0.005200462648645043, 0.00505723524838686, 0.005078403977677226, 0.00501691282261163, 0.005053895525634289, 0.005001141224056482, 0.0049732906045392156, 0.004924554261378944, 0.004910636227577925, 0.004834849038161337, 0.0048251604894176126, 0.004767928970977664, 0.00474842987023294, 0.004736693692393601, 0.004674704046919942, 0.004643403575755656, 0.004628721973858774, 0.004600122687406838, 0.004596690647304058, 0.0045657745795324445, 0.004590693744830787, 0.00453927501803264, 0.004496485984418541, 0.004452387511264533, 0.004467430640943348, 0.004446628445293754, 0.004442772828042507, 0.004353021795395762, 0.004359026555903256, 0.004403695231303573, 0.004339968261774629, 0.004309257259592414, 0.004275139246601611, 0.004254192346706986, 0.004212030034977943, 0.0042233222629874945, 0.004239360918290913, 0.004175171896349639, 0.004165666759945452, 0.004142501100432128, 0.004120102152228355, 0.004140667093452066, 0.00408189941663295, 0.004066654888447374, 0.004061974061187357, 0.004038687446154654, 0.004029030620586127, 0.004007530864328146, 0.003975307510700077, 0.003951790102291852, 0.003938361944165081, 0.003931156708858907, 0.003912366577424109, 0.0038951319875195622, 0.0038760086754336953, 0.003846502222586423, 0.0038320596795529127, 0.0038237155531533062, 0.003829380962997675, 0.0038128509768284857, 0.0037767619942314923, 0.003803446132224053, 0.0037570541608147323, 0.003713003941811621, 0.0036987154162488878, 0.003679222019854933, 0.003665101365186274, 0.0036286624963395298, 0.0036400791141204536, 0.0036111873923800886, 0.0035931376041844487, 0.00357122253626585, 0.0035580797120928764, 0.003536782693117857, 0.0035334386629983783, 0.0035061631933785975, 0.0035017436603084207, 0.0034907980007119477, 0.0034498628810979426, 0.003435849735978991, 0.0034193358151242137, 0.0034051513066515326, 0.003403235867153853, 0.003369223966728896, 0.003377464890945703, 0.0033582356409169734, 0.0033412232296541333, 0.0033210653346031904, 0.0033036109525710344, 0.003271015710197389, 0.003277362382505089, 0.0032431571162305772, 0.0032225006143562496, 0.0032114872010424733, 0.0031968950643204153, 0.0031961447093635798, 0.0031670514144934714, 0.003161163767799735, 0.003137107298243791, 0.0031223464757204056, 0.0031117420294322073, 0.0030924854218028486, 0.003073079977184534, 0.003059427544940263, 0.0030388362938538194, 0.003023653815034777, 0.0030126715428195894, 0.0030045945895835757]",0.04209055739946494,0.5406457089552866,0.05353807306184159,0.5963890828207921,0.09115593928426718,0.3944756864042342,0.11840381179273358,0.5635891251301315,0.73156221290671,111.62471903115511,cuda
SVDB,253_SVDB_id_17_Medical_tr_17803_1st_17903,RP,resnet18_autoencoder_frozen,128,15,15,64,100,0.001,"[0.2271628846724828, 0.15121104617913564, 0.09264424840609232, 0.05527656351526578, 0.0351620651781559, 0.024873679876327513, 0.01916673282782237, 0.015688277098039785, 0.013369045903285344, 0.011762195142606895, 0.010576340494056542, 0.009712458153565725, 0.00902930274605751, 0.008445985770473877, 0.007984413641194503, 0.007695992601414522, 0.007300389682253202, 0.007014016651858886, 0.006866391686101755, 0.006584818909565608, 0.006363855426510175, 0.006150353079040845, 0.006020865061630806, 0.005773127172142267, 0.005587098964800437, 0.005481298795590798, 0.005250451217095057, 0.005077915297200282, 0.004910820598403613, 0.0048091929405927655, 0.004741220610837141, 0.004615737777203322, 0.004447090222189824, 0.004390404699370265, 0.004297031229361892, 0.004192123375833035, 0.004106276001160343, 0.0039812922788163025, 0.003912611616154512, 0.0038799458959450322, 0.0038004254767050345, 0.0037358836891750497, 0.0037197407024602094, 0.0036858624933908384, 0.003634194564074278, 0.003528532013297081, 0.003475124156102538, 0.003522187921529015, 0.0035056016097466153, 0.0034686007847388586, 0.0034174493979662658, 0.003379866061732173, 0.00329998261295259, 0.0033108625560998917, 0.0033108544380714496, 0.003240463261802991, 0.0032213928488393625, 0.003184373490512371, 0.0031581539815912643, 0.003155537275597453, 0.003126407802725832, 0.003106296310822169, 0.0030989044345915316, 0.0030743162613362076, 0.003092758621399601, 0.0030874916352331637, 0.003066525204728047, 0.003061381494626403]","[0.22588026896119118, 0.13082660362124443, 0.07189061306416988, 0.041099509224295616, 0.02826262218877673, 0.022561529651284218, 0.017530397046357393, 0.014925557188689709, 0.012486469931900501, 0.011097033740952611, 0.01004019076935947, 0.00923327379859984, 0.008632639306597412, 0.008291589329019189, 0.008193112909793854, 0.007831781869754195, 0.007558473735116422, 0.00724977080244571, 0.007300584577023983, 0.006994129857048392, 0.006930570467375219, 0.006761173717677593, 0.006706646643579006, 0.006528518395498395, 0.006575669394806027, 0.006349010043777525, 0.006277660955674946, 0.006244064890779555, 0.0061321890680119395, 0.006112636532634497, 0.006064775632694364, 0.006044518202543259, 0.005854865885339677, 0.005907795857638121, 0.005930703599005938, 0.005852484959177673, 0.005824516876600683, 0.005834571202285588, 0.005811086622998118, 0.005706260213628411, 0.005683393101207912, 0.005712653044611216, 0.005664152791723609, 0.00561477045994252, 0.005691395374014974, 0.005563030717894435, 0.005532670766115189, 0.005415932508185506, 0.005539653706364334, 0.005503832595422864, 0.005494448821991682, 0.005452751531265676, 0.005368141224607825, 0.005378694506362081, 0.005446738447062671, 0.005335408728569746, 0.005364739103242755, 0.005302170175127685, 0.005331375636160374, 0.005329110310412943, 0.005271712667308748, 0.005284140934236348, 0.005244913976639509, 0.005269329762086272, 0.005272530601359904, 0.005249643698334694, 0.005249770823866129, 0.005255682393908501]",0.04370558345478387,0.5358537442517898,0.0536800169555971,0.5926928405752904,0.08317936778194002,0.47485714285714287,0.13393665158370996,0.5635891251301315,0.7134402454011421,49.787802250124514,cuda
SVDB,253_SVDB_id_17_Medical_tr_17803_1st_17903,RP,resnet18_autoencoder_progressive_unfreeze,128,15,15,64,150,0.001,"[0.16899623970190683, 0.10036156723896662, 0.06214430183172226, 0.04059099877874057, 0.028708680098255477, 0.021656904369592667, 0.016981842555105688, 0.01381502232203881, 0.011694863500694434, 0.010121672165890534, 0.00899285546814402, 0.008087567519396544, 0.007368735099832217, 0.006709443343182405, 0.0061857626462976135, 0.005700023006647825, 0.005327407487978538, 0.005087934248149395, 0.00453912333274881, 0.004295551978672544, 0.00465699772660931, 0.0037284070005019505, 0.003086363213757674, 0.002670683525502682, 0.0022690357407554986, 0.002027292363345623, 0.001884270249865949, 0.0018380225480844577, 0.0016443208092823624, 0.0014578471736361584, 0.0012400935986079276, 0.0012009997580510875, 0.001087583985645324, 0.0009338364160309235, 0.0009244105312973261, 0.0008486689262402554, 0.0007492339122109115, 0.0007585821479248504, 0.0006523359508719296, 0.0005993002540587137, 0.000520958169363439, 0.0005172617500647902, 0.0004637069534510374, 0.0003618838944627593, 0.0002831190863313774, 0.00023554476695911337, 0.00021953828011949856, 0.00022027608453451347, 0.0002034414365577201, 0.00018793422204907984, 0.00017581450229045003, 0.00017356402531731874, 0.00016006384685169907, 0.00016855973711547753, 0.00015581428500202794]","[0.17772790789604187, 0.08256145007908344, 0.04562499187886715, 0.03177383681759238, 0.024017782416194677, 0.019162672571837902, 0.014959008898586035, 0.012260398361831903, 0.01060390006750822, 0.009376575471833348, 0.008611108059994876, 0.007890170090831816, 0.007075360510498285, 0.006817194516770542, 0.006124199950136244, 0.005769075476564467, 0.005628117825835943, 0.005154717364348471, 0.005149044096469879, 0.0051315040327608585, 0.004557691863738, 0.003940742986742407, 0.003279903728980571, 0.0029211128130555153, 0.0026801162748597562, 0.0026130060432478786, 0.0026609533233568072, 0.002515104424674064, 0.002348641661228612, 0.0022776066325604916, 0.0022382838651537895, 0.002200272982008755, 0.002163967437809333, 0.0020555334631353617, 0.0019648550369311124, 0.0019017503364011645, 0.001778764883056283, 0.0020210699585732073, 0.0019455970614217222, 0.001991100230952725, 0.0019125350227113813, 0.001815185387386009, 0.001829868502682075, 0.001714740792522207, 0.0016243812860921025, 0.0015985529171302915, 0.0015955684357322752, 0.0015909277426544577, 0.0015482337330468, 0.0015350505709648132, 0.0015450615610461682, 0.0015531363314948976, 0.0015338067314587533, 0.0015501788002438843, 0.0015285565750673413]",0.03843780836021728,0.5408509337832424,0.04757861147335734,0.580507070162454,0.0793861329997824,0.33793860916816,0.11320754716981081,0.06353610764290571,0.6997562036236177,44.76732559292577,cuda
SVDB,253_SVDB_id_17_Medical_tr_17803_1st_17903,RP,resnet18_autoencoder_differential_lr,128,15,15,64,100,0.001,"[0.17356843749682108, 0.09918297330538432, 0.05979810878634453, 0.03831318318843842, 0.026814415802558264, 0.020413515716791154, 0.01663786272207896, 0.014194033853709698, 0.0124427892267704, 0.011176311410963535, 0.010062133645017941, 0.009205215734740098, 0.008264725282788276, 0.007582064873228471, 0.006993907690048218, 0.006533164934565624, 0.006050808075815439, 0.005654481550057729, 0.005396057323863109, 0.00517745145286123, 0.0049289043992757796, 0.004686484159901738, 0.004510166201119621, 0.0043439472404619055, 0.004093432535106937, 0.003838729594523708, 0.0036598750545332828, 0.003487229316184918, 0.0033316766532758874, 0.003171495177472631, 0.0030771664809435607, 0.002967675899465879, 0.002717518713325262, 0.002590907209863265, 0.0024416767604028187, 0.0023785727098584175, 0.0022375468242292603, 0.0021555747060726087, 0.0020530313331012925, 0.002022454321073989, 0.0018351227122669418, 0.0017926741779471437, 0.0017296919754395883, 0.0016964433326696357, 0.0015655306711172064, 0.0014865044892455141, 0.0014704737424229583, 0.0013756714295595884, 0.001303437196960052, 0.0012460762285627426, 0.001252431224565953, 0.0011266854824498295, 0.0010601127054542304, 0.0010376893760015568, 0.001016737117121617, 0.0009909027023240924, 0.0009202130914976199, 0.0008557483398665984, 0.0007948671312381824, 0.0007855078166661163, 0.0007288126313748459, 0.0006534857908263803, 0.0006306135231473794, 0.0005721769644878805, 0.0005439388138862947, 0.0005501233002481362, 0.000505457700152571, 0.00047138837592986725, 0.00044872844591736794, 0.0004293554520700127, 0.0004191816687428703, 0.0004063601236945639, 0.00038754593503351014, 0.0003712130341834078, 0.00037928278907202185, 0.0003763469227124006, 0.0003662454274793466, 0.00037433207035064697, 0.000359651364851743, 0.0003441595588810742]","[0.17252980545163155, 0.08248265832662582, 0.046550809405744076, 0.031078467145562172, 0.023202283307909966, 0.018609104678034782, 0.01546836900524795, 0.013565741013735533, 0.012030698591843247, 0.010786470957100391, 0.009938078932464123, 0.00898121390491724, 0.008005612529814243, 0.0073306316044181585, 0.006790778017602861, 0.006237649591639638, 0.005853421171195805, 0.005566260660998523, 0.005369466729462147, 0.005063019576482475, 0.0050430502742528915, 0.004724849481135607, 0.004654024378396571, 0.004274982842616737, 0.004021508269943297, 0.003906783531419933, 0.003628409351222217, 0.003577676718123257, 0.0033672666177153587, 0.003467425936833024, 0.0032541044638492167, 0.0030169474193826318, 0.003093172039370984, 0.0029647889314219356, 0.002743541554082185, 0.002699696517083794, 0.002672579779755324, 0.0025123042287304997, 0.0025249308673664927, 0.00248961296165362, 0.002344323060242459, 0.0025250912294723094, 0.0025654114433564246, 0.0024263127124868333, 0.00226541529991664, 0.002247750438982621, 0.0021747773280367255, 0.002158583258278668, 0.002097583026625216, 0.0020111167104914784, 0.0019951288122683764, 0.001996816892642528, 0.0020318665192462504, 0.001925416203448549, 0.0020428100833669305, 0.0019441788317635655, 0.0019248681783210486, 0.0018949287477880716, 0.0018435358360875398, 0.0019083314400631934, 0.0018408299947623163, 0.0017638248391449451, 0.0018324503034818918, 0.0017501803231425583, 0.0017235435952898115, 0.0017210294608958066, 0.0016869537939783186, 0.0016714628727640957, 0.00169477699091658, 0.0016562594973947853, 0.0017930384492501616, 0.001647583325393498, 0.0016478689503856003, 0.0016429988027084619, 0.0016238094249274582, 0.0016846427170094103, 0.0016602114483248442, 0.0016816509596537799, 0.0016057852189987898, 0.001625723612960428]",0.036194271912132966,0.5364287088834345,0.0464072615231471,0.57362708365178,0.0770224305658986,0.30303472424861394,0.07954306327972334,0.06838309775476868,0.702758590351112,67.04530033306219,cuda
SVDB,253_SVDB_id_17_Medical_tr_17803_1st_17903,RP,pvt_autoencoder_frozen,128,15,15,64,100,0.001,"[0.18837038278579712, 0.1014138122399648, 0.054734260340531665, 0.03297791083653768, 0.022888475904862086, 0.017654180402557056, 0.014494028811653455, 0.01247766154507796, 0.011061317784090837, 0.010002054770787557, 0.009183218888938426, 0.008554352602610985, 0.008035479889561733, 0.007608291599899531, 0.007226654576758544, 0.006869332647571961, 0.006562871672213077, 0.006319044996052981, 0.006014021144558986, 0.005643438454717398, 0.005254957638680935, 0.004913095602144798, 0.004543608411525687, 0.004207700196032723, 0.003934430098161102, 0.003792374099915226, 0.00350852757692337, 0.0032538415708889563, 0.003001120857273539, 0.0028414648802330095, 0.002664929162710905, 0.002416729787364602, 0.002326822707739969, 0.002203728553528587, 0.0018934765908246239, 0.0018729354487732053, 0.0017724573456992705, 0.001774524354065458, 0.001523971208371222, 0.00138460590193669, 0.0012140871413672963, 0.0010982151647719244, 0.0010869290058811505, 0.0010735494084656238, 0.0010610150755383074, 0.0010436736435318987, 0.0008959309197962284, 0.0008579403239612778, 0.0008186911038743953, 0.0006931352429091931, 0.0005987877336641153, 0.0005372475522259871, 0.0005121741405067344, 0.0004966845813517769, 0.0004817755543626845, 0.0004680926174235841, 0.0004582619139303764, 0.00044465448008850216, 0.000432841448734204, 0.0004337544649994622, 0.00042765229979219535, 0.0004555764743903031, 0.00042988176185948155, 0.0004153166393128534]","[0.19470835849642754, 0.07082878239452839, 0.035194569267332554, 0.024410377256572247, 0.019072717055678368, 0.015677833231166005, 0.013335233554244041, 0.011389321414753795, 0.010460668010637164, 0.009705195901915431, 0.008942513726651669, 0.008506002719514072, 0.008087705820798874, 0.007689472404308617, 0.007262215483933687, 0.00705108733382076, 0.006862436304800212, 0.006466608261689544, 0.00634082721080631, 0.006007572636008263, 0.0058181192725896835, 0.005382495699450374, 0.004991854657419026, 0.004770027473568916, 0.004535731044597924, 0.004636393394321203, 0.004264186252839863, 0.004222131334245205, 0.004196108493488282, 0.004139057768043131, 0.004024094785563648, 0.004008126852568239, 0.003989791730418801, 0.0037302765995264053, 0.0036523317685350776, 0.003799968399107456, 0.003910158469807357, 0.0035820328048430383, 0.003578246454708278, 0.0034601424704305828, 0.0033493064111098647, 0.003553636372089386, 0.003211979113984853, 0.003431985154747963, 0.003445795096922666, 0.0033742149244062603, 0.0032723842887207866, 0.003259305201936513, 0.003257824166212231, 0.003074277308769524, 0.0030655372538603842, 0.0030352246249094605, 0.003000091470312327, 0.002966242143884301, 0.003002468089107424, 0.0029737723525613546, 0.0029660663567483425, 0.002949995396193117, 0.0029583657742477953, 0.002950119669549167, 0.002970229077618569, 0.002969772380311042, 0.0029227304621599615, 0.002969028544612229]",0.04230315482468154,0.5443537862495516,0.048964733582396607,0.5820994397844347,0.08018436635587228,0.3624005981105145,0.09999999999999956,0.06618133703770161,0.7121258341394909,54.50942410202697,cuda
SVDB,253_SVDB_id_17_Medical_tr_17803_1st_17903,RP,pvt_autoencoder_progressive_unfreeze,128,15,15,64,150,0.001,"[0.2180965155363083, 0.14399618059396743, 0.09380804101626078, 0.05871004288395246, 0.036773949613173804, 0.024995586400230727, 0.01891036455829938, 0.015357225264112154, 0.013167921205361683, 0.0115749920407931, 0.010402784372369448, 0.009451350445548694, 0.008655867415169875, 0.007870449312031269, 0.007248777275284131, 0.006860316637903452, 0.006439611626168092, 0.006142855870227019, 0.005879932921379805, 0.005613577676316103, 0.00715520769978563, 0.005760534790654978, 0.004949449685712656, 0.0045225842234989004, 0.0041923934283355875, 0.003915863111615181, 0.0038126849724600714, 0.0035770589330544073, 0.0033808540708074966, 0.0032461031184842187, 0.0031078352437665063, 0.003061214368790388, 0.002906270930543542, 0.0027176550279061, 0.002694193615267674, 0.0024706275124723714, 0.0023574230959638952, 0.002157901933727165, 0.0020234129469220838, 0.0018775669236977895, 0.0017990768809492388, 0.0016913398789862792, 0.0015504166561489303, 0.0016107118766133983, 0.0013952947532137234, 0.0013118117155196767, 0.0012973602240284284, 0.001157971762586385, 0.0010503164492547512, 0.001022056214666615, 0.0009395994051980476, 0.0008685150377762814, 0.0008954678118849794, 0.0007963788909061501, 0.0006589672877453268, 0.0006427124647113184, 0.0005779773055110127, 0.000525070105989774, 0.0004661746536536763, 0.00043589167180471124, 0.00042955106764566155, 0.000437584911317875, 0.0003967899363487959, 0.0003626235945072646, 0.0003271504344108204, 0.00028612721265138436, 0.00023960813608330984, 0.00022175208238574365, 0.0002110952065171053]","[0.21397795900702477, 0.122539471834898, 0.07095038145780563, 0.043418413028120995, 0.029487839434295893, 0.0215196730569005, 0.016912732739001513, 0.014868947211652994, 0.012766720028594136, 0.011330698383972049, 0.010204130318015814, 0.009394633816555142, 0.008776776609010994, 0.00792849634308368, 0.007476153667084873, 0.006982261780649424, 0.00664600555319339, 0.006415604846552014, 0.005987839540466666, 0.005704699549823999, 0.006219515111297369, 0.005367313628084958, 0.004707960062660277, 0.004365784989204258, 0.004141413373872638, 0.003960337140597403, 0.0039175100973807275, 0.0037798064295202494, 0.0036730407155118883, 0.0035258514690212905, 0.003358375804964453, 0.0033261096687056124, 0.0030763038084842265, 0.003021389595232904, 0.002880554529838264, 0.00281840335810557, 0.0026050254236906767, 0.0026126475422643125, 0.0025103616062551737, 0.0023730862885713577, 0.002290049334987998, 0.0022459349711425602, 0.002464842633344233, 0.002016193757299334, 0.0021452060609590262, 0.0022059268376324326, 0.0020852538873441517, 0.001974001032067463, 0.0019562672241590917, 0.0020323557255323976, 0.0020421385124791414, 0.0020867338753305376, 0.0019254767103120685, 0.0018304252007510513, 0.0018401662819087505, 0.0018421320419292897, 0.0018009566410910338, 0.001766132132615894, 0.0016866569640114903, 0.0017296982405241579, 0.0017434260225854814, 0.0018386480514891446, 0.001825076062232256, 0.0017785907839424908, 0.0017071956244762987, 0.001638081856071949, 0.0016369796358048916, 0.0016087123367469758, 0.001623340358491987]",0.03575193409891767,0.5191590407785937,0.04612037128528665,0.5731700018559311,0.07589124273636692,0.36019644151034536,0.07945765120341032,0.5635891251301315,0.6970609005074481,73.65267366287299,cuda
SVDB,253_SVDB_id_17_Medical_tr_17803_1st_17903,RP,pvt_autoencoder_differential_lr,128,15,15,64,100,0.001,"[0.182369660337766, 0.11311082541942596, 0.0685870515803496, 0.04272397706906001, 0.02841438092291355, 0.020702703048785527, 0.01635471476862828, 0.013717236928641796, 0.0120237709954381, 0.010809668339788914, 0.009924015030264854, 0.009297948082288105, 0.008725399461885294, 0.008236132003366948, 0.007671000342816115, 0.0071908731013536455, 0.0066321852306524915, 0.006114778822908799, 0.005804698759069045, 0.005562511831521988, 0.005278468318283558, 0.005025017106284698, 0.004795370313028495, 0.004561218821133177, 0.004273882135748863, 0.0041532290478547415, 0.004035672141859929, 0.0038279242192705474, 0.0036209794382254285, 0.0033958601765334607, 0.0033231861734141907, 0.00318583152256906, 0.0030649971682578324, 0.0028972333762794732, 0.0026388858910650014, 0.002515188759813706, 0.00236458801664412, 0.002292004662255446, 0.002182502152087788, 0.002076529711484909, 0.0019674275303259493, 0.0018821733227620521, 0.0017539092494795719, 0.0016567067398379246, 0.001555195349889497, 0.001432959681066374, 0.001353440643288195, 0.001286722191919883, 0.0012153114968289933, 0.0011300253099761903, 0.0010462140392822523, 0.0009498590331835052, 0.0009053806502682467, 0.0008669085800647736, 0.000795809676249822, 0.0007554803121214112, 0.0006815027406749626, 0.0005986077206519743, 0.0005952597110687445, 0.0005560932118290414, 0.00051943965566655, 0.0005406672542449086, 0.0005097645276691765, 0.00048751513240858914, 0.00043663056179260216, 0.0003976155266476174, 0.00037718432528587677, 0.00035191788338124753, 0.000327414704952389, 0.00030884155227492254, 0.00031275589911577604, 0.00028575941590437047, 0.00028448822752883036, 0.0002860216055220614]","[0.17941130697727203, 0.09434601850807667, 0.05093892477452755, 0.0344880698248744, 0.02379029616713524, 0.018286350648850203, 0.015239173080772161, 0.012982816435396671, 0.011759997811168432, 0.010591116501018405, 0.009960019495338202, 0.009427056182175875, 0.009246964706107974, 0.008252365747466683, 0.007711397018283606, 0.007307935273274779, 0.006379668484441936, 0.005934271612204611, 0.005670113256201148, 0.00545892515219748, 0.005153515143319964, 0.004963114741258323, 0.004692508140578866, 0.004445508820936084, 0.0044312740210443735, 0.004172541317529976, 0.004085425345692784, 0.0037543904036283493, 0.0036272931029088795, 0.0036043072468601167, 0.003490984789095819, 0.003299724427051842, 0.003416257502976805, 0.003124561335425824, 0.0030473346123471856, 0.0029259761213324964, 0.002730273816268891, 0.002675855881534517, 0.00262061896501109, 0.002496996079571545, 0.0024339365190826356, 0.002471812069416046, 0.00248170510167256, 0.0023735855356790125, 0.0022814138210378587, 0.0022751978831365705, 0.0021370546019170433, 0.002157742128474638, 0.002183325501391664, 0.0020025495323352516, 0.002017467893892899, 0.0020420526270754635, 0.00207432551542297, 0.0019973914604634047, 0.001972140249563381, 0.0018942584283649921, 0.0018702501256484538, 0.0018216713215224445, 0.001819511642679572, 0.0018117139989044517, 0.0018677339830901474, 0.001839642325649038, 0.0017994185036513954, 0.0017403912788722664, 0.0017731415864545852, 0.0017907639557961375, 0.0017491340404376388, 0.0017293460841756314, 0.0016633220366202295, 0.001700275082839653, 0.001696265215286985, 0.001674043945968151, 0.0017148855549748987, 0.0016820232558529824]",0.03692411628139348,0.5388925359291038,0.04711023365979193,0.5760128162737703,0.07741347569840604,0.3596332418384629,0.08090006618133679,0.07012719563942788,0.700529950872659,84.31094073597342,cuda
SVDB,253_SVDB_id_17_Medical_tr_17803_1st_17903,RWT,cnn_autoencoder,128,15,15,64,150,0.001,"[0.1110579326748848, 0.07317709277073542, 0.044638371715943016, 0.027194396282235783, 0.017698467895388603, 0.012187371092538039, 0.008763668437798819, 0.00651671796416243, 0.0049798632971942425, 0.003907765711968144, 0.003116889406616489, 0.0025234276739259562, 0.002082609028245012, 0.0017402276008700332, 0.0014786154109363754, 0.0012723188459252317, 0.001106644313161572, 0.0009745881039028366, 0.0008643648936413229, 0.0007769499517356356, 0.0006936548044905067, 0.0006318388739600777, 0.0005814153118990362, 0.0005230508977547288, 0.0004846249493615081, 0.00044945419067516924, 0.00041924873366951945, 0.00040663788677193226, 0.00038024050300009546, 0.0003596928009452919, 0.00034056082173871495, 0.0003143989384019127, 0.0002960452887540062, 0.0002793746185488999, 0.00027049903098183374, 0.0002604927799742048, 0.0002463625540258363, 0.0002377829533846428, 0.00022592490228513876, 0.00021803204823906224, 0.0002126059135965382, 0.00020614105257360887, 0.00020251078143094977, 0.00019497880130074917, 0.00019797654531430453, 0.00018559761520009488, 0.0001827812889435639, 0.000186294123219947, 0.00017239630105905234, 0.000171084101505888, 0.00016457104842023304, 0.00016013341470776747, 0.00015418211502643924, 0.0001483839723126342, 0.0001448050490580499, 0.0001411611718746523]","[0.10850400850176811, 0.06286402978003025, 0.032171339727938175, 0.020038696471601725, 0.015823401976376772, 0.010280206333845854, 0.008316502906382084, 0.006248042336665094, 0.004598899511620402, 0.0031393846147693694, 0.002600067120511085, 0.002269294811412692, 0.0019250925979577005, 0.00163739945855923, 0.0013450980186462402, 0.0012349723256193101, 0.0010119241196662188, 0.0009473762911511585, 0.000823980022687465, 0.0007241819694172591, 0.0006859978166176006, 0.0006401642749551684, 0.0005508587491931394, 0.0005228166846791282, 0.0004870020202361047, 0.00042366165871499106, 0.0004161299584666267, 0.00039150968950707465, 0.0003565904262359254, 0.0003817358083324507, 0.0003368374236742966, 0.00031733839568914846, 0.00029255091067170724, 0.0002854600752471015, 0.0002578614075900987, 0.000261578185018152, 0.0002474777211318724, 0.00023680416052229702, 0.00022025094585842453, 0.0002178950817324221, 0.00021037630722275935, 0.000214066883927444, 0.00019860796237480827, 0.00019651983529911377, 0.00019827547657769173, 0.00018822568381438032, 0.00019396876814425923, 0.0001935317850438878, 0.00017358984769089147, 0.00016682325440342538, 0.0001776885947037954, 0.00015821039778529666, 0.00016265018348349258, 0.00014365151582751423, 0.00014386805560206994, 0.00014251482571125962]",0.18024990045375539,0.5683647361570949,0.15065763266149906,0.641951771943976,0.22660225689069613,0.8853061801725357,0.8636363636363631,0.3634363528159716,0.8497571826425215,39.98541999515146,cuda
SVDB,253_SVDB_id_17_Medical_tr_17803_1st_17903,RWT,resnet18_autoencoder_frozen,128,15,15,64,100,0.001,"[0.08675973489880562, 0.0394523644198974, 0.02075349527100722, 0.011667901898423831, 0.0068328964213530225, 0.004307454436396559, 0.002954782328257958, 0.0021911649343868095, 0.0016359787511949738, 0.001281660453726848, 0.0010766821098513902, 0.0008459486726981898, 0.0007308245520107448, 0.0006670617614872754, 0.0005514073961724838, 0.0004922744701616466, 0.00045098457873488464, 0.00040930175843338173, 0.00035971701921274263, 0.0003390026026560614, 0.0003106713527813554, 0.0002679475602538635, 0.0002620131330331787, 0.0002562628195543463, 0.00023324373275196802, 0.00020543263914684455, 0.00023039776424411685, 0.00023333566108097633, 0.000197488190800262, 0.00018498059168147544, 0.000175244000274688, 0.00016167117282748223, 0.0001528314014043038, 0.0001442094420781359, 0.0001404253940563649, 0.0001283235886755089, 0.0001277547693462111, 0.0001177025304059498, 0.00012657177673342329, 0.00011578043243692567, 0.0001061327750600564, 0.0001076611049938947, 0.0001080638690230747]","[0.0808902382850647, 0.030511210206896067, 0.018635707441717386, 0.011384365614503622, 0.01001269044354558, 0.006073230877518654, 0.002720032469369471, 0.0018218992336187512, 0.001484905107645318, 0.0012180671619717032, 0.0009443799790460616, 0.0007839713507564738, 0.000652552378596738, 0.0005923650605836883, 0.0005198406288400292, 0.0005320489144651219, 0.0004199786126264371, 0.00037523404898820445, 0.00037941090704407543, 0.0003432972080190666, 0.00028255613142391667, 0.0002764384844340384, 0.0002548404590925202, 0.0002465041252435185, 0.00022151325902086683, 0.0002000771819439251, 0.0002668068264028989, 0.0002188932448916603, 0.00020920774841215461, 0.0001952623642864637, 0.00017299570754403248, 0.00016333319945260882, 0.00014793790978728794, 0.0001446960450266488, 0.00015844322479097173, 0.00013732787920162082, 0.0001293995519517921, 0.00012464635619835462, 0.00012403120126691647, 0.0001235700419783825, 0.00012084550508006942, 0.00012232192239025608, 0.00011686696961987764]",0.25715857414415805,0.604204567949707,0.22542665291479463,0.6787802767031591,0.3222728464620258,0.899876729215176,0.8431876606683799,0.38538308553900447,0.8703982459394162,32.06767844595015,cuda
SVDB,253_SVDB_id_17_Medical_tr_17803_1st_17903,RWT,resnet18_autoencoder_progressive_unfreeze,128,15,15,64,150,0.001,"[0.09892874161402385, 0.04277996780971686, 0.021183809141318004, 0.011130392178893089, 0.006389649398624897, 0.004154501777763168, 0.0029176863686492045, 0.00220364136621356, 0.0016153363200525443, 0.001265665205816428, 0.001073246798478067, 0.0008891838137060404, 0.000732288381550461, 0.0006270048713001112, 0.0005792540789116174, 0.0004870112907762329, 0.00044995638309046625, 0.00040873551818852624, 0.000363514512234057, 0.00035942795026736957, 0.0020865824616824588, 0.0006382227409631013, 0.00039643133447195094, 0.00027566120649377506, 0.0002472979133017361, 0.0001954185718204826, 0.0001657523874503871, 0.0001589446891254435, 0.00013854185429712135, 0.00013205619082630923, 0.00011178213753737509, 9.862641745712608e-05, 9.90143356223901e-05, 8.862588971775646e-05, 8.83431319380179e-05, 9.590971312718466e-05, 9.482996732306977e-05]","[0.08966483548283577, 0.03446479979902506, 0.019160384312272072, 0.013438048074021935, 0.011380273848772049, 0.0054902174742892385, 0.002745575155131519, 0.001885381934698671, 0.0014751418493688107, 0.0011842360545415431, 0.0009799436229513958, 0.0008321815403178334, 0.0007480137282982469, 0.0006759134557796642, 0.0005969801131868735, 0.00046618217311333865, 0.0004267650583642535, 0.00038336560828611255, 0.0003570529734133743, 0.00041625434096204117, 0.003222885658033192, 0.001021387317450717, 0.00032064988772617653, 0.0002543312730267644, 0.00021496257977560163, 0.00017235812993021682, 0.000149992061778903, 0.00014256577560445294, 0.00012035535110044293, 0.00011846889901789837, 0.0001032924628816545, 0.0001071279384632362, 9.772669909580145e-05, 8.921143489715178e-05, 0.00010964273860736284, 9.128388592216652e-05, 0.00010343914982513525]",0.2604584882165588,0.5774940766902297,0.23428245165099837,0.6618060265239684,0.3275341658649004,0.9092167174093551,0.8888888888888884,0.38478026599209897,0.8876931769413366,29.51852465700358,cuda
SVDB,253_SVDB_id_17_Medical_tr_17803_1st_17903,RWT,resnet18_autoencoder_differential_lr,128,15,15,64,100,0.001,"[0.07606573129693667, 0.026294506589571633, 0.011403988550106684, 0.0058675323612988, 0.0033468335401266812, 0.00217832550406456, 0.0015413361756751935, 0.0011542835816120108, 0.0008815564486819009, 0.0007174021098762751, 0.0006231893785297871, 0.0005709312196510533, 0.0004491104705569645, 0.0003773406322579831, 0.0003528425101346026, 0.0003164633254831036, 0.0003002348365650202, 0.00027138767181895674, 0.00026040612622940293, 0.00023121146368794144, 0.0002134826936526224, 0.00021246992885911217, 0.00020128148898947983, 0.00016715589057033262, 0.00015533329472721864, 0.00015812505929109952, 0.00015863731193045775, 0.00014120850246399642, 0.00014119646123920878, 0.00014054876325341563, 0.00013382165440513442, 0.0001219105935888365]","[0.07054859213531017, 0.018457716330885887, 0.007419530302286148, 0.004132241592742503, 0.0026598914992064238, 0.002548926800955087, 0.0014092400670051575, 0.0010786294878926128, 0.0008396285265916958, 0.000822201298433356, 0.0005955192027613521, 0.0005440340464701876, 0.0004158059018664062, 0.00037131398858036846, 0.0003713860860443674, 0.00030136927671264857, 0.00033644901122897863, 0.0002564921560406219, 0.0002644043488544412, 0.00022062851712689735, 0.00022148860443849117, 0.00019543209418770857, 0.00020082099581486546, 0.0001794978597899899, 0.0001499674872320611, 0.00014323757932288572, 0.00014068181189941242, 0.00014430498413275927, 0.00013788704745820723, 0.00015480643560294993, 0.00014722131527378224, 0.00013656870942213573]",0.26020872554512137,0.6000514098936339,0.23178536591430504,0.6756566058819297,0.3101229776793366,0.8853061801725357,0.8636363636363631,0.3726807372232402,0.8467733023687686,27.238727890886366,cuda
SVDB,253_SVDB_id_17_Medical_tr_17803_1st_17903,RWT,pvt_autoencoder_frozen,128,15,15,64,100,0.001,"[0.07227803816397985, 0.02916143499314785, 0.013512210299571356, 0.006899298044542471, 0.0036764833765725296, 0.002266541193239391, 0.0015370717116942008, 0.0011135140860763688, 0.0008750914945267141, 0.0006995331612415611, 0.0005995677745280167, 0.0005112525657750666, 0.00047643202900265655, 0.0004003371383684377, 0.000346252890691782, 0.00031122312260170777, 0.0002921204393108686, 0.00025995591519555695, 0.00023863938016196093, 0.00021460843660558264, 0.00019852884288411586, 0.00018684900520990293, 0.00018796740332618355, 0.00018195917752260963, 0.00016133538738358766, 0.00014492130527893703, 0.00014787330389178047, 0.00013247291596295933, 0.00012550851630900676, 0.00012064108984001601, 0.00012208982225274666, 0.00012441088668614005, 0.00011585710647826394, 0.00013360798232800637, 0.00010466921812621877]","[0.052188546396791935, 0.01603838335722685, 0.00779383722692728, 0.004401399055495858, 0.0026552366907708347, 0.0019531440339051187, 0.001380856498144567, 0.001100990892155096, 0.0008561847498640418, 0.0007761694141663611, 0.000598474929574877, 0.0006177645846037194, 0.000466709811007604, 0.00038703287282260135, 0.00035985275462735444, 0.0003456919366726652, 0.0002893802520702593, 0.0002588695424492471, 0.0002333090887987055, 0.00022310831991489977, 0.00022141125373309478, 0.00021219814880168997, 0.00019437192895566113, 0.00017928921806742437, 0.00015570407776976936, 0.0001587683000252582, 0.0001421854285581503, 0.0001396060615661554, 0.0001271827713935636, 0.00013062089237791952, 0.0001261380130017642, 0.00013140199735062197, 0.000142334134579869, 0.0001302361379202921, 0.00010334414764656685]",0.2152898301100721,0.5949593914524317,0.189342516923269,0.6699589002550298,0.2668522402973119,0.8815659766230108,0.839469808541973,0.36415616147702234,0.8515963490925547,29.68808044400066,cuda
SVDB,253_SVDB_id_17_Medical_tr_17803_1st_17903,RWT,pvt_autoencoder_progressive_unfreeze,128,15,15,64,150,0.001,"[0.08962481021881104, 0.040261048326889676, 0.018065697265168032, 0.00890256908411781, 0.00500396778807044, 0.003177151766916116, 0.002171781814346711, 0.001586528867483139, 0.0012121565251921615, 0.0009713935626981159, 0.0007911438161196809, 0.0007014726637862623, 0.0006080002756789326, 0.000510517923006167, 0.00044522804673761127, 0.00037312366572829584, 0.00034480721224099397, 0.0003148136311210692, 0.00027720540723142527, 0.0002706477845398088, 0.007616396950713048, 0.0032647970287750165, 0.0011378912177557746, 0.0006353781888416657, 0.00043861169445638855, 0.0003309447628756364]","[0.08120745420455933, 0.026248262263834476, 0.010114539181813598, 0.005775101366452873, 0.003961182490456849, 0.0027041699504479766, 0.0020897771464660764, 0.0014722963678650558, 0.001191161893075332, 0.0009712307364679873, 0.0008915602084016427, 0.0007227720343507826, 0.0006242913077585399, 0.0005091266793897375, 0.0004412891503307037, 0.00039354498585453257, 0.0003413817612454295, 0.0003254899274907075, 0.0003127919990220107, 0.00031210179440677166, 0.008127397974021733, 0.002360143233090639, 0.0011532059434102848, 0.0005307758619892411, 0.000448247606982477, 0.0003318780072731897]",0.21144068484465578,0.5789091425129406,0.18747235411891586,0.6566990544593334,0.27000233944777496,0.8954895489548955,0.8517715112075193,0.3762224278804935,0.8638268313587867,24.15950101497583,cuda
SVDB,253_SVDB_id_17_Medical_tr_17803_1st_17903,RWT,pvt_autoencoder_differential_lr,128,15,15,64,100,0.001,"[0.08809182395537694, 0.03339911053578059, 0.01334740910679102, 0.006523187148074309, 0.003835426177829504, 0.0025482160660127797, 0.0018668382816637555, 0.0014454885463540752, 0.001179352200900515, 0.0009549610704804461, 0.0008769796928390861, 0.0008487279332863788, 0.0006884014078726371, 0.0006591746622386078, 0.0005883074520776669, 0.00048558045139846705, 0.00042845570327093205, 0.00039435002060296634, 0.00034699089786348244, 0.00035217685314516226, 0.0003168518732612332, 0.0002836931264027953, 0.000273842077391843, 0.00026852683513425293, 0.00026531236556669077, 0.0002541476084540288, 0.00023447985877282916, 0.00022926960761348407, 0.00020441177184693515, 0.00018937659624498337, 0.00017148683352085451, 0.00017033772213229288, 0.00016463550564367325, 0.00015064111503306776, 0.000154769592336379, 0.00016231404394299412, 0.00017177885165438057, 0.00016210582301331064, 0.0001572977077254715]","[0.07624956406652927, 0.025206511840224266, 0.009501142660155892, 0.005524522974155843, 0.0031934764119796455, 0.0022965851239860058, 0.0017135708476416767, 0.0013673703651875257, 0.0011511951452121139, 0.0010260902636218816, 0.0011323648504912853, 0.0007796264399075881, 0.0006885218026582152, 0.0007361877214862034, 0.0006076112913433462, 0.0004561668465612456, 0.00043044090853072703, 0.0004000696717412211, 0.00040293680649483576, 0.0004127806896576658, 0.0003125723233097233, 0.0002793389285216108, 0.00028392801323207095, 0.0004024521986139007, 0.00027208302344661206, 0.0002424980848445557, 0.0002191568783018738, 0.0002226089454779867, 0.00021017353356000967, 0.00017677820869721472, 0.00019792834427789785, 0.00018220883066533133, 0.0001603024902578909, 0.00015194204752333462, 0.0001865162957983557, 0.00023859702923800796, 0.00016357278946088627, 0.00022537014956469648, 0.00014315614680526778]",0.2548418732473448,0.5775848854072014,0.2195653697031592,0.6555980759981419,0.3201848839292965,0.8853061801725357,0.8636363636363631,0.3634363528159716,0.8549742411509627,44.50843205000274,cuda
SVDB,253_SVDB_id_17_Medical_tr_17803_1st_17903,MWT,cnn_autoencoder,128,15,15,64,150,0.001,"[0.09878285924593608, 0.06916720221439997, 0.046118061244487765, 0.029232387741406757, 0.018339121962587038, 0.01186185833066702, 0.008020066749304533, 0.005677796403566996, 0.004190236174811919, 0.0032144252210855482, 0.002516329831754168, 0.001998183721055587, 0.0016533657442778348, 0.0013848912436515092, 0.0012111831689253449, 0.0010603107201556364, 0.000947983912192285, 0.0008329293186155458, 0.0007668317373221119, 0.0007252874434925616, 0.0006609783469078441, 0.0005952123513755699, 0.0005414968084854385, 0.0005103177041746676, 0.00048593431517171364, 0.0004620238672941923, 0.00042616416855404776, 0.00040084440067100026, 0.0004048175081455459, 0.0003859323546445618, 0.00036271567417619127, 0.00034585326405552525, 0.00032793453428894284, 0.00031464025378227236, 0.0003031481852910171, 0.00031204462284222244, 0.00029501052922569214, 0.0002911796502303332, 0.0002825351917029669, 0.00026626533460027225, 0.00026196445881699525, 0.0002562489787427088, 0.0002755467197857797, 0.00024035114717359344, 0.00023927231862520178, 0.0002556941869746273, 0.00023555354564450682, 0.00021589335810858756, 0.0002255800044319282, 0.0002227145431485648, 0.00022170161149309326, 0.0002001539192860946, 0.00019539141794666648, 0.0001856765894141669, 0.0001858271212161829]","[0.09455995075404644, 0.06793690100312233, 0.041154295206069946, 0.023037591483443975, 0.013738812878727913, 0.008832064224407077, 0.0065339343855157495, 0.004746759659610689, 0.003660191723611206, 0.002734648354817182, 0.0021967546199448407, 0.0017156960966531187, 0.0014879119698889554, 0.001283189165405929, 0.00110849947668612, 0.001033044041832909, 0.0008642584143672138, 0.0007947405538288876, 0.0007512079464504495, 0.0007000363693805411, 0.0006050264928489923, 0.0005443450208986178, 0.0005234966665739194, 0.0005228320223977789, 0.00047324108163593337, 0.00044712196540785953, 0.0004066155888722278, 0.00039597666182089597, 0.0003957042790716514, 0.0003701648529386148, 0.00035715495323529467, 0.00033648579119471833, 0.00031611840677214786, 0.0003153531506541185, 0.0003133238205919042, 0.00030346283892868087, 0.0002894123754231259, 0.0002956020107376389, 0.00027793998015113175, 0.0002604996334412135, 0.00026495429483475164, 0.0002631085808388889, 0.00026385839009890333, 0.0002334363198315259, 0.0002513910294510424, 0.00025393880787305534, 0.00022277681273408234, 0.0002148812636733055, 0.00021747209757450037, 0.0002282891327922698, 0.0002142201155947987, 0.00019887850794475526, 0.00019561557928682305, 0.00019727885592146777, 0.00018378426830167882]",0.29652628968003186,0.5688330249792151,0.2706904202122798,0.6488264166678739,0.3760582257071102,0.9185404604820251,0.8817635270541077,0.41386834907694947,0.8748269210324614,40.64725905493833,cuda
SVDB,253_SVDB_id_17_Medical_tr_17803_1st_17903,MWT,resnet18_autoencoder_frozen,128,15,15,64,100,0.001,"[0.05443103288610776, 0.021573013626039028, 0.010258679495503504, 0.0054741019383072855, 0.0030795172322541477, 0.0021028387748325866, 0.0015691250717888275, 0.0012516149319708348, 0.0009909182204864918, 0.0008643574547022581, 0.0007938427268527448, 0.0007814919653659065, 0.0006877049260462323, 0.0005915869958698749, 0.0005192187168480207, 0.0004969827636765937, 0.00044133513001725077, 0.00040034216945059595, 0.00040574666927568616, 0.00036316354914257923, 0.0003887132159434259, 0.00034930310600126785, 0.0003260501136537641, 0.00030669154948554934, 0.0003178856432593117, 0.0003000300319399685, 0.00028212738883060716, 0.00026838710570397474, 0.0002613371723176291, 0.0002608313710273554, 0.0002718988961229722, 0.00023972646934756388]","[0.07062574848532677, 0.025885744486004114, 0.013632980408146977, 0.012348689138889313, 0.007265463471412659, 0.0037916210712864995, 0.001621234230697155, 0.0011354355956427753, 0.000916480872547254, 0.000817773470771499, 0.0008239837625296786, 0.0007875202863942832, 0.0005843866674695164, 0.000560714936000295, 0.0004991840396542102, 0.00044775332207791507, 0.0004145469138165936, 0.0003894145629601553, 0.0003811475762631744, 0.00037605749093927443, 0.00038490309088956565, 0.0003268702275818214, 0.0003155169906676747, 0.0003168034163536504, 0.0003235443728044629, 0.0003143559588352218, 0.0002722338685998693, 0.0002677109732758254, 0.0002624580629344564, 0.00027592823607847095, 0.00027306610718369484, 0.00028269540780456737]",0.30438874817015027,0.5863376600991856,0.27542566269934116,0.6626550727745971,0.3853490669879931,0.9092167174093551,0.8888888888888884,0.4070980309953504,0.8831468137341941,24.14438638300635,cuda
SVDB,253_SVDB_id_17_Medical_tr_17803_1st_17903,MWT,resnet18_autoencoder_progressive_unfreeze,128,15,15,64,150,0.001,"[0.0719856359064579, 0.03212661407887936, 0.01590637993067503, 0.0075464191846549514, 0.003984950125838319, 0.0024702080991119146, 0.0017316379506761828, 0.001288882091951867, 0.001019572738247613, 0.0009478691887731353, 0.000791548208023111, 0.0007269831645923356, 0.0006598442909307778, 0.0005644903692882508, 0.000569876857722799, 0.0005112686000453929, 0.0004467357881367207, 0.00046284019093339643, 0.00039401690592058005, 0.00037701450637541713, 0.001974956462314973, 0.0007862813072279096, 0.0005899478079906354, 0.0004145772623208662, 0.00035711214295588436, 0.0003305947893143942, 0.00027471169305499644, 0.000265971155022271, 0.0002738881827099249, 0.0002343226563728725, 0.00020147324345695476, 0.0002097319510842984, 0.00021500229292238752, 0.00017405603042182824, 0.0001630879599057759, 0.00016339179419446736, 0.0001435947832457411]","[0.07520568370819092, 0.027677149511873722, 0.016674932558089495, 0.012229133863002062, 0.0065458203898742795, 0.004247910459525883, 0.0015987757069524378, 0.0011181639565620571, 0.0009263557149097323, 0.0008481136756017804, 0.0007619175594300032, 0.0006733479385729879, 0.0006049088260624558, 0.0005291880515869707, 0.0005533287694561295, 0.0004880487031186931, 0.00044802407501265407, 0.0004277563202776946, 0.00038144261634442955, 0.0003959341120207682, 0.0038058027857914567, 0.000649854278890416, 0.0005424001356004737, 0.00033996714773820713, 0.00036954242386855185, 0.00028961429779883474, 0.0002452422268106602, 0.0002665389074536506, 0.0002767569967545569, 0.00022643867851002142, 0.00021414310685941018, 0.00016945066090556793, 0.00019508775221765973, 0.0001847580169851426, 0.00015680049909860827, 0.0001530635818198789, 0.00014751741400687024]",0.2926184943445915,0.5838512987228682,0.2586309790457106,0.6594354973124668,0.36185068286867916,0.9092167174093551,0.8888888888888884,0.3899384651247386,0.8848341521823679,29.716321154963225,cuda
SVDB,253_SVDB_id_17_Medical_tr_17803_1st_17903,MWT,resnet18_autoencoder_differential_lr,128,15,15,64,100,0.001,"[0.09497391730546952, 0.07648598651091258, 0.060464365283648173, 0.03805301661292712, 0.014347841901083788, 0.00799535596743226, 0.004956234386190772, 0.0031278879847377538, 0.002398008325447639, 0.001733685905734698, 0.0012942451673249404, 0.001137702283449471, 0.0009486453297237555, 0.0009375904725554088, 0.0009463214975160857, 0.00081517460445563, 0.0007132614031434059, 0.0006313400246047725, 0.0005696011416148394, 0.0005528886957714955, 0.0005212429212406277, 0.0005117286462336778, 0.000518566882237792, 0.00046269284406056006, 0.0004047087742947042, 0.00040435829238655665, 0.00041881244202765326, 0.00035506909674343966, 0.0003472756769042462, 0.0003181938373018056, 0.0002835254834887261, 0.0003038007280944536, 0.0002648645216443886, 0.00027263471274636687, 0.0002994618892747288, 0.0002350525523070246, 0.00023856287977347773, 0.00023833224743915102, 0.00025009284339224297]","[0.08890305273234844, 0.07107647694647312, 0.051024255342781544, 0.02677696058526635, 0.011634955881163478, 0.006402213592082262, 0.003985583200119436, 0.002571378252469003, 0.0024775343481451273, 0.0013977844500914216, 0.0012232986919116229, 0.0010662436252459884, 0.0008279633184429258, 0.0009132644336204976, 0.0008866869902703911, 0.00077222561230883, 0.0006191374850459397, 0.0005387694400269538, 0.0005190083029447123, 0.0004817550434381701, 0.0004902990185655653, 0.0004525666809058748, 0.0004599425519700162, 0.00039172626566141844, 0.00033637067826930434, 0.0003943193660234101, 0.0003907340069417842, 0.00029459272627718747, 0.00028627012216020375, 0.0002754872402874753, 0.0002847875584848225, 0.00026267945213476196, 0.00028492788260336965, 0.00024204060537158512, 0.00023994856383069418, 0.0002220545502495952, 0.00020525741638266481, 0.00021355696662794799, 0.0002557878724473994]",0.2944825140688662,0.5762688461686627,0.271581198334535,0.6558930339880946,0.3823905688580246,0.9073332412650187,0.8817635270541077,0.3944995601296876,0.878371712285205,33.545801198109984,cuda
SVDB,253_SVDB_id_17_Medical_tr_17803_1st_17903,MWT,pvt_autoencoder_frozen,128,15,15,64,100,0.001,"[0.06688634107510248, 0.029049410298466683, 0.01496665452917417, 0.007902436393002669, 0.004100724806388219, 0.0024531341157853605, 0.0016925477888435126, 0.0012890877202153205, 0.0009978952390762668, 0.000849290758681794, 0.0007321937941014766, 0.0006484490625249843, 0.0005776455237840613, 0.0005268492386676371, 0.00047103472558471064, 0.00043297641871807476, 0.0004228363725511978, 0.0003947359936622282, 0.00036614539955432215, 0.00035586372444716593, 0.0003312569984700531, 0.00032695696184722084, 0.0003399319869155685, 0.000307798566063866, 0.00029931272147223356, 0.0002962022360103826, 0.00027830386728358765, 0.0002542001224355772, 0.0002597072811719651, 0.0002468639072806885, 0.00024053923358830314, 0.00023069997841957958, 0.00021224625622077534, 0.00020528088401382168, 0.00019687981499979894, 0.00018047783426785222, 0.00017486656239877144]","[0.04604499228298664, 0.016791823785752058, 0.010460318066179752, 0.007298790384083986, 0.003790262620896101, 0.002235015796031803, 0.0016097697662189603, 0.0013054411392658949, 0.0010390695533715189, 0.0008845763804856688, 0.000780037313234061, 0.0007010738336248323, 0.0006180143682286143, 0.0005407529097283259, 0.0005299245822243392, 0.0004993900220142677, 0.00041317969589727, 0.00044738344149664044, 0.0003765766668948345, 0.0003554464638000354, 0.00033782423270167783, 0.0003276485513197258, 0.0003571401321096346, 0.0002955639938591048, 0.00030776805215282366, 0.00029298181470949203, 0.0002639573431224562, 0.0002517088105378207, 0.00024640499395900406, 0.00024851225316524506, 0.0002666242507984862, 0.00023172979126684368, 0.00021328737420844845, 0.0002067898603854701, 0.0001963627728400752, 0.00017694698544801213, 0.00018072974489768967]",0.29905267105154565,0.5776269660716,0.2683494430621401,0.6570760962325517,0.3798198564527591,0.9092167174093551,0.8888888888888884,0.3894810557266256,0.8749502266928555,31.774365359917283,cuda
SVDB,253_SVDB_id_17_Medical_tr_17803_1st_17903,MWT,pvt_autoencoder_progressive_unfreeze,128,15,15,64,150,0.001,"[0.07625921741127968, 0.036365381255745885, 0.018096479028463362, 0.009478769140938918, 0.004856896928201119, 0.002697100816294551, 0.0017549227690324188, 0.0012922817297900716, 0.0010210621442335347, 0.0008760559411409001, 0.0007605046693546076, 0.0006938946743806203, 0.0006015465982879202, 0.0005494567798450589, 0.0005060402016776304, 0.0004693069243027518, 0.00046141472606298827, 0.0004483704532807072, 0.00043684068562773365, 0.0004092205645671735, 0.008434034201006095, 0.0017231122590601444, 0.0007539230786884825, 0.0005051846654775242, 0.00040551292477175593, 0.00034869628337522347, 0.00035371882064888873, 0.0003220825456082821, 0.0002854615818553915, 0.00026394199618759255, 0.000245930883102119, 0.00021889153382896134, 0.00023647038518295933, 0.00021195901402582725, 0.00019710250586892167, 0.00020564717512267333, 0.00019837389700114728, 0.00020961991685908288, 0.0002060212049400434, 0.0001920716109452769]","[0.06039179302752018, 0.019951723515987396, 0.012890542391687632, 0.007213565520942211, 0.003776993020437658, 0.0024108783109113574, 0.0016928581171669066, 0.0012420745915733278, 0.0009857042750809342, 0.0008486076258122921, 0.0008011969039216638, 0.0006605534726986662, 0.0006051835371181369, 0.0005422748654382303, 0.0005008310108678415, 0.0004913931043120101, 0.0005144890310475603, 0.0004600390311679803, 0.0005538902478292584, 0.00037736828380730003, 0.003003966005053371, 0.0011367035913281143, 0.0007382472540484741, 0.0005642405449179932, 0.0003762322376132943, 0.0003411889265407808, 0.00035732983087655157, 0.00034992537257494405, 0.0002969214547192678, 0.0002472414853400551, 0.00022743563749827445, 0.0002200555391027592, 0.00022041176634957083, 0.00020066087745362893, 0.00020357207540655509, 0.00023029649310046807, 0.0002231107428087853, 0.0001954557010321878, 0.00021978771110298112, 0.00019083522420260124]",0.298065221511673,0.5667210225999149,0.267933836697202,0.6472743037979729,0.38041002321569617,0.9092167174093551,0.8888888888888884,0.3877648391479324,0.8657425724663741,39.94552534678951,cuda
SVDB,253_SVDB_id_17_Medical_tr_17803_1st_17903,MWT,pvt_autoencoder_differential_lr,128,15,15,64,100,0.001,"[0.06949658965071043, 0.03301513244708379, 0.01803838045646747, 0.010287911320726076, 0.005778410254667203, 0.0034218159038573504, 0.002331928435402612, 0.0016732357287158569, 0.0012997857760638, 0.0010511753149330615, 0.000938072451390326, 0.0007642748959672947, 0.0007189891495121022, 0.000674149669551601, 0.0005975578290720781, 0.0005050221167039126, 0.00047397527766103545, 0.00044435797026380895, 0.0004294624629740914, 0.0004385384323541075, 0.0003910327737685293, 0.00035786489606834946, 0.00038025592803023753, 0.00033409694054474434, 0.00035513793118298055, 0.0004125779669266194, 0.00034484186326153574, 0.00030600484266566735, 0.00031783337569019445, 0.0002496913104550913, 0.00023068243851109098, 0.00023307699593715369, 0.00026722537780491014, 0.00021895359386689961, 0.0002323558699572459, 0.00028422175576755154, 0.0002499111268358926, 0.000245239674889793]","[0.05617810506373644, 0.0197188938036561, 0.011544520733878016, 0.008777594193816185, 0.004835339728742838, 0.002846354036591947, 0.002139447955414653, 0.0015420796407852322, 0.0011807286937255412, 0.0010685795859899372, 0.000863409208250232, 0.0008675231656525284, 0.0007983950345078483, 0.0006600726628676057, 0.0005539546546060592, 0.0004836099033127539, 0.0004836890220758505, 0.0004200582770863548, 0.0004652372590498999, 0.000465285120299086, 0.0004107143322471529, 0.0004164405108895153, 0.0003650315193226561, 0.00034706144651863724, 0.00047191966586979106, 0.000487641358631663, 0.00032462280796607956, 0.00030806851282250136, 0.0002806452612276189, 0.0002573936872067861, 0.00022713134967489168, 0.00028300149278948084, 0.0002453073175274767, 0.00021317357823136263, 0.00028674191707978025, 0.00034067318483721465, 0.00026558630634099245, 0.00032102085242513567]",0.28864693537341013,0.5579731975440576,0.26461710385067455,0.6403042134438701,0.36953088715814586,0.9092167174093551,0.8888888888888884,0.4034101868572112,0.869623229807356,43.9190886921715,cuda
SVDB,253_SVDB_id_17_Medical_tr_17803_1st_17903,SPIRAL,cnn_autoencoder,128,15,15,64,150,0.001,"[0.11475272923707962, 0.0793322001894315, 0.052302461862564084, 0.03461382860938708, 0.024495744456847508, 0.01818852002422015, 0.014116771705448627, 0.011382035662730534, 0.009444221419592698, 0.008035468154897292, 0.0069017312799890835, 0.006122823711484671, 0.005566303587208192, 0.004906319454312325, 0.004452285170555115, 0.004121342006449898, 0.0037737268799295028, 0.0034659504114339748, 0.0032236851596583924, 0.002950392725567023, 0.002797638950869441, 0.0026461297646164896, 0.002473895267272989, 0.0023153907464196284, 0.00220047141580532, 0.0020536168944090606, 0.0019162861164659262, 0.0017349224537611008, 0.0016244753574331601, 0.0015989520509416858, 0.001451200021741291, 0.0013782627570132415, 0.001341789347740511, 0.001366671221330762, 0.0012733760212237635, 0.0012611699212963382, 0.0011895508427793781, 0.001174686208833009, 0.0011279664700850844, 0.0010376384481787682, 0.0010599693011802932, 0.0009868087052988508, 0.0009534873611604174, 0.0009363695241821309, 0.0008873284639169773, 0.0008406697073951363, 0.0008629951509647072, 0.0008681040451241036, 0.0007552812729651729, 0.0007779295789077878, 0.000743535781900088, 0.0007633066309305529, 0.0006907247782995304, 0.0007087961887009442, 0.000634592278705289, 0.0006938794821811219, 0.0006340791044446329, 0.0006457132714179655, 0.000591236469335854, 0.000667756151718398, 0.0006620010671516259, 0.0005645959094787638, 0.0006018541501058886, 0.0005059416658089806, 0.0004924488777760417, 0.0005262850628544887, 0.000508095455976824, 0.0005485694098751992, 0.0005763309736115237, 0.0005190277355723083, 0.0004705812471608321, 0.0004555196190873782, 0.0004414722342820217, 0.00046933252985278766, 0.0005365007537572335, 0.0005006060295272618, 0.0005390995026876529, 0.0004746200691442937, 0.00036657003414196273, 0.00043969988473691046, 0.00044429465391052265, 0.00041297908561925095, 0.000380953133571893, 0.000341224167884017, 0.0003657014516647905, 0.00036692156572826207, 0.0003493734150348852, 0.0003773519885726273, 0.0004229282164790978, 0.00040756597882136704, 0.0003437325804649542, 0.0003520555988264581, 0.00035134644131176176, 0.0003326195350382477]","[0.11593577638268471, 0.07265665754675865, 0.041361150331795216, 0.027628865092992783, 0.01930463593453169, 0.015460727969184518, 0.012236515525728464, 0.009650872554630041, 0.008862078422680497, 0.007767474860884249, 0.006741234567016363, 0.005596957867965102, 0.004939797450788319, 0.004666180582717061, 0.004042389336973429, 0.004717665957286954, 0.003398546192329377, 0.0035453002783469856, 0.0029900899971835315, 0.002739037270657718, 0.002546844305470586, 0.002433345071040094, 0.002270675904583186, 0.0022120822104625404, 0.0021542618051171303, 0.0019695533555932343, 0.0017391869623679668, 0.0016592025640420616, 0.0016520518984179944, 0.001524883962702006, 0.00147221380029805, 0.0013793026155326515, 0.0014399458013940603, 0.001236519223311916, 0.0012564691132865846, 0.0014741858758497983, 0.0013012543495278805, 0.001331646868493408, 0.0011116758396383375, 0.0010924259258899838, 0.0010679236729629338, 0.0008992221701191738, 0.0010834454442374408, 0.0008950302581069991, 0.0010182732512475923, 0.0008153711096383631, 0.0008176320989150554, 0.001225959073053673, 0.0007501737854909152, 0.0009077339782379568, 0.0007719216955592856, 0.0008371777657885104, 0.0006865553295938298, 0.0006960629107197747, 0.0006109420355642214, 0.0006723505794070661, 0.0005894401110708714, 0.0008769336272962391, 0.0006054015830159187, 0.0007771068922011182, 0.0005518194520846009, 0.0006548738747369498, 0.0006326199509203434, 0.0005424041301012039, 0.0004807477453141473, 0.0004771061212522909, 0.0005076383822597563, 0.0005037711525801569, 0.0005016010036342777, 0.0005034182104282081, 0.0005652575055137277, 0.0004335091507527977, 0.0004555936175165698, 0.0005783644737675786, 0.0005604433972621337, 0.000600471961661242, 0.0006084911292418838, 0.001020270079607144, 0.00037495965079870075, 0.00045466647861758247, 0.00048412272735731676, 0.0004061342988279648, 0.00035279165604151785, 0.00035215950629208237, 0.00038112857146188617, 0.0003491315073915757, 0.00034202753158751875, 0.00034494207648094743, 0.0003811214701272547, 0.0003612052314565517, 0.00033445737790316343, 0.000341875922458712, 0.00032082996767712757, 0.0003204394961358048]",0.2314575267534508,0.567235182253659,0.20516571025070043,0.6430707179296278,0.2938144380801185,0.9092167174093551,0.8888888888888884,0.41259977821094496,0.8844848482291318,62.44724130188115,cuda
SVDB,253_SVDB_id_17_Medical_tr_17803_1st_17903,SPIRAL,resnet18_autoencoder_frozen,128,15,15,64,100,0.001,"[0.10547459771235784, 0.05254714538653692, 0.02843725842734178, 0.016388606900970142, 0.010504783007005851, 0.007578554718444745, 0.005642668654521306, 0.00419507206728061, 0.00333991521038115, 0.002788489048058788, 0.0024577906044820946, 0.0022105691954493524, 0.0018831696749354403, 0.001813196553848684, 0.0016180931435277066, 0.0015278080478310584, 0.0015779638352493445, 0.0012881363198782006, 0.0012312657743071516, 0.00103374730485181, 0.0011011707635285954, 0.0009626673883758486, 0.000879373944674929, 0.0009390387179640433, 0.0008583412234050532, 0.0009576040281293293, 0.000847534144607683, 0.0008233167192277809, 0.0007470849513386686, 0.0006662003579549491, 0.0006354470543252926, 0.0006675744662061334, 0.000722591004644831, 0.0006535409581071386, 0.000668832240626216, 0.0005921937117818743, 0.0005521370544253538, 0.0005376763389601061, 0.0005180183351815988, 0.0005392535783660909, 0.0005066537162444244, 0.0005055789020843804, 0.0004464424370477597, 0.0004706787818577141, 0.0004256940990065535, 0.00044784765147293606, 0.00042511950014159086, 0.00040956527033510307, 0.0003889881268454095, 0.000384141217606763]","[0.10227546468377113, 0.05164992157369852, 0.0223281835205853, 0.014296871144324541, 0.010779156582430005, 0.006258168024942279, 0.004703400772996247, 0.0036773799802176654, 0.002977920463308692, 0.002553768688812852, 0.0021977999713271856, 0.0019289561605546623, 0.0017716923030093312, 0.0015650284476578236, 0.0014413385652005672, 0.0013633775524795055, 0.0012642058136407286, 0.0011443711118772626, 0.0010470572742633522, 0.0009489779185969383, 0.0009773261554073542, 0.0008863520779414102, 0.0007979799120221287, 0.0008329901756951585, 0.0007336339622270316, 0.0009168833057628945, 0.0007802324398653582, 0.000680242883390747, 0.0006486819038400427, 0.0006219225469976664, 0.0006044466426828876, 0.0006302888505160809, 0.0006579346663784236, 0.0006056098209228367, 0.0005690779362339526, 0.0005417557185865007, 0.0005200753948884085, 0.00048097669787239283, 0.00048690076073398814, 0.0004636310477508232, 0.0004545831834548153, 0.00042833821498788893, 0.0004101122176507488, 0.00045417861110763624, 0.00041374668217031285, 0.00040071263356367126, 0.0003693374019348994, 0.0004152745532337576, 0.00037099778273841366, 0.00038188056350918487]",0.3739856361176432,0.6212480847395266,0.3383832732308714,0.6972780832706097,0.46995547890636163,0.9092167174093551,0.8888888888888884,0.48370445997515377,0.8837604058066758,36.76744808885269,cuda
SVDB,253_SVDB_id_17_Medical_tr_17803_1st_17903,SPIRAL,resnet18_autoencoder_progressive_unfreeze,128,15,15,64,150,0.001,"[0.08489221781492233, 0.035669810324907306, 0.018498396190504234, 0.011592164263129234, 0.007560446827361981, 0.00544739185522, 0.004340848838910461, 0.003592908413459857, 0.0030769529441992444, 0.002611071647455295, 0.0022088185573617618, 0.0020059074042364953, 0.0018067956125984589, 0.0015533019555732607, 0.0014610200033833584, 0.0013541938116153082, 0.0012929704894001286, 0.001200371072627604, 0.0010909263510257006, 0.00111142824171111, 0.003931143903173506, 0.001856731375058492, 0.0013516235204103092, 0.0010313833132386207, 0.0008662969999325772, 0.0008866839809343219, 0.0007263776691009601, 0.0005901009620477756, 0.0006971487930665413, 0.0007279649803725381, 0.0005970041907858104, 0.0005678829038515687, 0.00045109507433759667, 0.000487122853519395, 0.0005416773414860169, 0.0004619905511693408, 0.0004890708349800358, 0.0004446176676234851, 0.00038067648032059275, 0.0003600252297474071, 0.00033704500334958234, 0.00032206648223412533, 0.0003421051447124531, 0.0003835621716765066, 0.00032210155526020873, 0.0003188112760350729, 0.0004224236685937891, 0.00041642925546815, 0.00037496864485243956]","[0.09363718517124653, 0.031914937775582075, 0.016970144119113684, 0.011049664812162519, 0.007111063809134066, 0.004849752062000334, 0.0037679114611819386, 0.0032696521375328302, 0.002820917288772762, 0.002351002534851432, 0.0019179806113243103, 0.0018708608986344188, 0.0016208685701712966, 0.0014336190943140537, 0.0014324007206596434, 0.001256617862964049, 0.0011748293181881309, 0.0010706759203458205, 0.0010381869651610032, 0.0009914516122080386, 0.009298861725255847, 0.00197272005607374, 0.0012447332264855504, 0.0009852433868218213, 0.0009014530223794281, 0.0007694924424868077, 0.000611453375313431, 0.0005771056312369183, 0.0007764122856315225, 0.0006828708719694987, 0.0005078960311948322, 0.0005340616480680183, 0.0004188271486782469, 0.00044507616985356435, 0.00043490707321325317, 0.00043547263339860365, 0.0004652438292396255, 0.00041642181895440444, 0.0003856569528579712, 0.00033465905289631337, 0.00032887349516386166, 0.0003206999535905197, 0.00030782140675000846, 0.0003566080122254789, 0.00036721258220495656, 0.00038427058461820707, 0.00039398686931235716, 0.0003696151834446937, 0.0003488353395368904]",0.38804461452962324,0.6157006507336475,0.3601127662199402,0.6932225490534596,0.482914816502671,0.9092167174093551,0.8888888888888884,0.5070054075448872,0.8797401827605071,38.74599021510221,cuda
SVDB,253_SVDB_id_17_Medical_tr_17803_1st_17903,SPIRAL,resnet18_autoencoder_differential_lr,128,15,15,64,100,0.001,"[0.10200855831305186, 0.04500495878358682, 0.022205616161227227, 0.01257609569778045, 0.008221427164971828, 0.006015421884755293, 0.004756091473003228, 0.0037531796066711345, 0.003101872466504574, 0.0027400970303763945, 0.0024167997607340416, 0.0020879493871082864, 0.001815446101439496, 0.0016025817797829707, 0.0014819806984936199, 0.001344059236968557, 0.001334466653255125, 0.0011880599117527406, 0.0011707807037358482, 0.0011664688858824472, 0.0010168984609966478, 0.0010450812289491296, 0.0008747139247134328, 0.00087424034330373, 0.0008371326761941115, 0.0008039534402390321, 0.0007241554092615842, 0.0006813047104515136, 0.0006514363883373638, 0.0006909474226025244, 0.0007160364921825628, 0.0006579514845119169, 0.0005543225832904379, 0.0005151696755395581, 0.0005128074301561961, 0.0005200943172288438, 0.00047964670229703186, 0.0005030609473275642, 0.000490010353193308, 0.0004437875216050694, 0.0004340823118885358, 0.000438160744185249, 0.0004460044127578537, 0.000486560914820681, 0.0004760070490495612, 0.00040764368410843116, 0.0004208389165190359, 0.0003715768456459045, 0.000374181562801823, 0.00043387534678913654]","[0.10178860463202, 0.031390097457915545, 0.016576900612562895, 0.01014901977032423, 0.0068719955161213875, 0.005615993053652346, 0.004309487412683666, 0.003571010835003108, 0.002833913662470877, 0.0025210737949237227, 0.002149006410036236, 0.0018939907022286206, 0.001699472893960774, 0.001583044824656099, 0.0013880229962524027, 0.0012715673656202853, 0.0012540424067992717, 0.0012502486060839146, 0.0010615864885039628, 0.0009797040111152455, 0.0009696494089439511, 0.0009497181745246053, 0.0008447466389043257, 0.0008455432835035026, 0.0009632466390030459, 0.00075603584991768, 0.0006534858694067225, 0.0006160461634863168, 0.0006281744572333992, 0.0006692591123282909, 0.0007933647721074522, 0.0005544565865420736, 0.0005353384040063247, 0.0005371579609345645, 0.0005322839569998905, 0.00048626508214510977, 0.0004883378351223655, 0.0005033236520830542, 0.0004632349227904342, 0.0004343172622611746, 0.0005084228396299295, 0.00047036031901370734, 0.000430146639700979, 0.0005781877553090453, 0.00045389661681838334, 0.0003930254533770494, 0.00039912019565235823, 0.00042245951772201806, 0.0004064058812218718, 0.00041581069672247395]",0.35456067503994493,0.5929230651446189,0.3152103692524956,0.6676679547243113,0.45879957228293256,0.9092167174093551,0.8888888888888884,0.5093227404374038,0.8804333051111366,41.512728079920635,cuda
SVDB,253_SVDB_id_17_Medical_tr_17803_1st_17903,SPIRAL,pvt_autoencoder_frozen,128,15,15,64,100,0.001,"[0.104878764351209, 0.05073981235424677, 0.028730104491114617, 0.017564084753394126, 0.011176953588922818, 0.007571337806681792, 0.005654141306877136, 0.00443420105924209, 0.0037172356930871803, 0.0031095112829158706, 0.0025352458314349255, 0.002255274448543787, 0.0020677174907177687, 0.0018083552209039529, 0.0017177555942907929, 0.001496970032652219, 0.001330455020070076, 0.00136611630829672, 0.0013027256354689598, 0.0012527383669900397, 0.0010978859228392443, 0.0010929183995661636, 0.0010068269330076873, 0.0009155796491540968, 0.0008288855974872907, 0.0007642108520182471, 0.0007483821672697861, 0.0008324071842556198, 0.000715802947524935, 0.0007707944721914827, 0.0007672265676471094, 0.0007213939796201884, 0.0008492590471481284, 0.0007020461023785173, 0.0006082216316523651, 0.0006248844438232481, 0.000589260757745554, 0.0005680486152414233, 0.0005808485012191038, 0.0005954041165144494, 0.0005604845006018877, 0.0004928855768715341, 0.000507912744069472, 0.0004747829322392742, 0.00043951506959274413, 0.00048487140447832643, 0.0005092528027792772, 0.0005092986141486714, 0.0005447674600873142, 0.0005256172871061911, 0.00043685410443382956, 0.00040582369547337294, 0.0005274620392204573, 0.0004501106857787818, 0.0004430908690361927, 0.00040982601931318643, 0.0004871050148115804, 0.00045276357559487224, 0.00043409657082520424, 0.00046237749241602916, 0.0003811945479052762]","[0.09734992682933807, 0.04433743003755808, 0.02410730952396989, 0.014507210114970803, 0.009474522899836302, 0.006542718154378235, 0.0049576994497329, 0.0040775222587399185, 0.0034304941655136645, 0.002844972303137183, 0.002381657774094492, 0.0021143581834621727, 0.0019144175457768142, 0.0017724950448609889, 0.0015041898586787283, 0.0013669751060660928, 0.0014395369798876345, 0.0014006364217493683, 0.001193827687529847, 0.0011027968430425972, 0.0010117504571098834, 0.00099362205946818, 0.0009474962716922164, 0.0008490148175042123, 0.0007899721967987716, 0.0007454054866684601, 0.0008025388087844476, 0.0007179797103162855, 0.0007375705608865246, 0.0006920890882611275, 0.0006754462083335966, 0.0007826608780305833, 0.0007239925325848162, 0.0006194620073074475, 0.0005952759820502251, 0.0005578962300205603, 0.0005569423810811713, 0.0005899967218283564, 0.0006213533342815936, 0.000544318842003122, 0.0005068973914603703, 0.00046518554154317826, 0.00045424878771882504, 0.0004512776285992004, 0.0004446136226761155, 0.00046588911209255457, 0.0004233337240293622, 0.0005210996168898419, 0.0005291927955113351, 0.0005310968845151365, 0.00040672698378330097, 0.0004015158556285314, 0.0004306867194827646, 0.00038040272920625284, 0.0003732589102583006, 0.0004158994051977061, 0.0006022737943567336, 0.00045112289080861956, 0.0004180446994723752, 0.0003718057632795535, 0.0003330979379825294]",0.4148142420971838,0.6516562320848627,0.374618341715236,0.724272278780012,0.5282718888962927,0.9092167174093551,0.8888888888888884,0.4901866230424856,0.8854899598934044,50.57018138305284,cuda
SVDB,253_SVDB_id_17_Medical_tr_17803_1st_17903,SPIRAL,pvt_autoencoder_progressive_unfreeze,128,15,15,64,150,0.001,"[0.10439070661862691, 0.05414708405733108, 0.028430199126402537, 0.015883637716372807, 0.010087435009578864, 0.007173833902925253, 0.0053361998250087105, 0.004440135105202595, 0.0035732113445798557, 0.0029886773321777583, 0.0024769642545531194, 0.002215972946335872, 0.002007754302273194, 0.0018097826046869158, 0.0015764250497644146, 0.0014835250253478686, 0.0013145332767938575, 0.0012703523815919956, 0.0011302399022194247, 0.001187471125740558, 0.012725339007253448, 0.007085678338383635, 0.0031588379992172123, 0.0015841106651350856, 0.001162796486945202, 0.0010366994693564871, 0.0011777212028391659, 0.000854488128485779, 0.0007394701397667329, 0.0006181469439373662, 0.0008278817016010483, 0.0008505650330334902, 0.0007733850080209474, 0.0006980257555066297, 0.000579723467429479, 0.0006174168568880608, 0.0006283882927770416, 0.0007411814449975888, 0.0005597152766616394, 0.0005970876508702834, 0.0005907682527322323, 0.0006994361930992455, 0.0005811855779029429, 0.0005934306265165408, 0.000537861908863609, 0.00046260985157762965, 0.00042625668575055895, 0.00046008726155074935, 0.0004055441376597931, 0.0004319833688593159, 0.0004092357819899917, 0.00039873765005419653, 0.00044015825648481647, 0.00039197904407046736, 0.0005312142990684757, 0.00048812008656871816, 0.0004986086064794411, 0.00041924858621011175, 0.0003731650746582697, 0.00029980362645195174, 0.00032478450642277795, 0.0002610938953390966]","[0.10392039269208908, 0.03974391706287861, 0.021521630231291056, 0.01187072554603219, 0.008207496372051537, 0.00599216774571687, 0.00481935020070523, 0.0038977982476353645, 0.003438969317357987, 0.0026972806081175804, 0.0022950639249756932, 0.002307198185008019, 0.001835864968597889, 0.001758076366968453, 0.0015275168407242745, 0.0015197648026514798, 0.0012730322778224945, 0.0011801704240497202, 0.0011505898728501052, 0.0011031139001715928, 0.010439626523293555, 0.011095927329733968, 0.0024584404891356826, 0.0013244516449049115, 0.0013606591382995248, 0.0010085491521749645, 0.000924343679798767, 0.0010426448134239763, 0.0006860204739496112, 0.0007058949995553121, 0.0011126157478429377, 0.0010107772977789864, 0.0009020371362566948, 0.0006242829404072836, 0.0006118549790699035, 0.0005834324401803315, 0.0006352997734211385, 0.000766829019994475, 0.0005679880996467546, 0.0005720529734389856, 0.0008282114577013999, 0.0005654421838698909, 0.0004646590678021312, 0.0004833969724131748, 0.0006621349457418546, 0.00047036453179316595, 0.0004283930247765966, 0.0015909318171907216, 0.0005246686341706663, 0.0005178344581509009, 0.00036758597707375884, 0.00033088123018387705, 0.0003810471826000139, 0.00043236607598373666, 0.0010841121547855437, 0.0006310787866823375, 0.00035531725734472275, 0.0004152431938564405, 0.0002809602301567793, 0.00024931965162977576, 0.0003809337067650631, 0.00023374967713607475]",0.39748518604883576,0.6073886411971663,0.3528613092966591,0.6877831666818393,0.5029646226305856,0.9092167174093551,0.8888888888888884,0.524430803985224,0.8978004912925521,63.65319923707284,cuda
SVDB,253_SVDB_id_17_Medical_tr_17803_1st_17903,SPIRAL,pvt_autoencoder_differential_lr,128,15,15,64,100,0.001,"[0.11465700517098108, 0.06103304103016853, 0.034598292162021003, 0.02244884694616, 0.016796823218464853, 0.013483971419433752, 0.011317809422810873, 0.009364162602772315, 0.006202726624906063, 0.004243782007445892, 0.0032861612271517515, 0.002537076019992431, 0.002101191102216641, 0.001980995883544286, 0.0017542014596983791, 0.0014819288238262136, 0.0014755644602701067, 0.0014478953011954824, 0.0015713598501558106, 0.0014792260713875293, 0.0011901088796245555, 0.0011265229200944304, 0.0012107082060538233, 0.0012333969197546443, 0.0009747599600814283, 0.000870816851966083, 0.0007985997479408979, 0.0008267087590259811, 0.000875442575973769, 0.0007474174955859781, 0.0007406622947504123, 0.0007912052213214337, 0.0007396416272968054, 0.0006973038408129166, 0.0006119121758577724, 0.000632788004198422, 0.000582760254231592, 0.000603357624883453, 0.0007055900952157875, 0.0007311833129885296, 0.0006080427362273136, 0.0005933438971017798, 0.0005168954861195137, 0.0006212697733038416, 0.0005909441718055556, 0.0005666909254311274, 0.0005779064008189986]","[0.11192291788756847, 0.057119096629321575, 0.04042661562561989, 0.02909796079620719, 0.016019805800169706, 0.014437549281865358, 0.012385714799165726, 0.01227496238425374, 0.005338168004527688, 0.00356441515032202, 0.002939099445939064, 0.0022058605682104826, 0.0020897173089906573, 0.0020253520051483065, 0.0016068160184659064, 0.0015014411765150726, 0.001398624386638403, 0.0017994692898355424, 0.002595704630948603, 0.0013490545970853418, 0.0012181877391412854, 0.001018024660879746, 0.001375630177790299, 0.0009497055143583566, 0.0009333803900517523, 0.0008321438799612224, 0.0010121767409145832, 0.0009108084486797452, 0.0007738391141174361, 0.000929718415136449, 0.0011497257219161838, 0.0014396900369320065, 0.0008195624686777592, 0.0006639686616836116, 0.0006410971545847133, 0.0017226614872924984, 0.0005595410329988226, 0.000553536978259217, 0.0007640137191629037, 0.0007165823190007359, 0.0006475798290921375, 0.0005310589185683057, 0.000491744554892648, 0.0020381582726258785, 0.0006064409244572744, 0.0005111920108902268, 0.000811850986792706]",0.32064518300154427,0.5879004280147341,0.282652158791192,0.6644980979183852,0.40140845703839634,0.9092167174093551,0.8888888888888884,0.45829184459731304,0.8833496616644166,53.18359038303606,cuda
