dataset,file_path,ts2i_transformation_pretty_name,model,latent_dim,window_length,stride,image_size,epochs,learning_rate,train_losses,val_losses,AUC_PR,AUC_ROC,VUS_PR,VUS_ROC,Standard_F1,PA_F1,Event_F1,R_F1,Affiliation_F,training_time_s,device
TAO,257_TAO_id_1_Environment_tr_500_1st_3,RN,cnn_autoencoder,128,10,10,64,150,0.001,"[0.21192224323749542, 0.20733745396137238, 0.20281843841075897, 0.1990792453289032, 0.19583170115947723, 0.19295942783355713, 0.1903175264596939, 0.18782639503479004, 0.18543244898319244, 0.18310587108135223, 0.18084152042865753, 0.1786324679851532, 0.17649264633655548, 0.17442284524440765, 0.1724337488412857, 0.17049908638000488, 0.16861853003501892, 0.16679689288139343, 0.16502246260643005, 0.16329975426197052, 0.161625474691391, 0.15999431908130646, 0.15839964151382446, 0.15684153139591217, 0.15532231330871582, 0.15383177995681763, 0.15238307416439056, 0.15096017718315125, 0.1495661437511444, 0.14820480346679688, 0.14687581360340118, 0.14557278156280518, 0.144300177693367, 0.14305399358272552, 0.14182893931865692, 0.14062561094760895, 0.13944417238235474, 0.1382879763841629, 0.13714699447155, 0.13603225350379944, 0.13493676483631134, 0.13385626673698425, 0.13279058039188385, 0.1317434459924698, 0.1307133138179779, 0.1296992003917694, 0.1286989003419876, 0.127715066075325, 0.12673909962177277, 0.12577714025974274, 0.12483097612857819, 0.12389889359474182, 0.1229792982339859, 0.12207017093896866, 0.12117365747690201, 0.1202910915017128, 0.11941917985677719, 0.11855980008840561, 0.11770767718553543, 0.11686544865369797, 0.11603374034166336, 0.11521044373512268, 0.11439510434865952, 0.11358915269374847, 0.11317584663629532, 0.1127544641494751, 0.11232903599739075]","[0.20010794699192047, 0.19993217289447784, 0.19976207613945007, 0.19958461821079254, 0.1993914246559143, 0.19917799532413483, 0.19894082844257355, 0.19867545366287231, 0.1983797550201416, 0.19805137813091278, 0.19768686592578888, 0.19728513062000275, 0.19684934616088867, 0.1963815540075302, 0.19588017463684082, 0.19534936547279358, 0.19479550421237946, 0.19422176480293274, 0.19363631308078766, 0.1930401474237442, 0.192440003156662, 0.19183574616909027, 0.19123083353042603, 0.1906212419271469, 0.19000594317913055, 0.18939010798931122, 0.18877092003822327, 0.1881607174873352, 0.18756729364395142, 0.18698781728744507, 0.1864217072725296, 0.1858745962381363, 0.18533021211624146, 0.18479323387145996, 0.18426796793937683, 0.1837795227766037, 0.1833360195159912, 0.18292291462421417, 0.18252144753932953, 0.1821296215057373, 0.18175972998142242, 0.1814137101173401, 0.1811167299747467, 0.18085578083992004, 0.1806202232837677, 0.18039309978485107, 0.18018586933612823, 0.18001219630241394, 0.1798626035451889, 0.17973467707633972, 0.17964108288288116, 0.17957423627376556, 0.1795387715101242, 0.17952533066272736, 0.1795143336057663, 0.17949505150318146, 0.17947699129581451, 0.17949970066547394, 0.17957885563373566, 0.1796581745147705, 0.17969825863838196, 0.1797703355550766, 0.1798599362373352, 0.18005163967609406, 0.1802235245704651, 0.18038730323314667, 0.18055088818073273]",0.09422687712936657,0.49818138944928464,0.8720092564612929,0.9393137870310098,0.17412871975510505,0.17407447854100688,0.1737608777903895,0.10089017456733854,0.6738632611565495,9.43338743201457,cuda
TAO,257_TAO_id_1_Environment_tr_500_1st_3,RN,resnet18_autoencoder_frozen,128,10,10,64,100,0.001,"[0.2123744785785675, 0.20072348415851593, 0.19326251745224, 0.18816794455051422, 0.1839289367198944, 0.18017229437828064, 0.17663566768169403, 0.1732836812734604, 0.1700918823480606, 0.16699041426181793, 0.1639278531074524, 0.16092704236507416, 0.1579931378364563, 0.15510617196559906, 0.15226538479328156, 0.149503692984581, 0.1468159705400467, 0.14416350424289703, 0.14157743752002716, 0.13905303180217743, 0.13658453524112701, 0.13417185842990875, 0.13182342052459717, 0.12953950464725494, 0.12728266417980194, 0.12510104477405548, 0.12298016995191574, 0.12092675268650055, 0.11893151700496674, 0.11699189245700836, 0.11510291695594788, 0.11326462775468826, 0.11146748065948486, 0.10971491783857346, 0.10799115896224976, 0.1063067689538002, 0.10466555505990982, 0.10305061936378479, 0.1014699637889862, 0.09992239624261856, 0.09910466521978378, 0.09827106446027756]","[0.19877447187900543, 0.1982554942369461, 0.1976916342973709, 0.19700846076011658, 0.19609495997428894, 0.19500643014907837, 0.19379112124443054, 0.19248329102993011, 0.19110743701457977, 0.18968860805034637, 0.1882597953081131, 0.18683667480945587, 0.1854432076215744, 0.18409501016139984, 0.18278928101062775, 0.18152351677417755, 0.1803022176027298, 0.17913545668125153, 0.17802634835243225, 0.1769973486661911, 0.17605553567409515, 0.17519204318523407, 0.17440097033977509, 0.1736791878938675, 0.1730138212442398, 0.17243711650371552, 0.17195090651512146, 0.1715192347764969, 0.1712079495191574, 0.17107152938842773, 0.17096537351608276, 0.17078737914562225, 0.1706995666027069, 0.1707000732421875, 0.17070411145687103, 0.1707170307636261, 0.17077377438545227, 0.17088089883327484, 0.1707964539527893, 0.17082002758979797, 0.17092138528823853, 0.1711500734090805]",0.0966745070360916,0.5071434405953946,0.8718202515168761,0.9411125015526592,0.17569852247294027,0.17533738539198518,0.17512107034392166,0.11233340550912002,0.675200702347128,9.477717828005552,cuda
TAO,257_TAO_id_1_Environment_tr_500_1st_3,RN,resnet18_autoencoder_progressive_unfreeze,128,10,10,64,150,0.001,"[0.20350006222724915, 0.1916961818933487, 0.18407629430294037, 0.17857131361961365, 0.1740780919790268, 0.16993388533592224, 0.16625966131687164, 0.16279476881027222, 0.15947003662586212, 0.15625572204589844, 0.15315422415733337, 0.1501137763261795, 0.1471455842256546, 0.14428241550922394, 0.14150992035865784, 0.13877081871032715, 0.13606321811676025, 0.1334129124879837, 0.13084867596626282, 0.12834762036800385, 0.1259033977985382, 0.13808688521385193, 0.13067324459552765, 0.12378653138875961, 0.12037289142608643, 0.1170569658279419, 0.11425910145044327, 0.11174486577510834, 0.10926512628793716, 0.10688956826925278, 0.10460089892148972, 0.10230059176683426, 0.10010571777820587, 0.09797559678554535, 0.0959361270070076, 0.0939459502696991, 0.0920090526342392, 0.09012149274349213, 0.08826462179422379, 0.08645221590995789, 0.08468367159366608, 0.08374444395303726, 0.08276352286338806, 0.08179999887943268]","[0.18788069486618042, 0.18771463632583618, 0.18754437565803528, 0.18726998567581177, 0.18681848049163818, 0.18620386719703674, 0.185441255569458, 0.1845519244670868, 0.18356049060821533, 0.18248867988586426, 0.1813632845878601, 0.180203378200531, 0.17903415858745575, 0.177873432636261, 0.17672698199748993, 0.17562273144721985, 0.174581840634346, 0.1736401468515396, 0.17279677093029022, 0.17205117642879486, 0.17142583429813385, 0.17113538086414337, 0.17028766870498657, 0.1694212108850479, 0.16870702803134918, 0.1681746244430542, 0.1677597314119339, 0.16737689077854156, 0.16702239215373993, 0.16670717298984528, 0.16643176972866058, 0.16626298427581787, 0.16619206964969635, 0.16614051163196564, 0.16618721187114716, 0.1663242131471634, 0.16666285693645477, 0.1670936495065689, 0.16741065680980682, 0.16779975593090057, 0.16826535761356354, 0.1687002182006836, 0.16907794773578644, 0.16943465173244476]",0.09203786010398332,0.4935578033033981,0.8650367196185045,0.9384590194453984,0.17412871975510505,0.173852155646694,0.17368420642848612,0.10568815659243108,0.6736953685938535,10.738043584860861,cuda
TAO,257_TAO_id_1_Environment_tr_500_1st_3,RN,resnet18_autoencoder_differential_lr,128,10,10,64,100,0.001,"[0.20983284711837769, 0.19754235446453094, 0.18857987225055695, 0.1851816326379776, 0.18260206282138824, 0.17984497547149658, 0.17729926109313965, 0.1749260276556015, 0.172528937458992, 0.17022378742694855, 0.1679338961839676, 0.16563352942466736, 0.16331987082958221, 0.16100488603115082, 0.15864835679531097, 0.15628178417682648, 0.15390990674495697, 0.15153904259204865, 0.1491512507200241, 0.14673729240894318, 0.14431090652942657, 0.1418684422969818, 0.13943570852279663, 0.13704311847686768, 0.13467435538768768, 0.13232211768627167, 0.1299695372581482, 0.1276549994945526, 0.12535956501960754, 0.12310266494750977, 0.12088818103075027, 0.1187136173248291, 0.11656130850315094, 0.1144356057047844, 0.11236492544412613, 0.11032812297344208, 0.10834703594446182, 0.10640367865562439, 0.10448882728815079, 0.10266836732625961, 0.10089486092329025, 0.09907614439725876, 0.09730102121829987, 0.09560904651880264, 0.09460899978876114]","[0.18786799907684326, 0.1875983476638794, 0.18734155595302582, 0.1870870590209961, 0.18677552044391632, 0.1863657385110855, 0.18580353260040283, 0.18508487939834595, 0.1842658370733261, 0.18337459862232208, 0.1824268102645874, 0.18142424523830414, 0.18036742508411407, 0.17926444113254547, 0.17815010249614716, 0.17704953253269196, 0.17598088085651398, 0.17494340240955353, 0.17394086718559265, 0.17299747467041016, 0.1721186339855194, 0.17129018902778625, 0.17050765454769135, 0.16979965567588806, 0.1691666692495346, 0.16858763992786407, 0.16806858777999878, 0.1676212102174759, 0.16725124418735504, 0.16693541407585144, 0.16666245460510254, 0.1664806753396988, 0.16636022925376892, 0.16626405715942383, 0.16622507572174072, 0.16621394455432892, 0.16617761552333832, 0.16626222431659698, 0.16624779999256134, 0.16649705171585083, 0.16647887229919434, 0.1667643040418625, 0.1669505387544632, 0.16719523072242737, 0.16741733253002167]",0.0913260546777859,0.4952698145068611,0.8641475986861079,0.936983518538535,0.1748006428573399,0.17480223808605055,0.17480223808605036,0.10823535354730322,0.6788375611335533,10.401483511086553,cuda
TAO,257_TAO_id_1_Environment_tr_500_1st_3,RN,pvt_autoencoder_frozen,128,10,10,64,100,0.001,"[0.20604610443115234, 0.19622327387332916, 0.18930889666080475, 0.18494731187820435, 0.18161684274673462, 0.17895764112472534, 0.17672742903232574, 0.1747383326292038, 0.1729358583688736, 0.17132815718650818, 0.16988971829414368, 0.1685790717601776, 0.16735303401947021, 0.16621319949626923, 0.16515786945819855, 0.16419319808483124, 0.16330894827842712, 0.1624850034713745, 0.16170288622379303, 0.16095681488513947, 0.16023904085159302, 0.15954704582691193, 0.1588611751794815, 0.1581784039735794, 0.15749198198318481, 0.1567910611629486, 0.15606474876403809, 0.15530668199062347, 0.15450997650623322, 0.153654545545578, 0.15272872149944305, 0.15173085033893585, 0.15064573287963867, 0.14945755898952484, 0.1481882929801941, 0.14685164391994476, 0.14546571671962738, 0.14389748871326447, 0.14211173355579376, 0.1403995305299759, 0.1385803520679474, 0.13659989833831787, 0.13456128537654877, 0.13270412385463715, 0.1312934309244156, 0.13016298413276672, 0.1287647932767868]","[0.1856667548418045, 0.1855439990758896, 0.18540535867214203, 0.1851930171251297, 0.18486185371875763, 0.18441277742385864, 0.1838371753692627, 0.18313540518283844, 0.18231725692749023, 0.18139168620109558, 0.18038266897201538, 0.17930276691913605, 0.17816247045993805, 0.17698857188224792, 0.1758182942867279, 0.17466510832309723, 0.17354710400104523, 0.17248159646987915, 0.1714794933795929, 0.17055323719978333, 0.16969551146030426, 0.16889838874340057, 0.1681583672761917, 0.1674697995185852, 0.1668403595685959, 0.16625700891017914, 0.16570569574832916, 0.16517823934555054, 0.16470611095428467, 0.16429369151592255, 0.16392114758491516, 0.16356094181537628, 0.1632068157196045, 0.16298480331897736, 0.16268956661224365, 0.16277334094047546, 0.16242752969264984, 0.16254426538944244, 0.16258017718791962, 0.16253730654716492, 0.16275879740715027, 0.16284264624118805, 0.16292285919189453, 0.1631671041250229, 0.16340617835521698, 0.16350194811820984, 0.1636091023683548]",0.09117215237820349,0.4921232072686884,0.8631159447992877,0.9379267050315496,0.17606029271960036,0.17547716598381133,0.17528941896294709,0.10654105601820966,0.675683422917839,11.547205799957737,cuda
TAO,257_TAO_id_1_Environment_tr_500_1st_3,RN,pvt_autoencoder_progressive_unfreeze,128,10,10,64,150,0.001,"[0.20200440287590027, 0.19343596696853638, 0.18668651580810547, 0.18227647244930267, 0.17901206016540527, 0.17625893652439117, 0.1739071011543274, 0.17186065018177032, 0.17007087171077728, 0.16845950484275818, 0.1670002043247223, 0.16567836701869965, 0.16447849571704865, 0.16337352991104126, 0.16233766078948975, 0.16136495769023895, 0.16043774783611298, 0.15954232215881348, 0.1586592048406601, 0.1577831506729126, 0.15691062808036804, 0.15793244540691376, 0.1586916148662567, 0.1564752608537674, 0.15508638322353363, 0.15365436673164368, 0.15367470681667328, 0.1530071347951889, 0.1522073596715927, 0.15073968470096588, 0.14949072897434235, 0.14816398918628693, 0.1466538906097412, 0.14511655271053314, 0.14350564777851105, 0.14183492958545685, 0.13985960185527802, 0.13773207366466522, 0.13550956547260284, 0.13332006335258484, 0.1308218538761139, 0.1283329725265503, 0.12682539224624634, 0.12525074183940887, 0.12361738830804825]","[0.19121795892715454, 0.1908382624387741, 0.19040115177631378, 0.1898258477449417, 0.18910080194473267, 0.1882367730140686, 0.18722225725650787, 0.1860625445842743, 0.18477192521095276, 0.1833777129650116, 0.18192021548748016, 0.1804496943950653, 0.17899557948112488, 0.1775888055562973, 0.17624379694461823, 0.1749742329120636, 0.1737956553697586, 0.17269155383110046, 0.17167308926582336, 0.1707272082567215, 0.16896481812000275, 0.16937847435474396, 0.16741222143173218, 0.1666775941848755, 0.1660498082637787, 0.16523535549640656, 0.1656634360551834, 0.16538827121257782, 0.1646793931722641, 0.16413353383541107, 0.16393156349658966, 0.16385990381240845, 0.16369131207466125, 0.1634165197610855, 0.1631147265434265, 0.163153275847435, 0.1632566750049591, 0.16344135999679565, 0.16362547874450684, 0.16372306644916534, 0.16385510563850403, 0.16415497660636902, 0.1644774079322815, 0.1646309792995453, 0.1647728681564331]",0.09041796129141472,0.48733394261924096,0.8614851931210062,0.9374203242923952,0.17412871975510505,0.17368909034717214,0.17351813546303188,0.10362663954181009,0.6736953685938535,11.868201941950247,cuda
TAO,257_TAO_id_1_Environment_tr_500_1st_3,RN,pvt_autoencoder_differential_lr,128,10,10,64,100,0.001,"[0.21108466386795044, 0.20264072716236115, 0.19553059339523315, 0.19123752415180206, 0.1882106214761734, 0.18590940535068512, 0.18391068279743195, 0.1821255385875702, 0.18064457178115845, 0.17886343598365784, 0.17726992070674896, 0.17562636733055115, 0.17406006157398224, 0.17259842157363892, 0.1712227463722229, 0.16990385949611664, 0.16865161061286926, 0.16747567057609558, 0.16637614369392395, 0.16534015536308289, 0.16436821222305298, 0.16345660388469696, 0.1626097857952118, 0.16181780397891998, 0.16107307374477386, 0.16036932170391083, 0.15969260036945343, 0.15904104709625244, 0.1584072858095169, 0.15779012441635132, 0.15718984603881836, 0.1566079556941986, 0.15604504942893982, 0.1554935723543167, 0.15494640171527863, 0.15440398454666138, 0.15385916829109192, 0.1534387171268463, 0.15371662378311157, 0.1529221534729004, 0.15249751508235931, 0.15148283541202545, 0.15114827454090118, 0.15058641135692596, 0.14977596700191498, 0.14945794641971588, 0.14910776913166046, 0.14869537949562073]","[0.19079220294952393, 0.19071030616760254, 0.19053490459918976, 0.1903051882982254, 0.18994219601154327, 0.18943630158901215, 0.1888033151626587, 0.18807269632816315, 0.18731589615345, 0.18637318909168243, 0.18535898625850677, 0.18431055545806885, 0.18325243890285492, 0.18220148980617523, 0.18113522231578827, 0.18003764748573303, 0.1788908690214157, 0.17769762873649597, 0.17645761370658875, 0.17520499229431152, 0.1739860326051712, 0.17282737791538239, 0.1717352569103241, 0.17071686685085297, 0.1697510927915573, 0.168863907456398, 0.1680559366941452, 0.16730134189128876, 0.16658762097358704, 0.16592229902744293, 0.1653667390346527, 0.16487812995910645, 0.16446705162525177, 0.16409745812416077, 0.16376516222953796, 0.16344936192035675, 0.16346032917499542, 0.16312181949615479, 0.16442473232746124, 0.16505415737628937, 0.16387112438678741, 0.16382087767124176, 0.16389034688472748, 0.16377979516983032, 0.16381438076496124, 0.16386792063713074, 0.16387170553207397, 0.16382868587970734]",0.09086723293735648,0.48965215733960904,0.8628597047155083,0.9378192467633499,0.1748006428573399,0.17480223808605055,0.17480223808605036,0.10479083508339322,0.6788375611335533,13.399196165148169,cuda
TAO,257_TAO_id_1_Environment_tr_500_1st_3,LP,cnn_autoencoder,128,10,10,64,150,0.001,"[0.2096613496541977, 0.20357322692871094, 0.19655881822109222, 0.19045159220695496, 0.18505854904651642, 0.18018800020217896, 0.1757892668247223, 0.17161639034748077, 0.16767221689224243, 0.16394801437854767, 0.16039922833442688, 0.15699639916419983, 0.1536688357591629, 0.15046246349811554, 0.14735794067382812, 0.14431904256343842, 0.14138157665729523, 0.1385311335325241, 0.13576823472976685, 0.1330879181623459, 0.13046376407146454, 0.1279199719429016, 0.12544062733650208, 0.12303023785352707, 0.12067680805921555, 0.11837635189294815, 0.1161307618021965, 0.11393846571445465, 0.11179886013269424, 0.10971243679523468, 0.10768655687570572, 0.10571160167455673, 0.10378244519233704, 0.10190006345510483, 0.10006105154752731, 0.09826900064945221, 0.09651713073253632, 0.09481483697891235, 0.09315308183431625, 0.0915331095457077, 0.08995335549116135, 0.08840995281934738, 0.08689972758293152, 0.08542844653129578, 0.08398937433958054, 0.08258649706840515, 0.08121649920940399, 0.07987672835588455, 0.07857125252485275, 0.07729379087686539, 0.07604262232780457, 0.07482590526342392, 0.07363453507423401, 0.07246827334165573, 0.0713253766298294, 0.07020796090364456, 0.0691228061914444, 0.06805428862571716, 0.06701257079839706, 0.0659920871257782, 0.06499117612838745, 0.06401613354682922, 0.0630604550242424, 0.062126219272613525, 0.06120632216334343, 0.06030987575650215, 0.059429168701171875, 0.0585661418735981, 0.05771680548787117, 0.05688616260886192, 0.05606969818472862, 0.055273618549108505, 0.05448981001973152, 0.05372372269630432, 0.05297244340181351, 0.052233364433050156, 0.051509808748960495, 0.05079810321331024, 0.05010274425148964, 0.04941602796316147, 0.04874540865421295, 0.048084523528814316, 0.04743652790784836, 0.04680002108216286, 0.0461757630109787, 0.0455639585852623, 0.044963084161281586, 0.04437443986535072, 0.04379843920469284, 0.043229419738054276, 0.04267728701233864, 0.042133476585149765, 0.04160028323531151, 0.041076838970184326, 0.04056171700358391, 0.040058791637420654, 0.039564792066812515, 0.03907974436879158, 0.038603298366069794, 0.03813610598444939, 0.03767817094922066, 0.03722929209470749, 0.03678705543279648, 0.036356572061777115, 0.03593069314956665, 0.03551383689045906, 0.03510332852602005, 0.03470058739185333, 0.034306276589632034, 0.03391848877072334, 0.03353779390454292, 0.03316505625844002, 0.032799702137708664, 0.03244209289550781, 0.03209014609456062, 0.031743526458740234, 0.03140232712030411, 0.031067200005054474, 0.030739877372980118, 0.030418267473578453, 0.030103720724582672, 0.02979341149330139, 0.029488222673535347, 0.0291892159730196, 0.028897272422909737, 0.02860851399600506, 0.028327222913503647, 0.028049558401107788, 0.027777204290032387, 0.027511321008205414, 0.02724842168390751, 0.026987330988049507, 0.02673433907330036, 0.02648504264652729, 0.02623986452817917, 0.026000330224633217, 0.025762347504496574, 0.025529557839035988, 0.025299783796072006, 0.02507517673075199, 0.024853050708770752, 0.024634644389152527, 0.024418752640485764, 0.02420860528945923, 0.023999685421586037, 0.02379613369703293, 0.023594968020915985, 0.02339460700750351, 0.023201463744044304, 0.02300887554883957]","[0.21976463496685028, 0.21847772598266602, 0.21718518435955048, 0.21582180261611938, 0.21430592238903046, 0.2126755565404892, 0.21090884506702423, 0.20896576344966888, 0.20682457089424133, 0.2044508010149002, 0.20182901620864868, 0.19889749586582184, 0.1957056075334549, 0.19230113923549652, 0.1887296587228775, 0.18502195179462433, 0.18118929862976074, 0.1772947907447815, 0.17335765063762665, 0.16938190162181854, 0.16539828479290009, 0.1614341139793396, 0.15753436088562012, 0.15371963381767273, 0.14998836815357208, 0.146322563290596, 0.14271819591522217, 0.13917024433612823, 0.13563522696495056, 0.13224424421787262, 0.12897828221321106, 0.12583990395069122, 0.12278204411268234, 0.11982650309801102, 0.11697299033403397, 0.11421415954828262, 0.11155974864959717, 0.10899017006158829, 0.10649902373552322, 0.10409072786569595, 0.10176178067922592, 0.09951794147491455, 0.0973735824227333, 0.09531496465206146, 0.09334859251976013, 0.09143815189599991, 0.08956138044595718, 0.08776353299617767, 0.08600113540887833, 0.08426741510629654, 0.08258463442325592, 0.08092275261878967, 0.07929253578186035, 0.07769320160150528, 0.07611807435750961, 0.0745989978313446, 0.0731029286980629, 0.07160341739654541, 0.07022092491388321, 0.06895079463720322, 0.06770727783441544, 0.06648247689008713, 0.06528443098068237, 0.0641084685921669, 0.06297105550765991, 0.061861734837293625, 0.060778696089982986, 0.05972028523683548, 0.05869143456220627, 0.057688646018505096, 0.05671730265021324, 0.05577205866575241, 0.054854314774274826, 0.05396084859967232, 0.05308916047215462, 0.05224614962935448, 0.05143161118030548, 0.0506485216319561, 0.04988409951329231, 0.0491425059735775, 0.04841669276356697, 0.0477103516459465, 0.04702385887503624, 0.046354666352272034, 0.045697085559368134, 0.04504949599504471, 0.04441192001104355, 0.04378844052553177, 0.04317817836999893, 0.04259222745895386, 0.04202086105942726, 0.04146397113800049, 0.04092317819595337, 0.04039866477251053, 0.03989329934120178, 0.03940232843160629, 0.03892378881573677, 0.038457680493593216, 0.03800159692764282, 0.037554025650024414, 0.03711482882499695, 0.03668065369129181, 0.03625798225402832, 0.03584117442369461, 0.03543474152684212, 0.03503485023975372, 0.03464387729763985, 0.03425431251525879, 0.03387017920613289, 0.03349443897604942, 0.03313051909208298, 0.032777316868305206, 0.032430827617645264, 0.0320846252143383, 0.031743574887514114, 0.03141579404473305, 0.031098498031497, 0.03078341856598854, 0.03046446107327938, 0.030148876830935478, 0.029842887073755264, 0.029548700898885727, 0.029267026111483574, 0.02899118699133396, 0.028719564899802208, 0.028460051864385605, 0.028211401775479317, 0.027962658554315567, 0.027709895744919777, 0.027456659823656082, 0.027210742235183716, 0.026971522718667984, 0.026717659085989, 0.02646281197667122, 0.026222743093967438, 0.0259981881827116, 0.025785887613892555, 0.025576304644346237, 0.025350473821163177, 0.02512933686375618, 0.024927759543061256, 0.024729857221245766, 0.0245247483253479, 0.024328704923391342, 0.024152327328920364, 0.023981785401701927, 0.023793313652276993, 0.023589488118886948, 0.023391177877783775, 0.023206444457173347]",0.21134941656661235,0.7488510388427472,0.9494126015941013,0.9767994229492112,0.3019985377617733,0.3056108237166733,0.30262965288959565,0.16225871698909478,0.7434620733441997,21.952185656875372,cuda
TAO,257_TAO_id_1_Environment_tr_500_1st_3,LP,resnet18_autoencoder_frozen,128,10,10,64,100,0.001,"[0.22767798602581024, 0.20911577343940735, 0.19561772048473358, 0.18527531623840332, 0.17634473741054535, 0.1682693064212799, 0.16081969439983368, 0.15398110449314117, 0.14774401485919952, 0.14197789132595062, 0.13657210767269135, 0.1314791887998581, 0.1266508847475052, 0.12209180742502213, 0.11777494102716446, 0.11367414146661758, 0.10972775518894196, 0.10593538731336594, 0.10231219977140427, 0.09885476529598236, 0.09552515298128128, 0.092342808842659, 0.08928383141756058, 0.08637049794197083, 0.08356890827417374, 0.08087924122810364, 0.07828819751739502, 0.07581379264593124, 0.07343915849924088, 0.07115503400564194, 0.06895644217729568, 0.06683187931776047, 0.06479153782129288, 0.06283985823392868, 0.060958657413721085, 0.05915110185742378, 0.057404033839702606, 0.05573070049285889, 0.05413142964243889, 0.05259055644273758, 0.05111129954457283, 0.04968634620308876, 0.04831979051232338, 0.04700827971100807, 0.04574587941169739, 0.04453795403242111, 0.043374884873628616, 0.04226033762097359, 0.04118870571255684, 0.040158916264772415, 0.03917061164975166, 0.03821931406855583, 0.037306029349565506, 0.036425430327653885, 0.035577621310949326, 0.03476157411932945, 0.033972881734371185, 0.0332086943089962, 0.032468754798173904, 0.03175240010023117, 0.031061334535479546, 0.03038805164396763, 0.02973627671599388, 0.029101504012942314, 0.02849072590470314, 0.027892278507351875, 0.027315931394696236, 0.02675727941095829, 0.026214197278022766, 0.02568661794066429, 0.025178201496601105, 0.024681158363819122, 0.02420038729906082, 0.02373724803328514, 0.023286061361432076, 0.022849172353744507, 0.02242530882358551, 0.022013042122125626, 0.02160893753170967, 0.021216174587607384, 0.020834678784012794, 0.020462440326809883, 0.020097769796848297, 0.019744232296943665, 0.019397353753447533, 0.019060291349887848, 0.018728455528616905, 0.018402032554149628, 0.01808389648795128, 0.017773082479834557, 0.017467908561229706, 0.017171261832118034, 0.016878310590982437, 0.01659095287322998, 0.016308704391121864, 0.016033614054322243, 0.015766797587275505, 0.015510035678744316, 0.015260681509971619, 0.015016783960163593]","[0.23808850347995758, 0.23707419633865356, 0.23557975888252258, 0.23316900432109833, 0.2300562560558319, 0.22645823657512665, 0.22243435680866241, 0.21780896186828613, 0.21232084929943085, 0.20578332245349884, 0.19820329546928406, 0.18974563479423523, 0.18059055507183075, 0.17108558118343353, 0.16137681901454926, 0.15182781219482422, 0.14271484315395355, 0.13390950858592987, 0.1254960149526596, 0.1171824112534523, 0.10919716954231262, 0.10138171911239624, 0.09458265453577042, 0.08869985491037369, 0.0834815502166748, 0.07931850850582123, 0.0749923437833786, 0.07057720422744751, 0.0668090209364891, 0.06308705359697342, 0.05967386066913605, 0.056332338601350784, 0.053620319813489914, 0.051057133823633194, 0.04869098961353302, 0.04688327759504318, 0.04516284540295601, 0.04368205741047859, 0.042438406497240067, 0.04157869145274162, 0.04098661243915558, 0.040634799748659134, 0.0400727204978466, 0.039646316319704056, 0.039331454783678055, 0.038857195526361465, 0.03829444199800491, 0.03760558366775513, 0.036970414221286774, 0.036581363528966904, 0.03606829419732094, 0.03526514396071434, 0.0343853235244751, 0.03344275429844856, 0.03255264833569527, 0.03154856339097023, 0.030583534389734268, 0.029982494190335274, 0.02948657050728798, 0.028994036838412285, 0.028495052829384804, 0.028042878955602646, 0.027502963319420815, 0.02671878971159458, 0.026182543486356735, 0.025665253400802612, 0.02544427663087845, 0.02527039684355259, 0.025133928284049034, 0.025181865319609642, 0.0249994695186615, 0.024787114933133125, 0.024580366909503937, 0.024320831522345543, 0.023928171023726463, 0.02350054495036602, 0.022822126746177673, 0.022279953584074974, 0.021830037236213684, 0.021428387612104416, 0.020951969549059868, 0.020358387380838394, 0.019816236570477486, 0.019291812554001808, 0.01882352866232395, 0.018405834212899208, 0.01804979518055916, 0.0176951065659523, 0.01741330511868, 0.017120160162448883, 0.016923895105719566, 0.016724666580557823, 0.016526831313967705, 0.01623784378170967, 0.01603582873940468, 0.015757683664560318, 0.015554842539131641, 0.01537198293954134, 0.015216675586998463, 0.01505760382860899]",0.21362426217396557,0.7573057798422946,0.9510142759958249,0.9787657231396705,0.3054029443193597,0.3089430894308943,0.3059121588012526,0.16469886516305812,0.7580096660808022,26.18376852804795,cuda
TAO,257_TAO_id_1_Environment_tr_500_1st_3,LP,resnet18_autoencoder_progressive_unfreeze,128,10,10,64,150,0.001,"[0.2394551932811737, 0.22271452844142914, 0.21010348200798035, 0.19983771443367004, 0.19095481932163239, 0.1830364316701889, 0.17608700692653656, 0.16977109014987946, 0.16385987401008606, 0.15828441083431244, 0.15305542945861816, 0.14813823997974396, 0.14350558817386627, 0.13911883533000946, 0.13493889570236206, 0.13095058500766754, 0.12714195251464844, 0.12347335368394852, 0.11994719505310059, 0.11653823405504227, 0.11323661357164383, 0.10943982750177383, 0.10498310625553131, 0.10125851631164551, 0.09763508290052414, 0.09424053877592087, 0.09107478708028793, 0.08808115869760513, 0.08524839580059052, 0.08255834877490997, 0.07999549061059952, 0.07751962542533875, 0.07514743506908417, 0.07286377996206284, 0.07067020982503891, 0.06854656338691711, 0.06650812923908234, 0.06454239040613174, 0.06264038383960724, 0.06080527976155281, 0.05903290584683418, 0.057321079075336456, 0.05565851926803589, 0.05406166985630989, 0.05250919610261917, 0.0510074757039547, 0.04955511540174484, 0.048151981085538864, 0.04679717496037483, 0.04549075663089752, 0.04422331973910332, 0.04299955442547798, 0.04182014614343643, 0.04067745804786682, 0.0395776703953743, 0.03851968050003052, 0.037496406584978104, 0.036507654935121536, 0.03555747866630554, 0.03463446721434593, 0.033745814114809036, 0.03288790211081505, 0.0320538729429245, 0.031246984377503395, 0.03046172298491001, 0.02970377542078495, 0.028967469930648804, 0.028263458982110023, 0.027578294277191162, 0.0269184447824955, 0.026284517720341682, 0.025673076510429382, 0.025082694366574287, 0.024512995034456253, 0.023961687460541725, 0.023426132276654243, 0.022911259904503822, 0.02241200953722, 0.02192992903292179, 0.02146109752357006, 0.021014481782913208, 0.020575953647494316, 0.020152820274233818, 0.019740361720323563, 0.019342835992574692, 0.018953997641801834, 0.018579497933387756, 0.018217355012893677, 0.017866622656583786, 0.01752166450023651, 0.01718883216381073, 0.016864169389009476, 0.016550328582525253, 0.016242466866970062, 0.015945186838507652, 0.015656152740120888, 0.015372571535408497, 0.015099947340786457, 0.014831675216555595, 0.014571270905435085, 0.014316764660179615, 0.01407006848603487, 0.013828800991177559, 0.013593824580311775, 0.01336291991174221, 0.013138375245034695, 0.012920789420604706, 0.012704793363809586, 0.012496364302933216, 0.012291775085031986, 0.01209312118589878, 0.011897210031747818, 0.011707690544426441, 0.011520805768668652, 0.011338564567267895, 0.011159917339682579, 0.010985569097101688, 0.010814474895596504, 0.010646301321685314, 0.010482517071068287, 0.010321978479623795, 0.010163883678615093, 0.010009615682065487, 0.009857929311692715, 0.009708572179079056, 0.00956426840275526, 0.009421817027032375, 0.009280878119170666, 0.009143310599029064, 0.009009146131575108, 0.00887710228562355, 0.008747872896492481, 0.00861993059515953, 0.008496517315506935, 0.008374406024813652, 0.008253713138401508, 0.008135599084198475, 0.008020241744816303, 0.007908415980637074, 0.007796040736138821, 0.007687720935791731, 0.007580650504678488, 0.007475238759070635, 0.007373075466603041, 0.007270995993167162, 0.007171483710408211, 0.00707447761669755, 0.00698016257956624, 0.006887259427458048, 0.006794776767492294]","[0.23155266046524048, 0.2307402789592743, 0.2296810895204544, 0.22839488089084625, 0.22689767181873322, 0.22510406374931335, 0.2229665070772171, 0.2204001247882843, 0.21719127893447876, 0.2133127599954605, 0.2087140828371048, 0.20336498320102692, 0.19730930030345917, 0.1906500905752182, 0.1835496723651886, 0.17620940506458282, 0.16875943541526794, 0.16130706667900085, 0.15388654172420502, 0.1465718150138855, 0.13952678442001343, 0.1339382827281952, 0.12550312280654907, 0.11818093806505203, 0.11110913008451462, 0.1051177978515625, 0.10026178508996964, 0.09550659358501434, 0.09075825661420822, 0.08642018586397171, 0.08270487934350967, 0.07952048629522324, 0.07652560621500015, 0.07359715551137924, 0.07063471525907516, 0.06778643280267715, 0.06512633711099625, 0.06260597705841064, 0.06021259352564812, 0.05798105522990227, 0.05592386797070503, 0.054016780108213425, 0.05231377109885216, 0.050718970596790314, 0.04919227585196495, 0.04771570488810539, 0.046278614550828934, 0.04492409527301788, 0.04363108053803444, 0.04237058386206627, 0.04119914770126343, 0.04010409489274025, 0.03907196596264839, 0.03804731369018555, 0.037105780094861984, 0.03620757535099983, 0.035341378301382065, 0.034470703452825546, 0.03364427760243416, 0.03287467360496521, 0.03212449699640274, 0.031359944492578506, 0.030679872259497643, 0.030003653839230537, 0.029375573620200157, 0.02879413403570652, 0.02821856178343296, 0.027650633826851845, 0.02721092477440834, 0.026765745133161545, 0.026282740756869316, 0.025879092514514923, 0.02551409602165222, 0.025087470188736916, 0.02463720180094242, 0.024152318015694618, 0.023808235302567482, 0.02347252517938614, 0.023056378588080406, 0.02253122813999653, 0.02207857556641102, 0.021746307611465454, 0.021336976438760757, 0.020877553150057793, 0.020485248416662216, 0.02010757103562355, 0.01974925957620144, 0.01938878558576107, 0.019048675894737244, 0.018721554428339005, 0.018322881311178207, 0.01801564171910286, 0.017715590074658394, 0.017438646405935287, 0.017143825069069862, 0.01684434525668621, 0.016543865203857422, 0.01624285988509655, 0.015976399183273315, 0.01574409008026123, 0.015454479493200779, 0.01519748568534851, 0.014973118901252747, 0.014739587903022766, 0.014471870847046375, 0.014248398132622242, 0.014063010923564434, 0.013889034278690815, 0.013677917420864105, 0.013456489890813828, 0.013255265541374683, 0.013075088150799274, 0.012911309488117695, 0.01274932362139225, 0.012584574520587921, 0.012405362911522388, 0.01224095281213522, 0.01208627037703991, 0.011930401436984539, 0.011785362847149372, 0.01164458878338337, 0.011497396044433117, 0.011350567452609539, 0.011203830130398273, 0.011066392064094543, 0.01093212142586708, 0.010793764144182205, 0.010655141435563564, 0.010519856587052345, 0.010392245836555958, 0.01027043629437685, 0.010135003365576267, 0.010015548206865788, 0.009902413003146648, 0.009795207530260086, 0.00968282762914896, 0.009570117108523846, 0.009455336257815361, 0.009343062527477741, 0.00923765916377306, 0.009125066921114922, 0.0090165501460433, 0.008922367356717587, 0.008827573619782925, 0.008731573820114136, 0.0086238207295537, 0.008526870049536228, 0.008433301001787186, 0.00834465492516756, 0.008259383030235767]",0.21231993143241673,0.7552213130881907,0.9505696166401,0.9784894924015294,0.30167136119023147,0.3037872683319903,0.3012505713146554,0.16259056683173326,0.7579267161189669,40.03077731700614,cuda
TAO,257_TAO_id_1_Environment_tr_500_1st_3,LP,resnet18_autoencoder_differential_lr,128,10,10,64,100,0.001,"[0.2622230052947998, 0.24041785299777985, 0.22748112678527832, 0.21792982518672943, 0.20960524678230286, 0.2019275724887848, 0.19493597745895386, 0.18845388293266296, 0.1822388470172882, 0.1762683093547821, 0.1705680638551712, 0.16507884860038757, 0.1598631590604782, 0.15487802028656006, 0.1500859409570694, 0.1454411745071411, 0.14095187187194824, 0.13662253320217133, 0.13247710466384888, 0.1284743845462799, 0.12461001425981522, 0.12088087946176529, 0.1172596886754036, 0.11375447362661362, 0.11034925282001495, 0.10704665631055832, 0.10384921729564667, 0.10076726973056793, 0.09776473790407181, 0.09485425055027008, 0.09201493859291077, 0.0892515555024147, 0.08657914400100708, 0.08400166034698486, 0.08150628954172134, 0.07909711450338364, 0.07676345109939575, 0.07451239973306656, 0.07234911620616913, 0.0702754482626915, 0.06827226281166077, 0.06634027510881424, 0.06447844952344894, 0.06268363445997238, 0.060957543551921844, 0.05928744375705719, 0.05766313150525093, 0.05609201267361641, 0.05456368252635002, 0.05308897793292999, 0.051665790379047394, 0.050308577716350555, 0.049007732421159744, 0.04776133969426155, 0.046563975512981415, 0.045411694794893265, 0.04430733621120453, 0.04324306547641754, 0.04222255200147629, 0.04123784974217415, 0.040291186422109604, 0.0393793024122715, 0.03850111737847328, 0.037649914622306824, 0.03682940453290939, 0.036040760576725006, 0.03527750447392464, 0.034543562680482864, 0.03383469581604004, 0.03314531594514847, 0.03248704597353935, 0.03184596076607704, 0.031226404011249542, 0.030629688873887062, 0.030053744092583656, 0.02949346788227558, 0.028955740854144096, 0.028431585058569908, 0.027928896248340607, 0.02744065783917904, 0.026968637481331825, 0.026510683819651604, 0.026066044345498085, 0.025637099519371986, 0.025220796465873718, 0.024819333106279373, 0.024427780881524086, 0.024049201980233192, 0.023681817576289177, 0.02332579530775547, 0.02297813631594181, 0.0226448867470026, 0.022318998351693153, 0.022001588717103004, 0.0216962993144989, 0.021397272124886513, 0.021109113469719887, 0.020829113200306892, 0.02055477537214756, 0.020292283967137337]","[0.2372490018606186, 0.23674456775188446, 0.23601269721984863, 0.2350405603647232, 0.23380716145038605, 0.23214033246040344, 0.23021693527698517, 0.22778776288032532, 0.22491370141506195, 0.2217743694782257, 0.21758794784545898, 0.21261973679065704, 0.20691294968128204, 0.20102989673614502, 0.1947334259748459, 0.18804879486560822, 0.18101683259010315, 0.1739591360092163, 0.16678734123706818, 0.159556582570076, 0.1526302546262741, 0.1457217037677765, 0.13891983032226562, 0.13234148919582367, 0.12616507709026337, 0.12052035331726074, 0.11516717821359634, 0.11008940637111664, 0.1053481251001358, 0.10101912915706635, 0.0969843715429306, 0.09323274344205856, 0.089719757437706, 0.08640066534280777, 0.0832889974117279, 0.08027846366167068, 0.07744412124156952, 0.07466978579759598, 0.07208973914384842, 0.0696660503745079, 0.06740766018629074, 0.06528253108263016, 0.06327158957719803, 0.061337701976299286, 0.05965844914317131, 0.05799673870205879, 0.05633988603949547, 0.054631128907203674, 0.05298328027129173, 0.05129868537187576, 0.04974684119224548, 0.04827481508255005, 0.04696168377995491, 0.04570551961660385, 0.044539280235767365, 0.043438393622636795, 0.04240124300122261, 0.04138104245066643, 0.040387947112321854, 0.039466168731451035, 0.038548655807971954, 0.03768632560968399, 0.03687205910682678, 0.03610118478536606, 0.03537638857960701, 0.03471260145306587, 0.0340694859623909, 0.03342436999082565, 0.03280429169535637, 0.03223567456007004, 0.031669702380895615, 0.031115731224417686, 0.030574355274438858, 0.030079854652285576, 0.02963160164654255, 0.029205773025751114, 0.02880012057721615, 0.028415832668542862, 0.028039276599884033, 0.02769738808274269, 0.02743091993033886, 0.027237486094236374, 0.02703012153506279, 0.02694263868033886, 0.026654954999685287, 0.02637268602848053, 0.02614002861082554, 0.02595960721373558, 0.02569396048784256, 0.025448521599173546, 0.025236714631319046, 0.024976657703518867, 0.024662012234330177, 0.024413002654910088, 0.024204298853874207, 0.023813098669052124, 0.023512663319706917, 0.023138808086514473, 0.02275705337524414, 0.022317664697766304]",0.15898842685864867,0.7067892482100299,0.9385418333167764,0.9755099241038235,0.2629286341358964,0.26362092915573393,0.26280720082036085,0.14841179781883052,0.7649120953357296,26.61699182819575,cuda
TAO,257_TAO_id_1_Environment_tr_500_1st_3,LP,pvt_autoencoder_frozen,128,10,10,64,100,0.001,"[0.2690027058124542, 0.25478696823120117, 0.24105212092399597, 0.22986231744289398, 0.22057798504829407, 0.21232983469963074, 0.20488449931144714, 0.19797354936599731, 0.1914253979921341, 0.18520775437355042, 0.17931599915027618, 0.17371317744255066, 0.16836325824260712, 0.16316257417201996, 0.15808799862861633, 0.15314942598342896, 0.1483781635761261, 0.1437651813030243, 0.13925477862358093, 0.13488952815532684, 0.13064181804656982, 0.1265305131673813, 0.12253619730472565, 0.11867618560791016, 0.11494162678718567, 0.11131603270769119, 0.10780305415391922, 0.10440439730882645, 0.10111730545759201, 0.09793797880411148, 0.09486759454011917, 0.09190618246793747, 0.08905346691608429, 0.08631468564271927, 0.08369515091180801, 0.0811777338385582, 0.07876352220773697, 0.07644159346818924, 0.07421337813138962, 0.07207274436950684, 0.07000628858804703, 0.06802268326282501, 0.06612458825111389, 0.06429794430732727, 0.06254678219556808, 0.06085782125592232, 0.0592363141477108, 0.05767204985022545, 0.05616140365600586, 0.054717324674129486, 0.05332015082240105, 0.05197542533278465, 0.05068323388695717, 0.04944195598363876, 0.048239655792713165, 0.047086749225854874, 0.04597494751214981, 0.04490312188863754, 0.043869152665138245, 0.04287424311041832, 0.041913244873285294, 0.04098578914999962, 0.0400918573141098, 0.03923000767827034, 0.03839663416147232, 0.03759463503956795, 0.03681586682796478, 0.03606744110584259, 0.035343192517757416, 0.03464236110448837, 0.03396686539053917, 0.03331166133284569, 0.03268017992377281, 0.03207137808203697, 0.03148274123668671, 0.030912386253476143, 0.03035971149802208, 0.029829585924744606, 0.029311511665582657, 0.028811361640691757, 0.02832781709730625, 0.027862347662448883, 0.027410412207245827, 0.026970505714416504, 0.026545435190200806, 0.026133624836802483, 0.025733789429068565, 0.025347357615828514, 0.02497236616909504, 0.024607952684164047, 0.02425440214574337, 0.023911064490675926, 0.023579994216561317, 0.02325691096484661, 0.02294338122010231, 0.022639792412519455, 0.02234286442399025, 0.02205623686313629, 0.02177593484520912, 0.021501589566469193]","[0.2443591207265854, 0.2433960735797882, 0.24249185621738434, 0.24154424667358398, 0.2404029667377472, 0.23889276385307312, 0.2369532287120819, 0.23447397351264954, 0.23133452236652374, 0.22743551433086395, 0.22272613644599915, 0.21728593111038208, 0.2111896425485611, 0.2045428454875946, 0.1974770724773407, 0.19011153280735016, 0.18252235651016235, 0.1748223602771759, 0.1671389788389206, 0.1595398634672165, 0.15212829411029816, 0.14495296776294708, 0.1380588263273239, 0.1314619481563568, 0.1251659393310547, 0.11919040232896805, 0.11352048814296722, 0.10820461809635162, 0.10320626199245453, 0.09852024167776108, 0.09414175897836685, 0.09006398171186447, 0.08629105240106583, 0.08280545473098755, 0.07959476858377457, 0.07665213197469711, 0.07392380386590958, 0.07139530032873154, 0.06902468204498291, 0.06677756458520889, 0.0646667629480362, 0.06269720196723938, 0.06084992364048958, 0.05911938473582268, 0.05748220160603523, 0.055933646857738495, 0.05445531755685806, 0.05303602293133736, 0.051685646176338196, 0.050382960587739944, 0.04913364723324776, 0.04793458804488182, 0.04678909853100777, 0.045684728771448135, 0.04463036730885506, 0.043616604059934616, 0.04264376312494278, 0.04170963913202286, 0.040817923843860626, 0.0399637408554554, 0.03914559632539749, 0.03836126625537872, 0.03760935738682747, 0.03688286617398262, 0.03618347644805908, 0.035501644015312195, 0.03484348580241203, 0.03420542553067207, 0.0335841104388237, 0.03297993540763855, 0.032389599829912186, 0.031816139817237854, 0.0312601737678051, 0.030721796676516533, 0.03019905835390091, 0.02969377674162388, 0.029210396111011505, 0.028738200664520264, 0.028282351791858673, 0.027842044830322266, 0.02741733007133007, 0.027005404233932495, 0.026604849845170975, 0.026218172162771225, 0.025843897834420204, 0.02548075281083584, 0.02512901835143566, 0.02478848583996296, 0.024456586688756943, 0.024134436622262, 0.02382165566086769, 0.023518582805991173, 0.02322165109217167, 0.02293129451572895, 0.022647788748145103, 0.022369002923369408, 0.022098975256085396, 0.021834705024957657, 0.021574106067419052, 0.021323228254914284]",0.21384451216939676,0.7608530978797775,0.9514902001071865,0.9793534172574089,0.30201407341912934,0.3058009988474837,0.30273941868189347,0.16323244903879774,0.76099980379654,29.4838409088552,cuda
TAO,257_TAO_id_1_Environment_tr_500_1st_3,LP,pvt_autoencoder_progressive_unfreeze,128,10,10,64,150,0.001,"[0.28991684317588806, 0.2741464674472809, 0.25846660137176514, 0.24607613682746887, 0.23565322160720825, 0.22630755603313446, 0.2176653891801834, 0.20959161221981049, 0.20195423066616058, 0.1945984661579132, 0.18757405877113342, 0.1808764487504959, 0.17444849014282227, 0.1682741791009903, 0.1623430997133255, 0.15664316713809967, 0.15117739140987396, 0.1459280401468277, 0.14084751904010773, 0.13594867289066315, 0.13123632967472076, 0.12605562806129456, 0.12044554203748703, 0.11528686434030533, 0.11041833460330963, 0.1059373989701271, 0.10160311311483383, 0.09752580523490906, 0.09366843849420547, 0.08998221158981323, 0.08645546436309814, 0.08308473974466324, 0.07986591756343842, 0.07679033279418945, 0.07384958863258362, 0.07103653252124786, 0.06836432218551636, 0.06581678986549377, 0.06338879466056824, 0.06107131764292717, 0.058854348957538605, 0.05674734339118004, 0.05474388971924782, 0.0528365857899189, 0.051028262823820114, 0.04930359497666359, 0.047664180397987366, 0.04610409215092659, 0.04462357610464096, 0.04320540651679039, 0.041855428367853165, 0.04056690260767937, 0.03933904692530632, 0.03817201778292656, 0.037058498710393906, 0.03599786013364792, 0.03498731926083565, 0.034024421125650406, 0.033109910786151886, 0.03223148733377457, 0.031395323574543, 0.030596401542425156, 0.029833465814590454, 0.02910473570227623, 0.0284146536141634, 0.027758702635765076, 0.02713368460536003, 0.026537925004959106, 0.02596624754369259, 0.02541911043226719, 0.024895599111914635, 0.02439630776643753, 0.023918509483337402, 0.023458043113350868, 0.023018304258584976, 0.022593863308429718, 0.02218920923769474, 0.02179899252951145, 0.02142154984176159, 0.021062128245830536, 0.020714623853564262, 0.02037985622882843, 0.02005685120820999, 0.019745897501707077, 0.01944458670914173, 0.01915610395371914, 0.018874280154705048, 0.018604405224323273, 0.01834360882639885, 0.018090372905135155, 0.01784718595445156, 0.017610210925340652, 0.017382536083459854, 0.0171615332365036, 0.01694784127175808, 0.01674227975308895, 0.016541151329874992, 0.01634950377047062, 0.016162021085619926, 0.015980204567313194, 0.015804896131157875, 0.015635523945093155, 0.0154719902202487, 0.01531277410686016, 0.015158487483859062, 0.015008804388344288, 0.014864158816635609, 0.014723085798323154, 0.014585939235985279, 0.014454308897256851, 0.014325244352221489, 0.014201568439602852, 0.014079485088586807, 0.01396086160093546, 0.013847557827830315, 0.01373683288693428, 0.013628426007926464, 0.013522888533771038, 0.013420660980045795, 0.013321627862751484, 0.013224827125668526, 0.013131129555404186, 0.013038618490099907, 0.012949198484420776, 0.012861400842666626, 0.012777360156178474, 0.012694966979324818, 0.01261382456868887, 0.01253486517816782, 0.01245824433863163, 0.012384144589304924, 0.012310149148106575, 0.012238619849085808, 0.012170235626399517, 0.012101809494197369, 0.012034586630761623, 0.01196995098143816, 0.011906825006008148, 0.011844631284475327, 0.011783424764871597, 0.011724674142897129, 0.011665914207696915, 0.011609506793320179, 0.011554290540516376, 0.011499502696096897, 0.0114461500197649, 0.011393185704946518, 0.011342685669660568, 0.0112916873767972, 0.011242960579693317]","[0.26833614706993103, 0.2676602005958557, 0.26688119769096375, 0.2659359276294708, 0.26471465826034546, 0.26303374767303467, 0.260722279548645, 0.257646769285202, 0.2536460757255554, 0.2486594021320343, 0.2427152544260025, 0.23597002029418945, 0.22849437594413757, 0.22040517628192902, 0.21178610622882843, 0.2027476727962494, 0.19343264400959015, 0.1839401125907898, 0.1743660718202591, 0.16490520536899567, 0.16885614395141602, 0.16055232286453247, 0.15237922966480255, 0.14542947709560394, 0.1378510743379593, 0.12911570072174072, 0.12044218182563782, 0.11255817860364914, 0.10529950261116028, 0.09844721853733063, 0.09190542250871658, 0.08589815348386765, 0.08057554811239243, 0.0757976546883583, 0.07132651656866074, 0.0671418085694313, 0.06333746016025543, 0.059995267540216446, 0.057098139077425, 0.054539185017347336, 0.05218871310353279, 0.049998875707387924, 0.04795202985405922, 0.04608903080224991, 0.04438765347003937, 0.04282214865088463, 0.041373059153556824, 0.0400548130273819, 0.0388651080429554, 0.03778313472867012, 0.03677482157945633, 0.03579552844166756, 0.03482571244239807, 0.03387419134378433, 0.03295765444636345, 0.032093632966279984, 0.03128504380583763, 0.030519898980855942, 0.029773583635687828, 0.029047800227999687, 0.028335697948932648, 0.02763310819864273, 0.026960551738739014, 0.02633967250585556, 0.02577207051217556, 0.025247178971767426, 0.024750500917434692, 0.024273552000522614, 0.023813970386981964, 0.02337905578315258, 0.02297212742269039, 0.022585343569517136, 0.022204922512173653, 0.021834108978509903, 0.021471070125699043, 0.02112661860883236, 0.020800121128559113, 0.020490191876888275, 0.020197775214910507, 0.019913116469979286, 0.019636131823062897, 0.019365347921848297, 0.01910540834069252, 0.01885393261909485, 0.018615061417222023, 0.018379652872681618, 0.018149767071008682, 0.017922159284353256, 0.01769828423857689, 0.017484115436673164, 0.01727839931845665, 0.017083028331398964, 0.016893213614821434, 0.016707295551896095, 0.01652488112449646, 0.016343330964446068, 0.016169503331184387, 0.01600141078233719, 0.015840988606214523, 0.015688346698880196, 0.015541044995188713, 0.015397880226373672, 0.015256915241479874, 0.015118245035409927, 0.01498344074934721, 0.0148545540869236, 0.014730085618793964, 0.014610684476792812, 0.01449595857411623, 0.014383100904524326, 0.014274216257035732, 0.014165586791932583, 0.01405911985784769, 0.013957212679088116, 0.01385711133480072, 0.013758841902017593, 0.013664139434695244, 0.013572465628385544, 0.013483618386089802, 0.013397258706390858, 0.013312582857906818, 0.01322903111577034, 0.013147999532520771, 0.01306858379393816, 0.012993116863071918, 0.012918857857584953, 0.012845303863286972, 0.01277374941855669, 0.012704242020845413, 0.012636439874768257, 0.012568149715662003, 0.01250208169221878, 0.0124390022829175, 0.012375414371490479, 0.012312750332057476, 0.012252130545675755, 0.012192877009510994, 0.012134871445596218, 0.012078391388058662, 0.012024679221212864, 0.011970490217208862, 0.011918974108994007, 0.011868640780448914, 0.011818915605545044, 0.011770626530051231, 0.011722298339009285, 0.011675086803734303, 0.01162769552320242, 0.01158265769481659, 0.011538302525877953]",0.21359043026522984,0.7600426859747624,0.9512422782749816,0.9791879307119747,0.301658107392957,0.30598493856520015,0.3030808945256596,0.16243795336369438,0.7596585180660944,44.235109875909984,cuda
TAO,257_TAO_id_1_Environment_tr_500_1st_3,LP,pvt_autoencoder_differential_lr,128,10,10,64,100,0.001,"[0.30274879932403564, 0.2816643714904785, 0.26788535714149475, 0.2580575942993164, 0.251801997423172, 0.24616000056266785, 0.23985807597637177, 0.2323751002550125, 0.2256457805633545, 0.21899114549160004, 0.2124161273241043, 0.20602644979953766, 0.19980676472187042, 0.19375400245189667, 0.18790262937545776, 0.1821788251399994, 0.17656953632831573, 0.1710970401763916, 0.16574451327323914, 0.16054464876651764, 0.15546399354934692, 0.15047472715377808, 0.1455998569726944, 0.14083293080329895, 0.13617759943008423, 0.1316479593515396, 0.12722903490066528, 0.12295487523078918, 0.11880389600992203, 0.11478427052497864, 0.11088493466377258, 0.10712818056344986, 0.10350703448057175, 0.10003910958766937, 0.09668854624032974, 0.0934971496462822, 0.0904250293970108, 0.08749363571405411, 0.0846877470612526, 0.08200683444738388, 0.07944648712873459, 0.07699326425790787, 0.07464528828859329, 0.07238903641700745, 0.07023169100284576, 0.06815487891435623, 0.06616810709238052, 0.06426523625850677, 0.06243779882788658, 0.0606866218149662, 0.059006962925195694, 0.05739227309823036, 0.05583932623267174, 0.05435172840952873, 0.052922625094652176, 0.05154958367347717, 0.0502302348613739, 0.0489652082324028, 0.04775110259652138, 0.04657958075404167, 0.04545031487941742, 0.044372107833623886, 0.04333075135946274, 0.0423320047557354, 0.04136854037642479, 0.04043954238295555, 0.03954678028821945, 0.038687366992235184, 0.03785817697644234, 0.03706248477101326, 0.03629310429096222, 0.035552043467760086, 0.034841008484363556, 0.03415351361036301, 0.03348881006240845, 0.03285009413957596, 0.03223298117518425, 0.03163798525929451, 0.03106246143579483, 0.030510379001498222, 0.029972752556204796, 0.02945670858025551, 0.028957486152648926, 0.028474245220422745, 0.02800731547176838, 0.027552613988518715, 0.02711634337902069, 0.0266947653144598, 0.026282263919711113, 0.025887025520205498, 0.02550283819437027, 0.02513110265135765, 0.024768922477960587, 0.024418357759714127, 0.024077074602246284, 0.023746291175484657, 0.02342671900987625, 0.023117413744330406, 0.02281443029642105, 0.02252229116857052]","[0.2571898400783539, 0.25661972165107727, 0.25616058707237244, 0.255340576171875, 0.2542313039302826, 0.25281164050102234, 0.2509654760360718, 0.24891896545886993, 0.2465909868478775, 0.2439090758562088, 0.24080790579319, 0.23723822832107544, 0.23322871327400208, 0.22878524661064148, 0.22389523684978485, 0.2185661792755127, 0.21281792223453522, 0.20664091408252716, 0.2001074105501175, 0.19324538111686707, 0.1861083060503006, 0.17875023186206818, 0.17123664915561676, 0.16364842653274536, 0.15605010092258453, 0.1485251933336258, 0.141165092587471, 0.13401556015014648, 0.127146378159523, 0.12055035680532455, 0.11427031457424164, 0.10832853615283966, 0.10277023911476135, 0.09757248312234879, 0.09277740120887756, 0.08833766728639603, 0.08424726128578186, 0.08049628883600235, 0.07708784192800522, 0.0739947184920311, 0.0711919292807579, 0.06865259259939194, 0.06632453203201294, 0.06417594105005264, 0.06216404214501381, 0.06026947498321533, 0.05848793312907219, 0.056804101914167404, 0.0552176758646965, 0.053726959973573685, 0.052321288734674454, 0.05099044367671013, 0.04972665756940842, 0.048513129353523254, 0.04734558239579201, 0.04621301218867302, 0.045122142881155014, 0.044083740562200546, 0.04309879615902901, 0.0421644002199173, 0.041285961866378784, 0.040439728647470474, 0.03961627557873726, 0.03880513459444046, 0.03801165893673897, 0.03724236786365509, 0.03650209680199623, 0.03579553961753845, 0.035129886120557785, 0.03449353575706482, 0.033883173018693924, 0.033293716609478, 0.03271770477294922, 0.03215526416897774, 0.03160840645432472, 0.031075600534677505, 0.03056255914270878, 0.0300703514367342, 0.029597338289022446, 0.02913435362279415, 0.028688235208392143, 0.028258685022592545, 0.0278428103774786, 0.02743777260184288, 0.02703462727367878, 0.026638302952051163, 0.02625099942088127, 0.025871971622109413, 0.025508562102913857, 0.025153182446956635, 0.02481144107878208, 0.024480249732732773, 0.02415839023888111, 0.023840509355068207, 0.02352914772927761, 0.023227520287036896, 0.022935591638088226, 0.022650282829999924, 0.02237752452492714, 0.022111473605036736]",0.21375148945989114,0.7602263450911129,0.9512923431787234,0.9792294668595478,0.301658107392957,0.3036649214659686,0.3007324848514341,0.16119982344566905,0.7615879411631349,31.30887272604741,cuda
TAO,257_TAO_id_1_Environment_tr_500_1st_3,SG,cnn_autoencoder,128,10,10,64,150,0.001,"[0.25007450580596924, 0.24540485441684723, 0.23868799209594727, 0.23282480239868164, 0.2275073230266571, 0.22261735796928406, 0.2180422842502594, 0.21368448436260223, 0.20946022868156433, 0.2053438127040863, 0.2013605535030365, 0.19749002158641815, 0.19369955360889435, 0.18994350731372833, 0.18625697493553162, 0.1826210767030716, 0.1790797859430313, 0.1756238341331482, 0.17224805057048798, 0.16893409192562103, 0.16566701233386993, 0.1624573916196823, 0.15929648280143738, 0.1561809778213501, 0.15310755372047424, 0.15008528530597687, 0.14711077511310577, 0.14419707655906677, 0.14132103323936462, 0.1384868174791336, 0.13571162521839142, 0.13298091292381287, 0.13028846681118011, 0.12765146791934967, 0.12506337463855743, 0.1225215494632721, 0.1200324073433876, 0.11759047955274582, 0.11519712954759598, 0.1128506138920784, 0.11054397374391556, 0.10829085111618042, 0.10608699917793274, 0.10393216460943222, 0.1018148809671402, 0.09975087642669678, 0.0977257639169693, 0.09575358778238297, 0.09382286667823792, 0.09194206446409225, 0.09009495377540588, 0.0882967859506607, 0.08652899414300919, 0.08480700850486755, 0.08312049508094788, 0.08148058503866196, 0.07987002283334732, 0.07830294221639633, 0.07676810771226883, 0.07526969909667969, 0.07380776852369308, 0.072379469871521, 0.0709792822599411, 0.06961503624916077, 0.0682833269238472, 0.06698322296142578, 0.0657108798623085, 0.06446677446365356, 0.0632537230849266, 0.0620708204805851, 0.060913339257240295, 0.05978664383292198, 0.058683812618255615, 0.05760592967271805, 0.05655885487794876, 0.055531520396471024, 0.05452593043446541, 0.053543537855148315, 0.05258556082844734, 0.05164899304509163, 0.05073663219809532, 0.049839455634355545, 0.04896421357989311, 0.04810800775885582, 0.047272007912397385, 0.046454012393951416, 0.045654296875, 0.04486962407827377, 0.04410301521420479, 0.04335393011569977, 0.04261990264058113, 0.04190493002533913, 0.04120095446705818, 0.04051410034298897, 0.03984213247895241, 0.039180148392915726, 0.038536638021469116, 0.03790546953678131, 0.03728427737951279, 0.036681219935417175, 0.03608647733926773, 0.03550681099295616, 0.034934788942337036, 0.034379418939352036, 0.033833183348178864, 0.033295705914497375, 0.032772812992334366, 0.03225921466946602, 0.03175443410873413, 0.031261637806892395, 0.03077816404402256, 0.030305709689855576, 0.02984202839434147, 0.029390573501586914, 0.028940174728631973, 0.028507879003882408, 0.028080489486455917, 0.027659986168146133, 0.027250686660408974, 0.026844380423426628, 0.02645159512758255, 0.026064539328217506, 0.025685591623187065, 0.02531369961798191, 0.02494910918176174, 0.024588173255324364, 0.024237388744950294, 0.023893555626273155, 0.023556731641292572, 0.023227227851748466, 0.022899607196450233, 0.022580618038773537, 0.022269248962402344, 0.021960493177175522, 0.021658312529325485, 0.021364333108067513, 0.021072687581181526, 0.02078879438340664, 0.02050665020942688, 0.020232178270816803, 0.01996486820280552, 0.019697735086083412, 0.01943974196910858, 0.01918467879295349, 0.018932363018393517, 0.018686458468437195, 0.01844559609889984, 0.018206994980573654, 0.017973365262150764, 0.01774441823363304]","[0.252901554107666, 0.2520524263381958, 0.2511204779148102, 0.2498781979084015, 0.24822674691677094, 0.24611802399158478, 0.2435939610004425, 0.24069544672966003, 0.23742178082466125, 0.23380565643310547, 0.22993908822536469, 0.2258886843919754, 0.22163541615009308, 0.21723371744155884, 0.2126484215259552, 0.20795531570911407, 0.2031877040863037, 0.19838987290859222, 0.1936539262533188, 0.18903480470180511, 0.18448366224765778, 0.1800345927476883, 0.17578737437725067, 0.1716947853565216, 0.16768261790275574, 0.1637091338634491, 0.15994156897068024, 0.15624530613422394, 0.15251652896404266, 0.14885003864765167, 0.1451614648103714, 0.14139290153980255, 0.13763481378555298, 0.1340067982673645, 0.1305265724658966, 0.12715016305446625, 0.1239171028137207, 0.12087174504995346, 0.11788776516914368, 0.11491714417934418, 0.11206737160682678, 0.1093054711818695, 0.10664404183626175, 0.10415350645780563, 0.10182785987854004, 0.09959045052528381, 0.0974494144320488, 0.09535415470600128, 0.09330872446298599, 0.09132155030965805, 0.08939237892627716, 0.08750894665718079, 0.08573374897241592, 0.08401567488908768, 0.08235261589288712, 0.08073858916759491, 0.07915767282247543, 0.07757771015167236, 0.07602638751268387, 0.07450536638498306, 0.07302862405776978, 0.07163068652153015, 0.070302814245224, 0.06899792701005936, 0.06769316643476486, 0.06638870388269424, 0.06510359793901443, 0.06388315558433533, 0.0627150908112526, 0.061619024723768234, 0.06055029109120369, 0.05949162319302559, 0.058426499366760254, 0.057360827922821045, 0.0563095360994339, 0.055291999131441116, 0.054285287857055664, 0.05328816547989845, 0.05230287089943886, 0.05130678787827492, 0.05030778795480728, 0.049352481961250305, 0.04839237406849861, 0.047453004866838455, 0.046534132212400436, 0.04562285915017128, 0.04471141844987869, 0.04380635544657707, 0.043012965470552444, 0.04222220927476883, 0.04145073890686035, 0.04084261506795883, 0.04025541990995407, 0.039703089743852615, 0.03915652260184288, 0.03864749148488045, 0.038141898810863495, 0.037701964378356934, 0.0372738353908062, 0.036790743470191956, 0.036278147250413895, 0.03574234992265701, 0.035185806453228, 0.03463919460773468, 0.03408437222242355, 0.03352346271276474, 0.032977793365716934, 0.03242884948849678, 0.031907204538583755, 0.03139329329133034, 0.030884303152561188, 0.030388588085770607, 0.02990962378680706, 0.02942586876451969, 0.028965122997760773, 0.028506683185696602, 0.02805330976843834, 0.027615176513791084, 0.027196083217859268, 0.02679944783449173, 0.026406802237033844, 0.026025215163826942, 0.025644516572356224, 0.02527475915849209, 0.024910593405365944, 0.024552294984459877, 0.024200493469834328, 0.023859577253460884, 0.02352110855281353, 0.023186415433883667, 0.022862983867526054, 0.022541632875800133, 0.022223880514502525, 0.021914174780249596, 0.021610939875245094, 0.02131006307899952, 0.021019060164690018, 0.020727718248963356, 0.020443690940737724, 0.020170191302895546, 0.01989540085196495, 0.019630908966064453, 0.01937117427587509, 0.019113564863801003, 0.018862614408135414, 0.018616659566760063, 0.018374493345618248, 0.018138175830245018, 0.01790473610162735, 0.017679089680314064]",0.24344335814476925,0.7739738078982152,0.9479244458927553,0.9786267803484607,0.32682211875126876,0.3294192319898445,0.31816562461034176,0.19488783006431995,0.7618278961292424,20.39636498200707,cuda
TAO,257_TAO_id_1_Environment_tr_500_1st_3,SG,resnet18_autoencoder_frozen,128,10,10,64,100,0.001,"[0.24963174760341644, 0.2310822755098343, 0.21716362237930298, 0.2067992240190506, 0.19752871990203857, 0.1890396773815155, 0.18119259178638458, 0.17368650436401367, 0.1665184646844864, 0.15976233780384064, 0.15343017876148224, 0.14744216203689575, 0.14181414246559143, 0.1364787369966507, 0.13138003647327423, 0.12646669149398804, 0.12177668511867523, 0.11730314791202545, 0.11306599527597427, 0.10902128368616104, 0.1051509901881218, 0.10144448280334473, 0.09790321439504623, 0.09451457113027573, 0.09127575904130936, 0.0881921574473381, 0.08525398373603821, 0.08243810385465622, 0.07973629981279373, 0.07715149968862534, 0.0746762603521347, 0.07229837030172348, 0.07003547251224518, 0.06786687672138214, 0.06578262150287628, 0.063783198595047, 0.061864741146564484, 0.06000249460339546, 0.058215804398059845, 0.056482937186956406, 0.05481331795454025, 0.05320367589592934, 0.05165719613432884, 0.05016264319419861, 0.0487225204706192, 0.047332677990198135, 0.045991554856300354, 0.044693101197481155, 0.04344077408313751, 0.04223434254527092, 0.041063159704208374, 0.03994126617908478, 0.03885116055607796, 0.03779507428407669, 0.036784179508686066, 0.03580489382147789, 0.03485416620969772, 0.03393970802426338, 0.0330536887049675, 0.0321984738111496, 0.03136983513832092, 0.03056650049984455, 0.029786178842186928, 0.029028236865997314, 0.02829747460782528, 0.02758670225739479, 0.026896590366959572, 0.02622697502374649, 0.02557876706123352, 0.024951007217168808, 0.02434181608259678, 0.023750582709908485, 0.023172730579972267, 0.022610167041420937, 0.022063907235860825, 0.021527333185076714, 0.021010108292102814, 0.02050204388797283, 0.02001258172094822, 0.01953592523932457, 0.01907403953373432, 0.018623603507876396, 0.018188752233982086, 0.017769720405340195, 0.0173628032207489, 0.01696765422821045, 0.01658744551241398, 0.016217699274420738, 0.015858395025134087, 0.015511061064898968, 0.01517180074006319, 0.014841700904071331, 0.014519640244543552, 0.014207874424755573, 0.01390464324504137, 0.01361154392361641, 0.013326701708137989, 0.013050291687250137, 0.012783022597432137, 0.012523402459919453]","[0.22353172302246094, 0.2232527732849121, 0.22282566130161285, 0.22217920422554016, 0.2212621420621872, 0.2200917899608612, 0.218579962849617, 0.2164481282234192, 0.2134886085987091, 0.20954568684101105, 0.20458562672138214, 0.1988510638475418, 0.19248832762241364, 0.1856788545846939, 0.17848367989063263, 0.17107808589935303, 0.16355951130390167, 0.15600331127643585, 0.14852438867092133, 0.14126114547252655, 0.13415421545505524, 0.1272776871919632, 0.12070129066705704, 0.11436361819505692, 0.10840583592653275, 0.10287967324256897, 0.09775204211473465, 0.09306648373603821, 0.08879783749580383, 0.08484791219234467, 0.0811690241098404, 0.07767938077449799, 0.07441823184490204, 0.0713612511754036, 0.06849358975887299, 0.06579623371362686, 0.0632195696234703, 0.06078464537858963, 0.05848991870880127, 0.0563327856361866, 0.054303672164678574, 0.05239412933588028, 0.05061466619372368, 0.048935968428850174, 0.04735027626156807, 0.045841895043849945, 0.044408269226551056, 0.043047863990068436, 0.0417511947453022, 0.04051806032657623, 0.039380207657814026, 0.038295842707157135, 0.03724965080618858, 0.0362524576485157, 0.0352930910885334, 0.03436838835477829, 0.03349095955491066, 0.03263004869222641, 0.031794462352991104, 0.030979113653302193, 0.030183378607034683, 0.029405798763036728, 0.02865820750594139, 0.02793118730187416, 0.0271989107131958, 0.026489848271012306, 0.025818444788455963, 0.025162262842059135, 0.02452429197728634, 0.02390316128730774, 0.023305321112275124, 0.022715885192155838, 0.022142453119158745, 0.02160128764808178, 0.0210743248462677, 0.020581752061843872, 0.020116815343499184, 0.019671807065606117, 0.019235601648688316, 0.01882270909845829, 0.01841425709426403, 0.01802188716828823, 0.017654266208410263, 0.017310798168182373, 0.016990138217806816, 0.016670236364006996, 0.016344619914889336, 0.016026752069592476, 0.01570981740951538, 0.01544077880680561, 0.015191401354968548, 0.014923668466508389, 0.01466826070100069, 0.014406776987016201, 0.014156732708215714, 0.013899753801524639, 0.013650516979396343, 0.013378647156059742, 0.013120530173182487, 0.012904859147965908]",0.2398506990387561,0.7749588886131862,0.9469595242147786,0.9787254752024007,0.3236990380051992,0.3257828114590273,0.3127951907117203,0.19574366480138186,0.7629280065503169,26.354421807220206,cuda
TAO,257_TAO_id_1_Environment_tr_500_1st_3,SG,resnet18_autoencoder_progressive_unfreeze,128,10,10,64,150,0.001,"[0.2652021646499634, 0.24607563018798828, 0.23187486827373505, 0.22181500494480133, 0.2136780023574829, 0.20609882473945618, 0.19872166216373444, 0.19165566563606262, 0.18494899570941925, 0.17854760587215424, 0.1724197268486023, 0.166636124253273, 0.1612055003643036, 0.15610553324222565, 0.15128633379936218, 0.1466873437166214, 0.14225871860980988, 0.13800036907196045, 0.1338762789964676, 0.12987995147705078, 0.12599702179431915, 0.12141850590705872, 0.11705677956342697, 0.11266197264194489, 0.10844459384679794, 0.10453029721975327, 0.100815050303936, 0.0971771851181984, 0.09375818818807602, 0.09040144830942154, 0.08718637377023697, 0.0840878114104271, 0.08108621090650558, 0.07818599790334702, 0.07543565332889557, 0.07277049869298935, 0.0701918974518776, 0.06771305203437805, 0.06532786786556244, 0.06303590536117554, 0.06083234027028084, 0.058736152946949005, 0.05669374018907547, 0.054762259125709534, 0.052878133952617645, 0.05109275132417679, 0.049362704157829285, 0.04770978167653084, 0.04609563946723938, 0.044581372290849686, 0.04310678318142891, 0.04170389845967293, 0.04036732017993927, 0.03907743841409683, 0.03785088285803795, 0.03666023164987564, 0.03554341197013855, 0.034452103078365326, 0.03340891748666763, 0.032408516854047775, 0.03143559768795967, 0.030527472496032715, 0.029634403064846992, 0.028793755918741226, 0.027986735105514526, 0.027186045423150063, 0.02643192745745182, 0.02571328915655613, 0.025012964382767677, 0.024340009316802025, 0.02368873357772827, 0.023067975416779518, 0.02247191220521927, 0.021886033937335014, 0.02132776379585266, 0.02079065330326557, 0.020269092172384262, 0.019763417541980743, 0.019280990585684776, 0.018807537853717804, 0.018354246392846107, 0.017918946221470833, 0.01749560609459877, 0.017084656283259392, 0.016689181327819824, 0.016303079202771187, 0.015930166468024254, 0.015571892261505127, 0.015221310779452324, 0.014882226474583149, 0.01455429196357727, 0.014234719797968864, 0.013925756327807903, 0.013629420660436153, 0.01333786640316248, 0.013056032359600067, 0.012783914804458618, 0.0125196548178792, 0.012262435629963875, 0.012012610211968422, 0.0117696737870574, 0.011536595411598682, 0.011307057924568653, 0.011083894409239292, 0.010868089273571968, 0.010655999183654785, 0.010451236739754677, 0.010252823121845722, 0.010059050284326077, 0.009872679598629475, 0.009687956422567368, 0.009508674032986164, 0.009336067363619804, 0.00916549377143383, 0.008999936282634735, 0.008838680572807789, 0.008682145737111568, 0.008530011400580406, 0.008380543440580368, 0.008234766311943531, 0.008092911913990974, 0.007955284789204597, 0.007819809019565582, 0.007686650846153498, 0.0075597516261041164, 0.007434857543557882, 0.007312169764190912, 0.007191316224634647, 0.007075359579175711, 0.006961244624108076, 0.006849962752312422, 0.006740900222212076, 0.00663358299061656, 0.006529809441417456, 0.0064283679239451885, 0.006328623276203871, 0.006230934057384729, 0.006137840449810028, 0.006043677683919668, 0.005952786188572645, 0.005863841623067856, 0.005776087287813425, 0.005691042635589838, 0.00560736283659935, 0.005525809712707996, 0.00544546777382493, 0.005367534700781107, 0.0052907634526491165, 0.005215222481638193, 0.0051417420618236065]","[0.23656044900417328, 0.2363733947277069, 0.23595701158046722, 0.2353639155626297, 0.23449283838272095, 0.23323054611682892, 0.23161612451076508, 0.22955018281936646, 0.2269202023744583, 0.22349050641059875, 0.21928660571575165, 0.21446573734283447, 0.20915687084197998, 0.20351536571979523, 0.19759351015090942, 0.19142745435237885, 0.18509989976882935, 0.17866481840610504, 0.17215625941753387, 0.1655772477388382, 0.15920746326446533, 0.15454073250293732, 0.1494748592376709, 0.14442504942417145, 0.13797694444656372, 0.13155661523342133, 0.126044362783432, 0.1205882802605629, 0.11509545892477036, 0.1098630502820015, 0.10478290170431137, 0.09985104203224182, 0.0950159952044487, 0.09037754684686661, 0.08594111353158951, 0.08186344057321548, 0.07804428786039352, 0.07440775632858276, 0.07098682969808578, 0.0677933469414711, 0.06473813951015472, 0.06179574504494667, 0.05902670696377754, 0.05655714496970177, 0.054261453449726105, 0.05209262669086456, 0.050013214349746704, 0.0480460599064827, 0.04619855433702469, 0.044575922191143036, 0.04308713227510452, 0.041658658534288406, 0.04030655696988106, 0.039022304117679596, 0.03778969123959541, 0.03665708377957344, 0.03554613143205643, 0.034488826990127563, 0.03352411463856697, 0.03254365175962448, 0.03160841017961502, 0.030720651149749756, 0.029875755310058594, 0.029096046462655067, 0.028309626504778862, 0.02758655697107315, 0.02692563086748123, 0.02630671299993992, 0.02571689523756504, 0.02513713948428631, 0.024576785042881966, 0.024046164005994797, 0.0234895758330822, 0.022953368723392487, 0.022426841780543327, 0.021871795877814293, 0.02134404331445694, 0.02080845832824707, 0.020291252061724663, 0.019782090559601784, 0.019281020388007164, 0.01883781887590885, 0.018433203920722008, 0.018030008301138878, 0.017605597153306007, 0.017188644036650658, 0.01679963618516922, 0.01643557660281658, 0.01607682928442955, 0.015721691772341728, 0.015368382446467876, 0.015031720511615276, 0.01471803244203329, 0.014425545930862427, 0.014149886555969715, 0.013866020366549492, 0.013576383702456951, 0.0132750840857625, 0.012996233068406582, 0.012737243436276913, 0.012474684976041317, 0.01222483441233635, 0.011956747621297836, 0.011697296053171158, 0.011448409408330917, 0.011211284436285496, 0.010987833142280579, 0.010769006796181202, 0.010570747777819633, 0.010376154445111752, 0.010188622400164604, 0.010007237084209919, 0.009833930060267448, 0.009665175341069698, 0.0095036206766963, 0.009344016201794147, 0.009186108596622944, 0.009030641987919807, 0.008878247812390327, 0.008726635947823524, 0.008580219931900501, 0.00843761209398508, 0.008296993561089039, 0.008164563216269016, 0.008037745952606201, 0.007912165485322475, 0.007788233458995819, 0.00766811752691865, 0.007548145018517971, 0.007431748788803816, 0.007317695301026106, 0.007206326816231012, 0.007100018206983805, 0.00699557363986969, 0.006892205215990543, 0.006790123879909515, 0.006693156436085701, 0.006594641599804163, 0.0064998469315469265, 0.00640856521204114, 0.0063174390234053135, 0.006230739876627922, 0.006145225837826729, 0.006060919724404812, 0.005977882072329521, 0.005896072369068861, 0.005816768854856491, 0.0057379272766411304, 0.005661592818796635, 0.00558600015938282]",0.24256226480586524,0.7770459240262598,0.9477196907014701,0.9791712142615075,0.32652650353494944,0.32896838070903867,0.31771397616468,0.19604586500746832,0.7648601112104052,40.47524268901907,cuda
TAO,257_TAO_id_1_Environment_tr_500_1st_3,SG,resnet18_autoencoder_differential_lr,128,10,10,64,100,0.001,"[0.24972428381443024, 0.2345588207244873, 0.22455014288425446, 0.21495263278484344, 0.2061699628829956, 0.1981842815876007, 0.19060282409191132, 0.18365700542926788, 0.17706365883350372, 0.17076227068901062, 0.1647222936153412, 0.15891946852207184, 0.1532771736383438, 0.14785853028297424, 0.14260853826999664, 0.13752879202365875, 0.13259659707546234, 0.12780539691448212, 0.12313631176948547, 0.11862511187791824, 0.11425892263650894, 0.11005646735429764, 0.10601025074720383, 0.10210803151130676, 0.09833827614784241, 0.09470956027507782, 0.09121956676244736, 0.08786981552839279, 0.08464495092630386, 0.08155391365289688, 0.07857821136713028, 0.07571820169687271, 0.0729568675160408, 0.07030292600393295, 0.06774555146694183, 0.06528838723897934, 0.06292823702096939, 0.060653310269117355, 0.0584690123796463, 0.05637577548623085, 0.05436983332037926, 0.05243434011936188, 0.05056799575686455, 0.04877232387661934, 0.0470309741795063, 0.045367076992988586, 0.04376879706978798, 0.04224148392677307, 0.040779758244752884, 0.03938598558306694, 0.038049936294555664, 0.03677001968026161, 0.035548776388168335, 0.03437459096312523, 0.033252496272325516, 0.03217840939760208, 0.03114677406847477, 0.030159056186676025, 0.029215455055236816, 0.028311099857091904, 0.0274458397179842, 0.026614341884851456, 0.02581566572189331, 0.025049734860658646, 0.024317122995853424, 0.023614030331373215, 0.022935891523957253, 0.022285673767328262, 0.021660298109054565, 0.02105860784649849, 0.02048303559422493, 0.01992764137685299, 0.019394971430301666, 0.018879815936088562, 0.018384957686066628, 0.017909672111272812, 0.01745065115392208, 0.01700928807258606, 0.016582604497671127, 0.016173452138900757, 0.015774672850966454, 0.015396399423480034, 0.015027073211967945, 0.014672701247036457, 0.014329448342323303, 0.013999300077557564, 0.013678614050149918, 0.013369225896894932, 0.013068780303001404, 0.012779910117387772, 0.012498822994530201, 0.012227666564285755, 0.011966139078140259, 0.011710764840245247, 0.011465993709862232, 0.011226176284253597, 0.01099576149135828, 0.010771052911877632, 0.010554136708378792, 0.010343603789806366]","[0.24076758325099945, 0.23984654247760773, 0.23875311017036438, 0.23719795048236847, 0.23523510992527008, 0.23304839432239532, 0.2305682748556137, 0.22766876220703125, 0.2241823971271515, 0.2199573665857315, 0.21497197449207306, 0.20932123064994812, 0.20311816036701202, 0.19637653231620789, 0.18918469548225403, 0.1816970407962799, 0.17402774095535278, 0.16628673672676086, 0.1585579216480255, 0.15093643963336945, 0.14345784485340118, 0.13620628416538239, 0.12918631732463837, 0.12252996861934662, 0.11613915115594864, 0.1101139634847641, 0.10435070097446442, 0.0989852249622345, 0.09401622414588928, 0.08949664980173111, 0.08523553609848022, 0.08132728189229965, 0.07769045978784561, 0.07423768192529678, 0.07097719609737396, 0.06792788952589035, 0.06500774621963501, 0.062263090163469315, 0.059681713581085205, 0.05732692778110504, 0.05512184649705887, 0.053066253662109375, 0.05114883929491043, 0.04928566515445709, 0.04753432795405388, 0.04590482637286186, 0.04441940784454346, 0.04301277548074722, 0.04168790206313133, 0.04043664410710335, 0.03924097493290901, 0.03810077905654907, 0.037040699273347855, 0.03602805733680725, 0.03503244370222092, 0.034073490649461746, 0.033159781247377396, 0.032250963151454926, 0.0314030721783638, 0.030596012249588966, 0.029845455661416054, 0.02909553423523903, 0.028404200449585915, 0.02775612473487854, 0.027143755927681923, 0.02658664993941784, 0.026061654090881348, 0.02552684396505356, 0.025022316724061966, 0.024484140798449516, 0.023972610011696815, 0.023454532027244568, 0.022971337661147118, 0.022498615086078644, 0.022031350061297417, 0.02157161757349968, 0.021159179508686066, 0.0207506250590086, 0.020374668762087822, 0.02003525383770466, 0.019734183326363564, 0.01943468488752842, 0.019133269786834717, 0.018821481615304947, 0.018501000478863716, 0.018187876790761948, 0.01786240004003048, 0.01754007674753666, 0.017211509868502617, 0.016862237825989723, 0.016532348468899727, 0.01621992141008377, 0.01587340235710144, 0.015499255619943142, 0.015091761946678162, 0.014696148224174976, 0.014361802488565445, 0.01408359780907631, 0.01379561610519886, 0.013500179164111614]",0.24206922561846456,0.7743013119168825,0.9475071231262658,0.978659588594225,0.3246031584185771,0.3278902677988243,0.3154740850829619,0.1951728584059335,0.7621025858167142,26.771656786091626,cuda
TAO,257_TAO_id_1_Environment_tr_500_1st_3,SG,pvt_autoencoder_frozen,128,10,10,64,100,0.001,"[0.2425875961780548, 0.22780421376228333, 0.21363623440265656, 0.20265735685825348, 0.1932738572359085, 0.18485192954540253, 0.17718113958835602, 0.17011910676956177, 0.1635298877954483, 0.15740017592906952, 0.15165124833583832, 0.1462378352880478, 0.14111556112766266, 0.13625672459602356, 0.13164465129375458, 0.12725190818309784, 0.12305477261543274, 0.1190408244729042, 0.11519327759742737, 0.11149406433105469, 0.10794079303741455, 0.10452776402235031, 0.10124191641807556, 0.09807131439447403, 0.09501246362924576, 0.09204484522342682, 0.08918068557977676, 0.08641061931848526, 0.08373408764600754, 0.08114557713270187, 0.07863149046897888, 0.07618700712919235, 0.07383144646883011, 0.07153917104005814, 0.06932434439659119, 0.06717802584171295, 0.06510091572999954, 0.06309524178504944, 0.0611598901450634, 0.059285812079906464, 0.05746803805232048, 0.05571699142456055, 0.054023291915655136, 0.052393388003110886, 0.050820451229810715, 0.049301642924547195, 0.04783524572849274, 0.046420976519584656, 0.04505523666739464, 0.0437399223446846, 0.042467378079891205, 0.041246116161346436, 0.04006354883313179, 0.038921911269426346, 0.037822578102350235, 0.03675829991698265, 0.03573550283908844, 0.03474288433790207, 0.03378882631659508, 0.032864052802324295, 0.03197043761610985, 0.03111058473587036, 0.030275851488113403, 0.02947620302438736, 0.028699573129415512, 0.027951670810580254, 0.027230815961956978, 0.02653026022017002, 0.02585640177130699, 0.025203585624694824, 0.02457246743142605, 0.023964691907167435, 0.02337610349059105, 0.0228071641176939, 0.02225334756076336, 0.02172209322452545, 0.02120758406817913, 0.02070682682096958, 0.020222365856170654, 0.01975535787642002, 0.01930142007768154, 0.01886526681482792, 0.01843714341521263, 0.018024737015366554, 0.01762574352324009, 0.01723688282072544, 0.016859451308846474, 0.016494907438755035, 0.016139816492795944, 0.01579492725431919, 0.015460744500160217, 0.015136022120714188, 0.014818408526480198, 0.014511805959045887, 0.014214307069778442, 0.013924378901720047, 0.013644469901919365, 0.013372908346354961, 0.013112124986946583, 0.012856921181082726]","[0.22158336639404297, 0.2209388017654419, 0.22009260952472687, 0.2189721316099167, 0.2175300121307373, 0.21568794548511505, 0.2134399116039276, 0.21074901521205902, 0.2075376808643341, 0.20372124016284943, 0.19923259317874908, 0.19404955208301544, 0.18824318051338196, 0.18192286789417267, 0.17519299685955048, 0.16815604269504547, 0.16096629202365875, 0.1537548452615738, 0.14661672711372375, 0.13966035842895508, 0.13297230005264282, 0.12658555805683136, 0.1205175444483757, 0.11475697159767151, 0.10928188264369965, 0.1041150912642479, 0.09924820810556412, 0.09467614442110062, 0.09039945900440216, 0.08638245612382889, 0.082615427672863, 0.07908552139997482, 0.07575974613428116, 0.07263950258493423, 0.06970393657684326, 0.0669388547539711, 0.06434173136949539, 0.06190403178334236, 0.059602633118629456, 0.05741862580180168, 0.05535106733441353, 0.05339188128709793, 0.051537394523620605, 0.049770910292863846, 0.04808875918388367, 0.04648482799530029, 0.044955383986234665, 0.043493304401636124, 0.04210085794329643, 0.040772683918476105, 0.039516985416412354, 0.03831689432263374, 0.03717041015625, 0.03607445955276489, 0.03501870855689049, 0.034003909677267075, 0.03302192687988281, 0.03208278492093086, 0.031182879582047462, 0.03032512404024601, 0.02951289527118206, 0.02873530052602291, 0.02799866534769535, 0.027289116755127907, 0.026609020307660103, 0.025955382734537125, 0.025320839136838913, 0.024710681289434433, 0.024120891466736794, 0.023551559075713158, 0.02300296723842621, 0.022471005097031593, 0.021954426541924477, 0.021448800340294838, 0.020961765199899673, 0.020487401634454727, 0.020023630931973457, 0.019574379548430443, 0.01914248801767826, 0.018725072965025902, 0.018325721845030785, 0.017933914437890053, 0.017556432634592056, 0.017189744859933853, 0.016830947250127792, 0.016481243073940277, 0.01614251732826233, 0.015811290591955185, 0.015488330274820328, 0.01517464593052864, 0.014868991449475288, 0.014568771235644817, 0.014279140159487724, 0.013998884707689285, 0.013725345022976398, 0.013460700400173664, 0.013204057700932026, 0.012956672348082066, 0.012713801115751266, 0.012478497810661793]",0.24134867976593405,0.7760069014729204,0.9477772691884487,0.9792113442236814,0.32605492576582346,0.3285117325618772,0.3170174141060979,0.1952990611828741,0.7632222303590687,30.275748782791197,cuda
TAO,257_TAO_id_1_Environment_tr_500_1st_3,SG,pvt_autoencoder_progressive_unfreeze,128,10,10,64,150,0.001,"[0.28301578760147095, 0.266988068819046, 0.25294503569602966, 0.24177588522434235, 0.23251362144947052, 0.22427532076835632, 0.21662886440753937, 0.20943349599838257, 0.20255430042743683, 0.19606903195381165, 0.18982934951782227, 0.18377527594566345, 0.1778537482023239, 0.17205771803855896, 0.16639256477355957, 0.1608687937259674, 0.15548445284366608, 0.1502104252576828, 0.14508113265037537, 0.14003226161003113, 0.1350947469472885, 0.1292831003665924, 0.12340719252824783, 0.11809805035591125, 0.11319724470376968, 0.10861046612262726, 0.10431414842605591, 0.1002565324306488, 0.09640684723854065, 0.09275449812412262, 0.08927447348833084, 0.08595844358205795, 0.08279076963663101, 0.07976789027452469, 0.07688066363334656, 0.07412561774253845, 0.07150570303201675, 0.06901310384273529, 0.06662719696760178, 0.06435386091470718, 0.06217000260949135, 0.060088999569416046, 0.05809302628040314, 0.05618404597043991, 0.054348766803741455, 0.05258750170469284, 0.0509081669151783, 0.049290839582681656, 0.04773641377687454, 0.04624970629811287, 0.044817496091127396, 0.04343996196985245, 0.04211486503481865, 0.04084640368819237, 0.0396246574819088, 0.0384499691426754, 0.037319257855415344, 0.03623043745756149, 0.03518041595816612, 0.03416578099131584, 0.033188384026288986, 0.03225071355700493, 0.03134170547127724, 0.03046305663883686, 0.02961588278412819, 0.028793850913643837, 0.02800372615456581, 0.027236901223659515, 0.02649463526904583, 0.025776684284210205, 0.02508424036204815, 0.024412522092461586, 0.023757319897413254, 0.023128489032387733, 0.022519081830978394, 0.021926801651716232, 0.02135431207716465, 0.020799197256565094, 0.0202630627900362, 0.01974356919527054, 0.01924051158130169, 0.018749652430415154, 0.018280455842614174, 0.01782415248453617, 0.01738286390900612, 0.016952883452177048, 0.0165384653955698, 0.016137881204485893, 0.015747956931591034, 0.015372267924249172, 0.01500627864152193, 0.014653642661869526, 0.014310856349766254, 0.013979741372168064, 0.013659202493727207, 0.01334643829613924, 0.013044930063188076, 0.012752309441566467, 0.012467811815440655, 0.012194880284368992, 0.011928240768611431, 0.011669003404676914, 0.011416594497859478, 0.011175489984452724, 0.010936858132481575, 0.010709073394536972, 0.010485885664820671, 0.010267977602779865, 0.010058083571493626, 0.009853916242718697, 0.009654452092945576, 0.009462141431868076, 0.009273015893995762, 0.009092324413359165, 0.00891454704105854, 0.00874223280698061, 0.008573918603360653, 0.008411802351474762, 0.008251320570707321, 0.008097531273961067, 0.007947125472128391, 0.007800206542015076, 0.007658461108803749, 0.007519102655351162, 0.007382841780781746, 0.007250198163092136, 0.007122325245290995, 0.0069973967038095, 0.006875856313854456, 0.006756144110113382, 0.006640097592025995, 0.0065260836854577065, 0.0064150989055633545, 0.006308630108833313, 0.006201895419508219, 0.0060999104753136635, 0.0059989881701767445, 0.005901194177567959, 0.005805585067719221, 0.00571222510188818, 0.005620461422950029, 0.0055313422344625, 0.005444262642413378, 0.005359935108572245, 0.005276439245790243, 0.005194625351577997, 0.0051164766773581505, 0.005037358030676842, 0.004961656406521797, 0.004887260030955076]","[0.2573225498199463, 0.25631800293922424, 0.2554364800453186, 0.2544945180416107, 0.2534266710281372, 0.25209757685661316, 0.2504691481590271, 0.248430997133255, 0.24585475027561188, 0.24261511862277985, 0.23855458199977875, 0.2335934340953827, 0.22775356471538544, 0.22111403942108154, 0.2138218879699707, 0.2060442864894867, 0.1978563517332077, 0.1894158273935318, 0.18083569407463074, 0.17228847742080688, 0.16908086836338043, 0.16014035046100616, 0.1502266526222229, 0.14052096009254456, 0.1312183439731598, 0.12286506593227386, 0.11554256081581116, 0.10899200290441513, 0.10298676043748856, 0.09757500141859055, 0.0926111489534378, 0.08798304945230484, 0.0836818739771843, 0.079631008207798, 0.0758729949593544, 0.07243213802576065, 0.06925021857023239, 0.06625308841466904, 0.06343573331832886, 0.06081002950668335, 0.05839382857084274, 0.0561383031308651, 0.0540023036301136, 0.05196484550833702, 0.05005570873618126, 0.04829409345984459, 0.04664234444499016, 0.045098982751369476, 0.04365839436650276, 0.04230352118611336, 0.0410272553563118, 0.039828356355428696, 0.0386955626308918, 0.03760358318686485, 0.03654005378484726, 0.03549722954630852, 0.034482233226299286, 0.03350824490189552, 0.0325714536011219, 0.03166966512799263, 0.03080088645219803, 0.029956480488181114, 0.029142094776034355, 0.028361588716506958, 0.027606574818491936, 0.02688288874924183, 0.026185359805822372, 0.025510989129543304, 0.024861618876457214, 0.02423786371946335, 0.023630239069461823, 0.023030392825603485, 0.022450026124715805, 0.02188488282263279, 0.02133217826485634, 0.020802149549126625, 0.020294947549700737, 0.019807593896985054, 0.01933250017464161, 0.01886906288564205, 0.018414461985230446, 0.017976807430386543, 0.017545968294143677, 0.017125949263572693, 0.01671377755701542, 0.01630992814898491, 0.01591542735695839, 0.015531566925346851, 0.015164317563176155, 0.014804613776504993, 0.01445835828781128, 0.014122211374342442, 0.01379957515746355, 0.013492053374648094, 0.013193626888096333, 0.012905174866318703, 0.012624929659068584, 0.012353506870567799, 0.012092179618775845, 0.011834698729217052, 0.0115843266248703, 0.01134076900780201, 0.01110975630581379, 0.01088204886764288, 0.010664832778275013, 0.01045171171426773, 0.010242434218525887, 0.010040566325187683, 0.009844175539910793, 0.009652335196733475, 0.009465740993618965, 0.009281331673264503, 0.009104417636990547, 0.008930635638535023, 0.008761790581047535, 0.008597580716013908, 0.008439669385552406, 0.00828361976891756, 0.008133849129080772, 0.007987954653799534, 0.00784638524055481, 0.007708983961492777, 0.007572767790406942, 0.007438688538968563, 0.007308898959308863, 0.007183973211795092, 0.00706168357282877, 0.006942406762391329, 0.006825435906648636, 0.006712010595947504, 0.006599492859095335, 0.006490611005574465, 0.0063864728435873985, 0.006281609181314707, 0.00618013134226203, 0.0060791210271418095, 0.0059816124849021435, 0.005885941442102194, 0.005793282762169838, 0.005702195223420858, 0.0056133330799639225, 0.005526392254978418, 0.005441828165203333, 0.005358389113098383, 0.005276352632790804, 0.005197717808187008, 0.0051177265122532845, 0.005040648393332958, 0.004965653643012047, 0.004892051685601473]",0.24275724756123007,0.777121699465873,0.9479642955985418,0.9793120703099447,0.3269921045344594,0.3294192319898445,0.31816562461034176,0.19625173115272912,0.7648601112104052,46.404878553934395,cuda
TAO,257_TAO_id_1_Environment_tr_500_1st_3,SG,pvt_autoencoder_differential_lr,128,10,10,64,100,0.001,"[0.2780417203903198, 0.2597465515136719, 0.24404437839984894, 0.2333228886127472, 0.22489698231220245, 0.2172403484582901, 0.20987050235271454, 0.20262272655963898, 0.19561049342155457, 0.18890829384326935, 0.18252937495708466, 0.1764058917760849, 0.17049477994441986, 0.16480711102485657, 0.15937073528766632, 0.15416134893894196, 0.14920003712177277, 0.14446206390857697, 0.1399361789226532, 0.13562250137329102, 0.13149720430374146, 0.12754316627979279, 0.12372783571481705, 0.12002123892307281, 0.11641576886177063, 0.11290807276964188, 0.10948394238948822, 0.10616728663444519, 0.10293802618980408, 0.09978709369897842, 0.09672030806541443, 0.09370671212673187, 0.09076789766550064, 0.08789459615945816, 0.08511999994516373, 0.08242486417293549, 0.07982417196035385, 0.07729942351579666, 0.0748547688126564, 0.07248237729072571, 0.07017651200294495, 0.067947156727314, 0.06577328592538834, 0.063669852912426, 0.06163309887051582, 0.059656500816345215, 0.05773879587650299, 0.055885810405015945, 0.054085444658994675, 0.052346546202898026, 0.05066750571131706, 0.04905267432332039, 0.047495558857917786, 0.04599654674530029, 0.044559068977832794, 0.04316945746541023, 0.04183536395430565, 0.04054826498031616, 0.03931466490030289, 0.03812312334775925, 0.03697594627737999, 0.035867802798748016, 0.034803833812475204, 0.033770911395549774, 0.03277736157178879, 0.031814172863960266, 0.030889805406332016, 0.030000362545251846, 0.029143942520022392, 0.028314189985394478, 0.027519220486283302, 0.02674941159784794, 0.026007143780589104, 0.025291673839092255, 0.024599788710474968, 0.023932749405503273, 0.02328607626259327, 0.022663498297333717, 0.02205718494951725, 0.02147335186600685, 0.020907364785671234, 0.020358512178063393, 0.019827786833047867, 0.01931445114314556, 0.018816376104950905, 0.0183330737054348, 0.017866292968392372, 0.01741395704448223, 0.016973650082945824, 0.01654769480228424, 0.01613575592637062, 0.01573619619011879, 0.015346718952059746, 0.01497248187661171, 0.01460738480091095, 0.014253147877752781, 0.013910598121583462, 0.01357803214341402, 0.013255720026791096, 0.012943186797201633]","[0.2321511059999466, 0.2318079173564911, 0.23146158456802368, 0.23108752071857452, 0.23064804077148438, 0.23007795214653015, 0.22930680215358734, 0.2281215935945511, 0.2262740135192871, 0.22359806299209595, 0.22005482017993927, 0.2156417965888977, 0.21028272807598114, 0.2041473239660263, 0.19736456871032715, 0.19005724787712097, 0.18233229219913483, 0.1743854135274887, 0.16642601788043976, 0.15856610238552094, 0.15093250572681427, 0.14365845918655396, 0.1367824375629425, 0.130301371216774, 0.12422095239162445, 0.11856178194284439, 0.11327890306711197, 0.10834382474422455, 0.10373788326978683, 0.0994432270526886, 0.0954224243760109, 0.09168095141649246, 0.08820699155330658, 0.08501268923282623, 0.08205283433198929, 0.079306460916996, 0.07670126110315323, 0.07422743737697601, 0.0718572586774826, 0.06958279013633728, 0.06741303950548172, 0.06532459706068039, 0.06333589553833008, 0.061437223106622696, 0.05962039530277252, 0.05787687748670578, 0.05619259178638458, 0.05455490201711655, 0.05297383293509483, 0.05142870917916298, 0.04993954673409462, 0.04849931597709656, 0.047107744961977005, 0.04575197771191597, 0.04439322277903557, 0.043047163635492325, 0.041718658059835434, 0.040426239371299744, 0.03916650637984276, 0.03794683888554573, 0.03676221892237663, 0.03562238812446594, 0.03452172875404358, 0.03347235918045044, 0.03246681019663811, 0.03151505067944527, 0.030613120645284653, 0.029756639152765274, 0.028925776481628418, 0.02812376245856285, 0.027336547151207924, 0.026573995128273964, 0.02584053948521614, 0.025133050978183746, 0.02444733865559101, 0.023776883259415627, 0.023125236853957176, 0.022484125569462776, 0.0218635443598032, 0.021262483671307564, 0.02068069577217102, 0.02012273482978344, 0.01959429495036602, 0.01908995769917965, 0.018607711419463158, 0.018145564943552017, 0.017700159922242165, 0.017264854162931442, 0.01684138923883438, 0.016430381685495377, 0.016029607504606247, 0.015638552606105804, 0.01526625920087099, 0.014909927733242512, 0.014566827565431595, 0.01423113513737917, 0.013897774741053581, 0.013569343835115433, 0.013248343952000141, 0.012940466403961182]",0.2413638298080844,0.7752825396433982,0.9476092656398104,0.9790355533696153,0.3263583909730887,0.3285117325618772,0.3170174141060979,0.19630602831562818,0.7629280065503169,30.888607576023787,cuda
TAO,257_TAO_id_1_Environment_tr_500_1st_3,GASF,cnn_autoencoder,128,10,10,64,150,0.001,"[0.10324978083372116, 0.09909052401781082, 0.09500282257795334, 0.09156215190887451, 0.0885377824306488, 0.08583029359579086, 0.0833328515291214, 0.08092191070318222, 0.0785444974899292, 0.07619833946228027, 0.07388529926538467, 0.0715787261724472, 0.06927859038114548, 0.06699557602405548, 0.06474676728248596, 0.06255090981721878, 0.06043734773993492, 0.058395903557538986, 0.056404199451208115, 0.05446383357048035, 0.05258611962199211, 0.050787147134542465, 0.049045223742723465, 0.047345224767923355, 0.0456853024661541, 0.04407244548201561, 0.04251500219106674, 0.041017696261405945, 0.039578769356012344, 0.0381973460316658, 0.03686192259192467, 0.03556837514042854, 0.03432121127843857, 0.033118441700935364, 0.03194466233253479, 0.030803676694631577, 0.029709381982684135, 0.028650760650634766, 0.02762453444302082, 0.02662580832839012, 0.025661110877990723, 0.024728698655962944, 0.023828957229852676, 0.022964240983128548, 0.02213420905172825, 0.021337876096367836, 0.020567866042256355, 0.019827038049697876, 0.019114922732114792, 0.01842585578560829, 0.017764998599886894, 0.017125818878412247, 0.016512207686901093, 0.01592148095369339, 0.015351444482803345, 0.014804914593696594, 0.01427972037345171, 0.013772335834801197, 0.013288525864481926, 0.012822417542338371, 0.012375138700008392, 0.011946995742619038, 0.011536411009728909, 0.011144856922328472, 0.010767665691673756, 0.010407564230263233, 0.010061842389404774, 0.009730452671647072, 0.009411324746906757, 0.009109209291636944, 0.00881562102586031, 0.008536187931895256, 0.008268310688436031, 0.00800951849669218, 0.007763274945318699, 0.007527460809797049, 0.007300964556634426, 0.0070851766504347324, 0.006876520812511444, 0.006676832213997841, 0.006484961602836847, 0.006301840767264366, 0.0061254785396158695, 0.005956053268164396, 0.005793748889118433, 0.0056376103311777115, 0.005486561916768551, 0.005341488402336836, 0.005202533211559057, 0.005068864673376083, 0.004939698148518801, 0.004815405234694481, 0.004695957992225885, 0.004580011125653982, 0.004468764178454876, 0.004362371284514666, 0.004259232431650162, 0.00415878975763917, 0.00406249612569809, 0.003968780394643545, 0.00387972267344594, 0.003792788367718458, 0.0037091688718646765, 0.00362696242518723, 0.003549810964614153, 0.003473352175205946, 0.003400892950594425, 0.003332157852128148, 0.0032676374539732933, 0.0032138219103217125, 0.003175701480358839, 0.003146441886201501, 0.0030881185084581375, 0.0029746268410235643, 0.0028924639336764812, 0.002873004646971822, 0.0028186694253236055, 0.0027320128865540028, 0.0026957117952406406, 0.0026578207034617662, 0.0025855835992842913, 0.002546878531575203, 0.0025105178356170654, 0.0024492035154253244, 0.002414435613900423, 0.002376460237428546, 0.002323650987818837, 0.0022931296844035387, 0.0022543270606547594, 0.002209635451436043, 0.0021808072924613953, 0.0021426682360470295, 0.0021051757503300905, 0.0020767648238688707, 0.0020408770069479942, 0.002008395968005061, 0.0019812416285276413, 0.0019473324064165354, 0.0019180203089490533, 0.0018921589944511652, 0.0018616683082655072, 0.0018343888223171234, 0.0018099825829267502]","[0.1000252440571785, 0.0997937023639679, 0.0995476096868515, 0.0992608442902565, 0.09891938418149948, 0.09852458536624908, 0.09806405007839203, 0.09751726686954498, 0.0968770980834961, 0.09613911062479019, 0.0953172892332077, 0.09442243725061417, 0.09345952421426773, 0.092429980635643, 0.09132878482341766, 0.09015153348445892, 0.08888403326272964, 0.08752019703388214, 0.08608174324035645, 0.08459749072790146, 0.0830913782119751, 0.0815802663564682, 0.08011312782764435, 0.07876678556203842, 0.07758568972349167, 0.07656560838222504, 0.07563481479883194, 0.07469892501831055, 0.07370632886886597, 0.07263483852148056, 0.07152370363473892, 0.07042471319437027, 0.0693962350487709, 0.06844813376665115, 0.06758052855730057, 0.06671246886253357, 0.06580536812543869, 0.06487258523702621, 0.06388689577579498, 0.06283306330442429, 0.061799075454473495, 0.060858145356178284, 0.05997469648718834, 0.059092357754707336, 0.05822310224175453, 0.0574125237762928, 0.056655824184417725, 0.055894918739795685, 0.05511585995554924, 0.054314665496349335, 0.05350763350725174, 0.05278567597270012, 0.052180904895067215, 0.051649391651153564, 0.05119249224662781, 0.050796687602996826, 0.050428856164216995, 0.05004898086190224, 0.04963579401373863, 0.04921972006559372, 0.04886137694120407, 0.048620373010635376, 0.04846819117665291, 0.04829360172152519, 0.04806557297706604, 0.0477890819311142, 0.047491203993558884, 0.047233112156391144, 0.047023311257362366, 0.04679237678647041, 0.04658816009759903, 0.04643704369664192, 0.04629182070493698, 0.046176597476005554, 0.046067431569099426, 0.045954592525959015, 0.04588698223233223, 0.04579966142773628, 0.04568726569414139, 0.04559137299656868, 0.04549572989344597, 0.045426104217767715, 0.04534490779042244, 0.045229263603687286, 0.04513751342892647, 0.045044105499982834, 0.04496470093727112, 0.04491518810391426, 0.04486282169818878, 0.04484490677714348, 0.044787559658288956, 0.04473080113530159, 0.04465917870402336, 0.044606972485780716, 0.04453866183757782, 0.044484395533800125, 0.044440798461437225, 0.04442502558231354, 0.044385988265275955, 0.04434901848435402, 0.04427552968263626, 0.044241372495889664, 0.04416574165225029, 0.044191885739564896, 0.04408373683691025, 0.044154103845357895, 0.043927934020757675, 0.04417841508984566, 0.043667178601026535, 0.04437485709786415, 0.04327966645359993, 0.044391024857759476, 0.0431809164583683, 0.04332137852907181, 0.04381634667515755, 0.042926955968141556, 0.04332086071372032, 0.043426498770713806, 0.04276258870959282, 0.043173015117645264, 0.04322146251797676, 0.042650770395994186, 0.042983558028936386, 0.043092887848615646, 0.04259325936436653, 0.04279013350605965, 0.0429408997297287, 0.042541611939668655, 0.042685750871896744, 0.042872391641139984, 0.04252113029360771, 0.042601246386766434, 0.042795855551958084, 0.042498599737882614, 0.04252757504582405, 0.04272809252142906, 0.042485665529966354, 0.04248610511422157, 0.04269014298915863, 0.04248999059200287, 0.042448390275239944, 0.04260920360684395, 0.042453255504369736]",0.11890698889991841,0.6349798180464732,0.9220660291745715,0.9694845639584867,0.2570420126824924,0.2571756601607348,0.2569115200272768,0.14209134980430993,0.7635445877012436,18.953017618041486,cuda
TAO,257_TAO_id_1_Environment_tr_500_1st_3,GASF,resnet18_autoencoder_frozen,128,10,10,64,100,0.001,"[0.11592793464660645, 0.10387394577264786, 0.09717132151126862, 0.09310553222894669, 0.08961860090494156, 0.08589888364076614, 0.08189867436885834, 0.0776837095618248, 0.07339100539684296, 0.0691222995519638, 0.06494147330522537, 0.06093257665634155, 0.057228412479162216, 0.053933341056108475, 0.050750598311424255, 0.04769109934568405, 0.044869646430015564, 0.0422910638153553, 0.039873722940683365, 0.03761596605181694, 0.03551909700036049, 0.03352336212992668, 0.031664591282606125, 0.029960997402668, 0.02838238701224327, 0.02689712680876255, 0.025497207418084145, 0.024181051179766655, 0.02291800081729889, 0.021699463948607445, 0.020526621490716934, 0.019427670165896416, 0.018388094380497932, 0.01737545058131218, 0.016390446573495865, 0.015427201986312866, 0.01451993826776743, 0.013650389388203621, 0.012825542129576206, 0.012049747630953789, 0.011676524765789509, 0.011307645589113235, 0.010949532501399517]","[0.10709095746278763, 0.10692385584115982, 0.10671082884073257, 0.10636468976736069, 0.10586611181497574, 0.10524950176477432, 0.10451003164052963, 0.10368970781564713, 0.10285993665456772, 0.1020297110080719, 0.10115844011306763, 0.10025426745414734, 0.09927643090486526, 0.09807878732681274, 0.09661290794610977, 0.09498083591461182, 0.09298225492238998, 0.09057870507240295, 0.08811452239751816, 0.0856567919254303, 0.08336962759494781, 0.08130341023206711, 0.07899091392755508, 0.07679596543312073, 0.07570904493331909, 0.07528267800807953, 0.07478613406419754, 0.07417438179254532, 0.07360996305942535, 0.0728323757648468, 0.07250656932592392, 0.07214466482400894, 0.07200179249048233, 0.07208529859781265, 0.07230056077241898, 0.07281548529863358, 0.07351543009281158, 0.07421203702688217, 0.07495075464248657, 0.07621584832668304, 0.07751311361789703, 0.07783330231904984, 0.07712836563587189]",0.12060437855133384,0.6374572896229773,0.9263295266089082,0.970594142763609,0.25607464672050556,0.2560768795929904,0.25607687959299014,0.146285227403007,0.7621675802865632,9.81338439998217,cuda
TAO,257_TAO_id_1_Environment_tr_500_1st_3,GASF,resnet18_autoencoder_progressive_unfreeze,128,10,10,64,150,0.001,"[0.11689268052577972, 0.10436356067657471, 0.09659954160451889, 0.09198816120624542, 0.08897343277931213, 0.086326964199543, 0.08329179883003235, 0.07967295497655869, 0.07561901211738586, 0.07123295962810516, 0.06662818789482117, 0.06198851391673088, 0.05764738842844963, 0.05388808250427246, 0.050622642040252686, 0.047609444707632065, 0.044838834553956985, 0.04229547455906868, 0.03996849060058594, 0.03780008852481842, 0.035764168947935104, 0.04531651362776756, 0.03523692861199379, 0.03121163509786129, 0.028694259002804756, 0.026469431817531586, 0.024903161451220512, 0.023292846977710724, 0.021699190139770508, 0.020296582952141762, 0.01906224526464939, 0.017929762601852417, 0.016879014670848846, 0.015908734872937202, 0.01502356305718422, 0.014210757799446583, 0.01346857100725174, 0.012772527523338795, 0.012127255089581013, 0.011525985784828663, 0.010956690646708012, 0.010425572283565998, 0.009928715415298939, 0.009456930682063103, 0.009011437185108662, 0.008599878288805485, 0.008221971802413464, 0.007863533683121204, 0.007521480321884155, 0.007197865284979343, 0.006893882993608713, 0.006603294983506203, 0.0064601474441587925, 0.006318213883787394]","[0.10278040915727615, 0.10251711308956146, 0.10218343138694763, 0.10173875838518143, 0.10119250416755676, 0.10053330659866333, 0.09973033517599106, 0.09872061759233475, 0.09748681634664536, 0.09603884816169739, 0.09439616650342941, 0.09261850267648697, 0.09075101464986801, 0.0887206643819809, 0.08655146509408951, 0.0845017284154892, 0.08268249034881592, 0.0810043066740036, 0.07920781522989273, 0.07749900221824646, 0.07666227966547012, 0.07213713973760605, 0.07107271254062653, 0.07132862508296967, 0.07168388366699219, 0.0719134658575058, 0.07103996723890305, 0.06978336721658707, 0.06872168183326721, 0.06837770342826843, 0.06854823231697083, 0.06878119707107544, 0.06847251951694489, 0.06752794981002808, 0.06653796881437302, 0.06579750031232834, 0.06523386389017105, 0.06468482315540314, 0.06431396305561066, 0.06417630612850189, 0.06414718925952911, 0.06416957825422287, 0.06395050138235092, 0.0637161061167717, 0.06364932656288147, 0.06368453800678253, 0.06373047828674316, 0.06387868523597717, 0.06414119899272919, 0.06431011110544205, 0.06441521644592285, 0.06459499895572662, 0.06469348818063736, 0.06467419862747192]",0.11629539936780905,0.6244688655414913,0.9192028980747213,0.968760408290138,0.25535290214985296,0.25535512965050733,0.25535512965050705,0.13902710438436577,0.7613451508801187,12.108673261012882,cuda
TAO,257_TAO_id_1_Environment_tr_500_1st_3,GASF,resnet18_autoencoder_differential_lr,128,10,10,64,100,0.001,"[0.1312025487422943, 0.11677999049425125, 0.10989432036876678, 0.10613568872213364, 0.10307451337575912, 0.09981992840766907, 0.09634266793727875, 0.09296591579914093, 0.08967991918325424, 0.08667731285095215, 0.0838010311126709, 0.08099588006734848, 0.07828781008720398, 0.07571951299905777, 0.07325947284698486, 0.0708933025598526, 0.06862706691026688, 0.06641437113285065, 0.06415548920631409, 0.061754874885082245, 0.059104323387145996, 0.05629158765077591, 0.05332477390766144, 0.05009390041232109, 0.046737004071474075, 0.043380383402109146, 0.04017164185643196, 0.037315499037504196, 0.034625597298145294, 0.03214600309729576, 0.029909929260611534, 0.027938762679696083, 0.02621414139866829, 0.024576256051659584, 0.023041032254695892, 0.021608484908938408, 0.020291129127144814, 0.019080569967627525, 0.017968041822314262, 0.01693636365234852, 0.015965478494763374, 0.015029611065983772, 0.014141350984573364, 0.013332311064004898, 0.01258113980293274, 0.012205568142235279, 0.011827806942164898, 0.011459985747933388]","[0.11637258529663086, 0.11607871204614639, 0.11570603400468826, 0.11523750424385071, 0.11467231810092926, 0.11399883776903152, 0.1131957396864891, 0.11219356209039688, 0.11098765581846237, 0.10959909111261368, 0.10800305008888245, 0.1061890497803688, 0.10411258786916733, 0.1017913818359375, 0.0991876944899559, 0.0963558480143547, 0.09342306852340698, 0.09047786146402359, 0.0876428484916687, 0.08500324189662933, 0.08264471590518951, 0.08051110804080963, 0.0784711241722107, 0.07665842771530151, 0.07531509548425674, 0.0743907168507576, 0.07370497286319733, 0.07308129221200943, 0.07253430038690567, 0.07215896993875504, 0.0719435065984726, 0.07142281532287598, 0.07081408053636551, 0.07037921994924545, 0.06993623822927475, 0.0695221945643425, 0.06916432827711105, 0.06903079152107239, 0.06914455443620682, 0.06960555911064148, 0.07066153734922409, 0.07196572422981262, 0.07304257899522781, 0.07400009781122208, 0.07437984645366669, 0.07465337216854095, 0.07502126693725586, 0.07535632699728012]",0.11528525005847419,0.6210024602615614,0.9181459388040322,0.9682593564199339,0.25388964102448774,0.2531752751905165,0.25321535891736097,0.14428803832787745,0.7587503186436069,12.326338654151186,cuda
TAO,257_TAO_id_1_Environment_tr_500_1st_3,GASF,pvt_autoencoder_frozen,128,10,10,64,100,0.001,"[0.13217835128307343, 0.1139654591679573, 0.1030367985367775, 0.09699070453643799, 0.09290610253810883, 0.0899384394288063, 0.08780667185783386, 0.08630403131246567, 0.08485399931669235, 0.08325368911027908, 0.08153995126485825, 0.07984121143817902, 0.078251414000988, 0.07674581557512283, 0.0752313882112503, 0.07443320751190186, 0.07358383387327194, 0.07270585000514984, 0.07182978093624115, 0.07097415626049042, 0.07015432417392731, 0.06937793642282486, 0.06863744556903839, 0.0679176077246666, 0.06721646338701248, 0.06653241068124771, 0.06587158888578415, 0.06522612273693085, 0.0645977109670639, 0.0639873594045639, 0.06339427083730698, 0.06281968206167221, 0.06225564703345299, 0.06168666109442711, 0.06111156940460205, 0.06053343042731285, 0.05996343865990639, 0.05940563231706619, 0.05884875729680061, 0.0582895427942276, 0.0577169731259346, 0.05713643133640289, 0.05654805898666382, 0.05594499781727791, 0.05532887205481529, 0.05468468740582466, 0.05402135103940964, 0.05334128811955452, 0.05261722952127457, 0.051837895065546036, 0.05100809410214424, 0.050118476152420044, 0.04915096238255501, 0.04806632921099663, 0.04684222862124443, 0.04550671577453613, 0.044085633009672165, 0.042632970958948135, 0.04117659851908684, 0.03973411023616791, 0.038279805332422256, 0.03678448870778084, 0.0359608456492424, 0.03508057817816734]","[0.10459501296281815, 0.10423251241445541, 0.10394123941659927, 0.10358324646949768, 0.10313922166824341, 0.10264522582292557, 0.10219767689704895, 0.10197635740041733, 0.1022811308503151, 0.10349390655755997, 0.10580236464738846, 0.10879458487033844, 0.11136802285909653, 0.11261539906263351, 0.11021400988101959, 0.1072545200586319, 0.10401438921689987, 0.10080768913030624, 0.09781231731176376, 0.09511753916740417, 0.09265653043985367, 0.09037787467241287, 0.08845170587301254, 0.08689544349908829, 0.0856587290763855, 0.08467522263526917, 0.0838625505566597, 0.083173468708992, 0.0825667679309845, 0.08199268579483032, 0.08143039792776108, 0.08085334300994873, 0.08023963868618011, 0.07960726320743561, 0.07896705716848373, 0.07832662761211395, 0.07769966125488281, 0.0771171823143959, 0.07660642266273499, 0.07616797834634781, 0.07579168677330017, 0.07545038312673569, 0.07512133568525314, 0.07479498535394669, 0.07445865869522095, 0.07412362098693848, 0.07380442321300507, 0.07351069897413254, 0.0732615664601326, 0.07303386926651001, 0.07279913127422333, 0.07253319025039673, 0.07229555398225784, 0.072135791182518, 0.07208768278360367, 0.07217323780059814, 0.0724000632762909, 0.072719506919384, 0.07299204915761948, 0.07309287786483765, 0.0733102560043335, 0.07359639555215836, 0.07403307408094406, 0.07458162307739258]",0.11508608557487802,0.6196988658343184,0.9174889623173783,0.9678294599036583,0.2544288488745562,0.25443110348770726,0.2544810446884458,0.1426487240262108,0.7579705335988636,16.364500605035573,cuda
TAO,257_TAO_id_1_Environment_tr_500_1st_3,GASF,pvt_autoencoder_progressive_unfreeze,128,10,10,64,150,0.001,"[0.11583500355482101, 0.1055072695016861, 0.09764415770769119, 0.09213481098413467, 0.08733798563480377, 0.08268442749977112, 0.07804691791534424, 0.0734448954463005, 0.06898464262485504, 0.06459708511829376, 0.060314636677503586, 0.0563390776515007, 0.052859704941511154, 0.04967788606882095, 0.04674189165234566, 0.04403730481863022, 0.04158622771501541, 0.039307981729507446, 0.03718008100986481, 0.035191986709833145, 0.03332424908876419, 0.049142275005578995, 0.04734489694237709, 0.036717962473630905, 0.03238745406270027, 0.029707157984375954, 0.02691284753382206, 0.02486550435423851, 0.023128660395741463, 0.02159658446907997, 0.020079175010323524, 0.018848517909646034, 0.017897728830575943, 0.016922350972890854, 0.015893395990133286, 0.0149762611836195, 0.014155713841319084, 0.013378539122641087, 0.012685403227806091, 0.01207021065056324, 0.011454795487225056, 0.010869589634239674, 0.010343177244067192, 0.009856957010924816, 0.009391587227582932, 0.008955523371696472, 0.008550074882805347, 0.008167669177055359, 0.007807276211678982, 0.007469418924301863, 0.0071491217240691185, 0.006841700989753008, 0.006547761615365744, 0.006276438012719154, 0.006025104317814112, 0.005782525986433029, 0.005551646929234266, 0.005335440393537283, 0.005130377132445574, 0.004932918585836887, 0.004742505960166454, 0.004651676397770643, 0.004563041031360626, 0.004475359804928303, 0.004390232730656862, 0.0043089487589895725, 0.004229547455906868, 0.004153611604124308, 0.004078069236129522, 0.004003601614385843, 0.003932302817702293, 0.0038618475664407015, 0.0037945741787552834, 0.003729221411049366, 0.0036645005457103252, 0.003601730801165104, 0.0035395468585193157, 0.003480529645457864, 0.003420616267248988, 0.0033625971991568804, 0.0033063918817788363, 0.0032504135742783546, 0.003196013392880559, 0.0031417652498930693, 0.0030892963986843824, 0.0030380405951291323, 0.002987480955198407, 0.0029394838493317366, 0.0028914303984493017, 0.0028441811446100473, 0.0027978182770311832, 0.002753172069787979, 0.002709668129682541, 0.002666323911398649, 0.002623968292027712, 0.0025822941679507494, 0.0025427103973925114, 0.002503142924979329, 0.0024638248141855, 0.0024257218465209007, 0.002388780238106847, 0.002352700335904956, 0.002316780388355255, 0.002281372668221593, 0.002247136551886797, 0.0022131348960101604, 0.002180322539061308, 0.0021478256676346064, 0.0021156410221010447, 0.002084824489429593, 0.0020542920101433992, 0.0020243688486516476, 0.001994436839595437, 0.001964939758181572, 0.001937041524797678, 0.0019092665752395988, 0.001881828298792243, 0.0018549797823652625, 0.0018282990204170346]","[0.10573176294565201, 0.10567168891429901, 0.10548247396945953, 0.1051078662276268, 0.10458527505397797, 0.10397336632013321, 0.10321617126464844, 0.10234824568033218, 0.10136835277080536, 0.10021588951349258, 0.09879464656114578, 0.09720508009195328, 0.09549279510974884, 0.09328432381153107, 0.09077534079551697, 0.08851921558380127, 0.0864611566066742, 0.08464949578046799, 0.08272046595811844, 0.08094532042741776, 0.08874315023422241, 0.08864374458789825, 0.08557504415512085, 0.07528311014175415, 0.07066941261291504, 0.06893022358417511, 0.06806091219186783, 0.06690039485692978, 0.06526032090187073, 0.06364505738019943, 0.06258328258991241, 0.06198342517018318, 0.0615929514169693, 0.06130044907331467, 0.06124838814139366, 0.06131937727332115, 0.06147392466664314, 0.061423078179359436, 0.06105409190058708, 0.060515113174915314, 0.060077957808971405, 0.05997835844755173, 0.06010392680764198, 0.06018320098519325, 0.06007658690214157, 0.05980279669165611, 0.0595598965883255, 0.05947621539235115, 0.05950508639216423, 0.05961893871426582, 0.05966606363654137, 0.059578604996204376, 0.05942611023783684, 0.05931713804602623, 0.0593206025660038, 0.059425897896289825, 0.059540536254644394, 0.05958669260144234, 0.059519290924072266, 0.05938320234417915, 0.05928140878677368, 0.0592077262699604, 0.05915718525648117, 0.05914204567670822, 0.05914820730686188, 0.05915667489171028, 0.0591561533510685, 0.05913228541612625, 0.059082139283418655, 0.05901582911610603, 0.058935172855854034, 0.05884748697280884, 0.058775439858436584, 0.0587216280400753, 0.05869051441550255, 0.058683887124061584, 0.05869310349225998, 0.058700792491436005, 0.05870562046766281, 0.05869808420538902, 0.05867503955960274, 0.0586482435464859, 0.05862811580300331, 0.058617763221263885, 0.058611538261175156, 0.05859849974513054, 0.058575645089149475, 0.05853525921702385, 0.05849413201212883, 0.05845463275909424, 0.058425772935152054, 0.05841676518321037, 0.058416321873664856, 0.05841877683997154, 0.058415863662958145, 0.05840807035565376, 0.058383651077747345, 0.05835367739200592, 0.058322470635175705, 0.05829473212361336, 0.05827886611223221, 0.05827387049794197, 0.05827617645263672, 0.058279991149902344, 0.05827872082591057, 0.05826873332262039, 0.05824844166636467, 0.058223579078912735, 0.0581938698887825, 0.05817105993628502, 0.05816468968987465, 0.058167941868305206, 0.058172956109046936, 0.058170609176158905, 0.05816449597477913, 0.058153364807367325, 0.058140743523836136, 0.058134809136390686, 0.05813164263963699]",0.11504092584546072,0.6194972261051783,0.9187750236108508,0.9680667235979451,0.2567970555517077,0.25679931291153735,0.2568405524894428,0.13876137629266194,0.7620070679481118,27.536985227139667,cuda
TAO,257_TAO_id_1_Environment_tr_500_1st_3,GASF,pvt_autoencoder_differential_lr,128,10,10,64,100,0.001,"[0.11414037644863129, 0.10412811487913132, 0.09553893655538559, 0.0907597616314888, 0.08709359914064407, 0.0836624950170517, 0.08069981634616852, 0.07757321745157242, 0.07502435147762299, 0.07258228957653046, 0.07010145485401154, 0.06778200715780258, 0.06533894687891006, 0.06284075975418091, 0.06037159636616707, 0.05793103948235512, 0.05548351630568504, 0.05296376347541809, 0.05069735646247864, 0.04839007183909416, 0.04575677588582039, 0.04267336055636406, 0.040368761867284775, 0.03756332769989967, 0.03521125391125679, 0.03294678032398224, 0.03100109100341797, 0.029105940833687782, 0.027348734438419342, 0.025683743879199028, 0.0241304412484169, 0.02269401215016842, 0.02136543206870556, 0.020161166787147522, 0.01899842545390129, 0.017901811748743057, 0.016882384195923805, 0.01594340056180954, 0.015043305233120918, 0.014219967648386955, 0.01343297678977251, 0.012670825235545635, 0.011950033716857433, 0.011284778825938702, 0.01067227590829134, 0.010085487738251686, 0.009543378837406635, 0.009030486457049847, 0.008783598430454731, 0.008539123460650444, 0.008308418095111847]","[0.10383538901805878, 0.10351124405860901, 0.1031302809715271, 0.10264413803815842, 0.10194718837738037, 0.10116665810346603, 0.09988236427307129, 0.0985938310623169, 0.09711840748786926, 0.09540678560733795, 0.09370854496955872, 0.09184025228023529, 0.09004583954811096, 0.08847640454769135, 0.08652562648057938, 0.08494039624929428, 0.08335447311401367, 0.08227010071277618, 0.08016587048768997, 0.0789494514465332, 0.07796091586351395, 0.07568523287773132, 0.07442650198936462, 0.07382165640592575, 0.07220268249511719, 0.07025910168886185, 0.06929521262645721, 0.06912297755479813, 0.06780824810266495, 0.06624771654605865, 0.06576038897037506, 0.06522367894649506, 0.06426092982292175, 0.06357501447200775, 0.0629955381155014, 0.06272279471158981, 0.06184566766023636, 0.062160082161426544, 0.06090523302555084, 0.0607893206179142, 0.06054970994591713, 0.06082510948181152, 0.06137290969491005, 0.06130904704332352, 0.06175916641950607, 0.0623173862695694, 0.06209610030055046, 0.06221981719136238, 0.06254928559064865, 0.06276873499155045, 0.06275258213281631]",0.11493222051315236,0.6193187043067677,0.9146349058091537,0.9671624441928668,0.25716494607895407,0.25716718705648595,0.25716718705648567,0.13776492626621942,0.7632174470068355,14.328568149125203,cuda
TAO,257_TAO_id_1_Environment_tr_500_1st_3,GADF,cnn_autoencoder,128,10,10,64,150,0.001,"[0.10151956975460052, 0.09850560873746872, 0.0948663130402565, 0.09208134561777115, 0.08977130800485611, 0.08766217529773712, 0.08558756113052368, 0.08350435644388199, 0.08138687908649445, 0.07918552309274673, 0.0768885463476181, 0.07450704276561737, 0.07209241390228271, 0.06971105933189392, 0.06739383190870285, 0.06512390822172165, 0.06286152452230453, 0.060631752014160156, 0.05848213657736778, 0.05642922222614288, 0.05443688854575157, 0.05250360444188118, 0.05062713846564293, 0.048804931342601776, 0.04703273996710777, 0.04531240835785866, 0.04363018274307251, 0.0419871024787426, 0.04038302227854729, 0.03881019353866577, 0.03732850030064583, 0.03587539121508598, 0.0344853512942791, 0.03312304988503456, 0.03178282082080841, 0.030511965975165367, 0.02928517945110798, 0.028113866224884987, 0.0270076934248209, 0.02592555060982704, 0.024884328246116638, 0.023876214399933815, 0.022910766303539276, 0.021982669830322266, 0.02110111527144909, 0.02025481127202511, 0.019450457766652107, 0.018670571967959404, 0.01793287880718708, 0.017225002869963646, 0.01654762029647827, 0.015904778614640236, 0.015289295464754105, 0.014701304957270622, 0.014142662286758423, 0.013613633811473846, 0.013110694475471973, 0.012625719420611858, 0.012164310552179813, 0.011708501726388931, 0.011264611966907978, 0.010854526422917843, 0.010468753054738045, 0.010096061043441296, 0.009726110845804214, 0.009374766610562801, 0.009052084758877754, 0.00874231941998005, 0.008439937606453896, 0.008149703033268452, 0.007876085117459297, 0.007616409100592136, 0.007363042328506708, 0.007121672388166189, 0.006893815938383341, 0.006672268267720938, 0.00646045058965683, 0.006259812507778406, 0.0060689193196594715, 0.0058869048953056335, 0.00571100041270256, 0.005539916921406984, 0.005376692395657301, 0.005221771076321602, 0.0050745378248393536, 0.0049318429082632065, 0.004795142915099859, 0.004662405699491501, 0.004535581450909376, 0.0044139050878584385, 0.004297879058867693, 0.0041864728555083275, 0.004079281352460384, 0.00397636741399765, 0.0038791026454418898, 0.0037884407211095095, 0.003710230113938451, 0.00364349945448339, 0.003595365909859538, 0.003503678599372506, 0.0033860690891742706, 0.0032759017776697874, 0.003224014537408948, 0.003164720954373479, 0.003061919938772917, 0.002998991869390011, 0.0029517807997763157, 0.002860886976122856, 0.00280250096693635, 0.002760490868240595, 0.002705554710701108, 0.002692432375624776, 0.0026574600487947464, 0.0026259811129420996, 0.002608524402603507]","[0.09473568201065063, 0.0946739986538887, 0.09459856152534485, 0.09450951963663101, 0.09439776837825775, 0.09425094723701477, 0.09406663477420807, 0.09384070336818695, 0.09357012808322906, 0.09326218068599701, 0.09292207658290863, 0.0925561860203743, 0.09215603768825531, 0.09169672429561615, 0.09112872183322906, 0.09042996913194656, 0.08962973207235336, 0.08882317692041397, 0.08807253837585449, 0.08735008537769318, 0.08657056838274002, 0.08557987213134766, 0.08426299691200256, 0.08274772018194199, 0.08144565671682358, 0.08061633259057999, 0.08029969781637192, 0.08026984333992004, 0.08018212020397186, 0.08008815348148346, 0.08000705391168594, 0.07921700924634933, 0.07765475660562515, 0.07691095024347305, 0.07638876140117645, 0.07437629252672195, 0.07257144898176193, 0.0697202980518341, 0.06843923777341843, 0.06773456931114197, 0.06487492471933365, 0.06383474916219711, 0.06163950636982918, 0.06075909361243248, 0.05860074236989021, 0.05712811276316643, 0.0558030940592289, 0.05407901108264923, 0.05344749242067337, 0.05201857164502144, 0.05185409262776375, 0.050595562905073166, 0.05062880739569664, 0.0488085113465786, 0.04935018718242645, 0.04758749529719353, 0.049193285405635834, 0.04579542949795723, 0.04642211273312569, 0.04529469460248947, 0.04556365683674812, 0.04581828415393829, 0.04350785166025162, 0.04408261179924011, 0.04388833045959473, 0.04351343214511871, 0.04384654015302658, 0.04239790886640549, 0.04281250014901161, 0.04295201972126961, 0.042307574301958084, 0.04260664060711861, 0.041995320469141006, 0.04226304590702057, 0.042211875319480896, 0.04177689552307129, 0.04203053563833237, 0.041743773967027664, 0.04175714775919914, 0.04133741930127144, 0.041548676788806915, 0.041462112218141556, 0.041526008397340775, 0.040784645825624466, 0.041161347180604935, 0.04105014726519585, 0.041212812066078186, 0.040579915046691895, 0.04064158722758293, 0.040780264884233475, 0.040759459137916565, 0.04046236723661423, 0.04053188115358353, 0.04047410935163498, 0.040887024253606796, 0.03990006446838379, 0.04103292524814606, 0.039269719272851944, 0.04068644344806671, 0.03868716210126877, 0.03975776582956314, 0.04008323326706886, 0.03865473344922066, 0.03918220475316048, 0.03923984244465828, 0.03912452980875969, 0.039163053035736084, 0.03868761286139488, 0.0387272946536541, 0.039060141891241074, 0.039370398968458176, 0.03929783031344414, 0.03909984603524208, 0.03908916190266609, 0.03927366062998772]",0.07448604392998892,0.41843801389233526,0.8127588335743492,0.9253493240370277,0.1789011230064206,0.17881978939002582,0.17886650886516883,0.0801846876071022,0.6840418861012744,14.780367163009942,cuda
TAO,257_TAO_id_1_Environment_tr_500_1st_3,GADF,resnet18_autoencoder_frozen,128,10,10,64,100,0.001,"[0.11139506846666336, 0.09975999593734741, 0.0926569327712059, 0.08783445507287979, 0.08257454633712769, 0.07646412402391434, 0.06973594427108765, 0.06354318559169769, 0.05841638147830963, 0.05374123156070709, 0.04948506876826286]","[0.09374376386404037, 0.09372013062238693, 0.09369049221277237, 0.09366778284311295, 0.09366729855537415, 0.0936897024512291, 0.09375546872615814, 0.09386557340621948, 0.09397229552268982, 0.09404657781124115, 0.0941835269331932]",0.06958384442519505,0.3631758848131121,0.8018554985530338,0.9124441634710934,0.1742962157838709,0.17429780684878798,0.1742978068487878,0.072172096097649,0.6781395851132258,1.662983592832461,cuda
TAO,257_TAO_id_1_Environment_tr_500_1st_3,GADF,resnet18_autoencoder_progressive_unfreeze,128,10,10,64,150,0.001,"[0.10938916355371475, 0.09736452251672745, 0.09157222509384155, 0.08766450732946396, 0.08334951102733612, 0.07822831720113754, 0.07261107116937637, 0.06678842753171921, 0.06125546246767044, 0.0564616397023201, 0.05201287567615509, 0.04797911271452904, 0.044387903064489365, 0.041045475751161575, 0.037946585565805435, 0.03513169288635254, 0.03256400674581528, 0.030218979343771935, 0.028071433305740356, 0.026114782318472862, 0.024344081059098244, 0.0315999872982502, 0.024960068985819817, 0.020742544904351234, 0.018968092277646065, 0.017405280843377113, 0.016053877770900726, 0.014793704263865948, 0.013732156716287136]","[0.09403358399868011, 0.0940299853682518, 0.094017893075943, 0.09399162232875824, 0.09395149350166321, 0.09389815479516983, 0.09383966028690338, 0.09380940347909927, 0.0937928706407547, 0.09372973442077637, 0.09351569414138794, 0.09312992542982101, 0.09257536381483078, 0.09194068610668182, 0.09118907153606415, 0.09029590338468552, 0.08932728320360184, 0.08853743225336075, 0.08799592405557632, 0.08790084719657898, 0.0911213606595993, 0.08935638517141342, 0.08902747184038162, 0.08954237401485443, 0.0902903750538826, 0.0908164530992508, 0.09194538742303848, 0.09339464455842972, 0.0946076437830925]",0.06905977716348186,0.35954508535910623,0.8044289622479063,0.9115524428843124,0.17412871975510505,0.17410542516352442,0.17410329788011372,0.07094583215157071,0.6773987618483125,5.563646376132965,cuda
TAO,257_TAO_id_1_Environment_tr_500_1st_3,GADF,resnet18_autoencoder_differential_lr,128,10,10,64,100,0.001,"[0.11512970924377441, 0.10134740173816681, 0.09458758682012558, 0.0915248766541481, 0.08969752490520477, 0.08782389014959335, 0.08565840870141983, 0.08332063257694244, 0.08071551471948624, 0.07769273966550827, 0.07420771569013596, 0.07014486193656921, 0.0657230094075203, 0.061784401535987854, 0.05808784067630768, 0.05447128042578697, 0.05094921588897705, 0.04730461537837982, 0.04366935417056084, 0.040329352021217346, 0.03728639334440231, 0.03466589003801346, 0.03222043439745903, 0.02990030311048031, 0.02761298231780529, 0.025502629578113556, 0.02356494590640068, 0.021821266040205956, 0.02020471915602684, 0.01870318315923214, 0.01731935329735279, 0.01605844870209694, 0.015440394170582294, 0.014821693301200867, 0.014228693209588528]","[0.09510281682014465, 0.09507885575294495, 0.09502283483743668, 0.0949307307600975, 0.09481795877218246, 0.09469646960496902, 0.09456828981637955, 0.0944286435842514, 0.09424331784248352, 0.09400294721126556, 0.09370078146457672, 0.09333200007677078, 0.09286718815565109, 0.09229385107755661, 0.09162062406539917, 0.09093103557825089, 0.09025972336530685, 0.08973852545022964, 0.08931028842926025, 0.08891388028860092, 0.08838743716478348, 0.08756930381059647, 0.08653578162193298, 0.08576241880655289, 0.08553073555231094, 0.08553720265626907, 0.08556751161813736, 0.08579394966363907, 0.08627410978078842, 0.08689913898706436, 0.08712160587310791, 0.08722398430109024, 0.08690458536148071, 0.08648326247930527, 0.08601278811693192]",0.06564754526243319,0.32816634738235667,0.8043633311803775,0.9110951523197166,0.17412871975510505,0.1737206617929973,0.173752007133065,0.06553353430872179,0.6778803808186984,8.379058342892677,cuda
TAO,257_TAO_id_1_Environment_tr_500_1st_3,GADF,pvt_autoencoder_frozen,128,10,10,64,100,0.001,"[0.10843256860971451, 0.09860338270664215, 0.09302183240652084, 0.08889363706111908, 0.08494585007429123, 0.08093099296092987, 0.07677249610424042, 0.07246081531047821, 0.06808876246213913, 0.06366809457540512, 0.05948318541049957, 0.05579175055027008, 0.0524495467543602, 0.049232590943574905, 0.04619179293513298, 0.04342745244503021, 0.04077409580349922, 0.038114625960588455, 0.03546120598912239, 0.032726630568504333, 0.029955901205539703, 0.027466928586363792, 0.02526811882853508, 0.023310968652367592, 0.021600838750600815, 0.020718032494187355, 0.019785532727837563]","[0.09464099258184433, 0.09462548792362213, 0.09456648677587509, 0.09443715959787369, 0.0942126139998436, 0.09385067224502563, 0.09335459023714066, 0.09278211742639542, 0.09224959462881088, 0.09183239936828613, 0.09152431041002274, 0.09108605980873108, 0.09048137813806534, 0.09002713114023209, 0.08994226902723312, 0.08992966264486313, 0.0898180603981018, 0.0897480919957161, 0.08983486145734787, 0.09006085991859436, 0.09035326540470123, 0.09015458077192307, 0.090188167989254, 0.09076996892690659, 0.09101425111293793, 0.0912124440073967, 0.09139691293239594]",0.06977522140199213,0.3654247457412919,0.8055252668199998,0.9128682664047807,0.17412871975510505,0.17410542516352442,0.17410329788011372,0.07463832506956518,0.6776980220698413,5.945951956091449,cuda
TAO,257_TAO_id_1_Environment_tr_500_1st_3,GADF,pvt_autoencoder_progressive_unfreeze,128,10,10,64,150,0.001,"[0.1096968874335289, 0.09828225523233414, 0.09089340269565582, 0.08559725433588028, 0.08088567107915878, 0.07615409046411514, 0.07117810100317001, 0.06598526984453201, 0.060926470905542374, 0.056243326514959335, 0.05203595384955406, 0.04823242872953415, 0.04459298029541969, 0.0410677045583725, 0.03770718351006508, 0.034626103937625885, 0.031896110624074936, 0.02955855242908001, 0.02751239761710167, 0.02565225586295128, 0.023938395082950592, 0.057223737239837646, 0.04327280446887016, 0.026430422440171242, 0.02290905825793743, 0.01997474394738674, 0.017218751832842827, 0.015802999958395958, 0.014189952053129673, 0.013143434189260006]","[0.0937545970082283, 0.09373185783624649, 0.09368725121021271, 0.09358134120702744, 0.09338758140802383, 0.09309281408786774, 0.0927058756351471, 0.09224087744951248, 0.09170646220445633, 0.09105381369590759, 0.0903591588139534, 0.08990037441253662, 0.08956284075975418, 0.08900251239538193, 0.08793417364358902, 0.08667730540037155, 0.08569575846195221, 0.08460871875286102, 0.08341018110513687, 0.08265180140733719, 0.09129790961742401, 0.08385276794433594, 0.08683497458696365, 0.08828280121088028, 0.08752337843179703, 0.08595509827136993, 0.08479928225278854, 0.0831465944647789, 0.08316442370414734, 0.0831826701760292]",0.06944979446166333,0.36686833208239644,0.810196226400855,0.9142348306524342,0.17412871975510505,0.17410542516352442,0.17410329788011372,0.08088647046991135,0.6778366658009654,7.568182535003871,cuda
TAO,257_TAO_id_1_Environment_tr_500_1st_3,GADF,pvt_autoencoder_differential_lr,128,10,10,64,100,0.001,"[0.11194532364606857, 0.10061413794755936, 0.09430906176567078, 0.09190041571855545, 0.0888473391532898, 0.08677512407302856, 0.08589388430118561, 0.08268843591213226, 0.08091554790735245, 0.07814452797174454, 0.07586469501256943, 0.07320836931467056, 0.07069938629865646, 0.06779911369085312, 0.06584063917398453, 0.06184399873018265, 0.058175843209028244, 0.05490996316075325, 0.05155666172504425, 0.04867561534047127, 0.04592721536755562, 0.04327775910496712, 0.040688056498765945, 0.038362324237823486, 0.036004599183797836, 0.03375101462006569, 0.03180862218141556, 0.030121764168143272, 0.028464963659644127, 0.026862872764468193, 0.02542484924197197, 0.023972980678081512, 0.02265898697078228, 0.021413562819361687, 0.02015824057161808, 0.01896858960390091, 0.017883963882923126, 0.016861125826835632, 0.015845686197280884, 0.01492984127253294, 0.014046079479157925, 0.013241542503237724, 0.01247651781886816, 0.011740957386791706, 0.01102595403790474, 0.010352597571909428, 0.010028612799942493, 0.009711370803415775, 0.009408018551766872]","[0.09458893537521362, 0.0945674404501915, 0.09448378533124924, 0.09451054781675339, 0.09426138550043106, 0.09385878592729568, 0.0942186638712883, 0.09417153894901276, 0.09287479519844055, 0.09323658049106598, 0.09285176545381546, 0.09203426539897919, 0.09134430438280106, 0.08990565687417984, 0.0888802781701088, 0.08698085695505142, 0.08688826113939285, 0.08626753091812134, 0.08582766354084015, 0.08657775819301605, 0.08652237057685852, 0.08405092358589172, 0.08198461681604385, 0.07874833047389984, 0.07471878081560135, 0.0713849887251854, 0.06924089044332504, 0.06731438636779785, 0.06697143614292145, 0.06806477159261703, 0.06709844619035721, 0.06604421883821487, 0.06633605808019638, 0.06651805341243744, 0.06614173203706741, 0.06575051695108414, 0.06651918590068817, 0.06628331542015076, 0.06556568294763565, 0.06647492945194244, 0.06710828840732574, 0.06771937757730484, 0.06934396922588348, 0.07137437164783478, 0.07302433997392654, 0.073626309633255, 0.0740891695022583, 0.07467955350875854, 0.07539589703083038]",0.08065471586335982,0.45457519261089285,0.8234157954355927,0.928015672400594,0.1742962157838709,0.17429780684878798,0.1742978068487878,0.0867879111616128,0.6781789666290586,12.145377087872475,cuda
TAO,257_TAO_id_1_Environment_tr_500_1st_3,MTF,cnn_autoencoder,128,10,10,64,150,0.001,"[0.17024387419223785, 0.16604480147361755, 0.16049981117248535, 0.15590734779834747, 0.15192079544067383, 0.14833378791809082, 0.14494065940380096, 0.14168930053710938, 0.13857214152812958, 0.1355464607477188, 0.13258549571037292, 0.1296965628862381, 0.1269005537033081, 0.12417137622833252, 0.1215023472905159, 0.11889926344156265, 0.11633048951625824, 0.11380644887685776, 0.11133694648742676, 0.10891977697610855, 0.1065443605184555, 0.10420628637075424, 0.10190653055906296, 0.09964866191148758, 0.0974360853433609, 0.09527566283941269, 0.09314730763435364, 0.09106487780809402, 0.08902572840452194, 0.08702413737773895, 0.08507034927606583, 0.08315737545490265, 0.08128408342599869, 0.07944951206445694, 0.07764808088541031, 0.07588467001914978, 0.07417245209217072, 0.072501540184021, 0.070872463285923, 0.06928125768899918, 0.06773170083761215, 0.06621724367141724, 0.06474354863166809, 0.06332113593816757, 0.06193072348833084, 0.060579054057598114, 0.05927097052335739, 0.05798708274960518, 0.05674745514988899, 0.0555451437830925, 0.05437294393777847, 0.053238220512866974, 0.05212964490056038, 0.05105259269475937, 0.05000966414809227, 0.04899369925260544, 0.04801173135638237, 0.04705459624528885, 0.04612380638718605, 0.045223504304885864, 0.04434474557638168, 0.0434885248541832, 0.04266563430428505, 0.04185805842280388, 0.04107789322733879, 0.04031877964735031, 0.039585672318935394, 0.038869459182024, 0.03817223384976387, 0.03749532997608185, 0.036834415048360825, 0.036188412457704544, 0.03555905818939209, 0.03494468703866005, 0.03433116152882576, 0.03373033180832863, 0.03314734250307083, 0.03258156403899193, 0.032031867653131485, 0.03148507699370384, 0.03095054067671299, 0.030426466837525368, 0.029926899820566177, 0.029442204162478447, 0.02897520922124386, 0.028528442606329918, 0.028092222288250923, 0.027667738497257233, 0.02725272625684738, 0.026845620945096016, 0.026448244228959084, 0.026056915521621704, 0.02567918598651886, 0.02531254291534424, 0.024955647066235542, 0.02460707351565361, 0.02426893636584282, 0.023940319195389748, 0.023617703467607498, 0.023302525281906128, 0.022999422624707222, 0.02270064689218998, 0.022406116127967834, 0.02212313935160637, 0.02184385247528553, 0.021571846678853035, 0.0213067177683115, 0.021046770736575127, 0.020791759714484215, 0.020543910562992096, 0.02030130848288536, 0.02006407454609871, 0.019832774996757507, 0.019606830552220345, 0.019383884966373444, 0.019167520105838776, 0.018954839557409286, 0.018747970461845398, 0.018546409904956818, 0.018345654010772705, 0.01815311796963215, 0.017962781712412834, 0.017774706706404686, 0.017591102048754692, 0.01740916632115841, 0.01723189651966095, 0.017056802287697792, 0.01688249036669731, 0.016709569841623306, 0.016537224873900414, 0.016372941434383392, 0.016209030523896217, 0.016053467988967896, 0.01590006798505783, 0.015752607956528664, 0.015607370063662529, 0.015465695410966873, 0.015325713902711868, 0.015188447199761868, 0.015053668059408665, 0.014920826070010662, 0.01479014940559864, 0.014661709778010845, 0.01453476119786501, 0.014412795193493366, 0.014292051084339619, 0.014173880219459534, 0.014060148037970066, 0.01394653134047985, 0.013835630379617214]","[0.17758287489414215, 0.17731234431266785, 0.1769249141216278, 0.17637163400650024, 0.1756211817264557, 0.1746276468038559, 0.17336571216583252, 0.17182575166225433, 0.17002582550048828, 0.1679995059967041, 0.16575725376605988, 0.1633424013853073, 0.16075249016284943, 0.1580018550157547, 0.15510986745357513, 0.15209873020648956, 0.14900675415992737, 0.1458720713853836, 0.1427604705095291, 0.13972611725330353, 0.13685645163059235, 0.13421769440174103, 0.13180379569530487, 0.12959551811218262, 0.12756547331809998, 0.1255933791399002, 0.12357764691114426, 0.12149760872125626, 0.11931419372558594, 0.11702222377061844, 0.11457596719264984, 0.1119031086564064, 0.10909528285264969, 0.10624804347753525, 0.10349343717098236, 0.10083779692649841, 0.09815465658903122, 0.0953141450881958, 0.0922827497124672, 0.08936724811792374, 0.08678317070007324, 0.08432666212320328, 0.08173730969429016, 0.07886502891778946, 0.07604445517063141, 0.0734199807047844, 0.0707038938999176, 0.06784471124410629, 0.06520848721265793, 0.06319119036197662, 0.061636753380298615, 0.06008034944534302, 0.058366019278764725, 0.05666739493608475, 0.055145956575870514, 0.053771503269672394, 0.05232799053192139, 0.0507822260260582, 0.04939420893788338, 0.048482585698366165, 0.04767952486872673, 0.04654465988278389, 0.0453479178249836, 0.044382017105817795, 0.043477512896060944, 0.04244592785835266, 0.041514117270708084, 0.04093952849507332, 0.040473178029060364, 0.04002540558576584, 0.039637401700019836, 0.03936212882399559, 0.038884084671735764, 0.03857216611504555, 0.03845319524407387, 0.037940219044685364, 0.037396881729364395, 0.037105318158864975, 0.036687977612018585, 0.036080725491046906, 0.035469286143779755, 0.03482810780405998, 0.0340813584625721, 0.033450473099946976, 0.03292486071586609, 0.03222878277301788, 0.0317867211997509, 0.031427059322595596, 0.03098420239984989, 0.030645757913589478, 0.03038129210472107, 0.03009890578687191, 0.02984045259654522, 0.029740281403064728, 0.029666827991604805, 0.02953982725739479, 0.029455864802002907, 0.029374565929174423, 0.029201192781329155, 0.029039522632956505, 0.02897241711616516, 0.028821170330047607, 0.02869666926562786, 0.02864527702331543, 0.028448035940527916, 0.028334060683846474, 0.028231972828507423, 0.028057433664798737, 0.028006182983517647, 0.027928614988923073, 0.027756625786423683, 0.027696367353200912, 0.02762363664805889, 0.027521710842847824, 0.02746422402560711, 0.027387702837586403, 0.027337396517395973, 0.02729717828333378, 0.027185238897800446, 0.027099106460809708, 0.027015740051865578, 0.02688618190586567, 0.026777062565088272, 0.026659267023205757, 0.026542475447058678, 0.02648329734802246, 0.026352740824222565, 0.026209412142634392, 0.0261288583278656, 0.025984367355704308, 0.02587328664958477, 0.025761732831597328, 0.025585409253835678, 0.025484224781394005, 0.02531198412179947, 0.025183042511343956, 0.025044431909918785, 0.02490919455885887, 0.0248043704777956, 0.024646755307912827, 0.024519026279449463, 0.0243738554418087, 0.024214811623096466, 0.02401197887957096, 0.023841101676225662, 0.023702410981059074, 0.023526184260845184, 0.0233911219984293, 0.023284180089831352, 0.023168129846453667]",0.10166855153449467,0.5332384470709839,0.8741360923010717,0.9478003783621465,0.1827452270468018,0.17768684040491062,0.17770767458535594,0.10894144912204357,0.6776088215958521,21.1084827540908,cuda
TAO,257_TAO_id_1_Environment_tr_500_1st_3,MTF,resnet18_autoencoder_frozen,128,10,10,64,100,0.001,"[0.18998360633850098, 0.1740957796573639, 0.16430863738059998, 0.1575150191783905, 0.15164002776145935, 0.14600196480751038, 0.14064253866672516, 0.13555113971233368, 0.1305721253156662, 0.1257072538137436, 0.12096774578094482, 0.116399385035038, 0.11202086508274078, 0.10783430188894272, 0.10382244735956192, 0.100001759827137, 0.09632859379053116, 0.09276125580072403, 0.08929190039634705, 0.08591542392969131, 0.08263439685106277, 0.0794704481959343, 0.07640540599822998, 0.07343700528144836, 0.0705505982041359, 0.06776035577058792, 0.06506026536226273, 0.06248374655842781, 0.0600118525326252, 0.05766352638602257, 0.05540737137198448, 0.053233858197927475, 0.05113329365849495, 0.04910503700375557, 0.047153230756521225, 0.04528168961405754, 0.04349067434668541, 0.04179644584655762, 0.04017878323793411, 0.03861881047487259, 0.037092674523591995, 0.03562455251812935, 0.034233905375003815, 0.0329013392329216, 0.03162902966141701, 0.030410626903176308, 0.029248403385281563, 0.028141077607870102, 0.027094116434454918, 0.02609957382082939, 0.025153974071145058, 0.024248560890555382, 0.023376962170004845, 0.02254055254161358, 0.021744025871157646, 0.020984644070267677, 0.02025790326297283, 0.019563155248761177, 0.0188989769667387, 0.018261248245835304, 0.017649345099925995, 0.017063934355974197, 0.01650061644613743, 0.015961796045303345, 0.01544573251157999, 0.014951358549296856, 0.014474514871835709, 0.014019199647009373, 0.01358395628631115, 0.013166123069822788, 0.012766005471348763, 0.012380712665617466, 0.012013662606477737, 0.0116599565371871, 0.011319019831717014, 0.010995287448167801, 0.010682721622288227, 0.010382024571299553, 0.01009295228868723, 0.009815366007387638, 0.009549696929752827, 0.009293905459344387, 0.009046487510204315, 0.008809705264866352, 0.008582893759012222, 0.008363989181816578, 0.008154734969139099, 0.007954067550599575, 0.007758662104606628, 0.0075711882673203945, 0.0073912059888243675, 0.007216923870146275, 0.007049589417874813, 0.0068879881873726845, 0.006732119247317314, 0.00658308994024992, 0.00643715588375926, 0.006296657025814056, 0.006161579862236977, 0.006030537188053131]","[0.17448897659778595, 0.174180269241333, 0.17381824553012848, 0.17328783869743347, 0.17255297303199768, 0.17154747247695923, 0.17021925747394562, 0.16849535703659058, 0.1662750542163849, 0.16348432004451752, 0.1601204127073288, 0.15620623528957367, 0.15179069340229034, 0.14692187309265137, 0.1416962891817093, 0.1361493468284607, 0.13034947216510773, 0.12429463863372803, 0.11805377900600433, 0.11166763305664062, 0.10536104440689087, 0.09936635941267014, 0.09383658319711685, 0.08870438486337662, 0.08384130895137787, 0.07927562296390533, 0.07521533966064453, 0.07154406607151031, 0.06818098574876785, 0.06515569239854813, 0.062385957688093185, 0.059911925345659256, 0.05772842839360237, 0.05574773624539375, 0.05387255176901817, 0.05200212076306343, 0.050238318741321564, 0.04855792596936226, 0.04697009548544884, 0.04542037844657898, 0.043825652450323105, 0.04222244769334793, 0.04074224457144737, 0.03936924412846565, 0.03810128942131996, 0.03705529868602753, 0.036167316138744354, 0.03533970192074776, 0.03460698574781418, 0.03372516855597496, 0.032752860337495804, 0.031788527965545654, 0.031037548556923866, 0.030350212007761, 0.029724398627877235, 0.02913695015013218, 0.028698066249489784, 0.02835150621831417, 0.027973579242825508, 0.02758374996483326, 0.02721431292593479, 0.026902364566922188, 0.026628829538822174, 0.026352403685450554, 0.026082437485456467, 0.02585492469370365, 0.02561686746776104, 0.02531171217560768, 0.02505677007138729, 0.024853799492120743, 0.024625636637210846, 0.024421770125627518, 0.02424147166311741, 0.02407088316977024, 0.023910965770483017, 0.02378940023481846, 0.023620912805199623, 0.023459354415535927, 0.023375095799565315, 0.023339685052633286, 0.02328897826373577, 0.023182351142168045, 0.023079458624124527, 0.023014649748802185, 0.022960267961025238, 0.02285667695105076, 0.022790847346186638, 0.022757219150662422, 0.022727912291884422, 0.022640811279416084, 0.02260388620197773, 0.02253088913857937, 0.022446472197771072, 0.022374067455530167, 0.022325826808810234, 0.022234085947275162, 0.02216062881052494, 0.022089071571826935, 0.022025184705853462, 0.021967310458421707]",0.09290034728625379,0.5097448499671982,0.8584732707669709,0.9424683569560756,0.18278435015573946,0.18082191780821918,0.18019433000911114,0.1051089483540431,0.6820357579964159,25.284220766974613,cuda
TAO,257_TAO_id_1_Environment_tr_500_1st_3,MTF,resnet18_autoencoder_progressive_unfreeze,128,10,10,64,150,0.001,"[0.23907017707824707, 0.2058788239955902, 0.18845754861831665, 0.18090683221817017, 0.17647917568683624, 0.17331090569496155, 0.17075780034065247, 0.16841912269592285, 0.16613946855068207, 0.16376928985118866, 0.16125531494617462, 0.15864957869052887, 0.15587592124938965, 0.15289776027202606, 0.14982816576957703, 0.1467774510383606, 0.1437506377696991, 0.14071427285671234, 0.13762162625789642, 0.1344548463821411, 0.131147101521492, 0.12572869658470154, 0.11860745400190353, 0.11351540684700012, 0.1089903861284256, 0.10532301664352417, 0.10197753459215164, 0.09865960478782654, 0.0956340804696083, 0.09287406504154205, 0.09014906734228134, 0.087458036839962, 0.08487703651189804, 0.08242961764335632, 0.08005652576684952, 0.07776130735874176, 0.07553205639123917, 0.07335540652275085, 0.07123968750238419, 0.06917033344507217, 0.0671217292547226, 0.06510159373283386, 0.06311914324760437, 0.06117308884859085, 0.0592692568898201, 0.05742890387773514, 0.055654626339673996, 0.05391398072242737, 0.05218936875462532, 0.05049913004040718, 0.0488295741379261, 0.047159384936094284, 0.045515283942222595, 0.04388287663459778, 0.042297106236219406, 0.04075000062584877, 0.03923496976494789, 0.037719011306762695, 0.036217059940099716, 0.03475026413798332, 0.03330288454890251, 0.03190763667225838, 0.030590107664465904, 0.029316792264580727, 0.028097309172153473, 0.026929594576358795, 0.025804301723837852, 0.024718230590224266, 0.02368641272187233, 0.02274155057966709, 0.021792897954583168, 0.020782941952347755, 0.019923143088817596, 0.019078394398093224, 0.018246207386255264, 0.017492549493908882, 0.0167376771569252, 0.0160367451608181, 0.015358752571046352, 0.014713261276483536, 0.014105277135968208, 0.013516397215425968, 0.012973926030099392, 0.012444338761270046, 0.011960034258663654, 0.011489146389067173, 0.011045400984585285, 0.010627713054418564, 0.010227493941783905, 0.009854692965745926, 0.009490451775491238, 0.009153250604867935, 0.008831759914755821, 0.00852550845593214, 0.008235713467001915, 0.007959959097206593, 0.00769972987473011, 0.007448860444128513, 0.007213078439235687, 0.0069863754324615, 0.006770036183297634, 0.0065658786334097385, 0.006369755603373051, 0.006181809585541487, 0.006003420799970627, 0.005832172930240631, 0.005668273661285639, 0.005512061063200235, 0.005363340489566326, 0.005221521481871605, 0.005083763971924782, 0.0049524204805493355, 0.004826424177736044, 0.004706599283963442, 0.0045905523002147675, 0.004479153547435999, 0.004372327122837305, 0.004268759861588478, 0.004170476458966732, 0.004074576310813427, 0.0039824568666517735, 0.0038936350028961897, 0.0038086366839706898, 0.0037259976379573345, 0.003646106692031026, 0.0035697338171303272, 0.003495957236737013, 0.003424449358135462, 0.0033586318604648113, 0.0032937258947640657, 0.0032316462602466345, 0.00316661992110312, 0.0031018105801194906, 0.003039834089577198, 0.002985164523124695, 0.0029315121937543154, 0.002877449383959174, 0.0028228284791111946, 0.0027714059688150883, 0.002723201410844922, 0.002676525618880987, 0.0026300682220607996, 0.002583637833595276, 0.002538778353482485, 0.002497205277904868, 0.0024569546803832054, 0.0024169879034161568, 0.002377124736085534, 0.00233800639398396, 0.0023002419620752335]","[0.18696947395801544, 0.18651661276817322, 0.185872420668602, 0.18503764271736145, 0.18419206142425537, 0.18343819677829742, 0.1829098016023636, 0.1826326698064804, 0.1825913041830063, 0.18252675235271454, 0.18247869610786438, 0.18210667371749878, 0.18135815858840942, 0.18037696182727814, 0.17897756397724152, 0.17724938690662384, 0.1752270609140396, 0.17285668849945068, 0.17004962265491486, 0.16684862971305847, 0.15841706097126007, 0.15262170135974884, 0.146316260099411, 0.14035195112228394, 0.13467749953269958, 0.12928617000579834, 0.12426614761352539, 0.11960498243570328, 0.11523159593343735, 0.11100681871175766, 0.10685382038354874, 0.10281018167734146, 0.09898538142442703, 0.09541185200214386, 0.09209828823804855, 0.08900505304336548, 0.0860651358962059, 0.08324572443962097, 0.08049477636814117, 0.07781089842319489, 0.07525210082530975, 0.0728481113910675, 0.07058342546224594, 0.06840810179710388, 0.06632626801729202, 0.06431465595960617, 0.062379494309425354, 0.06055256351828575, 0.058839891105890274, 0.057145584374666214, 0.055494118481874466, 0.05399944260716438, 0.05279545858502388, 0.05191557854413986, 0.051205214112997055, 0.05047718435525894, 0.04960409924387932, 0.048709686845541, 0.04781617224216461, 0.046861324459314346, 0.045822713524103165, 0.04503699764609337, 0.044271279126405716, 0.043381378054618835, 0.042335763573646545, 0.040782418102025986, 0.03958143666386604, 0.03918706253170967, 0.03696386143565178, 0.037850022315979004, 0.03600611165165901, 0.03508313372731209, 0.03541930392384529, 0.034320149570703506, 0.03299418464303017, 0.03302544727921486, 0.0327969528734684, 0.03131891414523125, 0.030770977959036827, 0.031024107709527016, 0.02999834157526493, 0.028890099376440048, 0.02885383740067482, 0.0283073578029871, 0.027199042961001396, 0.02689100056886673, 0.026741573587059975, 0.026126930490136147, 0.025562983006238937, 0.02522052638232708, 0.02498246170580387, 0.024467648938298225, 0.024044420570135117, 0.02408350259065628, 0.023846374824643135, 0.02338295243680477, 0.023376192897558212, 0.023289985954761505, 0.022903112694621086, 0.02278715744614601, 0.022734135389328003, 0.022373242303729057, 0.02218526601791382, 0.022162070497870445, 0.022036047652363777, 0.02193390764296055, 0.021878201514482498, 0.021840671077370644, 0.02175510860979557, 0.021634060889482498, 0.021600283682346344, 0.02150387316942215, 0.02143206261098385, 0.021390799432992935, 0.021292777732014656, 0.02122506871819496, 0.021150732412934303, 0.021109668537974358, 0.021084170788526535, 0.021015269681811333, 0.020924417302012444, 0.020910071209073067, 0.020838486030697823, 0.020794764161109924, 0.020708147436380386, 0.020729392766952515, 0.02058548480272293, 0.02062363363802433, 0.020458387210965157, 0.02055433765053749, 0.020272204652428627, 0.020418263971805573, 0.020191803574562073, 0.020205717533826828, 0.020222071558237076, 0.020006088539958, 0.02012433111667633, 0.019971536472439766, 0.01993492990732193, 0.01997288316488266, 0.019830336794257164, 0.019849995151162148, 0.01975090242922306, 0.019742360338568687, 0.019710004329681396, 0.01964190974831581, 0.019668569788336754, 0.01958026923239231, 0.01958092860877514, 0.01955982856452465]",0.10019929762687016,0.528488354470828,0.8716076744755487,0.9463252625985774,0.1818392038973349,0.18083266059278053,0.18012282415414682,0.10589775118782441,0.6819132360335256,35.20241381111555,cuda
TAO,257_TAO_id_1_Environment_tr_500_1st_3,MTF,resnet18_autoencoder_differential_lr,128,10,10,64,100,0.001,"[0.15855813026428223, 0.14625056087970734, 0.13776220381259918, 0.13070981204509735, 0.12426590919494629, 0.11830645054578781, 0.11293665319681168, 0.10803263634443283, 0.1033954918384552, 0.09900134056806564, 0.09480107575654984, 0.09080525487661362, 0.08700235933065414, 0.08338188380002975, 0.07989560067653656, 0.07656100392341614, 0.07333333790302277, 0.07023199647665024, 0.06725381314754486, 0.06438486278057098, 0.061628613620996475, 0.058989234268665314, 0.05647524818778038, 0.054081991314888, 0.05179896205663681, 0.04961554333567619, 0.04753285273909569, 0.04555608332157135, 0.04368515685200691, 0.04192366078495979, 0.040258437395095825, 0.038676418364048004, 0.037176139652729034, 0.03574973717331886, 0.034396156668663025, 0.033103425055742264, 0.031869497150182724, 0.03070509433746338, 0.029587652534246445, 0.02852354757487774, 0.027536360546946526, 0.026607496663928032, 0.025743434205651283, 0.02493208833038807, 0.02417331002652645, 0.023454708978533745, 0.022773845121264458, 0.022125326097011566, 0.021518146619200706, 0.020947206765413284, 0.020409846678376198, 0.01989816315472126, 0.019414039328694344, 0.01895313151180744, 0.018519120290875435, 0.01810470223426819, 0.017710532993078232, 0.017338231205940247, 0.01698550395667553, 0.0166496429592371, 0.016331525519490242, 0.016026364639401436, 0.015735074877738953, 0.015458784066140652, 0.015194909647107124, 0.014943386428058147, 0.014705088920891285, 0.01447643805295229, 0.014259559102356434, 0.014049606397747993, 0.013849210925400257, 0.013657101429998875, 0.013473154976963997, 0.013296312652528286, 0.013126113452017307, 0.012963719666004181, 0.01280728355050087, 0.012656533159315586, 0.012509876862168312, 0.01236881222575903, 0.012232652865350246, 0.012101514264941216, 0.011975720524787903, 0.011852741241455078, 0.011734013445675373, 0.011620260775089264, 0.01150866225361824, 0.011402115225791931, 0.011298318393528461, 0.011198563501238823, 0.011101974174380302, 0.011008641682565212, 0.010917709209024906, 0.010829604230821133, 0.010744469240307808, 0.010660726577043533, 0.01057923398911953, 0.010500889271497726, 0.010423903353512287, 0.010348070412874222]","[0.15371470153331757, 0.15322847664356232, 0.1525336354970932, 0.15148138999938965, 0.15004581212997437, 0.14830046892166138, 0.14620839059352875, 0.14369885623455048, 0.14070384204387665, 0.13718850910663605, 0.1331166923046112, 0.1285068541765213, 0.12342289090156555, 0.11796040087938309, 0.11228035390377045, 0.10652674734592438, 0.10081107169389725, 0.09519723802804947, 0.08978385478258133, 0.08471470326185226, 0.0799625888466835, 0.07559234648942947, 0.07157669961452484, 0.06777820736169815, 0.06418860703706741, 0.06077416613698006, 0.057577211409807205, 0.054653216153383255, 0.052116237580776215, 0.049890778958797455, 0.047791752964258194, 0.045864637941122055, 0.04413967952132225, 0.042521119117736816, 0.04103037342429161, 0.039667028933763504, 0.0383981391787529, 0.03719650208950043, 0.03618375211954117, 0.03526567667722702, 0.03431921824812889, 0.033532626926898956, 0.032870594412088394, 0.03223389759659767, 0.03161107003688812, 0.031021853908896446, 0.030496027320623398, 0.030057735741138458, 0.029614785686135292, 0.02917642705142498, 0.0287428367882967, 0.028371062129735947, 0.02812066301703453, 0.0278792642056942, 0.027589410543441772, 0.02731715515255928, 0.027043158188462257, 0.026791887357831, 0.026521597057580948, 0.02622624672949314, 0.0259693693369627, 0.025719067081809044, 0.02548294886946678, 0.025235727429389954, 0.025013968348503113, 0.02479969896376133, 0.024601953104138374, 0.024407250806689262, 0.024219661951065063, 0.024034244939684868, 0.02384999394416809, 0.023669296875596046, 0.02350410260260105, 0.023331953212618828, 0.023180004209280014, 0.023044193163514137, 0.02292553335428238, 0.022817451506853104, 0.02271111309528351, 0.022586707025766373, 0.022435253486037254, 0.022283727303147316, 0.022114425897598267, 0.021942712366580963, 0.021797431632876396, 0.021666770800948143, 0.021560069173574448, 0.021468093618750572, 0.021384574472904205, 0.02131073735654354, 0.02123592607676983, 0.021171193569898605, 0.021118702366948128, 0.02107231877744198, 0.021037230268120766, 0.021006004884839058, 0.020969392731785774, 0.02092410810291767, 0.020873893052339554, 0.020844675600528717]",0.09112070825011004,0.4943316118180916,0.8568422246051612,0.9402832985662052,0.17823857114724334,0.17764633897613705,0.17760504108336939,0.10518912855605679,0.6777875466438109,26.9759644579608,cuda
TAO,257_TAO_id_1_Environment_tr_500_1st_3,MTF,pvt_autoencoder_frozen,128,10,10,64,100,0.001,"[0.2098509520292282, 0.18957467377185822, 0.17562192678451538, 0.16688117384910583, 0.15978360176086426, 0.15343695878982544, 0.14745625853538513, 0.14178140461444855, 0.13642342388629913, 0.13131621479988098, 0.12639127671718597, 0.1216159537434578, 0.11707043647766113, 0.1127660796046257, 0.10869451612234116, 0.10484246909618378, 0.10118564963340759, 0.0976799800992012, 0.09431705623865128, 0.09106574952602386, 0.0879431962966919, 0.08492350578308105, 0.08199699968099594, 0.07915950566530228, 0.07640746980905533, 0.07374701648950577, 0.07116353511810303, 0.06866306066513062, 0.06622232496738434, 0.0638565793633461, 0.06156676262617111, 0.059348251670598984, 0.05721133202314377, 0.055152393877506256, 0.05318254977464676, 0.05128054693341255, 0.049451157450675964, 0.04768246039748192, 0.04598554968833923, 0.04436953738331795, 0.04284414276480675, 0.04137583449482918, 0.0399523563683033, 0.038576822727918625, 0.037258755415678024, 0.03598441183567047, 0.03475117310881615, 0.03356212005019188, 0.032412249594926834, 0.031303711235523224, 0.03022366389632225, 0.02918551303446293, 0.028182344511151314, 0.02721824310719967, 0.026284102350473404, 0.025373205542564392, 0.024485090747475624, 0.02361409366130829, 0.02275865338742733, 0.02192266285419464, 0.021091600880026817, 0.020289665088057518, 0.01952730119228363, 0.01880539394915104, 0.018116721883416176, 0.01746448688209057, 0.01684235967695713, 0.016241678968071938, 0.015665827319025993, 0.015113110654056072, 0.014589417725801468, 0.014084059745073318, 0.013606023974716663, 0.013151261955499649, 0.012713355012238026, 0.012291033752262592, 0.011893830262124538, 0.01151406392455101, 0.011152401566505432, 0.010806898586452007, 0.010477453470230103, 0.010163304395973682, 0.009860907681286335, 0.009572314098477364, 0.009295745752751827, 0.009030746296048164, 0.008777356706559658, 0.008532029576599598, 0.008297514170408249, 0.008075160905718803, 0.007859607227146626, 0.007652945816516876, 0.007456731516867876, 0.007265964988619089, 0.007083781063556671, 0.006908651441335678, 0.006742172408849001, 0.006579233333468437, 0.00642436183989048, 0.0062744165770709515]","[0.18231190741062164, 0.1820228546857834, 0.18153907358646393, 0.18080346286296844, 0.17993225157260895, 0.17896035313606262, 0.17784744501113892, 0.176530122756958, 0.17489267885684967, 0.17282173037528992, 0.17018158733844757, 0.16691680252552032, 0.16298744082450867, 0.15847469866275787, 0.15346874296665192, 0.14802904427051544, 0.14229579269886017, 0.13635797798633575, 0.13024863600730896, 0.1239982470870018, 0.11767261475324631, 0.11135230213403702, 0.1051570400595665, 0.09918193519115448, 0.09353692084550858, 0.08827730268239975, 0.08336567878723145, 0.07876909524202347, 0.07450739294290543, 0.0706094354391098, 0.0670429989695549, 0.06379076093435287, 0.06079506874084473, 0.05816814675927162, 0.05586918070912361, 0.05381816253066063, 0.05196419730782509, 0.05031146481633186, 0.048931874334812164, 0.04772937670350075, 0.04657479003071785, 0.0454077310860157, 0.04422466829419136, 0.04308745265007019, 0.04199715331196785, 0.04095558077096939, 0.03997541964054108, 0.03910764306783676, 0.038354866206645966, 0.037656623870134354, 0.03693719208240509, 0.03615433722734451, 0.03534111753106117, 0.03459107130765915, 0.03389968350529671, 0.033228226006031036, 0.03245706111192703, 0.03163806349039078, 0.030912036076188087, 0.030162466689944267, 0.029316995292901993, 0.02880592830479145, 0.028540577739477158, 0.028164811432361603, 0.02779100276529789, 0.027625709772109985, 0.0275113545358181, 0.02722458727657795, 0.026873955503106117, 0.026618797332048416, 0.026489758864045143, 0.026435784995555878, 0.02637309394776821, 0.026169687509536743, 0.025863701477646828, 0.025659779086709023, 0.0254776980727911, 0.02521323226392269, 0.02497381530702114, 0.02489130012691021, 0.02487831376492977, 0.02474808692932129, 0.02448922209441662, 0.024268168956041336, 0.024141089990735054, 0.02407618798315525, 0.024007124826312065, 0.023912621662020683, 0.023777902126312256, 0.02362936921417713, 0.02351938746869564, 0.023414473980665207, 0.023285100236535072, 0.023210670799016953, 0.02318660169839859, 0.023134034126996994, 0.023016307502985, 0.02290121279656887, 0.02282041124999523, 0.02276666834950447]",0.09739822857976732,0.5226330963488567,0.8623829814846168,0.94294599630438,0.18294233390574544,0.18153021442495126,0.18110667189622412,0.1076925690926634,0.6806706418826932,28.621850481024012,cuda
TAO,257_TAO_id_1_Environment_tr_500_1st_3,MTF,pvt_autoencoder_progressive_unfreeze,128,10,10,64,150,0.001,"[0.18511372804641724, 0.17013168334960938, 0.1593736708164215, 0.1511564701795578, 0.14390619099140167, 0.13721714913845062, 0.1310417801141739, 0.12540331482887268, 0.12018740177154541, 0.11527538299560547, 0.11064638197422028, 0.1062542051076889, 0.1020716205239296, 0.09807602316141129, 0.0942479744553566, 0.09059718996286392, 0.08710971474647522, 0.08378235250711441, 0.08059076964855194, 0.07753558456897736, 0.0745907872915268, 0.07258519530296326, 0.06866730749607086, 0.06568362563848495, 0.06231538578867912, 0.058888085186481476, 0.05633385851979256, 0.05342469736933708, 0.05107986554503441, 0.04878617450594902, 0.04655556008219719, 0.0444708988070488, 0.04250587150454521, 0.040665917098522186, 0.03887777402997017, 0.03725975751876831, 0.035728175193071365, 0.03428220748901367, 0.03291398286819458, 0.031631141901016235, 0.030425647273659706, 0.02927294373512268, 0.028173847123980522, 0.02714277245104313, 0.026165876537561417, 0.025243062525987625, 0.024364883080124855, 0.023544203490018845, 0.022754261270165443, 0.02199934981763363, 0.021277299150824547, 0.020592138171195984, 0.01993715390563011, 0.019302373751997948, 0.018687909469008446, 0.018093619495630264, 0.01752784289419651, 0.01698479615151882, 0.016457388177514076, 0.015948586165905, 0.015450705774128437, 0.014971600845456123, 0.014505003578960896, 0.014055149629712105, 0.013618193566799164, 0.01319624949246645, 0.012786317616701126, 0.012389538809657097, 0.012005073949694633, 0.01163464691489935, 0.011273122392594814, 0.010927471332252026, 0.010590940713882446, 0.010264231823384762, 0.009949390776455402, 0.009646685793995857, 0.009356150403618813, 0.009076126851141453, 0.008806390687823296, 0.008547594770789146, 0.008298767730593681, 0.008059840649366379, 0.007830505259335041, 0.007609203457832336, 0.007395472843199968, 0.007188080810010433, 0.006986652035266161, 0.006791890598833561, 0.006605276372283697, 0.0064253308810293674, 0.006253026891499758, 0.006085267756134272, 0.005925076548010111, 0.0057677398435771465, 0.005616770125925541, 0.005469978787004948, 0.005326391197741032, 0.005189676769077778, 0.005060552153736353, 0.004935220815241337, 0.004816210363060236, 0.004758837167173624]","[0.17575272917747498, 0.1749935895204544, 0.17424888908863068, 0.1733613759279251, 0.17219562828540802, 0.1706412434577942, 0.16862072050571442, 0.16606394946575165, 0.16290824115276337, 0.1590757668018341, 0.15458260476589203, 0.1494990587234497, 0.1439216434955597, 0.13797049224376678, 0.13172803819179535, 0.1253342628479004, 0.11889269948005676, 0.11243542283773422, 0.10609252750873566, 0.10004344582557678, 0.0982653871178627, 0.09288964420557022, 0.09069444239139557, 0.08362380415201187, 0.07900973409414291, 0.07507139444351196, 0.07061804831027985, 0.06662509590387344, 0.06312686949968338, 0.059742271900177, 0.05645311623811722, 0.053374964743852615, 0.050520945340394974, 0.047897834330797195, 0.045663975179195404, 0.043803904205560684, 0.042024631053209305, 0.0403410829603672, 0.03875984624028206, 0.037402231246232986, 0.03619834780693054, 0.034999098628759384, 0.03388218954205513, 0.03327571600675583, 0.03280187398195267, 0.032048359513282776, 0.0313786081969738, 0.030961209908127785, 0.030566761270165443, 0.02999715320765972, 0.029416846111416817, 0.028964539989829063, 0.02856246940791607, 0.028165141120553017, 0.0278120469301939, 0.02751169353723526, 0.027244234457612038, 0.02699855901300907, 0.026771964505314827, 0.026552727445960045, 0.026315519586205482, 0.02604633755981922, 0.025828465819358826, 0.025674521923065186, 0.025516552850604057, 0.02535082958638668, 0.025244303047657013, 0.02513057366013527, 0.024997958913445473, 0.024931523948907852, 0.02492000348865986, 0.024831881746649742, 0.024694422259926796, 0.0246046781539917, 0.024536745622754097, 0.024459265172481537, 0.024457119405269623, 0.0244621429592371, 0.024407096207141876, 0.024389022961258888, 0.024383967742323875, 0.02439524419605732, 0.024395029991865158, 0.024325400590896606, 0.024303579702973366, 0.024222977459430695, 0.024192452430725098, 0.0241848174482584, 0.02411212958395481, 0.024134699255228043, 0.024109473451972008, 0.024042008444666862, 0.02401127479970455, 0.023969436064362526, 0.023981280624866486, 0.024003488942980766, 0.024001367390155792, 0.024040644988417625, 0.024060972034931183, 0.024103794246912003, 0.02410195954144001, 0.024102933704853058]",0.09645972126385115,0.5181289528450723,0.8661163104928057,0.9434374331273874,0.18165284684898547,0.18067318132464713,0.18010230214918693,0.10495209494622262,0.6815171933486608,28.163148010149598,cuda
TAO,257_TAO_id_1_Environment_tr_500_1st_3,MTF,pvt_autoencoder_differential_lr,128,10,10,64,100,0.001,"[0.1731015294790268, 0.15970852971076965, 0.1483931988477707, 0.1389801800251007, 0.13144202530384064, 0.12491820007562637, 0.11908112466335297, 0.11371923983097076, 0.108805350959301, 0.10428143292665482, 0.10007604211568832, 0.09611307084560394, 0.09239733219146729, 0.08889081329107285, 0.08555485308170319, 0.08237401396036148, 0.07931152731180191, 0.07638534903526306, 0.07357818633317947, 0.0708577036857605, 0.06819694489240646, 0.06568054109811783, 0.0632125660777092, 0.060652442276477814, 0.05824590474367142, 0.05601814016699791, 0.05376649275422096, 0.051687467843294144, 0.04966112598776817, 0.04778057336807251, 0.045893244445323944, 0.04417867958545685, 0.04250453785061836, 0.04091715067625046, 0.039386771619319916, 0.037968117743730545, 0.03658387064933777, 0.035252414643764496, 0.03396216407418251, 0.03273879364132881, 0.03159799426794052, 0.030504077672958374, 0.029465096071362495, 0.028449293226003647, 0.02749704197049141, 0.02659687027335167, 0.025739194825291634, 0.02492821030318737, 0.02416631393134594, 0.023434830829501152, 0.022741565480828285, 0.022075043991208076, 0.021445387974381447, 0.02084077149629593, 0.02026292309165001, 0.019709119573235512, 0.019178709015250206, 0.018667057156562805, 0.018174493685364723, 0.017698058858513832, 0.01723659783601761, 0.016792230308055878, 0.016364971175789833, 0.015950703993439674, 0.015554019249975681, 0.015171478502452374, 0.014805753715336323, 0.014452783390879631, 0.014108855277299881, 0.013778695836663246, 0.01345821749418974, 0.013146390207111835, 0.012843568809330463, 0.012550839222967625, 0.012266401201486588, 0.011992773972451687, 0.01172549743205309, 0.011465958319604397, 0.011215709149837494, 0.010971062816679478, 0.010734210722148418, 0.010504068806767464, 0.010278869420289993, 0.010061142966151237, 0.009847931563854218, 0.009641940705478191, 0.009441940113902092, 0.009247306734323502, 0.009058419615030289, 0.008874784223735332, 0.008696137927472591, 0.008522484451532364, 0.008354525081813335, 0.008190741762518883, 0.008031859993934631, 0.007876422256231308, 0.007725763600319624, 0.007578693330287933, 0.007435934618115425, 0.007296812254935503]","[0.18328414857387543, 0.18262308835983276, 0.18151023983955383, 0.17971812188625336, 0.17718468606472015, 0.1739271879196167, 0.16989868879318237, 0.16503110527992249, 0.15933574736118317, 0.15291421115398407, 0.14592322707176208, 0.13860882818698883, 0.13135774433612823, 0.12437544018030167, 0.11760637909173965, 0.1109028309583664, 0.10436514765024185, 0.09819594770669937, 0.09184087812900543, 0.08592116087675095, 0.07998109608888626, 0.07662682980298996, 0.0718434751033783, 0.06771650910377502, 0.0649702399969101, 0.06183956190943718, 0.05816524475812912, 0.055720727890729904, 0.05444979667663574, 0.05121791735291481, 0.04920152574777603, 0.048550624400377274, 0.04723522812128067, 0.04595993831753731, 0.045202843844890594, 0.043961454182863235, 0.04221091791987419, 0.04093469679355621, 0.03990808129310608, 0.03823273256421089, 0.03660346567630768, 0.03551609069108963, 0.034968920052051544, 0.03439323231577873, 0.03318546712398529, 0.03206875920295715, 0.031497690826654434, 0.031135043129324913, 0.03064560890197754, 0.030193069949746132, 0.02989920973777771, 0.029688473790884018, 0.029325975105166435, 0.028807541355490685, 0.028330260887742043, 0.028001321479678154, 0.027670366689562798, 0.027294941246509552, 0.026894818991422653, 0.026511596515774727, 0.02616267278790474, 0.02586998976767063, 0.025659969076514244, 0.025477290153503418, 0.025198079645633698, 0.024813996627926826, 0.02441651001572609, 0.024083632975816727, 0.023784376680850983, 0.023473083972930908, 0.023192137479782104, 0.02297799475491047, 0.022804727777838707, 0.0226073507219553, 0.022387130185961723, 0.02217971719801426, 0.022009843960404396, 0.021882159635424614, 0.021780068054795265, 0.02168678678572178, 0.021554768085479736, 0.021385110914707184, 0.021227099001407623, 0.021119851619005203, 0.021051030606031418, 0.020961042493581772, 0.020844515413045883, 0.020721910521388054, 0.020596468821167946, 0.020479202270507812, 0.02038676291704178, 0.02031761407852173, 0.02024921216070652, 0.02017565444111824, 0.020102040842175484, 0.020029036328196526, 0.01996024139225483, 0.019899364560842514, 0.0198369063436985, 0.019764376804232597]",0.09644552057794537,0.5174289932757645,0.8698347812025481,0.9452908620231171,0.1825916985700104,0.1819905213270142,0.18146419680108247,0.10826044938912167,0.6788469716363882,30.27713438286446,cuda
TAO,257_TAO_id_1_Environment_tr_500_1st_3,RP,cnn_autoencoder,128,10,10,64,150,0.001,"[0.2318519502878189, 0.22642500698566437, 0.22089441120624542, 0.21621347963809967, 0.21208178997039795, 0.20848555862903595, 0.20536084473133087, 0.20228300988674164, 0.19934110343456268, 0.1965050995349884, 0.19363202154636383, 0.1907535195350647, 0.1878923922777176, 0.18503636121749878, 0.1822419911623001, 0.17946965992450714, 0.17669345438480377, 0.17393608391284943, 0.1711944192647934, 0.16842888295650482, 0.1656649112701416, 0.1628883332014084, 0.16009517014026642, 0.15729781985282898, 0.15452024340629578, 0.15173158049583435, 0.14896534383296967, 0.14623315632343292, 0.1435171365737915, 0.1408178210258484, 0.13812680542469025, 0.13546991348266602, 0.1328423023223877, 0.130242258310318, 0.12766589224338531, 0.12511815130710602, 0.1226022019982338, 0.12011805921792984, 0.11766479164361954, 0.11526042968034744, 0.11289431154727936, 0.11056741327047348, 0.1082778126001358, 0.10602881014347076, 0.103827103972435, 0.10166230797767639, 0.09954319894313812, 0.09745679050683975, 0.0954040065407753, 0.09339381009340286, 0.09141985327005386, 0.08948636800050735, 0.08758842945098877, 0.08573245257139206, 0.08391372859477997, 0.08213071525096893, 0.08039148151874542, 0.07868436723947525, 0.07702069729566574, 0.07538572698831558, 0.07378982752561569, 0.07223150879144669, 0.07070494443178177, 0.0692107304930687, 0.06775091588497162, 0.0663219764828682, 0.06492988765239716, 0.06356779485940933, 0.06223295256495476, 0.060939379036426544, 0.05966629460453987, 0.05842569097876549, 0.057207293808460236, 0.056025199592113495, 0.054860711097717285, 0.05372026935219765, 0.052610237151384354, 0.05152479559183121, 0.05045642331242561, 0.04941898584365845, 0.04840121418237686, 0.04740087315440178, 0.04643312841653824, 0.045480284839868546, 0.04455133154988289, 0.043642327189445496, 0.042756613343954086, 0.04189307987689972, 0.041053224354982376, 0.04023141413927078, 0.03942931815981865, 0.03864661976695061, 0.03788476064801216, 0.03714004531502724, 0.03641458973288536, 0.035710014402866364, 0.03502330556511879, 0.03435377776622772, 0.03369998186826706, 0.03306679427623749, 0.032450027763843536, 0.03184933587908745, 0.031265560537576675, 0.03069598786532879, 0.030141660943627357, 0.029600663110613823, 0.029073216021060944, 0.028562532737851143, 0.028063109144568443, 0.0275749359279871, 0.027096698060631752, 0.026634689420461655, 0.026180023327469826, 0.025737719610333443, 0.025305455550551414, 0.024887830018997192, 0.024478549137711525, 0.024080049246549606, 0.02368946187198162, 0.023309411481022835, 0.022937413305044174, 0.022574910894036293, 0.02222125418484211, 0.021876594051718712, 0.021538013592362404, 0.02120732143521309, 0.020885324105620384, 0.020570704713463783, 0.020261656492948532, 0.019960535690188408, 0.019664578139781952, 0.01937641203403473, 0.019093621522188187, 0.01881738193333149, 0.018547015264630318, 0.01828153245151043, 0.018024317920207977, 0.01776951178908348, 0.017524147406220436, 0.017279623076319695, 0.017041223123669624, 0.016809619963169098, 0.01658243127167225, 0.01636015810072422, 0.016143474727869034, 0.015929600223898888, 0.01572110876441002, 0.015518290922045708, 0.015316647477447987, 0.015121432021260262]","[0.202645406126976, 0.2022227942943573, 0.20170287787914276, 0.20108558237552643, 0.20036649703979492, 0.1995418220758438, 0.19857731461524963, 0.19742804765701294, 0.19605231285095215, 0.1944570094347, 0.19265589118003845, 0.19063837826251984, 0.1883881837129593, 0.1859154999256134, 0.18322177231311798, 0.18033185601234436, 0.17726626992225647, 0.17405825853347778, 0.170730859041214, 0.16732706129550934, 0.1638696938753128, 0.16040673851966858, 0.15696042776107788, 0.1535666137933731, 0.15023304522037506, 0.14699037373065948, 0.14386005699634552, 0.1408487856388092, 0.13795791566371918, 0.13518553972244263, 0.13255122303962708, 0.13005828857421875, 0.12772364914417267, 0.1255609542131424, 0.12357953935861588, 0.12179292738437653, 0.1201934963464737, 0.11876872181892395, 0.11753760278224945, 0.11647224426269531, 0.11555463820695877, 0.11475902050733566, 0.11403361707925797, 0.11335066705942154, 0.11264003813266754, 0.11189232021570206, 0.11105282604694366, 0.11008237302303314, 0.10896962136030197, 0.10768510401248932, 0.10623320937156677, 0.10461574792861938, 0.10285096615552902, 0.10097669064998627, 0.09900932013988495, 0.09697584807872772, 0.09489137679338455, 0.09278710931539536, 0.09066276997327805, 0.08854339271783829, 0.08645065128803253, 0.08438729494810104, 0.08234939724206924, 0.08034699410200119, 0.07836268097162247, 0.07640157639980316, 0.07447061687707901, 0.07257482409477234, 0.07072959840297699, 0.06891945749521255, 0.06717028468847275, 0.06548456102609634, 0.06387361139059067, 0.0623139925301075, 0.06079312041401863, 0.05930574610829353, 0.05785287916660309, 0.056436698883771896, 0.05507545545697212, 0.05376161262392998, 0.05248519405722618, 0.05125763267278671, 0.05005725100636482, 0.04888366907835007, 0.04773000255227089, 0.04660308361053467, 0.045507557690143585, 0.04446166753768921, 0.04346119612455368, 0.042497266083955765, 0.04157499969005585, 0.04069170355796814, 0.03984203562140465, 0.03902462497353554, 0.038235604763031006, 0.03746991232037544, 0.03672529011964798, 0.036002419888973236, 0.0353112518787384, 0.0346505306661129, 0.034018322825431824, 0.03341861069202423, 0.03284115344285965, 0.032279033213853836, 0.03172631934285164, 0.03117622248828411, 0.03064272180199623, 0.030129002407193184, 0.029629165306687355, 0.029144708067178726, 0.028678178787231445, 0.028218111023306847, 0.02777157537639141, 0.02733025886118412, 0.026904592290520668, 0.026489684358239174, 0.026088539510965347, 0.025699997320771217, 0.025322292000055313, 0.024951530620455742, 0.02459028735756874, 0.024239379912614822, 0.023893244564533234, 0.023544440045952797, 0.023191682994365692, 0.022840972989797592, 0.022492460906505585, 0.022151166573166847, 0.021822163835167885, 0.02150867134332657, 0.021207936108112335, 0.02091389149427414, 0.020626356825232506, 0.020340824499726295, 0.020056230947375298, 0.01978103257715702, 0.019512983039021492, 0.019258717074990273, 0.019010484218597412, 0.018771221861243248, 0.018541472032666206, 0.018315637484192848, 0.018097873777151108, 0.017887968569993973, 0.017677120864391327, 0.01747109368443489, 0.017266789451241493, 0.017060598358511925, 0.016859231516718864, 0.016659414395689964]",0.09206250159399468,0.47919000935505596,0.8762325884637654,0.9344818366620143,0.17412871975510505,0.14760147601476015,0.14708391325820472,0.09107771440911072,0.5222489433751525,19.35244094603695,cuda
TAO,257_TAO_id_1_Environment_tr_500_1st_3,RP,resnet18_autoencoder_frozen,128,10,10,64,100,0.001,"[0.2541983723640442, 0.2373691201210022, 0.22519546747207642, 0.21573233604431152, 0.2070457935333252, 0.19874943792819977, 0.19087298214435577, 0.18344850838184357, 0.17641881108283997, 0.16977037489414215, 0.16346001625061035, 0.1574399322271347, 0.15163400769233704, 0.14604616165161133, 0.14068008959293365, 0.13550002872943878, 0.13048876821994781, 0.12562526762485504, 0.12089186161756516, 0.11630020290613174, 0.11184964329004288, 0.1075444370508194, 0.10339616239070892, 0.09938009828329086, 0.09550050646066666, 0.0917486846446991, 0.08816737681627274, 0.08473469316959381, 0.0814569815993309, 0.0783308818936348, 0.07534419000148773, 0.07250789552927017, 0.06980311870574951, 0.06722978502511978, 0.0647786408662796, 0.062442243099212646, 0.060216017067432404, 0.05808962881565094, 0.056063130497932434, 0.054132431745529175, 0.05228384956717491, 0.05052024498581886, 0.04883425310254097, 0.04721817001700401, 0.04567171260714531, 0.044196825474500656, 0.042779434472322464, 0.04141908138990402, 0.04011545330286026, 0.038866061717271805, 0.03766881301999092, 0.036518394947052, 0.035418037325143814, 0.03435689955949783, 0.033848270773887634, 0.033347371965646744, 0.03285908326506615]","[0.2249755561351776, 0.2242182046175003, 0.22338324785232544, 0.22232095897197723, 0.22086559236049652, 0.21903395652770996, 0.2169380486011505, 0.21458788216114044, 0.21194441616535187, 0.2088482528924942, 0.2051110714673996, 0.20057430863380432, 0.19522625207901, 0.189255028963089, 0.1829652339220047, 0.1763313263654709, 0.16953465342521667, 0.16272573173046112, 0.15599903464317322, 0.1494836062192917, 0.14309152960777283, 0.136392280459404, 0.1294308304786682, 0.1229221299290657, 0.11678407341241837, 0.11099685728549957, 0.10538306832313538, 0.1001008078455925, 0.09542828798294067, 0.09118606150150299, 0.08744633197784424, 0.0841761976480484, 0.08173058182001114, 0.0792287215590477, 0.07706139236688614, 0.07516772300004959, 0.07328233867883682, 0.07158993184566498, 0.07018619030714035, 0.06855884939432144, 0.06680922955274582, 0.06526460498571396, 0.0636809766292572, 0.06252817064523697, 0.061258573085069656, 0.06043710932135582, 0.06018006056547165, 0.06042387709021568, 0.060496143996715546, 0.06076041981577873, 0.06114351749420166, 0.0615372397005558, 0.06124437600374222, 0.06083884462714195, 0.060330670326948166, 0.060521211475133896, 0.0609227754175663]",0.10215861155965895,0.5289622720507814,0.8770527237062259,0.9367126073623069,0.1773547967910569,0.17881749719596218,0.17694522892002035,0.10500578235315922,0.5909166021165012,13.34977170987986,cuda
TAO,257_TAO_id_1_Environment_tr_500_1st_3,RP,resnet18_autoencoder_progressive_unfreeze,128,10,10,64,150,0.001,"[0.2627926468849182, 0.24459034204483032, 0.23226039111614227, 0.22365647554397583, 0.21640942990779877, 0.20968720316886902, 0.20339778065681458, 0.1973753422498703, 0.1915775090456009, 0.18598751723766327, 0.18053066730499268, 0.1751384288072586, 0.16986270248889923, 0.16467425227165222, 0.15960147976875305, 0.15467818081378937, 0.14989665150642395, 0.14522600173950195, 0.1406775861978531, 0.13622400164604187, 0.13186629116535187, 0.12735864520072937, 0.12257150560617447, 0.11715332418680191, 0.11266284435987473, 0.1082797721028328, 0.10394977033138275, 0.09994953125715256, 0.0961127057671547, 0.0923793688416481, 0.08882937580347061, 0.08542531728744507, 0.08214256912469864, 0.07901167869567871, 0.07600156217813492, 0.07310757786035538, 0.0703335776925087, 0.06767864525318146, 0.06513446569442749, 0.06271283328533173, 0.060407690703868866, 0.05819174274802208, 0.056067995727062225, 0.05404773727059364, 0.05211469903588295, 0.05026029422879219, 0.048481520265340805, 0.04677792266011238, 0.045135773718357086, 0.043554384261369705, 0.04201524332165718, 0.04052025079727173, 0.03905720263719559, 0.037624385207891464, 0.036234959959983826, 0.03489551320672035, 0.03362876921892166, 0.03244579955935478, 0.03133116289973259, 0.03026803396642208, 0.02924875169992447, 0.028283098712563515, 0.027360038831830025, 0.026482660323381424, 0.025637399405241013, 0.024825869128108025, 0.024046631529927254, 0.023305343464016914, 0.02259305864572525, 0.021913522854447365, 0.021262040361762047, 0.020636357367038727, 0.020036520436406136, 0.019460681825876236, 0.01891157031059265, 0.01838024891912937, 0.017870035022497177, 0.01738063432276249, 0.016911514103412628, 0.01646072044968605, 0.016024529933929443, 0.015607100911438465, 0.015201898291707039, 0.014815479516983032, 0.014440244995057583, 0.014079798012971878, 0.013729885220527649, 0.013396669179201126, 0.013233833014965057]","[0.22779157757759094, 0.22712251543998718, 0.2262323945760727, 0.22510279715061188, 0.2237885296344757, 0.22231800854206085, 0.2208014726638794, 0.21928668022155762, 0.21783600747585297, 0.21635675430297852, 0.2146034985780716, 0.21230196952819824, 0.20940949022769928, 0.20621347427368164, 0.20295381546020508, 0.19905567169189453, 0.19400626420974731, 0.1886870115995407, 0.1837816834449768, 0.17825013399124146, 0.1764676868915558, 0.16759811341762543, 0.16174259781837463, 0.1549578309059143, 0.14719636738300323, 0.13909798860549927, 0.13004329800605774, 0.12182491272687912, 0.11523188650608063, 0.1084534227848053, 0.10179788619279861, 0.09584694355726242, 0.0902240201830864, 0.08513983339071274, 0.08074265718460083, 0.07690311968326569, 0.07326538115739822, 0.06987548619508743, 0.06703484058380127, 0.0638335570693016, 0.06040679290890694, 0.05696540325880051, 0.0535176657140255, 0.05065777525305748, 0.04784070700407028, 0.04517803341150284, 0.042899131774902344, 0.0405738539993763, 0.038601189851760864, 0.03703700378537178, 0.03542182222008705, 0.033850882202386856, 0.032063428312540054, 0.03027387149631977, 0.028437117114663124, 0.026790078729391098, 0.02534348890185356, 0.024165131151676178, 0.0230662040412426, 0.022076549008488655, 0.021177873015403748, 0.02023528330028057, 0.019397923722863197, 0.018607133999466896, 0.017887063324451447, 0.01722618378698826, 0.016669144853949547, 0.016144156455993652, 0.015661219134926796, 0.015184829942882061, 0.01473228633403778, 0.014313191175460815, 0.014006921090185642, 0.013849777169525623, 0.01370274554938078, 0.013411879539489746, 0.013111326843500137, 0.012930190190672874, 0.012802633456885815, 0.012734643183648586, 0.012733026407659054, 0.012912833131849766, 0.013194744475185871, 0.013430062681436539, 0.013526193797588348, 0.01361001655459404, 0.013653337955474854, 0.013713046908378601, 0.013705496676266193]",0.09812718795812497,0.5202724987554848,0.8740005349836022,0.9362305785634765,0.1773547967910569,0.17881749719596218,0.17694522892002035,0.10500578235315922,0.5909166021165012,22.49094914807938,cuda
TAO,257_TAO_id_1_Environment_tr_500_1st_3,RP,resnet18_autoencoder_differential_lr,128,10,10,64,100,0.001,"[0.22005806863307953, 0.2061202973127365, 0.19374950230121613, 0.18357211351394653, 0.17473065853118896, 0.16727091372013092, 0.16048026084899902, 0.1542471945285797, 0.14842115342617035, 0.14293856918811798, 0.13778768479824066, 0.13295476138591766, 0.1284020096063614, 0.12411117553710938, 0.120037741959095, 0.11620666086673737, 0.1125812828540802, 0.10914579778909683, 0.10587740689516068, 0.10276202112436295, 0.09977814555168152, 0.09690830856561661, 0.09413638710975647, 0.09146840125322342, 0.08889832347631454, 0.08643069118261337, 0.0840430036187172, 0.08175011724233627, 0.07952041923999786, 0.07737640291452408, 0.0752984881401062, 0.07329703122377396, 0.0713614746928215, 0.06949793547391891, 0.06770189106464386, 0.06595718860626221, 0.06427154690027237, 0.06264439225196838, 0.06106011942028999, 0.059523165225982666, 0.058034054934978485, 0.0565963052213192, 0.055195070803165436, 0.0538354255259037, 0.052518751472234726, 0.05124221369624138, 0.050000905990600586, 0.04880019649863243, 0.04762739688158035, 0.04649060592055321, 0.04538634046912193, 0.04431692138314247, 0.04326915740966797, 0.04225221648812294, 0.04126454144716263, 0.04030141234397888, 0.039368048310279846, 0.038456518203020096, 0.037568774074316025, 0.03670128062367439, 0.03586229309439659, 0.035039082169532776, 0.03424055129289627, 0.03346189856529236, 0.03270277380943298, 0.03196518495678902, 0.031247228384017944, 0.030546734109520912, 0.029866840690374374, 0.02920444868505001, 0.02855781465768814, 0.027926309034228325, 0.027312520891427994, 0.02671748585999012, 0.02613753080368042, 0.025572381913661957, 0.025023790076375008, 0.02448870800435543, 0.023967120796442032, 0.023460151627659798, 0.022970668971538544, 0.022489972412586212, 0.022023238241672516, 0.02156882919371128, 0.021125171333551407, 0.02069380320608616, 0.020274529233574867, 0.019866662099957466, 0.019465109333395958, 0.019078033044934273, 0.01869894191622734, 0.018328716978430748, 0.017968907952308655, 0.017619779333472252, 0.017278416082262993, 0.01694447547197342, 0.016618924215435982, 0.01630414091050625, 0.015995381399989128, 0.01569335348904133]","[0.2176450490951538, 0.21674701571464539, 0.21550136804580688, 0.21369536221027374, 0.21138013899326324, 0.20856374502182007, 0.20526456832885742, 0.20143048465251923, 0.19703106582164764, 0.19207492470741272, 0.18649455904960632, 0.1803802102804184, 0.173822283744812, 0.16694195568561554, 0.15990298986434937, 0.15282894670963287, 0.14581505954265594, 0.13889813423156738, 0.13213010132312775, 0.12559667229652405, 0.11937721818685532, 0.11351273953914642, 0.10796574503183365, 0.10280540585517883, 0.09809546917676926, 0.09382263571023941, 0.08999434858560562, 0.08631889522075653, 0.08287333697080612, 0.0796426385641098, 0.0767005905508995, 0.07402697950601578, 0.07147769629955292, 0.06905058771371841, 0.06673169881105423, 0.06454994529485703, 0.062471821904182434, 0.06045304611325264, 0.058529894798994064, 0.05669748783111572, 0.05498414859175682, 0.053377557545900345, 0.05185282602906227, 0.05042683705687523, 0.04904141649603844, 0.04772748053073883, 0.04648955911397934, 0.04529989883303642, 0.044165126979351044, 0.04309025779366493, 0.04209675267338753, 0.041170019656419754, 0.040286146104335785, 0.039530109614133835, 0.03891906142234802, 0.03839914873242378, 0.03792187571525574, 0.03738601505756378, 0.036885883659124374, 0.03639993816614151, 0.0358579158782959, 0.035288289189338684, 0.03468681499361992, 0.03395896032452583, 0.03325377032160759, 0.032550226897001266, 0.03190285339951515, 0.03127173334360123, 0.030680915340781212, 0.03007178194820881, 0.02944221720099449, 0.028814295306801796, 0.028190668672323227, 0.0275424811989069, 0.026918644085526466, 0.026290927082300186, 0.025679748505353928, 0.025112103670835495, 0.024565063416957855, 0.024026604369282722, 0.023456178605556488, 0.022883353754878044, 0.022298770025372505, 0.021763788536190987, 0.02125255949795246, 0.02076917327940464, 0.020294124260544777, 0.01982797496020794, 0.01937144808471203, 0.018946655094623566, 0.018539398908615112, 0.01813885197043419, 0.017740488052368164, 0.017339089885354042, 0.01694057323038578, 0.016539109870791435, 0.01616007089614868, 0.01581273414194584, 0.015484650619328022, 0.015153431333601475]",0.09812718795812497,0.5202724987554848,0.8740005349836022,0.9362305785634765,0.1773547967910569,0.17881749719596218,0.17694522892002035,0.10500578235315922,0.5909166021165012,26.240358581067994,cuda
TAO,257_TAO_id_1_Environment_tr_500_1st_3,RP,pvt_autoencoder_frozen,128,10,10,64,100,0.001,"[0.2565746605396271, 0.23415827751159668, 0.2199840396642685, 0.2108973264694214, 0.2032044529914856, 0.19623006880283356, 0.1898227483034134, 0.18384847044944763, 0.1781223565340042, 0.17254094779491425, 0.16710588335990906, 0.16435286402702332, 0.16150909662246704, 0.158670112490654, 0.15584556758403778, 0.1530616134405136, 0.15032611787319183, 0.14766579866409302, 0.14505872130393982, 0.14250363409519196, 0.14001812040805817, 0.13757602870464325, 0.13519541919231415, 0.13285839557647705, 0.13057167828083038, 0.128317192196846, 0.12611117959022522, 0.12395359575748444, 0.12183328717947006, 0.11975129693746567, 0.11770478636026382, 0.11569028347730637, 0.11370684206485748, 0.11177100241184235, 0.10987398773431778, 0.10800175368785858, 0.10616128146648407, 0.10435212403535843, 0.10258755087852478, 0.10085314512252808, 0.09914693981409073, 0.09747881442308426, 0.09584297984838486, 0.09423140436410904, 0.09265012294054031, 0.09108921140432358, 0.0895545557141304, 0.08804817497730255, 0.0865616574883461, 0.08510611206293106, 0.08367223292589188, 0.08225258439779282, 0.08087090402841568, 0.07950009405612946, 0.07816300541162491, 0.07684364169836044, 0.07554415613412857, 0.07427749037742615, 0.0730232298374176, 0.07180649787187576, 0.07060929387807846, 0.06944047659635544, 0.06828907877206802, 0.06716073304414749, 0.06605315953493118, 0.06496483832597733, 0.06390370428562164, 0.06285411864519119, 0.06182738021016121, 0.06081873178482056, 0.059835389256477356, 0.058859772980213165, 0.057914309203624725, 0.05698063597083092, 0.05606386438012123, 0.0551665723323822, 0.05428269878029823, 0.05342264845967293, 0.0525711253285408, 0.05174233391880989, 0.05092339590191841, 0.050122421234846115, 0.04933980479836464, 0.04856979846954346, 0.0478132888674736, 0.04707328975200653, 0.0463472455739975, 0.045630473643541336, 0.04493033140897751, 0.04424358531832695, 0.04356561601161957, 0.04290439561009407, 0.042248789221048355, 0.041604507714509964, 0.04097781702876091, 0.040358562022447586, 0.03974997624754906, 0.039158061146736145, 0.038572996854782104, 0.03800177946686745]","[0.21301135420799255, 0.2124210149049759, 0.21203282475471497, 0.21194836497306824, 0.21215401589870453, 0.21258361637592316, 0.21308721601963043, 0.2134273499250412, 0.21327205002307892, 0.21232660114765167, 0.21011245250701904, 0.20748001337051392, 0.20447398722171783, 0.20116734504699707, 0.19758905470371246, 0.19380538165569305, 0.1898895651102066, 0.18588554859161377, 0.18179185688495636, 0.17766349017620087, 0.17349375784397125, 0.16930851340293884, 0.1651206761598587, 0.1609835922718048, 0.15688732266426086, 0.15284396708011627, 0.14888541400432587, 0.14499469101428986, 0.1411605179309845, 0.1374199092388153, 0.13379570841789246, 0.13032789528369904, 0.12703002989292145, 0.12381964176893234, 0.1206943467259407, 0.11766906827688217, 0.11474336683750153, 0.11194536834955215, 0.10932468622922897, 0.10687147080898285, 0.10456613451242447, 0.1023525521159172, 0.10020560026168823, 0.09810514003038406, 0.09605429321527481, 0.09406915307044983, 0.0921756774187088, 0.09035363793373108, 0.08859261870384216, 0.08688021451234818, 0.0852094516158104, 0.08360087871551514, 0.0820423811674118, 0.0805523470044136, 0.07910523563623428, 0.0777067095041275, 0.07636422663927078, 0.07505074888467789, 0.07377689331769943, 0.07252799719572067, 0.07133207470178604, 0.07016958296298981, 0.06901057064533234, 0.06786181032657623, 0.0667339563369751, 0.06563392281532288, 0.06453201174736023, 0.0634419396519661, 0.0623767264187336, 0.061353445053100586, 0.060342252254486084, 0.05935903266072273, 0.058383651077747345, 0.0574364997446537, 0.056516535580158234, 0.05561550334095955, 0.05473276227712631, 0.053860459476709366, 0.05302411690354347, 0.05222025141119957, 0.05143602564930916, 0.05066847801208496, 0.04990692436695099, 0.049161963164806366, 0.04843664914369583, 0.04772074520587921, 0.04700043052434921, 0.04628917574882507, 0.04559241607785225, 0.04491272568702698, 0.044264357537031174, 0.04362944886088371, 0.04300244525074959, 0.04238830879330635, 0.0417756624519825, 0.041164055466651917, 0.04056235030293465, 0.039968643337488174, 0.03939490392804146, 0.0388309620320797]",0.09305439449292384,0.47865251746559667,0.8770037795208987,0.9339116759543025,0.17412871975510505,0.17087987458357828,0.17094182703879338,0.09107771440911072,0.6683650266135978,27.47607625508681,cuda
TAO,257_TAO_id_1_Environment_tr_500_1st_3,RP,pvt_autoencoder_progressive_unfreeze,128,10,10,64,150,0.001,"[0.23797154426574707, 0.2236841470003128, 0.21034856140613556, 0.20015420019626617, 0.19156715273857117, 0.18395978212356567, 0.1769828349351883, 0.1705000102519989, 0.16434884071350098, 0.1584511548280716, 0.152800515294075, 0.14737002551555634, 0.14213046431541443, 0.13705725967884064, 0.13217003643512726, 0.1274513602256775, 0.12290378659963608, 0.11852852255105972, 0.11431334167718887, 0.11025595664978027, 0.10635087639093399, 0.1018873006105423, 0.09746814519166946, 0.09326522052288055, 0.08952571451663971, 0.08598694205284119, 0.0826643630862236, 0.07951044291257858, 0.07649989426136017, 0.07364214211702347, 0.07088782638311386, 0.06825841963291168, 0.06574181467294693, 0.06333274394273758, 0.06103498488664627, 0.05883122980594635, 0.05671831592917442, 0.05470441281795502, 0.05276639759540558, 0.05091135576367378, 0.04912543296813965, 0.0474163293838501, 0.045766834169626236, 0.04418351128697395, 0.04266349598765373, 0.04120142012834549, 0.0397958867251873, 0.03844175860285759, 0.03713839873671532, 0.03588110953569412, 0.03467392176389694, 0.033514250069856644, 0.03240029141306877, 0.03132304176688194, 0.030291441828012466, 0.029299193993210793, 0.02834581397473812, 0.0274314284324646, 0.026551881805062294, 0.02570340968668461, 0.02489529736340046, 0.024112721905112267, 0.02336282841861248, 0.022641098126769066, 0.02194945327937603, 0.02128414623439312, 0.02064782939851284, 0.02002955786883831, 0.019439199939370155, 0.018872085958719254, 0.01832663267850876, 0.017801595851778984, 0.01729590632021427, 0.016810987144708633, 0.016342559829354286, 0.015894798561930656, 0.015462864190340042, 0.015045911073684692, 0.014646465890109539, 0.014260374940931797, 0.013886366970837116, 0.013528161682188511, 0.013181932270526886, 0.01284897793084383, 0.012526190839707851, 0.012214594520628452, 0.011914958246052265, 0.01162480004131794, 0.011345257051289082, 0.011074595153331757, 0.010812596417963505, 0.010561604984104633, 0.010317680425941944, 0.010083915665745735, 0.009855498559772968, 0.009635684080421925, 0.009421901777386665, 0.009215225465595722, 0.00901553500443697, 0.008821300230920315, 0.008635684847831726, 0.008453460410237312, 0.008277831599116325, 0.008106698282063007, 0.007942658849060535, 0.00778208440169692, 0.007626483682543039, 0.007476200815290213, 0.0073308092541992664, 0.007188916206359863, 0.00705194054171443, 0.006917648017406464, 0.0067882719449698925, 0.006660763174295425, 0.006538246292620897, 0.006418469827622175, 0.006301685702055693, 0.006189101375639439, 0.0060785687528550625, 0.005971940699964762, 0.005867184139788151, 0.00576496496796608, 0.005667379591614008, 0.005570067558437586, 0.005477527622133493, 0.005386336240917444, 0.0052966647781431675, 0.005210513714700937, 0.005125156603753567, 0.005042745266109705, 0.004961260594427586, 0.004883359652012587, 0.004806960001587868, 0.004731977824121714, 0.004658517427742481, 0.004587620962411165, 0.004517299588769674, 0.004449224565178156, 0.004382619634270668, 0.004317769780755043, 0.004254668951034546, 0.004192004445940256, 0.004131691996008158, 0.004072041716426611, 0.004014803096652031, 0.003957828972488642, 0.003901636926457286, 0.003846989246085286, 0.0037941783666610718, 0.0037423190660774708]","[0.21509487926959991, 0.2146630883216858, 0.2139631062746048, 0.21304257214069366, 0.21175596117973328, 0.21005022525787354, 0.2078522890806198, 0.20505861937999725, 0.20161205530166626, 0.19742600619792938, 0.1924056112766266, 0.18661898374557495, 0.18012580275535583, 0.17308612167835236, 0.1656295508146286, 0.1579766869544983, 0.15024377405643463, 0.14255429804325104, 0.1349843442440033, 0.12765885889530182, 0.12318292260169983, 0.11860422044992447, 0.10873357951641083, 0.10232659429311752, 0.09701178967952728, 0.092356376349926, 0.08753038942813873, 0.08273352682590485, 0.07831932604312897, 0.07444664090871811, 0.0709589496254921, 0.06770390272140503, 0.06463036686182022, 0.061737801879644394, 0.05903660133481026, 0.056541018187999725, 0.054240088909864426, 0.05207471176981926, 0.0500241257250309, 0.04808506742119789, 0.04626227915287018, 0.04449740797281265, 0.042795903980731964, 0.041178710758686066, 0.039661992341279984, 0.03822455182671547, 0.03681943938136101, 0.03542838618159294, 0.034066665917634964, 0.03275454416871071, 0.031514305621385574, 0.03035195730626583, 0.02926046960055828, 0.028239184990525246, 0.02728007175028324, 0.026379728689789772, 0.02552809566259384, 0.024693183600902557, 0.023875223472714424, 0.023088837042450905, 0.02233268879354, 0.02162771113216877, 0.020960861817002296, 0.02033804915845394, 0.01973654329776764, 0.019170885905623436, 0.018618591129779816, 0.018068397417664528, 0.017540855333209038, 0.017042050138115883, 0.01656458154320717, 0.016098100692033768, 0.01565699093043804, 0.015243609435856342, 0.014845354482531548, 0.014442358165979385, 0.014058027416467667, 0.01368750911206007, 0.013328945264220238, 0.012982422485947609, 0.012658382765948772, 0.012345905415713787, 0.012042255140841007, 0.011751659214496613, 0.011474192142486572, 0.011204163543879986, 0.010935795493423939, 0.010687591508030891, 0.01045234501361847, 0.010213755071163177, 0.00999024510383606, 0.009768505580723286, 0.009559735655784607, 0.009347847662866116, 0.0091535784304142, 0.00895866472274065, 0.008772005327045918, 0.008587976917624474, 0.0084158293902874, 0.008250621147453785, 0.008082549087703228, 0.00792683009058237, 0.007760792039334774, 0.007603301201015711, 0.007462749723345041, 0.007326223887503147, 0.0071865892969071865, 0.007047095336019993, 0.0069084689021110535, 0.0067720175720751286, 0.006629044655710459, 0.006505698896944523, 0.006392959505319595, 0.0062788911163806915, 0.006173702422529459, 0.006070341449230909, 0.005966246128082275, 0.0058583649806678295, 0.005753546487540007, 0.005657089874148369, 0.005562655162066221, 0.005479101557284594, 0.005394341889768839, 0.005312460940331221, 0.005223455373197794, 0.005133701954036951, 0.005053899250924587, 0.004965008236467838, 0.004883230663836002, 0.004806831479072571, 0.004738794639706612, 0.004675110336393118, 0.004602313041687012, 0.004528369288891554, 0.004463974852114916, 0.004395205993205309, 0.004326143767684698, 0.004260153975337744, 0.004201418254524469, 0.004146851599216461, 0.004091229755431414, 0.004037277773022652, 0.003982374910265207, 0.0039262049831449986, 0.003868918400257826, 0.003809812245890498, 0.0037524322979152203, 0.0037034270353615284, 0.0036508669145405293, 0.0036063988227397203]",0.09727947425006564,0.5126577092391066,0.8736716080775848,0.9350509120840067,0.17412871975510505,0.17454668700220302,0.172486288848263,0.10500578235315922,0.6656947367421975,45.05195068893954,cuda
TAO,257_TAO_id_1_Environment_tr_500_1st_3,RP,pvt_autoencoder_differential_lr,128,10,10,64,100,0.001,"[0.3171011507511139, 0.2812475264072418, 0.2643279731273651, 0.2540746033191681, 0.24686966836452484, 0.24109148979187012, 0.23597672581672668, 0.2312256544828415, 0.22661583125591278, 0.22424009442329407, 0.22176901996135712, 0.2192578762769699, 0.2167585790157318, 0.2142886519432068, 0.2118472307920456, 0.20945078134536743, 0.20710718631744385, 0.20478905737400055, 0.20245027542114258, 0.2001049816608429, 0.1977401077747345, 0.19534608721733093, 0.19292190670967102, 0.19049294292926788, 0.18808896839618683, 0.18568295240402222, 0.18330036103725433, 0.18094514310359955, 0.1786097139120102, 0.17629075050354004, 0.17400269210338593, 0.17174193263053894, 0.16952109336853027, 0.16733883321285248, 0.16518481075763702, 0.1630433350801468, 0.16092032194137573, 0.1588146686553955, 0.15672312676906586, 0.15466265380382538, 0.15263167023658752, 0.15064223110675812, 0.14868250489234924, 0.14676615595817566, 0.1448759138584137, 0.1430187225341797, 0.14118576049804688, 0.139376699924469, 0.13758549094200134, 0.13581353425979614, 0.13407762348651886, 0.1323528289794922, 0.13064803183078766, 0.12896215915679932, 0.1273033171892166, 0.12566258013248444, 0.12403678894042969, 0.12242923676967621, 0.12084051221609116, 0.11926913261413574, 0.11771035194396973, 0.1161641851067543, 0.11463543027639389, 0.11311978846788406, 0.11160967499017715, 0.11012326925992966, 0.10864007472991943, 0.10716709494590759, 0.10570646077394485, 0.10424374043941498, 0.10279529541730881, 0.10135650634765625, 0.09992028772830963, 0.09849141538143158, 0.09707304835319519, 0.09566286951303482, 0.09426591545343399, 0.0928804948925972, 0.09150329232215881, 0.09014223515987396, 0.08878723531961441, 0.08744397014379501, 0.08612539619207382, 0.08480852097272873, 0.08350932598114014, 0.08222565799951553, 0.08095387369394302, 0.07969746738672256, 0.0784568339586258, 0.07722634077072144, 0.07601270824670792, 0.07481435686349869, 0.0736340656876564, 0.07246138900518417, 0.07130758464336395, 0.07017045468091965, 0.06905214488506317, 0.0679478868842125, 0.06685864180326462, 0.06578803807497025]","[0.24371476471424103, 0.24329815804958344, 0.24328024685382843, 0.24374432861804962, 0.244698628783226, 0.2458643913269043, 0.24679327011108398, 0.24710127711296082, 0.2462788224220276, 0.24509531259536743, 0.24359051883220673, 0.24181509017944336, 0.23981720209121704, 0.23762096464633942, 0.23524093627929688, 0.23272988200187683, 0.23011571168899536, 0.2274048626422882, 0.22456975281238556, 0.22160814702510834, 0.21851511299610138, 0.21528640389442444, 0.21194298565387726, 0.20847856998443604, 0.2049301415681839, 0.20135198533535004, 0.19779157638549805, 0.1943099945783615, 0.19094544649124146, 0.18767520785331726, 0.1844232976436615, 0.1812080591917038, 0.17804214358329773, 0.17506802082061768, 0.1722358763217926, 0.16953295469284058, 0.16692037880420685, 0.16436201333999634, 0.16187413036823273, 0.159437358379364, 0.1570509821176529, 0.15468890964984894, 0.1523658186197281, 0.15006442368030548, 0.14778389036655426, 0.14552201330661774, 0.1432858258485794, 0.14108167588710785, 0.13893286883831024, 0.13685449957847595, 0.13486263155937195, 0.13297030329704285, 0.1311546266078949, 0.1294282078742981, 0.1277584284543991, 0.12611132860183716, 0.12446672469377518, 0.1228155717253685, 0.12116581946611404, 0.11955727636814117, 0.11803469806909561, 0.11658869683742523, 0.11518195271492004, 0.11376431584358215, 0.11237544566392899, 0.11100788414478302, 0.10965495556592941, 0.10832448303699493, 0.10700206458568573, 0.10568512231111526, 0.10435085743665695, 0.10301072150468826, 0.10165955871343613, 0.10031614452600479, 0.0990089699625969, 0.09766415506601334, 0.09625528007745743, 0.0948437973856926, 0.0935278832912445, 0.09225518256425858, 0.09095139801502228, 0.08954904973506927, 0.0881284773349762, 0.08667681366205215, 0.08522351831197739, 0.08382377028465271, 0.08249585330486298, 0.0812363550066948, 0.08006449043750763, 0.07890800386667252, 0.07778623700141907, 0.07663944363594055, 0.07534461468458176, 0.0739469900727272, 0.07252539694309235, 0.07116513699293137, 0.06986931711435318, 0.06867861747741699, 0.06762789934873581, 0.06666351854801178]",0.09305439449292384,0.47865251746559667,0.8770037795208987,0.9339116759543025,0.17412871975510505,0.17087987458357828,0.17094182703879338,0.09107771440911072,0.6683650266135978,30.43790354509838,cuda
TAO,257_TAO_id_1_Environment_tr_500_1st_3,RWT,cnn_autoencoder,128,10,10,64,150,0.001,"[0.11575163900852203, 0.11250432580709457, 0.10687945038080215, 0.10262269526720047, 0.0993003398180008, 0.09649287164211273, 0.0939631387591362, 0.09157183021306992, 0.08925815671682358, 0.08701734989881516, 0.08484668284654617, 0.08271386474370956, 0.08064985275268555, 0.07866188138723373, 0.07671941071748734, 0.07481548935174942, 0.07293243706226349, 0.07106003910303116, 0.06919825077056885, 0.06733851134777069, 0.0654834508895874, 0.06363595277070999, 0.06179658696055412, 0.05996430665254593, 0.05815352872014046, 0.05637667700648308, 0.054655592888593674, 0.05302349105477333, 0.051492322236299515, 0.05004175379872322, 0.04860788211226463, 0.04718339815735817, 0.04581489413976669, 0.044520869851112366, 0.043284475803375244, 0.0420856736600399, 0.04090941697359085, 0.03977551683783531, 0.038675256073474884, 0.037614334374666214, 0.036596912890672684, 0.035604655742645264, 0.03464334458112717, 0.03370698168873787, 0.03280030936002731, 0.03192541375756264, 0.03107890859246254, 0.030253784731030464, 0.029455656185746193, 0.028678907081484795, 0.027927501127123833, 0.027197925373911858, 0.02649015374481678, 0.025801105424761772, 0.025131255388259888, 0.02448674850165844, 0.02385965920984745, 0.023249441757798195, 0.022659895941615105, 0.022086752578616142, 0.02153136022388935, 0.020991632714867592, 0.020465534180402756, 0.019958309829235077, 0.01946200057864189, 0.018979361280798912, 0.018512513488531113, 0.018055370077490807, 0.017612095922231674, 0.017180945724248886, 0.016765357926487923, 0.016366632655262947, 0.015978628769516945, 0.015610245987772942, 0.015252809040248394, 0.014907363802194595, 0.0145732956007123, 0.014251785352826118, 0.013941670767962933, 0.013637606054544449, 0.013343133963644505, 0.013056838884949684, 0.012776612304151058, 0.012506083585321903, 0.012242890894412994, 0.011987675912678242, 0.011740860529243946, 0.011501327157020569, 0.011258690617978573, 0.011023355647921562, 0.01080644316971302, 0.010590597987174988, 0.010373927652835846, 0.01017039641737938, 0.00997448991984129, 0.009774718433618546, 0.009586392901837826, 0.009405391290783882, 0.009222729131579399, 0.009046121500432491, 0.0088771628215909, 0.008711581118404865, 0.008545813150703907, 0.008387455716729164, 0.008233611471951008, 0.008084068074822426, 0.00793545600026846, 0.0077896201983094215, 0.00764775276184082, 0.00751090794801712, 0.007378385402262211, 0.007248901762068272, 0.00711899995803833, 0.006994967814534903, 0.006871719378978014, 0.006752680521458387, 0.0066353208385407925, 0.006520337890833616, 0.006408429704606533, 0.006298667285591364, 0.006191684398800135, 0.006087044719606638, 0.005985368508845568, 0.005886005703359842, 0.00579101825132966, 0.005703439470380545, 0.00563200144097209, 0.005579130724072456, 0.005458946339786053, 0.00532967783510685, 0.005272992886602879, 0.005180309060961008, 0.005080855917185545, 0.005020767450332642, 0.0049227443523705006, 0.004850493744015694, 0.004779524635523558, 0.004692265763878822, 0.00463146110996604, 0.004551260732114315, 0.004482388496398926, 0.0044181556440889835, 0.004341651685535908, 0.004283464048057795, 0.004244702402502298, 0.004215512424707413, 0.00418249424546957, 0.004149216692894697, 0.004122428596019745]","[0.09573105722665787, 0.09566105902194977, 0.09555292874574661, 0.09538635611534119, 0.09513252228498459, 0.09477626532316208, 0.09431854635477066, 0.09375153481960297, 0.09307017922401428, 0.0922693982720375, 0.09133543074131012, 0.09025682508945465, 0.08902928978204727, 0.08765208721160889, 0.08612407743930817, 0.08445405960083008, 0.08265166729688644, 0.08071213215589523, 0.07864655554294586, 0.0764838457107544, 0.0742533951997757, 0.07198630273342133, 0.06972938030958176, 0.06751774251461029, 0.06537650525569916, 0.06330054253339767, 0.06124813109636307, 0.05910801142454147, 0.05681886896491051, 0.0544985868036747, 0.05228501930832863, 0.050254832953214645, 0.0484653040766716, 0.046989668160676956, 0.04580767825245857, 0.04484713822603226, 0.044008951634168625, 0.043153371661901474, 0.042260751128196716, 0.04143529385328293, 0.040727898478507996, 0.040069643408060074, 0.039337050169706345, 0.038531068712472916, 0.037733837962150574, 0.03697022423148155, 0.03620779514312744, 0.03542023524641991, 0.03467031568288803, 0.03404929116368294, 0.03357977792620659, 0.03319675102829933, 0.032837800681591034, 0.03249906748533249, 0.03216622397303581, 0.031803932040929794, 0.03138717636466026, 0.030942460522055626, 0.03052666410803795, 0.03017481230199337, 0.02987254410982132, 0.029602719470858574, 0.02936483733355999, 0.029129961505532265, 0.02883080020546913, 0.028458820655941963, 0.028083980083465576, 0.02777041681110859, 0.027512406930327415, 0.027335137128829956, 0.027236666530370712, 0.027101019397377968, 0.026899410411715508, 0.02672521397471428, 0.02657514624297619, 0.02644406259059906, 0.02638992667198181, 0.026272224262356758, 0.02617190219461918, 0.02609851583838463, 0.026044713333249092, 0.026051713153719902, 0.02586192823946476, 0.025843720883131027, 0.025411954149603844, 0.025677310302853584, 0.02505350299179554, 0.02518768049776554, 0.024868130683898926, 0.024531641975045204, 0.024535732343792915, 0.02426210232079029, 0.024111857637763023, 0.02415451593697071, 0.02396531030535698, 0.023881105706095695, 0.023919900879263878, 0.02378014475107193, 0.023758994415402412, 0.02375039830803871, 0.02358369715511799, 0.023609930649399757, 0.02355305105447769, 0.02349971793591976, 0.023531684651970863, 0.02338184230029583, 0.023372502997517586, 0.02330600470304489, 0.023272940889000893, 0.02328251302242279, 0.02317565120756626, 0.02318389154970646, 0.023073559626936913, 0.02310631051659584, 0.023015910759568214, 0.023016074672341347, 0.02295408584177494, 0.02297009713947773, 0.02294870652258396, 0.022953573614358902, 0.022931665182113647, 0.022958500310778618, 0.02294750325381756, 0.02300414815545082, 0.02289271168410778, 0.02301213890314102, 0.022687746211886406, 0.022539222612977028, 0.022153284400701523, 0.021911943331360817, 0.021773841232061386, 0.02169482782483101, 0.02165077067911625, 0.02148629166185856, 0.021421143785119057, 0.02144935168325901, 0.021413544192910194, 0.021426832303404808, 0.021470312029123306, 0.021434953436255455, 0.021416669711470604, 0.02149958163499832, 0.021580291911959648, 0.021583694964647293, 0.021589841693639755, 0.021603399887681007, 0.02163289301097393, 0.021678324788808823, 0.021699953824281693]",0.11522617930033847,0.6257480577085198,0.8999315449838583,0.9644356194943866,0.2518043581859186,0.2514571190674438,0.25145711906744356,0.14724026490565986,0.7578806333622276,18.93189640203491,cuda
TAO,257_TAO_id_1_Environment_tr_500_1st_3,RWT,resnet18_autoencoder_frozen,128,10,10,64,100,0.001,"[0.1254550814628601, 0.10506052523851395, 0.09473992884159088, 0.0861063227057457, 0.07736925035715103, 0.0697801485657692, 0.06369408220052719, 0.05856195464730263, 0.05422193929553032, 0.05058448761701584, 0.04731110483407974, 0.044279683381319046, 0.04154454916715622, 0.03909213840961456, 0.03680853173136711, 0.03465475142002106, 0.032625094056129456, 0.03071628324687481, 0.02893458865582943, 0.027264980599284172, 0.025662021711468697, 0.024120919406414032, 0.022678669542074203, 0.021353045478463173, 0.02015085518360138, 0.01904871314764023, 0.018518636003136635, 0.01799115538597107, 0.017471782863140106, 0.01696869730949402, 0.01648252084851265, 0.016019321978092194, 0.015574265271425247, 0.015146858058869839, 0.014735308475792408, 0.014340137131512165, 0.013955260626971722, 0.013590496964752674, 0.013238034211099148, 0.01289956085383892, 0.01257539726793766, 0.012259517796337605, 0.011952084489166737, 0.011658289469778538, 0.011372249573469162, 0.011096971109509468, 0.010828736238181591, 0.010573459789156914, 0.010324141941964626, 0.010202149860560894, 0.01008307933807373, 0.009965500794351101]","[0.09677773714065552, 0.09662898629903793, 0.09641734510660172, 0.09606650471687317, 0.09546804428100586, 0.09451423585414886, 0.0930590033531189, 0.09097877889871597, 0.08827490359544754, 0.08528847247362137, 0.08200017362833023, 0.07875344902276993, 0.07615619152784348, 0.07436028867959976, 0.0730801671743393, 0.07207006961107254, 0.07106903940439224, 0.0702580139040947, 0.07017077505588531, 0.07061257213354111, 0.07133794575929642, 0.07190702110528946, 0.07218616455793381, 0.07196138799190521, 0.07179667800664902, 0.07010960578918457, 0.0685301199555397, 0.06707795709371567, 0.0650501549243927, 0.0638561099767685, 0.0628044605255127, 0.061323802918195724, 0.05985491722822189, 0.058920733630657196, 0.05879592150449753, 0.0580722875893116, 0.05728044733405113, 0.05701678246259689, 0.056759823113679886, 0.05657513439655304, 0.05609683319926262, 0.05588546767830849, 0.05654054880142212, 0.057563114911317825, 0.05894141644239426, 0.06031055003404617, 0.061302099376916885, 0.061723724007606506, 0.06173069030046463, 0.06203847378492355, 0.06212364882230759, 0.06207026541233063]",0.12916753646226597,0.6570022157252275,0.9081534413355447,0.967714288107252,0.2476353754180379,0.24763757643135076,0.2476103973220125,0.15273509100769259,0.7536236398958054,11.277314994949847,cuda
TAO,257_TAO_id_1_Environment_tr_500_1st_3,RWT,resnet18_autoencoder_progressive_unfreeze,128,10,10,64,150,0.001,"[0.13224320113658905, 0.11174474656581879, 0.10305257886648178, 0.0973026305437088, 0.09189478307962418, 0.08669199794530869, 0.08158155530691147, 0.0767393559217453, 0.07239741086959839, 0.06866753101348877, 0.0654047355055809, 0.062436144798994064, 0.059557657688856125, 0.056599754840135574, 0.05363580211997032, 0.050818104296922684, 0.048150110989809036, 0.045567192137241364, 0.04300805553793907, 0.04047456756234169, 0.03798380866646767, 0.04840363934636116, 0.03634929656982422, 0.031516700983047485, 0.029067354276776314, 0.026798022910952568, 0.024826519191265106, 0.023099252954125404, 0.02154163084924221, 0.020177006721496582, 0.018889563158154488, 0.017709508538246155, 0.016607390716671944, 0.015606951899826527, 0.014709485694766045, 0.01391515787690878, 0.013183903880417347, 0.012462685815989971, 0.011773461475968361, 0.011166607961058617, 0.010625481605529785, 0.01009899377822876, 0.009595803916454315, 0.00913721602410078, 0.008721258491277695, 0.008326907642185688, 0.007957304827868938, 0.007613891735672951, 0.007290160749107599, 0.00698449369519949, 0.006698239129036665, 0.006429390050470829, 0.006170648615807295, 0.005928141064941883, 0.005703549832105637, 0.005488245747983456, 0.005282001104205847, 0.005086046177893877, 0.004901391454041004, 0.004728195257484913, 0.004560459405183792, 0.004398532211780548, 0.0042450460605323315, 0.0040993099100887775, 0.003958674147725105, 0.003823318751528859, 0.003694243263453245, 0.0035701754968613386, 0.003451394382864237, 0.003335912013426423, 0.003224662272259593, 0.0031190786976367235, 0.0030174299608916044, 0.0029182296711951494, 0.0028232962358742952, 0.0027323684189468622, 0.0026449931319803, 0.0025610870216041803, 0.002479769056662917, 0.002401108853518963, 0.002325452631339431, 0.0022524043451994658, 0.002182353986427188, 0.002114509465172887, 0.0020492873154580593, 0.0019857925362885, 0.0019249027827754617, 0.001865787897258997, 0.001808786764740944, 0.0017538197571411729, 0.0017004054971039295, 0.0016494053415954113, 0.0015993720153346658, 0.0015512873651459813, 0.0015281066298484802]","[0.09832222014665604, 0.09820110350847244, 0.097965769469738, 0.09763510525226593, 0.09713383764028549, 0.09634832292795181, 0.09517113119363785, 0.09368383884429932, 0.0918872132897377, 0.09000658988952637, 0.08816098421812057, 0.086422398686409, 0.08465398848056793, 0.08291900157928467, 0.08142935484647751, 0.08073776215314865, 0.08091694861650467, 0.08176577091217041, 0.08257780969142914, 0.08284832537174225, 0.07138942182064056, 0.06021397188305855, 0.05751520395278931, 0.05493948981165886, 0.0530722476541996, 0.05180317535996437, 0.050303682684898376, 0.048798076808452606, 0.047566499561071396, 0.04685207083821297, 0.04664996638894081, 0.04643644019961357, 0.04601918160915375, 0.0455339178442955, 0.04499546438455582, 0.04453372210264206, 0.044143736362457275, 0.04345853999257088, 0.04258031025528908, 0.04221614822745323, 0.04180360957980156, 0.04160170629620552, 0.042083412408828735, 0.042481038719415665, 0.04213017225265503, 0.04137906804680824, 0.04078419506549835, 0.04037679731845856, 0.040063925087451935, 0.039959996938705444, 0.040073148906230927, 0.040052250027656555, 0.039662256836891174, 0.03907616809010506, 0.038701023906469345, 0.03843362629413605, 0.038177490234375, 0.03792186453938484, 0.03771166130900383, 0.03726876899600029, 0.036859966814517975, 0.036462459713220596, 0.036013681441545486, 0.035522300750017166, 0.03496674820780754, 0.03434225544333458, 0.03380446508526802, 0.03341008722782135, 0.033194877207279205, 0.033072225749492645, 0.03299255669116974, 0.03300649672746658, 0.03294011205434799, 0.0328126922249794, 0.032730843871831894, 0.03272397443652153, 0.03270339593291283, 0.03274618461728096, 0.0326973982155323, 0.03261540085077286, 0.03243871405720711, 0.032267648726701736, 0.032047465443611145, 0.03188560530543327, 0.03176502138376236, 0.031720180064439774, 0.031715624034404755, 0.03174784407019615, 0.03183820843696594, 0.03197607770562172, 0.03210568428039551, 0.032274726778268814, 0.032511450350284576, 0.032824236899614334, 0.033190127462148666]",0.11721969034409484,0.6308185905151754,0.9016381471978658,0.9647733435474045,0.24937849429228778,0.24924096052994757,0.24922782077999384,0.15132062722329087,0.7555718118304139,22.37092832592316,cuda
TAO,257_TAO_id_1_Environment_tr_500_1st_3,RWT,resnet18_autoencoder_differential_lr,128,10,10,64,100,0.001,"[0.12179668992757797, 0.10760138183832169, 0.10068276524543762, 0.0943753644824028, 0.08555028587579727, 0.07862389087677002, 0.0721702128648758, 0.06648039817810059, 0.06156877055764198, 0.05679529905319214, 0.0522894524037838, 0.04822126775979996, 0.044509269297122955, 0.04102305695414543, 0.037801191210746765, 0.034847237169742584, 0.032088182866573334, 0.029511816799640656, 0.027149666100740433, 0.025026880204677582, 0.023136356845498085, 0.02141796424984932, 0.01985125243663788, 0.018430812284350395, 0.017154917120933533, 0.016014352440834045, 0.014965910464525223, 0.014021654613316059, 0.01313424576073885, 0.012708672322332859, 0.012296770699322224, 0.011897407472133636, 0.011515935882925987, 0.011158465407788754, 0.01081325113773346, 0.010483347810804844, 0.010165904648602009, 0.009864045307040215, 0.009579315781593323, 0.009305675514042377, 0.009043886326253414, 0.008792338892817497, 0.008550583384931087, 0.008317670784890652, 0.008095023222267628, 0.007882055826485157, 0.00767400860786438, 0.007475932594388723, 0.0072836363688111305, 0.007100074551999569, 0.006921600084751844, 0.006751658394932747, 0.006587994750589132, 0.006429838947951794, 0.006276535801589489, 0.006131211761385202, 0.0059884279035031796, 0.005850197747349739, 0.0057173557579517365, 0.005588343366980553, 0.0054652756080031395, 0.005343686789274216, 0.005227519199252129, 0.005114078521728516, 0.005003957077860832, 0.004896643105894327, 0.0047936271876096725, 0.004691576585173607, 0.00459466315805912, 0.004500976298004389, 0.004408005625009537, 0.004318727180361748, 0.0042325775139033794, 0.004146988037973642, 0.004065187182277441, 0.003983775153756142, 0.0039060653652995825, 0.003830562811344862, 0.003755874466150999, 0.0036838874220848083, 0.0036143006291240454, 0.003546027233824134, 0.0034804567694664, 0.003415659535676241, 0.0033530471846461296, 0.0032914404291659594, 0.0032315596472471952, 0.003172946395352483, 0.0031164672691375017, 0.0030608782544732094, 0.003006584709510207, 0.002953593386337161, 0.0029026195406913757, 0.0028515446465462446, 0.0028022523038089275, 0.002754346700385213, 0.0027076839469373226, 0.0026614670641720295, 0.0026165014132857323, 0.0025727965403348207]","[0.0952550396323204, 0.09517733007669449, 0.09505487233400345, 0.09485666453838348, 0.09445849806070328, 0.09370825439691544, 0.09256671369075775, 0.09099072962999344, 0.08895807713270187, 0.08624272793531418, 0.08280886709690094, 0.07908972352743149, 0.07518184930086136, 0.0711410865187645, 0.06754859536886215, 0.0642310082912445, 0.06146559491753578, 0.05941102281212807, 0.05788068100810051, 0.0566922165453434, 0.05611556023359299, 0.05577750876545906, 0.05618094652891159, 0.056621141731739044, 0.05683289095759392, 0.05728339031338692, 0.05757267773151398, 0.05803503096103668, 0.05711695924401283, 0.0555511899292469, 0.05380037799477577, 0.051852062344551086, 0.05033391714096069, 0.04921571910381317, 0.0480208545923233, 0.046766247600317, 0.04576196148991585, 0.04484744369983673, 0.04403313621878624, 0.04325961321592331, 0.042497504502534866, 0.04156341031193733, 0.04064531996846199, 0.03961432725191116, 0.03859670087695122, 0.03785853460431099, 0.03723858296871185, 0.03687639907002449, 0.03662360459566116, 0.0362870953977108, 0.03584990277886391, 0.03544746711850166, 0.035193219780921936, 0.034897591918706894, 0.03466087579727173, 0.03448973968625069, 0.034203991293907166, 0.03415554389357567, 0.03414221480488777, 0.033990297466516495, 0.03374588117003441, 0.03352416306734085, 0.03332978114485741, 0.03316862881183624, 0.03294544667005539, 0.03285009413957596, 0.03289957717061043, 0.03290968015789986, 0.03288828581571579, 0.03280683234333992, 0.032636094838380814, 0.03240019828081131, 0.03203995153307915, 0.031778354197740555, 0.03155471011996269, 0.031307268887758255, 0.031026538461446762, 0.03063356876373291, 0.03029252029955387, 0.029975686222314835, 0.02963143028318882, 0.029320303350687027, 0.028987444937229156, 0.02872638590633869, 0.028429171070456505, 0.028063850477337837, 0.027701107785105705, 0.02724550850689411, 0.026843847706913948, 0.02651066891849041, 0.026220327243208885, 0.026101762428879738, 0.02600742317736149, 0.025962548330426216, 0.025925474241375923, 0.025847846642136574, 0.02576829306781292, 0.025770356878638268, 0.02576199546456337, 0.02576480619609356]",0.11596405821310768,0.6277850042716799,0.8990128093297297,0.9642012373589677,0.24902503634066364,0.2490272373540856,0.24902227503411134,0.14675630989081914,0.7542794595359898,25.57205816800706,cuda
TAO,257_TAO_id_1_Environment_tr_500_1st_3,RWT,pvt_autoencoder_frozen,128,10,10,64,100,0.001,"[0.1314268708229065, 0.11710711568593979, 0.1066388338804245, 0.09883041679859161, 0.09208247810602188, 0.08613787591457367, 0.08091377466917038, 0.07632309943437576, 0.07214921712875366, 0.06821445375680923, 0.06449813395738602, 0.06099593639373779, 0.057736027985811234, 0.054630156606435776, 0.05163631960749626, 0.04884205758571625, 0.04620717093348503, 0.04363564774394035, 0.041213564574718475, 0.03894844278693199, 0.036825086921453476, 0.034817006438970566, 0.03292036056518555, 0.031115220859646797, 0.02940138801932335, 0.027796493843197823, 0.02626173384487629, 0.024806931614875793, 0.02342865988612175, 0.022126909345388412, 0.020898235961794853, 0.01975978910923004, 0.018685871735215187, 0.017666205763816833, 0.01670267805457115, 0.015787936747074127, 0.014917492866516113, 0.014092568308115005, 0.013313665986061096, 0.01257278397679329, 0.011875391937792301, 0.011221625842154026, 0.010608208365738392, 0.010038998909294605, 0.009498815052211285, 0.008986287750303745, 0.008507642894983292, 0.008056318387389183, 0.007630320265889168, 0.0072319689206779, 0.006857984699308872, 0.006507914047688246, 0.006179361138492823, 0.005871085915714502, 0.005579181481152773, 0.005306161940097809, 0.005048247519880533, 0.004805620294064283]","[0.10238388925790787, 0.10208283364772797, 0.10152404755353928, 0.10071524977684021, 0.09951058030128479, 0.09779960662126541, 0.09559307992458344, 0.09292194247245789, 0.08980940282344818, 0.08635696023702621, 0.08275000005960464, 0.07917594164609909, 0.07579465210437775, 0.07261449098587036, 0.06953343749046326, 0.06628673523664474, 0.06279344856739044, 0.059388671070337296, 0.0563851073384285, 0.0535866878926754, 0.05100088194012642, 0.048874787986278534, 0.047106027603149414, 0.045501649379730225, 0.04401689022779465, 0.04258880019187927, 0.041018445044755936, 0.03918759897351265, 0.03721439093351364, 0.03511005640029907, 0.03295467793941498, 0.03094889037311077, 0.029258012771606445, 0.02796652354300022, 0.026937441900372505, 0.026060165837407112, 0.025257626548409462, 0.02442440763115883, 0.023521052673459053, 0.02266540192067623, 0.021915823221206665, 0.02123839594423771, 0.020659126341342926, 0.020242730155587196, 0.019969521090388298, 0.0197956133633852, 0.019706960767507553, 0.019666513428092003, 0.01962384767830372, 0.01958959735929966, 0.019588815048336983, 0.019578630104660988, 0.019570883363485336, 0.019629478454589844, 0.019730988889932632, 0.019881078973412514, 0.020052222535014153, 0.020169109106063843]",0.11712290790595581,0.6287495357148911,0.9027381888484092,0.9652006603619255,0.24923877253165228,0.24821330401319405,0.2482002723912054,0.15017313071770946,0.7549511530935128,15.794395297998562,cuda
TAO,257_TAO_id_1_Environment_tr_500_1st_3,RWT,pvt_autoencoder_progressive_unfreeze,128,10,10,64,150,0.001,"[0.12916299700737, 0.1157575473189354, 0.10526903718709946, 0.097666896879673, 0.09092650562524796, 0.08436926454305649, 0.07822374254465103, 0.07276969403028488, 0.06779245287179947, 0.06324471533298492, 0.059164803475141525, 0.05547754466533661, 0.05208241567015648, 0.04890939220786095, 0.045937929302453995, 0.043149445205926895, 0.040510110557079315, 0.03803769871592522, 0.03570719435811043, 0.03349001705646515, 0.03142891451716423, 0.044327396899461746, 0.029928280040621758, 0.028861889615654945, 0.02687249332666397, 0.02471361681818962, 0.022936662659049034, 0.0214058980345726, 0.019856233149766922, 0.018391365185379982, 0.01712123490869999, 0.015595325268805027, 0.01463337056338787, 0.013489685021340847, 0.012576364912092686, 0.011874532327055931, 0.010920319706201553, 0.010329155251383781, 0.00936746783554554, 0.008835635147988796, 0.008117291145026684, 0.007730561774224043, 0.007120848633348942, 0.006777301896363497, 0.006267494522035122, 0.005978225730359554, 0.005542109254747629, 0.005270248744636774, 0.005075453314930201, 0.004915094468742609, 0.0048142848536372185, 0.004647113382816315, 0.004504621494561434, 0.004407423548400402, 0.004267774056643248, 0.004143845289945602, 0.00405372167006135, 0.003929268568754196, 0.0038172255735844374, 0.0037326423916965723, 0.0036259570624679327, 0.0035301707684993744, 0.0034510467667132616, 0.0033539256546646357, 0.003269040957093239, 0.0031967454124242067, 0.003109987825155258, 0.0030372925102710724, 0.002966639818623662, 0.002890339121222496, 0.0028270939365029335, 0.002758834743872285, 0.0026918472722172737, 0.002634880831465125, 0.0025712151546031237, 0.002513357438147068, 0.0024582315236330032, 0.002400701865553856, 0.0023489270824939013, 0.002297323429957032, 0.002245896263048053, 0.0021990230306982994, 0.002150373300537467, 0.0021056022960692644, 0.0020608631893992424, 0.0020166274625808, 0.001975571969524026, 0.0019336105324327946, 0.0018943154718726873, 0.001855571405030787, 0.001816917210817337, 0.0017809561686590314, 0.0017444557743147016, 0.0017103091813623905, 0.0016758334822952747, 0.0016432123957201838, 0.0016108255367726088, 0.0015791499754413962, 0.0015492478851228952, 0.0015192049322649837, 0.0014901786344125867, 0.0014614664250984788, 0.0014343505026772618, 0.0014071293408051133, 0.0013812059769406915, 0.0013552033342421055, 0.0013300229329615831, 0.0013056526659056544]","[0.09721454232931137, 0.09699492156505585, 0.09662102162837982, 0.09601245075464249, 0.0950990691781044, 0.09383473545312881, 0.09219611436128616, 0.09017065912485123, 0.08772791922092438, 0.08486694097518921, 0.08159356564283371, 0.07797276973724365, 0.07409587502479553, 0.07012374699115753, 0.06625203043222427, 0.06264425814151764, 0.05923532322049141, 0.05569365248084068, 0.05186629295349121, 0.048059429973363876, 0.0665384903550148, 0.05299349129199982, 0.045733679085969925, 0.043113138526678085, 0.04377163201570511, 0.044221777468919754, 0.04271065071225166, 0.038450997322797775, 0.03267129510641098, 0.028942711651325226, 0.027912398800253868, 0.02742943726480007, 0.026313751935958862, 0.024891210719943047, 0.024600492790341377, 0.02381076291203499, 0.022837944328784943, 0.023252686485648155, 0.02388983778655529, 0.02265462838113308, 0.021355479955673218, 0.021590478718280792, 0.022500276565551758, 0.022240960970520973, 0.02210489846765995, 0.022624393925070763, 0.022783059626817703, 0.021676212549209595, 0.020411202684044838, 0.01972399465739727, 0.019679076969623566, 0.020124580711126328, 0.020550213754177094, 0.02040570043027401, 0.01996317133307457, 0.019669467583298683, 0.01963071897625923, 0.019790131598711014, 0.019823530688881874, 0.01947079971432686, 0.01902034878730774, 0.01882913149893284, 0.018916470929980278, 0.01914803311228752, 0.01923324167728424, 0.019022682681679726, 0.018789589405059814, 0.01872679963707924, 0.018824467435479164, 0.01893218792974949, 0.01882198452949524, 0.0185641348361969, 0.0184002835303545, 0.01840897463262081, 0.018529757857322693, 0.0185812059789896, 0.018483966588974, 0.01838192157447338, 0.01839177869260311, 0.018482618033885956, 0.01850440725684166, 0.01838330365717411, 0.01823757030069828, 0.018204301595687866, 0.01827741414308548, 0.018319176509976387, 0.018250010907649994, 0.01816011220216751, 0.018147120252251625, 0.01819300651550293, 0.01818869635462761, 0.01810074970126152, 0.018020760267972946, 0.01802833564579487, 0.018075738102197647, 0.01806788332760334, 0.018008626997470856, 0.017970727756619453, 0.017987238243222237, 0.01799471117556095, 0.017951320856809616, 0.01790606416761875, 0.017913756892085075, 0.017940733581781387, 0.01793409325182438, 0.01789310947060585, 0.017876645550131798, 0.0178940799087286]",0.11495151698937212,0.6253370722733299,0.8988922623411956,0.96431516873771,0.25006681558982774,0.25006900358818657,0.25006900358818634,0.14537043179929868,0.756849264345176,24.615329371066764,cuda
TAO,257_TAO_id_1_Environment_tr_500_1st_3,RWT,pvt_autoencoder_differential_lr,128,10,10,64,100,0.001,"[0.1287669539451599, 0.11290858685970306, 0.09718139469623566, 0.08469544351100922, 0.07506308704614639, 0.06705208867788315, 0.060389187186956406, 0.054870035499334335, 0.05019446089863777, 0.04612230509519577, 0.042560651898384094, 0.03939981758594513, 0.03656686842441559, 0.03394931182265282, 0.0315779447555542, 0.03033529408276081, 0.028669940307736397, 0.025969067588448524, 0.024830546230077744, 0.023250708356499672, 0.021613523364067078, 0.020516594871878624, 0.01920131780207157, 0.018079767003655434, 0.017094150185585022, 0.016264241188764572, 0.015380925498902798, 0.014530655927956104, 0.013955307193100452, 0.013234796933829784, 0.012505436316132545, 0.011986739002168179, 0.01144332718104124, 0.010884510353207588, 0.010368524119257927, 0.009959668852388859, 0.009542779065668583, 0.009087846614420414, 0.008717302232980728, 0.008375411853194237, 0.00804021768271923, 0.0076969340443611145, 0.00740547152236104, 0.00712980842217803, 0.006848982535302639, 0.006593494676053524, 0.006351325660943985, 0.006122760474681854, 0.005900295916944742, 0.005697112996131182, 0.005501743406057358, 0.005308980587869883, 0.005129896104335785, 0.004966476000845432, 0.00480314576998353, 0.004648704081773758, 0.0045000286772847176, 0.004365656524896622, 0.004228265956044197, 0.00409997021779418, 0.00397614436224103, 0.003861184697598219, 0.00374774681404233, 0.003637437243014574, 0.0035333973355591297, 0.003434966318309307, 0.003338542999699712, 0.00324510270729661, 0.003157304832711816, 0.003073014784604311, 0.0029893354512751102, 0.0029109972529113293, 0.0028353449888527393, 0.0027619930915534496, 0.002690818626433611, 0.0026227168273180723, 0.002557341242209077, 0.0024944248143583536, 0.0024327014107257128, 0.002373285125941038, 0.0023163864389061928, 0.0022611869499087334, 0.0022073506843298674, 0.002155805006623268, 0.002105732448399067, 0.0020571057684719563, 0.0020104905124753714, 0.001964729744940996, 0.0019204049604013562, 0.0018773654010146856, 0.0018361823167651892, 0.001795531832613051, 0.001755397766828537, 0.0017176831606775522, 0.0016799691366031766, 0.0016436658333986998, 0.0016083501977846026, 0.0015737464418634772, 0.0015399536350741982, 0.0015066915657371283]","[0.099545918405056, 0.09921040385961533, 0.09853197634220123, 0.09733865410089493, 0.09560944139957428, 0.09344295412302017, 0.09083831310272217, 0.08790627866983414, 0.0845404714345932, 0.08067736774682999, 0.07638070732355118, 0.0725797712802887, 0.06833513081073761, 0.06424297392368317, 0.06147380545735359, 0.056236106902360916, 0.05253874137997627, 0.04883993789553642, 0.04593098908662796, 0.04471225664019585, 0.04357914254069328, 0.0400475338101387, 0.03592035919427872, 0.03285585716366768, 0.031753718852996826, 0.03155664727091789, 0.03131219372153282, 0.03115066885948181, 0.030520498752593994, 0.029394805431365967, 0.02814527042210102, 0.027080373838543892, 0.02672756463289261, 0.02692713774740696, 0.026916170492768288, 0.026307467371225357, 0.025288058444857597, 0.02434013970196247, 0.023805290460586548, 0.023600829765200615, 0.023454196751117706, 0.023397978395223618, 0.023269349709153175, 0.022740162909030914, 0.021822435781359673, 0.020922310650348663, 0.02049025148153305, 0.020393259823322296, 0.020195135846734047, 0.019826093688607216, 0.01956050656735897, 0.019464462995529175, 0.019302845001220703, 0.019033530727028847, 0.018921127542853355, 0.01902301423251629, 0.01906561851501465, 0.018800200894474983, 0.018445294350385666, 0.0182664692401886, 0.01824357360601425, 0.01820589043200016, 0.018131136894226074, 0.018118733540177345, 0.018137983977794647, 0.01807364448904991, 0.017912842333316803, 0.017761273309588432, 0.017677614465355873, 0.01762506738305092, 0.01755802519619465, 0.017464471980929375, 0.017385046929121017, 0.017363525927066803, 0.01737707480788231, 0.017359431833028793, 0.017309414222836494, 0.0172832403331995, 0.01725790463387966, 0.017161397263407707, 0.01704769767820835, 0.017014717683196068, 0.01702992431819439, 0.01700470969080925, 0.016959233209490776, 0.016940142959356308, 0.016916243359446526, 0.016868742182850838, 0.016827022656798363, 0.016808338463306427, 0.016788184642791748, 0.01674020290374756, 0.0166789460927248, 0.016651233658194542, 0.01665864698588848, 0.016629811376333237, 0.016596032306551933, 0.016587354242801666, 0.016554780304431915, 0.016516322270035744]",0.11469261161011883,0.624033477846087,0.8990605809397693,0.9644821200612129,0.25055520733906944,0.25055741360089184,0.25056581473130063,0.14526334024284085,0.7555363702043355,26.444790368899703,cuda
TAO,257_TAO_id_1_Environment_tr_500_1st_3,MWT,cnn_autoencoder,128,10,10,64,150,0.001,"[0.11050096899271011, 0.10662751644849777, 0.10090960562229156, 0.09598035365343094, 0.09175223112106323, 0.08812525868415833, 0.08492688089609146, 0.08206705749034882, 0.07941916584968567, 0.07689639180898666, 0.07450275868177414, 0.07222776859998703, 0.07005708664655685, 0.06799455732107162, 0.06599623709917068, 0.06406018882989883, 0.06216762587428093, 0.060310736298561096, 0.05849448963999748, 0.05673300474882126, 0.0550304539501667, 0.05339081585407257, 0.05180340260267258, 0.05026354640722275, 0.048773378133773804, 0.047325458377599716, 0.045916926115751266, 0.04454035684466362, 0.04320212081074715, 0.041903361678123474, 0.0406501479446888, 0.039438605308532715, 0.03827190026640892, 0.037143539637327194, 0.03604388236999512, 0.03497578203678131, 0.033943358808755875, 0.032944947481155396, 0.03198539838194847, 0.031053675338625908, 0.030145062133669853, 0.029260916635394096, 0.02840612642467022, 0.027581682428717613, 0.02677854336798191, 0.02599560283124447, 0.025235718116164207, 0.024496713653206825, 0.02378186397254467, 0.023087168112397194, 0.02241426333785057, 0.021755633875727654, 0.02112046256661415, 0.02049853652715683, 0.019893987104296684, 0.019304530695080757, 0.01873285509645939, 0.018177056685090065, 0.01763632334768772, 0.017114775255322456, 0.016608336940407753, 0.016117693856358528, 0.01564127206802368, 0.015180710703134537, 0.014733110554516315, 0.014300616458058357, 0.013881376013159752, 0.013475616462528706, 0.013083023950457573, 0.012706944718956947, 0.0123426653444767, 0.011992414481937885, 0.011652807705104351, 0.011327708140015602, 0.01101234182715416, 0.010710446164011955, 0.010417583398520947, 0.010137000121176243, 0.009866287000477314, 0.009604565799236298, 0.009354202076792717, 0.009111042134463787, 0.008875615894794464, 0.008649115450680256, 0.008430695161223412, 0.008218337781727314, 0.008016001433134079, 0.00781926978379488, 0.007628472521901131, 0.0074484082870185375, 0.007278664968907833, 0.007127309683710337, 0.006985952612012625, 0.006784562021493912, 0.006612740457057953, 0.006486466154456139, 0.006328996270895004, 0.006173691246658564, 0.006049239542335272, 0.005912890192121267, 0.005774358287453651, 0.005655775312334299, 0.005534376949071884, 0.005410186480730772, 0.005299706943333149, 0.0051903557032346725, 0.00507730757817626, 0.004972970578819513, 0.0048741246573626995, 0.004772835876792669, 0.004675077740103006, 0.0045848810113966465, 0.0044932495802640915, 0.004402410238981247, 0.004317786544561386, 0.004236799199134111, 0.004158268216997385, 0.004085991065949202, 0.004031384363770485, 0.003985856659710407, 0.00390799343585968, 0.0037901338655501604, 0.0037151144351810217, 0.0036745944526046515, 0.0035926506388932467, 0.003514095675200224, 0.0034666317515075207, 0.003396018873900175, 0.0033316235058009624, 0.0032815143931657076, 0.003214707598090172, 0.003161931410431862, 0.003111822297796607, 0.0030475605744868517, 0.0030022109858691692, 0.0029556730296462774, 0.002895601559430361, 0.0028517034370452166, 0.0028089131228625774, 0.002754384418949485, 0.002712059300392866, 0.002672026166692376, 0.0026240283623337746, 0.0025829721707850695, 0.0025438980665057898, 0.002499848371371627, 0.0024625484365969896, 0.0024263279046863317, 0.0023864146787673235, 0.00234804954379797]","[0.10436824709177017, 0.10422878712415695, 0.10408459603786469, 0.10389722138643265, 0.10362270474433899, 0.10318648815155029, 0.10255637764930725, 0.10174789279699326, 0.10079871863126755, 0.09974506497383118, 0.09860289096832275, 0.0973673164844513, 0.09601620584726334, 0.0945386067032814, 0.09294760227203369, 0.09124497324228287, 0.08947332948446274, 0.08768533915281296, 0.08591014891862869, 0.08414775878190994, 0.08237939327955246, 0.08055640757083893, 0.0786193460226059, 0.07651080936193466, 0.07418738305568695, 0.07162228971719742, 0.06889117509126663, 0.06609935313463211, 0.06338568776845932, 0.06087811291217804, 0.05863398313522339, 0.056678492575883865, 0.054998982697725296, 0.05356418713927269, 0.05231155455112457, 0.05117984116077423, 0.050125375390052795, 0.049144208431243896, 0.048214901238679886, 0.047283511608839035, 0.0462966226041317, 0.045218102633953094, 0.04408816620707512, 0.04297502711415291, 0.041989341378211975, 0.04115668684244156, 0.040403056889772415, 0.03959965705871582, 0.03867940977215767, 0.03773948550224304, 0.03688943386077881, 0.036164216697216034, 0.035539500415325165, 0.034973807632923126, 0.0344650074839592, 0.034003276377916336, 0.03358186036348343, 0.03316710144281387, 0.03272357955574989, 0.03227386251091957, 0.03187529370188713, 0.03154872730374336, 0.031251657754182816, 0.030944867059588432, 0.03063393570482731, 0.030345983803272247, 0.030102768912911415, 0.029896577820181847, 0.029697710648179054, 0.02946842461824417, 0.029237283393740654, 0.029032081365585327, 0.028851116076111794, 0.02868456393480301, 0.02851712703704834, 0.0283266082406044, 0.028162190690636635, 0.02802562713623047, 0.0278879776597023, 0.0277277622371912, 0.02755310758948326, 0.027424020692706108, 0.027328914031386375, 0.0272279791533947, 0.027095090597867966, 0.026959041133522987, 0.026875892654061317, 0.026731042191386223, 0.026699641719460487, 0.026357728987932205, 0.026644596830010414, 0.025927729904651642, 0.0261695459485054, 0.025819137692451477, 0.02541830576956272, 0.025554358959197998, 0.025221146643161774, 0.024962838739156723, 0.025027988478541374, 0.02473948337137699, 0.024539465084671974, 0.024580594152212143, 0.024352923035621643, 0.024206247180700302, 0.02423577941954136, 0.024030208587646484, 0.02392490580677986, 0.023938026279211044, 0.02376238815486431, 0.023711148649454117, 0.023692438378930092, 0.023508824408054352, 0.023509755730628967, 0.023452619090676308, 0.023303134366869926, 0.023305611684918404, 0.02322322502732277, 0.023108629509806633, 0.023113194853067398, 0.022871311753988266, 0.02273666113615036, 0.022739436477422714, 0.022555137053132057, 0.022435011342167854, 0.022424837574362755, 0.022304555401206017, 0.022256122902035713, 0.022238023579120636, 0.022107604891061783, 0.022138630971312523, 0.02216259390115738, 0.021974902600049973, 0.021993324160575867, 0.022053875029087067, 0.021888492628932, 0.021886808797717094, 0.02190544269979, 0.021782539784908295, 0.02180691994726658, 0.021769940853118896, 0.02166621945798397, 0.02170601114630699, 0.021658258512616158, 0.021573981270194054, 0.021581023931503296, 0.021544324234128, 0.021497800946235657, 0.02147345244884491, 0.021440323442220688, 0.021391041576862335]",0.11781450542728202,0.6298039702220503,0.9285398993051813,0.9703366228972898,0.25027650053864514,0.24993042026161982,0.25005255837460244,0.13569975965982603,0.7569025825868452,18.463034285930917,cuda
TAO,257_TAO_id_1_Environment_tr_500_1st_3,MWT,resnet18_autoencoder_frozen,128,10,10,64,100,0.001,"[0.10956185311079025, 0.09632846713066101, 0.08780837059020996, 0.08040249347686768, 0.07410271465778351, 0.06865435093641281, 0.0639294907450676, 0.059800803661346436, 0.05611608549952507, 0.05272733047604561, 0.04956074059009552, 0.046580661088228226, 0.04378919675946236, 0.041190747171640396, 0.03877142444252968, 0.03649787977337837, 0.03437529876828194, 0.03241046518087387, 0.03058239258825779, 0.028883332386612892, 0.0273291002959013, 0.025911372154951096, 0.024591034278273582, 0.0233465489000082, 0.022183863446116447, 0.021111391484737396, 0.020115753635764122, 0.019172968342900276, 0.018276911228895187, 0.017427677288651466, 0.01662697084248066, 0.01587611250579357, 0.01517216581851244, 0.014502246864140034, 0.01386280544102192, 0.013255639001727104, 0.012679427862167358, 0.012134878896176815, 0.011615422554314137, 0.011117381975054741, 0.010640377178788185, 0.010188208892941475, 0.009754583239555359, 0.009340343065559864, 0.008943730965256691, 0.008566026575863361, 0.008207832463085651, 0.007865524850785732, 0.007538634818047285, 0.0072289397940039635, 0.007076917681843042, 0.006930748000741005, 0.006786741781979799]","[0.10258448123931885, 0.10217123478651047, 0.10172303766012192, 0.1011781170964241, 0.10048694908618927, 0.09955195337533951, 0.09824322164058685, 0.09649336338043213, 0.09433916211128235, 0.09173490852117538, 0.08859551697969437, 0.08497316390275955, 0.08113156259059906, 0.07716801762580872, 0.07323949784040451, 0.06952348351478577, 0.06581327319145203, 0.06212928518652916, 0.05861048027873039, 0.05542398616671562, 0.05268491059541702, 0.050349634140729904, 0.04833107441663742, 0.046590760350227356, 0.04497240111231804, 0.04361598938703537, 0.04244034364819527, 0.04142485558986664, 0.04081834852695465, 0.04031013324856758, 0.039781603962183, 0.039443448185920715, 0.039233602583408356, 0.039226070046424866, 0.03928489610552788, 0.03925664350390434, 0.039154890924692154, 0.038997069001197815, 0.03883100301027298, 0.03868463635444641, 0.03847304359078407, 0.03826653212308884, 0.03811166435480118, 0.03811563923954964, 0.03811319172382355, 0.03819716349244118, 0.03837881609797478, 0.038477376103401184, 0.038507718592882156, 0.03861140459775925, 0.038781482726335526, 0.038999468088150024, 0.03919317200779915]",0.12237204645713004,0.6461586218836387,0.9307413899667196,0.9715963803657697,0.2507004197801207,0.2511941556617027,0.2508801610083371,0.13744506737292528,0.7570933394157124,12.083643551217392,cuda
TAO,257_TAO_id_1_Environment_tr_500_1st_3,MWT,resnet18_autoencoder_progressive_unfreeze,128,10,10,64,150,0.001,"[0.10940676182508469, 0.09651492536067963, 0.08858617395162582, 0.0830613225698471, 0.0784044936299324, 0.07427394390106201, 0.07038544863462448, 0.06675206869840622, 0.06344550102949142, 0.06033271551132202, 0.057382456958293915, 0.054580360651016235, 0.05190544202923775, 0.049401041120290756, 0.04705311730504036, 0.044808149337768555, 0.04265549033880234, 0.040580131113529205, 0.03860735893249512, 0.03672359511256218, 0.03492789715528488, 0.04199341684579849, 0.03394319862127304, 0.030724504962563515, 0.027988318353891373, 0.026605891063809395, 0.024815313518047333, 0.023103361949324608, 0.022341616451740265, 0.021564841270446777, 0.02084225043654442]","[0.09560886770486832, 0.09539888054132462, 0.09519018232822418, 0.09494340419769287, 0.09460838884115219, 0.09404958039522171, 0.09309224784374237, 0.09171288460493088, 0.08997371792793274, 0.08786740899085999, 0.08526626974344254, 0.0820566862821579, 0.07851310819387436, 0.07494894415140152, 0.07153107225894928, 0.06825380027294159, 0.06485433876514435, 0.06180551275610924, 0.059457454830408096, 0.057412076741456985, 0.04952944442629814, 0.06573375314474106, 0.06951308250427246, 0.06653694063425064, 0.06549500674009323, 0.06564042717218399, 0.06484926491975784, 0.06158595532178879, 0.057803764939308167, 0.05424158647656441, 0.05108533054590225]",0.11507887655714279,0.6159588983740902,0.9238799924872511,0.9680013896342802,0.23035390053839452,0.2309929372663066,0.2302817917386927,0.13467192738984363,0.7357576614288021,6.631806388963014,cuda
TAO,257_TAO_id_1_Environment_tr_500_1st_3,MWT,resnet18_autoencoder_differential_lr,128,10,10,64,100,0.001,"[0.10821308940649033, 0.09544551372528076, 0.08901499211788177, 0.08396922796964645, 0.0797252431511879, 0.0755481868982315, 0.07133368402719498, 0.06735745817422867, 0.06364550441503525, 0.060202375054359436, 0.05692535638809204, 0.05378199368715286, 0.05078946799039841, 0.04797034338116646, 0.04536612704396248, 0.04295060783624649, 0.04066905751824379, 0.03845873847603798, 0.03631531447172165, 0.03428567200899124, 0.03239988535642624, 0.030636155977845192, 0.02898475155234337, 0.027447836473584175, 0.02600443921983242, 0.02463464066386223, 0.023343229666352272, 0.022117076441645622, 0.02095799893140793, 0.01986325904726982, 0.018824977800250053, 0.01784350909292698, 0.016915958374738693, 0.016032887622714043, 0.015200499445199966, 0.014411166310310364, 0.013662808574736118, 0.012951255775988102, 0.01227578241378069, 0.011638305149972439, 0.011038463562726974, 0.010745329782366753, 0.01045796275138855, 0.010177741758525372, 0.00990629754960537, 0.009640299715101719, 0.009382062591612339, 0.009131946600973606, 0.008889632299542427, 0.008654528297483921, 0.008426519110798836, 0.008205651305615902, 0.007991139777004719, 0.007784350775182247, 0.00758319441229105, 0.007388627622276545, 0.007200865540653467, 0.007016444578766823, 0.0068390872329473495, 0.0066649457439780235, 0.006499027367681265, 0.006336313206702471, 0.006180015858262777, 0.006028178613632917, 0.005880182143300772, 0.005737249739468098, 0.0055978489108383656, 0.0054620662704110146, 0.005332202650606632, 0.005204307846724987, 0.005081081762909889, 0.0049613406881690025, 0.004845225252211094, 0.004731824155896902, 0.004622383043169975, 0.004515715409070253, 0.00441207317635417, 0.0043112547136843204, 0.004212446976453066, 0.004117265343666077, 0.0040241386741399765, 0.003934578038752079, 0.0038474174216389656, 0.0037622072268277407, 0.0036797404754906893, 0.0035994681529700756, 0.0035215348470956087, 0.0034461109898984432, 0.003372762817889452, 0.0033012896310538054, 0.0032315575517714024, 0.003165129106491804, 0.0030985218472778797, 0.003034849651157856, 0.002973206341266632, 0.002912934171035886, 0.002854344667866826, 0.0027970613446086645, 0.0027410704642534256, 0.0027140614110976458]","[0.09462137520313263, 0.09436079859733582, 0.09414952248334885, 0.09386987239122391, 0.09342140704393387, 0.09274277836084366, 0.09178932011127472, 0.09048591554164886, 0.08878840506076813, 0.08672772347927094, 0.08434417843818665, 0.08167067915201187, 0.07872867584228516, 0.07552376389503479, 0.07209193706512451, 0.06849405169487, 0.06482997536659241, 0.06126866117119789, 0.05805264785885811, 0.05527276545763016, 0.05287318304181099, 0.05082247033715248, 0.04905973747372627, 0.04753240570425987, 0.04627922177314758, 0.04526650905609131, 0.04435789957642555, 0.04350815713405609, 0.0427088588476181, 0.0419723205268383, 0.041354838758707047, 0.0409126877784729, 0.04073859751224518, 0.0406251884996891, 0.04063009098172188, 0.04066755622625351, 0.04065437614917755, 0.04064426198601723, 0.040667805820703506, 0.040691278874874115, 0.040691666305065155, 0.0405920073390007, 0.040544506162405014, 0.04051898792386055, 0.04051756113767624, 0.04049326851963997, 0.0404006764292717, 0.04029369354248047, 0.04018762335181236, 0.04006342217326164, 0.03987611085176468, 0.03965947404503822, 0.03941788524389267, 0.039174702018499374, 0.03901693597435951, 0.03889242559671402, 0.038817185908555984, 0.03873799368739128, 0.038690004497766495, 0.03863086178898811, 0.03859097883105278, 0.0385357066988945, 0.03846193850040436, 0.038400836288928986, 0.03834543377161026, 0.03826553747057915, 0.03818834573030472, 0.03807294741272926, 0.0379614382982254, 0.037848565727472305, 0.03773175925016403, 0.03762315586209297, 0.03750460222363472, 0.03739350289106369, 0.037291765213012695, 0.037194687873125076, 0.037084128707647324, 0.03697948902845383, 0.03692086413502693, 0.036879584193229675, 0.036885373294353485, 0.0369105227291584, 0.03688128665089607, 0.03685365989804268, 0.03678599372506142, 0.036740291863679886, 0.036661840975284576, 0.03660712018609047, 0.03656277060508728, 0.036509837955236435, 0.03646830469369888, 0.036427538841962814, 0.03644215688109398, 0.036475855857133865, 0.03649316355586052, 0.03656399995088577, 0.03664606064558029, 0.036722976714372635, 0.036758676171302795, 0.036783043295145035]",0.11736257264869715,0.6282435098978136,0.9263990331796412,0.9697855244815029,0.2473864948355526,0.2473886750962067,0.24740118660366073,0.14142978808535472,0.7545177051608746,24.6932943679858,cuda
TAO,257_TAO_id_1_Environment_tr_500_1st_3,MWT,pvt_autoencoder_frozen,128,10,10,64,100,0.001,"[0.10900465399026871, 0.0973472148180008, 0.08888539671897888, 0.0824318677186966, 0.07709421962499619, 0.07249811291694641, 0.06842593848705292, 0.06469208747148514, 0.061206355690956116, 0.05793898552656174, 0.05483299493789673, 0.0518622063100338, 0.04904521629214287, 0.046357881277799606, 0.04376843199133873, 0.041270580142736435, 0.03887422755360603, 0.036630891263484955, 0.034548569470644, 0.032608676701784134, 0.030772486701607704, 0.0290190652012825, 0.027348067611455917, 0.025798901915550232, 0.024363620206713676, 0.023044615983963013, 0.02180429734289646, 0.020645946264266968, 0.019579719752073288, 0.01860041916370392, 0.017688822001218796, 0.0168418250977993, 0.016043642535805702, 0.015299485996365547, 0.014603201299905777, 0.013956859707832336, 0.013347696512937546, 0.012777292169630527, 0.012235946953296661, 0.011719146743416786, 0.011464589275419712, 0.011217174120247364]","[0.10357408970594406, 0.1032150462269783, 0.10263977199792862, 0.10172126442193985, 0.10031551867723465, 0.0982700064778328, 0.09549803286790848, 0.09199464321136475, 0.08791404217481613, 0.08345853537321091, 0.07885728031396866, 0.0743149071931839, 0.07005757838487625, 0.06624103337526321, 0.0628819465637207, 0.059959132224321365, 0.057345204055309296, 0.055010631680488586, 0.053071748465299606, 0.05151790753006935, 0.05024145543575287, 0.049016788601875305, 0.04780703783035278, 0.046803172677755356, 0.04613932967185974, 0.045657914131879807, 0.04511655867099762, 0.04451514407992363, 0.04413623735308647, 0.044043585658073425, 0.04403525963425636, 0.04387379437685013, 0.04383469745516777, 0.04407641664147377, 0.0444062240421772, 0.044547997415065765, 0.044741980731487274, 0.044971831142902374, 0.045030150562524796, 0.045606132596731186, 0.04613582044839859, 0.04666319116950035]",0.11916637576069042,0.6286570639919734,0.928051367872653,0.9693439829660975,0.24033893782134289,0.24034106048494538,0.24032473146642025,0.1497684220762024,0.747879029624049,10.701620917068794,cuda
TAO,257_TAO_id_1_Environment_tr_500_1st_3,MWT,pvt_autoencoder_progressive_unfreeze,128,10,10,64,150,0.001,"[0.10524282604455948, 0.09166629612445831, 0.08230645954608917, 0.07633400708436966, 0.07129791378974915, 0.06664355844259262, 0.06243963539600372, 0.05872641131281853, 0.05530092865228653, 0.05207084119319916, 0.04908308759331703, 0.04632985591888428, 0.043788570910692215, 0.041482727974653244, 0.039364948868751526, 0.03737211972475052, 0.035507187247276306, 0.03376610949635506, 0.03213224560022354, 0.03059740923345089, 0.02913784049451351, 0.03765691816806793, 0.02841799147427082, 0.02741452120244503, 0.024856356903910637, 0.023410890251398087, 0.021784408017992973, 0.020365798845887184, 0.01909165270626545, 0.018172552809119225]","[0.09343499690294266, 0.09317297488451004, 0.09265810996294022, 0.09179659932851791, 0.09048868715763092, 0.08862129598855972, 0.08611036837100983, 0.0828656330704689, 0.07892563939094543, 0.0745040699839592, 0.06993212550878525, 0.06544739753007889, 0.06112047657370567, 0.05697992071509361, 0.05309801176190376, 0.04964429885149002, 0.04678243398666382, 0.044597189873456955, 0.04306138679385185, 0.04206063225865364, 0.06367913633584976, 0.07500910758972168, 0.07511895149946213, 0.06808975338935852, 0.06230313330888748, 0.06043585017323494, 0.0605999231338501, 0.05941213667392731, 0.057191479951143265, 0.05494596064090729]",0.11491492212670018,0.6109583615243656,0.9258868065213354,0.9683014414312907,0.23463623054537355,0.23428124184711713,0.23431939196320992,0.14009087364374312,0.7437500802784363,7.734573244815692,cuda
TAO,257_TAO_id_1_Environment_tr_500_1st_3,MWT,pvt_autoencoder_differential_lr,128,10,10,64,100,0.001,"[0.122338205575943, 0.10833605378866196, 0.09975185990333557, 0.09409335255622864, 0.09014659374952316, 0.08675729483366013, 0.08322945982217789, 0.07968766242265701, 0.07638666778802872, 0.07311049848794937, 0.07009845972061157, 0.06717463582754135, 0.06445962935686111, 0.06177308037877083, 0.05924952030181885, 0.05679374933242798, 0.054432015866041183, 0.05216016620397568, 0.04998444393277168, 0.04785112664103508, 0.04580060765147209, 0.043797604739665985, 0.041871555149555206, 0.040015943348407745, 0.03857015445828438, 0.03721121698617935, 0.03565654531121254, 0.03427896276116371, 0.03257511183619499, 0.031044211238622665, 0.029748745262622833, 0.02838798798620701, 0.026984287425875664, 0.0258726105093956, 0.024394946172833443, 0.023390620946884155, 0.022329056635499, 0.020821403712034225, 0.019847847521305084, 0.0189974308013916, 0.01775401085615158, 0.0169064961373806, 0.016123637557029724, 0.01509043574333191, 0.014388475567102432, 0.013558858074247837, 0.01278799306601286, 0.012162594124674797, 0.011416558176279068, 0.010859043337404728, 0.010482939891517162, 0.010208585299551487]","[0.09661510586738586, 0.09655336290597916, 0.09647928923368454, 0.0963783711194992, 0.09620863944292068, 0.09592784941196442, 0.09542810171842575, 0.09488824009895325, 0.09417251497507095, 0.09330466389656067, 0.092191182076931, 0.09076125174760818, 0.0891466811299324, 0.08728901296854019, 0.08495219051837921, 0.08216157555580139, 0.07942371070384979, 0.0766422376036644, 0.07262538373470306, 0.06847813725471497, 0.06496957689523697, 0.06123122200369835, 0.05690859630703926, 0.05511277914047241, 0.05051209405064583, 0.047082118690013885, 0.04393857717514038, 0.044583726674318314, 0.044201839715242386, 0.04334265738725662, 0.042692311108112335, 0.04194243252277374, 0.04119235277175903, 0.041094038635492325, 0.041070666164159775, 0.04002111032605171, 0.039252642542123795, 0.03872721642255783, 0.0378512479364872, 0.03763023391366005, 0.03742094710469246, 0.037034373730421066, 0.03694264218211174, 0.037337303161621094, 0.037492621690034866, 0.03739302232861519, 0.037341032177209854, 0.037340447306632996, 0.03752581775188446, 0.03729504346847534, 0.03730441629886627, 0.03722473978996277]",0.1174265632304494,0.628348824915581,0.9262671759229305,0.9696917540481836,0.24588598276303034,0.2454021410925062,0.24546545289520935,0.14228102453087488,0.7529862776037102,14.063890446908772,cuda
TAO,257_TAO_id_1_Environment_tr_500_1st_3,SPIRAL,cnn_autoencoder,128,10,10,64,150,0.001,"[0.2917439639568329, 0.2843991816043854, 0.27760621905326843, 0.2721090018749237, 0.26717865467071533, 0.26262369751930237, 0.2583499550819397, 0.2543095648288727, 0.25043320655822754, 0.24665480852127075, 0.24296726286411285, 0.23938287794589996, 0.23587781190872192, 0.2324150651693344, 0.22900056838989258, 0.22563059628009796, 0.22227798402309418, 0.2189466506242752, 0.21565420925617218, 0.21238994598388672, 0.20916680991649628, 0.20598024129867554, 0.2028220295906067, 0.19971895217895508, 0.19663798809051514, 0.19359190762043, 0.19056732952594757, 0.18756930530071259, 0.1845966875553131, 0.1816682070493698, 0.17876596748828888, 0.17591015994548798, 0.17306756973266602, 0.17025955021381378, 0.16747812926769257, 0.16472627222537994, 0.161995992064476, 0.159292533993721, 0.15661944448947906, 0.15396544337272644, 0.15133461356163025, 0.14872309565544128, 0.14614462852478027, 0.14359286427497864, 0.1410537213087082, 0.13853812217712402, 0.1360330581665039, 0.13356484472751617, 0.13111542165279388, 0.12868329882621765, 0.12628059089183807, 0.12390441447496414, 0.12154025584459305, 0.11920956522226334, 0.11691056191921234, 0.11463725566864014, 0.11239717900753021, 0.11019324511289597, 0.10802043974399567, 0.10589274764060974, 0.10380956530570984, 0.10175513476133347, 0.09974405914545059, 0.09777150303125381, 0.09583684056997299, 0.09393050521612167, 0.09207195043563843, 0.09024173021316528, 0.08845371752977371, 0.08669256418943405, 0.08497472107410431, 0.0832962840795517, 0.08164097368717194, 0.08003638684749603, 0.07846087962388992, 0.07691919058561325, 0.07542097568511963, 0.07395686954259872, 0.07252678275108337, 0.07112852483987808, 0.06977099180221558, 0.06844299286603928, 0.06714770197868347, 0.06588121503591537, 0.06464307755231857, 0.06343948841094971, 0.06225886568427086, 0.06111011281609535, 0.05998476222157478, 0.058881450444459915, 0.05780749395489693, 0.056758906692266464, 0.05573492497205734, 0.05473075807094574, 0.05375064164400101, 0.05279135704040527, 0.05185377970337868, 0.05094253271818161, 0.0500454381108284, 0.049175065010786057, 0.04832102358341217, 0.047484640032052994, 0.04667281731963158, 0.0458734966814518, 0.04509257152676582, 0.04433165863156319, 0.04358690604567528, 0.0428537055850029, 0.04214279353618622, 0.04144419729709625, 0.04076274484395981, 0.04009193181991577, 0.039437178522348404, 0.03879673033952713, 0.03817126527428627, 0.037558093667030334, 0.03695731237530708, 0.036370567977428436, 0.03579076752066612, 0.03523067757487297, 0.034681305289268494, 0.034138310700654984, 0.033608563244342804, 0.033092059195041656, 0.0325801707804203, 0.03207865729928017, 0.03159181773662567, 0.03111680969595909, 0.03064744733273983, 0.030187951400876045, 0.029735684394836426, 0.029297467321157455, 0.028862496837973595, 0.02843906544148922, 0.028020408004522324, 0.02761494182050228, 0.02721310593187809, 0.026818469166755676, 0.02643587999045849, 0.026058008894324303, 0.025686316192150116, 0.02532430924475193, 0.02496609091758728, 0.024616526439785957, 0.02427387423813343, 0.023937346413731575, 0.023603133857250214, 0.02327972650527954, 0.022961800917983055, 0.022648073732852936]","[0.2759392559528351, 0.2756722867488861, 0.2753402590751648, 0.2748354375362396, 0.27404144406318665, 0.27285701036453247, 0.27127400040626526, 0.2693549394607544, 0.26713886857032776, 0.2647036015987396, 0.2620813250541687, 0.25927409529685974, 0.25627776980400085, 0.2530776560306549, 0.24968597292900085, 0.24611203372478485, 0.24236910045146942, 0.2384851723909378, 0.23444946110248566, 0.23028458654880524, 0.2260129749774933, 0.22167448699474335, 0.21733270585536957, 0.21301549673080444, 0.20873944461345673, 0.20447498559951782, 0.20022957026958466, 0.19604334235191345, 0.19198499619960785, 0.18807008862495422, 0.18431177735328674, 0.18062658607959747, 0.17697753012180328, 0.17338146269321442, 0.1699003130197525, 0.16657765209674835, 0.1633009910583496, 0.15995121002197266, 0.15657612681388855, 0.15328744053840637, 0.15014749765396118, 0.14713618159294128, 0.14412017166614532, 0.14107854664325714, 0.13816802203655243, 0.13542157411575317, 0.13270652294158936, 0.12992450594902039, 0.12717574834823608, 0.12455998361110687, 0.12195224314928055, 0.11933255195617676, 0.11686410009860992, 0.11452613770961761, 0.11210568994283676, 0.10957681387662888, 0.10724663734436035, 0.10514970868825912, 0.10307072103023529, 0.10090290755033493, 0.09879838675260544, 0.09677191823720932, 0.0946703627705574, 0.09259694814682007, 0.09070853888988495, 0.08890475332736969, 0.08702963590621948, 0.08521159738302231, 0.08350029587745667, 0.08178001642227173, 0.08009518682956696, 0.07846253365278244, 0.07688666880130768, 0.07535377889871597, 0.0739360973238945, 0.07258465886116028, 0.07120004296302795, 0.06984847038984299, 0.06858478486537933, 0.06736989319324493, 0.06615203619003296, 0.06496182829141617, 0.06379208713769913, 0.06262734532356262, 0.06156814843416214, 0.06060335412621498, 0.05969299376010895, 0.05882418155670166, 0.057963185012340546, 0.05714188143610954, 0.056364092975854874, 0.05559280142188072, 0.054838914424180984, 0.05409467965364456, 0.05336351692676544, 0.052615609019994736, 0.05184542015194893, 0.05104082077741623, 0.050211891531944275, 0.049397118389606476, 0.0485626719892025, 0.04772542044520378, 0.04689403623342514, 0.046070270240306854, 0.04525661841034889, 0.04445191100239754, 0.04364790767431259, 0.04286725074052811, 0.042110368609428406, 0.04138702154159546, 0.04068074747920036, 0.03998422622680664, 0.039303626865148544, 0.038683511316776276, 0.03808329999446869, 0.037493519484996796, 0.036913685500621796, 0.03633889928460121, 0.035786498337984085, 0.035247378051280975, 0.03471432626247406, 0.0342051163315773, 0.0337112694978714, 0.03322796896100044, 0.03275415301322937, 0.03229227289557457, 0.0318416990339756, 0.031397733837366104, 0.0309599582105875, 0.030524691566824913, 0.030100584030151367, 0.02967926859855652, 0.02926931157708168, 0.028863616287708282, 0.028467344120144844, 0.028070231899619102, 0.02768232487142086, 0.027305981144309044, 0.026928797364234924, 0.026555201038718224, 0.026192620396614075, 0.025834200903773308, 0.025485144928097725, 0.02513960935175419, 0.02479681372642517, 0.02445671521127224, 0.024126484990119934, 0.02380257472395897, 0.02348294109106064, 0.023169422522187233]",0.2356707396342268,0.7672233721252211,0.9458845683263786,0.9769881108430589,0.31359206156226377,0.3158275986961246,0.30441568108013967,0.18677871996031925,0.7550757540795677,19.95293935504742,cuda
TAO,257_TAO_id_1_Environment_tr_500_1st_3,SPIRAL,resnet18_autoencoder_frozen,128,10,10,64,100,0.001,"[0.29772040247917175, 0.2749035954475403, 0.2609364092350006, 0.25238895416259766, 0.24423745274543762, 0.23575575649738312, 0.22756144404411316, 0.21993161737918854, 0.21273741126060486, 0.2057751715183258, 0.19904959201812744, 0.19261151552200317, 0.18647702038288116, 0.18058334290981293, 0.17490944266319275, 0.16950465738773346, 0.16433647274971008, 0.15938334167003632, 0.1545829325914383, 0.14994016289710999, 0.1454397439956665, 0.141090527176857, 0.1369035840034485, 0.13284356892108917, 0.12890580296516418, 0.12508878111839294, 0.12137328088283539, 0.11776040494441986, 0.1142394170165062, 0.11079388856887817, 0.10744668543338776, 0.10417490452528, 0.10098686069250107, 0.09788775444030762, 0.09486643224954605, 0.09192685782909393, 0.0890670046210289, 0.08629000186920166, 0.08359315991401672, 0.08097890019416809, 0.07845211029052734, 0.07600323110818863, 0.07363039255142212, 0.07133813947439194, 0.06911681592464447, 0.06697789579629898, 0.0649036169052124, 0.06290048360824585, 0.0609671026468277, 0.05909721925854683, 0.05729370191693306, 0.05554575473070145, 0.053863439708948135, 0.052235234528779984, 0.05065622925758362, 0.049126990139484406, 0.04765361547470093, 0.046227991580963135, 0.044856343418359756, 0.04353870451450348, 0.04226791858673096, 0.041050612926483154, 0.039875779300928116, 0.038747139275074005, 0.037654127925634384, 0.036600664258003235, 0.03558403626084328, 0.034601204097270966, 0.033650778234004974, 0.032728902995586395, 0.03183989226818085, 0.030977169051766396, 0.030140966176986694, 0.029327310621738434, 0.02854088880121708, 0.02777908928692341, 0.027033567428588867, 0.026313453912734985, 0.025616033002734184, 0.024937329813838005, 0.02428186871111393, 0.023647259920835495, 0.02303200028836727, 0.02243485301733017, 0.021852729842066765, 0.02128778025507927, 0.020737571641802788, 0.02020440436899662, 0.01968664862215519, 0.019184036180377007, 0.01869029365479946, 0.01821405626833439, 0.01775127835571766, 0.01730469800531864, 0.016869783401489258, 0.016448048874735832, 0.016035420820116997, 0.015633726492524147, 0.015244756825268269, 0.014867473393678665]","[0.26661500334739685, 0.26569661498069763, 0.2645679712295532, 0.263261079788208, 0.2617708742618561, 0.2601223587989807, 0.2584179937839508, 0.2563629150390625, 0.2536371946334839, 0.2502388060092926, 0.24621380865573883, 0.24155791103839874, 0.23619985580444336, 0.23014704883098602, 0.2234008014202118, 0.21611011028289795, 0.20843853056430817, 0.20060427486896515, 0.19265097379684448, 0.18466615676879883, 0.17676237225532532, 0.16903457045555115, 0.16152413189411163, 0.15430328249931335, 0.1473827362060547, 0.14073579013347626, 0.1343347728252411, 0.12820328772068024, 0.12233873456716537, 0.11674327403306961, 0.11141631752252579, 0.10640345513820648, 0.10173968225717545, 0.09737870842218399, 0.0933247059583664, 0.08954549580812454, 0.08601102977991104, 0.08271169662475586, 0.07964208722114563, 0.07675769925117493, 0.07405243813991547, 0.07156340032815933, 0.06920719146728516, 0.06697790324687958, 0.06486520171165466, 0.06285389512777328, 0.060938384383916855, 0.059115368872880936, 0.05734512582421303, 0.05562971904873848, 0.053981516510248184, 0.052379000931978226, 0.0508183091878891, 0.04931577667593956, 0.04785213619470596, 0.04641835391521454, 0.045022331178188324, 0.04366929084062576, 0.04236489534378052, 0.04112859070301056, 0.0399429127573967, 0.038828667253255844, 0.03778225928544998, 0.03676202893257141, 0.03575872629880905, 0.03476781025528908, 0.03380965068936348, 0.03289102017879486, 0.031989842653274536, 0.031124187633395195, 0.030272914096713066, 0.029441585764288902, 0.02862388640642166, 0.027818793430924416, 0.027052562683820724, 0.02631349302828312, 0.025603510439395905, 0.024919718503952026, 0.024260053411126137, 0.023630764335393906, 0.023036837577819824, 0.0224832184612751, 0.021953405812382698, 0.021446043625473976, 0.020950380712747574, 0.020464932546019554, 0.019972851499915123, 0.019488085061311722, 0.019016120582818985, 0.018546799197793007, 0.01808597706258297, 0.017645353451371193, 0.017231177538633347, 0.016833672299981117, 0.016454720869660378, 0.01607993245124817, 0.015702368691563606, 0.015331734903156757, 0.014963156543672085, 0.01460537314414978]",0.2318312158767346,0.7682148744876167,0.945086600169238,0.9777721590782766,0.30007710214111466,0.3034539473684211,0.29191245541610983,0.18424766965709444,0.7642654299557629,24.548686309019104,cuda
TAO,257_TAO_id_1_Environment_tr_500_1st_3,SPIRAL,resnet18_autoencoder_progressive_unfreeze,128,10,10,64,150,0.001,"[0.29405584931373596, 0.26745811104774475, 0.2527727484703064, 0.24406467378139496, 0.23717422783374786, 0.23051974177360535, 0.22360558807849884, 0.2164570838212967, 0.20960064232349396, 0.2036036252975464, 0.1982528269290924, 0.19315703213214874, 0.1881457418203354, 0.18330784142017365, 0.17857806384563446, 0.17392955720424652, 0.16942930221557617, 0.1651228964328766, 0.1609007567167282, 0.15672898292541504, 0.15264493227005005, 0.150790274143219, 0.1442912071943283, 0.13932915031909943, 0.13476087152957916, 0.13019315898418427, 0.12567077577114105, 0.12128717452287674, 0.11689306795597076, 0.1126997247338295, 0.10858059674501419, 0.10456612706184387, 0.10071223229169846, 0.0969405248761177, 0.09331689029932022, 0.08987075835466385, 0.08654189854860306, 0.0833003893494606, 0.08018805831670761, 0.07720140367746353, 0.07435788959264755, 0.07168320566415787, 0.06912478804588318, 0.06666702777147293, 0.06431219726800919, 0.062071774154901505, 0.059933140873909, 0.057898085564374924, 0.055952925235033035, 0.05408516898751259, 0.052304934710264206, 0.05059729889035225, 0.048972927033901215, 0.047411490231752396, 0.04591519385576248, 0.044483382254838943, 0.04310343414545059, 0.04178118333220482, 0.04051942750811577, 0.03929659351706505, 0.03812156990170479, 0.03698798641562462, 0.03589797019958496, 0.034849561750888824, 0.033831749111413956, 0.03285302594304085, 0.03190957382321358, 0.030994733795523643, 0.03011246956884861, 0.02926037460565567, 0.02843560464680195, 0.0276341512799263, 0.0268667284399271, 0.026123130694031715, 0.02540101669728756, 0.02470453828573227, 0.024029212072491646, 0.02338121272623539, 0.022753993049263954, 0.022142427042126656, 0.02155480906367302, 0.020986616611480713, 0.02043381705880165, 0.019900543615221977, 0.019381601363420486, 0.018879545852541924, 0.018391337245702744, 0.01792076602578163, 0.017464768141508102, 0.017022132873535156, 0.01659652404487133, 0.016181064769625664, 0.015781691297888756, 0.015392822213470936, 0.015015576034784317, 0.01465102843940258, 0.01429734006524086, 0.013956033624708652, 0.013624337501823902, 0.013303389772772789, 0.012991798110306263, 0.012691383250057697, 0.012398109771311283, 0.012113767676055431, 0.01184004358947277, 0.01157349068671465, 0.011316013522446156, 0.011064593680202961, 0.010822087526321411, 0.010588179342448711, 0.010359996929764748, 0.010137689299881458, 0.009923753328621387, 0.009716634638607502, 0.009512461721897125, 0.009317479096353054, 0.009127840399742126, 0.00894267950206995, 0.00876335334032774, 0.008590872399508953, 0.008419394493103027, 0.008255746215581894, 0.008096028119325638, 0.007940736599266529, 0.007789967115968466, 0.0076417988166213036, 0.007498351391404867, 0.007360115647315979, 0.007223973050713539, 0.007092630956321955, 0.006964168511331081, 0.006839016918092966, 0.006718110758811235, 0.006599271669983864, 0.006484149023890495, 0.006371019873768091, 0.0062629105523228645, 0.006155560724437237, 0.006049564573913813, 0.0059495954774320126, 0.005849593784660101, 0.005751830991357565, 0.005657119210809469, 0.005564612336456776, 0.0054746647365391254, 0.005385803524404764, 0.005299616605043411, 0.005215800832957029, 0.005134013947099447, 0.005052337888628244]","[0.253429651260376, 0.25269147753715515, 0.2517963647842407, 0.2507624328136444, 0.24933232367038727, 0.24742624163627625, 0.24505634605884552, 0.24222008883953094, 0.2389710247516632, 0.23539556562900543, 0.2314818650484085, 0.22720956802368164, 0.22248421609401703, 0.21740688383579254, 0.21205733716487885, 0.20658013224601746, 0.20114286243915558, 0.1958579570055008, 0.19086630642414093, 0.18617035448551178, 0.18259486556053162, 0.17208722233772278, 0.16508595645427704, 0.15907923877239227, 0.153337299823761, 0.1478326916694641, 0.14171679317951202, 0.13520117104053497, 0.1287861168384552, 0.1227244958281517, 0.11698155850172043, 0.11159934103488922, 0.1066189780831337, 0.10204479098320007, 0.09781123697757721, 0.09382844716310501, 0.09003934264183044, 0.08641206473112106, 0.08292906731367111, 0.07960626482963562, 0.07642681151628494, 0.07336577028036118, 0.07044531404972076, 0.06764986366033554, 0.06498423218727112, 0.06245189160108566, 0.060041505843400955, 0.057756055146455765, 0.05558660253882408, 0.053547970950603485, 0.051625922322273254, 0.04982919618487358, 0.04813699796795845, 0.04654574394226074, 0.045037101954221725, 0.04359469190239906, 0.04220940172672272, 0.04088026285171509, 0.039585988968610764, 0.03833562880754471, 0.03711888939142227, 0.035945434123277664, 0.034818075597286224, 0.033731501549482346, 0.03269103169441223, 0.03169289231300354, 0.030735747888684273, 0.029825909063220024, 0.02896050363779068, 0.028139833360910416, 0.027362655848264694, 0.026649201288819313, 0.02597198449075222, 0.025331513956189156, 0.024732308462262154, 0.02417134866118431, 0.02365807257592678, 0.023179566487669945, 0.022716717794537544, 0.022281067445874214, 0.021798431873321533, 0.021303465589880943, 0.020789409056305885, 0.020395120605826378, 0.020004017278552055, 0.019651582464575768, 0.019507670775055885, 0.01950306072831154, 0.019536562263965607, 0.01950424164533615, 0.019297586753964424, 0.01897040754556656, 0.018403885886073112, 0.017844263464212418, 0.017209982499480247, 0.016410375013947487, 0.01564919762313366, 0.014919323846697807, 0.014235862530767918, 0.013612783513963223, 0.01308620348572731, 0.012658973224461079, 0.012284846976399422, 0.011963756754994392, 0.01167987659573555, 0.011422104202210903, 0.011186790652573109, 0.010962673462927341, 0.010720090940594673, 0.010498792864382267, 0.010279585607349873, 0.010075042955577374, 0.00988208968192339, 0.009675189852714539, 0.009452753700315952, 0.009264875203371048, 0.009089392609894276, 0.00889531709253788, 0.008704660460352898, 0.0085305692628026, 0.008363322354853153, 0.00821253377944231, 0.008062860928475857, 0.007921881042420864, 0.007785027381032705, 0.007642705459147692, 0.007522298488765955, 0.007402941584587097, 0.0072829327546060085, 0.007175373379141092, 0.007060440722852945, 0.006949727889150381, 0.0068404595367610455, 0.006737293675541878, 0.006630506832152605, 0.006537667475640774, 0.006426134146749973, 0.006316987797617912, 0.006213598884642124, 0.006112376693636179, 0.006005555856972933, 0.005910370498895645, 0.0058152079582214355, 0.0057186707854270935, 0.005623559933155775, 0.005536701995879412, 0.005445311311632395, 0.005361279007047415, 0.005280551966279745, 0.005208384711295366]",0.23521106686496407,0.7718276933288329,0.9461047298167986,0.9780735378697673,0.3103141532866574,0.3141559424678274,0.3013403098859982,0.18668825075063566,0.7628907993709091,38.78647559089586,cuda
TAO,257_TAO_id_1_Environment_tr_500_1st_3,SPIRAL,resnet18_autoencoder_differential_lr,128,10,10,64,100,0.001,"[0.24101896584033966, 0.22659751772880554, 0.21709972620010376, 0.20772917568683624, 0.19939494132995605, 0.1915474236011505, 0.18422618508338928, 0.17730475962162018, 0.17068974673748016, 0.16443195939064026, 0.15841099619865417, 0.1525479108095169, 0.146836057305336, 0.14132195711135864, 0.13598375022411346, 0.13084878027439117, 0.12589199841022491, 0.12109202891588211, 0.11643241345882416, 0.11194340139627457, 0.10759120434522629, 0.10339593142271042, 0.09935173392295837, 0.0954369381070137, 0.09166598320007324, 0.08802478015422821, 0.08452378213405609, 0.0811651274561882, 0.07793771475553513, 0.07482841610908508, 0.07184168696403503, 0.06896481662988663, 0.06621687114238739, 0.06357864290475845, 0.06105608493089676, 0.05864255502820015, 0.056344468146562576, 0.054145533591508865, 0.05204634740948677, 0.05003908649086952, 0.04812844097614288, 0.0463014580309391, 0.04455845057964325, 0.04289829358458519, 0.04130949452519417, 0.03979957103729248, 0.038353223353624344, 0.03697199001908302, 0.0356566347181797, 0.03440334275364876, 0.033204372972249985, 0.03205318748950958, 0.030962981283664703, 0.029919922351837158, 0.028922080993652344, 0.027968108654022217, 0.02705482579767704, 0.026185084134340286, 0.025350678712129593, 0.024551773443818092, 0.023785509169101715, 0.023051364347338676, 0.022353317588567734, 0.02168126031756401, 0.02103889174759388, 0.02042400650680065, 0.019832218065857887, 0.019268181174993515, 0.018727561458945274, 0.018210453912615776, 0.01771014742553234, 0.01723468489944935, 0.01677459292113781, 0.01633484661579132, 0.015910128131508827, 0.015503090806305408, 0.015109764412045479, 0.014734054915606976, 0.014371797442436218, 0.014022499322891235, 0.013685125857591629, 0.013357942923903465, 0.01304533053189516, 0.01274437177926302, 0.01245152484625578, 0.01217022817581892, 0.011897505261003971, 0.011634325608611107, 0.011379319243133068, 0.011133239604532719, 0.010896471329033375, 0.010663359425961971, 0.010442373342812061, 0.010227389633655548, 0.01001720316708088, 0.009814124554395676, 0.009617232717573643, 0.009425505995750427, 0.00924090575426817, 0.009061937220394611]","[0.23188458383083344, 0.23116619884967804, 0.23014481365680695, 0.22866185009479523, 0.22672438621520996, 0.2243688404560089, 0.2215574085712433, 0.21821220219135284, 0.21424821019172668, 0.20961907505989075, 0.20431320369243622, 0.19831837713718414, 0.1916664093732834, 0.1844038963317871, 0.17665830254554749, 0.16856367886066437, 0.16027331352233887, 0.15194082260131836, 0.1437271684408188, 0.13573043048381805, 0.12804777920246124, 0.12070515751838684, 0.11369705200195312, 0.10705199837684631, 0.10075017064809799, 0.09479234367609024, 0.08919893205165863, 0.08397893607616425, 0.07914291322231293, 0.07469157129526138, 0.07057734578847885, 0.06679341197013855, 0.0633089691400528, 0.06010573357343674, 0.0571102648973465, 0.0543154738843441, 0.051684606820344925, 0.04921765998005867, 0.04694002866744995, 0.04487474635243416, 0.04296767711639404, 0.04121265187859535, 0.03960806131362915, 0.03813553601503372, 0.036780934780836105, 0.03549712896347046, 0.03427793085575104, 0.033110860735177994, 0.03199607878923416, 0.03093605861067772, 0.02992200292646885, 0.028966184705495834, 0.02805648185312748, 0.027195347473025322, 0.026382986456155777, 0.02559329755604267, 0.02484172023832798, 0.02412380278110504, 0.02341693639755249, 0.022733980789780617, 0.022094013169407845, 0.021480390802025795, 0.020884335041046143, 0.02031729929149151, 0.019766317680478096, 0.019236339256167412, 0.01873007044196129, 0.018239637836813927, 0.01776842027902603, 0.017307860776782036, 0.01686113514006138, 0.016424693167209625, 0.016011293977499008, 0.015620897524058819, 0.015258369036018848, 0.014908570796251297, 0.014572445303201675, 0.01424295362085104, 0.013925503008067608, 0.013618513010442257, 0.013316617347300053, 0.013024717569351196, 0.012742416933178902, 0.012466573156416416, 0.012201303616166115, 0.011943957768380642, 0.011692351661622524, 0.011450846679508686, 0.011217204853892326, 0.010990459471940994, 0.010766631923615932, 0.010560018941760063, 0.010360895656049252, 0.010167859494686127, 0.009984906762838364, 0.009803269989788532, 0.009620768018066883, 0.009439187124371529, 0.009260754100978374, 0.009089686907827854]",0.2347353213879211,0.7717570552071598,0.9460065356047859,0.9780627994604124,0.3103141532866574,0.31382978723404253,0.30085453339092516,0.1867292029364575,0.7639730568039839,29.655678446870297,cuda
TAO,257_TAO_id_1_Environment_tr_500_1st_3,SPIRAL,pvt_autoencoder_frozen,128,10,10,64,100,0.001,"[0.2456943243741989, 0.2300058752298355, 0.2179652452468872, 0.20819343626499176, 0.19950167834758759, 0.1918284147977829, 0.18464894592761993, 0.17791636288166046, 0.1715347021818161, 0.16538561880588531, 0.15947885811328888, 0.15385128557682037, 0.1484542340040207, 0.14327998459339142, 0.13830353319644928, 0.1334923356771469, 0.1288471817970276, 0.12433698773384094, 0.11996348947286606, 0.11571448296308517, 0.11159557849168777, 0.1076016053557396, 0.1037261113524437, 0.09996960312128067, 0.09632450342178345, 0.09279534965753555, 0.08938084542751312, 0.08607884496450424, 0.08288251608610153, 0.07979673892259598, 0.07681845873594284, 0.07393965870141983, 0.0711524710059166, 0.06846216320991516, 0.06587497144937515, 0.06339017301797867, 0.0610041543841362, 0.058713044971227646, 0.05652971938252449, 0.054442841559648514, 0.052447859197854996, 0.05054698511958122, 0.04873089864850044, 0.04700133949518204, 0.04535512253642082, 0.043784890323877335, 0.042277783155441284, 0.04083619266748428, 0.03945433720946312, 0.03812725841999054, 0.036857720464468, 0.035636790096759796, 0.03446142375469208, 0.033334650099277496, 0.03225071728229523, 0.031204799190163612, 0.030204154551029205, 0.029241684824228287, 0.028313543647527695, 0.027422839775681496, 0.02656371332705021, 0.025738226249814034, 0.02493848279118538, 0.024167651310563087, 0.023424619808793068, 0.022707032039761543, 0.02201320044696331, 0.021342607215046883, 0.020690420642495155, 0.02006029710173607, 0.01944783702492714, 0.018859650939702988, 0.018295863643288612, 0.017759623005986214, 0.01725311391055584, 0.016775192692875862, 0.01631944812834263, 0.01588333584368229, 0.015468738041818142, 0.01506667211651802, 0.01468120701611042, 0.01430817972868681, 0.013947856612503529, 0.01360111404210329, 0.013267379254102707, 0.01294693537056446, 0.012638887390494347, 0.012341848574578762, 0.012056556530296803, 0.011781681329011917, 0.011516300961375237, 0.011260142549872398, 0.011013902723789215, 0.010773331858217716, 0.010543953627347946, 0.010321282781660557, 0.010104489512741566, 0.00989591609686613, 0.009693852625787258, 0.009498941712081432]","[0.2289530485868454, 0.22820515930652618, 0.2273196130990982, 0.22623848915100098, 0.22495275735855103, 0.22342443466186523, 0.2215045839548111, 0.21901018917560577, 0.21577458083629608, 0.2116600126028061, 0.2065703570842743, 0.20049425959587097, 0.19356918334960938, 0.18602164089679718, 0.17811092734336853, 0.17010149359703064, 0.16215065121650696, 0.15438657999038696, 0.14689607918262482, 0.13972556591033936, 0.13286326825618744, 0.12628699839115143, 0.12000066787004471, 0.11397875845432281, 0.10827205330133438, 0.10290694981813431, 0.09789371490478516, 0.09320935606956482, 0.0888061374425888, 0.08463554829359055, 0.08065753430128098, 0.07683991640806198, 0.07317499071359634, 0.06967031955718994, 0.06634525209665298, 0.0631958544254303, 0.06022436171770096, 0.05744461342692375, 0.0548357330262661, 0.0523931048810482, 0.05011429265141487, 0.04797735810279846, 0.045994121581315994, 0.044159505516290665, 0.04245436191558838, 0.04086003080010414, 0.03936721384525299, 0.03795744851231575, 0.03661555424332619, 0.03534187376499176, 0.03412793204188347, 0.03297446668148041, 0.031885623931884766, 0.030851522460579872, 0.029862675815820694, 0.02892223745584488, 0.028014719486236572, 0.0271342433989048, 0.0262812077999115, 0.025452570989727974, 0.02465233765542507, 0.023873278871178627, 0.023121356964111328, 0.02239672653377056, 0.021692825481295586, 0.02100970782339573, 0.020343651995062828, 0.019693033769726753, 0.01906220056116581, 0.018450085073709488, 0.017861779779195786, 0.017297225072979927, 0.01676134578883648, 0.016256671398878098, 0.015783725306391716, 0.015338058583438396, 0.014919072389602661, 0.01452892366796732, 0.014158268459141254, 0.01381309237331152, 0.013488460332155228, 0.013181731104850769, 0.012890119105577469, 0.012611341662704945, 0.012342984788119793, 0.012083294801414013, 0.01183188147842884, 0.011591100133955479, 0.011359312571585178, 0.011135744862258434, 0.01091926172375679, 0.010710139758884907, 0.010504037141799927, 0.010306009091436863, 0.010111653245985508, 0.009920544922351837, 0.009735624305903912, 0.009555919095873833, 0.009382831864058971, 0.009215530008077621]",0.23590434352730735,0.7726316835864233,0.9463040093423783,0.9781734470365208,0.3098229699860042,0.3131014063656551,0.3014954208267579,0.1863543800946167,0.7648601112104052,30.36770936404355,cuda
TAO,257_TAO_id_1_Environment_tr_500_1st_3,SPIRAL,pvt_autoencoder_progressive_unfreeze,128,10,10,64,150,0.001,"[0.2694791555404663, 0.2529533803462982, 0.23828774690628052, 0.22736883163452148, 0.2183873951435089, 0.2102552205324173, 0.2025114893913269, 0.19529210031032562, 0.18854328989982605, 0.18217359483242035, 0.176130011677742, 0.17034728825092316, 0.16486340761184692, 0.15963806211948395, 0.15462453663349152, 0.1497955173254013, 0.14514386653900146, 0.14063605666160583, 0.1362612545490265, 0.13201144337654114, 0.1279110461473465, 0.1230243593454361, 0.11810055375099182, 0.1136845201253891, 0.10947339236736298, 0.10561682283878326, 0.10196390748023987, 0.09851331263780594, 0.09522809833288193, 0.09209072589874268, 0.08910952508449554, 0.08623999357223511, 0.0834980458021164, 0.08085250854492188, 0.07831330597400665, 0.07587746530771255, 0.07355227321386337, 0.07130414247512817, 0.06915166229009628, 0.0670759379863739, 0.06507673859596252, 0.06314022839069366, 0.06126781925559044, 0.05946268513798714, 0.0577213317155838, 0.056022871285676956, 0.054378531873226166, 0.05278424546122551, 0.051237910985946655, 0.04973229020833969, 0.0482732318341732, 0.046856265515089035, 0.04548679664731026, 0.04415855556726456, 0.042878761887550354, 0.041638899594545364, 0.04044597968459129, 0.03928842023015022, 0.038177985697984695, 0.037104759365320206, 0.03607141226530075, 0.03507567197084427, 0.03411458805203438, 0.03318937495350838, 0.032296035438776016, 0.031431932002305984, 0.030599799007177353, 0.029792508110404015, 0.029017256572842598, 0.02826668508350849, 0.02754073031246662, 0.026843631640076637, 0.026166880503296852, 0.025513065978884697, 0.024881239980459213, 0.024270201101899147, 0.02367907203733921, 0.023108741268515587, 0.0225529782474041, 0.022018112242221832, 0.0215004812926054, 0.02099515125155449, 0.02050849236547947, 0.02003583312034607, 0.019576292484998703, 0.01913187839090824, 0.018700579181313515, 0.01828211545944214, 0.017875369638204575, 0.017478732392191887, 0.017097854986786842, 0.016724923625588417, 0.01636159047484398, 0.016010085120797157, 0.015669584274291992, 0.015336153097450733, 0.015011774376034737, 0.014697802253067493, 0.014390723779797554, 0.01409454457461834, 0.013801638968288898, 0.013518902473151684, 0.013241741806268692, 0.012972977943718433, 0.01271036546677351, 0.012453006580471992, 0.012205138802528381, 0.011962349526584148, 0.01172475703060627, 0.011492966674268246, 0.011268595233559608, 0.011053166352212429, 0.010838423855602741, 0.010628906078636646, 0.010425041429698467, 0.010226246900856495, 0.0100332573056221, 0.009842137806117535, 0.009658079594373703, 0.00947535876184702, 0.009299044497311115, 0.009124341420829296, 0.008956258185207844, 0.008790653198957443, 0.008632040582597256, 0.008474924601614475, 0.008324291557073593, 0.008174289017915726, 0.008030218072235584, 0.007889452390372753, 0.007753269746899605, 0.007618242874741554, 0.00748687656596303, 0.007360098417848349, 0.007236062083393335, 0.007114485837519169, 0.006994748953729868, 0.006879253778606653, 0.006764266174286604, 0.006652922835201025, 0.006545277312397957, 0.00643912423402071, 0.006334363482892513, 0.006232656538486481, 0.006133568473160267, 0.006036067847162485, 0.0059409900568425655, 0.005847917404025793, 0.00575629249215126, 0.005666951183229685]","[0.24311453104019165, 0.2429603785276413, 0.24269920587539673, 0.24228398501873016, 0.24167805910110474, 0.24083900451660156, 0.23967330157756805, 0.23799917101860046, 0.23555438220500946, 0.23207542300224304, 0.22749996185302734, 0.22199934720993042, 0.21578887104988098, 0.20897510647773743, 0.20163506269454956, 0.19387443363666534, 0.18584775924682617, 0.17767760157585144, 0.16950161755084991, 0.16145873069763184, 0.15595033764839172, 0.14995728433132172, 0.14094917476177216, 0.13523954153060913, 0.1295892745256424, 0.12309038639068604, 0.11677161604166031, 0.1112871989607811, 0.10630842298269272, 0.10140853375196457, 0.09664048254489899, 0.09224481135606766, 0.08832205832004547, 0.08476319909095764, 0.08139791339635849, 0.07815062254667282, 0.07505533844232559, 0.07215681672096252, 0.069449283182621, 0.06691836565732956, 0.06454315781593323, 0.06229311227798462, 0.060155510902404785, 0.058139946311712265, 0.05620506778359413, 0.0543394573032856, 0.05252790451049805, 0.05077291280031204, 0.04907813295722008, 0.04747368022799492, 0.045956533402204514, 0.04451524093747139, 0.043122999370098114, 0.04178454726934433, 0.04047515243291855, 0.03920643776655197, 0.03799058869481087, 0.03685480356216431, 0.0357745885848999, 0.03475559502840042, 0.03379615768790245, 0.03288290649652481, 0.0320197157561779, 0.031183570623397827, 0.03040233626961708, 0.02965298295021057, 0.028910169377923012, 0.02818099409341812, 0.027485497295856476, 0.0268073882907629, 0.026149939745664597, 0.025525562465190887, 0.024923723191022873, 0.024332305416464806, 0.02375742234289646, 0.0232103131711483, 0.02269471436738968, 0.02218843810260296, 0.021694891154766083, 0.021211618557572365, 0.020733878016471863, 0.020261108875274658, 0.019798997789621353, 0.01935897395014763, 0.018931983038783073, 0.01851535588502884, 0.018107885494828224, 0.01771635375916958, 0.017336992546916008, 0.01697281375527382, 0.016608959063887596, 0.01625252701342106, 0.015907425433397293, 0.015569080598652363, 0.01523268036544323, 0.01490494329482317, 0.014594283886253834, 0.014297093264758587, 0.014010452665388584, 0.013721584342420101, 0.013439756818115711, 0.013161667622625828, 0.012892547994852066, 0.012630346231162548, 0.012375028803944588, 0.01212697196751833, 0.01188450027257204, 0.011642483063042164, 0.011405798606574535, 0.011182851158082485, 0.010971510782837868, 0.010759245604276657, 0.010551109910011292, 0.010349144227802753, 0.01015213131904602, 0.00995602272450924, 0.009765037335455418, 0.009580696932971478, 0.009396042674779892, 0.00921705737709999, 0.009041993878781796, 0.008872497826814651, 0.00871006865054369, 0.008552351966500282, 0.008395153097808361, 0.00824409443885088, 0.008098119869828224, 0.007957031019032001, 0.007818601094186306, 0.007686600089073181, 0.007555518765002489, 0.007424758747220039, 0.007297250907868147, 0.007173734251409769, 0.007052744273096323, 0.006935428828001022, 0.0068218600936234, 0.006707726512104273, 0.006598491687327623, 0.006495284382253885, 0.00639383913949132, 0.006293265614658594, 0.0061966655775904655, 0.0061035845428705215, 0.006011861376464367, 0.005923938937485218, 0.005839730147272348, 0.005758688319474459, 0.00567935174331069, 0.005599926691502333]",0.23611944797847662,0.772889833812902,0.9463514094268832,0.9781732340556337,0.3113233450794645,0.3148009015777611,0.30229808391947566,0.1865714842815934,0.7648601112104052,46.041500536957756,cuda
TAO,257_TAO_id_1_Environment_tr_500_1st_3,SPIRAL,pvt_autoencoder_differential_lr,128,10,10,64,100,0.001,"[0.27054423093795776, 0.25191831588745117, 0.23794034123420715, 0.23114803433418274, 0.22543483972549438, 0.21745429933071136, 0.21006734669208527, 0.20323361456394196, 0.19684720039367676, 0.19077453017234802, 0.18500927090644836, 0.1795778125524521, 0.1742827147245407, 0.16912133991718292, 0.16414320468902588, 0.15929558873176575, 0.15457238256931305, 0.14993636310100555, 0.14541266858577728, 0.14098036289215088, 0.13664443790912628, 0.13241200149059296, 0.1282552182674408, 0.1241898164153099, 0.12021595984697342, 0.11635073274374008, 0.11259060353040695, 0.1089351624250412, 0.10536930710077286, 0.10190730541944504, 0.09852955490350723, 0.09526655822992325, 0.09209766983985901, 0.0890347957611084, 0.0860639438033104, 0.0832114890217781, 0.08044624328613281, 0.0777856782078743, 0.07520938664674759, 0.07271350920200348, 0.07030604779720306, 0.06797601282596588, 0.0657220259308815, 0.0635492205619812, 0.06145308539271355, 0.05943499132990837, 0.057488057762384415, 0.05561869218945503, 0.053812019526958466, 0.052071649581193924, 0.050385862588882446, 0.04875921085476875, 0.04719705879688263, 0.04569193720817566, 0.04424361512064934, 0.04284713417291641, 0.041502609848976135, 0.040208250284194946, 0.03896026685833931, 0.03775801137089729, 0.0365978367626667, 0.03548073396086693, 0.034401316195726395, 0.033361099660396576, 0.03236009553074837, 0.03139163553714752, 0.030460037291049957, 0.029558559879660606, 0.02868320606648922, 0.02783956751227379, 0.027023131027817726, 0.02623460814356804, 0.025467660278081894, 0.024725642055273056, 0.02400587871670723, 0.023310409858822823, 0.022633429616689682, 0.021975502371788025, 0.02134254388511181, 0.02072521485388279, 0.020133068785071373, 0.019563328474760056, 0.019014297053217888, 0.018488967791199684, 0.017983948811888695, 0.017495524138212204, 0.01702752523124218, 0.016578469425439835, 0.016144705936312675, 0.015726709738373756, 0.015324092470109463, 0.014937055297195911, 0.014563040807843208, 0.014203171245753765, 0.013855925761163235, 0.013521172106266022, 0.013200091198086739, 0.012889094650745392, 0.012590502388775349, 0.01230181660503149]","[0.23958560824394226, 0.2389083206653595, 0.23825645446777344, 0.23741526901721954, 0.23638206720352173, 0.2346649467945099, 0.2324843406677246, 0.2300247699022293, 0.2273007482290268, 0.22427786886692047, 0.22094182670116425, 0.21726267039775848, 0.21321885287761688, 0.2088213413953781, 0.20407144725322723, 0.1989830881357193, 0.19352470338344574, 0.18773862719535828, 0.18167735636234283, 0.1754293143749237, 0.16907373070716858, 0.1626405566930771, 0.1561681181192398, 0.1496972292661667, 0.14331194758415222, 0.13707563281059265, 0.1310444176197052, 0.12521179020404816, 0.11958599090576172, 0.11416157335042953, 0.10895700007677078, 0.1039341613650322, 0.0991186872124672, 0.09451312571763992, 0.09016022086143494, 0.08604650944471359, 0.08220157027244568, 0.07863545417785645, 0.0753384456038475, 0.07229822874069214, 0.06948375701904297, 0.06685905903577805, 0.06438709050416946, 0.06203629449009895, 0.059795260429382324, 0.05764808878302574, 0.055600132793188095, 0.053647372871637344, 0.051794543862342834, 0.050028715282678604, 0.0483526736497879, 0.046763792634010315, 0.045243117958307266, 0.043787866830825806, 0.04238342493772507, 0.0410330705344677, 0.039739105850458145, 0.03849721699953079, 0.03731164336204529, 0.03618042543530464, 0.03510858491063118, 0.03408339247107506, 0.03310198336839676, 0.03215939551591873, 0.03124222159385681, 0.030348367989063263, 0.02946770191192627, 0.028599001467227936, 0.02775297500193119, 0.02693011425435543, 0.026134956628084183, 0.025364650413393974, 0.024624129757285118, 0.02390938065946102, 0.023222757503390312, 0.02255779504776001, 0.02191254496574402, 0.021290799602866173, 0.020684439688920975, 0.020101193338632584, 0.019537517800927162, 0.018989894539117813, 0.018462834879755974, 0.017957601696252823, 0.017471132799983025, 0.01700761541724205, 0.016565540805459023, 0.016142988577485085, 0.01573769934475422, 0.01534852385520935, 0.014973427169024944, 0.01461037341505289, 0.014260713011026382, 0.013922084122896194, 0.013595317490398884, 0.013281225226819515, 0.012976755388081074, 0.012682615779340267, 0.012397212907671928, 0.012120583094656467]",0.23560464210643292,0.7723144542036361,0.9462186573057676,0.9781532957494654,0.3096777335396471,0.31216111541440744,0.3014954208267579,0.18652022177517585,0.7648601112104052,30.754168373998255,cuda
TAO,258_TAO_id_2_Environment_tr_500_1st_4,RN,cnn_autoencoder,128,10,10,64,150,0.001,"[0.20050448179244995, 0.19522522389888763, 0.19000950455665588, 0.18588420748710632, 0.18242540955543518, 0.17939695715904236, 0.17662309110164642, 0.17405427992343903, 0.17161951959133148, 0.16929660737514496, 0.16708439588546753, 0.16497966647148132, 0.16298234462738037, 0.16108880937099457, 0.15928810834884644, 0.15756534039974213, 0.15591226518154144, 0.15432041883468628, 0.15277884900569916, 0.15129531919956207, 0.14985889196395874, 0.14846374094486237, 0.14710025489330292, 0.14577531814575195, 0.1444907933473587, 0.1432323306798935, 0.1420033574104309, 0.14079897105693817, 0.13961967825889587, 0.13846638798713684, 0.13733680546283722, 0.13622401654720306, 0.13512645661830902, 0.13404858112335205, 0.132989302277565, 0.13194428384304047, 0.13091939687728882, 0.12990541756153107, 0.12890753149986267, 0.12791892886161804, 0.12694205343723297, 0.1259734034538269, 0.12501057982444763, 0.12405838817358017, 0.12311649322509766, 0.12218533456325531, 0.12126296013593674, 0.12034714967012405, 0.11944157630205154, 0.11854085326194763, 0.11764974147081375, 0.11676590889692307, 0.11589109897613525, 0.11502327769994736, 0.11415886878967285, 0.1132960319519043, 0.1124437004327774, 0.11159638315439224, 0.11116139590740204, 0.11071252077817917, 0.11025890707969666, 0.10980481654405594, 0.10935360193252563, 0.10890424996614456, 0.10867461562156677, 0.10844201594591141, 0.10820501297712326]","[0.18436428904533386, 0.18431851267814636, 0.1842651218175888, 0.18420498073101044, 0.18413469195365906, 0.18405453860759735, 0.18396124243736267, 0.1838442087173462, 0.1837005615234375, 0.18352964520454407, 0.18333181738853455, 0.1831083595752716, 0.18286389112472534, 0.18259859085083008, 0.18231695890426636, 0.18202142417430878, 0.18171672523021698, 0.18140026926994324, 0.18107448518276215, 0.18074071407318115, 0.18040069937705994, 0.18005040287971497, 0.17969195544719696, 0.17932841181755066, 0.1789644956588745, 0.17859706282615662, 0.1782262921333313, 0.17785581946372986, 0.17749141156673431, 0.177130788564682, 0.17677947878837585, 0.17644226551055908, 0.17613351345062256, 0.1758463829755783, 0.17558056116104126, 0.17532750964164734, 0.17508506774902344, 0.17486116290092468, 0.17465496063232422, 0.17447230219841003, 0.17431282997131348, 0.1741688847541809, 0.17403754591941833, 0.17391526699066162, 0.17380449175834656, 0.1737000197172165, 0.1736108362674713, 0.17354154586791992, 0.1734963059425354, 0.17346636950969696, 0.173447847366333, 0.1734391301870346, 0.17344319820404053, 0.17345473170280457, 0.17347747087478638, 0.1735091209411621, 0.17355161905288696, 0.17363408207893372, 0.17371463775634766, 0.17379073798656464, 0.17385652661323547, 0.1739182472229004, 0.1739749163389206, 0.17404954135417938, 0.17411726713180542, 0.17418313026428223, 0.17424452304840088]",0.14331862857016509,0.5147727375268744,0.9367665620851287,0.9647256077699122,0.24285368805138582,0.24230330672748004,0.24219008569638892,0.12188232787632161,0.6839346282071842,8.446696919156238,cuda
TAO,258_TAO_id_2_Environment_tr_500_1st_4,RN,resnet18_autoencoder_frozen,128,10,10,64,100,0.001,"[0.21747344732284546, 0.20292454957962036, 0.19456785917282104, 0.1894932985305786, 0.18607012927532196, 0.1830071061849594, 0.17990106344223022, 0.17680461704730988, 0.17365983128547668, 0.17050740122795105, 0.16733215749263763, 0.16418175399303436, 0.16109703481197357, 0.15802934765815735, 0.15497945249080658, 0.15196605026721954, 0.14895832538604736, 0.14596103131771088, 0.1429644078016281, 0.1399916559457779, 0.13702869415283203, 0.13412155210971832, 0.131254181265831, 0.12845711410045624, 0.12572965025901794, 0.12307246774435043, 0.12046989053487778, 0.11797310411930084, 0.11557843536138535, 0.11328589916229248, 0.11106884479522705, 0.10893983393907547, 0.10686640441417694, 0.10485122352838516, 0.10289634019136429, 0.10101313889026642, 0.09918728470802307, 0.09742686152458191, 0.09570221602916718, 0.09401760250329971, 0.09238891303539276, 0.09080281108617783, 0.08924993872642517, 0.08843855559825897]","[0.19217762351036072, 0.19187824428081512, 0.19157534837722778, 0.19125020503997803, 0.19088797271251678, 0.19047817587852478, 0.19001135230064392, 0.18942449986934662, 0.18868350982666016, 0.18779687583446503, 0.18680047988891602, 0.18571989238262177, 0.1845804899930954, 0.183409184217453, 0.1822212040424347, 0.1810210645198822, 0.1798158884048462, 0.17862701416015625, 0.17745858430862427, 0.17629188299179077, 0.1751462072134018, 0.1740400791168213, 0.17302684485912323, 0.17210862040519714, 0.17126429080963135, 0.17051267623901367, 0.1698567122220993, 0.1693212240934372, 0.16887104511260986, 0.168509840965271, 0.1682487577199936, 0.16809308528900146, 0.16799792647361755, 0.16795191168785095, 0.16791987419128418, 0.16789865493774414, 0.16789941489696503, 0.16798138618469238, 0.16811500489711761, 0.1683042049407959, 0.16842973232269287, 0.16864655911922455, 0.16890345513820648, 0.1691589057445526]",0.1392904680567248,0.5018628719708794,0.932462056659193,0.9640294507213516,0.24285368805138582,0.2426629160806376,0.24251524938081692,0.12075114878458826,0.686834876594523,10.213381203822792,cuda
TAO,258_TAO_id_2_Environment_tr_500_1st_4,RN,resnet18_autoencoder_progressive_unfreeze,128,10,10,64,150,0.001,"[0.21015891432762146, 0.19672562181949615, 0.18819560110569, 0.18203558027744293, 0.1769084483385086, 0.1721370369195938, 0.1675359010696411, 0.16322745382785797, 0.15920093655586243, 0.1553230732679367, 0.1516159325838089, 0.14805921912193298, 0.14460395276546478, 0.14132170379161835, 0.1381923109292984, 0.13518618047237396, 0.13227316737174988, 0.12949371337890625, 0.12678278982639313, 0.12418661266565323, 0.12167658656835556, 0.13556499779224396, 0.12339392304420471, 0.11833177506923676, 0.1148199737071991, 0.11175332963466644, 0.10879410058259964, 0.10621059685945511, 0.10363003611564636, 0.10129965096712112, 0.09900983422994614, 0.09679633378982544, 0.09466107934713364, 0.0926404744386673, 0.0906730517745018, 0.08875016868114471, 0.08689157664775848, 0.08506973832845688, 0.08329562842845917, 0.08158429712057114, 0.07989024370908737, 0.07901187241077423, 0.07810802012681961]","[0.1928856074810028, 0.19274017214775085, 0.1925569474697113, 0.1922999620437622, 0.1919606626033783, 0.19150620698928833, 0.19089911878108978, 0.19016525149345398, 0.1893198937177658, 0.18836483359336853, 0.18732577562332153, 0.18622910976409912, 0.18509195744991302, 0.1839389055967331, 0.1827978491783142, 0.18168501555919647, 0.18060362339019775, 0.17956726253032684, 0.17858219146728516, 0.17765972018241882, 0.1769639253616333, 0.17611223459243774, 0.17508286237716675, 0.17422056198120117, 0.17351292073726654, 0.1729358434677124, 0.17247045040130615, 0.17199842631816864, 0.17151181399822235, 0.1710526943206787, 0.17064158618450165, 0.17034217715263367, 0.17012065649032593, 0.1700485199689865, 0.17005455493927002, 0.1701674461364746, 0.17032437026500702, 0.17047327756881714, 0.1706191599369049, 0.1708616018295288, 0.17122521996498108, 0.17156243324279785, 0.1717301607131958]",0.14015981614239725,0.5056258268383989,0.9357960487701499,0.9647039916778813,0.24285368805138582,0.24274707504993817,0.24278079181191672,0.11745183276650084,0.6844685361513397,10.388000631006435,cuda
TAO,258_TAO_id_2_Environment_tr_500_1st_4,RN,resnet18_autoencoder_differential_lr,128,10,10,64,100,0.001,"[0.20715855062007904, 0.19671425223350525, 0.1890629380941391, 0.1834411919116974, 0.17908205091953278, 0.1752166599035263, 0.17173409461975098, 0.16836580634117126, 0.16502565145492554, 0.1617649346590042, 0.1585543155670166, 0.15539564192295074, 0.15231254696846008, 0.14924462139606476, 0.14623314142227173, 0.14332957565784454, 0.14043425023555756, 0.13758835196495056, 0.13482722640037537, 0.13217249512672424, 0.12957607209682465, 0.1270226389169693, 0.12450935691595078, 0.1220545768737793, 0.11963529139757156, 0.11728457361459732, 0.11497790366411209, 0.11273763328790665, 0.11055374145507812, 0.10842199623584747, 0.10632588714361191, 0.10428008437156677, 0.10227196663618088, 0.10031864047050476, 0.09839615225791931, 0.09650490432977676, 0.09466633200645447, 0.09286420792341232, 0.0910993441939354, 0.09017748385667801, 0.08923818916082382, 0.08830160647630692]","[0.19890384376049042, 0.19853851199150085, 0.19806496798992157, 0.1972733736038208, 0.19612841308116913, 0.19477403163909912, 0.1932801455259323, 0.19168621301651, 0.19004106521606445, 0.1883872002363205, 0.1867515742778778, 0.18514053523540497, 0.18357937037944794, 0.18207967281341553, 0.18064598739147186, 0.17929109930992126, 0.17801634967327118, 0.17681877315044403, 0.17570611834526062, 0.17467674612998962, 0.17373201251029968, 0.172879159450531, 0.1721411645412445, 0.17148801684379578, 0.1709202229976654, 0.17042294144630432, 0.16996167600154877, 0.1695569008588791, 0.16923737525939941, 0.1689942330121994, 0.16880127787590027, 0.16869404911994934, 0.1686910092830658, 0.16870614886283875, 0.1688127964735031, 0.1689443439245224, 0.16911809146404266, 0.1693107783794403, 0.1695413589477539, 0.16979333758354187, 0.16999220848083496, 0.1701894998550415]",0.13928571096177778,0.5018731049754636,0.9328636786323413,0.9633951050717201,0.24285368805138582,0.24271035823382395,0.2427037088311569,0.12152048480023532,0.6873900566967595,9.953465156024322,cuda
TAO,258_TAO_id_2_Environment_tr_500_1st_4,RN,pvt_autoencoder_frozen,128,10,10,64,100,0.001,"[0.22336624562740326, 0.20957636833190918, 0.2002142071723938, 0.19457222521305084, 0.19085143506526947, 0.18793842196464539, 0.18549250066280365, 0.1833142340183258, 0.1812470555305481, 0.17924590408802032, 0.1773003488779068, 0.17544656991958618, 0.17366871237754822, 0.17196062207221985, 0.17034058272838593, 0.16880272328853607, 0.16730527579784393, 0.16583651304244995, 0.16441139578819275, 0.1630333811044693, 0.16168764233589172, 0.1603545993566513, 0.1590055525302887, 0.15765336155891418, 0.1562889963388443, 0.1548968255519867, 0.1534409075975418, 0.15194405615329742, 0.15039518475532532, 0.14876070618629456, 0.14703801274299622, 0.14524096250534058, 0.14335298538208008, 0.14137445390224457, 0.13931342959403992, 0.13717511296272278, 0.13494352996349335, 0.13268126547336578, 0.13045066595077515, 0.12804171442985535, 0.12554460763931274, 0.12315918505191803, 0.12073611468076706, 0.11823805421590805, 0.11685032397508621, 0.11542270332574844, 0.11399049311876297]","[0.19170117378234863, 0.1913016140460968, 0.19099061191082, 0.1907091587781906, 0.19043827056884766, 0.19015321135520935, 0.18983793258666992, 0.18947993218898773, 0.1890725940465927, 0.1885978877544403, 0.1880282163619995, 0.18732643127441406, 0.18646442890167236, 0.18546438217163086, 0.18437424302101135, 0.18323302268981934, 0.1820812076330185, 0.18094053864479065, 0.17981350421905518, 0.1786675900220871, 0.1774919331073761, 0.17630454897880554, 0.17514052987098694, 0.17402106523513794, 0.17296740412712097, 0.17196016013622284, 0.17101725935935974, 0.17010949552059174, 0.16920606791973114, 0.16836753487586975, 0.16765394806861877, 0.16706109046936035, 0.1666155457496643, 0.16626888513565063, 0.16594678163528442, 0.1658298373222351, 0.16550320386886597, 0.16572736203670502, 0.16559933125972748, 0.16582949459552765, 0.16620737314224243, 0.16627097129821777, 0.16695770621299744, 0.16735903918743134, 0.1676628589630127, 0.16813969612121582, 0.16879531741142273]",0.14171917955972899,0.508608747674666,0.9327935919310634,0.9642671327654259,0.24285368805138582,0.24252086654787583,0.24253214833228756,0.12293919598503843,0.6844685361513397,12.419677478028461,cuda
TAO,258_TAO_id_2_Environment_tr_500_1st_4,RN,pvt_autoencoder_progressive_unfreeze,128,10,10,64,150,0.001,"[0.20369966328144073, 0.19358567893505096, 0.186513751745224, 0.18160885572433472, 0.17794407904148102, 0.17486652731895447, 0.17222368717193604, 0.16985481977462769, 0.16769912838935852, 0.1657383143901825, 0.16394776105880737, 0.16228710114955902, 0.1607161909341812, 0.15920019149780273, 0.15774038434028625, 0.15633217990398407, 0.1549316793680191, 0.1535334438085556, 0.15212027728557587, 0.15067675709724426, 0.14918524026870728, 0.15461920201778412, 0.15232199430465698, 0.15030191838741302, 0.1494022011756897, 0.14666809141635895, 0.14366792142391205, 0.14104707539081573, 0.13840419054031372, 0.1361514925956726, 0.1336534172296524, 0.13073134422302246, 0.1276388019323349, 0.12494907528162003, 0.12197435647249222, 0.11920363456010818, 0.11642522364854813, 0.11365638673305511, 0.11094320565462112, 0.10826953500509262, 0.10570971667766571, 0.10430656373500824, 0.10282594710588455, 0.10137497633695602]","[0.1935959756374359, 0.19325850903987885, 0.19280575215816498, 0.19220900535583496, 0.19147270917892456, 0.19060342013835907, 0.18961739540100098, 0.188519686460495, 0.18733464181423187, 0.18609201908111572, 0.18480822443962097, 0.18350355327129364, 0.1821935623884201, 0.18089938163757324, 0.1796281784772873, 0.17840024828910828, 0.177232027053833, 0.17610172927379608, 0.1750156283378601, 0.1739719808101654, 0.17259761691093445, 0.1717815399169922, 0.17069491744041443, 0.17016109824180603, 0.16959327459335327, 0.1685798466205597, 0.16802871227264404, 0.16792142391204834, 0.16777631640434265, 0.1674191951751709, 0.16704979538917542, 0.1670474410057068, 0.16691303253173828, 0.1668062061071396, 0.1670265793800354, 0.16731064021587372, 0.16751591861248016, 0.16768091917037964, 0.16788767278194427, 0.16821227967739105, 0.16862420737743378, 0.16903206706047058, 0.169338196516037, 0.16958008706569672]",0.14179193738506105,0.5136633868026429,0.9343780238725623,0.9646710239890979,0.24285368805138582,0.24224986077594207,0.24213445488941385,0.12452471735461837,0.6861826777009491,11.793231541989371,cuda
TAO,258_TAO_id_2_Environment_tr_500_1st_4,RN,pvt_autoencoder_differential_lr,128,10,10,64,100,0.001,"[0.22003163397312164, 0.2080637812614441, 0.19907265901565552, 0.19362495839595795, 0.18973831832408905, 0.1861959546804428, 0.18302270770072937, 0.1800338625907898, 0.1773163229227066, 0.17479200661182404, 0.17244113981723785, 0.17024849355220795, 0.1681932657957077, 0.16623158752918243, 0.16435934603214264, 0.16258478164672852, 0.1609204113483429, 0.15936237573623657, 0.15791286528110504, 0.1567201465368271, 0.1551501303911209, 0.15387335419654846, 0.15276969969272614, 0.15127041935920715, 0.15004323422908783, 0.1486818939447403, 0.14739990234375, 0.1460305154323578, 0.14475888013839722, 0.14360171556472778, 0.14203153550624847, 0.14042916893959045, 0.1390736997127533, 0.13745269179344177, 0.13589681684970856, 0.13434061408042908, 0.1328178197145462, 0.13128012418746948, 0.1291269212961197, 0.12744294106960297, 0.1254119873046875, 0.12351901084184647, 0.12149450927972794, 0.11950451880693436, 0.11740729957818985, 0.11534788459539413, 0.11404621601104736, 0.11282587051391602, 0.1115138903260231]","[0.19870460033416748, 0.1984802484512329, 0.1982090175151825, 0.1979103535413742, 0.1974436491727829, 0.19679777324199677, 0.1959439218044281, 0.19489900767803192, 0.19373390078544617, 0.19245216250419617, 0.19109654426574707, 0.1896643489599228, 0.18815851211547852, 0.18663600087165833, 0.1850806474685669, 0.18347017467021942, 0.18195047974586487, 0.18038445711135864, 0.17872092127799988, 0.1773669719696045, 0.17614662647247314, 0.17444714903831482, 0.17371909320354462, 0.1728460043668747, 0.1713039129972458, 0.1703287810087204, 0.16939327120780945, 0.16883152723312378, 0.1675836741924286, 0.16805827617645264, 0.16745349764823914, 0.16684357821941376, 0.16671699285507202, 0.1664021909236908, 0.16618302464485168, 0.16594772040843964, 0.16673819720745087, 0.16570883989334106, 0.16551917791366577, 0.16608190536499023, 0.16617050766944885, 0.1659027487039566, 0.16604366898536682, 0.16609954833984375, 0.1667923927307129, 0.16685953736305237, 0.16699151694774628, 0.16740643978118896, 0.16773103177547455]",0.1387834548580909,0.5068919285873961,0.9335182458696262,0.9642379379367153,0.24285368805138582,0.24269579016148604,0.24267810026385203,0.12739158462211395,0.6854833281419912,13.932443580124527,cuda
TAO,258_TAO_id_2_Environment_tr_500_1st_4,LP,cnn_autoencoder,128,10,10,64,150,0.001,"[0.2592916190624237, 0.2541310489177704, 0.2471388429403305, 0.24077735841274261, 0.2351488471031189, 0.23014821112155914, 0.22551816701889038, 0.2210906445980072, 0.21690396964550018, 0.21287553012371063, 0.2089630365371704, 0.20515301823616028, 0.20143911242485046, 0.19782494008541107, 0.19432049989700317, 0.19092394411563873, 0.18762022256851196, 0.18438264727592468, 0.18120895326137543, 0.17809100449085236, 0.17501729726791382, 0.17201070487499237, 0.16905611753463745, 0.1661546528339386, 0.16331247985363007, 0.1605233997106552, 0.1577846258878708, 0.155097097158432, 0.1524459719657898, 0.1498461663722992, 0.14729158580303192, 0.14477086067199707, 0.14229749143123627, 0.13985580205917358, 0.13745957612991333, 0.13509750366210938, 0.13277137279510498, 0.13047479093074799, 0.1282036006450653, 0.1259586066007614, 0.12374851107597351, 0.12156251817941666, 0.11940895020961761, 0.11728478968143463, 0.11519496887922287, 0.11313683539628983, 0.11110510677099228, 0.1091030016541481, 0.10714071244001389, 0.10520753264427185, 0.10331133753061295, 0.10144450515508652, 0.09962292015552521, 0.09782716631889343, 0.09606494754552841, 0.09433887153863907, 0.09263994544744492, 0.09097723662853241, 0.08934175968170166, 0.08774203807115555, 0.08617416024208069, 0.0846417099237442, 0.08313954621553421, 0.08166483789682388, 0.08022277057170868, 0.07881474494934082, 0.07743386924266815, 0.07608696818351746, 0.07476601004600525, 0.07347554713487625, 0.07221657782793045, 0.07098104059696198, 0.06977347284555435, 0.06859590113162994, 0.0674409568309784, 0.06631233543157578, 0.06520483642816544, 0.0641263872385025, 0.0630684569478035, 0.062034834176301956, 0.06102292984724045, 0.06003154069185257, 0.05906802788376808, 0.05812201648950577, 0.057204220443964005, 0.056305840611457825, 0.055423345416784286, 0.054567065089941025, 0.05372799187898636, 0.05291183292865753, 0.05211060866713524, 0.05133303254842758, 0.05057425796985626, 0.04983152821660042, 0.0491018183529377, 0.04839049279689789, 0.0476963147521019, 0.047015480697155, 0.04635113105177879, 0.045699797570705414, 0.04506564512848854, 0.04444393888115883, 0.04383527860045433, 0.04324283450841904, 0.04265936091542244, 0.04208951070904732, 0.04153362661600113, 0.04098738357424736, 0.040454912930727005, 0.03993253409862518, 0.0394241027534008, 0.03892222046852112, 0.03843546658754349, 0.037955392152071, 0.03749079257249832, 0.03703169524669647, 0.03658229857683182, 0.036140721291303635, 0.035705164074897766, 0.03528589382767677, 0.03487076610326767, 0.03446614369750023, 0.034067753702402115, 0.03367929905653, 0.033298008143901825, 0.03292693570256233, 0.032558709383010864, 0.03220029175281525, 0.03184885159134865, 0.03150240331888199, 0.031165555119514465, 0.030833806842565536, 0.030507968738675117, 0.03018900752067566, 0.02987506240606308, 0.029567521065473557, 0.02926410175859928, 0.028969140723347664, 0.028678882867097855, 0.02839457429945469, 0.028113991022109985, 0.02784091793000698, 0.027568627148866653, 0.02730495110154152, 0.02704523876309395, 0.02678867243230343, 0.02653885819017887, 0.02629256621003151, 0.026048501953482628, 0.025810979306697845]","[0.24098961055278778, 0.24046343564987183, 0.2399236410856247, 0.2393883466720581, 0.23887485265731812, 0.23829826712608337, 0.2375618815422058, 0.2366141527891159, 0.23543594777584076, 0.2340293824672699, 0.232403963804245, 0.23058603703975677, 0.22863158583641052, 0.2264959067106247, 0.2241894006729126, 0.22171573340892792, 0.21910612285137177, 0.21638809144496918, 0.21359342336654663, 0.21064728498458862, 0.2075473964214325, 0.20429372787475586, 0.20091545581817627, 0.19750994443893433, 0.1940709352493286, 0.190667062997818, 0.18730047345161438, 0.18390625715255737, 0.18044690787792206, 0.17690005898475647, 0.17327949404716492, 0.1696353256702423, 0.16606232523918152, 0.16260942816734314, 0.159244105219841, 0.1558985561132431, 0.1524730622768402, 0.1489543616771698, 0.1453825831413269, 0.1418510526418686, 0.13842767477035522, 0.13513267040252686, 0.1318913698196411, 0.12862777709960938, 0.1252928376197815, 0.12194705009460449, 0.11870386451482773, 0.11564958095550537, 0.11277499049901962, 0.11005579680204391, 0.10729223489761353, 0.10451924800872803, 0.10183965414762497, 0.09935854375362396, 0.09706440567970276, 0.09485926479101181, 0.09264998137950897, 0.09041979163885117, 0.08825147151947021, 0.0862075686454773, 0.08429956436157227, 0.08245398849248886, 0.08066773414611816, 0.07893581688404083, 0.07725595682859421, 0.07566969096660614, 0.0741792693734169, 0.07273249328136444, 0.07131268829107285, 0.06991474330425262, 0.06857173889875412, 0.06732939183712006, 0.06617321074008942, 0.06506048887968063, 0.06395408511161804, 0.06285219639539719, 0.06180497258901596, 0.06082009896636009, 0.05988995358347893, 0.05897790193557739, 0.05806555598974228, 0.05717182159423828, 0.05631520599126816, 0.055495794862508774, 0.05469067394733429, 0.053864654153585434, 0.05303423851728439, 0.05222919583320618, 0.051482509821653366, 0.05077187716960907, 0.05006958171725273, 0.049366917461156845, 0.048686690628528595, 0.04804014414548874, 0.04743698239326477, 0.046844854950904846, 0.046232931315898895, 0.0456150583922863, 0.04500901699066162, 0.04443303495645523, 0.043868668377399445, 0.043294571340084076, 0.04272277280688286, 0.04217138513922691, 0.04163737595081329, 0.041115835309028625, 0.04060019552707672, 0.04008794575929642, 0.039578355848789215, 0.03908545523881912, 0.03861076384782791, 0.03815276175737381, 0.03769741207361221, 0.03725472092628479, 0.036822155117988586, 0.03640374541282654, 0.035994525998830795, 0.03558530658483505, 0.035182930529117584, 0.03477661311626434, 0.034380316734313965, 0.03398870676755905, 0.033608756959438324, 0.033244166523218155, 0.032899823039770126, 0.03255760669708252, 0.03220982104539871, 0.031851038336753845, 0.031509265303611755, 0.031199922785162926, 0.030898764729499817, 0.03058617375791073, 0.030265262350440025, 0.02994668483734131, 0.029640454798936844, 0.029353022575378418, 0.029073599725961685, 0.028787245973944664, 0.028501436114311218, 0.02822228893637657, 0.027953898534178734, 0.02768927440047264, 0.027441956102848053, 0.027193045243620872, 0.02694089710712433, 0.026693454012274742, 0.026452546939253807, 0.026229605078697205, 0.02601805329322815, 0.025804750621318817]",0.2733945225429482,0.7325561924515591,0.9721728293393249,0.9851810050660637,0.3640522736118993,0.36597178353337545,0.36516629086319685,0.16241548285907756,0.7422004042173234,19.741729664849117,cuda
TAO,258_TAO_id_2_Environment_tr_500_1st_4,LP,resnet18_autoencoder_frozen,128,10,10,64,100,0.001,"[0.27268823981285095, 0.2471652328968048, 0.2341492623090744, 0.22538317739963531, 0.21803906559944153, 0.21086466312408447, 0.2043004333972931, 0.19844314455986023, 0.19263678789138794, 0.18697333335876465, 0.18141299486160278, 0.17603899538516998, 0.17092283070087433, 0.16612820327281952, 0.16161103546619415, 0.1572619378566742, 0.1529991775751114, 0.1488359123468399, 0.14476235210895538, 0.14080870151519775, 0.13696235418319702, 0.13321352005004883, 0.12954594194889069, 0.1259421706199646, 0.12239191681146622, 0.11890406161546707, 0.11547751724720001, 0.11215393990278244, 0.10891985148191452, 0.10579011589288712, 0.10275284945964813, 0.09978949278593063, 0.09689224511384964, 0.09406843036413193, 0.09133567661046982, 0.0886758491396904, 0.08609278500080109, 0.08357790857553482, 0.08111866563558578, 0.07872465252876282, 0.07639876008033752, 0.07413660734891891, 0.07194587588310242, 0.06981852650642395, 0.06775180250406265, 0.06574738770723343, 0.06380821764469147, 0.06193000450730324, 0.06011819466948509, 0.05836251750588417, 0.056666046380996704, 0.0550389289855957, 0.053467001765966415, 0.051943518221378326, 0.05048364773392677, 0.04907316341996193, 0.047713156789541245, 0.04641149193048477, 0.04515232890844345, 0.043941598385572433, 0.04277140274643898, 0.04164496436715126, 0.04055790603160858, 0.039519939571619034, 0.03851573169231415, 0.03755316883325577, 0.03662712126970291, 0.03573964908719063, 0.034885235130786896, 0.034060489386320114, 0.033266015350818634, 0.0325004905462265, 0.03175972402095795, 0.031041719019412994, 0.030350815504789352, 0.029684709385037422, 0.029043011367321014, 0.02842150814831257, 0.0278208889067173, 0.027241332456469536, 0.02667818032205105, 0.026126740500330925, 0.025589585304260254, 0.02506287582218647, 0.024547472596168518, 0.024042632430791855, 0.023546909913420677, 0.02306746505200863, 0.022597160190343857, 0.02213604375720024, 0.0216821376234293, 0.021238433197140694, 0.020803000777959824, 0.02038038894534111, 0.01997012458741665, 0.019572531804442406, 0.019187716767191887, 0.018820302560925484, 0.018463533371686935, 0.018117984756827354]","[0.23889952898025513, 0.23825180530548096, 0.2374621033668518, 0.23652663826942444, 0.235368013381958, 0.23392295837402344, 0.23221932351589203, 0.23034022748470306, 0.22809819877147675, 0.22547003626823425, 0.22244350612163544, 0.21886476874351501, 0.21465592086315155, 0.20977985858917236, 0.20455357432365417, 0.19873341917991638, 0.19234155118465424, 0.18611739575862885, 0.18015167117118835, 0.1741456240415573, 0.1683417558670044, 0.16330969333648682, 0.15875302255153656, 0.15355531871318817, 0.1482432782649994, 0.14183907210826874, 0.1344907283782959, 0.12851020693778992, 0.12400047481060028, 0.11928512901067734, 0.11492669582366943, 0.11103755235671997, 0.10741304606199265, 0.1041489765048027, 0.10056110471487045, 0.09727858006954193, 0.09383223950862885, 0.09090299904346466, 0.08698228001594543, 0.08339738100767136, 0.07874199748039246, 0.07441540062427521, 0.07160396873950958, 0.06877970695495605, 0.06551139056682587, 0.061246421188116074, 0.05809519812464714, 0.05584414303302765, 0.0539972297847271, 0.052528105676174164, 0.05097334831953049, 0.049919769167900085, 0.04877427965402603, 0.04741445183753967, 0.0462123267352581, 0.04512159153819084, 0.04404310882091522, 0.04280003532767296, 0.04155874252319336, 0.04035837948322296, 0.03927683085203171, 0.038476817309856415, 0.0380246676504612, 0.0380818173289299, 0.038161322474479675, 0.03779565170407295, 0.03733265772461891, 0.03774777799844742, 0.03763120248913765, 0.037255845963954926, 0.03732072189450264, 0.036508627235889435, 0.03594548627734184, 0.035561613738536835, 0.035196609795093536, 0.03453266620635986, 0.03424914926290512, 0.03425854444503784, 0.034334175288677216, 0.03443947061896324, 0.034514203667640686, 0.03443894535303116, 0.03391760215163231, 0.03291898965835571, 0.03188524767756462, 0.030970945954322815, 0.02968984842300415, 0.028452005237340927, 0.027362804859876633, 0.026240866631269455, 0.025203566998243332, 0.0241631381213665, 0.023138975724577904, 0.022171562537550926, 0.0213390551507473, 0.02068224363029003, 0.0201454795897007, 0.019593941047787666, 0.019038712605834007, 0.018543139100074768]",0.269711998721969,0.729869563611659,0.9715094904731262,0.9850352314525467,0.35450811249515485,0.3584013751611517,0.3561605208777936,0.16187088355990178,0.743473288235599,22.431986988987774,cuda
TAO,258_TAO_id_2_Environment_tr_500_1st_4,LP,resnet18_autoencoder_progressive_unfreeze,128,10,10,64,150,0.001,"[0.3194412589073181, 0.28832218050956726, 0.2703937292098999, 0.2596166431903839, 0.2515393793582916, 0.2441740483045578, 0.2373870462179184, 0.23093023896217346, 0.22486500442028046, 0.21899694204330444, 0.21344293653964996, 0.2083536982536316, 0.20369672775268555, 0.19919933378696442, 0.19472536444664001, 0.19032321870326996, 0.1860112100839615, 0.18173906207084656, 0.1774742752313614, 0.17322109639644623, 0.16901268064975739, 0.17065714299678802, 0.16328305006027222, 0.158575177192688, 0.1539858877658844, 0.14966844022274017, 0.145579993724823, 0.14164742827415466, 0.1377023607492447, 0.13383907079696655, 0.1301383525133133, 0.12658336758613586, 0.12317091971635818, 0.11985867470502853, 0.11663499474525452, 0.11345897614955902, 0.11035355925559998, 0.10733263939619064, 0.10436011850833893, 0.10137047618627548, 0.09834655374288559, 0.09531809389591217, 0.09237369149923325, 0.08951431512832642, 0.0867002010345459, 0.08395311236381531, 0.08128802478313446, 0.07867985218763351, 0.07615278661251068, 0.0737266093492508, 0.07133705168962479, 0.06908411532640457, 0.06686235964298248, 0.06467749178409576, 0.06252294033765793, 0.06035396829247475, 0.05821186304092407, 0.056150518357753754, 0.05418097600340843, 0.052349403500556946, 0.05061936378479004, 0.04900393262505531, 0.04745682701468468, 0.04598401486873627, 0.04451194405555725, 0.043017614632844925, 0.04153548181056976, 0.04010959714651108, 0.038694556802511215, 0.03727535158395767, 0.035928819328546524, 0.0346808098256588, 0.033552031964063644, 0.03251900151371956, 0.03155263513326645, 0.03064190037548542, 0.029770053923130035, 0.028928112238645554, 0.028127608820796013, 0.027354201301932335, 0.02661002241075039, 0.025893526151776314, 0.025201838463544846, 0.024546818807721138, 0.023913871496915817, 0.023307420313358307, 0.02271908149123192, 0.02214869111776352, 0.021599356085062027, 0.021066181361675262, 0.020551100373268127, 0.02004818804562092, 0.01956070587038994, 0.01908334344625473, 0.018624035641551018, 0.018170321360230446, 0.01772412471473217, 0.017291834577918053, 0.016869429498910904, 0.016466384753584862, 0.016081903129816055, 0.01571817137300968, 0.01536680106073618, 0.015021752566099167, 0.01468480471521616, 0.01435023546218872, 0.014024007134139538, 0.01370946317911148, 0.013405953533947468, 0.013111625798046589, 0.012829593382775784, 0.012555547058582306, 0.01228945329785347, 0.012032773345708847, 0.011783815920352936, 0.011546626687049866, 0.011315654031932354, 0.011095471680164337, 0.010878550820052624, 0.01066814549267292, 0.010460876859724522, 0.010256006382405758, 0.010053449310362339, 0.009855682030320168, 0.009663980454206467, 0.009478287771344185, 0.009298276156187057, 0.009122990071773529, 0.008955453522503376, 0.008792370557785034, 0.008635140024125576, 0.008481641300022602, 0.008336232975125313, 0.00819350965321064, 0.008053242228925228, 0.007919611409306526, 0.007789202034473419, 0.0076593561097979546, 0.007528796326369047, 0.00738335819914937, 0.007235289551317692, 0.007094074506312609, 0.006961078383028507, 0.006836622953414917, 0.006720291916280985, 0.006609527859836817, 0.0065031819976866245, 0.006401709746569395, 0.006304146256297827, 0.006209393497556448]","[0.2684140205383301, 0.2673347294330597, 0.26635798811912537, 0.2654643654823303, 0.2645363211631775, 0.2632753849029541, 0.2615737318992615, 0.25969934463500977, 0.2578456997871399, 0.2557482421398163, 0.25341033935546875, 0.24967417120933533, 0.2464108169078827, 0.24220824241638184, 0.23705296218395233, 0.23076903820037842, 0.2225840538740158, 0.21458260715007782, 0.20794574916362762, 0.20204034447669983, 0.2026694416999817, 0.2012452781200409, 0.19715070724487305, 0.1927448958158493, 0.1891881823539734, 0.18547046184539795, 0.18442785739898682, 0.18577615916728973, 0.18799668550491333, 0.18644529581069946, 0.18171924352645874, 0.1741345375776291, 0.1629278063774109, 0.15286338329315186, 0.1440478265285492, 0.13468825817108154, 0.12386014312505722, 0.11575105041265488, 0.10952308028936386, 0.1046789139509201, 0.10037422180175781, 0.09620221704244614, 0.09258437156677246, 0.08930336683988571, 0.0862116813659668, 0.08286245912313461, 0.07993696630001068, 0.0771523043513298, 0.07455942034721375, 0.07206487655639648, 0.06990522146224976, 0.06750268489122391, 0.06499089300632477, 0.062482431530952454, 0.06018238887190819, 0.057939570397138596, 0.05581703782081604, 0.05378760024905205, 0.05187767744064331, 0.050090253353118896, 0.04842155799269676, 0.04687608405947685, 0.04545551538467407, 0.04415639862418175, 0.042787592858076096, 0.041347846388816833, 0.03995565325021744, 0.03866296634078026, 0.03736909478902817, 0.0360080748796463, 0.03470155596733093, 0.03350933641195297, 0.032448019832372665, 0.031506095081567764, 0.03067709319293499, 0.029915785416960716, 0.0291798897087574, 0.028493693098425865, 0.02782364748418331, 0.02719554305076599, 0.026607995852828026, 0.026056429371237755, 0.025546234101057053, 0.025064807385206223, 0.024609513580799103, 0.024176625534892082, 0.0237603597342968, 0.02336116135120392, 0.022966109216213226, 0.022584784775972366, 0.022207103669643402, 0.02183576300740242, 0.021463990211486816, 0.021100681275129318, 0.02073495090007782, 0.020369015634059906, 0.020005565136671066, 0.01963483728468418, 0.019259538501501083, 0.018866844475269318, 0.018460996448993683, 0.018045809119939804, 0.01762612909078598, 0.017210088670253754, 0.01680225506424904, 0.016409434378147125, 0.016033483669161797, 0.015665648505091667, 0.015301374718546867, 0.01493950467556715, 0.014576300978660583, 0.014221066609025002, 0.013879397884011269, 0.013554656878113747, 0.013247331604361534, 0.012948955409228802, 0.012658461928367615, 0.012372026219964027, 0.012095406651496887, 0.011831759475171566, 0.011579526588320732, 0.0113341910764575, 0.011094657704234123, 0.010860311798751354, 0.010632351040840149, 0.010409760288894176, 0.01019720546901226, 0.009995903819799423, 0.009803110733628273, 0.00961768813431263, 0.009439058601856232, 0.00926912296563387, 0.009105347096920013, 0.008946297690272331, 0.00879439152777195, 0.008644252084195614, 0.008492853492498398, 0.0083378991112113, 0.008173765614628792, 0.008006194606423378, 0.007840092293918133, 0.007678542286157608, 0.0075256600975990295, 0.007385856471955776, 0.007260592188686132, 0.007147566881030798, 0.007044568192213774, 0.006946872919797897, 0.006851140409708023, 0.006756729446351528]",0.23513787731101993,0.6841950127870695,0.960000787566383,0.9800406534602327,0.31357200304443955,0.31494132072166753,0.3148913973075962,0.15687473180453232,0.7400003072988297,36.96846515405923,cuda
TAO,258_TAO_id_2_Environment_tr_500_1st_4,LP,resnet18_autoencoder_differential_lr,128,10,10,64,100,0.001,"[0.2628107964992523, 0.24772417545318604, 0.23469620943069458, 0.2236039638519287, 0.2137448787689209, 0.20494788885116577, 0.19695870578289032, 0.18959593772888184, 0.1827186793088913, 0.17628924548625946, 0.17021368443965912, 0.16444426774978638, 0.15898512303829193, 0.15382546186447144, 0.14887434244155884, 0.1441173106431961, 0.1395256221294403, 0.13511765003204346, 0.13086046278476715, 0.12675465643405914, 0.12279538065195084, 0.11896642297506332, 0.11524827033281326, 0.11164283752441406, 0.10814850777387619, 0.10478177666664124, 0.10153137892484665, 0.09838935732841492, 0.09534932672977448, 0.09241736680269241, 0.08958476036787033, 0.08685962110757828, 0.08423158526420593, 0.08169970661401749, 0.07925909012556076, 0.07691263407468796, 0.07463877648115158, 0.07245305180549622, 0.07034501433372498, 0.06830810755491257, 0.06634287536144257, 0.06444154679775238, 0.0626102164387703, 0.060844894498586655, 0.0591396689414978, 0.05748889222741127, 0.05589933693408966, 0.054360680282115936, 0.052879221737384796, 0.05144328251481056, 0.050059717148542404, 0.04872287064790726, 0.04743169620633125, 0.04618591070175171, 0.04497946426272392, 0.043808698654174805, 0.04268211871385574, 0.041598837822675705, 0.04054632782936096, 0.0395321324467659, 0.038556057959795, 0.037608589977025986, 0.03669336438179016, 0.035804975777864456, 0.034944284707307816, 0.0341121070086956, 0.033309195190668106, 0.03252481669187546, 0.0317692831158638, 0.031034164130687714, 0.030323492363095284, 0.02963489666581154, 0.02896839752793312, 0.0283226128667593, 0.027696870267391205, 0.027094077318906784, 0.026513230055570602, 0.025947678834199905, 0.025404544547200203, 0.024879910051822662, 0.02436627447605133, 0.023875370621681213, 0.023393329232931137, 0.02293342910706997, 0.02248137630522251, 0.022045304998755455, 0.02162252739071846, 0.021209130063652992, 0.020811637863516808, 0.02041960135102272, 0.020042048767209053, 0.019672613590955734, 0.01931314542889595, 0.018960371613502502, 0.01861899346113205, 0.01828351803123951, 0.017958397045731544, 0.01764041557908058, 0.01733080856502056, 0.017028100788593292]","[0.26209163665771484, 0.2611071467399597, 0.259884238243103, 0.2582038938999176, 0.2562275826931, 0.2539369761943817, 0.25114262104034424, 0.24770158529281616, 0.24346880614757538, 0.23848514258861542, 0.23274318873882294, 0.2262255847454071, 0.21903669834136963, 0.21127572655677795, 0.20311331748962402, 0.1946730613708496, 0.18611294031143188, 0.17774192988872528, 0.16930519044399261, 0.1610763669013977, 0.15321531891822815, 0.14564931392669678, 0.1384388953447342, 0.13157251477241516, 0.12526196241378784, 0.11957654356956482, 0.1142025887966156, 0.10904727876186371, 0.10428588092327118, 0.0998525619506836, 0.09561215341091156, 0.09167876839637756, 0.08807747066020966, 0.0847693607211113, 0.08166050165891647, 0.07878847420215607, 0.0760703757405281, 0.0734364315867424, 0.07100918889045715, 0.06867040693759918, 0.06663211435079575, 0.0648491159081459, 0.06321267783641815, 0.06164398044347763, 0.06005195528268814, 0.05869077891111374, 0.05746179819107056, 0.05632215738296509, 0.05539274960756302, 0.05454334616661072, 0.05366955325007439, 0.05282418057322502, 0.05195486545562744, 0.05103227123618126, 0.05004654452204704, 0.04900863766670227, 0.04794156551361084, 0.04690741002559662, 0.045785240828990936, 0.0446821004152298, 0.043657086789608, 0.04253973066806793, 0.041500937193632126, 0.040536992251873016, 0.03953699767589569, 0.03846195340156555, 0.03728139400482178, 0.03601064532995224, 0.034965284168720245, 0.03396707400679588, 0.03302523493766785, 0.03200250491499901, 0.030912645161151886, 0.02996913716197014, 0.02909083478152752, 0.028280464932322502, 0.027548398822546005, 0.026817720383405685, 0.026180429384112358, 0.02552742138504982, 0.024927830323576927, 0.024344291538000107, 0.023811113089323044, 0.023305188864469528, 0.022832557559013367, 0.022380173206329346, 0.021940549835562706, 0.02152061089873314, 0.02109609544277191, 0.02068937197327614, 0.02028745785355568, 0.01989937573671341, 0.019519053399562836, 0.019149713218212128, 0.018787041306495667, 0.018437137827277184, 0.018093876540660858, 0.017761079594492912, 0.017436420544981956, 0.01711810566484928]",0.2705479824596211,0.7272266576095274,0.9716714347635019,0.9846834876006827,0.35742081177935753,0.3582432743159347,0.3576341165138901,0.1607962998309799,0.7436748860547985,26.364248833153397,cuda
TAO,258_TAO_id_2_Environment_tr_500_1st_4,LP,pvt_autoencoder_frozen,128,10,10,64,100,0.001,"[0.2629399001598358, 0.25061115622520447, 0.23835234344005585, 0.22765527665615082, 0.21871015429496765, 0.21051228046417236, 0.20285281538963318, 0.19558338820934296, 0.18868125975131989, 0.18208573758602142, 0.1757851243019104, 0.1697230339050293, 0.16387996077537537, 0.15828081965446472, 0.15291555225849152, 0.14775530993938446, 0.14279145002365112, 0.138019859790802, 0.13343527913093567, 0.1290406733751297, 0.12479657679796219, 0.12071121484041214, 0.11679161339998245, 0.11301231384277344, 0.10937827080488205, 0.10588662326335907, 0.10251788049936295, 0.09927690774202347, 0.09615203738212585, 0.09314505755901337, 0.09025373309850693, 0.08747027069330215, 0.0847984254360199, 0.08222487568855286, 0.07975799590349197, 0.07739119231700897, 0.07512453943490982, 0.07294981926679611, 0.07086431235074997, 0.06886186450719833, 0.06693021953105927, 0.06507743895053864, 0.06329692155122757, 0.061579909175634384, 0.05992788448929787, 0.058338236063718796, 0.05680515617132187, 0.055329322814941406, 0.05390966683626175, 0.05254117026925087, 0.05122578889131546, 0.04995435103774071, 0.04873884841799736, 0.04755651578307152, 0.04642155021429062, 0.04533229023218155, 0.04427703842520714, 0.04326021298766136, 0.04228145629167557, 0.04133916646242142, 0.040429141372442245, 0.0395498163998127, 0.03870334476232529, 0.037885017693042755, 0.03709699586033821, 0.036336980760097504, 0.03560252860188484, 0.034897420555353165, 0.03421027213335037, 0.03354883939027786, 0.03291225805878639, 0.03229406476020813, 0.031697824597358704, 0.031121989712119102, 0.030565006658434868, 0.030024852603673935, 0.029504071921110153, 0.028998591005802155, 0.028509387746453285, 0.02803955227136612, 0.02758130431175232, 0.027135951444506645, 0.026707014068961143, 0.02628939598798752, 0.025887444615364075, 0.025495415553450584, 0.02511892281472683, 0.024750040844082832, 0.024394478648900986, 0.024046728387475014, 0.023711450397968292, 0.02338474802672863, 0.023067187517881393, 0.02276177890598774, 0.022461364045739174, 0.02217140980064869, 0.021889934316277504, 0.021616032347083092, 0.021347234025597572, 0.021087897941470146]","[0.2590203881263733, 0.25867316126823425, 0.2581136226654053, 0.257068395614624, 0.25545626878738403, 0.25314512848854065, 0.24999547004699707, 0.24587707221508026, 0.2406497448682785, 0.2342493236064911, 0.2266884744167328, 0.2180933654308319, 0.20873451232910156, 0.1989024579524994, 0.18886356055736542, 0.1788337677717209, 0.16900402307510376, 0.15952283143997192, 0.15050280094146729, 0.1420111060142517, 0.13411203026771545, 0.1268271803855896, 0.12014240026473999, 0.11404015123844147, 0.10848520696163177, 0.10341328382492065, 0.09876683354377747, 0.09448350965976715, 0.09051238000392914, 0.08682220429182053, 0.0833859071135521, 0.08018888533115387, 0.07720250636339188, 0.07442121207714081, 0.07182280719280243, 0.06940048187971115, 0.06713412702083588, 0.06501472741365433, 0.06302538514137268, 0.06115322560071945, 0.05939789116382599, 0.05775002762675285, 0.05620093271136284, 0.05474333092570305, 0.05336323380470276, 0.05204131454229355, 0.050774723291397095, 0.04955499619245529, 0.04838293790817261, 0.04726918041706085, 0.04620340093970299, 0.045200251042842865, 0.044227030128240585, 0.04329399764537811, 0.04239880293607712, 0.04153232276439667, 0.0407046377658844, 0.039912231266498566, 0.03915433958172798, 0.03841995447874069, 0.03770628571510315, 0.03701336309313774, 0.036336369812488556, 0.035679060965776443, 0.03504146635532379, 0.03442467749118805, 0.03382677584886551, 0.03323797881603241, 0.032664645463228226, 0.032104793936014175, 0.03155495971441269, 0.031021853908896446, 0.03050372004508972, 0.030003150925040245, 0.02951507270336151, 0.02904433012008667, 0.028585776686668396, 0.028140446171164513, 0.027709703892469406, 0.027286997064948082, 0.026874009519815445, 0.026475530117750168, 0.026088064536452293, 0.025714397430419922, 0.025348320603370667, 0.024995965883135796, 0.024650251492857933, 0.024317331612110138, 0.023991873487830162, 0.023677464574575424, 0.023372163996100426, 0.023073911666870117, 0.02278638258576393, 0.0225044097751379, 0.022230271250009537, 0.021965116262435913, 0.021703949198126793, 0.02144654095172882, 0.021195655688643456, 0.020951611921191216]",0.2748057232743079,0.7349972291814406,0.9725144228049415,0.9854351657838656,0.36586513667613474,0.36766901258264023,0.36628573154187233,0.16340217649867383,0.7442018850500747,28.92029529507272,cuda
TAO,258_TAO_id_2_Environment_tr_500_1st_4,LP,pvt_autoencoder_progressive_unfreeze,128,10,10,64,150,0.001,"[0.25671371817588806, 0.24229919910430908, 0.22955122590065002, 0.2193061113357544, 0.21075834333896637, 0.2029673308134079, 0.1958150863647461, 0.18919840455055237, 0.18303626775741577, 0.1771460771560669, 0.17151564359664917, 0.1661173403263092, 0.1609131544828415, 0.15584130585193634, 0.15091222524642944, 0.14610224962234497, 0.14143617451190948, 0.13690580427646637, 0.13251610100269318, 0.12824276089668274, 0.12406837940216064, 0.11954053491353989, 0.11524622142314911, 0.11002814769744873, 0.10560747981071472, 0.10148440301418304, 0.09752139449119568, 0.09373001754283905, 0.09013552963733673, 0.08669520914554596, 0.0833800807595253, 0.08019448816776276, 0.07716003060340881, 0.07423838973045349, 0.0714254304766655, 0.06873230636119843, 0.0661386102437973, 0.06366747617721558, 0.061288874596357346, 0.0590081512928009, 0.056825969368219376, 0.054745350033044815, 0.05275030434131622, 0.05085768550634384, 0.04904933273792267, 0.047339893877506256, 0.04570404067635536, 0.04415680468082428, 0.04268448054790497, 0.04128612205386162, 0.03995930776000023, 0.03869258984923363, 0.03749600425362587, 0.03635586053133011, 0.03527158126235008, 0.03424274921417236, 0.03326505795121193, 0.03233606368303299, 0.031454119831323624, 0.030613111332058907, 0.029814742505550385, 0.0290544293820858, 0.028329702094197273, 0.027640914544463158, 0.026982121169567108, 0.026353364810347557, 0.02575591765344143, 0.025185612961649895, 0.024641312658786774, 0.024120597168803215, 0.023622434586286545, 0.023149453103542328, 0.022696703672409058, 0.02226216159760952, 0.021850338205695152, 0.021449455991387367, 0.021070383489131927, 0.02070619910955429, 0.02035713754594326, 0.020022671669721603, 0.019701646640896797, 0.01939275488257408, 0.0190954077988863, 0.018810871988534927, 0.018539361655712128, 0.018273865804076195, 0.018022222444415092, 0.0177787933498621, 0.0175442174077034, 0.017319120466709137, 0.01709972508251667, 0.016890287399291992, 0.016687462106347084, 0.01649066060781479, 0.016303516924381256, 0.016120875254273415, 0.015944605693221092, 0.015774881467223167, 0.01560928300023079, 0.015450607053935528, 0.015295743942260742, 0.015147140249609947, 0.015001456253230572, 0.014862577430903912, 0.014726691879332066, 0.014594865962862968, 0.014467068947851658, 0.014342011883854866, 0.014222890138626099, 0.014106184244155884, 0.01399280782788992, 0.013881785795092583, 0.013774806633591652, 0.01367080956697464, 0.013568946160376072, 0.01347034890204668, 0.013373207300901413, 0.01328082662075758, 0.013188757002353668, 0.013101157732307911, 0.013014055788516998, 0.01292968075722456, 0.012847628444433212, 0.012767585925757885, 0.012690194882452488, 0.012613387778401375, 0.012539315968751907, 0.012466191314160824, 0.012396088801324368, 0.012327038682997227, 0.012258589267730713, 0.012193359434604645, 0.01212854590266943, 0.01206545066088438, 0.012004097923636436, 0.011944095604121685, 0.011884579434990883, 0.011827021837234497, 0.011771409772336483, 0.011715592816472054, 0.011662175878882408, 0.011609154753386974, 0.01155760046094656, 0.011507000774145126, 0.011456587351858616, 0.011409233324229717, 0.011361386626958847, 0.011315188370645046, 0.011269175447523594, 0.011224188841879368]","[0.23716405034065247, 0.23641619086265564, 0.23554357886314392, 0.23444998264312744, 0.23306521773338318, 0.2313477247953415, 0.22924312949180603, 0.22664891183376312, 0.2234521359205246, 0.2195933759212494, 0.21505486965179443, 0.20984821021556854, 0.2040223926305771, 0.1976652592420578, 0.19087032973766327, 0.18374758958816528, 0.17643257975578308, 0.1690448373556137, 0.16166718304157257, 0.1543578803539276, 0.1592223197221756, 0.1526077836751938, 0.14379629492759705, 0.13552841544151306, 0.12799112498760223, 0.12126147747039795, 0.11483559012413025, 0.10858055204153061, 0.10275408625602722, 0.09746615588665009, 0.09260818362236023, 0.08794431388378143, 0.08340178430080414, 0.07906538248062134, 0.07506265491247177, 0.0713927298784256, 0.06800448149442673, 0.06479852646589279, 0.06175404042005539, 0.058861881494522095, 0.05613689124584198, 0.05358120799064636, 0.05121758207678795, 0.049026720225811005, 0.04697978496551514, 0.04501599073410034, 0.04315921291708946, 0.0414399616420269, 0.03989217430353165, 0.038495149463415146, 0.03718670830130577, 0.035941608250141144, 0.03474559262394905, 0.03363297879695892, 0.0326276533305645, 0.0317133292555809, 0.03085665963590145, 0.030038554221391678, 0.029246941208839417, 0.028506731614470482, 0.027822788804769516, 0.02719186060130596, 0.026606861501932144, 0.02605210803449154, 0.025526568293571472, 0.025026490911841393, 0.024543676525354385, 0.024072900414466858, 0.023617442697286606, 0.023175230249762535, 0.02275756746530533, 0.022357959300279617, 0.02197161316871643, 0.0216031726449728, 0.021241366863250732, 0.020898407325148582, 0.020567573606967926, 0.020246490836143494, 0.019940096884965897, 0.019649434834718704, 0.01937595009803772, 0.019115515053272247, 0.018867451697587967, 0.01862640678882599, 0.018385201692581177, 0.01815565675497055, 0.01793310046195984, 0.017717482522130013, 0.017508244141936302, 0.017302019521594048, 0.017102651298046112, 0.016909819096326828, 0.016720816493034363, 0.016539614647626877, 0.016364112496376038, 0.01619603857398033, 0.016036104410886765, 0.015880689024925232, 0.015730200335383415, 0.015580788254737854, 0.015435075387358665, 0.015289540402591228, 0.015149412676692009, 0.015012945048511028, 0.014881006442010403, 0.014754271134734154, 0.014631366357207298, 0.014515618793666363, 0.01440255157649517, 0.014291254803538322, 0.014182048849761486, 0.014073650352656841, 0.013965658843517303, 0.013861408457159996, 0.013761880807578564, 0.013663342222571373, 0.01356949657201767, 0.01347583718597889, 0.013386364094913006, 0.013296646997332573, 0.013210601173341274, 0.013127472251653671, 0.013046673499047756, 0.01296890527009964, 0.012890486046671867, 0.012814909219741821, 0.012739099562168121, 0.012666948139667511, 0.012595916166901588, 0.012525806203484535, 0.01245966088026762, 0.012393301352858543, 0.012329365126788616, 0.0122672189027071, 0.012206675484776497, 0.012146741151809692, 0.012089347466826439, 0.012033234350383282, 0.011976520530879498, 0.011922366917133331, 0.011868877336382866, 0.011817160062491894, 0.011767200194299221, 0.011717776767909527, 0.011670805513858795, 0.011629899963736534, 0.011588195338845253, 0.011544177308678627, 0.011498591862618923, 0.011452536098659039]",0.27382605086118883,0.7344762762207951,0.9723938408020759,0.9855021762735,0.36600906804502886,0.3680101287191391,0.36653948546821863,0.1632821211954536,0.7440735179506626,42.803411127999425,cuda
TAO,258_TAO_id_2_Environment_tr_500_1st_4,LP,pvt_autoencoder_differential_lr,128,10,10,64,100,0.001,"[0.2982777953147888, 0.2819331884384155, 0.2655637562274933, 0.25498834252357483, 0.24640926718711853, 0.23833079636096954, 0.23108087480068207, 0.22356848418712616, 0.2167985588312149, 0.21035552024841309, 0.20413419604301453, 0.19809287786483765, 0.19219176471233368, 0.18645042181015015, 0.18090833723545074, 0.17560677230358124, 0.17050603032112122, 0.16558004915714264, 0.16081640124320984, 0.1562112420797348, 0.1517362892627716, 0.1473909616470337, 0.14317862689495087, 0.13908931612968445, 0.13511916995048523, 0.13127177953720093, 0.12754380702972412, 0.12394135445356369, 0.12043971568346024, 0.11703655123710632, 0.11374551057815552, 0.1105433776974678, 0.10741770267486572, 0.10437826812267303, 0.10141570121049881, 0.09851861000061035, 0.0957026258111, 0.09295463562011719, 0.09029192477464676, 0.08770038187503815, 0.08519276231527328, 0.08276373893022537, 0.08041180670261383, 0.07814285159111023, 0.07595289498567581, 0.0738513395190239, 0.07182276993989944, 0.06987263262271881, 0.06799954175949097, 0.06619514524936676, 0.06445275247097015, 0.06276971101760864, 0.06113583967089653, 0.05955415964126587, 0.058017078787088394, 0.05653028190135956, 0.055104002356529236, 0.05373269319534302, 0.05241024121642113, 0.051139287650585175, 0.04991079494357109, 0.048720575869083405, 0.047570474445819855, 0.04645734652876854, 0.045389074832201004, 0.04435604438185692, 0.04335761442780495, 0.04238564521074295, 0.04144667834043503, 0.04053827375173569, 0.039651818573474884, 0.03879294544458389, 0.03795914351940155, 0.03715050220489502, 0.03636302426457405, 0.03560057282447815, 0.03486275300383568, 0.03414569050073624, 0.033451683819293976, 0.03277699276804924, 0.032124102115631104, 0.03149372339248657, 0.030879084020853043, 0.030286196619272232, 0.029708493500947952, 0.029151108115911484, 0.02860880270600319, 0.02808365970849991, 0.027572842314839363, 0.02707570604979992, 0.026593932881951332, 0.026125414296984673, 0.025667034089565277, 0.025226684287190437, 0.024792972952127457, 0.024373741820454597, 0.023964831605553627, 0.023565467447042465, 0.0231779795140028, 0.02280069701373577]","[0.2661571204662323, 0.2657478451728821, 0.26521191000938416, 0.2642465829849243, 0.2628117799758911, 0.26074132323265076, 0.2580980658531189, 0.2548390328884125, 0.25111064314842224, 0.24709928035736084, 0.24284295737743378, 0.23642008006572723, 0.22991245985031128, 0.2230977714061737, 0.2159261405467987, 0.20843903720378876, 0.20073673129081726, 0.1929234117269516, 0.18515142798423767, 0.17751054465770721, 0.1700679063796997, 0.16285942494869232, 0.15590573847293854, 0.14922302961349487, 0.14283880591392517, 0.13676349818706512, 0.1310141533613205, 0.12558205425739288, 0.12045979499816895, 0.11565208435058594, 0.11112302541732788, 0.10684405267238617, 0.102801114320755, 0.09896615147590637, 0.09529625624418259, 0.09179016202688217, 0.08842962980270386, 0.0852266401052475, 0.08216504007577896, 0.07925450056791306, 0.07649178802967072, 0.0738745629787445, 0.07140177488327026, 0.06906256079673767, 0.06685885787010193, 0.06476620584726334, 0.06278558075428009, 0.060908637940883636, 0.059124499559402466, 0.05743086338043213, 0.05582500249147415, 0.054303061217069626, 0.05287254974246025, 0.05152004212141037, 0.050247084349393845, 0.04905005544424057, 0.04791779816150665, 0.046841323375701904, 0.04582326114177704, 0.04484943673014641, 0.04391290247440338, 0.043011702597141266, 0.042132578790187836, 0.04128018021583557, 0.04044323042035103, 0.039625465869903564, 0.03882424533367157, 0.038047607988119125, 0.03729426488280296, 0.03655989468097687, 0.03584834933280945, 0.03515733778476715, 0.03448699787259102, 0.03383171558380127, 0.03319345787167549, 0.03256843984127045, 0.03195463865995407, 0.03135456144809723, 0.03076486848294735, 0.030194176360964775, 0.029645778238773346, 0.0291154608130455, 0.028608275577425957, 0.028116758912801743, 0.027645260095596313, 0.02718620002269745, 0.02674204669892788, 0.026306023821234703, 0.02587616816163063, 0.025453075766563416, 0.0250319242477417, 0.024613168090581894, 0.024201592430472374, 0.02378929778933525, 0.02338394522666931, 0.022983625531196594, 0.022589217871427536, 0.022204739972949028, 0.02182900719344616, 0.021461572498083115]",0.27287261557741116,0.730836117408285,0.9722216980805511,0.9851749611979634,0.3632372867353668,0.3650689428759028,0.3637216154045546,0.16362203352795915,0.7446422966404589,30.179598450893536,cuda
TAO,258_TAO_id_2_Environment_tr_500_1st_4,SG,cnn_autoencoder,128,10,10,64,150,0.001,"[0.2578999102115631, 0.2508009374141693, 0.24374794960021973, 0.23931927978992462, 0.23593762516975403, 0.23300352692604065, 0.23020809888839722, 0.227342426776886, 0.22425442934036255, 0.2208460420370102, 0.21714186668395996, 0.21332032978534698, 0.2096143215894699, 0.20595782995224, 0.20213784277439117, 0.19814985990524292, 0.19423207640647888, 0.19051598012447357, 0.1869392842054367, 0.1833907961845398, 0.1798257678747177, 0.17626655101776123, 0.17276187241077423, 0.1693217158317566, 0.16593530774116516, 0.16257724165916443, 0.15924274921417236, 0.15600742399692535, 0.15284094214439392, 0.1497146338224411, 0.14664652943611145, 0.14363497495651245, 0.14067332446575165, 0.13775616884231567, 0.13491366803646088, 0.13215301930904388, 0.12947973608970642, 0.12686146795749664, 0.12429053336381912, 0.12176903337240219, 0.1192794069647789, 0.1168183833360672, 0.11438297480344772, 0.11197712272405624, 0.10961794853210449, 0.10729467868804932, 0.10501280426979065, 0.1027737483382225, 0.1005757674574852, 0.09843511134386063, 0.09633450210094452, 0.09429845958948135, 0.09229975193738937, 0.09035362303256989, 0.08845648169517517, 0.08660653233528137, 0.0847979262471199, 0.08303771167993546, 0.08131376653909683, 0.07963735610246658, 0.07800468057394028, 0.07640424370765686, 0.07485143840312958, 0.0733281672000885, 0.07184802740812302, 0.0704064667224884, 0.0689997598528862, 0.06762348115444183, 0.06628675013780594, 0.06497811526060104, 0.06370643526315689, 0.06246000900864601, 0.06124959886074066, 0.06006273999810219, 0.05890659615397453, 0.05777687206864357, 0.05667798966169357, 0.055600542575120926, 0.054550353437662125, 0.053523216396570206, 0.052524931728839874, 0.0515466034412384, 0.05058914050459862, 0.04965976998209953, 0.04875082150101662, 0.047861214727163315, 0.04699210822582245, 0.046145062893629074, 0.04531797021627426, 0.04450896009802818, 0.043720245361328125, 0.042949218302965164, 0.0421924814581871, 0.04145553708076477, 0.040733933448791504, 0.04002954810857773, 0.039343152195215225, 0.03867233544588089, 0.03801438584923744, 0.037366725504398346, 0.03674054518342018, 0.036127060651779175, 0.035519760102033615, 0.0349336601793766, 0.034358665347099304, 0.03379324823617935, 0.03324276953935623, 0.03269951790571213, 0.032173462212085724, 0.03165920078754425, 0.03114989399909973, 0.030654754489660263, 0.03016827255487442, 0.029693102464079857, 0.02922878786921501, 0.028773533180356026, 0.028326330706477165, 0.027890563011169434, 0.02746059186756611, 0.027043893933296204, 0.026634501293301582, 0.026231251657009125, 0.025837870314717293, 0.02545352466404438, 0.02507171779870987, 0.024704663082957268, 0.024340884760022163, 0.02398405224084854, 0.023635951802134514, 0.023292897269129753, 0.02295929193496704, 0.022631345316767693, 0.022307833656668663, 0.021992938593029976, 0.02168372832238674, 0.021379616111516953, 0.021081695333123207, 0.02078896574676037, 0.020501933991909027, 0.020221194252371788, 0.01994343288242817, 0.01967422477900982, 0.019408371299505234, 0.019147556275129318, 0.018892373889684677, 0.018640128895640373, 0.018392978236079216, 0.01814861223101616, 0.017912501469254494, 0.017677845433354378]","[0.23908279836177826, 0.23885837197303772, 0.2385852336883545, 0.23826003074645996, 0.23787431418895721, 0.23741218447685242, 0.23686376214027405, 0.23623201251029968, 0.2354559600353241, 0.2344280332326889, 0.2330644577741623, 0.2313345968723297, 0.2293548583984375, 0.22726735472679138, 0.2251574993133545, 0.22295837104320526, 0.22045592963695526, 0.21742913126945496, 0.21369348466396332, 0.2092195600271225, 0.20407383143901825, 0.1985010951757431, 0.19270586967468262, 0.1869829297065735, 0.181557297706604, 0.17644833028316498, 0.17156915366649628, 0.1668442338705063, 0.16228044033050537, 0.15783357620239258, 0.1534970998764038, 0.14929479360580444, 0.1452282965183258, 0.14128047227859497, 0.1375465840101242, 0.1339433491230011, 0.13051006197929382, 0.12727156281471252, 0.1243278980255127, 0.12154337763786316, 0.11886328458786011, 0.11623083055019379, 0.11362385749816895, 0.11107377707958221, 0.10858283936977386, 0.10614712536334991, 0.1037648543715477, 0.10141696780920029, 0.09911350905895233, 0.09685703366994858, 0.09469300508499146, 0.09259644150733948, 0.09057644009590149, 0.08862408250570297, 0.0866936668753624, 0.08476786315441132, 0.082860067486763, 0.08098253607749939, 0.07918526232242584, 0.07748977094888687, 0.07588492333889008, 0.07437459379434586, 0.07291856408119202, 0.07151173800230026, 0.0701432079076767, 0.06881099194288254, 0.06751830875873566, 0.06627374142408371, 0.06506019830703735, 0.06387846171855927, 0.06270952522754669, 0.06156468018889427, 0.06043720990419388, 0.059341900050640106, 0.05827692151069641, 0.05724240466952324, 0.056221187114715576, 0.05521590635180473, 0.05421876162290573, 0.05323850363492966, 0.05227206274867058, 0.05132284015417099, 0.05039779469370842, 0.049489252269268036, 0.04859423264861107, 0.04771500080823898, 0.04685330390930176, 0.04600872844457626, 0.04518064111471176, 0.04437217116355896, 0.043581560254096985, 0.04280516505241394, 0.04204743355512619, 0.04130559787154198, 0.04057959467172623, 0.03987351059913635, 0.039184894412755966, 0.03851144015789032, 0.037850119173526764, 0.037212979048490524, 0.0365876741707325, 0.035967957228422165, 0.035369351506233215, 0.034782495349645615, 0.034203868359327316, 0.033640023320913315, 0.0330822691321373, 0.03254113718867302, 0.03201080486178398, 0.031483687460422516, 0.030969655141234398, 0.030463559553027153, 0.029969431459903717, 0.02948639541864395, 0.029014399275183678, 0.028552379459142685, 0.02810380607843399, 0.02766367420554161, 0.027238896116614342, 0.026822984218597412, 0.026413163170218468, 0.02601156383752823, 0.025617457926273346, 0.025225505232810974, 0.024847863242030144, 0.0244736410677433, 0.024107471108436584, 0.02375127375125885, 0.023401949554681778, 0.023064589127898216, 0.02273416519165039, 0.022409159690141678, 0.022094104439020157, 0.021785233169794083, 0.021481847390532494, 0.021184321492910385, 0.020891737192869186, 0.020604802295565605, 0.02032456174492836, 0.020046934485435486, 0.019777489826083183, 0.019511109218001366, 0.019249260425567627, 0.018993191421031952, 0.018739601597189903, 0.01849083974957466, 0.01824553683400154, 0.01800847239792347, 0.01777227781713009, 0.01754203997552395]",0.3008819984062149,0.7505969795333397,0.9708528679603746,0.9851022375482238,0.3724074276034423,0.3732876712328767,0.3680506112817588,0.200176233860008,0.740733603133025,19.290791988139972,cuda
TAO,258_TAO_id_2_Environment_tr_500_1st_4,SG,resnet18_autoencoder_frozen,128,10,10,64,100,0.001,"[0.27220457792282104, 0.2526340186595917, 0.23761753737926483, 0.22649799287319183, 0.21579207479953766, 0.20546670258045197, 0.1963357925415039, 0.18780465424060822, 0.17972692847251892, 0.1723112165927887, 0.16546128690242767, 0.1590098887681961, 0.15290173888206482, 0.14709077775478363, 0.14161676168441772, 0.13638637959957123, 0.1314007192850113, 0.1266525238752365, 0.12213010340929031, 0.11784853786230087, 0.11375954002141953, 0.10981973260641098, 0.10602554678916931, 0.10238289088010788, 0.09886476397514343, 0.09546520560979843, 0.09219718724489212, 0.08904491364955902, 0.08601385354995728, 0.08310610055923462, 0.08032025396823883, 0.07765206694602966, 0.07510210573673248, 0.07267089188098907, 0.07035085558891296, 0.06812974810600281, 0.065997414290905, 0.06395158916711807, 0.06199117749929428, 0.06010701507329941, 0.05831380933523178, 0.056581635028123856, 0.05492418259382248, 0.05332193151116371, 0.051786571741104126, 0.050300098955631256, 0.048875708132982254, 0.04750489071011543, 0.04618692025542259, 0.044908586889505386, 0.04368302971124649, 0.04250190407037735, 0.04135521501302719, 0.04025020822882652, 0.03918689861893654, 0.03815619274973869, 0.03716058284044266, 0.03619878739118576, 0.03526652976870537, 0.03436404839158058, 0.033491168171167374, 0.032643888145685196, 0.03182421997189522, 0.031029747799038887, 0.030258338898420334, 0.029510419815778732, 0.02878626249730587, 0.028080424293875694, 0.027398839592933655, 0.026738816872239113, 0.02609884738922119, 0.02547505684196949, 0.02487342804670334, 0.02428440935909748, 0.02371079847216606, 0.02315429411828518, 0.022612661123275757, 0.022090135142207146, 0.02157978154718876, 0.021086767315864563, 0.020608339458703995, 0.020145827904343605, 0.01969767175614834, 0.01926177553832531, 0.018840288743376732, 0.018428552895784378, 0.01802917569875717, 0.017641430720686913, 0.017265750095248222, 0.016900984570384026, 0.016547106206417084, 0.016202537342905998, 0.01586773246526718, 0.01554342731833458, 0.015226361341774464, 0.014916795305907726, 0.01461852341890335, 0.014328294433653355, 0.014044039882719517, 0.013769601471722126]","[0.2541395425796509, 0.2527869939804077, 0.2515903413295746, 0.25031203031539917, 0.24889859557151794, 0.24739345908164978, 0.24552616477012634, 0.24283131957054138, 0.2392062246799469, 0.2346041053533554, 0.22911927103996277, 0.22297677397727966, 0.21608321368694305, 0.20862048864364624, 0.20056289434432983, 0.19212083518505096, 0.18354246020317078, 0.17515230178833008, 0.1670691967010498, 0.15914927423000336, 0.15142059326171875, 0.14381469786167145, 0.13644085824489594, 0.1294645369052887, 0.12294673174619675, 0.1167643591761589, 0.11103969067335129, 0.10582711547613144, 0.1010250449180603, 0.09649425745010376, 0.09227358549833298, 0.08801686018705368, 0.08374043554067612, 0.0796065554022789, 0.07583597302436829, 0.07246726751327515, 0.06933096051216125, 0.06647396087646484, 0.06388947367668152, 0.06149483844637871, 0.05924920365214348, 0.05719112604856491, 0.05521436780691147, 0.053365349769592285, 0.05158936232328415, 0.049918439239263535, 0.0483611635863781, 0.04689791053533554, 0.0454961322247982, 0.044200241565704346, 0.042991191148757935, 0.04185447841882706, 0.0407726876437664, 0.03976910933852196, 0.038799867033958435, 0.03787616640329361, 0.03699365258216858, 0.03615918383002281, 0.03534549102187157, 0.034566767513751984, 0.03377852588891983, 0.032987143844366074, 0.03219985216856003, 0.0314304381608963, 0.03067680448293686, 0.029943104833364487, 0.029225580394268036, 0.028516259044408798, 0.027807660400867462, 0.02712242305278778, 0.026472579687833786, 0.025850780308246613, 0.025246601551771164, 0.024666626006364822, 0.0241099800914526, 0.023572545498609543, 0.023064956068992615, 0.02257455885410309, 0.02211615815758705, 0.021696260198950768, 0.021285545080900192, 0.020891673862934113, 0.020493512973189354, 0.020105455070734024, 0.019720349460840225, 0.019343484193086624, 0.018975645303726196, 0.018607785925269127, 0.01824072189629078, 0.017876779660582542, 0.017518557608127594, 0.01716379076242447, 0.016815070062875748, 0.016494493931531906, 0.016165537759661674, 0.01584348827600479, 0.015574552118778229, 0.015322519466280937, 0.015066826716065407, 0.014822790399193764]",0.2958016412763233,0.7494704187559438,0.9695367209383324,0.9845448865713138,0.37235490271246346,0.3732876712328767,0.3680506112817588,0.19553530990809512,0.7405558806663884,25.17195199779235,cuda
TAO,258_TAO_id_2_Environment_tr_500_1st_4,SG,resnet18_autoencoder_progressive_unfreeze,128,10,10,64,150,0.001,"[0.26033762097358704, 0.2446468472480774, 0.23228813707828522, 0.22325009107589722, 0.21466761827468872, 0.2066524624824524, 0.1994633972644806, 0.1927025467157364, 0.1862785667181015, 0.1801432967185974, 0.17424988746643066, 0.16861295700073242, 0.1632174700498581, 0.15805934369564056, 0.15312908589839935, 0.14839953184127808, 0.1438477486371994, 0.1394193470478058, 0.13511434197425842, 0.13089492917060852, 0.12676794826984406, 0.12411867082118988, 0.11873704940080643, 0.11362171173095703, 0.10914162546396255, 0.10509910434484482, 0.10095271468162537, 0.09721919894218445, 0.09358953684568405, 0.09009172022342682, 0.08677540719509125, 0.08359195291996002, 0.0804978609085083, 0.07756116986274719, 0.0747307687997818, 0.07199286669492722, 0.06937120109796524, 0.06685759872198105, 0.0644378513097763, 0.06210932508111, 0.05987880378961563, 0.05773146077990532, 0.05566953122615814, 0.0536908321082592, 0.051794860512018204, 0.04997159168124199, 0.048225391656160355, 0.04655701667070389, 0.0449596606194973, 0.04342474788427353, 0.041961945593357086, 0.04055839404463768, 0.039214346557855606, 0.037924978882074356, 0.036684297025203705, 0.035496149212121964, 0.034355420619249344, 0.03326490893959999, 0.03221253305673599, 0.0312080979347229, 0.0302437711507082, 0.029316525906324387, 0.02842647396028042, 0.027568375691771507, 0.026748672127723694, 0.02595868520438671, 0.025203200057148933, 0.024474848061800003, 0.023775998502969742, 0.023102562874555588, 0.022457104176282883, 0.02183748409152031, 0.02123795635998249, 0.020665854215621948, 0.020110519602894783, 0.019580019637942314, 0.01906788907945156, 0.018573924899101257, 0.018096301704645157, 0.017635952681303024, 0.017190931364893913, 0.016764039173722267, 0.016348376870155334, 0.015947001054883003, 0.01555987261235714, 0.015185319818556309, 0.014824926853179932, 0.014473137445747852, 0.014136907644569874, 0.013806387782096863, 0.013492020778357983, 0.01318361982703209, 0.012885035946965218, 0.012597346678376198, 0.012318098917603493, 0.012045704759657383, 0.011782863177359104, 0.011526943184435368, 0.011280017904937267, 0.011041377671062946, 0.010806509293615818, 0.010581107810139656, 0.010360055603086948, 0.010145420208573341, 0.009940553456544876, 0.009736474603414536, 0.009540130384266376, 0.00935027189552784, 0.009163977578282356, 0.00898436177521944, 0.0088075902312994, 0.00863634329289198, 0.00847011711448431, 0.008309615775942802, 0.008150123991072178, 0.007997303269803524, 0.007848070003092289, 0.00770277576521039, 0.007560394704341888, 0.00742350472137332, 0.007287809159606695, 0.007156447973102331, 0.00702944491058588, 0.006905296351760626, 0.006783946882933378, 0.006665599066764116, 0.0065506380051374435, 0.006437290459871292, 0.006328338757157326, 0.0062207370065152645, 0.006117136683315039, 0.006015187129378319, 0.005915874149650335, 0.005818311590701342, 0.0057241651229560375, 0.0056307329796254635, 0.005541929975152016, 0.0054523698054254055, 0.0053673405200243, 0.00528365932404995, 0.0051999762654304504, 0.00511923199519515, 0.00504077784717083, 0.004965183790773153, 0.004889159929007292, 0.004815862514078617, 0.00474413251504302, 0.004673293326050043, 0.004605483263731003, 0.004537857603281736]","[0.24344485998153687, 0.2430553138256073, 0.2426503300666809, 0.24191062152385712, 0.24084708094596863, 0.23947295546531677, 0.23767313361167908, 0.2352060079574585, 0.23195883631706238, 0.2278454750776291, 0.22290802001953125, 0.21733856201171875, 0.21120750904083252, 0.20461928844451904, 0.19763480126857758, 0.19031110405921936, 0.18276068568229675, 0.17510083317756653, 0.16736261546611786, 0.15967833995819092, 0.15445034205913544, 0.15321753919124603, 0.1459224373102188, 0.1367778182029724, 0.13026566803455353, 0.12597551941871643, 0.12176452577114105, 0.11663099378347397, 0.11089833825826645, 0.10529597848653793, 0.10036780685186386, 0.09579889476299286, 0.09136407822370529, 0.08702605217695236, 0.08273845911026001, 0.07863977551460266, 0.0748371109366417, 0.07134091854095459, 0.06806182861328125, 0.06492013484239578, 0.06197013705968857, 0.059204213321208954, 0.05666050314903259, 0.05427371710538864, 0.05202729254961014, 0.04987476021051407, 0.04786485433578491, 0.045983992516994476, 0.04422692582011223, 0.04259481653571129, 0.041063107550144196, 0.03960542380809784, 0.03820425271987915, 0.036836765706539154, 0.0355311743915081, 0.034292809665203094, 0.033127374947071075, 0.03201565146446228, 0.030968597158789635, 0.029957406222820282, 0.028991831466555595, 0.028080269694328308, 0.027219224721193314, 0.026404976844787598, 0.025629593059420586, 0.024885451421141624, 0.024167200550436974, 0.0234863068908453, 0.022830603644251823, 0.022220823913812637, 0.021649368107318878, 0.0211016908288002, 0.020588023588061333, 0.02008429728448391, 0.019603146240115166, 0.019146982580423355, 0.01871335133910179, 0.01829364150762558, 0.01787964440882206, 0.01748250238597393, 0.017107032239437103, 0.016742875799536705, 0.01637803018093109, 0.01602405682206154, 0.01564675383269787, 0.01527222990989685, 0.014898348599672318, 0.014540661126375198, 0.014179838821291924, 0.013850618153810501, 0.013539992272853851, 0.01324555091559887, 0.012961345724761486, 0.012677173130214214, 0.012402335181832314, 0.012132935225963593, 0.01186872087419033, 0.011617346666753292, 0.011380815878510475, 0.011145152151584625, 0.010919513180851936, 0.01069534569978714, 0.01048146840184927, 0.010280727408826351, 0.010075104422867298, 0.009877167642116547, 0.009689800441265106, 0.009502755478024483, 0.00932183489203453, 0.009141363203525543, 0.00896635465323925, 0.00879762228578329, 0.008634911850094795, 0.008467573672533035, 0.008307268843054771, 0.0081567307934165, 0.008011232130229473, 0.007867442443966866, 0.007728683762252331, 0.0075925737619400024, 0.007460051216185093, 0.007329158019274473, 0.007199821528047323, 0.007074038498103619, 0.006952197290956974, 0.006833208724856377, 0.006716383155435324, 0.006604514550417662, 0.006494622677564621, 0.006388884037733078, 0.00628525298088789, 0.006183502729982138, 0.00608404353260994, 0.005987877957522869, 0.0058917030692100525, 0.005802226718515158, 0.005710316821932793, 0.005623745732009411, 0.005538660101592541, 0.005453504156321287, 0.005370221100747585, 0.005289757624268532, 0.00521194189786911, 0.005133380647748709, 0.005058517213910818, 0.004984667059034109, 0.004911564290523529, 0.004842151887714863, 0.0047721220180392265, 0.004704597406089306]",0.2999447032302961,0.7506369812785321,0.9705469198409494,0.9850278483054873,0.37235490271246346,0.3732876712328767,0.3680506112817588,0.19934825172979753,0.7405558806663884,38.49000949598849,cuda
TAO,258_TAO_id_2_Environment_tr_500_1st_4,SG,resnet18_autoencoder_differential_lr,128,10,10,64,100,0.001,"[0.27763643860816956, 0.24950237572193146, 0.23288120329380035, 0.22389008104801178, 0.2159193903207779, 0.20752117037773132, 0.19955408573150635, 0.1924760937690735, 0.18602310121059418, 0.18032804131507874, 0.1750536412000656, 0.1699836254119873, 0.16501425206661224, 0.16017821431159973, 0.15549872815608978, 0.15089094638824463, 0.14641065895557404, 0.14212636649608612, 0.13802306354045868, 0.13405688107013702, 0.13019512593746185, 0.12641476094722748, 0.12272867560386658, 0.11911769211292267, 0.11559700220823288, 0.11215760558843613, 0.10881227999925613, 0.10556226968765259, 0.10241120308637619, 0.09935254603624344, 0.09637626260519028, 0.09346598386764526, 0.09061971306800842, 0.08784022182226181, 0.0851302370429039, 0.08248171210289001, 0.07990213483572006, 0.07738718390464783, 0.07494620233774185, 0.07257745414972305, 0.07026675343513489, 0.06803833693265915, 0.06588754057884216, 0.06380712985992432, 0.061793532222509384, 0.05985688045620918, 0.05798580124974251, 0.05617961660027504, 0.05443814396858215, 0.052758343517780304, 0.0511276051402092, 0.04955305904150009, 0.0480322390794754, 0.046562694013118744, 0.04514618217945099, 0.043769173324108124, 0.04244736209511757, 0.04117054492235184, 0.03995151072740555, 0.0387733168900013, 0.03764146938920021, 0.03654914349317551, 0.03549158573150635, 0.03447411581873894, 0.03348972275853157, 0.03253764659166336, 0.03162294998764992, 0.03073888272047043, 0.02989000640809536, 0.029070094227790833, 0.028280528262257576, 0.02751404605805874, 0.026776719838380814, 0.026062672957777977, 0.02537624165415764, 0.024707630276679993, 0.024063704535365105, 0.023443171754479408, 0.022844282910227776, 0.022263409569859505, 0.021703219041228294, 0.021163908764719963, 0.020635288208723068, 0.020125851035118103, 0.019628550857305527, 0.019145742058753967, 0.018674366176128387, 0.018218092620372772, 0.017772361636161804, 0.01733722724020481, 0.016918057575821877, 0.016508715227246284, 0.01610918529331684, 0.01572427898645401, 0.015348528511822224, 0.014981789514422417, 0.014626652002334595, 0.014282413758337498, 0.013949624262750149, 0.013622207567095757]","[0.23796766996383667, 0.23769432306289673, 0.23748871684074402, 0.23725557327270508, 0.2367919385433197, 0.2359585165977478, 0.23500683903694153, 0.2333800196647644, 0.23090170323848724, 0.22766081988811493, 0.22385869920253754, 0.2196488380432129, 0.21493911743164062, 0.2098788321018219, 0.20442645251750946, 0.19880400598049164, 0.19285047054290771, 0.18662402033805847, 0.18021607398986816, 0.17370226979255676, 0.1672252118587494, 0.16071049869060516, 0.1542109251022339, 0.14780309796333313, 0.14153549075126648, 0.13540321588516235, 0.12952275574207306, 0.12393473833799362, 0.11863037198781967, 0.11360788345336914, 0.10881771892309189, 0.10431008040904999, 0.1000562533736229, 0.09600620716810226, 0.09212829917669296, 0.08841829001903534, 0.0848541408777237, 0.08141688257455826, 0.0781182199716568, 0.07497141510248184, 0.0719788670539856, 0.06916980445384979, 0.06650526076555252, 0.06398181617259979, 0.061600565910339355, 0.05934545397758484, 0.05720902234315872, 0.05518421158194542, 0.053278159350156784, 0.051472149789333344, 0.0497695729136467, 0.04815575107932091, 0.04663252830505371, 0.04518914222717285, 0.04383137449622154, 0.04256808012723923, 0.041366077959537506, 0.04025542363524437, 0.03920280933380127, 0.0381585992872715, 0.03713397681713104, 0.03616628050804138, 0.03521052002906799, 0.03429081290960312, 0.03341294080018997, 0.03257501870393753, 0.03177647292613983, 0.031003229320049286, 0.03026885911822319, 0.029549775645136833, 0.02884795144200325, 0.02817683480679989, 0.027498891577124596, 0.026829224079847336, 0.026200588792562485, 0.025586038827896118, 0.02498261258006096, 0.024380452930927277, 0.023807182908058167, 0.02323794923722744, 0.0226910263299942, 0.02216205559670925, 0.021643083542585373, 0.02111288532614708, 0.020596977323293686, 0.02010965533554554, 0.019627844914793968, 0.019134506583213806, 0.01867387257516384, 0.01822742447257042, 0.017795991152524948, 0.017360080033540726, 0.016934487968683243, 0.016481809318065643, 0.016040610149502754, 0.015612618997693062, 0.015250807628035545, 0.014912529848515987, 0.014597220346331596, 0.01427991222590208]",0.2978792144849456,0.7497457796065706,0.9700987228353051,0.984785227625688,0.37235490271246346,0.3732876712328767,0.3680506112817588,0.19935357053002148,0.7408540410518619,25.353053313912824,cuda
TAO,258_TAO_id_2_Environment_tr_500_1st_4,SG,pvt_autoencoder_frozen,128,10,10,64,100,0.001,"[0.27464812994003296, 0.25836122035980225, 0.2444963902235031, 0.23411905765533447, 0.22513821721076965, 0.21669873595237732, 0.2086648941040039, 0.20092755556106567, 0.1935940682888031, 0.18664342164993286, 0.17998073995113373, 0.17359979450702667, 0.16746461391448975, 0.16159844398498535, 0.15596449375152588, 0.15056383609771729, 0.1453845053911209, 0.14039382338523865, 0.1356154829263687, 0.1310310661792755, 0.12660883367061615, 0.12236219644546509, 0.11829718202352524, 0.11439332365989685, 0.11063997447490692, 0.10702778398990631, 0.10354172438383102, 0.10019458085298538, 0.09695573151111603, 0.09383891522884369, 0.09083059430122375, 0.08792941272258759, 0.08514347672462463, 0.082466721534729, 0.07988173514604568, 0.0773971751332283, 0.07500381022691727, 0.0726948156952858, 0.07047054171562195, 0.0683153048157692, 0.06623438745737076, 0.06422953307628632, 0.06228761747479439, 0.06040886044502258, 0.058598849922418594, 0.056849703192710876, 0.05516558885574341, 0.05353720113635063, 0.05196530744433403, 0.05045277997851372, 0.04898521676659584, 0.0475725494325161, 0.04620857536792755, 0.044892046600580215, 0.04361763224005699, 0.042389146983623505, 0.04120580852031708, 0.04006124287843704, 0.03895655646920204, 0.0378899872303009, 0.03685683384537697, 0.0358617939054966, 0.03490240126848221, 0.03397122398018837, 0.03307052329182625, 0.03220123425126076, 0.0313609354197979, 0.03054756298661232, 0.02976391464471817, 0.029002519324421883, 0.028270091861486435, 0.027559906244277954, 0.02687208727002144, 0.02620870992541313, 0.02556687407195568, 0.024947183206677437, 0.02434234507381916, 0.02376040630042553, 0.02319534309208393, 0.02264855057001114, 0.022118061780929565, 0.021605703979730606, 0.021108590066432953, 0.020626250654459, 0.020161213353276253, 0.019709667190909386, 0.01927383430302143, 0.018852083012461662, 0.018442705273628235, 0.018047140911221504, 0.01766607165336609, 0.01729370839893818, 0.016931839287281036, 0.016585344448685646, 0.016245761886239052, 0.015915745869278908, 0.015597653575241566, 0.015288225375115871, 0.01498719397932291, 0.014692576602101326]","[0.2492910623550415, 0.248918816447258, 0.24839989840984344, 0.24770808219909668, 0.24676911532878876, 0.2455134242773056, 0.24384042620658875, 0.24162881076335907, 0.2387974113225937, 0.23525571823120117, 0.2309950590133667, 0.22592413425445557, 0.22010809183120728, 0.2136021852493286, 0.20649516582489014, 0.19888675212860107, 0.19093261659145355, 0.18283502757549286, 0.17475688457489014, 0.1668028086423874, 0.1589840054512024, 0.15134336054325104, 0.14393675327301025, 0.13680070638656616, 0.1300075352191925, 0.12359689921140671, 0.11760520935058594, 0.11201491951942444, 0.10683205723762512, 0.10200256109237671, 0.09749262779951096, 0.09329917281866074, 0.08938860893249512, 0.08573924005031586, 0.08233465254306793, 0.07915383577346802, 0.07617790997028351, 0.07339302450418472, 0.0707693099975586, 0.0683053657412529, 0.06599140167236328, 0.06380458921194077, 0.0617380291223526, 0.05978594347834587, 0.057920828461647034, 0.056138765066862106, 0.05443015322089195, 0.05278914421796799, 0.051219016313552856, 0.04970158636569977, 0.048246704041957855, 0.04685485363006592, 0.04552098736166954, 0.04423999786376953, 0.043007951229810715, 0.04182012006640434, 0.040668025612831116, 0.039552878588438034, 0.038469891995191574, 0.03741779923439026, 0.036402784287929535, 0.03542754054069519, 0.034484729170799255, 0.033577580004930496, 0.03270575404167175, 0.03186633437871933, 0.03105570189654827, 0.030276358127593994, 0.029519205912947655, 0.02879309467971325, 0.028090093284845352, 0.027412034571170807, 0.02676098421216011, 0.02613407000899315, 0.025533154606819153, 0.024949651211500168, 0.024391401559114456, 0.02385076880455017, 0.02332964353263378, 0.02282208763062954, 0.022329729050397873, 0.02184862643480301, 0.021378252655267715, 0.020922822877764702, 0.020478209480643272, 0.020048361271619797, 0.019632451236248016, 0.019228417426347733, 0.018838509917259216, 0.018462827429175377, 0.018094640225172043, 0.01773548312485218, 0.017390361055731773, 0.01704980805516243, 0.016715465113520622, 0.01639155112206936, 0.016074424609541893, 0.015765730291604996, 0.015462248586118221, 0.015169326215982437]",0.29811878766932354,0.7497281044168346,0.9704475075250119,0.9850905637347159,0.37235490271246346,0.3732876712328767,0.3680506112817588,0.20045341315966525,0.7406968210345762,28.163811973994598,cuda
TAO,258_TAO_id_2_Environment_tr_500_1st_4,SG,pvt_autoencoder_progressive_unfreeze,128,10,10,64,150,0.001,"[0.26085424423217773, 0.24633245170116425, 0.2317294031381607, 0.22063422203063965, 0.21103931963443756, 0.20250830054283142, 0.19463036954402924, 0.18716667592525482, 0.1800464540719986, 0.17331556975841522, 0.16695475578308105, 0.16092169284820557, 0.15517625212669373, 0.14968441426753998, 0.14441043138504028, 0.13932743668556213, 0.13445362448692322, 0.12977451086044312, 0.1252901256084442, 0.12098723649978638, 0.1168617308139801, 0.11235275864601135, 0.10744356364011765, 0.10297178477048874, 0.09887593239545822, 0.09504213184118271, 0.09137192368507385, 0.08790113776922226, 0.08464209735393524, 0.08152564615011215, 0.07856197655200958, 0.07575111836194992, 0.07307224720716476, 0.07050751894712448, 0.06804955750703812, 0.06570696830749512, 0.06345276534557343, 0.0612969733774662, 0.05922712758183479, 0.05724310874938965, 0.05532253533601761, 0.05348038673400879, 0.05171307548880577, 0.05001632869243622, 0.04838963970541954, 0.046817708760499954, 0.04531301185488701, 0.043866321444511414, 0.0424751415848732, 0.041135523468256, 0.03984507545828819, 0.0386057086288929, 0.03741651773452759, 0.03626944497227669, 0.03516519442200661, 0.034102730453014374, 0.033081088215112686, 0.03210373595356941, 0.031157391145825386, 0.03025181032717228, 0.02937912382185459, 0.028539828956127167, 0.02773284912109375, 0.026952525600790977, 0.02620607428252697, 0.025485174730420113, 0.02479291893541813, 0.024122802540659904, 0.02347714640200138, 0.022856278344988823, 0.022254614159464836, 0.02167610451579094, 0.021117471158504486, 0.02057976834475994, 0.02005583606660366, 0.01955258660018444, 0.019065972417593002, 0.018596217036247253, 0.018140098080039024, 0.01769937388598919, 0.01727006770670414, 0.016858108341693878, 0.016457563266158104, 0.016070710495114326, 0.015698282048106194, 0.015333147719502449, 0.01497911848127842, 0.014637719839811325, 0.014303380623459816, 0.013983874581754208, 0.013668213970959187, 0.013363669626414776, 0.013070978224277496, 0.012782605364918709, 0.012505295686423779, 0.012233923189342022, 0.011971881613135338, 0.011714857071638107, 0.011465495452284813, 0.011225024238228798, 0.010990527458488941, 0.010761740617454052, 0.01054204348474741, 0.010324643924832344, 0.010116206482052803, 0.009912633337080479, 0.009714570827782154, 0.00952178705483675, 0.009334233589470387, 0.009152775630354881, 0.008973544463515282, 0.008801789954304695, 0.008635293692350388, 0.00847009476274252, 0.00831121951341629, 0.008155610412359238, 0.008004926145076752, 0.007858533412218094, 0.007715622894465923, 0.007576130796223879, 0.007439068518579006, 0.007307325955480337, 0.007177777588367462, 0.007052489090710878, 0.006927904672920704, 0.006808094680309296, 0.006691798567771912, 0.0065778205171227455, 0.006466862745583057, 0.006357912439852953, 0.0062517509795725346, 0.006148286629468203, 0.006046962924301624, 0.0059489901177585125, 0.005852832924574614, 0.005758293904364109, 0.005666710902005434, 0.005577388219535351, 0.005488937254995108, 0.005402101203799248, 0.005319087766110897, 0.005237068980932236, 0.005156665574759245, 0.0050790077075362206, 0.005002676974982023, 0.004927983041852713, 0.004853897728025913, 0.004782339558005333, 0.004711456131190062, 0.004642490763217211]","[0.26281872391700745, 0.26193228363990784, 0.260831356048584, 0.25939762592315674, 0.2575436234474182, 0.2552585005760193, 0.2524012327194214, 0.24881044030189514, 0.24434910714626312, 0.23899543285369873, 0.23274151980876923, 0.22559687495231628, 0.2176397144794464, 0.2090480923652649, 0.19998550415039062, 0.1906566321849823, 0.18125788867473602, 0.17196927964687347, 0.1629130095243454, 0.1542486995458603, 0.15906721353530884, 0.14694106578826904, 0.13602879643440247, 0.12743720412254333, 0.12004279345273972, 0.11317339539527893, 0.10635592043399811, 0.10008150339126587, 0.09458792209625244, 0.08980276435613632, 0.08539249747991562, 0.08121319115161896, 0.07723581045866013, 0.07351814955472946, 0.07014431059360504, 0.06706813722848892, 0.06420888006687164, 0.06149885058403015, 0.058918606489896774, 0.05650106817483902, 0.05427190661430359, 0.052223145961761475, 0.050335466861724854, 0.048594437539577484, 0.04694720730185509, 0.045375920832157135, 0.04381940886378288, 0.042273979634046555, 0.04074590653181076, 0.039279066026210785, 0.037902817130088806, 0.03663463890552521, 0.035461749881505966, 0.03436995670199394, 0.03334525600075722, 0.032380446791648865, 0.031472112983465195, 0.03059408627450466, 0.029749754816293716, 0.028935328125953674, 0.0281539186835289, 0.027402883395552635, 0.026670565828680992, 0.025952108204364777, 0.02523753046989441, 0.02453523688018322, 0.023853283375501633, 0.02320772036910057, 0.022602062672376633, 0.022023580968379974, 0.021473726257681847, 0.02094435691833496, 0.02043568715453148, 0.01994135230779648, 0.019466251134872437, 0.01900666207075119, 0.018566196784377098, 0.0181411225348711, 0.017730852589011192, 0.01733233779668808, 0.016949564218521118, 0.016576062887907028, 0.01621519960463047, 0.01586892455816269, 0.015526637434959412, 0.015193143859505653, 0.014866359531879425, 0.014544605277478695, 0.014236338436603546, 0.013933150097727776, 0.013641493394970894, 0.013359472155570984, 0.013079678639769554, 0.012811350636184216, 0.012550159357488155, 0.012298693880438805, 0.012052983045578003, 0.01181233674287796, 0.01157810166478157, 0.011348805390298367, 0.011124877259135246, 0.010908885858952999, 0.010698165744543076, 0.010494254529476166, 0.01029165182262659, 0.010094014927744865, 0.009902028366923332, 0.009717503562569618, 0.009538661688566208, 0.009360677562654018, 0.009189939126372337, 0.009023208171129227, 0.008857387118041515, 0.00869835913181305, 0.008541598916053772, 0.008387587033212185, 0.0082369614392519, 0.008089830167591572, 0.00794670544564724, 0.007807438261806965, 0.00767448078840971, 0.007545121014118195, 0.007419574074447155, 0.0072954753413796425, 0.007177785038948059, 0.007064254488795996, 0.006953318603336811, 0.006846098229289055, 0.00674070417881012, 0.006636736448854208, 0.006534961983561516, 0.006437031086534262, 0.006344038527458906, 0.006252968218177557, 0.006158924661576748, 0.0060621872544288635, 0.005968197248876095, 0.005877030547708273, 0.005790128372609615, 0.005704950541257858, 0.005622455384582281, 0.005547299515455961, 0.0054721347987651825, 0.0053929416462779045, 0.005321149714291096, 0.005251745693385601, 0.00517852371558547, 0.005108682904392481, 0.005050133913755417, 0.00497546698898077]",0.30009591279398357,0.750445345010866,0.9707552599873341,0.9851250085819561,0.3724074276034423,0.3732876712328767,0.3680506112817588,0.1999103115377276,0.7405558806663884,43.37266383203678,cuda
TAO,258_TAO_id_2_Environment_tr_500_1st_4,SG,pvt_autoencoder_differential_lr,128,10,10,64,100,0.001,"[0.26998084783554077, 0.25554031133651733, 0.24204422533512115, 0.2305700182914734, 0.22109918296337128, 0.2126804143190384, 0.20490160584449768, 0.19760817289352417, 0.1907166987657547, 0.1842363029718399, 0.17811395227909088, 0.17221307754516602, 0.16657385230064392, 0.16120624542236328, 0.15606406331062317, 0.15110476315021515, 0.14631831645965576, 0.14169205725193024, 0.13720259070396423, 0.13286074995994568, 0.1286170780658722, 0.12450139224529266, 0.1205083429813385, 0.1166091188788414, 0.11281204223632812, 0.10910163819789886, 0.10550907999277115, 0.10203096270561218, 0.09866303950548172, 0.09541821479797363, 0.09228638559579849, 0.08924226462841034, 0.0863141268491745, 0.08348177373409271, 0.08074087649583817, 0.07810549437999725, 0.07556483149528503, 0.0731114000082016, 0.07074761390686035, 0.06846030801534653, 0.06625606119632721, 0.06412655860185623, 0.06206159666180611, 0.060068562626838684, 0.05813826993107796, 0.056274447590112686, 0.054474588483572006, 0.05272955074906349, 0.051046498119831085, 0.049418531358242035, 0.04784020408987999, 0.046321723610162735, 0.04485304281115532, 0.043437834829092026, 0.04207746312022209, 0.04076658934354782, 0.039500072598457336, 0.03828907757997513, 0.03711870312690735, 0.03599206730723381, 0.034904640167951584, 0.033856101334095, 0.03284557908773422, 0.031867850571870804, 0.030926914885640144, 0.030017001554369926, 0.029140621423721313, 0.028297359123826027, 0.02748241275548935, 0.026695916429162025, 0.025936195626854897, 0.025209929794073105, 0.02450655773282051, 0.02383183315396309, 0.023180650547146797, 0.022551964968442917, 0.021944237872958183, 0.02136136032640934, 0.020795511081814766, 0.020250221714377403, 0.019722942262887955, 0.019213560968637466, 0.018723517656326294, 0.018247026950120926, 0.01779208332300186, 0.017345789819955826, 0.01692063733935356, 0.01650807447731495, 0.016110215336084366, 0.015725361183285713, 0.015352651476860046, 0.01499276515096426, 0.014645540155470371, 0.014311009086668491, 0.013988017104566097, 0.013673558831214905, 0.013372417539358139, 0.013080878183245659, 0.01279902458190918, 0.012525487691164017]","[0.25030046701431274, 0.25009697675704956, 0.249639630317688, 0.24888186156749725, 0.24774512648582458, 0.24620243906974792, 0.24417905509471893, 0.241583451628685, 0.2383107841014862, 0.23424670100212097, 0.2293364703655243, 0.22359761595726013, 0.21714770793914795, 0.21007977426052094, 0.20259469747543335, 0.19479696452617645, 0.18677926063537598, 0.17862245440483093, 0.17041322588920593, 0.1622648537158966, 0.1543397605419159, 0.14675550162792206, 0.13958308100700378, 0.132809579372406, 0.12637144327163696, 0.12024648487567902, 0.1144716888666153, 0.10897301137447357, 0.10377644002437592, 0.0988873839378357, 0.09429051727056503, 0.09003053605556488, 0.08609312772750854, 0.08244876563549042, 0.0790785625576973, 0.0759376585483551, 0.07298647612333298, 0.07021170854568481, 0.06758563965559006, 0.06512759625911713, 0.06281836330890656, 0.060658689588308334, 0.05863634869456291, 0.05672580003738403, 0.054907314479351044, 0.05313922092318535, 0.051418136805295944, 0.049748294055461884, 0.048151951283216476, 0.046638891100883484, 0.045219194144010544, 0.04387374222278595, 0.04258967563509941, 0.041352834552526474, 0.04014798626303673, 0.03896221145987511, 0.03781745582818985, 0.03670914098620415, 0.035647086799144745, 0.034625500440597534, 0.033639997243881226, 0.032685454934835434, 0.03174963966012001, 0.03083641827106476, 0.029934411868453026, 0.029052412137389183, 0.028198812156915665, 0.02737400308251381, 0.026591360569000244, 0.025844862684607506, 0.025136929005384445, 0.024452989920973778, 0.023801323026418686, 0.023178335279226303, 0.022581085562705994, 0.02200975827872753, 0.02147102728486061, 0.0209556445479393, 0.020461350679397583, 0.019993606954813004, 0.01953527145087719, 0.019087456166744232, 0.018652301281690598, 0.01823386363685131, 0.017835255712270737, 0.017455901950597763, 0.01707768440246582, 0.01670028828084469, 0.016327576711773872, 0.015964187681674957, 0.015615019015967846, 0.015276283025741577, 0.014942288398742676, 0.014611351303756237, 0.014290972612798214, 0.013987122103571892, 0.013695712201297283, 0.013409140519797802, 0.01313030906021595, 0.012861214578151703]",0.2995028251550976,0.7502360335534639,0.9706448234491499,0.9850697965294005,0.37235490271246346,0.3732876712328767,0.3680506112817588,0.1999103115377276,0.7410131351795265,31.36468242900446,cuda
TAO,258_TAO_id_2_Environment_tr_500_1st_4,GASF,cnn_autoencoder,128,10,10,64,150,0.001,"[0.13669751584529877, 0.1311437487602234, 0.12432654947042465, 0.11846496909856796, 0.11369821429252625, 0.11015740036964417, 0.10759171098470688, 0.10565217584371567, 0.10412480682134628, 0.10285988450050354, 0.10175880044698715, 0.10073953866958618, 0.09974709153175354, 0.0987376719713211, 0.09770418703556061, 0.09662441909313202, 0.09547247737646103, 0.09422765672206879, 0.09287743270397186, 0.0914146900177002, 0.0898609533905983, 0.088246650993824, 0.0866224616765976, 0.08501710742712021, 0.08343307673931122, 0.08184893429279327, 0.08024893701076508, 0.0786411240696907, 0.07702590525150299, 0.07542034983634949, 0.07383166253566742, 0.07225502282381058, 0.07066719233989716, 0.06905953586101532, 0.06742725521326065, 0.06579962372779846, 0.06417360156774521, 0.06255880743265152, 0.060943424701690674, 0.059319622814655304, 0.05769689008593559, 0.056077174842357635, 0.05446554347872734, 0.05286543071269989, 0.05128523334860802, 0.049729593098163605, 0.04820927232503891, 0.04672374203801155, 0.04527991637587547, 0.04385874420404434, 0.042482275515794754, 0.04113229364156723, 0.039809878915548325, 0.038507647812366486, 0.03723173588514328, 0.03598965331912041, 0.03479764983057976, 0.033649563789367676, 0.03253534808754921, 0.03144650533795357, 0.030392998829483986, 0.02936810627579689, 0.028370724990963936, 0.027407879009842873, 0.026485653594136238, 0.025596443563699722, 0.024735428392887115, 0.023911677300930023, 0.02311512641608715, 0.022347277030348778, 0.021604154258966446, 0.020891115069389343, 0.020543841645121574, 0.020203666761517525, 0.01986996829509735, 0.019541578367352486, 0.019224070012569427, 0.01891152746975422, 0.018757455050945282]","[0.08818777650594711, 0.08814495801925659, 0.08810283988714218, 0.0880383849143982, 0.0879412591457367, 0.08780530095100403, 0.087635338306427, 0.08744152635335922, 0.08723025023937225, 0.08699958771467209, 0.08674569427967072, 0.08646975457668304, 0.08617512881755829, 0.08586947619915009, 0.08555489778518677, 0.0852266177535057, 0.08486674726009369, 0.08445368707180023, 0.08397170156240463, 0.08341722190380096, 0.08277593553066254, 0.08206657320261002, 0.08130903542041779, 0.0805402398109436, 0.07978162169456482, 0.07904917001724243, 0.07834810763597488, 0.07768265157938004, 0.07706522941589355, 0.0764734148979187, 0.07590343803167343, 0.07531829923391342, 0.07468189299106598, 0.07396996021270752, 0.07317834347486496, 0.07230737805366516, 0.07139931619167328, 0.07049824297428131, 0.06962409615516663, 0.06879668682813644, 0.0679863691329956, 0.06716231256723404, 0.06631806492805481, 0.06547445803880692, 0.06467901170253754, 0.06397813558578491, 0.06342050433158875, 0.06305217742919922, 0.0628848671913147, 0.06291002780199051, 0.06306597590446472, 0.06323954463005066, 0.06327717006206512, 0.06305244565010071, 0.06257959455251694, 0.06198015809059143, 0.06137829273939133, 0.060866646468639374, 0.0604834258556366, 0.060195475816726685, 0.05995095521211624, 0.059700798243284225, 0.05946727097034454, 0.059305720031261444, 0.059277795255184174, 0.05937271565198898, 0.059556227177381516, 0.059773799031972885, 0.05999256670475006, 0.060195326805114746, 0.060392286628484726, 0.0604584775865078, 0.060511063784360886, 0.06054394692182541, 0.06055482476949692, 0.06054624915122986, 0.06052272766828537, 0.06049834191799164, 0.06047305464744568]",0.1380338667138457,0.5400194203821542,0.9478455429266618,0.9742260283198306,0.2998920491833214,0.2995440196422308,0.2994978855247771,0.14204179797969282,0.7308325348159301,9.818334617186338,cuda
TAO,258_TAO_id_2_Environment_tr_500_1st_4,GASF,resnet18_autoencoder_frozen,128,10,10,64,100,0.001,"[0.12213398516178131, 0.11086788773536682, 0.1027662456035614, 0.09671594202518463, 0.09094663709402084, 0.0851629450917244, 0.07942695170640945, 0.07393452525138855, 0.06868017464876175, 0.06362182646989822, 0.05883967876434326, 0.05443894863128662, 0.050468627363443375, 0.04688968136906624, 0.04355679079890251, 0.04046157747507095, 0.037596169859170914, 0.0349438413977623, 0.032512858510017395, 0.030258508399128914, 0.028180532157421112, 0.026273546740412712, 0.024525700137019157, 0.022929327562451363, 0.021475227549672127, 0.020140456035733223, 0.018917512148618698, 0.017784731462597847, 0.017246577888727188, 0.016727035865187645]","[0.0898013561964035, 0.08954876661300659, 0.08927582204341888, 0.08893116563558578, 0.08849253505468369, 0.08796516060829163, 0.0873519778251648, 0.08667077869176865, 0.08593744039535522, 0.08517765253782272, 0.08447225391864777, 0.08377651870250702, 0.08295079320669174, 0.08202861249446869, 0.08123472332954407, 0.08066515624523163, 0.0804123654961586, 0.08039639890193939, 0.08033425360918045, 0.08013123273849487, 0.0800354927778244, 0.08039909601211548, 0.08149436116218567, 0.08275081217288971, 0.08389010280370712, 0.08436302840709686, 0.08385519683361053, 0.08332215249538422, 0.08322933316230774, 0.08355730026960373]",0.13350413819949167,0.5245359541732565,0.9459245419298554,0.9730197431760077,0.294149511415314,0.2945518453427065,0.29413284615500046,0.13868907829535612,0.7253007070458202,6.215775046031922,cuda
TAO,258_TAO_id_2_Environment_tr_500_1st_4,GASF,resnet18_autoencoder_progressive_unfreeze,128,10,10,64,150,0.001,"[0.11710860580205917, 0.10407380014657974, 0.09673628211021423, 0.09259496629238129, 0.08931256085634232, 0.08592554926872253, 0.08221162110567093, 0.07836677134037018, 0.07427921891212463, 0.06998461484909058, 0.06563343107700348, 0.06137244030833244, 0.0572572685778141, 0.0533192902803421, 0.04963862895965576, 0.04629938676953316, 0.04332298785448074, 0.040610477328300476, 0.038062769919633865, 0.03567129373550415, 0.03345624729990959, 0.03842756897211075, 0.03217431902885437, 0.029425468295812607, 0.02588377706706524, 0.023869531229138374, 0.02217618003487587, 0.020543497055768967, 0.019065039232373238, 0.01781931333243847, 0.017229445278644562, 0.016637174412608147, 0.01608126237988472]","[0.08095104247331619, 0.08066399395465851, 0.08036482334136963, 0.08004608005285263, 0.07971736788749695, 0.07937362790107727, 0.07900689542293549, 0.07861696183681488, 0.07817348837852478, 0.0776677131652832, 0.07709329575300217, 0.07647021859884262, 0.07583990693092346, 0.07525146007537842, 0.07476409524679184, 0.0743238627910614, 0.0740288719534874, 0.07381577789783478, 0.07368821650743484, 0.07366009056568146, 0.07962773740291595, 0.07575714588165283, 0.0697910413146019, 0.07080420851707458, 0.07296060025691986, 0.07441121339797974, 0.07457314431667328, 0.07391044497489929, 0.07256972044706345, 0.07193078100681305, 0.07245849072933197, 0.07322263717651367, 0.0742337703704834]",0.13324799604234844,0.5237173138065279,0.941410283821788,0.9721771495740861,0.29802379618678937,0.29795201872440025,0.2975780740219825,0.13642220727090099,0.7308677746148367,6.936929958872497,cuda
TAO,258_TAO_id_2_Environment_tr_500_1st_4,GASF,resnet18_autoencoder_differential_lr,128,10,10,64,100,0.001,"[0.13515245914459229, 0.12249762564897537, 0.1169227883219719, 0.11256842315196991, 0.10819099098443985, 0.10346081107854843, 0.09856187552213669, 0.09330575168132782, 0.08783858269453049, 0.08224359154701233, 0.07669156789779663, 0.07120945304632187, 0.06599186360836029, 0.06116551533341408, 0.0567501038312912, 0.052656140178442, 0.04886612668633461, 0.04535650834441185, 0.042125068604946136, 0.03910573571920395, 0.03630305454134941, 0.03374654799699783, 0.03139723092317581, 0.029214173555374146, 0.027175337076187134, 0.02526170015335083, 0.023478087037801743, 0.021823041141033173, 0.020292580127716064, 0.018884483724832535, 0.017587684094905853, 0.016395030543208122, 0.015287880785763264]","[0.0974411591887474, 0.09716346114873886, 0.09685387462377548, 0.09642728418111801, 0.0957757756114006, 0.09492704272270203, 0.0939667671918869, 0.0929298996925354, 0.09181708097457886, 0.09062753617763519, 0.08935382217168808, 0.08798536658287048, 0.08659418672323227, 0.0852733850479126, 0.08409002423286438, 0.08292271196842194, 0.08171137422323227, 0.08056239783763885, 0.07964596152305603, 0.07909923791885376, 0.07873304933309555, 0.07833363860845566, 0.07797311246395111, 0.07802911102771759, 0.07807433605194092, 0.07802941650152206, 0.07794643193483353, 0.07821130007505417, 0.07844936102628708, 0.07892802357673645, 0.07948785275220871, 0.08008407801389694, 0.08090215921401978]",0.1329848955545859,0.52295448982844,0.9424663791034594,0.9724018831339446,0.29653396665104204,0.2961934513479116,0.2961834627441171,0.1370572341995962,0.7290387918083865,7.690570689039305,cuda
TAO,258_TAO_id_2_Environment_tr_500_1st_4,GASF,pvt_autoencoder_frozen,128,10,10,64,100,0.001,"[0.11714238673448563, 0.10605566948652267, 0.09894172847270966, 0.09362509846687317, 0.08883204311132431, 0.08410381525754929, 0.07926847040653229, 0.074405238032341, 0.06959354132413864, 0.0648772194981575, 0.060425106436014175, 0.05643200874328613, 0.052872080355882645, 0.0495380163192749, 0.046493303030729294, 0.0437358096241951, 0.041151054203510284, 0.0387619212269783, 0.0365469790995121, 0.034489307552576065, 0.03260314092040062, 0.03086436726152897, 0.029243463650345802, 0.02773636393249035, 0.0263168103992939, 0.024974528700113297, 0.023730391636490822, 0.02312779240310192, 0.02253660559654236]","[0.08683870732784271, 0.08665186166763306, 0.08643551915884018, 0.08613915741443634, 0.0857463926076889, 0.08529164642095566, 0.08481644093990326, 0.08434104919433594, 0.08390659093856812, 0.08347686380147934, 0.0829649418592453, 0.08252778649330139, 0.08228006958961487, 0.08188727498054504, 0.08160539716482162, 0.08156772702932358, 0.08086638897657394, 0.08054891228675842, 0.0801638811826706, 0.08008813858032227, 0.08045966923236847, 0.08014727383852005, 0.08038540184497833, 0.08105125278234482, 0.08185698837041855, 0.08327673375606537, 0.08365990221500397, 0.0836460217833519, 0.08355611562728882]",0.13305273911427246,0.5239656967359786,0.9445950155346388,0.9731049791726945,0.2931668489774445,0.29356521739130437,0.29319750830278035,0.13411632350157957,0.7235393420632079,6.459219022886828,cuda
TAO,258_TAO_id_2_Environment_tr_500_1st_4,GASF,pvt_autoencoder_progressive_unfreeze,128,10,10,64,150,0.001,"[0.13545148074626923, 0.12202880531549454, 0.11347895860671997, 0.1081719845533371, 0.10435817390680313, 0.10075657814741135, 0.09703592956066132, 0.09324261546134949, 0.08940035104751587, 0.08555375039577484, 0.08162342011928558, 0.07757259160280228, 0.07342434674501419, 0.06930646300315857, 0.06529324501752853, 0.061395689845085144, 0.05765346810221672, 0.054111141711473465, 0.05076045170426369, 0.04759753867983818, 0.04461004585027695, 0.05451793968677521, 0.05114239826798439, 0.042430587112903595, 0.03652511164546013, 0.033736515790224075, 0.030464133247733116, 0.027718685567378998, 0.026540355756878853, 0.025397328659892082, 0.024321073666214943, 0.02332427352666855, 0.022402172908186913, 0.02154163084924221, 0.02072048932313919, 0.019916892051696777, 0.019135549664497375, 0.01839591935276985, 0.017699647694826126, 0.01703452877700329, 0.016391169279813766, 0.01577080972492695, 0.015175572596490383, 0.014608794823288918, 0.014065436087548733, 0.01355171762406826, 0.013298324309289455, 0.013044049963355064, 0.012792957946658134]","[0.09072767198085785, 0.09052768349647522, 0.09030915796756744, 0.0900731310248375, 0.08980852365493774, 0.08946438878774643, 0.0890297219157219, 0.08848845958709717, 0.08783458918333054, 0.0870753675699234, 0.08625811338424683, 0.08546869456768036, 0.08471895754337311, 0.08403532207012177, 0.08347242325544357, 0.08300963044166565, 0.08266779035329819, 0.0824359655380249, 0.08236011862754822, 0.08236970752477646, 0.08052428066730499, 0.08452056348323822, 0.08125508576631546, 0.08618905395269394, 0.08803500235080719, 0.088330939412117, 0.08695477247238159, 0.08513008803129196, 0.08309046924114227, 0.08142928034067154, 0.08031514286994934, 0.0798109769821167, 0.0793876051902771, 0.07881230115890503, 0.07802014797925949, 0.07703682780265808, 0.07604416459798813, 0.07527659833431244, 0.07489003241062164, 0.07488273084163666, 0.07521644234657288, 0.07577456533908844, 0.07645262777805328, 0.07715125381946564, 0.07771839946508408, 0.07787109911441803, 0.07794781029224396, 0.07796131819486618, 0.0779404565691948]",0.1331878175783932,0.5247508472695228,0.9472132187820089,0.9735990522545099,0.2987274562931502,0.29842381786339756,0.29807721570608575,0.13484285460843307,0.7315478665979225,11.587581505067647,cuda
TAO,258_TAO_id_2_Environment_tr_500_1st_4,GASF,pvt_autoencoder_differential_lr,128,10,10,64,100,0.001,"[0.13704878091812134, 0.12290739268064499, 0.11366208642721176, 0.10980667918920517, 0.10549018532037735, 0.10257352143526077, 0.09949714690446854, 0.09646961092948914, 0.09370569884777069, 0.0909339115023613, 0.08809568732976913, 0.08511311560869217, 0.08173353224992752, 0.0786297470331192, 0.07563769817352295, 0.07261241972446442, 0.06967510282993317, 0.06655798852443695, 0.06479652225971222, 0.06275726854801178, 0.05872850865125656, 0.056633926928043365, 0.054222527891397476, 0.05170826241374016, 0.049695681780576706, 0.04857056587934494, 0.047440312802791595, 0.04638506472110748]","[0.09217273443937302, 0.0920134112238884, 0.09175664186477661, 0.09114870429039001, 0.0905073806643486, 0.08978795260190964, 0.08923020213842392, 0.08885215222835541, 0.08849932998418808, 0.08816876262426376, 0.08767839521169662, 0.0871148332953453, 0.08622299134731293, 0.08481445163488388, 0.08307056874036789, 0.0800822526216507, 0.07881859689950943, 0.07508622854948044, 0.08607514947652817, 0.08642682433128357, 0.082806795835495, 0.08443184942007065, 0.08920449018478394, 0.09351606667041779, 0.0947619080543518, 0.0952785462141037, 0.09569533914327621, 0.09669133275747299]",0.13318086082791333,0.5187254681157718,0.9420026492982477,0.9719743153259702,0.28536876009803275,0.28533906399235914,0.28474300688769744,0.14340935324534965,0.7077248058830788,7.113084162119776,cuda
TAO,258_TAO_id_2_Environment_tr_500_1st_4,GADF,cnn_autoencoder,128,10,10,64,150,0.001,"[0.09594716876745224, 0.09313585609197617, 0.08985411375761032, 0.08703543245792389, 0.08450274169445038, 0.08214382082223892, 0.07986180484294891, 0.0776209607720375, 0.07534995675086975, 0.07302449643611908, 0.07065396010875702, 0.06833646446466446, 0.06611254811286926, 0.06396348029375076, 0.06186545640230179, 0.05980663001537323, 0.05779442563652992, 0.05585067719221115, 0.053974755108356476, 0.05213578790426254, 0.05031825974583626, 0.04854085296392441, 0.046822741627693176, 0.04514554142951965, 0.04349084198474884, 0.04188837483525276, 0.04037931561470032, 0.03886841982603073, 0.03738311678171158, 0.035949692130088806, 0.03454913571476936, 0.03319321572780609, 0.031902048736810684, 0.030650144442915916, 0.029436733573675156, 0.02826915867626667, 0.027124524116516113, 0.02602563612163067, 0.02497086487710476, 0.02393960952758789, 0.02295667864382267, 0.022011229768395424, 0.02110997959971428, 0.02025044523179531, 0.01942201890051365, 0.018638145178556442, 0.017881354317069054, 0.017162077128887177, 0.016474483534693718, 0.015820959582924843, 0.015194528736174107, 0.014597821049392223, 0.014027613215148449, 0.013481434434652328, 0.012960403226315975, 0.012465622276067734, 0.011989855207502842, 0.011537618935108185, 0.011102914810180664, 0.010686822235584259, 0.010289067402482033, 0.009908461011946201, 0.009544344618916512, 0.009194294922053814, 0.008862205781042576, 0.008541375398635864, 0.008234544657170773, 0.007938372902572155, 0.007653393317013979, 0.007378809154033661, 0.007115624845027924, 0.006862742826342583, 0.006615470163524151, 0.00638019060716033, 0.006153376307338476, 0.005934105720371008, 0.005721339024603367, 0.005517187528312206, 0.005318917334079742, 0.005125620402395725, 0.004939359147101641, 0.004759590607136488, 0.004585453309118748, 0.004420598968863487, 0.004264975432306528, 0.004115710034966469, 0.003975185099989176, 0.0038433526642620564, 0.0037174962926656008, 0.0035981277469545603, 0.0034853972028940916, 0.0033787142019718885, 0.0032766603399068117, 0.003180108265951276, 0.0030876281671226025, 0.0029993976932018995, 0.0029143374413251877, 0.00283414451405406, 0.0027573180850595236, 0.002683038590475917, 0.0026118685491383076, 0.002544187009334564, 0.00247886567376554, 0.002416552510112524, 0.0023558889515697956, 0.002298380248248577, 0.002242780290544033, 0.002189608756452799, 0.0021385641302913427, 0.0020908063743263483, 0.0020454253535717726, 0.00200643390417099, 0.0019743319135159254, 0.0019514868035912514, 0.0019113156013190746, 0.0018529200460761786, 0.0017922102706506848, 0.001766215544193983, 0.00174586265347898, 0.0016962095396593213, 0.0016543851234018803, 0.0016360022127628326, 0.001603248412720859, 0.0015626315725967288, 0.001540167722851038, 0.0015206533716991544, 0.001512634102255106, 0.0014939713291823864, 0.001484084757976234, 0.0014702131738886237, 0.0014569546328857541, 0.001451389747671783, 0.0014437451027333736]","[0.08838002383708954, 0.0883488804101944, 0.0883001908659935, 0.08821864426136017, 0.08808904886245728, 0.08790157735347748, 0.08765970170497894, 0.08737628161907196, 0.08706271648406982, 0.0867358148097992, 0.08638884127140045, 0.08598785847425461, 0.08546636998653412, 0.0847645029425621, 0.08386948704719543, 0.08284757286310196, 0.08180776238441467, 0.08084560930728912, 0.08001862466335297, 0.07928860187530518, 0.07857241481542587, 0.07774506509304047, 0.0767655074596405, 0.07571640610694885, 0.07470393180847168, 0.0736246258020401, 0.07214780896902084, 0.07054848223924637, 0.0691041499376297, 0.06780950725078583, 0.0664176270365715, 0.06474676728248596, 0.06298501044511795, 0.06159765645861626, 0.060506679117679596, 0.05917810648679733, 0.05765633285045624, 0.056510474532842636, 0.05529899522662163, 0.05344300717115402, 0.051532816141843796, 0.05033712834119797, 0.049290671944618225, 0.04761815071105957, 0.046014539897441864, 0.045022644102573395, 0.04413275420665741, 0.04294595122337341, 0.04173343628644943, 0.040432434529066086, 0.038963474333286285, 0.03775980696082115, 0.03691514953970909, 0.03591121360659599, 0.0347936786711216, 0.03413628414273262, 0.03375709429383278, 0.03303495794534683, 0.03213834762573242, 0.03151632845401764, 0.03118094801902771, 0.030772879719734192, 0.030257215723395348, 0.02981213852763176, 0.029495295137166977, 0.029222970828413963, 0.02888507768511772, 0.02845345437526703, 0.028151419013738632, 0.02810511365532875, 0.027977116405963898, 0.027724403887987137, 0.027641262859106064, 0.027622029185295105, 0.02750733122229576, 0.027409709990024567, 0.02732318639755249, 0.027227964252233505, 0.027222564443945885, 0.027110345661640167, 0.026879549026489258, 0.02676982991397381, 0.026701677590608597, 0.02658846229314804, 0.026568103581666946, 0.026566362008452415, 0.026567509397864342, 0.026534220203757286, 0.026404699310660362, 0.026476522907614708, 0.02639206312596798, 0.02630939707159996, 0.026384633034467697, 0.026315664872527122, 0.026310261338949203, 0.026188034564256668, 0.026230409741401672, 0.026152586564421654, 0.026090126484632492, 0.026130445301532745, 0.02603360265493393, 0.026062797755002975, 0.025880571454763412, 0.026024915277957916, 0.025834908708930016, 0.02602628991007805, 0.02568739280104637, 0.026115207001566887, 0.025415724143385887, 0.02632845938205719, 0.024830035865306854, 0.02685548923909664, 0.023817457258701324, 0.02683919481933117, 0.023803001269698143, 0.024792563170194626, 0.02527928352355957, 0.023415198549628258, 0.024995049461722374, 0.02446841262280941, 0.02354883775115013, 0.024844583123922348, 0.023992758244276047, 0.023664679378271103, 0.0242286529392004, 0.02464388683438301, 0.02429746650159359, 0.023860156536102295, 0.024013645946979523, 0.024536997079849243, 0.02462518773972988, 0.024491583928465843, 0.024298204109072685]",0.10966630364975333,0.4179908407166787,0.8935939918391602,0.9497309987854167,0.2430959190608285,0.24289549199296492,0.24289216762101815,0.0931897661534375,0.6871877446262863,16.2367942109704,cuda
TAO,258_TAO_id_2_Environment_tr_500_1st_4,GADF,resnet18_autoencoder_frozen,128,10,10,64,100,0.001,"[0.10973921418190002, 0.09863311052322388, 0.09218685328960419, 0.08773280680179596, 0.08344337344169617, 0.07856828719377518, 0.07321496307849884, 0.06810365617275238, 0.06364573538303375, 0.05953937768936157, 0.05551177263259888, 0.05186287686228752, 0.04858601093292236, 0.045556630939245224, 0.04269987717270851, 0.04009156674146652, 0.037714798003435135, 0.035544320940971375, 0.0335138700902462, 0.03156615421175957, 0.02970007061958313, 0.027924537658691406, 0.026260726153850555, 0.024705924093723297, 0.02323424629867077, 0.021848347038030624, 0.020559391006827354, 0.019344046711921692, 0.01819918304681778, 0.017135368660092354, 0.016623158007860184, 0.016121482476592064, 0.015630481764674187]","[0.08914349973201752, 0.08908164501190186, 0.08902236074209213, 0.088971346616745, 0.08891505002975464, 0.088845394551754, 0.08873552083969116, 0.08861730992794037, 0.08848696947097778, 0.08832069486379623, 0.08801855891942978, 0.08753779530525208, 0.08692669868469238, 0.08607017993927002, 0.08461350202560425, 0.08243364095687866, 0.07963302731513977, 0.07672186195850372, 0.07430054992437363, 0.07232075929641724, 0.07001230120658875, 0.0682603269815445, 0.06734991818666458, 0.06748693436384201, 0.06782896816730499, 0.06809794902801514, 0.06885148584842682, 0.07005660980939865, 0.07149994373321533, 0.07423508167266846, 0.07682358473539352, 0.07793530821800232, 0.07842519134283066]",0.10757012260268559,0.4051512107830565,0.8899447047955649,0.948422043283994,0.24285368805138582,0.24271035823382395,0.2427037088311569,0.09183067409052811,0.6873284553126461,6.547449334058911,cuda
TAO,258_TAO_id_2_Environment_tr_500_1st_4,GADF,resnet18_autoencoder_progressive_unfreeze,128,10,10,64,150,0.001,"[0.10805875062942505, 0.0974736213684082, 0.09093715995550156, 0.0862320065498352, 0.08111482858657837, 0.07476910948753357, 0.0681426003575325, 0.06230467930436134, 0.057071346789598465, 0.052533429116010666, 0.0484471432864666, 0.04471869021654129, 0.04138784110546112, 0.038341596722602844, 0.03553116321563721, 0.032992880791425705, 0.03068642131984234, 0.028523476794362068, 0.026470350101590157, 0.02452705055475235, 0.022718053311109543, 0.032504547387361526, 0.022931557148694992, 0.018336255103349686, 0.016099397093057632, 0.014455667696893215, 0.01296850387006998, 0.01169360987842083, 0.010583311319351196, 0.009580974467098713, 0.008768148720264435, 0.008055280894041061, 0.007371697574853897, 0.0067777810618281364, 0.006269177421927452, 0.005809012800455093, 0.005388283170759678, 0.0050058262422680855, 0.004657783545553684, 0.004491445142775774, 0.004325864836573601, 0.004167867824435234]","[0.08807778358459473, 0.08806215226650238, 0.08803825080394745, 0.08800198137760162, 0.08795388787984848, 0.08788496255874634, 0.08779021352529526, 0.08764179795980453, 0.0873924121260643, 0.08702109754085541, 0.08635633438825607, 0.08525720238685608, 0.08373188972473145, 0.08168300986289978, 0.07922738045454025, 0.07672588527202606, 0.07394665479660034, 0.07088074088096619, 0.06821104884147644, 0.06595122814178467, 0.0685921236872673, 0.05843650922179222, 0.060656242072582245, 0.06571172177791595, 0.06689569354057312, 0.0623512789607048, 0.0589313730597496, 0.05565859004855156, 0.05418938398361206, 0.05288056656718254, 0.052536528557538986, 0.05239970609545708, 0.05242116376757622, 0.05314856767654419, 0.05465548485517502, 0.056192975491285324, 0.057937704026699066, 0.059799790382385254, 0.06021757051348686, 0.06041566655039787, 0.06020916625857353, 0.05951701104640961]",0.10397017424602355,0.38679785192488864,0.8889972229430009,0.9487162652850025,0.24285368805138582,0.24271035823382395,0.2427037088311569,0.08370817754392365,0.6872949108252464,8.742247571935877,cuda
TAO,258_TAO_id_2_Environment_tr_500_1st_4,GADF,resnet18_autoencoder_differential_lr,128,10,10,64,100,0.001,"[0.1049293801188469, 0.09566082805395126, 0.08947591483592987, 0.08557696640491486, 0.0816919282078743, 0.07683354616165161, 0.07175926864147186, 0.06660640239715576, 0.06169520318508148, 0.057252436876297, 0.05316333472728729, 0.04933653771877289, 0.045604631304740906, 0.04212496057152748, 0.03891844302415848, 0.03595441207289696, 0.03322779759764671, 0.030708424746990204, 0.02843487076461315, 0.026370923966169357, 0.02447959966957569, 0.02275768481194973, 0.021193740889430046, 0.01974952593445778, 0.018413599580526352, 0.01719081588089466, 0.016078781336545944, 0.015061313286423683, 0.014121144078671932, 0.013259277679026127, 0.012463920749723911, 0.011721711605787277, 0.01103950385004282, 0.010398377664387226, 0.009808259084820747, 0.009521438740193844, 0.009240001440048218, 0.008969128131866455]","[0.08819460868835449, 0.08817626535892487, 0.08815368264913559, 0.088121198117733, 0.08806832134723663, 0.08797427266836166, 0.08782529830932617, 0.08766293525695801, 0.08755403757095337, 0.0874694436788559, 0.08731605857610703, 0.08703004568815231, 0.08659764379262924, 0.0859675258398056, 0.08521920442581177, 0.08450394868850708, 0.08317359536886215, 0.08144156634807587, 0.08019312471151352, 0.07974212616682053, 0.07882288843393326, 0.07622194290161133, 0.073797807097435, 0.07274024933576584, 0.07312098145484924, 0.0732068419456482, 0.07224836945533752, 0.0713893473148346, 0.07146960496902466, 0.07259353250265121, 0.07380208373069763, 0.07454576343297958, 0.07558314502239227, 0.0769001841545105, 0.07835279405117035, 0.07936698198318481, 0.08099706470966339, 0.08239592611789703]",0.10702091644447584,0.40480887026606094,0.8909785164033251,0.9494321513500693,0.24285368805138582,0.24271035823382395,0.2427037088311569,0.09444726284269427,0.6872949108252464,9.496630423003808,cuda
TAO,258_TAO_id_2_Environment_tr_500_1st_4,GADF,pvt_autoencoder_frozen,128,10,10,64,100,0.001,"[0.10708457231521606, 0.09603507071733475, 0.08932782709598541, 0.08468788862228394, 0.08087597787380219, 0.07702578604221344, 0.07298938930034637, 0.06911601126194, 0.06578332185745239, 0.06271687895059586, 0.05969784036278725, 0.05661248043179512, 0.05365213379263878, 0.050851281732320786, 0.04814429581165314, 0.04542867839336395, 0.04280444607138634, 0.04012874886393547, 0.03871019929647446, 0.037261929363012314, 0.03590372949838638]","[0.0883658155798912, 0.08826832473278046, 0.08817623555660248, 0.08808764815330505, 0.0879930853843689, 0.08788355439901352, 0.08778630197048187, 0.08766493201255798, 0.08727419376373291, 0.08657994866371155, 0.0860174149274826, 0.08603879064321518, 0.08632341027259827, 0.0863337516784668, 0.08637282252311707, 0.08678983151912689, 0.08720594644546509, 0.08743858337402344, 0.08767801523208618, 0.08805715292692184, 0.08872312307357788]",0.1091339447625963,0.4145572025421388,0.8895979317809944,0.9491574556610233,0.24285368805138582,0.24268789337282487,0.2425410701171021,0.0866276265960919,0.6869007638446611,4.576768280938268,cuda
TAO,258_TAO_id_2_Environment_tr_500_1st_4,GADF,pvt_autoencoder_progressive_unfreeze,128,10,10,64,150,0.001,"[0.1082708090543747, 0.09881515800952911, 0.09232046455144882, 0.0878685712814331, 0.08370881527662277, 0.079518161714077, 0.07534436881542206, 0.07101494073867798, 0.06654428690671921, 0.06197077035903931, 0.05756866931915283, 0.05352935567498207, 0.04965432733297348, 0.04590286687016487, 0.042476966977119446, 0.03937963768839836, 0.03642047196626663, 0.03495039418339729, 0.033559247851371765, 0.03216066583991051]","[0.08853483200073242, 0.08851820230484009, 0.08847951889038086, 0.0884188562631607, 0.0883190855383873, 0.08816143870353699, 0.08794425427913666, 0.08768892288208008, 0.08746403455734253, 0.08732118457555771, 0.08737733215093613, 0.08756262063980103, 0.08799463510513306, 0.08890707790851593, 0.08977019786834717, 0.0899549275636673, 0.09042980521917343, 0.09169197082519531, 0.0929008349776268, 0.09347037971019745]",0.10972112765456557,0.4182196879101051,0.8898673495891786,0.9492239536097262,0.2432385899575609,0.2430806257521059,0.24308062575210565,0.0869432802576352,0.6879359841147857,4.242574763018638,cuda
TAO,258_TAO_id_2_Environment_tr_500_1st_4,GADF,pvt_autoencoder_differential_lr,128,10,10,64,100,0.001,"[0.10861706733703613, 0.09708722680807114, 0.09051292389631271, 0.08756823092699051, 0.0848519504070282, 0.0821719840168953, 0.079518161714077, 0.07568065822124481, 0.07188831269741058, 0.06736163794994354, 0.06345760822296143, 0.06031184643507004, 0.055774472653865814, 0.052504993975162506, 0.049102600663900375, 0.045861851423978806, 0.04259081929922104, 0.03915948048233986, 0.03575704246759415, 0.032871175557374954, 0.03027898445725441, 0.027978576719760895, 0.025848565623164177, 0.023864246904850006, 0.022010525688529015, 0.020348023623228073, 0.018832135945558548, 0.017396900802850723, 0.016092149540781975, 0.014855527319014072, 0.013718092814087868, 0.012650529853999615, 0.01213075127452612, 0.01161209773272276, 0.011104792356491089]","[0.08784212172031403, 0.08782317489385605, 0.08778510987758636, 0.08744816482067108, 0.08733034133911133, 0.08706705272197723, 0.086136594414711, 0.08535894006490707, 0.08493246883153915, 0.08395127952098846, 0.07841167598962784, 0.07727649062871933, 0.0761408880352974, 0.07382409274578094, 0.07177966833114624, 0.07015352696180344, 0.06820911169052124, 0.06571047008037567, 0.06570737063884735, 0.06574489176273346, 0.06357467919588089, 0.06289175897836685, 0.0638231635093689, 0.06235770881175995, 0.06164056062698364, 0.06276024878025055, 0.06499338150024414, 0.06678442656993866, 0.0678369402885437, 0.06794078648090363, 0.06909747421741486, 0.07066351920366287, 0.07247822731733322, 0.07383312284946442, 0.07429189234972]",0.10892459527225588,0.41374786490685034,0.8880572140246206,0.9489150470985348,0.24285368805138582,0.24252522447468297,0.24251524938081692,0.08470073874979163,0.6868265656439176,9.976143039995804,cuda
TAO,258_TAO_id_2_Environment_tr_500_1st_4,MTF,cnn_autoencoder,128,10,10,64,150,0.001,"[0.16855916380882263, 0.16412726044654846, 0.15838882327079773, 0.15373945236206055, 0.149680957198143, 0.14605464041233063, 0.14273479580879211, 0.13965146243572235, 0.13672535121440887, 0.13394758105278015, 0.13131019473075867, 0.12878049910068512, 0.12632516026496887, 0.12393541634082794, 0.12160053104162216, 0.11932062357664108, 0.11708836257457733, 0.11490274965763092, 0.11274133622646332, 0.11059361696243286, 0.10846467316150665, 0.10635219514369965, 0.10426478087902069, 0.10218604654073715, 0.10012062638998032, 0.0980633795261383, 0.0960085541009903, 0.09397496283054352, 0.0919509306550026, 0.0899415835738182, 0.08795568346977234, 0.08599183708429337, 0.08404049277305603, 0.08210987597703934, 0.08019239455461502, 0.07829593867063522, 0.07643697410821915, 0.0746304914355278, 0.07285764068365097, 0.07111652195453644, 0.06940256804227829, 0.06772105395793915, 0.06607575714588165, 0.06448327749967575, 0.06293138861656189, 0.061423007398843765, 0.05995043367147446, 0.05851080268621445, 0.05712257698178291, 0.05577019229531288, 0.054459892213344574, 0.05318419262766838, 0.05194448307156563, 0.050736721605062485, 0.049570806324481964, 0.04844137281179428, 0.04734064266085625, 0.04628172144293785, 0.04525080695748329, 0.044255539774894714, 0.043287623673677444, 0.04234746843576431, 0.04143598675727844, 0.04055046662688255, 0.03969578444957733, 0.03885893523693085, 0.03805357217788696, 0.03726709634065628, 0.036506861448287964, 0.03576790913939476, 0.0350504145026207, 0.034350283443927765, 0.033676136285066605, 0.033016715198755264, 0.032380349934101105, 0.03176051005721092, 0.031161360442638397, 0.030574075877666473, 0.030009638518095016, 0.029456423595547676, 0.02891959436237812, 0.02839638479053974, 0.02788783796131611, 0.02739533968269825, 0.026912108063697815, 0.02644173987209797, 0.025983402505517006, 0.025536207482218742, 0.025104006752371788, 0.02468208596110344, 0.024266541004180908, 0.023867325857281685, 0.023474913090467453, 0.02309456281363964, 0.022724144160747528, 0.022360507398843765, 0.02200695127248764, 0.02166038565337658, 0.021324343979358673, 0.02099492773413658, 0.02067299745976925, 0.020358869805932045, 0.020053010433912277, 0.019751952961087227, 0.01945861428976059, 0.01917095109820366, 0.0188923217356205, 0.018615512177348137, 0.018349068239331245, 0.01808670163154602, 0.017828376963734627, 0.017577171325683594, 0.017327498644590378, 0.01708756573498249, 0.0168482456356287, 0.01661478355526924, 0.01638481765985489, 0.016160743311047554, 0.015938550233840942, 0.015721119940280914, 0.0155072882771492, 0.01529714372009039, 0.015090725384652615, 0.01488543301820755, 0.01468679029494524, 0.014488717541098595, 0.014294113963842392, 0.014101187698543072, 0.013909509405493736, 0.013722635805606842, 0.013535704463720322, 0.013352686539292336, 0.013168670237064362, 0.012990967370569706, 0.012812863104045391, 0.012636097148060799, 0.012461976148188114, 0.012288167141377926, 0.012117314152419567, 0.011947285383939743, 0.011777503415942192, 0.011612286791205406, 0.011445862241089344, 0.011281397193670273, 0.01111907884478569, 0.0109595051035285, 0.010798614472150803, 0.01063938532024622, 0.010483483783900738, 0.0103279585018754]","[0.18409113585948944, 0.18372802436351776, 0.1833351105451584, 0.1829107701778412, 0.18243712186813354, 0.18187513947486877, 0.18117055296897888, 0.18029260635375977, 0.17922425270080566, 0.1779850572347641, 0.1766064614057541, 0.1750960350036621, 0.17346028983592987, 0.17170648276805878, 0.1698310822248459, 0.16782376170158386, 0.1656893938779831, 0.16342175006866455, 0.16103193163871765, 0.15853556990623474, 0.155953049659729, 0.1533057987689972, 0.15062649548053741, 0.14792868494987488, 0.14526748657226562, 0.14266923069953918, 0.14014828205108643, 0.13769882917404175, 0.13531041145324707, 0.13296690583229065, 0.1305960863828659, 0.12813864648342133, 0.12568849325180054, 0.12320373952388763, 0.12063609063625336, 0.11795340478420258, 0.11521869897842407, 0.11258748173713684, 0.11016090214252472, 0.10776184499263763, 0.10527001321315765, 0.10271479934453964, 0.10051222145557404, 0.09889230132102966, 0.09732528030872345, 0.09522998332977295, 0.09283880889415741, 0.0906369611620903, 0.08877634257078171, 0.08707849681377411, 0.08540812134742737, 0.08338680118322372, 0.0811690092086792, 0.07923879474401474, 0.07772966474294662, 0.07622707635164261, 0.07448656857013702, 0.07262666523456573, 0.07105721533298492, 0.06979843229055405, 0.06853403151035309, 0.06725229322910309, 0.06589916348457336, 0.06450917571783066, 0.0631810873746872, 0.062073808163404465, 0.06104475259780884, 0.05991494283080101, 0.058814942836761475, 0.05790979787707329, 0.0570593886077404, 0.0561273992061615, 0.055204227566719055, 0.05438126623630524, 0.053626805543899536, 0.052872490137815475, 0.05218183994293213, 0.05157017335295677, 0.05092782899737358, 0.050284143537282944, 0.049691326916217804, 0.04917527362704277, 0.0486447736620903, 0.04806441068649292, 0.04754488170146942, 0.047149233520030975, 0.04674186557531357, 0.04626421257853508, 0.045771460980176926, 0.04534539580345154, 0.04495538771152496, 0.04454806447029114, 0.04409961402416229, 0.04366734251379967, 0.04330884665250778, 0.04298844188451767, 0.042652279138565063, 0.042274605482816696, 0.041930265724658966, 0.041597504168748856, 0.041270285844802856, 0.040962666273117065, 0.04065369814634323, 0.040373388677835464, 0.04013635218143463, 0.03993183374404907, 0.039684418588876724, 0.03939966484904289, 0.03919893503189087, 0.03905120864510536, 0.03883778303861618, 0.03854775056242943, 0.03829292953014374, 0.03814738243818283, 0.03800800442695618, 0.03778455778956413, 0.03754779323935509, 0.03732968121767044, 0.037164121866226196, 0.036994483321905136, 0.036783717572689056, 0.036577023565769196, 0.03641408309340477, 0.036257825791835785, 0.03607111796736717, 0.03591055050492287, 0.035804383456707, 0.035702019929885864, 0.03558053821325302, 0.03545819967985153, 0.035334765911102295, 0.03521919623017311, 0.035114314407110214, 0.03496899455785751, 0.03478044271469116, 0.034671664237976074, 0.03450607508420944, 0.03435404598712921, 0.034192077815532684, 0.03399938344955444, 0.033807940781116486, 0.033609919250011444, 0.033467791974544525, 0.03330440819263458, 0.03316361829638481, 0.033007390797138214, 0.03279775008559227, 0.03267403692007065, 0.03251372277736664, 0.032313790172338486]",0.15808319497228485,0.5463150438842401,0.9411769437644711,0.9689794896277079,0.25033890169669687,0.2488468074775431,0.24818136293149518,0.1280520175522657,0.6876734241987813,21.110736666014418,cuda
TAO,258_TAO_id_2_Environment_tr_500_1st_4,MTF,resnet18_autoencoder_frozen,128,10,10,64,100,0.001,"[0.20268014073371887, 0.1861189305782318, 0.17468957602977753, 0.16684287786483765, 0.15974217653274536, 0.15267188847064972, 0.14604289829730988, 0.1398831307888031, 0.1340843141078949, 0.12865586578845978, 0.12355322390794754, 0.11873485893011093, 0.11410488933324814, 0.1096624881029129, 0.10541742295026779, 0.10133577883243561, 0.09740909188985825, 0.09361424297094345, 0.0899391621351242, 0.08638352900743484, 0.08295872062444687, 0.07964954525232315, 0.0764475166797638, 0.07334689795970917, 0.07034564018249512, 0.06744761019945145, 0.06466199457645416, 0.061984360218048096, 0.059416648000478745, 0.05696321651339531, 0.05462557077407837, 0.05241044610738754, 0.050315845757722855, 0.048316359519958496, 0.046409428119659424, 0.04460013285279274, 0.04288217052817345, 0.04125148430466652, 0.03969413414597511, 0.038214392960071564, 0.036808207631111145, 0.03546678647398949, 0.03419223427772522, 0.032969310879707336, 0.031799860298633575, 0.03068714775145054, 0.029624737799167633, 0.028607159852981567, 0.02764005959033966, 0.026712190359830856, 0.025828739628195763, 0.024981169030070305, 0.024171123281121254, 0.02339712344110012, 0.022657815366983414, 0.02194957062602043, 0.021271608769893646, 0.020624972879886627, 0.020004259422421455, 0.019410038366913795, 0.01884341612458229, 0.01829683780670166, 0.017772214487195015, 0.017269818112254143, 0.016790097579360008, 0.01633017137646675, 0.015883173793554306, 0.015456506051123142, 0.015043230727314949, 0.014648017473518848, 0.01426616869866848, 0.013898547738790512, 0.013543431647121906, 0.013201093301177025, 0.012871264480054379, 0.012552803382277489, 0.012244505807757378, 0.011948805302381516, 0.011661188676953316, 0.011384057812392712, 0.011116252280771732, 0.01085567008703947, 0.010603849776089191, 0.010359822772443295, 0.01012330036610365, 0.009893727488815784, 0.009671042673289776, 0.009454797953367233, 0.009244687855243683, 0.009040004573762417, 0.008843418210744858, 0.008648773655295372, 0.008461394347250462, 0.008281540125608444, 0.00810303445905447, 0.007930463179945946, 0.00776336807757616, 0.007599894423037767, 0.007440286688506603, 0.007285673171281815]","[0.21340303122997284, 0.2131163775920868, 0.2126038372516632, 0.21170680224895477, 0.21034258604049683, 0.20848767459392548, 0.20617446303367615, 0.2034032791852951, 0.20010803639888763, 0.19626185297966003, 0.19200634956359863, 0.187344491481781, 0.18231666088104248, 0.17696285247802734, 0.17119573056697845, 0.1650504767894745, 0.15848228335380554, 0.1514139473438263, 0.14397761225700378, 0.13631311058998108, 0.12891116738319397, 0.12196613848209381, 0.11549638211727142, 0.1097419261932373, 0.10469616949558258, 0.10031840205192566, 0.09632130712270737, 0.09256278723478317, 0.0888080820441246, 0.08510607481002808, 0.0816124975681305, 0.07829468697309494, 0.0755065456032753, 0.07318875193595886, 0.07122107595205307, 0.06961770355701447, 0.06822595000267029, 0.06678684800863266, 0.06536027789115906, 0.06400546431541443, 0.06275738775730133, 0.061740338802337646, 0.060745708644390106, 0.05979996174573898, 0.05865645408630371, 0.05741305276751518, 0.05611187219619751, 0.05497366189956665, 0.053971122950315475, 0.053153783082962036, 0.05249345302581787, 0.051945753395557404, 0.0514787994325161, 0.05082697793841362, 0.0500134602189064, 0.04931184649467468, 0.04865255951881409, 0.047975700348615646, 0.047326039522886276, 0.04673711583018303, 0.046277742832899094, 0.045997198671102524, 0.0457075759768486, 0.045453451573848724, 0.045204322785139084, 0.04487281292676926, 0.0444318912923336, 0.04403964802622795, 0.04363677650690079, 0.04319034516811371, 0.04281557723879814, 0.04247274994850159, 0.04215077683329582, 0.04180908203125, 0.041442472487688065, 0.04103153198957443, 0.04069964215159416, 0.04042098671197891, 0.040121495723724365, 0.03982771188020706, 0.039533477276563644, 0.03926055505871773, 0.038961924612522125, 0.03871550038456917, 0.038471873849630356, 0.03821156919002533, 0.03791937232017517, 0.03763176128268242, 0.03730002045631409, 0.03697534650564194, 0.036623694002628326, 0.0362749844789505, 0.03591468930244446, 0.035526759922504425, 0.03515159338712692, 0.0348455049097538, 0.03448815643787384, 0.034117456525564194, 0.03378799930214882, 0.03346675634384155]",0.16336349632317682,0.5557610373885149,0.9441915764783244,0.9695390999013944,0.2510445015035563,0.24943362029904848,0.24863958118877538,0.13258160156416898,0.6887775426831637,26.802412583027035,cuda
TAO,258_TAO_id_2_Environment_tr_500_1st_4,MTF,resnet18_autoencoder_progressive_unfreeze,128,10,10,64,150,0.001,"[0.1787838339805603, 0.15968236327171326, 0.1471867561340332, 0.13989652693271637, 0.1342337727546692, 0.1289779096841812, 0.12371951341629028, 0.11869605630636215, 0.1140446662902832, 0.1098204106092453, 0.10601525008678436, 0.10251137614250183, 0.09922061860561371, 0.0960819274187088, 0.09309455752372742, 0.09024646133184433, 0.08751662075519562, 0.08488298952579498, 0.08232826739549637, 0.07984507828950882, 0.07741852849721909, 0.07506829500198364, 0.07156240940093994, 0.06800553947687149, 0.06501523405313492, 0.06227709725499153, 0.05972031131386757, 0.05744435265660286, 0.055209241807460785, 0.05310196056962013, 0.051142942160367966, 0.049237966537475586, 0.0474248006939888, 0.045690011233091354, 0.0440082848072052, 0.042374059557914734, 0.040789052844047546, 0.0392439104616642, 0.03773108497262001, 0.036249641329050064, 0.03480791300535202, 0.033400531858205795, 0.03203282132744789, 0.030702628195285797, 0.02941560186445713, 0.028166769072413445, 0.026964250952005386, 0.0258037019520998, 0.024693630635738373, 0.02362360805273056, 0.022600345313549042, 0.021618124097585678, 0.020680531859397888, 0.019784510135650635, 0.0189299788326025, 0.018118295818567276, 0.017345469444990158, 0.016614003106951714, 0.015916887670755386, 0.015255066566169262, 0.01462671346962452, 0.014032388105988503, 0.01346584316343069, 0.012928609736263752, 0.012417730875313282, 0.011931564658880234, 0.011469705030322075, 0.011030669324100018, 0.010613682679831982, 0.010216687805950642, 0.009837585501372814, 0.009475464932620525, 0.009128650650382042, 0.008798779919743538, 0.008483359590172768, 0.008182436227798462, 0.007892617024481297, 0.007616171147674322, 0.0073533449321985245, 0.007104171440005302, 0.006865199189633131, 0.006639192812144756, 0.006420971360057592, 0.0062129199504852295, 0.006013126112520695, 0.005822500213980675, 0.005640306510031223, 0.005465083755552769, 0.005298103205859661, 0.005138082895427942, 0.004983626771718264, 0.0049096220172941685, 0.004836374893784523]","[0.17696940898895264, 0.17665717005729675, 0.17625002562999725, 0.1756807565689087, 0.17494139075279236, 0.17403793334960938, 0.17290019989013672, 0.17146967351436615, 0.1696660965681076, 0.1674898862838745, 0.16487455368041992, 0.16187013685703278, 0.158417746424675, 0.15449219942092896, 0.15013664960861206, 0.1453411728143692, 0.14019539952278137, 0.13471540808677673, 0.12914665043354034, 0.12374410033226013, 0.12194060534238815, 0.12125714123249054, 0.11277266591787338, 0.10678096860647202, 0.10367142409086227, 0.10126056522130966, 0.09778790175914764, 0.09343834966421127, 0.08918637037277222, 0.08546184003353119, 0.08205029368400574, 0.07900362461805344, 0.07651402801275253, 0.07416212558746338, 0.07173603028059006, 0.06946325302124023, 0.06736087799072266, 0.06551595032215118, 0.06376160681247711, 0.06209290027618408, 0.06054134666919708, 0.059147484600543976, 0.05791565775871277, 0.056887634098529816, 0.055927958339452744, 0.05494709312915802, 0.05384897440671921, 0.05290019512176514, 0.05193820223212242, 0.051018666476011276, 0.05009867995977402, 0.04917227476835251, 0.04833220690488815, 0.04750248044729233, 0.04661593958735466, 0.04577519744634628, 0.04501805827021599, 0.04431896656751633, 0.043498486280441284, 0.04273422807455063, 0.042208269238471985, 0.041773222386837006, 0.0412580668926239, 0.040806788951158524, 0.040477827191352844, 0.040192604064941406, 0.039786793291568756, 0.03946882113814354, 0.03927619010210037, 0.03907353803515434, 0.038871269673109055, 0.03871830552816391, 0.03858666867017746, 0.038398269563913345, 0.03817619010806084, 0.03801598399877548, 0.03785831853747368, 0.03765473887324333, 0.037477970123291016, 0.03739311918616295, 0.037301018834114075, 0.037211157381534576, 0.037161726504564285, 0.037137556821107864, 0.03717514127492905, 0.03718748316168785, 0.03716553747653961, 0.03721205145120621, 0.03725830093026161, 0.03721391409635544, 0.037228744477033615, 0.03726314753293991, 0.03728346899151802]",0.1519197762794608,0.5311646154608978,0.9383580823804554,0.9665332397948033,0.24450185715431402,0.24294889695615748,0.24297421684420956,0.1266238948069795,0.6876734241987813,24.208384051918983,cuda
TAO,258_TAO_id_2_Environment_tr_500_1st_4,MTF,resnet18_autoencoder_differential_lr,128,10,10,64,100,0.001,"[0.1750040352344513, 0.16119016706943512, 0.1507270634174347, 0.14210951328277588, 0.1346738487482071, 0.12813489139080048, 0.12221556901931763, 0.11671652644872665, 0.11151116341352463, 0.10656103491783142, 0.10184480994939804, 0.0973420962691307, 0.09306228160858154, 0.08898217231035233, 0.08507303148508072, 0.08132653683423996, 0.07774794846773148, 0.07432491332292557, 0.0710371658205986, 0.06789526343345642, 0.06491348147392273, 0.062081996351480484, 0.059391193091869354, 0.056838903576135635, 0.05441589280962944, 0.05212384834885597, 0.04995870590209961, 0.04792925342917442, 0.04600970447063446, 0.044187892228364944, 0.04245126247406006, 0.040781427174806595, 0.039202407002449036, 0.03773351013660431, 0.036328382790088654, 0.034990984946489334, 0.033727943897247314, 0.032513540238142014, 0.03136397898197174, 0.030265145003795624, 0.029228180646896362, 0.028239266946911812, 0.027298152446746826, 0.026404619216918945, 0.025550059974193573, 0.024737341329455376, 0.02396293170750141, 0.023227058351039886, 0.0225179772824049, 0.021839428693056107, 0.021191395819187164, 0.02057347446680069, 0.019980762153863907, 0.019413935020565987, 0.018870089203119278, 0.018350375816226006, 0.01785244606435299, 0.017376068979501724, 0.016916528344154358, 0.01647619716823101, 0.01605256088078022, 0.015644295141100883, 0.01524875033646822, 0.014873168431222439, 0.014506482519209385, 0.01415651198476553, 0.013819626532495022, 0.013493483886122704, 0.013177298940718174, 0.012873302213847637, 0.012578186579048634, 0.012295182794332504, 0.012020000256597996, 0.011753958649933338, 0.011496282182633877, 0.011246806010603905, 0.01100639346987009, 0.010770909488201141, 0.010544183664023876, 0.010323364287614822, 0.010110047645866871, 0.009903494268655777, 0.00970135536044836, 0.00950684491544962, 0.009317227639257908, 0.009132622741162777, 0.008953631855547428, 0.008778986521065235, 0.008610420860350132, 0.008443879894912243, 0.008284066803753376, 0.008128870278596878, 0.00797564908862114, 0.007828627713024616, 0.007683776784688234, 0.007543299347162247, 0.007405901327729225, 0.0072714788839221, 0.007141688372939825, 0.007013760972768068]","[0.19908712804317474, 0.1988867223262787, 0.1984020471572876, 0.1975705623626709, 0.19634179770946503, 0.19460830092430115, 0.19219820201396942, 0.18895864486694336, 0.1848980188369751, 0.18006974458694458, 0.17454233765602112, 0.16843967139720917, 0.16178756952285767, 0.15465116500854492, 0.14710567891597748, 0.1393584907054901, 0.13165518641471863, 0.12420254945755005, 0.11726300418376923, 0.11076998710632324, 0.10508066415786743, 0.09982304275035858, 0.0950097069144249, 0.09084704518318176, 0.08730095624923706, 0.08406319469213486, 0.08133498579263687, 0.07914164662361145, 0.07728125154972076, 0.07528528571128845, 0.07374031841754913, 0.07237908989191055, 0.07119524478912354, 0.06990499794483185, 0.06810978055000305, 0.06649121642112732, 0.06525067239999771, 0.06431611627340317, 0.06341001391410828, 0.06271907687187195, 0.06201473996043205, 0.06151949614286423, 0.06125837191939354, 0.06082187220454216, 0.0604463629424572, 0.06019865721464157, 0.05994581803679466, 0.05988389998674393, 0.0601409487426281, 0.06033412739634514, 0.060099199414253235, 0.060017578303813934, 0.059950076043605804, 0.059772126376628876, 0.05966831371188164, 0.05959992855787277, 0.05950522422790527, 0.059302233159542084, 0.059169702231884, 0.05901190638542175, 0.05872787535190582, 0.05828040465712547, 0.05792214721441269, 0.057667456567287445, 0.057224225252866745, 0.05676736682653427, 0.05641110986471176, 0.05609957128763199, 0.05572570115327835, 0.0552046000957489, 0.05475206300616264, 0.05435933917760849, 0.053824640810489655, 0.053304385393857956, 0.05284976214170456, 0.052300434559583664, 0.051788680255413055, 0.05130567401647568, 0.05081164091825485, 0.05025666579604149, 0.04977640137076378, 0.04942874237895012, 0.04907204210758209, 0.048758652061223984, 0.04850020632147789, 0.04823356866836548, 0.04793023318052292, 0.04767429828643799, 0.04742714390158653, 0.04715102165937424, 0.04693904519081116, 0.04676295444369316, 0.04647896811366081, 0.046166758984327316, 0.04585949331521988, 0.04561169445514679, 0.045331697911024094, 0.04501303657889366, 0.04463967680931091, 0.044320568442344666]",0.13532158978910666,0.5000534907057805,0.9347484063113809,0.966121752778626,0.24564592952003353,0.2444794952681388,0.24443705128410434,0.1164798371840287,0.6878215512496584,27.828295910032466,cuda
TAO,258_TAO_id_2_Environment_tr_500_1st_4,MTF,pvt_autoencoder_frozen,128,10,10,64,100,0.001,"[0.17683199048042297, 0.1633700281381607, 0.15326988697052002, 0.1458737552165985, 0.13943031430244446, 0.1332867443561554, 0.1276032030582428, 0.1223069503903389, 0.11726261675357819, 0.11249090731143951, 0.10796644538640976, 0.10368198901414871, 0.09960876405239105, 0.09571828693151474, 0.0920153558254242, 0.08846491575241089, 0.08502902090549469, 0.08173712342977524, 0.0785878524184227, 0.07556323707103729, 0.07262322306632996, 0.06978820264339447, 0.06708139181137085, 0.06449577212333679, 0.061984267085790634, 0.05953986570239067, 0.05718405172228813, 0.054918255656957626, 0.0527174137532711, 0.05056656524538994, 0.04847832769155502, 0.046475499868392944, 0.04457428306341171, 0.04278750717639923, 0.0410933718085289, 0.03949546813964844, 0.03798043727874756, 0.03651202842593193, 0.03510644659399986, 0.03377348929643631, 0.032504383474588394, 0.03129621967673302, 0.030146585777401924, 0.029049910604953766, 0.027999481186270714, 0.027003780007362366, 0.02605280466377735, 0.02514006942510605, 0.0242629311978817, 0.023422865197062492, 0.022621113806962967, 0.021856343373656273, 0.021122949197888374, 0.02042243629693985, 0.019753314554691315, 0.019110945984721184, 0.01849956251680851, 0.017911596223711967, 0.017348498106002808, 0.016808126121759415, 0.01628916524350643, 0.01579214073717594, 0.015316076576709747, 0.01485903188586235, 0.014421519823372364, 0.013999482616782188, 0.013595014810562134, 0.013207036070525646, 0.012833123095333576, 0.012472913600504398, 0.01212750282138586, 0.011796080507338047, 0.011479414068162441, 0.011170619167387486, 0.010876779444515705, 0.010591909289360046, 0.01031920500099659, 0.010057133622467518, 0.00980372540652752, 0.00955980084836483, 0.00932452455163002, 0.009097188711166382, 0.008877318352460861, 0.008665520697832108, 0.008459588512778282, 0.008260444737970829, 0.00806728471070528, 0.00787984300404787, 0.007698249537497759, 0.007522542029619217, 0.007351298350840807, 0.0071860249154269695, 0.00702549796551466, 0.006870240904390812, 0.006718830205500126, 0.006572820246219635, 0.0064305891282856464, 0.006293005309998989, 0.00616047065705061, 0.006029593292623758]","[0.19397839903831482, 0.19363686442375183, 0.1931682527065277, 0.19243067502975464, 0.19127929210662842, 0.1897026002407074, 0.18768875300884247, 0.18520669639110565, 0.18220949172973633, 0.17864327132701874, 0.17456451058387756, 0.16998961567878723, 0.16492651402950287, 0.15944495797157288, 0.15358850359916687, 0.14742261171340942, 0.14102888107299805, 0.13452357053756714, 0.12810197472572327, 0.12196041643619537, 0.11612280458211899, 0.11056943237781525, 0.10536368936300278, 0.10055935382843018, 0.0960649773478508, 0.09172948449850082, 0.08761753141880035, 0.08392976224422455, 0.08084827661514282, 0.07837764918804169, 0.07628680765628815, 0.07432722300291061, 0.0724860429763794, 0.07079541683197021, 0.06913912296295166, 0.0673014223575592, 0.065228670835495, 0.0632416307926178, 0.06158263981342316, 0.06012200564146042, 0.05871308967471123, 0.057341426610946655, 0.05603782460093498, 0.054805856198072433, 0.05359607934951782, 0.052344273775815964, 0.051138490438461304, 0.050068773329257965, 0.049146171659231186, 0.0483359694480896, 0.04757196828722954, 0.04685978218913078, 0.04626042768359184, 0.045770496129989624, 0.04532825946807861, 0.04486685246229172, 0.044392671436071396, 0.043919384479522705, 0.04340851306915283, 0.042870134115219116, 0.04235800355672836, 0.041898369789123535, 0.04145808517932892, 0.041030265390872955, 0.040686916559934616, 0.040470562875270844, 0.04028821736574173, 0.04003775119781494, 0.03973796218633652, 0.03945714607834816, 0.039209216833114624, 0.038977764546871185, 0.038750696927309036, 0.03855172172188759, 0.038386426866054535, 0.038241371512413025, 0.03808308765292168, 0.03789365291595459, 0.037700723856687546, 0.03752513229846954, 0.03736400976777077, 0.037199102342128754, 0.03703681752085686, 0.0368848592042923, 0.03674755245447159, 0.03660242259502411, 0.03645326569676399, 0.03630606457591057, 0.036152876913547516, 0.03598872572183609, 0.03584568575024605, 0.03574482724070549, 0.035647936165332794, 0.03552592918276787, 0.03541130945086479, 0.03532392904162407, 0.03523731976747513, 0.03514564409852028, 0.03505421429872513, 0.03497003763914108]",0.16244958026724923,0.5522715828253345,0.9421674019163057,0.9689326306448311,0.25176466386052604,0.25298196948682383,0.2509031606190059,0.12867260564369717,0.6878215512496584,28.128005399135873,cuda
TAO,258_TAO_id_2_Environment_tr_500_1st_4,MTF,pvt_autoencoder_progressive_unfreeze,128,10,10,64,150,0.001,"[0.19266387820243835, 0.17382800579071045, 0.1630331426858902, 0.15660037100315094, 0.1515946239233017, 0.14708076417446136, 0.14266134798526764, 0.1381673663854599, 0.1336565613746643, 0.12917912006378174, 0.12478864192962646, 0.12058383226394653, 0.11665432900190353, 0.1129588782787323, 0.10944468528032303, 0.1060488373041153, 0.10278227180242538, 0.09963148087263107, 0.09657358378171921, 0.09359996765851974, 0.0907050296664238, 0.08720581978559494, 0.08426828682422638, 0.08023558557033539, 0.07702142745256424, 0.07405082136392593, 0.07106007635593414, 0.06825241446495056, 0.06560982763767242, 0.06299076974391937, 0.06035946309566498, 0.05783902108669281, 0.055367611348629, 0.05291224643588066, 0.050498634576797485, 0.048233140259981155, 0.046080369502305984, 0.04410817474126816, 0.042331404983997345, 0.04042499512434006, 0.03873946890234947, 0.03712067753076553, 0.03560711815953255, 0.03415156155824661, 0.03280496224761009, 0.0315014086663723, 0.03025813400745392, 0.029082685708999634, 0.02796216867864132, 0.02689358778297901, 0.025868235155940056, 0.024892864748835564, 0.02395879663527012, 0.02306429110467434, 0.02220890298485756, 0.021386567503213882, 0.020604966208338737, 0.019849620759487152, 0.019128717482089996, 0.018438296392560005, 0.01777440682053566, 0.017140155658125877, 0.016533618792891502, 0.01594911329448223, 0.015389584936201572, 0.01485536340624094, 0.014340071938931942, 0.013848716393113136, 0.013372892513871193, 0.01291713397949934, 0.012479803524911404, 0.012059284374117851, 0.011655965819954872, 0.011266520246863365, 0.010894602164626122, 0.010537349618971348, 0.010192912071943283, 0.009863920509815216, 0.009547208435833454, 0.009243382140994072, 0.008952202275395393, 0.008672552183270454, 0.00840197503566742, 0.008143581449985504, 0.007895390503108501, 0.007655417546629906, 0.007425646297633648, 0.00720569072291255, 0.006994718685746193, 0.006792188622057438, 0.006599024869501591, 0.006411805748939514, 0.006232847925275564, 0.006060723215341568, 0.005895574111491442, 0.005737314000725746, 0.005583628546446562, 0.005437506828457117, 0.005295783281326294, 0.0051605892367661, 0.005029909312725067, 0.004903669469058514, 0.004783887881785631, 0.0046679615043103695, 0.004554803483188152, 0.004446908365935087, 0.004342861007899046, 0.004242617636919022, 0.004145659506320953, 0.004050611052662134, 0.003961360082030296, 0.0038730790838599205, 0.003788689384236932, 0.0037078261375427246, 0.0036283163353800774, 0.003552839858457446, 0.0034789585042744875, 0.003407613607123494, 0.003338462673127651, 0.0032715722918510437, 0.0032064213883131742, 0.00314398854970932, 0.0030835866928100586, 0.0030244553927332163, 0.0029679506551474333, 0.00291217933408916, 0.0028586522676050663, 0.0028063885401934385, 0.0027561327442526817, 0.0027066010516136885, 0.0026591639034450054, 0.00261283409781754, 0.0025677408557385206, 0.0025236259680241346, 0.0024810186587274075, 0.002439806004986167, 0.0024001908022910357, 0.002360496437177062, 0.002323034917935729, 0.002286571078002453, 0.0022513275034725666, 0.0022152988240122795, 0.002180397277697921, 0.0021458244882524014, 0.002113430993631482, 0.0020819189958274364, 0.002050948329269886, 0.002020117361098528, 0.0019898335449397564, 0.0019604191184043884]","[0.19646911323070526, 0.1960170567035675, 0.1954086422920227, 0.19459685683250427, 0.19360363483428955, 0.19248072803020477, 0.19121895730495453, 0.189716637134552, 0.18777453899383545, 0.18522357940673828, 0.18199530243873596, 0.17813341319561005, 0.1737186759710312, 0.16888368129730225, 0.1637037843465805, 0.15829181671142578, 0.1527632176876068, 0.14720116555690765, 0.14170537889003754, 0.1363239586353302, 0.13215422630310059, 0.12429150938987732, 0.11951202154159546, 0.11438141763210297, 0.10880516469478607, 0.1037234514951706, 0.09923601150512695, 0.09509682655334473, 0.09150441735982895, 0.08830852806568146, 0.08539222925901413, 0.08265708386898041, 0.07993541657924652, 0.07702283561229706, 0.07443150877952576, 0.07259130477905273, 0.07038169354200363, 0.06836193799972534, 0.06445133686065674, 0.06189112365245819, 0.060029804706573486, 0.05801551789045334, 0.055710241198539734, 0.05382951721549034, 0.052346371114254, 0.0507725328207016, 0.049143534153699875, 0.04779825359582901, 0.04676450416445732, 0.04586346074938774, 0.04489811509847641, 0.04393867775797844, 0.04316283389925957, 0.04255414754152298, 0.04183948040008545, 0.04094065725803375, 0.04009869694709778, 0.03949759155511856, 0.03900289162993431, 0.03839431703090668, 0.03772174194455147, 0.03714204579591751, 0.036645811051130295, 0.03615061566233635, 0.035681139677762985, 0.03530372679233551, 0.03499898687005043, 0.034729596227407455, 0.034480929374694824, 0.03420770913362503, 0.033884547650814056, 0.03357836231589317, 0.03334303945302963, 0.033152829855680466, 0.03292948752641678, 0.03266036510467529, 0.032403405755758286, 0.03217792138457298, 0.03198639675974846, 0.03182089328765869, 0.03164136782288551, 0.031448498368263245, 0.03127250447869301, 0.031084682792425156, 0.030875740572810173, 0.030703870579600334, 0.03056846186518669, 0.030429430305957794, 0.030285116285085678, 0.03014160506427288, 0.029997937381267548, 0.029868409037590027, 0.02975534461438656, 0.029642444103956223, 0.029538003727793694, 0.029433762654662132, 0.029331471771001816, 0.029247578233480453, 0.02917541190981865, 0.029098164290189743, 0.02900673821568489, 0.028918158262968063, 0.0288406815379858, 0.028777753934264183, 0.0287166740745306, 0.02863653004169464, 0.028551926836371422, 0.028468754142522812, 0.02838880568742752, 0.028328880667686462, 0.028278162702918053, 0.02822130173444748, 0.028148725628852844, 0.028068501502275467, 0.027989551424980164, 0.02792290970683098, 0.027876511216163635, 0.027833959087729454, 0.027786433696746826, 0.02772510051727295, 0.027677547186613083, 0.027640968561172485, 0.027607563883066177, 0.027568576857447624, 0.027531376108527184, 0.027492325752973557, 0.027448302134871483, 0.027414396405220032, 0.027386238798499107, 0.027360137552022934, 0.027334466576576233, 0.027301443740725517, 0.027272045612335205, 0.027238991111516953, 0.027217037975788116, 0.027185162529349327, 0.027175631374120712, 0.0271163173019886, 0.02713603898882866, 0.027049344033002853, 0.027085669338703156, 0.027012309059500694, 0.02700607106089592, 0.026993099600076675, 0.026928097009658813, 0.026943160220980644, 0.026889294385910034, 0.02687976509332657, 0.02687116339802742, 0.026832398027181625]",0.16526899936165967,0.5535014039217153,0.9438358552544254,0.9693914570039568,0.24787860003770892,0.24826772814388914,0.24632390679002245,0.13123976071429916,0.6878215512496584,41.18846480594948,cuda
TAO,258_TAO_id_2_Environment_tr_500_1st_4,MTF,pvt_autoencoder_differential_lr,128,10,10,64,100,0.001,"[0.19583743810653687, 0.17602218687534332, 0.1689154952764511, 0.15970711410045624, 0.15244220197200775, 0.14597150683403015, 0.14000067114830017, 0.1345515102148056, 0.1295141875743866, 0.12483888864517212, 0.12041030824184418, 0.11612015962600708, 0.1119905412197113, 0.10800433158874512, 0.10418608039617538, 0.10054260492324829, 0.09705361723899841, 0.09369789063930511, 0.09048550575971603, 0.08740024268627167, 0.08443640917539597, 0.08157329261302948, 0.0788097083568573, 0.07613522559404373, 0.07354818284511566, 0.07102903723716736, 0.06859105080366135, 0.06626377254724503, 0.0640992820262909, 0.062103331089019775, 0.06014518439769745, 0.05821093171834946, 0.05633866786956787, 0.05464949086308479, 0.052946217358112335, 0.051310449838638306, 0.04980740696191788, 0.048280756920576096, 0.04680056869983673, 0.04541456326842308, 0.04406052455306053, 0.042746759951114655, 0.04150882735848427, 0.04037962853908539, 0.03943926841020584, 0.03810226544737816, 0.03676164150238037, 0.03576399385929108, 0.0345400907099247, 0.033562932163476944, 0.03242494538426399, 0.03145017474889755, 0.030403953045606613, 0.02935260348021984, 0.028338421136140823, 0.027291718870401382, 0.026246996596455574, 0.025419684126973152, 0.0245369840413332, 0.023631520569324493, 0.022809406742453575, 0.021992824971675873, 0.021226005628705025, 0.02047714963555336, 0.019752416759729385, 0.019056610763072968, 0.018358835950493813, 0.01766759157180786, 0.017023922875523567, 0.01645364984869957, 0.016035370528697968, 0.015916531905531883, 0.015176304616034031, 0.014733679592609406, 0.014345095492899418, 0.0138620026409626, 0.013456637039780617, 0.01313864067196846, 0.012778089381754398, 0.012400772422552109, 0.012087899260222912, 0.011795314028859138, 0.011498698964715004, 0.011222184635698795, 0.010947534814476967, 0.010684316977858543, 0.010440649464726448, 0.010195999406278133, 0.009960281662642956, 0.009737135842442513, 0.009520454332232475, 0.009309126995503902, 0.00910651870071888, 0.00891131442040205, 0.008720415644347668, 0.008536084555089474, 0.008357454091310501, 0.008182822726666927, 0.00801166146993637, 0.007847248576581478]","[0.20377586781978607, 0.20322880148887634, 0.20239844918251038, 0.20139925181865692, 0.20008811354637146, 0.198301300406456, 0.19606387615203857, 0.19331955909729004, 0.19003747403621674, 0.18620046973228455, 0.18178915977478027, 0.1768462359905243, 0.17142757773399353, 0.16563230752944946, 0.15955829620361328, 0.15335014462471008, 0.14711958169937134, 0.14099673926830292, 0.13507437705993652, 0.12937332689762115, 0.12388592958450317, 0.11860410869121552, 0.11351882666349411, 0.10858571529388428, 0.10371476411819458, 0.09886948764324188, 0.09415753930807114, 0.09004276245832443, 0.08630605041980743, 0.08292577415704727, 0.07965042442083359, 0.07668446004390717, 0.07405215501785278, 0.07160088419914246, 0.06937297433614731, 0.06737443804740906, 0.06547004729509354, 0.06366747617721558, 0.06202585995197296, 0.060515157878398895, 0.0591232106089592, 0.05776657909154892, 0.05647454783320427, 0.0551452562212944, 0.05405326187610626, 0.05302564427256584, 0.052041247487068176, 0.051250629127025604, 0.05059237405657768, 0.04978112131357193, 0.04901015758514404, 0.048350587487220764, 0.0474441759288311, 0.046316396445035934, 0.04572112858295441, 0.044508855789899826, 0.043721482157707214, 0.042963117361068726, 0.04209960997104645, 0.041175633668899536, 0.04059133306145668, 0.04050685465335846, 0.040431588888168335, 0.04061097651720047, 0.040926989167928696, 0.04108724743127823, 0.04114701971411705, 0.04068716987967491, 0.03959894925355911, 0.04073221981525421, 0.036028798669576645, 0.03500210493803024, 0.03451956436038017, 0.033929359167814255, 0.03310555964708328, 0.03286504000425339, 0.03268077224493027, 0.032246071845293045, 0.031901635229587555, 0.031634628772735596, 0.03143933787941933, 0.03105696104466915, 0.030522018671035767, 0.030262377113103867, 0.030339188873767853, 0.0303203072398901, 0.03007584437727928, 0.029934391379356384, 0.029909804463386536, 0.02986336126923561, 0.029739465564489365, 0.02961430698633194, 0.029525211080908775, 0.02943878434598446, 0.029288142919540405, 0.029078714549541473, 0.028916597366333008, 0.028829801827669144, 0.028742527589201927, 0.0285935215651989]",0.16243385944678276,0.5508064026235191,0.9451217989316478,0.9697251927667406,0.2488577309294962,0.24718637067630356,0.24688248676090574,0.1314199140064236,0.6876734241987813,29.025936742778867,cuda
TAO,258_TAO_id_2_Environment_tr_500_1st_4,RP,cnn_autoencoder,128,10,10,64,150,0.001,"[0.258985698223114, 0.254071980714798, 0.24814829230308533, 0.2429398149251938, 0.23814338445663452, 0.23374716937541962, 0.22967255115509033, 0.2258215695619583, 0.22213982045650482, 0.21856090426445007, 0.21504974365234375, 0.21161259710788727, 0.2082308679819107, 0.2048991322517395, 0.20159348845481873, 0.1983456015586853, 0.19509725272655487, 0.19188468158245087, 0.18871799111366272, 0.18561527132987976, 0.18255911767482758, 0.17953908443450928, 0.17653803527355194, 0.17355641722679138, 0.17057661712169647, 0.16764123737812042, 0.16471759974956512, 0.16182087361812592, 0.15894104540348053, 0.15608590841293335, 0.15325811505317688, 0.15045881271362305, 0.14769615232944489, 0.14495693147182465, 0.14225158095359802, 0.1395852416753769, 0.13694463670253754, 0.13433000445365906, 0.1317385584115982, 0.1291670799255371, 0.12661957740783691, 0.12410687655210495, 0.12162245064973831, 0.11917611956596375, 0.11675990372896194, 0.11438336968421936, 0.11204910278320312, 0.10974764078855515, 0.10748882591724396, 0.10526643693447113, 0.10309366881847382, 0.10096616297960281, 0.09888362139463425, 0.09684967994689941, 0.09484902769327164, 0.09289388358592987, 0.09098087251186371, 0.08910781890153885, 0.08727290481328964, 0.08548739552497864, 0.08374127745628357, 0.08203417807817459, 0.08036670088768005, 0.07873721420764923, 0.0771385058760643, 0.07558316737413406, 0.07406410574913025, 0.07257933914661407, 0.07113145291805267, 0.06971766799688339, 0.06833674013614655, 0.06699606776237488, 0.06568527221679688, 0.06440255045890808, 0.06315747648477554, 0.06194254010915756, 0.060761258006095886, 0.059600524604320526, 0.05847013741731644, 0.057375773787498474, 0.056297384202480316, 0.05524994060397148, 0.05422504246234894, 0.05322783440351486, 0.052255187183618546, 0.051307689398527145, 0.05038202553987503, 0.04948234558105469, 0.048602353781461716, 0.04774174839258194, 0.04689990356564522, 0.046081770211458206, 0.04528525471687317, 0.044503841549158096, 0.04373938962817192, 0.042994581162929535, 0.042270462960004807, 0.04155446216464043, 0.04086211696267128, 0.04018436372280121, 0.03952673077583313, 0.03888162225484848, 0.038251932710409164, 0.037635836750268936, 0.03703515976667404, 0.03644705191254616, 0.035872768610715866, 0.035310789942741394, 0.03476395085453987, 0.034226104617118835, 0.033701635897159576, 0.033185288310050964, 0.0326833538711071, 0.03218924626708031, 0.0317094661295414, 0.031238215044140816, 0.03077515959739685, 0.03032493032515049, 0.029884224757552147, 0.029452567920088768, 0.029027627781033516, 0.028612688183784485, 0.028207814320921898, 0.02780928835272789, 0.027416527271270752, 0.027036871761083603, 0.02666083164513111, 0.02629544399678707, 0.025933628901839256, 0.025579415261745453, 0.02523280307650566, 0.02489163540303707, 0.02455836348235607, 0.024229053407907486, 0.023908298462629318, 0.023594241589307785, 0.02328592911362648, 0.022983208298683167, 0.022686177864670753, 0.022393394261598587, 0.022108169272542, 0.02182561159133911, 0.021550549194216728, 0.021280614659190178, 0.021014370024204254, 0.020753787830471992, 0.02049710415303707, 0.02024702914059162, 0.0199996717274189, 0.019757021218538284]","[0.21404656767845154, 0.21333372592926025, 0.21263474225997925, 0.21196644008159637, 0.21127593517303467, 0.2104976624250412, 0.2095463126897812, 0.20838403701782227, 0.20700764656066895, 0.20542636513710022, 0.2036249041557312, 0.2015845626592636, 0.1993037909269333, 0.1967831552028656, 0.19405704736709595, 0.19115065038204193, 0.1881103515625, 0.18498651683330536, 0.18182848393917084, 0.17867980897426605, 0.17559729516506195, 0.17263731360435486, 0.16983535885810852, 0.16722950339317322, 0.16483959555625916, 0.16267475485801697, 0.16074225306510925, 0.15904638171195984, 0.157595694065094, 0.15635381639003754, 0.15530239045619965, 0.15440143644809723, 0.1536385416984558, 0.15299026668071747, 0.1524243950843811, 0.1519029587507248, 0.15136735141277313, 0.1507956087589264, 0.15015128254890442, 0.14938196539878845, 0.1484702229499817, 0.14741456508636475, 0.14623814821243286, 0.14494474232196808, 0.1435554325580597, 0.14206957817077637, 0.14049386978149414, 0.1388208568096161, 0.1370345950126648, 0.13515864312648773, 0.13320985436439514, 0.13120467960834503, 0.12913548946380615, 0.12700733542442322, 0.12483619153499603, 0.12264016270637512, 0.12044477462768555, 0.11822681128978729, 0.11600758135318756, 0.1138041615486145, 0.11162589490413666, 0.10947221517562866, 0.1073506698012352, 0.10525280237197876, 0.10319962352514267, 0.10119020193815231, 0.09920719265937805, 0.09725587069988251, 0.09532670676708221, 0.09342779964208603, 0.09156706184148788, 0.08972911536693573, 0.08792397379875183, 0.08615723252296448, 0.08443109691143036, 0.0827450156211853, 0.08108985424041748, 0.0794668048620224, 0.07788898050785065, 0.07634037733078003, 0.07484900206327438, 0.07338502258062363, 0.07197321951389313, 0.070623978972435, 0.0693209245800972, 0.06803896278142929, 0.066765695810318, 0.06550349295139313, 0.0642622858285904, 0.0630388930439949, 0.061858754605054855, 0.060745470225811005, 0.05969526991248131, 0.05868940055370331, 0.05771028995513916, 0.056749872863292694, 0.05579756945371628, 0.05486692115664482, 0.053963255137205124, 0.0530921146273613, 0.05225363373756409, 0.05145210027694702, 0.05068525671958923, 0.049939122051000595, 0.04919516295194626, 0.048454418778419495, 0.04771648347377777, 0.04699487239122391, 0.0462791882455349, 0.045594826340675354, 0.04492279887199402, 0.04427611082792282, 0.04363400489091873, 0.0430009663105011, 0.04237827658653259, 0.0417700819671154, 0.041197147220373154, 0.04064633697271347, 0.04011518880724907, 0.03959653526544571, 0.03908690810203552, 0.03857490047812462, 0.038065776228904724, 0.03755800426006317, 0.03707357868552208, 0.03659927472472191, 0.03613806515932083, 0.03568216785788536, 0.03523576259613037, 0.034800805151462555, 0.034370966255664825, 0.03395077958703041, 0.033538930118083954, 0.03312946856021881, 0.03271913155913353, 0.03231799602508545, 0.03192242980003357, 0.03153720125555992, 0.031157400459051132, 0.030789747834205627, 0.03043547086417675, 0.03009652905166149, 0.02977030724287033, 0.02945304475724697, 0.029143592342734337, 0.028834929689764977, 0.02852606773376465, 0.02821306884288788, 0.027902614325284958, 0.027596108615398407]",0.12683813575357264,0.4219142677015397,0.9267341159344443,0.9563071179284031,0.24285368805138582,0.12364425162689804,0.12407581686672833,0.08880390605956583,0.37678430892072123,20.0129464159254,cuda
TAO,258_TAO_id_2_Environment_tr_500_1st_4,RP,resnet18_autoencoder_frozen,128,10,10,64,100,0.001,"[0.2403169572353363, 0.22661784291267395, 0.21267716586589813, 0.20154839754104614, 0.19216115772724152, 0.18359458446502686, 0.1754726767539978, 0.1679352968931198, 0.1609700322151184, 0.15449057519435883, 0.148438960313797, 0.1427588313817978, 0.13738028705120087, 0.13226144015789032, 0.1273999959230423, 0.12276581674814224, 0.11832871288061142, 0.11407539248466492, 0.11000702530145645, 0.106113500893116, 0.10238486528396606, 0.09881357848644257, 0.09536877274513245, 0.09206590056419373, 0.08887476474046707, 0.08580935746431351, 0.08286454528570175, 0.08004257082939148, 0.07734111696481705, 0.07473313063383102, 0.07224123179912567, 0.06984471529722214, 0.06752784550189972, 0.06530608236789703, 0.06317400187253952, 0.061114244163036346, 0.05913538858294487, 0.0572408065199852, 0.05541549623012543, 0.053666502237319946, 0.051978908479213715, 0.05036531761288643, 0.048816464841365814, 0.0473257377743721, 0.04588894173502922, 0.04450853541493416, 0.04317942261695862, 0.04189934581518173, 0.04066713899374008, 0.039481766521930695, 0.03833874315023422, 0.03723903372883797, 0.03617970645427704, 0.03515946492552757, 0.034176286309957504, 0.033227767795324326, 0.03231440484523773, 0.031432028859853745, 0.030580662190914154, 0.029759561643004417, 0.028968285769224167, 0.028203209862113, 0.02746272087097168, 0.026746809482574463, 0.026058511808514595, 0.0253913514316082, 0.02474917471408844, 0.02412651665508747, 0.023527860641479492, 0.02294495888054371, 0.022383511066436768, 0.021841224282979965, 0.021314367651939392, 0.020806165412068367, 0.02031591348350048, 0.019839486107230186, 0.019375868141651154, 0.018932946026325226, 0.01849973388016224, 0.018081186339259148, 0.017679207026958466, 0.017286580055952072, 0.016910450533032417, 0.016540680080652237, 0.016185212880373, 0.01583944819867611, 0.015506240539252758, 0.015182464383542538, 0.014868238009512424, 0.014563530683517456, 0.014268528670072556, 0.013982107862830162, 0.013705008663237095, 0.013433395884931087, 0.013170775957405567, 0.012916632927954197, 0.012667739763855934, 0.012429095804691315, 0.012195443734526634, 0.011968135833740234]","[0.19377276301383972, 0.19346734881401062, 0.19307813048362732, 0.1925274133682251, 0.19169053435325623, 0.1904124617576599, 0.18863871693611145, 0.1863848865032196, 0.18361735343933105, 0.18037235736846924, 0.17669956386089325, 0.17257122695446014, 0.16792206466197968, 0.16279274225234985, 0.15731382369995117, 0.15135976672172546, 0.14506950974464417, 0.1386333554983139, 0.13227593898773193, 0.12628889083862305, 0.12048503011465073, 0.11450240015983582, 0.10862113535404205, 0.10320067405700684, 0.09836118668317795, 0.09357103705406189, 0.08879881352186203, 0.08412981033325195, 0.07979418337345123, 0.07593902945518494, 0.0724375769495964, 0.06961093842983246, 0.06743443012237549, 0.06543178111314774, 0.06374360620975494, 0.062066685408353806, 0.06034870073199272, 0.058936767280101776, 0.05767800658941269, 0.05617779493331909, 0.05447534844279289, 0.05312088876962662, 0.0518304705619812, 0.05091893672943115, 0.05032849311828613, 0.04989234730601311, 0.05009328946471214, 0.050111424177885056, 0.05015018582344055, 0.05053024739027023, 0.049975305795669556, 0.049405477941036224, 0.04906534403562546, 0.048296719789505005, 0.047819748520851135, 0.047140028327703476, 0.0473095178604126, 0.047884296625852585, 0.04767122119665146, 0.04730943962931633, 0.046547871083021164, 0.045334018766880035, 0.043967120349407196, 0.043048642575740814, 0.041949331760406494, 0.041293397545814514, 0.04069483280181885, 0.03995523974299431, 0.039205025881528854, 0.0382290817797184, 0.03755877912044525, 0.036981478333473206, 0.0366046205163002, 0.03640167787671089, 0.03615383803844452, 0.03610514476895332, 0.03586800396442413, 0.03547842428088188, 0.03503001481294632, 0.03437908738851547, 0.03355015814304352, 0.032717570662498474, 0.03180629014968872, 0.03085191547870636, 0.02995525673031807, 0.029167845845222473, 0.028668053448200226, 0.028064196929335594, 0.02735915407538414, 0.02662285789847374, 0.025874679908156395, 0.02489907294511795, 0.023888036608695984, 0.02291885018348694, 0.021823447197675705, 0.02083204686641693, 0.019685257226228714, 0.01855594292283058, 0.017459025606513023, 0.016606543213129044]",0.123841621330067,0.4254544221510687,0.9253031147681535,0.9568818918486933,0.24285368805138582,0.1459210262577671,0.14634515394123948,0.09387527751059699,0.41496072529489647,24.614447934087366,cuda
TAO,258_TAO_id_2_Environment_tr_500_1st_4,RP,resnet18_autoencoder_progressive_unfreeze,128,10,10,64,150,0.001,"[0.2322392761707306, 0.2194322943687439, 0.20715250074863434, 0.19710509479045868, 0.1881566047668457, 0.1800711750984192, 0.1725872904062271, 0.16554830968379974, 0.15888971090316772, 0.15259036421775818, 0.1466074287891388, 0.14094209671020508, 0.1355978548526764, 0.13050931692123413, 0.12560299038887024, 0.12090922892093658, 0.11640051752328873, 0.11211061477661133, 0.10801095515489578, 0.1040794774889946, 0.10031929612159729, 0.0959729477763176, 0.09462254494428635, 0.08778907358646393, 0.08409987390041351, 0.08049298822879791, 0.0770958885550499, 0.07393166422843933, 0.07092005014419556, 0.06805440038442612, 0.06534717231988907, 0.0627850666642189, 0.060331158339977264, 0.057994309812784195, 0.05577518418431282, 0.05366706848144531, 0.05165742710232735, 0.04972986504435539, 0.04789574071764946, 0.04614720866084099, 0.04447726905345917, 0.04288453981280327, 0.04136700928211212, 0.039909135550260544, 0.03851708024740219, 0.03718503564596176, 0.035915907472372055, 0.034693874418735504, 0.03352417051792145, 0.03239520266652107, 0.031315986067056656, 0.030278393998742104, 0.029282433912158012, 0.028323108330368996, 0.027399111539125443, 0.026515183970332146, 0.025664284825325012, 0.024848131462931633, 0.02406458742916584, 0.023313771933317184, 0.02259419485926628, 0.0219025406986475, 0.021238241344690323, 0.020603589713573456, 0.019997304305434227, 0.01941152848303318, 0.018850184977054596, 0.018574221059679985, 0.018311303108930588, 0.018051628023386]","[0.2005833089351654, 0.19990716874599457, 0.19896632432937622, 0.19768673181533813, 0.19602839648723602, 0.1940293163061142, 0.19176363945007324, 0.18923240900039673, 0.18634629249572754, 0.18304961919784546, 0.17935673892498016, 0.17520442605018616, 0.17048323154449463, 0.16514866054058075, 0.15947750210762024, 0.1535041779279709, 0.14763861894607544, 0.14197443425655365, 0.1364203840494156, 0.1311027705669403, 0.13024578988552094, 0.11655867099761963, 0.1104603260755539, 0.10467159748077393, 0.09911888837814331, 0.09378857910633087, 0.08920140564441681, 0.08496072143316269, 0.08184397220611572, 0.07932441681623459, 0.0771055743098259, 0.07524780184030533, 0.07281170040369034, 0.06997089087963104, 0.0673399418592453, 0.06486562639474869, 0.0626440942287445, 0.060408007353544235, 0.05875542759895325, 0.05737210810184479, 0.05617455765604973, 0.054976560175418854, 0.05375814065337181, 0.05268605798482895, 0.051687996834516525, 0.05057482421398163, 0.04933850094676018, 0.048018209636211395, 0.046427272260189056, 0.044909849762916565, 0.04330187663435936, 0.041260503232479095, 0.03849562257528305, 0.03635985404253006, 0.03538892790675163, 0.03423227369785309, 0.03287973254919052, 0.03204423561692238, 0.03160279989242554, 0.03118310123682022, 0.03128663823008537, 0.03164925053715706, 0.03267403319478035, 0.03381333500146866, 0.03524743765592575, 0.03562412038445473, 0.035625800490379333, 0.03581121191382408, 0.03583509474992752, 0.03582020103931427]",0.1255342257196198,0.4183741132520107,0.9263722490716721,0.9559964891676812,0.24285368805138582,0.23653440674717272,0.23641246821895695,0.08880390605956583,0.6715730354585623,17.965483426116407,cuda
TAO,258_TAO_id_2_Environment_tr_500_1st_4,RP,resnet18_autoencoder_differential_lr,128,10,10,64,100,0.001,"[0.2712598443031311, 0.24376130104064941, 0.22635096311569214, 0.21480455994606018, 0.20620255172252655, 0.19918793439865112, 0.19270479679107666, 0.1864808201789856, 0.18059886991977692, 0.17491300404071808, 0.16937294602394104, 0.16408094763755798, 0.15907230973243713, 0.15426532924175262, 0.1495954543352127, 0.14506366848945618, 0.1406915783882141, 0.13647179305553436, 0.13242119550704956, 0.12855437397956848, 0.12486004084348679, 0.12130008637905121, 0.11782914400100708, 0.11443746089935303, 0.11113173514604568, 0.10793692618608475, 0.10486287623643875, 0.10191144794225693, 0.09908099472522736, 0.09636731445789337, 0.09372934699058533, 0.0911652147769928, 0.08869539201259613, 0.08631233125925064, 0.0840063989162445, 0.08177507668733597, 0.07962296903133392, 0.0775376707315445, 0.07553386688232422, 0.07359298318624496, 0.0717242956161499, 0.06991807371377945, 0.06816455721855164, 0.06646189093589783, 0.06481111794710159, 0.06321107596158981, 0.06165589764714241, 0.06014920398592949, 0.05868998542428017, 0.0572776235640049, 0.055905427783727646, 0.054576851427555084, 0.053285032510757446, 0.05202847346663475, 0.050803810358047485, 0.04961591586470604, 0.04846024513244629, 0.0473332479596138, 0.04624072462320328, 0.045177992433309555, 0.04414432495832443, 0.04313432797789574, 0.04215392842888832, 0.04119589179754257, 0.04026893153786659, 0.03936246410012245, 0.03848228603601456, 0.03762436658143997, 0.03679107502102852, 0.03597332537174225, 0.035182222723960876, 0.03440948575735092, 0.0336558036506176, 0.03292004019021988, 0.03220305219292641, 0.03150445967912674, 0.03081926703453064, 0.03015655092895031, 0.029503175988793373, 0.028865255415439606, 0.02824966236948967, 0.027643663808703423, 0.027051983401179314, 0.026476960629224777, 0.025915425270795822, 0.025364844128489494, 0.024833671748638153, 0.024309329688549042, 0.023802196606993675, 0.023302245885133743, 0.022816434502601624, 0.022340605035424232, 0.02187946066260338, 0.02143033966422081, 0.020992329344153404, 0.02056785486638546, 0.020153772085905075, 0.019750582054257393, 0.019360674545168877, 0.018979070708155632]","[0.20225530862808228, 0.2018357515335083, 0.20130597054958344, 0.20082347095012665, 0.20035438239574432, 0.19970309734344482, 0.19890663027763367, 0.19811224937438965, 0.19673189520835876, 0.19485041499137878, 0.19258269667625427, 0.18906724452972412, 0.18472176790237427, 0.17962555587291718, 0.17442375421524048, 0.16899827122688293, 0.1632576882839203, 0.15719574689865112, 0.15107783675193787, 0.14481797814369202, 0.13913564383983612, 0.13373398780822754, 0.12862184643745422, 0.1235719844698906, 0.11883024871349335, 0.11418675631284714, 0.10995759814977646, 0.10579080879688263, 0.10162490606307983, 0.09750469774007797, 0.09341073036193848, 0.08944253623485565, 0.08571577072143555, 0.08232173323631287, 0.07927553355693817, 0.07652529329061508, 0.07403480261564255, 0.07175562530755997, 0.06960959732532501, 0.06760060787200928, 0.06567233800888062, 0.06382831931114197, 0.06204531714320183, 0.06036488339304924, 0.058795057237148285, 0.05731901153922081, 0.05592507869005203, 0.05461534857749939, 0.0533909797668457, 0.05222169682383537, 0.051101744174957275, 0.050027817487716675, 0.04896574839949608, 0.04791682958602905, 0.04687562584877014, 0.045812658965587616, 0.04472104832530022, 0.0436302088201046, 0.04255221411585808, 0.04151980206370354, 0.04052962362766266, 0.03959239274263382, 0.03869832307100296, 0.03786911070346832, 0.03707089275121689, 0.03629075735807419, 0.03552722558379173, 0.03477029502391815, 0.03400342911481857, 0.033240944147109985, 0.03249584883451462, 0.03179206699132919, 0.031121235340833664, 0.030479617416858673, 0.029858693480491638, 0.029240280389785767, 0.02863728255033493, 0.028037071228027344, 0.02745826356112957, 0.026900753378868103, 0.026365771889686584, 0.025853317230939865, 0.02535094879567623, 0.024847671389579773, 0.024364806711673737, 0.02387407422065735, 0.023396795615553856, 0.022947724908590317, 0.022503435611724854, 0.022076427936553955, 0.021657481789588928, 0.02123873494565487, 0.020839622244238853, 0.020455854013562202, 0.020083989948034286, 0.01971842162311077, 0.01933591440320015, 0.018964042887091637, 0.01860044151544571, 0.018258340656757355]",0.16330839318749688,0.5816258867479893,0.9428832823896218,0.9658141676250698,0.2751533063169651,0.2763018065887354,0.2740832815413297,0.10841038456367363,0.6839212349185723,27.756584672024474,cuda
TAO,258_TAO_id_2_Environment_tr_500_1st_4,RP,pvt_autoencoder_frozen,128,10,10,64,100,0.001,"[0.22685977816581726, 0.21144349873065948, 0.19895699620246887, 0.18796728551387787, 0.17840871214866638, 0.1696450561285019, 0.16146628558635712, 0.15378445386886597, 0.14658358693122864, 0.13977956771850586, 0.13333146274089813, 0.12726663053035736, 0.12151467800140381, 0.11610326170921326, 0.11101729422807693, 0.10621464997529984, 0.10165564715862274, 0.09733171761035919, 0.0932210236787796, 0.08933515846729279, 0.08565163612365723, 0.08213941007852554, 0.07879825681447983, 0.07563323527574539, 0.07260310649871826, 0.06973327696323395, 0.06700680404901505, 0.0644080713391304, 0.061940159648656845, 0.05959710851311684, 0.057365331798791885, 0.055228158831596375, 0.05318683758378029, 0.0512414388358593, 0.04938672482967377, 0.047610219568014145, 0.04591712728142738, 0.044307101517915726, 0.04276956245303154, 0.041305430233478546, 0.039907731115818024, 0.03857825696468353, 0.037308380007743835, 0.0360976941883564, 0.03494289889931679, 0.03383607044816017, 0.032774705439805984, 0.03176300227642059, 0.030792711302638054, 0.029861025512218475, 0.028971843421459198, 0.02811645157635212, 0.02729775756597519, 0.026513122022151947, 0.025760091841220856, 0.02504078857600689, 0.02434816211462021, 0.02368268556892872, 0.023046307265758514, 0.022434044629335403, 0.021843736991286278, 0.02127796784043312, 0.020733196288347244, 0.020210567861795425, 0.019705191254615784, 0.019222024828195572, 0.01875399611890316, 0.018305348232388496, 0.01786990649998188, 0.01745242439210415, 0.01704995147883892, 0.016658075153827667, 0.016283376142382622, 0.015919644385576248, 0.015568654052913189, 0.01522808987647295, 0.014899131841957569, 0.014582594856619835, 0.014274736866354942, 0.013979570008814335, 0.013693254441022873, 0.013413826934993267, 0.013144467957317829, 0.012884228490293026, 0.012631071731448174, 0.012385296635329723, 0.012147954665124416, 0.011916225776076317, 0.011692699044942856, 0.011476095765829086, 0.011264798231422901, 0.01105867326259613, 0.010858651250600815, 0.010666429996490479, 0.010478075593709946, 0.010295744985342026, 0.010115698911249638, 0.009942629374563694, 0.00977399293333292, 0.009610327892005444]","[0.20476821064949036, 0.20459061861038208, 0.20396435260772705, 0.20284199714660645, 0.20113062858581543, 0.19882166385650635, 0.19592177867889404, 0.19237081706523895, 0.18806195259094238, 0.18290874361991882, 0.17688500881195068, 0.17009906470775604, 0.1626802384853363, 0.15483608841896057, 0.1466744840145111, 0.1382763683795929, 0.12982705235481262, 0.12145113199949265, 0.1133175641298294, 0.10560732334852219, 0.0984201580286026, 0.09184404462575912, 0.08588390797376633, 0.08053115010261536, 0.07575392723083496, 0.0714372768998146, 0.06746339797973633, 0.06375309079885483, 0.060271523892879486, 0.05699126422405243, 0.05392470955848694, 0.051098715513944626, 0.04853666573762894, 0.046235810965299606, 0.04415341839194298, 0.04227612540125847, 0.04057728126645088, 0.03902053087949753, 0.03757668659090996, 0.03622179850935936, 0.03493931144475937, 0.03371606022119522, 0.03254503011703491, 0.03143151104450226, 0.030378801748156548, 0.029386989772319794, 0.02845541015267372, 0.02758105657994747, 0.026760457083582878, 0.025991147384047508, 0.025260020047426224, 0.02456810139119625, 0.02391030453145504, 0.023284202441573143, 0.02268475852906704, 0.022105928510427475, 0.021550215780735016, 0.021013785153627396, 0.02049652859568596, 0.0199980940669775, 0.019521884620189667, 0.019064372405409813, 0.01862695813179016, 0.018206115812063217, 0.017803151160478592, 0.017413176596164703, 0.01703694462776184, 0.01666909083724022, 0.016313372179865837, 0.015967272222042084, 0.015629630535840988, 0.015306083485484123, 0.014992311596870422, 0.014690108597278595, 0.014398887753486633, 0.014118961989879608, 0.01384926401078701, 0.013586681336164474, 0.013332593254745007, 0.013086043298244476, 0.012844487093389034, 0.012610839679837227, 0.012386076152324677, 0.012167531996965408, 0.011956736445426941, 0.011753030121326447, 0.01155376248061657, 0.0113611351698637, 0.011172427795827389, 0.0109866289421916, 0.010802976787090302, 0.010623004287481308, 0.010449289344251156, 0.010278800502419472, 0.010113437660038471, 0.009950026869773865, 0.009793244302272797, 0.009639971889555454, 0.009490562602877617, 0.009343985468149185]",0.1637590781765519,0.5841739048894319,0.9429956157726838,0.9660604301830691,0.2752480429848371,0.2763018065887354,0.27431004333612075,0.10841038456367363,0.6629474111720248,29.155434089014307,cuda
TAO,258_TAO_id_2_Environment_tr_500_1st_4,RP,pvt_autoencoder_progressive_unfreeze,128,10,10,64,150,0.001,"[0.284119188785553, 0.2557414770126343, 0.2382902055978775, 0.22635117173194885, 0.21637403964996338, 0.20778875052928925, 0.20001935958862305, 0.19290560483932495, 0.18647409975528717, 0.18335328996181488, 0.18016251921653748, 0.17696769535541534, 0.17381568253040314, 0.17077107727527618, 0.16782592236995697, 0.16497305035591125, 0.1622290015220642, 0.15958286821842194, 0.15703368186950684, 0.15456469357013702, 0.1521531045436859, 0.1470826417207718, 0.1413256824016571, 0.13607348501682281, 0.13140760362148285, 0.12709352374076843, 0.12305352091789246, 0.11919054388999939, 0.11545830965042114, 0.11186956614255905, 0.1083870604634285, 0.10498442500829697, 0.10170068591833115, 0.0985320433974266, 0.09545178711414337, 0.09246202558279037, 0.08954448252916336, 0.08671151846647263, 0.08394269645214081, 0.08125253021717072, 0.07863430678844452, 0.07608627527952194, 0.07359935343265533, 0.07118331640958786, 0.06883253157138824, 0.06654278188943863, 0.06431122869253159, 0.062128063291311264, 0.06000406667590141, 0.0579296350479126, 0.055905018001794815, 0.053940728306770325, 0.05203697457909584, 0.050190217792987823, 0.04840117320418358, 0.0466785654425621, 0.04502057656645775, 0.04341519996523857, 0.04186972603201866, 0.040374405682086945, 0.038931846618652344, 0.037535857409238815, 0.03619637340307236, 0.03490426391363144, 0.03365974500775337, 0.03246722370386124, 0.0313214510679245, 0.030219847336411476, 0.029163967818021774, 0.028153281658887863, 0.027182476595044136, 0.026256391778588295, 0.025372272357344627, 0.024531196802854538, 0.02372695505619049, 0.022957652807235718, 0.022224461659789085, 0.021520843729376793, 0.020851660519838333, 0.020207088440656662, 0.019589828327298164, 0.019003894180059433, 0.018436113372445107, 0.01789579913020134, 0.01737314648926258, 0.01687721721827984, 0.016399938613176346, 0.01594207063317299, 0.01550319418311119, 0.015080134384334087, 0.01467360183596611, 0.014286831021308899, 0.01390980463474989, 0.013549905270338058, 0.01320411916822195, 0.012869533151388168, 0.012548857368528843, 0.01223788969218731, 0.011940720491111279, 0.011652417480945587, 0.011375212110579014, 0.01110850553959608, 0.010850450024008751, 0.010601564310491085, 0.010361880995333195, 0.010131320916116238, 0.009905909188091755, 0.009689755737781525, 0.009482619352638721, 0.009280305355787277, 0.009085754863917828, 0.008895560167729855, 0.008712207898497581, 0.0085348691791296, 0.008362517692148685, 0.008197110146284103, 0.008036315441131592, 0.00787891261279583, 0.007727932650595903, 0.00758028170093894, 0.007437441498041153, 0.007297481410205364, 0.007163163740187883, 0.0070330118760466576, 0.006906447000801563, 0.0067834812216460705, 0.006661775056272745, 0.006546505261212587, 0.006432204972952604, 0.0063225459307432175, 0.006214417051523924, 0.006110091228038073, 0.0060090310871601105, 0.0059092543087899685, 0.0058130607940256596, 0.005717894062399864, 0.005627227947115898, 0.005537394434213638, 0.0054504466243088245, 0.005365517921745777, 0.0052818413823843, 0.005201324820518494, 0.005122180562466383, 0.00504579721018672, 0.00497087650001049, 0.00489661144092679, 0.004824906121939421, 0.00475487532094121, 0.004686390981078148, 0.004619925748556852]","[0.215267151594162, 0.21501517295837402, 0.2150634527206421, 0.21549034118652344, 0.21628473699092865, 0.21732625365257263, 0.218378484249115, 0.21902716159820557, 0.21825669705867767, 0.21697913110256195, 0.2152070254087448, 0.21295170485973358, 0.21030959486961365, 0.20728835463523865, 0.20393459498882294, 0.20030677318572998, 0.19642405211925507, 0.1923358142375946, 0.18810099363327026, 0.18374580144882202, 0.17735552787780762, 0.16634023189544678, 0.15679213404655457, 0.15165726840496063, 0.14611981809139252, 0.13934290409088135, 0.13290947675704956, 0.1273534893989563, 0.12208019196987152, 0.11666762828826904, 0.11138006299734116, 0.1064688116312027, 0.102010577917099, 0.09791313111782074, 0.09406270831823349, 0.09021555632352829, 0.08638350665569305, 0.08280856162309647, 0.07950644195079803, 0.07643468677997589, 0.07356488704681396, 0.07085759937763214, 0.06825707852840424, 0.06570887565612793, 0.06318987905979156, 0.0607626736164093, 0.05846165865659714, 0.05631548911333084, 0.054292820394039154, 0.052325472235679626, 0.050375208258628845, 0.04843096435070038, 0.04656721279025078, 0.044830769300460815, 0.043181613087654114, 0.041558124125003815, 0.04001598060131073, 0.038508009165525436, 0.03704986348748207, 0.035673707723617554, 0.03439027816057205, 0.03312180936336517, 0.03185334429144859, 0.030633285641670227, 0.02946487069129944, 0.028349820524454117, 0.027309492230415344, 0.026327643543481827, 0.025383567437529564, 0.02443818747997284, 0.02350212261080742, 0.022637497633695602, 0.021853579208254814, 0.021125255152583122, 0.020420659333467484, 0.019730806350708008, 0.019072331488132477, 0.018429886549711227, 0.01782185398042202, 0.01724778115749359, 0.01671767793595791, 0.01623120717704296, 0.015774333849549294, 0.015330749563872814, 0.014917081221938133, 0.014503015205264091, 0.014104414731264114, 0.013718727976083755, 0.01333156879991293, 0.012962663546204567, 0.01260366104543209, 0.012256618589162827, 0.01193193905055523, 0.01163464318960905, 0.011350187472999096, 0.01107847597450018, 0.010811257176101208, 0.010560557246208191, 0.010316714644432068, 0.010078348219394684, 0.009839676320552826, 0.009611542336642742, 0.009395722299814224, 0.009190032258629799, 0.008993125520646572, 0.00881368387490511, 0.008633904159069061, 0.008458643220365047, 0.008281397633254528, 0.008121313527226448, 0.007951386272907257, 0.007788006216287613, 0.007634814362972975, 0.007484452333301306, 0.007346592843532562, 0.007212071679532528, 0.007075516041368246, 0.006952184252440929, 0.006831292062997818, 0.0067069935612380505, 0.006584562361240387, 0.006473831366747618, 0.006367400288581848, 0.006260138005018234, 0.006151366047561169, 0.006035445258021355, 0.005926573183387518, 0.005821266211569309, 0.005724558141082525, 0.0056322356685996056, 0.0055425940081477165, 0.005458006635308266, 0.005369281396269798, 0.005285273306071758, 0.005204559303820133, 0.005122332833707333, 0.005045121535658836, 0.004974646028131247, 0.004903540480881929, 0.004831911996006966, 0.004758738446980715, 0.004686310887336731, 0.004615730606019497, 0.004547148011624813, 0.004483042284846306, 0.004420641344040632, 0.0043619778007268906, 0.004298938438296318, 0.004237234592437744, 0.004174579866230488]",0.1637590781765519,0.5841739048894319,0.9429956157726838,0.9660604301830691,0.2752480429848371,0.2763018065887354,0.27431004333612075,0.10841038456367363,0.6629474111720248,43.5058252948802,cuda
TAO,258_TAO_id_2_Environment_tr_500_1st_4,RP,pvt_autoencoder_differential_lr,128,10,10,64,100,0.001,"[0.24111580848693848, 0.22815178334712982, 0.21608996391296387, 0.2063736468553543, 0.19829991459846497, 0.19111411273479462, 0.18446993827819824, 0.1782476305961609, 0.17233727872371674, 0.16677559912204742, 0.16150961816310883, 0.1564946472644806, 0.15165966749191284, 0.14696015417575836, 0.14241187274456024, 0.1379593014717102, 0.13358668982982635, 0.12931065261363983, 0.12510138750076294, 0.12094967812299728, 0.11685381829738617, 0.11283840984106064, 0.10890234261751175, 0.10503799468278885, 0.1012561246752739, 0.09755704551935196, 0.09396958351135254, 0.0904792994260788, 0.08710679411888123, 0.0838404968380928, 0.08068069070577621, 0.07762831449508667, 0.07468372583389282, 0.0718625858426094, 0.06914956122636795, 0.06654836982488632, 0.06406227499246597, 0.06167791038751602, 0.05938856303691864, 0.05718831717967987, 0.05508105084300041, 0.05305394157767296, 0.05111994594335556, 0.04927178844809532, 0.047497596591711044, 0.04580167308449745, 0.0441756546497345, 0.042621731758117676, 0.041136596351861954, 0.039713021367788315, 0.03835202381014824, 0.037048641592264175, 0.035802651196718216, 0.03460489585995674, 0.03345899283885956, 0.03236118331551552, 0.031308289617300034, 0.030297433957457542, 0.029329845681786537, 0.02840377576649189, 0.027518628165125847, 0.026671582832932472, 0.025866156443953514, 0.02509334497153759, 0.024361679330468178, 0.02366199716925621, 0.022988421842455864, 0.022346418350934982, 0.02172859013080597, 0.021138424053788185, 0.02056991308927536, 0.020025907084345818, 0.019506286829710007, 0.019008565694093704, 0.01852956786751747, 0.018067071214318275, 0.01762576960027218, 0.017201106995344162, 0.016792375594377518, 0.016399171203374863, 0.016019603237509727, 0.01565583609044552, 0.015304852277040482, 0.014967545866966248, 0.014642324298620224, 0.014328904449939728, 0.014025983400642872, 0.013736461289227009, 0.013453965075314045, 0.013181346468627453, 0.012920635752379894, 0.012667471542954445, 0.012422401458024979, 0.01218600943684578, 0.0119557436555624, 0.011734762229025364, 0.011519941501319408, 0.01131068728864193, 0.011110368184745312, 0.010916413739323616]","[0.19856831431388855, 0.19837263226509094, 0.1980617344379425, 0.19761887192726135, 0.19699637591838837, 0.19616428017616272, 0.1950972080230713, 0.193642258644104, 0.1915711611509323, 0.18880164623260498, 0.1853041648864746, 0.18116489052772522, 0.1764948070049286, 0.17136244475841522, 0.1656840741634369, 0.15956604480743408, 0.15310728549957275, 0.14647305011749268, 0.1399378627538681, 0.13357628881931305, 0.12748487293720245, 0.12172096967697144, 0.11622399091720581, 0.1109267994761467, 0.10578371584415436, 0.10079660266637802, 0.09592966735363007, 0.09120842069387436, 0.0866299495100975, 0.08224654197692871, 0.07814797759056091, 0.07431749999523163, 0.07074440270662308, 0.06740005314350128, 0.06427030265331268, 0.06136041134595871, 0.05864563584327698, 0.05610368773341179, 0.05371145159006119, 0.051483653485774994, 0.04937956854701042, 0.047404155135154724, 0.04554455727338791, 0.04379219934344292, 0.04215420410037041, 0.04061123728752136, 0.03916430473327637, 0.037803635001182556, 0.036513522267341614, 0.035281501710414886, 0.03410163149237633, 0.032977014780044556, 0.03190162405371666, 0.030879322439432144, 0.02990863099694252, 0.0289878211915493, 0.028109155595302582, 0.027271520346403122, 0.026473503559827805, 0.02571498416364193, 0.024989400058984756, 0.024302175268530846, 0.023650042712688446, 0.023037582635879517, 0.022459067404270172, 0.02190510556101799, 0.021377800032496452, 0.020865198224782944, 0.020368441939353943, 0.019886299967765808, 0.019420228898525238, 0.01897435635328293, 0.018549708649516106, 0.01814580149948597, 0.017760932445526123, 0.017397627234458923, 0.017049986869096756, 0.016717707738280296, 0.016395818442106247, 0.016082843765616417, 0.01577860116958618, 0.015480688773095608, 0.015192522667348385, 0.014915024861693382, 0.014649167656898499, 0.014393473975360394, 0.014151988551020622, 0.013917318545281887, 0.013690616935491562, 0.01347399316728115, 0.013261765241622925, 0.013054846785962582, 0.012853885069489479, 0.01265568844974041, 0.012463877908885479, 0.012275504879653454, 0.01209200918674469, 0.011916066519916058, 0.011745357885956764, 0.01158150564879179]",0.1255342257196198,0.4183741132520107,0.9263722490716721,0.9559964891676812,0.24285368805138582,0.23653440674717272,0.23641246821895695,0.08880390605956583,0.6715730354585623,30.75493076699786,cuda
TAO,258_TAO_id_2_Environment_tr_500_1st_4,RWT,cnn_autoencoder,128,10,10,64,150,0.001,"[0.12405123561620712, 0.12002477049827576, 0.11369872093200684, 0.10843683779239655, 0.10404709726572037, 0.1002640500664711, 0.09691018611192703, 0.09379155188798904, 0.09083988517522812, 0.08800076693296432, 0.08523513376712799, 0.08251291513442993, 0.0798502117395401, 0.07719425112009048, 0.07456105202436447, 0.07191351801156998, 0.06929931044578552, 0.06676195561885834, 0.06434904783964157, 0.06206844002008438, 0.059868983924388885, 0.057690832763910294, 0.055549997836351395, 0.053514108061790466, 0.05158195272088051, 0.04972932115197182, 0.04795240983366966, 0.046225275844335556, 0.044582124799489975, 0.04301375895738602, 0.041498247534036636, 0.040040306746959686, 0.0386347733438015, 0.037289418280124664, 0.03600533306598663, 0.034770701080560684, 0.033584676682949066, 0.03246036544442177, 0.03138212859630585, 0.030342306941747665, 0.029348405078053474, 0.028390033170580864, 0.02747444063425064, 0.02659512683749199, 0.025755660608410835, 0.024955812841653824, 0.024188684299588203, 0.023454872891306877, 0.02275092899799347, 0.022078247740864754, 0.021432651206851006, 0.02081667073071003, 0.02022380940616131, 0.019658131524920464, 0.019112342968583107, 0.018587838858366013, 0.01808062754571438, 0.01759076677262783, 0.01711777038872242, 0.01665777526795864, 0.0162142775952816, 0.015783416107296944, 0.015366360545158386, 0.014963093213737011, 0.014574389904737473, 0.014196046628057957, 0.013834015466272831, 0.013479281216859818, 0.01313698012381792, 0.012803567573428154, 0.012481672689318657, 0.012168987654149532, 0.01186612993478775, 0.011574860662221909, 0.011292853392660618, 0.011017345823347569, 0.010752695612609386, 0.010496608912944794, 0.010254910215735435, 0.010023203678429127, 0.009804203175008297, 0.009597208350896835, 0.009385882876813412, 0.009164162911474705, 0.00895187072455883, 0.008768238127231598, 0.00857661385089159, 0.008378809317946434, 0.008205299265682697, 0.008029170334339142, 0.007850558497011662, 0.007692305371165276, 0.007531132083386183, 0.00736762722954154, 0.007223210297524929, 0.007076047360897064, 0.006927613168954849, 0.006796668283641338, 0.00666089728474617, 0.006525994278490543, 0.006402732338756323, 0.006278211250901222, 0.006154035683721304, 0.00604061596095562, 0.005928696133196354, 0.005811449605971575, 0.005705133080482483, 0.005601114127784967, 0.005496014375239611, 0.00539589487016201, 0.005298888776451349, 0.005201773717999458, 0.0051067243330180645, 0.005017692223191261, 0.004929440561681986, 0.004841967951506376, 0.004755732137709856, 0.004673291463404894, 0.00459372578188777, 0.004514829255640507, 0.004436996765434742, 0.004360637161880732, 0.004288658034056425, 0.0042162099853158, 0.004146836698055267, 0.004077702295035124, 0.004010587930679321, 0.00394577207043767, 0.003880746429786086, 0.003818575292825699, 0.0037569208070635796, 0.003698483807966113, 0.003642032854259014, 0.0035885749384760857, 0.0035361701156944036, 0.003486115485429764, 0.0034321185667067766, 0.0033715786412358284, 0.0033116682898253202, 0.0032586739398539066, 0.0032162826973944902, 0.003169974545016885, 0.0031199974473565817, 0.003066842909902334, 0.0030208996031433344, 0.002979990327730775, 0.002937997691333294, 0.0028928848914802074, 0.002847003750503063, 0.0028059405740350485]","[0.11443188041448593, 0.11417458951473236, 0.11384700238704681, 0.1134057492017746, 0.11279412358999252, 0.11196374893188477, 0.11088510602712631, 0.1095491573214531, 0.10796169936656952, 0.1061251163482666, 0.10404976457357407, 0.10173400491476059, 0.09918475151062012, 0.09640159457921982, 0.0934172123670578, 0.09027493000030518, 0.08695473521947861, 0.08342244476079941, 0.07959015667438507, 0.07550446689128876, 0.07126566022634506, 0.06699516624212265, 0.06274536997079849, 0.05859971046447754, 0.05477523431181908, 0.051496997475624084, 0.04878668487071991, 0.046479806303977966, 0.04428068548440933, 0.04203025624155998, 0.03975846618413925, 0.0375971756875515, 0.03567681461572647, 0.03408065065741539, 0.03268677741289139, 0.03141467273235321, 0.030266646295785904, 0.0292610302567482, 0.028405023738741875, 0.02761119231581688, 0.026801355183124542, 0.026029130443930626, 0.025343626737594604, 0.024704208597540855, 0.023992549628019333, 0.023186150938272476, 0.022346390411257744, 0.021506337448954582, 0.0206526480615139, 0.01981768198311329, 0.019083676859736443, 0.018451936542987823, 0.017860442399978638, 0.017309067770838737, 0.016868697479367256, 0.01654335856437683, 0.016278890892863274, 0.016082122921943665, 0.01598835363984108, 0.01595352590084076, 0.015895333141088486, 0.01586347445845604, 0.015899060294032097, 0.01589789241552353, 0.015857674181461334, 0.015831798315048218, 0.0156385637819767, 0.015452014282345772, 0.015227582305669785, 0.014923281967639923, 0.014695785008370876, 0.014360658824443817, 0.014207432046532631, 0.013748466968536377, 0.013634232804179192, 0.013268545269966125, 0.013097217306494713, 0.012855371460318565, 0.012504464015364647, 0.012413503602147102, 0.011824424378573895, 0.011653212830424309, 0.010852785781025887, 0.010568021796643734, 0.010349198244512081, 0.009624767117202282, 0.00933881290256977, 0.009200874716043472, 0.00878116860985756, 0.008523554541170597, 0.008288436569273472, 0.007937824353575706, 0.007718108594417572, 0.007520608138293028, 0.007200547959655523, 0.007031602784991264, 0.006872307043522596, 0.006608272902667522, 0.0065185087732970715, 0.006405871361494064, 0.006150301080197096, 0.006083275191485882, 0.006035262253135443, 0.005834400653839111, 0.005747243296355009, 0.005691108293831348, 0.005560414399951696, 0.005494978278875351, 0.005405909847468138, 0.00531822070479393, 0.005298433359712362, 0.005185373593121767, 0.005111346486955881, 0.005086333490908146, 0.004952719435095787, 0.004901682958006859, 0.004830106161534786, 0.004712019115686417, 0.004690052010118961, 0.004585718270391226, 0.004529106430709362, 0.0044701676815748215, 0.004400082863867283, 0.004364109598100185, 0.00426397193223238, 0.004260533954948187, 0.004144055303186178, 0.004132183734327555, 0.004026614595204592, 0.004018389154225588, 0.0039005239959806204, 0.003911741077899933, 0.0037662636023014784, 0.0038039800710976124, 0.0035981591790914536, 0.0036291168071329594, 0.0034568211995065212, 0.0034414478577673435, 0.003368677105754614, 0.003290284425020218, 0.003320699092000723, 0.003183344379067421, 0.0031829788349568844, 0.003139384090900421, 0.003060797927901149, 0.003088241210207343, 0.0029860632494091988, 0.0029895249754190445, 0.002945719286799431, 0.0028836019337177277]",0.13193801082257697,0.5219302590968853,0.9362889302955671,0.9703970541068447,0.299096964591344,0.29875896618467496,0.2987539368419876,0.1355696900281762,0.7353887005634874,20.075381342088804,cuda
TAO,258_TAO_id_2_Environment_tr_500_1st_4,RWT,resnet18_autoencoder_frozen,128,10,10,64,100,0.001,"[0.12518003582954407, 0.10820641368627548, 0.0959910899400711, 0.0857556089758873, 0.07552181929349899, 0.06636030226945877, 0.059455860406160355, 0.05366033315658569, 0.048307474702596664, 0.043759919703006744, 0.039869893342256546, 0.03657833859324455, 0.03372689336538315, 0.031109066680073738, 0.02874181978404522, 0.026653748005628586, 0.02475685253739357, 0.0230453722178936, 0.021515725180506706, 0.020108016207814217, 0.01878906972706318, 0.017586374655365944, 0.016495753079652786, 0.015485397540032864, 0.01455103699117899, 0.013701914809644222, 0.012924088165163994, 0.012198200449347496, 0.011523973196744919, 0.0109064020216465, 0.010334043763577938, 0.009803315624594688, 0.0093147037550807, 0.008854921907186508, 0.008420578204095364, 0.008016835898160934, 0.007826770655810833, 0.007640801835805178, 0.007461249828338623]","[0.10794955492019653, 0.10774760693311691, 0.10743002593517303, 0.10705485194921494, 0.10655957460403442, 0.10592179745435715, 0.10483865439891815, 0.10280446708202362, 0.0992605984210968, 0.09450044482946396, 0.08889681100845337, 0.08243848383426666, 0.07539131492376328, 0.0678432285785675, 0.059471260756254196, 0.05104782432317734, 0.044086754322052, 0.03835037350654602, 0.03344133496284485, 0.029461294412612915, 0.02649974450469017, 0.024587661027908325, 0.023642292246222496, 0.023276783525943756, 0.02332497388124466, 0.02321205660700798, 0.022711660712957382, 0.022151557728648186, 0.021927960216999054, 0.02229633927345276, 0.022902389988303185, 0.023466888815164566, 0.024384722113609314, 0.024809695780277252, 0.02469836175441742, 0.024571169167757034, 0.02434595301747322, 0.02401803247630596, 0.02336559072136879]",0.14573592752578746,0.5594314300782053,0.941917228285569,0.9726088034084117,0.29536185516142544,0.2950596252129472,0.2947238308076924,0.14152623982312396,0.7305811955464888,8.795954714994878,cuda
TAO,258_TAO_id_2_Environment_tr_500_1st_4,RWT,resnet18_autoencoder_progressive_unfreeze,128,10,10,64,150,0.001,"[0.12259866297245026, 0.10994844138622284, 0.09983424842357635, 0.0904666855931282, 0.08197411894798279, 0.07438834756612778, 0.06792550534009933, 0.0625537782907486, 0.057930197566747665, 0.053828321397304535, 0.050137996673583984, 0.04675317928195, 0.043639395385980606, 0.04077344387769699, 0.03814779222011566, 0.03575307875871658, 0.03354952111840248, 0.03150694817304611, 0.029629278928041458, 0.027916323393583298, 0.02634338289499283, 0.033646222203969955, 0.026627030223608017, 0.022580929100513458, 0.021246904507279396, 0.019672008231282234, 0.018398717045783997, 0.01720208302140236, 0.016609087586402893, 0.016004232689738274, 0.015473135747015476, 0.015013429336249828, 0.014593218453228474, 0.014181646518409252, 0.013761498034000397, 0.013334463350474834, 0.012924226000905037, 0.012547668069601059, 0.012205613777041435, 0.011876996606588364, 0.011551366187632084, 0.011232881806790829, 0.010926567018032074, 0.010632961988449097, 0.010349125601351261, 0.010071965865790844, 0.009806837886571884, 0.009552068077027798, 0.009303894825279713, 0.009058666415512562, 0.008825435303151608, 0.008599605411291122, 0.00838384497910738, 0.008173533715307713, 0.007967759855091572, 0.007766398601233959, 0.007573065347969532, 0.0073843239806592464, 0.007201565895229578, 0.007023537531495094, 0.006849141325801611, 0.006680767051875591, 0.006518007256090641, 0.006360536441206932, 0.006204554345458746, 0.006053833290934563, 0.005909073166549206, 0.005770607385784388, 0.005702449008822441, 0.0056339409202337265, 0.005566545762121677, 0.005500315222889185, 0.0054354602470994, 0.005373683292418718, 0.0053096977062523365, 0.00524887815117836, 0.00518889632076025, 0.005128959659487009, 0.005099577829241753, 0.005071580875664949, 0.0050424993969500065]","[0.11179205030202866, 0.11157604306936264, 0.11130031198263168, 0.11090743541717529, 0.11027147620916367, 0.10932047665119171, 0.1078614592552185, 0.10569797456264496, 0.10271092504262924, 0.09878049790859222, 0.09374403953552246, 0.08768283575773239, 0.08072896301746368, 0.0730723887681961, 0.06518206745386124, 0.05750833451747894, 0.05116646736860275, 0.045729562640190125, 0.040919478982686996, 0.036787599325180054, 0.03214035928249359, 0.03571479767560959, 0.038272254168987274, 0.04408038780093193, 0.047045327723026276, 0.047635238617658615, 0.042870573699474335, 0.03908076882362366, 0.03557378053665161, 0.03274903446435928, 0.030153613537549973, 0.02802732214331627, 0.02618081495165825, 0.02455589734017849, 0.023083260282874107, 0.021759256720542908, 0.02054343931376934, 0.019584281370043755, 0.0186929889023304, 0.01790672168135643, 0.017187856137752533, 0.016552744433283806, 0.01591566763818264, 0.01533720176666975, 0.014829917810857296, 0.01437358371913433, 0.013847073540091515, 0.013459737412631512, 0.01305919699370861, 0.012676793150603771, 0.012431675568223, 0.012146449647843838, 0.011832816526293755, 0.011631486937403679, 0.011508013121783733, 0.011286470107734203, 0.011045346036553383, 0.010931165888905525, 0.010768523439764977, 0.010672776959836483, 0.010585224255919456, 0.010645749047398567, 0.010669475421309471, 0.010671533644199371, 0.010679248720407486, 0.010717029683291912, 0.010719026438891888, 0.010639585554599762, 0.010545152239501476, 0.010523021221160889, 0.01037914864718914, 0.010446528904139996, 0.010589043609797955, 0.01067785918712616, 0.010817751288414001, 0.01103887241333723, 0.011320340447127819, 0.01152615062892437, 0.011949349194765091, 0.012562666088342667, 0.012825630605220795]",0.13433574582124996,0.5311808952409179,0.9364245384560589,0.970641661854068,0.2950274701307744,0.29493399526119823,0.29494273109599123,0.1325298934639163,0.7315480704832438,18.93764560879208,cuda
TAO,258_TAO_id_2_Environment_tr_500_1st_4,RWT,resnet18_autoencoder_differential_lr,128,10,10,64,100,0.001,"[0.12255488336086273, 0.10809390246868134, 0.10046093910932541, 0.09285072237253189, 0.08287591487169266, 0.07485772669315338, 0.06696169078350067, 0.060442641377449036, 0.054814111441373825, 0.04963364452123642, 0.04532046243548393, 0.041556403040885925, 0.03816096484661102, 0.03515181690454483, 0.032413117587566376, 0.029980966821312904, 0.027831917628645897, 0.02585655264556408, 0.02403360977768898, 0.022304557263851166, 0.020679321140050888, 0.019199727103114128, 0.01781601831316948, 0.016532592475414276, 0.015352695249021053, 0.014251464046537876, 0.013246933929622173, 0.012324202805757523, 0.011458112858235836, 0.010665005072951317, 0.009937786497175694, 0.009268905967473984, 0.008656184189021587, 0.008095442317426205, 0.0075766039080917835, 0.00710024731233716, 0.006657949648797512, 0.006253022700548172, 0.005879766773432493, 0.005535985808819532, 0.005373519379645586, 0.005219805054366589, 0.00507353013381362]","[0.106962651014328, 0.10689433664083481, 0.10676625370979309, 0.10642948746681213, 0.10576095432043076, 0.1047288030385971, 0.10317041724920273, 0.10092148184776306, 0.09795203059911728, 0.09409439563751221, 0.08964256942272186, 0.08470708131790161, 0.07896240055561066, 0.07224634289741516, 0.06496573239564896, 0.057594455778598785, 0.05083112046122551, 0.0450788252055645, 0.039704665541648865, 0.03408315032720566, 0.029213789850473404, 0.025280019268393517, 0.022122390568256378, 0.019513720646500587, 0.017177265137434006, 0.015113371424376965, 0.013546528294682503, 0.012569701299071312, 0.01189548522233963, 0.011278985068202019, 0.010716523043811321, 0.01024666614830494, 0.01011672057211399, 0.010244983248412609, 0.010496529750525951, 0.010591402649879456, 0.010751746594905853, 0.011248407885432243, 0.011954176239669323, 0.012899698689579964, 0.01423789095133543, 0.015568070113658905, 0.01652400754392147]",0.13436561123094462,0.5304301648137022,0.9372696148812958,0.9707564519795963,0.2949200089619884,0.2941243065776067,0.2940933079349215,0.13792915318454899,0.7301606969443467,11.033154745819047,cuda
TAO,258_TAO_id_2_Environment_tr_500_1st_4,RWT,pvt_autoencoder_frozen,128,10,10,64,100,0.001,"[0.12581665813922882, 0.11065630614757538, 0.10067018866539001, 0.09160580486059189, 0.08371478319168091, 0.0765264704823494, 0.0701940730214119, 0.06460373848676682, 0.05958330258727074, 0.054935354739427567, 0.05064808204770088, 0.046909186989068985, 0.04374644532799721, 0.04090282693505287, 0.03814574331045151, 0.035623833537101746, 0.03342593461275101, 0.03145124763250351, 0.02959645912051201, 0.027821578085422516, 0.026162954047322273, 0.024606434628367424, 0.023102909326553345, 0.021669160574674606, 0.020330417901277542, 0.019085856154561043, 0.017907248809933662, 0.01679544523358345, 0.01575571671128273, 0.014782669022679329, 0.013861371204257011, 0.013000315055251122, 0.012198811396956444, 0.011451637372374535, 0.01074698381125927, 0.010100490413606167, 0.009497708640992641, 0.008942658081650734, 0.008425146341323853, 0.007940513081848621, 0.007488618604838848, 0.007066769525408745, 0.006667204201221466, 0.0062897163443267345, 0.005940380971878767, 0.005613410845398903, 0.005306357517838478, 0.0050199334509670734, 0.004751143977046013, 0.0045017763040959835, 0.004268248565495014, 0.004051498603075743, 0.003846886567771435, 0.003656076965853572, 0.0034800665453076363, 0.0033141840249300003, 0.0031586787663400173, 0.0030120760202407837, 0.0028745592571794987, 0.002745931502431631, 0.002624720335006714, 0.002511909231543541, 0.002405818086117506, 0.0023062194231897593, 0.0022126000840216875, 0.002124865772202611, 0.0020419529173523188, 0.0019641343969851732, 0.0018911827355623245, 0.0018215456511825323, 0.001756281591951847, 0.0016943090595304966, 0.0016353502869606018, 0.001579987583681941, 0.0015272643649950624, 0.0014770618872717023, 0.001429703552275896, 0.0013845553621649742, 0.0013414915883913636, 0.0013006619410589337, 0.0012616930762305856, 0.0012247334234416485, 0.0011897339718416333, 0.0011555677046999335, 0.001123778522014618, 0.001092861290089786, 0.0010638260282576084, 0.0010357698192819953, 0.0010092734592035413, 0.0009839951526373625, 0.0009593857103027403, 0.0009360668482258916, 0.000913502590265125, 0.0008925013244152069, 0.0008725926163606346, 0.0008542379946447909, 0.0008379041682928801, 0.00082351453602314, 0.0008108085603453219, 0.0007949668797664344]","[0.11231273412704468, 0.112097829580307, 0.11167548596858978, 0.11078068614006042, 0.10912351310253143, 0.10642409324645996, 0.10253798961639404, 0.09749965369701385, 0.09161679446697235, 0.08540618419647217, 0.07906197011470795, 0.07241573929786682, 0.06517882645130157, 0.05744019150733948, 0.04988118261098862, 0.043273165822029114, 0.03799767047166824, 0.034068524837493896, 0.031244656071066856, 0.029074613004922867, 0.027016744017601013, 0.024894697591662407, 0.023061661049723625, 0.021711356937885284, 0.0206981860101223, 0.01974865421652794, 0.018873874098062515, 0.01809980347752571, 0.017225440591573715, 0.01602957211434841, 0.014751238748431206, 0.013760614208877087, 0.012997811660170555, 0.012193257920444012, 0.01133672520518303, 0.010534128174185753, 0.009786393493413925, 0.00910920649766922, 0.008648969233036041, 0.008367775939404964, 0.008042718283832073, 0.007609212771058083, 0.007187367882579565, 0.006793021224439144, 0.006427871063351631, 0.006146009545773268, 0.005922933574765921, 0.005669345147907734, 0.005418478511273861, 0.005229192785918713, 0.005046974867582321, 0.004832226783037186, 0.0046556624583899975, 0.004513412714004517, 0.0043477267026901245, 0.004217944107949734, 0.004140870179980993, 0.0040444801561534405, 0.0039476752281188965, 0.003878525225445628, 0.0037839561700820923, 0.003681361209601164, 0.0036314204335212708, 0.0035673007369041443, 0.003497491357848048, 0.003451795782893896, 0.0033715784084051847, 0.0033120382577180862, 0.0032883211970329285, 0.0032380353659391403, 0.0032063829712569714, 0.003178546903654933, 0.003113762242719531, 0.0030709977727383375, 0.003035706002265215, 0.002981860190629959, 0.002953191986307502, 0.0028965561650693417, 0.002852408913895488, 0.0028347568586468697, 0.002792029408738017, 0.002769262297078967, 0.0027205385267734528, 0.002684940118342638, 0.002661918057128787, 0.0026181559078395367, 0.002607029862701893, 0.0025503812357783318, 0.0025406270287930965, 0.002473599975928664, 0.002491408959031105, 0.0024010033812373877, 0.0024619789328426123, 0.0023138883989304304, 0.002466284204274416, 0.00220913696102798, 0.002506436314433813, 0.0020924657583236694, 0.002507457509636879, 0.002063326071947813]",0.13536027453891236,0.5339689238535151,0.9391142732292127,0.9715185770851851,0.2982932270212115,0.29829577948072744,0.2983289411758075,0.13766401264454123,0.7337019887293517,26.182426678016782,cuda
TAO,258_TAO_id_2_Environment_tr_500_1st_4,RWT,pvt_autoencoder_progressive_unfreeze,128,10,10,64,150,0.001,"[0.12472347170114517, 0.11265795677900314, 0.10328651964664459, 0.09542824327945709, 0.08816715329885483, 0.08119448274374008, 0.07458823174238205, 0.06825030595064163, 0.062298547476530075, 0.05677654594182968, 0.05172219127416611, 0.047204628586769104, 0.043279364705085754, 0.039771776646375656, 0.03652526065707207, 0.03351062163710594, 0.030769791454076767, 0.02832299843430519, 0.02613762766122818, 0.02414999157190323, 0.02234267257153988, 0.042241498827934265, 0.029178330674767494, 0.021775348111987114, 0.020355479791760445, 0.01936039701104164, 0.017817802727222443, 0.01611262559890747, 0.014693145640194416, 0.013533499091863632, 0.012433300726115704, 0.011281687766313553, 0.010159644298255444, 0.009033444337546825, 0.008537973277270794, 0.007941709831357002, 0.0074931043200194836, 0.006789094768464565, 0.006480877753347158, 0.006073379889130592, 0.005744502414017916, 0.005345016717910767, 0.005065618082880974, 0.00471733883023262, 0.004520625341683626, 0.004273173399269581, 0.0040875994600355625, 0.003830449655652046, 0.003654799424111843, 0.0034533804282546043, 0.003287889761850238, 0.00313686765730381, 0.0029938023071736097, 0.00285316351801157, 0.002692824462428689, 0.0025753756053745747, 0.0024523695465177298, 0.0023487501312047243, 0.002237861044704914, 0.0021396162919700146, 0.0020449678413569927, 0.0019510695710778236, 0.0018692966550588608, 0.0017815099563449621, 0.001706156530417502, 0.001632279483601451, 0.0015672878362238407, 0.0015001861611381173, 0.001438906299881637, 0.001381235895678401, 0.001325232326053083, 0.0012741603422909975, 0.0012254002504050732, 0.0011809859424829483]","[0.11411865800619125, 0.1137620061635971, 0.11311973631381989, 0.11203398555517197, 0.11041611433029175, 0.10819261521100998, 0.10530941188335419, 0.10173964500427246, 0.09747487306594849, 0.09256741404533386, 0.08718510717153549, 0.08137889206409454, 0.0747489258646965, 0.06709115952253342, 0.05879192799329758, 0.05050698667764664, 0.04285040497779846, 0.03630419820547104, 0.031036220490932465, 0.02693333849310875, 0.03955886512994766, 0.02311900071799755, 0.016986604779958725, 0.016556650400161743, 0.01776975393295288, 0.017590951174497604, 0.016018196940422058, 0.014406776055693626, 0.013464722782373428, 0.01335223764181137, 0.013917642645537853, 0.01481654029339552, 0.014131130650639534, 0.011682514101266861, 0.01044534333050251, 0.010277433320879936, 0.007093457039445639, 0.005784926470369101, 0.005974799394607544, 0.005689292214810848, 0.004689397290349007, 0.004325002431869507, 0.004413283430039883, 0.004606443457305431, 0.0038508460856974125, 0.0034194434992969036, 0.0035468675196170807, 0.003884232370182872, 0.0035924334079027176, 0.0031210151500999928, 0.002990216948091984, 0.0032049911096692085, 0.0032422514632344246, 0.0028855353593826294, 0.002679901896044612, 0.002818900626152754, 0.0030741854570806026, 0.0029747921507805586, 0.0026982936542481184, 0.002662206068634987, 0.002869608346372843, 0.0029421038925647736, 0.0027263944502919912, 0.0025498270988464355, 0.002613987307995558, 0.00275632506236434, 0.00268323696218431, 0.002517060609534383, 0.0025285757146775723, 0.002683816011995077, 0.0027102152816951275, 0.002560748253017664, 0.0025019552558660507, 0.0026181561406701803]",0.1337581772436514,0.5271863023605403,0.9391311299611238,0.97121187158312,0.2980776618160115,0.2977419720866901,0.29773697692582873,0.13482730864178413,0.7347992056919913,18.33555325609632,cuda
TAO,258_TAO_id_2_Environment_tr_500_1st_4,RWT,pvt_autoencoder_differential_lr,128,10,10,64,100,0.001,"[0.12537707388401031, 0.10998955368995667, 0.09744453430175781, 0.08693324774503708, 0.07811535894870758, 0.07060327380895615, 0.06393181532621384, 0.058054957538843155, 0.05283123254776001, 0.04822779819369316, 0.04452304169535637, 0.04152251407504082, 0.03901970386505127, 0.03567523509263992, 0.03351359814405441, 0.03096941113471985, 0.02897742949426174, 0.02706560492515564, 0.025195598602294922, 0.023742524906992912, 0.02215367741882801, 0.020753173157572746, 0.01942949742078781, 0.018185405060648918, 0.017137371003627777, 0.01602979563176632, 0.015100391581654549, 0.014195256866514683, 0.013362383469939232, 0.012622139416635036, 0.011860021390020847, 0.011215366423130035, 0.01055580098181963, 0.009969348087906837, 0.009419489651918411, 0.008891805075109005, 0.008435321040451527, 0.007977452129125595, 0.007570451125502586, 0.007175174076110125, 0.00680795731022954, 0.006479615345597267, 0.00615714443847537, 0.00586765818297863, 0.005582807585597038, 0.005325825419276953, 0.005088326055556536, 0.004856144543737173, 0.0046449219807982445, 0.004438535775989294, 0.004254279192537069, 0.004075198899954557, 0.0039056113455444574, 0.00374875427223742, 0.003597849979996681, 0.0034587448462843895, 0.003322366625070572, 0.0031979354098439217, 0.003077608300372958, 0.0029660463333129883, 0.0028586157131940126, 0.0027569327503442764, 0.002661688718944788, 0.0025699310936033726, 0.0024842277634888887, 0.0024009360931813717, 0.002321920357644558, 0.0022450636606663465, 0.0021713515743613243, 0.0021005405578762293, 0.002034157980233431, 0.001970029203221202, 0.0019092399161309004, 0.0018510540248826146, 0.0017958960961550474, 0.0017425091937184334, 0.001692283432930708, 0.0016440304461866617, 0.0015983486082404852, 0.0015550828538835049]","[0.10844793170690536, 0.10805140435695648, 0.10709007829427719, 0.10562792420387268, 0.10348978638648987, 0.10057640075683594, 0.09671511501073837, 0.09211067855358124, 0.08745740354061127, 0.08355399966239929, 0.07808063924312592, 0.07284192740917206, 0.061123840510845184, 0.05281434208154678, 0.04688025265932083, 0.041687823832035065, 0.036358609795570374, 0.030748998746275902, 0.026098117232322693, 0.022328589111566544, 0.01997799053788185, 0.017698241397738457, 0.015313591808080673, 0.013724664226174355, 0.012681795284152031, 0.011976848356425762, 0.010776273906230927, 0.009534942917525768, 0.008770208805799484, 0.008259735070168972, 0.008008891716599464, 0.007456126622855663, 0.006887113209813833, 0.0065790144726634026, 0.006524627562612295, 0.006460085511207581, 0.0059846919029951096, 0.005473382771015167, 0.005205764435231686, 0.005181511398404837, 0.005098655819892883, 0.00475023128092289, 0.004454337991774082, 0.004400429781526327, 0.004505673423409462, 0.0044516888447105885, 0.004177999682724476, 0.00400405190885067, 0.00403650663793087, 0.0041214460507035255, 0.004002794157713652, 0.0037662151735275984, 0.0036637219600379467, 0.003725627204403281, 0.003779719118028879, 0.0037009024526923895, 0.003637775545939803, 0.003726036986336112, 0.0038529387675225735, 0.0038023926317691803, 0.0036240629851818085, 0.003547049593180418, 0.0036027412861585617, 0.0036173718981444836, 0.0035350655671209097, 0.0035064290277659893, 0.003563267644494772, 0.0035658327396959066, 0.003462508786469698, 0.0034019583836197853, 0.0034524258226156235, 0.0034811643417924643, 0.0034233424812555313, 0.003398130415007472, 0.003432551398873329, 0.0034168052952736616, 0.003374767256900668, 0.0034366741310805082, 0.003500952385365963, 0.003447800874710083]",0.13451131996682136,0.5292440665550897,0.9385317193028228,0.9711205009361672,0.2970652828782764,0.29706781387976905,0.29706284131355976,0.1347621816379825,0.7338446214036868,20.60991139500402,cuda
TAO,258_TAO_id_2_Environment_tr_500_1st_4,MWT,cnn_autoencoder,128,10,10,64,150,0.001,"[0.10365422815084457, 0.10007266700267792, 0.09521869570016861, 0.0914970338344574, 0.08841012418270111, 0.08568877726793289, 0.08323133736848831, 0.08094389736652374, 0.07878636568784714, 0.07674658298492432, 0.07481392472982407, 0.07294795662164688, 0.07112285494804382, 0.06932274997234344, 0.06754341721534729, 0.06580327451229095, 0.06408493965864182, 0.062396418303251266, 0.06074421852827072, 0.05911612510681152, 0.05750802531838417, 0.055927760899066925, 0.05438275262713432, 0.05287918075919151, 0.05142780393362045, 0.0500333197414875, 0.048682983964681625, 0.04738404601812363, 0.046114467084407806, 0.044875577092170715, 0.04365885630249977, 0.04246583953499794, 0.04130524769425392, 0.04017605632543564, 0.03907325118780136, 0.03799264132976532, 0.03693481162190437, 0.035900700837373734, 0.034884486347436905, 0.033890701830387115, 0.03291410580277443, 0.03196048364043236, 0.03102952614426613, 0.030120767652988434, 0.029238026589155197, 0.028376108035445213, 0.027525033801794052, 0.02669774368405342, 0.02589079923927784, 0.02510320581495762, 0.024340227246284485, 0.023597700521349907, 0.022877495735883713, 0.022174928337335587, 0.021495383232831955, 0.02083556540310383, 0.020195355638861656, 0.019571304321289062, 0.018966274335980415, 0.018376175314188004, 0.01780317910015583, 0.017245616763830185, 0.016699960455298424, 0.016172675415873528, 0.015656547620892525, 0.015160863287746906, 0.014684158377349377, 0.014227240346372128, 0.013789095915853977, 0.013366219587624073, 0.012962558306753635, 0.012576915323734283, 0.012205938808619976, 0.011849566362798214, 0.01150654535740614, 0.011176038533449173, 0.01085763331502676, 0.010551908053457737, 0.010255265049636364, 0.009972529485821724, 0.00969964824616909, 0.00943722203373909, 0.009183676913380623, 0.00894229207187891, 0.0087077422067523, 0.008483254350721836, 0.008264400996267796, 0.008053787052631378, 0.007850711233913898, 0.0076554021798074245, 0.007467618212103844, 0.007284803315997124, 0.0071079484187066555, 0.006937593221664429, 0.0067727877758443356, 0.0066128941252827644, 0.006458164192736149, 0.0063070934265851974, 0.006162406411021948, 0.006020830478519201, 0.005885565187782049, 0.00575227802619338, 0.005624858662486076, 0.0055006276816129684, 0.005382040049880743, 0.005266907624900341, 0.005158631596714258, 0.005052234046161175, 0.004944267682731152, 0.004829348064959049, 0.004723480436950922, 0.004629275295883417, 0.004537737928330898, 0.004440387710928917, 0.004346356727182865, 0.004263218957930803, 0.004179326351732016, 0.004091668874025345, 0.004010806325823069, 0.00393503624945879, 0.0038580975960940123, 0.0037808858323842287, 0.0037100869230926037, 0.003640917595475912, 0.003570600412786007, 0.0035027528647333384, 0.00343895610421896, 0.003376019187271595, 0.003313517663627863, 0.003252785885706544, 0.0031948022078722715, 0.0031382027082145214, 0.0030815289355814457, 0.003026799065992236, 0.002973349066451192, 0.002922661369666457, 0.0028731776401400566, 0.0028260513208806515, 0.002782870316877961, 0.002742563607171178, 0.0026967180892825127, 0.002642005914822221, 0.002589952200651169, 0.00255066086538136, 0.0025133530143648386, 0.002469131024554372, 0.0024253283627331257, 0.0023892817553132772, 0.002351447008550167, 0.002310896525159478]","[0.09328516572713852, 0.09304459393024445, 0.09272360056638718, 0.09227544069290161, 0.09168758243322372, 0.0909583792090416, 0.09009695053100586, 0.08910476416349411, 0.0879962295293808, 0.086786650121212, 0.08548238128423691, 0.08408984541893005, 0.08261861652135849, 0.08106839656829834, 0.07944692671298981, 0.07776466012001038, 0.0760423094034195, 0.07428829371929169, 0.07250997424125671, 0.07072819024324417, 0.06893733143806458, 0.06713557243347168, 0.06534244120121002, 0.06356695294380188, 0.061821043491363525, 0.06009925529360771, 0.05840887129306793, 0.05674798786640167, 0.05511556193232536, 0.053526900708675385, 0.05202564597129822, 0.05063595622777939, 0.04937730357050896, 0.0482344925403595, 0.04717840999364853, 0.04616294056177139, 0.04514892026782036, 0.04412951320409775, 0.04314867779612541, 0.04224349185824394, 0.04134197533130646, 0.04038558155298233, 0.0393063984811306, 0.038224633783102036, 0.037244439125061035, 0.036358363926410675, 0.03546646237373352, 0.034508801996707916, 0.03351789340376854, 0.032581061124801636, 0.03169324994087219, 0.030824651941657066, 0.029992368072271347, 0.029231518507003784, 0.02846105955541134, 0.027691543102264404, 0.026961585506796837, 0.026265323162078857, 0.02567145600914955, 0.025088835507631302, 0.024509740993380547, 0.023977048695087433, 0.023439636453986168, 0.022950589656829834, 0.022466853260993958, 0.022036001086235046, 0.02159912884235382, 0.021125078201293945, 0.020712656900286674, 0.02032867819070816, 0.01999257504940033, 0.019679993391036987, 0.019377002492547035, 0.019098058342933655, 0.01879878342151642, 0.018572388216853142, 0.01830632984638214, 0.018114164471626282, 0.01784730702638626, 0.01771353743970394, 0.017474330961704254, 0.017351504415273666, 0.017125848680734634, 0.01702464371919632, 0.016814202070236206, 0.01670946180820465, 0.01653890125453472, 0.01639709621667862, 0.016307061538100243, 0.016172725707292557, 0.016082793474197388, 0.015921466052532196, 0.015854105353355408, 0.015706481412053108, 0.015636136755347252, 0.01549319177865982, 0.015410324558615685, 0.015278516337275505, 0.015194854699075222, 0.015065046958625317, 0.015009364113211632, 0.01489931344985962, 0.014878004789352417, 0.01474789809435606, 0.01475673820823431, 0.014540262520313263, 0.014593849889934063, 0.014314902946352959, 0.0143369659781456, 0.014232858084142208, 0.014067083597183228, 0.014139487408101559, 0.013924944214522839, 0.01388238649815321, 0.013929804787039757, 0.013694904744625092, 0.013745717704296112, 0.01368509978055954, 0.01351744495332241, 0.01360019575804472, 0.013443614356219769, 0.013376678340137005, 0.013422342017292976, 0.013271242380142212, 0.013259327039122581, 0.01324624102562666, 0.013123552314937115, 0.013148235157132149, 0.013080528005957603, 0.013001514598727226, 0.013039447367191315, 0.012905235402286053, 0.012908770702779293, 0.012856515124440193, 0.012809406034648418, 0.012782981619238853, 0.012755360454320908, 0.012643769383430481, 0.012727772817015648, 0.012538773939013481, 0.012579607777297497, 0.012517392635345459, 0.012417546473443508, 0.012489868327975273, 0.012386682443320751, 0.01234504859894514, 0.012420548126101494, 0.012279967777431011, 0.012291274033486843, 0.012301409617066383]",0.14029250585804898,0.5501733517490205,0.9527738751729213,0.976108292725962,0.2951995520856984,0.2950707439525331,0.29516101486273955,0.13436785883434646,0.7316385405167974,19.867691427003592,cuda
TAO,258_TAO_id_2_Environment_tr_500_1st_4,MWT,resnet18_autoencoder_frozen,128,10,10,64,100,0.001,"[0.1133033037185669, 0.09773708879947662, 0.08984015882015228, 0.08610545843839645, 0.08384893089532852, 0.08193187415599823, 0.07989544421434402, 0.07761401683092117, 0.07518069446086884, 0.07271906733512878, 0.0702936127781868, 0.06791848689317703, 0.0656476840376854, 0.06346685439348221, 0.061320431530475616, 0.059218186885118484, 0.05722951889038086, 0.05536627396941185, 0.053536903113126755, 0.051702942699193954, 0.049929097294807434, 0.04827253147959709, 0.0467340424656868, 0.0452716201543808, 0.043821290135383606, 0.0423663966357708, 0.040966201573610306, 0.03960921987891197, 0.03827237710356712, 0.036939892917871475, 0.03561447933316231, 0.034312233328819275, 0.033045895397663116, 0.03179951384663582, 0.03056870773434639, 0.029345106333494186, 0.02811964601278305, 0.026889430359005928, 0.02566298469901085, 0.024455003440380096, 0.023278240114450455, 0.02213491126894951, 0.021022845059633255, 0.019933419302105904, 0.01885196939110756, 0.017790358513593674, 0.016772570088505745, 0.015783030539751053, 0.014824660494923592, 0.013908108696341515, 0.013045529834926128, 0.012226353399455547, 0.01144519355148077, 0.010707938112318516, 0.01002784725278616, 0.009707632474601269, 0.009397601708769798]","[0.08486708253622055, 0.08477457612752914, 0.08469208329916, 0.08460493385791779, 0.08448275923728943, 0.08429242670536041, 0.08399748802185059, 0.08352303504943848, 0.08280817419290543, 0.0818055123090744, 0.0804808959364891, 0.0788307934999466, 0.07685916870832443, 0.07475347816944122, 0.07257477939128876, 0.07046820223331451, 0.06847663968801498, 0.0665784478187561, 0.06466438621282578, 0.0627908781170845, 0.06123579293489456, 0.059971146285533905, 0.05882559344172478, 0.05743728205561638, 0.055747803300619125, 0.05399957299232483, 0.05257406830787659, 0.05141715332865715, 0.0500510148704052, 0.048762112855911255, 0.047747902572155, 0.046875350177288055, 0.045815855264663696, 0.04451361298561096, 0.043471287935972214, 0.04271275922656059, 0.042396049946546555, 0.042053863406181335, 0.04133163392543793, 0.04056679829955101, 0.03981176018714905, 0.03881899639964104, 0.03759877011179924, 0.03645103797316551, 0.03564774990081787, 0.03510361537337303, 0.03470221906900406, 0.03464507684111595, 0.03491872549057007, 0.03558994084596634, 0.036778490990400314, 0.03776026517152786, 0.0386476069688797, 0.03926745057106018, 0.03934311121702194, 0.039269786328077316, 0.039141979068517685]",0.15217385239241074,0.5846129938134045,0.951368583140556,0.9770421083702964,0.296817242717579,0.296599567838053,0.29671010206666387,0.14248984341725168,0.7338282353824097,13.001496562967077,cuda
TAO,258_TAO_id_2_Environment_tr_500_1st_4,MWT,resnet18_autoencoder_progressive_unfreeze,128,10,10,64,150,0.001,"[0.10339385271072388, 0.08961400389671326, 0.08195526152849197, 0.07702013105154037, 0.07227296382188797, 0.0674954280257225, 0.06319252401590347, 0.05921309441328049, 0.055472467094659805, 0.05202927067875862, 0.04888245090842247, 0.045935485512018204, 0.043176691979169846, 0.04069262370467186, 0.038349900394678116, 0.036042626947164536, 0.03380771353840828, 0.03163939341902733, 0.02958693355321884, 0.027715491130948067, 0.02596472017467022, 0.03652181103825569, 0.02664177492260933, 0.022479020059108734, 0.0203762985765934, 0.0189023669809103, 0.017542067915201187, 0.01622375287115574, 0.015550087206065655, 0.014894986525177956, 0.014315962791442871, 0.013792076148092747, 0.013302271254360676, 0.012838024646043777, 0.012392560951411724, 0.011961828917264938, 0.011552794836461544, 0.011167164891958237, 0.010793261229991913, 0.010427369736135006, 0.010078391060233116, 0.009747883304953575, 0.009431220591068268, 0.009128491394221783, 0.00883630383759737, 0.008557402528822422, 0.008287575095891953, 0.008027189411222935, 0.00777518330141902, 0.007534438744187355, 0.007299847900867462, 0.007073836866766214, 0.0068563055247068405, 0.006644378416240215, 0.006441575009375811, 0.006244854535907507, 0.006054690107703209, 0.0058708894066512585, 0.00569275813177228, 0.005607065744698048, 0.005520827602595091]","[0.08418803662061691, 0.08395486325025558, 0.08372333645820618, 0.08345627784729004, 0.08311854302883148, 0.0826495960354805, 0.0819990336894989, 0.0810186117887497, 0.07963936030864716, 0.0779220387339592, 0.07592566311359406, 0.07360106706619263, 0.07082052528858185, 0.0678415521979332, 0.06471770256757736, 0.061760686337947845, 0.05890104919672012, 0.05659943073987961, 0.05463690683245659, 0.0527857169508934, 0.04561232030391693, 0.0685032531619072, 0.06937270611524582, 0.0661473497748375, 0.06412175297737122, 0.06254121661186218, 0.059521228075027466, 0.05406679958105087, 0.048721056431531906, 0.044150203466415405, 0.04029989615082741, 0.03719031810760498, 0.0349450558423996, 0.0331604965031147, 0.03156356140971184, 0.0300106443464756, 0.028583712875843048, 0.0272675808519125, 0.026074884459376335, 0.025138264521956444, 0.02447972446680069, 0.024049490690231323, 0.02372775599360466, 0.023443546146154404, 0.023246299475431442, 0.023035775870084763, 0.022795801982283592, 0.022583460435271263, 0.022455237805843353, 0.022391226142644882, 0.02233261987566948, 0.02229893207550049, 0.022363578900694847, 0.022499680519104004, 0.02275530993938446, 0.022922497242689133, 0.022909468039870262, 0.022817468270659447, 0.02280479297041893, 0.02277718298137188, 0.02259637974202633]",0.13923154690573042,0.545827115620207,0.9521593950550438,0.9755347296892599,0.29614212002981444,0.2963384125540141,0.2962840021244326,0.13757929343633055,0.7333560444491152,13.618845297023654,cuda
TAO,258_TAO_id_2_Environment_tr_500_1st_4,MWT,resnet18_autoencoder_differential_lr,128,10,10,64,100,0.001,"[0.11933621019124985, 0.10378633439540863, 0.09446652233600616, 0.08871757984161377, 0.08480138331651688, 0.08162935078144073, 0.07851231843233109, 0.07528974115848541, 0.07225899398326874, 0.06929269433021545, 0.06642064452171326, 0.06366760283708572, 0.060993742197752, 0.05842503160238266, 0.055992480367422104, 0.05368884652853012, 0.0514526441693306, 0.049232933670282364, 0.04705452173948288, 0.044935718178749084, 0.04283387213945389, 0.040779080241918564, 0.03878483548760414, 0.03683139756321907, 0.03492666035890579, 0.03312351182103157, 0.03140325844287872, 0.029761986806988716, 0.028184033930301666, 0.0266746636480093, 0.025247639045119286, 0.023903148248791695, 0.022607984021306038, 0.021360348910093307, 0.020157622173428535, 0.01900680549442768, 0.017915990203619003, 0.016875969246029854, 0.015881173312664032, 0.014932327903807163, 0.014039675705134869, 0.013203095644712448, 0.012410368770360947, 0.011669585481286049, 0.010971012525260448, 0.010315976105630398, 0.009706352837383747, 0.009135661646723747, 0.008602858521044254, 0.008104107342660427, 0.007636603433638811, 0.0071986084803938866, 0.006789057049900293, 0.0064087980426847935, 0.006052027922123671, 0.005718595813959837, 0.005407960154116154, 0.005118850618600845, 0.004849716555327177, 0.0045973327942192554, 0.004363007843494415, 0.004144227597862482, 0.003939021844416857, 0.0037465046625584364, 0.0035685428883880377, 0.0034008051734417677, 0.0032435038592666388, 0.00309645663946867, 0.002957463264465332, 0.002891689306125045, 0.002827320946380496]","[0.0876830667257309, 0.0877160057425499, 0.08774149417877197, 0.08772993087768555, 0.0876387357711792, 0.08741592615842819, 0.087044358253479, 0.08652399480342865, 0.08581922948360443, 0.08486431837081909, 0.08371889591217041, 0.08232712745666504, 0.08061275631189346, 0.07854440808296204, 0.07615083456039429, 0.07339487969875336, 0.07025592774152756, 0.06687460839748383, 0.06341738253831863, 0.0600527822971344, 0.056843578815460205, 0.053787942975759506, 0.0509483739733696, 0.04824960231781006, 0.045653097331523895, 0.04313075169920921, 0.040771450847387314, 0.038589347153902054, 0.03670249879360199, 0.035006698220968246, 0.03353939577937126, 0.03235550969839096, 0.031475603580474854, 0.030856840312480927, 0.030504178255796432, 0.03029116988182068, 0.02995005063712597, 0.029424887150526047, 0.028991280123591423, 0.028647873550653458, 0.028370633721351624, 0.02800966054201126, 0.027722731232643127, 0.027518391609191895, 0.02736314758658409, 0.027262479066848755, 0.027287593111395836, 0.027304213494062424, 0.027161505073308945, 0.026897937059402466, 0.026563813909888268, 0.026188191026449203, 0.02593153342604637, 0.025759514421224594, 0.02558179199695587, 0.025379395112395287, 0.02516680583357811, 0.025063902139663696, 0.02498738095164299, 0.024860236793756485, 0.024738110601902008, 0.024714693427085876, 0.024737348780035973, 0.024751760065555573, 0.02476426586508751, 0.024895263835787773, 0.02502671256661415, 0.025118423625826836, 0.025104915723204613, 0.025082245469093323, 0.025046925991773605]",0.13715923291588253,0.5401291926131475,0.9498980630112223,0.9745261635472877,0.29727318709233175,0.29670204267944766,0.29673155864339534,0.13730866632032165,0.7326455935413195,17.458934095920995,cuda
TAO,258_TAO_id_2_Environment_tr_500_1st_4,MWT,pvt_autoencoder_frozen,128,10,10,64,100,0.001,"[0.12160639464855194, 0.10980766266584396, 0.10070475190877914, 0.09439343214035034, 0.08897356688976288, 0.08404075354337692, 0.0795142650604248, 0.07524248212575912, 0.07118754833936691, 0.06735517084598541, 0.06375537812709808, 0.060352206230163574, 0.05706325173377991, 0.05391838401556015, 0.050921548157930374, 0.048072751611471176, 0.045432623475790024, 0.04294221103191376, 0.04055836796760559, 0.03827045112848282, 0.036143943667411804, 0.03414313122630119, 0.032269418239593506, 0.030506225302815437, 0.02888595499098301, 0.02738473378121853, 0.025962449610233307, 0.024645136669278145, 0.023414229974150658, 0.02224494144320488, 0.02113570272922516, 0.020089728757739067, 0.019104596227407455, 0.018175775185227394, 0.01730411686003208, 0.016484469175338745, 0.01570855639874935, 0.014966988004744053, 0.014271638356149197, 0.013612663373351097, 0.012988588772714138, 0.012397361919283867, 0.011838862672448158, 0.01131103839725256, 0.010813805274665356, 0.010342789813876152, 0.009894412010908127, 0.009468259289860725, 0.009066258557140827, 0.008686711080372334, 0.008328725583851337, 0.007988949306309223, 0.007667288184165955, 0.007360777817666531, 0.007070525083690882, 0.006793685257434845, 0.006532184313982725, 0.006283049937337637, 0.006045387126505375, 0.005820222664624453, 0.005604445934295654, 0.005400375928729773, 0.0052054086700081825, 0.005020111799240112, 0.004842367023229599, 0.004673290066421032, 0.004592064768075943, 0.004512308165431023]","[0.09953083842992783, 0.09912824630737305, 0.09871183335781097, 0.09803354740142822, 0.096967414021492, 0.09538628160953522, 0.09322841465473175, 0.09060707688331604, 0.08773575723171234, 0.08472533524036407, 0.0815386176109314, 0.07812384516000748, 0.07455700635910034, 0.07108470797538757, 0.06803613156080246, 0.06542272120714188, 0.06296288222074509, 0.06051941215991974, 0.05781851336359978, 0.05478110909461975, 0.051404982805252075, 0.04808030277490616, 0.04511849209666252, 0.04270414263010025, 0.040534764528274536, 0.038276348263025284, 0.03624941408634186, 0.034895822405815125, 0.03398576378822327, 0.03314422816038132, 0.032537270337343216, 0.032093457877635956, 0.03141600638628006, 0.03071914240717888, 0.03036120906472206, 0.03010638616979122, 0.02970724366605282, 0.029436713084578514, 0.0293959379196167, 0.02925845794379711, 0.02900884672999382, 0.028972484171390533, 0.028998298570513725, 0.028798086568713188, 0.028621777892112732, 0.028595075011253357, 0.028510643169283867, 0.028339847922325134, 0.028243839740753174, 0.028132054954767227, 0.027988260611891747, 0.027873482555150986, 0.027800213545560837, 0.02781769260764122, 0.027887001633644104, 0.02781999483704567, 0.027614688500761986, 0.02750159613788128, 0.02746850624680519, 0.027473904192447662, 0.02752799354493618, 0.0275358185172081, 0.02754124626517296, 0.02753932774066925, 0.027554679661989212, 0.027701962739229202, 0.02785525843501091, 0.027998564764857292]",0.15078988049609426,0.5773605843827048,0.9446625474861216,0.9752509063164806,0.2898783901241668,0.28969482529854046,0.28956037080698804,0.13522382260278457,0.728334021194217,17.161254269070923,cuda
TAO,258_TAO_id_2_Environment_tr_500_1st_4,MWT,pvt_autoencoder_progressive_unfreeze,128,10,10,64,150,0.001,"[0.09130484610795975, 0.07973252981901169, 0.07134079188108444, 0.0653449222445488, 0.06032515689730644, 0.05597422271966934, 0.052243057638406754, 0.048958927392959595, 0.04601191356778145, 0.04331677779555321, 0.04086939990520477, 0.03861222416162491, 0.036591242998838425, 0.03474200516939163, 0.03303653374314308, 0.03138541802763939, 0.029821287840604782, 0.028400534763932228, 0.027068763971328735, 0.025778498500585556, 0.024534868076443672, 0.04918185994029045, 0.02940600924193859, 0.02787218615412712, 0.026411885395646095, 0.024374911561608315, 0.022632800042629242, 0.020774904638528824, 0.01902797818183899, 0.017479460686445236, 0.015958081930875778, 0.014753553085029125, 0.01371164433658123, 0.012850424274802208, 0.012098959647119045, 0.011266963556408882, 0.010671904310584068, 0.010071671567857265, 0.009465142153203487, 0.008920541033148766, 0.008406566455960274, 0.007867683656513691, 0.007409362588077784, 0.006991162896156311, 0.006606250535696745, 0.0062087769620120525, 0.005851885303854942, 0.005523271393030882, 0.005212732125073671, 0.004914071876555681, 0.004642812069505453, 0.004389205016195774, 0.004148795735090971, 0.0039302571676671505, 0.0037163838278502226, 0.0035196421667933464, 0.003340523922815919, 0.0031737845856696367, 0.003017049515619874, 0.0028695634100586176, 0.0027310585137456656, 0.002598711522296071, 0.00247584143653512, 0.0023596445098519325, 0.0022519042249768972, 0.00214781379327178, 0.0020507005974650383, 0.001956644468009472, 0.0018724416149780154, 0.0017938145902007818, 0.0017154454253613949, 0.0016425603535026312, 0.0015745460987091064, 0.0015106301289051771, 0.001448970171622932, 0.0013901105849072337, 0.0013342889724299312, 0.0012822328135371208, 0.0012318993685767055, 0.0011852363822981715, 0.00113980274181813, 0.0010971489828079939, 0.0010566468117758632, 0.0010181086836382747, 0.0009812123607844114, 0.0009464743197895586, 0.0009133197600021958, 0.0008816396584734321, 0.0008514964720234275, 0.0008226058562286198, 0.0007950863218866289, 0.0007689420017413795, 0.000743785931263119, 0.0007204519934020936, 0.0006978061283007264, 0.0006760936812497675, 0.0006558847962878644, 0.0006362611311487854, 0.0006176791503094137, 0.0005999223794788122, 0.0005830376758240163, 0.0005669500096701086, 0.0005513812066055834, 0.0005367042031139135, 0.0005225210916250944, 0.0005091196508146822, 0.0004963800311088562, 0.0004839890170842409, 0.00047231276403181255, 0.0004610952455550432, 0.00045036233495920897, 0.0004399449098855257, 0.00042997347190976143, 0.0004207929305266589, 0.00041156343650072813, 0.00040298167732544243, 0.00039467139868065715, 0.0003868417697958648, 0.00037905361386947334, 0.0003717862127814442, 0.0003646773984655738, 0.00035798404132947326, 0.00035150861367583275, 0.00034524808870628476, 0.000339234626153484, 0.00033346336567774415, 0.0003278885851614177, 0.000322478823363781, 0.00031734543154016137, 0.00031226722057908773, 0.0003074483829550445, 0.0003027155180461705, 0.00029825649107806385, 0.0002937900135293603, 0.00028962825308553874, 0.0002854568010661751, 0.00028142621158622205, 0.00027757397037930787, 0.000273800891591236, 0.00027010569465346634, 0.000266611750703305]","[0.08363848924636841, 0.08331012725830078, 0.08285336196422577, 0.08214439451694489, 0.08110535144805908, 0.07969069480895996, 0.07781338691711426, 0.07528021186590195, 0.07194492220878601, 0.06792068481445312, 0.0634794682264328, 0.05887726694345474, 0.054490238428115845, 0.050672970712184906, 0.04727969691157341, 0.0441024973988533, 0.04149162396788597, 0.03947116434574127, 0.03748020529747009, 0.03571915253996849, 0.06048062443733215, 0.04291578754782677, 0.0407499223947525, 0.041343700140714645, 0.04077542573213577, 0.03920615464448929, 0.03738190978765488, 0.03437511622905731, 0.03215090557932854, 0.031992778182029724, 0.031579114496707916, 0.029174929484725, 0.025871416553854942, 0.023639967665076256, 0.02311982773244381, 0.02369247004389763, 0.02368205413222313, 0.02264317497611046, 0.021465077996253967, 0.021202068775892258, 0.02173135057091713, 0.02186708152294159, 0.0212322399020195, 0.020919594913721085, 0.02127685211598873, 0.021563511341810226, 0.020812634378671646, 0.020076144486665726, 0.02022271230816841, 0.020416010171175003, 0.020012106746435165, 0.01957612857222557, 0.019719325006008148, 0.019957266747951508, 0.019815048202872276, 0.01957787200808525, 0.019514434039592743, 0.019366569817066193, 0.019072478637099266, 0.018960732966661453, 0.01895200088620186, 0.018775183707475662, 0.01848326064646244, 0.01842029020190239, 0.018486831337213516, 0.018288806080818176, 0.01796678826212883, 0.01785968616604805, 0.01777876727283001, 0.01745998114347458, 0.01724334806203842, 0.017330849543213844, 0.017363369464874268, 0.01714685559272766, 0.01699070632457733, 0.01705457642674446, 0.017020300030708313, 0.016754629090428352, 0.016622550785541534, 0.01671263575553894, 0.016679953783750534, 0.01647046022117138, 0.016418933868408203, 0.016514288261532784, 0.016472749412059784, 0.016339177265763283, 0.016324421390891075, 0.016324631869792938, 0.016211025416851044, 0.016159337013959885, 0.016215946525335312, 0.016182916238904, 0.016067933291196823, 0.01606345921754837, 0.016113243997097015, 0.01606256142258644, 0.01601620577275753, 0.016044432297348976, 0.016024475917220116, 0.01596543937921524, 0.015966840088367462, 0.01596716418862343, 0.015928423032164574, 0.015917943790555, 0.01590314880013466, 0.01584605686366558, 0.01581660658121109, 0.015824340283870697, 0.015800438821315765, 0.015787525102496147, 0.015785250812768936, 0.015737971290946007, 0.01572049967944622, 0.015732597559690475, 0.015702931210398674, 0.015687568113207817, 0.015686407685279846, 0.015650350600481033, 0.015642479062080383, 0.015648743137717247, 0.01560894027352333, 0.015600210055708885, 0.015606589615345001, 0.015576213598251343, 0.015561861917376518, 0.015558447688817978, 0.015542897395789623, 0.015541061758995056, 0.015522157773375511, 0.015513038262724876, 0.015508018434047699, 0.015501352958381176, 0.015500231646001339, 0.015488850884139538, 0.015479685738682747, 0.015477290377020836, 0.015467023476958275, 0.015467758290469646, 0.0154574578627944, 0.015447301790118217, 0.015446282923221588]",0.14601053158061228,0.568782535721791,0.9539007611134797,0.9770661312103616,0.2923685405620498,0.29237128898910186,0.29289651319952775,0.13652142455805819,0.730684425834935,32.78037594608031,cuda
TAO,258_TAO_id_2_Environment_tr_500_1st_4,MWT,pvt_autoencoder_differential_lr,128,10,10,64,100,0.001,"[0.09416220337152481, 0.0822366252541542, 0.07367204874753952, 0.06711610406637192, 0.06250251829624176, 0.05830344930291176, 0.0548897422850132, 0.051421936601400375, 0.04824809730052948, 0.04554620757699013, 0.043043944984674454, 0.04090692847967148, 0.03891564905643463, 0.037112124264240265, 0.03527988865971565, 0.03354161977767944, 0.03187725320458412, 0.03036666475236416, 0.028890054672956467, 0.027439231052994728, 0.025973254814743996, 0.02450750581920147, 0.02306257374584675, 0.021735291928052902, 0.020495502278208733, 0.019345857203006744, 0.01815086230635643, 0.0170812476426363, 0.016114525496959686, 0.015186178497970104, 0.014273388311266899, 0.013451054692268372, 0.012723092921078205, 0.011997816152870655, 0.011309384368360043, 0.01069655455648899, 0.010106384754180908, 0.00955360010266304, 0.009037768468260765, 0.008576660417020321, 0.008106698282063007, 0.007688174955546856, 0.007271358743309975, 0.00689208647236228, 0.006534877233207226, 0.006206186022609472, 0.005893034394830465, 0.005605133716017008, 0.005335827358067036, 0.005083729047328234, 0.004842355381697416, 0.004621580243110657, 0.004406019579619169, 0.004207989200949669, 0.004019714426249266, 0.003842070698738098, 0.003677896223962307, 0.0035186801105737686, 0.0033739544451236725, 0.0032364141661673784, 0.0031111000571399927, 0.003003656165674329, 0.002929213223978877, 0.002925102598965168, 0.002920598955824971, 0.0027531764935702085, 0.0024687701370567083, 0.002506549470126629, 0.0023792346473783255, 0.002249800832942128, 0.002223264193162322, 0.0020924012642353773, 0.0020446423441171646, 0.0020139096304774284, 0.0019820313900709152]","[0.08268566429615021, 0.08266246318817139, 0.08247332274913788, 0.08156239241361618, 0.08029342442750931, 0.07840655744075775, 0.07534122467041016, 0.07195483893156052, 0.06882622838020325, 0.06401312351226807, 0.059487007558345795, 0.054266802966594696, 0.05141061544418335, 0.0444580540060997, 0.0412515252828598, 0.03881480544805527, 0.035666994750499725, 0.03307774290442467, 0.03187062218785286, 0.030241210013628006, 0.029822062700986862, 0.028974734246730804, 0.027672991156578064, 0.028114959597587585, 0.027799149975180626, 0.027099182829260826, 0.027098804712295532, 0.026827862486243248, 0.026736818253993988, 0.02737230621278286, 0.026860645040869713, 0.026300709694623947, 0.02711234800517559, 0.02650618366897106, 0.024849172681570053, 0.0260966494679451, 0.025834422558546066, 0.024623146280646324, 0.024722974747419357, 0.02409672737121582, 0.023488163948059082, 0.022972416132688522, 0.022047992795705795, 0.0220232754945755, 0.021267704665660858, 0.020633339881896973, 0.020256277173757553, 0.019834375008940697, 0.019639771431684494, 0.019069628790020943, 0.018871653825044632, 0.018475595861673355, 0.01853032410144806, 0.018169518560171127, 0.017845790833234787, 0.017807576805353165, 0.017201131209731102, 0.017221417278051376, 0.016962930560112, 0.016977377235889435, 0.016185760498046875, 0.017339888960123062, 0.015268813818693161, 0.01821720227599144, 0.014980784617364407, 0.015889937058091164, 0.0173516646027565, 0.015266201458871365, 0.015335369855165482, 0.016832081601023674, 0.015838179737329483, 0.015249457210302353, 0.01522834599018097, 0.015558476559817791, 0.015728412196040154]",0.16925554754864627,0.599008040443811,0.9542402823345406,0.9774372056225056,0.2917616831340562,0.2914393855059557,0.2914947941995794,0.13698902618961842,0.7299598598030981,19.78436340112239,cuda
TAO,258_TAO_id_2_Environment_tr_500_1st_4,SPIRAL,cnn_autoencoder,128,10,10,64,150,0.001,"[0.2700936496257782, 0.2640378177165985, 0.2573084235191345, 0.25203728675842285, 0.24725578725337982, 0.24267984926700592, 0.2382628321647644, 0.2340104728937149, 0.22989696264266968, 0.2259419560432434, 0.22213296592235565, 0.21834918856620789, 0.2146090865135193, 0.21095257997512817, 0.2073674499988556, 0.20381641387939453, 0.20028166472911835, 0.19678452610969543, 0.19333353638648987, 0.1898883581161499, 0.18650241196155548, 0.18314318358898163, 0.17979031801223755, 0.17647716403007507, 0.173195481300354, 0.1699506640434265, 0.16676369309425354, 0.163615882396698, 0.16050192713737488, 0.1574339121580124, 0.15440130233764648, 0.15141591429710388, 0.14846710860729218, 0.14556875824928284, 0.14271503686904907, 0.13990534842014313, 0.1371348798274994, 0.13441072404384613, 0.13173241913318634, 0.12910613417625427, 0.12652790546417236, 0.12397609651088715, 0.1214466542005539, 0.11893763393163681, 0.11644192039966583, 0.11401653289794922, 0.1116793304681778, 0.10937107354402542, 0.10712278634309769, 0.10493026673793793, 0.1028037741780281, 0.1007126048207283, 0.09867385774850845, 0.09667617082595825, 0.09472961723804474, 0.09283038973808289, 0.09096664935350418, 0.08914466202259064, 0.0873648151755333, 0.08562802523374557, 0.08392868936061859, 0.08226710557937622, 0.08064130693674088, 0.07906034588813782, 0.07750988006591797, 0.07599136233329773, 0.07451196014881134, 0.0730697512626648, 0.07165710628032684, 0.07027273625135422, 0.06892634928226471, 0.06759867072105408, 0.06630751490592957, 0.06504698097705841, 0.06381630152463913, 0.06261173635721207, 0.06143078953027725, 0.06027792766690254, 0.05915341153740883, 0.05805940926074982, 0.05697983503341675, 0.05593234300613403, 0.05490478500723839, 0.05390094593167305, 0.05291907116770744, 0.05196556821465492, 0.05102963745594025, 0.05011637136340141, 0.0492229238152504, 0.048349104821681976, 0.04749675095081329, 0.046665262430906296, 0.045845877379179, 0.045048896223306656, 0.04426722228527069, 0.04350845143198967, 0.04276144132018089, 0.04203115403652191, 0.0413203164935112, 0.04062537103891373, 0.03994106128811836, 0.0392768494784832, 0.03862817585468292, 0.03798907622694969, 0.03736681118607521, 0.03675534948706627, 0.03615890443325043, 0.03557983785867691, 0.03500640392303467, 0.034449778497219086, 0.03390360623598099, 0.03336689993739128, 0.03284100815653801, 0.032326590269804, 0.03182338923215866, 0.03133247420191765, 0.030850637704133987, 0.030380265787243843, 0.029919646680355072, 0.029464440420269966, 0.029021110385656357, 0.028586886823177338, 0.028160111978650093, 0.02773899771273136, 0.027329888194799423, 0.026923861354589462, 0.02653028815984726, 0.026146233081817627, 0.025764988735318184, 0.025394774973392487, 0.02503269724547863, 0.02467472478747368, 0.024324513971805573, 0.023983048275113106, 0.023646650835871696, 0.023317264392971992, 0.022994231432676315, 0.022674560546875, 0.022366775199770927, 0.02205953747034073, 0.021760880947113037, 0.021466070786118507, 0.021178504452109337, 0.020893612876534462, 0.02061655931174755, 0.020343754440546036, 0.020074112340807915, 0.019812872633337975, 0.019551793113350868, 0.019298791885375977]","[0.2586763799190521, 0.2583903670310974, 0.2579871416091919, 0.25741076469421387, 0.2565903067588806, 0.25545257329940796, 0.25398436188697815, 0.25219208002090454, 0.2500998377799988, 0.2477118968963623, 0.24508845806121826, 0.24225792288780212, 0.2391979694366455, 0.23586611449718475, 0.2322414368391037, 0.22816035151481628, 0.22366511821746826, 0.21885645389556885, 0.21393363177776337, 0.20896518230438232, 0.2037924975156784, 0.19831272959709167, 0.19266200065612793, 0.18705372512340546, 0.18170695006847382, 0.17662617564201355, 0.17161136865615845, 0.16653257608413696, 0.16152381896972656, 0.15672160685062408, 0.15214882791042328, 0.14771956205368042, 0.1434042900800705, 0.1391110122203827, 0.1349543035030365, 0.13112257421016693, 0.12768498063087463, 0.12452137470245361, 0.12149475514888763, 0.11852262914180756, 0.11558603495359421, 0.11274664103984833, 0.1101054847240448, 0.10767115652561188, 0.1053832396864891, 0.10317578911781311, 0.10105578601360321, 0.0991346687078476, 0.09736087918281555, 0.09558849781751633, 0.09374432265758514, 0.09195562452077866, 0.09033001959323883, 0.08885973691940308, 0.08738146722316742, 0.08583807200193405, 0.0842805951833725, 0.08282920718193054, 0.08149290829896927, 0.08022689819335938, 0.07897721976041794, 0.07775595039129257, 0.07662512362003326, 0.07556496560573578, 0.07452156394720078, 0.0734473317861557, 0.07234691828489304, 0.0712498277425766, 0.07016118615865707, 0.0690668523311615, 0.06795649230480194, 0.06687602400779724, 0.06583859771490097, 0.06482882797718048, 0.0637982189655304, 0.06273490190505981, 0.061672281473875046, 0.060625702142715454, 0.05960521101951599, 0.058582525700330734, 0.05755537375807762, 0.05651082098484039, 0.055472344160079956, 0.054424531757831573, 0.05338325351476669, 0.05233939737081528, 0.05132443830370903, 0.05033322423696518, 0.049390360713005066, 0.04852033779025078, 0.04769982025027275, 0.04692239314317703, 0.046159908175468445, 0.04544093459844589, 0.04473678395152092, 0.044042520225048065, 0.04336334392428398, 0.042692482471466064, 0.04203208535909653, 0.04138438031077385, 0.04075400158762932, 0.04014034941792488, 0.039552219212055206, 0.03897590562701225, 0.03840218111872673, 0.03783997893333435, 0.03728891536593437, 0.03673949092626572, 0.03621002659201622, 0.035693638026714325, 0.035183556377887726, 0.03468438237905502, 0.03419362008571625, 0.03370684012770653, 0.03322885185480118, 0.03275807201862335, 0.03229149803519249, 0.03183281049132347, 0.03138264641165733, 0.030942237004637718, 0.030507072806358337, 0.03007667139172554, 0.029649240896105766, 0.02923165261745453, 0.028814977034926414, 0.028408121317625046, 0.02800878882408142, 0.02761070802807808, 0.02722252532839775, 0.0268414169549942, 0.026462506502866745, 0.026091068983078003, 0.025728687644004822, 0.025371119379997253, 0.025021007284522057, 0.02468048594892025, 0.02434525452554226, 0.024023212492465973, 0.023700542747974396, 0.02338629588484764, 0.023076659068465233, 0.022773277014493942, 0.02247190847992897, 0.022178102284669876, 0.02188863977789879, 0.02160380780696869, 0.021327516064047813, 0.02105160616338253, 0.020783087238669395, 0.020520105957984924]",0.2967318041285895,0.7476880154120212,0.9698806882642169,0.984191604821748,0.3708570458768568,0.37184115523465705,0.3673640437123235,0.182714168127531,0.7405558806663884,19.949236986925825,cuda
TAO,258_TAO_id_2_Environment_tr_500_1st_4,SPIRAL,resnet18_autoencoder_frozen,128,10,10,64,100,0.001,"[0.25792670249938965, 0.2395288348197937, 0.22583934664726257, 0.21517840027809143, 0.2058095782995224, 0.19774332642555237, 0.19062383472919464, 0.1839892417192459, 0.1777230203151703, 0.17177714407444, 0.16611507534980774, 0.16065353155136108, 0.15539801120758057, 0.1503259241580963, 0.14539188146591187, 0.14059141278266907, 0.1359669417142868, 0.13150861859321594, 0.12721918523311615, 0.12308118492364883, 0.11906664818525314, 0.11516126990318298, 0.11135391145944595, 0.10763833671808243, 0.10401956737041473, 0.10046359896659851, 0.0969945415854454, 0.09360091388225555, 0.09029031544923782, 0.08704245090484619, 0.08387493342161179, 0.08079613745212555, 0.0778009369969368, 0.07488245517015457, 0.07205085456371307, 0.06930624693632126, 0.06666344404220581, 0.06411924213171005, 0.06167834252119064, 0.05933360755443573, 0.057079099118709564, 0.05491530895233154, 0.05283978953957558, 0.05084582418203354, 0.048936422914266586, 0.047109466046094894, 0.04536678269505501, 0.04370332881808281, 0.04211227223277092, 0.04059170186519623, 0.039145395159721375, 0.03776396065950394, 0.03645198047161102, 0.03519979864358902, 0.03400593623518944, 0.032862965017557144, 0.03177552670240402, 0.030732786282896996, 0.029739415273070335, 0.028787987306714058, 0.02787724696099758, 0.027005422860383987, 0.026169192045927048, 0.025367967784404755, 0.024602049961686134, 0.02386564388871193, 0.023157266899943352, 0.022480329498648643, 0.021827058866620064, 0.021199138835072517, 0.020598214119672775, 0.020020462572574615, 0.01946403458714485, 0.018928315490484238, 0.018413623794913292, 0.017917467281222343, 0.017440475523471832, 0.01698233187198639, 0.016542084515094757, 0.01611749269068241, 0.015709858387708664, 0.015316537581384182, 0.014937855303287506, 0.014572029002010822, 0.014221590012311935, 0.013882777653634548, 0.013554791919887066, 0.013238722458481789, 0.012935149483382702, 0.012640370056033134, 0.012355497106909752, 0.012081986293196678, 0.01181738916784525, 0.011561503633856773, 0.011313073337078094, 0.011072364635765553, 0.01084203366190195, 0.01061784103512764, 0.010399759747087955, 0.010189036838710308]","[0.24135324358940125, 0.24052976071834564, 0.23963534832000732, 0.2383844554424286, 0.23673400282859802, 0.23475861549377441, 0.23243348300457, 0.22966210544109344, 0.22641810774803162, 0.2226771116256714, 0.2183854877948761, 0.21350257098674774, 0.2080121487379074, 0.20187848806381226, 0.19513103365898132, 0.18785005807876587, 0.1801449954509735, 0.17215701937675476, 0.1640559285879135, 0.15597593784332275, 0.1479719579219818, 0.14016130566596985, 0.13261678814888, 0.1254166215658188, 0.11853992938995361, 0.11199688911437988, 0.10574442148208618, 0.09983082115650177, 0.0942322164773941, 0.08897237479686737, 0.08406612277030945, 0.07950987666845322, 0.07529421150684357, 0.07142786681652069, 0.06783187389373779, 0.06448110193014145, 0.061292536556720734, 0.058308955281972885, 0.05549159646034241, 0.0528729110956192, 0.0504486970603466, 0.04820696637034416, 0.046123892068862915, 0.04419299587607384, 0.042390599846839905, 0.04067912697792053, 0.03903587907552719, 0.037466056644916534, 0.035988301038742065, 0.034636907279491425, 0.033441197127103806, 0.03235418349504471, 0.03136347234249115, 0.03041662834584713, 0.029480507597327232, 0.028576992452144623, 0.027693388983607292, 0.026851177215576172, 0.026043420657515526, 0.02527807652950287, 0.02453281544148922, 0.023792732506990433, 0.023080548271536827, 0.02239999733865261, 0.02174513414502144, 0.021131470799446106, 0.020521733909845352, 0.019925767555832863, 0.01936396025121212, 0.018848922103643417, 0.01835506781935692, 0.01787601038813591, 0.017405714839696884, 0.016950776800513268, 0.016517195850610733, 0.01609421893954277, 0.01568288914859295, 0.015274975448846817, 0.014872999861836433, 0.014505955390632153, 0.014142444357275963, 0.013798045925796032, 0.013473480939865112, 0.013166896067559719, 0.012873128056526184, 0.012589216232299805, 0.012321680784225464, 0.0120629807934165, 0.011823302134871483, 0.011591499671339989, 0.011362976394593716, 0.011135954409837723, 0.01092110201716423, 0.010724341496825218, 0.010543351992964745, 0.010371592827141285, 0.010199574753642082, 0.010032253339886665, 0.009852848947048187, 0.009678821079432964]",0.2956698357681013,0.7467819293697557,0.9698355881827718,0.984217483672482,0.3706212250856781,0.3713819812474521,0.36649974991659423,0.18292978666293644,0.7405558806663884,26.006954211043194,cuda
TAO,258_TAO_id_2_Environment_tr_500_1st_4,SPIRAL,resnet18_autoencoder_progressive_unfreeze,128,10,10,64,150,0.001,"[0.26743611693382263, 0.25232505798339844, 0.237900972366333, 0.2263815850019455, 0.2165166735649109, 0.20758359134197235, 0.19946344196796417, 0.19200077652931213, 0.1850477159023285, 0.17855989933013916, 0.1725335419178009, 0.16688193380832672, 0.16149860620498657, 0.156326025724411, 0.15135273337364197, 0.14653855562210083, 0.14190058410167694, 0.13742542266845703, 0.13312962651252747, 0.12898564338684082, 0.12497086822986603, 0.120256207883358, 0.11533714830875397, 0.11062361299991608, 0.10655934363603592, 0.10275257378816605, 0.09916771203279495, 0.0956798642873764, 0.09229514002799988, 0.08904408663511276, 0.08586989343166351, 0.08280932158231735, 0.07985710352659225, 0.0770149901509285, 0.0742892324924469, 0.07167693227529526, 0.06916293501853943, 0.06673838943243027, 0.06441918015480042, 0.0621895007789135, 0.06005232781171799, 0.05799616128206253, 0.05601266399025917, 0.05409783124923706, 0.052261076867580414, 0.05048798397183418, 0.048791512846946716, 0.04716257378458977, 0.045590516179800034, 0.04408327862620354, 0.042635902762413025, 0.04123572260141373, 0.03989158570766449, 0.038591980934143066, 0.0373510867357254, 0.03615431487560272, 0.03499727323651314, 0.0338917039334774, 0.03282077610492706, 0.031790923327207565, 0.03079954907298088, 0.029846912249922752, 0.028932202607393265, 0.028048936277627945, 0.02720244787633419, 0.026385262608528137, 0.02559458650648594, 0.02483685314655304, 0.024103840813040733, 0.02339540608227253, 0.022710328921675682, 0.022052884101867676, 0.02141844667494297, 0.020805876702070236, 0.020226048305630684, 0.019649576395750046, 0.01910102553665638, 0.018568838015198708, 0.01806335337460041, 0.017576949670910835, 0.01709848642349243, 0.01664760895073414, 0.016205349937081337, 0.015783948823809624, 0.015375147573649883, 0.014981860294938087, 0.014601921662688255, 0.014234195463359356, 0.013880840502679348, 0.0135393887758255, 0.013209791854023933, 0.012890837155282497, 0.012582140974700451, 0.012283378280699253, 0.011993339285254478, 0.011712717823684216, 0.01144289132207632, 0.011181224137544632, 0.01092979870736599, 0.010687412694096565, 0.010450522415339947, 0.010226346552371979, 0.010004419833421707, 0.00979243777692318, 0.009587117470800877, 0.009387771598994732, 0.009194680489599705, 0.009006928652524948, 0.008825727738440037, 0.008648764342069626, 0.00847739726305008, 0.008308673277497292, 0.008147023618221283, 0.00798970926553011, 0.007835845462977886, 0.007686286699026823, 0.007541553117334843, 0.0073997159488499165, 0.0072620646096765995, 0.00712874811142683, 0.00699845515191555, 0.006869066506624222, 0.0067458138801157475, 0.006625210866332054, 0.006505707278847694, 0.006390721537172794, 0.0062777320854365826, 0.0061675566248595715, 0.006059322971850634, 0.00595239968970418, 0.005850127898156643, 0.0057487450540065765, 0.005650803446769714, 0.005555448122322559, 0.005462051369249821, 0.005370267201215029, 0.0052809645421803, 0.005193729419261217, 0.005108973942697048, 0.005026094149798155, 0.004945601336658001, 0.004866163246333599, 0.00478909257799387, 0.0047129252925515175, 0.004640307743102312, 0.004567233845591545, 0.004496639594435692, 0.004428385756909847, 0.004360675346106291, 0.004294910468161106]","[0.25074753165245056, 0.25042054057121277, 0.24985752999782562, 0.24897965788841248, 0.2477996051311493, 0.2463034838438034, 0.24432411789894104, 0.24170832335948944, 0.23825368285179138, 0.23386673629283905, 0.22856126725673676, 0.22240221500396729, 0.21557681262493134, 0.2082636058330536, 0.20060297846794128, 0.19272145628929138, 0.18475167453289032, 0.17679911851882935, 0.16893444955348969, 0.16125230491161346, 0.155642569065094, 0.14746211469173431, 0.13897190988063812, 0.13223335146903992, 0.12599292397499084, 0.1197889968752861, 0.11351902782917023, 0.10738088190555573, 0.10162931680679321, 0.09632495045661926, 0.09143655002117157, 0.08684267848730087, 0.08253118395805359, 0.0784403383731842, 0.07453958690166473, 0.0709030032157898, 0.0675385370850563, 0.06444710493087769, 0.06160382553935051, 0.059015579521656036, 0.05659165233373642, 0.054309647530317307, 0.05214812606573105, 0.05009695142507553, 0.04813876375555992, 0.04632272571325302, 0.04459061473608017, 0.042944155633449554, 0.04138593375682831, 0.03990951552987099, 0.03854145482182503, 0.03729034587740898, 0.03612024337053299, 0.03501063585281372, 0.03392735496163368, 0.03286685794591904, 0.03183700144290924, 0.03083072602748871, 0.029885580763220787, 0.028990229591727257, 0.028147786855697632, 0.027348583564162254, 0.02655717357993126, 0.0257954653352499, 0.02503858134150505, 0.02434544824063778, 0.023678451776504517, 0.02302681654691696, 0.02241792343556881, 0.021811483427882195, 0.021244924515485764, 0.020663052797317505, 0.0201193168759346, 0.019618013873696327, 0.01908559910953045, 0.018594292923808098, 0.018155537545681, 0.01771486923098564, 0.017265651375055313, 0.016857687383890152, 0.016482315957546234, 0.016106214374303818, 0.015719380229711533, 0.01533542014658451, 0.014966143295168877, 0.014635096304118633, 0.014323890209197998, 0.014017559587955475, 0.013707272708415985, 0.01339578814804554, 0.013095034286379814, 0.01278788410127163, 0.012497524730861187, 0.012214409187436104, 0.01195098739117384, 0.011705482378602028, 0.011465620249509811, 0.011229278519749641, 0.010989561676979065, 0.010749462991952896, 0.010512426495552063, 0.010280123911798, 0.010067462921142578, 0.009871299378573895, 0.009687410667538643, 0.00950628798455, 0.009329518303275108, 0.009157426655292511, 0.008985023945569992, 0.008816123008728027, 0.008650308474898338, 0.008491689339280128, 0.008338915184140205, 0.008190406486392021, 0.008047006092965603, 0.00790820736438036, 0.0077684177085757256, 0.0076302639208734035, 0.007495181635022163, 0.007360908202826977, 0.00722861010581255, 0.0071044485084712505, 0.0069856769405305386, 0.0068680401891469955, 0.006753608118742704, 0.006639668717980385, 0.006528167985379696, 0.006417944096028805, 0.0063064186833798885, 0.00620125001296401, 0.0060972291976213455, 0.005997607484459877, 0.005899414420127869, 0.005803501233458519, 0.005705632269382477, 0.005612541921436787, 0.005520248785614967, 0.005433210637420416, 0.005346495658159256, 0.005261893384158611, 0.00517876073718071, 0.00509793683886528, 0.0050170449540019035, 0.004945484921336174, 0.004873520694673061, 0.004803822375833988, 0.004733269102871418, 0.004663486965000629, 0.004596431739628315, 0.00452816067263484]",0.29627188339589156,0.7472321815714564,0.9698811917865884,0.9842061062509067,0.3707984463137872,0.3717845659163987,0.3672581790819852,0.1829999193760225,0.7405558806663884,40.01052515907213,cuda
TAO,258_TAO_id_2_Environment_tr_500_1st_4,SPIRAL,resnet18_autoencoder_differential_lr,128,10,10,64,100,0.001,"[0.2972460687160492, 0.27984893321990967, 0.2664570212364197, 0.25538814067840576, 0.2459302693605423, 0.23706990480422974, 0.22886033356189728, 0.22118787467479706, 0.2137548327445984, 0.2065950632095337, 0.19975821673870087, 0.19323062896728516, 0.1869892179965973, 0.18099567294120789, 0.17527654767036438, 0.16979625821113586, 0.16455534100532532, 0.15952394902706146, 0.1546580195426941, 0.1499563753604889, 0.1453806310892105, 0.14087630808353424, 0.13646548986434937, 0.13214457035064697, 0.12792113423347473, 0.12379530817270279, 0.119766466319561, 0.11584420502185822, 0.11201769858598709, 0.1082834005355835, 0.10462219268083572, 0.10104614496231079, 0.0975375548005104, 0.09409783035516739, 0.09074730426073074, 0.08746572583913803, 0.08428274840116501, 0.08119522035121918, 0.07821187376976013, 0.07533836364746094, 0.07256638258695602, 0.06990183144807816, 0.06734108924865723, 0.06487821787595749, 0.06250625103712082, 0.06023060902953148, 0.058049555867910385, 0.05595904961228371, 0.05395818501710892, 0.05204230174422264, 0.050209108740091324, 0.048450227826833725, 0.04676998779177666, 0.045158665627241135, 0.043618831783533096, 0.04214855656027794, 0.04073513671755791, 0.03938762843608856, 0.03810102492570877, 0.03687193617224693, 0.035697031766176224, 0.03457324206829071, 0.03349904716014862, 0.032470859587192535, 0.03148922324180603, 0.030547069385647774, 0.029649490490555763, 0.0287881251424551, 0.027960781008005142, 0.027172770351171494, 0.026409927755594254, 0.02568202093243599, 0.02498357743024826, 0.024311920627951622, 0.02366488426923752, 0.023043464869260788, 0.022444909438490868, 0.021867437288165092, 0.021318472921848297, 0.020783882588148117, 0.020269427448511124, 0.019775861874222755, 0.019298626109957695, 0.018837928771972656, 0.018394868820905685, 0.01796860434114933, 0.017555901780724525, 0.017156604677438736, 0.01676933467388153, 0.016398722305893898, 0.016037963330745697, 0.015690483152866364, 0.015353001654148102, 0.015026398003101349, 0.014709808863699436, 0.014405077323317528, 0.014110377989709377, 0.013821544125676155, 0.013543978333473206, 0.013274320401251316]","[0.28511640429496765, 0.2840936779975891, 0.2828323245048523, 0.2809830904006958, 0.2786329984664917, 0.2760213613510132, 0.27337825298309326, 0.2704869210720062, 0.26711398363113403, 0.2630159556865692, 0.2580462098121643, 0.2522051930427551, 0.24555246531963348, 0.2382325381040573, 0.23035696148872375, 0.2219647616147995, 0.2131093591451645, 0.20401963591575623, 0.19488072395324707, 0.18578867614269257, 0.17689423263072968, 0.1683512181043625, 0.1601892113685608, 0.152480810880661, 0.14520949125289917, 0.1383572518825531, 0.13191451132297516, 0.1258310228586197, 0.12008167803287506, 0.11460883915424347, 0.10938912630081177, 0.10439185798168182, 0.09959585964679718, 0.09498866647481918, 0.09055739641189575, 0.08632737398147583, 0.08230092376470566, 0.07848691940307617, 0.07489988952875137, 0.0715218335390091, 0.06835687160491943, 0.06540171802043915, 0.0626373291015625, 0.06004396080970764, 0.05760843679308891, 0.055315446108579636, 0.05315080285072327, 0.05109791085124016, 0.049150459468364716, 0.04730234295129776, 0.04554613679647446, 0.04388369247317314, 0.042311519384384155, 0.04082921892404556, 0.03943342715501785, 0.03811517357826233, 0.036876581609249115, 0.035711273550987244, 0.034609049558639526, 0.033566173166036606, 0.032577503472566605, 0.03163808956742287, 0.030736630782485008, 0.029872655868530273, 0.029036585241556168, 0.028236158192157745, 0.027468327432870865, 0.026737935841083527, 0.026049349457025528, 0.025386933237314224, 0.024752965196967125, 0.024145588278770447, 0.02356313169002533, 0.0230034738779068, 0.022467434406280518, 0.0219458919018507, 0.021443231031298637, 0.020966924726963043, 0.020507952198386192, 0.02005797065794468, 0.019621625542640686, 0.019191861152648926, 0.018771179020404816, 0.01835932582616806, 0.017965096980333328, 0.017580613493919373, 0.017212824895977974, 0.016852781176567078, 0.016507375985383987, 0.016166968271136284, 0.015838202089071274, 0.015523437410593033, 0.015221870504319668, 0.014931393787264824, 0.014656777493655682, 0.014394204132258892, 0.014136122539639473, 0.013884237967431545, 0.01363755576312542, 0.013388773426413536]",0.29536352104027874,0.7463586550892314,0.9697780580600787,0.9841511170215199,0.3704418396483703,0.3712059064807219,0.36616511922505285,0.18275077811720705,0.7405558806663884,27.262187493033707,cuda
TAO,258_TAO_id_2_Environment_tr_500_1st_4,SPIRAL,pvt_autoencoder_frozen,128,10,10,64,100,0.001,"[0.30510833859443665, 0.28334176540374756, 0.2640284597873688, 0.25131097435951233, 0.242587611079216, 0.23546503484249115, 0.22904346883296967, 0.22292174398899078, 0.21690280735492706, 0.2110576033592224, 0.20543979108333588, 0.20009572803974152, 0.19494150578975677, 0.1899971067905426, 0.1853010356426239, 0.18085379898548126, 0.17661237716674805, 0.17254556715488434, 0.16864566504955292, 0.16485317051410675, 0.16115547716617584, 0.15753671526908875, 0.1539459526538849, 0.15044167637825012, 0.14698325097560883, 0.14357075095176697, 0.1402224749326706, 0.1368895173072815, 0.13357646763324738, 0.13030311465263367, 0.1270575076341629, 0.12382298707962036, 0.12059774994850159, 0.11739078164100647, 0.11419727653265, 0.11104286462068558, 0.10791342705488205, 0.10482458770275116, 0.10177674144506454, 0.09878789633512497, 0.09585971385240555, 0.09300457686185837, 0.09021754562854767, 0.0874963253736496, 0.084853395819664, 0.08229139447212219, 0.07978846877813339, 0.07735215872526169, 0.07496996223926544, 0.07265555113554001, 0.07041282206773758, 0.06824376434087753, 0.066143698990345, 0.06411820650100708, 0.062159642577171326, 0.060266733169555664, 0.05844317376613617, 0.0566752664744854, 0.05497634410858154, 0.05334172025322914, 0.051758527755737305, 0.05024188011884689, 0.048773907124996185, 0.04736194387078285, 0.046005066484212875, 0.044695496559143066, 0.04343660920858383, 0.04222028702497482, 0.04105162248015404, 0.03992210328578949, 0.038835156708955765, 0.03779032081365585, 0.03677649796009064, 0.035802457481622696, 0.034861087799072266, 0.0339520238339901, 0.03307492285966873, 0.03222885727882385, 0.031413618475198746, 0.0306257177144289, 0.029865730553865433, 0.029131552204489708, 0.028421925380825996, 0.027737658470869064, 0.027074553072452545, 0.026430079713463783, 0.025810278952121735, 0.025205539539456367, 0.024622980505228043, 0.02405555173754692, 0.02350657433271408, 0.022973917424678802, 0.022456683218479156, 0.021955158561468124, 0.021470598876476288, 0.020999111235141754, 0.020540356636047363, 0.020097091794013977, 0.019663948565721512, 0.019249456003308296]","[0.2537427842617035, 0.2531995475292206, 0.2527279853820801, 0.25207728147506714, 0.25113445520401, 0.24995779991149902, 0.24861428141593933, 0.24707183241844177, 0.2452375590801239, 0.24297063052654266, 0.24006228148937225, 0.2363172173500061, 0.23168569803237915, 0.22631412744522095, 0.22050851583480835, 0.2144496738910675, 0.20812837779521942, 0.20157597959041595, 0.19493639469146729, 0.18840381503105164, 0.1820984184741974, 0.17607730627059937, 0.17020106315612793, 0.16446714103221893, 0.1589128077030182, 0.15358595550060272, 0.14849452674388885, 0.14356616139411926, 0.1387975513935089, 0.1342248022556305, 0.12982559204101562, 0.125553697347641, 0.121406190097332, 0.11733328551054001, 0.11334481090307236, 0.10944508016109467, 0.10568373650312424, 0.10205259174108505, 0.09854676574468613, 0.09517180919647217, 0.09191027283668518, 0.08875557035207748, 0.08569630980491638, 0.08275219798088074, 0.07993191480636597, 0.0772378146648407, 0.07465724647045135, 0.07216115295886993, 0.06976243108510971, 0.06746965646743774, 0.06528741121292114, 0.06321825087070465, 0.06127118691802025, 0.05945223569869995, 0.0577465258538723, 0.056141577661037445, 0.05460333079099655, 0.05313252657651901, 0.05171722173690796, 0.050344329327344894, 0.04903506860136986, 0.04777324199676514, 0.04656141623854637, 0.04538678750395775, 0.044231291860342026, 0.04310100898146629, 0.04199410602450371, 0.040925927460193634, 0.039896558970212936, 0.038909897208213806, 0.037967465817928314, 0.03705497458577156, 0.036181382834911346, 0.035333432257175446, 0.03451290726661682, 0.033716075122356415, 0.032936833798885345, 0.03217379003763199, 0.03142542764544487, 0.030694983899593353, 0.029981840401887894, 0.02928643301129341, 0.028610605746507645, 0.027951445430517197, 0.027310378849506378, 0.026693593710660934, 0.026095561683177948, 0.02552208863198757, 0.02496226504445076, 0.024418992921710014, 0.023885464295744896, 0.02335990034043789, 0.02284356579184532, 0.022339610382914543, 0.02184765599668026, 0.02136927843093872, 0.020911045372486115, 0.020463967695832253, 0.020036427304148674, 0.019612707197666168]",0.29756604553923655,0.748436885292949,0.9699906932742686,0.9841720838847663,0.3711465509364798,0.3717845659163987,0.36700079403740693,0.18225817837810046,0.7405558806663884,29.397934393957257,cuda
TAO,258_TAO_id_2_Environment_tr_500_1st_4,SPIRAL,pvt_autoencoder_progressive_unfreeze,128,10,10,64,150,0.001,"[0.2755287289619446, 0.25358664989471436, 0.23783235251903534, 0.2272808998823166, 0.2185550034046173, 0.21077319979667664, 0.20355761051177979, 0.19657957553863525, 0.1898614466190338, 0.18342597782611847, 0.17720086872577667, 0.17116013169288635, 0.1653575301170349, 0.15977805852890015, 0.15436573326587677, 0.1490974873304367, 0.14398574829101562, 0.13898946344852448, 0.1342342048883438, 0.12965930998325348, 0.12526242434978485, 0.12021287530660629, 0.11485257744789124, 0.11009954661130905, 0.10552915185689926, 0.10114678740501404, 0.09700068086385727, 0.09302667528390884, 0.08915486931800842, 0.08545524626970291, 0.08188037574291229, 0.07839614897966385, 0.07500094920396805, 0.07170115411281586, 0.06851443648338318, 0.0654519572854042, 0.06251119077205658, 0.059680450707674026, 0.05696531757712364, 0.054364677518606186, 0.05187547951936722, 0.049496959894895554, 0.047221943736076355, 0.045058224350214005, 0.043000511825084686, 0.041045404970645905, 0.0392087921500206, 0.037483055144548416, 0.03584728762507439, 0.03430889919400215, 0.03285105898976326, 0.03148869425058365, 0.030200034379959106, 0.028979631140828133, 0.027827251702547073, 0.026733966544270515, 0.025702476501464844, 0.02472544275224209, 0.023801373317837715, 0.02292517013847828, 0.022093355655670166, 0.02130454033613205, 0.020557256415486336, 0.019844571128487587, 0.019167911261320114, 0.018524324521422386, 0.017909275367856026, 0.017323343083262444, 0.016768477857112885, 0.0162354726344347, 0.015728363767266273, 0.015246456488966942, 0.014783618040382862, 0.014341779984533787, 0.013917060568928719, 0.013514564372599125, 0.013126890175044537, 0.012754742987453938, 0.012398972176015377, 0.01205845270305872, 0.011730537749826908, 0.011414799839258194, 0.011112138628959656, 0.01082144770771265, 0.010542172007262707, 0.010271431878209114, 0.010013348422944546, 0.009762470610439777, 0.009520167484879494, 0.009288170374929905, 0.009063380770385265, 0.008845961652696133, 0.008636238984763622, 0.00843572523444891, 0.008239688351750374, 0.008049819618463516, 0.00786720309406519, 0.007690695114433765, 0.007520057260990143, 0.007353698369115591, 0.007192760705947876, 0.007037290837615728, 0.006886579096317291, 0.0067405058071017265, 0.006598806008696556, 0.006463013123720884, 0.006329570431262255, 0.006200562231242657, 0.006075605284422636, 0.00595330772921443, 0.00583560299128294, 0.005721664987504482, 0.005610422696918249, 0.00550253689289093, 0.005396868102252483, 0.005295238923281431, 0.00519601022824645, 0.005099738948047161, 0.005006100051105022, 0.004914930555969477, 0.004826395306736231, 0.0047396463342010975, 0.004655038472265005, 0.004573413636535406, 0.0044938367791473866, 0.004416526295244694, 0.004340320825576782, 0.004266457166522741, 0.0041951024904847145, 0.004124125931411982, 0.004055952653288841, 0.003989648539572954, 0.003923933953046799, 0.0038598307874053717, 0.0037981534842401743, 0.0037366508040577173, 0.003678226377815008, 0.0036202443297952414, 0.003563519101589918, 0.003507668152451515, 0.003453956451267004, 0.0034012380056083202, 0.0033494902309030294, 0.003298821160569787, 0.0032490307930856943, 0.0032010157592594624, 0.003153344849124551, 0.0031071340199559927, 0.003061858471482992, 0.003017268842086196]","[0.23647797107696533, 0.23580268025398254, 0.23498407006263733, 0.2340935468673706, 0.23311346769332886, 0.2320403754711151, 0.23086118698120117, 0.22939614951610565, 0.22747330367565155, 0.22492288053035736, 0.22157034277915955, 0.21731528639793396, 0.21214470267295837, 0.20621202886104584, 0.19966840744018555, 0.19261205196380615, 0.18513727188110352, 0.17743128538131714, 0.169647216796875, 0.16190707683563232, 0.15868455171585083, 0.15388064086437225, 0.1460488736629486, 0.13856390118598938, 0.13126467168331146, 0.12407562136650085, 0.11739709228277206, 0.11123393476009369, 0.10553798079490662, 0.10001575946807861, 0.09462695568799973, 0.08945624530315399, 0.08461340516805649, 0.08009952306747437, 0.07585833966732025, 0.07180031388998032, 0.06788572669029236, 0.06417632102966309, 0.060669224709272385, 0.057351693511009216, 0.05416266247630119, 0.05111287161707878, 0.048258207738399506, 0.04559779912233353, 0.04310495778918266, 0.04079067334532738, 0.03863077610731125, 0.03662034869194031, 0.034760937094688416, 0.03301925212144852, 0.03139832615852356, 0.029885388910770416, 0.028485596179962158, 0.027201127260923386, 0.026021357625722885, 0.02493624947965145, 0.023921145126223564, 0.022970011457800865, 0.022077441215515137, 0.021245881915092468, 0.020475171506404877, 0.01976693421602249, 0.019108839333057404, 0.018494335934519768, 0.01791594922542572, 0.017368115484714508, 0.016851648688316345, 0.016368409618735313, 0.015906615182757378, 0.015467537567019463, 0.015046360902488232, 0.014636710286140442, 0.014242710545659065, 0.013861730694770813, 0.013501664623618126, 0.013156633824110031, 0.01282692700624466, 0.012510046362876892, 0.012202653102576733, 0.011902849189937115, 0.011610674671828747, 0.011329259723424911, 0.011058922857046127, 0.010800542309880257, 0.010551802814006805, 0.010315662249922752, 0.010085736401379108, 0.009862544015049934, 0.009647888131439686, 0.0094383480027318, 0.009233522228896618, 0.009035301394760609, 0.008844586089253426, 0.008657515048980713, 0.008475597947835922, 0.008299288339912891, 0.008128054440021515, 0.00796144362539053, 0.007797803729772568, 0.007637794595211744, 0.007482375018298626, 0.00733098154887557, 0.007183699868619442, 0.007040735334157944, 0.006902975495904684, 0.006767558865249157, 0.006636238656938076, 0.006508997641503811, 0.006384453736245632, 0.006264008115977049, 0.006146806292235851, 0.0060320585034787655, 0.005919847637414932, 0.005809707101434469, 0.005703195929527283, 0.005598949268460274, 0.005497504957020283, 0.005398951005190611, 0.005302762612700462, 0.005209436174482107, 0.005117699038237333, 0.005028192885220051, 0.004941695369780064, 0.004857346881181002, 0.004775376990437508, 0.004694452043622732, 0.004616253077983856, 0.004540599882602692, 0.004465402103960514, 0.004393076058477163, 0.004323064349591732, 0.004253249615430832, 0.0041854893788695335, 0.004119860008358955, 0.004054674878716469, 0.003992327488958836, 0.003930273465812206, 0.0038691421505063772, 0.003809177316725254, 0.0037514062132686377, 0.003694736398756504, 0.003639314090833068, 0.003585240337997675, 0.003532176837325096, 0.00348105700686574, 0.0034302915446460247, 0.0033811102621257305, 0.003332769498229027, 0.0032850606366991997, 0.0032380223274230957]",0.2969901736104427,0.7480015174615524,0.9699202899588878,0.9842241741289177,0.3708570458768568,0.37184115523465705,0.3673640437123235,0.18248799426605464,0.7405558806663884,44.16117443609983,cuda
TAO,258_TAO_id_2_Environment_tr_500_1st_4,SPIRAL,pvt_autoencoder_differential_lr,128,10,10,64,100,0.001,"[0.2871077358722687, 0.2694501280784607, 0.2554487884044647, 0.24377645552158356, 0.2343941181898117, 0.22606806457042694, 0.218277707695961, 0.21092642843723297, 0.20394237339496613, 0.19730138778686523, 0.1909671276807785, 0.18491455912590027, 0.17911438643932343, 0.17354513704776764, 0.16818664968013763, 0.16300389170646667, 0.1579970270395279, 0.15311647951602936, 0.14834827184677124, 0.14369887113571167, 0.13915079832077026, 0.13469895720481873, 0.1303412765264511, 0.12608808279037476, 0.12194052338600159, 0.11792121827602386, 0.11398562788963318, 0.11015968024730682, 0.10643583536148071, 0.10283073037862778, 0.09932537376880646, 0.09590612351894379, 0.09258481115102768, 0.089359350502491, 0.0862344354391098, 0.08319975435733795, 0.08027523010969162, 0.07744137942790985, 0.07471191138029099, 0.07209108769893646, 0.06957313418388367, 0.06714784353971481, 0.0648220032453537, 0.06259135156869888, 0.06043856590986252, 0.05836835876107216, 0.05637908726930618, 0.05446501076221466, 0.05262211337685585, 0.05085337907075882, 0.049144405871629715, 0.04751044884324074, 0.0459308922290802, 0.044419288635253906, 0.04296315833926201, 0.0415617898106575, 0.04021540656685829, 0.038917772471904755, 0.03766973316669464, 0.03647254407405853, 0.03531768172979355, 0.03421027213335037, 0.03314615413546562, 0.032122641801834106, 0.03113512322306633, 0.030188098549842834, 0.029278211295604706, 0.028402255848050117, 0.02756243757903576, 0.02675378881394863, 0.025975817814469337, 0.025229059159755707, 0.02451077289879322, 0.02381821721792221, 0.023153550922870636, 0.02251151204109192, 0.02190154604613781, 0.021306708455085754, 0.020739922299981117, 0.020192241296172142, 0.01966477558016777, 0.019156502559781075, 0.01866796612739563, 0.018196869641542435, 0.01774323545396328, 0.01730571873486042, 0.016880981624126434, 0.016475673764944077, 0.016081849113106728, 0.01570126786828041, 0.015337690711021423, 0.014979922212660313, 0.01464053150266409, 0.01430914830416441, 0.013990355655550957, 0.013679524883627892, 0.013380719348788261, 0.013092516921460629, 0.012812751345336437, 0.012542445212602615]","[0.2563571333885193, 0.2551288604736328, 0.2539299726486206, 0.252596378326416, 0.25105032324790955, 0.2491769790649414, 0.2469135820865631, 0.2442832589149475, 0.2412664145231247, 0.23787252604961395, 0.23406732082366943, 0.22973470389842987, 0.22488069534301758, 0.219561368227005, 0.21380755305290222, 0.2076604813337326, 0.20116940140724182, 0.19439244270324707, 0.18739067018032074, 0.1802392303943634, 0.17301934957504272, 0.16576866805553436, 0.15859843790531158, 0.1515597403049469, 0.14470675587654114, 0.13802573084831238, 0.1315380334854126, 0.12525169551372528, 0.11917972564697266, 0.11334030330181122, 0.10776551812887192, 0.10249670594930649, 0.09752418100833893, 0.09283344447612762, 0.08840346336364746, 0.08424883335828781, 0.08034589886665344, 0.07670849561691284, 0.0733446329832077, 0.07023917138576508, 0.06735534965991974, 0.0646650493144989, 0.062139466404914856, 0.05973270162940025, 0.05744612216949463, 0.055286210030317307, 0.05326691269874573, 0.05140148848295212, 0.049692001193761826, 0.048100393265485764, 0.04661257192492485, 0.04518696665763855, 0.04380979388952255, 0.04245881363749504, 0.04113481193780899, 0.03985309600830078, 0.038621366024017334, 0.03744259476661682, 0.0363190732896328, 0.035237960517406464, 0.03420212119817734, 0.0332053005695343, 0.03224180266261101, 0.03130596876144409, 0.030405094847083092, 0.029537826776504517, 0.028705094009637833, 0.027910813689231873, 0.02714713290333748, 0.026414483785629272, 0.02571135014295578, 0.025029417127370834, 0.024366378784179688, 0.02372387796640396, 0.0231008380651474, 0.022505760192871094, 0.02192615531384945, 0.021373365074396133, 0.020837940275669098, 0.020322084426879883, 0.01982354000210762, 0.019343622028827667, 0.01888006366789341, 0.01843384839594364, 0.01800304278731346, 0.01758495718240738, 0.01718560978770256, 0.016797048971056938, 0.016421211883425713, 0.01606108993291855, 0.015706194564700127, 0.015368289314210415, 0.015036201104521751, 0.01471651904284954, 0.014403656125068665, 0.014102287590503693, 0.013811598531901836, 0.013529092073440552, 0.01325609814375639, 0.012989858165383339]",0.2972117032361504,0.74814477952573,0.9699961811340696,0.9842630747853381,0.3707984463137872,0.3713819812474521,0.36649974991659423,0.182714168127531,0.7405558806663884,31.132157440995798,cuda
