file,CNN-AE (RN),CNN-AE (LP),CNN-AE (SG),CNN-AE (GASF),CNN-AE (GADF),CNN-AE (MTF),CNN-AE (RP),CNN-AE (RWT),CNN-AE (MWT),CNN-AE (SPIRAL),ResNet18-AE-FE (RN),ResNet18-AE-FE (LP),ResNet18-AE-FE (SG),ResNet18-AE-FE (GASF),ResNet18-AE-FE (GADF),ResNet18-AE-FE (MTF),ResNet18-AE-FE (RP),ResNet18-AE-FE (RWT),ResNet18-AE-FE (MWT),ResNet18-AE-FE (SPIRAL),ResNet18-AE-PU (RN),ResNet18-AE-PU (LP),ResNet18-AE-PU (SG),ResNet18-AE-PU (GASF),ResNet18-AE-PU (GADF),ResNet18-AE-PU (MTF),ResNet18-AE-PU (RP),ResNet18-AE-PU (RWT),ResNet18-AE-PU (MWT),ResNet18-AE-PU (SPIRAL),ResNet18-AE-DLR (RN),ResNet18-AE-DLR (LP),ResNet18-AE-DLR (SG),ResNet18-AE-DLR (GASF),ResNet18-AE-DLR (GADF),ResNet18-AE-DLR (MTF),ResNet18-AE-DLR (RP),ResNet18-AE-DLR (RWT),ResNet18-AE-DLR (MWT),ResNet18-AE-DLR (SPIRAL),PVT-v2-b1-AE-FE (RN),PVT-v2-b1-AE-FE (LP),PVT-v2-b1-AE-FE (SG),PVT-v2-b1-AE-FE (GASF),PVT-v2-b1-AE-FE (GADF),PVT-v2-b1-AE-FE (MTF),PVT-v2-b1-AE-FE (RP),PVT-v2-b1-AE-FE (RWT),PVT-v2-b1-AE-FE (MWT),PVT-v2-b1-AE-FE (SPIRAL),PVT-v2-b1-AE-PU (RN),PVT-v2-b1-AE-PU (LP),PVT-v2-b1-AE-PU (SG),PVT-v2-b1-AE-PU (GASF),PVT-v2-b1-AE-PU (GADF),PVT-v2-b1-AE-PU (MTF),PVT-v2-b1-AE-PU (RP),PVT-v2-b1-AE-PU (RWT),PVT-v2-b1-AE-PU (MWT),PVT-v2-b1-AE-PU (SPIRAL),PVT-v2-b1-AE-DLR (RN),PVT-v2-b1-AE-DLR (LP),PVT-v2-b1-AE-DLR (SG),PVT-v2-b1-AE-DLR (GASF),PVT-v2-b1-AE-DLR (GADF),PVT-v2-b1-AE-DLR (MTF),PVT-v2-b1-AE-DLR (RP),PVT-v2-b1-AE-DLR (RWT),PVT-v2-b1-AE-DLR (MWT),PVT-v2-b1-AE-DLR (SPIRAL)
001_NAB_id_1_Facility_tr_1007_1st_2014,0.5638426152014789,0.5049024008633941,0.4907381832962992,0.567119496857784,0.5594370170752152,0.5642086285308114,0.4900585394531618,0.5658655017595366,0.6198343502514051,0.5058147649285006,0.5210676159998615,0.5145479324668153,0.4964980506377244,0.5872205760855366,0.4853317807111656,0.5350464873579598,0.063222070301765,0.5640825311763198,0.5254312206964574,0.5158785141287956,0.5235666009428248,0.5157355118818685,0.4937355622111509,0.5121554144145294,0.4808812001038851,0.5007241609811349,0.9217536934871864,0.5652456603151129,0.5763872663495745,0.516312673970594,0.589136198168642,0.5203445873276624,0.4902985960098894,0.5786492037078054,0.4848638886352675,0.5360068167180361,0.9316797344847114,0.5894704112843895,0.582779545821996,0.4969083893131356,0.5908788824628208,0.5108361293633205,0.494779227339257,0.5307093645475094,0.4828768334155927,0.4974880455465733,0.063222070301765,0.6229520722849164,0.5583679900464217,0.4642958594483523,0.607505884518981,0.5097331681974924,0.4909073011447474,0.5243178561905857,0.4816957735343692,0.504994372791783,0.0788618307036847,0.5845104718940275,0.6102102508431185,0.4902450985345063,0.5270007735063925,0.5088504056515504,0.4887689349199396,0.5217930198879532,0.4820065462339936,0.5351682359119965,0.9205937474391768,0.5712763002543411,0.5638738662009112,0.4886211025103953
002_NAB_id_2_WebService_tr_1500_1st_4106,0.5655916973107792,0.4704520034368756,0.7208048208347859,0.6797475257166306,0.4856358351202193,0.4727957463384294,0.7811353923766221,0.5259091481442779,0.6715564636655486,0.6850320577699059,0.6904231976662488,0.5355633947310875,0.6663356047096916,0.6721111045039538,0.5328457312537129,0.4486198847508184,0.6599545050619906,0.5826085195621022,0.5757866525568825,0.7045161745471039,0.5702229045496001,0.452169553190928,0.6288529101069247,0.6709762665076925,0.5333316852465024,0.5707314238375799,0.6741684514489744,0.6216146743762081,0.5435483731142801,0.532850801230793,0.6081346296487621,0.4735631884843429,0.7457942140769461,0.8301027535056114,0.5302490198305393,0.5455504853804134,0.6801242359384349,0.5645354346515448,0.6093506675137912,0.6569870641388754,0.520384931575234,0.4806496249701404,0.6662308912570296,0.6675732802461506,0.5324892259563202,0.4821413950194065,0.7074093633773033,0.5313196896853281,0.5963049597457146,0.6606374820351218,0.6205066537610469,0.4609443752958348,0.7021936790201874,0.7860522561732983,0.5324892259563202,0.554033995545203,0.7195427366921114,0.5106598796542703,0.5458662781494305,0.5737850747921948,0.6163160220159218,0.452888471125397,0.6154753563802026,0.575183503330108,0.5324892259563202,0.4907984044755217,0.6705543974393724,0.4876295439865779,0.5973997939567087,0.666225436383347
005_NAB_id_5_Traffic_tr_594_1st_1645,0.4142632528296017,0.5279738891572646,0.4812403159254622,0.3950783322142237,0.3673167461554489,0.5310792377903464,0.4689020840018969,0.5686511483567351,0.5616450938256107,0.391761327717932,0.4881091013072766,0.394145095248876,0.6119509107835299,0.5710820917675224,0.4426614033045298,0.5488888088299599,0.4910709935886535,0.5325517469003971,0.4739938186769122,0.4694435953071251,0.4781846776214004,0.3953142944865267,0.5497713003554512,0.5462082320524392,0.4402025037533729,0.5166894762158268,0.5436122747596196,0.4996460393765148,0.5417902309588115,0.5986856808359364,0.4650027204409331,0.3877589209847958,0.5000966674978321,0.5242879657463042,0.4375000386358039,0.5275411030672528,0.4396559230365263,0.5977859076166304,0.4443059216378445,0.4777220184548119,0.5175152926213848,0.3842074652216694,0.4142824580825134,0.6040925736813232,0.4431189899267336,0.5422342096414576,0.4964703612138346,0.5246480046069302,0.5182705337847414,0.420914356995393,0.4865350520406954,0.4057112996300418,0.5386445747821809,0.5975702680568815,0.4431189899267336,0.5213084685212998,0.5401307791419149,0.5189204482162098,0.4311168217928711,0.4110593490112285,0.4509663956275657,0.3936243360649505,0.4209319980931925,0.5639453234329774,0.4443074329448071,0.5035586604429984,0.5477797685401393,0.5261036686648669,0.5168438180478523,0.4058724597989295
006_NAB_id_6_Traffic_tr_2579_1st_5839,0.4209395043818864,0.2635086187391667,0.7065104096231998,0.7720094378532139,0.7223055832769397,0.7672417072392365,0.6608566078400774,0.7152523637147588,0.5654939574131361,0.6482833217476015,0.4705357733134709,0.2470371142972752,0.5246341322246721,0.574283154794338,0.5329885323905479,0.5590909575465627,0.7293270536327082,0.6620314577654094,0.5983903113321132,0.5200217520826597,0.4352422317078656,0.2588362531373785,0.5617763889767415,0.69352243340792,0.7456225787868445,0.6389940659099446,0.6570122185741349,0.7273917574042915,0.7190158452231957,0.6471858657506386,0.4673610107637945,0.2386867739337771,0.6136589079208861,0.7249287597234261,0.7076231407770885,0.6893053732932267,0.6502702434696651,0.7606097330309313,0.5846683849458694,0.7291370154681241,0.4700321856848216,0.2444068443231011,0.6792026781943333,0.7493937821831747,0.763657954924868,0.7347303414730394,0.7199314279373816,0.7317539754101454,0.700112099099757,0.6582925791489579,0.4706538224185274,0.2636908781015246,0.728568505617617,0.7182618668788842,0.7256350353223346,0.745434050056556,0.7404958852230836,0.7479132230862268,0.7779794316480135,0.7149721464545237,0.4638544935130149,0.2381880981818695,0.7352653145115232,0.7615761195087433,0.7026357397335781,0.7256125267990263,0.6542583194769391,0.7199266081966876,0.6141932483758821,0.6434188271045336
008_NAB_id_8_Synthetic_tr_1007_1st_2734,0.7828928873959233,0.7288385905305979,0.7334424753487584,0.7456035935621761,0.7221803745787846,0.7651191302218613,0.5028789872580958,0.7454110334015204,0.7333821525526827,0.7320672858952751,0.8251184135458495,0.8123196027952304,0.6155058532022836,0.6414548739648074,0.8398878349655,0.640504334319284,0.0444542789057493,0.6341276869790453,0.8350712750911031,0.6027113947828314,0.758133304792763,0.8139347397818706,0.6340313889459014,0.8168292223567278,0.8387272546117372,0.8227754460525704,0.0444542789057493,0.8168637675550732,0.8113122648185158,0.8058765016937471,0.7864239951455407,0.813023734021656,0.6116496286639803,0.8180296072178135,0.6071735351220235,0.6539095992083254,0.0444542789057493,0.6204273267253563,0.7953865722769922,0.5961750676010873,0.7648834494416326,0.8127755983766893,0.644052761542644,0.8065581524644903,0.6073363192449319,0.8492056672555528,0.0444542789057493,0.8418493064542024,0.6477291243239109,0.6069807747623744,0.7624846840694962,0.8115920563241799,0.6399300354723403,0.8173315340864313,0.6072426974985263,0.8240981760288961,0.9894464700423784,0.8141143850991646,0.8129452070153437,0.6127306247731522,0.8030777316677588,0.6460260295373673,0.8505820961871398,0.8166831226884623,0.8400372440490553,0.8180846899841978,0.0444542789057493,0.6339115724396284,0.8114051462661279,0.8172498013230008
009_NAB_id_9_Traffic_tr_500_1st_438,0.6224863282762944,0.8146753716430297,0.5585575819997513,0.673402987625776,0.6352834991691135,0.6611384171372768,0.743403081411197,0.691047047718876,0.707154635575601,0.6333105209748527,0.7791450557276511,0.8213078335139509,0.5940237087776212,0.6520686478539784,0.5055656461885691,0.5778679724240766,0.7312045602140888,0.6509564746595154,0.6158825904732399,0.6744672727811504,0.6206016493041756,0.8220273194156814,0.7073004286301936,0.5885912195256222,0.5437766673110737,0.6713195264650237,0.7739363912583465,0.667048667030283,0.6134439895018904,0.6773809382685835,0.6059054650714756,0.7864636393545319,0.6597737050360427,0.6353074446160789,0.5276483786228647,0.704010740720543,0.7096060745731231,0.760796559174005,0.5870403744530781,0.6469375813428152,0.6059054650714756,0.834157090737456,0.5934032605053303,0.5265129516706681,0.562243906559671,0.6532514284960992,0.716780541521309,0.6590201749991502,0.671868471000415,0.7341933812369908,0.4876133784653358,0.818482593154554,0.5649780580092939,0.6008845082876676,0.536163622950241,0.6171224990965599,0.703611436958123,0.7385193513521372,0.6714476000884043,0.7810745392356381,0.4664191751152247,0.8254129964671292,0.5550106306377676,0.6605211201192414,0.5492110493898572,0.69088636921108,0.6970278268131532,0.7129152427999343,0.6672742987683878,0.6623994299899604
010_NAB_id_10_WebService_tr_500_1st_271,0.5448540283215426,0.7885660136263102,0.4333662495563423,0.3854722576713403,0.4280055802519584,0.510351741223892,0.5175420468915751,0.7812123474155009,0.5077398689196144,0.4592053249599847,0.548330996366349,0.866002966392728,0.7390633185357248,0.7059477119873259,0.8404608535457965,0.526016868918351,0.5175420468915751,0.6385429922191241,0.6034652929362309,0.5625392055453041,0.5496312010578953,0.9209646554109,0.6286618155046677,0.6859058400978705,0.8362166818591389,0.4450965124853092,0.5175420468915751,0.5255048356599095,0.5443216677155379,0.8761950581295308,0.5975938787007489,0.6743479331136432,0.6290247519996117,0.7399381461550986,0.8492348849039221,0.4672630390597709,0.5175420468915751,0.7012100505235981,0.5846605043882468,0.6518411033886438,0.5954759422769197,0.812068900358929,0.5937032185021778,0.7258950706591918,0.6678133268905838,0.4566502703095074,0.5175420468915751,0.7422735932372552,0.48613278106244,0.5991122404018039,0.6124227419940269,0.8297501583762288,0.8678098055159761,0.7057711479351714,0.446759455970489,0.4680357653954135,0.5175420468915751,0.6124694306206478,0.4768648301893396,0.8394064028386586,0.6194363844096181,0.7812350327607361,0.5447854682185509,0.6808864917798555,0.8404608535457965,0.4616750223220983,0.5175420468915751,0.6519272623589969,0.3804382808164468,0.8542625429810494
011_NAB_id_11_Facility_tr_1007_1st_1526,0.4846856626929027,0.6680965347985459,0.6771441413269607,0.7991182634811679,0.2123727116219327,0.5476505180593654,0.4476726393948101,0.7480783600495334,0.5320941805931629,0.7126328682574798,0.4959969705174585,0.4761991202820086,0.6418914369867325,0.8038679367030892,0.2123727116219327,0.5902286753818158,0.6446900896232041,0.7280533446855226,0.5693229239026808,0.653815722184862,0.5041729344325537,0.502152887154071,0.7224981355092368,0.8178459423833602,0.2123727116219327,0.5382479895994707,0.5749773870178074,0.6941114640857098,0.5624605928885381,0.6826458152377844,0.4812973700481588,0.4968177118341521,0.6914032759843682,0.787977514425177,0.2119441082120401,0.5461831944679914,0.5657509555768756,0.6844551320583401,0.5249828993689658,0.7198702578367313,0.4516112246417841,0.5018044618650637,0.6723585704087237,0.4201718277180953,0.2123727116219327,0.5851660484608032,0.5806837405761487,0.7380239519074621,0.5739291061121536,0.569759415975296,0.4533511814453104,0.4825773092974663,0.6896495793090859,0.8272922257342477,0.2131488411483671,0.5564557389716525,0.5624805150590957,0.7468010015964154,0.5594577879782023,0.6995320121196605,0.4591811630345954,0.4919923433567129,0.7215858065241834,0.8030246150847195,0.211510781720958,0.7114134837652634,0.580556772216264,0.7412770271208563,0.5834575072631696,0.7283539227710546
013_NAB_id_13_Traffic_tr_623_1st_2084,0.5774625130081338,0.8457105569087061,0.875933389216837,0.8541129327415258,0.7748684212214646,0.7516831343251125,0.7775414766198192,0.8982276433827954,0.9279208281853778,0.8871838389765067,0.6568475041198232,0.678786623140596,0.4953568691541984,0.7326280136862496,0.8044060127845019,0.6994837450776697,0.7821301072561911,0.9237754778759968,0.8763209285531162,0.7579481956229596,0.6707228677285352,0.8374918776687418,0.5052746176999029,0.905373764974694,0.8010840498931471,0.6548663489055627,0.7766536039424166,0.8688818164285406,0.7914243581112881,0.9049438111336544,0.6330957471095812,0.8245656303828253,0.517327817864257,0.6323165463843268,0.8085500118506459,0.7568498503287463,0.7769151952071126,0.8987087692810565,0.9113619361898084,0.6622669509831306,0.7149420836734902,0.8273224469702469,0.470026811259479,0.9380715107621036,0.8015197250824674,0.7449466236394272,0.7695632515067826,0.9244231749902572,0.9301765540311564,0.8391065700182242,0.6520348709056615,0.8210278812256993,0.4843111687268366,0.946975476096419,0.8011925814308744,0.6881100514559984,0.7820175143857498,0.9459949214693588,0.93638426468084,0.8446459930433349,0.6217586303640509,0.8274525994940286,0.5140135187591057,0.9122929401522514,0.8222559381330744,0.6898980911731046,0.76927422317923,0.8958076286786548,0.917742650347366,0.7772965580214732
014_NAB_id_14_WebService_tr_500_1st_1045,0.5034929103989028,0.5010330927164921,0.417190252195649,0.5773107127979537,0.522178098624161,0.5663231798985923,0.8642944173562265,0.3832140239310742,0.5167240790784239,0.3061799377606657,0.69609135736725,0.4150149676450667,0.501244077246285,0.6562478058800786,0.6750089358259513,0.510515822839764,0.8642944173562265,0.3870064572262099,0.5702031452385253,0.471230174513391,0.4678224798457668,0.5228751855173214,0.5144709294168754,0.6491979144481322,0.6735445823147505,0.4959005427223845,0.1542968177767692,0.4035899029213652,0.5029151090598597,0.5334395620729685,0.5766453906587923,0.4474039472603542,0.4721052529413885,0.6787920282663538,0.6735445823147505,0.4959315181291526,0.8642944173562265,0.447160657385563,0.4774584203666257,0.4912278350267702,0.4574654074670768,0.4576260718759898,0.5423910152592962,0.6038782444785252,0.672486539548082,0.4591013076749062,0.1542968177767692,0.3870294453142965,0.4560918607255946,0.4235281808189572,0.5152701619671891,0.4578998725486274,0.5356904537171844,0.6438364416384745,0.66869601755754,0.535839582153649,0.8642944173562265,0.4136995034234871,0.5101532640510403,0.4645118585808949,0.5909325656914449,0.4282006924069177,0.3155661624428066,0.5938328483659622,0.4869062033701408,0.4332747176210856,0.1542968177767692,0.342193044364923,0.5507916415850765,0.3604484094339522
015_NAB_id_15_Synthetic_tr_1007_1st_2787,0.6504433014058072,0.5024504944466951,0.6514506494261574,0.5555220003464453,0.6391183775088972,0.5701845370087938,0.6467879594746742,0.5126427146030653,0.5034418033406122,0.436156879933309,0.6796919490870034,0.4297703775870878,0.5616031858999156,0.6347648828836875,0.6528014688719118,0.5093225415207627,0.6187276891045994,0.6056982505053571,0.5679146620467209,0.3594205150852592,0.6466232296184312,0.4372272097207997,0.5585054249543594,0.5814242370134607,0.6391183775088972,0.5412533863004679,0.5036943138369905,0.489854958934661,0.6065826234394831,0.5005350379444445,0.65385807028094,0.4739545431975553,0.3572389423718441,0.5500179647796518,0.6388791555544402,0.5446069305378775,0.6256901818938627,0.6222957367870809,0.5131592128664189,0.3637874765730108,0.6696216807799622,0.4463368253470984,0.5047657227796002,0.6904061342983518,0.6391183775088972,0.5427134427925053,0.5261390601586653,0.5729443848650342,0.5063152552814104,0.3331402688251162,0.6591337557842226,0.4627084393967363,0.5623075007495836,0.7039200758181258,0.6391183775088972,0.6086292778368194,0.6151623982016025,0.5710761528869874,0.5343502988207841,0.5176290419075863,0.6773540995588148,0.4590915698629244,0.5213748335925315,0.6280301357450907,0.6391183775088972,0.5851277894944996,0.6304969497620573,0.590164800295215,0.5581385571806462,0.4876784753778627
016_NAB_id_16_Environment_tr_1816_1st_3540,0.5676573673189922,0.6234800218562541,0.666687246469707,0.3642029112535304,0.4700196544566479,0.6813318177965882,0.5040653929538126,0.7463427000061112,0.5500535211901173,0.8485668372529412,0.5493444299665231,0.4267582426758323,0.650443861559741,0.3991235703979862,0.5086584365114089,0.5944316457600965,0.5390797595536845,0.7099635217264791,0.4965979408818056,0.8237162671010027,0.5031307244442003,0.3872551310381407,0.7063496012422258,0.5159961545593871,0.5118024887565275,0.6323491534338365,0.4351049477501718,0.761752338482125,0.6376919316634142,0.7835438626808441,0.5260422207079017,0.3105396681257418,0.8143017576843056,0.4033697055363349,0.3253206293716638,0.6159315261540735,0.5986813332942987,0.6932225052300808,0.5479703669285474,0.8277319042830333,0.5058202642572321,0.3595856603501475,0.736362370129299,0.449772379888241,0.5375135434206713,0.5764701439663275,0.4719534994242355,0.7123675676043236,0.6009201492465718,0.7245073334806538,0.4852147033027996,0.4266501130052408,0.7401118457111945,0.4123210927949177,0.5256687305878049,0.611886553962568,0.4010323583096724,0.7071391340386285,0.5251458610650751,0.703999895342135,0.5036808390594688,0.3651210857429671,0.8027316724236396,0.4863539877557242,0.525897616630739,0.657523712858492,0.4108053618668342,0.7273874496546004,0.5415376461529272,0.7219648959636639
017_NAB_id_17_Synthetic_tr_1007_1st_1805,0.3090186873698551,0.5304919420512878,0.5304919420512878,0.5304919420512878,0.5040932167430016,0.5304919420512878,0.5040932167430016,0.5281161262534774,0.5257403104556668,0.5281161262534774,0.2844228405660647,0.1821802539097268,0.1845656774344613,0.1933026826728135,0.0605954788634382,0.1452246081548383,0.9894690664957894,0.1821802539097268,0.1885702935568437,0.9082560711169444,0.3147162722056094,0.9082560711169444,0.9106222656749292,0.1933026826728135,0.9894690664957894,0.1909364881148286,0.9894690664957894,0.9058898765589596,0.9018852604365772,0.9082560711169444,0.2811297945268096,0.1797948303849925,0.9106222656749292,0.9106222656749292,0.9894690664957894,0.9082560711169444,0.0605954788634382,0.8971144133871081,0.899499836911843,0.1821802539097268,0.2648792708495857,0.9082560711169444,0.1909364881148286,0.9018852604365772,0.0605954788634382,0.1845656774344613,0.0605954788634382,0.1909364881148286,0.8971144133871081,0.9082560711169444,0.2887656819846401,0.9018852604365772,0.1865554743740738,0.9018852604365772,0.0605954788634382,0.9082560711169444,0.9894690664957894,0.8971144133871081,0.8971144133871081,0.1909364881148286,0.346588396437793,0.9082560711169444,0.9082560711169444,0.1933026826728135,0.0605954788634382,0.9082560711169444,0.9894690664957894,0.8971144133871081,0.1821802539097268,0.1865554743740738
018_NAB_id_18_Facility_tr_500_1st_669,0.5185498361087315,0.5358916668301521,0.7756646572095802,0.7623146439027417,0.5920428559901001,0.7771765955143997,0.385528978566881,0.7281824451680639,0.627218452410941,0.7593634891907771,0.511095827703636,0.5280312442276961,0.6260256454448578,0.7623146439027417,0.669828943290665,0.7113384617806856,0.3899504747776601,0.7789406676795744,0.5731930166616691,0.7836221285392767,0.5317358333838539,0.47119907041892,0.7761015829640391,0.7190775812509698,0.6640174599486998,0.6939840000862337,0.3899504747776601,0.6944973026976745,0.6788027700515392,0.7252136707648309,0.5025582031581727,0.5618505250763995,0.7208972223260954,0.7467628128027715,0.669828943290665,0.715059728920549,0.3899504747776601,0.7041252747367402,0.6546975501597705,0.6513967326850071,0.4424279294545726,0.5953574839008755,0.6856978441452731,0.7883245322438477,0.6647280876075604,0.7603622988166984,0.3877397266722707,0.765808245253509,0.5105023446841825,0.658763203272073,0.4151630263931585,0.6200013235462273,0.7097953263822733,0.7516626927252517,0.6640174599486998,0.8287610199491504,0.3877397266722707,0.8312654319034329,0.6530240653861611,0.6919675936152615,0.5059942568401732,0.5845225339578518,0.8548162478786903,0.7633293247199353,0.6640174599486998,0.7610822085991982,0.3899504747776601,0.6918069008945287,0.7047018432166995,0.7119792317340679
019_NAB_id_19_Facility_tr_1007_1st_1171,0.3370120025027312,0.3070241237124482,0.2818153389558475,0.3113184975232916,0.3037881212614717,0.3656804109359077,0.4844564960664539,0.3472174313618381,0.3793709850144628,0.2442091475109945,0.2776866822984421,0.6338548306354995,0.3079858116408418,0.3619777098386734,0.4889592719926097,0.3479901429519452,0.0355759984603959,0.3543215591397988,0.3808499962631715,0.3512284499489092,0.3237778376913638,0.593028505300313,0.3111180313494848,0.3506668533087442,0.3740664111394606,0.3416604910074831,0.9338722484288848,0.3600023863776518,0.3913274992929587,0.3111195035025591,0.2967803321501754,0.6409365074512275,0.3278673615445387,0.3560905055929908,0.3042045325431508,0.3496112820124993,0.0342421569969813,0.3603614640197581,0.4027936206890092,0.3152324842819474,0.305174117091997,0.6419371959719622,0.310537479237037,0.4105156575543654,0.3609193129606362,0.3294745632166713,0.0355759984603959,0.326076196937678,0.379097179881094,0.3554119422156385,0.3275020454170702,0.6797484885380976,0.3077092194733214,0.3277007153664251,0.3290378445073444,0.3231936595778271,0.0342421569969813,0.3709409212302423,0.3646782954776655,0.3125908835949618,0.3661098342482936,0.6189705581529515,0.3024071796552676,0.3487726558054536,0.5171552419132043,0.3247980726184403,0.0355759984603959,0.3471698702590071,0.3659544416234493,0.3541987725563564
020_NAB_id_20_Synthetic_tr_1007_1st_2679,0.6172865522759091,0.6724841464784627,0.5945466872071771,0.844581519867136,0.2920885325554749,0.863644191254835,0.7775993464454024,0.3523079914270284,0.3694529823880118,0.4841244292290506,0.6646303515574106,0.5711636736669998,0.4037190562580035,0.8772019576008034,0.2951403729999168,0.8351245006026803,0.4328976404314656,0.5036009258287829,0.3918303540293033,0.5567968810702225,0.6411399559844803,0.5415694742717101,0.2867082272544997,0.839801813329662,0.2930528891461919,0.8610778062048335,0.42600442666556,0.5433412486394702,0.384793740712131,0.5499920481805203,0.620383510163523,0.518227776360515,0.4968135758827321,0.8502808734315129,0.2876175094867409,0.8617066208738283,0.4358881860916588,0.470620149588828,0.5136432944122443,0.5962663558085918,0.5622601476310469,0.5195884537073655,0.7426678211085431,0.8181828737435201,0.2920885325554749,0.814592454665513,0.4108863357040862,0.4095285344432318,0.3500324705976364,0.6174182721192939,0.5233368251038091,0.4977147586876155,0.7678848925326308,0.8513485784871963,0.2920885325554749,0.8710776757240933,0.4280784000080478,0.3647509762428711,0.3622569420148068,0.6989275368593028,0.6463664173916809,0.5234582782534924,0.6819108731628105,0.8438165074190931,0.2930528891461919,0.8794497818070439,0.471824928521888,0.3748458205721255,0.3645054117245168,0.6277507471048566
022_NAB_id_22_Facility_tr_1007_1st_2980,0.8823841702813684,0.4356173894083532,0.879143780701639,0.5010003814134046,0.3407331406546211,0.6618579863622861,0.4149164554793806,0.9007690692810932,0.754134392528202,0.8748975575974886,0.8835085789039889,0.2239823433932349,0.9596702155394368,0.4519616518003114,0.4077507785019359,0.7074191314181684,0.523704246976214,0.8791213010282968,0.54957409693957,0.9523366414066798,0.8193735056236274,0.2153416462855181,0.8021212415354845,0.4654492248115248,0.3111453125860803,0.6582389866566613,0.6272712791102925,0.8990644606873837,0.6563336271568613,0.8072864835717964,0.8109536512645426,0.3611768952363369,0.9465127374724304,0.4554616944027769,0.3167303301719877,0.6749211060903653,0.6272712791102925,0.9015291865060656,0.6829613767017344,0.9464668902878934,0.8268140927056579,0.2783729260566991,0.9568245987837152,0.4305791385869945,0.385981275218638,0.6928823941606227,0.6272712791102925,0.8886503885031601,0.6213884291978667,0.807593664480897,0.8588303012611685,0.2460236034968844,0.7900870807607268,0.5093910877839369,0.3456320581866507,0.6898528343263353,0.5619098439815624,0.8890079791528254,0.7521299635247483,0.9436635911334106,0.8695995617073898,0.1883620526451984,0.8032600634763186,0.4770065145602277,0.3382376452512139,0.6494490750293637,0.4925378478192326,0.8924336336806149,0.729913943317558,0.9478356868339765
023_NAB_id_23_Facility_tr_4512_1st_16551,0.552642940982233,0.8032573070595758,0.822460719003455,0.8969306564996544,0.8554447194284699,0.4803505924360735,0.5617678779827141,0.7650908094632923,0.8822270116003967,0.8261952285974328,0.5173751312958206,0.7758922792279256,0.8319881840930619,0.8936680022820163,0.7872444597848685,0.3173570098980446,0.394008085927682,0.6243443052285582,0.9039607652142448,0.8327579370554818,0.54699701455063,0.8164869160753654,0.917666500095246,0.8783448630508844,0.7869995363324629,0.3334967484553242,0.4205728183994134,0.7214895393580497,0.8790670012928504,0.882530828119182,0.5329915417674064,0.8054942554701999,0.926919360292798,0.8989579092243661,0.7873766315972243,0.3396001644155592,0.4158549038578175,0.6499587343935697,0.8672052363719119,0.8093516793891121,0.5386851612668178,0.7874588118328861,0.9257498854542962,0.8713911410817978,0.7872954364325929,0.3118064521674065,0.407993355149515,0.7113138986897047,0.8677692655384779,0.8172927644738421,0.535268989567171,0.835382347773006,0.9478196481802984,0.8563092034618259,0.7871228030683585,0.5213496808689615,0.3729925909006554,0.6361809120834844,0.8954002359405366,0.886016710630986,0.5492433140670006,0.748324811000005,0.9456171287030528,0.8897575423989896,0.7877806197115468,0.3164556834970101,0.4294817592290802,0.6153497557489506,0.8724645309643642,0.7971595696973086
024_NAB_id_24_Synthetic_tr_1007_1st_2787,0.4378938546480116,0.5064331866870356,0.6059243543137153,0.625482987992843,0.5732859030073222,0.6076457775151453,0.6524817111741618,0.569639442920315,0.6032439179114928,0.6042053236905099,0.4736472867637471,0.4494929811552861,0.5990207206198431,0.6506357118055832,0.5732859030073222,0.6135594070692669,0.6728945445691857,0.6918182714630604,0.7203029357546736,0.6233610694857826,0.4595543484987462,0.4720404615471035,0.5851532040077445,0.6733336542332807,0.5970178678445611,0.634108996948404,0.7327321078616592,0.5107591040287665,0.6908522139839938,0.6880174818495111,0.4780499607947332,0.4671022401141363,0.6608361798357274,0.702798233523355,0.5769349318012895,0.6238003353392906,0.686003730347168,0.667216127090823,0.6981534633287236,0.6258559557234843,0.3976983107967837,0.4770589565067785,0.6404611637435953,0.6927678744939565,0.5732859030073222,0.567810569172418,0.6446047894472413,0.6115107519564116,0.6652484878601997,0.6208707596674704,0.414164597543994,0.4642280485818059,0.5973439343665582,0.6680580542322201,0.5732859030073222,0.5913516815789339,0.6791574870529398,0.6167756197105804,0.6476759325203751,0.6253094015091738,0.4566973841166563,0.4810230197091747,0.648148054117225,0.6420449618247409,0.582077966750042,0.5801680036684295,0.6620724443024686,0.5894608130274898,0.7534853493440675,0.6094153342393677
025_NAB_id_25_WebService_tr_3958_1st_4614,0.5029172606175002,0.4819333356501134,0.5426552179887759,0.4793909812485991,0.4059752101791818,0.4997683110236057,0.4291260929040257,0.4983460762017407,0.5224193548908816,0.5784281044601794,0.5586287188320113,0.4896802301020813,0.5866302835496229,0.5017193219388401,0.4131619279194808,0.5479164822570475,0.4596354094568318,0.5395632449486243,0.4964335411113159,0.5530486480324638,0.5779788473492117,0.510680612348743,0.5360129881174295,0.4955801140094356,0.4061944919657974,0.5561596126663445,0.4480160930919831,0.5084866545368343,0.4802536020990125,0.5558762621516218,0.5759970821771853,0.4944897551619225,0.6173655484966821,0.6028654382666078,0.4133177200466966,0.5619828723523916,0.4505218400139283,0.516347665047957,0.5242252132261178,0.5362838293304275,0.5462505161376882,0.4968984068720985,0.5803124143577395,0.4977348419806793,0.4130083416583424,0.6088209350830084,0.4657068170586005,0.5056026254006052,0.4949101372089675,0.5323041802184532,0.5746432245366032,0.507595658701557,0.5163356219832081,0.524894087454836,0.4126382536435957,0.5501745887322569,0.4741691726026849,0.5334604754368943,0.5499396841541258,0.5244085448984059,0.5902559893018476,0.4839784814151102,0.5789796987181375,0.5139482486485045,0.413317233276541,0.5463796697658113,0.4674340787087987,0.476201692356847,0.5203195530212461,0.5656645032975044
026_NAB_id_26_Traffic_tr_624_1st_2261,0.3727925493892241,0.4609979942364756,0.608889334645335,0.5420516272273368,0.4967837550957149,0.5476975103262254,0.4960224603466074,0.6803740939779731,0.5594405961774664,0.4571200409507147,0.4375859959378922,0.4202624750486064,0.4976646276108483,0.5614362380940656,0.5516340911118943,0.5552070190498166,0.7889633721639067,0.5618218017361631,0.6042752415398138,0.5298892712609611,0.5190907465096434,0.4324591824385895,0.4987096894347542,0.6136103001080772,0.5527038750473446,0.4011272845293844,0.1908936892291193,0.5985764717325514,0.5704730465620325,0.5047093775778685,0.4944192897919014,0.4113354287268187,0.5261865571789486,0.5764545232011378,0.5529161112355103,0.5086479991973297,0.8012835109708039,0.5602626196328578,0.5636746117115762,0.3876812933963551,0.4776213750486716,0.4024420871675239,0.5086577802430198,0.5614202809110924,0.5533651102911548,0.4765959773036776,0.7889633721639067,0.4868428184856454,0.5832106813528305,0.4769771159224395,0.4273589057266352,0.4151079165743197,0.5168736297457156,0.555845975140093,0.5531091045670622,0.5372853773728993,0.4898623909431587,0.5299964274169804,0.5576557022189972,0.4131000486845038,0.4637157215425427,0.4074641803471371,0.5133952834517922,0.6017750515274847,0.4695854762320245,0.5346169066581001,0.5021825297500558,0.5659190003569456,0.564661271646664,0.4543345316828159
027_NAB_id_27_Facility_tr_757_1st_2582,0.4525738219432652,0.6447448007392256,0.6867611524873573,0.4470669680993603,0.5606131427792488,0.572528216660417,0.3416875209372539,0.4862457812552219,0.5433575028403914,0.6771278441344102,0.5315513975241898,0.6624914310725488,0.6237064598458079,0.4612384677584788,0.7185168057150494,0.5184307099273322,0.7682463953545325,0.4942956193180726,0.6412419705273943,0.642613069209973,0.4912975435419702,0.683527559137523,0.7056934770915099,0.4711632535808292,0.7183829629963288,0.513678208319173,0.3781513370526727,0.4716475455840772,0.5210175566023638,0.7092041788826977,0.5134374902870494,0.6600794864851671,0.6700437381498803,0.4673874932038893,0.7174351552368459,0.5579903997497542,0.6145348916503935,0.4905758839017989,0.5700916415786116,0.682385322399239,0.518886850611095,0.6649027461592971,0.3907424356337715,0.574189739965197,0.7182955545887321,0.5388299335193875,0.3416875209372539,0.4660668723544802,0.5949593218718059,0.6991167507080738,0.5004001529119434,0.668093055453326,0.7224274638181372,0.6067900072909301,0.7183829629963288,0.494635930516875,0.5347164072188952,0.4720147157692699,0.5127401195755004,0.6716953093776364,0.4956047714879563,0.6692987136217939,0.6783365156738385,0.509163809152622,0.7167194234977047,0.5243652900116128,0.3416875209372539,0.3953637056201956,0.5966414132417978,0.7113282885916592
028_NAB_id_28_Facility_tr_1007_1st_3447,0.8605691906017012,0.6334863424923646,0.5365753239239172,0.5709773946901582,0.5797680493816392,0.577015605755498,0.5123376603450445,0.6910897162709346,0.6706208790012562,0.6367543668137124,0.792423006941378,0.6122425406617467,0.6115439316095274,0.6050167685979041,0.6245897249268184,0.5442125469598164,0.9937350658972468,0.6635604026495805,0.620963727353382,0.5904387211407998,0.8968266464707022,0.6605281826788795,0.6190113903435692,0.5986723184191535,0.6313122262632296,0.562723989199075,0.1474412363233428,0.6733109699038146,0.6643268132781144,0.6311442492219991,0.7792734761846203,0.5983431034455008,0.607920581323977,0.5506999887768377,0.6252305287220308,0.5502978952738419,0.1474412363233428,0.6718491072147823,0.6733874325454854,0.5945970044954897,0.7421955158729541,0.6284264872914305,0.5797322312924746,0.5265165687741292,0.6193543746796377,0.5356134395405137,0.1474412363233428,0.6285386679923328,0.6673908298799335,0.6025205455982434,0.8256499076660466,0.6061448705434349,0.6119402700255487,0.6034476657589535,0.6209520894270465,0.548455924658253,0.1474412363233428,0.6983716846473869,0.6449592331640113,0.5987773806369505,0.7823092014845724,0.6076076439310985,0.6279130075339062,0.5585605588502419,0.6193335580103992,0.5394278317790469,0.1474412363233428,0.6826119570001835,0.6770720635287711,0.6017698686888192
032_WSD_id_4_WebService_tr_4559_1st_11822,0.5809817405216456,0.9498702399142688,0.977721309102553,0.7352274748439056,0.1825523565835093,0.8213559965149878,0.4830646833815848,0.8625958394056762,0.7093136822548813,0.9751893937218,0.6999739366820541,0.9144234245837246,0.8865477589076008,0.7383540290061513,0.3507394641919024,0.8107870564652646,0.6696596202834055,0.91127227393364,0.8681197509315294,0.7313081464749016,0.6049712216206653,0.92708300148749,0.6803819205879107,0.954934070675775,0.7117110396184887,0.7023747758572265,0.8881971172349334,0.7953988052004879,0.7270370899201537,0.9442117703712692,0.6252265446666906,0.9574659860565278,0.8637605204808227,0.8548221365207956,0.3563979337349015,0.7981274795614991,0.6915454994191266,0.7757381209359557,0.752356243727685,0.977721309102553,0.7294465760639957,0.9574659860565278,0.8305577022591036,0.8421625596170301,0.3563979337349015,0.898637293517713,0.7177472102800786,0.7858657824589683,0.7042498514933753,0.9290202780867508,0.7791925102840399,0.9524021552950216,0.974594754940307,0.859885967282302,0.3507394641919025,0.890600268848743,0.8015883361168603,0.8662924358615761,0.7219732591586473,0.9474916847882976,0.6252265446666906,0.9473383245335152,0.9878489706255656,0.9282476825626368,0.1858322710005374,0.8215093567697699,0.6120202053075761,0.8207179590080196,0.7143775130163879,0.9903808860063186
039_WSD_id_11_WebService_tr_1746_1st_1846,0.5625754231071188,0.773548116489886,0.7454622270905383,0.9209474629769449,0.7741812717849901,0.959027090328632,0.8258432669980282,0.9558912133517142,0.8908507470430556,0.9605331414278832,0.732472899984633,0.7612363931548258,0.746511482253918,0.9849483573681056,0.7728483616920706,0.9552916873904445,0.9224875912315426,0.9135819145783532,0.8874716903866002,0.7697595613581849,0.8460992177215092,0.7974937092592992,0.7478554158565034,0.9853721915732082,0.7714758386901551,0.9620649335930448,0.9019242780711364,0.9492814477090404,0.7749006275584848,0.8565778552664929,0.8391919338576821,0.788011508656162,0.7458125532785546,0.9838794625414587,0.7750402404218392,0.9622867602506844,0.8954029123751013,0.92489510958095,0.8726233586306673,0.914504358493053,0.7738812972535202,0.7796301352269323,0.7483713641884248,0.9803319373895922,0.7742005843249347,0.9540907696158342,0.8937429325605649,0.95777751655317,0.8948640870384208,0.9483037526227986,0.8933817659918131,0.8133501402301988,0.7491965893781651,0.9834517193364488,0.7715957851193744,0.9518707278305624,0.8911739996885779,0.9594802494273436,0.8822635082922152,0.9680793318821744,0.8020292364505167,0.8277367686025204,0.7470899009263526,0.9813710625740136,0.7718617341263655,0.9628013757815816,0.9131550646618626,0.9575312156377702,0.8817246804770745,0.9789309226560644
040_WSD_id_12_WebService_tr_4559_1st_9714,0.8130548449863754,0.8039571676705746,0.9038006736795025,0.7184956521199525,0.2932723162054675,0.8758079769883435,0.657177471618751,0.9555977929177898,0.9624601213355666,0.8662195460581094,0.807851264268358,0.8086226691251509,0.6255918849906705,0.8978111306385003,0.6406329787867213,0.7600721098926924,0.6307660751330585,0.9056889678928688,0.9361479048087088,0.8164685499990711,0.7860167352614302,0.8103494397866405,0.8572164109262032,0.9650038518861652,0.6918928170255202,0.8340738379294473,0.5710823816874371,0.920370615182182,0.962401951124656,0.8945203421737407,0.7822374907482488,0.8109295615239415,0.8744658410560657,0.9556142651950658,0.3862317165182499,0.8056339313574467,0.5926050176167097,0.9065711140802716,0.966008938178905,0.8567460844592792,0.7610065791720636,0.8081878499096943,0.8780620553910109,0.902074199708814,0.5811101051471304,0.82723445553824,0.58237061869031,0.9211501200121376,0.939685434420556,0.777686763992235,0.8151149769802637,0.810355284103694,0.8991491213152467,0.959740531053005,0.4714041168305087,0.8293094233613306,0.5435128254523244,0.9303749705010492,0.9582798882514896,0.8754876430235277,0.7818012141664211,0.8107122382744594,0.8879400112856274,0.9531544358851448,0.6415038733848303,0.8553279341043626,0.5852668569093067,0.9328507239126202,0.9532113287174184,0.8734739254872532
043_WSD_id_15_WebService_tr_4521_1st_6828,0.5303858123078861,0.9987686030604848,0.9821219037784062,0.9987686030604848,0.5471365998259939,0.6098131437866586,0.8381302528385421,0.9634627871531812,0.9326835497888406,0.9595147665894156,0.4787227066132342,0.9987686030604848,0.5859131516021252,0.996890089937011,0.4607299834157816,0.5032325634949523,0.8616799963293779,0.8609136257438714,0.861867831685372,0.9481137284339732,0.4717971646637081,0.9987686030604848,0.5563444674558079,0.996890089937011,0.4275399939486493,0.5345171446651886,0.8690921162216111,0.9516111888294224,0.9148280639695688,0.9857464473437316,0.4274171425816683,0.9987686030604848,0.5597136198218263,0.996890089937011,0.3872189100756111,0.5103113754526053,0.8773174886680659,0.9272425941557986,0.922346378234883,0.968223835970901,0.4629835199385437,0.9987686030604848,0.8985959383746648,0.996890089937011,0.3613643734933675,0.4951035167117942,0.8794883490252424,0.9094530350251744,0.8941526997399555,0.8051341209137189,0.461392839779992,0.9987686030604848,0.7201357375589953,0.996890089937011,0.3637535060549662,0.5235410853473624,0.8747276555920341,0.851911293044116,0.9650814999089684,0.8923455936558607,0.4481064899708674,0.9987686030604848,0.9385286652551498,0.9987686030604848,0.3613643734933675,0.5232024878034932,0.8747926352993315,0.9493075607065208,0.946295184059184,0.9673537176198016
049_WSD_id_21_WebService_tr_4297_1st_7097,0.2342988533379147,0.5987367899909886,0.6646860355713752,0.9927915034883809,0.1165869968717589,0.5553559531711907,0.1775123187790509,0.8720696157187318,0.919508908090672,0.6466569298871164,0.2317370332818661,0.5889480123395473,0.6628997504716667,0.9927915034883809,0.1029953202836415,0.6117596814632714,0.6426828738695455,0.8125333062158078,0.800593524631692,0.8249649257336147,0.3529934470200263,0.5930703177341474,0.8053241942801431,0.9927915034883809,0.1053922302828163,0.6091597588038035,0.5125123686734444,0.871285070778666,0.909161966727677,0.8093824181169287,0.3463684311172956,0.5836415973633325,0.8596788852829498,0.9927915034883809,0.1096770612490971,0.6079836033277723,0.5124971834676275,0.8315351314906465,0.8747633427010033,0.8208576365796476,0.3483063913542565,0.6006502442937504,0.6369684492306196,0.9927915034883809,0.1054273907093737,0.601369311135188,0.5225661974060164,0.8448307994315594,0.8853263190261116,0.6349222530599146,0.3592167101075469,0.5933647430495317,0.6910291236384164,0.9927915034883809,0.0767548832447096,0.6076641395087676,0.4055995142734113,0.8579599708098021,0.8838062354400815,0.6558479859627587,0.3920504665468704,0.5811385453091739,0.7201913611235639,0.9927915034883809,0.1054692483600372,0.6125177590291538,0.3988098627115706,0.8222336523622349,0.9054594129456676,0.6348861242542669
054_WSD_id_26_WebService_tr_2409_1st_2509,0.700608592452867,0.9382348048731078,0.9677417108481152,0.892452160202154,0.5199411821945883,0.7804965692272646,0.5340418132468969,0.8329434069695947,0.9358313939333572,0.956540656614787,0.6209978548006948,0.9936683206644412,0.5945095097507013,0.9819476571032691,0.2682443448501878,0.7032378157582847,0.5653982085870314,0.6868247700263926,0.9207896085181856,0.8042178179187964,0.6209064975776654,0.9946169994530922,0.5800940903867937,0.9788490244183512,0.2679482249190298,0.6972163129634693,0.6136911867506594,0.8888670658504398,0.7322197060240043,0.9249473509483884,0.6275328690840283,0.9942329852253076,0.7470493591843046,0.9782701847944876,0.3776978029785628,0.6254162627561664,0.6318092343491433,0.8278630202320392,0.8905536230721424,0.9279200839882492,0.5844947815810221,0.992535096680478,0.5359580577960049,0.909216030447168,0.2704302995653674,0.7152396497813792,0.5662229904529436,0.8730007761519982,0.9252812191439646,0.9077643639670214,0.60667390470251,0.9925649805538554,0.9372126051514538,0.9325260438691296,0.2689835802957786,0.7319619729260498,0.5688664244049313,0.962134766730941,0.9420586894701464,0.9849742883971598,0.5776199448937713,0.9938131352169314,0.8876570360180479,0.9821105861565488,0.2696574487450533,0.7642069460316341,0.5364768760128424,0.935602113872546,0.9307228919683996,0.9556421110478608
058_WSD_id_30_WebService_tr_1136_1st_1236,0.3064758173178428,0.8232943926622364,0.9125195282183368,0.9988193185837052,0.2958606223179754,0.9885803294509736,0.8086673155021138,0.9929684877196564,0.9651770059947776,0.9988193185837052,0.2908987702919152,0.9958939031516808,0.723830267973404,0.9988193185837052,0.2464846571804083,0.9885803294509736,0.6007937437624948,0.9929684877196564,0.9768786677228756,0.9520126716713136,0.2123718100057747,0.9708933013212164,0.712128606245306,0.9988193185837052,0.2958606223179754,0.984192241423583,0.5456958990147787,0.9929684877196564,0.984192241423583,0.9446990979706064,0.2362633749503449,0.9672852472087003,0.827682480689627,0.9988193185837052,0.3139985128525334,0.9885803294509736,0.5522642557406778,0.9958939031516808,0.9929684877196564,0.86863829673797,0.3610787544023681,0.9768786677228756,0.9988193185837052,0.9988193185837052,0.2958606223179754,0.9885803294509736,0.588766982560119,0.9958939031516808,0.9958939031516808,0.9607889179673872,0.2908987702919152,0.9893889885582452,0.9988193185837052,0.9988193185837052,0.2958606223179754,0.9885803294509736,0.6285198825273363,0.9929684877196564,0.972490579695485,0.9988193185837052,0.3171975229220009,0.9929684877196564,0.9446990979706064,0.9988193185837052,0.2958606223179754,0.9885803294509736,0.5799904272641816,0.9958939031516806,0.9885803294509736,0.9988193185837052
060_WSD_id_32_WebService_tr_4576_1st_4766,0.4403471430226869,0.9890135321562809,0.9601078578611963,0.8430256110812954,0.0575927805712528,0.4167718745738645,0.4122771553727269,0.8768832017416861,0.9225172078845838,0.9894847601409787,0.4763824510059408,0.9890041237919884,0.7158843271355222,0.9772612604120104,0.0159659734075597,0.4448020904051836,0.5345690930270365,0.8749534383333668,0.8662975360851812,0.8742111394772594,0.4427090387002742,0.989422136919102,0.9282210867409844,0.9800474021385652,0.0159659734075597,0.4540277604397601,0.5817738032939206,0.9248776142744872,0.9310676143325376,0.927668470121908,0.4667701172441922,0.9893562777224252,0.9746019434134142,0.9733266662213572,0.0159550879671758,0.4017756967788778,0.5079659174448443,0.9005639819915866,0.9346183608179452,0.9887646326437434,0.4490388131340215,0.9889699619168012,0.7574973744613874,0.9511313945493316,0.0159550879671758,0.4534672710022516,0.5481516728415506,0.8774362739603813,0.880301156957476,0.8825948060524803,0.4353361278725111,0.9892049537585164,0.9772949038966304,0.9021293738425108,0.0159813917592167,0.4530627467738271,0.5901784389661762,0.9140215312593408,0.9240839828634736,0.9894301035997036,0.4584652106873722,0.9888095871594011,0.9618485917805328,0.9572290174061774,0.0160718819284308,0.4733216312164386,0.5778692684918115,0.94132299317044,0.9237433590978984,0.9894301035997036
068_WSD_id_40_WebService_tr_4549_1st_13322,0.2846910548472517,0.7742289014286962,0.9883877902301208,0.4239927153954996,0.5151660579373047,0.1772499403224016,0.3519629745046807,0.9409104495690428,0.9587520081870148,0.9931579806306888,0.3529227320583545,0.6290580948310274,0.7876180881170848,0.8787688148250687,0.0090934903780658,0.0924477684398402,0.2753681674108125,0.8765380164306488,0.9573091345708294,0.9823295528454806,0.3703072372495405,0.7075931213510777,0.8200474842663199,0.8167979525485248,0.553024956899238,0.1998211115354682,0.2858362743862691,0.907603229295194,0.936581828720487,0.9001392678196133,0.3253276614753256,0.6623759848698367,0.8339485375307917,0.771571029803223,0.4124035335527365,0.1669266279169423,0.2639387427006332,0.9409104495690428,0.9395414690732948,0.9847146480457644,0.322361196693513,0.8289654350638826,0.7039281267537775,0.9311455054233054,0.226701976328135,0.2132434835040287,0.3117841223621337,0.9284951369982384,0.9380247023366723,0.5647153843706187,0.3365867238085168,0.9122601601609056,0.9931579806306888,0.6525101914779624,0.3627179980576949,0.1375554601862676,0.2947847227961106,0.9313341178549328,0.9472800721793776,0.5648973580134348,0.2975339031902312,0.7075931213510777,0.8484598342474436,0.6489927692060621,0.5778915276150137,0.2232754976881454,0.2283755981365561,0.9319896702600567,0.9338657124140723,0.5239465118632783
074_WSD_id_46_WebService_tr_990_1st_1090,0.4048197413945374,0.9604537360453652,0.9744855063958964,0.9037795984727904,0.4017868940671412,0.7462848854967922,0.2300413827754258,0.965111705286512,0.9576644592873664,0.9694789771122112,0.463755648122405,0.9301194849506718,0.719695997818652,0.9159843604135824,0.4897631152383327,0.7650742494291496,0.2248335141728427,0.9551402527405102,0.9572459572532224,0.7107171131055509,0.3902506974678968,0.4389395764580022,0.8909583398659306,0.9279717505792452,0.5391794960856441,0.7753865174049502,0.9165415913572756,0.9555203971247792,0.9605756622465704,0.922203998983627,0.4497996536689296,0.9463546634064832,0.7606716605729158,0.9335403551986918,0.450043085351675,0.7710203304538892,0.9166215938185144,0.94468376071551,0.964663341510952,0.8656091050537171,0.4971420910048842,0.9346759544473658,0.7473645369458609,0.9106344647282604,0.4119941369405953,0.7472513279993546,0.9167982907000344,0.937551584476024,0.9406387129040752,0.9105479039445672,0.4323877678846983,0.9548909706687552,0.9380478707312384,0.919974311962396,0.4225023389500539,0.675096006339273,0.916385350471266,0.9618269033302208,0.960269366121286,0.8191866293148045,0.4322190707254931,0.9616472803210944,0.873988751544313,0.9161830983898048,0.5653229017304224,0.6535810365125235,0.2249020514787763,0.9632132726456945,0.9600749919717336,0.7609825043004632
089_WSD_id_61_WebService_tr_1010_1st_1110,0.6272411313162939,0.9934878287264488,0.9911233443409556,0.9494518505361108,0.7909092554539665,0.8437048386938795,0.8549954850644033,0.9237248369816624,0.9601158041714304,0.9801274694444604,0.5932492232297791,0.9925954959382848,0.5918837493190502,0.9575588978251816,0.7768320230275281,0.8423291051662243,0.9037896569375132,0.9182514823874036,0.9441501627879256,0.7971057559227638,0.6244449374767983,0.9932931648320208,0.5917103341934172,0.7115408587509876,0.7808953264331412,0.8193843112424556,0.8404156772742434,0.9280390892832392,0.9394681967644766,0.9468485905702304,0.6458419614500948,0.9463218587030718,0.5919767182536803,0.9625820269081874,0.7898806010786164,0.9111358865279124,0.9129585003006736,0.918308824045789,0.95814647501617,0.9367229312688496,0.6427876664475013,0.9932168828495784,0.8533599075235954,0.965875443042435,0.7785037228870512,0.8148520683748718,0.9176398857781302,0.9248282276416612,0.935913861182134,0.7898547353221884,0.6169779895014615,0.9934955870251714,0.8633981302658694,0.9667156058018872,0.7910623023480914,0.8241556955973468,0.9053941216487756,0.9232488369471428,0.942872478512614,0.9932169786514212,0.6434626428900232,0.9869276101174635,0.9926656522205938,0.9696595715793176,0.7913449404477622,0.8137310357133799,0.8979640652922396,0.9191966661388912,0.9334471097005828,0.9905754904379496
094_WSD_id_66_WebService_tr_3309_1st_3914,0.5734037006458212,0.9976373242303256,0.4479828928306383,0.9540241586278344,0.4726250389564,0.737095327256123,0.5698931895803083,0.9439364728250186,0.9660967205817133,0.9976373242303256,0.6586383394527358,0.9976373242303256,0.4473612573437476,0.9976373242303256,0.6313280652092913,0.7058109220147293,0.5211718092117036,0.9872871706824822,0.9511619852073688,0.9680861724819724,0.6691473889511826,0.9978823957328666,0.4110679721069282,0.9976373242303256,0.4173019344947561,0.7077123488090462,0.695781367288929,0.8839193287996311,0.8871301873023992,0.8932989947215649,0.6975093223252512,0.9978823957328666,0.8269272784744205,0.9958189124997472,0.5617938582488698,0.6933729644422888,0.4459127733927533,0.9509148421215504,0.9773720236005832,0.9739100301187992,0.7162571212735573,0.9978823957328666,0.850280524146773,0.9976373242303256,0.3242452421738985,0.7496097494281042,0.6515533432031171,0.9446340612214944,0.9486527496359898,0.9009769625255568,0.7099243700829734,0.9978823957328666,0.6573640491973942,0.9976373242303256,0.3234945143885786,0.8181806294972052,0.5747182258297351,0.95965661733577,0.9681439458755282,0.7373396690574989,0.6818082217792036,0.9978823957328666,0.9974774938250588,0.9976373242303256,0.3249584418270637,0.7539148382971843,0.5951646747492674,0.9513707044143144,0.9695637780743036,0.9976373242303256
099_WSD_id_71_WebService_tr_4559_1st_14411,0.8398990980637705,0.99725982280035,0.9834609455378296,0.3491011873026267,0.2623130674841054,0.7558248380623953,0.6150795363429838,0.921965959836457,0.9313740219247632,0.9971011508533886,0.887567733058172,0.9974184947473111,0.7738913041450307,0.9556446519621452,0.1156994538967586,0.7578674123413547,0.5313192763781415,0.8018316638673418,0.9413446485939474,0.9868768884932452,0.8399625668425549,0.9974358044142524,0.5490701313944337,0.8610237998635214,0.6581734465316743,0.737398205496817,0.5219505079337188,0.9124907875374284,0.9579252659419188,0.9904874880033228,0.8399279475086726,0.9973781055244484,0.9077333377795996,0.7446755111197156,0.7554997788449093,0.7531369104214249,0.5683525485388989,0.8958923292294168,0.9600090060809884,0.9917207071831662,0.8398990980637704,0.9982357281824864,0.9013518029079725,0.8296652168231258,0.3080534882800593,0.7815575269041259,0.560287718055945,0.913409465441598,0.9582079905019588,0.9315638334126132,0.8399279475086724,0.9974069549693504,0.9814380167152652,0.9354633674168658,0.6022002142409174,0.719626631292335,0.5937681226064849,0.9028121675549464,0.9542462994814084,0.9917005125717347,0.9973623401615804,0.997343486190566,0.9355822908422572,0.9489740505681,0.1098757685515307,0.7516072782116335,0.5935877680751285,0.9084056965625772,0.9440537715106572,0.997742171879102
106_WSD_id_78_WebService_tr_3363_1st_3463,0.5253048164581858,0.8220184407626159,0.8380088710974678,0.8700477640286148,0.4452843258239183,0.6390835407550823,0.6971330317891618,0.9456567993087014,0.7887157090720246,0.9927373038243362,0.454874999055784,0.33812934659763,0.8421340161005938,0.9084092486388508,0.4489475183005307,0.622219499055776,0.8042474721423865,0.8754631153574263,0.8307344142170946,0.8780875110786305,0.530877058590059,0.5519940046438309,0.9453294044714838,0.7785632925797346,0.4639412441980855,0.6443869584247955,0.6851477697402447,0.9569947120324298,0.8601451011314235,0.937287753269544,0.5226930769005566,0.3494052003014086,0.8472017840101208,0.9238063170082508,0.4966746752364483,0.6027404006863608,0.7239971276505315,0.9463151586414272,0.870439232182851,0.9615606516855288,0.5058843962020817,0.3416268002475902,0.9277161592140312,0.8443485364347355,0.4507904814306498,0.6492957682030946,0.7954847831238674,0.940024251653193,0.8448865378951369,0.9570923528367168,0.4928210162842354,0.3716685339502306,0.8495039129399715,0.8688402972680571,0.4507904814306498,0.6029333736409608,0.7581779782668364,0.97367923962979,0.870075090855403,0.9954161646249138,0.5079514954871803,0.3841510627354996,0.981799219116032,0.8414040981188787,0.5572104917536808,0.6321495841073012,0.788877512463933,0.9612998006454444,0.8630296907653063,0.9447814798695452
113_WSD_id_85_WebService_tr_500_1st_335,0.6468252266696426,0.8085655830814849,0.5653409630221392,0.8958404621580884,0.3221534882285203,0.4139016753745291,0.516653363883363,0.5035326333358097,0.7065975956338683,0.6019994439544413,0.5259832101503719,0.7180025410347863,0.4799497200135028,0.8844342569273497,0.3221534882285203,0.450261461840243,0.4097726213590824,0.80157237125642,0.731084669221206,0.4698717184573073,0.5886152240110551,0.9918104160904848,0.3943859250188221,0.8990828610122246,0.3214802343511882,0.3913795419931912,0.4394192314133837,0.4910996903940434,0.6344461905589376,0.3255865399951864,0.5406707255712416,0.9914136326721156,0.4298455685225593,0.8811877355327399,0.3215926656305837,0.3879431786350673,0.4320574816908616,0.6970541022815889,0.7795388975767494,0.3156634829141246,0.6247202690766233,0.9926000129200035,0.3780065332322441,0.893272846144669,0.3213614779363661,0.3901472849173813,0.368490843274281,0.4332822191698958,0.8069416259614454,0.3614392451304896,0.6389954959181002,0.9928069767762052,0.4228071641895489,0.8797852479945498,0.3213238713761528,0.4047231706964036,0.3565792753279576,0.4767083898132446,0.8023121315944748,0.385293679525962,0.4922647027539157,0.99276574446014,0.4959792922794873,0.8875441920527414,0.3218862520872438,0.4571254333491854,0.5027367858938081,0.6596568052480972,0.7983626493311391,0.4127782925452348
117_WSD_id_89_WebService_tr_3251_1st_3351,0.6679559532177994,0.9982553746875786,0.9677715102885736,0.9982553746875786,0.2660802139441539,0.8058259806688592,0.8420255696426779,0.6800800400229636,0.5276607180279385,0.9868239255379516,0.941098128939444,0.9982553746875786,0.3650679077867877,0.9944448916377028,0.2337077359925453,0.7943945315192324,0.8686989509918072,0.5042018577248943,0.438114366355861,0.812448541598619,0.8965904898917127,0.9982553746875786,0.7290780630191632,0.9982553746875786,0.2378278695500228,0.6762695569730879,0.8725094340416829,0.6896062476476525,0.5238502349780627,0.9182352306401904,0.941098128939444,0.9982553746875786,0.5854533708087736,0.9982553746875786,0.2007466675327257,0.7677211501701031,0.788678806944419,0.5200397519281871,0.3657151442617348,0.9601505441888224,0.941098128939444,0.9982553746875786,0.9116630237716308,0.9982553746875786,0.2337077359925453,0.7334268027212223,0.830594120493051,0.7181848705217199,0.5638603070017569,0.8991828153908122,0.941098128939444,0.9982553746875786,0.3028422180852762,0.9982553746875786,0.2337077359925453,0.7715316332199786,0.8686989509918072,0.7753421162698542,0.6515014171488963,0.9906344085878274,0.8965904898917127,0.9982553746875786,0.9982553746875786,0.9868239255379518,0.1889748573685044,0.7524792179706005,0.7277110781464089,0.7905840484693567,0.6324490018995181,0.9944448916377028
125_WSD_id_97_WebService_tr_2217_1st_2317,0.4638876615848448,0.7976692908445163,0.9640081971041992,0.9519782512814338,0.085878474132644,0.450777148525439,0.577406505498876,0.7629839265056106,0.9103458661441216,0.8878360320542135,0.5163719859762378,0.7587426261661199,0.4392947426044427,0.9700651842726028,0.0502494083388062,0.47844149093801,0.612999190837331,0.5869776897882022,0.8509129389588826,0.6702808867175313,0.525367529992297,0.9731454078094088,0.8661477470022076,0.958724145741706,0.0374304810636238,0.52386339001719,0.5876415369239302,0.7578104736257225,0.9060734871322096,0.8855898074375372,0.5499660963375349,0.9269991147510552,0.4278383075352342,0.9662384726926124,0.0376084691343349,0.4708651008898626,0.5587841383880295,0.8870982940368394,0.8586767973912794,0.8215303148939709,0.5482274146067463,0.987480846569548,0.7209352864232302,0.961327875175789,0.0659134721610675,0.4933893315770409,0.6647588795505913,0.8572169521931079,0.8720786199150029,0.8827449875036633,0.5324332470911837,0.9868863495407372,0.9505098867727702,0.958247060514434,0.0374345794737907,0.5074121703941207,0.5571689306535389,0.866217494137874,0.5447983119480919,0.985575528703368,0.529764533807012,0.9866620355574472,0.4521153500210418,0.9477200054449468,0.2319622626452723,0.4691932265985676,0.619907722873914,0.7579516776368095,0.9042268180599308,0.981574965289846
130_WSD_id_102_WebService_tr_2362_1st_2462,0.3976300919610377,0.8924307396818777,0.9492122086060756,0.987894984443502,0.0431369849062286,0.8208649573957699,0.8960527846128172,0.9631378104242116,0.9444088298518944,0.9433108057327768,0.4676942805050629,0.8469595383264381,0.4903504466503355,0.991633349551491,0.1910768308671884,0.797542274451152,0.8319785951982372,0.9642722039428332,0.927644595152151,0.6030124567701454,0.3052349269121056,0.8933849709914479,0.4987048889622304,0.991623118740958,0.1694180223380183,0.7615178293395249,0.767134082788025,0.959117517688561,0.9283137942346152,0.7016632442713848,0.4423263112743001,0.92031589317202,0.5108687572797194,0.9936550132701196,0.1912415772331262,0.8101658489709235,0.7359850758651647,0.9442793487328168,0.9340526987930778,0.6732831301487638,0.4555204208778994,0.919231136600424,0.7009066582469214,0.99102257593931,0.188676039241826,0.8124497902338415,0.7861229897455101,0.9703121788933202,0.9394597245779832,0.8438210489551671,0.4428008254433234,0.9071877305657184,0.8413212061374019,0.9933894999474276,0.189951647258304,0.7718402694293227,0.7172722436180321,0.97242328452939,0.9329571181967132,0.7495969262126984,0.4228514406838293,0.9022984929694484,0.8164755987666168,0.9919928672834804,0.1875498448401177,0.7556643332123119,0.8170734156256231,0.9673094481393922,0.9509907011853368,0.88342972000707
137_WSD_id_109_WebService_tr_4559_1st_14404,0.6253369469930086,0.9926051494493846,0.9871831549588378,0.5782430681643104,0.1649687505388833,0.4222965591319566,0.7769276111024743,0.9159979247814156,0.9563802622855748,0.9928125633351528,0.5300783307971884,0.9921197632178576,0.5200382567434118,0.7911044578041886,0.0292035979104619,0.5687639117602236,0.9141316981095272,0.8174920126622366,0.9475266077658346,0.8775727090018214,0.5552012376963236,0.9948265305905228,0.8587177758683499,0.4336144819103691,0.2833943916136955,0.619389578023258,0.8418306625670484,0.8673853220394504,0.9204499548158498,0.9688996448563556,0.5783392857005504,0.9753294969156476,0.9300943943523708,0.9466030851473348,0.5041853546230038,0.588935086183376,0.7985099717396933,0.8761348839408284,0.9663688090775024,0.9766941004614056,0.5488040449526904,0.9922537445941658,0.8797791639365116,0.7840883601640948,0.0622375963316539,0.4281137659432151,0.7835475371809335,0.8911617702848523,0.9294529010145944,0.9318394317224544,0.5287038963225141,0.9923554281727254,0.978350786217915,0.8438609575107435,0.0622375963316539,0.462019399637374,0.7854751994535403,0.905658646053714,0.9503620249869889,0.8886537527185497,0.5377099334405634,0.9922802836108852,0.7234845807672605,0.647602137958899,0.0616208174983443,0.4257131942162561,0.8905366165773845,0.8941139559121557,0.9497856106325008,0.9919960824791996
139_WSD_id_111_WebService_tr_1701_1st_1801,0.4818960997909396,0.8654670118640285,0.8699358586427686,0.9739081516299888,0.5801029790197124,0.950212944252851,0.8151970295517011,0.9633279544973756,0.931199162616706,0.9363062057398392,0.5281658482365286,0.8811003635449194,0.8801594237567654,0.9887006977798298,0.5899928893305698,0.9533690253828064,0.8512944496525003,0.9294853951026442,0.938256549884604,0.8530343947612701,0.5542561637842713,0.8576892998900413,0.8661754081631139,0.9875793002958212,0.5951399744265962,0.9465395724427856,0.8677875459483357,0.9491216356498744,0.9068372043904964,0.9349838545392888,0.5761964753767145,0.8664400656820705,0.8796392940318711,0.9828142088519866,0.5891801972519313,0.9501265539466895,0.872439396455081,0.9599586489564764,0.9169573082950256,0.8929311936918731,0.5838393929280181,0.8805894439149845,0.8643028369596172,0.9932427705515854,0.5876591979264255,0.9495478085765944,0.8632489594013716,0.9625986366172702,0.9180791175986664,0.9151597939419844,0.556224723144365,0.8845538569729495,0.8806625863096139,0.9913645670732308,0.5873024655452835,0.9263841955000468,0.8565236723361142,0.968485749142458,0.9286882827508106,0.9372849775349626,0.4857480563834434,0.8687448539066802,0.8752814849843223,0.99015280947788,0.5549558611990466,0.9502886210740844,0.8573040662718026,0.9660334673177636,0.9436827025094688,0.9271406885485706
140_MSL_id_1_Sensor_tr_530_1st_630,0.6609633393984363,0.7110912676529103,0.4221414280923335,0.7110912676529103,0.5076344138873542,0.4221414280923335,0.5076344138873542,0.7110912676529103,0.7110912676529103,0.4221414280923335,0.5821547508672041,0.7110912676529103,0.7110912676529103,0.7110912676529103,0.5076344138873542,0.7110912676529103,0.5076344138873542,0.7110912676529103,0.7110912676529103,0.7110912676529103,0.7845936134304732,0.7110912676529103,0.7110912676529103,0.7110912676529103,0.5076344138873542,0.7110912676529103,0.5076344138873542,0.7110912676529103,0.7110912676529103,0.7110912676529103,0.5684020944472722,0.7110912676529103,0.7110912676529103,0.7110912676529103,0.5076344138873542,0.7110912676529103,0.5076344138873542,0.7110912676529103,0.7110912676529103,0.7110912676529103,0.6953622827481938,0.7110912676529103,0.7110912676529103,0.7110912676529103,0.5076344138873542,0.7110912676529103,0.5076344138873542,0.7110912676529103,0.7110912676529103,0.7110912676529103,0.7920750215885651,0.7110912676529103,0.7110912676529103,0.7110912676529103,0.5076344138873542,0.7110912676529103,0.5076344138873542,0.7110912676529103,0.7110912676529103,0.7110912676529103,0.7274113043411093,0.7110912676529103,0.7110912676529103,0.7110912676529103,0.5076344138873542,0.7110912676529103,0.5076344138873542,0.7110912676529103,0.7110912676529103,0.7110912676529103
141_MSL_id_2_Sensor_tr_500_1st_550,0.5195157212784012,0.8145061642248925,0.8004333648450304,0.7241928638785636,0.787211672361175,0.7240442486325854,0.847134076015182,0.7557574435542718,0.7903397549005106,0.845675531629954,0.5692158271790753,0.7644041299498743,0.6070163796164288,0.640018995431526,0.565047888423507,0.7447700454411456,0.776529989553196,0.7160502689338543,0.7645281472514189,0.6899294283616983,0.5727798932530643,0.9105456812457444,0.7187767100351582,0.6420423930382247,0.565047888423507,0.7481967256754537,0.8576816898062362,0.7589712608576747,0.7822029885696249,0.7507666339632175,0.5943193203408139,0.8949996882058378,0.6294509417143593,0.6423351818028782,0.8160236095827743,0.7497722952964859,0.8194022897001614,0.7161327866972647,0.7556189127445154,0.7371824205185793,0.6046181850036876,0.9009946068972136,0.6835336113366912,0.6332373377099554,0.7576891748072228,0.7695990320042406,0.8693228197665389,0.7649770366636959,0.7475325399137536,0.7413340283231205,0.5748595451495935,0.9100299648166148,0.8128741258053193,0.6408202763773752,0.7620363390636461,0.7922443688422941,0.8244522657854076,0.7401959879842257,0.7750289420796395,0.7216896470658464,0.6018081844838123,0.8767917281025991,0.8576349680446034,0.641844693471392,0.752481023061588,0.7351014711988322,0.8374212183157425,0.7751490038603008,0.7813170382968112,0.6555754290618663
143_MSL_id_4_Sensor_tr_980_1st_3550,0.6071665212289974,0.8256405151424543,0.7637926151103002,0.971058981970819,0.6427347908739368,0.7789930026537152,0.6332914744062796,0.6326654543629642,0.6614849541757423,0.8257176743594158,0.6057773116316381,0.9123944313487186,0.7842695095603228,0.5419450851450918,0.6070054943392065,0.516111627605935,0.7360213841481301,0.6693237199892901,0.6710243127530297,0.8101375246565378,0.5746409104936946,0.6457362518703196,0.8377926941632935,0.8937996853525604,0.3933027633729999,0.6636962857024533,0.6912392471498691,0.5680441641418296,0.5267053909481618,0.8039095343854067,0.4744023704862726,0.8797994092219712,0.7806712815507761,0.963653109666186,0.5212515155958993,0.6764193061901651,0.7344682595173798,0.6326807562669478,0.6623669048024796,0.841845003244648,0.468480831467068,0.8777648443879679,0.8668833330613865,0.8686418817128702,0.5438441827929729,0.7178588006360435,0.6955527725724271,0.6913444975259228,0.6625591123593134,0.9328835792160206,0.4572407730104391,0.9052659612537344,0.86900409991887,0.7747015645958509,0.6604196396360996,0.678530932043018,0.6165901471593855,0.6049307941106826,0.6167412147784485,0.8637381030341362,0.4417146652340776,0.909795184468602,0.745823912579866,0.937531955685707,0.7603087222748179,0.6929534988522723,0.6356417258636639,0.6920579199188672,0.8369041301150308,0.8572270629764758
144_MSL_id_5_Sensor_tr_1525_1st_4590,0.780874502117447,0.4242282071068424,0.4271346817111738,0.4232270402219184,0.839810003965237,0.4239503508495816,0.3858616988615144,0.7196260639050237,0.7975522410750295,0.7204572125983857,0.8410439577333153,0.7193102219438243,0.4232270402219184,0.4250404526592475,0.839810003965237,0.4457181184562688,0.3858616988615144,0.8805526428606015,0.8803789655321327,0.7200645524993061,0.8164312904114653,0.4259659333616343,0.7179929275688707,0.7198115788782005,0.839810003965237,0.5036137380384222,0.839810003965237,0.5036296133630408,0.5036296133630408,0.4249067456764733,0.6927929605244234,0.4238934620046867,0.4236930992712436,0.7956556201256035,0.839810003965237,0.4448163978842817,0.839810003965237,0.4465659238589243,0.7975522410750295,0.7207162715180034,0.7103529150076333,0.4248757257486543,0.7179929275688707,0.7182082437828359,0.3858616988615144,0.4437262960746151,0.839810003965237,0.796764659335071,0.7975522410750295,0.4251310924053655,0.8373167652773147,0.4242093039658859,0.7213826933007719,0.4228351207460373,0.839810003965237,0.4439852491909192,0.3858616988615144,0.4465659238589243,0.7975522410750295,0.4252995115788663,0.8321214558087596,0.4259659333616343,0.4242093039658859,0.7934502882123939,0.839810003965237,0.4439852491909192,0.3858616988615144,0.7975522410750295,0.7975522410750295,0.4250404526592475
145_MSL_id_6_Sensor_tr_530_1st_630,0.5170268385675605,0.7396254691424389,0.7782251426127109,0.8563708848518063,0.88333464989505,0.7452591439466357,0.9548615876365628,0.8930434714216894,0.9227856132196048,0.8427278394819193,0.3844968101581448,0.6378748245327768,0.8264725693089132,0.849663805016475,0.878494740967019,0.7396923699136638,0.90843935282792,0.9152620496149966,0.9190238314173008,0.5176742861845678,0.4123575344607961,0.820726093715131,0.6023094868915588,0.8867087619902589,0.6609697205198161,0.7449662472340449,0.9345390794628784,0.9084594175594868,0.86276111653069,0.7502160029243293,0.5269791548894053,0.9101094052524826,0.7254462591172585,0.9092701131981988,0.8960351283117008,0.7452591439466357,0.9722787714658936,0.8986898418588327,0.8681838502570449,0.7722231727823478,0.4141406659889274,0.922562177897066,0.8000989310869939,0.8674407725835039,0.8603982417673324,0.7452591439466357,0.9548615876365624,0.8911991308633256,0.8644923929555697,0.6533519873438834,0.5179202129889205,0.91695149203891,0.7720555694181468,0.8331665416111543,0.8918508950657787,0.7452591439466357,0.9548615876365624,0.9219176743768692,0.9103328405750212,0.8109834942655314,0.4675492570269764,0.9099143535685188,0.7949731732068984,0.8831443374542021,0.8682290807809644,0.7452591439466357,0.9548615876365624,0.9084594175594868,0.9296277000060316,0.8803729150494293
147_MSL_id_8_Sensor_tr_590_1st_690,0.5952342999792148,0.5175569728241434,0.5175569728241434,0.7551888658348495,0.8562094997102497,0.5175569728241434,0.8846676220688756,0.5095108855741819,0.401971131993733,0.5175569728241434,0.6215961429526972,0.5175569728241434,0.5175569728241434,0.735557101743168,0.8437388347671626,0.5175569728241434,0.9186259775986272,0.5915250523611395,0.3015941793210736,0.5175569728241434,0.5562946571617302,0.5175569728241434,0.5175569728241434,0.7736000804386427,0.8391488990855795,0.5175569728241434,0.8852032115325087,0.7188252284922254,0.423189207204453,0.5175569728241434,0.634228607290088,0.5175569728241434,0.5175569728241434,0.7976411049484499,0.7935543345755451,0.5175569728241434,0.8524313538188072,0.4013502516925113,0.29124916764502,0.5175569728241434,0.5651997423093206,0.5175569728241434,0.5175569728241434,0.8375632262949996,0.879885449168916,0.5175569728241434,0.8904968657916504,0.8027691659591715,0.6682003515719923,0.5175569728241434,0.5280132518050521,0.5175569728241434,0.5175569728241434,0.8143984808198216,0.8675043094813892,0.5175569728241434,0.8911178827931912,0.4002625534094414,0.3143115009992395,0.5175569728241434,0.5365271726133495,0.5175569728241434,0.5175569728241434,0.7979428823813688,0.8710127131798234,0.5175569728241434,0.8913472395799019,0.4727638693392353,0.3639892335632578,0.5175569728241434
148_MSL_id_9_Sensor_tr_883_1st_1238,0.5082831391400275,0.9438861901673418,0.9105385346324328,0.4105688796242214,0.5842527150414242,0.3841671910104065,0.4705911316613244,0.949161325967503,0.9215062233668424,0.9530329205488762,0.5405197572943654,0.8967697230509375,0.4257257756562882,0.6522388605060774,0.7220806709278016,0.3705688992247141,0.5470032210347158,0.9808386906104072,0.9202793665292744,0.9030649663597754,0.5624801211038667,0.8944714097138315,0.408018467886352,0.5269329336305707,0.7194795458159351,0.3869074179512553,0.6107177393185711,0.9698564035121466,0.909143554585195,0.8019471066642859,0.5462827107206122,0.8924542674078896,0.9416021671459128,0.4336674967912921,0.7191362587442832,0.4388531376003936,0.5273925612857734,0.9695725122414252,0.880673122237604,0.8788212660866936,0.5712041931895874,0.9006169811213349,0.8994743396983282,0.4139752597644006,0.7220806709278016,0.3834671345284409,0.5972209598993476,0.9087159485637576,0.9522512130712052,0.8966162104957409,0.5779709730460144,0.9022794699620422,0.8222004913646621,0.4109206635648542,0.7220806709278016,0.4209246939243999,0.617217704706801,0.9530433040758496,0.7512551852616406,0.8567163889385383,0.5802774776370333,0.865205819979552,0.8748004989353407,0.3400399004589637,0.7191362587442832,0.4875878805165288,0.5397085330809888,0.9351810353742188,0.920710565754896,0.8985232063879034
149_Stock_id_1_Finance_tr_500_1st_7,0.9204591665819576,0.9768868715380572,0.9871346990285124,0.9483762871514032,0.9031114797751694,0.9287028817921986,0.8833875383953568,0.9856064477221128,0.9862505963883004,0.98543290664107,0.9222189701592192,0.9858761608235116,0.9716815475659633,0.9446377516552422,0.901872186316098,0.9288677796706232,0.9202061204526234,0.97710392230751,0.9814397517056982,0.9758978454318338,0.9226119184815924,0.984647897295965,0.9864978283789512,0.9390289286284816,0.9018998405712876,0.9271572480960524,0.9202061204526234,0.985509559417452,0.9856326323485424,0.9852479163380988,0.924332585558503,0.9835448846097716,0.9848800850933844,0.9443903218522488,0.9019172949317332,0.9274737684119092,0.9202061204526234,0.9788668199999514,0.9850199814126748,0.9842597454448752,0.9240053305590048,0.9857438859159235,0.9860244130809362,0.9355843355478168,0.9018995524707386,0.9276115722085826,0.9202061204526234,0.984878164254574,0.98543382935573,0.9850264553046773,0.9238026367593268,0.9852954666238488,0.9863219142423126,0.94544629114013,0.9018970234472812,0.9270642930848766,0.9220712105274697,0.985124178504676,0.9858933323824716,0.98556104215405,0.9254536571127628,0.9850957573816286,0.9863466222989832,0.9455000185769582,0.9019257520282888,0.927087544482278,0.9200933306924064,0.9839929457679176,0.9847017736799524,0.9852539728567634
151_Stock_id_3_Finance_tr_500_1st_62,0.9198148913461528,0.9711398710696316,0.9764060332622096,0.9295510593479516,0.924995615829506,0.9333542789763206,0.9209736400694308,0.9766220610577476,0.9793959847770832,0.9772096365905654,0.9260109200975768,0.9837762129571204,0.9758519667674688,0.9347567128189724,0.9223370363874772,0.9336094922237664,0.9196321262062556,0.9625302861336666,0.969714824012372,0.9743577564585209,0.9243964176436646,0.9831413987376184,0.974638826675659,0.9333130163671384,0.920908639089556,0.9346079555897794,0.9197489117132024,0.9641946630668582,0.97134059627919,0.9722474759183058,0.9258084695271396,0.9834347314533785,0.9724387117641584,0.933950558807822,0.9212322409744034,0.9311223994420108,0.9295638888364722,0.9663412084872486,0.969102071322682,0.9712939562299554,0.9229381141596916,0.9835271951039594,0.9718448260572076,0.9338114490651056,0.9212571389371724,0.9342308797805764,0.9197489117132024,0.9706039888966462,0.9697683100885492,0.9766099957597506,0.9248616416848628,0.9836846052711604,0.9742960082112097,0.9346811324563834,0.9214912987463928,0.9341739586455904,0.9294471033295252,0.9782946311812594,0.973778846093731,0.9799048582938604,0.9263362866166032,0.9832164467485106,0.9719369275091564,0.9327368839581288,0.9226611720885416,0.9350670546993683,0.9295638888364722,0.9780340412437776,0.977877499691546,0.977608770949049
155_Stock_id_7_Finance_tr_500_1st_18,0.9658419392801694,0.9785640858317708,0.9938165324372572,0.9694004135906746,0.9567461332746928,0.9667880337961672,0.9612370902355322,0.992155121225178,0.9932269619973082,0.9932945632871236,0.9653189861828824,0.9911304764929556,0.9932354847428418,0.974591584062863,0.9542389315316064,0.9665000035603254,0.9613294220338204,0.9837079891315302,0.9923348593963868,0.9920401812899504,0.965610813186898,0.9912610959809944,0.991242530035896,0.9759912813122976,0.9542267918567726,0.9650088761036516,0.9622695167770696,0.9922202370555308,0.992891193835879,0.9925245093511926,0.9651599033830438,0.9934395804500694,0.9922601192898872,0.9759037991017588,0.9541843472448588,0.964989455939226,0.9442669972439032,0.9888519645275884,0.9932770414107076,0.9928000122546063,0.9650693203340526,0.9928552822727592,0.9933637965143702,0.96977075652346,0.9542298508788682,0.9657275258187454,0.9621771849787816,0.9902859100790966,0.9931332085341802,0.9919492197451072,0.9654410384938192,0.992837488811036,0.9932831335231542,0.9713011359352334,0.9542375934294692,0.9657911308479404,0.9612370902355322,0.992588006598536,0.9931161239795444,0.9931063142784844,0.9650605385277388,0.9931136267311018,0.9932506162488214,0.9689515819340468,0.954245196609096,0.9662915441080528,0.9622695167770696,0.992329741617775,0.9931883467038006,0.9929285939445928
156_Stock_id_8_Finance_tr_500_1st_24,0.4835222966542232,0.727824169588602,0.8030969048944417,0.4846313047420773,0.4279147865884861,0.4571116305069296,0.506060932910405,0.7791245990267985,0.8141905006817342,0.8220663560168405,0.4685654755755196,0.7578600982387718,0.7837492312744432,0.4936299755637892,0.4276408318572101,0.4625370983118247,0.474413377168533,0.6744563916642983,0.7584199550596818,0.7528822152227546,0.467246759857226,0.8380566255026759,0.7772213764482403,0.4890919906893283,0.4276384322797154,0.4692099400410616,0.474413377168533,0.778755889907542,0.759533495045532,0.7374213188874907,0.4662572031622631,0.837696424794471,0.7703732461733355,0.4930782400878067,0.4270802524468084,0.4691036992325086,0.5376974467744399,0.6761415185321098,0.7582353916152594,0.7811059105125109,0.4608860462921931,0.8312024844753373,0.7542266650043735,0.4832034264652342,0.4284344418636002,0.4591843820356733,0.4727131640258907,0.7816877435349957,0.7460976100921594,0.792117196302267,0.4680111985502807,0.8381192976544182,0.7886361244801667,0.4892428777050472,0.4283665904004618,0.4634445010809834,0.4727131640258907,0.8054968530399831,0.7985326573605506,0.7858861948244799,0.4675149881482777,0.8380499227000958,0.7844731369990157,0.4864461257285831,0.4294302593936274,0.457136407223969,0.5376974467744399,0.8028702529382297,0.7913178327016153,0.7920774706822379
160_Stock_id_12_Finance_tr_500_1st_14,0.8357946254102703,0.944766045511056,0.950643522131676,0.8779945988723811,0.7876704319296745,0.8424786760607118,0.7619362758454075,0.9622875312483318,0.9665039472192044,0.9645156064879844,0.8361755190722143,0.9598870744930634,0.96573225624905,0.8610248377421907,0.7747507892932584,0.841026527759838,0.8199090600350193,0.9503763003905994,0.9641867207130784,0.9493203410667204,0.8327283530956424,0.9617158300134012,0.9663924262773153,0.8723436919162717,0.7747423393290586,0.8381732595287912,0.8195393900079263,0.9551065186222584,0.9657354110868798,0.9613580000396053,0.8318848440988873,0.9560929323354848,0.9592251268640654,0.8798914487213629,0.7747153970506456,0.8387417413286139,0.8199090600350193,0.9373224058192744,0.9631048272802633,0.9509516596241276,0.830344406004594,0.9649808973825424,0.9637359841617328,0.8691814299968385,0.7746929105774712,0.8402364539649795,0.8156601609601671,0.9606467457399198,0.9639589987804742,0.9638125343720766,0.82857439934496,0.9605913007126272,0.9652752436054004,0.8611329195510078,0.7746666432290898,0.8405803396601249,0.8199090600350193,0.9606803376227112,0.9660786902803228,0.9642389673411588,0.8295313504794161,0.9654602587029636,0.965663133173667,0.8651503372508181,0.7747837138258272,0.8456470129302803,0.8160298309872602,0.9633964452543384,0.965846812455354,0.9621070302332848
162_Stock_id_14_Finance_tr_500_1st_4,0.9647704612690128,0.9812101861662496,0.9836618584929808,0.9676279694026584,0.962484133607624,0.9645793396426052,0.9642357193802452,0.9823315936397083,0.9829532649193704,0.983934158818561,0.964155195200782,0.9847137326264146,0.9836402633466562,0.9678813385127052,0.9624894646268176,0.964551205390824,0.9638729316880488,0.9745629509543452,0.9827322105410132,0.9835732127648787,0.964797133443045,0.98468501002837,0.9813212831529716,0.9678077633250036,0.9624903897116978,0.9627755582815556,0.96545241508107,0.9814611774109976,0.9813051565782736,0.9826452390427892,0.9649520732593244,0.9848056660218146,0.9834024686774804,0.9676165664408236,0.9624882029327932,0.9642226821548135,0.963798429964611,0.9811491811117368,0.9792585631874272,0.9815187686686468,0.964110359895182,0.9848542961226476,0.9831589129858712,0.9678875032978888,0.962823862311271,0.9651592337421756,0.9637898837649898,0.981774496211263,0.9807870725496978,0.9829374939394958,0.9639819365064392,0.9849880546235064,0.9837490134177576,0.967513364996876,0.9624900889251384,0.9625123807790026,0.965377913357632,0.9823243342067608,0.9814212981988676,0.9831412008483246,0.96448367036339,0.9849441227329389,0.9834818930633245,0.9669956169173628,0.9624875341457434,0.9639561455918184,0.965377913357632,0.9820776030405152,0.981626117573528,0.9828096564305808
165_Stock_id_17_Finance_tr_500_1st_7,0.9819757392597904,0.9892268981453252,0.991998994029462,0.9815957175048082,0.9801246346316024,0.9823709001640124,0.9791416769095306,0.9907857190992048,0.9914940799125592,0.991427757750043,0.982236980868452,0.9920372647087218,0.9919467701640446,0.981713500598384,0.9794030329301524,0.9823503521188186,0.9792576878232314,0.9899144893428318,0.9909586189566776,0.9910282072316589,0.9817838214660908,0.9919053333193508,0.991858828263606,0.9803643319239213,0.9793907460385506,0.9818951237181548,0.9827987246872064,0.9910839304087432,0.98938523631483,0.9909937290281994,0.9821899243711014,0.9912529539465622,0.9918443790536674,0.9806547815356652,0.9793762409074646,0.9818788542035748,0.9827987246872064,0.9907537409540416,0.9912666397191016,0.9909498137721948,0.9821766855837176,0.9920036454533524,0.9892692279478112,0.9817061920921912,0.9793774161433458,0.9828954043212572,0.9791416769095306,0.9912031537283804,0.9909988260003472,0.9913256672311834,0.9820296337610256,0.9917257843392676,0.9917839878757818,0.9810995827564848,0.9793761221508318,0.9819166048269372,0.9792586498950646,0.9912030281687576,0.9912943045472172,0.9913711902383402,0.9820572363562948,0.9918575993155108,0.991886907468078,0.9821964930179782,0.979376938467653,0.9816296009456936,0.9830001924557082,0.991228347199036,0.99132410960711,0.991432174264127
166_Stock_id_18_Finance_tr_500_1st_18,0.91356006282741,0.9534521363507756,0.958631087413602,0.9135640813754532,0.9039140302934552,0.9139699375936876,0.9138211942937756,0.9564737439182088,0.956780543625848,0.9562315918137954,0.9144193026704172,0.955658384479643,0.9592578505621832,0.9104730157749632,0.8997971709271692,0.916313066141452,0.9130872891066394,0.9512243800919632,0.95419209959124,0.9498887550555593,0.913320495095713,0.959494670901189,0.959352725697657,0.9115516428792172,0.9015962533216452,0.9105629251976572,0.9130872891066394,0.954888847703268,0.9562101373199294,0.9540956134417252,0.9135351366786104,0.9534938218006238,0.9593831518659784,0.9108614358626684,0.8997453342759718,0.9112242065644092,0.8982994987027642,0.9525440835951166,0.9559365570192,0.9561204283230206,0.9140707217732692,0.9591675256798212,0.9591462434468718,0.9096633157064166,0.899766935103631,0.9129025111825384,0.8982994987027642,0.955127928828325,0.9560459430159384,0.9560975426459956,0.9126539398254684,0.9591081319984148,0.9585721067053906,0.9079174518951548,0.8998014308772098,0.912692219020966,0.913035582388186,0.9551239016965922,0.9566696556699972,0.9561016469691364,0.913363425103456,0.9591457524945032,0.959350207665426,0.907089582700416,0.8997976099869415,0.91119803062074,0.8981271456685336,0.9548100085689908,0.9560690158207572,0.9564182309262154
169_Daphnet_id_1_HumanActivity_tr_9693_1st_20732,0.7892912962135581,0.9396899857134384,0.9409571786837382,0.4753061879448387,0.3158131178313179,0.7599904504325448,0.8871268899302619,0.918855651671982,0.931047979789307,0.9409418976639928,0.7609654160452864,0.9369582791021104,0.7373856496156486,0.530876633023714,0.6995015370648193,0.6935207887645488,0.8802753566209359,0.905792942196142,0.9243031475215134,0.9196649142448692,0.745859561516189,0.9382012505713014,0.7409384215069441,0.589691778108516,0.6987646000258961,0.5980888929521778,0.8876338926805513,0.9128786067128886,0.9305316370455926,0.9327797105379064,0.7733898561218856,0.93990588280439,0.9408970511270413,0.5938132645109955,0.6985872297691103,0.6404006174725456,0.8896903921760276,0.9091541204730652,0.9294306327580992,0.9358272414093812,0.7557778740911406,0.939582374459628,0.9267629583089206,0.5476855958310808,0.6977276043115178,0.5994485726737314,0.8843761287809137,0.9190414960107466,0.9267536351971024,0.918526998153059,0.7261183385217076,0.9383015430006404,0.9212856269414468,0.5810261485424238,0.6978042933724123,0.553983485475877,0.8938838404816192,0.8464125427633303,0.9292805429363068,0.9434054651297032,0.5616462588819967,0.9374322915399614,0.9475499056997584,0.5348400598981948,0.6969950439842205,0.6436450003236394,0.8861315365303415,0.9147461263107864,0.924080972735824,0.9389652355755236
170_MITDB_id_1_Medical_tr_17675_1st_17775,0.559299313821807,0.6514826976331609,0.6220335662074986,0.5489184964685181,0.5103858174113289,0.5714051935928491,0.6403518965559141,0.6137818022252965,0.651298735703068,0.5927014723272978,0.5596919362265906,0.6550780798305985,0.6579737140509433,0.6293260102960883,0.5546187846485925,0.6229979742065492,0.6362555875985977,0.6660494431984383,0.6380537838266859,0.6704242439196232,0.5957063512422747,0.6634601390014326,0.6401184842314664,0.5656881847046559,0.5647491560082574,0.6103633966054902,0.6375807325873026,0.6628430423268673,0.6583914215223765,0.6496082955162149,0.5714370089900523,0.6726348715942506,0.666594437506065,0.5754666272739732,0.5685846704205189,0.6209470827365388,0.6377900613669242,0.6521161680811706,0.6618310330416564,0.6547919746897282,0.5767379101358486,0.6674482763736528,0.6312216039814701,0.6305276348832876,0.5768459709559142,0.6263891837706531,0.6391803795897697,0.6389694831536492,0.6474122951025254,0.6403855760199492,0.5569131263793479,0.6592754878275483,0.6400830924666002,0.5895615504992712,0.5747504244165031,0.6015525504163136,0.6381777930544136,0.6829173512103989,0.6644545959194722,0.6542885657188809,0.5308117123966621,0.631434337173016,0.6605724634301017,0.5853776479703742,0.5699938234452915,0.6129501758422651,0.637477069650675,0.6677410937712523,0.6550905604940741,0.6230370583160997
171_MITDB_id_2_Medical_tr_50000_1st_88864,0.5773960948528299,0.7639817508281129,0.774029233296978,0.4200894233537409,0.419046849231948,0.6308399700930428,0.6100855226762855,0.7583045243014737,0.7402522424275734,0.7391411435577698,0.5906691980937273,0.7572380077466142,0.7682314449002352,0.4712645384977236,0.4373004100529465,0.3978841552310605,0.6123065040529779,0.7697876741506333,0.735007008261005,0.757186630931731,0.6008033167320407,0.759422786709244,0.7712712022736047,0.4462317675915395,0.4460089041164998,0.3997374850106804,0.612128606947619,0.7757650951601894,0.7587629802766863,0.7580515404349021,0.5797154903753765,0.7588559792254503,0.7645490988705422,0.4513705140203074,0.4377539946969053,0.3991149946093426,0.612128606947619,0.7655536787452178,0.7563703630831544,0.7335854457080925,0.5503890386305483,0.7595647720605987,0.7796291385345736,0.4616351598305319,0.4568699726856826,0.4004579090375357,0.6100855226762855,0.7634384061592135,0.7722949730594355,0.7501366984906717,0.5650212841290839,0.7605104002979433,0.7720542222503552,0.4544898225646148,0.4278828370523345,0.3990103851476513,0.6123065040529779,0.7629727145535555,0.7603989582577335,0.7388376586885383,0.5812652781149534,0.7670302219811104,0.7449156010754789,0.4327864642712512,0.4260449179293312,0.3989958713954405,0.6102634121434631,0.7499052747114486,0.7634646054840056,0.7427699286733671
172_MITDB_id_3_Medical_tr_27274_1st_27374,0.3466445483646227,0.5868667745160306,0.5379000213049563,0.7255181356216882,0.7316455259191375,0.6740148331207547,0.5601708532313584,0.4837672252975478,0.520798207286416,0.5374827916205811,0.341651537186602,0.6082790266923576,0.5897052712790101,0.7388508731555811,0.7604643454667519,0.6807990127668623,0.5790754494753003,0.5491403856906902,0.5291075362334111,0.6126931122171118,0.3537511872617817,0.6053090251553752,0.5993512053436227,0.754448074115222,0.7448795966717708,0.6817698877442155,0.5864929232379039,0.5278894464782224,0.5308071981442856,0.6111887662478079,0.3402261602173766,0.6064278273134559,0.5828157888708914,0.7459896595429433,0.7545841839085545,0.6812176617331751,0.5901617374724599,0.5346083004822738,0.5367098342914698,0.5583217765522489,0.3053369005741592,0.6109814505504959,0.669699823389244,0.7570047081769901,0.7725023522576351,0.6814902476815018,0.5948786654579012,0.4981333895446931,0.5471128666121687,0.662473412377048,0.3364584150332756,0.6238574174071851,0.600999100061842,0.7457678815470775,0.7529970411407935,0.6848238536657846,0.5929498090733878,0.4808284672445858,0.5254554050310799,0.5921444722012711,0.3295930020126102,0.5790289915375882,0.5728884605256931,0.7440651191131961,0.7498667499058089,0.6906803115432008,0.5901109708821323,0.5353740852612501,0.5196740204881254,0.5608201554971035
173_MITDB_id_4_Medical_tr_13620_1st_13720,0.5791339552771196,0.5932233564203052,0.5962537579991168,0.6506537028103311,0.658851439542633,0.632025425949753,0.5196120025007763,0.6184535947412946,0.5408344250749224,0.5663152602163803,0.5934565243408128,0.5927694467258829,0.6195434026895134,0.6352732311421678,0.666938204222972,0.5023573008021327,0.512917266202979,0.6126726217904377,0.558861560673936,0.6348421086487938,0.600451842402597,0.5940491247442393,0.6233112531821932,0.6597572867963437,0.6576777894604653,0.5211100910233685,0.5144689924021089,0.6171694000472974,0.5508031468154226,0.635331117704705,0.6050655832976465,0.5940772971738815,0.6187500816037373,0.6368527419921421,0.6312828800293251,0.5030304121099313,0.5005807216890802,0.6149564391335927,0.5435481187510265,0.6207869193296237,0.5664348793565166,0.6023442142569517,0.6309238554184929,0.6279279670999851,0.6806309783699547,0.5125354831070118,0.4922021903790556,0.6225839156341479,0.5546241947609877,0.6194145136841247,0.6012868066020781,0.6048393876554371,0.632440349589118,0.653643972933571,0.6496105055167901,0.5323036077465199,0.5010409621162241,0.6168847641288452,0.5510995660752172,0.6164426757453412,0.5871953582778928,0.5901231483780554,0.6091114405545339,0.6339920263009582,0.6492573681748987,0.5404853708263377,0.496841632635622,0.6282358919127307,0.5431146863412009,0.6110486329527133
175_MITDB_id_6_Medical_tr_27274_1st_27374,0.3128468804886951,0.5503442053845717,0.5706324433121145,0.653182795741644,0.7012448896994534,0.5950412768426653,0.5158695621291033,0.6346335344156386,0.6002773976483948,0.5258145371117491,0.3560623940173005,0.5525959851242341,0.5888298953737882,0.6825604870882404,0.6670812579065092,0.5677873768179174,0.5656005150815197,0.6290986605034771,0.6097494180370934,0.6063019439178605,0.3254940060841147,0.5665399843253031,0.5927252442664509,0.7019966691049501,0.7174091814666197,0.5831013454186513,0.5514701346571336,0.6311301023833499,0.6010625458543744,0.5929459849647386,0.3011397045085768,0.557802798275784,0.5741551656143138,0.7052786953388598,0.7129319276351289,0.5716985338974969,0.5439643979711096,0.6246572801010134,0.6008144094676127,0.5723335345959275,0.309193567156275,0.560291452198028,0.6350992688486657,0.7022202018662754,0.7625493236629547,0.5790809897604771,0.576916642661388,0.6260344327768712,0.6144129806048778,0.6291404314637766,0.4002087487470645,0.5741884491947087,0.6285319829493254,0.7254154884711247,0.7372798055528287,0.5701343525000465,0.5492694797261052,0.605276098383724,0.6108385141071773,0.5756354272573648,0.3652602880172633,0.5584828593666251,0.5901021775638878,0.7085727065292848,0.7105475210301938,0.583742916726526,0.5357079539073708,0.6077655394096373,0.594344708987442,0.5724477177715938
176_MITDB_id_7_Medical_tr_6232_1st_6332,0.5380988589537473,0.6925517188889183,0.6862860608928992,0.6307329709538078,0.6406953141409832,0.5904903205231099,0.5810578743713901,0.6725995269906462,0.6578190170945188,0.631404324298729,0.5569329694947632,0.6484253307759664,0.7060171225216205,0.7044948095731711,0.6701752797567768,0.5648692146459705,0.5831196662182182,0.698357368618445,0.6544736386771564,0.7245164462966246,0.5676449782370527,0.6670951726435238,0.7159747529116545,0.7090898783627128,0.666559317257516,0.5709159049078334,0.5843792183002106,0.6877748326313935,0.6643689063703072,0.7063933620775977,0.5610590521057481,0.6691384032751532,0.708673884718333,0.6850402429771373,0.6450126697840144,0.579279513954523,0.5924076221396664,0.6954130018121026,0.6643944256620412,0.6949072933436048,0.5524391606824054,0.6561230348312369,0.7300103183006537,0.6959434300189331,0.68043790912193,0.5878290009702669,0.5966749623466461,0.6857138525674564,0.6618041549249584,0.7139938902817793,0.5562707572977935,0.681008592850294,0.6976595384123091,0.6856661190529878,0.6599162970115546,0.5772313598488946,0.5905621477568881,0.6907633040780954,0.6642050338693248,0.697889666462407,0.5467675932258927,0.6572530917779392,0.6965999982283546,0.6789390027099651,0.6460919873132019,0.579248130859855,0.5825821312229994,0.677958072046082,0.6688162177985948,0.6877804674180933
177_MITDB_id_8_Medical_tr_17675_1st_17775,0.5525655279577778,0.7039876332350898,0.7046296759216767,0.659353569011792,0.6152414771947199,0.6744864454906147,0.6537668594174445,0.7204114300842451,0.7157563444180424,0.6666546652274926,0.5177774853400573,0.6907801611385885,0.7042966797934824,0.6278240382938919,0.6590304416354482,0.6406012200652174,0.671238061227407,0.7183278225834119,0.7227436766647761,0.7190596793682641,0.556983022054376,0.7161359739842976,0.7201835907374914,0.6488905491041707,0.6698391765237732,0.6756070454937662,0.6925844169137626,0.7336951985863615,0.7275593713433969,0.7231767123065159,0.5565584885942932,0.7171928612696596,0.7101846644973938,0.6792768893045157,0.6621896186648436,0.6674441494392153,0.6917977914183829,0.7373185800685181,0.7279808808569237,0.7105326325732767,0.5608651536992063,0.7185655801818803,0.7166077166362627,0.6835849770543313,0.6942742921045062,0.6666364051648849,0.6816667050881062,0.7339505884324063,0.726028341862018,0.7079636882230933,0.5617957389766192,0.7298206734069784,0.7329286564492435,0.6890168115800446,0.6919569853371386,0.7030006225901226,0.6920908549581578,0.7249495269045185,0.7264557735747473,0.7202548331544736,0.5179508717771482,0.7200523364725832,0.7247779957065473,0.6747310465195946,0.6469471722280798,0.7138374604834368,0.6997901998744582,0.7306224610850917,0.723179492781508,0.7056628060304962
178_SMD_id_1_Facility_tr_6000_1st_10609,0.5174869824533486,0.7400809210784316,0.6643431590145346,0.5347354643227556,0.4693497913822051,0.4802140484887869,0.3728626833035428,0.5650214873877858,0.6609671797159516,0.7189574478781523,0.4650410441632983,0.8500588170279906,0.6772066728906243,0.5659984171162378,0.386245597593373,0.4745067264848318,0.3729476429860765,0.5170727054049218,0.5925424045971627,0.7610915409607052,0.4850827185642774,0.7781383581860207,0.708049396658862,0.5466653913767767,0.4840487780158409,0.5762431127188994,0.3757760162366182,0.5352804684240087,0.6426946218719543,0.708992079502138,0.510754032556671,0.7129900271386042,0.5554067926189499,0.5566935707160576,0.5342874362463931,0.5406369001524098,0.3744607245776623,0.5301718274279208,0.6548833318084273,0.7841391596312226,0.5407879449648003,0.6722314146768036,0.5831786210854287,0.6485905883183658,0.4614573859278241,0.4638794423834317,0.3739696647055479,0.5980751174538581,0.6412812201217148,0.6971463638006052,0.4886493731003383,0.703763213287798,0.6150735934374904,0.4849181462193505,0.4641122436857037,0.4588130093476872,0.3773024096041382,0.5924515350100729,0.667992673717741,0.7917001666316683,0.5025263359392302,0.7530219447252333,0.5803559637725444,0.5483960870416703,0.4805562158295703,0.4619908790775615,0.8638262719190136,0.5833914388499158,0.6766322431139893,0.8199707307492359
179_SMD_id_2_Facility_tr_5925_1st_17580,0.8100348223919243,0.9755905693112013,0.9871905243565402,0.823855240443213,0.6168546444874315,0.6836131121985904,0.7221460564103014,0.9716419026761606,0.9738189510313318,0.9857243972499696,0.6931801961162478,0.9843229954019524,0.9524227662564156,0.8570454326595001,0.7236676652950959,0.6514736880451345,0.754401170422555,0.931486010345145,0.9826026201279048,0.9715492386707526,0.7430670561790672,0.9820801518679187,0.9829093614384988,0.8912751541454821,0.8243064052572938,0.659498895111746,0.8125100690530844,0.9733494242180212,0.9854174854244954,0.9897024623393617,0.7837591893664619,0.9994874085065724,0.9746987796875796,0.8736462156266844,0.8728482429746912,0.7024178313209619,0.7094233869293467,0.971814979806856,0.978792867184716,0.9896987979416502,0.6798773923053811,0.9862515625345052,0.9597216889032248,0.7989169118079664,0.4937486789720739,0.709345354035606,0.7774775205620101,0.9651422803815004,0.9800588279077128,0.9787169568307984,0.906363868840435,0.9839129821337336,0.990011743237134,0.7778216325281012,0.494144700401709,0.6830733324541577,0.7594057294824574,0.9738421221011676,0.982052029668534,0.9766972698497052,0.7429506532353057,0.9833918767629176,0.9947027769612424,0.7282548344877297,0.7516715501797138,0.6805918918100079,0.7821958990562828,0.973484361205671,0.983181321670478,0.9957759144075864
180_SMD_id_3_Facility_tr_5925_1st_17580,0.6877220907654503,0.9213503981558095,0.92166770882799,0.9160442585821272,0.9034524350022366,0.9212446279317498,0.6553199877870669,0.9393006094871494,0.9214032832678396,0.9212093711903964,0.7556279722803377,0.8691118542630094,0.8888250364372369,0.8673139999879215,0.9976212580375042,0.974473937447338,0.3175101923498287,0.9760412051260148,0.8686535166254155,0.8698875025727836,0.7265640121027693,0.8688124114954395,0.9741901206794435,0.9717591683631284,0.8093526910125766,0.9744369178689172,0.9934836144608076,0.8698875025727836,0.8693939081938362,0.973696526300496,0.7412781239222026,0.973484985852376,0.8698875025727836,0.9718279190087676,0.9976212580375042,0.870134299762257,0.9934836144608076,0.97410197882606,0.86964070538331,0.86964070538331,0.838509453330714,0.9733792156283156,0.8698875025727836,0.9722157431636544,0.8093526910125766,0.870134299762257,0.3175101923498287,0.8907925846214167,0.973696526300496,0.8696230770126333,0.6313663990081683,0.8692705095990997,0.9741724923087666,0.8666791391096265,0.8093526910125766,0.8699403876848136,0.9934836144608076,0.974473937447338,0.973733545878917,0.9736788979298197,0.6081922341983365,0.8685124896600022,0.9739433234899698,0.8666616305059168,0.8093526910125766,0.9745779448343304,0.3175101923498287,0.9744369178689172,0.8695878202712799,0.86964070538331
181_SMD_id_4_Facility_tr_5000_1st_15144,0.3313516214623598,0.7862406233877249,0.9239197296585098,0.6910935325455811,0.7028946316617968,0.6872968853107525,0.8207070244773522,0.8836122368103354,0.8127001865631884,0.9712323139038282,0.3830150812523664,0.965700335946995,0.9653715125317088,0.6116661568303765,0.6741852976213057,0.6931451958254946,0.848056681508016,0.8547321039931141,0.8566837731232486,0.9727303139775484,0.3510808424340289,0.9607150154591972,0.9630483605176264,0.7080615188417767,0.6608357854975799,0.7674227957194338,0.8847694847958678,0.8850653280857037,0.8471884272261302,0.9694425955967448,0.3597373446492125,0.9725370284041976,0.9770687811462736,0.768026933975148,0.7830241458938475,0.7917396176914762,0.8440500199272633,0.889514363612541,0.8257640737541028,0.9694094587206104,0.3479923836247767,0.9658638668959054,0.9593155531507273,0.6806879089679042,0.7611174157020769,0.7764094320069127,0.8436288526259793,0.841967317045154,0.7982111308860717,0.9660508831816996,0.3829160005678729,0.9737117859433072,0.96374686557256,0.7197194645511649,0.7638153969450056,0.7864978622856569,0.8903975045685988,0.8912787041628374,0.8344286454898725,0.9650166280428392,0.3245599363471943,0.9663920304897584,0.9642564511158784,0.7324671216714661,0.7519724382248617,0.7710316406042289,0.8795479354286894,0.868420069892777,0.8038016545247444,0.9714120370361083
183_SMD_id_6_Facility_tr_5925_1st_17580,0.7807778535465709,0.9978105419048278,0.9995915706990895,0.9784126847265386,0.8790191936778696,0.7430831747591728,0.678421233348252,0.978301314481258,0.9963796435629878,0.9995915706990895,0.6478198262494149,0.9998376115790668,0.9894788057247262,0.9207135198966602,0.8402285433177676,0.812142587038214,0.9753372497222224,0.9697057193565768,0.9957833996105164,0.9991296476110758,0.753283379850838,0.9998376115790666,0.9998301263761364,0.96246999375173,0.9588972116790396,0.8423808520171111,0.9340232811611532,0.9831035955901,0.9932725768908012,0.9998376115790666,0.740873650651547,0.9998376115790666,0.9995915706990895,0.9566646915489848,0.3830418384768607,0.8325935872829321,0.9181298071333625,0.9780950342936864,0.995433540909656,0.9998301263761364,0.7934163918829354,0.9995990559020198,0.9716293989571596,0.9660684873398764,0.9679745981749276,0.7859872394258691,0.9569944565494718,0.9803600558863936,0.9877568515335984,0.9916348807420666,0.778691426994035,0.9998376115790668,0.9995915706990895,0.9896377720585804,0.944661197615516,0.81496677034937,0.9286758394915114,0.978882134789862,0.993526093445574,0.9682746002058792,0.6920340151198835,0.9998376115790666,0.9995915706990895,0.9863723282356204,0.9615711139562912,0.792055087996441,0.9705111888781016,0.9788954395422214,0.9923264742374704,0.9995915706990895
184_SMD_id_7_Facility_tr_7119_1st_15849,0.6124284635481765,0.8876374998212146,0.8778054879553956,0.3390898277158879,0.2941566830625432,0.7083844490192817,0.500220646765181,0.7157465038206487,0.6421415147703569,0.8853307459967569,0.6380021562566871,0.8872198493662475,0.8165135887947513,0.3652805087652658,0.3222174215226522,0.617998269144737,0.7927267838360076,0.7038156843964484,0.6709839642823078,0.8781253853747826,0.6574344216382159,0.896715267813995,0.876636802449002,0.4185489284524428,0.3267487143453756,0.6495061680405884,0.0510038585315481,0.7050429363787033,0.6643912913322202,0.8942533496591762,0.6490396481774535,0.8886748561192882,0.8004226200384459,0.3481699750790987,0.3226670246570765,0.6728641611976794,0.0510038585315481,0.7195312884324723,0.6708190442167445,0.8842520341937091,0.6138434341146398,0.8914906049431366,0.8297688602651868,0.3817857229643978,0.3221360836585042,0.6361480272154925,0.0510038585315481,0.6913152754459403,0.6431666154567255,0.863418325982816,0.6209743217673342,0.8864983772834814,0.8834203765186551,0.3480604790909067,0.3227570628455698,0.557202956593431,0.7927267838360076,0.7651225584113562,0.6506598882357352,0.8921726363917164,0.6648332773520969,0.8901183496500644,0.8840017549515379,0.3499950896369531,0.3253955053501801,0.7478027309813016,0.7927267838360076,0.7137113692427075,0.6349645975831316,0.894913577602139
185_SMD_id_8_Facility_tr_5000_1st_15144,0.2612397110145106,0.9583116070651267,0.8167830480024758,0.4683006848376302,0.3559956229309561,0.3790154268723401,0.8718186517321627,0.6979258134225241,0.2782907296492379,0.9625642146816212,0.2686716852034824,0.939928820164987,0.9538652548547568,0.5633020398223754,0.8119772430555894,0.523996951236253,0.8689774444638934,0.6832431568403825,0.3657213036141786,0.9711914412720688,0.3122149753829586,0.953709293271394,0.9551248228897932,0.5574811228141449,0.4257194359707598,0.4335651178855388,0.8819254448273671,0.7056440914600899,0.2606056926581371,0.9682796348812824,0.2805495123426864,0.9348297869923972,0.9281701645258028,0.5982268274263378,0.8117576517521853,0.4695261068838396,0.8722090133674532,0.7231296486603723,0.2835780525026345,0.965228664134778,0.2692503627831207,0.9189981948530316,0.963491362891234,0.6330521838272327,0.8118784139778504,0.563311931385206,0.867498243175189,0.6934952006236226,0.3575004775043481,0.9691675150195274,0.292149521799234,0.9202022925053388,0.970598280019816,0.5328522523783428,0.8113888632123608,0.3996369859624837,0.8799472465307412,0.7226755365998522,0.3281201779648902,0.9742911689963676,0.2612651249558075,0.9298500790202396,0.9658964072643296,0.570122841134478,0.8118908089532252,0.4308557463613469,0.8852111085159142,0.6711688768333811,0.3142533251970943,0.9732525422091242
187_SMD_id_10_Facility_tr_5000_1st_15849,0.512138650838053,0.6303755759411479,0.7594854116879328,0.4903936988226262,0.3671783575334578,0.743771865390946,0.6631497600985576,0.807294167195654,0.7214454764970007,0.6025212339445482,0.5422954000891699,0.4528175718542388,0.7509563924437601,0.5576433361915559,0.5174059287904196,0.7501717298236485,0.7330029403050494,0.8115896760237509,0.7679747954753495,0.6489797991689443,0.5413451036180251,0.5912498762594173,0.6937429858452245,0.5465148474291949,0.4188637230269436,0.7387232546590694,0.7479326175255354,0.8285716479546542,0.7557792473813779,0.6556173531513787,0.5263790361071943,0.5897443828951427,0.794257600979888,0.6300235758401935,0.4399437144939208,0.7480828629295129,0.7323133713347523,0.7937298168299765,0.7415753186064286,0.6110780733117235,0.5255892185038145,0.4586441729090971,0.6604853611260658,0.6064046878398448,0.6591268746812776,0.7528973943153914,0.7218731304476166,0.8030250146764781,0.7672228506813442,0.6213946121959164,0.5530594536607724,0.6092114296017612,0.6644714474071008,0.5442093915472442,0.6593438396933176,0.7508506124019734,0.7193961825894233,0.7769408232589722,0.7374995145244105,0.6696164827854916,0.5430995256108117,0.4168963566201883,0.794502393758642,0.545589440341783,0.4045287928835246,0.7436233761573977,0.7411625177962405,0.7819051104096819,0.7252125953736046,0.6450207193262657
188_SMD_id_11_Facility_tr_500_1st_392,0.4694664131645893,0.6698458876603259,0.561089743064055,0.7683413110324122,0.4794640822820252,0.7484118556618976,0.4094195790770438,0.4818737508548127,0.6276607799352251,0.6592671861234689,0.4501961306912672,0.6686657415937776,0.6616549221663299,0.7696025895746458,0.6184748139056357,0.4575378713819907,0.4094195790770438,0.7693157113842397,0.3514700870966205,0.7169824741610814,0.4492781663961237,0.6698128294945959,0.6319598521037257,0.6769696464743999,0.4794640822820252,0.5151314271097892,0.4094195790770438,0.652618346482281,0.6296741239617039,0.7292143997883216,0.4536149281549375,0.6648965391741734,0.7695599470981533,0.6747122239049723,0.6184748139056357,0.5157665608201794,0.5257804023732251,0.7381015319425516,0.5837242575837849,0.6312131184602611,0.4490610291175885,0.7751668078568961,0.6295125243496636,0.5625752369659535,0.6184748139056357,0.6311031025266213,0.4094195790770438,0.5565083683258412,0.512266546323845,0.6218264159367833,0.4574965225202691,0.7747783326118198,0.6250670753094234,0.7687410148850649,0.6184748139056357,0.6644644926432971,0.4094195790770438,0.5150869954085552,0.5148610749634062,0.6708907319189547,0.4411934089805019,0.6706255745776756,0.6230265230011033,0.7608798310515553,0.4794640822820252,0.7172755867291537,0.5257804023732251,0.6032390616180473,0.512345694812568,0.7319112762784024
189_SMD_id_12_Facility_tr_5925_1st_17580,0.9060138770535708,0.9437130530991364,0.9958562227799306,0.7828104511212427,0.6812629400495778,0.984123389257752,0.7650690943053455,0.9977783666740276,0.8925574715485776,0.9928959937095552,0.6423402987056103,0.9564500418979756,0.9733133664875656,0.7718844061269412,0.8007081097954237,0.9791330004143888,0.8309480175886521,0.9983432033801404,0.9186007825102512,0.9790311341324855,0.8122159820782113,0.9499794321686889,0.993045887563595,0.7801433226110999,0.8039525925010714,0.9828648342275528,0.7835911041235089,0.9977783666740276,0.932146360368926,0.9996857619287172,0.5213984095944638,0.949991328199422,0.9969896392398307,0.7802309634417337,0.8088618789162286,0.9003235905396978,0.8530588969496736,0.9977783666740276,0.893802265853105,0.9981781213393364,0.7771699594630685,0.9645715092214056,0.962329182880948,0.7611693092424949,0.8735473424691139,0.981606279197354,0.8059965470199066,0.9977783666740276,0.8759558667529582,0.9876689249537698,0.721428075131829,0.9587552208132796,0.9947447383799785,0.7802747729949345,0.7175912598143811,0.9828648342275528,0.8071944471722088,0.9983432033801404,0.8399293357548875,0.9970446981138268,0.5319705336061478,0.9662941520992558,0.997837017258294,0.7836309197421318,0.7781591765337694,0.9803477241671548,0.8052976721984865,0.9977783666740276,0.858738715313369,0.971598940622896
190_SMD_id_13_Facility_tr_7119_1st_15849,0.7373634049311559,0.8812501474245656,0.894491572697255,0.6545792495240406,0.3831228261502494,0.5322312226931563,0.6089316941225955,0.7708935360692216,0.731400892719488,0.8770298736996006,0.7939848508946143,0.8757407538898297,0.8465273052468958,0.6327936149435271,0.3905821162490355,0.582712273130337,0.9170712415037674,0.7687070445279874,0.7603575619812852,0.8711580665598136,0.7538093596606583,0.8935107257266586,0.860668615629288,0.6128441030769631,0.4137922594535368,0.5509563972913392,0.9170712415037674,0.7909503521209685,0.7509871592735609,0.8987165042518498,0.7312887514140735,0.8370616973440098,0.8507451156236345,0.6498723569930049,0.390904277124318,0.5991635712461062,0.3985133948691824,0.7916082611354293,0.7380175984660531,0.7375024646578977,0.7111982428405784,0.891772443575941,0.8637027989013092,0.6451651986821666,0.4171488075195534,0.5809153193539317,0.3985133948691824,0.8128971383633156,0.7324541470730206,0.8778542886801003,0.6996869872292658,0.8731093876903252,0.8828559656107476,0.6768276245546396,0.3908632776722375,0.4399505411984813,0.9170712415037674,0.8091606769188829,0.7375231840039657,0.8964343538181101,0.7305271215238254,0.8719527571435748,0.886415814021123,0.6832686417698596,0.3904170190696898,0.5045814008583065,0.3985133948691824,0.8022036286376697,0.7387189936031163,0.8895315212065843
191_SMD_id_14_Facility_tr_4596_1st_4696,0.4332621461858716,0.4487822589700804,0.842218110901271,0.9886000061291697,0.6505663166940547,0.7748354223549578,0.9418168815295116,0.9578622756491558,0.9982304290610512,0.9114235323027622,0.4573684574095751,0.633183763002991,0.94422157490198,0.9852374948863204,0.6420899630454249,0.7958981457053967,0.8887675027086179,0.9255606748139276,0.981791281969768,0.7745400643485638,0.4957838319558919,0.7332666870749704,0.834516296310152,0.994416413086147,0.7722277850393697,0.8378967735180263,0.9520201661028136,0.9293244292593654,0.9573444196425064,0.8319407191428422,0.4556124730816667,0.7506200288024059,0.958689132975636,0.98209197624972,0.7482744090472914,0.9114975963523164,0.9343901462868448,0.8761752347900679,0.9873980273994016,0.8595091414889028,0.4832437639891296,0.8410278419063402,0.9434004829489716,0.984862982054718,0.7372290573506018,0.8647941932908433,0.8938557739656112,0.9496594551607282,0.9663771078470378,0.9453272807572148,0.4852818321411999,0.5743212153702598,0.943418223932913,0.986184973946093,0.335104035211896,0.8954435493852496,0.9681307691045348,0.8325114671973366,0.9857191483849496,0.9565234533072814,0.4720277145545988,0.6759779318140473,0.658308786549655,0.995034230284125,0.4354914291395312,0.7829481987307666,0.9221310229048651,0.9064451728562848,0.9903356987546768,0.8590323821707376
192_SMD_id_15_Facility_tr_5925_1st_17580,0.7982643261742721,0.9926327372283228,0.999335911143788,0.6572092444602202,0.917340374620513,0.7533049296158479,0.995607278251616,0.9669271974638,0.9806341186953438,0.9997353527684988,0.63293850513842,0.977612833878566,0.9515989631082846,0.6680962216045649,0.687984069514604,0.8968051914679496,0.910394988532168,0.959637216761833,0.9669186293996722,0.9759724538242104,0.8209123982790208,0.962564271514854,0.9926174286614784,0.6873514537899512,0.6937232304049028,0.9653171291269024,0.910394988532168,0.9683577823856018,0.9859670754277948,0.9983255948570492,0.7813867949266157,0.975738601758208,0.999676256935339,0.6286587468143741,0.9664033323046054,0.7452537086629697,0.995607278251616,0.9672870633409212,0.9806149870531684,0.9989874198347156,0.610255198793065,0.9966625380270652,0.9519984767301616,0.6216623871502429,0.8843696009114582,0.8028153234223094,0.910394988532168,0.9577465684177632,0.9432245179631454,0.997753142264566,0.9178199701893855,0.9989874198347156,0.9989874198347156,0.7423546780249972,0.6891465015033067,0.9513542002632952,0.910394988532168,0.9636744385569186,0.9594035569818904,0.9997353527684988,0.870103331934007,0.9884622823142696,0.997871333930886,0.7505217374284507,0.95470544014237,0.894219533473473,0.995607278251616,0.96086572484801,0.983155103116628,0.9997353527684988
194_SMD_id_17_Facility_tr_5925_1st_17580,0.8289270289761971,0.9483778552501376,0.9938654573649098,0.6650691539520119,0.8084698079937891,0.9856740859246568,0.9827869099356432,0.974528627511792,0.8990859256063771,0.9811710717507736,0.795148373142305,0.9209332250690472,0.9960416340581576,0.7696439266370632,0.9151780449307746,0.5515970542347559,0.6563289167872238,0.9891306454661496,0.8648265192984149,0.9928982677234665,0.78272859886229,0.9514277491250268,0.9935735480970118,0.9504112287117504,0.9151780449307746,0.552131392473467,0.6563289167872238,0.991836238494244,0.853138458433912,0.992911953299831,0.6635698123937275,0.9588013988509094,0.9932609422688164,0.8455281779014667,0.916162480779912,0.9915031487866376,0.6563289167872238,0.9880489058722788,0.8227034565028268,0.9938654573649098,0.7338232372184351,0.9596569465799284,0.9893921837030428,0.9062746558478054,0.9164506568749364,0.9933120543201416,0.6563289167872238,0.9774269449877586,0.85312435191632,0.9873791007247672,0.6995695448160656,0.9756389498917868,0.9949535241413427,0.8640467275969336,0.8085762489758695,0.9825825991059804,0.6563289167872238,0.9796108738648068,0.8267491624654705,0.9918101578066514,0.7166916000297678,0.9210019042354533,0.9938654573649098,0.9394422254975636,0.91209531133001,0.9692652671279492,0.6563289167872238,0.9710983769545162,0.8392975087980772,0.9897549013887752
195_SMD_id_18_Facility_tr_5925_1st_17580,0.7463186592029191,0.9997577690889364,0.9997313294852658,0.976287135103758,0.8929468622105572,0.7080922136481987,0.7525079323470193,0.9833752749508936,0.9969246733179992,0.999731329485266,0.6449267711822627,0.9997842086926068,0.9973370956773034,0.9116188644717028,0.288155820619755,0.6956321853727372,0.954387531961156,0.9746918838816157,0.9976177623119644,0.9980502672446706,0.8080674052285571,0.9997577690889364,0.999731329485266,0.921805873648263,0.9604066756940992,0.6814872532538087,0.9449688540559952,0.9837015085486452,0.997271208417916,0.999731329485266,0.6518997181427089,0.9997842086926068,0.999731329485266,0.9317554499127938,0.9534830198367826,0.723032162896392,0.9690930889947864,0.9837015085486452,0.997271208417916,0.999731329485266,0.7717570374487898,0.9997577690889364,0.9813301773742448,0.9215148636521192,0.9856960558938094,0.7230019456905286,0.9430201249545214,0.9784003718910624,0.999731329485266,0.993449263083696,0.6649849203801885,0.9997842086926068,0.9876521268761876,0.9629215183033668,0.9618986120967116,0.7503160885507443,0.955240885473648,0.9833503314167766,0.9959631208809082,0.9997313294852658,0.7825112406018491,0.9997842086926068,0.9997313294852658,0.9697920020584172,0.971687428365345,0.7172101295017838,0.9666790645603413,0.9816690560017424,0.995963120880908,0.9997313294852658
196_SMD_id_19_Facility_tr_7174_1st_21230,0.6121830606469564,0.9384579842569796,0.8218488739188958,0.9141394363060212,0.8068164009573715,0.9300328778724544,0.6014292547310217,0.9324262452944804,0.9835373430494128,0.9295116411901414,0.5462305240550809,0.9080683208756322,0.4728582570478882,0.9650591806941516,0.8004488416504407,0.9848236734448466,0.9069969244059244,0.983247828052663,0.9727146396856696,0.9874155793326698,0.578255871755668,0.9090668244219824,0.9453415837631104,0.9756561078605652,0.9090423651795134,0.9822665589442058,0.9036660332748746,0.9662600641195508,0.9756706850360064,0.9679346396690728,0.5491275374642148,0.750223517543064,0.9722926000344876,0.9842561916704003,0.871463986990947,0.9690703335478984,0.9683585103505736,0.9425714365106808,0.9673603651890684,0.9608769585613736,0.5858378838551188,0.9642253491317736,0.9436540369199884,0.983630858451464,0.8214940122646999,0.9534946494181524,0.9647772246481876,0.9391006548432572,0.9712585118942918,0.9408106937782764,0.7249143255860657,0.8974507758317444,0.9308697615517432,0.9556815205092144,0.903541817912185,0.9620108247224284,0.983610802226806,0.9413250303798048,0.9789716682394864,0.7590699082650295,0.7336680729974895,0.9329947417672272,0.9157193191423656,0.9515454151208408,0.9185004348091816,0.950834100855761,0.973772871315212,0.9520326098160432,0.9783041366446632,0.9495075892483312
197_SMD_id_20_Facility_tr_5000_1st_15144,0.4038744422310298,0.8751863715949928,0.9642600471140904,0.6697209895145292,0.6876272410003554,0.7274594799944429,0.7183674691243128,0.8567823113373423,0.7389488433370451,0.972234728839686,0.4218471842532028,0.9606202592230512,0.9261474378199166,0.5075045024420366,0.716476611762433,0.7115612048158666,0.7451396113579365,0.841848795735216,0.764954587318738,0.9735933671621516,0.4247341576633054,0.9695926452997192,0.9723292535650292,0.6115867487736679,0.7788061851058831,0.8012621225063056,0.7686156145826544,0.9100854619413938,0.7591255321284268,0.9694167431954324,0.3662618276302344,0.958658928841433,0.9543835675509544,0.6352142929683731,0.7725728270668655,0.7315849246502166,0.7829185247756834,0.8748121333258596,0.7635467532245315,0.9678737422116366,0.4110782216697031,0.9557138905991112,0.9658435086059608,0.6174378892129259,0.8262803187494667,0.7244656636576439,0.757891261638853,0.8091772364800076,0.7370843548746676,0.9668946786520712,0.4166342644190745,0.9677275802424706,0.9487908653407032,0.7049078021560867,0.7376277114000283,0.7705710815238583,0.8046120934656275,0.8710532195924983,0.743522263692198,0.9679370927286912,0.4600132646994353,0.954560165941202,0.9597656897620962,0.6782173160192349,0.7204757538805925,0.7409325771675239,0.7651333444268812,0.8660398227900035,0.722095377305968,0.9689459688934948
198_SMD_id_21_Facility_tr_5925_1st_17580,0.7599810061038164,0.9901291086676502,0.9794194451645352,0.8939992991421206,0.9104215465092986,0.2387850347334067,0.8952290203238996,0.9073792178392356,0.9358091448094034,0.9666205437521608,0.6929650406474728,0.9874387813472412,0.9669530661200788,0.8829502922119127,0.9221211551015116,0.358306074858884,0.839506945205519,0.8547422502750144,0.916057146847775,0.9641346362157804,0.7032414387102714,0.991349998777702,0.9568347070811491,0.9089712703412336,0.9171805298215652,0.3720977876789179,0.9795309419286612,0.9056306408254284,0.9206078072086816,0.967075956266656,0.8492895172396052,0.9892833345588328,0.9621246961971798,0.9193250298818096,0.9026843490893892,0.3618384043916552,0.839506945205519,0.9337525681238416,0.9180588177219348,0.949456539184794,0.8029512822620605,0.9904430920358126,0.968970491931682,0.9035672683696396,0.9308648449276204,0.3446325150314334,0.994626667762867,0.9213463992426012,0.9047745247426916,0.9640748384563628,0.7567400622361348,0.989012741840889,0.95835280906146,0.9289660556869554,0.9212218590217088,0.3318204764683538,0.9795309419286612,0.9402619565250322,0.92208891456438,0.9699489142886972,0.7408089585437543,0.9912436980579724,0.9660124401560922,0.931142826747151,0.9335834679052242,0.42222370475325,0.994626667762867,0.9416873228054328,0.9176589692563142,0.9712634245584127
199_SMD_id_22_Facility_tr_5925_1st_17580,0.66015193606862,0.9430349464821184,0.9988383839102544,0.59980951123479,0.9056503106319276,0.8992956703849746,0.8883526991260752,0.946629124966995,0.9794983400061013,0.9969896392398307,0.6859570143740499,0.9706891188389164,0.918074947083469,0.8349556438896951,0.9638436169796758,0.8397163580330883,0.9034154643857978,0.9298483912310082,0.9543044153784728,0.9715892591033816,0.7029700574530118,0.9650108350197064,0.9854466849877764,0.8048244658965454,0.994882736203285,0.8346821379122921,0.9014584619689014,0.9545131057356252,0.950311772137411,0.9996307030547212,0.7027442281675488,0.9778199911391212,0.9935681523112064,0.7315154529344263,0.969660580153884,0.7545391146600718,0.9254516309788376,0.9898395143371616,0.9582498790961718,0.9996307030547212,0.749929670213464,0.985291967520368,0.9845279882355286,0.6899275079718747,0.990458758220702,0.8262917710442984,0.932035216977897,0.9461227388676314,0.9127632932503604,0.9914803890890618,0.7304929899530486,0.9740674429242784,0.9804286637394842,0.7724977271936048,0.9441802589727518,0.8367874372184226,0.9210931502331616,0.9957127711447572,0.951591578353072,0.9988934427842502,0.6720508671918153,0.9786123102835884,0.9904468621899682,0.6699916894929097,0.9406747019272088,0.8552385367388762,0.9061049102254066,0.9873224042767638,0.9452350886951394,0.9988383839102544
201_SMD_id_24_Facility_tr_7174_1st_21230,0.6591788370211191,0.9097318798240868,0.7846576426331151,0.9022354597714412,0.8233624991363211,0.7817762690195279,0.5526985038870306,0.8995147979678424,0.938350481829775,0.8553553782530652,0.6882102637515298,0.8622322441417746,0.8949908768105576,0.9788516787655058,0.6657368981692926,0.9625854969831672,0.9234542430060886,0.8870645290003916,0.9210834029832798,0.8902899512330407,0.7369624141927782,0.9216287425735966,0.9006266702872548,0.9626938759889534,0.8130709895694841,0.9637518427823908,0.8595587033613371,0.9371227694047894,0.918160803338686,0.9149724171860012,0.7363098333233031,0.9166068301633772,0.9333733321670872,0.9765818398390488,0.8587747515596204,0.964429072536454,0.9237903939000436,0.9248533521192334,0.9345216700573612,0.9062266845842246,0.6637331310114584,0.9811124866738632,0.8960131263279908,0.9836820679527368,0.8617460620620746,0.9366984092297764,0.8229164996694274,0.884935286588275,0.9446333465678496,0.8319444383120196,0.6378207680011371,0.8968223676331314,0.8472761722779673,0.9489676100980936,0.8717721605556188,0.9339894925584162,0.8395637715571518,0.907736034464183,0.9037925510021187,0.9043340880732216,0.6570323982266854,0.8838967804927319,0.6984985941547924,0.9490230413594738,0.8871396371908017,0.9413920014735426,0.8351263185732288,0.9190368291183368,0.925418178159713,0.9186927263638982
202_SMD_id_25_Facility_tr_6250_1st_21230,0.8950969720869714,0.904522720873144,0.6738731052094294,0.7744862730029872,0.6722636212896371,0.8790309499651268,0.5951467251918253,0.814722387890887,0.9017154961810676,0.7878735616031826,0.7936572678054613,0.9938258461353758,0.6775304518313363,0.9324189461658368,0.7155977687729923,0.903799860138267,0.8330143316503951,0.8556603212039139,0.9233452090348964,0.5624101169034691,0.7560061538268424,0.8396294143884617,0.8017542841459646,0.8638621400973125,0.8223855990035681,0.9324189461658372,0.7544059591592551,0.8647850558270886,0.9266620802694192,0.8616704188437534,0.7111201046940022,0.8431777171014222,0.9407459136183932,0.7683145990630528,0.7415182090512933,0.8863637711886827,0.8685041056048385,0.775430547572167,0.8940396336848748,0.852627126342759,0.8406420868690959,0.8602970353086052,0.9309835241577312,0.8537413865555923,0.6992168960724072,0.9247430836696444,0.9292832959092846,0.7698751475601349,0.7979727882637544,0.7448055158164987,0.5978437543922226,0.8510906271052545,0.9181754250575306,0.7370022577026283,0.7510619138040451,0.8940396336848748,0.7808762017288062,0.8271951415623154,0.8978775649329718,0.879355344861163,0.7116088817147015,0.8550549884629041,0.6894273319927506,0.7837452597044036,0.7597422388182075,0.9444538618751516,0.842201109206163,0.7168346126840601,0.8882827677884574,0.7974835732351596
203_SMD_id_26_Facility_tr_7174_1st_21230,0.8046950541558164,0.8317570144851741,0.8600689324884379,0.7458194441999356,0.7550053697672074,0.7832523184010581,0.9001893210760628,0.7027713694474961,0.7074579428638309,0.8790720948440439,0.5943043689972787,0.8421749337951439,0.7894999858472301,0.8015735142507421,0.6976665787390515,0.764145087591517,0.9645643878563362,0.751025100284936,0.7484726227914222,0.8424459942218661,0.7808211053447067,0.8213557828747304,0.910685115879275,0.8514410464350143,0.8065744106940074,0.8276016680679781,0.9624040254209172,0.7441951265517355,0.7918152340846496,0.8954732171421727,0.7613617720907803,0.887047256052296,0.8012863560133269,0.8204423233029084,0.7016571801314702,0.8172132558431776,0.9475637620874924,0.7278355772100638,0.7962648126590506,0.9143243214316056,0.6575912036695437,0.8465760093782396,0.7739435002400219,0.7568507007795902,0.7613080262570953,0.7818203179177377,0.9777034181850828,0.7612117853458982,0.8387215409822356,0.8705540012524581,0.7929416697172582,0.8271290647961046,0.8753559219954516,0.7245968264277354,0.7322208467111738,0.7486126918126701,0.975405084652732,0.7634840700735098,0.7558288197076222,0.8933590893648045,0.7831057482701874,0.83846749664462,0.7867281134276743,0.7457708906260084,0.6253610006419865,0.742715657584737,0.9615876256502436,0.8171982303431066,0.71883010412466,0.8808472152218272
204_SMD_id_27_Facility_tr_5000_1st_15144,0.3841212056449015,0.9552878871902796,0.9561113116553334,0.4062419069865681,0.4025711767275905,0.6089907472834539,0.8292612867530957,0.5520102142357055,0.2255010516059699,0.9645348336607592,0.3810120615822949,0.941093476094344,0.9700319577681564,0.5489155369007269,0.7895473164671574,0.6418043741984295,0.8140073721751372,0.657685468974146,0.3942738515028635,0.9675427410730144,0.4270034729348019,0.941902378769647,0.9579973743332616,0.5569342182704848,0.7889263762026749,0.6269638694191291,0.814370504174102,0.6161726029987418,0.3806270219928853,0.9765305625556304,0.4082173855030903,0.939094364610587,0.97000044108669,0.4704608072198483,0.4383044730232381,0.6121748270799017,0.8374207179497808,0.6033454297596118,0.3945795141401242,0.9795505462561716,0.4011979847951984,0.9421278881755916,0.9738310019437016,0.4151058655371872,0.787855598067332,0.6257602496500998,0.8131778052647661,0.5264438565291145,0.4750819107025497,0.970552518110834,0.4052203086754434,0.944799323487852,0.9688311969472888,0.3084586526925498,0.7875599956066729,0.6002401691070114,0.8251032354417204,0.618331477109006,0.3090875913826491,0.9664697097892064,0.3789024541045342,0.9473773912880312,0.9633781989041058,0.3221745824894358,0.777042448716529,0.6146242514947224,0.831219357574028,0.6098202644173715,0.3419287329992416,0.968826423855438
205_SMD_id_28_Facility_tr_5925_1st_17580,0.7266397282142095,0.9998376115790666,0.9997108485376132,0.9818216197515586,0.8799637098715123,0.7755914336403533,0.8317161746511156,0.9784034643516416,0.9941219204063384,0.9997108485376132,0.859916719693772,0.9998376115790668,0.9946253238459184,0.9597485843468154,0.5228794481041074,0.7796910061156149,0.9435692523752396,0.9630569044194563,0.9926835368615672,0.9974602662122612,0.7541839248256624,0.9998376115790666,0.9998301263761364,0.9689113766460186,0.9486678243381836,0.840121077363066,0.9071221180242665,0.9818784197488318,0.9941297499809016,0.9998376115790668,0.7348470915887451,0.9998376115790668,0.9998301263761364,0.9817915674664852,0.9465135920393534,0.8215318251430204,0.936686113036348,0.9810092257963282,0.9974602662122612,0.9998376115790668,0.8684775975582841,0.9998376115790666,0.9666841818375128,0.9876125479153558,0.9809061981167034,0.8176208453449058,0.9256812003369824,0.9749449840550574,0.9829149291976936,0.9916348807420666,0.7977442443498358,0.9998376115790666,0.9998301263761364,0.9893203670932752,0.9330995592121664,0.8597189189211357,0.9019757338219156,0.9776853919404104,0.9945841973941194,0.9573588430344084,0.772353157563147,0.9998376115790666,0.9998301263761364,0.9920417764981904,0.9338150083830868,0.876548938033328,0.9625535063179238,0.9763928974546352,0.9928259590521468,0.9997258189434728
206_SMD_id_29_Facility_tr_6250_1st_21230,0.8899365886922909,0.9144218360961972,0.7854866895820392,0.8319931094830472,0.5615043980139163,0.8442372687989661,0.6669465983559357,0.8825258399405864,0.9324189461658372,0.9707982586467988,0.8474843094164387,0.8890091751461876,0.8043480488873194,0.9573655302541892,0.781548069572413,0.9532333522276492,0.7928538706610226,0.7787928084410634,0.9381758740137076,0.953870434846419,0.6343640707075295,0.8762399233997921,0.946200930074532,0.9784741211429916,0.7815852101685918,0.9414189089859168,0.7824795108464229,0.8282612044855785,0.9439327399101254,0.9046285706256688,0.6507966600970382,0.787842501081227,0.986970147873646,0.8518223899558169,0.7615795359474123,0.9077368269884524,0.8529669223059103,0.8089655219944698,0.9439327399101256,0.9275093993510029,0.7664825597177174,0.911893837053684,0.954189192338698,0.9792914668712102,0.8460655240593996,0.89256648316811,0.9729964273921556,0.8358310407311428,0.9195072777868002,0.7447732887512213,0.7738218969846747,0.9725248481608074,0.960470217392349,0.8902017024367789,0.7972331399114907,0.806546051130948,0.7279537026778512,0.8265402202682571,0.9631223961506066,0.7657729575375328,0.8450907758629562,0.9631223961506066,0.5001376331435302,0.7933937994102724,0.7580395223381278,0.8721323181307271,0.7631867449245149,0.8339120441313681,0.9343379427656116,0.7559226794564565
207_SMD_id_30_Facility_tr_7174_1st_21230,0.6908414452895074,0.8369722198927932,0.8244603406680889,0.7111314758620031,0.6789700318876427,0.8283188102865611,0.8790176826335083,0.8495797131412653,0.7942324258538732,0.852238006180193,0.7941150739353912,0.8792934189765428,0.7913102512872571,0.7515280763272121,0.8768283527508355,0.8370372996044612,0.907460987050327,0.8546110353629144,0.7933704571820565,0.8477441475538666,0.6822240551440423,0.950903647551914,0.9344013893925012,0.7316402039107776,0.8050945001421691,0.7861427669752556,0.8511010181114319,0.8086936044410503,0.8219139255149732,0.9586226285846832,0.7614045094521468,0.9506225244752878,0.8415927476031412,0.7470368635941469,0.7961009863298122,0.7965013066789804,0.8052112225116359,0.8576293923368136,0.8479972709721343,0.946041315812446,0.779319310821778,0.8924992223760543,0.7985333361193697,0.7985047535236814,0.8132872075626031,0.8687166298494373,0.9052307496961504,0.8397453301073965,0.8184140793515413,0.897912660567782,0.8305688393354442,0.8791308708304425,0.8747571883570291,0.723286753361641,0.7266598798748327,0.8100842638769754,0.8593853057224528,0.7877883922843918,0.8508636555643847,0.9231795358062572,0.7864528086462332,0.9132871743465758,0.9088944657178236,0.7233650379289277,0.691972290301595,0.8479147072238993,0.8752478483829295,0.8623159425143806,0.8001086817765571,0.9116967079277466
208_SMD_id_31_Facility_tr_5000_1st_15144,0.2473335142170314,0.968709316041431,0.9254758444336976,0.1641359668142604,0.1875697538262789,0.2305334244267061,0.9414103354921308,0.6409511165724978,0.381713376448157,0.9681323880909783,0.3186692545693287,0.9685119216825996,0.9651319390329376,0.3455633409983897,0.705231669798344,0.1944224259041209,0.9120351740242364,0.6060363459723447,0.3802379212989987,0.971435318596735,0.3624594346396495,0.946418374278592,0.9580369705058298,0.3132825155097332,0.3108849902700116,0.1663801440808971,0.9312689558804662,0.6781921292287517,0.3143826341388267,0.9705787011360072,0.3274744853913529,0.9454713682018197,0.9593995766414438,0.3470687935307912,0.2522958615412713,0.165094311888175,0.9385893488141516,0.5839595111004489,0.3533852884350355,0.972970739745862,0.3322951205246651,0.9476325513883528,0.9518328523938464,0.3315231099585092,0.7051243892138458,0.2022313645384385,0.9173791384341838,0.5540388276719647,0.3309415581731321,0.9708481596494324,0.3317881291348175,0.9755160009059926,0.9554946912236671,0.2899140143015034,0.3907270769280743,0.1422614303153287,0.9250373370977512,0.6225984807893882,0.3514076111841526,0.9696769313234864,0.3458023740358564,0.900607974794851,0.9554555195232124,0.2917282138596789,0.7058605935797946,0.1993892188262185,0.9399266604262744,0.6624255050231925,0.3354020814197078,0.9675414715273618
209_SMD_id_32_Facility_tr_5925_1st_17580,0.8382268846094376,0.9770888199285132,0.9947447383799785,0.7793230095524156,0.6862512230469322,0.9937142342358698,0.7649561462004012,0.9510410562147554,0.6344529664839933,0.9943485754249402,0.7989023136307627,0.98305895592564,0.9710694320282608,0.7713621758446941,0.9241930871391904,0.9937142342358698,0.9324172338236484,0.9170348428116726,0.6929017428169117,0.9837843201653776,0.7144903646389024,0.9896556674474998,0.9856330648358012,0.7909793694416298,0.9241930871391904,0.9945535349185856,0.9369380569830524,0.9722790388516548,0.6264762312007052,0.9917075116100496,0.5563939235922056,0.9802798942874428,0.9947447383799785,0.882572482899441,0.9241930871391904,0.9949741002721718,0.8980293095636764,0.9730542561585558,0.644204226474316,0.987613866079774,0.8083843267182019,0.982398693354722,0.9622438036911298,0.7692449006071379,0.9241930871391904,0.9937142342358698,0.9258965940116202,0.8996497911707905,0.6385821438090631,0.9872727619987312,0.6812918381477695,0.9891215066691548,0.9961973200953635,0.7719194700932605,0.9241930871391904,0.9942894285370966,0.9257068300038348,0.9389265941592372,0.6030149054295907,0.9951408945694074,0.6692289947594119,0.9936113151544692,0.9951408945694076,0.8091072273211545,0.9241930871391904,0.9937142342358698,0.9402707708543088,0.95530484650156,0.6167305060961226,0.9943485754249402
211_SMD_id_34_Facility_tr_5925_1st_17580,0.7424712423382824,0.9730125630402392,0.9751332656674608,0.8549606737365631,0.2951395946203486,0.9812432830623696,0.9834370824571744,0.9988637412095078,0.8489082370409784,0.9877984104753896,0.7708333423145999,0.8218557662774582,0.9778146756352576,0.9087998979032794,0.9083674123835704,0.9746082795760564,0.986385330952814,0.9966074238554192,0.908744550670568,0.9924908752460796,0.6812073531112738,0.8177481949853804,0.976339897480015,0.8688785957497145,0.91096342060059,0.9723779291245064,0.9728071025060728,0.9992034374183476,0.9144569425847784,0.997049272191334,0.64612511152581,0.815812105821967,0.9821049315837322,0.8192204463707613,0.9080992713867908,0.9718172217839314,0.986851554858342,0.9996056462405628,0.8932973328188789,0.9859214234979318,0.6716170304488404,0.8420204155327198,0.9888800063693756,0.9080732967198965,0.9087696212057856,0.9641752060486648,0.978727232743976,0.9953421264548392,0.8933520708168198,0.9950472492953084,0.5966803600567868,0.8575498161593665,0.9827127634434432,0.9539943569863896,0.9087696212057856,0.977155437099045,0.9881878899452958,0.9996056462405628,0.8668868814967481,0.9943678622235376,0.6799240201046328,0.8593193541680452,0.9903547845246182,0.8250222092247415,0.9087696212057856,0.9691358118161344,0.9851125685944616,0.9978871577814648,0.8370962599299934,0.9934384033146304
212_SMD_id_35_Facility_tr_5925_1st_17580,0.6687815565765415,0.9598084043140908,0.9961954041562686,0.8119218979614843,0.7447386354199385,0.594097102090357,0.8149922137402154,0.98931715808671,0.9941086115206696,0.999018681315069,0.7294127398464295,0.9965636464178692,0.963084737876426,0.7628740288695749,0.8507455332626297,0.6323859295281471,0.874323301793554,0.9766430697451812,0.9891985417262712,0.9922989463491564,0.6247738971976952,0.9880471330846902,0.9119544749924337,0.8128129590789489,0.8907317223091291,0.6302297322599728,0.8851419907738824,0.9873650542795388,0.9909486641827177,0.9961954041562686,0.7804356747171817,0.9976684250945884,0.986558041779581,0.8678344917636812,0.9091119245369476,0.6258567590486875,0.8613223721339275,0.9900101723628328,0.993035456818316,0.9977119212876254,0.647826192970108,0.9955816324589896,0.9610902879770982,0.8708958548465925,0.8242890079745933,0.6532855263364491,0.8474724883777237,0.989983095952957,0.9834423883393344,0.9770639100721894,0.6249481853231215,0.9925383002402084,0.9899350521954312,0.8690616715507694,0.9123079742780614,0.6339621366592079,0.931145954560528,0.9947072228290552,0.9931701197007852,0.994476879728229,0.7219304932091087,0.9965636464178692,0.9927583553001896,0.8999012162047144,0.9269555758488416,0.6087139141514484,0.8663582165009982,0.98931715808671,0.9905804219211166,0.9937403692590692
213_SMD_id_36_Facility_tr_5925_1st_17580,0.6772359873835152,0.9881772272304892,0.998756988929792,0.2910430884652124,0.0815375996395443,0.4706301077639359,0.8736436698297841,0.9754762749271024,0.8778820386753193,0.9993439466722402,0.8980665615571387,0.744771778989789,0.994498106263218,0.78724691253155,0.6818928470087529,0.5496697447453249,0.9758920133468644,0.9756422894334094,0.8811327816876224,0.958972011690247,0.797601362141549,0.9118136152723604,0.9982318732800008,0.7441019287769143,0.7027337867924752,0.6068243512562643,0.9736191806754854,0.9878777526665452,0.9153090287557404,0.9972122687703252,0.8237305568885995,0.8779031535929098,0.9993439466722404,0.7686996655865624,0.7248993751432479,0.7473059612814923,0.9884593014356328,0.9927347770024104,0.887948561772605,0.9895983458317668,0.7995426675125183,0.9027430208544752,0.9994874085065724,0.6581157623875787,0.4201388044741769,0.538077462291751,0.993214189116437,0.9796944377219572,0.8501540653353087,0.9998450967819966,0.8465890995647499,0.906538131885682,0.9979228280709638,0.64627641795056,0.2204711987045683,0.5136392710838286,0.9579932971835848,0.9818613941164096,0.918662498747862,0.99934394667224,0.615927646315777,0.9974144981387888,0.9995461760407036,0.5438439413189465,0.1755028299745361,0.5532958774269602,0.9843228630548628,0.9773427348226132,0.8673014333321152,0.9995461760407036
214_SMD_id_37_Facility_tr_5925_1st_17580,0.7788597828030377,0.9830414769244036,0.977055030745202,0.7909753934235392,0.6676850307297114,0.7158447825083855,0.7244133028367458,0.9693927365906798,0.9772691060205306,0.9930333955624272,0.7234044330937176,0.9830414769244036,0.9403414752832124,0.858117039257778,0.6951175172485368,0.7045692756475956,0.7297512583434804,0.936869742610536,0.9862827166584308,0.9654131358647304,0.628035740788923,0.985857724021567,0.9910141554627524,0.8391444309140998,0.8820580806542071,0.7003638012082336,0.7528616224041152,0.9718149798068558,0.9776313305241616,0.9862444943232824,0.570942630790435,0.9820629508766102,0.9876419667078196,0.8255104515421647,0.4930834268830384,0.7121214014138276,0.7409593525534037,0.9710995306359352,0.9834131772024216,0.9872931321383906,0.8148982634363057,0.9849062075064902,0.9325320687686688,0.7779837128434021,0.4954765179129061,0.7181400638327177,0.7472130876777509,0.9605154584243158,0.9756478666924951,0.9819500219810544,0.6017893912046979,0.9838499508795048,0.99493498236009,0.7760092312927184,0.4928914728244526,0.7494694636423327,0.7850307247473238,0.9721805702769158,0.988616912164146,0.995418226132163,0.814893035306145,0.9848359741302064,0.9919601854960104,0.7744348153340815,0.8282424185856246,0.7435696124689034,0.7826796690293802,0.9732537803433334,0.9818651722195436,0.9939873277903216
215_SMD_id_38_Facility_tr_5925_1st_17580,0.5386614240325079,0.9959218213656724,0.9633887301287528,0.8188678089164209,0.754625774451373,0.5372985765323037,0.7465367106695889,0.9694175284604394,0.9839100663408684,0.9867117422336232,0.6366500625837536,0.9965236502301996,0.8079708463426475,0.8154579558453844,0.7213888643745924,0.6366865224502882,0.841520897164059,0.9449132124978804,0.980382075464736,0.9274588871144118,0.5796007258745388,0.99774584611378,0.9896585455363308,0.7684896238696461,0.841141732736532,0.7038871988441446,0.9240704386867856,0.9688822549825914,0.9843009247041984,0.9867118710816812,0.7285672150202219,0.99774584611378,0.976944666876108,0.7807168040720845,0.8360047313901824,0.6315551258919769,0.9034712864476072,0.9664039972262142,0.9864894240363796,0.985563675497631,0.7283570864447803,0.99774584611378,0.8943542137635175,0.8381347478862746,0.8011084780089376,0.6845740472311371,0.9519211752834432,0.976687221501382,0.9704086533775294,0.9399502021552064,0.5482583749799184,0.9935114036461824,0.9524825458232118,0.817439070319711,0.8813543025673134,0.6119627763477369,0.904840792609212,0.9794099115399398,0.983612874652979,0.9828134258292152,0.58248561586621,0.998136712642496,0.9582838317087882,0.8426510480036098,0.8597695965278428,0.6076628330956187,0.8980291910353702,0.9685188302647432,0.97879817612218,0.9794145795677464
216_LTDB_id_1_Medical_tr_500_1st_266,0.5887261993053676,0.516360078631699,0.5341220410996631,0.7086824420063328,0.6928188496056663,0.7156111665020702,0.4853244174488614,0.515267208984279,0.5610834585354513,0.5274520529988033,0.5737851724685327,0.5746706076073095,0.5293684327213025,0.6764529281045069,0.5015253296120428,0.7062092063818907,0.5064553185006903,0.4987266916936607,0.52075187604217,0.5523137372935988,0.5755490500806534,0.5714971366931597,0.5265431238243847,0.7119113473135917,0.6470589576726603,0.7254237331127952,0.500241538106693,0.5259819311139105,0.5281717741548598,0.5535773098360454,0.5692377389637425,0.5635877114161212,0.5382573441827512,0.6818654413807982,0.6479611215506067,0.7141712171582032,0.5016530989459954,0.5602132934141717,0.5399372359535191,0.5281161540393996,0.5677935331115708,0.5775551741911251,0.5946894456778323,0.7261448158584546,0.7216168586223993,0.7029104420380771,0.5006144177805886,0.5412677132850495,0.5330546630748436,0.5672312874082971,0.5698534979881603,0.5900586797614211,0.5304890585826579,0.7130166778018824,0.7392025140496209,0.7210247844032759,0.5036335186430384,0.5378241765090018,0.5217514454006252,0.54360340310932,0.5640494191921881,0.5796792863307169,0.526371383429823,0.7153282218050984,0.7260227935179143,0.7214183501159601,0.4957257157286421,0.5421653380716267,0.5091143332126832,0.5288708876244698
218_LTDB_id_3_Medical_tr_500_1st_266,0.5970059732294969,0.5234091342759555,0.5009432704718569,0.6717334850060873,0.7181940668248991,0.7074906529991951,0.4609526903279952,0.5000419612956813,0.5131460327553504,0.4831909076328757,0.5986658344843977,0.5186009260114652,0.5392801854337607,0.6410191824659583,0.5039229167312307,0.6249828103005403,0.4569729971678025,0.4844140198177234,0.5002098823750352,0.5225019654892644,0.5868182193523731,0.5383325010754454,0.5398914061952649,0.5505433047929771,0.5039051944544383,0.7173954414140492,0.4621707469882639,0.4769248048970503,0.5116038671285885,0.5229974537581787,0.5987750099835986,0.5093539002659137,0.5387535656469513,0.6223018479208684,0.503946585361323,0.7185363299858665,0.4589973001794254,0.4888657377542735,0.5263175963144892,0.5109376532995585,0.5934999987254594,0.5273307757675493,0.5441680141431052,0.5934698469212385,0.7026247920093521,0.7267842217258682,0.4707751336906496,0.4947130177488111,0.5127522706400157,0.5461238643889236,0.5915622379454674,0.5230517072122935,0.5106501233114789,0.6063109115503574,0.7119806839066297,0.7280869954212139,0.4631987807179016,0.4892313802205783,0.4980958728616173,0.5704704994519715,0.5883456264948042,0.5228828926177572,0.4909946508598585,0.6253257497641376,0.6989953836894022,0.7176352008009657,0.4574943616554934,0.4788977414732185,0.4979196223210274,0.4800534636588908
219_LTDB_id_4_Medical_tr_3618_1st_3718,0.5505012429323901,0.7816309208652976,0.8026952546696261,0.5826340160074603,0.6102457478368036,0.47928846018694,0.6957501892137938,0.8055005877664473,0.851689292040629,0.7403491896233039,0.5946398754935651,0.7848122844871112,0.8297824123276402,0.6488494081328957,0.6479178027074176,0.4758624453865596,0.6956006731996336,0.8320300615581808,0.8547159400646639,0.8134116058679087,0.5967742428661109,0.8015378664634889,0.8069854494647442,0.6385733918540496,0.7059239876293243,0.4736478034123121,0.6956006731996336,0.8465723878699676,0.8503977521898769,0.820740112812592,0.5938579130334973,0.7900917216564903,0.8278784922074713,0.632351060824785,0.6824505418859289,0.4824991391974835,0.6947153450244545,0.8318022947592622,0.8630647004611759,0.8075869805114826,0.5518190261471679,0.7950810011559959,0.8292630700308333,0.6887669972063455,0.7124527879360917,0.4786616136218905,0.6956006731996336,0.8370850126557865,0.8569482023678628,0.8206911873762281,0.5491944197648864,0.8101145704361882,0.8011022068358844,0.6592335698360919,0.7015224834989784,0.474375451748693,0.6947153450244545,0.8216553514458516,0.8598031284240928,0.8253515117146398,0.5723884299627049,0.8031310780800706,0.8256142949501103,0.6425670704001162,0.6896728975204509,0.4761988776806715,0.6947153450244545,0.81742017404145,0.8544855638623261,0.7673870980097581
220_LTDB_id_5_Medical_tr_500_1st_26,0.5857922357810473,0.6661807387988183,0.6576610691791622,0.5003075043135485,0.4917030957027146,0.5050587633798042,0.5816560055687127,0.6656309887190327,0.6216482662824105,0.6530671978080226,0.5687821150872464,0.634779304893106,0.6696555019160428,0.6136367456642942,0.6059235356116647,0.5298861825223287,0.5840989343897932,0.6240500302343583,0.6338024556945334,0.6684690273414573,0.5740010925876661,0.6236202845491146,0.6715993048057477,0.6379562324529874,0.6634490482430393,0.5871614805959943,0.509382438889351,0.6418330611037181,0.6227700308054714,0.6687549210125642,0.5770074706658729,0.6383663496920096,0.6599322237854774,0.6361425933602403,0.5754456915088494,0.5418562841656116,0.5840989343897932,0.6264790961676299,0.6127104933197867,0.664740775490939,0.5699014632421762,0.6351704410604053,0.6655293964641262,0.5756502842760582,0.6091605466971799,0.5297226375008538,0.5799365929240085,0.6485029321356651,0.6179832362086097,0.6675094278370519,0.5733421166347193,0.6467578221655849,0.6647055492398686,0.5585901658303934,0.5449374941643427,0.5293194207958414,0.5816560055687127,0.6476589343714589,0.6235653674523154,0.6596324700364388,0.5732480183151706,0.6470579748813376,0.6705195156752191,0.5586880562334049,0.5216783131455917,0.5342304496080026,0.5799365929240085,0.646451892148479,0.6304219698761184,0.6645123062142613
221_LTDB_id_6_Medical_tr_500_1st_26,0.533555739958722,0.5818341516496626,0.5967407673657301,0.6340883559754441,0.6699119633262781,0.5968167646105164,0.6417631855063568,0.6455131259762921,0.6140474642443953,0.5543824231426585,0.5408103487596387,0.6006048864920677,0.5978421323141988,0.6918833343805652,0.678893496327641,0.58180446488827,0.6547395928209725,0.6151989178546785,0.6149577065281144,0.6608241211276963,0.5314037535905614,0.6310344653745095,0.5977296486651011,0.6848629052108732,0.6651152339875624,0.5829434022770674,0.6191268544442933,0.6545749933975223,0.6253466169067582,0.6174965299540383,0.5317102447162974,0.5590229971564133,0.5905771321936526,0.6799725910676326,0.6789179814039227,0.5716206309159764,0.579911278720642,0.6179788354648675,0.626448472080988,0.6326796575678569,0.5302717432359841,0.5960792384137725,0.5975376943674378,0.6686333629181025,0.6791045662913138,0.5736221855357252,0.6240101252245535,0.6369606565773909,0.6274967941648972,0.5279064043629305,0.5262947917803942,0.5853236055226566,0.6081594172005844,0.681789519092103,0.6795362473594945,0.5830788010593903,0.6537789723755555,0.6483016645286515,0.6264226979151938,0.5793899435631668,0.5273025150265552,0.5695184304026539,0.5802979685536308,0.6921012387493033,0.6601362415414093,0.5671875946980143,0.6333934468519807,0.6724332004957004,0.6190527265653404,0.6099018675654657
222_LTDB_id_7_Medical_tr_3618_1st_3718,0.591277206600195,0.7810319757542221,0.7854553616249321,0.6102763788530123,0.6466027250162633,0.5746326861152475,0.6551469870129086,0.7513025644901841,0.7811710600670266,0.796190700688432,0.5910718387199251,0.7723341906707044,0.8063724607803087,0.6346228622057786,0.6498076255605448,0.5502535593793549,0.6551469870129086,0.7589936241391514,0.7769326060154209,0.8246681137934527,0.5924056046533335,0.7816045700416614,0.8075771053740263,0.6451972078647749,0.6685580167902412,0.557659710799462,0.6551469870129086,0.7761636225953051,0.7739491840031292,0.8125163400428586,0.5992348646205294,0.7825248651866097,0.7395844323946839,0.6419137258707471,0.6659798948778569,0.5690882232278347,0.654436253049956,0.7584395717405329,0.7802363686511238,0.8098733950750004,0.581252715220066,0.779535740541083,0.8361922577243541,0.6340766960764083,0.6968137869770247,0.5561334495488559,0.654436253049956,0.7488774423731892,0.7800048109315321,0.8447239554238207,0.5858789008197458,0.7948057144868714,0.8188992039410815,0.6343249095249436,0.6602717038998529,0.5619773947535156,0.6422367674505173,0.7609639314579525,0.7822254044117067,0.7990850789095619,0.6092924364760569,0.7885677359949871,0.7797353649921502,0.6297150983067817,0.6568717826802681,0.566785723102172,0.6484488729567726,0.7484920601459567,0.7837917076011364,0.7934244804334902
223_LTDB_id_8_Medical_tr_4456_1st_4556,0.6209906326795199,0.7035069333609958,0.6641587439367004,0.6128212830336229,0.6431116134766977,0.5775938092717475,0.5931717334751927,0.6300411383637688,0.6678933864108079,0.6588544166292616,0.5403634999546875,0.6843432029712256,0.6881812454892196,0.6275465481890943,0.65312903744582,0.5587823050595004,0.5986603838579965,0.6563196510919656,0.6573580267523172,0.6886437011728889,0.5949068446628247,0.7036384520902542,0.6852150593833322,0.6265863124577118,0.6540610151459528,0.560119948544595,0.601525843499295,0.6510994379716367,0.6603190099696582,0.6903047250745245,0.5701701528829666,0.6948140637247555,0.6762764269446364,0.6345291521889428,0.647169881597749,0.5635356146923344,0.5988167755835405,0.6623808155357042,0.6541893539883086,0.7066968443198391,0.5607023059035566,0.6968386696764177,0.7248678410360506,0.637080553978149,0.6975021192122153,0.565192183243715,0.5981726012169925,0.642542494368938,0.6475787065689056,0.7094754946309231,0.5845828466936491,0.7100533628625698,0.6804805770014805,0.6346808619825367,0.6599846853121,0.5607123220123215,0.5978734217744504,0.6342789387219794,0.6393022143698086,0.7128987504185286,0.5775467695912313,0.6697270834363868,0.7126439214494197,0.6210738032128896,0.6504226309301049,0.5638455880149719,0.6002481528738333,0.635766915514525,0.6480540936533442,0.669075508032728
224_LTDB_id_9_Medical_tr_4456_1st_4556,0.5864551238889125,0.6641651356776835,0.7028838417293223,0.6282773231540534,0.662923022845373,0.5633505067617909,0.6538877725975142,0.7089846922666099,0.6882606281069567,0.6956908613340576,0.6243743992254649,0.6444068316871053,0.6898146339083762,0.6843713880769616,0.6706818849459534,0.5500358049423624,0.6618970077422625,0.7170040398277273,0.7046727727978244,0.7014751253914406,0.64437235350659,0.6580069532576036,0.7111853964326792,0.7098742544262675,0.6893412318100369,0.5651259554012007,0.6520600903978583,0.7011825517957352,0.7169836158559796,0.7135080827456087,0.6209663590851524,0.6623990620958448,0.7049158479498003,0.729007229561587,0.6869233758916389,0.5643622704316592,0.6573790473366381,0.7137377830788229,0.7011208345128106,0.7180181256445799,0.6427466916180813,0.6669338242747334,0.7185239237002758,0.7169697117310833,0.7182550453564839,0.5782509663132969,0.6624057759713315,0.7175382939519863,0.7064055761620346,0.6758585904397421,0.5846099660603575,0.663070150971655,0.6862761771608212,0.7268621625390164,0.6978357878612381,0.5872423149502781,0.6425664429913895,0.6769409924573313,0.7122317527284248,0.6952359671255003,0.6027113104766999,0.6398746679763853,0.7118322176952254,0.6925436991811871,0.6846081501173731,0.5790730740668965,0.650671521154811,0.7060213346308022,0.708759885302207,0.675906406420135
225_MGAB_id_1_Synthetic_tr_25000_1st_38478,0.5329130706040632,0.5468498897932769,0.6328953572277635,0.5217932915129164,0.5182796436955378,0.4952064843611786,0.5256881952870542,0.6098165744207377,0.5127302013284942,0.5007387825698052,0.564607552842455,0.525820309895709,0.6600934267206645,0.5688809932525917,0.53450998755644,0.6292218537827301,0.5572988593419804,0.5794309536949172,0.4667649695150632,0.5189240749281829,0.4985612317746365,0.5133703018477205,0.6033894079489263,0.4753985385930769,0.4816864841512251,0.4749867968621444,0.5205615826224537,0.5391707252030876,0.468658497773963,0.4637095302204538,0.6057352163745882,0.5836628915207732,0.4732699572429891,0.4578835623064812,0.5656976954628073,0.4809620785694228,0.5895044753162607,0.5134424703625473,0.4862540990948478,0.4915258638829137,0.5098535443131843,0.4825000878408337,0.4375226144773199,0.6030155149457587,0.484273577459986,0.5142272843660641,0.578920739125193,0.5562070570198531,0.5066232667200297,0.5548274135026693,0.4992906372571118,0.4877144133614629,0.4358661347542948,0.5163178107259523,0.4675728811392727,0.5046013155533143,0.6327815246256363,0.6294844056804867,0.4816085915119669,0.4576043890725867,0.5887320348172765,0.528620012824471,0.5355696995813148,0.4852272387482286,0.4636266707956951,0.5365412055022653,0.5260625009175358,0.6027062441429161,0.5205333323752371,0.4811156204885662
226_MGAB_id_2_Synthetic_tr_20000_1st_45134,0.8144438105146644,0.5839290398992232,0.6465950903627942,0.5918323874089121,0.5968179009597296,0.4277817569404289,0.5311260396992602,0.5915980570170658,0.5488586723744517,0.5153075768236528,0.7483755149745221,0.5216892112037134,0.5123171705941459,0.6327529130635189,0.5574823354198339,0.5596714126561979,0.4469113843483465,0.6070908197384972,0.5005510494685598,0.5981081835397412,0.6867602261826923,0.609131876876803,0.6875927949830902,0.5007276113227583,0.6687132624455677,0.5813241157862548,0.6341097649474535,0.6007998246028611,0.5148234924333809,0.6231136959404401,0.6416919750440543,0.5340887425065396,0.5909640190180933,0.5641800308872508,0.601216289099535,0.5454916613562307,0.5986853223135475,0.6216250675785784,0.5354657794300447,0.5236912932216524,0.7966111624323686,0.522933803857067,0.5956111658798845,0.5100663998010045,0.5731756539973576,0.6254894452971022,0.5545964269760588,0.6367744606083106,0.5773033711446895,0.6720861913297661,0.8353476854996593,0.4731593761825985,0.6139691392139875,0.5899502092692426,0.5902304648420614,0.5628109046805879,0.5810987509698097,0.6078418270600396,0.491715323030324,0.6944555832287901,0.7987266608736473,0.5545436184690797,0.7030958045544025,0.5794515538669311,0.6068119840723212,0.500879175736216,0.5842406938061846,0.5549779789043157,0.5163137601643851,0.5352504788224306
227_MGAB_id_3_Synthetic_tr_25000_1st_44340,0.52835950102555,0.7303443964577743,0.8001180948672716,0.8577853960744364,0.8255491177242534,0.7754032790095478,0.7412290483883476,0.8579782707581478,0.655477549774137,0.7018370072895002,0.4411385562590574,0.5886706152896353,0.7867769769243633,0.872286785608071,0.8622445829063439,0.6400925077180359,0.7493183587896078,0.7646441567797115,0.8281338365691019,0.8562399920838057,0.527377168544499,0.7504687907488442,0.8353725721578046,0.854261725834907,0.8521775179812819,0.6786624124799933,0.8070441774925023,0.8148717299571533,0.8104441094102218,0.8491891234262138,0.5235291463506172,0.5096350371210161,0.8313199573551405,0.8983737471305976,0.7885936534835963,0.7258287823914576,0.7606064868878268,0.8980881925679859,0.7888236258929515,0.8555269699105261,0.5279753221048074,0.6736411231034363,0.7943395140937961,0.8619287212239485,0.795036111491358,0.7619892968894417,0.6614891735187015,0.9263767693237824,0.8405029943022455,0.8504160025718908,0.4978694345312198,0.8187864653586592,0.8732749920207372,0.8139987684341308,0.8570091430906417,0.7770433488622716,0.7896923967344752,0.9111939171687292,0.8259000310829325,0.8198088213886038,0.5117352871246355,0.8941469438137166,0.8526094329309065,0.8117071569370319,0.8474869597382054,0.7651849793094597,0.7353766621322975,0.8870661917319428,0.8434331058122168,0.7415690645794655
228_MGAB_id_4_Synthetic_tr_25000_1st_38948,0.5090504053251196,0.5529037087375838,0.7192509726418727,0.4459949739643129,0.5420263172659732,0.5960928998791636,0.4177078601454478,0.5745571705969936,0.5461970208519765,0.5798801149246541,0.6315026499109313,0.4836929857702041,0.4220443138660189,0.4462502682988249,0.6035103775087437,0.4894045890646445,0.3818831710205667,0.6108002688067627,0.5158288933853522,0.5188690211464945,0.5829533427450486,0.5480419242615396,0.5710845095577439,0.4900662408745648,0.5294093749994458,0.4202846818530309,0.4405925163192006,0.532344041641004,0.5779009087794218,0.6333245132744431,0.586460108684759,0.585242944872849,0.5649680948472448,0.5319828715677991,0.5500460945516251,0.4215102879954251,0.455449591948152,0.5546708753165291,0.5525486569575255,0.5357213623290948,0.6260169102177425,0.573736766046244,0.6004319852204356,0.5320556990469284,0.5380193297705743,0.4639363604394226,0.4810356418519736,0.6260422672364543,0.5374741083075754,0.5608861347635411,0.500700323718609,0.6566702645298927,0.489536611312473,0.5411692612554775,0.6059671676087228,0.4040938884764415,0.434898049729225,0.6335977440613921,0.6287809571423398,0.4830165426248801,0.5918610193126195,0.6350790911977767,0.5664254919468198,0.5298454623037847,0.6189295486021396,0.4772537497650725,0.4796335528674328,0.6426141201762894,0.5526025547037369,0.526905563882182
229_MGAB_id_5_Synthetic_tr_25000_1st_33098,0.4994444002192095,0.6180503309059161,0.6669197018669792,0.6491262812832852,0.6632501897409293,0.542151687204907,0.5548115814213895,0.6246799182148317,0.7786798318860632,0.6116940169049354,0.4985888139607083,0.5807914147462254,0.585038803706259,0.6595823582472804,0.6860211084101264,0.6369898213043899,0.6125469994300241,0.6454661706192195,0.7251604861939731,0.6479255412796965,0.51609869176183,0.6649006289640461,0.7248151696057351,0.6950642491778416,0.6702240678802918,0.5755200882255072,0.6815524037259031,0.6613442554201981,0.737649042188672,0.7584278167150686,0.4713484217396765,0.6051654780286096,0.6490831006400636,0.7182197660421857,0.7292523337129286,0.5971064209205641,0.5803842059536651,0.6107196000910173,0.7658654649030449,0.6932620208470439,0.5242130585941361,0.6327225346358106,0.7231681333837221,0.7073968371802721,0.7204082532453594,0.6212374804881396,0.494210093484108,0.7609426451620203,0.7843676240511693,0.7434771226305359,0.5025911181338779,0.8222277607087779,0.6302180493833068,0.747886058485536,0.7914686920932796,0.5833747335533588,0.6085241420449337,0.6353607777450071,0.8073326519373858,0.6683940667022754,0.4406836911754578,0.7578191326944658,0.7478157271252247,0.6977039100861814,0.7320868860497786,0.5809540743598266,0.6234734792097641,0.6694458123139342,0.8140649661230644,0.6423079970439831
231_MGAB_id_7_Synthetic_tr_25000_1st_35544,0.470199906782675,0.744484989663912,0.8198321754215014,0.5832407746291683,0.6411045016299507,0.6819423861009482,0.6536603998846524,0.6299425801221852,0.7870225103695884,0.8266075434332951,0.4623605851624752,0.6377731249737699,0.7737572044575137,0.6102074947822552,0.6335009180818768,0.7069673974981023,0.6203049930651341,0.7062268289240088,0.7735417130818231,0.812051030802572,0.496727351445117,0.702045216899611,0.7753482906302611,0.6222266438975147,0.6465512485905626,0.7615203780186259,0.732261632127542,0.7478495586381463,0.7985729703251734,0.7930206841383144,0.4346908013565692,0.7642135133911462,0.7534524172612624,0.6538765731096561,0.7405067463517311,0.7742427822171627,0.7137249057317011,0.7332643016582834,0.8193922444944712,0.8197475652623258,0.4942095210440377,0.6864828143081586,0.7490074202025104,0.6629438000453333,0.6756215954992544,0.7219402947165192,0.6856530360233881,0.7782452347250784,0.7684210422444839,0.8146843856859011,0.4468836153876376,0.8447181173428211,0.7125510925965297,0.6136516686507888,0.7338430818525725,0.7164068824656301,0.7157309456509929,0.7197228690215861,0.8072758475735371,0.7810556469248366,0.4923810092120086,0.7999271537636838,0.7794382355135443,0.6576569807418217,0.7227137881780625,0.7059196267767678,0.7328232102742307,0.7652191404453892,0.8346562232812785,0.8204527771352892
232_MGAB_id_8_Synthetic_tr_25000_1st_32708,0.5860652529299617,0.7525673942809956,0.7438952779294842,0.8488032721557505,0.8695313670739414,0.6744379457068338,0.6262597829301876,0.8260663159881435,0.7687317951268829,0.7029104450837955,0.4885524564319585,0.7233750807041058,0.8037542179873749,0.770005563280662,0.8016082845462015,0.6471740429325356,0.7048982406097555,0.7807621411992336,0.8484346109998643,0.8718309944033714,0.5592196746931528,0.7517886510715184,0.889650957535881,0.8137602598464523,0.8392530772353851,0.6776833277066083,0.7910501700198675,0.7190716925180121,0.8672663402504949,0.7862315671728696,0.4542927928895316,0.7564653013757068,0.7589459361202536,0.848436518885868,0.8518561309708432,0.6776773057998026,0.6654836354286019,0.7702990835400441,0.895348212453174,0.8314030616862033,0.5481217275943797,0.7390479563841977,0.9290339020007008,0.8499946267804063,0.8404217785868403,0.7364618060291559,0.6864550210584605,0.800186056782696,0.8841774508911909,0.8299628511328391,0.4738797062230896,0.7412642486267277,0.8456292339688162,0.858775951882469,0.888178619896696,0.6876302859506929,0.8056039840574403,0.8035608174771831,0.8555495385178886,0.8694517348115041,0.4740820339831575,0.872264960254221,0.8637996163582092,0.8648349564887116,0.8600510397924971,0.6925363242162267,0.7668909361733912,0.8033991203263118,0.820290708132194,0.8450012218190119
233_MGAB_id_9_Synthetic_tr_25000_1st_41300,0.6479699740589595,0.6641733928893253,0.6509827870647397,0.7677448023079889,0.7927083257880849,0.6568731410025775,0.692695154423902,0.6873575313687128,0.7811233013852665,0.725490156123138,0.6120084757580967,0.6657036950112355,0.651121871941856,0.7170920301301305,0.7296392633943091,0.669570575627006,0.7473805731868595,0.723728466981038,0.7794505642511196,0.7711847938551049,0.6244953018814351,0.8009123633858591,0.7621762834955109,0.7087852906690457,0.6958234700739945,0.5813650543568043,0.6548494547235959,0.6811791648138864,0.8489730978051312,0.7087063878095499,0.638038425806497,0.7489103889263764,0.7835612607404828,0.7309750808626556,0.7308379962195519,0.600976227872102,0.69850357816915,0.6706610190505116,0.7995281471941175,0.7989376448309622,0.5731282649484817,0.724459064959267,0.7462915845787592,0.8060241153841303,0.7248090461763722,0.6457623597704856,0.7820422803651462,0.7132405590002059,0.8006229852819969,0.7068779433378476,0.6107285876530656,0.7130265169338609,0.7277395287257692,0.8546386246163925,0.764890050621074,0.6177274494320486,0.7715881050911217,0.7157455855257913,0.843893994133678,0.7459074812568292,0.6562851072035313,0.8114018225722796,0.7637907698335512,0.7655729275129809,0.7903267673104014,0.6186513233220169,0.7073963676158078,0.7308781229715321,0.8175854359047582,0.7334890485613107
234_SED_id_1_Medical_tr_3740_1st_3840,0.5727233100688963,0.7782564798629017,0.4429994797247274,0.9425932899240448,0.9705354629277316,0.817069588388682,0.84587642652324,0.4025435978137954,0.4776513262441862,0.440322775778902,0.5191726541015929,0.7396267952244728,0.6031363826326233,0.9726062474588194,0.9736007180898651,0.774157143290479,0.7848510434721657,0.5773768740778544,0.6190364038345878,0.7173804839640281,0.560334785499312,0.8172993185269237,0.5497887449341623,0.9624161704719651,0.9777291179026786,0.8423312051575971,0.8653841512743242,0.5938032172948273,0.5463623416055651,0.5265580254139347,0.5561741134727538,0.7788706644776442,0.4256042274084609,0.9550425949191804,0.9772227650252834,0.8500020370304641,0.859318638531407,0.4498463078437867,0.5124752977443372,0.4404321688029494,0.5490786593383978,0.731208835738156,0.8922312556787402,0.981021436211148,0.9681418257969088,0.8334093909015562,0.8584204115173066,0.5266700482876352,0.6065936933733249,0.9183019410769676,0.5117157215628108,0.7903558122955124,0.5115036374006955,0.9507358409288076,0.979161712843846,0.8950461965390027,0.8851079274680052,0.4328237949925662,0.4914253549921013,0.5425014536576647,0.5664754768659189,0.6906697905241641,0.4205255267779753,0.9196157463994488,0.9734399036052804,0.8718655934710288,0.8922519208039991,0.4794718364287404,0.4635098463494863,0.4244088822645159
236_SED_id_3_Medical_tr_3740_1st_3840,0.5007559569538235,0.7761153688137443,0.5125592267691883,0.9749736685058856,0.9595160676708708,0.7955845094920421,0.8177094980370182,0.4204116147924019,0.4554647835350666,0.4633180810521728,0.517103645512362,0.7939407715095057,0.3598688214549109,0.966645680493078,0.964941722502293,0.7507482215332585,0.7970467618019916,0.6032662289404394,0.5897647987912904,0.5316031289039749,0.5631199190513501,0.8138310954417095,0.4806976778472297,0.960945997377624,0.966826728779292,0.807207683605878,0.8488840277009306,0.461805101427182,0.5363295586114663,0.4294361142556845,0.5286204638430386,0.7126669392123419,0.4512665134406826,0.9409033816978272,0.970760025493802,0.8123003206648729,0.869591428901684,0.4573461569406335,0.4762995370604118,0.5430621677976543,0.5692814610785735,0.7176570519143721,0.9334419723808424,0.979863268185125,0.9334075001483402,0.804234975186667,0.8439942299248646,0.5018784384860451,0.552314150726232,0.8894664369491281,0.523514101480184,0.8161195907243484,0.6799053673803087,0.9492259753963034,0.9720061089952488,0.8527552847215998,0.8892558846844523,0.5020691192631975,0.4919805538043518,0.607149647029621,0.523577820158972,0.7400960973220976,0.4938926878477722,0.9344483894223452,0.9706549484561484,0.84696867244711,0.8915422645556155,0.4317511865803374,0.4756478438645894,0.4866723295438702
237_SVDB_id_1_Medical_tr_11587_1st_11687,0.2319506031045185,0.657655340400021,0.7115682962122905,0.5015617113005151,0.5185108303426097,0.3460956200917203,0.5561267860286049,0.7589174179532961,0.7028363763800196,0.715564173523619,0.2316418367481711,0.6429522024989284,0.730276029636732,0.6938558180041535,0.6400756201384755,0.431152488958774,0.6658371672290493,0.7496341254403205,0.6843389430434675,0.7553647870461672,0.2430952520806195,0.6624609122603813,0.7088120190191396,0.6857596211751978,0.5913811310643784,0.4422905066157853,0.6469105581888447,0.7469477738543899,0.6995435692244256,0.7387460848931605,0.2254395279475603,0.653465700884792,0.7650439486190882,0.6002931680737101,0.547926727908104,0.450856125162264,0.6663571793522745,0.7420649370294281,0.7096307556091859,0.7402125205470685,0.2812346670348998,0.6607461804956636,0.7359211989280862,0.6790454146864343,0.6394241389837998,0.4320762002900525,0.6765060339616421,0.7572861863426051,0.6786617233788408,0.7630461108158908,0.2797453945994691,0.649262635029382,0.7460947428582358,0.5828831396820079,0.5563369323315083,0.4229850596155932,0.6544750642300909,0.7818811566950408,0.701347246067592,0.7267245341571396,0.307420560511146,0.6556681427918696,0.7338663864928733,0.5414339351939974,0.5522092094396949,0.4849332607807854,0.6455205600067547,0.723612574309652,0.7410369223361422,0.7098746714685878
238_SVDB_id_2_Medical_tr_25000_1st_71963,0.5780901506163101,0.716063841595273,0.6658899598879937,0.5427202629876242,0.6001441476379946,0.4321372161766905,0.6419458112458444,0.7935414765637635,0.7092576516403486,0.640635904264444,0.5563583738435952,0.6788465505053022,0.7281508488752012,0.7247291432999893,0.6401397539067307,0.5917355022915932,0.7149788263324907,0.7873713792250336,0.7377553032799156,0.7883336358474425,0.7472695622284014,0.7241150346185412,0.747864831354577,0.699717211589682,0.6321262076548281,0.5798759207918148,0.7188641780955014,0.8056320103526281,0.749667746145814,0.7314218547925585,0.70047696161792,0.7279793247117272,0.7429693466473652,0.6138680119414494,0.5564887898728597,0.5986090117016594,0.704592506831051,0.7958018656894598,0.7834836822930187,0.7192088943660533,0.6155231828141786,0.6874812453301448,0.7825993099184942,0.6066467363045166,0.6094257559009058,0.5680574693398123,0.7120560536615209,0.7795910901601062,0.7503807304031743,0.7356676430285196,0.6799442448362625,0.7045773383541205,0.741620470562848,0.6271844818151251,0.5779425534187862,0.5666031526003108,0.6670567822946629,0.7687779118436873,0.7935849699001348,0.717308050936184,0.4134808227027042,0.7092663088586347,0.7508479512152924,0.6101711264877182,0.5600752509459602,0.5381820559582164,0.6596892042533792,0.7820413109065841,0.7911853586978284,0.7085048047259829
239_SVDB_id_3_Medical_tr_50000_1st_106634,0.6858438476815178,0.781064935826909,0.753826640018179,0.7410418687635665,0.7215881174451215,0.5546790940112641,0.6930405670144543,0.8258141480395693,0.8023003959498458,0.7051972784386447,0.5972280185702492,0.7804267682138576,0.856013991355241,0.832536188795695,0.7779192249073036,0.5171003412797552,0.7471561290175369,0.856750946266508,0.8453149820715774,0.8388105829095964,0.6502099818217517,0.8101340760205078,0.8345378261288731,0.8216044042309786,0.7832976766393449,0.5827369422422587,0.7671635345051488,0.886593575887004,0.8429853965622309,0.821450968606711,0.6071441523399361,0.7993324886524724,0.8089369131572421,0.8089620963058847,0.7846727752246708,0.6043333679608487,0.7653095466791302,0.852070730548832,0.8308682472417604,0.7954181853708515,0.5949365657844964,0.8117894773690673,0.8476297765282413,0.8274566282508421,0.7760668346023728,0.529681329075872,0.7966693684564667,0.8401019921323614,0.8506429519814797,0.8262940400971724,0.6085847128914847,0.8292550041949748,0.8393535598049153,0.8215870206381406,0.8015337706856568,0.610832109169614,0.7666655832539756,0.8513669472971501,0.8472652971542135,0.7813514457868215,0.6152616000667328,0.804861816718817,0.8306596347009501,0.8032771097754101,0.7817846418084395,0.602188813744619,0.7093507579058987,0.8599066503678433,0.8339453248544867,0.7693632557223787
240_SVDB_id_4_Medical_tr_18462_1st_18562,0.155050638284511,0.7810587552586916,0.771435550013653,0.6113620723085451,0.6318964762316563,0.5278676674048541,0.6309259353209848,0.7802040718921053,0.8034592594119305,0.7307434387157071,0.1520334747708213,0.7479320506193331,0.7753758797676433,0.6204046648341485,0.6390214973971886,0.5521515909150816,0.6522614954124509,0.7866125148646664,0.8066276940213265,0.7604462945013677,0.1556352156809983,0.7870270678934062,0.7863948555546075,0.6305805500951318,0.6370183493163585,0.5424853137874448,0.657052539255863,0.7946467977200121,0.8122139105309316,0.7748854693486136,0.1576413635238108,0.7854888289488925,0.7872990874482875,0.6333393498986065,0.6286053747301192,0.5332419850633234,0.627763914883267,0.7986946774940207,0.8037714513645161,0.7777796888337324,0.1566551134765449,0.7716714991160658,0.7668602377634729,0.6259836564556939,0.6412238440786054,0.5410835258401013,0.6312067650515718,0.7962042450313375,0.8103357724655442,0.7579021026778823,0.1544087775294984,0.790328371353532,0.7727644059579503,0.6330170889028959,0.6273516311817305,0.5395111648893492,0.6522614954124509,0.8007298100934669,0.811333360198875,0.7892400497657017,0.1536711994192657,0.7929648842410816,0.7869867556822115,0.6371137642566509,0.625415096317894,0.5392730679845145,0.6065711630776286,0.788141544496998,0.8064222118350352,0.7432774608676241
241_SVDB_id_5_Medical_tr_11587_1st_11687,0.2912731386335885,0.6709989537727332,0.6799181561243054,0.4809914898358222,0.5359007911929806,0.4243410257493465,0.5807172011747935,0.7324192094556267,0.6793145564545803,0.6265127132931587,0.2873978139777268,0.6534145304597765,0.732421430170633,0.6860213173717076,0.6579402543030275,0.4517276910730523,0.6119789748958988,0.7179971696648125,0.6823848071727128,0.712270244528846,0.2386608401172849,0.651988852788239,0.6986392573980592,0.6274642046463159,0.6524697312567448,0.4424555372975352,0.601770946331143,0.7018284726054834,0.6933755864261033,0.7339071074352351,0.2575717898872673,0.6457585186040702,0.6995978643551595,0.5702710165314138,0.6111784324928793,0.4488288628687784,0.612737861464996,0.6755742326072152,0.6830495206490846,0.6605881036009646,0.2660947584367921,0.6631206458062204,0.7925534679789402,0.6799181782889457,0.7216545963259706,0.43570026723699,0.609417366515112,0.7149201185869172,0.6670806890507902,0.8152698380281321,0.2375298614094947,0.6491829738647664,0.7528034828378559,0.6055482417001625,0.6724101840319348,0.4371379390559812,0.5980334507871441,0.6914754589424628,0.6772381863484114,0.7718336672666588,0.2563535274986667,0.6451929008788245,0.6540251880018827,0.549315221095447,0.5849727317721249,0.4440708922290521,0.6078181654462146,0.680867387019603,0.6638711276355364,0.7164144676380765
243_SVDB_id_7_Medical_tr_11393_1st_11493,0.4898937207435356,0.5735203828101385,0.5911447163545119,0.6643313302357977,0.6566698616748251,0.6362024257764375,0.5164126405823738,0.6012278811296917,0.6063437243833589,0.5867424791875208,0.4936905780682609,0.6016681029071823,0.6291242145618539,0.6707787617370695,0.6700984626515619,0.5521242497530346,0.5326451554028173,0.628869172758836,0.6134704754403665,0.6374588898408234,0.4988740499306544,0.6067369479520284,0.6108175929946198,0.6921842321374334,0.7124280108368253,0.6012081482384434,0.5160418381973324,0.6336363972561486,0.6566450562108387,0.6304340129869879,0.5249991320677077,0.6209189939917955,0.6174960297145444,0.7078139021455256,0.7209914327033882,0.5812779315930503,0.53752854529801,0.6513527729869109,0.6587845998923246,0.6352346736244049,0.5114917271139353,0.6298111787346575,0.6709814823206119,0.712725317940352,0.7048147396234634,0.5768853002355112,0.5458772125349294,0.6297819394791929,0.6380318923333221,0.6324285800987042,0.5638717512017012,0.6124502806969397,0.6207244543917148,0.7402749124367427,0.7247375419522942,0.6192538181738655,0.5397893267178426,0.621548092167018,0.6369637007753745,0.6171615371908139,0.5208575030945302,0.6273010476871319,0.6171307268879874,0.7013751727152624,0.704558905427337,0.6152050160097746,0.5308923869243237,0.6204016373070527,0.6194207056937645,0.5901142396638679
244_SVDB_id_8_Medical_tr_17803_1st_17903,0.4271719616014162,0.679073672359034,0.6823489861845222,0.5842436192043,0.5983757482879921,0.5752284124783313,0.5533042980243179,0.6718247038545884,0.693796141923947,0.6434266853739552,0.4383121224006621,0.6456111573405261,0.7075963987815113,0.6311507688167443,0.658507009910669,0.5260451269084819,0.5756109335143617,0.7086545857412403,0.7167205684353856,0.7078538795802232,0.4228735972366904,0.685176548928905,0.7112399272723064,0.6339609936811113,0.6618225255574849,0.5345419689303975,0.5633591530105021,0.708191956557863,0.7240832380652128,0.6939788147197499,0.4210710431409731,0.6830291794332787,0.7028865729781886,0.6228471939321413,0.6524037875578146,0.5341793515209229,0.5565351199374698,0.6770658330118228,0.7220594605691256,0.6865037377079811,0.4010099539986866,0.6808201444797238,0.7056712010306412,0.6642104021621433,0.7047980144307276,0.5306530236282871,0.57431091095334,0.6985334482834343,0.710148722592105,0.7124738925896427,0.4159077932344064,0.7029185657321397,0.7091322236006563,0.6426507135351945,0.6713073996021249,0.5417174786743615,0.5627057637047064,0.6705865595439351,0.7143773149709984,0.6896216779338629,0.424450613708335,0.6985459391127499,0.6959453643992136,0.6025685787264616,0.6382649127885078,0.5376705847604737,0.563585916113344,0.650902225126095,0.6980632574031297,0.6894140288549135
245_SVDB_id_9_Medical_tr_12607_1st_12707,0.601770475033292,0.782508320345048,0.7880702379704251,0.4822889127853358,0.4876238950538963,0.6633499040377981,0.6224457194396515,0.7948900115695801,0.7877982987001689,0.7763707036814995,0.6004794829713325,0.7415088147399679,0.8159911482028875,0.5783363660937545,0.5809995864707072,0.4607399601428418,0.6232542534652685,0.7903058178906255,0.8001526539136722,0.8101054513260876,0.6135161453481688,0.7637543723670795,0.8172011031539463,0.5741135812359032,0.5712423991394876,0.4483716929808053,0.6224914893968063,0.7960108976971605,0.8031630191879935,0.8147833946039097,0.6148715170675778,0.7666209671960619,0.8145523532599337,0.5455855756215799,0.5671247045375245,0.4442947261104557,0.623208457165223,0.7869826846873379,0.7959599939298331,0.804599655056958,0.5993134102453586,0.7614181455543582,0.7939963051978979,0.5934012569404222,0.6385304051637873,0.4467234084243753,0.623208457165223,0.7649788020074174,0.793549964361285,0.7940751542046399,0.5935801093656872,0.7698543898687025,0.8127868692914191,0.5604763587898304,0.586283833989142,0.4509643629318299,0.6232542534652685,0.7756234711571444,0.7933714949849738,0.7970736190421711,0.6048205954790374,0.7698650094454017,0.8146664743660244,0.5328990982158106,0.578307783400522,0.4443804956584562,0.6224914893968063,0.793298497718248,0.7877550864793245,0.7963145381792026
246_SVDB_id_10_Medical_tr_20100_1st_68460,0.8270819661844125,0.8347782481392504,0.8327269549549914,0.6304531008011154,0.5705891531707514,0.6029809045714288,0.505156436715069,0.7491298960516887,0.7510424516005788,0.8310138498193573,0.7763888777269103,0.8067756648963735,0.866709496288653,0.6749781162537172,0.6650899510451307,0.4924224865567749,0.5605588553870724,0.8251258617695729,0.7163632044941829,0.8455712244452807,0.786553666203335,0.832413142939847,0.8562717791206381,0.6600677317912214,0.6753979389395709,0.5252771726025923,0.5605588553870724,0.816464312753423,0.7379461326392411,0.8380985613855942,0.7280286769297374,0.842774538912703,0.8471478320632478,0.602567138345594,0.6948393665761113,0.5074165041658809,0.5605588553870724,0.7958479561451208,0.7156114215541115,0.8267045113876936,0.7398963134171374,0.8166531067258276,0.8653067981799721,0.6776483565511003,0.6492094323089113,0.5073078049896387,0.5605588553870724,0.7992328132116953,0.7313464751060564,0.8483090165070836,0.7508457836963194,0.8243576535231402,0.8635470171419204,0.6382889236002705,0.6787357452327493,0.4963991990101784,0.505156436715069,0.7945378600516587,0.7274143957119694,0.8318970308397099,0.8181521046344402,0.8005675846028922,0.8391439032670766,0.5918252777670538,0.641472905813168,0.5115207547603788,0.505156436715069,0.8127023014905955,0.7505569865700205,0.8329705521197257
247_SVDB_id_11_Medical_tr_20100_1st_23611,0.5757118993399494,0.5909607954612017,0.6006491136802632,0.5014210055069359,0.512281491200757,0.4991171312742861,0.6350050985679816,0.6129655084624425,0.6087921255447488,0.5997462624756195,0.6544650008393395,0.5873503787181547,0.6479709233335037,0.5870051530552294,0.5723330993229233,0.5086512435821621,0.6221448378645907,0.6231170981027173,0.6086294860713478,0.5729788169278384,0.5957097978063568,0.5947700584801343,0.6418610759276273,0.5737109541867873,0.5704586232143012,0.4997781477895119,0.5861573743128536,0.6449466673677493,0.6229241353066717,0.6022497535157957,0.6353775208087362,0.5844256685299689,0.611286530822103,0.5266683003129975,0.5815883988988421,0.4978207949217383,0.6007700611237492,0.6538529650625085,0.5916883697375959,0.6022276244068175,0.6763904908381533,0.566013842808528,0.6579474302993029,0.5196544050580124,0.6288117035374763,0.4743517340133125,0.6072420411979476,0.6371305031257863,0.5984008450744113,0.6613359120494924,0.6311985713874187,0.5846897992151913,0.5844633636653468,0.5385161293035298,0.5955757534415985,0.4907506407947641,0.5821105492369939,0.6633409873865365,0.5841736358781255,0.5948587576027469,0.6653550303224705,0.5839112257282802,0.6004715599782846,0.5083266798001028,0.5735542461567665,0.5125892994092746,0.5965786203228535,0.6474240386806952,0.5995855847334441,0.6002040315471098
248_SVDB_id_12_Medical_tr_18462_1st_18562,0.1574510349815869,0.7884277315876872,0.784350189490843,0.6859705042565335,0.7045821902965945,0.5503428328708203,0.7164020317081606,0.7195586966938087,0.7736954986678003,0.8005784978946887,0.1589988190548686,0.7566538655094263,0.8045626611346022,0.6399323204404842,0.6718853535178914,0.4423150813468182,0.7041482858215058,0.7497968548591997,0.7915592268309254,0.8247497917234724,0.1603338389011193,0.7811315386311493,0.8149913278405102,0.661549464349835,0.7261376601903052,0.4729185185676353,0.6995498286942906,0.7426009451233714,0.7923031979278783,0.8109747280708127,0.1574225802594423,0.7795908163679128,0.8083673210455461,0.6604078767047807,0.7162902405594405,0.50665040530752,0.7002105569782094,0.7448769574276614,0.7673020996761086,0.8041589763134676,0.1499426010899411,0.7796111502382383,0.8368525432666827,0.6410313732826131,0.7221053124740299,0.4593720646619291,0.6985718072319526,0.7409776533900478,0.7824572687989618,0.8254042677042696,0.1591689282949153,0.7931378567024319,0.8165022120709098,0.674030695246619,0.7179362190703229,0.5273264022750979,0.7129749627526053,0.7093012722152758,0.7837563994539878,0.8034004246167965,0.1561094857659999,0.7984087383281084,0.7989026692466826,0.6734732495923915,0.7220606209659837,0.5140665170398435,0.7030855962256427,0.7232613945271605,0.7762755646232059,0.80464327852845
249_SVDB_id_13_Medical_tr_50000_1st_54982,0.5863561536666386,0.6456356023020877,0.6430135052200422,0.6983569995186977,0.7167256667903503,0.6309263092495709,0.5845158365983876,0.656487533381362,0.7044805297490699,0.6094137813997316,0.608479384845142,0.6325723402949766,0.6523459323211854,0.7241905522534317,0.7291845399542912,0.60078325853656,0.5947947113227025,0.6890587233563598,0.7336742343689757,0.6478117948896167,0.592517213458815,0.6634412412258777,0.6533333736763712,0.722984307089227,0.7313572414500945,0.6286489512660328,0.5978163407038217,0.6781946442495437,0.7387513711919421,0.6396934841280748,0.5889522477029773,0.6596154096205087,0.646728225782415,0.7310370671457582,0.7222451445770413,0.6253105649683416,0.5978040110990429,0.6742179398897828,0.7245511149270636,0.6355796893071659,0.5765910783974182,0.6495951308111448,0.6629828002586836,0.7360673104126004,0.73639916475024,0.6278558184636325,0.5934187233524586,0.6782550669607265,0.7281383310851701,0.6330310333196674,0.5573576336646795,0.6798052881394582,0.6435671346935343,0.7200150398828328,0.7365749833632186,0.6296302204002278,0.5982217765762794,0.673621116246459,0.7455486758071753,0.6257364916557474,0.5668510336563729,0.645558127934266,0.6526826246642505,0.721248950756609,0.7237086005835565,0.6201113880091829,0.5965188003417289,0.6890986432141665,0.7177243937049989,0.6347675742507339
250_SVDB_id_14_Medical_tr_50000_1st_107354,0.6374657307953656,0.8225971740516752,0.7769011149842386,0.578373890071607,0.582606710331452,0.4515234193184943,0.5539406913720373,0.8442675448325637,0.8774438328165575,0.738181151862262,0.5759710168669122,0.7881567125981949,0.8865408329230681,0.658831810599483,0.6972246409351733,0.4556735049422281,0.5910651873619469,0.8994751616902169,0.9091957137873026,0.8681288642083858,0.6075704204993914,0.8587359491701035,0.8940381678218762,0.648638605229404,0.7023796281913265,0.5693065642136806,0.5926057950420102,0.9010924527586156,0.906035830097262,0.833082177729592,0.6947605025183664,0.8523245079670702,0.8558587460827409,0.6538833614146381,0.6430138672148743,0.5914485214585438,0.5753153974678994,0.8792002573817549,0.8981498045923603,0.8139417399786391,0.6255844547877158,0.8151441836096424,0.8725853078525866,0.7309293117759325,0.7221328411282152,0.5302903965327751,0.5969917966156987,0.8852183541113279,0.9208065984323056,0.8483011124971664,0.656032236944461,0.8870624737626603,0.8758252959474683,0.697067988014134,0.7065893270581928,0.6027533893616307,0.5799998804859224,0.8633300024435303,0.8987112599800766,0.8186606477218792,0.6521875000549807,0.8375265101953179,0.8866086926517078,0.6445629372332143,0.6085287143068648,0.5702050237797823,0.575441154404274,0.8531047621867844,0.8910157850156049,0.7946937648700501
251_SVDB_id_15_Medical_tr_5421_1st_5521,0.5511493819599272,0.6788964619232075,0.6424496754294531,0.6046896269542753,0.5652889770789775,0.5485441361401275,0.5562108624394926,0.671405739413441,0.632746889406641,0.6605755349852873,0.5671664567198009,0.6564337808128764,0.6873212868782888,0.6157882329182559,0.5857295639868066,0.5525423788169728,0.5562108624394926,0.6597811566859458,0.656811647039101,0.6831361654481922,0.5582075460161213,0.6709851607377693,0.6870307467180681,0.6087799963802734,0.5943069080077225,0.5521352471368567,0.56013757953777,0.6509990552497192,0.6489163711979138,0.6833778644612089,0.5660624569529368,0.6683987121792253,0.6679511121191468,0.6070570596160122,0.5789069062869394,0.5545432847195476,0.559760234334515,0.6955606808808776,0.6442904365885749,0.6652774564361773,0.5680832160651734,0.6632914762245548,0.6856261427618388,0.6113190074110221,0.6154105858826844,0.5567478492331874,0.5562108624394926,0.6457596256477389,0.6478798169898832,0.6841560893973428,0.5380880498669927,0.659753835777409,0.6993115213883715,0.6065580826908361,0.5772402671024269,0.5594410538400441,0.5565881244320394,0.6644426157787215,0.6528771559146191,0.6695476738133077,0.5675530767538927,0.6680066607531269,0.6575944577737828,0.607246512447156,0.5787997517834794,0.5594246972154974,0.56013757953777,0.6486498049783901,0.6468216209834304,0.6724109687108382
253_SVDB_id_17_Medical_tr_17803_1st_17903,0.4327949520989584,0.7210477608606236,0.6809928523394669,0.5630172749942156,0.5937679406261882,0.5405367671144693,0.5963890828207921,0.641951771943976,0.6488264166678739,0.6430707179296278,0.4398135550663162,0.6848699768824186,0.6913309352348916,0.5997484387892683,0.6596778456071806,0.550726884795681,0.5926928405752904,0.6787802767031591,0.6626550727745971,0.6972780832706097,0.4131530424510743,0.7049389180162569,0.7059965320853866,0.6157976959774555,0.6529897244713796,0.551497425709707,0.580507070162454,0.6618060265239684,0.6594354973124668,0.6932225490534596,0.4067136391702256,0.6971151480710643,0.691175674110962,0.5972254851890019,0.6450995419823257,0.5460450303534998,0.57362708365178,0.6756566058819297,0.6558930339880946,0.6676679547243113,0.4069143004860343,0.6923320275514392,0.7343588380948126,0.6110716254013342,0.6851377381738925,0.5478341635943703,0.5820994397844347,0.6699589002550298,0.6570760962325517,0.724272278780012,0.42557983190495,0.6993551900199184,0.7334744571173764,0.5970349475025489,0.6377652238863291,0.5487792394691451,0.5731700018559311,0.6566990544593334,0.6472743037979729,0.6877831666818393,0.4061543675416807,0.7006077238393134,0.6949218235573759,0.5912956439373316,0.6330392534899938,0.5356799756919131,0.5760128162737703,0.6555980759981419,0.6403042134438701,0.6644980979183852
254_SVDB_id_18_Medical_tr_30824_1st_30924,0.4621113447379302,0.7287672670813838,0.7132589481485199,0.6162465427102887,0.6487116316473278,0.6122818518203106,0.6730171398970753,0.7599631518586659,0.7812412424228588,0.6893730857573274,0.504785731192293,0.7133943261972802,0.7641747894493153,0.7875129122174639,0.6938634510254892,0.6506424102401467,0.6951415052163102,0.7947044312781376,0.8201861990399588,0.7510805435030571,0.413336168208862,0.7255903848995194,0.7753874898028111,0.7225511215279896,0.68794944041829,0.6971361499486847,0.7105328399982364,0.7766107611981117,0.817808112093653,0.7335084409722913,0.4393583683992564,0.7319302270307996,0.7368044783696869,0.7033983345604087,0.688311371195133,0.7165372570348658,0.731425918636989,0.7697745983024552,0.8114161457303704,0.739198256734296,0.4405209287813008,0.7241412443118839,0.7814178922691658,0.7462520123164735,0.7054558843867822,0.6568612320157033,0.7125600257406083,0.7657032835904547,0.8255381058068977,0.7721243672147188,0.4434452614352375,0.7526854085000254,0.7371810280201112,0.7094054552137554,0.7018645427360558,0.717677657787289,0.7226294673183232,0.7247668813272194,0.8068850064303642,0.7365585508791984,0.4557396865968533,0.7405325614925551,0.7254076198568284,0.6855828018992741,0.6754517611026835,0.7278062666450681,0.7009615995312766,0.7525603196674038,0.7769222244494591,0.7328526858688735
255_SVDB_id_19_Medical_tr_50000_1st_54982,0.6164276867171905,0.644594272397201,0.6410704744040636,0.6432731048204134,0.6356345713171931,0.6154445504742042,0.5572973878244022,0.6032056848521101,0.6061568483497658,0.6201799328802464,0.5832350709129089,0.6504931435698553,0.6623554015130615,0.663546625868574,0.6778239740231589,0.575833107441018,0.5900922741949426,0.6240255923655849,0.6361113660132941,0.6662804471288799,0.572493335739142,0.666697334522148,0.6382780548405167,0.6705228960887402,0.6651001863068717,0.585654300568971,0.5894005907323061,0.619036154198948,0.6310662788972534,0.6532977257356625,0.5969144150854584,0.6659451577079316,0.6325716185302152,0.6621203344666274,0.6604444434353223,0.599041963077578,0.5533981744726454,0.6101854720792128,0.6258387420936442,0.629067959289984,0.5983194106588862,0.668338693037908,0.7141306495338936,0.6735854920000881,0.6544033889732509,0.5859626329733503,0.5495945733147073,0.6083833249463861,0.6359233152757773,0.6935927132563872,0.6113913705089438,0.6614249943099941,0.6291449147606473,0.6601198996435825,0.6532742350875727,0.5988745510993105,0.5883716838166625,0.5998564573565629,0.6183090485508264,0.6122502535320159,0.5889547466622885,0.6566809432460621,0.6333174281474991,0.6623541722768154,0.6572099485109613,0.6035585712621292,0.590228715962465,0.610539079241928,0.6177110239016373,0.6215944894773807
256_SVDB_id_20_Medical_tr_6264_1st_6364,0.5284797261942229,0.5765625897166152,0.5842400130232184,0.6120352586593889,0.6122652173058019,0.5968912088169015,0.5042219936481751,0.5906091437423086,0.5441860086100355,0.5436178899597345,0.4734862207825129,0.5674926815100947,0.5727477088530392,0.6049963583207126,0.605825540648167,0.5749253374141496,0.5051333698146236,0.5396071715849092,0.5637532418218713,0.5518327577712093,0.4970809578523523,0.5846076788206149,0.5567299528128284,0.6091270138807895,0.6199004609481588,0.5837815863329755,0.5042219936481751,0.5623344453905776,0.548082603114567,0.5513661230084514,0.5021336645206497,0.5811375444693148,0.5812555414820862,0.6082658123554292,0.6144097036494303,0.5846838432013719,0.5032964914755514,0.5803302046872306,0.5511662448377518,0.559406969117602,0.494394559116326,0.5802605915291876,0.5825639985184634,0.6106600118768368,0.622419356194716,0.5889979805666089,0.5032964914755514,0.5574562301225902,0.546702349200916,0.5801590746057966,0.4790446366731536,0.5892161610975091,0.551795757139428,0.6141349195697602,0.6207330257534591,0.5870038356332268,0.5023851619817745,0.561405891358561,0.5368458137741826,0.5938757840514709,0.5233373450981089,0.5845777261977383,0.5773194445528177,0.6120223879945954,0.6224566928833214,0.5883005061322722,0.5032964914755514,0.5744676454437473,0.5400314302981278,0.5319753638511109
257_TAO_id_1_Environment_tr_500_1st_3,0.9393137870310098,0.9767994229492112,0.9786267803484608,0.9694845639584868,0.9253493240370276,0.9478003783621464,0.9344818366620145,0.9644356194943866,0.9703366228972898,0.9769881108430588,0.9411125015526592,0.9787657231396704,0.9787254752024008,0.970594142763609,0.9124441634710934,0.9424683569560756,0.9367126073623068,0.967714288107252,0.9715963803657696,0.9777721590782766,0.9384590194453984,0.9784894924015294,0.9791712142615075,0.968760408290138,0.9115524428843124,0.9463252625985774,0.9362305785634764,0.9647733435474044,0.9680013896342802,0.9780735378697673,0.936983518538535,0.9755099241038236,0.978659588594225,0.968259356419934,0.9110951523197166,0.9402832985662052,0.9362305785634764,0.9642012373589676,0.9697855244815028,0.9780627994604124,0.9379267050315496,0.9793534172574088,0.9792113442236814,0.9678294599036584,0.9128682664047808,0.94294599630438,0.9339116759543024,0.9652006603619256,0.9693439829660976,0.9781734470365208,0.9374203242923952,0.9791879307119749,0.9793120703099448,0.9680667235979452,0.9142348306524342,0.9434374331273874,0.9350509120840068,0.96431516873771,0.9683014414312908,0.9781732340556336,0.93781924676335,0.9792294668595478,0.9790355533696152,0.9671624441928668,0.928015672400594,0.9452908620231172,0.9339116759543024,0.9644821200612128,0.9696917540481836,0.9781532957494654
258_TAO_id_2_Environment_tr_500_1st_4,0.9647256077699122,0.9851810050660637,0.9851022375482238,0.9742260283198306,0.9497309987854168,0.968979489627708,0.9563071179284032,0.9703970541068448,0.976108292725962,0.984191604821748,0.9640294507213516,0.9850352314525468,0.9845448865713138,0.9730197431760076,0.948422043283994,0.9695390999013944,0.9568818918486932,0.9726088034084116,0.9770421083702964,0.984217483672482,0.9647039916778812,0.9800406534602328,0.9850278483054872,0.972177149574086,0.9487162652850024,0.9665332397948032,0.9559964891676812,0.970641661854068,0.97553472968926,0.9842061062509068,0.96339510507172,0.9846834876006828,0.984785227625688,0.9724018831339446,0.9494321513500692,0.966121752778626,0.9658141676250698,0.9707564519795964,0.9745261635472876,0.98415111702152,0.964267132765426,0.9854351657838656,0.985090563734716,0.9731049791726945,0.9491574556610232,0.9689326306448311,0.9660604301830692,0.9715185770851852,0.9752509063164806,0.9841720838847664,0.964671023989098,0.9855021762735,0.985125008581956,0.97359905225451,0.9492239536097262,0.9693914570039568,0.9660604301830692,0.97121187158312,0.9770661312103616,0.9842241741289176,0.9642379379367152,0.9851749611979634,0.9850697965294004,0.9719743153259702,0.9489150470985348,0.9697251927667406,0.9559964891676812,0.9711205009361672,0.9774372056225056,0.984263074785338
260_IOPS_id_1_WebService_tr_5000_1st_11804,0.7586584317953581,0.9988953733096796,0.9988953733096796,0.9988953733096796,0.0012494262446949,0.9805439458734378,0.9805439458734378,0.9955587647910674,0.9922221562724556,0.9988953733096796,0.565136265890121,0.9988953733096796,0.6268634429005672,0.9988953733096791,0.0012494262446949,0.9805439458734378,0.9988953733096796,0.9988953733096796,0.9888855477538436,0.9955587647910674,0.6618979129298688,0.9988953733096796,0.5951657425576289,0.9988953733096796,0.0012494262446949,0.9805439458734378,0.9755391136793956,0.9955587647910674,0.9955587647910674,0.9988953733096796,0.565136265890121,0.9988953733096796,0.9988953733096796,0.9988953733096796,0.0012494262446949,0.9805439458734378,0.9955587647910674,0.9988953733096796,0.9955587647910674,0.9988953733096796,0.6618979129298688,0.9988953733096796,0.9888855477538436,0.9988953733096796,0.0012494262446949,0.9855489392352316,0.9922221562724556,0.9922221562724556,0.9988953733096796,0.9888855477538436,0.6151853936693008,0.9988953733096796,0.9922221562724556,0.9988953733096796,0.0012494262446949,0.9888855477538436,0.9922221562724556,0.9955587647910674,0.9955587647910674,0.9988953733096796,0.6118487851506889,0.9988953733096796,0.9988953733096791,0.9988953733096796,0.0012494262446949,0.9888855477538436,0.9955587647910674,0.9955587647910674,0.9955587647910674,0.9988953733096796
261_IOPS_id_2_WebService_tr_2178_1st_2278,0.7069274787175107,0.7473515068844302,0.818989439514323,0.8693681031049633,0.8015355551741976,0.6802141784730872,0.7923031823905543,0.7077168041361283,0.7959991864489449,0.8950594267996517,0.7565783567995612,0.9267171094143588,0.8294901817405871,0.6484539109332879,0.608881877742774,0.7410994496905213,0.5244376545097729,0.7613887441665241,0.854080502576784,0.8628191793356652,0.7238017791122653,0.9985695086225136,0.8281519488972126,0.9315909501153116,0.608881877742774,0.6428552306623754,0.7721453142059143,0.741367225549658,0.7829652917027342,0.7750067499138067,0.7484406910470854,0.9940427474051524,0.753714043582565,0.8680301278536842,0.6643328945380033,0.6527890714276632,0.7875089481933174,0.7842287643731823,0.8425307670079899,0.7874526012747849,0.7157179467012916,0.9985695086225136,0.8240684793123618,0.8919375455445712,0.8010296469409734,0.638244275677434,0.5965089388268604,0.718519433804987,0.7160407154200256,0.6945430173307182,0.657764922647922,0.9985695086225136,0.8085335306086298,0.9848903565853012,0.9206405632657316,0.7453746272434452,0.6353216576981175,0.6930352497375339,0.5882839341396953,0.7391217460001385,0.7328651196834616,0.9985695086225136,0.6364440541501418,0.9457878985156624,0.8223062687878262,0.6632535470186421,0.7590742390380651,0.6619381283642334,0.7347236597706818,0.8498502653350251
262_IOPS_id_3_WebService_tr_7028_1st_7128,0.3459904558819359,0.6831402185503819,0.8420133147527861,0.6138413084588406,0.3019397374916043,0.4778972078540308,0.4510987265947964,0.8954070419252137,0.8910425843410038,0.8320115727207545,0.3508577070415818,0.4292812105553115,0.6243612313740714,0.6302245687889962,0.2954868982105906,0.4750900892246434,0.5140137238109551,0.8781359715959619,0.8398941419804432,0.6671669167331252,0.3799749006721351,0.3646977421318513,0.6914378435621329,0.6341576745266246,0.3892897916379669,0.466061881575819,0.5233227654042801,0.899272251183511,0.8788196429126577,0.6835296842256444,0.3518280989311075,0.3942513099916696,0.6709268051828461,0.6405406807857713,0.3817396895177782,0.4342606119129009,0.5128738444920978,0.9054194964627476,0.878999091956927,0.7112529444718695,0.386335961027891,0.3783335585319135,0.6577545950516211,0.6423447643364318,0.3925870098792293,0.4669096056513548,0.5340408584988944,0.8993167146961136,0.8744905129615704,0.7071657097275252,0.3527258987667182,0.3796289127962872,0.6592948223166397,0.6214773794176883,0.3772594327791386,0.4611050998191235,0.4925219495059107,0.8946761545321146,0.8921889280562112,0.7778899531535838,0.3836122546768495,0.4039263496230219,0.7465845878288985,0.6333116850691728,0.2955788515019043,0.4728620318721147,0.4976842928260782,0.9014382834627064,0.8834385842378598,0.742709796706803
263_IOPS_id_4_WebService_tr_3482_1st_3582,0.5689622140091176,0.9901971062743508,0.7750508014940914,0.9780393941859664,0.425339262881632,0.949821232683734,0.9034582907189204,0.9525301427436386,0.914596747275186,0.9920956712417616,0.5555819109446637,0.9641970106908744,0.7812059772358069,0.9878071084009432,0.688482265007763,0.8358084422426365,0.9350220654597384,0.9534882594176688,0.9080726460985086,0.8224150751045998,0.5464878856921894,0.9528415247691456,0.7760098100877877,0.9852179300678005,0.6851658974892848,0.9442799378505272,0.9157812963832876,0.9487843272729628,0.9024833372093402,0.9340792903030324,0.5728265039427398,0.9661473694318776,0.7749607993189089,0.9884336445458258,0.6882829528146653,0.9425508461441988,0.9417331555393011,0.9495274709891388,0.9132630088884848,0.9447313401300758,0.5551200544534309,0.9650209636224212,0.871341395431547,0.982726971039288,0.6878975871455113,0.9466572528965526,0.9357054478914834,0.9480401321143744,0.9106006353494976,0.95858654302427,0.5607373668412103,0.959580783246753,0.7749876359631827,0.9867855830451272,0.6885494514003153,0.9376455792873604,0.9231937143300772,0.954309438543984,0.9210612565192436,0.9937660911492002,0.5694644109687992,0.9595430470269672,0.7953413465719227,0.972811017333166,0.6866858364407814,0.9509183136472468,0.9343204755017492,0.9534325296323964,0.9087508091437156,0.9904919123275248
264_IOPS_id_5_WebService_tr_11665_1st_11765,0.3051905987312386,0.774653936792849,0.8725648861612125,0.9393725801616404,0.0944075732037174,0.9946472258187312,0.3428258569900441,0.9664727368819326,0.9315119591725224,0.8140347772027952,0.2856323617595816,0.8261264114340742,0.8913105772906127,0.9868102094803208,0.0715615775755593,0.9946472258187312,0.5415738293632635,0.9776777564448648,0.9682790741565588,0.9476983864625426,0.2451705825035537,0.8532777590637612,0.9703911445244257,0.9923865054998998,0.0711923934342858,0.9946472258187312,0.3428258569900441,0.9839931073411512,0.9425912958486928,0.9863530178931348,0.2491184287231388,0.8957814093779936,0.971341962961126,0.9949749070088284,0.0715671150725066,0.9919694959482322,0.3428258569900441,0.9869800765245108,0.959154245893024,0.9693566773636187,0.1651822645920407,0.8968611729388076,0.7255906289289431,0.9782417170187656,0.0713551903229893,0.9946472258187312,0.5415738293632635,0.9719392650728312,0.9326379279228064,0.9604737861288744,0.326927093356482,0.7906878971028386,0.8735432283264531,0.9523435446765254,0.0657635998792006,0.99460212697531,0.5415738293632635,0.967343263980989,0.9375672323979756,0.8515445836384627,0.2743574659940903,0.8655592508163993,0.8729782864484893,0.974564975899852,0.0715194693652534,0.9946472258187312,0.3428258569900441,0.95917651947765,0.9487050069917462,0.8237541574952398
266_IOPS_id_7_WebService_tr_4010_1st_4110,0.3249072319129561,0.7181999991010074,0.9220731966760216,0.6732627168868213,0.0612390713693365,0.5003699761022949,0.4965403315248477,0.7109848729350405,0.7731135084892333,0.8779677713447117,0.3631533176566361,0.2917875568312261,0.628565044688614,0.7941795547502216,0.1332801836351886,0.4976013432460908,0.4601799624107351,0.6459163180664966,0.6846711598365752,0.6890769509365156,0.3400757581898365,0.2719797027875393,0.6446043799858483,0.7946859608665521,0.1328141102127426,0.4821476924296606,0.4814911588229112,0.6538833002968995,0.7310035787844235,0.7413260186703164,0.3634914185080884,0.2683644011691069,0.6126659394811007,0.8004238069359098,0.1336741287980292,0.4965054942366063,0.4836498804371594,0.6742445795505443,0.7328168341796528,0.660233037336507,0.3674625238478283,0.288316850272218,0.6725314970802917,0.7649147053987256,0.1341249505302248,0.4989471433855427,0.4797615614707017,0.6698900359719616,0.7046944740950639,0.7529078952665301,0.3617294473486215,0.3096225566141359,0.6677322183526729,0.7696725191762548,0.1340264248062637,0.4991441594324069,0.4775647881540376,0.6878456007672213,0.7576013392926794,0.7886344923333419,0.356292442411497,0.3062396545002489,0.7648098294714198,0.7789421179671391,0.1342837168463874,0.4976598956502168,0.47435675463672,0.6919693871310714,0.7366904983925008,0.759286600738743
267_IOPS_id_8_WebService_tr_1534_1st_1882,0.766650143535176,0.7453683479488409,0.7857919941738585,0.8810515276855192,0.8038331414972081,0.7490391907131789,0.8325453239657102,0.883614288655036,0.844638109866062,0.7585536524837099,0.7643906888595765,0.8796005426903047,0.7857919941738585,0.7207278769332249,0.5518520008311488,0.6846341166808858,0.8497710729377972,0.8244307797801923,0.9328977181687422,0.8308966140887722,0.7256230646997524,0.8512550800441522,0.7859583457302234,0.7171985772258572,0.5515461519947389,0.7594756142357724,0.795615382487287,0.7970861145754121,0.6742176509855228,0.840971205021425,0.807075208881331,0.8845858353194895,0.7860077958715902,0.7889859404924865,0.5619137044413107,0.7449534002201088,0.7823715148637196,0.8495709637118289,0.8874567751269946,0.7739753130207757,0.7740425339531747,0.809012546522421,0.8275644264054951,0.8530987786729601,0.6075831399168927,0.7355103335242266,0.8134340011738159,0.8619726592079642,0.882494229616151,0.807637135367258,0.7923663750330807,0.8512991188914145,0.8191139038238998,0.8781516000018058,0.5512352756905842,0.7490175766947763,0.8094533057566996,0.8777337644945133,0.8995043112868204,0.7113911031614029,0.7783547040887278,0.8441186282363421,0.7126962962858086,0.8349933110446007,0.7687015697454841,0.7909476071039623,0.8063299825351578,0.8828866930795177,0.909953297388972,0.7485247195962353
268_IOPS_id_9_WebService_tr_6216_1st_6316,0.3917954108977405,0.8581934299031055,0.9222810872301184,0.6432037771954362,0.1388406735030434,0.6367517943456054,0.4925556174684791,0.8022247893995171,0.7746841462982972,0.7183049017187486,0.3612742015633934,0.4866607917548001,0.7972462387020446,0.7218457414288387,0.1725891035470109,0.6442423769670276,0.5307972918232806,0.8001964976523424,0.7709747307330633,0.8029668787367125,0.3381319267180818,0.5025497835792954,0.8911211362486219,0.7247293405994716,0.1720985048152095,0.6322067947343115,0.5396191328773998,0.826430677006279,0.7869068964674051,0.8821306443278194,0.3198372837566564,0.5525953369564391,0.9131985810000685,0.7349561592074989,0.1728782287969092,0.6442534799821013,0.5452834392981301,0.797688944569639,0.785695024976395,0.8971840306868615,0.3025315411077482,0.5040649875758133,0.7593032059852712,0.728917858234765,0.1947104444639028,0.6421223894845104,0.5284203349960102,0.7395614645901982,0.77750912288221,0.8831186134606539,0.3262480907055436,0.5528419012251969,0.9183935936072004,0.716439755028605,0.1730409456849594,0.6363487296041984,0.5267238079300982,0.8574776485937489,0.760673358693333,0.8311315466982996,0.338957864726784,0.6037497668068238,0.8726857454219402,0.712119575727443,0.2190246636606857,0.6349231731852113,0.5336010842295551,0.8240317033941886,0.7605890889167464,0.8664642942360435
269_IOPS_id_10_WebService_tr_1216_1st_1728,0.3254754678616807,0.7998690496627199,0.8656889905830578,0.8672902821223464,0.357005277425143,0.9465913693680348,0.825217547505708,0.9699456254037602,0.9544961485804728,0.919966163361068,0.4091913432291621,0.3919674298253777,0.8632611372468315,0.9065095508009934,0.4420145146244895,0.9374861409260752,0.6916238225306,0.8784726709169962,0.9102289339247084,0.8977450264574464,0.4357564159670607,0.6639841502815408,0.8644750639149447,0.9127893353968372,0.4863097988381927,0.9363954165481388,0.6626592820511679,0.957803509137973,0.7132091084955746,0.9571248771596332,0.4441615609949937,0.6782517082254351,0.9102547500161632,0.935706482323443,0.4850958721700795,0.9511711274056672,0.7353288025597926,0.943150678414337,0.9165208105951635,0.8557306059864291,0.4562301576652829,0.6426735585305976,0.8644750639149447,0.9139446960876336,0.4863097988381927,0.9415937801057744,0.6706177714564138,0.9751084174700422,0.8464357524908359,0.9137730443946408,0.487482249782983,0.5686126862443106,0.8978685120833083,0.9087115422577638,0.4850958721700795,0.8483327259058541,0.5611135550949957,0.9826628650015756,0.8617274290995112,0.8902144951970439,0.5170717625333477,0.6653587797852774,0.8644750639149447,0.9524616253832806,0.4850958721700795,0.9448125562878934,0.7544836918841133,0.9784763419376796,0.9077892907127846,0.9013868064617856
271_IOPS_id_12_WebService_tr_500_1st_341,0.7766608109232508,0.8001114009688612,0.764752235125432,0.8484896984867906,0.7203685781353798,0.7930074032845872,0.8228060609972749,0.7049428727425804,0.7436824428807176,0.768315643914316,0.7406265444242431,0.7493611237661884,0.8285524376028891,0.7914908926866735,0.7197061907129371,0.749395121920388,0.7172892353708545,0.707471573784481,0.722434637944729,0.8197137242701509,0.7089031263097448,0.8307476584569548,0.7793496292881416,0.8136448099084498,0.7197061907129371,0.8077135889330397,0.831645479889672,0.6970380358369436,0.7282146563000823,0.7652877410605552,0.7271363652911774,0.8104104614746062,0.8197174572861589,0.7733641674844032,0.7206340055747198,0.7934826048524282,0.827003004613447,0.7069054650465942,0.7363812143450097,0.798584061574414,0.6892986545485214,0.7740455993336974,0.7825914216461939,0.7605549786874047,0.7196807038132896,0.7849655878418083,0.6759351804140744,0.6891729648996763,0.7183941295212086,0.7277666355012649,0.7176016634787178,0.7939461762200911,0.8092467206986836,0.777737327571996,0.7197061907129371,0.819526865775164,0.8272626938618058,0.6426296689060911,0.740333622208885,0.7483800216983791,0.7608888865312873,0.7839750831301283,0.8358671177093241,0.8536492355189861,0.72033616742113,0.7897380181148608,0.8214151862573553,0.7020691731465771,0.758674184943273,0.770222784590042
272_IOPS_id_13_WebService_tr_3442_1st_3542,0.6031010529830474,0.9674610169091804,0.9925573744820944,0.9519594927888928,0.4188986647520218,0.9417657119141812,0.8991360009339877,0.9600307109728085,0.939119078115228,0.9882950025994316,0.6309812704689503,0.9581983096029488,0.824106366027833,0.993306354257273,0.6650176812736389,0.9491511232274928,0.7234434666711027,0.9586893886115092,0.918203583630622,0.8427033452120605,0.6315532082654177,0.9667584119885716,0.9088064331396348,0.9946522915005916,0.6646702538391188,0.9406796702398932,0.8603231240294837,0.9662611837796732,0.9155579013003864,0.9604912572024992,0.6355333345099223,0.950454045218904,0.9860152797528542,0.9939601709640912,0.664616943968765,0.949266603842446,0.8938970883578704,0.9460266593431714,0.8835040657395484,0.911897138627874,0.6207607598937381,0.9583362002865644,0.923011098671219,0.9936407708852052,0.664290041554698,0.9405748180937108,0.8964068895509031,0.9635271620061968,0.928970079868489,0.955933616219906,0.6267126700946166,0.9718295786068618,0.9314002136952,0.9868716370246808,0.6643483911897192,0.933492919531128,0.8870731638346955,0.9657457001506798,0.916534039930044,0.8435213085148636,0.6313570032508232,0.9590303423878592,0.8756465147915294,0.9886580183335244,0.6643145593294042,0.9477625150308552,0.8962734079589295,0.9645156901378306,0.9362963710965652,0.986970911191352
273_IOPS_id_14_WebService_tr_5569_1st_5669,0.6525890041688023,0.910984395455797,0.95060912422492,0.9480743708251612,0.4544745399674713,0.8167284836303557,0.737209856124764,0.8830062884581938,0.8432085516094437,0.9545850789518624,0.5421333849730446,0.9245118437558942,0.505013259512203,0.9616427625464414,0.6249774850771969,0.8292470525939024,0.7530076534336223,0.8595651760467462,0.8464274651168019,0.8167943105194536,0.5894247664190836,0.9312856842586767,0.4981264426592581,0.9696910885787616,0.6248632494571408,0.8365395178680136,0.7067740367589986,0.8842798896314563,0.8488341462385405,0.8648645911647086,0.5941496592112907,0.923412165751398,0.9438635273755944,0.961385383593764,0.6247299844102925,0.8357286337818829,0.7567365491028929,0.8586813268774147,0.8415009796191105,0.946022589869837,0.637849498454031,0.9421939628606236,0.8103894914197506,0.9690533194295186,0.6248643980227746,0.8225705512235494,0.7335886637398278,0.8693363567200499,0.8156846137665502,0.8198176601133824,0.6222468126446925,0.9436284714602596,0.9494836346690684,0.959369910505542,0.6249523471235304,0.8107974672853117,0.6980914371817181,0.8944566114359795,0.8518176957167085,0.9196778789723368,0.5846445419053793,0.9232308871317738,0.7804172666415553,0.9640633183347788,0.6251363775684433,0.8249531457540454,0.7085571769706316,0.8693031577053285,0.8422437706902388,0.941466191078351
274_IOPS_id_15_WebService_tr_4591_1st_4691,0.5657299162698005,0.8484458702489324,0.9475448810542736,0.7847550660302754,0.3755347481289785,0.7461817944124578,0.6702890874851886,0.8574974892821532,0.8222584410683832,0.9419014404945392,0.5651853676026726,0.8719197124804738,0.8155553793598986,0.8474433284045195,0.4764606038473773,0.7485722763921563,0.7140601188749793,0.8285829865321739,0.7899327444849726,0.87717427492426,0.5646645387092717,0.8727776003261634,0.900539075081939,0.8554640470351577,0.4759713983958161,0.7459381893075857,0.6864987745464461,0.8532899126212372,0.8197514000239259,0.9310389987541606,0.5661982590537888,0.8782622213182946,0.9236817167045523,0.8594494055127848,0.4760112217174317,0.7381459808839383,0.6870356347076862,0.8583770171118177,0.8150061541107656,0.8958989809006327,0.5619114237222816,0.8703109417290367,0.8308971062550176,0.8634237791394738,0.4760224588465255,0.7374226280255882,0.6807689492772607,0.8536032099873709,0.8145750806676512,0.8602253645740027,0.5631206803403376,0.8834774974349437,0.9387095169630072,0.8541659633375075,0.4762176494831124,0.7178468431966253,0.6658093114587876,0.8677848890693324,0.8225536443308599,0.9414441318763752,0.5652039261945715,0.8800099721291709,0.8975437095535149,0.8549040262577693,0.4653444450396123,0.7401895083694122,0.6832171695317703,0.8701147560608669,0.7982452148332203,0.928421037498275
275_IOPS_id_16_WebService_tr_1482_1st_1582,0.6934287364432207,0.892172898381853,0.8270698743186597,0.814964829490176,0.7187776705214195,0.7499086301289764,0.7087622842616493,0.8790179409921041,0.8061471532825559,0.7833139352142133,0.4944424584412766,0.9423073069893017,0.8162207469902099,0.7659127606374906,0.6373257806590737,0.7615336877257562,0.7398222263347052,0.844633787043526,0.817551712237367,0.8707303382603784,0.4099995617524552,0.8955273570701102,0.8254036130962975,0.8087802279713235,0.6915441425362602,0.7539973023268542,0.7728881809092771,0.8724448920665772,0.8338505660122687,0.7973591949339125,0.4056068409790231,0.8620019313702932,0.7989313207741552,0.7038169852091093,0.711689436500429,0.771482330551592,0.8084417285610632,0.886362653297404,0.808981553037177,0.7841973522659549,0.4764158562649453,0.9378902626752812,0.8258071052926621,0.8368052539442564,0.711689436500429,0.6562250673051607,0.8079727588710668,0.9123921447610448,0.8290478272615661,0.8105607910239493,0.6407313603141039,0.9012328576946528,0.8345218068895419,0.8447792802715695,0.711689436500429,0.6965661495865018,0.7525265032959332,0.8968971555405811,0.84512250959519,0.8304379867278979,0.4746316315696791,0.9031377700620512,0.812783093598551,0.8396212938480778,0.711689436500429,0.7044090766147856,0.8166640309452123,0.840131628246699,0.8204389874024098,0.8356554782818032
276_IOPS_id_17_WebService_tr_19197_1st_19297,0.3345532871481853,0.4186843921610161,0.9477131329772688,0.6930256841776362,0.5660029067250787,0.6707712577829731,0.2339146831729721,0.9610659998735293,0.9553569046099446,0.9633614890768332,0.331959616588852,0.4304458724315266,0.886872793306491,0.695673943864618,0.4418163377286517,0.6879630323769922,0.2488072968021492,0.9217453849415506,0.921499180117583,0.9524309553534792,0.3933108347228198,0.4398909687133145,0.9595446635495825,0.68788936286103,0.4643444361132025,0.70398963431826,0.2828603619269941,0.9510191400729558,0.9476892152878044,0.9869131453005952,0.3244476741197058,0.4190192274216658,0.9612242012256568,0.6748046635639053,0.4761014596116152,0.7041110316720601,0.2800869522052305,0.942279715838406,0.9328706622857094,0.9826795293621732,0.3011806889073616,0.4438623670147297,0.9112487427229788,0.6782611143206134,0.5207535222489457,0.6999747272435247,0.2536228321722666,0.9536089417975532,0.9451158964574744,0.9095327133945504,0.3110350251467762,0.5933197497886185,0.97121429751991,0.6666837436132715,0.4203912391632641,0.6952377365784342,0.2833000336368742,0.9527503853032352,0.9492876420369524,0.9751605809558704,0.3748676259346076,0.4860727815173593,0.9695214198982124,0.6578500602392974,0.4365625990099351,0.6988852882934289,0.2484177824099431,0.9559141672954868,0.9460651063407391,0.7998859839284002
278_NEK_id_2_WebService_tr_500_1st_64,0.7959262466952685,0.7807936074087839,0.9135152941575404,0.7719523955297608,0.7362859327385038,0.7657323143112582,0.5110767440156316,0.8625526160789481,0.8214178889410713,0.9285840433591968,0.6556332770080698,0.8162983597523348,0.9038251069586426,0.8029134322679389,0.5741131920457803,0.8448367248263855,0.5110767440156316,0.917513533811248,0.7872416746731596,0.829002324070558,0.6682459856576223,0.8111147689047639,0.8162842920495669,0.7478595919263316,0.5790815760901461,0.6352808735612345,0.5110767440156316,0.8324192575124006,0.7948896151675278,0.8735975642094289,0.6518980478191988,0.7913139747160309,0.8383619730039165,0.7550463856654452,0.5830834328479927,0.7049951964600202,0.5110767440156316,0.8225856559418852,0.8150006123629865,0.8313018796711443,0.613637420684646,0.8272283284570272,0.8529766538639305,0.678460906852825,0.5846864825031705,0.8059672129378435,0.5110767440156316,0.8429080941900661,0.8092555032304088,0.8107845800755423,0.6083143158843637,0.8158901036699484,0.787457376274298,0.7402735918433869,0.6956116541487978,0.7035910000747957,0.5110767440156316,0.8405392808646419,0.8410998938975622,0.8129582878732929,0.6570212643315692,0.8277563967576813,0.8292308120884836,0.7803758810256275,0.7452494585606027,0.685353278288457,0.5110767440156316,0.8321563002017974,0.8322141770871718,0.7862762428718212
279_NEK_id_3_WebService_tr_500_1st_974,0.5472075818579215,0.9402301730719586,0.9701934749238166,0.5587868835508513,0.5318411699129989,0.7448964778258794,0.515340967037442,0.9843414531349114,0.9206254330954714,0.9693752089913288,0.5572312051757268,0.877843637964737,0.7631773058753757,0.5026035538663911,0.3733625283608794,0.7407504236671193,0.4944931131549042,0.87832898656582,0.8873102320491403,0.9931857822595992,0.4635969032905228,0.6948961411496469,0.9810861762536808,0.4529915117922284,0.3992203526519773,0.6553682612308593,0.4944931131549042,0.9455594553050664,0.883764741365887,0.977052974251708,0.4712621704060762,0.739175974707055,0.9801239732495854,0.4459903907838147,0.4876092403282916,0.7032448607073029,0.4944931131549042,0.9616319663815024,0.9000016776750939,0.9642756198935584,0.480299189092198,0.8009536589189264,0.9844067504503136,0.4481426965887283,0.4320601843998194,0.683548184731512,0.4944931131549042,0.9803057583184216,0.9330261462007564,0.9673277931048604,0.4702639373796299,0.7699335952837235,0.9814069718900568,0.5686378211317019,0.5167516848858923,0.6365339241462494,0.4944931131549042,0.9714327139140814,0.91837402299463,0.9704633656354494,0.4748250648252694,0.6283917083907862,0.9732144535128636,0.5185930282825288,0.5071968176858086,0.7465592648784714,0.4944931131549042,0.9677365341127931,0.9269995440419476,0.9654540191859526
281_NEK_id_5_WebService_tr_500_1st_974,0.5030628719880406,0.9940557794654076,0.9985040743829104,0.7660723444649706,0.6541019347994361,0.5596967093169483,0.5050736493595587,0.8368502238711237,0.9683720091683083,0.9869643653192094,0.4875040438638349,0.7605983522791412,0.9659583476516738,0.695254873953654,0.3230222730072222,0.5444061359585989,0.5050736493595587,0.8821841390086677,0.9706544668857784,0.9891158957571244,0.4808344041288869,0.7228611791097924,0.9983930846972784,0.788445981419954,0.3253439247078231,0.6115535006874093,0.5050736493595587,0.9780074000194938,0.961514063138648,0.9701212538877706,0.47437804237168,0.8085922404632697,0.9993494361951676,0.7356589629466113,0.2984464551659343,0.5879694860618481,0.5050736493595587,0.9641354487883608,0.9436187700300108,0.9986150285203912,0.4630245936255195,0.7539272818671988,0.99901641124156,0.7271758304117053,0.3253439247078231,0.5935670805063435,0.5050736493595587,0.9839874281541068,0.9378194189929824,0.9991496377510554,0.4738426429928525,0.7892810315693386,0.99901641124156,0.6789747455677922,0.568303051762123,0.6138254596055723,0.5050736493595587,0.9751370764413484,0.9690610560508652,0.9851420285169534,0.4540513163338103,0.7195061177315245,0.9990368063357667,0.836441920552666,0.4373660990669441,0.5374073611986055,0.5050736493595587,0.9682560827548392,0.973292131367548,0.9929242008238084
282_NEK_id_6_WebService_tr_500_1st_64,0.5342052841504352,0.9846684902545964,0.982831622696412,0.5618101237391957,0.6141820518330067,0.5421024683357643,0.5167010871205431,0.9776312006080504,0.9631431772480956,0.983037957611801,0.4912201139544023,0.9242578879809876,0.8920894719718305,0.560950971655524,0.4353811634687026,0.5047473882473545,0.5167010871205431,0.9446983219823344,0.9448381304361564,0.9826204283903852,0.4656227290415963,0.8550387561508912,0.9650893602830176,0.5618543291068878,0.440392609645136,0.5223766452813937,0.5167010871205431,0.9709827189977466,0.9412645814619256,0.9579311107464704,0.4588161637111523,0.968864818342064,0.9686574735069386,0.5861002295192305,0.440392609645136,0.554384990681014,0.5167010871205431,0.9348609484246392,0.9428850790861298,0.964218113880293,0.4048893684757165,0.9732923492475872,0.9877430965259976,0.5865386200974053,0.4402087831671347,0.5074061967880885,0.5167010871205431,0.957931756666569,0.9583540059057788,0.9694506049339748,0.4780272040704759,0.9670884637927116,0.9540276620349104,0.512832950848135,0.6074719734253018,0.5460912567495246,0.5167010871205431,0.9481073242893168,0.9544513279618146,0.9522597302416206,0.4741180932769483,0.9670432519640774,0.9828382630944368,0.5461430375087554,0.7210422592645164,0.5503738369010301,0.5167010871205431,0.9726045193903964,0.9605610302657582,0.9773339303347008
283_NEK_id_7_WebService_tr_500_1st_777,0.6517498525022897,0.8887647108980211,0.9538737997243424,0.5073461220000204,0.512649594959722,0.5386796966234538,0.5107956254866787,0.9424718066001408,0.9167574856070888,0.9656084103950268,0.6105354459097518,0.6372950841420186,0.9121009532132252,0.4442259940466286,0.470432485869269,0.530615481111926,0.5107956254866787,0.8339918192312484,0.8773234116101026,0.939731612153708,0.6204674136868076,0.5537513124718128,0.9481202275890936,0.527927647383298,0.5122202526019746,0.4024557115194113,0.5107956254866787,0.92410150934708,0.9033777645012742,0.9579773532929632,0.5839875989517701,0.3403513983736367,0.9558910218272024,0.3714144315433277,0.326731213199769,0.4062908284311353,0.5107956254866787,0.925393099606552,0.8720939824840309,0.9442994000372776,0.5800371098617811,0.6519453353262974,0.935791821217816,0.466216518892478,0.4557668384493771,0.4011119719748365,0.5107956254866787,0.950623535056498,0.9246699262073166,0.9505437516795784,0.5869062106112604,0.6904828078792462,0.9501535645221,0.4781926628210337,0.4381658330541852,0.3881225792907446,0.5107956254866787,0.9421404256693324,0.9248841960731627,0.9598945336031928,0.5857378651169557,0.403378849851067,0.9354430492262568,0.4422453375851634,0.4663289285851887,0.4052396341473012,0.5107956254866787,0.9458338485886928,0.9259580803155284,0.9501455617267324
284_NEK_id_8_WebService_tr_500_1st_976,0.8295926257671417,0.9938013540623112,0.9915613768548632,0.4362738645682881,0.3680215210750715,0.6155876509694815,0.7448547390695297,0.9915613768548632,0.9938013540623112,0.9915613768548632,0.6138368936945118,0.1159276876819966,0.9915613768548632,0.3552538256918888,0.6806039530752155,0.6144893754472213,0.5160979782241742,0.9915613768548632,0.9172740002393044,0.9938013540623112,0.6243805239862767,0.0222156999257247,0.9938013540623112,0.4539714637912905,0.4470706203895508,0.5967782819204271,0.6461371009701279,0.9915613768548632,0.8125514485343246,0.9938013540623112,0.7560340113302542,0.0222156999257247,0.9938013540623112,0.5526891018906923,0.3967330787107858,0.6954959200198289,0.7938873172428755,0.9915613768548632,0.9938013540623112,0.9938013540623112,0.644659622920043,0.0230634810749405,0.9938013540623112,0.5708105916883024,0.3967330787107858,0.5964520410440725,0.6155876509694815,0.9915613768548632,0.8887022092443949,0.9915613768548632,0.6798832506201836,0.0230634810749405,0.9938013540623112,0.4636109832352239,0.3967330787107858,0.6954959200198289,0.5334828308746135,0.9915613768548632,0.8335981240372584,0.9938013540623112,0.7050005184408019,0.054724700901639,0.9915613768548632,0.4087705139355037,0.3980380422162046,0.6951696791434742,0.6954959200198289,0.9915613768548632,0.9938013540623112,0.9915613768548632
285_NEK_id_9_WebService_tr_500_1st_780,0.4141247227387539,0.8426445470490471,0.9755688235390398,0.4618476200852019,0.5193690481463435,0.456152456482804,0.5105088780518439,0.9487862828919632,0.9337304157600944,0.979923286560691,0.3651728040321858,0.3848144190343215,0.9770859244309942,0.5818292348314277,0.5164350041884631,0.4183907239746376,0.5105088780518439,0.8211449593830094,0.9009871326830416,0.970204118375201,0.397421479428389,0.5940999699636932,0.9750122118436226,0.5452672804208119,0.5068665251377144,0.3888234707161356,0.5105088780518439,0.9485575751643824,0.8638189983376441,0.9722462647353924,0.3532934326766653,0.5185879572583684,0.9792898966232798,0.3895104100261082,0.5108835780513568,0.385157796006525,0.5105088780518439,0.958918502467896,0.8539243433511214,0.9679001185555086,0.3727557912978858,0.6283473031919741,0.9657471006922392,0.4649575696642894,0.4486952768241229,0.4162588109152846,0.5105088780518439,0.9731556941936648,0.9296776673036914,0.9779395320626756,0.3206241368626778,0.5643327384612198,0.9757475242085296,0.4955684825791877,0.391685128407029,0.3990751072601554,0.5105088780518439,0.9678676207118976,0.938112543286609,0.9784555920461656,0.3614386299621976,0.4767351457259057,0.9770378049837408,0.5115303336811944,0.479359224153961,0.6133697478776442,0.5105088780518439,0.9664545615407314,0.9534746359381068,0.9782101747987904
286_CATSv2_id_1_Sensor_tr_17792_1st_17892,0.2676301466667711,0.6755966850792607,0.6800955378187806,0.7046898074238224,0.6968385910247834,0.6603988042861657,0.6076767875800305,0.7022596620952024,0.7285607636860162,0.6369343495257317,0.2417289456442379,0.6576920430752614,0.7314779163077445,0.7012971866028531,0.683888907430177,0.6117207546320288,0.6198758082017931,0.7056799678300337,0.7121534425585883,0.677455280468043,0.265908085006844,0.6688560268967932,0.7236828821574355,0.6991598090833903,0.707970177077095,0.6374277367760728,0.6059065649456463,0.7016815841992186,0.7136359047864508,0.6883689850427002,0.2487748940170598,0.6518875221579892,0.7162251475355369,0.7109084089516412,0.7020417347097739,0.6306150828008398,0.5947378565390474,0.7012661600416028,0.7142168513393115,0.7028191428819585,0.232544849701246,0.6634394650621099,0.7237173745985195,0.7090018615622838,0.6904069406447818,0.64202615165211,0.6040827781831279,0.6971901007853403,0.7110748169627379,0.6985739971133823,0.247058658076669,0.6706202979068813,0.7060842377424708,0.7092625595539508,0.7049903399350728,0.6536602907031788,0.6080923091733417,0.6996895530767172,0.7102784835401819,0.710464083861536,0.248456525678853,0.6442016726218966,0.7019201445732683,0.7085080110828276,0.707211031607197,0.6464740466901587,0.6201194729432686,0.6942007780317425,0.7230219270025049,0.7073586310311553
287_TODS_id_1_Synthetic_tr_500_1st_11,0.8993618129801574,0.930957791344976,0.9407451877610258,0.9512977360025386,0.9512631554393468,0.9537956960977404,0.9205704325208872,0.9162344435507987,0.931695187419159,0.9414373684897124,0.9031609335603904,0.9443515109131396,0.9331475058831442,0.9292314886220544,0.8734494893272635,0.95090904518826,0.9244891871032112,0.9144805630133432,0.9262733546466388,0.9356182750782948,0.9027655389032154,0.9470236475182406,0.9406035396290532,0.8961107756412254,0.8734860852179166,0.9498437911054508,0.9249476642766414,0.929272622990252,0.9089597519557834,0.9164952223372378,0.897289836954843,0.9425792693929076,0.932821178823374,0.929014902146856,0.8734633235702093,0.952833886631514,0.92523874246171,0.929512549233031,0.93055552656713,0.9338203731298346,0.89877901557999,0.9447549008271644,0.9302015433987824,0.950773381642982,0.8735272064141995,0.9462107981243604,0.9355547849502402,0.9318397298265996,0.9234446706134144,0.9451239076532172,0.8968548829462593,0.9393805843802308,0.9353440970704784,0.952225715758135,0.9518574039460592,0.950874949261572,0.9206520888479852,0.917303256033028,0.9334616963691634,0.9347399502136894,0.8979587790618841,0.9398429516782028,0.9461011346065252,0.9480142878047376,0.8735141039668843,0.952260478570853,0.9251531611744952,0.9153111090082364,0.9314747499409012,0.9451546938203428
288_TODS_id_2_Synthetic_tr_500_1st_65,0.8317703946115125,0.8753553490152827,0.9344465204753672,0.9308534415691272,0.920474582365566,0.9282289313346478,0.8661303582537672,0.8935934974723022,0.9097478842520768,0.8940615400028024,0.8405339802009449,0.913870195315896,0.8569797799348147,0.8681611078350688,0.8463982573498454,0.9229996179404416,0.8493356300528142,0.8547816352461759,0.9154686683495494,0.8781167163664461,0.826515854726763,0.9273349410540676,0.8625998985103592,0.9149253104755548,0.8671025376150201,0.9227914893763312,0.8659080925731159,0.8699268940711719,0.8676712162874448,0.9359694356291712,0.8316954778427237,0.9283360834062316,0.8592200502230445,0.9167728556557416,0.8654165260255996,0.9074759441494048,0.8449506904695933,0.8732096622510934,0.929750577474458,0.8704035094386086,0.8481191460365943,0.9348565319256276,0.8880579061761091,0.9314703980796272,0.8817993694339264,0.9193062330363452,0.9141138888687989,0.9017194999306044,0.9157241603243595,0.9209138670959413,0.8508608625713062,0.9338365579359302,0.9276496455006358,0.929394632787478,0.9248074118237556,0.9319982509095244,0.871922619687006,0.9075881946961292,0.9322190547667192,0.9324507378933014,0.8328893242213529,0.9232200324827384,0.8885175484140407,0.9260277160984658,0.9272442056420394,0.9253608551141228,0.8957143347433091,0.891106906131682,0.916968798299438,0.9093163627663644
289_TODS_id_3_Synthetic_tr_500_1st_26,0.8362530737005862,0.8818458038041335,0.8676027679809825,0.9343743253687083,0.919799956396011,0.92200720106034,0.8945633572032945,0.8618776460372599,0.9087607168882328,0.8922806845321993,0.828261673745283,0.9410680352815656,0.8513240871948652,0.8748390608450084,0.8389226344033814,0.9365153747242526,0.8862456937169851,0.8471745263855466,0.885056034063125,0.8690086829863441,0.8355344277437646,0.9347258372540456,0.8463196070328408,0.9081381958310062,0.842335368981887,0.9338318573098936,0.8670151789330593,0.8449911399252892,0.8977630394735708,0.9198032526629898,0.8362441407524042,0.9376051124371356,0.8550715286882973,0.8889397456935043,0.891095150874329,0.9293029764183972,0.8773330491598108,0.8957698961025393,0.8826672363145436,0.91761891003588,0.8390283244029862,0.9298079813161508,0.8570275264812096,0.9417726174703626,0.8272318280674831,0.9359909559988784,0.9055846324078612,0.8609744057132913,0.8779214338446146,0.8890662085108608,0.8436076461613902,0.9278671864882224,0.8491171928117066,0.9304450474369732,0.8275903259704316,0.931778581729402,0.9017352894364002,0.8509244653101634,0.895616442172676,0.8712765147513277,0.8515244692387277,0.9373814631151416,0.8592536724976799,0.9369859521840328,0.9350691467647072,0.9205837298347944,0.8966183555137504,0.857022646935379,0.8896133516340463,0.85525864914501
290_TODS_id_4_Synthetic_tr_500_1st_26,0.785046934591718,0.9230349143608544,0.8400713626469846,0.9097357921392868,0.91703645780412,0.9371392293928964,0.8303988527405847,0.8920759746797929,0.937290915749107,0.8435656308909815,0.7974125701917392,0.9322948932355548,0.8066411113155797,0.8826323877364545,0.7876914775668952,0.9181930303568264,0.8346574892736842,0.8532542996475546,0.824917745933859,0.8283822550659302,0.7902820738881641,0.944298167042396,0.8098267062507017,0.8582271822942174,0.8389091065352055,0.92030462340241,0.7993320677560747,0.9137552010150772,0.8329918443162265,0.9314004514971476,0.7875053794089707,0.9452404674442078,0.7984090949560999,0.881245146204233,0.8689501560345688,0.9324540104117356,0.8676247155929769,0.9206437187427872,0.9109926185479672,0.854926312112228,0.7799527318731969,0.925572924507684,0.8755269080719167,0.943322764236632,0.8805051659655448,0.933247640081123,0.8961205167662962,0.9183851264487702,0.9235211760895216,0.9155293251777454,0.7987396608104719,0.9459394006442388,0.9461780605616276,0.9421734081367532,0.9425860994614572,0.9303789925788124,0.8773806438837418,0.9071730140071648,0.9026864466229996,0.9411465907246864,0.8066698348081147,0.945923292544931,0.929702670572255,0.9295053091683122,0.9379266783433716,0.9190513636146154,0.8663993826324085,0.9052316328570328,0.9360584445517436,0.92298638931093
292_TODS_id_6_Synthetic_tr_500_1st_11,0.8746688934917803,0.9323140030420718,0.9228659840714488,0.9499519160562,0.9469796929733134,0.9541589664904035,0.9232249733294192,0.9194525660196872,0.935462269854006,0.9190146939314204,0.882043054666098,0.9464148087677566,0.9188130653788515,0.9178593959235548,0.887062593777506,0.951216006653308,0.9212804567789116,0.9196838462778492,0.8977594101280826,0.9111366571072532,0.8778150071867269,0.9360714640716916,0.918199591167984,0.9257262497061252,0.8870445394080818,0.9491705772441144,0.9160299908743628,0.9185119452349324,0.928629884799952,0.9257076323429894,0.8746197931087639,0.9412747309345888,0.9149853497622203,0.9353221243711926,0.887169186622711,0.9515479839730476,0.9282039838270824,0.9241631939603988,0.90350366572603,0.9162491845815238,0.8805391188575349,0.9476850505624796,0.9251099791867968,0.9479245368753108,0.8991989468100452,0.9437972668937517,0.9319276281765356,0.9288473969123364,0.9247944011419584,0.9253937852686228,0.8755100566551394,0.940224521321019,0.9244348451578588,0.9508928679893054,0.9176541147303874,0.9528361117098556,0.9243006957217252,0.927244213297897,0.9195944108468912,0.928785785370124,0.8761505579037993,0.9413074319644668,0.9243503220264968,0.9496454781188212,0.8871988918485076,0.9525969034567812,0.9256423134197646,0.9176737596164152,0.9299012390301254,0.9250995493885098
293_TODS_id_7_Synthetic_tr_500_1st_7,0.7332292987825478,0.967723325275148,0.851596240748625,0.9825076625137604,0.9766685065982138,0.9842213865144483,0.983781312684804,0.8882682745809134,0.92763678431152,0.9432784080001486,0.7236653471393293,0.9387229724836796,0.8403739398770207,0.8685599231575821,0.6449180373447948,0.9826154429060164,0.8168887139305061,0.7367504075320674,0.7798566674162595,0.8660046571622939,0.7341934557388765,0.9812498343004687,0.8366413059889044,0.9500063406564326,0.6890100731630889,0.9813513392460468,0.8571504428474738,0.9716210697902028,0.964333505425906,0.9799446189473664,0.7161422815436348,0.9782139756193106,0.9508488284005044,0.9136696923429428,0.4873218958227312,0.9802529326124548,0.8585935088554368,0.9430511272705054,0.9385577740857772,0.96493419283118,0.7202471895732862,0.9632334877514628,0.8976745611700171,0.9811335899292908,0.9016082699588328,0.9835640317460634,0.9452977389809768,0.9060933650542458,0.9415359870370356,0.9351987423477564,0.7451017512531442,0.9832322493283432,0.9742408211568764,0.9812869896338609,0.4882273560756922,0.981754240490908,0.9683465079141608,0.9661552654636268,0.9694506824150392,0.8909691676635693,0.7108544052348044,0.9663884416711388,0.7524285034071222,0.9807546568170872,0.582770702238282,0.983139901556604,0.9731543828075846,0.8887827852838975,0.9513490728895484,0.897917785344776
294_TODS_id_8_Synthetic_tr_500_1st_200,0.6830623181185332,0.7122050775192207,0.7436745442993715,0.8619886247602536,0.8476334442983511,0.8073502081741077,0.7967569416729867,0.8223881606422049,0.9302001463293524,0.6686066473652911,0.7189811521176647,0.8496640267618246,0.6737032670712849,0.8147399015154614,0.580546060923509,0.8014683575614329,0.8151916936917145,0.6290786535393764,0.6909286446857831,0.7572707464095549,0.6931051370551113,0.8206506165648899,0.6809503589783494,0.8042318972281255,0.5843367476694495,0.7766470033962976,0.7361106747493669,0.7992602565075424,0.6880806499635242,0.8070393962553822,0.6996264383907432,0.8458948653442048,0.6654034543082655,0.824341314150553,0.819424078017238,0.7744082060286792,0.7870660731380629,0.7961903761296015,0.9035352571058124,0.8379001338966915,0.6860615709685518,0.913238996549875,0.6740537659011029,0.8921290020184299,0.7268946850579403,0.7785177031209516,0.8758495813329596,0.7869183972482328,0.9095733861397854,0.8257145542256494,0.7067313943636186,0.8470916175063159,0.8606772701258256,0.9080574686263658,0.8565754683619005,0.7963567555985006,0.808434099498738,0.8168987635867868,0.8721124047602365,0.9426556845417106,0.6924128997084534,0.8161134384716342,0.7028154610549039,0.9004865446147349,0.8647809167127664,0.8090160624263113,0.858292326755514,0.831520694606274,0.899693456753851,0.8691337261199336
295_TODS_id_9_Synthetic_tr_1250_1st_2046,0.5483272618686869,0.6769072249875141,0.7948163582980321,0.99512016667273,0.9712251013871648,0.9095605013145994,0.9039413340486502,0.7668757426263204,0.8415028045313377,0.6224478521131139,0.6246358440939439,0.662021833949291,0.584441061230203,0.8202084332565573,0.6090708460005844,0.9229028093949564,0.8137366500704544,0.5919046798912546,0.5919439946267571,0.8235017842443172,0.6032758599462561,0.7626732589589638,0.6521995952563144,0.9906117907600824,0.9611089836734484,0.9063606482370966,0.8970136976551784,0.7491750957441274,0.6462444519914201,0.690181834290436,0.6050969380752867,0.880840538098434,0.722669667506417,0.9489657593295868,0.970856803719976,0.8872504740064374,0.7527972170968849,0.7997245063547996,0.8010849284019719,0.6826636891830462,0.5805912345124641,0.773273678124051,0.6651832001870703,0.9736701065424008,0.950781833319516,0.9353863125358544,0.9117408492986528,0.7614132941769022,0.8830947751905727,0.7600039177247977,0.5888855599554303,0.7835723216885127,0.6713838782504368,0.9919164927537484,0.9829403849091498,0.9273767415842536,0.9356995267508824,0.7677406348104338,0.8815327658736598,0.813609823200396,0.5792846519086577,0.7339907006359165,0.7182638813658149,0.9932544977629848,0.986450442989686,0.9238135608210354,0.9247864692572072,0.766728931356166,0.8275054070553616,0.7784479148209152
296_TODS_id_10_Synthetic_tr_500_1st_26,0.8510442843577496,0.8743297679134365,0.893808163461254,0.9000058936892632,0.8954894752414266,0.8957756041806451,0.8970148455714554,0.8690599690944186,0.90410569534352,0.9011339544109764,0.8525445527758435,0.8965987104036355,0.8798381065893208,0.8533484868423507,0.8482837384414513,0.9029759866686056,0.885656224291422,0.8808736582964741,0.8814343497178898,0.8796512816439536,0.856797478506786,0.9236428564822908,0.884081046670975,0.8881199957267729,0.8481705088375875,0.9007207247721758,0.8986854022602545,0.8793437155257704,0.8681151735892426,0.908698655045095,0.8595248065450461,0.9088804422279316,0.889169850338616,0.8661867637334157,0.8506123912894658,0.9032892969237571,0.8999242859488247,0.8690520449645113,0.9024458196150542,0.8798963084150501,0.869177972823426,0.9363152862486844,0.8765033876006639,0.904703806009894,0.8482567186701542,0.9029861683743484,0.8911100322032592,0.8689706776646579,0.8911925613432112,0.9120878791964973,0.8655414106053234,0.9280236147197248,0.8791666293041622,0.8990262182440137,0.8482001167644501,0.8970318051921814,0.8928031195360822,0.8782964295685244,0.8881554123864622,0.8959845044431451,0.8494527011083797,0.9408275774620212,0.8797136062206675,0.905972631854404,0.8984551773258095,0.8977107553582001,0.8988886823530785,0.8700570182398389,0.9041316803754816,0.8955160252033616
297_TODS_id_11_Synthetic_tr_500_1st_7,0.653120253709753,0.5971742134003235,0.6067732382868192,0.9824506618942352,0.8943492069889486,0.8845822332359541,0.9072239188992924,0.7195703628386177,0.7761605318472214,0.5975015934590908,0.6861285448892613,0.8619160556640595,0.8710894651967156,0.8628738703004207,0.616041245518617,0.8760373579614488,0.7986309342729454,0.8122691082184712,0.7598962907080846,0.8476621334715171,0.6956558089940742,0.8306987378014178,0.8710111744714211,0.9323482241503368,0.6968573657250292,0.8628472881081685,0.8727181400633731,0.815528474407664,0.8028237800468865,0.8377342968436334,0.6982797737243154,0.8289970103895649,0.831906754464385,0.9298320771325927,0.9618750941364874,0.8713749326260625,0.7489974584364785,0.7337336196677178,0.8223360829725902,0.5165078182484487,0.6850843276033732,0.8291925475894896,0.4839495599349135,0.9782337642372944,0.6182568290688615,0.884754732931163,0.8937455622285968,0.7375609217762914,0.6367689411479714,0.4872735026351413,0.6893710984712855,0.4911666688105408,0.8701652657398251,0.979951414316172,0.9656374315593714,0.8602546718919069,0.8882534892669887,0.7520296473937044,0.7354136912812882,0.4876516820631049,0.6995630213951016,0.8436327452324275,0.5977888816295525,0.9831289875924228,0.9791064666065454,0.8775874540334809,0.8702393556530352,0.719561034995747,0.7438470025893956,0.487339846261644
298_TODS_id_12_Synthetic_tr_500_1st_0,0.789443298282769,0.906059287668172,0.7856273788882534,0.905235637344714,0.8075705033295105,0.8139321825616997,0.7423980735301414,0.7627037634008681,0.8449190189373313,0.8111844439657332,0.8114867702585951,0.7203396147410042,0.7712592597307796,0.838922753739099,0.6809323950920096,0.8485334082588227,0.7488566162523946,0.7666240396099895,0.8585203324710002,0.7896849408599664,0.7858952430683708,0.9101574394767028,0.7822297641053881,0.8414599256319125,0.6772902152490297,0.7893458674947205,0.7262897753811203,0.7959516210806503,0.8308301951577254,0.7826110026957421,0.7708238408150527,0.9563023126959262,0.7905718659660483,0.8682034925570324,0.6992852465149494,0.8168973980568311,0.7517107360163794,0.7526585884751905,0.8289543059159744,0.774177961196499,0.7910326888664952,0.9373566349100462,0.7608704367490682,0.8392831686868208,0.7081918880578616,0.793198173516473,0.7344323897941876,0.7777827247946918,0.8261460904126601,0.8379704473896271,0.8035784770544292,0.9575762666320689,0.7706865854475411,0.8912436931822048,0.8721570979161998,0.8188877325114118,0.7432451253672272,0.7674673184423842,0.7849072382378928,0.8009671371890829,0.7808812091052345,0.9539272835173112,0.7874773128138784,0.9259588436126526,0.7409367571293493,0.803274461667532,0.7701956537045632,0.7766042260893945,0.8572291591682699,0.7730983485560499
299_TODS_id_13_Synthetic_tr_500_1st_65,0.8313964817294023,0.7927177036984958,0.8520179188836566,0.9431001467811452,0.8902387896903193,0.888314729057056,0.8401049358294244,0.8426372394219919,0.9185580570379608,0.8680259460152973,0.8149853164472717,0.912894955903114,0.8436195164844279,0.8359311727297274,0.7172629874852294,0.8693266093037757,0.8180790068824104,0.8631317923481596,0.8967427503013015,0.8336674658739431,0.8379598707427258,0.9398705325835156,0.8517283666902428,0.7952415552783668,0.7230098941299057,0.883396629244728,0.8254555645352268,0.8248915506221922,0.7922749387328735,0.8367051984025021,0.8367040169061841,0.9047975894586812,0.8466796717162478,0.9096243603528432,0.7172033409403479,0.8580304529754695,0.8473280995896024,0.846675818516253,0.904579800673224,0.8785542455966443,0.8290168908700363,0.9398495226922352,0.8520244723866857,0.9357730135137996,0.7172443500611203,0.861845400581078,0.8380886069895639,0.8857971512507093,0.907678670328849,0.8954980188959161,0.8171630097424377,0.9039933709610514,0.8466874609950674,0.9483792141872208,0.7172213159882334,0.8920382045220756,0.8534264507693216,0.8775102915792069,0.9215526419121484,0.891834388513159,0.8227411662241592,0.9285803341897904,0.8523568064466394,0.9431100207679316,0.8999867406661355,0.8772540330667628,0.8361619899459739,0.8855653466533346,0.9257101819672182,0.8555074194180019
301_TODS_id_15_Synthetic_tr_500_1st_245,0.6336059393376366,0.547131331434658,0.5487986392258277,0.9064792512746892,0.7558372280120663,0.8301700865432207,0.810170972468342,0.5137271630809812,0.7820694178311238,0.5433863102739968,0.5803618706931668,0.5608355947212121,0.5485537498068007,0.7434111031281411,0.5664823879668254,0.7413611349563415,0.6474300728234224,0.5741531077214632,0.6925948694473556,0.5420679166489104,0.6322404558121063,0.5550093659357431,0.5487986392258277,0.7225129435070267,0.5659024476426224,0.755088454955536,0.7586948835996654,0.6605498664545167,0.6282230708786847,0.5480857765851129,0.5050868056544963,0.5269983875320737,0.5487986392258277,0.704018986794956,0.5659024476426224,0.7776549219339818,0.7071160419875047,0.6169142892987316,0.7001169239716819,0.5487256622462574,0.5423068802951775,0.5793553170926511,0.5487986392258277,0.8577981118498278,0.5655729987670735,0.7454517406072896,0.749592845202656,0.4825019500916,0.6429122933614866,0.5605000556489331,0.5433209482820918,0.5326204040454849,0.5485537498068007,0.8702333672038747,0.5686658681440617,0.8121076880596543,0.8642694988321763,0.5826978755870045,0.659478720323361,0.5488402462155272,0.5492940682050953,0.5287685174878942,0.5483666769911938,0.8849468204604559,0.6295398759181222,0.7786583078074406,0.8494372557732898,0.5823804441317845,0.8592547813566376,0.5488402462155272
302_Power_id_1_Facility_tr_7685_1st_7785,0.1636065281825772,0.5102687183439989,0.5897797940792806,0.5836311772314985,0.5655915990864138,0.5636144525355833,0.5793495311342087,0.5897915073040808,0.6040005543485721,0.4533331053416759,0.128097266203379,0.4954911336563798,0.5139072813704714,0.5123921143252679,0.5671656604311269,0.5355250664061102,0.5104174640770712,0.5971012737038087,0.5836595729106683,0.4859193366194885,0.1367682703708904,0.5256901770748862,0.5144011372755668,0.5582365682663607,0.57830376704494,0.574252092746877,0.530614736202327,0.6039560955423409,0.5994924753794078,0.4629968799021505,0.1623548025034987,0.525672877611451,0.5327892704998202,0.5687407387957689,0.5719745790349692,0.5667987211068758,0.5183093245960336,0.5916175168487939,0.5948558595536153,0.44129975922199,0.1475730132595471,0.5261660743565495,0.4988732827780631,0.5343363719239382,0.5736027387181104,0.5434385389826535,0.5253822815253536,0.5798176448312835,0.574720401855823,0.4583773488257133,0.1201415209102737,0.5211368052101722,0.5000430728840084,0.5732867053595037,0.581710053570648,0.5783156480509543,0.5432247030550391,0.5861401961479751,0.5912829005828608,0.459731236981105,0.1103509583259737,0.526845012856947,0.5116169831488715,0.5682802184877033,0.5830508316065466,0.5629763669063179,0.5457613613010911,0.592612078608341,0.5959421324769547,0.4381003382067401
304_UCR_id_2_Medical_tr_2499_1st_7000,0.8110011073927574,0.8461144116406154,0.9475235033968152,0.9654753629316732,0.9823148570449332,0.8549098570287482,0.6936448301390352,0.6247335042220309,0.6286548920145236,0.97344541639888,0.7076404183082071,0.8795730483804147,0.9219644407804408,0.9544595753904008,0.9632978055115022,0.8238295600872946,0.7563947128444961,0.7408987480689204,0.8003525709604666,0.960105288373594,0.6968567152461971,0.9092402635569004,0.9346384503228732,0.9854589146105616,0.9592881051120808,0.8302865295581354,0.9077962171770596,0.6955239300990378,0.4589019897971029,0.9583863259042884,0.7870441466827137,0.9204711168775024,0.9578054979669398,0.9817146849163428,0.9793997384481944,0.8568397367998446,0.8681423006853953,0.6467280062489061,0.4821849818538852,0.9197521411375242,0.738355208077966,0.9547731647953664,0.9570903189123452,0.9717332218586864,0.9563312752542176,0.8675753020420858,0.805050138156453,0.7284469132121738,0.6185725427051406,0.9744779920449717,0.6612092093545856,0.9017026906861564,0.9280375000956524,0.9694644511887688,0.9770200885367336,0.8469977435344495,0.8686269904276658,0.6699766370211145,0.676565824354019,0.9702931165868844,0.8858674106980193,0.9180656054213876,0.9223222393920004,0.9743364313333472,0.973846924393157,0.8216430399521577,0.8235726394740686,0.7305780532100585,0.4835788551391459,0.955425582367309
307_UCR_id_5_Facility_tr_29895_1st_39240,0.2766408741599281,0.8880412893925901,0.8976245497582994,0.5125605050583142,0.3894372019607644,0.4032728615540501,0.6401169671911657,0.6535694263824801,0.5345157465567807,0.9317468361653214,0.2235209803982891,0.8489612896197778,0.9310323799066872,0.5767732422065306,0.3588883506680753,0.2784734057102351,0.3477172461178888,0.6540565841812619,0.5054824656133403,0.6654569687065369,0.1925286194809908,0.7872149360550701,0.6162573506933331,0.5221290894472349,0.4901099777442804,0.4456312644996577,0.540978539760696,0.4456750452416635,0.4619623937624071,0.7180006827512487,0.2071539387370407,0.8326286489751421,0.6841178551580805,0.4149480806566102,0.3804708963806392,0.4736552992698942,0.5527627941307538,0.6598653155804105,0.376349876861184,0.8678823057507251,0.1751160338838225,0.8137679130828966,0.5523206621714851,0.3579627986442114,0.4646689874391103,0.612122606655891,0.6587089512768909,0.4418879560103437,0.4226470075528261,0.6071702697524309,0.1381852678532118,0.8457938919317005,0.8191989754098,0.3641228560655844,0.4123093909522097,0.5638879775783081,0.5736482475866982,0.445137029607375,0.3987943313725476,0.8379496569609081,0.201575597155005,0.9167375934056016,0.7902596793811618,0.4085288593130225,0.3517654305947242,0.5451973743136435,0.4859086196862443,0.4126089805827652,0.3667616591208065,0.8358193971733348
309_UCR_id_7_Medical_tr_3000_1st_5948,0.8824349652218269,0.8855531511556992,0.8191624481467135,0.8898841772455987,0.8350865303906433,0.8043864855299466,0.7707969311594361,0.7943944119752135,0.8966907115878823,0.8141043722166171,0.921013731540495,0.9924885760572336,0.7922217260819128,0.7246499032850762,0.6795147782091117,0.7954395020995577,0.8593407276777353,0.7866252961101329,0.9075437030258984,0.7461787643409477,0.8511693892770458,0.968101617584875,0.8148835846408378,0.7351365236790335,0.6825190064146487,0.6841966033936996,0.65412649634132,0.8634947805891549,0.9114314809362808,0.8002947175211456,0.8964294616004247,0.9262586885211044,0.8340078964247803,0.8064726496420686,0.6825190064146487,0.6944719970328345,0.7123494692931588,0.7745358071545855,0.9098411767212472,0.8153577520072821,0.8681141562989734,0.9067360485619034,0.7630954225764649,0.8236077470979329,0.7253257136558616,0.693903044823424,0.7793638333739148,0.771164892398211,0.9019893074607228,0.7815094839591028,0.8863297827886404,0.9709465393493972,0.8000672779423832,0.8009443492493368,0.758245752708913,0.6759925681819531,0.8495588091089922,0.7677416603290816,0.9047062050655234,0.8031609455702915,0.8897801021404907,0.975010028369352,0.7832219956068326,0.8440279856436379,0.8059617614606813,0.60282606530226,0.7518454937955169,0.7691947991794481,0.9154585376675408,0.8063514820076608
310_UCR_id_8_HumanActivity_tr_2631_1st_8285,0.8163141738699825,0.6932456071115962,0.6933254682929538,0.7212336172808105,0.5407018090166719,0.6018517280435904,0.9887798929095394,0.6150214326518739,0.7375379065370451,0.6180178755178564,0.8204252883797625,0.6628104053943662,0.8037308359816246,0.5915450531342651,0.7142881362020809,0.6598422782433347,0.9887798929095394,0.7466382975031647,0.6678280526874255,0.7970718552815983,0.6457197847930053,0.6931270070451003,0.7300813719157401,0.7078265888512308,0.6215766286482786,0.7295391116206958,0.9887798929095394,0.7446555664882762,0.6017559460527228,0.7304843542992882,0.64470890868392,0.6983126789877768,0.7375212243857158,0.7066360571099994,0.7085705401816597,0.7144218925329188,0.9887798929095394,0.6985151029895473,0.6691718854159325,0.7670406071434731,0.761081451599005,0.6953235407104303,0.7857778273827677,0.6188319985132279,0.6064434482386086,0.7286698608901504,0.0582443405949758,0.7800833884702074,0.5978473610178491,0.7637180900357643,0.785973399723493,0.7336885782502555,0.7129293502185804,0.7091755196941416,0.6656995907751984,0.7320943942654742,0.9887798929095394,0.8089371814036421,0.6614937271600787,0.7969551640563006,0.691060525925947,0.6811268900885922,0.7655186244972688,0.6828843004055853,0.5805126018851173,0.6637945966736903,0.9887798929095394,0.7713431447536978,0.6306224377198599,0.798694720396403
311_UCR_id_9_HumanActivity_tr_16000_1st_38400,0.7744014981942636,0.6404006091176657,0.5282700054826928,0.7450551539236785,0.8269483257790542,0.6922501594492619,0.37477908033589,0.6704094343252576,0.741588337997713,0.8021838555673141,0.6261472859411316,0.6046070319060785,0.7820095665297131,0.78554299673595,0.7710164370205751,0.7153616754274299,0.4149193300900413,0.7271361788432834,0.8420765137579197,0.793588639116267,0.7324531041988034,0.6862779357755515,0.8133125223123377,0.7752325758228873,0.8332074617855327,0.6742647701092016,0.3902579552211465,0.7999180486284365,0.813227224257138,0.7938702055288329,0.8026046607822235,0.6892429996317563,0.7731645008357939,0.8069630176770761,0.8484492276502413,0.6844667366654922,0.4308439793471479,0.7231260730205012,0.8250077350872045,0.7785212043181888,0.7032153688555344,0.7041926853870216,0.8828186163267646,0.7202886157324161,0.7742135557078518,0.6869645772015159,0.3144864669421388,0.7110152418768909,0.7815265326327031,0.784073964428659,0.6361447233222681,0.6534093159261573,0.8152044714283418,0.743996090052787,0.8181001752469256,0.6760172258696083,0.3905601053642548,0.7901993810060575,0.7883386519089188,0.7952234485136569,0.7632033614734894,0.6979903896631569,0.8493288827160469,0.7559773811917146,0.8267012182955071,0.7058391071046886,0.4938421018790307,0.7163423367909715,0.7546804114900272,0.7971719353795697
313_UCR_id_11_Sensor_tr_2827_1st_4711,0.2392052403265857,0.7485520300035973,0.656703659736134,0.6485040820182859,0.6921688538496196,0.6194610087968316,0.8534752933337648,0.67280633369006,0.7135964448739518,0.6683122249216918,0.165071829125388,0.688328831867336,0.7082398893065138,0.6593501756754596,0.7622890556830858,0.6467864848844398,0.8244108368338819,0.6849670192513585,0.6995338208070455,0.7334310060886253,0.19131486248606,0.6101467725681702,0.7769865668317139,0.630354011660461,0.7284668955401925,0.6299797978214415,0.8283032305186379,0.6906842531917005,0.7143987044266072,0.6649080000254489,0.1445130180546103,0.5917143457186105,0.7278342493216791,0.6777897498107461,0.6605040071516406,0.7336530254022283,0.8153343663638027,0.6728366463685083,0.7213116363539694,0.672057601269996,0.1900907005849097,0.6754580168040646,0.7383030412484068,0.6110748915705683,0.8803892441140768,0.6993344192567899,0.8082309459534214,0.7048756830446453,0.739068525729559,0.7134966354312132,0.1807832852176532,0.6512712769554797,0.7762911334351851,0.6481700008582699,0.7287654565748084,0.7049911290584377,0.8210473015356098,0.6748160927452772,0.6788234183927605,0.7632162727119467,0.1510997356072815,0.6169060251624293,0.7104873764406721,0.6306651949258519,0.6970115307903582,0.6982156125454413,0.8107630865705956,0.6941981930877568,0.7211695910991486,0.7266951914802718
315_UCR_id_13_HumanActivity_tr_16000_1st_33070,0.5680147976974249,0.896310262106098,0.9682410783551711,0.9625043336618132,0.9720633981319294,0.6609703514093402,0.5486060722931638,0.8664501267553959,0.8814315087709335,0.9194510212852688,0.4965215448181282,0.9181799742609088,0.9533847872627926,0.8570247110090521,0.912240450683018,0.5830541711419488,0.6771449441666686,0.8645940253006364,0.998564640544017,0.9739609286593884,0.5927804361578076,0.9855158795017688,0.9683999772394868,0.9755088844474564,0.957087676736602,0.6172290293726599,0.5425296988440673,0.8882617824324687,0.9515115557957012,0.920023576060488,0.5008284978562808,0.9414560127869208,0.972681403927128,0.9905444023820086,0.9625043336618132,0.6317384302924016,0.692866236677632,0.8839936082330678,0.8854144523001487,0.929141724874608,0.5706624741231522,0.9130485064904426,0.9832156400137312,0.9367167203981648,0.9793921605002064,0.5222457318657981,0.7367171430727782,0.8921165929533956,0.9093301589940196,0.9896968800869314,0.3609485476690229,0.9216208621086602,0.9768400875881136,0.9559530411044246,0.9444025276642364,0.6702440158961318,0.4731212027957228,0.8596269818259689,0.9035841202978058,0.9771391806278468,0.5016313973948511,0.820012803649502,0.9342372988170716,0.9605128846917412,0.9868003119845612,0.6461742147614643,0.5724740489500195,0.8690686822909031,0.8903028983401765,0.9685593956661056
316_UCR_id_14_Sensor_tr_2833_1st_5988,0.6774363978074674,0.2353479002782041,0.9210030398250016,0.6018105073159246,0.5703162816176603,0.636034855171732,0.5766542079745345,0.5115922213695856,0.4812557899768968,0.4045206694560666,0.5554072977411181,0.1385861335562744,0.5161483079509902,0.8566040182899577,0.6777221616570728,0.6803149934379369,0.6409740696078061,0.6347871598568791,0.5392973698275032,0.5151247125562456,0.6778033610384288,0.1725211491034451,0.6881734735242372,0.7106471968318264,0.6576250986230807,0.6616775793798371,0.5975476440589025,0.5109120813453506,0.5310461077281198,0.3274794591313338,0.7055356692627196,0.1850143729562214,0.3562003037903472,0.7488168139805776,0.66640542439083,0.6401172595816219,0.5595070482176988,0.5869230536194928,0.5992181780047939,0.6975520421799328,0.6030080829510597,0.2067402809285899,0.4623758709099921,0.7564635853717168,0.7563399829680311,0.6947265674272469,0.5541448813303358,0.5520594342510385,0.5001362165985213,0.4811002018556282,0.7252784458538103,0.1472493535377177,0.4157175827294613,0.7189031222726765,0.6699538192474187,0.6258761256511494,0.5839758898168044,0.7133076006035356,0.5563491015726417,0.3066934992050029,0.6444600387293646,0.1285302398038514,0.6345600114705535,0.653973318848574,0.6164708100110546,0.6322277243991021,0.6380238386290762,0.487035823909496,0.5275282064029828,0.4056445125018462
319_UCR_id_17_Environment_tr_6166_1st_19280,0.593576549054318,0.6804417603096178,0.7965309913443506,0.93778525392938,0.6429264159910134,0.5294971449289372,0.3648072822954583,0.7862989817678371,0.781680079997765,0.7178203236426346,0.773019356248169,0.7344031029237449,0.7519578852003013,0.9590362657415238,0.4488765516695776,0.6389274055615546,0.7130089555008304,0.777118822037748,0.7112335242303425,0.7501568116337679,0.7984267467071346,0.7066256120337773,0.7293366159568302,0.9668768594145092,0.7430882143480125,0.6623086811686462,0.471781219332449,0.8078072050405392,0.7834955880241844,0.6862202572736811,0.7577522520698967,0.71761478836355,0.744966902492381,0.9497309032285572,0.7216065878668461,0.6646704334349307,0.5258345090586624,0.7767096933116465,0.8062900977796662,0.7008612787838644,0.8791392967605494,0.7242892258792032,0.6705385037549517,0.9149742347558943,0.486501183746749,0.7681603734845959,0.5839248088399218,0.7855249927196166,0.8446150483037191,0.7092088219923788,0.6843100550680528,0.7253278886004123,0.7938290320926421,0.8949650747827741,0.7000689264411853,0.6786093541449342,0.4963348069473379,0.8133349660662319,0.7715277473356661,0.7309047121260985,0.6429182062426742,0.7249120721794912,0.7372655331717964,0.9558755801157562,0.7832728284802561,0.4836156584122887,0.2071478785164887,0.7798961676034044,0.7995135574985651,0.7066206571895802
326_UCR_id_24_Medical_tr_1875_1st_4187,0.7021346641355933,0.9996817336499958,0.6717180133988017,0.964910818457735,0.9788191845346392,0.95100245238083,0.8895694822350946,0.5840617795429893,0.9301399032654744,0.8727233151018424,0.7949797993844233,0.9996817336499958,0.7752324150543449,0.9996817336499958,0.8599065631220931,0.8654413738658795,0.8840252332403685,0.3460106996601728,0.8953689880732124,0.8939099721614454,0.7651274228576243,0.9996817336499958,0.9061516701896588,0.9996817336499958,0.985773367573092,0.9433352131972832,0.8737942629227797,0.4000751285383536,0.964910818457735,0.9788191845346392,0.7505970911249915,0.942985514689921,0.7267970347458802,0.9330718909811808,0.9996817336499958,0.9718650014961868,0.9299579031530664,0.7623855929012554,0.9579566354192824,0.9788191845346392,0.7968200192416555,0.9996817336499958,0.9927275506115436,0.9996817336499958,0.9788191845346392,0.9718650014961868,0.9788191845346396,0.7966578721664966,0.985773367573092,0.9996817336499958,0.8475356253585389,0.9996817336499958,0.9231857202270216,0.9788191845346392,0.9788191845346396,0.964910818457735,0.95100245238083,0.7579826618878636,0.9788191845346392,0.9927275506115436,0.8357423411775128,0.9996817336499958,0.7481505632882672,0.985773367573092,0.9788191845346396,0.9788191845346392,0.9092773541501172,0.5683204504342041,0.9370940863039258,0.9261218983913722
331_UCR_id_29_Facility_tr_50000_1st_837400,0.5718107515612086,0.5356872915380946,0.5119061652717192,0.8905709342560574,0.1464017702649335,0.1107617630660768,0.9998231757632936,0.2630582571274513,0.573193965786245,0.4751504712842411,0.5231366265624618,0.4971836551516899,0.6056657421050264,0.1559722708138964,0.5569183084462006,0.1253371660594631,0.9998231757632936,0.5346202786195223,0.573824985611361,0.3045339420613329,0.6210511975058003,0.5645027078378193,0.4865448146505523,0.8880173842494664,0.5569183084462006,0.1243724338268317,0.0155407777315256,0.2998238297952784,0.5587888579928026,0.5306876729237031,0.4468171327876455,0.5318803697360136,0.510407540298129,0.8908327034692252,0.1464017702649335,0.1250534269462718,0.9998231757632936,0.5512521582958305,0.5740720194714678,0.3158851996271494,0.4485232736978709,0.3330821975689704,0.4030307077359872,0.8916024089701874,0.1464017702649335,0.8950816858630758,0.0155407777315256,0.3708528478694139,0.5533125073676773,0.3030170674817237,0.4905751425258785,0.5057103827031217,0.4602808906955944,0.8901722129379844,0.1464017702649335,0.122456837929154,0.9998231757632936,0.4226260903113146,0.3330340578291955,0.2901036974891435,0.5617199325290341,0.3188447796187955,0.3945235340419498,0.1576726505748961,0.1464017702649335,0.4990283069900011,0.9998231757632936,0.3693454349086137,0.3130336404199879,0.2896399672605201
332_UCR_id_30_Facility_tr_13750_1st_52600,0.6476009912625386,0.6223297655387618,0.5914320669007114,0.7269622812416765,0.6986703202544082,0.6534005112986179,0.5410304149802797,0.6303898812330017,0.6108763884177674,0.6433994476746913,0.6024970721702494,0.6128572909315293,0.6722704513900538,0.5987887869498068,0.8110965913046732,0.6270805235672388,0.5208423009796938,0.6668389061506516,0.5435219758976478,0.604061584391748,0.7646543993300837,0.6313596076750724,0.6378626994383171,0.7053987865426231,0.7998874915277738,0.6366912832290317,0.5228804888489614,0.6344353050357061,0.5576667480109714,0.6362595181392433,0.6140675083013852,0.6255170938267931,0.6012740790401937,0.7252422229618382,0.7843606271017668,0.6399303965183908,0.6594139438721689,0.5976316946449672,0.554824516941031,0.6287841126423022,0.73913417996423,0.6731357729940782,0.7512800981608644,0.6909405698753258,0.7458990322004039,0.6387212978057444,0.605993587572449,0.6502748351292681,0.5972089910802192,0.7320524515436392,0.7043588150085737,0.6570527600454562,0.7164338676839652,0.7504964278050181,0.7989738306654391,0.6686269956090715,0.6639212622455676,0.6356925333695491,0.5634498967609323,0.6443226898195777,0.772187568331792,0.6050514842240724,0.707207103434522,0.7440111815634188,0.7863824927425068,0.6768753171943537,0.5428502536948256,0.6401603012408941,0.5761872473338212,0.6335922001704357
334_UCR_id_32_HumanActivity_tr_1671_1st_2764,0.0861858925480017,0.4282821869236318,0.3079040086524661,0.2171734011464863,0.2443610167284513,0.2452834154686532,0.3733746414894499,0.3349263090912004,0.44516295832064,0.2546271979954113,0.2024664446387234,0.3366202583355043,0.444922496367598,0.5819190095726561,0.69210551416486,0.224239644791267,0.3024873931869103,0.3304773595636424,0.2546054790632938,0.3985362918926071,0.205750469688216,0.4880811974556623,0.3974967262567216,0.3361864600734665,0.4420934622489064,0.2334910398081211,0.359967730100697,0.3230462460742526,0.2908124114811125,0.4585875326739642,0.1256017379204415,0.4806680020771214,0.2772390336919972,0.3073623559787258,0.4999423223249066,0.258757905760114,0.4348583597117312,0.2799017170591336,0.3144981451259035,0.412507507813469,0.2259399047630594,0.4635821763283488,0.4778703635527885,0.4814235509023349,0.5384761808833182,0.2213510714083398,0.478168021667933,0.3747088995238865,0.3505692481859532,0.5265998916990166,0.2018697860041319,0.4403609828514996,0.3504817537789849,0.3703771621990135,0.4025248088549673,0.2409558062465031,0.3851129328976068,0.3449060145853748,0.3231370877300155,0.2474738788876726,0.1954787440279705,0.452211286699524,0.2893435741311812,0.3265479168133318,0.3126595024386059,0.228296275761806,0.4355476365300627,0.3554555182697037,0.3248293699134013,0.2506851035681006
339_UCR_id_37_Sensor_tr_2750_1st_5400,0.3406933099392865,0.4668625218390342,0.753423875612712,0.6665213737429713,0.6319872915443181,0.6631513302496123,0.4021411065470798,0.6289192212826256,0.7164025993700761,0.4286529910202399,0.318220843345928,0.5249310014900077,0.5139830016914556,0.6288963465235398,0.6707178628383761,0.6645403970607752,0.347498482488781,0.7154861531263441,0.6917469320285302,0.5418360602143291,0.3374938894020846,0.5363406503277041,0.5682209345868855,0.6402947124985948,0.6336727673617258,0.5445676015076713,0.3581925059530115,0.6924564162654677,0.7465231171961717,0.482555268877086,0.3169026745721391,0.5268306548045695,0.6674058473519585,0.6037764579614535,0.6046375133535586,0.5489625058681056,0.3980334666788807,0.7187403025316749,0.7523901093016785,0.4860750141671576,0.3340694419588235,0.548892123256267,0.6612895800456604,0.6525967973602892,0.6414167755880987,0.5385072525941449,0.3339266631211851,0.6410165118653831,0.7164808437873359,0.4938270066181032,0.3527585266112037,0.5137356424449694,0.5642462379005815,0.6360994322780992,0.646225470192937,0.5434143613058583,0.3857878139353801,0.6732832389211938,0.7314082036649683,0.4890938019097244,0.3239667776109851,0.5383949311666963,0.6206369980623219,0.7030414322843004,0.6379567981964454,0.6669275686254336,0.4121531690846016,0.651318680080624,0.7416754510115868,0.4469738976973713
341_UCR_id_39_HumanActivity_tr_48812_1st_128430,0.6206828746451909,0.4636815326879493,0.2632354555177095,0.9469589325995404,0.9637640329295138,0.8954022869036202,0.8975114457045801,0.4622042790182162,0.8748889409366439,0.1118403324325305,0.7314889792451212,0.4530096206577646,0.4816001506242192,0.7091481482659922,0.9155721085001136,0.9337066206055123,0.7408614604446576,0.893584600615062,0.8933144472385467,0.5073724872486921,0.9158046833388216,0.2509495141664311,0.062201920975493,0.8522026129931985,0.9286108308909404,0.7329931960516136,0.7890966428821815,0.4742338014381139,0.8574713770535283,0.2314078476634139,0.836564563017005,0.1883748563352629,0.3674706602343009,0.8800936152750275,0.9512046347365024,0.7507872355568135,0.8775357966495543,0.7730478389166742,0.9096531538549308,0.0856479958912278,0.573840836012809,0.4315839247569337,0.3224535787106768,0.8048359393043913,0.9256822085460784,0.7156904379377266,0.7488414831078364,0.8814626417390722,0.9084066248378706,0.5531892263617759,0.8611719199192828,0.279031506466928,0.2510290509248606,0.8870112841586003,0.9127987990217422,0.7902045311018758,0.870643963061531,0.6058576445916309,0.8484989567408118,0.0946322890978516,0.8389929826028062,0.1815193713926045,0.1484080434809894,0.9256822085460784,0.9403950750289272,0.7825341787031191,0.90963340458057,0.7628309300617812,0.8488356589689214,0.0624478397381194
344_UCR_id_42_Sensor_tr_2851_1st_5365,0.3721725169047484,0.6259000796714074,0.9537499788952616,0.7749487680960381,0.7596578455526958,0.918902312062674,0.6070168359082502,0.9025212554296708,0.9541990518136084,0.8932795582373476,0.3598044132604566,0.5918634319721648,0.8436003938961303,0.9511580324625968,0.9448799543389308,0.6978983848685523,0.8636257551022561,0.8649730598219089,0.8943936703236629,0.9625937899674508,0.3772051734910175,0.7294390560526205,0.7916659884830325,0.8336059023146154,0.7771203039153278,0.7703797920609361,0.7734601282982475,0.8452707418785913,0.9677668784008936,0.9158186798637256,0.3478542318790598,0.6281921027054771,0.7448950761207016,0.9106703264272455,0.7269238988135364,0.6921206919711409,0.6006128521465731,0.8587735427068565,0.937850485703598,0.7637280280591884,0.3857256161132003,0.588975110400368,0.9397616752592264,0.9713323061729436,0.8295273013454662,0.7914541323942291,0.9015503737704976,0.8534143518641785,0.9447868036325864,0.7899977694741662,0.348722215135698,0.6381178522970372,0.6638379097180934,0.7941251185587199,0.7272823279587407,0.7944729188202487,0.7933198952658205,0.8532521656273772,0.9272895594301036,0.5956522940726191,0.3701227450264372,0.6504740400067646,0.7315920658923393,0.7410727413110956,0.7385051920066219,0.8059970097280864,0.7674133336840449,0.8975186519176294,0.9572317965823688,0.9829171966184636
346_UCR_id_44_Medical_tr_7456_1st_17390,0.6466994738187226,0.594272056068965,0.3150976038866914,0.4851810564372434,0.544969164599903,0.4875609582119747,0.3530044535469918,0.6019725822306502,0.6249054975455974,0.5295446711341245,0.5755562158464627,0.5109655975631112,0.8303907797834206,0.769899217104702,0.674120564409918,0.5263579922865768,0.3398309237752238,0.6058354389734635,0.6025777074040997,0.7123459894727786,0.6569756355949091,0.5231067479456821,0.7217673082448397,0.6917406044244625,0.6232973835070379,0.4544846431639529,0.369918485536278,0.6446954893954754,0.6039438752950996,0.6992350077850815,0.7375535323034094,0.5554532521740391,0.6527406265220012,0.5658354086723368,0.516589589044135,0.4079573665284856,0.3188238289316318,0.635452204944968,0.6371374179254837,0.6349227961846062,0.7530064782491751,0.5121058006204712,0.7666603351986695,0.750303357252239,0.5878479321526866,0.4331247911914667,0.3104218193036738,0.6260428097264253,0.6167885863353072,0.7960421165709266,0.6388504423761435,0.5264946799770965,0.6155802497466951,0.6783520329729645,0.5919235063189262,0.4778005353494859,0.3133125184126281,0.6499404227543659,0.5949309135488658,0.5820958158383106,0.532402430652222,0.5503332361940378,0.6200876273216727,0.5735541926368466,0.4809644071575179,0.5073177597119812,0.3192550631557825,0.6527210573282975,0.6196365490802045,0.5669858103563831
349_UCR_id_47_Facility_tr_29954_1st_74900,0.7392116983471776,0.8119118399597418,0.7874747303666267,0.2611899658215215,0.2167180249120853,0.4179868431786182,0.6706276961469901,0.6894603816058837,0.6108029341398366,0.8679231197565781,0.6414079689182153,0.8038374380623937,0.7667673709711678,0.1846425444869154,0.1697757973554161,0.1376837667124244,0.2926349789931085,0.261006744094901,0.3861704910286251,0.5340368789182284,0.4887931968450942,0.8527387453920765,0.7267351079712284,0.2974496407100095,0.1781750056857268,0.2393357023066283,0.3138513045160123,0.5779546087370184,0.4616279758289933,0.6413556985356127,0.791389739559514,0.8289864350489806,0.6648305462252503,0.3027135831993749,0.3883630336124125,0.3225981460579462,0.4010209116456187,0.4689909039560276,0.595499756018758,0.7444989547432782,0.604950017632417,0.9111996119646372,0.686179006332065,0.4799218320017799,0.2552065731932736,0.3169211292197423,0.3124261251043809,0.6723390111345152,0.3703834439249128,0.4632566847106381,0.8880755060028277,0.8919045910545085,0.6478411074729105,0.3864210813641219,0.3414057612424612,0.4047860368065603,0.4558136423496517,0.7161219106824099,0.6775579110503669,0.7000920882993955,0.722160864100848,0.820672113606344,0.4794168321142885,0.3249618238248474,0.3122233775647875,0.4509871300407744,0.4272153513908812,0.7303182495822479,0.6092723296815106,0.6931995901880705
355_UCR_id_53_HumanActivity_tr_48750_1st_143411,0.7427761530681124,0.9986704434622268,0.9954270028812072,0.9459199546040418,0.9005425193016539,0.3544062430093547,0.7810995924017525,0.912212695581635,0.9749560745538148,0.996967669645644,0.7339722307806856,0.999200475187116,0.9976473118473496,0.7941219966215518,0.698881130127019,0.4669133446601339,0.7116502142506994,0.905654382534708,0.939953208405017,0.9937621546449652,0.544137321871615,0.999200475187116,0.999200475187116,0.8105631185700775,0.7960606408646362,0.4609116468023798,0.7063865673259787,0.9468201858614496,0.94107864934863,0.9976944633478444,0.743830717351774,0.99891962987441,0.9825435175407732,0.8244598348686819,0.8464261737894512,0.492279104531837,0.5791640267602044,0.9749554349358645,0.9338640662038552,0.9968962002406208,0.700990451274089,0.99891962987441,0.975028199212343,0.885349002865261,0.7867632782299199,0.5186020282818189,0.5370342093930558,0.9553720809958292,0.9234445637356904,0.9857010358132786,0.8616009208543379,0.99891962987441,0.994288915714679,0.8307231453318957,0.8358236044600319,0.4909674486964668,0.6339176934940071,0.9486149779320552,0.9616815848976789,0.9949442400118556,0.4608001139049725,0.9981928361722096,0.9900686706952724,0.8746275223342027,0.8685876040571607,0.5233044835723597,0.6510651685503869,0.7891318163541995,0.9381507090054824,0.9973841906752352
358_UCR_id_56_Facility_tr_10500_1st_29080,0.620502366439865,0.5224298503589054,0.7823373699917248,0.821738325032792,0.816162715554784,0.9534451392803917,0.7837260724542868,0.8194459836138993,0.7716821212717475,0.7249534538032542,0.611727533460786,0.3833719368868708,0.766560181432129,0.9292585767123396,0.879441703137623,0.9374494112583728,0.9427865515030436,0.8445596564262609,0.820742845643179,0.7512411661070476,0.6956128857734218,0.7809366774829547,0.7335809589481485,0.8301399282332124,0.8175405364332338,0.9106208655510206,0.8090753916774819,0.8464353179282138,0.7846982298397711,0.7466457705361248,0.5413814354912316,0.6454985926643394,0.7511777613448557,0.8736227247245701,0.8628941550414633,0.8439606866928261,0.8689966391927036,0.9272576163352376,0.8289832822415455,0.7595022703182566,0.6413669642561853,0.2805323463407335,0.7617420092951415,0.9105860275537464,0.8511066643554464,0.8387451527921387,0.9838024199278458,0.8628664497885525,0.7806997882101805,0.7182861227646997,0.7000661090929561,0.6284412251827444,0.7035539961867062,0.8718609198068314,0.8018777509933779,0.9075136160892564,0.8149682872675906,0.8125056475574967,0.7579215883950196,0.7849178307118952,0.7931292377117533,0.6983968627322882,0.7795835621733213,0.8837015840776222,0.7745122395401475,0.96883173681399,0.8018815923877002,0.8475027692081664,0.7610175723829902,0.7862474431876298
361_UCR_id_59_Medical_tr_3000_1st_7175,0.7567264645229673,0.599808502126936,0.5696586553247233,0.616844375414437,0.675401768288761,0.7146673553069196,0.7542873551924762,0.6483396427401206,0.6463487169198776,0.6168865991363623,0.5986372007444314,0.6035175369427341,0.5938799211631886,0.5610024914986531,0.6128347541239766,0.6936119045897905,0.641685783704902,0.5810452622772895,0.6698382577959954,0.6408497660736868,0.7267519443882922,0.5759463043843408,0.5902438524789045,0.6351581646850116,0.7009361039481667,0.732169293179745,0.7058786660362654,0.6362816089089989,0.6091198921394291,0.6324368053376589,0.667603703710419,0.7082112419850767,0.633234315143362,0.5928203952618565,0.6058967899249817,0.725230905614831,0.7099134197086168,0.6378894848839185,0.6682512519844228,0.6501493680164326,0.7217933943120496,0.622755091319348,0.609455215554145,0.7362597314253897,0.7382019346001458,0.7140916271009248,0.7172030768616449,0.5812556375455354,0.5926358994685925,0.5993815218513588,0.6930435142512378,0.5500046239202303,0.5731411541804556,0.5688920561977288,0.7436126506471663,0.7031972985438482,0.6904718706567715,0.5666230755827812,0.5654881130472406,0.5733830996662785,0.6626361040777496,0.5730536245935859,0.6034685562650974,0.6003132264481799,0.605609950265,0.7328460578224951,0.6929696311726076,0.5681829791333659,0.5754723883187929,0.6200096338514915
364_UCR_id_62_Sensor_tr_2833_1st_5988,0.5190109313215536,0.3965772021016648,0.7263668561598217,0.6895052501446132,0.6502117691924514,0.571433475032032,0.5769699410792498,0.5204260436818825,0.5408949450625301,0.4209911624798291,0.6956940716490964,0.2627291185276634,0.4035342572808098,0.5862195431863998,0.7832523373727638,0.7342746721717909,0.7128481822681049,0.5521897485567453,0.5659391575320639,0.3845276377435542,0.5994856356552706,0.3765438842498361,0.6282663405575759,0.7048465370561687,0.6997546587731189,0.6970539218852142,0.8113084952602415,0.5685910078993403,0.5942388619899064,0.3487129503296209,0.5646375385877683,0.3724043038722721,0.4209856934350358,0.6774404476407122,0.7102116638643251,0.617267652853526,0.8210228939471439,0.4636546953511003,0.5484045267750929,0.3749349837881768,0.474372678321793,0.3226645471999398,0.3803253997412958,0.6824163542040098,0.6660214354564873,0.677894398224776,0.84981747367174,0.5451854182924546,0.5891793949492344,0.3874120486006747,0.6254016697187768,0.4680933593142468,0.2591639074078939,0.6784346858592591,0.6552418475235261,0.6328339953030517,0.6977803305501373,0.4723807853665291,0.5788950963393854,0.31424551463376,0.6232497882377213,0.3937075448740408,0.2818733859709091,0.6734791651945266,0.678273631667527,0.6893727493414381,0.6932819038373398,0.4447250247544628,0.5671616238251462,0.3733468702660178
369_UCR_id_67_Sensor_tr_2750_1st_5400,0.3961258576986369,0.424513562744798,0.4962169314525135,0.6790403651405916,0.6226425010165458,0.6151978582415931,0.5409552585221077,0.6397014476508441,0.7093092013277437,0.4317676429885886,0.347475115114822,0.66734382486036,0.5673854965480821,0.6540190879763915,0.607012020070912,0.5954411557920061,0.515473268753533,0.6823994098379788,0.7463566749389327,0.5096728402074864,0.4071174983136595,0.4329409727515175,0.5716357669365643,0.6810604549050141,0.6177753323580558,0.612903580004521,0.5421833270804187,0.7007811495074782,0.7640661171640588,0.4669451988106782,0.3846678346491392,0.4754592275587493,0.597957916246926,0.6713238118759075,0.6321654752274986,0.5949637485212883,0.575871164621118,0.7169336368461312,0.7424920447519574,0.4704996340112431,0.3699236918379893,0.5366312976606775,0.5448553565246876,0.6330613290222858,0.6739486941628704,0.610045420458952,0.5773888917118211,0.6319498487449485,0.7782517068584225,0.4982541368837388,0.3510757870879017,0.5072029433992566,0.7258771983063912,0.6779161795139124,0.6408802510913325,0.6197840704909673,0.5389893536861908,0.638838339986253,0.771357387650016,0.4605125963997528,0.3985661519508305,0.5580921205213986,0.752062105054798,0.6354452928731522,0.6470211599586697,0.600368215073488,0.5723344791185905,0.6087478596164545,0.7770974370488191,0.4710996282236941
371_UCR_id_69_Medical_tr_1853_1st_6200,0.5895795726246991,0.5456793228844118,0.8149679233840151,0.6359944200080329,0.525401419920436,0.4663805624112225,0.4916162905159751,0.6199802546211266,0.8419932677049456,0.7125835277949714,0.7753631596800462,0.6544475385786567,0.5923778597803018,0.5412395338871048,0.514911239346784,0.6070383506342844,0.6733579656002294,0.7480926488068947,0.7852018633711411,0.6284517804637816,0.6982852928768857,0.6382467423066982,0.5949491397912361,0.6167881151296236,0.5817341981267199,0.4715007983489173,0.4872407631367041,0.6705691572908827,0.7406834757107114,0.6493582269953228,0.7073694308843962,0.645262210712588,0.6044724717633234,0.610950896679969,0.5396782193962599,0.568828108416298,0.4753443735870593,0.6564721447728838,0.769129598577878,0.6820494481191048,0.6180724797817279,0.7249537934833328,0.5993481666800624,0.7238696933872939,0.5499439163773944,0.5005306446809643,0.4255901945161042,0.6597017656816182,0.7914540734216099,0.7139549193734109,0.6120722248904071,0.7864552091883595,0.6286091562173169,0.6314499279179452,0.5749641742659389,0.5731226408482104,0.5056192505377872,0.7065303874695629,0.7657568619174664,0.7894825735269574,0.6404083766427598,0.6954822653483379,0.603791042592,0.6659062322258769,0.5906891203608293,0.6163305758981885,0.5605084184064614,0.695875343806498,0.8177410834685634,0.7403917614569545
373_UCR_id_71_Sensor_tr_2827_1st_5988,0.4259727070003174,0.5297467047995925,0.8552820953026496,0.5612179932349158,0.5271350734751253,0.5718277758751538,0.4361366447250562,0.6663252546309716,0.6674154488497319,0.6140708031265911,0.5499672111344897,0.5780538606437974,0.6531022863566123,0.5374832454455435,0.5983135349120641,0.5234588947252126,0.4452306108259864,0.6968824606003513,0.6372699516477128,0.6697160909509445,0.4510121092450826,0.5765024373290372,0.5455914925398877,0.6539441432476483,0.5209656194600207,0.5537597486765123,0.6190719311266643,0.6968036984530012,0.6286251434950788,0.6812423134675115,0.4422927599386996,0.6420709754766656,0.4950965735102401,0.6655873694399143,0.5648720403431923,0.4964627005224157,0.6885123583384325,0.5668696369497322,0.6167380606412343,0.6324877986590985,0.3848103762598466,0.6394333865102955,0.7108856545940028,0.5727926482419923,0.7493767396097822,0.5830190735373039,0.5835820152525056,0.6045946118048289,0.7052081682078338,0.6805216676470558,0.4149569562912808,0.6049922380561752,0.4850828782336358,0.590113875662524,0.5607262499913128,0.5282094917312008,0.5585371855043453,0.5743064123542257,0.6282392691724278,0.6219892394391133,0.4707961742438649,0.6696151912936087,0.7159923301558053,0.5425056259893432,0.4625725446987136,0.4824331504710584,0.5507055336837136,0.6951419378310776,0.6584177214375757,0.6538863506512826
381_UCR_id_79_HumanActivity_tr_16000_1st_31200,0.2781025483360471,0.5857299199200241,0.6607209692198607,0.7525643877836776,0.5656744572820406,0.6762554533009563,0.6000441126691541,0.7722367180667634,0.6181244989460624,0.6390082465577919,0.2482966266381497,0.6523228603128318,0.5601897758399376,0.7508818978268677,0.6314575828983364,0.6612186827679428,0.5166978819945861,0.7904340520172994,0.6185416926151729,0.7332237772649788,0.3209079839092727,0.7360124913116461,0.7357956273527906,0.7438771888066685,0.6778487827156211,0.6355339495065743,0.5654943829194096,0.7616608552505275,0.6473699690992003,0.7729380764895257,0.3095227876321375,0.6759370376048868,0.6191579143537366,0.7195693553566269,0.7135187270755603,0.6390374879402925,0.5877067397247586,0.7408621043290926,0.6660258355857877,0.7746814626066959,0.1979479342816771,0.6882294294129683,0.6461577687891024,0.7641987372906215,0.6898151671034863,0.6642272294710361,0.5672730323527848,0.7858609566434388,0.6025300991921796,0.7827408571724372,0.1831986699336965,0.6269118337693818,0.621569301975238,0.7378570303704749,0.6984391748491837,0.6881321924047873,0.5821386332967553,0.7970183761217332,0.6591997714751006,0.7615179130585599,0.2417144180399927,0.5216504862796646,0.7475513046969382,0.746629167985885,0.6401447569315727,0.6528346194068293,0.5870181692719454,0.7727130941099336,0.6684708109041676,0.778599587469399
382_UCR_id_80_Medical_tr_7500_1st_11800,0.1625115997645381,0.6375260718073373,0.7609250314809096,0.4454786953120304,0.4699155981042489,0.5636831197604969,0.6503044643367015,0.6866552623788033,0.7046552629262233,0.7555022500142191,0.1423509352564465,0.7143136771835877,0.7289225370210268,0.6234278414024995,0.5152061459623657,0.522399143006382,0.6503044643367015,0.7261406414730808,0.7458337492462516,0.74830350986304,0.1235177965635031,0.6824373541891459,0.7282403886305124,0.5374876163735485,0.524704209893216,0.5134935608579237,0.6503044643367015,0.6602035094865544,0.7213593780790926,0.7233760283062275,0.1326959779899372,0.7264120623749958,0.7442412776391124,0.5220640888425089,0.5168323759597038,0.5152644676971022,0.3890032171915211,0.6560212870364882,0.7473935388428958,0.7515060752947443,0.1109865271376973,0.7497198976487154,0.7207810488114503,0.5384781536593831,0.5195937482044202,0.5057481762759205,0.6503044643367015,0.671398849232027,0.714780295658714,0.762732697221131,0.147371792437779,0.6994904238424511,0.6936032343331168,0.5246613326646793,0.518150361545196,0.5544671608246723,0.3890032171915211,0.718674845728658,0.6880778467744545,0.661950813808787,0.1498465345850014,0.6954450948438943,0.7783913550886324,0.5286195870311058,0.5396752902366355,0.5177260530184551,0.6503044643367015,0.7713246759457798,0.7134464823740877,0.7296948902899796
385_UCR_id_83_Environment_tr_2046_1st_6006,0.5166863033621117,0.5028655890440377,0.5406658897225252,0.7041059522429757,0.8251115626334992,0.5534782709844918,0.9730355965742756,0.5653878422194866,0.8175223039105681,0.5442571790129371,0.6536484298404772,0.5112076678996518,0.6501283338340736,0.7316233774613958,0.7824961303139172,0.7314466357175365,0.1028541751261267,0.6330763241772565,0.7574431434757364,0.6430438942154659,0.6103140473686542,0.5245248635896835,0.6472559472287351,0.6826409835749676,0.8559076937558069,0.7119671978612284,0.1028541751261267,0.6759938433275694,0.7975134863046235,0.6193549081137628,0.7342984674167181,0.484616343983852,0.6241871888402086,0.6755353773741115,0.8427904276788472,0.6845108970446516,0.9730355965742756,0.6031675262609869,0.7971205006665142,0.5681171903830621,0.6372106466190021,0.7259508142563956,0.6113944879472923,0.6915240972373508,0.9151900061872,0.7122231050958843,0.9730355965742756,0.6345430917061182,0.7928329656492846,0.7305213300653179,0.6504546919051039,0.558530193770277,0.6928294670347563,0.6776861983789728,0.8230728351067333,0.751938515110089,0.1028541751261267,0.5754492964665983,0.7254698089244456,0.5984204812967753,0.8398255365435847,0.5213638842373408,0.6190157157271997,0.6836573569801323,0.818761504641498,0.6303210956185916,0.9730355965742756,0.6702874160846277,0.7395070371282456,0.5310845926806855
387_UCR_id_85_Environment_tr_2046_1st_5549,0.7137962214179173,0.9594411051359713,0.9744908599572066,0.9358550636104768,0.8807361832996405,0.7191020793005671,0.9833144633864488,0.7789891296858155,0.9307137898216056,0.9836734950742484,0.7377613681844253,0.9737753734650508,0.9770332247422948,0.8997324059916696,0.8679999789140754,0.7190656211147192,0.4353575534935826,0.9226480001362832,0.8739780194137414,0.985603036797522,0.6608259939303663,0.9575331106274124,0.996969091747686,0.9277302766559278,0.835263224370348,0.7173777220313042,0.5825443443266582,0.834438220202018,0.94131822957874,0.9944072056794592,0.9112664418563512,0.9447902559869203,0.997811469892897,0.9311541729099536,0.8929602352632826,0.7725897922940977,0.0345080567872715,0.8394408451589197,0.9036720742515922,0.9972121177103478,0.6212446647885563,0.9342956285764172,0.9698013897170682,0.875900868656757,0.8642439689250488,0.7202195413881904,0.4353575534935826,0.8595695404391093,0.904555301906819,0.9889116675442124,0.6439920082059989,0.9711103726259432,0.9261364496792774,0.8859222651315597,0.9139900860593216,0.7105232824477832,0.4353575534935826,0.877556612395419,0.9340956430398591,0.9899664268659236,0.614122661991639,0.9501682201344862,0.96470098123407,0.874614447293346,0.8935507050337086,0.7454115634343148,0.9833144633864488,0.9136380082576726,0.930406381826967,0.9988606590194352
391_UCR_id_89_Medical_tr_1875_1st_5759,0.8050705285530502,0.6456780310369213,0.7767601112262278,0.5874527554491911,0.607164332503974,0.732642706991069,0.4980085255185481,0.7848415418228596,0.7825887753485488,0.613318393070984,0.8344141228613893,0.7734282296872358,0.6707659893071616,0.528362815803746,0.6047766564787429,0.5842633424711426,0.6292478818899793,0.7132376659224656,0.6837578611466374,0.767388515385037,0.8320515321582521,0.6542913881749206,0.6596039736145124,0.6097083846730823,0.6390664959394525,0.5645968008097014,0.6582401740876548,0.6891819357460286,0.6846437344209615,0.6587114759071896,0.8127654267502677,0.6559070588247481,0.7823181635669457,0.5263517044678747,0.5639387625984853,0.521836834621685,0.6659947355954969,0.6399624886256672,0.7115705823860216,0.7708697327085944,0.8283596217574696,0.7081383089637336,0.8610133603295614,0.5586831568512514,0.7270573115425221,0.6612522370076513,0.6060248565499704,0.7420208332144496,0.7127181583341968,0.7938537931938552,0.8335684077140912,0.8185210947851964,0.756061335485929,0.6067051818228008,0.6671652274637087,0.6497062771094911,0.6402948222170651,0.824319250759371,0.7379947643004204,0.7658028902435987,0.856676746637632,0.6954781462629659,0.6518135705044108,0.6049236630794274,0.6161185237825858,0.6212868061116898,0.620742905485013,0.7573444419478269,0.7713559159591178,0.7435459267129686
393_UCR_id_91_Environment_tr_2046_1st_4852,0.8686272143631603,0.7775721304112355,0.8066556892156262,0.9296556089898516,0.8839836175172777,0.7383401820830444,0.9488375021453684,0.629601398719013,0.7723057587190841,0.7447442023014063,0.8066310904420946,0.7578033403720559,0.8161350230090413,0.8808139074092597,0.9023293878074936,0.7825590609313386,0.4152962705470392,0.8645566453686567,0.8281433206307987,0.938339266267015,0.9029399292534004,0.7517311795708376,0.9663952018023932,0.9041961623080024,0.900823351794508,0.8612735047436808,0.4152962705470392,0.8316320657278908,0.8323560867243551,0.952495577254315,0.7528437720762214,0.6275935000378691,0.9102030229264302,0.8954987589790595,0.914700725563502,0.8649354950591437,0.961122342908636,0.8360472454367244,0.8604882844346724,0.8701056859218618,0.797710040436741,0.7191627354909801,0.906699474822222,0.8980108769170334,0.8600885673798855,0.8546892496047509,0.4152962705470392,0.7144696425625434,0.8046478281708432,0.8911331047869575,0.5668141231682994,0.883845898428302,0.9772027505697736,0.9220666023530928,0.9201516019799868,0.8500290910047306,0.961122342908636,0.8895097094939084,0.847666128506885,0.8725615285473681,0.8291462368250505,0.8177304603747342,0.9269758559997366,0.9244138165751972,0.9137961861154056,0.8758644010350217,0.4275811113103069,0.8074816967168523,0.8209628285426875,0.8409966930306964
396_UCR_id_94_Medical_tr_1875_1st_5607,0.8112236597860711,0.8013116258410491,0.8872964282932361,0.9526996278493156,0.9418019656123068,0.5242077447190808,0.8962115791585048,0.9399797679664292,0.8821857156811272,0.9868653358050532,0.7458168236617956,0.9882206853883888,0.7117717818688184,0.6687731299689539,0.9763709376691532,0.6749605721492299,0.7722244756235583,0.8952009604242872,0.8055103770511722,0.9775222601348178,0.5822211454819107,0.9534184041919198,0.7122571846853233,0.9868653358050532,0.773071091590452,0.7152600844626548,0.8196605133444966,0.8005895170814585,0.8897882561785446,0.9711229582449163,0.5887533167113175,0.9470154085092132,0.906938865566808,0.9827702395590552,0.8118108195936515,0.7698797767877871,0.8873834448843188,0.9419979731740854,0.9161662382847556,0.9769751074627868,0.5122510267935837,0.9701043181993176,0.9463579026963594,0.9851933775769056,0.8026854432163693,0.8553685016085766,0.934961117356194,0.9504757268149026,0.8492263296190875,0.972274280710581,0.8241868349474215,0.9851933775769056,0.8398664555173939,0.9801478645577658,0.9216332990625812,0.8820521590216615,0.7677167251061247,0.9472459525983216,0.8384556495250303,0.9962935062190128,0.7480462639521718,0.9791387619539388,0.7715972512019939,0.9771205567462824,0.9484607510289068,0.6988513671865062,0.8807667510240703,0.9472459525983216,0.8166570956293527,0.994275301011356
400_UCR_id_98_Environment_tr_2046_1st_5391,0.7032082076040557,0.9997724250616122,0.9997724250616122,0.9899927750909868,0.9997724250616122,0.9573953161791277,0.5834133056938573,0.981843410363022,0.997327409494689,0.9414225613123164,0.9639123341790936,0.9997724250616122,0.9617961792807628,0.9997724250616123,0.937836840832012,0.9337623646165636,0.5834133056938573,0.836784718205248,0.9697919341716228,0.9533208399636788,0.6055359319991769,0.9997724250616123,0.997327409494689,0.9940676636035032,0.9573953161791277,0.9573953161791277,0.9820023159166116,0.9736940456350572,0.9899927750909868,0.9859182988755384,0.7080881180325912,0.9899927750909868,0.9940676636035032,0.973694045635057,0.981843410363022,0.9492459514511628,0.5834133056938573,0.981843410363022,0.997327409494689,0.981843410363022,0.7533708728855131,0.9997724250616123,0.825375607586097,0.981843410363022,0.9792655613851404,0.9492459514511628,0.5834133056938573,0.9396233949403168,0.9940676636035032,0.9940676636035032,0.7415860086443142,0.9997724250616122,0.9899927750909868,0.9997724250616122,0.997327409494689,0.9533208399636788,0.5834133056938573,0.967962202417509,0.9940676636035032,0.9859182988755384,0.8249019723395802,0.9997724250616123,0.9997724250616122,0.997327409494689,0.997327409494689,0.9492459514511628,0.5834133056938573,0.9493662790163878,0.9940676636035032,0.9777689341475736
401_UCR_id_99_HumanActivity_tr_1671_1st_5920,0.911739073109942,0.9669859934111402,0.9976329475118546,0.6515198215723681,0.7498450460442666,0.6999981761916885,0.621165907524597,0.9370929019837382,0.9618130798721406,0.988783891160249,0.8638683670852952,0.8126425145805611,0.9983259256566676,0.5502182740303686,0.7015855616187664,0.6632560525326577,0.6364339707047267,0.9611215539376948,0.941698953039502,0.9955209481273004,0.8686336419886004,0.7559490365626746,0.9958775424515596,0.6647500838184612,0.7466968501929204,0.6822161459330502,0.7006010287391145,0.9696046809026428,0.9649257915863982,0.9990766519802148,0.7591664108849481,0.835810546968122,0.9982392901473582,0.6087110715779198,0.8067379916562326,0.6737250369283835,0.69788069283114,0.9632588945687276,0.9630828104318429,0.995698135590906,0.845072060258058,0.8490918761668539,0.9877429795591358,0.6654589997766711,0.8297966712801903,0.7157303456889861,0.833488884147768,0.9683564104792978,0.9463014652249048,0.9822412126850312,0.7910937998674413,0.8808702695088961,0.9757033529455088,0.6466238374197399,0.7571302720420661,0.6899743464142861,0.7511489411077337,0.9768743259247156,0.9628677953267148,0.9959291283058436,0.7843050821047174,0.8444244640176152,0.9795826663772934,0.6635658159188222,0.8434818742648138,0.7147779892511026,0.6605507123582964,0.9736197702653524,0.9608564796307232,0.9946875557042618
405_UCR_id_103_Sensor_tr_2827_1st_5988,0.7362611881983465,0.503083920022081,0.7939348836713237,0.8162662826811325,0.3702119074335987,0.9983100490599448,0.3425176418815354,0.7717527865040901,0.7230253689392365,0.8059349631085069,0.7380356610128548,0.6725040750671732,0.8026807625066023,0.883700889326965,0.4152424174602298,0.9971087003952332,0.4422185546794609,0.6448242958839068,0.6344400098159557,0.617141194739248,0.5507836588453494,0.5872363950887568,0.6732486385847322,0.929889469941964,0.6875482856999313,0.9971132730164256,0.2786019721310862,0.5712119478079596,0.6603038962404301,0.5040966306870617,0.5862742402088627,0.978445998835416,0.7552552412050186,0.8462977251641768,0.6108674662393019,0.9989077543124644,0.4426605031918892,0.5612353936097498,0.6393301958368794,0.7161984247321593,0.5567617602034591,0.6742296230213773,0.9793031392534548,0.9058235022460324,0.7518680503505811,0.9989412868678746,0.4586677425801307,0.5700618334597851,0.6583979535652291,0.7706983703319956,0.6509210432435988,0.8029725926468874,0.7974728392823688,0.8774959259910471,0.7435099068005484,0.9944852023448408,0.2750586587985297,0.5797274951464887,0.614760492666126,0.5258559122566517,0.7857631391266228,0.8643377539375438,0.6699866997388226,0.8277816496824825,0.7171255323055189,0.9963172614339992,0.4524730002571073,0.5796194019547805,0.6223240985079547,0.4378430769781978
406_UCR_id_104_Facility_tr_20000_1st_67950,0.6843785382317329,0.846694971163106,0.7398835493950272,0.4576694629490508,0.5021446147545933,0.4085734290693565,0.4575484650088662,0.8194658652101914,0.8059072676555753,0.8116148953807695,0.7192842639829916,0.8830699058785788,0.862027196764306,0.6418860361310607,0.6919836425636864,0.4600840796278304,0.4366100595435893,0.7988910355501858,0.8443277753481673,0.8394014417800371,0.8373146900306712,0.8493500726323717,0.8956942542511748,0.6230133020176895,0.65129356999067,0.4070160602971552,0.513028055605431,0.8451921829720173,0.857701789076233,0.8614829235509148,0.704847468643989,0.8483971139476628,0.8191055400979348,0.5016015402912992,0.5727841832658284,0.3878987990305487,0.4658186546852454,0.8689579646139104,0.8632609195657143,0.8221394567974468,0.8107268313400499,0.8564466583481131,0.8124994687666584,0.7116082854219298,0.7882564649209763,0.4267926902462809,0.5330790007503202,0.848917161287178,0.8293400080495762,0.838385893468823,0.7675220916063396,0.8733686219383789,0.7766026601324805,0.5478004035337972,0.6037037232284989,0.3641490676934092,0.4856969792515269,0.8475487386683836,0.8026931033118412,0.8357106010376082,0.7600678687934426,0.7739067747011739,0.8538111244087678,0.4626896622247541,0.6659477531608072,0.3923607548912866,0.3613945062191764,0.7856815540396497,0.7836222734090722,0.851399946825049
411_UCR_id_109_Environment_tr_2046_1st_4852,0.718480449474229,0.6958634955415961,0.7828408790914583,0.937371750243222,0.887497905368583,0.817981185215861,0.0490082710914304,0.5255504556101218,0.7725278198813348,0.723457994066862,0.7359414030870933,0.6188911635013308,0.6292384083616218,0.8628108135229826,0.8339555254164072,0.9492322024022876,0.97350918323104,0.8357102605456127,0.80195036431484,0.9240832060409564,0.7127885029632737,0.6669455212694266,0.6137685531938074,0.906076310239072,0.9021837961945957,0.937000514096126,0.97350918323104,0.8349737688308302,0.8467042684046949,0.9278104793200924,0.923423623707332,0.7183025210423771,0.8221308802138734,0.923526845760275,0.9079601292917836,0.9480090539170016,0.97350918323104,0.8178205112925105,0.7270809026313043,0.9482531250238732,0.6374564865100291,0.8864349938960346,0.8861769348080363,0.8730655889976181,0.8705655616069231,0.9544552973521132,0.97350918323104,0.7577608557018526,0.7828721309527872,0.78778735860193,0.6073423254712259,0.7970178720981436,0.7922229343028594,0.8989583140594989,0.9182774342953264,0.9456366802813904,0.97350918323104,0.8248819756590167,0.8047389806262673,0.7969215158085089,0.7064462654402507,0.7748594593980408,0.740644951169816,0.9227976872431144,0.9129535742416914,0.9282748117948446,0.97350918323104,0.7099852745779578,0.8081180692539977,0.755505566739195
415_UCR_id_113_Medical_tr_3000_1st_8612,0.4917553471857204,0.8542604113683997,0.8197819756935608,0.4014105435838898,0.4652723516251159,0.6218552790877708,0.8045778406698505,0.6867306224847386,0.675438510461299,0.8754520228363433,0.4745966407442244,0.97220390385435,0.8363612067801827,0.5505168372253236,0.7506087238002324,0.7034304017064655,0.9076609737521556,0.6881640138631868,0.5300426262165,0.9239365411957736,0.4931982850551138,0.92106244795677,0.7613987958037024,0.5428984801667982,0.7523909105530069,0.5667754268536237,0.5836178791010559,0.6475298166337863,0.6169412202162542,0.9040867334449524,0.5621419022474063,0.885620971959935,0.7525865532482058,0.5664550597516484,0.7506087238002324,0.6261030646525299,0.8638672348643306,0.7482112350334696,0.4699689115047963,0.9485644540157104,0.5145317831771208,0.9431529643215988,0.7164943446861514,0.5051799677114865,0.7090983241359281,0.6193343109916358,0.5904556851901425,0.6651731486539415,0.513622618569008,0.9614583544186698,0.516373913866142,0.9472075310419504,0.9175249191744136,0.4028530119323216,0.7487972656192956,0.540389801970914,0.6014328672203708,0.6929801425172472,0.5390192192138018,0.9592988136635622,0.5145417978776115,0.920902729828248,0.7615274548542588,0.4257420847035177,0.7481821532253717,0.6776688669048534,0.7733381122513737,0.7849414098439245,0.5866590103293574,0.9015276544351294
417_UCR_id_115_Sensor_tr_2750_1st_5400,0.3114208607915166,0.6118698675045208,0.6095005807491634,0.6304819760144105,0.7050720939384774,0.6715962556949273,0.5052726520892836,0.6208837304644101,0.7368627446796973,0.4804069440773074,0.3303111164607044,0.5884155493785246,0.6566365809388832,0.6129341048954211,0.6762586067259234,0.5447649705261643,0.4763034941068308,0.6294187351226161,0.696667664875878,0.4134239390564225,0.3267577607319679,0.5009677359145481,0.6121433472993143,0.5896164909028874,0.6463620952544706,0.6215638138668778,0.4938824615645515,0.6739011808606674,0.7230202525805167,0.5101738820758164,0.3372390863516086,0.5904420639502197,0.5327409577813342,0.5697677555342773,0.6396444704646266,0.5709157936219998,0.5806685055460302,0.6747089497631548,0.7121175083594008,0.4898238110241213,0.3318752568631956,0.5062893957957562,0.4690442234107672,0.6655592852150457,0.629088124005704,0.6105255860976971,0.5458180872404186,0.6681458112487462,0.7182416297087917,0.4640139184840999,0.3311041284192895,0.5412242826804106,0.6138599910076759,0.6297019431765877,0.6984935969993784,0.660769621990333,0.4267872777748446,0.67445880502961,0.7345625513770988,0.5258281259026714,0.3372390863516086,0.5522859922010313,0.6118919046252034,0.592661790012533,0.6964333103875673,0.6682980500671506,0.4345502680301901,0.6439373820706236,0.7374575547850348,0.5029563396036152
419_UCR_id_117_Facility_tr_3000_1st_6168,0.4630490307913878,0.4329059278919304,0.6825134316293018,0.8556418423927459,0.7628658615014317,0.8437829818616976,0.901809332659505,0.4977139857257975,0.7560851564269956,0.6681586156080385,0.5587811097899642,0.7549504654743975,0.707390850657095,0.9376973315831364,0.5234504766821279,0.878982493726312,0.6328576836490309,0.5359657459619869,0.3784490156888298,0.8187992462858111,0.5079510832607349,0.6251595405436058,0.5719776593357616,0.6996839978259927,0.7482778507634499,0.9166704986194304,0.7484348271394371,0.7607161086742413,0.65855682587933,0.6623941377775242,0.4918467447164042,0.6591168214743491,0.5288877667481253,0.7509654443804727,0.8597102711196073,0.9314595128571992,0.6345974923950655,0.7665670287205029,0.721086563316095,0.7320581737928079,0.3910601021003301,0.6638010192915006,0.7007211751930985,0.6148995082312815,0.5882381317237765,0.9016937809094048,0.7304204236147979,0.7140845605495384,0.8039147802456694,0.7524713345763229,0.4226511618819139,0.3668326176309261,0.7408170621629655,0.6805022357970375,0.8547051500790596,0.9532461723444526,0.7772433452234393,0.7298318550964908,0.6164965012543238,0.6487849766210491,0.4700278538738035,0.6515721904106685,0.5168955636968496,0.7691363848548443,0.8202495783755631,0.940230185332809,0.9184683765543464,0.6539405571892742,0.5812174133611814,0.6412361034354649
420_UCR_id_118_Facility_tr_13750_1st_52600,0.7942604783788725,0.812379764523621,0.822631302014981,0.4584937230915945,0.4924944296628293,0.4783591923668716,0.6974407940857811,0.7619025888727421,0.7783861954396667,0.823910008091408,0.8090752725663697,0.7844147824778404,0.8082801284535795,0.5206366479700107,0.5246136651310378,0.4640199083359032,0.6435569295802986,0.7632114759715359,0.7744514745064771,0.8414234799198529,0.6992480730617918,0.8008118792691475,0.7954188523796474,0.4965413045999824,0.4913247446767517,0.4703783752601977,0.8212812599498099,0.7334489538429876,0.7666982468074364,0.8485991921649556,0.8555901926895126,0.804941855001007,0.7454748205729452,0.5133324826204134,0.4746122371552148,0.4781598827084432,0.8216097736382173,0.7616804991751277,0.7632418292317206,0.8621573413387562,0.8600331601570957,0.7905026098314119,0.8239032694863525,0.4707327455431828,0.5784703956751747,0.4818596567289555,0.814207334630223,0.8221331922421459,0.7630303197056264,0.850329871080165,0.8009776604364875,0.8089630345068882,0.7961337283288404,0.4946915176557964,0.4804135346328155,0.4686637244875243,0.8178290201784089,0.8198610910178601,0.7831695953958282,0.8416620331719619,0.8557524011324332,0.8013573641633512,0.8173348494161852,0.4512148549173007,0.4526644758068918,0.458833891932968,0.6285037792283477,0.7736890626366245,0.7862058072905194,0.8249129218128923
421_UCR_id_119_HumanActivity_tr_48750_1st_130700,0.7631568696129329,0.6870954376165769,0.7268437549196248,0.6195321203174623,0.6609555566813036,0.6380231961465497,0.5970377278279939,0.6444368575337858,0.6672003853750632,0.6409197386911747,0.5105317199026819,0.5784423155825716,0.7023724735395482,0.7028722918296078,0.6332660369665308,0.6742448109758222,0.6814960424933806,0.6465175178149764,0.6807529717750298,0.6850457087368532,0.5959562182309519,0.7174365822108484,0.7032509347420708,0.6646935561762939,0.6652027867081309,0.6438998298311851,0.6537962511599739,0.672677708912147,0.6377779375164931,0.6557529877891852,0.7405927857208487,0.6657395606942786,0.6546375223464352,0.6658519097685246,0.6419149223350206,0.6407975664373403,0.6843553054364127,0.6680435357925203,0.680513014026918,0.6554769574847757,0.5835646177114602,0.7043630873412383,0.6182450651958116,0.7372033440015091,0.744355126251025,0.6584322067893721,0.73738564685063,0.6657883822418845,0.653184851244104,0.6964662287577525,0.6679443408787878,0.7566229890584453,0.5620182903981296,0.6868051498628509,0.6768294193053864,0.6378066523873973,0.6610889252714827,0.6485246884900874,0.6462601688303435,0.6755624352923749,0.5378112136308875,0.7402561685938222,0.7117539116946248,0.6511235551864194,0.6426414960193293,0.6394244496227717,0.628883571774489,0.7211971527571516,0.6310690111203072,0.6358080874137965
426_UCR_id_124_Sensor_tr_2827_1st_4711,0.1640284142908062,0.7105206720524722,0.6887407359008357,0.7517284869622813,0.6942969362930844,0.5419235688993044,0.7248682613452473,0.6067232810971462,0.6819777195662255,0.6380105091178043,0.1940597098999811,0.6617073041389231,0.7092017060423449,0.6699857399964514,0.6677613969964249,0.608751930112384,0.4202790785148643,0.6303137741973062,0.6949790562384635,0.6941681202347584,0.1701475074507321,0.6861126276401897,0.6915237849580149,0.7978064345843366,0.6631744736431677,0.6399201781186944,0.4934461716545101,0.7083155281476964,0.6755506285609523,0.7937296319979741,0.1775589840360684,0.7367446878600145,0.5098120948406322,0.7489951717161784,0.6019791778342635,0.6311665301657778,0.507172905597607,0.6831093852954109,0.6932096076195492,0.7940210982155342,0.1328510794888534,0.7185262978301264,0.794373631467281,0.7548755748115825,0.697632841653413,0.6790794783946332,0.51655498806524,0.7181338028474722,0.7021055051982834,0.7516738458576202,0.1598927476323161,0.6952725017294092,0.7773872314363005,0.7609237075507156,0.6508362110032783,0.5216121005453532,0.5692686985035466,0.6495221219523873,0.6644346824129659,0.7045334875661192,0.1455462843498461,0.6685272338810042,0.837450074712231,0.7623788458272388,0.6643594272518553,0.5942580807933047,0.5039539552145498,0.6710737255779209,0.6525414899750257,0.7673447211336016
430_UCR_id_128_HumanActivity_tr_12500_1st_46500,0.6778138326057034,0.5127439870792269,0.5517644687213689,0.5173298135231973,0.3691630378782946,0.4717362162969611,0.7523326355309914,0.4878057684790464,0.4767591003328595,0.5277538619415456,0.9040842049335568,0.5152315453146945,0.6524082234225042,0.5252528707574171,0.5756268851934991,0.4602095508167765,0.630199213509924,0.5127951029979044,0.6227757087556905,0.3871598673900464,0.8180400727857685,0.5213717601328237,0.584901929002544,0.5092753420350694,0.3673376917786918,0.4264976010777186,0.725155428044763,0.5029116570880338,0.5696522369216855,0.6238642825459758,0.7339669982818013,0.4889216056066456,0.4854454990790712,0.4254851509750043,0.5349297414657754,0.4436510627846474,0.5681469619396335,0.5560968454909093,0.4703887532987273,0.6208361309702568,0.6596505936428326,0.5308181191109558,0.5995227279849639,0.5019420768515221,0.6528431595301228,0.4303744754906524,0.7029067170020036,0.580131560839235,0.5563514609345274,0.5164605048270753,0.7362115353389173,0.557539939150487,0.6659132498000634,0.5958129978928403,0.5022723853992301,0.3654790702717435,0.8006622518558207,0.4948934339190626,0.5024325378962369,0.5275852814147299,0.8797915662681136,0.5041772666735318,0.65188446556681,0.5812200023596419,0.4738672609374066,0.5334730735527263,0.7993784889032778,0.5013542619544061,0.4877813582279052,0.4924087037277626
432_UCR_id_130_Facility_tr_23000_1st_26970,0.1820632186359797,0.5128929895841252,0.6543455811542443,0.5733304498560404,0.5718104837258253,0.5476143788673327,0.6326303141497327,0.593487862206198,0.650210381377163,0.7447012765347366,0.1626371667051965,0.6244012505015901,0.6514728514409356,0.6536931884286937,0.5504144216521732,0.5590541211675251,0.4178932287966789,0.5623682547178595,0.6632359490340193,0.6374941372008411,0.2235663776962489,0.6216756345804545,0.5840823620857266,0.6450661387452604,0.5775209846034935,0.5317536465103903,0.4178932287966789,0.592912616061767,0.6610782195028588,0.677921005898455,0.2322034877988001,0.6172117288713354,0.6305038886266019,0.6542101805264392,0.6105535143222734,0.5421691181011488,0.8379022921382097,0.5428107248775087,0.740732558451239,0.656817058147557,0.2142206036671164,0.5991883982792844,0.6466555790611519,0.6606889960054334,0.5651217630313533,0.5466859376576767,0.8795712773378308,0.654219094934064,0.6522387708141772,0.6076570747248503,0.2108373040578683,0.7024120754413821,0.5221288659233061,0.643214090771414,0.5849593290257488,0.529687810779537,0.4595622139962997,0.6879917007339574,0.6686834984329417,0.6480641183402854,0.1772494056561469,0.69387154963168,0.7178117027321348,0.637311700319436,0.6004973722154988,0.5386754733891533,0.4178932287966789,0.6834927675221834,0.6535352063115549,0.7336878422361455
436_UCR_id_134_Medical_tr_1875_1st_4526,0.7528963160240076,0.6821913039463712,0.7209709458338375,0.8030730607503631,0.8658012362091339,0.4067231282350314,0.5039886776064159,0.6767991667999227,0.8630743388073085,0.8868214708926954,0.5327443173647965,0.7940477081064512,0.5135349281819586,0.8523827485044806,0.8990895791586799,0.4072623950444936,0.9041330131585223,0.8511480873996763,0.8772477514558509,0.78886330306102,0.4522763849668185,0.6923942148853436,0.498263846625855,0.8060675426812298,0.7501674156104946,0.5917177039085333,0.3641304398310269,0.7983065992965529,0.855108857349216,0.8805593442351828,0.560829567956636,0.7183193856491641,0.6715683715168657,0.8350219807760811,0.9879059289460336,0.5812337526117465,0.734988757822611,0.6768462607153731,0.8803885415780653,0.5303422755800296,0.537729546732463,0.8071453603902893,0.8808889114095004,0.8001048584323509,0.8588230577901695,0.6918306133775303,0.7145146233371122,0.7982747429142025,0.821918582261316,0.7434493857425942,0.5261860768637006,0.8140467503537602,0.8737545836822234,0.8569482725470828,0.9140633333107048,0.6383840655726817,0.759971884363165,0.7927909694182159,0.859864793292679,0.817151411279059,0.5641302661015821,0.6939484394311285,0.6439243504237894,0.8705808894992889,0.9176932674864768,0.6976895676446854,0.6761563067896851,0.7933891337060818,0.9075175107878976,0.8164394161633045
437_UCR_id_135_Medical_tr_2499_1st_8000,0.6867717056683771,0.535829532904108,0.932770589972131,0.8558730319187207,0.8052938338686518,0.4392976932075587,0.5850905836922686,0.8638423984286066,0.9547946268006042,0.8137700879704437,0.543092389627551,0.2185005671813912,0.8538285107473476,0.6918787035007627,0.8361732306789613,0.4369625905971801,0.8170803901352408,0.8567580862459139,0.9158352155594588,0.9415564043356336,0.5493675380189015,0.420409476541172,0.9033482549484196,0.9311497751920248,0.8608278761902708,0.6306020735505427,0.7535806848127535,0.8918710869413121,0.9206250479824196,0.9682774665025076,0.9258049126023662,0.3785981532158846,0.904681282516456,0.832430441266072,0.9498365502420754,0.3709388172478046,0.8297139581989819,0.9557349479142502,0.9646338718370552,0.8607522106989449,0.5320468440743249,0.2459474824236069,0.8865995983232109,0.8008191064792924,0.8326715676701807,0.5449502843316704,0.4373995401054945,0.9194706791872002,0.914960577891454,0.8874342017763593,0.5700696922978102,0.1940857157376415,0.9073463642307216,0.8656808945884928,0.7214423076947886,0.5392800305163249,0.6729122736284532,0.9495848265024622,0.9392388190128984,0.9409959818855986,0.818745094207258,0.1940857157376415,0.9796535650850088,0.9057781086617792,0.8164796882663977,0.574167733187097,0.8072798241844351,0.9258631790783428,0.9574547193249546,0.925181516031295
439_UCR_id_137_HumanActivity_tr_48750_1st_110800,0.8672663504911616,0.9977686692341892,0.986991323780426,0.9153128766815808,0.9765162986955196,0.8452110956662343,0.7930717164544638,0.8525437807307958,0.9470357545136108,0.99382520348203,0.9398877765968428,0.9918437577936496,0.9947965007039824,0.8940532241855059,0.9859019727689944,0.8814522431296037,0.7448641523758313,0.5327522363578757,0.6954184560961058,0.9916498290667018,0.9055589428205798,0.9949128906896942,0.9880638012030144,0.95793370579734,0.8498472385190419,0.8734176565855181,0.6445171941473887,0.7171759218534675,0.8988710933099121,0.9926363360690018,0.6802947644186083,0.9957054689650464,0.9896683833783207,0.9857711740045882,0.9276755859056016,0.8595953673316256,0.6486199655583358,0.6515850418155409,0.8935407522769435,0.9990781424771836,0.9191765459696386,0.9992720712041318,0.9737645998759216,0.9310559003164196,0.9796555516719742,0.9282700196144796,0.8291419076400237,0.7609036565866673,0.8656021038690592,0.9870570057787266,0.7282009917686549,0.9985806731341434,0.979563010369944,0.9578712266108832,0.8921300418440561,0.842240342865381,0.7970035315876015,0.6996496121244786,0.9236233710616834,0.9958066491704108,0.7199532621473748,0.9978892750641554,0.9919449379990136,0.936771017667104,0.936106478900845,0.930589491093606,0.7046911748412843,0.7006671792517329,0.9039216718943374,0.99400392242863
445_UCR_id_143_Environment_tr_6166_1st_19280,0.6810368722812956,0.6811669836238228,0.674077084868317,0.950580188450035,0.7563545911926669,0.5830530507809916,0.2188799340212395,0.8015533310749774,0.7756459979608834,0.7447604096749378,0.7097569215483932,0.708906738521352,0.4847639478306998,0.9493644180824404,0.4732845287656412,0.5771213945487106,0.7593359851910865,0.7703291011656607,0.6663921092518387,0.711477565869565,0.6063689692863501,0.7108367653688257,0.4977148951980895,0.9259707862622278,0.6818677072491027,0.4550300861601645,0.2580338588890084,0.7837312624532311,0.8017278669680461,0.7198648687659841,0.5751542395114476,0.7287198201645796,0.5009697598758356,0.9672688849543364,0.6058052381987076,0.5905194084989972,0.5320983925693971,0.8029668618786596,0.7848499703358982,0.7561603158937824,0.724011387327725,0.7235590744265429,0.5180918262086748,0.931822625737534,0.6037606931672073,0.8052997516395591,0.5586591520895687,0.7698535686364252,0.8616482218624487,0.6836911988401072,0.6581825852513495,0.7244713452558659,0.49653577514638,0.9739796635145996,0.8859449683357492,0.8288372237081797,0.3892076370700379,0.8083151030865809,0.7933432916630715,0.7530032791475512,0.6867462407313402,0.71526238989718,0.747823170399893,0.9268556287029778,0.7883160766929743,0.8413415529146987,0.4330303872523063,0.816169115464328,0.8109275736604544,0.7099977380076699
449_UCR_id_147_Sensor_tr_2847_1st_9330,0.7221652048801129,0.999955644718558,0.9810210397034924,0.9650949379076356,0.8684195865929262,0.7284529683595177,0.8187440769765391,0.9850072339452822,0.999955644718558,0.999955644718558,0.7502669939579837,0.999955644718558,0.9929796224288602,0.9969658166706497,0.7079666023739127,0.6427458124891102,0.643022479140566,0.909269543351285,0.9730486512199144,0.999955644718558,0.9469726781958347,0.999955644718558,0.999955644718558,0.9331867088020208,0.838002646959215,0.7641029953834386,0.7320409915639483,0.961090068494546,0.9810210397034924,0.985007233945282,0.8423460013745855,0.999955644718558,0.999955644718558,0.999955644718558,0.7258433416582296,0.6928647751086384,0.6941463271592697,0.9571038742527568,0.9292005145602308,0.9999556447185584,0.761085197269231,0.999955644718558,0.999955644718558,0.9969658166706497,0.8170679929960266,0.6187374263955799,0.817913683034024,0.961090068494546,0.999955644718558,0.999955644718558,0.5973315583322861,0.999955644718558,0.9999556447185584,0.999955644718558,0.8702633907743376,0.5957536053659668,0.7617817440353508,0.961090068494546,0.9889934281870708,0.999955644718558,0.7161151665017368,0.999955644718558,0.999955644718558,0.999955644718558,0.8539108129756096,0.6551279341228251,0.7894150583049552,0.961090068494546,0.9929796224288602,0.999955644718558
452_UCR_id_150_Facility_tr_10000_1st_35774,0.6523389657793682,0.8247939339078288,0.7911165630578826,0.4420893016962138,0.4921306073297554,0.755336772989872,0.5502031814945437,0.7942088862544325,0.7763510074146796,0.7195106124539511,0.7358108146536902,0.7551948290107416,0.8553131491694276,0.6007881190021103,0.4817304018858272,0.5815865312333851,0.7933333555322916,0.7901701123982411,0.7555341612104499,0.8290015520285172,0.6717507685530753,0.767954699130251,0.8381915100409951,0.424739116615146,0.5110762528347069,0.5882169671404872,0.7933333555322916,0.793229541531134,0.7621772921837716,0.787520791087004,0.6819724508619838,0.7767156674960651,0.837756181629543,0.5499762701022068,0.489528018789221,0.5812897188157208,0.4041178350240187,0.819850811508311,0.7701731056660882,0.8022000563513642,0.7265947912687155,0.7604247832093507,0.843507139076967,0.5474815276403544,0.5825878096346264,0.5636186839920042,0.3441982689529836,0.8196817489514248,0.7917186362559746,0.8164751515869634,0.655787629959725,0.7897796248994235,0.8226365609644875,0.50655459289483,0.5075275316166163,0.5581510467429004,0.3441982689529836,0.848652298672505,0.8175319966578531,0.7876604638502243,0.7794251805610918,0.8022375629299705,0.8430860372333098,0.5152697651703266,0.4942278789407683,0.565362088607283,0.4041178350240187,0.8378070177933995,0.7926625885943561,0.8039111851913476
459_UCR_id_157_HumanActivity_tr_50000_1st_110260,0.7954749871177499,0.9926389045027468,0.4557572942073377,0.6760255578016755,0.6471168865001631,0.3604872115201708,0.5273246738190726,0.4021558688642859,0.6900200275862901,0.6712651316354293,0.791773657249077,0.8297946458057207,0.9761934166852648,0.577584463082254,0.6335089499574693,0.573563287431998,0.5518819992418025,0.793105485027177,0.6698989527192257,0.977756390902478,0.7440970229817617,0.9677445753935008,0.7187940090295009,0.6815581690901016,0.621524704490764,0.5563742389994695,0.5226364485504537,0.9836958362746197,0.7023634206128766,0.9748991206262068,0.7429666231814387,0.9833098597077804,0.9775372991520416,0.6979497186467974,0.6409520729696043,0.5837326408307725,0.5192069006558577,0.8782264386887644,0.6215334340432579,0.9900610255871376,0.6813995745619187,0.991666364311988,0.9976703425395514,0.6032276025319314,0.5983366550324871,0.5835308914996837,0.4769288799525296,0.5119995052691473,0.3354964146011717,0.980778567055388,0.8601871678470983,0.9810611572831622,0.5623842822730818,0.6364347629307745,0.6598728663921525,0.2574915374054697,0.4951561259841692,0.7490100733654746,0.4817878520369771,0.5450326762236628,0.6503696882087473,0.9825740224511414,0.3511784120155722,0.6475340746737089,0.6497672698463464,0.2801432210184749,0.4920530390775718,0.668692037094842,0.4506805481382892,0.6438729317349365
463_UCR_id_161_Environment_tr_2046_1st_6006,0.5705784876930278,0.5251896959026365,0.5383534307702807,0.6891696276505579,0.8106841662726528,0.4242761790439704,0.4445022648397599,0.5122763835829922,0.7634166400866984,0.5515647773281589,0.6206024360870649,0.5331915138834351,0.8632613738139777,0.5882309523935088,0.7787114401754358,0.5575081924075161,0.9837102486885924,0.7134924323928199,0.7791143752393667,0.8410246513820742,0.7074078830403039,0.6154807843911881,0.8046980265343484,0.7148405320099189,0.829825283203045,0.5636642459408846,0.4445022648397599,0.5728374889278439,0.7979766095760713,0.8694841001709496,0.798138152592539,0.5342929616021905,0.6741525255854071,0.6651284705189223,0.8560455927831916,0.583293373820518,0.9837102486885924,0.6411373860200823,0.7813144141995128,0.6575880358314918,0.68809180321668,0.6019307115062925,0.6291225874543254,0.7003064321619603,0.8422441241237635,0.5600609495204981,0.4445022648397599,0.630164322833544,0.7237884196012415,0.7053063439080856,0.7864059751664159,0.5479684452843275,0.7033019905660588,0.6818697925797101,0.8031319666385615,0.58965994384492,0.4445022648397599,0.547772458947206,0.7402573023923961,0.6068522751932555,0.6545913250845851,0.581390933772832,0.5573557921185318,0.6716041976355404,0.8269445845281617,0.4859571225836805,0.4445022648397599,0.6566283616021359,0.7028365149482312,0.5857859228606929
467_UCR_id_165_Environment_tr_6166_1st_19280,0.922555920505365,0.6399133199133109,0.7534814396260291,0.8766247227694731,0.5690787963333697,0.7171374775241292,0.4303771256120942,0.7703868334980012,0.7575071089740816,0.6571241853560663,0.7645726933852371,0.6974268856986824,0.5276550574993423,0.8339157652491945,0.6974553084638364,0.6816216492974588,0.5220805671303528,0.7833740070379257,0.7641312072859751,0.6430996679391784,0.790417887564462,0.700301431863293,0.6738387440005922,0.8829120923420838,0.7911587177038245,0.7456604382359163,0.6266931410350766,0.7701134459889988,0.7941638658505251,0.6345120651418092,0.7337879160011805,0.687925147239112,0.7419413216304175,0.8889798990839676,0.672285900739436,0.7025335821953821,0.493359113644213,0.7766724148477836,0.7722126539789159,0.6609057309633196,0.8016155452932193,0.6888011225257287,0.5267507868503651,0.7426218767704359,0.5602975164495515,0.7331623572159246,0.4651208734479597,0.7318914348335176,0.7727532232102146,0.6181407000829882,0.6047212406348684,0.7080223492348934,0.724916689377324,0.818448456252078,0.7634470632103608,0.699193923906327,0.6272451847496099,0.7829570276413687,0.7752558986470889,0.668085479605927,0.6972820393365965,0.7010644412854595,0.7094583585346047,0.8561199601068963,0.5875183791683922,0.7250617427927905,0.6050453511395012,0.7840234648075248,0.7139854550729238,0.6014949387158754
471_UCR_id_169_Facility_tr_10000_1st_35774,0.7026515449074351,0.6457095721178958,0.5955641354192769,0.722045974645047,0.6621872358652379,0.685416154280148,0.5561996380454872,0.5709029552024436,0.6551896082095925,0.6189898252256314,0.6735154379913635,0.6277814811166862,0.6673373537843205,0.7510479835552708,0.6300643750276376,0.6443119868630669,0.5703282723640313,0.6947737978159948,0.6387308201124606,0.6782616278752924,0.6594182110554485,0.6403360018093228,0.7413980703967015,0.7641514770261361,0.687809634488814,0.6330330748306577,0.6038630084864772,0.7072546029066311,0.6885399714968865,0.6449494150653565,0.7167991932807164,0.6702671488023797,0.6862453872876959,0.7258069889183276,0.7423224035355313,0.6218010300093096,0.4896782289275423,0.7246160246561228,0.6553226065631221,0.6705297517366011,0.8283131016112986,0.6633874815230282,0.7126819686552112,0.7532421084101486,0.6632273068462624,0.6483905313948445,0.5503329928563029,0.6439754141534973,0.6523421404888367,0.7991210598451322,0.8955954758803691,0.6839545885634257,0.6677880757341491,0.7000888665735613,0.687548243968348,0.6268742717258287,0.4768082229875589,0.6437579332494366,0.6622860915790275,0.6406698598424259,0.7334779833546252,0.642614124306179,0.6921210836299343,0.7396913713239726,0.7064452825740181,0.6392913658326985,0.5303893987198128,0.5968079044524878,0.6332011877103223,0.6124389494886187
473_UCR_id_171_HumanActivity_tr_2617_1st_7290,0.5086478634660974,0.9738111211218384,0.9457649740979288,0.8532127527216876,0.7507646398120821,0.9488247451812476,0.154309701308101,0.88582689556104,0.8813863822320698,0.9194108388527676,0.8915851087551774,0.9973954449218788,0.7172179946910334,0.9298297270915504,0.7251733881055137,0.9820975465452002,0.1607027263464937,0.8609891843964994,0.9017835800676404,0.7816889897806489,0.6870279774374595,0.975101823366848,0.800381147425146,0.785009558656337,0.6725453616790443,0.9859220211393696,0.1607027263464937,0.9540513995212906,0.9094325292559796,0.7544574958034396,0.7561249940945326,0.9700467745253464,0.9374786762798892,0.7488045963008599,0.8532127527216876,0.9820975465452002,0.1607027263464937,0.8291185627784198,0.9215433016681888,0.8880719209517163,0.6870135076208608,0.9973954449218788,0.8087213649428489,0.7245829238711197,0.8600224717307567,0.9367138451637166,0.154309701308101,0.8367675119667591,0.8214696135900807,0.9973954449218786,0.631393353865178,0.9802241487336312,0.8988857189482593,0.7692017941364305,0.8934971546442787,0.9220532954167392,0.154309701308101,0.7322318730594587,0.8609891843964994,0.8779506633011593,0.7250708395043071,0.9999452222566468,0.8585281250585487,0.7652498370557886,0.8175176565094389,0.9373511937934168,0.1607027263464937,0.8495157606139904,0.8533402352081599,0.7674581808181768
474_UCR_id_172_Environment_tr_2046_1st_6520,0.7977472429775357,0.7661590124921173,0.9884021831452228,0.996442848336344,0.982279829755864,0.9516966824193354,0.2651310067768317,0.9755544264771704,0.9148820195596876,0.9619771501482824,0.5948475960311306,0.960771050369614,0.6376295228983682,0.3077452845106871,0.4684474322653628,0.806925471595586,0.639418330876391,0.2399915702360181,0.6546214629728516,0.7357309545373577,0.5916313299546819,0.57572239659195,0.3698993546948921,0.799847914732874,0.9305153894343656,0.931314284160752,0.4509430274665637,0.973374808508672,0.8719217666766539,0.966847476510964,0.6570016662153355,0.8466974504821415,0.3739656145384619,0.7791349580281808,0.859240432216972,0.9185811364013108,0.4712431968576355,0.9848930459429784,0.9976489481150124,0.9649923995949528,0.5918323465844602,0.9029301839067656,0.2138284514494217,0.8300729370518823,0.8337804214904581,0.989226831506459,0.6852378265783062,0.9268970900983612,0.882921860349439,0.9588241189575848,0.59183234658446,0.8793826186124686,0.982773717511438,0.9223196348614752,0.99483471529812,0.9308007348352269,0.4643463242281616,0.9570608965375912,0.865420616661766,0.6822032917958661,0.59183234658446,0.8550309867990592,0.9682086656714014,0.9430070400908708,0.1858446533220175,0.9727861209082872,0.6051380622638964,0.9480324558353216,0.799881783442425,0.9896082829238908
493_UCR_id_191_Sensor_tr_2847_1st_9330,0.7390944435689237,0.999955644718558,0.9999556447185584,0.9652796717830864,0.8946974123472161,0.6499215674100964,0.7399404300953312,0.99297962242886,0.999955644718558,0.999955644718558,0.9164099819588696,0.999955644718558,0.999955644718558,0.9969658166706497,0.9770348454617028,0.6782716341762226,0.7705298316891378,0.9451452915273888,0.985007233945282,0.999955644718558,0.5170705479136368,0.9999556447185584,0.999955644718558,0.999955644718558,0.8561140678621165,0.7634917283774216,0.8678506239338686,0.965076262736335,0.999955644718558,0.999955644718558,0.9766375577835384,0.9999556447185584,0.999955644718558,0.9810210397034924,0.6897284229403688,0.7541304547436936,0.8446518063250706,0.9690624569781248,0.999955644718558,0.9999556447185584,0.6326883683548395,0.999955644718558,0.999955644718558,0.9770348454617028,0.7664117970870483,0.7076698860082334,0.9451452915273888,0.9850072339452822,0.999955644718558,0.999955644718558,0.6037085823076781,0.999955644718558,0.9999556447185584,0.9929796224288604,0.8358094556861316,0.7896465645266296,0.8153925156486238,0.9850072339452822,0.999955644718558,0.999955644718558,0.8162262742463768,0.999955644718558,0.999955644718558,0.9810210397034924,0.8432661074507087,0.7795101551066816,0.7938511564543901,0.9730486512199142,0.999955644718558,0.999955644718558
494_UCR_id_192_Facility_tr_22500_1st_72150,0.6994441675823817,0.9257469908649276,0.8686535913288134,0.8434631621039141,0.9330892865730692,0.7480233682076874,0.7637464997866087,0.8233780664194851,0.8283686063940476,0.9762804384590088,0.8640575066311748,0.8837974087455626,0.9746136207799116,0.9271141958423992,0.9502259212757074,0.7553332336343608,0.6862643840256132,0.8943381681917536,0.8404704442080863,0.9639510011021436,0.7063064644835342,0.8856578334099224,0.9351622475018444,0.9237718299621234,0.9463889652691062,0.6636527351236868,0.7858662189385198,0.9296438073623492,0.8158295632652697,0.9702005735919568,0.841750064668154,0.8756400761903529,0.9610005173850442,0.870398875608596,0.9109950174859346,0.7114683158508195,0.676693522467816,0.9071538086341184,0.8093033326473139,0.9876436241986604,0.6038359928350737,0.8720869202600583,0.9579601393432964,0.8713092090296162,0.9416598115069886,0.7839792414387051,0.8716425221301348,0.8619131750606,0.81399284113083,0.9736136868921912,0.8680574525306967,0.901772161172368,0.9126541254340772,0.9043047545003228,0.9568318712209418,0.7026565073933236,0.7714276003843473,0.7625230035056114,0.8328404628134943,0.9874151927009548,0.7124939427177391,0.8769459825306333,0.9436636678871728,0.8861727805260168,0.9504107334065592,0.7580259770562603,0.8685603545414425,0.9031648955475872,0.800838743258843,0.9729377803075338
495_UCR_id_193_Environment_tr_2046_1st_6520,0.6170047172164964,0.7490462962310757,0.8861536229279022,0.9812646185503708,0.9766749015358304,0.2749642594592131,0.3171786553715514,0.8131035521571234,0.9022676164275402,0.8140301090974039,0.5280768337682927,0.8593518243440537,0.9300975626480068,0.911346567111594,0.9288418424918063,0.8748860858739077,0.3171786553715514,0.9548742373497444,0.8812201183359579,0.960465475364964,0.601506930736001,0.8002674329694791,0.9155820168090182,0.9584981283051794,0.9540420064665832,0.8531894439936333,0.4074811060369013,0.9621781744934564,0.91208460160893,0.993705582711583,0.8533262549243169,0.8298837045064635,0.9499815641858562,0.9373466910361448,0.9579926121805284,0.8475985776480889,0.8062688720612635,0.8913777099624725,0.9460167897122336,0.9998188474374796,0.6106129520944554,0.8282545938062285,0.8562903053395229,0.9101771735770772,0.8991713700591081,0.8326972528318344,0.4074811060369013,0.8758874702289154,0.8655404831717999,0.9802135226686264,0.6600435048901668,0.818303217382928,0.8399121304354387,0.9483240263588084,0.9650488511921024,0.8527728180322341,0.3171786553715514,0.960434307791052,0.8427310254066411,0.9639293746617956,0.5891787891411258,0.9143358036572912,0.895578995168495,0.9442235545463432,0.961562331723066,0.8471379919735845,0.7823367024317379,0.8729153403221501,0.8777042774356321,0.8790856555625637
496_UCR_id_194_Environment_tr_2046_1st_5391,0.9997724250616122,0.9940676636035032,0.981843410363022,0.9899927750909868,0.9997724250616122,0.997327409494689,0.9697751765966576,0.9859182988755384,0.9997724250616122,0.8892666270533417,0.4841310781750155,0.9997724250616123,0.8570295049121006,0.9997724250616122,0.8970900171921876,0.9859182988755384,0.9697751765966576,0.9655446809070924,0.9536897999725676,0.9081335866478152,0.7577332004130494,0.9997724250616122,0.9696195694196086,0.9997724250616122,0.981843410363022,0.9997724250616123,0.9697751765966576,0.9710711462596489,0.9899927750909868,0.9777689341475736,0.7399088010150606,0.9997724250616123,0.9777689341475736,0.997327409494689,0.9940676636035032,0.9940676636035032,0.3121698495115135,0.9859182988755384,0.997327409494689,0.981843410363022,0.7391131272645368,0.9997724250616122,0.9256129998885986,0.9940676636035032,0.9710711462596489,0.997327409494689,0.9697751765966576,0.9333003261482672,0.989525736944801,0.9575583447033936,0.7464480936064959,0.9997724250616122,0.5160257225125517,0.997327409494689,0.997327409494689,0.997327409494689,0.3121698495115135,0.9859182988755384,0.997327409494689,0.9899927750909868,0.629876086302442,0.9997724250616123,0.965870655496211,0.9997724250616122,0.997327409494689,0.997327409494689,0.3121698495115135,0.9422321396242936,0.997327409494689,0.981191296265958
499_UCR_id_197_Environment_tr_2046_1st_5703,0.7254075980406385,0.7832226743756725,0.8073091819238449,0.3473515598919095,0.2423771651658351,0.1595147546216774,0.9832005267432892,0.6282987015675026,0.4503163043845704,0.5823882093380254,0.6452463066224894,0.5551181424331433,0.9580268972945608,0.4535189748642513,0.2392337106614578,0.1443117472155566,0.4304911204542712,0.8504336174156975,0.7435296715348934,0.9783582007513314,0.6422284939229204,0.6088983099550211,0.8785991873142379,0.3283888177045361,0.2699450482175243,0.1586137771285932,0.4304911204542712,0.914734563654772,0.6787018734611076,0.963687270052989,0.7576896047871432,0.7260039225707814,0.8408059111470856,0.3824149986813177,0.2983157267860893,0.0687835855759964,0.9832005267432892,0.9157664955202178,0.7443775645957404,0.9517747151200084,0.7438856351481139,0.6901642703721927,0.9756125211185588,0.3245307183502002,0.2718484924461826,0.0772931439406984,0.9832005267432892,0.4154692969979071,0.6089380117545887,0.895042202797375,0.8279388921610038,0.7373519970708909,0.7899614370393014,0.2872073689033776,0.335155667482683,0.1389248761083489,0.9832005267432892,0.864999971105492,0.5591865450353226,0.8091132561390149,0.6099031571196426,0.6992128565721848,0.8563105743513261,0.2969650313575052,0.2648763756538978,0.2749056618064491,0.9832005267432892,0.8983433900276178,0.5195557072821573,0.8006388975100884
500_UCR_id_198_Facility_tr_7482_1st_23357,0.7485097024287445,0.2529241235869693,0.5440745590194456,0.95113682441419,0.9328156887136998,0.9999788468195598,0.9999037312186644,0.5239777560360569,0.6802626750210863,0.2989238237463843,0.6373310274773686,0.2108706917648236,0.7127957313113131,0.9883028785631742,0.7028136564300046,0.9999807462437328,0.421623697828944,0.7702005245663235,0.5071901406160012,0.8355655029407355,0.7243856011725702,0.2172256706173427,0.6726158127919765,0.9881260792245914,0.9184379240209176,0.9999807462437328,0.9578824756079016,0.6723264590078696,0.6179722368514514,0.7124656414328893,0.8031699416348981,0.2489375412092729,0.6496429081733402,0.986173794411713,0.9349848654938204,0.9999807462437328,0.5193642291498205,0.5892159398843548,0.6231984603287083,0.7453934025302927,0.7119758129685629,0.201467811680108,0.8023861351386884,0.9654111254147264,0.9126136578865096,0.9999807462437328,0.8912277462079535,0.5280757951470976,0.6467973465024108,0.7649162591043676,0.8324976741567912,0.2853410232413986,0.6756941085644506,0.9489421648937666,0.925528510957882,0.9999807462437328,0.8477578057314199,0.4736025555567831,0.638506181820596,0.7339483565929521,0.8038194881115318,0.2042716595080392,0.4930265295555461,0.974398150036027,0.9483546272944549,0.9999791307924124,0.9752705813778731,0.464932273106136,0.6106149040726399,0.3463072802827072
504_UCR_id_202_Environment_tr_2046_1st_5549,0.6222280337268545,0.9584970462069606,0.9266330291552896,0.923783507324614,0.8758315954005136,0.8584921017450544,0.973456674279818,0.7739232213251624,0.961598334116095,0.9795576086526462,0.7948613285306374,0.9850002381231796,0.9861388689886488,0.8755709172191196,0.8232223268348882,0.8607044358464089,0.973456674279818,0.8541259846007427,0.9104329889417434,0.9912281629972192,0.7289160648645328,0.9845887568620604,0.9673236568468246,0.9469846989374656,0.8695770716946792,0.8526402490325303,0.973456674279818,0.7874762083090127,0.950069994749184,0.9975273343550728,0.9286706588908364,0.9631853661612232,0.96781310840405,0.932167070278091,0.9018626351478436,0.8865302029464834,0.0555810485154737,0.8081788672121896,0.9375184519387144,0.9929843110791128,0.6219844769956144,0.9233721807937516,0.8895592494587349,0.8660568489105741,0.8200929879104508,0.8186328648113255,0.973456674279818,0.8615653839346916,0.9410631152683736,0.9757813849961856,0.6331763362261871,0.9494568003951912,0.8844407200670821,0.9143624193941704,0.8919357657546665,0.8731312735118434,0.973456674279818,0.9152373252395956,0.9137207664422312,0.9948733450943766,0.687642599687866,0.9513521221748918,0.9453138256110613,0.8928083607128927,0.8898771956592096,0.8650424745491898,0.0555810485154737,0.8479747431194301,0.9390100701099284,0.9916190429534216
506_UCR_id_204_Environment_tr_2046_1st_5549,0.7509078870108383,0.9750376020933504,0.9780709692613314,0.8333845275203415,0.8305077549730856,0.6792507294395297,0.973456674279818,0.8534037065539412,0.952836538465047,0.9786536556478956,0.8758069247115672,0.9802071485298804,0.9410320536833992,0.7547470261354801,0.7402505654028552,0.7307844718339284,0.973456674279818,0.868262133715458,0.9063249165813412,0.987106314338216,0.7527393833197914,0.9885745923683704,0.994268878717394,0.8399315670439823,0.8132023563553855,0.7407445534937444,0.0555810485154737,0.948821587496124,0.9578378981618876,0.9894497741492472,0.6929431728931906,0.9801209099081416,0.9888690835874676,0.9054432324995216,0.8203819323147501,0.7564420228145701,0.0555810485154737,0.8884902325037305,0.9670851262882436,0.994376761379668,0.850085303817671,0.9741954097556086,0.950407340018296,0.9258336209259004,0.78787142984888,0.7365086091593382,0.0555810485154737,0.9035166809432532,0.951061319740661,0.9781695485807892,0.8725538673092383,0.9784748326015588,0.9695625582267609,0.8364277296578696,0.8211256272020054,0.7820381790499689,0.0555810485154737,0.9400944276947316,0.95614748647399,0.9951569254921538,0.7296829524450393,0.9760857952140468,0.9896837369299556,0.8348578743110991,0.8052276327806883,0.726822914060228,0.973456674279818,0.9491199140867824,0.9484193159061992,0.9943342724815376
516_UCR_id_214_HumanActivity_tr_2108_1st_4702,0.8755975360255494,0.8693205001321489,0.5440628597899707,0.4228552200013912,0.4595433864142472,0.9998984546088964,0.2953816656446441,0.9998984546088964,0.9935671751215348,0.3989251430075786,0.9659928227086874,0.7205409028040961,0.9975241957020669,0.2221291353588436,0.5267619606936735,0.9998984546088964,0.2695463984035081,0.9975241957020669,0.9698257500159944,0.9619119416474808,0.8160504730724187,0.6564389386228617,0.9998984546088964,0.4310536762875989,0.4666062003503071,0.9998984546088964,0.2695463984035081,0.9998984546088964,0.9975241957020664,0.9998984546088964,0.5125647553314252,0.6358630368647268,0.9998984546088964,0.965868962228013,0.5930893843919693,0.999898454608896,0.2695463984035081,0.9998984546088964,0.9975241957020669,0.9998984546088964,0.7151502031725379,0.5598904765269976,0.999898454608896,0.5434297551204897,0.6173951014817748,0.999898454608896,0.2695463984035081,0.999898454608896,0.9998984546088964,0.9998984546088964,0.7746495451529519,0.7126270944355825,0.9998984546088964,0.4516295780457337,0.5059887607578553,0.9998984546088964,0.2695463984035081,0.9998984546088964,0.9896103873335532,0.9998984546088964,0.8472855672154737,0.6880941720969156,0.9998984546088964,0.7529874007187262,0.3729030673084004,0.9998984546088964,0.3212355402782633,0.9998984546088964,0.965868962228013,0.999898454608896
517_UCR_id_215_Facility_tr_7482_1st_24005,0.8551511239066673,0.7898050193267346,0.9511349173947048,0.8944804567872864,0.9292711502068997,0.8951034404603595,0.8774018152045988,0.9162374986637528,0.9497482595615044,0.948985374195819,0.8405041441557023,0.8878792355001947,0.9218875588849618,0.7845870730860774,0.9184665598489098,0.8405852309945723,0.7975910561973074,0.9610160591218432,0.8588116299126508,0.9959809934311292,0.5529904190206537,0.7918238265853662,0.9919274644114512,0.9167919424892468,0.5928681846664936,0.8463596649819657,0.9410874652773792,0.9678953699829156,0.8716500460565957,0.9535318155592276,0.7977907475407736,0.8175342312957,0.9683144020639356,0.8810492372012081,0.924617707951097,0.8214902253701741,0.9262900330973238,0.9493863597772536,0.9104814457391486,0.9364657075273292,0.7781938898253408,0.7671335540389972,0.9871617067506552,0.9707358722586016,0.9853936286912924,0.8956133117935327,0.881961864189001,0.9631762211542182,0.9016899745171124,0.9609178810832514,0.6950144601865659,0.8144622094225766,0.9825956224905372,0.8988628622313445,0.9425298668823632,0.8507408730290865,0.8534831080809495,0.9392083590301856,0.8978247838059045,0.9406221063646224,0.8196334515567284,0.8416560404725355,0.969941235117656,0.9394972964970786,0.9588451162713448,0.9006495970069308,0.9044310368568488,0.9737429032817186,0.8612431001386167,0.9407155380466756
525_UCR_id_223_Facility_tr_50000_1st_250720,0.6998221994654232,0.7290234193277286,0.7327026821573078,0.5786894238440491,0.5988694162080085,0.4304177797129785,0.538562947435431,0.5681058214739371,0.5373137520049575,0.7246345924137993,0.5767267400138973,0.7300501653365575,0.6299032216783469,0.5565329943965109,0.5630239336622873,0.4525385869118165,0.5779746729607116,0.5988115333719648,0.5490450568869739,0.6458958185365722,0.5832839478908936,0.6770304818968943,0.7505895916020704,0.6464471720319948,0.471027086708558,0.502010760990006,0.5635618336284444,0.5656595430150372,0.6102617853248717,0.6508072905070538,0.6113454635865735,0.6980920363371659,0.6504753131688021,0.571064609203495,0.561215677204484,0.4806407661096376,0.5527049105435158,0.597714867981769,0.5951568992514744,0.6902739937364071,0.689934759070401,0.6864452452468812,0.6093393018070692,0.614035082111971,0.5544807134773558,0.5173618761555062,0.5461676468318789,0.6347405150404261,0.5745142921132967,0.622203490473741,0.8264350453951551,0.6458543328434808,0.6827594983828769,0.6287744453592281,0.5413654963573433,0.4101360440397528,0.5242092226963104,0.5742423964429589,0.5862637269345181,0.64220153400441,0.440663746472094,0.6803575858665455,0.6942351368688553,0.5369528175686816,0.5804384745246896,0.4437607795529785,0.4982582029970933,0.558273652364945,0.5881843126994833,0.6103471560163951
526_UCR_id_224_Sensor_tr_2827_1st_4711,0.2020658446382946,0.6758873208809482,0.6549586422558747,0.6782591786155889,0.666645408659085,0.5308733339513293,0.5980517064139448,0.6932694368099818,0.7341866731259399,0.6721509755236843,0.2417790357216857,0.6633512629924889,0.7140897326536667,0.5958266600540596,0.8574550015017093,0.7182656851611574,0.5590699261082522,0.728531341643649,0.769372597511122,0.7748482172580453,0.252208395854166,0.6533359432751534,0.7528878691735115,0.7153241807813749,0.6271063148727893,0.6215448594697165,0.6790310259478457,0.6925993529333059,0.7628952957789075,0.6814102606088053,0.2206188818284753,0.5960812955782068,0.5820879007455982,0.676540844259624,0.6264374211892105,0.7070227014420798,0.6420157933878003,0.7090461230655056,0.782289978214678,0.6639982067912737,0.2541027652692016,0.7111589607952175,0.6569801607379043,0.7015156106757544,0.8946002726461876,0.6220610499848623,0.712530230822381,0.7107862857086003,0.7417049909164902,0.6824134384571731,0.2073832529691723,0.6045974653342194,0.6589515840403501,0.6904015580396733,0.6588329370603216,0.5308868138102497,0.623227287907074,0.7221728335472996,0.8343251607931658,0.696905159470428,0.2144917577904368,0.6345854565823102,0.7990802996214004,0.6754065366828231,0.6166611800864805,0.5654335580645408,0.6578265806217009,0.7256498730342452,0.7171778282249752,0.7311047837313858
530_UCR_id_228_HumanActivity_tr_16250_1st_38500,0.6737303265332775,0.5745568681300643,0.6812635317333986,0.5912025812905951,0.614958321374403,0.4694139515373439,0.6097279437957995,0.67749739362912,0.6616483900134124,0.5510110505815251,0.6946998050480498,0.4840689408561875,0.6145341453602695,0.6452829893238767,0.6011835397963464,0.3165742331793766,0.7026300010794945,0.6478691545143707,0.6483846557935828,0.6453076128062055,0.7359278073448051,0.6552500680401973,0.640279624477388,0.6263362336700258,0.7472758198884045,0.2217446533937226,0.6550679463318583,0.6464814541810522,0.6625554107149598,0.5541422059492979,0.7816282416910361,0.5952465497720593,0.6705736328880123,0.687488700583516,0.6697471656247285,0.2589379753053848,0.6174516234859573,0.6542557919619084,0.7008119237254533,0.5965783294731634,0.6961186079232575,0.5189532227099186,0.6393213826875048,0.6044034566104398,0.6667799313347638,0.2970789844896385,0.7264444887674908,0.6812625527881498,0.6259193776546649,0.7036683574567466,0.7179894915603706,0.5681465763235954,0.6390051474608212,0.7081747449309731,0.6302961215880721,0.2701342957288674,0.7272884447690228,0.6728417925033043,0.6874636316028915,0.6325199237976038,0.7830587985179367,0.5685143124297526,0.6374520631784206,0.689592935328354,0.6643426975225958,0.3632572868619879,0.6640093539363335,0.6882745941318096,0.6574713201099776,0.6037594970660523
531_SMAP_id_1_Sensor_tr_1811_1st_4510,0.7939833067583308,0.5025031934718303,0.5025031934718303,0.8095999876250217,0.5025031934718303,0.5025031934718303,0.5025031934718303,0.8095999876250217,0.8095999876250217,0.5025031934718303,0.6828108251784574,0.2701659753603383,0.802009912246704,0.9242260157981208,0.802009912246704,0.802009912246704,0.802009912246704,0.7409886557707114,0.7409886557707114,0.802009912246704,0.7123274422238648,0.802009912246704,0.802009912246704,0.7409886557707114,0.802009912246704,0.802009912246704,0.2701659753603383,0.9242260157981208,0.9242260157981208,0.2701659753603383,0.6336099129335553,0.2701659753603383,0.2701659753603383,0.7409886557707114,0.802009912246704,0.802009912246704,0.802009912246704,0.7409886557707114,0.7409886557707114,0.2701659753603383,0.6059525209479999,0.802009912246704,0.802009912246704,0.7409886557707114,0.5025031934718303,0.2701659753603383,0.2701659753603383,0.7409886557707114,0.7409886557707114,0.2701659753603383,0.5150723600378498,0.2701659753603383,0.2701659753603383,0.9242260157981208,0.2701659753603383,0.2701659753603383,0.802009912246704,0.8095999876250217,0.8095999876250217,0.5025031934718303,0.6400268712398776,0.802009912246704,0.802009912246704,0.9242260157981208,0.2701659753603383,0.2701659753603383,0.2701659753603383,0.7409886557707114,0.9242260157981208,0.2701659753603383
532_SMAP_id_2_Sensor_tr_2075_1st_5550,0.361463837752346,0.8002315193115173,0.7325896358332505,0.3782117458604681,0.3293041327864386,0.5210219580341771,0.3355217113865804,0.729969511801774,0.6060263902261418,0.8091813525080043,0.344860347767202,0.360525753576411,0.7880552359216009,0.3142064277580276,0.5941715707584561,0.3873959587909911,0.8529975448391984,0.5003880076740431,0.6885060941598312,0.7833021586933306,0.2904261786441677,0.2851135639436934,0.8444934310070826,0.2559137191931517,0.4619831616003202,0.4700646309162911,0.8529975448391984,0.6664915218001459,0.6454821494481842,0.8205576885550313,0.2921414311838176,0.3138918397598745,0.6678738278186743,0.5198885877594769,0.5958653355607405,0.4280219206866267,0.3355217113865804,0.7353124767028958,0.8153404309650015,0.6620457304456697,0.2862089730118194,0.3489564360378056,0.7927027159493365,0.5341893714878392,0.6310810075268748,0.5362378999856322,0.3355217113865804,0.7240795040130679,0.6671505402849278,0.7904280643789862,0.3046484468220254,0.5641311777630676,0.746083717697986,0.6862784517177289,0.4796470541490399,0.4633991634818035,0.8529975448391984,0.7375469862497648,0.6261086616560486,0.7843577471165367,0.2718842050533115,0.3908376086980459,0.7670535947942607,0.5684647163308022,0.3690145527718356,0.5545848488051046,0.8529975448391984,0.7593043832648796,0.667301068806433,0.8195775980067584
533_SMAP_id_3_Sensor_tr_2052_1st_5300,0.7942462131565955,0.8843284188042145,0.9605407071707068,0.8392348854581146,0.5609256061064131,0.3439764709443866,0.736606349740919,0.950881784134342,0.9313049746175333,0.9540672935815055,0.7730278102572836,0.3535639376603405,0.9616905972690502,0.8429117969982888,0.603715106202431,0.5846854073529343,0.9095781473563944,0.9377026777347154,0.9264294780416166,0.9558131802659467,0.6869348765477771,0.3914632519417756,0.9556281771831912,0.8440214793727159,0.5623923620183037,0.4138628911125773,0.5672495427286398,0.9441824892399714,0.9247098469060544,0.942804691855139,0.7925329189436171,0.4118799264038088,0.9633980295754186,0.8867078912635928,0.6151617798931849,0.5146595216594656,0.5680307157848653,0.9506594122693648,0.9269759777450384,0.9548697822496282,0.7934311459271024,0.3799327961623991,0.9547107121982644,0.8877475327986531,0.5927825287309573,0.3730347521227097,0.9096475849613932,0.9591486927772118,0.9224288134369666,0.9192348972700962,0.7400787767726436,0.4141433363640949,0.952581645594536,0.8980045088327265,0.5477686998729198,0.3202796927386221,0.9091962405289068,0.9566596874951367,0.9314191207584076,0.949458113274828,0.826098726535918,0.3818681039620658,0.9599115655394712,0.9006407443820428,0.5110627336595384,0.3952844870642841,0.9090747247201608,0.9460675932239484,0.9261240965722408,0.9566939080787376
534_SMAP_id_4_Sensor_tr_1968_1st_4370,0.6416413809094459,0.980367823042477,0.980367823042477,0.980367823042477,0.5022868187839611,0.3272255263841211,0.5022868187839611,0.980367823042477,0.980367823042477,0.3272255263841211,0.5759607301147986,0.9911225770668984,0.9911225770668984,0.9911225770668984,0.775066673389753,0.9873966907191332,0.4181808039970215,0.9873966907191332,0.9873966907191332,0.9873966907191332,0.5747240018798355,0.9873966907191332,0.9873966907191332,0.3387761639715354,0.775066673389753,0.9911225770668984,0.775066673389753,0.9911225770668984,0.9873966907191332,0.9911225770668984,0.5256164016363364,0.9911225770668984,0.3387761639715354,0.9911225770668984,0.775066673389753,0.9911225770668984,0.4181808039970215,0.9873966907191332,0.9873966907191332,0.9873966907191332,0.5268101095812585,0.9911225770668984,0.9873966907191332,0.9873966907191332,0.4181808039970215,0.9873966907191332,0.4181808039970215,0.9911225770668984,0.9873966907191332,0.9911225770668984,0.5747240018798355,0.9873966907191332,0.9873966907191332,0.9911225770668984,0.4181808039970215,0.9873966907191332,0.4181808039970215,0.9911225770668984,0.980367823042477,0.9911225770668984,0.6646975332369505,0.9873966907191332,0.9911225770668984,0.9873966907191332,0.4181808039970215,0.9911225770668984,0.775066673389753,0.9911225770668984,0.9911225770668984,0.9911225770668984
536_SMAP_id_6_Sensor_tr_2160_1st_5600,0.5270064921237503,0.7979402536235939,0.7919381226786942,0.9741329070500596,0.9676135070622404,0.6642436686392622,0.962072200775522,0.9912535273334768,0.9912535273334768,0.7979402536235939,0.5679165984144586,0.7919381226786942,0.7979402536235939,0.974181760049545,0.9662788479275884,0.6642436686392622,0.7111050171370574,0.9729183745988852,0.5127428392132223,0.5473566352266519,0.5542958417788696,0.7979402536235939,0.7979402536235939,0.9624167017802758,0.9638851122235548,0.9710065223829516,0.9572780988364532,0.9624941578415288,0.97187666623888,0.4514912740267355,0.5528305970177579,0.7919381226786942,0.2572860268754096,0.6990821417109285,0.9416014904680118,0.9710065223829516,0.9228964413773666,0.8887287642027639,0.9815713969905372,0.7979402536235939,0.571603214580354,0.7919381226786942,0.7775337560241566,0.6948772331444991,0.6880710140913576,0.6642436686392622,0.9678005573275908,0.9868222916226822,0.9912535273334768,0.7979402536235939,0.5542958417788696,0.7979402536235939,0.7020748924236769,0.958167448471364,0.9471477982825828,0.9710065223829516,0.9715993194232356,0.9912535273334768,0.9912535273334768,0.7020748924236769,0.5499886090401171,0.9773453432908118,0.7020748924236769,0.6541836857660694,0.9615609911772052,0.9710065223829516,0.9687302142225188,0.99094562131383,0.9912535273334768,0.7979402536235939
537_SMAP_id_7_Sensor_tr_2077_1st_5394,0.8069950009224216,0.7761743201445438,0.78888944896035,0.642544026586094,0.6074339046890109,0.722648969250455,0.5372856449852043,0.7183205866659738,0.7434645225639516,0.729114416687961,0.776794359134289,0.7947507654825733,0.7349319536474541,0.6389852091325362,0.5231359968186278,0.6098919099382961,0.1445254451534788,0.7293492809440135,0.6942130528821656,0.7779226954081857,0.7803233707914604,0.7459482630057254,0.7924581219095779,0.6450981675936237,0.6517559373798699,0.678614009137719,0.1445254451534788,0.7479927629848195,0.7183513939239589,0.7743515277787121,0.6807915762799605,0.7749298670011031,0.7782235678824376,0.6504495509607767,0.5414541958449886,0.6577833484701238,0.1445254451534788,0.7521954174559458,0.7187384935436699,0.7732279171057053,0.8007345324077306,0.7526808607586282,0.7625377128163897,0.6406072383596592,0.5230043212832053,0.6454654758716468,0.1445254451534788,0.742096978672485,0.6987742373038096,0.7704173261165547,0.735726895512098,0.7708674857024066,0.7643687678659267,0.6287831748858425,0.5208132517722119,0.663005129645284,0.9856324373210512,0.7742224116189957,0.7338437273187766,0.7698601781725434,0.7869507459656181,0.765368664133559,0.7737375331429105,0.6153404958325602,0.651320422683667,0.6563111418966114,0.9856324373210512,0.778346678200888,0.7303639393673238,0.7802859813145837
538_SMAP_id_8_Sensor_tr_2007_1st_3650,0.4417499412631116,0.9515454618543192,0.9601393386785948,0.9546920171738856,0.9748039096180529,0.9676096535022536,0.9597745243453072,0.9611132818850724,0.7015152883912028,0.7049004082902534,0.4575181694382786,0.6986127567999435,0.7078787825118319,0.9539598844675105,0.9748039096180529,0.3929356822258169,0.0546814692019309,0.9588600678971376,0.9563505918124924,0.9590852563754828,0.5122544132167702,0.9506033246538486,0.9601114180876406,0.7019445339253432,0.9748039096180529,0.3931240868749421,0.9597745243453072,0.9596650847873136,0.9550346733217502,0.9585348949265642,0.5053243331449484,0.946578863750152,0.706936986629565,0.9552478319515848,0.9748039096180529,0.673210625749083,0.0546814692019309,0.7071798650006704,0.95599314384148,0.9600797750493608,0.4416797447008956,0.6988012921805018,0.707595369919879,0.9563283137687546,0.1771564499234261,0.6728863866733459,0.0546814692019309,0.7061561914969872,0.9553217040420148,0.9578179598915184,0.4919952210653593,0.6935297095671161,0.9583605270786606,0.7052249026249549,0.9749444132175388,0.6732430496566567,0.5008232435100974,0.707020746216792,0.9536972134075627,0.7054646306018831,0.4519458851253582,0.9474980003586536,0.7071379153574382,0.7017705635839608,0.1772969535229122,0.6715245825552503,0.9597745243453072,0.7065867067430506,0.7010001120162643,0.7065139754541115
539_SMAP_id_9_Sensor_tr_1857_1st_4270,0.5790533317862333,0.5024296118046441,0.5024296118046441,0.7916980428757537,0.4434780427859611,0.792838317807786,0.5024296118046441,0.8489112009119872,0.8437976306185754,0.5024296118046441,0.6827780241073147,0.7923157521551892,0.7923157521551892,0.8010641415717971,0.3183154078903025,0.7756750875229609,0.3581925774948785,0.5208364550248696,0.8653806055706372,0.7923157521551892,0.7420092115123303,0.3581925774948785,0.3581925774948785,0.7692904757616668,0.3183154078903025,0.8695285974143577,0.7923157521551892,0.4677769522453535,0.8588980798144615,0.7923157521551892,0.688881771203368,0.3581925774948785,0.7923157521551892,0.7006878587762692,0.6969902245846785,0.774528702654103,0.7923157521551892,0.9093256769203564,0.9113864698728954,0.3581925774948785,0.6576411751998558,0.3581925774948785,0.3581925774948785,0.7789429689545018,0.3183154078903025,0.8593050720138556,0.3581925774948785,0.8653806055706372,0.8608363414683177,0.7923157521551892,0.4225684647227766,0.7923157521551892,0.7923157521551892,0.8112370238133207,0.3183154078903025,0.7631026789797438,0.3581925774948785,0.8480539819075303,0.8454975099953731,0.7923157521551892,0.6882635609450666,0.7923157521551892,0.7923157521551892,0.8634070972654755,0.3183154078903025,0.7863747776337312,0.3581925774948785,0.8577129615202613,0.8429410380832155,0.3581925774948785
540_SMAP_id_10_Sensor_tr_2051_1st_4575,0.3318900630665842,0.6503211149339483,0.8320369238682579,0.8175682683222388,0.2901209193263738,0.4796872336823586,0.9946347762156617,0.8465283382786393,0.7272118231368079,0.8679922778299974,0.3497350109142629,0.6123500811619672,0.7671034363740026,0.8598518237231788,0.2718498609591608,0.6586043488282152,0.0661271425728817,0.6694364217609183,0.6132230276322765,0.8910839850653235,0.3368542142592471,0.6495193268419446,0.763160711531123,0.8265544483785009,0.1714040808712079,0.4002107002496419,0.0661271425728817,0.7660447008545072,0.7198472624982188,0.8556672518483469,0.2987833551453588,0.6424998307261446,0.8423160287101961,0.8261292641394771,0.3050954119268388,0.4169551350215716,0.0661271425728817,0.7642693402332127,0.7387322581498271,0.909519851020687,0.3209564261053449,0.6499322746875078,0.8710055101629187,0.8241276026654095,0.3216198686180399,0.6605154317103161,0.0661271425728817,0.6736335980141932,0.7083760310408272,0.516105370092902,0.2864306979985918,0.6280345761506978,0.88355023811232,0.8523348349876776,0.3643793299935651,0.4237510802306167,0.0661271425728817,0.7993798765416349,0.7698639900837312,0.8276093325238676,0.3240154244106961,0.5978210970071521,0.8452303019965136,0.8025751664173727,0.2872372334072965,0.4780651875684496,0.9946347762156617,0.8627283139694201,0.7719144498717132,0.6583952145397128
541_SMAP_id_11_Sensor_tr_1832_1st_5300,0.7162384979351238,0.5138072558970656,0.6512593473303129,0.4758026777804848,0.3081027331564196,0.7209793007538929,0.6642164743630895,0.7382564011307928,0.7414912662780068,0.4241820824005371,0.7056810575497396,0.5042935186643118,0.5062295592569214,0.6861004676774264,0.3170386719604707,0.681755363610027,0.6642164743630895,0.6929635787846229,0.6507404923247417,0.4262615762700344,0.8766128989137653,0.581174133111346,0.4868101306225873,0.6797427260640051,0.3122236279505571,0.6821327782624804,0.6642164743630895,0.6206776809843801,0.697170970521734,0.4125791790981167,0.8325553080487569,0.4598715308338315,0.4605716264755147,0.6772199056452562,0.3106727736267501,0.7149141273278375,0.6642164743630895,0.6723939759276006,0.6903456789220704,0.4220583784077689,0.6638671239651726,0.5265436461956567,0.5443008644252549,0.7067380333239324,0.3178751395615636,0.6829084698523339,0.5690706665438025,0.7646817684169829,0.7062195572403539,0.4492281060934195,0.6821362230753855,0.5727160540950965,0.5384441599119529,0.6870182475179328,0.3180575637816611,0.6944141112901369,0.2506114442991518,0.702108701789474,0.6620485717690885,0.430405520869246,0.7792309725256558,0.6150199047105631,0.5239650256381182,0.5977516367422117,0.3174198890466999,0.6912118736730254,0.5690706665438025,0.7607662910777088,0.7079943297888658,0.4268822927313114
542_SMAP_id_12_Sensor_tr_1908_1st_4690,0.8471486788602295,0.8554608795545232,0.754239745225328,0.8908101041097978,0.237645280052042,0.5617429517027847,0.9791697199276812,0.8608346804672137,0.8507928866723998,0.7964939698585142,0.9371269962886918,0.8140056188303236,0.8977901207384735,0.859853585512391,0.237645280052042,0.5359592848709568,0.237645280052042,0.7366318681525619,0.9643799886315866,0.817926865054655,0.7815758892525594,0.8023898649012484,0.8125151556101996,0.8443790197915022,0.237645280052042,0.5357883558458759,0.237645280052042,0.8712575890041147,0.8721997498661406,0.8290306177651029,0.7791762443908272,0.7998089726575948,0.8263137633389248,0.8328824444545272,0.237645280052042,0.5355211567158843,0.237645280052042,0.8720122959038893,0.8694309248844486,0.81549607946965,0.8899803414679187,0.8054167897589347,0.7386849977061744,0.8657773594857582,0.5016255345108296,0.5534011871142421,0.237645280052042,0.8654535559227227,0.868668392266052,0.8587215823385872,0.9008831984925292,0.7872133279998138,0.885001380596702,0.8799704626406766,0.237645280052042,0.5274308383069995,0.237645280052042,0.8689061386840997,0.8781610283414071,0.8245446439748553,0.8831445975200866,0.7928759407543527,0.8960574153302242,0.888374302675998,0.9791697199276812,0.5471331593365061,0.237645280052042,0.9108803074139366,0.8662121854788427,0.8270836692684808
544_SMAP_id_14_Sensor_tr_1978_1st_4450,0.4817516262204679,0.489768315453745,0.5154744059444374,0.6419266572994458,0.3884730517553518,0.7532765372150177,0.962386823987466,0.7256342119023378,0.6230154601761241,0.5017259835553117,0.5203316687349138,0.5345668840423808,0.5457774619180357,0.891054668908181,0.3340780368503272,0.8956255981410649,0.1438933648558222,0.7754600707134417,0.79954987601204,0.6161773654107743,0.5806707662824405,0.7018864388544797,0.463454092985468,0.9460014737851472,0.3347072175000454,0.5835533500216624,0.962386823987466,0.7123421294259618,0.6661090044995569,0.8166350467594572,0.5500139348722867,0.5211979264518898,0.4507192808521064,0.930709483421794,0.4228795233019549,0.7103635792046329,0.1438933648558222,0.7555313261324073,0.552950324365331,0.5383992928736538,0.5681804524990216,0.5978748739465588,0.5888613289396943,0.8027201755781163,0.3495940506912139,0.7962041718923112,0.1438933648558222,0.7290216288513158,0.5181864103478834,0.9183060805077424,0.5661068311464565,0.5736500649088202,0.4322351311729397,0.818357981789763,0.3297374003519216,0.7143434195405047,0.962386823987466,0.8029818216383714,0.5878302342251902,0.520717098004904,0.5397152265760274,0.494601478281677,0.4934961588842023,0.840065805186402,0.3297374003519216,0.7170095641229575,0.1438933648558222,0.7430157961627554,0.6243023946978421,0.6275258766858892
545_SMAP_id_15_Sensor_tr_1173_1st_2750,0.6082319735543477,0.7926068063371275,0.7140726055823575,0.8734061010230263,0.9999032213031868,0.9903243501730628,0.5038761616812463,0.8815572353194203,0.8791859680958634,0.7140726055823575,0.5692453241086369,0.598897838243212,0.6222901586776526,0.9012159553930108,0.9999032213031868,0.9853125120547884,0.3648934311966534,0.9189841739876294,0.7961480609614602,0.6222901586776527,0.6316208688266088,0.9130440366434532,0.8557935660058671,0.8979834641431804,0.9999032213031868,0.9980664156675774,0.3648934311966534,0.8931759038182918,0.868503812997772,0.6222901586776527,0.6368656925446843,0.7846495438918131,0.8557935660058671,0.9121556088830064,0.9999032213031868,0.9980664156675771,0.3648934311966534,0.9512065651669732,0.8851420166651978,0.6222901586776526,0.5879372863751473,0.8099719961786283,0.855793566005867,0.9060561988772324,0.9999032213031868,0.9945062340141576,0.3648934311966534,0.755995558053556,0.8725238340896527,0.855793566005867,0.5548523092263308,0.6292059631920183,0.6222901586776527,0.9192447402644882,0.9999032213031868,0.9910978842351827,0.9161809556327948,0.8674818811215865,0.9829741058318178,0.6222901586776527,0.5860538852953509,0.7963567006190398,0.6222901586776526,0.9014378699079738,0.9999032213031868,0.9922351774409458,0.3648934311966534,0.9034262237633746,0.8530402597279425,0.855793566005867
546_SMAP_id_16_Sensor_tr_2117_1st_4770,0.7749029017182029,0.8440126189518203,0.8430663751470903,0.9118800006260396,0.4194926101049024,0.9393186921256924,0.9644743566939716,0.8071456128938878,0.6913820144664693,0.4349073282357318,0.5333607405639532,0.5951715782368908,0.4170982178417849,0.8640807351296002,0.617323294948766,0.9265697048372352,0.3917179622691429,0.7792553699424976,0.7377450699811745,0.4350819710227674,0.642130625836736,0.477777961620882,0.9216117890459016,0.9566178532633796,0.509539855825628,0.9381728468104809,0.3935370624093594,0.8069625344752355,0.7141749150275207,0.437516917799671,0.6626224911747488,0.589059513623059,0.642055483095538,0.8994669917656112,0.509539855825628,0.9557513379748044,0.4561943553613868,0.8035961127823527,0.7103972473047935,0.513497034518917,0.6716407528452691,0.4986174557536003,0.8320441640489672,0.919061206908494,0.509539855825628,0.946213765952838,0.9337479960470776,0.773122926770394,0.7826143089919811,0.942008030927604,0.6626224911747488,0.5837653151074768,0.4356182694883135,0.9298135611605324,0.7894132331305732,0.8951698396990112,0.8220227286990315,0.8069977519686374,0.7188909918179704,0.4365347350271528,0.611111541750249,0.5977555861217635,0.844346472850302,0.9481406132422988,0.7729069446721301,0.9515829036564104,0.8834666265679457,0.7919216745560659,0.7334451930700522,0.8439886683598244
547_SMAP_id_17_Sensor_tr_2133_1st_5400,0.6950884443969103,0.7193829803199216,0.6528669372142011,0.6149039919172808,0.5514950871500575,0.5692845263773513,0.4948840624906271,0.5583237448055309,0.5527670233010955,0.7528083192504644,0.7386094876279293,0.522613879167228,0.7746479412100182,0.6148162548019696,0.5873216328755485,0.5568183974918601,0.4948840624906271,0.5937949543293303,0.5211604098328607,0.7259437537040092,0.743482756530043,0.5675241682117658,0.7251383153029505,0.6108116845854091,0.5452302094106083,0.5643794723182374,0.9322602100415746,0.5739261449935328,0.5266932913872315,0.7682148869594247,0.6904140151593852,0.3737095710024223,0.7341214443539383,0.6176394235494878,0.5341587062947425,0.5582344130013697,0.0788932038199372,0.6187219082987995,0.5138138762930125,0.7288992481605913,0.7042211813962462,0.5726117599500884,0.6988831502040133,0.6197580065237743,0.5768283116001455,0.5562039416515464,0.0788932038199372,0.5558955314081628,0.5192942507746905,0.7455298994176845,0.6868420230028726,0.5503361429905488,0.6909027291937255,0.637185856471465,0.5807083880884516,0.5563107227334052,0.4948840624906271,0.5835810149397482,0.527353549608577,0.7285811915963132,0.7905721944553629,0.708836388593751,0.6911659304284652,0.6138597376650886,0.5983280952190294,0.5806777801985831,0.0788932038199372,0.579404122753584,0.5379697441558824,0.7472603642518995
548_SMAP_id_18_Sensor_tr_2094_1st_5600,0.4790922061230274,0.5021445630275493,0.5021445630275493,0.9999387723522372,0.9999387723522372,0.5021445630275493,0.9999387723522372,0.5860864361592276,0.566002933014617,0.5021445630275493,0.4750864378166661,0.7596133343283276,0.5021445630275493,0.9999387723522372,0.9999387723522372,0.7596133343283276,0.9999387723522374,0.9999387723522372,0.3610396878390931,0.2457753914204351,0.5633175590532935,0.7596133343283276,0.5021445630275493,0.9999387723522372,0.9999387723522372,0.7596133343283276,0.9999387723522372,0.5899422239159833,0.6181431624328921,0.7596133343283276,0.5673233273596543,0.5021445630275493,0.2457753914204351,0.9999387723522372,0.9999387723522374,0.7596133343283276,0.9999387723522372,0.6341715255697244,0.5354914459842134,0.7596133343283276,0.4790922061230274,0.7596133343283276,0.5021445630275493,0.9999387723522372,0.9999387723522372,0.5021445630275493,0.9999387723522372,0.9306962436011216,0.5941006177276437,0.7596133343283276,0.5713385700748052,0.2457753914204351,0.2457753914204351,0.9999387723522372,0.9999387723522372,0.2457753914204351,0.9999387723522372,0.566002933014617,0.566002933014617,0.5021445630275493,0.5633175590532935,0.5021445630275493,0.7596133343283276,0.9999387723522372,0.9999387723522372,0.2457753914204351,0.9999387723522372,0.6582140702749733,0.5701694983289409,0.2457753914204351
549_SMAP_id_19_Sensor_tr_1998_1st_2098,0.6347837208037427,0.5830219340911351,0.6847321173705171,0.5603329916473034,0.3503094582536712,0.4525309526615296,0.9221302392504545,0.7288448269875875,0.5297433588056832,0.6891126521775486,0.589774094678518,0.7321232705004433,0.676515277012426,0.558831963406766,0.4587367317430936,0.4573802144484261,0.9221302392504545,0.7233878710119127,0.5732772608995292,0.599541920226145,0.5884247730237323,0.6769540685273278,0.571097124062371,0.6142143626767507,0.4843110310930795,0.446861267564387,0.1734477544666995,0.7508095095687106,0.5805854161979367,0.681379395479081,0.5739187679707651,0.7536276643185579,0.6871385664945996,0.557342547164867,0.5641270719911389,0.4681567418995723,0.1734477544666995,0.7257940298882781,0.6922418459803236,0.5903364022212941,0.5655757889163492,0.6308774597024618,0.6452856877096093,0.5347288451756732,0.4774895627622258,0.4773512702418125,0.1734477544666995,0.7568057404609853,0.6282859553155052,0.6471121495824415,0.6024472749158456,0.724614495935734,0.741905935665247,0.5448815734000305,0.5209234896733768,0.4611616005880507,0.1734477544666995,0.7400756936193896,0.6261062247419172,0.6163878690128988,0.5911135081258341,0.7570046635589724,0.7362255022466442,0.5009626637824734,0.4730046880353727,0.4782549117441809,0.1734477544666995,0.7090320269735922,0.6354893723454856,0.7358524196709013
550_SWaT_id_1_Sensor_tr_43700_1st_43800,0.4240383020760581,0.5133490199753621,0.5692735384866325,0.2265787224918752,0.2608373945887254,0.2347123713811459,0.5014160764979736,0.2295130987205206,0.2637390320722677,0.6054035878138775,0.375731803093891,0.3381449384587821,0.5702033584975278,0.2391369335186586,0.2570749444119516,0.2365248793819318,0.5014160764979736,0.2089321688743077,0.2538460643818374,0.5879525586482724,0.4054728128845247,0.4867453742825962,0.5539024918380657,0.2334236105839734,0.260700693184322,0.2315967716137227,0.4807455066537166,0.1630883284212754,0.1964037231182657,0.5711467451586649,0.3789003793395308,0.4453929209783713,0.5722596349809778,0.230177316888696,0.2549741360412326,0.2348696538802819,0.5014160764979736,0.1915123283129934,0.2112712381038625,0.5887742809377203,0.3943255484389398,0.4468883154286958,0.6474649636636268,0.2390090292646262,0.2564968033018208,0.231890233004336,0.4807455066537166,0.1923485049738846,0.2641376380263171,0.6013630083303917,0.4060913346395807,0.6016316880639591,0.5812323135532449,0.2255780897435131,0.2612203376541527,0.2332721285765265,0.5014160764979736,0.1888413232082129,0.2619377360262035,0.659982757746765,0.3753430732191422,0.5389334567314941,0.6992436506094278,0.2240103749815632,0.2602753137227157,0.2358738862563369,0.4807455066537166,0.2128778130303001,0.2620529041155611,0.6930263581780358
551_YAHOO_id_1_Synthetic_tr_500_1st_893,0.8984748001489775,0.99712057052794,0.9971205705279398,0.8332375507922242,0.7786098775469851,0.8383558565700533,0.9319438390360884,0.7177633532316687,0.99712057052794,0.99712057052794,0.8369375045849983,0.9971205705279398,0.7433959232793383,0.8332375507922242,0.5132009216786094,0.8784209491010172,0.7239822043017464,0.9162877078306524,0.7253139783527485,0.7239822043017464,0.7321172802123366,0.99712057052794,0.8585534181766801,0.6966683676791271,0.5333992821678792,0.915179060660082,0.7295054516357458,0.5398639659092472,0.9698067339053208,0.915179060660082,0.7377439034517564,0.99712057052794,0.7908716936879603,0.6333310253000641,0.4267383519148398,0.9225820376908525,0.99712057052794,0.6317259958867133,0.915179060660082,0.8922354378970818,0.8531001312328544,0.99712057052794,0.7997828778272685,0.8059237141696042,0.5104910670419355,0.860551387414843,0.7829800914066044,0.5772616539503952,0.9698067339053208,0.6195582176738587,0.8213233223630827,0.99712057052794,0.99712057052794,0.8332375507922242,0.5104910670419355,0.7786098775469851,0.6366225265976391,0.7906116246169038,0.915179060660082,0.99712057052794,0.8396931071759322,0.7503605971180674,0.9971205705279398,0.915179060660082,0.6240141985395216,0.7786098775469851,0.5309935653442911,0.8149879280174259,0.99712057052794,0.9971205705279398
552_YAHOO_id_2_Synthetic_tr_500_1st_893,0.9941733486728116,0.6261376055434961,0.6796116365391903,0.9941733486728116,0.4710737153022922,0.3760540240901752,0.5506956907784584,0.5419405657959705,0.9941733486728116,0.6796116365391903,0.9941733486728116,0.6613305009089331,0.6796116365391903,0.9941733486728116,0.4416679123549661,0.8376519588281205,0.9525679927023272,0.668426956633502,0.9525679927023272,0.9243180192131668,0.9941733486728116,0.7445412128499026,0.6916193414149175,0.9941733486728116,0.4620589826362162,0.8856827783310305,0.9031336946995424,0.9941733486728116,0.4351587503420789,0.6555962267877353,0.9941733486728116,0.6613305009089332,0.6796116365391903,0.9941733486728116,0.6193654645600297,0.791389276794509,0.4255879790190919,0.414767680060829,0.9109626367318424,0.9941733486728116,0.9941733486728116,0.6613305009089331,0.6796116365391903,0.9941733486728116,0.5004795182496183,0.7721702229566988,0.3007764521684996,0.8178980246926002,0.8277519247908726,0.6381453104192235,0.9941733486728116,0.6136255009467751,0.6796116365391903,0.9941733486728116,0.5185089835817706,0.7776134344494832,0.4430388953876037,0.6098712448401752,0.9941733486728116,0.6796116365391903,0.9941733486728116,0.6761777015184229,0.6796116365391903,0.9941733486728116,0.4710737153022922,0.7601625180809715,0.3317689037935901,0.5682658888696906,0.9941733486728116,0.6555962267877353
555_YAHOO_id_5_WebService_tr_500_1st_730,0.7354643684749459,0.8743185243161848,0.8315179622927085,0.9925848997833264,0.9939484764526624,0.9826949607655796,0.508473987409804,0.7071852741934349,0.9504462850367764,0.7881837690748762,0.7235460845022967,0.8693647108275507,0.617356413166354,0.6687450421759737,0.435053798704753,0.9340626221743114,0.3953809759163328,0.7835068696596029,0.7203489444967327,0.7575866157934477,0.7728963622594581,0.9736101589592728,0.8030367843704669,0.9774034657539304,0.3744586580671709,0.944151729433252,0.3953809759163328,0.7363880384786229,0.7447196575714853,0.6351954042104776,0.7235460845022967,0.9643448229460616,0.6233172409754429,0.936970382765386,0.9286258027844744,0.9616594851835216,0.7822230831362362,0.6709621494217225,0.9373515390831298,0.6335669133918578,0.7192201013285987,0.9599765995749572,0.5114759175636306,0.9573259256590858,0.7409497099265715,0.9719711271192522,0.3953809759163328,0.8158321306024651,0.8785275277238168,0.5150454172605445,0.7120961049231052,0.9802916559184311,0.6215625362299266,0.9941604631594376,0.4750215351757784,0.9798221561096884,0.7822230831362362,0.8516053741808476,0.9148527658962164,0.9172963838394949,0.7402724391630935,0.9330020112901064,0.6259243800476423,0.9828217785041428,0.9936487293142204,0.989507986952703,0.7822230831362362,0.6707686010541124,0.912186287819259,0.8315488391066226
558_YAHOO_id_8_WebService_tr_500_1st_1125,0.7124929406792694,0.6699711284700299,0.9721537483737336,0.7704158920369912,0.6767501223663703,0.7899622942191283,0.1151683065316848,0.7619469534833172,0.9049813102549612,0.9271823565616412,0.719954829062697,0.4429737883937485,0.8829716254431534,0.4681451477429658,0.345020376881411,0.7942023236307126,0.2043527015476284,0.6945414051101654,0.6881751932622079,0.9223833121156784,0.7588398354499288,0.2526797242930214,0.8951065982028532,0.4380233684933783,0.345020376881411,0.9021212104572292,0.8451130958790429,0.9398070590615716,0.8113039769802721,0.9086448067529708,0.7451211599623503,0.2835630862964856,0.966066434421657,0.5129580070820259,0.345020376881411,0.8225868474499842,0.7882949140608614,0.7507718867119118,0.9153664154231222,0.8527300256148314,0.737697162114271,0.3239332286552194,0.7898677315171524,0.4035178354928039,0.345020376881411,0.9027786568131104,0.7882949140608614,0.845909193611714,0.8587898587519702,0.8398897729156194,0.7454004298993898,0.4535413607747823,0.9472514460590916,0.6786623570493663,0.345020376881411,0.7568397423233583,0.3007980277466897,0.9289189739327698,0.8895727935443073,0.6884979239713788,0.7519973615498057,0.3470951728090087,0.9908062959888706,0.6571792086874138,0.345020376881411,0.7962533159142977,0.2043527015476284,0.9376094391249712,0.8992256105143234,0.8789736944522811
562_YAHOO_id_12_Synthetic_tr_500_1st_893,0.5111814610147629,0.4064859168663216,0.6271775623098514,0.989508689304376,0.5953408205980611,0.637703038996454,0.8799119135075152,0.989508689304376,0.989508689304376,0.5720046509489682,0.6059199740153646,0.4064859168663216,0.6271775623098514,0.989508689304376,0.6384120938343962,0.8553249889622672,0.989508689304376,0.9010606163419262,0.9116949784886051,0.6271775623098514,0.4499725149095266,0.4064859168663216,0.6271775623098514,0.989508689304376,0.6384120938343962,0.4499725149095266,0.8251135256090854,0.9584800390357056,0.8945269552876893,0.6271775623098514,0.6500293118924191,0.4064859168663216,0.5720046509489682,0.989508689304376,0.6384120938343962,0.6496911708667433,0.879911913507515,0.7554536476238874,0.989508689304376,0.6271775623098514,0.5111814610147629,0.4064859168663216,0.6271775623098514,0.989508689304376,0.6384120938343962,0.4981141389062888,0.7186894139008085,0.8568965905901746,0.989508689304376,0.5168317395880861,0.660718361913795,0.4064859168663216,0.6271775623098514,0.989508689304376,0.6384120938343962,0.5046477999605259,0.8357703398821699,0.9116949784886051,0.7472998147933146,0.5168317395880861,0.4630398370180007,0.4064859168663216,0.5168317395880861,0.989508689304376,0.6384120938343962,0.5281062631995938,0.879911913507515,0.989508689304376,0.989508689304376,0.6271775623098514
570_YAHOO_id_20_Synthetic_tr_500_1st_658,0.6282835220025719,0.9201727848863572,0.9909526457303172,0.9515891321575886,0.8591035637120016,0.7314741026884832,0.8261320685875215,0.9517051384669384,0.9909526457303172,0.9899864759441556,0.7741473462189351,0.990952645730317,0.6886492412975193,0.9801437997741624,0.677971701667171,0.6311077707129131,0.7908321753902262,0.8558282763366156,0.8443959323660257,0.7297711864386913,0.8023485097598624,0.990952645730317,0.6786448057375544,0.9471375507378844,0.636698945912532,0.7546036181544719,0.9006473862279814,0.7641120124045222,0.990952645730317,0.8487350555955288,0.7525544735856192,0.9899864759441556,0.981611943786058,0.9801437997741624,0.7826613014509491,0.6578084555054872,0.7957849544213513,0.91466273082344,0.9909526457303172,0.7516735586720648,0.6924490175479441,0.990952645730317,0.6680748549001905,0.8413923505051036,0.7515086309060423,0.7358125245919142,0.9242842383581452,0.8684528136491779,0.9909526457303172,0.822698166787882,0.6791846654220198,0.9909526457303172,0.6826339456682544,0.9295481705945444,0.6844585319677103,0.7673546049740773,0.8459990341960442,0.9874177860149188,0.9909526457303172,0.8931330324069757,0.6809443627035715,0.9899864759441556,0.919799042504502,0.9103250326064752,0.8349381949832495,0.6928220515750669,0.8643711857866033,0.8741354184152608,0.9909526457303172,0.9899864759441556
571_YAHOO_id_21_Synthetic_tr_500_1st_623,0.2873054386496143,0.3880779163934355,0.3880779163934355,0.9034858749973806,0.0900590138484043,0.3182829304328262,0.6673223367590705,0.6822497965760068,0.9396139664399176,0.7250699757950846,0.3346065609206325,0.6207200746596485,0.3880779163934355,0.9034858749973806,0.0900590138484043,0.3606418963179764,0.6762871295712742,0.0900590138484043,0.8260354126032624,0.3880779163934355,0.1210365056316162,0.6207200746596485,0.2837639669418613,0.9034858749973806,0.0900590138484043,0.4339783539863385,0.543306363191505,0.1923971418396443,0.901754448494366,0.3880779163934355,0.2986869127515523,0.6207200746596485,0.3880779163934355,0.9034858749973806,0.1259067586497598,0.4339783539863385,0.5073148116547005,0.1923971418396443,0.9396139664399176,0.3147414587250734,0.2986869127515523,0.6207200746596485,0.3880779163934355,0.9396139664399176,0.4449191290608014,0.4339783539863385,0.5692697952211243,0.8638949305488143,0.9396139664399176,0.8294198769305212,0.2253504550831903,0.1794500174902874,0.3880779163934355,0.9034858749973806,0.0900590138484043,0.4959333375527623,0.6426062528894866,0.3784287458709169,0.9396139664399176,0.3880779163934355,0.401096944110517,0.6872104578495328,0.3880779163934355,0.9034858749973806,0.0900590138484043,0.4339783539863385,0.5382923034379125,0.401096944110517,0.9396139664399176,0.7915603589849692
579_YAHOO_id_29_WebService_tr_500_1st_1342,0.7385895657654119,0.99861268723367,0.775480420490609,0.9391679394542588,0.964644259931149,0.6957464510706143,0.5020758573325758,0.964644259931149,0.760778156374545,0.99861268723367,0.8026783693807138,0.9901205804080396,0.99012058040804,0.9561236476177374,0.4381336367420753,0.6419442005572006,0.2306594027100142,0.7566786148653124,0.913691618977368,0.9051995121517378,0.7472504157425506,0.99861268723367,0.8627389780235868,0.7693258029416542,0.5337844625464916,0.6589284142084609,0.774619155630157,0.6560378269695473,0.5350373005456391,0.6918000598169235,0.7380420407989796,0.99861268723367,0.7084269492744191,0.7098810551622424,0.6171750103663551,0.6589284142084609,0.774619155630157,0.8882152985004772,0.6864080499837246,0.9013784747954052,0.6814843002281595,0.99861268723367,0.6984077708667796,0.8457547643723261,0.7778179097672845,0.7693258029416541,0.2306594027100142,0.9816284735824098,0.8720375107178034,0.7778179097672845,0.7342885680576323,0.99861268723367,0.7025710578116303,0.9731363667567796,0.8287705507210658,0.7098810551622424,0.774619155630157,0.99012058040804,0.6785191444848351,0.8809306593062538,0.7148095399000767,0.99861268723367,0.7520470340871321,0.9646442599311492,0.9731363667567798,0.7098810551622424,0.774619155630157,0.9816284735824098,0.778111036699611,0.7605359968970035
603_YAHOO_id_53_Synthetic_tr_500_1st_893,0.4451005831482619,0.9879337471647964,0.9879337471647964,0.9879337471647964,0.5952658885132723,0.4588153808248377,0.451509504472647,0.9879337471647964,0.9879337471647964,0.6002759759039682,0.5810830323160404,0.9879337471647964,0.3433483803008298,0.9879337471647964,0.6007924336249592,0.3933809194200174,0.8204581015041745,0.7535100724118036,0.9721222849620637,0.28545925927151,0.3398238483086916,0.9879337471647964,0.3888950140066421,0.9879337471647964,0.6007924336249592,0.3482085928978271,0.7300019574439907,0.6790318277997328,0.853120221364136,0.3600477255684782,0.7466745631574475,0.9879337471647964,0.3287511667637912,0.9879337471647964,0.6007924336249592,0.467969385716986,0.6950097272478463,0.9276189511629594,0.9879337471647964,0.3600477255684782,0.6260449711537731,0.9276189511629594,0.4034922275436808,0.9879337471647964,0.6007924336249592,0.1270031661071929,0.8410962216246542,0.9879337471647964,0.9629682800699152,0.3908445512543311,0.6413978283178775,0.9276189511629594,0.4700777833524685,0.9879337471647964,0.6007924336249592,0.5237913285307765,0.1391930589477795,0.9879337471647964,0.9879337471647964,0.3454505120314399,0.8673041551611225,0.9879337471647964,0.4034922275436808,0.9879337471647964,0.5064335338255367,0.4385352896541084,0.6933859378753974,0.8267421115489894,0.9879337471647964,0.4928305018606088
644_YAHOO_id_94_WebService_tr_500_1st_1078,0.5585251916557109,0.9149503837517836,0.7710541336957993,0.7764239410017402,0.6345738683900232,0.8631196551789729,0.3361567491813775,0.953521636504034,0.9158701343446748,0.959300300398697,0.5531247814518873,0.517319033853091,0.7382867009751836,0.6665014112413152,0.5218138658905597,0.9129697573860384,0.8242263972745374,0.7517427905061695,0.8657607983786861,0.7487245081730795,0.5207384623579536,0.4666022511047255,0.7410648917816974,0.6567913674039728,0.6476405776039107,0.919900073819765,0.8242263972745374,0.9411716444425864,0.9245745391841136,0.8732365268892869,0.5640287634036973,0.449914020721439,0.8872243691572124,0.6587307407647042,0.680527089562485,0.863273939245025,0.3361567491813775,0.9275408447237684,0.8347169869870698,0.8373553021790091,0.5399696852236168,0.6190650711613006,0.795422931097011,0.675687321738482,0.4698803047747713,0.9182043383913746,0.2174781246906021,0.8917332215969632,0.9000369730545432,0.8474826320548182,0.5766178378981258,0.7095608621718011,0.8068600500344526,0.636530607954801,0.7277712371707762,0.8906303299931893,0.8242263972745374,0.970944751097186,0.9474300935011364,0.7572315378866037,0.5603439067525549,0.5839405091849865,0.7231975845480744,0.8168980947863096,0.634101094742701,0.8951155899776232,0.8586076276127622,0.939588661035831,0.9126388449377862,0.7344922378834832
645_YAHOO_id_95_WebService_tr_500_1st_1047,0.6451730912961285,0.5450128863400164,0.7192587981634609,0.99861268723367,0.9561521531055192,0.99012058040804,0.5020758573325758,0.8967074053261075,0.8950613250078429,0.7235172871993606,0.4240493680822904,0.3996450766318469,0.7648056701339466,0.99012058040804,0.1736358666999923,0.9221837258029982,0.5860458048036726,0.5489099808461408,0.5046978602276502,0.7308372428314257,0.3438401938460235,0.4336135039343678,0.7732977769595769,0.99861268723367,0.5485049886457819,0.9051995121517378,0.7732977769595769,0.8200635181784558,0.942749892744134,0.8619893937469802,0.5566740975330766,0.6544082814007537,0.8395392595764668,0.99012058040804,0.5401072996035514,0.9476600462798892,0.5860458048036726,0.3956731026139241,0.7743377945419725,0.7563135633083164,0.6996936591898727,0.5280141440612621,0.6798846018776443,0.9731363667567796,0.506070491347117,0.9646442599311492,0.5020758573325758,0.7264472340632325,0.8562212629398044,0.4675819312368887,0.5566740975330766,0.3486924356780654,0.8650096420885639,0.99012058040804,0.7948021234185447,0.99012058040804,0.5860458048036726,0.6928968415109822,0.9157625585946336,0.7648056701339466,0.5698271785780867,0.3996450766318469,0.7393293496570561,0.99861268723367,0.6868876987883126,0.9476600462798892,0.7732977769595769,0.8906559880036393,0.9279750231166126,0.8704795212510129
649_YAHOO_id_99_WebService_tr_500_1st_1386,0.8519346703529097,0.9997478810472517,0.9997478810472517,0.9997478810472517,0.9997478810472517,0.9997478810472517,0.5158687647282467,0.9692232314727234,0.9997478810472517,0.9997478810472517,0.979453060251168,0.9997478810472517,0.9049869097824254,0.9997478810472517,0.9124804013572037,0.9997478810472517,0.244452310105685,0.8513055949063858,0.9640324678055084,0.9631069225655648,0.979453060251168,0.959763394782215,0.9606648983399292,0.9997478810472517,0.9997478810472517,0.9997478810472517,0.7958993070743678,0.9522323225988684,0.9997478810472517,0.9997478810472517,0.979453060251168,0.9997478810472517,0.9805792675212162,0.9997478810472517,0.9997478810472517,0.9997478810472517,0.244452310105685,0.9562389542539372,0.9975585468118948,0.9997478810472517,0.979453060251168,0.9997478810472517,0.9997478810472517,0.9997478810472517,0.9997478810472517,0.9997478810472517,0.7958993070743678,0.9657601230710208,0.9997478810472517,0.9997478810472517,0.979453060251168,0.9997478810472517,0.9578882626200982,0.9997478810472517,0.9997478810472517,0.9997478810472517,0.7958993070743678,0.957263183576964,0.9742570625650784,0.9997478810472517,0.979453060251168,0.9997478810472517,0.978250257898857,0.9997478810472517,0.9997478810472517,0.9997478810472517,0.244452310105685,0.930270399816364,0.9997478810472517,0.9997478810472517
657_YAHOO_id_107_WebService_tr_500_1st_1260,0.8789844827517715,0.9336025894633996,0.9993733533659984,0.9080357869058324,0.775896558358002,0.7806051560894989,0.8679146675650715,0.9993733533659984,0.8875780917174731,0.9993733533659984,0.948447885318002,0.8706200257913518,0.9993733533659984,0.9993733533659984,0.5642311439512977,0.7467755772663865,0.8761739369845095,0.9993733533659984,0.9993733533659984,0.9993733533659984,0.9304607871172011,0.9084921005974542,0.9993733533659984,0.9993733533659984,0.591277555700617,0.6603266014037168,0.7688745548344612,0.9993733533659984,0.9993733533659984,0.9993733533659984,0.9302208142016256,0.8796773066984697,0.9993733533659984,0.9993733533659984,0.6991581441898197,0.6991836684857344,0.7688745548344612,0.988701437790302,0.9993733533659984,0.9993733533659984,0.9305664563199726,0.8812537809076753,0.9993733533659984,0.9993733533659984,0.601977957439916,0.6447388897889224,0.7688745548344612,0.9993733533659984,0.849966535306251,0.9993733533659984,0.9377071192707392,0.8842476048010722,0.9993733533659984,0.9993733533659984,0.6017802848631943,0.7781042756825155,0.9478979152379786,0.9993733533659984,0.8602824239362467,0.9993733533659984,0.924719015538614,0.8777091958689008,0.9993733533659984,0.9993733533659984,0.6021756300166378,0.7088156160686654,0.848857802507368,0.9993733533659984,0.912293283179266,0.9993733533659984
658_YAHOO_id_108_Synthetic_tr_500_1st_893,0.459721876821358,0.4335321211212498,0.5990300331188072,0.9894434992849868,0.6293671179673629,0.663636093660348,0.4922257341377223,0.6376495329503893,0.9894434992849868,0.5990300331188072,0.5790514700393875,0.4335321211212498,0.5990300331188072,0.9346469313200958,0.5280563970206082,0.6135161054958376,0.3482531786331008,0.5280563970206082,0.9894434992849868,0.5990300331188072,0.3592264242276355,0.4886980917871022,0.5990300331188072,0.9894434992849868,0.5471207404223859,0.6636360936603479,0.5014712721508966,0.2117619469144502,0.9346469313200958,0.4886980917871022,0.4375293659798973,0.4335321211212498,0.5990300331188072,0.9894434992849868,0.8356642335399362,0.7154606594605338,0.5060940411574836,0.6376495329503893,0.9894434992849868,0.5438640624529544,0.4438660239362,0.4335321211212498,0.5990300331188072,0.9894434992849868,0.5471207404223859,0.7154606594605337,0.5541505793181535,0.40486417647647,0.9894434992849868,0.5438640624529544,0.3753559340284746,0.4335321211212498,0.5990300331188072,0.9894434992849868,0.6416552508483624,0.6636360936603479,0.4922257341377223,0.3525500037512407,0.9894434992849868,0.5438640624529544,0.4326329400576291,0.4335321211212498,0.5990300331188072,0.9894434992849868,0.9894434992849868,0.6135161054958377,0.4922257341377223,0.4810386331417817,0.9894434992849868,0.5438640624529544
672_YAHOO_id_122_WebService_tr_500_1st_857,0.6512116583074298,0.6759126278597216,0.99861268723367,0.99861268723367,0.99861268723367,0.7141382769707308,0.5020758573325758,0.9391679394542588,0.99012058040804,0.99012058040804,0.8888148916822634,0.99861268723367,0.405035299952011,0.355383888115912,0.5470341258718524,0.922183725802998,0.5860458048036726,0.6079757732546799,0.7814632805127111,0.4381336367420753,0.99861268723367,0.99861268723367,0.4715443377165866,0.5147692699277218,0.6936156164957652,0.9816284735824098,0.7732977769595769,0.7863100165929144,0.8117863370698052,0.5686444928866828,0.806798039270095,0.99861268723367,0.438870464010111,0.7564387904630187,0.6936156164957652,0.9476600462798892,0.5860458048036726,0.6589284142084609,0.8372626575466959,0.9332197455288448,0.8888148916822634,0.99861268723367,0.8287705507210658,0.9646442599311492,0.681523064174933,0.9476600462798888,0.7732977769595769,0.8117863370698052,0.9731363667567798,0.8882152985004772,0.806798039270095,0.99861268723367,0.7693258029416542,0.9391679394542588,0.8985056991088614,0.9391679394542588,0.5860458048036726,0.8457547643723261,0.99861268723367,0.7693258029416542,0.8888148916822634,0.99861268723367,0.7608336961160239,0.8457547643723262,0.4004168737852226,0.99861268723367,0.7732977769595769,0.9816284735824098,0.99861268723367,0.8457547643723262
680_YAHOO_id_130_Synthetic_tr_500_1st_893,0.6677946731304898,0.9955994747605564,0.9038191398547458,0.9955994747605564,0.5740807737698962,0.5136854565830468,0.8153166740527144,0.9955994747605564,0.9955994747605564,0.9955994747605564,0.7541780583215709,0.9955994747605564,0.722293122578567,0.7477439382024408,0.6923456275986338,0.6746909614836304,0.8368666408751386,0.9955994747605564,0.9955994747605564,0.7380654567616289,0.6566742051712077,0.9955994747605564,0.7510992074094306,0.9955994747605564,0.6923456275986338,0.7478376509578382,0.9259893435478372,0.9650060297919528,0.9955994747605564,0.8253905811434016,0.7180250200839535,0.9955994747605564,0.7484559941666693,0.9955994747605564,0.6923456275986338,0.7979779296791522,0.7795861059443931,0.9650060297919528,0.9955994747605564,0.9038191398547458,0.5720162237970106,0.9955994747605564,0.8207324271194979,0.9955994747605564,0.499222585305082,0.3701624760815343,0.905973557880396,0.9344125848233492,0.9955994747605564,0.7638135916175327,0.4977832785759471,0.9955994747605564,0.7632655137450998,0.9955994747605564,0.5168750812711683,0.5151825068613863,0.79090102991439,0.9344125848233494,0.9955994747605564,0.7520819776362225,0.6009704279420444,0.9955994747605564,0.7406609848581405,0.9955994747605564,0.5674718622450757,0.5008944682103649,0.6787856757860136,0.9650060297919528,0.9955994747605564,0.9230128432489104
689_YAHOO_id_139_WebService_tr_500_1st_1073,0.9137439424345416,0.9223130266377236,0.998747139496074,0.998747139496074,0.998747139496074,0.9902544602895904,0.5020758573325758,0.7779374801275061,0.998747139496074,0.5709687711418929,0.998747139496074,0.6080838959978389,0.523157103933005,0.8543715929858565,0.2331880323802106,0.7354740840950892,0.5456718174463444,0.763375585538532,0.998747139496074,0.6420546128237723,0.8798496306053064,0.8040891339867664,0.523157103933005,0.9732691018766236,0.9477910642571734,0.9308057058442069,0.5456718174463444,0.820400876159923,0.998747139496074,0.5656204999654219,0.8798496306053063,0.829012660743419,0.5061717455200382,0.9562837434636572,0.7609521217145394,0.8373862345728899,0.5456718174463444,0.7524594425080561,0.998747139496074,0.4214798224874162,0.998747139496074,0.4143520461097817,0.5571278207589385,0.9647764226701402,0.3434075316607151,0.981761781083107,0.5456718174463444,0.7609521217145394,0.998747139496074,0.2656854627318214,0.8798496306053064,0.8539957526349202,0.9817617810831072,0.998747139496074,0.9902544602895904,0.9562837434636572,0.5456718174463444,0.8288935553664062,0.998747139496074,0.7407047516864504,0.8798496306053064,0.7308019283382408,0.5571278207589385,0.998747139496074,0.998747139496074,0.8119081969534396,0.773401893036764,0.8373862345728899,0.9732691018766236,0.3554339143499297
693_YAHOO_id_143_WebService_tr_500_1st_1003,0.5695349199561687,0.9857327677271788,0.9488164435034956,0.9681499755532884,0.98004692785201,0.694055393064606,0.3372257172313588,0.975215268139108,0.9410541570377388,0.9877781360797726,0.5169249004300895,0.9965791749291308,0.9376951908580974,0.8627453806670097,0.5768674027324487,0.9412156594605832,0.853244613540635,0.8995122347842414,0.9965791749291308,0.9914873370697136,0.5364406791567551,0.996579174929131,0.9527902337159057,0.7029051637259032,0.743129369022871,0.4819509425836336,0.8098148228828309,0.932021683990786,0.9965791749291308,0.9965791749291308,0.5009885170009503,0.8943041423020951,0.9687607240505008,0.9226632565519398,0.8147244570808014,0.9072415388884258,0.8098148228828309,0.9074416876729474,0.6305794904680813,0.985207495178794,0.5063083780447617,0.9965791749291308,0.9763541514905696,0.6624892927765823,0.7586045444375827,0.917040480799446,0.2938039592855521,0.9182800829701596,0.963041876850008,0.9877781360797726,0.5067907639755767,0.9965791749291308,0.9692594936111064,0.8390436342266302,0.9533722774910744,0.8635109492843722,0.8098148228828309,0.9801091529818312,0.9914873370697136,0.9914873370697136,0.4714044758775318,0.9965791749291308,0.9840229084155944,0.9192084411877068,0.9247643467454788,0.934034936302277,0.8098148228828309,0.9592490313373406,0.97442006093789,0.9908933350539624
701_YAHOO_id_151_Synthetic_tr_500_1st_893,0.6527825639805864,0.793459998997126,0.6640488512751441,0.9961595262343568,0.4737772227509699,0.5550053071131371,0.9205220224961308,0.9961595262343566,0.9961595262343566,0.6616667393652116,0.5945773298896991,0.9961595262343566,0.6259869438687748,0.9961595262343566,0.6138619117319466,0.629625748228523,0.6945936636039135,0.793459998997126,0.9961595262343566,0.6006123389311953,0.7029489229017151,0.9961595262343566,0.613299641399985,0.9961595262343566,0.6138619117319466,0.579940828170875,0.8003643643664032,0.7908714852930621,0.9961595262343566,0.6144906973549514,0.6467859523908545,0.9961595262343566,0.6218077682211086,0.6211674238675055,0.7051091692037338,0.6550283686526682,0.7672358917839863,0.9556196207869108,0.9961595262343566,0.6386742463375645,0.5213292553292866,0.9961595262343568,0.599421282976229,0.9961595262343566,0.7256407839602648,0.6345200190098844,0.7599292371916987,0.9961595262343566,0.9961595262343566,0.6548378762515086,0.7784821150264856,0.9961595262343566,0.6939939991930997,0.9961595262343566,0.4678439046538415,0.4603224844190789,0.7164866819088272,0.9961595262343566,0.9961595262343566,0.5892966367293017,0.7784821150264857,0.9556196207869108,0.5931002248964032,0.9961595262343566,0.7634047178228902,0.5920186470547102,0.7037993794400375,0.9961595262343566,0.9961595262343568,0.7672784474201719
723_YAHOO_id_173_WebService_tr_500_1st_1214,0.8727009394134584,0.9563244650450312,0.9963842722875574,0.5863176411791483,0.7344527274508649,0.6506576242397093,0.6564292375178602,0.9449817761851964,0.646856048722332,0.9963842722875574,0.8047680706175159,0.8873319796561469,0.9963842722875574,0.8794938860487433,0.7896151567722602,0.91223783111697,0.9403533541867412,0.716265776676762,0.9231524794730452,0.982795640031521,0.7611071874600626,0.8907864286677029,0.9963842722875574,0.91223783111697,0.7896151567722602,0.7173464677988604,0.9403533541867412,0.8467499409805161,0.9995550179655756,0.9963842722875574,0.7514000809100679,0.7730153353090999,0.9963842722875574,0.5239589215896328,0.7846985215742734,0.6575495577196198,0.9403533541867412,0.8685792376926681,0.9995550179655754,0.9963842722875574,0.7332108591034653,0.8677953971999048,0.9995550179655754,0.91223783111697,0.7846985215742734,0.6552018490547928,0.9403533541867412,0.8904085344048197,0.8256366425029212,0.9963842722875572,0.7768717422609195,0.8873319796561469,0.9995550179655754,0.9231524794730452,0.7896151567722602,0.5066892796769604,0.9403533541867412,0.8794938860487433,0.8906564623841366,0.9939596052818108,0.7247203053198477,0.8902058585896215,0.9995550179655754,0.3954932145108577,0.7896151567722602,0.4781851291776063,0.9403533541867412,0.8467499409805161,0.8904085344048197,0.9963842722875574
724_YAHOO_id_174_WebService_tr_500_1st_1030,0.7627228393332187,0.9916750345972009,0.8414027759836148,0.879210671024088,0.6468148432170806,0.7706640553848039,0.5106657066142085,0.8913317075385883,0.8209626609445348,0.946127535102454,0.8069710010937178,0.9575182103676616,0.8467474147515349,0.5743252343431964,0.6053261459084155,0.623641139408318,0.2979277795731547,0.7752562928633857,0.7654360744489156,0.923525040958168,0.7781243069280803,0.9587408502482628,0.8382993753834971,0.7295979174987063,0.5698388377308968,0.6963174773359251,0.7870306455045687,0.8370232655643575,0.8782838347385943,0.9681189375359994,0.7680681134886775,0.9916750345972006,0.8276216822419191,0.6431962198336746,0.6623612088345219,0.6697380162438337,0.7870306455045687,0.7766193559831688,0.6536137573324226,0.9327421579976294,0.784268337047821,0.9831253232829914,0.9026887719643664,0.7845576719242802,0.7097710755527922,0.7087312972335215,0.2979277795731547,0.8012969531400576,0.7082402024812242,0.8050797015166486,0.7831515608905407,0.9916750345972009,0.9537678048270948,0.8586509513571773,0.5701044082436505,0.6783720792110255,0.2979277795731547,0.825970627480444,0.809859506300556,0.9279998121029576,0.796454980303043,0.9880187262120582,0.8049711484165027,0.93865688461471,0.6776401786284703,0.7297610745589711,0.7870306455045687,0.8721279108185107,0.7947495336376559,0.9329410014410588
734_YAHOO_id_184_WebService_tr_500_1st_768,0.4752359320294912,0.4470414449727697,0.995845045001857,0.5294419277034462,0.5645828824148377,0.5653462217467005,0.9564682699859564,0.9478549017157616,0.770984371815849,0.9951554848981295,0.4734444484989772,0.4331460034623027,0.9993109311277832,0.7415338459671611,0.5311767784431084,0.5381071480772323,0.0588425626275408,0.7404817740487039,0.4970478689611124,0.9964784774574064,0.451258068132343,0.466277663747364,0.998203382353572,0.713860302917232,0.5311963173427282,0.5396119398181317,0.0733421150556982,0.8715183617685943,0.6374378458228468,0.9987178901577122,0.4657090724768507,0.4407723871553555,0.9920710308178656,0.7271054970985985,0.524195679452056,0.5313677609510347,0.0588425626275408,0.8327495382524982,0.7650753383407052,0.9976898812442458,0.4298410573537818,0.5247040024050448,0.9878555203816246,0.670603775212983,0.5362035783654368,0.5623810070969203,0.0588425626275408,0.8680907720746572,0.6302693078036002,0.95458122444444,0.4481469914653788,0.4918587509832373,0.9978863812551608,0.6863188100379766,0.5303822495774767,0.5431167939312334,0.0733421150556982,0.8991020289805789,0.7814015402603984,0.9980937825371298,0.457312925702145,0.5102097687270245,0.992891084998207,0.6348634720510872,0.5866536828060949,0.5274168491059015,0.9564682699859564,0.9463247762511312,0.7924145932909323,0.9974257132739898
741_YAHOO_id_191_WebService_tr_500_1st_1114,0.6622407296208225,0.6992350976850763,0.6077808362635543,0.997107158328842,0.9872854422909088,0.5087702876247229,0.5041797198765606,0.6808942083871687,0.7792167608022084,0.8377142834846051,0.7116439796050951,0.748000317630602,0.6077808362635543,0.997107158328842,0.4064567180542963,0.561677401668721,0.3617743659931681,0.6755404223387294,0.6135129810180993,0.6124140005223652,0.6045420863330386,0.699978088393796,0.6219169620666567,0.997107158328842,0.6584621733227033,0.6983973355848423,0.3617743659931681,0.7325657632193919,0.54479022732158,0.6210076170289791,0.5962025215836438,0.6016319390812854,0.5752994229375346,0.992648037891922,0.9715771803675748,0.6772404966240555,0.3617743659931681,0.5702671899660197,0.7443464052415055,0.7804431196494863,0.6152941878681285,0.6855068869554992,0.5724157289613193,0.979270676581163,0.77217533736107,0.7245830798582709,0.3617743659931681,0.6720397072167313,0.5874628462822581,0.4237769264357148,0.6274468045186365,0.5971616595670806,0.7759728401352812,0.997107158328842,0.9611920150883768,0.7926502130571299,0.3617743659931681,0.7793557080810969,0.7902916090380059,0.745519698130584,0.6760572711206683,0.6686861317943609,0.6077808362635543,0.997107158328842,0.9872854422909088,0.7282243007503411,0.7769142281611596,0.8445549282733021,0.8041991563518862,0.7938539581921015
755_YAHOO_id_205_Synthetic_tr_500_1st_893,0.2679857975544735,0.4886980917871022,0.5990300331188072,0.9894434992849868,0.2933975403437305,0.9346469313200958,0.4388204330146609,0.802039236845061,0.9894434992849868,0.5990300331188072,0.5710952744361495,0.5990300331188072,0.5990300331188072,0.9894434992849868,0.7377270063379572,0.9100934820668564,0.9894434992849868,0.5280563970206082,0.9346469313200958,0.5990300331188072,0.4835690699867703,0.4886980917871022,0.5990300331188072,0.9894434992849868,0.7377270063379572,0.9100934820668564,0.5633961173313276,0.5346794420241285,0.7472426688801707,0.5990300331188072,0.2521176559384862,0.4335321211212498,0.5990300331188072,0.9894434992849868,0.2807396442792171,0.9100934820668564,0.9346469313200958,0.4661897417525219,0.9116323727748424,0.5438640624529544,0.2755622005967595,0.4886980917871022,0.5990300331188072,0.9894434992849868,0.6509007888615366,0.6606640914956435,0.8284533899850415,0.9346469313200958,0.8568358048099515,0.5438640624529544,0.3393789727371439,0.4886980917871022,0.5990300331188072,0.9894434992849868,0.3000245569688156,0.9100934820668564,0.6958682010876159,0.802039236845061,0.2620676044573916,0.5990300331188072,0.4618237930185462,0.4886980917871022,0.5990300331188072,0.9894434992849868,0.2735665957277792,0.958180668565582,0.8901204465546826,0.7472426688801707,0.9894434992849868,0.4886980917871022
762_YAHOO_id_212_WebService_tr_500_1st_1055,0.3060527419335453,0.6613886805408247,0.7367332666004691,0.9974494848870854,0.9885283156423458,0.9512287365544192,0.5041797198765606,0.452037519648275,0.5896428962050382,0.5196538875409871,0.2910891830208004,0.6691438279693613,0.3457277109344779,0.8882007640792571,0.4571742548846303,0.737558840842262,0.3617743659931681,0.6374900843676887,0.4008411172461248,0.4668520520497825,0.2809876944622209,0.5864379489046992,0.3420673082682388,0.9796071463976064,0.9088297661930524,0.8718716209915399,0.3617743659931681,0.5430161538848404,0.5328689289360412,0.4984900221239682,0.3481094789236417,0.8101049307475531,0.3391375573698373,0.9796071463976064,0.9334087023902752,0.8820496803070141,0.3617743659931681,0.4482921402677761,0.4916692775981499,0.4762020556678624,0.3759512784728012,0.6785358792221085,0.3671381421898814,0.957304223285757,0.8095843565477021,0.8775863326593409,0.3617743659931681,0.5427106610485033,0.7424692402779428,0.3206614079550334,0.3759512784728012,0.6192610799038871,0.3450678979280491,0.9974494848870854,0.9751465617752364,0.8686519673003548,0.3617743659931681,0.4091070433645742,0.6784594723289356,0.6617690046697521,0.2860343048943173,0.766167394491234,0.3497616469346807,0.9974494848870852,0.4571742548846303,0.8810312068668584,0.7769142281611596,0.3958256338570824,0.6792844231906098,0.5860315697664702
780_YAHOO_id_230_Synthetic_tr_500_1st_893,0.7090556738661138,0.8098218959344405,0.9945415804609132,0.9945415804609132,0.813872968655699,0.602332081546781,0.7929040351413728,0.9945415804609132,0.93818550361646,0.6560091231577359,0.8087146420930186,0.936979964849058,0.5090623402634767,0.9945415804609132,0.6515903259861666,0.5926114325759517,0.915739680972938,0.6399330327650266,0.8899958656729123,0.5979423826470378,0.7703248925445944,0.9945415804609132,0.6146139917502895,0.9945415804609132,0.4831548112872724,0.627768061697486,0.8255072928423962,0.6697447757287284,0.8378751424042595,0.7839101924475589,0.691627311731271,0.9945415804609132,0.6208699794127583,0.9945415804609132,0.4595020344816508,0.6049787044139588,0.8992493326433006,0.9749944793150284,0.8518595142531219,0.6182494700003827,0.7291716972292868,0.8976697552968843,0.590644901850183,0.9945415804609132,0.4611480476675537,0.6478645539623987,0.8449610396794177,0.9551406307169256,0.8091267504890322,0.8667016773591031,0.7300928458182481,0.969642828998404,0.6384395512852472,0.9945415804609132,0.4595020344816508,0.5882667730584813,0.8491321054866147,0.915739680972938,0.853964073989888,0.6365667897110558,0.7885986187298455,0.936979964849058,0.6911482669027132,0.9945415804609132,0.6697056834503784,0.5560157373119504,0.9194103929765696,0.9551406307169256,0.909990996048424,0.6902118861156175
788_YAHOO_id_238_WebService_tr_500_1st_973,0.8840141077120859,0.998747139496074,0.7184887256821226,0.9817617810831072,0.610106158207845,0.8203463011622815,0.5020758573325758,0.6125748377553962,0.7099960464756392,0.7439667633015726,0.9222475366405536,0.998747139496074,0.4243722556145705,0.9817617810831072,0.7354740840950892,0.4280489906123645,0.773401893036764,0.6675326504432222,0.5851809062040609,0.5573026338163243,0.9222475366405536,0.998747139496074,0.3937282668728883,0.998747139496074,0.998747139496074,0.561632405006685,0.773401893036764,0.5486351415524551,0.4467229910746546,0.5995912167913554,0.9477255742600036,0.9308057058442069,0.5502599246718447,0.9223130266377236,0.9223130266377236,0.6009463049531094,0.773401893036764,0.5498406437084543,0.5656204999654219,0.5709687711418929,0.9477255742600036,0.998747139496074,0.3885510552553762,0.8713569513988232,0.8571677469425028,0.5613468728633593,0.5456718174463444,0.4354544341615569,0.7620210276418353,0.6335619336172889,0.9477255742600036,0.998747139496074,0.4479561037573533,0.998747139496074,0.5047112904598268,0.5276786107207379,0.5020758573325758,0.7099960464756392,0.6719973177117936,0.6590399712367389,0.9222475366405536,0.998747139496074,0.6505472920302556,0.998747139496074,0.471562489961894,0.560735824845144,0.5456718174463444,0.7354740840950892,0.6335619336172889,0.6190098922630792
797_YAHOO_id_247_Synthetic_tr_500_1st_893,0.968910683575428,0.7031827487306823,0.7405370745309275,0.7382777277127833,0.7529551700417598,0.5546477256110618,0.5790784029834971,0.8384194028525911,0.9961995249648952,0.7833603447343634,0.9614838724002224,0.8384194028525911,0.6249322370728565,0.6617934611292206,0.7188006059545569,0.4359291439251464,0.7580484799971565,0.874577347503327,0.9433170948515632,0.6272581255021501,0.9837643059258396,0.7709418919607967,0.5833502842962682,0.5546343221089326,0.582864365871845,0.5965240302197748,0.7971309480254445,0.8145486504535243,0.9961995249648952,0.6237808943756341,0.9961995249648952,0.7722462185138826,0.6187418415004703,0.7229166596582335,0.7188006059545569,0.5019699437232897,0.8347140893009165,0.9210366613259456,0.9556587991443726,0.6875620044737265,0.9614838724002224,0.8149458248162474,0.7184918748135661,0.8887356605120469,0.7067448455583565,0.4685376541433885,0.5521695886477617,0.9961995249648952,0.9151180733238502,0.8722972305763881,0.9317766276993992,0.7887143231802112,0.6394846540588974,0.8805894502516675,0.5209372220506585,0.4623232334277213,0.706089064551833,0.8789601286731137,0.9556587991443726,0.7045421759251854,0.9837643059258396,0.8647144945370842,0.6249322370728565,0.8185913377717257,0.5613844331249359,0.4682024867469443,0.792264427937459,0.8384194028525911,0.9556587991443726,0.7777828688807983
806_YAHOO_id_256_Synthetic_tr_500_1st_893,0.5128532647897386,0.8084683589276397,0.9955994747605564,0.9955994747605564,0.5944867108208758,0.9458134428685464,0.92900854269546,0.8732256948861421,0.9070970089585249,0.9955994747605564,0.7639198767365414,0.9955994747605564,0.6659592595792138,0.9650060297919528,0.6923456275986338,0.9552563755649428,0.9005455306854399,0.9070970089585249,0.9650060297919528,0.7631798575861842,0.419974289449789,0.9069598292422362,0.631756004241093,0.9955994747605564,0.5204712349270629,0.7599541883252556,0.8434746739820418,0.7835456277442701,0.9650060297919528,0.7847232290841109,0.6208799242308469,0.9955994747605564,0.6391723267264013,0.9955994747605564,0.5671561734551945,0.8547233554737467,0.8740633126205287,0.7847232290841109,0.9650060297919528,0.7335442994558551,0.5678310945679199,0.9955994747605564,0.9955994747605564,0.9955994747605564,0.8512733619817484,0.5738846770202046,0.9058319571709624,0.9038191398547458,0.8315036800577257,0.7743548567945877,0.6979009794424587,0.9089328124256228,0.754129784115507,0.8984676078332094,0.5065390338522622,0.4386926292258551,0.7394130990363961,0.871895478736176,0.9955994747605564,0.9955994747605564,0.5698040777513064,0.9346896092317514,0.8732256948861421,0.9955994747605564,0.5030828662835025,0.7165058513839886,0.5976996417403556,0.78612878106002,0.9650060297919528,0.9282992697344326
807_YAHOO_id_257_WebService_tr_500_1st_1210,0.7773435784529014,0.721584932313828,0.9063223840432584,0.7992361624149688,0.6734842034101711,0.6230135694929982,0.8668251724623225,0.982846981506342,0.9638545911534612,0.8062002472024129,0.6629595987005662,0.6708878672995979,0.9372144154592524,0.5066859178822668,0.5933988587334985,0.6847704435597863,0.8668251724623225,0.8697977381217542,0.772189045330231,0.7509073246109881,0.6817501208936464,0.6722233834547824,0.8679395956180822,0.7568962926962328,0.5929286283351654,0.6900209776952301,0.8223613938240553,0.989315645458612,0.9395034751538353,0.8634852611898589,0.6580090376402338,0.5851769992176653,0.9236847296611193,0.7800966577714371,0.6711027445995319,0.6318717211298288,0.8223613938240553,0.8930869588820908,0.6129146103952356,0.951979368540642,0.6686689446774077,0.683331925701526,0.9441429391419144,0.8105903732768346,0.5929286283351654,0.6636154911254366,0.8223613938240553,0.9719356859568452,0.9742838317353804,0.8875007509296797,0.6399362738328445,0.6693351735709585,0.9450749161335888,0.7150842632981709,0.5929286283351654,0.7048119478642227,0.1554047142500491,0.965960436435034,0.9781045068068168,0.8493011338682943,0.6709864041588274,0.6618963478269765,0.9384575270581096,0.7679554840810319,0.7364297753072157,0.6778353446413817,0.1554047142500491,0.974314413474358,0.9828137094619128,0.88749682152397
810_Exathlon_id_1_Facility_tr_10766_1st_12590,0.417161699590345,0.9885748818101272,0.9867038914336782,0.98203405206982,0.9820882549959834,0.7064175704947886,0.6663481234537115,0.96426466676537,0.9813619346669096,0.9929011335002706,0.4126169297526635,0.9757572975635797,0.9848617853084334,0.8254938004641956,0.9018360687426872,0.5624793793610681,0.5937330686541091,0.833998798419104,0.9656641617773613,0.9876795154657187,0.4101200618168578,0.9865201565627796,0.9873575709084128,0.929922844861569,0.9785107187000712,0.5815600765649612,0.7028064457895147,0.9570835939068508,0.9724906755138292,0.9871195574381508,0.4431590410884435,0.9859366591128302,0.9856040295095276,0.9263371947578516,0.9802661601706194,0.591495022046084,0.7228121066485418,0.956236891158472,0.9736697226406564,0.9877596533375538,0.3996067212524176,0.9855948670085188,0.9850331186250666,0.8916063283254083,0.9698533577825288,0.5861718431406345,0.6490333155528089,0.961015256235916,0.9702406511540096,0.9883842168323672,0.4115668404782007,0.9873222817811756,0.9858979315712484,0.953312643331648,0.980826165666408,0.6060999603563842,0.779328178065174,0.9450277441311784,0.9663211228225994,0.9865328357192322,0.3903504936585812,0.9865442852397056,0.986966148313986,0.9593918099612028,0.9807045443571772,0.5996139015923231,0.7823233214341383,0.9596321321990984,0.9721008029496854,0.9881418648222908
811_Exathlon_id_2_Facility_tr_10766_1st_12590,0.418788219501236,0.9871248319436962,0.9882159189336028,0.9581158254297012,0.9537247170663284,0.9416606809482152,0.982045646037935,0.9908417391377607,0.951554006241458,0.9849026314978312,0.4025732656949756,0.9951204256903464,0.9900334070654068,0.8943649842100126,0.8867286064156127,0.4632473835945499,0.9817756031423084,0.9691742414869832,0.9287377488177604,0.9859615691889456,0.4005425055113335,0.991003947010613,0.98983509334141,0.9541119532338204,0.9579120671952596,0.5954784862966088,0.9834987431023184,0.9872110734426492,0.949867929267345,0.98727051091226,0.3981412722397044,0.9893278559426552,0.9892498315303916,0.971228906880373,0.9445503629244596,0.6996701544816862,0.9838095877354472,0.982970790869972,0.9308456897703472,0.9842463699199672,0.3932991034323248,0.9885032299907612,0.9900622692257994,0.941888740259798,0.9388606303075432,0.3861947640782634,0.982344626970976,0.9847949023747816,0.9428405288818912,0.9856098765536772,0.4014164239195575,0.9890384611177792,0.9889844891101892,0.960325667649527,0.9712661566518258,0.7612390567498579,0.9822390994681662,0.9850751453483356,0.9502933488880836,0.9846473011573422,0.4082193166016289,0.9868218670679966,0.9869495865975408,0.9377781163412758,0.9507401916638756,0.746279242681302,0.9810577303247906,0.9869814004956088,0.948706231055159,0.984462797909212
812_Exathlon_id_3_Facility_tr_10766_1st_12590,0.4402608097535512,0.9647427527753304,0.9635726434021448,0.8985790391142223,0.9360112674629648,0.9510344133058312,0.5553656102148056,0.9555672135558816,0.944891620587642,0.958557164011037,0.4074367963388524,0.9628473596294688,0.9669446797894912,0.9022639463707182,0.9351780661391934,0.9484914740555876,0.5103033288366823,0.943872612812608,0.9124575081711652,0.9637952916481628,0.4295728819612728,0.9660442385653556,0.968868861375521,0.9024355624109094,0.9402929196826753,0.9529608213769706,0.5553656102148056,0.9568793491090528,0.9238903341094056,0.9677823157717508,0.411888991863493,0.9650105647025288,0.967976599167264,0.9100968609825631,0.93757998843234,0.9541203131527514,0.5103033288366823,0.957398004712455,0.9280198642173088,0.9633512258722472,0.4133519763939358,0.9651446103284672,0.9663621436990528,0.8987057694545876,0.937658115921964,0.9503584498198738,0.5084686501084581,0.9530594508112714,0.919970583449493,0.9656096852778432,0.4760199880285734,0.964967487525826,0.968158441787584,0.8974287617839949,0.9408674632370172,0.9524967141089516,0.5553656102148056,0.9570053333938736,0.9251959525883068,0.9602138150175318,0.4201272613004848,0.9636930635485992,0.9677705529702252,0.9106573125354834,0.9375167614392326,0.9537858840789228,0.529680108019663,0.9602381201751414,0.9277258401676524,0.9645290839154612
814_Exathlon_id_5_Facility_tr_10766_1st_12590,0.3725406264498161,0.9868438821655584,0.9913969591563416,0.9617693278441554,0.9535786202056727,0.9418949832202932,0.9839367946624162,0.9890478048383126,0.95340816355156,0.9847027236801928,0.4094758627309108,0.9924534809495668,0.9901630858344322,0.8937220696655117,0.8768858972313246,0.27935355679834,0.9833929465882556,0.9738151740295572,0.9364677015367596,0.9869188716595272,0.4162629280194992,0.9901896992685738,0.9868406856673216,0.9457094105135272,0.9651843866142304,0.51792276194691,0.9825609255116096,0.985950761317274,0.9395878519064182,0.98591213808403,0.4117875559113901,0.990267559712239,0.9926237282897058,0.9277971500522708,0.9318685278245712,0.6166369488501258,0.9836242112602008,0.9858842468200504,0.9379052611471228,0.9864179165390669,0.4219788474092153,0.9898665019498242,0.990214098218313,0.9521477932868506,0.931597998579937,0.2297090150680293,0.982075035667032,0.9832562321503744,0.936447835058291,0.9859533593181072,0.3971581455966479,0.9888571323331043,0.9873411366906716,0.9544171523713342,0.972018674011684,0.7463904108700974,0.9823187411425102,0.9826789487806612,0.951465824418857,0.984493104865069,0.4207385736899329,0.9868114521092086,0.986749479155544,0.9528413115452302,0.9434559807872016,0.6985367806749557,0.9822471764231512,0.9855240369144216,0.9502634623006756,0.9859169329488432
815_Exathlon_id_6_Facility_tr_10766_1st_12590,0.4590347711526377,0.9647512763275324,0.9656483805299004,0.8919623465132847,0.93589517479568,0.9492551005796552,0.5553656102148056,0.957511575971476,0.9409165991121956,0.9571782542522878,0.4303475176443302,0.9644466750690504,0.9669606980736416,0.8967449455775935,0.936713175084739,0.9498286582060907,0.5553656102148056,0.9472117055106656,0.9102568715982616,0.9635473253669692,0.4200654192665596,0.9652162931497944,0.9674186911416754,0.9066816712094103,0.9397534747205468,0.9522329643605056,0.5103033288366823,0.955558302594111,0.9259582539421162,0.9658145594814382,0.4343360213011045,0.963906024353426,0.9684798627252114,0.9070891227905388,0.9401574363608616,0.9517441550218044,0.5103033288366823,0.9571863610496094,0.9273183520845693,0.9662395724082904,0.3906605282878269,0.964054106345797,0.9676941166922304,0.8997913794949781,0.9390567819911751,0.9528396301064516,0.5553656102148056,0.9540175629107563,0.921153458250822,0.9652303841035708,0.409827372766609,0.9686943897540664,0.9629145565845624,0.9036386536985128,0.939523107765742,0.9507031991675188,0.5553656102148056,0.9571531419461986,0.9258715437900285,0.9679574105204476,0.4340026136765482,0.9646216914195757,0.9670720169952616,0.908064729083252,0.9382902303467092,0.9547219692446036,0.5103033288366823,0.9559959189804844,0.9284526613139096,0.965118956806467
816_Exathlon_id_7_Facility_tr_10766_1st_12590,0.4262571699754771,0.9924438095729796,0.987638260960562,0.4443515459896128,0.4216063597444535,0.5166584728300361,0.5115120861575871,0.6073638880804731,0.545482867256366,0.9875127487458396,0.4666468408922359,0.9908254547289608,0.9862111819473918,0.4553298666277471,0.4704199725980125,0.5192938785041025,0.5197218732040193,0.5073066252380257,0.5297232503963502,0.9897231289641408,0.4462685533565196,0.9905604802841402,0.9921369972845614,0.4786937853809378,0.4675630887519509,0.5167443618045846,0.5073287869777133,0.6660717402571177,0.555568468349408,0.9917255842975312,0.43332649855699,0.9893912510559428,0.986680742427124,0.4595420556192354,0.4702323534764789,0.5075611918655715,0.5186852948107118,0.6828790409544486,0.550034288296082,0.989880134351362,0.4459721674763531,0.990567483655496,0.9871680166740016,0.4427657607514451,0.4621220363839375,0.5200252847769685,0.5271737841508853,0.674335447911781,0.5402303500313667,0.9843383764762708,0.450246497566778,0.9910940888751258,0.9890481173877091,0.4793988266431514,0.4706205414079649,0.5174238776457041,0.551130519940016,0.740331633927704,0.5161328304103688,0.9879277718457548,0.4322247301624741,0.9902212437177552,0.9841112527995513,0.4475497563763937,0.4703964800089542,0.4911757753374923,0.5299993435918973,0.768565452667138,0.5127734143162487,0.9791144091136448
817_Exathlon_id_8_Facility_tr_10766_1st_12590,0.4448677530398102,0.9837070461897994,0.9690284715113808,0.8594084673735249,0.8982339273810042,0.9201256795831324,0.5092817118607015,0.8862994694252545,0.8074804094526087,0.9590690865334148,0.4053721080538123,0.9847966536467812,0.9796249235954746,0.8148153824395248,0.8907317217437524,0.8913508228543577,0.5092817118607015,0.8747700759948244,0.8731767502437946,0.9730742532248589,0.4347078945157035,0.9812280050625036,0.9609394895749136,0.8333458812177096,0.9105899216809022,0.9084131036855988,0.5092817118607015,0.9207495079871404,0.8842924668056146,0.983519905595461,0.4135027779008826,0.9818328781816454,0.9686439365187316,0.8472112356052116,0.9009069300085576,0.9216022429710494,0.4729562000379348,0.8957263447515167,0.8813336848895988,0.9748996375010062,0.361526028943155,0.9842523796780714,0.9627437496470468,0.8133850206166456,0.8867345631568792,0.901056519014754,0.4729562000379348,0.8555809515912951,0.8672446385498408,0.9757360389863636,0.4059675389298358,0.9862388347196682,0.9782905153279692,0.8411875470195227,0.903436250775004,0.9151951366937912,0.4729562000379348,0.6136247240377297,0.8586362309316624,0.9769073885543792,0.3899436743146351,0.9861474431946712,0.9621795146261828,0.862303214054101,0.8111027042292012,0.920165665293712,0.5092817118607015,0.8557010436239172,0.8850499896751188,0.9430213991906392
818_Exathlon_id_9_Facility_tr_11665_1st_13484,0.4052550152033938,0.9439012493535366,0.9439646726513108,0.6473243946823338,0.8587844144013462,0.4266478846737578,0.8937351286742267,0.9987847306671818,0.9990602323679866,0.9439270097200791,0.4144382524605991,0.2752849242695334,0.9899856176546306,0.3347097841144192,0.5422065660015731,0.4259777869076738,0.8061507896492186,0.998458735924106,0.9926966304602154,0.8969014806484936,0.4621623421964824,0.3328369506415903,0.9900167637316194,0.3127740250629668,0.610460791941324,0.3678140143168164,0.8271103124639478,0.9985606297642056,0.999065881070986,0.990010080148508,0.4670841171335894,0.3715171623424797,0.8968633176828131,0.2957272431552246,0.5744815232804087,0.3700553576225551,0.80785866776157,0.9985684721863792,0.998941673230647,0.9899951868752,0.4929786028902555,0.3752528043180109,0.9436879750530802,0.3140879062154786,0.6064626925494795,0.3624339321887543,0.8179619317347963,0.999165375240545,0.996513385778632,0.9900068887327992,0.4720530011077005,0.5817827154690891,0.990063168266491,0.2813673108218116,0.6030603535291408,0.4358390652237073,0.8331509730480232,0.9992596959702712,0.9987633053073626,0.9439710554827284,0.4619332046140307,0.4283152663806907,0.9438385712414216,0.3168890559342622,0.6471397663215698,0.3985274469481671,0.838334262810933,0.9992694327101732,0.9987881214613924,0.990030722195959
819_Exathlon_id_10_Facility_tr_10766_1st_12590,0.4136779669302503,0.9911581011885722,0.99311871799956,0.7353986135538019,0.6557261256668518,0.987156695928769,0.7755270576017391,0.9771153584689186,0.5989794580072166,0.9919242899030388,0.4227619221717089,0.9898199656361264,0.9922975780959892,0.6914088899166184,0.8313565043947759,0.9646820926107812,0.7755270576017391,0.9556766955603055,0.6201027645455733,0.9931726359650191,0.4428212337581197,0.9897615442855526,0.9905411766950282,0.763420508535573,0.871232772519001,0.971412813353637,0.7755270576017391,0.9780836212581396,0.6130484047979254,0.9913548625892789,0.4137230290163691,0.9906159026763566,0.993542549615516,0.7884349225199605,0.8819202702074984,0.9791834860207672,0.7755270576017391,0.9813227103931464,0.5835968732511132,0.991853112487681,0.3941791874062499,0.9892414252986774,0.9940478199454742,0.7778886219338821,0.861938923261367,0.9740640765930458,0.7559957880878675,0.9799502832942788,0.560499050537223,0.9918066010314116,0.3947138312060004,0.9903965762722255,0.990590000046425,0.7903318417337512,0.868175014507071,0.9737849249996268,0.7559957880878675,0.9863089114453636,0.5617335125192462,0.9919201426808654,0.3982387268243945,0.9909964002433408,0.9939652083053536,0.854612278707772,0.8845522169657186,0.9795782756674678,0.7755270576017391,0.9839356900790912,0.6109788280200089,0.9912864520507144
820_Exathlon_id_11_Facility_tr_11665_1st_13484,0.429149235547954,0.9968223605690534,0.9979007059771832,0.4942616770016389,0.7361878807670148,0.8632532128861535,0.9266965184657152,0.976006549790002,0.9575233215289386,0.9965217524089336,0.3950439414187706,0.9798994344346822,0.9911746941577646,0.2814206879516262,0.3289912762719826,0.4865989801198417,0.8696928469937973,0.9684602318325763,0.9351654833861188,0.9940801648484798,0.4349128030189953,0.9758128701872566,0.991762777721794,0.3628053313826678,0.4491329863189979,0.4577722975562525,0.8703853818881171,0.9803745599362444,0.9549333162670308,0.9953111129740752,0.4167606344544184,0.9778192600443448,0.9938048873631472,0.4259914554503581,0.5342918984199865,0.49170793633786,0.982278655967546,0.9702783061064556,0.9492096073839486,0.9945126389918488,0.4188690495097257,0.9833710801893264,0.9943114948460234,0.4523032887035648,0.2073074363035318,0.541054834089696,0.9821786207321488,0.9676940174831524,0.9450315942730838,0.9956463608186789,0.4390504874257778,0.9883687301189282,0.994543477228156,0.4280419340515694,0.5308612726202449,0.5598006973864919,0.8699251431819773,0.978849874792772,0.9545154114827186,0.9950026372042706,0.3981754542637676,0.9816346470794804,0.9938523376955556,0.3560751060136742,0.4843366521305515,0.6196350142972744,0.9828103417672124,0.9715843846517392,0.9466156036381088,0.9938550311104772
821_Exathlon_id_12_Facility_tr_6985_1st_7085,0.376749345214174,0.9691051709405398,0.9684540163448092,0.5421459931585144,0.5168320550406856,0.552429959464237,0.5002102541760336,0.9599715798091268,0.9188055042408442,0.9678932369820714,0.3970821957412718,0.6698559689822337,0.971407616167392,0.5236765435594748,0.506691398888076,0.5571885309047365,0.438088657499918,0.9581954443386412,0.841915184772492,0.9656820740330394,0.422051411517275,0.9337569999649232,0.9715063029679114,0.5275135132320887,0.5137493932962188,0.5280196611453458,0.438088657499918,0.96905661223108,0.9090400320779696,0.9675032885084698,0.4278489185876238,0.8999829393346458,0.9693407304769508,0.534356043231564,0.5211698431218041,0.5243996425284352,0.5129725952967442,0.9668251049781272,0.9450815943610476,0.9663499787464788,0.4106511226983479,0.8554237963991735,0.9716696304683398,0.5255228671747288,0.4987375657576476,0.5142814083063649,0.5129725952967442,0.9558938486892158,0.9335628810674476,0.9658089094257528,0.408354971548759,0.9648030519028497,0.9681243396371872,0.5221511914367484,0.5030544641619347,0.5443579165079975,0.5129725952967442,0.9687857785118944,0.9497624882186548,0.96464529282648,0.4269706634377303,0.9669121700066932,0.9685266382142944,0.5375339885644359,0.5084574193070096,0.5345120746880763,0.438088657499918,0.9655661681430888,0.9524088761828544,0.9668751170899136
822_Exathlon_id_13_Facility_tr_10766_1st_12590,0.4497917536728417,0.9833071434570226,0.9690655751760489,0.7962143427850609,0.8952653592371508,0.9183128686330928,0.4729562000379348,0.9321015323858822,0.8312898652312849,0.9540135646858348,0.4285814953476666,0.9839755555648836,0.9620313719857072,0.8165815941748096,0.8914533729836207,0.8995113513674015,0.5092817118607015,0.873183682028688,0.8617373844212811,0.9718298219863684,0.3716931618640836,0.9844594954535372,0.9814572986065376,0.8376997481503726,0.9074868883874548,0.906833287192604,0.5092817118607015,0.8701197971222929,0.8857281676637324,0.9834468889668864,0.4234412696948126,0.9819408062708196,0.9813172033386706,0.8561874408490472,0.8970032899174588,0.9189789881170234,0.5092817118607015,0.9097337002404036,0.8742245528421424,0.98369225922084,0.3935214279016953,0.981951008761084,0.9718361660421232,0.8259776978072655,0.8908584802630549,0.8963685029237282,0.4729562000379348,0.90572805014381,0.8685010620687256,0.9717078845695548,0.3926586484314484,0.9843556216245593,0.9623313211128364,0.8371154630973039,0.9064971515816088,0.9078305570242228,0.4729562000379348,0.6556364665351515,0.8517440119789381,0.9716224663436512,0.3737988674145461,0.986135672296342,0.962446692360822,0.8556777907455523,0.902059889955414,0.9215019031271118,0.5092817118607015,0.7081213136207282,0.8840538697665714,0.9598692888395454
823_Exathlon_id_14_Facility_tr_10766_1st_12590,0.4376291301104459,0.999956682369338,0.999956682369338,0.7816232153132203,0.9834249169844664,0.1281972935538418,0.7894940933782683,0.9955815125141928,0.9965199527328954,0.999956682369338,0.3816156293910741,0.9927209709834218,0.999956682369338,0.2875425514045702,0.6098300044442297,0.1187390001499416,0.7421354767936938,0.9956468373279008,0.9935145664792092,0.999956682369338,0.352421661643537,0.992555753283128,0.999956682369338,0.1952493181858149,0.6472008492582381,0.1183177773716784,0.7676022699712084,0.9940784053665772,0.9942666306809376,0.999956682369338,0.3899311282699592,0.9927725562496006,0.999956682369338,0.2084684955007162,0.6358996980232069,0.12038655085034,0.7625118874019454,0.9955815125141928,0.9943677306986922,0.999956682369338,0.3638627990231778,0.9739640409309236,0.999956682369338,0.1255185526519772,0.6367945181339606,0.1001452708664005,0.7569146663103736,0.995537647532738,0.9949972209020236,0.999956682369338,0.406049888363239,0.9925182107048458,0.999956682369338,0.1949804238738469,0.6634855678418169,0.1098338742605771,0.7207991558220174,0.9964463085759188,0.9950642351512378,0.999956682369338,0.4407070057030644,0.9999048071560712,0.999956682369338,0.2396525081682939,0.5838902075153203,0.1119650055837161,0.7155150046491626,0.996149985811799,0.9912729639140224,0.999956682369338
824_Exathlon_id_15_Facility_tr_10766_1st_12590,0.4411542246904955,0.9877492289069576,0.9870283034813676,0.9715407137428445,0.9681492262879442,0.9873174128974568,0.5092817118607015,0.973924426350158,0.943046864671992,0.9887999123810574,0.426968142585557,0.9870639592113668,0.988175955536972,0.9450595588645772,0.9682532934958852,0.986027435770023,0.5092817118607015,0.960651320444283,0.9390506754076078,0.9876937830904642,0.4064303596811631,0.9875875950080344,0.9875209330447104,0.945212175655347,0.9683607574095108,0.9862899562123612,0.4729562000379348,0.9712089389403812,0.9374109353195906,0.9879643703699282,0.4521471877984002,0.9883008866608292,0.9876137818242632,0.9481120171543655,0.967744893700986,0.9860038186651068,0.4729562000379348,0.9667519819490256,0.9346734704372492,0.988403766853326,0.4032408055285279,0.988106649316922,0.9884476536939254,0.947664890885374,0.9680934812416772,0.9849641714213636,0.4729562000379348,0.9683211483279264,0.9321358426214302,0.988312136970523,0.4162513711111829,0.9890939856698628,0.9892807389614748,0.9470557914941504,0.9680900578533992,0.9863636621262788,0.5092817118607015,0.9673568797061542,0.928938070657263,0.9874943672015604,0.4562255398591317,0.9883851800792388,0.9864247524807226,0.960478188852807,0.9681207518112056,0.987638152907411,0.4729562000379348,0.9735522850459196,0.936430444824001,0.9880934538082488
826_Exathlon_id_17_Facility_tr_11665_1st_13484,0.4309825392613527,0.9925644979565912,0.9977852909795276,0.476182369608042,0.7248945431558128,0.8306055905343044,0.9271007086942388,0.9738801530033084,0.960395065134696,0.9958438053180138,0.41972047078139,0.9816759358294884,0.994689943126418,0.141500421896606,0.3380792486604785,0.4808462934274692,0.8653016293468101,0.9675812886667716,0.9425504025775,0.9931491994296342,0.4284729228748208,0.9799606427056736,0.992168757725673,0.3597400969022065,0.3847142513419248,0.5700329416495366,0.8692076694077205,0.9816834657526268,0.9532157924279816,0.9957610129126984,0.4266681352497803,0.9855435230734944,0.9924596105392166,0.3233234012231759,0.4552379865618578,0.4815644335852529,0.9772977398362656,0.9779241544887928,0.9552747942463924,0.9950049508635228,0.4345641782593689,0.9832084958752308,0.9955609834243904,0.4979573777657387,0.3464756872834614,0.4770341998541558,0.9812112598315244,0.9778689660702042,0.9416979256365074,0.9959576726995572,0.4055957541539925,0.9792788869520448,0.994857816173388,0.387197197662906,0.5073699752352056,0.5790388287775803,0.9806990574546768,0.982444759477594,0.9520238274187012,0.9928837889853828,0.4128463212931205,0.9873377134560708,0.992795491385948,0.3773682870310985,0.2278513574808857,0.6974191291716715,0.8712712552040283,0.9804354123935224,0.9520133055208778,0.9948029067750868
827_Exathlon_id_18_Facility_tr_10766_1st_12590,0.4468112869242941,0.9881418174799927,0.9872509822011474,0.9749392476891412,0.9713999079097204,0.9872819851123912,0.4729562000379348,0.9648418816626844,0.9433738176307104,0.9883810708693928,0.439659322814153,0.9874095741301724,0.98838095724537,0.946803860385972,0.9684467149335848,0.9863731047549624,0.5092817118607015,0.9613353343042064,0.9417801005685223,0.9883824860026368,0.4445235625633508,0.9868772197330752,0.9867474078011976,0.9459509176879586,0.9683340854592428,0.9870683550902508,0.5092817118607015,0.9700875323060968,0.9389458198781558,0.9876506885113674,0.4380770325691934,0.9887453704208486,0.98874614094841,0.9500364209030042,0.9682265649872914,0.986611896639484,0.5092817118607015,0.97131627104737,0.934767648157693,0.9880726698428434,0.4196124102576866,0.9876344945653672,0.9871374230624066,0.9412029662474288,0.9681023515729,0.9861299369755806,0.4729562000379348,0.9689254072673296,0.9313328337509128,0.9882478649904578,0.4007935563728313,0.9883783973547688,0.9881827802635996,0.9398117133672796,0.968132478367976,0.986456626421499,0.5092817118607015,0.9650378488603224,0.935150550827768,0.98784962268444,0.4229022105228571,0.987275227244668,0.9863587788432292,0.9631489557072054,0.9680845499538552,0.9876477899839196,0.4729562000379348,0.9686607086234378,0.9328406128553696,0.988014918005634
828_Exathlon_id_19_Facility_tr_11663_1st_13482,0.3941965765122432,0.9925334668303422,0.9977059910532976,0.2961497308141696,0.5259883857097578,0.5612421955348499,0.9534484957983826,0.8720002842427571,0.7125729976835072,0.996915050444378,0.4122303158371735,0.957507028933656,0.9937577587889946,0.1616028284697221,0.1834874549177576,0.4192795553987848,0.9287015254322868,0.871446759831253,0.6738148956320839,0.9926602004398,0.461833964341428,0.961296742293186,0.991410441540155,0.218662754424628,0.2388947118102951,0.2484637900659049,0.9740716517748536,0.9567555410191276,0.6917885097842487,0.9904670649788524,0.4382762469872976,0.957740432825968,0.9963735593859558,0.2553017601763011,0.3043420289752009,0.2393656368798002,0.9735904720122696,0.942880631476516,0.6724638677714525,0.9956288313891638,0.4381646706298543,0.9563314416275898,0.9976334995124428,0.4859774543907771,0.3000825493171429,0.4575082556385433,0.9282463504195816,0.9465013990954216,0.6339205812264105,0.998080240154158,0.4543400750465497,0.9617273297156044,0.9965264534730818,0.4300117864613341,0.3038215481222643,0.3407011913522074,0.9745515852501486,0.9530286073939088,0.6583146271749947,0.9970200790496148,0.4369671495653119,0.960964053635685,0.9966870434419688,0.3074673430425659,0.348595990801286,0.4314891545518088,0.9531611162269352,0.910208593021569,0.6570118062658298,0.9970289253311752
829_Exathlon_id_20_Facility_tr_10766_1st_12590,0.4156888452647061,0.9920946339577964,0.9877018066141984,0.4559486424213304,0.4257514275986851,0.5180166687307821,0.5624931178516169,0.730858601956698,0.5413203688543365,0.9874903659536884,0.446827877052793,0.9901817975069248,0.9862457920900588,0.4769718817412128,0.4702799389631416,0.5258222437082928,0.5208120345293186,0.5364721208197876,0.5447185998910314,0.9886748225650898,0.4641050843926405,0.9902553098292012,0.9897973015026936,0.4724683696511253,0.4703060398258744,0.5154149153434898,0.5332485015477487,0.6236668352231184,0.5390837709905548,0.9917739376668506,0.4396586271697057,0.9907654423692088,0.9879110049630088,0.4512852825205186,0.4703609615654562,0.5160454257338961,0.5116488819652653,0.6762606321792793,0.5372099330419192,0.9856237664949206,0.4321732186494376,0.9915502386424472,0.9883320408613806,0.4709127031985994,0.4635866813553762,0.5168302425063976,0.521526585683846,0.5792053884240888,0.539564356409081,0.9823101123204512,0.4409962083033231,0.9914951231832584,0.991324446130677,0.4677129377365583,0.4704889920753805,0.5044278377964652,0.5186810587449188,0.7656297335770025,0.5449412469900637,0.9906115669815478,0.4942784985693699,0.9914805761767216,0.9823293585562716,0.4500469384139292,0.4704808729268803,0.4971870335671752,0.5327522614840827,0.6567728565863521,0.5171230614786038,0.9824864389198026
830_Exathlon_id_21_Facility_tr_10766_1st_12590,0.4315639438317822,0.9698273074623208,0.9970697084637772,0.1275177029017628,0.3542600511600366,0.8927933231663122,0.981057440429832,0.9737874344873632,0.930954452415958,0.99744191852766,0.3624066497898949,0.9344672188407036,0.996870172995446,0.0771555574643119,0.0653868476964738,0.1076759739180896,0.9781526698010062,0.980686244555541,0.8714319893269149,0.9919557588528894,0.4287703791374221,0.9536697009165016,0.996640712089973,0.0893768828226536,0.116803412050933,0.1503609013901676,0.9811172336457922,0.9847441349893474,0.9082201453056076,0.9965666069485658,0.4087314017580707,0.9480550819853878,0.996870172995446,0.1010686653437877,0.0619137348139669,0.142432861918729,0.9811691196381708,0.9819164694447764,0.9117177925590648,0.9945437973186492,0.3910916777117971,0.957269345282832,0.9970087613429178,0.3080740833830439,0.0656825088452676,0.5169902095228671,0.980683060770284,0.9873361995479366,0.8797123263949528,0.9984795696805258,0.408581841776756,0.96782053729768,0.996870172995446,0.1977790541982744,0.1483991883350469,0.5073054425892972,0.9812175348681828,0.9868678741015424,0.8997631184450502,0.9925974162331268,0.4113496617840984,0.9321653261707088,0.996870172995446,0.0581861803082204,0.061747753279886,0.2009953727292136,0.9812175348681828,0.9837834992169944,0.8850800447868579,0.9965948310415402
831_Exathlon_id_22_Facility_tr_11665_1st_13484,0.4126392659593745,0.9908916143338214,0.9975461451211312,0.4975392364128024,0.7271275861375173,0.7467554119611883,0.9262217510146326,0.9818951467308727,0.9604955850461898,0.9957327095813432,0.4207428609386619,0.977596039461099,0.9906989721037108,0.2492630613602997,0.3170174119057958,0.4426647476664838,0.979721292585842,0.9678045036998716,0.9385145492655304,0.9948801321324262,0.4394750646918017,0.9786380323998386,0.9913382794784492,0.1959418938017057,0.4149811567929017,0.5417391222862908,0.980804502997629,0.9829441695401796,0.9551029164467684,0.9956091681145396,0.4288133970457884,0.9748684028517636,0.9941194727314564,0.3281495959782198,0.5450492716618586,0.5994723728340602,0.8728279615646884,0.9751775075427828,0.9558144558473454,0.9944222370894826,0.4375399602544816,0.9763452381294344,0.9959596247962644,0.422650406860244,0.1956437242072717,0.5258170419036439,0.8703202222257066,0.9773874810421426,0.9430653740873952,0.9956754324911964,0.4239855192358488,0.9869528928126132,0.9953914047322316,0.4176566112143021,0.5307011143927286,0.5160584731585911,0.8688314882183975,0.97448268542964,0.956341554884291,0.9943790303986818,0.4118556861867519,0.9837893424717394,0.9931873199819028,0.3095623694853099,0.5045161573367873,0.5941256524413852,0.8717740521328913,0.9774757199168436,0.9522378100579078,0.9943026090668416
832_Exathlon_id_23_Facility_tr_10766_1st_12590,0.4229636942070816,0.9925690744853584,0.9856499365231938,0.4502752772213106,0.4204344792376411,0.5182444849753173,0.5597161681850747,0.7621371235865536,0.554668901055169,0.9825035545229236,0.4441101012728683,0.9897208633415822,0.986030609840526,0.4788333925915938,0.4707682701474632,0.5259634649568037,0.5130694477279175,0.4775357477488894,0.5476337644145818,0.9876488060392395,0.4366460752800975,0.9900598566014036,0.9903112159607108,0.4736124707985233,0.4702838308366877,0.5076426954525163,0.5150727709936163,0.5780715812737092,0.5487715415133034,0.9900130214332766,0.4424525010979412,0.9916341040689371,0.9863384836900058,0.4559422709314993,0.4487477537940071,0.5179755250060526,0.5156050333056809,0.6070014925844963,0.5620534821025553,0.9838519813515744,0.4146946974747164,0.9908495265904236,0.9864694340010208,0.44533326178249,0.4726234788163589,0.5224160785522728,0.5373546475298763,0.5979301978805048,0.5453044252052457,0.9861484768814648,0.4442161021858284,0.9906102496342996,0.9884323073274096,0.4535325544967393,0.4422484656809225,0.4995445468602339,0.5248054333106427,0.7898092728900026,0.5480994427677444,0.9892494576031752,0.4273437519791656,0.9905106429701926,0.986836812604757,0.4522146274390196,0.4546223365108569,0.512130842637454,0.5266783675892763,0.6590206211240616,0.5094727922560959,0.9885759400365236
833_Exathlon_id_24_Facility_tr_10766_1st_12590,0.4179484785560651,0.9652785529497644,0.964198532926208,0.8919008477407867,0.9405068255994068,0.949439650147216,0.5553656102148056,0.9563402644681852,0.944192954924215,0.9567751923162864,0.4302436196885215,0.9631801378801608,0.9681640976212924,0.8941863715500704,0.9380741163450982,0.9474713546636888,0.5553656102148056,0.9436112700712354,0.9102327498710624,0.9632147750802896,0.4361452697204164,0.96770506373635,0.9681688143339564,0.9087447364559588,0.9411602474255552,0.9561693278316146,0.5553656102148056,0.956120862393664,0.922990270712838,0.9678461449428736,0.4318285974276346,0.9659669176115911,0.9684447310723264,0.9140051762053508,0.9396369508492524,0.9501105643851726,0.5103033288366823,0.957298193904556,0.9292231254600872,0.9643736350511743,0.4155454847729494,0.964714312076283,0.9677287656797,0.8993434664818187,0.9419300613067784,0.954622273592388,0.5084686501084581,0.9534997903049488,0.9203644623756784,0.9647819355845756,0.4021352941684338,0.9638390889654964,0.966374343999803,0.8982657717355959,0.9381957022014584,0.9588826291101874,0.5103033288366823,0.9499655872931242,0.9269857444662992,0.9693397117412648,0.4264911195104839,0.9646699892845162,0.9680579821326764,0.9134774052445932,0.9378528975272388,0.9527056497625171,0.5084686501084581,0.9588409423440736,0.9292568865721298,0.9635343695015962
834_Exathlon_id_25_Facility_tr_11665_1st_13484,0.3937872080125006,0.9925552012583329,0.997709109112159,0.5414655077545025,0.7295011454368013,0.8177344026304892,0.9264954990741536,0.9728240287526622,0.9616165694417116,0.9957584164637115,0.4067537211415711,0.9784767631260683,0.9918245880414812,0.1488142379468894,0.3684715481263764,0.5728855713667322,0.980985408114696,0.9698591632710974,0.9354391311484834,0.9928087421425016,0.4114183630040574,0.9808628729521286,0.9926799061436478,0.335286656563479,0.4364356546126732,0.5657080796348939,0.980486631772868,0.9796631125462638,0.9554121061737658,0.9952311713491264,0.4188671830294149,0.9775962770794392,0.9942062797340128,0.3108600731777325,0.4864142369146714,0.5310899132962124,0.8669501407465167,0.9683660027471476,0.9558078393470402,0.9960546751639782,0.4177135814684309,0.9820287087061176,0.9959596247962644,0.4720658106058412,0.3169395031985796,0.4883905734092059,0.8716577100148564,0.979561636573153,0.9524474543226066,0.9952880708108351,0.4199542858334792,0.9832755214459484,0.9937429971948336,0.3885956313643888,0.5177755950309865,0.6113889196019879,0.982139675067924,0.9685359953441556,0.9555357287138756,0.9941040012304824,0.3858414109986666,0.9849462898428144,0.9945460807558651,0.3962851295741172,0.5142419547021138,0.5806604954483204,0.981880151427392,0.9797428114021725,0.943052927599665,0.9927597482129517
835_Exathlon_id_26_Facility_tr_10766_1st_12590,0.3852235249806844,0.9849976040858608,0.974413032136441,0.9004889584601983,0.8661072856216944,0.6722753576579155,0.9711650433773976,0.9692822985977236,0.5683951290852762,0.9841963208365192,0.4414005557449866,0.9062207093733472,0.9889717292199364,0.7768765158348325,0.7423216403941898,0.6180320085374922,0.9716477695924762,0.9378333356774384,0.8702675612765893,0.9850301873912252,0.4104692932001719,0.948202369101116,0.9876830538779634,0.9128806537925036,0.9014122085656704,0.519095444611972,0.9714677359951156,0.9612058466863908,0.9094289375553004,0.986423575094702,0.4002416151616085,0.9544245627364046,0.9859255748159488,0.9317833190745304,0.597532202955065,0.5434671876642805,0.9716144116305236,0.9672011987546322,0.9051173208586318,0.9855429247811288,0.3856692833968953,0.9455992052478002,0.986302570339354,0.8619237753503958,0.8504064251428609,0.4748267472625484,0.97154447134969,0.9297597441022214,0.9134751427274508,0.9840046055244503,0.3603276923647966,0.9524705602879596,0.9896621902465904,0.9542171831256084,0.9379060868027512,0.5983238248002699,0.9716956821351146,0.9391957793252887,0.8703044108518747,0.9844632123614462,0.4182082252363884,0.9565389875220348,0.989529677868377,0.9322096370913396,0.9495025873625076,0.623611792877333,0.9714516747541756,0.9638612979393496,0.8432343783091009,0.985403328122056
836_Exathlon_id_27_Facility_tr_10766_1st_12590,0.4791427296423735,0.9650068539604406,0.9647848768983428,0.8862628393450437,0.9397011238735866,0.9505258657085072,0.5553656102148056,0.9565735752459684,0.9434491832940164,0.9564669611762996,0.4079529973185906,0.964022462242455,0.9665018647848672,0.8998529445832185,0.9339659680445614,0.947689814468754,0.5553656102148056,0.9476784301670494,0.9123890522409744,0.96400137348256,0.4381836102611859,0.9648772410149024,0.9678250020105776,0.9065859109304912,0.9422578778967056,0.9531052414459548,0.5103033288366823,0.9555042330280192,0.9212848741273248,0.9666692667406518,0.4285132848654649,0.9649358468592464,0.966901164540896,0.9062005785357666,0.9280071262397724,0.95017660862163,0.5103033288366823,0.956640624199269,0.9260174964405836,0.9641310300675388,0.4272620908503108,0.9648813986827108,0.9692661061971252,0.8992484633521381,0.93967740861077,0.949423549223326,0.5084686501084581,0.9513351899746764,0.9193279085862944,0.9643966440130096,0.394358694379517,0.965410908121771,0.9667267172841644,0.8987551342850564,0.9371680046581372,0.9526332161926172,0.5103033288366823,0.951252191888826,0.9241226155384008,0.9669437559747752,0.4340666710980444,0.957494996869209,0.9661201849936242,0.896901075044946,0.9350271199049645,0.9538161530094686,0.5103033288366823,0.9610117787215984,0.9323739771962242,0.963974618834488
837_Exathlon_id_28_Facility_tr_8898_1st_8998,0.3712258759649556,0.987166817987804,0.9917836622027464,0.5166509075679361,0.4204644893675702,0.6218642614025565,0.4299371080060774,0.993203454228557,0.9439147921836936,0.9927553324502346,0.4631943598756937,0.6927249773144496,0.9913016484553197,0.583542966360807,0.4456618205992101,0.6299387177436357,0.5313213785397427,0.9945863053622253,0.7926568797320678,0.9932627418137938,0.4991432418804785,0.6137400763111521,0.9867886718504332,0.5511358346590202,0.4464178120528839,0.6333807164316209,0.5313213785397427,0.9940560433925376,0.8259082437144274,0.992338632973826,0.4341978276229886,0.8165262531126812,0.991798077811013,0.5758269303203148,0.4387848709329307,0.6241067030129281,0.4299371080060774,0.9926457467113716,0.8576543132276898,0.9930860995140776,0.4641894826619979,0.7857797410244151,0.9893568885300554,0.5468848232341532,0.4313565440532657,0.6274972991474685,0.4299371080060774,0.995196810977506,0.925723905660527,0.9899018979817524,0.4173751416511989,0.7496062046908082,0.9936541776442148,0.5647878864021848,0.4338530187689706,0.6221079028981815,0.4299371080060774,0.9927849281325768,0.8429328493264713,0.9861674588607864,0.4516817087351475,0.6701806856227998,0.9920127065707294,0.5729620736762615,0.4750328471061155,0.6274130859368477,0.4299371080060774,0.9932638520256348,0.9006113650097864,0.2497902639222448
838_Exathlon_id_29_Facility_tr_10766_1st_12590,0.4651698296032277,0.9836083759691652,0.9651942887515916,0.801493129071773,0.8948004843796764,0.91944991035572,0.4729562000379348,0.6980032730433995,0.85318286210282,0.9573609698570724,0.4258489855515691,0.9819870358355044,0.9678292136084252,0.8129576805995584,0.8922698210916935,0.896253609384787,0.5092817118607015,0.857540065259644,0.8767857174666415,0.9794826901806132,0.4441589880299431,0.9834047884533924,0.961961268621459,0.836679069891905,0.905294966661604,0.907679088498855,0.5092817118607015,0.9114682499217054,0.884716924412169,0.9729099332521076,0.43550443872367,0.9813475445509288,0.960529530075071,0.8519886285282663,0.901577203656413,0.9153614495134754,0.4729562000379348,0.9167136254333698,0.8805537041499647,0.9777934574259728,0.4036789915811283,0.9834096364681328,0.9625219688468596,0.8142119560628309,0.8891115572257202,0.9032867904957568,0.4729562000379348,0.9182392047169312,0.8679158620441733,0.9729995187664612,0.3745336996099965,0.985121829626078,0.9630349940527656,0.8327762168240632,0.9137263346807236,0.908413718046212,0.4729562000379348,0.7315319587322363,0.8694376830163617,0.9633557269325784,0.4127741493421883,0.9859959500878372,0.9792297679835807,0.8532082594060064,0.9009185708286928,0.919563634765144,0.5092817118607015,0.8364886289072667,0.8819788884887555,0.974607030472323
839_Exathlon_id_30_Facility_tr_10766_1st_12590,0.4258449623187649,0.9922813726522378,0.9890689933173366,0.4553985018514703,0.4247338250009581,0.5201739589326887,0.5226087911180961,0.5505481552622178,0.5333464707668127,0.9874080212037406,0.4537516314469061,0.990434697846012,0.9852768713404052,0.4592872182909301,0.4717465142924926,0.5143947504305543,0.5209188202791174,0.5106219571834982,0.5490771563829565,0.9889616325033744,0.4694274365716794,0.9913284223454968,0.9916798233996889,0.4707417423174052,0.470338858028862,0.494396307523512,0.5008555643979867,0.6021004817019142,0.5542296057841738,0.989599657018357,0.4486693806148944,0.9917190464596822,0.9891060725932012,0.4478250099530209,0.4703396510310389,0.5125028808738178,0.525264647938247,0.6749590286623753,0.5368775967393113,0.989892913283768,0.4362543653308738,0.9909785147442226,0.988347716043561,0.4430190594668635,0.4684629424795073,0.5262427101202939,0.5241295351945332,0.6495152407667705,0.5479992208130976,0.984841025057527,0.4404573427453542,0.9904227360865576,0.9879558892797408,0.4677422201024417,0.4705789524464508,0.4922145084570735,0.5412274637814414,0.8394421419132219,0.5384022449752459,0.9900370719537664,0.4155665593911476,0.991192950466035,0.9891294086276584,0.4508253464687517,0.4422481475977532,0.5072071669166343,0.5195608159805782,0.7995151296253666,0.5305704088219947,0.985358162399892
840_Exathlon_id_31_Facility_tr_10766_1st_12590,0.420625053759894,0.9877992962288128,0.9874233411162372,0.9723762172485092,0.9709219570720162,0.9870471205631226,0.4729562000379348,0.970516717470155,0.9428129738188392,0.988593606292492,0.4285399899689565,0.9877270626612078,0.988095019830916,0.95131070842691,0.9683785307493928,0.9865024064933744,0.5092817118607015,0.95998662764124,0.941186551258533,0.9879759849553288,0.4354345282031071,0.984668154011037,0.9878597499003908,0.9475228914090196,0.9683611326684504,0.9856452426462956,0.5092817118607015,0.9720681037273852,0.9362613258994325,0.9878988996769742,0.4369519485598648,0.990024436766965,0.9881312282815198,0.9551492411877166,0.9675936571470504,0.9870464280787736,0.5092817118607015,0.9701236073412276,0.9359548798968138,0.9883730100490976,0.398672320312952,0.9876206229090424,0.9885653097183926,0.9461690759449278,0.968129056200604,0.9853769734738586,0.4729562000379348,0.9694803048742984,0.9337119431944352,0.9880026612783532,0.4263966163566666,0.9902480395431824,0.9880188674268656,0.9550450447241648,0.968111596920387,0.985975359190637,0.4729562000379348,0.9690110938044384,0.9351238550304348,0.9877707341294972,0.4092578668181224,0.9868023274675172,0.9883420055410658,0.9658447773082116,0.9682289896382488,0.9878214096558068,0.4729562000379348,0.9717536400171828,0.9330455945206264,0.9881612113831448
841_Exathlon_id_32_Facility_tr_11663_1st_13482,0.4056750614171436,0.9953181753094472,0.9977178686229218,0.4182471498294811,0.902879293388272,0.3003877348300376,0.7752791756060313,0.9967469460393577,0.992534012812986,0.998140679832806,0.4179076676606568,0.3768880093574765,0.9971739526612324,0.2476737923325563,0.4734444009774154,0.1874614365589033,0.6987643591676028,0.9908535201860494,0.9034879069498912,0.9970906557035208,0.4322758134503065,0.5152490633381481,0.99776246735404,0.221098846197112,0.6501328877318059,0.150621516924144,0.6808277487941502,0.9928291921971008,0.9665680276951192,0.997342639696476,0.4006566631561416,0.2199975046392441,0.9974607753605564,0.2504891093513675,0.4513767951583102,0.212817544672283,0.7050006333065816,0.994555548137592,0.96702283975759,0.997676381793929,0.381553731244402,0.2617990845677344,0.9968699180344022,0.3236298604746189,0.57953338007003,0.1729562812150859,0.675016849848177,0.9967852562409832,0.9767759897097834,0.9977250584259868,0.4362530158891514,0.5243749278404751,0.9967941808828458,0.2453955152515006,0.4523707219181211,0.2021549011187446,0.7447494586201918,0.9969815360973748,0.970124708849345,0.99739872051826,0.3994528129742871,0.439433017922469,0.9962061279179312,0.5644896516950008,0.5380067677940169,0.1702854542630177,0.7511219897818325,0.9977077496254416,0.9642743683153692,0.9976760420485068
842_OPPORTUNITY_id_1_HumanActivity_tr_7295_1st_27516,0.6118883369491223,0.9878086859504868,0.9992076821590248,0.4369933507638956,0.7653406001997332,0.1750112445297282,0.5289435882654582,0.7711444042428227,0.6331506371271958,0.999861095043218,0.7149655075978235,0.6003728021214318,0.99985960050767,0.2095832449787513,0.2092483254013619,0.114769797748308,0.1773143424421229,0.7781045278484844,0.2787127368649137,0.9993071139487522,0.7267465955113882,0.5627096694025301,0.999861095043218,0.3433210642015017,0.2090760757134208,0.1355863272405864,0.1800127839391681,0.8874594105422708,0.3233603944745212,0.999204693087928,0.7215945038275757,0.5808100204811707,0.9998506332943804,0.3638489196974808,0.5261560528305589,0.1139344825232024,0.1903344687235943,0.8561796981103451,0.3513109590039948,0.9992076821590246,0.5698670727128917,0.6072474748956819,0.9998543696332508,0.3836736316953404,0.2090760757134208,0.1273529205844763,0.182281550474819,0.6956102472523281,0.4627556871744996,0.99985960050767,0.6783417398702888,0.5810270655638518,0.999861095043218,0.3870568151621368,0.697060226887885,0.1393452142854355,0.1884986858769273,0.9194171652818152,0.4377174171569501,0.9992076821590248,0.68144415370218,0.6184832388435627,0.9998543696332508,0.3832623739212828,0.723091821198893,0.1199456497688394,0.1855640373121205,0.8719076289437231,0.443329872626641,0.999861095043218
843_OPPORTUNITY_id_2_HumanActivity_tr_808_1st_908,0.6296684808731774,0.1393078660188514,0.9976594930247064,0.7943787399638182,0.2857650654336474,0.707709826069831,0.5636516114448136,0.5852560739232601,0.2445634424302686,0.9967333778421712,0.575257028635284,0.3828513349405708,0.997003630900542,0.768405096355406,0.2453109261544165,0.8608322302022505,0.5523108488518177,0.7307182725231633,0.0733839564543936,0.999870285317348,0.5504413717300466,0.3179454128890513,0.999870285317348,0.7849501403064204,0.3057720118075671,0.8671220748741411,0.1728599343779802,0.5420696282493859,0.2472626439738356,0.997380210321036,0.6350121548586548,0.0830136543142103,0.999870285317348,0.130663798736431,0.2453109261544165,0.1941095132380754,0.5606342781076803,0.483501399640189,0.2327905520931401,0.999870285317348,0.7047560564770206,0.2951428427672113,0.999870285317348,0.2828102164285592,0.3057720118075671,0.2253460736425345,0.5603019672087111,0.4689731360984492,0.255544277050408,0.9992409845039476,0.5336362011781365,0.363429514102248,0.989857209309317,0.3606506742022963,0.2453109261544165,0.3016097418156315,0.5606064100856631,0.4597350306607012,0.2388844273626645,0.998762253049414,0.6129916189148323,0.2840914313182256,0.979630266609942,0.2299138921699464,0.2473324553011087,0.2709504390129502,0.559792178493122,0.4723279140728136,0.257905941917998,0.999870285317348
844_OPPORTUNITY_id_3_HumanActivity_tr_500_1st_566,0.6003276782702147,0.1544609562186469,0.3112697185624216,0.6771624705819348,0.2848082966635559,0.4497798414409809,0.3979595940288081,0.5666648387254443,0.5309829424149888,0.265855358224524,0.5676611180940321,0.0384750803304768,0.9786592491633256,0.6008282432766338,0.2439845165925978,0.2747714236287332,0.0573435047448393,0.4978620457544788,0.4584112617071018,0.0381733842274777,0.5652869656589902,0.2916878606514691,0.3769689372007785,0.6361881306240869,0.3152069232254407,0.2308559327867028,0.0573429839837544,0.5423217723665035,0.5031962014484813,0.5474723839921883,0.5754561456760426,0.0671203365328057,0.3414417015455079,0.5327841605912645,0.2440890490891807,0.2859574317385067,0.0573299383390405,0.5239528610593576,0.4866658745636915,0.3540390228455112,0.6811056629600348,0.0709368703750806,0.3445127202444985,0.6322325085539655,0.2785806239910007,0.2664804420853586,0.0572787180518125,0.4232352075096234,0.3674592999340802,0.3463018985193086,0.507791257400223,0.2890925223358386,0.0817854937152266,0.664590744006528,0.2440851207884699,0.3992369244788626,0.7414663623541604,0.5365543510682922,0.4261952940533884,0.1710442666150104,0.5779698646015369,0.0694881711667738,0.3626451242704642,0.6049273381250291,0.2642222516604023,0.5480137533079801,0.0573002271327373,0.4776628766921016,0.4581061973939325,0.3553439353051653
845_OPPORTUNITY_id_4_HumanActivity_tr_7295_1st_27516,0.7545304959187331,0.9042338011322488,0.9939135788309432,0.4293775702335898,0.849661434706098,0.2356393737232997,0.6222157768691614,0.905600795908877,0.5480769630888739,0.9939135788309432,0.7929526500514176,0.2184364695716816,0.9995327481142816,0.2505121690455935,0.0649608503237144,0.1869506004813375,0.1965574239338964,0.9278889016257464,0.3385550941799871,0.9995442967980632,0.6468856284092628,0.4725291481796096,0.9995546906192092,0.3651764418484811,0.348113715128393,0.2080005624973023,0.1517142883783163,0.9834753654964682,0.5119551026500158,0.9995546906192092,0.8906349404366364,0.3184638890562111,0.9995523808824528,0.3069537281068117,0.0480425187610006,0.1878397779419807,0.1386273359329383,0.9773842308108314,0.5573095361488989,0.9995523808824528,0.7068294295212018,0.255228173242941,0.9995119604834738,0.3423787015143419,0.1235240778555186,0.2032159712559898,0.1284432693248009,0.9765871002360346,0.6376904819469172,0.9995396773245504,0.9729378040352974,0.4736789137910432,0.999507341009961,0.2247491153936876,0.0473435501758958,0.1962680009719512,0.1223009102498408,0.9826232217468704,0.5978378110680395,0.985885519047931,0.8795282949459509,0.5737063332755726,0.9995546906192092,0.2568360095233475,0.0477190296253469,0.2076213292162832,0.1232034371162373,0.9722998811875718,0.5879209786949366,0.9995523808824528
846_OPPORTUNITY_id_5_HumanActivity_tr_2085_1st_2185,0.2637957265864466,0.7863144995315826,0.9990084138243952,0.7005527536335725,0.6993498595177255,0.7361108820781183,0.2291171242899052,0.8464772997071839,0.4105974285060813,0.999015197225325,0.2698584862645184,0.7901111588594881,0.9988739272165528,0.4240175616126236,0.3131279280948969,0.7450786308829442,0.2311609173456764,0.6503575226020881,0.2605093449515536,0.9990782981822196,0.2318891006286469,0.6228809860028318,0.9989941254437747,0.5283425692270425,0.6536811305247474,0.7537422394622421,0.2280769522896416,0.7572399881265325,0.3185489036397362,0.9992988935401595,0.2201323042272513,0.7329727931487405,0.999140098297526,0.5159898010015674,0.6636305293275181,0.7313933761116771,0.2160468711953708,0.6735408390142519,0.2900796257405547,0.9993698366304457,0.2553377933229157,0.6380796779181903,0.9989234217542252,0.4506156913048205,0.2688340487659756,0.7557000375078515,0.2272995063434114,0.7593518365519145,0.3745150859881999,0.9996137455153368,0.1701631955250357,0.8803516568166545,0.9989838641342595,0.5697500323252114,0.6414054318950891,0.7600854099955281,0.2040983086556193,0.7028982297814199,0.3849370482302654,0.9990459214950542,0.2144031835939681,0.6292084540585074,0.9989377101651222,0.595104738393914,0.6775002937813093,0.7305242445851532,0.2232976711216923,0.6944875117253834,0.3985875577725128,0.9990329116945268
847_OPPORTUNITY_id_6_HumanActivity_tr_808_1st_908,0.5265288951987155,0.8987771539571141,0.8775508316556948,0.3065451955339207,0.3380845497614366,0.3031090811269499,0.5608921551358482,0.9048716600278508,0.2745676425780855,0.9990052945321004,0.692121843257357,0.1900505935564636,0.9969507578403678,0.2793613330892295,0.3380845497614366,0.2593105706767329,0.2423372760758598,0.6101743154598608,0.3406788726584014,0.9973506073375764,0.7128520283395039,0.3097917546837868,0.9969507578403678,0.2714020527146743,0.3380845497614366,0.2725915097861103,0.2269603546936884,0.4956747752359457,0.1567104090251176,0.9969507578403678,0.5466888041979744,0.3135391921765251,0.9969507578403678,0.2177348957766355,0.3380845497614366,0.2619663553252367,0.262701467920099,0.8223460231239257,0.0497418130205907,0.9969507578403678,0.8532583213521291,0.1805449378597666,0.998805369783496,0.3058941601850133,0.3380845497614366,0.2774310111877921,0.2457366476812038,0.790955180977968,0.1548548567069086,0.9965785529460044,0.5423114720463821,0.4255228146977932,0.9969507578403678,0.4147535377200946,0.3359483003640587,0.2536592786621659,0.2458906101714192,0.7420550211784596,0.2252693651171489,0.9980609599947696,0.7194672057344457,0.3577312704296521,0.9969507578403678,0.3314157738069247,0.3380845497614366,0.2626167191839473,0.2419607476271772,0.7978131551647962,0.2849997889739079,0.9961999355229524
848_OPPORTUNITY_id_7_HumanActivity_tr_1477_1st_1577,0.6367912911886238,0.8373333512814005,0.6839603395346483,0.5135792925735243,0.4298585278174228,0.8063296649421515,0.8056101810193453,0.9805307067791784,0.9067083819673708,0.5873320143628119,0.5367073160739797,0.7062618685635259,0.9817871459424828,0.4599475004149932,0.6907290736972246,0.8206660349201129,0.7491992738003022,0.958001583928998,0.8548452322615522,0.9772663543237164,0.5118005191538573,0.6163408696279377,0.9767775864151872,0.6200748455276649,0.7081256062609022,0.8275659166975408,0.7989391186803434,0.9472312486329684,0.8596867695477123,0.9659554120293316,0.474395941614846,0.4186964585058866,0.9852324730461204,0.637709057376088,0.6917823290857001,0.8268718599244896,0.8095041658332531,0.9762461507165344,0.919339423499718,0.9319210040864924,0.4993031350403181,0.5049585579978351,0.9760719954449844,0.4511947644690912,0.689554896086447,0.7891407971915134,0.7036291767590496,0.96687332896497,0.8940502287850132,0.9853803298400488,0.6232465380123227,0.4835655481279098,0.9850340317986396,0.6064212331751072,0.7055257552417513,0.8281412212939928,0.7568154406307721,0.9540932764211576,0.8992001941502128,0.9728019741317026,0.5437279998319902,0.5391261334271011,0.9788585712350172,0.6441275574876478,0.695326883264119,0.8195397174365107,0.7258218563200949,0.9775199221846184,0.9172456990154508,0.983762693429388
849_OPPORTUNITY_id_8_HumanActivity_tr_1100_1st_1200,0.3809846708887825,0.1834186352884501,0.9885582517677648,0.5114484320983221,0.2567108224064653,0.2050021865214285,0.3135680307532298,0.5854993071445125,0.2362045870588681,0.9044205470438216,0.340111021700652,0.2153569803653173,0.9915561638283172,0.5434371007619785,0.2008306537067838,0.2373968775620142,0.2590262477455485,0.7580909115053706,0.3108773704283772,0.7577825407501767,0.2514096203306914,0.2335639646897293,0.9931886735551284,0.4852120789312881,0.2003524045654857,0.2249976209350444,0.1893138112404036,0.6190944852273904,0.2907384416187863,0.9824473340726696,0.201518676787414,0.2591653716555524,0.9937293256752828,0.5054557444671852,0.2032214325750955,0.232762512251155,0.1983352608725334,0.5309567306692677,0.2976118859879096,0.9923132256103576,0.3056935310757709,0.2736843330628686,0.9931886735551284,0.5789427079854907,0.2400689479839201,0.2921931736826147,0.1855688399688297,0.4005938057030714,0.2844957354657144,0.9996302419800746,0.225969878957809,0.4931688754036763,0.998446647611399,0.5272129109222936,0.2322283540271391,0.2230835716510908,0.1792633227283137,0.597351744497506,0.2407659088932014,0.99405901278733,0.3208151218925429,0.2367052166814666,0.9988086713531116,0.4509954241216506,0.2065238097491567,0.1897321350210696,0.1861104436872425,0.6265441421226204,0.3013178293692885,0.9866600244974856
850_OPPORTUNITY_id_9_HumanActivity_tr_895_1st_995,0.0863967193482132,0.4161104854757286,0.9609599004310244,0.6913215764277751,0.2763563855683324,0.4405028912945137,0.4563162661838034,0.3312310476875498,0.1138112132531783,0.8049762713093256,0.0210480791916547,0.5520460293606215,0.9816099017363352,0.5146748671578263,0.4453539105643697,0.5146700338135239,0.3377664525201508,0.3580753536470715,0.1340964530886066,0.982882931454179,0.0276858222505033,0.2165282086407879,0.9803637071597076,0.672037081850952,0.4327564298659956,0.4192599978767363,0.6971397162961693,0.3122882759649782,0.1475797204859968,0.9999539635499642,0.1810448547225724,0.3058001193968651,0.9987346041145504,0.6632534776637373,0.4452553885047125,0.4955672824179642,0.6242873522105863,0.3559823698943296,0.1302676076447482,0.9987346041145504,0.1369950115547384,0.2114398426890149,0.9999539635499642,0.6510558721070335,0.2417469348278911,0.4985112383653919,0.6198825901685271,0.2498953045607616,0.1027489472900714,0.9986809338321206,0.1179849069173102,0.2567321121613031,0.9987346041145504,0.5204244656118829,0.2047159255188058,0.4802301125281487,0.6558367684447961,0.3016100662439425,0.1213526857551617,0.9987346041145504,0.1210101518196891,0.1863488147216748,0.9987346041145504,0.5683825409590101,0.4326499831472263,0.4180663665135023,0.644542747876978,0.2852198951000709,0.1128731163189771,0.9973984664481528
851_OPPORTUNITY_id_10_HumanActivity_tr_6213_1st_7311,0.2025061402536901,0.0824441224026452,0.0976137150696306,0.4613986602532217,0.8944797570622168,0.7818824795802872,0.6464282138080796,0.0947965754684366,0.0920452690239403,0.1002823341718018,0.1797405089398239,0.091012919028548,0.0835370276350452,0.3096714545226223,0.5690989952206338,0.4393368720025801,0.2360110956550022,0.0826667126300791,0.1034219010097095,0.0887840560896748,0.1960112827513455,0.0896221920262756,0.0918887492805326,0.421167224450002,0.7626111831336073,0.6265749879041438,0.3178588151404411,0.069926644349806,0.0993557325855096,0.0751710181801776,0.2067832217965477,0.0830796633560236,0.0834396311112881,0.5091324665867994,0.8849643695058133,0.5295810014800568,0.2728877916405073,0.0732018768081746,0.0909493450989843,0.0810032939546971,0.226151494656101,0.0892437759431249,0.0832286628483576,0.3976180077134524,0.5730539393450356,0.5175117056889175,0.2542902998990429,0.072415980912758,0.089015885444994,0.0788743506901195,0.1836684717804681,0.085640225073649,0.089206364459218,0.5038231479679287,0.868234214451799,0.6204090119206109,0.3496097934482907,0.0778924753910896,0.0962034435406721,0.0884155445591135,0.1533886054521462,0.0813794100596411,0.0904949145236994,0.6617918032138227,0.1437313181013744,0.649795340067397,0.3427436651552735,0.0713746226781202,0.0989622228735186,0.0878825562841644
853_OPPORTUNITY_id_12_HumanActivity_tr_808_1st_908,0.7705933744720689,0.9358059755734894,0.8285528382150528,0.5496926759090223,0.2439509225482397,0.1003477975692212,0.0883945638244688,0.8478427773892244,0.4344664953089878,0.9725002192936506,0.6329731576349126,0.1223700403343432,0.9999786671805664,0.1543836963453466,0.078045637729104,0.1112477469729465,0.0963822957637765,0.782573572310459,0.4320790746924769,0.9999786671805664,0.662631377848871,0.254373485163095,0.9999786671805664,0.1724320092594715,0.0781521709761845,0.121173716334402,0.1019396971553756,0.8236271982834905,0.1223070956858033,0.9999786671805664,0.7288617292693321,0.2635345100974703,0.9999786671805664,0.1848000182963383,0.079463439943799,0.1133587319353423,0.0909290871904839,0.8173843240057159,0.080695563832386,0.9999786671805664,0.6704411601052139,0.1422520056969354,0.9999786671805664,0.3289944085053614,0.078511093849135,0.0936943770735466,0.1095727951968613,0.5031173587373321,0.2687624050931533,0.9942256533851636,0.5420700663565283,0.2295440495547996,0.9999786671805664,0.3672138491892532,0.079858197608904,0.0990247681545763,0.1857948157572621,0.815115960315011,0.1349417740873222,0.9948013066904384,0.6564826218387886,0.1467154592327749,0.9999786671805664,0.2165943496761174,0.0820667626595683,0.1128937510613145,0.1300540974560859,0.8565010594908457,0.2581070039316704,0.9999786671805664
854_OPPORTUNITY_id_13_HumanActivity_tr_1477_1st_1577,0.1525708990317522,0.9289156037852676,0.9952134470571254,0.18374359798192,0.4314361962558801,0.199412876877129,0.2594146228469771,0.3158069440054459,0.3785704289959427,0.99494181130106,0.3343387490489369,0.1837652008966805,0.995592951055777,0.5981805303462651,0.2279937424981702,0.1754924064816191,0.2469799267670224,0.38216916198747,0.4063459044252455,0.9171721159281336,0.2606215403974919,0.2091143776844108,0.9954419695756924,0.2498890228788336,0.2279116330678347,0.1714760743260513,0.2073009011994551,0.33290308941144,0.3784188825353247,0.9922743869088484,0.3091069154335087,0.2940355310181588,0.9949378337514284,0.2544935847305695,0.2285993832445644,0.180961055147846,0.2472751554763609,0.321239072254617,0.3982370796189484,0.9923876614299184,0.326093510373839,0.2389668295634926,0.9953051923815596,0.2417726851847728,0.2279937424981702,0.1773290479358877,0.2934051989184689,0.334448341091016,0.3823877231209534,0.7396557847127857,0.2677585687760782,0.3813301644415645,0.9957297282499098,0.2947942678068892,0.2272138495505957,0.1695483257024536,0.2518499400115683,0.2878589107444632,0.330991872294036,0.9835852653657348,0.3688589114204221,0.3142309023349976,0.9955787467698258,0.2780521824171261,0.2268762397213831,0.1793300270593165,0.2422100518963499,0.2892430047411915,0.3533745489990411,0.992482258760296
855_OPPORTUNITY_id_14_HumanActivity_tr_808_1st_908,0.4025639776089854,0.4562479307143054,0.9025640163179008,0.4443063421651638,0.3892837743718443,0.1986815122108292,0.7657650455996362,0.2239760320402129,0.0948299627350387,0.8381854605212504,0.3684781790417666,0.0710169974224751,0.995457774894092,0.2928644123116659,0.334751932246414,0.2115365379504942,0.1777157760327951,0.1781229030039746,0.2358589776948133,0.8791896649611636,0.3800698191627398,0.0562709158213848,0.995027669137566,0.2946679405053866,0.3328229679197655,0.2193586841955915,0.1915313314935149,0.3434704027612975,0.1590006551203086,0.9897653483222432,0.3704335186271181,0.0411727109987311,0.9913341251345394,0.3432418386765496,0.3312803915971493,0.2359736937565552,0.1724100594451927,0.1579272900447524,0.1685459784833985,0.990715274805892,0.3370396990992743,0.0657606384239715,0.9934154073121452,0.2952193902654277,0.3339821233264115,0.2192305935685332,0.1649426671769092,0.2342790141023322,0.0738429158474202,0.9840149403550768,0.3654104745746964,0.041718519844135,0.993370697661814,0.2980810337327018,0.3339821233264115,0.1992014135015308,0.1856021369883295,0.5341077008150846,0.161326341552481,0.9834550307896426,0.3704335186271181,0.0433126282630473,0.993370697661814,0.3298525983736409,0.3409801171163188,0.2125884434684975,0.1750242933577033,0.1439418956790149,0.1969359993067574,0.9643039022549954
856_OPPORTUNITY_id_15_HumanActivity_tr_808_1st_908,0.3848764531800874,0.5458611341414589,0.9872772352381172,0.549368957929788,0.5873289969536066,0.6222440182471666,0.2589063112730133,0.7186922839599605,0.316525536850972,0.9981761801124106,0.3909055652291575,0.6283148384625843,0.9981951092953252,0.4147238646795002,0.3383583240643247,0.7063058811543264,0.1622715669589145,0.625456329549023,0.2971012220157304,0.9969396101672702,0.4400242117861677,0.6832081400106206,0.9981951092953252,0.3828304854359144,0.334986827956176,0.7128492564086919,0.8447440314352428,0.6163504380952525,0.2568865531269252,0.9981247761571288,0.4393726767557166,0.6228992780917851,0.9982100228367596,0.3918095572258638,0.3384879786039566,0.7148604759063991,0.2384214469234579,0.5789005208930013,0.3796022541438645,0.9976422372722435,0.4229569708703213,0.7163948161836975,0.9981951092953252,0.416367674399202,0.3381065340418498,0.7263952019370967,0.6528660908993495,0.6209344355185539,0.3260947242297325,0.9981976895520488,0.4186035813872936,0.7329236482519552,0.9981951092953252,0.4285258552216597,0.5148427286159711,0.7236651039610802,0.7674910727208504,0.709185937856646,0.4211111633950913,0.9981976895520488,0.4306123032312685,0.6541769533131241,0.9981951092953252,0.4855054345321415,0.3384080677010891,0.7109349750340153,0.8447440314352428,0.7158434623323533,0.3742254622790179,0.99687350194734
857_OPPORTUNITY_id_16_HumanActivity_tr_500_1st_566,0.4688060648851747,0.915325946078503,0.7004374781082701,0.4454327543697219,0.247018326792201,0.1889466738589613,0.3363445047339868,0.3318224390417896,0.1989053530378757,0.910496052689975,0.5476437187700557,0.4169802172348898,0.6512492523320278,0.6007517077157577,0.2469291130997209,0.1790388926127172,0.2536333582979013,0.7693738344444082,0.3054469038740689,0.803595678179167,0.4296927811672872,0.3585155703248079,0.672162495097259,0.2591969849277831,0.2473691725972407,0.1863491776238221,0.2727850993988814,0.3317951161652822,0.4479664303789429,0.6430816221160784,0.4987294407943263,0.4051577953594679,0.6204150642394034,0.3675254968331079,0.2473691725972407,0.1773698688281283,0.2437900283297244,0.3186008444886437,0.2265565689988022,0.7401454938891477,0.5213245944351775,0.4871438137496536,0.7150600298124855,0.3235742524684234,0.2467538594403848,0.1604128302675398,0.2528669882250685,0.4185686835736825,0.1915290338062026,0.9171791126547792,0.5559674999026317,0.382182179437498,0.5583831095756787,0.5838597047831843,0.2471884690618081,0.1671864992202614,0.3397866330633756,0.4012427764891179,0.2105366872821918,0.9053781899262232,0.5966162405922079,0.3889432655434043,0.4955019018787246,0.4751579476608943,0.242251421180447,0.1395104773910873,0.3051615975057228,0.4853214874523781,0.2978359411608851,0.7267529446996901
858_OPPORTUNITY_id_17_HumanActivity_tr_808_1st_908,0.6221405977655246,0.0141600831148471,0.9918012159113552,0.1994318083465128,0.2676905960631409,0.165529840602463,0.8547466831525081,0.1582643901924629,0.1065194713090144,0.9996338665198632,0.6612807504083787,0.3558745910727467,0.9836648722748657,0.1637546697219828,0.0848662428350813,0.1824534807969021,0.1058289168916206,0.3171605795283066,0.2894366820986704,0.9993521306030732,0.5252197803626252,0.139032300174831,0.9994929985614682,0.166028730553745,0.0840970536178847,0.50539369154374,0.0816363433675776,0.4351588147484859,0.1221771131481083,0.9550753536210044,0.5771126947365518,0.0462218161494598,0.994116357124106,0.1727192166998683,0.0840970536178847,0.1224917985629979,0.108408236182986,0.2927944044304018,0.1082445593936923,0.9104076868675256,0.5621775163838354,0.0121335071567258,0.8954620171371804,0.1452911830033603,0.1103166048486163,0.2130266774415392,0.0700230745682346,0.1599394248185459,0.1528295954543135,0.9665931035848088,0.620489222695641,0.0927265713866652,0.991707303939092,0.1269111690705261,0.084481648226483,0.2211497656204397,0.443924677809498,0.1402304240021304,0.2117592667311713,0.9048218503423376,0.5105191796497337,0.0377593012600681,0.9993521306030732,0.1123977793594276,0.0851414893364961,0.1678753821584033,0.0870756417396813,0.2432423766263378,0.1178375086528204,0.9993521306030732
859_OPPORTUNITY_id_18_HumanActivity_tr_895_1st_995,0.6177456605533388,0.655757474574371,0.9982241216704236,0.5383873220869201,0.4358392410224569,0.3145403707624408,0.5567490461328997,0.566418483578245,0.2661338152906265,0.993946779672729,0.1953721857276981,0.5809382127360698,0.9985173294624938,0.352240847420558,0.5495289710793293,0.4050979761116059,0.4531092265033947,0.5832021773810219,0.3696057442356349,0.9972636188032814,0.2646834287062729,0.4073907893004818,0.9982241216704236,0.5625108573618083,0.5166920603532683,0.3568056685477779,0.4516942543671034,0.4425472084209903,0.3017436999015488,0.9988307571272969,0.3901866652185231,0.4386694593994047,0.9982241216704236,0.5154984920206443,0.5514986642486946,0.39773494537574,0.4344464028513343,0.5678002812001285,0.3207493338005415,0.9993969528387052,0.4757432426214084,0.4759891111153432,0.9985173294624938,0.3779993363391103,0.5495289710793293,0.397781464823056,0.4175202281461271,0.5237850526307224,0.2847798818113635,0.979529053167288,0.1637490195738279,0.4736996231917954,0.9985173294624938,0.5450414673896185,0.5495289710793293,0.4061699312183706,0.3867895536814522,0.682179027286662,0.2563516452340809,0.9940686825370536,0.3893013658621323,0.3201281490339706,0.9982241216704236,0.4007300916029054,0.5043078939872496,0.4591619207112811,0.4146433032593497,0.638574838591509,0.3100065964427228,0.9985173294624938
860_OPPORTUNITY_id_19_HumanActivity_tr_808_1st_908,0.4672305224032325,0.818962999850962,0.996199854120508,0.6559807525629155,0.6329282712206034,0.4887816893835918,0.3438069472591907,0.5691298676366409,0.33359946735982,0.996199854120508,0.4981845281572917,0.1889223942950144,0.9978546073471976,0.3900666937864703,0.3597345169895002,0.64858410126238,0.6776795506911947,0.4370284790940941,0.2856917682429103,0.9348515489247484,0.4498507927648667,0.4365450880262571,0.996199854120508,0.3486499174543971,0.3599860048182663,0.6406787793795297,0.5531551126164296,0.352196840358372,0.2132126688824901,0.977378349512284,0.472167956378163,0.2950271936188887,0.9945777379941388,0.3366490721767761,0.3597842157321405,0.5904464179719434,0.7105299874667994,0.493123618513313,0.1811931209009651,0.9978546073471976,0.458618583383482,0.0456817537017,0.9978546073471976,0.449815162176981,0.3598209454609866,0.633655793079608,0.6495056927035984,0.4960532955529118,0.2437800980907822,0.9921295443092886,0.5009742683320987,0.6290502820948044,0.9945777379941388,0.452345764797917,0.6186637987050781,0.6584892936095823,0.7740301307783637,0.5731938493978497,0.2557881709083106,0.9978546073471976,0.4763727405055462,0.0353136427717867,0.9978546073471976,0.4954806801425026,0.3597217927306346,0.6259882755332606,0.2333011246189036,0.6192266670192139,0.253768282292914,0.9978546073471976
861_OPPORTUNITY_id_20_HumanActivity_tr_2085_1st_2185,0.294114779119638,0.1727363270195239,0.9999371073121982,0.361366697269766,0.4263408824493637,0.2696030303958258,0.3560695029560923,0.601206991234337,0.1493432478247152,0.7273823277181883,0.2066204222657863,0.1193544771807081,0.9388209150425454,0.4859184871618541,0.2648545106795357,0.2796292917538045,0.3388154439831448,0.5101678188771211,0.228516593962689,0.9357184630036997,0.2419466755638828,0.3442377099570609,0.999498630636322,0.438288775588872,0.2623985543258039,0.2894621189648264,0.3761650648891459,0.3864836004123483,0.4023170664876849,0.9865651990649206,0.2258962683144581,0.1647873979690729,0.9441166663572848,0.4026249009206905,0.2855298451439066,0.3122686746310644,0.4163296431629967,0.3037788436047288,0.2556835423779361,0.9994945080011166,0.2559986458654586,0.2072103511296112,0.8742588909510154,0.4241602431614664,0.2599879439345637,0.2986518224545827,0.3256148524399881,0.3900080471267169,0.1884781824037875,0.9162786742500232,0.2707037976070544,0.1851776879709626,0.92487918475643,0.5169092263821689,0.2607170502349498,0.2571473944417221,0.2838896263222074,0.3260510063077354,0.2411713390575503,0.9350558381961632,0.24859380078385,0.162800834548877,0.8359717122170046,0.4156098529834771,0.2990221106329866,0.3536696223298688,0.3264024312174016,0.2272306128211991,0.211227732560203,0.8780656733468571
862_OPPORTUNITY_id_21_HumanActivity_tr_500_1st_566,0.5153526247658345,0.849977276946119,0.8859618070564869,0.6229362806734057,0.6283247314551977,0.5635481956081646,0.4297499085034446,0.7070924702036396,0.2887042180864601,0.5763475517541311,0.5120499297511263,0.8448679381681335,0.8509958543599225,0.4780611478289889,0.3569960284008485,0.5801520655933315,0.6859365102050577,0.5315981382183104,0.2465144819340522,0.6352309404682641,0.4757086966193909,0.7681162209197048,0.8865443936116539,0.4986597586937393,0.3610729121326467,0.6370501647131632,0.6233303948028476,0.6120205088038784,0.1085167192054869,0.7738367647716174,0.5014243979435932,0.3989258095698507,0.8884220132533891,0.4916949980436519,0.3569484143405245,0.5960398938348129,0.5041691686893899,0.5244511356674937,0.2035928443182723,0.7619365830803008,0.4948741936681704,0.6187390631660563,0.6617621711940646,0.5074255777876836,0.3570466436011867,0.6526540955143434,0.5023881829460214,0.6069042417242215,0.1468590837613197,0.8412645417976026,0.4809921123232664,0.5653885722439111,0.6529450364632758,0.5271909116096184,0.3568810640743789,0.6513850384813451,0.5023881829460214,0.6561736972633826,0.2280584888113763,0.8534692069339971,0.4935003940727776,0.4287980797176548,0.8515579787612516,0.5761138195289379,0.3568810924263981,0.6172738872945377,0.6859365102050577,0.6637066432905212,0.2165268756659623,0.8088895394256644
863_OPPORTUNITY_id_22_HumanActivity_tr_808_1st_908,0.3972361995863431,0.3266153501839946,0.7740077832492297,0.5329276799884757,0.2623721718375547,0.3249205909486524,0.4602671171790942,0.8291158936456388,0.7420619513787207,0.8251101914313194,0.4032522560292536,0.3909953348983278,0.9903685027385374,0.7382082153111487,0.3262227648188256,0.7391759090287818,0.6591996276014496,0.83849360497177,0.5891060047706387,0.8008389766735051,0.3709187491295447,0.803698899156562,0.9943428195042272,0.2634970226613378,0.1915514409452584,0.2863005717504881,0.6591996276014496,0.5010061550422482,0.762320344929929,0.7147614612757927,0.3697611343832964,0.5394880544221013,0.9943428195042272,0.1849890172329298,0.1914821852670726,0.4051583824724951,0.2655167911045953,0.7852277892046435,0.6691842661678477,0.6846759467510258,0.3981058822133538,0.4152915890579672,0.8382725389231259,0.2022628984104074,0.3262227648188256,0.170299962337376,0.2655167911045953,0.8253364171047214,0.7183786637113893,0.7698443478071476,0.3836106822281411,0.34008288839856,0.8891228794145893,0.2722386264680202,0.1914821852670726,0.3167805682798426,0.2655167911045953,0.8297771721910131,0.7169903705869466,0.7256151326681883,0.4047084139517163,0.2460492707888906,0.866172037374403,0.2521125366012051,0.3262227648188256,0.2541848424069102,0.6591996276014496,0.8223139503431273,0.7375525355660434,0.7497272435076142
865_OPPORTUNITY_id_24_HumanActivity_tr_2085_1st_2185,0.3867780826804441,0.8560417390073392,0.9608357686448636,0.4132350640818184,0.2839268870279433,0.1673937370179509,0.2266011849257959,0.8292907159116437,0.6258419304502811,0.999817666982614,0.4025879935029822,0.2005784758988019,0.9774722215406644,0.2855302223014143,0.2244793498108588,0.1872425178850983,0.2110059779120273,0.6643469518311029,0.6028074785026015,0.9738659663171604,0.3546551098773761,0.1971422049508691,0.9890297618907776,0.326606096823291,0.2297586297355148,0.1912758295129566,0.2047668647631537,0.5529013645629894,0.5877730401176908,0.9076467166914116,0.4838105386980808,0.2908164760640946,0.9821224660641704,0.3266167460216503,0.2244793498108588,0.2046557887883018,0.2176008266343742,0.8727541507960284,0.6353252191807347,0.9777379913421764,0.3634904920920442,0.1724903280285532,0.9837563329817072,0.3485881210984909,0.2245530729928034,0.197764691304154,0.2081695223809377,0.8323240510617448,0.6154974527323925,0.989071838630769,0.3560810655771509,0.2183283449834757,0.9787592556831493,0.3268173668446516,0.2253189581838063,0.1515761056793567,0.2019181748815456,0.718029875563433,0.5978929056236151,0.9812671413549048,0.43477252379373,0.7577752705076379,0.9796119560290548,0.3196939512887775,0.2289430785116566,0.1812540102047515,0.2082426505083454,0.7364573153209235,0.6211451944013465,0.9675005738691882
866_OPPORTUNITY_id_25_HumanActivity_tr_6213_1st_7311,0.0806858174389692,0.9090567089161468,0.9997450394454186,0.3212143447831659,0.7819735992503936,0.0977261705609278,0.1140705660060685,0.06917954677837,0.0582171595682088,0.8708052957444274,0.1090043200629308,0.3076564524758726,0.8146649794135165,0.2398934315220156,0.0934931049206414,0.0926664657900328,0.1051292122532775,0.0782236379741286,0.0579441447551965,0.989666086849226,0.10763938838788,0.2042670664281516,0.944484298920264,0.2568353006327397,0.1409593126093329,0.0942437263885526,0.0954848037474671,0.0841628958284411,0.054803523875933,0.9614216400532856,0.1209810262632927,0.2322430300765748,0.8817907213169759,0.258474242679994,0.1008444148297121,0.0872671874784043,0.0930464383357419,0.0657461215303068,0.0567653284777215,0.9775782843581422,0.1087745602294701,0.3058293621648109,0.9042656353910492,0.2768539726496672,0.099754977350634,0.1016099077900288,0.0947513441622622,0.06384560802349,0.0405608296128519,0.9742757520541798,0.1057595559716547,0.2589559346866413,0.9662414846794464,0.252837002637749,0.1007959915036084,0.0926478279968109,0.0964342909749944,0.0721554968491149,0.0529163738614607,0.9799072441257072,0.0996654213048067,0.3093674690986356,0.96882758907821,0.2191379545804843,0.2086378731878309,0.1050441524863658,0.087981619314239,0.0754234475091725,0.0539642574202513,0.9668884109860086
867_OPPORTUNITY_id_26_HumanActivity_tr_808_1st_908,0.7574781156685382,0.126809326202871,0.5070811852262657,0.652872743727183,0.6724024084544392,0.9132896724815592,0.1135142486294581,0.1505805407807753,0.0317569256884668,0.932306174147654,0.545848452029277,0.1548908520052419,0.9669386833726992,0.6107410038244213,0.5473043430475497,0.9212101904933632,0.0740637151649438,0.566873682230121,0.7127545754696033,0.6106361538646918,0.7215042431700514,0.1257431804641438,0.8233763363212921,0.6755132923629944,0.5494089187408089,0.907317048632982,0.1266801812135896,0.2829418105265095,0.4326842696132549,0.3133290890153258,0.7725644268746636,0.219172077884118,0.484123742034324,0.6433344135074609,0.5433634234437432,0.9057003481960616,0.1632940442010487,0.1691639472525335,0.2704613216786595,0.4330430135159724,0.6368825640966425,0.0171478491128689,0.3034697911921364,0.6232383264652673,0.5424393449902215,0.9104721394159268,0.0697031906969398,0.2760331092873505,0.3348342139061125,0.267629918597057,0.6615128564379429,0.0224958755777227,0.2210067375672248,0.6275554892297891,0.5429343393818633,0.8998278321335864,0.0834549451350369,0.2342764805809457,0.2472936231566454,0.1759361337076256,0.705441830475196,0.4091805509268808,0.1970516385101947,0.7422442387639466,0.5440445678628298,0.9162571504835886,0.1145735112070589,0.2449256925643847,0.1603188556886116,0.6399064847486894
868_OPPORTUNITY_id_27_HumanActivity_tr_2085_1st_2185,0.5841511140543753,0.2500757132509525,0.9992688873458584,0.3424983062271355,0.2146061303517422,0.260055217334814,0.2858345655938922,0.9374645985245846,0.7876947457210121,0.9994872699533618,0.61364233406724,0.1230548848813085,0.9989032346835494,0.4044681178762296,0.2119080511256942,0.2518159367234465,0.2875251390193726,0.6975877236977284,0.7535941634071633,0.9969961440869352,0.6478087820326159,0.159424616215283,0.9988776481907172,0.4137325810892935,0.2215583169546284,0.287079944184779,0.242316292894572,0.8640969756714737,0.7069914548985975,0.9989610975968244,0.6523691265676487,0.1267487075283039,0.9989202923454376,0.4036471770624826,0.2215786527777275,0.2847883248472833,0.2519701498617283,0.9081609771276116,0.7572561092185082,0.9908272860800968,0.545038117368662,0.1644302775267728,0.999097517477646,0.4047619796767464,0.2149267045984093,0.2972936963439839,0.2748178015866574,0.9245621073234404,0.7388004241608526,0.9989729198015146,0.5990397276459843,0.1719298882837433,0.9988648549443008,0.3935975069915906,0.2149260878948862,0.2802551976663668,0.2672304130666126,0.92240726097801,0.7216910958215687,0.9869603489996116,0.6053694783499853,0.1502117593230889,0.9979360722992544,0.3051541921837897,0.2131656462414951,0.2871121416751232,0.2799835100808962,0.9127845727657988,0.7428124934527626,0.994062336297698
869_OPPORTUNITY_id_28_HumanActivity_tr_500_1st_566,0.5900104911830868,0.666187793268867,0.5407260539181409,0.499775131108055,0.1988318774118754,0.1895563095541376,0.900644690013029,0.2676087579324122,0.1923878523369387,0.8045711884856384,0.7327469144608324,0.2136707967154618,0.6776091338223296,0.8278981262040751,0.1729300958013845,0.3523309645284753,0.7456766985380185,0.3873058747917142,0.2393231680396733,0.7872741412774458,0.7202661042710763,0.2721686355149239,0.7940415514605803,0.8288453370911685,0.1657423007820429,0.5187428229623681,0.1209429236031948,0.2683184409376726,0.6244081002438201,0.5608683881088685,0.6654062575963605,0.3433784921516262,0.6048609035631233,0.8278663686050401,0.1659487729227196,0.3727468826420509,0.1218024460400116,0.1985550138999874,0.2495291129784806,0.7883010032330334,0.6592151844409334,0.2749850208191993,0.7487995590912495,0.8684943417777158,0.1718106740962307,0.383084377361824,0.2665055168220197,0.2181339898948666,0.1874867563300877,0.6367066932078282,0.599739100103138,0.2397203657360992,0.7918072725535866,0.8607679367806608,0.1659809036443217,0.2910512902876717,0.1437859644076632,0.2052891237008343,0.1944804432375262,0.7175933571287734,0.7412387402900973,0.1891159484699987,0.8077222286003074,0.8367451843393161,0.1654829315494362,0.3011816068667517,0.1587781642223894,0.212553051792636,0.1810455821755028,0.7481439367545086
870_OPPORTUNITY_id_29_HumanActivity_tr_1477_1st_1577,0.4998777791776242,0.8466121759532602,0.9942502433376564,0.6711564340794588,0.6504944059372738,0.625398668149459,0.6082968578218769,0.8006534487307485,0.5603623343420505,0.9362556764901632,0.5082040480960982,0.5364120678331968,0.9846093672505422,0.4336530657354265,0.3288592294240767,0.5374641813235096,0.5648666374601444,0.7377473270795846,0.3274274404752095,0.9949244086770352,0.4877189378961894,0.4823671425070625,0.9943008709276258,0.4721388188072515,0.6173152830884018,0.5446479901653938,0.5386447710993687,0.8558601127272497,0.449157568681874,0.9943761247651206,0.4643436069795344,0.5692730735263414,0.9846045382468612,0.4696973660281895,0.6585563158799738,0.5085775596138435,0.5741799754152985,0.8510006081446091,0.4522099751544386,0.9944058475775158,0.5347969185097866,0.3689785025974931,0.9894557218743264,0.5107326515889338,0.2252762257373411,0.5071023416541344,0.5331549116334918,0.8437558495216042,0.4328434931653498,0.9934795069217032,0.5059081701372443,0.4648986128023734,0.994353740603544,0.5486098339703265,0.2251764546120846,0.5736779716107439,0.5757024390277616,0.818377544215708,0.4604038488130936,0.9949317770389908,0.4928796579691262,0.3107947139566658,0.9846114767412631,0.6334247274951172,0.2247184342671339,0.5707455416315536,0.5621095003570614,0.876697989863192,0.4341239326033503,0.9839728513506494
