file,CNN-AE (RN),CNN-AE (LP),CNN-AE (SG),CNN-AE (GASF),CNN-AE (GADF),CNN-AE (MTF),CNN-AE (RP),CNN-AE (RWT),CNN-AE (MWT),CNN-AE (SPIRAL),ResNet18-AE-FE (RN),ResNet18-AE-FE (LP),ResNet18-AE-FE (SG),ResNet18-AE-FE (GASF),ResNet18-AE-FE (GADF),ResNet18-AE-FE (MTF),ResNet18-AE-FE (RP),ResNet18-AE-FE (RWT),ResNet18-AE-FE (MWT),ResNet18-AE-FE (SPIRAL),ResNet18-AE-PU (RN),ResNet18-AE-PU (LP),ResNet18-AE-PU (SG),ResNet18-AE-PU (GASF),ResNet18-AE-PU (GADF),ResNet18-AE-PU (MTF),ResNet18-AE-PU (RP),ResNet18-AE-PU (RWT),ResNet18-AE-PU (MWT),ResNet18-AE-PU (SPIRAL),ResNet18-AE-DLR (RN),ResNet18-AE-DLR (LP),ResNet18-AE-DLR (SG),ResNet18-AE-DLR (GASF),ResNet18-AE-DLR (GADF),ResNet18-AE-DLR (MTF),ResNet18-AE-DLR (RP),ResNet18-AE-DLR (RWT),ResNet18-AE-DLR (MWT),ResNet18-AE-DLR (SPIRAL),PVT-v2-b1-AE-FE (RN),PVT-v2-b1-AE-FE (LP),PVT-v2-b1-AE-FE (SG),PVT-v2-b1-AE-FE (GASF),PVT-v2-b1-AE-FE (GADF),PVT-v2-b1-AE-FE (MTF),PVT-v2-b1-AE-FE (RP),PVT-v2-b1-AE-FE (RWT),PVT-v2-b1-AE-FE (MWT),PVT-v2-b1-AE-FE (SPIRAL),PVT-v2-b1-AE-PU (RN),PVT-v2-b1-AE-PU (LP),PVT-v2-b1-AE-PU (SG),PVT-v2-b1-AE-PU (GASF),PVT-v2-b1-AE-PU (GADF),PVT-v2-b1-AE-PU (MTF),PVT-v2-b1-AE-PU (RP),PVT-v2-b1-AE-PU (RWT),PVT-v2-b1-AE-PU (MWT),PVT-v2-b1-AE-PU (SPIRAL),PVT-v2-b1-AE-DLR (RN),PVT-v2-b1-AE-DLR (LP),PVT-v2-b1-AE-DLR (SG),PVT-v2-b1-AE-DLR (GASF),PVT-v2-b1-AE-DLR (GADF),PVT-v2-b1-AE-DLR (MTF),PVT-v2-b1-AE-DLR (RP),PVT-v2-b1-AE-DLR (RWT),PVT-v2-b1-AE-DLR (MWT),PVT-v2-b1-AE-DLR (SPIRAL)
001_NAB_id_1_Facility_tr_1007_1st_2014,0.7159848822699445,0.9135407082105356,0.9571643458037604,0.8780338172229457,0.7229678228429326,0.7913516505007777,0.6377324563873259,0.9571643458037604,0.9571643458037604,0.93708825169238,0.7155500212280054,0.852878801010483,0.9571643458037604,0.7999123478234468,0.800844648619308,0.8161106235616076,0.6377324563873259,0.9222189536932692,0.9571643458037604,0.8892291333997353,0.7146806004087761,0.8395850881132685,0.9571643458037604,0.7038462637561841,0.7898271283123212,0.7109101320307031,0.8837965722685602,0.9322279691303887,0.9147191332747212,0.8545634069681458,0.7315266974522215,0.8478730260078521,0.9571643458037604,0.7487469792730034,0.800844648619308,0.7576132928492127,0.956374036444695,0.9322279691303887,0.9571643458037604,0.8065592452233087,0.7244992342783658,0.8482670273691351,0.9571643458037604,0.8443269209853319,0.800844648619308,0.7072397472666396,0.6377324563873259,0.9571643458037604,0.9571643458037604,0.8545634069681458,0.7193265691839572,0.82309741489745,0.9571643458037604,0.7433150756400403,0.800844648619308,0.7302338568507822,0.6799002228182325,0.9322279691303887,0.9571643458037604,0.8507462068504366,0.7140760847390328,0.8389711318938672,0.9571643458037604,0.767102941845411,0.800844648619308,0.7819606377244662,0.8837965722685602,0.9322279691303887,0.9571643458037604,0.860078432118497
002_NAB_id_2_WebService_tr_1500_1st_4106,0.6923775567410148,0.9890224377767376,0.9926054109372155,0.908381201712778,0.7445577458145779,0.9136402337051828,0.9890224377767376,0.9890224377767376,0.94997812482773,0.9926054109372155,0.8481183902712074,0.966026960851504,0.9890224377767376,0.7494473208438246,0.7672690500866635,0.9136402337051828,0.9890224377767376,0.8746489723917807,0.966026960851504,0.9890224377767376,0.7167383186064469,0.9890224377767376,0.9890224377767376,0.7494473208438246,0.7672690500866635,0.9136402337051828,0.9890224377767376,0.9432117459086544,0.966026960851504,0.9890224377767376,0.7042210814510775,0.9890224377767376,0.9890224377767376,0.9582349050363784,0.7672690500866635,0.9136402337051828,0.9890224377767376,0.9323610300356932,0.966026960851504,0.9890224377767376,0.6971016565414735,0.9890224377767376,0.9890224377767376,0.9890224377767376,0.7672690500866635,0.9136402337051828,0.9890224377767376,0.9323610300356932,0.9896934813201228,0.9926054109372155,0.7713689174083689,0.9890224377767376,0.915151165038196,0.9287300820175828,0.7672690500866635,0.9136402337051828,0.7324033918740391,0.9890224377767376,0.9890224377767376,0.9926054109372155,0.7341070243124767,0.9890224377767376,0.9890224377767376,0.9432117459086544,0.7672690500866635,0.8122953191486874,0.9890224377767376,0.966026960851504,0.9291636188513492,0.9926054109372155
005_NAB_id_5_Traffic_tr_594_1st_1645,0.6726343333625958,0.9010002713235138,0.7644168879510944,0.6977155155054775,0.7337446397503212,0.838290486752648,0.7632763002595635,0.9698780938755956,0.7946241579627906,0.8264320514193527,0.9600282985496988,0.8303930100258068,0.8172123522949958,0.7063231385156515,0.7364412011644639,0.838290486752648,0.7478925643357788,0.7921012216739018,0.7991163657892174,0.8172123522949958,0.9600282985496988,0.8303930100258068,0.9714493236086306,0.7173601681201481,0.7364575474074809,0.838290486752648,0.756204175664382,0.9096302635693876,0.8992869841062235,0.8408606935732034,0.9600282985496988,0.8297719401692,0.8177531140701447,0.7088276778660458,0.7340378607103366,0.838290486752648,0.7632763002595635,0.9698780938755956,0.7051548883750021,0.8230311392058635,0.9600282985496988,0.8303930100258068,0.8429189318703446,0.9516207642411444,0.7364575474074809,0.838290486752648,0.7478925643357788,0.7393148662852088,0.8003011500783641,0.799055690345999,0.7744600292449138,0.849841855144815,0.8706727316255681,0.7819759291949148,0.7364575474074809,0.838290486752648,0.7479130545641668,0.9096302635693876,0.691573513004893,0.8260338442493096,0.9600282985496988,0.8303930100258068,0.9714493236086306,0.7554290525696162,0.7364575474074809,0.838290486752648,0.7632763002595635,0.9698780938755956,0.7381393218210448,0.8240475047945975
006_NAB_id_6_Traffic_tr_2579_1st_5839,0.7015137543003336,0.682194971872913,0.969981570007002,0.814419824701494,0.7711533330741952,0.8779172850327226,0.8537219951356602,0.8244366934330917,0.7183886922918209,0.8421945098827339,0.7072096068306286,0.6816775904764203,0.7184644604886203,0.7552639639414479,0.7954680536999268,0.7058125769317797,0.7658513728550977,0.8017712240262634,0.7017796047975703,0.6857806883554097,0.7141534728013493,0.6823614627393481,0.7978545075998488,0.7949420795844181,0.7884615525981805,0.7156738623206826,0.7163348947879264,0.7839582931162973,0.7373775614267348,0.7313234552619392,0.7072096068306286,0.6816775904764203,0.6986505150835647,0.7521597141681311,0.7423287650868106,0.7503059169134986,0.7335812176299823,0.7719821508433954,0.7154238078209286,0.9547535612606338,0.7072096068306286,0.6816775904764203,0.7529846444118958,0.8002121577936319,0.8356148171678309,0.7709058863633386,0.7405776709643814,0.7907312644945736,0.7505605065268635,0.828160019466383,0.7072096068306286,0.6816775904764203,0.7712383651968864,0.8066249470424842,0.7711412575202958,0.7458829733295747,0.7499678295310688,0.8165743523565633,0.7429184902988402,0.7528668018122727,0.7072096068306286,0.6816775904764203,0.8528995260981457,0.7623849911406163,0.7567655733440981,0.7711483095213962,0.7286487570494492,0.823860027243434,0.8682207827808391,0.7783566408151896
008_NAB_id_8_Synthetic_tr_1007_1st_2734,0.8650661778521734,0.990709514154914,0.9781862919902046,0.9890251255263868,0.9815584185423036,0.9855725675203434,0.0,0.990416142073634,0.9480583200576652,0.9762277880236636,0.911595593900894,0.9931337681118604,0.9888547625316444,0.9765292989819992,0.9838309986752748,0.9663758244766854,0.5930676050601723,0.9308741109983036,0.9741235585003286,0.9818719048444596,0.8637091971973465,0.990709514154914,0.981430694873004,0.9927903316767984,0.9706778389491094,0.9802278038853156,0.5930676050601723,0.9789445369624892,0.9902064861470368,0.9856968668158524,0.8502318457686079,0.990709514154914,0.9891432483537388,0.988044340941578,0.9838309986752748,0.9695143410083628,0.5930676050601723,0.9830496857992742,0.9867218796417152,0.9794900502150397,0.8410243620824902,0.990709514154914,0.9891875567319968,0.9539162871868322,0.9838309986752748,0.9856968668158524,0.5930676050601723,0.93913533693515,0.9769807721176832,0.9891432483537388,0.911595593900894,0.990709514154914,0.9888547625316444,0.986459224407566,0.9838309986752748,0.9810773664543964,0.9558267480392946,0.988610250940548,0.986100720360505,0.980851559036512,0.8727073490797117,0.990709514154914,0.9819000338926592,0.988477157672138,0.9838309986752748,0.9837904008107377,0.5930676050601723,0.988610250940548,0.9851507911592818,0.988435959745351
009_NAB_id_9_Traffic_tr_500_1st_438,0.7020164278236879,0.9910123838581856,0.978174852844539,0.8199772190900684,0.7174161268750521,0.8737900443691714,0.80089277506911,0.990426986780124,0.978174852844539,0.8129458878402759,0.7881514953550908,0.9832498608792426,0.990426986780124,0.740264783182769,0.7344254996007745,0.7057538686511697,0.7544390439152545,0.7842102864564424,0.7267524374367343,0.990426986780124,0.6862984872780465,0.990426986780124,0.990426986780124,0.7732233303684706,0.8761034217258511,0.8633363370901657,0.7662878106718783,0.7718613847558554,0.8909946575718227,0.9832498608792426,0.7020164278236879,0.990426986780124,0.9910123838581856,0.7732233303684706,0.7230921194904854,0.7651009170428386,0.7444388404439326,0.8107630077283856,0.7419705159034314,0.993153043933486,0.7020164278236879,0.990426986780124,0.990426986780124,0.9704158683647012,0.6943725197465797,0.990426986780124,0.7529030906931751,0.8300252238951741,0.817602071504848,0.9937352848035902,0.6862984872780465,0.990426986780124,0.990426986780124,0.9704158683647012,0.7035289720114007,0.7138058059104823,0.7577040676149285,0.9026423270495684,0.7967533460867039,0.990426986780124,0.6862984872780465,0.990426986780124,0.9832498608792426,0.9704158683647012,0.6978703350443171,0.7196862056214107,0.7380244646202586,0.9165752566549434,0.8443524116096347,0.990426986780124
010_NAB_id_10_WebService_tr_500_1st_271,0.6904050342173654,0.9878025426660024,0.986828774062816,0.7149650349650343,0.6822309829458721,0.7541704670545678,0.0,0.7171521245540053,0.6706841545551218,0.986828774062816,0.6768533681974914,0.9878025426660024,0.9878025426660024,0.910628758884636,0.7667027251924272,0.8815934221718168,0.0,0.6949173732497154,0.679151134462414,0.986828774062816,0.6793068541970285,0.9878025426660024,0.9353546663349116,0.910628758884636,0.744233387529576,0.6502167651963009,0.0,0.7322682614267401,0.6702436635239372,0.986828774062816,0.6903779078316614,0.9878025426660024,0.9878025426660024,0.910628758884636,0.8934198813056373,0.6854789238454119,0.0,0.7305075007979568,0.8506304222093689,0.986828774062816,0.6781513793336648,0.9878025426660024,0.986828774062816,0.7675653255910405,0.726452099316359,0.6854789238454119,0.0,0.6921693583587947,0.687224839917844,0.986828774062816,0.6775538685769913,0.9878025426660024,0.986828774062816,0.7125502829777965,0.6945634501501247,0.6724434510505136,0.0,0.7171521245540053,0.6728532237731628,0.986828774062816,0.6805423915350565,0.9878025426660024,0.986828774062816,0.8647063322116849,0.7667027251924272,0.6792524029520052,0.0,0.7171521245540053,0.6692087495450861,0.9878025426660024
011_NAB_id_11_Facility_tr_1007_1st_1526,0.712923765904836,0.8706066437795074,0.9755240931692596,0.992758618508844,0.6713242935405281,0.949993077486006,0.6799538356951254,0.992758618508844,0.7460682777138469,0.9782844385709424,0.7985630647629824,0.8995764042927671,0.9755240931692596,0.995426992727341,0.6713242935405281,0.7599595824880402,0.7617148259764813,0.9861607995416636,0.8147573747844153,0.8898043146088113,0.7083150310732498,0.8706066437795074,0.9755240931692596,0.995426992727341,0.6713242935405281,0.7368607469206647,0.7985630647629824,0.9888641990984692,0.949993077486006,0.9755240931692596,0.9192051318807334,0.8706066437795074,0.9755240931692596,0.995426992727341,0.6713242935405281,0.949993077486006,0.7841810245194781,0.9861607995416636,0.8314654403855993,0.9755240931692596,0.7985507246376806,0.8706066437795074,0.9900760309196628,0.8297561819645365,0.6713242935405281,0.7368607469206647,0.7065785474708616,0.9861607995416636,0.7424220969858303,0.7133822938854585,0.7985630647629824,0.8706066437795074,0.9755240931692596,0.995426992727341,0.6713242935405281,0.949993077486006,0.716550648515099,0.9915085199749238,0.8334463117771901,0.9755240931692596,0.6963764875668679,0.8706066437795074,0.9782844385709424,0.995426992727341,0.6713242935405281,0.8495914659978431,0.7068287080545456,0.9915085199749238,0.8097006828628865,0.9782844385709424
013_NAB_id_13_Traffic_tr_623_1st_2084,0.8286785324687407,0.9545938154646096,0.9545938154646096,0.924335303456251,0.8763809617033732,0.8231739753145042,0.7926141886594061,0.9545938154646096,0.9545938154646096,0.9545938154646096,0.850244171310133,0.8174184326745957,0.9545938154646096,0.8147027626853257,0.971849512239256,0.7992138583644042,0.8174220051014991,0.9545938154646096,0.9545938154646096,0.9545938154646096,0.8662128785205876,0.8376863919878622,0.9545938154646096,0.971849512239256,0.971849512239256,0.8069009187384979,0.7926141886594061,0.9545938154646096,0.9545938154646096,0.9545938154646096,0.8409504248848098,0.8363327687904846,0.9545938154646096,0.7629387680366104,0.969572248553847,0.8304409773278155,0.8091172902717365,0.9545938154646096,0.9545938154646096,0.9545938154646096,0.7491372825575727,0.9545938154646096,0.9545938154646096,0.971849512239256,0.971849512239256,0.7963740193073826,0.7926141886594061,0.9545938154646096,0.9545938154646096,0.9545938154646096,0.837448281468464,0.8363327687904846,0.9545938154646096,0.971849512239256,0.971849512239256,0.8307908916140926,0.7926141886594061,0.9545938154646096,0.9545938154646096,0.9545938154646096,0.8424419371991156,0.8363327687904846,0.9545938154646096,0.971849512239256,0.971849512239256,0.7678431065897082,0.7926141886594061,0.9545938154646096,0.9545938154646096,0.9545938154646096
014_NAB_id_14_WebService_tr_500_1st_1045,0.7775986943390356,0.7755596234413185,0.784213853518658,0.9581127261430256,0.7441562593921611,0.8003566822739361,0.7911286379793069,0.966853906808156,0.7304368008972598,0.7324870180371768,0.8005848558295305,0.6821972385399405,0.966853906808156,0.966853906808156,0.8404086163071439,0.7885778636560732,0.7911286379793069,0.7596857827758914,0.966853906808156,0.966853906808156,0.7724015426440184,0.7046208155250271,0.966853906808156,0.966853906808156,0.8404086163071439,0.8398983169350747,0.5780343969987477,0.966853906808156,0.966853906808156,0.966853906808156,0.7724015426440184,0.966853906808156,0.7221885428131449,0.966853906808156,0.8404086163071439,0.8801905171742141,0.7911286379793069,0.966853906808156,0.966853906808156,0.966853906808156,0.6993956978464603,0.966853906808156,0.7911139685051004,0.9800572012786164,0.8404086163071439,0.8076639040398732,0.5780343969987477,0.966853906808156,0.966853906808156,0.966853906808156,0.7656874115509859,0.966853906808156,0.966853906808156,0.9800572012786164,0.8180022365166932,0.8180373645360888,0.7911286379793069,0.966853906808156,0.966853906808156,0.966853906808156,0.7887531980639494,0.966853906808156,0.7797400639909862,0.966853906808156,0.8733078065518909,0.7233703764250022,0.5780343969987477,0.966853906808156,0.966853906808156,0.966853906808156
015_NAB_id_15_Synthetic_tr_1007_1st_2787,0.943969481342107,0.6914203271012381,0.9661820939565464,0.7675504571369308,0.9643994624772104,0.7064140640430643,0.7528323270811329,0.7268745720939999,0.6811469597772392,0.679162870799066,0.7728921431268937,0.6789644255732744,0.8083077490878896,0.7675504571369308,0.9613319410460052,0.7112953320875525,0.7261599342367853,0.9712670525864968,0.6897626105373883,0.6699757497241525,0.8308589614513523,0.6840313325873189,0.757649132344694,0.7675504571369308,0.9643994624772104,0.7112953320875525,0.7173323306358944,0.7389711718258051,0.8238605806878692,0.9661820939565464,0.943969481342107,0.6911084400228715,0.6699757497241525,0.7675504571369308,0.8182277788188601,0.7106491472631864,0.7442195539048447,0.7060324229406999,0.7943931040280784,0.6775589596332074,0.8308589614513523,0.6855317938638346,0.682878879045854,0.8945097820763876,0.9643994624772104,0.7130018254623717,0.7399419080252292,0.6949982804985075,0.6902610954493529,0.6699757497241525,0.7923992410866797,0.6848701464553,0.9661820939565464,0.7675504571369308,0.9643994624772104,0.7675504571369308,0.7289927282493188,0.7529974619436745,0.8330809080568714,0.9661820939565464,0.7844371694438098,0.6813383963997136,0.6807637224481569,0.7137880190612056,0.9643994624772104,0.7781958741341097,0.7310047202818113,0.7953005881396606,0.7221584319368924,0.6863302000023762
016_NAB_id_16_Environment_tr_1816_1st_3540,0.7455353865358371,0.7343052187679006,0.7737078573122664,0.6958280512131144,0.7451817265971361,0.8984446732200353,0.8439752261547477,0.8717106589615952,0.681247545904711,0.8846869309416592,0.7516936615007717,0.6797208435387183,0.7737078573122664,0.7511779729216018,0.832822494238269,0.7743548768111598,0.7151756271467696,0.8218075617475633,0.6867533159036144,0.7630613202556876,0.739417799076551,0.6818813408500318,0.7767237388697869,0.7391728957288185,0.8078510517280985,0.8342320197384718,0.7455781143546785,0.7942070707351248,0.7284289690458438,0.9024202808548012,0.7402006608744853,0.6709034207685279,0.9094006100533232,0.7631279174448091,0.6831724481273209,0.801430506318555,0.8852772274716889,0.8801281438394899,0.7068246519106253,0.8815623309391184,0.7224251712087475,0.6709034207685279,0.9090635512547912,0.7141562809345026,0.7465680053697693,0.7858008417211217,0.776384191711439,0.876173883535067,0.7594233450385521,0.7799905575998243,0.7211772697745512,0.705370512548424,0.8368215414377091,0.7410690087086371,0.7405092489497522,0.8287271020650037,0.8395818927277069,0.8846739337649566,0.6849399842040126,0.7644064760540044,0.7466836957794288,0.6709034207685279,0.9259702784175609,0.7639598862637673,0.8463559641959612,0.8517662566384102,0.7332002503037653,0.8806388776507627,0.6923739130915707,0.7446994585229084
017_NAB_id_17_Synthetic_tr_1007_1st_1805,0.7100792007624301,0.9690611839215169,0.9690611839215169,0.9690611839215169,0.0,0.9690611839215169,0.0,0.9673359406589892,0.6851300012107815,0.96735348483201,0.6697892242987058,0.96735348483201,0.9690611839215169,0.9690611839215169,0.5986124048279616,0.6744489335215547,0.9374826306985502,0.9673359406589892,0.6851300012107815,0.96735348483201,0.6764067743267133,0.96735348483201,0.9690611839215169,0.9690611839215169,0.9374826306985502,0.96735348483201,0.9374826306985502,0.8430560680570595,0.9690611839215169,0.96735348483201,0.7100792007624301,0.6851300012107815,0.9690611839215169,0.9690611839215169,0.9374826306985502,0.96735348483201,0.5986124048279616,0.8430560680570595,0.9673359406589892,0.96735348483201,0.6706377356660418,0.96735348483201,0.96735348483201,0.9690611839215169,0.5986124048279616,0.9690611839215169,0.5986124048279616,0.9673359406589892,0.8430560680570595,0.96735348483201,0.6706377356660418,0.9690611839215169,0.96735348483201,0.96735348483201,0.5986124048279616,0.96735348483201,0.9374826306985502,0.8430560680570595,0.8430560680570595,0.96735348483201,0.6697892242987058,0.96735348483201,0.96735348483201,0.9690611839215169,0.5986124048279616,0.96735348483201,0.9374826306985502,0.8430560680570595,0.9673359406589892,0.96735348483201
018_NAB_id_18_Facility_tr_500_1st_669,0.7234038284047856,0.7492043519280523,0.8027392825484861,0.7355162887347951,0.6903274308314857,0.8983710719345056,0.6266464674049383,0.8037531851401561,0.7153350679800565,0.748099289510795,0.721394173475509,0.6813663861288698,0.737179227919332,0.7355162887347951,0.7647999132460975,0.7211919340541798,0.6647734375467095,0.7576381714351772,0.6979686920567822,0.9031197261404372,0.7304235805396427,0.6839165847528282,0.8362441774362284,0.7362969852412076,0.7647999132460975,0.7227729375344496,0.6668258322088862,0.8898555542866634,0.7085369547220429,0.8087765092995136,0.7017704506638589,0.7375906190518438,0.7566131356805896,0.7512114621787237,0.7647999132460975,0.8089178004227909,0.6628064913715348,0.8283643286150082,0.7323635256633884,0.7397930632536884,0.6845924879770403,0.7127508471973965,0.7082498136745016,0.7474322348255675,0.7647999132460975,0.8411616890618224,0.6715141329313291,0.9009710608912064,0.6702346649887431,0.6953052333263575,0.6793597477447764,0.7817762269454736,0.7522793066193311,0.7355162887347951,0.7647999132460975,0.7700944356631068,0.6715141329313291,0.7885629427371389,0.723966361891833,0.8795833062411669,0.7049510540648408,0.7584001183809883,0.8200994509769123,0.7512114621787237,0.7647999132460975,0.8411616890618224,0.6647734375467095,0.981187681100894,0.7338474163905319,0.7793517438094609
019_NAB_id_19_Facility_tr_1007_1st_1171,0.6836261513460724,0.6744314084248142,0.8247617721429245,0.6744314084248142,0.6773983232952723,0.6870758229902022,0.6348448234752483,0.8230329011694734,0.8250709925858069,0.6744314084248142,0.6701327157105378,0.8224984478128351,0.822120848309284,0.6765488355247732,0.8095832484984821,0.7168538394713414,0.6348448234752483,0.8230329011694734,0.6752651499456755,0.8204945351692422,0.6852341909684609,0.905338759867468,0.822120848309284,0.6744314084248142,0.7525042324128558,0.7957545528433734,0.8932368068746322,0.8221942395422894,0.8206090659524551,0.6744314084248142,0.6852341909684609,0.9192551047876508,0.6761532670144982,0.6772137448206911,0.6773983232952723,0.7318778792954881,0.6348448234752483,0.8238284189700815,0.8163521319566615,0.6753392052115998,0.6852341909684609,0.7846664277021319,0.822120848309284,0.7043521883927678,0.7059465433685752,0.6744314084248142,0.6348448234752483,0.8221942395422894,0.6757093573809048,0.6744314084248142,0.6852341909684609,0.905338759867468,0.8245903407813708,0.6976619136948877,0.675413252198319,0.6724069396713279,0.6348448234752483,0.8221942395422894,0.820546690692208,0.8179602848102107,0.6749071658369717,0.7431243889375598,0.8245903407813708,0.6772137448206911,0.8293063586189066,0.6744314084248142,0.6348448234752483,0.8237497260418408,0.8241857097184061,0.7248435968305903
020_NAB_id_20_Synthetic_tr_1007_1st_2679,0.8486187510264096,0.7691695952646135,0.7330124331979472,0.9820718474900064,0.8101400481021463,0.987374972431788,0.987374972431788,0.6891762037393538,0.6862785941711543,0.6816724368850953,0.8171895196430939,0.7589509726299092,0.6786512944565666,0.9820718474900064,0.8101400481021463,0.9809183762345391,0.947768432223689,0.8165210209168753,0.7229797640275781,0.8122009012162633,0.7844570288292,0.9360883896268408,0.9360883896268408,0.9809183762345391,0.8101400481021463,0.9809183762345391,0.947768432223689,0.7812385303871037,0.6948962353724547,0.7308668456638328,0.7761256039840745,0.7205256300112721,0.6946741344345162,0.9820718474900064,0.8101400481021463,0.9809183762345391,0.947768432223689,0.7147784307033118,0.93517624924727,0.7500853938237867,0.7690546344307713,0.7205256300112721,0.9809183762345391,0.9809183762345391,0.8101400481021463,0.9809183762345391,0.947768432223689,0.6862785941711543,0.6997402320007785,0.7216595726539915,0.7370561181199893,0.7205256300112721,0.9809183762345391,0.9820718474900064,0.8101400481021463,0.987374972431788,0.947768432223689,0.6988254071156016,0.6989085383844965,0.7535278111240905,0.805985030495411,0.7205256300112721,0.7589509726299092,0.9820718474900064,0.8101400481021463,0.9809183762345391,0.947768432223689,0.6891762037393538,0.7323892807568687,0.7446856173307392
022_NAB_id_22_Facility_tr_1007_1st_2980,0.8866257598037282,0.7060720512580468,0.8546647417375732,0.8179410767546265,0.6908991123518212,0.7844507162619648,0.5976927211915761,0.9465772084042712,0.8555941560813114,0.8546647417375732,0.8949569191122726,0.69779901498375,0.8546647417375732,0.6909055824737677,0.8573744458750413,0.7762156380340969,0.7526215163059372,0.9258508150829692,0.8172508418917813,0.8546647417375732,0.8583965100665726,0.6965853346750135,0.8546647417375732,0.7129113515199571,0.6958689510125478,0.7519499584153956,0.7683438988618436,0.884792784292911,0.7308234098757384,0.8546647417375732,0.8711853669056477,0.6970893510333865,0.8546647417375732,0.746954941041909,0.6916174328499243,0.7545698392445535,0.9629998108410752,0.9452774517670184,0.8322225358880379,0.8546647417375732,0.8583965100665726,0.7008667249461814,0.8546647417375732,0.6911676226923903,0.7249531489424971,0.8231899118889968,0.7683438988618436,0.9545531286237124,0.7146112850774335,0.8546647417375732,0.8840818316049958,0.6997802939299517,0.8546647417375732,0.7042232402743253,0.7626835407477607,0.778060109778745,0.7683438988618436,0.9452774517670184,0.8195420723995043,0.8546647417375732,0.8517011720923717,0.6944564152635541,0.8546647417375732,0.8461513321003115,0.7873579180296535,0.7454264025934098,0.7355582828286,0.9465772084042712,0.7350271576945101,0.8546647417375732
023_NAB_id_23_Facility_tr_4512_1st_16551,0.979477302229332,0.9952409533126284,0.9703603865262288,0.9169612519017674,0.9926780251159186,0.9613644781116912,0.9877123866915348,0.9613644781116912,0.980132983655582,0.9759475102082976,0.979477302229332,0.9317010310635636,0.9921849067764216,0.9936815428649906,0.9877123866915348,0.9613644781116912,0.9613644781116912,0.7842787308381255,0.9896378081716976,0.9747954265805449,0.979477302229332,0.9972482080647956,0.9947690285539412,0.9925116203497067,0.9877123866915348,0.9613644781116912,0.9613644781116912,0.8110892291873091,0.980132983655582,0.9694768046405986,0.979477302229332,0.9952409533126284,0.9922475119909268,0.9934005596305772,0.9877123866915348,0.9617872269527332,0.9613644781116912,0.8004598864318087,0.9757026769490844,0.9654364972768116,0.979477302229332,0.9685125788127186,0.9945198130021166,0.9936815428649906,0.9877123866915348,0.9613644781116912,0.9613644781116912,0.8023966156302694,0.9803573384524232,0.9694768046405986,0.979477302229332,0.9884963013121314,0.9943016480059408,0.9936815428649906,0.9877123866915348,0.9613644781116912,0.9613644781116912,0.7970945064332979,0.9757026769490844,0.9772679722461785,0.979477302229332,0.9935441928852028,0.9947067362485554,0.9801099015622152,0.9877123866915348,0.9613644781116912,0.9613644781116912,0.7936563489399151,0.980132983655582,0.9722578720357528
024_NAB_id_24_Synthetic_tr_1007_1st_2787,0.6797375256159348,0.681901797943976,0.7044548800549219,0.9624795430210178,0.841462382435065,0.7851284122545799,0.9624795430210178,0.9820485155481152,0.6921467482418517,0.6922013725932781,0.6855648038049936,0.683469974929258,0.7382319452069664,0.9624795430210178,0.7751013730196582,0.8392481024526943,0.7950581911374693,0.7297435541245302,0.9624795430210178,0.9749826472571428,0.6766396834776485,0.683130050902487,0.9207704401329602,0.9098085389286475,0.8050729201621205,0.7696126068373975,0.8154472229064341,0.7310811800537088,0.9624795430210178,0.9661820939565464,0.6812138348773653,0.6753456901702917,0.9661820939565464,0.8122477760185564,0.7330825399093311,0.8495360531927014,0.8201930271586919,0.9624795430210178,0.9624795430210178,0.9643994624772104,0.6766396834776485,0.6797375256159348,0.9749826472571428,0.9624795430210178,0.7751013730196582,0.70270360617788,0.9643994624772104,0.9624795430210178,0.9624795430210178,0.9661820939565464,0.6766396834776485,0.6864970191745412,0.9643994624772104,0.9624795430210178,0.841462382435065,0.7274171429405868,0.8188039366710422,0.79570879376696,0.8789493881627506,0.9643994624772104,0.6766396834776485,0.6797375256159348,0.9643994624772104,0.9624795430210178,0.841462382435065,0.7069476703485794,0.9643994624772104,0.9820485155481152,0.9624795430210178,0.6941682448049574
025_NAB_id_25_WebService_tr_3958_1st_4614,0.7523358808816007,0.741075506291212,0.9647044641508884,0.7196742716037976,0.7463302639067686,0.6864548868190181,0.6806716523347464,0.7718454744049943,0.7402668248937945,0.9647044641508884,0.7663379012547301,0.7948260976642417,0.9647044641508884,0.8360774809116136,0.6906315574990161,0.6996240574505991,0.7295018932269609,0.920967148749372,0.7192192065993779,0.6834012671432459,0.7720901446721606,0.7652733833572996,0.8843896131029496,0.8738781425785143,0.6908107177236528,0.7206791655065868,0.6890332378068836,0.7080017290704738,0.8228261551481167,0.9647044641508884,0.7663379012547301,0.6979026694037532,0.9647044641508884,0.9647044641508884,0.6906315574990161,0.7142686689454865,0.703918683127845,0.773881609057801,0.7863092604260661,0.9647044641508884,0.7726166769378098,0.7764228781627921,0.9647044641508884,0.8433527947320062,0.6906315574990161,0.7066760590559001,0.7029942296855166,0.8645990722535363,0.7145787133358765,0.9647044641508884,0.7743047221958536,0.7827630637271675,0.9647044641508884,0.7894570075631847,0.6906315574990161,0.701498720691545,0.7478538901110218,0.698615201436418,0.7205994526145594,0.9647044641508884,0.7642855057966581,0.8270395813715927,0.9647044641508884,0.9647044641508884,0.6906315574990161,0.6959286805096399,0.7041771719217562,0.8663515778716694,0.7066774367792892,0.9647044641508884
026_NAB_id_26_Traffic_tr_624_1st_2261,0.7304750683488932,0.9730782540259212,0.9730782540259212,0.7783683797436372,0.717748527626061,0.7790800207281773,0.6677293162536228,0.9730782540259212,0.9730782540259212,0.9730782540259212,0.7653729170438206,0.9730782540259212,0.9730782540259212,0.8123017332080715,0.973137330082272,0.7149739579320549,0.8577956030022269,0.9730782540259212,0.9853599087562868,0.9730782540259212,0.7466739733006282,0.9730782540259212,0.9730782540259212,0.915704197327281,0.973137330082272,0.679460345276615,0.6677293162536228,0.9730782540259212,0.9730782540259212,0.9730782540259212,0.7304750683488932,0.8623431695663236,0.9730782540259212,0.8291382248676885,0.973137330082272,0.8119412711314936,0.8577956030022269,0.9730782540259212,0.9730782540259212,0.9730782540259212,0.7628060266198702,0.9730782540259212,0.9730782540259212,0.984817476153874,0.973137330082272,0.6835566750203645,0.8577956030022269,0.9730782540259212,0.9730782540259212,0.9730782540259212,0.9196762970306974,0.9730782540259212,0.9730782540259212,0.8194680670858892,0.973137330082272,0.692259851207979,0.6677293162536228,0.9730782540259212,0.9730782540259212,0.9730782540259212,0.7304750683488932,0.9730782540259212,0.9730782540259212,0.8234624538067723,0.7727230695597331,0.6910492638542376,0.6677293162536228,0.9730782540259212,0.9730782540259212,0.9730782540259212
027_NAB_id_27_Facility_tr_757_1st_2582,0.666322430718143,0.8349835325257265,0.979754360383601,0.9684150836404872,0.756674706824516,0.9226970810741476,0.6517366475847991,0.6746083304963474,0.6844258276793328,0.8077017930973864,0.6790710102075402,0.9849913518942136,0.979754360383601,0.6768593938362379,0.9684150836404872,0.8105995558290418,0.6896632072144686,0.6826995052393551,0.7709608141726342,0.9776903624613652,0.6691794368574515,0.9849913518942136,0.8303959922579985,0.6801350885738283,0.9684150836404872,0.7602434927159428,0.6921427002663348,0.6821375342976685,0.6755636300735725,0.9776903624613652,0.6790710102075402,0.9849913518942136,0.8243313215402288,0.6815752696413616,0.9684150836404872,0.787558453626361,0.7465485448341108,0.6711936940740254,0.6762660712845332,0.8133702314504275,0.6821462950391696,0.9849913518942136,0.6834081362558637,0.6794091035443353,0.9684150836404872,0.7060884966196214,0.6517366475847991,0.7022732266799715,0.7672197835235693,0.9776903624613652,0.666322430718143,0.9849913518942136,0.979754360383601,0.7638974711661708,0.9684150836404872,0.7602434927159428,0.6921427002663348,0.6760357501696967,0.6759614653622603,0.8243313215402288,0.6790710102075402,0.9849913518942136,0.979754360383601,0.6712026862045047,0.9684150836404872,0.7602434927159428,0.6517366475847991,0.6692222411492118,0.7007132518505012,0.7698674639083019
028_NAB_id_28_Facility_tr_1007_1st_3447,0.904340789980428,0.7914068750323512,0.9561464631706708,0.8271319185760954,0.8033145587918958,0.9525560204346302,0.0,0.9561464631706708,0.9639912215879772,0.9561464631706708,0.8642823351534449,0.7730618297826171,0.970430519381032,0.8271319185760954,0.9034079104211784,0.7224797411062934,0.9913971569213778,0.9639912215879772,0.9639912215879772,0.7903897231116505,0.9702988268106084,0.7883365894525125,0.8050445076518983,0.8271319185760954,0.8672898265512191,0.738588575741051,0.5826221504234635,0.774441848165939,0.8157236002203512,0.9561464631706708,0.9364029897855912,0.7700835068820725,0.9561464631706708,0.8271319185760954,0.9034079104211784,0.6763994950037964,0.5826221504234635,0.774441848165939,0.9639912215879772,0.7903897231116505,0.8951675530535752,0.7616509782470279,0.9561464631706708,0.8468963181170643,0.9034079104211784,0.6762158423555222,0.5826221504234635,0.9639912215879772,0.8783076214344554,0.7435220005524034,0.8748307755475911,0.7616509782470279,0.9639912215879772,0.8271319185760954,0.9034079104211784,0.6926969262909509,0.5826221504234635,0.745949772571041,0.9639912215879772,0.7555670243534095,0.8659043863361653,0.7616509782470279,0.8433994769687447,0.7168165339090438,0.9034079104211784,0.6771419127463368,0.5826221504234635,0.774441848165939,0.9639912215879772,0.9561464631706708
032_WSD_id_4_WebService_tr_4559_1st_11822,0.7425278793763238,0.995662514692726,0.995662514692726,0.943712003962112,0.740374157053591,0.8653308503271961,0.7419113985709596,0.9156643832079092,0.9124770404487011,0.995662514692726,0.8229649866668246,0.995662514692726,0.8961718835456823,0.995662514692726,0.7595361477911612,0.8653308503271961,0.7044302148939997,0.8326025039992413,0.8000444754398544,0.7004555851639884,0.8229649866668246,0.995662514692726,0.6966259257354305,0.995662514692726,0.7269912944297956,0.8653308503271961,0.8175579689863679,0.9124770404487011,0.9124770404487011,0.943712003962112,0.8229649866668246,0.995662514692726,0.943681696887888,0.995662514692726,0.7595361477911612,0.8653308503271961,0.70396006408749,0.943712003962112,0.9124770404487011,0.995662514692726,0.8229649866668246,0.995662514692726,0.7347578215785996,0.995662514692726,0.7595361477911612,0.9615875272826856,0.8154959071900452,0.943712003962112,0.9124770404487011,0.9571756959950546,0.8229649866668246,0.995662514692726,0.943712003962112,0.995662514692726,0.7783660407810677,0.8653308503271961,0.8000444754398544,0.9124770404487011,0.9124770404487011,0.8490092792398143,0.8229649866668246,0.995662514692726,0.995662514692726,0.995662514692726,0.8653308503271961,0.8653308503271961,0.7791415201891813,0.9124770404487011,0.9124770404487011,0.995662514692726
039_WSD_id_11_WebService_tr_1746_1st_1846,0.6861001423083147,0.7823642630701024,0.8287480229306161,0.8054223617431727,0.7134301879710316,0.8544604294645756,0.7627147953240669,0.8710826025173585,0.7885218416430854,0.8410938268890654,0.6849795855400018,0.6935154620729349,0.8287480229306161,0.8262377297857031,0.7127689352780388,0.8561349035677125,0.8217669389110764,0.8193062989710762,0.767532186361617,0.8129548005861824,0.7753299635251069,0.7418650350037838,0.8228613931850042,0.8262377297857031,0.7132571457040366,0.8534341602449542,0.7903776347721752,0.8643026307079905,0.733514595872559,0.8723420587231646,0.7756579893718966,0.7388220422406614,0.8226217517481611,0.8356334396194924,0.7136424032853415,0.8538505838725243,0.8010091121938929,0.830106704358874,0.7887144519446264,0.8583862444269725,0.6840646051436006,0.7301033616686693,0.8297484106854474,0.8054223617431727,0.7134301879710316,0.8477837911206859,0.8105829488206618,0.8647939687493902,0.7622344665955384,0.8119690527230254,0.7908272829411234,0.7378282619474433,0.8280330466781415,0.8100506439922955,0.7130985368854923,0.8479224478246005,0.7953991869888953,0.8744120894385615,0.779008355681359,0.894062125169566,0.7330267486262413,0.739220352448124,0.822715163455663,0.8356334396194924,0.7121803705930572,0.8514117039290349,0.8372600133779109,0.8697624335780648,0.7790564205999805,0.8925697909929143
040_WSD_id_12_WebService_tr_4559_1st_9714,0.7584730575214439,0.7436025497954417,0.7335386249009738,0.7226998896709338,0.7185104556487837,0.8715502787342877,0.7392647225050617,0.7869049329595221,0.8050911261816494,0.7314920226828855,0.7212149370609482,0.7350065933317578,0.7312005873336941,0.7537418147382015,0.7333404888697466,0.8793508202888881,0.740810722225105,0.7639762513183677,0.7685715103608054,0.7284864056120777,0.7247525451463894,0.7380805201956412,0.7494671438141125,0.786302671858586,0.7192398028568445,0.7735356997294877,0.7377547331035189,0.7247363068411593,0.7968887323307415,0.7614812491340976,0.7187078115792944,0.7282384130183752,0.7413987796860242,0.7911364648872886,0.7185104556487837,0.7988087946819347,0.74141071682147,0.7447488710692932,0.8278168721713949,0.7330823059794523,0.7211573213819742,0.7296923926603714,0.7545993488548004,0.7826839023309613,0.7218765106112284,0.7724344815205817,0.7437209739812688,0.7816310682806893,0.7851421131293121,0.7627709415217508,0.7183279857633725,0.7269446520161735,0.7532799693312271,0.7765525907516411,0.7187253560321191,0.7972953257930887,0.7320175125053778,0.7784308695795046,0.7664748905721487,0.7354015575375644,0.7206015468858807,0.7283816740692921,0.7844826370957918,0.8079405284099677,0.7197884604295539,0.7747767159101545,0.7401732076599938,0.7795002639794582,0.7807989197726332,0.7415947031596357
043_WSD_id_15_WebService_tr_4521_1st_6828,0.6708728355788723,0.9971005378496364,0.9295576506944304,0.9971005378496364,0.7692889194060244,0.7088412205225044,0.6627714126845737,0.7707636284618031,0.6882762942563334,0.8748317619769098,0.6977326210263378,0.9971005378496364,0.8345591631979635,0.9379298705396908,0.6825839783269313,0.7147740795993144,0.6745460716629587,0.7325924789979092,0.6684441776098333,0.7818297435707177,0.7559417981641443,0.9971005378496364,0.680380740323063,0.9379298705396908,0.6650788606977708,0.7047634885260488,0.6745460716629587,0.7953236191717584,0.6669254721544898,0.812150433480439,0.7559417981641443,0.9971005378496364,0.7489616945399634,0.9379298705396908,0.6635238154825568,0.7065942045709517,0.6745460716629587,0.6831540053367123,0.6673428737665356,0.7340143095889424,0.7559417981641443,0.9971005378496364,0.6745434831212144,0.9379298705396908,0.6798270330704792,0.7019585112419905,0.6627714126845737,0.6679543798631967,0.6749077219408733,0.7041373843888411,0.6675672051432339,0.9971005378496364,0.6708419310217743,0.9379298705396908,0.6788577029884396,0.7067622407740131,0.6745460716629587,0.7014840150166765,0.775589695593843,0.7562373634094592,0.6675672051432339,0.9971005378496364,0.856965150935425,0.9971005378496364,0.6805054427854886,0.7017147106716856,0.6745460716629587,0.696585999373686,0.7017244909955325,0.9153538919205718
049_WSD_id_21_WebService_tr_4297_1st_7097,0.6842587617610248,0.8073050808592622,0.8188093881945656,0.996614391978238,0.7039992836560008,0.8718380518986248,0.7257581298591316,0.8263672757948866,0.8529594241752679,0.8454659152038325,0.6764711262139107,0.7537341202960279,0.8182658906595677,0.996614391978238,0.8100948296509336,0.8832908688090653,0.712366102738408,0.7396599228628057,0.7940268956607854,0.8343272306660363,0.6854431405882042,0.7973702907227586,0.830548471426826,0.996614391978238,0.8476130142793838,0.840353869955339,0.7112944069632752,0.8049503868205471,0.8002193924588953,0.823904422699339,0.6842587617610248,0.7920692017216737,0.9155886702499708,0.996614391978238,0.8239816618683315,0.8832908688090653,0.7089278508309754,0.8333045279265243,0.8191029880906422,0.8243603297942802,0.6764711262139107,0.7942026652412564,0.9005201194520113,0.996614391978238,0.8239816618683315,0.8832908688090653,0.7088775077274732,0.7745668270438909,0.753878214121059,0.8703563002868395,0.6764711262139107,0.7864343139008688,0.8155518109428942,0.996614391978238,0.8106280813279224,0.8832908688090653,0.7055500885466613,0.7535729540364763,0.8373060854964429,0.8263789073424689,0.7006051435133245,0.7971093161997038,0.8150088257188574,0.996614391978238,0.8239816618683315,0.8832908688090653,0.7176342238146297,0.796029568450111,0.8164912610031485,0.8364303031691451
054_WSD_id_26_WebService_tr_2409_1st_2509,0.7427813278385574,0.7851790937421154,0.8604245787320819,0.8813473598350232,0.6903405772958022,0.6707920234755905,0.6687409816917643,0.6665706516518043,0.7099286250365971,0.8813473598350232,0.6787330696331094,0.9893657899754024,0.6834245767985136,0.8832164034617542,0.6656164081652366,0.6701050206019616,0.6945268344519062,0.724816179115488,0.713591315679934,0.7922014052675377,0.7602864621299013,0.9913505485427212,0.6844467293494347,0.8813473598350232,0.6656164081652366,0.6701123745675769,0.6905302868937004,0.668230112566272,0.6760768120742674,0.8063152479665677,0.7381519551026917,0.9913505485427212,0.7758302016842665,0.8813473598350232,0.667668336450269,0.6696353306577337,0.7110604880927931,0.6720975995857377,0.6729332767671665,0.7995432614203466,0.6858444580989168,0.9551597199602312,0.6731032494586562,0.8813473598350232,0.6656164081652366,0.6712694353581034,0.7095321277372716,0.6982895364799228,0.716796128074494,0.89014220978805,0.6858444580989168,0.9893657899754024,0.8640404633473574,0.8813473598350232,0.6656164081652366,0.6750566876496317,0.6938634274884355,0.6947765927570063,0.7130341415940531,0.9360198642981824,0.6722121392014931,0.9893657899754024,0.8424672585964142,0.8813473598350232,0.6656164081652366,0.669922777454927,0.7003971072230311,0.6807732727393003,0.6825904617462053,0.8195917006756496
058_WSD_id_30_WebService_tr_1136_1st_1236,0.7324353297865163,0.7488295789436771,0.6997508305073703,0.9987704198138058,0.6816243796742848,0.746153334998407,0.7067852950432907,0.7147869956736793,0.7125245171154584,0.9987704198138058,0.7604828480848027,0.8223748773307158,0.6738459614899229,0.9987704198138058,0.6730889200484207,0.7414903403863841,0.6722659179913939,0.7469712365171169,0.7166541681513252,0.6844903814389598,0.7792917482942702,0.6690081694156108,0.6731809400838314,0.9987704198138058,0.6816243796742848,0.6829872094622468,0.6663198746114246,0.7147869956736793,0.7279247625769512,0.6669906190439232,0.7162231916353491,0.6715738791052396,0.8179818028837353,0.9987704198138058,0.6816243796742848,0.7454145267791632,0.6690127067455738,0.7616099071207425,0.7401342751627781,0.6893267102007399,0.7428228624288463,0.6683411142167592,0.9987704198138058,0.9987704198138058,0.6778791833794673,0.7454145267791632,0.6691195683734238,0.7616099071207425,0.7582375687598709,0.6960180618383743,0.7792917482942702,0.6676597940644776,0.9987704198138058,0.9987704198138058,0.6778791833794673,0.766456266907123,0.6671711028977098,0.6726399716120156,0.712118526895187,0.9987704198138058,0.7162231916353491,0.6669498902682293,0.746432290772593,0.9987704198138058,0.6778791833794673,0.7414903403863841,0.6986824199979603,0.7616099071207425,0.7401342751627781,0.9987704198138058
060_WSD_id_32_WebService_tr_4576_1st_4766,0.6768203745608518,0.98830090791933,0.8170502583378523,0.8989892765827935,0.6938789707053797,0.6718095506272693,0.721836807862437,0.7773557656661436,0.7895112893230921,0.98830090791933,0.6829813218865589,0.98830090791933,0.7929280011376048,0.9243969917942344,0.6717166350276266,0.6730831061875369,0.6808366824719175,0.7616303651028907,0.72687433323518,0.7232353876999675,0.6829813218865589,0.98830090791933,0.8637330583305886,0.9243969917942344,0.6717166350276266,0.6742241064312356,0.6887843435763208,0.753479935945163,0.7892170923361506,0.7263512729430674,0.6829813218865589,0.98830090791933,0.9157255379615876,0.9243969917942344,0.670885600322582,0.6741572837528302,0.6802264364763926,0.7169093606257265,0.8344483165363553,0.9608641485293452,0.6829813218865589,0.98830090791933,0.6682295917988239,0.9243969917942344,0.6704530162480716,0.6725398638446429,0.6792236950239676,0.7414406385590719,0.7321330449357129,0.6854271200735708,0.6829813218865589,0.98830090791933,0.8293312504287915,0.9004226774645436,0.6704530162480716,0.6724778994821252,0.688713499444732,0.7878989168057998,0.7920107311584942,0.98830090791933,0.6829813218865589,0.98830090791933,0.846623117780016,0.9243969917942344,0.6703251105516868,0.6716753548833052,0.6878657832249615,0.8066084885878193,0.7921628142380089,0.98830090791933
068_WSD_id_40_WebService_tr_4549_1st_13322,0.7281112018441552,0.8742327833864866,0.8282126490477154,0.7559075350054371,0.788786989596164,0.7039654245478776,0.6913238208085716,0.6817181171815957,0.7421464352842051,0.8669719415241484,0.687417187993674,0.8375963762434799,0.6755517975015649,0.6924368474881447,0.6998797223397393,0.7767406772178295,0.7064716064130019,0.6803555162963696,0.6725346649868357,0.7626904592738502,0.687417187993674,0.8706847608251177,0.743791480995166,0.8874416114445526,0.7236139378895948,0.6869376462079719,0.7156709729725198,0.6803555162963696,0.7930888285132606,0.7116140451394587,0.6780665411144897,0.8281968199895337,0.6949102937011938,0.7530083345989083,0.8341995182980063,0.6995458872904657,0.7027384103178844,0.6660292853985307,0.698307463041016,0.9732417676964856,0.687417187993674,0.8874355102516,0.6805231228382702,0.7391877949159448,0.6904803199588521,0.6838459448694818,0.7415853715260924,0.6660618985828992,0.7038578757234306,0.7110745124915032,0.6873173425428465,0.8166806432616809,0.8637052676666344,0.7016851963265571,0.6761396766971425,0.6799991539362957,0.6806093179326952,0.6674428488915426,0.6921501547283079,0.8577770331444536,0.687417187993674,0.8306605678545491,0.6687411656738468,0.8054818721232138,0.6891504131036498,0.6833267780836001,0.6871723135772199,0.6817181171815957,0.676647790647213,0.8003469211808305
074_WSD_id_46_WebService_tr_990_1st_1090,0.677015315873118,0.8736451502191297,0.947008163659259,0.7989586167732002,0.6746303581536504,0.7718655386153187,0.6136190968872992,0.9357545455913582,0.9312960649014854,0.9335470030588822,0.6994341915128139,0.8407322676094416,0.802601825257611,0.8203645054474201,0.7240494567391459,0.7692807781657803,0.6136190968872992,0.9320211785316802,0.9318401389464362,0.7849592489274189,0.6936390885089284,0.6739285735872849,0.8320416840191108,0.8366403723316662,0.7197269548241076,0.7717766943876522,0.8799827702253601,0.9311401063990452,0.9238139155275789,0.8569408789638785,0.7028988509247398,0.8637988316022305,0.7702607972237446,0.8592437513416371,0.7114862992371283,0.7683801317475192,0.8799827702253601,0.930916231036362,0.9430075779457314,0.8255813924965832,0.6965313989550908,0.884460895211354,0.785261451818058,0.8330935380383405,0.6930775140923194,0.7640626941731277,0.8799827702253601,0.9268376449624728,0.9112615314154032,0.8320184305141849,0.7028988509247398,0.8595712902843111,0.8478058534908194,0.8202856145635996,0.6989744623593858,0.7392529236685954,0.8799827702253601,0.9357545455913582,0.9362038607289264,0.7739097289694027,0.6983156865155683,0.884427363400548,0.8762240052210866,0.8172028739587225,0.7359740920844177,0.7365789998501654,0.6136190968872992,0.9366657278335092,0.9338573671822166,0.8173049894984444
089_WSD_id_61_WebService_tr_1010_1st_1110,0.6819294261028902,0.9397527442441312,0.9397527442441312,0.8526711213819621,0.7534109386862708,0.7667713833932679,0.7877147638614961,0.8466381296779875,0.8651639522453399,0.8630560171696428,0.6782336753655004,0.9176743125361946,0.7521628735836615,0.8608852895013127,0.7506656431180938,0.7713235827867377,0.8498245958951092,0.8267282442391931,0.8497443801635827,0.7573760630754874,0.6782336753655004,0.9389475018861476,0.7521628735836615,0.6866636152490221,0.7446192171298566,0.7613958611163919,0.7820100452213322,0.8419503627757322,0.8289717616929076,0.8513122010607531,0.6782336753655004,0.8505236622423666,0.7521628735836615,0.8809160450320838,0.7660207316380685,0.761854461617316,0.8498245958951092,0.8194454714052858,0.862792262167762,0.8174463711111505,0.6787672339177825,0.9397527442441312,0.729600515747236,0.8731706212039099,0.7416463696765444,0.7510397705733373,0.8498245958951092,0.8366635868804675,0.8321476651446746,0.7469495083682616,0.6787672339177825,0.9397527442441312,0.7566145839087398,0.8738396160854097,0.7517648123452777,0.7668003663664923,0.8498245958951092,0.8339903466190621,0.8446642764785347,0.9397527442441312,0.6782336753655004,0.8843317599921816,0.9397527442441312,0.8927985020697147,0.725896704955438,0.771234351770582,0.8498245958951092,0.8438947455210473,0.8343693137047955,0.9218650542674668
094_WSD_id_66_WebService_tr_3309_1st_3914,0.7028712001910884,0.9924990732671152,0.6710685714845591,0.8757255579091306,0.6980471738605373,0.6796489361823185,0.6901668727252941,0.6690058455170279,0.7167394212920396,0.9924990732671152,0.7001831063392168,0.9924990732671152,0.6710320131592236,0.9924990732671152,0.7032164919390177,0.677875173930647,0.6869880480456813,0.7941871808721831,0.7150902715157871,0.7702818418929327,0.7001831063392168,0.9924990732671152,0.6684396284219007,0.9924990732671152,0.6890586751517859,0.7385163079010152,0.673777995043376,0.6670321738265822,0.681523885519578,0.7960456045734147,0.6840185377564065,0.9924990732671152,0.7590225126904452,0.9627137165411151,0.6984815935410215,0.7007898420426719,0.6886956862139133,0.6948735870071807,0.8245071715076716,0.7303654565178793,0.6944281666298067,0.9924990732671152,0.7266039568755468,0.9924990732671152,0.665136664697404,0.7054691481266505,0.6886495240703007,0.6884159089552493,0.7702092468003459,0.6927053831924853,0.6840185377564065,0.9924990732671152,0.6675220176063652,0.9924990732671152,0.665136664697404,0.7406476559794373,0.6770634111093128,0.717146507850518,0.7187386308288859,0.6695333532308679,0.6901374128203559,0.9924990732671152,0.9924990732671152,0.9924990732671152,0.665136664697404,0.7037734550427469,0.6708340814747402,0.7086129936086986,0.7092388005870477,0.9924990732671152
099_WSD_id_71_WebService_tr_4559_1st_14411,0.7879303789567116,0.997450860289324,0.8594217657887216,0.6675042824392732,0.6825294007244874,0.7476572723020328,0.8394484286930886,0.6704982189229415,0.7608276951265555,0.997450860289324,0.7793991618492654,0.997450860289324,0.6677245121044517,0.7907907213165989,0.7996633854779832,0.8233065920502012,0.8283936259001453,0.6657304093299479,0.7608276951265555,0.8027819167662732,0.7570181434015738,0.997450860289324,0.6698323887021801,0.7198742382911842,0.9210703684112476,0.8779668994851555,0.7397708515596838,0.6679998035524736,0.7608276951265555,0.8348863103979223,0.7793991618492654,0.997450860289324,0.8350900223757847,0.6792263512810356,0.6752377470474369,0.7545550297819514,0.702835161549151,0.6672484329742021,0.7551838236141276,0.8584210428237706,0.7570181434015738,0.997450860289324,0.7568390913462407,0.7052126595169248,0.6668936848738847,0.7815609408402996,0.7663723522559434,0.6660719717010927,0.7446892522228299,0.7594818300879348,0.7570181434015738,0.997450860289324,0.8205815747347557,0.7014922057749043,0.6687100815794065,0.8359286820215418,0.7736332123556603,0.6662445140017957,0.7745268576980853,0.8711030666251642,0.8950349712179474,0.997450860289324,0.7030708927272565,0.6812790209875869,0.7996633854779832,0.8220348041375364,0.9235069908423532,0.6687547573345325,0.7608276951265555,0.997450860289324
106_WSD_id_78_WebService_tr_3363_1st_3463,0.809463184408334,0.910106517030228,0.7544598576531767,0.9142060890408252,0.7324445576299841,0.6846922809704541,0.755044007982671,0.7685916740416849,0.7829782580591886,0.9486453871370466,0.7068997135177825,0.8373306789989139,0.7985034054156956,0.9104946656504376,0.6665168459819488,0.7113705566698502,0.7056493860983478,0.7893934871853129,0.8405386500488168,0.8326259738810924,0.71695624149363,0.8643491267348754,0.7624768605137752,0.9043823207356276,0.6704485654322685,0.7411097580350856,0.7218454504740424,0.793305033548063,0.7638575957276129,0.8385623565204815,0.7569100571624677,0.8522596437891037,0.8044895094836866,0.9055724248451342,0.7251895167993961,0.7426447347085263,0.7202730965796128,0.7695576209470507,0.7989929892314257,0.8256681111744979,0.7234140319042386,0.8408043095500876,0.829073852389091,0.9897535194215508,0.6678604640175368,0.7215973469953637,0.6846001445298442,0.7580105753365751,0.8025271733124083,0.9134939731946876,0.762309022986825,0.9482353299344706,0.7462159241194253,0.9802641873401152,0.6678604640175368,0.7326127159169413,0.7796327243859814,0.8365487576824675,0.7393445911486518,0.9515038679083784,0.7569100571624677,0.8499618017229892,0.9409643193895908,0.9802641873401152,0.6936597009073877,0.7232948856217544,0.6730084556539782,0.7958813810345317,0.7602913683319096,0.978663303786568
113_WSD_id_85_WebService_tr_500_1st_335,0.6881214128705943,0.6650208004052645,0.6648682253740401,0.913266878887264,0.6649211303652218,0.6700259359815324,0.6683802956761327,0.665440968091034,0.6669261390138547,0.6648682253740401,0.6823423532432512,0.7512653895415479,0.667456793410182,0.8259905681728502,0.6649211303652218,0.6724284401884842,0.6680289183760295,0.7110853715143372,0.6852823364857586,0.6672255440348205,0.6682995378531573,0.9328884789281052,0.6648682253740401,0.8259905681728502,0.6644611807123364,0.6711069105138607,0.6692103698163011,0.6684326449049021,0.6822919143730212,0.6652309173139584,0.6823423532432512,0.9615053872090692,0.665440968091034,0.8259905681728502,0.6644611807123364,0.6706274826572024,0.6763116842142971,0.7101237829262066,0.6694185306059208,0.6674623821795775,0.6881214128705943,0.987015135331632,0.665440968091034,0.8259905681728502,0.6649211303652218,0.6752808400828206,0.6757898456518392,0.6672392100358512,0.6656541709133819,0.6671859511675634,0.6922191587580115,0.987015135331632,0.6648682253740401,0.8259905681728502,0.6649211303652218,0.672812130769735,0.6694152096388569,0.6648682253740401,0.6886964494945966,0.6648682253740401,0.6823423532432512,0.987015135331632,0.6662540966848328,0.8259905681728502,0.6649211303652218,0.6776253055508812,0.7035760310652471,0.691279134390885,0.6772243593035162,0.6648682253740401
117_WSD_id_89_WebService_tr_3251_1st_3351,0.7183139176269467,0.9982063122543214,0.6681048445149471,0.9982063122543214,0.7118326479527977,0.7888877749930376,0.7222790628423954,0.6661128772490739,0.6680023663554655,0.9718784270719092,0.8507845361975795,0.9982063122543214,0.6672202418697097,0.7596862596862592,0.7888877749930376,0.7888877749930376,0.7464646838087134,0.6816801166139177,0.6660999170586438,0.9495228542771164,0.8507845361975795,0.9982063122543214,0.954070977243574,0.9982063122543214,0.7332185057981024,0.7182625777583754,0.7222790628423954,0.7128438822022044,0.6654256399381627,0.8013198952033935,0.8507845361975795,0.9982063122543214,0.9714248366013066,0.9982063122543214,0.7888877749930376,0.8466655953720064,0.7222790628423954,0.668066980090536,0.6654645590702482,0.889607999898478,0.8507845361975795,0.9982063122543214,0.9666582219094528,0.9982063122543214,0.7888877749930376,0.7976096527585883,0.7222790628423954,0.6675757584274759,0.6668123537419224,0.8627843891285136,0.8507845361975795,0.9982063122543214,0.6657758304283143,0.9982063122543214,0.7888877749930376,0.7015164881327447,0.7222790628423954,0.6653607696733269,0.665801763153939,0.9878282328444912,0.8507845361975795,0.9982063122543214,0.9982063122543214,0.7745441304165143,0.6825379955361883,0.7976096527585883,0.7829353577179659,0.6680023663554655,0.6673429479959925,0.989957289622532
125_WSD_id_97_WebService_tr_2217_1st_2317,0.6781005706471633,0.7980050906090708,0.8823225984764245,0.858456450165925,0.6689802259416031,0.6644455261914163,0.6748264023328193,0.6664553341087371,0.6887732256842309,0.8335710393294167,0.6812775090693218,0.6841836941243716,0.6661320828380887,0.9165516525643974,0.6631117132579505,0.6650458960384551,0.6786964315840115,0.667712618903698,0.6664876187745684,0.682197338415379,0.6812775090693218,0.8252618993561625,0.7293767374118593,0.9165516525643974,0.6647064187150887,0.6650458960384551,0.6736561098883774,0.6658841828042213,0.6773593742447519,0.7920655169668027,0.6943832156735702,0.7418600536593141,0.6664119899848524,0.9165516525643974,0.6647064187150887,0.6650458960384551,0.6763821123784995,0.6668259521537834,0.6672995886971538,0.7604088307508545,0.6812775090693218,0.9879392360207876,0.6736738367454439,0.858456450165925,0.6631117132579505,0.6675411414706479,0.6865244188225217,0.6658841828042213,0.665803036602613,0.7403098074914262,0.6767674540213027,0.9828972259206508,0.819451086856796,0.9165516525643974,0.6647064187150887,0.6650458960384551,0.6742473654699698,0.665803036602613,0.6675870201443176,0.922171856826769,0.6812775090693218,0.9828972259206508,0.669099935032122,0.9165516525643974,0.6812337714508288,0.6644455261914163,0.6909524651573523,0.6664132438410423,0.6732816356394772,0.90532212252759
130_WSD_id_102_WebService_tr_2362_1st_2462,0.6746895853356975,0.8666805277155025,0.8538932866635667,0.9267745470488792,0.6635939463813968,0.7576741447802158,0.7749273203868707,0.7448345260442529,0.7315348254336607,0.8632318293349377,0.6685229218996411,0.6668015282241768,0.6718747111885018,0.9846189228767636,0.6801812502005696,0.790179328186007,0.8382859938421942,0.9007445022615884,0.6850151112366912,0.7601429511990047,0.6599960863562256,0.7797389893775241,0.6672705457928684,0.9862563135966108,0.6718071405879285,0.7181926951764662,0.7981655256942725,0.8711443569666119,0.6700728974609655,0.717317580108063,0.6654342555027429,0.8027419186999389,0.689928538400817,0.9864494519751869,0.6801367958058903,0.7961084034141165,0.7566473220179611,0.7364498125220773,0.6818841961690607,0.6776519660906313,0.6716466808133552,0.8513470965528993,0.667580192599544,0.9598745677245836,0.6801341170508701,0.7779412900845246,0.7802871085387008,0.7687997495446778,0.7204978750814437,0.8480672352966709,0.6787540963437452,0.7696834373616156,0.6666110843947082,0.9864494519751869,0.6801341170508701,0.7164602697647199,0.7164619886588681,0.8695444838827958,0.6856167495518014,0.6755696693241503,0.6724044074363891,0.7810160219207505,0.6790516102124147,0.9428399082643806,0.6803750214366788,0.7565758856442051,0.7926904108630077,0.8295509975651271,0.7093810274046695,0.7738988750884026
137_WSD_id_109_WebService_tr_4559_1st_14404,0.7632240590692981,0.9975633907333348,0.9975633907333348,0.7646377004451217,0.6701282446528194,0.7285251595927353,0.7120623956751672,0.7011484776540037,0.776655056219165,0.9975633907333348,0.7826179796268723,0.9975633907333348,0.670075254367669,0.7947844625508294,0.6791933331897266,0.7033993987912041,0.7348542410173623,0.6642974410378764,0.7233839058129367,0.6770420768444636,0.8597151740183113,0.9975633907333348,0.667025320440096,0.7309533220538543,0.7215224158220178,0.7079078919508276,0.7206268224642537,0.6728187335264632,0.6715660135171402,0.8328368702029076,0.8597151740183113,0.7859377961931959,0.8252193681448727,0.7764931538541942,0.8502542916254373,0.7212166611832613,0.7034477819997765,0.6646430561826107,0.7993428337948943,0.8064955500381962,0.7826179796268723,0.9975633907333348,0.7413770079715222,0.7159207398750815,0.7169219917152652,0.7128984438889501,0.7609042315525513,0.6843004313857652,0.769875637861824,0.7542729575368206,0.8597151740183113,0.9975633907333348,0.8394300700473253,0.7793267207717295,0.7169219917152652,0.6954698995542725,0.7251307799540465,0.6859432736158203,0.7963718988492218,0.735797013144715,0.7826179796268723,0.9975633907333348,0.6743744722545597,0.777645863095485,0.7169219917152652,0.705296661917702,0.805877161791618,0.7444152365226331,0.788084163444226,0.9975633907333348
139_WSD_id_111_WebService_tr_1701_1st_1801,0.673140064818736,0.7489070707851964,0.794531255587147,0.924223803725318,0.6845202701475085,0.8803345732014846,0.7032678127352576,0.8518054546821583,0.8446476601646988,0.9173833283000824,0.673140064818736,0.7630336413769645,0.7501922965358329,0.9160748070086152,0.7265146818448506,0.8642032632985702,0.745727463423934,0.8616228893337855,0.8469232980486875,0.7581588697721166,0.673140064818736,0.7697073646566446,0.7875862857736737,0.899284367566756,0.7265146818448506,0.8880131380770802,0.7193316582053585,0.8496520935038665,0.809776467808687,0.8608079233692723,0.673140064818736,0.8298372175493554,0.7894985841313077,0.9152172111956178,0.7265146818448506,0.880628256202445,0.7353800969917238,0.914068422009122,0.8134162907745617,0.7556610986368634,0.673140064818736,0.8302387549452389,0.7875675576468695,0.9082711458284892,0.7265146818448506,0.8657374217720032,0.7261908697682048,0.8974688175068611,0.8235077993125199,0.7666546093247375,0.673140064818736,0.737222009430368,0.7894985841313077,0.912744499715525,0.7265146818448506,0.8367199918954654,0.7345094384035573,0.9037719212951596,0.8539942205778414,0.8321519816565294,0.673140064818736,0.7938012843185372,0.789629456559244,0.9118811332785224,0.6890256701028888,0.8838057443945361,0.7341987308652647,0.891213836432928,0.8567304759206935,0.7751714687097049
140_MSL_id_1_Sensor_tr_530_1st_630,0.7565217391304342,0.9935625652553628,0.655252148809809,0.9935625652553628,0.0,0.655252148809809,0.0,0.9935625652553628,0.9935625652553628,0.655252148809809,0.7632814893086532,0.9935625652553628,0.9935625652553628,0.9935625652553628,0.0,0.9935625652553628,0.0,0.9935625652553628,0.9935625652553628,0.9935625652553628,0.8421856824945565,0.9935625652553628,0.9935625652553628,0.9935625652553628,0.0,0.9935625652553628,0.0,0.9935625652553628,0.9935625652553628,0.9935625652553628,0.7097172490430913,0.9935625652553628,0.9935625652553628,0.9935625652553628,0.0,0.9935625652553628,0.0,0.9935625652553628,0.9935625652553628,0.9935625652553628,0.7538600759828458,0.9935625652553628,0.9935625652553628,0.9935625652553628,0.0,0.9935625652553628,0.0,0.9935625652553628,0.9935625652553628,0.9935625652553628,0.8322229433182586,0.9935625652553628,0.9935625652553628,0.9935625652553628,0.0,0.9935625652553628,0.0,0.9935625652553628,0.9935625652553628,0.9935625652553628,0.7558260608708497,0.9935625652553628,0.9935625652553628,0.9935625652553628,0.0,0.9935625652553628,0.0,0.9935625652553628,0.9935625652553628,0.9935625652553628
141_MSL_id_2_Sensor_tr_500_1st_550,0.6984483972112037,0.8279474196062642,0.812506555348051,0.8188366562545015,0.7655413792815892,0.8233806780288438,0.8329812696400597,0.7431198980227233,0.7731048442687316,0.8300134224692871,0.6897447786718425,0.9099651029391334,0.7210678618070773,0.8471034859861787,0.6923945440053255,0.7521092689679332,0.8619913781856297,0.8071541243659985,0.7471631763480105,0.7241218867858112,0.6873345969106105,0.9831181667897206,0.7732692663334103,0.8471034859861787,0.6923945440053255,0.7521092689679332,0.8274201502216305,0.7636120948202276,0.7726258581080623,0.7536389734224244,0.6949485967197151,0.9341951512397026,0.7174577413558832,0.8471034859861787,0.8493911495931634,0.7531541594427331,0.7806551394130922,0.7514930821187716,0.7731048442687316,0.7458174657908072,0.6945512592446815,0.9602567120780326,0.7479775071899717,0.8086257610857824,0.7340821251233574,0.7873839981813328,0.8626673285360889,0.7880648941117582,0.8054483865486777,0.7508643641174536,0.7177859305201182,0.9602567120780326,0.7992811829994549,0.8471034859861787,0.739990226234964,0.7985880984915398,0.7956577530491865,0.763914911824351,0.8670071977054145,0.7505178665436792,0.7229736438811821,0.8852120787145351,0.8135339955730453,0.8471034859861787,0.7404570167565477,0.7521092689679332,0.7992226786287023,0.7722703954926885,0.8392982599204083,0.7305332427459982
143_MSL_id_4_Sensor_tr_980_1st_3550,0.7779799139177056,0.8470302602633284,0.7536983541802006,0.9603907288190208,0.6758884487088946,0.7494137601532376,0.7130876204882646,0.6780439289571585,0.674506083085777,0.7895598227916422,0.7429227210206707,0.9982264285818978,0.9982264285818978,0.6725694182828686,0.6911627782132455,0.707061019146964,0.807262566792891,0.6880452098153839,0.6865354514482642,0.9982264285818978,0.7779799139177056,0.7260953780932771,0.9982264285818978,0.814378369922944,0.6673784432270723,0.6474074634201666,0.7770983540276101,0.6774005077588034,0.755677560173662,0.9982264285818978,0.7779799139177056,0.9982264285818978,0.9982264285818978,0.9982264285818978,0.6764900554716753,0.6802049088249794,0.733747067125873,0.6774005077588034,0.6827990882916732,0.9982264285818978,0.7779799139177056,0.9982264285818978,0.9982264285818978,0.7964844811548426,0.6602996471126104,0.9603907288190208,0.6684577678992908,0.6653613602191177,0.6606676211411046,0.9982264285818978,0.7779799139177056,0.9982264285818978,0.9982264285818978,0.752080823835541,0.678007597133897,0.6474074634201666,0.7422900179293243,0.6645148426501466,0.662877258286073,0.9982264285818978,0.7779799139177056,0.9982264285818978,0.9982264285818978,0.9982264285818978,0.9603907288190208,0.6865023747718021,0.76221651889975,0.6866259086803076,0.9082965141063244,0.9982264285818978
144_MSL_id_5_Sensor_tr_1525_1st_4590,0.8424194012657678,0.73019549157344,0.73019549157344,0.6566241925762624,0.9976537907489296,0.815080501811968,0.6566241925762624,0.6206790341759648,0.6591717880310557,0.815080501811968,0.8786477499651149,0.6206790341759648,0.6566241925762624,0.815080501811968,0.9976537907489296,0.815080501811968,0.6566241925762624,0.6987779523575361,0.6987779523575361,0.815080501811968,0.8797943254737624,0.7200043734282067,0.815080501811968,0.815080501811968,0.9976537907489296,0.6987779523575361,0.9976537907489296,0.6987779523575361,0.6987779523575361,0.6566241925762624,0.8238282327149293,0.6566241925762624,0.815080501811968,0.815080501811968,0.9976537907489296,0.815080501811968,0.9976537907489296,0.6591717880310557,0.6591717880310557,0.7200043734282067,0.818351993517497,0.6566241925762624,0.815080501811968,0.6206790341759648,0.6566241925762624,0.815080501811968,0.9976537907489296,0.6591717880310557,0.6591717880310557,0.73019549157344,0.8644930344326837,0.6566241925762624,0.7200043734282067,0.6566241925762624,0.9976537907489296,0.6591717880310557,0.6566241925762624,0.6591717880310557,0.6591717880310557,0.7200043734282067,0.869502934205413,0.6566241925762624,0.6566241925762624,0.6591717880310557,0.9976537907489296,0.6591717880310557,0.6566241925762624,0.6591717880310557,0.6591717880310557,0.815080501811968
145_MSL_id_6_Sensor_tr_530_1st_630,0.6802912163884293,0.8703274358811169,0.8818405268077043,0.800312927091712,0.9935625652553628,0.8396374992492939,0.9935625652553628,0.8818405268077043,0.973458511022001,0.8411374567826319,0.8136589124411409,0.9935625652553628,0.8057289094419247,0.8303826739417527,0.9935625652553628,0.9366674973247918,0.9935625652553628,0.9229703534777646,0.9229703534777646,0.8703274358811169,0.6960788951926783,0.8307532558629506,0.7963662314603439,0.8413389622288856,0.9935625652553628,0.9229703534777646,0.8431613050935957,0.8818405268077043,0.9935625652553628,0.8155164142704172,0.8136589124411409,0.9935625652553628,0.7637231997417756,0.8413389622288856,0.9935625652553628,0.8396374992492939,0.9935625652553628,0.8818405268077043,0.832068803138374,0.7565217391304342,0.6932833704458998,0.9935625652553628,0.8168282050996915,0.8247900037509747,0.9935625652553628,0.8396374992492939,0.9935625652553628,0.8818405268077043,0.8254284438644085,0.8375495286297141,0.6789887855263381,0.9935625652553628,0.8301832496440172,0.8483685220729361,0.9935625652553628,0.8396374992492939,0.9935625652553628,0.9935625652553628,0.973458511022001,0.8799582836710363,0.8136589124411409,0.9935625652553628,0.8799582836710363,0.8413389622288856,0.9935625652553628,0.8396374992492939,0.9935625652553628,0.8818405268077043,0.973458511022001,0.8818405268077043
147_MSL_id_8_Sensor_tr_590_1st_690,0.8176492605181385,0.0,0.0,0.7570161592590668,0.8608141939961402,0.0,0.9109630226282176,0.6725422266659994,0.7437321899732409,0.0,0.8475709170804251,0.0,0.0,0.7028322197399495,0.9246940708535872,0.0,0.9439775825947262,0.8378607144469491,0.6657734346334511,0.0,0.7890561142769377,0.0,0.0,0.7570161592590668,0.944831467562736,0.0,0.9109630226282176,0.840133133439122,0.6657734346334511,0.0,0.8231768945741393,0.0,0.0,0.7984936431850883,0.7746239168769287,0.0,0.9232111340633417,0.6699352316971942,0.6657734346334511,0.0,0.7890561142769377,0.0,0.0,0.8353575672122416,0.9109630226282176,0.0,0.964835344066118,0.9411688954550468,0.8340624075876161,0.0,0.7890561142769377,0.0,0.0,0.7570161592590668,0.9109630226282176,0.0,0.964835344066118,0.6657734346334511,0.6657734346334511,0.0,0.841066415715086,0.0,0.0,0.8131282335146554,0.9109630226282176,0.0,0.964835344066118,0.6657734346334511,0.7444756675173573,0.0
148_MSL_id_9_Sensor_tr_883_1st_1238,0.760337472933617,0.8908010236456838,0.9942542122913984,0.7171437347650206,0.7583620861417666,0.6893139105498802,0.7309937040349659,0.9982098250200244,0.8666910495560244,0.9752789350556534,0.744284371455628,0.8742690121852627,0.9347243848835102,0.7154603099663774,0.8528128087161817,0.7060322829408562,0.696590295684084,0.9930577287005818,0.9763868269419376,0.8755105632423952,0.7687942890477883,0.8742690121852627,0.9347243848835102,0.7037682063179443,0.8528128087161817,0.724193707417154,0.8255975987348685,0.9885795325862357,0.894311878398585,0.7948808378558933,0.738503355788116,0.8742690121852627,0.8767314970405478,0.7040139977583227,0.8528128087161817,0.7536219030785674,0.7577226961013946,0.9942542122913984,0.8981900949381185,0.852385077945587,0.7278855622393251,0.8908010236456838,0.9915784446895272,0.6842792818281742,0.8528128087161817,0.6788371402258574,0.879940913850632,0.9942542122913984,0.9900568857271445,0.8642161532705757,0.7528653328679992,0.9060581609195336,0.8221627959516724,0.7428547115605678,0.8528128087161817,0.6968173881264849,0.8348970571540747,0.9982098250200244,0.8581047649140707,0.8119211904627576,0.7610501620927513,0.9060581609195336,0.8620203408198666,0.6899647276156858,0.8528128087161817,0.7000369275766496,0.887072978704336,0.9942542122913984,0.9763868269419376,0.8373329265630438
149_Stock_id_1_Finance_tr_500_1st_7,0.6706718053487839,0.7515016597013086,0.825992158800304,0.6707869651039948,0.6711493191542361,0.6712559156223271,0.6252063720796079,0.8106204444886923,0.7819830740341852,0.7715965937285247,0.6692361086789398,0.8139796215673051,0.7097089939009388,0.6716668325930408,0.6723452043968098,0.6712559156223271,0.6656485081662157,0.7385132837194563,0.7707878714902623,0.7268084234998644,0.6696281662394253,0.8057624368374648,0.8262589231491069,0.6714420747535483,0.6723452043968098,0.6712559156223271,0.6656485081662157,0.8059349321878643,0.8079963014562475,0.803508368001115,0.6692361086789398,0.7909787663761673,0.7961907058030847,0.671452949513104,0.6723452043968098,0.6712559156223271,0.6656485081662157,0.7508571696016927,0.8010818800675844,0.7917396651590625,0.6696281662394253,0.8128044001490288,0.8119410577898581,0.6714420747535483,0.6723452043968098,0.6712559156223271,0.6656485081662157,0.794371339135269,0.8118340349438721,0.8079326202152344,0.6692361086789398,0.8149818977185763,0.8199059333150793,0.6712479478671515,0.6723452043968098,0.6712559156223271,0.4765800646965208,0.8065614829214997,0.8081659663372129,0.8178359031194896,0.6692361086789398,0.8119799643605476,0.8196436276648288,0.6713696591809883,0.6714450926828619,0.6712559156223271,0.6656485081662157,0.7925151194902822,0.7989717266730334,0.8144188590280835
151_Stock_id_3_Finance_tr_500_1st_62,0.6643516469525945,0.7053799827406863,0.7331405898935638,0.6710020013758619,0.6672376696732115,0.6718170493505956,0.4218607643024804,0.7422181835264897,0.7671817462967446,0.7466586820974841,0.6701081449499782,0.7889101677446316,0.7560972800767325,0.671255911556821,0.6691466153044859,0.671977303812178,0.642700793278949,0.7019335483560402,0.7171004290995058,0.7379011029782624,0.6697948718796519,0.7918048495079925,0.7377939680528578,0.6721619757990722,0.6720303529939311,0.6718170493505956,0.642700793278949,0.6922392499253589,0.7285372680964974,0.7210088721611914,0.6701081449499782,0.7899681004083157,0.730438337539649,0.6713884906085449,0.6691466153044859,0.671160277129407,0.5064144126231467,0.698322974645823,0.7181431487836045,0.7350591556241287,0.6697948718796519,0.7921990487435248,0.7354666870841277,0.6725389931256852,0.6698203198760053,0.6718170493505956,0.642700793278949,0.7253384478004572,0.7293019773352905,0.7440520414205899,0.6697948718796519,0.7929644838477818,0.743875438401296,0.671817680170678,0.6698203198760053,0.6718170493505956,0.5064144126231467,0.7502055269056435,0.7323112969309314,0.7606529020787082,0.6701081449499782,0.7924696434112894,0.7289618666537478,0.6716875684785929,0.6720388567104748,0.6718170493505956,0.5064144126231467,0.7508624288027959,0.7510734671763184,0.7425715019574372
155_Stock_id_7_Finance_tr_500_1st_18,0.6699796183534257,0.6887319717164211,0.7078371016269882,0.6721053942102986,0.6711195555090398,0.6710363398376303,0.6662117345512437,0.7868598207579434,0.7902000207482723,0.8047363181693463,0.670052232926819,0.7682518060941218,0.7918315418493246,0.6713089887253504,0.6702388327573301,0.6710363398376303,0.6662117345512437,0.701804934620875,0.7849816706627059,0.7779797914072887,0.6699796183534257,0.7671810738342486,0.7860729969310487,0.6713919487323289,0.6702388327573301,0.6710363398376303,0.4444504219996312,0.7469094184460341,0.7988980618013313,0.7971631263257454,0.670052232926819,0.8187241439607255,0.7926023842739307,0.6711954899929041,0.6702388327573301,0.6710363398376303,0.6692633660120848,0.7368739074686942,0.8065233533757902,0.7960541308472459,0.670052232926819,0.8054958918078048,0.8141064092650112,0.6718959215116201,0.6702388327573301,0.6710363398376303,0.4444504219996312,0.7480192748259901,0.8093964204665226,0.7873928673067888,0.6706121845094716,0.8075525239296173,0.8147468289055896,0.6715456222766091,0.6702388327573301,0.6710363398376303,0.6662117345512437,0.7784417202565154,0.809934394605485,0.82080780853383,0.6706121845094716,0.8097829446381845,0.8148262782029869,0.6723143123296003,0.6702388327573301,0.6710363398376303,0.4444504219996312,0.777713067851946,0.8113246481149894,0.8140851451365236
156_Stock_id_8_Finance_tr_500_1st_24,0.6718070281421171,0.7188585171931607,0.7721437958387376,0.6703703496095522,0.6665934242184399,0.6711010248189335,0.4239714800665755,0.7439804627882101,0.7860848413099617,0.7810217902657542,0.666458085907844,0.7429641400699757,0.7521356745094918,0.6710031185192405,0.6694113357365632,0.6702689550264798,0.6484070161124056,0.6911494569825317,0.7426732937996414,0.7437133441213397,0.666458085907844,0.8071032616174759,0.7496551400267387,0.6709952471354613,0.6694113357365632,0.6718496025499441,0.6484070161124056,0.7378428251080779,0.7404770408263152,0.7190614771010445,0.666458085907844,0.8064558591820976,0.7419022962042401,0.6703013682071983,0.6694113357365632,0.6716522823297827,0.503878575126447,0.7007902302657498,0.7422077265837462,0.7441690389910504,0.666458085907844,0.7926167146158211,0.7377782778689693,0.6709952471354613,0.6683529765252788,0.6711010248189335,0.6484070161124056,0.7493159164616395,0.7251235059295127,0.7509262096800638,0.666458085907844,0.8045919112450511,0.7707368173760732,0.6711189660539976,0.6683529765252788,0.6697474236796092,0.6484070161124056,0.7668216043027073,0.7689556351032206,0.7546601873155776,0.666458085907844,0.8041352013441623,0.7595699483607802,0.6710031185192405,0.6683529765252788,0.6711010248189335,0.503878575126447,0.7644104669059055,0.7580346660412262,0.7522569703045884
160_Stock_id_12_Finance_tr_500_1st_14,0.6685538035990668,0.7453299583393136,0.7584742571129204,0.6703794919263905,0.6706082300844975,0.6715195962231569,0.6332562933169273,0.7939449729862122,0.8066679461888372,0.7905032357178219,0.6708035370698883,0.7887489506487202,0.8171634565167192,0.6707743882964069,0.6707843054015422,0.6706267089463538,0.4395802549464314,0.7495902304593337,0.8063504398510053,0.7518363535234636,0.6685538035990668,0.789597932557117,0.8184952670775192,0.6708200502629532,0.6707843054015422,0.6715195962231569,0.4395802549464314,0.7577558333608126,0.8150114779048524,0.8018993495469012,0.6703496422805585,0.7894670266083705,0.7993908846999754,0.670756953214979,0.6706082300844975,0.6715195962231569,0.4395802549464314,0.7246296032421992,0.7931133065919144,0.7560299976813165,0.6703496422805585,0.8095046242799625,0.810395688984893,0.670756953214979,0.6706082300844975,0.6715195962231569,0.6661127721613933,0.7839662182882365,0.8052882576082258,0.8120068099418114,0.6685538035990668,0.7968898258607374,0.8175529013415122,0.6701120220918177,0.6706082300844975,0.6708750036803307,0.4395802549464314,0.7914099011738203,0.8134189639891577,0.8181700903589354,0.6708035370698883,0.8125275462129457,0.8143504674235308,0.6701659408612101,0.6706082300844975,0.6715195962231569,0.6661127721613933,0.7978945997356334,0.8100759959775345,0.8081937682328664
162_Stock_id_14_Finance_tr_500_1st_4,0.6843653116610652,0.7185338334588249,0.7276074020532138,0.6878141135285675,0.6867012862379102,0.6879891131099174,0.4472286745403743,0.720726006643134,0.7262202003564758,0.7321253771245237,0.6843653116610652,0.7336381998315304,0.7248889887069766,0.6878845376694495,0.6867012862379102,0.6877523190486093,0.670887375488004,0.688316050643345,0.7242642655712037,0.7274352261600454,0.6855447684971318,0.7347505880631108,0.7149440902994557,0.6878141135285675,0.6867012862379102,0.6875014444239254,0.4870116365369399,0.7209444057393211,0.7198099109691198,0.7223324018862173,0.6843653116610652,0.7357227288040097,0.7246369028938148,0.6878141135285675,0.6867012862379102,0.6874000657959307,0.670887375488004,0.7208442135627188,0.7036485039886314,0.7198451189267052,0.6855447684971318,0.7355641096758717,0.7255573611576881,0.6878845376694495,0.6867012862379102,0.6879664150263438,0.670887375488004,0.723955894497544,0.7096442906110882,0.7255204525402651,0.6855447684971318,0.7387514300994833,0.7257482507241662,0.6878141135285675,0.6867012862379102,0.687041535133112,0.4870116365369399,0.7222512657875891,0.7170745233253009,0.7270578149306463,0.6862747689346382,0.7356549667237026,0.7281114234935423,0.6878141135285675,0.6867012862379102,0.687041535133112,0.4870116365369399,0.7252941006675698,0.7164431908266446,0.724470284151703
165_Stock_id_17_Finance_tr_500_1st_7,0.6844991327741762,0.7021306399755115,0.7340997649196759,0.6863719496057261,0.6873506911132924,0.6864182653801069,0.6853091540784856,0.7095352537949806,0.7348215313262556,0.7285427231868936,0.685497758032856,0.7345164258895384,0.7330732570424598,0.6863499526511532,0.6873506911132924,0.6860999944981139,0.6853091540784856,0.6992027705998063,0.7250859779068707,0.7253513926487305,0.684968711066249,0.730442330703066,0.7321629762057493,0.6864318622451298,0.6873506911132924,0.6864182653801069,0.682385242761585,0.7257509419726081,0.686370460774747,0.7193705555225071,0.6861630549398815,0.7167142805509606,0.7238411769360097,0.6863499526511532,0.6873506911132924,0.6861316107652717,0.682385242761585,0.7085527151792077,0.7306000274807258,0.7167813189404143,0.6851500036911738,0.7327027872852172,0.694268059350561,0.6863029397279387,0.6873506911132924,0.6860999944981139,0.6853091540784856,0.7015253573492225,0.7338938493393593,0.7311222046335459,0.6841302495806801,0.7258689951626388,0.7306781363706555,0.6863719496057261,0.6873506911132924,0.6864182653801069,0.595620677224785,0.7233958876649667,0.7309564415856745,0.7314144317338314,0.684968711066249,0.7290090987676693,0.7331836946453949,0.6862222201581524,0.6873506911132924,0.6864182653801069,0.4668920457548218,0.7277552860896624,0.732783906737137,0.7327087268309276
166_Stock_id_18_Finance_tr_500_1st_18,0.6840326612339037,0.710185046757774,0.7288591678523128,0.6864312946370794,0.6872868105882675,0.6867297291789274,0.4365170605398851,0.7187718115195222,0.7314839379436899,0.726795717388954,0.6840291322043874,0.710144086714166,0.7299185205082316,0.6864312946370794,0.6877147390225432,0.6863823800205628,0.6831313081484851,0.7098408721387597,0.7188420968195152,0.7140381028961887,0.6840291322043874,0.7286198588599089,0.729615904230045,0.686612976908627,0.6865584482587154,0.686732512284418,0.6831313081484851,0.7160636884051486,0.7296699889702255,0.7128263525499284,0.6840291322043874,0.7118157010349413,0.7296084800047782,0.6864338722587429,0.6862445485289842,0.686732512284418,0.6850733588449781,0.7112176129698771,0.7276760398853741,0.724682679556485,0.6840291322043874,0.7277189999161606,0.7300159576431702,0.6864312946370794,0.6877147390225432,0.6867297291789274,0.6850733588449781,0.7114261835093423,0.7293803539519382,0.7249227936984849,0.6840326612339037,0.7266728461743954,0.7280443909640467,0.6865000409640009,0.6877147390225432,0.686732512284418,0.6831313081484851,0.7207265403281911,0.7304857849631632,0.7275269491368257,0.6837553986017646,0.7265726613554403,0.7300777907367231,0.6863583078305592,0.6877147390225432,0.686732512284418,0.6850733588449781,0.7202960196225843,0.7276042436836998,0.7281621357704412
169_Daphnet_id_1_HumanActivity_tr_9693_1st_20732,0.8065696466575996,0.9322977286933306,0.963434146624868,0.8410651901182881,0.8031319880326222,0.8065841826852773,0.82979630354893,0.9189131905776792,0.9314085612857856,0.963434146624868,0.8531447677576888,0.9340936051625204,0.9242388866835728,0.7993474581074318,0.8867315718770549,0.8075389492523893,0.8245696001688925,0.9020170081298456,0.928601156003901,0.9221663216905222,0.8111734306916006,0.9349036709315128,0.9177704353813616,0.7872110397495805,0.8867315718770549,0.7633421415937705,0.8243407748674441,0.911304165571736,0.9270822550631672,0.9470807045170432,0.8093433376099781,0.9331091851933904,0.9311494768986072,0.8116304973919135,0.8867315718770549,0.761828865784231,0.8295323876369023,0.9014154366763958,0.9325827603478848,0.9422729195396624,0.806828273854016,0.9382614395047768,0.9023316841433076,0.8152709071791191,0.8867315718770549,0.7747839891964028,0.8335726028508711,0.914122988523936,0.9225507332828712,0.8786182306499789,0.8393492061001431,0.9345346597449794,0.9128937676767636,0.8020537270040586,0.8867315718770549,0.760367014810363,0.8317874628596028,0.880657854918156,0.9334880988982668,0.9520031143693564,0.8316969229457505,0.9325792494071956,0.9460682173460944,0.813195059574881,0.8794871100284086,0.7826182599537308,0.8287498165456476,0.9091755584705778,0.931163214597399,0.9432364162839189
170_MITDB_id_1_Medical_tr_17675_1st_17775,0.6889980956317985,0.7045509594151855,0.6978255778129652,0.6894385530965134,0.6890674908495287,0.6909574410812062,0.7106562498744369,0.7121884459819461,0.7022194368300441,0.7102619343489658,0.696714858257897,0.712547132617333,0.708191716400213,0.7067451937028059,0.6890491661623283,0.7098091528054269,0.7106562498744369,0.7165021494568427,0.7134393120504576,0.7092155329776582,0.6889980956317985,0.7098804062198847,0.7033015264323665,0.6893362043796191,0.689301577762027,0.7060135313740387,0.7106562498744369,0.7127993265649843,0.6979447627271366,0.7070674852316562,0.6930687562872087,0.7118957479223545,0.7025775830283929,0.6894576213265811,0.6890620416336742,0.716196509394146,0.7104703207644331,0.7138961587003697,0.7022437226899916,0.7064705565920538,0.6889682240084021,0.7095037931015935,0.7045536565397069,0.7170853753714046,0.6890491661623283,0.7235712453766262,0.710423076284777,0.7086474638483539,0.7067263320160944,0.7004842399967735,0.6890098295950837,0.7113169801377945,0.7028340418067455,0.6963431965830668,0.6890579065400614,0.7042309637101196,0.7104064096727115,0.7208623361815583,0.6985709006105293,0.7315679082582834,0.6889571110995962,0.6991640609279463,0.7112989773618107,0.6903742297839242,0.6890674908495287,0.701314061836576,0.7104326823452672,0.7338474589071564,0.7023601523127088,0.7214877342743063
171_MITDB_id_2_Medical_tr_50000_1st_88864,0.7083841199162757,0.7789654278226207,0.8556685056263003,0.6973639058918027,0.69741941152461,0.7149840513714157,0.7335394317161305,0.7432053548979999,0.7809362480774856,0.7564409700283456,0.7052983234242194,0.7936607298756103,0.8630682212959578,0.6973682619443847,0.697367067427146,0.6848463890365674,0.73423560595298,0.7829875126519158,0.7988325522307361,0.8773987764726013,0.7043615342225724,0.8192487741724277,0.8599151183212966,0.6973695214166284,0.697372311806899,0.6973512607525226,0.7335394317161305,0.7788755589195993,0.7964001608290829,0.8847399306531731,0.7021162624078187,0.8403157959932362,0.8987941106318609,0.6973673675565131,0.6973655488809904,0.6973512607525226,0.7335394317161305,0.7667828541574095,0.8059838578300204,0.9024834328458936,0.6997092198437748,0.7897847595524483,0.8997881682063958,0.6973683031207699,0.6973662444378451,0.6973512607525226,0.7335394317161305,0.7492462936809258,0.8099961215330894,0.920629817270312,0.7072098321060103,0.8199309874447904,0.8964421162186597,0.6973900580996228,0.6973672580357092,0.6848463890365674,0.73423560595298,0.745564416038633,0.7937365785870162,0.8939860305043784,0.6993368945787608,0.8059111084343548,0.9012665392541136,0.6973648253699337,0.6973655587900744,0.6848463890365674,0.73423560595298,0.7504280673218788,0.7918976518054587,0.8879697729758097
172_MITDB_id_3_Medical_tr_27274_1st_27374,0.6805404284894188,0.7944895897624976,0.7941105702481093,0.7210300678242653,0.7169526939274075,0.717391231848455,0.7081400492321283,0.7548983652416555,0.8260302016691788,0.8213226530542904,0.6805980500932699,0.7217181212329031,0.8644862766130316,0.7461648278417241,0.7962187493605962,0.743386607284893,0.7047674687069408,0.7651475599286907,0.8359306700173847,0.8735509746149244,0.6792824218018779,0.71813800252988,0.9214938158090192,0.7422106434824168,0.7408024252230407,0.760068475428787,0.7295131729914395,0.7230962638261248,0.8567444952619702,0.922776264046304,0.6809133487896313,0.8052782176477106,0.926012084634078,0.7289546322582384,0.7524618503477589,0.7242812225780633,0.7341698703855517,0.7370616860153242,0.8531507025254687,0.893886305611652,0.6805980500932699,0.7206809689878372,0.9144908437724544,0.7879041613457983,0.8296199055007458,0.7384769617667039,0.717687227591589,0.7743376947870148,0.8545705089597776,0.8999323451353031,0.6818487708431422,0.757476826008486,0.9219910440186944,0.7358099790685728,0.7504204669423893,0.745107126282044,0.7448272507698296,0.7712016195244941,0.8495223186516909,0.920220767268335,0.7029969988780673,0.7202118661682286,0.9162292428993072,0.7367295520579688,0.7368505247463234,0.7253851383473068,0.7269803754243088,0.7408888236988639,0.8533450631636789,0.8738242062637565
173_MITDB_id_4_Medical_tr_13620_1st_13720,0.7327811533934269,0.7328678224068972,0.7327329409297488,0.7659115197596482,0.769194607071065,0.7438299287637882,0.6879633539562304,0.7328582929018727,0.7328845969525598,0.7328636122373334,0.7330582062188661,0.7328485074393439,0.7327608381682649,0.7451705343218994,0.7527927516622216,0.7329321204803689,0.7328563216333037,0.7328725699928774,0.7327457009303328,0.7327981943653811,0.7330582062188661,0.7328485074393439,0.7328709758499531,0.7518262689789866,0.7492049707506233,0.7328255365846442,0.7328563216333037,0.7328495931328359,0.7328589943115775,0.732850622271815,0.7330582062188661,0.7328485074393439,0.7328514987868299,0.7426759073716286,0.7465646457511734,0.7328255365846442,0.6883257974132118,0.7327390749977444,0.7329127041832074,0.7328186616087349,0.7327893287478956,0.7328485074393439,0.7328658326768582,0.7455057584167439,0.7596559538728971,0.7329668096904074,0.7328563216333037,0.7328688737246406,0.7328646974851944,0.7328506022576163,0.733445436356563,0.7328485074393439,0.7328709758499531,0.7448722219820648,0.7531966489591848,0.7327196492773007,0.7328563216333037,0.7328695771478339,0.7327443814085512,0.7327423850983233,0.733214561305408,0.7328485074393439,0.7327338672294836,0.7500279385090234,0.7459606541041056,0.732984982122649,0.6880997132718873,0.7328592500948918,0.7329127041832074,0.732855980076948
175_MITDB_id_6_Medical_tr_27274_1st_27374,0.6794440259826149,0.7321165908767125,0.7620329568048507,0.7285465219685601,0.7249799576221276,0.6971534508375716,0.6830256883764667,0.778318750807828,0.7508159263627454,0.7674491509278979,0.6802188221009087,0.7210387627485875,0.755596591590646,0.7063107336934299,0.6910474863834106,0.6867981495274887,0.6909059326941707,0.723865359814099,0.7616346630298606,0.8079596789669924,0.6808398225288663,0.7198563904173424,0.796311100494399,0.717123957392108,0.7332267340793308,0.6852760983306702,0.6860841123306378,0.7789400546292269,0.7371156306042205,0.7844367355733735,0.6807752185519114,0.7247452791567724,0.7932430429027786,0.7185176059166848,0.7440136300371482,0.6824557194843834,0.6843060451684186,0.790912246513785,0.7304010675156613,0.818805542447651,0.6807752185519114,0.7355142204046293,0.791028381918641,0.7481501727217715,0.7347947007114143,0.6885316862044301,0.6978369660975753,0.7673961741804133,0.7706856203980792,0.8541568680783264,0.6775789020681624,0.7088060799805797,0.8257677121262376,0.7285628499805681,0.7327643096601577,0.6925884940736923,0.68581933553646,0.7851336708479495,0.7630647071663534,0.8194663039284547,0.6808398225288663,0.7227583013473421,0.8559254359808167,0.7266955486468861,0.7561678618053782,0.6916268375319414,0.6871575487271053,0.8186986726452145,0.7588785639206985,0.8183204583619946
176_MITDB_id_7_Medical_tr_6232_1st_6332,0.6719071689360535,0.7987715676725639,0.943693513386168,0.6779293652383667,0.6801636173635018,0.67368352507522,0.6815686834891387,0.8070459985329972,0.7372610232276984,0.9443991720524836,0.6723778198653965,0.6911226347791036,0.9099472833967828,0.7427451048307986,0.6841609790558596,0.6731709895526471,0.6752056317912705,0.8048433500830148,0.7034999409887108,0.944483923558643,0.6718324559063389,0.7024184526715244,0.9519092057991052,0.7397862362957297,0.6826573418862945,0.672618943376528,0.6698867430699228,0.844635404055677,0.7159335188967862,0.9599260259978214,0.6718324559063389,0.7042547686697762,0.9594136505163068,0.7040671890694142,0.6781780495096293,0.6724441062329573,0.6899509563744914,0.8314473346837604,0.7169354619023044,0.9599385739281118,0.6723778198653965,0.6994143290759727,0.9512497743931584,0.7494429498324536,0.6887934663174752,0.6733760895505644,0.6905756910883152,0.8695492207347022,0.7124778864983754,0.9373689036925216,0.6723778198653965,0.7062054122697273,0.9510333440226432,0.7071339444386363,0.680099971081335,0.6728042036477971,0.6759214673445656,0.8492663422538982,0.7295641475300596,0.9568606592746166,0.6718324559063389,0.7040182057394019,0.9540708353322443,0.6887186554472194,0.6787132317184005,0.6722116181679918,0.6704969407600259,0.8333057053626004,0.7477180909661688,0.9602075941971248
177_MITDB_id_8_Medical_tr_17675_1st_17775,0.6853061041801778,0.7216597840448971,0.737649687845571,0.7208109261724465,0.6971879726098444,0.7192241949485443,0.7072989542507598,0.7463672145704151,0.7362352295135348,0.7054451942842486,0.6852576996748269,0.7241178178616566,0.7197345859596699,0.7290370532707212,0.7164620630262373,0.7145291044129876,0.727765619522332,0.7402214461470624,0.7392032288688571,0.7545835739312796,0.6853061041801778,0.7258524259054073,0.7368233324017671,0.7453145638925195,0.737743399659297,0.7166131279232019,0.7492722644763294,0.7596250843669513,0.7539458837781033,0.7389741989651488,0.6901056542216666,0.7227841421350413,0.7172252574224547,0.7323128588894363,0.7490316790243604,0.7219593512660217,0.7255756899181413,0.7597842975492417,0.7565458878703107,0.7165728478257936,0.6852576996748269,0.7254493825588018,0.721506724547565,0.740344257413174,0.7515227487962953,0.7177384755729223,0.7272172737845767,0.7737397114589526,0.7532958309398181,0.7279065705053434,0.6853230873724551,0.7291950000199459,0.7545937048636756,0.7668900782014223,0.7822466058689277,0.7283707174331047,0.7480455002010619,0.7600006699882754,0.7546843388836725,0.7243943507430911,0.6853061041801778,0.7258211197678867,0.7356054797641707,0.7534545841373219,0.7479235183478006,0.7344123221459778,0.7234258872174427,0.7547458057765699,0.7486735728635079,0.7235651147220482
178_SMD_id_1_Facility_tr_6000_1st_10609,0.7396076660241813,0.8884042872010574,0.6909912875680925,0.6700458520569033,0.6710859895158329,0.6684203212659448,0.7121331748722273,0.7080185560463875,0.8228060250872152,0.7364377841125531,0.7396076660241813,0.8657406445093179,0.6898394978619239,0.7759394142014979,0.670053783848028,0.7000851300692211,0.7052080863281398,0.7048224884650797,0.7641136204229968,0.6681073715947035,0.6605921213265474,0.7705403153948914,0.7483795017340145,0.6782569176571235,0.6702685920979954,0.7185076180444991,0.7325271598966887,0.6991516432337458,0.8088929206269457,0.688273217278579,0.7396076660241813,0.8994540039198413,0.8216069691681914,0.7445510023978533,0.672953593647223,0.6677277629766126,0.7206749461749054,0.6966395287286729,0.8241519991494392,0.7185954379071288,0.7396076660241813,0.8785695408238284,0.7049177989738659,0.7046795658983218,0.6700892661186844,0.7624938212954628,0.7052080863281398,0.7138076830964493,0.7515323388113564,0.730581336870105,0.6601279588794141,0.9117540598728822,0.6687539547588892,0.6695147941239261,0.6686172852229703,0.7120910904832388,0.7514467992438959,0.7021487311229894,0.7643835966115801,0.6722567888879372,0.7396076660241813,0.9880241306053644,0.7288107639192717,0.6784258410582714,0.6694480326914475,0.6722522128717523,0.7160270134838546,0.6938488143418712,0.7718711276058147,0.7932561878542607
179_SMD_id_2_Facility_tr_5925_1st_17580,0.8239010639215136,0.9971789806637664,0.9997996447054266,0.9971789806637664,0.6659116812051671,0.935086196633682,0.7953970768336108,0.9971789806637664,0.9502437287284984,0.9997996447054266,0.8336952160154849,0.9997996447054266,0.9971789806637664,0.9971789806637664,0.8284426295762476,0.8817681244032515,0.7978454011343397,0.8674133255774724,0.91194957941263,0.885148305851873,0.8182194999290601,0.9997996447054266,0.9990053491881826,0.9971789806637664,0.8072814062439467,0.8817681244032515,0.9971789806637664,0.9971789806637664,0.9988840767138232,0.9990053491881826,0.9019568411875428,0.9997996447054266,0.9990053491881826,0.9971789806637664,0.9470807360351792,0.8817681244032515,0.9971789806637664,0.9971789806637664,0.9988840767138232,0.9997996447054266,0.8217438797239158,0.9997996447054266,0.9971789806637664,0.9971789806637664,0.9114484112272602,0.8817681244032515,0.9971789806637664,0.9971789806637664,0.8877329278752394,0.9997996447054266,0.8896154624474067,0.9997996447054266,0.9997996447054266,0.9971789806637664,0.9114484112272602,0.8817681244032515,0.9971789806637664,0.9971789806637664,0.9635099993142648,0.9997996447054266,0.8182194999290601,0.9997996447054266,0.9997996447054266,0.9971789806637664,0.8213954822874188,0.8516521834134475,0.9971789806637664,0.9971789806637664,0.9635099993142648,0.9997996447054266
180_SMD_id_3_Facility_tr_5925_1st_17580,0.8138156826950953,0.999702768654936,0.9998687926565812,0.9982534011953724,0.999942175174282,0.9998687926565812,0.9993110832390094,0.9997604463979152,0.9997254909840994,0.9998687926565812,0.8289541868829795,0.9997761755370864,0.9998687926565812,0.9998320973590707,0.999942175174282,0.999942175174282,0.9993110832390094,0.9990258692818336,0.9996206100820548,0.999942175174282,0.8945605401849707,0.9996590689664506,0.9998687926565812,0.9995122100415518,0.999942175174282,0.9999159683684667,0.9993110832390094,0.9997342300665992,0.9993075846661724,0.999942175174282,0.8309418412861083,0.9996590689664506,0.999942175174282,0.998637156763706,0.9999334397249534,0.9999159683684667,0.9993110832390094,0.9998687926565812,0.999590889827731,0.9998687926565812,0.8826695372532822,0.9996590689664506,0.9998687926565812,0.9995122100415518,0.999942175174282,0.999942175174282,0.9993110832390094,0.9996555728264256,0.9995821482403822,0.999942175174282,0.8840219795830323,0.9997761755370864,0.999942175174282,0.9982534011953724,0.999942175174282,0.999942175174282,0.9993110832390094,0.9998687926565812,0.9995821482403822,0.999942175174282,0.80910044684593,0.9996590689664506,0.9998687926565812,0.998637156763706,0.999942175174282,0.999942175174282,0.9993110832390094,0.9998687926565812,0.9995821482403822,0.999942175174282
181_SMD_id_4_Facility_tr_5000_1st_15144,0.6987096549976823,0.8548529057004111,0.9563073164474122,0.7970261063714104,0.7851184515349316,0.8574403268894212,0.860180699801518,0.817933364036336,0.7999678829640976,0.9526863516946192,0.7000820505448614,0.9286449308540656,0.9594839336486598,0.7271078595279621,0.8113228416638224,0.8382542243342126,0.8142837734176834,0.8176641665757066,0.7862347701916013,0.9432641899654578,0.7000820505448614,0.921909024095982,0.9566521631389276,0.7930927427023446,0.80204279203186,0.8280089692358478,0.8734048912863412,0.8210964408532054,0.8146881615643289,0.9528673297609724,0.6964695978534666,0.9364319943805436,0.9513615649176592,0.8295420757843293,0.8269183431031912,0.7990916129678733,0.8450817268144569,0.8260443858190107,0.8167317151468466,0.9422800012799534,0.7000820505448614,0.920063207186714,0.9563073164474122,0.7931031075583409,0.8027177046248928,0.8022181821260441,0.7919983009512772,0.7990290803257366,0.8123436611780948,0.9569387217049272,0.7011283892894071,0.9231850409241515,0.9557679065653076,0.8025743089073242,0.7903792774767069,0.8423535350857108,0.8961912513100472,0.8162461201471892,0.8083116196992038,0.9557679065653076,0.6978829086613226,0.920809502631354,0.9574214524141184,0.7992031463920722,0.813785907309366,0.8068806974302385,0.8347320250274615,0.8024843280906515,0.8027511474526262,0.9526863516946192
183_SMD_id_6_Facility_tr_5925_1st_17580,0.8218474361391431,0.9997996447054266,0.9997996447054266,0.9971789806637664,0.898974063083878,0.7110784414160379,0.6742710924480326,0.9971789806637664,0.9997996447054266,0.9997996447054266,0.9031668493430514,0.9997996447054266,0.9971789806637664,0.9970269606710266,0.7021009071828193,0.7584892118430797,0.9872299623388954,0.9971789806637664,0.9997996447054266,0.9997996447054266,0.8645308985659885,0.9997996447054266,0.9997996447054266,0.9970269606710266,0.9268930009211832,0.8213721786296183,0.9971789806637664,0.9971789806637664,0.9983760947712556,0.9997996447054266,0.821738829690469,0.9997996447054266,0.9997996447054266,0.9970269606710266,0.7883239229140547,0.8269361917482481,0.9990053491881826,0.9971789806637664,0.999503485529054,0.9997996447054266,0.8282944203095421,0.9997996447054266,0.6858732797755358,0.9970269606710266,0.9189666346903608,0.7925859958953022,0.9988840767138232,0.9971789806637664,0.9626928579662336,0.9971789806637664,0.8550563597425191,0.9997996447054266,0.9997996447054266,0.9970269606710266,0.9971789806637664,0.9552234894996912,0.9988840767138232,0.8890216747306519,0.999503485529054,0.6670683357870256,0.8406846357964439,0.9997996447054266,0.9997996447054266,0.9970269606710266,0.9971789806637664,0.9552234894996912,0.9971789806637664,0.9415173220207848,0.9983760947712556,0.9997996447054266
184_SMD_id_7_Facility_tr_7119_1st_15849,0.7459923150890305,0.8931095269724726,0.9667167205567678,0.7207126184821465,0.7072936602533026,0.8749518493939272,0.0,0.8739144477543783,0.9140548583148108,0.9685868588393532,0.7459923150890305,0.8905672508143294,0.9660962185011291,0.7079893338989741,0.7072936602533026,0.8198134452989773,0.9121098212811674,0.875782323020889,0.8706129317792335,0.9689557335470244,0.7459923150890305,0.9021441977903294,0.9694475484655758,0.7256597749529375,0.7085214520565285,0.816862161339261,0.5797922846630985,0.903447116772844,0.9216886007126316,0.9684724520094588,0.7459923150890305,0.898098035929438,0.96407881361183,0.7256901130614138,0.7072936602533026,0.8705359387338518,0.5797922846630985,0.8954272420180597,0.905406825667378,0.968191249459538,0.7586739742692252,0.9064732599675762,0.9489282274552754,0.7172684640507282,0.7072936602533026,0.7937294833232834,0.5797922846630985,0.8750891088691465,0.8745164958984074,0.9358368622779004,0.7465867877292854,0.8991320538546742,0.9673385594652912,0.7186264638688252,0.7072936602533026,0.7654569114770344,0.9121098212811674,0.8890319298113437,0.888612142502861,0.9687556136543952,0.761236577989113,0.8991320538546742,0.965939665476012,0.7181489288495864,0.7072936602533026,0.8637136366460849,0.9121098212811674,0.8738912066544602,0.8762115043608762,0.9687556136543952
185_SMD_id_8_Facility_tr_5000_1st_15144,0.7093813717784749,0.919144687661323,0.9614257182797056,0.7014904610733513,0.7104362360007654,0.7060943757018777,0.826772153511239,0.7146846847588813,0.7030344572829573,0.9614257182797056,0.6900146446751144,0.9024055524705912,0.965295434722552,0.7370319879897442,0.8035577015824862,0.7066976503413775,0.828693713806622,0.7151254079268978,0.7031431997533856,0.9549271366188232,0.7006630298053753,0.9418123938561562,0.9605622149094284,0.721837412605917,0.7916182187288012,0.7051144235921487,0.8298884213886334,0.7101985232905439,0.7008183488351656,0.9495632693287076,0.6900146446751144,0.9116806778418366,0.9605622149094284,0.726806315956022,0.8046988273114736,0.704163425961704,0.8386878474535315,0.7173779115379931,0.7012078817989549,0.9520020924927448,0.6895175326201363,0.901194716175496,0.9564454001727014,0.7385066573861987,0.8036721847900713,0.7056572154364681,0.8690664789309815,0.7066996381440015,0.6969881251494074,0.962198313216894,0.7006630298053753,0.9097017492484102,0.9505576885431388,0.7199073720566845,0.8036721847900713,0.7048900031224616,0.8539968827779915,0.752593101497969,0.7018763350702998,0.9595043965771464,0.7006630298053753,0.9031133613855032,0.960895642634222,0.7321439004296082,0.8036721847900713,0.704641880646647,0.8386878474535315,0.710214861957585,0.7041968722013727,0.9520020924927448
187_SMD_id_10_Facility_tr_5000_1st_15849,0.7746688899007079,0.8674556917864055,0.8692111651149782,0.7646345814090844,0.7429166700673175,0.8976576186026056,0.8582355454937522,0.9278663404297312,0.9082593981804936,0.8788723326083451,0.7832387543887943,0.830850124461741,0.88040589114669,0.8168973806687955,0.7734446934470711,0.8781717283543014,0.8813281617258474,0.9159134307357149,0.9139224330717296,0.878575615064804,0.7782387497563821,0.8385750520202039,0.8779587945959093,0.7844931697542242,0.7542407583251448,0.8577986389600443,0.905474078686306,0.931048905248173,0.9093932613335368,0.8788723326083451,0.7782387497563821,0.8382585825914006,0.8708919061723576,0.8829097178486487,0.7464059529010834,0.8782684564201552,0.8800914847130056,0.9260842056088292,0.9112587661999956,0.8788723326083451,0.7823745609110725,0.8000923154217361,0.8680676411733151,0.8599777078412151,0.8179434392117391,0.873363551648119,0.8634858341010568,0.922340505401136,0.9247377053993964,0.8788723326083451,0.7985732233358008,0.8315457866911404,0.8790253543806318,0.7966395763244883,0.8179434392117391,0.878718738362095,0.8371013502412704,0.919898311812667,0.9094023527273788,0.8788723326083451,0.7782387497563821,0.7959396244848063,0.8790253543806318,0.7940042289495355,0.7429166700673175,0.8758037952505074,0.8684392289128039,0.9212482581856036,0.9020667415576736,0.8788723326083451
188_SMD_id_11_Facility_tr_500_1st_392,0.6769781757930287,0.8385254769332647,0.7166193915766295,0.8196398757843633,0.666183592739935,0.8147080843798599,0.6652419587320745,0.7538776560405949,0.7469767963646868,0.8117833025563096,0.6800429898369065,0.8410904021538385,0.8411244465464721,0.8196398757843633,0.7999655854480032,0.7287577941784806,0.6652419587320745,0.8196398757843633,0.7871309441422474,0.7695482318646107,0.6748015574081669,0.8146759793020177,0.8383014183413111,0.7607498402945868,0.666183592739935,0.7639980335499442,0.6652419587320745,0.760607321523074,0.7109581320345535,0.8385840154502896,0.6908399698693592,0.8074585874362147,0.8387122277494665,0.7621236179090656,0.7999655854480032,0.7554751968561526,0.4268894595802491,0.7867277390938343,0.7169391169391743,0.8428943191015956,0.7160468677686452,0.8196398757843633,0.8397333517330247,0.7332227831212684,0.7999655854480032,0.7435263249129302,0.6652419587320745,0.7595734874916615,0.7064957467866985,0.8420617174130158,0.6954565248783892,0.8196398757843633,0.8356352546691036,0.8196398757843633,0.7999655854480032,0.8147080843798599,0.6652419587320745,0.7583967895735976,0.746772044294986,0.8445944569914874,0.7139109629216484,0.8142086061885921,0.8402224222921524,0.7279395348108026,0.666183592739935,0.8040497757826709,0.4268894595802491,0.7620015353631926,0.7362415137886749,0.8466667023691933
189_SMD_id_12_Facility_tr_5925_1st_17580,0.8918843202337161,0.999503485529054,0.9997996447054266,0.737187354043817,0.6673370168546094,0.9988840767138232,0.6970684163694698,0.9983815128742216,0.9971789806637664,0.9997996447054266,0.8807963226482093,0.999503485529054,0.7365763842358416,0.9988840767138232,0.6674662121788629,0.9988840767138232,0.8009540788807533,0.9989498489528046,0.9971789806637664,0.9990053491881826,0.8565166480028225,0.999503485529054,0.9990053491881826,0.9988840767138232,0.6686671542001941,0.9988840767138232,0.9519610231857442,0.9989498489528046,0.9971789806637664,0.9997996447054266,0.8270988165503027,0.999503485529054,0.9997996447054266,0.9988840767138232,0.6666595043192551,0.7040310485608128,0.7798972870954954,0.9989498489528046,0.9971789806637664,0.9997996447054266,0.8563169481340241,0.999503485529054,0.6670683357870256,0.9988840767138232,0.6668664885561649,0.9988840767138232,0.7691295917332542,0.9989498489528046,0.9971789806637664,0.9997996447054266,0.8807963226482093,0.999503485529054,0.9997996447054266,0.9988840767138232,0.6656292657568119,0.9988840767138232,0.7741644627883182,0.9989498489528046,0.9971789806637664,0.9997996447054266,0.8201999060781868,0.999503485529054,0.9997996447054266,0.9988840767138232,0.7752252588026797,0.9988840767138232,0.7237588518148003,0.9983815128742216,0.9971789806637664,0.9990053491881826
190_SMD_id_13_Facility_tr_7119_1st_15849,0.7437705598657388,0.8874941050410798,0.9474236381393224,0.7806696989206515,0.7044713470169115,0.751116162724818,0.7258783365803122,0.9377887912110277,0.9240996578109932,0.9381095015299608,0.7552717727925493,0.8994108122698263,0.8740836703076323,0.84514470043549,0.7053872300810079,0.7927861486951718,0.9878577777789156,0.9259357607335008,0.8966695988417807,0.9427819032183276,0.7458377124412807,0.8809303375949952,0.9309866915990964,0.843780579292101,0.7048193455688403,0.795079810287285,0.9878577777789156,0.93504266622575,0.9201220927917112,0.952357179983244,0.78655693276586,0.8858780486978854,0.9385257910225376,0.7906531860731955,0.7053872300810079,0.7815254121557241,0.7258783365803122,0.9369152585461666,0.9026618846367084,0.9405552485145448,0.7461452702060468,0.883146387155753,0.9095695575194458,0.8009571245343362,0.7051250751194237,0.7640446380440359,0.7258783365803122,0.934909107575064,0.9430045052211312,0.913092874207502,0.7469583819627228,0.8871314184455743,0.9432137472817872,0.7921352933690395,0.7053872300810079,0.750279326100468,0.9878577777789156,0.9314705201926828,0.9249589261931348,0.9386821794657244,0.7440137001261606,0.8816270306228898,0.940518479849636,0.807979617911829,0.7053872300810079,0.73293832087287,0.7258783365803122,0.9314106468830496,0.9295739515269196,0.938931103254736
191_SMD_id_14_Facility_tr_4596_1st_4696,0.8644263207003052,0.6803018426603784,0.8467541912253154,0.9917656065189464,0.669449261796456,0.6996724662886736,0.7967359599852414,0.708426609039225,0.9978141157505286,0.7222694157479845,0.8540153996977159,0.8998644453548557,0.7307445672161701,0.9917656065189464,0.9522948016888984,0.7732522228526088,0.9341129654688626,0.7736854642299559,0.8297021200313502,0.6956290329460917,0.8540153996977159,0.7128101732353028,0.8288449191573506,0.9917656065189464,0.7019889173164613,0.7930188195754948,0.9341129654688626,0.7948097020624713,0.7446212540249079,0.688307137818522,0.8540153996977159,0.7304926458575944,0.9621544923910498,0.8773002023379725,0.7709365804428222,0.9092903989683344,0.8361112833440754,0.9317005111004348,0.8634237577685824,0.7278368665513539,0.8540153996977159,0.8762532527899668,0.728494078797711,0.9917656065189464,0.7091204584432153,0.8990748354042204,0.9358547976477748,0.8919245959167346,0.866676102170471,0.7160929668014416,0.8540153996977159,0.7304926458575944,0.7236041837151954,0.8756248125974607,0.6787684618337103,0.7330246668938664,0.7939884739221141,0.868827945357636,0.91238143017909,0.6942037107336362,0.8540153996977159,0.7342190176849133,0.6688046046328816,0.9978013366538232,0.6680288146380898,0.9167874273943224,0.862486969871281,0.7656648930466232,0.914299640370217,0.7261835724839445
192_SMD_id_15_Facility_tr_5925_1st_17580,0.8819351650276915,0.9996013795308996,0.9997996447054266,0.7425328213100347,0.6764850893466223,0.8151116515837393,0.9997996447054266,0.8530037152998272,0.9971789806637664,0.9997996447054266,0.8965456024611334,0.9996013795308996,0.9983760947712556,0.7408245415430929,0.7724974727989737,0.7863465722530854,0.9997996447054266,0.8574674955350738,0.8571274226456037,0.8269790842182644,0.9416449935733148,0.9996013795308996,0.9996013795308996,0.7928105491923806,0.7953266494886747,0.8777625956027145,0.9997996447054266,0.8515629996311405,0.9990053491881826,0.9989498489528046,0.8312965797507035,0.9996013795308996,0.9997996447054266,0.7513150429634978,0.9996013795308996,0.9440561698608784,0.9997996447054266,0.8584900814405254,0.9302267706629284,0.9996013795308996,0.928399605621622,0.9996013795308996,0.6675686384865596,0.7579271146832051,0.7068081843372447,0.8310721045578325,0.9997996447054266,0.8994936236381162,0.8222232267839712,0.9997996447054266,0.926182697508942,0.9996013795308996,0.9996013795308996,0.7438031276212038,0.775482643405805,0.9983815128742216,0.9997996447054266,0.8556159624670814,0.8483258224115684,0.9997996447054266,0.853150907094566,0.9996013795308996,0.9997996447054266,0.7530622146178668,0.6943588066215609,0.9925978688103698,0.9997996447054266,0.8515629996311405,0.9990053491881826,0.9997996447054266
194_SMD_id_17_Facility_tr_5925_1st_17580,0.8517049666398655,0.9983760947712556,0.9997996447054266,0.9971789806637664,0.8459622574800258,0.9970269606710266,0.9996013795308996,0.9971789806637664,0.9971789806637664,0.9997996447054266,0.8304618393284059,0.9996013795308996,0.9997996447054266,0.8225873136480482,0.67447188380418,0.7324316740173827,0.9996013795308996,0.9925978688103698,0.9128278318865028,0.9997996447054266,0.8906782833946075,0.9996013795308996,0.9997996447054266,0.955392160511809,0.6443475551537401,0.737139140039683,0.9996013795308996,0.8664502272808916,0.9971789806637664,0.9997996447054266,0.8906782833946075,0.9996013795308996,0.9997996447054266,0.8469702296641562,0.67447188380418,0.9988840767138232,0.9996013795308996,0.8680186408517394,0.9971789806637664,0.9997996447054266,0.9109730307099008,0.9996013795308996,0.9997996447054266,0.7327952104743212,0.67447188380418,0.9990053491881826,0.9996013795308996,0.7757993682663612,0.8247430403059677,0.9997996447054266,0.8158993157879735,0.9996013795308996,0.9997996447054266,0.9971789806637664,0.67447188380418,0.9990053491881826,0.9996013795308996,0.7735875088618982,0.8672041559468469,0.9997996447054266,0.8203279104429418,0.9996013795308996,0.9997996447054266,0.9971789806637664,0.6449057687717269,0.9990053491881826,0.9996013795308996,0.9990053491881826,0.8706896414003028,0.9997996447054266
195_SMD_id_18_Facility_tr_5925_1st_17580,0.8333330881959194,0.9997996447054266,0.9997996447054266,0.9970269606710266,0.7490766840706271,0.8563369865226916,0.7297215076165943,0.9971789806637664,0.9997996447054266,0.9997996447054266,0.830238814323712,0.9997996447054266,0.9990053491881826,0.9970269606710266,0.8341600339977814,0.7998489794031207,0.9439753477326864,0.9971789806637664,0.9990053491881826,0.9990053491881826,0.90614247271024,0.9997996447054266,0.9997996447054266,0.9970269606710266,0.9971789806637664,0.7835714690620313,0.9990053491881826,0.8958691581043053,0.9997996447054266,0.9997996447054266,0.83210047911953,0.9997996447054266,0.9997996447054266,0.9925978688103698,0.7629177821403119,0.792100102210588,0.9990053491881826,0.8954275573891225,0.9997996447054266,0.9997996447054266,0.8594766737892408,0.9997996447054266,0.6675788818659036,0.9970269606710266,0.9925978688103698,0.7097745628286206,0.9990053491881826,0.9925978688103698,0.9997996447054266,0.9971789806637664,0.8337227121090249,0.9997996447054266,0.9971789806637664,0.9970269606710266,0.9971789806637664,0.7097746258802892,0.9990053491881826,0.8954275573891225,0.999503485529054,0.9997996447054266,0.8941315240355712,0.9997996447054266,0.9997996447054266,0.9970269606710266,0.9990053491881826,0.7952559587974717,0.9990053491881826,0.8954275573891225,0.999503485529054,0.9997996447054266
196_SMD_id_19_Facility_tr_7174_1st_21230,0.785526088250555,0.996545789777098,0.996545789777098,0.9457212481413044,0.7033691769584112,0.8770220852266662,0.6929824636208202,0.996545789777098,0.996545789777098,0.996545789777098,0.8000862137879938,0.996545789777098,0.7049506889451572,0.9739266596989924,0.8877188978334447,0.9149055502165314,0.8665170653614059,0.9982664080435212,0.9909243167076796,0.9909243167076796,0.7762455165341334,0.996545789777098,0.996545789777098,0.9845375763740624,0.9600499083110804,0.9033131830803124,0.8468701230496813,0.996545789777098,0.996545789777098,0.996545789777098,0.7703386600086236,0.760780110688005,0.996545789777098,0.9909243167076796,0.936976929725456,0.9432724691642576,0.858737007121351,0.8953787002433098,0.996545789777098,0.996545789777098,0.772075699677511,0.996545789777098,0.8115180438413468,0.8576999707357545,0.8698752885303207,0.9768825089118068,0.9252635916765616,0.996545789777098,0.996545789777098,0.8066784840087063,0.8362216981077263,0.996545789777098,0.996545789777098,0.8910344292627451,0.7185330612403865,0.9109053580254984,0.8811194284439777,0.996545789777098,0.996545789777098,0.7966392360212693,0.7744694435148921,0.996545789777098,0.996545789777098,0.955522699002873,0.9124743634161648,0.8533232946200685,0.9174036965396598,0.996545789777098,0.996545789777098,0.996545789777098
197_SMD_id_20_Facility_tr_5000_1st_15144,0.7400205509956005,0.8579397551023621,0.9569524996791788,0.7703570713710653,0.8628985342720933,0.8519636980479462,0.8175811676423977,0.8087585189198333,0.7787312902627809,0.960895642634222,0.7400205509956005,0.912248775935398,0.9437307406085076,0.7268929308161701,0.8191015498574766,0.805159344591092,0.7640165767486761,0.7896077129702284,0.7722363474647816,0.958859316001259,0.7400205509956005,0.938854867504304,0.9590651609436932,0.7529929306153568,0.8573199890438944,0.8320651661640479,0.7745424506546309,0.8136809355025997,0.7794128315671012,0.943759774413029,0.7319315401884008,0.9162567715123464,0.9569524996791788,0.7675371517675555,0.8129019950333907,0.7990731701627795,0.7878766459767648,0.8226076671121745,0.7805892013287579,0.95185904802156,0.7400205509956005,0.9207816364448342,0.9566521631389276,0.750310224623283,0.8123628518795114,0.840306804674118,0.75671656280737,0.7857970929965419,0.7724716810675407,0.9470962706823782,0.7487230042292669,0.931606575308428,0.95185904802156,0.7785728085738328,0.8408049619032654,0.837453182544738,0.7979095078212881,0.8095500526315152,0.7771239073164047,0.947901657081435,0.7400205509956005,0.921909024095982,0.9431954598025238,0.7637054199152149,0.7793205824236173,0.8435683439448356,0.7673347072575776,0.8085402094617773,0.7738917847459771,0.9566521631389276
198_SMD_id_21_Facility_tr_5925_1st_17580,0.8250061863095702,0.9998251074732916,0.999807632331396,0.8657897425184075,0.8660497315624909,0.6784683307255465,0.7190932354634685,0.9990941254533956,0.9990941254533956,0.999807632331396,0.8237444152525971,0.99983384481525,0.9994125312109174,0.9045949762309818,0.9962580492444992,0.8136247684690668,0.7190932354634685,0.8270895657431862,0.7884039465284164,0.999807632331396,0.8203054966285768,0.9998251074732916,0.9993688061591648,0.7875409980849494,0.8810888966128725,0.7231735994452704,0.7190932354634685,0.9990941254533956,0.8441947504027147,0.999807632331396,0.9167386248396115,0.9998600559252157,0.999807632331396,0.8173571479932731,0.7632078252316283,0.6819714364139128,0.7190932354634685,0.9990941254533956,0.9967189497694884,0.9993688061591648,0.8231354686997651,0.9998251074732916,0.9994125312109174,0.7988524153270637,0.9789626821660816,0.7674443042795763,0.7190932354634685,0.9962580492444992,0.7238287350078785,0.999807632331396,0.8292024985298825,0.9999334397249534,0.999807632331396,0.7400646114442704,0.7470479326667532,0.7018363174624495,0.7190932354634685,0.9990941254533956,0.8252771541357807,0.999807632331396,0.8704606454223193,0.9998251074732916,0.9994125312109174,0.8310184550981531,0.8247354316460199,0.7248567065396213,0.7190932354634685,0.9990941254533956,0.997428822374026,0.999807632331396
199_SMD_id_22_Facility_tr_5925_1st_17580,0.8377366751448622,0.9997996447054266,0.9997996447054266,0.746968553613284,0.7464049651535782,0.9971789806637664,0.9971789806637664,0.9983815128742216,0.9971789806637664,0.9997996447054266,0.8824109213091303,0.9997996447054266,0.6659399161751823,0.6713470061707209,0.7900680797910774,0.9971789806637664,0.9990053491881826,0.9983815128742216,0.9971789806637664,0.8400069635710511,0.8227488832297086,0.9997996447054266,0.9971789806637664,0.7082396131510567,0.9990053491881826,0.9971789806637664,0.9990053491881826,0.9983815128742216,0.9990053491881826,0.9997996447054266,0.82693760681,0.9997996447054266,0.9990053491881826,0.6829885934565681,0.9990053491881826,0.7464381412486414,0.9990053491881826,0.9983815128742216,0.9990053491881826,0.9997996447054266,0.8330284899817817,0.9997996447054266,0.9990053491881826,0.6967066293192918,0.9971789806637664,0.9971789806637664,0.9971789806637664,0.9983815128742216,0.9971789806637664,0.9988840767138232,0.8618277192804213,0.9997996447054266,0.9990053491881826,0.7818262607946954,0.9990053491881826,0.9971789806637664,0.9990053491881826,0.9983815128742216,0.9971789806637664,0.9997996447054266,0.829208301724292,0.9997996447054266,0.9971789806637664,0.6785456075031352,0.9971789806637664,0.9971789806637664,0.9990053491881826,0.9983815128742216,0.9971789806637664,0.9997996447054266
201_SMD_id_24_Facility_tr_7174_1st_21230,0.7326321694732131,0.9749485102761428,0.9749485102761428,0.9130367313258294,0.7208810822904984,0.8596279384097002,0.7036779975222184,0.9749485102761428,0.9749485102761428,0.9749485102761428,0.7326321694732131,0.9749485102761428,0.924568520107509,0.8767319792185602,0.7460135684100293,0.9434895727681432,0.848616741462701,0.9495874779647676,0.9749485102761428,0.9704418161843554,0.7326321694732131,0.9749485102761428,0.9749485102761428,0.9001804497008321,0.7378783418194377,0.8861609807480992,0.8700435881151707,0.9096127038298332,0.9749485102761428,0.9749485102761428,0.7326321694732131,0.9749485102761428,0.9749485102761428,0.9035653097666824,0.8603924449549152,0.871818898671505,0.8734088796234645,0.9749485102761428,0.9749485102761428,0.9749485102761428,0.7326321694732131,0.9749485102761428,0.9749485102761428,0.9704418161843554,0.7334611623374462,0.9406248939363776,0.9647859056653328,0.9749485102761428,0.9749485102761428,0.8530044035926612,0.7476859312316982,0.9749485102761428,0.8609965987681327,0.8992143798101234,0.7822441549780982,0.9406248939363776,0.9647859056653328,0.9749485102761428,0.9749485102761428,0.9749485102761428,0.7326321694732131,0.9749485102761428,0.6666833386439823,0.9704418161843554,0.7893320800730826,0.892960902851449,0.9647859056653328,0.9749485102761428,0.9749485102761428,0.9749485102761428
202_SMD_id_25_Facility_tr_6250_1st_21230,0.9393037521265174,0.997608585563608,0.997608585563608,0.997608585563608,0.6803570578796324,0.6832106077565423,0.6733759703560654,0.997608585563608,0.997608585563608,0.997608585563608,0.9233610232292296,0.997608585563608,0.8419165171942764,0.997608585563608,0.6833341772590973,0.6834231024362796,0.6858695162222445,0.997608585563608,0.7852388292212287,0.8789861475440292,0.8352648197221552,0.997608585563608,0.997608585563608,0.997608585563608,0.6961164846158335,0.997608585563608,0.997608585563608,0.997608585563608,0.997608585563608,0.997608585563608,0.859165869404352,0.997608585563608,0.997608585563608,0.997608585563608,0.6791653740952174,0.997608585563608,0.6711954290983386,0.997608585563608,0.997608585563608,0.997608585563608,0.8353708326826302,0.997608585563608,0.8736286229086223,0.997608585563608,0.728960614437902,0.997608585563608,0.8156913372470206,0.997608585563608,0.7852388292212287,0.997608585563608,0.8483106735892485,0.997608585563608,0.8736286229086223,0.997608585563608,0.997608585563608,0.997608585563608,0.9734541692503268,0.997608585563608,0.997608585563608,0.997608585563608,0.8828718833024062,0.997608585563608,0.8736286229086223,0.997608585563608,0.6684302250712643,0.7980881054219618,0.6820274191116967,0.997608585563608,0.997608585563608,0.997608585563608
203_SMD_id_26_Facility_tr_7174_1st_21230,0.7569941674224675,0.9749485102761428,0.9749485102761428,0.8605469803786178,0.7650802791485091,0.6781342090538123,0.8927082654748971,0.9749485102761428,0.8011413488196654,0.9749485102761428,0.7380817327193907,0.9749485102761428,0.8617740465243173,0.9590300515654648,0.6771882166646225,0.6915340378968955,0.8943238751680879,0.9749485102761428,0.8013893400234791,0.9459568044876956,0.783351974746324,0.9749485102761428,0.9749485102761428,0.9639802295248582,0.7466751709323124,0.7505881150520182,0.9041660992241858,0.9749485102761428,0.8069508031432187,0.9749485102761428,0.7434317075925855,0.9749485102761428,0.9749485102761428,0.9454078260663588,0.7270751791923227,0.8698227265733051,0.9550384182794016,0.9749485102761428,0.8296883799556432,0.9749485102761428,0.73812628082727,0.9749485102761428,0.8613722326644372,0.8132001797101536,0.812959114238719,0.8574623463659915,0.9749485102761428,0.9749485102761428,0.952181905660725,0.8699438020185495,0.7824680066638786,0.9749485102761428,0.9749485102761428,0.8218037435187094,0.7431893272354673,0.6880858446803173,0.9019038202138874,0.9749485102761428,0.7983549005970646,0.9749485102761428,0.7539854337916215,0.9749485102761428,0.8419195587646852,0.9420089254865583,0.6985458230860683,0.6742644478218038,0.9019038202138874,0.9749485102761428,0.8087477305328773,0.9749485102761428
204_SMD_id_27_Facility_tr_5000_1st_15144,0.7006455357086817,0.94519428405978,0.9674769015148524,0.7013559515897432,0.7213135857825075,0.7005794873126383,0.7730753730057548,0.7004551817245415,0.6989263736305887,0.9639716130072418,0.6975546972069396,0.9498168085758668,0.9605622149094284,0.7035830823964587,0.8155817103235175,0.7005794873126383,0.7592123101883935,0.7240752624651321,0.7186938000053639,0.965295434722552,0.7024157665005353,0.947004444090382,0.9605622149094284,0.700969163503568,0.8155817103235175,0.7005794873126383,0.7597742252736802,0.7004576969949278,0.7007429283682597,0.9548074317016514,0.6975546972069396,0.9392750978997132,0.9590436688735536,0.7036461918340747,0.7095434318375453,0.7005794873126383,0.763865816080933,0.7121333563667233,0.701146445717305,0.9622656075544036,0.7024157665005353,0.9498168085758668,0.972978111928776,0.7004426052265591,0.8155817103235175,0.7005794873126383,0.7548476926374486,0.7014841828698102,0.7230976327290365,0.9588855074272428,0.7027455255611323,0.9498168085758668,0.9541510565854604,0.702091000121212,0.8155817103235175,0.7005794873126383,0.7700613222785615,0.7029383566759104,0.700950313584898,0.9598290930949996,0.7027455255611323,0.9518375392877744,0.9439736514708073,0.7024325709933926,0.8087920850206893,0.7005794873126383,0.7626884440001095,0.700482849163287,0.7015146016205488,0.9459331889808108
205_SMD_id_28_Facility_tr_5925_1st_17580,0.8735655119566182,0.9997996447054266,0.9997996447054266,0.9970269606710266,0.7644219544868397,0.7607128915436022,0.9552234894996912,0.8845101812968991,0.999503485529054,0.9997996447054266,0.8612621000445821,0.9997996447054266,0.9990053491881826,0.9970269606710266,0.6851785425957547,0.7215089592542341,0.9971789806637664,0.8506789018268864,0.999503485529054,0.9997996447054266,0.8367716528326427,0.9997996447054266,0.9997996447054266,0.9925978688103698,0.9429194427310904,0.7500136852443001,0.9990053491881826,0.8845101812968991,0.999503485529054,0.9997996447054266,0.8236686265941296,0.9997996447054266,0.9997996447054266,0.9970269606710266,0.8603325752767255,0.7655201449668161,0.9988840767138232,0.8845101812968991,0.9997996447054266,0.9997996447054266,0.8337428168294946,0.9997996447054266,0.6662845687991674,0.9925978688103698,0.9983815128742216,0.9552234894996912,0.9971789806637664,0.8741159189093604,0.9519610231857442,0.9971789806637664,0.8870571244930238,0.9997996447054266,0.9997996447054266,0.9970269606710266,0.9971789806637664,0.985780644198378,0.9990053491881826,0.8845101812968991,0.9983760947712556,0.6657140029453735,0.8236686265941296,0.9997996447054266,0.9997996447054266,0.9970269606710266,0.9971789806637664,0.9971789806637664,0.9990053491881826,0.8845101812968991,0.999503485529054,0.9997996447054266
206_SMD_id_29_Facility_tr_6250_1st_21230,0.9176908731760676,0.997608585563608,0.8964480811397032,0.997608585563608,0.6777445998509589,0.6884618400748226,0.6701441564792172,0.997608585563608,0.997608585563608,0.997608585563608,0.8792504615137459,0.997608585563608,0.7764440330095925,0.997608585563608,0.7453715722931064,0.6839669573550223,0.6748099785880385,0.997608585563608,0.997608585563608,0.997608585563608,0.8848214480758879,0.8655036315685632,0.997608585563608,0.997608585563608,0.6704761505467325,0.6693980248348678,0.6728461191582488,0.997608585563608,0.997608585563608,0.997608585563608,0.8759805334648778,0.6705520745473736,0.997608585563608,0.997608585563608,0.6667659233525817,0.6695157041816276,0.6715930498286451,0.997608585563608,0.997608585563608,0.997608585563608,0.856338981234709,0.997608585563608,0.8699291486453078,0.997608585563608,0.997608585563608,0.6696776947411976,0.9996890503541352,0.997608585563608,0.8130512409323943,0.8885183538492261,0.8898752040223047,0.8475300530247956,0.8699291486453078,0.997608585563608,0.997608585563608,0.6697440640403866,0.671450263598236,0.997608585563608,0.997608585563608,0.9001374730265208,0.8989044244921182,0.997608585563608,0.8846581981766785,0.997608585563608,0.6980362714709937,0.6691538137399518,0.6726403421379201,0.997608585563608,0.997608585563608,0.997608585563608
207_SMD_id_30_Facility_tr_7174_1st_21230,0.7430563802518655,0.9749485102761428,0.9749485102761428,0.733357316225917,0.6675982279867265,0.804144539903344,0.8839211608460391,0.9749485102761428,0.8256744215218742,0.9749485102761428,0.7549002236533267,0.9749485102761428,0.9749485102761428,0.9615470230227942,0.7465014078017242,0.7913619096309996,0.8486627440961386,0.9052504532399622,0.8331576933485871,0.9749485102761428,0.8266335914891607,0.9749485102761428,0.9749485102761428,0.9423307979467256,0.6998642118763705,0.7969938862367869,0.7980731868590479,0.9749485102761428,0.8507479207945648,0.9749485102761428,0.8245160429808415,0.9749485102761428,0.9749485102761428,0.912552433002526,0.7089079010165816,0.7996989612919072,0.7980731868590479,0.9749485102761428,0.8233208686676531,0.9749485102761428,0.7376735581733244,0.9749485102761428,0.8637826027316428,0.9615470230227942,0.7809955097290014,0.7845189172477804,0.9359681327325818,0.9704418161843554,0.8091438406946091,0.8559192463855375,0.7607002834818759,0.9749485102761428,0.8450997910611389,0.9423307979467256,0.6715238410940318,0.7100087256451543,0.8491786052870343,0.9749485102761428,0.8311319339440362,0.9749485102761428,0.8348381138872536,0.9749485102761428,0.9749485102761428,0.9179756997673728,0.6670194062497395,0.7994037423977496,0.7955237879900497,0.9749485102761428,0.8241509997154023,0.9749485102761428
208_SMD_id_31_Facility_tr_5000_1st_15144,0.7033311454097227,0.9357404515351389,0.9558051745249588,0.7031923866912949,0.7138608402764781,0.6961543151396984,0.9162570208050582,0.7167939140513405,0.7009188958380785,0.9558051745249588,0.7093722319605748,0.92560227813694,0.9540016519534004,0.7024849042828065,0.7640304084814366,0.6992805794684569,0.8639540954150423,0.6995582451252549,0.7015014776918935,0.9558051745249588,0.7132125091257495,0.9242242780526334,0.9558051745249588,0.7008170683620993,0.7138608402764781,0.7008497714454909,0.8854394718796635,0.7166904739540156,0.7016536730592137,0.9558051745249588,0.7093722319605748,0.9553247580957676,0.9558051745249588,0.70080577936542,0.720741952285044,0.6961543151396984,0.8622531480629264,0.7082909818053909,0.7009251795090169,0.9558051745249588,0.7132125091257495,0.9552763230349844,0.9558051745249588,0.7013586060487926,0.7640304084814366,0.7066976503413775,0.8339812459460935,0.7010194272790146,0.7010571225580308,0.954413278816516,0.7093722319605748,0.953810303589928,0.9432292162853764,0.7006297812477311,0.7138608402764781,0.6961543151396984,0.8607158289818759,0.7075561411909105,0.7016536730592137,0.9558051745249588,0.7140804761270679,0.9255501612977308,0.9558051745249588,0.7015427733769496,0.7640304084814366,0.6961543151396984,0.9187175918286452,0.708063068446281,0.7016536730592137,0.9558051745249588
209_SMD_id_32_Facility_tr_5925_1st_17580,0.8872005227095568,0.9997996447054266,0.9997996447054266,0.8057124742342558,0.8294762712615248,0.9990053491881826,0.7033649437642052,0.78323377393249,0.8708493436010056,0.9997996447054266,0.8587645108751946,0.999503485529054,0.9997996447054266,0.8057124742342558,0.7849460629957911,0.9990053491881826,0.8656357522222966,0.7379004816084868,0.9436308200955832,0.9997996447054266,0.8340323536362448,0.999503485529054,0.9997996447054266,0.8057124742342558,0.7849460629957911,0.9990053491881826,0.8878372369894619,0.7903388152918328,0.7913343184175606,0.9997996447054266,0.8216455005429276,0.999503485529054,0.9997996447054266,0.8471730011273026,0.7849460629957911,0.9990053491881826,0.8627430058244033,0.7902347895782913,0.8708493436010056,0.9997996447054266,0.8316544876170483,0.999503485529054,0.9997996447054266,0.968835848431945,0.7849460629957911,0.9990053491881826,0.867729162111564,0.739416507945159,0.8900866522124736,0.9997996447054266,0.8216455005429276,0.9997996447054266,0.9997996447054266,0.8471730011273026,0.7849460629957911,0.9990053491881826,0.8627430058244033,0.775896484655927,0.8708493436010056,0.9997996447054266,0.8367659734965732,0.9997996447054266,0.9997996447054266,0.8057124742342558,0.7849460629957911,0.9990053491881826,0.867729162111564,0.8000139266936901,0.8708493436010056,0.9997996447054266
211_SMD_id_34_Facility_tr_5925_1st_17580,0.8501708170766232,0.999503485529054,0.9997996447054266,0.7155597925524999,0.693980419540633,0.9971789806637664,0.9990053491881826,0.9997996447054266,0.8002683214138517,0.9997996447054266,0.91120892865897,0.6671450381381123,0.999503485529054,0.8301816095265757,0.9990053491881826,0.9971789806637664,0.9990053491881826,0.9971789806637664,0.9971789806637664,0.9997996447054266,0.8224602607587661,0.6661654351245275,0.9997996447054266,0.8044147005498182,0.9990053491881826,0.9971789806637664,0.9990053491881826,0.9997996447054266,0.9990053491881826,0.9997996447054266,0.8273129775078545,0.6688172831438649,0.9997996447054266,0.7220223280231091,0.9990053491881826,0.9971789806637664,0.9990053491881826,0.9997996447054266,0.9971789806637664,0.9997996447054266,0.8353622576210665,0.6681895592807622,0.9997996447054266,0.7496295225142103,0.9990053491881826,0.9971789806637664,0.9990053491881826,0.9334735798045076,0.7722972146486768,0.9997996447054266,0.8741940696962867,0.6681895592807622,0.9997996447054266,0.7644591450006706,0.9990053491881826,0.9971789806637664,0.9990053491881826,0.9997996447054266,0.9971789806637664,0.9997996447054266,0.8277715093770627,0.6690267613033032,0.9997996447054266,0.7092431765773726,0.9990053491881826,0.9971789806637664,0.9990053491881826,0.9990053491881826,0.9971789806637664,0.9997996447054266
212_SMD_id_35_Facility_tr_5925_1st_17580,0.8361993006752538,0.9971789806637664,0.9997996447054266,0.6899923399179156,0.774769344860484,0.7268833810755697,0.9130036890272544,0.9971789806637664,0.999503485529054,0.9997996447054266,0.8983956925258019,0.9997996447054266,0.9983760947712556,0.7077258592565157,0.932723720808151,0.7077258592565157,0.9971789806637664,0.9005316165352871,0.9997996447054266,0.9971789806637664,0.8662165081169497,0.9997996447054266,0.667662701536761,0.7164116984978278,0.7772984397789564,0.7248081820315876,0.9971789806637664,0.9990053491881826,0.9971789806637664,0.9997996447054266,0.8679415713491743,0.9997996447054266,0.680441553434927,0.7077258592565157,0.8341827021292689,0.7223491390893167,0.9971789806637664,0.9971789806637664,0.9971789806637664,0.9990053491881826,0.8285274711502169,0.9997996447054266,0.6704918763642097,0.6832445224305348,0.7106120340075612,0.7482856092818588,0.9971789806637664,0.8408075627846281,0.840216128405866,0.6658552076794783,0.818903469648108,0.9997996447054266,0.9997996447054266,0.7237274820885846,0.7997529511469867,0.738053433686769,0.9689778497322316,0.9990053491881826,0.9990053491881826,0.9997996447054266,0.8983956925258019,0.9997996447054266,0.9997996447054266,0.6912316278835995,0.7937196136922052,0.7090827276894907,0.9689778497322316,0.9971789806637664,0.9971789806637664,0.9997996447054266
213_SMD_id_36_Facility_tr_5925_1st_17580,0.8250145792196498,0.9971789806637664,0.9997996447054266,0.6948494886886343,0.6992063680081556,0.9407111389671364,0.794648939593728,0.8545882137447569,0.7365060205502213,0.9989498489528046,0.9322029674898206,0.9971789806637664,0.8398425926476485,0.8782915157489651,0.8595994545062292,0.9407111389671364,0.7933493067423941,0.8733821961639592,0.7494259865968554,0.9925978688103698,0.8421577515923628,0.9971789806637664,0.9996013795308996,0.9925978688103698,0.7246371010581447,0.7899271772003661,0.9988840767138232,0.9507845825274288,0.7470216714083555,0.9970269606710266,0.9322029674898206,0.9971789806637664,0.9989498489528046,0.8032474829794346,0.666728342010516,0.7798465154788863,0.9925978688103698,0.9514029494061024,0.7430763720482861,0.9971789806637664,0.8485341921792514,0.9971789806637664,0.9997996447054266,0.7978930039255909,0.7766508526534533,0.8017883378253328,0.9988840767138232,0.8556343704884062,0.7414501703398987,0.9997996447054266,0.9062574792467214,0.9971789806637664,0.9970269606710266,0.7117194668943455,0.7220325133813205,0.8015190992183404,0.9975615602390052,0.848551928219624,0.7469769974282999,0.9989498489528046,0.877408130479245,0.9971789806637664,0.9989498489528046,0.7039150906436314,0.698724902708376,0.7586685449377845,0.858614784488605,0.8700217544968988,0.7361851608004141,0.9989498489528046
214_SMD_id_37_Facility_tr_5925_1st_17580,0.9088178903882024,0.9997996447054266,0.9997996447054266,0.9971789806637664,0.6658128493974617,0.935086196633682,0.8090493010899146,0.9971789806637664,0.9988840767138232,0.9997996447054266,0.9137317403595056,0.9997996447054266,0.8048003305787585,0.9971789806637664,0.8795114715862558,0.913215742559612,0.8669404827870569,0.9971789806637664,0.923943433379633,0.9990053491881826,0.831399211803635,0.9997996447054266,0.9990053491881826,0.9971789806637664,0.8556343704884062,0.935086196633682,0.904576804522226,0.9971789806637664,0.9988840767138232,0.9990053491881826,0.8209802065557231,0.9997996447054266,0.9997996447054266,0.9971789806637664,0.9114484112272602,0.913215742559612,0.9022034326851884,0.9971789806637664,0.9806094337265872,0.9997996447054266,0.8326218923218472,0.9997996447054266,0.9990053491881826,0.9971789806637664,0.9114484112272602,0.913215742559612,0.9971789806637664,0.9971789806637664,0.8650450658148248,0.9997996447054266,0.8370704914396329,0.9997996447054266,0.9997996447054266,0.9971789806637664,0.9114484112272602,0.913215742559612,0.904576804522226,0.9971789806637664,0.987475002826222,0.9997996447054266,0.8367867183369178,0.9997996447054266,0.9997996447054266,0.9971789806637664,0.7292030306706194,0.935086196633682,0.9971789806637664,0.9971789806637664,0.9806094337265872,0.9997996447054266
215_SMD_id_38_Facility_tr_5925_1st_17580,0.8958485611140314,0.9996013795308996,0.7896188276377902,0.7077258592565157,0.7578737650772535,0.7474076905582314,0.6846513262086298,0.7995700572406502,0.9971789806637664,0.8585716127514116,0.8751026074568135,0.9996013795308996,0.6655080728754754,0.7722769162865131,0.6676281688628947,0.729956555392292,0.9990053491881826,0.7775877370217763,0.9971789806637664,0.7802193637452166,0.8466282414871202,0.9996013795308996,0.8626019357385831,0.673488665100386,0.8219959578993409,0.7077258592565157,0.9988840767138232,0.8037599826889598,0.9971789806637664,0.7871348684907504,0.8364522517826731,0.9996013795308996,0.8304026613560908,0.6678323190120514,0.7978180115413187,0.6668487257758259,0.9990053491881826,0.8050018592146871,0.9971789806637664,0.8635347301386691,0.8466412866045793,0.9996013795308996,0.667487339196594,0.6676281688628947,0.675214938489392,0.7082544085588326,0.9988840767138232,0.8083919955172049,0.9971789806637664,0.6659681499500795,0.8448476463317476,0.9996013795308996,0.6654880131891291,0.6704135583754002,0.7608837862295804,0.7687388062342493,0.7751033287855784,0.8260175086974876,0.9971789806637664,0.8315070728582281,0.8202570362552907,0.9996013795308996,0.7246007133923397,0.721739821495544,0.7220861114848292,0.8708493436010056,0.9988840767138232,0.7935865584192979,0.9971789806637664,0.7230857938727671
216_LTDB_id_1_Medical_tr_500_1st_266,0.6875980199729764,0.6866709569444286,0.686709035675256,0.7185267363955429,0.712126562007835,0.7193161580293458,0.6858300621119368,0.6867365652295632,0.6868178494631633,0.6867257346436009,0.6877381040539261,0.6878186601661707,0.6867797214849224,0.7067038635521139,0.6871872128319434,0.7183023098562199,0.687017735309125,0.6867103029173517,0.6871214223562087,0.6866602894416203,0.6867437940384034,0.6887566280142355,0.6867554718146035,0.7207195200046064,0.703073143734134,0.7315101214993098,0.6858300621119368,0.6867195483172276,0.6867321569565068,0.6867353553248811,0.6865943842589163,0.6906597793171753,0.6866794677618109,0.7151222803856818,0.7026582949622832,0.7191688631498908,0.6616187251463431,0.6867115677821486,0.6866617628325683,0.6866794677618109,0.6867554156159383,0.690112600472205,0.6867246322211228,0.7314002711711617,0.7313859233596297,0.7153547708767166,0.6616187251463431,0.6869159142594605,0.6866303166952513,0.6867445318367003,0.6865328244991922,0.686841259718004,0.6868485014813557,0.7256893268896237,0.7453741000249092,0.7269345491408967,0.6617276963192372,0.6868333463820115,0.6866523330809048,0.6867148760249933,0.6866862418272235,0.6889560559047574,0.6866936790180497,0.7240870221406169,0.746881793947477,0.733466904515915,0.6609248413929335,0.6867833585256601,0.6866539967804887,0.6868632259123046
218_LTDB_id_3_Medical_tr_500_1st_266,0.6912159145527744,0.686777417729886,0.6867105615315594,0.7108949233207918,0.7268477349868918,0.7166530541737554,0.6490643432426814,0.6867449393598888,0.6867361280739158,0.6867191509191356,0.6896245114266814,0.6867028453001526,0.6866220770602958,0.6986157183076386,0.6890927187500379,0.6897961170910466,0.6863256092599802,0.6868126242801268,0.6866290241477053,0.6867008782906958,0.6900186324781912,0.6868031153424198,0.6867495888139982,0.6879847332378638,0.6890927187500379,0.708843057257212,0.6490643432426814,0.6866873345513341,0.6867379776707234,0.6866222258438452,0.6898543758516744,0.6868223521251011,0.6867365092873339,0.7007054422941388,0.6890927187500379,0.7101088697434094,0.6863256092599802,0.686642798975753,0.6866288182114084,0.6868030085806627,0.6886467711103189,0.6868008659447296,0.6867216037186413,0.6955530914737486,0.7197797667424314,0.7164082435224833,0.6863256092599802,0.6866975825742996,0.6866600275516876,0.6867491964205324,0.6888153049794864,0.6866321546323823,0.6866585597937582,0.6966281508128135,0.7239409459243015,0.7169163805956865,0.6868204633640805,0.6867054110670446,0.6867100757151706,0.6867385072540109,0.6881593413064133,0.6866321546323823,0.6868334801837278,0.7047556040303308,0.7202244632983834,0.7110245945571062,0.6863256092599802,0.6866566137099647,0.6866527862782196,0.6867440633904907
219_LTDB_id_4_Medical_tr_3618_1st_3718,0.7661993486048043,0.8106295962299712,0.9097822722814372,0.7662429347780749,0.7671724009005191,0.7651048326550342,0.8353026505057936,0.8838732199112658,0.8804200920687417,0.934061341536368,0.7661729602270396,0.7905373881189722,0.8936881135129655,0.7672941958367222,0.76624332687061,0.7668926427357853,0.8332475517700364,0.900634899423124,0.864756649827318,0.9004846580977686,0.7656916620942051,0.7881257419891702,0.9148801788772676,0.76725140972956,0.7736211863149688,0.7653418272024228,0.8332475517700364,0.9112835707939672,0.907936399720428,0.918601601254569,0.7656916620942051,0.7993953724207755,0.9307645780748036,0.7664618445647051,0.7670043480131916,0.765798618200026,0.8353026505057936,0.8744870109971795,0.904621278148194,0.9175567446305684,0.7661676162961102,0.7992913548328194,0.91273224294228,0.7790449172952314,0.8615974681763171,0.767030001757385,0.8332475517700364,0.9040072738385062,0.8979343786868288,0.9244527485539864,0.7657537417182899,0.804055166669013,0.9263567498779134,0.7662502308226923,0.7708113143565846,0.7651048326550342,0.8353026505057936,0.8871102341321708,0.9155698027597724,0.9470816413967064,0.7661729602270396,0.8025872621239256,0.958195519226795,0.7662487273719905,0.7701420087838564,0.7651048326550342,0.8353026505057936,0.8941765184954229,0.9128398584383656,0.9384837949941583
220_LTDB_id_5_Medical_tr_500_1st_26,0.7688409301035901,0.8603664310213676,0.857466109819809,0.7670274176671236,0.7670174740260647,0.7672440948573522,0.7975195141010811,0.8113248142637394,0.8220500610154056,0.8385146219921814,0.7693292991597833,0.8007423183829833,0.8640373472463734,0.7905989067271161,0.7995105304688896,0.7670583973214972,0.7997691702906478,0.807193841617624,0.8011316770191155,0.8624014055397374,0.7689578084586631,0.8013019116537758,0.8567210015529791,0.8069396457443322,0.8274474183197373,0.7710823891496115,0.7662295637360955,0.8148377674432687,0.8209400094412559,0.857088576177074,0.7695780024006474,0.8085435320256501,0.8694969990339602,0.8058436474479234,0.7800420503480862,0.7700456586813199,0.7997691702906478,0.8171011900013134,0.8157891995984543,0.8568886915557369,0.7688233018260955,0.8083819731575764,0.8519889150218785,0.767093231385632,0.7841586096229459,0.7669826840045508,0.7975195141010811,0.8167804171569495,0.81704084101065,0.8560764189775913,0.7681528720349223,0.8245322764235522,0.8769947272400186,0.7670361479244537,0.7670174740260647,0.7669826840045508,0.7975195141010811,0.8127692847634042,0.8166717677715348,0.8514868973904957,0.768742707185591,0.8261646358130613,0.8603974423893008,0.7670163637455509,0.7670174740260647,0.767109572473156,0.7975195141010811,0.8185235683626625,0.8210725789626285,0.8522609163317894
221_LTDB_id_6_Medical_tr_500_1st_26,0.7689293645506045,0.7863761129770626,0.7880859766380882,0.7945975816751705,0.7827452690441525,0.7729735975394817,0.8015702279442766,0.7762820909425966,0.7679950506548111,0.7768043453055733,0.7670987832680786,0.7856945227362551,0.7781545530734791,0.8053538520527479,0.798231711443209,0.7699784458290324,0.7888093266060294,0.770823944551347,0.7796037188833675,0.784525615293616,0.7681565163363445,0.7827465319852319,0.7835292943686701,0.807725511585384,0.7798069773506495,0.7706003388927388,0.7871127772324722,0.7755836073799528,0.7693241248473548,0.7873460553335014,0.7678739049018152,0.7729715951631665,0.7851963238404807,0.807110437099942,0.798231711443209,0.7680696047758853,0.7835219892930765,0.7689641189487021,0.792906031047129,0.7807243535259595,0.7671998052331614,0.7936294917435026,0.779355538139367,0.8044376763710076,0.7964719088783531,0.7684320625056945,0.7857932368070776,0.7718696654862088,0.7849137873766102,0.7774888683413271,0.7684504912631821,0.7857925290493448,0.788183977537007,0.8124729932493054,0.7960978504065241,0.7689662430641913,0.7965590412005438,0.7689068431328289,0.7967522289561804,0.783079442861433,0.7677572508245792,0.785921637711396,0.7801485627205109,0.8109375681527624,0.7708055228541005,0.7676014919402105,0.7911028884603288,0.7893258369059922,0.7908267583933509,0.7766671161561233
222_LTDB_id_7_Medical_tr_3618_1st_3718,0.7658671285572091,0.837439347961096,0.9430303177197212,0.7662414897733957,0.7670145182936547,0.7662718699016652,0.8257665155570989,0.7661739797516857,0.9304558026845462,0.914392527041146,0.7661782756238618,0.8130455757349341,0.908136559945624,0.7668512878808043,0.7751159251068226,0.7666671516148529,0.8257665155570989,0.8853724742188022,0.9037394591060376,0.9286193800014748,0.7661767558634277,0.8251835148072998,0.9420344997766134,0.7662474606492314,0.7776005801560629,0.7657883020391798,0.8257665155570989,0.9001870665953466,0.9320246713022616,0.9298867011966714,0.7661676868553864,0.8361512475927987,0.8158479814886374,0.7662428435312911,0.7722643495156223,0.7657883020391798,0.8257665155570989,0.8984371577794328,0.9309581545823729,0.9436800951184924,0.7658671285572091,0.8333510658516248,0.951404300030424,0.766241251686095,0.8139822314063839,0.7676061501370532,0.8257665155570989,0.8627456114114828,0.916278108473452,0.9374539819992568,0.7661767558634277,0.8370681766930274,0.946878656289985,0.7662392097001042,0.7778037866017036,0.7657883020391798,0.824737903658035,0.8891547146860848,0.9239183914997952,0.9416338878550372,0.7661767558634277,0.8419292298834217,0.9390516237121186,0.7662426977727872,0.7697895364374635,0.7667409648220996,0.824737903658035,0.9057770551538394,0.929252826758262,0.9333660988436634
223_LTDB_id_8_Medical_tr_4456_1st_4556,0.7347375146874805,0.8314840996621995,0.8794403740969846,0.7334517128821301,0.7407127140727178,0.7337421968340649,0.7433747772126776,0.7765386337074941,0.846106739204208,0.8653108564927718,0.7336913436042656,0.8235359284682333,0.862957393709148,0.754790923920063,0.7517330861493645,0.7331074800577672,0.743882401791575,0.7665520003976811,0.8386604974323332,0.8875887130031538,0.7333845842731134,0.8381674465040249,0.902768664838367,0.7382415244580406,0.7462343648698035,0.7331074800577672,0.7454865331506201,0.7799795590002623,0.8609702049192312,0.8958263269086096,0.7333845842731134,0.8371648050815578,0.9052915282118504,0.7371645859370535,0.7490344352761117,0.7275516691806354,0.7422675244800693,0.7734439207055711,0.860254684137066,0.90113190149041,0.7333845842731134,0.8593152395124053,0.9225028182329058,0.746136155376129,0.7864739656738526,0.7275516691806354,0.7433747772126776,0.7800912068374566,0.8434458448500278,0.905405139795984,0.7372384840877612,0.85127087317479,0.8749706581320368,0.7378213782096184,0.7505176447287596,0.7315471009016219,0.7441281994404167,0.7640429916590809,0.8401635789979782,0.8840922234283921,0.7336261709269737,0.8297273885586408,0.9178636457779212,0.7333688473983565,0.7442532411468291,0.7331074800577672,0.7462241845727211,0.7656930915293387,0.854587546982388,0.8894339616228563
224_LTDB_id_9_Medical_tr_4456_1st_4556,0.7332855079419086,0.7635217821373556,0.8362244192717145,0.7446591487307717,0.7535103773675996,0.734846569354528,0.7580357122556266,0.8971542198767148,0.8557312750180739,0.7742635623465448,0.7332855079419086,0.7517917630840508,0.7940276857138652,0.7745032962920627,0.7630970980165189,0.7335894083069497,0.7581620588096742,0.8908927816712944,0.8221068343963621,0.8144071843950907,0.7343780026933762,0.7616802102055807,0.8335764324641418,0.7790874787872576,0.7577369266936128,0.7348355533946836,0.7519786771517049,0.9109700002368376,0.8400464231443948,0.8633116693903132,0.7337768167457572,0.7583080289240042,0.7690426675625637,0.7862123775271109,0.7557728098234932,0.7349018249648573,0.7617820253822009,0.9115000642477532,0.8390024252004482,0.8549688678956419,0.7337526852180962,0.7639613953019427,0.8675393855051429,0.8232679526319083,0.7915575419385131,0.7367760214035085,0.7662758437787709,0.9177745465670034,0.8801950336711356,0.7847527423410936,0.7337526852180962,0.7679984348131402,0.8114809990219923,0.7983195788701944,0.7584102950161905,0.7384325596038083,0.7513206632344288,0.9119465243673996,0.8694486027157056,0.8240140122790851,0.7338424598514628,0.7469032608407856,0.8893795273706954,0.7696848479054017,0.7577601963480121,0.7372695636957399,0.7555450187736679,0.911885366803076,0.8765634252554588,0.773860350858495
225_MGAB_id_1_Synthetic_tr_25000_1st_38478,0.665769198815966,0.6956425214357446,0.698292870515821,0.7039813294128121,0.7166279113812132,0.6978435858966625,0.6704351016477913,0.7063465104072988,0.7210834685708793,0.6671417039517992,0.667039451978061,0.6675665963257145,0.7350730234422826,0.686072108909629,0.7271844787634089,0.7135047927736815,0.6769520951656391,0.6882234927771838,0.7615857626649303,0.683327331807015,0.6660838484491941,0.6924500664516049,0.7723145880134936,0.6957192139596776,0.6937010263978666,0.741982703631427,0.701174873755612,0.7222638098270289,0.7484430766381012,0.7200017309664731,0.667039451978061,0.6851756177631626,0.6935012622928307,0.6942830056563095,0.7156945577371779,0.6854756248918132,0.6883996380617051,0.737394675017904,0.7320349159172881,0.6738674427968966,0.6686440411266094,0.6669720802001604,0.7100644132980856,0.7136302980585878,0.7462380556194494,0.7284319876568107,0.6712792701471587,0.6864462779988509,0.7733156742602381,0.693696861305185,0.669097572772704,0.7081875259217439,0.7018323847139281,0.7391744167927188,0.735288096847476,0.7080037824691219,0.6975222529461217,0.6995631800526233,0.7259195990088708,0.6867098530298363,0.6660838484491941,0.6790291443472799,0.6840335450926779,0.716147127053105,0.7179253052842919,0.7277045224072747,0.7217012267926834,0.7058936687527898,0.7298147173957821,0.6854763355352466
226_MGAB_id_2_Synthetic_tr_20000_1st_45134,0.754016369410786,0.7371481902516068,0.7015270986134989,0.7017202498296428,0.7162603110493588,0.6692021319098149,0.6800474601701749,0.7357157596169971,0.6758763335830115,0.707050474476371,0.7236750493873237,0.6785268829844229,0.7607755635653981,0.694617093801582,0.6786575317340148,0.7127979095853355,0.7874368982434089,0.7048333426275502,0.6967642276791316,0.7801108535494004,0.718270341948283,0.7251402605156981,0.725431814664218,0.7081072473041436,0.6802033940937108,0.6749859415408022,0.707796173985015,0.7039181943025313,0.6802126027192565,0.7240703438911426,0.7311271633843294,0.7207339705262122,0.7202923322997272,0.6819782811214794,0.6961000948685828,0.705983600624715,0.6968102086192451,0.7215412816301285,0.6723147755842568,0.6845522338707036,0.728381802393916,0.6948282660443164,0.8065919335913753,0.6874819736977524,0.7132396949815154,0.7089346267469487,0.6917831020699179,0.7250844398213465,0.6769682868105102,0.7246529115742659,0.7127005108982639,0.7128958417305585,0.7483205708353965,0.6913057128433301,0.738773570983561,0.7052040259673618,0.7286239515646552,0.728602379647382,0.6770777749339688,0.7087951993818635,0.7250131155566697,0.7091744017296909,0.7238447144720842,0.6938630802899145,0.7416225379413742,0.6969578683030023,0.7141707850902049,0.7454821928962025,0.6714252984427974,0.7619126707354603
227_MGAB_id_3_Synthetic_tr_25000_1st_44340,0.6682722083053892,0.6911359062844764,0.757622358667197,0.6894964348140253,0.6717776970312588,0.6823630819121442,0.681419876299292,0.7366384395593819,0.753148229963745,0.6839882880529095,0.668107421252008,0.6839488680085851,0.6667555663912731,0.6820787121284917,0.6713041438931812,0.6936336735138874,0.6708829880558628,0.6837152334530983,0.7499177497354287,0.8014050490583243,0.6675380772734772,0.7052443146869671,0.7035957948341474,0.6981630005433572,0.6893017179940938,0.6936255256242824,0.714476745307398,0.7168719124522288,0.6912517483784385,0.8127294557750394,0.6682722083053892,0.6932878627283625,0.7951866669034099,0.7026008061339089,0.6832614969902784,0.672008568790577,0.6876203253004056,0.7688666338987387,0.7709747871449668,0.793945004830772,0.6665734623969625,0.6755744555638372,0.6901031273668209,0.6767105900106845,0.671603158943457,0.7170413372404272,0.7230131140468333,0.7431031100150371,0.7518842635247913,0.683620844355364,0.6686968619100291,0.6898750782883178,0.7043740403515165,0.6850217058151441,0.6894923492652201,0.6717612436190624,0.6826611279191063,0.7716416738571529,0.7755046702133566,0.717140090195548,0.6675380772734772,0.7153725779306148,0.7175576926730749,0.6859361233642495,0.6946973353841824,0.6780352116732077,0.6833512343615952,0.7516349510826349,0.7252509502346244,0.7098958825478299
228_MGAB_id_4_Synthetic_tr_25000_1st_38948,0.6673819523534652,0.6677945047379373,0.6667995182794668,0.6670974652340824,0.7118681723597222,0.666902408793826,0.6668269257795053,0.6686736316021874,0.6663659575813917,0.6667480763126707,0.6650469445278215,0.6668070798454743,0.6668406011621318,0.6738287655707391,0.6769510255481198,0.6672450990347762,0.6669305333490099,0.666745055407027,0.6665354284280346,0.6861234363455075,0.6675498974335309,0.669659598715635,0.6661719578590941,0.6664054801217207,0.6664054801217207,0.6671800058983276,0.6676541489055674,0.6667776523289971,0.666896071895253,0.6803891262131334,0.6650469445278215,0.6680432003228066,0.6667772585298435,0.6666202561534877,0.6664054801217207,0.6677753730718351,0.6675895988882289,0.6668137590850064,0.6668516871068769,0.7085619512875941,0.666484725288436,0.6668899991972744,0.6664501142609471,0.6661843017651563,0.6667971907986789,0.694980308256194,0.6668603235887739,0.6668406011621318,0.6702582055603769,0.6670021721538647,0.666121685859171,0.6670236566266191,0.6855444394317338,0.6758340776715971,0.6664054801217207,0.6665167190891012,0.6668216901272429,0.6670094743951898,0.6663659575813917,0.6698729102559234,0.6679263747803935,0.6667901398830655,0.6755149593312392,0.6662601195910135,0.6891899570851887,0.6665167190891012,0.666888659137051,0.6660648661393296,0.681625771805549,0.6666003874494878
229_MGAB_id_5_Synthetic_tr_25000_1st_33098,0.668322853957813,0.6959587358565456,0.6991228672411405,0.7122756671746464,0.6713842448418981,0.6705195687881162,0.6761066407204098,0.6672347340189204,0.6704306493192588,0.6827927563636803,0.6645204549981241,0.6668307388652006,0.6864633553775408,0.6887175662482758,0.6774811780505743,0.6681952041837996,0.6823670939303561,0.68924118629573,0.6680085311060465,0.669010262909766,0.6665875443488383,0.667545348791207,0.694051957502415,0.6833168227296992,0.6936881916274461,0.6696823090051645,0.6852416123743968,0.6737487594704652,0.6990814492618297,0.6703456293287472,0.6665875443488383,0.6730399540641119,0.6680428571475333,0.6750014129049471,0.6765326467441454,0.6821673443334099,0.6672457495661054,0.6666172792947889,0.6663722176709765,0.6668557577634424,0.666120344863737,0.6684454361846516,0.6910604151998532,0.680728431490902,0.682344144049246,0.6665196700818875,0.6702882597327076,0.6863280524420182,0.6821612781057679,0.6676613489443093,0.6694820297492161,0.6916498953060017,0.6688607623165391,0.7077594241568546,0.7267138498168838,0.6856358332570891,0.6680815161584605,0.6897588634182976,0.6704884877865277,0.6674565646638377,0.6671937218638998,0.6709411040374631,0.6718432569870766,0.6964051643386462,0.6759880252191675,0.6923019396277987,0.6671828610519779,0.6944368078268267,0.682683942585969,0.6671956879852228
231_MGAB_id_7_Synthetic_tr_25000_1st_35544,0.6653086619745945,0.6701975706168082,0.6954980901379917,0.6673181692539147,0.6751857120810176,0.6991867834530324,0.6918953319220086,0.6866613672359745,0.6670769025772527,0.6984928595947558,0.6676784825631815,0.6776541762003888,0.7046502692522544,0.6719772301185017,0.6682186906891158,0.6822994237741966,0.6746022789597851,0.7323981762026904,0.6736757717930102,0.6698504967923601,0.6637869321519576,0.6718536025959325,0.6697361427434798,0.6669740889096323,0.6703664213457365,0.6787659953497394,0.6929624731846593,0.6853877825866432,0.6680455690111401,0.6681802303656849,0.6662841579827908,0.6702653507907608,0.6809687774088067,0.6667607241202835,0.6691015613129663,0.6702984202305292,0.6718888606372162,0.7205714615693902,0.6673452397367998,0.6795833989119836,0.6686370358798113,0.6715480428274098,0.675560114610612,0.6705343627231849,0.6767502296412046,0.6711466815513504,0.6715400541682065,0.6804916540441723,0.6668191742015397,0.6766801486299853,0.6682061237374538,0.7084883417729375,0.6853293997950483,0.6706753084322178,0.6687707898872632,0.6715822534564131,0.6986315455406735,0.7101200039336781,0.6680075485762466,0.72539955321191,0.6675595282117366,0.699557303127965,0.6808573058926783,0.6665675529036488,0.6689164859586889,0.675456952892857,0.6953321791362639,0.6888983423910902,0.6673917620576997,0.7299302379094945
232_MGAB_id_8_Synthetic_tr_25000_1st_32708,0.665491486563939,0.6755071239357908,0.6760570668839979,0.7067734643329667,0.7102333988434355,0.6889555713992372,0.6892610764904192,0.7034348675828864,0.6702341226435412,0.7091835479041734,0.6663150302541673,0.6809738874418706,0.6772205393931103,0.7276085648897906,0.695185356789511,0.692694066711579,0.6699349716644173,0.7175646963132076,0.6790182290164571,0.6774797979050003,0.6678408297648316,0.6742515098955845,0.6985580477389077,0.7022417864515402,0.7383465267632199,0.6857620963520697,0.6784273670496558,0.6864268949387843,0.6785960893446602,0.6767713092871054,0.6688505464226088,0.6753608381926314,0.6867602506818112,0.7371152684075186,0.7030182491424752,0.6833935407956414,0.6929000486275065,0.6873181305653453,0.6807985586860511,0.6916843890754559,0.6678408297648316,0.6678232484318888,0.6859031222941245,0.7282204953688307,0.6812356109873396,0.6807309830232009,0.6946513009096607,0.6933779790649482,0.6844713991999456,0.6795877959432725,0.6672228601418263,0.6973980471325938,0.6950790050910735,0.7049371595818325,0.6833232144537215,0.7277674417791806,0.674819517464125,0.6984276843365573,0.6669477577167993,0.7046539315172581,0.665491486563939,0.7328220297282607,0.754850819715038,0.7084425814711149,0.7232827265865146,0.6913052490348613,0.6756021515880261,0.6877679232642595,0.6743707195233433,0.688619012732408
233_MGAB_id_9_Synthetic_tr_25000_1st_41300,0.6719191792306843,0.6711589391395117,0.7128840017284929,0.7229305988396926,0.710059050658552,0.6735042753170557,0.6812140327341925,0.6979338987826225,0.6996903055484385,0.6707770581265359,0.6675824961189404,0.6684569064472119,0.7066381904875986,0.6971800106111257,0.6666178820934134,0.693887622841743,0.6806197665429441,0.6863802575539162,0.6837689110192446,0.6783896522714038,0.6652420442559888,0.6747680137697648,0.6995755093820627,0.7199429902405505,0.7168901632239869,0.6705753010913498,0.6764292160026654,0.6666904410688914,0.6935236799129126,0.6693339078707955,0.6677313705918485,0.6772266294653811,0.6719314379777457,0.716473398113224,0.669314706676243,0.6806782731779639,0.6754540143628969,0.7357848915334968,0.6885453378334982,0.6685297618526422,0.6663834297582276,0.6744281724358904,0.6722341875774793,0.6919538740301068,0.668627912350751,0.6706239261902373,0.6715690854422522,0.6820970484350309,0.7802575566605479,0.6751509251700343,0.6676010626135052,0.689730377333425,0.6691169923948139,0.713498533527747,0.6923551026831469,0.6668729116407788,0.6845581887215906,0.7345649615392601,0.7362395943035865,0.666918231050579,0.6661213404759647,0.6770416045913736,0.6965758440818004,0.7120243600580618,0.6775498524256794,0.6733215537130548,0.6703076214513679,0.6962394460989824,0.7374159217272888,0.6687178639423941
234_SED_id_1_Medical_tr_3740_1st_3840,0.6755985195472787,0.8094794963347596,0.6733686272410287,0.9435018746894344,0.94095701660666,0.755866788044368,0.7731721526629379,0.6727425055400912,0.6743543306994311,0.6733686272410287,0.6755985195472787,0.707350076255973,0.6780596830115827,0.9790514795806182,0.9426900673667304,0.7234247245414261,0.750805746346998,0.6728040623670987,0.6728040623670987,0.7178182641584826,0.6759300399527302,0.8100562722134124,0.6780596830115827,0.9521922541885433,0.9554755590180114,0.7474223699857441,0.7647176957484716,0.6731468323926795,0.6726499732654297,0.6733911278093202,0.6747375220436266,0.7844382976869033,0.6686620615204322,0.9536557394476672,0.9568936125713868,0.7756227627387293,0.7690542910649234,0.6727912576862279,0.6726499732654297,0.6741036030517344,0.6755985195472787,0.7171243959848614,0.8927551029444636,0.9557542913404418,0.9366447467277697,0.7633445189680159,0.8458972220466476,0.6716509735914591,0.6728717546094254,0.882768878199871,0.6755985195472787,0.8376557538614408,0.6734798539706188,0.9507494243687986,0.9563465547585832,0.8232537674906711,0.8254215038515051,0.6725147488369997,0.6704363984194548,0.6733911278093202,0.6755985195472787,0.7109561904404744,0.6780596830115827,0.95057878894812,0.9563863804354984,0.7839430164642406,0.8634654806433228,0.6725121810734804,0.6704363984194548,0.6733911278093202
236_SED_id_3_Medical_tr_3740_1st_3840,0.67165843161321,0.7990320714050644,0.670117321504327,0.931290198402706,0.9123519973579134,0.7218885797784305,0.7443631485569311,0.6704400494784104,0.670665098330437,0.6706475354413238,0.6758606962455814,0.7318664681244966,0.6704400494784104,0.9355990350375434,0.9215289535703536,0.6996842847973368,0.712375083473269,0.6707790451442129,0.6707478952952429,0.6710976760349202,0.6758606962455814,0.8170064844927096,0.6706475354413238,0.9145269742819704,0.9306348979817805,0.7207549418289316,0.7270618558946941,0.671286743757921,0.6703793891746449,0.6708644399725547,0.67165843161321,0.7245110525405679,0.6706475354413238,0.9317674889506254,0.9303225070442273,0.7160323403764203,0.7646734998241125,0.6705292705245116,0.6704721268284325,0.6707486392203811,0.67165843161321,0.6864739405095241,0.9094822939740534,0.9379257475463172,0.8789466502658078,0.7356937772191927,0.7766857701250656,0.6697267018686477,0.6707460667248769,0.8647273382800766,0.67165843161321,0.7798330770221388,0.6968011861614402,0.9328663199258832,0.930777667884463,0.7600702871063936,0.8224895126416035,0.6703550946743477,0.679626555151088,0.6707444355490756,0.6758606962455814,0.7490097035626999,0.670117321504327,0.93554339255371,0.9290727813698936,0.7419447278587784,0.8030304587003949,0.6704400494784104,0.6704721268284325,0.6705885692329543
237_SVDB_id_1_Medical_tr_11587_1st_11687,0.6810705037370046,0.7075478936010312,0.954226935247885,0.7418541763114926,0.7222164405099837,0.6822282390493888,0.6873079512461329,0.95537595195322,0.8971698006726415,0.8940460822354206,0.6810705037370046,0.6939611483578115,0.9449635940332604,0.7363106802470224,0.7526819050410055,0.6832879532464381,0.758454149649215,0.9315747711392508,0.7889282086452596,0.9463722245874414,0.6810705037370046,0.7070051905143189,0.9273704525706622,0.7580188535485759,0.7324519715572313,0.6871982298389543,0.745679258032597,0.966246834688065,0.8778482717281714,0.9393110381828432,0.6810705037370046,0.7046519320731063,0.9406679696112632,0.7380329147115509,0.7307925430187455,0.6884295306745407,0.7373269919788594,0.98487124058151,0.865422892225933,0.9495450352086648,0.7089029821715374,0.7098114544974239,0.9449635940332604,0.7724529429186234,0.8367851296465149,0.6851797651754887,0.7661421368240383,0.9662500763607488,0.955853716260892,0.9285243660116318,0.6833254917860687,0.7282216510026882,0.9458973575798124,0.7500781728103159,0.7513364639433393,0.6843049572251088,0.7523023869838718,0.9564187733103424,0.9554708829303936,0.9585982967051752,0.7267437870583423,0.7121003772340984,0.9449635940332604,0.7490995714204548,0.7229286435182082,0.7017077881029962,0.7322033800658672,0.9551230501439838,0.8628607703696273,0.9549700786230714
238_SVDB_id_2_Medical_tr_25000_1st_71963,0.8263898992230974,0.7989550089852883,0.9982129660525194,0.6923556583360256,0.718277266675769,0.7125116464904361,0.9838932979184728,0.999115569558812,0.9975135766222216,0.9993279707707444,0.8342231664525127,0.6667125852410957,0.9971848982375074,0.8151623452230692,0.9659732972614836,0.765899959461217,0.7259553021966046,0.9992201220473756,0.9975135766222216,0.9971848982375074,0.8194785442025263,0.6892838881467775,0.9987901554017882,0.9979246763103992,0.7003080563619694,0.7221008691677319,0.974666630916552,0.9975135766222216,0.9975135766222216,0.9975135766222216,0.9940848631453354,0.6668552554815504,0.9975135766222216,0.6792668965856518,0.7002137694032452,0.6992902909451668,0.709011882713847,0.999115569558812,0.9975135766222216,0.9975135766222216,0.8030109903568414,0.6789299991498459,0.9971848982375074,0.9973320528716494,0.9971243579444748,0.7310749065485111,0.7179066602063702,0.9975096914811352,0.9975135766222216,0.9975135766222216,0.7996185143743982,0.6668453804562614,0.9975135766222216,0.8469866255273591,0.9146527109137198,0.701770366765521,0.8008516203849959,0.999115569558812,0.9975135766222216,0.9975135766222216,0.7979179835197564,0.7506666202486673,0.9995839492617388,0.6883737672990499,0.6829929911596777,0.7172385727333426,0.6778024849579709,0.999115569558812,0.9975135766222216,0.9975135766222216
239_SVDB_id_3_Medical_tr_50000_1st_106634,0.6987687832806712,0.8900016770622663,0.8043123468197596,0.7076579802399041,0.7183167910065047,0.6811813779513722,0.6854019005941424,0.8182132901992549,0.9109368932421574,0.8038560383873237,0.6982785265956537,0.7882032089219583,0.8747077277533435,0.8107839465023043,0.7162331983849143,0.6740782307759726,0.7321965447474592,0.898782151931268,0.916057481529558,0.8716488996970349,0.6987356030419761,0.8051122469460851,0.9224768047459584,0.7685476444047923,0.7457649958914914,0.6774377211349885,0.720773707577322,0.8785772323755611,0.8955445405908461,0.8710842795279202,0.7013808912396876,0.8102492396924711,0.8203806758339351,0.7627600953361215,0.7554515213998756,0.7070189493034803,0.7128504165328671,0.8388291543294729,0.889416494046371,0.8462024733757131,0.7005619180176007,0.8663936622591395,0.9067400319234462,0.7896622011771824,0.7351728094286468,0.6899761789324913,0.8627913359193474,0.8491516117202302,0.9054074862956132,0.8940072646076559,0.7020217579375441,0.7820327285280891,0.855750201524186,0.8236455771620452,0.7614409355183309,0.6940535579923323,0.7268225959332972,0.8614354076965249,0.8816142668303669,0.8463269279807075,0.7024045180423026,0.8757324520642418,0.8440008181655263,0.7481752008027619,0.7731443601666392,0.6904706230223983,0.6919624263239174,0.8343243941743841,0.8960271173715351,0.8502815703432048
240_SVDB_id_4_Medical_tr_18462_1st_18562,0.701012932037527,0.771720385564393,0.7612493816240007,0.7121327242375632,0.7089174789697881,0.7059353047995357,0.7278994552772075,0.7018519617108724,0.8485304692697503,0.7412879443752044,0.7015644466221943,0.7428745821491208,0.7614014921035669,0.7136839218897698,0.7095324671038378,0.7032665544328099,0.7337047175708069,0.7018554545753232,0.8116321966116333,0.7623950235030865,0.7016423997333785,0.7582902393608639,0.8320965333698644,0.7204948201003766,0.7254065778707083,0.7017932820262558,0.7337047175708069,0.7018937347829504,0.8630302923432103,0.8439870853727788,0.7018060440929853,0.7590073369786831,0.8081520484017223,0.7187275841600328,0.7234580123761957,0.6966121202878797,0.7278994552772075,0.7018520055247044,0.8388375348121191,0.8351882224348955,0.7013210389700378,0.7499942664210779,0.8109191303877169,0.7204721936457018,0.7067838132296944,0.702143175895126,0.7278994552772075,0.7018384118960608,0.8163795670777682,0.794117217251941,0.7021637248607565,0.7662010697899991,0.7704104437691486,0.7127174255256583,0.7089008616438341,0.6980884529748121,0.7337047175708069,0.7018480091719977,0.860343435266504,0.7946162932410796,0.7018060440929853,0.7600102109910722,0.7756039834191931,0.7216229613451931,0.7170124264021753,0.697188329366416,0.7278994552772075,0.7018552534786291,0.8535198893509428,0.7350680285549913
241_SVDB_id_5_Medical_tr_11587_1st_11687,0.6813325448989688,0.7167762233092474,0.7123609959556817,0.699297404765639,0.7005409952073138,0.6962849632603576,0.6985737976811158,0.9744972195136152,0.8559615588656224,0.8703704219708056,0.6834263781308723,0.7062871958681441,0.8508259830515386,0.7117755612032703,0.740949614309546,0.7096450412373975,0.7568397545710576,0.9264185225127258,0.8465389128291544,0.9037809326661592,0.6832845416372971,0.7236374105004417,0.952679305915482,0.7292617560341246,0.7372900868756769,0.6813720231581183,0.7314873894557951,0.9859444932297112,0.9091993738983962,0.9763776130009868,0.6815310794937601,0.7184316215142809,0.9909584886581472,0.7248723947920087,0.7232660847501488,0.6950587472672766,0.7249952534635353,0.9581108642930276,0.9141013471595436,0.9876135066865568,0.6832845416372971,0.7118030781300948,0.980677154137822,0.7542840546477644,0.8542455778426938,0.6809401413026847,0.8017172218992241,0.988995544697939,0.962923209120726,0.9595295176703238,0.6813325448989688,0.7237253662729219,0.989141617418088,0.7230436106690759,0.7582320457531051,0.6813720231581183,0.7515126441594513,0.989086342923006,0.8842922190638146,0.9567943653249906,0.6847406213170355,0.7205222116113689,0.9892735483873888,0.7097559547413219,0.7123129993470815,0.7233160102607715,0.7555560415791618,0.9888934496583404,0.901263399579147,0.9877523900374628
243_SVDB_id_7_Medical_tr_11393_1st_11493,0.6670664681874721,0.6744906269578983,0.6788353951850312,0.6769256360383654,0.6757562035772078,0.6921111997701793,0.6643188075547494,0.7214028041811041,0.6767951959543643,0.7109582700540131,0.6695928800956871,0.6753870901803757,0.7175844304386958,0.6892911200975246,0.69185916971578,0.674338335804462,0.6684346838544187,0.7484594078337692,0.680004507605412,0.732645030787232,0.6684468265541667,0.6793992695813956,0.6986049457786786,0.701170784342788,0.6969635437612446,0.6763761921206367,0.6684346838544187,0.712020127824503,0.6875093231457113,0.6873340684519008,0.670095030281218,0.6771220635311151,0.7052379480616708,0.6932366645621907,0.7122164843900051,0.681005587531851,0.6741074050204234,0.7363462711527187,0.6990366828641922,0.7024938607393548,0.6680622027427606,0.6760795107586336,0.7049225783154535,0.7252403567799314,0.6915641321277285,0.6754987918592705,0.6866332148095743,0.7238976445581238,0.7102947428371625,0.7239013113018744,0.6697980372907641,0.6794204691782761,0.6954804550055106,0.7035839404917182,0.7539574160927558,0.6849061274604543,0.6684346838544187,0.6975455727283809,0.7084040051091172,0.6908324113903672,0.6693358809494308,0.6803257879342116,0.7009815619775609,0.6925389591319955,0.7489072050866062,0.6855568213625861,0.6688065008515849,0.6889081689533342,0.6843768804710152,0.708962101619455
244_SVDB_id_8_Medical_tr_17803_1st_17903,0.690809783364013,0.760658587856912,0.905954205446032,0.6902697974916474,0.6908308143217006,0.7114699907272378,0.7013326132457394,0.7905645300062977,0.8860486456134096,0.7249225239207479,0.6914455818038195,0.732391104785584,0.8560069629578121,0.6998523377086269,0.7105647373568998,0.6909672748920467,0.7103302509924827,0.8272803242670052,0.894635864701427,0.880713192613648,0.690809783364013,0.7616629423505489,0.8740361462743691,0.7011076804617319,0.706304125624965,0.6888807760146749,0.7008819711776333,0.8371860146302942,0.8888697534261816,0.9127164081280288,0.6914455818038195,0.747146129778658,0.8918240804874767,0.6972432724078871,0.7031820468515136,0.688641979772735,0.7166935557629575,0.8123899796822391,0.8895516869116872,0.823071961385131,0.6904108049630469,0.7441246515403,0.8720601205833218,0.7533163835631274,0.7588326544554577,0.68868080031566,0.7097380204946953,0.8260174327090762,0.8914811720412426,0.8913114711767708,0.6915789056125241,0.773897102576929,0.8177756641506355,0.6980084150441752,0.7260357261528114,0.688641979772735,0.7033790101124102,0.8207739111463522,0.8940630977681507,0.8663956272143499,0.690809783364013,0.7635320057237607,0.9300934774320996,0.6930716050079259,0.7009251617586099,0.6970508928356367,0.7016786864431317,0.8155094895031733,0.8949923725731507,0.882242926825417
245_SVDB_id_9_Medical_tr_12607_1st_12707,0.6922990107478718,0.8088802685112799,0.9439074782039032,0.6923097293083345,0.6922833107466257,0.7520536260279308,0.7555528057413982,0.8906732447756684,0.9577812078383054,0.9068573187141644,0.6922859691382462,0.7477072379882357,0.9583388288864726,0.6956690051682015,0.6947165088423072,0.6921815060611867,0.7571350614996496,0.9322144783418984,0.9223164745919732,0.9631211027534184,0.6922754856282879,0.7643179184533222,0.9697232069452713,0.6978679956092428,0.698039874596042,0.6928226917042909,0.7571350614996496,0.9413772208379366,0.9631281826379958,0.9716285005830152,0.6923201520280868,0.7671929395804449,0.9674534768824296,0.6935789165197549,0.6950791437576306,0.6921815060611867,0.7555528057413982,0.943546628821592,0.9609277747918588,0.9688370599272542,0.6923218741519738,0.7624200748995306,0.957851043898212,0.6968733120684266,0.7427990881013767,0.6922286727834088,0.7555528057413982,0.937287520990508,0.9499852756334616,0.9622227171596018,0.6923867737907858,0.7671476157185322,0.9719321722253272,0.6955289299417124,0.6978174080382666,0.6921815060611867,0.7571350614996496,0.9516291405748724,0.9521170372021648,0.9687894007822792,0.6922593184035828,0.7759578965913041,0.970984269070838,0.6963734762994446,0.6966326002904148,0.6913862911311222,0.7571350614996496,0.943214091127763,0.9613172124228282,0.9581845402645948
246_SVDB_id_10_Medical_tr_20100_1st_68460,0.7500467729602905,0.7245151793928155,0.7974473708782822,0.6975115283000599,0.6756005949521353,0.6705883267198638,0.6691636522324331,0.7824622217925354,0.7825308459034467,0.7301361392708144,0.7321706681391523,0.7100711818191816,0.7876370890630309,0.770912099206128,0.68458417524714,0.6721740772821635,0.6691636522324331,0.7704980180542715,0.7809276817036663,0.8637844339850653,0.7239863805393187,0.7727241421833115,0.8053077658264649,0.7131298517362987,0.7524281078273279,0.6721740772821635,0.6691636522324331,0.7712362613960974,0.7756183399922402,0.8757264736375423,0.7131191839527101,0.7129869768346113,0.814987708749372,0.7122267820164943,0.7072891683199639,0.6721740772821635,0.6691636522324331,0.77367773062854,0.7731693817642431,0.7820799217660203,0.7066512829496805,0.7371242153994741,0.8090493312409588,0.7996187442943653,0.8435945970159829,0.7478417294144503,0.6691636522324331,0.7824474444995823,0.760696242830705,0.8083834273861045,0.7308850966390547,0.7154813330375931,0.7969474332840417,0.6842737034177527,0.7845851764151881,0.6721740772821635,0.6691636522324331,0.7824474444995823,0.7609182262338757,0.8666930149100257,0.7517570337814047,0.7141896358600273,0.8139675116170921,0.6811209486532386,0.8131949799892935,0.6711537427654313,0.6691636522324331,0.7915384300255777,0.7556457351902167,0.8119779549795626
247_SVDB_id_11_Medical_tr_20100_1st_23611,0.7515886191145615,0.8123797698366283,0.8563863190811759,0.7485517472342149,0.7511982893881548,0.7459482915817954,0.8161912028083714,0.7512322562228069,0.8057132009848604,0.8300768612890037,0.75081884115805,0.786195827193858,0.8432100448534158,0.8070889228377217,0.7533519354116884,0.763597424149261,0.7923565143235742,0.8043042266076221,0.8070761490111296,0.8349371667307782,0.7512275288192992,0.8016588021371048,0.8543868200185062,0.7626791530980661,0.7612223485107157,0.7720071631465044,0.8022946648539485,0.8195890596970101,0.7969808489655104,0.8412406286349386,0.7514183170064997,0.8145322285369082,0.8578138624830023,0.7511831135752792,0.7603843936546036,0.7513523141900745,0.802155656572016,0.8418867855514744,0.7906468471634404,0.8449389772387143,0.7510973943099027,0.777968810955697,0.8666900072900039,0.7511850766138635,0.8209096732258155,0.7511290251687903,0.7948272728443044,0.8301782406264455,0.8109597527817463,0.8185599642500725,0.7511877609519841,0.832016536594742,0.8425468073724417,0.7511850766138635,0.7585915457919219,0.7511290251687903,0.7937814766544463,0.8070605973812142,0.8124529628733186,0.8630016313865241,0.751578738766831,0.8135928283962359,0.8314770979726424,0.751212493925617,0.7993029726641333,0.7458032902439661,0.7915356201919532,0.7512384318124062,0.8013302512723812,0.8524297935221206
248_SVDB_id_12_Medical_tr_18462_1st_18562,0.7039238030493323,0.7705420470075223,0.8643676439780098,0.7373274116992424,0.7150524623933864,0.7018630410622614,0.7143887201410113,0.8799495028735328,0.8734965017370407,0.8763035309153304,0.7032533092972324,0.7646573865824665,0.8723161996342369,0.7307877367696377,0.7345203149045055,0.7032005322494816,0.7354962328830761,0.8894061794092292,0.8697360965006466,0.9193911406513212,0.7013497081281471,0.7722649994347998,0.9259190838168876,0.7429578295105397,0.7384535129151745,0.7013963334406894,0.7188279881589721,0.8752627215076775,0.867537236981735,0.9063501645352692,0.7007411211776009,0.7691716433698423,0.8867814176484355,0.743844950687714,0.7223266574780235,0.7020691548357679,0.7248536303044951,0.8641718413902042,0.8610757541326001,0.919047884741395,0.702584434155136,0.7707464136989296,0.904438603559204,0.7597722287401135,0.7825277257112166,0.7018632761474053,0.73047450138954,0.8833543964769304,0.9003265006721625,0.9300250707442936,0.7015850560047909,0.7763363980228104,0.92581438094995,0.7406836511998466,0.7329462858793824,0.7013748614539378,0.7168909401026645,0.8364576435159261,0.866378975036581,0.8845784563402729,0.7007411211776009,0.7771843887195473,0.8877397771103563,0.7112294715883047,0.745946677294224,0.7018630410622614,0.7152317637502705,0.8739518290619301,0.8723037796852541,0.9276676681935854
249_SVDB_id_13_Medical_tr_50000_1st_54982,0.6775488522642376,0.7412534372084886,0.7588159585002189,0.6982108762934357,0.701273720119557,0.6906655136394879,0.6756691765208851,0.7603734392751677,0.7346627437441663,0.7767661906244808,0.6841065942231055,0.7140906410395591,0.7672986424722085,0.6984398017415482,0.7053185339876432,0.6818942442419159,0.6992523648198915,0.7599276454553234,0.7244404648470847,0.7748425110026805,0.6772327316536554,0.7231266298326912,0.767748446211968,0.701592120159004,0.700017690690059,0.6886354765173387,0.6751319704145808,0.7644150767837833,0.729633881073193,0.7603246372468943,0.6772939018744374,0.7163030390548583,0.7544808472453352,0.7038516932857365,0.7010679335030966,0.6900291887841062,0.676938100660948,0.7639372404431157,0.7570477375860768,0.7527026375098242,0.6770443435524052,0.7420218627180039,0.7737310056977604,0.7060093493225867,0.7058692726028729,0.6878398008264693,0.6866000739325359,0.7510821187041125,0.7337528723194552,0.7470068194787121,0.679433847589391,0.757144444671905,0.7247593289262577,0.7012493472005075,0.7020997561416011,0.6892846992188693,0.6752853942357587,0.738137496692559,0.7453726991250373,0.7948279418452056,0.6767355427795636,0.7237971558479731,0.7597692331058683,0.7040027838262753,0.7001699781934878,0.6851772481357272,0.6755174258420743,0.7433356712313788,0.7549774320997115,0.7783080861445065
250_SVDB_id_14_Medical_tr_50000_1st_107354,0.7535811250212279,0.8132339881913168,0.8290150327507065,0.7263267193581846,0.7319905408144934,0.7101219679518803,0.7366283077957504,0.8420710920607503,0.9278598271988808,0.7179781802139107,0.7614201144485928,0.7201651856962789,0.8349421668141297,0.7746536467722864,0.8033664136649201,0.7272016421687779,0.7725646125515083,0.8782476538526722,0.8732751713848976,0.8424551681830849,0.7620120646122035,0.8057620708475252,0.829452017393513,0.7976095173013854,0.8434193791270678,0.7462854212988429,0.7613944207598068,0.8835392644521852,0.8716791090418547,0.8607156559198925,0.7929083489072897,0.7692169462430176,0.8612125368182122,0.8005203970890289,0.7417927197524044,0.747201546169404,0.6929453045509397,0.8766073377834149,0.8788789452258985,0.7867390324939153,0.7551166267194412,0.7803228037245494,0.8202369173974821,0.8166884305207203,0.8517056358731611,0.7380223188739877,0.766160259731482,0.8782822376470453,0.941017063092819,0.8234580851149135,0.7530674088308127,0.8203063905002225,0.8710821775916243,0.8854842431182176,0.7845574656471974,0.7455549019311764,0.7029237433301495,0.8353961350821443,0.8765633339609779,0.8646003694209442,0.7586426144657226,0.7857142355260687,0.9573277621417616,0.7501709112358702,0.7304954124589116,0.7295932304051371,0.6924732151039832,0.8512748654431872,0.8342898758405969,0.8651594241823585
251_SVDB_id_15_Medical_tr_5421_1st_5521,0.6696477518005277,0.7427737219469159,0.926428156447696,0.6771111307886786,0.6707166742093276,0.6697654948472519,0.6991347206734729,0.9312229099510004,0.9258106008521036,0.9263778028311332,0.6701159037598007,0.7226056312249952,0.9336624347054452,0.6766554236990387,0.675186951953728,0.6667338471846332,0.6991347206734729,0.9299477769673188,0.9297729033676556,0.9323810686390068,0.669701338753667,0.7380747396748677,0.9321311421788449,0.6710554683157407,0.680685728125007,0.6696951874828301,0.7037559934909284,0.9272541937995942,0.9330695168982212,0.9330194322961134,0.6698344460969387,0.7333699151415113,0.9329058340992492,0.6733291679718681,0.6725631105949884,0.6696361618014924,0.6991347206734729,0.9291289130944096,0.930650204060198,0.9330466289016024,0.6699248016293471,0.7367276178321249,0.9343670666102296,0.675102766419823,0.7120303848050277,0.6696951874828301,0.6991347206734729,0.9360719744597412,0.9237426299706168,0.928341442213068,0.6698344460969387,0.7333226765870755,0.9331491957019076,0.6726390201155602,0.6741738121593719,0.6663863343250996,0.6991347206734729,0.9294075116219171,0.9324354733579516,0.9332955975392072,0.6706777657706848,0.7541103442923267,0.9337379658434236,0.679995118418789,0.6730479649125757,0.6695694259897613,0.7037559934909284,0.9305722782043524,0.9260499554180446,0.930551148566082
253_SVDB_id_17_Medical_tr_17803_1st_17903,0.691365000488311,0.8212342350161724,0.8298218131282764,0.6906607996745966,0.6911023041023908,0.6909498180870162,0.73156221290671,0.8497571826425215,0.8748269210324614,0.8844848482291318,0.691760428244365,0.7612801642031244,0.8585871215740162,0.6934679888783142,0.7231701557978572,0.6877869281831596,0.7134402454011421,0.8703982459394162,0.8831468137341941,0.8837604058066758,0.691760428244365,0.7948176821502085,0.8710593538573415,0.6984910659470893,0.7004616157381922,0.6908437800395679,0.6997562036236177,0.8876931769413366,0.8848341521823679,0.8797401827605071,0.6905243540383459,0.7862313491226605,0.8898103747155081,0.6915747620570338,0.7049946753099345,0.6909498180870162,0.702758590351112,0.8467733023687686,0.878371712285205,0.8804333051111366,0.6911579046184781,0.8125536075332421,0.8969711003837376,0.692266248087199,0.7754193369986639,0.6909498180870162,0.7121258341394909,0.8515963490925547,0.8749502266928555,0.8854899598934044,0.695765260912889,0.8628397097152288,0.8927453136418884,0.6908904125158914,0.7020929001992947,0.6909498180870162,0.6970609005074481,0.8638268313587867,0.8657425724663741,0.8978004912925521,0.6923931831521,0.8133260417894215,0.8649534499216577,0.6901495695533422,0.7000880245310854,0.6909498180870162,0.700529950872659,0.8549742411509627,0.869623229807356,0.8833496616644166
254_SVDB_id_18_Medical_tr_30824_1st_30924,0.6850248903726998,0.7201584976690035,0.7076125158919694,0.7030357402683892,0.7025483815522338,0.686411179543403,0.6975819844360579,0.6871149384477424,0.7454966305177707,0.7142073288221888,0.6860355718865291,0.7166608287691069,0.7271148131324228,0.7780205072062534,0.695081590105301,0.6937781222096251,0.7182336044139067,0.7313058822970716,0.7376389608850547,0.7348244011921102,0.6860355718865291,0.7161287076724289,0.7402009985368594,0.7249129480953862,0.696825515087883,0.7016791654496071,0.7394228887152018,0.732861346780919,0.7376979702888914,0.7084128341361012,0.6860355718865291,0.7150991694944017,0.7016772423852015,0.7027611164102746,0.6987197545729799,0.7050774455727379,0.7324676627998498,0.7248867258205914,0.7491517992877028,0.7093916754008354,0.6862374622145185,0.717328690332042,0.7257159615806336,0.7293220826828091,0.6953329389256506,0.6980217000393871,0.7105530290448288,0.7169192839783188,0.7442882873651645,0.7251606250288396,0.6869418140370613,0.7185074923200865,0.7134574963408572,0.7067901115979499,0.6997312656855526,0.7128897064935715,0.7073510638230639,0.7092082578523602,0.7332340013348423,0.7144672802665938,0.6868386851343232,0.7231268276140735,0.7115762420657009,0.6965687496092042,0.6990601931089858,0.7078071298648998,0.6949321130941475,0.7092406278413254,0.7340042949664208,0.717324348751242
255_SVDB_id_19_Medical_tr_50000_1st_54982,0.6781392394520056,0.7486058668692946,0.7292804181439931,0.688015520206454,0.6846983508517733,0.6849269391902983,0.6923213928925083,0.7269228364607878,0.795799039163646,0.7979090984761233,0.677178805477796,0.7229957277596251,0.7640712629410606,0.6954582755924068,0.6973099468422975,0.6767052535020037,0.6942876941401321,0.7376254417467829,0.7935075164177018,0.7993197062179146,0.6773902899127358,0.7445112876516923,0.763760261907589,0.691352024133603,0.6934467107521777,0.6767052535020037,0.6942876941401321,0.7587203151660129,0.7790570948053092,0.7998440629688145,0.6773442981964496,0.7668923100693673,0.7784504210623485,0.6895104159347755,0.6933181670299966,0.6821371408928066,0.685208909397146,0.7488576498021635,0.7963091087456395,0.7913085595018934,0.6771379498894002,0.7373154706702734,0.7861844005192824,0.7012037300986617,0.6956269862552164,0.6780242665317306,0.6861238332999255,0.7555656298843937,0.787587496485902,0.8013263500588252,0.6786742312967208,0.7388831294413246,0.7753256594392561,0.6901396914065684,0.6864719031833773,0.6772613374487305,0.6942876941401321,0.7366122685742762,0.7761800709075706,0.8027171547976037,0.6770203776907733,0.7314561016324449,0.7932115177269138,0.6890194134310351,0.6945849295569259,0.681410750101945,0.6942876941401321,0.7538398677067442,0.8094959872041864,0.8091427512999221
256_SVDB_id_20_Medical_tr_6264_1st_6364,0.6706149788734105,0.6715710945334264,0.67115472320808,0.7018301487948025,0.7028688393055276,0.6780719196675575,0.6708732431692428,0.6711138296496707,0.6746714104673518,0.6720901726302222,0.6715150079331714,0.6733736112372714,0.6711267529188271,0.6770103709276707,0.6804393795543967,0.6820062456003301,0.6573289631179525,0.6711378667138345,0.6711221077195373,0.6752707618501478,0.670903484381277,0.6725319756525906,0.6711465850113288,0.6899656875517386,0.6909300820346913,0.6874621195084609,0.6708732431692428,0.6711471933065403,0.6711376034564406,0.6711428638945075,0.6715150079331714,0.6744159527624689,0.671124012347418,0.6838280744646313,0.7000590592601047,0.687430311491096,0.6573289631179525,0.6711588976003612,0.6711423349049143,0.6711573372916443,0.6706149788734105,0.6770897232691409,0.6711310954703624,0.6813646409306654,0.6842232630563794,0.6914578386228963,0.6573289631179525,0.6752372338989912,0.6711242590476304,0.6734451785357801,0.6706433100823227,0.6784351990969348,0.671147068903006,0.684849431107212,0.6850999217533397,0.6891659198196722,0.6708732431692428,0.6711262430410209,0.6711306558090019,0.6874970300388235,0.6706433100823227,0.6736168147945047,0.6711037615709635,0.7056396159023954,0.6947336906885305,0.6854808073395313,0.6549830708036855,0.671136504295244,0.6711545224678713,0.6777228750961161
257_TAO_id_1_Environment_tr_500_1st_3,0.6738632611565495,0.7434620733441997,0.7618278961292424,0.7635445877012436,0.6840418861012744,0.6776088215958521,0.5222489433751525,0.7578806333622276,0.7569025825868452,0.7550757540795677,0.675200702347128,0.7580096660808022,0.7629280065503169,0.7621675802865632,0.6781395851132258,0.6820357579964159,0.5909166021165012,0.7536236398958054,0.7570933394157124,0.7642654299557629,0.6736953685938535,0.7579267161189669,0.7648601112104052,0.7613451508801187,0.6773987618483125,0.6819132360335256,0.5909166021165012,0.7555718118304139,0.7357576614288021,0.7628907993709091,0.6788375611335533,0.7649120953357296,0.7621025858167142,0.7587503186436069,0.6778803808186984,0.6777875466438109,0.5909166021165012,0.7542794595359898,0.7545177051608746,0.7639730568039839,0.675683422917839,0.76099980379654,0.7632222303590687,0.7579705335988636,0.6776980220698413,0.6806706418826932,0.6683650266135978,0.7549511530935128,0.747879029624049,0.7648601112104052,0.6736953685938535,0.7596585180660944,0.7648601112104052,0.7620070679481118,0.6778366658009654,0.6815171933486608,0.6656947367421975,0.756849264345176,0.7437500802784363,0.7648601112104052,0.6788375611335533,0.7615879411631349,0.7629280065503169,0.7632174470068355,0.6781789666290586,0.6788469716363882,0.6683650266135978,0.7555363702043355,0.7529862776037102,0.7648601112104052
258_TAO_id_2_Environment_tr_500_1st_4,0.6839346282071842,0.7422004042173234,0.740733603133025,0.7308325348159301,0.6871877446262863,0.6876734241987813,0.3767843089207212,0.7353887005634874,0.7316385405167974,0.7405558806663884,0.686834876594523,0.743473288235599,0.7405558806663884,0.7253007070458202,0.6873284553126461,0.6887775426831637,0.4149607252948964,0.7305811955464888,0.7338282353824097,0.7405558806663884,0.6844685361513397,0.7400003072988297,0.7405558806663884,0.7308677746148367,0.6872949108252464,0.6876734241987813,0.6715730354585623,0.7315480704832438,0.7333560444491152,0.7405558806663884,0.6873900566967595,0.7436748860547985,0.7408540410518619,0.7290387918083865,0.6872949108252464,0.6878215512496584,0.6839212349185723,0.7301606969443467,0.7326455935413195,0.7405558806663884,0.6844685361513397,0.7442018850500747,0.7406968210345762,0.7235393420632079,0.6869007638446611,0.6878215512496584,0.6629474111720248,0.7337019887293517,0.728334021194217,0.7405558806663884,0.6861826777009491,0.7440735179506626,0.7405558806663884,0.7315478665979225,0.6879359841147857,0.6878215512496584,0.6629474111720248,0.7347992056919913,0.730684425834935,0.7405558806663884,0.6854833281419912,0.7446422966404589,0.7410131351795265,0.7077248058830788,0.6868265656439176,0.6876734241987813,0.6715730354585623,0.7338446214036868,0.7299598598030981,0.7405558806663884
260_IOPS_id_1_WebService_tr_5000_1st_11804,0.7028952070767266,0.9989696060478248,0.9989696060478248,0.9989696060478248,0.7320069021993444,0.882356330631781,0.7743718965898965,0.7754382298388145,0.7825518578799732,0.9989696060478248,0.6850146708068493,0.9989696060478248,0.6833600114833037,0.9989696060478248,0.7313641376678958,0.882356330631781,0.9989696060478248,0.9989696060478248,0.6780998841911201,0.7754382298388145,0.6850146708068493,0.9989696060478248,0.6858113964216768,0.9989696060478248,0.7313641376678958,0.8692967327198383,0.7764964353478536,0.7754382298388145,0.7779323919610758,0.9989696060478248,0.6850146708068493,0.9989696060478248,0.9989696060478248,0.9989696060478248,0.7179957724834476,0.8692967327198383,0.8319223474436069,0.9989696060478248,0.7779323919610758,0.9989696060478248,0.7060278881360039,0.9989696060478248,0.7192929130792632,0.9989696060478248,0.7208292486601434,0.882356330631781,0.8082007231520193,0.6789014096415532,0.9989696060478248,0.7231645673060081,0.675791293548119,0.9989696060478248,0.7661232884548111,0.9989696060478248,0.7208292486601434,0.882356330631781,0.8319223474436069,0.7754382298388145,0.8939292940614321,0.9989696060478248,0.6809450949894544,0.9989696060478248,0.9989696060478248,0.9989696060478248,0.7179957724834476,0.882356330631781,0.8082007231520193,0.7754382298388145,0.7779323919610758,0.9989696060478248
261_IOPS_id_2_WebService_tr_2178_1st_2278,0.6780673435446578,0.7608010468136593,0.673412847575579,0.7806421191665781,0.7369333346956315,0.7991039954901472,0.7180085846834672,0.6656931245379581,0.7473077702883314,0.6812929777024095,0.673717956214476,0.8561143965430236,0.6802181731255866,0.6801543214095972,0.6582454111083885,0.7873066329392431,0.826351925121999,0.6608207493030448,0.7242923610974288,0.6832012000863058,0.6780673435446578,0.9939267708428688,0.6880203968048572,0.8296797865307811,0.6582454111083885,0.6687183769365366,0.8472725083688323,0.6655461481817647,0.7389365427252687,0.7804024369064847,0.6937253654841041,0.9650233438510046,0.7192700347870418,0.72651474169153,0.6788255048381284,0.6846838279508011,0.8042668805250783,0.6721840155717113,0.7481450357032022,0.7602208201094465,0.6937253654841041,0.9939267708428688,0.8019261178258293,0.7050729258135803,0.7840086795183577,0.6898520766897678,0.8225859114809758,0.6668826895152968,0.738956704825597,0.6811687983632777,0.673717956214476,0.9939267708428688,0.7453782258479559,0.7416842277479017,0.7756506534561859,0.6770005444972192,0.8038613956153815,0.6656931245379581,0.758726589079756,0.7064039975961889,0.673717956214476,0.9939267708428688,0.6859804128405913,0.7168550843928362,0.7387372465503457,0.6687175646960002,0.8600981182916619,0.6656931245379581,0.7007926141770495,0.6744235859649117
262_IOPS_id_3_WebService_tr_7028_1st_7128,0.6808103570765098,0.7351681992188854,0.8204350608651851,0.8568609437984103,0.6801998088816906,0.7407256617072562,0.698420191940035,0.862183121270739,0.8552246770731684,0.8116481830145388,0.6808103570765098,0.7118666704670275,0.7235226343196597,0.8568571106759576,0.681684701261263,0.7265809060647034,0.7204375806409163,0.8542783068700659,0.8525577129420574,0.7299427749243507,0.6808103570765098,0.7300414126277434,0.7797457792388128,0.8673602724323219,0.6860543700683287,0.7454372058107275,0.7138951185168245,0.8739255155279243,0.8615692212088941,0.7667010823539283,0.6808103570765098,0.7291754566371671,0.7738258812366977,0.8626347851111134,0.6883896613123258,0.7362099635980337,0.7157681243843136,0.8686449410949754,0.8640039877424471,0.7772046378387922,0.6845533472306073,0.7290708654667691,0.7142707057830222,0.8442916572661262,0.6958663469761998,0.7315971465100952,0.7332479622268284,0.856358823957215,0.85377921510893,0.7469334630185097,0.6927244807116849,0.7457210886768312,0.7202569956919899,0.8681581290404558,0.6816454479715235,0.7220789212791809,0.7132639468190409,0.854526422004099,0.8684590870001208,0.7795900446080223,0.6809724058904951,0.7438542838283737,0.7918952240436609,0.8655172104710287,0.6816643783810923,0.7353798928477246,0.7072981029012754,0.8571781975550927,0.8606741749137772,0.7812739353949508
263_IOPS_id_4_WebService_tr_3482_1st_3582,0.6720834201325744,0.9346407839530376,0.7016115324724937,0.8522057262737499,0.6696035432903882,0.7630971529996798,0.7180975175891996,0.8317262124545827,0.7727618402192643,0.8951940023969751,0.6706458864732855,0.8386759011490101,0.7020942601238603,0.869706958509354,0.6902438036072357,0.6968457395994493,0.7563851335071532,0.8293464843935157,0.7530411331797466,0.7332734971000314,0.6701104792764564,0.8360509349413039,0.7013309445036381,0.872107018754262,0.6839193437379003,0.7395469886516438,0.7377677945634514,0.8082750685885594,0.7434021530561109,0.7949772328524456,0.6706752455979332,0.8298858522334207,0.7016115324724937,0.8671392765364728,0.6906959160426731,0.7456499605327286,0.7625223726295451,0.8237058795279282,0.7474697402521222,0.7687853090608043,0.6710024770068549,0.8103305365028313,0.7255490715881867,0.8618109782278305,0.6896922256166277,0.7502027889181788,0.7559230155489014,0.809427668575339,0.7575033865432463,0.7964786745522947,0.6703585912756181,0.8062408392002394,0.701808095891951,0.8634872199251172,0.6906959160426731,0.7299560011395173,0.7338698967360507,0.8180719054062889,0.7705533503789032,0.8927557198240439,0.6697686567033643,0.8422139698560934,0.7019520776680571,0.8617718523920246,0.6844804984944514,0.755218604460233,0.7623175421961952,0.8327988581796884,0.7485252207031716,0.87154649207585
264_IOPS_id_5_WebService_tr_11665_1st_11765,0.6633539384288285,0.9907974229875788,0.9380959427151654,0.9949560475449484,0.7256971964430364,0.8952243530621666,0.6654828882609669,0.993051306943995,0.9925511530845132,0.8928625392921913,0.6633539384288285,0.9907974229875788,0.9039266158861788,0.99493595697529,0.7301409030148532,0.9432028092714464,0.4861110231575763,0.993051306943995,0.9645429314676424,0.9327004753272125,0.6607666780500063,0.9893798014370234,0.9416235992951552,0.9949560475449484,0.7301409030148532,0.9613872149509078,0.6654828882609669,0.993051306943995,0.9932717568067578,0.9716082563439136,0.6661202145127674,0.9907974229875788,0.9784705019097736,0.9949817622784164,0.7300717622075336,0.9195966310618772,0.6654828882609669,0.9933648272924772,0.9932717568067578,0.8875970982768749,0.6633539384288285,0.9894865952761586,0.9385142321781984,0.9949560475449484,0.7304082453971779,0.9613872149509078,0.4861110231575763,0.993051306943995,0.9367669392021798,0.9913506435214028,0.6633539384288285,0.9907974229875788,0.9784705019097736,0.9949627442194048,0.7312614083516497,0.9458932867948552,0.4861110231575763,0.993051306943995,0.9737538323196688,0.9864379179392632,0.6633539384288285,0.9912969574546484,0.9380959427151654,0.9949560475449484,0.7298805453192964,0.9617832620166796,0.6654828882609669,0.993051306943995,0.9674618607594848,0.8882882110116039
266_IOPS_id_7_WebService_tr_4010_1st_4110,0.670240981218066,0.7035286973087469,0.7376942044416617,0.8529248718063904,0.668322610149235,0.6698430520256887,0.6791884192560249,0.6687750589460213,0.6902246942355749,0.7377198566534874,0.669443704109958,0.7026918468356723,0.681591133208722,0.9117080731832512,0.668322610149235,0.6689864375514775,0.6737033416296504,0.6697978506014781,0.6700548802948016,0.6774373754304105,0.6697977651632016,0.668478190425543,0.6810152174412699,0.8971749047291431,0.668322610149235,0.6696887288758967,0.676353626543019,0.668669031329752,0.6820416738404625,0.6960496094270734,0.669491670173553,0.7477925676207339,0.6770210663481121,0.90247181591407,0.668322610149235,0.6686212873613424,0.6748047604774604,0.6871719588150202,0.6878252096742284,0.674879015019361,0.669491670173553,0.7333271422248991,0.6829530325440045,0.8825463358434363,0.668322610149235,0.6704626946522219,0.672867241436685,0.6773214306717855,0.6887447657956944,0.6967382694124566,0.6692343089961593,0.7495338092591525,0.6808902099244705,0.9030531011779488,0.668322610149235,0.6711226754339926,0.675804735660021,0.6688797228674037,0.6833619703314415,0.7194630876092426,0.6700941923384771,0.7281314610856684,0.7096278118882224,0.9054755562743012,0.668322610149235,0.6693240646404284,0.6742775002142629,0.6687477336387097,0.6866542799444588,0.6853704772277921
267_IOPS_id_8_WebService_tr_1534_1st_1882,0.7037486521267583,0.6684329757525165,0.6912969568134483,0.7630216594185777,0.7493846164984976,0.7075572188921598,0.7670757890826424,0.6936817042927194,0.7734151755022053,0.7331559088612821,0.7276137908116129,0.7822767178103148,0.6912969568134483,0.6811497005297653,0.6771364707535117,0.6669208359526168,0.7641364049824944,0.7115629508300327,0.8027489256119487,0.7328180645241371,0.6870734928582074,0.800026938230396,0.6914784231014923,0.7042685305473426,0.6771364707535117,0.716931889561985,0.6859353612693961,0.6883629118695097,0.6608703992360082,0.7199916630244237,0.6928748642072999,0.7243283371034143,0.6914784231014923,0.6859221048024182,0.6705191823234617,0.7385928744873278,0.7176232962865254,0.7417511551744245,0.7452761076436781,0.6888322250407244,0.7005529057196045,0.6994302210205002,0.6605734642391756,0.7658856802186647,0.6937962000735829,0.6974192987229676,0.7134079906012507,0.7545809017195793,0.7950203832345502,0.6997508776952629,0.7051009272240951,0.7962001339035598,0.6754026527532222,0.7990747964002262,0.6771364707535117,0.7037400166452276,0.7482348818858577,0.7274489218612784,0.7522918360369089,0.6732226202319401,0.6916227707096003,0.7756297320777567,0.7445099998592889,0.7344663482484997,0.6903155031327683,0.6949321833805688,0.7123078298131652,0.8049307139548798,0.7518259658519425,0.7226659390177
268_IOPS_id_9_WebService_tr_6216_1st_6316,0.6809181242957948,0.7308727522051671,0.8954647169062184,0.8841650169514779,0.6749990465736796,0.7642546258789622,0.6962832388947742,0.7547221581121448,0.7323259173290299,0.7940387522481689,0.6809181242957948,0.7268783966664366,0.7693356362347878,0.9271183783652124,0.6732936391435506,0.737761252065638,0.7115207361408988,0.7347320689573379,0.73409472883374,0.733605470982903,0.672036932046441,0.7581606867030435,0.8269058717847543,0.9271183783652124,0.6732936391435506,0.7338876120494064,0.6954001979351714,0.7385227484294408,0.746961774699652,0.7547838998135191,0.6714671097042949,0.7595709847473726,0.8316174249419299,0.9271183783652124,0.6732936391435506,0.7320374213753519,0.7150523547301347,0.7416455212368516,0.752030275783172,0.8189943911577793,0.6809181242957948,0.7492646269060829,0.7328369846488982,0.9245071913842722,0.6732936391435506,0.7275524671767319,0.7110372416432658,0.7389692057680567,0.7513344221605674,0.7864725683198251,0.6809181242957948,0.7466976182250996,0.7861347960459121,0.9249960369702154,0.6732936391435506,0.7194265537237639,0.7065772873545505,0.7701886601436665,0.7616712779413438,0.8426059958774675,0.6809181242957948,0.7442639842013601,0.80247326520893,0.9249960369702154,0.6756804975541373,0.7275056096451369,0.7037191870391684,0.7542492750280133,0.7449116245400201,0.8106333634789125
269_IOPS_id_10_WebService_tr_1216_1st_1728,0.7171909358529913,0.8517298510783532,0.8926389891779882,0.947930512046564,0.8113469609206918,0.796916926540558,0.8298893998904635,0.9304751399146935,0.897985524065496,0.8223061843279877,0.6923607045117192,0.7626573444708716,0.8926389891779882,0.9226412194032791,0.7014957968876776,0.8114602042503505,0.782598238941993,0.8756216935958178,0.8661272237141232,0.8926389891779882,0.7368217292138156,0.8204414261036641,0.8926389891779882,0.9226412194032791,0.7523151449673637,0.796916926540558,0.79584849625284,0.9304751399146935,0.7972106540946459,0.861672180783464,0.6891186618104933,0.8259807314982851,0.8926389891779882,0.9464707150282538,0.7523151449673637,0.801436440259168,0.8181364801245726,0.9304751399146935,0.9251934487164196,0.8926389891779882,0.7251397236456306,0.8079252949048322,0.8926389891779882,0.8852935049028386,0.7523151449673637,0.796916926540558,0.8380804127127711,0.9679681421489992,0.8308456183856603,0.8480401234964586,0.6859482899244044,0.8145986943449492,0.8926389891779882,0.9189777673478572,0.7523151449673637,0.7221765219146074,0.8103414561733007,0.927133128818168,0.9015226019319368,0.7824450049727553,0.6995265843634894,0.8259807314982851,0.8926389891779882,0.885056263282084,0.7523151449673637,0.8271765177026416,0.8328180754834895,0.990652917888203,0.8535917734168755,0.8141458050735859
271_IOPS_id_12_WebService_tr_500_1st_341,0.6723690255240233,0.7118023437087957,0.7178504273469375,0.7148499527208511,0.6825796731911427,0.679373678736906,0.7644458840183473,0.6820680697480797,0.6812204102637819,0.7211183800100914,0.6845565541341797,0.6754550599639458,0.6945573959560971,0.7155970933693394,0.6825796731911427,0.6826447912159278,0.6583369353267347,0.6793910099424029,0.6941853350175228,0.7308157783111988,0.6761947524155772,0.7939649821816311,0.7179952785059976,0.7429889636559814,0.6825796731911427,0.7155764442556632,0.7644458840183473,0.687992296629533,0.6913974434133022,0.6986122121640719,0.6627401376102272,0.7388859073432533,0.6919427661264534,0.6874499627842172,0.6825796731911427,0.6877027496171857,0.7644458840183473,0.6799488135185089,0.7016177860584091,0.7086676901462885,0.6612090244043092,0.714314092781731,0.7241863941778143,0.725803817168786,0.6825796731911427,0.6856110796098305,0.6392455367632608,0.6737379202853334,0.6897478646613245,0.7185156675679811,0.6659396777936128,0.7282247836964315,0.7160005109868107,0.6831988089551762,0.6825796731911427,0.6858227615223633,0.7644458840183473,0.6839184173540904,0.6947542050002825,0.7164869732943031,0.7047542986182324,0.7264981179335912,0.7084841837905897,0.6990749762028318,0.6825796731911427,0.6976231074915706,0.7644458840183473,0.6725481671065315,0.7087627936631264,0.7144763770659283
272_IOPS_id_13_WebService_tr_3442_1st_3542,0.6676205156704679,0.8570475837615876,0.8880301265810145,0.845196639322908,0.6672050012707905,0.7755953304330004,0.7349004031308932,0.8189875394257102,0.79055835601904,0.8722967608919617,0.6692044301116126,0.8377015177778966,0.7409268563959318,0.8842914261388308,0.6680875945138958,0.8051008746065933,0.6747178305369798,0.8319920068124288,0.7349330979378499,0.7476213419541043,0.6685475708184164,0.8359864019265179,0.7988851108109527,0.8932885344922394,0.6672050012707905,0.7800237453644087,0.6980807719095583,0.8391168573262031,0.7354165705256063,0.8377559935649778,0.6681613424228845,0.7998420050624729,0.8586827675976687,0.8880191301815057,0.6672050012707905,0.7950677253622234,0.7125097650147415,0.7977508003404046,0.7213557308443179,0.7843505794347075,0.6689718673671623,0.8352418712144909,0.7973122512075169,0.8842574823209967,0.6672050012707905,0.7915515442229051,0.7249566691524479,0.8360153387417408,0.7584022357950316,0.7632191748396223,0.6677179773958878,0.849963139872336,0.7971750641638361,0.887863639839183,0.6672050012707905,0.7624933217734586,0.720859693307423,0.8298651024545263,0.7567236784094091,0.7544647855153012,0.6681613424228845,0.835181524292921,0.7727139217473326,0.9053771317259568,0.6672050012707905,0.7928552097905807,0.7207436668122871,0.8227547997173462,0.7701277809421968,0.8824431370426175
273_IOPS_id_14_WebService_tr_5569_1st_5669,0.6702487078108013,0.6978942430716769,0.7842302585944231,0.8815958455924178,0.6690561272352659,0.698178732227995,0.684540371080005,0.66910357088622,0.6690324482962001,0.7694352739693738,0.6702487078108013,0.7697385875877044,0.6690076380126981,0.8631371443903424,0.6790462450209293,0.709055658289503,0.6746079181023356,0.6691751593189519,0.6690491666157277,0.6777529753154081,0.6703085860311132,0.7792250703010982,0.6690076380126981,0.8737891899645104,0.6925953394926982,0.7091833593567066,0.6752139817095469,0.6690288109639829,0.6690491666157277,0.7072230409502642,0.6703085860311132,0.7425215018868916,0.7483511242541557,0.8875280049703117,0.679043185285025,0.7046717774247234,0.6779409018988743,0.6691082117318151,0.6687219936943042,0.7457719373710541,0.6702487078108013,0.7799248693020828,0.7076090019497991,0.8647717445064937,0.6795330280698673,0.6988978310616324,0.67243353512957,0.6692691682005121,0.6693551595319304,0.7090092674174743,0.6703085860311132,0.7901021819959373,0.7314750773308889,0.8876913799557944,0.6797061482556319,0.6954136896928305,0.6729061626070022,0.6691368566616959,0.6690595151074884,0.7444191339544749,0.6659411075913901,0.7583813210096146,0.6730189401295916,0.8810434814405157,0.6794962913584722,0.7029050504650681,0.6693353742853085,0.6691656440119538,0.6690509318809389,0.7649662306682783
274_IOPS_id_15_WebService_tr_4591_1st_4691,0.6802931440927417,0.7180938521027324,0.7969361752679573,0.8174799966143863,0.6755768156769106,0.7066275892903284,0.6912100944214331,0.7221290917805017,0.7410589219835991,0.7761570381777951,0.6761554305301074,0.7289467499998442,0.7223766259211527,0.8751907819456172,0.676697710430618,0.710157253296477,0.6930409061345428,0.7115983994678827,0.7225187788545578,0.7154833719929765,0.6761554305301074,0.7281463469357915,0.7304854749692141,0.8753354230789916,0.676697710430618,0.7115789973279272,0.6916444607841528,0.7178999678539562,0.7363783961088977,0.7552960297340455,0.6761554305301074,0.7315355672763838,0.7674699052275934,0.8855165729028254,0.676697710430618,0.7076867263834654,0.6915896850746841,0.7204356258220002,0.7357543324573909,0.7304835955151134,0.6764078666551389,0.7360244039237592,0.7171120237893482,0.850397212690485,0.676697710430618,0.7020833310297847,0.6855407733024567,0.7216906049138557,0.737821550030314,0.7560169030177297,0.6761554305301074,0.7332487146502225,0.788790934717018,0.8704046191488632,0.676697710430618,0.702036259322674,0.6895542262657226,0.7257907052677893,0.7340494695157199,0.8046356816354774,0.6761554305301074,0.7358328275681433,0.7574475929935011,0.8703541063288408,0.676697710430618,0.7082869771996494,0.6893992583208077,0.7357996782913422,0.7283508759219984,0.7944064964930948
275_IOPS_id_16_WebService_tr_1482_1st_1582,0.7030505455872087,0.6964209283059618,0.7806009878925175,0.7080354777270769,0.7206111755142508,0.7709812579873925,0.7672163374445117,0.7329896525572566,0.7662868603550232,0.6723279377091955,0.6829697426202886,0.7423085884393348,0.713051450090144,0.7156795646568601,0.6963448089404518,0.6831615110232988,0.795942135656212,0.7324395747683342,0.793966732056472,0.6943242699699899,0.7300301334105818,0.6985992289463021,0.7515081578306776,0.7666942972101058,0.6665678431240215,0.767797832422759,0.8006244443227962,0.7981397488742138,0.7303170592717799,0.7010410088248454,0.6829697426202886,0.6666418422421565,0.72069214057418,0.7355759494273275,0.6740018754605943,0.7469247397245631,0.7573041559005433,0.7853255370128664,0.6939428253412391,0.7046955620311305,0.6847676387039766,0.789173565041798,0.7917393002786457,0.729262454467224,0.6740018754605943,0.7260894937551907,0.7740753253845045,0.8065822491387695,0.7769415073498906,0.7556742974053126,0.705595927456804,0.6849769664429077,0.714921627978307,0.7346754605504111,0.6740018754605943,0.6931758417353295,0.7552842363396903,0.7965321027406226,0.7518750523188863,0.7100825380336956,0.6829697426202886,0.6886755354929508,0.7992413531213871,0.7397039174985641,0.6740018754605943,0.7239105148123924,0.7804702054897948,0.752388785710784,0.7518750523188863,0.6916570956534451
276_IOPS_id_17_WebService_tr_19197_1st_19297,0.6747102693776634,0.6796860751808715,0.8352082164181598,0.7316354651953179,0.7013673378414034,0.6745615724631613,0.6843090275105591,0.8547463193739372,0.8736129194025124,0.9004416163604748,0.6448096100240256,0.7186295657335823,0.7647539742136399,0.7877493491447234,0.7083481259623331,0.6768808112190958,0.6907812627868737,0.8204025297465257,0.8484493779054616,0.832022510941004,0.6733167621285105,0.6981961513352624,0.8060880776249368,0.7444578531695711,0.7052014986156024,0.6743596414824649,0.6915229830990893,0.8656676077152774,0.891313758612933,0.9054471871456118,0.6448096100240256,0.6839662503597959,0.7929488182683045,0.7497956522552517,0.7265146754597787,0.6786529323820216,0.68943324238369,0.8513063640579723,0.8695018845981927,0.9011880544398788,0.6759920983815628,0.7169813910118231,0.7427076698786955,0.8210918258229148,0.7126437188009113,0.679641749413453,0.6888788884205902,0.8464222090097281,0.8601172721597234,0.7958945507424855,0.6759920983815628,0.6950818924936524,0.8744918279787554,0.7333412440889352,0.7076111397430612,0.6743352103431232,0.6919748685722559,0.8593195204552794,0.869623557147974,0.8712744053783824,0.67383786231716,0.690501450050176,0.856286813380088,0.7205497271581284,0.7073163491178565,0.6751611453388999,0.6904027576423408,0.818798218389366,0.8915684216586464,0.8837164329974055
278_NEK_id_2_WebService_tr_500_1st_64,0.877983906462039,0.7947068943932513,0.7947068943932513,0.7701393060849844,0.7125163433871173,0.8337781301189355,0.0,0.7947068943932513,0.7947068943932513,0.7947068943932513,0.7772011048797378,0.7947068943932513,0.7947068943932513,0.7823743221327151,0.7514249895754546,0.8840722611775396,0.0,0.7947068943932513,0.7947068943932513,0.7988696294027009,0.8031304562744439,0.7947068943932513,0.7947068943932513,0.7852432101169643,0.7514249895754546,0.6718661698735439,0.0,0.7947068943932513,0.7947068943932513,0.8083712088171585,0.7746489722349559,0.6805989071692192,0.7947068943932513,0.7852432101169643,0.7747078520944604,0.8213170568416478,0.0,0.7947068943932513,0.7947068943932513,0.7921918996221295,0.7870163701351853,0.7947068943932513,0.7947068943932513,0.7913904094611072,0.7962035018155293,0.8661229252389939,0.0,0.7947068943932513,0.7947068943932513,0.7921918996221295,0.7838155621640679,0.7947068943932513,0.7947068943932513,0.7852432101169643,0.7820001413996613,0.6665526493420213,0.0,0.7947068943932513,0.7947068943932513,0.7947068943932513,0.8037149371619715,0.7947068943932513,0.7947068943932513,0.7031430937805155,0.8619945916279288,0.7979604350292026,0.0,0.7947068943932513,0.7947068943932513,0.7947068943932513
279_NEK_id_3_WebService_tr_500_1st_974,0.7826125060755088,0.946561391366692,0.999414727752458,0.7020445575303895,0.9705968723857368,0.7932673337413655,0.6796424463935623,0.9979726159019932,0.9979726159019932,0.99893448524118,0.8144521590603243,0.9687646010348344,0.9907969226302796,0.9112474447874552,0.6970623948560912,0.8236793005926254,0.3969852137391399,0.9979726159019932,0.9927805359385008,0.999414727752458,0.915336557384318,0.8397545675223966,0.999414727752458,0.9112474447874552,0.7391338655965485,0.9705968723857368,0.3969852137391399,0.9979726159019932,0.9979726159019932,0.999414727752458,0.915336557384318,0.8073382842886783,0.999414727752458,0.9112474447874552,0.778720371594925,0.9166763484302028,0.3969852137391399,0.9979726159019932,0.996526341111378,0.999414727752458,0.7940609199085816,0.897298608853662,0.999414727752458,0.9112474447874552,0.9688665649896544,0.8236793005926254,0.3969852137391399,0.9979726159019932,0.9979726159019932,0.99893448524118,0.7940609199085816,0.8512384233078861,0.999414727752458,0.8640630259742513,0.9688665649896544,0.8008155988454606,0.3969852137391399,0.9979726159019932,0.9979726159019932,0.999414727752458,0.7940609199085816,0.8087082482835992,0.999414727752458,0.9112474447874552,0.9688665649896544,0.7890155465147445,0.3969852137391399,0.9979726159019932,0.9979726159019932,0.9968159299696978
281_NEK_id_5_WebService_tr_500_1st_974,0.7230513909978322,0.9991067706782584,0.9996032060947536,0.9532970240767212,0.9532970240767212,0.712761922840155,0.0,0.9981124202745928,0.9981124202745928,0.9954384238115928,0.713763933945733,0.9392014137249122,0.9922053003957304,0.969026740920022,0.7799300618308759,0.8377424483526251,0.0,0.9981124202745928,0.9981124202745928,0.9991067706782584,0.7358853757869991,0.9392014137249122,0.9991067706782584,0.969026740920022,0.7799300618308759,0.7069574416261167,0.0,0.9981124202745928,0.9981124202745928,0.9927086038474594,0.7124702610949172,0.95953909683597,0.9996032060947536,0.969026740920022,0.7046406347712411,0.7020246315346236,0.0,0.9981124202745928,0.9906923677415476,0.9986098423163994,0.7156463793060195,0.9392014137249122,0.9996032060947536,0.969026740920022,0.7799300618308759,0.7094723328203737,0.0,0.9981124202745928,0.9946165809307328,0.9996032060947536,0.7053243360967528,0.9392014137249122,0.9996032060947536,0.969026740920022,0.7735464298543197,0.7104467734430876,0.0,0.9981124202745928,0.9981124202745928,0.9906923677415476,0.6997044686166468,0.9392014137249122,0.9996032060947536,0.977755744203051,0.7931624839504481,0.6973783084770419,0.0,0.9981124202745928,0.9981124202745928,0.9986098423163994
282_NEK_id_6_WebService_tr_500_1st_64,0.6880925750461895,0.9903937412117266,0.9858861098968046,0.683785512925855,0.7011862743601136,0.6881627465193416,0.0,0.8509151929264317,0.976086705022742,0.9311928698982112,0.6811309544493105,0.9009025617293794,0.8509151929264317,0.6831673441345413,0.6773112633633708,0.6747982906619847,0.0,0.884977029046624,0.932450355131159,0.9858861098968046,0.6729560025766235,0.8367957274020096,0.8886876146361475,0.6879684239696678,0.7156513182588589,0.6747982906619847,0.0,0.961538860096572,0.9224419254356384,0.9376612759489752,0.6738085275322614,0.9775010723373688,0.972841282103146,0.6970207608804978,0.6783920024064207,0.6729244754742703,0.0,0.9263492533296444,0.9527110060520404,0.9260642910979572,0.6729560025766235,0.9903937412117266,0.9903937412117266,0.6841524925813418,0.6698223078837784,0.6685653578663954,0.0,0.9045509891622026,0.9757491299576686,0.9039112707184492,0.68513870749613,0.9775010723373688,0.9576360993898044,0.6910660761565598,0.7122152297503835,0.7005072625643245,0.0,0.841478534984125,0.9628215390286982,0.930716339381733,0.6745760166692634,0.9775010723373688,0.9805476831428164,0.6994709550761458,0.8707090704818967,0.6786662064678641,0.0,0.841478534984125,0.976086705022742,0.9665748876453816
283_NEK_id_7_WebService_tr_500_1st_777,0.8173151803221254,0.9456553853703422,0.9993109225671968,0.729718186479131,0.8156308922014578,0.8306118632969506,0.0,0.9942442535652488,0.9507724677203522,0.9993109225671968,0.8078724880886473,0.768097870362309,0.7973622257925617,0.7384554364569204,0.7891558733680458,0.7723478142345543,0.0,0.9942442535652488,0.9372364773782252,0.9993109225671968,0.8078724880886473,0.7566674495792539,0.9993109225671968,0.7230386513071934,0.777001577547632,0.8093906281545892,0.0,0.9942442535652488,0.9928187281615716,0.9942442535652488,0.8078724880886473,0.7135427820629361,0.9942442535652488,0.8009442806979462,0.7317735486016712,0.7786255474354424,0.0,0.9942442535652488,0.9068137539207975,0.9937198639127136,0.8084657403926337,0.7755219706202366,0.9763662828051544,0.8397658692020624,0.8113178277760226,0.8135381758144575,0.0,0.9978997337254384,0.9949555041120836,0.9993109225671968,0.8078724880886473,0.8280011452373843,0.9993109225671968,0.7382269664681678,0.722757709804483,0.7371672090703172,0.0,0.9978997337254384,0.9921044490151312,0.9993109225671968,0.8078724880886473,0.7275984139229669,0.9956657494052108,0.755160871926456,0.7853267099426242,0.7793816292269906,0.0,0.9942442535652488,0.9921044490151312,0.9993109225671968
284_NEK_id_8_WebService_tr_500_1st_976,0.8595660369323589,0.9869336072336622,0.9869336072336622,0.8791387386854641,0.8524311268226057,0.9087093218815264,0.95568870317432,0.9869336072336622,0.9869336072336622,0.9869336072336622,0.7605628715799675,0.6110612219646022,0.9869336072336622,0.8535191914589497,0.8096216998684489,0.7586864980492893,0.8704921530538979,0.9869336072336622,0.98031749686027,0.9869336072336622,0.7835364054347864,0.6110612219646022,0.9869336072336622,0.8535191914589497,0.95568870317432,0.95568870317432,0.95568870317432,0.9869336072336622,0.944682429298176,0.9869336072336622,0.7835364054347864,0.6110612219646022,0.9869336072336622,0.8535191914589497,0.95568870317432,0.95568870317432,0.95568870317432,0.9869336072336622,0.9869336072336622,0.9869336072336622,0.7532525841513057,0.6160496626723705,0.9869336072336622,0.7985766908203956,0.95568870317432,0.95568870317432,0.9087093218815264,0.9869336072336622,0.944682429298176,0.9869336072336622,0.7734220092509344,0.6120526887123295,0.9869336072336622,0.7356770493505324,0.95568870317432,0.95568870317432,0.7313699333489505,0.9869336072336622,0.9183772409382536,0.9869336072336622,0.7835364054347864,0.6271335799828734,0.9869336072336622,0.7563285456641617,0.95568870317432,0.95568870317432,0.95568870317432,0.9869336072336622,0.9869336072336622,0.9869336072336622
285_NEK_id_9_WebService_tr_500_1st_780,0.730283283775874,0.8916519507841577,0.9879489420759232,0.7134796706174673,0.8148064712169337,0.7433886400475516,0.0,0.9942487349189514,0.9413208916772908,0.9995150681329268,0.7370589792788027,0.7597831209401682,0.9843496914482414,0.7254283185575122,0.8142490902909354,0.846751936389426,0.0,0.9886738674311784,0.9029809340694978,0.9879489420759232,0.7125704706348978,0.7407924696252295,0.9879489420759232,0.7159052875679921,0.8036146917575798,0.7662857251682823,0.0,0.9942487349189514,0.915798627259772,0.9958302829837908,0.7193344697848516,0.7491082765505622,0.9843496914482414,0.713089029574174,0.7750927392921708,0.793195501429857,0.0,0.9942487349189514,0.8832204089976056,0.996446297555216,0.7102638583971185,0.7521736707932503,0.9617848886099172,0.7092005237049823,0.7911656073696005,0.8277956933343268,0.0,0.9942487349189514,0.9878724086612396,0.9995150681329268,0.7058176689302702,0.7476273701822772,0.9958302829837908,0.7315427959309659,0.7159815795651062,0.7929723317327114,0.0,0.9942487349189514,0.977864550155068,0.9958302829837908,0.7121227381435582,0.7170959925753897,0.9958302829837908,0.7746176593723759,0.7623708071165842,0.805577727248067,0.0,0.9942487349189514,0.9918670497971898,0.9995150681329268
286_CATSv2_id_1_Sensor_tr_17792_1st_17892,0.6811505392898012,0.7301498945022599,0.6928401286174102,0.7417896894203019,0.7494064989993252,0.7350445976332558,0.7147077965970822,0.7082462172307485,0.6844483996435575,0.6995124629894576,0.6808436041024665,0.7155664203106469,0.7400341133891091,0.7317042498692344,0.7404527330169014,0.7512814456235012,0.7487464864217012,0.7304676185146568,0.7329072567140966,0.7181526467239951,0.6814319969856686,0.7102465041489059,0.7722628420456641,0.7435918454229228,0.7513216816813029,0.74017116155058,0.7395410263296697,0.7129817574693109,0.7192742366733945,0.7630770849990982,0.680272209654619,0.716548036619235,0.7510572849421382,0.746449858126066,0.7494062313879982,0.7506032826976435,0.7226988356905548,0.7255356338447194,0.7167886686345493,0.734461257577759,0.6811505392898012,0.714857825663247,0.770896524881994,0.7436060183535165,0.739186190484795,0.7351923940618048,0.705727195068224,0.7668719868771211,0.7443150956476812,0.7854833308797877,0.6808538526275101,0.7157200136652451,0.742288008735909,0.7426803908884787,0.7422172429830615,0.7590776825253438,0.7190450608659277,0.7319397992932953,0.7215751392117147,0.741454852789203,0.6822074724467969,0.7048213292974389,0.7965634139592652,0.752445419629274,0.7430047179441814,0.73024497241348,0.7236957462767682,0.7128753019872122,0.7213170955775171,0.7297881678036241
287_TODS_id_1_Synthetic_tr_500_1st_11,0.6594867687915457,0.6832023443661583,0.6760656719549694,0.7083183274760602,0.7037575463504581,0.7163169433988515,0.6717627408577154,0.666161740555662,0.669828516246233,0.6842875139477651,0.6561807187034876,0.6777864522436445,0.684979050667714,0.6704879423936732,0.6711688104705947,0.7058952025422827,0.6746451956114022,0.6668476258809519,0.6723383641620989,0.6760656719549694,0.6754071495753646,0.6958017530635867,0.6760656719549694,0.6709375554778318,0.6711688104705947,0.7013993315792958,0.6713869328534451,0.6744500380100147,0.6689279531139246,0.671625016838901,0.6543407408306203,0.685705865667795,0.684979050667714,0.6712081814915043,0.6711688104705947,0.7041560988663633,0.6707703933890292,0.6715998086920992,0.6783606067810548,0.6778310145794395,0.6543407408306203,0.6935838717565721,0.6760656719549694,0.7014362242863615,0.6711688104705947,0.6973934674154018,0.6726343887742311,0.6715651138258354,0.6721773457002571,0.6767802388484955,0.6594867687915457,0.6938710905512128,0.6755439027334372,0.7116577266653098,0.7042627569182895,0.7033658150245049,0.6713869328534451,0.669828516246233,0.6746952390479224,0.6755439027334372,0.6754071495753646,0.6870474068678822,0.6855680541073151,0.7067477003619139,0.6711688104705947,0.7097476391955654,0.6713869328534451,0.6668837732071105,0.6812349183400214,0.6778465259880155
288_TODS_id_2_Synthetic_tr_500_1st_65,0.648749166547655,0.6776919028110457,0.6744396240172174,0.7351966589481934,0.705772550528941,0.7115223647051931,0.6732885147123272,0.6675515082108935,0.6712236482339657,0.6700704425287539,0.6613110358359111,0.7017132454943392,0.6708724805387016,0.6772647007699367,0.6897641610056278,0.7219471810910256,0.6740240566997326,0.6711963408244214,0.6876361816422145,0.6811334606784893,0.6738306080831125,0.7250740599377884,0.6708724805387016,0.7061891990253056,0.7037134721412552,0.7150552054227404,0.674052636929229,0.6718317435570016,0.670699328281002,0.7105341600529287,0.6738306080831125,0.7267729274159146,0.6708724805387016,0.697677877852665,0.7022193366888377,0.6814152695852543,0.6805021930208254,0.6800992731245081,0.7387830516874149,0.6708724805387016,0.6523777190105249,0.7223624778460117,0.6792218240885823,0.7273407307459895,0.6874284941880456,0.6827809142416015,0.6907087209560627,0.6692067083022166,0.6757012611467326,0.7100658612161291,0.6639313013150904,0.7481179228707642,0.6852980296088739,0.7275529288151227,0.7374076752421739,0.727317880184604,0.6742990882089834,0.6701537509187656,0.6806845539142475,0.6980324452467251,0.6713016440582267,0.7058754271013946,0.6710502426497887,0.7323909925621666,0.6966682610008306,0.7113033686027018,0.6807351864439266,0.6684157500921502,0.6734916321211978,0.6763980410604258
289_TODS_id_3_Synthetic_tr_500_1st_26,0.6645975802018887,0.6901282585005684,0.6996151708931194,0.6898909313240545,0.6948599950094128,0.7129732200775384,0.6822338976650394,0.6686095762197247,0.6941119253548047,0.6797668968673549,0.6785923527682229,0.7204916294008639,0.6721102307574716,0.6780356766303319,0.6711696575555666,0.7141360394776359,0.6752009125921437,0.6650747606947907,0.681064391977864,0.6722975070038613,0.6645975802018887,0.7214174498871458,0.6633829944979446,0.7002255785049458,0.6711696575555666,0.7137598323080768,0.6767734192102494,0.6699892713254608,0.7099256918021288,0.6913650151022861,0.6785923527682229,0.7220640540195294,0.6618317804289707,0.6959202085591016,0.6770574918561875,0.7128537640638656,0.6814583341855748,0.6864297352178634,0.6694251918940595,0.6999109292008239,0.6645975802018887,0.6998761946682668,0.6618317804289707,0.7532215962396969,0.669784601184223,0.7137890694868846,0.6853862483049049,0.6692580339999209,0.7021354204077479,0.669784601184223,0.6759201441673455,0.7290718948805032,0.6719626135544461,0.7125598861978795,0.669784601184223,0.7191881106374675,0.6741626213662328,0.669784601184223,0.6799949457446705,0.6653638866988687,0.6645975802018887,0.7128970769484578,0.6700034487596515,0.6980154450192635,0.6814530315446009,0.7076801580519734,0.6903357870909782,0.6720085143837293,0.6768779594971597,0.6788681231994762
290_TODS_id_4_Synthetic_tr_500_1st_26,0.6702452531793751,0.708695443805008,0.7050212154678003,0.6884518902573112,0.6957313903879101,0.7304432135373092,0.6727252789133065,0.6736896270785754,0.7121963256480408,0.67301768931358,0.6862983775385914,0.7400112932523787,0.67301768931358,0.6909506040198019,0.6715903898149922,0.7199321179889715,0.6733571138986857,0.6735136016486123,0.6814592267831984,0.67301768931358,0.687257187969878,0.7683618395980537,0.67301768931358,0.6804345394927296,0.6854322921654633,0.7313564296208503,0.6735775980849547,0.6748674578221606,0.6811428106300064,0.7138388695477333,0.6652947685276732,0.7599539194144243,0.67301768931358,0.6715903898149922,0.6952644640129958,0.7293685557654396,0.6850728996600618,0.6907413919378207,0.6770183108890072,0.67301768931358,0.6652947685276732,0.7272079023645835,0.6995993675788095,0.7725919557903068,0.705402829208296,0.748843401750138,0.7004216547245093,0.6735136016486123,0.6880102722069009,0.6967382134005393,0.672233182509138,0.767221789496338,0.7256706079237996,0.7596895480349638,0.7254362956057098,0.7359507458738306,0.6968708489292501,0.6725160021619635,0.6869650017340868,0.7093238434614938,0.6656585545826553,0.7404096737778648,0.6996025527049686,0.710871486700372,0.7265134023250198,0.7352547049257869,0.7043359598750375,0.6735175060885237,0.697429231875999,0.7109097772328289
292_TODS_id_6_Synthetic_tr_500_1st_11,0.6536303172972799,0.6838042073337578,0.6687504082189548,0.7010657507816087,0.696588759161876,0.7090501733364732,0.6725886207139022,0.6714243545615508,0.6899685303043577,0.6732267745961487,0.6561684869855724,0.6806669898188696,0.6712081814915043,0.6708108054852415,0.6703085178731266,0.701500444409997,0.6718645548408293,0.6721283717681745,0.6725487147241962,0.6685208825472325,0.6561684869855724,0.6935864990652202,0.666161740555662,0.6723890789420244,0.6703085178731266,0.7014884804560393,0.6748580688565857,0.668076427664159,0.6705881091722858,0.6767822341450553,0.6561684869855724,0.6924842433954339,0.666161740555662,0.679934835717006,0.6703085178731266,0.708042802133729,0.6757788764458329,0.6704600536915177,0.6727884289526661,0.6724360719068236,0.6508253139703004,0.6974140937790213,0.666161740555662,0.7053490415979821,0.6703085178731266,0.7039530802106924,0.6717697231118708,0.6728362454187498,0.6732846148360758,0.666161740555662,0.6508253139703004,0.6940058478885758,0.666161740555662,0.7046149456427437,0.6720999194769454,0.7038034918591888,0.6761869623468357,0.6711084201616265,0.6704561296950814,0.6814877404635079,0.6536303172972799,0.6971642651061697,0.666161740555662,0.7081611699627693,0.6703085178731266,0.7054176027011394,0.6715593233661461,0.6704600536915177,0.6777275794713798,0.690486128735272
293_TODS_id_7_Synthetic_tr_500_1st_7,0.6805914743271345,0.8716958074230925,0.7069054872916417,0.9248769011684588,0.9248769011684588,0.937760033032242,0.9140900450477776,0.7181345824076693,0.8151309314747952,0.7884658877365096,0.6908417272932629,0.7937312016421707,0.729465546837874,0.717537508523069,0.6725959022384567,0.9299471188794752,0.733991685311784,0.6753890134775398,0.6833661673891747,0.7303144646867001,0.6997295853547333,0.9342584531968642,0.7222736439012306,0.7823844014221943,0.6733904748806572,0.9020739835050938,0.7730782836113316,0.7928411619184778,0.8419169289630295,0.904771908641772,0.6723222111771607,0.9004961710972466,0.76299248187784,0.7839512594999049,0.6670317870131754,0.9084152138280068,0.7441674104437326,0.7891024097586006,0.8200645823837593,0.7833020117092169,0.6783211477211478,0.8409088599062584,0.797862299453287,0.8794346406730013,0.7569947826224105,0.9243684898973014,0.8009535650624268,0.7633888661178516,0.7789496259782825,0.7753696344474077,0.6805914743271345,0.9342584531968642,0.9017553402442852,0.9134496090085178,0.6670317870131754,0.9254292824961382,0.8939447326855554,0.8691010732301303,0.8410441913868187,0.7140338256008766,0.7003892399088398,0.847520707819706,0.6700452934744702,0.9213037247381232,0.6670317870131754,0.933689601392932,0.889470639589326,0.7604911625234415,0.8509741244536981,0.7952891132129712
294_TODS_id_8_Synthetic_tr_500_1st_200,0.6793606465375743,0.6698066115027357,0.6891511685434804,0.8069354955493235,0.782221825218571,0.780480087957605,0.6997924742498491,0.7704423865150443,0.8982359712213592,0.6871902447771248,0.7064687881223771,0.732237169859568,0.6890125612996139,0.75735809001525,0.6652967508815874,0.7850631063419319,0.750299657204162,0.6714522861178085,0.6815686852055023,0.7263856197939186,0.697469070046549,0.7180672347960796,0.6914943468280522,0.7460622946663646,0.6652967508815874,0.7505164636651295,0.6984254540332434,0.741271734520774,0.6833316576501818,0.7198294643945664,0.6984223690492614,0.7416438795739636,0.6904137519850958,0.7670463906158148,0.7426293833402836,0.7344760972532293,0.709559821215001,0.7625011757537005,0.8371533014817578,0.7318727673589448,0.6938919802370465,0.879081763824245,0.6913116448601044,0.8859114460603965,0.7243559078729329,0.7711139267180952,0.7754247256542307,0.709602870170991,0.8968797813412934,0.7628771961452254,0.697469070046549,0.8038422398870004,0.687303035905605,0.8641165826617598,0.823833006778987,0.831898929099215,0.7728744381894285,0.7152675366691243,0.8595977639331068,0.8429020554838714,0.697469070046549,0.7320629954077646,0.6782950403808834,0.8282926389551573,0.8018388480818105,0.7860819932897057,0.759221777419863,0.7101931115052437,0.8653170552073813,0.7403706575835199
295_TODS_id_9_Synthetic_tr_1250_1st_2046,0.6858414204479187,0.7456531057513486,0.7657681784269709,0.973044994684086,0.9487245248516368,0.795049328256869,0.8303398002958248,0.8396944553292203,0.9358347706497924,0.6810018368836122,0.6968642106296036,0.7005200916566857,0.6810018368836122,0.7595843801067697,0.6947714545082959,0.856282077218197,0.7268231195825695,0.7439652639082653,0.7484993572223507,0.719486485969073,0.6948995973169284,0.788700704942775,0.7576746541847329,0.94533264353884,0.8520205565992598,0.8132648647519314,0.848537396858667,0.8441353571119796,0.6934477044041554,0.750630964373951,0.6911320999528411,0.8103338875763796,0.7530863040932477,0.8714795634836211,0.9159671884255278,0.8132648647519314,0.7276945756457749,0.8283388989559666,0.8834489343397799,0.750630964373951,0.6911320999528411,0.7966211369994054,0.7551455700409692,0.9055853254579052,0.8758783287489782,0.8765984954308504,0.8926140742488065,0.7891774801054225,0.9070655767701749,0.8180306736971475,0.6911320999528411,0.7998729200664194,0.749666666605551,0.9326888372448566,0.9240731582432062,0.8148235352081213,0.887899980270134,0.8418350582992786,0.940938965996032,0.7537083801308243,0.6944732545819884,0.7934409596381499,0.6935155200424358,0.9726281027793306,0.9240731582432062,0.8480948600949926,0.8601682678400143,0.7923413075667785,0.8946795119723453,0.7634409200037725
296_TODS_id_10_Synthetic_tr_500_1st_26,0.6561524684907978,0.6689523789031708,0.6711934121753482,0.6822989276367784,0.6902957975587289,0.6869876093621209,0.6739217371718961,0.6682389732589434,0.669188586034737,0.6759170129885489,0.6561524684907978,0.6690799442443854,0.674237418012702,0.6675379266830375,0.6667535357778462,0.6978608159520466,0.6684880873505592,0.6673468685719298,0.6762735434923374,0.6727519990319046,0.6561524684907978,0.6709827568766166,0.6702970815358081,0.6698084432064588,0.6667535357778462,0.6978608159520466,0.6688558863549703,0.6761616322760666,0.6754569569644172,0.6693300544545322,0.6561524684907978,0.6946315253024751,0.6692140027126859,0.6705842072119846,0.6667535357778462,0.6868742334396725,0.6760045939715119,0.6749109709837694,0.6746049133073212,0.670460952075665,0.6713863267918088,0.7121483780295623,0.6730583842458564,0.7078761436201206,0.6667535357778462,0.6978608159520466,0.6758211371108227,0.6710319209173484,0.6702304029613168,0.672499386951003,0.6561524684907978,0.6808975263682243,0.6702970815358081,0.6924546702500912,0.6667535357778462,0.6868742334396725,0.6751315463683262,0.6702330503607067,0.6691934083758893,0.6693300544545322,0.6579642706526713,0.7123873149206219,0.6736036211664704,0.7024238266184254,0.6906141635207182,0.6868742334396725,0.6706578689746598,0.6708755792579499,0.6799231684804381,0.6715272435399289
297_TODS_id_11_Synthetic_tr_500_1st_7,0.6550623178115902,0.6703950768570298,0.675387682879093,0.921758207039726,0.7252084727951497,0.7285935100354946,0.7758747582403496,0.67423851434929,0.7074596382302851,0.6748671074077132,0.6555329141738604,0.6716627191220644,0.6775740039953656,0.7782308130486643,0.6707598451294977,0.7248554380005848,0.6923864681802843,0.7271652016494284,0.6829399746771612,0.8456869721110009,0.6782671142051407,0.6704427582889668,0.6735831517239719,0.8202365619608041,0.6883270676447326,0.7228950916261032,0.7591382615082288,0.7013817147811102,0.695586904056304,0.67423851434929,0.6555329141738604,0.6696068588912358,0.6746390377745732,0.8385722202541012,0.7860668663424435,0.7292747565971293,0.6985987346933166,0.6767333318502053,0.6945360765254239,0.6735831517239719,0.6555329141738604,0.8619160712984919,0.6748671074077132,0.8710454099692537,0.6707598451294977,0.716442641787642,0.7314713754474688,0.6714586517738506,0.6738531628922062,0.6785705068302641,0.6754866302806783,0.6701609522785565,0.6746390377745732,0.8797059025359443,0.8360000911035367,0.7240524809064071,0.7127739913948624,0.6780182495662228,0.6746390377745732,0.6735831517239719,0.6741761681043896,0.6701609522785565,0.6775740039953656,0.9258161159078286,0.8278215430080612,0.721673176368848,0.734004346624684,0.6734921913387786,0.6908637783358547,0.6775740039953656
298_TODS_id_12_Synthetic_tr_500_1st_0,0.6858378365768394,0.7548545494045571,0.6832637850882093,0.7712201127731614,0.7442231557284869,0.7218390012908406,0.695349644288769,0.6722987378464446,0.704571625085791,0.7092323045749879,0.677687967485824,0.6737817971458377,0.6721378208260073,0.6814705553603899,0.6721378208260073,0.7201280902782798,0.6847276373715242,0.6751548110422396,0.6997781294408606,0.6836812728345378,0.6858378365768394,0.775621122780577,0.6741725484660741,0.7027877848257202,0.6721378208260073,0.6799039968847906,0.678598074290876,0.6748666197193798,0.6869423035503333,0.6721378208260073,0.6858378365768394,0.840230179192066,0.680140327121936,0.7052001575408426,0.6721378208260073,0.7232757026419877,0.6844130615363841,0.6779651380802105,0.6809882533207812,0.6963970300444119,0.686383082974887,0.8078318003232812,0.6779651380802105,0.7301891913277795,0.7192383859853921,0.7253743038256276,0.681608189256343,0.6888018289184628,0.7233916732409428,0.7074255248703863,0.6858378365768394,0.840230179192066,0.6775004931171825,0.7329710493432761,0.7541697183654462,0.7218390012908406,0.6984065017663341,0.6722987378464446,0.7054916150859084,0.6976225103515495,0.6682153243331965,0.8175610563740804,0.6775697941239914,0.7898469354762385,0.7201658177132099,0.7219934448446731,0.6926465599185393,0.6722987378464446,0.714904263640415,0.6974220792501388
299_TODS_id_13_Synthetic_tr_500_1st_65,0.6691092707287728,0.6702743841582042,0.6909834955331831,0.7736913369886926,0.7401935733579095,0.6732574103179849,0.6756731237817769,0.6695724368187553,0.7418884499768403,0.6824477244637341,0.6730922593559304,0.7201809891846016,0.681519150213222,0.6824703406598214,0.6642797712590213,0.6825790969858078,0.6748111565469943,0.679723717382447,0.7052088394905155,0.6761895833558703,0.6680756513963457,0.7570285719875477,0.6787538667279659,0.6665734238022634,0.6642797712590213,0.6835296838074035,0.6741196899329407,0.6675510284265909,0.6695401056692925,0.6816300956156314,0.6691092707287728,0.7504557882729741,0.6787538667279659,0.7503779927291472,0.6642797712590213,0.674900020705036,0.6684607852170502,0.6725167465309626,0.7188714243255716,0.6943497459059065,0.6576318426578706,0.7460537469055452,0.6787538667279659,0.7870762377426348,0.6642797712590213,0.6797981492934284,0.6711068666865982,0.6901723738176653,0.7458460165192237,0.6922327180552518,0.6730922593559304,0.7021492310140969,0.6787538667279659,0.7711294255879506,0.6642797712590213,0.6871453088933221,0.673232188648004,0.6714144675839548,0.7488469472821119,0.6946140034185104,0.6827210721753533,0.7397965145147591,0.6836760544848555,0.782340622856531,0.7404347058330546,0.6749341224722128,0.6714407714603671,0.6900371944096257,0.7445978892068587,0.6788790586444251
301_TODS_id_15_Synthetic_tr_500_1st_245,0.661538645003467,0.6773531840350762,0.6887805976396152,0.8249048006474228,0.7245308359414171,0.8045405372622282,0.7927954659871018,0.6999433392134502,0.7224654096579854,0.6803693925686939,0.6595626674212723,0.6904744885745421,0.6887805976396152,0.7050229807403021,0.6757925941821757,0.7056684433477044,0.7061594930870566,0.6773104828758004,0.7167973431368178,0.6850228736955197,0.6595626674212723,0.6811662778675981,0.6925704777444855,0.7451048916139515,0.6757925941821757,0.7498625447271915,0.7539633175676196,0.6982636826253956,0.6820879719538913,0.6850228736955197,0.6595626674212723,0.6814170239826997,0.6925704777444855,0.6771184852777943,0.6757925941821757,0.7582337066262361,0.7206033882397876,0.6890474442834369,0.6934544670713187,0.6923817381979183,0.6735536382588231,0.689302139178581,0.6887805976396152,0.7597758562559542,0.6757925941821757,0.7268234317475776,0.7455062791742837,0.6903684160789542,0.7003985472551615,0.7070447146899238,0.6605910615815176,0.6814170239826997,0.6887805976396152,0.8101509423135816,0.6757925941821757,0.7589479810500979,0.8144869178134657,0.6956552914364038,0.684932267232538,0.6925704777444855,0.6735536382588231,0.683768372721305,0.6850453115679219,0.821018771151279,0.6757925941821757,0.7400351220559694,0.8025671232736141,0.6794226953797758,0.8400017702104602,0.6925704777444855
302_Power_id_1_Facility_tr_7685_1st_7785,0.6805587064923598,0.73156354198087,0.8327573898755876,0.7509962531769979,0.7175450900635375,0.7112215610465737,0.7779786617102529,0.7789393161293747,0.8350411474237756,0.7002176982773568,0.6680306998608305,0.7206346315858267,0.7089771528067197,0.6936022648963249,0.7410420977827922,0.7117764594807976,0.7005001674159771,0.775222043950432,0.8376269941775337,0.7395690626553122,0.6887453069868454,0.7485744266473091,0.7347995041085995,0.7133518692884653,0.7658528126669718,0.7187959066535552,0.7658867480433147,0.8379278722298148,0.7702594875464144,0.712290043517665,0.6884560911800025,0.733274045593125,0.7576841770970505,0.7149463485886266,0.8514290016119422,0.7247700060789578,0.7055030214242797,0.8352144710083208,0.7689771782423045,0.7039166701391834,0.7033789039011827,0.7395194237743401,0.7223210474012612,0.7281722665775481,0.7420055125521706,0.7122067031440079,0.7035211885010596,0.8456255757772287,0.7792671903789388,0.699945774955769,0.6842931560726976,0.7374121538821704,0.7245525757966962,0.7554784501244598,0.8457378818672098,0.7600871826463369,0.7139367182694951,0.7797393077495449,0.7954428440106934,0.7870908188464343,0.6842931560726976,0.7256336865394484,0.7293244229676938,0.7149237960913696,0.8108995969297625,0.7235146869766046,0.7072781356009942,0.8269907837954925,0.7894063670317796,0.7230659621840464
304_UCR_id_2_Medical_tr_2499_1st_7000,0.8520265675132963,0.9261686689325648,0.9007229809743116,0.8701449692597559,0.8299689162657283,0.8094718942775985,0.938389890571928,0.9259231282304228,0.800274966543543,0.9103131892122752,0.8316262707887169,0.9993568342367004,0.9993568342367004,0.8304800535084462,0.8622051511714351,0.7029750333811418,0.7641360808571404,0.91705366832586,0.7457059825790577,0.8928409872203094,0.8636778102120292,0.9993568342367004,0.9985472359427464,0.9629265437395064,0.8383253075166709,0.6987972016749944,0.8106617012424348,0.9259231282304228,0.8202995154320789,0.9985472359427464,0.9462029764985018,0.9993568342367004,0.8650401558044133,0.9985472359427464,0.9997536279880738,0.8051269375247766,0.7685345755424564,0.9259231282304228,0.859055352275236,0.8844696340084316,0.930568516187968,0.9993568342367004,0.9040828961014798,0.8715563746008647,0.7257082289867812,0.9985472359427464,0.7860255453444815,0.9324224846094492,0.8173469566934617,0.9099069021671876,0.818022932366864,0.9993568342367004,0.8559347405930181,0.9231052292192188,0.8696056444869995,0.9908559835373656,0.8419926753319313,0.9324224846094492,0.7927734675631196,0.8813821764940557,0.868037106747468,0.9993568342367004,0.8153737473603957,0.8990571251323096,0.8790855093892501,0.7717753298453992,0.8372133410829389,0.9324224846094492,0.8039144789197694,0.8757910417835159
307_UCR_id_5_Facility_tr_29895_1st_39240,0.6639190292055521,0.7739510175236238,0.768649667230808,0.8216254814661981,0.6832205247688626,0.7010453831021752,0.9447869369056796,0.856183997196466,0.7605793386556661,0.7438655869737796,0.6643876278789543,0.7476078606957156,0.8694206610303574,0.9051011016389616,0.7016646643436149,0.743964962459845,0.7200421285472266,0.7194346610733576,0.7192202323953765,0.9051011016389616,0.6631435587633815,0.7543946045370427,0.8080116546625068,0.9051011016389616,0.9039860878741524,0.6769085617065489,0.9872999157219364,0.7915553204622893,0.737628271849325,0.7650340102227478,0.6648232392667425,0.7329407891258123,0.8224221521151641,0.920123386819156,0.7325453083388009,0.6789580831820881,0.9951050119516638,0.856183997196466,0.7669366852575847,0.9051011016389616,0.664113600770214,0.7699250006010846,0.9872999157219364,0.9051011016389616,0.6786719214447164,0.6785794710059359,0.7876993905016818,0.856183997196466,0.7518892780851119,0.9051011016389616,0.6645580272175734,0.7427083384845617,0.9051011016389616,0.9198413297679462,0.8084175989404391,0.6785928039087757,0.702012274635254,0.856183997196466,0.7630938771843401,0.9051011016389616,0.664113600770214,0.8380903784362105,0.8254205475739755,0.9251713493618766,0.7572235318016147,0.6820216562085523,0.705859949908094,0.856183997196466,0.7578735463617441,0.9051011016389616
309_UCR_id_7_Medical_tr_3000_1st_5948,0.8966306432540293,0.8741065350338257,0.922106773239078,0.7897757841459471,0.7971293474889475,0.953343970185756,0.7218661320851517,0.904203698151843,0.8343792919268916,0.7174106101449654,0.8605594302154578,0.7322551122233645,0.8418841376680886,0.8178839982490295,0.7752918820870685,0.771841797975054,0.8239171399361808,0.9943861160906592,0.9943861160906592,0.7381652415914018,0.8605594302154578,0.828406882139601,0.9141067352754476,0.9943861160906592,0.7642014662112159,0.9461068832778752,0.735611265195953,0.9208187859944466,0.8086926357390875,0.7874978365599636,0.8605594302154578,0.6997778992351447,0.7579734148802034,0.9943861160906592,0.7642014662112159,0.8261204386060236,0.6889330788937681,0.8818843531701028,0.8640762474819873,0.734595777564462,0.8605594302154578,0.7340765047835383,0.7012926955160594,0.8259900620189788,0.847103675873819,0.8821065765349676,0.7372138059734757,0.9943861160906592,0.9943861160906592,0.7626704955753394,0.8605594302154578,0.6850269000223502,0.6905624173057378,0.9943861160906592,0.8341063155869332,0.9781070215961724,0.9943861160906592,0.8818843531701028,0.8640762474819873,0.9098957527910032,0.8605594302154578,0.6948290064783632,0.9098957527910032,0.8599470037278272,0.9381068472238668,0.8399551362406803,0.7541058068529699,0.8818843531701028,0.855870427130039,0.708315081840425
310_UCR_id_8_HumanActivity_tr_2631_1st_8285,0.8773562666354301,0.7230587293378775,0.6959040511739404,0.7302365884471267,0.7164137233983521,0.6922129436306783,0.7178533691822007,0.6749359158501421,0.6743182961088869,0.9230959798254156,0.8386974183016394,0.8337444825002687,0.9972042703236692,0.7058990272731727,0.7006202304832555,0.749299121565722,0.7178533691822007,0.7208913729034442,0.6927880772992248,0.7338815721449634,0.8207894831389347,0.7208838102252235,0.6728044293501575,0.7376412721488299,0.687792796591967,0.8887602640505433,0.7178533691822007,0.7263027408324815,0.6684136413938404,0.6716832420822699,0.8251935240205963,0.8012602255195667,0.6890881314075809,0.7028237723534152,0.9712399263710696,0.8937776556436712,0.7178533691822007,0.9972042703236692,0.667591075815028,0.8141386177061862,0.8263634811498283,0.95907724534272,0.8527376712599892,0.6808470777885318,0.7066135069332372,0.8146421964010747,0.6644949738371868,0.6906276257878851,0.6750610118765076,0.9972042703236692,0.8573897937999614,0.797371411346414,0.6700249048830532,0.7132896946031497,0.7716220845230412,0.8937776556436712,0.7178533691822007,0.8475859955757277,0.6714857018859438,0.9490519869739448,0.9747626413963452,0.8069627459967373,0.674795917478424,0.7736824526928501,0.6811660234601874,0.8937776556436712,0.7178533691822007,0.6789687322598084,0.6702400370747239,0.6788534452465546
311_UCR_id_9_HumanActivity_tr_16000_1st_38400,0.7370097885604193,0.889912763251324,0.9986541236471214,0.996579328478484,0.996579328478484,0.997864931439695,0.7574454743729547,0.6739324210644377,0.996579328478484,0.7868005204187312,0.9573886492353736,0.996579328478484,0.795125943866469,0.9945282963041316,0.7982864545416692,0.9970536884901432,0.6660155921331343,0.7185998540836355,0.940603735194858,0.9973737897674404,0.7506071604072946,0.8270271158214417,0.9915446304638352,0.996579328478484,0.7699197033236305,0.9970536884901432,0.6651878355516583,0.695029186111557,0.996579328478484,0.8303552836613716,0.939514617249427,0.7862620575219947,0.9915446304638352,0.9468822809488442,0.8166458949750962,0.997864931439695,0.6660155921331343,0.6669207854522036,0.8538897723483475,0.9970536884901432,0.7420232774749502,0.8729518754011986,0.9986541236471214,0.9982439268211966,0.8377267596290198,0.997864931439695,0.6660155921331343,0.7295552552984058,0.996579328478484,0.9986231355375343,0.7088522781098351,0.7918119777667982,0.9915446304638352,0.9986541236471214,0.8083001116495757,0.997864931439695,0.6651878355516583,0.7165072517345447,0.996579328478484,0.9967537421809464,0.7228602067050616,0.8729518754011986,0.8760277757848286,0.9967537421809464,0.996579328478484,0.997864931439695,0.6651878355516583,0.6687379836019722,0.996579328478484,0.9967537421809464
313_UCR_id_11_Sensor_tr_2827_1st_4711,0.6552936830958421,0.9927878937009024,0.9891329364415172,0.7038302651935772,0.9320234476638264,0.6952877579682208,0.9914924921274788,0.9927878937009024,0.9973292316442162,0.9927878937009024,0.6571596894934831,0.9927878937009024,0.9973292316442162,0.856785207975145,0.9938300860361492,0.7095131759008736,0.7684058392928467,0.9973292316442162,0.7784624322125856,0.9973292316442162,0.6627045507939952,0.6661610331835928,0.9973292316442162,0.7387801756599105,0.8553040354667694,0.6905995087416035,0.7941956534776169,0.9927878937009024,0.9973292316442162,0.7721560116364874,0.6593848335642984,0.9927878937009024,0.9927878937009024,0.8401448094431769,0.7501901596985877,0.7104743124200993,0.8631184543396225,0.9927878937009024,0.9973292316442162,0.9927878937009024,0.6627045507939952,0.9927878937009024,0.9963210587235825,0.8456888167289031,0.9963210587235825,0.7309792321217369,0.893973773136489,0.9963210587235825,0.9973292316442162,0.9927878937009024,0.6627045507939952,0.9927878937009024,0.9973292316442162,0.9927878937009024,0.9927878937009024,0.7856894723617331,0.9914924921274788,0.8858828512804231,0.9973292316442162,0.9983625707670584,0.6571596894934831,0.9927878937009024,0.9973292316442162,0.7022210699996057,0.7294242591846759,0.7196770198722174,0.9841400004335557,0.9973292316442162,0.9973292316442162,0.9927878937009024
315_UCR_id_13_HumanActivity_tr_16000_1st_33070,0.6672119602400118,0.9473533965210118,0.6891988624389975,0.9484367307340285,0.9484367307340285,0.6606756375617902,0.9302700490448564,0.7684536857610468,0.998799820782708,0.808353264091131,0.6649256090401359,0.9063533616825646,0.7755411716393484,0.6926107135408641,0.9484367307340285,0.7186861488196441,0.6665147208269387,0.667924784163642,0.999612423228629,0.945950914883838,0.6649256090401359,0.8995312765848634,0.849281260010504,0.7513151613382127,0.9484367307340285,0.6606756375617902,0.7356244694856421,0.6665978889941404,0.7931326897066934,0.7946865819023896,0.6626474708453036,0.8003770324420673,0.8271167247168482,0.9484367307340285,0.985904219055084,0.9484367307340285,0.6662948897271587,0.6787202843313643,0.998799820782708,0.7946865819023896,0.7151450548497008,0.7946865819023896,0.8242438988943344,0.7702771172543552,0.9349347262242956,0.7051368345329525,0.6670889545218457,0.6880702335260779,0.998799820782708,0.999612423228629,0.6649256090401359,0.7407374063195811,0.6836986368632363,0.9484367307340285,0.7981032524994122,0.7571032029938631,0.6665546580556689,0.8110701038544521,0.998799820782708,0.999612423228629,0.6694162591872002,0.7946865819023896,0.7093280021860298,0.887251219289447,0.808783286556327,0.6606756375617902,0.6992344700759033,0.6765836250207039,0.8766551743466703,0.745380525392729
316_UCR_id_14_Sensor_tr_2833_1st_5988,0.6612580528295021,0.6857514585243547,0.9584409136761384,0.6798724875928761,0.6845628302833645,0.670890391930875,0.7287724290407241,0.9847654828287918,0.9847654828287918,0.8442884646899035,0.6646409757209493,0.6657947139524097,0.9847654828287918,0.9977441260372336,0.8102865220918251,0.6733737510852136,0.7608997476287516,0.7062491149413572,0.7464523810569453,0.9910155555691156,0.6629700793136201,0.7532629946015559,0.7756462068496147,0.7042941180302302,0.6863044975721682,0.6742241599648692,0.7080445444271558,0.9847654828287918,0.8976657126919664,0.6659623565373958,0.7098506051164989,0.6657947139524097,0.9847654828287918,0.7189221494069965,0.9532397463944784,0.6707421466735063,0.6891410044480348,0.7202348173184869,0.862115319545127,0.951113858140999,0.8258165775502487,0.7532629946015559,0.9910155555691156,0.9532397463944784,0.9977441260372336,0.6888508346273049,0.7774042084582757,0.8976657126919664,0.9847654828287918,0.9913850476761308,0.777890381356403,0.6657947139524097,0.8247841072227086,0.6903853147308049,0.6979246889477349,0.686892665916614,0.7743131646911408,0.7230274160598208,0.9847654828287918,0.8668268184966775,0.6926812801491523,0.6657947139524097,0.9903420050932712,0.6858168241162859,0.6990262545547176,0.6876395871365005,0.8532513868123011,0.9847654828287918,0.9847654828287918,0.9172439400317232
319_UCR_id_17_Environment_tr_6166_1st_19280,0.8398178366824687,0.8054024060119538,0.8773137005562897,0.9960845114558056,0.6704177215277903,0.7636372654925835,0.6723177335288087,0.6703653244766443,0.7582529907409844,0.7650534247059649,0.912460246750621,0.8359892080313429,0.6814678946882894,0.9960845114558056,0.9763777850276826,0.6779501026608302,0.6921821700311127,0.6890167473464347,0.7230618244942986,0.6811230026001611,0.8456213439309677,0.7943949627205448,0.6804661384555315,0.9960845114558056,0.6741850185582569,0.6936054870550682,0.69054402919955,0.6808189648710133,0.743886007368078,0.6951791226850988,0.8601518478377949,0.7953942513261758,0.6787650531785631,0.9960845114558056,0.98718803198075,0.717952957409506,0.7300294583446023,0.6828703061435175,0.7419347179965013,0.6879955521199408,0.912460246750621,0.797418351880601,0.6911807596527041,0.9960845114558056,0.798008630198304,0.7540759233124809,0.6884431925202613,0.6831649307315831,0.9385419169768872,0.6911137468893833,0.912460246750621,0.8072826395482908,0.7817932430284796,0.9960845114558056,0.8009991379454693,0.6783497226770363,0.6707263963814213,0.6846048199500462,0.7463758153493367,0.8003805258616424,0.8406095968155733,0.7943949627205448,0.7011621447859249,0.9960845114558056,0.7128237721437706,0.7962694550436429,0.6784110395118699,0.6828414505931788,0.9385419169768872,0.8025532303011803
326_UCR_id_24_Medical_tr_1875_1st_4187,0.7448379062604813,0.9984000073038176,0.7351011009402946,0.9055146392966738,0.8726870107817467,0.704877675666319,0.7428789323714523,0.7419898835622563,0.9055146392966738,0.6740287682336953,0.7628957237159715,0.9984000073038176,0.6781160753227748,0.9984000073038176,0.7963766676572523,0.7953638594142592,0.7057554335828481,0.7254887336021826,0.7064514630573108,0.8644193037110295,0.7448379062604813,0.9984000073038176,0.830877807361919,0.9984000073038176,0.7797096572810224,0.7913425102445635,0.7963766676572523,0.6895650991342768,0.7741807741096512,0.9211565282750178,0.7448379062604813,0.8013989889967195,0.6875313743160186,0.7147413757200359,0.9984000073038176,0.7963766676572523,0.6856989181347968,0.7334110348049901,0.9055146392966738,0.9211565282750178,0.7358333133472723,0.9984000073038176,0.9781603869143944,0.9984000073038176,0.7648576865850439,0.7963766676572523,0.7369231823129866,0.9055146392966738,0.9055146392966738,0.9984000073038176,0.7296102370442445,0.9984000073038176,0.7526845282286517,0.7030712537520198,0.7338462448443155,0.7963766676572523,0.6876922860184935,0.7701863097565538,0.7926237263326664,0.8193392165303481,0.7628957237159715,0.9984000073038176,0.7771761783751533,0.9055146392966738,0.8297823262005627,0.7963766676572523,0.7114801758219066,0.7411136691207414,0.9055146392966738,0.6876093156739439
331_UCR_id_29_Facility_tr_50000_1st_837400,0.6953379085168291,0.828943621542496,0.721230136961982,0.6801250311354629,0.6657541474825805,0.6852625572468177,0.9890099433845564,0.7171740905371405,0.7456634279666926,0.7421304931730957,0.7267675489890273,0.828943621542496,0.7607046446724747,0.6806236223748752,0.75108990533724,0.7004035108403516,0.9890099433845564,0.7205591396101061,0.7794891302196632,0.7089016550575212,0.8475306260544397,0.828943621542496,0.6949517516086711,0.6813897088449951,0.75108990533724,0.6802631705144098,0.665443354846235,0.7100815473741083,0.8992840618531591,0.6938663426765593,0.6976151206989233,0.828943621542496,0.6940831041120853,0.6801250311354629,0.6657541474825805,0.6823249104693921,0.9890099433845564,0.6996310431408318,0.7484981950088064,0.693234768711656,0.7264789072953407,0.813878567721542,0.6866700580603163,0.7296645012248922,0.6657541474825805,0.6833912522161188,0.665443354846235,0.7096586408553472,0.7302453565105438,0.9994555861277457,0.6934297579441412,0.828943621542496,0.7099645002863736,0.6801250311354629,0.6657541474825805,0.6749460346181055,0.9890099433845564,0.7026428537319612,0.7186286751660964,0.6917545647696779,0.7936989218119426,0.828943621542496,0.691733181475053,0.6697655868099593,0.6657541474825805,0.6770951300917452,0.9890099433845564,0.7106911761662882,0.7337727415031703,0.6947404443026282
332_UCR_id_30_Facility_tr_13750_1st_52600,0.8178442236508858,0.8243629910472446,0.9568846812755958,0.7820304748691234,0.7770511482250608,0.7725999482267663,0.7037999431656716,0.9568846812755958,0.7435843780672824,0.9580841804855564,0.8003147734487639,0.9278254281155264,0.7493035966132076,0.690386580924642,0.6973120688026165,0.7269999449793666,0.7629999475753599,0.9568846812755958,0.8589999534342253,0.9568846812755958,0.9110860057694488,0.8841540172242094,0.7576607663198008,0.7800295223359893,0.8406162295502249,0.6868529413311288,0.669473068094335,0.7456628139995591,0.7132889585254993,0.9584846815547184,0.8398393487373833,0.9680846832100786,0.867034511041201,0.827434964032835,0.683147062938589,0.7725999482267663,0.6737639210339957,0.9568846812755958,0.796007338508632,0.8096237701583705,0.8188212807011318,0.8365999521874248,0.7076391390641342,0.7123565461160665,0.8384473056747729,0.7269999449793666,0.7629999475753599,0.918484674284914,0.8580886393544295,0.8662989521234064,0.8045813947608188,0.8832850239759411,0.9568846812755958,0.9063149749761183,0.902676138474674,0.6689448271657605,0.6737639210339957,0.9568846812755958,0.9877535875272424,0.998724131810382,0.8039965273476427,0.9376846778518252,0.7913442240062021,0.8622232599832093,0.7464460510351199,0.7725999482267663,0.6729351918526691,0.8729616019207886,0.8893176220950879,0.9584846815547184
334_UCR_id_32_HumanActivity_tr_1671_1st_2764,0.6528826615936622,0.8642503524304775,0.6684999456544934,0.6689111253104931,0.8634524246431377,0.6723962583204166,0.6788389308067279,0.6676555964046761,0.6681894133227411,0.6687466757652117,0.6554824906094767,0.8642503524304775,0.8642503524304775,0.6842586033962288,0.7142473831361577,0.7517946170242241,0.6686306322653371,0.6673794903985798,0.7625145191501436,0.912126012007926,0.660634056824653,0.8642503524304775,0.6675918284712677,0.6814286558307588,0.6969704675801628,0.6754736781536056,0.7199890038697767,0.667886704005487,0.6662576806007124,0.6662576806007124,0.6528826615936622,0.8642503524304775,0.6662576806007124,0.6785445528782815,0.7023418538647762,0.672431170063983,0.9867481349388982,0.6688103332091265,0.6681336614177227,0.666549686948863,0.6528826615936622,0.8999581697006062,0.6664379037116598,0.6956410493446348,0.9458712981523412,0.6816072434492213,0.7088625289721947,0.667950443717704,0.6670306732760303,0.6708315961237242,0.664631087085619,0.8642503524304775,0.6662576806007124,0.6737384197907168,0.7669263272808645,0.6789765683236282,0.7549010348729607,0.6670306732760303,0.6670306732760303,0.666549686948863,0.6528826615936622,0.8642503524304775,0.6683805272811997,0.683076438046405,0.8168402292030185,0.6697986070499341,0.7040362982047683,0.6668689643899601,0.6670306732760303,0.6668551322033591
339_UCR_id_37_Sensor_tr_2750_1st_5400,0.6686347723719354,0.990513271997327,0.986304094870433,0.8668723927313271,0.8427486737010684,0.6800351255954805,0.8233924940558235,0.8402762703006935,0.8091802458430518,0.990513271997327,0.6706468176039997,0.990513271997327,0.7349612092798643,0.7991255837653137,0.8844835029754855,0.684478529422304,0.6950872017674294,0.8004154885686009,0.9084162986279364,0.7860590920772873,0.6813806795026782,0.8322338761638924,0.9637045023205228,0.7991255837653137,0.7300414943016791,0.7084713182403903,0.6990069074039651,0.8020327251909419,0.8211066116041486,0.8443469446921689,0.7006527541032378,0.990513271997327,0.8884742461506775,0.8219668832001656,0.7284670318105946,0.6830555095285382,0.7881563223520872,0.8747202633862212,0.8132305811825785,0.980021269675872,0.6706468176039997,0.990513271997327,0.990513271997327,0.7969286618489743,0.8195563283443104,0.6793307187715267,0.8472240066232337,0.8826052950556476,0.9943672375816536,0.7798690556754427,0.8576307212431938,0.990513271997327,0.990513271997327,0.8611545853559698,0.7763747023059641,0.6874275566067376,0.7346197078321981,0.8644084553268212,0.8364414727938905,0.990513271997327,0.8576307212431938,0.990513271997327,0.990513271997327,0.8982221337976186,0.7731486683897061,0.7173785358406898,0.7200597333913221,0.8411415549156256,0.8254853285887168,0.9224119151079012
341_UCR_id_39_HumanActivity_tr_48812_1st_128430,0.7772545289322822,0.911990025267381,0.6675990507093452,0.6810908173853928,0.6706490413035,0.7475194784181325,0.6937302414563052,0.7371720059703251,0.6687245742915141,0.6688126436073827,0.8159398441171293,0.9618404755777544,0.8909208861390983,0.9073873946405062,0.7353582456847094,0.6951710787964038,0.6963344294248758,0.6668114572166295,0.7040406513312288,0.8161041127001958,0.8794930418729026,0.90329878884741,0.7948148358521878,0.9260330901977022,0.7156106944867839,0.8302216286700355,0.6909653990104162,0.7371720059703251,0.6715077783008442,0.6692263990663684,0.8910358608221682,0.911990025267381,0.7141972992600959,0.6721028366892735,0.6713295299445515,0.8302216286700355,0.6704819160669268,0.7371720059703251,0.6719867460363989,0.6744546860874747,0.8554044349897781,0.8147588852758847,0.6847133375614723,0.8070036104786873,0.9858510158035956,0.7615523294277823,0.6687013962332179,0.7371720059703251,0.6810917337337634,0.9754981331674918,0.7716285388052876,0.911990025267381,0.6666981673781555,0.6699388929445573,0.7028587979246189,0.7526659204270966,0.8641882234204273,0.7371720059703251,0.688712757853848,0.6678174961656682,0.7837558318053406,0.911990025267381,0.6754003640597609,0.6729951654679861,0.7148349045694564,0.9024296649129724,0.6694575727604369,0.7371720059703251,0.6852684447060291,0.6678830321132875
344_UCR_id_42_Sensor_tr_2851_1st_5365,0.6580839525614488,0.8076302392827833,0.9619510485808044,0.7306773822130718,0.7167627524537272,0.6843257739034077,0.7017519149408279,0.6961386775383427,0.68419718537726,0.8326483946746217,0.6565486924827246,0.7658081790755281,0.6961409355196836,0.695648938831186,0.6934698594211625,0.6860789428847945,0.8127694840711089,0.9619510485808044,0.7118639403102113,0.7910266626969016,0.7968704776041003,0.7462545114295919,0.9347977924416856,0.6690153814649022,0.7565174019529743,0.8651654282250347,0.7323639814191607,0.7066872359569636,0.9142595865156554,0.6954634523283707,0.6565486924827246,0.871515652729392,0.9464189826813688,0.6981883501774112,0.7380052767987085,0.7067266406592799,0.932728339631556,0.6983936440321463,0.6799394791447637,0.779133741742034,0.6596359239960058,0.7572009214309894,0.8330721472947847,0.7057527277691689,0.7160822019753277,0.7777310509706109,0.6826611472376192,0.6841682487402457,0.9142595865156554,0.9659253368476216,0.6596359239960058,0.7697047542357789,0.7656232860415159,0.8609696942190908,0.6850848678192405,0.8651654282250347,0.7719241752242157,0.7309624130594127,0.683652067565057,0.779133741742034,0.6565486924827246,0.8974108394359082,0.9486254935456424,0.6823480564729789,0.7095364200211555,0.7041225316367717,0.7230109841141622,0.6950288154794657,0.6959951844089367,0.8082117400245015
346_UCR_id_44_Medical_tr_7456_1st_17390,0.8301442591370947,0.718745217797293,0.9971074090561448,0.7002534463667368,0.763569749387896,0.6914111447905611,0.6915496946937738,0.9986624615149936,0.9986624615149936,0.9986624615149936,0.9150724450109236,0.6998755643259768,0.8596312692970797,0.7492158888997125,0.7294116626340882,0.7433543808040428,0.7280600129884649,0.9986624615149936,0.9986624615149936,0.9971074090561448,0.783336368911148,0.6830550418328156,0.998863001539952,0.758940434126605,0.8263521553162633,0.8631865927598132,0.8085753908855022,0.9986624615149936,0.9986624615149936,0.9986624615149936,0.9351034735077652,0.6739154554944132,0.9986624615149936,0.8415358435544219,0.6915214044205755,0.6673910043196807,0.9929145327595972,0.9986624615149936,0.9986624615149936,0.998863001539952,0.9551362126594328,0.7157622941373245,0.9986624615149936,0.7546419830485903,0.9551924257173596,0.6728452076706729,0.6953692271757829,0.9986624615149936,0.9986624615149936,0.9986624615149936,0.693689994207279,0.675953932393345,0.998863001539952,0.7237819589357876,0.9115555622735024,0.666563641657619,0.7132618932538367,0.9986624615149936,0.9986624615149936,0.9987328655561456,0.7384185074865383,0.6763524988410294,0.998863001539952,0.734720877244372,0.6969449556892132,0.7092888787350556,0.6666813785745797,0.9986624615149936,0.9986624615149936,0.9986624615149936
349_UCR_id_47_Facility_tr_29954_1st_74900,0.7806219802087007,0.6666661331170368,0.6667345128076333,0.699525541151896,0.7416319475281324,0.7531981644026555,0.7350780351433436,0.6983851692085347,0.7190727235222926,0.6666093834059071,0.7477822479239572,0.6666270055839005,0.878817655206238,0.6844724451696321,0.8571523049693135,0.7877647859175412,0.8691353775554675,0.7294542107025573,0.7116418497666211,0.798594476148351,0.7688084617749588,0.666612136901923,0.6671654420020816,0.9558387794658284,0.6973601923797769,0.8538701128790018,0.6763833623586681,0.8941411252626091,0.7520196105046206,0.6665990521874752,0.830745278993313,0.7217995421033742,0.7342887646146218,0.6861788315454563,0.8941411252626091,0.7498044039637549,0.7183218195947612,0.6995891111332934,0.7156296821371091,0.6767485619896467,0.7371242481727895,0.701112532716415,0.6666089648735171,0.7332876534961823,0.6741506185528645,0.834437994930187,0.967317563124038,0.8023719083404082,0.7186865405167226,0.6885099541090048,0.9265345036665628,0.6667124811839418,0.6666336137805617,0.8941411252626091,0.7262971187388253,0.8036505366814523,0.7369182501003844,0.7131345732386628,0.7480672635756626,0.6861626079106388,0.7421962937248877,0.701112532716415,0.6760285066535336,0.7221716798447444,0.8952539056517285,0.7902809126659233,0.7183218195947612,0.7171499875483939,0.7337291846872146,0.6666067620671337
355_UCR_id_53_HumanActivity_tr_48750_1st_143411,0.8514336151332572,0.99995411824378,0.7239348652180088,0.6808092372460183,0.9999438600963508,0.7220137681385791,0.6819078880115548,0.6665914227627602,0.8193023519737591,0.9999438600963508,0.8468144379067625,0.99995411824378,0.9993585199354598,0.6745564747506805,0.8887721787979728,0.6668172719481272,0.8800100310495627,0.7262234003068156,0.8111799355448713,0.9997892972328892,0.8596364299965639,0.99995411824378,0.9999438600963508,0.6667876311338216,0.7574868724753261,0.8552763851698622,0.6842772993876512,0.7116754582575664,0.8217222762249877,0.9999438600963508,0.8046545765710817,0.99995411824378,0.7002661783031835,0.6667465846556365,0.9924580902155244,0.7028519654440719,0.6957827401576318,0.7417419090790941,0.8059128416143947,0.99995411824378,0.804129924013484,0.99995411824378,0.7179044297545124,0.6667465846556365,0.7370116105562272,0.9672611969532412,0.7288926263282942,0.6920439723982033,0.7960026159868511,0.8911020279245365,0.8085003782705781,0.99995411824378,0.9999438600963508,0.6785834160266796,0.7401220967689773,0.8226459929573431,0.929251250606028,0.6666678036685664,0.8458043820477977,0.9997892972328892,0.8075660803841398,0.99995411824378,0.6975748721987084,0.7197934156485623,0.6728795659314822,0.6976089949051996,0.929251250606028,0.7060951128220987,0.8217222762249877,0.9997892972328892
358_UCR_id_56_Facility_tr_10500_1st_29080,0.8013178821817546,0.7858467530138227,0.8450188933525241,0.8436194954415779,0.8664385959695725,0.8797056572902162,0.8719545836030648,0.8645457892322216,0.8645457892322216,0.7832046298552958,0.88144857642841,0.7001578305318948,0.8236686747438515,0.8112690648554466,0.823046685895189,0.892593275895006,0.9850450062489966,0.8451553919845096,0.8518366281462816,0.7833018828525806,0.8129156274682255,0.7001578305318948,0.7824501556430239,0.8580385043593817,0.8357129697274883,0.8742471389932917,0.9212907873742096,0.8645457892322216,0.8650202813334813,0.8316974761212195,0.7894503264712265,0.8239674895194057,0.7829846772611467,0.8549538267223812,0.852612483374414,0.8851227473400923,0.9127427104779164,0.8645457892322216,0.8650202813334813,0.7824501556430239,0.802322049999367,0.7025360962279168,0.8591011362957542,0.8429505832248619,0.86452207490347,0.9212907873742096,0.8164398821081288,0.8645457892322216,0.8571116240712989,0.7902769663422536,0.940571335269072,0.7780814878652601,0.8357807276524291,0.8668417570879785,0.8645457892322216,0.890393914224974,0.9212907873742096,0.8645457892322216,0.8650202813334813,0.7824501556430239,0.8133229940887453,0.7001578305318948,0.79917258660834,0.8675957512705217,0.8649664874990255,0.9127427104779164,0.999671944118058,0.8645457892322216,0.8650202813334813,0.7833390145540172
361_UCR_id_59_Medical_tr_3000_1st_7175,0.8769135250511072,0.7942739198238818,0.727192050782522,0.8323281374936029,0.8459169936573374,0.9748795856285074,0.7180048385916836,0.8030882797330001,0.8202068270812543,0.7305556492606616,0.6877909766332447,0.6873056836000782,0.8092408766471956,0.9105511626330411,0.8365776989857756,0.8687875090829236,0.820926478284118,0.9766170773180294,0.8055609916982195,0.774420473773265,0.7679406659498497,0.6899857666205983,0.8385507854482275,0.9748795856285074,0.814361140969599,0.9585513826101508,0.7943234146166787,0.7416107795317692,0.8238025152347067,0.8252144352229974,0.7134736463266104,0.6959823302209008,0.7949686098994946,0.9748795856285074,0.8098356902661168,0.9706837868060638,0.7648783357993828,0.7853715341753261,0.8260729658414309,0.7306131649192976,0.7679406659498497,0.7740557404072046,0.7780965511256271,0.9104454415480452,0.8724976318282281,0.7774937038254492,0.9105511626330411,0.8162971389206717,0.8186234208184392,0.7326448228303777,0.7717069621987312,0.6872946632376176,0.718461654160261,0.8803254320625119,0.8258562630124489,0.9218131406570482,0.9665514171488416,0.7769702200049692,0.8175494573429282,0.7639760950854695,0.7134736463266104,0.6863222313898979,0.7284314692883627,0.9166351491203306,0.7070365106634038,0.896679587979305,0.8483183672920517,0.6936442315913216,0.8330484324250729,0.7152016885506493
364_UCR_id_62_Sensor_tr_2833_1st_5988,0.6613319374879209,0.6673955520509269,0.9146899298145968,0.6832440001258031,0.8971352981780162,0.877474379052337,0.8167850364174637,0.6747924495883357,0.7106786270169115,0.9167734065938158,0.7904502213639184,0.6711593987397705,0.6990090007853511,0.7671836157418813,0.725334452489146,0.872404597028145,0.6719502509395942,0.6855459233683207,0.9070569989887416,0.6791265100193918,0.8884350086940497,0.8114990370200191,0.6680842013521633,0.7860933950259507,0.9487696791075002,0.677634135927847,0.683895518122484,0.6715412222496875,0.7110059695949559,0.665926699525321,0.8884350086940497,0.7770212667153511,0.7487929243327335,0.729828885514566,0.6880593275918488,0.6917617766315709,0.6795614629103236,0.6850892342565789,0.9847654828287918,0.8972462684032271,0.6705984629942684,0.6745531124979195,0.9847654828287918,0.74550012589526,0.6905049196928715,0.6768509433201874,0.6680128817616272,0.7009307924850722,0.791821838821686,0.6890298122935091,0.690871133934874,0.940770611213604,0.6659686487534298,0.6797614874091484,0.6782280131430712,0.7472227768006452,0.6708495200909703,0.6970599453487055,0.9847654828287918,0.8972462684032271,0.6674214224518746,0.7104176818645553,0.7013476197215464,0.6747167209636109,0.9976612821862388,0.6969557717635356,0.6882926260182062,0.6721489340864336,0.9847654828287918,0.9119134371602248
369_UCR_id_67_Sensor_tr_2750_1st_5400,0.6884470300632445,0.9395088517386216,0.990513271997327,0.7120630355167896,0.7220460104694003,0.6926542806914171,0.7812016334584916,0.7522718671930879,0.7883938988795557,0.990513271997327,0.6571156205580277,0.990513271997327,0.81139652246803,0.6817340426467206,0.7767973026746434,0.7307227579928475,0.6752479820943527,0.7896927077689885,0.7947562635051111,0.8406766303256528,0.6709511425409185,0.8884742461506775,0.8785267991456898,0.7519069977937428,0.7026835600452555,0.7668725821423688,0.958665425273087,0.7424503961578776,0.7648109676074858,0.7831609769555118,0.7244204106584685,0.8884742461506775,0.8335256374592183,0.9949405918520742,0.7606719676818248,0.671955944449045,0.6891795720821304,0.7360233554083968,0.7791727011000272,0.8065273658675268,0.6709511425409185,0.8884742461506775,0.990513271997327,0.7029976342370534,0.7778121708998972,0.7685891861276206,0.6718305869740404,0.7429976424587426,0.7612351729553617,0.8169018917253297,0.6683642940236262,0.8884742461506775,0.7170452310081712,0.7218894551050147,0.8338291448020195,0.7038412518237661,0.6977293735484847,0.7424503961578776,0.7958399104109813,0.990513271997327,0.6683642940236262,0.8884742461506775,0.8504619985224774,0.7445713975541465,0.8150887573964491,0.8234371845909777,0.6775052976154413,0.7595875656920715,0.7752077611052415,0.990513271997327
371_UCR_id_69_Medical_tr_1853_1st_6200,0.7620646324977411,0.7275444603179142,0.9860982596775582,0.8411424920865436,0.8411424920865436,0.7003462658691546,0.7068550393095703,0.754014763559024,0.8959413865579143,0.9260051312034192,0.7726439142683221,0.9860982596775582,0.6904663511898372,0.7922989678793404,0.6747629055380566,0.6948774669801849,0.9240852693589936,0.8979499281282465,0.7556312135592563,0.7653059634657402,0.7874963878847874,0.6932245122093027,0.6946792426582977,0.6934205442615659,0.7153150287303196,0.7583477084740932,0.7164544162485236,0.7751801989248432,0.6880040929983735,0.7205956834030866,0.7536490890032618,0.7481158714784496,0.6977644361471769,0.7072654380271056,0.7783054375238365,0.7007216373504331,0.7106648601433028,0.7751801989248432,0.857284217820626,0.7312782382465941,0.7617195495488654,0.9860982596775582,0.7026918379967386,0.733051068036759,0.8313411870127135,0.6805031864973842,0.6837376925906913,0.6984420384140047,0.7053354926835679,0.9860982596775582,0.7616084931404415,0.9860982596775582,0.736449003959378,0.6986608958884017,0.9040703159198604,0.7782145357798255,0.783594221755035,0.754014763559024,0.7066471897643218,0.9860982596775582,0.7713859566170604,0.9860982596775582,0.7026901497657584,0.8591701808405818,0.6846389964749741,0.9860982596775582,0.7515014498398749,0.7246250571946963,0.9860982596775582,0.7043611212507069
373_UCR_id_71_Sensor_tr_2827_1st_5988,0.6676435221248302,0.6776463635392106,0.9557871928650892,0.9821355177467233,0.6876366538909994,0.6792419775923834,0.9821355177467233,0.7943864661612097,0.7451100284054617,0.9970239546655996,0.7027167426432076,0.7716364671702675,0.993356041599174,0.9837862681953196,0.8795531558028805,0.6734771683793943,0.7392663156992997,0.8137433240257499,0.8718755118755114,0.8222261776783234,0.7060291041774891,0.7079923255476376,0.8368177075730852,0.9821355177467233,0.9300189647372484,0.7198247451113623,0.6826324521294228,0.988128114226291,0.9196428176613224,0.9991346752507688,0.6676435221248302,0.9961917475254284,0.7365503062716526,0.9821355177467233,0.9360238284470748,0.9493230614226856,0.7696602914094902,0.7719900555480729,0.8477389436457313,0.7463796593839301,0.6644295967553949,0.6866312185887612,0.8382427451826342,0.6931896884237102,0.9961917475254284,0.7862707527680541,0.7776782272799626,0.8306530560676688,0.7831183713955752,0.7179338884497215,0.6644295967553949,0.9535375803550186,0.6668828955280856,0.9821355177467233,0.6991747201109685,0.9041575830000942,0.6958682824685762,0.8212421918124989,0.7979158707265109,0.8715352228815869,0.6644295967553949,0.96463455507459,0.7352540004742394,0.7399233917203144,0.9380368963839952,0.8875710885343524,0.6789966127601443,0.8212421918124989,0.7264359017246623,0.726240234771498
381_UCR_id_79_HumanActivity_tr_16000_1st_31200,0.6666348546009688,0.797323771372764,0.9972591750785474,0.7064428093693897,0.7045675027557364,0.747205611595574,0.672962727446256,0.7122872400710133,0.7632640483023209,0.9160200368441396,0.8174777949287434,0.861353319627524,0.9296867152194204,0.9433533932554488,0.7940312919049386,0.695620420162666,0.73040922473284,0.8169366069075725,0.7621232972625908,0.7143013671289715,0.6718707645038645,0.9312753868594053,0.96385340970496,0.9296867152194204,0.6835559697818014,0.6825303673797298,0.6814529143965673,0.713178345575878,0.7620558810189768,0.993416074599796,0.83144552358455,0.9972591750785474,0.8268210997155258,0.7883320231448824,0.8374366287699739,0.9285200475666938,0.9972591750785474,0.7438998099074716,0.774415240947679,0.9160200368441396,0.6635559995832987,0.9972591750785474,0.8157699389636585,0.8338728890655398,0.9974018568888834,0.8404848547532705,0.7781865624358589,0.7292198599848797,0.728951001914644,0.7663931408002393,0.7512848742751141,0.7466709709249228,0.7822270741347808,0.988978690795796,0.7450955273872752,0.8203801241099503,0.6893944089096516,0.9963863475089468,0.76744713503062,0.9972591750785474,0.6656810028174699,0.7870920803152132,0.7573301686137045,0.9974018568888834,0.7076031355807443,0.7741418102668272,0.6774820632154572,0.7111372454556995,0.862241570641609,0.99650229178051
382_UCR_id_80_Medical_tr_7500_1st_11800,0.6659029737729055,0.9984754570846728,0.9968419097157712,0.9784443939738052,0.9784443939738052,0.6794788858833958,0.9967226272490128,0.8670197947010384,0.8968283857498908,0.859447106092111,0.6638778098488324,0.9984754570846728,0.9970282317979192,0.7670439983638561,0.7098276561628701,0.6980442724963292,0.9967226272490128,0.8678852504545413,0.9609941524070617,0.9966928021998436,0.6638778098488324,0.9570132345560708,0.9971995869947924,0.7696547792731285,0.835990910432344,0.7764548399729425,0.9967226272490128,0.8670197947010384,0.9819185907805932,0.9968419097157712,0.6638778098488324,0.995797225424926,0.9968419097157712,0.7535554900226082,0.6837565090387124,0.7111130874853341,0.6648261900676645,0.8670197947010384,0.9819185907805932,0.9968419097157712,0.6640834117472818,0.9984754570846728,0.9972666230910924,0.9965734842685016,0.7188888201957749,0.7625651618515219,0.9967226272490128,0.8670197947010384,0.96124479687941,0.9966928021998436,0.6642193402976764,0.9984754570846728,0.9989544635508192,0.683811472152193,0.699451588896855,0.7951738475262756,0.6648261900676645,0.8874809912889978,0.9251030511460326,0.8699448995411783,0.6644098524124743,0.9990657947417584,0.9968419097157712,0.941999947576734,0.7381218674042406,0.7215843253708308,0.9967226272490128,0.8658110499696157,0.8655554985023528,0.8960362926493874
385_UCR_id_83_Environment_tr_2046_1st_6006,0.8183430077732603,0.9964664515514604,0.9964664515514604,0.742561346553838,0.723866443806188,0.7339515233969419,0.6085088467392825,0.9848478110704952,0.9964664515514604,0.9964664515514604,0.8583778218056735,0.9964664515514604,0.7629004421136001,0.7835751692120594,0.767456463950152,0.913886884926769,0.6693896827757135,0.7926218363463644,0.6802538699898556,0.7759093519615092,0.8392307691479364,0.9964664515514604,0.7562843045460117,0.8603772020280375,0.7367901202246014,0.7600250078358592,0.6693896827757135,0.9964664515514604,0.9964664515514604,0.9964664515514604,0.8184535123982117,0.9964664515514604,0.9153579368601432,0.7499276864638919,0.6740851954040986,0.7454177669332015,0.6085088467392825,0.9964664515514604,0.7070338497085318,0.9964664515514604,0.8584565443591992,0.9964664515514604,0.8193652054592879,0.8869041887533592,0.7884468270178046,0.7339515233969419,0.6085088467392825,0.8175247198501897,0.9964664515514604,0.9964664515514604,0.8587670668197332,0.9964664515514604,0.9964664515514604,0.8094568657464415,0.7090578215437497,0.7339515233969419,0.6693896827757135,0.9964664515514604,0.9964664515514604,0.9964664515514604,0.8140346800037668,0.9964664515514604,0.9964664515514604,0.8574691528189117,0.8551946618952938,0.7669869390732873,0.6085088467392825,0.9964664515514604,0.9964664515514604,0.9964664515514604
387_UCR_id_85_Environment_tr_2046_1st_5549,0.7838970206493502,0.9994830586546198,0.9991677395466382,0.772662709166215,0.7304382333705554,0.7529765585856163,0.6859071780181306,0.8287707861701019,0.9987595961380956,0.999711413429121,0.8027170606731306,0.9994830586546198,0.8493586068961774,0.7444223492160181,0.7631271401434723,0.7528053994965076,0.6934115157208467,0.7478929741060392,0.9958982857324316,0.9985553995764768,0.843982568368267,0.9994830586546198,0.999711413429121,0.7177187079796342,0.7073122324635194,0.7458071859122921,0.6342908515104126,0.829511152306359,0.998283007898163,0.999303713415234,0.962896583628857,0.9994830586546198,0.9987595961380956,0.8027772213102465,0.7607973080890557,0.7974818805169392,0.6699137200161763,0.8287707861701019,0.9539247042616475,0.999303713415234,0.8700915736345015,0.9994830586546198,0.998283007898163,0.8304142533675672,0.9382527955308844,0.7435727841119361,0.6859071780181306,0.8579664117921184,0.9985435231886972,0.9729039456445102,0.8107837364472764,0.9994830586546198,0.8532885020734327,0.7395480984154341,0.7880912782976904,0.7602695994642419,0.6859071780181306,0.7292687093860689,0.9987595961380956,0.9124432433049978,0.7968684184862804,0.9994830586546198,0.998283007898163,0.781849917005762,0.7483792914494505,0.7211735024024007,0.6859071780181306,0.7371212704017759,0.9987595961380956,0.9994830586546198
391_UCR_id_89_Medical_tr_1875_1st_5759,0.8065166821797556,0.7356289350733037,0.7371737633991715,0.8842537640173339,0.9198098183223804,0.8166971411986643,0.7711852056759382,0.7788958333333327,0.7366752563057182,0.7428250139732724,0.8065166821797556,0.995793490510248,0.694978151930555,0.7711852056759382,0.7318622607006524,0.8387419528048603,0.6827250988380658,0.7096308949544299,0.8349534086156414,0.7426649324015763,0.8108544846617529,0.6964253253828075,0.7179009687010025,0.7394392569755486,0.707297474389385,0.6815114615152029,0.8670164858872812,0.8260729581201435,0.7299127642809571,0.7356289350733037,0.8626005034714979,0.9112763688386,0.7524425004578016,0.6756698587759082,0.7100844511672028,0.7086061214249868,0.8891067746360455,0.7180108060008995,0.7416052730940587,0.9947705731371418,0.8065166821797556,0.995793490510248,0.7706693341003402,0.8977650693069301,0.7413787651158438,0.7812725524628259,0.857541409993155,0.6936272338178013,0.7092884047230726,0.995793490510248,0.8065166821797556,0.995793490510248,0.9112763688386,0.8209373145755569,0.9198098183223804,0.7127634460924471,0.7171396463394474,0.7542047713940141,0.7992626948390461,0.9947705731371418,0.8065166821797556,0.995793490510248,0.7015698173463818,0.746135964033397,0.9198098183223804,0.7065388329175195,0.9468323945424956,0.8331706438510995,0.7652347203331015,0.7356289350733037
393_UCR_id_91_Environment_tr_2046_1st_4852,0.7877497262250366,0.8392909301468348,0.9731175976700186,0.8786242040340835,0.8786242040340835,0.7671319845175975,0.695035127728541,0.6853492628189615,0.9940747400792908,0.9940747400792908,0.7472310932835269,0.9940747400792908,0.8761286770147021,0.9307482033982388,0.7195828725799327,0.6680162335357926,0.7123217250072009,0.7454750760512917,0.7477591191898758,0.861672400462692,0.917453439768258,0.9940747400792908,0.998007060311932,0.9940747400792908,0.9640007332795048,0.7289075901379614,0.695035127728541,0.7992047014667211,0.7142835860491128,0.998007060311932,0.8164884115002482,0.9014329556297684,0.998007060311932,0.9940747400792908,0.8263651832615272,0.7634054129327268,0.695035127728541,0.7746674067655543,0.7694377226987208,0.9068711526215996,0.7291218891124759,0.9940747400792908,0.9925297761085454,0.9623053231261406,0.8362650911622457,0.7819098652788898,0.695035127728541,0.7188765725507811,0.8997536063404321,0.9940747400792908,0.6930633663070277,0.9940747400792908,0.996718115634123,0.9940747400792908,0.7868672226906523,0.76868693909046,0.695035127728541,0.7384246154676627,0.9940747400792908,0.9940747400792908,0.7083817350062838,0.9940747400792908,0.9940747400792908,0.8786242040340835,0.998007060311932,0.7898443593235464,0.695035127728541,0.710872343352119,0.7735262436349387,0.9940747400792908
396_UCR_id_94_Medical_tr_1875_1st_5607,0.8333638373628534,0.6833652378244085,0.720402902589491,0.8285220442334561,0.9966131641576426,0.8588301937363808,0.8736766489867606,0.7878519020919418,0.7483007995876978,0.9478802386251,0.8333638373628534,0.9966131641576426,0.7409751172847535,0.7790592344092365,0.9966131641576426,0.8371332384302178,0.9721727706503632,0.8819852875412999,0.7211248842855461,0.7964474370459393,0.7044873194607358,0.9966131641576426,0.7409751172847535,0.7773392677074998,0.8601583536964724,0.922403303698466,0.6710565021439459,0.7349707559179345,0.7242258263073513,0.9674422649985146,0.7044873194607358,0.7568881383983412,0.8847206671043509,0.746409955275704,0.9472880442273977,0.6809594604416193,0.668214520875202,0.7386852149739088,0.7753487098189854,0.9296968672457376,0.7069721085509056,0.9966131641576426,0.8023062844803777,0.9966131641576426,0.7822689941716369,0.6827702228432585,0.7702492744706234,0.743139693343361,0.8726337754957327,0.8847206671043509,0.7069721085509056,0.9966131641576426,0.7744942119030584,0.9966131641576426,0.6673178128182079,0.7876658025398835,0.6890050181211881,0.7774899372855726,0.7499565000570281,0.9966131641576426,0.7069721085509056,0.9966131641576426,0.7360466277428837,0.9966131641576426,0.6802698975736358,0.8353065825618416,0.74828791528432,0.7774899372855726,0.6989658117942912,0.9966131641576426
400_UCR_id_98_Environment_tr_2046_1st_5391,0.7660497262765225,0.9995925352457008,0.9995925352457008,0.7164515491943255,0.9215496793463932,0.752333371780119,0.6871567457645518,0.6941219378761166,0.7371669581318788,0.7675984988884319,0.9647679726131604,0.9995925352457008,0.9061576254828848,0.778871978513876,0.7013188518231184,0.7137982115541718,0.7059081040985209,0.9457502790355552,0.6787743215295651,0.9061576254828848,0.9647679726131604,0.9392551628791146,0.9319954760316672,0.6976563259749095,0.7656608011534779,0.7224127758295481,0.6871567457645518,0.7156239307162648,0.818506846511135,0.9061576254828848,0.8615638920370232,0.8118696889336245,0.7733322674767172,0.8126515815620472,0.7208744991427403,0.7187721339128003,0.6871567457645518,0.7696309396993612,0.7109611876041838,0.8160263145872351,0.7781350294161974,0.9995925352457008,0.80514743260334,0.8409897616350475,0.9973926224123814,0.7410868997883732,0.6871567457645518,0.6950727589081402,0.8060780074057432,0.9061576254828848,0.9202871078397018,0.9995925352457008,0.8097896092743663,0.9995925352457008,0.8604845446950705,0.7230141995234528,0.6871567457645518,0.7136497171727846,0.7839524517087663,0.8026817405021685,0.7682710727289186,0.9995925352457008,0.9995925352457008,0.9215496793463932,0.7691587847999728,0.7148410136113096,0.6871567457645518,0.7378435568209483,0.7313103127543303,0.8121456079577337
401_UCR_id_99_HumanActivity_tr_1671_1st_5920,0.8360508202797244,0.9944244458694402,0.9995657114476756,0.9944244458694402,0.994614034105344,0.8834006180295683,0.7565171350404309,0.9673522687322408,0.9944244458694402,0.9992359292460704,0.8360508202797244,0.9944244458694402,0.9992359292460704,0.6983464478404839,0.9983066174005216,0.7935109479575313,0.7016833502692962,0.9924159867598296,0.9944244458694402,0.9984242564011808,0.9053873993449078,0.9944244458694402,0.9992359292460704,0.669302821068517,0.7892895874718151,0.8079674082931624,0.7756132047502916,0.9698394875758896,0.9531752668953812,0.9995657114476756,0.8360508202797244,0.9944244458694402,0.9995657114476756,0.7227529747924915,0.9944244458694402,0.8352705320247293,0.8284350248267704,0.9553239878177694,0.9531752668953812,0.9992359292460704,0.8382146379629822,0.9944244458694402,0.9992359292460704,0.8502866155035027,0.667251806941529,0.6915185102583439,0.8923670568235647,0.9673522687322408,0.8560141775504316,0.9984242564011808,0.9325453410506958,0.9944244458694402,0.9944244458694402,0.6682261947896841,0.6980447027510865,0.8292340588369607,0.6797605579515434,0.9673522687322408,0.9150515606741656,0.9992359292460704,0.8360508202797244,0.9944244458694402,0.9742992095557256,0.7572609141489011,0.7796558803879791,0.8193883029317596,0.6765894180117841,0.9673522687322408,0.9292644485152896,0.9992359292460704
405_UCR_id_103_Sensor_tr_2827_1st_5988,0.6993728368243431,0.8891226016610922,0.7582374190309014,0.9658081342443272,0.6861166807735718,0.9993261185033986,0.8291242515022573,0.993356041599174,0.993356041599174,0.9970239546655996,0.6709482449409581,0.9961917475254284,0.9970239546655996,0.9993261185033986,0.7422508288872935,0.999522659679458,0.8618665388047373,0.7228317205141812,0.7597432851264718,0.9991346752507688,0.6816876862752815,0.6660416282846984,0.8234276210570521,0.9993261185033986,0.9411415364240208,0.999522659679458,0.7708681809411377,0.942791426203134,0.7764363285367335,0.7018790612292364,0.7793669025167616,0.9961917475254284,0.6811236640851674,0.9993261185033986,0.6977474875526611,0.999522659679458,0.7587821817201169,0.8593583194161339,0.6921457756078534,0.8191826483941692,0.6840639253257053,0.9970239546655996,0.993356041599174,0.9993261185033986,0.7211615163110366,0.999522659679458,0.8819113713316097,0.993356041599174,0.993356041599174,0.99752247784902,0.8222871330306959,0.7286718976005178,0.996031394764904,0.9993261185033986,0.7060768888172873,0.9993261185033986,0.6831137282310418,0.993356041599174,0.8377888277233808,0.8257858370156302,0.929587321047608,0.6660846113055998,0.8257858370156302,0.9993261185033986,0.7117968270528621,0.9993261185033986,0.6881452276669459,0.993356041599174,0.8033827845834162,0.9179920669647526
406_UCR_id_104_Facility_tr_20000_1st_67950,0.815352946528373,0.7056429277942625,0.7464459570687598,0.6663184461330715,0.6666919959355785,0.6904376076405191,0.6665965428169811,0.7005692114007382,0.7618787628582238,0.9993328885923944,0.891329676233285,0.691467431496798,0.7598568363015515,0.7415939070107481,0.8120831195484859,0.7112304235326156,0.950416483998246,0.7485889357727018,0.7526832964388115,0.732312640646271,0.8967234064305061,0.8271443307392196,0.8433163785968543,0.9287498130701356,0.6664667787985081,0.7975285126015991,0.6664136300535195,0.7328597038963433,0.7708817325510886,0.9993328885923944,0.814522494600314,0.7458398002241016,0.9993328885923944,0.9287498130701356,0.6664927336227011,0.6827068557919616,0.6663790192908344,0.7392227105702122,0.7717922618742847,0.9993328885923944,0.8190429327100501,0.7298513343747537,0.9995831596498536,0.9287498130701356,0.6706135501419355,0.7087499422872704,0.7586823073462745,0.7258129342024082,0.9993328885923944,0.9993328885923944,0.8597681389515125,0.7210698433113222,0.757594926510364,0.9287498130701356,0.6707102686018698,0.8587497978327667,0.9837498235211064,0.7168023077526507,0.7529606084011639,0.9995831596498536,0.8428090655814972,0.7183425811090388,0.9993328885923944,0.9108977290047244,0.6664432949917238,0.9242977317109804,0.7020495413951238,0.7110172866670075,0.7717922618742847,0.9993328885923944
411_UCR_id_109_Environment_tr_2046_1st_4852,0.8192306131600473,0.8959830551927758,0.9940747400792908,0.8786242040340835,0.8786242040340835,0.9940747400792908,0.6837082584429094,0.8118843047186279,0.9940747400792908,0.9940747400792908,0.69312192427148,0.9940747400792908,0.927500099159692,0.998007060311932,0.7749102376950038,0.8196229322396301,0.3054341324253437,0.9940747400792908,0.7261161714070894,0.8667512334006734,0.7315839139179289,0.9940747400792908,0.927500099159692,0.6663963081957506,0.867677952830573,0.9940747400792908,0.3054341324253437,0.7567486331917281,0.7949412074433728,0.998007060311932,0.9466105173703572,0.9940747400792908,0.9940747400792908,0.7906475804084859,0.9666206019129188,0.9940747400792908,0.3054341324253437,0.8550689086945981,0.9940747400792908,0.998007060311932,0.7399387684303413,0.9940747400792908,0.9731175976700186,0.8034540196081809,0.9940747400792908,0.8786242040340835,0.3054341324253437,0.7374253069891126,0.7436189851829469,0.9940747400792908,0.756395861989496,0.9940747400792908,0.9940747400792908,0.7359538575159694,0.8148280148875366,0.9940747400792908,0.3054341324253437,0.7586772416389844,0.9940747400792908,0.8238569960695084,0.8581235097869795,0.9940747400792908,0.9571844845761168,0.7906475804084859,0.8202446173561024,0.9940747400792908,0.3054341324253437,0.770202619308719,0.9940747400792908,0.8393867657199205
415_UCR_id_113_Medical_tr_3000_1st_8612,0.694671529931796,0.8894907570616186,0.8831922099628831,0.7607641427496711,0.6713354897430506,0.6823827308938443,0.7792490561613313,0.6755447375914826,0.6935233104040432,0.6934072964212757,0.6976131309186236,0.9824952219394962,0.7555090188549363,0.7015038634528884,0.6841036502885897,0.6872631310455779,0.6731176915016636,0.683059487461249,0.7269464526773656,0.7279999663228882,0.6937712763149472,0.742128163027004,0.9304949549226812,0.772165175498967,0.6828816603933203,0.6661249217879244,0.6878460052025264,0.6845292564844538,0.6926232708719262,0.993477479532037,0.7515823638674142,0.7919527660849923,0.6663922250281427,0.7390175913471416,0.6841036502885897,0.6696618280275151,0.7416177447594335,0.6832027770948075,0.7138525568604639,0.993477479532037,0.6976131309186236,0.7068683413665869,0.7158971826695115,0.6768038699821771,0.909980527271722,0.7762259967056171,0.8224165435745932,0.7314391171954452,0.6897124080269409,0.993477479532037,0.6976131309186236,0.8079377411681454,0.709600321402547,0.7140821882009621,0.6841036502885897,0.6679941541556527,0.6812577913441595,0.6820728932033037,0.6961267465200067,0.993477479532037,0.6976131309186236,0.7025829927837977,0.6704983993588721,0.8171560602363207,0.6841036502885897,0.6901980803156376,0.8264943200914158,0.695615089750873,0.6850683365949115,0.8088595947844914
417_UCR_id_115_Sensor_tr_2750_1st_5400,0.6647415363708804,0.9114933297184452,0.990513271997327,0.6988869855429013,0.7559184362627336,0.7438890860098181,0.716722791798765,0.7452042147205378,0.7634692260464959,0.990513271997327,0.6677595664100531,0.859866685312077,0.7249589386140559,0.6869508276700169,0.7077134741131974,0.6733579906816997,0.6782258026664597,0.7944751627915827,0.9134939986504867,0.7851709011346217,0.665934466877774,0.7730575597277461,0.7961484296219786,0.677911278815234,0.7034670541943074,0.9510627146512824,0.6744230504933237,0.82828451772138,0.8992926243456665,0.7811484622717317,0.6682944753184401,0.8721059848063735,0.990513271997327,0.682582130723448,0.7131319323407832,0.6906533243276004,0.6778669945066842,0.8826052950556476,0.826169282244422,0.8291258462552212,0.6665903773133011,0.7841580913591066,0.8122300587810285,0.8209682473636403,0.8233924940558235,0.6788478988476787,0.6970937572301965,0.8018550724637675,0.8795993838489569,0.7869818559375783,0.6765801468759544,0.7513077377726632,0.990513271997327,0.6976242725785693,0.8277561380387558,0.7341176650769308,0.6749386041524257,0.8213237815045884,0.9134939986504867,0.990513271997327,0.8825467475367927,0.9764082309687278,0.990513271997327,0.6934231837099648,0.7100418378701854,0.6835791793947603,0.6882472733908573,0.8275471278291716,0.9134939986504867,0.990513271997327
419_UCR_id_117_Facility_tr_3000_1st_6168,0.6776913086307172,0.6727111411156663,0.7175083655083649,0.913884012158054,0.913884012158054,0.927518323495372,0.7175243137238346,0.707018746138788,0.8467356992524853,0.6778483727817161,0.6796613711113896,0.6794849273317636,0.6875767796001542,0.8369583526407446,0.6739552296295478,0.8792171532078009,0.7087968332540436,0.7198426161682686,0.671032558535585,0.8514878571842572,0.6796613711113896,0.7805395036273381,0.6984284313026711,0.6831391360393178,0.8375107497459147,0.6950776050383485,0.6856960040421609,0.7084087963230765,0.6867316827824526,0.6829117947981912,0.6796613711113896,0.7713552566018927,0.692894051539628,0.8209945715102024,0.9343054285959248,0.6722562595923748,0.7751350944106977,0.7259785941034994,0.685882391057832,0.6892428676680453,0.6796613711113896,0.6747340968775601,0.6761946974677027,0.7358123767864184,0.70674408209109,0.7175865593327516,0.6901728653067051,0.7340107609099205,0.7205220473320347,0.7374756647757138,0.6796613711113896,0.6771379010716372,0.6696596112663089,0.913884012158054,0.7083469195319627,0.903453343130051,0.6748643325186127,0.7344725598429166,0.6897913875299783,0.6940433279935,0.6796613711113896,0.6872221344865629,0.6735782550364814,0.913884012158054,0.9579245516388368,0.7356606085015683,0.6699708560004326,0.7013482659795001,0.685882391057832,0.6779088940904777
420_UCR_id_118_Facility_tr_13750_1st_52600,0.8087743612177357,0.737836841301245,0.9991204391738188,0.7567974143552052,0.7037222136350727,0.8441934872998226,0.8480110982367355,0.9987902048308368,0.803354573315038,0.9991204391738188,0.9359172913830244,0.6806500722341723,0.9991113321828162,0.7053689857514873,0.9989428229509036,0.7292224654701785,0.7885142789219599,0.9987902048308368,0.9982317272154632,0.9991204391738188,0.842833086842481,0.7799090803123904,0.9995369068561276,0.7410533012750232,0.6674621671186619,0.7958412004705152,0.7484041903647906,0.9987902048308368,0.9987902048308368,0.9992706806020746,0.8248811968548031,0.6816960106030351,0.9992706806020746,0.7607304778279872,0.7658176639406161,0.7012124084842627,0.7678198328787545,0.9987902048308368,0.9987902048308368,0.9992706806020746,0.8128752731562231,0.6857853661044513,0.9992706806020746,0.7650667051441946,0.7738193139804341,0.7170089573608162,0.85123426868008,0.9987902048308368,0.8858009247334525,0.9992706806020746,0.8072460367693547,0.9984871085564097,0.9992706806020746,0.6930753575174262,0.6674621671186619,0.8779494166756445,0.8646363540780526,0.9987902048308368,0.9982317272154632,0.9992706806020746,0.9152458770708726,0.7373817574791716,0.999702942085831,0.7254227622409195,0.8279090809267591,0.7271417737003053,0.7896679441707056,0.9987902048308368,0.9982317272154632,0.9991204391738188
421_UCR_id_119_HumanActivity_tr_48750_1st_130700,0.8186550569116839,0.7237721647032355,0.997674162644827,0.7600481143217666,0.7375584835122232,0.7835080861109788,0.7217580326487366,0.997674162644827,0.9962867115805214,0.997674162644827,0.9713738477997566,0.6675736042391343,0.987707011731766,0.7208888045175987,0.6758730849034832,0.6755150956317376,0.9501556677202186,0.8042947204872128,0.8718290263126931,0.9978778761108192,0.7783661027258347,0.790316801367419,0.9991238164889236,0.7428093198894546,0.8177232740881905,0.815142763920751,0.6697442570585553,0.997674162644827,0.7851848021095543,0.8602938364864995,0.7970051365074016,0.7916756427555431,0.9991238164889236,0.91044694150977,0.9545640719527038,0.6905690821021555,0.6763444074996469,0.997674162644827,0.9962867115805214,0.9991238164889236,0.7774713492679274,0.7616393470238155,0.918246544559281,0.9978778761108192,0.9108033867212572,0.9977381958009826,0.77637603073897,0.997674162644827,0.7338603578673254,0.9978778761108192,0.786186364475176,0.996776838581204,0.9574353185962778,0.8755818293220005,0.8246374857460013,0.711074681982494,0.7944127697911448,0.997674162644827,0.8226765772281113,0.9991238164889236,0.9045530384363066,0.996776838581204,0.9991238164889236,0.7974696036342169,0.7911452622108162,0.7184858811132862,0.689891808247827,0.997674162644827,0.7115654834343722,0.9991238164889236
426_UCR_id_124_Sensor_tr_2827_1st_4711,0.6551585030766736,0.9927878937009024,0.9927878937009024,0.8532310856411003,0.8120486351633831,0.6964274886746815,0.9039606857542836,0.9927878937009024,0.9927878937009024,0.9927878937009024,0.6551585030766736,0.9927878937009024,0.9927878937009024,0.6994863377829555,0.8528497860244362,0.6813732231384458,0.6783009391021614,0.9927878937009024,0.6850196755424695,0.78790456815168,0.6551585030766736,0.9927878937009024,0.9927878937009024,0.7026558445536595,0.7171543483563438,0.6965218313846984,0.6926611261335356,0.9927878937009024,0.8126681694007715,0.9927878937009024,0.6649137410495602,0.9927878937009024,0.9927878937009024,0.906012337621096,0.7589723531933653,0.7042612087148988,0.7232533387852645,0.9927878937009024,0.8038354976644837,0.9927878937009024,0.6571760089913976,0.9927878937009024,0.7560615077118777,0.7270566830986804,0.7020551557180982,0.6914340903804991,0.7085685465802151,0.912403573520334,0.9963210587235825,0.9927878937009024,0.6581654000363596,0.9927878937009024,0.9927878937009024,0.9927878937009024,0.6923811159835922,0.8467758470629186,0.9416921298766656,0.9429712067246144,0.9676935782128936,0.9927878937009024,0.6609241989258121,0.9927878937009024,0.9973292316442162,0.7441830487387217,0.7038076427049126,0.8126521621540825,0.7279894152747169,0.822281734255185,0.9973292316442162,0.9927878937009024
430_UCR_id_128_HumanActivity_tr_12500_1st_46500,0.8818784163187933,0.6739574036081614,0.791570625271504,0.7610166427706083,0.6900664148671943,0.6761390565942748,0.829122771401871,0.9364256824999044,0.7729169411140849,0.8504089113777346,0.8821122870577911,0.6723682815462978,0.674829410586724,0.7220265297891836,0.8833932454850162,0.9157323269268096,0.8434719999999994,0.8557855897627646,0.7081432901549001,0.7867197071384985,0.8234170119995561,0.674872051105761,0.7421494433246503,0.7617596975425325,0.7202899888501897,0.6802949104314286,0.7060705627118639,0.8086427594272919,0.7312004963002422,0.6935700503299052,0.8327033487572587,0.6714657024387979,0.6903465441023918,0.7617596975425325,0.792325721026373,0.6770707272546072,0.672106344325088,0.9364256824999044,0.7453678518452189,0.9364256824999044,0.8235911787484315,0.6718538636911447,0.6913935165216009,0.8232101945489996,0.8980256404165178,0.6931177561928842,0.6746337779042055,0.8016833602547396,0.8641773712929045,0.7202404666382126,0.8348067382130612,0.6746058054020905,0.6723573336061401,0.7414744051815026,0.8447198751769527,0.7713597013067823,0.8984559226066823,0.9364256824999044,0.7302334937538704,0.6833583650854951,0.959709142363742,0.6756682710736736,0.703367741548189,0.7809236593335732,0.7512376417152242,0.6930160383824533,0.703722623873007,0.894875747861341,0.7660050572283849,0.8169784898002771
432_UCR_id_130_Facility_tr_23000_1st_26970,0.6658584841117687,0.7352378073410768,0.9337967987285724,0.6832120171680142,0.6999174167775395,0.7635821215080593,0.6698839085226409,0.7211575483706748,0.9981002625751724,0.728500145807484,0.6662856883209467,0.8923912984636381,0.9400683917657292,0.8657694011556518,0.8166513610094924,0.7125724619258474,0.6698839085226409,0.7606113411214122,0.7904466914217694,0.7153478927999768,0.6660622836864037,0.9419565161645652,0.7004966527204499,0.6952515038104624,0.8264855056580248,0.6855367155390645,0.6698839085226409,0.7706679325173548,0.9981002625751724,0.9991780689455104,0.6661970170040187,0.7783614921091627,0.998226328257518,0.7152437067155967,0.844601447721079,0.8926811535380124,0.6698839085226409,0.7184004965818209,0.7940559099068625,0.6975672862692344,0.6662773197203673,0.7299661174578513,0.843058331813114,0.6854412560293026,0.724674560883651,0.7574170849993163,0.6698839085226409,0.7239441999529879,0.9981002625751724,0.7200505164189749,0.6661970170040187,0.7558607538350407,0.9981002625751724,0.7238004241522963,0.6842981664456844,0.7048226337324923,0.6698839085226409,0.7228538737619413,0.9991780689455104,0.7878406139644102,0.66608754708637,0.7684626501450185,0.8301558779354163,0.6861897229125107,0.6825483372571325,0.8926811535380124,0.6698839085226409,0.7591899002215204,0.7182675940925328,0.7479860858143754
436_UCR_id_134_Medical_tr_1875_1st_4526,0.737801159263474,0.7144566939269681,0.7626794190585401,0.9949907009553752,0.7576649361712994,0.7872931547694919,0.6949242591982777,0.7140439419054896,0.7504331604118528,0.6846826238429632,0.7806456024554557,0.9949907009553752,0.6930151287861768,0.7782931884682357,0.8994737792862773,0.7734212425107324,0.785292490750968,0.682420380203935,0.8000604137024442,0.6756893084371206,0.7895870230909942,0.7745573013720992,0.6688678818999131,0.902031102343116,0.8139254928714184,0.6689569154749512,0.6735080935542357,0.8921642763785053,0.9949907009553752,0.6667585024013309,0.8229378742982228,0.8018413737423451,0.6890498387227025,0.7094782888373121,0.8886261222200215,0.6694455094666487,0.6774603577613604,0.7140439419054896,0.9949907009553752,0.7866247502887844,0.8229378742982228,0.9949907009553752,0.7460333121440796,0.6916557255925451,0.7096849686696233,0.711781624696295,0.7332127451540693,0.7121263849675438,0.669940826781117,0.6643312076622413,0.8229378742982228,0.9949907009553752,0.9949907009553752,0.7707837501832688,0.9949907009553752,0.6997492038346199,0.8248814744398193,0.7403206919997354,0.8267395322747401,0.6714961181657441,0.8064895593953586,0.7692410387713954,0.9741279985890572,0.7435597981698159,0.9949907009553752,0.6662819262681843,0.713781198005065,0.9200925770359624,0.7040061090075516,0.6752519529026694
437_UCR_id_135_Medical_tr_2499_1st_8000,0.8395761135773647,0.7111528754446295,0.8011512358519937,0.681735867199381,0.7835688733991393,0.6708129155151149,0.6983461740476956,0.8735773465447562,0.9998173088873792,0.7602836421012176,0.8218188693288454,0.777245722359951,0.7283842142433635,0.6661822880139037,0.6664489061092638,0.7323610372029113,0.700272689044604,0.7060606286962392,0.8615681604262558,0.8142366566505458,0.8218188693288454,0.8902020968483829,0.8121821826878245,0.7036415835918913,0.7835688733991393,0.678237589190059,0.6842745499119467,0.8655292009158438,0.76846917819949,0.8673557315182684,0.8439482281771856,0.987452039269494,0.9998173088873792,0.7036816373808643,0.7495787187958832,0.7219977905764416,0.7165657678659938,0.8844309520599016,0.7014587955371956,0.9998173088873792,0.8310043124970933,0.8422435214287802,0.7822285385295372,0.8005872454874408,0.7849898676227313,0.6783823149803508,0.7568985707373145,0.7629755644572466,0.9998173088873792,0.9422912397232078,0.8310043124970933,0.7805136299861338,0.9998173088873792,0.7108819841712094,0.703433537973839,0.6992313807321663,0.6985381482929596,0.8735773465447562,0.9998173088873792,0.9998173088873792,0.8470845631135734,0.7860960931715937,0.9998173088873792,0.7745126061463382,0.703433537973839,0.6851713696743955,0.6853412067547405,0.8735773465447562,0.8254845988952902,0.9998173088873792
439_UCR_id_137_HumanActivity_tr_48750_1st_110800,0.673838459184395,0.8637653580037608,0.999822192996484,0.6921296028708469,0.6923320895878857,0.7161210669055599,0.6861044885416878,0.6907093805806604,0.6893558365598572,0.999822192996484,0.7823876783627401,0.999822192996484,0.8589965928688079,0.7293083561653075,0.8191193862998898,0.698917045460537,0.6985562245936281,0.7834896413285838,0.73474274988213,0.999822192996484,0.6758730558407051,0.999822192996484,0.6874945625446383,0.7851350055178242,0.8186256053310073,0.7348022866346838,0.6962634623515399,0.7213983997630435,0.7112888478077715,0.999822192996484,0.7017340883057088,0.999822192996484,0.999822192996484,0.8099399106024397,0.7026461860841239,0.734233694831392,0.738331852988791,0.7438478225381684,0.6855971188270716,0.999822192996484,0.7601911585023737,0.999822192996484,0.8023245047341653,0.6955161943860457,0.7011661270647161,0.8101541435119166,0.7570871408911719,0.7289363298009366,0.9246221906195398,0.7231235327759693,0.968148460382851,0.999822192996484,0.999822192996484,0.7310912237228866,0.6909870041212229,0.7344084925211637,0.7159342403375161,0.7400527048963952,0.6991767623196641,0.999822192996484,0.807365104632091,0.999822192996484,0.999822192996484,0.9118916739584852,0.6957580981052046,0.7764213098416983,0.7340618040401232,0.7175195192693998,0.6898335874205583,0.7161776464998693
445_UCR_id_143_Environment_tr_6166_1st_19280,0.9216054166403672,0.8236864469650323,0.6927475831603612,0.9960845114558056,0.7563411029428488,0.6950324228777854,0.9614596434762024,0.6914911564902794,0.7634401757429219,0.8490297365315378,0.8342491094002278,0.8029740658777211,0.6671978557203906,0.9960845114558056,0.6773635267712806,0.6749137311201822,0.8259101155850284,0.6819026274397993,0.7303440419554939,0.6863823967693823,0.823734970107852,0.8015729846800353,0.6657504241353608,0.9960845114558056,0.7004375967907881,0.6736051811321462,0.6746369080667055,0.6780362553822866,0.8963579807704016,0.6875330027960119,0.9098587055800924,0.803050146812783,0.6662977804521165,0.9960845114558056,0.7560648245416308,0.916921418154382,0.7479744295565643,0.6840297811275825,0.8376613859500125,0.6870058502503631,0.9001181042180278,0.8266364300917335,0.6989241159602362,0.9960845114558056,0.9331367924705514,0.7562070917006736,0.7607317778300415,0.6822737237788976,0.7294251922629728,0.7076272886364003,0.8312678570559975,0.7993148673160402,0.6816017887164765,0.9960845114558056,0.8905128581224948,0.7626773358424329,0.7384874969689065,0.6797552186457015,0.8164750436166681,0.729129232845652,0.9098587055800924,0.8015729846800353,0.6892899607959118,0.9960845114558056,0.6774332507189829,0.6982130827335973,0.6781780669286552,0.6831356350343877,0.752684417236016,0.7119957884672343
449_UCR_id_147_Sensor_tr_2847_1st_9330,0.8179078308882293,0.9996313992703768,0.6763928745082689,0.7127475065616794,0.7076328341292014,0.6809998763447825,0.99244719311964,0.9378867791345246,0.9996313992703768,0.9996313992703768,0.9381972852905734,0.9996313992703768,0.745637355707682,0.9338644540715172,0.7038361936788227,0.9259443700105336,0.6809450366421393,0.6897453580747044,0.7367926826230283,0.9996313992703768,0.851037140189715,0.9996313992703768,0.9996313992703768,0.6806528161480652,0.8060017873406863,0.9498291879160228,0.874556745073768,0.9182423257313984,0.9378867791345246,0.6978409564161182,0.938705505140833,0.9996313992703768,0.9996313992703768,0.9996313992703768,0.9060403540060046,0.6792235663171947,0.8707721192481667,0.7670763154171054,0.9182423257313984,0.9996313992703768,0.8862683251195717,0.9996313992703768,0.9996313992703768,0.700500828476315,0.7391252180219043,0.7050063831913768,0.669976811200665,0.9378867791345246,0.9996313992703768,0.9996313992703768,0.833585878990676,0.9996313992703768,0.9996313992703768,0.9996313992703768,0.8930273642009867,0.7242170208714438,0.675676584717173,0.9378867791345246,0.9378867791345246,0.9996313992703768,0.8321717248250384,0.9996313992703768,0.9996313992703768,0.9996313992703768,0.9060403540060046,0.6824929775094654,0.6930391651462947,0.9378867791345246,0.9182423257313984,0.9996313992703768
452_UCR_id_150_Facility_tr_10000_1st_35774,0.820157317320799,0.6852639634306926,0.999003674991174,0.8239655559813559,0.7478675742279546,0.7713987674884277,0.6548922409998309,0.8800999684379295,0.7089519799952245,0.999003674991174,0.8153123886578749,0.7198296183372617,0.999003674991174,0.7813919311423669,0.6666856850806281,0.7855028687733614,0.6722333520242539,0.8800999684379295,0.7391380199029072,0.9992407573212204,0.8347196716308547,0.6919084655207837,0.9992407573212204,0.8308624583453408,0.7434916758668478,0.7538418129793935,0.6722333520242539,0.8202293406809353,0.8800999684379295,0.9992407573212204,0.8067811289557862,0.6891734306872414,0.9992407573212204,0.7599649393565117,0.7290146555985973,0.7728736232573977,0.6629476297303157,0.999297506849808,0.8787666350567077,0.9992407573212204,0.8440614120750561,0.8030055143156588,0.999003674991174,0.8186940372615565,0.93223330353631,0.7779956638283162,0.6629476297303157,0.8787666350567077,0.8774333016753405,0.999003674991174,0.8389219982451415,0.6906078779296655,0.9997179204535672,0.7221920556674793,0.729245525576827,0.7776767066089962,0.6629476297303157,0.8787666350567077,0.7134923271139051,0.9997179204535672,0.8293825295205058,0.8920072755737584,0.9997179204535672,0.8055666321843832,0.7465641201308612,0.7661002956509211,0.6629476297303157,0.9680408265459028,0.8774333016753405,0.999003674991174
459_UCR_id_157_HumanActivity_tr_50000_1st_110260,0.6987715441095429,0.8224641788747248,0.7145075283479493,0.8786866350538298,0.8786866350538298,0.8601294092977367,0.7068957095658542,0.6903643112373595,0.6971181199189402,0.7402540525265483,0.7506433105048854,0.8433904078279557,0.7627982508229907,0.7062738361142645,0.8203305736304735,0.992019971998772,0.7281826745774839,0.8156466326105252,0.7115944304979883,0.9899346652914176,0.6816754314028769,0.8936466355830411,0.7579650928461485,0.7188780272952671,0.740499565992524,0.8060199655371105,0.7407181250663568,0.6948330113073231,0.704303885869474,0.7337793815818665,0.7145345811681895,0.816979965999439,0.7275273613089505,0.7138952895935291,0.7243218559665564,0.8257468989300552,0.7493892522104242,0.7902003412925169,0.6928426257557014,0.9430349825782705,0.725552247105656,0.8642280650345958,0.9999617529231816,0.7591659472374555,0.7783132976436219,0.7609498664663803,0.7753520976084551,0.8156466326105252,0.6921921725386067,0.8578469121588732,0.9670898061202152,0.7184981975005181,0.7136099186543271,0.7799769988460417,0.7670413827481943,0.8060199655371105,0.7118713449162702,0.7133241721427385,0.6972775488534677,0.7274025931452508,0.92777826336248,0.7653997504678873,0.7115739403737258,0.7575667695025389,0.7159518336312809,0.8060199655371105,0.7644432012233384,0.7075577523541531,0.7071625034958743,0.7325204814195959
463_UCR_id_161_Environment_tr_2046_1st_6006,0.8386876083826887,0.9964664515514604,0.9964664515514604,0.7030733832008388,0.6886263063278967,0.7612491884854126,0.6773445941045526,0.7615119858878567,0.9964664515514604,0.9964664515514604,0.8141695300484264,0.9964664515514604,0.7012002047576978,0.7176924410770268,0.7923519940369598,0.8766691681367564,0.6773445941045526,0.9750726332503352,0.9750726332503352,0.8088937625237804,0.9012621358845128,0.9964664515514604,0.9964664515514604,0.8008203882042182,0.6969548291686256,0.8766691681367564,0.6773445941045526,0.9964664515514604,0.6995070078168002,0.9964664515514604,0.886942149130994,0.9964664515514604,0.9964664515514604,0.7194786866467715,0.9964664515514604,0.8766691681367564,0.6773445941045526,0.9964664515514604,0.9964664515514604,0.9964664515514604,0.8292817900949206,0.9964664515514604,0.8478050898770115,0.8960256300374346,0.8561666983970736,0.8766691681367564,0.6773445941045526,0.9964664515514604,0.9904248560121264,0.9153579368601432,0.8705409849669267,0.9964664515514604,0.9964664515514604,0.991364596209932,0.9964664515514604,0.8766691681367564,0.6773445941045526,0.7509217307692937,0.8171448072960459,0.7462224511738784,0.8217114231287806,0.9964664515514604,0.9964664515514604,0.7957684542509583,0.826723814140501,0.7612491884854126,0.6773445941045526,0.8237595541885369,0.8100512399179305,0.9964664515514604
467_UCR_id_165_Environment_tr_6166_1st_19280,0.9306051612350276,0.7564729632895493,0.9267374810015456,0.9990331053756688,0.6690140283669725,0.7493256723815944,0.913266685629076,0.6685126798590338,0.687698983703443,0.8044782934696871,0.8204430009841903,0.7903032652245359,0.666242223627825,0.9990331053756688,0.8189132253348951,0.7061452627645465,0.7075386211429542,0.6901733467826459,0.7409106697299902,0.6920449975203045,0.8956563947664251,0.7869374548961346,0.6929507346210543,0.9960845114558056,0.7431330239824673,0.7161576798391356,0.7482481063042308,0.6883591131194036,0.7899521561370489,0.7006030805457,0.8246756806726903,0.7980379836033669,0.6841257964074259,0.9990331053756688,0.7425509662188948,0.785178081035319,0.7817932430284796,0.686577049229382,0.7840132232973481,0.6972381125875452,0.8321457233484716,0.774370123185018,0.666229515756198,0.9960845114558056,0.798008630198304,0.9776750146859624,0.726341813102527,0.6806477119646525,0.69733252945948,0.7087777051098351,0.8241859878544557,0.8085216745548017,0.870414520361104,0.9960845114558056,0.7614391747493292,0.7183102946696875,0.7818941415847418,0.6800203255029316,0.7544259642339572,0.7531890168158512,0.8369937151439157,0.7982151986536763,0.6977990348443422,0.9990331053756688,0.690293355529051,0.7279324310637126,0.7416361111724791,0.6797464322743015,0.7400527220926725,0.7463437083125298
471_UCR_id_169_Facility_tr_10000_1st_35774,0.8183463808073959,0.6687108221621495,0.9993954680953072,0.887449909541069,0.887449909541069,0.8143929748995816,0.8421165713380958,0.6892391404921535,0.7380965600255781,0.9993954680953072,0.8076749535345469,0.6683189900729697,0.7020791629031802,0.6974249712235081,0.6715376999025188,0.8563955405576397,0.8885832429897773,0.7741292469597094,0.7945165656269004,0.9993954680953072,0.8850791577858937,0.7157113896116871,0.862120197574659,0.6800591367231927,0.6888913395074535,0.7770919181729986,0.8262499028408131,0.71762792703667,0.7462616207581468,0.9993954680953072,0.8148412256508264,0.669432113255045,0.7784628588025019,0.676433513871628,0.8983836992841563,0.7762450605692036,0.8356148530768899,0.6991025005156181,0.8086609241590587,0.9993954680953072,0.9082645791120256,0.6693451998589025,0.9993954680953072,0.84664990518186,0.739591738361937,0.7298692575421925,0.876256950519149,0.8815541739560854,0.7015688330019705,0.9993954680953072,0.9303152283518616,0.8163086926441665,0.9993954680953072,0.7239204525774976,0.9306499137400976,0.7590428683336178,0.7845745770828569,0.8815541739560854,0.7971270338037141,0.7980645509034031,0.8325000289092228,0.6717049489870061,0.9993954680953072,0.6961801771444153,0.6754321040466048,0.7493382846750942,0.8885832429897773,0.80023912925841,0.8349483952281086,0.9993954680953072
473_UCR_id_171_HumanActivity_tr_2617_1st_7290,0.8204386616538657,0.8803921218290189,0.7571475609056854,0.7560575593277968,0.7838965630273296,0.7181245148138419,0.6659118699519155,0.6899645400784177,0.7408472058340844,0.7725385091569154,0.8399406958279791,0.7756184158884208,0.7053507188290019,0.9494327660293024,0.8220603905786797,0.7563671140600724,0.6708723225055072,0.7390232827803384,0.7320759829542229,0.7043211475208857,0.8360354999399041,0.8245422477826343,0.7014195557554196,0.7606732104968803,0.829702733678814,0.7556516855217034,0.6659118699519155,0.7201961813541268,0.7126259228832518,0.8079410420923835,0.8347441063222731,0.7286414728176126,0.6889560270360902,0.7271588662428541,0.9137685027631832,0.8703477096667878,0.6659118699519155,0.6913886815695334,0.7020037150076384,0.710723348661599,0.7903472987162101,0.794704833506227,0.8689812580691948,0.8882940281819721,0.7033545355156451,0.9137685027631832,0.6664310769079613,0.848044356784951,0.8933889231562889,0.8218920105190888,0.8244428962430453,0.7889435694607013,0.781810715451796,0.690870450626424,0.829702733678814,0.9137685027631832,0.6664310769079613,0.8913509651701343,0.8933889231562889,0.781810715451796,0.945489767746415,0.7978225750882373,0.781810715451796,0.7018151388215025,0.6968899595921977,0.7985575604738729,0.6659118699519155,0.691225166264601,0.8053383710487915,0.7094137505393541
474_UCR_id_172_Environment_tr_2046_1st_6520,0.711696845038508,0.7787735068473098,0.9990752777226112,0.9990752777226112,0.7749093547799091,0.7782615161715427,0.8185813268649302,0.8049940104210953,0.7444315568168508,0.7889126273813605,0.7326580677927621,0.7695066665478049,0.7321342088474444,0.7922844274318458,0.7877447222656294,0.6809837135616846,0.8855181592082898,0.6830635115696404,0.6791512821388194,0.6815707692679864,0.7326580677927621,0.7019951431121088,0.7255448050674764,0.979810007675352,0.8291832521166896,0.9195922835520612,0.6798055279350732,0.906497678676711,0.807436282293988,0.798426153823174,0.7326580677927621,0.9137271364018202,0.7255448050674764,0.6910794116791434,0.7226204782111353,0.7738563447496601,0.9902998493721475,0.910873222502907,0.9990752777226112,0.7003951872871628,0.7326580677927621,0.6769606889786671,0.6953778896608941,0.980198772913967,0.7723117171215398,0.8531809187441536,0.7850382452479048,0.758781864469439,0.9844347083686702,0.7280319292249446,0.7326580677927621,0.6834860773166236,0.9990752777226112,0.7371561097557299,0.9990752777226112,0.8144737266992056,0.7473272449094422,0.7786936711577508,0.7552744955202315,0.7043087755459598,0.7326580677927621,0.6801317372502825,0.7410873308555661,0.9844347083686702,0.6810267673738084,0.7047175589759763,0.829077174550623,0.7038941334885354,0.9844347083686702,0.9990752777226112
493_UCR_id_191_Sensor_tr_2847_1st_9330,0.8249585276630569,0.9996313992703768,0.9996313992703768,0.8053494317124982,0.6895514863954951,0.8542899072698962,0.7504551372728806,0.8024418690066402,0.9996313992703768,0.9996313992703768,0.883886850503743,0.9996313992703768,0.9996313992703768,0.990923685289559,0.7119280772533603,0.8542899072698962,0.7516137209797585,0.7062779795341396,0.778016465979216,0.9996313992703768,0.8214373158776951,0.9996313992703768,0.9996313992703768,0.9996313992703768,0.7253805792174609,0.8542899072698962,0.731314753838546,0.8764879946122971,0.9996313992703768,0.9996313992703768,0.9580237061680956,0.9996313992703768,0.9996313992703768,0.7866162330068467,0.7306204386788454,0.7220355175129789,0.698288731948323,0.7070001211928406,0.9996313992703768,0.9996313992703768,0.8862342672152561,0.9996313992703768,0.9996313992703768,0.762838624236115,0.7647470300609158,0.8252534538803544,0.7735029930688206,0.7070001211928406,0.9996313992703768,0.9996313992703768,0.8350267890236085,0.9996313992703768,0.9996313992703768,0.938160463942782,0.8564532661402674,0.7822243017438268,0.7204556842449844,0.9378867791345246,0.9996313992703768,0.9996313992703768,0.8772890067659307,0.9996313992703768,0.9996313992703768,0.6942802914458974,0.6904859720323558,0.8469515255208234,0.7582550228712581,0.7111875933159798,0.9996313992703768,0.9996313992703768
494_UCR_id_192_Facility_tr_22500_1st_72150,0.9065489900519268,0.8145326238015081,0.7234215232127128,0.8399549535248773,0.8399549535248773,0.7513029540894367,0.7404233978297382,0.6663242326468378,0.7392087823075295,0.8541771857710246,0.976644528514138,0.8521766066034243,0.7487525958005318,0.997964149542823,0.7147443363926511,0.7574161429346827,0.7683549514496106,0.6755602663251934,0.7335642668690494,0.7486771340273264,0.8256618008984955,0.7772024329213917,0.8541771857710246,0.7693218669330386,0.8053843422428121,0.8333551126078783,0.7486914256441626,0.6671355759626018,0.6667450211876683,0.7648085389924775,0.8636888713207576,0.999240970204454,0.8541771857710246,0.7703545142566618,0.8452558866289349,0.7094821221579637,0.805910483648596,0.6669736224930166,0.696899800520344,0.7117404005382358,0.9065489900519268,0.999240970204454,0.698006982991074,0.8163864350187507,0.9992285841202035,0.997964149542823,0.997840779910312,0.7859993566424773,0.6674412060936992,0.7150873940663638,0.9422060338640484,0.999240970204454,0.6868281858002951,0.8598474714888632,0.9992285841202035,0.997964149542823,0.7333097436408947,0.667832794980275,0.7465734189668514,0.8541771857710246,0.918843078275882,0.7225184890100343,0.723303223820373,0.8996883268290268,0.8399549535248773,0.8183346101235541,0.84680852819248,0.6666449271913396,0.6888413177532061,0.7510183672659112
495_UCR_id_193_Environment_tr_2046_1st_6520,0.8362617400128162,0.7081728829066583,0.8770922013661795,0.8221407793568922,0.739728067473513,0.8714557458124668,0.6651837447058883,0.8603772020280375,0.6749022562851962,0.7065646259932603,0.8340791034397667,0.7968194298653569,0.7092800053824061,0.7038324977738604,0.7949124860713862,0.8714557458124668,0.6651837447058883,0.7454669036166484,0.6664203276882773,0.7745269627096097,0.8193953301478124,0.709270533684839,0.9092530988133,0.7420432890475277,0.7633525744017761,0.9613873840713464,0.6655335851673065,0.9979879087821016,0.7045812929569567,0.9996604690958965,0.855487714000484,0.8222376640293708,0.9979879087821016,0.7602913424345445,0.7529505248144952,0.9613873840713464,0.6655335851673065,0.7178041851880742,0.7059151785566268,0.9995544882591352,0.8251096803435456,0.832747296463572,0.7223641929868713,0.8055566456653133,0.834261069433121,0.9613873840713464,0.6655335851673065,0.8603772020280375,0.8603772020280375,0.9979879087821016,0.8234036937615465,0.7150124524636439,0.7579707190581635,0.7598139328344601,0.8368320502312063,0.9613873840713464,0.6651837447058883,0.6945408602949471,0.7466553035384946,0.9979879087821016,0.832582997369866,0.7109141133507795,0.7327938753036788,0.9979879087821016,0.7768605205260309,0.9613873840713464,0.675380884382013,0.700044468106149,0.8603772020280375,0.9979879087821016
496_UCR_id_194_Environment_tr_2046_1st_5391,0.7656859410571573,0.7829397418357023,0.7978086674001825,0.7247607034206421,0.9995925352457008,0.9215496793463932,0.2942616991040356,0.6809926465677376,0.9995925352457008,0.7561537060242552,0.8328113404880442,0.9995925352457008,0.7607541249086988,0.9995925352457008,0.6743587897668142,0.7691587847999728,0.2942616991040356,0.6890590190640968,0.6889010831175809,0.7422612883265182,0.9021811411390314,0.9995925352457008,0.7485813313398344,0.9995925352457008,0.7384647004418863,0.9995925352457008,0.2942616991040356,0.6679901543462613,0.7128567534128794,0.7788080441054043,0.7769591613998531,0.9995925352457008,0.8753045413119763,0.7774126083059452,0.7790339157245627,0.80111333561209,0.6851554176746393,0.6854610980233078,0.7385511217674254,0.7855970699624111,0.8553591439864967,0.9995925352457008,0.80514743260334,0.7260273972602735,0.6664142401526864,0.8526030470137391,0.2942616991040356,0.7058856803461826,0.7395656861235171,0.7318730778895094,0.865098184051259,0.9995925352457008,0.80514743260334,0.779054154856034,0.7776560788608976,0.997304582210242,0.6851554176746393,0.6965861001553275,0.7176433719837036,0.7411363506151554,0.9466786397939356,0.9995925352457008,0.7781488480927156,0.9995925352457008,0.8318584070796455,0.997304582210242,0.6851554176746393,0.6694658510835333,0.7380257632908684,0.7870061147760024
499_UCR_id_197_Environment_tr_2046_1st_5703,0.7978782140636136,0.7511032999926055,0.7318145273079466,0.6665739752293356,0.6669378604406071,0.7317882154063434,0.682636923141564,0.8750399715499019,0.6904472787679538,0.7368290618542599,0.8096438302352442,0.7116444185923638,0.8007486010964495,0.735580720576969,0.7473138312434051,0.7074605648139872,0.6903454684217645,0.6857550310300005,0.7046416114585264,0.8413474710706369,0.9511427203634488,0.7371560726434103,0.9239158669935508,0.6708066309547595,0.6671681396549825,0.7740297715786741,0.682636923141564,0.7294700927683601,0.6732966937075059,0.999558564860404,0.7963397020637213,0.7045988315258779,0.8007486010964495,0.6871920261396072,0.6678297370277951,0.7740297715786741,0.682636923141564,0.70699474620265,0.6986959509999567,0.999558564860404,0.803006515525553,0.7521096337958735,0.999558564860404,0.8105017005133595,0.891983615801556,0.7199573090404522,0.682636923141564,0.8750399715499019,0.91151129454987,0.999558564860404,0.8481155393033929,0.8073305911544172,0.8007486010964495,0.6683576491503809,0.6753371272179123,0.7740297715786741,0.682636923141564,0.7426502352014672,0.8750399715499019,0.7400586322754147,0.9108253653374816,0.7167029711851419,0.8021796875504762,0.684296363111241,0.6667403474013552,0.7740297715786741,0.682636923141564,0.8121021483952928,0.7173535349647386,0.7466756563357404
500_UCR_id_198_Facility_tr_7482_1st_23357,0.8774711487192537,0.6662051969212148,0.6662486350000081,0.9991359391717024,0.6665598584537509,0.9999236039356212,0.999472485138182,0.6663463603333469,0.6667479696248323,0.6662051969212148,0.8725174888458268,0.6661979569663327,0.6664259777949579,0.9998771138004166,0.6662253326324464,0.9999404788347804,0.6688510765980261,0.6664223590256586,0.6665417680437056,0.996654746082874,0.817916893741909,0.6662051969212148,0.666310167435275,0.9998771138004166,0.8557397515193997,0.9999404788347804,0.6663644560457564,0.6664078837520625,0.6667805219397289,0.6662051969212148,0.8559879497437561,0.6664605414285999,0.6664585458348891,0.9999087973212888,0.9995601681437692,0.9999404788347804,0.6662377757455608,0.6663861702524536,0.6667479696248323,0.666241395516691,0.817916893741909,0.6661979569663327,0.6663318834098444,0.9998771138004166,0.9982307734357436,0.9999404788347804,0.908859523935389,0.6667262671984339,0.6667262671984339,0.6662124367974998,0.8797459009196196,0.6662051969212148,0.6666105089906633,0.9998771138004166,0.8570867740187146,0.9999404788347804,0.6670491873684196,0.666250671090531,0.6665417680437056,0.6662051969212148,0.8415554764811403,0.6662051969212148,0.6664440713468635,0.9998771138004166,0.903388062766982,0.9999236039356212,0.6665058366994383,0.6665417680437056,0.6667479696248323,0.6662051969212148
504_UCR_id_202_Environment_tr_2046_1st_5549,0.798340942346383,0.9994830586546198,0.8384976002636079,0.9074132056328938,0.8039919180253474,0.9985553995764768,0.4934929338774552,0.6906264735940727,0.9987595961380956,0.999711413429121,0.9373140285198408,0.9994830586546198,0.9996265033241198,0.781849917005762,0.8801043593640576,0.9985553995764768,0.4934929338774552,0.6684817374155376,0.984121239550968,0.9985553995764768,0.8985525738028575,0.9994830586546198,0.999303713415234,0.831390038487946,0.7552147582219859,0.6883367239380295,0.4934929338774552,0.7535265268744237,0.8235601716199048,0.9994830586546198,0.9401803832072292,0.9994830586546198,0.9985553995764768,0.8001125369943679,0.8150219568994604,0.713958342711941,0.6753441282480442,0.7135542164398986,0.7111610370036816,0.999294339141478,0.8765433267987685,0.9994830586546198,0.8869754859196731,0.8225573664352709,0.6696730952805771,0.7324369168520777,0.4934929338774552,0.7354344231236604,0.8450935077963955,0.998283007898163,0.8746468411938857,0.9994830586546198,0.9287715859646908,0.738577432510091,0.7119589149922037,0.7335183911801912,0.4934929338774552,0.6894105870886663,0.8336284496852967,0.9991677395466382,0.8322218609855294,0.9994830586546198,0.9987595961380956,0.8046586735494632,0.9838702932945192,0.9985553995764768,0.6753441282480442,0.6922981018994754,0.8630556105191891,0.9994830586546198
506_UCR_id_204_Environment_tr_2046_1st_5549,0.7841483535627781,0.9987595961380956,0.999711413429121,0.7789673406428995,0.6796290665912331,0.6640512497807294,0.4934929338774552,0.8287707861701019,0.9987595961380956,0.999711413429121,0.8107741961398702,0.9994830586546198,0.9996265033241198,0.7651938720087855,0.666914804519317,0.6686896139218222,0.4934929338774552,0.7150437037515882,0.9561427993317498,0.8592647339022981,0.9350085982857828,0.9994830586546198,0.8732110701228313,0.7696962203724633,0.6660666620114168,0.6670593633076723,0.6753441282480442,0.8287707861701019,0.834426376051746,0.9991677395466382,0.937892935295314,0.9994830586546198,0.9991677395466382,0.7795896443257343,0.7276554967866907,0.7955943460597346,0.6753441282480442,0.8579664117921184,0.7841822843509114,0.9991677395466382,0.7998798459731574,0.9994830586546198,0.8367930199208968,0.7384192294682586,0.6662672122441546,0.6670593633076723,0.6753441282480442,0.7297832566266939,0.7720661820899114,0.9987595961380956,0.7862207666416368,0.9994830586546198,0.9344036286993788,0.8037289506607375,0.6698896465848321,0.6670593633076723,0.6753441282480442,0.7282709063400336,0.9987595961380956,0.998283007898163,0.8866567481646466,0.9994830586546198,0.999711413429121,0.8348992364832385,0.6834622483106279,0.6640512497807294,0.4934929338774552,0.7534335757489556,0.8451102039307746,0.9991677395466382
516_UCR_id_214_HumanActivity_tr_2108_1st_4702,0.6756540928618907,0.6746462745606197,0.9339019239431672,0.672997846164574,0.6761203558894046,0.9996678213828116,0.6657320132019328,0.9996678213828116,0.8167401281410456,0.9054389047992408,0.75973188321593,0.6973400116152486,0.8362806617227604,0.7751220408425299,0.7544917321767411,0.9996678213828116,0.6657320132019328,0.9015493642742992,0.8935177156908782,0.7103565976363955,0.7868956137391779,0.9339019239431672,0.9996678213828116,0.6843460605836748,0.7657190192727107,0.9996678213828116,0.6657320132019328,0.9996678213828116,0.6985512018439245,0.9996678213828116,0.6669343993635592,0.6724649424009611,0.9996678213828116,0.8842497674458581,0.8246581434595983,0.9996678213828116,0.6657320132019328,0.9996678213828116,0.7862503118822327,0.9996678213828116,0.6797100531164257,0.7218717376719307,0.9996678213828116,0.6815826153041022,0.8527693077264789,0.9996678213828116,0.6657320132019328,0.9996678213828116,0.9996678213828116,0.9996678213828116,0.6669343993635592,0.670843009694271,0.9996678213828116,0.7507277377983039,0.9380132488250772,0.9996678213828116,0.6657320132019328,0.9996678213828116,0.7266716102535893,0.9996678213828116,0.897112282600702,0.6702891041423745,0.9996678213828116,0.775766344189037,0.6779873446599395,0.9996678213828116,0.6657320132019328,0.9996678213828116,0.6814268870700543,0.9996678213828116
517_UCR_id_215_Facility_tr_7482_1st_24005,0.8308239605650699,0.6661522529370237,0.6663658132043913,0.6661452386751012,0.6664092408223113,0.6736147681970003,0.6660800703927187,0.6663658132043913,0.6666950687226388,0.6661522529370237,0.8737324986469911,0.6664075420553125,0.6663730513371262,0.6661633398457337,0.7444903106007651,0.8354486324694451,0.748735735316424,0.6660834647312853,0.6662789494828253,0.7608354568539581,0.8088476288015245,0.6661341514654725,0.6778862415443918,0.6665648332304618,0.8658596400654002,0.6667068264546457,0.7204561051425412,0.6660653613926419,0.6664888507765496,0.6661450124073593,0.8378028856954303,0.6661522529370237,0.666351336703213,0.6664092408223113,0.998361940683947,0.7510453802506745,0.9997518452256812,0.6663549558579714,0.6666950687226388,0.6661522529370237,0.8521060395189424,0.6661450124073593,0.9997518452256812,0.6661452386751012,0.6682314385792094,0.6666901567091728,0.8011190023813831,0.6663658132043913,0.6666950687226388,0.6661124290510775,0.8640824386224497,0.6663802893912935,0.7087629838392773,0.7982086379566335,0.6667205588908007,0.6666552772436264,0.6663115247044042,0.6660834647312853,0.6666950687226388,0.6662717103285939,0.8278063235518703,0.666932129226279,0.6662717103285939,0.7982086379566335,0.6661452386751012,0.6666552772436264,0.6663115247044042,0.6661088085798921,0.6663911463252328,0.6661522529370237
525_UCR_id_223_Facility_tr_50000_1st_250720,0.7839901721264074,0.6708226730543723,0.7655176566092123,0.6780929308708923,0.8214199628163276,0.7527917079177326,0.7168328343851194,0.7688658342836934,0.6666524495774285,0.7688658342836934,0.7574116650563962,0.6792786197827204,0.7688658342836934,0.8465310742795479,0.6913487954873586,0.8933704199497818,0.981444403100974,0.6666512383856785,0.6899212134516758,0.8095401213296048,0.7857757271223597,0.96492717825221,0.8597421717831248,0.6790853433330521,0.8154987515142517,0.7632956314238478,0.8137034986390358,0.7688658342836934,0.6666378616951495,0.9994429144448458,0.7581118387325723,0.669972858278421,0.7273685154055061,0.667162049540572,0.8592499545824897,0.6667337587366073,0.7291885095708962,0.7688658342836934,0.6666380754393186,0.9146539020307576,0.7686652161030895,0.6756426398557598,0.7449428716930897,0.6673239542804775,0.8658625367332056,0.7775356492889535,0.6776113734493558,0.7978697570766541,0.781686767896038,0.8668877159932137,0.8033037574673282,0.986701929263554,0.9590922440916432,0.745301669002214,0.9463769618436312,0.7367329595824147,0.7552006004136976,0.7978697570766541,0.6666524495774285,0.7446227938149235,0.7649810340188054,0.9666319604929172,0.770706169609416,0.6671246132756522,0.857420221313205,0.8266383501554981,0.7188915183710798,0.7688658342836934,0.6678795620752427,0.8854035688753393
526_UCR_id_224_Sensor_tr_2827_1st_4711,0.6576702713545937,0.6995984360915954,0.6808968736390331,0.9927878937009024,0.7064358852870997,0.8150564465930358,0.9761220696348932,0.9358628767324672,0.9973292316442162,0.9927878937009024,0.6571019247082204,0.9927878937009024,0.9927878937009024,0.9003317486517013,0.8573380252891439,0.997802404513119,0.6741818575965742,0.9927878937009024,0.8340502971114377,0.897686340414176,0.6649137410495602,0.8094750702872422,0.9973292316442162,0.7841750544910389,0.7583722405156913,0.997802404513119,0.780123315100792,0.7292627630355155,0.9358628767324672,0.9927878937009024,0.6576702713545937,0.9927878937009024,0.9927878937009024,0.9136293686610812,0.7698036313345225,0.872199410585238,0.8886701697187505,0.895942753395163,0.787972977011328,0.9927878937009024,0.6648803643959789,0.9927878937009024,0.9973292316442162,0.9181683699430396,0.9987414064624662,0.8398172215646565,0.6712023264882168,0.9221712175112218,0.9963210587235825,0.9927878937009024,0.6563042599913615,0.9927878937009024,0.9963210587235825,0.9927878937009024,0.9390132379349218,0.7055928394935682,0.8088748014823153,0.812931542270353,0.8170990882056922,0.9927878937009024,0.6623785074371483,0.8604128204873783,0.9973292316442162,0.9927878937009024,0.8084719450452673,0.8171193474910572,0.8088748014823153,0.8491183118856285,0.9973292316442162,0.9927878937009024
530_UCR_id_228_HumanActivity_tr_16250_1st_38500,0.7173296859617756,0.709424893543906,0.8054162904377431,0.6934346592943995,0.7134694958290012,0.7493868637803304,0.7536282272536637,0.7737879433605097,0.8602330092301675,0.8003510712488936,0.8719316333360101,0.6899179590400759,0.998752462683846,0.7569708055522802,0.802676262434149,0.6822602653296486,0.9650129828625946,0.6668094578471491,0.6749280845717388,0.8784096527256963,0.9381280885279972,0.671945648919817,0.998752462683846,0.8355384511509343,0.7045287740383491,0.6881065815230447,0.991968696193467,0.669629736367015,0.6815528235526608,0.9095880244714364,0.8043493809853873,0.673206431093743,0.998752462683846,0.7086520693914166,0.8518143995171845,0.6816823423508318,0.818000827451449,0.6980624878678784,0.6932370941460921,0.8871070945418136,0.958346016697786,0.702601412959176,0.829336509305257,0.7648613259123632,0.7504818734968622,0.7603525827144617,0.9599686783737036,0.6783580825528898,0.8783686270564746,0.8437013211202523,0.7905669339809638,0.9541020083104206,0.720844818069145,0.9424507193880236,0.7121634439441821,0.7009373982397599,0.7006864226833951,0.7737879433605097,0.7544073883035926,0.998752462683846,0.7729932186738596,0.6845311873782041,0.998752462683846,0.909880651937236,0.8259378195018766,0.7004876774730693,0.7016206707901121,0.672093117819564,0.6801439612981992,0.998752462683846
531_SMAP_id_1_Sensor_tr_1811_1st_4510,0.7477751798422965,0.0,0.0,0.9989752571808762,0.0,0.0,0.0,0.9989752571808762,0.9989752571808762,0.0,0.7098233484968545,0.7028276160971718,0.6033753452740533,0.9989752571808762,0.6033753452740533,0.6033753452740533,0.6033753452740533,0.9989752571808762,0.9989752571808762,0.6033753452740533,0.709953112409756,0.6033753452740533,0.6033753452740533,0.9989752571808762,0.6033753452740533,0.6033753452740533,0.7028276160971718,0.9989752571808762,0.9989752571808762,0.7028276160971718,0.709953112409756,0.7028276160971718,0.7028276160971718,0.9989752571808762,0.6033753452740533,0.6033753452740533,0.6033753452740533,0.9989752571808762,0.9989752571808762,0.7028276160971718,0.6794170963782363,0.6033753452740533,0.6033753452740533,0.9989752571808762,0.0,0.7028276160971718,0.7028276160971718,0.9989752571808762,0.9989752571808762,0.7028276160971718,0.6851127368947622,0.7028276160971718,0.7028276160971718,0.9989752571808762,0.7028276160971718,0.7028276160971718,0.6033753452740533,0.9989752571808762,0.9989752571808762,0.0,0.6953490775666723,0.6033753452740533,0.6033753452740533,0.9989752571808762,0.7028276160971718,0.7028276160971718,0.7028276160971718,0.9989752571808762,0.9989752571808762,0.7028276160971718
532_SMAP_id_2_Sensor_tr_2075_1st_5550,0.7611204888679629,0.8651689705973739,0.8674076064634161,0.6717214806490972,0.9359805188007364,0.6794396317013285,0.987080823060524,0.8222310738993904,0.7728755390751758,0.987080823060524,0.6712910255114349,0.7880567268782236,0.8707985536454582,0.6691530180975137,0.7512950039387433,0.6736063275738537,0.987080823060524,0.7933475731713533,0.7660321378477077,0.8640867342931933,0.6712910255114349,0.8649973404029729,0.987080823060524,0.6743766773840196,0.7383093175302813,0.6786827604948514,0.987080823060524,0.8629968012013937,0.7528631254999536,0.8768857272238054,0.6712910255114349,0.684021912945189,0.8460305323705761,0.6759504668824472,0.8412291431187775,0.6745254859428613,0.987080823060524,0.8475290278968222,0.7234163094933235,0.987080823060524,0.6712910255114349,0.753666808656279,0.987080823060524,0.7102605902618707,0.7584644996220096,0.8649973404029729,0.987080823060524,0.8980800369050546,0.7098362025736819,0.987080823060524,0.6712910255114349,0.6797132051873043,0.987080823060524,0.7887205731099505,0.8601794658483043,0.6865093339610947,0.987080823060524,0.8325068018368919,0.894649850968878,0.987080823060524,0.6712910255114349,0.7955008903744876,0.8707985536454582,0.7100935210174826,0.7049028312344645,0.7299477120858334,0.987080823060524,0.8264626571836693,0.7696889711289087,0.987080823060524
533_SMAP_id_3_Sensor_tr_2052_1st_5300,0.9574543460922592,0.9155845185728194,0.9989348993390308,0.9979592593751349,0.747019321345362,0.7127274797732293,0.9918694425080868,0.9997026788110132,0.9996813675066012,0.9964855898132332,0.8542648912434841,0.6814930290640477,0.9959450097085114,0.9516642658022956,0.7390017745149337,0.7323524085167241,0.9956596675911435,0.9997026788110132,0.9996955751437716,0.9971959395280696,0.8354948336829434,0.6835060296121971,0.9987712384945494,0.969769006199076,0.7987543394559545,0.683904087333558,0.99486414968521,0.9997026788110132,0.9997026788110132,0.9985505674507748,0.8625340988130127,0.713696229196472,0.9986929469986704,0.9861046179781704,0.7650529415081453,0.6993169400243906,0.99097269717656,0.9997026788110132,0.9997026788110132,0.9983867809055744,0.8550775544376815,0.6860459289198659,0.9994702350600884,0.9703026471602928,0.7980781263422216,0.7068575319215783,0.991320780664274,0.9997026788110132,0.9996813675066012,0.9864860588541716,0.8509076884828083,0.7177081706607013,0.995019961994706,0.9955582955349478,0.948641127205872,0.6831243012310552,0.9915229887051836,0.9997026788110132,0.9997026788110132,0.9977596244051004,0.929554195979769,0.7093116724871986,0.997723966932427,0.9990771696320572,0.9763256288529164,0.6868395485818438,0.9959245604713128,0.9997026788110132,0.9997026788110132,0.9966316202334796
534_SMAP_id_4_Sensor_tr_1968_1st_4370,0.6428314801906263,0.9998055544839192,0.9998055544839192,0.9998055544839192,0.0,0.6619859888964745,0.0,0.9998055544839192,0.9998055544839192,0.6619859888964745,0.6439093105819617,0.9998055544839192,0.9998055544839192,0.9998055544839192,0.4903155699151916,0.9998055544839192,0.7837052203114321,0.9998055544839192,0.9998055544839192,0.9998055544839192,0.6539597942169416,0.9998055544839192,0.9998055544839192,0.6619859888964745,0.4903155699151916,0.9998055544839192,0.4903155699151916,0.9998055544839192,0.9998055544839192,0.9998055544839192,0.6539597942169416,0.9998055544839192,0.6619859888964745,0.9998055544839192,0.4903155699151916,0.9998055544839192,0.7837052203114321,0.9998055544839192,0.9998055544839192,0.9998055544839192,0.6539597942169416,0.9998055544839192,0.9998055544839192,0.9998055544839192,0.7837052203114321,0.9998055544839192,0.7837052203114321,0.9998055544839192,0.9998055544839192,0.9998055544839192,0.6539597942169416,0.9998055544839192,0.9998055544839192,0.9998055544839192,0.7837052203114321,0.9998055544839192,0.7837052203114321,0.9998055544839192,0.9998055544839192,0.9998055544839192,0.6539597942169416,0.9998055544839192,0.9998055544839192,0.9998055544839192,0.7837052203114321,0.9998055544839192,0.4903155699151916,0.9998055544839192,0.9998055544839192,0.9998055544839192
536_SMAP_id_6_Sensor_tr_2160_1st_5600,0.6632248639879786,0.9986375240116306,0.9986375240116306,0.9986375240116306,0.9986375240116306,0.9986375240116306,0.8344817833033681,0.9986375240116306,0.9986375240116306,0.9986375240116306,0.6655594693302888,0.9986375240116306,0.9986375240116306,0.9986375240116306,0.9986375240116306,0.9986375240116306,0.9777625551424736,0.9986375240116306,0.6644560708917447,0.6448893281367587,0.6536585578846443,0.9986375240116306,0.9986375240116306,0.9986375240116306,0.9986375240116306,0.999159241539332,0.9986375240116306,0.9986375240116306,0.9986375240116306,0.662938826647376,0.6444782771938828,0.9986375240116306,0.6628903316189241,0.9986375240116306,0.9986375240116306,0.999159241539332,0.7878904456536905,0.9986375240116306,0.9986375240116306,0.9986375240116306,0.6444782771938828,0.9986375240116306,0.7054248450598187,0.9986375240116306,0.9986375240116306,0.9986375240116306,0.9986375240116306,0.9986375240116306,0.9986375240116306,0.9986375240116306,0.6444782771938828,0.9986375240116306,0.9986375240116306,0.9986375240116306,0.9986375240116306,0.999159241539332,0.9986375240116306,0.9986375240116306,0.9986375240116306,0.9986375240116306,0.6632248639879786,0.9986375240116306,0.9986375240116306,0.9986375240116306,0.9986375240116306,0.999159241539332,0.9986375240116306,0.9986375240116306,0.9986375240116306,0.9986375240116306
537_SMAP_id_7_Sensor_tr_2077_1st_5394,0.862049144184366,0.995986463522046,0.9977560031850272,0.8304756092417185,0.6812268977252783,0.7751683248692374,0.994998440688644,0.9977560031850272,0.990480164776465,0.9977560031850272,0.7953143274341646,0.9294347915732588,0.9977560031850272,0.7785821820677384,0.6847244897604912,0.6791262785212815,0.994998440688644,0.8256560881509124,0.7673664003136403,0.9977560031850272,0.7900994163495302,0.9966593942685248,0.9977560031850272,0.914247612166745,0.6782434323777019,0.700168668837403,0.994998440688644,0.9270384224669822,0.9885855368678232,0.9977560031850272,0.7758592913951688,0.9905936167533492,0.9977560031850272,0.8224667455602838,0.7259379946940608,0.6765647553495617,0.994998440688644,0.995497015837439,0.85805677304648,0.9977560031850272,0.9542839581244232,0.8871654916967002,0.9976126043501932,0.9843922191009682,0.6847244897604912,0.6691889843700373,0.994998440688644,0.997113256374498,0.9891109146825888,0.9982432524794784,0.83195294204358,0.9252090140864077,0.9976556283090672,0.9849219612317084,0.6744001879655405,0.6707761228511768,0.994998440688644,0.9971821615337418,0.9891109146825888,0.9968145578971208,0.7976136255902451,0.9952463491427904,0.9976556283090672,0.7222713082918343,0.6782434323777019,0.6927430217004887,0.994998440688644,0.9974835103099372,0.7163828544911283,0.9976556283090672
538_SMAP_id_8_Sensor_tr_2007_1st_3650,0.6942362137984354,0.8859016985118713,0.9973538908793428,0.9767437744729388,0.9759435555433608,0.9946172423415244,0.9978242405853968,0.9975349957874542,0.9545153299408022,0.9966043525841284,0.694229010715863,0.9951273769906516,0.9979403200435634,0.9924455637837556,0.9759435555433608,0.6670889821491673,0.6417100491944192,0.9974578435184444,0.9959274354461892,0.9973538908793428,0.6953783704911506,0.8928443923527061,0.9973964088122425,0.9888465154613056,0.9759435555433608,0.6670889821491673,0.9978242405853968,0.9973964088122425,0.9478984026048696,0.9973885441542384,0.6942362137984354,0.8874851003315787,0.9973538908793428,0.9936621829013456,0.9759435555433608,0.9961688820819584,0.6417100491944192,0.9973538908793428,0.9951758485364722,0.9974924896082517,0.694229010715863,0.9710367226244518,0.997982788256156,0.995818727233889,0.8814068504571272,0.9762738599345584,0.6417100491944192,0.9973538908793428,0.9696092201239596,0.9963487875170488,0.6942362137984354,0.8566555021616413,0.9973964088122425,0.9963408030011792,0.9759435555433608,0.9946172423415244,0.0,0.9973538908793428,0.960110391827786,0.9973885441542384,0.6942362137984354,0.8484022147213863,0.9973538908793428,0.992397336748164,0.8814068504571272,0.996315785042026,0.9978242405853968,0.9973964088122425,0.9329477218563778,0.9973885441542384
539_SMAP_id_9_Sensor_tr_1857_1st_4270,0.7221351774216445,0.0,0.0,0.6988743501137304,0.4993562813869143,0.6810266341301019,0.0,0.99742633157976,0.99742633157976,0.0,0.7373544137771284,0.4989881704088849,0.4989881704088849,0.8578933382313367,0.7463985708770773,0.6721806802835473,0.765150369117078,0.7039440061922961,0.99742633157976,0.4989881704088849,0.7354512709672951,0.765150369117078,0.765150369117078,0.6851095084894606,0.7463985708770773,0.7024302367434375,0.4989881704088849,0.7038250236134338,0.99742633157976,0.4989881704088849,0.7354512709672951,0.765150369117078,0.4989881704088849,0.7196627297094634,0.5079397451746104,0.6655562715186781,0.4989881704088849,0.99742633157976,0.99742633157976,0.765150369117078,0.7348598748180775,0.765150369117078,0.765150369117078,0.7196627297094634,0.7463985708770773,0.7855712395208806,0.765150369117078,0.99742633157976,0.99742633157976,0.4989881704088849,0.7057960995678519,0.4989881704088849,0.4989881704088849,0.7468689583209747,0.7463985708770773,0.7385322889405688,0.765150369117078,0.7049811657562459,0.99742633157976,0.4989881704088849,0.7354512709672951,0.4989881704088849,0.4989881704088849,0.99742633157976,0.7463985708770773,0.7058520316919057,0.765150369117078,0.99742633157976,0.99742633157976,0.765150369117078
540_SMAP_id_10_Sensor_tr_2051_1st_4575,0.6729792278390245,0.994217367579826,0.9976156411836624,0.9156078094437224,0.9110712425915464,0.7789156634227786,0.8743088701013603,0.9933934641683916,0.9976156411836624,0.9933934641683916,0.6667607113456617,0.996887371344033,0.6985494089543003,0.9967619075165022,0.6689329561890917,0.8544808011443713,0.6518752269057405,0.9025798164569688,0.9933934641683916,0.6730310134673161,0.6811317202841869,0.996887371344033,0.6916152322441079,0.8483157905538732,0.7149646196223323,0.7222917201607019,0.6518752269057405,0.9933934641683916,0.9933934641683916,0.9933934641683916,0.6811317202841869,0.996887371344033,0.9933934641683916,0.812341478858243,0.8497572304769814,0.7861761936162398,0.6518752269057405,0.9933934641683916,0.9933934641683916,0.9869643624948922,0.6667607113456617,0.996887371344033,0.8590337862489548,0.8559867029042172,0.7431649243386955,0.8608104453463136,0.6518752269057405,0.9332739615328246,0.9933934641683916,0.9976156411836624,0.6667607113456617,0.996887371344033,0.9976156411836624,0.9906987550872034,0.705154017954569,0.9367041042986844,0.6518752269057405,0.9933934641683916,0.9976156411836624,0.9933934641683916,0.6811317202841869,0.996887371344033,0.9933934641683916,0.7881713151600593,0.8614936267504767,0.7897521263037073,0.8743088701013603,0.9933934641683916,0.9976156411836624,0.9933934641683916
541_SMAP_id_11_Sensor_tr_1832_1st_5300,0.8416849531762853,0.9841470912417468,0.9857280309870318,0.6738803103286034,0.6797034211578108,0.987197892462296,0.7072341182934067,0.9880195712514068,0.9340183264888304,0.8965257190409315,0.8316124951347085,0.8187954119077103,0.7745286936332085,0.8584994479097121,0.7626411281046876,0.987197892462296,0.7072341182934067,0.982670455366666,0.7127373846496762,0.6690946362370618,0.9605890960384208,0.9839899832228876,0.8870694444351239,0.96674442657728,0.7327642707810672,0.987197892462296,0.7072341182934067,0.9879883926136004,0.7478866501732276,0.8965257190409315,0.9726994196779858,0.98410520052107,0.9088916162937254,0.96674442657728,0.7556739457055893,0.987197892462296,0.9913012573767338,0.988040355942667,0.7195905468082966,0.690436769038436,0.8456555647991097,0.7702338453971277,0.9801414317543344,0.9859555649221704,0.7626411281046876,0.987197892462296,0.7072341182934067,0.9879883926136004,0.9010674386060106,0.7207679013901119,0.8328966605519815,0.9826389462451554,0.6693973751884641,0.96674442657728,0.7626411281046876,0.987197892462296,0.6571425689191805,0.9886053722867704,0.699412369164109,0.7728667244311794,0.9726994196779858,0.9801414317543344,0.7588395661353899,0.96674442657728,0.7626411281046876,0.987197892462296,0.7072341182934067,0.9885742297355768,0.7197907275214597,0.7301862366822613
542_SMAP_id_12_Sensor_tr_1908_1st_4690,0.7244044873374352,0.7249557339938787,0.6843966765674299,0.9997181415380448,0.6790596100842895,0.8461984943785835,0.3320775644016566,0.7093455070445466,0.9997181415380448,0.6764754497504655,0.8927167479955448,0.6888029129316665,0.7377007897736974,0.9997181415380448,0.6790596100842895,0.8679639243228051,0.6790596100842895,0.7635529744682953,0.9997181415380448,0.6644428996739219,0.698251021938477,0.6692840627476071,0.6906805351870652,0.7611855680533995,0.6790596100842895,0.8679639243228051,0.6790596100842895,0.9997181415380448,0.9997181415380448,0.9997181415380448,0.7150391493549534,0.65916503760943,0.6888792144578493,0.7224449820525669,0.6790596100842895,0.7852077653056007,0.6790596100842895,0.9997181415380448,0.9997181415380448,0.9018517667540352,0.797862273274215,0.6745342354534624,0.6957806309001096,0.9997181415380448,0.0,0.8679639243228051,0.6790596100842895,0.9997181415380448,0.9997181415380448,0.9997181415380448,0.9110402203588014,0.7565484547928613,0.9997181415380448,0.8738257137057857,0.6790596100842895,0.8679639243228051,0.6790596100842895,0.6982138634515233,0.9997181415380448,0.9997181415380448,0.929541726226863,0.6624356611667508,0.9997181415380448,0.9280978290177648,0.3320775644016566,0.8986164823798254,0.6790596100842895,0.7109244342600173,0.9997181415380448,0.9997181415380448
544_SMAP_id_14_Sensor_tr_1978_1st_4450,0.6748394929911209,0.7199771532910906,0.6908732109316644,0.7247990498199347,0.9795284768838194,0.7693510098297783,0.4035285891022535,0.99846439902369,0.8286367199564364,0.7753167279615512,0.6853093193328376,0.7246637534858956,0.756209950769032,0.9991113622588712,0.6756306257988234,0.7413728027416716,0.6865356623660448,0.6863908895290579,0.8286367199564364,0.994589150835431,0.6927326628518603,0.725743624147087,0.6840092916320002,0.9991113622588712,0.6869359082590969,0.6876142039731827,0.4035285891022535,0.99846439902369,0.9938153397898126,0.994589150835431,0.6931376267580107,0.7126246177968436,0.85577435253091,0.9991113622588712,0.9724529819445524,0.7179157779827128,0.6865356623660448,0.994589150835431,0.9938153397898126,0.99846439902369,0.6793290751892721,0.7344981975923465,0.6861281138520792,0.6964988874886967,0.6843422127392602,0.7617883444348712,0.6865356623660448,0.99846439902369,0.9689939659501507,0.9996378998189492,0.6983325771267425,0.7326407115245572,0.67520763411696,0.7163533182470085,0.6759236200160508,0.7068443926096124,0.4035285891022535,0.99846439902369,0.9938153397898126,0.994589150835431,0.6853093193328376,0.7083309144031378,0.99846439902369,0.7301396380476959,0.6798890194008537,0.9370755019837058,0.6865356623660448,0.994589150835431,0.9938153397898126,0.994589150835431
545_SMAP_id_15_Sensor_tr_1173_1st_2750,0.8423679347840983,0.8063508354918382,0.6661527715334664,0.960057070333512,0.9990065172733744,0.8307884780567735,0.0,0.998023786980007,0.998023786980007,0.6661527715334664,0.7417926503194494,0.6881167751509117,0.6661527715334664,0.9910037401324966,0.9990065172733744,0.9963210392619344,0.723856417138305,0.998023786980007,0.998023786980007,0.6661527715334664,0.7875666025308824,0.7264059546731219,0.6661527715334664,0.9910037401324966,0.9990065172733744,0.9990065172733744,0.723856417138305,0.998023786980007,0.998023786980007,0.6661527715334664,0.9013179790301532,0.6825777699785441,0.6661527715334664,0.9910037401324966,0.9990065172733744,0.9990065172733744,0.723856417138305,0.9994871264653484,0.998023786980007,0.6661527715334664,0.7875666025308824,0.7664612562832889,0.6661527715334664,0.9910037401324966,0.9990065172733744,0.9949652214918886,0.723856417138305,0.9949652214918886,0.998023786980007,0.6661527715334664,0.731470090032162,0.7249035703362984,0.6661527715334664,0.9958939822680142,0.9990065172733744,0.9949652214918886,0.310484792544474,0.998023786980007,0.9994871264653484,0.6661527715334664,0.731470090032162,0.6772688888283217,0.6661527715334664,0.9282621548306318,0.9990065172733744,0.9949652214918886,0.723856417138305,0.998023786980007,0.998023786980007,0.6661527715334664
546_SMAP_id_16_Sensor_tr_2117_1st_4770,0.8552264778548759,0.8859588707998279,0.6914397371417752,0.998592203504442,0.9441844996288328,0.9997436214446992,0.9151598058798678,0.8752293428340936,0.9435547724980816,0.6918548981606994,0.8207725262711464,0.7076926907626238,0.8211550932884087,0.9997436214446992,0.986057460959594,0.9997436214446992,0.7853839388033477,0.8665445833616315,0.9435547724980816,0.6917852495764878,0.8207725262711464,0.6891260428402658,0.9193313266427712,0.9997436214446992,0.9481520130795126,0.9997436214446992,0.8069038297424809,0.8301130322441405,0.9454533946080348,0.694985224876568,0.8207725262711464,0.7076926907626238,0.6916123452301415,0.998592203504442,0.9481520130795126,0.9997436214446992,0.7815887033244248,0.9734668051951856,0.9454533946080348,0.9337940012455376,0.8207725262711464,0.6987931220315378,0.9441844996288328,0.9997436214446992,0.9481520130795126,0.9997436214446992,0.9010199221544808,0.8459469914748625,0.9452166365563226,0.9871215125789812,0.8207725262711464,0.7037280563698813,0.6915622993474826,0.998592203504442,0.914902181919762,0.9997436214446992,0.693492074809953,0.825016665582674,0.9454533946080348,0.6922884142012399,0.8207725262711464,0.7076926907626238,0.6904015806762955,0.9997436214446992,0.9232235245888024,0.9997436214446992,0.73758905085858,0.8217308976728456,0.9654239966633816,0.6917591988043271
547_SMAP_id_17_Sensor_tr_2133_1st_5400,0.7914856858690514,0.7864325556658315,0.8991565675114552,0.8498259822425434,0.972103189925181,0.781904035380316,0.6607468655832466,0.7263415346432004,0.7740296568612831,0.9538626031490052,0.918524794597835,0.8541931090929805,0.9905975337025412,0.7633224496917349,0.9900605280641336,0.8451711576163902,0.6607468655832466,0.7734573391710338,0.7372017477437933,0.989456353735409,0.7766209875226614,0.7450980419741562,0.989456353735409,0.8570400563317124,0.9889181328634564,0.7915592761698937,0.7561756003578057,0.7568879744884723,0.7545349715732314,0.989456353735409,0.8564422337802059,0.653991869467484,0.9902753988702392,0.8543342110287465,0.9881739322446224,0.8666935220350043,0.6607468655832466,0.7977073757629993,0.7543989008948604,0.9902753988702392,0.7866221835003596,0.722342759702836,0.989456353735409,0.8292410495119938,0.9896356333790156,0.9078375131118448,0.6607468655832466,0.758961693099033,0.7633331109616447,0.989456353735409,0.7726035567577552,0.7975954921649824,0.989456353735409,0.845701177236715,0.9889437754288783,0.8631626796074562,0.6607468655832466,0.7728211053044662,0.7648434392930455,0.989456353735409,0.9295168897201336,0.978998286355066,0.9902753988702392,0.8339204282910587,0.9889437754288783,0.8631626796074562,0.6607468655832466,0.7685219457466542,0.7561554241972837,0.989456353735409
548_SMAP_id_18_Sensor_tr_2094_1st_5600,0.6777952525222798,0.0,0.0,0.9993405396106312,0.9993405396106312,0.0,0.9993405396106312,0.7779908382600677,0.7779908382600677,0.0,0.6777952525222798,0.7518496984209425,0.0,0.9993405396106312,0.9993405396106312,0.7518496984209425,0.9993405396106312,0.9993405396106312,0.711980990297949,0.5544768231891426,0.6777952525222798,0.7518496984209425,0.0,0.9993405396106312,0.9993405396106312,0.7518496984209425,0.9993405396106312,0.7779908382600677,0.7779908382600677,0.7518496984209425,0.6777952525222798,0.0,0.5544768231891426,0.9993405396106312,0.9993405396106312,0.7518496984209425,0.9993405396106312,0.7770716313563641,0.7778377330820918,0.7518496984209425,0.6777952525222798,0.7518496984209425,0.0,0.9993405396106312,0.9993405396106312,0.0,0.9993405396106312,0.7779908382600677,0.7779908382600677,0.7518496984209425,0.6777952525222798,0.5544768231891426,0.5544768231891426,0.9993405396106312,0.9993405396106312,0.5544768231891426,0.9993405396106312,0.7779908382600677,0.7779908382600677,0.0,0.6777952525222798,0.0,0.7518496984209425,0.9993405396106312,0.9993405396106312,0.5544768231891426,0.9993405396106312,0.7779599617628011,0.7779599617628011,0.5544768231891426
549_SMAP_id_19_Sensor_tr_1998_1st_2098,0.7137916268923162,0.994999626448042,0.994999626448042,0.8001097911695774,0.6681807680888558,0.7007883118787193,0.6735845975922,0.994999626448042,0.994999626448042,0.7956174233120845,0.7205888917057633,0.994999626448042,0.7162031498755801,0.994999626448042,0.687544481751943,0.698989427228563,0.6735845975922,0.8770511606853715,0.994999626448042,0.7018946645452759,0.7205888917057633,0.994999626448042,0.7039242621168107,0.994999626448042,0.672436426583974,0.6692617573091484,0.6642521300198148,0.994999626448042,0.994999626448042,0.994999626448042,0.7205888917057633,0.994999626448042,0.7331340523414728,0.8785092774057702,0.7182527219687715,0.692634160692538,0.6642521300198148,0.994999626448042,0.994999626448042,0.8102080634423644,0.7243453509288318,0.994999626448042,0.6856764585018595,0.7452543653969385,0.6704195054259707,0.6898415301028932,0.6642521300198148,0.994999626448042,0.994999626448042,0.728529279625057,0.7122171124390189,0.994999626448042,0.7104545630510801,0.7448329515303985,0.6910972177726268,0.670234440080374,0.6642521300198148,0.994999626448042,0.994999626448042,0.8131653717356198,0.7205888917057633,0.994999626448042,0.7956174233120845,0.7257012946631315,0.6694482567587414,0.6669395212028714,0.6642521300198148,0.994999626448042,0.994999626448042,0.7533581180581701
550_SWaT_id_1_Sensor_tr_43700_1st_43800,0.6898284454075648,0.69713505788974,0.6932751252672612,0.6791612246758546,0.6743843999768856,0.6907390632327222,0.134178353663834,0.690438951490207,0.6932751252672612,0.7035908375748398,0.6901435185363592,0.6911507523636414,0.6904344405915029,0.6898793644391152,0.689428724686303,0.6898793644391152,0.134178353663834,0.6905195414240892,0.6898854089002611,0.6898162471012285,0.689270053150766,0.6974990546682931,0.6932751252672612,0.6792018781528742,0.689428724686303,0.678886081152739,0.6853108628748604,0.6905195525825529,0.6894173707961582,0.6905012063789179,0.6905804437705872,0.7022406489922893,0.6907637663740805,0.6898793644391152,0.6740411214989661,0.6790942324237921,0.134178353663834,0.6904952282346158,0.6905781567395864,0.6904852989311949,0.6898284454075648,0.6932751252672612,0.6904765175673074,0.6830159741267051,0.6745796222848398,0.6898793644391152,0.6853108628748604,0.6905168319826237,0.6903681798803366,0.6914369760278878,0.6952076119968741,0.6911762130614866,0.6894173707961582,0.6898793644391152,0.6740411214989661,0.6755759219034253,0.134178353663834,0.6905042753183638,0.6904344405915029,0.6898854089002611,0.6898284454075648,0.705256906478321,0.6932751252672612,0.6782195942497313,0.6740411214989661,0.684342479815464,0.6853108628748604,0.6904530604516601,0.6904344405915029,0.6898854089002611
551_YAHOO_id_1_Synthetic_tr_500_1st_893,0.9318918672951272,0.9915911181185122,0.9915911181185122,0.7306581400706037,0.7039213064923546,0.728846158510408,0.7908863180813488,0.7775091553593176,0.9915911181185122,0.9915911181185122,0.8917587395742667,0.9915911181185122,0.662005720252417,0.7306581400706037,0.6764034541043227,0.8015065891813937,0.7549135086655249,0.7314557893998733,0.7126369113152607,0.7204747735680825,0.8917587395742667,0.9915911181185122,0.6929290237433531,0.6739111659160087,0.8635218052686421,0.7264375975164836,0.7986276607194234,0.684787722307216,0.8858781119202569,0.8092186852566716,0.8917587395742667,0.9915911181185122,0.6940916504794324,0.7066297011746142,0.6865031551345052,0.8379721920815559,0.9915911181185122,0.7113164049841406,0.800125068396779,0.687707537138364,0.7651374572289734,0.9915911181185122,0.671430020398273,0.7301310083807672,0.7020732337618305,0.7110829142681203,0.7727981800454983,0.7108960080893201,0.8858781119202569,0.6747371447017007,0.8917587395742667,0.9915911181185122,0.9915911181185122,0.8374565390404489,0.717091889060099,0.7336080620078287,0.7040641183051507,0.8374565390404489,0.7604348572178419,0.9915911181185122,0.8917587395742667,0.734383474241984,0.9915911181185122,0.8374565390404489,0.8374565390404489,0.7099562681778201,0.7775091553593176,0.7775091553593176,0.9915911181185122,0.9915911181185122
552_YAHOO_id_2_Synthetic_tr_500_1st_893,0.9887017077469872,0.6851967705825236,0.6851967705825236,0.9887017077469872,0.7491429230230632,0.6835089511816773,0.7605700558067344,0.6853904282115864,0.9887017077469872,0.6927621947194073,0.9887017077469872,0.7971939559426494,0.6851967705825236,0.9887017077469872,0.7644815715008654,0.6997112151294353,0.8193900958035347,0.7121774050227974,0.7270272113482911,0.9257076957738728,0.9887017077469872,0.7579502551124865,0.6851967705825236,0.9887017077469872,0.7664854568969026,0.7192783636016402,0.9264072232699008,0.9887017077469872,0.6628559308378572,0.6848615737149748,0.9887017077469872,0.7971939559426494,0.6851967705825236,0.9887017077469872,0.9257076957738728,0.7060070699957303,0.6618836006339497,0.6691753316248877,0.8027094522937971,0.9887017077469872,0.9887017077469872,0.8670447179495536,0.6851967705825236,0.9887017077469872,0.7664854568969026,0.7148809278752526,0.6564762285521698,0.6777412010383277,0.7883844433520043,0.6848615737149748,0.9887017077469872,0.8670447179495536,0.6851967705825236,0.9887017077469872,0.7491429230230632,0.7012170407742575,0.6678260603528464,0.6816979895104889,0.9887017077469872,0.6848615737149748,0.9887017077469872,0.8670447179495536,0.6851967705825236,0.9887017077469872,0.7571769217605863,0.7012170407742575,0.6564762285521698,0.6748650344812827,0.9887017077469872,0.6858449298977871
555_YAHOO_id_5_WebService_tr_500_1st_730,0.684726412669349,0.8477902732523912,0.7675691174533626,0.9856644260198594,0.986817974212554,0.8592634148064275,0.0,0.7044625104787454,0.8747672718659139,0.7754532455383661,0.74220589555147,0.7471580540817283,0.773462720916396,0.7203559121515302,0.6681851707064539,0.8351059947536039,0.5484393676781251,0.6704700289030386,0.6920427027057873,0.7048326671048211,0.74220589555147,0.8885725539756493,0.7783792477692977,0.8791419350999697,0.6630286940750958,0.7884453852393964,0.5484393676781251,0.6761594901512472,0.7113162978829036,0.7598881179157747,0.74220589555147,0.8329207515828008,0.7687977253553192,0.8559319457608067,0.8452401955377649,0.795693926263915,0.9117920902509954,0.6846685610529601,0.8259471077068964,0.7453269690107691,0.6793000046367998,0.8217033763987772,0.6731961672309982,0.9417440639695835,0.7331710069105136,0.8477902732523912,0.5484393676781251,0.7546717876133427,0.7386536556289092,0.7419200270568472,0.6793000046367998,0.864156270758086,0.773462720916396,0.986817974212554,0.6630286940750958,0.9086835324443062,0.9117920902509954,0.7144798477022498,0.8575604590777802,0.8457487786555825,0.6793000046367998,0.8457487786555825,0.773462720916396,0.9053035705267832,0.986817974212554,0.8616767316489413,0.9117920902509954,0.7061608117141832,0.8430820790100343,0.8278454782568936
558_YAHOO_id_8_WebService_tr_500_1st_1125,0.8267058309037469,0.6935369188833436,0.7821828359849212,0.7165512854641838,0.7142807508439509,0.7002526238546439,0.6437203447357228,0.7462108985802858,0.7866653092289578,0.7278729962809469,0.8544142465616523,0.6706489934977921,0.7424527230041876,0.6677103196001014,0.7953438650195883,0.7277429150427175,0.6694678769066027,0.753229395877294,0.7996176732444343,0.7514060240787244,0.7757331202354681,0.681873243918062,0.7457768419799041,0.7721913492066448,0.7953438650195883,0.845243290708078,0.760632141659005,0.7725918637053335,0.7285216532248943,0.6977006015086851,0.7589470002782559,0.6743852471659882,0.8184343465153068,0.6911216480048257,0.7953438650195883,0.7371351566293233,0.760632141659005,0.7280509301938471,0.8322649079810609,0.7901856241799967,0.8830003107701573,0.6940613820417241,0.7290945891395236,0.7749899782698619,0.7953438650195883,0.7726321536890309,0.760632141659005,0.6993453203301246,0.8876404116599341,0.6847778312282392,0.8677997674394646,0.694232596807615,0.8099375492726727,0.6975516085452967,0.7953438650195883,0.7248580080708164,0.6437203447357228,0.7565490416763485,0.7621933726508664,0.6825092387020625,0.8677997674394646,0.6731634108135414,0.8562967262123744,0.7012167518664538,0.7953438650195883,0.7482978125892649,0.6694678769066027,0.8164805458840332,0.988482566934881,0.7125233019947432
562_YAHOO_id_12_Synthetic_tr_500_1st_893,0.6712945960241157,0.5465152225566068,0.6927723444974417,0.9785506732027588,0.6866417445815838,0.668162312000452,0.7336550756919519,0.9785506732027588,0.9785506732027588,0.6927723444974417,0.6864190039422983,0.5193295917779635,0.6930182990800758,0.9785506732027588,0.6866417445815838,0.8284958739112765,0.9785506732027588,0.7781095905583783,0.6909599569100653,0.6927723444974417,0.6556344330373746,0.5193295917779635,0.6930182990800758,0.9785506732027588,0.6866417445815838,0.6484998888057734,0.7104091405528014,0.9579719714771594,0.8379085156082919,0.6930182990800758,0.6566739675277788,0.5193295917779635,0.6930182990800758,0.9785506732027588,0.6866417445815838,0.7296095524210999,0.7362267930897259,0.6990047745902386,0.9785506732027588,0.6868381449965487,0.6712945960241157,0.5193295917779635,0.6930182990800758,0.9785506732027588,0.6866417445815838,0.6501551260192447,0.7548894136308735,0.6927723444974417,0.9785506732027588,0.6813740450027985,0.6653639594314003,0.5193295917779635,0.6927723444974417,0.9785506732027588,0.6866417445815838,0.7304974939000198,0.81487314896311,0.6936197828586884,0.6763747904484069,0.681812355806203,0.6556344330373746,0.5193295917779635,0.681812355806203,0.9785506732027588,0.6866417445815838,0.6555585468725776,0.7495587476579677,0.9785506732027588,0.9785506732027588,0.6868381449965487
570_YAHOO_id_20_Synthetic_tr_500_1st_658,0.7106469178050273,0.767772813242637,0.966702171558736,0.935006342671103,0.775280308726183,0.6668928296953262,0.7305581838171735,0.8737423339517112,0.966702171558736,0.966702171558736,0.7165253706700475,0.966702171558736,0.6918712176861016,0.962011441091594,0.6921531276835453,0.6554237065351393,0.6946115090747673,0.7245379409863272,0.7092923628133021,0.7327050494367191,0.6818682203602188,0.966702171558736,0.6918712176861016,0.8576301977106122,0.6521142568752397,0.6717038427351693,0.7914208449339712,0.7226115017267476,0.966702171558736,0.756745876679697,0.70068565008233,0.966702171558736,0.962011441091594,0.962011441091594,0.7312537632614234,0.6601016731200213,0.7429122987059921,0.7766230821379759,0.966702171558736,0.6987301436666957,0.6961184443399211,0.966702171558736,0.7192380275965582,0.813025122776439,0.7004984282462202,0.7363129264657207,0.8795279994055848,0.7995208574980334,0.966702171558736,0.7399759087083136,0.748677949494746,0.966702171558736,0.6817560654482546,0.8885704319088061,0.682985095475459,0.7363129264657207,0.8705614224778458,0.962011441091594,0.966702171558736,0.8081914583204474,0.7010979586361283,0.966702171558736,0.8817897763195544,0.8693618653603726,0.8303871248193699,0.6554237065351393,0.7683162903389029,0.7995208574980334,0.966702171558736,0.8916668123369657
571_YAHOO_id_21_Synthetic_tr_500_1st_623,0.6516229473208898,0.8374106175711662,0.8374106175711662,0.9213014029928204,0.51583234605212,0.659586589075391,0.7348151594570541,0.8507350798779202,0.9213014029928204,0.757627791219911,0.659586589075391,0.6762754619284361,0.8374106175711662,0.9213014029928204,0.51583234605212,0.659586589075391,0.7506449455217269,0.51583234605212,0.8744097274697707,0.8374106175711662,0.51583234605212,0.6762754619284361,0.7582534471242801,0.9213014029928204,0.51583234605212,0.659586589075391,0.6516229473208898,0.7342591677070618,0.8929609866876012,0.8374106175711662,0.659586589075391,0.6762754619284361,0.8374106175711662,0.9213014029928204,0.6421808963403052,0.659586589075391,0.659586589075391,0.7351078021810044,0.9213014029928204,0.7582534471242801,0.667752427630905,0.6762754619284361,0.8374106175711662,0.9213014029928204,0.8448276405158837,0.6516229473208898,0.659586589075391,0.787488861350178,0.9213014029928204,0.8374106175711662,0.667752427630905,0.5231553264937651,0.8374106175711662,0.9213014029928204,0.51583234605212,0.659586589075391,0.7348151594570541,0.6889041127245744,0.9213014029928204,0.8374106175711662,0.667752427630905,0.6762754619284361,0.8374106175711662,0.9213014029928204,0.51583234605212,0.659586589075391,0.659586589075391,0.8374106175711662,0.9213014029928204,0.7582534471242801
579_YAHOO_id_29_WebService_tr_500_1st_1342,0.7587453587141612,0.9973659614240796,0.8357736197348543,0.7427340207650137,0.8982850975375755,0.7207381827276395,0.0,0.8378735054856306,0.8945850242699128,0.9973659614240796,0.7587453587141612,0.767237776849143,0.8181918335052626,0.8741791338127495,0.7169910023017362,0.7625271324989604,0.3958047766091961,0.6714754845898403,0.7091833944101072,0.9660831103181676,0.7587453587141612,0.9973659614240796,0.8379833693755436,0.7082366335333008,0.6750333897420213,0.7408226400848277,0.861622455979876,0.7665929382283714,0.6668962185582875,0.940697010093315,0.7587453587141612,0.9973659614240796,0.8350684787742032,0.6819723820556758,0.6953973501270452,0.730337386546952,0.861622455979876,0.7947072620259321,0.6850826479019713,0.940697010093315,0.7033951316743331,0.9973659614240796,0.8178826464768127,0.7016930802441693,0.7119090422211377,0.7150978337887264,0.3958047766091961,0.8386969786438337,0.8813355606258143,0.8496421537351931,0.7246102298625046,0.9973659614240796,0.8357736197348543,0.7459958402283315,0.6831622704911168,0.7531075123797248,0.861622455979876,0.9180598429047336,0.7329572861396177,0.8368924270448598,0.7033951316743331,0.9973659614240796,0.8328128943351929,0.8424336361317658,0.8133309197691019,0.7150978337887264,0.861622455979876,0.9180598429047336,0.8549729476066907,0.8357736197348543
603_YAHOO_id_53_Synthetic_tr_500_1st_893,0.7485393910375094,0.977451653276272,0.977451653276272,0.977451653276272,0.8311763001870534,0.7114381118898903,0.6677390419779807,0.977451653276272,0.977451653276272,0.7199994339182053,0.738436163675209,0.977451653276272,0.6752994899422353,0.977451653276272,0.7525750307856117,0.7156416901653323,0.8054661365981695,0.7223566330594295,0.9684664962886782,0.7485393910375094,0.7485393910375094,0.977451653276272,0.6752994899422353,0.977451653276272,0.7525750307856117,0.7304019630022058,0.7029184503525732,0.6825037384772393,0.9507461383091986,0.7110791200376065,0.7806786123494348,0.977451653276272,0.7485393910375094,0.977451653276272,0.7525750307856117,0.7353250150278755,0.7175799522487112,0.8634476878547864,0.9047409692391956,0.7199994339182053,0.7485393910375094,0.9356851703996296,0.6810886567646833,0.977451653276272,0.7525750307856117,0.8311763001870534,0.8054661365981695,0.977451653276272,0.9507461383091986,0.6804644770128746,0.7485393910375094,0.9356851703996296,0.7334772390112174,0.977451653276272,0.7525750307856117,0.7599097463349743,0.6424206731505716,0.977451653276272,0.977451653276272,0.6752994899422353,0.8803297893503675,0.977451653276272,0.6752994899422353,0.977451653276272,0.7043846564245501,0.7304019630022058,0.6493748846377239,0.707488573373558,0.977451653276272,0.8681381953868403
644_YAHOO_id_94_WebService_tr_500_1st_1078,0.8719697794031465,0.8751251333444909,0.8731250035168374,0.8847237648565939,0.8841120913442072,0.8865600280581977,0.8703803011689313,0.9445903854707398,0.8810935170187066,0.8723947164316519,0.8719697794031465,0.8720927572447734,0.8723075336572842,0.8779552183390669,0.878269775924657,0.8978565119046958,0.8665019553077373,0.8721386818165542,0.8734126361205606,0.8736573741718687,0.8719697794031465,0.8755238607157158,0.8757451237134042,0.8791337559562701,0.8843201075467834,0.8836142195943499,0.8665019553077373,0.9445903854707398,0.9151215026242384,0.87657229024588,0.8719697794031465,0.8759108844249274,0.872771938130483,0.8794741015687344,0.8762561906565262,0.8773172516618444,0.8703803011689313,0.9445903854707398,0.8720970758661388,0.876890895156016,0.8719697794031465,0.87190395061472,0.8737811778292562,0.8731865905999499,0.8744294346399334,0.8833117197512352,0.8703803011689313,0.9445903854707398,0.8901584852600624,0.8759753367478209,0.8719697794031465,0.8758671105312894,0.8753092834663379,0.8773067366648115,0.8888801938106862,0.8840608582266455,0.8665019553077373,0.9445903854707398,0.9096521019011266,0.8765507589596994,0.8719697794031465,0.8724625476307372,0.8754404838587521,0.8831779631652522,0.8877253516127847,0.8797256215849614,0.8802343142823021,0.9445903854707398,0.8769905736552438,0.8754841280794293
645_YAHOO_id_95_WebService_tr_500_1st_1047,0.7063395328474368,0.6923576878924972,0.706849731877604,0.9973659614240796,0.7891936264090644,0.8300614713464204,0.0,0.6804061345671549,0.8096858414655018,0.7106599826095011,0.694228126502711,0.6654748156219479,0.7109509555836616,0.7596211121363243,0.6884253366383059,0.7074725611759805,0.7403749486711123,0.6717180777903238,0.6986109937021848,0.7938520396814801,0.6657972750061761,0.6631487900581491,0.7109509555836616,0.9973659614240796,0.7968249970368609,0.7470711904239425,0.5655118384107163,0.6969578716978566,0.8811850332750261,0.8728607865723214,0.6942067915965745,0.670503476844208,0.9660831103181676,0.9294138994737792,0.7783015382796679,0.7515158420757061,0.7403749486711123,0.6804588536598111,0.6960958345638834,0.7107657767455084,0.7658132623814631,0.6662122615804474,0.9660831103181676,0.6776933593312261,0.7390831827284711,0.7926906627923628,0.0,0.6945163902348142,0.8070643711908887,0.8835531938912088,0.6942067915965745,0.6646493275428104,0.7072264839083667,0.8838441165342409,0.8256442407471459,0.81964589376813,0.7403749486711123,0.6984741892797901,0.9374522827912654,0.8728607865723214,0.6942067915965745,0.6689359972441291,0.8268548945001725,0.9973659614240796,0.7825234403173452,0.7535650153163616,0.5655118384107163,0.7037690819015044,0.9374522827912654,0.7127276628097986
649_YAHOO_id_99_WebService_tr_500_1st_1386,0.7665017579762261,0.9977066168351306,0.9977066168351306,0.9977066168351306,0.9977066168351306,0.9977066168351306,0.0,0.8131876973829777,0.9977066168351306,0.9977066168351306,0.8841255831547088,0.9977066168351306,0.7273023306959093,0.9977066168351306,0.8097591436217658,0.9977066168351306,0.3713791080218183,0.6991945963461194,0.785965774175059,0.7307460631615175,0.8841255831547088,0.6956361537233319,0.7671497027242875,0.9977066168351306,0.9977066168351306,0.9977066168351306,0.8697077417569548,0.718533481027779,0.9977066168351306,0.9977066168351306,0.8841255831547088,0.9977066168351306,0.9584049529855658,0.9977066168351306,0.9977066168351306,0.9977066168351306,0.3713791080218183,0.7612254246636808,0.9898123693986528,0.9977066168351306,0.8841255831547088,0.9977066168351306,0.9977066168351306,0.9977066168351306,0.9977066168351306,0.9977066168351306,0.8697077417569548,0.7730380306220587,0.9977066168351306,0.9977066168351306,0.8841255831547088,0.9977066168351306,0.7542292171105726,0.9977066168351306,0.9977066168351306,0.9977066168351306,0.8697077417569548,0.7182736521959516,0.7711661425030715,0.9977066168351306,0.8841255831547088,0.9977066168351306,0.7671497027242875,0.9977066168351306,0.9977066168351306,0.9977066168351306,0.3713791080218183,0.6954973365617427,0.9977066168351306,0.9977066168351306
657_YAHOO_id_107_WebService_tr_500_1st_1260,0.6932916927067836,0.75975141914752,0.9951897381079632,0.7847307679607264,0.7382595499417495,0.7515319148936166,0.8563941790276537,0.9951897381079632,0.7234684834836052,0.9951897381079632,0.9744390504506174,0.743013574855323,0.9951897381079632,0.9951897381079632,0.6811352524298318,0.6776654162828197,0.6562070013044794,0.9951897381079632,0.9951897381079632,0.9951897381079632,0.9744390504506174,0.9723113273429856,0.9951897381079632,0.9951897381079632,0.7041022886690749,0.6750086248863967,0.7284911903863452,0.9951897381079632,0.9951897381079632,0.9951897381079632,0.9635655910948284,0.7820398323045167,0.9951897381079632,0.9951897381079632,0.7091976127320949,0.6696649664258796,0.7284911903863452,0.7491683300066528,0.9951897381079632,0.9951897381079632,0.9744390504506174,0.743013574855323,0.9951897381079632,0.9951897381079632,0.7041022886690749,0.6660400275689309,0.7284911903863452,0.9438202247191004,0.7050914701344496,0.9951897381079632,0.8441430186992079,0.9723113273429856,0.9951897381079632,0.9951897381079632,0.7041022886690749,0.6682334859652052,0.8563941790276537,0.9951897381079632,0.7207443862453115,0.9951897381079632,0.9635655910948284,0.743013574855323,0.9951897381079632,0.9951897381079632,0.7041022886690749,0.6831326965620963,0.7284911903863452,0.9951897381079632,0.7496061889592882,0.9951897381079632
658_YAHOO_id_108_Synthetic_tr_500_1st_893,0.7548256303956624,0.4596491314198463,0.6870979336066295,0.9785506732027588,0.768858280920505,0.6932622029081853,0.6592089213490778,0.6996951129961752,0.9785506732027588,0.6870979336066295,0.8273885481487473,0.4596491314198463,0.6870979336066295,0.8864438748367747,0.761224261111819,0.715517000920476,0.6551061752197935,0.681812355806203,0.9785506732027588,0.6870979336066295,0.7518627992927982,0.6653639594314003,0.6870979336066295,0.9785506732027588,0.6578329463851774,0.6932622029081853,0.6708921790190135,0.6399348082225191,0.7226119188213627,0.681812355806203,0.7265300273451857,0.4596491314198463,0.6870979336066295,0.9785506732027588,0.8148283017510989,0.6932622029081853,0.6551061752197935,0.6930182990800758,0.9785506732027588,0.681812355806203,0.7676675670299616,0.4596491314198463,0.6870979336066295,0.9785506732027588,0.6578329463851774,0.6932622029081853,0.6653639594314003,0.6868381449965487,0.9785506732027588,0.681812355806203,0.7133920494634268,0.4596491314198463,0.6870979336066295,0.9785506732027588,0.7358162703690135,0.6932622029081853,0.6708921790190135,0.6685111361957297,0.9785506732027588,0.681812355806203,0.7538649805198948,0.4596491314198463,0.6870979336066295,0.9785506732027588,0.9785506732027588,0.6691439326723456,0.6592089213490778,0.6996951129961752,0.9785506732027588,0.681812355806203
672_YAHOO_id_122_WebService_tr_500_1st_857,0.8857242567029106,0.6666347957035038,0.9973659614240796,0.9973659614240796,0.9973659614240796,0.7938520396814801,0.0,0.6742499005535593,0.991194323330768,0.684797146678555,0.8935563723651634,0.9973659614240796,0.6641835794529447,0.8728607865723214,0.8135372528248581,0.8506213306225747,0.8340734423979004,0.6886377769738408,0.6716892444717779,0.9660831103181676,0.8962954186906442,0.9973659614240796,0.665281289357996,0.9067598606051,0.8444458291791288,0.7925918346464744,0.3898936260937292,0.666892295258347,0.9491336259079898,0.6630840624872141,0.8935563723651634,0.9973659614240796,0.665281289357996,0.7271633768685626,0.8444458291791288,0.9067598606051,0.8340734423979004,0.8728607865723214,0.9491336259079898,0.7525883633018873,0.8935563723651634,0.9973659614240796,0.6631487900581491,0.7478967393775858,0.8444458291791288,0.9067598606051,0.3898936260937292,0.6661839320377909,0.7494701144552772,0.6653458043488396,0.8935563723651634,0.9973659614240796,0.6650877069574539,0.8263844684914062,0.7385750173713181,0.9745578481945464,0.8340734423979004,0.6650877069574539,0.9973659614240796,0.6650877069574539,0.8935563723651634,0.9973659614240796,0.6654748156219479,0.9067598606051,0.8579200669596144,0.9973659614240796,0.3898936260937292,0.6636730782795371,0.9973659614240796,0.6666347957035038
680_YAHOO_id_130_Synthetic_tr_500_1st_893,0.7210239254045853,0.9861613461236038,0.782033722193359,0.9861613461236038,0.6619067102881797,0.6639436775614176,0.7445323406235452,0.9861613461236038,0.9861613461236038,0.9861613461236038,0.7127690564562158,0.9861613461236038,0.7107311952026983,0.7988422319784728,0.6739129016651376,0.6813229845028264,0.7401699318035578,0.9861613461236038,0.9861613461236038,0.7612319287989243,0.7066332381955459,0.9861613461236038,0.7107311952026983,0.9861613461236038,0.6739129016651376,0.8225051821143021,0.8603463055031711,0.8615072182243604,0.9861613461236038,0.7269384413916233,0.7213649264218376,0.9861613461236038,0.7107311952026983,0.9861613461236038,0.6739129016651376,0.7362838032113483,0.7401699318035578,0.8615072182243604,0.9861613461236038,0.6931433271327788,0.6978907126690373,0.9861613461236038,0.7286781960521379,0.9861613461236038,0.6572601645337279,0.6835095175850993,0.8258846121340002,0.7386304347826081,0.9861613461236038,0.7038309769921007,0.7178964866503609,0.9861613461236038,0.71372921263075,0.9861613461236038,0.6526642854580834,0.6761456804216396,0.7372506583509111,0.7851893725268507,0.9861613461236038,0.7433125412343305,0.719376141491724,0.9861613461236038,0.7273942281234876,0.9861613461236038,0.6641318655521362,0.7094685852426298,0.6778507450796853,0.7851893725268507,0.9861613461236038,0.8053592280744878
689_YAHOO_id_139_WebService_tr_500_1st_1073,0.6846505406309213,0.7692324150270244,0.9977066168351306,0.9977066168351306,0.9977066168351306,0.8559609604757128,0.0,0.922536009188551,0.9977066168351306,0.7043105572530346,0.7009062071704009,0.839827971176291,0.720819240401338,0.758063738717893,0.6825924052590371,0.6957164307190942,0.7137950316329571,0.9244766842590648,0.9977066168351306,0.7180212971558956,0.7009062071704009,0.7413834542411106,0.7191878273262037,0.8068153091662871,0.7619835236778929,0.933879079639484,0.7137950316329571,0.9164776597094147,0.9977066168351306,0.7246179118134031,0.7009062071704009,0.7436389828529935,0.8491313982205076,0.7919207874453361,0.7412162289549588,0.7730971861636282,0.7137950316329571,0.92379418147995,0.9977066168351306,0.7703013770467666,0.7009062071704009,0.7759422652023095,0.964776728225512,0.7268843190988925,0.6753109968340586,0.8421155921891859,0.7137950316329571,0.8994614460996492,0.9977066168351306,0.8587459132223452,0.6786454716344282,0.7379549713351387,0.933879079639484,0.9977066168351306,0.8481062085122995,0.933879079639484,0.7137950316329571,0.9226218912562232,0.9977066168351306,0.9506913172365408,0.7009062071704009,0.7315505372744796,0.720657976142187,0.9977066168351306,0.9977066168351306,0.6819490330231863,0.604009966036824,0.9271213482060936,0.940240331938282,0.8447665643443303
693_YAHOO_id_143_WebService_tr_500_1st_1003,0.7102936821481145,0.8555435252869568,0.8452532515941998,0.8520386301630066,0.9448742392075986,0.7918967248499902,0.6719780099730802,0.8292847045196772,0.78998071480826,0.9895079778447236,0.6949632059622944,0.9929260061201106,0.9354123755447492,0.7266090534909281,0.6831851875913271,0.814008834977366,0.6719780099730802,0.7303564202083106,0.9929260061201106,0.9895079778447236,0.6854291353875945,0.9929260061201106,0.8452532515941998,0.8476216181654275,0.6981293396642801,0.6903832542030331,0.648391892855987,0.7627992569573441,0.9929260061201106,0.9929260061201106,0.6949632059622944,0.7877639888368221,0.8450091629871505,0.7667092251871316,0.7497667035912023,0.7739090657023285,0.648391892855987,0.7056616224840153,0.6851206175877892,0.929563011042636,0.6892587429066124,0.9929260061201106,0.8452532515941998,0.7626802402235053,0.8417179250076386,0.9506808743537184,0.4933073993044584,0.7060020449322192,0.7178942146505661,0.9895079778447236,0.6949632059622944,0.9929260061201106,0.8690476379403534,0.769323885876211,0.8840935134640471,0.9506808743537184,0.648391892855987,0.8308574747604233,0.9895079778447236,0.9895079778447236,0.6735380551260673,0.9929260061201106,0.8784220228199966,0.767569780330362,0.79671170540293,0.8586191059042894,0.648391892855987,0.8037337794666832,0.9130959311804744,0.9679064836146364
701_YAHOO_id_151_Synthetic_tr_500_1st_893,0.767203447536603,0.7427703546108008,0.710893585551292,0.989113022841886,0.789391480200439,0.671557309776445,0.8754949841605063,0.989113022841886,0.989113022841886,0.7186689227298361,0.7216496703826851,0.989113022841886,0.710893585551292,0.989113022841886,0.7012911425876538,0.6664045876924433,0.7365855945227204,0.6956867644787218,0.989113022841886,0.710893585551292,0.8038682513605012,0.989113022841886,0.710893585551292,0.989113022841886,0.7012911425876538,0.6799708064575913,0.9284472763894092,0.7235431953352279,0.989113022841886,0.7177007939107254,0.697816803834421,0.989113022841886,0.7177007939107254,0.7316240807460456,0.8907743292677696,0.7089861906197892,0.9070188888759162,0.7839342429252852,0.989113022841886,0.7075675867872419,0.6929436400151735,0.989113022841886,0.7074462468314826,0.989113022841886,0.7256423537175365,0.8035994079875827,0.7702708388231095,0.989113022841886,0.989113022841886,0.7478384902431745,0.8765931935812629,0.989113022841886,0.7766043927581052,0.989113022841886,0.6655958618858506,0.7089861906197892,0.9070188888759162,0.989113022841886,0.989113022841886,0.710893585551292,0.8765931935812629,0.9029713807423616,0.680673880138861,0.989113022841886,0.7664937766769947,0.7089861906197892,0.8480586972212317,0.989113022841886,0.989113022841886,0.7254300584919824
723_YAHOO_id_173_WebService_tr_500_1st_1214,0.7104456483057041,0.714150767708297,0.990153972892194,0.7676217780143134,0.6822735422449702,0.7676217780143134,0.6404032248908128,0.7805109714262003,0.6923519975249833,0.990153972892194,0.7035592262187433,0.6909987765015408,0.990153972892194,0.7854111389204431,0.7353455238956427,0.7385349681457494,0.6404032248908128,0.7785213310142539,0.6901939197798641,0.910975641193291,0.7023553795002124,0.6909987765015408,0.990153972892194,0.7780745079091929,0.7428291390427697,0.7676217780143134,0.7100992274561996,0.7511283510637153,0.9964435153047148,0.990153972892194,0.7020083972141465,0.687707178184942,0.990153972892194,0.682853255464226,0.7353455238956427,0.7676217780143134,0.6404032248908128,0.7457489076900508,0.9964435153047148,0.990153972892194,0.7020038738768255,0.6986035913342302,0.9964435153047148,0.7676217780143134,0.7353455238956427,0.7150195454717365,0.6404032248908128,0.7733784454680325,0.7938707011197156,0.9409047388523436,0.7020652700966248,0.6964863288013035,0.9964435153047148,0.7700228694636436,0.7353455238956427,0.7676217780143134,0.6404032248908128,0.7631194471305435,0.7299062623457037,0.935278063750694,0.7047802257852617,0.6925933001507681,0.9964435153047148,0.6776121718495766,0.7353455238956427,0.723368032408375,0.6404032248908128,0.7676217780143134,0.7303421341194265,0.990153972892194
724_YAHOO_id_174_WebService_tr_500_1st_1030,0.7036488989389137,0.9355990710876826,0.6960252534882798,0.8099352244271129,0.7322595273261785,0.8073978375222958,0.0,0.7465464263612449,0.8426736463814767,0.8743738968573597,0.6910215205064151,0.8609424260576842,0.7120352237608508,0.6663952218879775,0.6870583485067473,0.6942957130569022,0.2401502728882778,0.7117576352103253,0.7338401220052972,0.9012484510856796,0.6949536685226533,0.821519882000442,0.7128660422513836,0.6714528979976668,0.6875155055930561,0.722035488903387,0.754708560302271,0.7334112856373777,0.886155473224424,0.8928353468262763,0.6910215205064151,0.976094897989463,0.7224240851852578,0.6783382820968918,0.7070190784345295,0.71516215335427,0.754708560302271,0.7773443017497151,0.6886150125987569,0.8442013214267897,0.6810915257111743,0.9247272437393684,0.835045590470485,0.7511823379164428,0.7251442785317996,0.7114689814614236,0.2401502728882778,0.7725589953347193,0.7367804048773771,0.6792276051386791,0.6949536685226533,0.976094897989463,0.8632448299715006,0.7585095443552454,0.6662297652011598,0.7040227474771149,0.2401502728882778,0.7093619770971233,0.7914967239743782,0.8608070083916112,0.7036488989389137,0.9262163124480496,0.7225842165064622,0.8050768747802046,0.7167192748347546,0.7737789003364679,0.754708560302271,0.7560421446853054,0.7733451687435041,0.8145116475727173
734_YAHOO_id_184_WebService_tr_500_1st_768,0.6926266766208105,0.915305886243574,0.9942370406362916,0.7755880888892034,0.7447763039111185,0.7512464453964735,0.957338404798266,0.959040737536496,0.8192693489815948,0.9907003380892776,0.7344074656277608,0.8905158237967628,0.9981713988049912,0.8800649503985409,0.7335159174254993,0.7391177253698501,0.470663351121026,0.7971174507377746,0.8214928608324966,0.9918553388810256,0.6938543226039995,0.8734545184807445,0.9952370579497796,0.8868058781360477,0.7335159174254993,0.7054160495166725,0.7015057883256226,0.89283757504971,0.8855751108979186,0.996485284612989,0.7179402832421452,0.8741268810271109,0.9920178350043376,0.8948535084611169,0.8202407046459311,0.7065914426737574,0.470663351121026,0.870317524700603,0.8596190775878001,0.9901364646474292,0.712066969994726,0.8722808705221492,0.99014059483176,0.8469956405180096,0.7154363098942454,0.751439483629237,0.470663351121026,0.85997686816295,0.7611892741826699,0.960763102471857,0.7224345344848754,0.8905158237967628,0.9963209136162448,0.8236968412954611,0.7335159174254993,0.7464217845615143,0.7015057883256226,0.9290526611122986,0.8011754137659731,0.9942370406362916,0.697651150961668,0.8837479859926488,0.996955445527759,0.7877441081814386,0.746628600451296,0.7485627344913701,0.957338404798266,0.9545477071093376,0.8423546168115689,0.996955445527759
741_YAHOO_id_191_WebService_tr_500_1st_1114,0.7995227118784158,0.6874597293229471,0.7696492760586229,0.9934661850697448,0.7762716959105879,0.675726846036662,0.0,0.7581561848740452,0.8522062623422461,0.7851418550507406,0.7656827106384544,0.676181575392973,0.7696492760586229,0.9934661850697448,0.6914476261779205,0.6706502635028729,0.4792444308801927,0.8200992962764063,0.8015820681145915,0.7802402531370867,0.6895898347644649,0.6949499814890088,0.7696492760586229,0.9934661850697448,0.9070290871868312,0.687642234889133,0.4792444308801927,0.757401506084289,0.7503000226748551,0.7775094520196749,0.6608913104434072,0.6652619750332794,0.7767150055878681,0.8982592019148209,0.8824673545010584,0.687642234889133,0.4792444308801927,0.6980639137625371,0.8590181250975196,0.7750876603714034,0.6648704088034355,0.6650774731823594,0.7802402531370867,0.7122045557884326,0.6952278898283266,0.6825937647831994,0.4792444308801927,0.786592813678845,0.6856064247162934,0.7258775546174469,0.6648063117108698,0.6650774731823594,0.7750384080625924,0.9934661850697448,0.6966733062013201,0.666985592353118,0.4792444308801927,0.7552962811623153,0.839505562072054,0.7546554547763332,0.6608913104434072,0.6741124139115713,0.7696492760586229,0.9934661850697448,0.8799415112334181,0.687642234889133,0.8063944332845119,0.7655447570042592,0.7386477904446204,0.7851418550507406
755_YAHOO_id_205_Synthetic_tr_500_1st_893,0.6763747904484069,0.681812355806203,0.6990047745902386,0.9785506732027588,0.6838725245319218,0.9108067835095432,0.659789560208234,0.6996951129961752,0.9785506732027588,0.6990047745902386,0.6771061319393047,0.6927723444974417,0.6927723444974417,0.9785506732027588,0.8492961867479814,0.775616014038539,0.9785506732027588,0.6996951129961752,0.7618221783056721,0.6990047745902386,0.6763747904484069,0.6708921790190135,0.6990047745902386,0.9785506732027588,0.8492961867479814,0.7889559621346014,0.6582626445550257,0.6996951129961752,0.6996951129961752,0.6990047745902386,0.6763747904484069,0.372781190361693,0.6990047745902386,0.9785506732027588,0.7297505330769327,0.7889559621346014,0.9108067835095432,0.6990047745902386,0.6813740450027985,0.6870979336066295,0.6668057157482221,0.6708921790190135,0.6927723444974417,0.9785506732027588,0.8492961867479814,0.7425197732849163,0.8775542250657298,0.6996951129961752,0.6996951129961752,0.6927723444974417,0.6763747904484069,0.6708921790190135,0.6927723444974417,0.9785506732027588,0.6665739141651368,0.7632620340243932,0.8775542250657298,0.6996951129961752,0.6763747904484069,0.6990047745902386,0.6901251784706307,0.6708921790190135,0.6927723444974417,0.9785506732027588,0.6601234825428911,0.8971197599560992,0.9137699220807808,0.6996951129961752,0.9785506732027588,0.681812355806203
762_YAHOO_id_212_WebService_tr_500_1st_1055,0.6613371957346862,0.7771745661696143,0.8038480029075379,0.8654620193542857,0.8772691062560377,0.8402364539812003,0.0,0.6699878412122738,0.914834690335869,0.7859577091602872,0.661775807040616,0.6710627865094612,0.6654411524326497,0.8341647567100178,0.8029107125106163,0.7598293730322494,0.4852067988969378,0.6638714850637277,0.664220619046622,0.666002244816631,0.6452891324275167,0.7914572674393028,0.6654411524326497,0.9583537453006526,0.7721786708622667,0.7613184988725965,0.4852067988969378,0.7694584786879981,0.709851434835214,0.67781516091551,0.6613371957346862,0.7957739430583305,0.6654411524326497,0.8337576455426086,0.7519641867984033,0.959079841424415,0.4852067988969378,0.6638714850637277,0.7253281643950444,0.6645695706178792,0.652432189858169,0.7926387442613867,0.6637143152215152,0.7355722121123422,0.664220619046622,0.8517813643496459,0.4852067988969378,0.6640460748655679,0.6654411524326497,0.6637143152215152,0.652432189858169,0.7882547298868732,0.6654411524326497,0.9955265751762828,0.8630863498275058,0.7494869041330493,0.4852067988969378,0.6645695706178792,0.6637143152215152,0.789805272282937,0.652432189858169,0.7944848452034727,0.6645695706178792,0.9955265751762828,0.7497215409833665,0.7702460937989286,0.7438674679260636,0.6640460748655679,0.7294007945263647,0.664220619046622
780_YAHOO_id_230_Synthetic_tr_500_1st_893,0.7092456042416725,0.7183734212077575,0.9826951399116344,0.9826951399116344,0.6486652414091144,0.7086691640804219,0.7729884259901739,0.9826951399116344,0.7848763485191312,0.7086047780766327,0.8964253509055579,0.9072882086768588,0.6755780945587369,0.9826951399116344,0.693844141908402,0.7210895827048992,0.8300428730217535,0.739983633752678,0.838371106920395,0.7094663492045602,0.752963057339214,0.9826951399116344,0.7137775945883689,0.9826951399116344,0.6802487026497513,0.6824422477487341,0.8340497218397748,0.7014824473218483,0.7990349285238614,0.7529487909819842,0.7497948011810289,0.9826951399116344,0.6767249631294875,0.9826951399116344,0.6802487026497513,0.6828787507891307,0.8949657551367289,0.974635394373792,0.7318117008821445,0.7297019216372854,0.8568439872994991,0.8525747508305643,0.7038889467232352,0.9826951399116344,0.6802487026497513,0.6703239939872419,0.801481969182433,0.9237860296027,0.7508488511482235,0.9072882086768588,0.7508488511482235,0.9592240323947636,0.7043384757467263,0.9826951399116344,0.6802487026497513,0.7318797187947564,0.9072882086768588,0.710008754012255,0.7619630558159232,0.7043384757467263,0.8964253509055579,0.9072882086768588,0.7225346900869064,0.9826951399116344,0.6783478801248705,0.7210895827048992,0.9072882086768588,0.7864280224003509,0.838371106920395,0.7113057285703747
788_YAHOO_id_238_WebService_tr_500_1st_973,0.6819795996233786,0.9977066168351306,0.6641318780311568,0.7181584934560222,0.7048056091082063,0.8033674819423581,0.0,0.6632652838927383,0.6642998930211214,0.6645582951112392,0.6819795996233786,0.9977066168351306,0.6665832838549705,0.9508285748814158,0.8999800504325061,0.7004282189683037,0.471026712041564,0.6649457108383224,0.6630970085028323,0.6631358450453787,0.6819795996233786,0.9977066168351306,0.6634852724179745,0.9977066168351306,0.9977066168351306,0.6605599271731731,0.471026712041564,0.6634852724179745,0.6651651466556248,0.6678698871872206,0.6833343531673038,0.7619924693703876,0.6641706544726839,0.8298277299249784,0.792072721316845,0.6690770324929423,0.471026712041564,0.6659390497642125,0.6636534500870058,0.6650360755000126,0.6576863769835717,0.9977066168351306,0.6634852724179745,0.8999800504325061,0.7864178477498533,0.6737787994474067,0.7947010147373678,0.6643903451268165,0.6636146436124217,0.6645582951112392,0.6435274805358798,0.9977066168351306,0.6656811817893408,0.9977066168351306,0.7058560430546423,0.6605599271731731,0.0,0.6643903451268165,0.6682553841679523,0.6650360755000126,0.6435274805358798,0.9977066168351306,0.6634852724179745,0.9977066168351306,0.7097565054596383,0.6814067223214261,0.7947010147373678,0.6643903451268165,0.6650747994675186,0.6643903451268165
797_YAHOO_id_247_Synthetic_tr_500_1st_893,0.95017272586907,0.718399628335029,0.7614245790666999,0.8020000360465923,0.7032392275915719,0.666118924464583,0.6573724101082457,0.6714544306461794,0.989113022841886,0.8697860891935107,0.95017272586907,0.7219351134079812,0.7083109180755555,0.789391480200439,0.7338753071077823,0.7089861906197892,0.704042567058449,0.7853069081057954,0.858302714896753,0.7114526679024762,0.976712760686455,0.8393556849433237,0.7114526679024762,0.789391480200439,0.6924959745012715,0.6913301467839928,0.7365855945227204,0.7676615140249301,0.989113022841886,0.7114526679024762,0.989113022841886,0.8327277093361957,0.7195894101272867,0.789391480200439,0.7338753071077823,0.7089861906197892,0.7214517956864636,0.8586587444957636,0.8677383341529215,0.7091600950445948,0.95017272586907,0.8644186699409075,0.735933096485395,0.7556109119528742,0.7040460128456467,0.7089861906197892,0.6782601354916316,0.989113022841886,0.8172499566147967,0.7510389195386935,0.95017272586907,0.8640680283515074,0.7524560818772766,0.8012872404995754,0.7009851074501109,0.6810061833805074,0.6769615285663464,0.7011645892093527,0.7982155032562945,0.7470053366762862,0.976712760686455,0.8885424416037078,0.7114526679024762,0.8697860891935107,0.7009851074501109,0.7089861906197892,0.7702708388231095,0.6951653803748618,0.7982155032562945,0.9284472763894092
806_YAHOO_id_256_Synthetic_tr_500_1st_893,0.7072042074152727,0.7736530286018667,0.9861613461236038,0.9861613461236038,0.701500441306266,0.8603463055031711,0.9204873701677828,0.713965124590654,0.7016787660313524,0.9861613461236038,0.7408493456503955,0.9861613461236038,0.6868174898305235,0.7898866281252341,0.6764438074351997,0.9813063907065228,0.7017455690252957,0.6803073579810884,0.9196028321253504,0.7988422319784728,0.6880690445875488,0.8808991689630477,0.7041339382751162,0.80928634751773,0.6861290497926508,0.8369318625974113,0.7170243720307446,0.67559878156263,0.732215721940907,0.7445323406235452,0.7218062592898328,0.9861613461236038,0.7043373840982277,0.9861613461236038,0.6640903121995722,0.7401896385371235,0.6735091194075211,0.6568051202738472,0.7653859964093352,0.7685900683946281,0.7326277222941998,0.9861613461236038,0.9861613461236038,0.9861613461236038,0.7078877178792262,0.7012371882558647,0.7656963155358525,0.6931204865070308,0.7374489374397571,0.9204873701677828,0.7457853325065278,0.8650447151609038,0.7233028948545885,0.7533425414364634,0.6636493475473918,0.714274886807994,0.7561181131163616,0.7776847360687591,0.9861613461236038,0.9861613461236038,0.7222614475603899,0.8269650655021829,0.7340951932139484,0.9861613461236038,0.6636493475473918,0.7084068704131067,0.6906191186570959,0.7004112576685719,0.7653859964093352,0.7958285724030896
807_YAHOO_id_257_WebService_tr_500_1st_1210,0.7352360128734732,0.7913848665583452,0.7480892993837235,0.7068329162790058,0.6889505663063749,0.6755384998683756,0.6744406001543497,0.903921045342964,0.8235238974112642,0.7577762315995221,0.7108511530615446,0.7268299659167465,0.743459982417776,0.6695605126443551,0.717205426172581,0.6820828135726393,0.6744406001543497,0.7669606891976585,0.701446544769039,0.7294566268379978,0.7098044916089263,0.7232459235610977,0.7277852841279056,0.6870211240065052,0.717205426172581,0.6712754502281251,0.7386445217413072,0.903921045342964,0.7903014917569215,0.7215950153178009,0.7104160216823894,0.6948814980227331,0.7473270029924323,0.704537317761941,0.6745797653625085,0.6755910217112227,0.7386445217413072,0.7242419307550491,0.6803367155529768,0.7508538471777068,0.7150621889527846,0.7474354331850583,0.7508538471777068,0.6862014442065935,0.717205426172581,0.6785133639336745,0.7386445217413072,0.903921045342964,0.886750911441654,0.7641486300302921,0.7112047786031219,0.7306634574667878,0.756696336966875,0.6829667622097804,0.717205426172581,0.7227473657002068,0.3220091561543067,0.903921045342964,0.8856492494425328,0.7730042066618492,0.7124470230260382,0.7212758178516592,0.7508538471777068,0.7627336014235948,0.6872545118540822,0.6797471381015628,0.3220091561543067,0.8787456814636958,0.8688071244318328,0.7569224708820504
810_Exathlon_id_1_Facility_tr_10766_1st_12590,0.6785369398216313,0.9998337519972575,0.999914479083918,0.9960812421591344,0.9916099372450607,0.7823216900188501,0.739833195447874,0.95664662076459,0.9925109646765418,0.9996134082746182,0.6943148032718752,0.9908639299488112,0.9998964150107176,0.9487521315612516,0.8737972716779104,0.775901184343774,0.707111796711805,0.7943905610965789,0.9797830856229988,0.9999631795443936,0.6808686392583212,0.9983911498294428,0.9998189937019232,0.8974730306316017,0.990961403831119,0.792608219666309,0.7398633407212545,0.9289235964991812,0.9784676445709916,0.9999278610940394,0.7910643423180316,0.9964897411778698,0.999914479083918,0.897071162501261,0.9923639018436008,0.7610721707975493,0.7749967479571703,0.9374962760833796,0.9808308062591328,0.9996037942656594,0.6928816146668356,0.9977597742665344,0.9999133388960956,0.9566883171561692,0.9857445308250984,0.7275877428122832,0.7234004886093415,0.9477496565392884,0.9823155166914193,0.99984798612238,0.7300878623794248,0.999253454627644,0.9999133388960956,0.9349260731297484,0.9934890719290114,0.7762771977629768,0.8174973489817763,0.9166952633641742,0.9743823813375284,0.999914479083918,0.7261779429291239,0.9975971866932574,0.9999133388960956,0.993089128985868,0.9924830826554344,0.76152596681628,0.7905957988856943,0.9416084288504044,0.969705004240402,0.9998744499875154
811_Exathlon_id_2_Facility_tr_10766_1st_12590,0.6812843485681043,0.9999336712888354,0.9999523566229864,0.9614411736181484,0.9278333943621137,0.951320190569046,0.9977784114404152,0.9979079407892708,0.967709842249439,0.9999378351364454,0.6838999805648481,0.9999141296124106,0.9999350514597471,0.8480993488071767,0.971737788360177,0.7800851626236919,0.9976029323033468,0.96167785448708,0.9296826826028872,0.9999378351364454,0.6830373804569734,0.9999312689452524,0.9999378351364454,0.9415315938460228,0.9627819093076816,0.7025422706133839,0.9976714525503608,0.9907087951966076,0.9836636603808891,0.9999378351364454,0.6791071640914234,0.9999274864021448,0.9999177709278196,0.9637825692910048,0.9718982527913664,0.7366995877465249,0.9977564930782804,0.9908983340397252,0.9757765730263602,0.9999331758766988,0.679901610112884,0.9999249660490416,0.9999378351364454,0.9431540222825736,0.974504765317756,0.6831814301126437,0.99798633880478,0.986922133550408,0.9721500779850496,0.9999366950018784,0.6827800624641918,0.9999249660490416,0.9999378351364454,0.9449727415283636,0.976556848969992,0.7609405058884912,0.997719505613852,0.9913116968292592,0.9633123133446,0.9999470527853488,0.706282978620314,0.9999312689452524,0.9999378351364454,0.9009681288455362,0.97864478984867,0.7635069174728261,0.9974642673715514,0.9939539284311713,0.9754624546772795,0.999935314835503
812_Exathlon_id_3_Facility_tr_10766_1st_12590,0.6808417091986827,0.999583237061542,0.9996141371653052,0.9468403286963114,0.9890413992988876,0.9848193370382202,0.9922911016375204,0.997955848891208,0.99763027810611,0.9995589690158256,0.6924865647542203,0.9994719528220336,0.999546672638322,0.9266505615753284,0.9848219328523256,0.9981508172584788,0.9918878679160542,0.9926650666789352,0.994066623868874,0.9995125867067636,0.6823916831659343,0.999546849397264,0.9995887769720772,0.9574817644728394,0.9939995019161676,0.9952349083050048,0.9922911016375204,0.9977132823296264,0.9863378856697216,0.9996896388476793,0.6823916831659343,0.9995511950084034,0.99962840310233,0.9580614466629264,0.9863424022578784,0.998440269736904,0.9918878679160542,0.999108010680118,0.9951578627066908,0.9996184953697836,0.6817901524527664,0.999498323437968,0.9996613713770418,0.9020658213335618,0.9919671210357888,0.998464147316359,0.9918878679160542,0.9974525717166424,0.987737066868944,0.9995414482678794,0.6909749088242412,0.9995112287063916,0.999633137190702,0.9165011790355008,0.985971385689664,0.9992167262408594,0.9922911016375204,0.9986748791027082,0.995595324211666,0.9996307248948334,0.7188946058631027,0.9995645440346944,0.9996133727982,0.9517297124615068,0.9896818908811528,0.9983999464576364,0.9918878679160542,0.9991242802685686,0.9912842095053988,0.9996072304017338
814_Exathlon_id_5_Facility_tr_10766_1st_12590,0.6812760948411531,0.9999378351364454,0.9999378351364454,0.970193958543312,0.9309484551586944,0.958694080412268,0.997774926709278,0.9935204962345104,0.9680413513804678,0.999935314835503,0.6776375376239575,0.9999324090921916,0.9999378351364454,0.915775234789897,0.9684371633320372,0.6814700522803081,0.9976606011961624,0.9688360812046856,0.9531598573707444,0.9999378351364454,0.6769832377761508,0.9999329124998164,0.9999378351364454,0.9132571388209484,0.9740900449765804,0.6896022550938482,0.9980792722587436,0.9919853425912472,0.9739665714968856,0.9999221902956,0.6800425136683684,0.9999296253852866,0.9999378351364454,0.8883411108601813,0.9385567267484984,0.7166923094692044,0.99774702063318,0.989796716261117,0.9658426675438312,0.9999356961884222,0.6835310185764479,0.9999152697984302,0.9999378351364454,0.9579864662418764,0.9858606621782924,0.6813895622089334,0.9974642673715514,0.9850502038346935,0.9484872375750172,0.9999366950018784,0.6799629448995671,0.9999249660490416,0.9999378351364454,0.9305876661113304,0.9772161613195516,0.7544281476560772,0.9978302906722594,0.9837027105334448,0.967068910633879,0.9999378351364454,0.6832771626375428,0.9999249660490416,0.9999378351364454,0.9840032663756776,0.9727995788035716,0.7413379249931892,0.9976106157505624,0.9912864757150056,0.9785339901371084,0.9999366950018784
815_Exathlon_id_6_Facility_tr_10766_1st_12590,0.6816573659634573,0.9995546347536854,0.9996016453876044,0.9272536716744672,0.9925544920315288,0.9847404786207832,0.9922911016375204,0.997592956317661,0.9971139433115666,0.999563731999451,0.6807197891431671,0.9994580854471024,0.9995545297848564,0.9642733353671936,0.9903006610256556,0.998209406860833,0.9922911016375204,0.9915275536127351,0.9897914903812918,0.9994204154936394,0.6796703948047113,0.9994688064251886,0.9994899805954434,0.9448605690428452,0.987393623503558,0.9989492348842334,0.9918878679160542,0.9965929321615276,0.9921125439887748,0.9996563409212812,0.6804567475781834,0.999542607717522,0.9996668969017848,0.9555711591331416,0.9777626099708664,0.9956744800446166,0.9918878679160542,0.998762742666402,0.990570932418698,0.999637962583627,0.6827379536758168,0.9995875662087768,0.9996368889304464,0.904283679449598,0.9936793259235108,0.9980370056344046,0.9922911016375204,0.9959420513649802,0.9962863051259536,0.9995854914986758,0.7236403648961156,0.9993766296559692,0.999662166703168,0.9355721469937408,0.9822658703223578,0.9982362690494054,0.9922911016375204,0.9980716292049502,0.9958633672109496,0.9996421382032966,0.6924517522970679,0.999492822545454,0.9995746144113604,0.9447093395118128,0.9834542612486,0.997396147849326,0.9918878679160542,0.9979568868121648,0.993897634490264,0.999580419913336
816_Exathlon_id_7_Facility_tr_10766_1st_12590,0.6834400894766637,0.9992812605022598,0.9989876300915014,0.684747584453346,0.687260363382417,0.902663033133364,0.7756285036424638,0.8310266129100881,0.7458320997750532,0.9990682955312932,0.6811231013246419,0.9981995836508846,0.9988270944731475,0.7470219213417157,0.7899140131382213,0.6906160176839742,0.6894706703371336,0.7285258890820899,0.7907146279753636,0.9985067930936368,0.6806163624970851,0.9986697755669156,0.9994176656033068,0.7005292978861798,0.6864649063532786,0.6935780359227616,0.7376195982378918,0.8665686388525368,0.6999114368603342,0.9989986565880192,0.6832308471980167,0.9984384995010488,0.998901609274832,0.6882573697707909,0.7899140131382213,0.7190910505746222,0.7540129953169066,0.8665792149822938,0.7039145579743253,0.9982896910808988,0.6927623215580283,0.9986297429102826,0.999020747601212,0.6912430208652148,0.6882826331795616,0.725671422970165,0.7181620758553374,0.8350023098721042,0.6946207715015179,0.9973467470440304,0.6855731644850587,0.9992872289538598,0.9986325874951936,0.6885179717375888,0.7778119438780672,0.7553417062839772,0.7472502377605111,0.8576380930332881,0.6940560068014169,0.998341367623048,0.7461044332311083,0.9987767000651946,0.9980540831928664,0.6883998746471792,0.7899140131382213,0.6879788804556518,0.6948714879495751,0.9124470471882722,0.6976397607060261,0.9975206190839264
817_Exathlon_id_8_Facility_tr_10766_1st_12590,0.6815908134579874,0.9921382961101828,0.9909991944179976,0.8445537205804287,0.90573324784453,0.9718521877975894,0.4413547799999164,0.932643751182578,0.922717347557528,0.989089995276078,0.6815908134579874,0.988333130480869,0.9708572122644048,0.7884410915323099,0.8889339027135345,0.9150120099823827,0.4413547799999164,0.88574361710309,0.93795215797264,0.9726984666826904,0.6802265001497206,0.9861247640252568,0.97690473083194,0.8084948307808366,0.9419891177704628,0.922131356779495,0.4413547799999164,0.9307127136917474,0.9348242155999916,0.9835716630897838,0.7537622695363005,0.985866930451319,0.9777416807682124,0.8110690587552175,0.9717826006288282,0.9597803688204772,0.675396307004518,0.9384114715088556,0.9186152011089032,0.9757845908703782,0.6815908134579874,0.9886373069277344,0.980663043068302,0.7860130583756446,0.9015758022751528,0.9088748618156224,0.675396307004518,0.9201296766272644,0.9223485263162384,0.9660754260807912,0.6809695815115934,0.9930018149241686,0.9768346337725188,0.8091427679770988,0.9571252377974114,0.9285425598168234,0.675396307004518,0.9378825682533084,0.9212923647910524,0.9610770738840352,0.6815908134579874,0.9963541032602636,0.9789073775677756,0.8301663649563888,0.9010158686016092,0.9509379978828086,0.4413547799999164,0.9182628376344684,0.9228658319765616,0.9763216396511206
818_Exathlon_id_9_Facility_tr_11665_1st_13484,0.6746530785235046,0.9473140145801642,0.9473140145801642,0.7048398988258658,0.8306278882685965,0.6704566185936903,0.9031101548463202,0.9989523133408856,0.9998439463413792,0.9472361427667444,0.6722470058324852,0.8217539524708959,0.9473140145801642,0.8019873957546776,0.9757184178000732,0.6692696639739854,0.7958515115377138,0.9987585850944498,0.9835469588957328,0.9472361427667444,0.6677811433892419,0.7334146914375012,0.9473140145801642,0.7033268484080865,0.9793850376600586,0.6704566185936903,0.7493809199061626,0.9987585850944498,0.999319094357294,0.9472361427667444,0.6677811433892419,0.8044724413561619,0.9473140145801642,0.694603302732201,0.8907064810351076,0.6704566185936903,0.7458786998262887,0.9987585850944498,0.999367328738574,0.9472361427667444,0.7050208815047455,0.7331126872900398,0.9472361427667444,0.8328651049051415,0.7329465896922981,0.6704566185936903,0.7886472997050246,0.999162067245222,0.9969650513416762,0.9472361427667444,0.6677811433892419,0.7325988833973656,0.9473140145801642,0.7839791501421819,0.8233032799798086,0.6704566185936903,0.7642245973669729,0.999901516948457,0.9997142505702252,0.9473140145801642,0.6722470058324852,0.7325988833973656,0.9472361427667444,0.8167926395819533,0.691212345485812,0.6704566185936903,0.7910706930300413,0.999901516948457,0.99962863676302,0.9473140145801642
819_Exathlon_id_10_Facility_tr_10766_1st_12590,0.6817236133536011,0.9996383298486414,0.9996623992188248,0.837506265373505,0.7073338745141334,0.9952147824822788,0.9996203065445468,0.963364248388728,0.9813232175216832,0.9998894445478688,0.6809892979331457,0.998424417346381,0.9998973524136952,0.7285938875664196,0.9759131112797644,0.9708207834803968,0.9996203065445468,0.9269873128668764,0.95276196965584,0.9998910032581302,0.6829773450567405,0.9986121474711872,0.9999003587504282,0.7671741131892115,0.9582233117027004,0.973844562244924,0.9996203065445468,0.9690109497900536,0.9831891281132912,0.9999247226221488,0.680051666648984,0.9988468646065116,0.9999176910527886,0.7817746296859633,0.879639230985891,0.9822096220113884,0.9996203065445468,0.9699714141604684,0.9779142744457464,0.999925315142446,0.682195507907249,0.9979284553487642,0.9999018988477576,0.8585878939748616,0.9655458489499206,0.9767872174248342,0.99959659072548,0.9660876469450292,0.9829788815036792,0.999905412325866,0.6795669723446933,0.9993197925227628,0.9996419677987992,0.802093932496621,0.9431206034372144,0.9798745263847916,0.99959659072548,0.980252253147984,0.9847208299408576,0.9999107205391826,0.680051666648984,0.9992141406822193,0.9999221937237364,0.8348887246754103,0.8853009409393698,0.9861585284987966,0.9996203065445468,0.9771545912506056,0.9798861659097262,0.9999180288963186
820_Exathlon_id_11_Facility_tr_11665_1st_13484,0.6766067649609024,0.9996802530999528,0.9988448957668652,0.7047608632350454,0.7555401461537585,0.7823626811821462,0.9986296797214964,0.9821233954699164,0.9150835561433276,0.9987382313686098,0.6676724724232935,0.9996191116580356,0.9955590441835837,0.7370199681027739,0.7432493932754505,0.6965478176563864,0.998177680742885,0.98610030609752,0.9355518222346956,0.996795654590806,0.6695317623275198,0.9992416857661024,0.9955470787517572,0.7474713267305304,0.7143071235567301,0.6990430359819354,0.9987489708865358,0.9844959587830276,0.9149460620242584,0.9961303897978636,0.6695317623275198,0.9994857960906524,0.9951097349236498,0.6928258963874775,0.6936901764397521,0.697208104974626,0.9980518839731078,0.98352712905675,0.9224384941232996,0.9960461016257026,0.6745911028008785,0.9992932046329004,0.9959574269884384,0.7922161882242362,0.6715333689569142,0.6988804716715922,0.9968528236920796,0.9862193190904864,0.952102589854867,0.9963701082052708,0.6745911028008785,0.9996191116580356,0.995922776328974,0.7351219407655613,0.6936840121260874,0.7140994054199072,0.9939734351077942,0.9891646403765676,0.9137184137808828,0.9971642580886024,0.6677811433892419,0.9990935933980516,0.9957000745740452,0.7370740552265199,0.6919885884393425,0.7146246166338976,0.9988963598608442,0.987364002246604,0.909754146436829,0.9975691864721848
821_Exathlon_id_12_Facility_tr_6985_1st_7085,0.6772466117330477,0.9976075943152222,0.9997129866774184,0.7312848370250329,0.703204890276274,0.7673854790538152,0.0,0.9763629754171728,0.9003657368039251,0.9997124553047692,0.6744243069912605,0.7471272028887953,0.9997147880932672,0.7741676116669819,0.7406159519396365,0.8428503732442351,0.6692827112188725,0.9621790157382536,0.7776193649342139,0.9996681102448866,0.6769647229705983,0.9144982621794064,0.9997147880932672,0.7505288692819878,0.6850850014356811,0.8312730864121725,0.6692827112188725,0.9981435494590808,0.8450963965481004,0.9997004397566442,0.6771502671021865,0.8742477408351238,0.9997147880932672,0.7271715160665846,0.695647893114354,0.8210316809290497,0.3302021478306296,0.9929763655398776,0.9287392813446332,0.9997004397566442,0.6756062393588123,0.8291719298136101,0.9997147880932672,0.7014892172231018,0.8082894293076613,0.7164454392534066,0.3302021478306296,0.9603138295694084,0.8892145369394465,0.9997004397566442,0.7327905267149643,0.9837233780204312,0.9997106538805182,0.7216076966829947,0.7008242843761628,0.7764606685610488,0.3302021478306296,0.9972786120390912,0.9428718359122048,0.9996988416090244,0.6846331912983754,0.9865836922621984,0.9997147880932672,0.7300213553249699,0.7033604657122788,0.7789114389228368,0.6692827112188725,0.997465024655049,0.9455498349530456,0.9997004397566442
822_Exathlon_id_13_Facility_tr_10766_1st_12590,0.7315089246915053,0.989359274919656,0.9871397786659496,0.8478669217541626,0.9429051892494384,0.9702436257467996,0.675396307004518,0.937045271035814,0.922855968736418,0.9918784407320578,0.7498316823580775,0.9848512384760004,0.976478601188847,0.7844508174613612,0.8930859038624006,0.9185028799736126,0.4413547799999164,0.8849641728132035,0.8809960731726129,0.9618136406764656,0.6828645890408774,0.9883625974399376,0.98915674853749,0.8048270877762356,0.9506465671024568,0.9315212051811286,0.4413547799999164,0.9186344710014852,0.9260582587002398,0.9880202578060648,0.7031516637709456,0.9794562821249766,0.979166586721712,0.8239773401993645,0.9894655197946242,0.958495308878902,0.4413547799999164,0.9241610552017336,0.9201141759655178,0.9916036466544624,0.6816516958324659,0.985909322852318,0.9612271429864108,0.7991351462627445,0.9056206256314098,0.8921918987132561,0.675396307004518,0.931253310084086,0.9375462775807244,0.959694384153724,0.6848108470328339,0.9934527939996362,0.9789073775677756,0.802767345697188,0.9394904896965126,0.9620546173288322,0.675396307004518,0.9378825682533084,0.926760783838369,0.9644328463492786,0.6815207559566747,0.993643492843505,0.978335645265235,0.8229584909415879,0.9440810024993228,0.9618632792227853,0.4413547799999164,0.9182525648815656,0.9233730551232208,0.9689745309229376
823_Exathlon_id_14_Facility_tr_10766_1st_12590,0.6940084377919209,0.9998687771472252,0.9998687771472252,0.9012688687783664,0.997337156369392,0.7257745648335481,0.8479382297395301,0.9952756435847864,0.993428524882637,0.9998687771472252,0.6940084377919209,0.9896140247321088,0.9998687771472252,0.8921348050296252,0.8881014429563476,0.809904124672873,0.8154955272621242,0.9952756435847864,0.9896140247321088,0.9998687771472252,0.6677394156204045,0.9896140247321088,0.9998687771472252,0.9012688687783664,0.8881014429563476,0.751259403565761,0.8577241200657255,0.9929566823353672,0.9906771301658212,0.9998687771472252,0.6890906065512057,0.9896140247321088,0.9998687771472252,0.9092482356728768,0.8511076817763117,0.8080158707357266,0.8577241200657255,0.9952756435847864,0.9906771301658212,0.9998687771472252,0.6940084377919209,0.9666141069720454,0.9998687771472252,0.9012688687783664,0.7853633133253665,0.8346223098679828,0.8110009048183442,0.9944854073822388,0.9906771301658212,0.9998687771472252,0.6890906065512057,0.9896140247321088,0.9998687771472252,0.9012688687783664,0.7250035285473146,0.6803206320990759,0.8309853664527408,0.9952756435847864,0.9906771301658212,0.9998687771472252,0.6677394156204045,0.9995567934257252,0.9998687771472252,0.9012688687783664,0.7048921666304423,0.809904124672873,0.8110009048183442,0.9952756435847864,0.9808041804466286,0.9998687771472252
824_Exathlon_id_15_Facility_tr_10766_1st_12590,0.6797771406126178,0.9999051699194188,0.999806205529704,0.991031586105561,0.996237117954695,0.9990730725135024,0.4413547799999164,0.9833828402901988,0.9745414298894988,0.9997873995433674,0.6800534615691857,0.9995309697737086,0.999820630337587,0.9600814787415664,0.9962279495685694,0.998921600844656,0.4413547799999164,0.981422322585402,0.979300560742916,0.9997731678347036,0.7283730899673808,0.99975907775483,0.9998182383368052,0.953215449909208,0.9966489666236674,0.999479215310225,0.675396307004518,0.9877044070436166,0.9825765796115132,0.9997838841696728,0.6796837798510896,0.9995755191707716,0.999820630337587,0.9227339834440036,0.9958713648744472,0.9995603396756244,0.675396307004518,0.9886688167884488,0.958443037170364,0.999800239208273,0.678993366297118,0.9996299299337704,0.9998117887410042,0.9216181174919136,0.9962525137269838,0.998986118108134,0.675396307004518,0.9834561514797108,0.924777666219806,0.9998093967406172,0.6940293838573155,0.9997496790785136,0.9998122439384606,0.9510637459882187,0.9963705438561848,0.9994719758943698,0.4413547799999164,0.9846895030329684,0.9707206811303144,0.999870485123578,0.6797771406126178,0.9997612522391228,0.9998222712386814,0.947271652455062,0.9961431527767164,0.9998002978702296,0.675396307004518,0.9868285562867992,0.9554287670170992,0.999860058494135
826_Exathlon_id_17_Facility_tr_11665_1st_13484,0.6779840641925329,0.9996343977192068,0.99901493387079,0.7011519036283071,0.756891792861012,0.7669474381216185,0.9991127919072876,0.9880334208418066,0.9149813035358028,0.9986553981648388,0.6779840641925329,0.9996191116580356,0.9963823889369192,0.7352107513934533,0.7797458412197954,0.6897986622637514,0.9674568160037984,0.9833852817358292,0.924857776067213,0.9960942972483394,0.6779840641925329,0.9989680818156236,0.9966479379181278,0.736746071026031,0.7170556287726509,0.7095814330783798,0.9951546466916106,0.9891646403765676,0.9235429793343176,0.9972963127395796,0.6725074756726319,0.9996191116580356,0.9961917293998104,0.695500860038702,0.7066999303325635,0.7014673418531531,0.9677804372833688,0.9903821640237692,0.930265488323752,0.9965472045764676,0.6779840641925329,0.9992932046329004,0.9968311759545276,0.7608352396992071,0.7702262340063962,0.6852896061320765,0.9921944765824388,0.9811840106132412,0.937472909636683,0.9963597739887312,0.6807032892432323,0.9989527753842684,0.998224294669436,0.7355927250021524,0.6930413579221045,0.7176838028515244,0.9874637315026898,0.9892604711596514,0.9021846336039034,0.9966565721500568,0.6779840641925329,0.9996191116580356,0.9963016760945218,0.7187791845657511,0.6721241966538664,0.723017347793347,0.998396999435096,0.9891646403765676,0.90985065252083,0.9959379387936056
827_Exathlon_id_18_Facility_tr_10766_1st_12590,0.6805207241561245,0.999898669470802,0.9998086257682944,0.9909644794354776,0.9948628514600047,0.9991150190316082,0.675396307004518,0.9839582377835148,0.9740500251623404,0.9997903192429558,0.8067158478768303,0.9996627823356524,0.999807817867699,0.9377098960237868,0.996506715528439,0.9988529376333296,0.4413547799999164,0.9775731133878944,0.9607058150360864,0.9998240315732896,0.6831261692399725,0.99970551393188,0.9998531784033784,0.91578909694196,0.9963331071797144,0.9997847048983716,0.4413547799999164,0.988914098026719,0.9802551863084106,0.9998287270113771,0.6800522649562604,0.9997614834894254,0.9998503169171594,0.936171297869259,0.9962377577254576,0.9995328733759145,0.4413547799999164,0.9825603840869104,0.9450707730733948,0.9997905738836084,0.6812903780932517,0.9993314859382996,0.9998293402998734,0.9106945907105016,0.9962292842381172,0.99903847100271,0.675396307004518,0.9835398390608968,0.9373179663706476,0.9998089415427668,0.6819279833858706,0.99970450121303,0.9998691719915036,0.9045354243392104,0.9964757842264088,0.9991006336145248,0.4413547799999164,0.983775020181267,0.981536637123113,0.999820630337587,0.6815823372305295,0.9997256084883452,0.9998222712386814,0.9707145347376858,0.9960517022060064,0.9998419349607433,0.675396307004518,0.9864206429234578,0.924862756459676,0.9998160604582532
828_Exathlon_id_19_Facility_tr_11663_1st_13482,0.6781189184033614,0.9997524245142771,0.9975655952115984,0.6701057598208722,0.6960406603620131,0.6869567259548945,0.9995205626261876,0.8918219783222944,0.6950149639988155,0.9971083117052256,0.671499730139658,0.9994730590570524,0.989318029822656,0.6693179831124577,0.6740760474290062,0.6990058405634888,0.9900809989170886,0.9349918620344791,0.7042617384754412,0.9916560500348376,0.6695138839792084,0.999535543814558,0.9745036251118792,0.7025198834291178,0.6735831589462928,0.7005089441534462,0.9989052160745652,0.9349918620344791,0.7016976625649906,0.9739405224235116,0.6723440746494349,0.9995577788468328,0.9972398131848,0.6713031081949821,0.6751037839934456,0.6841462772556831,0.9989283581880704,0.9349918620344791,0.7739121913414486,0.9957502918082484,0.681597243709083,0.9994118990084278,0.997788205417374,0.8631418136528354,0.7073925147999471,0.759368448440609,0.9978117587347526,0.9349918620344791,0.7023613477903431,0.9987289204126748,0.6742317668103099,0.9993271545089072,0.9968688994639144,0.7010278947932627,0.6745813137188962,0.7073533927163878,0.9996669228405428,0.9349918620344791,0.6860452573813248,0.9968007379032016,0.6723440746494349,0.999535543814558,0.9968331371673704,0.6705123399835319,0.6762261618592587,0.748576717885981,0.9991607198719654,0.9349918620344791,0.679711738693743,0.9970620522937236
829_Exathlon_id_20_Facility_tr_10766_1st_12590,0.6823007737938528,0.9989800417350436,0.9994199194595624,0.6850173069622071,0.6861773570844825,0.821040651280603,0.758840429291936,0.8481615003753846,0.9171154362267186,0.999172318376026,0.6827004608827163,0.99797979595579,0.9988641460553344,0.6841572315934991,0.7899140131382213,0.7046487270554906,0.8186258509149005,0.6921325284202727,0.7704722427034651,0.998627054140604,0.6981045563076399,0.998208058094782,0.9986069590117428,0.6880244383476259,0.7899140131382213,0.688884617060236,0.7189383654418567,0.8617360505517566,0.7332926522121652,0.9989667139879498,0.680605752175153,0.9986869738159198,0.999294609024124,0.6876628967498384,0.7899140131382213,0.6909212717004337,0.7226993823952561,0.826963934121293,0.6974266858736492,0.998616198550401,0.764769144744091,0.998650543796601,0.9989947912679856,0.7565030001024403,0.7353134232687234,0.7064378504603238,0.6957154606727491,0.8592192166871865,0.7361348291576387,0.9974362173165622,0.6829595401273127,0.9983917992081702,0.9990874128517536,0.6881254265993414,0.7899140131382213,0.7018223552881245,0.6947540705757707,0.9092697027869402,0.6990053625884154,0.9984351451473752,0.7268240173984816,0.998466200931688,0.997830809831872,0.6878880239189513,0.7899140131382213,0.7214059016138175,0.7442291763799811,0.8400242606840636,0.696955864525983,0.997550290498366
830_Exathlon_id_21_Facility_tr_10766_1st_12590,0.6889622914655178,0.9968314845364404,0.9971110268785484,0.7237893835905814,0.6804274478218526,0.8737771091354866,0.9995608969428152,0.9653682234706116,0.9459858050561828,0.9978526015387876,0.6820987871616123,0.9963783223635642,0.9983980328237646,0.6806478292741426,0.7107369294132588,0.7228476733448349,0.9967874680643836,0.9757516531457836,0.9096455308615288,0.9951068781725788,0.6820987871616123,0.9964669247083356,0.9982622297835038,0.6924402922534546,0.6804274478218526,0.7177599315067809,0.9998160517045273,0.985222115006838,0.9231966038569246,0.9973243261016244,0.6820987871616123,0.9965097028576112,0.9983980328237646,0.6807154320299253,0.6995615624226539,0.7188135429571335,0.9999148501791156,0.9793686608923096,0.9493036040342656,0.996627579650029,0.6885594924097389,0.9964063003650668,0.9984471856123646,0.7582285018989313,0.6948808517919031,0.7513879430938899,0.9995404588561172,0.9880119122330822,0.9314734764515668,0.9990195684562018,0.6936789774678533,0.996598316442319,0.9983980328237646,0.6813051962818688,0.6809059013247423,0.7181119454510371,0.9999148501791156,0.9889114738710024,0.9188231938383749,0.9941111187962918,0.7094248584632719,0.9963783223635642,0.9983980328237646,0.7046525140419684,0.7025145323855392,0.7157614816173418,0.9999148501791156,0.9829335582845012,0.9133932546102916,0.9973357326817752
831_Exathlon_id_22_Facility_tr_11665_1st_13484,0.6677811433892419,0.9996191116580356,0.9987312639476136,0.7011519036283071,0.7535310601606503,0.7434084921770878,0.9990172300487292,0.9881870785023305,0.9240640567343076,0.9987382313686098,0.6722470058324852,0.9992416857661024,0.9952311081224752,0.730921261206169,0.7279313857100881,0.6910845703548056,0.9977168790478608,0.986242148516684,0.9303439274104178,0.9961862536651104,0.6677811433892419,0.9989680818156236,0.9954457706393208,0.7352107513934533,0.6997434515157918,0.7045434077370359,0.99214596425791,0.9891646403765676,0.9287092522610496,0.99634060067519,0.6722470058324852,0.9989680818156236,0.9963593603132628,0.7457897404666143,0.6936153280867389,0.7136909532771553,0.9992541144360082,0.98352712905675,0.9373488142613142,0.9967963640831812,0.6878468984943417,0.9995090217401066,0.9969545751907328,0.7111008414435873,0.6703061529659713,0.6862726790716773,0.9950451094753296,0.9877561011893894,0.9454109749873364,0.996226466842268,0.6677811433892419,0.9988615380286812,0.996593828124833,0.7780050775353833,0.6899641271134122,0.7131741032558114,0.9878188537137786,0.9903821640237692,0.9209826672098478,0.997756418304795,0.6637505692698835,0.9989680818156236,0.997007426401616,0.7519683342503128,0.6960440034223895,0.7231949895302263,0.9983837729663982,0.9889496041221156,0.9137237514277562,0.9974168018350832
832_Exathlon_id_23_Facility_tr_10766_1st_12590,0.6952743458323766,0.999417545931234,0.9986233873405158,0.6840686788646533,0.6865841363921912,0.7994212867136774,0.7616201803121532,0.8563031912461609,0.8217790772928227,0.9972565564892708,0.6836289860117357,0.9981629850642468,0.9992896521120128,0.685265310838068,0.6987068346533409,0.6991630058549971,0.8052304407719263,0.6827856660678923,0.7595970782801561,0.9983738754018152,0.6838608564993721,0.9985677692994176,0.9992025639512734,0.6868750809710347,0.7899140131382213,0.686874094750187,0.7023081916706202,0.8123029095801487,0.6978454054870612,0.997943706714268,0.7207922404117296,0.9988436719563736,0.9994146273476596,0.6864853637173889,0.6860004127078028,0.6908377461588587,0.7266676931164456,0.8524382601756738,0.7017081983413715,0.9974278932893754,0.6800938962621392,0.9984805130269852,0.9982600304606734,0.6834127137264331,0.6883123118704806,0.7374922716346513,0.7187723288901878,0.756606496614317,0.6958958576844214,0.9977595946646896,0.7997619020255855,0.99927094462933,0.9984744056806872,0.6872923617980881,0.6860382397936923,0.6877317513423586,0.7089239353767237,0.8594287688170236,0.6982964230545624,0.9984351451473752,0.7369129641463419,0.9985603402553176,0.9982068340804656,0.6867271780785306,0.6853585268114156,0.7012013349430635,0.7197596380411886,0.8467090772740861,0.6990703930141854,0.9986276806931104
833_Exathlon_id_24_Facility_tr_10766_1st_12590,0.7016943386680844,0.9995407595682584,0.999622841687686,0.9207182732905012,0.992945627399812,0.9854909291118852,0.9922911016375204,0.9982678262548792,0.9975489992622648,0.9995553676682336,0.6927889124970134,0.9994848971255772,0.9996149106909752,0.9351560762644696,0.99020218126601,0.998022034476484,0.9922911016375204,0.982723149608088,0.9950871183500868,0.9994667026112192,0.6789958848440576,0.9993880728438952,0.9995455046479764,0.9413510662088332,0.9863692001440214,0.9990015811362316,0.9922911016375204,0.99848488143147,0.9927261414617417,0.9996127351420429,0.6807771660941121,0.9995113026050207,0.999632640825484,0.9683073102408474,0.9888458292501562,0.9970414265722888,0.9918878679160542,0.9986925083331284,0.9958010736465516,0.999626175144222,0.6817218229711377,0.9994936655646216,0.9996528907377904,0.9169950354701846,0.9856227906926748,0.9984779715644118,0.9918878679160542,0.9974960705309048,0.9915158472614573,0.9995747763291346,0.6817218229711377,0.9995108253376788,0.9996216811756912,0.920519787217028,0.9724602390648244,0.9992725847629266,0.9918878679160542,0.9930127899839848,0.9885026517637716,0.9996633480760492,0.6789958848440576,0.999491732651942,0.9996594471345972,0.9583838762704808,0.9644751776970591,0.998380363747421,0.9918878679160542,0.9987961797523248,0.9940573773765664,0.9996416205230644
834_Exathlon_id_25_Facility_tr_11665_1st_13484,0.671958340857652,0.9996343977192068,0.9988448957668652,0.7115450116314748,0.7528814422057606,0.7604541414970483,0.9988741448169044,0.9882925825735814,0.9239795621611766,0.9987841689423308,0.6767888429889616,0.9995279957298718,0.9954523647894672,0.7208546951621648,0.6820357859633649,0.7034249194284352,0.998045096337806,0.986242148516684,0.945137118224014,0.99547732575091,0.6684835185670894,0.9992416857661024,0.9960655400608076,0.6733520342931258,0.7047020751438501,0.70918039649218,0.9966297012793872,0.9841851907449628,0.9509984558947664,0.996205856216432,0.6770541943516575,0.9994515293172443,0.9953083437460166,0.7334459769696432,0.6946616223594636,0.7096755712886527,0.9934658955990622,0.9831377764394869,0.9175828970823704,0.9970425702023228,0.6684835185670894,0.9992545483307452,0.9969545751907328,0.7058264285348677,0.6801872045522582,0.6850960700536194,0.9987696779014597,0.9884794082328424,0.9485857365915148,0.9960485824291696,0.6770541943516575,0.9993328538495332,0.9966185325724732,0.7167856282835353,0.6909725159267801,0.7187120868526702,0.9990973432920616,0.9889496041221156,0.9109579052881438,0.9964195159243296,0.6684757151022307,0.9996191116580356,0.9952741456118022,0.7315867039705504,0.6919639935686919,0.7197400965866677,0.9986914180343044,0.9887959350359108,0.8958226301616731,0.995825103883104
835_Exathlon_id_26_Facility_tr_10766_1st_12590,0.6844682385346055,0.9971976367050976,0.976062662854294,0.962714041258028,0.921736228909917,0.7305497664730919,0.9972614988824836,0.9641865358242172,0.9584079318314226,0.9952167129932292,0.6816848783235113,0.9103225912391834,0.9969444359753524,0.981246438245657,0.8229444662311168,0.7086730064636613,0.9990387993960422,0.9713414352107894,0.9228124127848056,0.9968591754930052,0.6822939886289794,0.9283780641699204,0.998083518930853,0.99268100057463,0.9704940725458586,0.6921985231141984,0.9975868955060668,0.9729724602907052,0.960247619168182,0.9988588250737488,0.6816848783235113,0.9507944279929756,0.9978975405998612,0.9898289188644576,0.974711799661237,0.6993706386779016,0.998622565007826,0.9749507805733708,0.975197912860938,0.996561082827466,0.7368029476679372,0.953506663860113,0.997694737160704,0.9909010042008825,0.8504418913067238,0.6943788551878732,0.9982868090173987,0.9750460283135752,0.9522600335740042,0.9961710619690632,0.6816848783235113,0.95417105465392,0.9991043006638236,0.9816931516680286,0.9825691623604276,0.7091470122506671,0.9981772337423904,0.9585692380470222,0.9635309713002166,0.9980113171792738,0.7080604772506429,0.9497840542189508,0.999206522209687,0.988730700006278,0.9875545951352562,0.7151449655966841,0.9972999784294508,0.9729066260733276,0.9194403211004578,0.9983087396117004
836_Exathlon_id_27_Facility_tr_10766_1st_12590,0.6813025307095595,0.99957908808224,0.9996018486783484,0.934102076754854,0.9938669545412128,0.9834164588063388,0.9922911016375204,0.9976960749565092,0.9977304327649829,0.999559285081458,0.69660336016935,0.9994700413612708,0.9995458156320184,0.9513668494644912,0.9843017470678518,0.9952680640925432,0.9922911016375204,0.9902289895219836,0.9932362389546378,0.999531848118898,0.6830007063005411,0.9993346663682764,0.9995907764166256,0.958588553189739,0.9956474164299028,0.9972330287168402,0.9918878679160542,0.9967913503441024,0.997340889581976,0.9996699673049504,0.6809833233221928,0.9995192681942072,0.9995838459621657,0.9507005012887229,0.9936304399016612,0.9968881191500336,0.9918878679160542,0.9976083161812752,0.9895503652574046,0.999595947561861,0.6876658788794897,0.9995178723101928,0.9996575744879368,0.9086601326219226,0.9835503139118698,0.9985134365776336,0.9918878679160542,0.995570231421948,0.9945350327144582,0.999575055074726,0.681595588749403,0.9994908204160236,0.9996116984807748,0.9164855974770754,0.9674478456628252,0.9988612024543496,0.9918878679160542,0.9969719112234414,0.991828415699596,0.9996348472219294,0.6838050117317586,0.9995851470875244,0.9996107001291792,0.9430520468275112,0.9781407767172684,0.998164341130137,0.9918878679160542,0.9988538936400064,0.9943391253852004,0.9995571623995254
837_Exathlon_id_28_Facility_tr_8898_1st_8998,0.6788173326116527,0.9923964464571944,0.99993894870194,0.8557870855126174,0.673113783975627,0.9437828997415526,0.6630454333512327,0.99993894870194,0.9961022983434528,0.99993894870194,0.6761771767549645,0.8651170906784494,0.99993894870194,0.7197631110541584,0.6776451587371175,0.950618272240859,0.3996798269123596,0.997077420010177,0.9922825799846948,0.9997912606321072,0.6782713978002319,0.8115228807217924,0.982834099778898,0.8102205489661781,0.7208823871532483,0.8664448227400439,0.3996798269123596,0.99993894870194,0.9961022983434528,0.99993894870194,0.6630990693269573,0.8686761404456271,0.99993894870194,0.8143478805778649,0.689663714194435,0.8718717993196844,0.6630454333512327,0.9998601688742624,0.9954025984898536,0.9999322811767782,0.7420075166370188,0.867352418559511,0.9998601688742624,0.7652927427817532,0.6743519360009873,0.9255027217070544,0.6630454333512327,0.99993894870194,0.9952578197923952,0.9998399509560354,0.6630990693269573,0.8656306559470923,0.99993894870194,0.7111445119131378,0.6722158237241254,0.9065066135184596,0.6630454333512327,0.99993894870194,0.9953133599265104,0.9998701242124732,0.7018962128423059,0.8183783483592537,0.99993894870194,0.72161044001796,0.6787302931427248,0.8829589399438948,0.6630454333512327,0.99993894870194,0.995530416244127,0.9771822762710888
838_Exathlon_id_29_Facility_tr_10766_1st_12590,0.682529686375136,0.990986645851349,0.9944797575316864,0.8486240249655902,0.956158883665781,0.974559586404958,0.675396307004518,0.9236707019953372,0.9186239312005766,0.9887143955227046,0.6821331846961821,0.9863152595889872,0.989254930592952,0.7839854345506735,0.917857761962954,0.8934143128183173,0.4413547799999164,0.9262079505536296,0.9056635122690586,0.971265171755434,0.6827221868310586,0.9889543962512202,0.9789073775677756,0.8031616727563001,0.9143443240598664,0.9307157971032208,0.4413547799999164,0.9182525648815656,0.9111966538316228,0.9926235838310458,0.6815843966056746,0.9829729491389873,0.957733962091622,0.8122772876628902,0.9240338313311948,0.9545898972497434,0.675396307004518,0.9186344710014852,0.9288699094261738,0.9680150056970418,0.7313713849374796,0.9848460562852338,0.9789073775677756,0.7869925883671736,0.9208048376367448,0.924954723814686,0.675396307004518,0.9304178209534738,0.9278686297142754,0.9608965911669862,0.7657135535943344,0.993350829237285,0.980634611492226,0.7982051633622396,0.9547663149163216,0.9283793480279036,0.675396307004518,0.9378825682533084,0.9095163575379118,0.9747205390419652,0.6810514306786682,0.9950696441770625,0.9851893352060176,0.8191338570136815,0.9756022827216912,0.9493067016806898,0.4413547799999164,0.9182525648815656,0.9229159077976076,0.961341254788868
839_Exathlon_id_30_Facility_tr_10766_1st_12590,0.6835392392172449,0.999428032248026,0.9987713121770432,0.6867385291362638,0.6868954808021981,0.8727435471383551,0.7118076308102751,0.829124320624104,0.873359415867192,0.9983821081634509,0.6821655306164089,0.9976284523579696,0.9985287362599062,0.7206586506932057,0.6875035302634639,0.7018423100235911,0.6898983340635574,0.7097171202604667,0.8065956461508195,0.9980711120558864,0.6797752694018635,0.9984741354953952,0.9993892144225924,0.6872538557703173,0.7899140131382213,0.6823045416966238,0.8088182055470781,0.8009272831215916,0.6973628791325034,0.998343620572516,0.7016904499106031,0.9985657373211588,0.9987612020641488,0.6873018901857324,0.7899140131382213,0.6923179962486163,0.7155165685285905,0.8473884754613799,0.6984288072730278,0.9984667398433816,0.7264128334116667,0.9981869811250942,0.9980147853855852,0.6841423496477274,0.6876754777078771,0.7429230863029914,0.7362506556153214,0.8317153892040943,0.7150798507183401,0.9978024150889524,0.6831034290112218,0.9986207948848688,0.999253601079318,0.6882469508826051,0.7899140131382213,0.6910627643617048,0.709007719742609,0.8800710315580097,0.7075110034297738,0.9979260862110814,0.6781920631765498,0.9991530121479966,0.9991758457328204,0.6866675620156057,0.6845004189298545,0.7161416889081447,0.7216820724005457,0.9092697027869402,0.6994086221040624,0.9982354236127512
840_Exathlon_id_31_Facility_tr_10766_1st_12590,0.6815050910933445,0.999897800218134,0.9998086257682944,0.983524162195068,0.9972163387021872,0.9991765437263688,0.675396307004518,0.9843544555982842,0.9611723340440438,0.9997907744543696,0.6817283876830617,0.9994355024535962,0.999839722141505,0.9572877013362492,0.9965093248279135,0.9989103093213392,0.4413547799999164,0.9737258688847472,0.980701321869452,0.9998183970462832,0.6823958564730354,0.9997209280918282,0.9998731868290628,0.9198402308213558,0.9966883807731708,0.9986657858534884,0.4413547799999164,0.9848679462779696,0.9677672014431888,0.9997702924584264,0.7066316966027979,0.99969964522532,0.9998354430174144,0.9330501284289038,0.995921354382914,0.999745654208525,0.4413547799999164,0.9834631935257686,0.9531479068567652,0.9997936643943088,0.6815861276696601,0.9996166104575104,0.9998281158748568,0.9255840975610804,0.9964148295808828,0.998916077507556,0.675396307004518,0.9899671480537664,0.9583054116005004,0.9998093967406172,0.6813969074096018,0.9997163943410186,0.9998245164647356,0.9565438026709856,0.996412081667658,0.9983909567059684,0.675396307004518,0.9839079279817684,0.9691347782467118,0.9998392452092368,0.6809456820285414,0.999690012246066,0.9998222712386814,0.9559269008748154,0.9963899528008912,0.9997898698357224,0.675396307004518,0.9849835658126428,0.9747019486237604,0.9998256740993848
841_Exathlon_id_32_Facility_tr_11663_1st_13482,0.7090231213381273,0.994210230624652,0.9999786183520486,0.8876243932216914,0.9840761847870948,0.681520412330691,0.9301612491926274,0.9985601080681044,0.9808890586360884,0.9999786183520486,0.6809622744281109,0.9392695904419972,0.9999786183520486,0.9130948703654812,0.9740666016774466,0.6689233101010702,0.9188675437094348,0.9876062131910256,0.9643593661283568,0.9999786183520486,0.6801276032518256,0.9392695904419972,0.9999786183520486,0.9130948703654812,0.9167919422819348,0.6689233101010702,0.9301612491926274,0.9876957757114084,0.937321140322742,0.9999786183520486,0.6594515130682044,0.9392695904419972,0.9999786183520486,0.9130948703654812,0.9712778319366664,0.6718317016860457,0.9301612491926274,0.9921597666236556,0.9343604926937435,0.9999786183520486,0.6801276032518256,0.9392695904419972,0.9999786183520486,0.9182030503105758,0.9745619027193736,0.6689233101010702,0.9643593661283568,0.9985152961034292,0.9282788259312904,0.9999786183520486,0.6883603289644097,0.9392695904419972,0.9999786183520486,0.9130948703654812,0.9712778319366664,0.6689233101010702,0.9301612491926274,0.9985601080681044,0.934237587584278,0.9999786183520486,0.6801276032518256,0.9392695904419972,0.9999786183520486,0.9275514219397996,0.7722632534857407,0.6803377487498558,0.9188675437094348,0.9985601080681044,0.9132292497550444,0.9999786183520486
842_OPPORTUNITY_id_1_HumanActivity_tr_7295_1st_27516,0.8544744483698542,0.997262108827321,0.9995185917579422,0.7034676565963819,0.8080768527193704,0.7602633117651655,0.7087668155595586,0.7652604593086559,0.8446791039586725,0.9999417082312818,0.8245856323488017,0.8996193291907969,0.9999417082312818,0.6840688993618106,0.6904400749636267,0.7281489389837911,0.7559827863962393,0.8124363735048347,0.7657205674284422,0.9995185917579422,0.8254323374896677,0.8996193291907969,0.9999417082312818,0.6662301662071817,0.6904400749636267,0.7597245654985116,0.7337874681734732,0.8106346865309093,0.7981590751558019,0.9995185917579422,0.8466710917808935,0.8996193291907969,0.9999417082312818,0.7087443835382656,0.668138790154087,0.8597042564951684,0.7537113739322937,0.7291629305130859,0.7440522801201509,0.9995185917579422,0.8948013977988214,0.8996193291907969,0.999855158035599,0.7034676565963819,0.6904400749636267,0.7173303218352802,0.7190143235084069,0.7528231563072433,0.7905221489185947,0.9999417082312818,0.8214941065355249,0.8996193291907969,0.9995185917579422,0.7043451351227584,0.8512699207940159,0.7432286042774489,0.7882209003734586,0.7465728358651527,0.7413268727419143,0.9995185917579422,0.850737264517698,0.8996193291907969,0.999855158035599,0.6839407899300359,0.6825789549737404,0.6893806884959637,0.8105117244428701,0.7457306970657194,0.8446791039586725,0.9999417082312818
843_OPPORTUNITY_id_2_HumanActivity_tr_808_1st_908,0.970976818706482,0.6843959660968919,0.9994580603787117,0.7197658629895783,0.8216118763330394,0.6872291063152691,0.8272727739266335,0.7841492059554264,0.7339661443934569,0.9994580603787117,0.7111316543201839,0.7162614568314738,0.9994580603787117,0.6953920402192226,0.9249019235896228,0.7263654279221352,0.6863791575019967,0.8285633578536963,0.6776148608570314,0.9994580603787117,0.970976818706482,0.6854228971019014,0.9994580603787117,0.7197658629895783,0.9249019235896228,0.7291555146382501,0.75758371780368,0.7797766584276163,0.7287334607028333,0.9994580603787117,0.8995004976860019,0.7105920183815684,0.9994580603787117,0.6807288672711662,0.9249019235896228,0.7750269833900002,0.7778678818697353,0.7633519725309934,0.7313886870444558,0.9994580603787117,0.7290151745337227,0.7162970591527869,0.9994580603787117,0.6879760603617667,0.9249019235896228,0.8119644707170763,0.7567281982115365,0.9304838460475156,0.7265632324930044,0.9994580603787117,0.7650403465754828,0.7174232850992891,0.9994580603787117,0.6871442980160023,0.9249019235896228,0.9249019235896228,0.7376498584477525,0.8211013608754757,0.7325725684235064,0.9994580603787117,0.8995004976860019,0.7155824474077158,0.9994580603787117,0.6645028959874196,0.9249019235896228,0.6787806841396985,0.75758371780368,0.8211013608754757,0.7420361115917972,0.9994580603787117
844_OPPORTUNITY_id_3_HumanActivity_tr_500_1st_566,0.7169203257119138,0.816094335712079,0.8071543452535087,0.8249618749575794,0.6633348476454562,0.6757150889318022,0.7718436882391989,0.7706822544083234,0.8532244603330903,0.7973580987045603,0.8271446010967225,0.7321545641654106,0.694529466925802,0.736143977712117,0.6633348476454562,0.7468498955825804,0.7645572556276852,0.7465106741342792,0.8059471858261461,0.7156715556963692,0.6989301989750263,0.7443809951183231,0.726758739863223,0.7985529686359759,0.6956443439733331,0.6885975413204073,0.7596905757032459,0.7451567154021548,0.841998217751176,0.7685589971177663,0.6842076053294593,0.7286687083277368,0.7684021855707038,0.7924018673309748,0.6633348476454562,0.7365836457707887,0.7596905757032459,0.7348493712243036,0.8161531540442295,0.7915946452263043,0.7454070043679155,0.7429791029168958,0.686487366542136,0.7314520337502314,0.6653586968788537,0.7312847430235379,0.7590719250492879,0.7250102248121679,0.7002795296641245,0.7327404631364183,0.7168213909870238,0.7518721165964031,0.7816939058158583,0.733937740149342,0.6633348476454562,0.6915043031198848,0.8241164248040213,0.7706822544083234,0.8277040602008184,0.6847532882726436,0.8271446010967225,0.7285431330456383,0.7170697776339499,0.7924018673309748,0.6633348476454562,0.7092949607339886,0.7524280600308628,0.739213419030512,0.8526294419030395,0.7864408259444674
845_OPPORTUNITY_id_4_HumanActivity_tr_7295_1st_27516,0.9277441665385762,0.98458041350886,0.9966469938513391,0.7335269542057027,0.7552905053742452,0.997262108827321,0.7372116621021462,0.8670024644128875,0.9867038753110008,0.9966469938513391,0.9287966003391988,0.98458041350886,0.9995185917579422,0.6675237931594344,0.6657113045640854,0.6775933215183604,0.6772838962857646,0.888360323561385,0.887922869277117,0.9995185917579422,0.9117395964170713,0.98458041350886,0.9995185917579422,0.6972853307582338,0.9384888725648765,0.6874026828062105,0.668856482261319,0.9840209532510829,0.8608853550692807,0.9995185917579422,0.9398019516352768,0.98458041350886,0.9995185917579422,0.6666115675582854,0.6657113045640854,0.6791244579606148,0.6772838962857646,0.9564568074319418,0.9867038753110008,0.9995185917579422,0.8254569340395954,0.98458041350886,0.9995185917579422,0.6747590645371195,0.7961820805041471,0.6903961901879672,0.6810044505804508,0.8910078558743543,0.8866159509016475,0.9995185917579422,0.9482137419212364,0.98458041350886,0.9995185917579422,0.6709958118674337,0.6657113045640854,0.7383498216954193,0.6694722961457625,0.9564568074319418,0.9840209532510829,0.9867038753110008,0.954736838772153,0.98458041350886,0.9985162143986108,0.6673644269989671,0.6657113045640854,0.7069384274503285,0.710779488536366,0.887922869277117,0.9867038753110008,0.9995185917579422
846_OPPORTUNITY_id_5_HumanActivity_tr_2085_1st_2185,0.6635663369843243,0.7913650291001882,0.9990715801756684,0.7682552660253728,0.7994333307085307,0.8850772305720336,0.6828395318587059,0.6673171816981119,0.6984437607754045,0.9990715801756684,0.7362780094319413,0.7643079780084918,0.9990593871096568,0.7391733177004057,0.7045194489796032,0.8378359830232648,0.6699222446058257,0.6948657486526263,0.6954807296984561,0.999074636221402,0.6630850107137565,0.751139198759014,0.999074636221402,0.6980431153087017,0.8256279186240342,0.8928675974366362,0.681283916776627,0.682584331914403,0.693844814561964,0.999400437836113,0.6635663369843243,0.7621100801705025,0.9994147834002928,0.6923464830638718,0.7778845717531805,0.8928675974366362,0.6829418175712977,0.6870132345666992,0.6976622574428702,0.9994147834002928,0.6644769108301462,0.770631424132788,0.999074636221402,0.6752648823930595,0.6672843578940484,0.7924549936023201,0.7456989206815288,0.6851401681241928,0.6951318936490885,0.9997588342681808,0.6639301049593753,0.7730875869236493,0.999074636221402,0.8371131647511597,0.7505233288195053,0.8178267100805123,0.7149394204897465,0.675067417897323,0.69407035641502,0.999074636221402,0.6644769108301462,0.76235646972925,0.999074636221402,0.7892728087337949,0.8006918416074321,0.891621422498671,0.6671283282925893,0.679324382382097,0.7038037188591002,0.999074636221402
847_OPPORTUNITY_id_6_HumanActivity_tr_808_1st_908,0.756832603791384,0.9357406450883584,0.9078021321327824,0.6879255627752319,0.8196673510251208,0.8497379884076862,0.96168563049981,0.9098917690401644,0.7269281668337425,0.9997736304055556,0.7656241219917409,0.690394704783514,0.998332276319401,0.6919984705693233,0.8196673510251208,0.778235323386234,0.917290084696636,0.752668813680194,0.7275088196101919,0.998332276319401,0.8241971022399134,0.7484213423935338,0.998332276319401,0.6866725841231913,0.8196673510251208,0.8117871248494175,0.8291239319909705,0.7444980697423202,0.8639159618156409,0.998332276319401,0.7471075877249345,0.7430105480373204,0.998332276319401,0.6789678840693191,0.8196673510251208,0.812935942538313,0.8291239319909705,0.917290084696636,0.6711025208161987,0.998332276319401,0.976970044762396,0.7030680281605156,0.9991400049520496,0.6985459317987249,0.8196673510251208,0.8117871248494175,0.8291239319909705,0.814289693760306,0.8639159618156409,0.998332276319401,0.7471075877249345,0.757009233415298,0.998332276319401,0.8233129582446593,0.780388722090183,0.917290084696636,0.8275211270786056,0.7938059792479233,0.8639159618156409,0.9991400049520496,0.7656241219917409,0.7604222224044892,0.998332276319401,0.8062154650866885,0.8196673510251208,0.8147312536072159,0.8291239319909705,0.8294231534485274,0.8639159618156409,0.9991400049520496
848_OPPORTUNITY_id_7_HumanActivity_tr_1477_1st_1577,0.7118211314589334,0.7501712450970597,0.7841325382230513,0.7721093373145415,0.7760726030691093,0.8809315250191083,0.7290000237155583,0.9933905460217116,0.862847678488945,0.9014940670655688,0.7023555953970383,0.820079935688918,0.8538848059628315,0.6730617138924074,0.7612070144049469,0.9042411531180674,0.8691251852234596,0.993810231129098,0.8310306451622012,0.8764056232904,0.7023555953970383,0.7754094551200009,0.9894351713234396,0.7526667315931629,0.7761141184876794,0.8791232248498903,0.8287549345289645,0.9511016597709266,0.9196363441979728,0.8111786912525738,0.7023555953970383,0.8361599274909387,0.8536044436984928,0.7753530315345636,0.7465432386886929,0.844059979751498,0.8133266136635582,0.9967466985052196,0.8558119757414723,0.8815837053317177,0.7023555953970383,0.7652613409786044,0.7593857737143459,0.8075842802258442,0.7718721879372296,0.8059880173359201,0.7589217551107517,0.9037840960141792,0.7907286664286797,0.9937764946174542,0.7123529868013927,0.7778687288601658,0.8386751112219945,0.7552190347377133,0.7897446785883712,0.896742941173204,0.867219103176735,0.9896199090768846,0.8465953095518862,0.7797432902073258,0.7023555953970383,0.7724745848854084,0.8230061438210489,0.7753530315345636,0.7933388271376213,0.8148658794462592,0.7979640542058141,0.9299374000630296,0.8816725714110208,0.9463026876848336
849_OPPORTUNITY_id_8_HumanActivity_tr_1100_1st_1200,0.6833270543010479,0.8084111786743099,0.9167404721854864,0.667542946665274,0.7060186386037451,0.6767793637246652,0.6708995317388137,0.8092175857619424,0.8785666299873242,0.8483585992094328,0.6955996908536944,0.805719347314648,0.9167404721854864,0.6908635465703761,0.6748190885486206,0.6662695949190881,0.7018391807311885,0.935995296176462,0.785774519166404,0.7190920170586395,0.7514899467705622,0.8075784182162499,0.9167404721854864,0.667542946665274,0.694320961799849,0.6660967052515047,0.7374543972760044,0.8074007103697489,0.8855600240806719,0.8882494387697042,0.7545951309811656,0.8075784182162499,0.9167404721854864,0.6812030066043667,0.6785767576989131,0.6660967052515047,0.7340347538751789,0.7994567600936191,0.7929071477675335,0.9167404721854864,0.7005287883965746,0.8127379012049014,0.9167404721854864,0.7071069500298431,0.6981490705522762,0.6668443096052261,0.6872909775276693,0.7736782898736322,0.711639604058577,0.9995750001522424,0.7005287883965746,0.8075784182162499,0.9995750001522424,0.6780533985895922,0.7340401712686622,0.6662695949190881,0.711050747225793,0.8099790376642978,0.6999204348122454,0.9286244044716764,0.7421439729805581,0.8128029079137541,0.9995750001522424,0.6854948519684013,0.6710642131895712,0.6660967052515047,0.6992274695606001,0.8189860648054703,0.8178504589895255,0.9167404721854864
850_OPPORTUNITY_id_9_HumanActivity_tr_895_1st_995,0.8109490082723507,0.7581856200378843,0.853430925646557,0.721743598432646,0.9195445567974576,0.8246412430131339,0.7340520555474344,0.6665876034276926,0.6674960284634189,0.8571274393694547,0.6739048379932706,0.7092908210523788,0.99903358479672,0.7494313877598108,0.6917956659007838,0.811469193682205,0.6864607213285907,0.6664331925272177,0.7119487431824056,0.99903358479672,0.708594060662272,0.7581856200378843,0.99903358479672,0.8435343913317443,0.7017040095234026,0.7686099867472691,0.7418827311587248,0.6665876034276926,0.6710505035391123,0.9993976051332196,0.716440062188302,0.7581856200378843,0.99903358479672,0.9942110516287084,0.8473012352444383,0.7689993333439075,0.7183483775609515,0.6670174963740091,0.6674960284634189,0.99903358479672,0.759248368349088,0.6910879309988407,0.9993976051332196,0.8558126590814571,0.6833961613523408,0.9482940003484218,0.6986193546242835,0.669656651061419,0.7357897734577463,0.99903358479672,0.899608516272351,0.8641348326844418,0.99903358479672,0.8435343913317443,0.6906301015584214,0.8480673466697953,0.7105879654909903,0.6687676008361219,0.8230851634521523,0.99903358479672,0.6993449229022795,0.6779133930409031,0.99903358479672,0.7225171984635061,0.7030929997580785,0.8015047503186257,0.7283059199994264,0.6667525541262972,0.6672985619885502,0.9988772082512692
851_OPPORTUNITY_id_10_HumanActivity_tr_6213_1st_7311,0.6623969177653367,0.7675015396868877,0.6979722439638254,0.6860671630385607,0.9817584674035312,0.9935019688789064,0.7529372937717653,0.7905052578912634,0.7475721983919449,0.6996492562605611,0.6637774049139394,0.7706936101569881,0.6894324583716046,0.6679371336680758,0.8252312948036307,0.7448015314609212,0.8226291467360606,0.7559785518123868,0.6678090776829835,0.680239750373012,0.6642661431705597,0.7692008011416687,0.687097673675294,0.6685037274627106,0.7024162220840732,0.6911050159498072,0.710102942604543,0.7752271715231792,0.8566787125361177,0.6842267261477533,0.6644915941093238,0.7733342812608187,0.6982477001399582,0.6739517177504536,0.995660130744802,0.963333781533248,0.6671601376163586,0.7752271715231792,0.6977104746386914,0.6871674305895669,0.6637774049139394,0.7698356892993163,0.6869452425624404,0.67428554670628,0.691381750551198,0.8973027601776726,0.8625007670037949,0.7752271715231792,0.7143279004112033,0.6776973699195811,0.6623969177653367,0.7694063528746115,0.7016466167074783,0.6705524048709718,0.9907958881776658,0.8981436135766979,0.8296515233425611,0.7752271715231792,0.6826659831878595,0.6966732010323577,0.6644915941093238,0.7699783153313566,0.7017848141139136,0.6826244854993003,0.6720832846512002,0.9793439902699496,0.8296515233425611,0.7905052578912634,0.698055377513755,0.6943345318493852
853_OPPORTUNITY_id_12_HumanActivity_tr_808_1st_908,0.8082528251267321,0.8846381995027691,0.7896183507167339,0.895387699365733,0.6757404403953072,0.6774203897127838,0.6787949672876104,0.87233480923333,0.7494530145829115,0.9475053024946968,0.7286945786962158,0.8406931559300636,0.9999966030899562,0.67225358217611,0.6722535821761099,0.6774203897127838,0.6770968470712511,0.87233480923333,0.7153980007838752,0.9999966030899562,0.7286945786962158,0.8406931559300636,0.9999966030899562,0.67225358217611,0.6722535821761099,0.6774203897127838,0.6770968470712511,0.87233480923333,0.7155260231314579,0.9999966030899562,0.7286945786962158,0.8406931559300636,0.9999966030899562,0.673900546199705,0.6722535821761099,0.6774203897127838,0.6761898469656703,0.87233480923333,0.744168633768825,0.9999966030899562,0.7333893716019756,0.8406931559300636,0.9999966030899562,0.6764983536260601,0.6722535821761099,0.6774203897127838,0.6770968470712511,0.87233480923333,0.8607413592917285,0.9972039873571596,0.7296142822692027,0.8406931559300636,0.9999966030899562,0.6985785976005686,0.7665282431303783,0.6774203897127838,0.67385004898262,0.87233480923333,0.8607413592917285,0.9972039873571596,0.724715263112599,0.8406931559300636,0.9999966030899562,0.9525215057120152,0.6722535821761099,0.6774203897127838,0.6770968470712511,0.87233480923333,0.7624407485978201,0.9999966030899562
854_OPPORTUNITY_id_13_HumanActivity_tr_1477_1st_1577,0.6939473509211844,0.8712947171005768,0.9461363817879268,0.6672919067882958,0.6664845694527185,0.6832084294770091,0.7158824771556429,0.7304057197781395,0.7242821186338702,0.9461363817879268,0.699720243152161,0.8435557364580778,0.9461363817879268,0.8086542785564216,0.6720379173307828,0.6950499478812673,0.8529456139033064,0.7115635895498091,0.7290858943911468,0.7837630895016542,0.7086208038992685,0.8458038087532681,0.9461363817879268,0.6688320449343836,0.6709074751742973,0.7394365436874435,0.7054717568400689,0.744396970238426,0.7254942690741881,0.9605549903720946,0.7141625715653335,0.8435557364580778,0.9461363817879268,0.6656694579767625,0.6726587582620206,0.7171691551967221,0.8475001714625237,0.7463644897051781,0.7252458932257863,0.9461363817879268,0.7141625715653335,0.8435557364580778,0.9461363817879268,0.6656694579767625,0.6729969233455978,0.7450698306672245,0.7368084779432336,0.7445127801981852,0.7261764351192436,0.8519980826953903,0.7141625715653335,0.8435557364580778,0.9461363817879268,0.666929393821331,0.6729969233455978,0.7517927547774519,0.6974174017649767,0.7388888187947745,0.7909197143476151,0.9173316768907852,0.7141625715653335,0.8435557364580778,0.9461363817879268,0.6663673757816571,0.6706831691305926,0.7002431698087005,0.701724738231916,0.7388888187947745,0.729762321966916,0.9344057269002888
855_OPPORTUNITY_id_14_HumanActivity_tr_808_1st_908,0.8892494754904058,0.8622983473583851,0.8760639449705073,0.6754762081346688,0.6928070922883937,0.7105864539423374,0.830170774739068,0.6776613884969261,0.6777425201840642,0.8579239610096132,0.784967988968957,0.8622983473583851,0.9832977835680756,0.6772961726624143,0.6787704866471698,0.6725996341343773,0.6774990952502906,0.6774990952502906,0.6878201083675084,0.8683270762284622,0.821805752566365,0.8622983473583851,0.9832977835680756,0.6744079368149491,0.6787704866471698,0.6721447320606023,0.80308772651651,0.7100963626051633,0.6791146093591175,0.9900388836728432,0.821805752566365,0.8622983473583851,0.9832977835680756,0.6772961726624143,0.6787704866471698,0.6721447320606023,0.7316350295941184,0.677701955584986,0.6803561664054804,0.9832977835680756,0.821805752566365,0.8622983473583851,0.9832977835680756,0.6735104290478355,0.6787704866471698,0.6721447320606023,0.7117242525581202,0.6777425201840642,0.7792468926147336,0.9787964107671818,0.821805752566365,0.8622983473583851,0.9832977835680756,0.6721447320606023,0.6787704866471698,0.674367167356095,0.6721447320606023,0.7501220715203862,0.6915720492758434,0.9707884532580432,0.821805752566365,0.8622983473583851,0.9832977835680756,0.6823488499359498,0.6780258835517137,0.6721447320606023,0.6721447320606023,0.6776613884969261,0.7032453798420273,0.9617488249649434
856_OPPORTUNITY_id_15_HumanActivity_tr_808_1st_908,0.8243602805628226,0.7505336987166891,0.9848166650017972,0.9655342735559314,0.95058547824062,0.9788289032686904,0.6551345726444604,0.8647703111822986,0.7759304801844501,0.9987383981931226,0.9194872024386436,0.7654714081144539,0.9987520074901368,0.8019145199475264,0.6757832161523766,0.914910437710159,0.6551345726444604,0.8647703111822986,0.8145239677369671,0.9968312794875356,0.9194872024386436,0.7623565072040057,0.9987520074901368,0.8367140604467156,0.7213237128141833,0.9682627447976044,0.7411004292094059,0.8647703111822986,0.7389571972908124,0.9986857848797904,0.9194872024386436,0.7650789173749897,0.9987520074901368,0.9655342735559314,0.6757832161523766,0.9888287534401454,0.6834737495013461,0.9135716749550268,0.7098577553178868,0.9976432169877844,0.9194872024386436,0.8050830930809943,0.9987520074901368,0.7408675954411642,0.8561033410021048,0.9764495089072938,0.7172915709808649,0.8647703111822986,0.8145239677369671,0.9987383981931226,0.9194872024386436,0.7853789059092281,0.9987520074901368,0.7484211071842385,0.804515251417838,0.9764495089072938,0.7411004292094059,0.8647703111822986,0.7476860985180861,0.9987383981931226,0.9194872024386436,0.7838691289045752,0.9987520074901368,0.9655342735559314,0.6757832161523766,0.986849494307079,0.7411004292094059,0.8647703111822986,0.7502428423817921,0.9968915518584897
857_OPPORTUNITY_id_16_HumanActivity_tr_500_1st_566,0.6888801706423747,0.8577006407269172,0.8328647160545258,0.6777810300341401,0.6673683595505363,0.6668470625026042,0.6687716842980124,0.7545500119574176,0.8249095786402524,0.9191205372661858,0.6970716672395891,0.806041467574084,0.826541155712272,0.7342230476402289,0.6673683595505363,0.6668470625026042,0.667883998131692,0.7498679825016299,0.834415785242223,0.8846822567949144,0.6827707265728296,0.8098734833726959,0.8345237418004114,0.6701565420250133,0.6673683595505363,0.6668470625026042,0.66792601724698,0.7388577156197762,0.8264781197046188,0.8793029476936944,0.6724016413816878,0.8044349629220093,0.7935012775169853,0.6688417306619907,0.6673683595505363,0.6671698058148615,0.6685082936722737,0.7217465736839891,0.8311768032343811,0.852442037116463,0.6878947826252514,0.7947692500751694,0.8306905068487995,0.6684492206857566,0.6673683595505363,0.6668470625026042,0.667883998131692,0.7568805561752082,0.844990265004415,0.9215387824690424,0.6738920836804222,0.8295363314891292,0.7828326920458845,0.7174125629266532,0.6673683595505363,0.6671698058148615,0.6680919446121166,0.7588671460730373,0.8305827384638301,0.9065995491757808,0.7419781373183212,0.7145184604531557,0.7770051950343493,0.6881956132275012,0.6673683595505363,0.6671698058148615,0.6873610303869604,0.7652601028391444,0.8413291833103768,0.8517154361114451
858_OPPORTUNITY_id_17_HumanActivity_tr_808_1st_908,0.6721020305075445,0.8398151714086977,0.9938355922165004,0.6721447320606023,0.8272995294256956,0.7064781523196283,0.998398987804748,0.7152786683491176,0.7408320936713578,0.9972977986573835,0.7959605697801577,0.7531524187402209,0.978715548444353,0.6721447320606023,0.6744783689378092,0.6721447320606023,0.6520746226209682,0.6995718074167883,0.7062059884240847,0.9999870491567296,0.681891732207341,0.7821200374791615,0.9999870491567296,0.6721447320606023,0.6744783689378092,0.7580331851428023,0.6309402880394731,0.6771691548657546,0.6830991987588193,0.9384723908899216,0.7271219838501007,0.7719015350258864,0.9972977986573835,0.6721447320606023,0.6744783689378092,0.6907899546322084,0.6762767486649346,0.6787521295474962,0.6852818013401275,0.8966492406079909,0.6794869101944269,0.7032567739413311,0.8701513553809253,0.6721447320606023,0.6744783689378092,0.6724408613874404,0.6744079368149491,0.6779047536951432,0.7275362467941294,0.953824615490046,0.7959605697801577,0.7905815996372448,0.9804596795463504,0.6721447320606023,0.6744783689378092,0.6724408613874404,0.7323473057517648,0.6744079368149491,0.7275362467941294,0.8729043432523697,0.7062685847288265,0.7412208593843815,0.9972977986573835,0.6721447320606023,0.6744783689378092,0.9539802094358496,0.6770355276374552,0.7072774331264713,0.7348467646109366,0.9972977986573835
859_OPPORTUNITY_id_18_HumanActivity_tr_895_1st_995,0.6862165462877606,0.8391220419814737,0.998904622465413,0.6827415168323079,0.7914589594613682,0.6691603251059512,0.6693927686780742,0.981091449375784,0.795676590592197,0.9958955260904936,0.6666387081660773,0.7122603591409988,0.998904622465413,0.746455903150715,0.8458950334523966,0.695753404780018,0.7554342154989075,0.981091449375784,0.8371478437259808,0.998904622465413,0.690182175077104,0.76904930353474,0.998904622465413,0.7615991944516279,0.8853930185500608,0.8458950334523966,0.6942907604805939,0.9444740160893916,0.7779346176005334,0.998904622465413,0.7058639905289253,0.7626214072141938,0.998904622465413,0.8142840993345362,0.8458950334523966,0.8458950334523966,0.6882732830731991,0.9444740160893916,0.741248371051063,0.9997655543946348,0.7376558172963238,0.7417874462334021,0.998904622465413,0.7578313525805431,0.8458950334523966,0.8458950334523966,0.8458950334523966,0.9444740160893916,0.7972312043239709,0.9975099326805136,0.6507790685052596,0.7618888443332964,0.998904622465413,0.7130056929827959,0.8458950334523966,0.8458950334523966,0.7809971916673246,0.9444740160893916,0.8612839643896824,0.9997655543946348,0.7058639905289253,0.7572282485207963,0.998904622465413,0.6676883880180323,0.8546074195244963,0.8037471199036162,0.6901713306012809,0.9444740160893916,0.8695166507432759,0.998904622465413
860_OPPORTUNITY_id_19_HumanActivity_tr_808_1st_908,0.77787143640452,0.8384442590212244,0.9959763773111934,0.8444358159217097,0.8305714944630445,0.7946289556199153,0.6700929168540886,0.8859235556100807,0.7289024266938872,0.9959763773111934,0.8015357767004117,0.6886066168448215,0.9959763773111934,0.7374447036596605,0.6754120136358805,0.7092769874261363,0.7101555546654119,0.8859235556100807,0.71998185472087,0.9067186182908576,0.754406642969948,0.7191603437106836,0.9959763773111934,0.7602305592108921,0.6754120136358805,0.7364546443900638,0.6827698141938721,0.8859235556100807,0.8859235556100807,0.9613027810014227,0.8015357767004117,0.6776921904134092,0.9959763773111934,0.7119411040175673,0.6754120136358805,0.7133512379971877,0.6827698141938721,0.8859235556100807,0.7066106784566649,0.9959763773111934,0.8015357767004117,0.6773212997683234,0.993119062971954,0.7079363121193615,0.6754120136358805,0.9627096737466008,0.6827698141938721,0.8859235556100807,0.7187132828405792,0.9899002670032908,0.7560930659819218,0.7780903849547707,0.9959763773111934,0.8266054176873922,0.7270861272817376,0.7541093136462309,0.7101555546654119,0.8859235556100807,0.8536788034758382,0.9959763773111934,0.8015357767004117,0.6782384341796499,0.9959763773111934,0.7808342898462215,0.6754120136358805,0.6922576065061303,0.6700929168540886,0.8859235556100807,0.7426559524486235,0.9959763773111934
861_OPPORTUNITY_id_20_HumanActivity_tr_2085_1st_2185,0.7393677136780941,0.865562329551369,0.9998173270699502,0.7315489489217266,0.7627234253185247,0.6874245475989005,0.7096094418767829,0.8308998833213505,0.8287517616889041,0.7306790938045836,0.6793457827961393,0.794335154025832,0.7373928601329652,0.6906482003071139,0.6671716371871059,0.8572505434174571,0.8464962613634587,0.6984472846165403,0.9129683766872468,0.7961067572414826,0.6872816153420891,0.7689343796426822,0.9998173270699502,0.689523688711127,0.6671716371871059,0.6731806436058188,0.9056213928339129,0.6846016445625578,0.8258993965948381,0.930727306305182,0.695364186511935,0.8225038824785518,0.7758395313863469,0.7062425938512122,0.7202539200822493,0.8644063485396791,0.7924292171095894,0.6821450113325948,0.81205649630242,0.9998173270699502,0.6872816153420891,0.7942925990542277,0.6673539007592807,0.7118654151940063,0.6671716371871059,0.673528379768766,0.758977007647334,0.6763504273920554,0.7202358619788674,0.9473255649955362,0.7079705648568986,0.8031606655711631,0.7118004591875704,0.7077564440738661,0.6671716371871059,0.6950653039053467,0.8229899074460957,0.6669376622113227,0.7119193789564786,0.9791839464711756,0.6872816153420891,0.8010819700029761,0.6673628956959873,0.7615121526424871,0.6671716371871059,0.7473744381191526,0.7620558533438021,0.687671646656167,0.7278952963577017,0.8431458327332176
862_OPPORTUNITY_id_21_HumanActivity_tr_500_1st_566,0.7732145588331725,0.7214328544083449,0.7225364914253635,0.8403805384324087,0.7465315386475296,0.7135316556161775,0.6686352919593592,0.6684218688646901,0.6785552337498275,0.6949890090664784,0.7455932798139479,0.7438109582899044,0.705769509839454,0.786965440007254,0.671363595535156,0.709645832373848,0.6801237138585371,0.6884015197020604,0.710455123777061,0.688327469939595,0.7436462758680475,0.7441428626320802,0.724989133066209,0.7613874856961765,0.6713099548298821,0.7800481555576572,0.6801237138585371,0.6685226963369921,0.6685155097891559,0.7073210103687144,0.7721329458141244,0.7535696235898538,0.7197661836986351,0.7424681453078534,0.671363595535156,0.7392158965795222,0.6779866510946196,0.7017542730079535,0.6717660210796884,0.7210164496338148,0.7631636140559603,0.7477381492057853,0.6967156549610519,0.7639402319092125,0.671379301802641,0.7390855099501631,0.6672497144668172,0.6683604046288002,0.6686541070830301,0.7391768164172766,0.7573673351537115,0.7551340528024632,0.7205366084087887,0.7513477249552781,0.6712839386584526,0.7700327179410815,0.6672497144668172,0.6684269958698359,0.6687531018027073,0.7284348109094386,0.7334166371911817,0.7624575077872348,0.7089655927616595,0.7653949113357337,0.6712839386584526,0.7526391179951316,0.6801237138585371,0.6685524615283964,0.7239360150053226,0.7284074923861226
863_OPPORTUNITY_id_22_HumanActivity_tr_808_1st_908,0.689842623955477,0.7483547761509992,0.7461113845603251,0.6776667258155684,0.6726414985994144,0.7273502685674081,0.646076674847199,0.6750944153656085,0.8092695308062224,0.8583608833119263,0.8559197112271726,0.8230229085188618,0.9873507139463016,0.6859613236903955,0.6999329246393446,0.8499812929639071,0.8370511812581557,0.8505458883513206,0.775169146313772,0.8488122335701518,0.7948020116452728,0.835690279681582,0.9903852915292328,0.6962982346614426,0.6720363973035262,0.8393133265635297,0.8370511812581557,0.675219427206897,0.8191307580768036,0.8184932093244295,0.7091453469389146,0.8230229085188618,0.9903852915292328,0.6875509863374486,0.6694393295666058,0.9285291863756626,0.646076674847199,0.8191339172502026,0.7937918049442821,0.8076881436082995,0.7083697276531129,0.8230229085188618,0.8729137459542102,0.6796276701489975,0.6999329246393446,0.7244317386071735,0.646076674847199,0.6750365894093429,0.8034960815203777,0.8401680775697851,0.7083697276531129,0.8230229085188618,0.9001116869806638,0.6962982346614426,0.6705797626519443,0.775086196069159,0.646076674847199,0.8430727394926275,0.8004664163183468,0.8208918319374571,0.7025731452319303,0.8230229085188618,0.877405516070428,0.7636438928278048,0.6999329246393446,0.775086196069159,0.8370511812581557,0.6749115430573647,0.8081278375764889,0.825880972587253
865_OPPORTUNITY_id_24_HumanActivity_tr_2085_1st_2185,0.6903768635248624,0.8250412870263467,0.7971169026289795,0.6729507734645885,0.722906620142242,0.6720071916860676,0.6680931237270858,0.9905966179524748,0.8721524884645075,0.9994670262834332,0.701689560014409,0.8047860219850881,0.8105953380758305,0.666660990002195,0.66817239695281,0.6712817599953367,0.6663543978380984,0.9905966179524748,0.8468328293043114,0.8300843105844541,0.6952449874611799,0.8047860219850881,0.8644763312966286,0.6688033521284086,0.6677008119276673,0.6720071916860676,0.6655056859501339,0.9905966179524748,0.8579835947222578,0.7052056032280585,0.7239335788954336,0.8047860219850881,0.8105953380758305,0.6707147438942229,0.66817239695281,0.6712817599953367,0.671039926906604,0.9905966179524748,0.7684126315906102,0.8127354045667287,0.7094939625815488,0.8229123336706097,0.8377862519588383,0.6715865351389875,0.66817239695281,0.6712817599953367,0.667355339487566,0.9905966179524748,0.9075030731324848,0.8624833330760099,0.7094939625815488,0.7921432576679972,0.8320840704631342,0.6688033521284086,0.66817239695281,0.6712817599953367,0.6762531459634283,0.9905966179524748,0.9004685517301898,0.8339154898668749,0.7248496816998815,0.8051824872189728,0.8459053589834568,0.6688033521284086,0.6684441095125243,0.6712817599953367,0.6655056859501339,0.9905966179524748,0.7745857688091662,0.8040131735066065
866_OPPORTUNITY_id_25_HumanActivity_tr_6213_1st_7311,0.6530018290731521,0.7720800161902791,0.9999875715298444,0.666820877863978,0.9956014791962758,0.8462785127750349,0.7615929573512027,0.925262286587928,0.7984148233786543,0.6667952284922435,0.6594419109428105,0.7594019803125214,0.7141705496150974,0.7578995085158904,0.6665720927065586,0.6664294754241727,0.6668605768710066,0.925262286587928,0.925262286587928,0.9969960870820632,0.6615560938964056,0.7593120464953121,0.7692222712253637,0.6677829137933644,0.6664294754241727,0.6671225305669046,0.6668605768710066,0.7283034484937861,0.892284308119421,0.8662280589895907,0.6594419109428105,0.7657717959711582,0.6970553303457898,0.6669634350228166,0.6674084907545645,0.6664294754241727,0.6668605768710066,0.925262286587928,0.869551426235653,0.8924512072958379,0.6594419109428105,0.7551731251034701,0.9872006179536312,0.6677829137933644,0.6664294754241727,0.6670995474601709,0.6668605768710066,0.7912202883537814,0.930627392490922,0.8497982413075905,0.6553150570691113,0.7657717959711582,0.8632823225924683,0.6677829137933644,0.6674084907545645,0.7199456804429556,0.6668605768710066,0.925262286587928,0.7619864298140764,0.874828331168672,0.6615560938964056,0.7657717959711582,0.8443523727349665,0.7578995085158904,0.6696793446618664,0.6990258168322111,0.6668605768710066,0.693512563040828,0.7451081093592856,0.8617951545901836
867_OPPORTUNITY_id_26_HumanActivity_tr_808_1st_908,0.8899848844710957,0.6803602342441161,0.6984879840796265,0.8342804013061603,0.9887044620968324,0.9960280135906204,0.6857980896491619,0.8181235758676081,0.6724707928182136,0.8249692094836572,0.8497849119198428,0.7658394836192628,0.8473475421722014,0.8091750240267056,0.7360349195900021,0.9967296974083484,0.8601388460186921,0.7623231105798866,0.800438195768195,0.7090347812766863,0.8514518814078647,0.7581030669621812,0.8264911047208183,0.8091750240267056,0.9386978204475636,0.9967296974083484,0.6857980896491619,0.6741435451056943,0.6948733918329447,0.6740785632487014,0.8601355368145065,0.6856179738219189,0.6748535056360409,0.8320966223276501,0.7250697879802637,0.9960948829053652,0.7580205969888588,0.7658071462319083,0.800438195768195,0.800438195768195,0.8497849119198428,0.6732768131785279,0.6765110316323424,0.8744407296691569,0.7250697879802637,0.9958942482329016,0.7138236896684479,0.6738835794540131,0.68766102498145,0.6740785632487014,0.8497849119198428,0.7101646320914771,0.6761224366248298,0.8744407296691569,0.7250697879802637,0.9960280135906204,0.7138236896684479,0.7658071462319083,0.7658394836192628,0.6732768131785279,0.8497849119198428,0.6787233597455181,0.6746635868306384,0.8765011326078559,0.7455901044817473,0.9952918627546178,0.6857980896491619,0.7797509442859014,0.6761224366248298,0.6898026677229245
868_OPPORTUNITY_id_27_HumanActivity_tr_2085_1st_2185,0.7725763950579565,0.8000193108413536,0.9992585611044316,0.6649601444166915,0.6663685228986572,0.6655940363098276,0.7331644615897888,0.9955462278948176,0.9306375344854472,0.9992585611044316,0.7560382615807842,0.7885693365373402,0.9992585611044316,0.6649601444166915,0.6668497632626058,0.6655940363098276,0.6650015751149869,0.9918381623871466,0.8149012069557083,0.9984548272507624,0.7498404810026084,0.7898351710074061,0.9992585611044316,0.6649601444166915,0.6668497632626058,0.6655940363098276,0.6650015751149869,0.9955462278948176,0.7688474709318988,0.9992585611044316,0.7445740014562097,0.8153379881141787,0.9992585611044316,0.6649601444166915,0.6668497632626058,0.6655940363098276,0.6649601444166915,0.9955462278948176,0.9843678376219528,0.9805608167475542,0.7523112158773869,0.8037579092340119,0.9992585611044316,0.6663685228986572,0.6668497632626058,0.6655940363098276,0.6649601444166915,0.933017628638135,0.9915592527275398,0.9992585611044316,0.7445740014562097,0.7736663036926411,0.9992585611044316,0.6649601444166915,0.6668497632626058,0.6655940363098276,0.6650015751149869,0.9918381623871466,0.9950954997385164,0.9990413202235832,0.7445740014562097,0.7662865586047534,0.9988805361741948,0.6649601444166915,0.6668497632626058,0.6655940363098276,0.6650015751149869,0.9955462278948176,0.7248493204251887,0.9990413202235832
869_OPPORTUNITY_id_28_HumanActivity_tr_500_1st_566,0.7765520583908037,0.7768358760815273,0.7727979032136698,0.8773930676660621,0.6678481850255145,0.7273285510635797,0.9956276724925656,0.791506607087561,0.6878937278338438,0.8016945670884714,0.8941772215374402,0.667852022236139,0.7727979032136698,0.9101486480218176,0.6678481850255145,0.6671601314774386,0.9956276724925656,0.7385039539091716,0.7158758966251381,0.8016945670884714,0.8087520303694654,0.7630243289521725,0.8034192395066172,0.8467702560370801,0.743701467512101,0.6690409905389691,0.6485534110706812,0.7258681710237009,0.6860534078177689,0.7727979032136698,0.7256821651544222,0.7789254286299269,0.8521588497442311,0.8513611637685966,0.743701467512101,0.6928332371660438,0.6869691612963162,0.7302828630903065,0.693696150110845,0.8016945670884714,0.733557876186259,0.7789254286299269,0.783694062194983,0.8468877173474783,0.6678481850255145,0.6700027493771218,0.6691050835348448,0.688703963174279,0.676948579556826,0.776475990581175,0.7183823891199409,0.7847683673759104,0.8035177275825099,0.8697697086047954,0.743701467512101,0.6928332371660438,0.7423241055345137,0.7884874754302386,0.6941674556876987,0.7727979032136698,0.7683349727318292,0.7141675633883516,0.8081185942449586,0.8628225775582985,0.743701467512101,0.6671601314774386,0.6692698272387053,0.7409900853591651,0.7142451284030051,0.7859236862423258
870_OPPORTUNITY_id_29_HumanActivity_tr_1477_1st_1577,0.8160136780299445,0.9201467566298964,0.8701841485339954,0.6706486587888564,0.9093683798062066,0.6695091430359924,0.7656677941052553,0.6671506087262508,0.7091995018591759,0.7587324853755114,0.8160136780299445,0.9238290013941844,0.8683104544575876,0.6923549441731788,0.7213082697241214,0.6692396883160759,0.6985058379402929,0.7045479612722398,0.7380302638323776,0.8716541631098669,0.8160136780299445,0.9430408400891976,0.8688101830187634,0.7076261876589135,0.6697336115566453,0.6672641726374889,0.6977132822667583,0.7305226187175595,0.7007056283759733,0.8688392768521348,0.8160136780299445,0.9238290013941844,0.8683104544575876,0.6958784664312608,0.7582460684021248,0.6689184419872175,0.7712090227636115,0.7109738000760972,0.7030643493557042,0.8683104544575876,0.8160136780299445,0.9238290013941844,0.8683104544575876,0.7040692201404474,0.6703730324538547,0.6696986607299223,0.7416429208128011,0.7160915925491805,0.7049336591710527,0.8697618676465273,0.8160136780299445,0.9238290013941844,0.8683104544575876,0.6749069798722366,0.6703730324538547,0.6675670482853321,0.7100296978569294,0.7197500205391482,0.7012772045916636,0.8701841485339954,0.8160136780299445,0.9238290013941844,0.8683104544575876,0.7491584777627479,0.6706209750202728,0.6676009979860626,0.7047289026242424,0.7303806545690269,0.69810641031218,0.8817483261578576
