file,CNN-AE (RN),CNN-AE (LP),CNN-AE (SG),CNN-AE (GASF),CNN-AE (GADF),CNN-AE (MTF),CNN-AE (RP),CNN-AE (RWT),CNN-AE (MWT),CNN-AE (SPIRAL),ResNet18-AE-FE (RN),ResNet18-AE-FE (LP),ResNet18-AE-FE (SG),ResNet18-AE-FE (GASF),ResNet18-AE-FE (GADF),ResNet18-AE-FE (MTF),ResNet18-AE-FE (RP),ResNet18-AE-FE (RWT),ResNet18-AE-FE (MWT),ResNet18-AE-FE (SPIRAL),ResNet18-AE-PU (RN),ResNet18-AE-PU (LP),ResNet18-AE-PU (SG),ResNet18-AE-PU (GASF),ResNet18-AE-PU (GADF),ResNet18-AE-PU (MTF),ResNet18-AE-PU (RP),ResNet18-AE-PU (RWT),ResNet18-AE-PU (MWT),ResNet18-AE-PU (SPIRAL),ResNet18-AE-DLR (RN),ResNet18-AE-DLR (LP),ResNet18-AE-DLR (SG),ResNet18-AE-DLR (GASF),ResNet18-AE-DLR (GADF),ResNet18-AE-DLR (MTF),ResNet18-AE-DLR (RP),ResNet18-AE-DLR (RWT),ResNet18-AE-DLR (MWT),ResNet18-AE-DLR (SPIRAL),PVT-v2-b1-AE-FE (RN),PVT-v2-b1-AE-FE (LP),PVT-v2-b1-AE-FE (SG),PVT-v2-b1-AE-FE (GASF),PVT-v2-b1-AE-FE (GADF),PVT-v2-b1-AE-FE (MTF),PVT-v2-b1-AE-FE (RP),PVT-v2-b1-AE-FE (RWT),PVT-v2-b1-AE-FE (MWT),PVT-v2-b1-AE-FE (SPIRAL),PVT-v2-b1-AE-PU (RN),PVT-v2-b1-AE-PU (LP),PVT-v2-b1-AE-PU (SG),PVT-v2-b1-AE-PU (GASF),PVT-v2-b1-AE-PU (GADF),PVT-v2-b1-AE-PU (MTF),PVT-v2-b1-AE-PU (RP),PVT-v2-b1-AE-PU (RWT),PVT-v2-b1-AE-PU (MWT),PVT-v2-b1-AE-PU (SPIRAL),PVT-v2-b1-AE-DLR (RN),PVT-v2-b1-AE-DLR (LP),PVT-v2-b1-AE-DLR (SG),PVT-v2-b1-AE-DLR (GASF),PVT-v2-b1-AE-DLR (GADF),PVT-v2-b1-AE-DLR (MTF),PVT-v2-b1-AE-DLR (RP),PVT-v2-b1-AE-DLR (RWT),PVT-v2-b1-AE-DLR (MWT),PVT-v2-b1-AE-DLR (SPIRAL)
001_NAB_id_1_Facility_tr_1007_1st_2014,0.3869945739688535,0.3968074251128723,0.4491059854735499,0.3858555051220869,0.2084781858893992,0.23507747521249,0.1449600162990882,0.4491059854735499,0.6857804140011723,0.4178309239933255,0.3869945739688535,0.3375056519293757,0.4491059854735499,0.2584391157560066,0.2848084860139406,0.2537744776576547,0.2565119423163587,0.4178309239933255,0.4620963384422057,0.3906281691821273,0.3869945739688535,0.3484182000274924,0.4491059854735499,0.2331248582514683,0.2999713618027428,0.2537744776576547,0.2249842933293608,0.4178309239933255,0.4178309239933255,0.3456246008329067,0.3869945739688535,0.3609959561535136,0.4491059854735499,0.2538646426312461,0.2280969610775312,0.2392323328961796,0.7232848033327265,0.4178309239933255,0.4491059854735499,0.3506746756154821,0.3869945739688535,0.3609959561535136,0.6857804140011723,0.2764504505276508,0.3036153086266348,0.2076486331007228,0.2565119423163587,0.4491059854735499,0.4491059854735499,0.3611935912725087,0.3869945739688535,0.3609959561535136,0.4491059854735499,0.2983167246532162,0.3015411410418794,0.4912523708380084,0.4848308605441645,0.4178309239933255,0.4491059854735499,0.3454095258953721,0.4312781755397971,0.3311133142823817,0.4491059854735499,0.3056546444481895,0.3015411410418794,0.2409343761002483,0.2249842933293608,0.4178309239933255,0.4491059854735499,0.3375056519293757
002_NAB_id_2_WebService_tr_1500_1st_4106,0.2976399215861691,0.4882352941176471,0.5213556174558961,0.3763461915018602,0.2332784864267236,0.3763461915018602,0.4635793535938253,0.4635793535938253,0.4154328325948341,0.5213556174558961,0.358465684436231,0.4635793535938253,0.4635793535938253,0.3093784647899336,0.2995178041543027,0.3763461915018602,0.4635793535938253,0.3748018356278682,0.4635793535938253,0.4635793535938253,0.280258296336966,0.4635793535938253,0.4635793535938253,0.3093784647899336,0.2995178041543027,0.3763461915018602,0.4635793535938253,0.4612383201560735,0.4635793535938253,0.4635793535938253,0.3222849946653141,0.4635793535938253,0.4635793535938253,0.4635793535938253,0.2995178041543027,0.3763461915018602,0.4635793535938253,0.4154328325948341,0.4635793535938253,0.4635793535938253,0.2517575589881658,0.4635793535938253,0.4635793535938253,0.4635793535938253,0.2995178041543027,0.3763461915018602,0.4635793535938253,0.4135518320751243,0.4635793535938253,0.5213556174558961,0.3167435728411338,0.4635793535938253,0.4154328325948341,0.4229856993372864,0.2995178041543027,0.3763461915018602,0.3763461915018602,0.4635793535938253,0.4635793535938253,0.5213556174558961,0.3062536203708847,0.4635793535938253,0.4635793535938253,0.4612383201560735,0.2995178041543027,0.3439821029082774,0.4635793535938253,0.4635793535938253,0.4154328325948341,0.5213556174558961
005_NAB_id_5_Traffic_tr_594_1st_1645,0.3427386847863641,0.3511450381679389,0.2388720673814665,0.3929813674933251,0.3219075052008321,0.3511450381679389,0.2598870056497175,0.425925925925926,0.251821349382325,0.3511450381679389,0.425925925925926,0.3479976834473735,0.3511450381679389,0.2751322751322751,0.2646715641468341,0.3511450381679389,0.2786885245901639,0.2987012987012987,0.2576258989107695,0.3511450381679389,0.425925925925926,0.362095112182603,0.425925925925926,0.2751322751322751,0.2646715641468341,0.3511450381679389,0.265625,0.3511450381679389,0.3467688648077178,0.3511450381679389,0.425925925925926,0.3354794984750932,0.3511450381679389,0.2574257425742574,0.2853123801597598,0.3511450381679389,0.2786885245901639,0.425925925925926,0.2800558000580221,0.3995706674566903,0.425925925925926,0.2987012987012987,0.3511450381679389,0.425925925925926,0.2608866002462778,0.3511450381679389,0.265625,0.2598870056497175,0.265625,0.3122556183103598,0.3511450381679389,0.3511450381679389,0.3372093023255814,0.3296703296703296,0.2646715641468341,0.3511450381679389,0.265625,0.3511450381679389,0.265625,0.3511450381679389,0.425925925925926,0.3511450381679389,0.425925925925926,0.2987012987012987,0.2646715641468341,0.3511450381679389,0.265625,0.425925925925926,0.265625,0.2987012987012987
006_NAB_id_6_Traffic_tr_2579_1st_5839,0.2821217838242252,0.4551638662352258,0.552557616638561,0.3513673911530233,0.2882720228691793,0.4772516164593615,0.3463301711225092,0.4020067564160742,0.2322001282873637,0.4768357045792223,0.5685173048960857,0.3724873112822121,0.4018474054013613,0.3010836035705306,0.405997693194925,0.3023847815496144,0.3290538917360667,0.4245632609846479,0.3014191544607997,0.3504582437932445,0.5685173048960857,0.3357181680302141,0.4018474054013613,0.3038767084483988,0.2992294520547945,0.3291906638375265,0.2302608813287876,0.3986313088109495,0.3120689655172414,0.4270006108735492,0.4887758805233977,0.4207779310964155,0.3449774351982837,0.3150260336703792,0.2767416990531834,0.3236306671410945,0.2319918678770533,0.4270006108735492,0.2536632491981882,0.5779085696889745,0.4887758805233977,0.4397139142340658,0.3112290008841732,0.2795753802184342,0.3642684118715275,0.3689579697899361,0.267024973764531,0.4243878746321534,0.3649720834557742,0.3695485540162249,0.4887758805233977,0.3979849893452635,0.4270006108735492,0.3436702443799601,0.2884407076907205,0.2725418855136741,0.2708485339971373,0.3901573930392374,0.3599304001988566,0.3801735647530039,0.5685173048960857,0.3979849893452635,0.4775672981056829,0.3229082590299796,0.2992294520547945,0.3449574876465666,0.2539584760229283,0.4053642624139181,0.3628466421650518,0.3440443213296398
008_NAB_id_8_Synthetic_tr_1007_1st_2734,0.2649880095923261,0.3605220228384991,0.3605220228384991,0.3692262051915946,0.3868378812199037,0.3783446641302314,0.0,0.3658536585365853,0.3605220228384991,0.3605220228384991,0.3100104437481946,0.3605220228384991,0.3704347871751043,0.397810429603916,0.3689362169283126,0.3522558647681705,0.0,0.3475788192571022,0.3868378812199037,0.3605220228384991,0.2589177036644566,0.3605220228384991,0.3683791819569817,0.3868378812199037,0.3605220228384991,0.3631852018948793,0.0,0.3605220228384991,0.3781603012372243,0.3675797681337848,0.2124715565533396,0.3605220228384991,0.3675797681337848,0.3868378812199037,0.3882958647740562,0.397810429603916,0.0,0.3693888588426176,0.3605220228384991,0.3605220228384991,0.2549784340960596,0.3605220228384991,0.3802031633308991,0.3605220228384991,0.3882958647740562,0.4047182175622543,0.0,0.3605220228384991,0.3574138815084137,0.3675797681337848,0.3100104437481946,0.3605220228384991,0.3715740518001764,0.3868378812199037,0.3882958647740562,0.3767914728109692,0.6579378068739771,0.3605220228384991,0.3781603012372243,0.3651705902880304,0.3040448066948524,0.397810429603916,0.3715740518001764,0.3715740518001764,0.3689362169283126,0.3737864077669903,0.0,0.3605220228384991,0.374849029640898,0.3683791819569817
009_NAB_id_9_Traffic_tr_500_1st_438,0.1342592592592592,0.4722222222222222,0.5,0.3243243243243243,0.3859649122807018,0.3529411764705883,0.314102564102564,0.5349932370883594,0.4285714285714286,0.3548387096774193,0.1923714759535655,0.4285714285714286,0.4285714285714286,0.3,0.24375,0.3,0.3,0.2790697674418604,0.2307692307692307,0.4285714285714286,0.1342592592592592,0.4285714285714286,0.4888888888888889,0.275,0.2203023758099352,0.3,0.2608695652173913,0.2608695652173913,0.2900763358778626,0.4888888888888889,0.1342592592592592,0.4285714285714286,0.5,0.3,0.3859649122807018,0.5116279069767442,0.2790697674418604,0.5945945945945945,0.2039660056657223,0.4722222222222222,0.1342592592592592,0.4285714285714286,0.5,0.4285714285714286,0.275,0.4285714285714286,0.3243243243243243,0.2417582417582418,0.3529411764705883,0.5135135135135135,0.1149653121902874,0.4285714285714286,0.6666666666666666,0.5,0.2248062015503876,0.2608695652173913,0.3,0.3243243243243243,0.2617506332676611,0.4285714285714286,0.1492921492921493,0.4285714285714286,0.6666666666666666,0.5,0.2307692307692307,0.225563909774436,0.1828571428571428,0.3243243243243243,0.2448979591836734,0.4285714285714286
010_NAB_id_10_WebService_tr_500_1st_271,0.1883293365307753,0.5365853658536586,0.6341463414634146,0.2916666666666667,0.345679012345679,0.2972972972972973,0.0,0.3492063492063492,0.3492063492063492,0.6341463414634146,0.2795698924731182,0.5365853658536586,0.5365853658536586,0.4230769230769231,0.4102564102564103,0.3880597014925373,0.0,0.5106382978723404,0.2352941176470588,0.5365853658536586,0.2184873949579832,0.5365853658536586,0.5126501766784453,0.4230769230769231,0.3404255319148936,0.205050505050505,0.0,0.4230769230769231,0.3720930232558139,0.5365853658536586,0.2184873949579832,0.5365853658536586,0.5365853658536586,0.4230769230769231,0.5161290322580646,0.2953125,0.0,0.4814814814814814,0.4230769230769231,0.5714285714285715,0.1969696969696969,0.5365853658536586,0.5365853658536586,0.3492063492063492,0.3221476510067114,0.2953125,0.0,0.2972972972972973,0.325,0.5365853658536586,0.2432432432432432,0.5365853658536586,0.5365853658536586,0.2975206611570247,0.3558912386706949,0.205050505050505,0.0,0.5106382978723404,0.2926829268292683,0.5365853658536586,0.1864406779661017,0.5365853658536586,0.5365853658536586,0.3636363636363637,0.4102564102564103,0.2953125,0.0,0.3116883116883117,0.4173076923076922,0.5365853658536586
011_NAB_id_11_Facility_tr_1007_1st_1526,0.2713225453218153,0.3456836081285681,0.5842293906810035,0.6518771331058021,0.4024446982441821,0.4262948207171314,0.2988826815642457,0.5477941176470589,0.3555547270173868,0.6518771331058021,0.2906955126660286,0.3795756389226943,0.5842293906810035,0.6518771331058021,0.4024446982441821,0.3513957307060755,0.2977946308100311,0.4262948207171314,0.3456836081285681,0.4521497919556171,0.319678337775624,0.3123993222445297,0.5842293906810035,0.6518771331058021,0.4024446982441821,0.3513957307060755,0.2847006651884701,0.4689922480620155,0.4262948207171314,0.5842293906810035,0.4096336360853148,0.3116893891208761,0.5842293906810035,0.6518771331058021,0.4024446982441821,0.4262948207171314,0.4872541879096869,0.4262948207171314,0.3156558533145275,0.5842293906810035,0.4369162293955294,0.3668905757923288,0.5842293906810035,0.427484264023114,0.4024446982441821,0.3513957307060755,0.4497960494620202,0.4262948207171314,0.3180000234116191,0.3855074551609883,0.3550804477825345,0.3351425416716552,0.5842293906810035,0.6518771331058021,0.4024446982441821,0.4262948207171314,0.4488636363636363,0.43001443001443,0.354614866903386,0.5842293906810035,0.3891971523581669,0.3116837437700302,0.6518771331058021,0.5842293906810035,0.4024446982441821,0.3513957307060755,0.4497960494620202,0.4262948207171314,0.3208023327274866,0.6518771331058021
013_NAB_id_13_Traffic_tr_623_1st_2084,0.3095823095823096,0.5779816513761469,0.5779816513761469,0.6386554621848739,0.3983443984492363,0.4746992113292269,0.3074565535532146,0.5779816513761469,0.5779816513761469,0.5779816513761469,0.2845020283136021,0.2345866828940204,0.5779816513761469,0.4391634388864141,0.6752136752136753,0.4876553789598917,0.3857325929090133,0.5779816513761469,0.5779816513761469,0.5779816513761469,0.2680851063829788,0.5374069135376827,0.5779816513761469,0.6752136752136753,0.6752136752136753,0.2692834322227294,0.3074565535532146,0.5779816513761469,0.5779816513761469,0.5779816513761469,0.2512462612163509,0.5374069135376827,0.5779816513761469,0.4639267536278024,0.616335507356287,0.4746992113292269,0.3074565535532146,0.5779816513761469,0.5779816513761469,0.5779816513761469,0.5765621322945584,0.5779816513761469,0.5779816513761469,0.7348026533351488,0.6752136752136753,0.4746992113292269,0.3074565535532146,0.5779816513761469,0.5779816513761469,0.5779816513761469,0.4853708624034454,0.4338934879018105,0.5779816513761469,0.6752136752136753,0.6752136752136753,0.3986849103128173,0.3074565535532146,0.5779816513761469,0.5779816513761469,0.5779816513761469,0.2680237489397794,0.4338934879018105,0.5779816513761469,0.6752136752136753,0.6752136752136753,0.3475951608143994,0.3074565535532146,0.5779816513761469,0.5779816513761469,0.5779816513761469
014_NAB_id_14_WebService_tr_500_1st_1045,0.3044280616551924,0.2367102866134243,0.3117141095134539,0.4033613445378152,0.2573896534271277,0.3253693541578725,0.6440677966101694,0.4033613445378152,0.3356643356643357,0.2998219421996986,0.2702702702702703,0.2376412037546875,0.4033613445378152,0.4033613445378152,0.3356643356643357,0.2706682520808561,0.6440677966101694,0.3356643356643357,0.4033613445378152,0.4033613445378152,0.2836915297092288,0.2423112767940354,0.4033613445378152,0.4033613445378152,0.3356643356643357,0.3104708956493618,0.0,0.4033613445378152,0.4033613445378152,0.4033613445378152,0.2364532019704433,0.4033613445378152,0.2609336609336609,0.4033613445378152,0.3356643356643357,0.3131438721136767,0.6440677966101694,0.4033613445378152,0.4033613445378152,0.4033613445378152,0.2544,0.4033613445378152,0.3356643356643357,0.4033613445378152,0.306479217603912,0.3253693541578725,0.0,0.4033613445378152,0.4033613445378152,0.4033613445378152,0.2364532019704433,0.4033613445378152,0.4033613445378152,0.4033613445378152,0.306479217603912,0.2313488933228156,0.6440677966101694,0.4033613445378152,0.4033613445378152,0.4033613445378152,0.2629251671560779,0.4033613445378152,0.3356643356643357,0.4033613445378152,0.2955350815024805,0.3253693541578725,0.0,0.4033613445378152,0.4033613445378152,0.4188152337068454
015_NAB_id_15_Synthetic_tr_1007_1st_2787,0.4594594594594595,0.3148148148148149,0.4594594594594595,0.3663998259816193,0.4594594594594595,0.2707838479809976,0.244493858054494,0.3382789317507418,0.332611248127279,0.3007915567282321,0.3736263736263736,0.2261718786540818,0.3514039447251887,0.2488119125567642,0.4305916028496053,0.271092741619391,0.3958333333333333,0.4305916028496053,0.332611248127279,0.2826178294498951,0.4121212121212121,0.2086950710499826,0.3707461535064281,0.3305467830825438,0.4594594594594595,0.2707838479809976,0.3070315773435417,0.351610706278846,0.332611248127279,0.4594594594594595,0.4594594594594595,0.1890259724231516,0.2865438293680193,0.2768440827533872,0.3695586201490489,0.2707838479809976,0.3262016809546826,0.3382789317507418,0.3381233775044191,0.3007915567282321,0.4121212121212121,0.2281151938747161,0.2257425742574257,0.3148148148148149,0.4594594594594595,0.2707838479809976,0.3515977107497608,0.3382789317507418,0.4832168393990519,0.3475631633122743,0.4099378881987577,0.216388038957101,0.4594594594594595,0.3007915567282321,0.4594594594594595,0.2945762711864407,0.3216581155881726,0.3382789317507418,0.3867188755794739,0.4594594594594595,0.3503387739338471,0.2347405105372652,0.3867188755794739,0.2777230178613718,0.4594594594594595,0.3154619137212097,0.3958333333333333,0.3867188755794739,0.3321596244131455,0.2232566158089819
016_NAB_id_16_Environment_tr_1816_1st_3540,0.2714870360839072,0.3313547625078392,0.3656884875846501,0.2695926149467627,0.2932730590512145,0.3537466067983542,0.4358497582744514,0.3293291341502061,0.2786495482643842,0.4210097719869707,0.2525005941941989,0.3123523624171558,0.3656884875846501,0.2843960095655836,0.336527896690207,0.3250054312404953,0.2496856870542214,0.2677685950413223,0.3472530531516876,0.3635139578212334,0.2525005941941989,0.3262511016079024,0.3656884875846501,0.2471233846698531,0.3162719167932669,0.3114260407440212,0.2675108910234264,0.3091603053435114,0.2786495482643842,0.4443489471422432,0.2669681425212589,0.4078630599841116,0.3930248155600268,0.291406902621421,0.3215506473362525,0.3003573337835176,0.3424717533211232,0.3211047535008136,0.292289059345983,0.4224250325945242,0.2525005941941989,0.3634483097549558,0.3656884875846501,0.2739474130274982,0.3156559587892445,0.5327998353063229,0.2786495482643842,0.3684475848347897,0.2786495482643842,0.3656884875846501,0.2525005941941989,0.3178831812809842,0.3757671748168679,0.2834189230118963,0.387682763124005,0.3380562660646695,0.3284753363228699,0.3457634522476125,0.2582990919315167,0.4443489471422432,0.2525005941941989,0.3742820697470109,0.4886244312215611,0.3436830835117773,0.2798451463693611,0.3688627780109106,0.2906952794130542,0.3464360377279635,0.3091929018713772,0.3656884875846501
017_NAB_id_17_Synthetic_tr_1007_1st_1805,0.3508697017268446,0.3868378812199037,0.3868378812199037,0.3868378812199037,0.0,0.3868378812199037,0.0,0.3605220228384991,0.1713213793103448,0.3605220228384991,0.3101972068215313,0.3605220228384991,0.3868378812199037,0.3868378812199037,0.0,0.2345640573750428,0.6579378068739771,0.3605220228384991,0.3064799800388287,0.3605220228384991,0.4054718689591214,0.3605220228384991,0.3868378812199037,0.3868378812199037,0.6579378068739771,0.3605220228384991,0.6579378068739771,0.1713213793103448,0.3868378812199037,0.3605220228384991,0.3101972068215313,0.3064799800388287,0.3868378812199037,0.3868378812199037,0.6579378068739771,0.3605220228384991,0.0,0.1713213793103448,0.3605220228384991,0.3605220228384991,0.3508697017268446,0.3605220228384991,0.3605220228384991,0.3868378812199037,0.0,0.3868378812199037,0.0,0.3605220228384991,0.1713213793103448,0.3605220228384991,0.3508697017268446,0.3868378812199037,0.3605220228384991,0.3605220228384991,0.0,0.3605220228384991,0.6579378068739771,0.1713213793103448,0.1713213793103448,0.3605220228384991,0.3508697017268446,0.3605220228384991,0.3605220228384991,0.3868378812199037,0.0,0.3605220228384991,0.6579378068739771,0.1713213793103448,0.3605220228384991,0.3605220228384991
018_NAB_id_18_Facility_tr_500_1st_669,0.2978767585526657,0.4352756926067937,0.265884895399713,0.3643101013798719,0.2822793804177916,0.5298382598996096,0.1202662018697512,0.4469483568075117,0.402027027027027,0.3361581920903954,0.2978767585526657,0.3361581920903954,0.3361581920903954,0.3643101013798719,0.402027027027027,0.3643101013798719,0.1202662018697512,0.4765972419050597,0.2646803578748004,0.4933129062978758,0.3467908982404805,0.4352756926067937,0.4252721756202034,0.3643101013798719,0.3585947936599631,0.3414497852744865,0.1202662018697512,0.3361581920903954,0.3373288610255685,0.3527664314890457,0.3467908982404805,0.3536559419399068,0.3114177517248535,0.3643101013798719,0.402027027027027,0.4252721756202034,0.1202662018697512,0.402027027027027,0.3987138263665594,0.3063245649160189,0.4078424269866425,0.3174072836618777,0.2569601979789647,0.3600493218249075,0.3585947936599631,0.4584156142365098,0.1202662018697512,0.6631016042780749,0.3347607346369949,0.274067769317476,0.4078424269866425,0.3677860326894502,0.3091611996251172,0.3643101013798719,0.3585947936599631,0.448356807511737,0.1202662018697512,0.3877032794856556,0.402027027027027,0.4201680672268907,0.4078424269866425,0.2402875466150557,0.4584156142365098,0.3812210711924179,0.3585947936599631,0.4252721756202034,0.1202662018697512,0.6723163841807909,0.3192974347122718,0.3737256501144954
019_NAB_id_19_Facility_tr_1007_1st_1171,0.2059128314819686,0.5143971004710268,0.5648588829553964,0.4539897811401533,0.4997361523835252,0.4420143867535316,0.1224489795918367,0.3928183987849859,0.519427787059423,0.5361723588631492,0.1538461538461538,0.4994089042390501,0.5953208544628675,0.3791347828608204,0.2608695652173913,0.2802887943823558,0.1846153846153846,0.3890183806337902,0.4337505783845951,0.5418205226901687,0.1509746158000687,0.713997800275116,0.6265615067399348,0.4397713571734364,0.394732899182427,0.2276151330290829,0.2127659574468084,0.4103222951545099,0.4657828675638615,0.5368468508013055,0.159217877094972,0.5424886375302145,0.50240768653392,0.4253745941106653,0.395577002691015,0.3973931942931449,0.1846153846153846,0.4103222951545099,0.4770079856084432,0.5684898073158325,0.133855893880012,0.5424886375302145,0.5694933302794672,0.4639537148847779,0.3742121200792553,0.3973931942931449,0.1846153846153846,0.4103222951545099,0.4870637754696272,0.5349141477020267,0.1240072746777519,0.5424886375302145,0.5419345242030383,0.4254199120909456,0.4594100359725387,0.5078653774418052,0.1846153846153846,0.4103222951545099,0.5031345616060332,0.5740676974225448,0.4722662340276677,0.5424886375302145,0.5421599244203592,0.3985902107570213,0.1982237357131674,0.3973931942931449,0.1846153846153846,0.4103222951545099,0.5515272418819089,0.6052140562671434
020_NAB_id_20_Synthetic_tr_1007_1st_2679,0.3630816039389953,0.3648293963254593,0.3145388528753157,0.6882129277566541,0.3888701883825157,0.7545126353790613,0.7545126353790613,0.263670968230958,0.2905263157894736,0.3529411764705882,0.3630816039389953,0.3087248322147651,0.4423278659170966,0.6882129277566541,0.3843179348105719,0.6882129277566541,0.4389140271493212,0.3050314465408805,0.359925788497217,0.2602748152699786,0.3630816039389953,0.4389140271493212,0.4389140271493212,0.6882129277566541,0.3888701883825157,0.6882129277566541,0.4389140271493212,0.3079598074911188,0.359925788497217,0.4175141918216853,0.3660477453580901,0.2395708249048352,0.3758037536953212,0.6882129277566541,0.3888701883825157,0.6882129277566541,0.4389140271493212,0.3473086545524276,0.4389140271493212,0.3529411764705882,0.3630816039389953,0.2646657571623465,0.6882129277566541,0.6882129277566541,0.3888701883825157,0.6882129277566541,0.4389140271493212,0.2905263157894736,0.2795599433983599,0.2533642159381428,0.3630816039389953,0.3079598074911188,0.6882129277566541,0.6882129277566541,0.3888701883825157,0.7545126353790613,0.4389140271493212,0.2446636145175451,0.2999397128267164,0.2895999999999999,0.3660477453580901,0.3087248322147651,0.3467336683417085,0.6882129277566541,0.3888701883825157,0.6882129277566541,0.4389140271493212,0.2905263157894736,0.3050314465408805,0.3473086545524276
022_NAB_id_22_Facility_tr_1007_1st_2980,0.3308278939284892,0.1682242990654205,0.3540688827450224,0.3935661089654491,0.560114716817191,0.2966127961036086,0.1586424489856735,0.4664814224437746,0.287037037037037,0.4333424025850172,0.3542009744473521,0.1869474379638653,0.3540688827450224,0.4184108617569517,0.4078766702932755,0.2725908207504859,0.4859320411310844,0.4257276875567761,0.2110604401694867,0.3680651347842142,0.3229843326971727,0.1742301618634031,0.3680651347842142,0.386828261431496,0.3802652234978489,0.2561869661619296,0.1586424489856735,0.4468673403680777,0.2064108173240714,0.3540688827450224,0.3266047475096205,0.1682242990654205,0.3540688827450224,0.3034242033173236,0.4515269046220974,0.2634819314321013,0.3739730591651197,0.4788177841830603,0.2298566485417696,0.4333424025850172,0.2895155942649213,0.1934523809523809,0.3540688827450224,0.4083751413791514,0.44327999086839,0.2795581988105352,0.1586424489856735,0.3810829355438858,0.2071335200746965,0.3680651347842142,0.3231382432302866,0.1934523809523809,0.5267655913831844,0.3078687491221473,0.4029356442870439,0.2853903040262942,0.1586424489856735,0.4664814224437746,0.2480243355510215,0.4333424025850172,0.3016153808838511,0.1934523809523809,0.3540688827450224,0.3309847475859949,0.4415863693988907,0.2481211601657379,0.4859320411310844,0.393574297188755,0.2321408305507855,0.3680651347842142
023_NAB_id_23_Facility_tr_4512_1st_16551,0.3696125380931649,0.7907652567000324,0.4294017094017094,0.358304112209117,0.4001334668001335,0.3696125380931649,0.3755379109073969,0.3696125380931649,0.3696125380931649,0.5765011873798485,0.3696125380931649,0.3340764761518713,0.4287185354691075,0.7709222185756481,0.3696125380931649,0.555716301633829,0.4749459359321747,0.3119603160022046,0.3813571531479613,0.5205501749816879,0.3696125380931649,0.7907652567000324,0.7907652567000324,0.4446092243808394,0.3696125380931649,0.555716301633829,0.3696125380931649,0.2893907115466553,0.3696125380931649,0.4606078064237361,0.3696125380931649,0.7907652567000324,0.5564372853251214,0.4222113022113021,0.3696125380931649,0.555716301633829,0.3696125380931649,0.2965420887181278,0.3696125380931649,0.4527254128306298,0.3696125380931649,0.3696125380931649,0.5765011873798485,0.7709222185756481,0.3696125380931649,0.555716301633829,0.3696125380931649,0.3119603160022046,0.3871662360034453,0.4531091462530802,0.3696125380931649,0.4446092243808394,0.5765011873798485,0.7709222185756481,0.3696125380931649,0.3696125380931649,0.3909219298486893,0.3119603160022046,0.3696125380931649,0.5765011873798485,0.3696125380931649,0.3784368911019701,0.5765011873798485,0.3696125380931649,0.3696125380931649,0.555716301633829,0.3696125380931649,0.2893907115466553,0.3696125380931649,0.4202249245679803
024_NAB_id_24_Synthetic_tr_1007_1st_2787,0.3121963590002796,0.2417134115247323,0.3417085427135679,0.4594594594594595,0.3387603370006342,0.3148148148148149,0.4594594594594595,0.4594594594594595,0.3638591573642826,0.3417085427135679,0.3234928876695738,0.2349795568589431,0.3736263736263736,0.4594594594594595,0.3387603370006342,0.2953367875647669,0.3736263736263736,0.3148148148148149,0.4594594594594595,0.5678391959798995,0.331379172789198,0.2417134115247323,0.4422700587084149,0.3736263736263736,0.3651312145553188,0.297327799116559,0.3597019238204542,0.3736263736263736,0.4594594594594595,0.4594594594594595,0.3198770478967685,0.2417134115247323,0.4594594594594595,0.3148148148148149,0.3387603370006342,0.3157137767402618,0.3736263736263736,0.4594594594594595,0.4594594594594595,0.4594594594594595,0.3519705061937566,0.2417134115247323,0.5678391959798995,0.4594594594594595,0.3387603370006342,0.2682796965785498,0.4594594594594595,0.4594594594594595,0.4594594594594595,0.4594594594594595,0.3327625031345256,0.2417134115247323,0.4594594594594595,0.4594594594594595,0.3387603370006342,0.3148148148148149,0.3736263736263736,0.4121212121212121,0.4099378881987577,0.4594594594594595,0.3029034924571192,0.2417134115247323,0.4594594594594595,0.4594594594594595,0.3387603370006342,0.3736263736263736,0.4594594594594595,0.4594594594594595,0.4594594594594595,0.2848484848484848
025_NAB_id_25_WebService_tr_3958_1st_4614,0.2753861727834915,0.409809248394355,0.4008097165991903,0.306515302903243,0.4272594235447636,0.3680354548047561,0.2478139320820984,0.418877505719736,0.3514852677335067,0.5113561529661177,0.1992396040052429,0.2503160556257901,0.4008097165991903,0.3354617414248021,0.3365045198922441,0.294954577556803,0.4236746911301995,0.2322985899491149,0.2762469480292989,0.2945292556680018,0.6157414977467912,0.267538253863199,0.3643054277828887,0.3535714285714285,0.3365045198922441,0.31629392971246,0.2478139320820984,0.2861271676300578,0.3731125695584381,0.4008097165991903,0.1992396040052429,0.4112481993230511,0.4008097165991903,0.4008097165991903,0.3365045198922441,0.2861027322726459,0.4236746911301995,0.2467759416605339,0.3081712062256809,0.4008097165991903,0.6405246549269048,0.2503160556257901,0.4008097165991903,0.3643054277828887,0.3365045198922441,0.2355740630577037,0.4236746911301995,0.3643054277828887,0.3525620644321437,0.4008097165991903,0.2260892986171999,0.409809248394355,0.4008097165991903,0.3338954468802698,0.3365045198922441,0.3798393940437645,0.4236746911301995,0.3004552352048558,0.3614463798712857,0.4008097165991903,0.1916338171713565,0.3153175231687302,0.4008097165991903,0.4008097165991903,0.3365045198922441,0.3172405110329628,0.4236746911301995,0.3643054277828887,0.2861271676300578,0.4008097165991903
026_NAB_id_26_Traffic_tr_624_1st_2261,0.3927418278852568,0.5021097046413502,0.3787465940054496,0.3683331005529219,0.5123276099531724,0.4157422776968943,0.1722073095188932,0.3787465940054496,0.3787465940054496,0.6040609137055838,0.2207637241914821,0.5489636730326164,0.3787465940054496,0.3184421534936998,0.3787465940054496,0.3924154987633966,0.1722073095188932,0.4006734006734007,0.3787465940054496,0.5021097046413502,0.2073845595572893,0.5489636730326164,0.3787465940054496,0.5700925983073086,0.3787465940054496,0.3876221498371335,0.2626771653543307,0.3787465940054496,0.3787465940054496,0.5021097046413502,0.2214398555630783,0.5489636730326164,0.3787465940054496,0.3695652173913044,0.3787465940054496,0.3184421534936998,0.1722073095188932,0.3787465940054496,0.3787465940054496,0.5021097046413502,0.2232217684188193,0.5505375674322897,0.3787465940054496,0.3787465940054496,0.3787465940054496,0.3876221498371335,0.1722073095188932,0.3787465940054496,0.5489636730326164,0.6040609137055838,0.2822997416020672,0.5505375674322897,0.3787465940054496,0.3531157270029673,0.3787465940054496,0.3876221498371335,0.1722073095188932,0.5021097046413502,0.6040609137055838,0.5021097046413502,0.2232217684188193,0.5489636730326164,0.6040609137055838,0.3890905725834874,0.2991076951689396,0.3876221498371335,0.1722073095188932,0.3787465940054496,0.3787465940054496,0.6040609137055838
027_NAB_id_27_Facility_tr_757_1st_2582,0.2018348623853211,0.3529411764705882,0.3870967741935484,0.3870967741935484,0.2322321414612028,0.3012006620308909,0.3404255319148936,0.2369668246445497,0.2084592145015106,0.3243243243243243,0.1921996879875195,0.3870967741935484,0.3870967741935484,0.1953074082120356,0.3870967741935484,0.3415305069852145,0.124031007751938,0.3588240766582938,0.2790697674418604,0.3870967741935484,0.170886075949367,0.3870967741935484,0.3243243243243243,0.1612096300645918,0.3870967741935484,0.2655724766887843,0.2834083501474468,0.3498077312284962,0.1834720937403638,0.3870967741935484,0.1778184165232358,0.3870967741935484,0.3529411764705882,0.1932621218392463,0.3870967741935484,0.3058103975535168,0.1150226559776925,0.1748251748251748,0.3257328990228013,0.3076923076923076,0.1820932188519184,0.3870967741935484,0.2477599701672734,0.1606418542455984,0.3870967741935484,0.3500677977312564,0.3404255319148936,0.3424657534246575,0.2448979591836735,0.3870967741935484,0.1872973393496188,0.3870967741935484,0.3870967741935484,0.2176842105263157,0.3870967741935484,0.2655724766887843,0.2834083501474468,0.1862819402338675,0.3424657534246575,0.3529411764705882,0.1782416700120433,0.3870967741935484,0.3870967741935484,0.2829547698992692,0.3870967741935484,0.2976364023521318,0.3404255319148936,0.19134173751588,0.3424657534246575,0.3243243243243243
028_NAB_id_28_Facility_tr_1007_1st_3447,0.2619009762457468,0.3042071197411003,0.3587786259541984,0.2332506203473945,0.2428672035312333,0.4396712885269386,0.0,0.3587786259541984,0.3587786259541984,0.4628632938643702,0.2452057746175393,0.3042071197411003,0.483689538807649,0.2088888888888889,0.3195059005353945,0.4218597944582717,0.6666666666666666,0.3587786259541984,0.3587786259541984,0.3235515425131678,0.3434143583945732,0.3042071197411003,0.2640449438202247,0.2706104468219006,0.3292469352014011,0.4637823261509965,0.0,0.2706104468219006,0.2761998041136141,0.3587786259541984,0.3162321278385198,0.3042071197411003,0.483689538807649,0.3037877708165349,0.3042071197411003,0.3042071197411003,0.0,0.2689180737961226,0.3587786259541984,0.4783092324805339,0.2786012375881422,0.3042071197411003,0.483689538807649,0.2556084296397009,0.3195059005353945,0.3042071197411003,0.0,0.3587786259541984,0.3385354141656663,0.3042071197411003,0.2406965421113932,0.3042071197411003,0.3587786259541984,0.2332506203473945,0.3195059005353945,0.4218597944582717,0.0,0.2640449438202247,0.3587786259541984,0.5064782096584216,0.2547874507673502,0.3042071197411003,0.483689538807649,0.2426850258175559,0.3195059005353945,0.4637823261509965,0.0,0.2706104468219006,0.3587786259541984,0.4783092324805339
032_WSD_id_4_WebService_tr_4559_1st_11822,0.0119999999999999,0.3,0.3,0.1714285714285714,0.0061224489795918,0.0260869565217391,0.0132450331125827,0.12,0.12,0.3,0.0218181818181818,0.3,0.12,0.3,0.0260869565217391,0.0206896551724137,0.0151898734177215,0.075,0.0260869565217391,0.0260869565217391,0.0157894736842105,0.3,0.048,0.3,0.0244897959183673,0.0124223602484472,0.03,0.12,0.12,0.1714285714285714,0.0157894736842105,0.3,0.12,0.3,0.0260869565217391,0.0206896551724137,0.0164383561643835,0.1714285714285714,0.12,0.3,0.0218181818181818,0.3,0.0352941176470588,0.3,0.0260869565217391,0.1714285714285714,0.0218181818181818,0.1714285714285714,0.12,0.1714285714285714,0.0218181818181818,0.3,0.1714285714285714,0.3,0.0260869565217391,0.0545454545454545,0.0324324324324324,0.12,0.12,0.075,0.0157894736842105,0.3,0.3,0.3,0.0046948356807511,0.0218181818181818,0.0123711340206185,0.12,0.12,0.3
039_WSD_id_11_WebService_tr_1746_1st_1846,0.0292182827851345,0.1700404858299595,0.1808928929743465,0.3527502254283137,0.1687584761435088,0.1425891181988743,0.1481481481481481,0.2087932647333956,0.1501775330623166,0.3659922034527565,0.0292182827851345,0.102785897932589,0.1808928929743465,0.3527502254283137,0.1687584761435088,0.1485101311084624,0.1239371319949928,0.2750575594781274,0.1975308641975308,0.1223292913458434,0.0446475835737818,0.2793867120954004,0.1808928929743465,0.3527502254283137,0.1687584761435088,0.144578313253012,0.1042427078458898,0.3032690035447026,0.0502274795268425,0.1290930168142228,0.0421024415718861,0.3367556468172484,0.1808928929743465,0.2892655367231639,0.1687584761435088,0.1425891181988743,0.1076644246647065,0.2760846181427034,0.1068471626276666,0.1443311557482141,0.0292182827851345,0.3367556468172484,0.1636265818215992,0.3527502254283137,0.1687584761435088,0.1712126417038818,0.0875420875420875,0.2750575594781274,0.1257884203988682,0.2936449963476991,0.0588552710956761,0.3367556468172484,0.1771165637840364,0.2892655367231639,0.1687584761435088,0.1712126417038818,0.1314741035856574,0.2750575594781274,0.119151507826192,0.4702467343976779,0.0331987405513125,0.3367556468172484,0.1808928929743465,0.2892655367231639,0.1687584761435088,0.1712126417038818,0.1571393438591313,0.2087932647333956,0.119205298013245,0.4594440796673232
040_WSD_id_12_WebService_tr_4559_1st_9714,0.0193293728320242,0.0492336274965164,0.0385034507809662,0.0144284128745837,0.0056069356671087,0.0589285714285714,0.0065036052594372,0.0654604374831217,0.0993239090350338,0.0492336274965164,0.0178886387956163,0.0460269214068606,0.0224143894846074,0.0114016891391317,0.0029110063764901,0.068041237113402,0.003876935351168,0.0443103921030984,0.0654604374831217,0.0189184365518472,0.0178886387956163,0.0460269214068606,0.0268150771565899,0.0738636363636363,0.0197265625,0.0589285714285714,0.003876935351168,0.04881683616957,0.0993239090350338,0.037203335471456,0.0178886387956163,0.0492336274965164,0.0374045212560759,0.086092715231788,0.0033531924294587,0.068041237113402,0.0057425676204095,0.0423554080027957,0.0804878048780487,0.0385034507809662,0.0163640045905623,0.0492336274965164,0.0405656430424232,0.0398773006134969,0.0172902910247004,0.0352941176470588,0.0045216304039662,0.0514322087842138,0.0654604374831217,0.0054096432771462,0.0201404179302895,0.0492336274965164,0.0443103921030984,0.0738636363636363,0.0178886387956163,0.0352941176470588,0.0050501955112097,0.0543436834435601,0.0900111399925733,0.0407222435651171,0.0178886387956163,0.0492336274965164,0.0268150771565899,0.0646766169154228,0.0119507584489833,0.0383720930232558,0.0054235041766213,0.0576045627376425,0.0900111399925733,0.0386634844868735
043_WSD_id_15_WebService_tr_4521_1st_6828,0.0047578850433581,0.1132075471698113,0.058252427184466,0.1132075471698113,0.0005082161612739,0.0039840637450199,0.0056818181818181,0.029126213592233,0.1071428571428571,0.0295566502463054,0.0047578850433581,0.1132075471698113,0.0017128175849272,0.1071428571428571,0.0002674511901577,0.0012550276406665,0.0054249547920434,0.0131578947368421,0.1071428571428571,0.0566037735849056,0.002601908065915,0.1132075471698113,0.0056980056980056,0.1071428571428571,0.0005082161612739,0.0010799136069114,0.0070339976553341,0.0384615384615384,0.1071428571428571,0.1071428571428571,0.0047578850433581,0.1132075471698113,0.0010910224438902,0.1071428571428571,0.0002674511901577,0.0010515247108307,0.0056818181818181,0.029126213592233,0.1071428571428571,0.0384615384615384,0.002601908065915,0.1132075471698113,0.1071428571428571,0.1071428571428571,0.0002674511901577,0.001497753369945,0.0074719800747198,0.029126213592233,0.1071428571428571,0.006276150627615,0.002601908065915,0.1132075471698113,0.1071428571428571,0.1071428571428571,0.0002674511901577,0.0015360983102918,0.0056818181818181,0.0131578947368421,0.1071428571428571,0.0182926829268292,0.002601908065915,0.1132075471698113,0.0337078651685393,0.1132075471698113,0.0002674511901577,0.001497753369945,0.0068337129840546,0.029126213592233,0.1071428571428571,0.0392156862745098
049_WSD_id_21_WebService_tr_4297_1st_7097,0.001174398120963,0.1333333333333333,0.0218472545620968,0.3425414364640884,0.014388489208633,0.016260162601626,0.0079260660981198,0.1176470588235294,0.1052631578947368,0.2857142857142857,0.0018723669839288,0.2857142857142857,0.0106702234078026,0.3425414364640884,0.0055096418732782,0.0148148148148148,0.0112347789679355,0.033577037638776,0.0425531914893617,0.0241691842900302,0.0045867028486185,0.2857142857142857,0.0222118468285738,0.3425414364640884,0.0049627791563275,0.0154255119997004,0.0094881066914374,0.08,0.0594479830148619,0.0240963855421686,0.0045867028486185,0.2857142857142857,0.0571428571428571,0.3425414364640884,0.0049627791563275,0.0159018101817901,0.0104735748606338,0.1333333333333333,0.08,0.032488667627526,0.0053838162030534,0.2857142857142857,0.0118419358990861,0.3425414364640884,0.0049627791563275,0.0169484553046196,0.0104735748606338,0.1052631578947368,0.0665083135391924,0.0167564332734889,0.0045867028486185,0.2857142857142857,0.1052631578947368,0.3425414364640884,0.0037243947858473,0.0157480314960629,0.0104735748606338,0.0627802690582959,0.0869565217391304,0.0317460317460317,0.0019970044932601,0.2857142857142857,0.1818181818181818,0.3425414364640884,0.0049627791563275,0.0186915887850467,0.0096284543721091,0.0689655172413793,0.074074074074074,0.1333333333333333
054_WSD_id_26_WebService_tr_2409_1st_2509,0.0176258445614814,0.3290322580645161,0.3290322580645161,0.3151515151515152,0.0104785341463032,0.0701030927835051,0.02569065100698,0.0888888888888889,0.1227771010962241,0.3290322580645161,0.017693494180176,0.3290322580645161,0.0215825672070745,0.3151515151515152,0.0243478260869565,0.0345177664974619,0.0535433070866141,0.0407185628742515,0.0923923006416132,0.0390934844192634,0.035888862246646,0.3587188612099644,0.019908487468967,0.3151515151515152,0.0243478260869565,0.0363636363636363,0.0299559471365638,0.1391304347826087,0.021580239780442,0.1615384615384615,0.035888862246646,0.3587188612099644,0.0294314381270903,0.3151515151515152,0.0371123621264997,0.0283537069376091,0.0496350364963503,0.0987654320987654,0.1106476399560922,0.1382022471910112,0.0235148765328959,0.3290322580645161,0.028214971209213,0.3151515151515152,0.0259259259259259,0.0496350364963503,0.0635514018691588,0.0923076923076923,0.1106476399560922,0.119298245614035,0.0166287512543705,0.3290322580645161,0.3290322580645161,0.3290322580645161,0.0243478260869565,0.0345177664974619,0.043312101910828,0.2352941176470588,0.140899357601713,0.3290322580645161,0.0372307608919185,0.3290322580645161,0.3290322580645161,0.3290322580645161,0.0243478260869565,0.0384180790960452,0.0781609195402299,0.1159420289855072,0.1227771010962241,0.224390243902439
058_WSD_id_30_WebService_tr_1136_1st_1236,0.0035103115401491,0.0186480186480186,0.0392156862745098,0.2758620689655173,0.0051480051480051,0.1012658227848101,0.0314960629921259,0.1481481481481481,0.0349344978165938,0.2758620689655173,0.0049109883364027,0.1481481481481481,0.0028030833917309,0.2758620689655173,0.0044345898004434,0.1012658227848101,0.0012690355329949,0.1012658227848101,0.0519480519480519,0.0519480519480519,0.0049109883364027,0.0263157894736842,0.0029585798816568,0.2758620689655173,0.0049875311720698,0.0620155038759689,0.0038022813688212,0.1012658227848101,0.0519480519480519,0.0446927374301675,0.0049109883364027,0.0198019801980198,0.0042016806722689,0.2758620689655173,0.0044345898004434,0.1012658227848101,0.002219755826859,0.1481481481481481,0.1012658227848101,0.0225988700564971,0.0049109883364027,0.0446927374301675,0.2758620689655173,0.2758620689655173,0.0049875311720698,0.1012658227848101,0.0016827934371055,0.1481481481481481,0.1481481481481481,0.0349344978165938,0.0049109883364027,0.0263157894736842,0.2758620689655173,0.2758620689655173,0.0051480051480051,0.1012658227848101,0.0019980019980019,0.1012658227848101,0.0446927374301675,0.2758620689655173,0.0049109883364027,0.0769230769230769,0.0519480519480519,0.2758620689655173,0.0049875311720698,0.1012658227848101,0.0015673981191222,0.1481481481481481,0.0769230769230769,0.2758620689655173
060_WSD_id_32_WebService_tr_4576_1st_4766,0.0123782744295061,0.4063745019920319,0.2924528301886792,0.3712035995500563,0.0091562452667689,0.0469314079422382,0.126865671641791,0.2333674513817809,0.2132616487455197,0.4076393237319975,0.0139575457981971,0.4063745019920319,0.0855263157894736,0.3801916932907349,0.0086992440387154,0.0293899568555831,0.2023809523809523,0.1623465211459754,0.1794871794871795,0.1559633027522935,0.0082872928176795,0.4063745019920319,0.1711737629459148,0.3801916932907349,0.0086992440387154,0.0344827586206896,0.1559633027522935,0.224007561436673,0.2275334608030592,0.2596153846153846,0.009674530872849,0.4063745019920319,0.328125,0.3801916932907349,0.0086992440387154,0.0339442920585542,0.126865671641791,0.1935483870967742,0.2142857142857142,0.3898026315789474,0.0105170902716914,0.4063745019920319,0.0695061405800888,0.3801916932907349,0.0086992440387154,0.0344827586206896,0.1559633027522935,0.2132616487455197,0.2132616487455197,0.1119271445358401,0.0082872928176795,0.4063745019920319,0.3464052287581699,0.375,0.0086992440387154,0.0572687224669603,0.1559633027522935,0.2307692307692307,0.2142857142857142,0.4112903225806453,0.0139575457981971,0.4063745019920319,0.2845138055222089,0.3801916932907349,0.0086992440387154,0.043046357615894,0.1559633027522935,0.2333674513817809,0.2035928143712575,0.4112903225806453
068_WSD_id_40_WebService_tr_4549_1st_13322,0.0080588248685318,0.3421052631578947,0.3421052631578947,0.2063492063492063,0.0047966525488595,0.0027517642359415,0.0107310529845741,0.2424242424242424,0.2424242424242424,0.3421052631578947,0.0080588248685318,0.3421052631578947,0.1134751773049645,0.3421052631578947,0.0026743468422135,0.0020592428322509,0.0030031069009182,0.2424242424242424,0.1379310344827586,0.2063492063492063,0.0080588248685318,0.3421052631578947,0.0942028985507246,0.3421052631578947,0.0061477112237268,0.010717230008244,0.0052185257664709,0.2424242424242424,0.074074074074074,0.3421052631578947,0.0080588248685318,0.3421052631578947,0.0494296577946768,0.3421052631578947,0.0106795099989529,0.0013958982068076,0.0031062791213667,0.2424242424242424,0.1758241758241758,0.2063492063492063,0.0080588248685318,0.3421052631578947,0.0174672489082969,0.3421052631578947,0.0029548117581129,0.0105008077544426,0.0034563819624091,0.0963855421686747,0.1379310344827586,0.0212071778140293,0.0080588248685318,0.3421052631578947,0.3421052631578947,0.3421052631578947,0.0118590861527729,0.0021008403361344,0.0065800118655951,0.1758241758241758,0.1758241758241758,0.3421052631578947,0.0080588248685318,0.3421052631578947,0.0963855421686747,0.3421052631578947,0.0106795099989529,0.0021619823715283,0.0050536955148452,0.2424242424242424,0.0963855421686747,0.2063492063492063
074_WSD_id_46_WebService_tr_990_1st_1090,0.031585841476325,0.3411060443516556,0.3518322927887919,0.1987795242498108,0.0877742946708463,0.0648688474273125,0.215991740809911,0.3035900373542387,0.3164057731352036,0.3404508854555423,0.0295280750093531,0.2570172972822532,0.1186276962841281,0.1889485862190674,0.0580138419739704,0.0726551512071181,0.139974807627552,0.2957274149125647,0.3044956390302409,0.1108042850071225,0.0314798366208661,0.146200830686538,0.2532373209895164,0.1880338563771736,0.0532471128342135,0.0870310178518366,0.1967598027706034,0.2861150188309983,0.3106220071264789,0.2457531480123382,0.0264812682667611,0.3295777223254671,0.1637456351503702,0.2077058533492991,0.1080122741220593,0.0773511334921339,0.1967598027706034,0.2821204453863679,0.3080455489135051,0.2110027721198136,0.0271854647676508,0.3295777223254671,0.1158115255989653,0.1809622501850481,0.075880758807588,0.0711675231009377,0.1967598027706034,0.2788796849768696,0.274954721354627,0.2726984924431495,0.0280406829182527,0.3295777223254671,0.2994726494990041,0.2071274181408683,0.0729785763648928,0.0538895838305653,0.1967598027706034,0.2965436738682651,0.3247712082262211,0.1949655770514968,0.0303242843452561,0.3324095233271461,0.2211242060235513,0.2429206230547509,0.0633010368859425,0.0566801619433198,0.139974807627552,0.2976177133693571,0.3087176658068948,0.1235244825769371
089_WSD_id_61_WebService_tr_1010_1st_1110,0.0330686210976918,0.3227895871984443,0.3105684079116764,0.1463566166681459,0.058686712688164,0.0513942509600418,0.2797118847539016,0.1498945056462714,0.1937661345330593,0.2979783672418233,0.017169877795135,0.331089108910891,0.0576748143140478,0.162077535489125,0.0530592332150127,0.0596627133373673,0.1055062475567202,0.1584714326271753,0.1778358218021454,0.094024537818095,0.019642968408947,0.3218957032927111,0.0576748143140478,0.1053101294065149,0.0752344907026493,0.0499591034655192,0.1666953507240675,0.1699744283621738,0.1686698620402639,0.2439137523743926,0.0196624262747496,0.1674259200972125,0.0576748143140478,0.1685590200011685,0.0562159787145751,0.1640977639105564,0.1259159605488527,0.1340082562142641,0.2209364924423935,0.214745658115137,0.0196624262747496,0.3213443114276574,0.1421319796954314,0.1788739752243515,0.0622030237580993,0.041247327239766,0.167258382642998,0.1374951790280981,0.1678322612981371,0.0639119257367789,0.0201231225281941,0.3227895871984443,0.2110389507782255,0.1780692527316832,0.061631419939577,0.0420628877806636,0.117509001859046,0.1655130168453292,0.1678322612981371,0.3375887746055173,0.0210243422446734,0.3182261911166101,0.3177193963107881,0.1822323462414578,0.0559183261811362,0.0443434322837935,0.1192559039366004,0.1456248020652392,0.1610948191593352,0.2911846271427011
094_WSD_id_66_WebService_tr_3309_1st_3914,0.0040420841396598,0.3783783783783784,0.0313395191975597,0.3193916349809886,0.0051181813186381,0.0264633325857815,0.0270235258998924,0.1443298969072165,0.1818181818181818,0.3783783783783784,0.0026691304794168,0.3783783783783784,0.0313395191975597,0.3783783783783784,0.0064192496744955,0.017644747651534,0.0139903347529624,0.2105263157894736,0.1443298969072165,0.2650602409638554,0.0085836909871244,0.3783783783783784,0.0120021822149481,0.3783783783783784,0.003739588645249,0.0190974896041891,0.015625,0.0952380952380952,0.0727272727272727,0.110091743119266,0.0085836909871244,0.3783783783783784,0.0295566502463054,0.3193916349809886,0.0050580159615901,0.0197044334975369,0.0106833671025971,0.1142857142857142,0.2105263157894736,0.3043478260869565,0.0085836909871244,0.3783783783783784,0.051660516605166,0.3783783783783784,0.0028086301544746,0.0190974896041891,0.020591348334685,0.1196581196581196,0.1443298969072165,0.0616740088105727,0.0110269258109818,0.3783783783783784,0.0676328502415459,0.3783783783783784,0.0028086301544746,0.0273972602739726,0.0280646356591645,0.1818181818181818,0.160919540229885,0.0574162679425837,0.0085836909871244,0.3783783783783784,0.3783783783783784,0.3783783783783784,0.0028086301544746,0.0197044334975369,0.0341552916507046,0.1818181818181818,0.208955223880597,0.3783783783783784
099_WSD_id_71_WebService_tr_4559_1st_14411,0.0337970406617732,0.5692307692307692,0.2753488372093023,0.0091405728460994,0.0096649392146138,0.0763570784490531,0.0909090909090909,0.1158512720156555,0.1248945147679324,0.5692307692307692,0.0337970406617732,0.5692307692307692,0.0397372125762552,0.161295238095238,0.0095846645367412,0.2767320261437908,0.2234300791556728,0.047322142286171,0.1158512720156555,0.2753488372093023,0.0337970406617732,0.5692307692307692,0.0426599496221662,0.3634334763948498,0.0149166869869137,0.2767320261437908,0.024390243902439,0.1011965811965811,0.1248945147679324,0.3325842696629213,0.0337970406617732,0.5692307692307692,0.52925,0.0155440414507772,0.0184940554821664,0.054738202973497,0.032258064516129,0.095176848874598,0.1248945147679324,0.3634334763948498,0.0337970406617732,0.5692307692307692,0.0716412859560067,0.0327796234772978,0.0132041710372061,0.0697674418604651,0.0225563909774436,0.1011965811965811,0.1248945147679324,0.0817374517374517,0.0337970406617732,0.5692307692307692,0.3634334763948498,0.0683229813664596,0.0500177200236266,0.0951460674157303,0.3634334763948498,0.1011965811965811,0.1479999999999999,0.3634334763948498,0.103194592671647,0.5692307692307692,0.52925,0.095176848874598,0.0095846645367412,0.0879335410176531,0.2767320261437908,0.0951460674157303,0.1354691075514874,0.5692307692307692
106_WSD_id_78_WebService_tr_3363_1st_3463,0.4759091409180671,0.4590163934426229,0.1473312748125275,0.4590163934426229,0.0789235416481476,0.0784941342325998,0.1400070003500175,0.2409339012462533,0.2772277227722772,0.4590163934426229,0.1590754959470109,0.4590163934426229,0.2551440329218107,0.4590163934426229,0.0976146788990825,0.1097214326321773,0.2167321729365525,0.2337662337662337,0.2314049586776859,0.2844036697247706,0.1590754959470109,0.4590163934426229,0.2997416020671835,0.4590163934426229,0.1539797395079594,0.1232439335887611,0.1752015355086372,0.2752122032230286,0.3366336633663366,0.2337662337662337,0.4759091409180671,0.4590163934426229,0.2116040955631399,0.4590163934426229,0.1635593220338983,0.1128160163670904,0.1232439335887611,0.3198907714267982,0.3366336633663366,0.3903818953323903,0.1590754959470109,0.4590163934426229,0.2844036697247706,0.4691035114104492,0.129126213592233,0.0762544448834452,0.1955420466058764,0.2110260590819908,0.1877233953637011,0.1577608142493638,0.1590754959470109,0.4590163934426229,0.2844036697247706,0.4590163934426229,0.129126213592233,0.1313371895202449,0.1040150902721638,0.2807190383413594,0.2133121296842537,0.4590163934426229,0.4759091409180671,0.4590163934426229,0.4590163934426229,0.4590163934426229,0.243073047858942,0.0861030559892928,0.2282820412933385,0.2337662337662337,0.345679012345679,0.345679012345679
113_WSD_id_85_WebService_tr_500_1st_335,0.0239561131860894,0.2263251935675998,0.0867065850669598,0.2668871966688049,0.0106586321801304,0.0557669471655069,0.0162058241808515,0.0615873140089784,0.1070659198621283,0.0791847916394436,0.0224693961745032,0.1717171717171717,0.0378914343487466,0.2668871966688049,0.0106586321801304,0.0161049656977568,0.0167793146973747,0.044896892401044,0.1717171717171717,0.0607599402084468,0.0238665584160179,0.2761911938311606,0.044388262277497,0.2668871966688049,0.0106586321801304,0.0137184237850554,0.0097799804834376,0.0427520056225316,0.0407685825329012,0.0280381944444444,0.0224693961745032,0.2769344926040036,0.04984107089989,0.2668871966688049,0.0106586321801304,0.0137184237850554,0.0214288761489717,0.1156952039867652,0.0604443310487567,0.0250190167986827,0.0239561131860894,0.2761911938311606,0.0369935880470289,0.2668871966688049,0.0106586321801304,0.0098939929328621,0.0129349310840571,0.0274452402792144,0.085668182484964,0.0431909167030417,0.0289555325749741,0.2761911938311606,0.0460797481880952,0.2668871966688049,0.0106586321801304,0.0134383490841153,0.0109191022767671,0.0570828279547519,0.1534068986804537,0.0497012341353746,0.0224693961745032,0.2761911938311606,0.050174664471888,0.2668871966688049,0.0106586321801304,0.0129111617312072,0.0133800573431028,0.029426365037716,0.1070659198621283,0.0519589046006722
117_WSD_id_89_WebService_tr_3251_1st_3351,0.0003251503820516,0.1132075471698113,0.0392156862745098,0.1132075471698113,0.0,0.0028530670470756,0.0033277870216306,0.0006815858230148,0.003523194362889,0.0392156862745098,0.0007404664938911,0.1132075471698113,0.0003972720651526,0.058252427184466,0.0,0.0028530670470756,0.0037429819089207,0.0002642822534466,0.0031529164477141,0.0016203078584931,0.0007404664938911,0.1132075471698113,0.0005216030600712,0.1132075471698113,0.0,0.0034227039361095,0.0038634900193174,0.0046047582501918,0.0049875311720698,0.0119284294234592,0.0007404664938911,0.1132075471698113,0.0020668274199104,0.1132075471698113,0.0,0.0028530670470756,0.0027868091035764,0.0029225523623964,0.0042765502494654,0.0169971671388101,0.0007404664938911,0.1132075471698113,0.002723558783477,0.1132075471698113,0.0,0.0024968789013732,0.0030721966205837,0.0046047582501918,0.0039920159680638,0.0028530670470756,0.0007404664938911,0.1132075471698113,0.0009672738997259,0.1132075471698113,0.0,0.0027868091035764,0.0037429819089207,0.0019980019980019,0.0074719800747198,0.058252427184466,0.0007404664938911,0.1132075471698113,0.1132075471698113,0.0295566502463054,0.0,0.0029955067398901,0.0025499362515937,0.0002563773875144,0.0054397098821396,0.058252427184466
125_WSD_id_97_WebService_tr_2217_1st_2317,0.0345777222866315,0.0684650112866817,0.3393876264218517,0.3846166666666666,0.0172997150366442,0.0416487432646836,0.0371326563956091,0.2079857864222928,0.2505812762458381,0.2623835217364544,0.0408867043116143,0.0632106378878396,0.0921641558006502,0.421582295435917,0.0062102741548722,0.061314920933446,0.0484848484848484,0.0792468905309106,0.1745491198782833,0.1217616568709767,0.0373495019488956,0.3230916383375775,0.1453284132841328,0.421582295435917,0.0062662198103746,0.0561024524159044,0.038730948590912,0.1580755839487112,0.2298621566178122,0.1923533123028391,0.0373495019488956,0.2461333037862241,0.0562879456678718,0.421582295435917,0.0062662198103746,0.05865004979329,0.0315720267970214,0.1941667059523067,0.2207364452250808,0.1722222222222222,0.0423294081121238,0.4700672488926347,0.0585546891923599,0.3846166666666666,0.0192024072888991,0.0439916319070945,0.0455250389494769,0.2153640359258551,0.2505812762458381,0.138034188034188,0.0423294081121238,0.4369396640818258,0.3846166666666666,0.421582295435917,0.0062662198103746,0.0470373281340234,0.0338325262377858,0.2124044023149265,0.0590738423028786,0.4092823939570016,0.0421711491442542,0.4369396640818258,0.0671495419259203,0.421582295435917,0.0214314831692939,0.054854131493008,0.0363358068539777,0.1905143966353931,0.2397749604884649,0.3661556635921669
130_WSD_id_102_WebService_tr_2362_1st_2462,0.0347071583514099,0.1910116786267061,0.2855282337715414,0.5270179789212648,0.0191617053677956,0.1635883905013192,0.3247863247863248,0.4327485380116959,0.271393823247586,0.2669784746213128,0.0313170502898113,0.1255088869029887,0.0838573993331623,0.5270179789212648,0.1280717488789237,0.1445221445221445,0.3588049209138841,0.4478426551936079,0.1841248668426659,0.0791011235955056,0.0452536821203512,0.267120248483952,0.0666721044045677,0.543247344461305,0.087876923076923,0.1635883905013192,0.266524064171123,0.464149060056563,0.2057922622450924,0.1267924528301887,0.0347071583514099,0.2539727183237238,0.0666721044045677,0.543247344461305,0.1280717488789237,0.1884498480243161,0.2161137440758293,0.3779874739039666,0.2062607317395324,0.1508386737252716,0.0347071583514099,0.297970631908926,0.0866049230937354,0.5554259043173863,0.1280717488789237,0.1884498480243161,0.2161137440758293,0.4466107548100642,0.2439024390243902,0.3852784503631961,0.0347071583514099,0.2484472049689441,0.128695375940596,0.5333417641479608,0.1280717488789237,0.1884498480243161,0.2161137440758293,0.5249025552187095,0.2249648683326205,0.1379857256145916,0.0347071583514099,0.267120248483952,0.1478129713423831,0.5270179789212648,0.1280717488789237,0.1635883905013192,0.3767108492881689,0.4327485380116959,0.2782310004293688,0.2368838951310861
137_WSD_id_109_WebService_tr_4559_1st_14404,0.0116029222174473,0.6852791878172589,0.6852791878172589,0.063231850117096,0.0132450331125827,0.0102802188691759,0.0592290817925415,0.1526286037309214,0.1936872309899569,0.6852791878172589,0.0147783251231527,0.6852791878172589,0.0097590963230491,0.3506493506493506,0.0076121600387257,0.012037037037037,0.0932964754664823,0.0767263427109974,0.1936872309899569,0.0825940654634444,0.0384615384615384,0.6852791878172589,0.0693374422187981,0.3506493506493506,0.0081383519837232,0.0173878347224685,0.0592290817925415,0.1071853910281857,0.1526286037309214,0.2649656526005888,0.0384615384615384,0.2649656526005888,0.2647058823529412,0.2125984251968504,0.0306446731234866,0.0149318510622097,0.0512431201366483,0.0858778625954198,0.236013986013986,0.302013422818792,0.0147783251231527,0.6852791878172589,0.0464830300049188,0.0430690700271175,0.0076121600387257,0.0118577075098814,0.0312355391022674,0.1425554382259767,0.1526286037309214,0.2550607287449393,0.0384615384615384,0.6852791878172589,0.3511053315994799,0.2647058823529412,0.0076121600387257,0.0102802188691759,0.0464830300049188,0.1259328358208955,0.1936872309899569,0.0740944017563117,0.0147783251231527,0.6852791878172589,0.0512333965844402,0.0894039735099337,0.0076121600387257,0.0102802188691759,0.0626353232291989,0.1337295690936107,0.2127659574468084,0.6852791878172589
139_WSD_id_111_WebService_tr_1701_1st_1801,0.0214395099540581,0.1470967741935483,0.1011609935602575,0.3272361809045226,0.044776119402985,0.1701030927835052,0.1215083798882681,0.2501287553648068,0.2,0.1604325554923164,0.0126582278481012,0.3067175572519084,0.1118488529014844,0.3272361809045226,0.0937499999999999,0.1701030927835052,0.0602390438247012,0.2885148514851485,0.12577065351418,0.0866005267778753,0.0099999999999999,0.2759322033898305,0.1026167360147942,0.3272361809045226,0.1363636363636363,0.2159090909090909,0.1428571428571428,0.2596721311475409,0.0587874532251326,0.1088572829818538,0.0092592592592592,0.2583922829581994,0.1066081593927893,0.3272361809045226,0.0937499999999999,0.1701030927835052,0.0836501901140684,0.2501287553648068,0.1046511627906976,0.1053222453222453,0.0096153846153846,0.3067175572519084,0.1067002725974644,0.3538178096212896,0.0937499999999999,0.1701030927835052,0.0769230769230769,0.2596721311475409,0.1115492957746479,0.2481437125748503,0.0092592592592592,0.3067175572519084,0.1065295629820051,0.3272361809045226,0.0937499999999999,0.1712707182320442,0.0746140651801029,0.2501287553648068,0.1243680485338726,0.1764705882352941,0.0092592592592592,0.3067175572519084,0.1176596858638743,0.3272361809045226,0.081081081081081,0.1701030927835052,0.0551515151515151,0.2501287553648068,0.1545538178472861,0.201081081081081
140_MSL_id_1_Sensor_tr_530_1st_630,0.339862361037586,0.693304535637149,0.2473419102398768,0.693304535637149,0.0,0.2473419102398768,0.0,0.693304535637149,0.693304535637149,0.2473419102398768,0.1791917454858125,0.693304535637149,0.693304535637149,0.693304535637149,0.0,0.693304535637149,0.0,0.693304535637149,0.693304535637149,0.693304535637149,0.1981360027614773,0.693304535637149,0.693304535637149,0.693304535637149,0.0,0.693304535637149,0.0,0.693304535637149,0.693304535637149,0.693304535637149,0.1837435603892386,0.693304535637149,0.693304535637149,0.693304535637149,0.0,0.693304535637149,0.0,0.693304535637149,0.693304535637149,0.693304535637149,0.2023321777497636,0.693304535637149,0.693304535637149,0.693304535637149,0.0,0.693304535637149,0.0,0.693304535637149,0.693304535637149,0.693304535637149,0.4094387755102041,0.693304535637149,0.693304535637149,0.693304535637149,0.0,0.693304535637149,0.0,0.693304535637149,0.693304535637149,0.693304535637149,0.2251051893408134,0.693304535637149,0.693304535637149,0.693304535637149,0.0,0.693304535637149,0.0,0.693304535637149,0.693304535637149,0.693304535637149
141_MSL_id_2_Sensor_tr_500_1st_550,0.5181166748063862,0.4684003140871901,0.339974689079862,0.4215288856796093,0.5722308892355694,0.381181226996205,0.4931260906744673,0.335115356285789,0.4148631878173168,0.339974689079862,0.5955017215332387,0.5139443218721337,0.3315933389110725,0.5181166748063862,0.431936449422618,0.546127022818065,0.3954023573090567,0.46301969933168,0.3929009844588685,0.3920132643555597,0.5955017215332387,0.627721126227336,0.3315933389110725,0.5181166748063862,0.431936449422618,0.381181226996205,0.3901088091227028,0.3709561981105067,0.6391444238002447,0.3083730390296135,0.5181166748063862,0.6130891827738216,0.5778839711663425,0.5181166748063862,0.5181166748063862,0.381181226996205,0.384521698343954,0.3492296928859282,0.4650812259253056,0.3083730390296135,0.5181166748063862,0.627721126227336,0.647009449595651,0.5181166748063862,0.5722308892355694,0.4159903645133925,0.4371281404393987,0.339974689079862,0.3929009844588685,0.3491081710884151,0.5181166748063862,0.627721126227336,0.3393582383584147,0.5181166748063862,0.5519882835078204,0.4073004751090773,0.4067771863117871,0.339974689079862,0.5139443218721337,0.3850298720153968,0.5601771974690168,0.5370483815317886,0.339974689079862,0.5181166748063862,0.5722308892355694,0.381181226996205,0.3482035522457629,0.339974689079862,0.4554281446333641,0.301012211222872
143_MSL_id_4_Sensor_tr_980_1st_3550,0.1496395828229812,0.5863013698630137,0.5863013698630137,0.4867745521507794,0.1302285467874083,0.1755137710371268,0.2445344129554656,0.2116327960756832,0.1462469733656174,0.5863013698630137,0.2317728319263239,0.8294573643410853,0.8294573643410853,0.2157155482014929,0.1667586968525676,0.1755137710371268,0.2139616106640278,0.2125124131082423,0.2698612862547289,0.8294573643410853,0.1323547716407658,0.2356815686868304,0.8294573643410853,0.3696027633851468,0.1667586968525676,0.1075164120750929,0.2445344129554656,0.2377777777777778,0.2116327960756832,0.8294573643410853,0.1100991314018369,0.8294573643410853,0.8294573643410853,0.8294573643410853,0.1153225852046689,0.1161892320612111,0.2445344129554656,0.1462469733656174,0.2445344129554656,0.8294573643410853,0.133451171011931,0.8294573643410853,0.8294573643410853,0.3696027633851468,0.2445344129554656,0.3586198951673291,0.2445344129554656,0.1265186426476749,0.2116327960756832,0.8294573643410853,0.1496395828229812,0.8294573643410853,0.8294573643410853,0.1376719939902605,0.1302285467874083,0.1161892320612111,0.2445344129554656,0.2116327960756832,0.2116327960756832,0.8294573643410853,0.1786627952422764,0.8294573643410853,0.8294573643410853,0.8294573643410853,0.3586198951673291,0.1100991314018369,0.2445344129554656,0.1117277099519053,0.5863013698630137,0.8294573643410853
144_MSL_id_5_Sensor_tr_1525_1st_4590,0.1558796718322698,0.0478121068083321,0.0478121068083321,0.0489830993984531,0.8245861929753734,0.0670456773181729,0.0142522894553934,0.0693711967545639,0.0693711967545639,0.0502128909117603,0.1470301648180781,0.0489830993984531,0.0489830993984531,0.0502128909117603,0.8245861929753734,0.0670456773181729,0.0142522894553934,0.0678580678580678,0.0429384885580761,0.0670456773181729,0.134921553279107,0.0515060240963855,0.0628329965092779,0.0670456773181729,0.8245861929753734,0.0678580678580678,0.8245861929753734,0.0678580678580678,0.0678580678580678,0.0693711967545639,0.0961410765797637,0.0489830993984531,0.0478121068083321,0.0502128909117603,0.8245861929753734,0.0502128909117603,0.8245861929753734,0.0693711967545639,0.0693711967545639,0.0515060240963855,0.13396458004559,0.0648710166919575,0.0628329965092779,0.0648710166919575,0.0142522894553934,0.0670456773181729,0.8245861929753734,0.0693711967545639,0.0693711967545639,0.0502128909117603,0.1306023565686598,0.0693711967545639,0.0515060240963855,0.0648710166919575,0.8245861929753734,0.0693711967545639,0.0142522894553934,0.0693711967545639,0.0693711967545639,0.0515060240963855,0.1310072512202382,0.0515060240963855,0.0693711967545639,0.0648710166919575,0.8245861929753734,0.0693711967545639,0.0142522894553934,0.0693711967545639,0.0693711967545639,0.0502128909117603
145_MSL_id_6_Sensor_tr_530_1st_630,0.2342995661119145,0.149290561381863,0.339862361037586,0.2342995661119145,0.693304535637149,0.5148356054530874,0.693304535637149,0.339862361037586,0.5148356054530874,0.3896940418679549,0.1160299171214877,0.693304535637149,0.339862361037586,0.2342995661119145,0.693304535637149,0.4094387755102041,0.693304535637149,0.339862361037586,0.4094387755102041,0.2536546819438957,0.2011155601405815,0.5148356054530874,0.2904977375565611,0.3497005259797513,0.693304535637149,0.4094387755102041,0.5148356054530874,0.5148356054530874,0.693304535637149,0.2536546819438957,0.280598180088312,0.693304535637149,0.339862361037586,0.4094387755102041,0.693304535637149,0.5148356054530874,0.693304535637149,0.4094387755102041,0.339862361037586,0.3356449375866852,0.1228308112899264,0.693304535637149,0.2904977375565611,0.5148356054530874,0.693304535637149,0.5148356054530874,0.693304535637149,0.339862361037586,0.3896940418679549,0.2904977375565611,0.1761651682467721,0.693304535637149,0.4094387755102041,0.2011155601405815,0.693304535637149,0.5148356054530874,0.693304535637149,0.693304535637149,0.5148356054530874,0.2904977375565611,0.215878679750223,0.693304535637149,0.2904977375565611,0.5148356054530874,0.693304535637149,0.5148356054530874,0.693304535637149,0.5148356054530874,0.5148356054530874,0.3896940418679549
147_MSL_id_8_Sensor_tr_590_1st_690,0.3562995917765063,0.0,0.0,0.3023144637476009,0.421416896917285,0.0,0.5948900823641584,0.6605245226403967,0.5039846094288863,0.0,0.3558884862336229,0.0,0.0,0.280303614320077,0.583916111232478,0.0,0.6623077686766838,0.500888269382816,0.1759534307522212,0.0,0.281753546914666,0.0,0.0,0.3132282425000338,0.7075403425701565,0.0,0.5948900823641584,0.523842256581227,0.5064215776132893,0.0,0.39076205751251,0.0,0.0,0.343159862668452,0.3023144637476009,0.0,0.547814311508125,0.6528940809889542,0.1763661117047839,0.0,0.3105874610828379,0.0,0.0,0.4502881059490446,0.5948900823641584,0.0,0.6461374643309158,0.5908209579242176,0.5071339660768907,0.0,0.2755169271162838,0.0,0.0,0.3549170034602455,0.5948900823641584,0.0,0.6461374643309158,0.6528940809889542,0.3120917935928586,0.0,0.3558884862336229,0.0,0.0,0.3835352767203047,0.5948900823641584,0.0,0.6461374643309158,0.6605245226403967,0.500888269382816,0.0
148_MSL_id_9_Sensor_tr_883_1st_1238,0.2592804111936036,0.543286420722321,0.777223701856784,0.1498518946008132,0.1984285997389666,0.1873513773914547,0.2691363016121696,0.777223701856784,0.6507743830833772,0.6653913414674049,0.2765834792589258,0.436733655720028,0.3500385505011564,0.2141632443058978,0.4073054640736556,0.2592804111936036,0.2673254494531447,0.9013236391351868,0.5864553002409889,0.5312773308769491,0.2083965536155813,0.4532057817967441,0.3500385505011564,0.2357255232050643,0.4073054640736556,0.2155252670780438,0.4055825288932047,0.7841206956065749,0.5114671456278442,0.3934240362811791,0.2061219647235624,0.4532057817967441,0.6507743830833772,0.2067748239690137,0.4073054640736556,0.2295247724974722,0.3372010928927148,0.7841206956065749,0.4739068239417911,0.4557483316354525,0.2358065921301002,0.543286420722321,0.777223701856784,0.1721789082648058,0.4073054640736556,0.2263092670622139,0.5087532421626837,0.777223701856784,0.6872097503599602,0.4373246322591616,0.2765834792589258,0.5613735789603447,0.6076772934287573,0.145334336996741,0.4073054640736556,0.2007650129583337,0.3500385505011564,0.777223701856784,0.4534818755122865,0.410075049985855,0.2247757609189061,0.5613735789603447,0.4910069957190375,0.1245643645312871,0.4073054640736556,0.2235090451811261,0.3500385505011564,0.777223701856784,0.6244658049145005,0.5779873820975702
149_Stock_id_1_Finance_tr_500_1st_7,0.0657402374226993,0.1641066363591395,0.1649323603086841,0.11018395009267,0.0396470884856444,0.0581341826502194,0.0434016151841234,0.1640616131220311,0.164390025420844,0.1653020760465456,0.0647492029204973,0.1647314153922324,0.1591594305790272,0.1118457970943544,0.0409069185006089,0.0612264832116796,0.0831854969034037,0.1623342334265419,0.1654609542949818,0.163935496716504,0.065573442962547,0.1648347572061105,0.1644800237080765,0.1065549376832682,0.0409069185006089,0.0591138260800687,0.0831854969034037,0.1638508023414708,0.1645268649607932,0.1658946880885222,0.0671601444335232,0.163863245393011,0.1644800237080765,0.1117731861301793,0.0409069185006089,0.0550492647306761,0.0831854969034037,0.1637290801984602,0.1645208422025558,0.1672347281822913,0.0652119940811614,0.1644784516298489,0.1644879324731706,0.099277919885817,0.0409069185006089,0.0584049822076302,0.0831854969034037,0.1636532728010401,0.1644015928908113,0.1655662555346417,0.0670857850975267,0.1643176173181589,0.164668166262743,0.1136670240372285,0.0409069185006089,0.0569057083095333,0.0871679579452063,0.1643946716791914,0.1641312934710782,0.1660187639820424,0.0676750285332265,0.1644039015085749,0.1643730724236952,0.1130445491908872,0.0387543269778687,0.0574642739129501,0.0831854969034037,0.1640161763329734,0.1641312934710782,0.165569060894328
151_Stock_id_3_Finance_tr_500_1st_62,0.0758318320715779,0.1590415291169089,0.1589127693451331,0.0668363308414014,0.0594532774207278,0.0714732894446125,0.0842499414930961,0.1496067664214506,0.1468729231194059,0.1582210582682741,0.0785239188022097,0.1583573003036867,0.1512652136759468,0.0704526402358899,0.0539366712482202,0.0691260478001143,0.0842499414930961,0.1238710571176793,0.1370363726987405,0.1517836855260166,0.0839643922548673,0.1591878106858366,0.1538913437621389,0.0797861558693809,0.0540992698011762,0.0650823305248398,0.0842499414930961,0.1339588832722388,0.1380530636577637,0.1532102644040202,0.0791686379934656,0.1610719375362187,0.1464728952036829,0.0810050959793522,0.058656466689448,0.0670851192958708,0.0932766245929853,0.1252157271938437,0.132864596542105,0.1531324652338439,0.0824706858536004,0.1591493977570133,0.1473807614709976,0.076018212238378,0.0535530618895113,0.0634210887027769,0.0842499414930961,0.1345433313397835,0.1318230940920615,0.1491465037063894,0.0821862440671856,0.1587970479547189,0.1537359786961408,0.070133730895608,0.0539308871216034,0.0647356305790916,0.0932766245929853,0.1514092153650942,0.14014429805831,0.1588464216114089,0.0801607210701232,0.1582354030345466,0.1527946306250056,0.0733768488151639,0.0546129934067011,0.0682764520771933,0.0932766245929853,0.1497821833975551,0.1481921954740234,0.1608886187610831
155_Stock_id_7_Finance_tr_500_1st_18,0.0648583763394854,0.1317666326800957,0.162698237544905,0.0919080965169363,0.0396619920874675,0.0620249333604446,0.0796118798178169,0.1645226472290636,0.1644444632863926,0.1632867288878374,0.0634256558513957,0.1622070588103044,0.1625947532879705,0.111078258213108,0.0425793897858611,0.0655161389762491,0.0796118798178169,0.1539092670702984,0.1635773832294077,0.1621163281776644,0.0660449748016103,0.1631276970274756,0.1617792464098159,0.1158911548818477,0.0416744682817114,0.0602198806180697,0.081624013099822,0.1633575359068835,0.1643324852478723,0.1633831555527857,0.0652666142511873,0.1624446257161087,0.1608341635097026,0.116699096405329,0.0414018846858832,0.063113758058435,0.0459921906093731,0.1599284186656526,0.1646295213082161,0.1636126181423771,0.067388335923166,0.1621034393885422,0.1632527195360973,0.0983833369125769,0.0406827646535692,0.0623293313539019,0.081624013099822,0.1632400555916786,0.1647591461053534,0.163668325404313,0.0669946214955902,0.1624948976840359,0.1630785467389899,0.1027164156119687,0.0425793897858611,0.0624097830825141,0.0796118798178169,0.163918709729663,0.1642750956895757,0.164091523427798,0.0657691284400397,0.1625425416115342,0.1645813937016853,0.0950579627417808,0.0425793897858611,0.0645468518920969,0.081624013099822,0.164035181631663,0.1643455878635844,0.1634965320793461
156_Stock_id_8_Finance_tr_500_1st_24,0.0679771449588445,0.1442954260685315,0.1631141412661104,0.0648377861873195,0.0523305768975235,0.0595913742465473,0.0742594633503359,0.1574580028415986,0.1560127229627013,0.1680611746529643,0.0687919375403726,0.1375695433510043,0.1601656860518791,0.0739873811629024,0.0523305768975235,0.0629479032799818,0.0742594633503359,0.1336758429521262,0.1462221504810324,0.1421888092958901,0.0651126926889221,0.160388978496721,0.1548832048384548,0.0724165650564173,0.0523305768975235,0.0580610374328066,0.0742594633503359,0.1514335283291603,0.1517526925767112,0.1467354920405184,0.0669402463211307,0.1606577272922522,0.1578880193533801,0.0741612311449496,0.0546023267730993,0.0582863362374302,0.0874508892397179,0.1356063204370781,0.1420080520626664,0.163898506548542,0.0667053384582138,0.1612782647439774,0.1492852991592537,0.0702785543608523,0.0523305768975235,0.061484932916489,0.0742594633503359,0.1523555318850689,0.1374169168733016,0.1623333151556616,0.0645717396990238,0.1601959897212427,0.1628093589872251,0.0708259079664606,0.0523305768975235,0.0623279999196214,0.0742594633503359,0.1594822709802921,0.1576527128381116,0.1626273064107331,0.0644989297056988,0.159794746038605,0.1577337510604461,0.071335173360343,0.052671559026564,0.0572651069680317,0.0874508892397179,0.1586180654669976,0.1532893484080057,0.1635373119756767
160_Stock_id_12_Finance_tr_500_1st_14,0.0676010351423207,0.1626541895787737,0.1623289610516768,0.1116966067674315,0.0424049807653919,0.0659785828275511,0.0481045234513527,0.162338134184283,0.1622172525631448,0.1637898615254968,0.0713537224376772,0.1630519416868033,0.1624618319947859,0.1041319276010316,0.0424049807653919,0.0713855446682105,0.0853770389445787,0.1580103924275372,0.1621524574200124,0.1639086017385684,0.0676488184309313,0.1631292981276905,0.1620705520389667,0.1088467716495106,0.0424049807653919,0.0612641495007145,0.0853770389445787,0.1635714576762453,0.1628566163597483,0.1635709598214141,0.0685080099086912,0.1599235968327406,0.158352683664046,0.1115781431670667,0.0424049807653919,0.0595872503446897,0.0853770389445787,0.1608750908223624,0.1623430040830629,0.1633379121245673,0.0664269397506258,0.1628257626936199,0.1629339006832608,0.1065831001859678,0.0424049807653919,0.063193099097598,0.0831456342200847,0.1623250414735517,0.1621915108745003,0.1634609273508099,0.0671932450235919,0.1631231964871091,0.1627420985638913,0.1037837879623662,0.0424049807653919,0.0629695639951126,0.0853770389445787,0.1621930837297149,0.1627234421859767,0.16378835409835,0.0660338658609151,0.1629268313102598,0.162460991220498,0.1014325248256514,0.0424049807653919,0.0670846412016978,0.0831456342200847,0.162949309373363,0.1624619538326462,0.16336385608177
162_Stock_id_14_Finance_tr_500_1st_4,0.1230092885874025,0.1698392746757931,0.1779428079943175,0.1385319392219149,0.1058896126041255,0.1183590710036201,0.1418911847360424,0.1712542680661015,0.1730459970099836,0.1766923790382521,0.1187995446483151,0.1752936069288284,0.180906852698545,0.1408483885279342,0.1054894281497268,0.1174175357509355,0.1418911847360424,0.1599600660919287,0.1709500954496772,0.1787638275565888,0.121810315396055,0.1733679629664292,0.1787816784981196,0.1402296013457799,0.1054894281497268,0.1097369414727243,0.1453991861896535,0.1701637842506161,0.1598467863300495,0.1730403006699359,0.1231135483677651,0.1738439693948384,0.1815949300142558,0.1398529261026092,0.1065186822016874,0.1219848921638349,0.1418911847360424,0.1699633478297424,0.1616498080154528,0.1649365837960153,0.1214986665128741,0.1725648450305641,0.1780893031769517,0.1415138431320469,0.1053636187119839,0.1202750474408584,0.1418911847360424,0.1711697003318079,0.1704769080465014,0.1741089193525415,0.1175131114676156,0.1731424090881274,0.1818927478100261,0.1367486486732181,0.1054894281497268,0.1126139981472041,0.1453991861896535,0.1686854487161715,0.1727612886985097,0.1748623860775122,0.1233223244040105,0.1756431370202135,0.1796700607685796,0.1343372985831194,0.1058896126041255,0.1159338665141909,0.1453991861896535,0.1674592893676105,0.1715022796316603,0.1735158306152205
165_Stock_id_17_Finance_tr_500_1st_7,0.1183869748481285,0.1644051910044135,0.1773446487635648,0.1206604226181971,0.1058988426790706,0.1111651485786672,0.0879648386891346,0.1740648193418815,0.1677839538295965,0.1784218847446075,0.1180398758888316,0.1774431445278035,0.1791446852815287,0.1233435780068602,0.1061482510550275,0.1138280944137555,0.0879648386891346,0.1709554656116265,0.1697182892859393,0.1718378399212336,0.1165766262393464,0.1775394803335964,0.1787293481746342,0.1075545849186063,0.1074660419802184,0.1107042693999446,0.1435244545020865,0.1722818635650993,0.1664825142816853,0.1734805405640319,0.114779541498769,0.1774275893389144,0.1793978669229433,0.1094339669330864,0.1062346803287484,0.1101898936931457,0.1435244545020865,0.1692055862025538,0.1712296142445847,0.1749735987096187,0.116916960642645,0.1777347308596363,0.1746508013130275,0.1225759736947462,0.1059715281792331,0.1213466197832453,0.0879648386891346,0.1733624735561685,0.1705903979197162,0.1762065138153687,0.1173514321876829,0.1770045410292569,0.1770522899228457,0.1198325349248855,0.1059715281792331,0.1084803973946848,0.0879648386891346,0.1739215334023788,0.1711240355643208,0.1782093851948755,0.1193517092247215,0.176346082389753,0.1781212838543894,0.1256857352676103,0.1059715281792331,0.1075641616042214,0.1446370067655556,0.1742352245291856,0.1691702080268732,0.1782756233629424
166_Stock_id_18_Finance_tr_500_1st_18,0.118546674071205,0.1747586013973759,0.1819004040194299,0.1241248703206061,0.1146069631556463,0.1194954245574324,0.1391542801167795,0.1734915261815836,0.1728891574364456,0.1789529130963592,0.120202671297107,0.1785969482723467,0.1825695024465438,0.1200958453102242,0.1081343871555206,0.1194781397700263,0.1386336622416937,0.1671275659891531,0.1695348990873555,0.1648447829667404,0.1211600202294556,0.1810881124119733,0.1820589282009655,0.122104161620281,0.1094220439338165,0.1129905964187038,0.1386336622416937,0.1734419523832214,0.1716344664403708,0.1768688064729446,0.118302310895038,0.1735879983256232,0.1817048922836001,0.1214358108386303,0.1084794748439774,0.1154654010372553,0.0909673986497487,0.1690163161357651,0.1714443778054121,0.1784240368532991,0.1191462702070511,0.1814470262759914,0.1825337009666154,0.1182054488589341,0.1085315453203736,0.1148561159694096,0.0909673986497487,0.1723679144778568,0.1712556239421026,0.1786475041380639,0.1227808066772397,0.1808195457729975,0.1797705068198954,0.1144146500702298,0.1082917690568074,0.1164753680740976,0.1386336622416937,0.1719219436001676,0.1724638655023287,0.1776937574378126,0.1208028183427887,0.1802636351614978,0.1818992068804203,0.1135725607701738,0.1082917690568074,0.1122130131219037,0.0909673986497487,0.1712608779689135,0.1726709724436652,0.177140222028663
169_Daphnet_id_1_HumanActivity_tr_9693_1st_20732,0.3975790261991646,0.5895333862730993,0.5947173748631218,0.1489390712635017,0.2398483430440228,0.2283166655151466,0.3744229780966347,0.4786997543794125,0.5124771173020292,0.5893002902420772,0.3975790261991646,0.5950356448658431,0.5184808859871162,0.1477590614335354,0.3761455543153335,0.2290829793001306,0.4182226527457335,0.4617087937128525,0.4831341521242661,0.4007686216165622,0.3975790261991646,0.589157448700411,0.5265345826943975,0.1472204498743923,0.3761455543153335,0.1477135415577016,0.4097853950881996,0.5123879657146141,0.4768660387447069,0.5257691780176104,0.3975790261991646,0.5877365470321197,0.5398189746011076,0.1658974099750299,0.3842888130079362,0.1506093438313795,0.4241422276678647,0.4648237716875148,0.4952193530157258,0.533134853547761,0.3975790261991646,0.5777570310914445,0.4201448555516467,0.1612907092914629,0.3842888130079362,0.147551391583976,0.4057563352317513,0.4538912999179822,0.5014380932880224,0.390946418834831,0.3975790261991646,0.5642524331420636,0.4358120813719841,0.1661030208043161,0.3842888130079362,0.1513234221417889,0.433008482430613,0.4489967150628419,0.4767885853515271,0.572310151621822,0.3975790261991646,0.578493733848954,0.5600253360815454,0.1610610517861352,0.3842888130079362,0.1645209480979544,0.4034808141885185,0.4804456030543838,0.4690478966382425,0.5463882840243659
170_MITDB_id_1_Medical_tr_17675_1st_17775,0.0852885902269467,0.1038242014018314,0.0992334137140664,0.1053996717740755,0.1109466925096198,0.0845908917010982,0.0956975500046145,0.1209488307249741,0.117233479805228,0.1097913983705992,0.1634784048686995,0.0990112921666969,0.1031160110335717,0.1228303489065515,0.1113448944529283,0.0961970490613458,0.091423369897153,0.1112766905226571,0.1069519469363213,0.1024614461409725,0.117803373930723,0.1018699396201164,0.0986944976987982,0.1018987082694728,0.1040928314651799,0.0906146008209844,0.0938563425297544,0.1022528851636242,0.1192392247648538,0.1037762486647759,0.0892681086203797,0.1058413984815919,0.1023574638009619,0.0982061188423847,0.1019532197953792,0.0896265525756558,0.5959127259675255,0.1158130418817792,0.1161911556687227,0.1079869895143423,0.1835527752294536,0.1010178074619775,0.1023008929540723,0.1217505313986286,0.1188157139228858,0.0979419348571497,0.5959127259675255,0.1361787757703496,0.1218955613912079,0.0973545507367231,0.1490709035331251,0.1072862732725423,0.0939015644394277,0.0980994393026293,0.1053863675412708,0.0899761569378495,0.5959127259675255,0.1108677467056211,0.1132449563781403,0.1247944115848375,0.121769103075032,0.1044827538022099,0.1106786475789304,0.0929237772443306,0.1073801417184036,0.0921667114427722,0.5959127259675255,0.1290068263160747,0.1315379152160093,0.1199746415713151
171_MITDB_id_2_Medical_tr_50000_1st_88864,0.0789995004188791,0.1699716263557645,0.2494405906693786,0.0635454229068613,0.1380799816029978,0.0536826565398033,0.8271626991552752,0.2037800289396131,0.2226860874999597,0.1002635781671222,0.0730469463539368,0.19140801019247,0.3317598510064949,0.0931317300995052,0.0936941447113279,0.2321851135270432,0.1239088559140201,0.2197355313115096,0.2120574830429438,0.3566625923427615,0.0704983465298238,0.212141215126265,0.3288907086804509,0.0424980749280623,0.0466905702362157,0.746296665674784,0.8271626991552752,0.2240112458841451,0.2125863488375927,0.3724092288259998,0.0974909598573916,0.2434419515346289,0.3746316382426899,0.0456533464428911,0.043142799861196,0.746296665674784,0.8271626991552752,0.2015232620344234,0.2342839033005982,0.3841818012075263,0.0828751783676975,0.1898727745175364,0.3406463508524165,0.0535409713814751,0.0856354414001798,0.746296665674784,0.8271626991552752,0.2074968979982272,0.2270234951895132,0.3670431224780547,0.1564158569988757,0.2357504459417427,0.3450268554822558,0.0515265802359831,0.0449802161120127,0.2321851135270432,0.1239088559140201,0.2062802847504165,0.215131067755681,0.3539408573363845,0.2499652233093576,0.2572928160402877,0.3583142944625999,0.0431372664988058,0.0407261468976567,0.2321851135270432,0.1239088559140201,0.2094667922759118,0.2264335839377765,0.3743236810886237
172_MITDB_id_3_Medical_tr_27274_1st_27374,0.0576683284416668,0.1626009724771349,0.2558419744221891,0.117006903547891,0.0936708792236779,0.0898437735167615,0.0745674859767198,0.6242300036294977,0.2226171845308059,0.232297585529266,0.1346229695091663,0.138313905826437,0.2716384052369617,0.1355153562883957,0.1582876866765278,0.0852906013796298,0.0891465554498806,0.1927333671670585,0.3087826397046327,0.3001967040276252,0.4680850776271623,0.1128381973778568,0.3307735063050838,0.1425726564784176,0.1080020327449376,0.1106937936887051,0.7454444496237665,0.1840707209090855,0.2405961019112077,0.3332112106811825,0.2014364739071328,0.1777977985282507,0.3152737693438097,0.1361101417255722,0.1294052924928967,0.0918162186421714,0.7454444496237665,0.1602385543484287,0.2386099539677625,0.3066840023631205,0.1346229695091663,0.1097207387753945,0.2880118263283476,0.1984333287268797,0.1870534063189811,0.3738384605968755,0.7454444496237665,0.2031932219584256,0.2340458685137419,0.2911595792677447,0.1869668918353329,0.1570087434575488,0.2954178271625087,0.1587746949637565,0.1276201041104703,0.3738384605968755,0.1539920065212502,0.2078275959023393,0.230333824539375,0.3256005343415034,0.8416039034322377,0.1069909006410278,0.3308454581863933,0.1249161321869678,0.1491512493375933,0.105398458473712,0.7454444496237665,0.142561737270292,0.2435527424470021,0.2941919601240118
173_MITDB_id_4_Medical_tr_13620_1st_13720,0.2689735535733928,0.1611512886386965,0.1288490900317698,0.1851709237466444,0.2114928347084224,0.1606034945872064,0.2245579208539336,0.2053900094100622,0.1941737050839142,0.0917666480450348,0.2689735535733928,0.1424244899814583,0.1421181142050923,0.1605929728139673,0.1837754747214527,0.2077482927285592,0.2280011140098007,0.2029709528004271,0.1544201621778512,0.2131721138734256,0.2689735535733928,0.160737672504991,0.191959258570771,0.164028601465543,0.163610062642722,0.1965299275040339,0.2287310884230404,0.2078239204690167,0.1633606322675464,0.1843314876387226,0.2689735535733928,0.1402928301324668,0.1828140849419636,0.1611676054606205,0.1711444786034914,0.1917899008803415,0.2264600755695834,0.2024173765698158,0.1689743842623924,0.1698452493059002,0.3680960081050273,0.1408847104425,0.1991086697811044,0.1597331776850524,0.1805779146334216,0.2100941963469893,0.2262565243245364,0.2061759712731829,0.1617933882740991,0.2014582867431443,0.2689735535733928,0.1438472011855292,0.1908899377082366,0.1734651558745889,0.179475626982022,0.2156215611959641,0.2258845143152262,0.210477111798192,0.1816819842718346,0.1730045360976859,0.2689735535733928,0.1688521898175879,0.1731329534244423,0.1704101353306651,0.1655109485830057,0.194163659019995,0.2269063764239795,0.2072547183354607,0.150035071690059,0.1774023901850155
175_MITDB_id_6_Medical_tr_27274_1st_27374,0.1683765382780142,0.1153147351945154,0.1287053090085603,0.0915215386370766,0.0882024628843099,0.090239836045678,0.0808365112729169,0.2853349913204352,0.1305905332706122,0.629666867090176,0.0608775139925563,0.0899089275626032,0.1701474242967519,0.0866264428012918,0.0875174188198783,0.1236808091789126,0.0975228353129718,0.1612204053835592,0.1529477593093631,0.2790051837643729,0.3505829900978043,0.25320595776388,0.3258085188595987,0.0939215923038156,0.1477922874980373,0.084827224842223,0.1116628109273573,0.2527636903814339,0.1895314361864881,0.313533440703376,0.2622839239045079,0.0876431254751258,0.2124288913665908,0.0838463218861681,0.1648710677546457,0.0933172661661727,0.0766489596545496,0.2498781658091982,0.1677100031562441,0.2452166984459215,0.250330913394427,0.1155387019391586,0.2106536262882935,0.1341563152742354,0.1756303764999886,0.0959166226177229,0.082482756665725,0.2816167305606107,0.1869995929382253,0.297587860151856,0.6380942286041145,0.4470518166903847,0.2095000646953351,0.0932872386047114,0.1462273231941441,0.090563741109369,0.071624231367418,0.2756253035916183,0.2134711124310023,0.2835119962919316,0.3505829900978043,0.1125532419940513,0.3311782588513302,0.120135053737811,0.1071167678620865,0.0963776352042312,0.074978519222739,0.2687970515735483,0.1645197789868367,0.323372908875408
176_MITDB_id_7_Medical_tr_6232_1st_6332,0.4431580351688762,0.2963603890013163,0.4587481767849322,0.1225438145378601,0.1217451258156247,0.1087599436715936,0.1072782023835644,0.338777938051941,0.2184732294374012,0.4523429067180002,0.1300543787483404,0.1039195635516343,0.4209275685749264,0.2197102216894214,0.1362667474225873,0.1127253132106159,0.1058399104265704,0.3310974406905272,0.1574655864728756,0.4586744217555644,0.5383111914891088,0.0980911870539635,0.5360558500717828,0.2016069278730883,0.1234314518647227,0.1172185528146512,0.1154156182676282,0.3767765247607737,0.1664175679470351,0.5191002051523095,0.5383111914891088,0.1080713094940616,0.5381219041576378,0.1595792474467078,0.124228251922998,0.1126989927321145,0.2931407967744645,0.3604904001453385,0.1837514163291512,0.5110325354074807,0.1134869846807751,0.0960573706888684,0.463728509470058,0.2157754059650538,0.1419422794501174,0.1112989374955866,0.2931407967744645,0.3749854702949609,0.164757608456596,0.4434664810175821,0.1064305656924393,0.1044337207238009,0.4985111078947619,0.1796162868149618,0.1220929648095799,0.1099176017472112,0.2931407967744645,0.3649953527825176,0.2002410466089903,0.5078231761819126,0.5383111914891088,0.1031446447696435,0.5044430976477233,0.1269396519903967,0.1204808865484344,0.1231996563031474,0.1153469737981152,0.3667593632072898,0.2114126290833673,0.5168283107282761
177_MITDB_id_8_Medical_tr_17675_1st_17775,0.0851039871546671,0.1148166621738735,0.1453702613945985,0.1171444869579098,0.0948848448341082,0.117162940276206,0.1091825458513596,0.163631601237476,0.1285314994334125,0.0943318037201364,0.107945658641767,0.1334712697450072,0.1149642848014613,0.1519217708899709,0.1372469953740672,0.0993390069394072,0.1049397781143555,0.1484506042420546,0.1291551907232949,0.2090727538148387,0.0751527593247261,0.119515667517213,0.1222471218278117,0.1645378732105638,0.18042197931278,0.1313704951741887,0.1360158371303078,0.1889480672627901,0.132361969037917,0.130060824438019,0.0738722567228021,0.124421688780787,0.1125212356170886,0.1667664790258644,0.1683149826946565,0.1821063552087846,0.1481704547182986,0.202895080073722,0.1348608637520749,0.1415306152689099,0.1190213828496726,0.1380297833885634,0.1255638959092767,0.1772102720392296,0.22399644618655,0.1149186841607722,0.1214735505489457,0.2346609743407954,0.145976640864996,0.1729035449674307,0.0809758243593486,0.1443503131340738,0.1599282360494003,0.2411661849562202,0.2181645540508254,0.1561472075164285,0.1541930583493495,0.1810419381361942,0.1451705601859259,0.157012379937094,0.0894146531046962,0.1343388875596278,0.1289245391827199,0.182405530391702,0.1587859184028632,0.1427468903898265,0.1094966035704514,0.1850672632172496,0.1348956313350683,0.1374544612811576
178_SMD_id_1_Facility_tr_6000_1st_10609,0.1165062105769456,0.3520217094255259,0.1518347942356262,0.0709223181958926,0.0554181422310536,0.0889983520813928,0.2671117271201587,0.1750681939804738,0.1750317951220886,0.310665587379977,0.1165062105769456,0.6301061825799749,0.1454479009638664,0.1470708931786776,0.0944634439412145,0.0851327039391395,0.2671117271201587,0.0725723665565622,0.1613245497171133,0.1518347942356262,0.0905610580965271,0.4776553787569699,0.3360313815537695,0.1690020209796939,0.1518347942356262,0.0675329264811819,0.2671117271201587,0.1518347942356262,0.1678988725350068,0.1538291300767875,0.1165062105769456,0.6301061825799749,0.3833965559588462,0.1428728662208747,0.1518347942356262,0.0725311300235026,0.2671117271201587,0.1518347942356262,0.1750317951220886,0.431930096817529,0.1165062105769456,0.6301061825799749,0.1236689254598257,0.1493177163633016,0.064159708707389,0.1030338220351284,0.2671117271201587,0.1100581520568597,0.1613245497171133,0.2349106872921496,0.0991114920151973,0.6301061825799749,0.1518347942356262,0.1518347942356262,0.1518347942356262,0.1087506566275608,0.2671117271201587,0.1100581520568597,0.1678988725350068,0.2077210829033164,0.1165062105769456,0.6301061825799749,0.4463053561217358,0.1518347942356262,0.1518347942356262,0.1151391560262322,0.1748589451335687,0.1518347942356262,0.1678988725350068,0.2240087912230927
179_SMD_id_2_Facility_tr_5925_1st_17580,0.0663603438023677,0.5760675739089629,0.9430170049369172,0.5760675739089629,0.0725778805604679,0.1136452658777834,0.1136452658777834,0.5760675739089629,0.472822527832351,0.9430170049369172,0.0746125326688142,0.9430170049369172,0.5760675739089629,0.5760675739089629,0.1371466875209473,0.085703292748011,0.161803084223013,0.436402417348027,0.3824152542372881,0.5565994314335996,0.0663603438023677,0.9430170049369172,0.7872104154700363,0.5760675739089629,0.2938951400526693,0.1191969757124855,0.5760675739089629,0.5760675739089629,0.6192109777015438,0.7872104154700363,0.0602911002261396,0.9430170049369172,0.7872104154700363,0.5760675739089629,0.436402417348027,0.1190111488124091,0.5760675739089629,0.5760675739089629,0.6192109777015438,0.9430170049369172,0.0424566991103104,0.9430170049369172,0.5760675739089629,0.5760675739089629,0.0448602229124794,0.0957977830496247,0.5760675739089629,0.5760675739089629,0.2962461272425967,0.9430170049369172,0.1313204801746089,0.9430170049369172,0.9430170049369172,0.5760675739089629,0.0448602229124794,0.0894426229508196,0.5760675739089629,0.5760675739089629,0.4509646302250804,0.9430170049369172,0.0663603438023677,0.9430170049369172,0.9430170049369172,0.5760675739089629,0.0651158249322625,0.080077930210713,0.5760675739089629,0.5760675739089629,0.4509646302250804,0.9430170049369172
180_SMD_id_3_Facility_tr_5925_1st_17580,0.0412699760119545,0.4801762114537445,0.6650082918739635,0.4608030592734226,0.6867862969004894,0.6650082918739635,0.4896810506566604,0.642495784148398,0.5174953959484346,0.6650082918739635,0.050232115224378,0.4990677439403356,0.6650082918739635,0.5174953959484346,0.6867862969004894,0.6867862969004894,0.4896810506566604,0.5112325440194293,0.4801762114537445,0.6867862969004894,0.0544462983907994,0.4608030592734226,0.6650082918739635,0.5443037974683544,0.6867862969004894,0.6650082918739635,0.6427145708582833,0.6192109777015438,0.5174953959484346,0.6867862969004894,0.0642072470896868,0.4608030592734226,0.6867862969004894,0.4362724613455913,0.5951134380453752,0.6650082918739635,0.6427145708582833,0.6650082918739635,0.5951134380453752,0.6650082918739635,0.133289124668435,0.4608030592734226,0.6650082918739635,0.4896810506566604,0.6867862969004894,0.6867862969004894,0.4896810506566604,0.5701598579040852,0.4990677439403356,0.6867862969004894,0.074984135042518,0.4990677439403356,0.6867862969004894,0.4608030592734226,0.6867862969004894,0.6867862969004894,0.6427145708582833,0.6650082918739635,0.5174953959484346,0.6867862969004894,0.0841442435409543,0.4896810506566604,0.6650082918739635,0.4307992202729045,0.6867862969004894,0.6867862969004894,0.4896810506566604,0.6650082918739635,0.5443037974683544,0.6867862969004894
181_SMD_id_4_Facility_tr_5000_1st_15144,0.3078410929713122,0.2458064238261022,0.6980961576674849,0.1661037153960934,0.1549652137784318,0.2480877045216785,0.429129913428825,0.2799875117827223,0.2591743444703571,0.7010507163065972,0.3078410929713122,0.366938536538983,0.7082489472493351,0.1145640273268813,0.1412816277490013,0.2933056894873678,0.3186582135405367,0.2136430514271281,0.2949095962733962,0.7010507163065972,0.5101084174660002,0.3267674353755906,0.7010507163065972,0.1666397088556409,0.1408095864569407,0.4111863635233216,0.5022133519266672,0.2914411710580614,0.2974248191065711,0.7010507163065972,0.5101084174660002,0.3797173648859164,0.7727365924200605,0.2525798024951406,0.2166149481967202,0.3085290754751523,0.3235731350571266,0.2945047016828072,0.2480763631440636,0.7010507163065972,0.3078410929713122,0.3520783415439825,0.7010507163065972,0.1346473567758371,0.1959879146737625,0.3365312901610733,0.2720811315263162,0.1965722888998635,0.2115743785259493,0.7727365924200605,0.3078410929713122,0.3773097872375251,0.6980961576674849,0.149876142926952,0.1652412998595417,0.3316396937209984,0.4889482709750017,0.2821078482797816,0.2434142192387144,0.7010507163065972,0.3078410929713122,0.3577956107792178,0.6980961576674849,0.172979949010964,0.1991220220551609,0.2685077043942356,0.4676921625435862,0.2799875117827223,0.2335893632198821,0.7010507163065972
183_SMD_id_6_Facility_tr_5925_1st_17580,0.0219592533853848,0.9430170049369172,0.9430170049369172,0.5760675739089629,0.1174378164208672,0.0860958740758406,0.0988634807613309,0.5760675739089629,0.9430170049369172,0.9430170049369172,0.0219592533853848,0.9430170049369172,0.5760675739089629,0.4460435372391964,0.0856674909277754,0.2215484569572279,0.472822527832351,0.5760675739089629,0.9430170049369172,0.9430170049369172,0.0500755320370681,0.9430170049369172,0.9430170049369172,0.4460435372391964,0.436402417348027,0.436402417348027,0.5760675739089629,0.5760675739089629,0.6192109777015438,0.9430170049369172,0.0153618625065598,0.9430170049369172,0.9430170049369172,0.4460435372391964,0.0428704566635601,0.161803084223013,0.7872104154700363,0.5760675739089629,0.6192109777015438,0.9430170049369172,0.0153618625065598,0.9430170049369172,0.351244635193133,0.4460435372391964,0.3808483567248028,0.1313204801746089,0.6192109777015438,0.5760675739089629,0.4060892068808037,0.5760675739089629,0.0196209859240753,0.9430170049369172,0.9430170049369172,0.4460435372391964,0.5760675739089629,0.3210315695864829,0.6192109777015438,0.436402417348027,0.597714541788035,0.351244635193133,0.0368800122592838,0.9430170049369172,0.9430170049369172,0.4460435372391964,0.5760675739089629,0.1072010643605521,0.5760675739089629,0.436402417348027,0.6192109777015438,0.9430170049369172
184_SMD_id_7_Facility_tr_7119_1st_15849,0.5253364340224306,0.5994281470140672,0.6432096094334435,0.2640935772137796,0.2546551991486129,0.4459820616074216,0.0,0.4670215672464241,0.4068262273749416,0.6901785384964085,0.5253364340224306,0.5917273207714999,0.6528748911554695,0.3051525719426683,0.1932507894069747,0.3523853908301551,0.6589463215855185,0.4342867764620048,0.4047030290850934,0.6809723820254787,0.5253364340224306,0.5466767477755665,0.6527222796450406,0.2109106842632961,0.2132220548490362,0.43406878918351,0.0102310791509143,0.4476581631767996,0.441663192971928,0.6773317725079628,0.5253364340224306,0.586053203135755,0.6375387472981251,0.2432016840688033,0.1932507894069747,0.5037819787413689,0.0102310791509143,0.4589640635444932,0.4513022532877438,0.6784375942592425,0.5253364340224306,0.5694785557429608,0.6028908506163975,0.2040400849896003,0.1932507894069747,0.3888529004466971,0.0102310791509143,0.4452626947759017,0.3969278557968365,0.605549159183962,0.5253364340224306,0.5994281470140672,0.677395608420177,0.2560591562475147,0.1932507894069747,0.2736668575183224,0.6589463215855185,0.4400107113883382,0.4675979026952443,0.693784911171089,0.5253364340224306,0.5994281470140672,0.6728947623518259,0.2330763444339362,0.1819224348765326,0.4920011476667773,0.6589463215855185,0.4502113318190276,0.425202771572043,0.693784911171089
185_SMD_id_8_Facility_tr_5000_1st_15144,0.2227882815703199,0.5114407125155653,0.6980961576674849,0.2627818023589472,0.3545226360533721,0.2355302884274422,0.2847925924800956,0.182965030778279,0.210031816486872,0.6980961576674849,0.4013914227095215,0.3906316338109512,0.7048199593861559,0.1459021233624349,0.2923329491624357,0.2518816551628455,0.2996559661011174,0.1355429001158989,0.1881152570607697,0.6426235470427284,0.25774284378619,0.420585738323878,0.6980961576674849,0.1502403515561284,0.2289356984478935,0.2239215565354136,0.2907910552436152,0.2015483282294854,0.2034976569779104,0.6980961576674849,0.4013914227095215,0.3467545468717368,0.6980961576674849,0.2534380006053695,0.2923329491624357,0.2239215565354136,0.3243677869700846,0.2313555396471133,0.1069130740433842,0.6980961576674849,0.25774284378619,0.3606563607386823,0.6845710727491411,0.1832820546290123,0.2923329491624357,0.1309033553542727,0.3636608974076326,0.1410379505883896,0.1537424095768761,0.6599067284295392,0.25774284378619,0.3607356941265033,0.6980961576674849,0.1158804535585128,0.2923329491624357,0.3357218806342749,0.3069713169181335,0.2044043761320928,0.2509435482791998,0.6980961576674849,0.25774284378619,0.34733010421105,0.7031040435966426,0.1649957173802108,0.2923329491624357,0.1746336434257555,0.3243677869700846,0.1649957173802108,0.1498151675070295,0.6980961576674849
187_SMD_id_10_Facility_tr_5000_1st_15849,0.1996472436149255,0.6529778312792807,0.5619344591280715,0.5549578612470789,0.6544251199846968,0.3482889317720728,0.346168903212567,0.4099262240147538,0.4047793018387987,0.5138585919150126,0.2275072083261842,0.2915863925147594,0.5138585919150126,0.42906467558288,0.2682162087295444,0.359495650723323,0.357751169857568,0.4314059986544493,0.405187601628484,0.6526726522686789,0.2155323337671987,0.4028365315095784,0.5024921225878958,0.6538799484743644,0.5747693420578988,0.3320716554333948,0.379558918252436,0.3869923025198722,0.5855370538998474,0.5138585919150126,0.2085914311333778,0.3133933765203724,0.5855370538998474,0.3907323928377129,0.4555384085090891,0.39530049214896,0.395601000274194,0.6113759601797388,0.5619344591280715,0.5138585919150126,0.197362290511129,0.2907833158709593,0.4977577464733212,0.4063835222047585,0.2816194348623881,0.3947117180900111,0.3670324235717556,0.3556049269739014,0.3984658054874193,0.5024921225878958,0.2013870893087732,0.6529778312792807,0.5138585919150126,0.4112312785790606,0.2816194348623881,0.4059300869522383,0.4083717176969946,0.3748345082012104,0.3790292726174613,0.5138585919150126,0.2059886504973677,0.6523651948732441,0.5138585919150126,0.4851767900958155,0.5459395548509574,0.359495650723323,0.3883667156113826,0.3705769569214619,0.5402913356853748,0.5024921225878958
188_SMD_id_11_Facility_tr_500_1st_392,0.0907250174462982,0.5213888640237497,0.4143484173292646,0.3129822638465246,0.3283754799702953,0.3348173871501503,0.0020958426712634,0.4123002797974694,0.3590355355870082,0.2847656721453172,0.0946022052344942,0.5243870158024554,0.5375032724618037,0.3998056890625752,0.5049578513158287,0.3361534748699067,0.0020958426712634,0.3247240666159328,0.4000485975154686,0.4192888148450233,0.1160896566463654,0.5269316278680332,0.5530365128706423,0.4283109256149588,0.3283754799702953,0.3341064386452936,0.0020958426712634,0.3951421235735271,0.2834301808047602,0.4574602607209121,0.0928604510422288,0.3759066632104156,0.5026576217306354,0.4392142609511776,0.5049578513158287,0.408851632199594,0.3779074545902852,0.4118116570354013,0.2716954995956288,0.5041522697443448,0.1021429724436439,0.5369855148732947,0.5255566893827399,0.3232773138912592,0.5049578513158287,0.3002777540759163,0.0020958426712634,0.4278551679355735,0.2600501892533269,0.5147034591109502,0.1117510989104894,0.5245758944072174,0.5191129079164327,0.295158911095556,0.5049578513158287,0.3968161748622734,0.0020958426712634,0.394382248361188,0.3749183568045715,0.5147034591109502,0.1138409865756346,0.5041114328452585,0.5136982321829807,0.3864069128094218,0.3283754799702953,0.3837242517218731,0.3779074545902852,0.3951121238299376,0.3572314531499076,0.5257057317570525
189_SMD_id_12_Facility_tr_5925_1st_17580,0.069083887577773,0.6192109777015438,0.9430170049369172,0.3210315695864829,0.0742158022431552,0.6192109777015438,0.3210315695864829,0.5739750445632799,0.5760675739089629,0.9430170049369172,0.0309679372366993,0.6192109777015438,0.436402417348027,0.6192109777015438,0.0825425860294958,0.6192109777015438,0.3824152542372881,0.89196675900277,0.5760675739089629,0.7872104154700363,0.0672579178804015,0.6192109777015438,0.7872104154700363,0.6192109777015438,0.0483410899264374,0.6192109777015438,0.2430158195893638,0.89196675900277,0.5760675739089629,0.9430170049369172,0.0472135687088958,0.6192109777015438,0.9430170049369172,0.6192109777015438,0.0856674909277754,0.0860958740758406,0.351244635193133,0.89196675900277,0.5760675739089629,0.9430170049369172,0.062391009494284,0.6192109777015438,0.2166866746698679,0.6192109777015438,0.1211829373551992,0.6192109777015438,0.3210315695864829,0.89196675900277,0.5760675739089629,0.9430170049369172,0.039024700384652,0.6192109777015438,0.9430170049369172,0.6192109777015438,0.0771784902983667,0.6192109777015438,0.2526445770734719,0.89196675900277,0.5760675739089629,0.9430170049369172,0.039024700384652,0.6192109777015438,0.9430170049369172,0.6192109777015438,0.0771784902983667,0.6192109777015438,0.161803084223013,0.5739750445632799,0.5760675739089629,0.7872104154700363
190_SMD_id_13_Facility_tr_7119_1st_15849,0.444753954035764,0.5503235139751702,0.5806326772079577,0.2587917157435218,0.3318143760380466,0.2508285386213481,0.3649936613452886,0.5585358014923559,0.5257425804899186,0.5483833407090856,0.444753954035764,0.5503235139751702,0.4828083413066126,0.3780417948842596,0.3867586683177827,0.2712010425752623,0.7595736864501638,0.5149274092403181,0.4486345022447775,0.5506579059361769,0.444753954035764,0.5503235139751702,0.5295770324335765,0.4078378307058783,0.352877140228868,0.2614694312612324,0.7595736864501638,0.519832219050053,0.47927833443006,0.5906050906227573,0.444753954035764,0.5942231029204662,0.5161805092980526,0.2704046898290984,0.3867586683177827,0.2682701271288119,0.3659099688845271,0.5604325505774581,0.479383784649311,0.5773272622568675,0.444753954035764,0.5503235139751702,0.4765652216521387,0.2409700758010638,0.4215959480653016,0.2590055413699315,0.3659099688845271,0.5485898426220382,0.4989011902421382,0.5245885394808887,0.444753954035764,0.5503235139751702,0.5806326772079577,0.290418651001804,0.3867586683177827,0.2459089357324519,0.7595736864501638,0.5240529571245619,0.5180936861535616,0.5941090157715453,0.5434791812739038,0.5503235139751702,0.5806326772079577,0.2620384593229131,0.3867586683177827,0.2613562168733134,0.3659099688845271,0.5151019502323789,0.5342100583680077,0.5646742311688923
191_SMD_id_14_Facility_tr_4596_1st_4696,0.0201153957256016,0.4126984126984127,0.1843971631205674,0.4535433070866141,0.0514851485148514,0.0393781232648528,0.203125,0.591549295774648,0.7077575543382223,0.4126984126984127,0.0201153957256016,0.3421052631578947,0.0468858077582177,0.3121915285451196,0.1347150259067357,0.0662731974444782,0.2549019607843137,0.4126984126984127,0.591549295774648,0.0426929392446633,0.0960821842674367,0.4126984126984127,0.4126984126984127,0.3121915285451196,0.0303786191536748,0.0869117647058823,0.2549019607843137,0.591549295774648,0.591549295774648,0.3421052631578947,0.0960821842674367,0.4126984126984127,0.2549019607843137,0.2957746478873239,0.1061224489795918,0.190598111227702,0.203125,0.591549295774648,0.591549295774648,0.3421052631578947,0.0201153957256016,0.4126984126984127,0.0489445438282647,0.2957746478873239,0.031103448275862,0.0736842105263158,0.1444444444444444,0.591549295774648,0.591549295774648,0.0511923796564041,0.0960821842674367,0.4126984126984127,0.0489445438282647,0.3671057884231536,0.0501930501930501,0.1006423034330011,0.3421052631578947,0.591549295774648,0.591549295774648,0.4126984126984127,0.0201153957256016,0.4126984126984127,0.1007751937984496,0.6736996336996337,0.0351826792963464,0.0706664850488579,0.2549019607843137,0.591549295774648,0.591549295774648,0.3421052631578947
192_SMD_id_15_Facility_tr_5925_1st_17580,0.0199209706015272,0.821376281112738,0.9430170049369172,0.031510049025899,0.1780957079427725,0.15440703409822,0.9430170049369172,0.3195509126733336,0.5760675739089629,0.9430170049369172,0.0689004882976932,0.821376281112738,0.6192109777015438,0.0410288708920327,0.0414680374475906,0.1030178728391444,0.9430170049369172,0.3195509126733336,0.2526445770734719,0.5164762826718297,0.1295761635292759,0.821376281112738,0.821376281112738,0.0352080764046232,0.0423460410557184,0.3824152542372881,0.9430170049369172,0.3210315695864829,0.7872104154700363,0.89196675900277,0.1084896538387159,0.821376281112738,0.9430170049369172,0.0340166478135976,0.821376281112738,0.15440703409822,0.9430170049369172,0.3195509126733336,0.5565994314335996,0.89196675900277,0.0246824055302206,0.821376281112738,0.351244635193133,0.0340166478135976,0.1251747923607526,0.2035048049745619,0.9430170049369172,0.2929871850859096,0.2562862307548463,0.9430170049369172,0.1608371559633027,0.89196675900277,0.89196675900277,0.0321953083155107,0.0414680374475906,0.5910376891878525,0.9430170049369172,0.3195509126733336,0.3345792048162548,0.9430170049369172,0.0598176680705869,0.821376281112738,0.9430170049369172,0.0462642573369217,0.3824152542372881,0.2983837546622461,0.9430170049369172,0.3195509126733336,0.7872104154700363,0.9430170049369172
194_SMD_id_17_Facility_tr_5925_1st_17580,0.0640008341588029,0.6192109777015438,0.9430170049369172,0.5760675739089629,0.0689004882976932,0.4460435372391964,0.821376281112738,0.5760675739089629,0.5760675739089629,0.9430170049369172,0.104517494024997,0.821376281112738,0.9430170049369172,0.0847484920825505,0.08123018113896,0.1295761635292759,0.821376281112738,0.3983930778739184,0.436402417348027,0.9430170049369172,0.0601867289096365,0.821376281112738,0.9430170049369172,0.436402417348027,0.1160771704180064,0.1376022539901067,0.821376281112738,0.4773476981173988,0.5760675739089629,0.9430170049369172,0.0375728559533721,0.821376281112738,0.9430170049369172,0.2215484569572279,0.08123018113896,0.6192109777015438,0.821376281112738,0.5565994314335996,0.5760675739089629,0.9430170049369172,0.1313204801746089,0.821376281112738,0.9430170049369172,0.351244635193133,0.0765212172466001,0.7872104154700363,0.821376281112738,0.2646691139994047,0.1972681986180299,0.9430170049369172,0.0552029971710375,0.821376281112738,0.9430170049369172,0.5760675739089629,0.0856155277851635,0.7872104154700363,0.821376281112738,0.276623917773971,0.1484580965050187,0.9430170049369172,0.0350521843158285,0.821376281112738,0.9430170049369172,0.5760675739089629,0.0765212172466001,0.7872104154700363,0.821376281112738,0.7872104154700363,0.1972681986180299,0.9430170049369172
195_SMD_id_18_Facility_tr_5925_1st_17580,0.0640411566436047,0.9430170049369172,0.9430170049369172,0.4460435372391964,0.1511725293132328,0.073836276083467,0.3824152542372881,0.5760675739089629,0.9430170049369172,0.9430170049369172,0.0452182626667501,0.9430170049369172,0.7872104154700363,0.4460435372391964,0.0498374864572047,0.0921787187462455,0.4304889540362265,0.5760675739089629,0.7872104154700363,0.7872104154700363,0.0381304793548959,0.9430170049369172,0.9430170049369172,0.4460435372391964,0.5760675739089629,0.104151598437726,0.7872104154700363,0.436402417348027,0.9430170049369172,0.9430170049369172,0.0173114486997898,0.9430170049369172,0.9430170049369172,0.3771066572005898,0.351244635193133,0.1689424714978377,0.7872104154700363,0.351244635193133,0.9430170049369172,0.9430170049369172,0.0708468256304582,0.9430170049369172,0.3668821345069454,0.4460435372391964,0.3983930778739184,0.107311907427733,0.7872104154700363,0.3266259874178137,0.9430170049369172,0.5760675739089629,0.0568622923893888,0.9430170049369172,0.5760675739089629,0.4460435372391964,0.5760675739089629,0.1253189597284985,0.7872104154700363,0.351244635193133,0.6338470614261486,0.9430170049369172,0.0473268516468948,0.9430170049369172,0.9430170049369172,0.4460435372391964,0.7872104154700363,0.1686210348953627,0.7872104154700363,0.351244635193133,0.6338470614261486,0.9430170049369172
196_SMD_id_19_Facility_tr_7174_1st_21230,0.0872589659522956,0.7638336347197106,0.7638336347197106,0.5176470588235296,0.065957863617745,0.2256055363321799,0.0397083366801431,0.7638336347197106,0.7638336347197106,0.7638336347197106,0.0675086595664058,0.7638336347197106,0.1375418771062971,0.5176470588235296,0.1828125,0.3313618990142828,0.2763779527559055,0.7638336347197106,0.6213504337985666,0.6213504337985666,0.0296296296296296,0.7638336347197106,0.7638336347197106,0.6202643171806166,0.2200626959247649,0.4000000000000001,0.1828125,0.7638336347197106,0.7638336347197106,0.7638336347197106,0.0572038143859526,0.0521159777914867,0.7638336347197106,0.6213504337985666,0.3410041841004184,0.3416290010146665,0.2501664816870144,0.6202643171806166,0.7638336347197106,0.7638336347197106,0.0713372316537569,0.7638336347197106,0.3757711038961038,0.5176470588235296,0.4110970996216897,0.3098758769562871,0.4138259833134683,0.7638336347197106,0.7638336347197106,0.4110970996216897,0.0493560860594609,0.7638336347197106,0.7638336347197106,0.5221260815822002,0.1978313124298915,0.2867684478371501,0.4455291639427617,0.7638336347197106,0.7638336347197106,0.2477419354838709,0.0465282284231018,0.7638336347197106,0.7638336347197106,0.536675844080568,0.4110970996216897,0.21501034108038,0.2867684478371501,0.7638336347197106,0.7638336347197106,0.7638336347197106
197_SMD_id_20_Facility_tr_5000_1st_15144,0.1919195807250104,0.2688029508968095,0.7045174995909346,0.1549749396416521,0.2480763631440636,0.2656933309015969,0.2443620563226803,0.2945047016828072,0.2021147869637579,0.7031040435966426,0.1763986020465268,0.3627649909684665,0.7995156879320289,0.1294669757455424,0.1878473916071558,0.2669186688174392,0.2259341542652362,0.2716981339192726,0.2212696780392927,0.6845710727491411,0.5056536860170772,0.3941707259284231,0.7010507163065972,0.1379074559249521,0.2445721320215395,0.379052273733779,0.3294103796648726,0.3661561650896459,0.2048753427135361,0.7727365924200605,0.5056536860170772,0.3435332273690963,0.7045174995909346,0.1273235346089747,0.3111587112691224,0.5111840898017553,0.3462413783068014,0.3026811239433051,0.1942536476530171,0.7010507163065972,0.1763986020465268,0.3267674353755906,0.6845710727491411,0.1405854561674686,0.306248642242089,0.2778816798555208,0.1870292407510013,0.2101133918466978,0.2007622198538866,0.7010507163065972,0.1763986020465268,0.3627649909684665,0.7010507163065972,0.1476163191203075,0.240035647677576,0.379052273733779,0.3421393647439404,0.2548614475089947,0.2038313423107442,0.7010507163065972,0.5056536860170772,0.3267674353755906,0.7010507163065972,0.1378362948813603,0.1736911518700259,0.4187326660190621,0.2972921935789388,0.2328611247258808,0.2007622198538866,0.7010507163065972
198_SMD_id_21_Facility_tr_5925_1st_17580,0.1292391799544419,0.5206812652068126,0.5701598579040852,0.1999005469915465,0.0901179542918001,0.0380901511546933,0.1297680511674501,0.5701598579040852,0.5701598579040852,0.5443037974683544,0.033456373203487,0.5354760460885386,0.5701598579040852,0.3330571665285832,0.3996023856858847,0.0363081928393904,0.5112325440194293,0.2855113636363636,0.1999005469915465,0.5443037974683544,0.0424232567455826,0.5702097404905795,0.5443037974683544,0.2498446239900559,0.133289124668435,0.0229817228897909,0.1297680511674501,0.5701598579040852,0.2220994475138122,0.5443037974683544,0.133346479984224,0.5530257639304973,0.5701598579040852,0.2855113636363636,0.0999751305645361,0.0356815704215212,0.5112325440194293,0.5701598579040852,0.3996023856858847,0.5443037974683544,0.1135897866621871,0.4753787878787879,0.5701598579040852,0.2498446239900559,0.2220994475138122,0.0222030480130435,0.1297680511674501,0.4436765722183828,0.3330571665285832,0.5443037974683544,0.0671566193266461,0.5701598579040852,0.5701598579040852,0.1249611439229095,0.1052356020942408,0.0305737624723841,0.1297680511674501,0.5701598579040852,0.2855113636363636,0.5443037974683544,0.0299220908216159,0.4791044776119403,0.5701598579040852,0.2855113636363636,0.3526315789473684,0.0270708094371636,0.1297680511674501,0.5701598579040852,0.3996023856858847,0.5443037974683544
199_SMD_id_22_Facility_tr_5925_1st_17580,0.0251680836231029,0.9430170049369172,0.9430170049369172,0.091798421303439,0.436402417348027,0.5760675739089629,0.5760675739089629,0.5760675739089629,0.5760675739089629,0.9430170049369172,0.0388028385315904,0.9430170049369172,0.161803084223013,0.0666006086217498,0.3509688433632095,0.5760675739089629,0.7872104154700363,0.5760675739089629,0.5760675739089629,0.5565994314335996,0.0406257033535899,0.9430170049369172,0.5760675739089629,0.1117383641984225,0.7872104154700363,0.5760675739089629,0.7872104154700363,0.5439762909944921,0.7872104154700363,0.9430170049369172,0.0285404679415759,0.9430170049369172,0.7872104154700363,0.1858175671158566,0.7872104154700363,0.0921787187462455,0.7872104154700363,0.5760675739089629,0.7872104154700363,0.9430170049369172,0.0792709705753184,0.9430170049369172,0.7872104154700363,0.1621001941229889,0.5760675739089629,0.5760675739089629,0.5760675739089629,0.5439762909944921,0.5760675739089629,0.6338470614261486,0.1232292200034135,0.9430170049369172,0.7872104154700363,0.2430158195893638,0.7872104154700363,0.5760675739089629,0.7872104154700363,0.5760675739089629,0.5760675739089629,0.9430170049369172,0.0319792177085034,0.9430170049369172,0.5760675739089629,0.2004843014209609,0.5760675739089629,0.5760675739089629,0.7872104154700363,0.5760675739089629,0.5760675739089629,0.9430170049369172
201_SMD_id_24_Facility_tr_7174_1st_21230,0.0502032614583427,0.6021382751247327,0.6021382751247327,0.382608695652174,0.0905824660951658,0.2942238267148014,0.0339670963571838,0.6021382751247327,0.6021382751247327,0.6021382751247327,0.0533400366088013,0.6021382751247327,0.4411488250652741,0.4418779454751536,0.1045212149316021,0.2273361227336122,0.2014347202295552,0.4418779454751536,0.6021382751247327,0.48496982187546,0.0502032614583427,0.6021382751247327,0.6021382751247327,0.5007233150814575,0.2041327489041953,0.357783896053712,0.2014347202295552,0.5092224231464737,0.6021382751247327,0.6021382751247327,0.0443516841785771,0.6021382751247327,0.6021382751247327,0.5092224231464737,0.2942238267148014,0.2564909520062942,0.2876770111479361,0.6021382751247327,0.6021382751247327,0.6021382751247327,0.0502032614583427,0.6021382751247327,0.6021382751247327,0.48496982187546,0.2942238267148014,0.2564909520062942,0.2014347202295552,0.6021382751247327,0.6021382751247327,0.3537606520933679,0.0733979380384194,0.6021382751247327,0.1695267810712428,0.4142336225323777,0.1852272727272727,0.2564909520062942,0.2014347202295552,0.6021382751247327,0.6021382751247327,0.6021382751247327,0.0455059487001904,0.6021382751247327,0.1295109612141652,0.48496982187546,0.2942238267148014,0.2273361227336122,0.2014347202295552,0.6021382751247327,0.6021382751247327,0.6021382751247327
202_SMD_id_25_Facility_tr_6250_1st_21230,0.0619957537154989,0.4201438848920863,0.4201438848920863,0.4201438848920863,0.0211058908565233,0.1631284916201117,0.0305574746240102,0.4201438848920863,0.4201438848920863,0.4201438848920863,0.0124929017603634,0.4201438848920863,0.1354988399071925,0.4201438848920863,0.0473257698541329,0.1354988399071925,0.1158730158730158,0.4201438848920863,0.2754716981132076,0.0174276335422262,0.0110700396596203,0.4201438848920863,0.4201438848920863,0.4201438848920863,0.1158730158730158,0.4201438848920863,0.4201438848920863,0.4201438848920863,0.4201438848920863,0.4201438848920863,0.0104216011369019,0.4201438848920863,0.4201438848920863,0.4201438848920863,0.0503014642549526,0.4201438848920863,0.1354988399071925,0.4201438848920863,0.4201438848920863,0.4201438848920863,0.0308831306187202,0.4201438848920863,0.0619957537154989,0.4201438848920863,0.0170560747663551,0.4201438848920863,0.0701904296875,0.4201438848920863,0.2754716981132076,0.4201438848920863,0.0073065426768515,0.4201438848920863,0.0910242203577647,0.4201438848920863,0.4201438848920863,0.4201438848920863,0.2754716981132076,0.4201438848920863,0.4201438848920863,0.4201438848920863,0.0077742279020234,0.4201438848920863,0.101213171577123,0.4201438848920863,0.101213171577123,0.2754716981132076,0.1158730158730158,0.4201438848920863,0.4201438848920863,0.4201438848920863
203_SMD_id_26_Facility_tr_7174_1st_21230,0.0366870483602001,0.6021382751247327,0.6021382751247327,0.5776495359900179,0.39540917098169,0.2002370229912301,0.3148714125978382,0.6021382751247327,0.2783301394055537,0.6021382751247327,0.0657427355745541,0.6021382751247327,0.357783896053712,0.4142336225323777,0.1351575456053068,0.39540917098169,0.5776495359900179,0.6021382751247327,0.357783896053712,0.5776495359900179,0.0344840908463724,0.6021382751247327,0.6021382751247327,0.4411488250652741,0.3005802864910928,0.3142857142857143,0.5776495359900179,0.6021382751247327,0.2591470454465941,0.6021382751247327,0.0661654135338345,0.6021382751247327,0.6021382751247327,0.5776495359900179,0.357783896053712,0.3005802864910928,0.5776495359900179,0.6021382751247327,0.2783301394055537,0.6021382751247327,0.0503220008986071,0.6021382751247327,0.3266969523221453,0.4418779454751536,0.147230625378142,0.3266969523221453,0.6021382751247327,0.6021382751247327,0.1291628334866605,0.4418779454751536,0.0427372836916623,0.6021382751247327,0.6021382751247327,0.5776495359900179,0.2273361227336122,0.2591470454465941,0.5776495359900179,0.6021382751247327,0.2591470454465941,0.6021382751247327,0.0380730850643157,0.6021382751247327,0.3005802864910928,0.5776495359900179,0.2564909520062942,0.2942238267148014,0.5776495359900179,0.6021382751247327,0.192730205812713,0.6021382751247327
204_SMD_id_27_Facility_tr_5000_1st_15144,0.1451091041164282,0.5218607868533995,0.7010507163065972,0.1923355671356869,0.1598202209996874,0.1465037834003087,0.3814702575432822,0.2057779107318225,0.3816246771902151,0.7023067387031694,0.179793330974655,0.5512717674846745,0.7727365924200605,0.1397719015335858,0.3232457371637307,0.1697556781675064,0.2664522675193571,0.1865004248668206,0.1991752920173819,0.7048199593861559,0.172982857089059,0.5265468596497005,0.7837602598754274,0.1241696618208735,0.3232457371637307,0.1516359420038368,0.2278860225104776,0.2652616320856681,0.1898870149838764,0.7837602598754274,0.172982857089059,0.5095977446370349,0.7837602598754274,0.1728497119512967,0.1707445523053322,0.1657239411731607,0.2117367238575102,0.1793089199842315,0.2636746976515105,0.7797171190598465,0.179793330974655,0.5512717674846745,0.7837602598754274,0.2560017948483863,0.3232457371637307,0.1451774015394366,0.2314172400458916,0.1542992209191059,0.4444801472260115,0.7837602598754274,0.179793330974655,0.5512717674846745,0.7837602598754274,0.2390544046001619,0.3232457371637307,0.1824055867481281,0.2477020480922627,0.2129479449265032,0.2649933534500953,0.7114154485797741,0.179793330974655,0.5557847203989357,0.7837602598754274,0.2211190924674546,0.341782611705774,0.1626531999434432,0.3139879500571278,0.1981256784061132,0.3939574156304916,0.7837602598754274
205_SMD_id_28_Facility_tr_5925_1st_17580,0.0523150496340844,0.9430170049369172,0.9430170049369172,0.4460435372391964,0.1211829373551992,0.0687899104412189,0.1405489585361105,0.2526445770734719,0.6338470614261486,0.9430170049369172,0.0397191254670817,0.9430170049369172,0.7872104154700363,0.4460435372391964,0.0249567992843928,0.0941194510465383,0.5760675739089629,0.2004843014209609,0.597714541788035,0.9430170049369172,0.0359723027258859,0.9430170049369172,0.9430170049369172,0.3771066572005898,0.436402417348027,0.2938951400526693,0.7872104154700363,0.2215484569572279,0.6192109777015438,0.9430170049369172,0.0567699323793049,0.9430170049369172,0.9430170049369172,0.4460435372391964,0.2938951400526693,0.2938951400526693,0.6192109777015438,0.2526445770734719,0.9430170049369172,0.9430170049369172,0.0427303421629712,0.9430170049369172,0.351244635193133,0.3771066572005898,0.5439762909944921,0.1190111488124091,0.5760675739089629,0.2004843014209609,0.3824152542372881,0.5760675739089629,0.0734486266531027,0.9430170049369172,0.9430170049369172,0.4460435372391964,0.5760675739089629,0.436402417348027,0.7872104154700363,0.2215484569572279,0.6192109777015438,0.2962461272425967,0.0485084654662725,0.9430170049369172,0.9430170049369172,0.4460435372391964,0.5760675739089629,0.5760675739089629,0.7872104154700363,0.2215484569572279,0.6192109777015438,0.9430170049369172
206_SMD_id_29_Facility_tr_6250_1st_21230,0.0282146274442454,0.4201438848920863,0.1354988399071925,0.4201438848920863,0.0151216986017607,0.0243130724396336,0.0154343770551208,0.4201438848920863,0.4201438848920863,0.4201438848920863,0.014559894109861,0.4201438848920863,0.0733668341708542,0.4201438848920863,0.0214077197534868,0.1068872571800353,0.0154130377408287,0.4201438848920863,0.4201438848920863,0.4201438848920863,0.0041471381905979,0.0619957537154989,0.4201438848920863,0.4201438848920863,0.0237154150197628,0.1134793763568186,0.014559894109861,0.4201438848920863,0.4201438848920863,0.4201438848920863,0.0041471381905979,0.0473257698541329,0.4201438848920863,0.4201438848920863,0.0161645848640705,0.0401927047487956,0.0193661971830985,0.4201438848920863,0.4201438848920863,0.4201438848920863,0.0168475951889128,0.4201438848920863,0.1042654028436019,0.4201438848920863,0.4201438848920863,0.0553976588467652,0.8309248554913294,0.4201438848920863,0.2754716981132076,0.1631284916201117,0.0104025650160313,0.1354988399071925,0.2239968835216205,0.4201438848920863,0.4201438848920863,0.016364988842053,0.014841168996188,0.4201438848920863,0.4201438848920863,0.1631284916201117,0.0075145166799499,0.4201438848920863,0.0222815719191148,0.4201438848920863,0.0575369458128078,0.0341438178996378,0.0575369458128078,0.4201438848920863,0.4201438848920863,0.4201438848920863
207_SMD_id_30_Facility_tr_7174_1st_21230,0.0196252224165692,0.6021382751247327,0.6021382751247327,0.2666666666666667,0.1128205128205128,0.1467940920938314,0.2591470454465941,0.6021382751247327,0.39540917098169,0.6021382751247327,0.0432163708884906,0.6021382751247327,0.6021382751247327,0.4142336225323777,0.1294117647058823,0.382608695652174,0.4418779454751536,0.4142336225323777,0.382608695652174,0.6021382751247327,0.0559741657696447,0.6021382751247327,0.6021382751247327,0.3615055415340721,0.3005802864910928,0.1467940920938314,0.5776495359900179,0.6021382751247327,0.3480840543881334,0.6021382751247327,0.0193529023350741,0.6021382751247327,0.6021382751247327,0.3206852915409325,0.3266969523221453,0.1123750430885901,0.5776495359900179,0.6021382751247327,0.4418779454751536,0.6021382751247327,0.0225929209086594,0.6021382751247327,0.39540917098169,0.4142336225323777,0.0808290155440414,0.39540917098169,0.5776495359900179,0.5092224231464737,0.39540917098169,0.3206852915409325,0.0343977369297214,0.6021382751247327,0.3206852915409325,0.382608695652174,0.382608695652174,0.2031429119929791,0.5776495359900179,0.6021382751247327,0.4418779454751536,0.6021382751247327,0.0371343918559598,0.6021382751247327,0.6021382751247327,0.3142857142857143,0.382608695652174,0.1911681077003423,0.5007233150814575,0.6021382751247327,0.357783896053712,0.6021382751247327
208_SMD_id_31_Facility_tr_5000_1st_15144,0.2799401179103941,0.6215902713567105,0.6898876055352924,0.2739547903496728,0.2509099562232439,0.232591795856094,0.5123432035894204,0.1889655200190728,0.169031776967947,0.6898876055352924,0.2262192058053343,0.4782333088738045,0.6898876055352924,0.1687196333461325,0.2046375829665934,0.2215672778255873,0.341838780527296,0.1732567935278531,0.3080884984347165,0.6898876055352924,0.2262192058053343,0.3325447017648705,0.6898876055352924,0.246165465563804,0.2210377750586145,0.2225012377511762,0.4263504262523435,0.2046100138591255,0.2304631981538981,0.6898876055352924,0.2262192058053343,0.3881190725838941,0.6898876055352924,0.188446065256453,0.2114332386619093,0.2300184771589399,0.3946808547934675,0.1892438873787049,0.1963035157324988,0.6898876055352924,0.1953817258218149,0.4260412484846573,0.6898876055352924,0.2325614406888174,0.2046375829665934,0.2691324720844242,0.4156612147573678,0.1518756233507187,0.1824165461706868,0.7023067387031694,0.2262192058053343,0.6727325908970202,0.6898876055352924,0.2123109182710877,0.2238532829568978,0.2628518647867164,0.396107430031648,0.1880334447112615,0.199046833056908,0.6898876055352924,0.2262192058053343,0.3688476795201334,0.6898876055352924,0.1984740278328364,0.2046375829665934,0.2505484144467673,0.4768458703459776,0.2143723680202574,0.2049094385595653,0.6898876055352924
209_SMD_id_32_Facility_tr_5925_1st_17580,0.0933056133056133,0.9430170049369172,0.9430170049369172,0.2526445770734719,0.2766283524904215,0.7872104154700363,0.0601867289096365,0.1416474317015192,0.1174378164208672,0.9430170049369172,0.0697530613735403,0.6192109777015438,0.9430170049369172,0.0609561166338228,0.472822527832351,0.7872104154700363,0.3824152542372881,0.1211829373551992,0.0836935662356945,0.9430170049369172,0.0636310471184809,0.6192109777015438,0.9430170049369172,0.0656851458608338,0.472822527832351,0.7872104154700363,0.472822527832351,0.1955050094773896,0.0777487842012091,0.9430170049369172,0.0549932043233447,0.6192109777015438,0.9430170049369172,0.161803084223013,0.472822527832351,0.7872104154700363,0.2766283524904215,0.1955050094773896,0.0777487842012091,0.9430170049369172,0.0552029971710375,0.6192109777015438,0.9430170049369172,0.0941194510465383,0.472822527832351,0.7872104154700363,0.3210315695864829,0.0941194510465383,0.0885964472899315,0.9430170049369172,0.04421852033317,0.9430170049369172,0.9430170049369172,0.0834739818272073,0.472822527832351,0.7872104154700363,0.2766283524904215,0.1039610966411225,0.0707855378212422,0.9430170049369172,0.0488481932906164,0.9430170049369172,0.9430170049369172,0.0684230477634571,0.472822527832351,0.7872104154700363,0.3210315695864829,0.201835943252663,0.0731875481491364,0.9430170049369172
211_SMD_id_34_Facility_tr_5925_1st_17580,0.0765212172466001,0.6338470614261486,0.9430170049369172,0.0716428362999708,0.0305647116510937,0.5760675739089629,0.7872104154700363,0.9430170049369172,0.351244635193133,0.9430170049369172,0.1077540671878301,0.3824152542372881,0.6338470614261486,0.104151598437726,0.7872104154700363,0.5760675739089629,0.7872104154700363,0.6338470614261486,0.5760675739089629,0.9430170049369172,0.0380792841492274,0.3824152542372881,0.9430170049369172,0.071209653511549,0.7872104154700363,0.5760675739089629,0.7872104154700363,0.9430170049369172,0.7872104154700363,0.9430170049369172,0.0364136749251929,0.2430158195893638,0.9430170049369172,0.1274369355341015,0.7872104154700363,0.5760675739089629,0.7872104154700363,0.9430170049369172,0.5760675739089629,0.9430170049369172,0.0618764348931884,0.3824152542372881,0.9430170049369172,0.1777842143374366,0.7872104154700363,0.5760675739089629,0.7872104154700363,0.5565994314335996,0.3824152542372881,0.9430170049369172,0.041806261136323,0.3824152542372881,0.9430170049369172,0.2166866746698679,0.7872104154700363,0.5760675739089629,0.7872104154700363,0.9430170049369172,0.5760675739089629,0.9430170049369172,0.042967673493094,0.3824152542372881,0.9430170049369172,0.0640008341588029,0.7872104154700363,0.5760675739089629,0.7872104154700363,0.7872104154700363,0.5760675739089629,0.9430170049369172
212_SMD_id_35_Facility_tr_5925_1st_17580,0.0584284211378166,0.5760675739089629,0.9430170049369172,0.1371466875209473,0.0462642573369217,0.1190111488124091,0.351244635193133,0.6338470614261486,0.6338470614261486,0.9430170049369172,0.0734486266531027,0.9430170049369172,0.6192109777015438,0.0813572801378487,0.0536517257127944,0.1116304446667273,0.5760675739089629,0.5565994314335996,0.9430170049369172,0.6338470614261486,0.0509814997881655,0.9430170049369172,0.3210315695864829,0.1777842143374366,0.1191969757124855,0.2526445770734719,0.5760675739089629,0.7872104154700363,0.6338470614261486,0.9430170049369172,0.0684230477634571,0.9430170049369172,0.4773476981173988,0.0813572801378487,0.351244635193133,0.0813572801378487,0.5760675739089629,0.5760675739089629,0.6338470614261486,0.7872104154700363,0.0402128125736348,0.9430170049369172,0.436402417348027,0.0907774734495489,0.1484580965050187,0.1051117390187516,0.5760675739089629,0.4773476981173988,0.4773476981173988,0.3828263483721552,0.0655888347016694,0.9430170049369172,0.9430170049369172,0.1371466875209473,0.15440703409822,0.1777842143374366,0.5565994314335996,0.7872104154700363,0.7872104154700363,0.9430170049369172,0.0368800122592838,0.9430170049369172,0.9430170049369172,0.1777842143374366,0.161803084223013,0.0778390717139052,0.5565994314335996,0.6338470614261486,0.6338470614261486,0.9430170049369172
213_SMD_id_36_Facility_tr_5925_1st_17580,0.0136877936975733,0.5760675739089629,0.9430170049369172,0.0616505196797071,0.0508101270312287,0.0404471800025122,0.3824152542372881,0.2962461272425967,0.0894426229508196,0.89196675900277,0.1511725293132328,0.5760675739089629,0.5822522055007784,0.2035048049745619,0.0579032548102859,0.0414920665572398,0.3210315695864829,0.3509688433632095,0.1780957079427725,0.3266259874178137,0.0460068208222463,0.5760675739089629,0.821376281112738,0.2983837546622461,0.0402275776707612,0.0612050940885763,0.6192109777015438,0.436402417348027,0.144171215478571,0.4460435372391964,0.1511725293132328,0.5760675739089629,0.89196675900277,0.2035048049745619,0.2938951400526693,0.0490778844688309,0.3983930778739184,0.5565994314335996,0.1174378164208672,0.5760675739089629,0.0623873419115622,0.5760675739089629,0.9430170049369172,0.0396410284644607,0.0390378811583377,0.0437693871002246,0.6192109777015438,0.351244635193133,0.0997479089801165,0.9430170049369172,0.1527619218841296,0.5760675739089629,0.5739750445632799,0.0474592909820475,0.0276393110435663,0.0404471800025122,0.4691981074851389,0.351244635193133,0.0894426229508196,0.89196675900277,0.0436196563097575,0.5760675739089629,0.89196675900277,0.0132932075402027,0.0355682545938223,0.0649062688973997,0.3824152542372881,0.3509688433632095,0.0746125326688142,0.89196675900277
214_SMD_id_37_Facility_tr_5925_1st_17580,0.1085876932270289,0.9430170049369172,0.9430170049369172,0.5760675739089629,0.076989234898554,0.1136452658777834,0.1956646170411719,0.5760675739089629,0.6192109777015438,0.9430170049369172,0.0255855252922856,0.9430170049369172,0.436402417348027,0.5760675739089629,0.0663603438023677,0.0957977830496247,0.3266259874178137,0.5760675739089629,0.472822527832351,0.7872104154700363,0.0194468304415048,0.9430170049369172,0.7872104154700363,0.5760675739089629,0.2938951400526693,0.099712639528671,0.436402417348027,0.5760675739089629,0.6192109777015438,0.7872104154700363,0.0548923679060665,0.9430170049369172,0.9430170049369172,0.5760675739089629,0.0460068208222463,0.1136452658777834,0.436402417348027,0.5760675739089629,0.472822527832351,0.9430170049369172,0.0462577215917253,0.9430170049369172,0.7872104154700363,0.5760675739089629,0.0448602229124794,0.1085876932270289,0.5760675739089629,0.5760675739089629,0.2742255543148827,0.9430170049369172,0.0376124284546197,0.9430170049369172,0.9430170049369172,0.5760675739089629,0.0448602229124794,0.1481452875930574,0.436402417348027,0.5760675739089629,0.5822522055007784,0.9430170049369172,0.0616619037151022,0.9430170049369172,0.9430170049369172,0.5760675739089629,0.0813572801378487,0.1396654598410226,0.5760675739089629,0.5760675739089629,0.472822527832351,0.9430170049369172
215_SMD_id_38_Facility_tr_5925_1st_17580,0.0522642428177244,0.821376281112738,0.2766283524904215,0.1484580965050187,0.0417394852266158,0.1160771704180064,0.0661596261339686,0.2646691139994047,0.5760675739089629,0.3668821345069454,0.0346434524246313,0.821376281112738,0.1160771704180064,0.0355438691465913,0.0601867289096365,0.1405489585361105,0.7872104154700363,0.2323086301489157,0.5760675739089629,0.2430158195893638,0.0189847296739579,0.821376281112738,0.3210315695864829,0.0552029971710375,0.2526445770734719,0.1232292200034135,0.6192109777015438,0.2562862307548463,0.5760675739089629,0.2962461272425967,0.0361351139041633,0.821376281112738,0.3060294350371894,0.0687899104412189,0.0813572801378487,0.1097097705515879,0.7872104154700363,0.2938951400526693,0.5760675739089629,0.4060892068808037,0.0288504614281874,0.821376281112738,0.1777842143374366,0.0794320583895026,0.0778390717139052,0.1635334088335221,0.6192109777015438,0.2562862307548463,0.5760675739089629,0.2166866746698679,0.0132932075402027,0.821376281112738,0.1780957079427725,0.07290041279125,0.436402417348027,0.2166866746698679,0.351244635193133,0.2938951400526693,0.5760675739089629,0.4060892068808037,0.0285404679415759,0.821376281112738,0.2166866746698679,0.0937532363602128,0.1777842143374366,0.2430158195893638,0.6192109777015438,0.2258252320536057,0.5760675739089629,0.3075043227665706
216_LTDB_id_1_Medical_tr_500_1st_266,0.2786079287693624,0.3218418597170978,0.273727757636166,0.2236464754553434,0.2151251659306662,0.244737109633543,0.6732007263527474,0.0851876447808842,0.1934379246596395,0.2534223893044786,0.2486751657992501,0.247010476899323,0.256580813919336,0.2176406366777037,0.2817255314175101,0.2298905616192884,0.2548822413851822,0.2088129603338803,0.2593230912080365,0.2738906936151141,0.3602052168446553,0.2303834634670858,0.2807317409056331,0.2378364442522526,0.2007477560018442,0.2439887634282089,0.6732007263527474,0.1734011189917125,0.2003150897111301,0.2464173463260441,0.3602052168446553,0.2217666019441352,0.2399954995145296,0.2094417257149107,0.2251616355762273,0.2417496029604398,0.255363415397196,0.1847631518988819,0.2615524407872325,0.3290911278411001,0.3602052168446553,0.235375195554618,0.2330694839479865,0.2365837370507109,0.250493768285102,0.241815267087253,0.2551903486439897,0.1788192534820203,0.1990824078826806,0.2493013574949437,0.3602052168446553,0.248683601745274,0.2469595056996232,0.2281591514948164,0.2646417563332207,0.2482194753569436,0.255629408575046,0.140732627309333,0.1913495242407131,0.2502463086368444,0.2422252567637277,0.2306449551349579,0.2194781486491212,0.2342950222231438,0.28765130826865,0.2463790565653348,0.2558031206094761,0.1603473188788221,0.2846966460559083,0.2778701994542343
218_LTDB_id_3_Medical_tr_500_1st_266,0.273124290233553,0.2869911510628358,0.2653567884358647,0.2506317474378136,0.2562196432851821,0.252751071556601,0.22260352836677,0.0487885853358515,0.1677674113460711,0.2655936319040272,0.3450289668069721,0.2283014186203557,0.2312174846733959,0.2109395530020886,0.267285842863635,0.2467580840881251,0.4060611004737967,0.2413794674550053,0.2853797542310738,0.2686408567264884,0.272230322109836,0.2579399204705563,0.2067260401841601,0.2655194356289806,0.2675311232380152,0.2387923554487286,0.22260352836677,0.0850110721674538,0.2002025900067691,0.3121364885557994,0.3181108140249037,0.2816173115227631,0.2127883895801218,0.2281429513360043,0.2688739767097579,0.2390278025869291,0.4060611004737967,0.1001642176452008,0.2191475717976733,0.2743070226771765,0.3181108140249037,0.2837426910684421,0.2630458683263504,0.2353557242131291,0.2508033314646235,0.2483315898082129,0.4060611004737967,0.0863123327192157,0.1933776144035452,0.2664968292117135,0.3181108140249037,0.2553632695215731,0.2671810333126968,0.226600806661449,0.2569489261949245,0.2462156292334254,0.221063206547095,0.068314607518708,0.1860912064408569,0.2439378187242165,0.2904938796453084,0.246591044499999,0.1728938462882559,0.2436248869279779,0.2580915965088847,0.2464226270005417,0.4060611004737967,0.056680896938791,0.1755929399289217,0.257602126520853
219_LTDB_id_4_Medical_tr_3618_1st_3718,0.3027169610124112,0.2879115181090851,0.4327132994798657,0.2648297413815653,0.2624371790433688,0.1922576292302542,0.2759695507468259,0.4336623162452475,0.4085895810676593,0.5251884819690232,0.3445680449666645,0.2629798969030053,0.4434149277421788,0.2164969257478959,0.246928105029001,0.2493367650726131,0.5436366466501668,0.431197584049295,0.4083542194781969,0.4655043103586548,0.7165530516433706,0.2779150656796113,0.4921978803663831,0.2133621006848831,0.2625579091495921,0.2328764307477829,0.5436366466501668,0.4415732579495667,0.4223169618517229,0.4855416559615468,0.7165530516433706,0.2768696143375475,0.4927128887805237,0.2063403363905543,0.2224759677861412,0.594645240492671,0.2759695507468259,0.4227784795026629,0.4191034620026374,0.4845818972826619,0.4488389870904953,0.2855583734882442,0.4662599378553678,0.2460184147114433,0.374165142053826,0.2386929700168967,0.5436366466501668,0.4354755660149063,0.4290298553863368,0.4810719836256792,0.6369280436728681,0.294925277724876,0.4696292820885023,0.2290672665532406,0.2403130933837915,0.2315837337157919,0.2759695507468259,0.4262200382356159,0.4377555211657457,0.4751059286471927,0.2705426653805714,0.2687953671801341,0.5486110784082134,0.2175342063792821,0.2261514209311896,0.2265395079058498,0.2759695507468259,0.427155315365806,0.4383529403056391,0.5023195332209835
220_LTDB_id_5_Medical_tr_500_1st_26,0.4219000642471244,0.4652541675968528,0.3484010031424682,0.4740517323661471,0.4344379536575992,0.4494174710632918,0.7753568868247116,0.3278561749558059,0.3377783150501023,0.3517792851645011,0.6016674553479204,0.4488963321130067,0.3743104557879372,0.4117516250410573,0.4236318319302576,0.4630049171073351,0.3151292733127327,0.3611707079342393,0.3225471246830901,0.3688353802224327,0.498945502266385,0.4567813541071884,0.3557140608121498,0.4108302373834125,0.4236318319302576,0.4375937157051601,0.7701156092545541,0.33534875108743,0.3358155708022499,0.358659768262895,0.6163168734740126,0.4551966452822888,0.3725971654679876,0.4107075153380504,0.4236318319302576,0.5444322045186062,0.3151292733127327,0.3385149550868139,0.3321625249088974,0.3549000094697513,0.7014108168388058,0.4447442527258547,0.3547606191889359,0.433273240601936,0.4236318319302576,0.4560067971414566,0.7753568868247116,0.3335877952257356,0.3319140422451846,0.3546035464074262,0.7014108168388058,0.44436862209172,0.3784120713276384,0.4478796120902765,0.4236318319302576,0.4633217611744517,0.7753568868247116,0.3339059424593792,0.3335570301623883,0.3584046699760175,0.4569137260141419,0.4331531160572993,0.3742905095672029,0.4355630011595636,0.4284292212566085,0.4479034583188143,0.7753568868247116,0.3394845781430611,0.3398083655008875,0.3582600219734219
221_LTDB_id_6_Medical_tr_500_1st_26,0.4324419875952977,0.4297115623947589,0.4374270227228677,0.4471412748289916,0.4444001097847361,0.4629862023314825,0.4936922306602083,0.4480831981121808,0.4390610265067173,0.4642294671802515,0.4103373200794618,0.4198719471517406,0.4466264316554646,0.4604291904437608,0.461484172211385,0.456820031064264,0.4764922144335641,0.4470834924519333,0.4473986496613485,0.4636961814426061,0.4101576689137799,0.4123517284273245,0.448333517962199,0.4424528183589654,0.4401806485264223,0.4341763747732545,0.4602866049117288,0.433223687129465,0.4478469654917403,0.4223687938780467,0.399358241964852,0.4738142436848619,0.4628820394139116,0.4384242893374556,0.461484172211385,0.4357599925001685,0.4819099916143502,0.4386565673478194,0.4572727262580534,0.4616521485729603,0.4026400073323811,0.4225830549883757,0.4491235630132926,0.4480271422952396,0.4592156254125913,0.417868594030914,0.4771296617648635,0.4257911776716828,0.4566995146284696,0.4234644231190604,0.4329872710841298,0.4181136078967422,0.4183915253131033,0.4449711558694754,0.4606351151617494,0.4476642726047173,0.6460420896869896,0.4307394952982221,0.4636585597158376,0.4540266136004369,0.4136273153708215,0.4246878214339226,0.4657796061281962,0.4457610823680699,0.4474150134846734,0.4255431492299875,0.4758618001036472,0.4523950916759068,0.4669400261578564,0.4224333319780562
222_LTDB_id_7_Medical_tr_3618_1st_3718,0.4306165006057883,0.267976797115776,0.568390104968515,0.2379776512709369,0.2176756425798949,0.2471863676969561,0.2744203103044192,0.2520472792646155,0.4803343565612231,0.4619071758203166,0.2377557868313154,0.2456627701088848,0.4505773123068406,0.2255044564188951,0.2504025472429043,0.255820614650954,0.2744203103044192,0.4034769333731394,0.4232358968998559,0.4981599609740932,0.5939140582274032,0.2515508097090688,0.5416214865498725,0.2270706798161118,0.2529079650495362,0.6113174443021031,0.2744203103044192,0.4314142642158046,0.4848973789694649,0.507717714374526,0.2527204998811154,0.2587233226538597,0.3129149263388043,0.2231236146732109,0.2349702174099485,0.6113174443021031,0.2744203103044192,0.4340992170129783,0.485542174969083,0.5219439330257796,0.4306165006057883,0.2670710151337225,0.5601003120304104,0.2293995732184029,0.2765712563075376,0.2474049912326802,0.2744203103044192,0.3909700906567873,0.4533372018663432,0.5143881491478174,0.5939140582274032,0.2783938736039554,0.5359275246331645,0.2230049956166649,0.2572172277568518,0.6113174443021031,0.6229801104631755,0.4223980707407055,0.4655915359493814,0.5346693481481545,0.5939140582274032,0.2717376386570677,0.5273289138651358,0.2276008136832698,0.2427868853828499,0.2383634206752145,0.6229801104631755,0.4343453126779684,0.4856907742218669,0.4766925431132809
223_LTDB_id_8_Medical_tr_4456_1st_4556,0.2633089025672154,0.4220306748839871,0.4240836911383312,0.2590763875581633,0.26310876088267,0.2899285757405509,0.2232482577184587,0.2641341598376086,0.3521555263238848,0.4221227271652322,0.2846665461230997,0.2840909417474899,0.4091649779336218,0.2735974362444284,0.2623743133203225,0.5061195046101915,0.2263428395128095,0.2496466821454681,0.3442368314916562,0.4593956155267714,0.2473396999289466,0.3187566157827541,0.4918079389500679,0.2800852202120147,0.2665932728808065,0.5061195046101915,0.2331806023869952,0.2487933741278225,0.3631665627742504,0.4985237088970783,0.2609747129420297,0.3224497488895641,0.5099378209728548,0.2760917445797702,0.264388508563055,0.2861988929529093,0.5718115069948542,0.2440126325195487,0.3699758221902764,0.5098700540079912,0.2715281268809786,0.4220306748839871,0.534252837199206,0.2717365919313535,0.2922686882554985,0.2793564754918467,0.2263808009702574,0.2405065162630859,0.3523558536906569,0.5035387863084659,0.3544500211620334,0.4220306748839871,0.3977654931047852,0.2778092754683072,0.2669331428451686,0.3055400366407824,0.5718115069948542,0.2403724380696131,0.3451978249490114,0.4639649498804288,0.2500996738272038,0.283700913832931,0.5372924502257278,0.2620570528008064,0.2741716079674262,0.5061195046101915,0.2259477215701594,0.2406911812551957,0.3814666296208289,0.4607742201735513
224_LTDB_id_9_Medical_tr_4456_1st_4556,0.2780587436438825,0.2234807714677169,0.3789191391658528,0.2513133942864132,0.2525053580621298,0.2832199410517486,0.2621030874673982,0.5079965225553128,0.3943303899441468,0.2517136825770389,0.242831546222547,0.2281348251239757,0.2809325980391061,0.2833761485910869,0.2884637973075227,0.292849401271869,0.2738968161211283,0.4977188972006179,0.3820909263230452,0.3584222667417331,0.3224910047972698,0.2331008149339745,0.374949498528569,0.2912081575130588,0.25427702382091,0.2695982405452309,0.2683066870406861,0.5152696215157262,0.4065014050891611,0.4168561652109582,0.2475608839048279,0.2303492913293177,0.2933859639384529,0.3108877789974557,0.2505014586608768,0.2739019083086045,0.435701642000329,0.5198488173669548,0.3652280664925749,0.4128103594236468,0.2487065159078542,0.2280133322415232,0.4316667015838488,0.333960377578361,0.3284835941026384,0.265911183763777,0.435701642000329,0.5268232973827375,0.4577143239605297,0.3269774923602665,0.2648950560616242,0.2324202510098273,0.3371562494473404,0.3302315903048097,0.2695827926353546,0.2747665056573264,0.2605823989614187,0.5060864902158395,0.4418643780129926,0.3595341532533899,0.2546927270616383,0.2314978809746951,0.4594271532662272,0.2746140271147386,0.247830110289993,0.2665437523664751,0.435701642000329,0.520661933753354,0.4323078547815884,0.2234125643598133
225_MGAB_id_1_Synthetic_tr_25000_1st_38478,0.0082157528130023,0.0521512385919165,0.1520912547528517,0.0568181818181818,0.0692041522491349,0.0944073884043099,0.0392658984208279,0.1520912547528517,0.1520912547528517,0.0082270670505964,0.0072855613420675,0.0087469932210802,0.0239731623619428,0.0186878989274198,0.012654223347042,0.0154164749194661,0.008019246190858,0.1520912547528517,0.1226993865030675,0.1520912547528517,0.0114832535885167,0.0369685767097966,0.0940229173118612,0.0332640332640332,0.0624024960998439,0.0723202755058114,0.0138325649751492,0.1520912547528517,0.1226993865030675,0.1520912547528517,0.0194358063083074,0.0253920241980418,0.1520912547528517,0.0197335964479526,0.0369685767097966,0.0233644859813084,0.0341588385994876,0.1520912547528517,0.1226993865030675,0.1520912547528517,0.0105760187309067,0.0331125827814569,0.0369405981554035,0.0273972602739726,0.1520912547528517,0.1769911504424778,0.0884955752212389,0.0884955752212389,0.0624024960998439,0.1226993865030675,0.0079172270778492,0.1520912547528517,0.0067778342755151,0.0361010830324909,0.1226993865030675,0.1226993865030675,0.0242571255306246,0.1520912547528517,0.1226993865030675,0.1520912547528517,0.0106486265295294,0.0369685767097966,0.1520912547528517,0.0447928331466965,0.0418410041841004,0.1520912547528517,0.0418410041841004,0.1520912547528517,0.0884955752212389,0.1520912547528517
226_MGAB_id_2_Synthetic_tr_20000_1st_45134,0.0196078431372549,0.0119712612013728,0.2247191011235955,0.0985221674876847,0.036697247706422,0.0075235109717868,0.010050685882794,0.0852878464818763,0.0900900900900901,0.2247191011235955,0.0165289256198347,0.0082202054732673,0.0444444444444444,0.0272108843537415,0.0081887972704009,0.010351966873706,0.0062711683489732,0.0322061191626409,0.108695652173913,0.2247191011235955,0.0105680638266312,0.0294985250737463,0.2247191011235955,0.0322061191626409,0.0182481751824817,0.0182481751824817,0.0106853415412419,0.1851851851851851,0.2247191011235955,0.2247191011235955,0.0097484192140902,0.0343053173241852,0.2247191011235955,0.0595238095238095,0.0279329608938547,0.010351966873706,0.0112459358111699,0.0985221674876847,0.2247191011235955,0.2247191011235955,0.0245575183551096,0.0508905852417302,0.2247191011235955,0.0240963855421686,0.0380228136882129,0.0508905852417302,0.0164571428571428,0.0354609929078014,0.1851851851851851,0.2247191011235955,0.0165325423646398,0.0769230769230769,0.2247191011235955,0.0630914826498422,0.0464037122969837,0.108695652173913,0.0117863857889862,0.036697247706422,0.2247191011235955,0.2247191011235955,0.017244294167371,0.0829875518672199,0.2247191011235955,0.0671140939597315,0.0252525252525252,0.0485436893203883,0.0151057401812688,0.2247191011235955,0.2247191011235955,0.2247191011235955
227_MGAB_id_3_Synthetic_tr_25000_1st_44340,0.0123076923076923,0.0163991101570926,0.3084832904884318,0.1520912547528517,0.2056555269922879,0.0512382578992314,0.0160384923817161,0.1520912547528517,0.1520912547528517,0.245398773006135,0.0048342541436464,0.0112392261342884,0.1456403704886617,0.1653593251157578,0.0739371534195933,0.0405107881990312,0.0283087377129963,0.03421196543804,0.0481927710843373,0.1769911504424778,0.0481927710843373,0.0176471403044616,0.1520912547528517,0.1677746608769165,0.1520912547528517,0.0123952627006264,0.1226993865030675,0.0517924505919476,0.0624024960998439,0.1274830869996122,0.0286327845382963,0.0804195804195804,0.2272727272727272,0.1520912547528517,0.2400150715900528,0.0361010830324909,0.0225352112676056,0.0614183097912548,0.0884955752212389,0.2294272201786652,0.0071614427920078,0.0217627856365614,0.1769911504424778,0.1520912547528517,0.0568181818181818,0.0223066160489823,0.1043024771838331,0.172956828672278,0.0489356613250418,0.3084832904884318,0.010463172570075,0.0624024960998439,0.1520912547528517,0.1520912547528517,0.1520912547528517,0.0787918581746552,0.1226993865030675,0.2735954663121808,0.1226993865030675,0.3084832904884318,0.0164541341011929,0.0367912878832425,0.2056555269922879,0.1520912547528517,0.1520912547528517,0.0698689956331877,0.0250886039153427,0.1520912547528517,0.0884955752212389,0.3499485435589959
228_MGAB_id_4_Synthetic_tr_25000_1st_38948,0.019650947285311,0.0145908922837025,0.1520912547528517,0.0836820083682008,0.1520912547528517,0.0287459575997125,0.0134839035900893,0.1520912547528517,0.0277588450337691,0.1520912547528517,0.019650947285311,0.0161632159861451,0.1520912547528517,0.1520912547528517,0.0252206809583858,0.0097606223992823,0.0089206066012488,0.0158112562266114,0.0624024960998439,0.1520912547528517,0.019650947285311,0.061506448256672,0.0776699029126213,0.0884955752212389,0.0692041522491349,0.0568181818181818,0.1028277634961439,0.1226993865030675,0.0485142510612492,0.1226993865030675,0.019650947285311,0.0358963899653273,0.1520912547528517,0.0481927710843373,0.0447928331466965,0.0081218274111675,0.0132034989272157,0.0547945205479452,0.0341598961007581,0.1028277634961439,0.019650947285311,0.0105761320790113,0.1520912547528517,0.0252206809583858,0.1226993865030675,0.0104253050586423,0.026263952724885,0.1520912547528517,0.0223409682876399,0.1520912547528517,0.019650947285311,0.0369685767097966,0.1520912547528517,0.0568181818181818,0.0776699029126213,0.0091785222579164,0.0085598116841429,0.0284195035264063,0.0568181818181818,0.1520912547528517,0.019650947285311,0.0349344978165938,0.1520912547528517,0.0568181818181818,0.0447928331466965,0.0776699029126213,0.0089948279739149,0.1520912547528517,0.0776699029126213,0.1520912547528517
229_MGAB_id_5_Synthetic_tr_25000_1st_33098,0.0095028763414458,0.0117615646616422,0.2836574142793528,0.0934579439252336,0.2005246589716684,0.0113281337798655,0.0096180966997434,0.2492175273865415,0.0726947656725502,0.2836574142793528,0.0117309348013325,0.0074475224476107,0.0262363052252944,0.0464015151515151,0.0276179516685845,0.0387334767906547,0.0140426897769218,0.144927536231884,0.07380073800738,0.1680672268907563,0.0141413134564933,0.0134664873790843,0.2836574142793528,0.1273885350318471,0.1264223339507806,0.0292246520874751,0.0130338863132252,0.0858369098712446,0.0858369098712446,0.2836574142793528,0.0097536431018133,0.0097713467811908,0.2836574142793528,0.1802897513861563,0.1826785202179524,0.0304329448704788,0.0142719601291272,0.0599548221120662,0.144927536231884,0.2836574142793528,0.0053933562822647,0.00971091018777,0.2222351436213513,0.0853069844622115,0.144927536231884,0.0263123547991333,0.0082615734949643,0.1441828881846989,0.1190876799401757,0.2836574142793528,0.006660885998733,0.0431989660086386,0.2005246589716684,0.1014331210191082,0.2836574142793528,0.0613174301978856,0.0151596526250722,0.0892193308550185,0.1680672268907563,0.2836574142793528,0.012202562538133,0.0519480519480519,0.2836574142793528,0.2836574142793528,0.144927536231884,0.076041038020519,0.0609756097560975,0.2836574142793528,0.1680672268907563,0.2836574142793528
231_MGAB_id_7_Synthetic_tr_25000_1st_35544,0.0094952104002942,0.0162503456394131,0.289855072463768,0.144927536231884,0.1680672268907563,0.0248799650807507,0.0146287943435328,0.3076923076923077,0.1680672268907563,0.289855072463768,0.019047619047619,0.0086819333015685,0.1680672268907563,0.1680672268907563,0.144927536231884,0.0200774791107978,0.008288272316284,0.07380073800738,0.0367379536782323,0.289855072463768,0.0679790109871901,0.0495049504950495,0.289855072463768,0.07380073800738,0.1680672268907563,0.0132601917992028,0.0495049504950495,0.1680672268907563,0.1273885350318471,0.3821656050955414,0.0185414091470951,0.0229007633587786,0.289855072463768,0.0695652173913043,0.1680672268907563,0.0546448087431694,0.0689655172413793,0.1680672268907563,0.1680672268907563,0.289855072463768,0.007257176180911,0.0261437908496732,0.1680672268907563,0.1680672268907563,0.0465116279069767,0.0174672489082969,0.0647249190938511,0.2051282051282051,0.07380073800738,0.2547770700636942,0.0096310300618975,0.4102564102564102,0.1869158878504672,0.1680672268907563,0.144927536231884,0.0519480519480519,0.1025641025641025,0.1680672268907563,0.1273885350318471,0.289855072463768,0.007813218126666,0.2803738317757009,0.289855072463768,0.1025641025641025,0.2051282051282051,0.0307219662058371,0.07380073800738,0.289855072463768,0.1025641025641025,0.289855072463768
232_MGAB_id_8_Synthetic_tr_25000_1st_32708,0.0197628458498023,0.0190311950308689,0.2774566473988439,0.1587301587301587,0.1680672268907563,0.0129292367579591,0.0152667833354717,0.3710454824292349,0.0452488687782805,0.3710454824292349,0.032626427406199,0.0546448087431694,0.0716492933954101,0.1680672268907563,0.0858369098712446,0.0123052479693908,0.024330900243309,0.0584652862362971,0.1136363636363636,0.2307860023983429,0.0191220900475941,0.023686685733379,0.3710454824292349,0.1771992968946178,0.1273885350318471,0.0147536332398095,0.0236331442199978,0.1273885350318471,0.0934579439252336,0.3710454824292349,0.0067180333970117,0.0498132004981319,0.2272727272727272,0.1530228851189798,0.2547770700636942,0.0155234317516693,0.0564971751412429,0.2051282051282051,0.065252854812398,0.3710454824292349,0.0275103163686382,0.1587301587301587,0.1869158878504672,0.1514195583596214,0.090497737556561,0.0403770055399669,0.0321500334896182,0.2547770700636942,0.1025641025641025,0.2051282051282051,0.0074560632500546,0.2068965517241379,0.3710454824292349,0.0689655172413793,0.0945626477541371,0.0284959886259774,0.0374181478016838,0.3710454824292349,0.0576368876080691,0.3710454824292349,0.0348396214855452,0.3409090909090909,0.2984843144166373,0.0609756097560975,0.1152737752161383,0.0226348735157459,0.0238521168753726,0.289855072463768,0.0647249190938511,0.3710454824292349
233_MGAB_id_9_Synthetic_tr_25000_1st_41300,0.0113971295131505,0.0186322934399892,0.289855072463768,0.1716738197424892,0.2547770700636942,0.0092325630594364,0.014627659574468,0.3821656050955414,0.144927536231884,0.289855072463768,0.0113971295131505,0.0107265994125909,0.0555654974946313,0.0235849056603773,0.0111669458403126,0.0387972841901066,0.0291487019539491,0.144927536231884,0.0858369098712446,0.3076923076923077,0.0218102508178844,0.1480894872302514,0.3821656050955414,0.0934579439252336,0.0465934941799644,0.0095870127933359,0.0118709575642845,0.3076923076923077,0.1136363636363636,0.3821656050955414,0.0268817659337139,0.0743021754246548,0.289855072463768,0.0495049504950495,0.074487895716946,0.0085480196546022,0.0141651419465265,0.289855072463768,0.1680672268907563,0.3821656050955414,0.0347826086956521,0.0479770460596195,0.2547770700636942,0.0416666666666666,0.07380073800738,0.0108805212853318,0.0609756097560975,0.3821656050955414,0.2214022140221402,0.2803738317757009,0.0113971295131505,0.2565842862412393,0.1136363636363636,0.0772200772200772,0.0498132004981319,0.0094790716370295,0.0181787975463944,0.3076923076923077,0.3409090909090909,0.3076923076923077,0.0163589623743865,0.3821656050955414,0.3821656050955414,0.07380073800738,0.1025641025641025,0.0095957157371699,0.0139072853820564,0.3821656050955414,0.1680672268907563,0.3821656050955414
234_SED_id_1_Medical_tr_3740_1st_3840,0.1603704661693401,0.4352276199205622,0.0905635674783522,0.5686024329875566,0.6034584116211719,0.207835611939009,0.3399797442714267,0.0668824163969795,0.0844954933980152,0.1517041567743752,0.1603704661693401,0.2067996957106911,0.0985054968081842,0.6650863926654389,0.5826749400995269,0.1646167167030727,0.2288138223578708,0.0964587871726024,0.1082448267211768,0.2413646065222919,0.1603704661693401,0.3081981393542464,0.1374408435751174,0.608553283550841,0.608567847606592,0.2776994101051551,0.2979391069500666,0.1159553875933265,0.0801118564881056,0.1542449773169151,0.1603704661693401,0.2843052248316352,0.1238792048375304,0.5978500496448367,0.6315130912727769,0.2802818476680461,0.3501719158031871,0.0743405275779376,0.0863899437667169,0.1752416014726185,0.1797290132754704,0.2182532505375696,0.4680809975722798,0.621296949893548,0.5823958434810846,0.1949301898178626,0.36,0.0743405275779376,0.1231741565138392,0.5241718702035186,0.1603704661693401,0.3765182186234818,0.1232757572828359,0.5730091756898456,0.6156849080831349,0.3689954046939098,0.449366434713908,0.0772104607721046,0.1725419470349408,0.2137191847213853,0.1603704661693401,0.2972123805067184,0.1109868889114747,0.5730091756898456,0.621500491864146,0.2902299022660853,0.4713638410446921,0.0691964285714285,0.1725419470349408,0.0920964598214891
236_SED_id_3_Medical_tr_3740_1st_3840,0.1720123873689208,0.4759222711829062,0.1636255754004804,0.612323202952774,0.5448625413370027,0.1837303808019343,0.2147874794690344,0.0598643075695091,0.0839884586434724,0.111088550238314,0.1053280659052361,0.1810525852875534,0.0516232980886449,0.5436557446763645,0.5281776228145671,0.1461416714556228,0.1676292501164415,0.1097014925373134,0.0744196385446706,0.1039742848735213,0.1053280659052361,0.3760464164001889,0.114642287041068,0.5195882556776117,0.5642079447995492,0.1806421089204793,0.1867140966889309,0.0648695401470376,0.0755009195624818,0.1231475864459658,0.1720123873689208,0.2138397706896326,0.118817676324261,0.5301702114223165,0.5588235347372671,0.2072511989910221,0.2408628585102662,0.0595548790297362,0.0541488090527414,0.1376329338759358,0.1720123873689208,0.1970993784382368,0.4895399341849609,0.5463290330756678,0.4709432097869055,0.1653405227432688,0.2631839657974815,0.0555761393108558,0.0895831939519636,0.5786533064396119,0.1720123873689208,0.3531988683033677,0.1636255754004804,0.5205368139347527,0.5579155757418665,0.2077878923781425,0.2813414662987337,0.0644400607668412,0.092497430626927,0.1365716820523634,0.1053280659052361,0.2336123964430826,0.1636255754004804,0.5386796663119227,0.5543924031604928,0.1944303825968475,0.3954635765197588,0.062266500622665,0.0755009195624818,0.1605357182984652
237_SVDB_id_1_Medical_tr_11587_1st_11687,0.3183147509235137,0.207041360558572,0.4332703536730568,0.1798265782582898,0.3356871387829517,0.8716377850676463,0.1465634999190062,0.4478428889127689,0.4592752009385931,0.4422686814940285,0.1572695358437784,0.1561573346698359,0.4389247359539934,0.2684659793034313,0.2165511932336191,0.3817362421389925,0.2651775055563733,0.4357541200792305,0.3759991281607525,0.4795459248021056,0.3183147509235137,0.1864714050974577,0.441530836733728,0.2404196369031495,0.160856305412728,0.6476584230296523,0.6604972909295588,0.4508748435933541,0.4410887838383649,0.4525713150101187,0.15379706802741,0.1920234421019656,0.4447039709029581,0.1877635600100931,0.1524574106102109,0.5139210357115342,0.2603466399864742,0.4505934831081912,0.4355834492221574,0.4596198127495358,0.1062929207744572,0.1841996087067409,0.4389247359539934,0.2688664576632859,0.2049835244237755,0.6831583450126782,0.3162260231910859,0.4733701604836595,0.5020698404101506,0.4852100376619008,0.2422766358720533,0.2196047349107051,0.4416679425528588,0.2172829389226844,0.1849086042030323,0.7102171012874762,0.2455519860078464,0.4480689682326468,0.4572070327208944,0.4529221668667966,0.4487846766510636,0.2128335513467276,0.4389247359539934,0.1860058049193126,0.1500863036827619,0.578975525921887,0.2364617980235814,0.445074507617314,0.4495147076122837,0.467693678961097
238_SVDB_id_2_Medical_tr_25000_1st_71963,0.0635256437687098,0.3474903474903475,0.3781190019193858,0.0190002332869094,0.2412737293325168,0.0817518485139921,0.0432064919399056,0.4409594095940959,0.4991119005328597,0.3781190019193858,0.0682831578909455,0.0428777592482284,0.4205607476635514,0.317998385794996,0.1093533166805439,0.0260407636717706,0.2743732590529247,0.3996212121212121,0.4991119005328597,0.4205607476635514,0.0385795703638754,0.1126000485083676,0.4608378870673952,0.3781190019193858,0.066029830735713,0.1160315825609337,0.1126408010012515,0.4991119005328597,0.4991119005328597,0.4991119005328597,0.2903035661656352,0.1453279073407419,0.4991119005328597,0.1504965622612681,0.0244343237186438,0.0644441060037006,0.07381349868829,0.4409594095940959,0.4991119005328597,0.4991119005328597,0.0314024293046832,0.066029830735713,0.4205607476635514,0.3781190019193858,0.3781190019193858,0.0520240110820378,0.0939437291368621,0.4205607476635514,0.4991119005328597,0.4991119005328597,0.0358600816457216,0.0985739304478358,0.4991119005328597,0.1771582733812949,0.317998385794996,0.0429231054737974,0.0897289911181963,0.4409594095940959,0.4991119005328597,0.4991119005328597,0.0800738612979541,0.1943759250123334,0.4991119005328597,0.0243044846092159,0.0170575149788434,0.0597489835601909,0.0417048902688589,0.4409594095940959,0.4991119005328597,0.4991119005328597
239_SVDB_id_3_Medical_tr_50000_1st_106634,0.0621053541473408,0.3790182848368377,0.5340833455622227,0.0531068813368727,0.0656619584658082,0.0474414614646988,0.0664400833241969,0.5487618085629963,0.5327964269966878,0.4857289548601942,0.2454480430110039,0.1582223050408124,0.4693024304858061,0.2837751678432255,0.0806831827697514,0.0587089023064932,0.1444661154264297,0.5600647956294829,0.5147848819951588,0.5260287712424414,0.1670367016078963,0.2511267193226394,0.4857289548601942,0.2576485929879384,0.0793608863778665,0.0458559684783581,0.2446324580302417,0.5487618085629963,0.4725387380092603,0.5129432372731665,0.0698112884768249,0.3168519855459342,0.4854269939714102,0.1261771837378079,0.0811008108232022,0.0583236527337341,0.1614009510189135,0.566017863361738,0.5096463701618968,0.5488557863959015,0.060395720993248,0.2987971621376109,0.4887196701525388,0.3388098787923726,0.1024355666076236,0.0417411217626088,0.3824147816082672,0.553796312340166,0.4753930239832311,0.4490574361748208,0.0818652759609616,0.3026887486867751,0.5315233571606748,0.2843128194887871,0.0901144024339883,0.0488105374695504,0.1424260587428374,0.566017863361738,0.4635282732039878,0.5203948430868087,0.0504451802116645,0.3642398732730924,0.5322582346568817,0.1208126988006524,0.093806737272708,0.0516363250051204,0.0831755319129721,0.5512330573619082,0.5688388646284218,0.5501115773421902
240_SVDB_id_4_Medical_tr_18462_1st_18562,0.4498693863542385,0.1714347966155528,0.13223210723034,0.159866950954689,0.1312909628497033,0.1063055090780477,0.1096109281151907,0.1208021425850328,0.3308926153179144,0.1633450617612285,0.3179867211932703,0.1339075213386399,0.1984988634436445,0.1039724206544818,0.0956361966122347,0.6052657887663592,0.1105379742961911,0.2394234619189365,0.3057053660823754,0.2107594821587487,0.3381612180469926,0.1607751704192699,0.2787675238131427,0.1091951004046813,0.1203878751830021,0.6052657887663592,0.1105379742961911,0.2316576802363763,0.3439293819517849,0.3332875833824041,0.3318961114329876,0.1574550398054855,0.2852240575247093,0.1131423137880289,0.1002559196221774,0.0959822938188441,0.6890224421304951,0.1633807640085165,0.3277364154889352,0.3403315261154213,0.9009829184548432,0.150712740259396,0.282509260329827,0.0894669009016377,0.1195551691881909,0.0896652098811157,0.1096109281151907,0.2014287075127606,0.2994201387468729,0.2419593764247986,0.306302095061615,0.170975506974247,0.1757173463676849,0.1104674767509992,0.0936511726569503,0.0959822938188441,0.1105379742961911,0.2139045901716416,0.3549920762808174,0.3064305433200833,0.3318961114329876,0.164414620760627,0.1905286168650512,0.1100136567650572,0.093550303054749,0.0959822938188441,0.6890224421304951,0.1876179504277646,0.333220120053115,0.1532071337665565
241_SVDB_id_5_Medical_tr_11587_1st_11687,0.9082127781378112,0.1566906419788298,0.1690929964673592,0.2948333547793882,0.1431924942644836,0.2967898359253952,0.4869231906804927,0.4479654496224977,0.3979537374815575,0.3976998241803866,0.0983920406540944,0.1510335940839286,0.404658261113796,0.1990652263275346,0.2121870496135951,0.5095208844864114,0.4869231906804927,0.4360140542733719,0.4102629666081059,0.4424344031591597,0.1263811036501382,0.1595232419486458,0.4916474889221619,0.1854985078880289,0.2664446017944872,0.4877477692467539,0.4869231906804927,0.4402605361732496,0.438349943007675,0.4828594630506235,0.8388704437107962,0.1585979697938276,0.5022305707661343,0.1464314416226488,0.1469805781188972,0.4877477692467539,0.1694726877360678,0.4610669737820149,0.4361341800297429,0.4735886390851109,0.4431800661661653,0.1685083472495575,0.494947960897082,0.1981287598904893,0.363543350070949,0.5003190151313964,0.4869231906804927,0.4481217275671669,0.4470429731727778,0.4791022421890117,0.9036864518072868,0.1572832297544342,0.4913518637539967,0.2442208557132286,0.2829116835607916,0.4877477692467539,0.4869231906804927,0.4489567309133141,0.4222265694162437,0.4667424074069417,0.150390304958148,0.1614399134277681,0.4835764935043447,0.1479144965734243,0.1490252549109681,0.3736071894060595,0.4869231906804927,0.4648077905777962,0.4178356191994021,0.4681215426346727
243_SVDB_id_7_Medical_tr_11393_1st_11493,0.2571991354447346,0.129649523903887,0.1401486029273947,0.0672237045287302,0.0701183242350947,0.0824654502022216,0.1581766427657653,0.1195335445323583,0.1477530781183506,0.1125536421487483,0.1487672719682544,0.0681262950162031,0.1269195010341553,0.1191579566696383,0.0677374160358362,0.0711922547967746,0.1528998223966936,0.1547713291237923,0.1701281031982758,0.1741666633236755,0.0758715244183341,0.0858617268707724,0.1162694363396283,0.1166867443687644,0.0844787232236731,0.062744792298947,0.1603526546429372,0.1604275457659332,0.1387282199180284,0.1575422856597223,0.090937821179908,0.0835195503294261,0.1754642534007893,0.1011617102670152,0.1135568393596877,0.0852396790225081,0.1590774878187143,0.1635213200848258,0.146388570345782,0.1788070796012666,0.0644009359281305,0.0779856644091492,0.1787537461685679,0.1721961689204479,0.0817710105381777,0.0753335122931618,0.15977697086603,0.1709236765927922,0.2057952817493447,0.2302837272523659,0.1487672719682544,0.0919224036278882,0.1894001965337967,0.1027731107647021,0.1122847404834484,0.0588854967048028,0.1554914731303335,0.1323630965999015,0.191502755454,0.1913086933346038,0.0674469684026285,0.0743781898645921,0.1831916859036403,0.0752492931489502,0.1512956397646222,0.0669151496325163,0.1589906423192856,0.1467605448013358,0.16795447172214,0.1188955021175566
244_SVDB_id_8_Medical_tr_17803_1st_17903,0.4803618450619171,0.1091025913626792,0.3814023044746867,0.076388931488086,0.0712069872271396,0.0942783238071982,0.0639908927220645,0.2966294763410146,0.4470772815272745,0.0663486773151735,0.6253351121086351,0.1023300354324806,0.3621676596176776,0.0771805848705017,0.1076256152482353,0.0866164365243036,0.5306526445009951,0.3069028296958949,0.4138861344171251,0.3938648410588348,0.4803618450619171,0.1157654696535128,0.4092648265904819,0.0734405508739948,0.0878068942982038,0.1447761388615949,0.5306526445009951,0.3298449285595791,0.4250120030632721,0.4276176963957777,0.4803618450619171,0.0923828753668615,0.3805507827070967,0.0712449120521535,0.0981985661179207,0.1460851505707092,0.0662061374150143,0.2983977904491937,0.4831850265955336,0.2533727144934631,0.4803618450619171,0.0984379590906886,0.4095751552510828,0.1494060160746296,0.2376253165672414,0.1085842325486401,0.5306526445009951,0.3075905495053808,0.4520275408326885,0.4429686767107986,0.4803618450619171,0.1458329133083587,0.3009385295029094,0.0718996136567158,0.0929136722071842,0.145858060122683,0.5306526445009951,0.3075905495053808,0.4467404579502291,0.3685728435756796,0.4803618450619171,0.1649077875652938,0.4311252765161889,0.0684213761903864,0.0737700709782859,0.1347294916361525,0.1009345237197085,0.3029691298262748,0.4543581249579435,0.371196199664225
245_SVDB_id_9_Medical_tr_12607_1st_12707,0.2014658191999154,0.2845580263880813,0.4540186435605747,0.2222696965299919,0.1961850785590503,0.1926838768887402,0.3997731749136858,0.4236589286724304,0.4937848494151147,0.4156027066209175,0.1966323342278667,0.177662949216469,0.4897819020171959,0.1626059605442716,0.2860264192471862,0.2039177022667712,0.19955028660916,0.4710126941783528,0.4509132760431881,0.5206319230147709,0.2455359379784848,0.2037159729184588,0.5388779756496233,0.1577207573761527,0.1579110117019604,0.1763461566971168,0.19955028660916,0.4817563262903908,0.5021008094322331,0.5727590566483646,0.2097470955142473,0.2056800212800748,0.5037000820839965,0.156221772011522,0.1600072193234686,0.1655671462644181,0.3997731749136858,0.4886550995673095,0.4967112956365776,0.520680551208676,0.1657381347341826,0.2000880938767359,0.4698849337499757,0.1549122637318832,0.2468932238740714,0.2005683310180054,0.3997731749136858,0.4766435657983708,0.4783265264248678,0.5026785679001123,0.1840938017733071,0.2207294680322846,0.5140753531570574,0.1593749418832769,0.1540717652561859,0.1821272755387831,0.19955028660916,0.4919092159840054,0.4863496792589253,0.4995439412238546,0.2238531055358632,0.2250386314586936,0.5177495600831487,0.1585767684814392,0.1555571940548113,0.1626727113408848,0.19955028660916,0.4809572198812348,0.4991129273439066,0.4909619435011569
246_SVDB_id_10_Medical_tr_20100_1st_68460,0.0935347858411986,0.0605415529628342,0.1169683707976924,0.0210074734758335,0.0243495715856644,0.0265606649200469,0.546599132432027,0.1265740778232174,0.1418278346605991,0.1045763238492609,0.0379303045602619,0.032283651211096,0.11319686525306,0.0831624354713245,0.026281678809279,0.0462992125984252,0.546599132432027,0.133583424512409,0.142189263259713,0.1549425746529512,0.0351062586817097,0.0640095819024794,0.154650909656352,0.0398427971269819,0.0372214719783929,0.0186227653599136,0.546599132432027,0.1399107830458726,0.1181265506335107,0.1495600721142733,0.0332850260630545,0.0447332151998424,0.1443644484144707,0.0621170504965138,0.0424640716400664,0.0169495231688047,0.546599132432027,0.1265740778232174,0.0968410150181253,0.1521063132929262,0.0336000656093757,0.0315974337837353,0.1486636771300448,0.099023240148198,0.1470735367683842,0.0763438068034277,0.546599132432027,0.1448086403492266,0.0802860855369101,0.1607255802852199,0.0391920037542068,0.0865851862759534,0.1486636771300448,0.0662311331380941,0.0391399853557877,0.0191292057059612,0.546599132432027,0.1448086403492266,0.1125601926163724,0.189433721583575,0.0401570749336267,0.0289708236755955,0.0943517329910141,0.0602459016393442,0.035651488510277,0.0173662081865423,0.546599132432027,0.1295761635292759,0.1065628264792477,0.1267094613452414
247_SVDB_id_11_Medical_tr_20100_1st_23611,0.1300817824668177,0.0540805982089246,0.3159507518863017,0.0403579615179376,0.0875542469663077,0.0588878397042094,0.0483581475689247,0.3509558554789936,0.3424602941997359,0.2264979893438826,0.0915846210962259,0.0484429065743944,0.3550354325623246,0.1063401002860365,0.0658491870535262,0.0595542292802614,0.045910622073046,0.3509558554789936,0.3509558554789936,0.3842703442536769,0.0397074950847316,0.0398601447687912,0.3333478038151374,0.0573093854208087,0.0498780743881705,0.0562313990372866,0.6134148278937349,0.3390564701261138,0.3546040758124515,0.3670854155306919,0.0976023671795567,0.0525225007640455,0.3526997559239245,0.0720574206718055,0.0453739704990256,0.0559555774025738,0.063458110516934,0.3509558554789936,0.3546040758124515,0.3478395316175703,0.1569667959170021,0.0502369611626223,0.3809685085076573,0.0543004628966113,0.2185901660454648,0.0465584342907052,0.0474999778750945,0.3509558554789936,0.3509558554789936,0.418267152279969,0.1768694333495206,0.0735863772835462,0.4065768956111417,0.0819937818811601,0.0404288486966887,0.0452053999615601,0.6134148278937349,0.3509558554789936,0.3676407672630822,0.3246944411427713,0.1053734913668265,0.0576362413097107,0.3676407672630822,0.0566057517902263,0.0717704314959378,0.1421106831557238,0.6134148278937349,0.3509558554789936,0.3509558554789936,0.3574962974325764
248_SVDB_id_12_Medical_tr_18462_1st_18562,0.2057353689595976,0.2042040789429638,0.3925371760257929,0.1647732550038833,0.12127080647671,0.0877967713503332,0.3687736379775997,0.4181690598223224,0.4254578714831345,0.4153937484668056,0.0683532703113413,0.134924166022269,0.3424791917236338,0.122552288123744,0.1156548760028354,0.113115983005205,0.1314557378190058,0.3980167359970136,0.3887108297333367,0.505288257966077,0.1120182989705268,0.1537820818340523,0.4995138206905347,0.1215682075069557,0.1567518152810829,0.0974183444852693,0.3687736379775997,0.413780400969348,0.4129006543829385,0.5175865051842906,0.4217538305683659,0.1486289982565744,0.468243470124859,0.1331713505921953,0.1613851620050446,0.0973880369999256,0.3687736379775997,0.4014911871633964,0.4047325557308383,0.5179559474590816,0.2655554624050136,0.1537510280944754,0.5138799841696213,0.1258321222900935,0.1559094282262916,0.1020112817850284,0.3687736379775997,0.425495415170756,0.4417859100013565,0.5170302761950916,0.3588842968539915,0.1610227608297336,0.5313669573915102,0.1353741454019451,0.1402189311432808,0.0889605158265682,0.1310060602934839,0.4048929021108463,0.4237083731930302,0.4814286031170618,0.4217538305683659,0.1780216729191067,0.4444336638083579,0.1123701428828676,0.1726566154770046,0.0958671499699021,0.3687736379775997,0.4179369540295369,0.4207160477258858,0.4931886279799383
249_SVDB_id_13_Medical_tr_50000_1st_54982,0.1083495664344467,0.2334219779906013,0.3293051330261368,0.0922792714587957,0.1091187719914093,0.1020765068545245,0.0945655107127672,0.3956711680901439,0.2749338530210015,0.2835389329721156,0.1007425070467439,0.1951736647070936,0.2780533333486975,0.1647643830837108,0.1260561455235459,0.0909890103698785,0.5556683356391326,0.3362606333252796,0.2470098399139823,0.3432325591528378,0.149977393573965,0.2360022910899656,0.3718246322847727,0.1279944806223482,0.1328051555463887,0.0947309502141077,0.1221614496219457,0.3702015325105758,0.2721220532468805,0.3616564127028671,0.1551605691188825,0.2495288150795466,0.2880971778037686,0.1145375795245281,0.1164688793931678,0.0958929379487021,0.1075852558452145,0.3944144173738442,0.2985226472380048,0.3493435599740799,0.130059064828585,0.217106522267177,0.3419904711336776,0.1238809276055257,0.2400471145818619,0.1007872717316031,0.1206253084191138,0.427272586821658,0.2867339358340097,0.337494192697271,0.1630995578700489,0.2479800473393088,0.3100365257510771,0.1053029193451181,0.1714246082008152,0.0955363553756975,0.5556683356391326,0.3968875108995342,0.3024768546743105,0.338740027476862,0.334200117014143,0.2496139357958085,0.3347277443252172,0.1036015452319913,0.1397009111757197,0.0981192781593966,0.1035486964088462,0.3887459178219138,0.3262995032128052,0.3428908799717179
250_SVDB_id_14_Medical_tr_50000_1st_107354,0.2399791402609415,0.2759566570467436,0.3496155548173777,0.0787653778831594,0.0766795191653436,0.0846785104102858,0.0757967066062171,0.353643208278057,0.3312562381107994,0.2557250570121409,0.0961260850369533,0.2006764191798815,0.3152882557392407,0.1249217679773014,0.1432344539093984,0.0707947130332083,0.0962217636650982,0.2928357566206429,0.3200998061688917,0.357526601106334,0.2020723377088129,0.2564792306809761,0.3828283685540384,0.1666638644732808,0.2336436329329717,0.0680386153266228,0.1348196686674951,0.3187006386417106,0.3410331592244792,0.3637240620658456,0.1088659782377532,0.2830937784572481,0.3864672515148902,0.1690146612467918,0.1169686985172981,0.080555978070008,0.0943996271802359,0.3055722855789702,0.3646519388655665,0.3654331645126089,0.1282826437189948,0.2307714375986378,0.3387615689249178,0.2734971791263977,0.1579596496027213,0.0729795297665921,0.1166018986340596,0.33161936326343,0.4198481346889747,0.3078967295837622,0.117154602366888,0.3006883337092998,0.3918874333934342,0.2709830088636441,0.2285584339952842,0.0865208255686055,0.0851677084393372,0.3509197100965959,0.2905138419526195,0.3710274274191106,0.1066853519492165,0.2605161887359594,0.516262001836707,0.1502968116063682,0.1047197640117994,0.0676249292157114,0.1076910032576732,0.3189618726540918,0.2830774103836368,0.361892722385619
251_SVDB_id_15_Medical_tr_5421_1st_5521,0.2401396650525289,0.1735151290598194,0.3849722641535872,0.1154703931903523,0.4995898205199315,0.1604648939304844,0.7227010542297284,0.4356373131548638,0.4719632073570726,0.3878964961057539,0.1116771501850326,0.1230926627931314,0.5183167104529219,0.1195228913295421,0.1278776027297453,0.1602194886834834,0.7227010542297284,0.4345409794290548,0.4402143495381762,0.4032288159422837,0.104686531981609,0.1341664731917145,0.429069490365173,0.1011284481792775,0.1278776027297453,0.4231489171927538,0.1350664895885672,0.3930089708469486,0.4493505622100053,0.4706163410299003,0.4192902368955095,0.1183207227460905,0.5154113293955956,0.1129833169736622,0.4995898205199315,0.0998465582882827,0.7227010542297284,0.4560056832775652,0.4535595006167773,0.5058713167543056,0.1154362235823996,0.1061039760786275,0.5114367015980901,0.105290238425108,0.1747892613793089,0.4231489171927538,0.7227010542297284,0.4740200352503107,0.4303360426388685,0.4419616685261246,0.4192902368955095,0.136753688158625,0.5167599011668081,0.106753043939595,0.4995898205199315,0.1602194886834834,0.1344036279918271,0.4383896698118535,0.5060404239452572,0.5274712159539973,0.2595913215489853,0.1508246207280448,0.5667434792107381,0.1087317544306303,0.1278776027297453,0.0919255025573219,0.1350664895885672,0.4339372117504534,0.4954380410493499,0.3881237238243141
253_SVDB_id_17_Medical_tr_17803_1st_17903,0.39471378700805,0.2082489317596706,0.3299375576743498,0.0646316289128721,0.0785368414560663,0.0824047538269153,0.5635891251301315,0.3634363528159716,0.4138683490769494,0.4125997782109449,0.39471378700805,0.1035917540147428,0.4763102916834343,0.0828393165317735,0.1001335035762285,0.1162188953692217,0.5635891251301315,0.3853830855390044,0.4070980309953504,0.4837044599751537,0.4525566437702287,0.1446444081596677,0.564543508916994,0.0738061642388847,0.0701210691473702,0.0786261542193245,0.0635361076429057,0.3847802659920989,0.3899384651247386,0.5070054075448872,0.5147494189997008,0.1198672908650309,0.5298152253371985,0.0720983136529486,0.0728838762347491,0.0814126517884561,0.0683830977547686,0.3726807372232402,0.3944995601296876,0.5093227404374038,0.4525566437702287,0.1629490898686063,0.4802642715557506,0.0855623248424365,0.2306551349819955,0.0888820278034394,0.0661813370377016,0.3641561614770223,0.3894810557266256,0.4901866230424856,0.5147494189997008,0.2807734765019992,0.4941561913553185,0.0735306029669688,0.0750470938176762,0.0766419822249127,0.5635891251301315,0.3762224278804935,0.3877648391479324,0.524430803985224,0.4579517822600912,0.2118761657968504,0.4819570373432271,0.0762451888254814,0.0704778163635195,0.0875979814053609,0.0701271956394278,0.3634363528159716,0.4034101868572112,0.458291844597313
254_SVDB_id_18_Medical_tr_30824_1st_30924,0.3710036787477384,0.1136914718688788,0.1518180592459457,0.06234064816425,0.0608815287953352,0.0857051740214113,0.1082647597694156,0.1480984527333793,0.2605381919929885,0.1308999613248009,0.1134573584664273,0.1016028164740557,0.1755669154829801,0.3246956076913773,0.0980659635214125,0.098271736045247,0.1153755236875596,0.1954125203248284,0.2411720604189647,0.1954463943941184,0.1134573584664273,0.1139034299281838,0.2059017587491033,0.1554095893349016,0.102749864140691,0.1040858092042801,0.1729361223048627,0.172258520039364,0.2503119751604193,0.1311336226959647,0.1134573584664273,0.1247486393852949,0.1528473511938307,0.1243315409972435,0.0729775332910653,0.110169828095928,0.1739193848340374,0.1662556856987501,0.2566747031725536,0.1616556742790012,0.1134573584664273,0.1443266432560605,0.2810929103068633,0.1829206395841784,0.104095665092639,0.0917138752760786,0.1433992403560929,0.2004154640405112,0.3214030478591643,0.2461295800559082,0.1134573584664273,0.1699088658090444,0.2271287267449365,0.0956177117307275,0.073709842084337,0.1237380601707297,0.1625371061928155,0.176603985258502,0.2616343182387524,0.1856938664737092,0.1153936941676101,0.1420990596036447,0.1760391319183348,0.1231803747304522,0.0686264671867544,0.1261688100185389,0.1591373211484447,0.1609057955390201,0.2661921531332429,0.1782334522164845
255_SVDB_id_19_Medical_tr_50000_1st_54982,0.1286017184887101,0.228005531156748,0.2652293675519888,0.0935187447548307,0.0967343518073634,0.0917262861945748,0.1020788456143345,0.2794718158377478,0.3367812662745143,0.3067901087018069,0.1046394182509572,0.1757779117597745,0.2668788982749681,0.1138720196809576,0.1114004502881164,0.096990240621718,0.0888749637432151,0.2390639697349048,0.3011270865990282,0.2892726570883265,0.1403280401093192,0.2280452059162414,0.2768729214876961,0.107943052696918,0.1017125520966083,0.09581123695193,0.0938362516234224,0.2471541124489736,0.3075497310687242,0.3195480708097065,0.096767713242341,0.2403671921457475,0.2857410920470993,0.0997923446053254,0.0997578073425327,0.0936418161447116,0.6505191454535943,0.2614459577143554,0.3192930152088506,0.3360908804498212,0.0967888642796479,0.2158677582079365,0.2736897224341515,0.1046270710814504,0.0970504271355191,0.093937444675203,0.6505191454535943,0.2721538577655028,0.3076017426757613,0.3079740724310206,0.107161616004151,0.2191308145049659,0.2785957477004296,0.1110934168377841,0.0948235031421867,0.0966894538431256,0.0883325806716592,0.2582517222958778,0.3040390727571062,0.3152549843095615,0.251025963735923,0.2244961593596358,0.2859378361066805,0.1044189613698792,0.098770536771713,0.0943345204532587,0.0916593953905884,0.2859514402912296,0.340395812981298,0.3402647526595849
256_SVDB_id_20_Medical_tr_6264_1st_6364,0.3718375103900794,0.0807208190582032,0.0668973525243897,0.0824566616208453,0.0768320253676556,0.0696368635531367,0.398252192582795,0.0792324134755485,0.0576899959226855,0.0754271159671527,0.1075961240683707,0.0755540537191846,0.0545846004819929,0.0628381163580514,0.0731232066360667,0.0701987324295646,0.0457471189838559,0.0418151015475841,0.0537341745592514,0.0523565497502539,0.11512493595635,0.0802724843716199,0.0534871893444925,0.0750932897431073,0.0793434620519778,0.0653146347264151,0.398252192582795,0.0627822238647571,0.0528874566693299,0.0485382719865962,0.0667169198794838,0.0891982056472555,0.0686462599036749,0.0679154463791139,0.0852727714854345,0.0689826452362087,0.0457471189838559,0.0561225687324629,0.0577617643010879,0.0544835844959601,0.3718375103900794,0.0753486244003507,0.0520202308820785,0.0724709996901734,0.0805298187177378,0.0677211500165413,0.0457471189838559,0.0725140239765019,0.0526963168507607,0.0647124206152949,0.3932432659289448,0.0935214743266986,0.0515487686759252,0.0698269656798959,0.0751826389646002,0.0639682947220042,0.398252192582795,0.0756275497944556,0.0570305957315261,0.0640855955765167,0.3932432659289448,0.08160900248895,0.0544145695057669,0.0861851190845056,0.0781500969284918,0.0664124780740891,0.0442775200696777,0.0779855150445765,0.0517460996683783,0.0809502376601577
257_TAO_id_1_Environment_tr_500_1st_3,0.1008901745673385,0.1622587169890947,0.1948878300643199,0.1420913498043099,0.0801846876071022,0.1089414491220435,0.0910777144091107,0.1472402649056598,0.135699759659826,0.1867787199603192,0.11233340550912,0.1646988651630581,0.1957436648013818,0.146285227403007,0.072172096097649,0.1051089483540431,0.1050057823531592,0.1527350910076925,0.1374450673729252,0.1842476696570944,0.105688156592431,0.1625905668317332,0.1960458650074683,0.1390271043843657,0.0709458321515707,0.1058977511878244,0.1050057823531592,0.1513206272232908,0.1346719273898436,0.1866882507506356,0.1082353535473032,0.1484117978188305,0.1951728584059335,0.1442880383278774,0.0655335343087217,0.1051891285560567,0.1050057823531592,0.1467563098908191,0.1414297880853547,0.1867292029364575,0.1065410560182096,0.1632324490387977,0.1952990611828741,0.1426487240262108,0.0746383250695651,0.1076925690926634,0.0910777144091107,0.1501731307177094,0.1497684220762024,0.1863543800946167,0.10362663954181,0.1624379533636943,0.1962517311527291,0.1387613762926619,0.0808864704699113,0.1049520949462226,0.1050057823531592,0.1453704317992986,0.1400908736437431,0.1865714842815934,0.1047908350833932,0.161199823445669,0.1963060283156281,0.1377649262662194,0.0867879111616128,0.1082604493891216,0.0910777144091107,0.1452633402428408,0.1422810245308748,0.1865202217751758
258_TAO_id_2_Environment_tr_500_1st_4,0.1218823278763216,0.1624154828590775,0.200176233860008,0.1420417979796928,0.0931897661534375,0.1280520175522657,0.0888039060595658,0.1355696900281762,0.1343678588343464,0.182714168127531,0.1207511487845882,0.1618708835599017,0.1955353099080951,0.1386890782953561,0.0918306740905281,0.1325816015641689,0.0938752775105969,0.1415262398231239,0.1424898434172516,0.1829297866629364,0.1174518327665008,0.1568747318045323,0.1993482517297975,0.1364222072709009,0.0837081775439236,0.1266238948069795,0.0888039060595658,0.1325298934639163,0.1375792934363305,0.1829999193760225,0.1215204848002353,0.1607962998309799,0.1993535705300214,0.1370572341995962,0.0944472628426942,0.1164798371840287,0.1084103845636736,0.1379291531845489,0.1373086663203216,0.182750778117207,0.1229391959850384,0.1634021764986738,0.2004534131596652,0.1341163235015795,0.0866276265960919,0.1286726056436971,0.1084103845636736,0.1376640126445412,0.1352238226027845,0.1822581783781004,0.1245247173546183,0.1632821211954536,0.1999103115377276,0.134842854608433,0.0869432802576352,0.1312397607142991,0.1084103845636736,0.1348273086417841,0.1365214245580581,0.1824879942660546,0.1273915846221139,0.1636220335279591,0.1999103115377276,0.1434093532453496,0.0847007387497916,0.1314199140064236,0.0888039060595658,0.1347621816379825,0.1369890261896184,0.182714168127531
260_IOPS_id_1_WebService_tr_5000_1st_11804,0.0198019801980198,0.4375,0.4375,0.4375,0.0,0.089171974522293,0.0544747081712062,0.2456140350877192,0.2456140350877192,0.4375,0.0115990057995029,0.4375,0.0163360560093348,0.4375,0.0,0.089171974522293,0.4375,0.4375,0.1707317073170731,0.2456140350877192,0.0115990057995029,0.4375,0.0146290491118077,0.4375,0.0,0.089171974522293,0.0676328502415459,0.2456140350877192,0.2456140350877192,0.4375,0.0115990057995029,0.4375,0.4375,0.4375,0.0,0.0769230769230769,0.2456140350877192,0.4375,0.2456140350877192,0.4375,0.0115990057995029,0.4375,0.1308411214953271,0.4375,0.0,0.106060606060606,0.1707317073170731,0.2456140350877192,0.4375,0.1707317073170731,0.0115990057995029,0.4375,0.1707317073170731,0.4375,0.0,0.1308411214953271,0.1308411214953271,0.2456140350877192,0.1707317073170731,0.4375,0.0115990057995029,0.4375,0.4375,0.4375,0.0,0.106060606060606,0.2456140350877192,0.2456140350877192,0.2456140350877192,0.4375
261_IOPS_id_2_WebService_tr_2178_1st_2278,0.0084033613445378,0.0089896964248668,0.0923076923076923,0.0072376357056694,0.0044205816212422,0.0080385852090032,0.0075046904315197,0.0021307840709493,0.024793388429752,0.0483870967741935,0.0084033613445378,0.0183206106870229,0.010592934106837,0.0067340067340067,0.0007698229407236,0.0072115384615384,0.0106477373558118,0.0026690391459074,0.0072115384615384,0.0327868852459016,0.0084033613445378,0.0967741935483871,0.0054493163126292,0.0483870967741935,0.0007698229407236,0.0078645205263985,0.0172394980905619,0.0923076923076923,0.0111731843575419,0.0327868852459016,0.0084033613445378,0.0923076923076923,0.0059464816650148,0.0111731843575419,0.0088809946714031,0.0327868852459016,0.0069889341875364,0.0923076923076923,0.0923076923076923,0.0923076923076923,0.0084033613445378,0.0967741935483871,0.0143198090692124,0.0327868852459016,0.0096385542168674,0.002244524962324,0.0129801789159796,0.008774890313871,0.0077619663648124,0.0072115384615384,0.0084033613445378,0.0967741935483871,0.024793388429752,0.0923076923076923,0.0111731843575419,0.0051530081815305,0.0088809946714031,0.004601226993865,0.0056215898443958,0.0077922077922077,0.0084033613445378,0.0967741935483871,0.005282620179609,0.0923076923076923,0.0060831361946603,0.0046970408642555,0.0133098231044877,0.0029821073558648,0.0091603053435114,0.0091603053435114
262_IOPS_id_3_WebService_tr_7028_1st_7128,0.0670285688364196,0.1338584770324217,0.3157546580392092,0.1112343000179625,0.0396890080827709,0.1093130300834738,0.0676401445504558,0.1887454184890225,0.2386294677488919,0.3214117698825974,0.0600016658183993,0.2745702099132615,0.0797303796253858,0.111292968113189,0.0717046515723735,0.1933408286620449,0.0922046702215565,0.1996237465967166,0.1762661585219746,0.0866915522844671,0.199834628127656,0.261455641874875,0.1079776693215096,0.1151895602266469,0.11552816962899,0.140335110327403,0.0795423925201917,0.2047106696527891,0.1894105413678638,0.1189813566934857,0.0550187044797489,0.2729898990347825,0.1155279727957632,0.1138069504166301,0.0617459121247596,0.1976030543919106,0.0748749363668873,0.2285302080250803,0.2139829922280884,0.1065412397801146,0.0512006216395758,0.2477094717137236,0.0802922597516457,0.1110090400928952,0.0773854483573026,0.1720360678591788,0.0727304619858618,0.1987654931491222,0.2359773873712322,0.1127680173739187,0.0598111970844057,0.2582591225669892,0.0822832362970308,0.115290931735915,0.0771209906747093,0.187167750579135,0.0887249435699452,0.2188223306528308,0.2367618140180644,0.1325683495147764,0.069358310446954,0.2821864923688253,0.1281277006409135,0.1151146440732634,0.0717046515723735,0.2025290181431715,0.0800072502713361,0.2218879048818297,0.2286589556282545,0.1187263169925678
263_IOPS_id_4_WebService_tr_3482_1st_3582,0.0253234507206276,0.3839211772314839,0.0446940100195002,0.301376023301485,0.0262851668190408,0.181942408590585,0.215028215028215,0.1582166571210087,0.1231135822081016,0.3994672186968999,0.0188635048545987,0.3743771316620778,0.0496992895370616,0.2992765318298335,0.167990499469051,0.0672575526037381,0.2404517501812145,0.1595275413271181,0.1148143645159447,0.0559455615487444,0.0192840600263806,0.3708699429749551,0.0463494818556696,0.2992765318298335,0.1562708486157425,0.1862870900453029,0.1729284862542042,0.1681832783680892,0.0691747572815534,0.1475461684205831,0.0207502306194223,0.3549838133967334,0.0446940100195002,0.2992765318298335,0.1562708486157425,0.1370098381010403,0.2021032109499048,0.1469099531263024,0.1366279069767442,0.1532558833020837,0.0193144190207034,0.3848692867771749,0.138343819318215,0.2793131317374939,0.167990499469051,0.1862613750831497,0.2511191467853176,0.1409324856324015,0.1535191497894525,0.188894731661649,0.01694437120596,0.3705138935935577,0.0397871663412736,0.2950577226704521,0.167990499469051,0.1683956239561239,0.2413633297365958,0.1530870106793491,0.1253864757076374,0.3836649636928785,0.020417966663449,0.391293404897342,0.0491334736822681,0.2978693851027537,0.167990499469051,0.1893557526370675,0.2508154697229044,0.1568636154658058,0.0960591133004926,0.3952041160418373
264_IOPS_id_5_WebService_tr_11665_1st_11765,0.0321279108331101,0.6173838097790268,0.384112557494107,0.781098690729859,0.6077613409161527,0.4924346629986245,0.0073543359169475,0.6204862982765403,0.602882947259771,0.386009210663358,0.0560181741877124,0.6173838097790268,0.2995675006605116,0.7848218391077025,0.6012311963652393,0.4883908684901574,0.06465745587177,0.6204862982765403,0.6030371930269013,0.4360193797590479,0.0422839171630175,0.5369253154112157,0.3505440007453805,0.7907465370114988,0.6077613409161527,0.4883908684901574,0.0073543359169475,0.6204862982765403,0.6829214669608892,0.535820342486761,0.0729821966020509,0.6173838097790268,0.4799990983985304,0.781098690729859,0.6012311963652393,0.4883908684901574,0.0073543359169475,0.6799317871450927,0.6829214669608892,0.4108710254596468,0.0860046151290952,0.5584810653410964,0.2615348156761385,0.7946500765947878,0.6012311963652393,0.4924346629986245,0.06465745587177,0.6204862982765403,0.4309039304674701,0.7353252004586046,0.0266234352022117,0.6173838097790268,0.4799990983985304,0.7834706817403492,0.6012311963652393,0.4924346629986245,0.06465745587177,0.6204862982765403,0.594783548970872,0.6125462552483678,0.1158730158730158,0.6197607851891324,0.3913840159528032,0.7834706817403492,0.6077613409161527,0.4924346629986245,0.0073543359169475,0.6204862982765403,0.5392712550607288,0.384112557494107
266_IOPS_id_7_WebService_tr_4010_1st_4110,0.0287381496066138,0.1962088924774899,0.3035723121911457,0.2463654435820441,0.0356649928111309,0.1635116095429199,0.1228385844064229,0.1751621723460811,0.1570835467056296,0.2257948842206501,0.0310070985421941,0.3080354900121588,0.1024343817048963,0.2293137027176729,0.0466179709276264,0.1767386471580882,0.0813690489734855,0.1686288929404432,0.1104894259028304,0.1196069255477369,0.0696516720061285,0.299507061226104,0.1043134672122872,0.2338989521707064,0.0481257150021156,0.1678563978545997,0.0921909134576235,0.1844578057877283,0.1081702604937431,0.1434280807901961,0.0385837275586995,0.4338428534828836,0.1024343817048963,0.2459155370828605,0.0471037403684786,0.1763594585235696,0.0940499318196232,0.1696000029436448,0.1313705779862155,0.1090787498017332,0.0696516720061285,0.5526182171177668,0.1061761854296889,0.2408131415980417,0.0468162037453431,0.1811965063917417,0.0944924870649513,0.1825763243980364,0.1125957922799532,0.1617319267328517,0.0696516720061285,0.3569247143218703,0.1001880478738144,0.232829560232062,0.0471037403684786,0.1860977061298591,0.095875800141155,0.1755288705643344,0.1216091904087168,0.2683507441830264,0.0696516720061285,0.3080708626259902,0.1755984760610572,0.2364289258907267,0.0473948308140104,0.1767386471580882,0.1041226410405027,0.1622663973364325,0.1158827412525394,0.2060435987215372
267_IOPS_id_8_WebService_tr_1534_1st_1882,0.1052631578947368,0.0425531914893617,0.0766369886171531,0.125,0.1066666666666666,0.0569290391554189,0.0838323353293413,0.1480075901328273,0.2580645161290322,0.0273400273623457,0.0461714361647643,0.0769505027147615,0.0766369886171531,0.0365443099758457,0.035823615338657,0.0612155662439877,0.0526315789473684,0.0178574498786621,0.2965779467680609,0.0479095472517971,0.0461714361647643,0.0458015267175572,0.0766369886171531,0.0300812994391335,0.035823615338657,0.0567280094546682,0.125,0.1183611532625189,0.0567375886524822,0.0805199638048195,0.0526315789473684,0.261958097246014,0.0814859197124026,0.0558868759611417,0.035823615338657,0.0475059382422802,0.063667613211777,0.0986093552465233,0.2580645161290322,0.0869565217391304,0.0432432432432432,0.0458015267175572,0.217111315547378,0.0601199051071615,0.0492966994297022,0.0544415664218688,0.0930232558139535,0.1480075901328273,0.2370820668693009,0.0792988872287759,0.036697247706422,0.1214248976944922,0.125,0.0507943060837256,0.035823615338657,0.0514667551300886,0.1066666666666666,0.1691973969631236,0.1904761904761905,0.048780487804878,0.0461714361647643,0.0876584066510614,0.1176470588235294,0.0503986480953479,0.1447776628748707,0.1509433962264151,0.0461351679481991,0.1691973969631236,0.1974683544303797,0.1176470588235294
268_IOPS_id_9_WebService_tr_6216_1st_6316,0.1017248479718961,0.3711831716299192,0.4089928402991923,0.3225441135411231,0.1496802935378699,0.233163991828553,0.1906274703097827,0.2888762575349564,0.2954404635956969,0.2826569001505505,0.2093354731680711,0.3865164178642213,0.2945073289485798,0.3712947718346718,0.1621915440541388,0.5325849135351176,0.1564482440374994,0.2878594451115465,0.2843436633938848,0.1907636753117588,0.1809643489354188,0.3000442387065879,0.3511662421298692,0.4145060703253423,0.1621915440541388,0.4107622287623199,0.1448994468504781,0.3001461283634388,0.3033489664343469,0.3454061352664731,0.1536074476338247,0.325381937523467,0.4320016483079089,0.3889827262866437,0.1621915440541388,0.4964767073238642,0.1712110022853779,0.283630799562865,0.4277330842887352,0.3061337266065794,0.2038214979353381,0.2854595637761364,0.188796337833865,0.3576852746230069,0.1727043914041069,0.4963814720698438,0.18288254871357,0.2617195441556792,0.3238938660220962,0.3375451413342502,0.1719343215768519,0.2748181456486326,0.3867497756905994,0.4039733498568538,0.1621915440541388,0.4964767073238642,0.1844980401198985,0.3171068656775581,0.4277330842887352,0.4446581036080022,0.1700335162355745,0.2898072261921208,0.3189032243980177,0.3929601693793834,0.1446823772808809,0.582410939696101,0.1897203420065816,0.3195409811082776,0.4277330842887352,0.3285210061506843
269_IOPS_id_10_WebService_tr_1216_1st_1728,0.0310021629416005,0.5498238323245099,0.5498238323245099,0.2222222222222222,0.0829541477073853,0.3779739063699155,0.2037905170104473,0.4447630960734661,0.231578947368421,0.5498238323245099,0.0435222672064777,0.0695014662756598,0.5498238323245099,0.3779739063699155,0.2037905170104473,0.4104397086592932,0.1000431658329736,0.1966094380082808,0.1170610211706102,0.5498238323245099,0.0902244492543066,0.0695014662756598,0.5498238323245099,0.3779739063699155,0.5498238323245099,0.3779739063699155,0.0864253046272634,0.355119241918589,0.0597682455783695,0.5498238323245099,0.0584239130434782,0.0786106032906764,0.5498238323245099,0.4715456884686733,0.5498238323245099,0.4715456884686733,0.1355456570155902,0.355119241918589,0.202786591253966,0.5498238323245099,0.0737786398351315,0.0829541477073853,0.5498238323245099,0.2705858114140512,0.5498238323245099,0.3779739063699155,0.1479302885199679,0.4715456884686733,0.0678827060725005,0.5498238323245099,0.0737786398351315,0.0524800708591674,0.5498238323245099,0.315389233540124,0.5498238323245099,0.09590235396687,0.1628056283772939,0.4715456884686733,0.125,0.5498238323245099,0.0638930163447251,0.0829541477073853,0.5498238323245099,0.3779739063699155,0.5498238323245099,0.4104397086592932,0.1810070487463938,0.5949475574419458,0.1307371349095966,0.5498238323245099
271_IOPS_id_12_WebService_tr_500_1st_341,0.0342781341066728,0.1625149700598802,0.1625149700598802,0.1863185378590078,0.0350109409190372,0.2874253096104416,0.0460898361212532,0.0461095100864553,0.314562607343736,0.1026669188575751,0.0347694633408919,0.1625149700598802,0.1603200400050006,0.1863185378590078,0.0350109409190372,0.2460465780825832,0.0914420485175202,0.1035598705501618,0.0390453159189805,0.0954722977506267,0.0337773671107004,0.1807681525091112,0.1910408022897207,0.1863185378590078,0.0350109409190372,0.2460465780825832,0.0436826009979076,0.0467702474317945,0.0257234726688102,0.0456769983686786,0.0267624375208141,0.1625149700598802,0.1863185378590078,0.1863185378590078,0.0350109409190372,0.2460465780825832,0.0460601891659501,0.0547945205479452,0.0427236315086782,0.0785037521594077,0.0171862062446983,0.2235008665511265,0.0779584619118615,0.1863185378590078,0.0372526193247962,0.2735909605495951,0.0346372280007657,0.0330237358101135,0.0427236315086782,0.0502024481116942,0.0267215042516856,0.1625149700598802,0.1230539313345967,0.1863185378590078,0.0350109409190372,0.2460465780825832,0.0460898361212532,0.021066491112574,0.1608040201005025,0.0927089195286535,0.0506739057960661,0.1625149700598802,0.1912815000597157,0.1863185378590078,0.0350109409190372,0.2460465780825832,0.0460898361212532,0.0427236315086782,0.1608040201005025,0.1863185378590078
272_IOPS_id_13_WebService_tr_3442_1st_3542,0.019203413940256,0.3508478966776838,0.3866000663430198,0.3297932110833861,0.0115638751898046,0.2010407412108135,0.1458402754637343,0.2801860320376677,0.176759410801964,0.3721728986109153,0.0115131578947368,0.3436578318863709,0.078857278489959,0.3216938837526362,0.1016385980883022,0.2166738505808785,0.0198495332511385,0.2820108630972834,0.1511780104712042,0.0688693874396535,0.0115131578947368,0.3425375084848131,0.1759845035472236,0.3191991078468237,0.1016385980883022,0.2013414920255621,0.1473934777433944,0.2992722829576121,0.1441048034934497,0.3143952539881213,0.0116059633893187,0.1789349912720586,0.3821526360046064,0.3196770123488646,0.1016385980883022,0.1948601765577873,0.1929939669650117,0.2667921064150647,0.1016540317022743,0.1128384382575492,0.0115131578947368,0.3462576693171579,0.2061816491214432,0.3169244396115709,0.1016385980883022,0.2179264796808385,0.2275685156374935,0.2565207537163355,0.123139101432215,0.2470686868277664,0.0116059633893187,0.357770551793785,0.2183919489646232,0.3171308959899637,0.1016385980883022,0.1743292727808038,0.1687217056160528,0.2759997516927823,0.1289461983103601,0.101014310217644,0.0116059633893187,0.3313815932977913,0.1654397172195292,0.3191144223627393,0.1016385980883022,0.217311646088776,0.2275685156374935,0.282578361811636,0.1609624999999999,0.3879927063931971
273_IOPS_id_14_WebService_tr_5569_1st_5669,0.0599057012835036,0.1456859667605513,0.1820718521102197,0.1821906693179047,0.0222523352957509,0.0564665898965328,0.0537149668329065,0.0389751897612856,0.0487242143873132,0.2269108940484042,0.0599057012835036,0.1739865403423099,0.0366182615802158,0.1398894499993904,0.1740125274006627,0.0618787405672651,0.0447955299382332,0.0556216634487056,0.0430635118279449,0.0618684512224384,0.0628975182519014,0.1531535311189427,0.0287081339712918,0.1545953945251314,0.0622206781106391,0.0760838265877459,0.0628498074454428,0.0651505715262218,0.0502787081387497,0.1168582319783611,0.0628975182519014,0.1918082555587106,0.1882640851259447,0.1692566294074567,0.1740125274006627,0.063063063063063,0.0662242152466367,0.0629315381862496,0.0465133868264492,0.1411183305559498,0.0599057012835036,0.1877396634928916,0.0875576036866359,0.1605488941275789,0.1740125274006627,0.077645938166532,0.0361461583266532,0.0495684661723817,0.0427383679751015,0.098955119969643,0.0628975182519014,0.1978511675504472,0.2308980582524271,0.193366488366496,0.1740125274006627,0.0731265806909657,0.0369936757033531,0.0610086872019022,0.0491337043393118,0.2184648080812911,0.0109457324180805,0.1861235372469659,0.0799078592671037,0.1625725509020051,0.1740125274006627,0.0714006905869989,0.054929970753788,0.0487762446983488,0.050038033717493,0.2004103786904276
274_IOPS_id_15_WebService_tr_4591_1st_4691,0.1307519737218015,0.275774766044378,0.4221375755191734,0.3012616745049947,0.1201506088720797,0.2292477613456283,0.1410665573663482,0.2563700346533373,0.2882904262696799,0.3902550182853164,0.1910378113218347,0.3006017949222745,0.1881166329205401,0.3148049526292755,0.1914751083162858,0.2636152972830056,0.1622818669007519,0.2474766483437002,0.2462896185508517,0.3008042093043157,0.1471512511448005,0.3255744793395408,0.3208033573767617,0.33723717304493,0.1914751083162858,0.2361478743138977,0.172919655233121,0.2660740379863637,0.2731413535528328,0.3823648387185956,0.1881734472274292,0.3282330736559639,0.3540152792934369,0.3506438314920691,0.1914751083162858,0.2434898500127987,0.1735880626392996,0.2594008087612668,0.2557463502552921,0.3376851421097814,0.1252247870375661,0.2716579005583362,0.2480136119048668,0.3335032258075395,0.1914751083162858,0.240996412573005,0.1737064292595137,0.2467852641857829,0.2571834498229122,0.313287440299461,0.1171887408427993,0.3206372502947809,0.4261528020982765,0.3296860322786185,0.1914751083162858,0.2255588543056631,0.1498714195135943,0.2608832205715344,0.2792799901513877,0.4376164599372593,0.1291590042871651,0.3244759471069747,0.3380384024097518,0.3236971833579726,0.1681460996301976,0.2256655885015114,0.1724625243538245,0.2633569305095951,0.2458186429739676,0.4095433674350642
275_IOPS_id_16_WebService_tr_1482_1st_1582,0.0172759501391377,0.0410203378145467,0.0698271204754186,0.2162162162162162,0.0173947536994004,0.040439946240983,0.0461338303034565,0.1818181818181818,0.0361651313544865,0.074074074074074,0.0211524852569502,0.1709770114942528,0.1696634393729829,0.2162162162162162,0.0219118049849356,0.0455967537093826,0.0211174968845544,0.0477101671131521,0.0214530376780241,0.1041041041041041,0.07126067825282,0.1046613896218117,0.1696634393729829,0.123076923076923,0.0378674638764324,0.0574162679425837,0.0281723484848484,0.1379310344827586,0.0880361173814898,0.0303030303030303,0.0211524852569502,0.0656109379695182,0.0835707502374169,0.2162162162162162,0.0171374914268389,0.0319556533789842,0.0199004975124378,0.1379310344827586,0.0480622078835256,0.029810298102981,0.0211524852569502,0.1709770114942528,0.1442958560343404,0.2162162162162162,0.0171374914268389,0.043821215196523,0.0520835224638354,0.1818181818181818,0.0283856880551833,0.026938718272332,0.0211524852569502,0.1709770114942528,0.0521575613618368,0.08,0.0171374914268389,0.0100526955816781,0.0478228591176992,0.1379310344827586,0.0311561989437288,0.0310734463276836,0.0211524852569502,0.1709770114942528,0.2162162162162162,0.123076923076923,0.0171374914268389,0.024085368297536,0.0716365754222481,0.1818181818181818,0.0410203378145467,0.0504009163802978
276_IOPS_id_17_WebService_tr_19197_1st_19297,0.0550945699929689,0.6507108595923612,0.3034647840209093,0.3848351419916407,0.2320901072724494,0.1949965100945663,0.0726087748042963,0.4860115108839329,0.5184763243510575,0.3644561413448917,0.7794220108670551,0.3978616183634117,0.3059401622571848,0.3848351419916407,0.2121453250519481,0.2243672739776897,0.1307802025388675,0.4965466421023341,0.542825831149164,0.4118726050269834,0.0620623455756535,0.5608806307268447,0.3871087312855672,0.3949251909318842,0.1420279240272446,0.2194695919063945,0.0763245438217456,0.4707434959734435,0.5735750290375503,0.4936718100744273,0.7794220108670551,0.6507108595923612,0.3964017518929271,0.3949251909318842,0.107495088770041,0.251675202239826,0.0788381029366799,0.4929954084440835,0.540505027723641,0.5003187945044355,0.1738517004366509,0.6510549642452939,0.2241332314341758,0.384390632151914,0.1878123259645084,0.2336305141743226,0.1103568634530902,0.5064175572961284,0.5191284306566271,0.295706383991572,0.1738517004366509,0.2421015010721944,0.4867969050638239,0.3848351419916407,0.087389597817847,0.2556390210776156,0.1231812991200376,0.5303905439035352,0.5790434318239188,0.4920812498655008,0.0662826048657469,0.2421015010721944,0.5145328434986284,0.3765213702882524,0.0939557223852453,0.2261967070450419,0.0954507599417031,0.4901131774372039,0.616067075703176,0.3911588957387539
278_NEK_id_2_WebService_tr_500_1st_64,0.2840195394277739,0.5984427141268076,0.6245717660956881,0.3845333333333333,0.1378423328528661,0.2542979116187839,0.0,0.5984427141268076,0.6245717660956881,0.6245717660956881,0.1333333333333333,0.5984427141268076,0.5984427141268076,0.4457496136012365,0.1871733861104316,0.401161665053243,0.0,0.5984427141268076,0.5984427141268076,0.6245717660956881,0.1333333333333333,0.5984427141268076,0.6245717660956881,0.3923486986516149,0.1871733861104316,0.1911415509821324,0.0,0.5984427141268076,0.5984427141268076,0.5276447105788423,0.1333333333333333,0.5205611998064827,0.6245717660956881,0.3923486986516149,0.2186403160380855,0.2274007682458386,0.0,0.5984427141268076,0.5984427141268076,0.6245717660956881,0.1333333333333333,0.5984427141268076,0.6245717660956881,0.2,0.2221958237638922,0.4135002845759817,0.0,0.5984427141268076,0.5984427141268076,0.6246216768916156,0.1333333333333333,0.5984427141268076,0.6245717660956881,0.3923486986516149,0.3964028776978417,0.2796954314720812,0.0,0.5984427141268076,0.6245717660956881,0.6245717660956881,0.1333333333333333,0.5984427141268076,0.6245717660956881,0.3150843616217577,0.294638656825371,0.2550153846153846,0.0,0.5984427141268076,0.5984427141268076,0.5984427141268076
279_NEK_id_3_WebService_tr_500_1st_974,0.5023166473687518,0.4621484555094513,0.955799693408278,0.4565088066367062,0.4565088066367062,0.6127946127946128,0.2342342342342342,0.5535063500828271,0.4821752265861027,0.955799693408278,0.5023166473687518,0.4806746310611385,0.447098976109215,0.4827586206896552,0.4827586206896552,0.3878676470588235,0.0,0.4821752265861027,0.4983498349834983,0.955799693408278,0.3943857286119256,0.3082772277227723,0.955799693408278,0.4859934107444688,0.4069770025552716,0.447098976109215,0.0,0.4821752265861027,0.4731543624161073,0.955799693408278,0.5023166473687518,0.2930752047654505,0.955799693408278,0.4907580570327278,0.4641427195783285,0.4431401320616288,0.0,0.670344827586207,0.453409090909091,0.9491916859122402,0.5023166473687518,0.3876606683804627,0.955799693408278,0.3818178398528454,0.4581383575686614,0.3654114365411436,0.0,0.6837467604590893,0.4983498349834983,0.955799693408278,0.5023166473687518,0.3373601789709172,0.955799693408278,0.4565088066367062,0.4565088066367062,0.2371932443780909,0.0,0.5535063500828271,0.4983498349834983,0.955799693408278,0.5023166473687518,0.2930752047654505,0.955799693408278,0.3587967183226983,0.4641427195783285,0.6127946127946128,0.0,0.4821752265861027,0.4821752265861027,0.955799693408278
281_NEK_id_5_WebService_tr_500_1st_974,0.3561704398201082,0.6826347305389222,0.9685088633993744,0.5269461077844312,0.4507042253521126,0.3176895306859206,0.0,0.4862385321100917,0.4775086505190311,0.679245283018868,0.4870414335492736,0.4705882352941176,0.4862385321100917,0.4507042253521126,0.6013256240304612,0.367816091954023,0.0,0.4862385321100917,0.5155555555555555,0.6826347305389222,0.4912877095613858,0.4507042253521126,0.9685088633993744,0.4507042253521126,0.6013256240304612,0.3176895306859206,0.0,0.5060240963855421,0.5060240963855421,0.5987261146496816,0.4912877095613858,0.4705882352941176,0.9685088633993744,0.4507042253521126,0.6013256240304612,0.3176895306859206,0.0,0.4862385321100917,0.5060240963855421,0.9685088633993744,0.4912877095613858,0.5986394557823129,0.9685088633993744,0.4507042253521126,0.6013256240304612,0.3176895306859206,0.0,0.5921625544267054,0.5060240963855421,0.9685088633993744,0.3925042972827204,0.4507042253521126,0.9685088633993744,0.4507042253521126,0.6013256240304612,0.281524926686217,0.0,0.509090909090909,0.4775086505190311,0.6427681660899655,0.4912877095613858,0.4705882352941176,0.9685088633993744,0.4218694885361552,0.2630551949329242,0.3176895306859206,0.0,0.4862385321100917,0.4931506849315069,0.679245283018868
282_NEK_id_6_WebService_tr_500_1st_64,0.1988737681839512,0.810358957547943,0.7816559659801551,0.2730077120822622,0.3459839101008811,0.2007042253521127,0.0,0.7056977395852793,0.6773024472258548,0.7056977395852793,0.2214753686617456,0.6152442996742671,0.7056977395852793,0.2415195443666143,0.3360981666211094,0.1834895103861708,0.0,0.5441654950793332,0.7183715694030305,0.7816559659801551,0.2929416910533956,0.4067183462532299,0.7056977395852793,0.4732192159028161,0.3360981666211094,0.1752849311773822,0.0,0.7056977395852793,0.7056977395852793,0.6890009699321048,0.29425859953979,0.7139350180505415,0.6828173938378616,0.295347462333614,0.3360981666211094,0.1574446535892756,0.0,0.5441654950793332,0.5580241077759395,0.7056977395852793,0.29425859953979,0.810358957547943,0.810358957547943,0.3603277752194749,0.286676385202131,0.1252747252747252,0.0,0.5500029296302806,0.7522987631241441,0.7056977395852793,0.2677910224762895,0.7139350180505415,0.6196311719214753,0.4732192159028161,0.2871536523929471,0.1542625169147496,0.0,0.6460357880247763,0.6580093164749502,0.7056977395852793,0.2714646172022661,0.7139350180505415,0.7380504099605224,0.4732192159028161,0.3806406293902782,0.1252747252747252,0.0,0.6460357880247763,0.6773024472258548,0.6460357880247763
283_NEK_id_7_WebService_tr_500_1st_777,0.4368502189060863,0.6080586080586081,0.9467849223946784,0.4037873332747905,0.436360638817405,0.4875770666641431,0.0,0.6974764967837704,0.6884557721139432,0.9467849223946784,0.4087609771859168,0.4043922756531616,0.3803323719269331,0.4457409568261377,0.674216627769063,0.4437936997157419,0.0,0.6350574712643678,0.6562200872123941,0.9467849223946784,0.4128523254127891,0.3626603822990312,0.9467849223946784,0.4945073310418111,0.674216627769063,0.4168096157887889,0.0,0.6974764967837704,0.641543782996541,0.8213399503722084,0.6883955073675456,0.661575439981447,0.8213399503722084,0.5862904289922874,0.6427055606533769,0.4275479174345742,0.0,0.6974764967837704,0.4998519395913533,0.8213399503722084,0.6189999360845387,0.3886269467066723,0.7655759748991483,0.5016414970453054,0.5314954613527308,0.4249326418414864,0.0,0.764093668690373,0.6914600550964187,0.9467849223946784,0.6189999360845387,0.3763075669066703,0.9467849223946784,0.42291820648272,0.3578642862339152,0.3750158047793653,0.0,0.764093668690373,0.7178924259055983,0.9467849223946784,0.6883955073675456,0.672581211047722,0.8498789346246973,0.554453822835562,0.674216627769063,0.4841787677001086,0.0,0.6974764967837704,0.6884557721139432,0.9467849223946784
284_NEK_id_8_WebService_tr_500_1st_976,0.4405940594059406,0.9175257731958762,0.9175257731958762,0.3410992871164376,0.4342793251997763,0.4342793251997763,0.5975024884625826,0.9175257731958762,0.9175257731958762,0.9175257731958762,0.4342793251997763,0.2075207819350377,0.9175257731958762,0.2808412904323416,0.4405940594059406,0.4721485411140584,0.4721485411140584,0.9175257731958762,0.7923227508724148,0.9175257731958762,0.3368127792752863,0.1084361092407994,0.9175257731958762,0.2808412904323416,0.5975024884625826,0.5975024884625826,0.5975024884625826,0.9175257731958762,0.5461265436625502,0.9175257731958762,0.416659206874944,0.1084361092407994,0.9175257731958762,0.2808412904323416,0.5975024884625826,0.5975024884625826,0.5975024884625826,0.9175257731958762,0.9175257731958762,0.9175257731958762,0.3368127792752863,0.1084361092407994,0.9175257731958762,0.2857142857142857,0.5975024884625826,0.5975024884625826,0.4721485411140584,0.9175257731958762,0.5461265436625502,0.9175257731958762,0.3368127792752863,0.1084361092407994,0.9175257731958762,0.5953177257525083,0.5975024884625826,0.5975024884625826,0.3410992871164376,0.9175257731958762,0.4721485411140584,0.9175257731958762,0.416659206874944,0.1084361092407994,0.9175257731958762,0.2106508875739645,0.5975024884625826,0.5975024884625826,0.5975024884625826,0.9175257731958762,0.9175257731958762,0.9175257731958762
285_NEK_id_9_WebService_tr_500_1st_780,0.5040419918211441,0.3186520336356477,0.9567581998474448,0.4228160587244526,0.4582990558310756,0.4402116787829011,0.0,0.6714659685863874,0.6357240905971174,0.9737108190091,0.5799109533932798,0.5808639153850308,0.8512579415501907,0.4816024130826639,0.6784917736839945,0.3557207324907364,0.0,0.6714659685863874,0.5025943636178655,0.9567581998474448,0.5155991130793842,0.2967874012056524,0.9567581998474448,0.5808639153850308,0.6784917736839945,0.3464822219820599,0.0,0.6972914477501921,0.4698000760809839,0.8625326858423608,0.4748165119921004,0.559609009859316,0.8512579415501907,0.4997941432627161,0.6784917736839945,0.435156550599157,0.0,0.7309698996655519,0.4554928412259985,0.8625326858423608,0.6758531584659581,0.3514214112303234,0.6962043075004547,0.5682874106243336,0.3881972692494065,0.4044072909635018,0.0,0.8020901194353963,0.6223797315638667,0.9737108190091,0.6758531584659581,0.336866244959581,0.8625326858423608,0.3727802210449878,0.337549967848217,0.3464822219820599,0.0,0.7720626541173202,0.617664682618943,0.9567581998474448,0.5783498202886604,0.3441759391537053,0.9567581998474448,0.3906814535816419,0.4582990558310756,0.39526996383494,0.0,0.7720626541173202,0.6972914477501921,0.9737108190091
286_CATSv2_id_1_Sensor_tr_17792_1st_17892,0.7174755535456704,0.2370676388322938,0.3042175960860023,0.1539350156871647,0.1602669549456664,0.1650322188967281,0.1451320891115467,0.173950994208609,0.1357928646845219,0.2962479747953176,0.7226758767921658,0.2053692603575365,0.2813683131257448,0.1350029075145722,0.162044363895948,0.1873292990287994,0.1462975799686654,0.2318645378652173,0.139992006905718,0.311961393627501,0.3005516094491288,0.206959413432812,0.3263349088565602,0.1848013361021266,0.1762996566019357,0.165740031180371,0.1351076269638532,0.2045475821470297,0.1375983592243681,0.3343548887560287,0.8090135352988376,0.2062587096568736,0.3429467182494753,0.1613388951067494,0.1332251449089653,0.1650322188967281,0.1237085487889766,0.1817237391761558,0.1400071031246852,0.2829300557575763,0.7174755535456704,0.2384303449702494,0.3204750770619033,0.1835766456942239,0.1534394208577231,0.1650322188967281,0.1448267574701685,0.189729552610823,0.1422376593860055,0.3129009477972034,0.5428070225737579,0.2388517111925756,0.2948990361544657,0.1681020305242772,0.176281838949445,0.1650322188967281,0.1288783284751521,0.1586484867914391,0.1411782896112671,0.3690448269993313,0.4006769206613132,0.2077850226473064,0.3519378418249113,0.1570037215172325,0.1659931169881554,0.1650322188967281,0.1272685384963217,0.1829397667186567,0.1555060609768289,0.3455372942438229
287_TODS_id_1_Synthetic_tr_500_1st_11,0.0544176646255015,0.0692414217571934,0.0759040248041622,0.0806705081194342,0.0753539187274127,0.0746430396581554,0.0536390408077408,0.052882821709496,0.0695178144226802,0.0744021465312196,0.0542848177569322,0.0713603058298821,0.0735081777847785,0.0663332455909449,0.0373525421391301,0.0724328930549638,0.0638065221586158,0.0645458736745043,0.073451951391481,0.0742931330165767,0.0533071301357243,0.0703862535310217,0.0760266513458586,0.0497791495998616,0.0373831521232765,0.0682401904726195,0.0672870436649964,0.0646813353566009,0.0599547511312217,0.0580195385956061,0.0576933504437255,0.0689171001033902,0.0735617730273499,0.0737273728606998,0.0373525421391301,0.0715474927322447,0.0654405822466419,0.0700710756038287,0.0683727480211722,0.0721016440759501,0.0509851330830144,0.0680561684013808,0.069854635229979,0.0794803339738466,0.0373525421391301,0.067895458403151,0.0701426144065369,0.0745139908358912,0.0681723707911874,0.0779270146984287,0.0516156105749055,0.0724356029822268,0.0728322514330676,0.0812339402456582,0.0743658738959498,0.0708078532346315,0.0564386086155263,0.0550313901345291,0.0720144028805761,0.0732510313847966,0.0516156105749055,0.0714829171001608,0.0769316468352333,0.0787006176954184,0.0373831521232765,0.0700436503908233,0.0639695726261228,0.0538345515721081,0.0713688707280832,0.0779270146984287
288_TODS_id_2_Synthetic_tr_500_1st_65,0.1584612428789811,0.1289941262140604,0.2069957175455596,0.2038748137108793,0.4091547788051013,0.2421801956918178,0.1884343560495677,0.2034552341841611,0.2252603826748838,0.2128533780546238,0.1850295349293395,0.2549824101862347,0.5005362055359683,0.1507448733574726,0.1024400549276434,0.2414894971145374,0.1503999576570506,0.0925659999924703,0.2012242165332993,0.1385620915032679,0.1809666136164483,0.257041246960162,0.5005750003944284,0.2049409683057868,0.1287100365834261,0.2321732177920963,0.1390091186286209,0.1678048411640721,0.1421789409616555,0.2194806493839724,0.1536869096624427,0.257041246960162,0.5005362055359683,0.2293041130334157,0.130167451297776,0.2287672709908965,0.1206048927179827,0.1062352095834963,0.2322726195130655,0.5002459792844183,0.2109840047004342,0.2476207381252788,0.1538592216793685,0.2398639685487566,0.1786908308507117,0.2416417488637575,0.2169370199945671,0.1756756756756756,0.2244109168404408,0.2052127885183489,0.1547977370211507,0.2365547504847433,0.1817914010579139,0.2362642413100796,0.2361702127659574,0.2341869123657416,0.1755637134974529,0.2097587774059831,0.2281210824899251,0.2230330672748005,0.1753673765315522,0.2497139649727572,0.2922126050978139,0.2372038633115336,0.2551239559856821,0.1988904781137882,0.1805021054314801,0.2254501656127673,0.2240567951318458,0.2476015698894336
289_TODS_id_3_Synthetic_tr_500_1st_26,0.0708087021327428,0.0599201487254989,0.091898104612041,0.1946930749910297,0.1464048405507237,0.1814966579482708,0.1623592946128177,0.0896899979190383,0.155303276029841,0.1023088156175543,0.079508245011008,0.1344213669324409,0.0868431394085844,0.1190338164251207,0.0367322566957553,0.1760910878112712,0.092154984762734,0.0658786027360871,0.1263536039155931,0.0956237049316204,0.0709097054218679,0.1301592935866255,0.1246696541422498,0.1653903040262941,0.0387529855961283,0.1752789842673757,0.1338133333333333,0.0738137082601054,0.1000889607763849,0.1204559932942162,0.0758831307212882,0.1218623435066059,0.0996189195247702,0.1150202500440218,0.0829533627884143,0.1810227291760882,0.0991789760397492,0.1224177505738332,0.1335470941883767,0.094951498828527,0.0682414698162729,0.1351453441178836,0.0931376659678546,0.1199723668827718,0.0330969267139479,0.1983793974317931,0.1145711117830864,0.0812294568587563,0.0912849371600075,0.1112591770004318,0.0703921124458502,0.1558650658424799,0.103666343355965,0.1733696674776966,0.0377358490566037,0.1779820403591928,0.1706009655402031,0.0684044117647058,0.0947877013177159,0.0816038995726495,0.0717094144566857,0.1659661234647186,0.0741314592356514,0.193952652082709,0.181992323158472,0.182863959165557,0.1349761338084656,0.0842228606329314,0.1038048780487805,0.0776371308016877
290_TODS_id_4_Synthetic_tr_500_1st_26,0.1192763012798955,0.269195813197402,0.1888686830313351,0.2826799592304752,0.2555604072805831,0.3040593506728622,0.1626746417604913,0.2938964805914198,0.2714415164689073,0.5012708966361695,0.1964198847442918,0.2585887360838245,0.5013260830231182,0.1439123776895325,0.2646818413887306,0.2470221691081053,0.1973035251874741,0.1551987333035605,0.204653702800366,0.501651941907219,0.1769874728078622,0.2820697476717102,0.5013260830231182,0.1288878506094558,0.171594774252642,0.259683810398204,0.1629566720924356,0.294103556755324,0.1634464764079947,0.3059138638910939,0.1704364425731483,0.2551790429016146,0.5013260830231182,0.1929985025699138,0.1769677311177025,0.2873867518776613,0.1884237009535232,0.2862400962692685,0.29460753966961,0.5015967797864567,0.2232297357608539,0.2251267473146169,0.2025827875657227,0.2645690669986832,0.1903501997178288,0.2610143965646993,0.2413896951763656,0.2648192229180362,0.2993694261778218,0.241936942714494,0.1320344830908985,0.285473790769036,0.2811149947626336,0.2912383546307468,0.250861475409836,0.2700461224220861,0.2240515181275063,0.2935499150461981,0.2772140879831904,0.2746140235228811,0.1340632250317714,0.2442631754716182,0.2376207058358648,0.2677648986278926,0.2717654822833955,0.2379752991723778,0.1761102118838004,0.2938964805914198,0.2843473989520958,0.2639996056782334
292_TODS_id_6_Synthetic_tr_500_1st_11,0.0471445507746615,0.0688619757782004,0.0544975714509154,0.0743750018683431,0.0740938314412567,0.0711521531221696,0.0566218630740784,0.0527620440350114,0.0691617421755307,0.0561585653610193,0.0471445507746615,0.0731667244747074,0.0614657210401891,0.0572813395020929,0.0395588965149919,0.0704822469528352,0.0604017796952946,0.055952255593091,0.0542913150941788,0.0562163754203823,0.0471445507746615,0.0699816431032817,0.0655960323551986,0.0613895863931397,0.0393594222584539,0.0734656627880447,0.06054733657891,0.0613378827809162,0.0738617399328529,0.0640498550222876,0.0432034902582014,0.071534478432446,0.0612018626653854,0.0681713443015807,0.0395588965149919,0.071204992452171,0.0619657272715261,0.0576302221365585,0.052063492063492,0.0608272506082725,0.0432034902582014,0.0761873350923483,0.063456177703637,0.0750477788654267,0.0449430608589869,0.073440915532796,0.069222167225797,0.0631981795614398,0.0695065463600096,0.0697444026154151,0.0471445507746615,0.0717053071766804,0.0600625768242261,0.0738294998989802,0.0548567104889813,0.0715034599662253,0.0564318292905918,0.0634328358208955,0.0659369163726914,0.0690505548705302,0.0471445507746615,0.0720207862747914,0.0685197155785391,0.0711187619192277,0.0393594222584539,0.0703137600420142,0.0580906546761747,0.0516934094897754,0.068001991249833,0.0613668061366805
293_TODS_id_7_Synthetic_tr_500_1st_7,0.1013504599620663,0.4058291126947843,0.2363553848839239,0.4365244525743799,0.4365244525743799,0.4854491823935393,0.4836794414354288,0.3509611612397018,0.4013350986852234,0.4090654903342922,0.1012245972874511,0.3177911062213863,0.3519327851782701,0.3103187066974595,0.0643878755364806,0.4549052497054653,0.1231694014151845,0.2158356109989742,0.1800330943188086,0.2535570088143303,0.1045387201301447,0.4657500631518171,0.3696011845366466,0.3566452509116166,0.1104526748971193,0.4268649515745801,0.191145528069285,0.4219689775245331,0.4013350986852234,0.438469284141638,0.117315850230894,0.4286217419954855,0.342746171818033,0.3000061338403975,0.055789690201318,0.4294063357515806,0.2176610978520286,0.4041133923165977,0.349615306052972,0.3667167543200602,0.1094511424792871,0.4087016482939632,0.2676402883764071,0.4180530044607715,0.1846131651552531,0.4465859248224033,0.3431389483338428,0.3779877709838799,0.3457579782187985,0.3148892369657641,0.109488166910741,0.4648874251654353,0.3779941124363597,0.4390664952144231,0.055789690201318,0.4462647135522045,0.4834574818021689,0.3970339758752255,0.4020065500439331,0.3131802940417849,0.109488166910741,0.4276370374798254,0.090212623472292,0.4260110578851862,0.0587526840538453,0.4721567732028793,0.4119085065568805,0.3707218576476527,0.4013350986852234,0.3885991095280499
294_TODS_id_8_Synthetic_tr_500_1st_200,0.1635013103628955,0.2029804383784856,0.2585344843729518,0.3158003707255713,0.2925975304334824,0.3858906019613262,0.2335194142690095,0.2670018510426231,0.5591407100623316,0.5349344516420712,0.2114064312040581,0.4150406872976979,0.5349344516420712,0.2087179335701369,0.2872027762314147,0.3042534238948892,0.2645036730080994,0.3390200628182619,0.1589730719588743,0.2150912124961687,0.1893037660952571,0.3496357960457857,0.5349344516420712,0.2402477453004455,0.253532472855176,0.279227489493949,0.1843331455620107,0.2249861279876007,0.2684045447977234,0.3260961240708499,0.1893037660952571,0.3810492242248604,0.5349344516420712,0.2727542970969044,0.1915741721897181,0.2498699306856428,0.2641740959631373,0.239417934070732,0.3999097180652188,0.3191450824126063,0.2062874358882393,0.5414574251858609,0.5349344516420712,0.4217330396069919,0.191668854476865,0.2132860589547989,0.2693852102621074,0.2374018359947542,0.4418251671963193,0.2627797753025663,0.1957010747313171,0.4823912267074928,0.5141942265594917,0.4264815273989586,0.3005523856364568,0.3244622739934872,0.2406641395849107,0.1988724559134151,0.3612240816054403,0.5440460364576695,0.1957010747313171,0.3192504838538841,0.1686970837253057,0.3797599460478536,0.3099161789328817,0.287226171621154,0.2715558263549341,0.2412832923484654,0.3850239539759549,0.5219356708200522
295_TODS_id_9_Synthetic_tr_1250_1st_2046,0.2678019657450272,0.336985884025562,0.3617308637928209,0.6795348430532482,0.6602361884077645,0.6018309100700054,0.5947032560165525,0.4964869134025153,0.672807275499646,0.3603287949196065,0.3592639107997956,0.2501857577775663,0.5100253412456283,0.42,0.2280689169945108,0.6018309100700054,0.2661422260225168,0.5277064444317862,0.3017587015437435,0.4909281961471103,0.2455739002794618,0.2668303393903767,0.338008693213075,0.6498924407672056,0.5574653181777499,0.6018309100700054,0.3994405594405595,0.5346861679644331,0.189301149800212,0.3030651613476753,0.3592639107997956,0.4457270944242085,0.2991274842462433,0.6018309100700054,0.6018309100700054,0.6018309100700054,0.2087310117976145,0.5699713247944944,0.6027991881827117,0.3305856628702655,0.2125669584455434,0.4093740902474526,0.3557567696124367,0.6099556431739773,0.606734366648851,0.5899807766243753,0.5654450261780104,0.5475022633537872,0.4389265150775837,0.4103597122302158,0.2505659784410725,0.3518415607449009,0.2867854985177241,0.6788546603475514,0.6695414021077436,0.6018309100700054,0.6100269541778975,0.6242906979989393,0.5786038121431498,0.4388106796116505,0.2455739002794618,0.4278173318950018,0.3710669077757686,0.6724869361648762,0.6695414021077436,0.6018309100700054,0.5992510402219141,0.6298658149068936,0.4974030268275034,0.3698579450976679
296_TODS_id_10_Synthetic_tr_500_1st_26,0.0681380186933523,0.0772742263030913,0.0869518773700795,0.0711685136463897,0.0756898882153761,0.0735215769845498,0.0712534256454637,0.0539676903958814,0.1240310077519379,0.090195362424685,0.0685030580143448,0.0975609756097561,0.0824955932763281,0.0488892647359925,0.0537604830120541,0.0677615247389697,0.0774785428873479,0.0622106664894377,0.0674687426279783,0.0593626904864548,0.0651333032333761,0.1111654973622668,0.060263260804234,0.0766874207267488,0.05491613451462,0.066208539156535,0.0738608275902178,0.055998790143056,0.0543526382767756,0.0792801969272557,0.0714222462355476,0.0818685841188986,0.0650660710962218,0.0440091018537778,0.0507727995412724,0.0659036807337127,0.0790917691579943,0.0677000383703633,0.0967458223394898,0.0776416284380412,0.0818414322250639,0.1094055227748467,0.0561073101351185,0.0655183292321282,0.0537604830120541,0.0856269113149847,0.0937696771668283,0.0603092549766471,0.0811287477954144,0.1057858297495959,0.078636864774546,0.1110124670870419,0.0601935178205514,0.0758334931800039,0.0537604830120541,0.0673818461258633,0.080563947633434,0.0706154308966259,0.0800685078141725,0.1204259748578749,0.0685030580143448,0.114670837219035,0.0645135154295668,0.1046265168306264,0.070910866700763,0.0736006015885698,0.0749197288619336,0.0559678793040515,0.0981912144702842,0.0934008317022749
297_TODS_id_11_Synthetic_tr_500_1st_7,0.0716750934538102,0.0939648701669241,0.0974124809741248,0.44,0.3904315707620528,0.3847397695669448,0.3418561278863232,0.2383424596714518,0.2855729096154449,0.0963712076145151,0.0716750934538102,0.126455046007169,0.1270950463792277,0.262575976845152,0.1705120072496602,0.3552519862445156,0.1322008319628519,0.1263900660026814,0.1823043649233189,0.3167600681419568,0.1060913213652123,0.0748504425104086,0.0963712076145151,0.3691748575204427,0.1287027748924172,0.3178610079575596,0.2608896817632503,0.190704032809296,0.2677960119992941,0.0961836941812418,0.0716750934538102,0.0607510431154381,0.0963712076145151,0.3924603836530442,0.4241409539064276,0.3839457596976771,0.1052152401917045,0.1244577994610279,0.268963812886143,0.1270950463792277,0.0716750934538102,0.3187540092281862,0.1270950463792277,0.4289817866435386,0.1705120072496602,0.3633108960875053,0.2953588182453338,0.1701008786202408,0.1189380530973451,0.0963712076145151,0.0672953041563446,0.1499402995447753,0.1005848806314753,0.4392516956182634,0.437094518384841,0.3338826951042172,0.3437514466304637,0.1834390009606148,0.2342342342342342,0.0963712076145151,0.0716750934538102,0.1499402995447753,0.0963712076145151,0.4517330870652139,0.430081744757496,0.3651201809784146,0.210070969922271,0.1693074987862471,0.254924484152308,0.0963712076145151
298_TODS_id_12_Synthetic_tr_500_1st_0,0.1017128546619183,0.2554863388524859,0.0946557843404338,0.1676209766421272,0.1456062917598571,0.1311562750542397,0.1335455052636559,0.1233996101623978,0.2317454014240864,0.1831531373700625,0.1453265160260437,0.1544598554956552,0.1096611194567632,0.2394623250063295,0.4998324458464601,0.1213611451545039,0.1732304437528466,0.1186910783436531,0.2205983938464432,0.1578094122766663,0.1543529821172984,0.188971305579913,0.141988111300559,0.1952477638889763,0.4998324458464601,0.1850734856972471,0.1369290828258687,0.151087371232354,0.1687130536995883,0.1027849081731755,0.123797793566858,0.2272613639947932,0.1004415196181324,0.1885375514496329,0.4017754864516391,0.1383565235870366,0.1080457953590348,0.1154177597881727,0.1902647593732512,0.1163409929104005,0.1453265160260437,0.2273811625643809,0.1076476402897986,0.1845912205498272,0.2869211981517115,0.1359889862787801,0.1735627750139264,0.1193867054837524,0.167838086538526,0.1599814439219359,0.1453265160260437,0.2307829065980594,0.1198399920987292,0.2424679411043798,0.1796347409921304,0.1233473722183207,0.1377835680434804,0.0973129873922747,0.1383000677523775,0.1474871690637444,0.1895396056871466,0.2334980644624338,0.1004415196181324,0.216670007141443,0.1529056005751709,0.1240445846407716,0.1394520159309115,0.115995911825948,0.2227703266397079,0.1217792518041485
299_TODS_id_13_Synthetic_tr_500_1st_65,0.1294035881800306,0.0991409831018677,0.1469119601191802,0.1326623993402698,0.1402099639021051,0.1747611969236734,0.1451105741484173,0.1360160811304703,0.203318998038328,0.1514332600118711,0.166791521308243,0.1312889301430906,0.1469119601191802,0.0943652849740932,0.0868552757522943,0.1315583611386659,0.0858662613981762,0.1642327777604053,0.2017585750381587,0.1752116387179342,0.166791521308243,0.1455750344148721,0.1469119601191802,0.0951703440464233,0.0921811421243279,0.194896331738437,0.0966287814706018,0.1646923688119667,0.1673000030500752,0.1531675269826372,0.1294035881800306,0.1239363043284611,0.1469119601191802,0.1439657020364416,0.0868552757522943,0.122824343976423,0.1184423452509067,0.1642300498753117,0.201004448270914,0.1738417819423646,0.1172975391498881,0.15439783051661,0.1469119601191802,0.1674508204724808,0.0868552757522943,0.1443667937314697,0.1499602406955999,0.1524386731313906,0.1264585518115596,0.1707180500658761,0.1165648003569038,0.1467354705148111,0.1469119601191802,0.1224213598957821,0.0868552757522943,0.19645991372899,0.1341474173411315,0.1592011412268188,0.2087468838291506,0.1709490586510822,0.166791521308243,0.1426993469564798,0.1493346390046533,0.128087201185096,0.1227139282976846,0.1687247547605308,0.1564895330112721,0.1353142360629673,0.2200382271739663,0.1513405220408441
301_TODS_id_15_Synthetic_tr_500_1st_245,0.1721421749496698,0.0667858760068617,0.0419541517280885,0.3360616100821899,0.2963928726640591,0.3203024409638186,0.3153085696501473,0.3921636620409354,0.3886536833192209,0.0624981177777685,0.2528002765524291,0.2307692307692308,0.0419541517280885,0.2185001768659356,0.1370473537604457,0.3446056449485624,0.2575425754936974,0.1733117717504028,0.2544972789791846,0.1140350877192982,0.2528002765524291,0.2307692307692308,0.0419541517280885,0.2987366363562338,0.1370473537604457,0.2343288684464058,0.2555453662275957,0.3057983500195098,0.1480742587974508,0.0351760667159378,0.2528002765524291,0.1777777777777777,0.0419541517280885,0.3079140461215933,0.1370473537604457,0.2827746818597688,0.25799959870275,0.1727182154119129,0.303030303030303,0.0419541517280885,0.1980660446507932,0.1818181818181818,0.0419541517280885,0.4112006137322593,0.1370473537604457,0.2139005149838584,0.2594326816282637,0.2487555410251147,0.2105263157894737,0.1052631578947368,0.2528002765524291,0.1290322580645161,0.0419541517280885,0.3387096774193548,0.1370473537604457,0.3029032912991495,0.3257019438444924,0.1662568366723301,0.1822930987077261,0.0419541517280885,0.2002064699455367,0.1,0.0349597330005464,0.2963928726640591,0.2272114952851369,0.3041610985668863,0.3158935064498225,0.172118854730821,0.3078066914498141,0.0419541517280885
302_Power_id_1_Facility_tr_7685_1st_7785,0.5926139798274448,0.2208141620748308,0.3116700280804723,0.3695527084186125,0.2094267479131488,0.2649672804364776,0.2144306665755422,0.2041822834035344,0.2228077389746011,0.1484532303317143,0.0595341998211303,0.1810395790366175,0.1528357008257688,0.4666357458307286,0.4447501105517363,0.3072068633549626,0.1818161414158639,0.2147624290148221,0.4731237351243912,0.1953155658466791,0.6541226466645079,0.1852350493545537,0.1628673001158059,0.2419977843814906,0.2049075385754984,0.3726427614244163,0.1912913824999309,0.2105847689326573,0.1715191126955833,0.2447499058295941,0.6516518115503945,0.3291952133410394,0.1593752874300758,0.2443647338272175,0.4946411881050388,0.4744709471538235,0.1929136470413852,0.212565628573575,0.1964891993066806,0.2151876769753937,0.1003424760083171,0.1843393676377712,0.1520448770534286,0.3695527084186125,0.2584248470847274,0.4646295544074251,0.2050555786575541,0.2390230059398577,0.1887010179402939,0.1954018949164363,0.4334531223254513,0.2125398033075317,0.1527492872358513,0.2166488103860026,0.2127252019051563,0.4744709471538235,0.1924671045194288,0.2003147275136903,0.4403285947707152,0.1670379628040221,0.4334531223254513,0.1867414228442825,0.1639831119525459,0.2454516864619942,0.4946411881050388,0.4646295544074251,0.2147597121319405,0.2226340309610937,0.1939407558400743,0.211779902865278
304_UCR_id_2_Medical_tr_2499_1st_7000,0.0122699386503067,0.5098039215686274,0.2888888888888889,0.40625,0.2888888888888889,0.3762116600327792,0.0771513353115727,0.2888888888888889,0.0135715190675281,0.2759654178674351,0.0173329980722487,0.6842105263157895,0.6842105263157895,0.2409662808253648,0.489070480081716,0.0513833992094861,0.1547619047619047,0.2241379310344828,0.0435510887772194,0.40625,0.0802469135802469,0.6842105263157895,0.6585969738651994,0.3889520714865963,0.489070480081716,0.1276459610770461,0.1922119630670413,0.2888888888888889,0.0217573221757322,0.6585969738651994,0.1547619047619047,0.6842105263157895,0.1922119630670413,0.6585969738651994,0.8931628682601446,0.489070480081716,0.0955882352941176,0.2888888888888889,0.0196226415094339,0.3376623376623376,0.1474591931013242,0.6842105263157895,0.489070480081716,0.2464839094159714,0.1368390968848242,0.6585969738651994,0.0635772141813836,0.3376623376623376,0.0100502512562814,0.489070480081716,0.0221827735567705,0.6842105263157895,0.1677419354838709,0.2524271844660194,0.3889520714865963,0.489070480081716,0.5098039215686274,0.3376623376623376,0.0488721804511278,0.2123430685872869,0.0763514590974326,0.6842105263157895,0.1003861003861003,0.1830985915492957,0.2714647744551445,0.2409662808253648,0.2888888888888889,0.3376623376623376,0.0224913494809688,0.2888888888888889
307_UCR_id_5_Facility_tr_29895_1st_39240,0.0012395413696932,0.0275400074432452,0.0111279820881694,0.009848173984407,0.0023313212608987,0.0088089557717012,0.0085243635525861,0.0053191489361702,0.001808212907186,0.0287267080745341,0.0002414757184845,0.0034848264846812,0.057767369242779,0.0064436572893117,0.0078240642842038,0.0063460766056888,0.0059033320879046,0.0049235819058364,0.0067199418815837,0.0052407932011331,0.0145270886159863,0.0062711784638554,0.0027349931461829,0.0038005732947333,0.0045911403399925,0.0038869544092639,0.0055002229820127,0.0012045471655499,0.0056398140385641,0.001547189272821,0.0006043513295729,0.0071498255535162,0.0053818181818181,0.0047661986345484,0.0040941658137154,0.0020567073747988,0.005120044281464,0.005068146017396,0.0012229610945501,0.0083890465425745,0.000160604139237,0.0101203501094091,0.0047211943345667,0.0048588312541037,0.0052545622381594,0.005888906573293,0.0175226586102719,0.0050005208875924,0.0055925030229746,0.0015484370463563,0.0007353617060391,0.0089366553770832,0.0295421793592728,0.0023217567959756,0.009848173984407,0.004992241786413,0.004906511072802,0.0031555073464155,0.0014735678762202,0.0025231286795626,0.000160604139237,0.0121920534345906,0.0066528814168839,0.0044089609151572,0.004885993485342,0.0017313688572766,0.0042227801871718,0.0036846510872484,0.0014735678762202,0.0040917223844053
309_UCR_id_7_Medical_tr_3000_1st_5948,0.0377358490566037,0.0709459459459459,0.0183322155153141,0.0798035604665439,0.0107836380589451,0.017943409247757,0.014329580348004,0.0619933237958989,0.0428618529508737,0.0463065049614112,0.0377358490566037,0.3853211009174312,0.0442571127502634,0.0619933237958989,0.1000121966093425,0.0094926859632741,0.034668940039784,0.1875901875901875,0.1875901875901875,0.0178894779326744,0.0377358490566037,0.151624548736462,0.0463065049614112,0.1875901875901875,0.1000121966093425,0.0098716683119447,0.0121212121212121,0.0798035604665439,0.1119724375538329,0.0178894779326744,0.0377358490566037,0.0990566037735849,0.0244328396297294,0.1875901875901875,0.1000121966093425,0.0098716683119447,0.0127388535031847,0.0619933237958989,0.1119724375538329,0.0463065049614112,0.0377358490566037,0.0990566037735849,0.0432989690721649,0.0327538422776518,0.0302158273381294,0.0150375939849624,0.0798035604665439,0.1875901875901875,0.1875901875901875,0.0178894779326744,0.0377358490566037,0.1640625,0.0463065049614112,0.1875901875901875,0.0108949416342412,0.0098716683119447,0.1875901875901875,0.0241950493206774,0.0798035604665439,0.0183322155153141,0.0377358490566037,0.3230769230769231,0.0151285930408472,0.0619933237958989,0.0265035677879714,0.0153139356814701,0.0176991150442477,0.0168546609620121,0.0798035604665439,0.0463065049614112
310_UCR_id_8_HumanActivity_tr_2631_1st_8285,0.0103703703703703,0.0240208877284595,0.0334768053562888,0.1166666666666666,0.0088547815820543,0.0156521739130434,0.5454545454545454,0.1508196721311475,0.0490666666666666,0.0364014560582423,0.0349999999999999,0.1508196721311475,0.3471698113207547,0.0214723926380368,0.0122699386503067,0.0178343949044585,0.5454545454545454,0.0490666666666666,0.0707692307692307,0.0306655433866891,0.0265556711758584,0.0859813084112149,0.0302375809935205,0.076595744680851,0.0227272727272727,0.0186666666666666,0.5454545454545454,0.2421052631578947,0.0304132231404958,0.2421052631578947,0.005528768884603,0.1858585858585858,0.0282642089093702,0.0349999999999999,0.0281124497991967,0.0186666666666666,0.5454545454545454,0.3471698113207547,0.0226600985221674,0.0776371308016877,0.0263157894736842,0.0372142477405635,0.0311804008908685,0.0111672111672111,0.0136696501220504,0.0190217391304347,0.0,0.0559270516717325,0.0240208877284595,0.3471698113207547,0.0206189878711836,0.2421052631578947,0.0189991518235793,0.047457627118644,0.0082782915015411,0.0178343949044585,0.5454545454545454,0.1095238095238095,0.0776371308016877,0.2421052631578947,0.0214452214452214,0.2421052631578947,0.0293501048218029,0.1166666666666666,0.0135514018691588,0.0186666666666666,0.5454545454545454,0.1095238095238095,0.0559270516717325,0.1268965517241379
311_UCR_id_9_HumanActivity_tr_16000_1st_38400,0.0817687646572408,0.3717988311907798,0.4399375975039002,0.4399375975039002,0.4399375975039002,0.4697161883621373,0.395493106229845,0.0829676904666932,0.4399375975039002,0.1173929120526243,0.1286496350364963,0.4399375975039002,0.2915438928114749,0.4399375975039002,0.3055254604550379,0.4399375975039002,0.395493106229845,0.360613810741688,0.360613810741688,0.4399375975039002,0.0963549118443353,0.1374939054119941,0.4050858006579532,0.4399375975039002,0.3055254604550379,0.4399375975039002,0.395493106229845,0.2721462278239054,0.4399375975039002,0.3273396398844073,0.1407185628742515,0.3717988311907798,0.4050858006579532,0.3790489317711923,0.2891692954784438,0.4697161883621373,0.395493106229845,0.1176744065914197,0.3790489317711923,0.4228600717580728,0.0719701189585707,0.360613810741688,0.4286221843245931,0.4399375975039002,0.3055254604550379,0.4697161883621373,0.395493106229845,0.1494946843417771,0.4399375975039002,0.4399375975039002,0.0931031371951781,0.3055254604550379,0.4050858006579532,0.4286221843245931,0.3139866793529972,0.4697161883621373,0.395493106229845,0.1689708141321044,0.4399375975039002,0.4399375975039002,0.1423882857864175,0.360613810741688,0.3960774791265853,0.4399375975039002,0.4399375975039002,0.4697161883621373,0.395493106229845,0.0955806620291876,0.4399375975039002,0.4399375975039002
313_UCR_id_11_Sensor_tr_2827_1st_4711,0.0873949579831932,0.3808998067899531,0.1976047904191616,0.065039117730229,0.1544186046511628,0.0330469372800695,0.2877397831526272,0.3808998067899531,0.4461354495053811,0.3808998067899531,0.0433820274457724,0.3808998067899531,0.4461354495053811,0.0898847130853904,0.3045531834498394,0.0386808546734653,0.105460619298471,0.4461354495053811,0.4038929440389294,0.4461354495053811,0.1020018786911568,0.0688450985283113,0.5060975609756098,0.0779705068082942,0.2877397831526272,0.0344579156460344,0.1504012899915711,0.3808998067899531,0.4461354495053811,0.1932231867824139,0.0020022883295194,0.3808998067899531,0.3911924506720045,0.1932231867824139,0.2234185733512786,0.0440051523356378,0.142431212198654,0.3808998067899531,0.4461354495053811,0.3808998067899531,0.0019694137979542,0.3808998067899531,0.5060975609756098,0.2311945049422014,0.5060975609756098,0.0633773453787352,0.3138814531548757,0.5060975609756098,0.5060975609756098,0.3808998067899531,0.0019694137979542,0.3808998067899531,0.4461354495053811,0.3808998067899531,0.3808998067899531,0.1337630942788074,0.2877397831526272,0.2311945049422014,0.4461354495053811,0.5334524425219803,0.093454779399316,0.3808998067899531,0.4461354495053811,0.0450950918240637,0.0660114844541667,0.0495394903612858,0.1222490312202968,0.4461354495053811,0.4461354495053811,0.3808998067899531
315_UCR_id_13_HumanActivity_tr_16000_1st_33070,0.0379216493773912,0.0588259272511515,0.1091575337860552,0.2552465897166841,0.2552465897166841,0.0171606864274571,0.0240963855421686,0.0232960252546993,0.50880251002266,0.0249770038719062,0.0379216493773912,0.0499649921905655,0.0633174893357708,0.0292571451481149,0.0538774606162961,0.0134589502018842,0.0465349849347171,0.3954571750449107,0.755951341598277,0.5192707500399808,0.0379216493773912,0.3954571750449107,0.0591715976331361,0.1136527342457219,0.2043330649959749,0.0136645962732919,0.0209002352081968,0.0330425446931709,0.2043330649959749,0.0351429746520336,0.0379216493773912,0.0821302777935866,0.0682320215986255,0.2043330649959749,0.3399522506259826,0.0147948890383322,0.0682320215986255,0.0232960252546993,0.50880251002266,0.0445915417522127,0.0379216493773912,0.1803938998305508,0.2552465897166841,0.0376068376068376,0.1703530784943099,0.0143979057591623,0.0146521634165217,0.0258363288064722,0.50880251002266,0.755951341598277,0.0379216493773912,0.0549293928077513,0.1024169065173678,0.0731010993964589,0.0602110170278158,0.0602110170278158,0.0185873605947955,0.0266671594383224,0.50880251002266,0.755951341598277,0.0379216493773912,0.0280186733628448,0.0609891245139841,0.2552465897166841,0.3399522506259826,0.0150616086355286,0.0173586229658328,0.0485037699842777,0.2552465897166841,0.0648967551622419
316_UCR_id_14_Sensor_tr_2833_1st_5988,0.1180204571444068,0.1188987002760221,0.223728813559322,0.0435356200527704,0.0307667555034241,0.1545667447306792,0.0496172384462716,0.0777087033747779,0.0269147954475546,0.1226978583401227,0.1194292490723385,0.2065706112563837,0.0255010442237936,0.5076923076923077,0.0384541362947467,0.2519083969465648,0.0768890852850198,0.0281437796662998,0.0238030467899891,0.2289077828646174,0.1180204571444068,0.2388245886878939,0.0298405661181686,0.0488527017024426,0.0476878612716763,0.2519083969465648,0.0357529794149512,0.0217077301771683,0.0423986924556864,0.1375690107702054,0.1180204571444068,0.2003526682134571,0.0719346093214947,0.1675126903553299,0.0488527017024426,0.2882096069868995,0.0222900675526667,0.0274515353049384,0.0198728449114193,0.034804909324052,0.1156295429108077,0.1468731199138722,0.2289077828646174,0.223728813559322,0.5076923076923077,0.1828254847645429,0.0311591988021496,0.0710083181172651,0.0530858355340487,0.3170289855072464,0.1180204571444068,0.2607741289754784,0.0986404490736234,0.080194410692588,0.0345188284518828,0.336734693877551,0.0339331619537275,0.0252634618160819,0.0334800076525731,0.1264769512398069,0.1156295429108077,0.2283401062588077,0.2650657000453104,0.0460411580048831,0.0455195287928175,0.223728813559322,0.0426081342801807,0.1083926912356766,0.0308402250974237,0.109431782667956
319_UCR_id_17_Environment_tr_6166_1st_19280,0.0729166666666666,0.0434647587151773,0.073469387755102,0.4974545454545454,0.0286994771350319,0.028169014084507,0.0343301787592008,0.1553427638737758,0.0856902761104441,0.0571955128205128,0.1512605042016806,0.0457784191117524,0.0951733333333333,0.4974545454545454,0.1636363636363636,0.0408820160366552,0.3214285714285714,0.179685336689742,0.0497508276703258,0.06999754841873,0.042911877394636,0.0457784191117524,0.079295154185022,0.4974545454545454,0.0266631703159826,0.0536288504883546,0.0323589222165734,0.1626894586894587,0.0686016338298894,0.0623814725802927,0.0541300527240773,0.0457784191117524,0.1222260273972602,0.4974545454545454,0.0525192519251925,0.056782334384858,0.0602643171806167,0.2769230769230769,0.0761996263677608,0.0779257641921397,0.1512605042016806,0.0451772151898734,0.0452261306532663,0.4974545454545454,0.0258992805755395,0.4736842105263158,0.0337711069418386,0.1368088164829899,0.0661764705882353,0.0659704251386321,0.1512605042016806,0.0451772151898734,0.1161290322580645,0.4974545454545454,0.0343942709369405,0.0414746543778801,0.0406320541760722,0.1313868613138686,0.0612703862660944,0.0762711864406779,0.0534351145038167,0.0451772151898734,0.0856902761104441,0.4974545454545454,0.0423529411764705,0.0266547884187082,0.0592953142026879,0.1232876712328766,0.09,0.0536288504883546
326_UCR_id_24_Medical_tr_1875_1st_4187,0.0027434842249657,0.4705882352941176,0.0179372197309417,0.0842105263157894,0.1428571428571428,0.074074074074074,0.0070484581497797,0.0024293956878226,0.054421768707483,0.0402010050251256,0.0068143100511073,0.4705882352941176,0.0043859649122807,0.4705882352941176,0.0122324159021406,0.0253164556962025,0.0070484581497797,0.0026490066225165,0.0402010050251256,0.0065952184666117,0.003012048192771,0.4705882352941176,0.0092807424593967,0.4705882352941176,0.1860465116279069,0.0597014925373134,0.0336134453781512,0.0038387715930902,0.0975609756097561,0.1428571428571428,0.0056818181818181,0.054421768707483,0.009009009009009,0.0217391304347826,0.4705882352941176,0.0975609756097561,0.0169491525423728,0.0179372197309417,0.0842105263157894,0.1428571428571428,0.0056818181818181,0.4705882352941176,0.2666666666666667,0.4705882352941176,0.1428571428571428,0.1159420289855072,0.1428571428571428,0.0169491525423728,0.1860465116279069,0.4705882352941176,0.0082815734989648,0.4705882352941176,0.043010752688172,0.1428571428571428,0.1428571428571428,0.0975609756097561,0.0842105263157894,0.0184757505773672,0.1428571428571428,0.1860465116279069,0.0068143100511073,0.4705882352941176,0.0033755274261603,0.1860465116279069,0.1428571428571428,0.1428571428571428,0.046242774566474,0.0023594180102241,0.0597014925373134,0.0336134453781512
331_UCR_id_29_Facility_tr_50000_1st_837400,0.0064149517206318,0.0097812097812097,0.0033783783783783,0.0324383762485109,0.3420560747663551,0.3163538873994638,0.6666666666666666,0.3529411764705882,0.0115959719255416,0.0157189161367106,0.0163300386764073,0.0254862508383635,0.0099346080652277,0.3236074270557029,0.1541582150101419,0.3163538873994638,0.6666666666666666,0.008989827300686,0.0165325212094844,0.3529411764705882,0.0130656030807316,0.0081309511073071,0.0157189161367106,0.0096159069919052,0.1066666666666666,0.3163538873994638,0.0,0.3529411764705882,0.0254862508383635,0.0213963963963963,0.005608481843199,0.0049816465652857,0.0099346080652277,0.0635451505016722,0.3420560747663551,0.3163538873994638,0.6666666666666666,0.0051951602980381,0.0296411856474258,0.0157189161367106,0.0043325209856485,0.0248528449967298,0.0157189161367106,0.1580357142857142,0.3420560747663551,0.0049002751031636,0.0,0.0105555555555555,0.0255949708127525,0.3653846153846153,0.0079696484351684,0.0103641074594299,0.0181861689399377,0.0246153846153846,0.3420560747663551,0.3163538873994638,0.6666666666666666,0.0239596469104665,0.3529411764705882,0.3529411764705882,0.0217588258864354,0.3529411764705882,0.0242501595405232,0.3236074270557029,0.3420560747663551,0.0039935542632943,0.6666666666666666,0.3529411764705882,0.3529411764705882,0.3529411764705882
332_UCR_id_30_Facility_tr_13750_1st_52600,0.0161999756391343,0.0124448017770261,0.0253125953034461,0.037174721189591,0.0429737859905457,0.0186347644041935,0.3070987654320988,0.0689368770764119,0.0951834862385321,0.0181983621474067,0.0224152778481333,0.0136974997937123,0.0281642348150661,0.0161274652676576,0.0869109947643979,0.0177228279838171,0.3070987654320988,0.0198981120767156,0.055536968885915,0.0187038249321986,0.0506685432793807,0.0185774135347542,0.1051964512040557,0.0611995104039167,0.0605839416058394,0.025115675441227,0.3070987654320988,0.0294065544729849,0.0605839416058394,0.0540364583333333,0.0285665117879883,0.0250571261229304,0.0270226273807585,0.0291026677445432,0.0748440748440748,0.0215698022768124,0.0215025906735751,0.0689368770764119,0.1332263242375602,0.0312441182006399,0.0392064241851676,0.0201984266838671,0.0869109947643979,0.0999397953040337,0.1175637393767705,0.0217437524931022,0.0183465093230691,0.1997593261131167,0.2219251336898395,0.3990384615384615,0.0334883720930232,0.013089005235602,0.0111103674452847,0.0832915203211239,0.3326653306613226,0.0240733417801199,0.0370287753736337,0.0181798269630927,0.3990384615384615,0.4984984984984985,0.0192074613599898,0.013089005235602,0.0666399036531513,0.0357066035706603,0.0429737859905457,0.0232719508940485,0.3070987654320988,0.0213876183727372,0.2219251336898395,0.0370287753736337
334_UCR_id_32_HumanActivity_tr_1671_1st_2764,0.0570707313991227,0.1386717463346575,0.0829274713702777,0.1695731799151141,0.1827142037748935,0.1716985029674655,0.1769365919763008,0.0856983861992209,0.1070740102414255,0.1897267197998291,0.0570707313991227,0.1646883840849475,0.3385257387261501,0.1431734317343173,0.1366517961962902,0.2672849732345282,0.2073490033982587,0.0982769623484365,0.0885644451686491,0.1206545454545454,0.0778958017197774,0.0998504705778872,0.0896913220733838,0.1109212326011746,0.1545151113890203,0.2920423734756116,0.2869822485207101,0.0737901293723047,0.0628575540947145,0.0937811816997101,0.0570707313991227,0.240959448356519,0.1186680202658553,0.1891164860085302,0.1431734317343173,0.220708435229578,0.4024896265560166,0.0474283954419464,0.064246975385899,0.1470869149952244,0.0570707313991227,0.1577876252906833,0.157625383828045,0.1542130365659777,0.3091633466135458,0.1982507562270772,0.298731368226504,0.0710659898477157,0.0534343912837517,0.1484883275928052,0.0489044140997141,0.1717637922530407,0.1186680202658553,0.1789767556691415,0.3350604490500864,0.1438553920651633,0.3531032077565708,0.0500162390386489,0.0771008134413308,0.1470869149952244,0.0570707313991227,0.1295287677089776,0.0568895456224602,0.1955262672167376,0.2145012371328737,0.2920423734756116,0.2999909562172389,0.1234963913392141,0.0500162390386489,0.0518693162681037
339_UCR_id_37_Sensor_tr_2750_1st_5400,0.3024781341107872,0.4276729559748428,0.4099722991689751,0.1713796058269066,0.2995594713656388,0.260536398467433,0.0398593200468933,0.2305084745762712,0.1712846347607053,0.4276729559748428,0.3024781341107872,0.4276729559748428,0.062738448495125,0.2995594713656388,0.1462365591397849,0.2995594713656388,0.0593886462882096,0.18732782369146,0.3523316062176166,0.1300527240773286,0.1965317919075144,0.2446043165467626,0.2538593481989708,0.3523316062176166,0.260536398467433,0.3833708957588607,0.0243115852145869,0.18732782369146,0.2179487179487179,0.1485411140583554,0.3024781341107872,0.4276729559748428,0.3523316062176166,0.2066869300911854,0.1250781738586616,0.3833708957588607,0.0340444346192107,0.2995594713656388,0.2446043165467626,0.2679425837320573,0.3024781341107872,0.4276729559748428,0.4276729559748428,0.2305084745762712,0.1801740317351987,0.3833708957588607,0.0419494139420111,0.3523316062176166,0.4276729559748428,0.3523316062176166,0.3042452830188679,0.4276729559748428,0.4276729559748428,0.2995594713656388,0.127959053103007,0.3833708957588607,0.0349364791288566,0.2995594713656388,0.260536398467433,0.4276729559748428,0.3042452830188679,0.4276729559748428,0.4276729559748428,0.2995594713656388,0.2066869300911854,0.2066869300911854,0.037560975609756,0.18732782369146,0.1789473684210526,0.3135593220338983
341_UCR_id_39_HumanActivity_tr_48812_1st_128430,1.2651845872683208e-06,0.0001738979219198,1.0638241285950606e-05,9.132003104881056e-05,0.0001388792444969,4.62952246475776e-05,0.0001701982809973,7.042228724546744e-06,3.574556308198245e-05,1.0076734331937703e-05,4.7280206141698785e-05,3.898559482271301e-05,2.263698203755476e-05,1.4487399584211633e-05,3.98002029810352e-05,0.0001970249236528,7.142602049926788e-05,0.0001183361931246,4.4741728372967054e-05,7.181302760133716e-06,0.0002150306418664,0.0001520796897574,0.0003508156463778,3.107954810337058e-05,6.920175772464621e-05,1.7746071463429784e-05,7.93619300821396e-05,8.087310605294762e-06,0.000136976919389,3.0302571173164045e-05,2.179812754084424e-05,2.361247210776732e-05,0.0001307104110842,5.746961294215683e-05,9.090495886550612e-05,2.012052192633877e-05,0.000136976919389,6.633279161553514e-05,7.999680012799488e-05,1.2724508038707954e-05,1.2651845872683208e-06,0.0001107971857514,1.1428506122822156e-05,3.98398438278122e-05,0.0002138808683563,3.072149429348244e-05,5.509490096691552e-05,0.0001066609780811,6.802489711234311e-05,9.389230552556218e-05,5.934542001721017e-05,0.0001201129061317,8.077511803264121e-06,5.83073379784846e-05,8.162932125219379e-05,2.2675479869842748e-05,3.251979642607437e-05,7.449427697717122e-06,3.341631718768274e-05,7.1607334023150655e-06,4.115141663751775e-05,1.6666527778935175e-05,1.202812174864834e-05,0.0002259631680036,0.0001234491698043,2.2856881635638453e-05,0.0001619302080803,2.569010031984175e-05,3.632994859312274e-05,6.9066258715298526e-06
344_UCR_id_42_Sensor_tr_2851_1st_5365,0.059151103565365,0.0064299898862386,0.0669150693350747,0.0057504312823461,0.0045378913931326,0.0414969389456633,0.0094428706326723,0.0113410719982291,0.0641101133519799,0.0374341893198667,0.0505902192242833,0.015164309031556,0.0212843947021162,0.0193949920393689,0.0530014908570906,0.0081366965012205,0.024725352712408,0.0118691531475059,0.0148694442310482,0.0964562569213731,0.0411522633744856,0.0061955620996624,0.0212843947021162,0.0121802679658952,0.0058651026392961,0.0051768766177739,0.0076910510955995,0.0058406593038148,0.0326406715509003,0.0426542605288932,0.059151103565365,0.0085991568679718,0.0054649951687183,0.0094428706326723,0.007710100231303,0.0157905709805201,0.0061728395061728,0.010274437176712,0.0512262541904369,0.0184586693227935,0.059151103565365,0.0084483244156575,0.0669150693350747,0.0856524732028714,0.0038124285169653,0.0207080193052946,0.0283981611294056,0.0101382220282263,0.0222117383044104,0.0209922514249906,0.0411522633744856,0.0063499006688902,0.0162952984976894,0.0081366965012205,0.0066622251832111,0.0076103500761035,0.0178136823806115,0.008746692374511,0.0176085879772361,0.006512125188317,0.0411522633744856,0.0115117992638263,0.0101382220282263,0.0108342361863488,0.00836820083682,0.0196441056406324,0.0159553031690785,0.0113410719982291,0.0300733707380233,0.223075938020233
346_UCR_id_44_Medical_tr_7456_1st_17390,0.0985915492957746,0.1780148345695475,0.4067148321291968,0.1372549019607843,0.0182529335071707,0.0174563591022443,0.0184595026740916,0.4375,0.4375,0.4375,0.0647172123971283,0.0358836873582181,0.2828282828282828,0.053231939163498,0.0266412940057088,0.0242214532871972,0.0287147157733929,0.4375,0.4375,0.4213831281500455,0.0459770114942528,0.187360594795539,0.4732300269091584,0.0630265803346684,0.0219512410291698,0.023372287145242,0.0346267555478129,0.4375,0.4375,0.4375,0.0138456268372541,0.1659598454732455,0.4375,0.1116230244357613,0.0366492146596858,0.0237892948173321,0.0175789053136236,0.4375,0.4375,0.4732300269091584,0.0527383367139959,0.0623067157134021,0.4375,0.0676328502415459,0.0344238412978183,0.0216049382716049,0.0184171893767516,0.4375,0.4375,0.4375,0.0248447204968944,0.1665506439262095,0.4375,0.0453808752025931,0.0518518518518518,0.0178694158075601,0.0214452214452214,0.4375,0.4375,0.4732300269091584,0.0216049382716049,0.125,0.4375,0.0315685139517734,0.0578512396694214,0.0676328502415459,0.0159243018693745,0.4375,0.4375,0.4375
349_UCR_id_47_Facility_tr_29954_1st_74900,0.0101203501094091,0.0150804972488282,0.0144172257762521,0.0068582020389249,0.0090243902439024,0.0060860268114154,0.0050299075584556,0.001572533088717,0.0069055617767823,0.0198752419875241,0.0075613959500215,0.014427763696627,0.0096329080968497,0.003590058300092,0.0027744415085275,0.0064238042269187,0.0517844646606018,0.0014243746105225,0.0063771113409169,0.0049307036247334,0.0129133254528609,0.0411339633129516,0.00486834662336,0.01592082616179,0.0108329673547064,0.0042945328407819,0.0287267080745341,0.0029247783566401,0.0055459791651052,0.0051331853496115,0.0091539528432732,0.0139254798645088,0.0046341341090325,0.0080443526470268,0.007002271006813,0.0020011261749036,0.0291453328081922,0.001572533088717,0.0063367014899811,0.0019871446340391,0.0063967899693594,0.0185836263184329,0.0089586969168121,0.0046336881653099,0.006199212532462,0.0081426056338028,0.0228254164096236,0.0040766685208406,0.0018581963881307,0.0046990093980187,0.0237883039005336,0.0261022927689594,0.0050939629655124,0.005440376415233,0.0063367014899811,0.005741894523894,0.0218289085545722,0.0048376630641516,0.0086722137583499,0.0058025621703089,0.0113636363636363,0.0191165073624386,0.0014926997652107,0.0072827477610471,0.0041633506546197,0.0035184892124281,0.0419977298524404,0.001739193449038,0.0012159902720778,0.0043303585776882
355_UCR_id_53_HumanActivity_tr_48750_1st_143411,0.0110229091912779,0.9008657047724752,0.4285714285714286,0.0845070422535211,0.7500000000000001,0.0043417188645031,0.0095389507154213,0.0008837825894829,0.1463414634146341,0.7500000000000001,0.0019586228782907,0.9008657047724752,0.3636363636363636,0.0051880674448767,0.0050041701417848,0.0021786492374727,0.0033585222502099,0.0346820809248554,0.0275229357798165,0.6182043343653252,0.001527125323397,0.9008657047724752,0.7500000000000001,0.0043522611356681,0.0154241645244215,0.0026802014163339,0.0044345898004434,0.075,0.1132075471698113,0.7500000000000001,0.002919708029197,0.9008657047724752,0.3577258704275011,0.0085592011412268,0.0437956204379562,0.0025720358085914,0.0035799522673031,0.0612244897959183,0.1016949152542373,0.9008657047724752,0.0053908355795148,0.9008657047724752,0.0191356013416387,0.0112616321696463,0.0067643742953776,0.0032432432432432,0.0038022813688212,0.0576923076923076,0.1071428571428571,0.5454545454545455,0.0039525691699604,0.9008657047724752,0.7500000000000001,0.0087847730600292,0.0239043824701195,0.0028526743822333,0.0044477390659747,0.0437956204379562,0.0779220779220779,0.6182043343653252,0.0015670148398691,0.9008657047724752,0.5454545454545455,0.0125260960334029,0.0324324324324324,0.002654638663143,0.0040106951871657,0.0149625935162094,0.1276595744680851,0.6182043343653252
358_UCR_id_56_Facility_tr_10500_1st_29080,0.0037996545768566,0.0049830124575311,0.1222222222222222,0.0514619883040935,0.3142857142857143,0.5176470588235296,0.3911111111111111,0.5176470588235296,0.5176470588235296,0.0047464940668824,0.0079320113314447,0.0080482897384305,0.0613240418118466,0.0884422110552763,0.1060240963855421,0.5176470588235296,0.5176470588235296,0.2256410256410256,0.1442622950819672,0.0389380530973451,0.0051590713671539,0.0158730158730158,0.029042904290429,0.2256410256410256,0.1323308270676692,0.2256410256410256,0.5176470588235296,0.5176470588235296,0.3911111111111111,0.0096916299559471,0.0038732394366197,0.009188361408882,0.0026749888542131,0.2256410256410256,0.3142857142857143,0.3911111111111111,0.3911111111111111,0.5176470588235296,0.5176470588235296,0.0118438761776581,0.0174454828660436,0.0085348506401137,0.2626865671641791,0.176,0.3911111111111111,0.5176470588235296,0.197752808988764,0.5176470588235296,0.176,0.0076521739130434,0.0538461538461538,0.0075796726959517,0.1585585585585585,0.3911111111111111,0.5176470588235296,0.2626865671641791,0.5176470588235296,0.5176470588235296,0.5176470588235296,0.0031695721077654,0.0163113994439295,0.0093517534537725,0.0514619883040935,0.3142857142857143,0.5176470588235296,0.3911111111111111,0.765217391304348,0.5176470588235296,0.5176470588235296,0.0078782452999104
361_UCR_id_59_Medical_tr_3000_1st_7175,0.2274982317124443,0.0898950455571482,0.0555815039701074,0.0626428695731683,0.1299842706669359,0.090101097521138,0.1430288461538461,0.0684149090682278,0.0524475808086953,0.0465298142717497,0.0642341108071231,0.0521568971789114,0.0630529557051501,0.0849770756312812,0.1430288461538461,0.1900849376616634,0.2226379794200187,0.4013490725126475,0.065312012662058,0.047521629313005,0.0729608355422728,0.0514425694066412,0.0568069001667858,0.0622599487014948,0.0884280053735562,0.1299842706669359,0.0953143772527032,0.0617795592997712,0.0667087561917146,0.0619429859689715,0.0642341108071231,0.0800538176925664,0.0443205944798301,0.0800644939078224,0.1430288461538461,0.1739949697282506,0.2505263157894737,0.0924823480548248,0.0524579864928537,0.0765792793234368,0.0729608355422728,0.0501525806023616,0.0445001566906925,0.1084906350065065,0.111214953271028,0.1334828939988783,0.1430288461538461,0.0653248715865186,0.0626428695731683,0.0465298142717497,0.1598029303342054,0.0528006704847045,0.0593246661486599,0.1299842706669359,0.1334828939988783,0.1153906755119449,0.1000841042893187,0.0580606239049045,0.0689462629489314,0.0465298142717497,0.0642341108071231,0.0573103182573216,0.0465298142717497,0.0712014185177327,0.0594782298993856,0.160416336211129,0.3342696629213483,0.0516061992105009,0.0642178738986154,0.0483405099852922
364_UCR_id_62_Sensor_tr_2833_1st_5988,0.1204,0.1285995482551461,0.0461974671513493,0.1056,0.0527156549520766,0.0911602209944751,0.0447944931395865,0.0162760416666666,0.0299851605540546,0.0588882523967531,0.1204,0.2126971936388103,0.0172889602584689,0.0589285714285714,0.2519083969465648,0.2519083969465648,0.080194410692588,0.0180607874503328,0.0333269488603715,0.0226939970717423,0.1204,0.1368983247636424,0.0352453142183128,0.1915820029027576,0.2519083969465648,0.0455172413793103,0.0710083181172651,0.0140539672341792,0.0455172413793103,0.0762278978388998,0.1420298689423956,0.0630399457502643,0.0638571344224472,0.1545667447306792,0.1254752851711026,0.0488527017024426,0.0668065463701216,0.0202851512692708,0.0201370147394643,0.1052595131747515,0.1204,0.1316214478670845,0.1083926912356766,0.1056,0.1545667447306792,0.0370786516853932,0.0865834601888902,0.0231343776852402,0.0311220311220311,0.0525124354580929,0.1135634785889454,0.2717234985411186,0.1128307909289982,0.2519083969465648,0.0871862615587846,0.0392662588287126,0.066958835498513,0.0178917273817209,0.056415215989684,0.1507936507936507,0.1204,0.087714917639643,0.0696691528440968,0.0465772759350741,0.5076923076923077,0.0541427399507793,0.0957854406130268,0.0169862533928727,0.0350284588520175,0.1066355826101973
369_UCR_id_67_Sensor_tr_2750_1st_5400,0.2515274949083503,0.3523316062176166,0.4276729559748428,0.2995594713656388,0.1712846347607053,0.1070866141732283,0.1510574018126888,0.0659127625201938,0.1642512077294685,0.4276729559748428,0.2515274949083503,0.4276729559748428,0.18732782369146,0.1199294532627866,0.2259790284613738,0.0922659430122116,0.131726075217498,0.0842220399234345,0.18732782369146,0.1184947958366693,0.1534653465346534,0.3523316062176166,0.1615720524017467,0.084472049689441,0.260536398467433,0.0708466170740347,0.1399951725802558,0.0955727336612789,0.1057810578105781,0.1462365591397849,0.2515274949083503,0.3523316062176166,0.3523316062176166,0.4276729559748428,0.0944444444444444,0.0662768031189083,0.0797250859106529,0.1394395078605605,0.1462365591397849,0.1615720524017467,0.2515274949083503,0.3523316062176166,0.4276729559748428,0.1199294532627866,0.1070866141732283,0.4204287376059381,0.0800518647136122,0.0895129442738043,0.1789473684210526,0.2305084745762712,0.1534653465346534,0.3523316062176166,0.1362725450901803,0.1275797373358349,0.1131447587354409,0.4204287376059381,0.1105244571864788,0.0856782864342713,0.1275797373358349,0.4276729559748428,0.2515274949083503,0.3523316062176166,0.3523316062176166,0.0749724366041896,0.1362725450901803,0.260536398467433,0.1192000632361078,0.0565291124929338,0.1362725450901803,0.4276729559748428
371_UCR_id_69_Medical_tr_1853_1st_6200,0.0737130026536028,0.1402955227196977,0.4690228690228691,0.0946021146355036,0.0517552118359112,0.0695847362514029,0.2052980132450331,0.1193281075027995,0.3627009646302251,0.1035305880147472,0.1119092627599244,0.4690228690228691,0.1067125645438898,0.0966598073018165,0.1025950512975256,0.1013071895424836,0.4217687074829932,0.3223230490018149,0.4217687074829932,0.2158851674641148,0.0959765195059312,0.0919096084181473,0.1067125645438898,0.1096773661510719,0.0655115119867078,0.0633389572445578,0.1039160459827669,0.1569620253164557,0.1430335570469798,0.1110236220472441,0.1119092627599244,0.1700075357950264,0.1127272727272727,0.1052169086107419,0.0470202935844201,0.0655115119867078,0.1227246916664774,0.1569620253164557,0.3627009646302251,0.1038196042337781,0.1370967741935484,0.4690228690228691,0.1127272727272727,0.2540772532188841,0.0860759493670886,0.1017112321279243,0.1553223905481933,0.1356673960612691,0.2158851674641148,0.4690228690228691,0.2073170731707317,0.4690228690228691,0.1194605009633911,0.0773325861585878,0.0494495356417983,0.2495575221238938,0.0976416851267373,0.1455399061032863,0.2956749672346003,0.4690228690228691,0.1370967741935484,0.4690228690228691,0.1127272727272727,0.2956749672346003,0.0791015655980838,0.4690228690228691,0.1194605009633911,0.1325043521512061,0.4690228690228691,0.1035305880147472
373_UCR_id_71_Sensor_tr_2827_1st_5988,0.1341041613584379,0.065156623600073,0.2882096069868995,0.0412887081639036,0.025660964230171,0.0370801695625844,0.0530932940422985,0.0791820040899795,0.1295387634936212,0.5076923076923077,0.1341041613584379,0.2519083969465648,0.401189860320745,0.0356774637983482,0.0475329451425069,0.071583514099783,0.0541459764641861,0.0271899088997897,0.0626185958254269,0.223728813559322,0.1341041613584379,0.0600541803282934,0.0447461604973854,0.0345944199943473,0.0345944199943473,0.0377806255636242,0.0277857347464909,0.0917347865576748,0.1254752851711026,0.5076923076923077,0.1341041613584379,0.5076923076923077,0.0428562422595818,0.0607534620539038,0.0404237867005055,0.0281930798803929,0.0445043830074173,0.0305846760008442,0.0465772759350741,0.0955137481910274,0.1341041613584379,0.0751271494308549,0.1408137758644632,0.0771028037383177,0.5076923076923077,0.0408668730650154,0.0458909842926781,0.0358410220014194,0.0751271494308549,0.130486393893405,0.1341041613584379,0.1675126903553299,0.0459830026705997,0.0417193426042983,0.0334039595676054,0.0527156549520766,0.0488527017024426,0.0299085611278148,0.1114864864864864,0.0978487161693268,0.1341041613584379,0.2519083969465648,0.0482807300594938,0.0476878612716763,0.0336477185827173,0.0392623438429506,0.0424127801498108,0.0314919643438089,0.0849956159579132,0.0853264382676147
381_UCR_id_79_HumanActivity_tr_16000_1st_31200,0.1501151189562548,0.0404505569730537,0.4626300851466415,0.095566745972299,0.0327604455420593,0.0706137184115523,0.0864962318041635,0.1396344945745288,0.0653689383261589,0.1501151189562548,0.1501151189562548,0.1766299440130034,0.0252060962555041,0.0822263326046746,0.1947107165921667,0.0706137184115523,0.1713429855217174,0.182499723080951,0.1225256827862691,0.1622967142383007,0.1501151189562548,0.3757203227045717,0.1225256827862691,0.1937400950871632,0.1501151189562548,0.1937400950871632,0.3757203227045717,0.2731080703714046,0.1713429855217174,0.3757203227045717,0.1501151189562548,0.4626300851466415,0.1162319574575842,0.2556274105599149,0.1135400360339073,0.0984101428858925,0.4626300851466415,0.1622967142383007,0.1112335515654372,0.2731080703714046,0.4083535036636557,0.4626300851466415,0.0822263326046746,0.1651872879967557,0.4626300851466415,0.1091517857142857,0.1947107165921667,0.1501151189562548,0.0417173141440171,0.1787325799624645,0.1501151189562548,0.0937949554042389,0.1305218203656746,0.3757203227045717,0.2881128274009402,0.3163001293661061,0.3030300044341528,0.4626300851466415,0.1509500351864884,0.4626300851466415,0.1559684235706881,0.0412934375198526,0.1215974567852175,0.4626300851466415,0.0436827956989247,0.0937949554042389,0.2210489998059271,0.1396344945745288,0.3757203227045717,0.4197989256926007
382_UCR_id_80_Medical_tr_7500_1st_11800,0.0018365472910927,0.3695652173913044,0.3695652173913044,0.0934065934065934,0.1387755102040816,0.0510511423426794,0.6111111111111112,0.2693877551020407,0.3184357541899441,0.3119266055045872,0.3303354680600189,0.3695652173913044,0.4042553191489362,0.192090395480226,0.0592885375494071,0.0354535974973931,0.6111111111111112,0.2760416666666666,0.3119266055045872,0.3695652173913044,0.3303354680600189,0.3383084577114428,0.4375,0.0592885375494071,0.0455458807769591,0.0636704119850187,0.6111111111111112,0.2698412698412698,0.3481228668941979,0.3695652173913044,0.3303354680600189,0.3695652173913044,0.3695652173913044,0.0325670498084291,0.1218637992831541,0.1752577319587628,0.0451791881333861,0.2760416666666666,0.3481228668941979,0.3695652173913044,0.3329682365826944,0.3695652173913044,0.3695652173913044,0.3695652173913044,0.0493426994043927,0.1752577319587628,0.6111111111111112,0.2746987951807229,0.3362831858407079,0.3695652173913044,0.0085861476817401,0.3695652173913044,0.3695652173913044,0.1057542768273717,0.0592885375494071,0.2125,0.0451791881333861,0.2698412698412698,0.3362831858407079,0.3383084577114428,0.0019832088318899,0.3695652173913044,0.3695652173913044,0.0404761904761904,0.0479098168154062,0.0617059891107078,0.6111111111111112,0.2746987951807229,0.3051546391752577,0.3119266055045872
385_UCR_id_83_Environment_tr_2046_1st_6006,0.0252365930599369,0.4705882352941177,0.4705882352941177,0.1904761904761905,0.1904761904761905,0.0294117647058823,0.6486486486486487,0.25,0.4705882352941177,0.4705882352941177,0.0451977401129943,0.4705882352941177,0.1290322580645161,0.0869565217391304,0.0721311475409836,0.1111111111111111,0.0,0.2162162162162162,0.0747663551401869,0.2162162162162162,0.0964912280701754,0.4705882352941177,0.1904761904761905,0.1194029850746268,0.1111111111111111,0.2162162162162162,0.0,0.4705882352941177,0.4705882352941177,0.4705882352941177,0.023486901535682,0.4705882352941177,0.3636363636363637,0.1037037037037037,0.2162162162162162,0.0549019607843137,0.6486486486486487,0.4705882352941177,0.3636363636363637,0.4705882352941177,0.0302158273381294,0.4705882352941177,0.3636363636363637,0.3636363636363637,0.3492063492063492,0.0509090909090909,0.6486486486486487,0.2962962962962963,0.4705882352941177,0.4705882352941177,0.0544554455445544,0.4705882352941177,0.4705882352941177,0.3636363636363637,0.2964705882352941,0.043076923076923,0.0,0.4705882352941177,0.4705882352941177,0.4705882352941177,0.059299191374663,0.4705882352941177,0.4705882352941177,0.25,0.3636363636363637,0.0373333333333333,0.6486486486486487,0.4705882352941177,0.4705882352941177,0.4705882352941177
387_UCR_id_85_Environment_tr_2046_1st_5549,0.0275,0.8674641148325359,0.7548387096774194,0.2588235294117648,0.2253521126760563,0.1864406779661017,0.0078701426463354,0.0813455657492354,0.5365853658536586,0.8674641148325359,0.0270506108202443,0.8674641148325359,0.382608695652174,0.1195652173913043,0.1702075702075701,0.0964912280701754,0.0081094779523568,0.1195652173913043,0.4360655737704919,0.5365853658536586,0.0294230034390523,0.8674641148325359,0.8235294117647058,0.1705426356589147,0.1571428571428571,0.0920502092050209,0.0121396054628224,0.059299191374663,0.5365853658536586,0.6956521739130436,0.1955555555555555,0.8674641148325359,0.5365853658536586,0.2025316455696202,0.3492063492063492,0.0748299319727891,0.0,0.1358024691358025,0.4230769230769231,0.6956521739130436,0.0398190045248868,0.8674641148325359,0.5365853658536586,0.1128205128205128,0.1195652173913043,0.0503432494279176,0.0078701426463354,0.0920502092050209,0.4874125874125874,0.5161290322580646,0.0456661597847701,0.8674641148325359,0.3492063492063492,0.1864406779661017,0.2972972972972973,0.0491071428571428,0.0078701426463354,0.1013824884792626,0.5365853658536586,0.4516129032258064,0.0400610902255639,0.8674641148325359,0.5365853658536586,0.1864406779661017,0.1705426356589147,0.0808823529411764,0.0081094779523568,0.1271676300578035,0.5365853658536586,0.8674641148325359
391_UCR_id_89_Medical_tr_1875_1st_5759,0.0937022171253822,0.1373239436619718,0.1207430340557275,0.0972568578553615,0.0971927468099395,0.0814196242171189,0.0743190501622776,0.1705930138099106,0.1912568306010929,0.1080400793842877,0.0805251641137855,0.5611510791366906,0.110759493670886,0.1066956656827714,0.1474480151228733,0.0687791999017599,0.2524038461538461,0.1591836734693877,0.110759493670886,0.2644067796610169,0.0805251641137855,0.0898410998036065,0.1124167820919529,0.1138686131386861,0.2412272291466922,0.128500823723229,0.0819019689987432,0.1191151446398185,0.0481099656357388,0.1893203883495145,0.1729490022172949,0.0814196242171189,0.1591836734693877,0.1207430340557275,0.0972568578553615,0.1729490022172949,0.1501462075550516,0.0561489528461804,0.0851116217990807,0.5611510791366906,0.0558807876530069,0.5611510791366906,0.2067102004053141,0.0625109992608496,0.2091152815013404,0.1294797687861271,0.0871140608814782,0.1539589442815249,0.1288343558282208,0.5611510791366906,0.0646725949878738,0.5611510791366906,0.3004291845493562,0.1207430340557275,0.1207430340557275,0.104328267827792,0.078234704112337,0.1539589442815249,0.0878033491537566,0.5611510791366906,0.0805251641137855,0.5611510791366906,0.1705930138099106,0.1138686131386861,0.0848748639825897,0.0830006882312457,0.078234704112337,0.3004291845493562,0.1080208333333333,0.128500823723229
393_UCR_id_91_Environment_tr_2046_1st_4852,0.053953488372093,0.0516129032258064,0.0941176470588235,0.2254237288135593,0.2116279069767441,0.1059760956175298,0.0081127354141972,0.0941176470588235,0.32,0.32,0.0276595744680851,0.32,0.1441734417344173,0.2285714285714286,0.1705128205128205,0.0516129032258064,0.0081127354141972,0.0837795275590551,0.0701095461658841,0.3492063492063492,0.0459796149490373,0.32,0.5365853658536586,0.32,0.2285714285714286,0.1101449275362319,0.0081127354141972,0.0941176470588235,0.1454545454545454,0.5365853658536586,0.0309042469832314,0.0695652173913043,0.5365853658536586,0.32,0.4230769230769231,0.123076923076923,0.0081127354141972,0.2285714285714286,0.1777777777777777,0.3872340425531915,0.0657276995305164,0.32,0.4230769230769231,0.1777777777777777,0.1456953642384106,0.0710280373831775,0.0081127354141972,0.0941176470588235,0.2285714285714286,0.32,0.0162790697674418,0.32,0.5352941176470588,0.32,0.2566037735849056,0.1454545454545454,0.0081127354141972,0.0941176470588235,0.32,0.32,0.0636363636363636,0.32,0.32,0.1454545454545454,0.5365853658536586,0.123076923076923,0.0081127354141972,0.0457142857142857,0.1777777777777777,0.32
396_UCR_id_94_Medical_tr_1875_1st_5607,0.0338257768721344,0.0324535679374389,0.05075991597677,0.2819492107069321,0.4544247787610619,0.047079337401918,0.2191419141914191,0.0698520659751743,0.05075991597677,0.2278481012658228,0.0245018450184501,0.4544247787610619,0.0208464427078047,0.0206343141001146,0.4544247787610619,0.0214483370751318,0.0324535679374389,0.1045669291338582,0.0202774075719433,0.1602809207959422,0.0245018450184501,0.4544247787610619,0.0202774075719433,0.2191419141914191,0.0300180831826401,0.031634446397188,0.0353191489361702,0.0279226240538267,0.0638483058750388,0.2819492107069321,0.0245018450184501,0.1602809207959422,0.0638483058750388,0.2043781094527363,0.0268812982593901,0.0328193656626987,0.0536246276067527,0.0698520659751743,0.0860314136125654,0.2043781094527363,0.0245018450184501,0.4544247787610619,0.1318356867779204,0.4544247787610619,0.0324535679374389,0.05075991597677,0.0751131221719457,0.0860314136125654,0.0475133009484154,0.1318356867779204,0.0300180831826401,0.4544247787610619,0.0328193656626987,0.4544247787610619,0.0751131221719457,0.1602809207959422,0.0324535679374389,0.0771021021021021,0.0421246923707957,0.4544247787610619,0.0289324618736383,0.4544247787610619,0.0082772375966093,0.4544247787610619,0.2043781094527363,0.0378416257883672,0.1045669291338582,0.0771021021021021,0.0328193656626987,0.4544247787610619
400_UCR_id_98_Environment_tr_2046_1st_5391,4.5371021528549705e-05,0.1818181818181818,0.1818181818181818,0.0327868852459016,0.0952380952380952,0.0076628352490421,0.0001908214864993,0.018018018018018,0.0952380952380952,0.0071174377224199,0.0034423407917383,0.1818181818181818,0.0086580086580086,0.0952380952380952,0.0055401662049861,0.0051150895140664,0.0001838066354195,0.0009429514380009,0.004750593824228,0.0079681274900398,5.245076184731583e-05,0.0952380952380952,0.064516129032258,0.0392156862745098,0.0086580086580086,0.0076628352490421,0.0001838066354195,0.0132450331125827,0.028169014084507,0.0219780219780219,3.695423218344081e-05,0.0327868852459016,0.048780487804878,0.0141843971631205,0.0198019801980198,0.0071174377224199,0.0001908214864993,0.015267175572519,0.064516129032258,0.018018018018018,0.0001196100711679,0.1818181818181818,0.0022446689113355,0.0165289256198347,0.0045351473922902,0.0058651026392961,0.0001838066354195,0.0015491866769945,0.0392156862745098,0.0392156862745098,0.000122391530506,0.1818181818181818,0.0327868852459016,0.1818181818181818,0.0952380952380952,0.0066445182724252,0.0001908214864993,0.0045351473922902,0.048780487804878,0.0219780219780219,0.001368925393566,0.1818181818181818,0.1818181818181818,0.0952380952380952,0.064516129032258,0.0062305295950155,0.0001838066354195,0.0035650623885918,0.048780487804878,0.015267175572519
401_UCR_id_99_HumanActivity_tr_1671_1st_5920,0.0624867162592986,0.4730688935281837,0.9461492537313432,0.4730688935281837,0.4730688935281837,0.0805822031094938,0.0580063368267121,0.3268403171007928,0.4730688935281837,0.6161344537815127,0.0491509018917729,0.4730688935281837,0.7552742616033755,0.0465666929755327,0.5748792270531401,0.0510791366906474,0.0454908919750915,0.4557441768653771,0.4730688935281837,0.5748792270531401,0.0451675977653631,0.4730688935281837,0.7552742616033755,0.0427691192461036,0.1212088793795132,0.0687165021156558,0.0571994846893271,0.4027913468248429,0.3608627696155048,0.9461492537313432,0.0769852822254568,0.4730688935281837,0.9461492537313432,0.0478271763894082,0.4730688935281837,0.0685990338164251,0.0560402713638372,0.3268403171007928,0.3608627696155048,0.6161344537815127,0.0438181695007113,0.4730688935281837,0.6161344537815127,0.0931142410015649,0.3086900129701685,0.0881969587255611,0.4027913468248429,0.4557441768653771,0.1611664295874822,0.5748792270531401,0.1908580593424217,0.4730688935281837,0.5231537638244739,0.0504003558718861,0.0580345443716497,0.0925707771233136,0.206563354603464,0.4027913468248429,0.2404244031830238,0.6161344537815127,0.0546372098239318,0.4730688935281837,0.4545567265964042,0.1611664295874822,0.2036789297658863,0.1044117647058823,0.0521939421858804,0.3650306748466257,0.2749880895664602,0.6161344537815127
405_UCR_id_103_Sensor_tr_2827_1st_5988,0.1478128665131836,0.1315228242127235,0.0372581309180732,0.5538178472861086,0.0239208008078343,0.7659033078880407,0.0032425317431015,0.401189860320745,0.401189860320745,0.5076923076923077,0.1478128665131836,0.5076923076923077,0.5076923076923077,0.7659033078880407,0.055719212530536,0.8641686182669789,0.014524219510369,0.2476448986108894,0.1434782608695652,0.5076923076923077,0.1478128665131836,0.1089887640449438,0.2882096069868995,0.7659033078880407,0.0359562574812025,0.8641686182669789,0.0068073060591763,0.3062493829598183,0.1180679785330948,0.1180679785330948,0.1478128665131836,0.5076923076923077,0.0299085611278148,0.7659033078880407,0.0317920263049732,0.8641686182669789,0.014524219510369,0.2476448986108894,0.0733379720412423,0.4049079754601227,0.1478128665131836,0.5657932901479261,0.401189860320745,0.7659033078880407,0.1573261652381194,0.8641686182669789,0.014524219510369,0.401189860320745,0.401189860320745,0.5076923076923077,0.1478128665131836,0.2012195121951219,0.5657932901479261,0.7659033078880407,0.0424419920575586,0.7659033078880407,0.0028498067210293,0.401189860320745,0.141746338362227,0.0907814693495554,0.1478128665131836,0.1675126903553299,0.0828705681332763,0.7659033078880407,0.0411427009294696,0.7659033078880407,0.014524219510369,0.401189860320745,0.1226748492223045,0.1041852661853261
406_UCR_id_104_Facility_tr_20000_1st_67950,0.026525198938992,0.1125,0.4186046511627907,0.0198019801980198,0.0145485665382969,0.0195555555555555,0.017362546506821,0.2950819672131147,0.2278481012658227,0.5294117647058824,0.0208816705336426,0.0775862068965517,0.2571428571428572,0.0253878702397743,0.0134428678117998,0.0162681784569879,0.0165837479270315,0.2950819672131147,0.2045454545454545,0.3461538461538461,0.0166975881261595,0.03862660944206,0.4186046511627907,0.0171787248100429,0.0260492040520984,0.0154313771335047,0.0186219739292364,0.2571428571428572,0.2278481012658227,0.5294117647058824,0.0144903671990778,0.0502793296089385,0.5294117647058824,0.0168175937904269,0.0159010600706713,0.0199456029011786,0.0165837479270315,0.2045454545454545,0.2571428571428572,0.5294117647058824,0.0256663376110562,0.0841121495327102,0.6842105263157895,0.0160284951024042,0.1855670103092783,0.0204905308910276,0.0469483568075117,0.2888888888888889,0.5294117647058824,0.5294117647058824,0.0152761457109283,0.0775862068965517,0.2571428571428572,0.0152761457109283,0.0157756354075372,0.0160077613388309,0.0185873605947955,0.2950819672131147,0.2045454545454545,0.6842105263157895,0.0388140161725067,0.0592105263157894,0.5294117647058824,0.0118343195266272,0.0142067876874506,0.0133609034515667,0.0245700245700245,0.2950819672131147,0.2571428571428572,0.5294117647058824
411_UCR_id_109_Environment_tr_2046_1st_4852,0.0100635886093447,0.064,0.32,0.2686868686868687,0.2229508196721311,0.3773049645390071,0.0,0.1777777777777777,0.32,0.32,0.0343558282208588,0.32,0.039426523297491,0.5365853658536586,0.1454545454545454,0.2686868686868687,0.5714285714285715,0.32,0.076878612716763,0.2074074074074073,0.0352402745995423,0.32,0.0372250423011844,0.1462365591397849,0.1725118483412322,0.32,0.5714285714285715,0.1777777777777777,0.2285714285714286,0.5365853658536586,0.16,0.32,0.3692307692307693,0.2116279069767441,0.4230769230769231,0.3324999999999999,0.5714285714285715,0.2285714285714286,0.32,0.5365853658536586,0.0520325203252032,0.32,0.2291666666666666,0.1318840579710145,0.32,0.2254237288135593,0.5714285714285715,0.0551724137931034,0.1777777777777777,0.32,0.0579010856453558,0.32,0.32,0.2972972972972973,0.1679012345679012,0.32,0.5714285714285715,0.0842105263157894,0.32,0.1777777777777777,0.1128205128205128,0.32,0.0592592592592592,0.2254237288135593,0.2493150684931506,0.3773049645390071,0.5714285714285715,0.0761904761904762,0.32,0.2285714285714286
415_UCR_id_113_Medical_tr_3000_1st_8612,0.037037037037037,0.4,0.4,0.0854728410140677,0.0445453304205352,0.0533834149741524,0.0606060606060606,0.1728314238952537,0.0326752893124574,0.1111111111111111,0.0196114846042417,0.25,0.1728314238952537,0.0656101426307448,0.0479955866127252,0.0687007916948376,0.0472917041569192,0.0533834149741524,0.0565057371725481,0.1176470588235294,0.0186394605853073,0.2857142857142857,0.0463480666235065,0.1184122000448531,0.0490509302762638,0.1076325118523896,0.0583633207738876,0.1728314238952537,0.0479520479520479,0.4463229078613694,0.0237378051521827,0.4,0.0978683966635773,0.0978683966635773,0.0479955866127252,0.1148649880576877,0.1428571428571428,0.1184122000448531,0.0357844798373432,0.4463229078613694,0.0210770029140553,0.2857142857142857,0.2491741387446908,0.0682611506140917,0.3198061780738946,0.2491741387446908,0.0503260056293868,0.060892630607773,0.0402095208750577,0.4463229078613694,0.0210770029140553,0.5,0.2491741387446908,0.0420813080332717,0.0479955866127252,0.1498722679534487,0.2040974101275609,0.1498722679534487,0.0409842428005899,0.4463229078613694,0.0210770029140553,0.2857142857142857,0.1518633164057766,0.1042821158690176,0.0479955866127252,0.1071646032068195,0.1322976697569531,0.1498722679534487,0.0473372781065088,0.3333333333333333
417_UCR_id_115_Sensor_tr_2750_1st_5400,0.1362120896321453,0.3523316062176166,0.4276729559748428,0.0836470096194061,0.1577726218097447,0.1897915168943206,0.068897724180907,0.0922659430122116,0.2995594713656388,0.4276729559748428,0.0828295819935691,0.1272926561929119,0.0635641316685584,0.0881971465629053,0.1050847457627118,0.0634415621454782,0.0760231356019037,0.1131447587354409,0.3523316062176166,0.0821419362232472,0.0828295819935691,0.1712846347607053,0.2995594713656388,0.0699545295557887,0.0851956434045986,0.3087525844245348,0.0919290546957859,0.1577726218097447,0.2995594713656388,0.1457606241018271,0.0828295819935691,0.0697435897435897,0.4276729559748428,0.0580945251040119,0.0942268225216382,0.0637993185521702,0.0811146525159524,0.3523316062176166,0.2995594713656388,0.1485411140583554,0.0828295819935691,0.2305084745762712,0.2066869300911854,0.0561364887176664,0.1577726218097447,0.0894839420388102,0.1774538325322539,0.0612061206120612,0.2786885245901639,0.1441090555014605,0.0828295819935691,0.2066869300911854,0.4276729559748428,0.096728307254623,0.1935205183585313,0.2576193214491086,0.1648119905329823,0.1462365591397849,0.3523316062176166,0.4276729559748428,0.2650626941336574,0.3523316062176166,0.4276729559748428,0.0689646445473641,0.0777442391224324,0.1549636803874092,0.1036381578145875,0.1577726218097447,0.3523316062176166,0.4276729559748428
419_UCR_id_117_Facility_tr_3000_1st_6168,0.0133356276348619,0.0228928199791883,0.0050914140245313,0.0621616202125526,0.0376830973074819,0.4221105527638191,0.1404682274247491,0.0203759854457246,0.0350950490912889,0.0104399701715137,0.0133356276348619,0.0208333333333333,0.0115894039735099,0.2107904642409033,0.0207100591715976,0.0526480727044813,0.0355411954765751,0.0360979802320584,0.0104712041884816,0.0621616202125526,0.0126924336717982,0.0274644433545855,0.0502838605028386,0.0248587570621468,0.0254041570438799,0.1178259217027746,0.0355411954765751,0.0743362831858407,0.0140216698534098,0.0308143800440205,0.014047489577669,0.0208333333333333,0.012632528761561,0.0310201631060189,0.0479913305983435,0.0702047638946928,0.0323949093713844,0.0451248992747784,0.0204651162790697,0.0155959896026735,0.0077497924162745,0.022022022022022,0.0263199122669591,0.0334855403348554,0.013530135301353,0.1053291536050156,0.0145203111495246,0.0323949093713844,0.0505415162454873,0.0315848843767625,0.0076871574875393,0.0155959896026735,0.0435684647302904,0.0316546762589928,0.0212150433944069,0.1580432737535277,0.0228928199791883,0.0308143800440205,0.0117458622530699,0.0208333333333333,0.0029050574409084,0.017391304347826,0.0204651162790697,0.0319620579441179,0.0363807064898486,0.1053291536050156,0.1404682274247491,0.0217814080124465,0.0072628446922662,0.013530135301353
420_UCR_id_118_Facility_tr_13750_1st_52600,0.0169541939321832,0.0297951582867784,0.4848484848484848,0.010995052226498,0.013282193337595,0.0294784580498866,0.0364656381486676,0.4126984126984127,0.3421052631578947,0.4848484848484848,0.0821484992101106,0.0247550283651366,0.4848484848484848,0.015395205927949,0.4126984126984127,0.3721462202408035,0.1910112359550561,0.4126984126984127,0.4126984126984127,0.4848484848484848,0.0286343612334801,0.0345744680851063,0.5507246376811594,0.013601508831344,0.0116959064327485,0.3721462202408035,0.0323383084577114,0.4126984126984127,0.4126984126984127,0.5507246376811594,0.0178771820448877,0.0308422301304863,0.5507246376811594,0.011782284930433,0.0105324942120194,0.0670103092783505,0.2549019607843137,0.4126984126984127,0.4126984126984127,0.5507246376811594,0.0310818888224745,0.026026026026026,0.5507246376811594,0.0128990648178007,0.0151691948658109,0.0348857588252114,0.3421052631578947,0.4126984126984127,0.3741007194244604,0.5507246376811594,0.0401234567901234,0.4126984126984127,0.5507246376811594,0.0100834610798841,0.0118722830160395,0.3721462202408035,0.1120689655172414,0.4126984126984127,0.4126984126984127,0.5507246376811594,0.0316464329559405,0.2921348314606742,0.5507246376811594,0.0474821941771835,0.00791687283523,0.0161490683229813,0.1910112359550561,0.4126984126984127,0.4126984126984127,0.4848484848484848
421_UCR_id_119_HumanActivity_tr_48750_1st_130700,0.0594780076947072,0.0823880597014925,0.3791208791208791,0.0462156731413261,0.1094369547977795,0.2416812609457093,0.0214098899328444,0.3791208791208791,0.3791208791208791,0.3791208791208791,0.0947544717625778,0.0334586010425506,0.3462986198243413,0.2749003984063745,0.028258421214293,0.0733262486716259,0.3187066974595843,0.3187066974595843,0.1228851291184327,0.3791208791208791,0.1728170228848585,0.1185123795711177,0.3791208791208791,0.0473088789852588,0.0878141902640789,0.2749003984063745,0.044199408752776,0.3791208791208791,0.3187066974595843,0.3187066974595843,0.0604131635839538,0.2749003984063745,0.3791208791208791,0.0315289828931629,0.0331810531377734,0.1157718120805369,0.1228851291184327,0.3791208791208791,0.3791208791208791,0.3791208791208791,0.0342607289389356,0.0841206949100883,0.2416812609457093,0.3791208791208791,0.0601045296167247,0.3791208791208791,0.1401015228426396,0.3791208791208791,0.3187066974595843,0.3791208791208791,0.0931114714799407,0.3791208791208791,0.2749003984063745,0.2749003984063745,0.0601045296167247,0.1629279811097993,0.1506550218340611,0.3791208791208791,0.3187066974595843,0.3791208791208791,0.1728170228848585,0.3791208791208791,0.3791208791208791,0.0364601210369433,0.0499650431134933,0.0619667714414009,0.0535702764017228,0.3791208791208791,0.2749003984063745,0.3791208791208791
426_UCR_id_124_Sensor_tr_2827_1st_4711,0.0849220103986135,0.3808998067899531,0.3808998067899531,0.1826182618261826,0.10553083280356,0.0508701232263217,0.0801545147271849,0.3808998067899531,0.3808998067899531,0.3808998067899531,0.0849220103986135,0.3808998067899531,0.3808998067899531,0.0519710765256372,0.0459559029371913,0.0995934959349593,0.0373113556371374,0.3808998067899531,0.0973201692524682,0.1060967171523026,0.0849220103986135,0.3808998067899531,0.3808998067899531,0.1451173498752957,0.0911086717892425,0.1229611041405269,0.0403458213256484,0.3808998067899531,0.2311945049422014,0.3808998067899531,0.4067708548443739,0.3808998067899531,0.3808998067899531,0.2877397831526272,0.2515151515151515,0.0606946983546618,0.0325906218822746,0.3808998067899531,0.1970519037787487,0.3808998067899531,0.0469123982766874,0.3808998067899531,0.2876949740034661,0.2311945049422014,0.0571428571428571,0.0736658828597584,0.0316946959896507,0.2249629995066601,0.5060975609756098,0.3808998067899531,0.0465337132003798,0.3808998067899531,0.3808998067899531,0.3808998067899531,0.0754716981132075,0.2877397831526272,0.0403138185910596,0.2877397831526272,0.2877397831526272,0.3808998067899531,0.0022587410975637,0.3808998067899531,0.4461354495053811,0.1264520104760437,0.1673387096774193,0.1294437670012194,0.0403733793609697,0.2311945049422014,0.4461354495053811,0.3808998067899531
430_UCR_id_128_HumanActivity_tr_12500_1st_46500,0.0506803269005659,0.0205260888313928,0.113953488372093,0.0125941984102405,0.0484027105517909,0.0490677134445534,0.0633893919793014,0.034158243290345,0.0178126113288208,0.0462534690101757,0.0578854105138806,0.0222816399286987,0.0219520421438093,0.0271811673340614,0.0407497962510187,0.0234505862646566,0.0700500357398141,0.0395639886960032,0.0380582524271844,0.0251130085384229,0.0614420062695924,0.0341763499658236,0.0360029390154298,0.0309708360774777,0.0400320256204964,0.0337154416722859,0.0696564885496183,0.0228438228438228,0.0271920088790233,0.0551267916207276,0.0429434822066461,0.0253461128860489,0.0290491883315025,0.0179920834832673,0.059880239520958,0.0247524752475247,0.029607250755287,0.0481335952848722,0.0160541059874032,0.0481335952848722,0.0521795495057527,0.0424808836023789,0.0475366036122688,0.059610705596107,0.0725925925925926,0.0285225328009127,0.0654642618570474,0.0324933687002652,0.1208384710234278,0.0400588937967052,0.0381840857521166,0.0185141968105795,0.0283482788544981,0.0258933195235629,0.04359197907585,0.03690036900369,0.2094017094017093,0.0285551113649343,0.020090200902009,0.0297796307325789,0.1359404096834264,0.0378501135503406,0.02115260090654,0.0218054949847361,0.0273972602739726,0.0478468899521531,0.0654642618570474,0.0360029390154298,0.0196150453955901,0.0239348970799425
432_UCR_id_130_Facility_tr_23000_1st_26970,0.0076745970836531,0.0353435593410717,0.020048602673147,0.0120327741757337,0.0164982255771843,0.0117525903085161,0.0087346458393856,0.2125,0.3695652173913044,0.0198675496688741,0.0295732995352767,0.0133581903321932,0.046070460704607,0.0140437835605121,0.0134688888065707,0.0203546145151226,0.3435017454888,0.2377622377622377,0.2698412698412698,0.0507462686567164,0.0233703240978907,0.0576923076923077,0.0584795321637426,0.0288135593220339,0.019721577726218,0.0385944137591888,0.3435017454888,0.2527881040892193,0.3695652173913044,0.3695652173913044,0.047719087635054,0.1148648648648648,0.3695652173913044,0.0187949143173023,0.0377987770983879,0.0068396700865017,0.3435017454888,0.2698412698412698,0.3119266055045872,0.1679012345679012,0.0165647421389704,0.108626198083067,0.2698412698412698,0.0239774330042313,0.0404761904761904,0.0128690386071158,0.0087346458393856,0.0430925221799746,0.3695652173913044,0.0354535974973931,0.1403973509933774,0.0471567267683772,0.3695652173913044,0.0268774703557312,0.0148627793935909,0.0078922934076137,0.0087346458393856,0.2698412698412698,0.3695652173913044,0.108626198083067,0.05290113452188,0.1611374407582938,0.3383084577114428,0.0177391304347826,0.016224691526348,0.0385944137591888,0.3435017454888,0.0180323521612304,0.0703933747412008,0.2125
436_UCR_id_134_Medical_tr_1875_1st_4526,0.0365971107544141,0.0615384615384615,0.0220183486238532,0.3245901639344262,0.0678082191780821,0.0140575079872204,0.0606382978723404,0.0136834830684174,0.0920930232558139,0.0521739130434782,0.0033268923800722,0.3245901639344262,0.0129032258064516,0.0920930232558139,0.0678082191780821,0.0909090909090909,0.0382165605095541,0.0484076433121019,0.0408668730650154,0.029126213592233,0.0309362279511533,0.0268456375838926,0.0129032258064516,0.0599092284417549,0.0378585086042065,0.0350877192982456,0.0157831805500199,0.0262599469496021,0.3245901639344262,0.0491803278688524,0.0309362279511533,0.0209191759112519,0.0168152866242038,0.0599092284417549,0.3166666666666666,0.0378585086042065,0.0324324324324324,0.0121703853955375,0.3245901639344262,0.0202020202020202,0.0033268923800722,0.3245901639344262,0.1121813031161473,0.029126213592233,0.0678082191780821,0.0638297872340425,0.0536585365853658,0.0329999999999999,0.0485889570552147,0.0268456375838926,0.0033268923800722,0.3245901639344262,0.3245901639344262,0.0781065088757396,0.3245901639344262,0.026431718061674,0.1434782608695652,0.0217391304347826,0.1989949748743718,0.0249842271293375,0.0309362279511533,0.0209191759112519,0.0220183486238532,0.0536585365853658,0.3245901639344262,0.0378585086042065,0.0256410256410256,0.0227717078780908,0.0599092284417549,0.0292466765140324
437_UCR_id_135_Medical_tr_2499_1st_8000,0.0039108330074305,0.0150375939849624,0.1560479772311445,0.0145137880986937,0.0135685210312075,0.0213062425403169,0.0095328884652049,0.0754694720283158,0.8732650739476678,0.1340317792910773,0.0021621621621621,0.0034666851556541,0.0856792052684451,0.0116438875657964,0.0252468870759982,0.0044543429844097,0.0525213821416353,0.0461436729786594,0.1106211269635394,0.1442043960172835,0.0021621621621621,0.0048529554498689,0.3076553106212425,0.0941724941724941,0.0856792052684451,0.0225718234481136,0.0140300644237652,0.0785911743626497,0.4550088915234143,0.3670970827355332,0.0636942675159235,0.0039360780917893,0.8732650739476678,0.0371269649334945,0.0341296928327645,0.0043308791684712,0.0609448193727669,0.18671855996108,0.4550088915234143,0.8732650739476678,0.0020340913713844,0.0072014979115656,0.0819822706397522,0.0184842883548983,0.0129366106080206,0.0223068204934468,0.0103868574456809,0.1174598316755929,0.8732650739476678,0.5982852689010133,0.0019099278047289,0.0030201549113471,0.8732650739476678,0.022883295194508,0.0096432015429122,0.0234060070132642,0.0165289256198347,0.18671855996108,0.8732650739476678,0.8732650739476678,0.0332225913621262,0.0030493180521703,0.8732650739476678,0.0268096514745308,0.0357305776660615,0.0203915734665143,0.0371269649334945,0.1700110741971207,0.5982852689010133,0.8732650739476678
439_UCR_id_137_HumanActivity_tr_48750_1st_110800,3.3166945821794e-05,0.0008329862557267,8.031805951568211e-05,5.746961294215683e-05,4.866061653001144e-05,0.0001230693495784,0.0001049813658075,8.980651187017571e-06,7.730932621056742e-06,4.040322417728935e-05,1.9342341061565705e-06,6.420339635966741e-05,1.995988063991377e-05,4.796048056401525e-05,0.0009086778736937,0.0001265742674514,9.34535769356572e-05,8.156573586567755e-06,7.445988659759271e-06,4.4741728372967054e-05,0.0001801639491937,3.0650871251015316e-05,6.153656810559675e-05,5.114958696708524e-05,5.361786547277553e-05,0.000121573156647,9.638089730615392e-05,7.052161311137831e-06,8.025649977327539e-06,4.219320267504905e-05,9.301892935212315e-05,5.46433157564001e-05,1.926763711332261e-05,5.6655618820996573e-05,6.451404793393761e-05,4.597595457575687e-05,9.54608371915422e-05,8.09385635833121e-06,7.178725130204127e-06,0.0001851680399962,2.1435997470552303e-05,0.0002666311158512,0.0005331911490269,4.1407010206828016e-05,4.166579862919522e-05,6.134781141682771e-05,9.132003104881056e-05,7.432153726667684e-06,1.0214452428741427e-05,6.328913641973355e-05,1.3888792438941396e-05,0.0001428469395043,4.232714651541766e-05,4.201592403520934e-05,6.308949244503328e-05,4.807576740943728e-05,0.0001133080278737,8.517851286834383e-06,7.03479762645928e-06,5.46433157564001e-05,1.9342341061565705e-06,9.949753743594845e-05,2.609228842415624e-05,4.444345681207085e-05,7.434667856213524e-05,5.0631629578998e-05,0.0001049813658075,9.35887057149943e-06,1.0576358665475065e-05,6.134781141682771e-05
445_UCR_id_143_Environment_tr_6166_1st_19280,0.0187268993839835,0.0312480417754569,0.0901831964624131,0.4974545454545454,0.0334461746784021,0.0304761904761904,0.0607400919640902,0.216867469879518,0.0779257641921397,0.0836076134699853,0.0390654205607476,0.0445915976885834,0.0463958401039974,0.4974545454545454,0.0368852459016393,0.0362173038229376,0.0836076134699853,0.1486309213951067,0.0686016338298894,0.0856902761104441,0.0141322314049586,0.0445915976885834,0.0463958401039974,0.4974545454545454,0.0640569395017793,0.0281112910348888,0.0240320427236315,0.2769230769230769,0.0901831964624131,0.0861244019138756,0.0234443963652098,0.0457784191117524,0.0463958401039974,0.4974545454545454,0.02650519296363,0.042922429344558,0.0323634396971335,0.216867469879518,0.1161290322580645,0.1782178217821782,0.094240837696335,0.0445915976885834,0.0512327292302171,0.4974545454545454,0.0495356037151702,0.0581625585658993,0.3829787234042553,0.1707655502392344,0.1097560975609756,0.0861244019138756,0.0651960784313725,0.0457784191117524,0.0490415664720027,0.4974545454545454,0.0878793474915358,0.06999754841873,0.060200668896321,0.140625,0.1636363636363636,0.0816237850200114,0.0328463170657775,0.0451772151898734,0.1161290322580645,0.4974545454545454,0.0523255813953488,0.0689168765743073,0.036155502089401,0.2432432432432432,0.1232876712328766,0.0779257641921397
449_UCR_id_147_Sensor_tr_2847_1st_9330,0.0002669442887269,0.7407407407407407,0.1550387596899225,0.0252525252525252,0.0049726504226752,0.0033749578130273,0.0014994751836857,0.1111111111111111,0.7407407407407407,0.7407407407407407,0.0002994863808568,0.7407407407407407,0.2564102564102564,0.4545454545454545,0.0033366700033366,0.0061728395061728,0.0036245016310257,0.0263852242744063,0.0806451612903225,0.7407407407407407,0.0100050025012506,0.7407407407407407,0.7407407407407407,0.0350262697022767,0.0031240237425804,0.0054824561403508,0.0029904306220095,0.0520833333333333,0.1015228426395939,0.136986301369863,0.0002669442887269,0.7407407407407407,0.7407407407407407,0.7407407407407407,0.003059039461609,0.003862495171881,0.0034952813701502,0.0520833333333333,0.0304878048780487,0.7407407407407407,0.0002669442887269,0.7407407407407407,0.7407407407407407,0.3278688524590164,0.0031918289179699,0.0042535091450446,0.0036245016310257,0.0571428571428571,0.7407407407407407,0.7407407407407407,0.0002669442887269,0.7407407407407407,0.7407407407407407,0.7407407407407407,0.0056401579244218,0.0040209087253719,0.0029904306220095,0.0520833333333333,0.1550387596899225,0.7407407407407407,0.0211640211640211,0.7407407407407407,0.7407407407407407,0.7407407407407407,0.0047326076668244,0.0056947608200455,0.0029967036260113,0.0571428571428571,0.2105263157894736,0.7407407407407407
452_UCR_id_150_Facility_tr_10000_1st_35774,0.0103478010922678,0.0268199233716475,0.4375,0.0221729490022172,0.0212713473601288,0.0266412940057088,0.0085242408098028,0.2641509433962264,0.0813953488372093,0.4375,0.0121898127993034,0.0171986970684039,0.4375,0.0087591240875912,0.016233672424669,0.0380434782608695,0.0085242408098028,0.2641509433962264,0.1891891891891891,0.5294117647058824,0.0192878674824653,0.0160800313486849,0.5294117647058824,0.0072642703238824,0.0192678227360308,0.053231939163498,0.0085242408098028,0.2641509433962264,0.1138211382113821,0.5294117647058824,0.0505415162454873,0.0200860832137733,0.5294117647058824,0.0077046969917246,0.0137362637362637,0.0366492146596858,0.2191780821917808,0.4375,0.1125,0.5294117647058824,0.0185922974767596,0.0162799660834039,0.4375,0.0116140231965875,0.2333333333333333,0.0562248995983935,0.2191780821917808,0.3043478260869565,0.1590909090909091,0.4375,0.012847965738758,0.0353535353535353,0.5294117647058824,0.013531799729364,0.0120918984280532,0.0562248995983935,0.2191780821917808,0.3043478260869565,0.1473684210526316,0.5294117647058824,0.0125335720680393,0.0211511490661667,0.4848484848484848,0.0072807501378929,0.0103605648814281,0.046979865771812,0.2191780821917808,0.358974358974359,0.1473684210526316,0.4375
459_UCR_id_157_HumanActivity_tr_50000_1st_110260,0.0069408043380027,0.2387543252595156,0.0045017355536186,0.0055759092127602,0.0048362251867352,0.0026668946063766,0.0028198318381534,0.0014209423215829,0.0030751403868437,0.0059244490333606,0.0057630255884339,0.0057244783672792,0.0893782383419689,0.0037721258267558,0.0046419505118977,0.0030479167684267,0.0046026826523514,0.0044950295346491,0.0017748090452564,0.623,0.0055067546563163,0.0326872708224201,0.0802056555269923,0.0045835253300084,0.0036870716142755,0.0029853602526074,0.003663040692028,0.1032161555721765,0.0047576363510997,0.0891428571428571,0.0036558974933515,0.0565342072920934,0.0552701505757307,0.0056355200325126,0.0050720882738439,0.0037300496144419,0.003663040692028,0.004020618556701,0.0024833826621622,0.592274678111588,0.0078146728623274,0.146135831381733,0.8414634146341463,0.0040460038417584,0.0048027246226224,0.0036285398616037,0.0039146085970144,0.0018389381900162,0.0015656362906463,0.3136363636363636,0.021599325021093,0.0680809077454366,0.0037337043103641,0.0050720882738439,0.0040307473677411,0.0034938409854423,0.0037411780322863,0.0057244783672792,0.0038652130822596,0.0035664530509891,0.0039848575413428,0.1615925058548009,0.0031638790475405,0.004858819750635,0.0052646565634194,0.0042222071858718,0.0036986945569477,0.0039033772698987,0.0040777317617075,0.0034485888011616
463_UCR_id_161_Environment_tr_2046_1st_6006,0.0340557275541795,0.4705882352941177,0.4705882352941177,0.1702127659574468,0.1904761904761905,0.020434227330779,0.0101073910296904,0.25,0.4705882352941177,0.4705882352941177,0.0878394332939787,0.4705882352941177,0.25,0.0903225806451612,0.0491071428571428,0.0224,0.2758620689655173,0.2162162162162162,0.1318840579710145,0.1702127659574468,0.0516431924882629,0.4705882352941177,0.4705882352941177,0.3636363636363637,0.2162162162162162,0.0227642276422764,0.0104144065957908,0.4705882352941177,0.2962962962962963,0.4705882352941177,0.0969058591178406,0.4705882352941177,0.4705882352941177,0.1111111111111111,0.4705882352941177,0.0235294117647058,0.0104144065957908,0.4705882352941177,0.4705882352941177,0.4705882352941177,0.0457853810264385,0.4705882352941177,0.2962962962962963,0.3636363636363637,0.3492063492063492,0.0225806451612903,0.0101073910296904,0.4705882352941177,0.3636363636363637,0.3636363636363637,0.0468085106382978,0.4705882352941177,0.4705882352941177,0.1403508771929824,0.4705882352941177,0.0224,0.0104144065957908,0.3636363636363637,0.2962962962962963,0.25,0.0575916230366492,0.4705882352941177,0.4705882352941177,0.1403508771929824,0.2962962962962963,0.0235294117647058,0.0101073910296904,0.3636363636363637,0.3636363636363637,0.4705882352941177
467_UCR_id_165_Environment_tr_6166_1st_19280,0.1512605042016806,0.0476820307281229,0.0714514514514514,0.5598431372549021,0.028673835125448,0.0861244019138756,0.0412669683257918,0.1313868613138686,0.0856902761104441,0.0463958401039974,0.0379146256123163,0.0457784191117524,0.0497508276703258,0.5598431372549021,0.2769230769230769,0.0601981868016023,0.0370230040595399,0.1553427638737758,0.1040462427745664,0.0581625585658993,0.0762711864406779,0.0457784191117524,0.0623814725802927,0.4974545454545454,0.0825688073394495,0.1007480592801693,0.0440209682392846,0.1368088164829899,0.3214285714285714,0.0497508276703258,0.0406320541760722,0.0457784191117524,0.1313868613138686,0.5598431372549021,0.0302013422818791,0.060200668896321,0.0394746301672888,0.3214285714285714,0.1512605042016806,0.0509915014164305,0.0123982952344052,0.0445915976885834,0.0762711864406779,0.4974545454545454,0.053731343283582,0.079295154185022,0.037553680981595,0.1368088164829899,0.0836076134699853,0.0661764705882353,0.024544661041606,0.0440209682392846,0.0856902761104441,0.4974545454545454,0.1313868613138686,0.0647290863749716,0.145531914893617,0.1553427638737758,0.1512605042016806,0.0552147239263803,0.0238501394978078,0.0440209682392846,0.060200668896321,0.5598431372549021,0.0825688073394495,0.1313868613138686,0.0418773833968905,0.1512605042016806,0.0623814725802927,0.0476820307281229
471_UCR_id_169_Facility_tr_10000_1st_35774,0.0081308682605749,0.1178120617110799,0.5029940119760479,0.0199466366656277,0.0224068714405751,0.0144386056620904,0.0192351728875658,0.0384791571232249,0.0327996876220226,0.5029940119760479,0.0141768314079979,0.2507462686567164,0.0714893617021276,0.0476460578559273,0.0115220627302546,0.0224779234680224,0.0416873449131513,0.025648854961832,0.0953461975028377,0.5029940119760479,0.043139798897178,0.4019138755980861,0.3346613545816733,0.0176123775875823,0.0157691360027884,0.0106980765074562,0.0168810289389067,0.0191431175934366,0.0370533745037494,0.5029940119760479,0.0223523150612027,0.3346613545816733,0.1431005110732538,0.0137521786220473,0.0316497428458393,0.0079578235352631,0.006920985416495,0.0408361691784151,0.0229950480960783,0.5029940119760479,0.0232895980814905,0.2507462686567164,0.5029940119760479,0.0142996958857747,0.0164585306496227,0.0070388253173242,0.0275952693823915,0.0117318435754189,0.0202068799615107,0.5029940119760479,0.1484098939929328,0.4019138755980861,0.5029940119760479,0.0164585306496227,0.0167514667109286,0.0097090205320653,0.0091753140360458,0.011365234759614,0.0180218837159407,0.4019138755980861,0.0138911857119232,0.3346613545816733,0.5029940119760479,0.0161321298252352,0.0281195079086116,0.0100462110393463,0.0114301265478296,0.0259820600061862,0.0165127343968653,0.5029940119760479
473_UCR_id_171_HumanActivity_tr_2617_1st_7290,0.0001638874093497,0.0508474576271186,0.0241935483870967,0.0118110236220472,0.0024813895781637,0.0295566502463054,0.0,0.0051590713671539,0.0132450331125827,0.0067189249720044,0.0185758513931888,0.2608695652173913,0.0061664953751284,0.0215827338129496,0.0074719800747198,0.072289156626506,0.0012894906511927,0.010948905109489,0.0172413793103448,0.0036968576709796,0.005893909626719,0.0185758513931888,0.0038634900193174,0.0096308186195826,0.0069930069930069,0.0821917808219178,0.0,0.0288461538461538,0.0182926829268292,0.0043072505384063,0.0035026269702276,0.0126849894291754,0.0232558139534883,0.0080213903743315,0.0133928571428571,0.072289156626506,0.0,0.0091185410334346,0.018018018018018,0.0060422960725075,0.003731343283582,0.4615384615384615,0.0087847730600292,0.0078125,0.0055917986952469,0.0252100840336134,0.0012894906511927,0.0097879282218597,0.0045011252813203,0.2608695652173913,0.010752688172043,0.0228136882129277,0.0048661800486618,0.0088495575221238,0.0185758513931888,0.0212014134275618,0.0012894906511927,0.0048661800486618,0.0126849894291754,0.0060422960725075,0.0001834609916066,0.4615384615384615,0.0034622042700519,0.0083565459610027,0.0051590713671539,0.0246913580246913,0.0,0.010204081632653,0.0099502487562189,0.0037197768133911
474_UCR_id_172_Environment_tr_2046_1st_6520,0.0401401720293086,0.0652849740932642,0.7730061349693251,0.7730061349693251,0.3610315186246418,0.1547911547911547,0.0097521332791548,0.2355140186915887,0.1062394603709949,0.3610315186246418,0.0349611542730299,0.2850678733031674,0.0745341614906832,0.0302739067755886,0.0087591240875912,0.020923281301893,0.0363636363636363,0.0078290654053172,0.0068337129840546,0.0455366823274304,0.0358872116206209,0.0296122209165687,0.044055944055944,0.0109990834097158,0.0985144644253323,0.0399334442595673,0.0118577075098814,0.1212121212121212,0.0363636363636363,0.4921875,0.0358872116206209,0.0547350130321459,0.0506430868167202,0.0108450067781292,0.0246659815005138,0.0471204188481675,0.0065672458612669,0.3610315186246418,0.7730061349693251,0.3610315186246418,0.0349611542730299,0.0918367346938775,0.0625,0.0182648401826484,0.0080321285140562,0.2285714285714286,0.0145278450363196,0.1062394603709949,0.0389851485148514,0.174757281553398,0.0349611542730299,0.0722477064220183,0.7730061349693251,0.1062394603709949,0.7730061349693251,0.0547350130321459,0.009284332688588,0.2355140186915887,0.0622837370242214,0.0547350130321459,0.0349611542730299,0.0595463137996219,0.3610315186246418,0.1547911547911547,0.0059880239520958,0.2850678733031674,0.0091743119266055,0.1547911547911547,0.0191489361702127,0.7730061349693251
493_UCR_id_191_Sensor_tr_2847_1st_9330,0.003012048192771,0.7407407407407407,0.7407407407407407,0.06006006006006,0.0223713646532438,0.0039533504645186,0.0044464206313917,0.2105263157894736,0.7407407407407407,0.7407407407407407,0.0017809439002671,0.7407407407407407,0.7407407407407407,0.4545454545454545,0.0865800865800865,0.0110375275938189,0.0049517207229512,0.0411522633744856,0.136986301369863,0.7407407407407407,0.0304878048780487,0.7407407407407407,0.7407407407407407,0.7407407407407407,0.0169061707523246,0.0034952813701502,0.0049517207229512,0.06006006006006,0.7407407407407407,0.7407407407407407,0.1015228426395939,0.7407407407407407,0.7407407407407407,0.1111111111111111,0.0100050025012506,0.0048899755501222,0.0054318305268875,0.0668896321070234,0.7407407407407407,0.7407407407407407,0.003012048192771,0.7407407407407407,0.7407407407407407,0.1015228426395939,0.0137457044673539,0.0039936102236421,0.0426439232409381,0.1226993865030675,0.7407407407407407,0.7407407407407407,0.0002786679671171,0.7407407407407407,0.7407407407407407,0.2564102564102564,0.0166666666666666,0.0121802679658952,0.0044464206313917,0.1226993865030675,0.7407407407407407,0.7407407407407407,0.0005657228523746,0.7407407407407407,0.7407407407407407,0.1226993865030675,0.0179372197309417,0.0124378109452736,0.0049517207229512,0.0806451612903225,0.7407407407407407,0.7407407407407407
494_UCR_id_192_Facility_tr_22500_1st_72150,0.0413511443886667,0.4026246824174285,0.0617927527018436,0.0305968269957189,0.0565510821503374,0.0404900908075974,0.0288324632178452,0.1779208199231322,0.1151658767772512,0.3726993865030675,0.1928535019613347,0.4580584354382658,0.3726993865030675,0.5186264687129977,0.1617304492512479,0.3931505903473037,0.086376601984653,0.053821930965726,0.3760858604048117,0.1251204186976088,0.028528056694981,0.2644261448236045,0.3401743481490168,0.1779208199231322,0.2390555828824397,0.2649481178167605,0.0377093580048967,0.1603627453741515,0.0855935188446636,0.230246156831271,0.0330323810949723,0.5941320293398533,0.3141564318034906,0.073215115167081,0.1301553294054633,0.1603627453741515,0.015953256302521,0.1073792596224564,0.0705063107500362,0.2390555828824397,0.0177989379234572,0.5941320293398533,0.3726993865030675,0.3165619614165786,0.5941320293398533,0.5186264687129977,0.505763349800047,0.0929405625568583,0.0783439318414395,0.1740133179579131,0.073215115167081,0.5941320293398533,0.2644261448236045,0.2278055611122224,0.5941320293398533,0.5186264687129977,0.0361775869690842,0.1929337038507344,0.1007234968424404,0.4487563094479802,0.0331015058492174,0.4580584354382658,0.1719037339090109,0.059889560872995,0.1759594496741491,0.1997964840871609,0.307011280879623,0.1997964840871609,0.0515636628074909,0.3726993865030675
495_UCR_id_193_Environment_tr_2046_1st_6520,0.0008598452278589,0.096,0.2666666666666666,0.3428571428571428,0.1967567567567567,0.0102695763799743,0.020110497237569,0.0827586206896551,0.2181818181818181,0.0452830188679245,0.0056795131845841,0.3428571428571428,0.1441441441441441,0.0685714285714285,0.2074074074074074,0.0580542264752791,0.020110497237569,0.0994350282485875,0.0477611940298507,0.3404255319148936,0.0123348017621145,0.3428571428571428,0.16,0.1411764705882353,0.1967567567567567,0.0497948016415868,0.020110497237569,0.48,0.1043478260869565,0.6956521739130436,0.0637681159420289,0.3428571428571428,0.48,0.1411764705882353,0.2181818181818181,0.0457286432160804,0.020110497237569,0.1043478260869565,0.0888888888888888,0.888888888888889,0.0083457526080476,0.3428571428571428,0.035820895522388,0.096,0.2666666666666666,0.0301624129930394,0.020110497237569,0.0991825613079019,0.1647058823529412,0.48,0.0085653104925053,0.3428571428571428,0.0648648648648648,0.1142857142857143,0.3428571428571428,0.0464878671775223,0.020110497237569,0.1535864978902953,0.096,0.48,0.0139020537124802,0.2181818181818181,0.1846153846153846,0.48,0.2666666666666666,0.0489247311827957,0.0146118721461187,0.043531202435312,0.1846153846153846,0.48
496_UCR_id_194_Environment_tr_2046_1st_5391,0.0035026269702276,0.0392156862745098,0.0165289256198347,0.028169014084507,0.1818181818181818,0.0952380952380952,0.0952380952380952,0.0198019801980198,0.1818181818181818,0.0037664783427495,4.19172971726783e-05,0.1818181818181818,0.0005950609937518,0.1818181818181818,0.0036297640653357,0.0246913580246913,0.0952380952380952,0.0090497737556561,0.002171552660152,0.0018165304268846,0.0031695721077654,0.1818181818181818,0.0116959064327485,0.1818181818181818,0.0165289256198347,0.1818181818181818,0.0952380952380952,0.0052493438320209,0.0327868852459016,0.018018018018018,0.0004503490204908,0.1818181818181818,0.018018018018018,0.0952380952380952,0.0327868852459016,0.048780487804878,0.0,0.018018018018018,0.0952380952380952,0.0165289256198347,7.267177791504668e-05,0.1818181818181818,0.0048661800486618,0.048780487804878,0.004750593824228,0.064516129032258,0.0952380952380952,0.0023781212841854,0.0124223602484472,0.0079681274900398,0.001233806292412,0.1818181818181818,0.0009004952723998,0.064516129032258,0.0952380952380952,0.0952380952380952,0.0,0.0198019801980198,0.0952380952380952,0.0392156862745098,4.19172971726783e-05,0.1818181818181818,0.0094786729857819,0.1818181818181818,0.0952380952380952,0.0952380952380952,0.0,0.0009799118079372,0.064516129032258,0.0198019801980198
499_UCR_id_197_Environment_tr_2046_1st_5703,0.023486901535682,0.0254602428515472,0.0244188174995423,0.0063157894736842,0.0052516411378555,0.0055020632737276,0.0032034169781099,0.0108499095840868,0.0132450331125827,0.0254602428515472,0.0051547586846477,0.0148285449490268,0.253968253968254,0.0152817574021012,0.0047412090082971,0.2253521126760563,0.0032034169781099,0.0804020100502512,0.0159803318992009,0.4102564102564103,0.0230215827338129,0.0307940904893813,0.1059602649006622,0.0215906808596103,0.0050285016286644,0.2253521126760563,0.0032034169781099,0.0744186046511627,0.0244274809160305,0.6956521739130436,0.0351648351648351,0.0115384615384615,0.0647773279352226,0.0053428317008014,0.0064136825227151,0.0029460835009723,0.0032034169781099,0.087431693989071,0.014094030639197,0.6956521739130436,0.0278260869565217,0.0482284887924801,0.6956521739130436,0.003998667110963,0.0044676098287416,0.0055020632737276,0.0033003300330033,0.0091532332777468,0.0128355623977677,0.6956521739130436,0.0265477439664218,0.032082732082732,0.037122969837587,0.0042477876106194,0.0044843049327354,0.2253521126760563,0.0032034169781099,0.0828025477707006,0.0102136130464742,0.0265314240254574,0.0314581954555482,0.0200250312891113,0.1118881118881118,0.0081081081081081,0.0052839875922558,0.0055020632737276,0.0032034169781099,0.1684210526315789,0.0122870037763654,0.0426666666666666
500_UCR_id_198_Facility_tr_7482_1st_23357,0.0661724973849761,0.1441493834142928,0.0722352852553927,0.509933774834437,0.2588084561178731,0.9834519767120914,0.967741935483871,0.0842059065123465,0.093654042988741,0.0959812415595335,0.0576202521810074,0.1290614554335964,0.1015820149875104,0.5607675906183369,0.0592400711321873,0.9834519767120914,0.1255230125523012,0.112414240682366,0.2820135654163602,0.4265734265734266,0.0726415607738564,0.1175824594210521,0.1235443037974683,0.5607675906183369,0.3515850144092219,0.9834519767120914,0.0972972972972973,0.1580718694221629,0.0720063187400527,0.2159624413145539,0.0652680652680652,0.1599342486183785,0.1041510481743718,0.6842105263157895,0.4265734265734266,0.9834519767120914,0.065359477124183,0.1027108223293509,0.0622522744542336,0.230188679245283,0.0712613998739955,0.1334026016087129,0.2601279317697229,0.5607675906183369,0.4265734265734266,0.9834519767120914,0.0679245283018867,0.1103366691178821,0.0622522744542336,0.1776061776061776,0.1229946524064171,0.1111093593458028,0.2601279317697229,0.5842696629213484,0.3515850144092219,0.9834519767120914,0.0515759312320916,0.0928792569659442,0.0647211406288642,0.1274817136886102,0.0672023374726077,0.2379422678871708,0.1219552337063857,0.5842696629213484,0.403907210892137,0.9834519767120914,0.1045296167247386,0.1048097631012204,0.0682329769274057,0.0720634631166225
504_UCR_id_202_Environment_tr_2046_1st_5549,0.0260663507109004,0.8674641148325359,0.2588235294117648,0.4230769230769231,0.2291666666666666,0.5365853658536586,0.5714285714285715,0.0985185185185185,0.5905537459283388,0.8674641148325359,0.1160949868073878,0.8674641148325359,0.5365853658536586,0.0748299319727891,0.200287356321839,0.5365853658536586,0.5714285714285715,0.1684210526315789,0.4230769230769231,0.5365853658536586,0.0418300653594771,0.8674641148325359,0.6956521739130436,0.205607476635514,0.3492063492063492,0.3492063492063492,0.5714285714285715,0.0555323590814196,0.4262996941896024,0.8674641148325359,0.205607476635514,0.8674641148325359,0.5365853658536586,0.2588235294117648,0.2972972972972973,0.2588235294117648,0.0,0.0748299319727891,0.4230769230769231,0.5666666666666668,0.0503432494279176,0.8674641148325359,0.3955974842767295,0.1271676300578035,0.0842911877394636,0.2588235294117648,0.5714285714285715,0.0721311475409836,0.4230769230769231,0.5365853658536586,0.0485981308411214,0.8674641148325359,0.3572463768115942,0.1456953642384106,0.2291666666666666,0.2588235294117648,0.5714285714285715,0.0964912280701754,0.4230769230769231,0.7548387096774194,0.0498084291187739,0.8674641148325359,0.5365853658536586,0.1571428571428571,0.2428571428571428,0.5365853658536586,0.0,0.0964912280701754,0.4230769230769231,0.8674641148325359
506_UCR_id_204_Environment_tr_2046_1st_5549,0.0358890701468189,0.5365853658536586,0.8235294117647058,0.2588235294117648,0.0920502092050209,0.0842911877394636,0.5714285714285715,0.1418107833163784,0.5365853658536586,0.8235294117647058,0.0867743175701653,0.8674641148325359,0.5365853658536586,0.07773851590106,0.0964912280701754,0.0748299319727891,0.5714285714285715,0.1705426356589147,0.4230769230769231,0.4235294117647059,0.0288461538461538,0.8674641148325359,0.4516129032258064,0.3492063492063492,0.0808823529411764,0.0808823529411764,0.0,0.1864406779661017,0.3404255319148936,0.6956521739130436,0.0157065410143385,0.8674641148325359,0.6956521739130436,0.2291666666666666,0.1571428571428571,0.0611111111111111,0.0,0.1271676300578035,0.4230769230769231,0.6956521739130436,0.0590683067259879,0.8674641148325359,0.4230769230769231,0.1864406779661017,0.0365448504983388,0.0684292379471228,0.0,0.1864406779661017,0.2839103869653768,0.5365853658536586,0.0933416046319272,0.8674641148325359,0.4230769230769231,0.1013824884792626,0.0650887573964497,0.0734557595993322,0.0,0.1416666666666666,0.5365853658536586,0.5365853658536586,0.0355012162335168,0.8674641148325359,0.8235294117647058,0.205607476635514,0.205607476635514,0.0721311475409836,0.5714285714285715,0.2972972972972973,0.4230769230769231,0.6956521739130436
516_UCR_id_214_HumanActivity_tr_2108_1st_4702,0.0064724919093851,0.0112994350282485,0.0057636887608069,0.0041580041580041,0.0073260073260073,0.6666666666666666,0.0,0.6666666666666666,0.2222222222222222,0.0014695077149155,0.0350877192982456,0.0056338028169014,0.2857142857142857,0.0121212121212121,0.0023781212841854,0.6666666666666666,0.0,0.4,0.048780487804878,0.0350877192982456,0.0064724919093851,0.0051679586563307,0.6666666666666666,0.0118343195266272,0.0026007802340702,0.6666666666666666,0.0,0.6666666666666666,0.4,0.6666666666666666,0.0064724919093851,0.0052493438320209,0.6666666666666666,0.0465116279069767,0.011049723756906,0.6666666666666666,0.0,0.6666666666666666,0.2857142857142857,0.6666666666666666,0.0064724919093851,0.0057971014492753,0.6666666666666666,0.0063091482649842,0.0055401662049861,0.6666666666666666,0.0,0.6666666666666666,0.6666666666666666,0.6666666666666666,0.0064724919093851,0.0055401662049861,0.6666666666666666,0.0103626943005181,0.0033726812816188,0.6666666666666666,0.0,0.6666666666666666,0.1333333333333333,0.6666666666666666,0.0064724919093851,0.0053050397877984,0.6666666666666666,0.0082987551867219,0.0051948051948051,0.6666666666666666,0.0,0.6666666666666666,0.0425531914893616,0.6666666666666666
517_UCR_id_215_Facility_tr_7482_1st_24005,0.0746268656716417,0.0397074190177638,0.0688677000786954,0.0954255463553685,0.113698851690118,0.3734610123119015,0.0301624129930394,0.1037638376383763,0.091743119266055,0.1138406231276213,0.0253807106598984,0.0424012497210444,0.0746268656716417,0.0273972602739726,0.1063829787234042,0.0271855773358134,0.2941176470588235,0.0795308156485185,0.0628930817610062,0.408977285077709,0.0105554255832718,0.0266922973250955,0.3945509586276489,0.0643831852733766,0.0119284294234592,0.0786026200873362,0.2941176470588235,0.2280912364945978,0.0478468899521531,0.156636438582028,0.0288370127812401,0.0416940969936361,0.1671064204045734,0.0722136620441705,0.4858327574291637,0.0500395048722675,0.7142857142857143,0.2380122057541412,0.0346020761245674,0.1088825214899713,0.0230832375636184,0.0397074190177638,0.7142857142857143,0.2272727272727272,0.17631143844882,0.0680739808269584,0.2564102564102564,0.209020902090209,0.0430124468252717,0.1192718141870684,0.0194552529182879,0.0410101446147204,0.4166666666666667,0.0722136620441705,0.209020902090209,0.0582959641255605,0.4166666666666667,0.156636438582028,0.0393700787401574,0.1192718141870684,0.0121161414272876,0.0397074190177638,0.179076343072573,0.1135197909609987,0.3140495867768595,0.0807479813004675,0.4166666666666667,0.1842726081258191,0.0328947368421052,0.1671064204045734
525_UCR_id_223_Facility_tr_50000_1st_250720,0.010159446874559,0.0178764897074756,0.2035928143712574,0.0130869899923017,0.2035928143712574,0.0126120265708692,0.0515151515151515,0.0130869899923017,0.0107862617087709,0.2556390977443609,0.0069850870171069,0.0086206896551724,0.0371584699453551,0.0250552689756816,0.0385925085130533,0.0135106128150169,0.0948958758677011,0.0467032967032967,0.0082364341085271,0.2556390977443609,0.0104051710547059,0.0126018207954,0.091644204851752,0.0175419599350297,0.0086021505376344,0.0102510894376426,0.0657054000565451,0.0145113102859581,0.0102069747660901,0.4146341463414634,0.0117170302651165,0.01152,0.0371584699453551,0.008082064034815,0.0103453521983873,0.0111598574170551,0.0617508895701389,0.0164171897633993,0.0125138019874861,0.1122112211221122,0.0132248702396675,0.0164095885763983,0.0774487471526196,0.0082243939586241,0.0294882914137033,0.0083628176262463,0.0779885403185135,0.011572498298162,0.0100591715976331,0.2266666666666666,0.0290365156181258,0.014462303383015,0.10625,0.0102654538704288,0.0118257072682616,0.0077288941736028,0.0537833530953334,0.0112176439748704,0.0113750418200066,0.0165530671859785,0.0377323758997646,0.0132865149307015,0.0128763491762923,0.0118257072682616,0.0112944353481571,0.0144067796610169,0.0544226608091272,0.0200353565114908,0.0125925925925925,0.0183783783783783
526_UCR_id_224_Sensor_tr_2827_1st_4711,0.1179815209665955,0.116613148555011,0.0499615895747937,0.3808998067899531,0.1454468802698145,0.0416931815503547,0.1179815209665955,0.2877397831526272,0.4461354495053811,0.3808998067899531,0.0445555808138213,0.3808998067899531,0.3808998067899531,0.0754148367298186,0.2877397831526272,0.5060975609756098,0.0368040724379041,0.3808998067899531,0.1526081605604468,0.3911924506720045,0.4067708548443739,0.1659651232711966,0.4461354495053811,0.2311945049422014,0.0594346807685122,0.5060975609756098,0.0606946983546618,0.1060967171523026,0.2877397831526272,0.3808998067899531,0.0835843072263336,0.3808998067899531,0.3808998067899531,0.2311945049422014,0.0633773453787352,0.4038929440389294,0.2515151515151515,0.0731242051716829,0.3138814531548757,0.3808998067899531,0.3991632233190989,0.3808998067899531,0.5060975609756098,0.2877397831526272,0.5060975609756098,0.2876949740034661,0.0418568103088904,0.3360323886639676,0.5060975609756098,0.3808998067899531,0.2515151515151515,0.3808998067899531,0.5060975609756098,0.3808998067899531,0.0601250181712458,0.0526984126984126,0.0465638148667601,0.2877397831526272,0.3482983959942289,0.3808998067899531,0.1826182618261826,0.2877397831526272,0.4461354495053811,0.3808998067899531,0.0533133966666236,0.041713732451186,0.1253776435045317,0.2421096100525043,0.4461354495053811,0.3808998067899531
530_UCR_id_228_HumanActivity_tr_16250_1st_38500,0.010777806007505,0.0459047319603835,0.0282184398661932,0.0209681085228512,0.0195249500971062,0.0190510192067392,0.0218020396264142,0.13572106832863,0.245958457548656,0.1022051102555127,0.0217624871413875,0.0191262199515294,0.5604606525911708,0.0578561521696057,0.0218415737901114,0.0468389778372685,0.0437349661054012,0.0640046420394699,0.0303388153272603,0.3591635916359163,0.0776935290015283,0.0211148648648648,0.5604606525911708,0.0337168620858072,0.0198312545620874,0.0344085371869911,0.0773694390715667,0.0760622709249945,0.3086280830874973,0.3591635916359163,0.0372244617891757,0.0227031935825639,0.5604606525911708,0.0280402052628115,0.02050020500205,0.0238568588469184,0.057012542759407,0.0715681088895941,0.0715681088895941,0.12846458424989,0.1207110376188507,0.0186046511627907,0.2334132693844923,0.0187267528848907,0.2090193271295633,0.0297324083250743,0.0648929266709928,0.13572106832863,0.13572106832863,0.2044442653665612,0.0467225606246863,0.0201099343075479,0.0147658443663497,0.0217111466663297,0.0249987182773647,0.0312728030855832,0.0558815311539536,0.174920279238128,0.1108743867929682,0.5604606525911708,0.0115445207330589,0.0187672729609872,0.5604606525911708,0.0219052081042577,0.0161226707825051,0.0319829424307036,0.0648929266709928,0.174920279238128,0.0506283644563737,0.5604606525911708
531_SMAP_id_1_Sensor_tr_1811_1st_4510,0.0743183648425815,0.0,0.0,0.8192419825072885,0.0,0.0,0.0,0.8192419825072885,0.8192419825072885,0.0,0.0861244019138756,0.0,0.4251968503937008,0.8192419825072885,0.4251968503937008,0.4251968503937008,0.4251968503937008,0.8192419825072885,0.8192419825072885,0.4251968503937008,0.0412542307937927,0.4251968503937008,0.4251968503937008,0.8192419825072885,0.4251968503937008,0.4251968503937008,0.0,0.8192419825072885,0.8192419825072885,0.0,0.0861244019138756,0.0,0.0,0.8192419825072885,0.4251968503937008,0.4251968503937008,0.4251968503937008,0.8192419825072885,0.8192419825072885,0.0,0.0412542307937927,0.4251968503937008,0.4251968503937008,0.8192419825072885,0.0,0.0,0.0,0.8192419825072885,0.8192419825072885,0.0,0.0378416257883672,0.0,0.0,0.8192419825072885,0.0,0.0,0.4251968503937008,0.8192419825072885,0.8192419825072885,0.0,0.0861244019138756,0.4251968503937008,0.4251968503937008,0.8192419825072885,0.0,0.0,0.0,0.8192419825072885,0.8192419825072885,0.0
532_SMAP_id_2_Sensor_tr_2075_1st_5550,0.1286083595237323,0.2863934610625773,0.2863934610625773,0.2005232080733997,0.2059219094902043,0.1008765627245293,0.5012809564474808,0.2676927572938483,0.3339021615472127,0.5012809564474808,0.2225234563963532,0.400819392284056,0.3033887914310206,0.1988126092900611,0.2503198294243071,0.1053198169911186,0.5964316057774002,0.1240063593004769,0.2861320984645381,0.2861320984645381,0.2225234563963532,0.1053198169911186,0.5012809564474808,0.191678605799588,0.1713864132904617,0.1610791019463818,0.5964316057774002,0.2224748910365738,0.2503198294243071,0.3803449090479565,0.2225234563963532,0.0909513480012395,0.2292158489547636,0.1177580575289093,0.2459285821007022,0.2218490709720894,0.5012809564474808,0.400819392284056,0.2002046384720327,0.5012809564474808,0.2225234563963532,0.3339021615472127,0.5012809564474808,0.1385991256162544,0.2086713168196951,0.1367157850896379,0.5012809564474808,0.2002046384720327,0.1906617945594803,0.5012809564474808,0.2225234563963532,0.2861320984645381,0.5012809564474808,0.400819392284056,0.1675983483501289,0.1314394159334765,0.5964316057774002,0.1978597892906671,0.400819392284056,0.5012809564474808,0.2225234563963532,0.3339021615472127,0.3033887914310206,0.2861320984645381,0.1934896417499257,0.1819872887924352,0.5964316057774002,0.212635049014701,0.400819392284056,0.5012809564474808
533_SMAP_id_3_Sensor_tr_2052_1st_5300,0.3311501208280713,0.3147411523837379,0.3742010459035444,0.3607891139422969,0.4437305153567279,0.351308159470867,0.354857646022894,0.4789687924016282,0.4770401231772484,0.3552656999583347,0.2686715954045218,0.3717567935472985,0.3710605701158257,0.3470952521380124,0.4381284461082477,0.3081786941580756,0.3713131976638918,0.4789687924016282,0.4580467675378267,0.3605287489948167,0.2487690582782319,0.3238406728291266,0.3716386243647308,0.3470952521380124,0.4211729800554094,0.3081786941580756,0.3685018146389026,0.4789687924016282,0.4789687924016282,0.355393994718482,0.2567393409235084,0.298959270608459,0.3755445678438935,0.3470952521380124,0.4381284461082477,0.2165765069551777,0.3685018146389026,0.4789687924016282,0.4789687924016282,0.361526318866564,0.2732685441397458,0.3075999960309434,0.3747249560782574,0.3470952521380124,0.4381284461082477,0.2220981849426638,0.3713131976638918,0.4789687924016282,0.4300929839391378,0.3470952521380124,0.2634320678587422,0.2716188057469793,0.3740129926288452,0.362440886909053,0.4487382562911659,0.300153361587581,0.3713131976638918,0.4789687924016282,0.4789687924016282,0.3583910963584887,0.3032188166218152,0.2909884442745961,0.3768201992014131,0.3642041364281962,0.4265313932664309,0.3081786941580756,0.3713131976638918,0.4789687924016282,0.4789687924016282,0.3673449180652507
534_SMAP_id_4_Sensor_tr_1968_1st_4370,0.0799753162604134,0.9564575645756456,0.9564575645756456,0.9564575645756456,0.0,0.0008665332480554,0.0,0.9564575645756456,0.9564575645756456,0.0008665332480554,0.0767772511848341,0.9564575645756456,0.9564575645756456,0.9564575645756456,0.4063745019920319,0.9564575645756456,0.0,0.9564575645756456,0.9564575645756456,0.9564575645756456,0.0767772511848341,0.9564575645756456,0.9564575645756456,0.0008665332480554,0.4063745019920319,0.9564575645756456,0.4063745019920319,0.9564575645756456,0.9564575645756456,0.9564575645756456,0.0767772511848341,0.9564575645756456,0.0008665332480554,0.9564575645756456,0.4063745019920319,0.9564575645756456,0.0,0.9564575645756456,0.9564575645756456,0.9564575645756456,0.0767772511848341,0.9564575645756456,0.9564575645756456,0.9564575645756456,0.0,0.9564575645756456,0.0,0.9564575645756456,0.9564575645756456,0.9564575645756456,0.0767772511848341,0.9564575645756456,0.9564575645756456,0.9564575645756456,0.0,0.9564575645756456,0.0,0.9564575645756456,0.9564575645756456,0.9564575645756456,0.0799753162604134,0.9564575645756456,0.9564575645756456,0.9564575645756456,0.0,0.9564575645756456,0.4063745019920319,0.9564575645756456,0.9564575645756456,0.9564575645756456
536_SMAP_id_6_Sensor_tr_2160_1st_5600,0.0408442023081664,0.7468982630272953,0.7468982630272953,0.7468982630272953,0.7468982630272953,0.7468982630272953,0.4275568181818182,0.7468982630272953,0.7468982630272953,0.7468982630272953,0.0740809645623513,0.7468982630272953,0.7468982630272953,0.7468982630272953,0.7468982630272953,0.7468982630272953,0.4275568181818182,0.7468982630272953,0.5438121047877146,0.0553273075869624,0.0740809645623513,0.7468982630272953,0.7468982630272953,0.7468982630272953,0.7468982630272953,0.915364231247634,0.7468982630272953,0.7468982630272953,0.7468982630272953,0.0334368360843275,0.0740809645623513,0.7468982630272953,0.0163188364178502,0.7468982630272953,0.7468982630272953,0.915364231247634,0.2604932929467763,0.7468982630272953,0.7468982630272953,0.7468982630272953,0.0740809645623513,0.7468982630272953,0.058168746412996,0.7468982630272953,0.7468982630272953,0.7468982630272953,0.7468982630272953,0.7468982630272953,0.7468982630272953,0.7468982630272953,0.0740809645623513,0.7468982630272953,0.7468982630272953,0.7468982630272953,0.7468982630272953,0.915364231247634,0.7468982630272953,0.7468982630272953,0.7468982630272953,0.7468982630272953,0.0740809645623513,0.7468982630272953,0.7468982630272953,0.7468982630272953,0.7468982630272953,0.915364231247634,0.7468982630272953,0.7468982630272953,0.7468982630272953,0.7468982630272953
537_SMAP_id_7_Sensor_tr_2077_1st_5394,0.1540721810941019,0.3844384821770793,0.3997722095671982,0.192734914440108,0.1079414229837958,0.2539054775558632,0.3719582850521437,0.3997722095671982,0.3719582850521437,0.3997722095671982,0.1314627583143924,0.3554325259515571,0.3997722095671982,0.2711148648648649,0.3573484332367929,0.104291887325774,0.3719582850521437,0.2711148648648649,0.1372029406736194,0.3997722095671982,0.1768953964511725,0.396728794218334,0.3997722095671982,0.2711148648648649,0.102087067780614,0.2132890365448505,0.3719582850521437,0.3554325259515571,0.3719582850521437,0.3997722095671982,0.1190799887625477,0.3719582850521437,0.3997722095671982,0.2711148648648649,0.3573484332367929,0.1838751253043104,0.3719582850521437,0.3719582850521437,0.3136297020029311,0.4088335220838052,0.2296137339055793,0.3136297020029311,0.3813364055299539,0.3719582850521437,0.3573484332367929,0.1234385576272229,0.3719582850521437,0.4088335220838052,0.3719582850521437,0.3906071019473081,0.1461744527932048,0.3586191486984695,0.3906071019473081,0.3719582850521437,0.3573484332367929,0.2132890365448505,0.6527293844367016,0.3813364055299539,0.3719582850521437,0.3844384821770793,0.1812378483473752,0.3906071019473081,0.3906071019473081,0.2387504648568241,0.102087067780614,0.1032154340836012,0.6527293844367016,0.3906071019473081,0.2387504648568241,0.3906071019473081
538_SMAP_id_8_Sensor_tr_2007_1st_3650,0.1282336067687149,0.3955003940388129,0.5627390758734431,0.4809851221737332,0.6980374958886086,0.5748463498916515,0.9212412496081914,0.6232993113685629,0.4242074226792555,0.4914828499026497,0.1004766780624013,0.4789487046505503,0.5917857705117703,0.4769714047037001,0.6980374958886086,0.2660360586456096,0.0078537255788869,0.557928453928315,0.5352927391359628,0.5487189883518488,0.1552028218694885,0.3788636994635597,0.6132107795904294,0.5046584460470461,0.6980374958886086,0.2660360586456096,0.9212412496081914,0.5802958417919301,0.4615007291090484,0.5804487451582127,0.1172002170374389,0.332751024767498,0.6132107795904294,0.4940681736615083,0.6980374958886086,0.5748463498916515,0.0078537255788869,0.5627390758734431,0.4635225594277274,0.5936264307359362,0.1296962265762108,0.4929890821654463,0.6873942254800823,0.5066166396213372,0.4624141001473454,0.5755282889415709,0.0078537255788869,0.5487189883518488,0.4347483074344754,0.5088324157237669,0.0837594010959268,0.3739614002728533,0.5802958417919301,0.5303379320567798,0.6980374958886086,0.5748463498916515,0.0,0.5487189883518488,0.4177362411332531,0.5804487451582127,0.1078554296263526,0.347036868119464,0.5529305606398627,0.4909927996056814,0.4624141001473454,0.561312683352478,0.9212412496081914,0.5802958417919301,0.4593429785664643,0.5804487451582127
539_SMAP_id_9_Sensor_tr_1857_1st_4270,0.1468267907153368,0.0,0.0,0.2913440708298012,0.0,0.2434248839222475,0.0,0.7115711985277201,0.7115711985277201,0.0,0.1225175268348714,0.4674329501915709,0.4674329501915709,0.4805344104396457,0.0,0.0981438588698163,0.0,0.1074729035938391,0.7115711985277201,0.4674329501915709,0.1225175268348714,0.0,0.0,0.0981438588698163,0.0,0.3627536061920957,0.4674329501915709,0.0377125193199381,0.7115711985277201,0.4674329501915709,0.1225175268348714,0.0,0.4674329501915709,0.0981438588698163,0.1416957026713124,0.0981438588698163,0.4674329501915709,0.7115711985277201,0.7115711985277201,0.0,0.0818588403419165,0.0,0.0,0.2434248839222475,0.0,0.3627536061920957,0.0,0.7115711985277201,0.7115711985277201,0.4674329501915709,0.1225175268348714,0.4674329501915709,0.4674329501915709,0.1468267907153368,0.0,0.1468267907153368,0.0,0.4805344104396457,0.7115711985277201,0.4674329501915709,0.1225175268348714,0.4674329501915709,0.4674329501915709,0.7115711985277201,0.0,0.1831704861727956,0.0,0.7115711985277201,0.7115711985277201,0.0
540_SMAP_id_10_Sensor_tr_2051_1st_4575,0.207632882506818,0.5692307692307692,0.4602649006622517,0.3989637305699482,0.1023102310231023,0.162004662004662,0.62,0.4602649006622517,0.4602649006622517,0.4602649006622517,0.207632882506818,0.4952608403612211,0.0951792336217552,0.6637931034482759,0.1075483896107921,0.1633362194155454,0.0,0.1933240611961057,0.4602649006622517,0.2495948136142625,0.1392909776838731,0.4952608403612211,0.0951792336217552,0.3326133909287257,0.1025890128561275,0.2765736675416793,0.0,0.4602649006622517,0.4602649006622517,0.4602649006622517,0.1392909776838731,0.5692307692307692,0.4602649006622517,0.2140107775211701,0.1023102310231023,0.2997872823774808,0.0,0.4602649006622517,0.4602649006622517,0.5436702649656526,0.4400631114895705,0.5692307692307692,0.4983818770226537,0.2304492512479201,0.1003265283469155,0.2219020172910663,0.0,0.3741588156123822,0.4602649006622517,0.4602649006622517,0.4400631114895705,0.5692307692307692,0.4602649006622517,0.4602649006622517,0.1023102310231023,0.2164919240578067,0.0,0.4602649006622517,0.4602649006622517,0.4602649006622517,0.1268213481843545,0.5692307692307692,0.4602649006622517,0.2219265566790846,0.1023102310231023,0.1033841576794347,0.62,0.4602649006622517,0.4602649006622517,0.4602649006622517
541_SMAP_id_11_Sensor_tr_1832_1st_5300,0.2287721310300336,0.3931133428981349,0.4158415841584159,0.263498920086393,0.3023352137304531,0.6538461538461539,0.0843765070977752,0.3815028901734104,0.3639902676399027,0.1282860147213459,0.2700626163479438,0.3034825870646766,0.2015418502202643,0.3283983849259757,0.3832090061903762,0.6538461538461539,0.0843765070977752,0.3697234352256186,0.1764924664907318,0.1782729805013927,0.30778739184178,0.3577712609970674,0.2472137791286727,0.3577712609970674,0.3770102548684098,0.6538461538461539,0.0843765070977752,0.4269662921348315,0.1491977361113843,0.232824427480916,0.3254297569650267,0.3577712609970674,0.232824427480916,0.4833948339483395,0.4129410934473617,0.6538461538461539,0.3667517316806417,0.4487534626038781,0.1775663892191835,0.180339985218034,0.2758893477464131,0.2888713496448303,0.3577712609970674,0.6206896551724138,0.3551977518589829,0.6538461538461539,0.0843765070977752,0.3756345177664975,0.312039312039312,0.2085470085470085,0.2654860276613058,0.3577712609970674,0.2085470085470085,0.3759286775631501,0.3832090061903762,0.6538461538461539,0.3672149578016095,0.3873290136789057,0.263498920086393,0.1888544891640866,0.3254297569650267,0.3577712609970674,0.1782729805013927,0.3577712609970674,0.3832090061903762,0.6538461538461539,0.0843765070977752,0.3931133428981349,0.1775663892191835,0.1418543046357616
542_SMAP_id_12_Sensor_tr_1908_1st_4690,0.0544389173794656,0.3046153846153847,0.0223256131022376,0.7795275590551181,0.0,0.0091811046942099,0.4661654135338345,0.5609065155807366,0.7795275590551181,0.0927400468384075,0.1284879948085658,0.06336,0.1591639871382636,0.7795275590551181,0.0,0.0071759094468569,0.0,0.0335763947770052,0.7795275590551181,0.1591639871382636,0.0578609000584453,0.0814144736842105,0.0346558481743794,0.2334905660377358,0.0,0.0041358148222266,0.0,0.7795275590551181,0.7795275590551181,0.7795275590551181,0.0376670716889428,0.0595847126090881,0.1474311243484735,0.1207317073170731,0.0,0.007287027933607,0.0,0.7795275590551181,0.7795275590551181,0.5609065155807366,0.0376670716889428,0.0782299486369024,0.1892925430210324,0.7795275590551181,0.0,0.0075199188326221,0.0,0.7795275590551181,0.7795275590551181,0.7795275590551181,0.0544389173794656,0.0469862363550071,0.7795275590551181,0.1892925430210324,0.0,0.0014864801094804,0.0,0.5609065155807366,0.7795275590551181,0.7795275590551181,0.058249060965039,0.0595847126090881,0.7795275590551181,0.3593466424682395,0.4661654135338345,0.0041358148222266,0.0,0.5609065155807366,0.7795275590551181,0.7795275590551181
544_SMAP_id_14_Sensor_tr_1978_1st_4450,0.0599769319492502,0.0326339813567245,0.2031249999999999,0.0648379052369077,0.0744985673352435,0.0677301987125664,0.6115702479338843,0.52,0.3421052631578947,0.3421052631578947,0.0958549222797927,0.0400551483927146,0.2260869565217391,0.7908496732026143,0.0350690754516471,0.2344961240310077,0.0,0.2549019607843137,0.2921348314606742,0.52,0.0477941176470588,0.0875420875420875,0.1303258145363408,0.7908496732026143,0.0345972392102044,0.0804953560371517,0.6115702479338843,0.52,0.52,0.52,0.0426929392446633,0.0351301470120282,0.3421052631578947,0.7908496732026143,0.0453554295682512,0.0804953560371517,0.0,0.52,0.52,0.52,0.0514851485148514,0.0430745220444791,0.0875420875420875,0.0573951434878587,0.0487460261391734,0.2549019607843137,0.0,0.52,0.4126984126984127,0.8922155688622755,0.045104196403083,0.0804953560371517,0.0804953560371517,0.0628019323671497,0.0341379310344827,0.0718232044198895,0.6115702479338843,0.52,0.52,0.52,0.0542797494780793,0.0355630118387713,0.52,0.0804953560371517,0.0341379310344827,0.0875420875420875,0.0,0.52,0.52,0.52
545_SMAP_id_15_Sensor_tr_1173_1st_2750,0.0660124888492417,0.3368553459119497,0.0511022044088176,0.1459233702560377,0.9189189189189187,0.5115213239974539,0.0,0.7587697423108895,0.7587697423108895,0.0511022044088176,0.0560563544954986,0.1555168408826945,0.0511022044088176,0.4042617960426179,0.9189189189189187,0.5510288065843622,0.0,0.7587697423108895,0.7587697423108895,0.0511022044088176,0.0682656826568265,0.2820431806213797,0.0511022044088176,0.4042617960426179,0.9189189189189187,0.5964912280701754,0.0,0.7587697423108895,0.7587697423108895,0.0511022044088176,0.0682656826568265,0.1895258315640481,0.0511022044088176,0.4553824852890273,0.9189189189189187,0.5789371980676329,0.0,0.9132380952380952,0.7587697423108895,0.0511022044088176,0.0682656826568265,0.2820431806213797,0.0511022044088176,0.4042617960426179,0.9189189189189187,0.5510288065843622,0.0,0.5510288065843622,0.7587697423108895,0.0511022044088176,0.0560563544954986,0.1895258315640481,0.0511022044088176,0.6477597242737567,0.9189189189189187,0.5510288065843622,0.5964912280701754,0.7587697423108895,0.9132380952380952,0.0511022044088176,0.0657640232108317,0.1708452950558213,0.0511022044088176,0.3175965665236051,0.9189189189189187,0.5510288065843622,0.0,0.7587697423108895,0.7587697423108895,0.0511022044088176
546_SMAP_id_16_Sensor_tr_2117_1st_4770,0.1174541102535941,0.2167509342712684,0.2167509342712684,0.757700205338809,0.104977300778594,0.8979963570127505,0.4731285988483685,0.0428023511392062,0.0729715976554401,0.2430966469428007,0.0202448709083944,0.1337527568602985,0.1512038030976843,0.8979963570127505,0.3400362866646507,0.8979963570127505,0.0400656442759323,0.0740844466025995,0.0948703438633867,0.195557318524395,0.0336284897971418,0.2430966469428007,0.1270442900259703,0.8979963570127505,0.2548858259617363,0.8979963570127505,0.0218234286229596,0.0569261240208657,0.107518768627155,0.2430966469428007,0.0312451341672289,0.1231097626785307,0.1132958801498127,0.757700205338809,0.2548858259617363,0.8979963570127505,0.0305725883064168,0.071830565775082,0.0987423344766656,0.1027516748502355,0.0312451341672289,0.2190323905644877,0.2167509342712684,0.8979963570127505,0.2548858259617363,0.8979963570127505,0.3211726384364821,0.066204979394767,0.0820073087215492,0.3697398883290209,0.032407730481889,0.0673531867520178,0.2430966469428007,0.757700205338809,0.2677595628415301,0.8979963570127505,0.066204979394767,0.0539439201814485,0.1033862080848146,0.2167509342712684,0.0202448709083944,0.1231097626785307,0.2430966469428007,0.8979963570127505,0.2555402720464619,0.8979963570127505,0.140575990875392,0.0478951150818934,0.0980594643273145,0.2430966469428007
547_SMAP_id_17_Sensor_tr_2133_1st_5400,0.2214018523660954,0.1461561304522507,0.3109931431099315,0.3109931431099315,0.3682556312205343,0.2885582349923037,0.0,0.1006380744689443,0.2013893862350497,0.2827845719661336,0.2885582349923037,0.1557424598989746,0.6739037888463176,0.2481870843166702,0.3795734350615571,0.2691424196018376,0.0,0.2006108310975019,0.168405311855888,0.6509311390212213,0.2326209844202399,0.1829657101958488,0.6509311390212213,0.2785123557668499,0.3682556312205343,0.2529260250788222,0.3259220507454878,0.1788430101580227,0.1952475815233304,0.6509311390212213,0.224599124702635,0.1589955441343395,0.6739037888463176,0.2885582349923037,0.3682556312205343,0.3109931431099315,0.0,0.1689827067253379,0.2013893862350497,0.6739037888463176,0.1738501195820654,0.1420048306883869,0.6509311390212213,0.3109931431099315,0.4017444843509492,0.3109931431099315,0.0,0.1291440665402252,0.168405311855888,0.6509311390212213,0.2214018523660954,0.1359129060009877,0.6509311390212213,0.2885582349923037,0.4017444843509492,0.3109931431099315,0.0,0.149805002736196,0.2120663650075414,0.6509311390212213,0.2646049682053159,0.4910962261068453,0.6739037888463176,0.2885582349923037,0.3907353194420527,0.3109931431099315,0.0,0.1529588243704667,0.2120663650075414,0.6509311390212213
548_SMAP_id_18_Sensor_tr_2094_1st_5600,0.0484920165582495,0.0,0.0,0.9010989010989012,0.9010989010989012,0.0,0.9010989010989012,0.5815602836879432,0.0290471130003542,0.0,0.0169386490394546,0.026256804354787,0.0,0.9010989010989012,0.9010989010989012,0.026256804354787,0.9010989010989012,0.9010989010989012,0.013573911604039,0.0,0.0411853340030135,0.026256804354787,0.0,0.9010989010989012,0.9010989010989012,0.026256804354787,0.9010989010989012,0.3402489626556016,0.5815602836879432,0.026256804354787,0.0411853340030135,0.0,0.0,0.9010989010989012,0.9010989010989012,0.026256804354787,0.9010989010989012,0.5815602836879432,0.023610711200691,0.026256804354787,0.0411853340030135,0.026256804354787,0.0,0.9010989010989012,0.9010989010989012,0.0,0.9010989010989012,0.5815602836879432,0.5815602836879432,0.026256804354787,0.0411853340030135,0.0,0.0,0.9010989010989012,0.9010989010989012,0.0,0.9010989010989012,0.0290471130003542,0.0290471130003542,0.0,0.0411853340030135,0.0,0.026256804354787,0.9010989010989012,0.9010989010989012,0.0,0.9010989010989012,0.5815602836879432,0.0290471130003542,0.0
549_SMAP_id_19_Sensor_tr_1998_1st_2098,0.0633566989197087,0.5733977740716789,0.5733977740716789,0.235627320852885,0.1532703605356701,0.1334402629676933,0.2409177820267686,0.5733977740716789,0.5733977740716789,0.4456347789284344,0.0694274195639948,0.5733977740716789,0.2765042979942693,0.5733977740716789,0.0774625663653053,0.26709472849782,0.2409177820267686,0.501507021604364,0.5733977740716789,0.2583025830258302,0.0694274195639948,0.5733977740716789,0.1444906431376979,0.5733977740716789,0.1131081886337495,0.235627320852885,0.0,0.5733977740716789,0.5733977740716789,0.5733977740716789,0.0694274195639948,0.5733977740716789,0.3208645054031588,0.501507021604364,0.0689941139793247,0.1820170759178778,0.0,0.5733977740716789,0.5733977740716789,0.4456347789284344,0.0629806600555254,0.5733977740716789,0.2862057395743524,0.3208645054031588,0.0670387837834005,0.4795727123655189,0.0,0.5733977740716789,0.5733977740716789,0.3644328112832049,0.0884577661686897,0.5733977740716789,0.1668337777249624,0.4009639127718442,0.0691222206388605,0.3284612318471236,0.0,0.5733977740716789,0.5733977740716789,0.4456347789284344,0.0884577661686897,0.5733977740716789,0.4456347789284344,0.3340024484657438,0.1006688261993486,0.3909978801241359,0.0,0.5733977740716789,0.5733977740716789,0.4009639127718442
550_SWaT_id_1_Sensor_tr_43700_1st_43800,0.3543409298808676,0.2337805712579697,0.1717984527378149,0.1200935458485719,0.116456216689526,0.1474055504883233,0.0965478958200809,0.0659760350537888,0.111501124032519,0.1743667569421808,0.4141745395205014,0.1349727731833616,0.1380563778360518,0.1474055504883233,0.6651757539232185,0.1474055504883233,0.0965478958200809,0.0903768231918973,0.1030815654662847,0.1920354799672409,0.4870729164496999,0.2337805712579697,0.1444129946713822,0.1200935458485719,0.6651757539232185,0.1196105846396448,0.0034272793850803,0.0751228238138879,0.1013736870185618,0.1717984527378149,0.4870729164496999,0.2337805712579697,0.1782396497236792,0.1474055504883233,0.1176654773343061,0.1196105846396448,0.0965478958200809,0.08269667144204,0.1023559089489597,0.1687424737379325,0.4870729164496999,0.1393223005965144,0.1118780625087101,0.1200935458485719,0.1175088618766779,0.1474055504883233,0.0034272793850803,0.0724877903889375,0.3188359430383209,0.1782396497236792,0.4870729164496999,0.1360369452511401,0.1742066294208683,0.1474055504883233,0.1176654773343061,0.1196105846396448,0.0965478958200809,0.0750316017713286,0.1380563778360518,0.1763574824302517,0.4870729164496999,0.1383778323050565,0.1683760549365693,0.1200935458485719,0.1167446233076173,0.1196105846396448,0.0034272793850803,0.0752837878067778,0.1380563778360518,0.1763574824302517
551_YAHOO_id_1_Synthetic_tr_500_1st_893,0.0049875311720698,0.0769230769230769,0.0769230769230769,0.0113636363636363,0.0113636363636363,0.0036297640653357,0.0079681274900398,0.0011474469305794,0.0769230769230769,0.0769230769230769,0.0038022813688212,0.0769230769230769,0.0049875311720698,0.0113636363636363,0.0,0.0066445182724252,0.0099502487562189,0.0066445182724252,0.0044345898004434,0.0099502487562189,0.0033277870216306,0.0769230769230769,0.0066445182724252,0.0066445182724252,0.0,0.0198019801980198,0.0016652789342214,0.0016313213703099,0.0392156862745098,0.0263157894736842,0.0024968789013732,0.0769230769230769,0.0049875311720698,0.0030721966205837,0.001480384900074,0.0198019801980198,0.0769230769230769,0.0029585798816568,0.0198019801980198,0.0198019801980198,0.0113636363636363,0.0769230769230769,0.0026631158455392,0.0099502487562189,0.0013324450366422,0.0132450331125827,0.0113636363636363,0.0012492192379762,0.0392156862745098,0.0053191489361702,0.0033277870216306,0.0769230769230769,0.0769230769230769,0.0113636363636363,0.0013324450366422,0.0079681274900398,0.0011474469305794,0.0033277870216306,0.0198019801980198,0.0769230769230769,0.0033277870216306,0.0079681274900398,0.0769230769230769,0.0198019801980198,0.0033277870216306,0.0132450331125827,0.0024968789013732,0.0044345898004434,0.0769230769230769,0.0769230769230769
552_YAHOO_id_2_Synthetic_tr_500_1st_893,0.0512820512820512,0.002262443438914,0.0034482758620689,0.0512820512820512,0.0,0.0037523452157598,0.0058309037900874,0.0087336244541484,0.0512820512820512,0.0087336244541484,0.0512820512820512,0.017391304347826,0.0034482758620689,0.0512820512820512,0.0,0.0035026269702276,0.0259740259740259,0.0065573770491803,0.0259740259740259,0.0130718954248366,0.0512820512820512,0.017391304347826,0.0034482758620689,0.0512820512820512,0.0,0.0035026269702276,0.0032840722495894,0.0512820512820512,0.0032840722495894,0.0017256255392579,0.0512820512820512,0.017391304347826,0.0034482758620689,0.0512820512820512,0.0017256255392579,0.0035026269702276,0.0016194331983805,0.0026281208935611,0.017391304347826,0.0512820512820512,0.0512820512820512,0.017391304347826,0.0043763676148796,0.0512820512820512,0.0,0.0021905805038335,0.0016194331983805,0.0259740259740259,0.0130718954248366,0.002262443438914,0.0512820512820512,0.0130718954248366,0.0034482758620689,0.0512820512820512,0.0,0.0021905805038335,0.0,0.0259740259740259,0.0512820512820512,0.0034482758620689,0.0512820512820512,0.0130718954248366,0.0034482758620689,0.0512820512820512,0.0,0.0018779342723004,0.0032840722495894,0.017391304347826,0.0512820512820512,0.0016194331983805
555_YAHOO_id_5_WebService_tr_500_1st_730,0.0163934426229508,0.1764705882352941,0.1666666666666666,0.1764705882352941,0.1818181818181818,0.1666666666666666,0.0,0.0298507462686567,0.1764705882352941,0.1428571428571428,0.0184049079754601,0.1666666666666666,0.0143737166324435,0.0112938865700957,0.0082644628099173,0.0833333333333333,0.0,0.1428571428571428,0.03125,0.0909090909090909,0.0184049079754601,0.1666666666666666,0.032258064516129,0.1666666666666666,0.0044772188569923,0.0697674418604651,0.0,0.0350877192982456,0.0909090909090909,0.0277777777777777,0.0184049079754601,0.1666666666666666,0.0165061898211829,0.1428571428571428,0.0588235294117647,0.1428571428571428,0.1261261261261261,0.027027027027027,0.1428571428571428,0.020044543429844,0.0184049079754601,0.1666666666666666,0.0129870129870129,0.0748663101604278,0.0152474479906964,0.1764705882352941,0.0,0.0454545454545454,0.1666666666666666,0.0077261701554217,0.0184049079754601,0.1666666666666666,0.0153452685421994,0.1818181818181818,0.0073868882733148,0.1428571428571428,0.1261261261261261,0.0416666666666666,0.1428571428571428,0.1764705882352941,0.0184049079754601,0.1764705882352941,0.0165061898211829,0.1764705882352941,0.1818181818181818,0.1764705882352941,0.1261261261261261,0.0588235294117647,0.1428571428571428,0.1428571428571428
558_YAHOO_id_8_WebService_tr_500_1st_1125,0.2017273288093769,0.1726845140228713,0.6248912097476066,0.3513918245978576,0.2907444658348416,0.3429625076828518,0.0563027468605053,0.4128947368421052,0.3891436593355171,0.4155642023346303,0.1722147392726573,0.2847279004270009,0.3845741831815747,0.2188505747126437,0.3848651954928177,0.3350895679662803,0.0444650119503258,0.265253360910031,0.2618261826182619,0.3109940602936232,0.2935388652017054,0.3494291076429241,0.36519748139668,0.2074978204010462,0.3848651954928177,0.3561456102783726,0.1622467647561841,0.2451977401129943,0.2618261826182619,0.6248912097476066,0.1826723054063321,0.1378709436502192,0.6274022156907076,0.2618261826182619,0.3848651954928177,0.4139465875370919,0.1622467647561841,0.2186537949906883,0.3093690248565965,0.4761273209549072,0.2170749454280863,0.1959166121677432,0.2774511663189835,0.2618261826182619,0.3848651954928177,0.4024266936299292,0.1622467647561841,0.2212645708230307,0.5048892436639394,0.2737686139747995,0.2495817066369213,0.1010280174529403,0.4724279835390946,0.2952003281826884,0.3848651954928177,0.5219831618334891,0.0563027468605053,0.2886239011228131,0.2618261826182619,0.1999157714598945,0.2074978204010462,0.2873295741953611,0.6248912097476066,0.2618261826182619,0.3848651954928177,0.3350895679662803,0.0444650119503258,0.3378818440807669,0.6877644894204232,0.3204457779682812
562_YAHOO_id_12_Synthetic_tr_500_1st_893,0.0039920159680638,0.0,0.0024330900243309,0.0392156862745098,0.0,0.0079681274900398,0.0198019801980198,0.0392156862745098,0.0392156862745098,0.0024330900243309,0.0079681274900398,0.0,0.0024330900243309,0.0392156862745098,0.0,0.0033277870216306,0.0392156862745098,0.0033277870216306,0.0198019801980198,0.0024330900243309,0.0044345898004434,0.0,0.0024330900243309,0.0392156862745098,0.0,0.0049875311720698,0.0132450331125827,0.0044345898004434,0.0066445182724252,0.0024330900243309,0.0039920159680638,0.0,0.0024330900243309,0.0392156862745098,0.0,0.0044345898004434,0.0198019801980198,0.0198019801980198,0.0392156862745098,0.0022935779816513,0.0039920159680638,0.0,0.0024330900243309,0.0392156862745098,0.0,0.0044345898004434,0.0079681274900398,0.0132450331125827,0.0392156862745098,0.0013860013860013,0.0099502487562189,0.0,0.0024330900243309,0.0392156862745098,0.0,0.0049875311720698,0.0066445182724252,0.0198019801980198,0.0132450331125827,0.0022935779816513,0.0039920159680638,0.0,0.0022935779816513,0.0392156862745098,0.0,0.0079681274900398,0.0198019801980198,0.0392156862745098,0.0392156862745098,0.0022935779816513
570_YAHOO_id_20_Synthetic_tr_500_1st_658,0.0198019801980198,0.0588235294117647,0.1142857142857143,0.1081081081081081,0.025272622338325,0.0388349514563106,0.0413742149981529,0.0571428571428571,0.1142857142857143,0.1142857142857143,0.0143266475644699,0.1142857142857143,0.0132890365448505,0.1081081081081081,0.0090497737556561,0.0413742149981529,0.0228245363766048,0.0571428571428571,0.0294117647058823,0.0251400464544336,0.012400354295837,0.1142857142857143,0.0149253731343283,0.1081081081081081,0.0108991825613079,0.02,0.1081081081081081,0.0571428571428571,0.1142857142857143,0.1081081081081081,0.0236686390532544,0.1142857142857143,0.1081081081081081,0.1081081081081081,0.1081081081081081,0.0143266475644699,0.018018018018018,0.1081081081081081,0.1142857142857143,0.0294117647058823,0.0100502512562814,0.1142857142857143,0.02,0.1081081081081081,0.0190566936636493,0.0413742149981529,0.0388349514563106,0.0357142857142857,0.1142857142857143,0.0388349514563106,0.0149253731343283,0.1142857142857143,0.0132890365448505,0.1081081081081081,0.0198019801980198,0.031578947368421,0.0170212765957446,0.0571428571428571,0.1142857142857143,0.0298507462686567,0.0198019801980198,0.1142857142857143,0.1081081081081081,0.1081081081081081,0.0228245363766048,0.0413742149981529,0.018018018018018,0.0298507462686567,0.1142857142857143,0.1081081081081081
571_YAHOO_id_21_Synthetic_tr_500_1st_623,0.0206185567010309,0.0359516394045663,0.0359516394045663,0.0618556701030927,0.0040677966101694,0.0206185567010309,0.031413612565445,0.0609137055837563,0.0618556701030927,0.0311688311688311,0.0079312623925974,0.0209424083769633,0.0359516394045663,0.0618556701030927,0.0040677966101694,0.0279720279720279,0.0311688311688311,0.0040677966101694,0.0609137055837563,0.0359516394045663,0.0070175438596491,0.0209424083769633,0.0080862533692722,0.0618556701030927,0.0040677966101694,0.0279720279720279,0.0279720279720279,0.0105540897097625,0.0609137055837563,0.0359516394045663,0.0070175438596491,0.0209424083769633,0.0359516394045663,0.0618556701030927,0.0079312623925974,0.0279720279720279,0.0279720279720279,0.0105540897097625,0.0618556701030927,0.0092592592592592,0.0070175438596491,0.0209424083769633,0.0359516394045663,0.0618556701030927,0.0209424083769633,0.0279720279720279,0.0304568527918781,0.0609137055837563,0.0618556701030927,0.0609137055837563,0.0070175438596491,0.0040677966101694,0.0359516394045663,0.0618556701030927,0.0040677966101694,0.0304568527918781,0.031413612565445,0.0079312623925974,0.0618556701030927,0.0359516394045663,0.0105540897097625,0.0311688311688311,0.0359516394045663,0.0618556701030927,0.0040677966101694,0.0279720279720279,0.0279720279720279,0.0359516394045663,0.0618556701030927,0.0609137055837563
579_YAHOO_id_29_WebService_tr_500_1st_1342,0.0013149243918474,0.1818181818181818,0.0055401662049861,0.0219780219780219,0.0392156862745098,0.0019029495718363,0.0,0.0392156862745098,0.0036968576709796,0.1818181818181818,0.0027739251040221,0.0952380952380952,0.064516129032258,0.0060422960725075,0.0064308681672025,0.0068728522336769,0.0,0.0058651026392961,0.0219780219780219,0.018018018018018,0.0017841213202497,0.1818181818181818,0.015267175572519,0.0090497737556561,0.0066445182724252,0.0068728522336769,0.0036968576709796,0.0029368575624082,0.0028530670470756,0.0014275517487508,0.0027739251040221,0.1818181818181818,0.0010689470871191,0.0071174377224199,0.0017841213202497,0.0068728522336769,0.0036968576709796,0.0132450331125827,0.0009799118079372,0.0071174377224199,0.0027739251040221,0.1818181818181818,0.0013149243918474,0.0116959064327485,0.0094786729857819,0.0086580086580086,0.0,0.048780487804878,0.0026631158455392,0.0104712041884816,0.0017841213202497,0.1818181818181818,0.0009564801530368,0.048780487804878,0.011049723756906,0.0086580086580086,0.0036968576709796,0.0952380952380952,0.0033277870216306,0.0082987551867219,0.0017841213202497,0.1818181818181818,0.004750593824228,0.0392156862745098,0.048780487804878,0.0086580086580086,0.0036968576709796,0.064516129032258,0.0039138943248532,0.0038387715930902
603_YAHOO_id_53_Synthetic_tr_500_1st_893,0.0120481927710843,0.0357142857142857,0.0357142857142857,0.0357142857142857,0.0,0.0024213075060532,0.0016515276630883,0.0357142857142857,0.0357142857142857,0.0040322580645161,0.0120481927710843,0.0357142857142857,0.0030257186081694,0.0357142857142857,0.0,0.0016515276630883,0.0025940337224383,0.0017301038062283,0.018018018018018,0.0016515276630883,0.0120481927710843,0.0357142857142857,0.0022701475595913,0.0357142857142857,0.0,0.0016515276630883,0.0045351473922902,0.0045351473922902,0.0024213075060532,0.0014255167498218,0.0120481927710843,0.0357142857142857,0.0022701475595913,0.0357142857142857,0.0,0.0013976240391334,0.0040322580645161,0.018018018018018,0.018018018018018,0.0014255167498218,0.0120481927710843,0.018018018018018,0.0014255167498218,0.0357142857142857,0.0,0.0,0.0060422960725075,0.0357142857142857,0.0090497737556561,0.0014255167498218,0.0120481927710843,0.018018018018018,0.0016515276630883,0.0357142857142857,0.0,0.0024213075060532,0.0018639328984156,0.0357142857142857,0.0357142857142857,0.0014255167498218,0.0120481927710843,0.0357142857142857,0.0018165304268846,0.0357142857142857,0.0022701475595913,0.0013976240391334,0.0016906170752324,0.0060422960725075,0.0357142857142857,0.0022701475595913
644_YAHOO_id_94_WebService_tr_500_1st_1078,0.1372388285375328,0.2693581454029333,0.2035871882187283,0.4615920333846139,0.4124190453147364,0.5729891396572204,0.0248962655601659,0.586075858687904,0.3711876001954615,0.5356790829196894,0.1409077933200114,0.1331329714774869,0.2184089423718307,0.413859709156393,0.5994138912446068,0.5729891396572204,0.0408163265306122,0.2755030414953821,0.3296085589745308,0.1138064045342157,0.1515877403107917,0.1207653904873207,0.2176739697709471,0.360799452993108,0.336630020457121,0.5729891396572204,0.0408163265306122,0.586075858687904,0.5150503160426825,0.1873367505066158,0.1460527873121079,0.1295061116853957,0.336630020457121,0.2847085674995584,0.3248264417758252,0.4453879193081673,0.0248962655601659,0.586075858687904,0.4676174985906001,0.2400325713712703,0.1460527873121079,0.1331329714774869,0.1590621262491834,0.2920152091254753,0.5994138912446068,0.5729891396572204,0.0248962655601659,0.586075858687904,0.4503657320928724,0.2231837107180628,0.1640194058616335,0.1361802199890375,0.2974216800665373,0.1605646291074817,0.2881329243482587,0.5729891396572204,0.0408163265306122,0.586075858687904,0.5150503160426825,0.2107377733396784,0.1786722652573662,0.1378383109440031,0.1524644421739382,0.2098597441456639,0.3686596157996978,0.5729891396572204,0.0343819572161455,0.586075858687904,0.5137571311280562,0.2184089423718307
645_YAHOO_id_95_WebService_tr_500_1st_1047,0.0019029495718363,0.0013879250520471,0.0028530670470756,0.1818181818181818,0.0327868852459016,0.0952380952380952,0.0,0.0198019801980198,0.0041580041580041,0.0028530670470756,0.0012414649286157,0.001850138760407,0.0023781212841854,0.0952380952380952,0.0,0.0198019801980198,0.0,0.0029368575624082,0.0009610764055742,0.0045351473922902,0.0017841213202497,0.0027739251040221,0.0023781212841854,0.1818181818181818,0.0,0.0165289256198347,0.0952380952380952,0.0062305295950155,0.0071174377224199,0.0055401662049861,0.0033277870216306,0.0017841213202497,0.0027739251040221,0.0952380952380952,0.001448225923244,0.028169014084507,0.0,0.0124223602484472,0.0017528483786152,0.0041580041580041,0.0003085943527233,0.0036297640653357,0.0030257186081694,0.064516129032258,0.0060422960725075,0.0392156862745098,0.0,0.0045351473922902,0.0019029495718363,0.0011422044545973,0.0033277870216306,0.018018018018018,0.0031695721077654,0.0952380952380952,0.0099502487562189,0.0952380952380952,0.0,0.0327868852459016,0.0028943560057887,0.0055401662049861,0.0033277870216306,0.0009799118079372,0.0020181634712411,0.1818181818181818,0.0035650623885918,0.028169014084507,0.0952380952380952,0.0141843971631205,0.0036968576709796,0.0028530670470756
649_YAHOO_id_99_WebService_tr_500_1st_1386,0.0104712041884816,0.1818181818181818,0.1818181818181818,0.1818181818181818,0.1818181818181818,0.1818181818181818,0.0,0.0392156862745098,0.1818181818181818,0.1818181818181818,0.0327868852459016,0.1818181818181818,0.0041580041580041,0.1818181818181818,0.0036968576709796,0.1818181818181818,0.0,0.0068728522336769,0.0141843971631205,0.0124223602484472,0.0327868852459016,0.0219780219780219,0.0023781212841854,0.1818181818181818,0.1818181818181818,0.1818181818181818,0.0036968576709796,0.0246913580246913,0.1818181818181818,0.1818181818181818,0.0327868852459016,0.1818181818181818,0.0030257186081694,0.1818181818181818,0.1818181818181818,0.1818181818181818,0.0,0.028169014084507,0.0246913580246913,0.1818181818181818,0.0327868852459016,0.1818181818181818,0.1818181818181818,0.1818181818181818,0.1818181818181818,0.1818181818181818,0.0036968576709796,0.0392156862745098,0.1818181818181818,0.1818181818181818,0.0327868852459016,0.1818181818181818,0.0035650623885918,0.1818181818181818,0.1818181818181818,0.1818181818181818,0.0036968576709796,0.0327868852459016,0.048780487804878,0.1818181818181818,0.0327868852459016,0.1818181818181818,0.0066445182724252,0.1818181818181818,0.1818181818181818,0.1818181818181818,0.0,0.018018018018018,0.1818181818181818,0.1818181818181818
657_YAHOO_id_107_WebService_tr_500_1st_1260,0.0116959064327485,0.0038387715930902,0.1818181818181818,0.0039920159680638,0.0,0.0011897679952409,0.0007809449433814,0.1818181818181818,0.0045351473922902,0.1818181818181818,0.0052493438320209,0.0035650623885918,0.1818181818181818,0.1818181818181818,0.0,0.0041580041580041,0.0013976240391334,0.1818181818181818,0.1818181818181818,0.1818181818181818,0.0023781212841854,0.0041580041580041,0.1818181818181818,0.1818181818181818,0.0,0.0033277870216306,0.0,0.1818181818181818,0.1818181818181818,0.1818181818181818,0.0023781212841854,0.0035650623885918,0.1818181818181818,0.1818181818181818,0.0011357183418512,0.0033277870216306,0.0,0.0952380952380952,0.1818181818181818,0.1818181818181818,0.0022701475595913,0.0031201248049922,0.1818181818181818,0.1818181818181818,0.0,0.0041580041580041,0.0,0.0952380952380952,0.0165289256198347,0.1818181818181818,0.0055401662049861,0.0025608194622279,0.1818181818181818,0.1818181818181818,0.0,0.0024968789013732,0.0007809449433814,0.1818181818181818,0.0030721966205837,0.1818181818181818,0.0024968789013732,0.0031201248049922,0.1818181818181818,0.1818181818181818,0.0,0.0045351473922902,0.0,0.1818181818181818,0.015267175572519,0.1818181818181818
658_YAHOO_id_108_Synthetic_tr_500_1st_893,0.0,0.0,0.0022935779816513,0.0392156862745098,0.0,0.0066445182724252,0.0066445182724252,0.0198019801980198,0.0392156862745098,0.0022935779816513,0.0,0.0,0.0022935779816513,0.0198019801980198,0.0049875311720698,0.0066445182724252,0.0024968789013732,0.0132450331125827,0.0392156862745098,0.0022935779816513,0.0,0.0013860013860013,0.0022935779816513,0.0392156862745098,0.0,0.0066445182724252,0.0066445182724252,0.0,0.0198019801980198,0.0022935779816513,0.0,0.0,0.0022935779816513,0.0392156862745098,0.0033277870216306,0.0079681274900398,0.0066445182724252,0.0198019801980198,0.0392156862745098,0.0022935779816513,0.0,0.0,0.0022935779816513,0.0392156862745098,0.0,0.0079681274900398,0.0066445182724252,0.0066445182724252,0.0392156862745098,0.0022935779816513,0.0,0.0,0.0022935779816513,0.0392156862745098,0.0,0.0066445182724252,0.0066445182724252,0.0016090104585679,0.0392156862745098,0.0022935779816513,0.0,0.0,0.0022935779816513,0.0392156862745098,0.0392156862745098,0.0066445182724252,0.0066445182724252,0.0198019801980198,0.0392156862745098,0.0022935779816513
672_YAHOO_id_122_WebService_tr_500_1st_857,0.0055401662049861,0.007380073800738,0.1818181818181818,0.1818181818181818,0.1818181818181818,0.0033277870216306,0.0,0.028169014084507,0.0952380952380952,0.0952380952380952,0.0124223602484472,0.1818181818181818,0.0035650623885918,0.0010198878123406,0.0,0.0198019801980198,0.0,0.0068728522336769,0.0028943560057887,0.0090497737556561,0.028169014084507,0.1818181818181818,0.0049875311720698,0.0018165304268846,0.0,0.064516129032258,0.0952380952380952,0.011049723756906,0.0104712041884816,0.0041580041580041,0.0124223602484472,0.1818181818181818,0.0038387715930902,0.0082987551867219,0.0,0.028169014084507,0.0,0.0094786729857819,0.011049723756906,0.011049723756906,0.0124223602484472,0.1818181818181818,0.0104712041884816,0.0392156862745098,0.0,0.028169014084507,0.0952380952380952,0.0116959064327485,0.048780487804878,0.015267175572519,0.0124223602484472,0.1818181818181818,0.0141843971631205,0.0246913580246913,0.0082987551867219,0.0246913580246913,0.0,0.0165289256198347,0.1818181818181818,0.0141843971631205,0.0124223602484472,0.1818181818181818,0.015267175572519,0.0099502487562189,0.0022701475595913,0.1818181818181818,0.0952380952380952,0.064516129032258,0.1818181818181818,0.0165289256198347
680_YAHOO_id_130_Synthetic_tr_500_1st_893,0.005089058524173,0.0689655172413793,0.0176991150442477,0.0689655172413793,0.0,0.0020387359836901,0.0118343195266272,0.0689655172413793,0.0689655172413793,0.0689655172413793,0.0044543429844097,0.0689655172413793,0.0033955857385398,0.0,0.0,0.0035650623885918,0.001372683596431,0.0689655172413793,0.0689655172413793,0.0025477707006369,0.0044543429844097,0.0689655172413793,0.0033955857385398,0.0689655172413793,0.0,0.004750593824228,0.001372683596431,0.0350877192982456,0.0689655172413793,0.0029717682020802,0.0059347181008902,0.0689655172413793,0.0033955857385398,0.0689655172413793,0.0,0.0023781212841854,0.0022371364653243,0.0350877192982456,0.0689655172413793,0.0176991150442477,0.0017841213202497,0.0689655172413793,0.0088888888888888,0.0689655172413793,0.0017079419299743,0.005089058524173,0.0035650623885918,0.0235294117647058,0.0689655172413793,0.0016992353440951,0.0017841213202497,0.0689655172413793,0.002301495972382,0.0689655172413793,0.0,0.0032414910858995,0.0017841213202497,0.0235294117647058,0.0689655172413793,0.0141843971631205,0.0014869888475836,0.0689655172413793,0.0033955857385398,0.0689655172413793,0.0029717682020802,0.0028530670470756,0.001372683596431,0.0235294117647058,0.0689655172413793,0.004750593824228
689_YAHOO_id_139_WebService_tr_500_1st_1073,0.0116959064327485,0.018018018018018,0.1818181818181818,0.1818181818181818,0.1818181818181818,0.0952380952380952,0.0,0.0104712041884816,0.1818181818181818,0.0082987551867219,0.0141843971631205,0.0165289256198347,0.0246913580246913,0.011049723756906,0.002171552660152,0.0079681274900398,0.0,0.0035026269702276,0.1818181818181818,0.0246913580246913,0.0141843971631205,0.0052493438320209,0.0246913580246913,0.048780487804878,0.028169014084507,0.0246913580246913,0.0,0.0116959064327485,0.1818181818181818,0.0246913580246913,0.0141843971631205,0.0025608194622279,0.0327868852459016,0.0327868852459016,0.0099502487562189,0.011049723756906,0.0,0.0094786729857819,0.1818181818181818,0.0027739251040221,0.0141843971631205,0.0022701475595913,0.018018018018018,0.0392156862745098,0.0011104941699056,0.064516129032258,0.0,0.0094786729857819,0.1818181818181818,0.0010863661053775,0.0141843971631205,0.0062305295950155,0.064516129032258,0.1818181818181818,0.0952380952380952,0.0327868852459016,0.0,0.0124223602484472,0.1818181818181818,0.004750593824228,0.0141843971631205,0.0044345898004434,0.0246913580246913,0.1818181818181818,0.1818181818181818,0.0094786729857819,0.0952380952380952,0.0124223602484472,0.048780487804878,0.0017079419299743
693_YAHOO_id_143_WebService_tr_500_1st_1003,0.0062077779806463,0.125,0.1666666666666666,0.1666666666666666,0.0909090909090909,0.1666666666666666,0.002174082983892,0.1666666666666666,0.1666666666666666,0.1395348837209302,0.0060422960725075,0.1818181818181818,0.0909090909090909,0.032258064516129,0.0109890109890109,0.0419580419580419,0.002174082983892,0.0217391304347826,0.1818181818181818,0.1666666666666666,0.0053984941042761,0.1818181818181818,0.1666666666666666,0.0384615384615384,0.0147058823529411,0.0045344596182864,0.0339504347311764,0.0909090909090909,0.1818181818181818,0.1818181818181818,0.0060422960725075,0.0228136882129277,0.0625,0.0909090909090909,0.0188679245283018,0.0246913580246913,0.0339504347311764,0.1666666666666666,0.0095693779904306,0.1666666666666666,0.0060186993177275,0.1818181818181818,0.1666666666666666,0.011472275334608,0.0163934426229508,0.0909090909090909,0.0,0.1666666666666666,0.1666666666666666,0.1395348837209302,0.0039603960396039,0.1818181818181818,0.0909090909090909,0.0246913580246913,0.0476190476190476,0.0909090909090909,0.0339504347311764,0.1666666666666666,0.1666666666666666,0.1666666666666666,0.0041493775933609,0.1818181818181818,0.1666666666666666,0.0909090909090909,0.0384615384615384,0.1666666666666666,0.0339504347311764,0.0909090909090909,0.1666666666666666,0.1666666666666666
701_YAHOO_id_151_Synthetic_tr_500_1st_893,0.0,0.010752688172043,0.0044943820224719,0.0526315789473684,0.0,0.0044943820224719,0.0178571428571428,0.0526315789473684,0.0526315789473684,0.0035971223021582,0.0012861736334405,0.0526315789473684,0.0035971223021582,0.0526315789473684,0.0,0.0022497187851518,0.0015987210231814,0.0089686098654708,0.0526315789473684,0.0035971223021582,0.0,0.0526315789473684,0.0035971223021582,0.0526315789473684,0.0,0.0013577732518669,0.0044943820224719,0.0053908355795148,0.0526315789473684,0.0035971223021582,0.0,0.0526315789473684,0.0035971223021582,0.0038535645472061,0.0,0.0013577732518669,0.0044943820224719,0.0178571428571428,0.0526315789473684,0.0029985007496251,0.0,0.0526315789473684,0.0029985007496251,0.0526315789473684,0.0,0.0022598870056497,0.0059880239520958,0.0526315789473684,0.0526315789473684,0.0044943820224719,0.0,0.0526315789473684,0.0044943820224719,0.0526315789473684,0.0016877637130801,0.0013577732518669,0.0059880239520958,0.0526315789473684,0.0526315789473684,0.0026990553306342,0.0,0.0266666666666666,0.0044943820224719,0.0526315789473684,0.0016877637130801,0.0013577732518669,0.0059880239520958,0.0526315789473684,0.0526315789473684,0.010752688172043
723_YAHOO_id_173_WebService_tr_500_1st_1214,0.0025608194622279,0.0062305295950155,0.0952380952380952,0.0090497737556561,0.0045351473922902,0.0052493438320209,0.028169014084507,0.0327868852459016,0.0076628352490421,0.0952380952380952,0.0058651026392961,0.0066445182724252,0.0952380952380952,0.0165289256198347,0.0049875311720698,0.0198019801980198,0.028169014084507,0.0014275517487508,0.0246913580246913,0.011049723756906,0.0055401662049861,0.0071174377224199,0.0952380952380952,0.0198019801980198,0.0049875311720698,0.0043383947939262,0.0071174377224199,0.0132450331125827,0.1818181818181818,0.0952380952380952,0.0058651026392961,0.0052493438320209,0.0952380952380952,0.0066445182724252,0.0049875311720698,0.0090497737556561,0.028169014084507,0.015267175572519,0.1818181818181818,0.0952380952380952,0.0049875311720698,0.0071174377224199,0.1818181818181818,0.0219780219780219,0.0049875311720698,0.0082987551867219,0.028169014084507,0.018018018018018,0.0141843971631205,0.048780487804878,0.0058651026392961,0.0066445182724252,0.1818181818181818,0.0246913580246913,0.0049875311720698,0.0020811654526534,0.028169014084507,0.0165289256198347,0.018018018018018,0.048780487804878,0.0052493438320209,0.0071174377224199,0.1818181818181818,0.0079681274900398,0.0049875311720698,0.001233806292412,0.028169014084507,0.0132450331125827,0.0246913580246913,0.0952380952380952
724_YAHOO_id_174_WebService_tr_500_1st_1030,0.0349344978165938,0.1777777777777778,0.1333333333333333,0.0571428571428571,0.1333333333333333,0.0571428571428571,0.0,0.1333333333333333,0.16,0.16,0.0492336274965164,0.16,0.16,0.0104254503641241,0.0216521418927212,0.025591347484511,0.0,0.1333333333333333,0.0258064516129032,0.1333333333333333,0.0492336274965164,0.1333333333333333,0.16,0.0571428571428571,0.0121212121212121,0.0205128205128205,0.096947935368043,0.1333333333333333,0.1333333333333333,0.1333333333333333,0.0492336274965164,0.1818181818181818,0.08,0.0218181818181818,0.0148148148148148,0.0170212765957446,0.096947935368043,0.1333333333333333,0.0363636363636363,0.16,0.0492336274965164,0.1714285714285714,0.0888888888888889,0.1333333333333333,0.0195121951219512,0.0242424242424242,0.0,0.16,0.0444444444444444,0.16,0.0492336274965164,0.1818181818181818,0.1333333333333333,0.0888888888888889,0.0363636363636363,0.0195121951219512,0.0,0.1333333333333333,0.16,0.1333333333333333,0.0492336274965164,0.1777777777777778,0.0727272727272727,0.16,0.1333333333333333,0.0296296296296296,0.096947935368043,0.16,0.1714285714285714,0.1333333333333333
734_YAHOO_id_184_WebService_tr_500_1st_768,0.551557837657715,0.5891338001379863,0.9548978849956858,0.6551499800468692,0.4845890744242727,0.4130468731407549,0.757017723191118,0.5917648043517203,0.4186398634338454,0.927069519925902,0.5247115568401926,0.5891338001379863,0.9617655886681784,0.5712619015471808,0.4922074900888014,0.3801543817382022,0.0,0.3253409233245654,0.6461803354936,0.9520050898199952,0.6104824317092677,0.4360082600275509,0.9434927595815632,0.4596157178672047,0.4922074900888014,0.3927878040956899,0.4035339869075614,0.4278198544454925,0.4839410968456458,0.9520050898199952,0.5972480345068525,0.5891338001379863,0.927614607110738,0.4357309662752303,0.553152773372535,0.4286761047923123,0.0,0.4839410968456458,0.4613810464215423,0.8659944508686708,0.5566643509868392,0.4307273242474932,0.6780499636187244,0.6551499800468692,0.5003347126127243,0.4028777931581154,0.0,0.4804928730522866,0.3978796923572322,0.6124843300657526,0.6415794108701824,0.4047919583228146,0.9362257141508908,0.6551499800468692,0.4922074900888014,0.3704224065062937,0.4035339869075614,0.518060262955336,0.3584271098381955,0.9548978849956858,0.6104824317092677,0.4202571128415626,0.9362257141508908,0.6551499800468692,0.5360658202162265,0.3440825425056208,0.757017723191118,0.5680832261492051,0.3973115618034329,0.9362257141508908
741_YAHOO_id_191_WebService_tr_500_1st_1114,0.0178571428571428,0.1666666666666666,0.0008691873098652,0.1818181818181818,0.1666666666666666,0.0051590713671539,0.0,0.0163934426229508,0.0155642023346303,0.1666666666666666,0.0151515151515151,0.1666666666666666,0.0008691873098652,0.1818181818181818,0.0017825311942959,0.0625,0.0,0.0038522150236385,0.0277777777777777,0.0009429514380009,0.0079365079365079,0.1666666666666666,0.0008691873098652,0.1818181818181818,0.0024630541871921,0.1666666666666666,0.0,0.0198019801980198,0.0052356020942408,0.0009429514380009,0.0094339622641509,0.1666666666666666,0.0008691873098652,0.1666666666666666,0.0769230769230769,0.1666666666666666,0.0,0.024390243902439,0.003690036900369,0.1666666666666666,0.0094339622641509,0.1666666666666666,0.0011104941699056,0.1666666666666666,0.0115273775216138,0.0909090909090909,0.0,0.0048442054271521,0.0104166666666666,0.0009429514380009,0.0094339622641509,0.1666666666666666,0.1666666666666666,0.1818181818181818,0.0625,0.0909090909090909,0.0,0.024390243902439,0.0082987551867219,0.0625,0.0094339622641509,0.1666666666666666,0.0008691873098652,0.1818181818181818,0.0952380952380952,0.1666666666666666,0.096947935368043,0.0909090909090909,0.0217391304347826,0.1666666666666666
755_YAHOO_id_205_Synthetic_tr_500_1st_893,0.002219755826859,0.0022935779816513,0.0025906735751295,0.0392156862745098,0.0,0.0198019801980198,0.0016652789342214,0.0198019801980198,0.0392156862745098,0.0025906735751295,0.0039920159680638,0.0024330900243309,0.0024330900243309,0.0392156862745098,0.0,0.0049875311720698,0.0392156862745098,0.0198019801980198,0.0198019801980198,0.0025906735751295,0.0012172854534388,0.001296176279974,0.0025906735751295,0.0392156862745098,0.0,0.0049875311720698,0.0079681274900398,0.0039920159680638,0.0198019801980198,0.0025906735751295,0.002219755826859,0.0,0.0025906735751295,0.0392156862745098,0.0,0.0049875311720698,0.0198019801980198,0.0034965034965034,0.0198019801980198,0.0022935779816513,0.0016652789342214,0.001296176279974,0.0024330900243309,0.0392156862745098,0.0,0.0099502487562189,0.0049875311720698,0.0198019801980198,0.0198019801980198,0.0024330900243309,0.0012172854534388,0.001296176279974,0.0024330900243309,0.0392156862745098,0.0,0.0049875311720698,0.0033277870216306,0.0198019801980198,0.0099502487562189,0.0025906735751295,0.0016652789342214,0.001296176279974,0.0024330900243309,0.0392156862745098,0.0,0.0049875311720698,0.0099502487562189,0.0198019801980198,0.0392156862745098,0.0022935779816513
762_YAHOO_id_212_WebService_tr_500_1st_1055,0.0,0.0151228733459357,0.0555555555555555,0.1666666666666666,0.1666666666666666,0.1666666666666666,0.0,0.0009086778736937,0.0625,0.0217391304347826,0.0,0.0232558139534883,0.0156657963446475,0.0625,0.0035587188612099,0.1666666666666666,0.0,0.0109890109890109,0.0134505949301603,0.0148883374689826,0.0,0.024390243902439,0.0156657963446475,0.1666666666666666,0.1666666666666666,0.1666666666666666,0.0,0.024390243902439,0.0334190231362467,0.0338983050847457,0.0116600184105553,0.1666666666666666,0.0176991150442477,0.1666666666666666,0.0368098159509202,0.1666666666666666,0.0,0.0094339622641509,0.0334190231362467,0.0198019801980198,0.0098414434117003,0.0384615384615384,0.0257510729613733,0.1666666666666666,0.0277777777777777,0.1666666666666666,0.0,0.0109890109890109,0.0497131931166348,0.0269058295964125,0.0098414434117003,0.1666666666666666,0.0224719101123595,0.1818181818181818,0.1666666666666666,0.1666666666666666,0.0,0.009009009009009,0.0254083484573502,0.0434782608695652,0.0,0.1666666666666666,0.0215827338129496,0.1818181818181818,0.0035587188612099,0.0625,0.096947935368043,0.0099009900990099,0.0400511291009799,0.0555555555555555
780_YAHOO_id_230_Synthetic_tr_500_1st_893,0.0069204152249134,0.0046189376443418,0.054054054054054,0.054054054054054,0.0,0.0046189376443418,0.011049723756906,0.054054054054054,0.0055401662049861,0.0030816640986132,0.0079051383399209,0.0092165898617511,0.0023121387283236,0.054054054054054,0.0014234875444839,0.0027739251040221,0.018348623853211,0.011049723756906,0.0014936519790888,0.0023121387283236,0.0079051383399209,0.054054054054054,0.0023121387283236,0.054054054054054,0.0012618296529968,0.0055401662049861,0.0036968576709796,0.0092165898617511,0.0026420079260237,0.0046189376443418,0.0027739251040221,0.054054054054054,0.0046189376443418,0.054054054054054,0.0014234875444839,0.0017346053772766,0.0092165898617511,0.0039603960396039,0.0019821605550049,0.0023121387283236,0.0069204152249134,0.0069204152249134,0.0023121387283236,0.054054054054054,0.0012618296529968,0.0046189376443418,0.0036968576709796,0.0273972602739726,0.0023121387283236,0.0055401662049861,0.0092165898617511,0.0273972602739726,0.0046189376443418,0.054054054054054,0.0014234875444839,0.0013486176668914,0.0061538461538461,0.0273972602739726,0.0019821605550049,0.0036968576709796,0.0079051383399209,0.0092165898617511,0.0046189376443418,0.054054054054054,0.0013218770654329,0.0023121387283236,0.0069204152249134,0.0273972602739726,0.0019821605550049,0.0030816640986132
788_YAHOO_id_238_WebService_tr_500_1st_973,0.0132450331125827,0.1818181818181818,0.0952380952380952,0.064516129032258,0.0010251153254741,0.0104712041884816,0.0,0.0019980019980019,0.0198019801980198,0.0392156862745098,0.0141843971631205,0.1818181818181818,0.0055401662049861,0.064516129032258,0.0090497737556561,0.0058651026392961,0.0952380952380952,0.0090497737556561,0.0041580041580041,0.0099502487562189,0.0141843971631205,0.1818181818181818,0.0076628352490421,0.1818181818181818,0.1818181818181818,0.0045351473922902,0.0952380952380952,0.0013324450366422,0.0082987551867219,0.0392156862745098,0.0141843971631205,0.028169014084507,0.0071174377224199,0.0219780219780219,0.0198019801980198,0.0052493438320209,0.0952380952380952,0.0010632642211589,0.0094786729857819,0.0062305295950155,0.0141843971631205,0.1818181818181818,0.0071174377224199,0.0132450331125827,0.0043383947939262,0.0035650623885918,0.0,0.0012187690432663,0.0055401662049861,0.0099502487562189,0.0141843971631205,0.1818181818181818,0.0038387715930902,0.1818181818181818,0.0011104941699056,0.0045351473922902,0.0,0.0012187690432663,0.0082987551867219,0.064516129032258,0.0141843971631205,0.1818181818181818,0.064516129032258,0.1818181818181818,0.0009170105456212,0.004750593824228,0.0,0.0012187690432663,0.0141843971631205,0.0198019801980198
797_YAHOO_id_247_Synthetic_tr_500_1st_893,0.0089686098654708,0.0029985007496251,0.0029985007496251,0.0018001800180018,0.0076923076923076,0.0035971223021582,0.0089686098654708,0.0134228187919463,0.0526315789473684,0.0029985007496251,0.0067340067340067,0.0178571428571428,0.0019286403085824,0.0022497187851518,0.0019999999999999,0.0016366612111292,0.0033726812816188,0.0134228187919463,0.0134228187919463,0.0018001800180018,0.0266666666666666,0.0024539877300613,0.0018001800180018,0.0038535645472061,0.0016877637130801,0.0016366612111292,0.0044943820224719,0.0044943820224719,0.0526315789473684,0.0019286403085824,0.0526315789473684,0.0035971223021582,0.0019286403085824,0.0015003750937734,0.0019999999999999,0.0013577732518669,0.0035971223021582,0.0053908355795148,0.0266666666666666,0.0015003750937734,0.0059880239520958,0.0023474178403755,0.0059880239520958,0.0178571428571428,0.0016877637130801,0.0038535645472061,0.0035971223021582,0.0526315789473684,0.0178571428571428,0.0044943820224719,0.0029985007496251,0.0029985007496251,0.0019999999999999,0.0044943820224719,0.0022497187851518,0.0044943820224719,0.0044943820224719,0.0134228187919463,0.0266666666666666,0.0035971223021582,0.0266666666666666,0.0029985007496251,0.0019286403085824,0.0053908355795148,0.0024539877300613,0.0012928248222365,0.0033726812816188,0.0134228187919463,0.0266666666666666,0.0044943820224719
806_YAHOO_id_256_Synthetic_tr_500_1st_893,0.0118343195266272,0.0039603960396039,0.0689655172413793,0.0689655172413793,0.0028530670470756,0.0029717682020802,0.0141843971631205,0.0141843971631205,0.0235294117647058,0.0689655172413793,0.0141843971631205,0.0689655172413793,0.0018298261665141,0.0350877192982456,0.0,0.0012307692307692,0.0011554015020219,0.0235294117647058,0.0350877192982456,0.0088888888888888,0.0029717682020802,0.0176991150442477,0.0059347181008902,0.0350877192982456,0.0,0.0,0.0016992353440951,0.005089058524173,0.0350877192982456,0.0118343195266272,0.0141843971631205,0.0689655172413793,0.004750593824228,0.0689655172413793,0.0044543429844097,0.0014936519790888,0.0014936519790888,0.0118343195266272,0.0350877192982456,0.0029717682020802,0.0176991150442477,0.0689655172413793,0.0689655172413793,0.0689655172413793,0.0101522842639593,0.0014336917562724,0.0017841213202497,0.0176991150442477,0.0059347181008902,0.0020387359836901,0.0141843971631205,0.0176991150442477,0.0101522842639593,0.0118343195266272,0.0022296544035674,0.002301495972382,0.0015860428231562,0.0071174377224199,0.0689655172413793,0.0689655172413793,0.0118343195266272,0.0235294117647058,0.0141843971631205,0.0689655172413793,0.0017841213202497,0.0,0.0014869888475836,0.0044543429844097,0.0350877192982456,0.0059347181008902
807_YAHOO_id_257_WebService_tr_500_1st_1210,0.1522469214776907,0.0759493670886076,0.1363927788088409,0.1146757679180887,0.0758937415578568,0.0432036236359892,0.0038526912181303,0.3241787829833064,0.25,0.1621621621621621,0.1382978723404255,0.0377788633773001,0.1417721518987341,0.0420617682894527,0.0901088499763369,0.0895754052269338,0.0038526912181303,0.11875589066918,0.1417721518987341,0.1001439929881675,0.174496644295302,0.0361314437003582,0.1338645418326693,0.2832183908045977,0.0868850962854796,0.0469412762748609,0.00992700729927,0.4671532846715328,0.6109090909090908,0.1002985074626865,0.174496644295302,0.0307651505105423,0.1338645418326693,0.4048192771084337,0.1027667984189723,0.03331691782396,0.00992700729927,0.25,0.0477064220183486,0.1506726457399103,0.174496644295302,0.0346216982539919,0.1506726457399103,0.1052631578947368,0.0868850962854796,0.0872094135654835,0.00992700729927,0.3241787829833064,0.3160762942779291,0.1506726457399103,0.174496644295302,0.0395836887903088,0.1506726457399103,0.0714285714285714,0.0868850962854796,0.0469412762748609,0.0,0.3241787829833064,0.3160762942779291,0.1276353276353276,0.2113821138211382,0.0361314437003582,0.1506726457399103,0.1538461538461538,0.25,0.0469412762748609,0.0,0.3160762942779291,0.6109090909090908,0.1449838187702265
810_Exathlon_id_1_Facility_tr_10766_1st_12590,0.4281469275825705,0.8487699390709093,0.9886220522456992,0.6910229476727856,0.4501612057716775,0.4809454969472482,0.2932488673820934,0.3417566686979218,0.4613446520201467,0.7454454870346765,0.4022267636611501,0.3578110537099349,0.8501419093340185,0.3396289828051408,0.3959108173198088,0.2941753676738214,0.2296678887006575,0.2574950995982035,0.3485306904901684,0.9886220522456992,0.1760555004544183,0.5055454237352596,0.8470478312587529,0.3047785723984664,0.4421678791082732,0.2898557729817451,0.2862784288602573,0.3267498012660383,0.3574887986096428,0.918519823327974,0.4886367875199112,0.4764944976600938,0.9886220522456992,0.3018741311412435,0.4470867436222476,0.3392739055112667,0.2630345206502506,0.3271554029354037,0.5381476938282738,0.8249864956069289,0.3117729572723809,0.4567950505070315,0.9177131870225528,0.3395830854030237,0.3446955807468319,0.2626595771667037,0.2845965249214227,0.3316398976021014,0.3603040281566835,0.8501419093340185,0.2243343093761526,0.4998641900623207,0.9177131870225528,0.3266473450365545,0.4838084219686377,0.3392739055112667,0.2837052749515388,0.4098084022834152,0.3533252161937245,0.9886220522456992,0.3942568886109174,0.522767956820002,0.9177131870225528,0.350263170327304,0.4979178949899703,0.3392739055112667,0.2746974674180392,0.4098084022834152,0.355288904303312,0.8501419093340185
811_Exathlon_id_2_Facility_tr_10766_1st_12590,0.2608305970798735,0.9894556722174792,0.9914293566102496,0.3389850759913783,0.3230891113957307,0.3329543782706626,0.7448060398189132,0.6115850901713706,0.337633666873992,0.990855006041894,0.3111663820174888,0.9894556722174792,0.990855006041894,0.3015594506077572,0.3456973938936417,0.2988074058402569,0.7429221327809579,0.3366901393057854,0.3258412128423262,0.990855006041894,0.3420541302507899,0.9894556722174792,0.990855006041894,0.3376287725569037,0.3400328185411004,0.2689652544285726,0.747908978030202,0.5515618525796475,0.3428121786426833,0.990855006041894,0.3036429420157738,0.9894556722174792,0.990855006041894,0.3432339398925679,0.3422054442196222,0.310967605418991,0.747908978030202,0.4450218078233183,0.343442307384358,0.990855006041894,0.1811118681925572,0.9894556722174792,0.990855006041894,0.3334074741966175,0.3449069289996871,0.3810800248796437,0.7568196694693564,0.3909263084562202,0.3361947538938625,0.990855006041894,0.2059234906821694,0.9894556722174792,0.990855006041894,0.3331622420718952,0.3455241290567802,0.3071511863502996,0.7457349662497882,0.4631154075622088,0.351606383994212,0.990855006041894,0.3443652408301658,0.9894556722174792,0.990855006041894,0.3101113072474246,0.3437837795859443,0.285800074225541,0.7676389663166148,0.5536112360595324,0.3392449850744778,0.990855006041894
812_Exathlon_id_3_Facility_tr_10766_1st_12590,0.165187525377727,0.7466505033874066,0.3678088461602928,0.3260198320990872,0.7977200313152618,0.3435471538846756,0.3501984813107204,0.352902902986481,0.3418106002508986,0.3685937538939126,0.2677921200870013,0.3589635597524339,0.3641303033773622,0.7466505033874066,0.7977200313152618,0.7466505033874066,0.7411594489036348,0.3394448021584242,0.7466505033874066,0.7466505033874066,0.1579109808606193,0.362615474488156,0.3734574533117007,0.3312157827116349,0.7977200313152618,0.3458439216565481,0.3501984813107204,0.3454776474628263,0.3397440230719758,0.3759952330415239,0.3249491894348958,0.7466505033874066,0.37490884210207,0.3307255700237824,0.7977200313152618,0.3524370265813204,0.7411594489036348,0.7466505033874066,0.3411743822970218,0.7466505033874066,0.1590563964399658,0.7466505033874066,0.3707163383589817,0.3145299752836605,0.7977200313152618,0.3437081055842136,0.7411594489036348,0.3433982312186807,0.7466505033874066,0.371221802087418,0.2159730690392206,0.3610105853176317,0.3768520405919355,0.3184324373414987,0.3404443610058812,0.6554721733177228,0.3501984813107204,0.7466505033874066,0.6556060100603394,0.3703098164831502,0.2694619040374986,0.3594711025598976,0.3699989439295451,0.7466505033874066,0.7977200313152618,0.3537918519187865,0.34004313616975,0.390957329308077,0.7466505033874066,0.3705915779272756
814_Exathlon_id_5_Facility_tr_10766_1st_12590,0.2622371861439335,0.9900253678887552,0.9900253678887552,0.3434448722049927,0.3239043077986228,0.3349048953291945,0.7457349662497882,0.4774551973395805,0.3362790406156187,0.990855006041894,0.7125780870981135,0.9894556722174792,0.990855006041894,0.3334074741966175,0.3449069289996871,0.3401878300207087,0.7457973128806961,0.3877676186637532,0.3352705023861708,0.990855006041894,0.7979615462542305,0.9894556722174792,0.990855006041894,0.3128438375104868,0.3424511616581069,0.3614586349074404,0.7429221327809579,0.4633265353660001,0.3373594060744798,0.990855006041894,0.3442023326600315,0.9894556722174792,0.9900253678887552,0.3009651970777933,0.3297915013360284,0.3051354030053295,0.7448060398189132,0.4332363667006543,0.3362051186109072,0.990855006041894,0.1572456382765977,0.9894556722174792,0.990855006041894,0.3449069289996871,0.3449069289996871,0.3741906753709184,0.7448060398189132,0.4096200809292384,0.4057808662682269,0.990855006041894,0.2661097079701587,0.9894556722174792,0.990855006041894,0.3327877162946967,0.3441844711741408,0.2917719268247319,0.7568196694693564,0.383846398053754,0.351606383994212,0.990855006041894,0.2119227324595125,0.9894556722174792,0.990855006041894,0.3469927593743345,0.3416522249463061,0.3621106210257185,0.7457349662497882,0.4279993416987104,0.3467926029223844,0.990855006041894
815_Exathlon_id_6_Facility_tr_10766_1st_12590,0.1715228143425749,0.7466505033874066,0.3669039138253483,0.3216605490961999,0.7977200313152618,0.3444638130255575,0.3501984813107204,0.3485506234623002,0.6556060100603394,0.3688884499909929,0.266381562259429,0.3596333804107735,0.3629937237143496,0.7466505033874066,0.3403607068660854,0.341115283807649,0.3501984813107204,0.3394892053717933,0.3394448021584242,0.3675866043877546,0.4431417816209258,0.3603474650977334,0.3740593784540866,0.3261831092787558,0.340542300700849,0.7466505033874066,0.7411594489036348,0.6556060100603394,0.7466505033874066,0.375210193252959,0.3463842362315373,0.3588995402156987,0.3764235753766123,0.7466505033874066,0.3369017380551196,0.7466505033874066,0.7411594489036348,0.3483736459695708,0.7466505033874066,0.7466505033874066,0.412107886057974,0.7466505033874066,0.3712770156843086,0.3136795382734993,0.7977200313152618,0.3431628218877517,0.3501984813107204,0.3456320727365871,0.7466505033874066,0.7466505033874066,0.3815004646155124,0.3659019822499474,0.3764896372111965,0.3229490665234035,0.7977200313152618,0.3444845813469875,0.3501984813107204,0.3502291277081439,0.3408122616330414,0.7466505033874066,0.3023566426048856,0.7466505033874066,0.377891147670517,0.3279573316922056,0.3394448021584242,0.3514888631174439,0.7411594489036348,0.3517378326201596,0.3403872362175639,0.3725761532245586
816_Exathlon_id_7_Facility_tr_10766_1st_12590,0.1644759289678875,0.7417437280720212,0.3591126431268743,0.3584985577776535,0.2054020124406971,0.5386063549249145,0.3874311736157222,0.2754664028265493,0.2693306328655356,0.706959694064126,0.1775938631755865,0.6064295042307316,0.4564262260204897,0.2583624197819575,0.2284085704277484,0.653957725266257,0.2557030337944628,0.4329918328262321,0.2660732780916088,0.3908165711126605,0.1884509341327828,0.7417437280720212,0.8470959693463885,0.2269153314078649,0.4223865102614645,0.4089671062396847,0.2242363266310019,0.3105546684262386,0.3626261033381784,0.6118938954993051,0.1700982986585969,0.6648111294666573,0.6585493537745032,0.213256299916665,0.2284085704277484,0.3393094866679939,0.2265521365662716,0.3618936458852593,0.3626261033381784,0.6083853632550426,0.1873039849597019,0.5530643262795905,0.6638609330503068,0.4871049184145578,0.5795266824947605,0.6562294314278488,0.2372758743666215,0.2919682623086682,0.5795266824947605,0.3700925668283221,0.3818419740452948,0.7449270309748176,0.4747201386747657,0.296362429107245,0.2284085704277484,0.3770684432885773,0.2242363266310019,0.3326303820221564,0.2409752511718464,0.4000274798377999,0.7693530121089286,0.7405335550669921,0.3851184410814542,0.2632810305992904,0.2284085704277484,0.6525377871137262,0.2242363266310019,0.3380134910218457,0.3626261033381784,0.3498429457829999
817_Exathlon_id_8_Facility_tr_10766_1st_12590,0.1813672765969673,0.3492475991781809,0.3431015500155383,0.2892206310117826,0.3178652600933403,0.3345562678550485,0.201844262295082,0.3394448021584242,0.4175625474750432,0.3431015500155383,0.1694868898253054,0.3556025665809872,0.3433382565969999,0.2471619356630254,0.7467197740497646,0.322177215649064,0.201844262295082,0.3118377974743799,0.3387814528192369,0.3406830825596664,0.1826765471658935,0.3435935901076114,0.3447296909858385,0.2584415044765885,0.7467197740497646,0.3264140576023969,0.201844262295082,0.3404411105965743,0.3291854505567306,0.3400061942002854,0.7685249176018073,0.3567200114707978,0.3405296488062206,0.2684114099172882,0.7467197740497646,0.333779811061905,0.101339139166001,0.3401091406482643,0.3394448021584242,0.3416265588945296,0.2066774202959324,0.361993367619388,0.3455929982504523,0.2488149266833957,0.7467197740497646,0.3128000991026363,0.101339139166001,0.3394448021584242,0.3318394263453394,0.3313325147641338,0.4617328366805189,0.3813123290203994,0.3406561623978794,0.2609411746595612,0.7467197740497646,0.3308171989638821,0.101339139166001,0.3394448021584242,0.3302172275591524,0.3354556288532853,0.2565628961580324,0.3712885700979974,0.3441492943454208,0.27893117518994,0.7467197740497646,0.3292914220958207,0.201844262295082,0.3394448021584242,0.3394448021584242,0.3397332570004142
818_Exathlon_id_9_Facility_tr_11665_1st_13484,0.123517696076187,0.8412421064592949,0.8412421064592949,0.2265316722259546,0.3445609700183832,0.1463701938481007,0.3515309437315311,0.9779407560166538,0.881860138356717,0.84018305289856,0.1275069142777848,0.2232347415163312,0.8412421064592949,0.4319046844803548,0.3934722497327515,0.1623609786649719,0.2682410983992838,0.9779407560166538,0.5209185319310943,0.84018305289856,0.1225387703409825,0.2413948847028224,0.8412421064592949,0.3874151490301042,0.3884407674316932,0.1534910449779556,0.2380387839783216,0.9779407560166538,0.8674522441268908,0.84018305289856,0.144022093114139,0.2390330200151246,0.8412421064592949,0.3453602238655719,0.4011226034306209,0.1567743662080037,0.2224279096721268,0.9779407560166538,0.8987061115173229,0.84018305289856,0.1913755836157868,0.2417786377793882,0.8391192168191477,0.3582498474197804,0.2458273632033458,0.1524212817540533,0.2247871627539051,0.9794196698688692,0.6466171426981153,0.84018305289856,0.1249500237522818,0.2390330200151246,0.8412421064592949,0.3822870723516738,0.267303794509092,0.1429191444459135,0.2206182821975863,0.9779407560166538,0.8494433475139307,0.8412421064592949,0.1405825701624815,0.2390330200151246,0.84018305289856,0.4060433951984396,0.1771220750043535,0.1496696135424741,0.2768157484767957,0.9794196698688692,0.8584940385916652,0.8412421064592949
819_Exathlon_id_10_Facility_tr_10766_1st_12590,0.2169144186206935,0.7573859970133852,0.7532531478778911,0.2953694229533398,0.1945449819418976,0.4386397920627082,0.348393206304826,0.3394448021584242,0.3424870022199107,0.8194499919272265,0.1903686564281811,0.4634581450681316,0.8196132343515349,0.2202103860111458,0.3394448021584242,0.3350420188313366,0.348393206304826,0.3125305549041813,0.3412260154210457,0.8196132343515349,0.2357354479327489,0.5181593087476536,0.8196132343515349,0.2406577205189947,0.3350702690360355,0.415063099342142,0.348393206304826,0.3337856573041078,0.34133933457933,0.8196132343515349,0.2907931562837743,0.5655605570178237,0.8194499919272265,0.2387862764046659,0.3088958100090987,0.415063099342142,0.348393206304826,0.3394448021584242,0.3408087627827311,0.8191999852577942,0.1661513413394077,0.4576351112231883,0.7535570294864911,0.3128923792182683,0.3394448021584242,0.3358074864194574,0.8222827149031746,0.3331129506308631,0.3422019145681944,0.7535570294864911,0.8049937986070393,0.6340994962821725,0.7532531478778911,0.2605381528155918,0.3334424401108475,0.3394448021584242,0.8222827149031746,0.3576967514393465,0.3419360472973624,0.7532531478778911,0.1794395932960272,0.7035759943970346,0.7462607984200315,0.2701624952627876,0.3178652600933403,0.3391410295858252,0.348393206304826,0.3612070356608504,0.3404916037892655,0.8193635988984972
820_Exathlon_id_11_Facility_tr_11665_1st_13484,0.1489136159911886,0.6510349555933256,0.6982736213289423,0.163521703569183,0.2428771200613348,0.2521206029154661,0.7834456304062085,0.4407498552139904,0.3831466481186836,0.6884325383582829,0.6366144112189112,0.598680973013755,0.7374725007774785,0.3494131335011425,0.2265316722259546,0.1588148061479613,0.6681019018309053,0.4490467696869373,0.3758882969806533,0.718635202132127,0.1683775514258844,0.6203934103305055,0.5748141596079374,0.1657086187281519,0.1475758785112565,0.1600487891377011,0.6886881877627858,0.4784594373274058,0.392763139562595,0.805417212952044,0.1412660024071708,0.6258124088548197,0.8018195184992631,0.1455199149585026,0.1636225462613448,0.1330880167342733,0.7241204451204977,0.449328427847649,0.3721185428662598,0.6978997836348657,0.1692866520082795,0.6234813034436315,0.8616355878819679,0.2855886817335182,0.2060951795180815,0.1532058050989644,0.7336724472027462,0.4258143641350705,0.3720250557745448,0.769269221516788,0.1363098112848933,0.6216302285546924,0.9288068566047096,0.1508738340719796,0.1574538742968351,0.160494124034569,0.6911930742637822,0.4513696192701923,0.3599444296460576,0.6791964979751739,0.1602259919045147,0.6234813034436315,0.6719270002061725,0.1505644915880019,0.1586162449848862,0.1701391612117889,0.8476490724149476,0.422087936756147,0.3822137590913717,0.6786490377368316
821_Exathlon_id_12_Facility_tr_6985_1st_7085,0.2248483507247035,0.7090846615469273,0.9713405180558196,0.2509764126997867,0.2316009538420757,0.2501282646444997,0.0,0.3608483218858562,0.3076171736695104,0.9716368944582484,0.2609067256715486,0.2662614273561514,0.9716368944582484,0.2701895900141145,0.2056252649089426,0.2823570425311322,0.0258198918588092,0.3522194638710959,0.2722389537392605,0.97076335001227,0.1501088367510868,0.1540203451493447,0.9713405180558196,0.2282963505578345,0.862209056992341,0.2753231829228776,0.0258198918588092,0.5171337444344482,0.3029765402891903,0.9689050697925304,0.1451770199748739,0.2662614273561514,0.9713405180558196,0.2200722636364185,0.2298445905310683,0.7844346619567828,0.2492592324925923,0.3745118684512538,0.3246728705232832,0.9689050697925304,0.2246173322270148,0.2662614273561514,0.9706575565209822,0.2343143248993533,0.2856241229496986,0.2463706870583306,0.2492592324925923,0.3438913795360204,0.2956408937253503,0.9689050697925304,0.2183272736912625,0.3935428372985393,0.9689104712115896,0.2390221010295687,0.862209056992341,0.2621216870929602,0.2492592324925923,0.5993970616322132,0.3446962637624032,0.9280353076915218,0.1764898359635689,0.3536721662835768,0.9713405180558196,0.2423593287535114,0.862209056992341,0.2463706870583306,0.0258198918588092,0.4026920701760232,0.3370412111595757,0.9689050697925304
822_Exathlon_id_13_Facility_tr_10766_1st_12590,0.7929655581190411,0.3426771397502505,0.3413893415814513,0.264840538805206,0.7467197740497646,0.3353789930179574,0.101339139166001,0.4927671462050092,0.341436224211091,0.3428131786665469,0.2249830626862749,0.3517941839538275,0.3439228765821372,0.2595404518763788,0.7467197740497646,0.3186483349289801,0.201844262295082,0.3061819488068865,0.3006437341250856,0.3419266716227233,0.3471947168406181,0.3564548827994825,0.3422293710594918,0.2611762415758781,0.3308070533299477,0.3290113989854161,0.201844262295082,0.3404411105965743,0.3400828219448956,0.3434249064170722,0.7668419473955069,0.3384897541128204,0.344122163295506,0.2721005655753629,0.3394448021584242,0.3302890626607453,0.201844262295082,0.3394448021584242,0.3404138833953928,0.3425628796951508,0.1623628697420102,0.3427398680410298,0.3404411105965743,0.2626127229436124,0.7467197740497646,0.3088649949251061,0.101339139166001,0.495009612482291,0.3323105349477751,0.3384628527877198,0.3734925882717547,0.3704012647622037,0.3441492943454208,0.2627216418459164,0.7467197740497646,0.3401091406482643,0.101339139166001,0.3394448021584242,0.3394448021584242,0.3397369906757911,0.4532955696499275,0.3775484680527429,0.3441492943454208,0.2738913047954933,0.7467197740497646,0.3324470766300249,0.201844262295082,0.3394448021584242,0.3414383885541189,0.3404411105965743
823_Exathlon_id_14_Facility_tr_10766_1st_12590,0.244085392206632,0.9857360130885132,0.9881020106479752,0.4144391451296418,0.5599033445776442,0.6511349259918137,0.374056154079385,0.8455074607318579,0.8174051407899083,0.9881020106479752,0.2524456340226244,0.7388787152144664,0.9881020106479752,0.7535058808777609,0.5599033445776442,0.6511349259918137,0.374056154079385,0.8455074607318579,0.7388787152144664,0.9881020106479752,0.5828614618843911,0.7388787152144664,0.9881020106479752,0.5050278866790343,0.5726293055699297,0.6511349259918137,0.374056154079385,0.8455074607318579,0.7404792663295642,0.9881020106479752,0.1901110770333863,0.7388787152144664,0.9881020106479752,0.5013098817387529,0.5599033445776442,0.6511349259918137,0.374056154079385,0.8455074607318579,0.741717950760522,0.9881020106479752,0.2866741294398067,0.4206126078040011,0.9881020106479752,0.5343124738821358,0.5599033445776442,0.6511349259918137,0.374056154079385,0.8455074607318579,0.7404792663295642,0.9881020106479752,0.2124897521411918,0.7388787152144664,0.9881020106479752,0.3992124954362582,0.5599033445776442,0.5890531704882392,0.3785927740735526,0.8455074607318579,0.7590990567226079,0.9881020106479752,0.5828614618843911,0.986455282703642,0.9881020106479752,0.496287137011295,0.5599033445776442,0.5181374436420879,0.3758205071198576,0.8455074607318579,0.6227643602061549,0.9881020106479752
824_Exathlon_id_15_Facility_tr_10766_1st_12590,0.3152753479277482,0.7195468959863293,0.8774805956695982,0.3406017089717201,0.3432582901021151,0.4055164089467458,0.201844262295082,0.3394448021584242,0.3404411105965743,0.8923135613680929,0.3529404501790907,0.5823818538968659,0.8677745720910338,0.3394448021584242,0.3437453339514745,0.3943453493196689,0.201844262295082,0.3394448021584242,0.3398636812457151,0.513459272460257,0.3228470954455466,0.5964448031318329,0.6546375396446077,0.3283008020774606,0.3449186209392111,0.4028875418903189,0.101339139166001,0.3397440230719758,0.3397938827405709,0.5320810731138844,0.3547102741864106,0.5783687318639549,0.8186677239806269,0.3082569181219812,0.3426307040455085,0.432183163484882,0.101339139166001,0.3394448021584242,0.3394448021584242,0.6138343228483928,0.804064329062663,0.4742057126717799,0.6743748163880839,0.315708606280534,0.3435058206687191,0.3663087272899782,0.101339139166001,0.3401091406482643,0.3256282020794179,0.6617838003970207,0.3779089582875727,0.6423355296962215,0.8677745720910338,0.3308070533299477,0.3434693701159172,0.3879126155847782,0.201844262295082,0.3399431058649081,0.3403633589866802,0.6067264052874927,0.3568400669444991,0.6733509193644089,0.8751370960741127,0.3264795866007948,0.3433004389075018,0.4380601884822944,0.101339139166001,0.3394448021584242,0.3394448021584242,0.5841923297881424
826_Exathlon_id_17_Facility_tr_11665_1st_13484,0.1428296124126827,0.634835154561654,0.7451167627201131,0.1516525530700689,0.2354205209306108,0.2259990047347741,0.8735161608681442,0.4720754619407287,0.3784657251714524,0.7168087412648302,0.1642905132149073,0.6191543705062676,0.9450933797822748,0.4395515641582998,0.1986881919187784,0.1451686736527666,0.5915303762781566,0.4531767291261905,0.3839336692566228,0.7674196919657233,0.1407307085876464,0.6203934103305055,0.7751219088847136,0.1966966037474498,0.1959048712496265,0.1832052422338549,0.5915303762781566,0.4386021793780949,0.3717085862862259,0.8018195184992631,0.1338425958520191,0.6191543705062676,0.7107940186107561,0.1867000168812652,0.163138831076862,0.163986405285942,0.515070138879509,0.4555727311099259,0.3826226548745064,0.8090996026393779,0.1338425958520191,0.6203934103305055,0.9314201519873724,0.2388041931635288,0.2190672142463201,0.1716090120758093,0.6749406079020769,0.4285007772113452,0.3680188361267782,0.718149434539018,0.1617939496509414,0.598680973013755,0.6791964979751739,0.1650165521917923,0.1381065072036897,0.17430029440382,0.7336724472027462,0.5278122358122379,0.3431421222656988,0.6049759141344672,0.1642905132149073,0.598680973013755,0.7226350315284787,0.1851608565220219,0.2014660607867228,0.1715642664576347,0.735349415509719,0.4711008555499488,0.3740529781292748,0.9288068566047096
827_Exathlon_id_18_Facility_tr_10766_1st_12590,0.2508127057093878,0.6017536132760446,0.8920177904893493,0.3394448021584242,0.3413221456337423,0.4323448702076205,0.101339139166001,0.3398636812457151,0.3394448021584242,0.7086068262765352,0.8145313804448008,0.5613460429681091,0.8677745720910338,0.334286984910377,0.3442740893446508,0.3695435870411543,0.201844262295082,0.3394448021584242,0.334021264418347,0.6744977692500065,0.2384019670449958,0.6071443724598635,0.8150387578687037,0.3106096133373606,0.3442254016251439,0.4158146481874246,0.201844262295082,0.3396670303890159,0.3394448021584242,0.6053641479516535,0.2051935926736059,0.651480303789209,0.8677745720910338,0.3229066472937337,0.3433661296082934,0.4019825770181447,0.201844262295082,0.3394448021584242,0.3314094301267939,0.7186684666614575,0.1622334402802649,0.4728124850477185,0.7340651602192346,0.3146504457646503,0.3434769188880806,0.3691983339460516,0.101339139166001,0.3401091406482643,0.3394448021584242,0.6547475509069505,0.4330962545173479,0.6145668868464704,0.8697443005520177,0.3158572590970353,0.3437125391135001,0.3743000277362288,0.201844262295082,0.3394448021584242,0.3399447320466913,0.7460351971403733,0.1535430496223636,0.6754247276256563,0.8711528601448792,0.333779811061905,0.343205798781362,0.4261352186024774,0.101339139166001,0.3394448021584242,0.3319332673409347,0.8190734597557783
828_Exathlon_id_19_Facility_tr_11663_1st_13482,0.1374756878872962,0.7749025542416631,0.8979238714047886,0.2148709703131206,0.2372261573993313,0.1543235399489315,0.7731949252050835,0.3191472233904521,0.1876679669185515,0.9513208597662988,0.2221614178641566,0.7710650378987226,0.7282886083312753,0.502098698443606,0.2557391153810415,0.1683620219623864,0.6174008391607549,0.3123910321920966,0.1772165222421723,0.7122162804000776,0.1852675059142818,0.7274572750934745,0.7516420953292928,0.2943929580801694,0.2205362905027097,0.2481105050364745,0.8316385974189985,0.3691828078678686,0.1912794560053731,0.7169812379297426,0.1465014801873542,0.7594147198876663,0.8671864924860477,0.2369715644973971,0.2404593877653118,0.2008720249638582,0.7879380640998989,0.3578031688931071,0.1859608682268885,0.8315065375930376,0.2167963433060669,0.7557984483650536,0.8817401387975126,0.2970760257001665,0.182299494030164,0.2172508958818507,0.5119299196840085,0.3623940163089012,0.189090350027661,0.7138755069316385,0.1705741072315454,0.7201082302260811,0.8751706657410396,0.1792867871444385,0.227116881002051,0.2052634413464442,0.9630782916979986,0.3739681022317535,0.1805318754080062,0.9590359650052248,0.1720906819876879,0.7608958136982319,0.9009961217916642,0.2158329715614983,0.2250733147949542,0.1838151406932356,0.729804151018998,0.3200766587209674,0.193054355180499,0.9513208597662988
829_Exathlon_id_20_Facility_tr_10766_1st_12590,0.2360317745069382,0.7417437280720212,0.703591847825051,0.1954055710096593,0.272815722514062,0.6525377871137262,0.242422490916473,0.3618936458852593,0.3278656487048111,0.49532966350915,0.2071061677706006,0.5451266975194995,0.4345636266654517,0.2847818066480254,0.2284085704277484,0.3998906993593397,0.4696336168946151,0.2885562657312324,0.2139023796837326,0.3663622212763723,0.1969109142821478,0.6660631052733497,0.3924726110840073,0.2028601742781829,0.2284085704277484,0.3879391156829359,0.4696336168946151,0.3064276532500178,0.3544713144384112,0.4714426571195227,0.2501728824855559,0.6381498854859835,0.5939949460336106,0.2159774951948839,0.2284085704277484,0.3821152213615961,0.4696336168946151,0.3160633538092168,0.3626261033381784,0.3835110934479017,0.3794450126596121,0.590881452144869,0.6194237202313391,0.2181079069088561,0.3188693858873276,0.3709478069962835,0.2204517052902495,0.2943283635495959,0.3626261033381784,0.3677785317537786,0.3678620818363853,0.7405335550669921,0.5905116845940585,0.2028601742781829,0.2284085704277484,0.3405231633233966,0.3386295954001985,0.3359303530990533,0.3626261033381784,0.4276463171030336,0.4011022630858971,0.7405335550669921,0.354008665957996,0.2632810305992904,0.2284085704277484,0.4450444451645781,0.4696336168946151,0.3010131122658416,0.3626261033381784,0.3510517878897742
830_Exathlon_id_21_Facility_tr_10766_1st_12590,0.2059763351482133,0.4584511866840483,0.836706482641069,0.5591766458626763,0.3512004047869942,0.2918774679362776,0.9801478806880024,0.4248050682175655,0.3563458092551702,0.7458587799957765,0.2834921357494821,0.4536558326123245,0.9829115445424657,0.5344973472462005,0.4630570881488762,0.3703561040658654,0.6263704857239073,0.4638715646150196,0.3455096525994274,0.7219644439047479,0.2077833266380057,0.4464548090028769,0.9829115445424657,0.6501262909165254,0.5416385218798562,0.3925619807921284,0.9860065932433222,0.5359818647399947,0.3549947338106738,0.8227779529596301,0.1652000823798531,0.4483038417545752,0.9829115445424657,0.531710675480238,0.4683295299124126,0.3780893308904628,0.9862531507195786,0.4898458231144438,0.3538353686926925,0.8976382060590703,0.1880297049876987,0.452073430022294,0.9829115445424657,0.6490178918792822,0.4799933056368939,0.2816193423453401,0.7238555466969042,0.5352797080087704,0.3527646278383435,0.9829115445424657,0.4053257568103384,0.4495477652025374,0.9829115445424657,0.4935577682981277,0.4954005884047586,0.2816193423453401,0.9862531507195786,0.5807504948698933,0.3455096525994274,0.5543985113351,0.249777766091231,0.4339103728940724,0.9829115445424657,0.5308311158183358,0.4745460077667729,0.2720437625708046,0.9862531507195786,0.5078096535012608,0.3431415163801811,0.8303348166587314
831_Exathlon_id_22_Facility_tr_11665_1st_13484,0.1443708883294746,0.6234813034436315,0.6604183381047303,0.1654049310391737,0.2401755695831917,0.2044365348505557,0.7011007338278015,0.4610523800025932,0.3957835773729217,0.6413028744455397,0.2267260518932774,0.6172916321583666,0.6069647912109122,0.4564847377963643,0.1875381240128395,0.1579909278833441,0.6239906973318695,0.4609416496034738,0.3710435918611913,0.7678568269365075,0.154717493619313,0.6203934103305055,0.6827006078703205,0.4457286283317402,0.1518341068114733,0.1496896846572078,0.5366558780853791,0.5330660518502891,0.3876841880535926,0.7947731964595353,0.1239371306367622,0.6203934103305055,0.7146629511353734,0.1691668967117711,0.1655331046393567,0.1644966307737761,0.843007832414559,0.4660962047939758,0.3831466481186836,0.6791964979751739,0.1769903906607631,0.6324065490304469,0.9314201519873724,0.2017003184206998,0.2216557861639478,0.1537182735945872,0.7336724472027462,0.4686550968013593,0.3700570486673707,0.7957217064520846,0.1203291781328502,0.6008788691779816,0.9314201519873724,0.169269798859014,0.1539023583560534,0.1644682421586941,0.7323262473879035,0.4555727311099259,0.3500656310168881,0.7226350315284787,0.2216890797363841,0.6203934103305055,0.6791964979751739,0.1911889063218806,0.1570220730612794,0.1701391612117889,0.7319880312310497,0.4632510632991743,0.3740529781292748,0.600073075476344
832_Exathlon_id_23_Facility_tr_10766_1st_12590,0.3596552251604826,0.8470959693463885,0.3591126431268743,0.3584985577776535,0.2028601742781829,0.6525377871137262,0.2298623495165193,0.292995344933316,0.437641728146477,0.3509349044742396,0.1866084623963067,0.6574018706551737,0.4943585773768169,0.3897337160634342,0.2556140356004758,0.530111410365097,0.4696336168946151,0.5106274590625001,0.4662786660358776,0.40749828180574,0.2314248609616728,0.4564262260204897,0.5835102787196844,0.2092313550480462,0.2284085704277484,0.3134498027753712,0.2443974051743359,0.2969217539394244,0.2120661235238649,0.3620869474112855,0.3025639673985179,0.7069216394655706,0.7405335550669921,0.2028601742781829,0.4290005485244945,0.5224377668248453,0.2047747269391485,0.3068100314343503,0.272397692981325,0.3509396426210687,0.3508229844149108,0.5394276764238144,0.6779880738715033,0.3198514905255363,0.4223865102614645,0.4072819606260519,0.2265521365662716,0.3379012523164834,0.4223865102614645,0.3599874666235861,0.536366320508037,0.8470959693463885,0.4238859565063781,0.2159774951948839,0.2159774951948839,0.3298210069014542,0.4696336168946151,0.3209838666507068,0.4223865102614645,0.4143100550609611,0.4305303287910123,0.741486740306242,0.3963509788258124,0.2562645266204204,0.2525107180526192,0.6525377871137262,0.4696336168946151,0.3068100314343503,0.272397692981325,0.4048331558753247
833_Exathlon_id_24_Facility_tr_10766_1st_12590,0.2088377532300185,0.7466505033874066,0.7466505033874066,0.7466505033874066,0.3398989820147273,0.3408007290178219,0.3501984813107204,0.3507823233380714,0.341262212677452,0.7466505033874066,0.8133453572520157,0.3596129298701558,0.3636106358429347,0.7466505033874066,0.3405517377402691,0.6556060100603394,0.3501984813107204,0.3394448021584242,0.7466505033874066,0.7466505033874066,0.8133453572520157,0.3555418341028883,0.7466505033874066,0.7466505033874066,0.3408535793911248,0.3465847072990667,0.3501984813107204,0.7466505033874066,0.3405156578926417,0.7466505033874066,0.1824649365987173,0.3617360294720811,0.3740598380510568,0.3349330465589895,0.3390494565834122,0.3436272287562062,0.7411594489036348,0.7466505033874066,0.3406535748875026,0.7466505033874066,0.2118980890417033,0.7466505033874066,0.37228120782024,0.7466505033874066,0.341436224211091,0.3433910141634833,0.7411594489036348,0.3444769650702882,0.3397440230719758,0.7466505033874066,0.2657799040837403,0.3603074538090449,0.3775635514394533,0.7466505033874066,0.7977200313152618,0.3484011391972496,0.7411594489036348,0.7466505033874066,0.7466505033874066,0.7466505033874066,0.8133453572520157,0.7466505033874066,0.3726262942938892,0.3317195784919844,0.3394448021584242,0.3489115386488258,0.7411594489036348,0.7466505033874066,0.3400437802261034,0.3670108694560775
834_Exathlon_id_25_Facility_tr_11665_1st_13484,0.10540968700494,0.634835154561654,0.6982736213289423,0.1409694277255076,0.2324296899653044,0.2304841920005936,0.7834456304062085,0.444424290882175,0.3919248037220155,0.6946132489165799,0.1472692777406369,0.598680973013755,0.8090996026393779,0.4406947329707574,0.1843079263626672,0.1436028614377401,0.7410647584077004,0.4462809628366831,0.3909109837527739,0.6871418161203711,0.1289852395182468,0.6203934103305055,0.687202649943065,0.2064177215855064,0.1578913695133035,0.1590476608273544,0.5956219760776178,0.4589671438363356,0.3976258697310634,0.7357928250407131,0.1768567127453902,0.6258124088548197,0.928321814087132,0.1828456929390756,0.1460033991342177,0.1701391612117889,0.5915303762781566,0.4145565007631492,0.3870991730562027,0.8849889940840349,0.1385599161071913,0.6203934103305055,0.9314201519873724,0.1748966392593491,0.1877537061171783,0.1519946809141864,0.7287115128347575,0.4560509456375419,0.3751802513824727,0.6920842783181671,0.1384053155840461,0.6203934103305055,0.6966554066200269,0.1574629873886977,0.1603542091269663,0.1901273643863169,0.8319218808904487,0.4701373488585283,0.3643190756133825,0.7241823260154758,0.5500882893619211,0.6203934103305055,0.9288068566047096,0.163521703569183,0.1644004900378907,0.1688569782465081,0.735349415509719,0.4510782416910566,0.3643190756133825,0.6047044835132046
835_Exathlon_id_26_Facility_tr_10766_1st_12590,0.3324357518493852,0.4964033299243506,0.3563505541259758,0.3407100272434042,0.3393506542270319,0.4875984821401046,0.6764792243004205,0.3468816765389608,0.346057049118031,0.4555752675572009,0.4169005254890029,0.4153565377987508,0.5476792775956142,0.4559760549265914,0.3394110520047488,0.4776180308635568,0.6764792243004205,0.4769712455109545,0.4153565377987508,0.5488889529115407,0.2009327284473208,0.3291398969088397,0.6314492526389321,0.6174309753624423,0.4133853859074558,0.5770413345925275,0.6764792243004205,0.5381476938282738,0.3601390561072337,0.6319821914894906,0.1959668632152124,0.3400204535648483,0.5929051099487441,0.3469277275107376,0.3474195936130581,0.4122416900143213,0.6764792243004205,0.3518169783318579,0.4112352571042912,0.5932532650637049,0.2615443864390903,0.3395830854030237,0.6059974217738667,0.3491149683484272,0.3393506542270319,0.4776180308635568,0.6764792243004205,0.351620891802974,0.3478672842585894,0.4974538460024488,0.4415005045375361,0.3393304402669716,0.7153620456763078,0.3478852699520984,0.3881862844305236,0.4122416900143213,0.6764792243004205,0.3468816765389608,0.3526008581512632,0.5479275652117123,0.3181601961056489,0.3390597265481277,0.6338781878977323,0.3449069289996871,0.3881862844305236,0.4122416900143213,0.6764792243004205,0.3493889647313863,0.3581179005356142,0.6097269105686668
836_Exathlon_id_27_Facility_tr_10766_1st_12590,0.1732496889800183,0.3675524193964775,0.3704015640151291,0.7466505033874066,0.3403421415100088,0.3439146532259836,0.3501984813107204,0.3499647010323836,0.3409374289687042,0.3691010296444278,0.2101116327076205,0.3583869053561678,0.6556394120677355,0.7466505033874066,0.7977200313152618,0.3417534030029602,0.3501984813107204,0.340891081799868,0.7466505033874066,0.6556060100603394,0.1795243273726611,0.3597331521034908,0.3725272070674675,0.330312377334077,0.3418202394545137,0.7466505033874066,0.7411594489036348,0.3439553367744234,0.3402678140958052,0.3717153611308252,0.2784425990518501,0.7466505033874066,0.3733397721803825,0.3274822338002771,0.3410383629808917,0.3438306231696162,0.7411594489036348,0.3481373764961741,0.341986980431428,0.7466505033874066,0.6652710467299511,0.3605192945136117,0.3726699838230236,0.3191332773710401,0.7977200313152618,0.3435070725843719,0.7411594489036348,0.3437705911370039,0.3404752064374979,0.3703451469383264,0.458152507447339,0.7466505033874066,0.3780410463372627,0.7466505033874066,0.7977200313152618,0.3451866514659781,0.7411594489036348,0.3428643522215605,0.3395635385425677,0.372606321465357,0.3665633042701456,0.3569154272831222,0.3734649301189104,0.328485743155134,0.7977200313152618,0.6554721733177228,0.7411594489036348,0.3519626157152951,0.6556060100603394,0.3687704167313186
837_Exathlon_id_28_Facility_tr_8898_1st_8998,0.2867722252152161,0.6429802236553934,0.9846564118420036,0.3146993608973523,0.4777196959375625,0.3456497710405811,0.0250097274732062,0.9846564118420036,0.3867382279973472,0.9846564118420036,0.159429303694583,0.4146459430909056,0.9846564118420036,0.2979954483487463,0.6052095351347621,0.3457908335619551,0.3706880548312505,0.787682510604425,0.3846506455771272,0.8767448563034211,0.159429303694583,0.357213033536074,0.5333924005015419,0.2145129905009693,0.6034303122508533,0.2980687450508842,0.3706880548312505,0.9846564118420036,0.3867382279973472,0.9846564118420036,0.4877377123000163,0.3146993608973523,0.9846564118420036,0.2485325052637228,0.2570396818274915,0.5120719418493888,0.0250097274732062,0.980827721051488,0.392017069555009,0.930353474793825,0.4877377123000163,0.3358368919498249,0.980827721051488,0.2610189439807715,0.4109558219859964,0.3358368919498249,0.0250097274732062,0.9846564118420036,0.3875376400800205,0.7588881997180216,0.4877377123000163,0.3749274600380163,0.9846564118420036,0.2718655795337028,0.6052095351347621,0.5120719418493888,0.0250097274732062,0.9846564118420036,0.3848080595440254,0.6395977463855173,0.4877377123000163,0.2875516634806527,0.9846564118420036,0.2193366008155664,0.25640287015778,0.3175817434133762,0.0250097274732062,0.9846564118420036,0.3910588658958496,0.3734637649753893
838_Exathlon_id_29_Facility_tr_10766_1st_12590,0.1963670015170397,0.3437544759285063,0.3447296909858385,0.2704912035815602,0.7467197740497646,0.3351214968929609,0.101339139166001,0.3394448021584242,0.341436224211091,0.3429297940571697,0.2251404390088358,0.3407257317644525,0.342451829563891,0.2435950803088756,0.3212692714442612,0.3147557229733797,0.201844262295082,0.3263519201630629,0.3212692714442612,0.3386889051858121,0.2914732664571727,0.349006018024724,0.3441492943454208,0.2623717955320981,0.3218152303639443,0.3256282020794179,0.201844262295082,0.3394448021584242,0.3326573214657731,0.340720297261784,0.1964200400367563,0.340430938807581,0.3435458905033105,0.2734968455969769,0.7467197740497646,0.3298754467638136,0.101339139166001,0.3404411105965743,0.3394448021584242,0.3405406380332531,0.420804640515551,0.3482538233427603,0.3455929982504523,0.2561265201853946,0.7467197740497646,0.3292326767836823,0.101339139166001,0.3394448021584242,0.3318394263453394,0.3248302083143361,0.4066163273030524,0.403796650807713,0.3447296909858385,0.2553522944558339,0.3394448021584242,0.3228980614248447,0.101339139166001,0.3394448021584242,0.3263239516633675,0.3397615040144732,0.320375122494658,0.3987601093691611,0.3415060545478721,0.2715533535466576,0.3394448021584242,0.3289559669222904,0.201844262295082,0.3394448021584242,0.3404411105965743,0.3418300201638521
839_Exathlon_id_30_Facility_tr_10766_1st_12590,0.2673812131019042,0.987329553227596,0.3557513893116348,0.3584985577776535,0.2232990689478597,0.6525377871137262,0.4976921225599419,0.2795759264446681,0.3149576734641989,0.3931287702340611,0.3163554243973853,0.5832325354330129,0.4238859565063781,0.3181734965631402,0.2138393720805257,0.5160709588427009,0.2242363266310019,0.3081732096672117,0.2660732780916088,0.3849296817524441,0.2038911883588417,0.7417437280720212,0.8465880289725296,0.3745224997928843,0.2284085704277484,0.6543424114538547,0.4696336168946151,0.3043605242183226,0.2120661235238649,0.4059581262123343,0.2857397248185314,0.8470959693463885,0.6596979398263149,0.2269153314078649,0.2284085704277484,0.6519382729008658,0.2045006370862846,0.3064276532500178,0.272397692981325,0.5904648927325229,0.7630029623126434,0.5814782181842435,0.6193872143106403,0.3626261033381784,0.4223865102614645,0.653957725266257,0.2547751355113203,0.3379012523164834,0.3773208367188094,0.3606804902549999,0.1938281937655025,0.7405335550669921,0.4238859565063781,0.2632810305992904,0.2284085704277484,0.3561056942453209,0.4696336168946151,0.3326303820221564,0.3626261033381784,0.4333273899328654,0.797847289104247,0.8470959693463885,0.5788467312051373,0.2562645266204204,0.4223865102614645,0.5344085947042532,0.6538126951231124,0.3359303530990533,0.213256299916665,0.4182523987933034
840_Exathlon_id_31_Facility_tr_10766_1st_12590,0.2330212341466679,0.7105809934321528,0.8697443005520177,0.3399683679998486,0.3402158840814246,0.3996803432982992,0.101339139166001,0.3394448021584242,0.3394448021584242,0.6882979383289827,0.3382296408459661,0.4755248198886179,0.8751370960741127,0.3323929852143656,0.3452173381949799,0.3869899738012958,0.201844262295082,0.3394448021584242,0.3394448021584242,0.7176743633698733,0.2199545835013508,0.5764488292333514,0.6340253862549481,0.3256282020794179,0.3447244429082412,0.3977343216176825,0.201844262295082,0.3397066263551525,0.3394448021584242,0.5500076053954409,0.2331161029610784,0.6791794740508691,0.8697443005520177,0.3203704557792796,0.3416299071295215,0.4376429903726072,0.201844262295082,0.3394448021584242,0.3318673317912311,0.669016452361951,0.2396001555306454,0.4767843103173117,0.8186703740048679,0.3168049101848966,0.3435945174136319,0.3658716565959755,0.101339139166001,0.3408268544534771,0.3401113084562314,0.6547475509069505,0.1976819251600924,0.6094961296276709,0.8774805956695982,0.329931759582548,0.343556770166123,0.3777855085301396,0.101339139166001,0.3402621470576141,0.3394448021584242,0.6794358588528326,0.2370410272242804,0.6620638376360188,0.8711528601448792,0.3394448021584242,0.3435868011179229,0.434571464285467,0.101339139166001,0.3394448021584242,0.3394448021584242,0.6849628303346017
841_Exathlon_id_32_Facility_tr_11663_1st_13482,0.1818354588442298,0.849379313098353,0.9894488816756142,0.2744970208066763,0.4347110742107462,0.2824897393498132,0.3979544163767754,0.9780161152961732,0.6278700968913881,0.9894488816756142,0.131236112259661,0.3367559801064718,0.9894488816756142,0.4414308590797313,0.4262240395259952,0.4332083429844773,0.3979544163767754,0.8253367307169274,0.4262240395259952,0.9894488816756142,0.1740935275253357,0.3334410456050146,0.9894488816756142,0.3153700959668963,0.3513476353232948,0.3997893253408601,0.3979544163767754,0.8379017103937096,0.3979544163767754,0.9894488816756142,0.3626367117152809,0.3367559801064718,0.9894488816756142,0.4427632830027735,0.4262240395259952,0.3997893253408601,0.3979544163767754,0.8253367307169274,0.3819426825446341,0.9894488816756142,0.1742006519570159,0.3121288606796448,0.9894488816756142,0.4063975632647602,0.4406306873387979,0.407992941002657,0.4262240395259952,0.9044640956154756,0.4240021875937939,0.9894488816756142,0.2130170232687608,0.3367559801064718,0.9894488816756142,0.5217446576499879,0.4262240395259952,0.4103052394686665,0.3979544163767754,0.9780161152961732,0.4259981383202664,0.9894488816756142,0.1340852089167762,0.3634760136432873,0.9894488816756142,0.3489663607761665,0.3057170425313542,0.4087853194659781,0.3979544163767754,0.9780161152961732,0.3839192364363902,0.9894488816756142
842_OPPORTUNITY_id_1_HumanActivity_tr_7295_1st_27516,0.0698806086326274,0.4862385321100917,0.967932436659368,0.085421051786476,0.24212271973466,0.1191956992300199,0.1722177091795288,0.0265017667844522,0.0321888412017167,0.967932436659368,0.0865306122448979,0.0244173140954495,0.967932436659368,0.0644617731369949,0.190216664344808,0.0699992566947203,0.1468370477073984,0.0617157205552771,0.0189453776838358,0.967932436659368,0.0632646971053416,0.0659736105557776,0.967932436659368,0.0622406639004149,0.190216664344808,0.096663040547451,0.1468370477073984,0.0584235220971508,0.01864207328754,0.967932436659368,0.0796393688955672,0.0291983719695629,0.967932436659368,0.055692275393928,0.0795290283581697,0.0573713490959666,0.1468370477073984,0.0277672187528283,0.0210164310278945,0.967932436659368,0.0959719808289882,0.0493462541711111,0.967932436659368,0.0642813826561552,0.190216664344808,0.0643064266224766,0.1417411895982964,0.0485151426051161,0.0187478695602772,0.967932436659368,0.0613248481342204,0.0253067484662576,0.967932436659368,0.0485172758057979,0.0779616886739817,0.1641574747760084,0.1468370477073984,0.0557130437314631,0.0241722824494579,0.967932436659368,0.0736946639625148,0.0436701906599944,0.967932436659368,0.0443120888408627,0.1168687982359426,0.0617936791206922,0.1468370477073984,0.0343533551947532,0.0249019015997585,0.967932436659368
843_OPPORTUNITY_id_2_HumanActivity_tr_808_1st_908,0.4174057649667406,0.3888321416411304,0.9480471628592484,0.2742566267303991,0.1939266436250271,0.3040468583599574,0.150699392979678,0.1489112009388447,0.3195299384443201,0.9480471628592484,0.3459557709784914,0.2866825655830299,0.956419517468271,0.2566899607976819,0.3517374450558959,0.3661429945495351,0.150699392979678,0.1939266436250271,0.2169054564917109,0.9823655913978496,0.4174057649667406,0.3888321416411304,0.9823655913978496,0.2742566267303991,0.3517374450558959,0.3661429945495351,0.1900789297368675,0.3195299384443201,0.1192066805845511,0.9749329402251592,0.5898760330578512,0.256504729418551,0.9823655913978496,0.1855272465134333,0.3517374450558959,0.2766851686104484,0.150699392979678,0.1811548223350254,0.1575610494984395,0.9823655913978496,0.5898760330578512,0.3888321416411304,0.9823655913978496,0.3661429945495351,0.3517374450558959,0.1939266436250271,0.150699392979678,0.4004717686340304,0.1811548223350254,0.9749329402251592,0.4361275539430972,0.3888321416411304,0.9749329402251592,0.2274924471299094,0.3517374450558959,0.3517374450558959,0.150699392979678,0.2402870527260041,0.3195299384443201,0.956419517468271,0.4776244249268088,0.3888321416411304,0.9480471628592484,0.1855272465134333,0.3517374450558959,0.2042587820425878,0.150699392979678,0.3888321416411304,0.1209118275163493,0.9823655913978496
844_OPPORTUNITY_id_3_HumanActivity_tr_500_1st_566,0.117567955054891,0.0260056836907922,0.1143719395120888,0.2774466120089815,0.0844339063781683,0.1637808894246037,0.0,0.1278022519809759,0.1548112305419398,0.0967302268159631,0.1596337419015522,0.120393827729157,0.0999565252459601,0.2471264367816092,0.2324812093437401,0.4812384947081743,0.0,0.0948091762385432,0.1639292854062953,0.1492189535166233,0.1219760800293435,0.0967302268159631,0.1481931542218328,0.2471264367816092,0.082405086791287,0.6705653120720343,0.0,0.1143719395120888,0.1712044890903729,0.1492189535166233,0.1219760800293435,0.0967302268159631,0.0967302268159631,0.2471264367816092,0.2324812093437401,0.1586538955124282,0.0,0.1143719395120888,0.105604848080665,0.1143719395120888,0.1190276421672998,0.0969833691652349,0.0967344000621279,0.2199488491048593,0.2324812093437401,0.3085335877715126,0.0,0.1203465567050585,0.1132866024375253,0.098049866527667,0.107313229449082,0.0967302268159631,0.1203465567050585,0.2471264367816092,0.2324812093437401,0.1351780754032765,0.0827958110503657,0.0967302268159631,0.096663031055089,0.1492189535166233,0.1596337419015522,0.0967302268159631,0.1203465567050585,0.1981566820276498,0.2324812093437401,0.3085335877715126,0.0,0.1203465567050585,0.1143719395120888,0.0967302268159631
845_OPPORTUNITY_id_4_HumanActivity_tr_7295_1st_27516,0.0859835100117785,0.0332829046898638,0.7951807228915663,0.0976271186440677,0.2811671087533156,0.4862385321100917,0.2465116279069767,0.052127659574468,0.0364032697547683,0.7951807228915663,0.079175704989154,0.019058487874465,0.967932436659368,0.0736614859391473,0.3580958308727269,0.0820276262967084,0.1159552143979618,0.1081258191349934,0.0315409591907865,0.967932436659368,0.0340601624794754,0.0356679636835278,0.967932436659368,0.1977611940298507,0.074580523149596,0.0845100552918168,0.1043742625478141,0.2842938377625624,0.0383631713554987,0.967932436659368,0.0727392253538401,0.0356679636835278,0.967932436659368,0.1687195867022999,0.3580958308727269,0.0880750569491139,0.109860379638077,0.1566479003230272,0.0209990625418508,0.967932436659368,0.082942097026604,0.019058487874465,0.967932436659368,0.0736614859391473,0.0713229307827087,0.0920323207728976,0.0994100075267384,0.2423954680334502,0.056390977443609,0.967932436659368,0.2046313101372611,0.0499848530748258,0.967932436659368,0.2867916429117499,0.3580958308727269,0.0750661712488153,0.1159552143979618,0.2594137227531408,0.0492390331244404,0.2332155477031802,0.1651090342679127,0.0239095783219823,0.9041095890410958,0.1576295457048891,0.3580958308727269,0.0880750569491139,0.1159552143979618,0.1963683654393237,0.0364032697547683,0.967932436659368
846_OPPORTUNITY_id_5_HumanActivity_tr_2085_1st_2185,0.0875177937661006,0.0641214965180693,0.789285535643399,0.2013372528216194,0.2207851208100228,0.3640532583303852,0.0318103498423329,0.021274935629015,0.1281629194355094,0.789285535643399,0.1699078713684831,0.0637574098489346,0.789285535643399,0.2337246523454439,0.2463102852130368,0.3443181466788174,0.0292149182136377,0.0214489865484962,0.0881837811461241,0.789285535643399,0.4285026080818805,0.0629677834631323,0.789285535643399,0.1594090963481893,0.150573936529372,0.3443181466788174,0.0310762379840519,0.0881837811461241,0.1175310323607582,0.789285535643399,0.1170205135700652,0.0722362804974726,0.789285535643399,0.0893077477180296,0.2228350652601971,0.3443181466788174,0.0327763148313697,0.1253855973800719,0.0865287070819887,0.789285535643399,0.1074174849165976,0.0683969895195892,0.789285535643399,0.1744041183476118,0.2662835635533914,0.3170284818500641,0.033596123209911,0.0862122564229257,0.1131945254604712,0.789285535643399,0.1128468890338924,0.1254345310064267,0.789285535643399,0.1744041183476118,0.1539861616158181,0.3347141341506542,0.4613295765635184,0.123883446349896,0.0731939031271981,0.789285535643399,0.1359350876333717,0.057461478147504,0.789285535643399,0.3787679800102187,0.2262446499762289,0.3282077302485264,0.0292149182136377,0.1294312114252725,0.1286666073913247,0.7866633511147002
847_OPPORTUNITY_id_6_HumanActivity_tr_808_1st_908,0.1789356181295325,0.3937247146060831,0.3197983758050966,0.2554242845988201,0.3325336482621978,0.5126565616203482,0.4032438478747203,0.5944820406038522,0.1747788575470747,0.974164552663644,0.207462008553968,0.3331177269918415,0.9752348420153716,0.3121926621013138,0.3325336482621978,0.3622770676664463,0.4832646326068011,0.2058476906672652,0.2381262425047747,0.9752348420153716,0.24680894454018,0.3293378657458647,0.9752348420153716,0.3320420881818008,0.3325336482621978,0.368675261482051,0.4832646326068011,0.2522002200220022,0.1512731002258132,0.9752348420153716,0.1839955606570835,0.3389694050953267,0.9752348420153716,0.3291217136205624,0.3325336482621978,0.3622770676664463,0.4832646326068011,0.3254947200283964,0.5122449061399813,0.9752348420153716,0.4530104246598417,0.3054486915852956,0.974164552663644,0.2842983981618634,0.3325336482621978,0.3997614873412443,0.4832646326068011,0.2456160796293243,0.1704451666330315,0.974164552663644,0.1534175703910058,0.2674195243682567,0.9752348420153716,0.3075971184867636,0.3325336482621978,0.5118712542905105,0.4832646326068011,0.1842976300807626,0.3197983758050966,0.974164552663644,0.207462008553968,0.2252021297574443,0.9752348420153716,0.2705357719899179,0.3325336482621978,0.3622770676664463,0.4832646326068011,0.2107770867302603,0.1700214425217498,0.974164552663644
848_OPPORTUNITY_id_7_HumanActivity_tr_1477_1st_1577,0.07465825446898,0.1089786467712889,0.1013280980749832,0.1125030932789694,0.0972633177892255,0.2696552355535362,0.1395044097953527,0.6771434789703455,0.3142616449805791,0.1413793103448275,0.07465825446898,0.1935901819143719,0.644067422183931,0.1517775412712352,0.1344113476534807,0.3821367557408074,0.2493387409627931,0.6732057139915941,0.2734358303680959,0.644067422183931,0.07465825446898,0.0696961282234903,0.5589957444453182,0.1535954812079079,0.1344113476534807,0.3460497484832638,0.1870626968872843,0.5236731666212798,0.4312177860739318,0.3736767819336626,0.033890214797136,0.0743683964912783,0.644067422183931,0.2391653322380104,0.1344113476534807,0.2724750181872632,0.2352127677888201,0.734036297128467,0.4876191374023862,0.568836928038702,0.033890214797136,0.0741477615586413,0.644067422183931,0.2848509266720387,0.1344113476534807,0.2509112207979207,0.1870707952260492,0.4970014738749488,0.3650659228395422,0.568836928038702,0.1299890150128158,0.0648944945879261,0.644067422183931,0.1686992263675327,0.176012276549561,0.3460497484832638,0.2915081610322756,0.6136299219411192,0.4007518214398107,0.644067422183931,0.033890214797136,0.0572807839280276,0.644067422183931,0.1535954812079079,0.1344113476534807,0.2724750181872632,0.254914851253279,0.5732534237063912,0.4385456456940855,0.568836928038702
849_OPPORTUNITY_id_8_HumanActivity_tr_1100_1st_1200,0.1219053425160119,0.2669396481124153,0.6254586414548556,0.6495327102803737,0.152241286400649,0.2979168236591349,0.1819801968841302,0.0839618955926108,0.0548494185234199,0.1614862654167319,0.5457440120289986,0.2669494278182195,0.6254586414548556,0.6495327102803737,0.1605323205960869,0.2534979055211747,0.2169509197830933,0.1614862654167319,0.0915258118737,0.1452157982755126,0.1219053425160119,0.0656343180954958,0.6322545964435408,0.6495327102803737,0.2029347480478933,0.2979168236591349,0.3044508271851095,0.2750614126507116,0.2639306631619691,0.5353417944655124,0.0861787474982543,0.0655859148989301,0.7563577020726725,0.6495327102803737,0.2029347480478933,0.2534979055211747,0.2558187876754069,0.0822477576038602,0.0453125829024348,0.7520561311275714,0.040609676123456,0.0655859148989301,0.6254586414548556,0.6495327102803737,0.1443718891152415,0.2533578430473202,0.2226201121363858,0.057897099024848,0.1099086807196648,0.9528795811518324,0.5457440120289986,0.0656343180954958,0.9429076695839153,0.6495327102803737,0.1798872432305727,0.2534979055211747,0.253661541067817,0.0956586220844007,0.2639306631619691,0.6678641907925172,0.1219053425160119,0.1096601255929135,0.9429076695839153,0.6495327102803737,0.2029347480478933,0.2534979055211747,0.204380192206665,0.0884477237488994,0.0380334357845423,0.6254586414548556
850_OPPORTUNITY_id_9_HumanActivity_tr_895_1st_995,0.2056338028169014,0.1130925620660372,0.470063633441729,0.2055356227575602,0.1419543023821098,0.1599170125127094,0.2086569664459019,0.0757533517336129,0.1399518522510869,0.1344247175466912,0.0,0.1253218884120171,0.9074250117969792,0.1357711190113424,0.1488155276695049,0.1323723829919439,0.1286721504112808,0.0796798253592868,0.1970342843657676,0.9074250117969792,0.0322153574580759,0.3977922765390573,0.9074250117969792,0.422772799156563,0.1419543023821098,0.0882619436678618,0.1721875715652068,0.0845095218622313,0.1054431998383072,0.980963045912654,0.0109663123896796,0.144078947368421,0.9074250117969792,0.536096256684492,0.1509886397509356,0.1082490383245476,0.1341885905053856,0.0918431537009855,0.1240022743862906,0.9074250117969792,0.0322153574580759,0.3977922765390573,0.980963045912654,0.3489991296779809,0.2056338028169014,0.1341885905053856,0.1341885905053856,0.1322064594023543,0.1908073286103249,0.9074250117969792,0.017799813061324,0.1913675358665439,0.9074250117969792,0.422772799156563,0.2056338028169014,0.1114024519878109,0.1147451031719263,0.1322064594023543,0.1679782622847221,0.9074250117969792,0.0109663123896796,0.3977922765390573,0.9074250117969792,0.1103897833855353,0.1419543023821098,0.1127157814640686,0.1249938881880677,0.1398914084956882,0.1679782622847221,0.8225806451612904
851_OPPORTUNITY_id_10_HumanActivity_tr_6213_1st_7311,0.0649002679368859,0.3372794442956046,0.0476112476112476,0.0991359708958617,0.358433734939759,0.358433734939759,0.1363473176530116,0.0469954190245216,0.0667892156862745,0.0722093408413381,0.0317830587549205,0.4008256560136381,0.3152307614622378,0.1371142659720963,0.0858799766601405,0.2638580931263858,0.4411649603458825,0.0667892156862745,0.2712527849146665,0.2917542178482438,0.031292614655853,0.3443208378794755,0.2240701405210398,0.0870636056658726,0.1378917378917379,0.0893464849223825,0.2768350368120724,0.0701190093277581,0.0910889612418406,0.0476112476112476,0.029633657309862,0.3724538382090591,0.0463460005314908,0.0918281381634372,0.358433734939759,0.2638580931263858,0.4411649603458825,0.0571578395385422,0.0910889612418406,0.2240701405210398,0.0317830587549205,0.3395257726312367,0.2179140790645111,0.1074420896993592,0.22267620020429,0.3039591315453384,0.4441058755531067,0.2733739834269442,0.0842581760846345,0.2773234327875082,0.0649002679368859,0.4094246784701836,0.0476112476112476,0.0918281381634372,0.358433734939759,0.3039591315453384,0.3393239815902596,0.0459068175835746,0.3013122198668583,0.2773234327875082,0.029633657309862,0.4094246784701836,0.2240701405210398,0.0946893141259943,0.3252150372647405,0.358433734939759,0.3773752521601206,0.0573080967402733,0.0667892156862745,0.2240701405210398
853_OPPORTUNITY_id_12_HumanActivity_tr_808_1st_908,0.3447655717633305,0.4192495604679501,0.3155761881556336,0.5782278481012658,0.5143061487214954,0.4450628286283098,0.5025081859080726,0.2835857958778247,0.2561112357030724,0.4992965177629265,0.2307612857041203,0.3944465092834869,0.9971900245872848,0.5143061487214954,0.3984497020701248,0.4114017880029085,0.4204792624986654,0.5343940102948058,0.4265969368696302,0.9971900245872848,0.2307612857041203,0.3129624554672512,0.9971900245872848,0.5143061487214954,0.3984497020701248,0.4055510414258682,0.5025081859080726,0.2471326552694222,0.2625262550813518,0.9971900245872848,0.2793848159242283,0.3225077661677492,0.9971900245872848,0.5143061487214954,0.3984497020701248,0.4140223326659529,0.4319346451632852,0.2401589102562042,0.5782278481012658,0.9971900245872848,0.2434733590413661,0.3225077661677492,0.9971900245872848,0.5143061487214954,0.3984497020701248,0.4362377721238258,0.4204792624986654,0.521223185759927,0.337969813554306,0.9802575107296138,0.194878725040192,0.3225077661677492,0.9971900245872848,0.5143061487214954,0.5143061487214954,0.4078299801235138,0.4814429511494661,0.3129624554672512,0.2446803982973827,0.9802575107296138,0.2434733590413661,0.3225077661677492,0.9971900245872848,0.4028306612405632,0.3984497020701248,0.4448442285258145,0.4204792624986654,0.2835857958778247,0.4265969368696302,0.9971900245872848
854_OPPORTUNITY_id_13_HumanActivity_tr_1477_1st_1577,0.0587988772280927,0.1276765648057179,0.4351293714840342,0.2842168115172825,0.3987644433640209,0.2159275893709131,0.1564207620719037,0.1473557485596354,0.0897388899944489,0.4351293714840342,0.0388455980660931,0.080916820543282,0.4351293714840342,0.239502999143102,0.5460826296006276,0.1456336187162188,0.146698509640834,0.0645137001257445,0.1426835083421237,0.1007428077430777,0.0466098385208856,0.0596682038785458,0.4351293714840342,0.4920912610328743,0.5460826296006276,0.1775287346564766,0.1143574245314397,0.1755306072277309,0.1027057285961413,0.4351293714840342,0.0362920136877736,0.0579217754969032,0.4351293714840342,0.288813387999624,0.5460826296006276,0.1459156976019908,0.1103282898413158,0.1473557485596354,0.1396888160796652,0.4351293714840342,0.0398232329302406,0.080916820543282,0.4351293714840342,0.3934821286515745,0.5460826296006276,0.1656460331046176,0.0619091765988102,0.0897388899944489,0.4390294633612265,0.0584137745709869,0.0101135071318033,0.0625076418700511,0.4351293714840342,0.2268474961794489,0.5460826296006276,0.1748908321661034,0.1187598870653736,0.4707431459991407,0.5410744968563288,0.3436258808456118,0.0374534695499489,0.0619091765988102,0.4351293714840342,0.4920912610328743,0.5460826296006276,0.1459156976019908,0.1191603264457023,0.4116657858069476,0.1062157250697811,0.3703437448875204
855_OPPORTUNITY_id_14_HumanActivity_tr_808_1st_908,0.6278445712522915,0.1404501291354077,0.2758652577367255,0.483283961066441,0.3226900254309127,0.5141996768847444,0.342035338156287,0.1414241486068111,0.2987330397027319,0.1710045373224637,0.6278445712522915,0.2067003769024133,0.6483416803201687,0.4274586324803875,0.3532178311269878,0.5141996768847444,0.4232724072338477,0.2979222497643711,0.3833501174890903,0.2230459864072681,0.6278445712522915,0.2543953512651458,0.6483416803201687,0.4141090159410115,0.3532178311269878,0.5141996768847444,0.4624115120471644,0.1976120436061602,0.3157462578664616,0.6333887964503605,0.6278445712522915,0.2386884104729175,0.6483416803201687,0.3978754809795425,0.3532178311269878,0.5141996768847444,0.4255745927500746,0.1404501291354077,0.3833501174890903,0.4405054664205595,0.6278445712522915,0.179863387005603,0.6483416803201687,0.483283961066441,0.3532178311269878,0.5141996768847444,0.4532827574701554,0.1394894344692805,0.4520412369226792,0.6483416803201687,0.6278445712522915,0.2152250163086308,0.6483416803201687,0.5153483202603523,0.3532178311269878,0.3745819556985945,0.5112221397345426,0.178577013291634,0.3038164263025358,0.3880441652106025,0.6278445712522915,0.2544748961226948,0.6483416803201687,0.3375695746936692,0.3226900254309127,0.5102553295794156,0.4643606422693231,0.1414241486068111,0.2786708572336429,0.4006529296602596
856_OPPORTUNITY_id_15_HumanActivity_tr_808_1st_908,0.3879995102328376,0.2028196513701479,0.55952964233219,0.3864646426268353,0.3047038327526132,0.5216624455405355,0.1727688307088811,0.3743035070468699,0.1724814982631022,0.6521987435750999,0.4093502981085252,0.4136182542557045,0.6806540880503145,0.5213277552504448,0.5333956095282578,0.3244578643974746,0.3891288583675868,0.3110868973031871,0.462161068393363,0.6521987435750999,0.4865231674793409,0.2135061696031438,0.6806540880503145,0.5213277552504448,0.5333956095282578,0.3430063842135809,0.1841951120937527,0.5707146426786607,0.3206964335860713,0.6412128017967434,0.4865231674793409,0.2230972484283972,0.6806540880503145,0.5435506901475488,0.5333956095282578,0.3430063842135809,0.1727688307088811,0.3110868973031871,0.3234211271594449,0.6412128017967434,0.4865231674793409,0.4584504215174629,0.6806540880503145,0.4324234514200827,0.5333956095282578,0.3430063842135809,0.4125439624853459,0.2013754187973902,0.1469566336378844,0.6521987435750999,0.4093502981085252,0.2133867929912676,0.6806540880503145,0.2897741689926414,0.4106591192260635,0.4566173530587765,0.1841951120937527,0.177026817547667,0.3180172653856864,0.6608981148313642,0.4093502981085252,0.4136182542557045,0.6806540880503145,0.3563157872091687,0.5333956095282578,0.3430063842135809,0.1841951120937527,0.3085652526344231,0.1767528246401485,0.6521987435750999
857_OPPORTUNITY_id_16_HumanActivity_tr_500_1st_566,0.1265996104511961,0.2682340316179782,0.2089147286821705,0.2160012396053923,0.4744202098642737,0.5427710177507309,0.2850596547203894,0.1447512349618284,0.2224209986959971,0.4432688262146453,0.1498895128268084,0.2619245607099527,0.1638081639509491,0.6139163987530494,0.4352992143587194,0.5427710177507309,0.3934125225997841,0.3178335129794828,0.1612046692991711,0.2555370808125325,0.1014979920827592,0.2325018558059612,0.1785825473857705,0.2243780563135056,0.4352992143587194,0.5427710177507309,0.3568658082452366,0.1602118061599024,0.2297747980058449,0.2015379975874547,0.1025129827493583,0.1855222553372456,0.1357344190416536,0.330052692788423,0.4352992143587194,0.4715566532231038,0.3401122001602812,0.1705897069903038,0.2556339631548267,0.2222302027042433,0.1302155125916282,0.0853835805582365,0.2339025242379247,0.2312712368046783,0.4352992143587194,0.5427710177507309,0.3825979626283364,0.1204869562725703,0.1987778174014522,0.411700762419168,0.1341720736014383,0.1455465269024717,0.1286700736811659,0.4623436868800727,0.4352992143587194,0.4715566532231038,0.2602617876231217,0.1255243110247205,0.1659999682750818,0.4564908376258593,0.1315041221062304,0.1478109892654298,0.1286700736811659,0.3941651396444797,0.5194801708358318,0.5250941406499183,0.3248347269178537,0.1009244281320408,0.1425147581570053,0.1677846062882211
858_OPPORTUNITY_id_17_HumanActivity_tr_808_1st_908,0.2507214990382605,0.1936033632012154,0.6483416803201687,0.5121025657323725,0.3061542124057664,0.4806337467314732,0.9057110003832888,0.3226900254309127,0.1437379126869544,0.9775534510540952,0.3209021105547454,0.327878265862762,0.4980510276399716,0.5149556170583328,0.5149556170583328,0.5069650959271282,0.2857528771909733,0.2968546919677671,0.2771842637781216,0.9922343805153548,0.2305529246286023,0.1725336153497507,0.9922343805153548,0.4979609296133012,0.5149556170583328,0.3127910161599561,0.2857528771909733,0.2824635171902053,0.1518220825254038,0.3867492417114153,0.2453556235475055,0.1519627411842981,0.9775534510540952,0.4979609296133012,0.5149556170583328,0.5069650959271282,0.317663421418637,0.2164928909952606,0.3713046286544618,0.2676353409889852,0.2815036217979608,0.0860728070039854,0.162886892026815,0.5138683994415978,0.5149556170583328,0.5149556170583328,0.317663421418637,0.1357745809059564,0.1559938607229158,0.3987516845166324,0.3209021105547454,0.1519627411842981,0.6632063229916244,0.4895767285261007,0.5149556170583328,0.4981949614882784,0.317663421418637,0.317663421418637,0.177026817547667,0.2480990658266348,0.2728887243237414,0.1519627411842981,0.9775534510540952,0.5038463780867717,0.5149556170583328,0.5153082524303236,0.317663421418637,0.3226900254309127,0.1404501291354077,0.9775534510540952
859_OPPORTUNITY_id_18_HumanActivity_tr_895_1st_995,0.0923177703355072,0.3333333333333333,0.9444803162903432,0.1333333333333333,0.0952380952380952,0.2229543374672599,0.1134945258786604,0.3915536518276244,0.0797533401849948,0.6282867130556602,0.2181818181818182,0.1116049872188907,0.9444803162903432,0.3163060156306015,0.1333333333333333,0.2063515313844887,0.1651331565121707,0.3915536518276244,0.15,0.9444803162903432,0.095453538962399,0.0664635295978007,0.9444803162903432,0.3020514808274833,0.1323398853330899,0.1810167370218092,0.1651331565121707,0.2987387236886067,0.125,0.9444803162903432,0.0833967089064861,0.0771325987371548,0.9444803162903432,0.2043809801350236,0.1333333333333333,0.1818997903331919,0.1626289779067786,0.3,0.1677729677729678,0.9444803162903432,0.0923177703355072,0.1146445209641482,0.9444803162903432,0.3216942624377481,0.1333333333333333,0.1463083496386215,0.1818997903331919,0.2987387236886067,0.1311728395061728,0.6009452643885463,0.1262418897500687,0.0985492454420465,0.9444803162903432,0.1022989395464045,0.1333333333333333,0.1810167370218092,0.2987387236886067,0.2987387236886067,0.1897809729693496,0.9444803162903432,0.0551228383941801,0.0916738869169065,0.9444803162903432,0.1759359138382293,0.1065950241175418,0.1237196986359265,0.1626289779067786,0.2987387236886067,0.0581019224900823,0.9444803162903432
860_OPPORTUNITY_id_19_HumanActivity_tr_808_1st_908,0.2554314103372996,0.1338647286367366,0.9710884353741496,0.3459557709784914,0.4547988849064118,0.3452466302402551,0.1691472296555215,0.4566173530587765,0.3767733421313098,0.9710884353741496,0.2709203122163732,0.2642906734552186,0.9710884353741496,0.2954734013062268,0.2393628170194927,0.2554019014693172,0.1729517530649103,0.1552397104600238,0.233365121470439,0.1318554439441173,0.2128475389523081,0.3780205230056273,0.9710884353741496,0.5212915306088921,0.2393628170194927,0.2927916769878623,0.3976867433734278,0.3523603825979636,0.1447218350019009,0.1711887273272372,0.2709203122163732,0.1447218350019009,0.9710884353741496,0.5238432939851991,0.2393628170194927,0.2298431072419401,0.1729517530649103,0.3780205230056273,0.1889325334626569,0.9710884353741496,0.2709203122163732,0.2699125502245332,0.6412128017967434,0.3485194149749692,0.2393628170194927,0.3430063842135809,0.3976867433734278,0.5141828005402971,0.2139437634648839,0.4786253143336127,0.2444317065181788,0.1711887273272372,0.9710884353741496,0.3670845387335262,0.2571492907002927,0.3561337537910186,0.1729517530649103,0.3523603825979636,0.1402776071735659,0.9710884353741496,0.2709203122163732,0.1809538900332752,0.9710884353741496,0.2606710796621775,0.2393628170194927,0.3561337537910186,0.3878919695392031,0.1694110666073283,0.1374082541210444,0.9710884353741496
861_OPPORTUNITY_id_20_HumanActivity_tr_2085_1st_2185,0.0867303007641555,0.1022752886575735,0.9865247662594784,0.1651519647491433,0.253239304169535,0.2038202725760358,0.1732614243197536,0.1884474647151071,0.1475728923656078,0.1203873768575722,0.1452808628090608,0.1304092311461355,0.3266357923382176,0.1116774866313158,0.3274101734325446,0.2038471405574969,0.247799904043493,0.1884474647151071,0.145949480270848,0.281660950381126,0.1452808628090608,0.1348240955357168,0.9865247662594784,0.1803975630308802,0.3274101734325446,0.1943433074252345,0.1852371791978393,0.1884474647151071,0.1768431925940194,0.5550262531567377,0.149618625803642,0.1282754092529568,0.2395062387229208,0.1795325200200178,0.3864888004795038,0.2040575325240654,0.2485373455642348,0.1884474647151071,0.1174409435040078,0.9730082282656124,0.3350346069108333,0.1355633443605768,0.1729873450391381,0.1033561164630817,0.3274101734325446,0.1934988167651991,0.1769766703247036,0.1884474647151071,0.1620804137301359,0.4561434219694882,0.1452808628090608,0.1304092311461355,0.201142325076801,0.3637637833362342,0.3274101734325446,0.2153942817535586,0.1529836941290007,0.1884474647151071,0.0763922496965622,0.3884733853931831,0.1452808628090608,0.1304092311461355,0.1293316651159454,0.1428934422327936,0.3538791200424205,0.2296134799294218,0.2734595993360026,0.1884474647151071,0.0808373309727555,0.1884474647151071
862_OPPORTUNITY_id_21_HumanActivity_tr_500_1st_566,0.1285064792785204,0.087622962238849,0.1246307891978771,0.3301881130966798,0.151309674153195,0.2414120044029752,0.1218215941131811,0.2192608309890055,0.1268482526014701,0.1523453806692328,0.4155986008361565,0.143319996358573,0.1225818601682501,0.5622297743760168,0.1563574139651241,0.3501793794138216,0.1285762837692834,0.1344184219226847,0.1719819074077575,0.1566517408395996,0.2849752752772143,0.2479467722821358,0.1276722964801068,0.1684896938731799,0.1488191722696283,0.2625386662904634,0.1285762837692834,0.1688046711656465,0.1523453806692328,0.1230866802566874,0.2083017173034903,0.2095075566108171,0.1281935778354621,0.2336558120888503,0.1563574139651241,0.1944656597058412,0.2010133077992163,0.1226472940530179,0.1826960215270481,0.1232413439995349,0.2017511411985613,0.1565302998938904,0.1316721608548594,0.1815159773327651,0.1563574139651241,0.2433704224528667,0.7188004619601841,0.279383357129268,0.1241669329402819,0.0423928506692885,0.2017511411985613,0.143319996358573,0.1276722964801068,0.1800849293699627,0.1563574139651241,0.2558223406775837,0.7188004619601841,0.0325770209038691,0.1969977840552285,0.1469834389915617,0.1770718340686302,0.1724231417660292,0.1688046711656465,0.2181405356173086,0.1563574139651241,0.2433704224528667,0.1285762837692834,0.1595418808283773,0.0474194707220692,0.1855270520712597
863_OPPORTUNITY_id_22_HumanActivity_tr_808_1st_908,0.4015898632636108,0.2845042351768809,0.4616006467259498,0.2323026851098454,0.1201758671226184,0.5326492537313433,0.0,0.262227324913892,0.4088793412101682,0.4993441189331001,0.3154376183969976,0.1238275955543507,0.4616006467259498,0.2508236327696024,0.0618591547457663,0.5326492537313433,0.0392692060443227,0.1937234944868532,0.5091395452518948,0.198160680201284,0.4872166610528434,0.1046650169553661,0.6220043572984749,0.0805980292218824,0.461809546616457,0.34160933293449,0.0392692060443227,0.2181470869149952,0.3360800470865215,0.18313021167415,0.324719398114737,0.0885134087738335,0.6220043572984749,0.4481812499891986,0.461809546616457,0.3439675174013921,0.5211273915200971,0.2545130376643637,0.1559044368600682,0.2060256178964459,0.324719398114737,0.1042446371519853,0.3081489476524555,0.3127910161599561,0.0618591547457663,0.4481812499891986,0.5211273915200971,0.2892603850050659,0.1329452852153667,0.3210119465917077,0.324719398114737,0.0794379521424596,0.4121255864308913,0.1794070189592577,0.461809546616457,0.1696627544198484,0.5211273915200971,0.465742251223491,0.2514310876265962,0.3450151057401813,0.324719398114737,0.1042446371519853,0.2837267080745341,0.0857835159668728,0.0618591547457663,0.0916821273964131,0.0392692060443227,0.3722294654498044,0.4555245313123255,0.1756923076923077
865_OPPORTUNITY_id_24_HumanActivity_tr_2085_1st_2185,0.196309963099631,0.1527533667685844,0.2611136967133732,0.1350330289007542,0.400577033548996,0.2384766906093886,0.2446489917180212,0.4739247320492036,0.2594047189727936,0.946841856723751,0.1498270722020116,0.0896735534447648,0.4233740538624143,0.2149652363650295,0.400577033548996,0.2199545494580076,0.2644167259120558,0.4739247320492036,0.2269541229738584,0.4377487791041827,0.1098202079125646,0.2183528069464317,0.5370634105059542,0.3292832264894165,0.400577033548996,0.2479414652088139,0.3060690447980242,0.4739247320492036,0.2202542006847179,0.2107328481727904,0.196309963099631,0.104501078650042,0.4705708224382062,0.2248694972090907,0.400577033548996,0.2157767276823574,0.2644167259120558,0.4705214847902437,0.2373641677913623,0.4734898871039258,0.196309963099631,0.3574692672808534,0.5129521934507026,0.1445955619183965,0.400577033548996,0.2157767276823574,0.2644167259120558,0.4705214847902437,0.2195555555555555,0.572952730425822,0.1098202079125646,0.0817830817830817,0.4422114863127928,0.2082250542295161,0.400577033548996,0.2263383789298819,0.2644167259120558,0.4739247320492036,0.2346986214290458,0.4259796769553583,0.196309963099631,0.1433279242094379,0.4791181427143873,0.2415143677359544,0.400577033548996,0.2254832170075014,0.2644167259120558,0.4739247320492036,0.2346986214290458,0.3354506535401342
866_OPPORTUNITY_id_25_HumanActivity_tr_6213_1st_7311,0.282692273003313,0.20831342570473,0.989805375347544,0.1910711716284113,0.3946980854197349,0.4417302675076193,0.3568215981482378,0.0480811645346272,0.1440018654385862,0.1666821922061791,0.0882055431923933,0.2127862461694127,0.1360540307515448,0.2810385474269577,0.3138240046791234,0.4012436793300392,0.3190277716576232,0.2737710305478695,0.330040418405932,0.5779517286366601,0.4462654124704564,0.2925492839926989,0.2297458319319656,0.3217985850624377,0.339141954496328,0.4208441244037201,0.3259585012533242,0.0461986754966887,0.1387393251971825,0.2213563501849568,0.0882055431923933,0.2925492839926989,0.2147254370844619,0.3049666295667115,0.2929237038512264,0.4208441244037201,0.3128902283164544,0.0480811645346272,0.1309506374196984,0.324804712511205,0.0882055431923933,0.2215447154471544,0.3946980854197349,0.4039312899180495,0.3138240046791234,0.4208441244037201,0.3259585012533242,0.0480811645346272,0.1768307005821936,0.2835623772978761,0.0243480203272463,0.2022732544653213,0.2241758241758241,0.3111277270990146,0.2929237038512264,0.4208441244037201,0.3204422306099901,0.0480811645346272,0.0480811645346272,0.3410973641742872,0.4462654124704564,0.2022732544653213,0.2749397062047796,0.2571196803768941,0.1863714328160663,0.4208441244037201,0.3226892330062624,0.047817503838561,0.109509328397158,0.2727018600150521
867_OPPORTUNITY_id_26_HumanActivity_tr_808_1st_908,0.2484157160963244,0.2471326552694221,0.2156344410876133,0.4048209854661467,0.3806012478729438,0.5078607828255448,0.1437201107475459,0.2444872618283023,0.5159165436154006,0.2393628170194927,0.2484157160963244,0.1865708217611501,0.3316576900059845,0.3707857651158971,0.4158776402039329,0.5991167811579982,0.1736122956148656,0.2642906734552186,0.2399831405916598,0.2146213117834993,0.2484157160963244,0.2471326552694221,0.2049901274457009,0.3005329869664531,0.4158776402039329,0.5991167811579982,0.1437201107475459,0.3780205230056273,0.2230033196641281,0.3843823628407943,0.2484157160963244,0.6226393896373164,0.3028374436488995,0.2960838389409818,0.4158776402039329,0.581718827620467,0.2522002200220022,0.2106622394392178,0.4357115604731019,0.3387718777810738,0.2484157160963244,0.4962392550143267,0.1699151911917869,0.4647875511775604,0.4158776402039329,0.6226393896373164,0.1736122956148656,0.4275552227630101,0.3843823628407943,0.3843823628407943,0.2484157160963244,0.0096186120667953,0.1865708217611501,0.2934499979363573,0.4158776402039329,0.6226393896373164,0.1736122956148656,0.1865708217611501,0.4196986402058067,0.2214762418574911,0.2484157160963244,0.3975894970944831,0.3028374436488995,0.3197522039552061,0.4158776402039329,0.4988590486220818,0.1437201107475459,0.4275552227630101,0.1865708217611501,0.3545482769326296
868_OPPORTUNITY_id_27_HumanActivity_tr_2085_1st_2185,0.1070623067757573,0.1529378338100579,0.9514376909131514,0.3477245240283843,0.3135512650043817,0.3056362983719561,0.2236198647478219,0.6313677564010969,0.5041746329291558,0.9514376909131514,0.1408486975963058,0.2806145160304239,0.9514376909131514,0.3477245240283843,0.2823215930471508,0.3079257702508765,0.3477245240283843,0.6700058273118127,0.4052319600254739,0.8640404572030068,0.1090606499562586,0.1791477113769729,0.9514376909131514,0.3477245240283843,0.2823215930471508,0.3342845023840637,0.3477245240283843,0.6700058273118127,0.4052319600254739,0.9514376909131514,0.1304608019150209,0.2908635758919586,0.9514376909131514,0.3477245240283843,0.2823215930471508,0.3056362983719561,0.3477245240283843,0.6313677564010969,0.5579375637444016,0.6801718950438363,0.1304608019150209,0.1776575518826731,0.9514376909131514,0.1871226436998048,0.3135512650043817,0.2649723441401236,0.3477245240283843,0.4369056300382153,0.5818236481707402,0.9514376909131514,0.1304608019150209,0.1889085556422116,0.9514376909131514,0.3477245240283843,0.3135512650043817,0.3079257702508765,0.3477245240283843,0.6700058273118127,0.5852906430060181,0.8984204240591622,0.1304608019150209,0.1655090866166682,0.9200856701499504,0.3477245240283843,0.2823215930471508,0.3056362983719561,0.3477245240283843,0.6313677564010969,0.4052319600254739,0.8984204240591622
869_OPPORTUNITY_id_28_HumanActivity_tr_500_1st_566,0.1374402365992523,0.1470435105912211,0.1255243110247205,0.2386720321931589,0.510846738997653,0.6484522406262649,0.7879782673000499,0.1442800256647716,0.1745085930300149,0.1203482707789328,0.2436679206622608,0.2486710670665445,0.1326213719193293,0.3214687057620312,0.510846738997653,0.3260930625422337,0.7879782673000499,0.503367345268277,0.1734202174886304,0.127641783561179,0.2270868203835462,0.2292738527604559,0.1677371962506978,0.2963946032606977,0.510846738997653,0.3046548178632384,0.2848796105079675,0.06223068470335,0.1193649847085706,0.1255243110247205,0.2012951674168519,0.2102538328104908,0.1255243110247205,0.2963844156623938,0.510846738997653,0.3807175039771494,0.2848796105079675,0.4812384947081743,0.2409566815867248,0.1203482707789328,0.2155403043968894,0.2289690109280987,0.1326213719193293,0.3100800369808274,0.510846738997653,0.4670118008880516,0.1508896205295414,0.1210249902868049,0.2224209986959971,0.1255243110247205,0.1577954375224925,0.2798215368086765,0.1641091188049139,0.3265046963530076,0.510846738997653,0.4670118008880516,0.2318411898415372,0.1233585776670825,0.2224209986959971,0.1326213719193293,0.1577954375224925,0.2116127273736765,0.124188562217987,0.3346185235110864,0.510846738997653,0.4670118008880516,0.2476813945926431,0.1233585776670825,0.1745085930300149,0.1326213719193293
870_OPPORTUNITY_id_29_HumanActivity_tr_1477_1st_1577,0.1072566101523924,0.2197936727704271,0.2093316519546028,0.2733590352948536,0.1658456486042692,0.0970063697584337,0.1374172185430463,0.0381594112325415,0.0389221565720967,0.2093316519546028,0.0953139232541716,0.2197936727704271,0.2308475584016529,0.0957539774938036,0.2795684009703337,0.1028168889439542,0.0541731628198721,0.1040095409576993,0.133432832500528,0.2093316519546028,0.0785098862557892,0.2197936727704271,0.2308475584016529,0.253483328166174,0.3783705778340067,0.0849854834975724,0.0594184971304815,0.0411868620449856,0.0523916703000815,0.2438373889930562,0.0953139232541716,0.2197936727704271,0.2308475584016529,0.1822415950973199,0.3783705778340067,0.1094310545658076,0.1593090211132437,0.0767942110856792,0.0616773420514667,0.2308475584016529,0.0785098862557892,0.2197936727704271,0.2308475584016529,0.3506746223256136,0.3626596394442233,0.1602851519832538,0.0521472392638036,0.0607383298707031,0.0595770742036285,0.2308475584016529,0.0814683403177912,0.2450396917506151,0.2308475584016529,0.108845833322516,0.3626596394442233,0.0930495238466182,0.0637318067058858,0.0614055707147789,0.060745761032616,0.2093316519546028,0.0839926907639759,0.2450396917506151,0.2308475584016529,0.19073393281333,0.3982547443344216,0.1644423705086327,0.0614359733530718,0.0731298751964094,0.0760060288595446,0.2093316519546028
